id	iq	torque
-0.615704207896778	-0.293288190376943	-1.0529979467392
-1.06653781730646	-0.238698516765189	-1.09328770637512
-0.639753717268017	-0.0223014638255834	-1.04406201839447
-1.32970289411006	-0.169025979546757	-1.00428950786591
-1.38700072176896	-0.115916425019578	-0.938816547393799
-0.753023125998621	0.0724869266341098	-0.906430244445801
-1.08403711914104	-0.181804004859472	-0.998728096485138
-0.747265697593041	-0.366057085202712	-0.981451869010925
-1.77480239310275	-0.671846179432864	-1.05618262290955
-0.945730452962213	-0.130761813085152	-1.05532205104828
-0.657301551592871	-0.408933276744089	-1.05557024478912
-1.00496342089938	0.350874250443611	-0.972054243087769
-2.04158079534912	19.3244784337342	8.53246212005615
-0.790323889867411	19.0052448069442	8.53142738342285
-1.03365954090262	19.19240626186	8.47489070892334
-15.3028252785426	13.2034804745487	5.32845687866211
-15.4613132358127	13.9773472088124	5.37468147277832
-13.542547386291	13.7584705002842	5.33507585525513
-23.3494990105135	0.273115154475858	-1.25861072540283
-23.2872438153675	0.277506648070571	-1.37091755867004
-23.0434108895217	0.566073827040644	-1.35803067684174
-21.3806101595133	-4.70160708007541	-3.50262331962585
-21.4405687091509	-4.75349203432467	-3.54602003097534
-21.7618184007423	-4.9966478503251	-3.54811596870422
-16.8021873401983	-17.3177004981217	-10.1425256729126
-16.3066860161672	-17.0612135759126	-10.3235473632812
-16.8292884228884	-16.5767362139177	-10.2071285247803
6.70733186242773	-19.7146452183562	-10.59326171875
7.25918938238347	-19.6090684650069	-10.6078662872314
6.32559103257473	-19.5001054763692	-10.8281688690186
-3.75750859186992	-29.2674659213336	-15.5502033233643
-2.75619133844341	-29.3590690219083	-15.5924186706543
-3.19481902545875	-28.9465359609776	-15.6407356262207
-20.7547537993957	-20.4257954715508	-11.3650341033936
-20.8513566397665	-20.1248435927136	-11.4536514282227
-21.1319147208683	-20.212935032241	-11.5046577453613
-31.8626995194638	-0.676979540699294	-1.02998316287994
-32.1509371567144	-0.502211907115559	-1.00905001163483
-32.1446001761549	0.181143430030131	-0.937671899795532
-24.8240353579661	8.80985012306934	2.44559383392334
-25.7706755121483	8.81810216134837	2.50384855270386
-24.5736672436689	9.24419288761491	2.50685787200928
-19.1017857669163	26.4323234835794	12.489143371582
-19.2182651145428	25.9775669089917	12.4832143783569
-19.2798257058067	26.4773813044965	12.4674453735352
3.64284167213163	29.0686290346143	12.799919128418
2.94887277035603	28.9376435466409	12.749792098999
2.86579007054861	28.7620360919738	12.7787084579468
-6.08863805955308	39.8512426674586	17.8230094909668
-6.63652223244468	39.7998939030545	17.7886180877686
-6.42388924579371	39.7223972229664	17.8502006530762
-9.00068487396477	39.6285388834931	18.5088787078857
-9.05305690888674	39.5455162524096	18.4293460845947
-9.20153499838269	39.3402845019297	18.3319892883301
-19.8546885206938	31.6114239703899	15.7389402389526
-19.3989193392049	31.0582466938836	15.6005344390869
-19.8591162062714	31.0228765949167	15.5500679016113
-38.6751868825115	11.9875548331801	7.26743030548096
-39.2926956116632	12.0862671776108	7.26617240905762
-39.7020485482423	12.2401650234639	7.27598714828491
-42.3468120170517	0.42015822196745	-0.937200129032135
-42.3456824491738	0.281479295439352	-0.973070502281189
-42.5121997259338	0.633287504170765	-1.00064301490784
-42.2295372838516	-3.01144297010243	-4.09993267059326
-42.2061349312596	-3.12311525453271	-4.19050264358521
-43.0221623829018	-3.59191051854563	-4.22516584396362
-27.3771578001788	-23.9671326471852	-14.3813247680664
-27.4454280899426	-24.0204367201928	-14.2177152633667
-27.1610767605376	-24.0557691664201	-14.2270956039429
-11.6058393916877	-35.5788497518218	-20.0784568786621
-11.6212221434157	-35.5602385175689	-19.9751605987549
-11.0868746053141	-35.5048486150781	-20.322286605835
-4.26622960110237	-40.0348021446992	-20.2615566253662
-4.09870171367156	-40.3170398747752	-20.3496761322021
-4.51930737268021	-40.0780885605491	-20.3056163787842
-8.95021926427778	-59.3340906695057	-29.9080677032471
-8.49015215932266	-58.810756494081	-29.8232040405273
-8.62064677754965	-59.3927182054785	-29.8556594848633
-9.51466546346976	-58.9333825352962	-29.9300498962402
-8.38257397229675	-59.1964492942122	-29.9839286804199
-8.93788126446966	-59.4509537846731	-29.9900226593018
-13.7791238641292	-59.2047897565388	-31.387321472168
-14.1077075203231	-59.2892286280497	-31.3439483642578
-13.5610790179598	-59.3798854127337	-31.4152374267578
-15.2905983097789	-59.1422533497681	-31.820592880249
-15.2628577313988	-58.7615426498229	-31.6046352386475
-15.7633470650367	-59.1042575008599	-31.5381736755371
-25.0421997195928	-53.9389580685256	-30.5539684295654
-24.6476349645682	-53.6036323598491	-30.9897785186768
-25.2401692287561	-54.0890506188354	-31.1989994049072
-38.8074011901964	-45.4206559613153	-28.0100841522217
-39.0023071504027	-45.5870934112367	-28.079891204834
-39.0326066508535	-45.6875144241096	-28.0075588226318
-41.4141172104891	-41.8599888958187	-25.9599266052246
-40.7720281156943	-42.0366405731151	-26.0601043701172
-40.8195696906772	-41.8115736928408	-26.2283000946045
-52.4896600071351	-23.106012995038	-16.8523902893066
-52.4677012100781	-23.3279837549272	-16.6951847076416
-52.1805261598844	-23.8667300917194	-16.7631950378418
-53.0605141502286	-21.8628173083347	-14.9443025588989
-52.6216323975073	-21.7351526321442	-14.9870557785034
-53.015465036441	-21.5789934406433	-14.9961385726929
-61.7490643057413	-4.8244330584873	-4.52052211761475
-61.5488520966031	-4.69464869749342	-4.58553457260132
-62.0936842050891	-4.36284183535411	-4.41232204437256
-57.5839610873091	1.90245759695547	-1.02425718307495
-57.1904067501837	0.860857782963805	-0.947797060012817
-58.1470642237666	1.84542177208094	-0.918435096740723
-58.1934766049096	1.97141877635647	-1.03979694843292
-58.1039890994143	1.83957758964153	-1.04576694965363
-56.9143190473293	0.301625852024166	-0.943093240261078
-63.6431116958726	6.0588059075701	3.5222270488739
-63.7106197024477	6.32455656478279	3.56379246711731
-63.7539804334365	6.82973611198244	3.51465559005737
-53.419926293751	16.2124326658715	8.43539714813232
-53.3863912776018	16.3259510908069	8.4207820892334
-53.233169922326	16.4447575849024	8.38945293426514
-45.4952266427987	34.4040215387458	19.3267574310303
-45.9415495308186	34.7544341289406	19.2744445800781
-45.5296034342725	34.4021196880712	19.3828353881836
-42.9869830898915	36.193603600053	20.3058547973633
-42.6509960945002	35.9781812042912	20.1666126251221
-42.2246976055409	35.6557326519806	20.1373538970947
-31.1279680626871	47.4677946812874	26.6225528717041
-30.2986437422062	47.3712225732361	26.8241081237793
-30.2966406482931	47.5021447764928	26.7473983764648
-24.5915954327283	52.2019036570308	28.5999336242676
-24.7102915965789	52.3362589653912	28.6664981842041
-23.3852214594612	52.5778975919598	28.5869255065918
-11.4348151316998	56.5063957590233	29.043664932251
-11.8988487183004	56.8459470363326	29.0470676422119
-12.21302241974	56.6929060313628	29.0583591461182
-4.40025915286814	59.8528020136617	27.250883102417
-4.36167653603459	59.5427445972862	27.2448196411133
-4.55569596084181	59.8667166481445	27.3240833282471
-3.51064904224311	59.8285310022317	27.1881427764893
-3.71907010367367	59.6484816464197	27.2923259735107
-3.06459481973517	59.61709879734	27.3957805633545
-4.1311817227283	79.266841202867	36.8913383483887
-4.368588237648	79.4841190724847	36.7743911743164
-4.7886331080911	78.9480191912583	36.7051773071289
-4.72738653544174	79.2282557168196	36.7412109375
-4.22097807670193	79.0356703130961	36.7807312011719
-4.31101597409543	79.6396669491363	36.9785766601562
-12.5346253208581	77.0811057062012	39.8830261230469
-12.899433059347	77.3755942421827	40.0088539123535
-12.1769537322617	77.4733286825049	40.055534362793
-38.8203119320966	69.4990698882342	40.0118064880371
-39.9397826403009	69.6993796118995	40.0901412963867
-39.1963868471089	69.6200450437976	40.1930885314941
-47.5772392335506	59.4676350063853	36.8590660095215
-48.0971756437097	59.3257546204404	36.8571624755859
-48.1028208968156	59.6780932098013	36.7613677978516
-63.4972531955498	46.8605751579186	29.4464454650879
-64.2400814009443	46.6661422138838	29.361457824707
-63.932641237407	46.6392261977916	29.2653980255127
-75.0932843772946	26.3476968169643	19.063549041748
-75.3468161628316	26.8744152032281	18.9932518005371
-75.0372883480671	26.2282467885511	19.1332912445068
-78.5787098585494	11.7313325170289	6.10254049301147
-78.6268442850367	11.7815416676326	6.04978942871094
-78.6429749816366	11.9317583204897	6.00651216506958
-78.5443862089423	-1.35108315316401	-0.853531420230865
-78.9390047769211	-1.0051113141253	-0.881543338298798
-78.756507310361	-1.15363647610825	-0.865831077098846
-80.7641906829043	-8.52335385191506	-7.5240044593811
-80.8565546845532	-10.0626048011526	-7.55181789398193
-80.7181430231855	-9.8810037729046	-7.57744646072388
-76.7431380145126	-26.2061556475054	-21.3024120330811
-76.4214926947112	-26.1209456779394	-21.2622509002686
-75.6746634485051	-25.6937912945431	-20.8871822357178
-62.3488523082998	-46.4096565564103	-32.0624122619629
-62.1049123111436	-46.2954244094954	-31.8456211090088
-62.664311083395	-46.66182665356	-31.7387084960938
-49.2868212448513	-59.1000816138186	-39.0291137695312
-49.4865578909523	-58.8027942219301	-39.1718254089355
-48.1811430051542	-59.3877892317743	-39.239315032959
-35.6943215484346	-69.7108592819959	-42.6497077941895
-34.9646860582623	-69.5848816028522	-42.760498046875
-35.2859889969385	-69.7851051407245	-42.5020751953125
-11.7706904609952	-77.4017571361079	-42.4531555175781
-11.7550431254944	-77.8129818056076	-42.7741394042969
-10.9311978621172	-77.8214087032133	-42.7181777954102
-5.82423888162273	-80.703509652079	-39.7724380493164
-5.99876548524045	-80.2721774144054	-39.7659339904785
-5.61279421440938	-80.6936559988682	-39.6602401733398
4.67481697483586	-89.6255000989453	-44.4139633178711
5.26621700188951	-90.0784241525803	-44.4893608093262
5.00785215389771	-89.7168769139289	-44.5200958251953
-37.4331744135962	-83.2450329761668	-49.1880912780762
-38.0074272309407	-83.247334431614	-49.0796089172363
-37.4620834057565	-82.9997321491515	-49.0067977905273
-59.9329632521715	-69.5423197746879	-46.4410629272461
-59.9122091625418	-69.5424722608179	-46.3375473022461
-59.783290303536	-70.0829132712184	-46.1108360290527
-72.0691470404103	-49.5531232745129	-35.7018241882324
-72.0376865103655	-49.5991975077712	-35.938362121582
-72.3203882409178	-49.5161097379467	-35.8828659057617
-85.248456006462	-23.1505761180101	-17.0814418792725
-84.805300989492	-23.1363723846036	-17.1087551116943
-85.6783948216748	-23.1377251095698	-17.2968921661377
-90.5229299607196	-1.34006385936551	-1.06624865531921
-90.9301075475915	-0.942159959485352	-0.973448753356934
-91.0522151423468	-0.739490999016972	-0.958163499832153
-87.4734221392439	9.42829319631281	4.54313230514526
-87.705510460132	9.34921021697028	4.57713222503662
-87.3784165314111	9.12696476625198	4.63986778259277
-81.1587864521508	37.4753573253589	25.1517639160156
-80.4780607302279	37.3112504096376	25.1600227355957
-81.0493985472935	37.4353006408754	25.1899394989014
-64.8066547307169	62.6260918394943	39.7712364196777
-65.2675030146615	61.8587782229414	39.8263244628906
-64.9030436974011	62.35763672866	39.6863746643066
-35.2685295439252	79.3744702214878	45.9905052185059
-35.0428405324572	78.6466419274617	45.8136711120605
-34.7475148790111	79.0106087649868	45.8784217834473
-17.2237280461189	88.1049757623049	45.0772476196289
-17.4984372507462	88.2261247839388	44.7904090881348
-17.4349857256843	88.6356608504955	44.8846549987793
-5.46190104036206	89.3132427630648	41.7996025085449
-4.92344106404061	88.9404156180273	42.0037498474121
-4.96101708325523	89.0913285582448	41.8675498962402
-4.18768526516363	98.6846699130311	46.8615570068359
-3.46314154234967	98.6224630561868	46.8517112731934
-3.43218514046037	98.3631130486904	46.8255882263184
-16.3186483726175	97.2474001330315	50.8178062438965
-16.7604315863239	97.5094864435681	50.771915435791
-20.2334786999009	97.2890079210036	50.8203125
-44.1400059331313	92.285445294172	52.4404678344727
-44.2659407855906	92.4482236668968	52.6579437255859
-44.4306470374368	92.6237544941113	52.5686454772949
-60.282448360554	83.2485819051982	51.4823989868164
-60.3511795926083	83.4549057421273	51.4820518493652
-60.4607968537341	83.7279561646412	51.295166015625
-77.6441121860978	69.1451903121087	46.9995765686035
-77.5679004314793	69.4192120631348	47.1088409423828
-77.5898249591481	68.5609421608061	47.1073684692383
-74.8788253682823	56.8901577791072	38.7872352600098
-75.334313841265	56.8962349933721	38.7355575561523
-74.829305716499	56.4461517064544	38.8966026306152
-94.9248478385606	36.2074203062955	27.8084239959717
-94.1690338979819	36.4117797363372	27.7309341430664
-94.6426370194895	36.2687752764127	27.7497520446777
-98.5519136573022	17.725188653055	14.4502201080322
-98.4549391053114	17.513324419306	14.2973985671997
-98.6838281103654	17.9428931690153	14.2757816314697
-102.77398467363	0.964177677959452	-1.2600702047348
-102.759466933518	1.54777563218115	-1.25357007980347
-102.900803858818	1.13248138484587	-0.970224440097809
-102.156746256672	1.23680217081982	-1.0952605009079
-102.480214795588	1.44025121117285	-1.09736371040344
-101.178570419735	-1.26600986647473	-0.962476789951324
-98.2639609638244	-19.6542435285281	-16.2014560699463
-97.4251055252411	-19.6897384594852	-16.1563243865967
-97.7366630857062	-19.8139530393298	-16.2154579162598
-91.8120542446582	-38.517611516258	-29.6523838043213
-91.9431183465863	-38.1026092924985	-29.6335582733154
-92.0492602395755	-37.8579896965107	-29.6373710632324
-79.9382525116121	-55.7629740763381	-40.8439788818359
-79.9685714783721	-55.7991768618434	-41.0975914001465
-80.1312200482904	-55.4400837260212	-41.1348114013672
-74.2870085863984	-68.7791978627713	-49.2899894714355
-74.9080054403373	-68.3264681162606	-49.1733016967773
-74.5857392360596	-68.5987217042239	-49.2886505126953
-62.0254407716787	-81.1561601409472	-54.3455581665039
-62.1317358163142	-80.9556934998842	-54.3062324523926
-62.4824948575024	-80.8325049412671	-54.1355018615723
-43.8750298220434	-89.69756001133	-55.0474395751953
-43.9788886416777	-89.7300807831101	-54.9596366882324
-43.0065567993975	-90.1914006921867	-54.9260787963867
-11.2143218784336	-97.4235046333681	-53.2622489929199
-11.4058081862759	-96.9298825967773	-53.2097053527832
-11.5126917134024	-96.7838294508426	-53.4049072265625
-1.61052868950573	-100.238742423585	-49.039493560791
0.016165048057033	-100.029898762377	-48.8733024597168
-1.36959004683353	-100.805857149609	-49.1213188171387
-1.08443735814519	-100.75522261816	-49.4810638427734
-1.30827647096157	-100.732294297202	-49.1562271118164
-1.1145822956117	-100.319669718658	-49.1818695068359
5.81176675880182	-119.084379316536	-58.5944595336914
6.95196090922517	-118.716461793878	-58.6707992553711
6.24131319049189	-118.711534657597	-58.5410919189453
6.02569409786012	-118.571295154304	-58.8690567016602
5.72720465833769	-118.461054426398	-58.863883972168
6.34135307718962	-118.556652542493	-58.7605056762695
6.75137954364315	-118.73496779206	-58.5113143920898
5.56078313920024	-119.167487892228	-58.8239822387695
6.45486310837047	-118.414844467334	-58.8679351806641
-21.1672243646115	-115.581067265927	-63.6333198547363
-20.8703652163676	-115.092864679252	-63.569465637207
-20.8818852266054	-115.742573738291	-63.7449340820312
-38.2589608067152	-113.170928360576	-65.2343444824219
-38.1261905830206	-113.292551681431	-65.2321014404297
-37.7073063121719	-112.853147679914	-65.287712097168
-47.1120263787011	-111.537231520684	-67.1952743530273
-46.3197768226948	-112.136312231456	-67.2293548583984
-46.795128204518	-112.422532158148	-67.0158920288086
-59.0222875630939	-106.151421881709	-67.7208557128906
-59.2851346108319	-106.449713331539	-67.4998321533203
-58.9529161071473	-106.269858029988	-67.5282516479492
-60.8238827516166	-104.561420500145	-67.4387512207031
-60.4735084463819	-104.498165728768	-67.5320587158203
-60.8825913825853	-104.464028178252	-67.4493255615234
-76.606649707095	-93.2644685205634	-65.625244140625
-76.0136090087291	-93.0088916442561	-65.3373413085938
-73.3973639621655	-96.8501303081282	-65.2226409912109
-79.2177374065713	-91.0156496960584	-64.1987228393555
-78.9115253883195	-91.0120326702178	-63.5764617919922
-79.0837557471838	-90.7611685145738	-63.3411102294922
-90.3534917532873	-81.4121146309347	-60.1239166259766
-89.5525736100793	-81.1572729657324	-60.1847839355469
-89.9628156937207	-81.0203530448993	-60.0428695678711
-99.4032794024032	-66.9613655866838	-52.8255844116211
-99.772417102002	-66.9932618686589	-52.724967956543
-99.0983382287858	-66.670528324422	-53.1673202514648
-102.12126004466	-64.0920688907136	-51.0557632446289
-101.234839299497	-63.8857397867785	-51.1457824707031
-102.612469113305	-63.7023870854259	-51.1708602905273
-108.781516059789	-49.3514776530445	-39.6821365356445
-108.469564347789	-48.9918218233102	-39.612190246582
-108.414288525826	-49.1136660098053	-39.4550514221191
-109.937405016559	-43.28915187633	-35.6336708068848
-110.924185884336	-43.346562360171	-35.4481239318848
-110.847454381007	-43.264078251353	-35.5823554992676
-116.02582026196	-29.4290981909087	-25.3839263916016
-116.598602074286	-29.7198375964942	-25.4307250976562
-116.360209276313	-30.183075908392	-25.3342819213867
-117.154959615624	-15.3046335460446	-13.1238460540771
-119.020231150548	-14.5721550014917	-13.2237644195557
-118.107889236592	-14.2650519518733	-13.3263854980469
-118.10806905923	-10.2755820118852	-9.08926486968994
-117.601087432379	-10.7864172046294	-9.11942958831787
-118.208968177004	-10.7396242096023	-9.15034770965576
-119.312591717999	1.38444944124079	-0.930798530578613
-118.124831877919	1.19971787635804	-0.872420012950897
-119.143083075438	1.1831065939759	-0.803609907627106
-118.890100097949	1.05381629152465	-0.821903169155121
-118.453595521936	1.13135553576725	-0.841353893280029
-118.635034510796	1.12499500958876	-0.859298050403595
-118.414711596084	11.6688003884668	7.39167547225952
-119.150672731283	11.8000457309602	7.34394073486328
-119.42010972386	11.7821742492793	7.25820541381836
-122.551537633289	14.1662790130787	11.4220123291016
-122.647728849026	13.7427114792714	11.4127922058105
-122.515387667242	13.953082089275	11.3272905349731
-120.585525389802	28.7632589286202	23.1339569091797
-120.821198184248	29.1569985517645	23.2480049133301
-121.012769050487	29.2053664454274	23.2702312469482
-112.908802758084	40.0893596204109	33.6326065063477
-113.358325106037	40.4629564565654	33.5876007080078
-113.438027667788	40.3315109908329	33.6231460571289
-114.190533583077	46.3249967213923	37.4224052429199
-114.44721095921	46.2185883735247	37.5804901123047
-114.4553669762	45.9756822780665	37.7307395935059
-98.3744147762777	63.8805907300107	48.8818397521973
-98.030319434262	63.5361835192929	48.9095458984375
-98.0616280525653	63.5028402339014	48.7886505126953
-102.255788652089	65.6289782177878	50.2199363708496
-102.882769064202	65.438680739796	50.3068389892578
-103.049155265937	65.8618859401518	50.3392944335938
-91.9812123492813	81.2247781105075	57.4045448303223
-91.7876059863246	81.6039402358193	57.6668548583984
-91.3127741804242	81.6587721181371	57.4736785888672
-78.2548783969867	91.1040649200958	61.0331764221191
-78.6328199148234	91.4176308910127	61.0296516418457
-78.2475813966995	90.8752409850592	61.0870895385742
-71.1704922114699	95.405102820567	62.7180480957031
-71.1038157091002	95.2782972693441	62.8192825317383
-70.8881975589906	95.8190023193342	62.7986183166504
-56.0437202106863	105.542670309857	65.0699996948242
-56.1846046763251	105.667836954469	65.1605377197266
-55.9040300309048	105.533055932286	64.9261856079102
-54.6836001443434	106.482336970586	65.0676422119141
-54.834655377718	106.35809027034	65.0764312744141
-54.3994948943637	106.765227882384	65.1278686523438
-42.0329377844405	113.287773306673	64.2249755859375
-41.7534758130035	112.825504918806	64.3450469970703
-42.1768411212359	113.280609012821	64.3933334350586
-31.7948247638683	115.650514516731	62.6290893554688
-32.8018148842218	116.020658925259	62.3027229309082
-32.8540385769851	115.518758600833	63.0610733032227
-23.7726380742727	117.955867207998	60.4318656921387
-23.8768646206433	118.125286176794	60.6990623474121
-23.2029567095473	118.018587926497	60.4888534545898
2.19476051303692	119.7067735981	55.3199348449707
2.29194000932164	119.855105041617	55.4375801086426
1.49303559064083	119.832644300809	55.4181137084961
2.47883573134711	119.62082741816	55.5187873840332
1.72502335371632	119.951078980837	55.0949440002441
2.30370454074372	119.031072068139	55.3455696105957
2.48339984043221	120.424559724925	55.3338508605957
2.51482441938748	119.487592538829	55.1164855957031
2.76806812955693	120.073086596807	54.9891738891602
2.32898284999395	139.895268098473	65.3292694091797
2.95945334791834	139.486490118858	65.2648391723633
3.03852580922474	139.807689454483	65.1620407104492
-19.9395064201942	136.612851773833	71.3653717041016
-19.7439687815771	137.235296152799	71.3162841796875
-19.5216979790998	136.906073538175	71.3085403442383
-37.1738190063068	133.459524646624	75.3417434692383
-35.8000522441936	133.260420225237	75.2794799804688
-36.556645648116	133.270082426117	75.2815856933594
-65.0675129954984	126.858724508714	77.6418609619141
-64.950946269905	126.245600063338	77.532356262207
-65.2450262040787	126.863614323998	77.7951812744141
-81.6228878923961	117.967546216447	77.558479309082
-81.6012597022333	118.448908404692	77.6739273071289
-81.7584355436386	117.871343729834	77.6034698486328
-98.2257877803926	105.586651833455	74.9426193237305
-97.5685711359406	104.993933183611	74.8289184570312
-98.2073138185093	104.841442479621	74.9386901855469
-111.885758500678	88.2898483248479	69.1634750366211
-111.549677653393	88.4692126465358	69.3110504150391
-111.759971028085	88.4847910613252	69.0548400878906
-117.411130298368	73.5265425010314	60.0482139587402
-117.525861144484	73.1884850534037	59.7455749511719
-117.119562532925	73.7418898286736	59.5965614318848
-133.429107983387	56.6410181615355	47.8920974731445
-133.711927963814	56.9249069906733	47.7998847961426
-133.534520510014	56.8796243822166	47.8810005187988
-137.730765057369	37.03915231242	33.6268920898438
-137.322546394498	37.3852913325709	33.6308479309082
-136.870947512068	37.6785991639476	33.6178436279297
-139.273859362443	18.0982954753842	16.7787761688232
-138.734900463945	18.0001998272759	16.8747539520264
-139.506490728604	18.3660137840157	16.9427223205566
-140.146846040878	-1.02527225867719	-0.813020586967468
-139.826046021974	-1.18542101059848	-0.796702802181244
-139.453725293782	-1.17376098185476	-0.883468806743622
-140.019842421338	-1.05750643832022	-0.774566113948822
-140.437443630324	-0.937426380640595	-0.738583266735077
-139.947205264867	-1.21007653403849	-0.764990329742432
-140.245272166361	-18.8126365972692	-18.5527191162109
-139.001340729149	-19.5488486811003	-18.6122646331787
-139.515897422756	-19.3913543965142	-18.430980682373
-136.262416317785	-36.7620942679967	-34.9176940917969
-136.084861276557	-36.8554885354545	-35.2603187561035
-135.753456079035	-36.7113512306889	-35.5121612548828
-125.978555865126	-59.3204696623114	-50.4415702819824
-126.352331131787	-59.140752382824	-50.1667861938477
-126.08999527174	-59.0047493505179	-50.4236793518066
-118.759021735088	-74.1930542863072	-62.3619804382324
-118.693081229507	-73.9833784257523	-62.4289703369141
-118.347333394722	-73.9996870860429	-62.1161499023438
-107.822303922527	-90.5785696545988	-71.0827331542969
-107.281409490164	-90.9323259081755	-71.1288223266602
-107.488681052021	-91.0163744196253	-71.7136383056641
-92.5732118076734	-104.532171022944	-77.2834930419922
-92.0880795096726	-104.473123656781	-77.2632217407227
-92.6169080290123	-104.768492252937	-77.5781173706055
-77.526220508618	-118.170530827947	-79.8379287719727
-77.083727420125	-118.065491334328	-80.1192169189453
-77.6493846718613	-118.811331251909	-80.0305023193359
-63.1319621002005	-126.761242482591	-80.6106796264648
-62.8154304247506	-126.659540318438	-80.5577697753906
-63.8306181049508	-126.848550975969	-80.5411758422852
-48.0325313762027	-130.381784609284	-78.6732177734375
-48.4931154734462	-130.682364646976	-78.8766632080078
-47.7771153185883	-129.943058990243	-78.967041015625
-13.9800939401137	-136.709881927795	-74.2739334106445
-13.3097532315897	-136.581507401089	-73.9287872314453
-14.1355784774388	-136.335252059058	-74.0478744506836
-2.28097771811363	-140.287564650097	-68.3615798950195
-3.20063386002154	-140.944600190644	-67.9974670410156
-1.29653551321661	-140.169888468455	-68.1725006103516
-2.63398185018126	-140.265530501635	-67.9828186035156
-1.73772609052797	-140.153499795884	-68.1540374755859
-3.25012127900813	-140.43773036816	-68.2328186035156
7.48534254708628	-149.694595354438	-72.8658599853516
6.75042917629841	-149.727938713779	-72.8654098510742
6.81870893667605	-149.362244856244	-72.7082824707031
-38.6070310566574	-142.693009790267	-81.1609573364258
-39.4121940308182	-143.173068218605	-81.497200012207
-39.9547490263679	-143.665804331171	-81.3567657470703
-51.8693101217126	-140.218977387602	-86.3220672607422
-52.6414219384842	-140.1760833694	-86.3680877685547
-52.2348919599781	-140.340462602689	-86.2505645751953
-75.7859155860902	-125.770638757271	-86.3397064208984
-75.3414841521769	-125.717848162384	-86.2119064331055
-75.9423268483932	-125.548766603187	-86.206657409668
-105.735928830988	-105.869366130427	-80.8292617797852
-105.593796431408	-105.873735009153	-81.1675186157227
-106.067472912708	-105.693615191144	-81.1616973876953
-124.152445161993	-81.9375505764712	-69.1938095092773
-124.169792923504	-82.0830523831684	-69.3999557495117
-123.867407549943	-81.9229112427725	-69.0608520507812
-138.049227393956	-57.814950813246	-51.1960639953613
-138.358552064819	-58.0851499685928	-51.1521759033203
-137.946675946177	-58.0565314384525	-51.232738494873
-144.810761227059	-29.6646953984702	-26.9104785919189
-145.431298446013	-29.8325116709871	-27.1787643432617
-145.825285939903	-29.6110306043511	-27.0579013824463
-150.732783356115	-1.36157216949681	-1.02521431446075
-150.685095106426	-1.14324779830951	-1.06434512138367
-150.848284649213	-1.6053142893814	-1.01289367675781
-152.072279644341	-1.4993761941469	-0.817569255828857
-151.647113646475	-1.20986632120026	-0.768102824687958
-152.262221863373	-0.877318981724244	-0.80572509765625
-147.605179506659	27.2535101721545	25.807710647583
-146.880402474629	27.1158593823585	25.8936958312988
-147.15817405392	27.1831515274122	25.8771686553955
-131.966639947023	58.2980372353798	49.1711883544922
-132.498878641926	58.3233659372066	49.1563758850098
-131.89141209631	57.8404347654474	49.2011299133301
-125.46135665367	83.8463745766507	67.5861434936523
-125.567049607692	84.214911247431	67.4427108764648
-125.119333771568	84.8136674062333	67.4131088256836
-96.7259780499966	106.086001875689	78.706672668457
-97.4402572828195	105.724806456864	78.3792114257812
-96.8781660078327	105.989848213229	78.4209671020508
-87.2207517880007	121.284509592174	83.9019241333008
-87.3893487528382	121.579365602819	83.9172668457031
-87.0454963411827	121.563816903897	83.7754821777344
-51.8967467531122	136.962094517589	83.2622604370117
-52.0380754884916	137.233690334166	83.1673889160156
-51.3760628745499	137.110534112622	83.2272338867188
-30.0864658484558	146.908704637303	77.8714752197266
-30.1570657873091	146.762450093323	77.4933013916016
-30.2088898054892	147.160769288238	77.5470275878906
4.14672170814547	148.711464086732	69.0655212402344
4.23573825172147	149.220527312288	69.4294204711914
3.53276864247975	149.277770437769	69.19580078125
3.9131861601395	149.345290955051	69.576530456543
4.75929451588249	148.882550223002	69.4638061523438
4.31075197694479	149.148175877413	69.4924163818359
-3.90881117241939	158.819523098705	73.6261978149414
-4.48388065167038	159.007743422226	73.5791397094727
-4.2720569119862	158.974149126711	74.3198089599609
-11.1568951072267	159.110588822045	77.064697265625
-11.1772318753959	159.363448302708	77.1908798217773
-10.7819609896539	158.936848919583	77.1791839599609
-25.3553285359857	156.218208620044	82.4187393188477
-24.6498973149609	155.986981035668	82.497444152832
-24.4369242026761	156.645141546651	82.3559875488281
-55.0358425222463	151.772144703802	86.700439453125
-55.5640916380187	151.750204875529	86.7724227905273
-55.2961457166913	152.458252611857	86.6282424926758
-67.2545240119718	145.74981572313	89.8368072509766
-67.4959914528526	145.609008224615	89.5841369628906
-67.675676270143	145.57198045553	90.0327682495117
-80.475421665599	136.842374626329	90.3037948608398
-79.4834023863928	136.446475344198	90.7092514038086
-80.3373030124777	136.459188759692	90.6619491577148
-96.3346351729935	126.143420195719	88.8173141479492
-96.349709817403	126.846624726702	89.043327331543
-95.7278868779024	126.002039498044	88.7731475830078
-118.868426668226	111.52215523137	84.6064147949219
-119.249046800546	112.118218554514	84.4192123413086
-118.809745622533	112.12075498862	84.4459228515625
-133.258870307866	92.5678272382013	77.3231964111328
-132.793409105179	93.2973049188776	77.5651626586914
-132.11392411436	92.9336149490913	77.4359970092773
-131.20973951124	80.3178791016918	68.098991394043
-132.104995293537	79.925996890641	68.2143096923828
-132.626984427352	79.4017561026523	68.1960296630859
-152.835805567892	59.8760785358077	54.8379745483398
-152.821234050962	59.6674592540853	54.8286094665527
-152.627847435256	60.1620960822429	54.9194869995117
-158.18784199951	42.5865435094881	39.5586357116699
-158.553630916634	42.1459539522659	39.5674629211426
-158.635260869446	42.4599142149378	39.7141571044922
-157.430633575616	22.7044587015262	22.2866477966309
-157.487654541955	22.5863086726236	22.4205074310303
-157.64907349748	22.7822125243743	22.3995227813721
-162.034117534337	4.60176340294969	3.70227813720703
-161.732844636244	4.78863715888459	3.76509785652161
-162.291808419272	4.62132196216522	3.84455347061157
-158.35168203812	1.01025072211199	-0.541790962219238
-159.064126809449	1.26101655621441	-0.500943183898926
-159.461016660567	0.975455567154739	-0.551921129226685
-162.237108380047	-13.435260539321	-14.5772285461426
-162.180296574203	-13.4411869757571	-14.5530862808228
-162.3972382224	-14.1814264814818	-14.7640352249146
-153.7985293859	-34.1676162688005	-32.650562286377
-152.821650034951	-34.4646308052796	-32.6256256103516
-154.165910150327	-34.7875182948329	-32.5275344848633
-149.620898934519	-52.7106294036866	-48.7807273864746
-149.599688340684	-53.2204883997395	-48.9410133361816
-149.077679071266	-53.2106302208606	-48.6822929382324
-142.934816041709	-72.2404145862897	-62.8533515930176
-142.998250743594	-72.5196750830712	-63.0901565551758
-142.388904673639	-72.2543551625485	-63.3717803955078
-133.673316187896	-87.0283306378979	-74.6731109619141
-132.801356361354	-86.8346034284231	-74.7995452880859
-133.035084435197	-87.292006539309	-74.9095916748047
-120.472376174065	-104.506153276413	-83.7365951538086
-120.81388652009	-105.111622634438	-83.5595169067383
-121.061331776839	-104.355699318358	-83.6296691894531
-106.796122238232	-119.120288951951	-89.4415435791016
-106.535640974739	-119.280763849139	-89.5667114257812
-106.379734706314	-118.831317646264	-89.401741027832
-85.3580642815341	-132.140416913433	-92.9212341308594
-85.8603235935663	-132.707399566194	-92.789306640625
-85.5238910562245	-132.373824902225	-92.76611328125
-69.0236018980477	-143.359766314001	-92.7829742431641
-68.6877894039215	-142.744309759835	-92.9174346923828
-69.3042969780843	-142.911437345234	-93.2459564208984
-58.4885977254619	-150.260026366394	-91.5723419189453
-58.2053388036672	-150.687892673302	-91.4271392822266
-57.7270219643765	-150.194834739725	-91.4909591674805
-48.2826925354072	-150.926376755102	-88.6287231445312
-48.4467391440825	-150.415964102075	-88.5462036132812
-48.0340281482761	-150.336157864699	-88.6532745361328
-14.6758345162918	-157.43414400773	-83.6147766113281
-14.3101013862993	-156.930624747005	-83.6985931396484
-14.2304603538896	-157.647715407379	-83.3553161621094
-5.0094897790685	-159.954673025479	-76.7111053466797
-4.30364247096436	-159.456110747633	-77.7192230224609
-4.71100237812743	-159.673783921656	-77.8027496337891
1.77449155561497	-178.028084323798	-87.5836486816406
2.646501913043	-178.228551753082	-87.2192611694336
2.29192388025828	-177.818757149799	-87.1055526733398
2.72949992806065	-178.733184997351	-87.0065231323242
2.47519788019271	-178.087912171009	-87.0484161376953
1.91150235383379	-178.479171717668	-87.2184829711914
-28.1911172025717	-179.43069058253	-96.4277191162109
-28.2801703837695	-178.683231843067	-96.198356628418
-28.4255970488427	-179.650875100697	-96.484375
-66.2787834457229	-167.129842760932	-102.622573852539
-65.8596711383001	-167.189485415632	-102.695091247559
-66.1079765544599	-166.545096124464	-102.621551513672
-89.7869744579012	-155.80436741569	-106.489593505859
-90.0631866813816	-155.427519812224	-106.635894775391
-88.8209025995736	-155.4314180192	-106.543548583984
-114.133392551957	-139.959499127804	-105.659820556641
-113.066500822138	-140.080456473952	-105.755783081055
-113.254533991805	-139.836723801476	-105.512062072754
-132.581573679909	-119.143332758775	-99.5137634277344
-132.746809749074	-119.819637520724	-99.0204086303711
-133.127908913627	-119.540932897765	-98.8984222412109
-149.453278024565	-99.5629347889245	-86.7409286499023
-149.450842564809	-99.5411864171831	-86.7661666870117
-148.883358023344	-99.3120797289582	-86.67431640625
-165.360406611599	-72.7377096543239	-67.9804229736328
-165.516139145758	-72.8070739016516	-67.6240615844727
-165.314604595372	-73.1616987191894	-68.1476058959961
-176.500621145911	-43.8387666592503	-43.8263092041016
-175.985358178497	-44.0324295585826	-43.9374084472656
-176.474356869949	-43.745141526278	-44.0014839172363
-180.077782060838	-14.1241196546618	-15.441876411438
-179.4169957701	-14.2761810751506	-15.2516832351685
-179.578161877199	-14.2362542849636	-15.2618675231934
-175.008139249395	-0.754504984697405	-0.652460873126984
-174.940618643848	-0.518441716120535	-0.476856708526611
-175.984143351823	-0.479918150933131	-0.488783687353134
-176.746468895658	16.1806115681352	14.0166387557983
-176.869567424241	16.7344282234524	13.9522123336792
-177.077184619889	16.4786897998813	13.8129081726074
-170.21171818899	43.199405745148	42.6398239135742
-169.883061792247	43.2087767391481	42.4354019165039
-169.736782667765	43.3492530028668	42.7185363769531
-163.514066355132	69.6556367712959	66.2011032104492
-164.683642881595	69.5944429272172	66.222900390625
-164.480762129826	69.4669322216346	66.0991134643555
-152.396310841357	95.3267543952223	85.025505065918
-141.971466940125	98.2034164655884	85.3934936523438
-140.776382610727	98.0960245220951	85.4714660644531
-141.567332214597	96.1706428109113	85.3326263427734
-129.693315158246	124.884463158751	97.3622817993164
-130.1089560474	124.321115808214	97.6436767578125
-131.016223374546	124.657200639091	97.5604019165039
-100.761468981475	143.838553222272	102.273193359375
-101.037777639458	143.890227860321	102.475738525391
-99.4537805744735	143.244698812922	102.736343383789
-78.8818919047239	159.268047518404	103.25724029541
-78.935259834199	158.427310347325	103.445915222168
-78.9880202015921	159.07444466263	103.46427154541
-60.1009355926135	170.684657438014	99.7924423217773
-60.2032558581669	170.732154134863	99.716552734375
-60.9282217322145	170.808573993399	99.9280471801758
-24.1434375826747	176.690496926041	93.246467590332
-25.8865836286869	176.815230038446	93.300537109375
-26.0019178932939	177.119413390408	93.1000747680664
-3.62452685364558	179.006923676456	83.5056610107422
-4.88660923421559	179.316703030498	83.431999206543
-3.4078741721486	178.920058638225	83.3116302490234
1.32256634781758	198.115172592812	92.3898773193359
0.334742264196521	199.045432124637	92.3574905395508
1.50472607171928	198.272179376233	92.2140502929688
-10.3109361384395	196.939458901586	95.6112213134766
-9.69786808348883	196.724061316246	95.8792037963867
-10.4800990106937	197.214996016285	95.9362487792969
-30.8029105170172	198.283251184384	101.944816589355
-30.6009204425755	197.856186008408	102.014137268066
-30.5266667989409	198.083995225103	102.07054901123
-43.8803305551544	192.010813702151	108.27465057373
-44.5674461267777	192.106239413347	108.163261413574
-44.3538998613249	191.688197267423	108.147506713867
-76.5279281731787	186.328544002734	112.36750793457
-76.2128107894541	186.899430096997	112.646446228027
-75.890150806421	186.842213707561	112.675788879395
-86.1390778784522	181.285581611267	115.288993835449
-85.1723411182662	180.382077934692	115.485511779785
-86.5198787531859	181.513506110036	114.982780456543
-97.8186521616347	173.856090421372	116.882629394531
-98.3299330072747	173.684979015016	116.84814453125
-98.0257541332621	173.61232580063	117.002738952637
-111.163683823128	162.695990988982	116.791870117188
-115.352035029862	158.944509179506	116.777252197266
-111.311191342765	162.559557216873	116.720146179199
-128.066350053791	149.580705297339	114.260589599609
-127.711538520877	148.961265294635	113.742126464844
-128.48733970213	149.357039643399	114.158958435059
-153.979922731181	132.653157069796	108.874732971191
-153.918583344981	132.867283003591	108.822654724121
-153.408093886	132.818067319085	108.765586853027
-160.095582504566	113.887481773139	101.87776184082
-160.931207588604	113.483446299916	101.794174194336
-160.607674927468	113.448585435671	101.939453125
-171.103298559139	102.413758228063	91.368766784668
-171.846707981847	101.253847823405	91.3975677490234
-172.382336914034	101.986393803358	91.2824325561523
-183.299777516682	79.2488240232689	78.80322265625
-183.088633555084	79.3456660324108	78.6531753540039
-182.813788436144	79.128661880958	78.7005767822266
-194.484075563612	61.2040600062549	62.765869140625
-194.705208441545	61.2822676818896	62.8883094787598
-193.959648608222	61.6453920821797	63.0242729187012
-200.835727700336	43.5787715948209	45.2210311889648
-200.36811093266	43.3555734811712	45.0469970703125
-200.621350327698	43.5693859943095	45.1483612060547
-193.426552164294	24.4768692407645	26.0755596160889
-193.421887295581	24.1247060204766	26.0269813537598
-193.074402300901	24.3408092888755	26.1587181091309
-195.45562102042	4.73229607774896	4.97878646850586
-194.569718257542	4.48710949679106	5.16421842575073
-194.328573255508	4.75888763635078	5.24762964248657
-199.712114424522	-2.47361203071469	0.00764463283121586
-204.039966902185	1.94612388121968	-0.0582023113965988
-199.902052409746	-2.38837612412895	-0.21727691590786
-193.83081513672	-15.3523935184879	-15.5103883743286
-194.561910934936	-15.1238464910633	-15.4270582199097
-194.534139688909	-15.5778048112437	-15.6500120162964
-200.247957362206	-31.6623499890178	-36.5577659606934
-200.177596501692	-32.3387680110785	-36.646354675293
-200.182348336034	-31.6696499619736	-36.487964630127
-195.544597818821	-55.2787625783098	-55.8812522888184
-195.762629332413	-55.415591329342	-55.9550247192383
-195.436439547092	-55.1650017750334	-56.5387229919434
-186.394510019007	-73.1554102959315	-72.8819198608398
-185.951379942676	-72.9174697338689	-72.9226608276367
-185.453476695701	-73.3861133531132	-73.1886444091797
-175.308364906124	-90.7351738599364	-87.8852462768555
-173.483488126941	-90.8727149592964	-87.7986831665039
-175.355081490583	-90.7745627995235	-87.8918991088867
-167.768650624783	-108.6015107505	-98.4519653320312
-167.710437783898	-108.522490930385	-98.4779357910156
-167.776570026821	-108.84565329014	-98.3057403564453
-156.970106136439	-123.083059981243	-108.313339233398
-157.967233367496	-123.060494253549	-108.227569580078
-157.224425122074	-122.96977775877	-108.174758911133
-142.783529620511	-138.673820178547	-115.12385559082
-142.367969113119	-138.223461143022	-115.111549377441
-142.697130545297	-138.708450292578	-115.060371398926
-123.280222066081	-155.425980242312	-118.713714599609
-124.274390372096	-155.876942244197	-118.890518188477
-123.550151512799	-155.163526175481	-118.757766723633
-107.200960697491	-168.260478633682	-119.712936401367
-106.278949850565	-167.585549811436	-119.616760253906
-106.705043956894	-168.123188748522	-119.701728820801
-89.6854524522567	-177.704989575556	-119.627647399902
-90.9639832921154	-178.622977318405	-119.566444396973
-89.7807054913709	-177.650923751173	-119.751342773438
-82.9943765435793	-180.934774444506	-117.535285949707
-83.2531855303565	-183.029948426751	-117.907707214355
-82.7187871739578	-182.084091621662	-117.922828674316
-65.331591155954	-186.152018797375	-113.990264892578
-65.5268459853195	-185.244643138	-113.825729370117
-65.9540636623462	-186.085255794977	-113.76570892334
-29.9022171991894	-196.086806696	-109.494178771973
-29.252840329692	-196.963880188001	-109.491508483887
-29.7806578521712	-196.742473453921	-109.320678710938
-28.4392334407655	-196.444121709017	-102.197166442871
-28.8306232996113	-197.291204285483	-102.368041992188
-27.0191157157973	-197.146585328043	-102.22811126709
5.54815785573157	-198.901447330738	-95.5361785888672
4.8505545134397	-198.96451696411	-95.9746322631836
6.39080708669827	-199.452434825476	-95.8960113525391
-1.12707845322906	-205.9058168152	-100.719871520996
-2.39647228726642	-205.816739572989	-100.729103088379
-3.26951630428781	-205.958497280663	-100.90315246582
-23.1911693540668	-207.872941374495	-110.654418945312
-22.3661536729265	-207.973409055086	-110.62712097168
-22.5832108720195	-208.169038927566	-110.569602966309
-65.0678496397275	-198.279276398501	-119.449371337891
-66.0201422665977	-199.221245822175	-119.679611206055
-67.5135324936969	-197.533182047099	-119.579116821289
-78.917181189412	-192.094075501634	-124.722846984863
-78.0902319289836	-192.205971739761	-124.849365234375
-79.5743887687244	-192.360524311716	-125.221496582031
-116.303946971807	-172.354480264166	-127.329093933105
-119.485159671044	-171.986677143225	-126.980682373047
-118.687623083277	-171.661773921876	-126.972625732422
-138.830654917059	-156.111839990298	-125.28263092041
-138.000541239956	-155.781463623297	-125.474143981934
-138.99069062468	-155.708501649333	-125.57056427002
-158.814746437005	-137.889967770415	-118.263603210449
-158.29918925368	-137.563345687505	-118.148025512695
-158.880732078602	-137.793563574117	-118.110542297363
-175.95418725313	-112.762764639724	-104.985481262207
-174.497786307829	-112.500429440386	-105.154861450195
-175.253573035017	-112.988487929324	-105.10181427002
-191.227499615736	-87.054081630237	-86.6907119750977
-191.347185132755	-86.3872670396364	-86.9275665283203
-191.843269514885	-86.2631528183797	-86.7929000854492
-204.62784117042	-60.1146071112471	-61.721607208252
-204.362772065874	-60.6258322054489	-61.4819488525391
-204.987941692337	-59.4617146765892	-61.6346740722656
-203.196388908529	-30.266546454599	-31.7716217041016
-203.508125956406	-30.3820170096623	-31.8489685058594
-202.982364810681	-30.7574820070296	-32.03564453125
-214.494549063063	1.26922776667379	-0.356212764978409
-213.850052188241	0.949484623797375	-0.410575538873672
-214.33879691262	0.954117445958417	-0.369111567735672
-214.793631912006	0.868970949306799	-0.314502120018005
-214.413942223947	0.681906840807727	-0.268111735582352
-214.525634196735	1.5010067691845	-0.166178658604622
-207.694817626388	32.5477348231283	31.1504096984863
-206.536123417343	32.4645588930157	31.1982841491699
-206.178906666902	32.6114714725866	31.2838573455811
-201.614157229258	61.3462778947519	61.1566963195801
-201.601718056757	61.0709889816269	61.3119964599609
-202.354510235717	61.2474982686577	61.2858963012695
-187.403730368646	89.8706071147505	84.6061401367188
-187.69783924119	89.6838127061869	84.8663787841797
-187.219427946146	90.1305031668366	84.4587249755859
-170.39103523429	117.422716979891	103.480125427246
-173.868647520099	116.249802022032	103.590324401855
-173.87717439348	116.369737218778	103.581916809082
-168.270461459768	133.332106420426	115.85425567627
-167.705916333857	133.198587078738	115.797050476074
-167.904105149531	133.464397804516	115.842414855957
-135.3897821739	162.133192815136	122.703491210938
-134.564891772951	161.963387237179	122.769454956055
-134.332759672816	162.439398772574	122.657180786133
-108.622392382164	178.275062895782	124.275497436523
-109.32682265019	179.025480488955	124.118209838867
-108.527000395649	178.095431691859	124.202079772949
-93.0128606993602	192.042601643087	121.640686035156
-92.8531232739119	191.517131683498	121.90217590332
-94.0763238113628	191.699104353978	122.091598510742
-55.3402911833227	198.678755335999	115.684379577637
-55.9413857894181	199.110358039679	115.855377197266
-54.9970521547707	198.740053827929	115.784881591797
-35.2358452434878	207.397974567597	107.686576843262
-34.5575232145146	206.531442185815	107.435729980469
-34.6388759088996	206.875177009462	107.315078735352
2.8344074693328	210.087678041625	96.2669525146484
2.79895632991548	210.003664212719	96.3849487304688
2.4620553692032	209.688660716232	96.6634750366211
3.06884534215394	211.178185379639	96.356559753418
3.27543634915351	210.292898493561	96.7815399169922
2.63722516741885	210.918328936557	96.6138229370117
1.43583080744415	217.599317493594	102.233993530273
1.2958919308293	217.732788485929	102.370109558105
0.943151385006303	217.620858319164	102.01180267334
-20.6651230850829	217.925648249257	108.734664916992
-20.709392850753	217.656782868215	108.682037353516
-20.3672918578125	217.522234229479	108.707786560059
-35.3055525969186	215.488914049366	115.674850463867
-35.125950977885	215.379123726206	115.232055664062
-35.1581148893851	215.486888236738	115.327163696289
-66.9102986899102	209.954537422936	121.198059082031
-66.9951843072993	209.931462669597	121.335662841797
-66.8032855512658	210.758513262566	121.221412658691
-74.7796905936507	207.703935973607	124.91577911377
-75.3926488934324	208.228130826566	125.017524719238
-74.8399974973194	207.791882482623	125.173393249512
-86.6907618421555	198.020551277606	128.239608764648
-87.0697256307712	198.814807678111	127.978256225586
-87.1853988876816	198.825746511758	128.057723999023
-113.705762880039	184.254381808137	130.170974731445
-114.477424011333	183.398006608983	130.316070556641
-114.230828196575	183.92411977103	130.093444824219
-134.901775070072	171.766125432222	130.586486816406
-135.70962456599	171.988093349951	130.636215209961
-135.923866569661	172.222979383442	130.326568603516
-148.489427160516	159.402762745829	128.901397705078
-148.07341688352	159.760425901741	128.942077636719
-148.524705604919	159.855626707767	128.641830444336
-149.492803518641	151.314187845701	125.704734802246
-148.852197990505	152.256343954322	125.584465026855
-149.234118625116	151.476530515758	125.786247253418
-164.162909818177	141.217099461562	119.926971435547
-162.859713985165	140.737464770098	119.894790649414
-163.672421271322	141.446086356862	119.874183654785
-190.13283702697	116.571030536599	111.233695983887
-191.767782189762	116.356566951568	111.473495483398
-191.214819430663	115.936128699255	111.567970275879
-186.985178336022	107.352950124036	100.506210327148
-184.185821163383	107.610288960563	100.607963562012
-185.268746486606	107.205927524995	100.325675964355
-203.18222289191	83.7537036530225	86.4101028442383
-202.491697461486	83.496434924106	86.2632141113281
-203.534358967874	83.7166561409782	86.2599334716797
-210.674254199916	64.8899367126318	70.8572158813477
-209.741492596719	64.9197327818117	70.4327697753906
-210.29520467393	65.1766585623474	70.1212463378906
-221.119049551615	48.1833129826996	53.1643371582031
-220.878285786092	48.678894518196	53.0564079284668
-220.306487290315	48.1214985939908	52.8902587890625
-213.574060172043	27.8402916226754	32.0015411376953
-213.475298336267	28.2116336040978	32.1424407958984
-213.323922383559	27.8125083105901	32.1682357788086
-223.221041852476	10.4509423133131	11.7544994354248
-223.001944287823	10.6675662262941	11.8155298233032
-223.600023363492	10.556606175261	11.7817468643188
-213.712396195407	0.120995204417341	-0.0465851351618767
-213.497129441543	-0.400096093118265	-0.010912680067122
-214.298220895789	-0.160219867138082	0.0687650889158249
-214.111841619584	-10.3065453849834	-10.4449090957642
-213.544455397185	-10.3133661374454	-10.7370166778564
-214.811880306285	-10.5372468520493	-10.4986171722412
-219.759660117629	-29.1750614009348	-32.6005020141602
-217.733488056276	-30.1029376775869	-32.6401443481445
-218.4416141247	-30.0226112608998	-32.4531059265137
-212.772948829737	-49.2949293892638	-52.3938636779785
-210.855095986927	-49.6062375161871	-52.3436088562012
-211.344146426783	-49.6584188468491	-52.2286033630371
-211.230566800854	-65.5830492002348	-71.8115921020508
-211.316726249012	-65.3682628962514	-71.5866928100586
-211.833181098405	-65.6409215159112	-71.5210876464844
-204.722805712686	-86.8639097564946	-87.882568359375
-205.273188852012	-87.1501842179935	-87.8876113891602
-205.015616404403	-86.9703733098805	-87.741828918457
-194.621209178876	-103.669458313154	-101.663200378418
-194.892824017246	-104.075258114367	-102.12255859375
-194.724391864487	-104.167681271836	-101.721939086914
-182.492595602281	-120.702678848454	-113.797470092773
-181.863593534567	-120.46845699007	-113.257286071777
-181.911321426277	-120.320722447106	-113.439491271973
-172.380272383272	-139.094568145019	-122.660873413086
-172.589225506858	-138.515297958972	-122.680206298828
-172.090801166704	-138.340423488279	-122.927261352539
-156.536206502028	-153.583536466812	-128.148864746094
-157.389640347169	-154.091726986259	-128.535491943359
-157.162602923201	-153.82255082171	-128.400344848633
-144.690635829863	-163.630591126082	-132.392318725586
-144.047546440622	-163.074317902004	-132.435150146484
-144.968261676891	-163.237610052921	-132.180038452148
-131.069584662151	-175.490299616085	-133.905487060547
-130.143470643732	-173.92736573744	-133.970642089844
-130.697319866112	-174.03519787542	-134.012390136719
-111.049251596879	-186.687810041231	-134.097564697266
-111.229022448717	-186.946561653536	-134.184692382812
-111.37427978595	-186.338433531899	-134.335678100586
-87.7031644561544	-200.631992050315	-132.193954467773
-87.3020295352211	-200.476643464085	-132.212738037109
-87.7140213727902	-200.984285629715	-132.364700317383
-81.3442006819108	-203.238526349259	-128.711502075195
-81.7619184563438	-205.485876458043	-128.638854980469
-80.4753213422426	-205.132919512009	-128.912948608398
-60.2703712567856	-207.749829265627	-124.840454101562
-56.1387104548695	-208.857480022516	-124.771759033203
-56.4047745381448	-208.831101924203	-124.776626586914
-29.4151848762211	-218.270888379002	-119.408508300781
-29.5260250173248	-217.832739549677	-119.712219238281
-29.2173892691649	-218.291732275757	-119.52995300293
-31.7428898722833	-215.571623856091	-112.514198303223
-30.6963514052196	-215.120880280225	-112.523864746094
-32.0681954388205	-215.266887158043	-112.653877258301
8.73107852592528	-220.949968061511	-105.285751342773
8.60071396771708	-220.961827702581	-105.34105682373
7.71388521058689	-221.476959870463	-105.888862609863
8.28406475464627	-221.326254150065	-105.412879943848
8.72687393554226	-220.850336382321	-105.252296447754
8.74406567237051	-221.743702718254	-105.32405090332
-9.96582441282774	-235.074131444567	-113.947494506836
-11.3402135084796	-235.55597762124	-113.769233703613
-10.7802243982931	-234.778756390589	-113.985725402832
-11.6283163646344	-235.123752117072	-114.541877746582
-11.9619329683537	-234.363671384249	-114.321228027344
-12.512629388869	-235.437264134655	-114.377906799316
-6.01799035332431	-242.902749158277	-119.937683105469
-6.10564289938436	-243.375691167522	-119.669586181641
-6.1153406256734	-243.203057559467	-120.197006225586
-9.50195327992652	-240.750647683486	-121.94401550293
-10.8486028886432	-241.300572514132	-121.903747558594
-9.663476249331	-241.01973255309	-122.081474304199
-50.2988457160079	-230.24098509892	-129.01936340332
-47.7266350493976	-230.747681889596	-129.023300170898
-43.9672323860898	-231.312009598968	-129.104400634766
-54.5933142029528	-231.405037469223	-130.70703125
-54.7600599816151	-230.801102804433	-130.735000610352
-54.6135870270031	-230.874650398531	-130.792816162109
-56.960175940088	-233.756880183237	-134.93864440918
-59.1872846760427	-233.892989993698	-134.87939453125
-56.5364429456582	-233.717020802151	-134.707946777344
-65.6855967264686	-227.129681648837	-138.0107421875
-66.1449816623448	-227.582748008209	-137.801879882812
-65.1933326583671	-227.857381615655	-137.641220092773
-81.3950900836858	-223.067021880486	-139.370529174805
-80.1533754286057	-222.230280889379	-139.501556396484
-81.035114897826	-222.718946687427	-139.408935546875
-102.207918619437	-214.203562092775	-143.431411743164
-103.000188087725	-214.554074513649	-143.719497680664
-102.761022598191	-213.715762196705	-143.272735595703
-105.770877051186	-213.602671605175	-144.401092529297
-105.266171427116	-213.644608880321	-144.107452392578
-105.659118409808	-213.594564213843	-144.437408447266
-118.328280722777	-207.577494245173	-145.882919311523
-119.070241199456	-207.72427570799	-145.929870605469
-118.747037247334	-207.733903272651	-145.846557617188
-129.34508416369	-203.35087583579	-147.201797485352
-129.234261763695	-203.48213724047	-147.086715698242
-128.811568350013	-203.560762979915	-146.971939086914
-133.938321038374	-200.40396966802	-147.454635620117
-133.378678847205	-200.610430482242	-147.442230224609
-133.959991703646	-200.448741612872	-147.405120849609
-148.794770199422	-189.072360238875	-146.944595336914
-147.956645366229	-189.361469641254	-147.033157348633
-148.014453091645	-189.259842921387	-146.914199829102
-152.13140422111	-186.491522450441	-146.630889892578
-151.842461952977	-186.185292300385	-147.048690795898
-152.349221506835	-186.609509613281	-147.129455566406
-163.370554448466	-174.380622661971	-145.658508300781
-163.200178118292	-174.335578269327	-145.526550292969
-164.297134219855	-174.462623757259	-145.755798339844
-172.045482594426	-167.987369785004	-143.201187133789
-173.038987888178	-167.757011553116	-143.026290893555
-172.153524824632	-167.488060111493	-143.078063964844
-178.634004184462	-161.098754201007	-141.71940612793
-178.14536317397	-161.083462093578	-141.671478271484
-178.369359180203	-160.092563421155	-141.896713256836
-188.728474337493	-146.669382368976	-135.699722290039
-188.363785356021	-146.717515385248	-135.713623046875
-188.908749462416	-146.425197941591	-135.688110351562
-189.40708979558	-145.720053424601	-133.913528442383
-190.129145893237	-145.244094910081	-133.956283569336
-190.34720151111	-145.213005409613	-133.958602905273
-201.154057090412	-131.790864908361	-125.883361816406
-201.114562836584	-131.481229629595	-125.916595458984
-200.716984142039	-131.469529052491	-125.775611877441
-205.619000963934	-119.773959969987	-118.875610351562
-204.034636095578	-119.574222077285	-118.977935791016
-205.270827861884	-119.692243240767	-118.772079467773
-212.319564658863	-113.628097459914	-114.630317687988
-212.417071808682	-113.261648289438	-114.410942077637
-212.621558050238	-113.638303140797	-114.623291015625
-216.299658951434	-96.8196093755388	-100.550559997559
-216.364076549871	-96.8725678085553	-100.579536437988
-216.535806825555	-97.0542201178776	-100.795806884766
-223.528268656431	-92.292820865682	-98.0152969360352
-222.665850362478	-92.5185119464745	-97.9514083862305
-222.785246233672	-92.0027672179904	-98.043327331543
-221.59892163791	-77.6665407699899	-84.2412261962891
-221.59135036378	-77.9861725869651	-84.3212203979492
-221.643855697991	-77.9338130996128	-84.7181091308594
-232.2925752085	-65.5238939960668	-72.7084655761719
-232.349711696259	-65.3200374019352	-72.6168746948242
-231.944600148567	-65.4252667106833	-72.5900573730469
-227.55702147901	-59.3434423301483	-66.3290328979492
-228.410669557958	-59.5535759227872	-66.109016418457
-227.929422116283	-59.6170190804264	-65.9831466674805
-230.883226881483	-39.4438473381737	-44.3870811462402
-230.036147952044	-39.5116294415899	-44.3952255249023
-231.56028002855	-39.5819564126383	-44.2261428833008
-232.355924733043	-37.9191175993153	-41.7480201721191
-232.586185101078	-37.6222574226802	-41.9251251220703
-232.002602938247	-37.7725622201656	-42.086368560791
-242.217364033154	-21.3986615687469	-22.4156036376953
-241.527923937793	-21.3250117502027	-22.6360816955566
-241.043830592853	-21.6215897614482	-22.7135639190674
-240.110372373916	-5.79072595682381	-8.47720336914062
-240.716762837152	-5.54955708079436	-8.22793006896973
-241.671269459792	-6.04719579331864	-8.36872482299805
-244.154947854949	-1.16720023438624	0.271082550287247
-244.383732738896	-1.38922313909703	0.187874689698219
-244.118725549	-1.59501819832758	0.108105137944221
-243.345677121278	-0.675966247076587	0.276681691408157
-244.265116335148	-1.15210284770993	0.27558434009552
-244.338197040431	-0.994894005361004	0.234549820423126
-243.495375333396	-1.7751641307447	0.181868970394135
-243.847780160365	-1.50028378596829	0.0838701277971268
-243.833834004991	-1.3361776070445	0.180202469229698
-233.736379192035	19.8091731030272	22.9008750915527
-233.651037453973	19.7675150265542	22.8929214477539
-233.434380530509	19.9692542956599	22.782054901123
-234.697962870763	20.0363628952566	25.9116268157959
-235.594523220748	20.1173356221526	26.1172294616699
-235.113620995977	20.2723180466707	26.0382270812988
-240.597656121874	41.267612783981	44.3564186096191
-240.541440055112	41.6494793928054	44.3619384765625
-241.181426648382	41.0701799268265	44.3209533691406
-237.605385886537	48.3018283668938	56.9987945556641
-237.517711563751	48.064120515992	57.0053825378418
-237.678618766829	48.2751548014991	56.9170722961426
-232.493360590303	60.7437118899803	64.8223419189453
-231.210352938303	61.6359482671381	65.128791809082
-230.558597851049	61.4516894463811	65.1488418579102
-230.397595689276	79.2692965475941	84.1620941162109
-233.331186143012	78.3875980463546	84.0105133056641
-233.415990136722	78.1581880174662	84.1332168579102
-227.821323955497	81.6644676379693	86.0664291381836
-227.749524852678	81.3514343300695	85.8552856445312
-227.335916657036	81.9491525896133	85.7737274169922
-227.579877383565	93.602118133919	99.7032928466797
-227.659972897958	93.1480084264865	99.8091278076172
-228.792606081047	92.90188071399	100.163719177246
-207.05155999287	107.407760061216	107.640968322754
-207.258475452957	107.642765782943	107.482620239258
-206.898112904228	107.613840427634	107.730087280273
-208.849633088984	111.059789461603	112.602485656738
-208.293520967314	111.325875596884	112.772583007812
-208.183710371901	110.966468892505	112.900917053223
-189.775756727552	133.855036948092	124.792167663574
-190.924624496673	134.775666205344	124.475448608398
-189.830751233763	134.607539611136	124.316917419434
-190.987929832841	134.691772074524	125.596702575684
-192.016069933177	134.143823134065	125.512168884277
-191.245056305046	134.174171700971	125.476707458496
-197.37970943032	141.564652726008	132.928604125977
-197.265650210451	141.000737482241	132.84880065918
-198.695635958974	141.52715902745	133.028594970703
-186.121530539472	156.19729075959	136.392990112305
-186.456188024205	156.555403965608	136.472259521484
-187.251125390673	155.939964904377	136.442581176758
-176.533491389928	165.51989859111	138.747344970703
-177.556009243287	165.957244025941	138.980377197266
-176.711917715289	165.956402241378	138.824096679688
-153.920106284634	178.930971982996	142.005386352539
-152.771039360566	178.303107399594	141.990875244141
-154.411660773719	178.729916680821	142.247283935547
-150.343902703876	179.459916134955	142.068572998047
-151.378886124875	179.610744797303	141.812606811523
-151.375005681281	178.746272622735	142.081390380859
-136.329550498664	192.628971047382	143.356155395508
-137.046850682917	194.480019628971	143.343048095703
-136.998541249568	193.875658305253	143.612777709961
-130.270272947029	200.993599890698	144.038330078125
-129.435846157686	200.154222719171	144.101409912109
-129.147373538479	200.312581145102	143.988372802734
-122.242206291482	204.972417113988	143.916168212891
-122.519397467877	205.001227953642	143.686294555664
-121.309672647762	205.013468050514	143.244232177734
-109.395627256304	212.55658925737	141.841262817383
-108.492911825741	212.626751868775	141.828536987305
-109.13181868332	213.195754709907	141.981399536133
-108.605318447111	212.976796096633	142.015350341797
-108.84875998873	213.30614253461	141.954956054688
-108.902572209996	213.172792420546	141.831069946289
-101.972501018082	220.695809029171	139.385665893555
-103.168162553223	220.313673718231	139.493041992188
-102.271295695772	220.645191856201	139.675491333008
-96.4242074686436	220.143665568103	137.767364501953
-95.4529723644934	219.363662906129	137.942733764648
-96.1260166410001	219.309540592886	137.899597167969
-79.8089051992562	222.585632263802	135.862640380859
-81.1715694992253	222.610370897628	135.742477416992
-79.8148367133738	222.435894678858	135.632369995117
-52.4253405014663	234.553279602139	131.083679199219
-52.4642513046759	234.240858135438	131.085388183594
-53.1753362126634	234.658209254358	130.870193481445
-51.5305763381446	234.175563334352	130.465957641602
-51.6371917874	234.458942420208	130.700698852539
-50.4373924411467	234.145682154807	130.385803222656
-45.1583405546588	235.285585595147	124.550048828125
-44.1704725179342	235.147395209936	124.808723449707
-45.1620110065492	235.831016581705	124.82527923584
-35.1886304038869	233.102584488464	121.310104370117
-36.758552669105	234.204301901941	121.448394775391
-34.9363280286247	233.012452415303	121.295890808105
-17.1500759569745	237.039810204277	118.041816711426
-17.0958418957475	237.051933065191	118.326965332031
-17.9975388254037	236.885361724888	118.269760131836
-0.493751647712891	236.84370255017	110.810134887695
-0.546426396736777	237.39449777167	110.900444030762
-0.877045831873559	237.279934890957	111.049430847168
-1.00184543775747	238.180844404671	110.559623718262
-0.704585314935585	237.739357312844	110.690872192383
-1.77733757316548	238.421875674938	110.531646728516
-1.36498865870243	238.483650307308	111.267616271973
-1.79729500815715	238.625879075055	111.191215515137
-1.76845691734611	238.425545714977	110.96068572998
2.24395104796466	255.077601498066	118.74641418457
1.51800281264521	255.919090912204	118.797050476074
2.74149659422109	254.824663265988	118.675788879395
-21.7199355317314	258.461613658311	126.787109375
-21.0198681827189	258.097233090678	127.01318359375
-21.0051200625842	259.175901809365	126.523811340332
-36.2197855560841	254.407353355088	132.801223754883
-35.2017211950231	254.127210365805	132.696548461914
-36.686227894432	254.358793553054	132.631011962891
-63.6220135659585	253.074091321897	139.35514831543
-63.0553701741758	252.849302288102	139.51188659668
-63.4150921813302	253.626855486076	139.581741333008
-69.3740232193497	249.82338893653	144.876327514648
-69.8304969742404	250.099668079582	144.588836669922
-68.9910883042063	249.946324394937	144.540283203125
-102.230619892204	235.823738223511	149.454299926758
-102.681743734869	235.552773438225	149.451385498047
-102.839355001346	235.391997380468	149.820877075195
-120.065801747857	234.235161099149	153.848236083984
-118.557779499047	233.924349429883	153.86833190918
-119.078863486255	234.320513547614	153.910720825195
-126.912523786993	225.579200822312	156.274841308594
-127.628039898571	226.140530996009	156.244552612305
-127.161683735229	225.362046238355	155.880187988281
-139.889966842227	218.106560515389	157.244201660156
-140.166855230583	217.638088038038	157.223587036133
-140.134268777523	217.529665408182	157.607131958008
-153.512199536152	204.600086496058	157.273483276367
-153.146480759559	204.032551659534	157.128158569336
-154.250355867927	205.949204765857	157.496200561523
-168.499408044665	189.602491318186	155.556640625
-169.927839922295	189.605693965754	155.749618530273
-169.406295445125	189.13766987811	155.547973632812
-193.696165738868	176.820997532981	151.669281005859
-192.458820615611	176.624473143766	151.79084777832
-192.795425313453	177.610261170726	151.467559814453
-217.52908895537	152.273319291147	145.312042236328
-217.920813809922	152.31267442328	144.977005004883
-218.105695939283	152.306390587888	145.029937744141
-223.092552314054	135.808858547484	136.706161499023
-223.295759125241	135.274333059178	136.555282592773
-223.142441694948	135.477783714051	136.720336914062
-226.185885227635	126.171312203383	126.019798278809
-225.544904479506	126.81271483717	126.255996704102
-225.465909454126	126.569719126265	126.452964782715
-230.589471151768	105.373604244201	113.290107727051
-231.397923296654	105.288608493572	113.491668701172
-229.940281841145	104.667203746818	113.54029083252
-243.453598410129	85.1854030265551	97.3677368164062
-244.12002609549	84.8629713608909	97.3406600952148
-243.6729607019	84.6967247893514	97.3380355834961
-251.638847214115	66.2941569520669	78.3885269165039
-253.748960493499	66.2424046920648	78.2631988525391
-250.927904977942	66.0157605974644	78.0717010498047
-260.674997629879	48.5224078292789	57.8675537109375
-259.33571594668	48.1179897280297	57.8872489929199
-258.38795450949	48.213709175822	57.5437774658203
-256.0891742976	31.9201053841637	35.9869728088379
-256.287524408187	32.4638909539994	35.8822135925293
-254.628815420448	32.3049594639083	35.8742218017578
-254.021099671761	10.2087964238518	11.0237083435059
-253.399204314301	10.280387512962	10.8105659484863
-253.069815416116	9.70991042587566	10.7355060577393
-261.526879179591	-3.13713330685246	0.0883545279502869
-260.741972369345	-2.96153956255198	0.227345407009125
-262.976827800164	-2.38887380814015	0.370054215192795
-261.118893631361	-12.5079829222991	-10.780068397522
-261.374264554523	-12.9310935567744	-12.2078275680542
-260.359734752247	-13.1699799868531	-11.1987552642822
-260.932264112425	-32.091372268556	-34.9298133850098
-260.831406011421	-32.112120393214	-34.8337669372559
-261.007247764559	-32.2876125941444	-35.0525245666504
-259.452326941353	-46.7374932677058	-58.4922523498535
-259.224772720213	-46.0727825983502	-58.1000633239746
-258.897015157625	-46.6047968237112	-57.6615447998047
-253.656904949683	-66.1317482149669	-78.3442535400391
-253.749229585513	-65.8849423761253	-78.3239974975586
-252.843549313321	-65.8629798706901	-78.1894760131836
-247.77671412304	-85.4838803872529	-97.2178344726562
-246.997980624806	-85.2166994299087	-97.1392440795898
-247.641448854476	-85.579867187908	-97.0509490966797
-237.503210189639	-104.021644446261	-113.329208374023
-237.827763114348	-104.38407674659	-113.266792297363
-237.628014395963	-103.839786362311	-113.291046142578
-229.309294635711	-124.723602220696	-127.126449584961
-228.699835679128	-124.602999217146	-127.122192382812
-229.502609224901	-124.79990761564	-126.793800354004
-214.8203800069	-140.671629579737	-139.477813720703
-213.345078916474	-140.645673985711	-139.48307800293
-214.603968086702	-140.243805647306	-139.401214599609
-206.723908233039	-155.24270812999	-148.420043945312
-206.290410895177	-155.210734078755	-148.704315185547
-206.399634038184	-155.229379107871	-148.735717773438
-193.723226749241	-171.518008494948	-155.409194946289
-193.573952497979	-171.75153582886	-155.291610717773
-193.625626379428	-171.942887938609	-155.223098754883
-181.198947098475	-183.754556889973	-158.676574707031
-181.535550201347	-183.330012730215	-158.747497558594
-182.242699103287	-183.714752192125	-158.697982788086
-168.266898409429	-197.379732452608	-161.178436279297
-167.650696513478	-197.782324406975	-161.098602294922
-168.721110419778	-197.803027511466	-161.019226074219
-152.882720901002	-209.288893421296	-161.278778076172
-153.387995204028	-209.551887043179	-161.139999389648
-151.631813249842	-209.883764056671	-161.33576965332
-139.002490004341	-218.282312734955	-160.498992919922
-138.30776187397	-218.518034809513	-160.644790649414
-137.68258859631	-218.019374829216	-160.50163269043
-107.987829504916	-233.827656941384	-158.573104858398
-107.459008968984	-235.500127564401	-158.337646484375
-106.953836478872	-235.595939451915	-158.246719360352
-96.3988805463036	-241.785190750758	-155.205780029297
-99.4245580241192	-241.838608099818	-154.806884765625
-96.2336484293803	-240.915569002815	-155.105987548828
-83.1129579938481	-242.561085299974	-150.330551147461
-83.82369464988	-242.530030955136	-150.298034667969
-84.0522413298125	-242.078475314728	-150.134017944336
-52.6441821682608	-254.715796714257	-144.114929199219
-50.9910087056998	-253.55761846918	-143.963790893555
-54.3011941818295	-253.563356109911	-144.132446289062
-46.4582953136953	-253.438799131184	-137.718032836914
-46.2032556644516	-253.963111488737	-137.692520141602
-45.8797792407652	-253.498641823955	-137.868728637695
-19.2342188909491	-257.307499604586	-130.986587524414
-20.2513750129655	-257.428094927187	-130.716461181641
-17.2075449662399	-258.455405468706	-130.849472045898
-8.23624477672149	-255.915110015744	-122.338432312012
-8.65414737512315	-255.081794203576	-122.267707824707
-8.04046778118941	-255.604753473546	-122.277954101562
-9.80408887085066	-255.711135606808	-122.603668212891
-8.3938053032257	-255.760867993776	-122.171493530273
-9.79322456058824	-255.269528172852	-122.310966491699
8.68995252335009	-274.604961182651	-126.390975952148
7.1235617487549	-275.724892791802	-126.330429077148
9.5057125016319	-275.013961156533	-126.315002441406
-37.5817410289129	-264.178527682903	-139.100219726562
-37.6146396546037	-264.442238391596	-138.819488525391
-37.6304372722565	-263.897024826418	-138.843978881836
-66.0127974420424	-259.538645768855	-148.100311279297
-66.3985528360126	-259.194218999649	-148.231155395508
-66.2989816234681	-259.886249836692	-147.965042114258
-85.253500261568	-255.366863098751	-157.748519897461
-88.0329502067031	-255.601123241527	-157.134460449219
-85.6910478017874	-255.402282401397	-157.157852172852
-122.122827685785	-238.425164709488	-164.428100585938
-120.518700256657	-238.048181227345	-164.441513061523
-121.865782483929	-237.991791698216	-164.349014282227
-144.134783760205	-225.232778497358	-167.197799682617
-146.045734202679	-224.950829024885	-167.327239990234
-145.099321517742	-225.123687392852	-167.437683105469
-169.017169024125	-210.455599467834	-168.683792114258
-167.109549782976	-209.711204009711	-168.835235595703
-168.046145746964	-209.779977930846	-168.646011352539
-189.234128950133	-191.778189410188	-165.615371704102
-189.089393251589	-194.122548422406	-165.898864746094
-188.947149354205	-193.806843232906	-166.063903808594
-205.850599902996	-170.333253708415	-158.873245239258
-206.924487599441	-170.65725265486	-158.703384399414
-206.322233388946	-170.395769657551	-158.920959472656
-227.691166842059	-146.360122889369	-146.573013305664
-228.102471944111	-145.978337333446	-146.652984619141
-227.845592755154	-146.012101304561	-146.424224853516
-241.653774207646	-120.354736187045	-128.462554931641
-242.562676205695	-120.402209573589	-128.49609375
-241.613418552393	-120.337382777482	-128.755767822266
-256.882261060944	-96.716870905378	-106.421012878418
-256.45344250562	-95.6702443291561	-106.263496398926
-256.836311261548	-96.4529815088665	-106.339065551758
-256.122251473558	-66.6782121367977	-76.7501525878906
-255.691074722322	-67.1063045116511	-77.0739898681641
-258.185643592171	-67.3541600509744	-76.9102630615234
-272.614443160158	-36.4397416161187	-43.9203796386719
-272.978923610655	-36.5241277584355	-43.8974952697754
-272.873570855034	-36.7638853678209	-44.0408096313477
-274.210959929321	-5.63383989264485	-7.40895462036133
-273.525227092425	-5.6059590715004	-7.20828151702881
-273.193865034971	-5.71641203745934	-9.24471855163574
-265.224766041601	-1.18363840536594	-0.00529854651540518
-266.13929046368	-1.00303967151079	0.0846937969326973
-265.825518512686	-1.74259746580097	0.423041015863419
-263.607061796757	22.6146224766293	27.539041519165
-263.445296812509	22.4664978879501	27.4165573120117
-263.821638974228	23.3174002914597	27.2591342926025
-264.32550887307	49.5369800290495	61.5742378234863
-265.464554346438	49.561452257067	61.8529205322266
-266.187506467014	49.9315398662199	61.8408851623535
-262.574440633154	81.9317967110185	91.825325012207
-262.806014638373	82.2796240579346	91.5960159301758
-261.689935883934	82.4309364029421	91.7053833007812
-246.520029156348	105.221969731111	117.791404724121
-246.582736722269	105.346136567109	117.899337768555
-247.323705810894	105.490587014115	117.840934753418
-228.038565613627	132.028354610429	137.225555419922
-229.312963315165	131.556863984024	137.341003417969
-231.45313958749	131.587555889377	137.425674438477
-215.889279752675	157.337203294116	150.541244506836
-214.35654945326	156.842315905873	150.417724609375
-214.703500700732	157.698775940368	150.640914916992
-206.948047981028	180.327859016713	160.313858032227
-206.863596502269	180.06281961996	160.107284545898
-206.682956230847	179.698289833424	159.963073730469
-177.275385749005	207.746325114964	164.292282104492
-178.14853643693	208.207923806482	164.594879150391
-176.617533311983	207.974395380852	164.320541381836
-156.359848118952	224.401667322427	165.19189453125
-155.507289456039	224.906816526842	165.523147583008
-155.811622667176	225.310432302958	165.541381835938
-137.425943382453	232.103855936858	162.050384521484
-138.052680537091	232.801161066613	162.265228271484
-138.854960432538	232.532516366166	162.026245117188
-90.9542892365296	250.060498423967	156.081741333008
-91.5498837477966	249.901015158173	155.854248046875
-91.3700757023466	250.610424235884	155.863357543945
-80.1169847183612	259.244682284822	147.853225708008
-80.5699155500059	259.886394950964	147.892227172852
-76.9417972594732	260.64896442954	148.322402954102
-37.9490654559826	268.226397834055	138.750885009766
-36.8989401994189	266.729556810754	138.795333862305
-37.7843938743942	266.836530725471	138.77734375
-14.7751748350421	264.182774697359	128.275756835938
-13.7475996737763	264.827014238335	128.215789794922
-14.5318056676945	264.419149338134	128.09294128418
5.22227960691733	271.046043596463	122.066665649414
4.96866422680178	270.860266457732	121.966789245605
4.74035746427644	271.190343705912	121.84326171875
2.35413305161995	275.859495957479	126.495307922363
1.06601377932526	276.588605373543	126.319770812988
1.6604131099904	275.632116133629	126.066116333008
1.38972544712368	276.021066126428	126.390380859375
1.58466523866758	275.769645222595	126.241813659668
0.931390024901418	275.596195506668	125.765869140625
-22.0949901279957	277.307981962794	134.844970703125
-21.6669967182216	276.434775296311	134.875350952148
-22.5769717832128	277.64098033484	134.935211181641
-35.327699013564	273.276838290363	141.087066650391
-35.4679474418009	273.764196286075	141.311828613281
-35.6641991386383	272.525244965087	141.212524414062
-62.7641900071545	274.541350531741	149.322463989258
-63.4496672466547	275.340974458443	149.164886474609
-61.9780880074918	275.077673707991	149.31591796875
-68.275762970466	269.389380899351	155.849227905273
-68.3389550763078	269.049500472892	155.48291015625
-68.5578457114042	268.225902406643	155.414459228516
-109.542685226294	256.167036712457	160.538482666016
-108.726753053706	255.956341726926	160.253616333008
-109.775900602233	255.499636437511	160.298126220703
-113.362836685675	257.452409408225	165.051162719727
-114.212293788384	257.120098612088	165.160675048828
-113.564470976067	257.734789139817	164.990524291992
-124.539517255274	249.168910848678	168.928680419922
-124.487473098084	249.281211285231	168.622375488281
-123.623074701426	248.801866962174	168.311965942383
-138.845429855925	234.969691264125	170.441299438477
-139.655347380381	234.868664446047	170.436370849609
-139.62233707986	235.04597416059	170.499664306641
-170.005112014059	216.217713250622	171.801147460938
-170.575857830798	216.161797852174	171.795303344727
-170.486958713604	216.215721545912	171.583312988281
-187.241661721026	213.555750211298	170.695388793945
-187.55867239079	213.252352851612	170.392608642578
-186.876040787283	213.59926711857	170.146759033203
-202.43890467895	198.043604669963	168.688430786133
-203.172852070077	198.29278012957	168.678314208984
-203.222027664138	196.980420965449	168.858963012695
-221.326911475938	176.278853915414	164.544784545898
-222.10658350766	177.224395691434	164.795501708984
-221.794524987885	177.27877150468	164.801498413086
-209.034099108541	171.419981254869	159.182205200195
-209.448789534045	170.070471828863	159.360305786133
-209.632724410443	170.191600753444	159.392974853516
-238.148108848264	152.847666103182	150.690872192383
-237.910337218826	153.137482773038	150.509994506836
-238.783905834318	152.586328346179	150.635391235352
-244.681227998026	131.147442118277	139.832183837891
-245.752561745937	130.645677296581	140.013168334961
-244.553686306909	130.69668009734	139.876449584961
-251.576845309278	111.868328344298	126.191795349121
-252.961749528145	112.201951437286	126.413871765137
-255.905424080375	111.864543583315	126.445594787598
-265.822106540073	93.4638429518646	110.79711151123
-264.534377173608	93.3766550498679	110.618705749512
-266.034970642717	92.9019852868492	110.517784118652
-271.012544645318	74.865928064993	92.5139999389648
-270.552515709105	75.1373762258338	92.4713745117188
-270.262757506168	74.8529874620463	92.3098602294922
-272.690834051767	55.5848040960888	72.3683624267578
-271.263214237341	55.4422456912583	72.8888626098633
-271.362919661959	55.5496779092068	72.4001770019531
-281.497379225481	39.7037750413217	48.5582656860352
-281.13884980877	39.7826420984701	48.7788925170898
-281.637757983244	40.191702233452	48.9376373291016
-280.484380220398	17.0742806504718	24.8327465057373
-280.942349560958	16.8472447571405	25.133617401123
-281.57721542001	16.7117702083669	25.3049373626709
-273.494077155291	0.113870951438628	0.343789756298065
-273.046950159994	-0.184297449371371	0.3428955078125
-272.727041480663	-0.430733926759473	0.424323111772537
-273.261529728019	-0.473844060472999	0.523018002510071
-273.668165482384	-0.429625790534431	0.476010888814926
-274.494601973039	-0.006665840154227	0.264823615550995
-280.876135813197	-18.7635725580365	-24.351900100708
-280.351116295723	-18.3229330270561	-24.4591846466064
-281.220730368827	-18.6437831918618	-24.3183517456055
-275.412189207469	-41.1116770341899	-48.3194046020508
-275.890770155441	-40.5928509074666	-48.1985359191895
-275.312290923788	-41.083296964432	-48.0619506835938
-272.278689007703	-60.1233391890115	-69.9738311767578
-272.748967172362	-60.1984788620226	-70.37255859375
-273.429634785891	-59.6132612283673	-70.06591796875
-263.572609874257	-79.5805410155535	-92.0681762695312
-262.854315276402	-78.2525803915216	-92.4911956787109
-261.581882847443	-78.8720580831776	-92.5946350097656
-255.959290592295	-97.2369684143379	-111.240821838379
-256.067249079849	-96.6199458045788	-111.125495910645
-255.855240234378	-97.4291955187281	-111.002326965332
-248.553306849942	-115.869546956614	-127.066864013672
-249.334624156744	-116.118444447481	-126.924385070801
-249.196432656528	-115.66918173648	-127.002067565918
-245.084850540802	-134.666317887718	-141.028228759766
-244.614748465547	-134.737646819119	-141.291656494141
-245.26811761082	-134.527998459373	-140.960601806641
-237.420608932132	-151.428425349567	-152.603912353516
-237.346035283441	-151.246697944262	-153.025451660156
-237.50749414939	-151.371485967801	-153.00341796875
-222.465880457532	-166.703611421104	-160.892288208008
-223.556390878432	-167.119369598414	-161.161468505859
-221.637534183863	-166.696205538459	-161.061553955078
-214.77283081627	-181.679588150413	-167.621246337891
-213.967965022015	-181.089998044804	-167.547409057617
-214.875913707976	-182.149385717533	-167.47900390625
-199.668844313979	-193.853545957857	-171.121932983398
-199.294484563232	-194.967976214432	-170.964065551758
-199.776039504007	-194.162504706742	-171.183792114258
-185.153571481162	-210.47110105284	-172.839935302734
-183.835000061599	-210.090058364296	-173.155410766602
-184.563845367771	-210.619611324346	-173.164978027344
-170.504299001327	-221.033586153084	-174.452301025391
-170.214219939081	-223.184572960661	-174.570602416992
-169.114567809009	-223.598414583426	-174.355422973633
-154.769371634537	-231.764165591523	-173.446884155273
-155.106359771829	-232.427674845783	-172.982147216797
-155.139751156166	-231.578698323507	-173.141799926758
-137.10847066456	-240.387708474053	-171.557830810547
-137.179618091118	-240.385116634572	-171.61637878418
-138.253379154182	-239.855804965601	-171.581832885742
-121.347948502133	-249.626050866336	-169.132141113281
-120.868207267018	-250.515059854879	-169.110122680664
-121.173542691655	-250.389021065965	-168.998291015625
-89.670723678115	-265.82122037383	-164.686431884766
-90.5556271581004	-265.782961625848	-164.795425415039
-90.4289919703353	-265.79447882896	-164.737014770508
-87.7932886870198	-263.516389687807	-159.334259033203
-87.1071502932059	-263.49558263096	-159.092864990234
-88.2959247907274	-263.502668696596	-158.997436523438
-63.0089029237654	-269.559722688581	-153.137893676758
-62.7487187535026	-269.884405616877	-153.107620239258
-63.2762518189194	-269.603534168447	-152.864654541016
-42.406514579705	-276.253122290486	-146.534317016602
-43.9520939654384	-276.47251758898	-146.635543823242
-42.9573856060393	-275.671479722139	-146.553146362305
-9.99979302980256	-278.947261308814	-139.382186889648
-10.4391537614835	-278.944839845284	-139.511627197266
-9.74755039286689	-278.835866138079	-139.471084594727
-3.9860114720282	-279.873747635964	-130.498458862305
-3.52753634497932	-279.224320012851	-130.286590576172
-3.85985511089567	-280.379927988186	-130.451889038086
12.6849426095611	-301.239385929094	-138.872024536133
13.0924970237108	-302.42990007185	-138.582214355469
12.3264259094313	-301.360477243465	-138.870269775391
-25.9177508097185	-295.235647671205	-145.137191772461
-25.1239308528949	-294.496151285505	-145.305435180664
-25.873764815392	-293.854913290559	-145.200759887695
-44.6855924795779	-292.791229070985	-156.747512817383
-44.9220264971053	-292.404348231479	-156.971664428711
-45.4626932236511	-291.678735258505	-156.761428833008
-62.2438972998675	-295.572262381504	-166.692840576172
-63.457648749416	-296.357899713569	-167.509582519531
-62.4812096844447	-295.525866259567	-167.484848022461
-100.271566398401	-281.140052442211	-175.157684326172
-100.255007538006	-279.863610901718	-175.248931884766
-101.377493544144	-280.058375752916	-175.684722900391
-133.810588379419	-264.626356091243	-182.743408203125
-135.010037325873	-264.408276808228	-182.63639831543
-134.579869122451	-264.287902438057	-182.670913696289
-154.420044332003	-259.076800093173	-186.598892211914
-153.152762467584	-258.395226042598	-186.5849609375
-155.618564413745	-258.105424531917	-186.698257446289
-176.037569084039	-242.98028001157	-188.349914550781
-176.321750029399	-243.232054310689	-188.061401367188
-175.758581296952	-242.779057011052	-188.306533813477
-199.903069316246	-222.298866676807	-187.921905517578
-200.234036891442	-222.25347119045	-187.817932128906
-200.831865360244	-222.351762648451	-188.163818359375
-226.22880926654	-195.971384758019	-182.884979248047
-225.318664264498	-196.1345051853	-182.867752075195
-226.122741568162	-196.253993388275	-182.755020141602
-239.338513108003	-174.656089220282	-172.222076416016
-240.006539442193	-174.47808570331	-172.205902099609
-240.16891328998	-174.700112953304	-172.361267089844
-260.574434874757	-146.902703479592	-158.458099365234
-260.449110016744	-147.030914463901	-159.009353637695
-259.785847052498	-146.344252510299	-159.451644897461
-267.272185298203	-123.220821312827	-137.555191040039
-267.750915423637	-123.147323882808	-137.777191162109
-266.953255350837	-123.412946358222	-137.852111816406
-289.883748347318	-96.2177520589694	-112.356010437012
-288.380514713424	-95.9377305975352	-112.875282287598
-289.034454158794	-96.2543676533875	-112.552345275879
-296.420725813883	-63.6310717098213	-81.8413391113281
-296.758977435201	-63.8326784964757	-81.9666213989258
-296.951483492981	-63.6824515608182	-81.901725769043
-290.10658358105	-37.113993014601	-45.9101600646973
-290.377087002606	-36.7707136523316	-45.3717422485352
-290.339015198336	-37.2547699983954	-45.3880271911621
-294.23104890264	-7.03325979480522	-5.73784255981445
-294.999146888582	-6.55259498229421	-6.81322240829468
-294.291408659204	-7.1826637254693	-6.11323976516724
-300.724428144612	1.81327983510502	0.531112790107727
-300.28259861197	2.05158296161707	1.07569766044617
-303.218258499184	1.73650557211275	1.0085244178772
-305.543263061604	21.518374547509	29.4001140594482
-305.371417896257	21.2403513966653	29.5506801605225
-305.999341446106	21.2637325014719	29.571346282959
-288.140262388457	52.6938900971294	65.1366729736328
-286.963457240309	52.3710059700386	65.3386383056641
-287.692837823623	52.529662657362	64.8661651611328
-297.913271727892	80.8958992372609	99.4373397827148
-297.166240360318	81.0277524167656	99.2958297729492
-297.074979627281	81.5302838242202	99.4187393188477
-284.472219863635	106.55331599295	126.252532958984
-286.178821235412	106.928037896453	126.047492980957
-283.958027072274	106.112827306242	126.216163635254
-275.986145846368	131.217101045693	147.833923339844
-276.510695266593	131.363691298671	147.516662597656
-277.31828582446	131.824385000057	147.720367431641
-260.483744216323	156.0037929887	165.330917358398
-260.317056106374	156.616044924227	165.205474853516
-260.064848984265	156.255886509691	165.438491821289
-229.974235512973	184.898919629349	176.065277099609
-229.557696627375	184.279529739214	175.833755493164
-230.364628459072	184.563721093039	175.89582824707
-219.969272513952	200.756479364354	182.475540161133
-220.119795152326	200.444209549801	182.580902099609
-221.202539440346	200.171512506128	182.258087158203
-203.46488171286	223.369379087072	185.079330444336
-203.310428375614	223.240110870884	185.199661254883
-203.083241617121	222.657016830837	184.844573974609
-176.444660127757	238.699582785278	183.827255249023
-175.505969408959	239.473402979042	183.752990722656
-176.398539737937	239.447407713593	183.802581787109
-130.024175445135	266.000594761992	180.437210083008
-130.181303229119	265.834690119966	180.575592041016
-130.191584958336	265.6877749769	180.505874633789
-116.807729813564	279.013189209846	174.511505126953
-116.125429517793	279.374598108633	174.448623657227
-114.947816174995	278.836153163491	174.451446533203
-84.0138110706752	282.273365805823	166.999389648438
-84.9883139248089	282.439470237177	166.905548095703
-83.1730885424213	282.573773931402	166.982772827148
-63.8855421744309	297.270023907828	157.925430297852
-61.3216044366943	296.557187226372	158.089202880859
-63.6020131699199	297.397982140774	157.884658813477
-23.0322172399371	299.496456023276	146.519912719727
-22.4207169966627	300.576819221134	146.478179931641
-22.3689641474977	300.601439832705	146.70979309082
-5.70678122453198	296.45387880355	135.018447875977
-6.25782596450308	297.4649112269	134.866470336914
-5.10025048180961	295.842218942885	134.966659545898
4.89247945537753	320.404050080231	141.670455932617
4.97461766360323	320.07122155957	141.583618164062
4.35717100960267	318.955799845582	141.987426757812
-7.28243305604832	313.724593507953	147.03076171875
-6.51341013323133	313.97798514478	147.074035644531
-7.56435836454426	313.547185029823	146.950271606445
-30.3638446148532	319.281909279355	154.779907226562
-30.4610829598227	319.322976080447	154.864395141602
-30.9909312602367	319.129070145614	154.868850708008
-46.857686215248	309.343074680833	161.971267700195
-47.6663816342427	310.040333771255	162.228225708008
-46.6533564908597	310.088021671798	162.334945678711
-67.9008947672232	315.992888474832	170.29084777832
-69.4936761385512	316.631332281795	170.242782592773
-68.0185975575009	316.053097035219	170.289825439453
-77.9918362072177	307.543985079782	177.020599365234
-76.7948130437921	308.458948733324	176.870483398438
-76.4281416194234	308.019054056441	176.953247070312
-120.684061717058	294.087881850652	182.356643676758
-119.95264751918	294.271278007189	182.660232543945
-121.31506767523	294.881312756137	182.194946289062
-120.38394065837	298.939709857604	187.654220581055
-118.102307768139	299.405443902859	187.615386962891
-119.923714540241	298.969027094753	186.892852783203
-129.816717972029	287.272207865394	192.26904296875
-130.657314473367	288.179312118071	192.357192993164
-129.059165086331	289.029794720892	192.471298217773
-162.037907885169	268.563793458216	195.767044067383
-163.168978569653	268.053543265483	196.105056762695
-163.197367102509	267.580609938762	195.975433349609
-188.047064611067	259.180170758418	197.871307373047
-187.722638395473	260.005533671748	197.78694152832
-186.954633093915	259.639315683127	197.773345947266
-202.537625390384	253.256654365997	199.736206054688
-203.290106205774	252.616925887386	199.632537841797
-203.074522985683	252.183407376583	199.385314941406
-216.283683259024	242.474787913297	198.020767211914
-215.469154300536	241.840228686872	198.044036865234
-217.710013619443	240.743971201727	198.218383789062
-228.73565518201	228.899753865913	196.533218383789
-229.461973704261	228.035934417031	196.380401611328
-229.423594835005	227.70026027466	196.54362487793
-245.977899903881	211.994699466478	194.379730224609
-246.962300270141	211.51410117005	194.37043762207
-248.994030782767	209.026463292841	194.511077880859
-252.03970560773	191.133515997915	190.006088256836
-252.15560081618	191.384517717926	190.177795410156
-251.739623805651	191.403514341435	190.277862548828
-263.057684821569	175.358457027734	183.55842590332
-265.70307360991	175.401485238492	183.417709350586
-263.542339912695	175.049907298971	183.578689575195
-262.943694173023	172.261962645655	175.224365234375
-262.725343552715	172.237618344728	175.131896972656
-263.830853072845	172.658337656245	175.249771118164
-280.125327287827	143.410689580984	163.023147583008
-281.311536634857	143.68313423629	162.929641723633
-279.867099982774	144.156444645554	163.282974243164
-303.455079311508	127.459113670103	149.368240356445
-304.785505369785	127.524139955465	149.405776977539
-304.471573393454	127.568874986367	149.89241027832
-309.595426234193	112.157491627702	133.127136230469
-309.273427574029	112.313146165622	133.383026123047
-308.772688627742	112.962853080773	133.718521118164
-317.013632781209	90.8840277010506	115.294914245605
-316.888613345824	90.7743468095974	115.401611328125
-316.57674924199	90.2794643043313	115.348083496094
-310.026741075642	70.048556447027	95.2901153564453
-310.298351068237	70.0080910258608	95.5351104736328
-310.437706861614	69.3154934026413	95.0755462646484
-315.651893760863	51.3555943342191	70.616943359375
-315.910693916205	51.7263980696195	70.7695922851562
-315.668549806728	51.6971565067941	70.6636734008789
-309.674799699142	34.7257723628096	45.8202056884766
-310.133709111058	34.2441082933072	45.9330368041992
-310.36021812954	34.7180955366844	45.9989891052246
-312.028077183072	14.8038533683899	21.4280338287354
-312.150785800491	15.3404085727865	21.315034866333
-311.806979753181	15.1022992898161	21.4898643493652
-318.037317570469	1.1671012555756	1.03584289550781
-318.7126205828	1.88857303909452	0.980446100234985
-318.744224921011	1.57445003586156	1.01819539070129
-325.372772919578	-5.21997836739922	-3.91991257667542
-324.212329752664	-4.07194153797793	-8.43655300140381
-317.189362824061	-6.03340595416768	-9.68868160247803
-311.350185349409	-26.8365932508256	-31.0042552947998
-317.559999153333	-24.8989326529924	-36.0995674133301
-315.907268149244	-23.0056543725575	-34.0929908752441
-315.286179890173	-45.7193508286755	-70.6374206542969
-331.465524382528	-40.8815946054578	-69.7173233032227
-312.146380066927	-44.9492468037391	-63.6387519836426
-312.944991931603	-66.4932333130473	-77.2500457763672
-315.088307370685	-67.7821058591005	-78.3047866821289
-320.358097704164	-68.4966994745604	-80.3294677734375
-318.113795239791	-87.4140415407357	-100.877563476562
-302.005626572322	-86.0595366886744	-105.813140869141
-303.844130284947	-83.1295184911881	-101.949935913086
-306.483418646689	-101.777246368814	-122.106315612793
-289.676699218213	-102.610185961294	-127.727638244629
-306.204049130178	-104.346955484028	-116.551284790039
-290.236025858221	-120.227257968586	-141.259780883789
-289.905557133903	-120.148107370564	-141.416778564453
-290.558664139226	-120.436678433643	-141.461364746094
-284.028576792287	-140.246915424478	-157.992935180664
-282.629947010368	-139.906791557269	-158.050399780273
-284.018571549521	-139.750382961994	-157.962707519531
-281.508741278589	-154.630480541292	-170.339691162109
-282.407271687727	-154.446465358413	-170.273452758789
-281.562964689347	-154.077398081395	-170.346008300781
-270.175507853085	-170.948176091174	-180.57568359375
-270.508729939965	-170.824739360073	-180.619598388672
-270.813489788752	-171.118134380673	-180.834213256836
-259.855294394747	-189.966975562626	-189.495910644531
-258.831013209821	-190.709048313618	-189.662612915039
-259.847287224507	-191.433821189802	-189.359527587891
-241.442502166806	-205.303978479972	-194.422927856445
-242.371406822863	-205.2733978912	-194.33805847168
-241.537219233873	-205.27224755171	-194.415557861328
-233.723919694651	-216.201178480612	-197.701599121094
-232.849931617031	-216.194473685052	-197.990570068359
-233.734780595245	-215.74576171362	-197.915649414062
-221.339106864787	-232.731031648113	-201.804260253906
-220.490637857945	-232.833659342875	-201.78791809082
-220.47851159513	-232.74029525481	-201.477569580078
-204.818718774649	-246.852253349023	-202.607177734375
-204.74901570586	-246.48775930602	-202.739105224609
-204.735021702867	-246.209687363019	-202.438293457031
-190.588575041439	-256.457404356004	-202.204849243164
-189.666563631462	-256.887769317049	-201.347061157227
-191.376227188378	-255.913828837832	-201.380767822266
-173.205377891427	-266.363342041892	-199.408340454102
-174.912409477566	-266.988312473375	-199.620849609375
-173.231666899457	-266.45410782162	-199.944763183594
-145.463876517893	-283.555940084658	-196.575271606445
-144.183147912756	-283.672136807577	-196.619125366211
-145.059400494734	-284.13882143443	-196.783294677734
-139.150205812523	-288.672542110519	-193.301742553711
-136.244678199239	-290.227238117379	-193.236038208008
-137.014560146262	-289.764365306805	-193.533706665039
-121.131267266695	-291.973345204896	-188.830505371094
-121.376627349412	-292.583973393388	-188.756103515625
-121.003074927464	-292.28832031253	-189.070816040039
-93.5495586282925	-304.041548429637	-184.360794067383
-94.2047702814724	-303.535828592432	-184.169158935547
-93.8555731152368	-303.624298321572	-184.254898071289
-81.7330910101059	-308.748945344466	-178.524490356445
-81.697864556615	-307.956882218919	-178.040100097656
-81.9298512780048	-308.462938882959	-177.516876220703
-58.2195861396777	-310.644965422696	-172.724746704102
-58.0257120109891	-309.772484677035	-172.810348510742
-58.052440465765	-310.21085782651	-172.687530517578
-32.5298745546212	-323.756394987826	-163.45361328125
-35.4534933371446	-323.408960694828	-163.530120849609
-36.367418070348	-321.564185974009	-163.46907043457
-20.0522285078268	-312.222002700262	-156.706680297852
-23.2861908716767	-311.867798289641	-156.696533203125
-25.6892787388149	-311.109291403962	-156.878189086914
-14.2276428248665	-311.457032651718	-147.772476196289
-13.4680503240403	-310.627141807459	-147.649047851562
-14.0530703077285	-311.278913067081	-147.624664306641
-3.78326033769366	-330.447511507324	-151.018692016602
-5.80316029556067	-329.623418720422	-150.740875244141
-5.13525823213087	-329.075409965452	-151.01416015625
-41.6512583582329	-318.986749757514	-164.516052246094
-42.2195758552436	-319.301725057905	-164.331466674805
-41.7715170668481	-319.185364977374	-164.588684082031
-59.2802635725573	-322.633630036903	-174.814529418945
-60.6368710222842	-322.325552145617	-174.929656982422
-61.7396356867831	-321.734410583109	-175.603897094727
-91.4725559744219	-317.546000873187	-185.627975463867
-92.8902590473132	-317.606116424046	-185.924468994141
-90.7318062047042	-317.843915044709	-185.930541992188
-122.655771537159	-304.980730573742	-193.049606323242
-121.849766209354	-305.208860430331	-193.015396118164
-121.598450612418	-305.79079897476	-193.17887878418
-147.632963541351	-294.028177050615	-201.504135131836
-147.15951693325	-293.821261802662	-201.304168701172
-148.349554098888	-293.075796278453	-201.28840637207
-163.103463398971	-284.605893363785	-207.695434570312
-162.610459778345	-284.561334254273	-207.717971801758
-163.759308711748	-284.470192015839	-207.749160766602
-196.557974945829	-262.489950912247	-210.216430664062
-198.895762093149	-262.956657332269	-210.397155761719
-196.4744101543	-263.046151396005	-210.467544555664
-217.958955670571	-244.951579050222	-210.634368896484
-217.474480674702	-243.693106207247	-210.697326660156
-217.704236856663	-244.394408773538	-210.572998046875
-236.928249287856	-226.433912923254	-207.439376831055
-236.588977753203	-226.809998301314	-207.650726318359
-237.016222758651	-226.585788478426	-208.478744506836
-259.163702215901	-203.867714011413	-199.79524230957
-260.008330685216	-204.003878938439	-199.539947509766
-260.209072367563	-204.718804092288	-199.493270874023
-269.993634269645	-180.888064627309	-189.321594238281
-271.222273926457	-181.075695917668	-189.130966186523
-270.058873413331	-181.187289517124	-189.252990722656
-289.083046929211	-152.351380345792	-174.230056762695
-289.713836595172	-152.836659859397	-173.938323974609
-288.567414587947	-152.867846833165	-173.876724243164
-296.990889179645	-130.05993244742	-152.25390625
-298.024792304325	-130.328995916423	-152.243881225586
-297.860839620366	-130.368820037987	-152.180694580078
-317.122645907884	-101.375506850209	-125.445266723633
-316.604024619831	-101.55275176727	-125.550064086914
-317.21114080638	-101.505137180377	-125.595207214355
-328.001086871165	-74.4225454985563	-93.4397506713867
-327.146742914227	-73.857830219157	-93.5458984375
-328.280302509243	-74.0913976465263	-93.3999938964844
-332.74119121808	-40.980729945026	-57.9498329162598
-328.55980245498	-48.7300328005269	-57.9841346740723
-333.518022012795	-40.870250290513	-57.9641532897949
-323.980995660331	-14.1275078553091	-17.4213981628418
-324.043778697373	-14.371061219254	-16.9422817230225
-323.624305830962	-14.3633701530123	-16.7901306152344
-339.083013175502	-0.0822262563119693	1.31775856018066
-338.760119686894	-0.671452514277107	0.99133574962616
-337.961014331946	-0.811499308153671	0.843823492527008
-330.810248254851	17.4503136013047	21.5399742126465
-331.153097891519	17.4387568450666	21.6649417877197
-333.284843825787	17.633565676102	21.0794811248779
-330.679237864716	41.8818140134908	58.7367973327637
-332.155256567726	41.8643935000719	58.7484931945801
-332.489687531103	42.0146778388936	58.9277877807617
-327.25066496429	71.1599399523165	95.2592468261719
-327.288633995041	71.4325321224531	95.3289489746094
-325.865605134027	71.2892137124164	95.1128921508789
-305.044952415911	100.518760080569	125.618911743164
-305.273209356229	100.39121030883	125.989967346191
-305.643394192655	100.579984091044	126.462203979492
-314.448211970389	127.667144857725	151.287017822266
-315.032045160135	127.410193893262	151.52409362793
-314.260486933864	128.325341795013	151.46337890625
-292.593541224563	159.577840712314	172.16162109375
-292.841707809034	159.074734651358	172.246200561523
-291.283686921485	158.494527020865	172.151443481445
-286.553356147143	175.425531764895	187.868225097656
-287.68009530894	176.383268408526	188.441589355469
-287.165784659763	175.80777666622	188.220077514648
-250.145597511	206.102014386481	197.386871337891
-249.308922614449	206.565747961451	197.271469116211
-249.662298292656	206.067673829368	197.270706176758
-238.615728610148	220.873588000079	202.818923950195
-238.424699324502	220.11556675006	202.836227416992
-239.20652306877	220.914343385825	202.973052978516
-225.524989522886	236.862512163124	205.918212890625
-224.050984745884	237.661980498004	205.820190429688
-223.914055656218	237.104208623653	205.943145751953
-203.88869354302	264.20752609372	206.176910400391
-204.729043793582	263.877539030587	205.910797119141
-201.910206430639	264.065213972215	205.917327880859
-175.785495501397	273.558837549005	202.678634643555
-176.02469021617	273.456978099214	202.708221435547
-176.477404884194	273.845613133112	202.678955078125
-129.554122243397	302.064415755274	196.508605957031
-130.397200326227	302.556782493912	196.335403442383
-129.76949105019	302.31517138187	196.542266845703
-125.363597490651	308.700744127263	188.119522094727
-123.422926876307	309.112608117901	188.298812866211
-123.982570727574	309.774616508532	188.432006835938
-77.0639978450417	317.400561440713	180.472305297852
-77.5060780886228	318.111894390181	180.351547241211
-78.5111859936152	316.99780787272	179.732177734375
-67.4325419683109	321.504392558766	170.008834838867
-69.5907718922809	319.003137149601	169.889221191406
-68.4919190945644	319.309134498482	169.713653564453
-27.3166364529978	331.274399425278	158.777954101562
-29.0884057444194	329.843990192152	158.676162719727
-29.4154002980254	330.282114512688	158.792556762695
5.40575189712234	327.002415133368	146.593322753906
4.93025441511031	327.597138254483	146.535461425781
5.62204827216655	327.054001830922	146.87825012207
5.18094061245412	327.939296395324	146.573013305664
5.15553765698522	328.616328860568	146.856262207031
4.92784694091245	327.386540421004	146.797882080078
2.6028946478956	334.418670590669	150.050842285156
0.909136994112714	334.093974747154	150.225646972656
1.86493557880945	333.976248731186	150.336975097656
-19.2051568282482	340.440741747815	158.53337097168
-19.5814350398518	340.451660521351	158.23974609375
-19.4019856236378	340.252633141221	158.313903808594
-40.8913786788702	331.075297413733	166.832763671875
-44.8153393358129	331.134462446247	166.960006713867
-45.3304042343776	331.220561219938	166.825637817383
-62.0009218704977	336.255690619447	174.111557006836
-61.0154616122376	335.289183897282	173.807113647461
-62.2467386046063	336.431914570637	173.817108154297
-72.492225943865	325.494499417722	181.642547607422
-72.0381240219834	324.943142663871	181.882675170898
-72.2613544345759	325.123218898028	181.742538452148
-106.385908672009	324.95771268496	188.518569946289
-106.820670485323	326.330464285006	188.424942016602
-105.141528455806	326.137207410513	188.548400878906
-108.862103265444	324.558122086873	194.977584838867
-108.221968654034	324.628053149138	194.793899536133
-108.293215618671	323.971135840099	194.706283569336
-134.323825424175	303.26411779922	199.644134521484
-133.294122288748	303.377253185979	199.629440307617
-133.950390736727	303.930793169007	199.65217590332
-147.773306460383	308.131619331679	203.81086730957
-149.064765841295	307.830354250394	203.892059326172
-143.859531849746	308.508338989517	203.769470214844
-156.209432847564	297.594964537003	208.263442993164
-155.665120952324	297.095814025181	208.056930541992
-156.37747453613	297.780558076059	208.116836547852
-191.774574313597	273.580292531737	209.062103271484
-192.102571042586	272.864121491939	209.339630126953
-191.438335894728	273.0253556494	209.353729248047
-215.619611049882	261.582041949622	211.181655883789
-215.1402614053	261.824996508713	211.255264282227
-214.454431025194	261.805021378463	211.225448608398
-230.907950838911	254.978142252755	212.255126953125
-229.67167467881	255.417150119885	212.091995239258
-229.739909221681	255.535220543626	211.973342895508
-246.936507942854	240.243482318049	210.989685058594
-246.813923462171	240.456917308916	210.860916137695
-247.334275193856	240.692495293097	210.806793212891
-259.8853783263	221.558062809066	209.41828918457
-259.549894654511	220.971860844607	209.679718017578
-260.436064382618	220.970173923465	209.554885864258
-258.054318821887	210.264695874944	206.981887817383
-257.316515979693	210.792374146574	207.173004150391
-258.299155797002	209.834233900468	207.190612792969
-268.469660834478	199.478174860052	201.021728515625
-266.998721600737	200.153249908945	201.023544311523
-268.297576711697	199.709208495548	201.156723022461
-292.79444439375	184.752764622367	193.154312133789
-293.090004911039	185.570171169518	193.377746582031
-293.422519327824	185.491005956034	193.133605957031
-298.742323669876	162.25685815299	182.737121582031
-297.276509035563	162.45246366691	183.017272949219
-298.630681907221	162.026002197945	182.962509155273
-316.652276077854	144.04482419298	170.564239501953
-316.784202329799	143.582219676648	170.880310058594
-317.890982432134	144.225380998834	170.92839050293
-314.271690911286	133.61868917954	155.407012939453
-317.03327778129	133.317558115431	155.92073059082
-315.717473932557	133.695518158346	155.876876831055
-317.705149412295	115.799379723432	139.100082397461
-318.920528764674	115.944634503978	139.49430847168
-319.45456287238	116.121657257814	139.39860534668
-336.564760556101	92.9829434022042	120.39875793457
-337.000109583033	93.1875660219149	120.308219909668
-336.900643113261	93.1802997036334	120.455558776855
-334.281607419836	69.2618735325451	98.2386245727539
-333.434940157303	69.5215125369712	98.3835754394531
-332.312616666151	69.4317232136451	97.8805999755859
-332.795832966096	51.7326402204246	72.9570159912109
-336.419896229244	52.2318692254604	73.1336822509766
-332.796577334979	51.927323072961	73.5750503540039
-328.784894676558	35.0802377844017	48.4661598205566
-328.983131555318	35.1870055501502	48.453052520752
-328.277263242063	34.9299280275665	48.2849540710449
-333.496728706096	16.3443949702648	22.7942943572998
-332.099504451061	15.8902209528748	23.2751235961914
-332.431972804508	15.5412126287407	22.9357624053955
-342.37406633332	3.07231934308442	1.75216233730316
-336.696798278808	1.54218221602483	1.9277970790863
-337.467007879355	1.47215145464656	2.11023688316345
-333.742943826796	-5.20319171413848	-3.92731833457947
-326.084211430713	-6.20082379577048	2.62134170532227
-325.089528925062	-7.16305778675277	4.35029983520508
-337.37427609594	-22.8213303360162	-30.4239292144775
-334.088448393698	-23.0859199844223	-31.998929977417
-329.696068365025	-23.3939205911693	-32.0365562438965
-335.017314293943	-50.6171111000117	-72.7120132446289
-351.420593390284	-43.576682631182	-71.949348449707
-332.527763126854	-47.4908140177308	-71.6973114013672
-336.535270193123	-67.5460682479971	-86.4659271240234
-342.985985289448	-67.0154691369661	-84.249626159668
-345.395403872974	-63.4814863613419	-79.8063278198242
-328.236022262477	-78.674533953202	-104.651031494141
-316.213292354098	-86.5965259961371	-106.737953186035
-318.907608250238	-79.7147688333746	-113.700660705566
-316.795067254046	-105.074298590846	-120.547874450684
-337.109018251876	-101.129196969076	-138.205963134766
-318.335834029724	-99.7780551936616	-123.386810302734
-321.274203592983	-121.117223061455	-148.593734741211
-321.421742878282	-121.55335274736	-148.096832275391
-321.195303545281	-121.068560853056	-148.634353637695
-312.587878723337	-139.735734679527	-164.257949829102
-312.666317067726	-139.770992041596	-164.632522583008
-313.014463464828	-139.490497964178	-164.102600097656
-295.486942432143	-157.007116840858	-176.726440429688
-295.257774988122	-156.705494422132	-176.825988769531
-295.539302900131	-156.940811821285	-176.06575012207
-294.623293965762	-175.725405692043	-189.901718139648
-294.234921485496	-176.071610587016	-190.070556640625
-293.771241423017	-176.763960665381	-190.702041625977
-281.196101679682	-187.48124946308	-198.177215576172
-280.615540203865	-188.09787011057	-198.534606933594
-280.807155951268	-188.210077077608	-198.825286865234
-269.368926654845	-205.699950695092	-206.750396728516
-268.556881791338	-205.361166954121	-206.912460327148
-268.549274227072	-204.785141792946	-206.259796142578
-252.969395833613	-226.057537732169	-212.091934204102
-253.922259525082	-225.929831599134	-212.130035400391
-253.345443538059	-225.308440281768	-211.406875610352
-240.047175793264	-237.852823606675	-215.049270629883
-239.482232383472	-237.809862054066	-215.332885742188
-240.167371482326	-238.080953503344	-215.446624755859
-226.025919085698	-249.024680269449	-215.957641601562
-224.821440891185	-250.336827416296	-215.644256591797
-226.232657961857	-249.463589253052	-215.648727416992
-209.587608237607	-269.000077555343	-216.96516418457
-211.410563200776	-268.723656640231	-217.400817871094
-212.170477653085	-267.975368458781	-216.866500854492
-198.140385988747	-274.681995786492	-216.261535644531
-196.761625504576	-275.640502547398	-215.226440429688
-198.208977941072	-275.940272170647	-215.641616821289
-184.97962083307	-282.683006226456	-212.504684448242
-185.161329093352	-283.220897157249	-212.486862182617
-185.102704263128	-283.431781171079	-212.315368652344
-169.105226028044	-295.736966233259	-208.125854492188
-169.786327348394	-295.606548524995	-208.370239257812
-168.579406901699	-295.766832916838	-208.445114135742
-142.337371314163	-306.596775047983	-205.542572021484
-141.186303585329	-306.383332581355	-205.389801025391
-141.651361036914	-306.594310807264	-205.103088378906
-127.350989155224	-316.46072322253	-201.565673828125
-125.111671996945	-315.595924094181	-201.671234130859
-126.445986759042	-316.625047279484	-201.599411010742
-113.896622544124	-315.513621330226	-198.135375976562
-113.219507693506	-315.670913967934	-197.459411621094
-114.818184684748	-315.419035806614	-196.188568115234
-82.1927249446241	-328.392283498668	-191.450225830078
-82.7409876344991	-330.218615800883	-191.282104492188
-79.979190253922	-329.09269758517	-191.41650390625
-77.0114943829501	-328.046901231466	-184.553863525391
-74.7471234953322	-328.462690219923	-184.638168334961
-77.4999748257424	-327.965809578176	-184.436782836914
-54.2405877827952	-332.434647807044	-176.346466064453
-55.4752600030458	-331.068722779174	-176.249816894531
-57.651119754556	-329.987872722132	-176.507446289062
-36.2845457080954	-337.481602151662	-168.489074707031
-37.0883080380832	-336.80962048384	-168.361953735352
-36.9942697718735	-336.82835522956	-168.402084350586
4.02950088515827	-341.858947434025	-160.351028442383
4.07717345320615	-343.504226417547	-160.56867980957
4.33410301817896	-342.414855938759	-160.486267089844
12.3834108428225	-346.276352389858	-155.12141418457
10.6406447030108	-346.855686370815	-155.017929077148
11.6563724260365	-346.498416000119	-155.064956665039
-3.88192880940321	-351.805286843927	-164.022842407227
-4.76069544878385	-351.196311674915	-164.030838012695
-2.71918029846947	-351.099686829276	-164.062210083008
-0.903505557451922	-351.347862355317	-164.145706176758
-2.08493981431417	-351.006070010134	-164.174072265625
-1.37900739663633	-351.278423257177	-163.854385375977
-22.5562402535195	-358.874259604495	-176.164535522461
-22.5442967095628	-359.265757785754	-176.053634643555
-23.7820485719971	-357.924865945865	-176.141723632812
-60.0316506754097	-358.148366255705	-189.095001220703
-58.45181976097	-358.559878562436	-189.109146118164
-58.4598224349363	-358.902698386148	-189.07080078125
-95.7311681529589	-339.64063553342	-198.012939453125
-96.2221902373251	-339.841384711375	-198.723281860352
-94.7054792287368	-340.842940105256	-198.424087524414
-126.534034272566	-335.039340512454	-208.214492797852
-125.621390941264	-334.01212037465	-208.273681640625
-126.063786323403	-335.330426045853	-208.252563476562
-143.413162543258	-326.658054889785	-217.730255126953
-145.120100083565	-327.700032378122	-217.640121459961
-141.610461023828	-327.701623901114	-218.000549316406
-174.057710200164	-309.998403695716	-224.114990234375
-172.092611798319	-310.059682431826	-224.116790771484
-174.019539905802	-310.121485530398	-224.184448242188
-194.483269938137	-303.906153107198	-227.005157470703
-193.853458210202	-304.111577639723	-226.967880249023
-193.981711219136	-304.259193365536	-227.35905456543
-220.123658828894	-284.428905890574	-231.573181152344
-216.944422837206	-285.053743042375	-232.175659179688
-219.411610054619	-285.279270438554	-231.736755371094
-240.969193949204	-262.996623371471	-231.960113525391
-242.373512561811	-263.378551077916	-231.997604370117
-241.476791767417	-262.859581922871	-231.560150146484
-263.931142062266	-245.883642559956	-228.906951904297
-264.247458350347	-245.698082106642	-229.201370239258
-264.377802319695	-246.058592601831	-229.118896484375
-287.778792432359	-221.316919392232	-220.87760925293
-287.297035526733	-221.212481482702	-221.036407470703
-287.309957037372	-221.884849832513	-220.891708374023
-300.623343884011	-198.662641054998	-209.343246459961
-300.054323594197	-198.362672859004	-209.499557495117
-301.433977038345	-198.192714326068	-209.41862487793
-312.248119017925	-171.80050712014	-193.057189941406
-311.732083681502	-171.838722526729	-192.967391967773
-312.231531559301	-171.983432427692	-192.627502441406
-331.987654241914	-146.955771013204	-171.99348449707
-331.722577424724	-146.264094075466	-172.033920288086
-332.11704358669	-146.50088571912	-172.251205444336
-341.882258431378	-115.276750558415	-148.095901489258
-341.288312851415	-114.275579216657	-148.134750366211
-341.734857787111	-114.86488311681	-147.917465209961
-354.761983737834	-88.0451084220313	-115.512184143066
-355.85612209743	-87.9455991010643	-115.404632568359
-355.175725498483	-88.3313245219995	-114.571105957031
-361.207967767265	-58.2833679865696	-78.6481094360352
-361.844304589427	-58.3023674001478	-79.2968444824219
-362.044738196158	-58.9829620689554	-79.5794448852539
-363.683522681221	-33.5601281921977	-39.3148651123047
-364.233314506089	-32.3090779787404	-38.9438209533691
-362.909943060683	-32.9768645478361	-38.4283638000488
-361.260568404458	1.53512818140911	9.79877471923828
-363.512764423912	3.47370393420408	12.652195930481
-357.921629538177	3.49669073085207	14.9341344833374
-362.051090645932	2.43410967408985	-4.77942419052124
-357.052171983777	2.49115913533049	-7.37793016433716
-350.340590781698	2.18056641531737	-9.96991729736328
-371.985553271286	31.7199991807695	42.8658065795898
-364.075188786133	30.1976320227335	42.3741111755371
-355.992541321848	30.4207420498594	40.7386169433594
-356.101387250925	59.3266303827447	84.7515106201172
-358.435333523831	59.2428446479413	84.0475845336914
-358.9643117942	58.7665531306587	84.1638565063477
-341.595731751482	88.1994986501067	107.193908691406
-376.542051582139	91.19853287291	123.989669799805
-353.283829168045	83.8836368408792	118.965469360352
-342.832347522716	111.024611238363	147.519134521484
-343.460685741925	111.266732099534	147.48991394043
-343.725041927876	111.527536158442	147.631256103516
-323.055657441816	150.009643585547	174.673156738281
-324.493886300457	149.626579989257	174.374771118164
-323.893104614828	149.585033034133	174.206695556641
-304.150583342866	176.992899350335	193.502044677734
-305.02007296598	177.631420353811	193.390426635742
-304.04582995285	177.404743636632	193.44694519043
-306.26273397296	198.949417187345	206.932342529297
-305.638760723042	199.555419130726	207.17610168457
-301.287314610632	200.027836838372	207.056243896484
-270.52510958876	222.348286900338	217.663391113281
-269.442566862817	222.780305915687	218.017669677734
-271.058652224906	222.139994115021	217.930786132812
-278.042222095131	234.741281121259	225.059417724609
-277.695832097905	235.028221245652	224.718338012695
-276.941174588263	235.344861924517	224.866683959961
-253.235275020107	262.298450051198	227.468978881836
-253.959365069558	262.498162673151	227.392456054688
-253.387112424722	262.724351999894	227.32633972168
-233.096651846281	277.062032102287	226.712188720703
-233.479046946921	278.052812998678	226.375885009766
-232.91615657767	278.08382005948	226.433044433594
-204.004361830972	302.510878398157	222.621826171875
-204.198262249519	302.036286938983	222.948822021484
-204.989769063941	301.597046503079	222.661727905273
-177.13748103085	306.865196154191	219.154678344727
-175.486084232138	306.998385149726	219.006011962891
-174.906459410981	307.465987082993	219.129455566406
-138.817343058486	334.625373332376	212.070434570312
-137.936258926494	334.890783153314	211.361892700195
-133.274136453784	335.849929262729	211.594680786133
-127.320891841482	329.905644737948	202.631210327148
-127.289107746309	330.054252682584	202.516479492188
-128.893891217219	330.557889963677	202.408554077148
-82.7470783569891	354.1851068854	194.698287963867
-83.3543823429326	354.160080574184	194.084854125977
-83.9379807319051	353.595916953022	193.403656005859
-55.853719157406	349.247317690956	183.170394897461
-56.3960626615151	348.176569165502	183.213851928711
-55.9824722609425	348.511119660792	182.874465942383
-37.8211440267818	359.552081793781	169.503997802734
-36.6668893464502	358.265908744411	169.588485717773
-37.9602974268186	359.323289640206	169.710632324219
-1.42439566056422	360.541398464611	157.316696166992
-2.05783290798738	361.698458545933	157.325592041016
-0.789173141388616	360.334058882112	157.062225341797
1.77558314695059	373.723408099595	164.637908935547
2.586391155575	372.901889689958	164.698547363281
2.92485071155977	372.865103288776	164.977508544922
-22.1431855887714	379.632935430047	173.06657409668
-20.8557043977078	380.087078594445	173.131988525391
-21.4945623773864	380.311417094626	173.208389282227
-36.9714612177362	372.008414494795	183.070007324219
-36.5173944877519	371.122636422221	183.024291992188
-37.8189144585142	371.265816368441	183.084411621094
-62.6887159836569	374.487533411889	191.247924804688
-62.8010392730722	374.3265428337	191.026504516602
-61.6432752281504	374.296907837129	191.054016113281
-71.786710899269	366.735394310536	198.854553222656
-71.7779092809903	367.047506333116	198.990585327148
-72.0217195713468	367.204785626223	198.817077636719
-108.528989839905	366.322454109339	205.661071777344
-107.925532404377	365.650805595307	205.720596313477
-107.560288403525	366.738970374198	205.715545654297
-105.651122843759	365.012384881654	210.553512573242
-104.973784424576	364.995601285259	210.672027587891
-103.837628130126	364.889695369184	211.045333862305
-145.441185418562	344.010973495411	217.083404541016
-146.134051604666	344.463842577058	217.173263549805
-140.888717559284	345.106958826533	216.939193725586
-152.389047898359	353.368002258557	222.301467895508
-154.726382669186	351.940743034585	222.830352783203
-159.221928756003	350.21581390968	222.788864135742
-180.867260595392	326.862995668468	226.914123535156
-180.970649799863	327.353092582478	226.804595947266
-180.428087847099	327.063746916574	226.777145385742
-195.060913752195	333.296302735848	233.235336303711
-193.964745852086	333.559452777864	233.429534912109
-195.535701858499	332.185409946034	233.310028076172
-194.869398568483	325.175669756469	237.138595581055
-196.344068923938	324.887897323284	236.711196899414
-195.394789577776	323.844145998344	236.889022827148
-205.19423887331	312.598748707912	238.736862182617
-205.216230776738	311.992513241288	238.998168945312
-206.292299060958	312.315696346221	239.079559326172
-227.350653958007	293.623774364305	239.127182006836
-230.861190808221	290.758059705313	239.607299804688
-230.484255147308	291.015098808308	239.412643432617
-257.684298394101	272.65239907425	240.353286743164
-257.406435754398	273.006127320149	240.388229370117
-255.643754867968	273.219916482034	240.367385864258
-267.017444819003	260.14110077088	239.720443725586
-267.013834888634	259.839477144705	239.443557739258
-268.113061228825	259.038561503795	239.886352539062
-272.133697978983	250.288303429248	237.801544189453
-272.497782719789	250.790237218338	237.296508789062
-271.800695426642	251.786013501758	237.599151611328
-292.946604789587	236.03679453233	234.74169921875
-293.182126066275	236.186199925341	234.761154174805
-292.412342001268	236.190703260854	234.664337158203
-305.630894171932	229.172058438379	229.997085571289
-305.689451896515	228.876686185625	230.156356811523
-304.982397114646	229.366994205123	230.053588867188
-329.937790996742	197.084894699348	221.19841003418
-328.445220554904	197.256807351458	221.477005004883
-329.188414766025	197.4965336131	220.820785522461
-315.380521937967	193.7665720288	212.497543334961
-315.819480404579	193.807126957442	212.747207641602
-315.93113995967	193.493108255584	212.946929931641
-342.117814270626	165.163246479366	201.654159545898
-341.928136339241	165.196155692706	201.608871459961
-342.325318642849	166.071480097236	201.677673339844
-337.240605013074	152.130157792366	187.135726928711
-339.277967881334	151.965093768916	186.787506103516
-337.869725380865	151.895100088947	187.085678100586
-358.041464895594	131.882353278693	172.321136474609
-356.893243506999	132.068134353317	172.125427246094
-356.333080721271	131.994147187895	172.115188598633
-362.786586223746	113.169063464875	154.960067749023
-362.349482130277	113.270985529364	154.376922607422
-362.383922858149	113.534445195639	154.633590698242
-354.420170802013	98.9797481583335	132.224014282227
-354.944945934393	98.6672286094615	132.149932861328
-355.476198419742	98.9450867808408	131.932708740234
-380.939194700144	80.3141998294105	109.520095825195
-380.616994902589	80.4292389395372	109.748672485352
-380.631019176229	80.6629977025478	109.414962768555
-379.480870968199	58.1415697607678	85.5212249755859
-379.260893288509	58.0623269021842	85.0815963745117
-379.775622116728	57.7224599418645	85.2236175537109
-368.558213136655	38.2824096491541	59.339958190918
-367.823645816855	38.5152907983179	59.1340789794922
-368.222101201621	38.4029438193624	58.7987327575684
-372.230313348167	17.3680900518628	29.5419864654541
-372.956475323976	17.4358521947516	29.8150043487549
-371.240764509755	17.5559070269722	29.9917640686035
-380.567210553526	-4.55339986314598	2.19311475753784
-382.293561852289	-4.16933931743434	2.45504593849182
-381.501799331374	-4.53432525707201	2.45012950897217
-386.526358110464	2.21996725016005	2.11735415458679
-386.355842895653	1.3370798140555	1.53852367401123
-386.590386473965	2.1386593763587	1.87072360515594
-368.71916423739	-21.7200646942289	-39.0904006958008
-371.520253762606	-20.9439278498466	-37.9646606445312
-368.87136635782	-21.1806197728052	-36.3995666503906
-370.631580438134	-38.9907848170121	-70.1414489746094
-385.683213698019	-44.6813128873851	-66.7644577026367
-380.893284375127	-36.8319913796463	-64.2910995483398
-361.642559211202	-57.6652505885708	-82.8778991699219
-357.107781546487	-59.0820391287826	-82.3433151245117
-358.005514834513	-60.9667584782171	-77.9133224487305
-384.962613321666	-75.7580859491415	-97.2903289794922
-366.829640802451	-83.79982297047	-109.862899780273
-390.871122579824	-76.6035568173975	-103.91333770752
-353.056692316781	-98.8740280815894	-137.381500244141
-361.580642854642	-105.20989633834	-123.478271484375
-366.763840694033	-95.0323801118565	-132.034851074219
-345.985973462534	-113.908950149918	-152.434936523438
-343.759216357231	-118.210320916395	-148.037155151367
-358.480131601423	-120.582168937212	-148.85237121582
-355.424826982065	-132.371493952064	-169.819534301758
-352.858652531148	-131.840816780869	-169.774871826172
-353.910014991217	-132.184523004345	-169.556427001953
-342.345791786125	-150.600245773756	-188.749618530273
-343.155982797904	-151.387112870543	-188.485580444336
-342.884163471385	-150.733029951935	-188.315628051758
-334.025641219706	-175.666983112092	-202.160400390625
-335.346973023073	-175.627014858166	-202.363265991211
-333.131687370318	-175.5578749765	-202.464691162109
-331.704390810219	-185.698955891604	-211.98307800293
-331.078039605607	-185.911127109485	-211.646423339844
-331.107029184102	-186.348209201528	-212.191314697266
-312.672077097123	-206.563786985294	-225.02360534668
-312.909508369233	-205.451647250456	-224.083129882812
-312.502742888892	-205.663461714467	-223.89111328125
-307.261412360864	-219.014077639676	-232.308959960938
-308.009534962714	-219.660613516356	-232.530136108398
-308.393678423586	-218.910743467061	-231.662811279297
-294.503070871893	-241.489483339076	-238.469741821289
-293.683887523586	-240.607460896342	-238.699127197266
-293.733320154164	-240.912020778539	-238.703277587891
-279.163656503131	-253.844904601357	-240.682373046875
-279.83690198326	-254.939575111122	-240.697463989258
-278.718392033838	-254.050070836675	-240.91877746582
-268.722049993915	-264.109583110311	-243.280364990234
-268.834240107726	-263.683224365006	-242.539840698242
-268.108409659636	-264.039732734337	-243.085815429688
-256.997434986412	-276.27372878919	-243.513671875
-256.06006668006	-276.906067133764	-243.318389892578
-256.88952883144	-276.743176024063	-243.177536010742
-241.310508693755	-291.641690439994	-242.404800415039
-242.628056380086	-290.92884324818	-242.281173706055
-240.816744974558	-291.655180977183	-242.515121459961
-222.496851160388	-304.561366306271	-241.959655761719
-221.322073730871	-304.540501705706	-242.003601074219
-222.696254622257	-305.264467689905	-242.166000366211
-200.558538086974	-321.848908592591	-240.861511230469
-199.636837863477	-322.534770011184	-240.632949829102
-200.860944335466	-322.294362543085	-240.707290649414
-194.568841711992	-327.086749092725	-238.383438110352
-194.866466814816	-327.264480446449	-237.479690551758
-194.054369895712	-326.083406635947	-237.027099609375
-173.351994099465	-331.71024407877	-233.674468994141
-173.85785757172	-332.11267708492	-233.079772949219
-173.015423684031	-331.964457210274	-233.437835693359
-154.227325056077	-342.792959969034	-227.271575927734
-157.485769465483	-340.719998327889	-227.296859741211
-158.289598618447	-341.189396866214	-227.324005126953
-138.351568395662	-356.146225796309	-221.706695556641
-138.265053486357	-356.519748791342	-221.661911010742
-139.528457071099	-355.940381147096	-222.084808349609
-120.197507107172	-352.549142498551	-217.145538330078
-119.809404644142	-353.358220296364	-217.040634155273
-119.479434911113	-352.644114381215	-216.8857421875
-85.9027356526013	-370.761156646603	-209.821594238281
-86.5704849078843	-373.536883633526	-210.072662353516
-86.3507508927729	-371.028171866948	-209.979354858398
-73.6829846455439	-367.919438678286	-204.566040039062
-69.6554324005823	-369.326574507078	-204.633255004883
-71.5855971068784	-369.666583367375	-203.96418762207
-58.7380952267325	-382.863348717405	-195.077758789062
-57.3649734332349	-382.447651886233	-195.27946472168
-58.0177205280598	-382.274945394883	-194.730911254883
-37.905076018109	-369.651484059624	-188.852890014648
-36.4973515377875	-371.226576406187	-188.521667480469
-39.2574664455854	-368.957970882279	-188.601577758789
-12.5196749796726	-385.2164825081	-178.780227661133
-16.5764778154228	-385.317499821052	-178.691909790039
-11.9996085044407	-385.01380412369	-178.967330932617
5.25140820372357	-374.632428241195	-171.206787109375
5.65126940416603	-375.204085906993	-170.965179443359
7.50960609185191	-375.863200553767	-170.61442565918
6.0229828387977	-375.225970453258	-171.608093261719
5.78162319016175	-373.787719267397	-171.245681762695
4.51264723779693	-374.625436351767	-170.864486694336
-15.73741471037	-377.876329758642	-175.443557739258
-16.8864657942311	-378.09843612671	-175.314636230469
-15.4246647489052	-377.598976040025	-175.569183349609
-22.9950586364579	-384.246736180672	-186.681198120117
-22.1780138180388	-385.888025900437	-186.64909362793
-19.0504412003238	-387.471375112056	-186.444274902344
-49.0778808799855	-393.935551992897	-199.140335083008
-47.6320497343228	-392.397143391605	-198.99755859375
-48.687971323769	-393.252466878582	-199.031265258789
-101.370259304315	-373.280461411207	-210.066879272461
-100.983911296036	-371.52578580216	-210.321701049805
-101.166321638365	-373.406429793286	-210.55451965332
-122.699083012435	-366.297783014344	-221.574569702148
-123.271712450944	-366.636490656482	-221.410079956055
-123.190403742239	-366.191268169707	-221.225784301758
-148.362046144835	-362.006241480533	-228.460678100586
-147.35602947831	-361.210644458204	-228.770385742188
-148.830464947206	-361.62937729426	-228.654327392578
-176.431616919821	-343.333188433553	-239.211578369141
-178.850010734183	-343.806529880535	-238.955337524414
-175.802036291748	-342.737380835133	-239.456817626953
-205.071739423989	-328.700626555446	-245.12287902832
-206.5814757194	-329.512111109673	-244.727493286133
-204.230581635128	-328.592030241147	-244.959915161133
-218.775394308501	-324.641526996613	-248.357482910156
-219.321807332768	-323.85489111414	-248.710083007812
-218.295775719086	-323.628591987786	-248.466522216797
-246.261562815714	-299.283008791507	-250.528213500977
-245.650452116712	-299.737494204322	-250.499816894531
-246.378924176106	-298.986089774601	-250.880447387695
-267.219675233158	-279.780080194658	-249.446975708008
-268.302403970837	-279.388383235684	-249.407455444336
-267.055071717047	-279.383704973173	-249.647537231445
-289.566999052365	-261.406219433508	-248.208770751953
-289.496688402985	-261.615348696098	-248.234283447266
-289.474323969689	-261.140485676559	-248.417007446289
-308.364047425497	-232.105723047541	-241.87646484375
-307.327537835719	-231.957799957007	-241.948501586914
-309.02298544347	-232.070479627555	-241.837890625
-331.020006035689	-207.968811454693	-230.484008789062
-330.071188332724	-207.744363351799	-230.758911132812
-330.71353262912	-207.691916108122	-230.253265380859
-346.512714205661	-182.127044608546	-216.440658569336
-345.326891950589	-182.317766138854	-215.719329833984
-346.799656107846	-181.824446334385	-216.628723144531
-361.465791329538	-160.969937513298	-196.457595825195
-361.496625000746	-160.67578697261	-196.294647216797
-361.429554115362	-160.657720212957	-196.296112060547
-358.896817065751	-131.452174168468	-169.599884033203
-358.357509652156	-131.170751524	-169.277847290039
-359.088822535772	-130.526252083068	-169.377792358398
-374.940697025037	-100.71846438146	-137.327728271484
-373.3289613408	-99.6084151122496	-137.248046875
-377.955172904494	-100.586610589959	-137.414840698242
-371.979702840958	-73.1031595050309	-101.678825378418
-371.826652118314	-73.1581457088577	-101.225234985352
-371.958681376542	-72.9566454096591	-101.011108398438
-379.968669022646	-45.7207923407502	-61.3034896850586
-379.557037553962	-46.1226055177949	-61.7651596069336
-380.92395549734	-46.6216745675591	-61.6671943664551
-396.620934059072	-12.92987569415	-19.3623065948486
-395.850936184528	-12.6276358975355	-19.0738964080811
-398.187152343956	-14.2713845913802	-19.6993789672852
-385.752419013526	-1.16642540474197	-1.81908619403839
-411.081942771896	3.40745422765912	8.29156684875488
-400.726664851393	-1.95846960105274	-0.298059910535812
-398.889417162226	18.2682335489594	24.7065200805664
-377.44328510752	14.5658863237561	17.6280746459961
-385.810683145411	19.863795932683	27.8192749023438
-394.176324786107	44.6754361866424	76.4703369140625
-395.828839636911	51.4335196807987	77.9251251220703
-381.200062155085	44.5057197058	76.5703125
-369.777236307032	81.6884134944316	102.954177856445
-402.232422848954	79.5393521214626	94.7676391601562
-388.687249852458	75.5655225185158	107.427200317383
-367.653281857929	106.98269852256	140.655242919922
-368.021283165243	106.941404872077	140.883056640625
-367.441955491788	106.492908846326	141.132705688477
-376.436999369142	133.704500939948	169.176727294922
-378.101774988125	132.369941064217	169.017303466797
-377.104397065374	132.4095635308	168.941558837891
-344.153277308366	162.382594719041	194.962982177734
-343.393981466015	163.207633883726	195.179107666016
-343.334840211941	163.64707046824	195.00830078125
-330.965653448306	189.278649202047	213.722305297852
-331.749733830314	188.16421186786	214.151992797852
-331.015763161126	188.161623864383	214.039093017578
-325.860720013925	216.664877324765	229.307647705078
-324.567265900419	216.410347572313	229.346832275391
-325.424390440121	216.207003629251	229.487777709961
-308.381825979142	228.46051975489	237.523193359375
-308.607470727786	228.276094433352	237.473449707031
-307.970308862895	228.55378163684	237.561767578125
-298.908598197391	259.365194320765	244.28352355957
-299.579518303578	259.062551680808	244.212280273438
-299.326413090592	259.433764213391	244.35595703125
-269.496039648316	286.052605764012	248.314361572266
-269.902670653209	285.240399985814	247.698379516602
-269.370345886273	286.086292532772	247.698181152344
-254.561670669849	302.922352454508	246.994384765625
-253.300079592873	302.402971521343	246.826141357422
-253.647779458392	303.899133244812	247.034515380859
-237.81838110657	310.364811611555	243.701553344727
-238.061042964935	310.80662496682	243.361206054688
-237.180721299143	310.690037869683	243.495162963867
-183.977321535003	329.270163508146	237.771911621094
-183.704947393883	332.967941870653	238.094757080078
-185.179965062853	333.017680334046	238.262344360352
-170.396385814522	356.085973603008	232.657562255859
-168.625299880685	357.007003156687	232.655319213867
-168.207481223728	356.863275315746	232.582397460938
-145.46217264975	352.971598760365	223.989837646484
-144.460942055595	353.174761870087	223.936752319336
-143.046947494802	353.750536541336	223.325592041016
-116.980441735228	380.388620536229	215.38899230957
-116.566831525129	379.527242997295	215.527404785156
-118.957729129937	379.690592987688	215.53791809082
-80.980227290319	375.542555004796	203.796691894531
-79.6830831220194	375.794919180236	203.715270996094
-80.2224485703936	375.594861425928	204.128540039062
-51.2213542501716	388.129680429451	193.739837646484
-51.1137776736169	388.187600152332	193.94694519043
-51.4636094828221	388.275515915253	193.664566040039
-25.7015422903312	380.93327656799	182.151885986328
-26.0516552407737	381.345298417841	182.136276245117
-25.4509729810183	381.163178628418	181.723175048828
-3.70748056343616	386.23592241949	169.105606079102
-4.81825486033081	386.350702297099	168.979736328125
-4.91339167372207	388.350916555173	168.977020263672
-6.58848750868724	387.883900671123	168.409164428711
-7.74396684183479	388.970637132576	168.305541992188
-7.09545852738424	387.649569321715	168.439590454102
-3.57492354764031	398.401763808597	171.519912719727
-2.99678482379082	398.195898758127	171.63166809082
-4.0773139122076	398.925138730263	171.687149047852
-2.47939369359857	397.384984664003	171.95036315918
-2.65332857395853	397.695494886535	172.039138793945
-2.02511194005446	397.413916762982	171.809875488281
-16.3409021121598	392.299719830873	180.86589050293
-17.5085611288053	393.160594171797	180.208435058594
-17.237399681014	392.294157921956	180.280899047852
-45.2541965723043	397.112631362662	189.192535400391
-44.497900538715	396.831038951454	189.183334350586
-45.0396712921335	396.488460726366	189.314682006836
-53.4451479546341	390.019830054248	198.259185791016
-52.2821687130632	389.39010153826	198.712249755859
-52.6142309473215	390.320869699588	198.425247192383
-87.1940204851404	394.176593509949	206.304763793945
-85.8208707251943	394.542538395798	205.617431640625
-86.3239589063671	395.347515801316	205.650817871094
-86.7033548131441	388.671120116982	213.63249206543
-88.2681830531751	387.101509069901	213.020858764648
-87.1497366515933	386.293685468306	213.157257080078
-129.876842545208	372.730252131472	221.037750244141
-130.292067352421	371.636389409555	220.979751586914
-129.580687458415	372.101943954948	220.99951171875
-133.553926343771	382.926641812044	226.803741455078
-131.161369337441	382.079623184782	226.976913452148
-133.006822846518	383.621255420656	226.89094543457
-149.503760198982	361.409957737221	231.047454833984
-149.673127715013	361.339844305242	231.166000366211
-150.131625825804	361.371031221074	231.225219726562
-184.162448668335	354.982697734166	236.313659667969
-185.023560378762	356.683321481667	236.177352905273
-184.045026929133	355.971449932478	236.370025634766
-180.496958134682	359.102064757808	242.501510620117
-180.796382717676	357.322907386011	242.543655395508
-181.126040350115	358.443963510339	242.101745605469
-195.151747879682	341.956036183481	245.879058837891
-194.577132186755	340.901103242423	245.943817138672
-195.288005462729	340.899623922286	246.011108398438
-235.429312376486	317.370609046053	248.589477539062
-234.812882476532	317.188967067992	248.812469482422
-235.693867386754	317.977115805622	248.040618896484
-226.89801762523	330.024743896599	252.602783203125
-228.530753881634	329.768754456263	252.464965820312
-227.355264255165	329.750396659046	252.850830078125
-238.684364183208	314.275148166021	254.828094482422
-238.976205789872	314.215523975596	254.900177001953
-239.146383651285	313.266455228063	254.980209350586
-253.529174456459	295.375625371912	254.901214599609
-254.178615675459	294.807973688869	254.912872314453
-254.008016908034	295.602290432817	254.898101806641
-270.654763023203	278.938680028256	253.674926757812
-270.57152768901	280.163755691911	253.490997314453
-268.327647312912	282.214968783673	253.640853881836
-298.665890887996	261.375123954671	251.92839050293
-278.180503210733	274.319224091354	251.971817016602
-279.47922365111	274.729448370539	251.742630004883
-298.345574881163	258.960689734335	248.558959960938
-299.990861998582	254.949573896598	248.794723510742
-298.241350514056	258.636214949422	248.812286376953
-332.133629399838	235.573446186168	243.539749145508
-331.68547982502	235.094528741749	243.616424560547
-331.391261205666	235.150015316873	243.575378417969
-333.335765023187	208.772892458786	234.609313964844
-329.590174578744	209.862421933456	234.577163696289
-328.416714347989	210.489002461814	234.982833862305
-343.022796728599	204.339889772103	227.553131103516
-341.803530995688	205.080730174365	227.415710449219
-341.881141163024	205.76739700943	227.568634033203
-341.254574467094	181.412976484196	215.560684204102
-340.681810430241	180.924074482861	215.033447265625
-340.671524073337	180.80563254807	215.244766235352
-377.481359306245	157.911193458492	203.161163330078
-377.420018063479	158.2087705559	203.04753112793
-376.24164534026	158.195779322253	203.034439086914
-375.15943960925	150.600606531462	187.323333740234
-374.897951077133	150.389992858353	187.382827758789
-375.334453451518	150.463312875045	187.357727050781
-377.999478544698	131.441362835561	168.265914916992
-376.921601560816	131.33319480086	167.991790771484
-378.054789331666	131.673767879127	167.478225708008
-395.377981568694	110.200651529995	147.903213500977
-374.421945749846	112.042476896499	147.665985107422
-376.338918943081	112.634844140262	147.197296142578
-376.233967819829	111.785229417085	147.080520629883
-401.558437487681	86.923126006416	125.091529846191
-400.524024053311	86.5898378685404	124.761199951172
-400.965036099651	86.0235981005133	124.433921813965
-384.38443138823	67.1841549462987	101.499061584473
-384.021757592373	67.1607212300354	101.483985900879
-384.138915695645	67.0707282580713	101.591888427734
-407.91187417766	50.7346139715562	74.462760925293
-407.752567613089	50.4777149681154	74.5842056274414
-407.246425426238	50.699049076856	74.7957382202148
-403.181108065971	29.3993143270881	44.4058036804199
-402.535449638327	29.1344362602349	44.294132232666
-402.039396484141	28.8934544163457	44.1515731811523
-388.285807773181	11.0496624287588	18.3549766540527
-388.228872843533	10.5629178433477	18.7208938598633
-388.807988403904	10.1523329322127	18.6941165924072
-402.131138807438	-0.652862820714788	2.17715787887573
-405.057820381772	0.680209825584683	2.27333855628967
-408.073832823848	1.73012400179151	2.77610564231873
-387.757514645917	-6.48384341541595	-8.89358711242676
-401.122775334565	-11.0445459629692	-11.5336942672729
-374.987633793391	-10.2734969270903	-14.5811862945557
-387.154400001531	-30.5353448413998	-46.5881271362305
-404.034572909398	-24.6472211045458	-43.3190841674805
-390.173580109575	-29.850196956201	-44.5872955322266
-413.954855639396	-53.2541353532392	-68.4361114501953
-395.508290409289	-52.2458876046984	-72.3453521728516
-405.054262346391	-58.0966748088581	-73.0661239624023
-394.2477242906	-67.9958804035319	-91.794189453125
-390.069335949905	-64.7715139797266	-88.1627883911133
-385.112101104942	-65.6726647416338	-88.754524230957
-390.941500732836	-88.9785789045719	-134.477584838867
-384.933184901842	-83.8362173362844	-115.930099487305
-399.36177546823	-90.6966125098779	-117.012878417969
-370.748631942553	-105.623635895265	-140.443405151367
-365.277573128059	-110.696441106487	-143.834747314453
-378.112523246304	-113.871359030506	-148.659408569336
-381.302396577304	-124.006553489106	-168.394149780273
-379.811268263022	-124.305108486576	-167.627319335938
-380.197002945636	-124.163287049384	-167.782608032227
-375.567275166106	-142.961766017379	-185.825531005859
-373.376776474916	-142.078177480695	-185.872177124023
-374.312656611277	-142.239880576185	-185.602828979492
-359.82651856155	-160.905605340218	-202.038665771484
-360.368327622539	-159.788916720662	-200.625778198242
-360.989839128477	-160.185812550939	-200.293319702148
-350.727480505026	-184.289894572118	-217.199859619141
-350.208571427251	-184.260430605241	-217.193023681641
-349.5960350198	-183.879938178889	-217.771209716797
-348.401828209078	-195.65605757906	-227.592132568359
-349.433948600482	-195.509825382694	-227.329803466797
-348.757985278998	-195.35948788227	-227.596542358398
-332.285104941178	-212.21064033012	-238.436813354492
-331.715274489954	-212.121789185434	-238.257263183594
-330.379006916625	-214.040439761253	-237.982894897461
-326.031806952317	-228.329852205807	-242.699569702148
-326.314714209259	-227.078131343579	-243.423156738281
-325.90957466917	-225.716957435989	-243.638366699219
-310.303974228374	-251.289467797228	-251.735366821289
-310.830840394811	-252.301625221723	-251.8681640625
-310.896427305529	-251.779521570809	-252.02587890625
-296.728893398706	-265.672657006286	-257.295043945312
-296.931894360607	-265.237048272061	-257.062805175781
-297.210846825239	-264.927035140904	-257.625152587891
-286.505938353645	-276.499670136724	-259.158874511719
-286.570590026287	-273.260325653804	-259.022247314453
-288.24455230193	-274.975710333014	-259.126770019531
-274.775141712057	-287.13773446471	-260.469787597656
-275.278641720322	-287.050585752172	-260.868347167969
-275.438906848904	-287.119070398495	-260.892364501953
-261.044839594055	-302.685691829119	-260.96337890625
-261.608215329688	-301.871961799566	-260.223480224609
-262.192290972258	-301.9938007892	-260.280212402344
-238.667383250288	-316.588836527867	-258.39599609375
-239.034643793639	-317.252515164222	-258.27783203125
-237.832760458206	-316.250266449863	-258.367553710938
-219.193022672925	-333.965765756666	-256.067016601562
-219.776446965048	-333.214094044463	-256.335052490234
-219.511496358259	-331.855626517382	-256.419342041016
-213.741957984475	-339.866587751449	-249.719436645508
-213.92337134034	-338.840287354771	-249.566650390625
-214.414815286344	-336.435391078471	-249.514144897461
-193.308750314341	-343.71328284234	-247.635101318359
-191.97637906929	-343.760693045065	-247.676574707031
-193.154549949928	-343.913895318288	-247.584167480469
-175.415250496059	-360.143333634811	-241.545440673828
-176.443634772447	-359.635847355644	-241.843872070312
-176.030479298663	-358.810218350548	-241.829223632812
-157.824724585163	-361.188256086684	-238.208953857422
-158.583256575939	-361.620073205395	-238.486251831055
-158.963678428411	-360.984874577998	-238.605438232422
-132.774196029389	-375.995453522832	-233.947570800781
-131.496173794555	-376.267050021191	-233.618896484375
-132.05145182049	-376.099678233076	-233.498886108398
-124.253460104501	-377.919048026975	-226.376190185547
-124.0263981277	-377.5175677273	-226.677001953125
-126.028189055808	-377.457424978007	-226.450622558594
-107.583781085906	-379.359024353809	-218.6787109375
-105.283321330445	-379.430133031457	-219.012390136719
-105.152435968103	-380.11691060874	-218.873245239258
-80.4209331036531	-396.759533772847	-211.511764526367
-82.5163863322184	-396.686808665319	-211.30126953125
-79.6125094805341	-397.454848697994	-210.5400390625
-59.3957565198247	-385.821712440078	-203.776901245117
-58.3784363508132	-387.598046274492	-203.625579833984
-55.6764940132161	-387.966653484661	-203.85041809082
-32.0979662533446	-405.530935508222	-196.647888183594
-30.8100174303035	-405.228398589108	-196.717681884766
-29.3632829122974	-405.21001745875	-196.892868041992
-20.1456930212989	-392.587675529673	-185.828353881836
-17.0775800992333	-392.576480215405	-186.081146240234
-17.5531333764826	-393.140732905993	-186.137878417969
-0.404936200322368	-404.923089529577	-178.801452636719
6.33531590087318	-404.476260933981	-178.947799682617
3.87794532213795	-406.461844130065	-178.729598999023
16.2122658701711	-420.20628030942	-184.829605102539
17.2464994149816	-421.087944670918	-184.964309692383
16.1944144785862	-420.8071197498	-184.61555480957
16.8508133918957	-423.01335004463	-185.199829101562
18.3307750900248	-422.83694969255	-184.937805175781
16.581121552192	-422.749139020647	-184.64485168457
-15.5852266505397	-427.753393353049	-199.301177978516
-16.6638234481108	-427.932929612746	-199.641189575195
-16.9456860979352	-427.960225989886	-199.909332275391
-70.7642712168698	-413.829755275669	-211.901672363281
-73.0899647377336	-413.442962043117	-211.656646728516
-71.4863950891011	-411.744640454552	-211.495880126953
-90.0995650859288	-402.825430227719	-225.002746582031
-89.083563556733	-403.491044091001	-225.137283325195
-90.0899150432049	-403.3000123671	-224.957443237305
-105.164015584332	-408.816050128674	-232.194107055664
-104.172900214456	-407.781701279166	-232.315948486328
-106.069096632022	-407.521995725527	-232.367614746094
-156.004487393302	-383.13607585511	-244.945602416992
-156.104171194784	-384.566901014201	-245.345993041992
-155.264877617879	-385.13193290585	-245.184997558594
-173.317878687316	-377.092537955541	-249.049072265625
-173.03683004206	-377.434410608497	-250.416244506836
-169.615082858679	-379.275359363427	-252.505981445312
-205.323856401782	-361.082252892461	-257.223083496094
-207.900970773352	-359.905785017016	-257.249664306641
-208.938839521844	-360.57942360414	-257.343414306641
-221.127990151055	-358.667190805978	-263.078857421875
-221.808638194766	-359.00270215187	-263.008880615234
-220.820025750223	-358.10011430113	-263.457611083984
-252.104169458276	-331.104660023472	-270.041290283203
-252.063907048395	-330.406048331597	-270.202514648438
-252.637478193762	-331.325673650609	-270.444213867188
-279.812690339259	-314.006982969346	-272.495849609375
-279.709670212088	-313.818913028129	-273.060455322266
-278.647724326515	-310.934920628454	-272.962829589844
-294.687323693742	-299.820294703286	-271.426483154297
-294.378497139573	-300.569231402638	-272.49462890625
-294.680750905573	-300.225271293954	-273.612487792969
-319.723752492085	-270.054232240995	-270.466156005859
-320.844741320507	-270.477972363962	-270.260498046875
-319.706437074308	-270.130158092324	-269.738311767578
-340.601870218928	-248.336729731272	-260.025146484375
-342.029599073725	-247.190358874149	-261.292297363281
-340.643460452222	-248.358062221201	-261.061676025391
-358.967839700751	-227.006299479587	-252.299575805664
-358.411776096389	-226.41161619433	-253.045623779297
-358.672464539453	-227.969362923808	-252.939697265625
-363.647252660712	-204.36042017575	-236.134292602539
-363.430192229281	-203.726476736171	-236.274215698242
-364.730309637948	-204.033153917994	-236.400360107422
-388.79460698841	-172.076260163295	-214.57177734375
-389.738906158139	-172.083320680788	-215.013473510742
-388.62986906656	-172.118377011749	-214.9052734375
-398.218948916294	-144.381096747451	-192.436660766602
-398.66090643377	-144.419987862739	-192.222198486328
-399.019254625126	-145.431863307471	-192.402420043945
-407.259072590758	-123.998751374709	-160.296340942383
-408.078687005992	-112.951711683626	-160.006973266602
-408.455065560798	-113.070593216062	-160.086318969727
-418.779780433471	-88.4732301692285	-124.913192749023
-418.260294234948	-88.8148769022013	-124.960227966309
-419.024969064113	-89.5105857440071	-124.973152160645
-403.667129490099	-59.0000277776742	-84.1803588867188
-403.583010320665	-59.2121495515606	-84.2605895996094
-403.764319719244	-58.065409924845	-84.1423873901367
-408.899106803421	-30.2641976148772	-41.3556137084961
-408.253815284179	-30.0045512332616	-41.9249801635742
-408.897293620336	-29.9963579120486	-42.0211181640625
-425.943069893414	-3.88317736323444	5.60771942138672
-419.314369445627	3.59905413482934	-2.56156969070435
-445.254155595952	3.41510577885899	5.36567258834839
-414.651716135032	2.7109618508232	-2.25971722602844
-442.947069581957	4.42323721542544	3.25073146820068
-426.136500022265	-2.98317704829074	5.84721708297729
-409.291454337473	33.1220797284487	38.2952613830566
-442.676576730576	32.4350319146784	42.6882476806641
-409.320413835386	30.8915659826499	48.1274719238281
-389.480350118248	58.9534229139743	88.6210403442383
-390.762198107524	59.1704052777646	85.5677185058594
-396.707340937083	58.8020310109603	82.44140625
-412.757790834475	85.9175902636074	130.39241027832
-412.87047426212	86.8788460939509	130.283660888672
-413.53442314477	86.8924785161629	130.77311706543
-395.682078811698	112.715824038981	163.310470581055
-394.812267250711	112.805220084841	163.408355712891
-396.780911981376	113.078507542436	163.199447631836
-385.819293555202	153.427234705427	192.471542358398
-384.786204733455	152.78033909531	192.725555419922
-384.977217968652	151.971367648968	193.023742675781
-386.246414946972	169.037054586257	218.442337036133
-384.777532693516	168.690731050287	218.697372436523
-384.948685664937	169.054320395458	218.632965087891
-355.565083772665	197.319088530232	236.715225219727
-355.577965473329	197.35576284876	236.562759399414
-355.827656567956	198.214287441471	236.759735107422
-340.861133535208	230.666039638597	248.706527709961
-339.936779797216	228.927583069233	248.65364074707
-340.096772814277	230.200723140812	248.618392944336
-350.447614719304	243.565490556453	261.337005615234
-350.605638317433	244.447405078652	261.408172607422
-350.658090142164	244.36230641031	261.181579589844
-312.944082257467	284.558185643744	265.219757080078
-312.396743022837	284.873202013219	264.970672607422
-312.106768809871	283.902721477889	265.184967041016
-307.951509404596	283.55058461988	267.307037353516
-306.8904877385	284.003041303938	267.549163818359
-305.569548777782	284.336740283981	267.645538330078
-275.849365350441	304.845443843057	267.371887207031
-276.389390764492	304.892611209169	267.028106689453
-276.58008587761	305.212931638887	267.037017822266
-231.756549114986	341.82002143076	266.044891357422
-232.144035569892	340.57019757617	265.182922363281
-233.489368717387	340.678105821917	265.460266113281
-218.055458923567	363.688167143152	261.787231445312
-217.949029919055	363.961084325021	261.463409423828
-218.068450447085	363.104059678282	261.009674072266
-215.977544076337	358.295769697266	253.77880859375
-216.31125897545	357.859699389767	253.76123046875
-216.789071577399	358.248608825511	253.963195800781
-159.137039327623	388.769108812088	245.490219116211
-159.995779583791	388.609729192569	245.775588989258
-160.682795560521	388.54846387015	245.421768188477
-159.094135778117	382.357613425788	238.085647583008
-160.216871140513	381.961624489061	238.173004150391
-159.88279770468	382.180789582004	238.024642944336
-114.111627715317	409.676410092726	227.5419921875
-115.081462118838	408.85397197319	228.050735473633
-113.92371215302	409.990603227461	227.786178588867
-83.2380274119656	404.386632717902	216.519287109375
-82.2578227954533	404.638675290703	216.744506835938
-83.1952395388454	405.194415433549	216.82746887207
-68.6423459637649	413.753754289686	204.592407226562
-69.2882564794769	415.151357914263	204.642944335938
-67.0711701686955	417.177279468215	204.723449707031
-27.0007139602264	422.400710215963	191.102493286133
-26.7924063048842	422.383931540954	191.363311767578
-27.051216149363	422.842951833053	191.674514770508
1.46025582928362	413.325181261486	178.524887084961
3.36921710551673	413.801030633837	178.497100830078
2.13736230930229	413.872565636242	178.374984741211
-3.63099637728789	437.798452624227	186.081039428711
-3.75599563755407	436.059238578231	185.875259399414
-3.52314120725418	436.975890713527	185.752593994141
-8.82448693444209	442.122329324743	189.920883178711
-11.958143122643	442.309192407557	189.639770507812
-9.8894967259258	440.284240052489	189.68635559082
-27.6200438044759	431.452417099451	198.853546142578
-28.4409969843969	432.166576569638	198.883361816406
-27.937722600316	431.316257608567	198.621292114258
-52.5957171663055	436.483309985996	208.879440307617
-52.7716229426441	436.321459468618	208.678314208984
-53.8322053465095	437.363330176557	208.25163269043
-65.0119484633824	428.226397849068	215.600280761719
-64.0670378281234	427.334725005762	215.526245117188
-65.4600500394088	427.241177779232	215.814147949219
-88.1854753867336	436.96085328264	224.385925292969
-88.2478570999499	436.278367120903	224.406707763672
-87.4724932763433	437.097645590587	224.479125976562
-97.5270202208471	419.544507015402	232.446990966797
-97.8348320383578	420.60293019963	231.858642578125
-96.8240633233064	420.450482027972	231.757446289062
-137.89516613687	422.354517139462	237.889251708984
-135.673982398213	424.33809915076	238.038681030273
-137.186197621649	422.947389093826	238.692047119141
-161.786062901081	405.417063810701	243.701156616211
-162.231666489721	404.92551933183	243.224594116211
-163.297625443168	404.888962946355	243.270812988281
-160.465057855084	414.251115223026	252.963989257812
-159.434625493167	414.332133243994	252.496459960938
-159.723878007329	415.390322856469	252.42512512207
-176.009869082919	393.102487785538	258.618988037109
-175.325206275073	393.245489577135	258.409790039062
-174.433107953594	393.621861791016	258.241729736328
-214.370830489892	385.474913645688	262.705139160156
-215.264968846592	385.091502693063	262.740997314453
-213.877844645141	385.69478207813	262.881805419922
-204.812944870382	388.778049771421	268.188903808594
-203.977329627994	390.732824288261	267.421295166016
-204.294148356998	390.121762631942	267.417572021484
-216.63824856216	375.637097688993	273.441528320312
-216.368126460234	374.56547495985	273.515258789062
-217.09067953829	374.842453026885	273.209869384766
-266.961796362934	347.539467913422	274.590637207031
-266.231282576952	345.963152179207	274.3046875
-265.296617956918	346.298927408867	275.986877441406
-275.710834584522	344.471497292419	275.913909912109
-276.97203901873	344.945555553789	275.989013671875
-275.37217675535	348.537377388046	276.040466308594
-289.130384055085	340.023741423729	279.210571289062
-288.749953243989	339.887806343228	279.430999755859
-288.62922330221	340.571001927678	279.54833984375
-292.405369237126	332.108507864139	279.563690185547
-294.16022747103	331.831011606871	279.766632080078
-292.791906931705	332.428710492255	279.697204589844
-300.573646852583	320.255745696521	279.681121826172
-299.023168017963	319.305976455491	280.0869140625
-300.069761599817	319.625589306977	279.789245605469
-321.241604916431	303.952267305515	279.853088378906
-321.150071547953	303.906941423449	279.789703369141
-322.158773354023	304.208515073117	279.3193359375
-340.564091186147	283.483747683985	275.937438964844
-343.724261048676	282.639338243078	275.858642578125
-343.17636992887	282.734071241986	275.694091796875
-366.624827446276	255.468741166558	273.177093505859
-365.99881248912	255.732756394094	273.091247558594
-366.447691549139	256.142310286901	273.119964599609
-355.718539587815	241.323883424943	270.110076904297
-374.052884776261	249.054365109116	269.307342529297
-373.554593130111	249.087237732437	268.535186767578
-372.010697508123	250.184864714356	268.826538085938
-363.491468260434	227.419935693825	259.501434326172
-363.780834113247	228.156433079318	259.348937988281
-364.325130508569	227.449267044523	259.371215820312
-385.774996959209	218.739997294959	253.458786010742
-386.235000689113	218.839176425575	253.055328369141
-386.355261032406	218.717070472367	253.160278320312
-393.550722539836	190.415338298453	240.725784301758
-393.311017860646	189.57612574125	241.198333740234
-395.715369904064	189.911677076554	240.893112182617
-402.148835177603	170.549272993741	226.741790771484
-403.566673584698	170.388874842498	227.119613647461
-402.733981066498	170.764133714402	227.50456237793
-423.793810754935	154.374974245948	210.823120117188
-423.112263161971	153.70331884245	210.634567260742
-423.164591871529	153.707007882996	210.770950317383
-430.491784654574	141.726417967381	192.831771850586
-431.851985172052	140.774879629365	193.117111206055
-430.924074360319	141.115401676815	192.846542358398
-433.705940681533	116.281850999156	173.595077514648
-435.173525116887	117.604504907121	174.171188354492
-435.168591066054	118.135474061204	174.057098388672
-432.605954511862	100.563923583113	151.082366943359
-432.920547915565	100.881623097209	150.698608398438
-432.246632944011	101.090903074487	151.142105102539
-429.799334547036	88.1666799748291	123.748672485352
-428.196538078021	88.2409040613523	123.91641998291
-429.375729186665	88.2872486698631	124.180213928223
-434.843677984881	61.7724875991696	99.5716781616211
-436.44838790258	61.1587219570981	99.7722091674805
-433.829699951917	61.2975905926277	99.1036529541016
-440.928110397401	48.2627516116658	71.8651504516602
-443.076805043572	48.9495764341285	71.8181991577148
-442.303342109277	48.0050327330494	71.4284591674805
-429.577266430258	22.6134315644341	38.8421020507812
-432.90732294368	22.0940267689164	39.4950218200684
-434.881155881149	22.0089230823739	39.9182891845703
-450.679649714727	4.18083728120359	10.2744941711426
-450.247833158005	3.52311050911536	9.45585441589355
-448.40679888954	2.1723289366731	9.59087657928467
-444.113856700228	2.68102203051265	3.31551933288574
-448.677230560232	1.95250432066919	3.44660520553589
-449.210250025468	1.70722031119695	3.02382731437683
-438.771060764288	-21.8857108277656	-27.5054988861084
-450.651015778552	-13.6480968965256	-19.4417953491211
-455.558894163697	-21.8587735578355	-24.4308834075928
-450.765264392838	-30.9615458784402	-65.0083847045898
-437.132205646395	-36.5235831074001	-66.437255859375
-461.956965511248	-31.4042954341203	-66.4695816040039
-437.678327356895	-60.5739939423393	-73.7835311889648
-445.354148521681	-53.9652914450494	-83.1988372802734
-436.382299834467	-53.4647093747474	-81.0582962036133
-443.796882596857	-79.5897395427769	-108.494842529297
-455.743284099493	-69.1723896591926	-98.6507263183594
-429.704011635596	-71.2230370982016	-109.920219421387
-434.060988106354	-91.1700637135391	-128.503845214844
-423.991610775331	-89.4585820984912	-133.285629272461
-411.450844410302	-91.0231528737088	-137.56787109375
-416.028228822863	-113.150287384452	-157.47428894043
-415.585186918829	-113.542509012096	-156.917282104492
-414.406257164742	-113.393291304271	-157.153671264648
-415.947962116891	-127.236696359389	-179.797088623047
-415.311414620533	-127.128366246244	-179.924957275391
-414.736982198084	-126.757078519402	-180.099838256836
-417.3184313259	-147.450753787345	-199.824325561523
-417.232766322965	-148.110924415864	-199.872146606445
-417.481526434492	-148.115287319881	-199.691497802734
-406.369709038625	-163.548745595328	-219.336654663086
-404.793395130312	-162.915145241846	-219.682342529297
-407.267592361776	-163.716739395279	-219.626358032227
-392.337687655945	-181.413529039221	-236.07861328125
-391.490971824669	-181.203295226275	-235.979461669922
-391.422451464924	-182.294846369526	-235.973022460938
-381.479672820718	-207.065053985798	-245.349426269531
-382.08059078853	-206.784612819653	-245.516815185547
-381.736605084927	-206.82407333679	-245.905578613281
-381.342930683441	-217.062529794428	-260.622009277344
-383.121725996286	-216.83379514272	-260.370880126953
-381.920519551727	-216.698420143984	-260.490783691406
-363.21280343153	-240.336573295196	-266.884887695312
-363.697549891604	-240.130524372001	-267.004852294922
-364.155001607805	-240.555227935536	-266.519134521484
-363.269763146621	-256.54042760899	-273.811798095703
-363.69315224185	-256.112606414057	-275.163238525391
-362.946962090591	-256.22415432219	-274.866790771484
-350.669358643329	-268.714679929382	-280.953552246094
-350.632646986769	-268.679199303728	-280.862945556641
-350.152392002357	-268.872498149585	-280.526458740234
-329.805040112741	-289.520285166646	-282.408569335938
-330.709058020109	-289.919718307905	-283.484771728516
-330.806174772393	-289.500483565153	-283.37158203125
-317.610972426957	-300.702541343413	-286.349761962891
-316.750063902003	-301.771893183174	-286.315277099609
-317.312707432597	-301.70027973981	-286.339904785156
-302.743240236266	-317.156874022414	-286.465637207031
-304.091098514666	-316.698402079712	-286.742309570312
-302.529386798125	-315.737059976413	-286.620544433594
-286.845479292664	-329.217744874221	-285.815185546875
-286.005290570547	-329.367823534283	-286.078521728516
-286.029873223762	-329.452514430882	-285.701812744141
-273.326511714394	-346.851892041244	-284.694152832031
-273.472350236971	-346.345254093167	-284.515716552734
-272.913784775706	-347.148762069364	-284.904510498047
-265.518077550267	-353.290363290906	-279.950317382812
-266.237066317739	-353.509893024939	-280.05322265625
-265.143541090984	-353.008917917093	-280.036865234375
-246.138460015761	-357.843717866219	-277.151397705078
-245.65994816755	-358.245786012827	-277.177032470703
-245.249721019749	-358.083235743427	-277.425170898438
-232.838157760246	-370.759784588662	-273.976898193359
-231.139979932217	-369.783724814533	-274.016326904297
-233.543416698804	-370.523284206757	-274.570495605469
-202.451300884259	-390.618718140305	-272.376678466797
-202.665202081677	-391.962826834298	-272.113677978516
-202.181801528967	-390.924889265372	-271.059265136719
-196.052048247203	-388.755594042246	-268.386169433594
-196.038557484477	-388.228482568694	-268.2587890625
-195.691183453	-388.120996092326	-268.653228759766
-168.751053864666	-413.459942519809	-262.344848632812
-167.628891861681	-413.567378515654	-262.938446044922
-169.97023933534	-412.713498336272	-263.201629638672
-164.045662610591	-399.230600231403	-253.056045532227
-164.379000893614	-399.927872398718	-253.427825927734
-163.968116292483	-399.722497842066	-253.555694580078
-132.801520803849	-414.372321277861	-249.421188354492
-128.387985704922	-417.777665339928	-249.031539916992
-129.38658268298	-415.840035929644	-249.514099121094
-129.998199790769	-419.11303734263	-242.072418212891
-130.428193091454	-418.791757441042	-241.85791015625
-129.504611692923	-421.367600821238	-242.321105957031
-106.684295343939	-421.384953145036	-232.812957763672
-106.275766823519	-421.702556124546	-232.731216430664
-105.262963947389	-422.246612803511	-232.851043701172
-86.4073300077221	-433.698391240839	-226.228271484375
-85.1019338335391	-433.610596670562	-225.715927124023
-87.5729031783288	-431.98724518078	-225.70622253418
-66.6911958749628	-430.25955763329	-217.591766357422
-43.6119487226136	-438.783004867312	-217.461212158203
-69.2453106264422	-428.761782338663	-217.636627197266
-41.7055420777316	-441.564066721792	-208.554962158203
-45.0229160422032	-440.793512741972	-208.579727172852
-45.1973454724839	-439.089757110628	-208.898849487305
-3.10928668981956	-441.737175011427	-202.1845703125
-2.43846367295851	-442.709566241843	-202.449340820312
-1.83135038434511	-442.529039141361	-202.562408447266
-6.89542722030987	-443.558185017838	-194.328735351562
-4.19414443822953	-443.469068197997	-194.371520996094
-5.4051445526361	-443.641028362408	-194.306411743164
11.7078302168329	-458.852593694784	-196.457870483398
12.9298085626916	-459.424608713456	-196.581985473633
13.4978369108061	-459.279250379043	-197.493423461914
-45.2025752401715	-442.682359457425	-210.397048950195
-42.7545072785038	-444.999433095837	-210.336822509766
-45.2283426128417	-443.696128897418	-210.52961730957
-62.0948908474337	-433.539293990764	-220.201461791992
-59.9105915675266	-434.604637330971	-220.605209350586
-60.0549430428862	-434.519856000937	-219.885925292969
-78.0492774320769	-442.626031646295	-233.482650756836
-79.451087693491	-442.636885500911	-233.966491699219
-78.4840319754634	-442.934962671188	-234.127731323242
-122.718872870597	-437.331223960517	-244.071044921875
-121.565624959911	-438.134281285882	-243.956634521484
-123.725652315401	-434.047314242204	-243.859634399414
-148.905337585804	-417.357942164014	-257.272491455078
-148.075863330493	-416.306845109311	-257.110626220703
-150.123269386394	-416.562675463029	-256.888580322266
-165.251480003426	-424.341984679365	-264.007202148438
-165.524553489001	-424.601271847414	-263.953155517578
-164.743044524359	-424.393718818512	-263.792388916016
-193.167274076335	-408.319127313314	-274.163909912109
-192.460094597068	-409.981895621449	-274.531036376953
-192.324028135335	-411.064778897038	-274.157775878906
-237.465357259974	-383.712878222772	-279.377044677734
-235.714629642912	-384.195002860044	-279.79150390625
-236.862117812278	-383.719716559915	-279.625305175781
-253.958092449809	-370.109287732714	-284.591064453125
-254.294946429165	-371.360135064244	-284.126159667969
-252.638961847874	-372.020308364024	-284.455932617188
-272.072296616127	-355.624789696152	-291.004150390625
-271.513391844522	-354.831846285058	-290.081176757812
-271.916243307253	-355.073583239949	-291.201232910156
-297.104768443619	-335.39767418616	-293.264038085938
-299.769212901187	-335.244694759022	-293.364135742188
-297.87624528966	-334.67319087632	-293.406402587891
-316.877113438191	-314.161599058681	-293.445617675781
-316.08662300112	-313.26462055447	-293.025817871094
-318.144727581985	-312.921148824511	-292.910095214844
-336.034855061489	-293.947131539949	-290.811828613281
-336.719336751691	-293.658425877678	-289.751922607422
-335.723849014708	-293.581465203025	-289.963012695312
-364.046851492315	-266.798355721095	-283.360229492188
-364.280777434767	-266.810552792915	-283.170715332031
-363.916340473626	-266.990344256549	-281.944549560547
-369.650433985105	-243.120694000319	-276.985504150391
-370.683739345312	-242.485761893162	-277.248901367188
-369.366803051881	-243.253746426163	-277.739105224609
-397.478390095445	-219.093145032047	-260.627227783203
-397.442989869725	-216.97430045453	-261.611938476562
-397.529372577074	-218.103799728548	-262.880737304688
-411.813753250258	-190.923948973992	-244.782608032227
-411.521955419819	-189.506876810159	-244.852951049805
-411.621300966701	-189.290364877099	-244.766815185547
-409.212321535074	-168.465274216894	-219.173126220703
-410.593061336754	-168.657977092115	-219.171234130859
-409.82195502182	-168.568303827392	-219.332489013672
-433.626422520238	-136.650954368615	-190.570495605469
-434.497026216393	-137.091399535506	-190.249465942383
-434.497221980954	-137.826072835071	-190.308120727539
-444.676711746757	-110.780077562786	-158.618240356445
-445.117640380947	-109.680508236686	-158.727874755859
-444.270996392783	-109.514555404321	-158.385116577148
-433.819224852439	-78.3173624654567	-118.303909301758
-433.164764373633	-78.0332613209987	-118.116035461426
-433.692106415014	-78.3623714012265	-117.874374389648
-456.636720485686	-49.3953906745044	-77.5329513549805
-453.88943699391	-50.9376011130336	-76.8292541503906
-455.27890870645	-50.3730614367367	-76.6445007324219
-448.3077847847	-27.9961030482763	-30.1555271148682
-449.107995580528	-28.1323960421822	-30.5849208831787
-453.356929612403	-27.8595810247556	-29.9023017883301
-446.934091699227	-0.730646943316941	7.01090335845947
-468.442675710755	-3.98813013404444	-1.94703435897827
-438.937705322778	-8.39522921061349	-0.0304662697017193
-454.350511756457	7.33015576591097	17.0618095397949
-454.186830390924	7.16119491008884	16.4372940063477
-454.505540336063	8.23292001766903	17.3664741516113
-461.348840144072	38.4389049168527	61.7828140258789
-461.33827579373	38.3210906758804	61.8717231750488
-461.205657711814	37.3500856395478	61.5059814453125
-448.25298020036	71.3712940587316	101.117431640625
-446.287294277438	70.822218954133	101.052619934082
-446.683315689148	71.0951547979293	101.313262939453
-426.473524541882	93.7219260433701	143.16194152832
-426.282720649872	94.4470289457491	143.2275390625
-427.301976095067	92.852258435471	143.5947265625
-422.040924091797	122.612040671116	177.079788208008
-421.705065683944	122.129553453909	177.040100097656
-422.256580813631	121.512694746113	177.385299682617
-436.865086264095	155.649139168814	207.547866821289
-436.392728607127	155.848827502559	207.456466674805
-429.265374563608	157.818209132634	207.758605957031
-399.338476240385	178.846611512863	232.106506347656
-398.936154520051	179.7072568304	232.318206787109
-398.341570650081	180.494167933621	231.73616027832
-396.285986701057	202.672856288501	250.750122070312
-398.146165729883	202.577418572434	250.823150634766
-397.780381369013	202.584863386412	250.986236572266
-373.316486063332	242.505341355937	267.098571777344
-372.620206502091	242.050895794487	267.75390625
-372.143654103704	242.4542759121	266.971832275391
-382.600380560671	247.422169589542	277.625640869141
-381.597917578823	246.698795260866	277.684417724609
-382.271116921481	247.819486072027	277.548736572266
-345.2120373674	292.323691673121	286.021118164062
-343.443788884884	292.05351399512	285.583648681641
-343.00266870491	293.77976314724	285.611724853516
-319.990220849283	303.337469583581	287.692932128906
-318.837312797315	307.287376047063	287.940032958984
-319.486781002757	304.125282774416	288.06201171875
-298.543592825363	325.545628826515	286.325805664062
-290.876637998175	337.614021659989	287.068756103516
-290.774419552891	337.233227276044	287.578918457031
-269.403956079541	354.259102339615	286.094970703125
-270.527469285	353.909598222595	286.072387695312
-270.703877224187	354.56702078873	286.266754150391
-271.887841218852	367.748188235929	283.852172851562
-272.54378741848	365.926244509129	283.613891601562
-271.901264325229	367.432200431191	283.530120849609
-252.272396947188	365.341397327034	279.588439941406
-252.881523976798	365.441988453352	279.270233154297
-252.580071227586	366.183899475439	279.19482421875
-199.610461603922	404.642174730251	269.978485107422
-198.157295678787	404.60016071074	271.211853027344
-199.715295146595	405.253332468118	271.475006103516
-200.927256067881	397.268641257887	263.130523681641
-201.7196272022	398.596375151196	263.115966796875
-200.163887858871	397.715370675334	263.190734863281
-173.130841206114	409.021285662727	254.121109008789
-172.810735545354	408.487566314565	254.503890991211
-175.471421224271	408.820903460506	254.152618408203
-128.826644532976	435.671683748269	243.906967163086
-130.684880524291	435.656519715512	244.390930175781
-130.888073503443	434.796782898809	244.224975585938
-94.0419642226518	430.770469142417	233.547210693359
-94.8247030298074	430.334653563094	233.571411132812
-94.3048694067689	430.150246101743	233.515319824219
-84.7260263952798	439.354053964333	222.125076293945
-84.0428833509061	438.509658199556	223.133651733398
-84.0393771990643	439.688305515763	222.09162902832
-41.259815564235	451.215922129882	208.831756591797
-44.7737007744517	450.094603986105	208.702453613281
-40.3218239674989	451.361928871588	209.032257080078
-9.59163107220201	442.955237484248	196.191360473633
-9.94457291136288	444.076474657189	196.085662841797
-8.12046740925629	443.388573188109	196.012283325195
-3.4098386660079	448.981973858031	189.121780395508
-2.10981683994699	448.537393369577	189.064300537109
-4.62694997841861	449.537944821364	188.902694702148
8.01947774239511	459.58190026095	193.133193969727
7.92716613591733	457.948963722724	193.040313720703
7.01904021307698	459.179195796543	192.916168212891
-23.4932277470586	454.637710727855	200.013031005859
-23.7755671841649	454.375256443977	200.082092285156
-22.9873557816403	454.920858083414	201.138626098633
-32.8675576617158	459.25082787319	211.952819824219
-34.2636448440549	461.430018510232	211.845642089844
-33.1660004566018	460.658434270861	210.965469360352
-65.5549746776743	448.276336152292	219.459869384766
-63.719468102506	447.629311274578	219.731338500977
-68.3085967431047	449.852894154009	219.569152832031
-72.3590434327212	458.282749903213	228.531539916992
-71.9846086791486	458.326200315743	228.596160888672
-71.8588972459155	457.970777053234	228.736419677734
-102.802508197487	440.160344441521	233.993103027344
-101.655926876982	439.400706138747	233.974655151367
-103.411591650669	439.101955495604	234.24658203125
-117.580451037838	447.629508666762	241.163787841797
-118.115306203531	448.963810145437	241.276290893555
-117.73848394522	448.290727283713	241.389877319336
-130.875256417309	431.740925770072	250.681640625
-132.006688730311	432.060846591282	249.920227050781
-131.064775300168	432.147636289001	249.867202758789
-161.739535961765	437.3718575768	255.777297973633
-162.571930932736	437.49336450475	255.663589477539
-160.397777234204	437.699511958893	255.652526855469
-157.316735508383	428.334918687611	261.131042480469
-156.956214294658	426.905042807929	261.372680664062
-156.901760928413	426.042656208487	260.331817626953
-182.931529768276	426.388938721675	268.702056884766
-180.236719289539	425.015042401403	268.925262451172
-181.74418759324	426.308037892808	268.991455078125
-209.105858360747	398.686221719512	276.471771240234
-208.758043519394	398.405622231833	276.325500488281
-208.263247387037	398.727703681191	276.474792480469
-241.005742909604	394.875013806389	280.568542480469
-241.012834749932	396.748302586316	280.662689208984
-240.212796679861	396.298364341333	280.602233886719
-230.336075479089	397.095590143322	281.871337890625
-230.379594247327	397.438255242507	281.521301269531
-230.727799322459	397.145866102436	282.680572509766
-241.424946087899	385.070189763415	286.747222900391
-242.847055233454	379.204665626355	286.256378173828
-241.462418792144	384.101244130743	286.742126464844
-282.674675312674	353.30778315977	289.575286865234
-285.922086581903	351.958489398143	291.169006347656
-286.145707036177	351.361753025836	291.649536132812
-307.462462846039	344.898328796382	293.452362060547
-306.926663885574	344.91299810494	293.688781738281
-306.956741001858	345.64301281133	293.299255371094
-318.487890278524	341.826409337253	295.743896484375
-317.746984795627	340.515061864227	295.815216064453
-318.174389911763	341.893647658751	295.672302246094
-329.153593410573	328.67368744331	296.4736328125
-329.580104815999	329.285969462959	296.430877685547
-326.838912869643	330.353939437555	295.297210693359
-338.169181551369	315.52840531603	293.837341308594
-338.346375741229	316.130224467637	293.68701171875
-340.511250503684	314.241926390383	293.79541015625
-361.250651922693	299.865486494265	293.464508056641
-359.20053482309	299.927857696465	293.832000732422
-355.178329229606	301.820914854785	292.643188476562
-380.020716504896	270.193076773133	290.33203125
-379.945317420862	270.204519136743	290.614318847656
-379.028161229167	269.69158827875	290.992248535156
-365.353693181325	258.730651417365	286.208831787109
-362.911152129904	259.813164911743	286.5234375
-361.684814601261	261.818442363061	286.004699707031
-369.374633765967	257.724268207696	279.157440185547
-368.746979696316	258.809019326021	279.304595947266
-369.34171831296	259.497966044476	279.318145751953
-411.084082863898	225.542753485351	271.377746582031
-412.309084039697	225.9181375264	270.529815673828
-411.772896285223	225.386363221	270.517333984375
-393.255134692418	219.27800360101	261.275726318359
-392.364815464016	218.350216307632	260.901672363281
-394.952662456073	217.560531768723	260.964019775391
-413.126219401162	190.579358796697	248.693130493164
-413.000045472921	190.457611627837	248.466445922852
-415.594677811422	190.036194572648	248.837005615234
-414.832298927671	175.148577897795	233.64909362793
-415.702037958755	175.006060962578	233.847763061523
-415.351498450535	174.961978218988	233.885696411133
-428.98410863732	155.195716962011	217.758865356445
-430.51350498625	154.911533060679	217.888290405273
-428.803167616683	154.953721784411	217.860168457031
-441.259278978198	137.239897107496	199.511245727539
-437.980286151802	137.228826250759	199.873138427734
-433.96808776491	137.560241953947	199.593505859375
-431.557303212258	120.61866879067	178.033432006836
-430.017972484928	121.176961481525	177.958190917969
-430.401223554017	119.335836624296	178.048767089844
-450.811460609395	108.044304316282	156.074508666992
-455.475019177173	107.994132569984	156.127731323242
-458.498242318641	107.381322053202	155.724899291992
-451.888546264941	80.6233728263143	126.653930664062
-451.788237263135	80.3174908087501	126.82820892334
-454.266894848358	80.2440512528922	127.616020202637
-468.937145481481	63.1040923439987	100.333557128906
-469.212696464344	65.3921447695557	100.197868347168
-471.025811956947	65.2513125810711	100.598388671875
-444.808799056853	43.6197648663689	73.525016784668
-445.285754823351	43.7467461471024	73.9836807250977
-447.317133098554	42.3759854960198	74.5206680297852
-461.567448005886	18.8497058439116	39.6905174255371
-463.600586651522	19.5346301626107	40.1412811279297
-464.268503591085	19.5964552006714	40.0370483398438
-447.949709665535	6.16589394448636	12.2586145401001
-448.141262391158	5.8351199402029	12.4266109466553
-448.445953979572	6.57943696358549	12.3422250747681
-454.459307638751	2.36848821371484	2.51441311836243
-452.761046239941	2.33220894824373	2.64560222625732
-455.198775372572	2.6281320999739	2.66678476333618
-478.707789061139	-9.36381589009849	-24.7223606109619
-446.176570408331	-14.0911514149911	-20.0361194610596
-464.905851985413	-8.82924175473778	-16.5871753692627
-444.424069848832	-32.7589616509657	-72.0526733398438
-475.9017249718	-35.5747259736897	-72.8053817749023
-458.154707073891	-29.0061378976415	-69.9774475097656
-468.941018728896	-48.3988235449636	-78.2661361694336
-458.290799939462	-50.5998338991864	-75.640495300293
-457.072154700405	-55.548431507666	-77.4320907592773
-448.874487957038	-70.7823402342472	-106.646942138672
-448.533891025526	-77.3918117423506	-112.007621765137
-479.801757440431	-76.7326311833482	-106.539047241211
-455.722925675382	-93.1628079850925	-127.708068847656
-452.905263844704	-89.3929860267201	-133.179901123047
-444.606037811222	-88.9245947323071	-143.667083740234
-450.012646006249	-108.403035898085	-167.705368041992
-443.712583680767	-110.842659920293	-170.466918945312
-441.506564838062	-114.661138308003	-166.768615722656
-447.20840781046	-131.518028518712	-185.088775634766
-447.574064375472	-130.808547044607	-185.13330078125
-446.913665986497	-131.326387656211	-184.817749023438
-441.860265429641	-155.068643064852	-204.870971679688
-442.959093821753	-154.362559716447	-204.893264770508
-442.053617231167	-154.263220888776	-204.689498901367
-431.816933051165	-164.432179181419	-226.297760009766
-432.807352064967	-164.165973483183	-225.499221801758
-432.211472474001	-164.16645778664	-225.180587768555
-428.615881208073	-187.654566017373	-241.935989379883
-427.940267142778	-188.487633926405	-241.663269042969
-427.971449570247	-187.130845491804	-241.895126342773
-416.849389093762	-200.997137962888	-255.797225952148
-416.825974440033	-202.336990422343	-255.737655639648
-416.419233115162	-202.902505869299	-256.194305419922
-394.684285123169	-224.948110235627	-269.125762939453
-394.820674820534	-224.946542152019	-268.321136474609
-394.88599188659	-225.508200772109	-268.02734375
-396.494715142489	-235.563099994186	-277.721862792969
-397.800839443457	-235.519872915757	-277.329345703125
-396.829602038509	-235.553596784845	-277.766967773438
-375.639984519536	-260.631704587724	-286.697937011719
-376.196585193768	-261.04471150699	-286.803558349609
-375.917768065752	-261.029240049636	-286.734771728516
-371.912202099558	-266.999556064524	-288.768463134766
-372.729435567766	-267.33870681087	-288.604797363281
-372.983624878309	-267.70668008517	-288.359100341797
-360.532703024248	-282.89459030034	-293.875
-361.909224809673	-288.847246621685	-294.307647705078
-359.236353236589	-281.759669729222	-294.767761230469
-348.987781461758	-300.428868104035	-296.262359619141
-349.470888386814	-300.894421436802	-296.454315185547
-349.186576171767	-300.469595909693	-297.986297607422
-335.339309156323	-320.973281125114	-298.421478271484
-336.131984487097	-318.141146335844	-298.566741943359
-335.130684122983	-320.589093392658	-298.483062744141
-319.353114620664	-330.474860965818	-298.585876464844
-319.828081996903	-328.604753905268	-297.279235839844
-319.688582317887	-329.924628611512	-298.483917236328
-307.431920321274	-343.959462945009	-298.185028076172
-306.480367168525	-342.611741261404	-298.398162841797
-305.909646521293	-343.021873927052	-298.536529541016
-291.524346856796	-354.229244876811	-297.805450439453
-292.812356765746	-355.139517110479	-297.788909912109
-290.278908660683	-354.377510419746	-297.868621826172
-277.239162981529	-368.582376074469	-296.33544921875
-276.636555447236	-368.693199988722	-296.483306884766
-276.776946687749	-368.451550484073	-295.115936279297
-254.99978248293	-375.638195198503	-293.568725585938
-254.644098246843	-377.451745862346	-293.409240722656
-254.161573025	-375.764093060035	-293.506103515625
-242.664919974546	-387.915882621962	-290.091339111328
-241.810338495055	-387.381564436712	-290.112915039062
-242.409248067381	-387.951214374645	-290.526763916016
-221.2460656973	-397.263678824901	-283.953582763672
-223.614317772025	-397.897183180228	-283.689971923828
-223.926410235892	-398.438064276587	-283.985321044922
-195.5374212417	-420.866814161029	-277.148345947266
-196.605422592663	-420.503997824298	-276.931549072266
-192.702106602656	-421.354109778617	-277.199890136719
-193.869562320832	-413.220484397422	-274.470550537109
-194.483056255089	-412.502048307387	-274.303771972656
-194.986996040917	-414.057114840073	-274.177185058594
-164.474544084877	-424.924060388065	-268.830322265625
-165.544422502035	-423.149624060783	-268.615447998047
-170.175812458385	-422.600911658255	-268.701019287109
-148.501950612614	-439.660157025417	-259.751312255859
-152.938835315395	-436.065623273601	-259.701995849609
-155.549526425134	-433.678535028897	-259.568481445312
-124.15058436681	-436.180959132359	-252.73274230957
-140.107850930526	-433.906791310031	-252.965469360352
-138.595190136856	-433.791172333067	-253.069702148438
-102.646627333319	-455.739878023956	-246.298950195312
-108.864501769949	-451.769725442406	-246.299743652344
-102.9612646899	-455.339240889478	-246.39631652832
-90.1070101010914	-442.465623413212	-236.646484375
-86.3051851791641	-443.750967825144	-236.489151000977
-90.8824718198671	-441.983650234079	-236.498992919922
-63.4183231185693	-462.347306360354	-228.963531494141
-69.8125371505374	-462.847749009261	-229.124328613281
-63.5473452756573	-464.958208529444	-228.926483154297
-47.9394295705505	-447.61694747008	-221.521499633789
-46.8239883864234	-449.479559262563	-221.683059692383
-47.0175479409202	-448.565574670727	-221.592208862305
-21.3473275878242	-466.821013179043	-211.541839599609
-24.4190632230742	-466.516097555161	-211.809158325195
-26.5640764116183	-464.971157655774	-211.843200683594
-9.2737218430772	-452.541486093506	-204.878677368164
-3.76246127075743	-455.304262908134	-204.792510986328
-4.03042132507599	-456.210830049007	-205.051528930664
13.5679664702877	-467.190439561361	-199.641616821289
13.014003427117	-466.537289614609	-199.602722167969
13.46607570634	-466.943481813419	-199.658782958984
-10.3130630188557	-465.599310903194	-206.929016113281
-11.3044837921809	-465.695211275773	-207.14665222168
-12.1070120051409	-465.10100103961	-207.445220947266
-8.53292940106897	-466.266485535303	-207.129821777344
-10.000934537133	-465.438298485686	-206.990600585938
-7.14414975057582	-466.140272813522	-206.695388793945
-15.3677844634177	-468.949359180492	-214.976440429688
-18.3086346390432	-467.870975857978	-214.103729248047
-23.6380938748396	-465.430499339085	-215.435317993164
-39.0030962323935	-465.928755226351	-216.97575378418
-36.3688556531442	-465.556495406834	-216.444244384766
-37.6111284357959	-465.723551010171	-216.384613037109
-25.0240507180072	-489.046984313387	-224.868087768555
-24.5161401731735	-487.472783272086	-224.849624633789
-24.7779477310716	-488.493443533324	-225.106094360352
-36.5446003146598	-476.956608644656	-228.273651123047
-32.5570546357469	-480.90173591567	-228.159133911133
-32.5050877187799	-481.491780220999	-227.669067382812
-74.8749295346296	-460.515388443102	-235.005615234375
-74.9167059262338	-460.102142669727	-235.179504394531
-73.3662235012243	-460.436943578256	-235.221893310547
-69.7757548448601	-481.802554420887	-240.438934326172
-68.8089999627677	-485.433610212077	-240.056991577148
-69.6008751268102	-483.545859175987	-240.401519775391
-65.4212204908891	-484.382441632896	-240.082244873047
-64.2864724028103	-483.750916142536	-239.72380065918
-65.724433862721	-484.144661630958	-240.095687866211
-103.748728088481	-455.550014221544	-250.407699584961
-107.255770736598	-454.760209113632	-249.895523071289
-103.746702011067	-454.789824990898	-250.135482788086
-115.876877920765	-454.949065702425	-251.041152954102
-115.732313586308	-455.158296239331	-251.112014770508
-117.476842487941	-454.985226621977	-251.511459350586
-114.419145132235	-475.329073434521	-258.017395019531
-115.06800913676	-475.379632446163	-257.932434082031
-112.95578069514	-474.926948925665	-257.497772216797
-138.318656630902	-454.289289375158	-260.014099121094
-136.277374719196	-454.727333878422	-260.205200195312
-139.201660195492	-453.837525473597	-260.014373779297
-149.325934059858	-449.12881955706	-261.674713134766
-147.622491310209	-448.608872287116	-261.151550292969
-147.593065734417	-449.420006350502	-261.238586425781
-168.138953665486	-448.136703779412	-269.744537353516
-166.894703661374	-450.535896209849	-269.291290283203
-167.985349287721	-448.618635526076	-267.924011230469
-165.832099292392	-459.106111588912	-269.562042236328
-163.898253995963	-459.290267656483	-269.838165283203
-163.245162167451	-460.557093058125	-270.131652832031
-168.100702604214	-445.122853851621	-275.844604492188
-166.325135524999	-445.667933901119	-275.462768554688
-188.391384971784	-438.666208927093	-278.919860839844
-187.833585946337	-437.90392407855	-278.801452636719
-187.853457426302	-437.453598906584	-278.901763916016
-185.247269542087	-451.03137122558	-281.939147949219
-186.068227963108	-451.943800291433	-281.858612060547
-184.678501474486	-451.721011885419	-282.033935546875
-180.788476863852	-445.838879269704	-283.489135742188
-180.196784474689	-445.131752329852	-284.144561767578
-180.025413480029	-446.126333899463	-284.293090820312
-220.348989104208	-422.235492750384	-289.927368164062
-219.817512598741	-422.892480713948	-289.6494140625
-219.688752678985	-422.283950019077	-288.336669921875
-227.113469306362	-422.397004315267	-290.442413330078
-228.301756802134	-423.101201793948	-290.722473144531
-228.879792431334	-422.810415958498	-291.137756347656
-238.160893399742	-414.066304168045	-293.117279052734
-238.48652641749	-414.262335637236	-293.530181884766
-239.67411637039	-413.852628439735	-293.45947265625
-244.636311591297	-415.820625468407	-296.396057128906
-242.437173513848	-415.745812230605	-296.992340087891
-243.469461526802	-416.364088197554	-296.603698730469
-242.49590961489	-419.092683693972	-299.471313476562
-242.463840658546	-418.493308660982	-299.08837890625
-242.051099676709	-418.937573981794	-299.139617919922
-261.24084936268	-399.698706283785	-304.300109863281
-264.124563834512	-398.863318878247	-304.060852050781
-262.68964321394	-398.725999974378	-304.210845947266
-266.844885506669	-393.375988973072	-306.84521484375
-265.321707660592	-392.973843362519	-306.887359619141
-266.464271352602	-394.057676540628	-306.124206542969
-284.809545054334	-382.010273961542	-308.663726806641
-285.998112115102	-382.667558922043	-308.164794921875
-285.655885085514	-381.557338650393	-307.824401855469
-300.664212209706	-378.837140776881	-309.858917236328
-300.797134763504	-378.937605521865	-308.816284179688
-300.81023996639	-378.770434723721	-308.607116699219
-296.376489539887	-368.293652252952	-310.334686279297
-303.878605086574	-374.932258021777	-310.258941650391
-296.954199869228	-368.437874824069	-310.294036865234
-316.605618540735	-359.252342385101	-309.235382080078
-316.392135976335	-358.480148585224	-309.683715820312
-316.618568513328	-358.905908148626	-309.832336425781
-321.046209859809	-358.654477984883	-311.494323730469
-320.541098926737	-358.091771925756	-311.288421630859
-310.839389152318	-360.855598488889	-310.604858398438
-311.076707357282	-360.132285594621	-309.521575927734
-309.415947051906	-360.375319919683	-311.191650390625
-325.660484662194	-351.126760591185	-309.846893310547
-323.90573127244	-350.869049167034	-309.917724609375
-326.186655965282	-350.228228256897	-309.866729736328
-331.274683862426	-339.344640965607	-310.681915283203
-332.593122270174	-339.962723395965	-310.167236328125
-331.001740544842	-339.433614937729	-309.962432861328
-335.938390647996	-335.876896245322	-311.502044677734
-336.895110306535	-335.172486587119	-311.585235595703
-337.298275812703	-334.613993250071	-311.574890136719
-350.98849946374	-323.971462008182	-311.071838378906
-350.383991864156	-324.364727482973	-310.960052490234
-352.379660193332	-324.098631794032	-310.984741210938
-349.66689008537	-319.324670358422	-314.039184570312
-350.362824233034	-319.816101416828	-313.81884765625
-349.977295866648	-319.759643308088	-313.071075439453
-364.180559376064	-308.841563012353	-312.618133544922
-362.584223231624	-307.879309953751	-313.101837158203
-363.955736425629	-309.215900824735	-312.989654541016
-383.950327644597	-296.523064803696	-307.990966796875
-380.219283968045	-300.502481465597	-307.410369873047
-379.061441450874	-301.388658481594	-308.441314697266
-384.319489317868	-288.555392246322	-306.775817871094
-385.550685820487	-286.911685127035	-306.778503417969
-384.767114059554	-287.03635733393	-306.858306884766
-397.582294637092	-274.732681633573	-301.464202880859
-397.591116670031	-274.500999375516	-301.015686035156
-397.637045857448	-273.963110841648	-301.11279296875
-402.495514046326	-272.780518615727	-300.330505371094
-401.378519867147	-271.423609797825	-300.298583984375
-403.094781455335	-270.618444973631	-298.619445800781
-394.77391990277	-259.937040734794	-297.364624023438
-395.187512283575	-260.045434971378	-297.148986816406
-394.31905277906	-260.544372431353	-297.111297607422
-417.856290461177	-244.031237844324	-291.479522705078
-418.804467044985	-245.529887078177	-290.905853271484
-418.590119782087	-245.704254493139	-291.228393554688
-423.558731517634	-244.36272740368	-286.455627441406
-423.125051935753	-243.64613873755	-286.624542236328
-419.563321259174	-236.051451084721	-286.698516845703
-417.530234118053	-228.607957094578	-275.897735595703
-417.290051396623	-228.976117228967	-275.859832763672
-417.682034371563	-228.049933615264	-276.193756103516
-433.291679638452	-219.238408137186	-273.571441650391
-432.103153478266	-219.71077781439	-274.056762695312
-433.104664050185	-220.175234185361	-273.937591552734
-440.332365515049	-204.320218526438	-263.696166992188
-438.493896828108	-206.624455036227	-263.881011962891
-439.80792655694	-205.807161806918	-264.275024414062
-429.501229446607	-192.401463991838	-254.48193359375
-429.37580700437	-192.764545704333	-254.269409179688
-429.20294045224	-192.373752022848	-254.174560546875
-438.925524284293	-195.496195962412	-249.110748291016
-439.525142127774	-195.313061648473	-249.008575439453
-440.816328366245	-195.25338617319	-249.205718994141
-448.848818349373	-175.266872476781	-230.898040771484
-450.500170128901	-174.969866814706	-230.864898681641
-450.211509595364	-174.543918020481	-230.497909545898
-458.804057987211	-162.911768817912	-228.975402832031
-457.86441535593	-162.409006225561	-228.717269897461
-458.093199016783	-163.059979261096	-229.365951538086
-462.809614321308	-149.800099491429	-212.72135925293
-463.961256160061	-148.391073857473	-212.854141235352
-463.198537290771	-147.986760462473	-212.897644042969
-451.035360650113	-143.001772470974	-197.90007019043
-450.33891712559	-142.491071987645	-198.637908935547
-451.016430471364	-143.275622531407	-198.559600830078
-470.46630816506	-134.361911685422	-190.060485839844
-471.43209399542	-134.440889965468	-190.097885131836
-470.244011094179	-132.685694912761	-190.486129760742
-454.566880611973	-110.232477273927	-167.133895874023
-453.57587271619	-110.897622379103	-166.919189453125
-454.52271899319	-111.500279730319	-166.706390380859
-460.953557290581	-113.988539911911	-162.445129394531
-459.615478548315	-113.503147507767	-162.111343383789
-459.000029353606	-113.214525287728	-162.5810546875
-480.12546266988	-99.2116502492876	-140.723678588867
-479.502336226744	-98.5474990876451	-140.528839111328
-480.212852910589	-99.0604171400479	-140.6787109375
-483.374497732857	-84.1715102712932	-122.602981567383
-484.182545890401	-83.9120711669586	-122.36742401123
-483.903471056807	-82.8648789783335	-121.727340698242
-465.061404975161	-77.1197837979385	-109.985931396484
-465.297640871192	-76.0655506196572	-110.26358795166
-465.467194351356	-76.4606984048748	-110.350807189941
-466.128199878933	-52.3612745895368	-81.4691772460938
-466.385717458302	-52.2003527164725	-81.7880172729492
-465.690003136383	-51.6430020557133	-81.3424377441406
-488.99777978138	-52.2972298551396	-78.0154800415039
-488.079403080561	-55.0244039490409	-78.2984466552734
-488.790701070806	-54.0498346203489	-78.30126953125
-484.622704098414	-32.4265474671292	-49.3962898254395
-483.123475254481	-32.1846724231477	-48.8888931274414
-483.315750748046	-32.3029668352232	-48.9484024047852
-475.073201649262	-18.7703795157891	-31.5616111755371
-475.790568262738	-18.971999465907	-31.3297386169434
-473.995674438296	-19.6651104760819	-32.2256011962891
-482.683141552504	-12.090212406553	-22.4255847930908
-485.816836412956	-11.5806419326149	-22.01589012146
-477.919596682563	-10.912777793229	-22.1649723052979
-457.447522191058	0.640894347107036	8.42723751068115
-483.299069334201	5.86203920505486	-2.9836049079895
-475.616141608219	-0.0271964733304344	4.20397424697876
-450.567503434221	0.296431435767687	4.6509051322937
-480.541324210158	5.30409695769461	0.411616504192352
-460.105887191873	-2.43877202639658	-1.86883330345154
-458.865682239288	4.53397793264503	11.5662927627563
-482.402392419231	12.3321880387549	3.77241373062134
-482.017259090624	4.84528266576231	14.4604463577271
-483.800000153748	13.4169409765751	14.6499042510986
-496.34176279571	3.82018282045789	18.389102935791
-464.605678427309	5.43242372328382	6.891685962677
-480.792410738794	16.1343831528579	36.0759544372559
-493.632787026823	26.3254997553511	47.1903114318848
-485.436794555619	17.0527006159631	38.1900177001953
-477.336972432021	40.953431819097	45.9363479614258
-489.255160644951	33.7307569683858	45.9009475708008
-510.189300790664	41.3158457989224	58.7212181091309
-487.968000694005	45.9165879470088	67.9338836669922
-459.356000754995	39.4339307825477	55.8134613037109
-486.080008716042	40.3591873806438	66.5683364868164
-452.598257901917	66.0232302229057	100.766311645508
-494.481687281438	66.1833909049192	119.567756652832
-488.932743500226	75.4710740841304	99.5227432250977
-487.47916582221	68.2162129267679	117.851249694824
-463.973899043012	75.3097060191531	99.8829498291016
-442.126323682618	63.4899974644599	108.633972167969
-491.22023365967	74.993568581657	133.001953125
-490.496839445461	82.7750555423628	134.967224121094
-453.796536438258	80.506381776902	130.412048339844
-486.355621019759	88.3032026560505	147.152587890625
-481.665870328479	94.7577293656547	148.071807861328
-449.166683907472	92.0303055831588	145.72200012207
-473.665203621277	97.5343773148969	157.394927978516
-473.207366307366	97.2496774602803	157.33186340332
-474.344200923591	97.5199123567476	157.524291992188
-457.835387385004	128.787168141272	181.2880859375
-458.564980156936	128.362295061011	181.545989990234
-459.636600988594	128.641920719482	180.762283325195
-449.03300481889	130.894768635312	184.090240478516
-449.36756986208	130.845819551759	183.132080078125
-449.860028128172	129.791278441157	183.680145263672
-444.807987234398	142.510581313234	205.741256713867
-445.145183069991	142.122884963958	205.839736938477
-445.111013226229	143.301240837183	205.686325073242
-465.102093770049	158.267221137595	217.524108886719
-465.447223548283	157.518500896091	217.86540222168
-465.503708561069	157.322508315319	217.59294128418
-442.747631117504	157.580786374241	224.91975402832
-443.031005520647	157.383135962024	224.483917236328
-441.991957170465	157.894670575635	224.239868164062
-435.203496970634	177.200906154006	242.356781005859
-434.781424172845	176.686961530488	242.000061035156
-435.639011977433	176.61636781696	242.089691162109
-441.490293594406	175.386753500457	243.538101196289
-439.478645371024	175.464390102765	243.242080688477
-442.49652022113	175.574220298911	244.267761230469
-422.819244931788	207.4204659302	255.831695556641
-423.112937741864	206.627011835577	255.94775390625
-423.915351204643	207.660930413355	255.775756835938
-430.616956705935	201.52654915615	265.314819335938
-432.724715123517	201.135285718972	265.110107421875
-433.63117804278	201.038450571369	265.426635742188
-437.176826081217	219.768789653122	269.582763671875
-435.55802142766	220.133523045624	269.506286621094
-437.775300344138	219.576276534439	269.691131591797
-413.71758157598	226.128718681867	281.421356201172
-407.702631272977	227.785805987596	281.384002685547
-408.019104425387	228.478011525622	281.372863769531
-412.635935011713	227.86163188567	282.381652832031
-413.603654406529	227.540118397475	282.310760498047
-412.833776758997	228.765842409123	282.334716796875
-408.182729985969	255.40927726009	290.747039794922
-410.499134168719	255.612870710352	290.843841552734
-408.677496749679	256.665948261875	290.784210205078
-388.206230542111	267.176788187286	293.190826416016
-388.511506953981	265.778635911524	294.286193847656
-392.947601364889	260.641638923515	294.688781738281
-414.374839545438	260.066563975602	296.626861572266
-413.484000219388	260.64670502803	296.593811035156
-414.755340242413	260.109556936878	296.454040527344
-377.454010039848	296.473183920455	300.120300292969
-377.072245388738	296.640269374683	300.475708007812
-380.939851235104	295.288841694754	300.721771240234
-376.920397264805	295.234935884642	300.817291259766
-374.861356967734	296.956251493911	300.781127929688
-373.215835341335	296.866758041058	300.649749755859
-359.423971783717	300.252857187917	304.351196289062
-359.812478184037	300.914753781267	304.555877685547
-360.269688723507	298.802961297139	304.505310058594
-342.766543348647	321.629738948102	307.78271484375
-341.58346081434	321.492698568965	307.758544921875
-342.421168318318	322.558014367088	307.700103759766
-341.200240903992	321.446426469946	308.895843505859
-341.354676011013	323.869311584802	308.780181884766
-340.733440463543	321.387760224683	309.205627441406
-331.903435546508	325.913965497844	309.445983886719
-331.427191484442	326.754063042251	308.338806152344
-330.331277019519	327.383829968766	308.43310546875
-331.875131035015	328.628671179412	309.202331542969
-333.253150036536	326.879950235233	309.667602539062
-330.983672538831	329.147237585521	309.585021972656
-320.194277481696	342.39054785255	308.593872070312
-321.916355924885	342.334093914269	309.491302490234
-320.220538830817	343.098131866246	309.820190429688
-305.173779177017	352.609662919635	308.167144775391
-305.347487549265	352.302540691944	308.112060546875
-306.000856664236	352.581001826039	307.972839355469
-298.910374449018	360.285384751805	309.099578857422
-298.396350714533	362.194629759161	309.089660644531
-296.501729325667	362.842890204278	309.309143066406
-288.691186546301	384.290617975519	307.038940429688
-288.661299081848	384.924103603704	307.642211914062
-287.328898939021	385.282663645364	306.390563964844
-282.878178364025	384.332431270631	306.651916503906
-283.210685927632	382.98916133923	306.593780517578
-283.425116041857	383.492418616951	306.759246826172
-271.934112591923	394.024220177977	303.822052001953
-272.556293457089	394.524862086029	303.816497802734
-270.987106989232	393.930128281503	303.986877441406
-280.17090971242	400.506917229176	303.337219238281
-277.86915547989	400.799355550922	303.451843261719
-279.973947081813	399.680682249535	303.047668457031
-254.842805155416	399.084806907471	298.098968505859
-252.666994314783	399.432624112898	298.010559082031
-253.577050991269	400.198385206909	298.421630859375
-240.759428372522	414.123133583133	292.840942382812
-242.812298636056	413.821006443757	292.936187744141
-241.218013994691	413.289322367231	292.7578125
-239.593279113072	415.570280718684	293.531158447266
-238.741253409012	416.657385677466	293.625274658203
-240.119348846514	417.027900224864	293.552062988281
-250.315242030715	414.782231238222	290.955291748047
-250.244822254798	415.842860496502	290.971405029297
-250.252554252199	415.483881088529	290.756805419922
-245.130364875047	409.670530785083	287.863983154297
-245.706732595221	409.494977564857	287.894927978516
-245.967968001504	409.411567893419	287.59765625
-224.24891236113	410.894311665669	286.977081298828
-221.053488303528	411.706334337614	287.376586914062
-221.433415693496	412.804047110742	286.714752197266
-186.141939364122	443.241401601362	281.0654296875
-186.17123725362	443.152782499236	281.248138427734
-186.116220597149	443.473586158246	280.779693603516
-189.974497297104	443.844226634965	280.707733154297
-188.607221068143	443.58708643196	280.398071289062
-189.136497802882	443.720411262871	280.267120361328
-189.897572690261	447.283134730841	271.961700439453
-191.295349325514	447.240200934502	271.926300048828
-190.018987157253	446.778812560636	272.151824951172
-188.229324944154	435.451701033658	269.836853027344
-187.25493361585	434.470777635821	269.437835693359
-187.670905896806	434.956032493752	269.017822265625
-162.865613584137	442.268875173459	267.896179199219
-170.573837519617	439.719345654632	267.662139892578
-169.671366235521	439.199347478056	267.598297119141
-142.995284011188	464.545557906641	259.684112548828
-144.61827673232	463.343817203204	259.661499023438
-144.704228676381	463.889893578786	258.442779541016
-138.329063393582	461.865933603173	259.074005126953
-134.974114870208	462.324606770356	258.902954101562
-138.666645104876	462.480656281735	259.073181152344
-139.771780744548	454.946016130437	254.024566650391
-138.215553388875	452.435778507742	254.567687988281
-139.214405602993	452.227894613862	254.279037475586
-110.667242349959	459.938956466695	249.490844726562
-112.111996839	458.579490774722	249.424850463867
-113.726838213712	457.88939538852	250.015563964844
-121.38419753134	462.775738148066	245.215316772461
-121.692725025505	462.523910758067	244.637176513672
-121.922977019314	463.310889268012	245.580520629883
-77.2568529302975	465.965068515379	237.666763305664
-76.7072534980237	467.197559173587	237.756317138672
-75.8624166636286	466.830221531002	237.26904296875
-77.2148556710509	466.515881311405	238.270477294922
-77.149527191077	467.699112773539	238.257446289062
-76.7761597318485	468.485650521639	238.23291015625
-78.9245928306726	476.951043566831	231.130081176758
-79.1597555517463	477.439177805039	230.933700561523
-78.1604693500896	477.876801530335	230.667373657227
-59.9199738476763	467.814505748032	225.746459960938
-60.5255843185607	467.687370340392	225.922470092773
-61.3222722952045	467.525072809598	226.093246459961
-39.818576936349	469.762482403312	219.989868164062
-42.0067781845111	470.454576104885	220.26887512207
-41.6561506959326	468.697630319552	220.629806518555
-33.9306839274125	481.862921334254	213.293884277344
-32.5649834710134	481.792026413387	213.348892211914
-33.4748000978567	483.301301137518	213.082138061523
-32.8625834911235	484.271180075471	214.139389038086
-32.322729008811	485.445861189814	214.183059692383
-32.3014964452415	484.760403730107	214.376815795898
-8.81138770786228	472.135376848844	204.997695922852
-7.08151744676505	472.448994556305	205.140350341797
-7.03043921178826	471.871279866321	204.929275512695
7.00278766363681	480.960527221127	200.272445678711
6.70397018949228	480.095276012891	200.024688720703
6.68739720844241	480.163251693754	200.186813354492
8.49182673185783	478.560526927997	200.032348632812
7.7287479124366	478.73902700139	200.04736328125
7.31050393033706	479.036864022498	199.806549072266
0.550854675194245	491.284460588807	207.183486938477
-0.0289859179066241	490.483075017424	207.372268676758
-0.808385741494817	490.029041102819	207.136734008789
-18.7765812370187	501.067449700135	214.465713500977
-19.7331767323903	501.468010242388	214.331573486328
-19.5357041092686	501.649698826033	214.20915222168
-37.7343528907004	489.455761652877	223.986892700195
-37.2136574861867	489.441311827879	223.91716003418
-36.6572151461702	489.777278110308	223.986099243164
-54.3715514618061	487.56720529466	233.568786621094
-55.5937889687041	487.942545855364	233.232574462891
-54.080798847328	487.374950935646	233.031631469727
-79.2968765939104	497.615899592739	240.796203613281
-81.369870873286	495.451160715868	240.660537719727
-81.2060629657884	494.397625433754	240.439575195312
-94.0784886778308	482.396918570185	249.469848632812
-94.7486696114092	481.658187848007	249.509155273438
-95.8561600917803	482.339452335583	249.274871826172
-117.371826008032	494.027543610023	255.805068969727
-116.153256210607	492.865007037336	255.281677246094
-116.704581282347	493.83242877257	254.794021606445
-125.754191798897	475.000447107493	264.12158203125
-126.82022922463	474.170655797419	264.280426025391
-126.164908267357	475.056629448761	264.516662597656
-165.268356703678	475.335437217927	271.494781494141
-167.06668047717	475.322080587053	271.578247070312
-165.48844705355	476.081276575676	271.576629638672
-157.665500936802	471.658041824338	276.014984130859
-157.65189799244	472.059626984478	276.087463378906
-158.112211371189	471.605721443347	276.258911132812
-204.965993521774	448.772391969487	283.829650878906
-204.429578340892	448.243304213334	283.982055664062
-205.750880424679	448.739010453504	283.70703125
-209.629736209362	461.156327094517	290.074157714844
-207.855324331088	460.612291852733	290.536712646484
-209.8601067981	461.257800312334	291.329956054688
-208.471583246212	445.095352455274	296.28515625
-208.731981286057	445.772673510629	296.50439453125
-207.753037590794	445.448010973643	296.408233642578
-259.960373532874	421.149505780056	297.950408935547
-259.775159187647	421.808900977612	300.129425048828
-260.013053321653	421.863169786118	298.206115722656
-262.920705063595	433.115566894253	306.544677734375
-261.682725509765	432.287856966601	306.749145507812
-265.441710247738	432.504984416459	304.806762695312
-264.652957831112	424.653058547377	311.974456787109
-261.121562694261	423.674650267988	312.276824951172
-257.432267155719	421.815739914551	312.504699707031
-302.605935806837	405.225341630947	316.487030029297
-304.775674420981	404.020054306678	316.332550048828
-302.703116152224	405.375365491472	316.015777587891
-295.623452192826	401.091071477227	318.346313476562
-295.135351486371	401.034585862778	318.414306640625
-296.31991934796	402.182539189063	318.821075439453
-304.919311241876	392.181386199171	322.472351074219
-307.583260214043	391.844272428008	322.160095214844
-304.29904617988	390.737681034916	322.132476806641
-323.22350225551	368.00095899179	321.749206542969
-324.978057500717	366.764430076521	321.534149169922
-330.622438057189	360.309193809501	321.581848144531
-346.932296841729	340.046391105782	322.092651367188
-337.679496400821	346.466724834079	322.082214355469
-339.509763423801	340.673125098618	322.505706787109
-353.160812125854	327.612889568695	323.289825439453
-360.559152912837	328.864164044536	323.273895263672
-355.186061960043	331.654485801174	323.574096679688
-368.555760265492	320.945924634258	321.487182617188
-368.135390138531	319.77272033675	321.04296875
-368.914317125559	319.832509004805	321.662994384766
-395.774330874101	295.041128425637	319.530853271484
-390.558565365522	298.857542950642	319.631408691406
-388.518991458794	299.183474728573	318.612670898438
-394.278180967589	300.466868673603	314.158111572266
-394.520341660023	300.573195806021	313.382354736328
-394.507229619992	300.539126746661	313.583923339844
-434.301023289166	270.625909835169	310.552642822266
-434.359818280364	271.711500225842	310.736694335938
-434.333372295592	270.700451657741	310.909057617188
-412.063958740858	257.327904373902	301.930969238281
-414.136785827969	254.839309162557	301.830322265625
-413.394667806775	255.897263947965	302.069610595703
-443.02606508368	243.00745635392	289.971069335938
-443.701112338868	243.539161585867	289.705200195312
-444.353730677211	242.747048704091	289.869659423828
-449.781810474603	213.274979381778	280.989593505859
-451.330094928989	213.797834250311	280.880126953125
-452.1417876742	213.373620195959	280.977813720703
-439.742340833433	209.640602943791	269.069763183594
-440.71775976547	210.677856375492	268.802642822266
-439.740353650441	210.482015843355	268.894714355469
-456.060236195731	178.956941786319	250.982559204102
-456.776845660229	178.264789290992	250.466369628906
-458.137973710599	178.312143887558	250.537399291992
-467.28249129335	160.630778404956	232.492492675781
-465.426352072484	159.803851122573	232.72819519043
-467.217252199915	160.267507678496	233.148620605469
-462.404834459491	147.274492837788	214.423553466797
-462.115274245231	146.748470794568	214.041778564453
-462.399727876135	147.348374471394	213.835037231445
-475.974637213644	132.591469335482	192.987640380859
-474.579128625435	133.280318811228	192.835754394531
-472.256960268294	133.480432864404	193.003448486328
-501.672944936823	103.772788767818	168.396606445312
-500.264865139271	103.315116102301	168.508056640625
-503.70641631876	104.886457761773	168.620254516602
-476.992531762082	88.4858905995268	138.993835449219
-476.58801632889	87.5632018480771	139.313552856445
-476.916128600652	87.686841655399	139.531967163086
-499.354532850013	67.0485797790214	112.535858154297
-501.056364551511	67.8104781436028	112.170310974121
-501.717852645655	68.1881416874123	113.096458435059
-507.296820162649	53.2231773067802	84.8295669555664
-510.836926050647	53.4310603302396	84.5827789306641
-508.833740761024	53.4237214206638	84.0778579711914
-497.994575184996	27.2780207315018	49.9671211242676
-495.799972089447	26.402534538138	49.8609733581543
-492.873550498684	26.3336737444147	48.8669052124023
-501.59236450711	14.2661961664814	14.3810768127441
-496.282638064783	13.1361225149498	14.3512830734253
-494.751763767878	13.6143060213645	14.2464570999146
-504.683570287189	1.12437330384901	-3.32984185218811
-471.568813812569	2.40450418428841	2.31687641143799
-506.476411701659	5.39681162407365	7.648512840271
-508.032712159049	-15.7073942710279	-15.9441337585449
-513.198130606553	-5.9526983590489	-11.4981660842896
-515.25233770198	-17.0473645321855	-19.4419345855713
-515.628353808248	-32.1013629104823	-46.0957145690918
-493.671520812002	-27.6044656389221	-42.3768844604492
-499.847684608844	-37.1820236833077	-39.023120880127
-496.911248330358	-51.8326381909406	-73.948844909668
-496.666272826771	-51.7181923272125	-74.1387939453125
-499.090688893969	-50.990089428502	-74.2280120849609
-505.088804006778	-74.2223940683848	-105.447105407715
-505.532233114075	-73.4850296129604	-105.893653869629
-501.068744250305	-75.4786241654837	-106.466247558594
-496.481431913536	-85.7919807682715	-134.094940185547
-496.524285441443	-86.0714297725858	-134.160522460938
-497.115889796225	-86.0196619297452	-133.436981201172
-477.5189843584	-110.781349065659	-161.075256347656
-477.450066186317	-110.258953452527	-161.226486206055
-477.923486129691	-110.764523981417	-160.819244384766
-489.511014886398	-124.488400134514	-185.591720581055
-490.026372711108	-124.743092575687	-185.69140625
-486.298872191392	-123.932440224439	-185.832366943359
-485.679930312383	-142.218410836242	-211.659729003906
-486.407445398528	-142.489543610935	-212.184967041016
-486.616869366278	-142.50462128469	-212.411071777344
-473.404278661827	-171.145487104937	-230.159057617188
-476.000246013469	-169.29479395631	-230.186294555664
-472.46254503302	-171.626059042225	-230.033157348633
-459.388109373089	-190.792065743796	-250.567352294922
-459.164794644715	-190.239544410804	-250.191909790039
-460.862336665005	-191.123768650574	-250.282852172852
-456.335600029628	-209.45499297181	-267.608734130859
-457.242954141609	-209.006596435687	-267.445983886719
-457.658520666826	-209.222677501685	-267.439086914062
-454.38752699201	-213.708375031223	-279.742736816406
-453.37300349351	-214.366957071721	-279.683685302734
-454.523297158847	-214.942981477733	-280.055145263672
-440.390284315987	-229.366248875671	-293.604339599609
-438.984959773573	-229.63325574938	-293.351257324219
-438.736510854711	-229.960344310165	-294.178466796875
-428.671198648782	-258.765906160491	-303.031951904297
-429.371588286101	-259.430720732361	-303.227325439453
-427.860548344553	-259.320544311244	-302.917358398438
-425.797326824552	-265.784097545255	-312.411712646484
-424.733384271864	-264.854632723016	-312.435821533203
-425.363949422538	-266.435175279399	-312.379119873047
-414.03302518103	-284.230810504503	-315.316101074219
-414.126005619796	-284.588774952919	-315.131958007812
-410.564333187226	-282.419007123225	-315.453033447266
-409.637207669554	-283.575188444202	-314.754669189453
-408.606144477746	-282.761052975423	-314.788513183594
-402.664297542963	-304.304524678494	-321.267791748047
-401.07034337482	-305.062423243571	-321.497589111328
-402.738942938095	-304.665573205878	-320.645324707031
-386.441731445	-313.953744910259	-325.794342041016
-386.820100531802	-314.919802854343	-325.720733642578
-386.297239561356	-314.328162295089	-326.454437255859
-375.430557531661	-335.544468952483	-328.512420654297
-376.017614880445	-333.772412421231	-328.890930175781
-376.579863862546	-334.699740091623	-328.967102050781
-362.25869826152	-350.907049528191	-329.983581542969
-362.656432121887	-352.062966564433	-329.907287597656
-362.477340971734	-350.655938434634	-330.155426025391
-346.443991059374	-360.452703521214	-328.8564453125
-346.493679246783	-359.927476663006	-328.898254394531
-346.699344861528	-360.471206711236	-329.456756591797
-334.209218031998	-373.151527693002	-327.083465576172
-333.413563226722	-372.318565667359	-327.509033203125
-333.891815412178	-373.041187227594	-327.133728027344
-316.333042531525	-383.068517305358	-325.580291748047
-318.401501584364	-383.060435031756	-325.165710449219
-316.685791437888	-382.672605834595	-324.956604003906
-303.229448735359	-396.18220058616	-318.21337890625
-303.280277323517	-396.839994595141	-318.755737304688
-303.316584788276	-397.742348591228	-318.544647216797
-278.821177097583	-409.126401329947	-319.351745605469
-274.390768333008	-410.45371132613	-319.849853515625
-278.641394906893	-408.994266005904	-319.007171630859
-264.335456879627	-433.695766943218	-313.631317138672
-266.608314335799	-432.552893575899	-313.576416015625
-265.739892698959	-431.556175416777	-313.356018066406
-250.481426492262	-424.394776350311	-306.226745605469
-254.274180962431	-424.241855818734	-306.279266357422
-251.30928350353	-423.614294854249	-306.684631347656
-232.104344291462	-435.474883654384	-301.199584960938
-230.682868549795	-435.035879772825	-301.374420166016
-231.500249146974	-436.032829202995	-301.5029296875
-214.965147948043	-444.921384663147	-299.024200439453
-214.925467336173	-445.465668329479	-298.007507324219
-215.245447702326	-445.147563268729	-297.442108154297
-183.960398313399	-461.33001187248	-291.467254638672
-183.327359848311	-460.529486426366	-291.357604980469
-186.946301128331	-463.989535600267	-291.197540283203
-187.503387029835	-461.384985620494	-286.391754150391
-186.948469100239	-461.581972002014	-286.349456787109
-188.770271559695	-457.608859586713	-286.179168701172
-163.36648958222	-468.127759708836	-277.900024414062
-164.054597506349	-468.897857448515	-277.597930908203
-161.708279484496	-468.49217533103	-277.761901855469
-136.746152741918	-486.364485700464	-271.902954101562
-139.858506059098	-484.986291960962	-272.082458496094
-139.292173700347	-485.194803224669	-272.087463378906
-128.987557149639	-473.412513421148	-263.495452880859
-130.020163226428	-473.091391223378	-263.091430664062
-111.409243782973	-481.268211541753	-263.410064697266
-95.5662377061471	-499.934190279381	-253.238510131836
-93.759068586134	-501.553470809865	-253.396499633789
-95.4793268065956	-500.83233723616	-253.289840698242
-73.419989235961	-485.014678266473	-248.850433349609
-74.4189964610563	-484.105275991607	-248.740386962891
-75.5939012120296	-483.586595246771	-248.837219238281
-56.2911864455093	-503.582984955488	-236.248443603516
-54.2523285493223	-504.767993524162	-236.423721313477
-54.6729009528785	-504.940422537358	-236.481109619141
-30.5309674358236	-496.10083834972	-231.137542724609
-29.9703396129358	-497.274708058147	-231.547149658203
-29.4152405119817	-496.666929379943	-231.494400024414
-21.4755414176907	-505.293200512662	-223.680084228516
-21.0617558063859	-504.770015570225	-223.474411010742
-23.3975795042093	-503.942356038477	-223.303466796875
17.1423769397816	-503.519565301273	-214.250289916992
19.1057788964746	-502.232448829757	-214.708953857422
18.8210129513463	-503.063138861456	-214.449890136719
20.8646003010866	-507.822242163174	-214.514465332031
20.3066041600773	-505.362539874446	-213.879211425781
19.7619371030282	-504.495610754871	-214.198013305664
17.6416632940228	-520.552132493376	-217.351715087891
17.8670471437704	-519.064219123177	-217.454849243164
14.8168697349048	-520.079793197954	-217.58464050293
-30.0658900735829	-515.302654447468	-230.914535522461
-30.1706061139483	-513.177920819165	-230.712615966797
-36.3238520631464	-511.997312218663	-230.672729492188
-76.4103954566216	-489.57422000818	-245.888900756836
-76.8756540836504	-490.45231511196	-245.914932250977
-78.2695310970231	-491.539676222741	-246.18376159668
-103.12595637741	-490.540968273476	-255.703033447266
-76.6889817990342	-502.728061118095	-255.783325195312
-78.4896358157889	-500.873265512399	-255.747314453125
-105.555255135689	-506.888248810113	-268.748840332031
-102.505584539564	-506.142121577138	-268.541961669922
-103.409286298052	-506.939598399615	-268.555236816406
-160.919779125826	-476.881575682121	-275.928314208984
-161.14804005081	-477.786967704056	-276.495941162109
-160.601154090063	-478.255264959718	-275.404388427734
-181.263245835136	-469.255555436675	-285.150909423828
-182.118185885414	-467.884096243313	-284.849060058594
-182.686015248037	-468.240762335725	-284.829467773438
-207.721450076855	-471.79056987382	-299.681182861328
-205.612401302971	-472.45532075702	-299.370086669922
-205.975225632989	-473.194823050902	-299.528594970703
-242.438829752659	-448.994748505203	-304.247283935547
-244.864695803457	-449.748776027603	-304.117919921875
-243.814592531459	-448.615285614267	-303.918884277344
-261.029849554884	-447.46540164789	-314.316497802734
-263.548525908052	-446.537268404744	-314.616821289062
-262.339298446625	-445.833801802995	-314.582000732422
-282.042427959322	-417.040320770075	-322.707763671875
-282.400154334001	-417.66878317053	-323.156646728516
-281.77230064181	-417.252715202901	-323.253479003906
-310.172729406242	-398.307321760448	-326.023284912109
-309.644223845518	-399.007825572285	-325.845642089844
-308.971653557476	-397.92292679183	-325.349060058594
-334.228886356006	-390.282733476203	-329.368316650391
-333.776625091103	-390.186763478423	-329.407897949219
-335.788186418285	-381.946711134253	-329.626403808594
-337.941851246106	-383.761529910968	-329.300048828125
-335.784819625787	-381.512302837787	-329.907531738281
-359.274480088455	-364.481366217841	-334.181610107422
-358.435740287659	-364.978869071156	-334.584197998047
-359.035796257267	-360.878967701655	-333.427703857422
-381.548139213477	-347.090945764279	-332.824920654297
-378.964020161382	-340.211872586406	-333.328277587891
-378.35239767103	-339.733842099213	-333.660369873047
-398.519187644318	-318.638359193768	-330.730102539062
-400.008522641215	-318.760502494249	-329.316833496094
-399.580661688778	-319.715749615349	-328.98193359375
-405.168856613613	-301.68268771658	-324.463134765625
-404.898863277033	-301.800230725937	-324.797088623047
-405.158247748371	-301.492382715447	-324.530609130859
-438.120006757277	-275.785882346147	-319.677459716797
-438.049076636689	-275.386978604134	-319.61328125
-437.73126910782	-275.512530355691	-319.572174072266
-449.484783741762	-248.553395852275	-302.667236328125
-450.080931623262	-249.179164405123	-302.746002197266
-450.614262312488	-247.758589381302	-302.917938232422
-465.933798519625	-224.959473625372	-285.248504638672
-466.99839928387	-224.59342669972	-284.876556396484
-467.032491874776	-222.292554699265	-284.593383789062
-482.304172043754	-198.394610288557	-263.558288574219
-481.445043980851	-197.878613539917	-263.573760986328
-481.520796955458	-196.529422678636	-263.753662109375
-473.059372562798	-172.389220554295	-237.215744018555
-473.542417034651	-172.200202887412	-237.406372070312
-473.292820731268	-172.437764544178	-237.847854614258
-477.157927060883	-138.673546493481	-203.510101318359
-478.789713304203	-138.827224456857	-203.752014160156
-478.015905695289	-138.97391905115	-203.332458496094
-486.244410619933	-113.149042062556	-167.609634399414
-487.003369177455	-112.878021698573	-167.210571289062
-486.207819022438	-112.179607938104	-167.532669067383
-515.022388421554	-82.4087627584345	-124.590515136719
-515.001643087198	-82.4253837976331	-123.982727050781
-513.435974786549	-83.0011357673119	-124.239082336426
-511.76638131753	-49.1044676946183	-80.0436401367188
-509.875508875535	-48.4443981798558	-79.9446258544922
-502.474903320209	-48.2976943442544	-79.2324295043945
-496.079776655057	-23.1898431970142	-33.1766548156738
-494.796460191487	-21.949364423455	-33.4054565429688
-495.061286903023	-21.3556176865229	-33.6338996887207
-518.616465473383	-6.23149023556243	0.980762302875519
-496.028453101822	-0.873115567070158	13.3523979187012
-530.747089373448	0.924826610072586	-3.80746126174927
-511.210439487062	0.699521493006728	19.0706386566162
-530.874162276619	12.7119627258917	11.1682968139648
-525.11558382018	3.97204485735185	15.5311374664307
-488.447376376646	30.0899479986024	66.4698638916016
-512.821064352046	35.8803142093255	72.3404006958008
-481.287730746388	35.8055366630246	51.7562103271484
-488.210448843736	59.6759012888788	107.624946594238
-521.137010301286	55.8865716791501	118.484359741211
-542.054956861051	66.8091239945901	119.08219909668
-462.64909010368	90.4715395472035	149.69157409668
-475.646163328482	88.1715040470912	153.750717163086
-498.456538611604	90.9868244156466	153.61442565918
-499.462417366454	121.890273940196	191.091445922852
-484.764941873149	119.323012744939	191.023056030273
-499.770788577685	121.620184521203	191.080413818359
-485.148438674711	150.068528708219	225.234008789062
-485.452236483491	149.698170842674	225.309997558594
-485.347191768698	150.053949954588	225.290100097656
-479.9101304248	188.579032470457	253.618392944336
-480.978101738331	188.296218255559	253.374526977539
-478.650019691066	188.294859996141	253.441696166992
-453.431527160947	206.794133133736	277.459350585938
-450.723239499532	206.550111752421	277.036682128906
-451.36752702279	208.105884418379	276.932647705078
-441.545242302841	236.56389242533	292.980285644531
-444.466761060442	232.823336257529	293.121124267578
-445.329133375701	232.315039150336	293.730865478516
-433.555694597167	270.671892276095	310.294372558594
-432.409959926821	270.771817542129	310.152648925781
-433.430650217361	270.824181253051	309.041351318359
-419.595266266621	295.566420965203	315.568603515625
-419.474532652866	298.363922132524	316.042236328125
-418.706278809164	296.93597433999	315.788238525391
-399.072914339909	304.46775816788	326.238098144531
-397.80135277537	304.12521219752	324.667785644531
-398.280572052466	305.264129312654	324.762481689453
-372.253592118485	326.221658055212	330.342132568359
-373.628646444239	325.171294168671	330.956237792969
-373.540681720871	326.386227313469	330.498809814453
-361.813191568015	346.223046254103	329.826446533203
-353.975760650962	350.184054670337	330.128692626953
-354.955190736051	349.364097622078	330.306488037109
-321.087279640957	384.596676027748	327.096313476562
-320.160337028447	384.415585960821	327.763153076172
-320.303535933923	386.485780632407	327.980255126953
-301.714998622034	401.715148622989	322.962097167969
-301.803985734539	403.465161802544	323.657684326172
-300.918250388474	403.131431253016	323.006072998047
-299.615554696311	419.195819406137	317.570953369141
-300.342524356376	416.769495544069	317.326446533203
-300.677393290239	418.012557139895	317.038299560547
-266.719729459911	422.17362335245	310.101715087891
-266.455806193402	423.865269561842	310.324188232422
-274.35673720799	418.81425984228	311.535552978516
-232.62734028507	458.482508581272	304.747192382812
-231.48708842821	458.610066765753	303.145721435547
-232.568097045162	458.996951632349	302.838531494141
-224.527241775956	447.543621362136	295.6259765625
-220.643210490875	449.699189256862	295.886291503906
-222.056018148077	449.640923879031	296.018402099609
-183.961001627179	481.847057232625	284.977813720703
-184.558035289553	481.398820647445	285.004791259766
-182.711833607929	481.865901382645	284.731414794922
-148.625777366006	477.351336434746	276.830780029297
-149.895062891735	475.996640388245	277.023162841797
-151.025024771741	475.671213641889	277.106231689453
-144.183219833791	487.893736636539	264.245971679688
-144.506695328368	487.127781015061	264.317260742188
-117.359472900068	495.262918255234	263.154968261719
-117.994547533944	493.505516082574	263.283599853516
-117.519683741517	493.652458555942	263.509613037109
-102.729167035162	490.841031418279	254.024536132812
-103.062527892667	492.938283237632	254.046997070312
-101.752445105987	491.696960409522	254.172897338867
-84.4245461301456	506.376714037914	241.98796081543
-84.4923010998753	505.265803896529	242.203872680664
-85.1310982238973	506.392855343468	241.996368408203
-43.8204279356798	510.958196242118	228.648315429688
-42.3820834908423	512.331039831591	228.869720458984
-42.8123469197435	511.887514997702	228.996505737305
-10.0900001624318	502.114412771642	217.04524230957
-9.5107253425785	501.9928976365	216.965240478516
-9.73258093312515	502.738285798112	216.8046875
-1.92364099977954	508.170668352305	210.488067626953
-1.15426024201111	508.319917703252	210.811477661133
-2.7722862479677	509.088499559955	211.078460693359
7.09115047550486	520.760058180751	213.710876464844
7.38774170659849	519.813577596646	214.174713134766
6.90667560726743	520.928119240374	214.174392700195
6.38334681251627	519.314183673767	213.686233520508
6.54583034386923	517.745785273134	214.004913330078
5.67931893342754	518.840984317501	213.700408935547
-20.164586575609	515.506306067098	220.021926879883
-19.3338328984989	515.406099278089	220.234954833984
-19.0594133839676	514.867936250427	220.305862426758
-30.4049382723594	514.466495911499	230.454177856445
-29.510137680563	517.974066169713	230.835540771484
-30.0717145761202	518.394349070475	230.668014526367
-68.1288838309746	512.440895224534	238.784622192383
-65.7501529848074	510.951147339038	238.802581787109
-66.6707326609362	512.080512841504	238.274200439453
-67.1311315003008	514.858674711522	246.650177001953
-68.1244904248654	515.719365180918	246.677871704102
-67.1069796679343	514.312499842788	245.298217773438
-92.1514652065582	516.827801013804	255.879730224609
-93.0711378745859	516.614331336671	256.773101806641
-93.8276123757263	516.83142942683	256.419708251953
-121.161796949588	494.731508399967	263.974243164062
-122.300474288493	496.365057354586	264.908905029297
-122.082755512783	494.878353523316	264.902252197266
-140.249405060723	503.250200338634	268.324890136719
-140.008014858362	504.401735303627	268.59033203125
-138.369497585805	504.538420024358	268.561950683594
-150.536441547075	489.308128932021	278.146240234375
-149.668884831935	489.915348987325	277.899169921875
-152.031053376136	489.755265763037	278.126708984375
-181.684020483867	494.464716995048	282.408081054688
-179.753125951372	495.051409327286	282.638519287109
-182.300852130451	494.769112223134	282.948150634766
-174.396383310291	481.808430654707	292.23388671875
-175.376905059873	482.178737432322	291.967468261719
-174.668039277909	483.168483013843	291.836639404297
-227.548042574523	466.825049091246	298.381256103516
-227.363789031965	464.583099752923	298.235198974609
-228.620936550812	464.005263420657	298.223541259766
-226.043872574369	474.072786684271	302.291534423828
-223.002322798988	474.510189801832	302.296539306641
-223.645709435064	475.539050986981	302.607269287109
-227.613400800692	454.105877097992	309.042999267578
-226.678248069704	449.442527685827	309.864288330078
-231.590413542068	450.326066121993	309.748413085938
-283.081685559661	436.806581866344	317.053497314453
-282.671974744217	436.315767465216	315.899597167969
-282.002421565345	435.919565660029	316.069183349609
-279.416981975898	445.634959419383	322.905456542969
-280.046478429702	445.315023488602	323.167938232422
-278.563419178197	445.371572464156	323.068206787109
-276.612404475347	436.174844803169	326.076965332031
-278.575490398454	436.318549639081	326.098358154297
-279.050942734175	436.220560516907	325.973571777344
-316.105626051879	419.921958214494	327.225769042969
-317.103622217685	420.13056735554	327.223480224609
-315.912064540625	419.594353554431	327.494049072266
-310.136210962395	410.576129900347	328.76611328125
-310.169169566066	411.235581161611	330.592926025391
-310.306549278734	410.027333843543	329.447052001953
-320.866556190243	402.706599859873	332.319274902344
-320.641713063219	401.919902425807	331.897521972656
-321.165502638963	402.070883459217	332.013671875
-343.852398410673	374.052877104126	331.961364746094
-345.197460598923	375.300960511168	331.914642333984
-344.126657809794	373.676099318509	332.313018798828
-359.533082019611	353.051210700288	334.7451171875
-357.82395742968	353.665973497367	334.567413330078
-362.407229828084	351.409608631582	334.623016357422
-378.382071478691	337.599973232029	334.595336914062
-379.176266418684	337.600182415012	334.344207763672
-377.497068549279	337.819504304619	335.098968505859
-383.342558803377	332.311666758336	330.819458007812
-385.929264551005	330.183981968026	330.908966064453
-384.429575396816	331.160992614353	330.802337646484
-405.984678405278	308.839820522955	328.688751220703
-410.565532798006	306.621753593508	327.796295166016
-409.441327232675	307.186995297014	327.934753417969
-406.687822158753	311.561365724396	327.504516601562
-406.81320019601	311.083880035523	327.211120605469
-408.317784427975	310.964493499658	327.074645996094
-447.209964009741	286.15859042216	319.604461669922
-446.694584930505	286.079160124909	319.798706054688
-449.03855508368	284.817905757278	320.964111328125
-441.193640153469	257.661009718665	316.736480712891
-439.774497602507	257.989959916573	316.35791015625
-437.893916996793	258.370366030458	316.166381835938
-456.405178345134	253.953584066625	307.256744384766
-456.474873873253	253.796442767129	307.122436523438
-457.198213316821	254.285417444011	306.848571777344
-475.973469470556	235.234026018189	295.168121337891
-474.659754163799	236.841529776572	295.522216796875
-475.203364705036	235.307584274515	295.903106689453
-459.249218550843	219.254290893874	282.083709716797
-457.969474473336	217.586778409918	281.951354980469
-458.58401913182	219.104497333068	282.364898681641
-481.924236505148	188.925401495192	268.974700927734
-481.677849601177	188.665059203473	269.001403808594
-482.378390721879	188.490753836801	268.903930664062
-491.30268638033	170.368524708188	249.146331787109
-490.387179705971	170.379481188224	249.531936645508
-492.982193264948	170.570775214118	249.723007202148
-489.398769468485	152.095865229515	229.362731933594
-487.993937511496	152.047133748485	229.498840332031
-488.87661293484	152.127993921982	229.096878051758
-488.482167156296	143.848475943207	208.159637451172
-489.385563701712	143.993674161722	208.47737121582
-489.604752903863	144.583315069034	208.317840576172
-521.593982233426	121.770061491206	187.047180175781
-521.723257297716	121.032704967821	186.753875732422
-521.766659537045	120.588906771299	186.452896118164
-503.312088032058	95.1147790815917	155.846969604492
-504.909457982022	94.9596263522744	155.790344238281
-505.452194309762	94.9528622239466	156.100540161133
-524.955000376492	75.122672161601	128.572677612305
-523.605455973641	73.8714635180315	128.39860534668
-524.264075734559	74.5593509469799	128.19758605957
-518.334450542574	65.0620022996866	101.459907531738
-515.947181045965	64.6517882742134	101.591430664062
-514.964065799711	64.7437611391778	102.111083984375
-515.996479573457	36.2387594684482	65.9019470214844
-513.644517509622	36.0103655256227	65.6729278564453
-512.544804933691	36.4967966038514	65.2116394042969
-515.870104954905	17.3794777942086	35.2767372131348
-521.617811339134	19.0512377976329	35.6612091064453
-524.588539072922	20.3574335785694	36.3762016296387
-544.946521155791	-5.37038990944046	7.6071629524231
-517.172363238291	-0.0879169361944889	2.81777501106262
-552.919079838176	0.847636843698467	9.68859958648682
-512.198671587154	1.05499013614204	-0.844017326831818
-551.357661957317	3.36178896816509	1.78396725654602
-521.669927766788	-2.48933299510244	7.69128608703613
-498.491121993754	-19.8142048129414	-36.2616996765137
-531.170348645983	-12.3934215982165	-23.6978302001953
-507.833233752834	-18.2055151436862	-28.2098751068115
-513.385287456561	-36.1999793181911	-71.5922317504883
-491.574148790176	-42.4327997619812	-58.9490432739258
-513.142629180453	-45.6991948478499	-51.9443321228027
-545.98702781012	-64.0123895335607	-118.904792785645
-549.364585769563	-67.3882664527278	-102.455039978027
-547.600237625256	-70.6765206014546	-91.731689453125
-515.287855117702	-82.6835540406287	-132.250778198242
-517.246363097478	-83.7513180950607	-134.046630859375
-517.542780061735	-84.0217181520103	-136.734649658203
-494.74943573214	-105.685487955456	-157.41796875
-502.862722984942	-105.319716866363	-155.385528564453
-508.615377644007	-104.791450506271	-141.720550537109
-527.267462452513	-120.704834955046	-186.337097167969
-525.739519323911	-118.031079239989	-190.303604125977
-521.990211814304	-116.439239274745	-192.293197631836
-488.70141902274	-138.567613673531	-205.027404785156
-490.238955275535	-138.151908438869	-204.504348754883
-490.013424233307	-139.014731679543	-205.015350341797
-496.634853167247	-150.307574421737	-225.221542358398
-488.505220194961	-148.096262049826	-225.099456787109
-493.271923234732	-148.7921137534	-225.148208618164
-495.806653519817	-174.078210749432	-246.738784790039
-496.801680831678	-174.145328794524	-247.307159423828
-496.120703282739	-174.548544870552	-247.123718261719
-489.958680851696	-192.938856994135	-264.378601074219
-490.656348660137	-192.545888065963	-264.005798339844
-491.401276981027	-194.396528477993	-264.621520996094
-466.481505806269	-214.590590255137	-283.845428466797
-467.186852499517	-214.957309104962	-283.70556640625
-466.667789346407	-214.884898974946	-283.990600585938
-474.893988793941	-231.062379923506	-296.298919677734
-475.528380660314	-231.087289562926	-296.405426025391
-475.728440229499	-229.829293724995	-296.822448730469
-464.888569360744	-246.13409446033	-306.724792480469
-465.282970157333	-246.859539539492	-306.620056152344
-464.629833565571	-245.960803961166	-307.322448730469
-439.735399104946	-269.724560984092	-318.01318359375
-441.715884063002	-271.257503240031	-318.112854003906
-442.57350410532	-271.034659268628	-317.558044433594
-442.708512904565	-278.86565505865	-327.54541015625
-441.614656812764	-279.388000760801	-328.578002929688
-442.431145237471	-278.08767700927	-327.456512451172
-431.002076579376	-291.440125645642	-328.845642089844
-430.188211683585	-292.48252703523	-328.591003417969
-431.103847017794	-292.418654316201	-331.264526367188
-408.008394215719	-316.902841750528	-333.929870605469
-407.998887825857	-317.01102397175	-333.651916503906
-408.960944409241	-318.131993570956	-333.678802490234
-394.682232374694	-332.873093985458	-337.271636962891
-395.214984037751	-331.757214055872	-337.588623046875
-396.125071965847	-332.546867294602	-337.966125488281
-384.15463099868	-341.039108510529	-340.533874511719
-382.349207701401	-341.479233881755	-339.716156005859
-384.099136795262	-341.325277424564	-341.072143554688
-374.180966632303	-353.814256195666	-341.319732666016
-372.25617617135	-354.783837953824	-341.666931152344
-371.116132275217	-355.52038493311	-341.587799072266
-359.293744607542	-372.901402165783	-341.186920166016
-358.536304979512	-372.214086811665	-340.34912109375
-359.969679801648	-372.751565501172	-340.949188232422
-339.557670048143	-385.888315508086	-337.668823242188
-338.81797148117	-386.302454328583	-337.936309814453
-339.978087343481	-386.416562172748	-338.178985595703
-336.117726107641	-394.31759778654	-337.095642089844
-337.61517163897	-394.945072305222	-336.812927246094
-336.507217994093	-394.459303390684	-337.156311035156
-323.226473943017	-409.033961078678	-332.793060302734
-321.993340015904	-408.17589893978	-333.608276367188
-322.789013093791	-408.245279834164	-332.901641845703
-295.671175914989	-419.995759918694	-329.074035644531
-295.38593810021	-419.799276037808	-329.176574707031
-296.052783189488	-419.139008406395	-328.818359375
-277.518976645372	-447.475386097097	-325.072937011719
-279.931663907274	-447.142607798862	-325.573577880859
-280.423273168275	-447.764369293304	-324.8544921875
-271.564896393766	-436.495254026779	-321.672058105469
-271.969504620822	-437.009875574275	-320.792663574219
-272.742462372476	-437.596890570408	-320.756958007812
-253.910713832477	-448.046676971157	-314.883026123047
-252.624007199567	-447.944495661747	-314.722198486328
-254.81744290725	-448.207361998124	-314.452026367188
-221.081979319262	-476.436270785469	-312.746917724609
-222.722718461187	-477.517363387334	-312.664520263672
-221.520243427797	-476.503135622283	-312.736328125
-218.346946081111	-462.163817837167	-307.004089355469
-218.374684073679	-461.901644465383	-306.362213134766
-215.671518504819	-461.84192159355	-306.419403076172
-195.463770065055	-476.379267172932	-297.017944335938
-192.214142904253	-476.067384240689	-296.963165283203
-191.823152041939	-476.751467772815	-296.515350341797
-187.19138926519	-492.592057059446	-293.631591796875
-187.090577085787	-489.77357025202	-294.111267089844
-187.258331025599	-490.500507610951	-293.664764404297
-170.164065336529	-485.534823943656	-288.591918945312
-169.173904007619	-486.403049939644	-288.372039794922
-170.006918332186	-485.84651892034	-288.063507080078
-125.799922473775	-511.877915346328	-277.766082763672
-126.655430504544	-512.425474177871	-277.359680175781
-126.534280255987	-511.919940746993	-276.874450683594
-102.249565564277	-513.342607535503	-268.857025146484
-100.400095023991	-512.580341285841	-268.828125
-102.249541622836	-514.931960684586	-268.472229003906
-113.645109019915	-495.646559605033	-264.501953125
-115.500428623863	-496.642024053975	-264.750793457031
-115.340982118045	-496.444736977138	-264.369781494141
-62.8183584998743	-523.573083181841	-254.643035888672
-61.5676679819279	-524.289951752151	-254.190979003906
-63.5989962401412	-522.651139892403	-254.651031494141
-76.2169346752853	-499.691685697718	-246.437728881836
-74.9069120486268	-499.055547776471	-246.382232666016
-75.2281036921131	-499.090029126801	-246.237579345703
-23.6517655389199	-530.579455636515	-240.561889648438
-26.1788936799082	-531.004800997984	-240.483123779297
-23.8702201641883	-529.649250293726	-240.713150024414
-30.7266630894611	-502.91146423581	-228.707122802734
-30.1379566569352	-505.28304850589	-228.034286499023
-29.9524558700043	-501.690322342865	-229.000839233398
14.3330790281831	-529.51942523551	-221.909606933594
15.2568932654816	-528.916100995353	-221.758270263672
12.4742622375028	-530.578211956951	-221.663925170898
21.9022366882039	-542.542939980263	-226.990859985352
19.0915101963443	-542.659446479288	-226.917602539062
19.3639062079401	-540.80825099988	-227.035079956055
18.2255573730763	-548.414378407182	-225.768966674805
20.208023581671	-544.814019314411	-226.623168945312
18.5139615935993	-545.892570461597	-225.670135498047
-11.4346459288201	-551.860451747931	-240.622833251953
-12.357496097163	-549.78346792727	-241.807708740234
-12.2315069568398	-549.509277654324	-241.005767822266
-59.5451668164096	-544.354802176623	-254.082763671875
-58.3024505730102	-545.753869478196	-253.706741333008
-59.5795328708834	-544.295882407528	-253.92658996582
-103.928101059003	-514.996553552817	-264.464111328125
-76.84867654479	-534.895791826577	-265.979400634766
-76.2734944947284	-535.421997105994	-265.563934326172
-79.2789517051037	-532.954195635472	-265.361206054688
-118.409835945839	-534.66882880667	-279.027069091797
-117.446237237356	-533.883749729435	-279.054046630859
-117.114740385002	-534.823813331331	-278.816864013672
-156.321977793285	-503.690894153434	-288.732452392578
-157.833085571248	-503.821488979968	-291.278930664062
-158.353084144725	-504.252053056835	-291.225158691406
-172.924755837913	-510.572127217635	-299.328857421875
-170.885810940293	-511.323029274941	-299.070495605469
-171.960037806376	-511.704992640124	-299.25048828125
-215.252796150174	-503.24579843317	-310.711120605469
-215.53297065517	-502.35641694049	-310.198974609375
-217.698478992356	-498.57675864476	-310.547302246094
-238.012550669208	-480.103398262803	-317.39794921875
-238.486547515978	-480.357814314444	-317.400787353516
-236.670966349919	-479.974645479838	-317.208038330078
-260.817243067514	-477.584184548981	-327.624389648438
-259.591666822307	-479.044475213425	-327.462982177734
-259.375902472077	-478.449185247181	-327.422332763672
-284.587305972258	-449.79790608171	-336.805297851562
-284.805903428407	-450.068623320426	-336.681793212891
-285.525291591043	-450.257422297064	-336.747100830078
-315.725179040094	-436.383799532469	-340.705841064453
-317.646847815898	-438.681944589305	-340.474517822266
-315.586761961109	-437.233781689653	-340.304656982422
-324.87037740204	-432.650527285332	-343.902435302734
-324.711827203618	-432.318046053622	-343.941192626953
-326.028183541904	-430.795555558405	-344.677001953125
-347.363095557695	-403.553039597682	-350.856750488281
-348.897797315078	-403.127685912417	-351.223907470703
-349.979576095687	-401.899052142552	-351.165130615234
-375.926597661449	-392.681358404986	-355.211517333984
-373.401209391296	-393.286095266143	-355.099243164062
-373.810927146069	-391.627279635433	-355.391693115234
-395.379357805675	-370.896322316984	-357.316040039062
-397.024523370945	-370.996758763591	-357.828552246094
-397.414908682232	-371.393379350019	-357.465057373047
-420.225818280922	-341.393463588191	-355.529144287109
-421.771007939867	-339.895671408957	-355.660949707031
-419.949534251693	-340.94553256678	-355.657073974609
-440.931425258257	-317.70665211788	-348.397735595703
-442.649415426187	-314.090310441425	-348.191741943359
-442.409614737418	-314.304900546649	-348.581176757812
-444.673930638423	-296.347479246573	-339.199584960938
-444.808521324493	-296.677802391261	-339.047088623047
-444.216912180153	-296.641228660372	-339.4541015625
-473.372256459596	-266.809335627257	-329.993591308594
-473.611069487224	-267.223672144632	-329.333526611328
-473.966168518556	-266.760196017588	-329.419708251953
-491.943466137614	-243.688240886824	-313.863525390625
-492.102760468093	-242.975041123561	-313.426818847656
-491.276270184333	-241.462907570792	-313.245971679688
-502.631226888089	-214.620148528842	-292.629333496094
-502.879105563184	-213.725470943334	-292.4638671875
-502.369077270801	-213.230292810019	-292.205169677734
-498.475767994348	-193.640990042262	-267.277130126953
-498.798892160596	-193.486794405608	-267.334411621094
-497.717663003475	-193.645773322071	-267.6162109375
-502.489521218253	-156.078851802901	-235.830474853516
-503.582755886528	-155.788138692427	-236.106750488281
-502.895066446235	-156.703378437471	-235.748321533203
-511.038430642074	-126.793100453009	-200.664093017578
-509.083321372826	-128.126363784125	-200.204574584961
-510.287408225754	-128.31677271035	-199.200942993164
-539.957757331709	-101.293778409871	-158.913208007812
-540.649512031863	-101.828718277511	-159.702621459961
-540.571912283666	-101.541273010642	-159.484893798828
-541.51272764901	-74.0433130891167	-117.281227111816
-540.620422184077	-74.8210006091123	-117.376174926758
-540.96800632207	-74.5063646241057	-117.200759887695
-523.484290673189	-43.9634808412403	-69.4878387451172
-523.319733150575	-42.8998373166058	-68.8359832763672
-523.041678935305	-43.2675682762572	-69.5698776245117
-537.604576030862	-10.1722177007908	-17.8155612945557
-541.268734383561	-9.96750673747462	-16.651538848877
-546.588759228666	-10.3103582131197	-16.9805145263672
-535.178368790517	-1.01775316231254	3.56590938568115
-517.476712477379	6.67976751495473	1.30762994289398
-544.953143036966	1.62930955576996	11.7411804199219
-564.41549108611	11.8088817056262	24.5721969604492
-526.853644146439	4.89618911577089	28.6023483276367
-564.764667002063	12.5227064485929	23.9962577819824
-524.893106463922	33.8713102255845	83.2404708862305
-557.697202528453	35.5284161444641	76.8061370849609
-552.789210518008	43.7122535815297	76.1317596435547
-515.581985714358	68.0505506725756	121.464683532715
-536.727704426033	71.1535342307984	122.243927001953
-546.617505025957	75.8769885400066	118.709457397461
-557.941407394954	93.3911118859994	161.111511230469
-569.301670229687	97.3850164233318	166.617568969727
-570.672871389878	102.956455938898	175.207702636719
-528.317429387923	137.850202079504	207.939926147461
-528.305364100135	138.009967765913	207.847412109375
-525.186734684573	137.734882057056	208.010009765625
-528.480744981708	165.643686644424	238.358612060547
-528.891669992773	164.952451658027	239.085586547852
-529.222418651968	164.073952403488	238.351593017578
-517.639748356747	194.799346753956	268.896118164062
-516.861251759453	194.920775760038	269.011169433594
-517.655064900898	194.378317611765	268.794281005859
-476.495690009111	219.207679860513	293.384948730469
-476.457532828757	216.898060578581	293.176696777344
-477.63580891147	217.533430036409	293.216613769531
-470.639016086752	242.398408352771	310.657592773438
-470.446784534464	242.245155329066	311.297393798828
-470.515296779076	241.981770878249	310.859069824219
-461.232844691485	278.240823788828	326.479339599609
-461.369393494386	278.485142390037	326.351196289062
-460.925010535014	278.716279901117	326.023132324219
-456.414747254337	281.827196522671	339.595275878906
-458.773866029588	281.47865092676	339.125946044922
-461.459380547296	281.078925674611	339.357055664062
-433.784453030167	327.631184946776	346.585205078125
-433.775175726671	327.598440459951	345.657257080078
-434.335828549222	327.409831489572	346.259704589844
-399.106640499576	349.584819054941	347.358764648438
-399.408992505032	346.947340043727	347.267669677734
-399.887414953811	348.73493620776	347.376861572266
-381.853003325438	364.082805392802	348.956695556641
-384.801668972014	361.562045446413	348.782623291016
-381.170984904208	364.284485847661	348.971130371094
-362.178437210334	388.505363534251	348.771545410156
-363.409516009438	391.154428072186	348.39794921875
-360.282864025278	392.194290772625	348.296020507812
-347.706010690344	418.242127332607	342.752471923828
-345.365107702655	417.972844578639	342.938873291016
-347.134862704563	417.973419973435	342.388000488281
-340.153422904205	422.852218850014	339.012542724609
-341.08381060646	424.315667132056	339.709533691406
-340.145682360869	424.060894787644	339.885131835938
-307.46972656825	449.313711657853	334.942535400391
-310.227681882284	448.120888305447	334.505615234375
-309.648727160597	447.144609850814	334.596771240234
-282.784139967885	448.139033674833	326.351867675781
-280.271336635536	449.531154326669	326.348754882812
-280.801581560534	449.587530632575	325.920623779297
-249.496529115363	485.684951815637	321.579040527344
-249.501557712741	486.445730057813	320.880218505859
-251.60543656945	486.143721769799	322.1005859375
-231.030776123559	477.749185381394	313.408447265625
-232.990842364037	476.349630765727	312.245880126953
-233.296065021636	475.059613059068	311.959594726562
-194.475513633875	508.39447707236	300.314056396484
-192.578543640447	508.231462210563	300.979919433594
-194.060607710882	507.942525084904	301.077178955078
-162.119019976936	500.774314861885	292.610595703125
-163.173991771494	501.367297308481	292.77392578125
-161.959745564281	500.840651340552	292.591247558594
-157.818122157604	514.602393859203	279.969451904297
-158.402858144394	515.773347681792	280.311370849609
-156.938674045654	515.966053535675	279.982818603516
-110.909315952509	534.131101153325	271.330627441406
-110.698588346117	534.144186512689	270.906036376953
-111.07303744479	534.746911062112	270.780303955078
-84.1128050872678	522.88891092814	256.811889648438
-83.407457815812	524.653767890659	256.812591552734
-82.727365444317	524.08836845784	256.336364746094
-63.8582905165486	532.212911722406	245.448211669922
-64.8205816534151	534.035714014729	245.23908996582
-64.9815830263452	532.533225925157	245.154968261719
-28.8582336445321	547.076694586739	228.949615478516
-32.547126446947	539.38367118446	228.792724609375
-29.7946707174888	547.669089515129	228.837585449219
-0.0322171076429356	536.416012934271	219.789810180664
0.665848216322161	536.267203531027	220.104598999023
-0.336233629889648	536.624676775002	220.111557006836
-0.166378578346112	560.506624212985	226.276870727539
-1.44988481191247	560.890434598452	225.978317260742
-0.151680453430217	560.291829433443	226.072509765625
-0.699292817143899	560.075577241521	226.503616333008
-0.045827380389909	561.09735887093	226.283203125
-0.260123314344369	561.140300374149	226.37158203125
-19.203404926286	549.298777660933	233.750015258789
-18.312669150184	547.384654127165	234.053253173828
-21.0917476273896	548.719526794235	234.261322021484
-38.6395749603912	560.568592162223	242.171737670898
-39.3657821280869	560.690300669461	241.988235473633
-38.7010951086062	560.423677167166	242.022125244141
-58.9403626862559	546.594168869711	252.670166015625
-60.5311558197311	547.000990972109	252.300491333008
-57.8785335165753	546.761326882967	252.288803100586
-80.7239351996421	559.46194525894	257.931182861328
-81.5295340824723	558.668938436298	258.025207519531
-83.7298883517669	556.849122358457	257.408905029297
-94.3717372391271	540.76671194945	267.961547851562
-95.4280237017298	541.258951803649	267.752777099609
-93.9961854127991	541.258789527602	267.950500488281
-113.966723466802	555.837402666773	273.684967041016
-115.54072758984	557.619936873537	273.877044677734
-116.631291782849	557.578371330577	274.563049316406
-133.701173514137	533.775264608159	283.861145019531
-134.44785094899	534.362501820482	285.893981933594
-134.890198320996	532.612046751673	285.591278076172
-142.408423173881	529.529148861222	292.822265625
-140.757241826127	529.600298425516	293.114715576172
-142.571507057732	530.278610504741	292.903961181641
-192.099889744022	527.655430688458	301.185607910156
-191.427113936534	527.962782923427	301.237091064453
-193.41524154406	529.092677351298	299.685546875
-181.815062062119	532.409381417317	303.958953857422
-182.602231155895	531.310820568147	303.136138916016
-182.88281635993	532.837919666935	303.252044677734
-214.365015198247	504.853679917033	311.630096435547
-213.285945029091	505.312899702425	311.874450683594
-214.967065896471	504.43786611137	314.456756591797
-234.949230873852	519.279401452913	316.017150878906
-232.91062486663	519.476923869908	316.080780029297
-234.882657621359	519.683798175711	316.072845458984
-235.350294908654	498.156103977744	325.084594726562
-233.832827460221	498.451048014746	325.135223388672
-233.898150965837	501.84250475385	324.775939941406
-281.99169007762	478.377660956357	335.025390625
-282.507661807165	479.465551518334	334.642730712891
-280.205253147277	477.910347451655	334.780334472656
-277.907865020493	493.872422686442	337.792327880859
-278.954669217195	494.747871751448	337.800140380859
-280.384853880351	493.262644982488	337.993347167969
-283.260074768331	476.128833298887	342.783813476562
-282.329930491097	476.566139666332	342.731658935547
-283.434887303715	478.103497415259	342.002075195312
-327.63056015784	442.810717474294	348.501434326172
-329.617997512033	441.711575506631	347.997985839844
-329.355463052559	441.700928666441	347.887176513672
-309.414035883691	453.703905190229	352.215942382812
-308.298993253179	451.989104785322	351.455230712891
-309.268684490942	454.25158337273	351.801177978516
-356.087265874255	421.0461611234	355.944732666016
-367.510900419218	420.601181115845	355.891937255859
-361.230305422992	419.186571372427	355.817565917969
-386.373931661154	413.93853611556	360.09326171875
-388.21742097784	412.975479131327	360.101165771484
-386.741710965569	415.512300611981	358.424987792969
-384.410469966098	413.075211272233	362.00048828125
-384.661365503938	412.137250142589	361.585754394531
-385.421742070873	412.033641690473	362.213226318359
-394.149526936652	406.644003574898	360.659545898438
-392.972792337958	406.900001571163	360.99365234375
-390.976884968272	408.872911614315	360.935974121094
-398.765298944756	392.27941344292	362.715240478516
-400.304807197148	392.650802530507	362.872222900391
-399.575645227619	392.203902806459	362.637603759766
-408.455266823659	379.127695176677	362.757080078125
-408.4209476467	378.403628819162	362.733489990234
-406.43145414873	379.670927658968	362.389953613281
-432.123145499427	362.257098012389	360.203063964844
-432.045107894821	362.1924208516	360.539611816406
-431.438790017795	361.242141151209	360.422485351562
-452.118454635161	341.496830521799	358.397064208984
-451.649837029111	341.518828518026	358.803985595703
-452.233305274646	340.972786819824	358.725372314453
-478.714624293677	309.915198302815	357.022003173828
-479.443183949888	309.103247202148	357.088958740234
-478.391773166667	311.193808030471	356.983978271484
-471.503860346443	308.202868985291	349.135131835938
-473.331883158385	308.727351697494	349.374420166016
-471.9137692951	308.555177183609	348.511779785156
-490.290049101778	272.269595368758	341.829010009766
-486.363669842302	272.478938320081	341.688812255859
-489.211776520285	272.02900683312	341.537109375
-471.395564392937	277.230116121864	336.526794433594
-471.454029732223	276.573034605972	336.186706542969
-471.346177687331	275.672328542531	336.929626464844
-506.424704946223	240.617359480608	322.545166015625
-507.363407952119	239.217379417457	322.223419189453
-509.743235079979	239.678959054737	322.873046875
-503.843717989698	240.518455786123	313.049743652344
-504.717447864767	241.239283298063	313.710754394531
-503.938072452924	241.452423714448	312.664672851562
-500.977378260057	216.88373699497	298.798736572266
-501.480449450215	215.992455331798	298.470703125
-500.422737051343	216.957216531186	298.166351318359
-520.76772462666	189.176488868678	284.069976806641
-522.490227871365	189.073084330125	284.450408935547
-520.657882382361	189.107568724911	284.664947509766
-518.467974875867	173.194466510315	261.180847167969
-517.969389469568	173.759213073113	261.482727050781
-516.553777348519	174.862474499908	261.613983154297
-523.350306852222	165.002390091259	239.660385131836
-523.134028373497	165.484188952156	239.784042358398
-523.128667301016	164.366398764801	239.976959228516
-560.128625050664	137.455951790467	218.247909545898
-560.003523483112	139.904690830086	218.279357910156
-559.382854238401	137.40271648009	218.206451416016
-554.884603002838	125.762242962988	191.598434448242
-554.83100295778	125.321510600203	191.352310180664
-555.900162876669	125.633577936556	191.508453369141
-547.222379248689	95.213574996506	166.256912231445
-544.643075591873	94.8597566925322	165.964004516602
-547.765939035099	94.6516373197869	165.676330566406
-561.671094601897	72.4925915096892	132.903915405273
-557.116688214962	71.7962629326752	132.076354980469
-556.319949650251	71.6928317372639	131.689392089844
-572.361654668516	57.3081450447928	100.672927856445
-571.25398904171	57.1486649976778	100.676643371582
-572.25140712103	58.9790318694617	101.57886505127
-544.620328147163	43.2259848231505	73.0595016479492
-544.783584623874	43.9738698178962	73.6244049072266
-543.931053250648	43.330049071235	74.2721557617188
-543.557491981472	21.7359238317082	34.9109535217285
-543.565459289006	22.0133641132642	35.336353302002
-544.459290978593	20.8162867839133	35.4826736450195
-566.849398129817	2.96958083627527	1.86000311374664
-538.361953262058	5.74457439946366	11.4173345565796
-577.556692348849	7.11161983475756	0.679838359355927
-566.203926008036	8.30605685675476	0.475106060504913
-551.236865140478	-1.0870594070347	5.52333402633667
-544.931720053426	7.82692388880741	-0.673495888710022
-559.022787853414	-15.054690439439	-36.095874786377
-526.299217067121	-19.4872789310018	-18.752384185791
-560.903167449451	-15.6349160675705	-22.3267040252686
-548.01531374305	-41.5460020846095	-72.3474502563477
-547.111835660261	-47.816824429813	-53.5866279602051
-568.506459364846	-39.7824359991831	-67.7581405639648
-540.886478904656	-58.2459823773253	-93.8981323242188
-541.740903687378	-57.3605897956453	-94.1557998657227
-541.476913975584	-56.834182987652	-94.4962310791016
-541.889723081366	-80.8935229580422	-125.599853515625
-542.103046541796	-81.2262687748381	-125.595809936523
-541.720126920827	-80.4916645978033	-125.940338134766
-555.030627124776	-102.859204130694	-156.598358154297
-554.863557159699	-102.574403026741	-156.66242980957
-555.49963981137	-102.10122980831	-156.394165039062
-558.832317001406	-116.641954491786	-184.931838989258
-559.117872873155	-115.879100403582	-184.209884643555
-558.09704900311	-116.388235733162	-183.719604492188
-540.789936527908	-143.012707050602	-211.254409790039
-541.174794257529	-143.384250568369	-211.838409423828
-542.118318253516	-143.290401700583	-211.915222167969
-538.541094798074	-149.420410047318	-237.413803100586
-541.003229008623	-150.387516065505	-237.731414794922
-539.999015257951	-151.005191941296	-237.767791748047
-543.006894690119	-178.463854024514	-259.703460693359
-542.831285038783	-177.873359501795	-259.777404785156
-542.609234338848	-175.833928736731	-259.824340820312
-536.390711347808	-189.289178372929	-280.257720947266
-535.416088181356	-189.347104306028	-279.484588623047
-535.673582803138	-189.605405384386	-278.536041259766
-527.961069407589	-207.790823585401	-295.851623535156
-527.625855974275	-208.053804086809	-296.3486328125
-528.900759348	-207.390837698002	-295.206848144531
-521.880115784705	-232.540865140737	-313.1689453125
-522.481534645985	-232.521480780982	-313.743927001953
-520.679762947256	-231.428434754069	-314.078460693359
-501.029222593269	-258.146962425165	-326.934814453125
-502.380264271168	-257.790815631491	-326.754302978516
-501.328920416929	-257.835160679397	-327.0234375
-501.814056500803	-266.62289291041	-335.4619140625
-502.381008411238	-267.307788298509	-335.284637451172
-500.859076972393	-267.224676139362	-335.140411376953
-476.083213989494	-291.76939299002	-349.584594726562
-473.419224685083	-289.02062423822	-349.330596923828
-473.874938051412	-289.221487505278	-349.292510986328
-477.829939066512	-297.311117030994	-351.240600585938
-479.53449159053	-293.577740338028	-351.283843994141
-477.369075669671	-297.348880257319	-351.313171386719
-466.972844327631	-311.293713109803	-358.452362060547
-466.736987067202	-311.790380164424	-358.411956787109
-466.991510379363	-310.909568190694	-358.818267822266
-443.176813467369	-340.100523964506	-359.303070068359
-445.051264251918	-340.156291260546	-359.310852050781
-443.625199796117	-340.009502827418	-359.999114990234
-430.68896432481	-353.076603064125	-364.404937744141
-429.182908683513	-353.792040305951	-363.857940673828
-430.366860120796	-353.691766259815	-364.528930664062
-414.267189424399	-364.763864892324	-364.515014648438
-414.513116222087	-364.78787850755	-364.543914794922
-413.067992494327	-365.367041732879	-364.435943603516
-403.379719190991	-377.094737334358	-364.804901123047
-403.812348521211	-377.8744403243	-365.094085693359
-404.589301239244	-380.267026353728	-364.8544921875
-392.411145804487	-395.432988826657	-366.778747558594
-391.770399507825	-395.360185990206	-366.581939697266
-392.178227081983	-395.384620416718	-366.708587646484
-383.701545854524	-401.932973348653	-365.572143554688
-384.547697906995	-399.35031156544	-365.649261474609
-385.031433500861	-401.704914456925	-365.304473876953
-374.09950544875	-418.814189864671	-363.318206787109
-375.056764467485	-416.950954156602	-363.830780029297
-375.124028916853	-418.905304361099	-363.393920898438
-360.364099211229	-429.256345219981	-358.970367431641
-358.701547616926	-428.524274875036	-358.914093017578
-360.628323714424	-428.66028704171	-359.002655029297
-325.82822728873	-445.37893986014	-357.492858886719
-328.132394334765	-443.908531270579	-357.095367431641
-328.441747887429	-442.98992833277	-356.849487304688
-322.545088762515	-465.595940843697	-355.763153076172
-322.852150714485	-462.679205783258	-355.518585205078
-323.041578625205	-465.709539920217	-355.905578613281
-312.445124484695	-464.167807319501	-350.595581054688
-311.81075731523	-464.484888685328	-350.311004638672
-311.870135915055	-464.689875423966	-350.601684570312
-287.016423635158	-472.609678273925	-343.051391601562
-292.84421258588	-472.776891066055	-343.593505859375
-292.15672633699	-473.310729371473	-344.350463867188
-257.429548222621	-500.46838473501	-334.368591308594
-257.824892365095	-500.609283225713	-334.539337158203
-258.558396356359	-500.173712090596	-334.484985351562
-262.335630411591	-491.312511092843	-334.337097167969
-261.479963428341	-491.589879945616	-332.712982177734
-262.995971751036	-492.143977379664	-334.120300292969
-229.601632796063	-504.160182500636	-329.368896484375
-232.456763207589	-502.8945828992	-327.807922363281
-231.982379268258	-503.111524686547	-328.101684570312
-216.104384283521	-506.064377557308	-322.262725830078
-217.006860070356	-505.563129161349	-322.559478759766
-216.918724786689	-505.577308879062	-322.908752441406
-182.397864534472	-538.307506715309	-311.792816162109
-180.893238612919	-537.818321091024	-310.171936035156
-182.841402838165	-537.504317515959	-310.439758300781
-187.619014558685	-515.521670085504	-307.704833984375
-187.46730405438	-515.3874271365	-308.084747314453
-187.835797516815	-515.845802194779	-307.760314941406
-141.343195348718	-540.406964190202	-298.022247314453
-143.609164759922	-542.953298347487	-298.152313232422
-141.878656439303	-541.617174117668	-297.962768554688
-157.773532058064	-534.6792039951	-287.586456298828
-157.710819908181	-529.695180857897	-287.918853759766
-157.705298953894	-532.763428014947	-287.635620117188
-113.253813760186	-547.90537052839	-286.279266357422
-109.88821799855	-549.310543835287	-285.783355712891
-111.831717853538	-549.393459204394	-284.7900390625
-118.571782780015	-538.259222304893	-277.120300292969
-118.18773918706	-537.580755205551	-277.415649414062
-119.263581082097	-535.850922852465	-277.538116455078
-75.685985368866	-555.237771016144	-270.68115234375
-75.3330709142261	-555.491635912373	-270.844116210938
-73.1647006555634	-556.622339931806	-270.646850585938
-77.9058460734571	-544.488856717888	-258.632568359375
-79.2088441683229	-544.396374938303	-258.349182128906
-77.4578147170218	-546.290081390143	-258.483337402344
-22.3091594676213	-567.433991586385	-252.571014404297
-22.8912250130464	-566.683808346914	-252.225814819336
-26.2835215905444	-563.369032875631	-251.957778930664
-8.6949432944898	-563.255331481061	-243.449188232422
-9.47176772014333	-563.379365573794	-243.098663330078
-10.396725459078	-561.733516362742	-243.268493652344
-23.1807491027826	-548.081289430402	-233.701248168945
-23.4265220635152	-546.572137981763	-233.890182495117
-23.7082414936632	-546.954175476086	-233.704650878906
-5.13304399724757	-578.11005544779	-236.641723632812
-3.77697540164598	-578.905152751851	-236.527862548828
-4.40434422965711	-578.76076636242	-236.585372924805
-54.587811929737	-554.854786595718	-248.106918334961
-54.2388257201642	-554.132941246996	-249.252868652344
-53.4909520766789	-554.26019333101	-249.419998168945
-42.6171201978426	-568.192098094479	-261.437652587891
-44.5093729834736	-568.648195158619	-261.841186523438
-41.0818519106543	-569.767858406304	-261.775146484375
-70.3970985786375	-573.986543987965	-273.383026123047
-70.8311673391135	-575.962923280924	-273.880279541016
-69.8889066184658	-574.789688583347	-274.116394042969
-135.425537472576	-550.651481231574	-287.751800537109
-133.173205336079	-551.577961831378	-287.546325683594
-130.927740561415	-557.078429792287	-287.599761962891
-157.139955378536	-530.859145079397	-296.102233886719
-155.247665747864	-530.644653310574	-296.571990966797
-154.11673026355	-530.684593781625	-296.150085449219
-169.273418968374	-537.200984439512	-312.449249267578
-169.404098472519	-538.95433439113	-312.533630371094
-161.361709454539	-542.755114666133	-313.092407226562
-219.30812285349	-526.732495995077	-319.723693847656
-218.725586514474	-527.181955489778	-319.906768798828
-219.233081204282	-527.094371136804	-320.400787353516
-225.253113069379	-533.353530144311	-332.015502929688
-225.226955132694	-533.118442521845	-332.268493652344
-225.288052553484	-533.407899821	-332.257446289062
-262.310966406768	-498.898049871193	-336.169860839844
-260.045437075263	-498.816535385823	-336.472717285156
-262.273759811375	-499.249804620366	-336.656829833984
-274.490908880775	-501.399250110363	-350.400604248047
-273.378608278556	-501.624835722117	-350.193450927734
-272.594803205679	-501.277437088857	-350.502197265625
-321.10527537636	-469.69106991317	-357.090087890625
-319.591748480838	-468.602994940963	-358.60888671875
-321.433006475854	-468.793502934458	-358.876434326172
-342.009050357137	-460.949816573399	-360.039672851562
-344.572046238435	-459.358965659383	-360.450012207031
-342.225414135997	-460.942281186533	-360.3310546875
-353.577109492326	-442.052143383887	-367.224395751953
-354.164327119971	-442.282985485467	-366.622100830078
-354.918591255126	-442.036370349247	-367.368133544922
-382.014576536315	-414.376546876138	-373.330810546875
-385.265738080069	-414.12850378541	-374.582275390625
-382.749877169825	-414.768430760467	-374.00634765625
-410.99054240984	-399.587898196419	-372.427124023438
-410.861476556852	-399.159031878422	-372.094970703125
-411.382308203004	-398.411147764251	-372.352416992188
-434.804448605486	-381.880159271053	-373.844268798828
-433.972268191925	-382.652975175182	-374.2373046875
-432.972236767447	-382.081803927142	-374.231719970703
-451.684629880969	-351.354390362933	-371.556030273438
-450.69865118577	-350.684810535931	-371.361083984375
-450.589010935223	-349.740568291543	-371.061798095703
-463.994175086169	-329.740989791938	-370.469757080078
-463.548095514866	-329.427017129443	-369.701263427734
-464.217824984919	-329.372755184497	-369.918029785156
-474.273764406793	-304.327224843742	-365.348388671875
-473.449648894938	-303.726426229411	-364.307861328125
-473.023148499772	-305.198066874198	-363.832305908203
-499.754963331033	-278.607825418098	-348.442779541016
-499.836958394671	-279.079592254254	-348.671569824219
-500.92475490424	-278.27487984778	-348.574859619141
-515.583018921929	-251.20922845394	-336.288970947266
-515.839015192147	-251.691531042331	-336.122802734375
-515.659525836879	-252.835394770709	-335.690460205078
-531.930024019434	-232.625839678646	-316.638397216797
-532.557091843172	-231.279576494261	-316.588684082031
-532.52920689745	-230.278762532954	-316.18603515625
-520.247154338696	-200.972232170392	-290.737030029297
-519.109845336782	-202.013877819144	-291.077575683594
-520.34120412537	-203.19242603764	-290.294494628906
-551.573223281929	-173.216300267068	-259.939300537109
-549.702810700736	-173.225998976159	-259.866546630859
-550.672223918394	-173.449733877013	-260.056304931641
-560.055700756528	-145.180926640132	-227.887252807617
-560.758087534246	-145.020684109878	-226.838973999023
-560.033851353689	-144.396007576275	-226.490417480469
-542.687069318178	-113.088876516208	-186.635696411133
-543.5666726817	-112.344046095695	-186.073181152344
-544.901571126853	-112.493873373659	-186.346466064453
-572.026106367328	-96.9843122413397	-142.287353515625
-571.956591594979	-96.6093950192276	-142.386276245117
-570.891104866231	-97.4650459763937	-142.761581420898
-576.071357140418	-56.2221475815922	-93.6540832519531
-575.673085484162	-55.6587825530374	-94.4120559692383
-576.34836417691	-55.4858637171528	-94.5570449829102
-557.45530701541	-32.5801483170082	-46.8971977233887
-556.05743083115	-32.3486784026445	-46.479118347168
-556.571164329314	-31.7748564562362	-46.6205139160156
-549.056563029448	-4.08560094136917	9.74732685089111
-556.603893288172	1.97661363980899	4.66485643386841
-566.781557991183	-8.46003174286361	9.69210338592529
-570.710364014435	3.52033344520351	6.00819253921509
-539.961513555261	-3.18139374398851	8.4116325378418
-562.623325468065	3.92152792696569	-3.45094633102417
-585.730081234602	17.988872169933	53.8367881774902
-581.758143635349	27.4559712617844	64.2507171630859
-553.544480812612	17.6979012269402	67.0704879760742
-584.539262613493	61.0582195039801	122.265640258789
-579.968023957979	60.1249350301445	120.865699768066
-572.658916243828	57.3207889706468	116.769454956055
-582.651776558331	97.8418788819348	130.676651000977
-558.419432717807	96.8827722277197	130.978103637695
-549.517824392839	88.2467007443053	137.263824462891
-547.734909535922	114.255834247952	190.889434814453
-547.158416689979	114.063606815638	190.981796264648
-549.09044278645	113.540410854177	191.068344116211
-552.283659479818	141.973948537747	234.217559814453
-553.713600692835	141.611149039031	233.978881835938
-551.876320369332	141.807149339892	233.187606811523
-528.985185697345	170.252360770594	264.4375
-525.886795309661	172.657900053755	264.151092529297
-523.029629084724	174.651634466615	263.224700927734
-520.143747201151	200.448461830962	292.981109619141
-521.33910940697	198.79212482377	293.599609375
-524.569921195682	198.218458576124	293.71240234375
-517.606245135911	223.546916638054	314.350067138672
-519.005934057172	223.197994880886	314.101806640625
-522.246118700922	222.890065355064	314.461883544922
-510.804691591214	247.50020626541	330.157928466797
-502.385256769493	248.428895442713	330.188598632812
-502.880833712894	247.734955093924	329.769897460938
-488.365425804733	279.039655593972	348.481842041016
-489.33579294163	277.963221912828	348.128204345703
-490.659344827939	278.208528186045	348.296783447266
-495.425077135027	312.767209609775	361.016448974609
-491.020474039404	314.511693081935	359.805603027344
-491.416663128916	314.907776473256	359.431945800781
-444.593746777586	331.920797752358	365.686737060547
-443.954993583355	333.952092124496	363.810668945312
-442.899021186886	334.484106056642	365.314483642578
-418.539005673697	361.108778391974	366.334167480469
-417.7260106215	362.433510777189	366.593170166016
-419.989377895434	360.505983732636	366.439300537109
-413.578840237738	373.818535144116	364.923980712891
-413.078605277789	374.086618549482	364.817413330078
-410.526472144456	375.947181134019	365.40478515625
-377.455533807247	401.577569978777	365.787780761719
-377.917614105761	402.970703722226	365.36865234375
-377.852878709043	401.924609677106	365.657104492188
-363.653479476939	423.790392886753	365.625427246094
-363.054310252668	424.38387415986	363.558135986328
-362.939457416711	425.894171925088	363.456451416016
-347.17848372211	435.208411917548	363.856811523438
-347.325526951978	435.082735478964	363.561859130859
-346.452913559961	436.725922747442	363.169738769531
-321.206927102384	470.88192246126	355.431976318359
-321.432102349328	470.8716383194	355.487396240234
-319.695006066427	470.662028489959	355.628021240234
-327.738651110291	469.616410501812	346.004241943359
-328.581757052139	469.35156529539	346.314361572266
-330.523719622144	469.282147384559	346.169738769531
-260.498960051759	498.110745441805	342.229705810547
-261.362494423691	500.112651698889	342.646697998047
-260.902395934083	499.540331774933	342.906890869141
-271.144036036067	501.095220490269	332.513153076172
-271.548880953164	500.631205546643	332.498352050781
-271.129903765987	500.495453123212	332.285675048828
-211.947820760632	527.20836977501	322.035095214844
-210.604170123842	527.315664571909	322.181243896484
-210.989361128842	526.90738922172	322.186065673828
-218.832530676028	520.862419042972	314.349365234375
-219.129562278262	520.847427430868	314.125793457031
-218.450792454206	521.130464615129	314.140930175781
-176.728878203083	550.360311789875	299.532165527344
-177.330254442269	548.162170675042	299.520904541016
-165.003057757231	548.547770010228	300.565368652344
-136.519855788844	540.927793145459	291.686096191406
-136.959275803349	541.320844444051	291.726989746094
-137.219542062905	541.70509293334	291.838500976562
-126.827009077125	552.951868723816	278.433868408203
-127.916014685559	554.176117319487	278.469909667969
-126.914065862014	553.062159109808	278.302764892578
-87.9567294984668	552.208624147099	266.579620361328
-88.2185535127246	552.490893657357	266.850067138672
-89.4562739832245	552.144892928338	266.556060791016
-67.2592187901823	564.874491038048	254.686233520508
-67.7441900268359	565.56331443645	254.794906616211
-66.6878966355424	565.997843905627	254.852157592773
-30.3525808855403	571.409921424572	242.277221679688
-31.700235385683	572.176882614231	241.971664428711
-29.9917517963436	570.956355846682	241.671081542969
7.14748000119809	559.290177786884	228.99919128418
8.8338521107425	560.797952739744	228.583602905273
9.78749035302894	560.753081980063	228.276153564453
7.81268698865429	560.524682127394	228.689483642578
7.50363782592191	561.24085877949	228.34114074707
10.1944560630754	560.880195619327	228.141326904297
0.664317326375169	569.40105780529	230.281021118164
1.00849883066689	569.707844494627	230.330825805664
0.612070581042019	569.389644082695	230.163757324219
-22.457525410378	580.464358810742	240.154083251953
-22.1943123326277	580.416683542811	240.527435302734
-23.1027581001349	580.354273886199	240.589691162109
-38.5827632112559	567.781879231126	248.551773071289
-38.0099128441046	568.05693806722	248.706237792969
-37.5369058420872	568.093406850779	248.685287475586
-66.031371997507	578.789992651589	257.236145019531
-64.870709869417	579.12167654539	257.332458496094
-64.5591971251914	579.040977721993	257.185699462891
-74.7278107027843	562.703845727025	266.582733154297
-75.374251619332	564.280007887549	266.668670654297
-72.979155259797	581.455332967623	266.578216552734
-73.1250793809037	582.938706151541	266.616882324219
-71.4928753598442	582.098015954925	266.790588378906
-95.3923766627883	561.89874044992	273.099639892578
-94.0957483377281	562.374958160176	272.917236328125
-94.968258980661	562.821118277925	272.919250488281
-115.062478890762	575.885350070481	283.213134765625
-114.39009796517	574.889666616762	283.557342529297
-115.327737941158	575.549176282879	283.420196533203
-126.45119669073	552.691619665984	290.785339355469
-127.169821997933	551.919327618619	291.344024658203
-128.506828246096	552.288941202671	291.939025878906
-165.715054980595	563.26470653225	296.316833496094
-166.652283172022	563.646174561125	295.9912109375
-166.041768758144	563.758232699636	295.748840332031
-164.647852432507	544.124378036694	305.368988037109
-162.665965223764	550.359384967951	303.769439697266
-161.589674290085	551.949684660362	303.842559814453
-209.78662491171	538.102160458297	314.329559326172
-208.119934395654	542.976864256798	314.762481689453
-209.025955367602	538.821136363408	314.762939453125
-203.045949265848	548.878521336202	318.383453369141
-202.860734534607	548.364621492842	318.799163818359
-203.825007857936	548.332788342482	318.730407714844
-232.633393563004	521.999624268121	323.875213623047
-233.091871161588	521.617240238261	324.354522705078
-232.272829866546	520.902600876368	324.376831054688
-237.748855340257	517.302103676058	335.459136962891
-235.936032195317	517.454038837065	335.524932861328
-237.848118822778	517.908703013241	335.168243408203
-280.996488821199	505.55970031858	340.692321777344
-280.799394598434	505.736460838937	340.492156982422
-280.865470425252	504.464597676375	340.017547607422
-272.380819600045	513.480396103117	344.213165283203
-272.705242861984	512.968409016358	344.430908203125
-272.701713111692	512.736868334625	344.262451171875
-292.068512817264	486.910967997949	350.110137939453
-290.572095755363	487.935865598737	349.617614746094
-288.914925455786	488.119031885508	349.854064941406
-334.543199615206	474.434115867675	356.021301269531
-333.761898182091	471.177044918259	355.757385253906
-334.998358058651	473.166180440725	355.933776855469
-331.347324152547	486.315026121125	363.198364257812
-330.433692790491	486.372846229099	364.029144287109
-330.836851131067	487.096883467086	363.769836425781
-331.416566604208	473.014685527647	361.469116210938
-333.003075751331	472.813840924362	360.898834228516
-333.120576819746	473.488059107475	360.763702392578
-361.42279496442	433.763729559289	368.475341796875
-360.932352720806	433.953934920019	368.820892333984
-357.784397394996	434.838973528842	369.054779052734
-401.126133682227	420.667868545818	372.154144287109
-403.822378141298	422.196032996385	371.804870605469
-404.515889395699	422.042857565304	371.8212890625
-371.555931904656	434.830438227223	370.933776855469
-370.650766894662	433.616410150423	370.237976074219
-371.106765547622	435.119226304972	369.285186767578
-387.797923948391	408.979048873291	378.703582763672
-400.226404309213	399.095014630518	378.675140380859
-387.218875624357	408.862559399437	379.199676513672
-418.522332091667	384.977852938201	379.463989257812
-415.150633622386	385.716304545945	379.482391357422
-416.615233926336	385.870976125761	379.905517578125
-428.224184579293	365.044207951971	377.541259765625
-426.557635915664	366.803673196881	377.489959716797
-425.03175749549	367.845545952106	377.90576171875
-442.107928895094	353.839370021628	378.261505126953
-442.991873439545	353.068412279097	377.847839355469
-435.190801328321	357.428786500995	377.970550537109
-443.36385499373	352.504465733905	375.680603027344
-441.545952297519	354.343034248335	375.444091796875
-443.749602644425	352.791975268067	375.664916992188
-462.114156003592	328.948099464402	370.738006591797
-460.469232835126	334.214232494196	370.889709472656
-461.094882450758	329.983773478802	370.911315917969
-481.431108928526	324.821771376081	361.887023925781
-480.718796100427	322.296446138908	362.269012451172
-481.771200951588	322.170542109087	361.823822021484
-510.606234197201	286.382028299486	356.821502685547
-511.875902904238	286.449916654191	356.964721679688
-509.134418170925	286.354557809233	357.216430664062
-521.475140060836	270.637449990505	353.315856933594
-524.317591488108	272.237659899178	353.378631591797
-523.963443934475	271.577948489633	353.653106689453
-500.828684669777	269.560031127694	339.301605224609
-499.208750720724	269.724383349126	338.787353515625
-500.06332466159	269.948233608328	338.971435546875
-531.019999258566	237.511044318741	331.011627197266
-527.613284867078	237.33552488136	330.323181152344
-526.59419832968	236.59912647425	330.188507080078
-549.38930257106	232.413202248604	315.196472167969
-546.809301935829	233.659363567962	315.662445068359
-548.40063112852	233.496773299968	315.504364013672
-541.36707042895	215.128783504579	298.290740966797
-540.138783200803	215.314047852223	298.233551025391
-537.915656005157	215.942812819474	298.473510742188
-541.095826724316	197.957697280896	283.164611816406
-543.727062732434	197.19725643583	282.874877929688
-543.590540295282	197.55197012469	282.835266113281
-562.3594360301	178.924612032024	264.346740722656
-562.228598834949	178.5137539861	264.050354003906
-556.673625507104	177.247350255682	264.012237548828
-567.106110200549	144.132988387545	238.573135375977
-567.323183323678	143.818858826323	237.838623046875
-568.34273563288	142.962491083559	238.252792358398
-550.676340111268	128.825990593987	214.110290527344
-550.724789896046	128.603367490396	213.601654052734
-550.500618568293	129.165096443939	214.032012939453
-559.838957002248	108.167009892683	185.442779541016
-567.788429639819	109.350979762707	185.418487548828
-563.589409831561	108.655037556604	186.579162597656
-583.436490867568	86.2525391550521	158.696197509766
-584.195811223978	86.0657189546869	158.809814453125
-581.047733582798	86.6309024993426	158.5830078125
-589.099459256209	79.5897141677916	128.348068237305
-580.955799048528	81.1647642476353	129.199203491211
-579.854810474392	80.3066960744056	129.953308105469
-568.648337436818	59.8115230902011	93.4293594360352
-568.761921033418	59.4592970912586	93.6271820068359
-565.196465269541	58.5739599873262	94.1157608032227
-584.817086748085	32.9936732813	63.8432426452637
-584.854945284878	33.4336668654425	63.9797210693359
-584.697425401903	32.9329320827281	63.6084899902344
-565.09896665916	15.2793800095225	30.1466827392578
-563.742430593208	16.4634153382015	30.0535449981689
-566.855507074541	18.1036251152105	28.6522045135498
-595.904178941726	-13.0393228092143	6.77852010726929
-579.672918628918	-2.22674870381061	3.32843804359436
-612.700543932296	-5.77551874530096	11.4659881591797
-580.847727442415	-4.15342504395966	-6.218834400177
-613.479878906775	-9.85268554772676	-0.891966342926025
-579.803029779	-2.5726534826247	-4.52363300323486
-549.015123951789	-27.8772148321718	-33.6077346801758
-580.731000565245	-21.2258479595741	-19.7964839935303
-546.639581197707	-24.4145237695428	-14.9514064788818
-571.917722622144	-58.3620738723587	-75.32470703125
-565.728610598414	-40.2219952098573	-73.156135559082
-563.430535254194	-41.0278267702485	-72.2223434448242
-565.846226851247	-39.6801855533679	-71.6423263549805
-559.852211039239	-63.0946387505827	-104.556846618652
-558.743916630312	-63.1277886653729	-104.344520568848
-559.56947989335	-62.249861640973	-104.4580078125
-566.766334016744	-87.5272792814717	-134.084182739258
-567.25769840976	-87.5739479917059	-134.510711669922
-566.441861256659	-88.1635644176569	-134.620300292969
-581.971309804355	-100.570232874401	-167.38557434082
-582.03454731287	-99.3827494768922	-167.277816772461
-581.25290004623	-100.805883186515	-167.168746948242
-566.032121932908	-116.59408732154	-195.770477294922
-565.906163636919	-116.764659659652	-195.829696655273
-566.841671633185	-116.666807727704	-195.494537353516
-572.747375005455	-138.629733458953	-221.097061157227
-572.094883324502	-142.733871002971	-221.06494140625
-572.981285041513	-137.999374754751	-220.897003173828
-542.417142703849	-154.374279484072	-246.431304931641
-542.291943084931	-155.378006684696	-246.192016601562
-543.219502672755	-154.443867628487	-247.022689819336
-558.579316309374	-178.962528463566	-268.016235351562
-560.013040060238	-179.527839841408	-268.464050292969
-558.852327779225	-179.458687358281	-268.559783935547
-555.451088249058	-203.10067270597	-290.095031738281
-555.209151000716	-203.760591834374	-290.877166748047
-552.097552600885	-191.40875387059	-290.788665771484
-544.339820185245	-210.766341384644	-307.324737548828
-544.150272912792	-210.03840387726	-307.643341064453
-526.671647774884	-214.259625915881	-307.389038085938
-525.835566896101	-216.562800703082	-307.568878173828
-525.745007428183	-216.79568190994	-308.033264160156
-519.05543294197	-237.594094244023	-324.252532958984
-519.037175343424	-237.830174409844	-324.655181884766
-519.681118403862	-237.856686375476	-324.270721435547
-528.672499437069	-258.69389614889	-332.934326171875
-529.441499204976	-258.077680804418	-333.123107910156
-529.928057669692	-256.988083043594	-333.003723144531
-518.269541636134	-270.065522216301	-349.070495605469
-519.3985065794	-270.197393937205	-349.241790771484
-518.047053981073	-269.863439463835	-349.253967285156
-490.441993847751	-290.790740754107	-352.391235351562
-491.707300790824	-292.607544204051	-352.402282714844
-491.873285217014	-291.946961244742	-352.791259765625
-500.362298292161	-301.967433941001	-364.756469726562
-500.223305431425	-303.147477624978	-364.673919677734
-499.792769376886	-302.232071679656	-365.062683105469
-492.590840911617	-318.119711953332	-375.198089599609
-491.766022497644	-320.665748096946	-373.194061279297
-491.78380804757	-318.562135153022	-375.019073486328
-462.926333753333	-345.543454460782	-377.253540039062
-463.357908750518	-345.806834260502	-376.859008789062
-463.675545687876	-346.130931115765	-376.369750976562
-446.954499538259	-354.639141290153	-381.726379394531
-447.747770902889	-353.910119062794	-381.315063476562
-446.841875391227	-354.224332536188	-381.503967285156
-454.106855428611	-368.171115616255	-377.074493408203
-454.721862588578	-368.895443151497	-377.167327880859
-454.821476648866	-368.460098373333	-377.34765625
-434.831814899477	-385.26663578188	-379.671447753906
-435.891580134183	-383.546742713808	-379.823974609375
-437.12255931302	-382.933320348724	-379.142761230469
-426.259607380954	-401.091650885176	-381.492584228516
-426.099651699249	-401.183505040721	-380.718170166016
-425.788891141619	-400.81288236528	-381.527770996094
-415.123088287277	-412.009123690111	-382.423461914062
-415.013462792142	-412.187365269053	-380.444183349609
-413.853502098895	-412.835448125267	-379.992980957031
-395.462999711338	-420.114663544316	-381.38671875
-394.795064412277	-420.519062413774	-381.691009521484
-395.569252226382	-420.584599377572	-381.977508544922
-384.341628434364	-436.72510559084	-379.398529052734
-383.404380924746	-437.173550195592	-378.876770019531
-384.344658310779	-435.929515088941	-379.466796875
-364.055512670161	-448.781202169318	-374.771850585938
-365.877924126772	-448.438870744862	-374.608795166016
-366.880475211625	-448.033422907573	-373.129943847656
-334.404803311155	-465.811887619895	-368.453125
-332.287789873872	-466.029845018693	-367.525390625
-334.410172820297	-464.424303752662	-367.730285644531
-337.23493942774	-477.512033155758	-361.997314453125
-336.325992263745	-478.450650342801	-362.107788085938
-335.764905691605	-477.68544222533	-362.341247558594
-303.729445161328	-492.012041273979	-359.040466308594
-302.192165533954	-497.483901246701	-359.010894775391
-303.658731888652	-493.40008143711	-358.964019775391
-301.809774825547	-490.652585745207	-355.597076416016
-301.521873265352	-493.838780144874	-355.638641357422
-302.463869301529	-493.402695308536	-355.543853759766
-287.931134237761	-498.462953098071	-353.196014404297
-287.298621880781	-497.623300152017	-352.676147460938
-288.217843209817	-498.202785975523	-352.471252441406
-247.638971901172	-527.832557898518	-340.829498291016
-248.888487991561	-526.718282397442	-340.966003417969
-247.056646924562	-526.740704967012	-341.16845703125
-253.126220632794	-514.17244512158	-335.774810791016
-251.146543046194	-514.650392611318	-335.838043212891
-251.866895990758	-513.405474826716	-335.414825439453
-229.126998190319	-523.373136689839	-331.9375
-225.787476618177	-523.665853182735	-331.947265625
-227.049028659159	-523.565915965567	-331.915588378906
-208.744266592709	-553.418959371884	-322.239868164062
-208.057057805549	-553.568037089575	-321.478454589844
-212.94661128527	-550.42350022918	-321.723846435547
-182.43069759156	-535.735286461265	-314.298278808594
-185.032679099321	-535.041375410348	-314.381774902344
-183.604019904907	-534.498983779761	-314.200622558594
-151.729337857829	-566.886232179102	-310.342803955078
-151.212126735543	-566.709485391659	-310.419067382812
-152.527389818764	-567.555311544621	-310.120635986328
-128.478967493445	-572.666685889786	-303.477081298828
-128.629835002311	-570.848683598723	-303.593872070312
-128.613487412286	-572.092354881383	-303.717681884766
-144.783245143091	-547.111164428248	-291.790832519531
-143.263961431624	-546.484748775249	-291.520935058594
-145.924171021697	-546.836719898504	-291.239868164062
-94.9156747439605	-581.233192174999	-286.824890136719
-96.0233375993473	-579.377010592169	-285.741271972656
-95.3653671802972	-581.004328539609	-285.818695068359
-103.54592124437	-553.715741907466	-277.003845214844
-103.699979479636	-551.951011395862	-277.400177001953
-103.42622786698	-554.123284021761	-278.018737792969
-49.5772216635202	-587.037760718662	-267.220611572266
-51.6078486364134	-587.475827800176	-267.048614501953
-49.8759453942633	-586.605397102828	-266.853942871094
-69.6515190117282	-560.98661036427	-261.197906494141
-70.6046150004673	-560.42913910799	-261.268249511719
-70.1295862349582	-561.245466807732	-261.027191162109
-11.9318538235435	-593.963731629699	-253.561126708984
-9.9630439260695	-592.579852210571	-253.768981933594
-10.9921241899881	-593.075447289509	-253.844879150391
-26.8429940308271	-558.947810670264	-245.807403564453
-27.5465829571897	-560.324590267946	-245.327438354492
-29.0651733323858	-559.052175056467	-244.781509399414
1.26806260867464	-576.17848956613	-239.504791259766
-0.0458503847969638	-574.995886929338	-239.353088378906
1.03649264967937	-576.788354298336	-239.544906616211
14.3364997949637	-609.639844102924	-244.983489990234
16.0341488773904	-607.812139804441	-245.441192626953
14.6305548441066	-610.850294565253	-245.392791748047
19.2079147712695	-612.536988869879	-246.211410522461
18.0628873087423	-611.182719797187	-246.399185180664
18.2048707432344	-611.965962531463	-246.734024047852
-25.5938648972947	-611.181507910876	-258.038421630859
-21.8966125497861	-609.792868089654	-258.023956298828
-26.6427248665426	-610.241770207433	-257.516540527344
-77.181577660192	-575.945916143634	-272.517791748047
-80.3738646203223	-579.514463841071	-272.386627197266
-80.690288255547	-581.113676899182	-272.2373046875
-68.6691064272935	-591.355816844138	-284.194152832031
-68.2140333090531	-593.091882477738	-283.871276855469
-105.752527916642	-576.830703904743	-283.687713623047
-99.4659209090789	-599.262428159205	-297.493469238281
-99.6694071325805	-599.523120371668	-298.805633544922
-99.472122561826	-599.182618642009	-297.571044921875
-163.00702688668	-575.168032377767	-308.197113037109
-158.94831671222	-576.665376436411	-307.788604736328
-163.131958332949	-575.37786006686	-308.173461914062
-173.071057571865	-556.499354980501	-318.133331298828
-169.963981285086	-559.65161498219	-317.886657714844
-170.372660501648	-559.57637566233	-317.892852783203
-184.856206814148	-573.218586263161	-328.827697753906
-186.587690708936	-573.167174064173	-328.723510742188
-185.525756204836	-572.33043499202	-328.791931152344
-242.313047357281	-540.944236818274	-340.993041992188
-243.025926668222	-540.829334644359	-341.391082763672
-240.925253596035	-541.346533422397	-341.054046630859
-255.960254799566	-549.514252147007	-352.757080078125
-256.503003962855	-549.476943619088	-352.822784423828
-256.269203490084	-548.432534825162	-352.722137451172
-297.07856464535	-514.983753680942	-356.259796142578
-296.695827992913	-514.733414122802	-356.458282470703
-297.31976996289	-514.368573765009	-356.554779052734
-320.116899279783	-514.717042812293	-365.914733886719
-314.955632399391	-518.622886251125	-365.613525390625
-315.050226515729	-517.761726741519	-365.233764648438
-350.03079452286	-487.570250870622	-379.486480712891
-346.230936051984	-487.03899912975	-377.243530273438
-346.660842167432	-488.012256110902	-377.156921386719
-373.044125683093	-475.444660359375	-380.064361572266
-372.771052222731	-474.863633705409	-379.616912841797
-371.868809621486	-475.050310961866	-379.580627441406
-376.585988624765	-467.095073501816	-383.992248535156
-373.659684416477	-465.069339823948	-385.502502441406
-374.591921052223	-465.053614288675	-388.965393066406
-401.298345350224	-434.689746668026	-389.331420898438
-403.526580183544	-435.087723346953	-388.599853515625
-401.827264667493	-434.068545953136	-388.324432373047
-440.880063147255	-410.609607273043	-389.915283203125
-437.677666526302	-410.523949717643	-389.666473388672
-440.111488438568	-410.51336688173	-389.75048828125
-442.537142744477	-400.604969604765	-395.6591796875
-444.09647940064	-400.789104879541	-396.929626464844
-442.699278782011	-399.546527368274	-398.273315429688
-472.292897671797	-379.055629594869	-392.195648193359
-473.745026685874	-377.729938093053	-391.768005371094
-472.890665191863	-377.447252279715	-391.813293457031
-491.205770989794	-344.413845341845	-387.462310791016
-490.152673410002	-343.502267063175	-387.928344726562
-491.253150256032	-343.437276165894	-387.661468505859
-494.6878178989	-323.45461219944	-385.509735107422
-498.556898795882	-319.948773260437	-386.166839599609
-504.396018433696	-314.696934471748	-386.769989013672
-526.426851067582	-293.964053901771	-367.718597412109
-526.461202815087	-293.567162471313	-367.153137207031
-527.062225979968	-293.627367242911	-367.452117919922
-534.639039135917	-278.184478600302	-358.165069580078
-537.50044978051	-276.531559836716	-358.21240234375
-538.532995164637	-275.27109122601	-358.141052246094
-559.002367205243	-243.823420091259	-340.523742675781
-558.960998471885	-243.487367480015	-340.333251953125
-558.82262967878	-243.869694454083	-339.236633300781
-567.625815281362	-211.954370206221	-316.536834716797
-565.355346512494	-211.183513905886	-315.501007080078
-568.439464885844	-213.700700910403	-316.495239257812
-580.846259625995	-185.271815897593	-283.228607177734
-579.691537965859	-183.349526897238	-281.942108154297
-580.063280068539	-185.345997223768	-281.650604248047
-584.710130767553	-155.50985710668	-251.469223022461
-583.582536405346	-154.471548577065	-251.361526489258
-584.329441373657	-155.232540027049	-252.220581054688
-571.232740043496	-135.190122637509	-210.991485595703
-570.437024049315	-133.656236580368	-210.875152587891
-569.462645064176	-133.209740117384	-211.357437133789
-599.075814673112	-113.472080192637	-170.12272644043
-598.419128655479	-113.683366402274	-170.125473022461
-599.484898478889	-113.508903270222	-170.231536865234
-595.45499417322	-78.4614252263629	-122.933891296387
-596.9234061878	-78.4080561420584	-122.679222106934
-593.312800153379	-78.2876696628173	-122.855484008789
-592.038516922719	-48.4971298733605	-71.0581436157227
-586.085335804653	-48.1475847850776	-71.6800308227539
-586.49937997395	-47.498954492443	-71.8967437744141
-597.362778983374	-9.06422934503235	-12.9752035140991
-564.526795960841	-15.7359336701645	-10.8604402542114
-598.391601187911	-12.4433351725551	-29.1718406677246
-592.625208509732	1.24771147348491	4.96727085113525
-609.791531979398	-7.73595745505398	-0.951429665088654
-591.053782330497	2.23422756654435	3.71522688865662
-575.691412299793	24.0488187009937	41.2569618225098
-595.63277656837	16.3026078793191	40.5101623535156
-589.064866020193	25.4963072136434	26.3902416229248
-562.751121669562	46.3330654460451	73.5749206542969
-590.427822056044	44.926484158092	77.8771743774414
-600.61612632827	49.7943290927723	86.1195983886719
-597.338830772917	70.0463376718147	133.096435546875
-594.094829765388	70.0334123810962	133.177490234375
-594.110748871821	70.6847829303007	133.203796386719
-573.453896379677	105.942450657758	174.640426635742
-573.930272243386	106.105822804303	174.569610595703
-574.157454905891	106.854663795628	174.679000854492
-588.29747809751	128.160352066969	220.384552001953
-587.890586640306	128.652795808629	220.622314453125
-584.514139120365	127.426039423903	220.061096191406
-575.440318005552	153.574442983181	255.262771606445
-570.817914999868	153.852133136132	255.164138793945
-572.456996077143	154.187096466565	255.845977783203
-566.575402435931	182.893330452639	290.249206542969
-564.358699531189	183.262755616683	290.198486328125
-565.187908534117	183.635086932451	290.01416015625
-576.6788009264	218.604525271326	316.298553466797
-579.370531457423	216.141574210742	316.305999755859
-578.2571566611	217.330196228644	316.214172363281
-536.782285404939	256.788124763197	338.359161376953
-538.021199983686	257.241274400603	338.7431640625
-537.400820494807	257.347916591851	337.915466308594
-522.917144793029	283.282183456386	357.062316894531
-529.260747077582	281.628261400922	357.235382080078
-527.523748848259	283.272810768161	357.088317871094
-538.639495309484	290.187969133756	366.975799560547
-538.875505666153	292.620931901602	367.230041503906
-538.15985677114	290.55794096881	367.259490966797
-523.990978667728	315.772931367615	377.435241699219
-524.089363129698	316.383500217939	377.281585693359
-523.312980137177	316.132971974976	379.924072265625
-482.097201491795	358.803036432781	388.319702148438
-482.158318411255	357.941775315568	388.581909179688
-482.884166143556	357.184695427007	388.048156738281
-452.274521892051	371.615288351982	388.463043212891
-450.394719854478	373.074888245217	387.671844482422
-448.353904947596	374.415088568837	387.767181396484
-440.944174421169	393.470414401061	389.207885742188
-442.403221135973	394.672368326881	389.396636962891
-440.209022042998	394.106674973339	388.611572265625
-409.995063236376	422.110873037284	388.210968017578
-409.405918360745	422.724222484093	388.859252929688
-410.308052309533	420.201485955364	390.773803710938
-391.782907067669	453.93488890979	387.409881591797
-389.275744458483	453.585329463248	387.095031738281
-394.380195076132	452.570356404924	387.222229003906
-398.057314903625	463.527174491427	382.628295898438
-400.378109999079	462.024261351666	383.652465820312
-400.424501878193	460.922393134517	382.105377197266
-367.122604260696	463.006038491367	374.505889892578
-359.203283809739	465.77127859233	376.544067382812
-359.770433419464	466.786794554988	375.638214111328
-317.931239731967	499.275093837375	365.648132324219
-319.760750076025	501.891901357576	365.636901855469
-319.492350927123	501.669446558798	365.767791748047
-296.290452983451	519.553710758663	364.239868164062
-296.736444093664	519.428675903807	364.494049072266
-296.215360325174	519.129472593209	364.245208740234
-294.011940615601	509.058308993497	350.126373291016
-297.093574972081	510.327576248043	350.021453857422
-295.701669755955	509.598938712505	350.056915283203
-241.688122091163	543.456606267711	345.361572265625
-242.838543489296	548.296507508204	345.343505859375
-242.281088363312	549.002008790167	345.436920166016
-230.716269432356	544.610469636334	331.637939453125
-231.172584575295	544.345047750346	331.796539306641
-230.513367579139	544.256559051021	332.155944824219
-205.895631407711	574.373817185543	321.186309814453
-205.588418775336	574.872110314683	320.500671386719
-208.245258505095	573.995742123195	321.357788085938
-161.651343037828	570.553788109455	309.855255126953
-162.277678281287	567.277350370904	309.400970458984
-162.681642224252	567.547385493809	309.848754882812
-160.490625640445	573.408546769487	299.601989746094
-158.454302205226	570.495251731597	299.262573242188
-159.808761475224	572.206537593947	299.791168212891
-113.300049664454	594.465535841609	288.427825927734
-112.454250593343	594.306022162025	288.580017089844
-112.768672588506	594.673435458709	288.638702392578
-75.5390812643096	583.637975534749	274.382720947266
-75.3118252276371	584.77334391042	274.618133544922
-74.1248141167476	586.7049235218	274.358520507812
-63.969617415296	601.058847860795	260.909698486328
-64.849587533429	600.142381029955	261.070648193359
-65.0698094334258	600.562068016039	260.712799072266
-23.8385086469771	589.738933175492	251.122161865234
-21.8292843143254	590.25055869578	250.829116821289
-20.5384306356491	591.448622460398	251.298065185547
-1.94318278812534	588.255833881512	236.069808959961
0.598190897553025	587.694257575649	236.066436767578
0.0682624392291018	588.266569325602	236.344390869141
-2.35845900018143	627.129546357642	243.276611328125
-2.0388262568228	624.820528871937	243.159469604492
-3.99262584669344	626.541876386778	243.453186035156
-14.3227138634265	607.27410301392	251.858276367188
-14.8246879612947	608.305318444991	251.77018737793
-14.3808740263487	607.255398980922	251.947021484375
-44.9209013372571	623.767651894388	259.525726318359
-45.0521161192948	624.736240702439	259.477874755859
-44.7742415034979	623.741408684456	259.238800048828
-52.1928530209722	603.389807645582	268.353454589844
-50.9692903193825	602.479261022408	269.510406494141
-53.2614699821323	604.630410026477	269.780639648438
-86.4634044921329	623.263920288921	274.897674560547
-85.739366074508	622.562171965499	275.155822753906
-86.9608231396188	622.965626795448	274.294891357422
-106.548816262401	619.950774522088	286.235290527344
-106.977534091608	620.626802670272	286.363830566406
-106.046191117202	619.535546971137	286.547821044922
-112.817141514791	597.310988858194	294.878051757812
-109.098992072149	596.715888143397	294.315734863281
-112.161135900039	596.53691205567	294.968933105469
-147.97163488369	603.05792738049	300.731292724609
-147.347626694134	602.828485105158	300.68994140625
-147.653900402911	604.129682381711	300.036834716797
-141.625722533896	597.025965269781	310.46240234375
-139.984444788688	599.824621124974	308.971832275391
-140.816362291133	601.905536814478	308.852355957031
-189.76371719377	585.353455470806	317.869171142578
-191.792590961907	584.968406312069	317.126129150391
-190.69093162873	585.318179505029	317.509887695312
-185.879022634348	595.2690994909	322.634521484375
-184.726418622288	595.303895709801	323.426055908203
-182.82858559971	595.672848145856	323.412109375
-215.535708376014	571.53144313535	332.356048583984
-215.44580053112	571.593393835115	332.666900634766
-217.406631110372	571.107904570932	332.024078369141
-233.580682287002	583.885255808419	341.766448974609
-230.72763396388	582.905656673613	342.229217529297
-235.939265211417	581.559427711936	341.776428222656
-256.8947873418	570.37929518084	346.073760986328
-260.148808638933	566.975171451524	345.878753662109
-260.773549779065	566.087196524235	346.067260742188
-248.911677692053	566.420200753792	352.623138427734
-247.766191890674	566.230046941467	352.349548339844
-249.913828920049	565.783648701187	351.885223388672
-301.250016886438	531.919821607456	358.930145263672
-299.812064016611	531.401909845812	358.878143310547
-299.361956872247	531.818398648871	358.913146972656
-303.619356852473	548.904978843207	367.147583007812
-302.177488825481	548.497941481033	369.620697021484
-298.601754465099	549.895308252348	366.055847167969
-296.805800429259	537.514378066639	371.396087646484
-297.178002880003	536.521340245886	371.524627685547
-296.230450866717	535.710947773879	371.711364746094
-353.447285359139	500.644570731011	378.699859619141
-353.650192248066	500.917567442438	379.124481201172
-353.254490459617	500.416826212482	379.022155761719
-358.506449630502	511.049172448369	381.664855957031
-357.122000562967	510.666016270103	381.583862304688
-357.860157317118	511.215739073276	381.782135009766
-355.638314883504	502.474380779729	383.984191894531
-357.282983443064	505.666138722414	384.430999755859
-355.676579286531	505.430168190477	384.361297607422
-400.437783045486	488.004127949766	388.477844238281
-401.4680122107	488.143745879291	388.583862304688
-400.506005012493	488.274806890601	389.093688964844
-394.681366169535	480.616841317498	389.547607421875
-396.125501299715	480.818354084238	390.008178710938
-394.726123600032	480.012302293544	389.697235107422
-397.688038083422	459.965476323009	396.818908691406
-409.707894652849	448.565641850672	396.942047119141
-397.779044479047	457.973316860694	397.265014648438
-405.535873837039	446.316599843711	400.810119628906
-405.017685361221	447.762259147708	400.903961181641
-404.339698913672	449.702447844766	400.552886962891
-445.384784800542	416.510566120873	401.840850830078
-442.706283528118	418.511580556326	401.999847412109
-441.831373996473	417.529957311227	400.9111328125
-466.119266178337	396.411700718125	404.803100585938
-460.057725489785	397.390558497807	404.601440429688
-461.37102450798	397.681605599707	403.945220947266
-479.425984518688	384.757446956869	403.989318847656
-481.385495776921	386.173601722605	404.034820556641
-476.803640937823	386.130252623423	403.403259277344
-485.723935039052	371.726715439444	401.3203125
-487.91832786809	371.488037313346	401.675994873047
-489.193992569863	371.005545320296	400.606689453125
-514.940459130939	372.224660489535	398.232727050781
-513.981401834693	373.093197446605	398.62158203125
-514.289340983614	372.797748324348	398.969177246094
-528.514840352386	338.051827449919	394.469970703125
-528.244514753535	338.578732856006	394.514404296875
-527.124835983092	336.706612123943	394.5361328125
-504.359517657758	327.32167167232	390.955413818359
-507.254840729276	326.435782357277	390.7255859375
-504.787392855725	326.658197759481	391.3544921875
-518.567951046902	321.005109458445	387.457763671875
-516.992053556868	319.689774372737	387.335723876953
-524.461576468595	313.892361337225	387.169189453125
-564.707384752738	302.106899523548	379.403869628906
-563.763158767966	301.684147138408	379.472717285156
-564.550328185285	300.371606550557	379.460235595703
-552.893316576025	273.331185656412	367.864318847656
-538.916819598198	278.040654557937	370.363342285156
-551.947201339161	273.951782060691	370.600280761719
-581.128110126183	258.771704116149	357.513244628906
-579.378879241694	260.87727500069	358.168792724609
-580.48864327651	259.778728474375	358.484100341797
-555.335064750178	256.866236777178	346.885284423828
-556.070136491049	255.71284542588	346.051666259766
-554.77361709801	256.786171749413	345.982788085938
-591.164335330573	217.93474992111	326.883514404297
-588.989743116136	217.723306619022	328.115081787109
-590.979693324478	218.621686688873	329.829864501953
-602.489378163053	204.76284038209	314.170288085938
-602.066289178948	202.616127251915	314.039184570312
-602.381233291819	204.065336349876	314.021240234375
-607.928686176514	186.073578745289	295.729064941406
-608.561583046617	185.279989195839	295.886962890625
-607.810526049239	184.589901144034	295.863220214844
-593.700914163316	163.508408256905	272.303161621094
-597.774241803989	163.064329397506	272.4091796875
-591.572521850476	162.756845466767	272.326354980469
-580.778741525398	156.049975967346	246.849822998047
-583.444137934349	152.586578141389	247.36767578125
-581.233764596149	153.523201870879	247.554092407227
-624.146839895619	132.201211085796	224.222137451172
-624.645692280426	132.009945756382	224.27294921875
-624.306588755081	131.997876575292	224.224594116211
-594.725706317416	109.847522785708	196.995056152344
-598.39616715949	109.634055140201	196.139999389648
-592.2628853482	110.140158312965	195.751068115234
-615.075324695523	85.25434198825	161.874557495117
-615.887911023676	85.9504148515997	161.132049560547
-614.736403293692	85.4971654059405	161.536315917969
-597.645066032513	73.6482189930626	130.179428100586
-597.854698420729	74.7063144793661	129.561935424805
-597.514246574338	74.0385692412335	129.521636962891
-603.572458839236	51.0744946946802	98.5926132202148
-606.008645431251	50.7198233639877	99.3304748535156
-604.957319698098	50.8733484547436	99.3878707885742
-626.454677744345	28.2985238857989	68.7717132568359
-624.373920305103	27.9623724779531	68.2927627563477
-624.599585163824	27.0724199683658	67.9886627197266
-620.38842043738	11.0674116795348	28.6902179718018
-623.138473037623	12.0489492804274	28.5386066436768
-621.575580028901	11.7892307520921	29.0706977844238
-640.112756215431	-0.0607777864850618	3.53393507003784
-639.419985421588	-0.689785336776453	3.6049976348877
-632.061397309435	5.14780270883824	4.09393739700317
-590.493532684834	-1.81257545987404	-1.66611421108246
-633.642830864871	4.4679985436141	-9.22981929779053
-603.311452719249	-1.68638980958764	-6.18205070495605
-588.326683797534	-28.2727210852713	-24.4187450408936
-621.289553832523	-32.4591943484178	-32.966796875
-615.428460935646	-23.7354745803057	-43.6990661621094
-643.094700321034	-47.1623038920449	-72.0136032104492
-620.999726028182	-48.6284915935735	-80.3518753051758
-616.252659923964	-55.8974003393889	-78.1429977416992
-602.446329439599	-66.1042125335308	-106.030334472656
-602.036028911562	-66.1411372197048	-105.517913818359
-602.853832982428	-66.6244412304426	-105.288368225098
-614.155455644626	-89.0383243737381	-140.035034179688
-617.341009981256	-89.0910552402149	-139.487915039062
-616.56516358656	-88.4623309981117	-139.492263793945
-623.184313460178	-105.579051606059	-172.76985168457
-624.794394356879	-103.803487870319	-172.486190795898
-624.282540867559	-104.562185759463	-172.564712524414
-617.812739245375	-119.457880768865	-197.667083740234
-619.036753097972	-119.805609780091	-198.091918945312
-620.211923199737	-120.761320100274	-198.381500244141
-595.972831101716	-150.081240222244	-229.935501098633
-594.200174461806	-146.2729295063	-230.255844116211
-592.613465845668	-145.868700784679	-230.498809814453
-611.471735769098	-160.584710243312	-253.901458740234
-609.989165061935	-160.827323446127	-253.589767456055
-610.523347623945	-161.04719271683	-253.439239501953
-604.898073835769	-183.991928935298	-277.333648681641
-605.276577272543	-185.450870345581	-277.66162109375
-603.515117777871	-186.500418947885	-278.267700195312
-576.841976769324	-203.22432120217	-297.964630126953
-577.320484411688	-203.73951678754	-298.011779785156
-576.355248330288	-202.924712565217	-298.680786132812
-589.936150226501	-212.988676664338	-321.373291015625
-589.575644347357	-212.604989548234	-321.416900634766
-590.066026088619	-212.218622482671	-321.183135986328
-581.163950767661	-229.93615062013	-332.596130371094
-579.541237697445	-229.821959450935	-333.077880859375
-581.995413598221	-230.070293166788	-333.253662109375
-573.184028412182	-253.793625159798	-355.489410400391
-573.545829399177	-253.890345125752	-355.572937011719
-572.771488502353	-253.941383266464	-354.784637451172
-546.376225756245	-266.17540152905	-366.694946289062
-545.821833149432	-266.634019004925	-366.460174560547
-545.056463599428	-267.400613965083	-365.993469238281
-553.97538630362	-288.650407202423	-377.890808105469
-552.856505722678	-292.333553635822	-375.806518554688
-554.327238534402	-287.815882885208	-376.480529785156
-538.792803360966	-297.905247997212	-381.221954345703
-540.990483464238	-297.543767280874	-381.156127929688
-541.654384353728	-297.185502606792	-380.636444091797
-536.377358276052	-321.371842174239	-394.474304199219
-537.464251856653	-320.324165567551	-394.904235839844
-536.727128904474	-320.655545139843	-394.830688476562
-509.339447180883	-350.177954768626	-399.825164794922
-508.402372844292	-350.054402461769	-399.558258056641
-510.031113634864	-350.45730142978	-400.14599609375
-515.334129327982	-354.912730794829	-400.910461425781
-516.154270530276	-355.362186698587	-400.665771484375
-516.128650638382	-354.593688753543	-400.267791748047
-486.349450344998	-378.900974533956	-403.73486328125
-485.152353492532	-379.293084109115	-404.108184814453
-484.341327313144	-379.051030443821	-404.634490966797
-473.29594923313	-395.359042421498	-405.703887939453
-472.79705686102	-394.221533797632	-405.974670410156
-472.351080406628	-393.173713634407	-405.572998046875
-461.522057098135	-409.067730485108	-409.387359619141
-461.510482249972	-408.003477167149	-408.599853515625
-461.671999069502	-409.624123297465	-408.736572265625
-441.559588189549	-423.868066438649	-407.734680175781
-442.581433159809	-422.075217383578	-407.340698242188
-442.340098023739	-420.732412887084	-408.579254150391
-433.737718809907	-440.816840862078	-405.084228515625
-434.328299229745	-441.517467353342	-404.80419921875
-434.339232484847	-441.558544391019	-404.505615234375
-434.271427146826	-455.271553222478	-403.586822509766
-436.028947955911	-452.95512110607	-403.860198974609
-435.479696554833	-453.068715605943	-403.161682128906
-415.09432642578	-457.193958723257	-401.366394042969
-416.744698386294	-457.630226752035	-400.938415527344
-415.170797754862	-457.965706844739	-400.640808105469
-389.574272194815	-477.068062003265	-394.254516601562
-391.326133464117	-476.780846802056	-393.814849853516
-391.202018961776	-475.602161796524	-394.011962890625
-383.419750590934	-490.949486759884	-395.262908935547
-382.518973984531	-490.339281722214	-395.552886962891
-383.771229850671	-489.788320322773	-395.475006103516
-377.619755890347	-493.020174686155	-393.718933105469
-376.301591688135	-493.002979925054	-393.730529785156
-377.179431789454	-492.965156671277	-392.368103027344
-359.204793726538	-505.169859022208	-388.341064453125
-359.460472358609	-506.190776713638	-388.388885498047
-357.013516172093	-504.852741005486	-387.829711914062
-316.194153711912	-528.00525016268	-381.731628417969
-314.646479755419	-527.408273541058	-380.621154785156
-315.401518437672	-527.022164263027	-380.487274169922
-326.907154697868	-527.612680492151	-378.801391601562
-326.148551302403	-526.715415825053	-378.608367919922
-327.439840075876	-527.426932944044	-378.640655517578
-314.559440477143	-534.376605527993	-372.162567138672
-314.371959058896	-533.960948147933	-372.242553710938
-313.096965732024	-534.177421411602	-371.890533447266
-262.576108422642	-565.252248228566	-360.653198242188
-261.764785208871	-565.086576658143	-360.472198486328
-261.478621674938	-564.694758244139	-360.597137451172
-263.658342466564	-558.239413337447	-359.100311279297
-264.098690123811	-557.994861396963	-358.701293945312
-266.356042793481	-557.156024959983	-358.777252197266
-249.193691961169	-571.623386498778	-353.876037597656
-250.306333317262	-570.121986815731	-353.827575683594
-253.272384441443	-565.89744703374	-354.378662109375
-236.749216283571	-560.161671313121	-343.161102294922
-241.102160632086	-562.084729215377	-342.908782958984
-240.137682149742	-560.940429590453	-344.884338378906
-197.175228810154	-602.807036771007	-333.665679931641
-195.603829935824	-603.448072126711	-334.027160644531
-198.109172610549	-602.827256813352	-334.273040771484
-194.427902742963	-568.946283219154	-331.926208496094
-194.609891564702	-568.824825948053	-331.507110595703
-194.478352302923	-569.274242174939	-331.386657714844
-147.019970452988	-608.424057035943	-321.979125976562
-145.954295702845	-607.730821969239	-320.997253417969
-147.081118150686	-606.261930316287	-320.995635986328
-165.775753040903	-583.928701088031	-314.920715332031
-165.277093718278	-583.495875272047	-315.074859619141
-164.644137861994	-583.014504725725	-314.952880859375
-109.400248145499	-618.466686030011	-309.173980712891
-110.124545558337	-618.754550738141	-309.198944091797
-109.913946373619	-617.488305869118	-309.666320800781
-100.909673281117	-604.930804489612	-297.530914306641
-100.656424363468	-607.295923343389	-297.913696289062
-101.707429505696	-603.991551415247	-297.757476806641
-113.990409106281	-604.816018236245	-287.558074951172
-113.283063778905	-600.129383502733	-287.223114013672
-115.00010765803	-606.549060335618	-287.274230957031
-52.6722936859692	-625.732546447787	-284.323425292969
-61.0822913182595	-617.81940010535	-284.241882324219
-55.9949531796886	-621.586167671469	-284.468627929688
-72.8547844005021	-600.388195015635	-272.548797607422
-75.0413562886579	-603.385780588989	-272.563690185547
-73.2344892284492	-602.428949465453	-272.728393554688
-16.2981492438913	-629.529508991885	-267.110137939453
-15.7974514588265	-629.734658077948	-267.098724365234
-17.088104714368	-629.879736687864	-266.271453857422
-31.9080020676726	-600.850125766595	-256.99560546875
-33.8872177791369	-602.724827714523	-257.333587646484
-32.4988961426372	-601.968843452739	-257.661560058594
24.4884992778686	-626.423165123795	-251.931091308594
21.350227735849	-623.741012694949	-251.531280517578
21.3677042439566	-623.544457552881	-252.127975463867
-15.9677197510948	-610.706955345985	-256.324127197266
-8.70515238440194	-612.802915256139	-255.867904663086
-11.6956520401706	-611.361673851335	-255.165313720703
-32.6535249236607	-642.530383084516	-265.117462158203
-33.6351547003754	-639.560512794214	-265.212249755859
-34.9424592192063	-640.433693441451	-265.504089355469
-83.2501247326803	-609.195952421052	-282.861267089844
-85.8668423599409	-611.709279958037	-282.893035888672
-83.9253793837369	-610.030385749578	-282.654205322266
-74.370757642534	-622.748126259296	-295.160095214844
-69.3868135192593	-627.734972908973	-295.427825927734
-109.058610603666	-606.145953545719	-295.130126953125
-102.348427067577	-633.50447466107	-308.185699462891
-104.437703154743	-635.584912295152	-307.401519775391
-102.042206574081	-634.372668455778	-307.075866699219
-167.079927941611	-614.913938083011	-318.600219726562
-167.78826747911	-609.929573486191	-318.222534179688
-169.280451146213	-612.32598264567	-317.528839111328
-197.491463282778	-589.269844497939	-331.416015625
-173.019372209749	-589.467848058049	-329.672119140625
-175.672864241524	-585.789595853557	-330.005126953125
-189.928959391443	-599.709832030669	-335.529602050781
-190.077681974371	-600.002248533742	-335.633087158203
-185.581158444282	-601.563735580956	-335.518646240234
-252.052815346411	-574.89065275623	-350.364929199219
-250.054337529723	-578.03772245673	-351.274841308594
-252.396843204975	-574.938351618594	-352.280120849609
-266.610290578963	-580.202824654501	-360.588653564453
-265.866603799141	-579.95242583373	-360.438049316406
-265.390757044956	-580.521024585059	-360.223937988281
-310.572014704661	-551.720003572447	-374.823059082031
-307.836912347755	-550.695780241618	-374.759033203125
-309.371863996869	-551.584896406942	-372.725982666016
-310.980100338122	-561.68347369048	-378.234924316406
-307.750096440087	-561.33052084608	-377.664520263672
-310.774510119953	-559.860938042595	-378.376617431641
-350.90420545152	-520.372250099679	-388.134704589844
-349.863234036383	-520.645102407294	-387.406066894531
-348.846610094691	-519.95400827034	-387.235137939453
-372.126822350645	-509.734836941458	-399.349273681641
-372.605885603548	-510.413140894664	-399.890655517578
-372.478791223924	-505.753281328348	-400.217468261719
-384.747776359521	-486.934402832032	-401.378875732422
-386.660273937446	-486.485797932887	-400.998504638672
-385.480902367045	-486.641286657772	-401.068756103516
-427.768826596082	-469.284404551526	-402.068725585938
-428.796107022633	-470.945691601485	-402.021392822266
-430.79273066753	-471.715281481218	-401.653167724609
-444.595700724819	-454.428720102318	-408.387969970703
-445.420503480363	-452.577016993653	-408.379150390625
-444.079095329537	-451.699251573868	-408.739318847656
-462.858529685373	-423.310684288903	-416.791381835938
-459.953830567826	-423.619420244102	-417.500549316406
-462.134014607313	-423.720266110701	-416.746917724609
-486.219087393991	-401.639933822969	-417.136993408203
-487.0525040903	-403.122061102232	-416.924530029297
-486.45862895283	-400.997655540211	-418.202362060547
-492.513311715055	-388.402045170404	-415.380676269531
-499.414134526852	-382.041258852404	-414.370391845703
-501.754217273027	-382.658860531667	-415.082153320312
-501.053079274132	-363.792566234924	-408.246643066406
-502.143987308542	-364.323383990101	-407.234619140625
-500.720771898896	-364.495675078068	-408.478881835938
-539.023103393791	-335.653874291102	-400.271514892578
-540.74204782106	-335.429842605979	-400.12890625
-540.323791914504	-334.135818146362	-400.313507080078
-537.004440971014	-315.621958552456	-396.793060302734
-536.851454958415	-315.473981749945	-396.711395263672
-537.503196957486	-316.49976536857	-396.829376220703
-566.391810706622	-276.452276187971	-374.450408935547
-566.468591153204	-277.146722644509	-373.266510009766
-567.324639438932	-278.416801785597	-374.035461425781
-580.155728508636	-249.882345951295	-363.5634765625
-583.350877822677	-253.846072685536	-362.779632568359
-583.616134323138	-252.447781793728	-363.089813232422
-599.95004789616	-235.94442705793	-335.337127685547
-599.695437685537	-237.518621700076	-336.228271484375
-599.743632205196	-235.804040876747	-336.494171142578
-586.294225933172	-214.337094633791	-308.732543945312
-588.554848137658	-212.460484377467	-308.660125732422
-592.6542761129	-214.390588661916	-309.012176513672
-591.719359931053	-176.464951853894	-274.787811279297
-590.46900815625	-176.318598936087	-274.898376464844
-591.677701952547	-177.475571234963	-275.253662109375
-616.023685119897	-154.979557707702	-236.534851074219
-612.803281541922	-155.724849129165	-235.943817138672
-612.987692852928	-155.264138028975	-236.990447998047
-631.42376939452	-117.705822495016	-196.845489501953
-631.653212512792	-118.07861196254	-197.204010009766
-631.47490388525	-118.603992829244	-197.73698425293
-632.397275731504	-91.1612763734172	-148.081146240234
-633.149207755987	-91.7131942804571	-147.685119628906
-635.490715340933	-88.3745494932277	-147.490295410156
-632.814988913022	-63.0821134734487	-100.551918029785
-634.095714088655	-63.2815565370716	-100.160171508789
-634.189211461429	-62.8075529335392	-99.5366973876953
-615.814317985568	-26.8879515026298	-48.5171890258789
-617.789234106629	-26.6517500351875	-48.6439056396484
-613.418547359357	-26.5174430486373	-49.3804168701172
-638.719653681737	-5.34219419519866	9.67749786376953
-621.068455802786	-2.84766129667796	-4.16223382949829
-642.139437533763	-3.76721495540559	7.6116681098938
-658.060167088527	-3.08997700117757	6.94937181472778
-617.764857156183	-12.7160521835069	-1.26353192329407
-650.458826506471	-4.70299005176597	7.29408359527588
-645.117590755414	37.8769929750467	56.0388450622559
-602.455481546128	39.4192831277653	47.3478813171387
-618.640303342317	30.7971878085355	67.659782409668
-622.11932730587	62.4845818468164	102.035400390625
-662.370520576736	58.3299570955625	75.4267730712891
-667.92822815428	46.7614093425034	67.8308639526367
-606.90407972189	87.1010802132422	175.687072753906
-597.386334336214	84.1154033182119	173.484909057617
-591.333237619147	82.3937682354794	170.787048339844
-635.953245825294	123.737357524968	176.716354370117
-623.883010949171	120.617017643787	192.989883422852
-606.147461047636	118.171744875229	209.594696044922
-601.169243338883	140.005810021118	240.600982666016
-601.900865801622	139.707435339096	240.686813354492
-610.394806525027	138.539818824624	241.038986206055
-604.12326526443	168.442303681833	284.940856933594
-600.869940434078	169.130887815816	285.3515625
-602.397903623542	169.466795330071	285.298889160156
-613.765438970671	195.956223840306	309.860137939453
-617.905734544941	197.093235752996	311.880676269531
-616.226398231247	196.976781244518	311.741821289062
-566.195625477042	243.454759110312	337.275207519531
-563.995783396075	243.310103371	337.651672363281
-564.910929252849	243.731523016885	338.4853515625
-564.889435374634	256.460991073092	355.858001708984
-565.124009810621	255.616868303434	355.933532714844
-566.587008592217	255.330153713323	356.610290527344
-542.161935358298	297.183490051179	378.540008544922
-543.876771035061	297.364728545946	378.336120605469
-542.805510163133	297.413060259457	379.984405517578
-553.290435001772	320.172153961308	386.331878662109
-548.214913973319	321.64450732336	389.530364990234
-550.601524073262	321.052365060819	386.596282958984
-501.34038271165	347.192536750195	399.920989990234
-508.137504454006	336.444004137623	399.326049804688
-499.925745405666	349.901128144375	397.617797851562
-532.439330358898	350.151121460779	406.248565673828
-532.278950769899	350.320560554155	406.162536621094
-530.374835112152	350.612215467085	403.888061523438
-505.581349692866	389.906692819707	409.434753417969
-505.900996358022	390.989687402264	409.369689941406
-507.944261472746	388.12361368017	409.337615966797
-463.764571204014	405.866033282536	405.885314941406
-463.642400689358	403.416671679953	406.447601318359
-460.150584758432	408.935353727355	406.056427001953
-429.858716576722	440.809989997215	409.757598876953
-431.933642839569	440.766464963631	407.641082763672
-430.403672471029	432.817659327503	408.717590332031
-427.089070281185	470.424647362904	399.726501464844
-425.703359945963	470.43843816166	399.932586669922
-427.767799904316	471.029660305281	399.598022460938
-432.421762636346	471.895044051537	397.401641845703
-428.724038035046	475.461033817057	397.404663085938
-429.690200327009	475.153890501807	397.285186767578
-376.886748182165	483.143621121199	397.503387451172
-376.000140708115	483.822524071166	397.219696044922
-378.69116136904	482.281747764758	397.073059082031
-342.397663222445	523.577931453221	391.109161376953
-342.188001062787	522.00085912453	390.428436279297
-342.938009435661	519.129293787267	390.519775390625
-361.841397311171	522.830681961442	379.308868408203
-359.82428323016	522.843214245576	379.363433837891
-360.060734256092	523.535549042966	379.398895263672
-297.252726848399	554.672215721392	372.694061279297
-299.626172556543	556.02101275986	372.803131103516
-295.458959069922	553.218871804093	372.800720214844
-272.917332651007	568.65657741623	362.91015625
-270.675451816566	567.800394422791	363.215057373047
-275.37040549497	568.869990559914	363.253326416016
-270.936322541843	557.157991802505	354.692047119141
-267.576370443647	557.483044025104	354.788787841797
-267.159327753609	557.217565028499	354.578979492188
-221.6687162924	595.750285819121	343.424224853516
-219.184938000908	594.777198638741	343.224761962891
-220.797884035308	594.808832212706	342.956939697266
-196.85059322264	587.787073099145	332.821899414062
-197.34436944668	586.343603639907	332.935577392578
-197.954343000879	587.406492683894	332.741119384766
-192.438629873104	606.983533525537	321.273071289062
-190.019080777471	606.579059583085	321.205780029297
-190.739517498914	605.586544672965	321.245574951172
-142.703927584072	618.16623210083	308.150482177734
-139.628872259811	619.063551491599	307.794769287109
-138.478552708211	619.489433110745	308.279663085938
-115.640282603996	605.182575081848	297.436737060547
-117.74839474887	607.019025999482	297.514038085938
-115.71067071448	605.851643627963	297.785125732422
-98.300093609317	623.787439641488	285.584747314453
-99.2266779225928	623.994723810258	285.794464111328
-97.6566637373704	622.974071541776	285.578552246094
-56.4497206548658	614.366058157142	269.493865966797
-56.0795438138953	613.846374073399	269.588958740234
-57.0614485458025	613.790109476651	269.505432128906
-31.8637874016248	632.517168705807	259.73828125
-31.5608894504556	631.956036381848	259.628234863281
-32.0667385680601	630.851803068088	259.409362792969
-0.387612684856919	634.263347239714	245.2958984375
-1.94778821964252	634.920137990802	245.575988769531
0.162441209368183	634.18035664386	245.466995239258
-1.61864665939072	634.081728579072	245.774963378906
-0.219173782694611	635.404731738638	246.053787231445
-1.68616921467819	636.09940553076	246.083709716797
2.24428987608422	645.488500417631	254.122039794922
1.88072406225177	644.764367361729	255.217712402344
1.0882369354926	645.706824854317	254.212799072266
-19.6869624189981	647.598198527512	267.350463867188
-18.2672730085382	646.955780557321	266.883087158203
-18.5031275414015	647.790485743123	266.665222167969
-63.4701239449965	661.282765209256	278.604278564453
-64.2219119121833	661.607794510066	278.875885009766
-61.8582217928894	661.919598804608	279.083190917969
-91.7448782751773	651.819484375489	292.688934326172
-91.6389020280439	653.483260611674	292.751739501953
-73.579565633664	648.764221586031	294.392364501953
-74.5534236172416	646.45694134832	294.312255859375
-73.6170716881929	646.580884802146	294.302337646484
-110.561319491832	654.62988661389	306.017242431641
-112.844692969396	656.009402756688	305.860015869141
-111.404458809254	656.152274802746	306.211669921875
-155.524675698344	635.460989415479	317.712585449219
-155.241363195309	635.627258506957	319.321716308594
-153.140775897996	634.216170114032	319.898529052734
-160.027273243892	630.071387293467	329.450378417969
-160.806184534	629.20492437619	329.151947021484
-160.879927560049	627.303184409062	329.231018066406
-201.723780277834	636.527972847227	339.475036621094
-201.677910051252	636.406156355812	340.254364013672
-199.06258128984	636.134014376931	339.604858398438
-230.539678676851	602.59328381909	349.36669921875
-231.711758529804	603.391259366957	349.101745605469
-231.815284677535	602.562923324468	349.046051025391
-240.766407034044	615.992074039513	361.583801269531
-239.821343036755	615.89816561043	361.696685791016
-241.317037286148	617.304386789398	361.823303222656
-262.134824439648	589.942847054781	374.257476806641
-262.523371246978	589.949920473348	374.249053955078
-263.398540387392	588.568927917948	374.230590820312
-322.516760134237	587.741302526575	380.639617919922
-323.450610691567	588.030184939412	380.409759521484
-324.110315033519	587.499586652059	380.617126464844
-326.703901021214	559.756543256581	392.384643554688
-327.237550887614	557.936559180384	392.302032470703
-326.974693178093	558.581647727058	392.744079589844
-371.141093296231	550.596063809186	399.105712890625
-369.300385269487	550.579389237861	398.902404785156
-370.265448975894	550.734341363837	398.865112304688
-359.991789401592	543.697829778744	405.687622070312
-361.030861399397	545.59213502817	405.882476806641
-360.916735349086	544.470196221296	406.169128417969
-435.836086675859	493.939591285588	415.458923339844
-432.141747627363	495.059526073853	417.033355712891
-432.444375667486	494.691480413853	414.282501220703
-432.729829862488	503.504295351881	414.039245605469
-429.834742498597	502.682294728045	413.882385253906
-433.637190434555	502.597359729887	413.914093017578
-483.920320550552	465.688677657801	422.670043945312
-483.091732823676	464.449543522192	422.289703369141
-484.9157904293	467.553789545963	418.696472167969
-485.464020735462	458.897663903055	424.191497802734
-487.426347887993	459.329192958799	424.569213867188
-492.115642657052	457.390146702968	423.7890625
-492.477762217856	437.125101960628	429.627044677734
-490.615346481341	440.158178402651	428.880126953125
-488.95882087316	441.287002410365	429.361663818359
-513.923865289972	419.746310600621	428.534698486328
-511.982653943835	419.021156755429	428.903228759766
-515.578505688929	419.612168116603	428.757232666016
-541.575972231769	391.42597018342	421.236938476562
-545.764358678971	392.104497923095	421.887237548828
-544.473555204953	391.384861034387	421.446563720703
-566.948727477451	344.093450409209	416.839599609375
-569.896980377696	344.91636141278	416.778411865234
-571.443250177761	345.132941929231	416.106567382812
-560.034956893303	324.291385711488	413.089569091797
-556.823744511516	327.124344357745	413.699157714844
-555.23986039231	326.385895108732	413.913604736328
-561.216740278891	317.074062543196	397.123413085938
-558.334139766411	317.766273098691	397.171905517578
-560.056173778227	315.266137201527	397.717926025391
-595.75975555503	272.851371172477	387.712554931641
-595.623781534661	273.384104154607	387.264190673828
-593.731175856734	272.767915659345	387.859893798828
-603.71389721355	245.001404793552	368.86572265625
-603.692231670143	244.606105173101	368.227966308594
-603.988932440151	243.829636196249	367.523254394531
-610.462883838717	233.329517943682	341.218383789062
-607.477276920082	234.849969159394	341.724151611328
-606.649875678898	235.271890035713	341.031555175781
-618.566297061252	186.721786104795	311.424957275391
-618.130577505712	186.671179792695	312.008422851562
-617.136830708526	186.434090216355	311.798034667969
-646.8870617992	157.953420764722	280.321960449219
-648.424712762211	157.875040211036	280.297515869141
-644.685370411554	158.710214354	280.345825195312
-649.966503613072	135.307164751229	236.793411254883
-650.90561267919	135.11279357201	237.243133544922
-650.640913952361	135.143744591699	236.11653137207
-644.942479727741	102.208747212685	192.590072631836
-646.948486927738	101.731241566071	192.136825561523
-647.35921855924	101.584774100219	192.089706420898
-663.280719970275	89.8726928596578	151.428253173828
-666.220021073187	89.3404719748116	151.003829956055
-664.703264459849	89.1167341408483	150.782104492188
-663.482937254269	58.5934594367549	95.4575119018555
-670.278068562189	57.4411556425877	94.6377792358398
-668.012355221479	58.1450715168132	94.5854187011719
-657.689456907694	17.8135670251053	50.0687484741211
-651.722748861665	17.2271098226557	50.5878639221191
-646.905609887359	17.5173778983551	49.8499908447266
-664.62771795071	-9.06837779008873	15.9234714508057
-670.097039616494	5.58330356281509	-4.13762760162354
-693.751693388162	-8.65221643629846	17.7169780731201
-658.102592270694	-14.2671487865707	-16.9504947662354
-639.800280446474	-7.06082583006429	-6.54319286346436
-650.688230235972	-13.1446799883333	-2.15281319618225
-635.580322929029	-43.1613987534269	-63.1036376953125
-716.260590263833	-28.0927517848855	-12.1055097579956
-627.458767050408	-36.1836111922983	-111.618095397949
-669.392437846677	-66.2930279714938	-112.003356933594
-670.029697512658	-66.3106432552941	-112.215866088867
-670.76163132863	-67.1230092346491	-112.337341308594
-667.336104426612	-94.2125906900814	-165.317047119141
-665.70103477562	-95.9235484124448	-165.255599975586
-666.150516463313	-94.9070825997513	-165.253402709961
-646.904250495245	-117.373921861733	-207.952819824219
-651.495332100465	-118.473651820239	-208.49755859375
-653.675166487857	-119.355673066628	-208.939804077148
-650.483458332135	-158.864266570227	-254.327728271484
-649.636900961069	-160.528974345866	-254.640914916992
-649.269519886981	-159.709325895971	-254.62776184082
-625.490514858224	-188.764851556683	-289.055786132812
-629.68613837525	-191.807526279294	-289.160888671875
-627.757639336481	-190.47538081	-288.872589111328
-634.161872328912	-215.007341177015	-326.284362792969
-631.41526266038	-217.034118906227	-325.9873046875
-632.36394063527	-217.740637599212	-325.976165771484
-623.516137696956	-234.142759303494	-350.308654785156
-623.383642633732	-236.22139716267	-350.732971191406
-622.959411838537	-231.987043777566	-350.464019775391
-614.661056458089	-258.771229305395	-375.429077148438
-611.447014011267	-256.668497092155	-375.65478515625
-612.360679094326	-258.324573267505	-376.147613525391
-603.239127585834	-289.040148460636	-391.775848388672
-602.646488408044	-289.354497922055	-392.407257080078
-603.170087833556	-287.989675878682	-391.455780029297
-568.15845066026	-321.243579908247	-410.662109375
-569.509526424136	-318.024983667072	-410.044158935547
-568.439518548558	-320.32420015478	-410.117889404297
-572.440124956053	-339.461733728934	-417.051086425781
-572.114624970659	-339.568434405284	-416.880706787109
-573.197668831578	-340.353701139183	-416.644378662109
-534.369053362728	-368.936293821274	-429.928070068359
-533.00441762003	-370.446740279688	-430.537567138672
-533.749702323586	-369.502208594586	-430.127197265625
-539.230794597566	-387.056291759159	-434.7099609375
-540.332087403708	-387.983061365194	-434.377593994141
-538.327733342122	-389.249712870264	-434.188598632812
-523.489891395666	-421.510609161953	-433.784820556641
-522.908799652424	-422.749515404367	-433.858856201172
-522.919964985121	-421.83683787516	-433.804931640625
-481.785185242549	-444.563721444956	-427.980743408203
-480.981317043419	-441.586792268522	-427.264099121094
-481.983123840893	-444.117843388546	-427.746765136719
-476.992680912058	-468.010941144051	-430.826568603516
-478.953991658497	-469.085199926368	-431.632171630859
-469.096413661622	-472.259197610259	-431.253143310547
-452.841622073772	-477.322770428914	-430.752258300781
-452.356484303361	-478.413059926139	-430.226959228516
-454.16471865635	-476.684146293897	-431.136260986328
-436.31161053413	-497.140070822713	-427.544982910156
-436.012370972481	-495.396714332898	-427.328826904297
-436.926456983115	-495.517027077779	-427.197662353516
-392.958431844028	-526.622754954085	-418.138458251953
-392.426881558878	-525.784616106509	-417.610717773438
-395.503902762577	-521.845843508518	-417.829711914062
-386.606616443019	-529.465676273941	-407.99560546875
-387.352180456853	-529.661084492203	-407.772644042969
-386.019624250031	-532.917312229377	-408.185607910156
-351.300269562224	-548.417485333637	-406.749359130859
-350.732761493888	-547.507886348334	-406.770629882812
-350.5148622968	-548.348741198796	-407.021789550781
-335.692546328673	-563.937131804554	-395.899383544922
-334.873952841895	-563.203111494644	-394.526458740234
-340.572326606635	-562.649165648793	-394.236999511719
-309.936709489148	-587.198192737137	-382.81396484375
-309.745721439949	-586.957639787906	-383.219970703125
-311.964200374889	-580.920367895011	-382.452606201172
-275.458373376324	-585.949590297101	-377.838684082031
-271.801880306112	-592.30021963647	-378.509552001953
-271.040683668649	-591.939275040485	-377.299987792969
-264.060975334706	-597.398469416509	-370.178192138672
-264.212243813775	-597.586503468173	-370.531066894531
-263.226105594254	-597.559345099585	-370.160247802734
-205.467367497424	-638.766953138223	-354.761413574219
-206.845652893725	-638.970360995387	-353.999176025391
-201.556763465928	-638.0895795359	-354.157196044922
-203.813351509774	-609.409865842974	-347.516815185547
-202.249745847019	-610.294040753151	-346.655395507812
-201.915628120207	-610.844136826249	-346.878875732422
-184.86042507271	-623.353624803186	-328.716522216797
-185.370495816959	-626.498304456961	-329.167938232422
-186.238354857882	-627.551150987387	-329.895629882812
-152.389233776321	-625.243491443125	-321.882904052734
-148.974057601322	-623.604567861825	-322.396209716797
-150.748529050601	-624.822546482143	-322.447570800781
-116.653314393692	-653.509792507841	-308.519165039062
-118.384459500747	-651.225132327228	-308.555511474609
-120.417950080077	-650.417233734851	-308.516143798828
-54.1394651359954	-668.017798469062	-298.024688720703
-53.2996613772477	-667.713357941577	-298.346862792969
-53.5039374421905	-667.845705963707	-298.014129638672
-36.1115298950418	-662.746086831722	-279.720916748047
-42.9952273781425	-654.684977631775	-279.620300292969
-36.5605743618884	-660.845007691134	-279.530090332031
-17.890598012461	-637.699316261239	-270.670959472656
-1.64170785521438	-647.867621242244	-270.517761230469
-13.9134074043258	-639.769109972993	-270.474456787109
21.3381951829917	-673.104471335538	-259.658416748047
20.0511310240427	-673.265992918693	-259.702606201172
20.8878503494153	-673.041476011201	-259.744323730469
-21.1847065605136	-667.417219910997	-271.427795410156
-20.5722356379657	-668.206693630084	-272.059356689453
-21.0522360010123	-667.499374189526	-271.898254394531
-27.1178047075064	-706.179544524766	-286.39697265625
-27.8373858936559	-705.194484348594	-286.393493652344
-26.7132748099349	-705.751827359581	-286.333587646484
-86.7655980899963	-672.332840166246	-295.459289550781
-87.6414213340444	-670.963449697984	-295.297180175781
-87.2946665568736	-671.634097726467	-295.566162109375
-76.3660054971951	-676.518194651858	-311.115356445312
-77.3112969502533	-676.822683685322	-311.160919189453
-75.6827887828315	-678.328352771175	-310.966613769531
-101.11192800307	-691.490776205721	-320.004608154297
-99.7650248509347	-692.138380799471	-320.700378417969
-99.9613150595154	-692.967001708108	-320.104827880859
-152.9656094592	-683.856614731118	-335.048034667969
-159.031187750461	-676.709961187822	-337.431091308594
-161.827656635283	-675.23942192623	-335.305511474609
-188.201309846881	-638.761086788185	-347.666259765625
-184.907833904491	-638.961323372039	-347.192749023438
-185.505624771353	-639.03739600778	-346.821472167969
-196.122594841523	-658.273151761723	-359.163970947266
-196.40630574372	-654.499515567582	-359.293914794922
-196.483562913408	-655.286165996707	-359.476348876953
-253.674993925215	-627.460543221676	-368.427307128906
-254.644371287009	-628.661950024884	-368.386413574219
-253.634698083965	-627.773882295151	-368.405303955078
-244.109513395824	-656.416812803751	-381.186126708984
-252.285377645434	-655.820797566296	-381.312286376953
-243.556984949914	-655.814132586533	-381.87109375
-299.678405312294	-603.685314965397	-389.618041992188
-300.974569449305	-604.075379341939	-389.929412841797
-298.861432407397	-602.808967274255	-391.742706298828
-301.432065145078	-613.872161479538	-401.018585205078
-306.794712497016	-607.632728049831	-400.895355224609
-306.973614148487	-607.862337542096	-401.538635253906
-360.230548797627	-585.782760224525	-413.293426513672
-359.074575636982	-585.736794543067	-412.630310058594
-360.328456842341	-585.096487522008	-412.633850097656
-365.650308407033	-579.469421625546	-415.962310791016
-365.457763563331	-578.824910463379	-416.477966308594
-366.47159327908	-579.536119796216	-415.947692871094
-406.503347594924	-556.343129011823	-430.06494140625
-406.584091518388	-556.078269507448	-430.000762939453
-407.012636219306	-557.144956291175	-430.404510498047
-429.620210592329	-536.909371311094	-436.797607421875
-430.346730942071	-535.736550348853	-436.945251464844
-430.020075041648	-536.228319293422	-436.743682861328
-454.16360270523	-529.070253929129	-437.804809570312
-452.754262696633	-528.676202192004	-437.402282714844
-454.108626682491	-529.192154739044	-436.947204589844
-455.20357250046	-510.763193332544	-444.444458007812
-457.154779169173	-511.369768417973	-444.477386474609
-454.80204701483	-511.026957050155	-445.134460449219
-481.330338878174	-482.640427838345	-452.972747802734
-482.443256554218	-481.425215016651	-453.358184814453
-481.615070117727	-482.730333736591	-453.679534912109
-517.656720981183	-459.768955151581	-456.866516113281
-518.989336581659	-460.152620521089	-456.658050537109
-517.871520043078	-459.506172618595	-457.555511474609
-542.817807130439	-447.682064731205	-459.674407958984
-541.867633502468	-446.908197536298	-457.974945068359
-543.145456543696	-447.27782745255	-457.983428955078
-555.967969741031	-420.190844118725	-457.379150390625
-556.712585821089	-418.270269601843	-456.78076171875
-556.468578232095	-418.536355191017	-456.545806884766
-572.709737719084	-395.764739670179	-453.652496337891
-573.156331853875	-394.559561131431	-453.077789306641
-572.852137510509	-395.700179570556	-452.8935546875
-590.30415033924	-362.332612395082	-442.995086669922
-588.221635139128	-360.889730046922	-444.627349853516
-591.554006801403	-367.046460093435	-444.947235107422
-596.574921610756	-354.718468696268	-439.020690917969
-595.164439740205	-355.960322143109	-437.635589599609
-592.004817219217	-356.867737020366	-437.856140136719
-605.157284996645	-317.554666851197	-421.571594238281
-601.27281737541	-322.480709937108	-421.982635498047
-602.800791242944	-318.932271586019	-422.339630126953
-628.616404364152	-283.316048477187	-404.814788818359
-630.270826120348	-283.48619327114	-404.701019287109
-629.418884761759	-282.588555716207	-404.90771484375
-624.434302803507	-265.246780219342	-388.348327636719
-624.871214951055	-266.491270785499	-388.192535400391
-623.932630613261	-266.945022892606	-388.292327880859
-659.168533195124	-241.895676268609	-360.742858886719
-657.840902007173	-241.293865421162	-360.531402587891
-658.857465476106	-237.380617943296	-361.355895996094
-670.331739013859	-210.862893160652	-332.198791503906
-670.771253425268	-211.785192980847	-332.480224609375
-671.728510964497	-211.846074931502	-332.273376464844
-676.805853416844	-197.140795479545	-299.284790039062
-675.379422991624	-176.633371525956	-299.482238769531
-680.387219011668	-192.155658178596	-299.263397216797
-672.579151251685	-144.394747082332	-257.240600585938
-671.493260885417	-143.962409162642	-257.168090820312
-675.548507794728	-146.055483092944	-257.431274414062
-687.615344533543	-131.109726429018	-216.947631835938
-689.715169405918	-130.334923389397	-216.288070678711
-689.882375409986	-131.110520650445	-216.583450317383
-664.175508745941	-96.0418999654501	-164.729110717773
-664.843147881088	-96.303325459643	-164.728012084961
-662.801064105149	-94.6667238410616	-164.395309448242
-667.777587295894	-67.7474902230815	-116.896987915039
-666.923668384896	-66.6154725299832	-116.662200927734
-669.007671150447	-67.6334021735738	-116.194213867188
-670.131719715731	-36.0803552513969	-63.3639488220215
-670.373620320124	-33.9625373561236	-62.9595985412598
-669.459350745167	-34.0399526957553	-63.796085357666
-668.479496509845	-9.11743654796692	-16.2203483581543
-675.38435117342	0.899223886627396	9.26592350006104
-659.90458586326	-9.12550428813734	-18.7489490509033
-666.817050541383	-5.95014892546007	-5.34405899047852
-693.139886729176	-0.0525375823749528	3.40011262893677
-653.853597214684	-4.90660209112042	-8.17213249206543
-666.470317246273	25.0376685223108	39.7742156982422
-708.792672769225	32.904324825975	32.0480728149414
-667.70508004359	29.9713809233373	28.9286060333252
-678.537066316076	34.353932159824	76.6591262817383
-715.563662791603	66.4870953839514	77.675910949707
-729.529701513348	36.8304815469641	85.1558456420898
-739.401655956325	78.8501764435485	184.753265380859
-723.627881574186	65.9848211558798	153.886520385742
-683.521782717583	63.2827455282722	127.839309692383
-649.947683771667	97.9855441752314	213.044784545898
-650.69468198387	105.848265852019	202.862991333008
-635.068722347338	98.9888852531628	176.230484008789
-655.975262975717	144.390730798992	243.60546875
-654.806006778355	142.987798418863	243.519973754883
-656.067598901489	145.075224251205	243.840805053711
-675.291440700944	157.941918447259	284.43505859375
-678.3190777508	158.396761118134	285.026489257812
-678.780259330863	158.020696423127	285.091217041016
-655.932291552446	189.538152753503	318.300140380859
-657.506248464997	189.456691560597	318.854766845703
-658.636944552586	190.062737969142	318.664978027344
-638.163498153212	222.940570320958	351.880401611328
-635.580240860427	225.685261707632	352.626708984375
-637.375448232128	222.904771893052	352.116882324219
-646.961603665471	242.580158149542	376.470397949219
-647.831959040512	242.489825052856	376.694976806641
-644.41390566446	243.124672388196	377.155578613281
-651.005520654755	281.708606417417	398.560485839844
-649.855605343475	278.02293748376	399.315826416016
-650.245298906992	275.144101480601	399.003234863281
-608.65380410231	319.883553351286	414.053619384766
-607.185551809339	320.865772787823	414.309478759766
-611.648192817278	320.119714622472	413.673919677734
-615.697529556508	326.735511222518	427.187164306641
-616.498812016408	325.699848408002	426.112091064453
-623.745235181778	323.674272695067	426.938903808594
-564.445585457267	374.138219053005	438.762176513672
-562.697863881714	372.874708261365	438.996063232422
-564.070815934322	373.028805725349	439.296203613281
-550.0793064743	381.519796378103	437.454711914062
-555.786780212664	378.26838562201	436.962646484375
-547.368767262637	383.615036118981	437.862915039062
-566.900852550111	397.633870437231	442.586853027344
-570.622077180871	396.26143603441	442.734497070312
-569.975013179361	397.019748374298	442.640472412109
-550.969890159607	418.319553035465	441.6181640625
-546.080322348169	417.260266800118	441.039581298828
-546.882279033979	418.015629285343	441.152038574219
-499.249967557063	474.255293484954	444.129699707031
-497.608511528988	474.024616424569	443.752960205078
-499.698299113255	473.989455029125	444.784057617188
-491.312480910998	487.023132314431	440.5908203125
-490.230201940343	487.525705786657	440.774169921875
-490.488280114306	487.314012849865	441.630157470703
-482.973982158372	502.997345366994	442.259613037109
-483.094884732927	503.466413465471	441.86669921875
-481.305965843749	503.977264961784	442.554229736328
-457.572511652702	506.502725493499	435.552093505859
-459.025407881773	506.071449847369	433.382232666016
-459.364604923601	507.438561863777	433.398773193359
-408.798883054979	552.323371607097	430.414215087891
-405.931196214259	552.149343829544	430.649108886719
-406.351406193036	551.712374235343	430.561981201172
-412.79452634407	560.310311377721	423.674621582031
-413.568197528267	560.937894372791	423.5986328125
-413.288266147938	560.402721793633	423.336090087891
-369.8479162874	561.505042505551	409.537902832031
-368.941306265885	561.430098211168	409.999389648438
-380.711589288223	589.783044667998	408.90380859375
-381.475915195387	588.772596566245	409.160400390625
-380.537853783333	589.148135128891	409.089782714844
-354.431433480155	578.216109800026	408.251831054688
-355.099662103168	577.166674268058	407.983428955078
-357.713356779717	578.323393479978	407.493743896484
-324.872150183191	615.48593714135	394.470397949219
-327.55595118832	614.395657147045	393.385864257812
-324.140065051308	614.983825916801	393.51708984375
-290.209887568895	607.386776892723	387.336151123047
-295.758281942533	605.717301002407	386.546203613281
-295.902974422811	606.057375488244	386.114868164062
-277.382008072156	640.947518627115	376.366943359375
-275.327896525095	641.376056368686	376.510009765625
-273.51058516995	641.746211289628	376.6220703125
-227.101536395915	639.688497163255	363.945678710938
-227.670268896608	639.199376117684	364.193145751953
-229.777794098209	635.345031053298	364.652618408203
-236.571734292705	648.736444037945	356.94287109375
-237.036908218266	648.229683263721	355.186218261719
-200.055539747462	661.936809480429	355.496978759766
-200.167906466546	662.987799506468	352.815063476562
-200.857258184876	663.441311035013	353.102203369141
-190.765768404144	651.778477280602	345.328521728516
-192.207604504136	651.788793968136	344.04150390625
-190.145561487114	651.644644771349	344.168334960938
-169.141389823597	680.412546723952	333.939819335938
-169.526364642709	680.721543407528	333.914703369141
-169.513617731383	681.221076539181	334.154113769531
-118.534027170483	672.688893625113	318.936004638672
-118.517377726552	672.937606408606	319.065856933594
-119.613056291398	676.063651086273	318.61083984375
-103.874989692836	669.103169558548	308.381286621094
-103.434116487133	668.801691038423	308.475311279297
-103.239330470826	667.656109518217	308.165344238281
-79.2811906387705	691.128881421829	294.732940673828
-82.3459430020515	691.218860752901	294.76611328125
-80.5934906057965	690.781357413214	294.717742919922
-37.2732690853013	690.940935600578	282.708465576172
-39.7822045492633	692.891626295151	282.784118652344
-47.4922371366976	685.012120175304	283.176330566406
-47.3841413279935	681.939836809282	282.778350830078
-48.639662798717	682.095933023528	282.85107421875
-17.2921572810887	696.974324875146	269.100830078125
-18.4653699826404	698.241281007224	269.704864501953
-19.5863386265499	697.425817361165	269.904876708984
0.239684581505685	676.388530578321	263.897766113281
0.102703479627166	675.490062234234	263.814727783203
-0.890515599774403	675.530921692378	264.090698242188
1.37492426058526	725.23036082473	269.925811767578
5.01189196906287	723.61717190756	269.395141601562
4.69622113138519	724.695375293752	269.055267333984
-33.059463089776	722.631325858654	284.449615478516
-33.4865916674908	720.814665394613	284.277496337891
-33.5862981150306	723.112674727863	283.836639404297
-59.4607528273167	703.120330644021	294.285736083984
-58.4990282829425	702.498054071876	294.398193359375
-58.701736493563	703.061148628925	294.726226806641
-91.2661342096495	713.323812874127	311.013977050781
-92.8545263891214	713.449161233082	310.726684570312
-92.8289825821401	717.807188238428	310.929382324219
-112.742234369561	695.415377032841	319.940124511719
-113.892818897467	696.838472016079	319.653228759766
-113.195121608591	695.252288009426	319.559020996094
-144.283780475255	713.146783889405	331.088317871094
-149.410135038978	713.426413674188	331.239105224609
-153.590321829533	712.861848560195	331.215301513672
-185.835197903459	700.673284500598	347.679412841797
-186.371478513052	700.034414687901	348.087249755859
-185.471380277032	699.460424946751	347.860260009766
-200.444768194518	679.036702054124	354.678375244141
-200.920456718982	678.507099713937	354.615905761719
-199.345454809487	680.122117637956	355.114715576172
-218.896681589315	679.230202617417	373.007781982422
-220.984555333686	680.67156847412	372.688934326172
-232.694583913153	690.412687303089	373.217712402344
-236.517224304082	666.793315454403	379.53857421875
-238.456116931545	670.528732511128	379.038543701172
-237.857059622684	669.550687957349	379.347015380859
-302.275669950357	667.723487463482	392.217987060547
-301.449712856988	667.563885493142	391.989929199219
-300.260289228832	667.883537686405	392.164978027344
-312.876922982279	634.381454088043	399.785278320312
-312.734945979617	633.636279317428	400.114044189453
-312.098597861517	634.892239192973	399.195983886719
-335.293862619097	644.60749214298	411.069152832031
-332.916451825621	644.551453170375	410.870666503906
-334.459483202969	644.362003945364	411.300598144531
-359.824943983626	610.934028800258	423.324249267578
-359.711169159876	611.014709799992	423.586975097656
-361.073074707909	610.188201924203	423.351318359375
-392.290796791623	610.030284646476	426.816162109375
-391.830434801018	610.632417156382	427.100158691406
-392.997439658465	609.304918321329	427.038543701172
-427.672713442389	587.41500946949	431.645568847656
-425.52175572012	588.65839975998	431.661376953125
-428.973668797429	588.87151880271	431.536102294922
-416.445014274956	576.424293558685	449.025054931641
-410.220535967206	574.342129804529	448.904174804688
-413.673297929941	576.503233364718	448.946502685547
-489.360178120561	533.80335784571	451.614471435547
-490.960344287274	533.490460598363	449.553100585938
-490.518974451219	534.741840258286	445.596374511719
-494.323780779543	529.652649359974	459.734008789062
-494.016973501152	531.735403815766	459.445861816406
-493.116882018661	530.798243486983	459.181549072266
-490.579466644304	502.33315423966	466.832397460938
-487.71945070279	504.939316953744	466.756805419922
-490.223061114857	503.131246443749	466.490814208984
-514.345705702981	477.819283824177	466.995269775391
-504.966373531452	482.671180599293	467.374114990234
-502.979769155927	486.711131006322	467.509307861328
-548.454106121354	467.650717285774	470.939453125
-550.014362891655	467.032147293153	470.485870361328
-547.360361302117	467.19199519511	470.164794921875
-561.978133443895	446.629766053079	473.355529785156
-556.017151631506	447.407284846288	470.358062744141
-559.767142396751	447.336793545221	472.7578125
-589.145291387694	427.876742260976	469.266540527344
-590.270462504469	426.70173251144	469.450256347656
-593.489304287892	428.428936534494	468.835052490234
-634.781904460925	375.911701627594	462.289337158203
-635.063125433406	377.396393385731	462.300415039062
-633.694992320287	376.087252232634	462.863525390625
-623.155088752042	349.748442204108	446.536163330078
-627.165272063527	350.382630355344	446.198425292969
-620.107524962297	350.096868919019	445.718475341797
-637.146108391429	346.356273576699	444.440887451172
-637.594841055217	346.96732518637	444.712188720703
-636.40489172279	347.379388243541	444.426574707031
-651.724805868364	298.927975453303	426.543395996094
-652.200934895849	299.270116770106	426.890777587891
-652.065320567659	298.775727490009	426.866638183594
-683.47322427508	281.99624877938	409.449584960938
-681.708279687164	271.96027228314	409.208709716797
-677.501733405037	269.240842485698	407.382202148438
-664.648270917921	243.177101226946	383.661010742188
-668.86242458754	243.842613797834	385.481292724609
-664.480955510026	244.083607394574	385.015960693359
-659.241433387939	237.46007482874	361.270080566406
-660.735881026062	237.938380275344	360.682830810547
-658.848109067776	236.720892671722	361.349914550781
-691.670398093109	192.955572390369	328.690612792969
-689.43442551381	193.453391514476	328.515777587891
-690.18745932745	193.351211380732	328.550109863281
-699.082353563909	164.235185595114	291.337890625
-700.520262751028	164.44858775884	290.995086669922
-698.198108676575	164.297040517495	290.77880859375
-706.719804441034	130.111269788632	248.186874389648
-706.125056351707	130.698594731853	248.702972412109
-702.78657712709	130.423321155464	248.766845703125
-700.477415649133	120.68853595556	206.729431152344
-704.735242811134	120.492175450796	207.586822509766
-700.433558820767	121.345328558345	207.083343505859
-705.912603151038	77.9724335968581	153.215667724609
-704.474471473508	77.9310869427619	152.435882568359
-699.519792512458	78.0173555688065	152.233032226562
-695.593767140167	54.1381476617884	106.701713562012
-697.615565322579	53.0180244718616	107.081245422363
-695.662432870117	54.2297018150848	106.320190429688
-723.89805532489	20.6264358713052	46.0322952270508
-733.599948744145	22.017981298268	46.5516777038574
-728.673842984377	19.0032474535776	46.6516799926758
-746.553996126958	-12.1776340466772	-4.88700723648071
-728.353983229089	6.22322838718785	10.8204708099365
-750.404179636248	-12.1426667739768	-4.27308559417725
-760.131247000488	-12.4958874326146	-12.8644599914551
-714.686949073534	-3.56976215344696	-34.3853874206543
-753.529743201543	-5.35414183854579	-21.789722442627
-725.704603526331	-16.9456562938538	-205.099075317383
-653.751418463459	-22.518071129358	109.599853515625
-645.866139502502	-43.0729745239041	139.754364013672
-711.593132285279	-59.082725143004	-100.540794372559
-716.287811096431	-83.5459157054169	-107.500389099121
-668.657597434841	-63.9923152214012	-109.89315032959
-688.728098931902	-89.7593488325421	-151.423828125
-733.181596572564	-97.8372769684296	-159.231048583984
-683.233927118427	-109.05815404153	-198.796981811523
-750.403884898228	-132.376195201908	-211.028854370117
-708.965014653268	-143.25412420125	-208.078872680664
-696.554449034396	-123.792760357288	-234.788940429688
-671.02916480077	-145.146241197998	-258.929168701172
-707.371950677515	-132.248231678709	-245.569213867188
-726.137101391875	-155.133062278589	-279.92919921875
-705.648730733642	-179.472840582342	-303.769653320312
-705.802849905267	-178.890009169195	-305.794982910156
-706.65809916003	-181.007034549346	-306.012573242188
-696.828994075913	-209.763553035791	-342.318328857422
-697.135936913941	-209.684232056996	-341.188262939453
-696.844033147253	-209.302424144007	-341.907104492188
-668.003653070977	-228.603003290264	-368.042999267578
-663.091488434106	-232.597645038778	-367.727416992188
-661.712430264725	-233.581112069479	-366.874969482422
-676.546257119888	-258.915578887146	-393.673583984375
-676.934660176021	-258.461554016616	-393.870788574219
-676.0508006565	-258.863618113845	-396.530700683594
-660.185904111458	-300.959332473082	-416.797973632812
-665.329218471985	-295.86773254365	-415.053131103516
-666.502328761657	-295.67893148676	-415.048889160156
-665.334443272007	-297.67505260144	-415.405975341797
-652.986717806352	-321.05882632212	-437.254608154297
-653.206220044473	-321.103636325782	-437.521850585938
-651.854144970687	-320.541484302428	-436.503356933594
-628.051793861246	-338.011895592521	-455.771240234375
-625.534499313188	-337.901961973334	-455.144439697266
-619.996955944678	-342.844601120618	-455.096008300781
-619.839792251976	-369.018915270498	-460.898071289062
-619.334973834256	-371.336325005014	-460.659729003906
-616.412758616585	-372.811493955352	-460.498077392578
-607.680876450395	-399.632755767351	-467.105987548828
-610.258224893436	-397.134343039323	-467.1025390625
-608.905188695636	-397.091203789177	-466.740905761719
-586.03740935287	-426.242827463386	-469.623931884766
-573.426107984047	-432.707944936619	-469.958404541016
-574.148696331214	-432.157863193493	-469.276245117188
-548.165263522054	-445.613239725233	-467.312561035156
-547.892132246301	-445.548446451753	-469.816802978516
-547.166828028015	-449.088802256493	-471.060241699219
-531.276216813715	-476.29814316558	-476.599731445312
-532.642281374356	-474.367725207767	-475.805725097656
-532.159837463195	-470.476433788059	-474.837127685547
-528.660222977144	-502.778368357216	-474.963409423828
-529.517551074711	-501.395852117475	-474.827301025391
-529.428057377287	-500.802042306665	-474.162811279297
-507.44012076115	-510.217914989205	-466.004272460938
-503.718468511414	-510.98250249892	-470.511383056641
-505.741691804312	-510.8326914909	-469.940887451172
-505.735876853308	-511.172795557837	-469.659423828125
-461.345370120573	-537.603846416094	-460.395843505859
-462.208584142884	-537.399384973918	-460.917877197266
-463.039062431416	-539.616842287129	-461.006011962891
-472.449602108687	-551.206928038132	-452.692260742188
-471.16908513574	-551.832541790289	-452.842163085938
-471.437587015011	-550.070795168094	-452.866577148438
-438.572661520469	-568.322457490228	-450.884063720703
-438.237291953014	-569.090705317264	-450.615020751953
-437.525051517998	-568.158694370536	-450.300079345703
-411.795886035197	-595.852828108806	-444.861602783203
-414.232966927307	-596.435648385609	-443.993041992188
-405.240463352312	-601.384666647427	-443.969329833984
-391.99079254319	-588.634492573218	-428.605041503906
-395.592909079913	-587.948866177179	-428.741088867188
-389.598262409656	-590.371022047428	-429.390197753906
-372.968729709157	-606.710436472248	-429.120941162109
-377.980541709419	-609.789775915389	-428.861175537109
-376.598273037445	-611.021973029182	-428.705169677734
-335.121661280099	-652.193221072885	-413.295166015625
-338.12724805624	-648.115808505673	-413.487945556641
-339.943270098822	-647.179333704664	-413.377136230469
-318.869363267186	-634.964216317056	-406.968688964844
-316.34241525054	-635.767977510655	-406.991546630859
-315.333829395114	-636.915473747175	-406.923309326172
-293.721107253087	-648.201498884644	-391.066192626953
-292.13944019705	-642.515766389777	-390.673583984375
-294.115327743689	-649.468047203716	-387.894470214844
-224.568821710192	-690.832044265275	-384.891082763672
-224.809579968161	-690.61092173484	-385.094085693359
-224.667979622577	-688.238437406818	-385.531951904297
-246.418298596558	-664.170798211617	-370.956634521484
-246.429646791871	-665.419816667837	-370.163177490234
-245.600090474547	-664.931280448305	-370.414459228516
-187.017521805588	-679.792478908253	-364.836700439453
-188.453793047418	-681.261031978475	-364.556030273438
-186.56025139469	-680.721310965951	-364.330780029297
-186.756339805927	-677.95529317864	-346.940582275391
-189.088557486837	-678.520821693554	-346.758819580078
-187.527552626953	-677.276379326258	-347.369171142578
-150.205957402663	-708.148796139999	-338.708099365234
-153.40139902948	-705.9103877776	-338.584777832031
-149.733682661339	-708.147759539018	-338.412475585938
-83.0301978099558	-726.178575329651	-321.723937988281
-83.6962459831154	-725.84168972619	-321.747406005859
-82.8328863186977	-727.256418032284	-321.208892822266
-84.6162975342075	-701.731055385229	-314.220184326172
-82.3096948895402	-701.850654194364	-314.460876464844
-83.9248084587411	-700.771140140248	-314.256408691406
-57.5493721691714	-692.266252519642	-300.5029296875
-52.2892130590973	-692.823330970633	-300.465209960938
-55.5381353811224	-692.387760909958	-300.367126464844
-19.3724393980329	-707.635323497452	-285.492095947266
-20.5334690672944	-708.068793547826	-285.439727783203
19.0475339512018	-726.346320638172	-285.841674804688
6.04112531649366	-732.595131772719	-281.9462890625
3.98179577953795	-731.898910459278	-282.054718017578
5.5838079602832	-731.334393906709	-281.669158935547
30.1965252125779	-758.113502726053	-286.384490966797
29.3175026149597	-754.809006547906	-285.885192871094
29.2343621162265	-757.088504270138	-287.223205566406
-12.6721567772682	-769.004756191491	-303.139831542969
-11.2993477593839	-766.85878242602	-303.285827636719
-12.5388358700183	-768.848842686862	-302.601531982422
-73.9083938599273	-758.425213353401	-310.862884521484
-74.7380647359794	-756.441730530752	-310.490325927734
-71.848038327814	-759.401562646027	-310.467620849609
-115.008906929777	-721.720933842206	-325.623443603516
-116.445717543327	-722.422061324607	-325.381530761719
-112.397275042567	-720.530313907539	-325.494903564453
-137.772429879098	-739.631830842771	-339.717437744141
-135.789162833276	-741.114934808037	-339.158630371094
-134.754036611068	-733.224337282533	-339.515716552734
-155.092762801496	-708.61445566723	-345.861114501953
-160.62003944002	-705.212142113663	-345.766326904297
-159.986056877079	-707.569297154063	-345.831298828125
-167.009514587598	-742.010764288414	-364.447387695312
-170.434482804873	-733.092782275029	-364.215057373047
-169.993712887737	-732.919097226645	-364.582580566406
-221.818835335242	-733.534359575057	-370.784881591797
-220.893961465241	-734.490082623119	-370.559417724609
-221.763635300807	-732.45624102105	-373.143310546875
-250.837570986592	-685.61646876968	-382.895202636719
-247.481211437157	-685.906938469173	-383.193603515625
-244.776163073621	-687.984573863162	-382.704956054688
-247.054865172185	-708.487845461748	-398.6044921875
-246.071647507839	-708.088024771464	-399.2763671875
-245.719786349687	-708.892582620941	-399.040924072266
-290.218368245597	-678.391090869655	-408.009796142578
-286.031262837226	-683.916179524806	-407.982147216797
-284.429129772716	-683.035951059854	-405.669342041016
-322.91895299373	-684.093551652757	-421.167419433594
-321.128604005949	-688.809129221162	-421.422637939453
-320.657712789999	-686.379172533201	-420.649505615234
-363.177076438434	-647.367641054213	-427.599487304688
-360.84034217242	-642.407006003572	-427.576110839844
-363.593948662312	-643.306613976117	-427.419830322266
-361.665956668197	-671.656281498456	-444.050079345703
-351.997514243591	-669.066104613867	-444.840972900391
-353.255586344563	-671.714738407806	-444.494140625
-422.265136557593	-625.183518876351	-444.683776855469
-421.998169018274	-627.516163336205	-444.859039306641
-421.793501404853	-623.538314569423	-444.6708984375
-412.892445238118	-640.684351078486	-460.840484619141
-413.232420310155	-640.942912527567	-461.373565673828
-413.299081208514	-640.656654788204	-461.159240722656
-457.121500495552	-614.370000604559	-461.561370849609
-454.219459528645	-616.665101902628	-460.914123535156
-456.686888864737	-614.199139978046	-460.948272705078
-464.132328712985	-576.080963884231	-467.392913818359
-466.375120880004	-574.039434221624	-466.405120849609
-468.037245620558	-573.994368225558	-466.642486572266
-500.633612450201	-555.33233646846	-480.439575195312
-499.877305205515	-554.596406035328	-480.821655273438
-501.056941382794	-554.874047784896	-480.033905029297
-501.953666643335	-552.230917359717	-485.116088867188
-501.508326514789	-551.806326641317	-486.358032226562
-502.44075203556	-552.780730292235	-485.403839111328
-533.890272134105	-522.531094695483	-489.653503417969
-533.33118108479	-522.323958133234	-489.462860107422
-533.380469988363	-522.34846013712	-489.662353515625
-565.553029927013	-489.992343151683	-494.476104736328
-565.826927332454	-489.929775470344	-493.458648681641
-564.534947162435	-490.107915232968	-493.336151123047
-576.965929212152	-485.465486990222	-489.426788330078
-572.366461560761	-486.514351712567	-489.549133300781
-578.896083066901	-485.131840318713	-490.021759033203
-585.277069269293	-457.514542378417	-492.98046875
-593.394365664987	-455.062419912374	-492.898040771484
-585.137758895551	-456.786600719401	-492.4892578125
-624.751447324396	-430.797050823621	-491.706665039062
-624.369356924378	-429.696005029407	-491.887390136719
-623.543715537513	-430.111808191493	-491.734680175781
-643.170480231361	-411.315128511656	-486.98828125
-644.964323817958	-411.772089768131	-486.568023681641
-643.800473381881	-410.603944768056	-487.308837890625
-632.520792599312	-380.127920094364	-474.659210205078
-631.366877686787	-380.642080040028	-474.327484130859
-631.85301008469	-380.117786891829	-474.093994140625
-671.112855882283	-355.236843887414	-471.856323242188
-669.939706090488	-355.725883622153	-471.591461181641
-673.636314609149	-354.308909346551	-472.101623535156
-666.166897703944	-329.531133141686	-448.131774902344
-665.81430458876	-327.155855661141	-447.684600830078
-667.68165221662	-325.163827941591	-448.303985595703
-675.563921462131	-304.921836174683	-435.906036376953
-676.348939612575	-305.252423146873	-435.540740966797
-677.093810825079	-305.501013046513	-435.631256103516
-691.063485537514	-285.144925159732	-411.658355712891
-690.258652630475	-285.824331572272	-411.169158935547
-694.697501105399	-284.828054399236	-412.148040771484
-719.478837756449	-244.608607814869	-389.306335449219
-720.263528527129	-240.409021283363	-389.795471191406
-719.783949049995	-243.914197005922	-389.604614257812
-726.222601041338	-210.556439437678	-356.822052001953
-727.666197534299	-210.477587244735	-356.66162109375
-726.893345835401	-211.201843033758	-355.485992431641
-738.113663082656	-193.536739373039	-317.890991210938
-737.13009524703	-201.418102254656	-318.535125732422
-737.71802517518	-182.405242644062	-318.753540039062
-746.470284862271	-161.544579713673	-271.850402832031
-745.639503535745	-164.434957366755	-273.069793701172
-747.254489010875	-159.284753983619	-273.192687988281
-719.780789937528	-129.688988050682	-233.443542480469
-719.338985894652	-127.794170925318	-233.650146484375
-719.499550085461	-129.348558872867	-233.313323974609
-753.282540362339	-96.7789495833924	-181.329925537109
-754.460638798052	-98.4178517323738	-181.529266357422
-754.73354428438	-98.7522461635841	-181.439392089844
-745.281514385542	-63.2205999435	-133.094635009766
-740.096033518601	-63.5362188842819	-131.806137084961
-743.252544101244	-63.249215850197	-131.787963867188
-729.258982880869	-40.9211579979777	-77.4900360107422
-731.180403177595	-39.5865152652369	-78.6799240112305
-729.400410283063	-40.6064330128725	-79.3678588867188
-720.419980850416	-21.7497837455459	-18.3104305267334
-742.145730605169	-10.998108807922	-29.0660381317139
-706.675817141149	-13.9461671959907	-48.5398635864258
-769.542210681926	0.216497716460424	5.04078912734985
-766.009265539174	6.69495360668662	-6.20860624313354
-769.691237936248	-11.1188942374608	7.85211086273193
-786.095159352415	3.79909023918839	50.0690994262695
-745.252712694393	9.53418807015171	54.9114646911621
-760.354724763871	-3.09872919190357	55.9131317138672
-716.676744174625	49.5145150061748	260.939086914062
-702.09133915877	50.3674122220453	-17.0679187774658
-692.756537997544	28.0952949312405	-145.082763671875
-808.835427424561	62.1803346701882	176.032028198242
-732.762368891297	53.1178679988176	157.72917175293
-740.300659378938	82.0915941995171	128.261383056641
-725.068529394175	100.308421673103	193.582366943359
-725.124984330172	99.7373970245981	193.13395690918
-723.089265486707	101.506134269043	192.616287231445
-751.045696250081	141.573701085599	244.268997192383
-751.00020595354	141.795442583288	244.278289794922
-748.096120847864	141.965200567967	245.047088623047
-734.17131736229	156.142994530184	285.675506591797
-730.937159199466	156.919792064121	285.716552734375
-729.269843707489	156.322141476509	285.874938964844
-714.960778485574	180.426590778668	328.662719726562
-721.34229731305	182.42855300308	329.895172119141
-715.728046876543	182.277885823238	330.219085693359
-736.867297487314	207.16162633435	356.69287109375
-731.46148433885	208.682895874338	356.586608886719
-731.334445477948	209.078668323152	355.452758789062
-688.377653430461	242.062561434371	390.872406005859
-686.295233652292	242.586759683916	391.339538574219
-683.645932681479	247.028837506362	390.930450439453
-688.418180607112	267.111195247689	416.281677246094
-693.451385213326	268.737324675685	415.969635009766
-692.631416921274	267.663340413018	417.176788330078
-693.650971652436	296.480588980697	432.851043701172
-697.445919641604	296.065434755183	433.144226074219
-698.600165233697	295.425472232492	433.3583984375
-668.150147723876	342.295371234012	454.635009765625
-669.053823328353	341.575294719082	454.62353515625
-670.168106281984	343.020440457187	454.525787353516
-679.111721036011	347.186642677998	462.845336914062
-676.925612110655	347.995145823297	463.156890869141
-673.084554759158	349.337327961543	462.375793457031
-615.846199995852	391.877918996635	473.113647460938
-616.583458540431	391.575573733485	472.856628417969
-616.200915338167	393.091552824265	472.477294921875
-614.293609860136	398.991362597034	470.997253417969
-618.340101181943	398.909999791534	470.785095214844
-617.375200309712	398.96158386041	470.476104736328
-636.477667357311	418.44535023528	477.249267578125
-637.850628760771	418.14761099317	477.313873291016
-639.927658478441	418.134115168692	477.027954101562
-559.898470990053	466.479416440379	492.616455078125
-557.004417092296	472.128052935876	492.558563232422
-557.779333776676	459.81543323977	492.7041015625
-550.093273511494	493.970254652734	489.830169677734
-550.78743258182	492.068513195763	489.917907714844
-548.98960316902	494.117435603409	489.6123046875
-537.6970724998	493.501143978959	488.109741210938
-537.259708382095	495.327633666359	488.527008056641
-534.54498960797	500.162995507355	488.342895507812
-519.214394069947	536.447130235262	483.141937255859
-516.297336023785	537.568707968847	483.744812011719
-514.925159500921	538.856784754893	481.124450683594
-537.295814189049	547.816702047068	472.535491943359
-538.919623155277	545.616068682269	472.075500488281
-539.010218745851	545.676734058191	471.856384277344
-478.630278906459	558.707501541922	467.974792480469
-479.796651014475	557.194370105905	468.438659667969
-479.065560571845	557.969234214435	468.302642822266
-475.346088808696	564.461120795033	467.9052734375
-473.58969815328	563.658650418462	468.75390625
-473.936160214305	564.401134454616	468.284484863281
-418.362411201852	601.824383865809	453.910278320312
-417.006350270689	606.870284304761	452.273620605469
-418.791075449192	603.397745951554	451.886566162109
-440.944193507751	626.511723638605	446.427947998047
-438.819782831786	624.948104228461	446.765747070312
-439.727279945755	629.350332128429	448.464782714844
-374.43666529958	633.523423525559	433.619842529297
-377.49838618001	633.973391109924	433.631988525391
-375.751972073155	633.408768288468	433.887969970703
-382.271339546258	656.414408672331	432.990875244141
-381.756576486735	656.180210447124	433.294677734375
-381.645938214043	656.637110467921	433.653411865234
-321.533382231489	652.3437713061	415.539886474609
-317.881300649867	654.198349550033	416.083923339844
-322.288414075963	651.399703527903	415.832214355469
-298.728593596767	671.085926450445	412.252563476562
-299.536804620978	671.921541847815	411.933990478516
-298.625455461965	671.805301601071	411.716369628906
-308.663276397755	688.992292089597	396.362579345703
-306.565020844784	690.462974267617	395.340362548828
-304.188518300294	694.396195827752	395.339599609375
-246.650405862303	709.809723487377	388.827911376953
-248.28554601931	710.850245192159	388.807678222656
-242.869298430684	708.655187861894	389.541748046875
-229.551832553084	696.259170795477	376.897521972656
-228.069291754393	696.120514050956	375.158782958984
-228.37540290805	696.691067922875	374.874572753906
-205.697857755148	730.684770645336	365.609802246094
-205.77157709893	731.135524602294	365.438079833984
-205.11005937094	731.71366752113	365.495635986328
-154.953244516399	720.450836789345	351.491668701172
-156.889948331561	719.387782590742	351.95947265625
-156.737988551694	718.027201057321	352.084381103516
-143.430409678153	745.693082224454	344.339721679688
-142.992104417245	745.016944632653	342.251037597656
-139.575831934808	744.200569452612	340.896362304688
-116.674462729762	728.77587508547	330.899261474609
-117.671272053594	727.898757139404	330.719299316406
-116.434114133229	729.496207113111	330.439270019531
-94.8387874339202	754.15122955606	316.459686279297
-93.5765306332648	755.349633908219	316.314331054688
-95.2653865843948	754.395655553735	316.132354736328
-62.7108222272008	754.370571587531	305.559020996094
-60.8659759980677	753.464495065363	305.496307373047
-62.832105237459	753.235404688694	305.481231689453
-24.0604620715482	731.790940348843	292.12744140625
-24.2115330532867	729.740884099633	292.106140136719
-25.1266100871152	732.576191562981	292.282135009766
-5.54959307110039	751.39988990762	278.000701904297
-7.51025601037458	744.243949338747	277.651519775391
-3.470657859911	746.02263254832	277.971160888672
12.2698925375137	741.619044507439	278.362945556641
10.4258481044787	743.598548496687	278.127716064453
11.0781973714475	748.474455901911	278.298706054688
-1.55299575300381	766.840410844309	287.973388671875
-1.97478664811587	768.281775227151	288.168273925781
-2.16945797577984	767.012774790612	288.329040527344
-22.5488075745744	759.876519920378	298.882568359375
-24.8045717945536	759.847476316967	298.394775390625
-26.0105453262141	760.22577445298	298.728485107422
-64.3223329825961	782.411884243735	312.512847900391
-50.2567054286687	779.954097371265	312.085021972656
-63.9749180746533	782.74250098726	311.954864501953
-92.8770598250447	785.354488761356	323.302062988281
-92.256072356104	784.796843364191	323.558319091797
-91.0161125217925	785.24265653371	323.064483642578
-112.925636780843	778.757942607279	336.664672851562
-115.014550012712	778.394971040384	336.996398925781
-115.75155311311	779.948290995198	336.551513671875
-159.310195901278	764.175363782133	350.561737060547
-158.217332024263	770.243116603082	350.319458007812
-159.832440478461	763.891538521531	350.12744140625
-159.527400266364	738.685342262017	359.596252441406
-158.423134147044	742.757138794297	359.082397460938
-159.391685862394	739.969654752316	359.145568847656
-206.359870816467	764.913845961356	374.798889160156
-204.443758559177	765.322423312343	375.18359375
-201.467257092013	762.75032831936	375.226135253906
-247.398907572687	727.703146499659	382.984558105469
-247.727690278736	729.533608012231	383.059387207031
-247.613348873909	728.453526491908	383.112274169922
-276.840562530033	743.508979368537	398.888458251953
-275.519059885775	742.974153735124	399.770568847656
-277.03174024391	743.105332066981	399.410461425781
-282.958997208878	708.496448102833	401.918151855469
-285.264276194701	708.498406540633	402.864379882812
-287.932706998699	707.12808992374	402.91357421875
-297.159374579523	720.99036310671	421.799652099609
-302.829165125559	724.029808949358	419.382690429688
-303.997036169893	723.637902070157	419.990905761719
-348.139020252278	685.897096164487	427.596405029297
-346.900297642681	687.137461663135	428.262084960938
-344.801207956535	687.970113354566	427.393859863281
-350.483039494722	681.519779240409	442.888763427734
-350.928411361895	685.759811273387	443.446105957031
-350.477449513043	686.229494387076	443.396057128906
-387.153117036741	662.170384263276	443.654144287109
-386.854495507803	665.891088463148	442.796264648438
-382.680281457892	670.500934122027	441.466461181641
-437.514603602461	635.77969413503	456.587524414062
-441.834719570395	632.289128919193	457.893615722656
-441.181946000647	633.246056554452	458.361907958984
-422.485023027352	649.100659224665	470.528747558594
-421.374875791367	647.423601702972	472.732513427734
-421.640614034998	649.391063165789	472.551666259766
-480.529939613987	604.475196603642	470.338287353516
-480.26701213979	605.733938863037	469.591461181641
-482.200112250038	605.201978702181	469.114868164062
-487.567339022975	610.529238532619	484.363922119141
-491.435678950692	607.82453440872	484.1630859375
-491.258634972565	608.404874385042	484.487762451172
-513.368729006055	591.642031971766	493.029144287109
-515.985522549465	592.156445136658	491.514709472656
-514.061271128899	590.189919821302	491.664855957031
-530.03715164608	555.629949918357	491.600555419922
-527.387001130944	557.297918703912	490.641967773438
-532.69028922822	554.758807987015	490.976318359375
-568.624182416935	524.766209243828	498.789978027344
-569.99156649265	524.933076894332	499.083648681641
-569.111687671807	524.29566574112	498.947723388672
-601.011429329452	505.332679608021	508.751708984375
-600.163339058597	506.563304895053	508.180969238281
-601.143229530153	506.840270151479	508.333312988281
-609.171164589167	510.998573563129	506.209350585938
-611.066625245942	510.889376221755	506.454467773438
-611.198836149402	510.085767682147	505.946899414062
-598.854931263936	460.386346176412	508.277770996094
-613.231448771423	456.077376853766	508.346099853516
-601.682038809905	458.62281646535	507.831268310547
-603.935943221967	454.549115737205	510.408538818359
-607.472141595327	451.425993507028	510.115112304688
-608.513744183391	450.546971258565	510.627960205078
-638.945162369704	424.493333967624	504.359771728516
-641.72651019935	422.802200769274	504.651000976562
-639.949385232014	424.224009838662	504.541595458984
-678.880391028167	407.75559901179	490.055908203125
-678.150156671569	408.944928016805	489.787475585938
-682.612075357777	407.337335781462	490.586212158203
-661.619633215154	366.552300663942	485.550201416016
-673.855496897427	358.201825503184	485.799163818359
-670.436335423684	360.067984313529	485.1064453125
-695.211320250078	339.498824680568	470.435638427734
-697.250042932959	337.96085655925	471.511260986328
-701.880901782312	336.754139550717	476.189727783203
-695.488410137691	318.029277596295	456.615264892578
-696.949348782229	314.418426976064	457.505889892578
-700.678215448218	311.980892835992	457.815216064453
-722.964376353989	280.266472346665	432.187957763672
-712.556926632876	284.740194386328	432.141754150391
-730.630739289343	283.167971439179	432.009185791016
-726.444017428861	254.30620672215	407.499938964844
-727.319891578378	254.190695767632	407.197601318359
-717.966702598278	261.509828003728	407.905181884766
-773.246457936699	223.654895865946	382.005859375
-773.525869860533	227.027888295239	382.317535400391
-773.738871975024	224.699456733308	382.239349365234
-756.265353317911	203.443697249837	347.742156982422
-755.229524938874	202.878685905547	348.089508056641
-755.880873861787	202.901388952218	347.333038330078
-763.548328551611	170.972595092441	318.500640869141
-761.757551763432	173.082079047126	318.546661376953
-761.891995683371	171.978305861894	318.304626464844
-750.700841103946	159.074392790251	268.595642089844
-749.323778905407	158.361709722144	268.105102539062
-749.42910514293	158.147023515898	268.617370605469
-776.8428854378	114.539625666937	226.589859008789
-774.992352177481	113.975839935126	227.422592163086
-774.152564358753	114.498026142923	227.814636230469
-792.020986442377	81.0344939659367	170.157348632812
-791.047497001965	79.4743772640778	170.616363525391
-794.223541904156	80.993542631431	171.184280395508
-761.57194844735	68.1865544272181	119.37230682373
-755.496198423391	63.6881482959753	119.588653564453
-759.837903627506	67.3969217863564	120.344802856445
-765.716063203793	39.3967880255736	59.1654052734375
-763.483985967043	38.2966798147446	60.4695892333984
-767.583819359021	38.9703252694322	59.9446220397949
-778.782634783202	1.78849248414093	-4.49659299850464
-786.038666819778	-10.9306472632802	3.35252141952515
-763.953252843858	-9.25434148653594	-11.1930418014526
-803.933731722216	-8.54254890900583	2.91128587722778
-767.208564421162	1.81214454948295	-11.448842048645
-793.290272176927	-10.2436803727234	-1.0614447593689
-825.34680345642	-36.7740129972702	-258.361572265625
-808.042601694004	-13.4379124878059	72.1202011108398
-735.72424879776	-8.76831761072089	226.23762512207
-692.820407448007	-56.3310407542497	-387.318572998047
-688.530965662043	-69.9709785733456	-171.835357666016
-731.470227159953	-80.1920257449535	-6.24738502502441
-749.410799676463	-115.684020992294	-407.933837890625
-806.504449582935	-114.162935770805	-504.577178955078
-830.529889618771	-99.5766258280566	-390.779296875
-796.602900868906	-110.927564686423	-229.056106567383
-800.117463366897	-137.887027391675	-186.138442993164
-749.533399276646	-113.895344663478	-199.011932373047
-753.410084862928	-154.424581744558	-258.284332275391
-777.539582387673	-135.906009545325	-246.566131591797
-759.747533915289	-134.26413585274	-258.933410644531
-767.179476731081	-134.77213665588	-260.113677978516
-767.154174295398	-134.707286943377	-259.92431640625
-761.563960309987	-185.752384829837	-303.424224853516
-761.222475927159	-186.805015679043	-303.829040527344
-766.62166636133	-183.259332512227	-303.430297851562
-738.304595297948	-204.902877001917	-344.777526855469
-736.953114803531	-205.738209574752	-344.006958007812
-737.078568941206	-204.674159234301	-343.889190673828
-733.652321458782	-242.043565892551	-379.712646484375
-731.261705555441	-238.959843339412	-379.413299560547
-730.53169003621	-238.202149543462	-379.945587158203
-746.788372405875	-261.174509007327	-408.100952148438
-746.716421197477	-260.931574659994	-408.246643066406
-746.520424335449	-260.685391645023	-409.032012939453
-719.41744632543	-303.953609479547	-431.586669921875
-726.545501170928	-301.067475677406	-431.682891845703
-722.497970518292	-302.949021964611	-429.860626220703
-701.101141773563	-320.354351471001	-452.575012207031
-701.707743489746	-319.831589527359	-452.690521240234
-701.72869719852	-320.208623319363	-453.059265136719
-686.588283765201	-349.26858011667	-473.660827636719
-688.63804273552	-348.937952076618	-475.151794433594
-686.796690728554	-349.282723296643	-473.574066162109
-694.879300196482	-370.506330994711	-482.84814453125
-693.019082240827	-369.44145786783	-483.895568847656
-694.96480644248	-369.91382671865	-483.970642089844
-654.783645870359	-397.924568632134	-501.741516113281
-654.184596540886	-398.442029015078	-501.1171875
-656.480420589937	-394.432134552532	-500.967498779297
-670.933883577566	-417.389757049118	-504.586853027344
-671.441848678259	-417.584891658061	-504.751037597656
-670.552326506462	-414.650026051963	-504.482360839844
-653.831812682927	-444.817326216658	-502.654846191406
-652.563241654091	-445.926660885582	-502.266876220703
-653.1587811215	-445.887712295033	-502.588012695312
-628.177253455754	-466.077650922515	-515.044189453125
-627.379823201481	-466.224585782542	-514.747314453125
-626.592439839618	-465.632268943385	-514.046020507812
-596.229757016805	-489.511691164036	-509.257629394531
-596.090663354623	-487.167928402477	-505.352783203125
-596.712036837458	-487.116648423134	-505.877349853516
-575.021364302103	-512.22438540401	-499.25732421875
-577.031115519543	-512.164560295153	-499.659454345703
-575.170194255913	-512.546425247798	-499.883331298828
-552.158170314002	-544.02802622417	-498.999755859375
-554.746880848116	-549.128517189449	-498.546234130859
-555.582458256036	-549.451632645398	-498.357757568359
-548.654163356526	-556.479698685805	-500.092407226562
-549.040102608222	-556.922865791216	-500.455963134766
-548.208867756184	-556.988495999908	-501.413208007812
-509.077555221015	-595.445905031018	-497.337432861328
-507.146915940438	-591.580881065266	-497.710540771484
-508.926132562459	-595.075820524965	-497.82861328125
-506.84376036194	-584.772995572278	-492.842010498047
-507.609968038515	-585.335584961901	-493.385711669922
-506.362114466611	-586.19752388527	-494.307678222656
-469.231413747243	-609.215590128229	-478.617614746094
-469.556113343433	-608.460633894848	-479.067718505859
-469.885982739242	-608.801182984588	-478.918487548828
-466.971368350284	-636.185607676509	-475.466278076172
-466.63651088605	-638.370674176853	-475.707000732422
-466.677017623331	-638.216615196376	-472.054504394531
-422.931838949218	-638.813637970478	-470.9931640625
-421.519224043994	-639.25542716027	-470.755584716797
-422.865739692151	-639.413025457611	-470.539367675781
-405.590235187447	-657.424061206515	-459.765380859375
-405.722122505309	-657.153793315302	-460.006866455078
-404.156365772388	-659.027089219207	-459.891662597656
-384.056642180808	-671.776899268022	-448.943939208984
-383.831015109305	-672.130341245566	-448.869232177734
-384.150731866261	-670.761790869296	-448.471130371094
-324.174062039484	-707.179183756068	-437.066497802734
-326.15822521064	-705.2589639123	-437.534423828125
-326.837879684189	-703.475627550088	-437.778106689453
-333.919191574268	-684.875923735986	-429.281005859375
-330.363002273792	-684.951058847224	-429.090026855469
-333.978612672096	-684.099538394998	-428.518859863281
-294.541204983672	-735.799077365704	-413.487396240234
-295.733537166312	-734.874923601352	-413.958404541016
-292.89747446409	-738.907849227182	-413.523132324219
-282.530746258858	-716.693205654166	-409.582092285156
-281.548392121957	-714.730889642653	-410.092834472656
-283.221587831265	-718.05914714766	-410.977264404297
-212.433716455657	-760.831291986476	-397.16015625
-212.295538001413	-759.44757253315	-397.194030761719
-211.321293684945	-756.55803152369	-397.08251953125
-233.509321940638	-726.046799012579	-379.686676025391
-235.253406425047	-726.707675200172	-378.895538330078
-234.526848262347	-726.228776842002	-378.672332763672
-197.418738187595	-740.04900871824	-374.074890136719
-197.394170321848	-736.474247103109	-374.077239990234
-197.322594973904	-735.204359234514	-374.437377929688
-143.40702632613	-782.230118577111	-357.747711181641
-141.07765732787	-782.651313629141	-357.762084960938
-146.382034667771	-781.137426536753	-358.24072265625
-144.384317466257	-756.577453263957	-350.219024658203
-142.337151605026	-754.26109162586	-349.955841064453
-144.502642312033	-755.568604867289	-350.023193359375
-77.0815286123752	-791.550193866099	-328.855285644531
-71.08605652106	-789.991934789154	-329.403625488281
-76.1265930577276	-791.062194194092	-329.472320556641
-49.155284212053	-778.722294111323	-323.258270263672
-45.4015223896914	-780.201835538507	-323.895812988281
-50.5400697515873	-779.461283774531	-324.031768798828
-3.34580344259169	-776.865438402973	-310.731781005859
-4.31570525979544	-772.40343765555	-311.366973876953
-5.34276005063393	-774.2139378178	-311.497955322266
-31.5618395335948	-763.194903331213	-296.884948730469
-31.1160214215782	-761.969641698321	-296.953460693359
-30.4120702297034	-762.841167719371	-298.033294677734
20.7832146378145	-786.556767400641	-294.670715332031
18.8362951653546	-786.280031921185	-294.667358398438
22.7446340958286	-789.305976121169	-294.006225585938
-27.7853772812393	-787.531269453984	-302.683532714844
-24.9256361703256	-787.498066190455	-301.818786621094
-31.7306482471468	-790.728073665717	-302.190124511719
-0.67287822301418	-815.225126202491	-317.230651855469
-3.255932119763	-811.444886804969	-316.923706054688
-1.60673015813015	-818.047144393394	-317.035614013672
-41.1872216839704	-828.056245132141	-332.394378662109
-42.20419421781	-828.729387583197	-331.690734863281
-42.7631460111244	-827.941310571833	-332.424621582031
-108.515656059084	-817.441073781238	-338.939575195312
-110.657076320507	-815.3969050089	-338.968048095703
-103.808512345131	-820.617811632365	-339.1953125
-101.597825348606	-821.375457671249	-355.427307128906
-100.149856120085	-821.716309015741	-355.777740478516
-102.459410109698	-821.998618269732	-354.711944580078
-176.875734607375	-795.758664884701	-364.44873046875
-178.562695542647	-793.141719904049	-364.740753173828
-178.074986951408	-783.142502805157	-364.637268066406
-166.316057494964	-776.676146742147	-382.028411865234
-210.409092874757	-766.007631827589	-382.058197021484
-166.643084684046	-775.293317885201	-381.342559814453
-181.642174604735	-797.412441353031	-387.987670898438
-180.622564942074	-799.442681276313	-388.295989990234
-181.870399149173	-797.138237218972	-388.002288818359
-254.42975156948	-765.653909777062	-407.759429931641
-251.940487665755	-767.934686774592	-407.744689941406
-253.137082455259	-770.251388199275	-407.960327148438
-275.54937635595	-784.96454853713	-412.303009033203
-281.415679514333	-776.834976767782	-409.072052001953
-283.134070823724	-776.315192688694	-410.932495117188
-298.747549609495	-726.172119687811	-428.874633789062
-299.125445858324	-727.956720585194	-430.305694580078
-298.578054089505	-726.57711203771	-429.44189453125
-295.345975575846	-755.119248746354	-430.594818115234
-295.141437648653	-755.106058531501	-430.09326171875
-298.813807989769	-751.370433498583	-430.030670166016
-361.943893981427	-712.582884437526	-453.005645751953
-361.165390924475	-713.705524775537	-452.191833496094
-363.671855428342	-714.263348143253	-452.206359863281
-386.19225280946	-686.288838594596	-454.205688476562
-387.217872277434	-687.276726437865	-453.81201171875
-387.211175015845	-687.44590480798	-453.190582275391
-421.406238491697	-679.510601941423	-460.991607666016
-419.569713354323	-681.417727385879	-463.486846923828
-405.689588335708	-689.815795374403	-463.234497070312
-442.324272874365	-699.343667583445	-481.314025878906
-444.876586054158	-695.523117995438	-481.442749023438
-445.227830270603	-692.356035885349	-481.282867431641
-459.473626659158	-648.206175266945	-479.408111572266
-467.838309714688	-648.306774215145	-478.820190429688
-469.695960415966	-649.746681556872	-478.235900878906
-484.237012028591	-656.372625403221	-493.221282958984
-484.833180035158	-653.8918666376	-492.874267578125
-485.76474810352	-651.144611612403	-492.283660888672
-499.197945776007	-621.39451253357	-504.72119140625
-502.815527439331	-618.13215558717	-505.184295654297
-500.647177353832	-619.959310190433	-504.157562255859
-509.069969103228	-608.501060710433	-502.493682861328
-509.55113924538	-607.844901350232	-502.112976074219
-505.637205307163	-621.6653169314	-502.352325439453
-562.448086123423	-588.061305160085	-517.718505859375
-562.76842542117	-588.323863277704	-517.013488769531
-563.710107018975	-586.080520033244	-514.828796386719
-581.798476764477	-579.558713892804	-515.179992675781
-582.04608921067	-579.10966952498	-515.723327636719
-582.242768047387	-578.054069146974	-515.847534179688
-576.770537972217	-558.574470226607	-523.591003417969
-578.934764909244	-560.418319582968	-526.005004882812
-579.394961069512	-564.299442688633	-525.390441894531
-598.262297662052	-527.038750096523	-531.56396484375
-598.632086371566	-526.385466595277	-532.28076171875
-598.736087003575	-526.309000522048	-531.861267089844
-634.356833530029	-506.874232240781	-534.193542480469
-634.806065506943	-506.283952917707	-534.268493652344
-634.536506054955	-506.39178425008	-534.004699707031
-658.921666589988	-487.265307425415	-529.702453613281
-659.448178005373	-487.311107881892	-529.547912597656
-660.118285607352	-487.756827586153	-530.21533203125
-679.809949531495	-455.77371865932	-534.958068847656
-679.407617187232	-456.640307103082	-535.417053222656
-679.574842123653	-457.789699082086	-532.01025390625
-696.405569131586	-428.21691347617	-528.974487304688
-695.817135349539	-430.265648689943	-528.931518554688
-696.261196577868	-430.268114493344	-529.372497558594
-685.463232463889	-412.748758591561	-511.126129150391
-686.48075755765	-412.116956832783	-510.821166992188
-685.694801295147	-412.701526821475	-510.774780273438
-699.318687623724	-394.145110812056	-505.001556396484
-699.939435559217	-393.045558328891	-505.587127685547
-699.249973246711	-391.917350890814	-506.043395996094
-721.396167026292	-347.572706675371	-495.383483886719
-725.322005007592	-345.758212840671	-495.052368164062
-728.11323936912	-343.921984709465	-494.99609375
-754.60750965821	-322.187740000208	-481.283111572266
-752.668111123849	-321.913973862681	-482.566650390625
-753.846898795058	-327.458435694325	-480.837677001953
-744.392645147807	-300.029907696888	-454.801818847656
-743.08064317038	-303.194524895064	-453.437530517578
-744.237831384101	-300.97710947208	-452.726715087891
-768.997485538918	-276.429833545645	-432.134552001953
-770.608037089657	-274.469927953883	-430.805328369141
-769.997943261625	-274.571527899196	-430.118255615234
-780.535015248507	-249.864787495724	-404.090667724609
-777.255333991979	-254.236204154361	-404.675201416016
-777.496205608951	-252.727209602969	-404.978363037109
-787.244570774159	-232.848361353063	-372.548400878906
-785.149659923067	-233.080003273112	-372.65283203125
-784.990678673081	-232.661023240559	-372.128570556641
-798.885715274978	-191.603159369734	-332.194213867188
-799.239251811933	-189.581790892749	-331.889129638672
-800.589421092307	-188.766606993836	-331.859558105469
-775.000601878363	-160.004533477381	-285.766265869141
-772.701572782717	-157.98899671758	-287.210662841797
-776.011961113405	-158.162987834936	-287.458923339844
-814.150627349693	-128.879294175129	-240.824203491211
-813.47848663536	-129.516612412624	-240.827789306641
-780.20240037888	-125.882453154542	-233.844970703125
-779.726788992115	-123.451078316836	-234.426376342773
-779.774099461289	-120.954217037901	-234.577835083008
-796.235706961888	-91.6376769987523	-190.522399902344
-794.13272595218	-91.7788463988832	-190.238815307617
-791.543598371622	-92.3705744473345	-191.183883666992
-785.164802442761	-71.3019435190562	-134.60774230957
-785.335645052884	-69.1751308718106	-134.937255859375
-788.024644930062	-69.5489718314988	-134.372222900391
-810.842352191582	-57.921858026252	-73.0421676635742
-813.801162331164	-58.5025499747966	-71.5439147949219
-811.999069273107	-58.0737955284739	-71.998664855957
-850.63723979822	-11.2082897366263	-22.8373374938965
-794.99659328553	-11.0950736659436	-47.7821350097656
-835.062805146753	-3.82142508547906	-40.6200790405273
-812.944086803327	23.5043193101063	13.871919631958
-762.14529073704	19.7638288863657	7.12259769439697
-810.472404393071	17.6536165290008	5.29572916030884
-901.823367166781	36.5441530001808	222.766036987305
-907.0139497172	55.8346037718212	-25.4149036407471
-876.414038134264	70.7558741474153	-166.653701782227
-848.934678078007	93.1975288156486	143.727020263672
-789.69282363464	106.406915188501	366.435150146484
-784.6340233353	78.390193205463	144.073196411133
-785.375331743898	78.8272280533781	142.991592407227
-784.32977437346	76.2394115494845	143.663421630859
-778.331964501199	107.274652927691	201.849090576172
-779.76501071826	108.695620841623	202.375244140625
-779.137355756584	108.025542636769	203.240386962891
-806.925311100474	143.012686848814	248.591156005859
-802.904073585325	142.589193600324	248.013900756836
-793.449097047567	143.325575811411	250.133331298828
-820.720058342025	165.496809420929	293.584075927734
-820.867306784492	163.694998525278	293.422119140625
-822.587375888937	157.210926190057	293.13427734375
-774.197165460562	200.043930841464	341.96484375
-772.758947477588	199.079135124826	342.343627929688
-777.196327704945	198.579465065571	341.504180908203
-766.552849528543	230.690968431951	376.211944580078
-758.513126454743	235.532507738047	376.621856689453
-764.490815938709	232.913702390151	377.402801513672
-791.221556542571	236.463872640597	406.719024658203
-789.024892867031	236.85848833961	406.853576660156
-753.022496822254	258.18412104266	406.979919433594
-750.786005323667	259.112321392331	406.365753173828
-753.631833076159	256.843424712332	406.347229003906
-751.07118656627	268.125868637284	434.997497558594
-746.721355324058	267.627245986552	434.567047119141
-751.634924941203	268.70131486444	435.194122314453
-773.703537416442	293.550000464331	457.816802978516
-769.019439614448	295.108629915229	456.483337402344
-770.296649463877	295.128414589298	455.519073486328
-758.274710525619	325.21776219044	473.936462402344
-756.804749696853	318.009868415705	473.648559570312
-758.488581507667	318.485137482655	473.750244140625
-711.390874063905	366.033556865828	496.746887207031
-709.297307790323	367.109273380867	496.464080810547
-709.319925511957	367.767885588469	496.597686767578
-726.343452923358	379.737884338172	498.697204589844
-724.939642554684	380.134911535969	498.997619628906
-725.402548257799	380.348091469572	498.456970214844
-680.17537288913	418.548645507755	518.152282714844
-677.34947657979	419.720897942698	519.201049804688
-678.91850980562	420.057554066667	518.805236816406
-657.606883809187	428.75654463796	517.580932617188
-662.567157279279	425.394951059624	518.2548828125
-662.754391023914	425.120315169344	517.857177734375
-677.257766624037	455.419034263492	516.9716796875
-679.183882640715	455.295767714473	516.693420410156
-633.355669780458	476.303257224533	518.149108886719
-632.167374221876	473.924084041954	517.351257324219
-632.307474108533	476.736890179096	518.114929199219
-628.749634930331	489.8398228037	517.298828125
-627.331589903135	491.202407744809	517.1748046875
-629.25175736833	487.801353525155	517.537353515625
-602.413095510198	516.907176917059	516.348510742188
-601.351042490038	517.54988108409	519.302368164062
-603.056461659131	516.692498177916	519.001098632812
-589.29039621277	545.22528342565	514.204956054688
-589.918897032203	544.926251920882	514.025268554688
-590.594950035288	545.863199732526	514.041015625
-606.639332196919	567.42139812164	510.646850585938
-605.683304931455	568.358694946935	510.716644287109
-606.254405460512	566.753897614786	506.140563964844
-543.496492658116	585.447275957411	507.081726074219
-544.709525825092	586.909634142605	507.102783203125
-550.020959862336	586.6781088731	502.398071289062
-553.160619597309	603.641232941948	503.475830078125
-553.367576397529	604.41071381826	503.00830078125
-550.684505662966	605.722869879223	502.695709228516
-507.004843899954	610.890825455752	506.374542236328
-498.280029659126	613.469693893531	503.381530761719
-502.605768895941	613.844287575739	503.009094238281
-495.868090619471	652.195513377769	491.176239013672
-499.808777532643	650.938474380277	490.701354980469
-496.24989135843	651.618612670951	490.770935058594
-482.457108111224	640.633307679175	483.069030761719
-483.467809354298	636.075425191912	483.229614257812
-483.730255688603	637.75451417106	483.210144042969
-467.300360023589	655.8591895893	480.070281982422
-465.179136921351	656.216568010367	479.808441162109
-470.049480953214	654.411402340616	480.847015380859
-409.230951471793	694.219748553722	467.354400634766
-409.771539004378	689.009093755094	466.155426025391
-410.06612756244	688.034269312357	466.243347167969
-414.708026472544	682.675475306922	453.632873535156
-411.323870324959	684.148554555853	453.384124755859
-421.835972161139	682.272660910439	453.902038574219
-357.545072785845	715.503804118773	453.960357666016
-356.991342674691	724.705538391947	451.402587890625
-353.077701028696	713.083463031404	451.283020019531
-353.702937771251	711.873993030015	434.298309326172
-348.957938933328	713.004975719826	434.132415771484
-351.374989769244	711.263659349992	433.581909179688
-341.906368509283	736.296624576805	430.465759277344
-343.090126859441	737.616936931487	429.4521484375
-342.867790680852	738.460391958104	429.594146728516
-276.54745598208	758.233732692723	416.475402832031
-279.087183330038	755.463232705297	416.859771728516
-277.624322692843	750.286925644639	417.582061767578
-263.32464401279	752.811159039	403.871887207031
-267.062467367118	752.696087070535	403.214599609375
-262.032471293386	752.337942808175	400.914764404297
-244.661546926597	780.707925980246	394.570953369141
-245.281093783875	780.273516021221	394.558166503906
-246.24790986514	781.275792865694	394.511840820312
-181.127243082509	778.925332766938	379.165954589844
-183.84368321033	778.823795238998	381.70361328125
-181.847411189695	778.037649342189	381.456176757812
-154.15018289199	787.278957457584	372.100341796875
-155.070942131313	785.281682461714	371.385101318359
-155.944987678172	784.711272159267	370.923583984375
-153.942304187161	784.512429341463	357.450256347656
-153.831031428354	785.729913906922	357.013977050781
-152.870424279742	784.246446814273	356.997528076172
-129.308414632307	811.255638823632	347.175689697266
-129.53078414089	809.857580149152	347.094421386719
-128.325967368222	810.396980027984	346.759735107422
-80.4411301837805	806.252976685311	331.791198730469
-76.6355311660419	802.103197278518	331.689300537109
-75.1399590009697	797.345776291481	331.848297119141
-63.7653170010087	792.378824951703	322.088745117188
-61.4056493259448	790.402141863526	321.855560302734
-61.1483473189346	791.397330100237	322.031280517578
-30.4580251374167	790.667070668559	306.859130859375
-29.4484775823232	791.055773365346	307.015930175781
-30.3426265256114	790.845312284518	306.859558105469
-5.6466376344581	814.062718886324	295.226226806641
-6.41248404122837	815.323173176109	295.423889160156
-6.51636055855886	811.813100568913	294.188446044922
-7.18963418195699	799.032314620178	292.837341308594
-5.84384113497322	802.330075489817	293.124481201172
-5.61052794855794	804.193982373947	293.225250244141
5.91696534339022	844.981699921141	300.029693603516
4.97286602991713	844.937153459628	299.648406982422
6.61370885687148	844.570418749565	299.581817626953
-29.3030487734469	854.535202690718	314.712829589844
-29.0016357291148	853.90904919179	315.114776611328
-29.5748834242436	853.297151464832	314.601135253906
-56.4680255214395	841.197628859523	326.577423095703
-56.2409416349358	839.199350683796	325.858612060547
-57.0265714381231	840.837368121905	327.461547851562
-95.1131866918603	851.433211787914	341.265533447266
-94.3709499605507	849.010325872151	341.261871337891
-95.5508254874935	851.201484294023	341.180511474609
-117.644570778856	816.92360063964	352.716949462891
-117.693903313847	817.115314988343	352.821502685547
-117.401631675822	818.912256581753	352.445098876953
-130.054863186435	827.089304454905	365.475952148438
-127.761239512664	824.050245565626	366.009429931641
-125.811067418991	825.384879496178	366.1728515625
-186.619453717558	831.759546198147	378.453216552734
-187.911926551169	832.680533516556	377.968902587891
-186.243213159569	831.927105307558	377.876861572266
-197.555539997657	818.438490285504	384.394287109375
-201.526250207073	819.498886690528	383.908843994141
-200.44767601836	819.462491789892	383.710357666016
-246.255778717756	806.612889707924	403.652038574219
-245.919695721024	805.188440066714	403.522705078125
-244.907230902202	811.613636516254	403.70068359375
-248.596895303953	780.979545893319	410.781555175781
-253.196638324599	780.844661401233	410.975830078125
-250.272533598373	780.850728099921	410.806488037109
-295.505268365092	795.472207824257	424.145446777344
-295.690546364908	793.818309844181	424.595153808594
-294.650337308456	794.234730400313	424.571075439453
-314.695511945593	759.359187953674	431.199035644531
-323.251025289053	759.248088584572	432.053527832031
-325.629933424609	757.817917063401	432.714813232422
-372.094731484547	762.334664179364	451.75634765625
-370.540336693447	754.012801626664	451.651062011719
-371.582773298857	755.046439466309	451.126678466797
-355.38753757808	754.098179086766	455.582275390625
-352.316617967029	751.152009487153	455.495330810547
-354.15042441318	755.164241164302	454.829956054688
-409.932329435462	746.123968680328	465.451782226562
-410.783314167703	745.070692631788	466.052856445312
-411.255040002465	744.852946695065	468.865081787109
-409.521302526566	714.212467454473	470.598297119141
-412.540885617639	713.320614277265	470.301055908203
-408.147003813621	713.204588329352	469.973327636719
-457.396078218579	714.542293863908	492.22509765625
-459.626185145034	713.867713697549	491.822479248047
-459.217449800412	713.449904224955	489.066925048828
-477.856557667488	695.550680317534	488.643524169922
-480.512457350236	694.895389057157	488.764526367188
-478.920402802427	695.358246403216	488.159240722656
-486.714046297845	657.085895121782	499.313049316406
-486.070176073876	658.136302254489	502.669464111328
-485.660328687556	657.866590056646	502.438903808594
-533.478202879541	667.910656360196	511.882019042969
-531.862129959957	667.680907616127	512.208618164062
-531.610171882717	669.333168843957	511.803833007812
-531.779957898189	627.872393992378	506.180725097656
-522.462265141497	627.055341132367	507.246948242188
-524.515281078423	638.490768482663	507.729888916016
-588.447817013465	612.284534605123	523.779846191406
-587.281500698126	613.658042350173	523.926513671875
-589.552135868732	610.674115497835	523.794250488281
-609.940516286953	575.410001914794	529.622192382812
-609.284636986137	575.878075492449	528.791381835938
-608.904003171768	575.038695346457	526.922485351562
-610.136581732476	583.691709034142	526.493408203125
-616.97167534182	582.614462999607	526.134216308594
-616.11795129692	583.869024627478	526.551940917969
-625.907075548963	563.663244553315	532.093566894531
-623.094622615235	565.208534446421	531.7265625
-619.948535995249	565.479265560973	531.748168945312
-631.476660181807	522.000159799393	537.333129882812
-630.900223572959	521.266165266231	537.945190429688
-631.991563094682	520.810371237682	537.823547363281
-655.612538937327	492.034246643127	539.675415039062
-658.418787088574	490.418732187347	539.631103515625
-660.38166660215	489.098363272894	539.882690429688
-706.595217906233	463.764278792904	543.074157714844
-706.653121296011	464.923767724105	543.451904296875
-705.927593890119	465.70672072068	542.703369140625
-712.797822990371	446.97253099216	536.605651855469
-706.866423746697	445.074848441324	537.239929199219
-709.953063269073	444.783457021865	536.356811523438
-714.434117834549	424.448563006361	526.553283691406
-717.933544949935	422.672539157372	525.816345214844
-716.307643525713	421.971949090099	525.851928710938
-760.24777866123	403.563979910544	524.785949707031
-758.151336602095	403.94978354238	525.364501953125
-761.330486119443	403.242048970843	524.976379394531
-736.137127371886	372.024958465474	511.832336425781
-734.131816639298	374.265841075903	512.334289550781
-734.771831388961	373.239138550863	510.088653564453
-771.560182689053	360.390998857076	499.601104736328
-774.729975074336	359.345445561181	499.587829589844
-772.784306813759	360.808815323017	499.897735595703
-797.849584045306	317.227941702532	483.105407714844
-794.238196998525	323.192523764789	482.959228515625
-796.213404003032	321.326065011949	482.978240966797
-796.948407253975	284.288393745673	459.750091552734
-792.694381278646	285.527589378317	459.865447998047
-792.268897582152	287.558524421352	460.596130371094
-793.549082342952	258.662079502628	437.748779296875
-794.347561692574	257.928450472489	433.287963867188
-802.620690276651	262.45511020036	429.929473876953
-824.943380453126	228.028981400483	400.5888671875
-823.603828220729	225.690595613266	401.455200195312
-823.928896032671	225.249301576944	401.837524414062
-803.594891931698	201.164440896625	364.188018798828
-802.064295514864	201.103108790119	363.315093994141
-793.886262315197	204.72551564107	362.430847167969
-798.974523316405	189.143301799668	320.985137939453
-797.066749796493	186.916178278537	321.061065673828
-794.240342951838	179.580837914764	322.025939941406
-834.194308171661	136.512968853039	280.234344482422
-832.430674986794	135.666215665927	279.792053222656
-839.380704519216	136.079637819924	281.051696777344
-823.331297035972	129.288910650333	228.660522460938
-831.699850338822	129.120862574523	228.324905395508
-828.405616516587	129.202295755481	228.313781738281
-818.687871904197	100.008492659374	175.480819702148
-814.946028974453	99.9930807997474	175.414291381836
-814.630313134855	99.486478476682	175.009521484375
-814.438940504566	63.4576417938912	120.009574890137
-814.146783091852	65.1023591102345	121.043029785156
-813.733892849885	62.5210640847779	120.948120117188
-823.100578965954	39.786910607964	61.7190017700195
-823.145241229019	40.0026948336754	60.6278190612793
-821.211557999517	37.4996241360824	63.9910621643066
-859.416083664579	-5.11642011943422	96.4050674438477
-786.651026845608	-2.13836340755751	283.934204101562
-739.683447590985	-17.8662788684593	232.410736083984
-819.415274232013	-33.5383444642752	-463.119964599609
-773.549171825422	-50.60076814153	-163.617294311523
-773.06344582948	-83.9760988861703	129.306503295898
-852.487975045423	-62.4735719668068	-108.143630981445
-850.141441990966	-62.3371471912603	-106.699394226074
-845.704105917491	-61.8647371700843	-106.996215820312
-820.319903818016	-86.5675392434384	-161.998397827148
-819.814562800023	-85.3407235765455	-161.733261108398
-818.589644749204	-83.6061335182228	-161.981201171875
-814.815098877454	-115.740919319025	-220.031219482422
-818.289708810716	-116.329990115525	-218.745666503906
-818.477943941122	-118.726430488766	-218.626968383789
-835.422317467944	-164.693514920749	-273.59033203125
-838.06641459749	-161.286756345	-272.222869873047
-841.971842899997	-159.996955484113	-270.787841796875
-820.255100125877	-162.51606495619	-315.178497314453
-825.735172622119	-163.691005952879	-316.069854736328
-823.073027527783	-162.130252324003	-317.343231201172
-824.097588077878	-195.168360212414	-361.512298583984
-824.61774778033	-194.316341877467	-362.151794433594
-826.406506357006	-195.633664680723	-361.840545654297
-815.265446204341	-232.956797333926	-396.626770019531
-812.776682141403	-230.862463715393	-396.250122070312
-814.351536642327	-230.885071845634	-394.933380126953
-795.489178149455	-246.102133703695	-424.812103271484
-797.542656911465	-245.507232539352	-425.141143798828
-794.204822835174	-247.192630037687	-424.706451416016
-791.895477799695	-295.58960811262	-454.340911865234
-777.421045941528	-301.931208055604	-453.896697998047
-787.882617583673	-300.365172227445	-454.201416015625
-760.586488113912	-324.108903408121	-478.326477050781
-761.565334489422	-319.672199773997	-477.860748291016
-760.990634395052	-319.802718737808	-477.411865234375
-754.351077348045	-343.889537764858	-502.562103271484
-752.193850184081	-342.985246120896	-502.549652099609
-751.365005428757	-343.351150785038	-503.586578369141
-735.481900865052	-378.459567153288	-519.596557617188
-734.020655365389	-379.11873186507	-519.350158691406
-735.403137533625	-376.037543218087	-518.738586425781
-743.25639549305	-390.891892655593	-534.469177246094
-738.164225813307	-394.65745234199	-534.174926757812
-739.38393066599	-395.112132959716	-533.820556640625
-735.219944744979	-424.479447684691	-531.183959960938
-736.212223710425	-423.772380437292	-531.135620117188
-731.133133398269	-423.710535216189	-531.439636230469
-704.151003976386	-451.415112584152	-537.940490722656
-704.342641695124	-451.731401536149	-539.714477539062
-696.438018188124	-453.820951039413	-540.07373046875
-689.768527379981	-467.745765557114	-550.678283691406
-688.631894086755	-468.278556348109	-549.714294433594
-694.253536666056	-465.85731670959	-548.691711425781
-662.408273436	-505.298464276623	-549.107543945312
-663.457338684878	-505.800029639	-548.386474609375
-670.114677038378	-505.671604057006	-548.427917480469
-657.808508109051	-530.288830784978	-552.554443359375
-663.220165622112	-527.840433988715	-553.301635742188
-661.049374532175	-529.064876979428	-553.282897949219
-641.098665650129	-548.639876972174	-552.045593261719
-640.99623572828	-548.173824967739	-551.740783691406
-640.894664652071	-546.700523002355	-552.169189453125
-627.954299621748	-571.823659149978	-541.447448730469
-635.713285289563	-561.751484218973	-542.745971679688
-636.728201481793	-563.002941266492	-544.767700195312
-605.356173341596	-598.881414576211	-540.838439941406
-605.984918047269	-600.139485304778	-540.074157714844
-605.845149894016	-599.282215990505	-540.357666015625
-598.007014802428	-612.613666223832	-525.285583496094
-598.640461345489	-608.539566943999	-525.606628417969
-598.504124530644	-612.161345746552	-525.152648925781
-542.055304152711	-622.577473693771	-525.634521484375
-541.98671416832	-623.007017903149	-527.509643554688
-541.164330064148	-622.097500741943	-529.53857421875
-543.190962071458	-654.975003049796	-509.043182373047
-544.473838950012	-654.527366420138	-507.309020996094
-543.60406405352	-654.514268306667	-507.440948486328
-507.835144691535	-659.90467737549	-511.396575927734
-520.761792691018	-675.660539924927	-510.259216308594
-520.671121423342	-671.750417830708	-509.828704833984
-520.495355200325	-674.238631413604	-510.149261474609
-495.343891095039	-668.786267497327	-507.733032226562
-493.038894470079	-669.696859235065	-509.146881103516
-486.228066180591	-675.136001041101	-508.698181152344
-464.802988521022	-700.016137971976	-488.383575439453
-462.983591415099	-702.722121113031	-488.533081054688
-465.741647512151	-705.542297627454	-488.780487060547
-424.976226586954	-702.411923263049	-488.968780517578
-425.251825009985	-703.092857561955	-489.386596679688
-424.636634238197	-703.509249053665	-489.177001953125
-426.976859975442	-729.132042560469	-471.134582519531
-427.051282145419	-721.126851369396	-470.902404785156
-402.543643101392	-734.695046931328	-473.132843017578
-395.392556910455	-736.134663355798	-469.611907958984
-398.873929483802	-737.355473520485	-469.748809814453
-389.545244858274	-717.416916086418	-469.770812988281
-386.191038469606	-715.198658001235	-469.810455322266
-389.292543330307	-717.585722365921	-469.946716308594
-346.854883242427	-786.359006309302	-451.806701660156
-342.323705307807	-788.358219422888	-451.728454589844
-347.124347825509	-786.635904799961	-452.087341308594
-347.658500203303	-746.860042994439	-446.657104492188
-350.004034572973	-746.789810722712	-446.619720458984
-349.833654578291	-746.902245498756	-446.679931640625
-310.38642546436	-771.41831575016	-428.215759277344
-311.027754035633	-769.133509455856	-427.984832763672
-310.075034129849	-766.803831517716	-427.841156005859
-282.221228453178	-765.055754884238	-424.952606201172
-262.561415238974	-774.990983365186	-425.531097412109
-288.728354381958	-764.650131544682	-425.9873046875
-245.785114996789	-813.750238583061	-407.774291992188
-244.61561639564	-815.352883343822	-407.713256835938
-250.202129553979	-809.450246074981	-408.063232421875
-189.310212644375	-821.885820139705	-401.137023925781
-188.454174685199	-821.798893233942	-400.691711425781
-188.598076955534	-823.232106540966	-402.100433349609
-176.127137770017	-799.205535451283	-382.482391357422
-183.42586122254	-793.095276283129	-382.652404785156
-183.941886418699	-793.525203235881	-382.239440917969
-170.379888721557	-819.717238883476	-374.772369384766
-173.951535531226	-814.512734873861	-372.874755859375
-170.636483228779	-818.001087008265	-372.980407714844
-127.776993825774	-797.922355070869	-365.885528564453
-132.292387543953	-803.148203566755	-365.168914794922
-134.900573335794	-798.198807903335	-365.219024658203
-108.598127247369	-828.471363860075	-344.604461669922
-115.423683205906	-831.618736705721	-346.858581542969
-104.453430020533	-842.329379082704	-346.968780517578
-42.8278815016332	-856.872214302733	-339.703582763672
-41.708544461587	-857.093103228622	-339.757507324219
-42.7188267509234	-856.209771873985	-339.252899169922
7.31745753238584	-844.760960832279	-321.964721679688
6.17898846359313	-847.355291836626	-324.290557861328
-44.8404622070112	-819.160925868964	-324.672607421875
-22.9116009535656	-817.443087577245	-313.496124267578
-23.285529241341	-817.224302231083	-313.158508300781
-22.233084481999	-817.534392711804	-313.279632568359
19.985347926207	-853.409159110463	-313.208770751953
20.9890873572587	-853.51513049124	-313.241943359375
19.753584086252	-853.136762089763	-313.771026611328
11.4326961527005	-854.06022801743	-319.262268066406
16.3684752311906	-857.238510599945	-320.162048339844
10.8881926764511	-852.195257716876	-320.468902587891
-9.89616786850343	-884.8525382499	-331.189422607422
-9.47937350697032	-885.085874145146	-329.784423828125
-10.3608692284794	-883.860496781059	-329.019561767578
-62.2325868474204	-888.347488831913	-348.405395507812
-63.3029601445393	-886.058864136881	-347.563201904297
-61.292053781883	-888.515547341195	-347.322570800781
-73.3213255650571	-888.600457597273	-355.814514160156
-73.0001897439797	-887.198293657056	-355.827270507812
-73.0926821569259	-887.506973131952	-355.522552490234
-148.508249956833	-861.559023856129	-368.102752685547
-147.670645120982	-861.462928650809	-368.386291503906
-146.518640223058	-863.437517471232	-368.369476318359
-136.310299244199	-840.312887779635	-381.679077148438
-136.695971364422	-840.459908861512	-381.390625
-150.626741345799	-831.604930130767	-383.232116699219
-156.360707523202	-868.196913172569	-393.140686035156
-155.720444553137	-868.657138292621	-392.757141113281
-154.784505093785	-867.685219418608	-393.185516357422
-194.756414512083	-837.114620166277	-407.76708984375
-205.647162060867	-825.252643638943	-408.340484619141
-213.811001069306	-819.964658545738	-408.131469726562
-218.067239821224	-858.574568975724	-414.289398193359
-226.673077570683	-858.299560855052	-416.252136230469
-220.913815102936	-859.362485454522	-415.938690185547
-283.432688857097	-791.868519815443	-425.254364013672
-285.447513474401	-793.102546801521	-425.182159423828
-286.449360514965	-798.05911938664	-425.68798828125
-284.82397327234	-803.777872857372	-447.146728515625
-279.310178083057	-815.929963610374	-447.116851806641
-277.403759812246	-816.795442221128	-446.302581787109
-355.289365961808	-780.515286267359	-447.948333740234
-350.748134702551	-778.584751920489	-448.940155029297
-344.693739317074	-778.418568605989	-447.950500488281
-333.284111356147	-828.717190027968	-463.82958984375
-338.726119033146	-828.914380487941	-463.673767089844
-334.060310393707	-828.595558146445	-463.857635498047
-397.396881372817	-756.985130572361	-469.482818603516
-398.156754197624	-757.557706147202	-466.832824707031
-397.438029625783	-757.580516021989	-467.651702880859
-386.72965754157	-768.593400270616	-487.175628662109
-394.00998677771	-762.392352371057	-486.970092773438
-392.273423901788	-761.956121068494	-487.082397460938
-422.352331272015	-745.8618786945	-485.685272216797
-419.465108562687	-742.479837291361	-485.528259277344
-425.982308759288	-744.506728216374	-486.309478759766
-473.35651081906	-739.686117590982	-503.783569335938
-475.390493028744	-739.544260744097	-501.005767822266
-476.654687627117	-732.95777327835	-498.043029785156
-497.568346415289	-702.581454471481	-514.128479003906
-486.619547184619	-708.582303730573	-514.351257324219
-485.291612105056	-709.572425395271	-514.083984375
-524.016569970388	-708.451942742912	-510.135437011719
-522.414321726341	-710.807232009273	-510.096588134766
-521.922803628883	-709.986216407717	-510.07861328125
-536.723473564809	-688.149393771848	-535.260009765625
-535.844417192683	-688.468887664562	-533.065063476562
-536.472648752502	-684.089824291469	-533.118469238281
-537.783429446329	-666.21856466275	-531.174377441406
-539.308015789057	-666.254937157015	-531.806823730469
-539.014661969257	-665.379661695447	-530.268188476562
-600.334591717502	-653.307711353585	-532.286315917969
-600.564966747951	-655.196502318704	-532.266845703125
-600.326808786195	-653.072143890192	-532.936828613281
-606.634675487638	-644.24431914609	-550.901489257812
-603.687272305274	-647.952537658719	-551.056335449219
-604.124515291552	-646.455524985628	-551.863159179688
-637.639083760228	-608.124533404053	-552.817504882812
-639.174157243159	-606.546544628121	-552.994140625
-636.73948223934	-608.34345450887	-553.101013183594
-640.311498106956	-602.102896502489	-551.252624511719
-644.84968328071	-599.085998432063	-551.411071777344
-639.20883375137	-601.713525559529	-551.799255371094
-647.390843334346	-557.439857532594	-552.247436523438
-639.924609168116	-559.780737644516	-553.304382324219
-641.673383551539	-558.512102649912	-554.899719238281
-676.558591678547	-534.834692334963	-557.900756835938
-675.755126885419	-535.651137659667	-557.508056640625
-674.311389508654	-537.154124421976	-556.892517089844
-706.849421928133	-523.391249797681	-569.806579589844
-706.577676581226	-522.855654055799	-567.896240234375
-709.869016687779	-525.29593269914	-571.604736328125
-727.519774915019	-497.037098940012	-560.435302734375
-728.193265514529	-495.378566025102	-559.440979003906
-728.704333955055	-495.834073010698	-555.594604492188
-739.869216448163	-473.033951268546	-563.62890625
-740.724560302508	-474.273837310443	-562.956787109375
-741.079074964326	-474.80503154155	-562.34326171875
-749.90613194775	-440.019017138674	-563.431579589844
-749.698200627778	-441.45530856018	-563.193420410156
-744.740075087279	-444.255493741076	-563.045715332031
-781.994900086979	-419.138070397847	-549.321594238281
-783.19530978372	-417.847280082181	-548.916259765625
-781.60294818942	-413.103367358769	-549.406372070312
-782.200204420898	-387.780621156126	-532.165893554688
-779.853844847474	-383.238248734836	-532.083190917969
-780.717169468747	-383.428922747931	-533.263549804688
-782.128504562295	-375.91545884184	-529.576904296875
-780.772144817258	-376.620135277252	-528.973876953125
-781.003045521071	-376.782360656086	-529.6748046875
-786.854798676537	-350.358847704425	-503.764526367188
-787.637489955499	-351.53738880396	-502.984985351562
-795.341960072946	-352.242510525781	-503.906921386719
-806.102779027363	-312.397835971992	-473.889526367188
-805.878726044047	-312.50141180778	-473.500122070312
-806.679204254867	-307.778650915504	-474.279571533203
-830.979261048909	-275.273511252905	-458.844207763672
-830.569689382628	-274.476293990615	-458.680297851562
-830.058741142531	-273.084955369329	-459.407958984375
-821.502895248228	-260.605309818674	-428.417114257812
-820.56946781535	-263.890765990988	-428.956207275391
-819.418940453979	-262.608830618736	-428.202239990234
-830.518292582007	-230.167574707711	-388.461151123047
-832.049064086398	-230.011030332176	-387.6044921875
-830.080850236774	-230.473158424719	-386.535095214844
-857.127627700346	-195.751844054948	-349.999267578125
-856.271736719186	-200.162190440396	-349.021179199219
-853.513790463084	-195.850837263225	-348.635711669922
-850.688011512605	-181.383666771675	-304.321014404297
-848.035670814711	-178.803678143589	-306.354888916016
-843.591631096583	-174.711485602589	-306.931488037109
-837.532136144196	-132.668384883905	-255.989196777344
-840.138488551519	-134.363868399493	-255.861755371094
-842.948329999233	-132.90903050094	-257.319274902344
-870.887092669381	-120.78893296912	-208.45329284668
-869.696773271078	-118.844710434345	-207.047836303711
-875.287933544087	-115.984789159706	-204.370529174805
-874.376129624098	-94.8959036046861	-151.792892456055
-873.038177402559	-98.9298911479598	-154.199905395508
-888.504138083358	-98.6424969798038	-154.75700378418
-803.285152122875	-73.3684661465764	-500.710083007812
-867.194287440154	-88.1748483544432	-440.206481933594
-937.703417687225	-81.7318658380674	-126.663414001465
-965.604204747894	-95.5124179153092	217.052536010742
-1003.98298220764	-73.7271286888964	-169.385223388672
-973.11497413385	-35.3514261998775	-480.642730712891
-917.332766052296	-66.3376560579051	224.664505004883
-834.017609914443	-71.7504240902852	-143.549545288086
-858.459892266934	-49.2361973685111	-525.431518554688
-813.989598020759	-116.232536127466	220.945617675781
-838.848374298601	-79.7103861874516	213.644027709961
-817.201695858569	-102.822675974383	-89.3159332275391
-889.942514683296	-125.88181190255	-263.458282470703
-897.25565669767	-127.836793918594	-265.250671386719
-897.131164959808	-128.535513900547	-264.161468505859
-867.401737726991	-160.693057936847	-308.442932128906
-866.694929356694	-157.545698706901	-310.141662597656
-871.230395239647	-156.141433004897	-312.174255371094
-890.428122697818	-198.856799327285	-356.400268554688
-889.91569509628	-196.034628349781	-355.066101074219
-892.906799779799	-194.492846550948	-353.057220458984
-879.185376812891	-223.353894665717	-401.456695556641
-879.090343952505	-228.28567789107	-401.481719970703
-880.118007011148	-230.953162446994	-400.703643798828
-870.927415750999	-248.712394268526	-430.110870361328
-870.679002919499	-249.115558764774	-430.335388183594
-871.084824521566	-253.644690627268	-430.653900146484
-863.958870765826	-291.546629149859	-468.495971679688
-864.039936539437	-294.030983769403	-469.481475830078
-860.589309687497	-277.508812053919	-469.28271484375
-846.411034715507	-305.139235269031	-485.764038085938
-850.56942326302	-302.760003675123	-485.175201416016
-850.328857645496	-306.940246432922	-490.561706542969
-824.834029284615	-341.342087409065	-521.044799804688
-826.620454995121	-341.219989567315	-521.189331054688
-826.207317903078	-340.227866626714	-522.239685058594
-815.11278414239	-365.075081972784	-544.65771484375
-815.167571041549	-367.127918098418	-545.307189941406
-814.333412078906	-363.442913021412	-544.599365234375
-818.466170575442	-387.49291852381	-543.141479492188
-816.963299712432	-388.000879626838	-544.203918457031
-818.4215436135	-389.002310401287	-544.682800292969
-811.559541476224	-426.984033025743	-562.500244140625
-810.346387818282	-427.665354140393	-562.461547851562
-811.125923440598	-427.506343183009	-561.127685546875
-781.193711054443	-445.908847828411	-562.475708007812
-777.362796151649	-448.065978937352	-561.653259277344
-767.747791317348	-453.408917167628	-560.359558105469
-747.802371414698	-474.189072230603	-567.532409667969
-757.158447173494	-470.133711827655	-567.095153808594
-751.76366495166	-472.944790438655	-567.237731933594
-747.22587375523	-493.341271057934	-575.328125
-744.322251984943	-493.521974360134	-575.283447265625
-740.0093194335	-493.647247730297	-575.544006347656
-734.824068838293	-520.594869443376	-581.536437988281
-734.589085940891	-520.726083386091	-580.99169921875
-735.580667692864	-519.973404561534	-580.78515625
-728.955770586382	-551.433496397627	-588.784301757812
-725.6325883222	-551.371970754167	-589.442138671875
-725.659828683242	-550.312010221755	-589.801940917969
-712.279135256714	-560.172050796084	-586.559265136719
-713.776644135213	-562.357400542133	-581.302612304688
-711.372229547965	-569.70102728456	-582.002075195312
-693.190234574446	-590.883536871135	-573.275268554688
-689.979568677048	-592.999937269778	-572.663757324219
-691.279758240739	-593.285523995422	-573.4482421875
-651.577777495729	-604.950471161832	-564.09423828125
-652.710617432269	-605.504796038038	-564.736694335938
-652.104705789535	-604.073769718664	-564.172607421875
-663.781836095388	-624.139297531735	-556.76220703125
-663.62548410144	-625.699520323544	-556.481750488281
-662.606892062458	-631.955020309367	-556.979736328125
-598.083462092935	-646.691149238864	-570.106262207031
-600.796785445841	-645.316160011946	-569.657958984375
-600.213961726505	-645.210189910397	-566.554443359375
-608.937498046042	-681.644914840671	-558.560913085938
-608.485738152872	-678.740770343615	-558.317138671875
-609.133853506364	-679.849681748474	-557.845031738281
-576.39613713719	-680.199860908857	-542.2880859375
-574.322125963876	-680.023284555348	-542.195495605469
-584.286110441194	-676.722294187257	-542.241882324219
-545.083793792141	-692.335907850827	-544.255126953125
-539.612831236234	-697.474948372131	-542.931579589844
-540.778403119994	-697.865854436822	-544.938171386719
-540.075652008582	-739.982299135814	-524.648071289062
-530.28941201829	-754.895436070205	-524.384155273438
-539.600181967996	-743.979691009564	-524.877380371094
-488.267774357161	-729.244055291434	-529.025390625
-495.93701932535	-724.418731232384	-529.283996582031
-486.183174817772	-732.715021834723	-529.87060546875
-487.332280240373	-767.969099906503	-509.079833984375
-490.147632655696	-768.330072044546	-510.191223144531
-489.787065413272	-768.728022174417	-509.863739013672
-455.392545290774	-774.955676375314	-503.935699462891
-454.4394368976	-774.435425785124	-503.513977050781
-457.670278790536	-771.341139811561	-502.842407226562
-401.568447389591	-797.03690314298	-496.221740722656
-401.715220917759	-796.130867685192	-497.757110595703
-397.948587919701	-801.127340507674	-497.315795898438
-408.528041713963	-777.776467265703	-480.082153320312
-403.210628795452	-777.816795940515	-480.267639160156
-425.407658270649	-801.211207914447	-480.073852539062
-371.150147872127	-834.088275771354	-480.122711181641
-364.199742860859	-841.304569336589	-479.230743408203
-365.935545297316	-839.097233414342	-479.390930175781
-351.922145221867	-830.84305830407	-462.225006103516
-350.694720757633	-837.026001477161	-462.031341552734
-353.263064140222	-824.428267722298	-460.839813232422
-287.570192719093	-854.376603643094	-446.646697998047
-285.393320516728	-857.266342659257	-447.014495849609
-284.020358663714	-857.955759908913	-446.697723388672
-318.720207406945	-828.818661032535	-446.128723144531
-318.771506902415	-829.449015343686	-446.171569824219
-318.539524425625	-831.74299979658	-446.570068359375
-270.782415251607	-852.617025488137	-428.088775634766
-272.735088540426	-856.19988950919	-428.07861328125
-269.942994549766	-853.703726031493	-428.487426757812
-253.782164967974	-846.07016143585	-422.431488037109
-256.325429307128	-849.984752900513	-422.690124511719
-256.108694628375	-853.478446940729	-422.205413818359
-185.679314038473	-899.458357630097	-405.810974121094
-193.589979971564	-896.514925908656	-405.363647460938
-201.98755612629	-892.256663098055	-404.708862304688
-143.73387014513	-890.791840296888	-395.9921875
-141.765898468875	-889.014741922307	-396.229400634766
-141.028186620225	-898.429490311664	-396.484100341797
-105.826089890545	-888.634944711987	-380.267822265625
-128.943690574007	-867.750330345946	-380.2666015625
-131.419450438353	-866.538043578288	-380.800537109375
-95.7471831520977	-875.164379405408	-372.349426269531
-110.367573524684	-864.95379131296	-372.607849121094
-110.485642845203	-866.739654997293	-373.683044433594
-91.7938187151968	-871.863973028327	-360.225921630859
-86.4514929135727	-871.690899481379	-360.294830322266
-94.6312756455383	-871.558050547668	-360.448791503906
-73.0263040550112	-888.332844733359	-343.015777587891
-74.5495451586932	-884.822521314297	-342.696655273438
-73.1590546022799	-888.002731128324	-342.831146240234
3.60091115838497	-912.565436722939	-335.254547119141
6.54249536854263	-911.995080706847	-335.828582763672
4.98032800654164	-912.093769517084	-335.980346679688
18.9077548602521	-922.526701709788	-325.690521240234
21.1717434484632	-920.31007297589	-326.078308105469
21.1434460493398	-917.021851003277	-326.540863037109
-30.3154136292831	-914.068196176035	-335.348907470703
-36.0517724653125	-914.257072684592	-335.497467041016
-36.5364120322241	-914.50147213432	-335.464935302734
-28.6136866113302	-914.974211647071	-346.583526611328
-31.2245023598659	-914.23213218621	-348.290130615234
-31.4506292925212	-913.104877388101	-346.457061767578
-39.3209975990096	-943.609801930316	-358.804901123047
-38.6517198313412	-943.580471341008	-358.808502197266
-38.8148648377135	-943.346692731602	-358.704315185547
-71.2045441017687	-927.47262715343	-376.09619140625
-65.8721255439622	-939.162335716309	-375.489990234375
-69.9484694258915	-926.609400362043	-375.364593505859
-99.6506616804984	-940.715099659713	-381.202209472656
-103.072092549796	-939.41764186539	-382.07568359375
-120.757520086144	-937.184132923149	-381.952453613281
-174.612592287755	-889.786909866561	-399.315216064453
-176.873192237145	-891.822543335661	-399.299346923828
-176.370230702853	-888.798237386081	-400.050384521484
-174.303036432442	-890.41519948942	-405.899444580078
-174.171762544097	-891.967663242321	-405.672698974609
-164.796397651019	-899.115544296401	-404.927276611328
-197.954333748713	-885.868443833472	-422.489532470703
-196.686994093495	-887.985886116498	-419.786468505859
-211.873032440991	-877.061701394393	-420.560699462891
-215.767054278322	-914.923772591882	-433.145263671875
-216.912252503689	-914.71200017845	-432.701293945312
-215.890676334259	-914.540066937704	-432.098815917969
-281.993942648201	-894.89284896835	-447.529144287109
-283.638343739084	-893.582240028658	-447.640747070312
-287.385498641309	-882.627486648723	-447.874633789062
-294.966971718654	-842.855930498511	-453.273315429688
-288.981207871253	-845.225480200599	-453.0693359375
-328.002432756724	-864.950471147809	-452.320465087891
-353.363491361198	-843.682271488086	-471.074890136719
-354.027409804761	-849.506790230886	-471.039184570312
-356.536459243108	-849.430645318763	-470.303588867188
-340.025118428622	-850.236100979716	-473.653594970703
-336.359763971177	-857.624924524554	-473.946929931641
-335.726836053855	-859.674735145852	-473.813629150391
-389.687648909555	-859.870316108891	-495.029663085938
-393.975065026571	-855.761183194331	-494.731597900391
-390.889686584945	-857.584882523949	-494.560821533203
-431.361010973826	-804.853361756655	-494.0185546875
-430.252344338415	-813.432713814532	-494.193908691406
-432.267258588084	-810.866097207332	-494.572723388672
-456.390887410871	-808.509699491011	-515.177185058594
-457.424426854499	-804.722327237564	-514.144958496094
-457.593328945806	-805.727388927278	-513.789916992188
-436.898604873448	-813.077417204021	-509.626159667969
-432.697964615197	-821.142566331018	-513.124938964844
-433.099562562564	-825.324058942885	-512.983825683594
-510.009212189899	-769.31789121495	-534.973937988281
-511.11355976689	-771.469376697538	-535.289428710938
-509.450235614816	-772.127411685757	-528.093078613281
-496.018509927616	-782.771475570608	-543.074951171875
-497.511608415667	-780.951286351334	-544.1875
-497.847371046181	-779.6865925934	-543.620300292969
-520.619399526243	-763.48280540805	-536.188659667969
-516.011815287617	-786.883318692075	-536.611999511719
-517.396436525157	-767.288215935477	-536.33935546875
-580.470655325343	-741.537597782373	-558.1826171875
-577.381041456958	-743.557322342116	-557.888854980469
-577.943261183951	-743.052657157829	-557.984008789062
-556.327337057332	-737.990028230819	-566.991088867188
-557.154982804327	-739.213348265098	-566.356872558594
-564.452194617064	-745.399516059325	-567.241027832031
-630.52951570716	-682.414239894533	-560.409851074219
-629.201705765054	-681.473988150977	-560.000732421875
-631.454322088117	-679.923632851176	-560.034118652344
-624.951821687857	-665.671071051391	-584.315002441406
-631.99233603965	-663.245475215215	-582.795349121094
-629.666603408272	-663.055333235924	-582.21533203125
-675.507703810729	-654.848759293419	-584.527954101562
-662.377584332965	-668.216954091808	-584.64306640625
-665.297594485281	-665.935252181621	-586.094360351562
-673.091129441529	-658.753712146511	-572.440307617188
-677.968867472129	-656.277568806746	-576.687927246094
-676.164555106174	-658.30463653493	-573.296813964844
-688.105194196838	-613.144920847778	-580.821594238281
-687.928550343662	-613.562534157346	-581.626037597656
-688.905892387162	-613.382228692297	-581.591369628906
-713.206429150358	-600.760248884315	-604.715881347656
-714.213905978896	-600.701503084396	-604.567016601562
-713.02887479123	-601.323934344475	-603.58349609375
-718.070437139317	-579.079436798815	-608.727416992188
-715.694653851924	-579.66146914045	-608.689575195312
-718.225418266247	-579.252820087552	-609.254272460938
-736.001071556432	-551.536491940532	-611.426147460938
-734.522068038762	-550.740834581395	-609.344787597656
-735.29484411049	-551.767402795437	-609.78125
-747.697055059404	-525.550307562592	-608.491149902344
-747.559106438189	-525.900775143405	-608.876770019531
-747.767797860873	-526.320294215036	-608.158508300781
-806.42540976727	-496.202086453084	-605.373046875
-807.246407938234	-499.098079612024	-605.227355957031
-807.448997358663	-496.673779258041	-606.317260742188
-792.058600504532	-467.795805720436	-599.913513183594
-789.926596058295	-466.814436327271	-598.626037597656
-790.905922424009	-468.108045469071	-598.097900390625
-821.820301332592	-443.151448107633	-573.656066894531
-822.719976126936	-443.848308303776	-576.883605957031
-821.67652108289	-445.648252064814	-576.561889648438
-829.380706775623	-427.567025124964	-584.268127441406
-829.336461718267	-426.813773425059	-584.545776367188
-831.07519328385	-427.161897672581	-585.017272949219
-837.047115583626	-393.014487754571	-559.909973144531
-836.72578110422	-392.286252173063	-560.076843261719
-836.959436508285	-395.096194839793	-560.854309082031
-857.193750515694	-365.102260189606	-554.935852050781
-859.309337873983	-361.064622127354	-555.486633300781
-856.297276690896	-366.351279149902	-556.689697265625
-853.06966275313	-342.096311663368	-532.958068847656
-853.53356937178	-341.23328120367	-534.217895507812
-853.225388718142	-340.790590547926	-533.795104980469
-882.223015388699	-302.348485465747	-507.752563476562
-881.183623964678	-301.991929241348	-506.588500976562
-886.68411613013	-316.917875757865	-497.78369140625
-887.584716186947	-315.705359076621	-498.247894287109
-890.609103629077	-310.216944431515	-498.064849853516
-892.01108527312	-271.933360992147	-473.429840087891
-890.986716168659	-272.257042663765	-473.346160888672
-889.639402469215	-271.49044685125	-473.874847412109
-887.667740198809	-270.074427198636	-441.997131347656
-893.941218828236	-271.73098168629	-440.945709228516
-895.29861048785	-269.911873255497	-440.435638427734
-912.284811656278	-226.894628402955	-406.804840087891
-909.58258776581	-225.945489201127	-406.122833251953
-910.112831053211	-224.985744306016	-405.837554931641
-906.589755272408	-185.327732350694	-353.448638916016
-899.04136689483	-186.388352738448	-355.095031738281
-904.442127644377	-183.757294504892	-356.515899658203
-923.900327323959	-168.501356413705	-320.982666015625
-921.222917668085	-169.380501357154	-320.981323242188
-919.816892129174	-169.201732166731	-318.540435791016
-928.470864664241	-131.14768124184	-264.662994384766
-928.117481005556	-131.24827184264	-264.882751464844
-926.396487981087	-133.814346943093	-266.277709960938
-915.417869042399	-100.263657706399	-204.907531738281
-914.045016998381	-101.194565346287	-205.327209472656
-911.390735105994	-101.389309195992	-206.419143676758
-915.037887278258	-80.7448444036917	-148.704940795898
-918.270974490514	-87.8703905785073	-160.840835571289
-916.607572778908	-82.0603590372996	-147.547927856445
-1041.52948015771	-85.1772923358358	-231.81608581543
-1067.16680459345	-54.7350754390245	-594.392639160156
-951.657005126484	-25.5207823276592	-464.551849365234
-834.745473469853	-102.046056628543	-648.045227050781
-952.007040172507	-135.307266501985	-214.186370849609
-1051.88804633431	-119.526312625413	195.950164794922
-951.451404946345	-140.269176592585	-259.949859619141
-955.829625944494	-136.072335883299	-260.467041015625
-956.094980518564	-135.444105244787	-261.194976806641
-943.635346420949	-174.234609410687	-310.781188964844
-940.698875571891	-171.867069197706	-310.934783935547
-939.080415844426	-170.546553127844	-310.16943359375
-947.190070941265	-202.611717827617	-359.039123535156
-945.454195704754	-199.736204201052	-359.625793457031
-944.001188099951	-201.937279352656	-358.758575439453
-939.224928945004	-232.829676244335	-395.975402832031
-939.371771652165	-226.318121038134	-396.779632568359
-940.0858358713	-228.040917317308	-397.848602294922
-934.063085297627	-243.404160331326	-435.23974609375
-934.889910094519	-236.156248877842	-433.595642089844
-935.546827565139	-240.32216980268	-432.025787353516
-923.360975341392	-272.877251538843	-474.065368652344
-926.440285798615	-275.218144132999	-474.384338378906
-925.581047871369	-275.715811779621	-474.195220947266
-908.695102100836	-305.0566781552	-508.240783691406
-908.63367796945	-303.412106953681	-508.369476318359
-907.597760037558	-307.001042581592	-508.279754638672
-907.969789304513	-326.815332921399	-520.953491210938
-908.164071852771	-324.252240331119	-519.903442382812
-909.03072777619	-323.143773220147	-519.364624023438
-892.594838773624	-349.358995920079	-556.595275878906
-892.346228437278	-348.775241047168	-556.610961914062
-899.058703996825	-354.175222996116	-558.883911132812
-880.552131597697	-379.879758954662	-573.039367675781
-881.10147706591	-376.46469990726	-572.984130859375
-881.594130986088	-377.897829061053	-573.876281738281
-872.895659064385	-419.891411566932	-576.323303222656
-873.527642902144	-420.2655957418	-574.197265625
-871.470751937749	-416.873773637793	-573.016235351562
-854.472591066631	-435.294844303756	-592.630676269531
-851.81595818906	-438.448468824608	-589.915771484375
-847.578372228444	-442.467984856236	-590.234924316406
-851.754918275033	-453.064852053525	-611.347595214844
-854.420162555882	-455.965642958781	-611.766967773438
-853.768139136137	-455.712687344241	-610.465393066406
-827.698777617327	-495.360143926256	-597.237854003906
-833.423917151211	-492.988405815471	-598.798095703125
-833.719261797447	-493.143617552498	-600.021667480469
-819.083614642793	-527.002922848698	-620.681457519531
-826.936559127803	-515.707502102404	-622.502319335938
-823.849287729806	-521.542880821747	-619.809692382812
-805.010896352125	-554.394551669144	-617.484130859375
-803.003078240011	-556.184241820897	-619.234191894531
-809.812885292563	-553.229313979684	-621.66650390625
-783.290299371561	-574.505754716013	-617.614074707031
-782.708443242077	-574.771966951459	-619.984375
-784.132350162575	-572.667594583462	-619.520690917969
-733.913235868702	-592.670073660368	-618.112426757812
-737.356667161173	-595.729663362039	-612.970397949219
-735.813780950786	-594.378036832246	-612.652404785156
-748.069574772839	-623.990154486363	-608.764770507812
-749.345794420252	-623.343622986223	-609.519348144531
-751.285399439873	-621.513717646341	-607.98828125
-735.765813422856	-645.941827185496	-597.643188476562
-736.652254760876	-649.125837302536	-595.898864746094
-734.093034672288	-647.827081282101	-596.85205078125
-703.219200429183	-662.653881294621	-612.755493164062
-702.02288592592	-664.282414021367	-612.662963867188
-702.697358239309	-662.571355047997	-612.488708496094
-692.068704095475	-680.799251633996	-590.537048339844
-691.974843793262	-680.661352588831	-591.179321289062
-695.510915802617	-676.778793391689	-594.149597167969
-649.507711426288	-690.439144354231	-601.570434570312
-652.483564827691	-690.604487404946	-600.955383300781
-647.961235538648	-691.528478282885	-601.352416992188
-628.265459743462	-711.041903794565	-583.173645019531
-630.705062027317	-710.633042523639	-583.164123535156
-631.622713116639	-709.271982281201	-585.998046875
-619.297103100463	-737.587323256298	-568.232482910156
-618.33026085537	-742.861882408991	-567.634521484375
-618.367430866159	-740.897380355744	-567.420532226562
-585.482401677236	-733.772477754193	-582.18994140625
-579.843169520689	-738.4389641373	-582.908752441406
-587.518903243196	-732.487180812524	-582.973205566406
-578.8163398563	-785.550003559285	-556.846313476562
-570.83331156166	-745.788039155909	-562.262145996094
-570.329383203764	-745.168136540095	-563.743957519531
-564.819491950983	-747.652089952349	-562.952880859375
-558.252377267125	-805.488746848338	-551.0576171875
-556.26056077725	-811.847385087678	-550.064697265625
-555.847241753234	-810.613945557675	-549.130126953125
-504.536186855578	-790.26780782464	-553.372436523438
-501.408647576255	-790.140962339407	-552.612548828125
-502.558238499367	-789.955687240164	-552.485046386719
-507.341401528994	-827.401837402356	-529.641784667969
-482.752510851215	-823.02044888622	-527.2802734375
-483.688932707542	-815.653717481735	-527.842956542969
-482.632546230465	-820.371353874285	-529.966552734375
-476.570086972598	-815.587263486601	-527.908386230469
-476.868725876767	-812.708607209071	-528.008483886719
-477.627020247348	-814.79625527284	-529.870788574219
-407.520372571731	-879.684198595518	-511.326446533203
-409.682214302531	-883.627142876307	-510.792510986328
-409.089964131463	-882.160915567481	-510.709655761719
-445.920322060857	-838.78902500552	-506.891021728516
-440.961935444215	-838.651277392196	-507.495666503906
-393.137489612654	-896.375792805712	-509.603302001953
-392.31140896751	-895.954654021722	-513.485473632812
-399.509476395668	-893.612536806044	-511.539489746094
-382.589850141501	-845.639478933354	-483.382843017578
-405.152670519559	-842.481025888524	-484.337310791016
-398.199901384226	-840.571711890329	-485.525146484375
-379.058159196941	-883.545795343252	-491.19677734375
-381.213347274752	-882.376391038063	-490.778625488281
-380.231061497602	-881.314457539826	-490.263000488281
-291.650481044143	-925.700613570869	-468.362518310547
-294.965114174297	-928.025857924139	-468.024108886719
-349.327900571143	-867.691473293372	-469.479675292969
-345.0821032744	-867.734070266766	-469.226013183594
-337.301461659412	-868.179691417309	-469.781036376953
-299.9817660749	-928.914411248827	-467.257080078125
-288.34851651013	-935.98607067259	-466.976196289062
-301.223293651285	-927.956331354376	-466.644989013672
-242.789476837164	-927.621635673155	-445.805816650391
-242.984063002295	-937.455842645263	-445.708679199219
-243.141805058329	-936.871577528528	-444.749176025391
-219.222873028814	-910.40825324928	-442.649536132812
-227.719018877471	-906.783800452538	-442.356475830078
-208.864013665781	-947.78057153378	-439.969390869141
-207.765191037731	-948.940232968457	-439.670196533203
-208.574723097022	-947.949843460304	-439.317199707031
-233.894968863338	-899.936098359617	-424.097778320312
-236.904151862858	-900.918055914967	-427.120697021484
-230.344188188226	-900.469332889128	-428.135498046875
-214.5567728055	-926.699065555113	-416.541870117188
-212.408688538384	-924.63774041169	-414.580108642578
-213.28225639298	-923.46945317667	-416.000213623047
-147.764419688986	-964.592800619613	-400.848388671875
-140.882212027672	-964.807403724566	-402.916015625
-154.462726913139	-916.805951040035	-403.7568359375
-150.600296651446	-918.994058341805	-403.979278564453
-154.541547672498	-916.991333963674	-403.290435791016
-157.098308865043	-945.422904556307	-390.589385986328
-155.557183059443	-945.803087193032	-391.193908691406
-157.060323167002	-943.72787650576	-391.12353515625
-66.1417040186894	-971.295779702366	-379.588684082031
-67.6812776248684	-970.753294390648	-379.575836181641
-67.9816748006858	-970.688428010342	-379.374755859375
-38.9808215378638	-951.31245071124	-360.137908935547
-46.781977783676	-943.201212077126	-359.867919921875
-43.3125082378708	-944.179614749668	-360.447235107422
-11.5224104627509	-979.467714577465	-353.731079101562
-10.4880541023897	-979.419028627958	-353.740203857422
-11.6531730265971	-979.786842872721	-354.012939453125
35.491124002143	-964.221705312344	-341.315673828125
36.1778849260205	-962.461222610722	-341.420593261719
35.3266249847905	-963.261027670293	-339.748870849609
39.3434014286356	-973.125008896727	-339.750213623047
37.4335039259012	-977.160765009485	-339.42236328125
38.8278315231403	-974.528822046607	-339.525024414062
-36.6770759475573	-972.401748925312	-350.388397216797
-37.8449378091089	-976.815226460921	-350.794464111328
22.4164312538945	-1005.36788904938	-349.67919921875
23.2104904125016	-1013.39427345067	-349.974334716797
16.5969462316768	-1017.13655895733	-349.727355957031
-38.8412020052731	-1007.71417156298	-356.181518554688
-38.6897260023178	-1008.51339677544	-356.418334960938
-39.4055556683206	-1007.62859920513	-356.561706542969
-89.3445673212769	-966.244406406553	-374.167327880859
-92.6462484027745	-968.907881943426	-373.870635986328
-76.973409756887	-963.100028117825	-374.152130126953
-128.537651361719	-972.640233026283	-384.846862792969
-131.278166268892	-974.847238726458	-384.286468505859
-129.935067780994	-973.879732445294	-384.42236328125
-90.4513124668638	-976.988944210959	-398.828186035156
-89.3737953465832	-980.034679258828	-398.711029052734
-87.7588466376796	-998.309932609692	-398.357971191406
-127.126619311305	-1000.15816349724	-404.893798828125
-126.409898813855	-999.726497509341	-404.331329345703
-127.635632246532	-1000.31820354242	-404.193206787109
-158.934698877685	-963.971535460325	-423.394622802734
-156.411762233026	-962.891230411257	-423.851684570312
-158.455026183626	-963.396530623342	-423.9013671875
-192.207286183963	-988.705527582347	-429.97998046875
-197.168856322304	-987.968529453018	-430.468139648438
-206.955938046605	-986.577189506794	-428.747253417969
-271.210483648112	-935.482396655315	-444.151580810547
-271.183656811545	-935.539456742695	-443.647369384766
-269.825492716189	-934.683317202926	-443.62255859375
-286.304226217509	-964.607495183005	-465.182739257812
-287.609204973371	-962.717039735395	-464.419586181641
-291.210577456312	-959.332281371397	-462.100646972656
-319.971317611523	-906.302985514589	-462.203369140625
-296.997281645793	-911.377216053122	-461.926177978516
-327.675714802633	-922.477989768716	-462.894317626953
-304.199358292168	-944.300953417672	-484.703979492188
-302.910650857491	-943.951992221744	-485.478881835938
-305.102408842286	-944.366220713997	-485.220458984375
-359.900512741102	-901.320440139579	-495.734283447266
-352.838448097787	-912.604877755895	-495.800811767578
-343.386893362843	-925.082515248129	-496.389068603516
-396.044268161582	-938.005336804748	-496.558654785156
-395.158657287199	-938.998504341266	-496.889892578125
-402.787904800641	-929.437532988871	-500.707641601562
-436.397437721419	-883.465815698681	-519.842651367188
-439.710654908484	-880.615145685304	-519.718994140625
-436.82963894062	-891.027814659467	-519.306274414062
-400.38097906025	-905.192897731756	-513.097900390625
-462.831408474401	-875.722537512894	-527.248229980469
-460.430740229117	-875.093963031056	-527.250427246094
-461.919565636196	-872.598231060691	-523.527709960938
-458.443109297213	-868.275770754327	-536.096923828125
-460.008165425555	-867.818370909464	-536.402038574219
-458.822328263781	-865.929507635893	-535.326538085938
-512.978750868975	-856.149576566797	-537.859497070312
-510.519813609511	-856.374260837728	-537.755187988281
-512.475865377845	-856.656087400747	-537.270874023438
-535.470253561462	-846.548842101251	-559.392822265625
-536.34554828822	-845.747421125729	-556.22509765625
-534.326435576041	-847.944038863088	-552.379150390625
-551.956945385256	-802.985966562149	-561.178894042969
-552.83938013618	-800.526043898749	-561.757446289062
-553.26977768286	-801.280449098517	-562.795471191406
-578.228500598755	-836.825826962612	-564.335388183594
-582.885270422629	-829.174007560197	-562.487976074219
-582.783145977116	-831.298724534075	-560.801391601562
-608.750663427049	-811.200908165325	-585.947570800781
-609.318962082419	-807.632440330318	-586.229125976562
-608.424218541633	-807.914087093924	-587.187133789062
-612.780349468827	-746.548334462292	-573.576721191406
-609.197811756269	-748.724407134755	-573.884033203125
-616.296194010402	-744.400405448718	-574.203247070312
-647.995102949801	-757.929006396712	-597.4716796875
-645.605545484454	-756.173616849784	-598.5458984375
-647.731808614367	-755.354507298778	-596.610229492188
-681.526984086928	-721.639652327742	-599.768798828125
-678.680358321544	-752.038955161033	-601.212890625
-680.792226880644	-722.179254830156	-601.331909179688
-650.962200699025	-733.502151546869	-595.884765625
-660.077350134322	-738.455500194519	-595.97509765625
-654.018551842436	-736.029009022613	-594.520080566406
-719.068327376576	-673.100687774884	-623.315246582031
-715.263435882669	-671.74507143808	-623.552551269531
-715.781154557836	-671.277834418866	-623.593872070312
-717.164090281891	-661.131665131126	-620.893920898438
-716.539391301005	-661.071493111783	-620.416381835938
-714.51129654844	-661.748203409018	-620.066162109375
-773.020361887368	-640.655838297149	-610.57861328125
-772.545140307086	-641.62430233598	-610.826904296875
-774.493643209896	-644.063523137687	-610.043884277344
-769.050705279408	-642.327801446588	-613.739440917969
-770.648584124104	-640.956042942802	-616.246215820312
-769.486428551252	-641.758861362725	-616.22216796875
-784.008407082153	-590.68509680666	-642.948913574219
-781.715896250092	-591.044954268215	-640.577270507812
-777.094218191661	-593.371669607487	-638.722595214844
-816.238407630334	-570.230880037875	-644.134155273438
-814.177406712683	-569.404270338893	-644.009948730469
-818.649301138236	-570.999545893716	-644.176025390625
-842.365310221278	-551.720968177202	-645.857788085938
-843.151901100892	-552.817199161547	-645.554809570312
-841.438363511975	-550.156985615386	-646.173461914062
-830.498738056992	-532.231530261266	-644.750427246094
-828.362074058872	-531.498240246987	-643.931396484375
-820.183751719685	-531.194656130414	-642.968566894531
-850.988157768076	-513.209158134419	-636.351989746094
-868.146900623928	-510.630736142483	-635.097961425781
-869.46207789113	-511.351126915744	-635.864868164062
-876.744769693273	-480.436346283017	-608.174438476562
-876.080633696925	-481.238081547846	-607.403869628906
-876.195329307146	-480.381975053773	-606.795227050781
-897.631716613285	-454.765084931452	-614.733154296875
-897.597122444932	-454.633308398987	-615.167175292969
-898.107329241984	-450.573628056703	-615.776611328125
-893.838429856651	-421.403393726493	-613.058715820312
-892.868425248288	-420.330916102113	-613.148071289062
-893.475755099561	-420.141552824575	-613.526062011719
-881.294935134585	-403.415262591419	-587.7822265625
-880.54032629571	-404.541377246023	-589.250366210938
-881.535968183188	-403.230190977097	-590.375854492188
-920.445225428557	-374.455413615417	-582.660888671875
-921.038621596591	-376.450450370464	-583.118286132812
-920.580908576832	-374.503470307476	-583.489379882812
-935.023307309824	-336.632279362355	-562.106079101562
-938.500060135238	-335.366376023367	-561.697570800781
-937.863727447796	-335.587200220651	-560.028076171875
-928.179797297525	-329.496397824617	-525.20751953125
-933.268662919007	-324.881743190151	-524.584228515625
-937.570188335584	-319.849387647976	-524.427978515625
-942.797573685755	-298.309754472213	-500.568420410156
-941.820132489088	-299.559542046289	-501.614929199219
-939.501539478473	-301.938066986216	-501.341552734375
-951.753219893554	-262.811558987625	-456.501068115234
-941.972544030879	-271.021733798284	-456.532409667969
-942.194980821632	-275.931275454293	-455.073028564453
-968.638731234042	-235.756881157434	-427.050628662109
-969.4039310045	-235.717176683718	-428.041290283203
-965.263452701587	-242.801529273659	-429.812133789062
-966.454166827298	-206.383955860439	-380.737396240234
-965.023353452614	-205.860402223014	-380.980316162109
-963.822075090334	-205.697382372995	-380.595153808594
-980.841020634416	-165.969965346401	-331.029388427734
-980.302651927683	-162.917479109897	-330.446685791016
-981.386500951912	-163.590009934072	-330.020385742188
-990.553683710263	-151.399114757845	-284.944000244141
-987.712326775395	-147.608988766101	-285.722808837891
-984.340727465766	-143.699501545833	-286.153472900391
-966.930342948843	-116.336513082695	-226.040191650391
-965.400644437072	-120.581936546752	-227.084548950195
-973.015689505638	-123.328938309358	-228.853317260742
-990.915272592013	-88.6875197970739	-161.612716674805
-1002.9805389272	-93.9807573816361	-169.114471435547
-999.349055527316	-85.3263211478598	-166.673217773438
-1035.03531584651	-102.545017554211	-205.482376098633
-1021.34865144142	-97.7954108317973	-207.235992431641
-1018.38626831425	-104.689663942434	-207.962142944336
-960.348784372968	-84.2908775720404	-533.435546875
-880.314184768469	-111.894895488531	-13.190746307373
-929.537687525716	-146.148099238551	250.031814575195
-899.033029378301	-159.530670382543	-691.672790527344
-908.094484532733	-181.540216138291	-832.192687988281
-974.284394974119	-195.908409471374	-711.996704101562
-1007.78254991031	-202.616307802982	-364.868347167969
-1009.82541020435	-201.943223033652	-363.850555419922
-1012.80701591483	-199.272850448221	-362.356903076172
-998.128005292998	-213.649193589702	-400.997985839844
-996.474333096297	-215.715323051179	-401.460754394531
-998.591216483494	-213.543818637426	-401.088348388672
-988.751042935848	-236.7545527236	-449.632202148438
-990.711252752778	-237.897911836274	-447.606506347656
-981.815033180304	-257.52717459532	-436.732574462891
-981.250161082676	-250.821456052849	-438.083312988281
-981.701374823605	-250.913783759882	-436.179321289062
-993.424930937971	-267.165059335172	-482.174072265625
-984.699420968182	-262.729192854335	-483.097320556641
-993.677520027184	-263.148998298954	-485.383178710938
-954.742090701823	-318.688973548537	-515.601135253906
-970.298053881117	-311.03792583882	-515.41796875
-968.644238090089	-312.680128805523	-516.473754882812
-960.264563122076	-334.647613608242	-540.992431640625
-961.397272810672	-334.894060920387	-542.264282226562
-960.970406049209	-330.248414080312	-542.473266601562
-940.356676846806	-369.353531745649	-567.759887695312
-936.315577100062	-369.901199834459	-568.107360839844
-956.977030725442	-357.959757589327	-569.830871582031
-955.247344303387	-358.710483730716	-567.597778320312
-956.344494222431	-359.007301082998	-566.811218261719
-947.83181340146	-384.905235714373	-585.510681152344
-947.836957647549	-386.356975637063	-586.675048828125
-947.167034596594	-384.997915614344	-585.953796386719
-937.762636096182	-417.795504714911	-617.620300292969
-937.401409306463	-415.945309269057	-618.13134765625
-934.711590836938	-408.271141106191	-601.706481933594
-930.732444343894	-413.396570258476	-602.830444335938
-934.463234493877	-409.328051600719	-602.618957519531
-914.579386181158	-434.14080209344	-610.784484863281
-910.218599839535	-433.860736409239	-610.3564453125
-912.551880915637	-432.310713350308	-611.790893554688
-907.897280947315	-473.550660709782	-633.529174804688
-907.863996955844	-473.426322267273	-633.697082519531
-917.700986637876	-469.908990932308	-624.132690429688
-916.591881809545	-470.938650929704	-619.634521484375
-917.858891331283	-470.450981825127	-618.820434570312
-900.231988359367	-494.257297872714	-633.842895507812
-901.450170132917	-500.046789639651	-632.231567382812
-898.823778731445	-500.280054577747	-632.353454589844
-852.155663235675	-523.09075293279	-654.106628417969
-849.908297102955	-518.509310591358	-654.356750488281
-854.210030671566	-522.857700529589	-654.488403320312
-869.434705585969	-556.344383344229	-641.536987304688
-868.931756150965	-554.864083839371	-640.63671875
-869.067619241378	-554.23704358454	-640.958862304688
-851.081979484292	-580.847522219788	-643.037536621094
-845.560060282388	-576.959597246155	-640.88525390625
-848.379937670339	-577.402451500144	-640.4619140625
-827.221740782321	-602.237094911136	-642.567565917969
-829.512390078176	-602.013438879126	-640.778137207031
-830.556912180945	-603.524305492512	-642.74755859375
-811.428803379584	-607.430970190007	-634.846923828125
-810.544272120907	-607.007563401696	-634.931945800781
-813.724000109121	-606.33563990215	-634.266052246094
-773.680656302836	-640.802565557701	-645.886352539062
-774.282515390018	-639.004912102799	-644.289733886719
-774.440423164015	-640.266284916637	-643.647583007812
-774.577257207207	-675.942461665956	-654.630615234375
-772.280810531816	-677.227171360934	-654.9130859375
-768.820943066417	-680.403054683478	-654.259704589844
-721.83009275632	-686.728992496824	-622.697143554688
-726.545599645337	-678.505834158641	-624.354370117188
-726.205866749796	-680.638037594573	-622.326477050781
-743.795826855191	-724.785916833265	-636.142456054688
-743.216463443883	-725.701598614792	-637.713684082031
-741.709339095708	-727.285679604506	-636.639709472656
-740.992777230263	-722.085521380137	-615.51708984375
-737.239203896965	-712.643365571445	-611.821166992188
-735.732154854147	-710.422978389327	-612.700317382812
-710.921361242244	-744.889604130353	-615.31201171875
-712.977119182428	-733.807284250772	-617.511840820312
-703.84407547157	-754.242232346297	-615.910461425781
-645.297933179327	-775.345360300843	-620.156188964844
-650.673830013655	-767.677219120964	-621.338073730469
-651.558196107671	-765.995303451195	-621.409606933594
-650.183568205936	-793.114912438633	-593.629638671875
-650.404403106236	-790.747531541563	-595.2412109375
-653.101196256377	-787.71873138116	-594.642517089844
-641.243293924128	-809.74252021826	-591.372924804688
-641.359586815423	-810.012565985784	-591.389709472656
-640.074234998001	-808.105906132044	-591.006042480469
-591.817988559438	-814.356942019701	-597.329345703125
-589.416406600828	-816.737224310748	-597.147155761719
-592.06846554143	-816.763930706729	-597.273376464844
-577.929672933568	-841.25284463194	-569.958190917969
-575.981739848961	-842.573742441919	-570.184509277344
-581.055142993879	-839.726236061198	-569.593627929688
-574.680301906719	-839.839936119145	-567.826477050781
-572.191525802667	-848.125625392887	-568.13037109375
-572.108300957324	-835.268245383901	-567.809448242188
-495.721441741918	-893.281684544317	-570.381469726562
-495.959281193484	-892.798944675174	-570.372314453125
-497.706178959426	-892.444038064409	-566.384338378906
-522.445277999546	-870.90772168362	-543.586059570312
-521.989781976083	-866.163080112029	-543.921752929688
-518.956481264563	-882.665031068106	-542.528503417969
-474.622070394096	-878.838710934592	-547.913757324219
-478.192698129196	-875.464562151609	-547.319458007812
-500.657577383285	-872.608167980825	-547.568664550781
-454.020741296433	-911.133757517497	-518.89013671875
-452.869089837676	-912.730709579702	-518.878723144531
-452.994678837756	-910.162836052948	-518.49755859375
-391.370620944967	-937.000984347111	-530.8154296875
-390.947127216122	-939.188149245143	-530.852966308594
-391.277090938792	-939.145603265745	-531.475158691406
-355.543957045347	-961.77582227614	-504.526275634766
-358.842590774078	-961.325833913489	-509.311462402344
-358.29193299881	-960.341109126819	-507.65576171875
-381.511236025516	-919.253386765005	-497.673919677734
-383.902210757169	-920.107469988189	-496.277709960938
-394.404080135401	-922.766579662523	-498.275482177734
-347.420968186605	-944.921247771202	-488.860290527344
-349.322316170375	-943.975375940234	-488.845153808594
-347.594345910074	-946.219079771117	-489.270446777344
-293.093948195465	-935.386873441043	-478.227111816406
-294.31895462384	-933.554132820925	-478.357696533203
-292.442139751474	-934.654285215438	-478.682495117188
-276.34706797088	-990.578876038596	-459.081756591797
-294.420976842437	-982.339297930217	-461.9375
-280.201102645587	-999.84226755737	-458.609100341797
-219.878686155479	-1009.8922513605	-453.480895996094
-219.082369243897	-1015.85158735445	-453.751586914062
-222.131557537635	-1016.41265878924	-453.047973632812
-190.646210381106	-1023.97422341799	-435.232788085938
-190.549536317793	-1024.59694361503	-436.173217773438
-187.557998143193	-1023.68251670658	-435.874664306641
-160.807446320512	-994.639641509615	-430.372436523438
-166.580076727078	-991.501487080393	-429.889434814453
-163.195012232537	-991.57669063047	-429.750396728516
-175.919043945614	-978.66512013477	-413.649475097656
-177.631941602042	-979.596543295536	-412.497161865234
-174.150141365783	-979.316138778279	-412.659851074219
-139.344447376571	-988.31892311127	-401.609771728516
-75.2196891986496	-1010.23607718823	-402.231140136719
-78.2615154496001	-1006.19418797141	-403.279357910156
-125.802487861975	-998.239168378653	-395.290802001953
-123.514297104492	-996.308445051732	-395.243743896484
-125.702805681338	-996.843284674678	-395.484375
-46.1274306451302	-1037.99477246466	-376.780914306641
-51.2916846636886	-1037.99528193883	-374.279083251953
-50.4132714270073	-1037.42550316209	-375.852783203125
-69.9122861178492	-1002.32076929411	-372.128295898438
-67.8004213693746	-1002.50473501532	-371.933837890625
-69.2256159594705	-1004.312784453	-372.100219726562
14.8398479933495	-1037.8845262096	-354.727691650391
13.7380803198962	-1038.5042435827	-354.566589355469
15.3775338714222	-1038.52058832163	-352.559326171875
20.4336132645685	-1033.3831293992	-353.934692382812
20.3901077941699	-1031.70911910378	-353.895538330078
18.0985849841784	-1032.08404512408	-353.74365234375
4.36787612159947	-1062.3525503054	-361.189788818359
6.01665934924074	-1061.86016197933	-364.013336181641
6.36589615942285	-1062.62616488127	-364.289306640625
-55.0828392028139	-1027.24346070992	-371.130187988281
-56.2769833514492	-1028.30685815632	-370.937133789062
-61.1712745243541	-1026.90108789111	-371.136657714844
-37.2086588276349	-1039.58208492951	-387.292755126953
-55.2269685478287	-1026.95921495658	-387.675048828125
-56.6753589841676	-1026.26901138919	-387.848449707031
-65.3037467614258	-1020.27544127457	-395.188873291016
-67.2870270598727	-1021.81317668502	-395.637390136719
-64.5213684251191	-1022.12867638245	-396.317047119141
-92.6221319386605	-1065.62878494363	-411.96728515625
-90.0508139982968	-1064.82325117787	-412.587371826172
-87.8732902682498	-1054.36892721514	-413.275085449219
-184.885662496797	-1022.15086625957	-414.80029296875
-178.046267801804	-1039.72557569249	-415.611724853516
-154.201123389896	-1053.82915239869	-417.714233398438
-151.482289327062	-1053.31634982937	-440.765869140625
-151.094478585803	-1054.47815888238	-440.409118652344
-150.824314073755	-1054.42545314753	-440.583587646484
-241.511532824422	-1013.60433094307	-442.616729736328
-242.582989915307	-1012.88395076399	-441.925415039062
-240.463270551662	-1008.36788815626	-442.432525634766
-276.863306647993	-990.642673931144	-463.862396240234
-276.379628317982	-990.910836679005	-464.322631835938
-279.200955162194	-990.92476441734	-464.005889892578
-290.678583309843	-993.708016828915	-470.774658203125
-292.063552199282	-991.06750139376	-470.271728515625
-290.846985104646	-992.595416115432	-469.320037841797
-278.594874656598	-996.813082535327	-487.282775878906
-276.394017697402	-1002.56708231874	-487.377044677734
-292.776475218478	-978.548244045464	-487.724822998047
-299.401850179081	-1023.72186436706	-492.573974609375
-308.650996182298	-1025.88479220206	-491.852264404297
-308.863983796568	-1025.94185519647	-493.421691894531
-333.081920518172	-988.799445833827	-497.631408691406
-336.408103386608	-978.259867414767	-498.222503662109
-335.68872389049	-986.524277169158	-497.989349365234
-405.361399543533	-970.937398978527	-523.114501953125
-401.692297379942	-966.235423766689	-522.476806640625
-401.721109522881	-962.703068585173	-522.194641113281
-444.995355869714	-923.696192038075	-519.059692382812
-441.870223194629	-929.542475976441	-519.682312011719
-443.333084395877	-937.662101815544	-518.379455566406
-461.875005140056	-915.710767301277	-530.9287109375
-456.341383303582	-914.821788265989	-531.443664550781
-473.753718450827	-945.858688859473	-530.760986328125
-454.418173582683	-949.963635642852	-555.408081054688
-440.981174330302	-960.966940379619	-553.76123046875
-457.372983242968	-945.130720630235	-553.79638671875
-520.871213946676	-915.645651900306	-551.837097167969
-520.721145927392	-918.902480795893	-551.233032226562
-519.514352053546	-920.999096154836	-551.038146972656
-543.508351386357	-911.8274191702	-571.98583984375
-542.940868720721	-922.881730135592	-571.92431640625
-542.553452246348	-916.585316046033	-571.610412597656
-558.273216744885	-862.951017227892	-564.508666992188
-558.608811287173	-863.050178789573	-564.910583496094
-557.136133464247	-863.451963933817	-564.624145507812
-590.577756798087	-901.983160492623	-596.502136230469
-584.630738016525	-907.138708538319	-596.883178710938
-589.947679822382	-900.82849494932	-596.922119140625
-572.020936415188	-894.132513997557	-585.805236816406
-592.618684732025	-887.287035298304	-585.066284179688
-593.841895045809	-886.959839975035	-582.203430175781
-623.01921997051	-811.63730057363	-611.273864746094
-624.179686549778	-812.377040932456	-610.611755371094
-632.326938030612	-809.967753374519	-611.267150878906
-655.692540601584	-850.852161034809	-601.32958984375
-658.201152134832	-849.926921804778	-601.315551757812
-660.446154708264	-848.398990551046	-602.685119628906
-677.491954623541	-809.665563419143	-620.341674804688
-676.524323619532	-812.234373141416	-619.243835449219
-675.505811501667	-811.704921615443	-619.606323242188
-684.125411782676	-769.366309217737	-632.321594238281
-686.009830408369	-768.42218711898	-633.322998046875
-683.252523995558	-768.80984155637	-633.275085449219
-736.327326078857	-756.710770088755	-617.988647460938
-734.690051922814	-784.908928935423	-618.351196289062
-735.013071411512	-785.98554885382	-619.290649414062
-751.52070170629	-751.119494850074	-653.194458007812
-750.82305238381	-753.866235412066	-652.818298339844
-752.654964239152	-750.195848108238	-654.561401367188
-758.275339109261	-743.155778455003	-654.447021484375
-749.240276058259	-747.320589753863	-652.687377929688
-748.13028968633	-747.9971004935	-650.852661132812
-768.252405618079	-689.861793738648	-636.046997070312
-764.838011900384	-689.613438876726	-636.566528320312
-767.193431511934	-689.690095876639	-637.480407714844
-787.340044628354	-699.512000643182	-653.602172851562
-788.711919116245	-699.108552209122	-652.679260253906
-784.683962855143	-700.101887611404	-653.43798828125
-806.632100345177	-646.642298591108	-671.734802246094
-805.933209439378	-646.515751674531	-672.877014160156
-806.072249824953	-645.725180827632	-671.688537597656
-848.539161982075	-624.79177436666	-674.537109375
-846.789912358644	-623.539191477393	-674.541259765625
-843.083209756343	-624.674192787351	-676.152954101562
-847.426168392001	-621.048006212818	-665.69873046875
-845.507392986516	-618.950769079326	-665.785217285156
-850.499596393334	-620.174952788248	-665.617431640625
-868.222596725437	-596.707705928754	-663.25634765625
-869.210277372617	-596.071686893316	-663.240234375
-865.126586110926	-594.593814218233	-662.228576660156
-892.694136845504	-570.743789418382	-669.961730957031
-890.455240687924	-569.087682929493	-671.099731445312
-892.416123005852	-569.034356312512	-671.856567382812
-902.136569367732	-529.550611708246	-667.470581054688
-902.70064862037	-529.602661299893	-667.036499023438
-897.369112379765	-528.886577682772	-667.985656738281
-918.663495639888	-508.166283676359	-666.473205566406
-917.105767347649	-506.296669534461	-666.021789550781
-917.640716997336	-506.852511918641	-665.10205078125
-947.870861401539	-478.844963326797	-639.166748046875
-946.927465250563	-480.741911827219	-639.386352539062
-947.488489288438	-475.561316535581	-639.326049804688
-956.973914758928	-458.163721435531	-636.149169921875
-950.962279659397	-463.31316243665	-636.10888671875
-953.589515024121	-462.099183832505	-638.763549804688
-961.158496933252	-425.282167877355	-632.9609375
-961.264216083872	-428.110656315203	-631.910461425781
-961.453671732268	-429.44646818739	-635.3564453125
-969.853407728135	-393.642112250111	-598.933288574219
-969.059686186086	-396.698008881109	-599.563842773438
-966.677654399861	-399.454348063186	-599.615905761719
-990.417527762101	-368.970088266755	-588.873657226562
-988.818093283699	-371.128987358208	-589.175842285156
-993.820401045364	-366.020839586841	-588.905944824219
-972.253430670089	-357.454985983082	-553.708435058594
-968.782902885628	-357.243459988414	-556.637451171875
-966.108904582094	-354.932298123938	-556.30322265625
-1014.8340609069	-305.135130407485	-539.47802734375
-1017.48911909304	-313.947239774942	-540.117919921875
-1011.55854662643	-312.298827850689	-540.189636230469
-1017.18932959321	-276.541021471571	-499.826354980469
-1012.2265231478	-284.62482695655	-499.627288818359
-1014.1880753507	-281.940435869228	-499.385894775391
-1022.40680186135	-268.250559457716	-477.863342285156
-1022.95408584089	-268.1740168375	-475.581420898438
-1023.04962529877	-272.202442676535	-475.314880371094
-1015.10267876198	-230.727233944726	-434.881927490234
-1030.67007072835	-232.945945554413	-430.097106933594
-1030.35349208886	-232.617958647248	-429.083374023438
-1029.72990134735	-231.24786416518	-429.170623779297
-1023.70482201167	-210.096069755787	-389.590728759766
-1017.34420846318	-207.883744677039	-390.344848632812
-1016.86650821739	-209.007931241351	-391.460723876953
-1035.09333016878	-165.035710408199	-339.861907958984
-1018.33494166886	-187.691768462181	-342.091949462891
-1020.99832523229	-182.862315243389	-346.200073242188
-1029.04830634089	-180.411894991107	-345.654144287109
-1039.61792843228	-152.369081093171	-287.600860595703
-1048.09199669994	-150.058890027927	-283.423706054688
-1046.59558613072	-145.884210417898	-282.945281982422
-1038.11340844354	-133.120984713204	-223.256210327148
-983.817424864703	-147.888439890643	259.084930419922
-1121.28719646958	-166.86404004692	-218.349517822266
-1152.71636341748	-111.283194712219	-689.323181152344
-1132.96549247913	-186.953655898293	-4.96175003051758
-1092.41638866744	-138.681534886604	-344.520477294922
-1054.26488133028	-116.730051198168	-516.449096679688
-1065.86445952182	-169.865309201221	-349.673431396484
-1061.9484436688	-209.341191238363	-348.696807861328
-1069.23995635881	-211.32919682208	-345.987762451172
-1067.95109040918	-199.452649362044	-403.747680664062
-1066.88403794632	-205.82044150854	-399.961120605469
-1064.53133027762	-204.817453051062	-400.099029541016
-1061.24253281796	-242.170633106487	-450.435607910156
-1058.68501877262	-242.644789103721	-451.135925292969
-1060.21587100297	-240.46605159737	-452.840545654297
-1048.1094035374	-260.330356716456	-488.260040283203
-1048.85378826412	-259.446886426974	-488.427337646484
-1050.85191564904	-261.927115436223	-488.075378417969
-1040.93931676215	-288.089800255882	-519.503173828125
-1042.53571204448	-286.9507077959	-520.193969726562
-1044.07618680047	-285.716004966761	-519.890869140625
-1028.90795731579	-320.707900262812	-553.839050292969
-1026.17651999013	-321.106608638168	-554.176513671875
-1029.53114246566	-322.356708673753	-553.262573242188
-1028.22866778553	-367.772616594339	-588.128356933594
-1034.07140741937	-344.109554113743	-587.134948730469
-1034.08101139119	-344.144999975895	-586.462890625
-1017.25268512753	-383.347125317756	-606.948425292969
-1019.35538948213	-382.44073077804	-609.089233398438
-1012.22572995755	-383.818259831269	-605.917846679688
-1014.86259035359	-416.799473899017	-616.368041992188
-1020.18628982786	-407.250462900081	-614.714904785156
-1020.52970498261	-408.217414438876	-615.323547363281
-1006.08497411741	-432.719613542734	-650.703796386719
-1002.35051633933	-436.637244222155	-650.496337890625
-1006.93350911388	-432.979700912688	-650.1376953125
-973.981657087205	-464.444638751237	-651.060668945312
-975.266211085923	-463.387931269911	-652.654296875
-974.236287747628	-463.865444893899	-653.087158203125
-966.946605443269	-489.70756036889	-662.691650390625
-969.096310337644	-493.342495973224	-661.389709472656
-966.81172239325	-494.429780422808	-664.064392089844
-959.858008943639	-521.67333734837	-659.917114257812
-959.907819868611	-521.56812585391	-659.900451660156
-959.889149687735	-522.376051135306	-661.575805664062
-939.678780930635	-556.134668536192	-686.34716796875
-939.490468810153	-556.558924952741	-686.91845703125
-945.803589723291	-554.625162720268	-686.317993164062
-934.738942249327	-567.777008277259	-665.156433105469
-934.152873398167	-568.256953804115	-665.226440429688
-932.477229895881	-568.421841943832	-667.674438476562
-922.938429479237	-586.409159182967	-671.393676757812
-922.255462228104	-586.806899337579	-670.462646484375
-922.134165715352	-586.953339363996	-669.709899902344
-902.598141047598	-611.644832844633	-677.079406738281
-904.663392017595	-609.240606206626	-674.432495117188
-872.166256671356	-625.046862445171	-684.973999023438
-876.6111913796	-627.449338512145	-683.520935058594
-871.712581619024	-625.598547781256	-682.411865234375
-878.284895013296	-655.463928669827	-676.175354003906
-876.198994075191	-656.61286106399	-675.219543457031
-879.573992238832	-655.360285130068	-674.924438476562
-860.99334339027	-667.696296436042	-662.089477539062
-859.87190820201	-668.965810377546	-661.165405273438
-856.484086361468	-673.489908426428	-662.666076660156
-808.235381069857	-701.718284773072	-655.65869140625
-810.13260582634	-701.110143903004	-655.689392089844
-809.702312248904	-702.121955708514	-656.040100097656
-819.067684318355	-726.075590392701	-652.864135742188
-819.607524097329	-726.341979095102	-652.87548828125
-821.392390711865	-725.016788100012	-652.569763183594
-823.520360219189	-722.186867491818	-671.456787109375
-820.221985766554	-732.570660325917	-670.763610839844
-819.71758063475	-736.686997381129	-668.398193359375
-796.560338390531	-758.111301356615	-670.676574707031
-797.212633197316	-756.53121570053	-670.77978515625
-786.672271029638	-771.754155976687	-671.205993652344
-750.438032615617	-753.75004290384	-654.087585449219
-745.47432342009	-757.395214848426	-653.80419921875
-749.407318223984	-754.921365534871	-652.261291503906
-715.969084150296	-828.987417658666	-632.899780273438
-727.548039584918	-823.799874067552	-629.025146484375
-730.025985088282	-821.136419442283	-628.599548339844
-694.058285472549	-852.712363620143	-630.905822753906
-702.754421564826	-854.163130722687	-633.154907226562
-711.711915229641	-849.776008921517	-636.080505371094
-710.872677340676	-834.4205655147	-638.5302734375
-714.955402450196	-826.949808181685	-640.101379394531
-714.685316228712	-820.092819750574	-639.494506835938
-621.819078251633	-876.800866844513	-602.897155761719
-628.750776933293	-886.39071359354	-603.60205078125
-630.214747126547	-887.734070947958	-603.44482421875
-618.933620108121	-908.529734617073	-615.898376464844
-617.696640114954	-907.550841605298	-617.294128417969
-609.892951618331	-909.354067765987	-616.304565429688
-632.909800378278	-858.24601187234	-609.21826171875
-632.189440265726	-860.025379154338	-609.4921875
-633.758215597872	-860.852816955884	-608.855407714844
-589.681657968014	-944.388841174026	-588.453979492188
-604.430516709057	-930.630968996581	-590.569946289062
-592.52288607077	-943.93782844271	-587.862426757812
-568.341321249636	-957.795746303309	-588.161376953125
-582.053660304685	-947.40428126412	-588.253601074219
-577.95790979081	-945.574768348381	-586.905944824219
-520.873526724908	-928.866880940134	-580.644287109375
-527.364142940303	-916.691543838892	-578.715026855469
-544.970913725243	-903.13624232467	-576.474426269531
-525.497075080857	-940.411510708764	-573.811645507812
-526.140688602081	-938.701005758963	-572.964111328125
-526.534822302152	-940.380577426749	-572.01171875
-498.462057547457	-956.909627253112	-551.521423339844
-499.126064578366	-964.831386747622	-550.024047851562
-498.270880304915	-964.046948244791	-550.388122558594
-427.376514585213	-1004.61950613337	-558.828369140625
-428.113898664238	-1003.42306146032	-557.338256835938
-427.028079830533	-1004.01133498875	-557.670288085938
-464.160300645051	-978.251372014752	-531.482788085938
-463.737671628991	-958.858477719025	-529.645812988281
-465.293139993123	-959.934167865379	-526.953125
-424.744078053893	-982.243122725551	-524.860046386719
-428.564772999936	-977.503854552758	-524.609558105469
-424.859539574854	-983.438285623953	-524.178283691406
-401.033022515598	-1012.61709119838	-517.620971679688
-400.082056143886	-1009.87035279634	-519.037353515625
-401.355284265828	-1014.70029167427	-519.209777832031
-322.962095541828	-1047.94749865468	-505.2646484375
-323.210200870679	-1035.08616714141	-503.730102539062
-321.037223745591	-1040.51281589477	-502.6787109375
-283.512990662878	-1061.48793497089	-496.963775634766
-283.867615496507	-1062.11941016934	-496.606964111328
-286.700265968835	-1064.55702142508	-496.037750244141
-290.904255671342	-1015.78657239407	-477.733093261719
-286.487077747728	-1017.43700662819	-477.92138671875
-295.441454391869	-1013.79843943853	-477.95751953125
-280.60502768501	-1026.20884073793	-473.215942382812
-280.661961448635	-1026.64085165925	-474.686614990234
-280.422585574476	-1027.79463085715	-472.287872314453
-226.448572920396	-1017.63639290221	-465.268249511719
-221.938308440711	-1019.6993706754	-465.047393798828
-205.633275234679	-1026.62919032222	-464.196960449219
-227.953581839026	-1047.04135981745	-441.099853515625
-228.209187287255	-1044.9029049561	-440.845458984375
-226.534836092116	-1043.87562210764	-440.947265625
-144.40334866633	-1091.36133781006	-440.566070556641
-144.688654966325	-1089.4332631976	-440.790313720703
-143.235292064674	-1089.59183543264	-440.346740722656
-128.92738918591	-1093.85355641539	-417.955871582031
-145.689791812043	-1091.42493328863	-418.152923583984
-144.259633213465	-1090.90253303664	-417.461822509766
-81.4065276266418	-1104.61510640049	-414.413635253906
-84.1886673457124	-1106.20616649038	-414.153564453125
-84.4563968296477	-1103.84829649393	-413.547271728516
-55.5310477201436	-1053.68533953668	-392.182678222656
-59.4991006747193	-1051.83708006768	-392.456298828125
-68.7055190745821	-1050.72134939234	-392.279510498047
-27.0449254175023	-1075.27311256904	-391.033264160156
-23.8312513922899	-1078.44447732023	-390.679718017578
-32.4321350539171	-1071.19354955313	-390.394165039062
-43.4973212882097	-1060.00738537297	-370.727630615234
-38.3764393413175	-1059.21781400609	-370.227111816406
-45.0137442477381	-1059.31690471589	-370.288360595703
28.9351249478227	-1104.94212092656	-368.240570068359
31.4376762939384	-1099.48702279846	-368.699005126953
28.9409064781857	-1100.91689788449	-368.599212646484
15.3589934394498	-1126.09882986675	-374.167602539062
12.6693712417943	-1138.58895576087	-374.043518066406
18.1148565370318	-1140.65525622642	-374.513458251953
-61.6242502010509	-1114.2230103534	-389.297973632812
-67.374238139376	-1100.94113911232	-389.727752685547
-69.4851255070275	-1105.62459559945	-390.633972167969
-37.8735201969477	-1086.13894558048	-397.571075439453
-47.725047279899	-1082.96001228776	-397.120147705078
-57.9939579179574	-1081.59743838273	-397.547760009766
-120.445984760029	-1081.41260384643	-411.982727050781
-121.400253467994	-1081.42429522664	-412.290191650391
-122.307950860523	-1083.39025148229	-411.571807861328
-79.0041517788658	-1110.79774590351	-430.072326660156
-159.154436203714	-1081.3699987399	-428.173431396484
-151.093902704076	-1079.36407043641	-428.369903564453
-128.727619012385	-1119.49088995708	-438.999450683594
-129.469864152766	-1119.99956997165	-439.358489990234
-127.732793309494	-1119.55881931249	-439.534606933594
-144.332332869845	-1112.01838026291	-446.633117675781
-149.384552956441	-1095.45740399828	-446.318908691406
-145.891666975316	-1110.78730946054	-447.106842041016
-217.482215283406	-1100.77248255677	-464.765197753906
-208.213776365287	-1105.3963037652	-465.142150878906
-193.605280804418	-1106.15986387217	-464.332824707031
-269.185117206538	-1050.33700838984	-470.793365478516
-253.122125892783	-1046.04423707231	-471.047119140625
-267.136662945425	-1051.30932472753	-469.955261230469
-298.750731942017	-1060.23850003025	-479.538391113281
-299.081527355156	-1059.76954861262	-479.043548583984
-296.712935718936	-1053.81522020308	-479.16845703125
-342.322597921027	-1041.89816088855	-501.254425048828
-340.789163119295	-1037.21513643725	-503.77978515625
-339.985924309309	-1036.54556393811	-503.964050292969
-300.830658027448	-1086.86354993101	-502.14794921875
-301.242158221086	-1087.05500808021	-502.430145263672
-299.437814391684	-1092.18367327392	-502.461303710938
-333.352481025309	-1076.04446117084	-524.514953613281
-330.96915650901	-1076.62346327999	-524.242919921875
-333.362689341752	-1075.79828560073	-524.411071777344
-408.625045768612	-1028.23847948562	-518.148498535156
-409.083307117688	-1028.47816585278	-517.914367675781
-410.7420597585	-1026.53409854285	-518.449035644531
-443.563178327886	-996.500352154353	-547.964233398438
-446.001716151685	-994.613883056896	-547.882141113281
-440.078809001314	-989.043765166725	-547.020935058594
-479.235438883391	-989.336389153751	-548.033081054688
-479.499353838572	-990.89053823473	-545.32958984375
-476.261510533077	-985.122898740083	-546.210510253906
-449.29320459008	-1010.0836825033	-560.817687988281
-445.663583704436	-1020.87831780308	-559.861572265625
-446.185521634838	-1020.38951123293	-558.546691894531
-513.073146699918	-972.760423260904	-574.671569824219
-514.187686675987	-974.502831786449	-574.174926757812
-511.073949773467	-979.856101605479	-573.282287597656
-537.347489277544	-972.564634227877	-578.055847167969
-537.77506996417	-970.926368190349	-580.457214355469
-536.415951996918	-973.948996953123	-581.023986816406
-543.019005642636	-923.554099646976	-591.612548828125
-546.007368680039	-922.892870794784	-592.494750976562
-549.214411711253	-920.5180878488	-592.875793457031
-578.884512241581	-974.353255051766	-593.644897460938
-589.783516379448	-960.346539898941	-592.494689941406
-579.975519113327	-972.952328322619	-592.109497070312
-602.812711442823	-960.181971097099	-617.096923828125
-603.662333286905	-958.450638747311	-615.48779296875
-597.835528489542	-964.706893071593	-614.004272460938
-659.65332805965	-881.780594330452	-604.445861816406
-648.649113474949	-878.763836522628	-604.690307617188
-643.18506695963	-879.544363083564	-603.935852050781
-648.603551879172	-938.433492309002	-636.454406738281
-643.814293072208	-939.517008133821	-636.736694335938
-656.19854837707	-933.595316939924	-637.196655273438
-691.247069436673	-907.95986824242	-622.510375976562
-695.263596498019	-896.180731819717	-622.593505859375
-694.281445568499	-903.457498169829	-623.767700195312
-687.643459193497	-846.156608450404	-644.086059570312
-688.97225492661	-842.053301737969	-641.766723632812
-696.019331954688	-836.278949718268	-642.997924804688
-730.674688608961	-844.104645095589	-657.612182617188
-731.360631644842	-843.342968045428	-659.695739746094
-727.865603007475	-847.028582081332	-659.345581054688
-753.702602062883	-822.87816037435	-647.384582519531
-755.008233177215	-820.176541671307	-648.389099121094
-756.778289154554	-818.966496750275	-647.631652832031
-731.467756626127	-814.775800791942	-678.026062011719
-737.998840356251	-825.091565493815	-678.93701171875
-731.702815983549	-815.976521750169	-677.825134277344
-806.565037284921	-757.431441592352	-677.704956054688
-811.720052501505	-758.964688038967	-677.58740234375
-812.992708550172	-758.9929969965	-677.015686035156
-803.397014762882	-734.710932818873	-667.517272949219
-799.896021560779	-736.035989502445	-665.059936523438
-802.481347087602	-735.562290338905	-663.836364746094
-843.324457621511	-755.717491587037	-687.921752929688
-840.290014869181	-760.314608873908	-689.882141113281
-843.127998778398	-756.327391939263	-692.792907714844
-860.96907151304	-732.966939407105	-698.293701171875
-858.860842046197	-733.931390957223	-697.937133789062
-862.976072058207	-731.319085703163	-697.802062988281
-877.470834762414	-714.465035124737	-669.532958984375
-877.382115548525	-714.005366761561	-669.070129394531
-873.921355650632	-716.790812545042	-673.316650390625
-900.822469740428	-681.128841021867	-672.826354980469
-900.839651852709	-683.816439452528	-672.035217285156
-899.118472582059	-682.954412307539	-673.812805175781
-898.242930661666	-653.440682944767	-681.757202148438
-899.47414320513	-655.06735812764	-680.994873046875
-900.900519455649	-654.620057369789	-679.578247070312
-944.022646701632	-616.230978889746	-697.127807617188
-944.082594901204	-616.26411261667	-697.078918457031
-943.922357104796	-617.942008514313	-698.202575683594
-955.243738333587	-589.796566610088	-700.301147460938
-953.950649508876	-589.501255359981	-697.471008300781
-954.743173418868	-589.767116990679	-697.783264160156
-966.247775108281	-572.593779936768	-680.459838867188
-968.870952576401	-571.617210040109	-681.307495117188
-932.990774348449	-571.069318983793	-688.409118652344
-936.040016390458	-570.509001796943	-685.119018554688
-935.041544235574	-571.087175187695	-687.578918457031
-981.536053479943	-553.84116485816	-682.749450683594
-983.383805644245	-552.28298953691	-683.680358886719
-983.448246616602	-550.591976926589	-687.893737792969
-992.68121021149	-518.789724784418	-666.249206542969
-996.850099513988	-513.89429477903	-667.205383300781
-954.257968195355	-511.713114438323	-695.302429199219
-951.804367626554	-516.39252641415	-693.931945800781
-953.362134713375	-512.715424138455	-694.657470703125
-998.219456884977	-503.605846090332	-667.96337890625
-998.142917154106	-504.026407815017	-665.677124023438
-1007.60928272252	-495.704414362384	-666.203063964844
-992.816812986905	-470.064551184625	-668.668762207031
-1005.99262460786	-468.949827082641	-672.514404296875
-1005.55436668613	-472.289076451106	-672.086364746094
-1006.69666875843	-472.0977510995	-671.988708496094
-1021.55058516316	-429.723624155572	-654.075012207031
-1020.86076799323	-429.853249020526	-653.640014648438
-1020.11735133396	-430.340094943351	-654.45947265625
-1047.44399305406	-403.664574179541	-623.910522460938
-1047.3186713434	-402.953587123033	-623.922790527344
-1045.01234723465	-400.227609486147	-623.824340820312
-1050.64376298294	-386.997851412504	-610.310974121094
-1053.51099646904	-381.992300596141	-611.28466796875
-1051.09690900319	-392.281400825809	-609.657592773438
-1062.38190351542	-363.113436447442	-595.294494628906
-1064.41121014629	-360.690515319796	-596.035278320312
-1053.85159857258	-362.908703105801	-595.091491699219
-1057.32656414514	-312.460565887209	-565.285949707031
-1054.49903887177	-319.736914165903	-566.200439453125
-1057.89599608675	-309.760509473912	-567.626708984375
-1066.78750074766	-295.204949627181	-541.051391601562
-1068.22595367486	-297.275118032466	-540.083679199219
-1066.80126136522	-296.071605730029	-538.719116210938
-1083.63584924612	-275.829382712466	-493.919738769531
-1084.94001027313	-275.747623946129	-494.313415527344
-1078.30587671573	-270.776413191822	-493.688751220703
-1079.96900174374	-228.327017528174	-450.495880126953
-1080.58360063288	-228.942543763279	-451.066192626953
-1082.77988922752	-228.350054700738	-451.599578857422
-1084.52323480017	-210.57544794441	-396.882629394531
-1090.07136947801	-206.552320172353	-395.773956298828
-1096.9631543934	-216.490241462408	-396.40380859375
-1070.00891316687	-189.612368655429	-345.335144042969
-1078.43209881878	-190.09833196054	-346.856323242188
-1085.59620182513	-192.58096343306	-345.087493896484
-1093.39905392049	-168.051989944482	-310.853393554688
-1099.18035162979	-160.206698562928	-309.610717773438
-1095.31124163973	-146.914481821062	-309.184814453125
-1141.56839665096	-160.15287684201	-296.090667724609
-1124.25020240404	-158.950332982868	-295.692047119141
-1125.148750272	-167.415994779589	-293.773132324219
-1128.70015995591	-167.459574772395	-366.444274902344
-1120.95550729237	-174.755521135712	-363.783355712891
-1122.22732183517	-185.90583652394	-365.372375488281
-1138.63387584086	-221.704828899513	-411.349914550781
-1126.90291012859	-208.644299143648	-411.787750244141
-1105.99614456641	-218.181842106601	-409.45166015625
-1116.48137948576	-241.552004787364	-455.476959228516
-1114.51366208383	-241.022383892941	-456.422668457031
-1111.58203317361	-239.28923448408	-455.624359130859
-1110.41307306334	-275.196672728677	-491.007904052734
-1113.62154935356	-276.461925366282	-492.039978027344
-1113.03143685338	-276.191243785208	-490.179992675781
-1098.8762502116	-310.474037275572	-531.366271972656
-1102.04768206294	-304.034448898662	-531.621459960938
-1099.16204344725	-306.148673495687	-530.66845703125
-1102.57536232298	-332.519149644442	-565.536254882812
-1102.11359358206	-326.757037125782	-565.431701660156
-1101.70763204639	-336.494764596744	-566.327514648438
-1076.50269965393	-342.593690954383	-595.089599609375
-1071.8387590228	-348.533610219193	-598.257263183594
-1074.27243905214	-346.281594708022	-599.809936523438
-1072.3121153299	-374.878729790045	-606.399536132812
-1070.45830700692	-377.161508135305	-606.144592285156
-1072.8220925352	-373.438831942333	-606.317321777344
-1068.59574701207	-403.886201664558	-632.675048828125
-1064.94162741219	-403.059985166382	-632.6083984375
-1077.17574190436	-413.584932463373	-633.176147460938
-1053.64146061434	-440.189825824734	-662.24072265625
-1052.38575391657	-439.994780159766	-651.001281738281
-1054.19314265615	-433.427565381519	-645.124755859375
-1035.26667606762	-476.439554170984	-669.533874511719
-1035.32510056201	-470.341761287534	-669.096923828125
-1035.45828543751	-470.398689045804	-669.489074707031
-1024.25823552246	-489.562365155055	-672.330383300781
-1022.10948335563	-487.525875988198	-672.859375
-1023.0720989605	-487.869447052341	-671.431030273438
-1024.75501590506	-521.607637727514	-697.337280273438
-1029.99474030926	-515.007035229025	-698.771911621094
-1025.81068658824	-520.245235998809	-699.658813476562
-1010.25834947205	-545.707682257852	-694.132629394531
-1011.51000362555	-544.394382789063	-693.419189453125
-1011.95643433705	-543.341433732357	-695.990844726562
-991.58563834136	-589.927930992321	-720.210632324219
-992.240188400714	-591.865755017114	-720.433959960938
-996.15507129193	-591.036493974296	-718.597961425781
-980.612218781905	-595.249297881111	-704.676208496094
-979.475304630494	-594.362237350183	-712.0908203125
-978.77603442313	-593.579429016998	-716.329467773438
-970.393141630176	-614.574658659738	-710.127075195312
-968.950763508448	-613.966846871502	-708.496704101562
-967.157681352474	-613.251708392125	-709.792846679688
-917.191207069722	-648.200694108768	-716.54150390625
-911.807519829633	-645.997415599278	-715.268859863281
-917.91094822625	-647.920884463151	-716.410217285156
-905.068608916942	-685.312100038416	-708.292114257812
-912.412907206093	-687.918549805816	-711.0029296875
-912.532148750262	-689.656914454577	-708.865600585938
-913.064530133982	-678.193487933469	-704.746032714844
-910.760589534224	-676.44695366507	-705.040832519531
-912.82798531271	-676.47430693868	-705.735778808594
-867.897181863774	-718.904420758518	-716.93017578125
-864.182759541165	-710.037562293612	-717.49853515625
-868.889798796615	-705.39222928142	-716.995727539062
-895.601077671108	-730.709486291213	-717.959228515625
-893.184226326607	-729.15637466359	-717.995178222656
-890.100026377913	-727.600520738536	-718.174377441406
-816.022014680244	-754.642982310366	-692.710327148438
-815.105181081063	-759.171235185986	-695.007202148438
-816.929363622389	-755.742052769889	-693.719421386719
-825.902884365201	-765.33356760507	-668.798095703125
-826.597526297014	-766.547815142871	-668.761413574219
-826.112800871508	-767.059948423617	-668.469421386719
-805.83479093556	-824.902007981151	-673.311828613281
-805.071481992743	-829.644543908558	-675.071228027344
-804.680573909636	-827.203148199167	-674.118286132812
-804.976394502461	-805.629849150238	-690.737731933594
-752.651227751977	-857.867139515501	-683.743591308594
-757.275229521803	-860.97395214661	-683.565368652344
-762.954243839312	-860.972244736852	-684.167053222656
-773.339459232824	-849.437122299402	-673.111511230469
-771.096300144455	-854.009186698165	-673.403381347656
-774.154316372297	-849.721397821549	-677.233825683594
-708.442560498144	-885.503013438335	-645.482299804688
-759.179872973851	-878.631318618056	-646.549865722656
-755.192368038671	-883.511395533501	-645.6494140625
-757.086730004117	-872.538521655848	-645.539123535156
-700.351549582129	-866.802804928134	-650.709228515625
-695.069224513273	-874.200903335583	-650.665222167969
-699.642202772253	-867.839321688207	-651.739868164062
-709.574725760676	-916.419274428072	-656.027526855469
-711.213543574032	-922.299024229764	-657.997436523438
-686.839448986696	-870.035031601224	-660.392395019531
-679.020739228716	-875.867533954892	-658.033996582031
-677.383339067536	-880.480163647053	-658.205322265625
-687.648410762595	-929.87801204715	-624.66162109375
-687.125662286445	-932.852924968749	-626.212219238281
-686.292335669641	-933.468171452047	-626.316040039062
-627.940535973023	-931.167783687958	-629.785705566406
-653.465133550907	-945.664410881226	-618.3857421875
-651.464751472661	-940.161316336267	-618.397583007812
-650.97077962424	-942.780590861514	-619.554565429688
-596.469209909686	-939.705939715313	-635.0048828125
-595.244593404884	-939.775312158401	-634.518371582031
-597.516143150877	-937.281936447597	-634.050415039062
-620.318705875097	-966.192846718164	-597.947937011719
-623.153210027844	-960.973561897088	-593.751159667969
-587.798183609878	-952.627904542607	-611.169128417969
-586.76780132145	-953.515653463854	-609.509704589844
-583.950947775323	-958.42138982444	-610.042724609375
-595.518666616846	-981.616884067975	-604.463073730469
-571.214554069879	-945.297431168539	-602.193725585938
-591.294553265689	-989.339637776836	-603.267883300781
-496.513909941634	-1033.40759918033	-588.2685546875
-498.852594108196	-1031.10385525896	-586.784301757812
-570.238769863912	-997.849414498394	-579.272155761719
-570.236171132209	-995.890124033911	-578.98828125
-555.207117350136	-962.880399433426	-579.380065917969
-520.2482059712	-1040.64098867431	-592.474487304688
-503.963592848122	-1051.1734975729	-592.3134765625
-513.180762400003	-1044.618199197	-593.194274902344
-511.358239607009	-991.027343475367	-565.443359375
-498.869801358886	-994.300476310428	-564.503540039062
-499.058448145342	-1045.45762288704	-568.1142578125
-497.898857418345	-1048.15532123084	-569.485412597656
-503.05589342855	-1024.09652579538	-570.113891601562
-428.459736842003	-1057.87170475644	-566.236572265625
-428.932348413828	-1059.51671446565	-566.108154296875
-424.768896397355	-1062.7917663317	-566.154541015625
-463.77467374246	-1031.2180549647	-546.095336914062
-466.388459367428	-1032.44097217615	-544.233093261719
-391.236467734877	-1086.12012633904	-551.88720703125
-390.510282749521	-1086.73576674486	-552.280334472656
-400.378419493283	-1092.42423667793	-551.151611328125
-411.206607639522	-1022.69803277463	-542.547668457031
-428.483843231595	-1021.75887817155	-542.189758300781
-435.817918534838	-1027.83817557164	-540.586364746094
-405.167376064934	-1062.03981805033	-527.436767578125
-402.341159992899	-1062.42932948702	-525.747009277344
-407.486844061478	-1065.5281621159	-523.434814453125
-380.81482976024	-1058.41336283333	-525.316589355469
-382.351963347637	-1064.85385387297	-525.902709960938
-382.234061395668	-1066.13276654088	-526.23291015625
-297.422667895763	-1125.4425099518	-497.634826660156
-306.629853195642	-1123.68802059042	-496.513732910156
-308.259224622329	-1123.6909334678	-496.668823242188
-253.535562456135	-1124.91226152477	-502.180969238281
-252.339078354876	-1114.36350509215	-501.255981445312
-311.087717737564	-1079.16887097071	-499.537780761719
-313.234369356046	-1078.28556174166	-499.012969970703
-312.193684663563	-1077.96969075948	-499.65234375
-231.917919071553	-1139.13786209641	-479.345916748047
-231.91738021585	-1138.83796220261	-479.325500488281
-231.375212105288	-1138.27656567739	-479.222961425781
-273.033203689479	-1093.50288027246	-479.203521728516
-270.312928094821	-1091.64291678855	-478.241943359375
-270.566553599329	-1092.08862664108	-477.778259277344
-171.96937861593	-1152.07676968387	-454.001647949219
-175.267752887749	-1154.05555206154	-452.699340820312
-175.109598973375	-1150.45736293416	-452.417755126953
-127.759969718422	-1115.09902342202	-450.93701171875
-200.58083297639	-1102.66524024518	-450.660919189453
-193.840840098756	-1098.01098142912	-450.445617675781
-173.767954121784	-1137.01712590083	-434.845397949219
-178.622067369606	-1124.71703631298	-434.282165527344
-179.851024625178	-1125.5904548435	-433.818786621094
-133.867267101327	-1112.6802091495	-427.533813476562
-132.932215421279	-1108.88349914984	-426.842956542969
-132.431726668483	-1108.04754611149	-426.616333007812
-110.912427698831	-1144.52664611434	-404.603637695312
-117.188713672063	-1139.88062768243	-402.645782470703
-122.559507533436	-1130.59267256384	-404.930725097656
-15.682301978877	-1150.98908363568	-396.384887695312
-15.4058186513246	-1160.70945903677	-396.507263183594
-15.033320164452	-1171.6962000349	-396.1044921875
-79.7412852934958	-1114.49738122023	-402.146118164062
-80.0053030830851	-1115.1957169435	-401.005554199219
-77.4722715453057	-1119.08465300144	-400.724029541016
-4.19240865008169	-1151.54125516639	-388.211059570312
-6.54629263638572	-1151.35748650641	-387.538879394531
-7.69743181961735	-1151.56995638143	-387.520965576172
-33.094280847453	-1121.03318845123	-382.658081054688
-33.1787312897529	-1119.38535308685	-382.498809814453
28.4643016059269	-1169.96721458443	-386.034301757812
28.6784324352279	-1169.36856235837	-385.729309082031
31.7517150907614	-1163.04449404068	-385.744659423828
-18.7031295499839	-1153.22776277946	-388.670776367188
-14.668849848809	-1154.6398482581	-388.844757080078
-0.691816521942656	-1152.0810519471	-388.193817138672
1.78115913790629	-1198.70700476546	-401.756103515625
-3.18521677097664	-1203.16223419814	-400.867279052734
-57.4727405922711	-1153.13450909502	-403.367980957031
-56.1194001119001	-1151.59687465675	-403.319000244141
-57.8691940222101	-1152.89192252478	-403.677124023438
-29.6560442019305	-1159.02547821986	-409.997955322266
-23.8965659333689	-1170.41750309738	-409.325378417969
-19.1697523307392	-1180.57823178957	-409.001434326172
-93.8865948162163	-1174.10850692977	-427.010009765625
-109.286528388417	-1148.20211949386	-428.945465087891
-122.945307230079	-1148.91115242665	-428.224334716797
-108.793709871896	-1149.02388008164	-427.912475585938
-100.846583116732	-1184.32384787586	-431.722106933594
-98.5972696304273	-1180.37837698047	-431.201873779297
-97.7597711485017	-1179.68301170113	-430.942474365234
-183.753982780398	-1136.04873287108	-450.846588134766
-119.14979067173	-1182.04284698224	-453.581359863281
-121.617266503935	-1164.89865672561	-454.420318603516
-119.805586493041	-1178.33326177244	-455.126434326172
-202.178463417284	-1169.98236724815	-456.260009765625
-203.991336166512	-1168.39083165754	-456.139434814453
-210.390198047361	-1166.95486556254	-455.837371826172
-248.982601755546	-1128.52414386697	-471.867523193359
-185.667293307132	-1175.47999391722	-478.770111083984
-191.120865135036	-1179.56779761098	-478.601898193359
-185.042946414731	-1171.13224664587	-479.161560058594
-278.872645570869	-1129.71525397803	-477.813385009766
-278.657622561629	-1133.95472535493	-478.567626953125
-279.782692359601	-1130.86369348078	-479.086517333984
-315.965249260749	-1110.69229822639	-500.373992919922
-319.919913380798	-1113.91206845589	-500.84423828125
-243.618342862396	-1162.74196319587	-499.225311279297
-238.58446860317	-1162.7171190693	-499.537384033203
-240.801386825863	-1162.09015433679	-500.241516113281
-322.757382760404	-1106.45189277219	-497.147064208984
-322.931554578019	-1106.98458719513	-497.401794433594
-322.607616973026	-1108.47594745798	-497.524108886719
-348.805894430524	-1080.81219443862	-524.764221191406
-355.793473205278	-1081.22749109716	-525.194519042969
-322.596609336509	-1153.27866137285	-519.5947265625
-313.93693232385	-1153.63315838416	-519.384521484375
-320.083600140835	-1153.63001031702	-519.411743164062
-378.323372870278	-1079.09081551026	-522.201171875
-380.396834171487	-1077.26497946263	-523.054565429688
-380.155756093188	-1077.42653265396	-525.443298339844
-358.833859099257	-1130.49488395342	-544.929077148438
-359.861988897902	-1130.33522834175	-544.974182128906
-411.620908629252	-1079.6617572035	-537.850463867188
-408.305884814669	-1081.53220726657	-538.084777832031
-407.47022819969	-1081.07010598402	-536.842956542969
-382.983478417393	-1087.42837864266	-548.598327636719
-384.702922167092	-1080.59067774958	-546.743286132812
-394.965788857596	-1068.14003596926	-546.367004394531
-427.494495000143	-1113.5974212719	-559.512512207031
-475.677855059099	-1042.99390001598	-572.360412597656
-483.21899540689	-1049.6183982862	-571.003173828125
-477.120543210701	-1044.36353788914	-571.812255859375
-449.21833910371	-1108.55437326673	-565.561584472656
-469.693983549227	-1109.8654442904	-565.54541015625
-471.368152047278	-1107.40136601355	-565.684692382812
-534.630896019026	-1027.32674634099	-594.281372070312
-533.736166551801	-1033.87148357921	-595.158081054688
-468.554257933134	-1087.65138979284	-592.16796875
-475.348095679812	-1081.40700159235	-593.241088867188
-473.697114986524	-1083.21672464241	-593.864074707031
-562.300640730976	-1015.88990945755	-581.205200195312
-553.449235805567	-1033.85079412709	-581.93798828125
-551.390102329188	-1034.98938849458	-581.955322265625
-537.746944524947	-1038.59694247799	-616.303405761719
-572.391715629745	-1002.31945038856	-613.706481933594
-572.488002085357	-1007.30694077948	-614.283081054688
-564.745904648461	-1018.66274578805	-614.799011230469
-555.71484286173	-1001.83784845543	-598.55078125
-557.328880736212	-1001.93988693846	-598.195251464844
-557.602621394095	-1001.89956629504	-598.112670898438
-619.730487713058	-1009.88478256883	-634.994262695312
-618.883391239784	-1009.0238752293	-623.712646484375
-610.946279050912	-955.222531197422	-617.024963378906
-592.331625450673	-968.220769888376	-614.828430175781
-591.72128153601	-970.670124021481	-616.67578125
-639.767892905037	-1006.66954100674	-641.793395996094
-636.680870354944	-1006.08726230145	-640.51953125
-641.849251165405	-1002.5764927209	-640.476867675781
-667.837614152749	-932.584305325545	-619.53857421875
-663.441452671808	-983.843495499777	-628.493713378906
-665.22640189272	-972.399770912243	-628.377563476562
-663.566574887106	-974.83558535552	-626.311157226562
-703.384986916565	-911.960910908833	-662.720031738281
-705.123835501128	-912.839502426342	-662.600524902344
-698.08460198178	-909.60685597122	-662.795471191406
-717.440720285655	-946.892991583449	-642.860168457031
-723.219723278341	-898.854975713235	-638.509399414062
-715.30952670072	-901.042479353097	-637.402770996094
-707.510412509829	-906.936018602636	-637.357421875
-744.685045392869	-931.692029235508	-676.615356445312
-746.197130010456	-936.101914664747	-676.364868164062
-745.412548497863	-935.207750907626	-677.049377441406
-739.155644581138	-878.375565432942	-672.514587402344
-766.498191860971	-897.027557495782	-655.537841796875
-767.845133047335	-890.72797771998	-656.095947265625
-766.730647553508	-897.58054761645	-661.041809082031
-765.49148978578	-863.991207820606	-672.020263671875
-770.39828043765	-859.542896220802	-673.31298828125
-764.633703260578	-864.165109249126	-674.320861816406
-819.688211479648	-863.978578617554	-698.970397949219
-787.62471968609	-890.093585147989	-702.461853027344
-777.53686520959	-891.696582587656	-705.133911132812
-770.13773211326	-890.895804927915	-703.562377929688
-834.468563206122	-810.458876542041	-678.558044433594
-836.634472153899	-809.609900100947	-679.748046875
-833.718510847165	-810.111346433809	-679.513732910156
-833.646372242716	-796.18855770492	-705.108032226562
-832.609504504619	-797.114110298961	-701.4794921875
-839.55227000511	-795.270768181775	-700.929565429688
-874.85087435518	-812.152668464987	-717.011352539062
-878.979970288653	-808.256881058472	-714.88427734375
-885.070211247832	-798.690076721989	-716.221069335938
-899.090793983562	-755.533085619548	-689.802551269531
-900.564803111911	-755.627462445843	-690.996337890625
-898.930865283535	-754.974642755308	-685.854187011719
-914.163830417428	-767.696628912023	-703.408447265625
-914.679616125623	-765.919536519749	-702.026184082031
-917.997072750258	-764.359302572711	-702.038330078125
-946.500903242802	-718.934091366721	-732.671875
-947.052081559631	-723.633603655252	-733.893676757812
-947.606860613285	-724.532024371722	-733.353454589844
-950.435372607121	-721.26800580485	-729.147094726562
-950.274163395415	-718.863790056397	-730.255676269531
-948.719326182898	-722.673559002604	-730.2060546875
-963.426740415586	-663.747525155933	-704.153747558594
-958.459547788956	-662.508836204082	-703.962097167969
-955.508093712877	-659.166122976898	-704.183410644531
-994.10161589691	-648.265878537288	-699.967712402344
-995.091550429609	-649.119281406138	-701.139282226562
-994.355268438718	-649.361711698957	-701.482055664062
-969.488291914027	-626.012420753589	-737.783752441406
-967.124362521806	-625.848647660296	-735.98974609375
-978.170078885208	-631.662964240015	-736.38525390625
-997.65622389839	-612.40733123939	-736.894958496094
-1002.68236060401	-617.40497285338	-737.855834960938
-1002.16572757768	-619.236936685596	-737.474304199219
-1011.23790589315	-565.094210285962	-735.806274414062
-1031.71731647772	-568.89098621597	-734.649536132812
-1031.94391495724	-571.130310628078	-734.628723144531
-1023.67565217089	-544.951501512127	-712.715393066406
-1019.63166602767	-540.515619279181	-715.213317871094
-1020.1590022511	-541.28288835939	-714.980651855469
-1042.66729114725	-510.481630904254	-718.852905273438
-1024.97093527461	-516.718855539362	-722.365966796875
-1038.51191082603	-510.39241198152	-722.666015625
-1081.56810742452	-496.992077138336	-706.507873535156
-1076.40370383727	-508.304111288996	-706.515625
-1067.21572505022	-516.352503851315	-705.599548339844
-1082.1834167016	-468.467019399643	-694.79736328125
-1078.37376955483	-480.854899729119	-697.244934082031
-1078.95830127005	-475.860703548116	-701.281860351562
-1081.26896019796	-457.837364424276	-659.290832519531
-1079.36446937468	-458.051706845282	-659.614501953125
-1080.90681276783	-458.522896443238	-660.158325195312
-1104.44698016892	-416.096390504117	-646.108703613281
-1103.12772112025	-421.944179558005	-646.935302734375
-1103.38550793168	-427.12843475177	-645.717163085938
-1086.98947818771	-396.035633348993	-632.658386230469
-1093.75095826791	-390.340917894929	-633.708190917969
-1081.35595257195	-400.490689472624	-634.0341796875
-1130.50693042136	-361.614303985851	-599.038269042969
-1130.20734707569	-360.488441990984	-598.220886230469
-1120.70613627375	-350.326934524167	-599.046569824219
-1127.94370583427	-341.437365308516	-593.001403808594
-1124.21202128251	-343.852112238654	-593.155456542969
-1123.67765687709	-342.537255462388	-593.312438964844
-1135.52564658094	-317.390239925708	-551.211059570312
-1135.51383584017	-317.973919792497	-550.313537597656
-1135.7609351956	-301.565721421551	-549.089538574219
-1148.94581993499	-286.558911803549	-506.088195800781
-1147.21974463572	-279.020947270843	-506.895141601562
-1147.19969535177	-280.929529316016	-505.91943359375
-1158.033991829	-239.656491984046	-477.691802978516
-1154.95718840946	-231.677067450967	-477.329193115234
-1152.62006588829	-234.790441172808	-473.945770263672
-1142.93578217345	-209.401348158198	-413.769500732422
-1136.3004135262	-226.612727932724	-416.202758789062
-1147.07767957877	-225.262993156358	-416.856811523438
-1127.44910111596	-231.460745882149	-218.821624755859
-1200.29075097893	-209.011479376316	-537.921875
-1147.17192672224	-157.77961291568	-290.211334228516
-1174.66961087094	-175.500522051211	-230.354644775391
-1134.09107113406	-229.868042843158	-558.863220214844
-1210.33347915293	-222.872209556395	-326.061431884766
-1176.2159392267	-234.189513040812	-454.407135009766
-1167.06576469406	-225.934544011357	-450.187622070312
-1162.5346946729	-237.321985399031	-450.764770507812
-1176.70146060049	-278.314226942595	-495.640686035156
-1174.78560085489	-271.205462739189	-494.582214355469
-1178.04805861623	-273.041066495882	-497.467437744141
-1162.31673869049	-285.627337790505	-536.367492675781
-1143.21932970584	-297.896398405434	-534.444641113281
-1141.22275464602	-293.761136667964	-535.92431640625
-1142.87177169186	-327.128655857239	-572.450317382812
-1131.08889015913	-329.031268052545	-572.344055175781
-1135.43241606485	-330.47490408755	-573.656677246094
-1156.75209928984	-332.813303449337	-608.792297363281
-1155.11816574309	-332.83947970796	-609.767395019531
-1159.78143417539	-336.025030352596	-609.601196289062
-1112.89559082617	-379.562354051227	-637.64404296875
-1105.06302463634	-381.495886678813	-639.332824707031
-1106.24177002069	-379.276237984931	-636.145568847656
-1108.21917864422	-403.632104061028	-652.280212402344
-1122.15983918755	-387.88734915062	-647.311828613281
-1101.62775825812	-408.05238721797	-648.058471679688
-1131.80196999037	-425.05816329264	-657.713134765625
-1124.90555372642	-415.891486428266	-657.633605957031
-1107.16023155617	-414.880070631292	-658.482971191406
-1104.71374166082	-462.424458070216	-687.408142089844
-1117.28042932182	-465.34441954204	-684.455383300781
-1116.33375861562	-466.336784231895	-686.3134765625
-1113.52157921542	-480.192904409374	-691.09912109375
-1113.37906069211	-478.467772015019	-693.472961425781
-1110.65324111976	-488.8463703607	-693.2470703125
-1082.64983532379	-519.661028642324	-699.590026855469
-1089.049451641	-520.077682680952	-700.348571777344
-1079.31873879405	-515.353097503845	-706.963256835938
-1068.17796180779	-517.726279656029	-706.039001464844
-1073.330800955	-519.565837901803	-706.47119140625
-1075.61742442417	-520.201908759369	-706.524108886719
-1033.85466879383	-556.835605049345	-719.965881347656
-1031.94222492789	-558.262784315276	-720.331665039062
-1034.64408104709	-557.17791749099	-720.271728515625
-1063.64382802767	-598.335413969381	-710.952758789062
-1062.20740197069	-599.700226583691	-710.244995117188
-1061.87369471489	-599.508691626967	-710.16552734375
-1002.8340544204	-605.959917751805	-742.26025390625
-1012.74612319154	-600.838478739004	-739.514221191406
-999.638934631166	-607.227953515263	-737.376770019531
-1012.0201159921	-624.575824138553	-752.246032714844
-1002.52399948621	-627.680830312623	-749.816467285156
-1002.52954509835	-627.940933343142	-748.050354003906
-1015.91739124485	-682.895092414064	-714.572692871094
-1009.90681942704	-684.658725925432	-715.584350585938
-996.368596604111	-694.253327957197	-714.267517089844
-985.993500330212	-713.534766197135	-720.075622558594
-990.107227620162	-711.90740933257	-716.659912109375
-986.566686595923	-712.618983776532	-718.97216796875
-942.167119115468	-703.168566904389	-748.870666503906
-939.906973047236	-706.016368201515	-748.764465332031
-942.144472819179	-701.273153051011	-746.852844238281
-933.250442144634	-758.988565234673	-724.987670898438
-934.165173220394	-759.105993891095	-724.82763671875
-938.864693739704	-758.090404963648	-728.267639160156
-927.610894594006	-737.297593137876	-727.171447753906
-924.076801359684	-736.750641867114	-728.585144042969
-920.62269685189	-736.520960541806	-723.890197753906
-889.817365234666	-805.955598214271	-705.154235839844
-885.524071387338	-804.443075791592	-700.516418457031
-883.548962256844	-800.734264535186	-700.607116699219
-874.959614275792	-782.588554898647	-698.9814453125
-875.108776586682	-782.956467254528	-699.661987304688
-884.087628961325	-780.920810010236	-700.0458984375
-866.908702545903	-855.985400222477	-724.25439453125
-869.411603679055	-855.120409212321	-719.858032226562
-865.384046231808	-858.016664785735	-725.079650878906
-806.867809173987	-861.190382068753	-722.343078613281
-812.146511444041	-847.740170082118	-722.513244628906
-808.768530273454	-856.891192956722	-722.188720703125
-844.770103422974	-879.750546185594	-695.72802734375
-849.234237273517	-876.009356663872	-696.190673828125
-846.695721663098	-876.10806538479	-696.569946289062
-809.243027783856	-913.030197455565	-677.718994140625
-812.622104792402	-908.805661232235	-676.909790039062
-809.786927130757	-911.915071448089	-677.673706054688
-812.79156900513	-887.087034408314	-690.433532714844
-807.73415140364	-881.005696814012	-690.35986328125
-810.169635011429	-882.336599290967	-691.879272460938
-769.74659765953	-889.481830951827	-695.448547363281
-772.633405054874	-891.700530616187	-695.26513671875
-779.083870166007	-899.9889457837	-694.622314453125
-750.696154886951	-976.18105500622	-657.636840820312
-743.887461208523	-983.960602553555	-657.908325195312
-747.121516506727	-981.541908302472	-658.122497558594
-702.815229580174	-1002.67152877504	-654.221740722656
-700.696388656493	-1004.18117725836	-656.246887207031
-700.885108553298	-1003.47157169107	-656.098754882812
-708.571670101339	-945.65216313122	-664.544006347656
-704.197205324068	-942.097922734837	-665.250854492188
-709.478879658522	-946.798789465687	-664.610656738281
-699.220358516427	-974.473596054241	-645.691223144531
-692.780287850316	-964.94985960906	-644.658996582031
-689.656956790966	-962.875461187254	-648.056457519531
-644.714219543685	-1013.26552685331	-639.801086425781
-645.104715786355	-1008.46051569939	-636.403137207031
-647.512421471229	-1021.38246064501	-634.957763671875
-617.483433420066	-1050.20438887335	-619.896545410156
-621.416837852171	-1043.43725649828	-619.193786621094
-615.335821413157	-1054.57141271822	-618.422668457031
-557.084034202317	-1039.0462013935	-631.08837890625
-558.328298306394	-1029.79733671477	-630.753295898438
-557.672216918973	-1041.69425583345	-631.621948242188
-532.890726989505	-1107.55422076863	-597.999389648438
-524.504938665155	-1091.26647424252	-597.878967285156
-524.985597181053	-1091.57359774867	-601.745544433594
-557.67659618486	-1067.10058027229	-600.410339355469
-556.083794341809	-1068.84633637888	-598.9990234375
-556.180023248397	-1069.93606034894	-597.697998046875
-542.196220469073	-1056.80666558627	-592.621459960938
-541.576793740016	-1055.78519125458	-594.5146484375
-542.060556842224	-1055.69950123227	-598.485595703125
-494.939739281414	-1090.34752198724	-571.363586425781
-495.069533549771	-1091.49737020096	-570.677001953125
-490.670750125513	-1084.37270055484	-570.644958496094
-478.161725585964	-1081.17034125388	-579.5791015625
-476.961327458733	-1080.38597002984	-580.004577636719
-462.637669637438	-1075.83305326478	-580.529418945312
-387.381113540168	-1156.67247469922	-549.11279296875
-393.47203451407	-1157.86111802081	-545.934265136719
-400.157460776299	-1157.63672460071	-546.215393066406
-409.925333607179	-1142.27317424277	-546.808532714844
-413.20454580135	-1135.42423746296	-547.922790527344
-411.402317461034	-1137.25755562449	-546.904235839844
-325.496485570955	-1168.03554739139	-544.252380371094
-327.426044088493	-1170.05209885765	-543.507019042969
-327.353208516951	-1168.8334097479	-542.460815429688
-316.752716528774	-1185.84928270496	-521.489562988281
-325.122884848569	-1184.63510421229	-522.523681640625
-325.383433679313	-1185.23420714316	-521.624572753906
-274.050537139985	-1169.15049221536	-513.285339355469
-274.133938577478	-1164.03879296479	-514.515380859375
-270.728284068884	-1172.99707922416	-513.449829101562
-244.613899750362	-1198.78978801352	-504.059997558594
-246.839517686506	-1203.67901508736	-504.123626708984
-245.090819515821	-1202.10155303701	-505.719299316406
-280.707953472699	-1140.16797998514	-487.221008300781
-277.215460796099	-1141.76411854936	-486.672180175781
-278.757445677288	-1145.43538441344	-486.548614501953
-181.66218762866	-1209.01381708361	-473.839935302734
-182.751806119875	-1207.9161386302	-473.41455078125
-178.022055935518	-1208.94706254263	-472.996002197266
-186.618744235531	-1162.57064240258	-471.65185546875
-192.999168687595	-1163.1326313835	-471.987213134766
-200.325294299757	-1161.58047055811	-472.603088378906
-119.986898317646	-1204.76604243556	-450.481658935547
-124.134581743618	-1197.94164676829	-450.794738769531
-119.991780631536	-1213.31688489473	-450.644409179688
-147.350352593431	-1171.94869278292	-448.615142822266
-147.535296437691	-1172.20879207296	-448.670806884766
-149.004463300637	-1170.28218237488	-448.323791503906
-55.5146891424932	-1196.01814940128	-421.834289550781
-50.3380402863745	-1221.13880248674	-422.525024414062
-64.6332985293282	-1206.84135059288	-424.914001464844
-48.2233442411948	-1180.67247878412	-421.256195068359
-56.3163868493427	-1178.85747125876	-421.451782226562
-94.0125152002501	-1183.93433588482	-421.972076416016
23.4369841737949	-1202.5329250575	-405.281066894531
26.230959466554	-1210.09147678144	-403.61962890625
26.9534071770087	-1214.60882220381	-403.964630126953
-28.8591146794861	-1177.57280252764	-387.690399169922
-28.6513161865079	-1182.13232077426	-387.228942871094
-26.8108328112286	-1183.4565257851	-386.679412841797
21.0498497559723	-1234.24346261542	-391.913146972656
17.8616918236937	-1232.93519841735	-391.954986572266
17.8844366094585	-1232.95965392271	-391.357238769531
9.44276049616599	-1208.18599082864	-404.702941894531
11.0898069025425	-1208.88631338493	-405.699035644531
-2.32400369671285	-1206.79709374364	-405.554321289062
-65.5742090633942	-1206.62954220776	-409.1884765625
-64.7091012412965	-1205.85871583433	-409.300964355469
-67.0449008093497	-1205.63256632302	-409.297332763672
-35.0311011319637	-1215.94579702551	-430.366943359375
-30.0602742515772	-1217.13090184734	-427.470153808594
-24.7422567366872	-1225.04625395247	-430.2431640625
-88.726710920505	-1201.3693029635	-436.529602050781
-81.0079955323566	-1200.68027181371	-433.576965332031
-68.6649857650931	-1203.1008270219	-432.338836669922
-102.896940588196	-1256.65758731968	-447.114166259766
-105.47314008913	-1257.15850658509	-444.143798828125
-102.496193811079	-1257.25754183205	-447.382507324219
-140.689211954367	-1192.48396847807	-458.039764404297
-129.777245328918	-1195.45115785105	-457.674652099609
-130.194975336795	-1196.04818637582	-457.155181884766
-161.511051488116	-1252.07372900233	-475.216003417969
-162.21964590532	-1251.81163226502	-473.827301025391
-161.400982223118	-1245.41605049101	-470.790496826172
-254.454408302489	-1187.96009487734	-489.268615722656
-248.402443304622	-1187.37997529738	-488.985961914062
-243.937605982412	-1187.73211706168	-488.702087402344
-215.876810552613	-1230.4138083254	-490.423309326172
-218.092419506823	-1232.74862506931	-490.418212890625
-212.199320128944	-1225.00300835948	-490.433044433594
-241.486196272508	-1216.87092947753	-506.2607421875
-242.803066737949	-1215.33133846376	-504.758880615234
-241.040996230651	-1207.07204492965	-506.514221191406
-302.962132433786	-1212.6267230366	-516.647338867188
-300.426981006832	-1215.14302831477	-516.919677734375
-305.602330939801	-1213.20179165324	-517.148132324219
-314.476831084864	-1209.36341877755	-532.051086425781
-318.3309369391	-1209.90723675904	-531.77197265625
-307.52038479717	-1209.83402917896	-531.409606933594
-388.726552835198	-1139.40725560301	-536.651428222656
-389.812816801857	-1141.95509006138	-536.810302734375
-389.860066513964	-1143.26074280129	-535.7119140625
-421.15949914899	-1148.142718052	-546.948974609375
-420.483080520475	-1148.35272916704	-546.812683105469
-420.35288719731	-1149.24916195776	-546.470153808594
-397.6029886474	-1144.0035877689	-573.589172363281
-403.550052269867	-1135.55610951934	-573.402404785156
-425.759526064451	-1121.33746237236	-573.34228515625
-481.750469584261	-1108.96673300463	-569.798156738281
-481.806475812594	-1104.53280616958	-570.394958496094
-462.69131032563	-1099.3203868751	-569.20361328125
-435.304028644181	-1166.10716240672	-594.593688964844
-442.125231817681	-1166.27281131091	-594.927734375
-439.582004685058	-1165.52872353843	-594.820922851562
-471.267297776294	-1148.12458345192	-593.523254394531
-469.380157314416	-1148.49689540266	-595.131408691406
-461.502229064524	-1152.4409295002	-593.904357910156
-545.742950856232	-1089.66485169161	-606.962707519531
-547.365962625422	-1088.03912263281	-605.594604492188
-548.166310614735	-1086.90423654607	-604.138244628906
-573.098649031654	-1079.83533513038	-600.835815429688
-576.065629762835	-1079.29523843461	-601.221923828125
-574.854975026613	-1080.02118916397	-602.389038085938
-589.36615066984	-1044.37401062215	-627.871276855469
-593.44497974295	-1043.54366842543	-626.421752929688
-593.822452951627	-1042.38726723173	-626.520812988281
-614.059949682878	-1030.8498365993	-625.346496582031
-639.657967267811	-1024.80970079453	-625.913146972656
-650.578382444504	-1037.26781420817	-626.243713378906
-626.663395667201	-1097.61951780289	-649.916015625
-641.465142399838	-1092.41609038515	-653.074401855469
-655.376688116748	-1079.93132384921	-650.15380859375
-650.483952400305	-1075.75024796379	-669.441711425781
-642.244612161168	-1076.96802994464	-666.734619140625
-648.701552821547	-1075.93510741552	-666.495239257812
-724.612421389063	-994.115494777439	-651.083923339844
-724.013906543257	-989.037798222103	-651.609619140625
-724.536226824782	-990.953655924941	-652.170654296875
-744.913686732494	-993.791954799368	-681.868591308594
-747.738479988394	-986.133615288901	-682.507995605469
-750.474211171563	-972.03936095833	-681.999816894531
-715.472608408211	-1032.3117864082	-667.100952148438
-728.061667134796	-1031.3547177124	-666.74072265625
-718.117822900866	-1032.44993044814	-668.229553222656
-761.369024618261	-1009.21896144827	-696.511108398438
-752.395176888587	-1013.10475876082	-696.825317382812
-748.431902860343	-1012.40490566879	-696.346740722656
-815.046493880922	-926.1278313313	-694.746215820312
-815.288163567882	-922.227132469849	-695.464416503906
-814.575096673733	-928.321492678115	-694.355651855469
-833.072169639495	-898.397528051786	-699.968872070312
-837.545866247989	-906.374347008027	-700.877197265625
-834.046778008074	-902.355485447886	-702.131286621094
-835.076377559988	-921.614588874724	-726.223388671875
-831.543849782591	-917.578828488238	-726.582214355469
-834.206722334609	-916.057624112243	-725.846252441406
-876.135530399007	-884.819951139342	-691.9404296875
-874.246963331545	-889.753814828727	-692.268493652344
-873.982404273116	-892.605007726287	-691.67529296875
-843.000269180471	-854.3840170181	-730.126342773438
-834.830755025098	-868.376597551273	-733.469116210938
-831.710160206391	-883.171003509547	-730.343566894531
-870.802458249638	-874.1035275313	-726.284362792969
-870.308754273666	-874.175161405862	-722.849670410156
-871.028997972804	-873.759570749859	-723.741271972656
-907.288680291821	-796.449352828813	-711.513061523438
-906.036188512886	-796.308710146177	-712.681457519531
-907.835189739602	-797.332288532754	-712.541442871094
-899.714739487117	-788.082823650432	-748.327941894531
-899.272625510006	-787.755841067458	-749.142395019531
-897.545322844587	-794.365143425119	-747.539367675781
-955.512160096606	-753.292513552682	-758.378784179688
-953.455520452545	-752.354319879333	-760.985412597656
-953.787604109013	-753.856784676508	-763.105712890625
-950.554632325685	-738.866354063001	-725.034912109375
-946.063939545607	-753.88041260011	-731.817626953125
-944.63062192786	-749.09018945024	-733.558532714844
-992.96498519631	-705.468716331649	-726.350830078125
-995.121800351136	-709.059162744155	-726.601745605469
-997.595521551665	-710.015000165959	-726.81298828125
-997.178900361524	-726.40124528849	-744.542663574219
-991.416323418876	-722.35140813567	-745.966674804688
-995.329332076312	-725.450077572921	-748.836791992188
-1017.33039399365	-694.54462994431	-752.200561523438
-1017.39231505937	-694.908612028197	-753.13134765625
-1019.83184989045	-698.167106245758	-752.644897460938
-1065.68417873125	-663.63605757443	-765.567810058594
-1065.3824711395	-663.128226840198	-764.793334960938
-1064.85949199008	-662.027700952089	-763.453002929688
-1068.83877297236	-633.8456547444	-760.470458984375
-1071.42677266284	-633.524550096245	-758.618835449219
-1072.33124063191	-632.665788562598	-759.559448242188
-1071.46078089062	-621.638784450598	-749.502258300781
-1073.08469925015	-621.587341319095	-749.763610839844
-1073.00261029811	-621.085679659729	-748.863464355469
-1101.85374770988	-581.319792003726	-760.310363769531
-1100.71012200696	-579.749033855737	-759.94873046875
-1099.43464844818	-587.82206525996	-760.060424804688
-1090.34467444415	-562.856604881028	-751.94677734375
-1087.3574595295	-558.932487658151	-752.713073730469
-1089.87602936603	-563.170092473233	-754.107727050781
-1130.92200908218	-524.397978097307	-708.78466796875
-1122.13523822231	-515.408471529629	-707.82568359375
-1129.89765595393	-522.619139622993	-708.022766113281
-1139.14343405774	-490.084555041231	-703.531433105469
-1138.42439898276	-489.06798351086	-705.239990234375
-1123.10447461359	-487.255353024529	-703.6630859375
-1144.53980431846	-478.74522748681	-712.030029296875
-1145.72154330722	-473.497502643668	-715.093139648438
-1147.98806881509	-470.79672475371	-713.928466796875
-1114.45078367692	-440.319087070136	-679.46435546875
-1136.54037908212	-427.510457758265	-678.164245605469
-1130.14556900648	-429.525263626427	-678.144958496094
-1140.25718540789	-421.546528566854	-654.66015625
-1141.11381681196	-421.587427162676	-655
-1128.28846997818	-423.628366324372	-652.796020507812
-1189.87755268654	-396.234209912592	-657.647583007812
-1185.17675542702	-408.608295491558	-663.771179199219
-1186.37232796381	-406.150377501982	-663.846923828125
-1172.2950140868	-362.238325134153	-613.390991210938
-1169.17670991722	-367.85824194832	-613.700378417969
-1170.9248862853	-367.305491637771	-613.672180175781
-1180.95435784514	-340.887089146604	-583.775268554688
-1186.22860673661	-341.211834685636	-584.198486328125
-1184.84350288998	-341.006752601822	-582.491882324219
-1200.92799076261	-312.294916018635	-558.569702148438
-1192.60356514922	-314.44566655288	-560.151489257812
-1193.30967901943	-314.243200320881	-561.052490234375
-1189.22247104272	-281.698746220303	-512.387573242188
-1185.18442798148	-280.922957718301	-513.328796386719
-1180.18215900013	-285.637692482	-513.575256347656
-1202.21160503086	-227.76529521686	-480.412048339844
-1194.92117150957	-235.865646774918	-477.932037353516
-1208.67609280104	-236.677859328308	-475.763336181641
-1217.7672969511	-213.194534183451	-434.914611816406
-1216.5387530022	-218.390359659829	-431.341247558594
-1242.63646724417	-233.858982147436	-429.592681884766
-1209.24561125409	-176.936423796331	-375.398529052734
-1214.75615006995	-186.765399742245	-373.477111816406
-1227.36789907632	-176.388291258565	-383.320434570312
-1227.17898457204	-205.862063139578	-394.356201171875
-1249.9951392741	-207.107065530659	-386.224243164062
-1228.19253477476	-199.409250790172	-403.197814941406
-1235.72008590162	-245.904550390777	-464.735412597656
-1258.88301133353	-252.248488859102	-462.419677734375
-1258.34175013639	-231.701036837252	-457.047912597656
-1238.47314192009	-268.847944215221	-498.653533935547
-1250.3193928681	-277.218193108033	-496.555328369141
-1248.92680485453	-274.940653178705	-497.17529296875
-1217.13209879166	-283.625894402871	-538.281494140625
-1217.98059075578	-288.85828665853	-536.779479980469
-1217.68170195684	-288.551294282821	-534.251586914062
-1227.615788455	-304.573801301676	-570.906188964844
-1226.52093038938	-306.088058654695	-571.945007324219
-1226.18826576757	-320.21267133908	-571.378784179688
-1234.14065716467	-353.097353414658	-621.111938476562
-1229.31866630101	-372.334562314857	-622.125244140625
-1230.00053967864	-372.071599534496	-619.709655761719
-1207.68702191176	-385.95335545713	-640.776916503906
-1207.42328355128	-383.954405085764	-639.009887695312
-1213.07991780252	-377.623306651713	-637.708190917969
-1171.48802375009	-411.37947931619	-673.650207519531
-1164.21994829225	-407.410342133751	-676.446899414062
-1163.79359008444	-410.120731313578	-681.540893554688
-1178.51488267369	-430.631992181169	-675.590881347656
-1177.99186318815	-434.224070244989	-672.952819824219
-1174.92835346523	-436.608281396302	-674.750122070312
-1167.60009496648	-451.64524235843	-699.01416015625
-1166.12140084226	-449.603003337451	-699.090026855469
-1167.98951692021	-447.511635582565	-699.981140136719
-1176.84116605676	-501.443170806677	-723.866149902344
-1180.82015398482	-494.774199790227	-723.897338867188
-1180.57557092848	-488.256527553749	-721.244018554688
-1121.86903804017	-515.817573788642	-717.858825683594
-1125.40203161735	-514.272032920305	-721.745788574219
-1140.50976571955	-509.682670096819	-722.479553222656
-1143.17570811049	-526.563088883835	-726.045166015625
-1139.69281659762	-524.300896134953	-726.958679199219
-1151.77325215295	-532.660689298545	-727.2294921875
-1122.34838319423	-588.876094081794	-760.383361816406
-1140.66255030368	-576.726463804725	-761.181762695312
-1124.12506287031	-591.547966260677	-762.457214355469
-1119.69785281193	-610.555065121443	-755.904968261719
-1123.54525750874	-608.652144077612	-756.115051269531
-1115.11731770708	-615.229933179869	-754.127624511719
-1097.16636011624	-636.228014047951	-736.776977539062
-1098.88983887707	-636.657819198146	-736.310119628906
-1096.3668543202	-632.712222365028	-738.222595214844
-1108.1345092768	-654.639102199727	-775.857299804688
-1106.97794811112	-655.235338194971	-771.669250488281
-1107.14517950759	-655.188231693452	-772.997741699219
-1086.14911893434	-680.842274432022	-767.334899902344
-1085.35858124989	-673.575887266829	-763.68798828125
-1085.22090271249	-681.113580253708	-763.75927734375
-1023.21046042444	-678.99397446614	-758.123291015625
-1024.02372582985	-678.502319859176	-754.674438476562
-1023.43298722351	-678.004129697912	-754.470153808594
-1013.75195140842	-722.735833933856	-761.894592285156
-1010.55748561071	-720.669011877928	-763.427490234375
-1026.13527289064	-734.894820532591	-764.408569335938
-1044.25627337738	-744.421677616048	-745.690734863281
-1044.4679340336	-751.214404401788	-744.9755859375
-1044.7188347451	-743.996315147717	-745.415466308594
-1002.36204699323	-743.590622528858	-768.049438476562
-1002.65495956864	-744.079148834129	-766.053466796875
-998.769644276298	-741.807525873528	-764.431518554688
-991.791343377023	-812.112742765679	-759.637023925781
-999.672263386667	-804.959523789745	-764.303894042969
-999.598902507614	-807.488237305041	-766.707946777344
-968.16702293223	-790.744721423655	-769.397644042969
-972.244991371859	-792.03824995942	-769.537170410156
-965.48176844489	-788.624550670986	-773.032592773438
-946.245653238187	-854.132809398901	-737.50830078125
-945.266264205879	-856.423808421412	-738.226196289062
-945.456381901581	-854.989263775695	-738.000732421875
-915.990902190414	-836.030318641885	-722.68603515625
-917.367472624027	-835.274828692382	-723.779296875
-913.08463240865	-837.020929096621	-723.721740722656
-925.024912765898	-862.955917174443	-713.304626464844
-925.966344900866	-866.795368628249	-713.224487304688
-926.444425643235	-870.558878683524	-713.478393554688
-839.220983489746	-914.446217393426	-733.539367675781
-838.045701232142	-912.458015854573	-733.352722167969
-837.094795423294	-923.836780271398	-733.049011230469
-833.606457632977	-908.320143796906	-740.412048339844
-831.861482922191	-909.011595908739	-740.042602539062
-827.663150627461	-913.613046528143	-740.446533203125
-862.176419030191	-937.315182805874	-705.832458496094
-860.398663830611	-939.181458233819	-705.284240722656
-860.349102446609	-941.468083591069	-706.731140136719
-830.109326251452	-977.581619023612	-687.631103515625
-830.273265718944	-973.882053348776	-687.421752929688
-831.595757418046	-973.711527539586	-687.235656738281
-781.647087847588	-952.085492286063	-716.314880371094
-787.771484687431	-948.845522314753	-717.39794921875
-789.859819724816	-948.199846274964	-715.85791015625
-766.937570880749	-973.186361493548	-701.246704101562
-759.423320906341	-979.936089105678	-700.031372070312
-767.183917321317	-969.977435318469	-699.31591796875
-748.182385422219	-1029.57417478518	-664.977172851562
-747.601832777841	-1019.01784458744	-666.682189941406
-747.900093316006	-1015.81792702274	-669.263977050781
-729.307277690856	-1030.14748553121	-687.369689941406
-731.339346680258	-1028.70787441135	-688.268188476562
-731.011324158832	-1028.16258029093	-689.897521972656
-678.743505460647	-1046.4318326137	-665.38818359375
-673.159710192123	-1063.95545203913	-663.468078613281
-669.499777679678	-1068.88307860372	-660.142517089844
-631.843398526291	-1085.07074698437	-648.424072265625
-626.952906696625	-1090.88072584205	-649.293212890625
-636.839480960822	-1082.50238814876	-650.215515136719
-652.623451485241	-1072.2148105698	-658.247253417969
-652.758655613569	-1072.89562160707	-657.888244628906
-652.541061159538	-1071.77825595672	-662.764892578125
-637.723934797695	-1074.78426335413	-649.881591796875
-639.588358026536	-1073.43202332809	-647.741088867188
-640.220795057999	-1072.85064519806	-647.453308105469
-610.305199676794	-1128.8291151832	-623.355834960938
-591.48264941155	-1152.76657100575	-623.245544433594
-590.037403961005	-1153.15844802431	-627.058898925781
-571.509378912687	-1109.29828696075	-610.284973144531
-571.072196011147	-1108.39703767747	-613.776733398438
-572.746659611122	-1110.95912651203	-613.306335449219
-497.003676480102	-1163.27568765448	-622.159973144531
-497.176227863012	-1161.98936884877	-624.191345214844
-497.289177829571	-1163.47083976248	-625.385681152344
-463.547282155672	-1184.93285144695	-583.200988769531
-474.666020247005	-1184.64013914125	-583.092590332031
-462.409800317145	-1184.48920294703	-582.777770996094
-493.179377513909	-1127.99631144674	-599.986877441406
-506.316086494395	-1125.43607788399	-602.310363769531
-522.721054441653	-1134.89302141833	-601.579162597656
-412.267746066382	-1203.84980792873	-581.340576171875
-408.692834708294	-1194.13972908062	-583.123901367188
-412.911874121763	-1194.76702574044	-582.572143554688
-444.94111116573	-1151.86727808931	-562.349548339844
-451.603825380802	-1156.9970509592	-562.64697265625
-458.010880116518	-1167.3834003689	-564.362915039062
-438.395871007472	-1165.70746273305	-553.20849609375
-424.878850032598	-1160.4939135821	-553.859436035156
-415.65947569641	-1161.06149467901	-554.365417480469
-384.627931240113	-1181.83639373797	-547.958618164062
-383.690117958649	-1181.08397882094	-546.794799804688
-384.563698453508	-1180.98200903895	-546.569641113281
-364.96660276063	-1188.30987296672	-531.654479980469
-367.773161131325	-1187.56896509579	-528.424865722656
-364.459841478201	-1187.50442522572	-528.711364746094
-327.527597392086	-1240.51500318194	-525.396240234375
-331.363815285952	-1238.71291074805	-531.370239257812
-341.363398332336	-1229.45145565686	-530.06103515625
-305.550147248381	-1206.70268639474	-518.902160644531
-304.649070221101	-1202.94069947679	-518.666870117188
-305.562225443053	-1201.56672507222	-519.147155761719
-271.558718081477	-1249.48822918686	-494.271148681641
-269.384021002789	-1250.65286872221	-494.687377929688
-281.189560836018	-1242.21255765022	-494.571014404297
-254.223162253487	-1221.73620848668	-491.059875488281
-249.708088579376	-1220.31352155034	-492.153045654297
-254.090224120483	-1220.52644622416	-490.913482666016
-162.667983047153	-1282.28677680883	-472.791290283203
-162.679048594311	-1281.93571833098	-472.821533203125
-160.866410526745	-1285.73755020553	-473.854858398438
-130.662655587586	-1262.7813921091	-469.239990234375
-134.189103457305	-1264.01606063391	-469.251220703125
-128.693220191953	-1262.08954784725	-469.250274658203
-89.9739842407711	-1243.30124456275	-451.937255859375
-97.9405638899019	-1238.97960624044	-452.299346923828
-102.237120215899	-1235.68287583593	-451.161376953125
-89.4726361278383	-1234.38247687667	-448.110656738281
-72.6267871184623	-1239.61810894668	-448.348907470703
-54.9804495660397	-1261.76722674075	-447.899597167969
-89.5442174790399	-1243.34728493599	-428.523895263672
-88.9414612651658	-1243.81559301215	-425.03515625
-96.3695292802785	-1247.75832508359	-425.162475585938
21.7287092859612	-1257.62722735111	-420.245391845703
-57.4270148072248	-1244.47916430315	-420.407867431641
-54.7714774448562	-1243.94284814738	-419.125457763672
-34.4638603867668	-1246.68759033724	-410.611694335938
-33.4964063402992	-1252.16988259387	-410.141693115234
-31.797927507577	-1249.71365620756	-409.548187255859
18.0286975430342	-1292.5117298817	-405.074768066406
24.1471585559187	-1294.28514462477	-405.470336914062
11.0092348619914	-1287.09497508357	-405.750610351562
-2.51268623366974	-1269.65578877577	-407.801452636719
3.5243405063128	-1268.72413280901	-408.038818359375
23.8283073901152	-1280.46114083889	-408.033874511719
19.2003809383814	-1272.25143278391	-426.161376953125
22.8954472639755	-1274.00735532458	-427.370910644531
5.52951498419918	-1262.55785825919	-427.63037109375
-41.0968151219627	-1295.52072418394	-428.363250732422
-39.8760573561912	-1287.46543077024	-427.903015136719
-41.5202482491229	-1288.4413708616	-427.924346923828
-80.1736456094922	-1266.37561379176	-444.766754150391
-76.4723603782319	-1266.46496323874	-443.364868164062
-71.9865076073318	-1269.63891503648	-446.862152099609
-123.610656155397	-1286.22101148881	-459.362915039062
-106.748623856701	-1284.67920526195	-458.204925537109
-107.567774018675	-1285.04640893978	-457.922119140625
-126.396254123648	-1278.20629210593	-477.111328125
-123.675306804415	-1276.46545904322	-476.947906494141
-124.990908626093	-1277.9935807693	-475.385650634766
-206.852395645669	-1238.82953451373	-475.955657958984
-208.288730320954	-1241.5428815056	-475.532531738281
-207.226172413593	-1242.05754387826	-475.291870117188
-222.897436226378	-1271.28149862702	-496.075286865234
-210.884240028199	-1274.868956713	-497.522979736328
-231.477651632655	-1266.1471870745	-497.437377929688
-259.280415790365	-1225.49464480937	-500.791442871094
-262.977554686712	-1226.13378824263	-500.978851318359
-261.726108864377	-1225.1912587701	-502.415832519531
-302.543789547986	-1226.66067172087	-518.556884765625
-300.331397738619	-1224.30217102868	-518.890930175781
-310.87626342487	-1229.89810629637	-519.008117675781
-269.166932818429	-1250.29117981898	-520.533630371094
-265.975322486273	-1260.05796226077	-521.085571289062
-265.82108131967	-1253.83363818658	-521.106506347656
-365.359193450928	-1203.77845958334	-549.650756835938
-346.559162146236	-1207.10356101152	-549.773803710938
-344.428203951048	-1205.60591654226	-550.177429199219
-333.247342638232	-1252.13068844561	-543.587585449219
-332.085111712159	-1254.87001517918	-543.129211425781
-330.992275750584	-1254.82152962433	-543.073974609375
-360.27261505384	-1253.91623026666	-561.280822753906
-363.920747557638	-1253.92336208121	-561.726806640625
-360.926368152144	-1254.72512356394	-562.532531738281
-444.092887680775	-1207.26942109036	-568.557189941406
-439.847822701563	-1191.56219133051	-567.0419921875
-435.476161755291	-1184.41806538243	-569.483337402344
-479.080914088233	-1198.62458547687	-585.375
-464.988648831216	-1224.38793174241	-584.626892089844
-467.230586416269	-1222.44353802061	-586.145385742188
-520.465462712644	-1165.15027062606	-587.146606445312
-517.842652001882	-1166.01111866702	-588.162780761719
-523.39981640354	-1154.78291391205	-588.296325683594
-548.182301447783	-1144.93947097878	-589.064697265625
-546.929684022612	-1141.01445235764	-589.738220214844
-545.962248466493	-1141.63213242001	-590.105224609375
-487.309369914278	-1195.65032167991	-627.559814453125
-487.466520887415	-1194.75314159279	-627.852966308594
-490.112705473268	-1196.58259763226	-628.007507324219
-520.070911298181	-1175.1777562888	-611.5126953125
-520.87350679745	-1174.05054125947	-612.554443359375
-515.361875821024	-1177.77177559717	-612.896728515625
-608.613086970323	-1119.36639006752	-651.485656738281
-611.847785547668	-1106.01119760744	-650.177490234375
-612.901633322591	-1115.1034020733	-649.0595703125
-629.840588080555	-1100.86624717	-654.328552246094
-622.826642838009	-1104.55298969147	-651.953674316406
-625.528592849274	-1105.9679277985	-651.395446777344
-610.808613117665	-1115.80387778669	-637.424377441406
-609.26108238394	-1121.25338479673	-637.49462890625
-605.890905020156	-1126.39603710884	-637.110290527344
-650.722751782796	-1085.21648465561	-677.575866699219
-656.830373246946	-1073.81724092006	-677.565795898438
-662.66204588447	-1070.83827033851	-677.81201171875
-712.68768845985	-1073.19044937522	-655.316772460938
-711.18031132099	-1075.32499096234	-654.521911621094
-711.813502630313	-1076.22813916223	-655.185180664062
-733.132621632419	-1079.61583686184	-697.472290039062
-734.212540722697	-1084.46257402176	-697.892211914062
-733.664594762351	-1080.13061071689	-697.336975097656
-758.422850675969	-1004.71528460589	-675.039123535156
-746.5865541143	-1007.28135841009	-674.632263183594
-732.946454659172	-1014.7049976899	-674.956359863281
-758.954287895103	-996.414757263164	-684.339172363281
-768.999733298897	-990.33951586862	-683.051574707031
-779.018225831204	-987.660684108988	-684.056030273438
-789.62843798557	-1031.52835427398	-719.246520996094
-789.123929982521	-1030.66913571014	-721.398498535156
-787.664298584277	-1036.46776703235	-720.568298339844
-815.407503982104	-1016.20691000311	-690.183715820312
-811.722833707697	-1021.51130088631	-690.422424316406
-819.005602483467	-1009.56764764006	-695.335388183594
-839.002514444659	-942.768625219126	-729.9833984375
-841.926018343757	-942.20290699723	-731.197204589844
-846.236923197057	-938.845127139997	-732.237609863281
-862.949278524175	-924.415919822718	-718.968811035156
-863.093645358733	-925.202075711429	-715.870178222656
-851.317677394679	-932.790991986407	-716.603942871094
-905.398138077166	-931.059739199582	-724.501342773438
-903.59604976433	-931.808476221299	-728.94140625
-894.540240578351	-954.474085102583	-730.216735839844
-915.150066708791	-929.178060370152	-745.136657714844
-913.494406955701	-931.334075470371	-745.138244628906
-918.496703391117	-924.046436389437	-745.146545410156
-904.291161587613	-925.023567536518	-729.792846679688
-912.04428823546	-920.850606476304	-729.396179199219
-907.150276863085	-924.892367244233	-728.820922851562
-920.054102430494	-904.82669491653	-768.209899902344
-919.943037242141	-904.986847528279	-767.99169921875
-917.698065701447	-904.16703924264	-767.840881347656
-968.615372229124	-820.165781686636	-763.462158203125
-975.418385734837	-820.264838635747	-760.656860351562
-971.587131133602	-820.741454700737	-758.613708496094
-960.3102576014	-797.259535904057	-749.36279296875
-950.644495200938	-803.823691580416	-750.453369140625
-944.829268335204	-814.477905612813	-746.690673828125
-1027.13043638856	-792.058186169661	-775.958190917969
-1022.7305556605	-788.480769325247	-778.098266601562
-1021.9471298369	-784.800427147399	-775.991882324219
-995.841338627514	-747.192295454318	-779.227111816406
-1006.89860005175	-744.491990139485	-781.020263671875
-1010.37953560805	-744.413519496153	-776.475524902344
-1040.58825345649	-729.331944915094	-766.133911132812
-1042.16496704302	-732.183717400233	-769.535400390625
-1040.62898504155	-731.602597660274	-770.877868652344
-1050.59738244424	-743.547568576955	-749.821166992188
-1049.43475682271	-743.525904055921	-750.24169921875
-1050.32032662551	-743.047255232644	-749.87158203125
-1047.68210832084	-700.053731488783	-752.26171875
-1052.76114214882	-707.834574298371	-750.712829589844
-1056.67544692961	-711.571116031192	-750.540954589844
-1113.381446942	-681.921327579329	-793.479736328125
-1112.25140502841	-687.091333376691	-793.530517578125
-1112.9002704468	-686.901434009307	-789.709899902344
-1117.83072067856	-652.825683841688	-788.38916015625
-1114.42416089636	-651.946332857051	-766.511108398438
-1115.7935714054	-653.860327365708	-746.670227050781
-1115.85753272702	-641.408575335116	-787.055480957031
-1111.37052024506	-642.249734014818	-787.187866210938
-1111.73389320642	-639.28439482119	-786.442260742188
-1145.10319690938	-606.881982126926	-766.051330566406
-1138.85070099456	-614.572873791781	-766.022155761719
-1135.86545706272	-617.378754473232	-769.122131347656
-1136.06860619901	-588.132896969668	-741.352294921875
-1133.53903987801	-586.536423440428	-742.291198730469
-1136.29175755001	-588.215398942169	-741.941162109375
-1160.81575762712	-529.762178469122	-753.032897949219
-1143.87810634865	-533.732363467658	-755.916381835938
-1172.87840687115	-532.325081552354	-758.491333007812
-1149.89379347197	-508.022249137363	-742.744445800781
-1150.06645039312	-507.773688940536	-740.888610839844
-1147.4233365408	-511.376856659291	-741.031555175781
-1197.93744409994	-515.047049787829	-727.657409667969
-1198.66047975809	-515.230153801735	-728.906921386719
-1199.56194472586	-514.545925794471	-729.32373046875
-1168.60054699118	-469.375074613316	-729.754333496094
-1178.78248411163	-460.19884588645	-731.067138671875
-1180.65159709378	-458.136187529972	-731.556640625
-1187.90109371613	-421.250639232337	-703.542297363281
-1187.81422084468	-423.522635659493	-704.417175292969
-1189.04205727715	-422.871926632415	-703.780944824219
-1222.00373669804	-394.636761988802	-669.808715820312
-1209.59679874952	-390.268461250789	-673.397033691406
-1221.27079378009	-393.485634544134	-676.859313964844
-1213.41670576045	-378.542885281567	-659.313415527344
-1212.50657386341	-376.089640558367	-662.038391113281
-1209.42554035265	-377.162451392214	-661.123291015625
-1243.40732420421	-357.823275669458	-633.469848632812
-1243.81267689061	-357.513003390877	-632.755554199219
-1242.18454575055	-360.715197506811	-633.194152832031
-1224.27944942088	-330.66681844842	-576.011962890625
-1214.90185725285	-339.105497530088	-575.689514160156
-1219.12043943699	-337.569239674747	-576.247436523438
-1268.43758594609	-291.142980750248	-551.278991699219
-1231.81918107509	-287.94095386846	-552.029052734375
-1229.75913506919	-294.766200261653	-553.714904785156
-1239.41568073278	-276.548863787056	-503.245239257812
-1237.95448301656	-266.400851296657	-501.342407226562
-1233.44242734076	-268.706505748213	-500.528686523438
-1244.19598210504	-262.33853644419	-469.754028320312
-1257.47278063443	-230.12671372627	-477.9091796875
-1240.77693794413	-230.466320070155	-473.482025146484
-1243.61603849868	-211.084225455018	-417.470581054688
-1257.70540069404	-208.931097657261	-436.490356445312
-1262.72351294538	-203.967600824649	-434.065124511719
-1261.1006579933	-210.813414906087	-424.958801269531
-1276.18136744329	-195.894629152048	-423.758087158203
-1094.89843696189	147.043047056924	296.804718017578
-1105.01173495984	144.94992347204	295.742950439453
-1102.31166726663	148.72375878949	293.567810058594
-1074.91229316582	188.250522091691	353.089233398438
-1078.0602644816	184.220228951188	352.307983398438
-1084.32772788429	188.11871042381	350.106872558594
-1070.12922096548	205.608173695509	387.103149414062
-1071.49737189463	205.510172734459	386.58447265625
-1071.46455789771	206.356257510429	387.831146240234
-1105.9118607119	232.470973655578	440.212188720703
-1107.18132468988	229.41345313601	441.05859375
-1102.6068303641	229.168579414236	441.390563964844
-1064.2806528012	266.870766307765	478.214599609375
-1056.09446385087	259.834537239946	480.296173095703
-1051.84878286569	262.07389435663	481.854248046875
-1060.67561478234	303.641870233194	516.238403320312
-1062.43863012526	296.850946405495	516.108581542969
-1059.41735613728	302.801382164471	517.129821777344
-1083.84766850523	322.022295180684	557.904296875
-1082.26495360184	322.305380437294	559.013122558594
-1085.89967482527	324.265078239841	558.146667480469
-1040.85450922062	360.627123076455	568.146179199219
-1040.49958648772	357.479622159755	569.734313964844
-1042.03330070056	355.716992227018	569.941223144531
-1026.13608383563	386.730898224839	612.982360839844
-1022.69403675115	385.993221070053	612.329956054688
-1023.90317807073	385.400922527147	612.582397460938
-1025.9692239923	396.498856647509	611.940734863281
-1030.56895135256	402.672227812155	611.737121582031
-1018.9079049543	412.229797150244	611.664978027344
-1038.735617996	410.904668293868	642.675231933594
-1036.22737025068	408.518973567624	642.625366210938
-1036.26341012082	411.456488066326	642.87060546875
-1029.64859053605	455.245493023263	655.64990234375
-1026.2070926336	457.558870703293	656.750671386719
-1031.03923637346	461.771764199583	658.151489257812
-991.698305730064	482.380485266014	655.884094238281
-986.574380128312	485.701277211252	656.029296875
-1020.92690596024	478.538085877639	668.0986328125
-1020.45767060939	485.700836292342	669.504638671875
-1021.25432123273	484.01420696242	670.776550292969
-963.15497972055	506.116703872019	667.492492675781
-958.885373127868	508.329662867766	666.774597167969
-967.066355457958	504.690445067178	667.239318847656
-985.037518960386	546.329694255567	692.838439941406
-987.152130558529	546.471761880377	692.206115722656
-987.084806438692	541.641153650908	692.743591308594
-972.749173213973	546.151433301692	693.683166503906
-972.995839941981	546.55793797668	693.080932617188
-971.396010911646	546.977321994992	693.5478515625
-948.126815965615	577.141545874913	692.102600097656
-937.008753267467	576.859883076242	692.274658203125
-944.958852794506	575.37864622542	692.084167480469
-949.476260646111	603.709506443769	694.185974121094
-949.855265442582	602.546150142873	695.1220703125
-949.290874613614	604.918647667535	695.417663574219
-883.634525494288	646.423328618623	694.917114257812
-883.004895819287	644.734144412945	695.095825195312
-882.967514331315	646.876184155385	694.54541015625
-889.225151463395	679.989156817682	685.239868164062
-882.951123742752	680.129368128637	680.10595703125
-884.20464695674	680.552761638927	682.369506835938
-908.543612318857	686.464023664634	684.492248535156
-907.511423254328	685.900894348882	685.401672363281
-909.052797247816	686.717708535288	685.229614257812
-841.328839066292	713.432423123961	688.743591308594
-841.233101210695	713.821059911127	688.6259765625
-840.522257033731	715.568149445259	688.507873535156
-857.682036037593	730.479584161589	670.180541992188
-858.796531404457	726.752762590465	668.861022949219
-860.020961517833	727.803493749348	667.6845703125
-791.348415626271	746.45689944902	660.74267578125
-791.696167627324	746.256710149249	660.180236816406
-789.367610375447	745.225405040533	660.255981445312
-812.027034078174	761.282206897765	655.194458007812
-815.729211341067	763.587033042463	655.558898925781
-815.946223205305	763.617323267752	652.31494140625
-740.649348556592	776.772670514669	662.371154785156
-758.714286566017	777.156825336263	663.674438476562
-745.915520384117	780.975209403171	664.025146484375
-760.087099759442	842.25052131663	654.644836425781
-754.651579067623	843.693035681652	654.036254882812
-760.08876567873	842.163078268839	654.503234863281
-725.793359841704	844.871752818874	633.158264160156
-728.998899320722	845.839581080973	632.785095214844
-720.752486055002	841.171578430039	633.222290039062
-700.427102409642	841.990984232706	644.111999511719
-701.910816911463	842.485578198848	644.174011230469
-702.505990171485	842.063480580796	644.550537109375
-658.013070997126	882.168598411852	624.243469238281
-663.068643472718	884.692178323628	620.296142578125
-666.143336298373	885.521090104124	617.850769042969
-635.580413268276	903.875848983753	607.867553710938
-632.132316053435	904.875140886855	607.247863769531
-631.270889603222	904.788192933715	608.080505371094
-643.192470931337	899.872229094078	616.774536132812
-644.988583813163	900.141296125271	616.8427734375
-646.154555392318	901.539188827306	616.272216796875
-605.276939738271	931.557324670254	597.931396484375
-608.007573200695	932.600937392261	595.349426269531
-603.936388911158	932.909507861084	598.425415039062
-566.728521363174	957.510448219885	597.52734375
-570.562117747426	957.406769448279	598.080688476562
-566.672281234494	956.240743163332	598.711608886719
-549.661356819441	939.722208480862	583.974609375
-553.011943419229	940.037689002003	583.680053710938
-554.281278164431	942.749025117917	580.657043457031
-541.93691955555	991.788734120189	571.818542480469
-546.705417079706	992.688314836533	575.859558105469
-548.604473512238	992.460658554723	571.6630859375
-500.165187221842	1003.37321020882	567.21533203125
-496.375058651911	999.53978726064	567.409057617188
-498.62274972828	998.719422821105	567.70458984375
-437.435019707801	1000.12745389097	550.821105957031
-435.67280236891	991.198424589009	551.950317382812
-438.549680516086	987.693515988565	553.027954101562
-476.812726781472	1018.47655675294	546.449462890625
-475.761760302864	1020.66280603652	545.480529785156
-477.29769794912	1020.86701268518	545.909057617188
-445.371636152887	1022.24184025363	538.473815917969
-443.460805047832	1020.17350974403	542.113891601562
-447.767104358112	1023.60279011606	541.743530273438
-360.122454302466	1032.90531582362	518.143676757812
-370.335396378839	1042.09286864972	518.203735351562
-368.674366146666	1040.8861593507	517.770324707031
-339.5995324397	1026.63835968455	515.254760742188
-336.30143799348	1026.56664917666	515.087158203125
-340.809708230891	1029.94868901943	514.645385742188
-297.475146902286	1054.68738806537	496.23974609375
-302.482046782929	1057.15408536913	496.976959228516
-299.111680011273	1056.09281632383	497.282684326172
-301.753959865413	1058.57863123475	493.925811767578
-300.537786457141	1059.8303767117	494.333343505859
-302.048327000375	1058.90521455481	493.964691162109
-283.463792078079	1087.86593045066	473.805267333984
-284.583849423278	1086.21996550935	473.440246582031
-284.141878256596	1085.83471326832	474.535186767578
-268.272242898901	1094.67979755234	470.245147705078
-268.382629293723	1086.73194551407	470.167053222656
-265.795942072279	1099.39819279593	468.724853515625
-200.509306781622	1081.41749473039	448.172668457031
-198.173625999814	1082.19625763697	448.078216552734
-205.259519739216	1088.81794528535	448.393585205078
-185.561083463707	1081.36017886677	447.433227539062
-187.640046146238	1080.78838565152	446.862335205078
-186.302776192432	1078.52365511749	447.776031494141
-158.498725304543	1079.80318312135	425.001556396484
-159.746629589521	1083.73057746876	425.656768798828
-158.580315360548	1079.51328847966	425.155029296875
-135.2122806138	1129.79438258992	420.450805664062
-136.251622929106	1130.46799891505	420.912414550781
-139.210458025891	1134.5963344133	420.451934814453
-103.347850104375	1109.4886932219	406.674682617188
-104.54363341031	1110.04292879497	408.12109375
-101.959401943543	1109.50870845037	405.270538330078
-63.2279384165215	1099.83032488008	394.98583984375
-60.7629700505552	1099.92811359056	392.951324462891
-61.9944807724861	1097.74024468072	393.061218261719
-34.7746431830961	1081.94031607949	382.973693847656
-36.9454812375716	1082.73660204337	383.200561523438
-35.449614660482	1081.14593247332	383.555603027344
-31.8880063293933	1120.12528899943	371.24462890625
-31.5923468601893	1120.1317674781	371.015808105469
-30.6624994087456	1122.30789230737	371.166961669922
-3.02611715591507	1118.89438066254	365.761352539062
-2.60049220520062	1119.4772640233	365.2783203125
-0.862889249700004	1124.63426890505	364.8681640625
8.75591067031246	1065.36183154607	354.978424072266
11.9620851735555	1064.67311347505	352.730316162109
10.8061857167838	1066.45810550982	353.086212158203
-4.86113532401151	1067.83737576604	370.834075927734
-2.92676272008799	1067.23473945002	372.005523681641
-1.30045071118229	1065.488923345	372.225158691406
-48.6519937841442	1049.53196006377	376.923950195312
-49.0245706941556	1049.40997892385	377.159271240234
-53.0381218753342	1049.19468027319	377.173309326172
-86.5387184837902	1081.86190037747	395.363250732422
-77.5514129169776	1074.61010996042	394.980560302734
-76.7607575836629	1074.04842614977	396.153594970703
-129.014560004612	1104.63216392862	404.544921875
-135.179583535623	1102.1744487432	402.452789306641
-135.032720965104	1101.26251948529	403.388793945312
-151.877766330387	1077.43518911673	417.642669677734
-150.900860407781	1077.60263894293	417.992156982422
-151.004586910293	1076.73229259799	417.430633544922
-170.665272078661	1054.85483827291	429.547515869141
-169.717037583936	1051.99370890353	429.694427490234
-171.916376774211	1053.42176477641	429.167358398438
-206.720790951976	1066.6436244163	438.983428955078
-202.393413661887	1066.28837337121	438.629760742188
-203.270912284026	1067.8166710499	438.955139160156
-209.074533719155	1028.34630808702	453.014404296875
-207.783579403028	1030.36906470876	453.034484863281
-209.617170417232	1031.84580194158	452.938262939453
-272.449059901047	1057.30633523481	465.875915527344
-271.502226026252	1057.70864514921	466.225952148438
-273.657172269678	1055.51004130662	466.279663085938
-313.150151005877	1028.73763713547	478.9384765625
-309.122936480309	1027.42418704528	475.001403808594
-305.766811820134	1028.26883666848	476.936340332031
-347.856396055829	1051.79262834031	478.432006835938
-349.522737020389	1052.03126858503	478.499786376953
-344.45560435392	1053.49238277811	481.266418457031
-344.5317962592	1000.43286193993	505.832153320312
-345.309210730552	1002.62975339324	506.107482910156
-342.882238311569	1005.58528115245	506.112640380859
-379.728997924951	987.283157349618	507.217834472656
-366.208133083799	988.761649913159	507.532379150391
-365.007236284428	986.929607245597	507.699371337891
-387.957894116187	980.285989112229	517.274841308594
-387.513222347957	978.82913668938	516.550109863281
-391.389768312599	976.782549104701	517.121154785156
-430.437370938586	992.289426932384	532.867431640625
-435.364688434751	992.904831841783	533.218566894531
-431.769969441758	994.71982696387	533.048217773438
-482.839481610938	971.054474853385	533.229309082031
-483.908085271055	966.830602146474	537.842163085938
-483.966100212246	970.770584457744	537.503356933594
-497.602702073891	987.007725833075	553.176452636719
-494.347615696233	986.142543549806	554.725524902344
-492.672357370911	982.00526178571	555.22314453125
-515.527807785119	934.217827650785	555.007873535156
-516.388473166341	932.961975390823	555.022216796875
-516.275554461143	933.335136594097	555.341125488281
-511.20076380668	939.862830365792	578.999755859375
-509.537636437892	936.579993556948	579.637817382812
-508.764569093848	934.601084995688	579.041687011719
-541.978890274258	899.011148901367	576.249267578125
-543.631834708968	900.51425634095	575.747863769531
-542.751568660079	911.389708637746	575.800354003906
-620.525056037208	903.704144652155	597.980102539062
-618.515833392001	906.32840676622	598.420288085938
-619.822357856519	901.861965947511	598.052124023438
-605.132553253432	865.858350299183	596.5
-594.377329737092	871.287589209808	596.819091796875
-593.926263913064	872.44938959069	597.6884765625
-609.709360744317	849.659055014417	616.462219238281
-611.072367303204	850.215684939965	616.278259277344
-604.372762562892	855.455828301239	616.341003417969
-672.348412403798	872.735337444377	608.273498535156
-669.996743893095	873.082139766825	608.906066894531
-675.959772129367	872.922887157476	609.061828613281
-659.863190231971	827.404589034017	632.150024414062
-654.255207659472	834.469379630662	631.105773925781
-655.937651424668	834.155622572659	630.498291015625
-665.05340278905	812.463550635304	618.911254882812
-663.87532835453	814.032765727698	618.706298828125
-673.903805949113	804.833675990264	618.781616210938
-773.49168307826	793.656221030968	645.911987304688
-771.254564351576	794.738270860675	645.621826171875
-771.041855887211	796.951444007391	645.763610839844
-731.430933912827	754.602660179975	651.325866699219
-720.085209985644	751.430511113697	650.759948730469
-728.738269138718	754.445836907545	650.725463867188
-738.264147599901	757.103153489693	647.144775390625
-737.353715057202	756.656222323289	646.529846191406
-738.905686395316	755.691618711829	646.323791503906
-770.442298743877	719.173009765761	645.712707519531
-773.511902011287	717.057720230476	645.501647949219
-783.240298525367	717.07922189016	645.617065429688
-852.054288337921	707.05867134214	668.976928710938
-851.563697734448	706.153221286948	669.063903808594
-851.035419636255	706.933617936896	665.1015625
-845.830171880254	672.965146035571	660.173645019531
-847.229747383969	674.227556543668	660.002136230469
-848.724796250528	673.711594417509	659.698120117188
-886.385100664426	660.734569010887	652.54150390625
-886.052938518302	659.766137385326	651.921936035156
-887.666387263447	659.817401229551	652.241333007812
-862.512334819502	645.095412774006	661.603515625
-861.993305197521	645.007483064241	661.084533691406
-862.064349091351	643.938656935976	661.350891113281
-900.879935565372	600.09380231802	665.278259277344
-906.773960654897	604.317231998565	664.839965820312
-902.410269481773	601.415752000556	662.853820800781
-926.790573574657	575.046976670234	683.887390136719
-931.621605346123	576.490197962965	683.950439453125
-936.556255603871	579.337619329256	683.769714355469
-906.464924682409	551.361269819405	674.867919921875
-909.158475328642	550.113363519341	673.812194824219
-910.49286678461	549.293994039632	675.219970703125
-949.23667189476	526.496388314605	658.775695800781
-947.156508095999	527.547187586746	658.699279785156
-943.439226202353	532.497698105416	658.5244140625
-954.60521074237	497.3950118924	654.525146484375
-958.211690486289	497.534288822518	655.087646484375
-957.127330785668	498.197398814288	654.096618652344
-940.670388569443	488.825093490085	665.509826660156
-938.260176124703	486.264164850481	664.932067871094
-938.137431375836	486.548517448058	664.948425292969
-952.606772117392	461.120181461369	632.786437988281
-956.288466729865	460.653420305069	633.627807617188
-954.441409038614	462.756726748815	633.717895507812
-980.394695816363	427.886291060312	634.631164550781
-982.958301620981	426.911160764915	635.270324707031
-973.317250729301	431.210911520949	635.134521484375
-988.212417728796	401.687909802095	614.379272460938
-994.964359419841	397.383556785285	619.32421875
-991.625842658856	400.383945187734	622.627258300781
-1033.11308784951	381.963325465383	585.458801269531
-1032.08532740998	383.562666243197	585.945068359375
-1033.16309175206	382.118951828114	585.081115722656
-1014.87579228846	347.99641574195	568.603942871094
-1013.38071642866	348.893197766744	568.463806152344
-1015.32163091224	346.762323138991	568.685974121094
-1047.45344212424	319.049433761975	550.698791503906
-1047.123514996	322.534276813647	550.11865234375
-1051.07815471197	325.441995013971	549.317016601562
-1051.33837673204	275.743837574507	516.556274414062
-1051.67942585681	275.785477656988	517.388061523438
-1050.94514224983	277.197913602748	517.4873046875
-1037.31864426004	252.000272021804	471.139099121094
-1026.16244664463	267.859753421384	471.003601074219
-1025.08294273173	261.490925259027	472.123168945312
-1054.75910121379	222.291779891465	443.850677490234
-1049.18645229784	222.814609855314	442.271362304688
-1037.45708448935	231.31770418269	443.589813232422
-1044.1227014606	201.583635900902	394.397125244141
-1043.84465931807	205.454754529046	391.451141357422
-1035.41724932097	207.331999157178	391.814453125
-1066.10199874561	163.131212550632	333.863525390625
-1061.96533445797	164.307255936072	337.473175048828
-1066.32826883809	167.785224756454	339.325866699219
-1076.57045353138	123.532062806729	297.293090820312
-1054.40846793326	156.590032244252	289.431060791016
-1055.78182747344	157.718151116782	291.209838867188
-1061.5879544207	157.2098809227	292.6689453125
-1060.10886759077	132.103584718444	301.147430419922
-1061.19914905768	132.146002390992	301.930633544922
-1062.84450905557	130.695796194688	301.514770507812
-1045.14649002801	180.30719894586	350.843231201172
-1045.23670876173	186.795242338717	352.407012939453
-1053.0130922261	176.54215922047	355.272552490234
-1037.00926493733	203.562777765791	395.523132324219
-1049.05611164031	209.68977701763	397.955780029297
-1050.33571582798	211.116200651352	399.352264404297
-1039.64825250837	232.59051945335	436.926361083984
-1018.90477202146	250.334858938602	440.703277587891
-1019.40858395781	249.439887026217	440.295989990234
-1023.00392935505	250.47750757671	440.025329589844
-1003.11562796097	267.468165628098	476.996215820312
-1004.33525335771	267.636052888113	479.730072021484
-1005.0605204609	265.237329058455	481.398010253906
-994.029663270344	307.935743340223	514.979675292969
-999.575701578332	284.598442997072	507.230102539062
-1005.14353321248	283.670955384143	507.539245605469
-996.184073817793	288.399957614362	507.884704589844
-972.006946789306	339.830741488865	554.697204589844
-972.423917035967	338.18375513662	554.730224609375
-975.336162643805	333.236116440221	554.07177734375
-1010.87747535627	356.907474772789	570.616394042969
-981.613524298018	363.744091500636	562.728881835938
-980.768105042739	365.09787681395	560.950256347656
-983.294523923168	364.566751233776	561.795593261719
-961.311331270082	376.550972034911	585.194152832031
-960.865261843986	377.753636667368	584.853332519531
-965.695460526858	374.803818554831	585.735473632812
-985.954202937718	402.858022572159	613.286804199219
-986.756810336521	404.54979274573	611.374572753906
-986.979079047002	406.737505741665	611.798217773438
-975.511406296263	436.192879876662	617.064514160156
-975.751583079738	437.302969978834	617.027770996094
-976.885494752471	435.658599325674	616.957275390625
-932.553586110682	462.006141546742	643.671325683594
-929.403588285033	462.805457956099	643.723937988281
-940.479818847872	457.097463633058	644.545166015625
-951.001885197668	482.809027095266	634.8115234375
-944.722713364119	487.910819278307	635.017517089844
-945.95428637141	487.594592958063	634.03173828125
-934.682936097464	513.011954407883	641.031066894531
-935.558071189764	512.515281359642	636.287414550781
-935.364916614579	513.157861327811	636.562561035156
-887.654158218635	559.067127318391	648.292297363281
-886.482531312212	559.656217636958	651.743103027344
-891.012646896022	558.180899401585	651.576538085938
-866.735405863248	570.245803308352	662.725952148438
-867.15588664005	569.916114841277	662.496948242188
-868.86546385889	570.737414623235	662.181701660156
-895.704051564109	583.108973549481	662.450439453125
-897.275109639896	584.625060971614	661.881469726562
-897.770663927881	585.082036569498	661.539306640625
-856.163135713427	595.203301588346	664.707763671875
-858.665323747028	596.293243889334	665.4892578125
-856.152687327798	595.357572969527	665.9228515625
-791.552710282572	641.609740753237	660.878234863281
-795.921967371533	637.781025575359	660.5166015625
-795.974670033484	638.157587139812	661.184814453125
-834.018565772611	661.40834047018	649.091979980469
-833.563931046236	661.999140146821	647.405212402344
-831.478553855323	662.875519442022	647.400634765625
-802.3648007295	678.810993669694	635.667724609375
-798.881739331616	677.005264220077	635.082946777344
-806.726101771754	677.077634490156	634.71240234375
-763.577066396971	695.025295234939	637.59033203125
-764.022571414782	694.524116883171	637.668273925781
-770.075514478406	691.565042696644	636.863403320312
-746.533704332241	719.925748207746	628.185668945312
-750.938712086983	720.629625572111	628.378723144531
-745.35685768858	720.779015585277	628.357421875
-700.589475411793	759.615623698258	639.679382324219
-701.222250714827	757.019578947285	639.839111328125
-701.526640791832	759.924478118383	639.421447753906
-748.943214265102	774.375486983696	629.370544433594
-743.301867892961	780.610345440938	626.174865722656
-741.15372238331	783.236636282559	627.278564453125
-684.586596064539	808.005147797913	607.753784179688
-679.202004467834	807.86139221067	607.709228515625
-677.447125626642	806.56587702585	611.300415039062
-639.149490118139	800.551748695123	616.140319824219
-638.840035359111	800.448702095068	615.796142578125
-641.89258286142	799.174984657149	616.146789550781
-633.163657146233	847.219316457275	601.828247070312
-629.907550651094	846.099340032898	604.938293457031
-629.891529125287	845.312456811749	600.0849609375
-595.55474235701	849.580812838052	590.340454101562
-595.183388127075	847.842191332364	589.745544433594
-593.426687956739	845.278706517406	590.224670410156
-584.622068784393	853.887688641862	590.273681640625
-586.161979032955	854.259077485218	590.729858398438
-586.035697342564	853.514908887936	589.912109375
-553.236456109244	892.836515168366	574.388366699219
-552.111004205191	894.031867351999	575.186462402344
-546.586137720968	893.332511379703	577.810180664062
-523.502210240953	909.041886477053	560.130737304688
-527.273371056302	909.136157487972	564.700927734375
-529.242573468207	908.235879628699	564.45361328125
-497.12465206507	895.338574806668	563.104187011719
-495.346009285696	896.355147799277	562.428955078125
-498.226611355309	897.918511074262	562.489868164062
-501.691196641276	952.788964127456	541.322204589844
-508.061588639747	951.597440707723	541.546997070312
-508.688529492803	951.236996076168	541.706604003906
-468.427708265327	959.554911073781	540.065490722656
-469.227373741327	959.594791357147	540.518920898438
-469.781200838866	959.224806267462	540.221557617188
-406.586312286416	933.48939680583	526.072875976562
-415.140687729316	960.719544234376	523.648376464844
-417.252383465012	959.968336652913	529.798706054688
-400.860818421955	954.721320399954	507.401123046875
-400.442733441379	955.471003224265	508.523681640625
-400.806273506126	955.133270690043	508.601226806641
-379.856307315842	958.37667903303	508.320648193359
-382.558496837014	959.942279859288	508.880462646484
-384.086831624386	964.974065045054	509.301330566406
-372.463654612092	1011.76008818	488.601165771484
-374.389856258173	1010.73955169741	486.272094726562
-368.434973443018	1009.71465237802	486.751403808594
-304.077310525217	979.325916892209	485.523590087891
-302.584344069047	984.264038301283	485.466918945312
-304.169883427166	984.923980051447	484.965240478516
-277.741227941174	1003.00419035656	468.663055419922
-282.493179280572	1013.44832519502	467.691772460938
-288.731639930429	1017.46133215075	465.59228515625
-262.030883416748	992.261158802062	461.129791259766
-261.383441909826	993.121139592142	463.240325927734
-254.042087091966	993.288260717803	459.695373535156
-266.493690037575	1029.56033600097	439.783233642578
-264.955177459122	1024.92454311722	438.558837890625
-264.550924341249	1025.75958858127	438.592376708984
-224.826347656915	1032.03912773498	439.611419677734
-227.174975209601	1045.59474096236	438.623474121094
-225.495245094516	1050.79618707597	439.67431640625
-161.284574317225	1028.41005072298	426.595520019531
-164.58172038908	1033.90276478991	425.543212890625
-165.947329612409	1037.28939222034	424.978485107422
-148.363614152673	1018.08136358588	407.207214355469
-151.704561633722	1022.16034055102	407.192749023438
-152.742503310279	1022.87678955756	407.570434570312
-101.702618315002	1019.17310903601	400.1630859375
-104.094909457476	1019.98535604672	400.456939697266
-103.685224295424	1018.40375937882	401.598449707031
-110.917414878078	1048.37915811062	385.677185058594
-108.291499027192	1047.09220625599	386.479736328125
-112.70811888003	1052.89460998626	386.470733642578
-67.266779407078	1052.98138041868	373.516540527344
-68.0370545477151	1054.19082104292	373.490325927734
-68.5375255559852	1053.57938255031	373.228668212891
-36.298327667315	1057.17819842176	364.320404052734
-32.9888968304564	1059.69625300981	361.975311279297
-30.4196483900847	1058.90411643788	361.836700439453
1.79855751225716	1052.35016371411	347.355407714844
6.01975339014871	1050.72068554162	346.865325927734
9.34172363233836	1049.9636919612	347.594482421875
20.9906270243679	1038.99330091276	351.308746337891
18.9127904435709	1043.14205167017	351.470397949219
19.2094359830884	1044.37916204418	351.603637695312
8.49145490579218	992.51314176243	343.641998291016
3.75792363537994	992.190548304865	341.309844970703
8.85019081803409	992.556751233549	340.571563720703
-15.2290102128362	1016.25494604797	357.281646728516
-23.4015386484712	1024.23823096766	355.016235351562
-24.0192708588101	1021.53454233449	355.427581787109
-65.445834273105	1045.66218625392	366.662261962891
-67.2314790148908	1046.64736155324	366.504272460938
-58.7978167669224	1045.66971834357	366.437469482422
-95.2702106329689	1025.50404577122	384.016265869141
-94.5100404854253	1023.81825178243	385.288360595703
-97.6331010878376	1025.29404990024	385.317749023438
-127.856270459734	1001.34845599148	389.004089355469
-128.721666395453	1001.27439733661	388.822265625
-128.832319603002	1000.61679127011	389.268402099609
-131.772147507273	1008.53814787516	405.862823486328
-132.831370173014	1009.31444982198	407.108825683594
-127.357758139322	1005.67304477581	405.189727783203
-159.170405177217	980.434689680632	421.480438232422
-162.353063592384	981.057337123355	421.12353515625
-166.251763283711	981.857906418264	421.890441894531
-203.336939245166	1003.60276621894	423.790466308594
-208.618994468913	1003.60761835094	424.169067382812
-205.636600183058	1003.72702253479	423.975952148438
-248.67461907964	989.989841782426	444.746185302734
-248.770316262704	1003.91937429803	445.833343505859
-247.875514437273	988.832649241959	445.54248046875
-272.645895288368	1001.07492422824	454.087493896484
-273.378256618277	1008.29896267592	452.857055664062
-277.300626268686	1009.11925771707	452.70166015625
-290.847525774388	951.326668035713	461.221984863281
-289.755401732964	952.114316507603	461.617156982422
-292.818104718069	953.808092916907	465.314544677734
-305.239786715784	973.842615193122	475.291656494141
-301.268293720372	972.229655473621	477.639068603516
-306.138205771416	974.30751433859	474.458618164062
-334.04493353737	968.084977268514	494.511840820312
-334.82210678488	967.752422105801	494.286468505859
-333.613315679355	966.013401310068	494.743713378906
-379.060752882019	961.216949846988	493.216552734375
-377.825138019186	959.223636683778	493.497802734375
-379.693334774615	960.690695303895	493.394104003906
-399.339947044915	926.531812121791	516.993591308594
-396.73107395109	927.746225566991	518.088317871094
-396.569754057538	928.051352404038	518.389282226562
-456.783513279705	921.864095992853	522.367492675781
-455.455021110661	921.702798278795	522.125427246094
-460.94214447474	931.066818752928	522.168395996094
-439.881867024289	894.239704288356	530.670471191406
-440.965582617394	894.177649199312	529.836608886719
-435.798500185765	901.032006519509	529.606689453125
-481.80714689244	903.576999496194	543.041381835938
-481.469850686246	905.240968434273	542.704711914062
-481.658249485427	906.248243309839	542.387145996094
-490.948905111562	871.558215040359	551.724060058594
-493.29674057202	874.008589590986	551.156494140625
-494.42845503736	879.87329217313	554.132385253906
-560.209792270825	847.054257850034	565.503112792969
-565.760732208052	851.029739745488	566.440795898438
-567.098746037203	855.570541375197	566.160400390625
-547.462377930243	832.490249390859	563.310241699219
-544.201444273194	834.263111525918	561.651123046875
-541.804975441079	836.500131585984	561.79150390625
-562.733102089442	811.072762233776	582.810791015625
-561.835106718445	813.420672428912	582.959106445312
-566.98205202825	811.203765292609	582.710693359375
-613.730725809678	833.387392550505	587.043579101562
-615.211978941849	833.778026646889	586.8232421875
-615.111348636623	830.367875080626	587.013854980469
-617.826503273138	784.244916854396	590.813537597656
-618.020572922706	784.59312700821	587.75244140625
-611.685320248823	788.035556320059	588.589111328125
-688.676628144318	759.801722640426	593.067565917969
-688.891693308079	759.796352350282	593.769287109375
-691.032173364091	760.922726979301	594.25439453125
-655.004906572912	767.328725353481	610.970703125
-654.743555723149	767.047992144526	610.779174804688
-654.211934688824	767.579187813257	611.153259277344
-688.256570752221	725.556958791568	622.4052734375
-686.951080242254	725.278919314515	621.663635253906
-682.987653597269	726.171996777817	621.558410644531
-736.02915340762	703.250102306856	624.69140625
-731.286084710601	703.621370781382	624.913452148438
-717.921015199006	704.625427077986	622.771423339844
-749.223453349022	705.918968928806	632.287963867188
-750.848706890096	705.640210068305	631.782043457031
-752.751987857558	706.364883244792	632.124084472656
-725.059691627255	679.298889481606	630.384765625
-725.775846295983	676.045461609627	630.439208984375
-727.611531756854	670.469102482753	629.986145019531
-757.747626091104	657.35541918216	638.869750976562
-759.518087878394	658.558818662267	639.052062988281
-760.135156943904	657.570987006708	638.233947753906
-797.677176021494	611.164773956102	648.884216308594
-792.421281766128	614.442327622342	648.4775390625
-792.408883977587	614.826390140514	646.462707519531
-795.615896556838	604.65298242881	646.515747070312
-800.606621934275	599.490461420783	646.185668945312
-800.052497061283	600.637094651071	646.127624511719
-829.606630867695	596.368492248357	648.462341308594
-829.878138672289	595.986223368835	647.972473144531
-831.524073117222	595.993477239257	648.068298339844
-865.356594820975	562.870081199802	650.5625
-862.696877153349	562.960756579014	650.096252441406
-865.282254328577	562.383896755952	650.4970703125
-893.014817849234	515.066198742827	643.007629394531
-894.022215454353	514.350233511378	643.051086425781
-891.305012571912	515.445132321332	643.030456542969
-866.917816828893	513.159173718106	641.411193847656
-864.365361455458	513.436331830078	642.587707519531
-866.302559134045	514.192749766418	641.330505371094
-928.416122419034	479.493122838554	621.193664550781
-928.00815844021	479.384526966753	621.842407226562
-926.349738764676	479.997588598912	621.349365234375
-904.219724889797	449.367956573521	625.130187988281
-903.587447511873	448.214808037766	625.783935546875
-902.37817531106	452.258611036451	625.739318847656
-934.60608510157	430.261540681135	594.871337890625
-929.809081311379	431.566094073137	594.695007324219
-937.708522317309	427.306755667263	594.352233886719
-935.189026300095	403.537349406809	592.800842285156
-934.086195758133	400.128521970089	591.516906738281
-933.516391622836	401.221816231979	592.735290527344
-962.607677214526	374.125854988904	574.315979003906
-957.188617087719	377.336319162636	574.865966796875
-960.949299444869	374.328933904344	575.092529296875
-957.870513790399	347.909965591748	543.274353027344
-953.109347410409	345.074237815471	546.45556640625
-952.645361523501	341.394565582814	546.722961425781
-976.789102382398	299.893101505502	515.370300292969
-968.148043765208	300.327654399892	515.33154296875
-995.304800953658	314.664763876381	515.239196777344
-992.497779668704	277.960192547962	493.694702148438
-994.59712697467	272.666156663805	493.41162109375
-993.280282789425	271.079877268007	494.058654785156
-968.141368861603	261.565297852008	458.954559326172
-973.769501703154	255.633673219659	457.420867919922
-974.276907276478	258.263226365615	459.689910888672
-972.93303001536	235.615383758722	417.419860839844
-977.958629045645	230.748101478134	416.72998046875
-976.75378252575	234.539329737954	416.431335449219
-1019.86517393388	172.707455832256	366.076782226562
-1019.60449201854	177.0596341274	366.7890625
-1025.85062011553	180.106748892601	367.124084472656
-1016.56927700845	157.563400860357	328.179748535156
-1018.30062170192	157.802336711566	327.923217773438
-1015.37795642225	156.98515981501	325.015930175781
-1025.08338739898	125.945589233294	267.608367919922
-1027.31146078741	122.629836610962	266.341583251953
-1026.1359575168	123.346445648749	266.336151123047
-1037.31030812445	95.6541107101895	229.119338989258
-1035.45491631316	95.3850634337717	227.958465576172
-1034.74663653179	100.887825668355	226.13525390625
-1047.1945114131	108.644256184189	248.192596435547
-1051.69126043723	108.888985872805	246.851654052734
-1053.90454605004	113.357849404719	245.176849365234
-966.931971823214	112.227197932439	244.044982910156
-949.61968899934	117.658954102378	240.652633666992
-958.684228405823	113.024557555247	241.051376342773
-948.915640406689	93.7838756642363	188.281799316406
-983.79147590295	93.44325419862	201.240997314453
-1001.52772792265	76.8295364155987	181.427062988281
-999.792458525777	79.780342938615	181.513336181641
-1000.09057459649	79.9535788420145	181.024841308594
-990.300942077398	134.472709560893	293.67626953125
-982.9651857293	133.73984571391	295.393249511719
-990.129927349723	134.554877134524	294.892181396484
-980.08071846926	175.464173337016	342.954925537109
-971.897495386627	173.80247708403	343.894439697266
-974.462062976733	172.16995518839	344.590637207031
-953.397577994185	215.084798152048	390.187072753906
-954.896162679988	213.231716933872	391.305694580078
-950.468860382348	218.032476207703	390.691864013672
-942.916402150278	235.044649570007	425.512573242188
-943.677635629208	236.187059691378	425.182983398438
-932.739053983267	247.713673295599	425.336120605469
-945.227061169001	272.455496893964	471.992095947266
-946.833358536779	270.993972975776	471.570556640625
-941.273037142522	278.344024175213	473.849761962891
-931.764906287785	290.934277289904	490.703002929688
-926.342139057971	293.537736517059	489.585479736328
-929.770280938319	291.213856824616	490.294067382812
-948.96759685293	330.607947553264	532.636474609375
-950.712682342235	328.725250625254	530.491943359375
-954.964821154442	325.208557019216	531.136962890625
-914.78748739709	341.338111024321	543.896606445312
-914.399701814853	341.826034696384	544.071655273438
-920.119527122504	339.514710661358	544.110168457031
-937.131318916164	370.972679961091	566.148620605469
-936.997589722861	370.13125415811	566.131896972656
-938.737155513886	368.835671867669	566.712890625
-923.383055981867	387.928126801918	591.355041503906
-921.725332485877	389.878008299141	591.629028320312
-922.130028900879	389.761508656381	592.298950195312
-896.842368420692	423.627526123782	603.159606933594
-898.528618153449	428.013692050588	602.158569335938
-889.796693319001	421.316007574494	604.316162109375
-880.064111673061	449.690736827927	614.35546875
-882.10993108219	448.747523175712	611.549011230469
-884.972966205013	453.315531202793	605.402099609375
-859.91264816523	497.368014731581	619.511413574219
-859.803736772922	498.659070732365	619.671752929688
-858.913814284414	497.171753855979	619.127075195312
-825.606784270217	501.037141633228	628.546325683594
-823.819273464966	501.027873244662	628.721557617188
-824.569761919714	502.124668310113	628.588134765625
-820.214987842013	546.222838270793	633.632385253906
-829.225947658733	544.147094209623	632.774230957031
-829.511865595813	544.616633618295	632.738098144531
-800.852237884707	581.245849115164	630.333862304688
-800.086639734177	580.392263341764	630.908874511719
-797.144154857827	577.479592083927	630.436584472656
-801.461948758168	600.113559663965	633.504028320312
-790.317110038365	595.95569542886	629.777709960938
-798.365661134995	597.152555365645	630.010986328125
-745.280597380013	610.18689900645	621.010314941406
-747.611248676461	607.319908367845	620.610229492188
-746.941952065312	607.844229619743	620.583068847656
-721.247791969363	635.353714961159	625.947509765625
-726.183648615493	628.566541560769	625.502868652344
-720.835895961301	635.048064199275	624.656372070312
-731.980850393328	674.924170504557	625.986389160156
-732.71860622691	673.453601807808	625.34130859375
-731.876726915795	673.031299098224	624.927917480469
-749.791772617071	666.985625658773	608.73779296875
-706.097277141249	666.267262961671	603.319396972656
-706.973626610882	665.654115508258	606.290954589844
-708.30805359635	664.78853496873	606.094299316406
-713.78939830321	712.092810825863	602.692443847656
-713.100118764492	712.537783076125	602.134094238281
-715.120774037607	712.714166109032	602.263610839844
-682.134567380001	698.521889485847	590.698974609375
-677.481899924167	699.805471036803	589.903198242188
-675.653274081814	699.013833182568	588.968505859375
-617.049097229693	740.007578750351	595.346618652344
-683.139518469169	732.879830821841	598.103881835938
-684.416695516825	735.860482822188	597.854614257812
-684.517325362543	741.429668776575	597.511535644531
-603.696372698454	771.832793821433	586.864379882812
-604.899677513836	761.973985482677	586.63623046875
-603.35186628194	761.51973447991	586.648559570312
-631.828533750645	792.718085582554	570.871765136719
-631.661549418923	794.496465117036	570.647155761719
-636.254274135721	793.556990944484	570.032348632812
-551.227547995276	793.770304303377	577.759826660156
-586.069364737697	820.742162149847	564.484924316406
-588.43164271232	818.81937126515	564.863098144531
-584.631810759752	816.345863324113	565.140991210938
-531.641234162682	816.315312855843	570.000427246094
-533.987125073301	814.961857789902	569.020629882812
-533.041691325864	813.229171434928	568.3427734375
-550.162993530351	845.265150505375	546.054321289062
-552.771581900534	847.228730384486	545.637634277344
-550.924173044225	844.332725637734	545.798034667969
-492.40892074807	824.464418647477	548.795654296875
-523.03161411076	863.772991522948	535.21337890625
-524.203199909834	862.744351816202	533.001770019531
-522.331930857034	861.373619404473	533.535583496094
-457.216671232902	865.839876423382	538.627563476562
-453.143517706539	861.43102833571	538.414855957031
-454.254509582023	853.894448729431	538.358154296875
-480.656290779781	864.666735131074	514.039794921875
-483.555931888495	866.050980461134	514.466796875
-480.522688482245	864.781936254109	514.53515625
-406.052597745591	894.243837411522	516.559875488281
-409.279218377786	897.152572536075	515.756408691406
-454.329308275907	887.425666440897	520.978698730469
-454.10387303151	891.13365105737	520.443298339844
-454.39189005888	891.348019686338	520.938598632812
-373.459279894574	891.64747406666	495.657012939453
-371.266864156566	893.956472413069	495.474090576172
-373.40932432979	893.975434907886	496.2705078125
-367.753306753554	902.682159998251	499.191009521484
-366.918649510153	901.387269814845	498.46337890625
-368.080324011081	901.639759978146	498.775360107422
-357.42614363768	945.677090385325	475.712341308594
-359.541764344269	945.136441384201	478.450500488281
-343.427142182482	913.880234278475	486.354522705078
-345.239172453586	914.090446359266	485.830413818359
-342.479099278791	914.657293166944	485.981018066406
-326.235947136115	947.86458463787	462.775726318359
-326.777588587672	947.556703260144	461.68994140625
-326.87166581894	948.532860116738	464.405700683594
-272.062651370928	947.033354083262	458.752655029297
-269.789873979299	945.257065016133	458.686553955078
-271.365502792822	943.253225518861	459.547454833984
-289.449274381039	959.370586051579	438.207366943359
-290.539487629353	960.138910176914	438.658203125
-248.644726151828	932.678981296157	448.416320800781
-242.237667705674	944.435566065143	449.933410644531
-244.5634158412	942.373006318337	449.651672363281
-256.99703679381	960.264274341278	434.073760986328
-260.35326892534	971.574480286932	433.985290527344
-258.605701827465	968.58003892682	433.423278808594
-205.690485816372	973.271090333185	425.5302734375
-207.372765385238	974.119759359279	425.710876464844
-208.477203336903	972.411727537819	424.915191650391
-164.877584792915	947.186313491496	407.005981445312
-163.006506887076	946.504178517627	408.129638671875
-185.463684747558	993.330859886513	413.419525146484
-187.6549343071	994.271442814715	413.073425292969
-185.884515290082	992.990722494448	410.763244628906
-136.803461049774	978.535423840389	394.202819824219
-130.330195710234	974.349086294492	396.662719726562
-131.047820633248	973.913901159538	397.177734375
-110.753795489711	965.345889439599	388.552612304688
-111.650237438877	966.837700823147	390.404510498047
-112.179772768659	965.20459930366	390.252532958984
-82.6309496856177	998.53499115172	373.303192138672
-68.5991321398787	964.092727811197	371.974517822266
-64.9921813740818	969.398092890939	373.071960449219
-64.1981755289644	969.058263455324	372.929718017578
-64.560897451755	977.744789469154	359.705291748047
-69.9548908801268	982.144109191982	359.097869873047
-66.6399152310941	980.728515011169	359.518676757812
-35.3938762827567	1001.42110878135	348.314453125
-31.8183422544338	1000.30001145743	348.363586425781
-36.5879653477066	998.37908527018	348.002227783203
15.1550130763203	985.399552885794	337.126159667969
17.0648797031312	983.27282372847	337.226470947266
-3.03039714617188	1013.63085032399	339.420776367188
-2.70017252716218	1012.82898898698	339.011108398438
-4.7840090606577	1011.96093842189	338.501220703125
-1.90159975762657	1017.31914557003	340.151031494141
-15.2788197516179	1001.74651039381	340.362762451172
-13.8245584458702	1006.3350299479	340.380950927734
12.5592681725552	937.828015733302	330.202362060547
11.1367925241439	935.960238785098	328.669097900391
5.63371068093807	935.062345741237	328.865417480469
-19.1079457204104	959.231540586009	340.532196044922
-32.2622470530776	945.757909813099	342.722595214844
-34.9016241177341	947.707506557392	342.549560546875
-29.1887231394735	945.480605408431	342.539428710938
-42.6040843249029	942.326362664038	356.022033691406
-41.9782603037278	946.344903237838	355.576049804688
-42.1285211174619	949.730394656907	355.562957763672
-85.9846256617147	960.739431720426	365.484466552734
-85.8945583797582	962.677855386163	365.731079101562
-88.6316501858236	962.091657009611	365.717102050781
-130.823362812699	951.513444005539	383.717407226562
-126.911991654377	947.144229560148	382.958984375
-99.0946821196438	942.046363057801	384.409210205078
-101.037973776753	944.071273403733	381.525482177734
-99.1531412232017	943.19999862758	380.044921875
-148.987817806988	956.571612443127	387.738464355469
-148.003466408944	963.042865231416	386.905090332031
-148.794561343742	967.199766857594	387.153747558594
-169.999932175419	932.620515003456	403.466033935547
-169.32421018164	931.658888124829	403.525299072266
-173.973232272848	932.232555565589	404.056823730469
-195.328252574566	945.023145263874	413.136291503906
-195.034311942329	943.715275510098	413.234710693359
-198.46594749123	944.221034981129	413.053436279297
-224.418012944895	901.181054024398	431.450561523438
-224.367462210936	901.051563051546	430.66943359375
-222.886961271827	902.942004865466	432.405731201172
-259.213456260671	934.70784801845	432.871002197266
-257.124060488786	934.089949185651	432.541931152344
-258.210343885127	933.341631812119	433.062866210938
-305.55400609055	903.272289555732	454.374450683594
-303.168691440611	902.08560352653	454.163024902344
-302.554833770503	902.555066209128	454.329895019531
-297.079050237869	903.875251961394	455.339935302734
-294.873910657498	903.573022567906	457.351593017578
-296.37367908538	903.359718406717	457.415588378906
-351.681665165033	877.496752101939	473.477569580078
-353.923282475102	876.393219177813	473.227905273438
-351.402728963161	878.105641259503	472.891632080078
-350.278117781154	886.841933028418	486.251495361328
-349.623351162943	887.07087440435	486.518981933594
-351.098554037211	888.153568390808	486.433013916016
-427.324816309395	879.849411046026	493.609130859375
-428.015691046892	880.441211583232	493.787078857422
-424.885534685996	883.241732367994	494.447570800781
-406.762268918435	849.752139358567	506.533813476562
-409.204885238644	847.057417508639	507.888031005859
-408.367791294949	850.28498882804	508.740905761719
-449.247747373803	828.56198852358	511.974487304688
-451.273979674825	830.140562081055	512.468566894531
-449.544384655095	829.758224269744	512.545593261719
-460.933834867305	820.41451772445	532.67431640625
-459.933570483245	821.516872250345	532.578063964844
-463.893711420684	815.940828364136	533.685913085938
-543.462132051269	815.230204796073	530.287048339844
-545.069189499763	813.22194627258	530.259399414062
-547.222600227859	813.337225854458	530.164428710938
-502.718317836475	792.864862255655	549.603637695312
-501.704398248913	796.461506342834	549.544555664062
-504.614920490767	795.832639766772	549.226928710938
-537.53601130526	760.546689116806	549.848937988281
-535.840884126849	761.468864670355	549.107116699219
-534.923414148062	762.290536884126	549.276550292969
-582.434258325912	781.758423061648	566.400939941406
-583.383791601618	783.451524096796	565.948913574219
-584.757866288418	782.141458564511	566.443359375
-590.552994802104	734.394440685428	558.864318847656
-583.270750799956	738.417518711157	558.831298828125
-582.467846099697	739.141398938372	559.035827636719
-635.725572011071	736.418022478579	578.528259277344
-638.807156736211	735.094608329683	578.251220703125
-641.74626920449	734.258905820765	577.212341308594
-675.438820119632	715.730702888979	575.078491210938
-674.682232089762	715.44852988652	576.315368652344
-675.030552902612	716.328894452626	575.436889648438
-634.199025100608	682.824759079221	589.477783203125
-635.368613932125	683.601017325456	589.832458496094
-636.563631001265	679.351596633885	589.839233398438
-692.610500348048	648.169845930055	605.536804199219
-694.394859944159	648.4609976342	605.429870605469
-689.938550579958	649.482590431704	605.180419921875
-729.327364987615	653.250893836322	600.825500488281
-732.624353823136	651.343411178323	600.311279296875
-733.626686052325	650.991769372103	601.149169921875
-767.512540486908	605.521293390742	598.450500488281
-767.757210752858	606.327703640378	597.914184570312
-768.020507942149	609.841888138182	597.50439453125
-746.741154373535	606.786020306349	598.065368652344
-752.705654821008	605.640614041095	598.308898925781
-761.057542299061	600.693094986861	597.75146484375
-756.108693792972	586.972140931273	595.965454101562
-755.807805150049	585.672796813545	596.195983886719
-753.810223370446	584.476301966735	604.692138671875
-774.136355849141	553.5541208279	614.932373046875
-778.49731539218	554.544982295262	615.306762695312
-781.656009767007	556.590486030593	615.312805175781
-802.723387780973	503.087730520531	610.882263183594
-799.983731424843	503.929635995778	609.918518066406
-804.883430183674	501.556417407821	609.9619140625
-813.264712216694	480.329288626228	602.902770996094
-813.907890195429	481.502809122004	602.420959472656
-813.505898557752	480.658699593474	602.437377929688
-816.15134719663	481.592932405661	592.133850097656
-818.299959148106	483.69783857445	594.166381835938
-817.90878767357	481.987954238732	593.996948242188
-870.69656165438	447.468857500599	599.891845703125
-871.566568564236	446.942103991586	600.734191894531
-870.933877890253	448.287769128901	600.042541503906
-876.200148940439	412.480767550364	582.896057128906
-872.117531536976	411.298056784271	583.735656738281
-874.972388400356	411.429199179869	583.383178710938
-901.05488448989	379.660827149096	565.649963378906
-903.107841905591	379.469544970203	566.293579101562
-902.612322709399	381.857495213909	565.904418945312
-912.270926843817	353.653119558506	547.032958984375
-913.555172729739	356.189394324311	544.5498046875
-913.546296903471	354.349720260932	544.479797363281
-915.122947273915	337.611576056865	522.113647460938
-914.367811232821	339.31777259595	523.409545898438
-914.026789460127	338.474221922338	524.371215820312
-913.668535533523	303.536976010439	510.988647460938
-912.228738043755	305.768016111212	511.267730712891
-913.324459776269	304.708966447307	511.146362304688
-919.839359336712	288.866606515461	477.659637451172
-918.601637854121	289.336329637148	476.448516845703
-923.464540081603	287.485145034019	477.044342041016
-903.688434255591	252.779182349564	441.200714111328
-899.733019391774	253.991480432764	439.839019775391
-899.601941982359	257.680154555515	439.320281982422
-914.623104519643	219.841270990692	406.891174316406
-905.202699358552	224.281065294321	405.899719238281
-945.874265712165	214.318862337843	407.436676025391
-947.131142096954	212.81087945884	408.372650146484
-945.710669152921	210.340281051466	409.5810546875
-941.176191109093	186.817687689013	358.073425292969
-940.774645638662	186.58719537996	359.685119628906
-939.779743925007	184.532394183788	360.278503417969
-954.377009182748	170.570100008394	321.223449707031
-957.30278540489	169.97411928625	319.272796630859
-961.948127900258	169.096858872031	316.453521728516
-957.360409662439	128.875805003091	268.953674316406
-955.252557109586	129.0535112088	267.237976074219
-946.375095167165	127.903002365091	269.448455810547
-946.871646178533	98.8787621876693	208.355682373047
-943.596687764598	99.6500105558955	209.22087097168
-947.163203890482	100.955605034274	210.100967407227
-934.44182362583	80.3026437246788	143.615081787109
-937.760554728276	79.3425103112164	152.433227539062
-949.142284420322	71.1443333081479	158.110733032227
-934.666605515234	53.4015265170129	144.847061157227
-939.901088944928	55.1832001722901	144.830718994141
-937.653015856262	54.9897355628704	144.967834472656
-945.12274378306	94.3361037238564	193.531936645508
-941.782054362753	91.0134510211154	192.745529174805
-945.436974014297	96.6967825387518	194.067443847656
-948.224823734977	124.130606702347	253.836288452148
-943.659447581384	127.028517684612	255.655075073242
-938.980536597084	126.506416706023	256.129669189453
-901.105581323485	167.179087716137	307.824737548828
-907.594903778773	166.015808295948	307.898254394531
-901.957656204289	167.530118689374	307.945556640625
-918.945332355372	180.083337482845	349.280181884766
-918.764462012506	180.575817670832	349.222534179688
-916.144257247577	180.134424653133	348.993591308594
-931.463434350707	199.334045804269	393.14990234375
-932.22336974987	199.159633456967	391.960906982422
-931.823913509106	208.890456484518	393.259155273438
-883.584365263294	256.201504571354	427.452575683594
-887.377647995185	253.943796796681	426.547790527344
-884.938589434195	253.949638487678	426.5986328125
-913.965643783156	261.158462400958	460.807098388672
-912.919149995553	267.153709750318	462.808959960938
-913.683838200381	266.396020972486	463.045715332031
-882.825527017317	297.746291480894	494.432464599609
-889.834353246704	303.776669670797	494.910858154297
-891.71265294666	303.195475086328	494.891784667969
-854.844926168082	340.600215592673	513.976013183594
-853.569787319838	340.877106358409	513.729858398438
-852.742289294076	341.476542584327	512.953125
-866.215402986417	353.5512078413	529.645935058594
-869.15060300597	350.26381489381	529.427612304688
-868.466006039389	351.104912047504	529.013793945312
-859.453612571572	387.970139585546	548.072509765625
-858.284248152357	380.391158097495	548.558410644531
-862.139797102264	383.952955672531	548.330932617188
-850.328599745924	404.550651280798	567.618347167969
-851.240078495751	402.312365990719	567.083618164062
-850.848080862134	403.510350212329	567.701782226562
-808.326513654866	434.522955765515	576.545227050781
-805.039949563705	435.88144495711	576.625244140625
-802.523198048535	439.361445286899	577.14111328125
-831.393847000771	460.069601867727	573.868469238281
-831.941964881458	460.447217814714	573.577087402344
-830.136539346107	461.44416479528	573.33642578125
-776.512695547317	498.954912763029	588.563415527344
-794.081346001597	473.328747517571	592.153198242188
-793.460216837787	473.773309945825	592.331970214844
-790.983074860537	473.298925977106	591.990112304688
-789.46790394255	510.573774705381	590.102355957031
-789.132140000908	510.091204701679	590.01123046875
-791.485210813504	508.870482705377	590.147583007812
-787.89562469064	533.115333421371	591.419982910156
-787.60433871303	537.847377080954	591.366760253906
-787.613507816507	535.100709932841	591.142578125
-760.692653964107	548.179763427789	588.439819335938
-759.506555965251	547.86341996539	588.380920410156
-760.396978956464	548.226486824661	588.302062988281
-697.998046235986	587.354867694031	581.274536132812
-698.318630483664	593.923652763183	581.066955566406
-698.003137531481	594.210475409577	581.394348144531
-691.806718981066	619.904078842869	579.022216796875
-690.426303384456	619.352246453519	579.202819824219
-690.589312744795	619.46543871389	580.076232910156
-704.775979254547	625.18859204784	586.23095703125
-704.919935732264	625.332775763579	582.539306640625
-705.022531907749	625.098976163221	582.000183105469
-637.268682277303	654.095840140581	579.464172363281
-630.550191027758	660.530012403745	578.911315917969
-634.098583913844	656.440511089653	578.826293945312
-647.030851017651	654.375789569569	565.214965820312
-645.490375401912	655.085343687486	565.573547363281
-645.143030550011	653.174035460007	565.835693359375
-582.785878101028	690.300840332459	562.733947753906
-592.800897785551	683.90155922956	562.358581542969
-584.277172068384	688.504810850416	559.989013671875
-617.491095719555	719.642198414327	560.832275390625
-615.442170280794	723.399355256246	560.592895507812
-616.974802956349	725.105963519177	559.481750488281
-541.04806080206	739.720201561013	554.000793457031
-541.470194661261	736.624091761798	554.508544921875
-540.008316153189	748.094986820038	554.398620605469
-518.274210962619	739.435431661087	532.477905273438
-524.549411127627	735.600583231995	532.286437988281
-520.226250441269	736.698033846384	531.958251953125
-516.15420520296	779.01080990068	536.946228027344
-516.28905549727	780.240856802323	536.754699707031
-516.902723984278	780.049607807928	536.440612792969
-462.323161840535	779.372384475703	521.670776367188
-463.407767659563	775.338918904898	521.1875
-465.529478503564	775.200673916601	521.325744628906
-479.927358234049	821.751747081787	514.678344726562
-483.983210400111	820.23741096931	514.864624023438
-479.590224516252	821.268324043426	514.145629882812
-465.116976291534	829.422008149181	512.242248535156
-465.188520572797	829.155962404126	512.547424316406
-466.740723401643	827.935836126359	512.370422363281
-399.792391521142	819.078546953245	491.776916503906
-405.703970477348	815.586180024084	491.318176269531
-399.498821598452	817.965537494303	490.722106933594
-401.394339244409	830.828965009109	486.48291015625
-397.229731691979	831.470538487597	485.822509765625
-408.975740684099	829.783408855545	485.955383300781
-372.971212005328	865.255701042098	470.279174804688
-370.959225486844	865.125597799885	469.9638671875
-373.02545679867	863.758909317035	469.797180175781
-350.510860853056	879.617643191625	455.501525878906
-349.254697252129	878.533198968791	455.675659179688
-349.403030663515	879.354765918209	455.369140625
-282.524409985934	861.647650964444	454.456512451172
-284.39257051233	860.701143903539	454.208190917969
-281.287671517007	864.818014785125	454.503753662109
-295.712188926783	887.981758770844	432.928344726562
-294.510541426264	889.36204046292	433.734680175781
-293.456008042245	892.977608224753	433.149627685547
-226.330477240442	887.181012480227	429.731750488281
-227.403819356026	888.404933133499	429.352142333984
-228.263198889179	886.331427890821	429.621032714844
-202.348111187128	904.995842039461	412.557495117188
-209.922297138624	910.138438685527	413.485931396484
-211.189541666708	910.277473664567	411.834930419922
-180.638389933171	889.809624351869	401.679260253906
-173.076194292752	887.647734951961	402.025360107422
-178.013923328567	888.252925928637	402.261962890625
-174.794231913881	933.200554821922	393.839111328125
-172.428451606675	932.92008957433	393.878540039062
-174.483747820239	937.388393036081	393.7578125
-129.858116927293	923.389844599371	376.283569335938
-119.827351659166	906.326698511165	378.273254394531
-118.224813947981	918.658634701634	377.951080322266
-94.8249863417496	929.030774013244	367.949981689453
-94.1351181049394	928.206215913787	368.29736328125
-94.8250754089119	927.163928029224	368.274719238281
-68.5785684583444	906.779135132967	357.366729736328
-62.9664868494447	903.702038480691	357.82958984375
-65.0701101457576	902.80935625279	357.324371337891
-51.8407281731498	921.857884750595	342.110565185547
-52.3875495200998	919.670032484201	341.630126953125
-53.0061149673936	920.318554601243	341.220275878906
-15.2237020629521	936.952443541686	329.926086425781
-18.0115759052413	936.420121237758	329.449401855469
-19.305448958456	938.188798881221	329.568206787109
9.68291245614216	929.716627567038	322.484893798828
6.08145812484457	930.810540420793	321.811614990234
6.35333658142156	930.812150591958	321.354614257812
-4.0364780798505	920.440925874333	313.134216308594
-3.93607288005217	919.485720297347	313.576568603516
-4.40369090648198	921.565304204235	313.600067138672
-23.876252834314	882.781125415609	330.203186035156
-23.8886836556744	881.339427735844	330.264556884766
-25.954844515061	882.676513317688	331.2373046875
-47.7133875600371	903.008113770898	342.231994628906
-48.0132966431402	896.886826970844	341.875427246094
-48.4744634934326	901.749627320113	341.383117675781
-80.8318100131078	874.181198571822	352.810638427734
-78.9880218816677	872.209078554484	352.809020996094
-75.8571811973544	872.500707513587	352.852905273438
-119.381238585181	898.78981696061	365.912109375
-119.456978982626	899.039414768614	366.092926025391
-118.772670797728	898.113148516385	366.179718017578
-151.215901611059	901.73067558476	376.548370361328
-152.507240838268	902.609127918014	376.121032714844
-151.160416521717	901.919232454448	377.145690917969
-173.409827382292	868.704957129002	393.134521484375
-171.871193535225	868.4152680201	392.749603271484
-171.62367783831	867.876020345506	392.407531738281
-219.555754139485	869.02751933705	398.607513427734
-220.617722249442	870.347140895151	398.707611083984
-221.082370095461	868.608338910622	398.483154296875
-211.297153423763	863.549837008313	417.506103515625
-213.131683788918	866.361122746825	417.465362548828
-214.853716681793	869.673246808545	417.125762939453
-271.738365900374	872.932327111828	421.173583984375
-272.159106298213	873.240099808793	422.28076171875
-269.878066407682	872.508542635239	422.479034423828
-294.097236530773	839.397591446333	439.559906005859
-292.654755486355	840.425473262619	439.830383300781
-296.930329650042	839.472140671579	439.4384765625
-333.352111742818	832.150239786171	446.617309570312
-336.498486719722	835.568568349551	446.17724609375
-336.232761726524	837.303715169565	445.856170654297
-329.473572283624	832.847665506147	463.385131835938
-328.052672303205	832.165735476624	462.899078369141
-327.868905354911	830.975910974085	462.703155517578
-376.752480218336	828.241240615708	467.333312988281
-379.55088699365	828.508748482391	467.363830566406
-380.200186285492	827.451422578925	466.376098632812
-391.507416332235	793.695618420962	485.609802246094
-391.380667472636	793.796000321257	486.356872558594
-394.131281459519	794.440806832992	486.509155273438
-447.996263960242	770.563462689133	495.344848632812
-450.17307470252	775.85244720905	495.381927490234
-448.993962833074	774.377892072262	495.064697265625
-420.579115876641	780.769222826318	497.03955078125
-418.267608758993	777.54701430947	497.177459716797
-418.970912620879	777.764176255561	501.008056640625
-499.486366086579	772.590065931804	508.222961425781
-497.242202191158	772.839173147634	508.108367919922
-497.938019350989	771.169553077012	508.924407958984
-484.405476874793	726.233830692075	521.42578125
-485.93168107186	726.235260975771	521.028137207031
-485.835743483049	726.9586255664	521.206420898438
-525.24448494702	714.488801130252	529.452331542969
-525.855322400592	713.679675203102	528.623229980469
-525.23857251679	715.410741596598	529.115966796875
-547.025112011122	719.499595377451	537.544067382812
-544.578797504341	718.260532540909	537.624877929688
-547.84244464532	717.983124881455	535.2265625
-546.278367927528	684.91157404266	539.356628417969
-550.307216423137	682.338799570361	539.294677734375
-544.962973115077	684.632685169631	539.544372558594
-623.506876781997	679.053996330392	558.643981933594
-621.99146539028	679.960915759997	558.448364257812
-620.050311687639	681.864242302054	557.853393554688
-643.445663166579	655.0981089864	549.738098144531
-635.511434271152	663.302841304562	550.300415039062
-631.563427595773	667.033178629964	550.485473632812
-622.511591348779	621.641379702213	561.430358886719
-623.501543166443	623.285872355339	561.762939453125
-622.17601731323	631.916063767619	562.230041503906
-636.75040771584	598.896393616009	574.145446777344
-640.246820268364	594.249966454955	574.92333984375
-638.541973736539	596.032068560995	574.6865234375
-705.057754299718	572.490265533237	570.027526855469
-704.413269421041	572.238301019773	570.12646484375
-701.514196719201	572.080315549755	570.148071289062
-671.320507615585	556.865475828501	570.737731933594
-675.775615879339	553.545535484606	570.914123535156
-672.75532235245	556.217069223473	570.427673339844
-726.466791819156	522.454962121105	574.22705078125
-720.630534477163	523.380882881353	574.504272460938
-725.527250211575	521.848031482747	573.641052246094
-732.275109653025	494.240192194306	571.002685546875
-727.228841452548	496.658288893831	569.863830566406
-725.45000093689	497.374589573133	568.851745605469
-721.299045502012	488.171012810107	568.660522460938
-727.34954131724	482.450201850412	568.454223632812
-723.901933196383	487.425500244058	568.668090820312
-790.945175304388	454.231387438903	563.250610351562
-789.748137082835	454.396295474098	562.528869628906
-788.894025042884	455.044926118012	562.744689941406
-790.183187528058	427.634813911034	566.46484375
-797.837732572301	428.281629418434	566.639587402344
-797.794046622873	428.046200779385	566.831237792969
-824.218800918165	411.534614104542	559.507507324219
-818.270217423777	416.443200450104	556.387634277344
-819.465583834129	415.952351655255	556.788208007812
-796.337583285014	392.442177672102	532.110961914062
-796.899664194817	393.014402876814	531.159790039062
-797.159558992688	391.572491130554	531.461853027344
-849.989963088379	338.561368179437	519.992858886719
-849.698271148667	338.837830707749	519.957214355469
-848.160987708437	338.905379248912	519.720092773438
-852.342379085062	322.77279100466	503.551025390625
-853.043021154386	321.14204322457	503.287719726562
-851.178592806954	322.092452447015	503.169555664062
-838.909869334152	289.413955126352	478.547393798828
-835.099484066274	291.585979942148	481.453826904297
-840.307773510396	290.852663877302	482.021087646484
-884.344560710779	262.676719249252	449.854766845703
-886.075714573647	261.619895668129	449.842742919922
-885.549719416268	260.692699832387	449.511383056641
-874.123448373845	240.639368912485	425.367553710938
-873.9736792733	238.311028239087	423.841278076172
-876.04236722684	238.923507152257	425.471984863281
-889.848654528842	200.215873857713	379.864562988281
-891.567184088785	201.527546820085	379.275726318359
-891.183201941659	201.326238337331	379.828399658203
-892.193680476915	180.841207633108	343.830718994141
-889.21868694141	181.062372333154	344.107818603516
-888.908890815854	183.099636547497	343.765228271484
-877.445012977209	165.612024068539	295.250671386719
-877.844695823837	166.190479093904	295.750732421875
-877.68426848259	165.993746943312	296.335144042969
-903.593305788924	120.728436301217	247.758590698242
-899.076709575746	120.29134543391	248.645370483398
-899.104004546301	121.387386425876	249.22265625
-896.228432868027	86.1256913812536	191.906234741211
-902.782664288949	84.7524750205551	193.39533996582
-901.828463583537	83.5471329864693	193.183547973633
-894.323727695368	61.8749668420149	143.76545715332
-899.40384576534	61.7459193393338	143.131103515625
-904.123004999935	61.647162776097	144.543716430664
-878.583645685201	58.3208091225214	137.70361328125
-871.492543254085	53.3008430752948	138.563934326172
-871.953205765594	53.6801263454712	138.784790039062
-881.861545558877	85.5348985016251	194.815795898438
-879.251905934425	85.8890315474953	194.914916992188
-878.42357119759	86.3916935564282	194.006393432617
-870.358271307774	113.582370613196	242.499450683594
-873.497112393782	113.808431426832	242.848190307617
-876.066130648358	113.687712012365	243.636413574219
-864.079613091812	144.547682505348	294.951324462891
-869.615328741725	142.899198553613	295.630187988281
-861.798949674738	144.329538843457	294.396118164062
-833.812189266788	194.635108503593	340.108093261719
-836.881511986566	194.98434320444	341.472106933594
-831.641795546183	194.325270784542	342.196655273438
-824.984414117022	210.122739532673	380.642517089844
-822.786386511392	211.268320788826	379.488800048828
-837.747079421275	208.032349592684	379.845642089844
-835.012050693929	231.333597332751	414.775970458984
-839.152346019491	231.568053592641	414.195831298828
-838.873197409791	229.765578812517	414.281646728516
-806.302768509735	281.153622536357	442.082885742188
-807.281268295039	283.086103640818	443.225524902344
-804.39894957553	281.987006968098	445.909576416016
-817.296747036074	290.62912588153	476.048706054688
-816.379026441053	291.865905383456	476.053314208984
-818.140167651593	292.571395702737	475.738433837891
-780.934809205142	339.970849460959	490.544860839844
-782.263492027212	339.994380896932	490.526641845703
-778.121606256089	340.848490085426	491.008483886719
-776.041039152346	362.954809458027	508.61962890625
-776.648851118915	363.716431633252	507.511871337891
-777.869902054367	362.020559589624	507.624725341797
-761.805357291992	384.139204763922	530.62451171875
-762.871703723083	382.953114352736	530.713500976562
-764.118618501391	383.370412692286	530.665100097656
-785.042681274207	399.395291367772	532.498413085938
-783.516379574684	400.493397482926	533.094909667969
-740.374448842358	408.935588973937	531.444763183594
-739.352825955735	409.206423780016	531.341247558594
-742.759362890054	406.264572824215	531.430358886719
-767.028595632888	427.363655787901	552.037475585938
-769.003131040429	426.65286283613	550.801574707031
-767.618329285115	427.353112310474	550.8935546875
-735.286283440449	468.585951219893	554.633361816406
-732.734561830157	468.197435802997	555.552612304688
-733.292844884242	469.342005471765	555.2275390625
-693.537152769747	483.60731064005	553.414245605469
-694.991150407413	479.700862408162	553.661804199219
-692.216927632244	485.357213198463	553.536926269531
-713.985123739652	513.115839433353	552.784973144531
-715.878283953454	512.387927354116	553.833435058594
-716.905606427682	510.818171512861	553.880126953125
-700.03051447794	544.453268509904	555.359436035156
-700.03195982486	541.895796012543	556.365844726562
-704.618303574866	537.659967599294	555.471496582031
-696.151827110542	544.607566888566	546.613525390625
-693.885254496772	545.331482536537	546.203369140625
-694.283298553233	545.564461865821	545.701171875
-642.339255974919	560.479212743359	545.796997070312
-644.700621743419	559.783996398083	543.444396972656
-645.791242570052	559.974337995986	543.500732421875
-651.149092587657	592.134561037612	551.444274902344
-645.610955978906	599.447732827192	551.697814941406
-652.405783104867	595.301563564353	554.548706054688
-576.703105198256	612.477845629131	540.625610351562
-592.923873166391	611.944056082636	540.331359863281
-593.877610496926	611.622468360049	540.31298828125
-571.171800784024	660.959362285902	541.370178222656
-564.563920399183	660.860781863	541.698181152344
-566.720617099226	660.727140156672	541.477172851562
-598.543710013213	648.774504750782	523.778198242188
-598.47570072615	645.395443484786	523.763488769531
-594.952447320903	645.121664605887	523.026123046875
-561.946613027275	690.860200633087	525.608032226562
-559.355965097943	691.569771529455	525.589233398438
-562.653477856485	693.813994159509	525.982299804688
-485.943368849762	694.176968277678	516.084167480469
-483.992452174576	697.120262667918	515.930236816406
-483.097489200219	699.304108915696	517.061706542969
-492.269530433503	728.482319821809	513.177795410156
-493.467604497226	727.589317992596	513.282409667969
-496.848937550596	726.853776300239	511.910003662109
-429.548897272264	732.149855388262	488.808044433594
-428.173660505109	734.34295580766	488.931732177734
-428.941617719431	733.678318864967	489.532043457031
-458.550470048205	758.05810692545	491.423553466797
-426.701240665764	738.70782014952	492.300018310547
-425.188057075232	739.125179017266	492.688842773438
-425.253241556073	738.700166919652	492.672058105469
-415.423344048794	780.208639801876	471.366821289062
-415.169038779734	780.551633291749	475.510833740234
-410.784774309289	780.566720387211	476.641845703125
-372.058826982228	767.014760631145	464.764923095703
-376.427916917747	762.926240427003	464.397766113281
-380.181018339079	763.165963645456	464.859893798828
-384.813924791901	798.408231814664	463.433258056641
-385.447945471547	797.100339118301	462.958770751953
-383.026931694445	799.568593466434	463.006011962891
-308.449966330337	800.868617687654	447.379455566406
-344.092162223055	813.322701681723	443.800842285156
-345.530870296307	812.104219215676	443.233306884766
-342.636143987804	811.425981648711	444.075408935547
-287.931997210249	791.891924944562	435.615051269531
-289.50740188754	792.231993547223	435.444305419922
-281.394169018131	798.545299101012	436.197174072266
-292.611442740053	823.826539960603	423.392517089844
-293.632900413447	820.581727064331	420.970855712891
-286.901801500246	830.9407853172	421.843627929688
-232.307061662078	827.690834543205	412.142272949219
-231.447690449117	829.972188281705	412.083984375
-232.149051421642	835.380439108679	411.292022705078
-222.883298849653	828.632861997333	402.699249267578
-200.071691479105	834.703613090934	403.48486328125
-199.913874901662	830.457187647801	403.020324707031
-199.986763613644	831.067373442442	403.405609130859
-184.188429390005	832.508256868638	388.082702636719
-185.476891938761	832.797922497255	388.127990722656
-187.084442620413	832.455263930212	388.096618652344
-168.025880221845	868.985172019694	379.012512207031
-169.404733411925	871.149900408051	377.777709960938
-165.577418583167	871.12225673964	377.606567382812
-133.113509112588	867.133737843029	363.165283203125
-132.588834152058	865.558278266543	363.492980957031
-133.753883549281	867.281754292165	363.52490234375
-107.422680437621	848.437082147905	354.538421630859
-104.192544941173	847.451602919009	352.956573486328
-98.3671042769359	871.013522955205	353.804168701172
-99.9768722781515	871.105804504073	353.449523925781
-100.80071996046	872.135458722959	353.690490722656
-57.8726558957222	855.788412455269	339.317657470703
-58.2278428860152	858.310375471452	338.953186035156
-57.7970855060005	861.151902661319	338.964050292969
-47.807549895428	854.535286441678	327.909118652344
-47.3644058015942	856.412961658032	327.975341796875
-45.3748158229325	856.534765906283	327.75537109375
-17.5615572191066	885.941851314753	313.106475830078
-16.4076802441426	887.298131091592	312.655395507812
-18.5017403148207	884.72644939754	312.331604003906
7.37896158819018	853.663099708902	308.283477783203
2.96828024913984	872.03269667358	308.974273681641
3.58537233027113	872.177584867937	309.298522949219
5.19697265006155	872.736365897788	309.066497802734
8.94727047110484	1127.07096494445	368.363647460938
7.07393371598482	1126.32714202925	368.709045410156
6.26603736103402	1124.42168177223	367.689392089844
-37.1844684433054	1140.70053122506	384.678405761719
-37.2057370430385	1140.65177562177	384.989562988281
-27.4391894335891	1140.33368286322	384.925903320312
-71.0985507882673	1164.82753697156	392.435607910156
-32.2269891935235	1127.92629619491	393.082092285156
-31.0897214970921	1129.08690234419	393.424224853516
-29.5776123424158	1125.97922437132	393.754699707031
-100.812800193919	1140.72170967994	404.994842529297
-102.488996371964	1139.39257527462	405.50830078125
-101.260589668292	1139.34255225553	405.155334472656
-136.247902831338	1135.41910020363	416.524627685547
-127.537149279578	1122.69592259408	415.97900390625
-122.782056091913	1119.73682219662	415.415740966797
-168.296675495927	1155.49626418032	425.208801269531
-158.976367235664	1163.66309132209	425.396209716797
-150.129698744205	1161.95925456815	429.359344482422
-165.89530317521	1098.36890069926	441.612152099609
-159.310712771484	1103.35020860923	442.599761962891
-160.989413725659	1103.24934758577	441.320129394531
-194.857767402533	1115.85965756738	455.424163818359
-201.583796142245	1124.60770898019	455.585540771484
-191.539608363445	1122.07316337701	455.490631103516
-218.161174455058	1116.19598480625	460.992492675781
-212.06508141195	1107.65704956263	460.135314941406
-211.582426645267	1105.83420121836	458.273956298828
-271.919859813895	1131.56025189378	480.804992675781
-270.77629817279	1132.65897528754	480.606628417969
-271.173539630139	1132.35223775385	480.088134765625
-285.503018233251	1093.77639840184	481.98486328125
-283.665872009891	1093.97343248621	482.611694335938
-284.538829774504	1092.53097009302	482.430786132812
-352.168088750147	1117.93933006095	499.398376464844
-348.573842271382	1117.52122281514	499.229217529297
-346.001663244834	1119.19786947387	499.263763427734
-343.019607877533	1056.68771160331	516.094116210938
-343.170053992324	1057.5948612941	516.150451660156
-347.527655499365	1065.68001865863	516.442932128906
-366.483536579253	1080.39934197735	519.251708984375
-363.914669690385	1079.71054004376	518.941223144531
-363.486549692127	1078.1485384057	519.161865234375
-377.341503173127	1059.0489367437	539.768737792969
-378.027848642427	1059.51582207619	539.918884277344
-377.742599270239	1051.79314363741	539.911865234375
-439.64207196669	1064.17027428724	536.731140136719
-439.918834489711	1062.54557703313	536.872253417969
-442.884718836204	1062.24570243339	535.39306640625
-483.053027516744	1033.9200152414	561.306945800781
-488.408411005942	1034.59110423669	560.987182617188
-482.926241218523	1031.53429971983	560.974365234375
-505.614726275409	1040.69919975479	571.967895507812
-507.374581377525	1042.96037881051	571.785339355469
-511.277198652826	1044.98371410827	570.140319824219
-511.421567405176	997.89852036617	569.0048828125
-510.559113843049	1002.08023458283	569.123046875
-510.996086967508	993.356665818893	569.198425292969
-523.562689847072	1002.45933752722	591.988159179688
-518.699660149094	1002.39535710361	591.942016601562
-520.440216153194	1004.43480863074	593.712646484375
-533.642208285801	970.328209234996	587.992492675781
-531.614837112951	975.924369275816	587.974365234375
-533.793717027874	981.840976005245	588.682312011719
-595.590878124758	990.645277918735	612.405029296875
-593.803828232359	988.285802591989	608.998474121094
-593.889569323899	986.031843574282	607.911682128906
-613.740825027556	937.668067003349	610.809997558594
-618.295422798842	937.399715222858	610.694641113281
-626.553717491587	941.369789782092	612.048706054688
-667.133985512081	929.382532203873	633.1904296875
-673.229630745803	928.692859526043	633.373962402344
-665.515872359558	929.416570562814	630.455444335938
-629.836790589295	919.00877486089	620.99365234375
-625.753438364361	915.641885516039	621.788269042969
-630.367632021174	912.931503529886	622.220092773438
-729.881803152965	905.397793904737	648.2861328125
-727.404113737397	900.885870042234	644.131958007812
-723.38998111682	896.58323897179	644.694458007812
-743.345385736159	898.842932295087	637.960754394531
-747.826643226938	897.739837357999	638.747680664062
-740.023801424448	899.25531340152	638.328247070312
-703.73581258384	851.220283429893	662.42529296875
-701.827740297752	853.103143294209	662.812927246094
-715.169127407359	847.882078030779	662.261169433594
-794.589902464569	841.078661523132	659.916137695312
-790.049763822979	840.448288881762	660.077087402344
-795.018233105601	844.168845421406	659.986572265625
-815.486621580401	822.521020286349	679.783752441406
-814.798521981158	824.614486379391	680.069763183594
-814.410659042061	822.887186571948	679.607849121094
-776.712960039676	811.841436196952	673.393310546875
-775.572682233898	811.266799879765	675.716979980469
-776.932720170306	808.533620266607	674.511840820312
-823.83844002581	770.799648787177	673.609680175781
-826.605082008781	769.104237320927	673.567016601562
-836.32452832613	767.461067331383	673.939636230469
-825.344985359162	745.27755012507	693.957092285156
-828.314959086862	744.157155394095	693.504455566406
-815.827694422801	744.869833549026	694.703186035156
-895.66651922578	744.171230061551	681.711853027344
-895.645615097026	741.639896923248	681.105834960938
-897.207627748291	739.081633884768	681.499816894531
-876.764639762854	719.12818621371	685.819152832031
-879.300196819065	719.68270408438	685.555358886719
-881.766720702028	721.28882212281	686.411865234375
-929.893857690047	690.858320402648	691.725830078125
-932.243012146127	686.229739566085	691.20849609375
-928.706488176416	687.968156465147	691.049377441406
-917.050680226018	682.995420665543	701.349304199219
-916.212460281403	683.156048127442	699.1943359375
-918.545794907996	682.155434725898	701.632080078125
-931.990677519422	650.400895730456	702.35498046875
-931.521555096161	642.73164370877	700.940002441406
-934.650333967404	647.63642114835	699.883666992188
-963.663569353974	606.035440350945	712.8984375
-958.421714476953	605.068149037204	709.109741210938
-963.856245534108	605.384281823454	709.239379882812
-967.039337159287	585.318347621008	712.515625
-959.362782700333	588.795486842473	712.658386230469
-964.817117219551	586.611387722773	713.231811523438
-980.631424792503	550.923893923579	705.298706054688
-974.275962474036	560.081047567307	706.038208007812
-975.031747328065	560.168948022608	705.270751953125
-1028.24672122868	532.535210522778	700.195617675781
-1028.32968535825	531.035334173503	700.588012695312
-1028.58332333334	532.06753506744	699.752990722656
-990.945069516223	519.17782398394	671.750793457031
-988.562716359822	523.489049822317	671.232849121094
-990.751097968186	522.574273939305	671.558837890625
-1034.81933546691	479.275989236435	683.715576171875
-1035.44111185891	479.685469272579	683.71044921875
-1029.2428613454	481.922940902116	683.816101074219
-1016.59028577846	460.716788164851	656.32080078125
-1018.57774148723	460.828043490911	655.285827636719
-1016.06951226403	462.795722768834	654.674133300781
-1061.80619879623	417.151817150436	645.661804199219
-1071.00488593133	417.571411386762	645.634582519531
-1057.84080945311	419.755859490748	645.957397460938
-1051.48674066128	401.218867446086	638.710327148438
-1046.97209911152	402.733565295955	639.080688476562
-1039.65224015961	408.284918223424	635.814819335938
-1112.07818611564	385.071618262874	601.080444335938
-1109.2110965809	386.634933469836	602.27734375
-1110.88344961516	386.108091582907	602.341552734375
-1082.79456060227	359.16699135868	582.411865234375
-1081.57315874105	359.059738818682	582.705932617188
-1073.70194388729	353.434701605508	583.208129882812
-1099.28907221167	315.701732084942	560.212158203125
-1093.8811876361	317.494671466229	559.975952148438
-1090.47350480569	320.329829724351	559.74267578125
-1111.28939633283	281.352508363811	517.982666015625
-1114.40915572236	273.770756616321	518.027587890625
-1114.64783312365	274.136090830536	516.584350585938
-1121.50021287798	260.545724080355	482.771026611328
-1122.66747524497	256.711965491567	483.144866943359
-1126.84241486169	265.477518029335	480.065643310547
-1133.52831658921	224.340797934522	443.255310058594
-1135.51389197938	228.328340528434	443.946197509766
-1131.6045650406	203.133082384114	448.736328125
-1123.65470286558	205.578802110451	450.312255859375
-1126.57014987456	214.849580063111	450.376251220703
-1136.65378921076	195.09773422497	393.296905517578
-1148.93424791785	203.299510414294	393.941253662109
-1145.77188622228	206.323531248067	389.988525390625
-1118.71304779104	180.119029245764	338.621307373047
-1124.66725659408	180.409685012935	338.966583251953
-1127.3494335481	182.22537918516	339.047393798828
-1141.16646444464	202.057601300548	384.924407958984
-1140.4950576958	205.465906071526	384.082397460938
-1145.87857844236	201.042927364738	386.958587646484
-1123.99016628226	235.610048885841	443.409790039062
-1126.95938975257	238.915582350924	438.908142089844
-1125.328721822	237.394913818589	439.852630615234
-1173.97282848961	253.552301089964	479.853912353516
-1170.99976626146	262.997478717343	479.454498291016
-1176.07764378729	252.109092748721	479.775238037109
-1122.37217403854	282.669312725063	522.75146484375
-1122.37193648351	280.782936931901	520.497253417969
-1125.06149576388	275.877371719593	519.826721191406
-1104.8451112765	313.858755652217	550.238403320312
-1104.75168923519	309.335329112324	549.787475585938
-1105.72516073858	313.877352991675	549.324951171875
-1140.48090377954	333.613664350985	583.421447753906
-1141.26361028196	335.539850336748	584.682739257812
-1140.28633271204	334.743563203715	582.788330078125
-1104.89677294897	378.271138702184	602.302124023438
-1102.9421706751	379.320930491264	601.900634765625
-1100.73819680467	375.812723373528	601.964050292969
-1090.83510304241	396.970850796388	624.006652832031
-1091.11313144073	405.265670053257	624.608215332031
-1094.4879167371	406.244208930508	624.224487304688
-1062.94614824953	429.987321662734	643.472229003906
-1064.56452749696	426.073691614887	643.006652832031
-1062.73970534312	428.018384032452	643.310180664062
-1095.50522522549	438.470999387943	664.914001464844
-1095.56091106976	439.52784972991	664.669738769531
-1096.74647424873	440.045867065532	664.118713378906
-1097.7049538985	482.525011672994	691.917297363281
-1098.25985058719	478.81444273151	692.203979492188
-1098.65994212212	483.275880327214	691.867004394531
-1054.20179951405	501.498357609325	686.680603027344
-1056.37302989259	499.624198597616	686.1396484375
-1048.77821106344	506.238747720018	685.623901367188
-1078.33123315734	517.330500701007	700.128967285156
-1075.58855037924	519.796336349266	703.333679199219
-1076.04240512409	517.866909571997	704.5751953125
-1048.59706976283	561.670984053436	718.117431640625
-1009.79828909693	549.781470826066	700.427001953125
-1005.689900545	550.770579279353	700.099731445312
-1008.54425589497	549.85981433076	701.29150390625
-1015.99316888051	574.773289370839	705.198547363281
-1014.29107956965	574.284813469669	705.331237792969
-1019.56565707983	576.382924293223	705.444152832031
-1031.84380845789	620.115688396415	716.002258300781
-1033.82769451313	618.459736925681	715.998168945312
-961.449375514252	603.792281821636	706.676635742188
-966.993406098983	601.88560168824	707.467895507812
-962.906223974085	604.038729315444	708.6396484375
-963.888984628651	629.02540996317	707.386840820312
-966.927014152306	628.06528528792	707.48095703125
-961.480105135387	629.786229689495	711.873779296875
-946.231225571823	650.464282916425	710.776794433594
-945.955932876119	650.183750322834	709.591003417969
-981.233198943126	669.535978782105	727.919250488281
-978.518864494778	669.918945947839	728.744567871094
-978.522559299502	670.142581593365	729.015258789062
-981.023179168866	688.856349723958	723.337890625
-983.368084951313	689.817603384868	724.514526367188
-986.012534093244	687.365920426441	724.075622558594
-950.136189499013	690.186650726305	718.006896972656
-946.183547559366	690.606389950397	717.927124023438
-901.316642701477	718.776050764456	703.820739746094
-898.594350541048	720.394590251162	704.344421386719
-898.760249683001	720.182012672902	705.753540039062
-921.839519951381	740.061977753671	693.190063476562
-918.59231182549	740.935476190067	693.645568847656
-929.80884883959	740.522397375613	693.558044433594
-919.032743951184	745.935255763196	701.942077636719
-918.290798976798	747.041137299537	700.435180664062
-851.594981044645	752.545313561085	697.1083984375
-848.719713520891	755.831893673993	699.881103515625
-864.633791923074	740.100565815707	699.239196777344
-867.45131189258	795.980794229505	692.115783691406
-867.639112778108	796.545371537843	692.383117675781
-865.571811294081	795.600888380967	691.796325683594
-882.400556247715	790.42444592161	705.268493652344
-875.61049310249	786.426891693865	705.149597167969
-872.547519923947	786.218498999758	705.274780273438
-861.807622332324	832.113899651729	687.776611328125
-863.133497455318	827.160823985239	689.784301757812
-862.375100033691	828.943222498229	687.743286132812
-818.931456619593	824.511263781576	671.748229980469
-827.216494363634	825.730985140397	674.051879882812
-761.458803668134	845.748299303771	673.859497070312
-776.894101099847	876.214793957191	683.914733886719
-780.728192666372	880.767710909483	684.352172851562
-781.780755710043	881.815547116734	684.207763671875
-745.072709865597	893.457302585645	680.119384765625
-737.35538514693	890.502940449434	679.360534667969
-739.37343340882	893.927898803851	678.447204589844
-762.697444583075	896.816901443588	660.711791992188
-754.933283947459	897.610096424267	660.187927246094
-761.63223032867	897.508375846206	659.0009765625
-698.984075036097	919.263608946824	652.4287109375
-698.641278676324	919.828941436434	651.325927734375
-697.890775122645	919.046436350118	650.812194824219
-655.061141592481	936.14876516592	647.488037109375
-652.837794973058	935.333823924896	645.31591796875
-654.469697906559	938.584364610575	647.187255859375
-683.249013057095	948.755230044951	639.986877441406
-685.829868926553	951.1076922069	638.682983398438
-697.149226280728	952.457918001923	639.020874023438
-630.716087359641	984.936036708601	622.768005371094
-628.438362145899	984.21206023935	623.02783203125
-628.177495391245	983.293429376239	622.663940429688
-661.931790333964	963.568101406013	627.676086425781
-653.00028712211	964.654115748174	626.964477539062
-663.281191476986	962.582335180117	627.50732421875
-599.41254097113	997.215518426595	624.892211914062
-595.093583391539	996.275522534527	625.777587890625
-595.626683452663	996.653336763674	626.948669433594
-590.620466863763	1004.64352681403	604.233581542969
-596.771549577781	1002.20452382335	604.398132324219
-591.308404584532	1001.27889983832	603.594665527344
-561.376884228785	1000.01727758517	604.758178710938
-564.789077915572	1005.05486503524	604.733032226562
-564.054864315199	1008.26884801617	604.143310546875
-536.708154861084	1047.84435425739	593.174499511719
-540.598687999836	1049.14889056601	592.84130859375
-538.385461631202	1049.27910089086	593.18212890625
-502.122658834022	1022.91299146162	580.484436035156
-479.202184397064	1036.56742051599	579.699279785156
-481.837205820869	1032.2335573896	578.662475585938
-465.356088607762	1040.68682984671	576.323608398438
-466.587089145507	1038.05291640649	576.707092285156
-464.384427624435	1045.46106227568	577.0107421875
-457.373290428614	1063.46486597827	553.951843261719
-457.705914426524	1062.476163218	554.370788574219
-462.872179106688	1062.26832613779	555.37060546875
-431.190586719309	1091.72454150787	556.6552734375
-430.580661753599	1091.79297821941	556.660949707031
-432.509610959554	1090.99390563969	556.437072753906
-417.376790295158	1122.77778970684	533.826965332031
-417.605964362853	1124.02095383965	531.605041503906
-413.716179368137	1121.0389140174	532.970642089844
-358.28016326798	1089.33933499818	524.86279296875
-361.945328994873	1083.04210531707	524.893493652344
-353.34580118313	1110.66488878063	522.260009765625
-344.38932699866	1108.01312680796	519.1337890625
-344.484974142897	1107.84026924003	520.205078125
-341.934021941437	1107.77825938057	520.554626464844
-313.662467150678	1105.86195096041	507.700347900391
-298.749037621183	1100.52711439914	506.1806640625
-291.351852902557	1101.02829285393	509.713226318359
-322.100102307934	1147.70141361911	485.892486572266
-319.920110177762	1153.41905625241	485.0908203125
-321.354298620246	1144.38363826827	484.907684326172
-247.75616070133	1139.2751885655	485.404754638672
-248.33848957176	1139.29447168341	485.550445556641
-243.210298598725	1127.31250951451	485.31689453125
-235.755135256085	1148.23043762548	477.166595458984
-221.975441699872	1147.0620345005	477.639862060547
-232.848375096567	1148.37619712617	478.057067871094
-183.895393235364	1128.54254430904	455.751190185547
-202.325615953268	1122.58302808811	452.024444580078
-203.567975800039	1123.87056542126	451.777954101562
-204.60355420413	1185.46204300007	450.269927978516
-205.621971149337	1183.70573276717	450.293243408203
-195.157721993284	1190.49537009755	450.097961425781
-159.168268998876	1149.5522758503	434.716888427734
-157.470053746545	1147.6567363029	434.799865722656
-146.27992056629	1144.91018986321	435.247009277344
-95.2569377656362	1154.40814743012	423.462158203125
-99.9146652798245	1157.9593692145	423.148681640625
-98.4575189839394	1158.22914937125	423.464294433594
-85.7934863513446	1150.48811413	414.374816894531
-82.9500466815841	1144.30876935131	413.293640136719
-86.4533511195949	1148.24521171953	412.132598876953
-54.6043069802307	1140.45575207096	403.673522949219
-53.6941179722437	1139.78963300908	402.609466552734
-51.7446279172474	1138.9475759161	402.833465576172
-27.7207561580805	1199.19807804139	388.377105712891
-34.0934944791672	1200.3878576506	387.585418701172
-33.6688455561782	1199.32167657762	387.579956054688
8.70336006505232	1171.19143740393	378.153198242188
7.73327340044642	1172.63451632315	377.724884033203
10.5363415235085	1171.52506474502	377.427215576172
-8.04080352784763	1159.59511651383	378.274475097656
-3.29636416684855	1158.46807770203	376.384582519531
-9.64748115199791	1160.81602898715	375.863128662109
-6.45367678973986	1209.07694446935	380.495086669922
-5.51806374609549	1204.53441208135	380.607238769531
-8.01671145886701	1207.01002932075	381.314270019531
-42.6702645303828	1192.02759146516	395.107482910156
-49.4545496421738	1198.00019521869	395.640106201172
-6.8125466074074	1185.89383061355	394.447967529297
-12.1838567139073	1192.99817940898	394.6376953125
-15.7825268741447	1193.01727199472	394.677795410156
-51.0287994119607	1213.7342415286	406.426177978516
-52.9267478237967	1208.28864353634	406.165557861328
-51.0655797964808	1207.79636687123	405.681945800781
-80.6144353410766	1186.04580766461	418.955078125
-92.9065948791637	1196.66744590407	417.572784423828
-93.92649701753	1198.82001829858	417.850891113281
-92.4539374500751	1197.00078066693	418.827423095703
-124.364671970851	1224.56327076177	434.050231933594
-126.575590156052	1226.14189521626	434.923583984375
-114.028532668961	1225.12532868289	434.968780517578
-130.395506794515	1161.58149024038	434.52099609375
-154.958362536961	1193.83713254333	434.795379638672
-156.27605598744	1193.19394744621	434.358154296875
-153.396325230306	1193.5116179989	438.875366210938
-189.009071120558	1175.64247880133	456.956085205078
-194.016998376775	1178.76202016561	458.336120605469
-196.217819276337	1182.31717024066	458.475463867188
-170.358589557665	1164.4491325991	460.243560791016
-222.019687219528	1208.91653242531	459.349182128906
-211.638493035949	1212.39769707292	460.002380371094
-210.835932656719	1209.90562099617	460.803649902344
-220.563741146534	1150.65443214479	476.1513671875
-219.367578242197	1151.60219092667	476.294219970703
-225.782792167459	1163.64846293409	476.513305664062
-244.479095179071	1159.99282150081	483.495574951172
-256.656361598418	1155.07400719805	485.322235107422
-256.204386989126	1154.05094830466	484.99072265625
-260.605414411598	1155.02578572586	485.409271240234
-259.141909630688	1157.72705800751	499.786865234375
-269.755895472247	1165.39662636312	496.401916503906
-272.774510529709	1166.6294369829	494.522735595703
-331.142688515966	1159.89516832616	515.008117675781
-332.024179836446	1159.19880362799	515.362426757812
-312.773578457895	1135.22796229231	515.648315429688
-308.67623450223	1132.97536173334	515.384399414062
-307.542672541829	1132.30256564862	514.310852050781
-330.712643963958	1133.06886172072	515.74609375
-330.510482378017	1136.95577091878	516.462951660156
-333.706492816644	1138.01571785744	514.423461914062
-385.777170638084	1159.57000144723	538.725952148438
-385.843836870965	1160.0577481403	539.484497070312
-367.735576014443	1110.24352804821	531.387939453125
-368.160005594663	1109.70149895305	531.411926269531
-359.731996612208	1106.06558127972	531.506225585938
-386.760812615929	1127.95735686067	548.03369140625
-393.14598755774	1132.49147619418	547.221008300781
-394.202167223591	1133.69507954726	546.129211425781
-475.791488149432	1132.73724653646	552.832702636719
-477.032942652954	1131.40696489581	552.829284667969
-413.731267850598	1119.46586890076	550.425354003906
-407.183913591339	1114.25326108568	550.177307128906
-410.045469002667	1114.06563384216	550.855834960938
-459.396820750018	1110.07155367439	572.795776367188
-460.285468456876	1115.5044939873	569.696838378906
-459.596645182009	1117.27540002709	570.269897460938
-489.790539220744	1088.61975206111	571.116271972656
-449.359690378676	1080.72621579876	569.914306640625
-451.212559009168	1080.46786961109	569.638000488281
-449.316560112535	1079.92545146342	569.486083984375
-550.894541197519	1101.12224850027	591.493103027344
-551.270997594982	1101.86287465315	591.051635742188
-549.164482110452	1102.93900565165	591.638366699219
-545.360606728857	1049.09931107254	596.488586425781
-530.645256320656	1076.4099381417	605.680847167969
-515.576883818933	1073.20660027079	606.600463867188
-530.182174824011	1076.14082953177	606.007934570312
-564.992982737738	1050.12722103964	602.893798828125
-566.742990190999	1051.29457274633	603.117004394531
-568.130521828105	1052.57166103462	604.037414550781
-579.045944203298	1011.21139488155	619.403564453125
-584.640446282053	1009.75473020879	619.171936035156
-636.329179768085	1052.84032203702	622.973449707031
-637.162402020593	1054.36286285406	621.837219238281
-627.055099123747	1057.22942950277	622.389526367188
-591.026738401342	1003.3193638503	620.056518554688
-591.21067967372	1002.64840938509	619.746948242188
-586.16728461283	1004.70360757651	619.861389160156
-632.249294461444	1018.27127313315	641.933654785156
-645.535813075293	1006.86508513643	628.579040527344
-646.616562712709	1007.75259084661	628.671508789062
-645.034043736745	1008.86404477171	628.815002441406
-646.918428399367	976.764907664272	649.238403320312
-647.550996657965	975.022835042238	649.69580078125
-646.735628380505	980.033023777318	648.892700195312
-711.428428174137	965.13487030538	656.354736328125
-710.223720135675	963.283112734386	655.643188476562
-686.152044505768	946.193874526002	659.048400878906
-679.898539364571	949.434305269704	659.7841796875
-689.188908189647	946.471821852001	660.994750976562
-751.73694902462	963.107608118462	649.640808105469
-747.833440055551	965.647184458539	653.245239257812
-753.192319072635	960.513701609711	653.529052734375
-755.809205573843	921.39445451784	672.712463378906
-761.540890280678	962.697005595441	666.198608398438
-758.231722099226	962.152682602637	666.051574707031
-754.289167414405	961.247972767548	665.794189453125
-737.09019251259	916.770585539623	673.455688476562
-738.108864978444	913.052919945097	673.819580078125
-738.590094063325	914.82562285624	675.159484863281
-797.550715681498	915.651723698389	693.083068847656
-797.235581533637	914.827707477996	692.317687988281
-764.253146070685	894.421482320973	676.644836425781
-767.403567051828	890.414657344964	676.531005859375
-781.347009338701	886.192122273448	676.576293945312
-830.151902533999	893.160448704843	689.087341308594
-828.189813991497	892.392740477873	689.245788574219
-832.210558092208	891.901868966105	689.429382324219
-829.244016522359	842.249952570994	707.08544921875
-832.13132130975	842.276823019502	707.390502929688
-856.550998044371	872.928760376859	706.512329101562
-851.674762233829	872.601808861318	706.4208984375
-852.890780368257	870.547309545969	706.33056640625
-823.129671440461	841.523208325477	708.428161621094
-824.352207140689	838.672475172648	708.6435546875
-830.953657201967	834.064121658778	707.323059082031
-913.535500619154	805.899304870396	716.584350585938
-908.670007406444	805.983762822206	716.667785644531
-847.000674875867	821.70852700545	718.160400390625
-847.611942550514	821.32932779197	718.137329101562
-847.191121859317	825.102282145946	717.9921875
-906.260089758237	780.46497221965	724.30224609375
-901.242130993234	780.922182528602	725.313598632812
-904.585269847212	781.269938207463	725.98388671875
-940.618546729994	775.553809848702	713.275451660156
-938.86089311288	775.481734578928	711.903930664062
-884.362671219748	766.632581751587	716.099609375
-888.99107760607	766.050388898784	714.629943847656
-882.273128450157	768.170942350042	715.224792480469
-975.083018585956	743.246195037613	733.50537109375
-976.463131869329	742.603315424614	734.676818847656
-977.148455958683	741.969053562006	733.880126953125
-957.288084390565	732.441782127777	738.326354980469
-962.377740115498	729.518371736055	739.270080566406
-923.676203459578	721.76175141658	717.957885742188
-919.176234487611	723.735674002806	717.320251464844
-931.455708204613	719.822188197555	717.838562011719
-1012.53818948406	701.981154070887	711.183349609375
-1010.28757932247	695.248074635728	711.186279296875
-1010.90082171589	696.077696105878	711.291748046875
-1014.47362035545	680.359933534555	718.770446777344
-1013.94643018353	680.155189549576	718.936706542969
-970.694715465426	668.026031058666	716.847778320312
-966.171604285762	670.247117973959	716.558166503906
-967.208897015649	669.278651520158	716.396606445312
-1001.97091013428	635.032093609639	718.53759765625
-1005.54073942247	633.70594916291	717.790893554688
-1010.36288375883	632.78375078667	717.976379394531
-991.940351607569	616.577403801606	717.21240234375
-1048.58299321805	628.080540854588	728.5068359375
-1043.49865583246	624.474580676074	728.255249023438
-1049.1402512334	627.683178373504	728.465698242188
-1066.62677273616	604.790088634202	721.157287597656
-1067.16394118147	602.173905281103	720.941345214844
-1068.54559773644	602.902664527666	720.191833496094
-1081.88625598286	563.089513637245	710.465942382812
-1081.32123400774	567.48904552057	710.334106445312
-1039.92857059374	583.561299518546	714.851806640625
-1038.01455012028	584.568351138873	715.438842773438
-1041.50270099588	582.212756624031	716.155822753906
-1101.1786465816	539.842592312823	726.218383789062
-1100.49658995824	540.565910461344	726.105712890625
-1105.30122610743	541.916276878583	725.77001953125
-1064.40098044461	516.508428043774	702.8232421875
-1115.86036150599	519.782103130421	719.44189453125
-1115.53103839203	509.481645542289	718.698181152344
-1117.13429425825	517.324108545725	718.262756347656
-1069.75622301705	492.348011280451	689.518371582031
-1069.75104764241	494.371456242993	689.391479492188
-1072.42033861732	496.650927239717	688.541809082031
-1082.33732065217	460.117278787947	686.168395996094
-1082.47573964904	463.111464539925	687.769653320312
-1128.03372393827	474.256562491533	677.948791503906
-1125.34369689401	476.380730877738	679.012573242188
-1121.46914196791	480.030454472226	679.584228515625
-1132.40406190163	452.407683825343	681.126953125
-1130.5514603139	452.138708099428	679.956298828125
-1127.88697681513	450.270176719953	679.470153808594
-1115.67794937588	417.119465932778	650.400390625
-1118.52446591343	420.135280127171	649.887084960938
-1116.55525978605	420.40442962377	651.26611328125
-1161.1784138603	400.542027676639	639.92626953125
-1166.79279381612	398.037549449228	641.412475585938
-1167.26461569574	393.239086443064	640.170532226562
-1136.83797460477	353.769927125489	606.201110839844
-1165.72316806334	340.652377686398	608.363037109375
-1156.00624495585	338.905890750208	607.765869140625
-1169.21449178396	374.159212895456	608.367980957031
-1156.17709204691	303.930194680699	578.681701660156
-1157.10030440636	308.89367601233	574.342651367188
-1157.02691868691	304.823865734539	573.838256835938
-1150.8402427786	311.750692629553	549.127563476562
-1166.9099416311	295.951625265616	549.455627441406
-1158.00244350633	302.827696138905	549.694274902344
-1159.59301628685	270.324036118263	496.322509765625
-1157.52358410376	271.765540310239	496.489624023438
-1156.63914736598	271.137931434095	496.740203857422
-1166.24564987139	239.400586313297	458.484832763672
-1165.18090219523	239.051323778389	458.903350830078
-1166.00883878976	234.217372351648	460.511596679688
-1197.27667576627	195.347729439246	415.364898681641
-1197.78551599517	198.582092662614	416.002593994141
-1198.57615587832	198.1797412896	416.238647460938
-1222.54538734367	232.372027916267	447.629119873047
-1228.78398679431	231.40639717176	446.263305664062
-1229.48127630209	223.259531944972	445.678375244141
-1197.66445150419	255.013662273867	492.736541748047
-1195.35658291062	257.13818927331	491.816101074219
-1192.07838602033	259.308662465066	492.9052734375
-1209.63162199134	258.417055023388	526.18603515625
-1210.28738973082	256.907996933091	527.917663574219
-1210.79183805288	257.057794945265	524.123413085938
-1166.03627695864	310.279475693043	551.033752441406
-1163.09737597544	317.434597236144	550.47119140625
-1166.40004789805	319.20773072464	550.262329101562
-1219.41826295021	352.980236588853	588.446105957031
-1222.00622754321	351.229945984712	587.916137695312
-1215.55956466342	354.734860745032	587.688720703125
-1155.0661710614	367.477532782232	623.109008789062
-1154.54103130171	367.80809776064	622.191833496094
-1153.97810640878	368.764983626023	622.474548339844
-1154.47422263882	408.663342912979	653.096374511719
-1150.9460097772	410.609662879179	652.348876953125
-1154.96827446681	406.571162048643	653.890014648438
-1187.50492943077	408.27551778766	676.587646484375
-1194.8117643803	409.990357861457	676.969421386719
-1183.96832623313	407.711706190282	677.319946289062
-1117.5952533628	451.527218205531	690.007934570312
-1119.50247181478	451.966190545029	689.423095703125
-1119.21757860387	457.052281712793	686.541076660156
-1106.73422545111	478.900340840301	690.687805175781
-1108.04238025438	477.509045627367	689.963256835938
-1108.49940721062	480.788244099522	690.440002441406
-1145.15415219623	529.104360736153	704.176208496094
-1117.64597002697	500.285260546718	704.284057617188
-1153.43528899657	522.814043167042	704.710144042969
-1091.19297754769	535.327590527309	731.426391601562
-1092.98130230829	529.744984043691	732.366943359375
-1091.09836695693	530.025420901787	732.898010253906
-1066.59150385851	564.507109888166	734.227294921875
-1065.90314951467	565.846228359134	735.088012695312
-1067.32005190073	563.428567420631	734.990112304688
-1113.1484661411	579.51745513937	726.295593261719
-1101.07313912585	576.438381447211	726.399047851562
-1102.65210938035	576.564176061745	727.403686523438
-1049.40095251655	605.53150502209	750.070922851562
-1048.2146264915	608.018287874768	749.419250488281
-1046.23746736801	608.867976114866	749.035278320312
-1051.26774821929	623.940800500035	751.303344726562
-1045.80409063085	625.61131154757	750.12255859375
-1039.85413461952	628.033355132659	750.547607421875
-1040.38525544985	663.810462407689	758.082275390625
-1035.74725295911	665.183713824516	755.029418945312
-1034.57948411583	664.571742306819	754.543762207031
-1020.7363669292	701.397945716853	757.181335449219
-1020.23649009233	703.245493901253	757.493835449219
-1019.92088896713	702.554910625388	757.567626953125
-1002.63884210031	699.391919674556	743.066345214844
-990.14850674049	702.798167654792	744.123107910156
-993.214382905858	703.041491998911	745.142822265625
-960.420944880168	736.153496434301	752.840209960938
-960.903111824161	736.826378639417	752.977172851562
-959.832544355868	737.428290623096	752.583312988281
-926.7011544407	762.976898176996	742.539428710938
-938.545781812706	755.692059812539	740.909240722656
-950.978957942221	751.235885463796	743.414916992188
-915.576914100204	787.51819641506	725.521362304688
-914.399976842728	788.961060456377	725.169616699219
-912.749596205308	792.259894734256	724.863159179688
-944.839661217266	795.591393394021	725.547790527344
-922.54680225337	799.177581892761	724.626037597656
-928.228965596367	796.943506900193	724.329528808594
-884.239119918127	831.616142723094	715.406982421875
-879.108804648329	830.358656501148	714.701232910156
-881.02581081565	829.369823688623	713.841247558594
-884.453703027863	834.127405509053	707.835693359375
-884.254314815586	834.76731099585	708.104614257812
-889.652261605098	835.543797807008	708.9052734375
-854.468845402996	894.028986991151	721.13134765625
-851.068526134299	891.812545600141	722.034729003906
-856.933517485009	894.357753204554	721.472534179688
-820.345483946331	892.330259468536	696.68115234375
-820.384737990045	892.150415594016	695.800476074219
-819.09431311253	895.172143941416	695.424743652344
-846.273525956057	904.28341629978	693.063781738281
-845.011344481963	903.797467934632	693.564819335938
-842.875168348845	904.420306972437	694.127197265625
-827.739730170112	927.701535903473	693.66015625
-820.934601748816	927.986478647284	694.506713867188
-821.305689803169	926.81774354452	694.91162109375
-738.911252347812	937.622203393413	690.953552246094
-732.865712135981	940.925361944247	692.428405761719
-731.330205214841	941.599793306765	691.776428222656
-745.335789544302	956.111985461891	679.841796875
-745.225301069702	955.145821630557	680.146850585938
-735.638536557748	953.254881318646	675.852783203125
-758.820297038349	1006.66685698046	664.822265625
-761.423003166512	1003.11168665004	667.015441894531
-761.341380760184	997.677374104582	664.402404785156
-674.501670032264	997.481753443538	663.747192382812
-707.409258614396	1026.62622766226	667.573059082031
-711.723209850263	1027.45395478761	659.774291992188
-712.099302543356	1027.12735435984	660.847473144531
-658.30903966239	1004.43708814204	645.9462890625
-647.885097184828	1003.13444953009	650.639831542969
-641.034248097782	1006.18393858051	651.16455078125
-679.593906699163	1045.72397688001	639.547912597656
-621.635424349804	1020.83050492403	643.892944335938
-616.246396600191	1021.04810631941	643.299621582031
-636.476280548016	1020.12156492319	641.026000976562
-657.713420461389	1061.30061239555	635.080078125
-655.972480832727	1060.98789886831	635.151733398438
-660.986159249987	1063.4908519682	634.782165527344
-588.542467508246	1081.26836491293	620.634460449219
-635.473381432874	1077.95602982335	619.001953125
-639.900670855202	1080.5666179624	619.355224609375
-631.72108875259	1074.7770926973	619.60400390625
-546.735521643634	1082.35114477447	617.164916992188
-544.010768999783	1088.555318763	615.958618164062
-549.375502737837	1088.7618898403	616.204223632812
-552.566514312379	1090.24420540186	599.410339355469
-536.050327066434	1097.97155754912	612.197814941406
-545.802494897563	1102.19973975977	612.83837890625
-542.348434272909	1101.27477664194	611.83642578125
-511.947049129323	1091.06418467504	584.299133300781
-514.904041278723	1094.74703285373	584.787658691406
-514.969798293445	1094.06841313908	584.867370605469
-476.734701897632	1106.49769884747	588.946472167969
-476.450731220665	1109.15608247393	590.111022949219
-482.964442529382	1112.51569955077	590.402709960938
-475.605630022842	1161.86435783647	561.320922851562
-470.512648419886	1156.03648900482	561.469787597656
-468.196359189692	1158.25327331517	561.810180664062
-439.325777393217	1163.3135530489	555.014770507812
-441.560398284362	1160.98404642512	554.800048828125
-440.062308994884	1160.01592825046	554.627746582031
-382.100565411098	1145.37500140002	554.601623535156
-381.832879292375	1142.82768572454	554.448852539062
-384.868383561841	1143.95088957372	554.942993164062
-391.424076484704	1161.0445113144	535.480407714844
-367.627990042984	1145.24997659669	534.654724121094
-366.205933419164	1146.50247995538	534.989868164062
-348.172812751115	1173.25697052821	535.620178222656
-348.710274996356	1171.30980349965	533.630859375
-345.644584251251	1172.08805837211	533.072692871094
-346.412127417199	1171.22582078601	532.784484863281
-327.302790506502	1212.66508244712	515.301574707031
-293.52755517765	1156.72306957585	521.758666992188
-294.376084300013	1157.3932317852	521.680786132812
-294.508415060746	1156.07465804818	522.235473632812
-313.512405754969	1197.46564940218	501.232299804688
-313.327450594497	1191.67934809966	501.409332275391
-308.570397526072	1189.29355527394	501.809143066406
-273.620208514028	1203.03043468354	494.104400634766
-257.23017250081	1186.81095368977	490.223907470703
-259.419905929931	1185.36307459999	490.605743408203
-259.63251269243	1185.07318185515	490.139862060547
-233.500393948398	1211.41457153169	482.006713867188
-229.797122724087	1216.52872080222	485.641723632812
-229.915534147443	1217.43567285748	483.307647705078
-186.001719872706	1214.48154295348	475.943908691406
-226.111473182872	1247.51437203125	476.707794189453
-234.316350016414	1245.29779305273	474.860809326172
-228.150791963932	1250.89981387012	474.842407226562
-175.629536157451	1212.95225480643	452.250762939453
-178.726131573875	1215.53713669931	451.608093261719
-170.105753347558	1213.70941209389	451.763854980469
-136.72984547731	1207.79880402839	449.487579345703
-141.101080569216	1219.18112712563	443.813720703125
-133.614583292445	1213.17662434393	444.031616210938
-140.619210718677	1220.00682764251	443.582641601562
-121.94340507018	1208.04631503179	435.502899169922
-122.3361822611	1210.8527053594	437.341064453125
-119.633444371479	1213.18648118894	435.865905761719
-92.7681036730366	1216.04998744328	422.652618408203
-96.1633027995963	1216.53676889991	422.2958984375
-91.1361897538964	1202.61595790449	421.450103759766
-73.0961806886527	1264.61407656533	413.020050048828
-85.1947007798311	1257.69491556289	411.9267578125
-88.18368316815	1255.27320323415	412.202484130859
-24.7057983897405	1224.59578539232	400.199676513672
-53.5742185402351	1243.92860381772	396.596008300781
-49.3394482959659	1231.98674507819	396.782501220703
-49.9297462320843	1231.91616239935	396.680572509766
-1.50448279473594	1229.48107246711	390.579986572266
-0.568267435724721	1227.56649038972	391.502288818359
5.06180733268997	1229.11989507562	391.32421875
8.72592158561849	1215.45365845822	390.176147460938
4.80899994482104	1216.56455616872	389.408813476562
4.70747091559372	1215.05755364525	389.584289550781
1.40220150799394	1277.20003340193	394.797973632812
-1.9745936561103	1271.03964684537	395.735687255859
-7.36043360029043	1267.27336436848	393.659790039062
-12.0900572390083	1253.973257509	402.938201904297
-16.0933296641074	1256.80922185378	402.2685546875
-22.6638259696654	1259.60198237005	402.812744140625
-79.8648796421719	1262.35110656681	415.501556396484
-82.2589278717645	1267.30691173207	415.914489746094
-82.9782473096623	1267.94643101827	415.590209960938
-87.7541469056633	1259.17997160125	432.125061035156
-92.9913584350363	1261.87196189599	431.295959472656
-96.0056628321717	1260.0248458447	430.344207763672
-121.132576511293	1243.73919280417	437.577728271484
-121.139903262722	1243.65585996787	438.455322265625
-120.298037734859	1246.05360710295	439.001892089844
-168.407475453116	1274.35355498833	455.337646484375
-145.214610839578	1282.85510325616	455.455017089844
-141.927175502878	1282.1618989608	455.306060791016
-141.03349047336	1235.92704178971	458.037994384766
-141.593231376435	1236.7089782522	458.574798583984
-139.33814443129	1224.54236333214	455.835327148438
-228.756674987621	1246.58525406748	478.339294433594
-222.45246382174	1239.15067774061	478.692443847656
-222.273075074543	1237.85329583925	474.312072753906
-211.212372150558	1212.43416115566	495.125030517578
-212.557931246755	1210.898735899	495.871063232422
-212.021715937657	1212.4328849079	495.012878417969
-258.887286594677	1224.02557162293	493.142181396484
-257.513909766279	1223.00459198034	492.819213867188
-259.204065644825	1222.93100709461	493.375213623047
-273.813866499966	1224.02870117282	513.380554199219
-289.913300297139	1229.79041772451	514.019836425781
-284.335468796009	1228.68690479461	513.751098632812
-326.477023140753	1207.43709226625	527.529541015625
-325.431737094465	1210.06669272837	528.415405273438
-326.212102258289	1210.88784794085	527.891235351562
-336.698365206049	1206.14135706443	528.389709472656
-338.421026446134	1207.42252544869	527.869873046875
-339.50559959829	1207.41378373693	527.39892578125
-374.1994475531	1183.32409186811	544.126403808594
-377.703785297949	1190.77854105053	542.193054199219
-376.969193610038	1193.50802619177	543.716552734375
-389.142819965277	1180.08509873603	559.059997558594
-384.734251187387	1177.60201681907	559.202758789062
-383.893383932582	1165.7573442868	560.545471191406
-392.732687357049	1166.32513003001	561.718933105469
-392.990530574529	1168.83889503842	558.656311035156
-415.768131656338	1158.08369605603	558.00830078125
-462.346788821959	1170.74260194814	579.02392578125
-463.239519159585	1169.71917211033	577.209838867188
-468.547791098634	1172.80632690542	577.014221191406
-471.278642183017	1148.71171152543	581.725463867188
-472.407389578043	1149.20306814199	582.603759765625
-473.266354905417	1147.70681264737	582.190002441406
-538.732811566387	1165.58785091514	587.728820800781
-536.526869968945	1166.54719934991	587.612915039062
-541.543782734053	1165.04511568384	587.236267089844
-554.811678213254	1135.39567033928	610.97119140625
-555.5137545601	1135.32353179638	610.130004882812
-557.042407091611	1140.3254504383	608.906799316406
-569.302427139815	1109.16037845619	619.927490234375
-568.285508543287	1110.50902218389	619.235900878906
-573.86112230511	1111.62361049616	618.720397949219
-636.151102395006	1123.47595576073	634.292846679688
-643.31672434475	1119.83547353351	634.447937011719
-645.982907054461	1115.085696975	635.208374023438
-606.266883426867	1064.70731096833	630.58740234375
-610.637779317343	1067.52839565857	632.05322265625
-602.602557437885	1065.15355343125	633.764526367188
-654.74761036231	1075.71123972655	640.36962890625
-652.081660597888	1076.44054003874	640.027282714844
-650.332663680568	1076.70336024396	641.668029785156
-657.51571249926	1056.61412837427	656.663452148438
-650.871048459256	1052.21069704064	659.775451660156
-649.925567831068	1052.0770755185	660.905151367188
-658.051110732478	1036.80668248663	663.259460449219
-658.180165788334	1036.27050673543	663.568725585938
-661.392555543597	1033.00315251754	662.499389648438
-752.898317911874	1040.71752675838	683.894958496094
-751.352170490207	1040.42895869559	686.525939941406
-758.141864079983	1040.58828574334	683.367736816406
-755.137990052599	1012.49718796719	675.387878417969
-754.137743024154	1012.16243406624	672.651977539062
-754.372758183469	1011.28510160081	675.45703125
-776.221961061233	977.702640870931	695.760803222656
-777.159424396973	976.470391208676	695.243896484375
-776.492181817289	977.195199931963	695.089660644531
-816.176486715881	963.340969940903	686.651000976562
-810.780971826301	963.163765093637	686.318176269531
-816.284799439273	964.98517408183	686.148498535156
-798.964544362942	959.782194049573	713.234069824219
-800.708129978275	958.483367447784	713.295837402344
-804.280365563729	958.546425327452	712.443481445312
-801.744415529246	929.204495213463	707.164428710938
-800.827219223427	931.821788981742	706.187255859375
-803.610543101	928.475988948949	706.072204589844
-876.14332042668	908.816143996796	732.046142578125
-879.435343114601	908.6311817301	731.926635742188
-878.523985174687	909.604449068673	731.637023925781
-908.129286335233	877.704127295788	711.29150390625
-906.453898955755	879.733373899923	712.503234863281
-903.010277481522	879.24449966275	712.712890625
-897.153909298863	884.88017015195	737.847595214844
-900.268518848739	885.382606418389	738.056640625
-900.352907994471	885.453522158202	737.187561035156
-935.258978475951	856.297664992228	745.067077636719
-932.049722201838	855.689491933698	748.7822265625
-938.044959652065	857.763016569295	748.891296386719
-919.157877416	815.886522247392	735.702880859375
-915.328942339761	817.19373058235	735.809204101562
-909.741339566098	820.666517537163	737.028442382812
-931.678029993134	805.055924110438	753.926208496094
-929.934630484713	806.052771629332	755.087524414062
-930.119584672272	806.010154924755	754.921813964844
-982.363174600338	765.307501187743	763.351013183594
-985.181658146106	765.234220231136	763.944091796875
-985.580029813486	764.246252681436	763.939208984375
-984.931057059598	749.455049563316	741.904846191406
-985.174084389484	748.346026345022	741.841003417969
-985.252033705446	748.395586321167	742.606811523438
-1021.00959239789	711.246140803732	746.754577636719
-1012.2215205162	712.94320081606	746.536926269531
-1008.43830759941	714.657455083036	745.690673828125
-1022.86541229583	704.822467334642	759.030578613281
-1025.09573348245	705.188490810028	763.761840820312
-1024.01809981264	707.590335516422	764.134521484375
-1024.79419931019	679.7390443349	765.835693359375
-1025.06291054486	680.820355023716	766.657958984375
-1027.15644327332	682.065423590435	767.923522949219
-1107.75870581335	658.264575244208	767.827880859375
-1108.82074436264	662.16595474684	766.627197265625
-1093.98422885214	660.406935981985	767.672790527344
-1116.5215995261	627.792767973972	768.777099609375
-1114.94150653123	622.532078103128	768.79931640625
-1109.65054141143	621.706778254589	767.72021484375
-1114.85179458421	593.705827301474	763.260070800781
-1101.88973306431	594.543101938379	763.084594726562
-1098.92527717333	597.722343586372	763.289672851562
-1147.5734060587	586.095333791069	747.689086914062
-1145.2305265646	586.66956059404	748.106689453125
-1146.14568722163	586.523244758749	748.857849121094
-1165.80992032295	553.686851548948	732.643127441406
-1164.01324958222	556.379374184466	732.161987304688
-1166.93506823669	553.463328333398	732.729919433594
-1118.14035225375	525.033258795323	734.188049316406
-1120.28993894113	520.864965793431	732.134033203125
-1119.94135540992	517.558148094	733.039306640625
-1161.66168932098	472.134029412446	706.399291992188
-1154.35404823402	479.174096684687	706.892944335938
-1155.93440686823	478.09290324045	707.344177246094
-1162.25711219232	461.374081683749	703.860168457031
-1153.80329980986	468.090284086312	706.058044433594
-1161.15842228549	464.445096887648	706.046203613281
-1216.85347198248	444.409575418898	695.249328613281
-1216.4263363193	444.766305112432	694.897155761719
-1215.73639457163	437.787084324919	694.031494140625
-1166.87376271802	419.448087012327	667.899658203125
-1166.13245182122	421.878407219717	667.447570800781
-1163.54088696097	421.286364743862	668.7333984375
-1188.56796493806	396.200774342613	637.756774902344
-1185.66469395657	396.770280694071	636.468139648438
-1190.58082682311	387.735126943442	634.218933105469
-1238.7481043243	372.685302009882	614.855407714844
-1240.17764005665	372.882732252894	613.640747070312
-1240.10566825629	373.411044297752	611.523864746094
-1191.50864439567	336.447854854853	572.540710449219
-1196.03181039138	324.378574390951	572.265747070312
-1194.63800080481	325.782382434614	572.324462890625
-1212.26922237231	286.796616140607	555.3671875
-1214.40820452513	297.268490452977	554.067504882812
-1197.14223121095	314.997911371015	554.17431640625
-1247.97660368492	257.537348498656	512.21142578125
-1224.14613217438	271.467618563574	511.211334228516
-1216.20090813188	280.80477698173	510.263488769531
-1230.68419261801	225.221795469274	471.992431640625
-1231.73467441673	222.898294237389	472.351531982422
-1231.29384255279	225.613327200795	473.909881591797
-1244.34245123509	198.222436466696	409.606414794922
-1239.24535259019	196.092421095782	411.258056640625
-1237.46549847816	195.323091486421	414.715148925781
-1300.16239594539	233.178902771	470.018371582031
-1298.19034600216	229.277392316563	467.000823974609
-1275.10813120124	233.222958703182	465.939056396484
-1269.56634344061	271.387719985869	509.128021240234
-1282.16360421157	269.393010412161	509.490753173828
-1271.2834800615	270.684446835232	508.467041015625
-1254.30508413143	282.312410830625	529.305969238281
-1253.59715434611	282.39050395337	529.823486328125
-1250.74307593052	295.592373960576	530.603088378906
-1257.92144901181	342.337674577682	580.418273925781
-1259.88907772892	340.458636086249	580.552185058594
-1265.64826445236	309.20377486446	580.311157226562
-1269.9431229658	366.547105969158	611.834533691406
-1267.99155382029	366.577049956818	612.360412597656
-1259.42006547767	337.135198339036	611.554870605469
-1241.4860308385	392.881622731881	625.772155761719
-1230.55248283942	387.073927335492	629.5263671875
-1220.88982652442	368.368921138911	631.200805664062
-1202.92735631939	405.076431369531	667.981140136719
-1205.47150687258	404.336076019459	665.580261230469
-1201.73927006227	402.399068366731	664.648742675781
-1178.55991600563	443.331538790176	680.576721191406
-1178.49670322547	439.438613731558	681.597534179688
-1178.86194751461	440.210686686998	683.09375
-1181.11970692774	466.303975959465	700.189392089844
-1180.71794632211	468.094761258981	701.814697265625
-1183.38892473098	457.810234955279	701.411254882812
-1218.43878142837	492.219291615424	718.445251464844
-1221.08751617826	490.573551713585	715.798583984375
-1217.01570621255	494.17154856451	715.667175292969
-1206.6320826342	530.412480859057	721.429626464844
-1206.53623157592	531.321866763661	722.257202148438
-1204.43026010056	532.277217123281	721.985961914062
-1192.45128354682	561.994603179234	741.280456542969
-1185.31254128971	561.727114831445	742.682861328125
-1186.49912645573	562.076048414854	743.96240234375
-1118.34612793866	562.565635860713	750.967407226562
-1119.29793094051	561.874162158719	752.053955078125
-1118.10400483313	564.354602058314	755.654479980469
-1103.17010858071	588.355794114418	762.863891601562
-1101.61556494565	590.87183298846	761.650268554688
-1102.18172328044	589.498483748094	762.517883300781
-1161.65562912911	615.490699239693	774.487915039062
-1162.42583081693	617.909675577896	775.309204101562
-1159.82175834401	616.594335998419	772.759216308594
-1070.07310409717	644.625324846942	776.020446777344
-1066.94405203794	645.70963884677	772.13037109375
-1070.45423609517	646.445223493879	773.707153320312
-1061.25424294891	673.968643740195	772.705688476562
-1061.67788621188	672.891292945644	771.29150390625
-1061.517879647	672.826611409685	770.563232421875
-1089.30850471757	714.013992108487	753.757873535156
-1094.66715920807	713.37451836302	753.550720214844
-1096.9356834939	711.193376488403	754.963317871094
-1096.97429234547	724.169101849862	754.891845703125
-1094.97924189292	727.613973900986	755.122192382812
-1094.09973730044	726.615655234462	752.376708984375
-999.722640050072	750.937699555521	749.584228515625
-1003.14345535515	750.38950119585	749.954467773438
-1000.63910733007	751.484631290921	748.103637695312
-1012.12645042772	788.044071582549	748.557800292969
-1008.4511981159	789.549876634662	748.967834472656
-1009.24146535776	788.893907029847	744.732788085938
-1018.00750099058	780.183058425914	759.525268554688
-1011.46436075453	778.546306371682	759.401000976562
-1002.30157341558	780.216139299781	760.44482421875
-963.331028079445	813.480533122696	763.692077636719
-961.158222028917	815.745165581801	764.070495605469
-963.987801413988	816.309049324094	764.076049804688
-979.468236075369	830.906727613651	753.391967773438
-994.04609434134	831.249000913628	752.454223632812
-968.350994703876	832.073719487542	752.608947753906
-920.583571148291	852.660205655511	760.365783691406
-923.030532543052	850.875837702721	760.048217773438
-923.10302726346	850.236683278489	759.004028320312
-951.977040521876	876.698024664408	741.454345703125
-944.136555108833	875.188748138873	741.910766601562
-963.164757046885	878.336017964352	740.214782714844
-873.940701655302	900.402481282718	720.235595703125
-874.84226592136	900.270452958158	722.449279785156
-874.885015582248	899.117791188494	722.61669921875
-881.774495665233	911.71076904935	713.734802246094
-893.858732920238	914.870585034379	713.201110839844
-894.828741468515	914.880745304562	713.041931152344
-878.715391138553	962.983666004497	729.476867675781
-869.222419438178	962.78569724545	729.232849121094
-869.969315524236	962.331535053208	727.828186035156
-820.317165118559	976.444914119258	727.602600097656
-818.950634958999	977.794148577054	724.398620605469
-817.490595804188	976.169944615794	724.024475097656
-833.242896763781	982.256077863075	704.259155273438
-833.162043464561	980.065874471936	703.103942871094
-827.988539566456	977.419928625127	701.92236328125
-807.434242114803	1007.98097217857	690.026672363281
-804.436015978142	1009.17431124969	689.376586914062
-803.354471538605	1007.6088211291	689.605041503906
-747.979498352237	1032.85065383801	698.058166503906
-753.925099349355	1033.04608228841	699.43603515625
-748.526463857926	1031.91831732828	699.431091308594
-706.411939550322	1043.91079242683	681.236328125
-706.189071523836	1042.0818874451	678.039123535156
-712.196227361913	1043.940348796	677.066650390625
-714.913581359011	1058.48519672819	678.609313964844
-713.229076736319	1058.52043315385	678.230407714844
-714.819308314192	1056.99010457542	678.108215332031
-691.438938386434	1068.20170335802	671.589294433594
-685.397282846797	1066.97257831718	672.475158691406
-691.308830992109	1070.06324165946	673.2919921875
-653.662683166886	1099.77648760485	642.256530761719
-654.766192142266	1099.39938284556	642.799255371094
-657.396871777526	1102.59201981847	641.384155273438
-639.197220952473	1117.53079513699	636.324768066406
-640.100290897145	1119.9675068097	636.771484375
-640.083180168194	1120.05031493255	636.991394042969
-615.566178555842	1103.47592752522	646.087158203125
-603.601667499604	1101.14664289757	646.223815917969
-614.401246426017	1102.42028187292	645.557067871094
-543.492139032931	1123.14867107567	629.302612304688
-541.1480123103	1128.84668706958	629.193481445312
-538.51519776405	1132.3299670392	627.539245605469
-597.145924297962	1169.52774317281	608.782470703125
-595.368656853343	1171.16804135645	609.196533203125
-596.153199548403	1172.13029264068	609.06201171875
-580.551925276876	1168.92695307222	608.190734863281
-584.85149009177	1173.98351138097	608.237060546875
-583.043167764876	1174.27742128993	608.258483886719
-481.369243104089	1156.01636157892	596.756530761719
-481.61072885672	1156.10962651719	595.583801269531
-480.742114193184	1159.35643036866	595.725402832031
-452.810900036381	1176.97534431582	577.628662109375
-465.002293524688	1192.37967799765	577.645935058594
-463.09576019416	1192.03957240731	577.402099609375
-439.515617484703	1173.68214356712	582.04052734375
-450.379762336656	1177.47686457927	581.412170410156
-454.822153787393	1181.11428817622	581.662658691406
-433.97869013435	1192.04766041597	569.755187988281
-432.969643443493	1192.06318546597	569.141845703125
-432.658072820051	1192.54971678056	569.139099121094
-425.976580883168	1242.47079294186	547.281555175781
-427.214581374148	1241.2564793339	548.136596679688
-408.342535484203	1236.85706496775	548.867736816406
-367.217475090003	1220.41472406491	536.83251953125
-363.541018915979	1218.58258360493	535.690002441406
-392.984070732256	1228.0436738915	539.168334960938
-345.437596383675	1240.54961327278	532.432189941406
-348.424326716971	1241.8822603545	532.480590820312
-336.749637474001	1243.73945525784	532.475219726562
-305.677768772824	1244.51962172572	525.28564453125
-302.612056290492	1245.38680152728	525.299011230469
-304.859343300123	1245.60813051667	525.5537109375
-261.451628645273	1254.93714442933	500.460144042969
-247.865913442283	1250.14479585116	500.613464355469
-255.293108874444	1252.63147781055	500.067535400391
-219.435528950306	1232.64859284307	499.709991455078
-217.2081381281	1232.27626425948	499.722137451172
-222.263990031539	1229.06624701838	499.531158447266
-213.449546900032	1251.62567753608	483.362731933594
-212.788374505038	1250.2830811062	482.829437255859
-211.291780024705	1241.18480136797	481.305541992188
-171.10856265934	1236.70978759532	479.487548828125
-167.690219224711	1236.10978243967	482.259704589844
-175.226031106488	1235.66492674789	481.909912109375
-198.117464156733	1272.20592701757	458.169616699219
-193.294963027522	1267.74211876525	457.468078613281
-197.505498176625	1268.94275738741	459.169677734375
-130.297752691472	1262.54402601271	447.697113037109
-141.409978714612	1264.38579010649	447.24609375
-138.581463589649	1263.91060534344	447.484375
-111.818670506128	1280.64156294481	438.279693603516
-109.471472499953	1281.25837223548	437.908538818359
-110.950687098235	1280.60565486129	438.415924072266
-82.2213399519413	1285.80089714244	428.195739746094
-80.2679678953239	1285.60246041886	428.948760986328
-87.2489567196698	1281.35158204648	427.398712158203
-15.3976161593629	1261.05788910475	417.237121582031
-16.8162370229823	1261.34549617821	417.894561767578
-11.8324833114969	1260.43135666004	418.306610107422
-6.92655195028584	1275.38423697402	399.902557373047
-10.4123144979494	1279.37544608889	399.173767089844
0.67143404673169	1274.06559332514	398.697937011719
-14.628489199597	1283.59803799813	394.028167724609
-14.3331357919409	1280.64480596601	393.212524414062
-9.27742509717444	1285.52285738013	393.699157714844
-863.664090383145	48.4655513391374	81.3351135253906
-864.851750135107	49.1786078856516	79.6180725097656
-860.14168461657	48.7624663297079	79.2335510253906
-1261.03554985192	191.697934254906	391.767425537109
-1263.45935442262	191.992167816785	386.141998291016
-1259.21843398952	195.441982769487	384.299102783203
