id	iq	torque
4.84594829273932	5.06038302321167	-0.319999992847443
4.91944049743356	5.35473992180869	-0.319999992847443
4.84176448818554	5.00051522147815	-0.319999992847443
7.22103942417849	0.410765792349549	-0.5
7.14703384597618	0.526744416776743	-0.509999990463257
7.26352503799111	0.666176861735216	-0.5
6.79588110907569	-0.228026943431962	-0.740000009536743
7.18455321792433	-0.574927619192757	-0.75
7.20158701203365	-0.573221789595736	-0.75
6.89753654071378	-12.6380435289069	-1.10000002384186
7.24483194773974	-12.4971348260953	-1.11000001430511
7.13877751722407	-12.6402456072951	-1.10000002384186
10.7273032362371	-9.51241995444719	-1.72000002861023
9.8708191523169	-9.53547599883637	-1.73000001907349
10.5964174417738	-9.62104134909312	-1.73000001907349
14.5232298177412	-0.794588897250018	-1.24000000953674
14.4273693964821	-0.760212531526232	-1.25
14.3623435083886	-1.46389258738252	-1.26999998092651
14.2245038629379	0.179704803048634	-0.540000021457672
13.9020995697799	0.362273136876536	-0.540000021457672
14.0598386406606	0.259265904104443	-0.529999971389771
12.9823552258063	3.23860512948139	0.790000021457672
13.1660428599823	3.10706785107054	0.790000021457672
13.1684584843693	3.0665952872799	0.800000011920929
8.37069363326795	11.3793660808165	0.349999994039536
8.73397785663954	11.7762407654004	0.360000014305115
8.67530810807485	11.691382874385	0.360000014305115
7.82963999197488	20.0853136564092	0.46000000834465
8.03352397386284	19.8939738067001	0.46000000834465
7.30567353209498	19.6658542761624	0.449999988079071
12.6079714591737	17.1684198419739	1.45000004768372
12.2943863041292	17.6702846584832	1.44000005722046
12.5266197465728	17.4126163791918	1.45000004768372
17.2071472427882	12.4563310710939	2.40000009536743
16.3960738269559	12.8686491910465	2.40000009536743
16.7634520547105	12.4398658543962	2.40000009536743
20.3937461972633	3.98935204344198	2.22000002861023
20.3063061744423	4.39637775194506	2.23000001907349
20.2854031889877	4.52035682645446	2.25
20.5369698694439	0.0969911256637319	-0.409999996423721
20.3283590456289	0.0919346970344956	-0.419999986886978
20.2968625514709	0.0644049515178318	-0.409999996423721
21.7002019101199	-1.03968021945525	-1.64999997615814
21.5649770232143	-1.39063490254011	-1.66999995708466
21.7450934485612	-1.69577131240131	-1.67999994754791
19.7623156051433	-7.26866279768571	-3.76999998092651
19.2391210497021	-7.5328578349486	-3.78999996185303
19.5591955941526	-6.56985369143298	-3.77999997138977
14.5972282750574	-14.890815824297	-3.09999990463257
15.0794275765759	-15.0143831023543	-3.08999991416931
14.9452659169627	-14.7606266304715	-3.08999991416931
10.3524258049712	-18.8328783589094	-2.02999997138977
10.3807622468924	-18.0789790593481	-2.02999997138977
10.2644161356942	-18.4497842985162	-2.01999998092651
6.87559350862366	-27.0155520382866	-1.88999998569489
7.21410407087347	-26.8183660151854	-1.88999998569489
7.38967633135999	-27.3269482819341	-1.88999998569489
13.9566221127169	-24.8031028486852	-3.26999998092651
13.6236849654665	-24.7156547501029	-3.26999998092651
13.3850109010679	-25.2799261129277	-3.27999997138977
18.776772504078	-20.4663681917712	-4.73000001907349
18.7087423088578	-21.4406036679504	-4.73000001907349
18.4258554700402	-21.5092048466512	-4.71000003814697
22.2408651835521	-16.8942083071638	-6.05000019073486
22.1940137788337	-18.4447274953286	-6.03000020980835
22.1651509153471	-17.8224042708159	-6.03999996185303
27.2372846284937	-8.57836712644437	-6.28000020980835
27.7263609920472	-8.42470460104468	-6.28999996185303
26.7621929764016	-7.90781560145344	-6.30999994277954
28.4701402632258	-2.726444296701	-3.35999989509583
28.1491524008896	-3.42579322510262	-3.36999988555908
27.7966194029319	-2.39869221144298	-3.34999990463257
27.26635925136	-0.0611049860160122	-0.5
27.3129225306464	-0.222993263625126	-0.5
27.3324431187388	-0.178520683786879	-0.490000009536743
27.5335235595818	3.59566756418339	2.38000011444092
27.219073726877	3.68909027315323	2.41000008583069
27.7580740781441	3.96910111373531	2.42000007629395
26.6373453879025	7.59400394287329	5.15000009536743
25.7482772290734	8.43898192707145	5.1399998664856
25.3079957651398	7.86543286890712	5.17000007629395
22.1220489563439	17.0845896898213	4.90999984741211
22.2411491266747	18.5859616978937	4.92999982833862
22.3974392013269	17.3757331586398	4.94000005722046
17.6695367032135	22.2703860236897	3.6800000667572
17.1332113039505	21.9559693792802	3.69000005722046
17.6989003821506	22.2971850502967	3.6800000667572
12.5339848183687	25.1152917601603	2.28999996185303
12.2097340877142	25.4610393616809	2.28999996185303
13.4893111446545	25.6198119996152	2.28999996185303
8.60596955593916	26.698513487276	0.920000016689301
7.69054491434067	26.9354182060997	0.930000007152557
7.42984486873792	27.3658756920194	0.920000016689301
8.0223227146391	33.5735310535206	1.3400000333786
7.81679297860054	33.917811841628	1.3400000333786
9.45543371676396	34.1636694454617	1.35000002384186
13.6069901209971	32.4692259948083	3.11999988555908
13.8073039131783	33.2631562669073	3.10999989509583
13.1556435492342	32.4615931506609	3.13000011444092
18.2101828290556	30.0080227982073	4.92999982833862
17.5069377919798	30.0882402116468	4.92999982833862
18.6597143668325	30.5247614036573	4.92999982833862
23.0577942742999	25.7852316990579	6.71999979019165
23.4285306260065	26.8281406271564	6.71999979019165
23.0351773265433	25.7741735565087	6.71999979019165
27.7243953455266	20.4574598787504	8.1899995803833
27.7642751470855	20.456878875311	8.15999984741211
27.5487969642532	20.3429069275616	8.1899995803833
31.8866903408512	11.9190281595082	8.39000034332275
31.3915895550222	11.4960997345403	8.40999984741211
32.2119848279579	9.74090162268367	8.4399995803833
34.6174235479773	4.48576101843946	5.73000001907349
33.6282079422884	7.32841447454257	5.73000001907349
33.7303254728509	8.87937403015265	5.76000022888184
34.0447676027104	1.71109722056864	-0.219999998807907
33.8160292800969	0.584794432937198	-0.230000004172325
34.1062224935634	1.28411805775835	-0.230000004172325
33.9140435752156	1.56934291462134	-0.239999994635582
34.2917470455559	1.05384865049548	-0.239999994635582
34.085996693812	1.22402445713205	-0.239999994635582
33.3460541760606	-3.71291158615569	-6.67999982833862
33.9548108802082	-5.47927238376166	-6.6399998664856
34.6133867687941	-6.68356884871345	-6.61999988555908
34.9145582011104	-11.7704236651689	-9.52000045776367
32.781784655497	-12.1975885918706	-9.5600004196167
32.3032794449502	-11.4785623476436	-9.57999992370605
28.8209232742809	-19.7171043255075	-9.39999961853027
28.0062769070075	-21.7050326692842	-9.42000007629395
29.3745239407757	-20.8095793210424	-9.39000034332275
24.6338889392394	-25.1296968497979	-7.90999984741211
24.9145634158652	-24.802147625801	-7.90999984741211
24.9374581885041	-25.2303421060942	-7.90999984741211
19.5046272877479	-29.4630317101303	-6.05000019073486
20.3226570984115	-28.9495783034537	-6.03999996185303
19.3779963492804	-28.0551503682847	-6.03999996185303
13.7627301745959	-31.3243898187275	-4.17000007629395
14.2965855600584	-31.7737407748275	-4.15999984741211
14.2006761478249	-32.6028740431238	-4.15999984741211
7.45740487934547	-33.6581073185942	-2.32999992370605
7.70003872228235	-33.9094160521875	-2.32999992370605
7.55826222277292	-34.6044360589978	-2.32999992370605
7.49069556072136	-41.9805308088374	-2.80999994277954
6.87272821636023	-42.1137934928676	-2.8199999332428
7.31579798507049	-42.0964159730133	-2.80999994277954
14.1310631241222	-39.1702926511762	-5.05999994277954
13.8800275271999	-38.9613613199729	-5.05999994277954
14.7656728471272	-39.8484703478594	-5.05999994277954
20.5237004694216	-35.6265032242317	-7.34999990463257
21.1681927368258	-37.2624379205448	-7.34999990463257
20.2876496322053	-36.0245450220231	-7.3600001335144
26.7893507460718	-32.4203275020689	-9.6899995803833
26.8319129562672	-33.5383081659093	-9.6899995803833
26.3412449599962	-33.7739598852259	-9.68000030517578
30.9029477983469	-29.7969318662737	-11.8599996566772
31.3391420059522	-29.5361031455794	-11.8599996566772
30.7908432716588	-29.3436348314099	-11.8800001144409
34.1303578247614	-23.3683238886903	-13.4700002670288
34.9929300585997	-25.5610298525207	-13.4499998092651
35.3492249994303	-23.2001857375087	-13.4399995803833
41.75898397018	-14.8700258546321	-13.4499998092651
39.467486775164	-15.8646580298521	-13.4700002670288
37.4002753309032	-16.2569208453525	-13.5299997329712
42.7539491345022	-9.20410512875766	-10.5100002288818
41.5118180851066	-6.82375715414833	-10.6000003814697
38.7518420162641	-8.46123116654446	-10.6499996185303
46.1539285253431	-4.04008615992251	-4.15999984741211
44.0240499046041	-4.5666137682583	-4.19000005722046
45.7543858076228	-4.02176865995368	-4.23999977111816
40.7552970965431	-0.865683822496903	-0.490000009536743
41.3333037285464	-0.128750772599148	-0.5
41.1871298935115	-0.15398557955244	-0.479999989271164
43.3861431194725	6.48248324974638	3.65000009536743
43.5077998513342	5.79771652756101	3.64000010490417
41.3698215317955	4.2703224369542	3.64000010490417
40.6018287434881	7.78517643197169	9.61999988555908
40.8357208787974	7.0258257915177	9.57999992370605
39.7567324743563	8.22391553929916	9.5600004196167
38.2095812307622	15.6422714282087	12.2700004577637
38.2654327124143	12.972677040373	12.3000001907349
38.936306102563	10.7899089887085	12.2399997711182
33.4769032861195	25.1593642979226	12.1300001144409
33.3760922940762	22.7731403347723	12.1099996566772
33.3448893204015	22.8529089579044	12.1000003814697
29.031366201443	31.3116922292353	10.5299997329712
29.1456404581953	30.5924743563877	10.5299997329712
28.6191630471737	29.7089772776383	10.5299997329712
24.5141260909123	34.1027464824222	8.43000030517578
24.1925410271396	33.8480520197633	8.42000007629395
23.6025284751795	34.2671578559014	8.42000007629395
20.43677016725	38.207856977617	6.17999982833862
19.2185029534704	36.8267987207881	6.19999980926514
18.8548566559524	37.7826235429085	6.19000005722046
14.1518436730601	39.5597080709214	3.96000003814697
14.7607733409851	39.4349950818381	3.96000003814697
13.2095504938439	39.9723439090348	3.97000002861023
8.35647634599066	40.89141260305	1.76999998092651
8.92969928548599	40.9427389019571	1.76999998092651
8.95760650729422	40.9465712574664	1.76999998092651
9.38658918076297	49.3080551346156	2.20000004768372
9.28338851180246	49.10835203644	2.20000004768372
8.64076289451146	47.3275513502193	2.20000004768372
15.4084940147001	46.4617688313237	4.80999994277954
15.1205102627123	45.8724849349196	4.80999994277954
14.6109910596026	46.634608439473	4.80000019073486
21.0882174046234	45.4187644266614	7.44999980926514
19.8078525292014	46.221321368449	7.46000003814697
19.950173053343	45.2634108002206	7.44000005722046
25.7938518536752	43.2142969558439	10.1099996566772
25.9773225689642	42.7656994828	10.1199998855591
26.1178165366931	43.0162849563142	10.1099996566772
30.8983196994015	39.2739321093543	12.7299995422363
29.837051770823	39.1794235674606	12.710000038147
29.4740003560213	39.7649995748546	12.710000038147
34.6831340053212	33.7323016638906	15.0500001907349
34.8588890404113	33.5577730071644	15.0600004196167
34.8168830710918	35.2459053954512	15.0500001907349
38.9079464582197	27.0721109332325	16.6299991607666
40.0632284458181	25.1455425823227	16.6800003051758
39.1806283103502	25.4009894113867	16.6200008392334
44.9361436034651	14.4921070405154	16.5799999237061
42.7564620532838	18.3507961671814	16.5699996948242
44.8343422350905	19.9189270948625	16.6200008392334
45.4304076890222	16.8337722136977	13.7200002670288
47.1907403664463	16.5928706624549	13.8000001907349
46.5880689809994	13.3460167188093	13.8199996948242
50.2395557013606	4.8651617436831	7.76000022888184
47.991567786201	4.18027741794888	7.71999979019165
48.7433371167747	2.19321824102104	7.69000005722046
48.0146610396885	-0.664550656076337	-0.340000003576279
49.7838625426453	-0.680748616055335	-0.340000003576279
48.9371247611578	-0.355530737029869	-0.340000003576279
49.6604564331548	-1.86783700046918	-0.349999994039536
50.5205823159971	-1.03328634777582	-0.330000013113022
48.6556438333685	-1.52900138199895	-0.330000013113022
49.3976543576491	-8.3777077776333	-8.32999992370605
49.5481600413585	-7.97957069499565	-8.30000019073486
51.6957063403698	-8.47945830263524	-8.3100004196167
46.8248715418007	-11.4477108496027	-14.8000001907349
47.3838963560322	-11.9107651344614	-14.7600002288818
50.4975212456033	-13.0315438902301	-14.7200002670288
44.9902327212748	-17.9775963370262	-17.9300003051758
45.8831115956318	-20.084597252625	-17.9400005340576
47.754900871827	-18.7079869044335	-17.8400001525879
40.8724851879876	-27.8433096879965	-18.1100006103516
42.05326830385	-27.9391365713129	-18.0699996948242
40.3225431781171	-26.1546885177184	-18.1100006103516
37.8372373005075	-32.09130766871	-16.5200004577637
37.6468773021033	-32.2332661137242	-16.5400009155273
37.1076274629455	-31.2422160651033	-16.5200004577637
33.6061549477769	-35.449236349024	-14.1300001144409
34.4100184523599	-37.5491883457634	-14.1300001144409
33.1166994082822	-37.3802444531055	-14.1300001144409
27.8793091803094	-41.6941181893849	-11.4399995803833
27.5443133270973	-41.5667842170164	-11.4499998092651
27.6755852961186	-41.4304560015309	-11.4499998092651
20.8522808307289	-43.9584421670467	-8.69999980926514
21.7518117007308	-45.1384765898986	-8.69999980926514
20.7588351637324	-44.1330294876512	-8.6899995803833
14.9044068308661	-47.1449841478971	-5.96999979019165
14.2623627130481	-47.311310961323	-5.96999979019165
14.0946079245461	-45.8806207430356	-5.96999979019165
7.07479473535547	-47.8949333801437	-3.29999995231628
7.80367837353964	-47.6792244327939	-3.29999995231628
7.43749026987864	-47.6976283225983	-3.30999994277954
7.43919927094232	-54.5736502700792	-3.75999999046326
7.60293534251005	-54.5876787070406	-3.75999999046326
6.76426896188203	-57.1809540594448	-3.76999998092651
13.4793737508323	-54.3243788161874	-6.78999996185303
14.2263757804718	-54.413763360682	-6.78999996185303
14.0349451276711	-54.0033007447078	-6.78999996185303
20.7824509397016	-53.0496773977561	-9.86999988555908
20.7051303200277	-51.533193521673	-9.85999965667725
21.1420876839701	-51.2441795777801	-9.85999965667725
27.4868124190791	-49.3228785545195	-12.9700002670288
27.1699715661837	-50.1489799376109	-12.9799995422363
26.4532249018817	-48.1615658850996	-12.9899997711182
33.5799457342484	-45.7597388067098	-16.0799999237061
33.4588713732341	-44.3474814045649	-16.0799999237061
34.5700927680387	-44.0064722420095	-16.0799999237061
38.3368199105569	-41.9759874303497	-19.0400009155273
38.9104664850976	-40.4939500460941	-19.0300006866455
39.0404172806838	-40.7328796057389	-19.0400009155273
44.1233227299908	-36.3753132967698	-21.5599994659424
43.6202865730839	-38.0282752094864	-21.5799999237061
42.3816170175542	-36.4222030147274	-21.5499992370605
44.5793942642873	-32.73128909022	-23.1399993896484
48.6265048019075	-30.2772943592937	-23.1700000762939
46.688315929071	-32.3216591840378	-23.1299991607666
52.4034928867869	-24.3417508031826	-22.8899993896484
49.0115487736872	-22.909827990744	-22.9599990844727
54.2472366042045	-23.1662345513658	-22.9799995422363
57.6285943606874	-17.0040164601506	-19.9599990844727
57.575200565384	-17.20838715974	-19.8999996185303
54.26816655825	-16.7272104911612	-19.9099998474121
53.073935956412	-12.6662526394884	-14.1999998092651
54.8052958838372	-12.420520839556	-14.1599998474121
59.697663112332	-11.48778397864	-14.0900001525879
54.4068505246256	-3.20425517618905	-6.6100001335144
52.7116748121978	-2.940047414322	-6.59000015258789
55.1163073433531	-6.08596036136327	-6.59000015258789
54.6404211013709	3.72399485051146	-0.300000011920929
55.6390088293013	5.29631358642926	-0.28999999165535
54.3404241012886	3.67448022349268	-0.28999999165535
58.5489051858545	3.00587177734993	1.80999994277954
55.3580633901797	4.693275978866	1.83000004291534
55.3385545106356	4.0214704725392	1.82000005245209
56.1188175025963	9.58524359490451	9.88000011444092
56.0028660523769	10.4480972745592	9.85999965667725
55.1783023367007	8.36200687044263	9.81999969482422
52.2391273157414	14.1102515755747	16.3700008392334
51.2608241273082	19.2248912747489	16.3700008392334
53.5976158572711	18.4631789847978	16.4599990844727
51.5636821497409	17.2475959993358	20.6100006103516
52.1587642559996	17.4834908867281	20.5599994659424
49.9547085733727	21.5156648094176	20.5400009155273
46.9561953201373	28.5586275997154	21.8199996948242
47.3153390988782	27.3102191017955	21.8600006103516
45.7736344702842	27.7579636742075	21.7900009155273
41.3797503705262	34.9886756715575	20.8799991607666
42.8549566653686	33.6740717402951	20.9300003051758
41.7552801362664	36.7388187608656	20.8700008392334
37.8794772802968	41.87641390176	18.7700004577637
37.0377482259691	41.1852335196939	18.7399997711182
37.9525233322631	39.7615632249698	18.7600002288818
33.1757077927368	44.2937705604064	16.0400009155273
33.8525682725995	48.1541646312868	16.0200004577637
32.9080115958578	45.8844602692599	16.0300006866455
27.8530479700859	47.9588805242717	13.0699996948242
28.7515529763493	48.9723644007773	13.0799999237061
29.3079073736624	49.5058964428042	13.0799999237061
22.9534936683354	50.5086007994393	10.0600004196167
23.0800918629962	52.5379050749421	10.0600004196167
23.137034519276	52.0362371255093	10.0600004196167
17.5600602205869	52.2944624041601	7.03000020980835
18.296587479969	54.8192162818863	7.03999996185303
17.970830570175	53.6303835649227	7.03999996185303
11.7967310373173	56.2267062860798	4.05999994277954
12.3953817297565	56.3288312367078	4.03999996185303
12.9030184822022	56.058261998537	4.05999994277954
8.86015882196293	62.1555916250131	3.00999999046326
9.77475896008491	62.5759130885554	3.00999999046326
9.13338871083357	61.9803124405619	3.00999999046326
14.8927129845904	63.1647751067201	6.40000009536743
14.5568440337849	60.0219411567005	6.40000009536743
16.4022186940468	60.3125732178562	6.40000009536743
21.1824273573831	61.0758775864772	9.82999992370605
21.7107141710154	60.3342102152014	9.81999969482422
21.1762887210278	60.3587539731822	9.81999969482422
26.1691689168616	56.4679015510857	13.2700004577637
27.006367807917	55.9031525449788	13.2700004577637
27.1749985948738	56.5246149653394	13.2700004577637
32.0867936309944	56.9933034441675	16.7099990844727
31.3212554463201	54.3181446634829	16.7000007629395
31.6660633193122	54.6899334697825	16.7099990844727
37.1609057998082	53.193003934036	20.0599994659424
37.7176156192691	52.0852598963116	20.0599994659424
36.0656575130838	52.6841465595915	20.0699996948242
41.303225927122	47.3673099427548	23.1499996185303
40.680621853791	46.8333347582715	23.1299991607666
41.0576997600025	46.5206179584647	23.1499996185303
45.1992066650519	41.9165118457353	25.6599998474121
46.4507889035841	39.8746000879194	25.6900005340576
46.0098724605674	40.500090844846	25.6700000762939
50.7489053650903	32.1739608246175	27.0499992370605
50.8507207731774	34.192201624589	27.0499992370605
50.9226679227816	35.4538160329635	27.1100006103516
54.7932676903837	27.5634064893135	26.4400005340576
54.6881679183929	25.4100673156974	26.3700008392334
54.3918845609686	27.9932809117434	26.3999996185303
59.0468455153388	21.4647173301442	23.0699996948242
59.2023575344127	16.4867321133374	23.0400009155273
57.7326850728964	20.7162292125924	22.9899997711182
62.987688001024	14.1162906382725	17.2800006866455
59.5846471844095	10.6749458587584	17.2600002288818
60.9580406345748	8.25995011626137	17.2399997711182
62.6336562490631	1.01053085933282	9.90999984741211
60.5026196568724	1.58262666948388	9.85999965667725
62.5205426505201	5.18765884325874	9.80000019073486
64.3152594879235	2.97759671090537	2.03999996185303
60.4947296642331	6.09303470542871	2.03999996185303
60.7080271758272	2.76069423014988	2.03999996185303
62.6110317947421	0.615005717752098	-0.0899999961256981
62.7159443944217	0.16163495763987	-0.0899999961256981
62.5801896624232	-0.277107872437012	-0.100000001490116
66.4119582077191	-4.22549129035749	-6.57999992370605
62.0571153183184	-4.9860170260003	-6.57999992370605
65.2385014955735	-3.2358019498084	-6.65999984741211
63.8956024642607	-8.7881813988858	-14.3699998855591
60.3634775149181	-10.5426777252904	-14.4399995803833
59.2490486310063	-12.0263905361016	-14.460000038147
65.5683146642857	-18.0410300376079	-21.2299995422363
60.9501697633224	-17.1078626008649	-21.25
58.6507781628051	-18.1863873199223	-21.2900009155273
62.3772998509828	-23.4338680601287	-26.2900009155273
59.0018377960988	-25.3533846074888	-26.2099990844727
56.2279743895144	-24.3453470510919	-26.2600002288818
55.4114329793017	-31.704547341003	-28.6200008392334
57.201899214137	-32.2985265745651	-28.5499992370605
52.5180997075906	-32.1763448447619	-28.5599994659424
50.6058903210569	-38.8297780267971	-28.3099994659424
52.2795256892532	-37.3593087074551	-28.2600002288818
49.5352568740238	-39.017209760329	-28.2999992370605
47.7291543505538	-42.6772517575548	-26.2999992370605
46.0714128424153	-43.0787168881403	-26.2800006866455
48.0161056096646	-43.1755815805653	-26.2800006866455
42.946133193826	-48.0285327319768	-23.4099998474121
42.1461080648699	-46.1941937137115	-23.3899993896484
42.6980529290184	-48.1449762655134	-23.3999996185303
36.4673641256882	-50.292481773531	-20.0900001525879
36.7227888147482	-50.1311935174396	-20.0699996948242
36.4872593349876	-50.6395468562248	-20.0599994659424
30.2928215796463	-55.6221047150926	-16.5699996948242
31.2725641081287	-55.7228430520673	-16.5699996948242
31.1394243029154	-55.0927521718545	-16.5699996948242
24.6265238675381	-57.2266332889103	-13.0299997329712
23.9672114260617	-59.228957598812	-13.0299997329712
24.3735801909323	-58.8800104372937	-13.0200004577637
16.8017012481627	-61.8891171371436	-9.5
16.7745166206232	-61.9473682463728	-9.5
16.7009383543163	-61.7438375411458	-9.48999977111816
10.7632775821429	-63.0457935283858	-6.01000022888184
10.9785408117342	-62.6395194660298	-6.01999998092651
10.519706893177	-62.1540423171071	-6
6.84264348504122	-70.6066966417081	-4.82000017166138
8.46391532445735	-69.8476902967148	-4.82999992370605
13.8842483501935	-69.8610614190613	-8.71000003814697
13.4753595825354	-67.9883325846671	-8.71000003814697
13.6849061821492	-69.7383209204993	-8.71000003814697
20.8365990611242	-65.2829651653368	-12.6400003433228
20.5304638214904	-65.749980947073	-12.6499996185303
20.3295029806971	-67.7899258284047	-12.6599998474121
28.3042877520383	-65.6129597325596	-16.6299991607666
28.702830093482	-62.7757326837587	-16.6299991607666
27.389857433237	-64.4464603582077	-16.6399993896484
34.9128001873627	-62.21031533172	-20.5900001525879
34.4630687782043	-60.7349902032096	-20.6000003814697
34.4745843302086	-60.4265794407793	-20.6000003814697
39.6647665953778	-58.3586608753724	-24.5100002288818
40.1527252712931	-57.9863334513456	-24.5
40.6088621295199	-57.9093250541759	-24.5
46.7130029375979	-52.4748453436557	-28.2000007629395
45.7976705325152	-52.6574222097634	-28.1900005340576
46.0885461190134	-54.6828661705831	-28.1900005340576
50.9533169653509	-49.8651506983211	-31.3999996185303
53.5489261398315	-47.985323846876	-31.4400005340576
50.7321734758419	-47.6659444185302	-31.4099998474121
53.2741607063423	-45.2962965227359	-33.6800003051758
57.1974014777988	-44.3091016546057	-33.7200012207031
53.7172170095669	-44.1251175129409	-33.7000007629395
58.9849117798027	-38.7921739656266	-34.25
58.894558571818	-37.7758715387759	-34.2900009155273
60.1846547679633	-39.7577226529864	-34.2700004577637
64.9482826137234	-32.8131269465549	-32.310001373291
60.5159062039786	-32.4000612929696	-32.3199996948242
63.8249378350206	-30.7108885323655	-32.3800010681152
68.5375646586235	-25.2890765673333	-27.8799991607666
65.8948713418968	-23.9377244699345	-27.8600006103516
64.1977180084477	-24.5176269354604	-27.9300003051758
68.971359734622	-17.8639012493186	-21.6100006103516
66.1496596050548	-18.9796353947508	-21.6299991607666
67.6133179322052	-17.1901891413682	-21.7000007629395
64.8986430294475	-11.1285651307184	-14.3999996185303
66.2593342988798	-11.426890365396	-14.3999996185303
73.4892380052264	-10.7788923248811	-14.3400001525879
72.2365285598701	-3.14828274885378	-6.55999994277954
69.5485809990298	-6.78512324955759	-6.57000017166138
66.0222192973958	-3.1794387554802	-6.55000019073486
70.5056411835891	-0.326618491764197	-0.389999985694885
68.7518990744708	3.66856538439152	-0.389999985694885
69.9340179081077	0.353328032128852	-0.370000004768372
67.229183745422	3.04980718278405	1.76999998092651
68.2727559830438	3.5760771450111	1.73000001907349
70.5302664702893	-1.04673563097179	1.74000000953674
66.9924986086906	12.421943279288	9.93000030517578
71.7979942105023	12.8146949111219	9.86999988555908
68.3803553792929	7.38434327669584	9.85000038146973
68.6909104198762	10.5260621620901	17.4699993133545
65.2907531102161	11.4990244105137	17.3999996185303
66.8902869520478	13.2000816221495	17.3199996948242
67.9735669402162	14.7789238035356	24.1599998474121
64.67851934485	19.9618880945677	24.1000003814697
63.7318796358596	23.8749175186023	24.1000003814697
65.4063864724422	22.817871825583	29.2999992370605
62.5347055804118	25.4658398724173	29.2800006866455
60.0419869939875	29.0483409568685	29.2600002288818
57.5418705498894	36.6669980808255	32.2299995422363
58.7322300299857	32.310053132218	32.189998626709
58.018923824422	35.4364007326013	32.1699981689453
53.2069396879368	41.1966185136006	32.5
54.2157316023261	39.2887106199046	32.560001373291
53.0666043236548	41.8358723231464	32.5099983215332
48.2500692136398	50.4763047919453	30.8199996948242
49.9028407457242	49.6542656473802	30.8799991607666
47.9766231603206	49.5264780727535	30.8199996948242
44.3300112974704	54.22266115356	27.9899997711182
44.5830003786202	53.16328006154	28
44.8391647268967	52.3143959095762	28
39.7016335615755	57.1511669043683	24.5699996948242
40.770099873948	54.8813433602449	24.5699996948242
40.2947383200905	56.205477372087	24.5499992370605
34.8687207559232	62.734119714237	20.8400001525879
35.6843897430818	60.4975841525089	20.8400001525879
35.0901203533626	59.3159955145255	20.8400001525879
30.0922805503591	62.6636730400005	17
30.4677913642793	65.6118499719047	16.9899997711182
30.1115162072231	66.2485129772031	17
24.5691453288975	64.0027283294828	13.1199998855591
23.290120778363	66.7864961637657	13.1099996566772
25.1651069383286	67.4170264440746	13.1199998855591
20.353637867618	68.9489899417354	9.25
19.0009254188814	65.8900779181253	9.25
20.4429808435903	66.9554484212095	9.25
12.7679877246119	67.9372281906111	5.3899998664856
13.2130661327314	67.5395472237599	5.3899998664856
13.3987947409357	67.4183213035687	5.38000011444092
9.9266255447923	74.55990553939	3.88000011444092
10.1469983535011	76.3550426950476	3.86999988555908
9.44380977856797	76.2308696011849	3.86999988555908
15.5775172916198	73.7765780130842	8.05000019073486
16.3330867904256	75.1744978148523	8.05000019073486
16.2528280636464	73.5607096068727	8.05000019073486
21.5354669976165	75.3905913495932	12.289999961853
23.9037532136918	74.7902292955222	12.3000001907349
22.0198735443808	72.0948788624905	12.289999961853
26.3608137968794	71.7215471522362	16.5499992370605
25.3522633276696	72.2456394059878	16.5499992370605
28.8544289212344	70.4048029304416	16.5400009155273
33.3086145345298	72.5235938679731	20.7999992370605
32.5176619734529	72.1625051497592	20.7900009155273
33.2394714639151	67.6339803660527	20.7999992370605
37.3431269130112	68.9327674347885	25.0100002288818
37.8562974181178	66.0402824282683	25
38.6123490141843	68.3905819468196	25.0200004577637
43.7671294108619	67.3849347233514	29.0499992370605
43.202093241047	63.9813840429527	29.0599994659424
43.7232608579022	63.0126771044904	29.0599994659424
48.9076590983213	57.8144158914566	32.8300018310547
47.1538057268329	63.4442120497722	32.8300018310547
47.9319300344733	63.6088140541628	32.810001373291
52.4115318792157	53.3434238209121	35.9900016784668
52.5286353043377	53.7174502446034	36.0200004577637
52.310531719673	56.1866441828338	36
55.9155192707601	49.4772938981881	38.0200004577637
56.7315077143956	47.820022738697	38.060001373291
56.4983010395422	48.7630499835155	38.0400009155273
62.4180776108017	42.6751379313804	38.1599998474121
60.6475183967636	42.3370549554673	38.1500015258789
61.022928786342	44.2812047658961	38.1800003051758
65.5334933944654	37.0745759330278	35.9099998474121
64.2614531739045	35.5330615061253	35.8699989318848
64.5857608480207	36.2348371561455	35.939998626709
69.2505447307114	28.7537151788958	31.5
67.813636714881	31.2293731813439	31.5799999237061
71.3259255900426	26.6786704846102	31.5900001525879
73.7751849764949	19.731412294178	25.7099990844727
75.3403648711751	17.1628098598846	25.7199993133545
69.0307405911402	20.9430336854035	25.6200008392334
72.5818478743073	21.331658537489	18.8600006103516
75.1551809015615	13.7213522906092	18.8199996948242
75.5506767301813	13.6006547418332	18.8299999237061
78.3040743459971	13.0384648827416	11.3699998855591
76.9333930655291	7.71799820288945	11.3800001144409
72.9754910864847	10.9465402444967	11.3999996185303
80.6636433538495	5.20121581972688	3.71000003814697
80.9570840219848	2.45870644407149	3.77999997138977
74.6617094375105	5.80839548358576	3.83999991416931
77.2845530516978	-1.82646678009433	0.0199999995529652
78.3472714563025	-1.63842935729916	-0.00999999977648258
79.7589357748181	-1.25990756791663	2.03726813197136e-10
83.2942748185733	-1.53055138412865	-4.25
77.3667272313117	-6.18469688321897	-4.26000022888184
76.8104580099186	-1.16633523641462	-4.32000017166138
73.7883208460102	-10.7784522983568	-12.0100002288818
76.4125347829956	-12.2354037193822	-11.9399995803833
82.3992490534634	-9.40987104182035	-11.8999996185303
75.955509923529	-16.8983638548459	-19.3700008392334
74.2672600707392	-14.3690803846932	-19.3899993896484
75.8613371657297	-16.8108296500845	-19.4699993133545
76.5028987951295	-21.4104860736537	-26.3799991607666
73.016988890932	-22.8627631998956	-26.4300003051758
73.8508719365916	-22.2789308527109	-26.5100002288818
73.9778530168109	-29.5269661814008	-32.5699996948242
71.7731522751614	-30.5205471445787	-32.5200004577637
70.9036609682803	-28.141940536032	-32.5400009155273
68.9982658623543	-34.28138697199	-37.1699981689453
72.8101549877589	-36.481016933319	-37.2299995422363
67.1128561851902	-37.4571565813391	-37.1300010681152
66.4484613503426	-43.126805138046	-39.75
60.1174564378284	-43.5587981131236	-39.7200012207031
67.3986889810586	-44.0122407785273	-39.7700004577637
59.6741237235205	-47.5639532903157	-39.9099998474121
63.821139939389	-47.6190383572551	-39.9199981689453
60.7762117984612	-48.1916799595557	-39.9199981689453
59.0669733132155	-51.882752388895	-38.0400009155273
57.30456647485	-54.0233217832827	-38.0400009155273
55.6406473349623	-52.7925289744572	-38.0099983215332
53.0759584525817	-57.5292161055684	-34.9000015258789
53.2719269455053	-56.4891818551047	-34.9099998474121
51.2567752240262	-57.9764537064068	-34.8899993896484
46.159162418819	-60.4405516078392	-31.0900001525879
46.3719971987567	-62.3811711368029	-31.0900001525879
46.6744516102469	-59.9571822503796	-31.1000003814697
40.5059136877965	-64.8726099499358	-26.9699993133545
41.0655751785173	-64.3368845336646	-26.9599990844727
41.4166184982464	-64.7952863785651	-26.9599990844727
34.3118581347843	-67.670960775797	-22.6800003051758
34.6848217036128	-69.4316023476613	-22.6800003051758
34.1139305946326	-67.647541332405	-22.6599998474121
27.8468774937307	-70.9051112448178	-18.3299999237061
28.2863216408486	-71.2682464128429	-18.3299999237061
26.9450529023565	-71.2063652929916	-18.3199996948242
20.6111964338364	-74.3946001113157	-13.960000038147
19.3859877275179	-75.6161692810767	-13.960000038147
21.5722162150787	-74.3402780808454	-13.9700002670288
14.4425647580809	-74.8379732353504	-9.64999961853027
14.7257332530117	-75.0075443354813	-9.64000034332275
14.0469617409426	-74.815631115923	-9.64000034332275
7.77354207553572	-75.7128838951672	-5.3899998664856
8.13623952534987	-76.9323452780963	-5.40999984741211
7.75531803709041	-84.123876125008	-5.94000005722046
7.96930519999822	-82.5426562682235	-5.92999982833862
8.85302760866161	-82.6534596262444	-5.92999982833862
13.0674424406148	-81.9408502417134	-10.6499996185303
12.7541052135555	-84.4001372789044	-10.6499996185303
13.5821906786408	-82.1430205258726	-10.6400003433228
21.2593067550795	-79.6615676006404	-15.4399995803833
21.440555699761	-80.1121896240822	-15.4200000762939
20.9243294658232	-80.1394433203537	-15.4300003051758
28.4276884478432	-78.8786830513549	-20.25
28.1026967544492	-77.6912947978779	-20.25
27.7235860555286	-77.668119215611	-20.2399997711182
34.6160815571968	-74.7828840872914	-25.0300006866455
34.2568895173539	-79.1578165826889	-25.0499992370605
34.4728322941539	-76.487162250957	-25.0499992370605
41.2398647879921	-72.7789035016463	-29.8099994659424
40.7233451186325	-71.7571323176021	-29.7999992370605
42.0272434521444	-72.8542817810657	-29.7999992370605
46.2322931664348	-72.2025598132612	-34.4199981689453
46.4381918946688	-69.8123885146154	-34.4000015258789
46.5060483915148	-70.3647084969924	-34.4199981689453
53.107007460125	-65.5554406866955	-38.7400016784668
52.4584776856484	-67.9050042837298	-38.7299995422363
53.6226982300881	-67.3411185171797	-38.75
58.5222064124799	-59.5232037169121	-42.4900016784668
58.1953038969887	-62.4944479993585	-42.4700012207031
58.6160044366895	-62.2658307384318	-42.4900016784668
61.796718593897	-58.1145931760267	-45.1699981689453
60.8860766213699	-58.7310883992882	-45.1399993896484
63.3360547483319	-57.8108130143378	-45.1599998474121
67.1405144664332	-52.7967680770442	-45.9900016784668
70.1685877767285	-52.5966237942199	-46.0099983215332
67.7603640557682	-52.5503179970089	-45.9900016784668
70.0023677033845	-45.5901083955176	-44.5
72.7024741430568	-47.4892695989868	-44.560001373291
71.1767341129575	-48.0529768422237	-44.5099983215332
70.292492565481	-38.7940929015247	-40.9300003051758
76.9174415827219	-40.8975240240668	-41
74.8260974097728	-39.7767703003476	-40.939998626709
77.3186879347821	-31.0997514752243	-35.8199996948242
82.8581367874132	-32.129953931671	-35.7900009155273
75.5195314564794	-32.9570951251922	-35.7000007629395
82.4440878225708	-24.7295896140128	-29.3799991607666
77.2973061277976	-25.9894339953179	-29.4400005340576
78.3906358003702	-26.7823369917666	-29.5100002288818
80.1044217795458	-18.9654941434079	-22.4599990844727
80.5899058032763	-18.9213753630882	-22.5
76.3520232481197	-19.1879416150896	-22.5300006866455
76.6389449519931	-12.7516498578626	-15.3400001525879
76.4195821340821	-13.1320206628364	-15.3500003814697
78.7118200159172	-11.8561955813563	-15.3500003814697
85.5429184642117	-3.81755589858736	-7.98999977111816
86.9540217253865	-6.21854886382167	-8.01000022888184
83.3121505136437	-2.91686269161526	-8.02999973297119
86.6687497040268	0.450346837273626	-0.389999985694885
86.9469268115766	0.43330987762788	-0.370000004768372
86.2235594733371	0.323992939471838	-0.379999995231628
88.3348422503976	-0.465100271028192	-0.360000014305115
87.9405368969607	1.20637578882546	-0.360000014305115
89.600200730039	-0.598778083848142	-0.330000013113022
81.5113835615285	9.35226187937698	7.30999994277954
86.5782387850998	6.76588333575824	7.40000009536743
82.6722645165864	10.7390190885376	7.44999980926514
79.1220295256608	16.1547807704503	14.6099996566772
80.3639388598157	18.2051300557165	14.7600002288818
79.4180464183918	18.3578311827375	14.8500003814697
81.9397488951047	18.1246193012699	21.9599990844727
78.8748524336009	15.0270035905876	21.9500007629395
81.7087680867473	18.3416038800788	21.8299999237061
81.4446802586202	19.8131927844507	28.8099994659424
77.6664068516144	23.8732119917069	28.7399997711182
75.9174921915409	29.2533266526352	28.7000007629395
74.9936021697029	32.2746049739687	34.939998626709
77.8814407667717	28.9036094238742	34.9199981689453
72.0493377530286	34.1407069000675	34.810001373291
71.1438521023715	37.5985441117373	39.810001373291
71.8722548959946	38.773549121265	39.8600006103516
72.0176192585753	36.6658066041608	39.9000015258789
66.7605307157241	46.9541793384493	43.0900001525879
67.4109347166099	43.4185917646195	43.1199989318848
65.7107698978617	46.9323841179436	43.0800018310547
62.8040137024223	55.22337922761	44.2299995422363
63.3599821387316	52.8543812121433	44.2299995422363
62.3535493638853	54.7738107798509	44.2299995422363
60.620541029159	56.4271376604036	43.1300010681152
57.7447783555629	61.6113520696824	43.0900001525879
59.1328558497218	59.633962250505	43.1199989318848
54.0583498690193	63.5795267620896	40.3199996948242
54.8658524430271	61.536759849591	40.3400001525879
53.0558349229837	62.8545351704958	40.310001373291
49.2652759859786	68.1983717296198	36.5800018310547
49.0790044937565	70.9689452663881	36.5699996948242
49.0187791738404	69.9531554833959	36.5800018310547
45.1492789282465	70.4787213612674	32.3400001525879
45.1492391657401	70.5152389746934	32.3499984741211
44.0226811404562	71.5976558573373	32.3199996948242
39.9839942605182	77.1347421665416	27.8199996948242
38.2528469730702	74.9345611738739	27.8299999237061
40.2886087952491	75.8015579135506	27.8199996948242
33.5596566166432	74.7752154652896	23.1800003051758
33.2791679571662	75.0231092745061	23.1800003051758
32.9995176242792	75.4002152423468	23.1700000762939
28.6316992174382	77.2834492900286	18.4699993133545
26.6840981028409	77.929983655638	18.4899997711182
26.9377824739636	79.6437339852398	18.4799995422363
22.4396539226899	81.8881140141245	13.7700004577637
22.5362562389839	79.0434128719297	13.7700004577637
20.9987142991286	80.0150791131385	13.7600002288818
17.204113446328	81.1083319616814	9.0600004196167
14.607694113828	82.0792580264747	9.05000019073486
15.5180785006756	81.8630696208655	9.0600004196167
8.11837927309082	81.805264691609	4.42000007629395
9.11861082503669	83.0181458942312	4.42999982833862
8.50081257460475	83.6188651363851	4.42000007629395
9.96323903759931	88.3303102474386	4.92000007629395
11.6850679827419	91.1063109666756	4.92000007629395
9.8600369883956	88.4967292403643	4.92000007629395
18.6343620243805	90.9084629649286	9.9399995803833
16.0770379305762	88.2078924726594	9.9399995803833
17.1221370134023	89.1032712428602	9.9399995803833
24.1285037549812	89.4071791935126	15.0900001525879
25.5289358049545	89.3815948912848	15.0799999237061
25.3275900005597	88.5677795973764	15.0799999237061
27.3276824193151	85.4769726622096	20.2800006866455
28.9793058868524	88.699806740569	20.2800006866455
29.2903723575356	85.9583525176373	20.2800006866455
33.8555388446574	82.0555968784284	25.4500007629395
33.6766622195464	82.464843280701	25.4400005340576
33.8518725145836	82.4377122819568	25.4500007629395
38.9191771385401	81.4120361893361	30.5599994659424
41.0499926730495	84.4538363770819	30.5499992370605
38.0954854611695	81.7647188090713	30.5499992370605
45.5546525337176	76.3133229858186	35.5400009155273
45.9583792554741	80.0683147577088	35.5400009155273
44.9188870855789	81.9686593705756	35.5499992370605
51.4686586715577	78.6538159341175	40.2900009155273
51.9065041968212	72.6677616890479	40.2999992370605
50.7227424391044	79.4909909379605	40.2900009155273
56.4276754523708	70.0583458014663	44.5800018310547
56.6109574591491	74.3772142086746	44.5999984741211
55.1640451510627	70.377964318514	44.5699996948242
61.3283717327452	64.4325903994599	48.0400009155273
59.3971536646389	70.1448773998299	48.0200004577637
61.0932584570136	69.2159875282236	48.0200004577637
63.9947295857382	65.8478588436949	49.9199981689453
66.9919999350756	58.7969944299782	49.939998626709
64.93769528496	61.7502890738174	49.9300003051758
70.9172422427183	57.9697027622241	49.7200012207031
69.434873157045	55.0972643348144	49.7000007629395
70.7717167177506	53.138674825722	49.7200012207031
72.3226555609984	49.0598972845004	47.3400001525879
73.6972835802162	52.0061006231473	47.3600006103516
73.8231186423974	49.2895727147969	47.3400001525879
79.4763661296805	42.2754158281014	43.2200012207031
79.556721974665	42.5579388428671	43.2400016784668
75.7764662527395	42.5472972828097	43.1599998474121
83.8112875956446	33.5380055317216	37.7799987792969
77.6171136593762	37.5812007322801	37.689998626709
81.0902778790414	36.6601748722943	37.7799987792969
85.333436101824	27.8123277053046	31.5200004577637
87.3698205058533	23.9018705594982	31.4899997711182
83.0303111309978	28.3275087511701	31.4500007629395
84.4848355383014	22.630511647639	24.7600002288818
87.186957330668	18.3787330452592	24.7600002288818
85.7392218281129	20.2862155247938	24.6399993896484
88.6840420022661	21.9189451408511	17.7299995422363
85.4075384130675	18.9091458723331	17.8500003814697
84.2977715759463	22.5245083395514	17.8199996948242
91.7942837778979	6.77461356482769	10.6800003051758
91.9473690937454	10.6464262045459	10.789999961853
84.5908289207253	13.1097653982381	10.7700004577637
83.9305431324645	5.28879878874589	3.50999999046326
85.0576981502981	5.50328771928582	3.47000002861023
91.8334079375863	2.19376308284586	3.40000009536743
87.0319242114028	5.1515263852176	-0.189999997615814
87.129006263331	5.06956559950309	-0.180000007152557
87.5359352527004	4.16033207894455	-0.200000002980232
85.3045620126543	1.28571014550888	-3.98000001907349
83.9379398214518	0.92232414268724	-4.03999996185303
91.4477370271333	2.24100791027317	-4.09999990463257
87.6236134479385	-8.72659429532585	-11.1899995803833
92.0033738330889	-12.7529482721526	-11.2600002288818
90.1523196409454	-12.7354309093241	-11.3100004196167
87.1995626530886	-18.0782488787557	-18.3500003814697
85.6442594633679	-17.5248030416875	-18.3899993896484
84.244900014165	-14.2503086777304	-18.3700008392334
86.6320424215684	-22.2168868159416	-25.3199996948242
85.9689536765694	-23.8532423140776	-25.2999992370605
89.2558322559105	-24.0925642309788	-25.3299999237061
85.6576776820335	-28.0562503712992	-32.1300010681152
86.5528786787129	-30.2007221971094	-32.1800003051758
87.6570869492783	-29.4556333060996	-32.2799987792969
81.9563160767636	-35.1894836466882	-38.5900001525879
80.0229045328817	-37.1365829488358	-38.6100006103516
84.6842697377831	-37.3510407417692	-38.7000007629395
82.0846945595998	-44.2493712206101	-44.3300018310547
82.2710065870775	-41.7825629060289	-44.2599983215332
80.7818127910687	-43.7712023503843	-44.2799987792969
72.9175139269496	-51.1047711665756	-48.6599998474121
81.2209189603174	-49.4977985900492	-48.7099990844727
78.9866179970961	-51.7338943746833	-48.6800003051758
74.0669953927855	-56.1827100902877	-51.3400001525879
74.7419881803912	-57.0597772992409	-51.3699989318848
70.0838016926988	-56.048414900577	-51.3499984741211
72.6957058234441	-58.8434750582581	-51.9099998474121
66.3494958574619	-60.6671725849489	-51.8699989318848
68.9275161631095	-60.8340395529795	-51.8899993896484
66.4872230424758	-63.3418836436799	-50.2400016784668
66.7645214324635	-63.8371283160954	-50.2599983215332
62.7070170157365	-64.830521921391	-50.2299995422363
58.9362811300505	-69.0478793669602	-46.939998626709
59.3672973505292	-69.6008145837698	-46.939998626709
59.7484101608626	-68.7278405253664	-46.9300003051758
53.8194196500148	-74.2914302822322	-42.6800003051758
53.3865064228655	-71.9813404943641	-42.689998626709
53.8313429447412	-71.9974985307485	-42.6800003051758
47.6101329644012	-77.6778883841923	-37.9000015258789
48.6703902885553	-76.3166258267597	-37.9000015258789
48.5362140633208	-76.2656594497815	-37.9199981689453
41.0859483553197	-82.4570554601458	-32.8300018310547
41.2821014830203	-82.7701391590955	-32.8499984741211
41.4059513064133	-82.4874866161179	-32.8300018310547
34.057049936505	-86.470386176918	-27.6299991607666
34.7005445469515	-82.838400131082	-27.6399993896484
33.9461496136375	-86.5957823413262	-27.6499996185303
27.1252721797666	-87.7087289678776	-22.3700008392334
26.6197639063755	-88.0195522508131	-22.3700008392334
28.2754919503216	-87.8682421726453	-22.3600006103516
22.2711815653789	-88.0584174425311	-17.0799999237061
20.8517445367709	-90.163656783627	-17.0799999237061
20.2069486495711	-90.1723620597333	-17.0799999237061
14.6311454969632	-88.8115225372932	-11.8000001907349
15.0133349000283	-90.0615464380127	-11.8000001907349
14.4616167145391	-90.4396952894575	-11.8100004196167
5.70936662498961	-90.3093148972197	-6.59000015258789
7.73510714906198	-91.5303590546085	-6.59000015258789
9.00746189099185	-89.5344437180338	-6.59000015258789
6.60021489308578	-98.0040281215811	-7.21000003814697
7.69446192616176	-98.9401722336118	-7.21000003814697
7.61328005798231	-98.9178371408459	-7.21000003814697
12.3387902417071	-98.1671336071219	-12.8500003814697
15.1560747508926	-96.9890860639309	-12.8500003814697
15.120676222129	-97.9214359296423	-12.8599996566772
22.2090199797419	-94.6607135294159	-18.5900001525879
22.3491120928946	-95.110350198359	-18.6000003814697
20.8355044622625	-97.3849549606698	-18.6000003814697
28.6039230927867	-95.4919891361008	-24.3700008392334
28.4984432966054	-91.9451769119851	-24.3799991607666
26.9565365695175	-94.2994661787336	-24.3700008392334
33.1899656434436	-93.2385909500134	-30.1299991607666
34.7493825037376	-90.1266970617998	-30.1299991607666
35.6194054907248	-92.0256236160843	-30.1399993896484
41.4217286503277	-87.9138027797187	-35.8300018310547
42.4516839758932	-87.2188436681309	-35.8400001525879
40.5391130842702	-92.0917895836066	-35.8499984741211
47.6848995145042	-83.9354260206516	-41.3899993896484
47.7611139930498	-86.9931589554924	-41.3899993896484
47.7712256725979	-86.4210777656493	-41.3899993896484
54.7883384900231	-80.6875579229596	-46.689998626709
54.686930959052	-80.9811075907666	-46.689998626709
54.0711948489333	-80.7871317554737	-46.689998626709
61.7158716189827	-75.7671661463061	-51.4799995422363
61.620656296325	-75.9260797931823	-51.4799995422363
60.9281677703096	-79.0369603240672	-51.4799995422363
67.2020050482926	-72.7229174282775	-55.3400001525879
66.4400432261262	-74.0268547531146	-55.3499984741211
64.8865589370636	-72.5805132375561	-55.3400001525879
70.8013269241985	-67.1679206079336	-57.6599998474121
71.5064854434351	-70.9044869469142	-57.6599998474121
69.2248761809777	-67.900629533589	-57.6300010681152
78.4058226042845	-63.3442140207213	-57.8199996948242
73.5244907416219	-64.2353628497021	-57.810001373291
75.3553828462617	-65.2043814369125	-57.8199996948242
77.4617068438335	-59.0445416220362	-55.8300018310547
76.7386614400957	-61.5475888993982	-55.8600006103516
76.934842516709	-61.3116118439413	-55.8199996948242
85.84035176101	-55.0855101621802	-52.060001373291
83.4445251063149	-55.2729955745121	-52
85.5049890651015	-55.5263144422741	-52.0900001525879
90.8026081753639	-47.0123010411664	-46.9199981689453
83.4232261608276	-48.4091812532566	-46.8800010681152
84.4902200783143	-45.0404786830363	-46.9799995422363
89.754611141249	-40.783886476464	-40.9000015258789
89.5715423419918	-38.1111362217737	-40.9799995422363
95.2579834520397	-38.5249369406884	-40.9700012207031
91.8308285175602	-33.7102527060786	-34.439998626709
91.4813840671895	-32.2522780033593	-34.4599990844727
91.18173016733	-31.4753007031726	-34.5400009155273
93.1080829556799	-25.564057395545	-27.7700004577637
93.0696458980178	-28.3492901984235	-27.8600006103516
96.5605963439028	-25.4356897559931	-27.8999996185303
98.8684627683703	-22.2872170401527	-21.0100002288818
94.6917399886273	-19.3065833264265	-21
100.896971171334	-17.8533338098553	-21.0499992370605
94.8529038990976	-13.9897564433997	-14.1999998092651
102.54318797761	-15.2969716953729	-14.2600002288818
100.536356543255	-15.4735665578241	-14.2799997329712
93.6852507064477	-8.7413373917447	-7.42000007629395
95.0368245864011	-0.912425353362324	-7.42999982833862
92.8642819165157	-6.9591556465607	-7.38000011444092
96.7070862914009	6.01827333648441	-0.310000002384186
95.2480434648865	4.89005243979767	-0.319999992847443
95.5099546863789	5.29366507286069	-0.319999992847443
93.8174624771945	-1.06333218408639	-0.300000011920929
93.8318529337597	-1.46192884043139	-0.280000001192093
94.2974290794661	-1.12167105631152	-0.280000001192093
103.525127070184	7.33112493467549	6.69999980926514
96.4965954651984	2.97005194605812	6.71000003814697
102.544727426828	9.24340701558555	6.69999980926514
98.5876335233419	16.8335272671567	13.6499996185303
96.5007515427687	10.3213579385334	13.5799999237061
97.4639904185458	10.9688122317435	13.6199998855591
91.9735706594412	19.6462789017422	20.4500007629395
101.441567553736	18.0575175532961	20.3500003814697
97.1106230243113	24.759914628039	20.3500003814697
92.7631346095989	29.5237425247913	27.2800006866455
98.4871651025962	25.9788021601083	27.2700004577637
91.2360344017652	26.3399670239484	27.1599998474121
90.0339370782972	34.1881495765146	33.7999992370605
91.3806559382354	36.2459489133662	33.9199981689453
93.0213826527896	34.0855008917594	33.9500007629395
89.3575185159448	39.49910762564	40.2200012207031
85.1138992855279	39.4678063236603	40.25
89.2251310747492	41.0199652705186	40.2900009155273
82.6767359322676	45.984601284662	46.0900001525879
84.0842670538014	46.2104025207488	46.060001373291
85.8006636650095	46.7792578219188	46.0299987792969
82.4016512044788	51.1671906796826	50.939998626709
76.8874825495959	54.8449494824309	50.9199981689453
80.3810427529128	54.5027024048375	50.9199981689453
75.7921335363834	62.5292293622537	54.4199981689453
74.4960989400529	59.2718316044294	54.4099998474121
77.6220611561514	56.1230341849448	54.4000015258789
70.8963247219174	67.9589667267228	56.0299987792969
72.4060590101892	65.3667609888384	56.0099983215332
71.4713612148257	62.4905341793185	56.0299987792969
68.5574830546145	69.5531413205927	55.5200004577637
66.5490395487871	70.559946391127	55.5299987792969
68.9734209078502	68.5701535374261	55.5299987792969
61.2119901794308	79.2343438314444	52.9900016784668
62.0556390468118	78.5106995798885	52.9799995422363
62.1949826973299	73.3856370284451	53
56.6205119130136	83.0334874499332	49.0499992370605
57.294292522971	82.1420146488034	49.0499992370605
56.6434709903643	81.8519237803868	49.060001373291
53.0397346953897	86.3926998583936	44.2999992370605
51.6525929992707	82.5296259367193	44.2999992370605
51.7968463146169	82.1813110877684	44.2799987792969
45.6662036838553	87.7434423716824	39.1199989318848
47.1413254566971	88.1190692875623	39.1100006103516
46.0363173612305	84.0352063024248	39.0999984741211
41.2961673083205	88.4561981519592	33.6699981689453
39.3468653802135	88.4458054336992	33.6699981689453
42.6596453744395	91.7001129644683	33.6699981689453
36.3209873096379	93.3515092271884	28.1000003814697
36.3372955248948	93.9668130536807	28.0900001525879
36.6448816317991	93.8017564353824	28.0900001525879
30.1983421890917	92.8186293901261	22.4500007629395
28.625851815593	91.9096267422404	22.4500007629395
29.6615166329237	92.8596615200436	22.4500007629395
24.6677692264865	96.6683917547871	16.7700004577637
22.0641860022437	93.5212928101806	16.7700004577637
22.4955592088798	95.9808367461975	16.7700004577637
16.2895748436911	95.9099822527067	11.0799999237061
16.0572578237137	95.8153507518529	11.0799999237061
15.51128211538	95.4504498579786	11.0799999237061
6.81968840871927	97.3029194080782	5.55999994277954
11.4060551217835	97.8974996584364	5.55000019073486
8.06203054413615	97.2860126255113	5.55999994277954
9.32664879646169	104.829513795186	5.86999988555908
11.0163280148047	104.09557789345	5.67999982833862
6.46889464267657	103.417585626365	5.71000003814697
18.2409484941794	102.571149851815	11.8599996566772
14.6072574121937	102.690283406476	11.8599996566772
17.3213041219904	103.133973116824	11.8599996566772
23.4067404493606	105.05720584963	17.9500007629395
21.4567564800642	102.677658525929	17.9500007629395
22.8396389976278	101.152430480614	17.9599990844727
30.9989837302115	101.402751870961	24.0699996948242
29.9952244214221	103.565682818927	24.0699996948242
28.5832261042798	99.1928463902439	24.0699996948242
35.0721941152611	96.7034324869809	30.1599998474121
35.7593415268371	96.7930087124478	30.1499996185303
33.1759341303918	99.8555301925587	30.1499996185303
41.2434873954324	98.4927186434956	36.1699981689453
43.0655207022056	96.6610065367076	36.1800003051758
40.4066694087603	99.2829806923759	36.1800003051758
45.4851388239473	93.9997094688905	42.0699996948242
46.9961008722896	97.5027045035064	42.0800018310547
47.0111902076411	91.2958870084382	42.0699996948242
52.3785015578522	88.239141324529	47.75
53.5759098985071	91.4637626185003	47.7400016784668
52.30373184561	91.5809511127339	47.7299995422363
58.3804486873261	86.4444745865442	52.9900016784668
58.8136075368181	90.4550803607579	53
57.3885890773101	90.5567135824244	53.0299987792969
62.4282155875073	83.5580362159363	57.5200004577637
61.4654201615182	84.898271851519	57.5200004577637
63.5491058942229	87.2033323334066	57.5400009155273
68.3587952392874	81.9018848544764	60.7700004577637
68.2448743888759	77.2908170598697	60.75
68.8173064393563	76.3922405736491	60.7700004577637
74.5903409840229	75.6212351831541	62.0900001525879
71.8562244966122	76.1777648712765	62.0900001525879
72.7690568696838	77.0788870621042	62.0900001525879
78.2458154175966	67.6687999263525	61.2900009155273
80.3077747879302	67.1330654543479	61.2999992370605
75.5876115391398	71.5457005745278	61.3199996948242
80.3070599687268	63.783460818129	58.6199989318848
84.9001653154878	61.7482604586592	58.6300010681152
83.6615028096878	62.5267908292175	58.6399993896484
88.7527592821349	59.2675134462926	54.4599990844727
85.461349301161	56.5393105045189	54.4000015258789
85.6226452308824	59.6335092525408	54.4099998474121
92.6495023644419	55.0589494278444	49.189998626709
88.0556015555836	51.659740773497	49.1800003051758
93.5218757183374	49.5953461590536	49.2200012207031
94.9744314609673	46.0959240303795	43.3600006103516
95.5532664592431	43.0648604690027	43.3699989318848
94.2664848370466	47.7953109964481	43.2700004577637
95.2510337673161	40.1932088635024	37.1399993896484
94.7518675203655	37.5430750202103	37.1500015258789
101.399586296229	38.9764485819098	37.1199989318848
105.84790442445	29.8370311406837	30.75
102.396260681519	31.3196774059573	30.6200008392334
101.573103240827	32.4682328094422	30.6599998474121
102.994484848883	20.751658018476	24.2000007629395
98.1941944138089	28.0107393237034	24.1800003051758
103.675925758011	22.4295581321457	24.1000003814697
108.37451799972	18.7222498423235	17.7000007629395
99.1977095949925	23.8279595876438	17.8099994659424
99.006972568472	23.3713133083401	17.7900009155273
99.543652973407	14.0183490510969	11.1800003051758
103.75377827186	16.973570045707	11.2700004577637
108.146770144612	10.8150455805733	11.3000001907349
98.8282238959339	5.11255516967434	4.65999984741211
107.937668091901	2.25170830753904	4.61999988555908
107.540890672343	1.29798402908575	4.61999988555908
102.359370898961	2.81743435463454	-0.379999995231628
103.247429783774	3.07538704077163	-0.360000014305115
102.181682315452	3.41526240440858	-0.349999994039536
106.537627529157	-4.92236618011144	-2.10999989509583
104.957214336411	-5.6283724000234	-2.09999990463257
106.847831677371	-4.82774569880947	-2.09999990463257
100.319422631497	-10.9537354498383	-8.69999980926514
100.950865598684	-3.96518864575454	-8.68000030517578
102.610961302567	-11.4373929866393	-8.64999961853027
107.628169291969	-15.8487672168374	-15.3299999237061
108.816838050275	-16.0798277861017	-15.289999961853
103.853320724925	-9.60253142168581	-15.210000038147
98.2137487538014	-23.2781174128278	-21.6900005340576
106.729150385911	-18.6830442758842	-21.6399993896484
107.635379624313	-22.8916008425797	-21.7299995422363
100.867249898578	-29.3868098479849	-28.2199993133545
108.210994874992	-26.5847304018451	-28.1800003051758
97.8661297427556	-28.4174859682399	-28.1499996185303
105.170717246708	-34.1705723422879	-34.6199989318848
102.741689243466	-33.6659845565301	-34.6300010681152
96.7600648540698	-35.0399365117626	-34.7200012207031
100.580608227131	-41.6726790334962	-41.0400009155273
96.2061029643346	-39.8236095631545	-40.9900016784668
92.9229752644602	-41.6489291796974	-41.0900001525879
91.4346020978073	-48.9372668067193	-47.25
92.9456543693432	-45.9948941026382	-47.2799987792969
97.2201582024363	-47.8097286539378	-47.189998626709
93.6557401005189	-54.9548583957689	-53.0400009155273
94.3276244558937	-55.06954672731	-52.9700012207031
90.0765247187465	-52.5723251985007	-52.9500007629395
87.3433899540275	-61.5678020557745	-57.9500007629395
86.3862906883522	-62.6153094922165	-57.9900016784668
88.0751668287388	-61.9168769527907	-57.939998626709
79.1760466202327	-67.8441811634167	-61.7099990844727
84.423968584039	-65.5280910569176	-61.75
83.414894804687	-64.5555449682391	-61.7299995422363
81.8060384124153	-71.7393821206353	-63.8400001525879
80.3323499546754	-71.8481201528059	-63.7999992370605
81.9815300746924	-70.9827454463861	-63.8400001525879
73.078622064227	-74.4665753095638	-63.8699989318848
73.5503783871813	-74.4003677356767	-63.8899993896484
72.2001149471458	-74.0486485855935	-63.8499984741211
70.2662754478082	-81.0638105815584	-61.8600006103516
69.6605010048151	-81.1964229037065	-61.8199996948242
65.9438428355913	-81.7050955436363	-61.8199996948242
63.8191360271599	-82.4447922496459	-58.0699996948242
62.9639540958312	-86.0454500767835	-58.0699996948242
61.8697964350524	-84.2576492617894	-58.0800018310547
56.1880753307797	-91.7032978338407	-53.2299995422363
57.7084389049707	-86.3893708035449	-53.2000007629395
57.5680545938767	-88.062636680726	-53.2200012207031
51.4828365418041	-90.4098844115617	-47.7200012207031
49.9569957210387	-94.1153993097802	-47.7400016784668
51.5305773409874	-91.3396833089656	-47.7299995422363
43.7320611355326	-98.0309125555276	-41.8800010681152
44.5107474432938	-94.5528405842351	-41.8800010681152
44.2017103399135	-97.5986146643951	-41.8800010681152
36.8910327624978	-100.444477015775	-35.7999992370605
37.1912986241767	-100.511392920268	-35.8199996948242
38.6537406316245	-97.0048909685905	-35.8400001525879
29.4186324104126	-101.821204069505	-29.6599998474121
31.578295302722	-100.927177187379	-29.6700000762939
29.8491239451642	-101.470315623656	-29.6700000762939
24.4689631679829	-103.759687585949	-23.4300003051758
25.3221293802462	-100.640710455133	-23.4300003051758
24.1152994383737	-103.993577744966	-23.4300003051758
17.2158486112638	-102.53822877319	-17.2000007629395
19.4238813624133	-103.320763498915	-17.2099990844727
17.6619224708305	-102.672753709032	-17.2099990844727
9.05383651202393	-112.318010579313	-8.56999969482422
5.7923345790586	-111.704914105849	-8.5600004196167
6.76608498046336	-112.140792668852	-8.5600004196167
12.5344113775709	-112.299487839514	-15.0699996948242
12.1513177059397	-112.319192925193	-15.0799999237061
13.0899236487094	-112.482762832229	-15.0900001525879
20.3117026315476	-109.433470877539	-21.75
21.797581541319	-109.296414738465	-21.7600002288818
22.4054539290437	-108.915771702761	-21.75
26.3366528577174	-108.6930948228	-28.4599990844727
26.7329524079104	-108.214869923958	-28.4699993133545
28.1436284135996	-107.156513600187	-28.4799995422363
35.2425045422646	-107.54537853476	-35.1599998474121
32.8395814115111	-108.152294069375	-35.1800003051758
35.303634452668	-104.312308293226	-35.1599998474121
42.5872616492554	-102.996406998434	-41.7999992370605
41.8943123342921	-102.189377798915	-41.7999992370605
40.4623906367339	-106.417436525369	-41.8300018310547
48.5285874809921	-99.2804706151171	-48.2999992370605
48.8190003955778	-98.932011514812	-48.2999992370605
47.7561419848482	-101.068747787466	-48.2999992370605
54.5550618249549	-96.2462917363274	-54.5
54.8997739216741	-99.5378185788878	-54.5200004577637
54.1191346045817	-99.485418319473	-54.5200004577637
59.391905005779	-97.1657073821362	-60.2700004577637
60.9323205777641	-92.5753173778033	-60.2900009155273
61.6727882501335	-93.8325751804109	-60.2700004577637
64.3644127645107	-92.0622859033205	-65.1999969482422
66.372594345228	-92.6679449186687	-65.1999969482422
64.6475011449772	-91.1888785406977	-65.1999969482422
69.5426175507113	-89.3190796249215	-68.7300033569336
70.617772582654	-84.6379745722387	-68.6999969482422
73.5317219792489	-87.2611990844679	-68.7200012207031
76.7479851034357	-83.0444904757156	-70.2399978637695
74.306443779822	-84.8908605144582	-70.2300033569336
76.3814250240524	-80.2857104697654	-70.2300033569336
80.4755200879074	-79.6081376490095	-69.620002746582
79.0230363111975	-80.0737246555398	-69.6100006103516
82.0083853676105	-75.1611076816629	-69.620002746582
89.5166690771942	-73.1273774448171	-67.0400009155273
83.3539678232072	-72.0547409767061	-67.0400009155273
88.8750317118092	-73.3320196952338	-67.0199966430664
92.0620853098201	-67.014451324493	-62.8600006103516
89.1269483581673	-65.7763234838289	-62.9000015258789
88.9850918474231	-69.6054575912681	-62.8800010681152
91.7187931681068	-60.2203372760164	-57.7099990844727
91.2636376248556	-62.5498370783429	-57.7999992370605
95.9275808744541	-59.592750160981	-57.7099990844727
96.7315704218777	-56.0607637601996	-51.9500007629395
102.439264959594	-53.685254949131	-52.060001373291
96.7582090686577	-53.0025613470004	-51.9599990844727
99.7967382720744	-47.6966948291774	-45.9300003051758
98.1779522267038	-48.6740969878865	-45.8600006103516
97.5455973090885	-47.216352774988	-45.9300003051758
102.630348118708	-39.9703719443533	-39.6800003051758
102.570248595832	-42.9562527378686	-39.6300010681152
108.260870059633	-40.7451561698959	-39.6699981689453
106.630454693227	-36.6779883736352	-33.4300003051758
105.250674067502	-36.748637518965	-33.5
107.376380347483	-36.6255801704034	-33.4700012207031
102.672309987668	-29.3461055664478	-27.2399997711182
108.013913441654	-26.0548686577485	-27.2700004577637
102.569468095204	-29.8808599643428	-27.2399997711182
111.778876210062	-18.0622900567325	-20.9099998474121
117.570093931205	-21.0517949443304	-20.9200000762939
117.121193680235	-20.4965996566491	-20.9599990844727
107.550593398385	-13.8084435965853	-14.6999998092651
110.840405172893	-19.1107568736526	-14.7299995422363
110.338333926077	-18.8490278335291	-14.789999961853
113.220461555878	-2.62482782042325	-8.48999977111816
113.834914357888	-10.2273794457552	-8.46000003814697
114.85730356447	-2.38898863253901	-8.4399995803833
119.583637395243	-1.17333042450391	-2.17000007629395
117.831541521393	-2.11141650507211	-2.16000008583069
119.284435626021	0.356277063454157	-2.17000007629395
117.580582918285	-1.19047440031804	-0.479999989271164
115.250708944683	-2.06350640182617	-0.46000000834465
117.432300316835	-1.23732964311199	-0.490000009536743
109.664852815179	10.454293604741	4.40999984741211
107.364169821112	2.6558988815196	4.38000011444092
117.809095903882	7.08218857122183	4.34999990463257
112.012711472727	9.99404517935361	4.53999996185303
107.433213470604	17.0780009052825	9.39999961853027
115.923602610548	15.7108862462851	10.3199996948242
105.830855155964	20.6170749177136	16.7800006866455
105.123739892304	19.5619692213196	16.9099998474121
113.04713354086	16.1578252438707	17.0200004577637
114.517930736915	24.0217805906299	23.2700004577637
106.789731835577	30.0171877723753	23.25
105.497105213116	23.6029118558254	23.2199993133545
104.117590450433	35.6104932837391	29.6499996185303
112.276938536517	33.8300188988574	29.6000003814697
112.071371193138	33.8864184606158	29.5900001525879
101.560435590676	39.8352872381261	35.939998626709
101.713877157782	39.5750701531925	35.8499984741211
106.656401563006	37.9963628363059	35.9300003051758
106.146889228419	45.2521514117873	42.2200012207031
99.2115094421191	44.4311893741154	42.1100006103516
102.547615150566	47.0426561529878	42.2099990844727
99.8200933343705	50.6321241290223	48.2599983215332
100.559200410037	50.3044753634999	48.3400001525879
101.003031009365	50.4361110455009	48.3499984741211
92.6197080184134	57.8103827982068	54.1300010681152
97.0727768923674	57.4262527403024	54.1500015258789
93.1316964907786	57.8930784213181	54.1300010681152
93.1256419809517	66.1703336747945	59.4599990844727
91.6583591065061	67.1201017170016	59.4099998474121
94.2919398892408	65.6544746275415	59.4700012207031
88.5162679795293	69.4137349981252	63.8499984741211
86.322172555933	72.4632669907096	63.8499984741211
85.0327879785196	69.6247816524592	63.8600006103516
80.782852269539	76.2841251670201	66.9199981689453
80.7890261699217	75.8745163392229	66.9300003051758
80.111615455478	76.0426020211985	66.9100036621094
77.8335525086207	78.3757559471845	68.1900024414062
79.0171529870264	81.8793843547622	68.1699981689453
77.1229186445129	77.5264597180946	68.1900024414062
72.0307113860474	87.6104172077171	67.4199981689453
73.9640173705319	85.8341111303618	67.4300003051758
70.5053491308277	87.0011378031348	67.4100036621094
67.2753423492013	88.8158665231695	64.620002746582
66.3319882082161	89.1150195949445	64.620002746582
65.7591850614628	89.5896799578754	64.5899963378906
62.999821823331	96.2008263238407	60.2200012207031
61.6485584052538	97.0953749016291	60.2299995422363
60.1339906653893	97.3909372377809	60.2299995422363
54.2667585037455	100.36427173156	54.8600006103516
56.0719975187614	93.8785002280151	54.8800010681152
57.530853329394	98.8131940007595	54.8800010681152
50.3896110184349	97.8723114908039	48.9500007629395
49.5929745445736	98.9385674442334	48.9500007629395
50.6024562407001	103.692563940966	48.9700012207031
44.7845371455271	105.036824604777	42.7099990844727
45.2515598375009	103.035861056422	42.7099990844727
43.6481023182965	100.083631964696	42.7299995422363
38.0475846525686	105.402563886528	36.2700004577637
38.6089444722417	103.135819490053	36.2599983215332
40.1505281920163	107.810277867444	36.2700004577637
33.4948197189269	109.31696808605	29.7199993133545
31.8089306758249	105.749838033981	29.7199993133545
30.3416403204746	106.052652646307	29.7199993133545
25.4724376252982	107.317650650823	23.0900001525879
25.6913693739818	106.826476144899	23.0900001525879
25.4141769980876	107.024369011265	23.1000003814697
19.6345406794886	110.207599202386	16.4300003051758
21.9844292301036	111.939751924367	16.4300003051758
21.3939888704158	109.053802704132	16.4400005340576
9.74723779318937	110.783512145465	9.82999992370605
11.9107986357795	110.719235327617	9.84000015258789
15.536642347266	110.952734908197	9.84000015258789
7.23271739662522	119.824680007498	7.21999979019165
7.3391228290462	119.230523600383	7.21999979019165
6.87855196819092	119.39606571388	7.21999979019165
15.6337750238516	118.039090775695	14.0799999237061
16.1382571184017	117.503668001799	14.0699996948242
15.7472929321741	117.932976933092	14.0799999237061
23.7781728164051	118.468474844038	21.2099990844727
22.84191276367	115.277168936786	21.2199993133545
23.2439552349719	114.395112023351	21.2199993133545
27.4806410965939	114.686192960202	28.4099998474121
30.8070251557354	114.431177230243	28.3799991607666
29.3969361413715	117.87556607049	28.3999996185303
38.514523372143	115.328203141331	35.5299987792969
38.4031929998425	115.19644787188	35.5400009155273
38.4127069961583	114.952357954393	35.5400009155273
43.4687971513748	111.822249225652	42.6100006103516
39.9189177660838	109.646123219562	42.5999984741211
41.3917349909096	108.579784086655	42.5999984741211
46.6993086534382	108.631319350169	49.5200004577637
46.7415132860956	107.74712214099	49.5
46.7688096781062	107.799872020703	49.5099983215332
53.7413596142104	103.672728334232	56.1800003051758
53.4067983482816	102.919622509863	56.1500015258789
53.1810132432753	107.597164667155	56.1599998474121
59.8137319260036	100.586690505727	62.3699989318848
61.0265952020978	102.682719141041	62.3699989318848
59.4422762860308	101.664381652237	62.3800010681152
65.2399823914183	100.394982983682	67.7799987792969
65.8209033899697	95.358712313383	67.7799987792969
65.5475437280994	95.9969838225564	67.7900009155273
70.4186263181257	99.1506893483036	71.870002746582
70.6471381879295	99.41919237937	71.870002746582
70.5909384877652	99.1420777224648	71.870002746582
76.2617516672768	94.2613176392765	74.0199966430664
76.0800143855999	88.996417495036	74.0299987792969
77.2884816336324	88.3879219689032	74.0199966430664
81.632159698671	84.7050031494507	74.0699996948242
79.3999040587131	85.1892299396814	74.0500030517578
81.2886593301336	89.7042676805195	74.0599975585938
85.4551591831156	79.230083123354	72.0400009155273
88.5670806046369	81.583924676086	72.0699996948242
88.1028748632595	80.1728630231578	72.0500030517578
91.60606221637	73.9790466910365	68.4199981689453
90.4925801768032	78.3911535033316	68.4499969482422
92.3983117402207	78.8938578751971	68.4100036621094
94.5578659716146	68.8970546007855	63.7000007629395
93.801821623839	68.9897041715201	63.6399993896484
94.9102536071266	69.2189293932541	63.689998626709
101.574832928366	67.0570934464227	58.25
99.7307593812881	63.3652843304763	58.2799987792969
97.8538968440679	65.8657889756955	58.1800003051758
105.710219509225	61.4435496487696	52.439998626709
100.548830826255	58.1004121138245	52.4300003051758
105.145833820464	58.8559924966355	52.3899993896484
103.116736910819	52.9247703198886	46.3600006103516
103.652283085933	50.9041502163335	46.439998626709
110.693372011433	53.349522830825	46.4700012207031
112.319989999869	46.9192884710595	40.2700004577637
109.221946079072	43.8943322140926	40.3699989318848
107.789822409377	43.719011815324	40.3499984741211
112.440529972412	42.0154036210052	34.2200012207031
113.107056861094	42.7777564793691	34.1199989318848
112.900446731507	42.1520444903733	34.1100006103516
118.375861136827	35.3847227325225	28.0200004577637
117.704447817425	28.2609637264421	27.9500007629395
109.721529742316	34.6242278025909	28.0799999237061
121.015260504819	26.7292666492251	21.9899997711182
112.532877997256	29.9982175892763	22.0200004577637
114.79193143976	29.903007396638	21.9699993133545
112.467485233762	18.6868160406255	15.9799995422363
113.247145313051	19.1851633290335	15.8599996566772
119.608536033729	23.5531872781638	15.8599996566772
122.294809209889	16.7001246913917	9.98999977111816
113.75204184675	13.9198427368008	9.97999954223633
125.024559736837	13.5455887188519	9.9399995803833
115.667389674703	9.40621055907931	4.15999984741211
116.968478189188	1.08087713723234	4.13000011444092
124.853780739417	8.38085075972517	4.1399998664856
112.596257871907	-1.43398079995016	-0.300000011920929
112.540425753281	-1.28433314369096	-0.270000010728836
112.837431302116	-1.01429579626443	-0.280000001192093
125.163034895032	-0.645904418686604	-1.98000001907349
113.854539745277	-4.17275835503468	-2
114.616343509512	-4.28174985972865	-2.00999999046326
121.278624285575	-3.41005374686765	-8.30000019073486
112.995731435681	-10.9959321280803	-8.31999969482422
124.13511464235	-3.77220764562215	-8.34000015258789
115.083104826903	-12.8103803692704	-14.1300001144409
115.142229282188	-13.250456098043	-14.1400003433228
116.781367084958	-19.0208084113077	-14.210000038147
115.889814250878	-19.1333626613685	-20.1499996185303
117.013774897564	-19.3091193212104	-20.1900005340576
123.399642180789	-20.6186064719617	-20.25
119.212494829592	-24.9483402229208	-26.1700000762939
110.084143395133	-29.5616099542224	-26.1100006103516
119.369138210207	-25.2568973593081	-26.1000003814697
119.525605658001	-32.770662802088	-32.189998626709
119.673648224291	-32.4819753441343	-32.1599998474121
121.142000092593	-33.7815494051355	-32.1199989318848
108.708651597711	-44.074077403196	-38.1599998474121
108.013370291695	-41.166889334362	-38.2799987792969
107.413588309155	-43.1668363495464	-38.2400016784668
111.851244378347	-48.2397618853787	-44.2400016784668
109.166621012303	-46.9010221339645	-44.310001373291
112.507098892318	-47.2072556828402	-44.2999992370605
110.356978666429	-54.0389823647668	-50.4300003051758
105.944780198072	-55.9284872989301	-50.3199996948242
102.39598281231	-53.7541979446121	-50.4199981689453
100.073062545583	-62.4789312892991	-56.4199981689453
99.1308906904513	-60.7097149414084	-56.3600006103516
104.601191911554	-63.0818741635457	-56.439998626709
96.1767959585783	-66.5975473451203	-62.2000007629395
99.9457736852307	-67.5689640225854	-62.1300010681152
97.2853316938965	-69.1981332897985	-62.1800003051758
97.0390443067454	-74.1781319614132	-67.4300003051758
91.5363982632936	-75.2018125160624	-67.4800033569336
96.9322619619411	-74.5864409552247	-67.4300003051758
86.5510889139473	-78.0724735539968	-71.9000015258789
89.6792791324913	-80.9257899872545	-71.9100036621094
92.2572349616586	-77.5512318054095	-71.9199981689453
81.6632619899597	-84.8631063471938	-75.0500030517578
88.3707618465081	-84.2620857966471	-75.0999984741211
81.7116453694519	-84.7163269502422	-75.0699996948242
80.9007343317968	-86.1319894468317	-76.4199981689453
77.2551159805207	-90.2265048005756	-76.4499969482422
79.7459937239446	-86.3336085236847	-76.4499969482422
76.0341958318474	-90.7661512607229	-75.7200012207031
78.3133010867367	-93.5977582488579	-75.7200012207031
77.0902866915248	-90.8051740346203	-75.7200012207031
67.2301779236425	-97.8460975144025	-72.870002746582
70.5488313193644	-98.7185250149931	-72.879997253418
71.3213099453321	-94.7177981062735	-72.879997253418
65.813105095475	-100.231495322034	-68.2900009155273
63.3613163547631	-103.644704423908	-68.3099975585938
63.9716276641522	-98.7970133809398	-68.2900009155273
58.7448374750031	-101.998289334368	-62.5499992370605
57.7822133395473	-106.227199819422	-62.5499992370605
56.5084333662871	-105.369561228435	-62.560001373291
51.2756389594801	-105.285049033157	-56.1699981689453
52.1628161350455	-104.465602906726	-56.1500015258789
52.1814832873448	-104.397005569883	-56.1699981689453
45.8243639478791	-109.491978895823	-49.3300018310547
44.5909543258589	-109.099371627708	-49.3400001525879
45.4693944791467	-109.305140550451	-49.3300018310547
37.1077365529816	-114.332905677876	-42.2599983215332
38.5781091395374	-113.866619279807	-42.2599983215332
38.6231289204526	-113.382998460446	-42.2599983215332
32.2227717265719	-112.704609030589	-35.0299987792969
29.6291729096292	-115.399180313349	-35.0400009155273
31.6383477888335	-116.347492721798	-35.0400009155273
25.20389988645	-117.817040346872	-27.75
25.7821853870759	-115.110749235456	-27.7299995422363
23.9393399737148	-118.065263954225	-27.75
18.3428767024902	-117.715825933308	-20.3999996185303
19.0460331890795	-117.111222518159	-20.3999996185303
17.7858288897557	-116.101527636485	-20.4200000762939
9.31179127573641	-119.29681074375	-13.1599998474121
12.2650803382084	-118.604606939037	-13.1599998474121
11.4203094186756	-116.999930899121	-13.1899995803833
11.3268781598216	-118.386161890094	-13.1599998474121
6.65917329969387	-127.180541926839	-10.2399997711182
7.40352923748646	-124.922126593261	-10.2399997711182
10.0047671102711	-124.772652848325	-10.2399997711182
13.1127373761647	-124.666466071511	-17.8500003814697
15.3255674948562	-124.537165970272	-17.8400001525879
13.5106141727992	-126.932516862099	-17.8500003814697
21.7898818477641	-122.879061008303	-25.6399993896484
18.1106953082748	-125.209013336602	-25.6399993896484
18.7975449671379	-124.821823869087	-25.6499996185303
25.8387329217803	-121.87440972236	-33.4799995422363
25.7797551359776	-124.2792775281	-33.4799995422363
26.3494118358078	-124.131629454569	-33.4900016784668
33.7045951494029	-122.907351044966	-41.2799987792969
33.223047984681	-122.856703998187	-41.2900009155273
33.3608229996073	-123.25084900894	-41.2900009155273
42.1641981403881	-117.863514616433	-49
41.2783749672331	-118.01608910634	-49.0099983215332
40.256418509835	-121.179563516824	-49.0299987792969
48.5865115576362	-114.672418537746	-56.5299987792969
48.1732389775175	-116.102830985326	-56.5299987792969
47.0366359442446	-118.930108618188	-56.5400009155273
55.5015713654011	-110.914400089361	-63.7099990844727
54.7219548747536	-114.27071518699	-63.7400016784668
54.1262752567457	-114.60568826135	-63.7200012207031
59.7918653987337	-113.599152226804	-70.3600006103516
62.0790993053413	-109.107977372194	-70.3499984741211
59.7871542009219	-113.36979990065	-70.370002746582
68.5488453160537	-108.72010455897	-76.0800018310547
67.1246196156579	-104.761039659959	-76.0699996948242
68.0637051146267	-108.293207817544	-76.0800018310547
71.9815566925697	-101.972280492674	-80.2900009155273
71.5701931302404	-102.155662570033	-80.2900009155273
72.0038141256935	-102.362205469385	-80.2799987792969
75.5493277612153	-99.0862902894704	-82.4400024414062
79.1643479438093	-101.167963523542	-82.4400024414062
80.6128264256024	-97.9580502421177	-82.4300003051758
83.1969832888755	-97.251345306468	-82.4199981689453
84.884946426581	-96.6092863596721	-82.4199981689453
81.493038136279	-94.5925930253797	-82.4100036621094
90.6820592475262	-89.175227158715	-80.3099975585938
90.7645053677927	-89.4955386786788	-80.3000030517578
86.6836187675379	-88.4176690554736	-80.3300018310547
95.744591311117	-85.9429661950649	-76.6100006103516
96.5984964806278	-86.4467004852061	-76.6399993896484
95.8323403111656	-86.3320796077729	-76.620002746582
96.9909673968151	-78.4867081637154	-71.8600006103516
98.1234890970872	-82.5097422931684	-71.870002746582
95.7523510777441	-78.7350379640003	-71.8600006103516
104.228561695707	-76.3995954679102	-66.5100021362305
99.3870760003819	-73.2109566372651	-66.4499969482422
100.900307627856	-76.985260556024	-66.5
103.080780946103	-67.6557183465007	-60.7999992370605
107.489234083436	-69.0418984230642	-60.7599983215332
107.759882143888	-68.962015161464	-60.7700004577637
107.938875552559	-63.2977839232965	-54.9700012207031
112.788830737616	-63.082503573934	-54.8699989318848
109.956371750556	-61.0058197890657	-54.9599990844727
108.340195710353	-55.8532906538535	-49.0900001525879
117.535632209857	-55.4902892520224	-49.0800018310547
111.654244517677	-57.2162472942204	-49.0099983215332
116.174190005468	-51.0379372309789	-43.2999992370605
117.255692954844	-48.6943312262974	-43.2200012207031
117.827272017008	-48.7908178283535	-43.2099990844727
123.42837384946	-42.7979619051034	-37.5200004577637
113.764890036315	-45.6217364703725	-37.5299987792969
115.796631417791	-42.6829669658564	-37.4599990844727
120.620918153671	-39.4631997475899	-31.8199996948242
118.607567961013	-39.059525156911	-31.7199993133545
121.036401581584	-38.9754801262384	-31.75
122.687705315704	-32.6346995400203	-26.1900005340576
115.969358417974	-33.1881975957424	-26.1100006103516
123.886550326353	-31.7311312084785	-26.0200004577637
122.953580387967	-20.0077432975812	-20.3999996185303
120.026617881593	-22.5626720057861	-20.4500007629395
129.909652346404	-22.819396776126	-20.4799995422363
125.603258234891	-20.3597527944968	-14.8500003814697
130.721000831769	-12.8547715184069	-14.8699998855591
130.33086631694	-13.3089038577781	-14.8900003433228
124.708111604205	-5.3160474094695	-9.17000007629395
130.913245164131	-9.68913676360086	-9.13000011444092
125.835710349234	-5.59013342756003	-9.13000011444092
124.976951391055	0.104325082151924	-3.73000001907349
124.890408911261	1.00219122741655	-3.73000001907349
132.475318848579	-1.0211667207688	-3.75999999046326
127.166241504146	4.8252749413095	-0.829999983310699
128.293540652602	5.17483093191007	-0.75
127.082671707957	5.13686852124032	-0.790000021457672
128.112857057428	0.647729733701867	2.24000000953674
129.889221328277	8.69418511205857	2.23000001907349
129.68953322437	8.00994456493773	2.26999998092651
120.028453267279	8.64284036664936	7.88000011444092
128.021316284643	7.26506145201734	7.88000011444092
120.396556839015	8.3033088898365	7.90000009536743
130.13017218675	16.981745089712	13.6199998855591
129.731177388328	19.0457155390672	13.5600004196167
120.626876768022	13.1484959299895	13.539999961853
118.470445287266	25.186296872286	19.1599998474121
127.137983019011	20.2342072905055	19.1499996185303
125.364677911898	18.758748341108	19.1299991607666
126.857307447157	28.8894240714509	25.0100002288818
119.613960500223	26.8706572047843	25.0200004577637
126.903338467844	27.6396935380029	24.9200000762939
114.938449456852	39.9707701692259	30.7900009155273
124.005247878311	38.6974078981605	30.7800006866455
120.794950745201	32.0097411878759	30.7199993133545
114.118399437712	44.2705946108225	36.5999984741211
113.966315570976	43.8156632006161	36.5200004577637
121.497392749638	41.0151846378937	36.5
113.642858184456	47.9966526736365	42.5400009155273
112.926752161183	53.119461538046	42.5
118.875413943136	50.6575522075782	42.4199981689453
108.929974758382	56.5827169743766	48.4300003051758
108.851183612155	57.0197406715889	48.4199981689453
115.36583581027	57.9642329608453	48.4799995422363
107.622078064237	61.6031066926153	54.3600006103516
110.765739796758	63.8558967077596	54.3199996948242
109.377695267684	64.2536681821803	54.3400001525879
104.246129641712	67.637726621533	60.1199989318848
103.407357511144	69.3898872952738	60.1599998474121
107.448743716391	71.4272388476604	60.1800003051758
101.176350258814	78.0964355727484	65.75
101.539652273979	76.6214695157391	65.7600021362305
103.681668545756	77.0095859648029	65.7900009155273
96.6309085634056	80.7449083578661	70.9599990844727
98.1976222108598	82.5388655922207	70.9300003051758
97.7736573493162	78.0117995119305	70.9499969482422
93.0075945604837	84.1538470396696	75.4499969482422
94.1828954150797	84.4880381861788	75.4199981689453
92.6630599284824	89.0351527376691	75.4499969482422
88.9280758137085	93.6818810403753	78.7399978637695
89.0466988672414	88.6550215852236	78.75
85.3708334642348	90.5933744056044	78.75
82.9002368173746	95.2032110943065	80.370002746582
82.8743537876345	92.9201605292561	80.3899993896484
82.5265337157459	92.5923639780538	80.3899993896484
77.6338029525065	102.212602265625	79.9899978637695
76.5379459132389	102.909705423843	79.9899978637695
77.0515951522127	96.5102382331611	80
70.9499022615944	103.796877534611	77.4899978637695
71.8215655670042	106.780422569245	77.4800033569336
73.0916716348759	101.36344373496	77.4899978637695
64.9133153698155	105.938990490996	73.0899963378906
65.3427773892526	106.445479470196	73.0899963378906
65.2492129179761	105.36582945986	73.1100006103516
60.5853546927547	113.175166941034	67.3399963378906
59.9685590335605	108.456225014278	67.3600006103516
58.8760525225089	112.027534777529	67.370002746582
55.2552314797755	115.711075346643	60.7799987792969
55.4261271485495	116.421718200227	60.7799987792969
56.4340521554707	116.586155830086	60.7999992370605
48.0557327363905	115.935775391668	53.7400016784668
49.1901469282952	119.257967625061	53.75
47.9212931616071	119.765095192393	53.75
40.9747744778477	116.586453462961	46.3699989318848
41.7800094565404	116.54150233643	46.3699989318848
40.7992538617985	120.52377552104	46.3800010681152
35.1724568044479	121.67420724385	38.7999992370605
35.0654999326674	121.1376469464	38.810001373291
35.6253305405552	120.026192659738	38.810001373291
31.1174351059261	121.112227866954	31.1000003814697
32.3392876435405	124.251961329623	31.1100006103516
31.1019105940846	124.80673548613	31.1000003814697
23.2109329990474	125.761223491878	23.3199996948242
24.7609215545309	125.04525175238	23.3199996948242
24.6807339205804	125.373642737486	23.3099994659424
16.1580917090413	125.636825271837	15.539999961853
15.6081937920455	123.458831861507	15.539999961853
18.9381773489906	124.730450969402	15.5500001907349
6.47076473243649	126.199412751194	8.0600004196167
5.53601042987122	126.025390502041	8.0600004196167
6.89495502973401	124.398312973602	8.03999996185303
12.7860129405415	133.191256219912	8.64999961853027
4.67151156859016	133.588261625415	8.64999961853027
4.36734198876019	133.629300658869	8.64000034332275
17.2118076650767	130.111433043873	16.5799999237061
15.243535373482	132.728509514345	16.5900001525879
19.6821967329223	132.012009864139	16.6000003814697
24.3420267119017	130.932128887973	24.8899993896484
25.2126084218986	129.744570179683	24.8999996185303
22.4525325681316	131.171770953054	24.8899993896484
28.4533584575869	128.117822402636	33.2700004577637
31.2353165830099	127.975004216061	33.2700004577637
32.604869056117	131.300485388409	33.2700004577637
33.6379546511342	127.439924544647	41.5900001525879
37.1600459686813	126.228310529505	41.5900001525879
36.6109192859082	126.581070655479	41.5999984741211
42.7437817596856	124.039445292241	49.7900009155273
42.22074368038	123.91749309585	49.7799987792969
42.0653149526377	123.970324395306	49.7999992370605
47.5235711874499	124.366615233771	57.7999992370605
47.5941177473172	121.370505938152	57.7900009155273
49.0217445156896	124.548669945973	57.810001373291
56.4901194349317	123.718493389542	65.4599990844727
55.2190236747812	124.357321353623	65.4700012207031
53.820724696003	119.338527734864	65.4700012207031
60.4890411262209	115.922116817399	72.5699996948242
59.0002402701158	117.478201657725	72.5800018310547
60.9892912907535	117.097041304121	72.6100006103516
66.1168315156297	112.329540067196	78.7900009155273
66.3566555072955	112.048794768801	78.7699966430664
65.7213727856619	115.49442845323	78.8000030517578
73.1766291576349	111.277961478418	83.4899978637695
73.0996178753296	110.6438322507	83.4899978637695
73.0648800864595	110.094470957026	83.4899978637695
79.0404364784441	105.935785217801	86.1600036621094
77.7505098551464	111.02527935546	86.1600036621094
76.4016706011253	106.896799328342	86.1600036621094
83.6184615686647	101.890651197365	86.5599975585938
84.4452922217429	106.522928287566	86.5599975585938
84.2340924096345	102.532987025052	86.5599975585938
89.6181211060285	101.092441550503	84.8300018310547
88.9460801456098	101.625612375125	84.8300018310547
89.544736198171	101.850388216655	84.8499984741211
93.7426124657292	95.1584182141546	81.4199981689453
93.8808135674414	91.6010827093867	81.4000015258789
93.4456929158833	95.0996564977377	81.4100036621094
101.057455866577	91.0041423731708	76.870002746582
99.5399421346681	91.4913876270867	76.870002746582
101.129921831465	91.2360297165358	76.8600006103516
105.143523365899	84.8247978271694	71.6500015258789
101.977338285657	82.3866491995646	71.6500015258789
104.896478261934	85.2217150322541	71.6600036621094
108.177884274283	77.3232874959036	66.0999984741211
107.983193350806	78.3537101724276	66.0599975585938
109.553513892381	79.7428370444668	66.1100006103516
109.322282454977	71.28692237466	60.3400001525879
110.294626585547	73.8209567540421	60.3800010681152
113.902772990353	75.0830461127967	60.3199996948242
111.399771889012	65.8539955616752	54.6100006103516
118.168343284638	66.7154386571476	54.5999984741211
114.160593160428	69.0240545936847	54.5499992370605
121.278194514656	60.5573521669928	48.7700004577637
119.560161050866	61.7796841649403	48.8400001525879
119.563725736744	58.7039325017905	48.8499984741211
125.540823136126	52.9957436643242	43.1399993896484
119.190494526334	51.5876177981301	43.0999984741211
120.681005408162	56.8689255320774	43
119.657481000859	48.317169510137	37.310001373291
119.547709509928	48.2776230953429	37.4799995422363
128.241623238482	43.3685978904781	37.4199981689453
125.60220360836	36.8515254515819	31.8400001525879
123.301553460114	44.0970717397262	31.7900009155273
123.296563837552	44.1622319772877	31.7399997711182
129.559152039784	38.2612651529831	26.3500003814697
134.00154208319	33.4852914466728	26.2999992370605
130.478957616898	37.4236558261852	26.25
132.996462505695	30.3121903138336	20.7399997711182
125.356273019461	30.5553229963025	20.8899993896484
132.259368731212	24.230060801704	20.9799995422363
129.079329214043	25.9425550864776	15.6199998855591
129.071761836383	25.9184742713776	15.6000003814697
136.025138738421	19.6241739205273	15.5200004577637
136.236159180177	12.1937047240486	10.2299995422363
127.354189584894	15.7401228099278	10.2799997329712
133.615916950589	18.4977639080409	10.289999961853
130.880199993664	10.6728258623773	4.84000015258789
129.908101840769	2.48303529280196	4.80999994277954
137.970000394226	8.75951438663213	4.71000003814697
129.274115840052	-3.06587223343237	-0.629999995231628
128.843092274146	-2.8139507470404	-0.670000016689301
129.31145517104	-3.5260677651046	-0.680000007152557
138.944190810905	1.37150832144704	-0.649999976158142
138.35971685962	0.257799198443438	-0.670000016689301
139.414363667928	0.974774729975213	-0.660000026226044
127.591249941041	-8.93656419730154	-6.23999977111816
136.469794956087	-2.58305975959862	-6.30999994277954
134.786517117624	-9.49859603359322	-6.19000005722046
130.441879278166	-10.9869079721417	-11.4399995803833
138.18167413483	-10.2877031412961	-11.5500001907349
128.854247292458	-12.1016343726871	-11.5699996948242
133.986395047802	-22.2383332196782	-16.8199996948242
136.292644129158	-20.9911207907951	-16.8400001525879
134.725088950798	-22.0716651226334	-16.8500003814697
126.390612250854	-27.3729185132697	-22.2399997711182
134.565674063078	-24.1335768432087	-22.3299999237061
134.140714920017	-23.5306921380938	-22.2999992370605
133.689040321863	-33.270248362689	-27.6200008392334
123.773070175347	-37.0964789662801	-27.6299991607666
134.645500447531	-32.3781174200217	-27.7000007629395
121.290784935123	-43.5578971884179	-33.1100006103516
120.890735629895	-43.5806574315693	-33.1199989318848
120.311110592082	-43.0013687120855	-33.25
122.600173319565	-49.8743189796629	-38.7400016784668
131.290817499532	-44.9298177706827	-38.6599998474121
121.82919066223	-49.2299489117813	-38.6699981689453
116.693633354661	-55.5420132281774	-44.3199996948242
116.694517251947	-55.2030113349179	-44.3300018310547
126.506724945282	-52.9454495742919	-44.2400016784668
115.388969651175	-60.2616000973979	-49.9300003051758
114.61902121622	-61.0132058043133	-49.9199981689453
113.580929170122	-60.3158136953594	-49.9799995422363
114.233575227247	-66.2466044353727	-55.7099990844727
111.341698106672	-66.147130271161	-55.6500015258789
113.661332151171	-67.1145601153829	-55.7000007629395
108.135983674772	-71.6217100909228	-61.4500007629395
109.649952154975	-72.8542054173816	-61.5
112.258971263948	-71.1519433790737	-61.4500007629395
108.527964141009	-79.3655999976057	-67.25
105.618052574959	-80.0256962517714	-67.2799987792969
108.790048758428	-79.7037188335182	-67.2300033569336
104.923736670436	-84.9441051455581	-72.9000015258789
101.148390727889	-84.4539855321716	-72.9400024414062
100.754046386734	-83.369141932635	-72.870002746582
97.0361067019695	-87.4938410853554	-78.25
97.3045552104803	-87.0080861469039	-78.2099990844727
99.4285029235736	-91.1453445642565	-78.25
96.3168849332435	-96.2756139466979	-82.9599990844727
95.2099433440941	-92.4933215454765	-82.9400024414062
91.2067121073953	-95.4158053849423	-82.9499969482422
91.802791012436	-99.2335471728115	-86.5999984741211
87.4223718156204	-97.503535726556	-86.5999984741211
92.1978822269093	-99.0201350786544	-86.5899963378906
84.0890202064854	-105.226224972521	-88.6699981689453
82.3995202288332	-101.549511600722	-88.6600036621094
86.4973209638455	-102.423649385019	-88.6399993896484
77.3250914846764	-107.497942688442	-88.6699981689453
77.7346858286814	-108.738413540099	-88.6600036621094
77.6017683652228	-106.091313987464	-88.6600036621094
73.2218047084039	-109.372068543656	-86.4400024414062
71.707680342716	-113.084462138946	-86.4300003051758
71.8549324089041	-113.274549496412	-86.4199981689453
65.6137562444098	-116.754971217795	-82.120002746582
68.4425869819288	-116.745740685185	-82.0999984741211
65.6415682110401	-115.758090435367	-82.120002746582
59.8665520259807	-121.062146018514	-76.1800003051758
60.6507592285966	-116.561024232239	-76.1900024414062
60.1656977194639	-120.280020050933	-76.1900024414062
53.8985493414729	-124.010003943587	-69.2399978637695
54.3441863542285	-121.490576889155	-69.2099990844727
54.7405256035806	-121.676096664531	-69.2300033569336
46.9788119991588	-125.498906927586	-61.6100006103516
48.678838259187	-121.989571490874	-61.6199989318848
49.1701123564412	-124.545729989479	-61.6199989318848
41.439808900196	-128.583905986794	-53.5800018310547
41.0383933089618	-129.080701972971	-53.5999984741211
42.5917970658067	-124.545773586499	-53.5999984741211
35.0774334601061	-127.701070156124	-45.310001373291
34.6181171094611	-130.941149924765	-45.3199996948242
32.9628676405401	-128.408829963275	-45.3199996948242
27.3820422151452	-129.002665982073	-36.8600006103516
27.8805479431789	-128.973114531807	-36.8699989318848
26.8334746106874	-131.544938201746	-36.8699989318848
20.0603222004514	-130.447859888001	-28.3299999237061
20.5242578643682	-133.151626055915	-28.3400001525879
21.0262538257378	-130.038421063948	-28.3500003814697
14.7130807702401	-130.792134628577	-19.8299999237061
15.075786660971	-130.748389500036	-19.8500003814697
15.2758276898056	-132.695019706687	-19.8500003814697
6.75965981636346	-133.041912114377	-11.4499998092651
6.96379814242006	-130.792697752376	-11.460000038147
8.5639683460909	-133.60907624956	-11.460000038147
9.6542995552337	-138.484542917138	-12.2600002288818
9.24110778485365	-140.352874781382	-12.2600002288818
5.3988769364288	-140.279653712691	-12.2600002288818
12.5201614478967	-140.217446249734	-21.0900001525879
12.3108365368596	-139.743220857293	-21.1299991607666
21.2676955972879	-137.040699103872	-30.3299999237061
19.343942547589	-139.467607232163	-30.3500003814697
19.6978312616044	-139.699337866547	-30.3500003814697
28.3241518840683	-135.568535321103	-39.5299987792969
26.5183466584832	-138.030850225788	-39.5499992370605
28.0673069243645	-135.463168057898	-39.560001373291
35.718435656354	-135.871719166289	-48.689998626709
33.6533069850258	-137.138215241178	-48.689998626709
33.4401486379639	-137.056548794182	-48.7000007629395
42.0404517924336	-131.770788724629	-57.6800003051758
39.997942508046	-135.393826208781	-57.689998626709
40.6184530718469	-135.856363979423	-57.6800003051758
48.4775801955751	-129.767121814764	-66.3899993896484
47.9189095723236	-133.651212191038	-66.4100036621094
48.7849551066631	-129.859887509727	-66.4199981689453
54.6892165027738	-127.193983435241	-74.6600036621094
55.2637683468609	-128.225954481393	-74.6999969482422
53.8105532721072	-130.915873871601	-74.6699981689453
61.2465705545933	-128.848352783527	-82.1699981689453
61.59377051737	-123.077099221994	-82.1900024414062
59.7131924573476	-128.079884818512	-82.1900024414062
68.5735058136972	-121.67954050165	-88.5100021362305
66.2258043805431	-122.779223336493	-88.5100021362305
66.3821154872733	-122.045704544964	-88.5
73.8433830312794	-117.108825854743	-92.9599990844727
71.3262254090722	-120.973041079171	-92.9400024414062
75.0880868209518	-120.292744930406	-92.9499969482422
81.1087830071939	-115.995759150905	-95.0899963378906
77.1492096321743	-117.002045909384	-95.0800018310547
78.212707676356	-113.81557633555	-95.0699996948242
84.7758297079023	-109.632328182802	-94.7900009155273
85.1677155406722	-109.024113138788	-94.8000030517578
85.1097754234865	-108.962660365188	-94.7799987792969
90.8029209536943	-104.727820449138	-92.370002746582
90.5195220616149	-104.835720584819	-92.3600006103516
89.943331529295	-105.259749256204	-92.3399963378906
96.1929037647724	-104.629373037707	-88.3899993896484
94.1153342740251	-101.061728195071	-88.4000015258789
93.3634640194609	-101.665463316763	-88.3899993896484
99.2032217337436	-99.0195809619033	-83.4899978637695
99.4005734286812	-95.3522098856636	-83.4800033569336
98.3115041077236	-98.8516208163629	-83.4800033569336
104.998484874751	-92.3101650722688	-78.0299987792969
107.030994695674	-93.0587173394468	-78.0899963378906
102.851879215127	-90.9517923702354	-78.0599975585938
112.486313761928	-88.5702766764183	-72.4100036621094
112.725597561177	-88.5781893475401	-72.379997253418
108.146065905306	-88.3802755230519	-72.4100036621094
110.649546045603	-80.5425257897497	-66.620002746582
114.212277006259	-83.330897612434	-66.6999969482422
116.700289958302	-83.7305542642926	-66.6399993896484
115.12412370502	-75.9445090180949	-60.9900016784668
114.694286614042	-77.0214055523615	-60.9599990844727
119.246838264195	-74.7553121334034	-61.0099983215332
126.424496813224	-69.8201793386143	-55.3300018310547
116.878444038762	-69.5196372574888	-55.3800010681152
121.617126517879	-71.4945600372497	-55.4000015258789
127.129587358051	-61.920547021221	-49.8899993896484
126.679364021921	-64.0742037300842	-49.8499984741211
126.95613339878	-64.5961331792009	-49.9000015258789
132.142781550132	-56.3780994095388	-44.4099998474121
124.875541757294	-56.4945101490539	-44.4700012207031
126.210440291854	-55.4986496228494	-44.5
136.130819798577	-47.4855396314994	-39.0699996948242
126.639896455035	-51.1830819986854	-39.060001373291
136.181957973619	-47.5493662082756	-39.1300010681152
132.082106954229	-42.1386301832243	-33.8400001525879
134.222381371558	-45.1432079794444	-33.9300003051758
136.440051755074	-43.9607290473338	-33.8199996948242
131.357615816963	-37.1834126611943	-28.7000007629395
130.691180306784	-40.6406955651134	-28.7000007629395
140.660984759174	-34.6185449693432	-28.6000003814697
139.195721524037	-31.4958861543202	-23.4500007629395
140.553283837497	-27.8819747838648	-23.5100002288818
138.2256430065	-31.9727302458038	-23.5799999237061
135.459537128836	-27.7124630904963	-18.5200004577637
133.976990107848	-27.3876987495172	-18.5499992370605
134.753375575425	-27.8766657348711	-18.4899997711182
141.93672937082	-13.6965759845249	-13.4799995422363
134.31285326086	-17.7682388447536	-13.4899997711182
141.65109503872	-18.2438613912114	-13.5
140.247269164586	-5.79805166463988	-8.35000038146973
144.375439527778	-8.86365086893022	-8.31999969482422
140.203837944769	-6.18764317373043	-8.38000011444092
139.730291120945	-6.50443561294898	-3.47000002861023
142.635621190718	-5.66163637010471	-3.57999992370605
136.501517911577	-1.24758660854015	-3.59999990463257
138.646102945671	-3.46360839383458	-0.870000004768372
138.463337709553	-3.53707618384232	-0.879999995231628
138.061955090521	-3.28968050382712	-0.850000023841858
143.184307034592	1.22336443866197	1.71000003814697
142.743680105214	0.249394182239197	1.77999997138977
142.899324492751	6.55018457569056	1.94000005722046
138.05948456053	15.147820951079	7.15000009536743
137.459270349072	6.73920787436202	7.23999977111816
144.213410981718	11.2025439265744	7.1100001335144
140.966919378715	20.5392552368082	12.0799999237061
140.477115821979	14.1003560802116	12.1800003051758
139.086991980674	14.3332859350205	12.2299995422363
137.125816338495	28.336113388233	17.2700004577637
135.353583021504	21.2943110587018	17.3099994659424
135.613692044207	21.3233988714459	17.25
138.899737341312	33.5447945749859	22.2600002288818
133.426160884884	33.5812626986489	22.2299995422363
139.024701583847	27.0323144049233	22.1399993896484
131.828978197908	35.1687172609512	27.5100002288818
134.741800472867	41.9472666610892	27.4500007629395
139.872148744879	35.8063615939189	27.3999996185303
129.13221523594	46.464626268209	32.7299995422363
128.821089532263	46.7002174407696	32.6599998474121
129.13978572799	47.8989376218151	32.6100006103516
134.436413883755	48.3156147169095	38.0900001525879
131.776900922328	53.8374171805487	38.1800003051758
127.084283868213	50.6306073651725	38.1199989318848
131.460145535807	57.1802468294467	43.5400009155273
126.232804781494	54.5149614469379	43.6500015258789
124.81524910644	59.3951461575183	43.5499992370605
126.999417198504	65.6968845607011	49.2000007629395
127.615462668559	67.0130906100823	49.1100006103516
126.105928556246	64.2975674192131	49.1100006103516
119.54229883311	68.9563294034329	54.8400001525879
125.027296124516	70.4600451818532	54.810001373291
124.333782957049	70.1899253426612	54.7400016784668
114.859613960264	76.6256710403657	60.5499992370605
119.030855695387	77.9466876302073	60.4599990844727
118.129056738654	74.6048269656525	60.5200004577637
114.980237137241	81.4175197145919	66.2399978637695
114.796200059952	82.4296888564109	66.1999969482422
115.10201940765	82.1740424040998	66.2200012207031
111.859255124904	88.9201612739	71.9300003051758
108.907466038804	85.725420432328	71.9100036621094
111.90005066071	89.4823455205625	71.9300003051758
103.170508181333	91.5179303656522	77.4599990844727
108.160466889579	94.5055021424524	77.4599990844727
106.674557173938	94.7711907231239	77.4800033569336
101.03227011502	96.0204992577154	82.6800003051758
100.88109181201	99.4140552902984	82.6999969482422
99.8437461046538	98.0009586537432	82.6900024414062
95.9341997789924	102.460591710307	87.3099975585938
96.2792888863675	101.968630054355	87.3000030517578
93.7054272029505	100.669540958888	87.3000030517578
91.1878453269672	109.438691507089	90.8499984741211
91.372692877832	105.29832981741	90.8399963378906
91.179719419706	109.682275549994	90.8399963378906
85.8273847139805	113.131889388003	92.7300033569336
85.8618424837245	112.744222366315	92.7300033569336
83.2723114044292	112.842576300973	92.7399978637695
78.3429309564252	117.340155327272	92.5100021362305
80.640770300159	117.960432575132	92.5100021362305
79.2711791822742	112.835387453105	92.5100021362305
74.4304756037997	121.421894836513	89.9700012207031
74.1388487486534	117.088021509129	89.9700012207031
73.7910648171963	121.988973732401	89.9700012207031
66.1624150698092	120.608804282116	85.2600021362305
67.2926563310202	122.609089654829	85.2600021362305
66.9166543494762	126.464598946623	85.2799987792969
60.5549749310321	129.329348792431	78.870002746582
60.948003282945	123.996358373708	78.870002746582
62.05861714998	125.716964905756	78.8899993896484
54.1963845531338	125.475823130161	71.4000015258789
53.7978739441196	131.262604723273	71.4199981689453
57.4834423008726	128.919146965807	71.4300003051758
49.0598195019103	129.381875076473	63.2799987792969
48.6069626668332	131.52757166249	63.2799987792969
49.5847478159277	132.5785880259	63.310001373291
44.4503774251858	136.037622984253	54.7200012207031
41.8460154136944	132.912559337874	54.7400016784668
42.8000902022446	132.24827527423	54.7400016784668
37.1711178820038	133.858994666347	45.8800010681152
38.9478512147916	137.037209195663	45.8899993896484
35.4820105907934	133.564061543975	45.8899993896484
31.0670350750343	135.641336072358	36.8300018310547
32.2604577194221	138.410652129883	36.8400001525879
29.4751825246335	135.576265789579	36.8400001525879
25.8237047607039	138.319103701932	27.6700000762939
27.1178547241126	138.004480978381	27.6800003051758
25.5050331546362	137.348434011991	27.6700000762939
15.311670852549	137.341733998441	18.5400009155273
14.0874267778569	137.377989945378	18.5400009155273
12.1865893381241	138.26867098575	18.5300006866455
6.04230872279265	141.017490748552	9.75
11.3784019614664	137.584202442424	9.75
10.4756576242701	137.357273931618	9.75
5.95230003342427	146.185287481656	10.4099998474121
5.46246301079893	147.986947808819	10.3999996185303
8.62779126579491	146.649406547853	10.3999996185303
14.2901510847975	144.759921179287	19.6499996185303
17.5800972301824	146.930720355253	19.6399993896484
11.3498420954786	147.554173989133	19.6499996185303
22.6664707365876	143.432199243161	29.3899993896484
22.6313555520955	143.422707971578	29.3899993896484
22.2972086050999	143.744159517112	29.3999996185303
31.4668248359813	145.156476728983	39.2099990844727
29.9491444053606	142.662864759309	39.2200012207031
30.6526827412396	144.552812720363	39.2200012207031
36.1102473598236	140.408381819879	48.9799995422363
37.6229868861133	142.054489878616	48.9599990844727
36.6286765220368	140.050140206178	48.9799995422363
45.4351019469147	141.289947732579	58.5299987792969
42.6107214356589	138.972432626295	58.5400009155273
43.9118563551677	141.794139323204	58.5699996948242
48.6410707491493	141.025048903097	67.8099975585938
49.2001794423889	137.088660826422	67.8399963378906
48.5933091619949	136.324562954155	67.8099975585938
56.4818377405626	135.356202593513	76.620002746582
56.311606137991	134.12937342248	76.6100006103516
54.993085877579	134.951466738142	76.6500015258789
61.9564557721852	131.261773619337	84.6699981689453
60.9196561482867	136.205118579501	84.6999969482422
61.6555789905185	131.503844081309	84.6900024414062
68.3898659660218	131.596255107774	91.5199966430664
67.8533930530578	133.174129084606	91.5199966430664
68.1682015974522	131.942670395321	91.5199966430664
72.8041739642343	125.362281147771	96.4000015258789
72.9966994835364	125.18318648231	96.4000015258789
75.456115398205	129.186539911889	96.4100036621094
78.756335793414	121.596444429546	98.879997253418
80.0848288429366	122.453829838733	98.8600006103516
80.2196583719799	122.695139759273	98.8600006103516
86.1818843791776	122.769974767128	98.8099975585938
83.6551339232617	118.41327620106	98.8000030517578
86.1483864637352	119.027530644467	98.8199996948242
92.0969316588954	115.462924815044	96.5299987792969
92.3352955597425	115.458137087924	96.5199966430664
89.1453473126698	113.874119483754	96.5299987792969
97.6458889051543	112.865654136072	92.6399993896484
96.0382231325215	110.513454833196	92.6399993896484
95.6784084557313	109.115267732152	92.629997253418
104.340917869874	108.328930280419	87.8000030517578
102.030507996303	108.438826068127	87.7900009155273
102.09416319291	106.158286815492	87.7799987792969
107.670359410799	101.301058514337	82.3899993896484
105.970506781805	100.113144225973	82.4499969482422
108.373249996404	103.285348212017	82.4300003051758
112.243124793711	96.5436857280476	76.8199996948242
111.530643437216	95.6618196142203	76.8199996948242
109.246694940842	95.0835397707003	76.8099975585938
118.701539090465	92.1966589298413	71.120002746582
114.354102848162	91.6268860244855	71.1399993896484
117.932085047779	91.7769411469241	71.1399993896484
122.509248942066	85.0718646736873	65.4800033569336
121.406492098727	85.3127768959761	65.4800033569336
121.574515908299	85.8659134936754	65.4400024414062
124.664081012959	82.0169092967784	59.810001373291
125.91087115917	78.1506442710195	59.8699989318848
120.484936817161	80.5529060630843	59.8600006103516
130.369743306179	74.3192707606469	54.3199996948242
130.745777655447	73.1344455348215	54.3899993896484
125.083426572758	75.8489789395692	54.2999992370605
128.260205689014	66.1107701810857	48.8400001525879
127.401119711161	66.3395517025878	48.8600006103516
131.967704779217	70.4872288639542	48.9599990844727
130.248911674008	62.7227012086345	43.5999984741211
133.190392487073	58.8620234245698	43.6300010681152
132.283604699084	61.2222698254769	43.5900001525879
133.167898115105	55.1647096966238	38.2799987792969
139.879951625776	53.2180820458607	38.439998626709
140.349643474586	51.7529869994737	38.4599990844727
140.648311898878	49.7469606456172	33.3600006103516
142.75517561287	48.1670642183479	33.310001373291
141.711268465011	50.3019030408896	33.2200012207031
140.060333996177	44.2850410944686	28.3500003814697
144.507318263355	38.5548768183731	28.2600002288818
139.199535956444	39.3113564717013	28.2199993133545
138.9406092522	36.3555402770479	23.4599990844727
144.72002734306	30.8275875232589	23.4500007629395
146.447827659769	35.6827749203136	23.3299999237061
147.401407527178	27.9928302958345	18.4899997711182
148.271922329431	26.3910380761462	18.6599998474121
141.80154689597	31.1671173126577	18.7700004577637
146.077376857246	17.4976747827556	13.8999996185303
144.986861790398	17.3877001743275	13.9499998092651
147.620354893048	18.3821235338342	14.0100002288818
143.737367712752	11.9522322759196	8.94999980926514
144.862368864715	17.7138472847626	8.88000011444092
143.981813656654	10.7124951795991	9.06999969482422
147.066816732411	3.52917452182972	4.32999992370605
148.467648690702	9.41227887671156	4.34999990463257
143.049802417206	6.97355802431082	4.51000022888184
150.496434648407	2.38335471969656	-0.370000004768372
151.508096549501	1.5748017070577	-0.330000013113022
150.629371774341	1.99406391743159	-0.310000002384186
144.077397140914	2.59993278045808	-0.270000010728836
144.536894042009	3.20736748679532	-0.300000011920929
144.429533125864	2.76629845076869	-0.280000001192093
147.700010741833	-2.65407330383711	-5.42000007629395
149.659788796532	-7.95050070628588	-5.30999994277954
142.195675180555	-8.63497032181008	-5.44999980926514
146.262420306324	-16.9504299021147	-10.3599996566772
150.124484244839	-10.7585541308558	-10.4499998092651
145.785023517354	-17.106860639921	-10.3599996566772
149.236812565567	-20.6077720508246	-15.0799999237061
145.608258838167	-17.4493814689037	-15.1199998855591
146.837660927292	-17.2086139739788	-15.1400003433228
144.122055620061	-30.2523301582636	-19.9699993133545
144.264468802777	-29.8777797133315	-20
140.474669698612	-27.0011586872994	-20.0499992370605
143.669117517691	-29.9933027821701	-24.6700000762939
138.97509483033	-37.6747650124276	-24.7399997711182
143.684234058481	-31.317070084958	-24.7399997711182
135.702294709398	-42.714008099001	-29.6900005340576
142.418757782913	-43.0115514414243	-29.6399993896484
141.194852669297	-43.1373411289506	-29.6900005340576
136.802375815105	-47.2127750640405	-34.6699981689453
144.546402349656	-46.7605996763211	-34.7099990844727
144.371321673122	-46.1674687332759	-34.75
140.685522614231	-50.7344770763872	-39.9099998474121
131.378630971157	-56.1989835556551	-39.8899993896484
140.888232333691	-50.9912975286552	-39.8199996948242
140.020374185866	-58.396889092334	-45.0999984741211
130.339847943363	-60.6729246170269	-45.0400009155273
130.06956384303	-61.5943094069905	-45.0499992370605
126.4610038918	-68.4342947467804	-50.3400001525879
126.100711898049	-69.7160386518886	-50.2999992370605
130.376078637514	-65.6003911417292	-50.3600006103516
128.879825733316	-73.3998045098608	-55.7299995422363
122.586163824565	-73.8226676640654	-55.6599998474121
128.280356119691	-73.7366630400279	-55.7599983215332
120.2275309125	-78.9308700759762	-61.1399993896484
129.395962939305	-79.3522947599295	-61.2299995422363
128.38500559297	-80.796293529363	-61.1199989318848
120.994605618448	-84.9953901276323	-66.7300033569336
117.507808343856	-85.6193471635475	-66.7900009155273
120.663315576354	-87.6070914645272	-66.7399978637695
119.343641799447	-91.7907370363403	-72.4800033569336
118.922569961885	-91.3942858973242	-72.4199981689453
119.385592246271	-91.8360915568178	-72.4700012207031
113.38124460404	-97.8681549988739	-78.1800003051758
111.202998363216	-95.1289888779229	-78.1999969482422
114.193330787335	-98.1706588334913	-78.1699981689453
109.797611172335	-101.629929196329	-83.8600006103516
105.511825392167	-103.196518989776	-83.8199996948242
104.703751883339	-100.602415276342	-83.8899993896484
99.3803230012754	-106.386054469747	-89.2799987792969
100.454252012397	-106.969741970237	-89.3199996948242
101.770354299104	-105.180313798474	-89.3000030517578
97.2633685803675	-112.510022379373	-94.2799987792969
97.9808922771406	-111.371832527495	-94.2799987792969
94.0956979136313	-109.065571789909	-94.2699966430664
90.1799476456105	-116.257131553446	-98.3600006103516
92.9848966928187	-117.4625787448	-98.370002746582
91.1022970633448	-113.151549078707	-98.3499984741211
83.5974461785381	-117.911178247539	-100.959999084473
84.519825582844	-117.377924209882	-100.970001220703
82.7055653735583	-120.816163951063	-100.949996948242
78.2030060517179	-125.778564678884	-101.440002441406
77.6335514677002	-125.376824354249	-101.449996948242
77.2943895711415	-125.095223127329	-101.430000305176
76.4931725390856	-128.248745055188	-99.4800033569336
72.0468496707312	-128.044805914478	-99.4899978637695
74.5568611044312	-124.576122861313	-99.4800033569336
66.2633779926533	-133.34548808689	-95.1100006103516
66.56959177978	-130.202379363449	-95.120002746582
66.683299730848	-130.204260864064	-95.129997253418
63.2497784846858	-130.227100707891	-88.7099990844727
60.4502036540363	-134.107577245781	-88.7200012207031
61.8824652904567	-135.691848236176	-88.75
55.7471868537226	-136.481616743537	-80.9300003051758
54.8638899037829	-134.184766957112	-80.9499969482422
54.6157139774138	-138.678184394016	-80.9700012207031
47.5852230176073	-141.07895815295	-72.2900009155273
47.7844883323177	-140.949776413395	-72.2799987792969
47.9580965010355	-141.518031049766	-72.3000030517578
40.8123923577224	-142.472017320251	-63.0499992370605
41.9629766830809	-140.939169120827	-63.060001373291
42.1563613969697	-139.396915557805	-63.0800018310547
34.3841637711393	-144.400051020527	-53.4500007629395
34.2858641184613	-141.614975938416	-53.439998626709
35.9100719506922	-142.847099177577	-53.4599990844727
26.6792926508017	-146.330375466987	-43.5800018310547
27.1170859551259	-145.971034690619	-43.5999984741211
28.9999647144262	-144.853280350209	-43.5999984741211
22.6901537806193	-145.459193060817	-33.5900001525879
19.5550237014034	-147.203891038881	-33.5800018310547
22.9542111479621	-144.3215118787	-33.5900001525879
6.00137286454045	149.294869474796	10.9899997711182
4.77020710502595	149.725289235801	11
2.16363117415842	151.484568887442	11
19.5353681571927	148.691231547743	20.7299995422363
15.1733502942585	150.253792659661	20.7299995422363
10.7373340796786	149.091794337431	20.7399997711182
20.5645602732934	147.472268228806	30.9599990844727
21.70180753488	149.317161408622	30.9699993133545
22.9460738953573	146.290679718768	30.9699993133545
29.5457192995494	148.275128077148	41.2900009155273
28.6613249888047	145.101014677492	41.2900009155273
28.8070020122939	144.483265134247	41.2900009155273
36.1188297773654	143.496193365648	51.5
36.2005568288418	143.389173412714	51.4799995422363
39.6529086383023	145.395140815413	51.439998626709
43.615613877018	145.99683557161	61.5
42.9221530936424	141.662157838251	61.5
41.3176334553335	142.270342552399	61.5
47.8771112694483	139.39787647118	71.1500015258789
49.1115778210607	144.213382330985	71.1699981689453
49.6064015881075	142.231184436041	71.1600036621094
55.6032806593897	142.445700830762	80.2600021362305
55.4669242763923	138.837072231285	80.2799987792969
54.722889706058	137.981498673678	80.2600021362305
62.21939274116	134.740628689111	88.4700012207031
64.7187908621115	139.216365765465	88.4899978637695
61.881734043158	140.421881618121	88.4899978637695
67.7092860954827	135.558128007263	95.2399978637695
67.2608088877638	131.421096436932	95.2300033569336
67.7169900200839	134.713559985489	95.2399978637695
73.9000829498896	129.931446691495	99.7900009155273
73.8339325706174	129.686301573649	99.8000030517578
73.6211111133718	133.913618519394	99.8199996948242
79.3915055960722	125.939619134679	101.809997558594
80.3094071465837	125.546069178736	101.800003051758
80.5596597523398	130.123997618072	101.800003051758
84.9582814306842	122.012986531751	101.190002441406
86.490857475236	126.209646438151	101.180000305176
86.0930043760428	122.17428763582	101.199996948242
92.096170255058	121.945337350765	98.4000015258789
91.912826557254	118.85508257197	98.4100036621094
91.9907997120161	119.791839022548	98.4100036621094
96.6636421873543	113.556995730308	94.1800003051758
98.402094913392	116.956179088288	94.1600036621094
96.2557576284837	113.462358013569	94.1800003051758
105.023694477017	111.912035055808	89.1399993896484
103.405470290749	111.761004611174	89.129997253418
103.154149194967	112.407387721017	89.1500015258789
107.11395425072	105.425324074359	83.6900024414062
108.472477035891	107.369368459123	83.6699981689453
105.134295977229	105.372767318476	83.6999969482422
112.85776606855	102.391823681565	78.0400009155273
112.119463727126	101.848582574106	78.0400009155273
112.160693790034	102.027677790719	78.0299987792969
114.123818890027	95.6353534365042	72.3499984741211
119.133771054588	96.4097250654445	72.3899993896484
114.060250836021	95.1550466590983	72.370002746582
120.637189378084	91.140747626759	66.8000030517578
119.38430482444	88.5984091367981	66.8000030517578
117.767924560197	88.4947570479239	66.7600021362305
121.255250778394	83.7327087796224	61.2299995422363
120.889974292023	84.7707701246233	61.2900009155273
121.013423475048	85.2517657499075	61.2400016784668
125.800981778552	80.6243208787133	55.8699989318848
126.681018429407	77.0331089937275	55.8300018310547
126.10444669531	80.3416846424516	55.7999992370605
133.523118234847	73.7521934093245	50.5999984741211
133.256230401811	75.0191301699172	50.5499992370605
128.738975570974	71.2008975548691	50.4500007629395
135.007520434583	64.1626421562115	45.2799987792969
135.479243820904	62.2828929575108	45.2999992370605
132.395894219078	69.3846190114794	45.4300003051758
137.863073991862	62.6156174535173	40.2200012207031
134.636593502763	58.621504407045	40.25
139.21850779091	61.7913767480166	40.4099998474121
141.519540600535	48.8369813991077	35.4300003051758
140.410647465021	48.8230627252132	35.3400001525879
143.977486240842	53.5572024510065	35.2700004577637
146.861213674608	44.9365103986793	30.4300003051758
146.474474648816	44.3126002525365	30.5300006866455
139.633252585583	44.209503194303	30.6599998474121
145.935305152426	35.931181727124	25.7000007629395
141.113819332867	42.7253514630426	25.7399997711182
147.254545988607	41.5347250328014	25.9400005340576
147.378040552386	36.0513897682404	21.2000007629395
144.261015301398	29.4791743097948	21.1200008392334
150.600415300333	30.4683800189793	21.0699996948242
145.670772581541	29.0352212010752	16.3799991607666
148.805366371297	22.406579335527	16.4200000762939
148.249863539817	22.4820067937484	16.6200008392334
146.047086079805	16.7613247322514	11.8699998855591
149.292110850192	22.472607372535	11.8800001144409
147.166153841541	22.1112190404273	11.9899997711182
153.223372012909	14.1321130819428	7.3600001335144
149.615203017271	8.45421967344339	7.51000022888184
152.447997065445	14.7836320598479	7.34000015258789
146.746566125308	2.66482794946999	2.9300000667572
153.615199902833	5.4249386625719	2.70000004768372
149.791094061569	9.33738592391392	2.75999999046326
147.83132755347	3.73272033340788	-0.469999998807907
147.29626262807	2.43080586241215	-0.490000009536743
149.208446285049	3.8986375830937	-0.490000009536743
153.880915084507	1.58875713071047	-1.51999998092651
152.137050718918	1.43238761215363	-1.53999996185303
153.015580669788	1.67859737929308	-1.62999999523163
148.190635813907	-4.85188651364859	-6.69000005722046
154.626909336557	-6.63227240534084	-6.48999977111816
147.948325642536	-12.1627340336328	-6.57000017166138
150.707165425603	-12.110432638401	-10.9700002670288
145.066403378609	-16.4796629176246	-10.9099998474121
151.14754040458	-16.7915983249572	-11.0500001907349
145.655436619802	-25.8182181867714	-15.4899997711182
152.566549445858	-21.9105937472763	-15.4899997711182
153.517229214933	-21.216795849473	-15.5600004196167
149.736397279752	-25.2580312818809	-20.1599998474121
149.20435126778	-30.8491994198176	-20.2399997711182
142.66048831795	-30.7283937159279	-20.2700004577637
149.513829597924	-33.8816574900034	-24.8999996185303
144.474402068215	-33.6872288373445	-24.7800006866455
150.832107194422	-34.5977407203842	-24.7900009155273
145.088611220365	-43.8125963402841	-29.7299995422363
145.597483862856	-39.8497256003354	-29.5599994659424
145.809622519715	-39.9176913021571	-29.5200004577637
137.67241570251	-50.3081280762726	-34.3600006103516
147.08699647577	-46.7373646521803	-34.4199981689453
146.426573271297	-46.8855769146268	-34.4099998474121
143.107704868512	-55.321975310347	-39.4099998474121
133.669778190244	-58.8171840433505	-39.3899993896484
143.471846782053	-55.1670809115445	-39.2799987792969
132.640749710269	-62.5360137180276	-44.4000015258789
135.898689969533	-63.9687471014711	-44.3800010681152
133.975891169053	-65.2134593107652	-44.3300018310547
131.511422152773	-67.5742208619743	-49.4700012207031
140.28839437274	-67.0499140621332	-49.4000015258789
129.279694571808	-70.9320825476741	-49.5400009155273
135.134195627974	-72.4213934581262	-54.7000007629395
124.948384182278	-76.7885979167378	-54.6199989318848
132.025551497791	-75.1353956984439	-54.7400016784668
123.193296075992	-79.9028589893059	-59.9500007629395
122.653580009068	-80.463085094656	-60.0299987792969
121.902094024928	-80.9874099301644	-59.9900016784668
123.413920006954	-89.3324584948207	-65.4199981689453
119.251683100658	-87.3585403589515	-65.4599990844727
125.359802682368	-88.8302828048073	-65.4300003051758
115.721200115648	-91.350730076051	-71
115.870693541149	-91.7095288957518	-70.9700012207031
115.82900033389	-90.8256775418268	-71.0100021362305
117.059907486615	-98.980501317572	-76.6699981689453
111.254698478351	-96.3367002307327	-76.620002746582
111.223516685624	-97.9792450913824	-76.6900024414062
109.42425628128	-104.695514016567	-82.3199996948242
107.443620399204	-101.969175335135	-82.3899993896484
107.427485608316	-102.242995046868	-82.370002746582
103.426671970982	-106.065504954347	-88.0299987792969
102.497009156275	-107.901261712639	-87.9800033569336
102.787489218316	-108.861810908207	-87.9800033569336
99.9330911408573	-112.069681154996	-93.4000015258789
97.4893360087344	-112.117805200826	-93.379997253418
99.6749416839955	-114.917154712867	-93.3499984741211
93.6210208479651	-119.009871672488	-98.1999969482422
96.0983017198002	-118.642848026776	-98.2099990844727
93.9822819412458	-117.758479164521	-98.1699981689453
87.0547993231346	-120.00568664392	-101.98999786377
88.4778033775603	-123.27357913427	-102
87.3537798913763	-119.997897849258	-101.98999786377
84.4168123041731	-124.012947372356	-104.099998474121
80.360367097695	-124.380815920051	-104.089996337891
83.0016149681466	-127.322733450434	-104.089996337891
75.6754777484653	-128.029439923981	-103.900001525879
75.2852479535092	-128.087617127864	-103.889999389648
75.2572768604156	-128.789830498798	-103.889999389648
70.0318910288009	-134.395554697565	-101.080001831055
71.8112246251949	-131.409078534124	-101.089996337891
72.7263252975577	-131.387320850147	-101.110000610352
65.0857145797517	-132.534731057162	-95.8600006103516
65.5213701264634	-133.06114402024	-95.8899993896484
65.3056872973586	-132.83237571565	-95.8600006103516
59.4752985714671	-139.024328535643	-88.6699981689453
57.8267166273119	-140.798202973376	-88.6999969482422
58.7966958090623	-138.325875928591	-88.7200012207031
50.9296349127866	-143.046406848781	-80.2399978637695
52.4664983414214	-139.327657241551	-80.25
50.5213555264732	-143.099447974814	-80.25
44.1045773260684	-145.414388457197	-70.9599990844727
44.6691699896249	-140.742226132785	-70.9599990844727
45.2908017515574	-141.061032625882	-70.9899978637695
37.5912941118917	-143.973085877696	-61.1300010681152
37.6041929324562	-147.264416712395	-61.1599998474121
37.1019357024144	-147.170198935684	-61.1699981689453
32.9802823401593	-145.482600761474	-50.9599990844727
30.7733291048447	-145.262283983473	-50.9799995422363
30.4458617099858	-148.816943131098	-50.9700012207031
25.2679007776608	-147.93657338836	-40.5699996948242
25.5922749604644	-147.327573475836	-40.560001373291
25.2031315044555	-146.809455505788	-40.560001373291
16.1531445170937	-148.370898747651	-30.0100002288818
19.785194043847	-148.632234313612	-30.0400009155273
18.5800929322266	-147.447948522371	-30.0499992370605
9.34325745786724	-150.166887222672	-19.5100002288818
12.9272655810542	-148.258950054853	-19.5
12.7040631868735	-148.583918185926	-19.5200004577637
