id	iq	psi_d_raw	psi_d_fit	psi_q_raw	psi_q_fit
-1261.69064410566	-204.8	-0.0966158658788538	-0.0945665707757555	-0.082982719803243	-0.0785105027864914
-1261.69064410566	-179.2	-0.0965930167413223	-0.0950188398120138	-0.0723575086474153	-0.069015919209531
-1261.69064410566	-153.6	-0.0965703215104328	-0.0954187626693358	-0.0617329785160244	-0.0593158881021403
-1261.69064410566	-128	-0.0965477801001259	-0.0957399673070331	-0.0511090726658175	-0.0493772175956439
-1261.69064410566	-102.4	-0.0965253924259631	-0.0960025083721982	-0.0404857343425809	-0.0392631255809244
-1261.69064410566	-76.8	-0.0965031584051261	-0.0961944468926529	-0.0298629067801218	-0.0289860520637532
-1261.69064410566	-51.2	-0.0964810779564156	-0.0963316019681826	-0.0192405331992506	-0.0185977433008976
-1261.69064410566	-25.6	-0.096459151000251	-0.0964103593446924	-0.00861855680676107	-0.00812949249702001
-1261.69064410566	0	-0.0964373774586694	-0.096428178915863	0.00200307920558966	0.00237307931744725
-1261.69064410566	25.6	-0.0964157572553248	-0.096388332100823	0.0126244316621022	0.0128717623964496
-1261.69064410566	51.2	-0.0963942903154878	-0.0962864108223805	0.0232455574041569	0.0233161779679614
-1261.69064410566	76.8	-0.0963729765660446	-0.0961232874870968	0.033866513291237	0.0336712057516588
-1261.69064410566	102.4	-0.0963518159354965	-0.0959002524817198	0.0444873562019527	0.043913181005997
-1261.69064410566	128	-0.0963308083539599	-0.0956031242421448	0.0551081430350665	0.0539572418262693
-1261.69064410566	153.6	-0.0963099537531648	-0.0952411318745132	0.0657289307105191	0.0638179206218721
-1261.69064410566	179.2	-0.0962892520664554	-0.0947987086971845	0.0763497761704574	0.0734027255914761
-1261.69064410566	204.8	-0.0962687032287892	-0.0942959198241122	0.0869707363802626	0.0827848579710599
-1249.0737376646	-256	-0.0933345333846514	-0.0918581764614699	-0.103607573078685	-0.0969866547772535
-1249.0737376646	-230.4	-0.0941242097404545	-0.0925016999504542	-0.0938291448391548	-0.0881852579955057
-1249.0737376646	-204.8	-0.0951369223284587	-0.0930581242539795	-0.0836875182251825	-0.0789995470695563
-1249.0737376646	-179.2	-0.0952180915920266	-0.0935415887411977	-0.0727140556439279	-0.0695189350061843
-1249.0737376646	-153.6	-0.0952992767776255	-0.0939663859869881	-0.0617384405260614	-0.0598070421968228
-1249.0737376646	-128	-0.0953804778899408	-0.0943157535387288	-0.0507606722381637	-0.0498482519547105
-1249.0737376646	-102.4	-0.0954104201874943	-0.094591612046172	-0.0398463107314593	-0.0396767785786651
-1249.0737376646	-76.8	-0.0952935067855804	-0.0948030698816115	-0.0291193396092852	-0.0293402996161701
-1249.0737376646	-51.2	-0.0951766003770577	-0.0949484937308968	-0.0183930101407199	-0.0188745036780939
-1249.0737376646	-25.6	-0.0950597009612989	-0.0950326866171864	-0.00766732226819255	-0.00832802265258369
-1249.0737376646	0	-0.0949428085376765	-0.095056201489335	0.0030577240658608	0.00225553152774067
-1249.0737376646	25.6	-0.0948259231055632	-0.0950187550043624	0.0137821289189972	0.0128349507945003
-1249.0737376646	51.2	-0.0947433904035444	-0.0949187734206666	0.0244666573822785	0.0233672897502627
-1249.0737376646	76.8	-0.0947133255549404	-0.0947537839221074	0.0350923370890874	0.0338079538040627
-1249.0737376646	102.4	-0.0946832555004666	-0.0945175570827209	0.0457198566823006	0.0441015466753854
-1249.0737376646	128	-0.0946531802387706	-0.0942109234005257	0.0563492166398372	0.0542170385285299
-1249.0737376646	153.6	-0.0946230997684998	-0.0938255210613536	0.0669804174397815	0.0640960901245277
-1249.0737376646	179.2	-0.0945930140883009	-0.0933607032358645	0.0776134595603834	0.0737047801700799
-1249.0737376646	204.8	-0.0945629231968202	-0.0928315368480113	0.0882483434800587	0.0830764615807332
-1249.0737376646	230.4	-0.0940599334368993	-0.0922265173974085	0.0984082174611672	0.0921333509191778
-1249.0737376646	256	-0.0926163003269809	-0.0915366282017414	0.106779904566049	0.100777505370689
-1236.45683122354	-307.2	-0.0899987804831092	-0.0887883479552273	-0.119942765179707	-0.113986436301318
-1236.45683122354	-281.6	-0.0908418607607912	-0.0895851515266091	-0.111542800729546	-0.105970063606323
-1236.45683122354	-256	-0.0917702091158221	-0.0903084296067577	-0.103591627015091	-0.0975119216431579
-1236.45683122354	-230.4	-0.0922096938810677	-0.0909753153811569	-0.0945096119516775	-0.0887255306691396
-1236.45683122354	-204.8	-0.093524879339515	-0.0915668541185272	-0.0846856390813505	-0.0795750138333912
-1236.45683122354	-179.2	-0.0937522531058497	-0.0920756586217697	-0.0735255826736794	-0.0700847744112389
-1236.45683122354	-153.6	-0.0938333281059161	-0.0925005053168949	-0.0625454990024509	-0.0602947989100046
-1236.45683122354	-128	-0.0939144190176745	-0.0928730629172546	-0.0515632603918591	-0.0503062727125667
-1236.45683122354	-102.4	-0.0939955258458095	-0.0931840029249722	-0.0405788662074525	-0.0401125267590769
-1236.45683122354	-76.8	-0.0940766485950077	-0.0934035458190378	-0.0295923158145308	-0.029695854519007
-1236.45683122354	-51.2	-0.0941577872699573	-0.0935594192399643	-0.0186036085781442	-0.0191493896163415
-1236.45683122354	-25.6	-0.0942389418753487	-0.093657029106996	-0.00761274386309378	-0.00851828182354624
-1236.45683122354	0	-0.0943201124158738	-0.0936861252582425	0.00338027896606886	0.00215640069863241
-1236.45683122354	25.6	-0.0942675475806041	-0.0936517248970917	0.0141996443439298	0.0128266051479764
-1236.45683122354	51.2	-0.0941505687575387	-0.0935460250882375	0.0249341390642329	0.0234376043583284
-1236.45683122354	76.8	-0.0940335969377407	-0.0933774791647546	0.0356679911337093	0.0339600419092269
-1236.45683122354	102.4	-0.0939166321205813	-0.0931387942332001	0.0464012006100682	0.0443432019647454
-1236.45683122354	128	-0.0937996743054316	-0.0928011152327363	0.0571337675510124	0.054469427720634
-1236.45683122354	153.6	-0.093682723491663	-0.0923960078972968	0.0678656920142373	0.0643850454296101
-1236.45683122354	179.2	-0.0935657796786466	-0.0919322729758838	0.0785969740574318	0.0741004541091589
-1236.45683122354	204.8	-0.0934488428657541	-0.0913804908147212	0.0893276137382775	0.0834885937025995
-1236.45683122354	230.4	-0.0918678084509678	-0.0907442248577757	0.0992022198862244	0.0925124066142186
-1236.45683122354	256	-0.0912228704633506	-0.0900321739802459	0.107475792159162	0.101153591082262
-1236.45683122354	281.6	-0.0905263072614694	-0.0892615658180215	0.115346512448931	0.109457128313337
-1236.45683122354	307.2	-0.0888606258496707	-0.0884212385939333	0.122794134879542	0.117300480793912
-1223.83992478249	-358.4	-0.0857763555808398	-0.0853970341419932	-0.13454098432985	-0.129146129943464
-1223.83992478249	-332.8	-0.086758578508779	-0.0863165540190942	-0.127587838812762	-0.122013641751025
-1223.83992478249	-307.2	-0.0883405666335682	-0.0871865777505429	-0.120116910100938	-0.114448740195205
-1223.83992478249	-281.6	-0.0894179948270192	-0.0880232391626458	-0.112237586677015	-0.106568392601795
-1223.83992478249	-256	-0.0900386417056977	-0.0887726137106794	-0.10401507881231	-0.0981394787434223
-1223.83992478249	-230.4	-0.0908186274924489	-0.089442910803134	-0.0950292201148023	-0.0892868476467165
-1223.83992478249	-204.8	-0.0917481499834532	-0.0900807513791556	-0.0854940172890775	-0.0802057910657445
-1223.83992478249	-179.2	-0.092285199379015	-0.0906101223371261	-0.0743377824928622	-0.0706864570363616
-1223.83992478249	-153.6	-0.0923661639829029	-0.091065677830513	-0.0633532266293342	-0.0608818509541052
-1223.83992478249	-128	-0.0924471444834046	-0.0914538715918667	-0.0523665140549289	-0.0508325403266205
-1223.83992478249	-102.4	-0.0925281408852023	-0.0917613989932578	-0.0413776441344103	-0.0405357288592039
-1223.83992478249	-76.8	-0.0926091531929799	-0.0919955276318016	-0.0303866162322927	-0.0300449013008719
-1223.83992478249	-51.2	-0.0926901814114233	-0.0921610865028346	-0.0193934297128406	-0.0194130970851488
-1223.83992478249	-25.6	-0.0927712255452202	-0.092261576168217	-0.00839808394006901	-0.00869257890792655
-1223.83992478249	0	-0.0928522855990602	-0.0922962926102511	0.00259942172225695	0.00206943021695761
-1223.83992478249	25.6	-0.0929333615776346	-0.0922644569000116	0.0135990879106223	0.0128263795561428
-1223.83992478249	51.2	-0.0930144534856366	-0.0921638062610079	0.0246009152617619	0.023532077506471
-1223.83992478249	76.8	-0.0930955613277614	-0.0919922906060478	0.0356049044126611	0.0341399668999841
-1223.83992478249	102.4	-0.0931766851087058	-0.0917443871314726	0.0466110560005556	0.0445967798935545
-1223.83992478249	128	-0.0932397766682438	-0.0914142423281986	0.0575951238563378	0.0548464357087885
-1223.83992478249	153.6	-0.093122725357046	-0.0909953129797092	0.0683377959547928	0.064830413257175
-1223.83992478249	179.2	-0.0930056810596423	-0.0905035011338099	0.079079824345043	0.0745573376180536
-1223.83992478249	204.8	-0.0922837887193076	-0.0899332412673084	0.0896521828798441	0.0839814234743051
-1223.83992478249	230.4	-0.0903346088984938	-0.0892538477187436	0.0995392374424003	0.0929324942888354
-1223.83992478249	256	-0.0897838114820917	-0.0885379071881933	0.108039007775261	0.1016567108373
-1223.83992478249	281.6	-0.0886862675048452	-0.0877434880810733	0.11570221461365	0.109935488428776
-1223.83992478249	307.2	-0.0870590382034636	-0.0868684936810808	0.122988979009029	0.117645121841331
-1223.83992478249	332.8	-0.0863519374364441	-0.0859600596133068	0.130088826542546	0.125035595769537
-1223.83992478249	358.4	-0.085522093924479	-0.0850084109721434	0.137347263580583	0.131985724284626
-1211.22301834143	-409.6	-0.081427721307491	-0.081802638365377	-0.147023311815919	-0.14257763007657
-1211.22301834143	-384	-0.0830346212037156	-0.0827997044211081	-0.14073062479609	-0.136287211490372
-1211.22301834143	-358.4	-0.0842246947894722	-0.0837754362910719	-0.134614092417979	-0.12967370246295
-1211.22301834143	-332.8	-0.085469811609981	-0.0847141822662933	-0.128242663630494	-0.122608504901373
-1211.22301834143	-307.2	-0.0867557437507009	-0.0856027975861264	-0.120723526422769	-0.115073553334644
-1211.22301834143	-281.6	-0.0877215342047432	-0.0864565695290699	-0.113258508007005	-0.107199638166096
-1211.22301834143	-256	-0.0883029070874927	-0.0872366866563613	-0.10472385219907	-0.098819172095792
-1211.22301834143	-230.4	-0.089336218255121	-0.0879371630820152	-0.0956353188419964	-0.0899865043222844
-1211.22301834143	-204.8	-0.0903899724889093	-0.0885802847188183	-0.085598250772289	-0.080832493573013
-1211.22301834143	-179.2	-0.0908154855864371	-0.0891229917652125	-0.0751065171375136	-0.0712609224491321
-1211.22301834143	-153.6	-0.0908962758385791	-0.0896242958521365	-0.0641169933544968	-0.0614820624809786
-1211.22301834143	-128	-0.090977081317419	-0.0900109784648888	-0.0531253983542854	-0.0513266732583958
-1211.22301834143	-102.4	-0.091057902027262	-0.0903526386016744	-0.0421317315512745	-0.0409981803031784
-1211.22301834143	-76.8	-0.0911387379724148	-0.0906005512682937	-0.0311359923596387	-0.030421020325475
-1211.22301834143	-51.2	-0.0912195891571858	-0.0907785689366036	-0.0201381801933313	-0.0196932610258153
-1211.22301834143	-25.6	-0.091300455585885	-0.090889378480528	-0.00913829446608512	-0.0088671383646809
-1211.22301834143	0	-0.091381337262824	-0.0909303507842371	0.00186366540858845	0.00200713637169723
-1211.22301834143	25.6	-0.0914622341923159	-0.0909034854392956	0.0128677000173991	0.012876559281559
-1211.22301834143	51.2	-0.0915431463786757	-0.0908014919148626	0.0238738099472779	0.0236885161475244
-1211.22301834143	76.8	-0.0916240738262199	-0.090624041243689	0.0348819957853772	0.0343931872298034
-1211.22301834143	102.4	-0.0917050165392666	-0.0903665444128934	0.0458922581190709	0.0449376550721379
-1211.22301834143	128	-0.0917859745221355	-0.0900015887484209	0.0569045975359546	0.055215153390345
-1211.22301834143	153.6	-0.0918669477791481	-0.0895882080567748	0.0679190146238457	0.0653150169305924
-1211.22301834143	179.2	-0.0919458142066047	-0.0890507012274509	0.0790901880854378	0.0750090793229235
-1211.22301834143	204.8	-0.0909817728940609	-0.0884699502604728	0.0899883708838232	0.0844909229924532
-1211.22301834143	230.4	-0.0889298327743233	-0.0877854439785455	0.0997456628006533	0.0935278907307331
-1211.22301834143	256	-0.088321220247048	-0.0870415794381691	0.108526300234652	0.102231343540508
-1211.22301834143	281.6	-0.0874374742673563	-0.086218770016953	0.115871662834281	0.110462526861587
-1211.22301834143	307.2	-0.0854140364094568	-0.0853264242454632	0.123950707834093	0.118171663165818
-1211.22301834143	332.8	-0.0846263351961598	-0.084400449809597	0.130292142634224	0.125536338348708
-1211.22301834143	358.4	-0.0840162079305197	-0.0834312971861066	0.137873736832911	0.132424342643938
-1211.22301834143	384	-0.0825173226793923	-0.0824338281939986	0.143414265455288	0.138860935666193
-1211.22301834143	409.6	-0.0816513605299515	-0.0814217409310238	0.149540187199831	0.144973700916866
-1198.60611190037	-435.2	-0.0784758266070296	-0.0791340979037274	-0.152958282800193	-0.148828223973741
-1198.60611190037	-409.6	-0.0801979272302943	-0.0801549086855625	-0.147367736528381	-0.142993554213304
-1198.60611190037	-384	-0.08142536668915	-0.0811654931284021	-0.141862677580323	-0.136861914618913
-1198.60611190037	-358.4	-0.0825868130841767	-0.0821475253877716	-0.135319985502275	-0.130213158740659
-1198.60611190037	-332.8	-0.0837871110660639	-0.0831069053864165	-0.128879244093338	-0.123241308112391
-1198.60611190037	-307.2	-0.0851916300355803	-0.0840241121014622	-0.121505475246293	-0.115800590882531
-1198.60611190037	-281.6	-0.0860261840788589	-0.0848864583818518	-0.114278761045943	-0.107876141809229
-1198.60611190037	-256	-0.0865998239985574	-0.0856808463516226	-0.1053657513779	-0.0994710920746163
-1198.60611190037	-230.4	-0.0877493281214456	-0.0864276337656754	-0.0961652809192832	-0.0907232327301891
-1198.60611190037	-204.8	-0.089069082998814	-0.0870796923606265	-0.0850887810296835	-0.081498837315855
-1198.60611190037	-179.2	-0.0893412960799132	-0.0876704419415946	-0.0757535846684889	-0.0719684112091698
-1198.60611190037	-153.6	-0.0894219492207546	-0.0881693935484216	-0.0647638769574028	-0.0620747071058912
-1198.60611190037	-128	-0.089502617562791	-0.0885788136615508	-0.0537720979482946	-0.0518651100690437
-1198.60611190037	-102.4	-0.0895833011103205	-0.08890735904624	-0.0427782470555238	-0.0413981678583047
-1198.60611190037	-76.8	-0.0896639998676428	-0.0891591933640624	-0.0317823236932287	-0.0307233668176996
-1198.60611190037	-51.2	-0.0897447138390591	-0.089354982264	-0.0207843272753271	-0.0199224940170252
-1198.60611190037	-25.6	-0.0898254430288721	-0.0894696139103777	-0.0097842572155156	-0.00900158522570495
-1198.60611190037	0	-0.0899061874413866	-0.0895238511299234	0.00121788707273034	0.00196172788041775
-1198.60611190037	25.6	-0.0899869470809083	-0.0894908002833325	0.0122221061761564	0.012923291154008
-1198.60611190037	51.2	-0.0900677219517454	-0.0893924531981709	0.0232284006817296	0.0238283765952264
-1198.60611190037	76.8	-0.0901485120582068	-0.0892006357364443	0.0342367711766385	0.0346066517877866
-1198.60611190037	102.4	-0.0902293174046039	-0.088945769471136	0.0452472182482929	0.0452473785540835
-1198.60611190037	128	-0.0903083679030427	-0.0886015553536583	0.0563891349985683	0.0556702536347976
-1198.60611190037	153.6	-0.090379284732525	-0.0881658637015342	0.0681285167474405	0.065821610403968
-1198.60611190037	179.2	-0.0904502128591702	-0.0876328650122524	0.0798697685983534	0.0756386282895226
-1198.60611190037	204.8	-0.0894920654065528	-0.0870037707297464	0.0905623305396417	0.0850707291012727
-1198.60611190037	230.4	-0.0875723986323139	-0.0863115709979547	0.0999794470066096	0.094182357814158
-1198.60611190037	256	-0.0866859051968583	-0.0855234154483208	0.109059960056361	0.102793833266273
-1198.60611190037	281.6	-0.0861433009040096	-0.0846871769319647	0.116062750430384	0.111052382818726
-1198.60611190037	307.2	-0.0837697202980114	-0.0837852899940342	0.125002699554465	0.118815823503582
-1198.60611190037	332.8	-0.0830779565522296	-0.0828331883598679	0.13095444298336	0.126086773898246
-1198.60611190037	358.4	-0.0824535629161348	-0.0818455557803708	0.138274350701509	0.132885786478058
-1198.60611190037	384	-0.080962286271037	-0.080840332211817	0.143485816286611	0.139359694400992
-1198.60611190037	409.6	-0.0795251098846275	-0.0798177571458396	0.149997492689181	0.145324735778159
-1198.60611190037	435.2	-0.0784283976743401	-0.0787920137501838	0.154586780487815	0.150995454514103
-1185.98920545932	-460.8	-0.0758785395625164	-0.0764485918697246	-0.158046349973986	-0.154665586898732
-1185.98920545932	-435.2	-0.0769359966464045	-0.0774754116595108	-0.153410876936444	-0.149354775575308
-1185.98920545932	-409.6	-0.0787636276065732	-0.078505266794263	-0.147971010951511	-0.143578240035417
-1185.98920545932	-384	-0.0797752139327686	-0.0795225963025256	-0.142593600613585	-0.137420295831685
-1185.98920545932	-358.4	-0.0809250299519705	-0.0805261661448846	-0.136078573975318	-0.130932770512103
-1185.98920545932	-332.8	-0.0821594652712074	-0.0814955838165699	-0.129373496085045	-0.123935653929608
-1185.98920545932	-307.2	-0.0835382625285523	-0.082431527569578	-0.122349936930984	-0.116524481068529
-1185.98920545932	-281.6	-0.0843727611694477	-0.0833114235790899	-0.11476095635644	-0.108597289856796
-1185.98920545932	-256	-0.0850842835565663	-0.0841545957162636	-0.105844829674551	-0.100311457334718
-1185.98920545932	-230.4	-0.0862019064518147	-0.0849056096588875	-0.096296075063923	-0.0914669921461811
-1185.98920545932	-204.8	-0.0876728677333036	-0.0855732062804748	-0.0847903650310605	-0.0821885701021374
-1185.98920545932	-179.2	-0.0878670408737068	-0.0861745922379759	-0.0764006810370942	-0.0725846322503702
-1185.98920545932	-153.6	-0.0879475568909453	-0.086697810355935	-0.0654107893924582	-0.0626494600995911
-1185.98920545932	-128	-0.0880280880838727	-0.0871405213514624	-0.0544188263689682	-0.0524100595770552
-1185.98920545932	-102.4	-0.0881086344567797	-0.0874901215250112	-0.0434247913809477	-0.0418732850739978
-1185.98920545932	-76.8	-0.0881891960139589	-0.0877504352612849	-0.0324286838424992	-0.0310960908612446
-1185.98920545932	-51.2	-0.0882697727597045	-0.0879422535377743	-0.0214305031675043	-0.0201698458576278
-1185.98920545932	-25.6	-0.088350364698312	-0.0880656327847922	-0.0104302487696239	-0.00914373501371672
-1185.98920545932	0	-0.088430971834079	-0.088117423048514	0.000572079937702717	0.00193202796670814
-1185.98920545932	25.6	-0.0885115941713043	-0.0880974420100102	0.0115764835412571	0.0130029949938077
-1185.98920545932	51.2	-0.0885922317142886	-0.0879997388752833	0.0225829626280424	0.0240169371166493
-1185.98920545932	76.8	-0.088671464592043	-0.0878224864215079	0.03369560979396	0.0349224242474643
-1185.98920545932	102.4	-0.0887422393136072	-0.0875631845504404	0.0454312378297234	0.0456693341711161
-1185.98920545932	128	-0.0888130253078265	-0.0871960344255496	0.0571687350595333	0.0561638847027543
-1185.98920545932	153.6	-0.0888838225773945	-0.0867236930478298	0.0689081019299997	0.0663421033593277
-1185.98920545932	179.2	-0.0889546311250053	-0.0861668402168098	0.0806493388878744	0.0761968878709626
-1185.98920545932	204.8	-0.0878500385267099	-0.0855292111264815	0.0911501061263926	0.085701695088014
-1185.98920545932	230.4	-0.0863073911586413	-0.084822864791114	0.100282152743818	0.0948648784909827
-1185.98920545932	256	-0.0850935631220798	-0.0840303867529058	0.109452325900373	0.103574155057902
-1185.98920545932	281.6	-0.0843571476509558	-0.0831470948020822	0.116956043832686	0.111703816831627
-1185.98920545932	307.2	-0.0823310195831685	-0.0822280514616926	0.12560822550649	0.119468419532393
-1185.98920545932	332.8	-0.0815594887962716	-0.0812578490721738	0.131987818666114	0.126709191098831
-1185.98920545932	358.4	-0.0807180584076687	-0.0802591956964693	0.138499193778802	0.133533571619645
-1185.98920545932	384	-0.079422251924679	-0.0792361020852103	0.144259702925778	0.139851458945869
-1185.98920545932	409.6	-0.0776115419241713	-0.0782060253541766	0.150338883640207	0.145842482626839
-1185.98920545932	435.2	-0.0765934213461145	-0.0771727732235933	0.154798635542169	0.151458377685824
-1185.98920545932	460.8	-0.0758793303981626	-0.0761516297513073	0.160318217434449	0.156626764132626
-1173.37229901826	-486.4	-0.0735896935360141	-0.0737632741076504	-0.162882288057032	-0.160053362475253
-1173.37229901826	-460.8	-0.0743341399315796	-0.0747803410670156	-0.158343741912719	-0.155154168658966
-1173.37229901826	-435.2	-0.0754926344311855	-0.0758144488488506	-0.153679028680863	-0.14982298815459
-1173.37229901826	-409.6	-0.0770756110467493	-0.0768479141239426	-0.148568348311269	-0.144192604167902
-1173.37229901826	-384	-0.0781255574251781	-0.0778777074647443	-0.143293828236471	-0.138141401349908
-1173.37229901826	-358.4	-0.0791553454016108	-0.0788850971471906	-0.136849862070855	-0.131567555862327
-1173.37229901826	-332.8	-0.0805631489738686	-0.0798745171755258	-0.129957507211197	-0.1246627690674
-1173.37229901826	-307.2	-0.0818496166774773	-0.0808403078058508	-0.122975996616363	-0.117355696096762
-1173.37229901826	-281.6	-0.0827261448464089	-0.0817398060135354	-0.115202393444094	-0.109416829201885
-1173.37229901826	-256	-0.0835716211389305	-0.0825758675446793	-0.1063220704841	-0.100987497688244
-1173.37229901826	-230.4	-0.08463161788419	-0.0833657242146164	-0.0966380169629588	-0.0921982921851338
-1173.37229901826	-204.8	-0.0860727532507432	-0.0840754862592237	-0.0851079882940116	-0.0829548548216886
-1173.37229901826	-179.2	-0.0863401121261606	-0.084695111245526	-0.0768201750153528	-0.0732873307586145
-1173.37229901826	-153.6	-0.0864730988447581	-0.0852182776222992	-0.0660577306615908	-0.063230597060092
-1173.37229901826	-128	-0.0865534928762696	-0.0856598848138954	-0.0550655836182338	-0.0528710247655519
-1173.37229901826	-102.4	-0.0866339020622438	-0.0860198957907171	-0.0440713645294736	-0.0422456360011484
-1173.37229901826	-76.8	-0.0867143264069662	-0.0862938237171697	-0.0330750728093771	-0.0313865685271876
-1173.37229901826	-51.2	-0.0867947659147238	-0.0864979669794156	-0.0220767078717898	-0.0203740124047185
-1173.37229901826	-25.6	-0.0868752205898052	-0.0866269995445195	-0.0110762691303366	-0.00924944245685737
-1173.37229901826	0	-0.0869556904365006	-0.0866832792912672	-7.37559984208971e-05	0.00192408758478465
-1173.37229901826	25.6	-0.0870351040035582	-0.0866652841157434	0.0110096087277589	0.0130929650912828
-1173.37229901826	51.2	-0.087105736707535	-0.0865689684163391	0.02274148489413	0.0242049567471311
-1173.37229901826	76.8	-0.0871763806596818	-0.0863831984560011	0.0344752293471479	0.035198863796145
-1173.37229901826	102.4	-0.0872470358626858	-0.0861126931491013	0.0462108425331318	0.0460259537334845
-1173.37229901826	128	-0.0873177023192348	-0.0857382402553235	0.0579483248985428	0.0566052915904607
-1173.37229901826	153.6	-0.0873883800320178	-0.0852721432455651	0.0696876768899842	0.0669003112622232
-1173.37229901826	179.2	-0.0871755106069529	-0.0847184193231711	0.0811428919924728	0.0768741898557545
-1173.37229901826	204.8	-0.0860985916131067	-0.0840625072945913	0.091732273867184	0.0864377310340272
-1173.37229901826	230.4	-0.0847939693212271	-0.0833134177796271	0.100637191772134	0.0955551724662585
-1173.37229901826	256	-0.0835288341745742	-0.0824832010808649	0.109781476528832	0.104198407679013
-1173.37229901826	281.6	-0.0825593568743851	-0.0816062078725591	0.117898615825303	0.11247100672814
-1173.37229901826	307.2	-0.0808141719846108	-0.0806671981266691	0.125855915033369	0.120241160714146
-1173.37229901826	332.8	-0.0796960270426562	-0.079669474432957	0.132376156385552	0.127372764301813
-1173.37229901826	358.4	-0.0789133791519914	-0.078653009889029	0.138842604684854	0.134104376628227
-1173.37229901826	384	-0.0778783517323596	-0.0776235951319939	0.145035532201191	0.140506107137104
-1173.37229901826	409.6	-0.0763240257650502	-0.0765835901800132	0.1507789427378	0.146394068389056
-1173.37229901826	435.2	-0.0750629802131799	-0.0755488837343727	0.155217079378216	0.151872843273114
-1173.37229901826	460.8	-0.0742659049707831	-0.0745216684993369	0.15997237192256	0.157059008753628
-1173.37229901826	486.4	-0.0734177027283939	-0.073518542733525	0.164021555492692	0.161832925213237
-1160.7553925772	-537.6	-0.069773152389736	-0.0701231027116623	-0.170864885011762	-0.169212346859127
-1160.7553925772	-512	-0.0707419539603732	-0.0710896710769697	-0.167331881201573	-0.165024006286517
-1160.7553925772	-486.4	-0.071774199669748	-0.0720888787850798	-0.16319303589316	-0.160506924541994
-1160.7553925772	-460.8	-0.0725394286528879	-0.0731115052986454	-0.159298736347309	-0.155615907977316
-1160.7553925772	-435.2	-0.0739154711616132	-0.0741403034200824	-0.154189383197443	-0.150446657268024
-1160.7553925772	-409.6	-0.0753892570806395	-0.0751802805738354	-0.149165097330033	-0.144827332900568
-1160.7553925772	-384	-0.0763261218183153	-0.0762180831962321	-0.143875439588724	-0.138829598757018
-1160.7553925772	-358.4	-0.0770244145100669	-0.0772474297506844	-0.137666577492474	-0.132433804674413
-1160.7553925772	-332.8	-0.0788206728173435	-0.0782491834303159	-0.130628182176072	-0.125494749909479
-1160.7553925772	-307.2	-0.0801531592603096	-0.0792171244508444	-0.12358004850153	-0.118080338215173
-1160.7553925772	-281.6	-0.0809607098851383	-0.0801533518187213	-0.115625812478476	-0.110248251444638
-1160.7553925772	-256	-0.0821795088487497	-0.0810276767048246	-0.107144235329936	-0.101875410093245
-1160.7553925772	-230.4	-0.0829571523450688	-0.0818119048167213	-0.0979079170137335	-0.0929341329316138
-1160.7553925772	-204.8	-0.0842132025790404	-0.0825356854162439	-0.0864489429977542	-0.0836264210999308
-1160.7553925772	-179.2	-0.0847667976599414	-0.0831778797584349	-0.0770386664455118	-0.0739140302010595
-1160.7553925772	-153.6	-0.0849985750777991	-0.0837179613330044	-0.0667047007667283	-0.0637851224687115
-1160.7553925772	-128	-0.0850788319355865	-0.0841882240468011	-0.0557123696980188	-0.0533788249082836
-1160.7553925772	-102.4	-0.0851591039223165	-0.0845544887608397	-0.044717966503029	-0.0426483592932874
-1160.7553925772	-76.8	-0.0852393910422671	-0.0848362231594006	-0.0337214905957897	-0.0316904019124902
-1160.7553925772	-51.2	-0.0853196932997183	-0.0850436922430058	-0.0227229413901107	-0.0205714465244708
-1160.7553925772	-25.6	-0.0853992858677199	-0.0851892531246145	-0.0116688719414067	-0.00936083984071643
-1160.7553925772	0	-0.0854697766443738	-0.0852504675531627	5.92541980737515e-05	0.00192033801159883
-1160.7553925772	25.6	-0.0855402786447349	-0.08523645851579	0.0117892477173956	0.0131986418123885
-1160.7553925772	51.2	-0.0856107918714842	-0.0851280945772576	0.0235211090625874	0.0244123124963359
-1160.7553925772	76.8	-0.0856813163273034	-0.0849463252425351	0.0352548386798196	0.0355120990824431
-1160.7553925772	102.4	-0.0857518520148748	-0.0846718944344328	0.0469904370154047	0.0464387580326362
-1160.7553925772	128	-0.0858223989368819	-0.0842942512773084	0.0587279045157976	0.0571212512363437
-1160.7553925772	153.6	-0.085892957096009	-0.0837964394043221	0.0704672416275953	0.0674591382971342
-1160.7553925772	179.2	-0.085287023635645	-0.0832269640760087	0.0815274413109791	0.0774977975454862
-1160.7553925772	204.8	-0.0842594161063192	-0.0825491636609304	0.0921208312907738	0.087096956540865
-1160.7553925772	230.4	-0.0828629440182166	-0.081787299399853	0.101093433939644	0.0962699255711095
-1160.7553925772	256	-0.0817957602339674	-0.0809623739929272	0.110506757023851	0.105060179130091
-1160.7553925772	281.6	-0.0808313201304373	-0.0800474128027904	0.118628729606681	0.113262144285344
-1160.7553925772	307.2	-0.079297910996522	-0.0790742075467241	0.126043660572368	0.12091375731864
-1160.7553925772	332.8	-0.0776698852512335	-0.0780718290998496	0.132720354979397	0.128147346459734
-1160.7553925772	358.4	-0.0769373782520016	-0.077041833237232	0.139470742206825	0.134907214813843
-1160.7553925772	384	-0.0762082094346697	-0.0759955886516877	0.145898969479434	0.141131843214756
-1160.7553925772	409.6	-0.0750364456783896	-0.0749491447484037	0.151219023685135	0.14696744422965
-1160.7553925772	435.2	-0.0736688599664235	-0.073909097565024	0.155750780111299	0.152434662902091
-1160.7553925772	460.8	-0.0727532356595152	-0.0728891495444809	0.160467660934117	0.157469323946741
-1160.7553925772	486.4	-0.0715185112943853	-0.0718827885116779	0.164393041874364	0.162234414799278
-1160.7553925772	512	-0.0703552490277682	-0.0709045605621148	0.168904167269051	0.166644136556913
-1160.7553925772	537.6	-0.0698262873180862	-0.0699592088106372	0.172807587585875	0.170743530661581
-1148.13848613615	-563.2	-0.0670575189079151	-0.0675400681376676	-0.174487339440325	-0.173372516694089
-1148.13848613615	-537.6	-0.0681901096235126	-0.0684655951597402	-0.170927404026588	-0.169526767723012
-1148.13848613615	-512	-0.0692197718229526	-0.0694272207340601	-0.16745018553729	-0.165392937543378
-1148.13848613615	-486.4	-0.0700449906321152	-0.0704113127697534	-0.163914839030672	-0.160978940952509
-1148.13848613615	-460.8	-0.0707488187755359	-0.0714293317373023	-0.160215810516749	-0.156161718001124
-1148.13848613615	-435.2	-0.0723072716439889	-0.0724606493554974	-0.15478299516389	-0.150992129578805
-1148.13848613615	-409.6	-0.0733071827964753	-0.0735005601100705	-0.149941321825019	-0.145500230476656
-1148.13848613615	-384	-0.0744158553374223	-0.0745453645614327	-0.144365677286631	-0.139554770480061
-1148.13848613615	-358.4	-0.0749606218754888	-0.0755785751466134	-0.13837054342025	-0.133089784368497
-1148.13848613615	-332.8	-0.0771119249121101	-0.0766060982525223	-0.13126405404099	-0.126333360902205
-1148.13848613615	-307.2	-0.0784201317601298	-0.0775980858848657	-0.124256068495293	-0.118965285124475
-1148.13848613615	-281.6	-0.0790690681362466	-0.0785311178434642	-0.116030583602514	-0.110975429682862
-1148.13848613615	-256	-0.08075627714542	-0.0794283025407654	-0.107948640610888	-0.102606025326651
-1148.13848613615	-230.4	-0.0815225095806942	-0.0802442133649373	-0.0986598468509235	-0.0936798309085109
-1148.13848613615	-204.8	-0.0824113316611049	-0.0810000615230609	-0.0876440663887586	-0.0843667483618891
-1148.13848613615	-179.2	-0.0831935906823355	-0.08164807971913	-0.0772571429483683	-0.0745447099655232
-1148.13848613615	-153.6	-0.0835239855856741	-0.0822222435253498	-0.0673516997097987	-0.0643874027913533
-1148.13848613615	-128	-0.0836041052574283	-0.0826854622258196	-0.0563591846102511	-0.0538368599636935
-1148.13848613615	-102.4	-0.0836842400326011	-0.0830550016750959	-0.0453645973035414	-0.0429967806794538
-1148.13848613615	-76.8	-0.0837640099148388	-0.0833656275056444	-0.0343398359524282	-0.031986289113608
-1148.13848613615	-51.2	-0.0838343588543677	-0.0835804155259714	-0.0226154579985505	-0.0207670571904913
-1148.13848613615	-25.6	-0.0839047189931636	-0.0837200818837321	-0.010889213571043	-0.00943840900788007
-1148.13848613615	0	-0.0839750903339012	-0.0837847360900463	0.000838897775832363	0.00194067155756956
-1148.13848613615	25.6	-0.0840454728792559	-0.0837719830079309	0.0125688764879556	0.013317131038378
-1148.13848613615	51.2	-0.0841158666319038	-0.0836785097156837	0.0243007230113488	0.0246368811532592
-1148.13848613615	76.8	-0.0841862715945221	-0.0834951163948547	0.0360344377921759	0.0358409946147623
-1148.13848613615	102.4	-0.0842566877697886	-0.0831879245324851	0.0477700212767432	0.0468291464566949
-1148.13848613615	128	-0.0843271151603822	-0.0828126069823538	0.059507473911499	0.0576145901843303
-1148.13848613615	153.6	-0.0843975537689826	-0.0823281629920701	0.0712467961430338	0.068090509214684
-1148.13848613615	179.2	-0.0834966355101901	-0.0817214896660922	0.0820671440074774	0.078149035842667
-1148.13848613615	204.8	-0.082467828778793	-0.0810391077944048	0.0925550069869273	0.0878488701474902
-1148.13848613615	230.4	-0.0810013098096992	-0.0802447431215301	0.101739338440485	0.0970125276404752
-1148.13848613615	256	-0.0800415130980148	-0.0793887617514073	0.111285229043615	0.105771286013793
-1148.13848613615	281.6	-0.0792443380843813	-0.0784524485618428	0.118901337370662	0.113955375015172
-1148.13848613615	307.2	-0.0773956905136798	-0.0774791515151136	0.126690268807585	0.121755397404284
-1148.13848613615	332.8	-0.0757594960427219	-0.0764544042143017	0.133223896883108	0.128931443834702
-1148.13848613615	358.4	-0.0750436371685637	-0.075405343534759	0.140199590966321	0.135504957864849
-1148.13848613615	384	-0.0744605792932535	-0.0743533986201647	0.146816339688133	0.141793711417299
-1148.13848613615	409.6	-0.0735502383813509	-0.073302179824815	0.151987195628404	0.147577168516966
-1148.13848613615	435.2	-0.0720930815773427	-0.0722653394631599	0.156346993882559	0.152923300246072
-1148.13848613615	460.8	-0.0710632544134525	-0.0712439470826512	0.161017533335574	0.157958046617832
-1148.13848613615	486.4	-0.0697112816024068	-0.0702433517504588	0.165245664064984	0.162654676901882
-1148.13848613615	512	-0.0688257909882602	-0.0692788540808301	0.169183419138284	0.166969324564171
-1148.13848613615	537.6	-0.068121875413939	-0.0683391583616175	0.173038780137795	0.171017438279816
-1148.13848613615	563.2	-0.0668494340729572	-0.0674336876681217	0.176172833396358	0.174794154102402
-1135.52157969509	-588.8	-0.0643717555995544	-0.0650076421788259	-0.178104861655169	-0.177203853598719
-1135.52157969509	-563.2	-0.0652849838945717	-0.0658908828874505	-0.175446572184711	-0.17366313968527
-1135.52157969509	-537.6	-0.0664202730962535	-0.0668103735606785	-0.171971132329716	-0.169868582448397
-1135.52157969509	-512	-0.0674855101622239	-0.0677536662252907	-0.168387078671179	-0.165822051824164
-1135.52157969509	-486.4	-0.0683151105075978	-0.0687318162836696	-0.164638162770636	-0.16145462487266
-1135.52157969509	-460.8	-0.0690426783844412	-0.0697398458971795	-0.160865913137957	-0.156721731569144
-1135.52157969509	-435.2	-0.0705657188749661	-0.0707645525476092	-0.155622067774785	-0.15167626853925
-1135.52157969509	-409.6	-0.0711322182750717	-0.0718080568926246	-0.150759992419628	-0.146182629424144
-1135.52157969509	-384	-0.0725685987500784	-0.0728561499663581	-0.144808650380758	-0.140213762366072
-1135.52157969509	-358.4	-0.0735046473375657	-0.0739037756807564	-0.138901717067488	-0.133928101037439
-1135.52157969509	-332.8	-0.075591749932948	-0.0749323858656721	-0.131796047160756	-0.127038994179969
-1135.52157969509	-307.2	-0.0766858321335279	-0.0759383494491136	-0.124936154458573	-0.119683355230342
-1135.52157969509	-281.6	-0.0771817980783577	-0.0768996317156076	-0.116440524459183	-0.111757116751911
-1135.52157969509	-256	-0.0790769200348238	-0.0778205780552046	-0.108613550740233	-0.103385444451437
-1135.52157969509	-230.4	-0.0799202025083978	-0.0786646107126647	-0.0992503254970225	-0.0944518634371344
-1135.52157969509	-204.8	-0.0807381877792123	-0.0794231337000986	-0.0885056604015709	-0.0850186124859893
-1135.52157969509	-179.2	-0.0813796592470793	-0.0801103931008727	-0.0781954481820814	-0.0751983399848411
-1135.52157969509	-153.6	-0.0820493303639887	-0.0806804682372063	-0.0679987274927303	-0.0648996380814355
-1135.52157969509	-128	-0.0821292758754042	-0.0811571271373712	-0.0570032870417194	-0.0542632055979165
-1135.52157969509	-102.4	-0.0821994830679398	-0.0815458728297313	-0.045282655433369	-0.0433500244598984
-1135.52157969509	-76.8	-0.0822697014353247	-0.0818463343378673	-0.0335601582570074	-0.0322035375017335
-1135.52157969509	-51.2	-0.0823399309802272	-0.0820693621216996	-0.0218357950671864	-0.0208938737922669
-1135.52157969509	-25.6	-0.0824101717053165	-0.0822152782656347	-0.0101095654183163	-0.00947718931463955
-1135.52157969509	0	-0.0824804236132625	-0.0822820378543448	0.00161853113533451	0.00199039860614543
-1135.52157969509	25.6	-0.0825506867067358	-0.0822674821226634	0.0133484950396397	0.01345389744262
-1135.52157969509	51.2	-0.0826209609884084	-0.0821683208813329	0.025080326740615	0.0248572394475187
-1135.52157969509	76.8	-0.0826912464609526	-0.0819793745653238	0.0368140266844178	0.0361425180750289
-1135.52157969509	102.4	-0.0827615431270418	-0.0816943802536726	0.0485495953173481	0.0472494875152763
-1135.52157969509	128	-0.0828318509893502	-0.0813005724437174	0.0602870330858478	0.0581034145224014
-1135.52157969509	153.6	-0.0829021700505529	-0.0808051138326212	0.072026340436501	0.068656290018624
-1135.52157969509	179.2	-0.0817436826973177	-0.0802068602202032	0.0826371567858002	0.0788464697028091
-1135.52157969509	204.8	-0.0807876762561462	-0.0794837322769184	0.0930830928174682	0.0885277542667103
-1135.52157969509	230.4	-0.0792324112056564	-0.0786874295483498	0.102298691527083	0.0977978926923964
-1135.52157969509	256	-0.0784034531704774	-0.0778039915201485	0.111802118918405	0.106544393003824
-1135.52157969509	281.6	-0.0776327998058143	-0.0768457575485456	0.119221576568129	0.114711968147216
-1135.52157969509	307.2	-0.0754271197392407	-0.0758477504919382	0.127413540981486	0.122431332363945
-1135.52157969509	332.8	-0.0740837559385681	-0.0748114632218259	0.13385595349494	0.129584191450664
-1135.52157969509	358.4	-0.0734479202083273	-0.0737580127818048	0.140952196393507	0.136280192682153
-1135.52157969509	384	-0.0727275231365481	-0.0726993582490253	0.147692875444842	0.142390603612193
-1135.52157969509	409.6	-0.0720388972205199	-0.0716449285820322	0.152794146129599	0.148194339600342
-1135.52157969509	435.2	-0.070083267204928	-0.0706059529888882	0.157079971044535	0.153541247028918
-1135.52157969509	460.8	-0.0692887072796177	-0.0695936084653364	0.16153801486025	0.158459759063144
-1135.52157969509	486.4	-0.0679420065727419	-0.06860298964547	0.166087003069503	0.163078871494097
-1135.52157969509	512	-0.0670828771161844	-0.0676445405235608	0.169758997320376	0.167350675268481
-1135.52157969509	537.6	-0.0664161769457065	-0.0667202028092545	0.173365112030909	0.171318477702307
-1135.52157969509	563.2	-0.0653301291766591	-0.0658209631399448	0.17661538106397	0.175046972814589
-1135.52157969509	588.8	-0.0645427549496733	-0.064955690534434	0.179411468908138	0.178536211701603
-1122.90467325403	-614.4	-0.0616608378001195	-0.0625340049809656	-0.181747341342438	-0.180737376334724
-1122.90467325403	-588.8	-0.0630721465946382	-0.0633717657146676	-0.177917087155278	-0.177471311306136
-1122.90467325403	-563.2	-0.0637189881454022	-0.0642459438125632	-0.17552349504953	-0.173981347010719
-1122.90467325403	-537.6	-0.0648792961216632	-0.0651425558091811	-0.172453683555707	-0.170270752306455
-1122.90467325403	-512	-0.0657620361086537	-0.0660791766037918	-0.169295900046073	-0.166264283866636
-1122.90467325403	-486.4	-0.0665455637887754	-0.0670465397838951	-0.165197606756695	-0.161950840973834
-1122.90467325403	-460.8	-0.067426945721028	-0.0680387353442495	-0.161247981270977	-0.157339455610403
-1122.90467325403	-435.2	-0.0687121130134268	-0.0690640833629649	-0.156543936613159	-0.152268718147672
-1122.90467325403	-409.6	-0.0693433095049015	-0.0701041103178377	-0.151279448344613	-0.146824285905223
-1122.90467325403	-384	-0.0710998330014008	-0.0711547820850105	-0.1452166501701	-0.141030779565956
-1122.90467325403	-358.4	-0.0722684600919851	-0.072205493208327	-0.139284233635758	-0.134651424940476
-1122.90467325403	-332.8	-0.0738173472589425	-0.0732454205644401	-0.132426331145113	-0.127800938750967
-1122.90467325403	-307.2	-0.074914287147559	-0.074270146943362	-0.125402085487793	-0.120492277233935
-1122.90467325403	-281.6	-0.0756250003704481	-0.0752550617190748	-0.117303936012126	-0.112586929226065
-1122.90467325403	-256	-0.077225656991783	-0.0761788147086949	-0.10898214546049	-0.10409128256312
-1122.90467325403	-230.4	-0.0782353709526117	-0.0770488637747206	-0.0997353616867458	-0.09515292325811
-1122.90467325403	-204.8	-0.0788669628628942	-0.0778298703066758	-0.0898248433374502	-0.0856761758770524
-1122.90467325403	-179.2	-0.0794783541988671	-0.0785044189318861	-0.0793982735500015	-0.0756876255149325
-1122.90467325403	-153.6	-0.0805774795142941	-0.0790906729406657	-0.0683250144928117	-0.0653214793743356
-1122.90467325403	-128	-0.0806418947032957	-0.0795793305076022	-0.0564309924706643	-0.0546038621685483
-1122.90467325403	-102.4	-0.0807063235459854	-0.0799785405626718	-0.0445344493464531	-0.0436048851749208
-1122.90467325403	-76.8	-0.080775412535888	-0.0802935259806902	-0.0327804907777834	-0.0323813174879667
-1122.90467325403	-51.2	-0.0808455226892872	-0.080527432630095	-0.0210561423526388	-0.0209898467244016
-1122.90467325403	-25.6	-0.0809156440037935	-0.0806796857978178	-0.00932992748302574	-0.00948870177966025
-1122.90467325403	0	-0.0809857764820722	-0.0807481514370341	0.00239815427678112	0.00206377350408974
-1122.90467325403	25.6	-0.0810559201267896	-0.0807306442269232	0.0141281033726489	0.0136099149108351
-1122.90467325403	51.2	-0.0811260749406127	-0.0806241632323772	0.025859920250587	0.0250907581565583
-1122.90467325403	76.8	-0.0811962409262095	-0.0804246662939338	0.0375936053567464	0.0364461500147331
-1122.90467325403	102.4	-0.0812664180862488	-0.0801274598325864	0.0493291591374207	0.0476154134478177
-1122.90467325403	128	-0.0813366064234002	-0.0797287366524875	0.0610665820390452	0.0585385665764019
-1122.90467325403	153.6	-0.0813160618672351	-0.079226332651045	0.0727141502041439	0.0691565328146628
-1122.90467325403	179.2	-0.0800110389603581	-0.0786159003217907	0.0832045024067758	0.079396034810797
-1122.90467325403	204.8	-0.0791154193408236	-0.0779095292393105	0.0936365142596377	0.0892306022960617
-1122.90467325403	230.4	-0.0774724576992424	-0.0770921387593009	0.102851605751562	0.0985216636582836
-1122.90467325403	256	-0.0766994158638445	-0.0761858195114507	0.1125037364564	0.107248898878568
-1122.90467325403	281.6	-0.0757986124712359	-0.0752242982914695	0.120085161359272	0.115521203506584
-1122.90467325403	307.2	-0.0736338540926391	-0.0742064675737934	0.128041878544441	0.123199372519184
-1122.90467325403	332.8	-0.0724413441588804	-0.0731565846689773	0.134586436467977	0.130291625107811
-1122.90467325403	358.4	-0.0719069021212619	-0.0720959071544821	0.141626042715994	0.136940855135424
-1122.90467325403	384	-0.0711133479766332	-0.0710326356608568	0.14811325758677	0.143135882889368
-1122.90467325403	409.6	-0.0704304234539085	-0.0699826548440472	0.153461764325378	0.14877075605668
-1122.90467325403	435.2	-0.0681016135546037	-0.0689483847005283	0.157815846180623	0.154071460598225
-1122.90467325403	460.8	-0.0674975038150097	-0.0679355451161012	0.161997460606938	0.159014999091995
-1122.90467325403	486.4	-0.0662569050168623	-0.0669597251671516	0.166653122158009	0.163521879921397
-1122.90467325403	512	-0.0653757274832241	-0.0660103568055999	0.170287348748664	0.167744701864621
-1122.90467325403	537.6	-0.0648745309258703	-0.0650919954081882	0.17405459736791	0.171675727233112
-1122.90467325403	563.2	-0.0638295214416948	-0.0642110871339717	0.177139967732634	0.175327289313265
-1122.90467325403	588.8	-0.0630140143905418	-0.063354165918859	0.180198554531648	0.178768779980417
-1122.90467325403	614.4	-0.0618958750801458	-0.0625314393981909	0.182558526931823	0.181998725443456
-1110.28776681298	-614.4	-0.0600232001358327	-0.0609110859685075	-0.182844910758745	-0.180985088828269
-1110.28776681298	-588.8	-0.06116518820081	-0.0617381710304778	-0.17910015577665	-0.177770304438805
-1110.28776681298	-563.2	-0.0621678504537558	-0.0625877708020728	-0.176163135036242	-0.174355745734735
-1110.28776681298	-537.6	-0.0633415167205534	-0.0634774135666581	-0.172923259681387	-0.17068076673024
-1110.28776681298	-512	-0.0639289157560372	-0.0643946422202007	-0.170011749954137	-0.166754932985713
-1110.28776681298	-486.4	-0.0647874476390296	-0.0653492511624532	-0.165668196662193	-0.162506263091325
-1110.28776681298	-460.8	-0.0658881579390341	-0.0663399418910143	-0.1615496389816	-0.157868089209604
-1110.28776681298	-435.2	-0.0669500280322365	-0.0673488750440374	-0.157406258011998	-0.152964382075075
-1110.28776681298	-409.6	-0.067936491053089	-0.0683864571980219	-0.151781243161274	-0.147562878697242
-1110.28776681298	-384	-0.0696263970676349	-0.0694368643636949	-0.145631701516732	-0.141681858756495
-1110.28776681298	-358.4	-0.0708760931681138	-0.0704907146467057	-0.13977097864893	-0.135366706913418
-1110.28776681298	-332.8	-0.0718796072690709	-0.071542056129102	-0.133121804254925	-0.128592848330832
-1110.28776681298	-307.2	-0.0730853323902688	-0.0725769956995433	-0.125737309128479	-0.121256150899918
-1110.28776681298	-281.6	-0.0740626025840836	-0.0735793688873192	-0.118136253184137	-0.113349495345621
-1110.28776681298	-256	-0.0753609899768326	-0.074519758944681	-0.109351484786921	-0.104814592637153
-1110.28776681298	-230.4	-0.0764752317429994	-0.0753877513063697	-0.100193633599597	-0.0957387379985679
-1110.28776681298	-204.8	-0.0771114887791403	-0.0761719238730063	-0.090605887154945	-0.0861610050460586
-1110.28776681298	-179.2	-0.0777864787025016	-0.0768625017033112	-0.0799744903291426	-0.0761187284394453
-1110.28776681298	-153.6	-0.0789727298799376	-0.0774605396246937	-0.0687298212796274	-0.0656806353416987
-1110.28776681298	-128	-0.0791784297957364	-0.0779660325683901	-0.0565940011174791	-0.0549005577137267
-1110.28776681298	-102.4	-0.0792426940267825	-0.0783816777951764	-0.0446992356479563	-0.0438328670243477
-1110.28776681298	-76.8	-0.0793069718789467	-0.0787110246281162	-0.03280194902471	-0.0325339301595514
-1110.28776681298	-51.2	-0.07937126335656	-0.0789556861161779	-0.0209021404460989	-0.0210621093592087
-1110.28776681298	-25.6	-0.0794355684639555	-0.0791142360457009	-0.00899980911014185	-0.0094780038212938
-1110.28776681298	0	-0.0794998872054677	-0.079184318140131	0.00290504578548237	0.00215738776685841
-1110.28776681298	25.6	-0.0795642195854332	-0.0791635072544748	0.0148124250434352	0.0137832495121039
-1110.28776681298	51.2	-0.0796312084881314	-0.0790492967592659	0.0266395035414657	0.025337690072533
-1110.28776681298	76.8	-0.0797012549899075	-0.078838933893499	0.0383731738093626	0.0367583243534205
-1110.28776681298	102.4	-0.0797713126470242	-0.0785295339439135	0.0501087127371617	0.0479837839438391
-1110.28776681298	128	-0.0798413814621466	-0.0781186363113389	0.0618461207712921	0.0589545664410168
-1110.28776681298	153.6	-0.0794549025693339	-0.0776045617904271	0.0731665501214162	0.0696125472772283
-1110.28776681298	179.2	-0.0784185591219543	-0.0769878455603581	0.0843071667248951	0.079900966959551
-1110.28776681298	204.8	-0.0769689141587711	-0.0762704382639588	0.0938129840863421	0.0897641715901859
-1110.28776681298	230.4	-0.0758682967743232	-0.0754540442529952	0.103568714671481	0.0991327968461976
-1110.28776681298	256	-0.07499147859179	-0.0745514887011112	0.112972326565314	0.107974979778483
-1110.28776681298	281.6	-0.0739640745840814	-0.0735769945790972	0.120948911200008	0.116261235941646
-1110.28776681298	307.2	-0.0723408836891133	-0.0725469629841946	0.128851538562886	0.123919916518974
-1110.28776681298	332.8	-0.0710933066272338	-0.0714904503692655	0.135540945885109	0.13102480354766
-1110.28776681298	358.4	-0.0703730504136081	-0.0704251527654935	0.142296405258532	0.13759092269085
-1110.28776681298	384	-0.0695184561107486	-0.0693631698514502	0.148516461615413	0.143720190608699
-1110.28776681298	409.6	-0.0685586817796224	-0.0683114689694841	0.153808803323752	0.149436656325173
-1110.28776681298	435.2	-0.0664977932449564	-0.0672809741317574	0.158402631836098	0.154697686098538
-1110.28776681298	460.8	-0.0655758592289224	-0.0662846943374898	0.162608737588615	0.159485583285996
-1110.28776681298	486.4	-0.0646305589091216	-0.065308907868404	0.166834880259772	0.164019955985124
-1110.28776681298	512	-0.0637493563809102	-0.0643697385284628	0.170606164115614	0.168183689042246
-1110.28776681298	537.6	-0.0633369775410481	-0.0634666597488722	0.174742252315966	0.172040737536043
-1110.28776681298	563.2	-0.0621387668338887	-0.0625916863576445	0.17723407888927	0.175659473989944
-1110.28776681298	588.8	-0.0614219343060745	-0.0617543655029081	0.180780450513934	0.179032317042213
-1110.28776681298	614.4	-0.0603384129669601	-0.0609412075819429	0.183030068178587	0.182214040066096
-1097.67086037192	-640	-0.0577413669372393	-0.0585140620495978	-0.184808842386759	-0.184223527987682
-1097.67086037192	-614.4	-0.0584454128426119	-0.0592914514828004	-0.182836627076229	-0.181262522374676
-1097.67086037192	-588.8	-0.059768298525747	-0.0600934530480289	-0.179707529325948	-0.178114471299177
-1097.67086037192	-563.2	-0.0606173717760929	-0.0609332270829131	-0.176802503266488	-0.174740146965078
-1097.67086037192	-537.6	-0.0616439111086606	-0.0618014917427704	-0.173405197892059	-0.171139302948262
-1097.67086037192	-512	-0.0620913160133687	-0.0627053492485172	-0.17042825023901	-0.167266481136459
-1097.67086037192	-486.4	-0.0630569686277055	-0.0636533350796662	-0.166156371176792	-0.163021971585996
-1097.67086037192	-460.8	-0.0644416362823037	-0.0646196957518958	-0.161930184654157	-0.158561959853624
-1097.67086037192	-435.2	-0.0653839458636965	-0.0656291018679222	-0.157850489158861	-0.153583387679099
-1097.67086037192	-409.6	-0.0665274704330776	-0.0666588517980425	-0.152283823464212	-0.148236824688742
-1097.67086037192	-384	-0.0678779642651596	-0.0677063052337981	-0.146172280635925	-0.142482676955619
-1097.67086037192	-358.4	-0.0688482574975224	-0.0687613187856992	-0.140581911823561	-0.136119936145895
-1097.67086037192	-332.8	-0.0698255390056775	-0.0698165350140985	-0.134167258920128	-0.129323808316819
-1097.67086037192	-307.2	-0.0711949579662269	-0.0708619638693927	-0.126235662005815	-0.121998012851363
-1097.67086037192	-281.6	-0.0722844890448024	-0.0718668391995069	-0.118679364150723	-0.113989802270942
-1097.67086037192	-256	-0.0732470148839486	-0.0728130274520188	-0.110124670855673	-0.105380969189645
-1097.67086037192	-230.4	-0.0746402533694413	-0.0736932783663869	-0.100824395733011	-0.0962608084296623
-1097.67086037192	-204.8	-0.0753808606048397	-0.074487908435575	-0.0911823626705356	-0.0866202746865477
-1097.67086037192	-179.2	-0.0760525119211396	-0.0751941580139215	-0.0806556246281391	-0.0765282426536383
-1097.67086037192	-153.6	-0.0773421625637924	-0.0758085338571642	-0.0691788913484518	-0.0660341836481448
-1097.67086037192	-128	-0.0777153978882762	-0.0763304463430378	-0.0567569615343979	-0.0551907106444966
-1097.67086037192	-102.4	-0.0777794976022647	-0.0767619793428786	-0.0448639731884374	-0.0440522931116178
-1097.67086037192	-76.8	-0.0778436109004908	-0.0771053094770908	-0.0329684644384177	-0.0326759981541031
-1097.67086037192	-51.2	-0.0779077377872731	-0.0773604166650191	-0.0210704344830544	-0.0211221028035035
-1097.67086037192	-25.6	-0.0779718782669322	-0.0775250450967348	-0.00916988252072353	-0.00945386028620031
-1097.67086037192	0	-0.0780360323437905	-0.0775966729215662	0.00273319225053867	0.00226481349329749
-1097.67086037192	25.6	-0.0781002000221721	-0.0775727371377136	0.0146387906330362	0.013969714021866
-1097.67086037192	51.2	-0.078164381306403	-0.0774513521744871	0.0265469134294131	0.0255963104206031
-1097.67086037192	76.8	-0.0782285762008112	-0.0772309771558051	0.038457561442654	0.0370805109263289
-1097.67086037192	102.4	-0.0782927847097262	-0.0769102750528108	0.0503707354760841	0.0483603419761322
-1097.67086037192	128	-0.0783570068374796	-0.076488069258141	0.0622864363333693	0.059376546170454
-1097.67086037192	153.6	-0.0778152675453645	-0.0759629365102319	0.0742135123831507	0.070071092605587
-1097.67086037192	179.2	-0.0766064135301183	-0.0753354707770477	0.0850631077546761	0.0803877202087822
-1097.67086037192	204.8	-0.0747379709274965	-0.0746085620147665	0.0939140985314393	0.0902727831678321
-1097.67086037192	230.4	-0.0744063123299093	-0.0737879979990887	0.104443113885687	0.0996776352905861
-1097.67086037192	256	-0.0730923763909743	-0.072879799248269	0.113253185020569	0.108538075047277
-1097.67086037192	281.6	-0.0720023369723039	-0.0719045404464488	0.12142339231187	0.116875187416302
-1097.67086037192	307.2	-0.0710465601507242	-0.0708747292811162	0.129662045916425	0.124614562695131
-1097.67086037192	332.8	-0.0697635406839696	-0.0698139863346333	0.136416641707062	0.131695240695651
-1097.67086037192	358.4	-0.0689368734964567	-0.0687478990701533	0.143017444265071	0.138274057786731
-1097.67086037192	384	-0.0678927378336222	-0.0676853583288395	0.148874473264474	0.144443854074939
-1097.67086037192	409.6	-0.0666879772494449	-0.0666406293601323	0.154155650025582	0.150040160289021
-1097.67086037192	435.2	-0.0652572333608227	-0.0656172840280213	0.158924775150952	0.155250784943902
-1097.67086037192	460.8	-0.0642247976376435	-0.0646178496230884	0.163261374487942	0.160112004041027
-1097.67086037192	486.4	-0.0630021075215514	-0.0636629792030558	0.166979385506302	0.164479487699388
-1097.67086037192	512	-0.0621676875374045	-0.062727451963728	0.170895547206169	0.168641442402204
-1097.67086037192	537.6	-0.0617237932099264	-0.0618343633627128	0.175204330236873	0.172450060107386
-1097.67086037192	563.2	-0.0604506688352578	-0.0609759581826484	0.177328042173139	0.176001126813845
-1097.67086037192	588.8	-0.059738595094067	-0.0601466725438955	0.181480174011581	0.179336875578998
-1097.67086037192	614.4	-0.0589174137629108	-0.0593536473447631	0.183604275252512	0.182458429047967
-1097.67086037192	640	-0.0580292432571004	-0.0585874251335097	0.186040185875196	0.185400871498794
-1085.05395393086	-665.6	-0.0555161823215005	-0.0561936886336031	-0.18774162579564	-0.187204400731329
-1085.05395393086	-640	-0.056138907573186	-0.0569116525361708	-0.18472749214042	-0.184475695916915
-1085.05395393086	-614.4	-0.0567791161115238	-0.0576613889369929	-0.183350093098397	-0.18157767651597
-1085.05395393086	-588.8	-0.0583667317573811	-0.0584503028710496	-0.18031693649523	-0.17847570146433
-1085.05395393086	-563.2	-0.0590362630315037	-0.0592686188028381	-0.177353713294509	-0.175167417663995
-1085.05395393086	-537.6	-0.0597735300481803	-0.0601218578058481	-0.17406499139758	-0.171618160640104
-1085.05395393086	-512	-0.0602973831362757	-0.0610203501897897	-0.170831400667612	-0.16773698947987
-1085.05395393086	-486.4	-0.0613113419355935	-0.0619380047513947	-0.1669462711943	-0.163658989892589
-1085.05395393086	-460.8	-0.0628506347837343	-0.0629058011535481	-0.162521735179543	-0.159108207022783
-1085.05395393086	-435.2	-0.0638303381462416	-0.063898445745553	-0.158269916247966	-0.154247997265441
-1085.05395393086	-409.6	-0.0647844155435246	-0.064919552334986	-0.153226738906777	-0.148964118292686
-1085.05395393086	-384	-0.0660783069836286	-0.0659622524971855	-0.147035866825119	-0.143177243808315
-1085.05395393086	-358.4	-0.0668117014876361	-0.0670181175211123	-0.141320891682472	-0.136936129643188
-1085.05395393086	-332.8	-0.0678947040795695	-0.0680761689266763	-0.134970051305572	-0.130100655413564
-1085.05395393086	-307.2	-0.0694651384698102	-0.0691185726786007	-0.126984033257682	-0.12263053433445
-1085.05395393086	-281.6	-0.0705384490657022	-0.0701285576621816	-0.119349639763824	-0.114577128988397
-1085.05395393086	-256	-0.0713244861629249	-0.0710851760690241	-0.110848785510822	-0.10593903798783
-1085.05395393086	-230.4	-0.0725472078209869	-0.071974015319026	-0.101562749964642	-0.0967615945714244
-1085.05395393086	-204.8	-0.0736549335873816	-0.0727833675321954	-0.09178311187708	-0.0870810411659999
-1085.05395393086	-179.2	-0.074456154520521	-0.0735054210729674	-0.0805136994141302	-0.0769406095411817
-1085.05395393086	-153.6	-0.0757964127510349	-0.074135954993759	-0.0688343562642558	-0.0663895491145211
-1085.05395393086	-128	-0.076252798788774	-0.0746742092773961	-0.0569198737428225	-0.0554805921511628
-1085.05395393086	-102.4	-0.0763167340802284	-0.0751216492612819	-0.0450286619895361	-0.0442689876103399
-1085.05395393086	-76.8	-0.0763806829190709	-0.0754789553474201	-0.0331349305815204	-0.0328131477534224
-1085.05395393086	-51.2	-0.0764446453096076	-0.0757444077396137	-0.0212386787178479	-0.021175633321191
-1085.05395393086	-25.6	-0.0765086212561469	-0.0759149311734901	-0.00933990559725156	-0.00942253477910449
-1085.05395393086	0	-0.0765726107629987	-0.0759879257978097	0.00256138958187532	0.00237905677125325
-1085.05395393086	25.6	-0.0766366138344748	-0.0759609843820588	0.0144652076214793	0.0141615703568905
-1085.05395393086	51.2	-0.0767006304748888	-0.0758328974352262	0.026371549323847	0.0258580843151863
-1085.05395393086	76.8	-0.0767418018763653	-0.0756032758259229	0.0383423489440362	0.0374034029202779
-1085.05395393086	102.4	-0.076694473195699	-0.0752720575453588	0.0505581963458874	0.0487356336241614
-1085.05395393086	128	-0.0766471168937525	-0.0748391449181718	0.0627811729839238	0.0597956664727636
-1085.05395393086	153.6	-0.0756790104509845	-0.0743036388348489	0.0745795524418568	0.0705254126769626
-1085.05395393086	179.2	-0.0743194382508148	-0.073666306372024	0.0851019587822047	0.0808690081872203
-1085.05395393086	204.8	-0.0731453636848061	-0.072930612687024	0.0945190164595111	0.090773540300636
-1085.05395393086	230.4	-0.0729419582250435	-0.0721031531711712	0.105318930371633	0.100191490550247
-1085.05395393086	256	-0.0709227121966636	-0.0711938449144718	0.113161096844668	0.109086074429035
-1085.05395393086	281.6	-0.0702184609859687	-0.0702164074212631	0.12188220052267	0.117431928107959
-1085.05395393086	307.2	-0.0693885797449844	-0.0691881996266321	0.130250782832708	0.125199642479062
-1085.05395393086	332.8	-0.0682523186845222	-0.0681314119411102	0.137032354786516	0.132405890919117
-1085.05395393086	358.4	-0.0672739318123972	-0.0670654611068357	0.14328915306968	0.139014062662019
-1085.05395393086	384	-0.0662295563175277	-0.0660077697826196	0.149179562354415	0.145066416458617
-1085.05395393086	409.6	-0.06489813261139	-0.0649658478536234	0.154523834623133	0.150693822126471
-1085.05395393086	435.2	-0.0639608184713159	-0.0639496898425356	0.159435527965224	0.155846597068744
-1085.05395393086	460.8	-0.0628510283803613	-0.0629639001287404	0.163921168314627	0.160596850316469
-1085.05395393086	486.4	-0.0614843323614569	-0.0620035476617493	0.167731818800853	0.165052725859964
-1085.05395393086	512	-0.0606051924737895	-0.0610921318656538	0.171242750169267	0.169058204363199
-1085.05395393086	537.6	-0.06003835911812	-0.0602010426153676	0.175405461243021	0.172876887106784
-1085.05395393086	563.2	-0.0589358043931152	-0.0593537748992008	0.178183267763827	0.176381179494028
-1085.05395393086	588.8	-0.0580550711760463	-0.0585412099963346	0.18217997428706	0.17965706869208
-1085.05395393086	614.4	-0.0571292398065886	-0.0577590234993738	0.184661916442713	0.182736500983765
-1085.05395393086	640	-0.0563296992599894	-0.0570153890630494	0.186367422989483	0.185622751967826
-1085.05395393086	665.6	-0.0555777323897279	-0.0563051351862693	0.188511929365611	0.188347951210499
-1072.43704748981	-691.2	-0.0534147825133241	-0.0539309620077935	-0.190228442416332	-0.1899613350446
-1072.43704748981	-665.6	-0.0538863551712674	-0.0545975199136179	-0.187805103273324	-0.187435599365394
-1072.43704748981	-640	-0.0544176788472792	-0.0553009062190131	-0.185655475311942	-0.184756605447563
-1072.43704748981	-614.4	-0.055114487193462	-0.0560338801058332	-0.1838630451873	-0.181907869339681
-1072.43704748981	-588.8	-0.0568096724663378	-0.0568040709276391	-0.180691117841938	-0.178855822491089
-1072.43704748981	-563.2	-0.0574007023912637	-0.057604081502329	-0.177727715947046	-0.175600869266426
-1072.43704748981	-537.6	-0.05794427422	-0.058449728916067	-0.174701906139315	-0.172051240651383
-1072.43704748981	-512	-0.05889635372103	-0.0593130768538128	-0.171313007653665	-0.168333167263343
-1072.43704748981	-486.4	-0.0597022155814994	-0.0602314362480321	-0.167626236193483	-0.164178871444092
-1072.43704748981	-460.8	-0.0611015586013228	-0.0611781867239608	-0.16314444263907	-0.159740579625103
-1072.43704748981	-435.2	-0.0624106562886935	-0.0621596266098573	-0.158371533842474	-0.154913175937027
-1072.43704748981	-409.6	-0.0632124219447279	-0.0631711356018473	-0.153640087289244	-0.149652244857449
-1072.43704748981	-384	-0.0643782184717557	-0.064206352650456	-0.147985710049899	-0.143927170907286
-1072.43704748981	-358.4	-0.0650907520275112	-0.0652572268771052	-0.141954648145753	-0.137614140316799
-1072.43704748981	-332.8	-0.0661189227551586	-0.0663117782764863	-0.13544681908519	-0.130714204582957
-1072.43704748981	-307.2	-0.0677336434867763	-0.0673557326422107	-0.127733129374784	-0.123228519661059
-1072.43704748981	-281.6	-0.0688060098579308	-0.0683690555267176	-0.12004129924663	-0.115136211111304
-1072.43704748981	-256	-0.0696986309393579	-0.0693344378443529	-0.111695393832331	-0.106474648746361
-1072.43704748981	-230.4	-0.0707352716730521	-0.0702354477665301	-0.101829943064874	-0.0972673966617388
-1072.43704748981	-204.8	-0.0718861766246129	-0.071059464330052	-0.09220103742846	-0.0875480225155461
-1072.43704748981	-179.2	-0.072723127035257	-0.0717976359892747	-0.0811856872478637	-0.0773592131000059
-1072.43704748981	-153.6	-0.0742872513869092	-0.072444861315837	-0.0681367815997133	-0.0667501249295452
-1072.43704748981	-128	-0.0747906323052019	-0.0730000072525806	-0.057082737764142	-0.0557738470269682
-1072.43704748981	-102.4	-0.0748544032685837	-0.0734636698672372	-0.0451933020728793	-0.0444870382252631
-1072.43704748981	-76.8	-0.0749181877425348	-0.0738348756112228	-0.0333013474758832	-0.0329502780434092
-1072.43704748981	-51.2	-0.0749819857313492	-0.0741104196385991	-0.0214068731725827	-0.0212286650285066
-1072.43704748981	-25.6	-0.0750457972393227	-0.0742865587418138	-0.00950987836206755	-0.00939123503782779
-1072.43704748981	0	-0.0751096222707531	-0.0743606369773429	0.00238963775691208	0.00249181428920927
-1072.43704748981	25.6	-0.0751267337541795	-0.0743306712913687	0.0144160793431751	0.0143497502809747
-1072.43704748981	51.2	-0.0750789492478016	-0.0741961535468163	0.0266210345187617	0.0261133989213471
-1072.43704748981	76.8	-0.0750311368630607	-0.0739577117803947	0.0388331102904725	0.0377170977646324
-1072.43704748981	102.4	-0.0749832965755526	-0.0736164368597197	0.0510523128915565	0.0490997747283248
-1072.43704748981	128	-0.0749354283608445	-0.0731731648115794	0.0632786485625404	0.0602026324906444
-1072.43704748981	153.6	-0.0734498851122045	-0.0726277975624384	0.0747687011441337	0.0709673794737458
-1072.43704748981	179.2	-0.0720686511053131	-0.0719813483084148	0.0851590064755833	0.0813380322724028
-1072.43704748981	204.8	-0.0716993937251431	-0.0712377507069807	0.0950935625006903	0.0912624020310229
-1072.43704748981	230.4	-0.0712764671300402	-0.0704043895661105	0.105866119388482	0.100694598246664
-1072.43704748981	256	-0.0692829783727243	-0.0694920716727901	0.113551599982301	0.109599491557005
-1072.43704748981	281.6	-0.0685294974683858	-0.0685151890814716	0.122456644778001	0.117953992790272
-1072.43704748981	307.2	-0.0673734102876457	-0.0674917013350285	0.130207173622881	0.12574839313452
-1072.43704748981	332.8	-0.0662898310756091	-0.0664403353521821	0.137058620717582	0.132960951466269
-1072.43704748981	358.4	-0.0655692107873471	-0.0653804128503825	0.143804161885614	0.139623601672094
-1072.43704748981	384	-0.0644423569839556	-0.0643267555254404	0.149464838197106	0.145741172113312
-1072.43704748981	409.6	-0.0631440147331912	-0.0632917611460733	0.154901501689094	0.151310343478865
-1072.43704748981	435.2	-0.0622220692598374	-0.0622816453300903	0.159841138511154	0.156442045881259
-1072.43704748981	460.8	-0.0613840875890342	-0.061302372222588	0.164475788582163	0.161161948985568
-1072.43704748981	486.4	-0.059947543934805	-0.0603574043441865	0.168461765660593	0.165511683358189
-1072.43704748981	512	-0.0590207275182731	-0.0594404902688633	0.17195733203344	0.169591872708747
-1072.43704748981	537.6	-0.0583561316193941	-0.0585773426217928	0.175626726405709	0.173258157033728
-1072.43704748981	563.2	-0.0574644764896191	-0.0577336912805556	0.179263026733881	0.176765279632878
-1072.43704748981	588.8	-0.056409315636249	-0.0569349573904203	0.182590430182466	0.179993060932939
-1072.43704748981	614.4	-0.05597628537763	-0.0561674692330074	0.184531624469559	0.183027692689319
-1072.43704748981	640	-0.054741747704318	-0.0554381464933933	0.186697672998608	0.185868955415816
-1072.43704748981	665.6	-0.054112869836189	-0.0547416469841485	0.188568847302825	0.188547836682548
-1072.43704748981	691.2	-0.0534816764973661	-0.0540824030833321	0.191118393057438	0.191081745459446
-1059.82014104875	-716.8	-0.0510701041501424	-0.0517346749469701	-0.192684076687842	-0.192520607540249
-1059.82014104875	-691.2	-0.0519017992141088	-0.0523511503482887	-0.190680434113606	-0.190169073031686
-1059.82014104875	-665.6	-0.0525349596054938	-0.0530134283285299	-0.188406820663883	-0.187681587059415
-1059.82014104875	-640	-0.0530422719537365	-0.0536914956612131	-0.186184321564279	-0.185052489824697
-1059.82014104875	-614.4	-0.0536603249745799	-0.054406171622748	-0.184030176621897	-0.182248035434911
-1059.82014104875	-588.8	-0.0550644917988494	-0.0551490273366147	-0.181085014439571	-0.179269629190747
-1059.82014104875	-563.2	-0.0556068940647748	-0.0559415996636359	-0.178486036211296	-0.176019330229023
-1059.82014104875	-537.6	-0.0564296419158592	-0.0567565231078666	-0.175161248679765	-0.172586108628343
-1059.82014104875	-512	-0.0574862513704697	-0.0576167738651173	-0.171738707143304	-0.168825564182
-1059.82014104875	-486.4	-0.0582119205203191	-0.0585113354527477	-0.167995045481646	-0.164777311471086
-1059.82014104875	-460.8	-0.0588313797206059	-0.0594442513559158	-0.163786503550016	-0.160374669955637
-1059.82014104875	-435.2	-0.0602862308199097	-0.0604132462272035	-0.158921659865404	-0.155573765956343
-1059.82014104875	-409.6	-0.0616620386564351	-0.0614134815080451	-0.154038067912938	-0.150341472917545
-1059.82014104875	-384	-0.0627436345812112	-0.0624396200162109	-0.148786678502772	-0.144562098307361
-1059.82014104875	-358.4	-0.0635246496681011	-0.0634829598888268	-0.142647377505676	-0.138225807475131
-1059.82014104875	-332.8	-0.0643534756560445	-0.0645336389984429	-0.135912335643009	-0.13131636134537
-1059.82014104875	-307.2	-0.0659511815849522	-0.0655762244178387	-0.128345961829613	-0.123798396798908
-1059.82014104875	-281.6	-0.067070158444059	-0.0665932566738948	-0.120472774656823	-0.115694395087075
-1059.82014104875	-256	-0.0681118355761116	-0.0675664600666815	-0.112556498345958	-0.107014033651918
-1059.82014104875	-230.4	-0.0691349539525699	-0.0684791593821464	-0.10270453404173	-0.0977790437440068
-1059.82014104875	-204.8	-0.0700819981472243	-0.0693179090601578	-0.0924755451916666	-0.0880218987664136
-1059.82014104875	-179.2	-0.0708314205721063	-0.0700727711767307	-0.0818931795356762	-0.0777848015470011
-1059.82014104875	-153.6	-0.0723851652869228	-0.0707376732282657	-0.0690187777317009	-0.0671170668458064
-1059.82014104875	-128	-0.0733042920815335	-0.0713105888924484	-0.057287289954689	-0.0560726338738547
-1059.82014104875	-102.4	-0.0733925049753543	-0.0717907697835262	-0.0453578934600811	-0.0447100620903087
-1059.82014104875	-76.8	-0.073456125178844	-0.0721755849037438	-0.0334677151433581	-0.0330925980915954
-1059.82014104875	-51.2	-0.0735197588603969	-0.0724607870750954	-0.0215750178693489	-0.0212879444802144
-1059.82014104875	-25.6	-0.0735127001434582	-0.072642213064631	-0.00949486458821823	-0.00936794156389227
-1059.82014104875	0	-0.0734644604050193	-0.0727171089017108	0.00269920980791912	0.00259429171175294
-1059.82014104875	25.6	-0.0734161925316455	-0.072683993633386	0.0149003961723334	0.0145251147257794
-1059.82014104875	51.2	-0.0733678964987158	-0.0725430530414756	0.0271087007287254	0.0263533861274994
-1059.82014104875	76.8	-0.0733195722815805	-0.0722957912962043	0.0393241297080599	0.0380135020546724
-1059.82014104875	102.4	-0.0732712198555612	-0.0719444167656255	0.0515466893485761	0.0494454489980763
-1059.82014104875	128	-0.0731003479994199	-0.0714907949766333	0.0637394020317222	0.0605909844770607
-1059.82014104875	153.6	-0.0717291650207584	-0.0709358305493317	0.0749070589461545	0.071391557746499
-1059.82014104875	179.2	-0.0705916826838459	-0.0702809378419204	0.0856570286249728	0.0817906862644089
-1059.82014104875	204.8	-0.0701610379880425	-0.0695303928011768	0.0956630696715437	0.0917367296867894
-1059.82014104875	230.4	-0.0695917172132004	-0.0686922430784376	0.106391801924809	0.101185366935894
-1059.82014104875	256	-0.0681034611134612	-0.0677781903697271	0.114285082255788	0.110102622078908
-1059.82014104875	281.6	-0.0672100073793096	-0.0668032383479325	0.122873664662267	0.118465780431635
-1059.82014104875	307.2	-0.0656059317253063	-0.0657852008313625	0.130174571055545	0.126265086424408
-1059.82014104875	332.8	-0.0645690994213225	-0.0647423100272225	0.137728642613072	0.133502896715766
-1059.82014104875	358.4	-0.0637626391536752	-0.0636908433974989	0.144389994511954	0.140170218323854
-1059.82014104875	384	-0.0623727691850322	-0.0626453107906773	0.149824298411484	0.14630708548744
-1059.82014104875	409.6	-0.0614817817784981	-0.0616160232096874	0.155449423457055	0.151926856876465
-1059.82014104875	435.2	-0.060484290556623	-0.0606129186399497	0.160244519180901	0.157031147561021
-1059.82014104875	460.8	-0.0596529836043161	-0.059640357851656	0.164636437023621	0.161726072072139
-1059.82014104875	486.4	-0.0583806294914914	-0.0587029536092108	0.169257653819946	0.166042833210999
-1059.82014104875	512	-0.0574530164782379	-0.0578032903232288	0.17272751481413	0.170023732106067
-1059.82014104875	537.6	-0.0568174955829046	-0.0569380005669542	0.176516032235973	0.173732807125073
-1059.82014104875	563.2	-0.0558213223807899	-0.0561185896082164	0.179489710742313	0.177131977298183
-1059.82014104875	588.8	-0.054819559144199	-0.0553232799132345	0.182612575404045	0.180357636622735
-1059.82014104875	614.4	-0.0545213655214396	-0.054577468488434	0.184590519299663	0.183325136017511
-1059.82014104875	640	-0.0531573962341333	-0.0538630102250879	0.187028019448346	0.186126736068673
-1059.82014104875	665.6	-0.0525529349528507	-0.0531870186442922	0.189358675274664	0.188761738905117
-1059.82014104875	691.2	-0.0521318307114604	-0.0525344128876952	0.191548697998965	0.191257966853654
-1059.82014104875	716.8	-0.0516862514774618	-0.0519240194844526	0.194072416881358	0.193625812411441
-1047.2032346077	-716.8	-0.0497301954998685	-0.0501756322486459	-0.193613179996968	-0.192710723327769
-1047.2032346077	-691.2	-0.0504221619262916	-0.0507860690450308	-0.191438817248235	-0.190395173780265
-1047.2032346077	-665.6	-0.0509664129798556	-0.0514098326539012	-0.188911657628123	-0.187961260992746
-1047.2032346077	-640	-0.051653032921974	-0.0520795878012242	-0.186628108428186	-0.185361814057621
-1047.2032346077	-614.4	-0.052410072465032	-0.0527730687688686	-0.183999815987751	-0.182604492270994
-1047.2032346077	-588.8	-0.0533222999886969	-0.0535000281131834	-0.18147823643614	-0.179660154068878
-1047.2032346077	-563.2	-0.0538705384032612	-0.0542669734070538	-0.178885451549622	-0.176481914611433
-1047.2032346077	-537.6	-0.0548631233422985	-0.0550679793765541	-0.175626653946806	-0.173072898569184
-1047.2032346077	-512	-0.0558589097037233	-0.055906899133006	-0.172210980114777	-0.169388083951181
-1047.2032346077	-486.4	-0.05679423624421	-0.0567860107753189	-0.167979843554122	-0.165377209576526
-1047.2032346077	-460.8	-0.0572996587805928	-0.0577043557401191	-0.163898855883713	-0.161004536714456
-1047.2032346077	-435.2	-0.0582260028660598	-0.0586594746729446	-0.159604634379101	-0.156235575157011
-1047.2032346077	-409.6	-0.0598737155051414	-0.0596487201375046	-0.154822117394243	-0.150958965187629
-1047.2032346077	-384	-0.0610584041670406	-0.0606636015484078	-0.149677778449792	-0.145186990939399
-1047.2032346077	-358.4	-0.0619079100281352	-0.0616983975535217	-0.143324888539833	-0.138823592460801
-1047.2032346077	-332.8	-0.0627007368482582	-0.0627432552825287	-0.136322079422258	-0.131888473437433
-1047.2032346077	-307.2	-0.0641474769755116	-0.0637841479476316	-0.129019426820137	-0.124366619962405
-1047.2032346077	-281.6	-0.0653155777651998	-0.0648036013782252	-0.120984081003699	-0.116253617028122
-1047.2032346077	-256	-0.0663521218554056	-0.0657836396956613	-0.112890845898005	-0.107556755937362
-1047.2032346077	-230.4	-0.0673851979059619	-0.0667074807002649	-0.1032188007464	-0.0982956979021365
-1047.2032346077	-204.8	-0.0680772044585738	-0.067560903844719	-0.0929736609503045	-0.0885018674296184
-1047.2032346077	-179.2	-0.0687368243408343	-0.0683329695197691	-0.0826457045050029	-0.0782170337983769
-1047.2032346077	-153.6	-0.0701088627557622	-0.0690165172052369	-0.071190021794732	-0.0674909988456071
-1047.2032346077	-128	-0.0716849728597072	-0.0696079602079915	-0.0572834478190122	-0.0563791460824189
-1047.2032346077	-102.4	-0.0719310390086774	-0.0701047205465737	-0.0455224361727429	-0.0449421987512845
-1047.2032346077	-76.8	-0.0718997000505551	-0.0705027491949451	-0.0333904975704252	-0.0332461258130021
-1047.2032346077	-51.2	-0.0718510056728455	-0.0707971728861614	-0.0212072925222095	-0.0213610401395258
-1047.2032346077	-25.6	-0.0718022829041391	-0.0709836099972709	-0.00901698412137112	-0.00936112995654164
-1047.2032346077	0	-0.0717535317195989	-0.0710591461158876	0.00318043384625917	0.00267774349551291
-1047.2032346077	25.6	-0.0717047520943587	-0.0710227584757329	0.0153849676021012	0.0146794054214175
-1047.2032346077	51.2	-0.0716559440035236	-0.0708752834255323	0.0275966233748357	0.0265712091511801
-1047.2032346077	76.8	-0.0716071074221693	-0.070618993445335	0.0398154074004154	0.0382876726214714
-1047.2032346077	102.4	-0.0715582423253426	-0.0702571488594769	0.0520413259220749	0.0497694745135122
-1047.2032346077	128	-0.0712167423031268	-0.0697928620773656	0.0640271949320956	0.0609587865142679
-1047.2032346077	153.6	-0.070302923154247	-0.0692282603392447	0.0750749571173042	0.0717968927384668
-1047.2032346077	179.2	-0.069057882705671	-0.0685653904414341	0.0860124925585128	0.0822267394155984
-1047.2032346077	204.8	-0.0684436454026241	-0.0678087854142144	0.0964138251677714	0.0921969259218828
-1047.2032346077	230.4	-0.0678387284536512	-0.0669670781437125	0.106670382923354	0.101664080778005
-1047.2032346077	256	-0.0667945206269879	-0.0660526929867536	0.11491641782503	0.11059502262048
-1047.2032346077	281.6	-0.0657220520832171	-0.0650809959263498	0.122893259353716	0.118967511405287
-1047.2032346077	307.2	-0.064213092815638	-0.0640695813315173	0.130924043239257	0.126771978689311
-1047.2032346077	332.8	-0.0631548027203116	-0.0630358219476561	0.138726300691318	0.134011405528374
-1047.2032346077	358.4	-0.061777402325761	-0.0619948529358268	0.144776835792678	0.140700604710196
-1047.2032346077	384	-0.0604956409708127	-0.060959165531541	0.150358980072367	0.146860764945758
-1047.2032346077	409.6	-0.0598341338037744	-0.0599391235833028	0.156191425458135	0.152471922664294
-1047.2032346077	435.2	-0.0587513819721285	-0.0589417555569818	0.160430089822817	0.157617886475767
-1047.2032346077	460.8	-0.0579225180013179	-0.0579771149820863	0.16479702622252	0.162282510909768
-1047.2032346077	486.4	-0.0567768388454956	-0.0570476795134661	0.170162230505691	0.166571776175169
-1047.2032346077	512	-0.0558445346853479	-0.0561570224845434	0.17347025423082	0.170518855234329
-1047.2032346077	537.6	-0.0552692313650832	-0.0553070008380293	0.177384421221751	0.174157943788673
-1047.2032346077	563.2	-0.0541129582480049	-0.054495792510538	0.179413148638866	0.177536390796734
-1047.2032346077	588.8	-0.0532286451204764	-0.0537197218883539	0.182634736749977	0.180696215398588
-1047.2032346077	614.4	-0.0524816996547655	-0.0529854200056651	0.185019142239632	0.183633798796742
-1047.2032346077	640	-0.0516922943549052	-0.0522876548766159	0.187367178082084	0.186393511384216
-1047.2032346077	665.6	-0.0512444932034874	-0.0516192651021427	0.189522411644777	0.189001618464184
-1047.2032346077	691.2	-0.0508864454902104	-0.0509955773576747	0.191762409050994	0.191452581395174
-1047.2032346077	716.8	-0.0503598328754023	-0.0503927366670344	0.19419111451891	0.193784067025528
-1034.58632816664	-742.4	-0.0477443991909898	-0.0480442751980584	-0.195265335491514	-0.195090300418973
-1034.58632816664	-716.8	-0.0484547475073948	-0.0486124626289683	-0.193738440177022	-0.192924833065784
-1034.58632816664	-691.2	-0.0489135870479096	-0.0491967833290008	-0.191654783462856	-0.190650886068295
-1034.58632816664	-665.6	-0.0493269517912635	-0.0498122034915252	-0.18937628917644	-0.18824853561392
-1034.58632816664	-640	-0.0501066470473143	-0.0504592590919876	-0.187022687803231	-0.185692612401932
-1034.58632816664	-614.4	-0.0509534368420409	-0.051128966234605	-0.184331342165222	-0.182993569719719
-1034.58632816664	-588.8	-0.0516094409666194	-0.0518437456699989	-0.18192671139226	-0.180066026384623
-1034.58632816664	-563.2	-0.0521426185673242	-0.0525858485912045	-0.179258925346006	-0.176963454848225
-1034.58632816664	-537.6	-0.0531837283359473	-0.0533724338166551	-0.176057565484804	-0.173572665419898
-1034.58632816664	-512	-0.0538131465056459	-0.0541930868714486	-0.172912562049792	-0.169937512002171
-1034.58632816664	-486.4	-0.0548434482520373	-0.0550570590583533	-0.168642553770861	-0.165944994958878
-1034.58632816664	-460.8	-0.0559202589746464	-0.0559577779069485	-0.164259168904081	-0.161634778248348
-1034.58632816664	-435.2	-0.0566558903459917	-0.0569006691818036	-0.160256799462763	-0.156830357739589
-1034.58632816664	-409.6	-0.0580250610340535	-0.0578760637060459	-0.155548378867871	-0.151567093173433
-1034.58632816664	-384	-0.0592353110298397	-0.0588798745798552	-0.150447452621667	-0.145751882773382
-1034.58632816664	-358.4	-0.0600128381887285	-0.0599052456132519	-0.144267895585114	-0.139391278264293
-1034.58632816664	-332.8	-0.0610474167878376	-0.0609436473579528	-0.136726234028293	-0.132457980065041
-1034.58632816664	-307.2	-0.0623995805892723	-0.061981723055366	-0.12958014847812	-0.12493434667978
-1034.58632816664	-281.6	-0.0633111967989482	-0.0630026767613168	-0.121558110033544	-0.116813983266177
-1034.58632816664	-256	-0.0645007945070567	-0.0639888094991206	-0.112823210408146	-0.108102029471275
-1034.58632816664	-230.4	-0.0655293486737001	-0.0649231801428622	-0.10346285549798	-0.0988161949124379
-1034.58632816664	-204.8	-0.0659714913350726	-0.0657909669875511	-0.0939516542476419	-0.0889867821344017
-1034.58632816664	-179.2	-0.0666910089475626	-0.0665804015179349	-0.083303839415021	-0.0786553220333716
-1034.58632816664	-153.6	-0.0681076173251338	-0.0672830333305744	-0.0720550480373123	-0.0678724131586247
-1034.58632816664	-128	-0.0695041150388473	-0.0678932164056709	-0.0579317338027624	-0.0566952937584346
-1034.58632816664	-102.4	-0.0700867752471337	-0.0684063016483383	-0.0459095829306379	-0.0451870185868284
-1034.58632816664	-76.8	-0.0701772883278567	-0.0688171321092206	-0.0332587159359322	-0.0334158817705021
-1034.58632816664	-51.2	-0.0702408028528107	-0.0691204771363354	-0.0206958690211741	-0.0214539471078381
-1034.58632816664	-25.6	-0.0701914334050154	-0.0693117632021039	-0.00850776600529012	-0.00937739245483935
-1034.58632816664	0	-0.0701420350870131	-0.0693878936168955	0.00368746435497966	0.00273559601683464
-1034.58632816664	25.6	-0.0700926078734724	-0.0693481785990219	0.0158898283133437	0.0148070760959457
-1034.58632816664	51.2	-0.0700431517390322	-0.0691941268859173	0.0280993321308288	0.0267633378984404
-1034.58632816664	76.8	-0.0699936666583018	-0.068928644318756	0.0403159820757908	0.038538324336408
-1034.58632816664	102.4	-0.0699441526058606	-0.068555930310352	0.0525397844239255	0.0500724951829713
-1034.58632816664	128	-0.0695267158321361	-0.0680805209477277	0.0643333187663162	0.0613078599829441
-1034.58632816664	153.6	-0.068708167287367	-0.0675060043871916	0.0754704696783704	0.0721855576329617
-1034.58632816664	179.2	-0.0675263918104486	-0.0668353628592849	0.086367421353364	0.0826482526947141
-1034.58632816664	204.8	-0.066748584556781	-0.0660734518531104	0.0971518299653051	0.092644605791736
-1034.58632816664	230.4	-0.0660494944850144	-0.0652293677246991	0.106836040671237	0.102131561907292
-1034.58632816664	256	-0.0650292668383534	-0.0643159991230764	0.115330217694134	0.111076702222177
-1034.58632816664	281.6	-0.0640238622072081	-0.0633487018799169	0.12329596962481	0.119458612172546
-1034.58632816664	307.2	-0.06283052553986	-0.0623446907828862	0.131925044760837	0.127268331380488
-1034.58632816664	332.8	-0.0616478181024978	-0.0613206142563466	0.139408664300168	0.134509509076155
-1034.58632816664	358.4	-0.0602050254483625	-0.0602907648735905	0.145290121705489	0.141196779386003
-1034.58632816664	384	-0.0590015581506941	-0.0592667188498005	0.151161175964006	0.147352662852917
-1034.58632816664	409.6	-0.0581769962501617	-0.0582567924539105	0.156764250848313	0.153003072860436
-1034.58632816664	435.2	-0.0570831778061741	-0.0572695681615454	0.160632610678357	0.158135854023522
-1034.58632816664	460.8	-0.0561025365396568	-0.0563108475772782	0.165690550188318	0.162835093509654
-1034.58632816664	486.4	-0.0551722484276407	-0.0553936540727844	0.171067258282093	0.167066248620855
-1034.58632816664	512	-0.0540688321479381	-0.0545115058310916	0.173968606370183	0.170997739531543
-1034.58632816664	537.6	-0.053593083358742	-0.0536737893638588	0.177540959693662	0.174591533449288
-1034.58632816664	563.2	-0.0524193830852331	-0.0528703543145947	0.179296271818817	0.177955179248906
-1034.58632816664	588.8	-0.051584963331274	-0.0521137473557559	0.182663258622487	0.181045381283613
-1034.58632816664	614.4	-0.0510584497723016	-0.0513867285224929	0.185539182678599	0.183969970533415
-1034.58632816664	640	-0.0504688511871261	-0.0507080376121852	0.187763789442811	0.186677059291958
-1034.58632816664	665.6	-0.0499810961717366	-0.0500570473434111	0.189584765176347	0.189247134733735
-1034.58632816664	691.2	-0.0493858471951028	-0.0494412491617011	0.192060283292562	0.191667994852291
-1034.58632816664	716.8	-0.0486693979299597	-0.0488581455384717	0.194259205066621	0.193962134704432
-1034.58632816664	742.4	-0.0480239916802338	-0.0482975564543508	0.196240712193693	0.19614492055416
-1021.96942172558	-768	-0.0454363492227483	-0.0459826253887352	-0.197419580520977	-0.197334001126707
-1021.96942172558	-742.4	-0.0463788661478812	-0.0464985170772025	-0.195436652540584	-0.195292149942611
-1021.96942172558	-716.8	-0.0470583919315653	-0.0470445335260077	-0.193313271686089	-0.193158438368148
-1021.96942172558	-691.2	-0.0475648708558162	-0.04761134970276	-0.191269140261757	-0.190919634736951
-1021.96942172558	-665.6	-0.0480074935158394	-0.0482064186153204	-0.189557310835029	-0.188555378480064
-1021.96942172558	-640	-0.0486403733036892	-0.0488282368652137	-0.187403918715261	-0.186053359377897
-1021.96942172558	-614.4	-0.0492664278365501	-0.0494928952720493	-0.184977512647632	-0.183345305540901
-1021.96942172558	-588.8	-0.0499046603915573	-0.0501754425926224	-0.182389337621816	-0.180512285276306
-1021.96942172558	-563.2	-0.0505214205381784	-0.050906445644106	-0.179617508142842	-0.177401660210706
-1021.96942172558	-537.6	-0.0514782176079977	-0.0516734351577369	-0.176389498208351	-0.174048764899774
-1021.96942172558	-512	-0.0520858191049101	-0.052472704228652	-0.173322340546642	-0.17048660909221
-1021.96942172558	-486.4	-0.0528323180302005	-0.0533184777564515	-0.16957748349864	-0.166545590195241
-1021.96942172558	-460.8	-0.0541907620292651	-0.0542066931883044	-0.16506621705442	-0.162203124643562
-1021.96942172558	-435.2	-0.0552673588217845	-0.0551339847793989	-0.160863706484486	-0.157416461814407
-1021.96942172558	-409.6	-0.0560982346043508	-0.0560968753133746	-0.156028404184406	-0.152118956571386
-1021.96942172558	-384	-0.0572584214172955	-0.0570889623606939	-0.150708664533279	-0.146310746434214
-1021.96942172558	-358.4	-0.0581126136437139	-0.0581048837006274	-0.145213466669177	-0.139956145094649
-1021.96942172558	-332.8	-0.0593198303346446	-0.0591362998637676	-0.137389845117878	-0.13302650443007
-1021.96942172558	-307.2	-0.0605396085508299	-0.0601708773812104	-0.130204212420876	-0.125502565849268
-1021.96942172558	-281.6	-0.0612560062222553	-0.0611927859689891	-0.122131671902714	-0.117375742610103
-1021.96942172558	-256	-0.0623344501010047	-0.0621845693003312	-0.113401622937333	-0.108649296594445
-1021.96942172558	-230.4	-0.0634985239299622	-0.0631290168603893	-0.104192710599123	-0.0993393835106889
-1021.96942172558	-204.8	-0.0642170356972544	-0.0640107843036024	-0.0946015216826993	-0.0894753011418621
-1021.96942172558	-179.2	-0.0651838151377508	-0.0648172899653592	-0.0830398962175363	-0.0790987050430386
-1021.96942172558	-153.6	-0.0663984040837358	-0.0655386611037743	-0.0707917765400451	-0.0682612870167211
-1021.96942172558	-128	-0.0673649729413809	-0.0661670959011864	-0.0575152056258136	-0.0570221159589356
-1021.96942172558	-102.4	-0.0679820144411171	-0.0666958702767838	-0.0472549222090874	-0.0454463676721954
-1021.96942172558	-76.8	-0.0680722993194752	-0.0671189303464731	-0.0346013210922072	-0.0336040715316454
-1021.96942172558	-51.2	-0.0681626055539754	-0.0674308195066576	-0.0219447268705148	-0.0215688806528906
-1021.96942172558	-25.6	-0.0682529331521961	-0.0676267876837909	-0.00928513848189324	-0.00941878504228131
-1021.96942172558	0	-0.0683432821217191	-0.0677036596803986	0.00337744513627694	0.00276631024915461
-1021.96942172558	25.6	-0.06843365247013	-0.0676609019201972	0.0160430250471182	0.0149076035251832
-1021.96942172558	51.2	-0.068493474653471	-0.0675004540831413	0.028610727850314	0.026930605041895
-1021.96942172558	76.8	-0.0684435592053535	-0.0672258416623741	0.0408218666690791	0.0387676880661976
-1021.96942172558	102.4	-0.0683936145471059	-0.0668421107999797	0.053040151350837	0.0503577681063104
-1021.96942172558	128	-0.0677299412490787	-0.0663552247211602	0.0646960615519347	0.0616418091371877
-1021.96942172558	153.6	-0.066834754659178	-0.0657704559763123	0.0760452863487179	0.0725608038991272
-1021.96942172558	179.2	-0.0658420705953362	-0.0650921031334515	0.0870080274493119	0.083057742094149
-1021.96942172558	204.8	-0.0650906346039864	-0.0643255409874563	0.0978202207685231	0.0930814953558563
-1021.96942172558	230.4	-0.0642784791912573	-0.0634800516295994	0.107030287255612	0.102588988231161
-1021.96942172558	256	-0.0632608615156576	-0.0625686667388878	0.11577965192385	0.111548480882754
-1021.96942172558	281.6	-0.062170107605308	-0.0616065467069036	0.123829425462775	0.11993973753285
-1021.96942172558	307.2	-0.0609750116180342	-0.0606103763193966	0.132299368083784	0.127754776927618
-1021.96942172558	332.8	-0.0599253504741737	-0.0595961938523581	0.139869234376724	0.13499756303289
-1021.96942172558	358.4	-0.0588338889200395	-0.058577683621069	0.14607722905415	0.141682486127765
-1021.96942172558	384	-0.0576668257477739	-0.0575656597963501	0.152013318491013	0.147832277214636
-1021.96942172558	409.6	-0.056288157188531	-0.0565680147029575	0.157105864578399	0.15347503145287
-1021.96942172558	435.2	-0.0552959569838086	-0.0555911942101966	0.161240293733221	0.158640709834159
-1021.96942172558	460.8	-0.0541950282643245	-0.0546443225683681	0.166714643441685	0.163324779784484
-1021.96942172558	486.4	-0.0535523615324855	-0.0537336275846388	0.171405853341602	0.167588853126259
-1021.96942172558	512	-0.0522958417947242	-0.0528644634860126	0.174466197333185	0.171473169544088
-1021.96942172558	537.6	-0.0519532040670061	-0.052043433683326	0.177513418625266	0.174999194879493
-1021.96942172558	563.2	-0.0507921717768477	-0.0512532269536417	0.179804907250608	0.178329327026196
-1021.96942172558	588.8	-0.0499100878888282	-0.0505005363078929	0.183339078101613	0.1814306157212
-1021.96942172558	614.4	-0.0495980624863373	-0.0498004931119965	0.185975539040214	0.184267499280315
-1021.96942172558	640	-0.0491111913026383	-0.0491221796259342	0.188315605558911	0.18698652398029
-1021.96942172558	665.6	-0.0483669446962064	-0.0484907302426428	0.190403131963217	0.189508126172348
-1021.96942172558	691.2	-0.0474816944279518	-0.0478900917089299	0.19276556745904	0.19189464909285
-1021.96942172558	716.8	-0.0467642405305603	-0.0473203108173938	0.194714615265313	0.194156178817658
-1021.96942172558	742.4	-0.0464892202987968	-0.0467754943319883	0.196582952367785	0.196310819709609
-1021.96942172558	768	-0.0458086157488744	-0.0462596352560991	0.198356467724571	0.198374080869748
-1009.35251528453	-768	-0.0438277947324526	-0.0444438950013525	-0.198215833796725	-0.197518416020126
-1009.35251528453	-742.4	-0.0446564768797774	-0.0449528984536596	-0.195956876304864	-0.195507007337832
-1009.35251528453	-716.8	-0.0451679008022575	-0.0454748100244782	-0.193810413410471	-0.193405407563805
-1009.35251528453	-691.2	-0.0459094001501215	-0.0460236705971835	-0.191481592720453	-0.191197971716191
-1009.35251528453	-665.6	-0.0466593642529414	-0.0465950961246981	-0.18972142858916	-0.188876986264689
-1009.35251528453	-640	-0.0471082750664365	-0.0472054936482602	-0.187846058815764	-0.186385291591739
-1009.35251528453	-614.4	-0.0477709124773719	-0.047834555238047	-0.18523433511094	-0.183774040018171
-1009.35251528453	-588.8	-0.0482663009796573	-0.0485104716610962	-0.182868735723589	-0.180913794056285
-1009.35251528453	-563.2	-0.0490157944431762	-0.049215600833687	-0.180151317570411	-0.177878026557744
-1009.35251528453	-537.6	-0.0498882095266793	-0.0499610726057861	-0.176885194926241	-0.174585906161259
-1009.35251528453	-512	-0.0505912541619228	-0.0507434538294375	-0.173520733566331	-0.171050327226153
-1009.35251528453	-486.4	-0.0511344390595085	-0.0515740202462964	-0.170125841307513	-0.167108682275035
-1009.35251528453	-460.8	-0.0522104303359934	-0.0524482259770774	-0.166021894583681	-0.162745892662045
-1009.35251528453	-435.2	-0.0534289279539818	-0.0533610633459374	-0.161597855791091	-0.15795084200019
-1009.35251528453	-409.6	-0.0541994506712781	-0.054310281867033	-0.156807913903681	-0.152664556777496
-1009.35251528453	-384	-0.0552873455357603	-0.0552910394231981	-0.150969108260475	-0.146866234495705
-1009.35251528453	-358.4	-0.0560768765967182	-0.0562976310433362	-0.14563646836209	-0.140519444334987
-1009.35251528453	-332.8	-0.0575861802958889	-0.057321970494652	-0.138230063016185	-0.133594929168215
-1009.35251528453	-307.2	-0.0587307470176795	-0.0583528925649657	-0.130878238061442	-0.126071700292324
-1009.35251528453	-281.6	-0.0594754370608869	-0.0593756073286343	-0.122900835246351	-0.117938900032758
-1009.35251528453	-256	-0.0603745917043756	-0.0603729423059374	-0.114063990996156	-0.109198030721992
-1009.35251528453	-230.4	-0.0616082164324255	-0.0613273189967014	-0.104518231342906	-0.0998641460819264
-1009.35251528453	-204.8	-0.0625134078417713	-0.0622227496234526	-0.0948539911361573	-0.0899662356981769
-1009.35251528453	-179.2	-0.0636746228793489	-0.0630457419135857	-0.0827756030472031	-0.0795465000252525
-1009.35251528453	-153.6	-0.0646214796244473	-0.0637849849777159	-0.0694297830769214	-0.0686576423855239
-1009.35251528453	-128	-0.0651222334370078	-0.0644306193285125	-0.0582461421290218	-0.0573601687486614
-1009.35251528453	-102.4	-0.0660092295055756	-0.0649740404406826	-0.0482837798448297	-0.0457208564989328
-1009.35251528453	-76.8	-0.0661179589521132	-0.0654084062029154	-0.035616352601018	-0.033810824291324
-1009.35251528453	-51.2	-0.0662104595699571	-0.0657281583906137	-0.0229515318492716	-0.0217050786539912
-1009.35251528453	-25.6	-0.0663029821328854	-0.0659284904405875	-0.0102837064628905	-0.00948325712609184
-1009.35251528453	0	-0.0663955266487085	-0.0660062830343251	0.00238712462749303	0.00277340848032151
-1009.35251528453	25.6	-0.0664880931252405	-0.0659610489206094	0.0150609624917542	0.0149855214292488
-1009.35251528453	51.2	-0.0665806815702991	-0.0657947839067382	0.0277378082002761	0.0270777417260893
-1009.35251528453	76.8	-0.0666728611429404	-0.0655114727059574	0.040494094083273	0.0389802067549606
-1009.35251528453	102.4	-0.0667549717140737	-0.0651170438263704	0.0534266097289416	0.0506292969321044
-1009.35251528453	128	-0.0658343040642784	-0.064618728341002	0.0649408792715411	0.0619642461620342
-1009.35251528453	153.6	-0.0649505536246841	-0.0640235433451824	0.0765826804996557	0.0729258180426043
-1009.35251528453	179.2	-0.0641532853072941	-0.0633374870447415	0.0876470670228088	0.0834578673775438
-1009.35251528453	204.8	-0.0634547524759696	-0.0625667558940784	0.0981212703038452	0.0935096898946692
-1009.35251528453	230.4	-0.0626438285276323	-0.0617205255313775	0.107463259700366	0.10303817979761
-1009.35251528453	256	-0.0615729598248316	-0.0608116158276418	0.116179007237385	0.112012181984421
-1009.35251528453	281.6	-0.0603188013248075	-0.0598549340990418	0.124476143730689	0.120412757363514
-1009.35251528453	307.2	-0.0590278555457713	-0.0588666258779779	0.132451339826748	0.128233027359756
-1009.35251528453	332.8	-0.0578936528020119	-0.0578621909041612	0.140197265717413	0.135476981073795
-1009.35251528453	358.4	-0.0572329473567011	-0.0568547878803078	0.14666790700396	0.142159020850046
-1009.35251528453	384	-0.0557888250893087	-0.0558546901531059	0.152557759297473	0.148302317252733
-1009.35251528453	409.6	-0.0543127844373933	-0.0548697781798475	0.157508358057617	0.153936038698532
-1009.35251528453	435.2	-0.0535162694230856	-0.0539068076008893	0.162272483225833	0.159092380375126
-1009.35251528453	460.8	-0.0523849392556368	-0.0529729879085164	0.167414277662484	0.163786947099366
-1009.35251528453	486.4	-0.0519212648863024	-0.0520726795763869	0.171422436926703	0.168073025483736
-1009.35251528453	512	-0.0506864832884805	-0.0512133302336143	0.174668955198274	0.171960461295155
-1009.35251528453	537.6	-0.0502698483512162	-0.0504035004553684	0.177417203341136	0.175463499009654
-1009.35251528453	563.2	-0.0492071312931828	-0.0496296183012214	0.1807030017337	0.178738284639768
-1009.35251528453	588.8	-0.0483666256990803	-0.0488975480568305	0.183730991377426	0.181770530753574
-1009.35251528453	614.4	-0.0480665008243328	-0.0481965108702136	0.186218909749554	0.184637492198649
-1009.35251528453	640	-0.0475474733979491	-0.0475478940817738	0.18885973946196	0.187267068255539
-1009.35251528453	665.6	-0.0467395576914386	-0.0469222442888431	0.191153313979666	0.189781234254246
-1009.35251528453	691.2	-0.0457801809715328	-0.0463386776567787	0.192926743353887	0.192128700236387
-1009.35251528453	716.8	-0.0453019533182651	-0.0457814391339435	0.194618148155252	0.19436178209076
-1009.35251528453	742.4	-0.0450678555863569	-0.0452528019347904	0.196721409603382	0.196488599250121
-1009.35251528453	768	-0.0444153861288672	-0.0447449356570823	0.198789047741343	0.198521783431221
-996.735608843469	-793.6	-0.0419561132990432	-0.04244721398784	-0.199523870414494	-0.199621885371221
-996.735608843469	-768	-0.0424774478653192	-0.0429164923682439	-0.197993882281945	-0.19771602160901
-996.735608843469	-742.4	-0.0430444320250891	-0.0433939337569553	-0.196400703778389	-0.195734504718816
-996.735608843469	-716.8	-0.0434026686692816	-0.0439031239942086	-0.194266259040176	-0.193659430759488
-996.735608843469	-691.2	-0.0440428259880734	-0.0444321267154909	-0.192089189420556	-0.19148295444979
-996.735608843469	-665.6	-0.0447818497257054	-0.044985941127589	-0.190164808784041	-0.189189001224386
-996.735608843469	-640	-0.0452735183839117	-0.0455709338650081	-0.188417805480183	-0.18674438587192
-996.735608843469	-614.4	-0.0461720826543727	-0.0461838511599851	-0.185577511606915	-0.184149738492616
-996.735608843469	-588.8	-0.0467975110643564	-0.0468326832316887	-0.183095142620408	-0.181359936733508
-996.735608843469	-563.2	-0.047511261444277	-0.0475180689991105	-0.180557056576092	-0.178359185313478
-996.735608843469	-537.6	-0.0481345328687418	-0.048243909211758	-0.177605684032275	-0.175101402842179
-996.735608843469	-512	-0.0489726469993908	-0.0490101042332962	-0.173916322449672	-0.171563365420334
-996.735608843469	-486.4	-0.0496702613436745	-0.0498239307294596	-0.17031911443645	-0.167625484511619
-996.735608843469	-460.8	-0.0502656039765149	-0.0506813700069225	-0.166711607125552	-0.163278097303833
-996.735608843469	-435.2	-0.0514827142102407	-0.0515801682535003	-0.162296990493376	-0.158479241880864
-996.735608843469	-409.6	-0.0522355535600713	-0.0525163278629048	-0.157623386859063	-0.15320592929473
-996.735608843469	-384	-0.0530908474196979	-0.0534861987729501	-0.15176429665485	-0.147418859003478
-996.735608843469	-358.4	-0.0540122908833459	-0.0544836627222684	-0.14577167926809	-0.141081478497526
-996.735608843469	-332.8	-0.0556307192224989	-0.0555011665476192	-0.13880068342923	-0.134163364468239
-996.735608843469	-307.2	-0.05673930208092	-0.0565286805226803	-0.131508583139775	-0.126641604948948
-996.735608843469	-281.6	-0.0576088771113153	-0.0575523522168644	-0.123472143464843	-0.118503111108056
-996.735608843469	-256	-0.0584985448931132	-0.0585552901367656	-0.114747515526685	-0.109747759198088
-996.735608843469	-230.4	-0.0596088139637536	-0.0595196018800175	-0.104976630101553	-0.10039013865138
-996.735608843469	-204.8	-0.0608033105416004	-0.0604284876182908	-0.0951915972724071	-0.0904597370314916
-996.735608843469	-179.2	-0.0620503856126248	-0.0612673443122022	-0.0831455767992168	-0.0799994530031352
-996.735608843469	-153.6	-0.0629960331050953	-0.0620234561558959	-0.0709231323569487	-0.069062563693551
-996.735608843469	-128	-0.063072044112184	-0.0626850354028406	-0.0597850266373331	-0.0577104609537202
-996.735608843469	-102.4	-0.0640109609115406	-0.0632418362710772	-0.0488562272741524	-0.0460108530418305
-996.735608843469	-76.8	-0.0644162401015803	-0.06368632411142	-0.0360828438720165	-0.0340354881881168
-996.735608843469	-51.2	-0.064508564784471	-0.0640129863492045	-0.0234145244221327	-0.0218605670455206
-996.735608843469	-25.6	-0.0646009113768541	-0.0642171896121179	-0.0107431986640707	-0.0095671165230158
-996.735608843469	0	-0.0646925296759315	-0.0642959400701409	0.00210391220398597	0.00276231323956554
-996.735608843469	25.6	-0.0647837447824367	-0.0642487470479979	0.0150431724352512	0.0150471532461365
-996.735608843469	51.2	-0.0648749530168431	-0.0640774523763852	0.0279814578293544	0.0272106529961536
-996.735608843469	76.8	-0.0649661543799272	-0.063786313267685	0.0409187684964571	0.0391805871376007
-996.735608843469	102.4	-0.0645888035084822	-0.0633819918351574	0.053492652442498	0.0508906854197477
-996.735608843469	128	-0.0634986916749607	-0.0628727811654051	0.0651069163697071	0.0622781994977283
-996.735608843469	153.6	-0.0628883543590281	-0.0622673381910296	0.0772386186353386	0.073283371144937
-996.735608843469	179.2	-0.0624023494441708	-0.0615736243559969	0.0883053524335028	0.0838510777809866
-996.735608843469	204.8	-0.0617408398589316	-0.0607989780612383	0.0983951261191243	0.093931275057849
-996.735608843469	230.4	-0.0609578304331701	-0.0599523758140647	0.107819564299174	0.103481064785149
-996.735608843469	256	-0.0599153093873602	-0.059046096511256	0.11655926804098	0.11246983847934
-996.735608843469	281.6	-0.058503085109647	-0.0580946916598074	0.12547804943102	0.120879781454916
-996.735608843469	307.2	-0.0571778811064692	-0.0571138527402006	0.132861038207136	0.128704858120852
-996.735608843469	332.8	-0.0560311587974995	-0.0561186279956458	0.140567905366495	0.135949305371073
-996.735608843469	358.4	-0.0554847677310468	-0.0551217317249726	0.14711787903124	0.142627898647654
-996.735608843469	384	-0.054110495624288	-0.0541332245984369	0.1527565431971	0.148764426907131
-996.735608843469	409.6	-0.0525629576968385	-0.0531614171599194	0.158449543830188	0.154389186701789
-996.735608843469	435.2	-0.0517331167836806	-0.0522134162363066	0.163306682407047	0.159535364254716
-996.735608843469	460.8	-0.0508329866042457	-0.0512945518493916	0.167574108889471	0.164236316302073
-996.735608843469	486.4	-0.0502968974637315	-0.0504101261183593	0.171452857364766	0.168510398490857
-996.735608843469	512	-0.0491669382708914	-0.0495643044200258	0.174705132642575	0.172397031435384
-996.735608843469	537.6	-0.0485028691891175	-0.0487648344216802	0.177890029485783	0.175905591598461
-996.735608843469	563.2	-0.0476286669447512	-0.0480046587575776	0.181573636091106	0.179150571200021
-996.735608843469	588.8	-0.0469698165417486	-0.0472858134154926	0.184219762370682	0.182152536656913
-996.735608843469	614.4	-0.0464530877609988	-0.0466060879210513	0.186484196867413	0.184955154037903
-996.735608843469	640	-0.0457913497570466	-0.0459665188816478	0.189198310147659	0.18757230718124
-996.735608843469	665.6	-0.0449659152468372	-0.045358851622506	0.190933847203382	0.190044290968261
-996.735608843469	691.2	-0.0442286764049439	-0.0447864232037144	0.192702842678546	0.192367811168861
-996.735608843469	716.8	-0.0438504539583046	-0.0442423241044258	0.194720788913101	0.194573433717444
-996.735608843469	742.4	-0.0435725615788693	-0.043723147685657	0.197243722519499	0.196675941464624
-996.735608843469	768	-0.0429801619239624	-0.043234782806249	0.199354462185297	0.198685174827231
-996.735608843469	793.6	-0.0425079109613271	-0.0427644458481859	0.200559784938545	0.200614262861653
-984.118702402412	-793.6	-0.0403380265490637	-0.0409265856359694	-0.20012466794435	-0.199801900225017
-984.118702402412	-768	-0.040876282151951	-0.0413743452793884	-0.198182275008662	-0.197921133279917
-984.118702402412	-742.4	-0.04150817549079	-0.0418383967088853	-0.196813714958466	-0.195965824571902
-984.118702402412	-716.8	-0.0418616889202713	-0.0423253150273026	-0.194664796533778	-0.193921321707202
-984.118702402412	-691.2	-0.042374427068035	-0.042834217478613	-0.192505171323086	-0.191776779617235
-984.118702402412	-665.6	-0.0430892120776961	-0.0433699448844088	-0.190502827676305	-0.189508798585647
-984.118702402412	-640	-0.0434023178732403	-0.0439292878739122	-0.188919640382692	-0.187119286595974
-984.118702402412	-614.4	-0.0442562061447516	-0.0445249575850965	-0.186288053000008	-0.184540495084083
-984.118702402412	-588.8	-0.0452118324055573	-0.0451495816656098	-0.183449730123389	-0.181807499450677
-984.118702402412	-563.2	-0.045937196060582	-0.045815301800378	-0.180752749523835	-0.178831293780007
-984.118702402412	-537.6	-0.0462930324977361	-0.0465205525316991	-0.178229393742308	-0.175606048367792
-984.118702402412	-512	-0.0470544861644441	-0.0472699558686111	-0.174725269637714	-0.172061595524704
-984.118702402412	-486.4	-0.0477958378257494	-0.048066273572468	-0.17093235679291	-0.168131306267429
-984.118702402412	-460.8	-0.0483696880533956	-0.0489078541015359	-0.167344683529536	-0.163785173430994
-984.118702402412	-435.2	-0.0495675184616424	-0.0497915685619968	-0.162818331053003	-0.159002446884664
-984.118702402412	-409.6	-0.0503366940625494	-0.050715127134159	-0.157983057214512	-0.153743311474498
-984.118702402412	-384	-0.0508567025380341	-0.0516745743535542	-0.152738564941869	-0.147968657772505
-984.118702402412	-358.4	-0.0519734509581839	-0.052663385978498	-0.146269492303277	-0.14164199358123
-984.118702402412	-332.8	-0.053553512226317	-0.0536745920270313	-0.139343801043054	-0.134731394526724
-984.118702402412	-307.2	-0.0544932036320209	-0.0546991446668473	-0.132012582693865	-0.127211790963212
-984.118702402412	-281.6	-0.055743560185362	-0.0557239389600458	-0.124043071224295	-0.119068006673229
-984.118702402412	-256	-0.0568246339801806	-0.0567324328227927	-0.11538889228322	-0.110298708270646
-984.118702402412	-230.4	-0.0577627553286443	-0.0577066366249638	-0.105663348738474	-0.100918618608645
-984.118702402412	-204.8	-0.0590573195111464	-0.0586288750190031	-0.0959923859899357	-0.0909579715799497
-984.118702402412	-179.2	-0.0603420005227474	-0.0594831204136428	-0.0839899965827573	-0.0804600756361733
-984.118702402412	-153.6	-0.0613642134627915	-0.0602550934337854	-0.0726768870561572	-0.0694782920838783
-984.118702402412	-128	-0.0612756468053666	-0.06093127107138	-0.0616680038410002	-0.0580743905694527
-984.118702402412	-102.4	-0.0620585229155352	-0.0615000848732297	-0.0493817754178941	-0.046316512447942
-984.118702402412	-76.8	-0.0626988205311709	-0.0619534371160868	-0.0362609938206172	-0.034276895384821
-984.118702402412	-51.2	-0.0627905043833466	-0.0622859399454303	-0.023323367651403	-0.0220328285804865
-984.118702402412	-25.6	-0.0628821817333932	-0.0624933435626254	-0.0103866590059742	-0.00966663632791516
-984.118702402412	0	-0.0629738525820025	-0.0625729501906728	0.00254913221327064	0.00273764340038752
-984.118702402412	25.6	-0.0630655169298659	-0.0625242300851846	0.0154840061039191	0.0150975017129095
-984.118702402412	51.2	-0.0631571747776749	-0.0623487769415831	0.0284179627635448	0.0273340595036755
-984.118702402412	76.8	-0.063248826126121	-0.0620509672551262	0.0413510022897076	0.0393727219430357
-984.118702402412	102.4	-0.0624452350780791	-0.0616378900521406	0.0535707199024691	0.051144755413504
-984.118702402412	128	-0.0612697199674006	-0.0611186337009328	0.0655364062564239	0.0625857603937956
-984.118702402412	153.6	-0.0608684133420803	-0.0605033705032524	0.0778787975205678	0.0736352371584951
-984.118702402412	179.2	-0.0606093097193498	-0.0598021744842761	0.0889766629472165	0.084238892665367
-984.118702402412	204.8	-0.0597808087642865	-0.0590237178499569	0.0986459247368906	0.0943475040079074
-984.118702402412	230.4	-0.05885805666186	-0.0581768959374956	0.108488180610189	0.10391876811011
-984.118702402412	256	-0.0581279887354308	-0.0572732769321592	0.117230158250348	0.112922664299204
-984.118702402412	281.6	-0.0566870824220276	-0.0563268883868575	0.126480113205827	0.121342084812756
-984.118702402412	307.2	-0.0554000851428767	-0.0553529710356837	0.133447044057537	0.129171428715312
-984.118702402412	332.8	-0.0543353500071542	-0.05436621665177	0.141002012683739	0.136415584949514
-984.118702402412	358.4	-0.0537186597234377	-0.0533790999953939	0.147466673413862	0.143090060376935
-984.118702402412	384	-0.0524557305115727	-0.0524019158941923	0.152937270090219	0.149219531329609
-984.118702402412	409.6	-0.0509195275974151	-0.0514435650549318	0.159046776255036	0.154835324701197
-984.118702402412	435.2	-0.0501455725619229	-0.0505112968598652	0.163498560558891	0.159970848627654
-984.118702402412	460.8	-0.049282602362614	-0.0496098581127546	0.167737936051484	0.164659225892589
-984.118702402412	486.4	-0.048380906022074	-0.0487420848274357	0.171899192726584	0.168934832906813
-984.118702402412	512	-0.0475755554506456	-0.0479122241977463	0.174882238702612	0.172817100471619
-984.118702402412	537.6	-0.0466457731654012	-0.0471247402339219	0.178761695998534	0.176335199846769
-984.118702402412	563.2	-0.0459562556922636	-0.0463794568089852	0.182199368527991	0.179552298303926
-984.118702402412	588.8	-0.0455738190687985	-0.0456732343575945	0.184708761393984	0.182534465470741
-984.118702402412	614.4	-0.0449093863473225	-0.0450118232323425	0.186848336349374	0.18528622762606
-984.118702402412	640	-0.0439120230150552	-0.0443816350629528	0.189461771814433	0.187891428286675
-984.118702402412	665.6	-0.0432248618224138	-0.043793215921374	0.191119065246633	0.190313295545375
-984.118702402412	691.2	-0.0427970330639742	-0.043231830626922	0.193282329834725	0.192614198705684
-984.118702402412	716.8	-0.0424131552703777	-0.0427010530136448	0.195592724471755	0.19479164882873
-984.118702402412	742.4	-0.0419845942891082	-0.0421965226558518	0.198109505903518	0.19686772328157
-984.118702402412	768	-0.0413074781239546	-0.0417183016230604	0.199891407645457	0.198853020651302
-984.118702402412	793.6	-0.0410051672101147	-0.0412620034027339	0.200720516022054	0.200760761194793
-971.501795961356	-819.2	-0.0385134138889367	-0.039000914603502	-0.202505481283238	-0.201782225314035
-971.501795961356	-793.6	-0.0386537530386463	-0.0394140645841952	-0.200787818951236	-0.199987804447739
-971.501795961356	-768	-0.039274096098333	-0.0398316265739437	-0.198292356452359	-0.198131787264561
-971.501795961356	-742.4	-0.0399749724225836	-0.0402774153287134	-0.196916597498421	-0.196201542126991
-971.501795961356	-716.8	-0.040419353972132	-0.0407407881545593	-0.195018525140707	-0.194191617891441
-971.501795961356	-691.2	-0.0408893517242962	-0.0412363641956576	-0.192886817506795	-0.192058981659646
-971.501795961356	-665.6	-0.0418144495589854	-0.0417462618343719	-0.190712551933875	-0.189840515915157
-971.501795961356	-640	-0.0421110536195694	-0.0422926779663205	-0.188882053786774	-0.187441695739045
-971.501795961356	-614.4	-0.0423742858164553	-0.0428629260377098	-0.18694747009113	-0.18491551416742
-971.501795961356	-588.8	-0.0433434347846768	-0.043468298795208	-0.184043697145307	-0.182196269597336
-971.501795961356	-563.2	-0.0442901643311768	-0.0441074403259412	-0.180894721872119	-0.179294094386687
-971.501795961356	-537.6	-0.0446562913957038	-0.0447934586929571	-0.178359973651947	-0.176077712924752
-971.501795961356	-512	-0.045106863186994	-0.0455241180790559	-0.175570437315965	-0.172538850631366
-971.501795961356	-486.4	-0.0458544310384746	-0.0463030466051431	-0.171769841021301	-0.168611601523439
-971.501795961356	-460.8	-0.0464959051537408	-0.0471273406341491	-0.167818309031394	-0.164284914808012
-971.501795961356	-435.2	-0.0477677294955737	-0.0479959796483241	-0.163125031948425	-0.159519763953442
-971.501795961356	-409.6	-0.0485207092402154	-0.0489069363224958	-0.158192400246456	-0.154276351025346
-971.501795961356	-384	-0.0489980954726041	-0.049856204218302	-0.15312997761156	-0.148515600905363
-971.501795961356	-358.4	-0.0502780477562544	-0.0508370810046064	-0.146592380764422	-0.142200839433035
-971.501795961356	-332.8	-0.0514189137407598	-0.0518428391398822	-0.13989226602428	-0.135298681931661
-971.501795961356	-307.2	-0.0523261099768882	-0.0528649776519826	-0.132470118985634	-0.127781889881944
-971.501795961356	-281.6	-0.0538983348224678	-0.0538910079086382	-0.124625351931767	-0.119633621051478
-971.501795961356	-256	-0.0552872594778862	-0.0549050032153409	-0.116060275572724	-0.110851962021547
-971.501795961356	-230.4	-0.0560233102791103	-0.0558890616081094	-0.106473845836902	-0.101451854332498
-971.501795961356	-204.8	-0.0573058389540655	-0.05682456085964	-0.0966720346275819	-0.0914638604469944
-971.501795961356	-179.2	-0.0586133189248051	-0.0576937412826067	-0.0847457436105263	-0.080931186492558
-971.501795961356	-153.6	-0.0595768899778183	-0.0584804636497602	-0.0739524760691013	-0.0699068787556733
-971.501795961356	-128	-0.0592936517151733	-0.0591696879647177	-0.0624524171538819	-0.0584527693055361
-971.501795961356	-102.4	-0.0610866352723571	-0.0597490217560172	-0.0489096346415781	-0.0466373427661539
-971.501795961356	-76.8	-0.0617773558243795	-0.0602100433527035	-0.0353792715037303	-0.0345334641159109
-971.501795961356	-51.2	-0.0615348495914035	-0.0605473831280788	-0.0225729813711599	-0.0222193604809533
-971.501795961356	-25.6	-0.0612925213295026	-0.0607572627877367	-0.00977608955051885	-0.00977875710812285
-971.501795961356	0	-0.0611767857155093	-0.0608375062067345	0.00306494605630809	0.00270249427917649
-971.501795961356	25.6	-0.0612684459639549	-0.0607876176497377	0.015990238432342	0.0151395052960687
-971.501795961356	51.2	-0.0613600997174421	-0.0606089432254219	0.0289146149344096	0.0274507304892904
-971.501795961356	76.8	-0.0614517469766613	-0.0603057148120396	0.0418380756598544	0.0395589581218496
-971.501795961356	102.4	-0.0606668649869421	-0.059885047218195	0.0538530712753321	0.051393282923089
-971.501795961356	128	-0.0596961459715371	-0.0593566587742603	0.0657198900112698	0.0628878455998134
-971.501795961356	153.6	-0.059132999009221	-0.058732262702649	0.0783544921633388	0.0739817859542203
-971.501795961356	179.2	-0.0588010599613533	-0.0580239402584821	0.0895758371930313	0.0846215232310389
-971.501795961356	204.8	-0.0578406863672033	-0.0572417585093347	0.0989200305550641	0.0947585238371014
-971.501795961356	230.4	-0.0567028611034339	-0.0563947424342708	0.109086810246015	0.104351401383503
-971.501795961356	256	-0.056104897878696	-0.0554937770640935	0.118157210514531	0.113370824548443
-971.501795961356	281.6	-0.0547536377016819	-0.0545522691153681	0.127043681144314	0.121799854636604
-971.501795961356	307.2	-0.0535961146299953	-0.0535849214920058	0.134158236375431	0.129632977039365
-971.501795961356	332.8	-0.0526863932533111	-0.0526060970250514	0.141414074783949	0.136875900008611
-971.501795961356	358.4	-0.0518268907081129	-0.051628366094976	0.148163746078535	0.143545410438081
-971.501795961356	384	-0.0508409368912974	-0.0506625216918747	0.153406714484789	0.149667323708416
-971.501795961356	409.6	-0.0492766630558285	-0.0497178984211266	0.15964380315275	0.155273584791494
-971.501795961356	435.2	-0.0485721137272463	-0.0488017332970948	0.163374180930966	0.160397533798091
-971.501795961356	460.8	-0.0475019894811826	-0.0479183671806077	0.168115051108508	0.165072058527201
-971.501795961356	486.4	-0.0464648574746298	-0.0470697351608747	0.172345541391349	0.169331676542695
-971.501795961356	512	-0.0457323451124454	-0.0462570988840265	0.175433568587089	0.173213967806613
-971.501795961356	537.6	-0.0447932109750067	-0.0454850835986255	0.179629934644803	0.176730196635627
-971.501795961356	563.2	-0.0443772751914098	-0.0447532780119263	0.181736854733163	0.179942673724444
-971.501795961356	588.8	-0.0441076469208504	-0.044069294140356	0.184921303926461	0.182857813092133
-971.501795961356	614.4	-0.0433920856699457	-0.0434198169975107	0.187212309618529	0.185600544479529
-971.501795961356	640	-0.0423867638001472	-0.0428091441359226	0.189842221139786	0.188158715066161
-971.501795961356	665.6	-0.0418080839374688	-0.0422243370339216	0.1916673312359	0.190592348292786
-971.501795961356	691.2	-0.0414212903798761	-0.0416817315789884	0.194003711320479	0.192848748164565
-971.501795961356	716.8	-0.0409187337879146	-0.0411576061497768	0.196114680056348	0.195017322795816
-971.501795961356	742.4	-0.0404436671406051	-0.0406688524107236	0.198052919920591	0.197063154806045
-971.501795961356	768	-0.0399449225095525	-0.0402025161751894	0.19959302904662	0.199026627198442
-971.501795961356	793.6	-0.0396161224789017	-0.0397630176415519	0.200558284885253	0.200914724701941
-971.501795961356	819.2	-0.0390169859192196	-0.039339502733559	0.202678438873451	0.202735381022885
-958.884889520299	-844.8	-0.0369162165498345	-0.0371201279061157	-0.203448753882531	-0.203666893975336
-958.884889520299	-819.2	-0.0373074497312431	-0.0374887585126576	-0.202320571265753	-0.201949123089998
-958.884889520299	-793.6	-0.0375170071991118	-0.0378769145509163	-0.200779919667179	-0.200178753415191
-958.884889520299	-768	-0.0378950904386641	-0.0382854601773116	-0.198535813672773	-0.198345310102831
-958.884889520299	-742.4	-0.0384632982065342	-0.0387152081829843	-0.197026317838363	-0.196434016489769
-958.884889520299	-716.8	-0.0390395296677596	-0.0391573898496912	-0.195380543070423	-0.194450970268135
-958.884889520299	-691.2	-0.0392752008193626	-0.0396277449403088	-0.193440951922146	-0.192357755206056
-958.884889520299	-665.6	-0.0402273431219656	-0.0401209284812239	-0.191255952133818	-0.19015458929162
-958.884889520299	-640	-0.0408079704917006	-0.0406418733539376	-0.188773014358464	-0.187811423740445
-958.884889520299	-614.4	-0.0410519540258437	-0.0411918940835964	-0.186874231144129	-0.185315119654102
-958.884889520299	-588.8	-0.0416021317681401	-0.0417758899164768	-0.184390669486743	-0.182629333444121
-958.884889520299	-563.2	-0.0425622772621783	-0.0423963243977326	-0.181235578644337	-0.179730093186769
-958.884889520299	-537.6	-0.0430269727365926	-0.0430621051300412	-0.178530776434168	-0.176523500380335
-958.884889520299	-512	-0.0434199945637183	-0.0437736361205119	-0.175846742302063	-0.172989181700646
-958.884889520299	-486.4	-0.0439779942846406	-0.0445334899129122	-0.172400176561079	-0.169082580415231
-958.884889520299	-460.8	-0.0445856968399362	-0.0453405907605265	-0.168294068545982	-0.164776463312484
-958.884889520299	-435.2	-0.0459836773821494	-0.0461941199549067	-0.163458294050277	-0.160030354650977
-958.884889520299	-409.6	-0.0466679390611219	-0.0470922680901004	-0.158558448176682	-0.154804362086817
-958.884889520299	-384	-0.0474082503482368	-0.0480312985821785	-0.153170189729154	-0.149059462354142
-958.884889520299	-358.4	-0.0485002090687434	-0.0490047737391145	-0.146974518959137	-0.142758139433868
-958.884889520299	-332.8	-0.0493632249747092	-0.050005940001479	-0.140382329774268	-0.135865365062867
-958.884889520299	-307.2	-0.0504573034712999	-0.0510262653190983	-0.133019112124191	-0.128352208129716
-958.884889520299	-281.6	-0.0521079630760485	-0.052053875135284	-0.125226719886071	-0.120200817153728
-958.884889520299	-256	-0.0536962788710499	-0.0530736429117837	-0.116679201637643	-0.111409081333375
-958.884889520299	-230.4	-0.0542847476698235	-0.0540676872027444	-0.107236812791043	-0.101991783818326
-958.884889520299	-204.8	-0.055415174921703	-0.0550162654285286	-0.0971190284841088	-0.0919792202146122
-958.884889520299	-179.2	-0.0566519503935673	-0.0558996338700062	-0.0855642315033316	-0.0814140200789071
-958.884889520299	-153.6	-0.0575402061299984	-0.0566997147861132	-0.0746527222637099	-0.0703486504421243
-958.884889520299	-128	-0.0576182253507801	-0.0574003004043115	-0.0626059298139419	-0.0588449489776276
-958.884889520299	-102.4	-0.0601141185749036	-0.0579886832217301	-0.0484366711583424	-0.0469719013127015
-958.884889520299	-76.8	-0.0608517581190509	-0.0584563227988976	-0.0345235468526225	-0.0348031578446267
-958.884889520299	-51.2	-0.0606423854147287	-0.0587977539438126	-0.0216781494587238	-0.0224176988496664
-958.884889520299	-25.6	-0.0604003463617409	-0.0590095659179338	-0.00887956218194439	-0.00990092779924273
-958.884889520299	0	-0.0601584848998894	-0.0590901641477155	0.00390963439680453	0.00265897904801082
-958.884889520299	25.6	-0.0599168008337903	-0.0590393036257059	0.0166894506090776	0.0151746768272983
-958.884889520299	51.2	-0.0596752939683459	-0.0588581655778668	0.0294598967712796	0.0275617294161927
-958.884889520299	76.8	-0.0596309053837622	-0.0585505388227032	0.0422898727498214	0.0397401924840901
-958.884889520299	102.4	-0.0588890846649395	-0.0581233201823791	0.0541353290106977	0.0516368620634832
-958.884889520299	128	-0.0582505555592321	-0.0575867191873337	0.0659412417015176	0.0631844211035642
-958.884889520299	153.6	-0.0576208945138347	-0.0569539078756378	0.0785205174161211	0.074322495409865
-958.884889520299	179.2	-0.0569999855379532	-0.0562388330172806	0.0896631474241963	0.0849983503667255
-958.884889520299	204.8	-0.0559977139240166	-0.0554529525988547	0.0992864344385282	0.095163852463747
-958.884889520299	230.4	-0.0547074937677893	-0.0546056790596859	0.109543850840407	0.1047785721065
-958.884889520299	256	-0.054009162116555	-0.0537073790111893	0.119088097615446	0.113813795341582
-958.884889520299	281.6	-0.0527620199661776	-0.0527708576036177	0.12733850598422	0.122252306321948
-958.884889520299	307.2	-0.0516064631191165	-0.0518102090466886	0.134569923769188	0.130088641061381
-958.884889520299	332.8	-0.0510076207500574	-0.0508394174064294	0.141837249478607	0.137329423996648
-958.884889520299	358.4	-0.0499497382200185	-0.0498712722132282	0.148622258777505	0.143993023013045
-958.884889520299	384	-0.049041603539124	-0.0489170568163134	0.154147735076271	0.150106474124902
-958.884889520299	409.6	-0.0476763872294678	-0.0479864015271182	0.159953818115673	0.155701956083347
-958.884889520299	435.2	-0.0469951449450588	-0.0470864658064673	0.163275740812908	0.160812843423573
-958.884889520299	460.8	-0.0457972746652235	-0.0462212406547123	0.168427141183932	0.165472082506139
-958.884889520299	486.4	-0.04473571712945	-0.0453920031425202	0.172835195727754	0.169714808474228
-958.884889520299	512	-0.043888162336801	-0.0445990279631563	0.17598518934115	0.173580759470248
-958.884889520299	537.6	-0.043325183760119	-0.0438440277614961	0.179432645876176	0.177096817203972
-958.884889520299	563.2	-0.0427995252776984	-0.0431277576020423	0.181274701401007	0.180304465221523
-958.884889520299	588.8	-0.0422836551187023	-0.0424556532498972	0.185358443960237	0.183221649810863
-958.884889520299	614.4	-0.0418523441574298	-0.0418215637376824	0.187622670057603	0.185936452892764
-958.884889520299	640	-0.0409148303699922	-0.0412246237217691	0.190238570706448	0.188469673225624
-958.884889520299	665.6	-0.0403304331992167	-0.0406596029260592	0.192136082107563	0.190853471418353
-958.884889520299	691.2	-0.0398425296965478	-0.0401259495042277	0.194257327960488	0.193098482210768
-958.884889520299	716.8	-0.0393305813829238	-0.0396189637134127	0.196100282325293	0.195232663221122
-958.884889520299	742.4	-0.0389236796150095	-0.0391432718032393	0.197807795232517	0.197255438268301
-958.884889520299	768	-0.0385180345404021	-0.0386864234432888	0.199616632007395	0.199202739153607
-958.884889520299	793.6	-0.0380104071516109	-0.0382547995373997	0.201178918235629	0.201069009558838
-958.884889520299	819.2	-0.0373964807104972	-0.0378460871379508	0.202562549134022	0.20286861306647
-958.884889520299	844.8	-0.037842903118911	-0.0374583788189954	0.20474268968338	0.204612030556
-946.267983079243	-844.8	-0.0354006408754203	-0.0356154512237082	-0.203515432355025	-0.203815027218624
-946.267983079243	-819.2	-0.0359144075980383	-0.0359778376485486	-0.202345666368514	-0.202120312702332
-946.267983079243	-793.6	-0.0364420127722461	-0.0363470551783113	-0.200577975314592	-0.20037126020864
-946.267983079243	-768	-0.0366685632055732	-0.0367336865718891	-0.198867705786684	-0.198561567546953
-946.267983079243	-742.4	-0.0370808361963165	-0.0371369818881369	-0.197298378970632	-0.196685562078622
-946.267983079243	-716.8	-0.0374832973159294	-0.0375705722693529	-0.195629318933417	-0.194702239394649
-946.267983079243	-691.2	-0.0378189884497341	-0.0380126477048591	-0.193837108795141	-0.192663240881972
-946.267983079243	-665.6	-0.0383483526889464	-0.0384897989076541	-0.192181289776555	-0.190464822786229
-946.267983079243	-640	-0.0390898460415472	-0.038987034147667	-0.189485207604956	-0.188171707565299
-946.267983079243	-614.4	-0.0396364271492377	-0.0395164884321831	-0.18712395482172	-0.185704459740627
-946.267983079243	-588.8	-0.0401019996772849	-0.0400787282969427	-0.184733255717308	-0.183052730320588
-946.267983079243	-563.2	-0.0407253657449774	-0.0406806137667639	-0.182032714599047	-0.180148894703742
-946.267983079243	-537.6	-0.0412378656277604	-0.0413257030797662	-0.179235589694606	-0.176954317399947
-946.267983079243	-512	-0.0417176991241261	-0.0420179183161842	-0.176064284149848	-0.173428136347631
-946.267983079243	-486.4	-0.0422032320236054	-0.0427585516087301	-0.172742325252982	-0.16954354366536
-946.267983079243	-460.8	-0.0426515529224598	-0.0435483958802971	-0.168836536047624	-0.165258891349135
-946.267983079243	-435.2	-0.0440606272384775	-0.0443867687218168	-0.16397618322619	-0.160533296686525
-946.267983079243	-409.6	-0.0448223188875353	-0.0452720204060594	-0.158959931254753	-0.155326546752865
-946.267983079243	-384	-0.0458265500837221	-0.0462007349947487	-0.153203205687413	-0.14959954468791
-946.267983079243	-358.4	-0.0466888809270904	-0.0471669677578732	-0.147786874792146	-0.143313577639994
-946.267983079243	-332.8	-0.0476139586253884	-0.0481639314370772	-0.14092957360231	-0.136431700148706
-946.267983079243	-307.2	-0.0486488622381424	-0.0491829337755031	-0.133513230376705	-0.128923532220062
-946.267983079243	-281.6	-0.0503208472645868	-0.0502127711932574	-0.125835863690959	-0.120770883255502
-946.267983079243	-256	-0.0517945101444817	-0.0512389272187524	-0.117148226877434	-0.111971455002345
-946.267983079243	-230.4	-0.0525044102242614	-0.0522431525299914	-0.107837981499768	-0.102539413045103
-946.267983079243	-204.8	-0.0535481640651081	-0.0532043099236552	-0.0974743299237072	-0.0925042568647586
-946.267983079243	-179.2	-0.0546907754202089	-0.0541006817932315	-0.0864040498302829	-0.0819077888933104
-946.267983079243	-153.6	-0.0555012358296902	-0.0549125889486439	-0.0752819247299601	-0.0708019966061813
-946.267983079243	-128	-0.0560615221838629	-0.0556230959470312	-0.0629500122023402	-0.0592487744698497
-946.267983079243	-102.4	-0.0582149825104085	-0.0562193759026239	-0.0489312374656446	-0.0473176557353518
-946.267983079243	-76.8	-0.0586886374803358	-0.0566928323392644	-0.0352325076445632	-0.0350831485486781
-946.267983079243	-51.2	-0.0591244113751308	-0.0570379674036981	-0.0218478914551097	-0.0226251032778342
-946.267983079243	-25.6	-0.0587285764570662	-0.0572515815586268	-0.00890129454191938	-0.0100308174035056
-946.267983079243	0	-0.0584882364082607	-0.0573324759278502	0.0038989510449702	0.00260895351763449
-946.267983079243	25.6	-0.0582480731810352	-0.0572806248742966	0.0166897793097757	0.0152042460770609
-946.267983079243	51.2	-0.0580080865803263	-0.0570972248023671	0.0294712006413616	0.0276677624523164
-946.267983079243	76.8	-0.0577350252669975	-0.0567856868537744	0.042243894668019	0.039916827705756
-946.267983079243	102.4	-0.0570462487163171	-0.0563526667331595	0.0542931391598372	0.051875534351946
-946.267983079243	128	-0.056625114743704	-0.0558086766229617	0.0664239838427132	0.0634753387255568
-946.267983079243	153.6	-0.0560910835462958	-0.0551680479765073	0.0786212045135675	0.0746571050232178
-946.267983079243	179.2	-0.0551998012030697	-0.054446409075639	0.0897471414240908	0.0853690859899606
-946.267983079243	204.8	-0.0541680146797268	-0.0536566455948565	0.0998304442726277	0.0955634167551412
-946.267983079243	230.4	-0.052953200636784	-0.0528089478859982	0.110074287431702	0.105200187254158
-946.267983079243	256	-0.0520019583677658	-0.0519134025500571	0.11971220778774	0.114251014888831
-946.267983079243	281.6	-0.0507743959105109	-0.0509822313099278	0.127627816442404	0.122698454455072
-946.267983079243	307.2	-0.0496811846779843	-0.0500288737785519	0.135069757436466	0.130537338878995
-946.267983079243	332.8	-0.0490906588798523	-0.0490668095980236	0.142388198287119	0.137775214283672
-946.267983079243	358.4	-0.0480847280489059	-0.0481089389469311	0.148929578145014	0.14443191717627
-946.267983079243	384	-0.0472404199784197	-0.0471669460624968	0.154889517640302	0.150535508671059
-946.267983079243	409.6	-0.0461471013142096	-0.0462506413751855	0.160082460822361	0.15611835728858
-946.267983079243	435.2	-0.0453419552029397	-0.0453670078385702	0.16383403184205	0.161214220969259
-946.267983079243	460.8	-0.0440978707543276	-0.0445196909942728	0.168713924669597	0.16585681020942
-946.267983079243	486.4	-0.0433386407127355	-0.0437095861037257	0.173331745986113	0.170082594064076
-946.267983079243	512	-0.042275294753336	-0.0429363987058986	0.176140525093087	0.173932046609457
-946.267983079243	537.6	-0.0419137150898068	-0.0421994414266604	0.179114562466622	0.177445373525944
-946.267983079243	563.2	-0.0411362936746676	-0.0415002256943417	0.181854328003632	0.18064683127759
-946.267983079243	588.8	-0.040456635150141	-0.0408407436418827	0.185796309727959	0.183573524578448
-946.267983079243	614.4	-0.0402163479942591	-0.040223150343244	0.188255698047435	0.186260464488717
-946.267983079243	640	-0.0394759838214853	-0.0396407298635082	0.190574541605965	0.188770244132936
-946.267983079243	665.6	-0.0387012867165037	-0.0390938424658364	0.192341651653265	0.191109818604872
-946.267983079243	691.2	-0.038252715481443	-0.0385677292565561	0.194419496341616	0.193354562889174
-946.267983079243	716.8	-0.0377570987733288	-0.0380816706688955	0.196248926565481	0.19543936719372
-946.267983079243	742.4	-0.0374178608382515	-0.0376085472284506	0.198298972479109	0.197465118385849
-946.267983079243	768	-0.0369390563461389	-0.0371687037508322	0.200138363322382	0.199380424689617
-946.267983079243	793.6	-0.0363506270625569	-0.0367500957693054	0.201840059751932	0.201225325255442
-946.267983079243	819.2	-0.0359841641509535	-0.0363529501873031	0.203074571930872	0.203005202579104
-946.267983079243	844.8	-0.0362260572013142	-0.0359732899015133	0.204749095399882	0.20472448462715
-933.651076638186	-870.4	-0.0331379361382986	-0.033800111572287	-0.205894670226952	-0.205598685003699
-933.651076638186	-844.8	-0.0336331783152454	-0.0341180786157999	-0.203922838792637	-0.203969404518365
-933.651076638186	-819.2	-0.0338903853878525	-0.034455505570638	-0.202838938531592	-0.202294897802704
-933.651076638186	-793.6	-0.0345116875784781	-0.0348089697522999	-0.201057335990635	-0.200566800091476
-933.651076638186	-768	-0.0351342064855845	-0.0351787211998686	-0.199147055712147	-0.19877655457353
-933.651076638186	-742.4	-0.0355438146845174	-0.0355648047211021	-0.197581862683144	-0.196917394805077
-933.651076638186	-716.8	-0.0358334300077207	-0.0359666248966167	-0.195733477190366	-0.194990645163032
-933.651076638186	-691.2	-0.0362636927628296	-0.0363993077651011	-0.19389992096897	-0.192934279394958
-933.651076638186	-665.6	-0.0366286556067117	-0.0368509126938725	-0.192670491589058	-0.190785981647558
-933.651076638186	-640	-0.037152372895798	-0.0373301545220487	-0.190645463997595	-0.188500410122414
-933.651076638186	-614.4	-0.0379209256783894	-0.0378361555401273	-0.187890347123094	-0.186083519867012
-933.651076638186	-588.8	-0.0385045472880692	-0.0383797375924971	-0.185174621622345	-0.183435709766204
-933.651076638186	-563.2	-0.0389147574593911	-0.0389611664952492	-0.18276031537927	-0.180547042163711
-933.651076638186	-537.6	-0.0393478898300292	-0.039586739018661	-0.180062078792923	-0.177360047470254
-933.651076638186	-512	-0.0398490615153592	-0.0402583918494524	-0.17636628406889	-0.1738559667438
-933.651076638186	-486.4	-0.0404473198051079	-0.0409796890769976	-0.1730390621531	-0.169993585495695
-933.651076638186	-460.8	-0.0408136884847555	-0.0417520936073209	-0.169319154207746	-0.165731234192423
-933.651076638186	-435.2	-0.0420569371438781	-0.0425752399117589	-0.164590512907138	-0.161027655938356
-933.651076638186	-409.6	-0.042977843700895	-0.0434476073144124	-0.159361165260513	-0.155842003620017
-933.651076638186	-384	-0.0441740098205881	-0.0443660327175813	-0.153940623829485	-0.150134631232606
-933.651076638186	-358.4	-0.0448803621444065	-0.0453250104205287	-0.148781765826735	-0.143865833501651
-933.651076638186	-332.8	-0.0458673553475689	-0.0463177692442294	-0.141576930548485	-0.136996930317768
-933.651076638186	-307.2	-0.0470345058109865	-0.0473356505317951	-0.134135831881555	-0.129496053934017
-933.651076638186	-281.6	-0.0485448251534466	-0.048368190124847	-0.126478178395204	-0.121344634685102
-933.651076638186	-256	-0.0497912002858917	-0.0494011066654868	-0.117573699278809	-0.112539837233681
-933.651076638186	-230.4	-0.0507245475134192	-0.0504152683633999	-0.108321329082504	-0.103094866983044
-933.651076638186	-204.8	-0.0517395622648313	-0.0513880131172847	-0.0979924635966371	-0.0930381736842373
-933.651076638186	-179.2	-0.0527144486592855	-0.0522959907567045	-0.0868843719069907	-0.0824108415623158
-933.651076638186	-153.6	-0.0539024885104036	-0.0531183850267779	-0.0759712867664656	-0.0712646933807181
-933.651076638186	-128	-0.0545341413077778	-0.0538378649672043	-0.0636267083132656	-0.0596617136157091
-933.651076638186	-102.4	-0.0560359715044672	-0.0544414676904406	-0.0499831667225308	-0.0476719325922909
-933.651076638186	-76.8	-0.0565175592746388	-0.0549204075544721	-0.0361957977830647	-0.0353707208173319
-933.651076638186	-51.2	-0.0576199286350252	-0.0552692769518335	-0.0224604127542703	-0.0228391034569615
-933.651076638186	-25.6	-0.057222979844661	-0.0554850474782329	-0.00951187770623191	-0.0101664020650631
-933.651076638186	0	-0.0568260420219942	-0.0555665404703676	0.00343629957370791	0.00255413293779229
-933.651076638186	25.6	-0.0564291151665702	-0.0555136464681162	0.0163841191003766	0.0152297558995353
-933.651076638186	51.2	-0.0561258305130999	-0.0553276805144763	0.0292388299492577	0.0277700526180757
-933.651076638186	76.8	-0.0558312132227263	-0.0550120460040882	0.0420239290241416	0.0400894558750015
-933.651076638186	102.4	-0.0552792175977245	-0.05457343040828	0.0545313922708279	0.0521095246890928
-933.651076638186	128	-0.0547763060814333	-0.0540226774228878	0.0670671198076693	0.0637611377337901
-933.651076638186	153.6	-0.0541866256851817	-0.0533748961737897	0.0790062716648186	0.0749864660595641
-933.651076638186	179.2	-0.0533990073367517	-0.0526468336443567	0.0903710449227896	0.0857345873338287
-933.651076638186	204.8	-0.0523688753608502	-0.0518528608874587	0.100363417525891	0.0959579717551433
-933.651076638186	230.4	-0.0511842063519191	-0.0510044691620942	0.110515095388357	0.105616762239931
-933.651076638186	256	-0.0500067165079482	-0.0501117448672404	0.120123542404536	0.114682625009132
-933.651076638186	281.6	-0.048808880129018	-0.0491862809463272	0.127880875080232	0.123138207148578
-933.651076638186	307.2	-0.0477526515028764	-0.0482408372251513	0.135479470804388	0.130978859108417
-933.651076638186	332.8	-0.0471528165298383	-0.0472883813320267	0.142763605779959	0.138213060279802
-933.651076638186	358.4	-0.0462608869580899	-0.0463417344288577	0.149087447983977	0.144861662147181
-933.651076638186	384	-0.0454364213896305	-0.0454128302621068	0.15521331506772	0.15095358803966
-933.651076638186	409.6	-0.0446181544678147	-0.0445114834412831	0.160211075006759	0.156521695392384
-933.651076638186	435.2	-0.0436608312214976	-0.0436442996874718	0.164588320308178	0.161600737615596
-933.651076638186	460.8	-0.0425027145731421	-0.0428146042809621	0.169257829552725	0.166225888863613
-933.651076638186	486.4	-0.0418864631019574	-0.0420231597654414	0.173658191916838	0.170435147967812
-933.651076638186	512	-0.0408434993382158	-0.0412693723674403	0.176123672137454	0.174268905295656
-933.651076638186	537.6	-0.0403608183210123	-0.0405519614967088	0.179287331257613	0.177766730782484
-933.651076638186	563.2	-0.0394566276141562	-0.0398701952967623	0.182557398287268	0.180966300987254
-933.651076638186	588.8	-0.0388111196238838	-0.0392275736002108	0.186154528927643	0.183884019994005
-933.651076638186	614.4	-0.0386242818790018	-0.0386231968183098	0.188988219249639	0.186572739571113
-933.651076638186	640	-0.037890446971812	-0.0380595461897862	0.190644819382068	0.189038966256638
-933.651076638186	665.6	-0.0370720090760669	-0.0375229642605098	0.192547237748758	0.191376079476855
-933.651076638186	691.2	-0.0367007876810717	-0.0370161544584962	0.194244177279173	0.193576100610115
-933.651076638186	716.8	-0.0362358682923357	-0.0365308055329645	0.196471193805691	0.195682614982788
-933.651076638186	742.4	-0.0359128684090652	-0.0360807128494151	0.198596897165011	0.197654663698943
-933.651076638186	768	-0.0353920262896173	-0.0356505301008961	0.20027748599004	0.199555206238483
-933.651076638186	793.6	-0.0351109761307924	-0.0352421615781368	0.202152812524688	0.201382204539944
-933.651076638186	819.2	-0.0348687903191419	-0.0348554394635323	0.203579137097556	0.203142036424514
-933.651076638186	844.8	-0.0346311325289363	-0.0344892046152769	0.204808787990295	0.204843968055597
-933.651076638186	870.4	-0.0339813346598782	-0.0341427543664303	0.206961697633555	0.206499332241125
-921.034170197129	-870.4	-0.032096146196687	-0.0323010012201583	-0.205588821529148	-0.205733950435287
-921.034170197129	-844.8	-0.0322824156672428	-0.0326129054795068	-0.204173971342233	-0.204124908042576
-921.034170197129	-819.2	-0.032335341397107	-0.0329281108140081	-0.203153306852784	-0.202472244434729
-921.034170197129	-793.6	-0.0328044355829051	-0.0332647933811567	-0.201335584222788	-0.200764408277602
-921.034170197129	-768	-0.0334482595623303	-0.0336150196754611	-0.199408471590202	-0.198997167176672
-921.034170197129	-742.4	-0.0340193142732311	-0.0339837564292415	-0.198034142568029	-0.197156299399233
-921.034170197129	-716.8	-0.0343045560410886	-0.0343674218977078	-0.196157858529809	-0.195246392318499
-921.034170197129	-691.2	-0.0347217242566175	-0.0347751793863233	-0.193968638617666	-0.193233033712853
-921.034170197129	-665.6	-0.0350994533016227	-0.035206390705724	-0.192497882570427	-0.191110918733384
-921.034170197129	-640	-0.0353328279166324	-0.0356650917102343	-0.191308684501352	-0.188851423639855
-921.034170197129	-614.4	-0.0359638030186569	-0.0361527028886811	-0.188789236448703	-0.186440237306478
-921.034170197129	-588.8	-0.0367098348614299	-0.0366770334174616	-0.185639356038175	-0.183802859427396
-921.034170197129	-563.2	-0.0371718774149398	-0.0372395507941816	-0.183229609606795	-0.180921321405305
-921.034170197129	-537.6	-0.037492735861438	-0.037844887604898	-0.180421814100355	-0.177754611928401
-921.034170197129	-512	-0.0378901310051444	-0.0384964719649602	-0.176744983533405	-0.174272192958359
-921.034170197129	-486.4	-0.038632124011752	-0.0391984907398086	-0.173356831304195	-0.170432220867996
-921.034170197129	-460.8	-0.0390945620609557	-0.0399533213829686	-0.169617287005073	-0.166193039530032
-921.034170197129	-435.2	-0.0400736043867483	-0.0407611843044496	-0.165209356019285	-0.161512839320786
-921.034170197129	-409.6	-0.041100347088624	-0.0416206967746021	-0.160109830139886	-0.156349830268854
-921.034170197129	-384	-0.0424673184029667	-0.0425288902228719	-0.154834595402799	-0.150663371611404
-921.034170197129	-358.4	-0.0430680598590411	-0.0434806003236192	-0.149617068325747	-0.144413144683443
-921.034170197129	-332.8	-0.0443825462118509	-0.0444690732156506	-0.141998317133004	-0.137559352421477
-921.034170197129	-307.2	-0.0455631656822896	-0.0454857475418656	-0.13485535503163	-0.130068776080498
-921.034170197129	-281.6	-0.0467825958967585	-0.0465207911444141	-0.127118290751644	-0.121921688609778
-921.034170197129	-256	-0.0477878751958508	-0.0475598609823377	-0.118033572839427	-0.113114062481315
-921.034170197129	-230.4	-0.0490334472480768	-0.0485827943431489	-0.108897692468674	-0.103657730265085
-921.034170197129	-204.8	-0.0500546252328593	-0.049565627928272	-0.098858306606587	-0.0935800862716078
-921.034170197129	-179.2	-0.0507762846864754	-0.0504838456928559	-0.0873070484064206	-0.0829218657482388
-921.034170197129	-153.6	-0.0518969932315677	-0.0513157344881911	-0.0763191908043747	-0.0717350117993042
-921.034170197129	-128	-0.0531169024593271	-0.052043762828439	-0.064194272307205	-0.0600816695341612
-921.034170197129	-102.4	-0.053877123979176	-0.0526547213779769	-0.0507051243170511	-0.0480323611983526
-921.034170197129	-76.8	-0.0543493982607012	-0.0531393721243737	-0.0371577935867759	-0.0356634741974469
-921.034170197129	-51.2	-0.0561152314268709	-0.053492382967874	-0.0230730213699846	-0.0230575806923027
-921.034170197129	-25.6	-0.0557182751330055	-0.0537109377960539	-0.0101235549465918	-0.0103058796514538
-921.034170197129	0	-0.0553213298078265	-0.0537934989245558	0.00282555365746701	0.00249607496498687
-921.034170197129	25.6	-0.0549243954508794	-0.0537395772953045	0.0157743044570224	0.0152524592256819
-921.034170197129	51.2	-0.0544614477352866	-0.053550665789517	0.0288726036376882	0.0278693046406731
-921.034170197129	76.8	-0.0539535855073196	-0.0532304589365733	0.0420400545236912	0.0402581878077751
-921.034170197129	102.4	-0.0535192703019605	-0.0527861498148729	0.0548343953558278	0.0523390061698753
-921.034170197129	128	-0.0529161794456632	-0.0522292617351056	0.0677051404833704	0.0640427393393291
-921.034170197129	153.6	-0.0522797250767988	-0.0515753023352602	0.0793928573653787	0.0753120880166229
-921.034170197129	179.2	-0.0515927950604719	-0.0508413313214376	0.0911598047577784	0.0860964663320659
-921.034170197129	204.8	-0.050629019831029	-0.0500430635739506	0.100890338495117	0.0963488572186917
-921.034170197129	230.4	-0.0494024226048271	-0.0491936735683803	0.110955827370776	0.106029395485388
-921.034170197129	256	-0.0480543965909796	-0.0483035640002728	0.120257784840462	0.115109695871735
-921.034170197129	281.6	-0.0468669009310848	-0.0473837783267025	0.128158401030013	0.123572657647278
-921.034170197129	307.2	-0.0458227739570376	-0.0464464718870979	0.135801228792604	0.131414230319189
-921.034170197129	332.8	-0.0453810352713778	-0.0455042404033093	0.143564560174633	0.138643738125202
-921.034170197129	358.4	-0.0444663380877595	-0.044569760194292	0.149308349805602	0.145282677750784
-921.034170197129	384	-0.043629662484984	-0.0436549142090439	0.155442035671353	0.151360950730034
-921.034170197129	409.6	-0.0426723197932925	-0.0427692263041087	0.160437579646103	0.156912463011687
-921.034170197129	435.2	-0.0419549863344971	-0.0419187373094549	0.165321576367081	0.161973507547351
-921.034170197129	460.8	-0.0410096406438484	-0.0411064471751159	0.169858430081603	0.166580934969333
-921.034170197129	486.4	-0.0403739474626188	-0.0403331767961539	0.174153152968976	0.170773794082131
-921.034170197129	512	-0.0394751510079906	-0.0395982591390094	0.176193612067533	0.174592023386343
-921.034170197129	537.6	-0.0386902378900303	-0.0389000784756999	0.179808670455787	0.178074472924177
-921.034170197129	563.2	-0.0378436750164387	-0.0382374503967479	0.183145573955226	0.181259758457359
-921.034170197129	588.8	-0.0373870470046357	-0.0376115268829551	0.186435310844495	0.184176128555936
-921.034170197129	614.4	-0.0370331147813274	-0.0370223502010677	0.189537918769158	0.186861019606124
-921.034170197129	640	-0.0362356124913773	-0.0364707042886332	0.190154790852537	0.189327688727372
-921.034170197129	665.6	-0.0354630365751668	-0.0359482816115438	0.192797421286831	0.191644950092446
-921.034170197129	691.2	-0.0351506868878584	-0.0354548825932271	0.193982515256868	0.193823955598809
-921.034170197129	716.8	-0.0347467347487818	-0.034987439947416	0.196706122829168	0.195890713132663
-921.034170197129	742.4	-0.034400007956235	-0.0345476767384632	0.198685917924612	0.197848329666796
-921.034170197129	768	-0.0338740193743997	-0.034127761835543	0.200115464682415	0.199732788510141
-921.034170197129	793.6	-0.0337469652083032	-0.0337315551756674	0.202146409016556	0.201538134453175
-921.034170197129	819.2	-0.0335922968573703	-0.0333561199600171	0.204091879514081	0.203278365167579
-921.034170197129	844.8	-0.0331899451568525	-0.0330031903770807	0.205334320490612	0.204961318793954
-921.034170197129	870.4	-0.0323650647215637	-0.0326642468650968	0.20705897809344	0.206596275371105
-908.417263756073	-896	-0.0300962222011888	-0.0305321347866075	-0.207400933297711	-0.207426091210374
-908.417263756073	-870.4	-0.0309413904314197	-0.0308156963094033	-0.20543310374569	-0.205873178916675
-908.417263756073	-844.8	-0.0310496192532152	-0.0310977457390838	-0.204389062573178	-0.204283177998922
-908.417263756073	-819.2	-0.0312496990966719	-0.0314058936008172	-0.203009526793775	-0.202644719137891
-908.417263756073	-793.6	-0.0316876199738782	-0.0317179884313189	-0.201154567886093	-0.200960802656505
-908.417263756073	-768	-0.0319681915672342	-0.032052020373242	-0.199754399885106	-0.199208540281524
-908.417263756073	-742.4	-0.0324632104708475	-0.0323964928687639	-0.19842317660947	-0.197400267154507
-908.417263756073	-716.8	-0.0327078047156301	-0.0327643999926054	-0.196463762382711	-0.195497311670619
-908.417263756073	-691.2	-0.0330661970497741	-0.0331526735003215	-0.194259058201496	-0.193496910936207
-908.417263756073	-665.6	-0.0335531060822273	-0.0335602266479025	-0.192150375217152	-0.191415518869623
-908.417263756073	-640	-0.0337824265404746	-0.0339981029054931	-0.19095074139219	-0.189180516592985
-908.417263756073	-614.4	-0.0340308631460962	-0.0344660616426853	-0.189016602389164	-0.186782768752625
-908.417263756073	-588.8	-0.0347610335769795	-0.0349709034913059	-0.18586907723409	-0.184157142416392
-908.417263756073	-563.2	-0.0354279348897813	-0.035514785623137	-0.183306661701268	-0.181284494015093
-908.417263756073	-537.6	-0.0357788940116907	-0.0361005721949935	-0.180642036710354	-0.178138017995107
-908.417263756073	-512	-0.0360449503873739	-0.0367328233759804	-0.177171486936634	-0.174677062595486
-908.417263756073	-486.4	-0.0367602925976176	-0.0374160184532678	-0.173713902295265	-0.170859914994359
-908.417263756073	-460.8	-0.037398264200304	-0.0381533658107992	-0.169965254553053	-0.166644752315469
-908.417263756073	-435.2	-0.0382489907671302	-0.0389458791030662	-0.165852172173302	-0.161989014151627
-908.417263756073	-409.6	-0.0392227929550551	-0.0397925492261047	-0.160860539175377	-0.156849766900408
-908.417263756073	-384	-0.0406010900989656	-0.0406906280327099	-0.155623166957983	-0.15118518306385
-908.417263756073	-358.4	-0.0410252370527032	-0.0416351703138516	-0.150217404426011	-0.144954491769329
-908.417263756073	-332.8	-0.0429272874294543	-0.0426192895214612	-0.142393844184186	-0.13811745257826
-908.417263756073	-307.2	-0.0440684480825777	-0.0436343980106001	-0.135557848863802	-0.130639864697653
-908.417263756073	-281.6	-0.0448082423041318	-0.0446709097393349	-0.127666171192003	-0.122500320368317
-908.417263756073	-256	-0.0460329264634311	-0.0457143382820476	-0.11863321789602	-0.113692627812505
-908.417263756073	-230.4	-0.0473602244859743	-0.0467438699380541	-0.109489892733433	-0.104226695403473
-908.417263756073	-204.8	-0.0483619223542261	-0.0477347725349	-0.0995877466998221	-0.0941288228010382
-908.417263756073	-179.2	-0.0491109148488482	-0.0486617735334894	-0.0881089036845699	-0.0834396171454649
-908.417263756073	-153.6	-0.0501550165728281	-0.0495024483144514	-0.0766175533073723	-0.0722114123549746
-908.417263756073	-128	-0.0509201011650392	-0.0502389932005596	-0.063476611187939	-0.0605067408041286
-908.417263756073	-102.4	-0.0517390936856332	-0.0508576754343821	-0.0500065879869883	-0.0483968437632809
-908.417263756073	-76.8	-0.0522671010357528	-0.0513486832673181	-0.0366204185140532	-0.0359593875082207
-908.417263756073	-51.2	-0.054610319704805	-0.0517066143372605	-0.0236857173209247	-0.0232786345622962
-908.417263756073	-25.6	-0.0542133559093327	-0.0519286442694349	-0.010735319388193	-0.0104475859989772
-908.417263756073	0	-0.0537434138585183	-0.0520126590807553	0.00238032826699778	0.00243582215200509
-908.417263756073	25.6	-0.0531714068558802	-0.0519577875927841	0.0157273847117224	0.015272390611264
-908.417263756073	51.2	-0.0525994047165779	-0.0517657117496643	0.0290743276766843	0.0279647039273737
-908.417263756073	76.8	-0.0521165704964254	-0.0514406551519673	0.0423648975788875	0.0404219726846574
-908.417263756073	102.4	-0.0517796542812832	-0.050990848824682	0.0553374923405101	0.0525635487434698
-908.417263756073	128	-0.051093281470958	-0.0504287750824269	0.0678038186501484	0.0643204762001228
-908.417263756073	153.6	-0.050445280788776	-0.0497700163746489	0.0799030831933507	0.0756349630412891
-908.417263756073	179.2	-0.049704275618109	-0.0490313179318576	0.0915471577224625	0.086456135665068
-908.417263756073	204.8	-0.0488470987335488	-0.0482293750673757	0.101651053263595	0.0967374249298916
-908.417263756073	230.4	-0.0476792845754249	-0.0473789207417286	0.111409518487533	0.106439375015158
-908.417263756073	256	-0.0463983227652179	-0.046490927637721	0.120554043878678	0.115533628382193
-908.417263756073	281.6	-0.0452657044715119	-0.0455762767687973	0.128560710008388	0.124003314897342
-908.417263756073	307.2	-0.0438994229173887	-0.0446467765015325	0.136144653707024	0.131844884101421
-908.417263756073	332.8	-0.043631896060479	-0.0437148973527865	0.144431324823215	0.139068373907776
-908.417263756073	358.4	-0.0425641904954898	-0.0427932011621793	0.150036330304128	0.145695994296427
-908.417263756073	384	-0.041751147489475	-0.0418931727949904	0.155681724705218	0.151758819354346
-908.417263756073	409.6	-0.0407089292558148	-0.0410237139004225	0.160669818061493	0.157292354542582
-908.417263756073	435.2	-0.0398452677925875	-0.0401901978314822	0.165704045739319	0.162334740351402
-908.417263756073	460.8	-0.0394688294681721	-0.0393952430894448	0.170425237459068	0.166924175644725
-908.417263756073	486.4	-0.038687480315935	-0.0386397839167973	0.174235494146932	0.171100192991944
-908.417263756073	512	-0.0378272741000552	-0.0379232392571676	0.176297373039285	0.174902335956627
-908.417263756073	537.6	-0.0370179653620984	-0.037243859998089	0.180293235516278	0.178368988507468
-908.417263756073	563.2	-0.0363363826131253	-0.0366001714384771	0.183554563424714	0.181539359037013
-908.417263756073	588.8	-0.035963969342606	-0.0359915107957229	0.186715896587366	0.184452419669496
-908.417263756073	614.4	-0.0352975208209219	-0.0354184651038376	0.189165068724361	0.187132074282429
-908.417263756073	640	-0.0345926859669529	-0.034881224710578	0.189824820969056	0.189591381866548
-908.417263756073	665.6	-0.0339222527631768	-0.034373786884933	0.193143597245001	0.191889564858874
-908.417263756073	691.2	-0.0336136647564457	-0.03389793014067	0.193798769460743	0.194030626073725
-908.417263756073	716.8	-0.0332828827876917	-0.0334422157960982	0.19712293782537	0.19608813391213
-908.417263756073	742.4	-0.0327995180222527	-0.0330106499692549	0.198526940726947	0.198042739956854
-908.417263756073	768	-0.0322822720890093	-0.0326069025997376	0.200015284701964	0.199895442726613
-908.417263756073	793.6	-0.0321689134088664	-0.0322201164936702	0.202473706935817	0.201688304154095
-908.417263756073	819.2	-0.0320092899207368	-0.0318590266872387	0.204387271886637	0.203406750024161
-908.417263756073	844.8	-0.0315413139993221	-0.0315129081863969	0.205888306442734	0.205076826218492
-908.417263756073	870.4	-0.0307603182202323	-0.0311885309350723	0.207099490199558	0.206698431904606
-908.417263756073	896	-0.030864146071777	-0.0308806097031385	0.208217112145507	0.208281487855224
-895.800357315016	-896	-0.0283051311200916	-0.0290561077869195	-0.2083448171594	-0.207550744922077
-895.800357315016	-870.4	-0.0290619710827031	-0.029321331476859	-0.206292549530178	-0.206012898699209
-895.800357315016	-844.8	-0.0293828885558521	-0.0295878457971036	-0.204953012081815	-0.204439696354581
-895.800357315016	-819.2	-0.0296519277108043	-0.0298733181660512	-0.203399658040682	-0.202821057946171
-895.800357315016	-793.6	-0.0303348197033763	-0.0301692550041531	-0.201207756875832	-0.201154476535894
-895.800357315016	-768	-0.0305538150918171	-0.0304832886322688	-0.200051977094506	-0.199422445671503
-895.800357315016	-742.4	-0.0308869350027328	-0.0308101574981674	-0.198453249830938	-0.197629370663593
-895.800357315016	-716.8	-0.0311477275643842	-0.0311564932035015	-0.19647546006361	-0.19575238861353
-895.800357315016	-691.2	-0.0314328141891987	-0.0315218348333698	-0.194339528576651	-0.193790048864111
-895.800357315016	-665.6	-0.031943865679637	-0.0319123161301291	-0.192127424309524	-0.191706643703181
-895.800357315016	-640	-0.0322219927027331	-0.0323284843442077	-0.190736279587805	-0.189498958081357
-895.800357315016	-614.4	-0.0324623603328587	-0.0327779793222936	-0.188917647832629	-0.18709979760436
-895.800357315016	-588.8	-0.0328715971302323	-0.0332625067001551	-0.18615821676431	-0.184491113422688
-895.800357315016	-563.2	-0.0335739838104479	-0.0337866452386778	-0.183611516426995	-0.181637338774619
-895.800357315016	-537.6	-0.0340721975940388	-0.0343534472943609	-0.180942542135069	-0.178510814193076
-895.800357315016	-512	-0.0343889494036925	-0.0349672543093301	-0.177643359844628	-0.175071528266509
-895.800357315016	-486.4	-0.0349054331639695	-0.0356324769312019	-0.174082569351915	-0.171277828522387
-895.800357315016	-460.8	-0.0358292054773841	-0.0363528269306417	-0.170569596072217	-0.167087424081344
-895.800357315016	-435.2	-0.0364246210854763	-0.0371300932689615	-0.166494902387336	-0.16245692070478
-895.800357315016	-409.6	-0.0375117465283786	-0.0379638926003237	-0.161313894544537	-0.157342286018598
-895.800357315016	-384	-0.0385783165272482	-0.0388519179197975	-0.156172600229667	-0.151700517055556
-895.800357315016	-358.4	-0.0392630691362548	-0.0397893777991245	-0.150517700362319	-0.145490182475114
-895.800357315016	-332.8	-0.0412176663361095	-0.0407689931751908	-0.143057424777268	-0.138670837056225
-895.800357315016	-307.2	-0.0418563933813574	-0.0417818157897716	-0.136186820977653	-0.131207790138701
-895.800357315016	-281.6	-0.0426994680442831	-0.0428181055628237	-0.128085968840436	-0.123078004020745
-895.800357315016	-256	-0.0443125177347057	-0.0438633195375158	-0.119235982840436	-0.114272561208237
-895.800357315016	-230.4	-0.0454908204098959	-0.0448966129960345	-0.110218277997494	-0.104798887917658
-895.800357315016	-204.8	-0.0465706714054033	-0.0458930400186695	-0.100056739122548	-0.0946819170951995
-895.800357315016	-179.2	-0.0475292360467966	-0.0468270518493225	-0.0889922706324697	-0.083962034811069
-895.800357315016	-153.6	-0.0485317732385218	-0.0476757808663609	-0.0770329487058021	-0.0726920779287462
-895.800357315016	-128	-0.0492385587805956	-0.0484208686379543	-0.0637033369686746	-0.060935341471529
-895.800357315016	-102.4	-0.0495243209057757	-0.0490478411224537	-0.049254096524927	-0.0487640726066597
-895.800357315016	-76.8	-0.0502028763436697	-0.0495462794736639	-0.0360449597625205	-0.0362573263837209
-895.800357315016	-51.2	-0.0530153890141232	-0.0499103343961328	-0.0242024648470118	-0.0235013558457413
-895.800357315016	-25.6	-0.0524531766233941	-0.0501366048560062	-0.0107687141601387	-0.0105912068226549
-895.800357315016	0	-0.051881120736208	-0.0502224015803437	0.00257966684403028	0.00237265162669984
-895.800357315016	25.6	-0.0513090697132359	-0.0501667201396632	0.0159279343463874	0.0152877417384071
-895.800357315016	51.2	-0.0507370235544155	-0.0499714596396241	0.0292760883483804	0.0280539962188723
-895.800357315016	76.8	-0.0503609156266412	-0.0496416602222804	0.0428181398694935	0.0405791521645064
-895.800357315016	102.4	-0.0500183563502424	-0.0491869658950534	0.0557374133176421	0.0527823710930407
-895.800357315016	128	-0.0492732625199859	-0.0486209082406179	0.0678785698191868	0.0645941348600503
-895.800357315016	153.6	-0.0486422876512561	-0.047958955262924	0.0805383894984324	0.0759553388693037
-895.800357315016	179.2	-0.0478807620078387	-0.0472173651554352	0.0918906919765906	0.0868143291553698
-895.800357315016	204.8	-0.0470232068833751	-0.0464132079971087	0.101943698582179	0.097124728390111
-895.800357315016	230.4	-0.0459755541739582	-0.0455620738014184	0.112007073480205	0.106847781389413
-895.800357315016	256	-0.0448457224912882	-0.0446756845577529	0.120954770674316	0.115955483573893
-895.800357315016	281.6	-0.0437442218707697	-0.043765365672147	0.128960965646219	0.124431146184735
-895.800357315016	307.2	-0.0421221574648923	-0.0428430094413153	0.136997321403479	0.132271575014716
-895.800357315016	332.8	-0.0417996399262456	-0.0419211913179567	0.144971687322888	0.139487628728311
-895.800357315016	358.4	-0.040712739148765	-0.0410123967331267	0.150814516304273	0.1461025805366
-895.800357315016	384	-0.0399201057857159	-0.0401274742924093	0.156241280714417	0.152148807624831
-895.800357315016	409.6	-0.0389395980324405	-0.0392744627160091	0.161167118816388	0.157663582862785
-895.800357315016	435.2	-0.0377363313917258	-0.0384580400140604	0.166086373317763	0.162686780510705
-895.800357315016	460.8	-0.0374736672152825	-0.03768045454017	0.170637486506056	0.167257557579549
-895.800357315016	486.4	-0.0369858642831757	-0.0369426775409986	0.174269905177758	0.171415736252729
-895.800357315016	512	-0.0360803442417495	-0.0362441598593816	0.176966345847166	0.175200692980972
-895.800357315016	537.6	-0.035324086294239	-0.0355831628587008	0.180815602031073	0.178650892245434
-895.800357315016	563.2	-0.0348373439607314	-0.034958041900662	0.183969307808069	0.181806291804973
-895.800357315016	588.8	-0.0344606522968077	-0.0343677662197085	0.186805535134843	0.18470591567346
-895.800357315016	614.4	-0.0335646176056933	-0.0338121257368087	0.188726083370263	0.187374022270928
-895.800357315016	640	-0.0329823594255204	-0.0332887491506888	0.190489079767453	0.189839693055759
-895.800357315016	665.6	-0.0323793191007166	-0.0327975858203459	0.193490256221321	0.192114502238862
-895.800357315016	691.2	-0.0321032829594595	-0.0323318631242522	0.194552876755494	0.194262677156382
-895.800357315016	716.8	-0.0318196447096173	-0.0318929486173751	0.197539578025449	0.196283698605352
-895.800357315016	742.4	-0.0311656463691625	-0.0314759115301987	0.198413693607095	0.198214702183336
-895.800357315016	768	-0.0307303103392303	-0.0310828555637769	0.200074075305854	0.200055537494397
-895.800357315016	793.6	-0.0305740345772589	-0.0307085019836667	0.202815982565905	0.201830711202623
-895.800357315016	819.2	-0.0304105161795584	-0.0303573425799497	0.204355256351347	0.203535304877039
-895.800357315016	844.8	-0.0300002215743962	-0.0300236229583052	0.205386683514302	0.205189410813097
-895.800357315016	870.4	-0.0294291002357551	-0.0297107274374229	0.206417076056725	0.206796887526771
-895.800357315016	896	-0.0292828859844376	-0.0294116787539894	0.207901955593035	0.208363805486713
-883.18345087396	-921.6	-0.0268687375552588	-0.0273423788620655	-0.210168315748944	-0.20916826373235
-883.18345087396	-896	-0.0270544323718073	-0.0275822606423485	-0.208143421476296	-0.207676343934038
-883.18345087396	-870.4	-0.0274063328675528	-0.0278183163966807	-0.206837015549887	-0.206154558596908
-883.18345087396	-844.8	-0.0277415918120064	-0.0280773885164214	-0.205351728964245	-0.204593789335704
-883.18345087396	-819.2	-0.0278723021767142	-0.0283367642989121	-0.203983661455254	-0.202998857343072
-883.18345087396	-793.6	-0.0284540135906748	-0.0286206040486627	-0.201787827050873	-0.201340138501478
-883.18345087396	-768	-0.028789807709993	-0.0289108875066666	-0.200284065306234	-0.199636857052109
-883.18345087396	-742.4	-0.029295013206499	-0.0292209799385812	-0.198447654860064	-0.197853511315671
-883.18345087396	-716.8	-0.0296151157491252	-0.0295445929069825	-0.19640572731978	-0.196011810676822
-883.18345087396	-691.2	-0.0298553933746244	-0.0298908454420629	-0.19455997042542	-0.194064742348197
-883.18345087396	-665.6	-0.0303617371988788	-0.0302601709609589	-0.192230209250979	-0.192005477124379
-883.18345087396	-640	-0.0306804351582598	-0.0306568841347191	-0.190887044629553	-0.189802131813122
-883.18345087396	-614.4	-0.0309027451322907	-0.0310858681626735	-0.188945117817446	-0.187414111750091
-883.18345087396	-588.8	-0.0312705064597172	-0.0315508089554271	-0.186372717434604	-0.184814654508594
-883.18345087396	-563.2	-0.0316943444315178	-0.0320551370453047	-0.183876242543432	-0.181979956019134
-883.18345087396	-537.6	-0.0321039750550043	-0.0326032329998744	-0.181136916586448	-0.178873734405515
-883.18345087396	-512	-0.0325489619094405	-0.0331992976163989	-0.177999968345042	-0.175456643601947
-883.18345087396	-486.4	-0.0332025560534952	-0.0338475589051072	-0.17455333512732	-0.171687025604702
-883.18345087396	-460.8	-0.034261365388584	-0.0345517822803277	-0.171173468220043	-0.167521916056525
-883.18345087396	-435.2	-0.0346148107800109	-0.035314205728616	-0.166917161050956	-0.162917243530001
-883.18345087396	-409.6	-0.0358458264264819	-0.0361351596585297	-0.161683635566712	-0.157828041094713
-883.18345087396	-384	-0.0364357354319117	-0.0370129580284239	-0.156721270477273	-0.152210117814544
-883.18345087396	-358.4	-0.0373171737644435	-0.0379429986396315	-0.151003618079441	-0.146021097312299
-883.18345087396	-332.8	-0.0389557759343678	-0.0389175718467202	-0.143826471060395	-0.139220138356878
-883.18345087396	-307.2	-0.0396434308163202	-0.0399269931747577	-0.136818590104622	-0.131772131918935
-883.18345087396	-281.6	-0.0405781365404029	-0.040961098855552	-0.12860722775468	-0.123652764534428
-883.18345087396	-256	-0.0422209242031033	-0.0420054409302679	-0.120089186073275	-0.114850543842732
-883.18345087396	-230.4	-0.0432983516527029	-0.0430395299381976	-0.111170301609857	-0.105370433422461
-883.18345087396	-204.8	-0.0447725137341587	-0.0440387093130321	-0.100524263593523	-0.0952357260894943
-883.18345087396	-179.2	-0.0458252586181436	-0.0449776101828509	-0.0896514626047791	-0.0844862543601821
-883.18345087396	-153.6	-0.0468767429896531	-0.0458333110367964	-0.0777951612153092	-0.0731751567779189
-883.18345087396	-128	-0.0476848252238276	-0.0465868585608217	-0.0648290628717259	-0.0613666697053468
-883.18345087396	-102.4	-0.048012422554799	-0.04722278513053	-0.0505914296333233	-0.0491342274046465
-883.18345087396	-76.8	-0.0486065320640877	-0.0477299116761451	-0.0371628598149109	-0.0365583488250513
-883.18345087396	-51.2	-0.0510932618379815	-0.0481014044501922	-0.0245189132402138	-0.0237276469048167
-883.18345087396	-25.6	-0.0505614258012186	-0.0483327391460279	-0.0108208705576304	-0.0107394909968548
-883.18345087396	0	-0.0500184893914394	-0.0484207364262032	0.00277904162416248	0.0023030723177085
-883.18345087396	25.6	-0.0494463943415765	-0.0483645314815668	0.0161285204039449	0.0152949997446947
-883.18345087396	51.2	-0.0489016225587708	-0.0481664194487033	0.0296188387541494	0.0281345434959465
-883.18345087396	76.8	-0.0486677019419135	-0.0478325474297912	0.0428775060594796	0.040728464365471
-883.18345087396	102.4	-0.0482118130542243	-0.0473740512858266	0.0558594200421393	0.0529952003060181
-883.18345087396	128	-0.0475000930883068	-0.0468052842787211	0.0682988091154564	0.0648638342175182
-883.18345087396	153.6	-0.0468568354544042	-0.0461416666038733	0.0811632101580498	0.0762735817873272
-883.18345087396	179.2	-0.0460500498746158	-0.045399279771049	0.0921252238475561	0.0871716382100998
-883.18345087396	204.8	-0.0452598860195242	-0.0445948899634551	0.102750198483199	0.0975115735105813
-883.18345087396	230.4	-0.0441922359382157	-0.0437439501722656	0.112745442871089	0.107255413143367
-883.18345087396	256	-0.043059625038756	-0.0428589351667492	0.12133299163909	0.116375794208528
-883.18345087396	281.6	-0.0419107432862367	-0.0419522220852989	0.129685567589922	0.124856340283818
-883.18345087396	307.2	-0.0403446445480843	-0.0410363546722148	0.137842739086992	0.132694275156223
-883.18345087396	332.8	-0.0400239423942159	-0.0401241187627408	0.145163522725089	0.139901566929108
-883.18345087396	358.4	-0.0388679473671466	-0.0392278892712314	0.151255621819326	0.146503005515673
-883.18345087396	384	-0.038037162052846	-0.038357805690736	0.156769202012454	0.152532318376818
-883.18345087396	409.6	-0.0372934501791703	-0.0375210097140675	0.161752186261211	0.158028209699775
-883.18345087396	435.2	-0.0359781472191276	-0.0367215603363501	0.166429578210491	0.163031683274265
-883.18345087396	460.8	-0.0354748295487104	-0.0359613720392557	0.170850126550342	0.167582635860488
-883.18345087396	486.4	-0.0352080015679505	-0.0352412651901658	0.174561636078337	0.171721415289054
-883.18345087396	512	-0.0343810763569902	-0.0345606265957033	0.177418094126921	0.175487782398106
-883.18345087396	537.6	-0.0337250110911715	-0.0339177795003208	0.181029692560206	0.178920877492895
-883.18345087396	563.2	-0.0333291517534022	-0.0333110604129951	0.184349510707584	0.182061009174043
-883.18345087396	588.8	-0.0329423953243494	-0.032739243518282	0.186892550162231	0.184946410228034
-883.18345087396	614.4	-0.0319489936941562	-0.0322007088761864	0.188843784613632	0.187609469024545
-883.18345087396	640	-0.0313639969792747	-0.0316936015658701	0.191165827587988	0.190067881493075
-883.18345087396	665.6	-0.0308711958769957	-0.0312163284975229	0.193913865559497	0.192342380668127
-883.18345087396	691.2	-0.0305909756527567	-0.0307660230192916	0.195335631881334	0.194469238049931
-883.18345087396	716.8	-0.030328330863357	-0.0303398829645997	0.197830009780948	0.196478983836557
-883.18345087396	742.4	-0.0296119663482808	-0.02994002135873	0.198893639233838	0.198376100131353
-883.18345087396	768	-0.0290632915435437	-0.0295568522774552	0.200690750808933	0.200212048382784
-883.18345087396	793.6	-0.0289301277244865	-0.0291990450158904	0.202902681055437	0.20196039431309
-883.18345087396	819.2	-0.0288233726059796	-0.0288564125176721	0.204127595703661	0.203658480450771
-883.18345087396	844.8	-0.0283394075232855	-0.0285368143488679	0.204971923185515	0.205296586887607
-883.18345087396	870.4	-0.0279595042112439	-0.0282304614112319	0.206412181239657	0.206893530315495
-883.18345087396	896	-0.0276523266854236	-0.0279456217470925	0.208087750101362	0.2084502852764
-883.18345087396	921.6	-0.0277520267114524	-0.0276741707683148	0.210384024302837	0.209973091431299
-870.566544432903	-921.6	-0.0258714083507661	-0.0258771507316002	-0.209303691073393	-0.209280822817404
-870.566544432903	-896	-0.0259451534599062	-0.0260994748468858	-0.20787658623599	-0.207801621316323
-870.566544432903	-870.4	-0.0261857644144271	-0.0263207234700965	-0.206780759295781	-0.206293973317977
-870.566544432903	-844.8	-0.0263637654179902	-0.0265579905296035	-0.204663593946237	-0.204749900302029
-870.566544432903	-819.2	-0.026442366337551	-0.0268037626429305	-0.203706079575445	-0.203166740850925
-870.566544432903	-793.6	-0.0267413681549464	-0.0270652167723121	-0.202196084718774	-0.201529019018316
-870.566544432903	-768	-0.0271833049151883	-0.0273375745302632	-0.200390265432932	-0.199841230013244
-870.566544432903	-742.4	-0.0276921842391133	-0.0276270495426545	-0.198687090300815	-0.198079744562666
-870.566544432903	-716.8	-0.0281009167296547	-0.0279328329150154	-0.196680759158941	-0.196246190998221
-870.566544432903	-691.2	-0.028314540060616	-0.0282594809540789	-0.194951426990917	-0.194312721719614
-870.566544432903	-665.6	-0.0287608859774003	-0.0286067428343194	-0.19260244522796	-0.192282904786661
-870.566544432903	-640	-0.0291435465155793	-0.0289831898662196	-0.191191906213898	-0.19008795925249
-870.566544432903	-614.4	-0.0291354344048588	-0.0293920608133347	-0.189372191380935	-0.187708162588723
-870.566544432903	-588.8	-0.0297104214747898	-0.0298363547130356	-0.186573933599606	-0.185126854396922
-870.566544432903	-563.2	-0.0299971142244504	-0.0303209402190888	-0.183946488083727	-0.182311661713758
-870.566544432903	-537.6	-0.0302665911479971	-0.0308504520192656	-0.181246856961254	-0.179226582651387
-870.566544432903	-512	-0.030798330591495	-0.0314291366748845	-0.178310615745639	-0.175832574773338
-870.566544432903	-486.4	-0.0314997622669086	-0.0320612095573202	-0.175024077867572	-0.172087728194793
-870.566544432903	-460.8	-0.0325424646683348	-0.0327502204160416	-0.171676813454089	-0.167948387387905
-870.566544432903	-435.2	-0.0328789438344037	-0.0334983795930959	-0.167144446191812	-0.163370073098733
-870.566544432903	-409.6	-0.0341403734532901	-0.0343065425708328	-0.162080061903157	-0.158307166660732
-870.566544432903	-384	-0.0347576793917329	-0.0351735923058704	-0.157199359179544	-0.15271425213215
-870.566544432903	-358.4	-0.0356851068397403	-0.0360951816553789	-0.15137754966569	-0.146547721794903
-870.566544432903	-332.8	-0.0366930331051749	-0.0370634618170492	-0.144592737516719	-0.139765965235065
-870.566544432903	-307.2	-0.0377453642985078	-0.0380680744175152	-0.137575209013025	-0.132333141648877
-870.566544432903	-281.6	-0.0387609058865625	-0.0390981815841359	-0.129466513339296	-0.124223753325348
-870.566544432903	-256	-0.0400507236243359	-0.0401393717897825	-0.120979992252883	-0.115424541636328
-870.566544432903	-230.4	-0.0411035575230565	-0.0411716853657171	-0.112121156409383	-0.105938478637422
-870.566544432903	-204.8	-0.0426151349298723	-0.0421710493930305	-0.101371362947981	-0.0957872163993607
-870.566544432903	-179.2	-0.0438853474237531	-0.0431127044988262	-0.0901748716755451	-0.0850097299569489
-870.566544432903	-153.6	-0.0450096398814274	-0.0439740735902223	-0.0782069445486184	-0.0736591600844596
-870.566544432903	-128	-0.0460009806699055	-0.0447356144265799	-0.0658644930105003	-0.0618006177264811
-870.566544432903	-102.4	-0.0465103415174822	-0.0453809099031586	-0.0522861502740029	-0.0495086474847455
-870.566544432903	-76.8	-0.04718971256525	-0.045897742968597	-0.0387182680382489	-0.0368652887517097
-870.566544432903	-51.2	-0.0491702984050791	-0.0462777214985304	-0.0248354993101063	-0.0239615413234093
-870.566544432903	-25.6	-0.0486385197479602	-0.0465148899167441	-0.0111344486111318	-0.0108970351872098
-870.566544432903	0	-0.0481068367996456	-0.0466056814941063	0.00256413619124855	0.00222295373467378
-870.566544432903	25.6	-0.0475752495342993	-0.046549518502852	0.0162602557626879	0.0152914250540501
-870.566544432903	51.2	-0.0471889895800695	-0.0463493257153079	0.0296842041682033	0.0282051902585338
-870.566544432903	76.8	-0.0469255099377232	-0.0460126059083172	0.0429732404143887	0.0408700004153729
-870.566544432903	102.4	-0.0464112455266043	-0.0455518021381581	0.0559919859263325	0.0532027793177162
-870.566544432903	128	-0.0457631774848656	-0.0449817582166496	0.0688904662232816	0.06513060167921
-870.566544432903	153.6	-0.0450794586810382	-0.0443180396352202	0.0812636507887444	0.0765907760676958
-870.566544432903	179.2	-0.0442735760057879	-0.043576838015376	0.092303026909646	0.0875290156719324
-870.566544432903	204.8	-0.0435020499744622	-0.042774265533397	0.103361472745845	0.0978987380135088
-870.566544432903	230.4	-0.0423481160365197	-0.0419247894275092	0.113123957718426	0.107662751359007
-870.566544432903	256	-0.0412741713393285	-0.0410413492707531	0.121780878381626	0.116794562714188
-870.566544432903	281.6	-0.0401873811032945	-0.0401377661835811	0.130250363011986	0.12527848323258
-870.566544432903	307.2	-0.0387702298351854	-0.0392278374263208	0.138029118032299	0.133112484909456
-870.566544432903	332.8	-0.0381835671684987	-0.0383246523865553	0.145260804797446	0.140310040881821
-870.566544432903	358.4	-0.0371591142525309	-0.0374403306970247	0.151304580697349	0.146897652837128
-870.566544432903	384	-0.0362498486280672	-0.0365844190587065	0.157009938168439	0.152910245740285
-870.566544432903	409.6	-0.0356272577174099	-0.0357633104383627	0.162334892466235	0.158387437093192
-870.566544432903	435.2	-0.0346318697892853	-0.0349805814669981	0.166900859969013	0.163370576505624
-870.566544432903	460.8	-0.0335410178955644	-0.0342377436027447	0.171088956231523	0.167900258243533
-870.566544432903	486.4	-0.0334321275515516	-0.0335353193523269	0.174855697590372	0.172017860749447
-870.566544432903	512	-0.032649174486286	-0.0328725789744925	0.177812452132347	0.175764242526658
-870.566544432903	537.6	-0.0322114419331184	-0.0322479111805192	0.181264387243555	0.179179543149646
-870.566544432903	563.2	-0.0318533177175239	-0.0316596853085555	0.184586929200127	0.182303801912551
-870.566544432903	588.8	-0.0314249445225502	-0.0311065322442739	0.186979518986003	0.185174046577586
-870.566544432903	614.4	-0.0304536393133216	-0.0305864115198654	0.188921746114819	0.187822117402571
-870.566544432903	640	-0.0298247383119988	-0.0300959951195854	0.191605811251506	0.190274936981989
-870.566544432903	665.6	-0.0294304713231628	-0.0296340334901658	0.194062304737575	0.192544112022365
-870.566544432903	691.2	-0.0290923796811941	-0.029200902830343	0.196007458546383	0.194643197160506
-870.566544432903	716.8	-0.028868372384939	-0.0287888770183044	0.197860298372976	0.19664351034548
-870.566544432903	742.4	-0.02809336188956	-0.028400628222036	0.199667735965229	0.198538074190412
-870.566544432903	768	-0.0275576195498582	-0.0280319761699719	0.201652342682548	0.200355472391139
-870.566544432903	793.6	-0.0273154072727619	-0.027685915168727	0.203081129703686	0.202092697475513
-870.566544432903	819.2	-0.0271509376305392	-0.027355707596638	0.20431014715395	0.203777050701787
-870.566544432903	844.8	-0.0266673461431682	-0.0270464067113119	0.205550553115889	0.205404073877272
-870.566544432903	870.4	-0.0263598037421415	-0.0267526292754769	0.207046042702769	0.206988326349252
-870.566544432903	896	-0.0260809161136434	-0.0264782326223539	0.208804057481835	0.208533429805096
-870.566544432903	921.6	-0.0261054002276138	-0.0262137442058798	0.210440810163103	0.21004044858461
-857.949637991847	-947.2	-0.0240285142650733	-0.0242266980300887	-0.210838352716	-0.210836320393296
-857.949637991847	-921.6	-0.0240060637746854	-0.0244133963210639	-0.209557039389873	-0.209393044729116
-857.949637991847	-896	-0.0245502911720637	-0.0246078489555367	-0.208035058572808	-0.207926710149897
-857.949637991847	-870.4	-0.0246744296666264	-0.0248221199811942	-0.206693839449572	-0.206429679832282
-857.949637991847	-844.8	-0.024935281017812	-0.0250342529334142	-0.204335976876815	-0.204905328740146
-857.949637991847	-819.2	-0.0250418795896012	-0.0252673735565295	-0.203410899852129	-0.203328987449208
-857.949637991847	-793.6	-0.0252035737711303	-0.0255046537598593	-0.202492777955421	-0.201719944445008
-857.949637991847	-768	-0.0255539881321502	-0.0257613251945009	-0.200935181001656	-0.200035488507901
-857.949637991847	-742.4	-0.0261194508640112	-0.0260289075594474	-0.198954013380299	-0.198305279740676
-857.949637991847	-716.8	-0.0265918865168914	-0.0263154781309975	-0.196901206663571	-0.196486339588584
-857.949637991847	-691.2	-0.02662163133487	-0.0266216810897014	-0.195539660566794	-0.194573591725747
-857.949637991847	-665.6	-0.0270131085373088	-0.0269504755756432	-0.193207437703147	-0.192542465036456
-857.949637991847	-640	-0.0273095407842927	-0.0273071294053716	-0.191587052171574	-0.190354429712861
-857.949637991847	-614.4	-0.0271192828164332	-0.027695503429593	-0.190032743797005	-0.18799015050684
-857.949637991847	-588.8	-0.027836289777777	-0.0281197900826202	-0.186803856165473	-0.18542653546074
-857.949637991847	-563.2	-0.0282918021073213	-0.0285850884473995	-0.184018514367487	-0.182631022809063
-857.949637991847	-537.6	-0.0286850243629647	-0.0290962956893699	-0.181415159769408	-0.179567931627532
-857.949637991847	-512	-0.029204889301921	-0.0296577929853106	-0.178728519399782	-0.176198137984275
-857.949637991847	-486.4	-0.029767042163158	-0.0302739862284677	-0.175464472881945	-0.172479082636852
-857.949637991847	-460.8	-0.0305044440898207	-0.0309482843656388	-0.171942303863427	-0.16836628111802
-857.949637991847	-435.2	-0.0311446837231391	-0.0316825225105741	-0.167371520942366	-0.163814984533159
-857.949637991847	-409.6	-0.0322432056388283	-0.0324777008029226	-0.162758905271695	-0.158779213368125
-857.949637991847	-384	-0.033025773448385	-0.0333330515383749	-0.157780182109736	-0.153212402336077
-857.949637991847	-358.4	-0.0341099438275035	-0.0342445370644733	-0.151717815574031	-0.147069601984264
-857.949637991847	-332.8	-0.034616416062106	-0.0352046794957396	-0.145200744177247	-0.14030802158821
-857.949637991847	-307.2	-0.035750350660229	-0.0362029625880119	-0.138211356253957	-0.132890642329547
-857.949637991847	-281.6	-0.0370858333230869	-0.0372277040783647	-0.130313826871314	-0.124790795892852
-857.949637991847	-256	-0.0380683155047827	-0.0382641619598995	-0.121761709047083	-0.115994205463661
-857.949637991847	-230.4	-0.039287510063416	-0.0392928258414875	-0.112707435741821	-0.106502367069801
-857.949637991847	-204.8	-0.0403331576271238	-0.0402903560521235	-0.102307835813323	-0.096335506872088
-857.949637991847	-179.2	-0.0418755127007749	-0.0412329990433625	-0.0907679789706738	-0.0855316272391126
-857.949637991847	-153.6	-0.0430629653658184	-0.0420985694864276	-0.0787253365081547	-0.0741437279358175
-857.949637991847	-128	-0.0441560923287063	-0.0428672575587023	-0.0662589432305884	-0.0622374448562362
-857.949637991847	-102.4	-0.0449969659366036	-0.0435219029210978	-0.0532820673618207	-0.0498881829586904
-857.949637991847	-76.8	-0.04507961464737	-0.0440489787573487	-0.0392731476821636	-0.0371795810646893
-857.949637991847	-51.2	-0.0465175827142629	-0.044438068639887	-0.0248333561375986	-0.0242047833399699
-857.949637991847	-25.6	-0.0460788310485454	-0.044681692491975	-0.010764791295044	-0.0110652691278767
-857.949637991847	0	-0.0455499460470386	-0.0447759929009119	0.00292195001202147	0.00213190564879184
-857.949637991847	25.6	-0.0453371993747919	-0.0447207093472487	0.0163125143263487	0.0152779486040271
-857.949637991847	51.2	-0.0453386188394869	-0.044519626894726	0.0297327819746286	0.0282680490633656
-857.949637991847	76.8	-0.0451096183309707	-0.0441816549892996	0.0433212850000252	0.0410064048054455
-857.949637991847	102.4	-0.0446357368354271	-0.0437201446474269	0.0564694476390614	0.053407658692334
-857.949637991847	128	-0.0440125775951076	-0.043150397209348	0.0693752020833874	0.0653966396156439
-857.949637991847	153.6	-0.0433003429584067	-0.042488315114697	0.0813605907172434	0.0769086094504344
-857.949637991847	179.2	-0.0425315722123908	-0.0417502077767607	0.0925875169050155	0.0878875808167909
-857.949637991847	204.8	-0.0414912964727284	-0.0409512661315916	0.103574812631596	0.0982867486008314
-857.949637991847	230.4	-0.0401880700159021	-0.0401046842859938	0.113277076164889	0.108069899774105
-857.949637991847	256	-0.0395975648712346	-0.0392235056788076	0.122273505307464	0.117211544430298
-857.949637991847	281.6	-0.03864469055901	-0.0383229833424996	0.130599655132074	0.125697080813755
-857.949637991847	307.2	-0.037359581722663	-0.0374184915439469	0.138210265260337	0.133525823377532
-857.949637991847	332.8	-0.0364444997281805	-0.0365237071583646	0.145466354282254	0.140713064515057
-857.949637991847	358.4	-0.0354214621596682	-0.0356504921644622	0.151370193400743	0.147286806700564
-857.949637991847	384	-0.0342336153593162	-0.0348079380455681	0.157601320808733	0.153282886118981
-857.949637991847	409.6	-0.0337799407452022	-0.0340019079286683	0.162808640615848	0.158741311990022
-857.949637991847	435.2	-0.0330394799263568	-0.0332355872263832	0.167414823411033	0.163703250611682
-857.949637991847	460.8	-0.0318526009963824	-0.0325100229781029	0.171488727779125	0.168210320168536
-857.949637991847	486.4	-0.0316133025686223	-0.03182532149918	0.175096405698063	0.172305375556601
-857.949637991847	512	-0.0309084215879	-0.0311806004455673	0.178219366487663	0.176030783397205
-857.949637991847	537.6	-0.0306514051318442	-0.0305743264872016	0.18159129423471	0.17942757353592
-857.949637991847	563.2	-0.0303655452789459	-0.0300048329699586	0.18461003954599	0.182535251558309
-857.949637991847	588.8	-0.0297253105364607	-0.029470507694682	0.187002879593468	0.185389702114288
-857.949637991847	614.4	-0.0289796881000552	-0.0289688838231291	0.189044120964614	0.188022286338659
-857.949637991847	640	-0.0284232085951962	-0.0284962767003697	0.191679503313377	0.190461115059718
-857.949637991847	665.6	-0.0279894422811907	-0.0280501308894387	0.194210775287347	0.192726032669628
-857.949637991847	691.2	-0.0275449379608742	-0.0276299617761258	0.196051837281997	0.194831815434718
-857.949637991847	716.8	-0.0274073399241851	-0.0272332483794015	0.197890609246057	0.196815534448492
-857.949637991847	742.4	-0.0266559404706209	-0.0268583724521426	0.19945110140266	0.198700368614458
-857.949637991847	768	-0.0262754314043169	-0.0265075780806905	0.200873981813656	0.200488754658761
-857.949637991847	793.6	-0.0257869624799599	-0.0261709711261171	0.203385982662734	0.20222392065776
-857.949637991847	819.2	-0.0254742438372108	-0.0258569907939184	0.204768840305205	0.203887676731706
-857.949637991847	844.8	-0.0250559445320779	-0.0255558763756976	0.20617703176102	0.205508725869677
-857.949637991847	870.4	-0.0248544800545738	-0.0252758371180964	0.207481442824764	0.207079811581156
-857.949637991847	896	-0.0248597061307201	-0.0250069024402869	0.209187552565796	0.208613463584393
-857.949637991847	921.6	-0.0245176549826897	-0.0247552137824374	0.210264862610732	0.210112718604486
-857.949637991847	947.2	-0.0243026264815042	-0.0245165886715144	0.211950703451921	0.211583158849309
-845.33273155079	-947.2	-0.0221979771196574	-0.0227619688112942	-0.210874858507618	-0.210932627693436
-845.33273155079	-921.6	-0.0223506881306205	-0.0229424748390909	-0.210117712772962	-0.209503058011629
-845.33273155079	-896	-0.0230529485563811	-0.0231201114025049	-0.208343945579128	-0.208049104336017
-845.33273155079	-870.4	-0.0230944696619105	-0.0233134849818892	-0.206722412796571	-0.206565706485147
-845.33273155079	-844.8	-0.0233548295064493	-0.0235125083877687	-0.204800394515981	-0.205051039150251
-845.33273155079	-819.2	-0.0236604757317673	-0.0237240007854875	-0.20382462563639	-0.203492173219326
-845.33273155079	-793.6	-0.0236816893206888	-0.0239441991853761	-0.202699365973748	-0.201892676588911
-845.33273155079	-768	-0.023916660857782	-0.0241794312031936	-0.201568321919747	-0.20023112875942
-845.33273155079	-742.4	-0.0245594622472116	-0.0244288349584017	-0.199023153374482	-0.198508604105322
-845.33273155079	-716.8	-0.0250478049747684	-0.0246959457095042	-0.197140076519189	-0.196701827244333
-845.33273155079	-691.2	-0.0247312636042823	-0.0249809132230764	-0.196013385808379	-0.194814404596502
-845.33273155079	-665.6	-0.0251903945237477	-0.0252903152845338	-0.193596313810128	-0.192788755398393
-845.33273155079	-640	-0.0254927779987782	-0.0256276249812564	-0.191606947404211	-0.190608712790376
-845.33273155079	-614.4	-0.0252767188053268	-0.0259963636859144	-0.190326665328708	-0.188259508596574
-845.33273155079	-588.8	-0.0257328741009015	-0.0264015702320562	-0.187225403827972	-0.185713010857544
-845.33273155079	-563.2	-0.0262457768409265	-0.0268484085523221	-0.184414301691677	-0.182937103537821
-845.33273155079	-537.6	-0.0267764166800234	-0.0273418601651981	-0.181963406440613	-0.179896457166795
-845.33273155079	-512	-0.0275780034922658	-0.0278864356917469	-0.179144648334417	-0.176551710030016
-845.33273155079	-486.4	-0.0279927900882739	-0.0284867427770066	-0.175845224805497	-0.172859509113981
-845.33273155079	-460.8	-0.0284663677883307	-0.029146208961668	-0.172207801531728	-0.168774428994795
-845.33273155079	-435.2	-0.0293297659793586	-0.0298662659640866	-0.167743851634497	-0.164251186905755
-845.33273155079	-409.6	-0.0302590429776002	-0.0306477118560236	-0.163374892175837	-0.159243354697877
-845.33273155079	-384	-0.0311977905108406	-0.0314899618215723	-0.158378081063509	-0.15370344013246
-845.33273155079	-358.4	-0.032231853433281	-0.0323894163574914	-0.152410531955222	-0.147585334896388
-845.33273155079	-332.8	-0.0327090287942396	-0.0333394279646902	-0.145886440562262	-0.140844887349359
-845.33273155079	-307.2	-0.0336905741773374	-0.0343299044227248	-0.13881252300448	-0.133443670250759
-845.33273155079	-281.6	-0.0352660676798817	-0.0353483214707055	-0.131043406979786	-0.125353755771757
-845.33273155079	-256	-0.0363890463538772	-0.03637931899801	-0.122462209465281	-0.116560001097568
-845.33273155079	-230.4	-0.037476524243222	-0.0374034214128126	-0.113289943371549	-0.107062776582253
-845.33273155079	-204.8	-0.0382543285151469	-0.0383980054336791	-0.103091066502889	-0.0968811502345771
-845.33273155079	-179.2	-0.0398174987988144	-0.0393403298655112	-0.0915848742335293	-0.0860522622277106
-845.33273155079	-153.6	-0.0411677182847651	-0.040208690727163	-0.0794441331168062	-0.0746288075708943
-845.33273155079	-128	-0.0424030276627198	-0.0409833862640386	-0.0666036447547794	-0.0626765661325082
-845.33273155079	-102.4	-0.0433685731999212	-0.0416467744264966	-0.0535018018808966	-0.0502716109319448
-845.33273155079	-76.8	-0.0434465077005628	-0.0421839012920853	-0.0394321010702563	-0.0374992952572941
-845.33273155079	-51.2	-0.0437121491712442	-0.0425822670687337	-0.0248385103596139	-0.0244545692865129
-845.33273155079	-25.6	-0.0433981783680903	-0.0428329292375289	-0.0102614272752282	-0.0112404473944496
-845.33273155079	0	-0.0432759804573629	-0.0429316415595834	0.00302654060434754	0.00203450715296646
-845.33273155079	25.6	-0.0433865683116209	-0.0428783935206744	0.016111400227057	0.0152597067095529
-845.33273155079	51.2	-0.0434261318439036	-0.0426778942617518	0.0297318066308222	0.0283283658496342
-845.33273155079	76.8	-0.0432417452278858	-0.0423402275573129	0.0435819141304852	0.0411424044945957
-845.33273155079	102.4	-0.0428057927992871	-0.0418794607535395	0.0569144765981449	0.0536136867448359
-845.33273155079	128	-0.042204366797225	-0.0413115493994595	0.069718742993172	0.0656646594920938
-845.33273155079	153.6	-0.0415218935976596	-0.0406528799201492	0.0816780112448656	0.0772285805058404
-845.33273155079	179.2	-0.0406760506233504	-0.0399196089132601	0.0930330510934062	0.0882478533355283
-845.33273155079	204.8	-0.0392886298648444	-0.03912582021186	0.103747661086979	0.0986754932399877
-845.33273155079	230.4	-0.0384675514762473	-0.0382834549631837	0.113596019257196	0.108476504152239
-845.33273155079	256	-0.0379755718520654	-0.0374055676350634	0.12264057073204	0.117626442068171
-845.33273155079	281.6	-0.0366513749238654	-0.036508485176993	0.131068482181255	0.126112070334318
-845.33273155079	307.2	-0.0357595452713416	-0.0356091454982625	0.138520440084818	0.133934546731768
-845.33273155079	332.8	-0.0347158307775708	-0.0347221607439552	0.145733626780853	0.141110966748513
-845.33273155079	358.4	-0.0335103387488538	-0.0338592764165616	0.151521103441421	0.147670597053381
-845.33273155079	384	-0.0322190321034933	-0.0330292906453874	0.158178726364185	0.153649853986035
-845.33273155079	409.6	-0.0319962379961566	-0.0322377312869352	0.162516586283501	0.159088771924098
-845.33273155079	435.2	-0.0312254762707034	-0.0314874400039053	0.167384887898625	0.164028382262404
-845.33273155079	460.8	-0.0301704978402496	-0.0307790018224805	0.171887344614952	0.168511864919987
-845.33273155079	486.4	-0.029765302519139	-0.0301120561879081	0.175262544977476	0.172583799928442
-845.33273155079	512	-0.0291732251054638	-0.0294855616902251	0.178506480427319	0.17628790819943
-845.33273155079	537.6	-0.0288653248693422	-0.0288979853785766	0.181432718249346	0.17966577754656
-845.33273155079	563.2	-0.0284364693359911	-0.0283474473282041	0.184465099165251	0.182756379005657
-845.33273155079	588.8	-0.0278454990823898	-0.0278319934577259	0.18692452753304	0.185594702576152
-845.33273155079	614.4	-0.0273431071483578	-0.027348797471013	0.189373347671857	0.188211884910724
-845.33273155079	640	-0.0268383841892446	-0.026894059421551	0.192142746275857	0.190637007936081
-845.33273155079	665.6	-0.0263856212085836	-0.0264643398500999	0.194110684047981	0.192896499524911
-845.33273155079	691.2	-0.0259674912115169	-0.0260591278624795	0.196102495823304	0.195001291114097
-845.33273155079	716.8	-0.0258196061729487	-0.0256798777406915	0.197768263866439	0.196963377232809
-845.33273155079	742.4	-0.025118513062978	-0.0253193641660568	0.199105038667188	0.198840715175775
-845.33273155079	768	-0.024938829379424	-0.0249803503177214	0.20100990300142	0.200626093423192
-845.33273155079	793.6	-0.0244442822183898	-0.0246581588070571	0.20358814479134	0.202345574500792
-845.33273155079	819.2	-0.0241316691930839	-0.0243547303193869	0.204700719189109	0.204001552339608
-845.33273155079	844.8	-0.0238135664266447	-0.0240665417359198	0.206091660890608	0.205609083080116
-845.33273155079	870.4	-0.0237095089715811	-0.0237944138723593	0.207567696934624	0.207170812654575
-845.33273155079	896	-0.0239000928398507	-0.0235364339932543	0.209322118011022	0.208692815365439
-845.33273155079	921.6	-0.0233667185783443	-0.0232947427359738	0.210124227936094	0.210181251917877
-845.33273155079	947.2	-0.0228464132857775	-0.0230620837874038	0.211696958471627	0.21163573077875
-832.715825109734	-947.2	-0.021185582426519	-0.0213047118380462	-0.21067666974306	-0.211029979102358
-832.715825109734	-921.6	-0.0211045109960772	-0.0214639716592144	-0.210227694950359	-0.209611381454928
-832.715825109734	-896	-0.0216587184874346	-0.0216311549156441	-0.208369544233233	-0.208167861795087
-832.715825109734	-870.4	-0.0217054110353272	-0.0218022051550358	-0.206625607613766	-0.206698596143013
-832.715825109734	-844.8	-0.0218665320555947	-0.0219876384943805	-0.20538143871166	-0.20518994151225
-832.715825109734	-819.2	-0.0222736718952121	-0.0221763618149915	-0.20421625612164	-0.203653074267313
-832.715825109734	-793.6	-0.0222667340412636	-0.0223797381682834	-0.202444294461756	-0.202059324184184
-832.715825109734	-768	-0.0223463998045284	-0.0225934724582079	-0.201620588171454	-0.200425107917187
-832.715825109734	-742.4	-0.0229967574064647	-0.0228238619664344	-0.199038774858878	-0.198715085508984
-832.715825109734	-716.8	-0.0232635440727624	-0.0230709336067689	-0.197510326465303	-0.19692593434715
-832.715825109734	-691.2	-0.0228403760489434	-0.023337493685132	-0.196484595211858	-0.195036364385518
-832.715825109734	-665.6	-0.0235183398900523	-0.0236275169414366	-0.193767442019647	-0.193018029910436
-832.715825109734	-640	-0.0236896690353451	-0.0239452747082386	-0.191611438439686	-0.190850825644903
-832.715825109734	-614.4	-0.0238710025534896	-0.0242950584802267	-0.189740909058253	-0.188516255607138
-832.715825109734	-588.8	-0.0241813774171019	-0.0246820648085042	-0.187109102209767	-0.185986489953557
-832.715825109734	-563.2	-0.0243880614184779	-0.0251113630486766	-0.184922252816801	-0.183230093729396
-832.715825109734	-537.6	-0.0246014231140489	-0.0255876931286605	-0.182749314004389	-0.180212091939216
-832.715825109734	-512	-0.0255649862498659	-0.0261157087036469	-0.179436823854221	-0.176892722367977
-832.715825109734	-486.4	-0.0261663834004755	-0.0267000945971262	-0.176159951207804	-0.173227940812703
-832.715825109734	-460.8	-0.0268697105638275	-0.0273442601147336	-0.172357594224879	-0.169171559558636
-832.715825109734	-435.2	-0.0276597497923125	-0.0280492897850572	-0.168022406765983	-0.164677469216538
-832.715825109734	-409.6	-0.0283286731099316	-0.0288156969408947	-0.163832431939141	-0.159698379454431
-832.715825109734	-384	-0.0290036763349285	-0.0296431158714111	-0.158795792083967	-0.154185905876285
-832.715825109734	-358.4	-0.0300979047708001	-0.0305286181270645	-0.152879660048053	-0.148093043801921
-832.715825109734	-332.8	-0.0308421745606253	-0.0314666382308214	-0.146641404246293	-0.141374542519785
-832.715825109734	-307.2	-0.0316650623276307	-0.0324479128382209	-0.139578827248178	-0.133990650084384
-832.715825109734	-281.6	-0.0331437855666513	-0.033459308855043	-0.131747762978596	-0.125912057254369
-832.715825109734	-256	-0.0347061957593631	-0.0344846982400691	-0.123164203868374	-0.117122260922982
-832.715825109734	-230.4	-0.0355654134433205	-0.0355042134135037	-0.113857729575719	-0.107620486756545
-832.715825109734	-204.8	-0.0364237642874444	-0.0364956028829616	-0.103507106503884	-0.0974248529305187
-832.715825109734	-179.2	-0.0380233363774935	-0.0374369140238233	-0.0922506979334828	-0.0865717429780682
-832.715825109734	-153.6	-0.0392855368518934	-0.0383070771780366	-0.0801974686274713	-0.0751134731413357
-832.715825109734	-128	-0.0405660059505173	-0.03908663709931	-0.0671613105063416	-0.0631158887896816
-832.715825109734	-102.4	-0.0416062430717244	-0.0397576753758937	-0.0537036073022598	-0.0506556908115491
-832.715825109734	-76.8	-0.0418128811844977	-0.0403039286168178	-0.0397497064148669	-0.037820018052812
-832.715825109734	-51.2	-0.0414839021931565	-0.0407112175910841	-0.0251196453979527	-0.0247054991993586
-832.715825109734	-25.6	-0.0413501511773399	-0.0409694145012133	-0.0102664934316468	-0.0114165193664963
-832.715825109734	0	-0.0414061382309307	-0.0410735796421216	0.00307110586959902	0.00193691367737904
-832.715825109734	25.6	-0.0415155542587256	-0.0410237127684651	0.0161584728599809	0.015242442820534
-832.715825109734	51.2	-0.0418576745516181	-0.0408252980712503	0.0298824452031202	0.0283910177728656
-832.715825109734	76.8	-0.0413939791141387	-0.0404893498902064	0.0437456900304897	0.0412817698675822
-832.715825109734	102.4	-0.0409760600328174	-0.0400307118923561	0.0573484858679594	0.0538235985370595
-832.715825109734	128	-0.0403947188270284	-0.0394660863293331	0.0700625569504822	0.0659362822307512
-832.715825109734	153.6	-0.0396935106848913	-0.038812288565592	0.0820412533506176	0.0775510943387265
-832.715825109734	179.2	-0.0386980960950672	-0.0380850819463578	0.0936517903198108	0.0886092451020152
-832.715825109734	204.8	-0.0373299222215743	-0.0372974435773033	0.104227260310005	0.0990640308716056
-832.715825109734	230.4	-0.036819224046378	-0.036460302705069	0.113904210247909	0.10888176777063
-832.715825109734	256	-0.0358187624010165	-0.0355867750659488	0.123212775808512	0.118039036836753
-832.715825109734	281.6	-0.0345397840556628	-0.0346939003733585	0.1316499799827	0.126523955244063
-832.715825109734	307.2	-0.0339249479044401	-0.033799933105715	0.139541206697243	0.134339530053301
-832.715825109734	332.8	-0.0328156680836746	-0.0329204948607958	0.145996044200458	0.141504413030737
-832.715825109734	358.4	-0.0316042052685522	-0.0320674123032826	0.151671619456986	0.148049027795221
-832.715825109734	384	-0.0306595879141648	-0.0312494029921264	0.158535319801309	0.154010287170456
-832.715825109734	409.6	-0.0302711801834109	-0.0304717877886549	0.162378985121869	0.159428220323413
-832.715825109734	435.2	-0.0292266529578046	-0.0297370928152011	0.167812361680828	0.164344313438864
-832.715825109734	460.8	-0.0282872570909053	-0.0290454967240545	0.172196391188141	0.168803604684422
-832.715825109734	486.4	-0.0279134613070397	-0.0283962458306045	0.175429029585878	0.172852375940351
-832.715825109734	512	-0.0274648340351026	-0.0277881395608523	0.178366344869314	0.176535351263558
-832.715825109734	537.6	-0.0269628261271615	-0.0272194986782852	0.180962503935042	0.179894326265726
-832.715825109734	563.2	-0.0264789180013469	-0.0266880813381088	0.18440088963348	0.182967753258215
-832.715825109734	588.8	-0.0261216262790522	-0.0261915489319974	0.187461747274007	0.185790006944911
-832.715825109734	614.4	-0.0256383847156657	-0.0257267719422929	0.190080829912823	0.188392591900129
-832.715825109734	640	-0.0251297042252646	-0.0252899442659828	0.192867706589805	0.190805292048461
-832.715825109734	665.6	-0.0247848054072405	-0.024877698447771	0.19373661113181	0.193054816811921
-832.715825109734	691.2	-0.0243509928697346	-0.0244886782301557	0.196251292614116	0.195156261616151
-832.715825109734	716.8	-0.0241239377544841	-0.0241224935950561	0.197942291822625	0.197126162499963
-832.715825109734	742.4	-0.0234950145098564	-0.0237774465587645	0.19942069130047	0.198989879485395
-832.715825109734	768	-0.0233267578451673	-0.0234562023816693	0.201723229781013	0.200750229159096
-832.715825109734	793.6	-0.0231233590322889	-0.0231455779356474	0.203777595404799	0.20246467534585
-832.715825109734	819.2	-0.0228884328904572	-0.0228513288862562	0.204496538824295	0.204116185101773
-832.715825109734	844.8	-0.0225181116878001	-0.0225777715015194	0.206054596186557	0.205706466275923
-832.715825109734	870.4	-0.0222699906350852	-0.022316023781001	0.207530234164096	0.207257970886824
-832.715825109734	896	-0.0222968981202436	-0.0220673116335378	0.209188838499361	0.20877037797698
-832.715825109734	921.6	-0.0216422370683328	-0.0218319809778691	0.210181040562262	0.210247282104096
-832.715825109734	947.2	-0.0214061248880241	-0.0216101913304225	0.211443718754273	0.211695433616268
-820.098918668677	-972.8	-0.0198503809023221	-0.0197086777892031	-0.212318909926814	-0.21251330411009
-820.098918668677	-947.2	-0.0198971978888223	-0.0198471214236357	-0.210613903423585	-0.211125908228033
-820.098918668677	-921.6	-0.0198630452710886	-0.0199860299514147	-0.210158841949689	-0.20971738900675
-820.098918668677	-896	-0.0202991377515888	-0.0201320883173726	-0.208306640945792	-0.208286449374671
-820.098918668677	-870.4	-0.020491261156462	-0.0202894033859201	-0.206545038697626	-0.206826111922243
-820.098918668677	-844.8	-0.0204981605420128	-0.0204553073857274	-0.205435116539831	-0.205330745911403
-820.098918668677	-819.2	-0.020706255348965	-0.0206273529168871	-0.204456903380209	-0.203803298095207
-820.098918668677	-793.6	-0.020855656497012	-0.0208110903701761	-0.202203709455824	-0.202225773988877
-820.098918668677	-768	-0.0207844294606147	-0.0210066196249046	-0.201588421481515	-0.200598356011247
-820.098918668677	-742.4	-0.0214143534544091	-0.0212177720570276	-0.199160136489711	-0.198898747326296
-820.098918668677	-716.8	-0.0215349163711223	-0.0214448868160086	-0.197852385640172	-0.197126646094115
-820.098918668677	-691.2	-0.021103250836667	-0.0216915675817991	-0.196780871685026	-0.195247961900686
-820.098918668677	-665.6	-0.0218894984405282	-0.0219625782596338	-0.193944211978953	-0.19323536789132
-820.098918668677	-640	-0.0220958047837299	-0.0222610520974718	-0.191960787256611	-0.191081174294391
-820.098918668677	-614.4	-0.0223492290116274	-0.022592335398049	-0.189773019939797	-0.188761136605686
-820.098918668677	-588.8	-0.0226201033113042	-0.022961770520113	-0.187441155904883	-0.186248004417391
-820.098918668677	-563.2	-0.0228238828276727	-0.0233742087704111	-0.185231172341944	-0.183511213194785
-820.098918668677	-537.6	-0.0232140370732935	-0.0238340487577644	-0.182934191448221	-0.180515944050044
-820.098918668677	-512	-0.0238241936824052	-0.0243459081785646	-0.179802418019454	-0.177221850383753
-820.098918668677	-486.4	-0.0243592282369047	-0.0249143185675474	-0.176484920617882	-0.173584447437953
-820.098918668677	-460.8	-0.0253244956426562	-0.025542523876258	-0.172506577887017	-0.169557059181576
-820.098918668677	-435.2	-0.0261190956178284	-0.0262314120740328	-0.168194322462771	-0.165092710861032
-820.098918668677	-409.6	-0.0266753466318124	-0.026981305785753	-0.163978244395438	-0.160142961518705
-820.098918668677	-384	-0.027219200320852	-0.02779214140041	-0.159049590068032	-0.154658378120884
-820.098918668677	-358.4	-0.0280931287085818	-0.0286618678350094	-0.15332226612352	-0.148591088663009
-820.098918668677	-332.8	-0.0290405569918108	-0.0295861967160302	-0.14736792266455	-0.14189518860108
-820.098918668677	-307.2	-0.029826463078996	-0.0305568603728022	-0.140488192567667	-0.134530029261375
-820.098918668677	-281.6	-0.0310416739568528	-0.0315605200496609	-0.132376700971383	-0.126464803858387
-820.098918668677	-256	-0.0326512297180406	-0.0325802722480012	-0.123621589699115	-0.117680924577257
-820.098918668677	-230.4	-0.0335685055886672	-0.0335955202674464	-0.11429588853811	-0.108176107238476
-820.098918668677	-204.8	-0.0346519120817565	-0.0345839271231245	-0.10387704131766	-0.0979673199539528
-820.098918668677	-179.2	-0.0362316329870001	-0.0355241769584656	-0.0929039636394643	-0.0870901242657559
-820.098918668677	-153.6	-0.0373744121788861	-0.0363957278157221	-0.080798088836952	-0.0755967644123225
-820.098918668677	-128	-0.0386484730065995	-0.0371793221393201	-0.0678820533465467	-0.0635534899998277
-820.098918668677	-102.4	-0.0396409683107149	-0.037856818096183	-0.0543569042542981	-0.0510377701647209
-820.098918668677	-76.8	-0.0401775987124292	-0.0384110161132276	-0.0405631035085401	-0.0381383129675466
-820.098918668677	-51.2	-0.0399750036954341	-0.0388266975327164	-0.025748339501467	-0.0249535139596251
-820.098918668677	-25.6	-0.0397719963393116	-0.0390927546886439	-0.0109924745499145	-0.0115892010095894
-820.098918668677	0	-0.0396067466648423	-0.0392032602638877	0.00333470195030149	0.00184308445727081
-820.098918668677	25.6	-0.0400019539231433	-0.0391580216000705	0.0165790860945663	0.0152292369652067
-820.098918668677	51.2	-0.0407548199846953	-0.0389630497706321	0.0303631470712127	0.0284579216876503
-820.098918668677	76.8	-0.0396684749203397	-0.0386301269769678	0.0439890953393068	0.0414253323657514
-820.098918668677	102.4	-0.0393069926229738	-0.0381749617647676	0.0575051360097652	0.0540373072650014
-820.098918668677	128	-0.0385957944672757	-0.0376149290566536	0.0705543371822181	0.0662107437669063
-820.098918668677	153.6	-0.0379320212223712	-0.0369670102136688	0.0824084185045792	0.0778748561704964
-820.098918668677	179.2	-0.0367146955804138	-0.0362463995787055	0.0942367742799851	0.0889702204435042
-820.098918668677	204.8	-0.0355624985788262	-0.0354651585220707	0.104573669170881	0.099451050715621
-820.098918668677	230.4	-0.0348667244675557	-0.0346337512128572	0.114629530292796	0.10928489459784
-820.098918668677	256	-0.0336071097122223	-0.03376547977505	0.124038352492294	0.118449301001009
-820.098918668677	281.6	-0.0327066390908927	-0.0328778546006383	0.132611449368853	0.126933453608899
-820.098918668677	307.2	-0.0320711306430006	-0.0319900703077229	0.140536406567107	0.134741751541825
-820.098918668677	332.8	-0.0307482367591007	-0.0311185468046518	0.146363968615479	0.141894154536311
-820.098918668677	358.4	-0.0298926339141868	-0.0302752469706161	0.152192288933951	0.148422176520327
-820.098918668677	384	-0.0291080322777746	-0.0294689824435328	0.158894403127981	0.154363466360919
-820.098918668677	409.6	-0.0284472482085648	-0.0287050008098164	0.163080698924354	0.159758511268204
-820.098918668677	435.2	-0.0272209612880358	-0.0279855246234118	0.16828019327718	0.164649940852499
-820.098918668677	460.8	-0.026681382175753	-0.0273103591946022	0.172583184026366	0.169084584904362
-820.098918668677	486.4	-0.0262615462519968	-0.0266785564287776	0.175675403011556	0.173110212602024
-820.098918668677	512	-0.025774358178399	-0.0260888342698007	0.178454384161138	0.17677229838215
-820.098918668677	537.6	-0.025215513623008	-0.0255391676183441	0.181504038529615	0.18011263720176
-820.098918668677	563.2	-0.0245713522507515	-0.0250269362889544	0.185014030832459	0.183169241849207
-820.098918668677	588.8	-0.0242820811394809	-0.0245493970647295	0.187915370350941	0.185976156219889
-820.098918668677	614.4	-0.0239419134526314	-0.0241031218889808	0.190427925726903	0.188565456088769
-820.098918668677	640	-0.0234870970269854	-0.0236843842550314	0.192524889058638	0.190967229661291
-820.098918668677	665.6	-0.0231871827575062	-0.0232899854423333	0.193363284379898	0.19320755125768
-820.098918668677	691.2	-0.0227412371922956	-0.0229175598377346	0.196409859977559	0.195307409592083
-820.098918668677	716.8	-0.0224614366614311	-0.0225677388937597	0.198205952675539	0.197270923255131
-820.098918668677	742.4	-0.0218638736403415	-0.0222390488217673	0.200063143524147	0.199121856599223
-820.098918668677	768	-0.0216698732385069	-0.0219264615295334	0.202435481409176	0.200893399214724
-820.098918668677	793.6	-0.0215840298319751	-0.0216315492844313	0.203601083227131	0.202586847415846
-820.098918668677	819.2	-0.0213006699168091	-0.0213506715606354	0.204591728354155	0.204224261422979
-820.098918668677	844.8	-0.0209418417854381	-0.021086672244103	0.206417205003458	0.205805373141893
-820.098918668677	870.4	-0.0206012517783062	-0.0208335620520284	0.20750167364895	0.207346678289066
-820.098918668677	896	-0.0203518767894939	-0.0205963947023614	0.208903483488942	0.208846287627494
-820.098918668677	921.6	-0.0201465717451209	-0.0203709972990091	0.210319575559257	0.210313830155622
-820.098918668677	947.2	-0.01996952632994	-0.0201588971299414	0.211454517548096	0.21175534562672
-820.098918668677	972.8	-0.0199264951005291	-0.0199548435778198	0.21273227364828	0.213169019327575
-807.482012227621	-972.8	-0.0181089324333807	-0.0182530528736334	-0.212133966890222	-0.212595883967276
-807.482012227621	-947.2	-0.0179736426261301	-0.0183749828574145	-0.211086460883962	-0.211219340441433
-807.482012227621	-921.6	-0.0180814221523425	-0.0185020785819328	-0.21019790176666	-0.209821527944647
-807.482012227621	-896	-0.0186351393282078	-0.0186347574019292	-0.208319499873864	-0.208399144429279
-807.482012227621	-870.4	-0.0190008654731462	-0.0187738183817552	-0.206951251976218	-0.206948549136881
-807.482012227621	-844.8	-0.0190797051821397	-0.0189187429556403	-0.205652518955314	-0.205471277140745
-807.482012227621	-819.2	-0.0191309733731532	-0.0190752635676472	-0.20460938613005	-0.203947377513583
-807.482012227621	-793.6	-0.0194503667110779	-0.0192411412898149	-0.20239382123164	-0.202376305025125
-807.482012227621	-768	-0.0192605769378419	-0.0194170471999711	-0.201464323282515	-0.200768258086671
-807.482012227621	-742.4	-0.0199773538843452	-0.0196082666525012	-0.199491896235766	-0.199089603306047
-807.482012227621	-716.8	-0.0198074097342921	-0.0198166954215021	-0.198193139893879	-0.197320300315869
-807.482012227621	-691.2	-0.0193686875314408	-0.0200447579687779	-0.197082620856504	-0.195443284217561
-807.482012227621	-665.6	-0.0201314756717698	-0.0202963172706859	-0.194271459009296	-0.193442117607875
-807.482012227621	-640	-0.0204765144654275	-0.0205758923391878	-0.192385205151075	-0.191300972204159
-807.482012227621	-614.4	-0.02076906236953	-0.0208891017503712	-0.190283058019761	-0.188995560615912
-807.482012227621	-588.8	-0.0211680790980832	-0.0212412882749725	-0.187814820673268	-0.186499252995667
-807.482012227621	-563.2	-0.021254819628053	-0.0216371943796754	-0.185494148310805	-0.183782315060951
-807.482012227621	-537.6	-0.0218178472301695	-0.0220810180493336	-0.183095161564486	-0.180809699287878
-807.482012227621	-512	-0.0222767511204866	-0.022577011725373	-0.180229931801698	-0.177540411721365
-807.482012227621	-486.4	-0.0225779608449371	-0.0231292444689972	-0.176838630284191	-0.173929921124125
-807.482012227621	-460.8	-0.0236164757449948	-0.023740718841595	-0.172731822395001	-0.169931265852052
-807.482012227621	-435.2	-0.0241857085447285	-0.0244123394680975	-0.168630658858983	-0.165496682746903
-807.482012227621	-409.6	-0.0248170895282605	-0.0251444296784633	-0.164336769348332	-0.16057653692965
-807.482012227621	-384	-0.0256095789301096	-0.0259372173843099	-0.159351230356172	-0.155120255545392
-807.482012227621	-358.4	-0.0263939050451827	-0.0267895889613918	-0.153777338331862	-0.149078959597119
-807.482012227621	-332.8	-0.0272804401118673	-0.0276986512378565	-0.147843924350877	-0.142406239131743
-807.482012227621	-307.2	-0.0279585161102688	-0.0286573025284824	-0.141020801619311	-0.135061039365842
-807.482012227621	-281.6	-0.0291221907868274	-0.0296523412662222	-0.132672636112925	-0.127011149892086
-807.482012227621	-256	-0.0305258918274557	-0.0306661511855461	-0.124008325488821	-0.118235547715835
-807.482012227621	-230.4	-0.0315778942712003	-0.0316772424712894	-0.114738747690887	-0.108729733930944
-807.482012227621	-204.8	-0.0328278101517542	-0.0326629715833584	-0.104463457241282	-0.0985089480586203
-807.482012227621	-179.2	-0.0342618183001424	-0.0336023858169388	-0.0934377377272251	-0.0876078460096237
-807.482012227621	-153.6	-0.0354283268721174	-0.0344752424739909	-0.0812980542357408	-0.0760790698599239
-807.482012227621	-128	-0.0366920577032242	-0.035262292617236	-0.0685866822810349	-0.0639896619485484
-807.482012227621	-102.4	-0.0376762396567665	-0.0359452053359951	-0.0550098391120718	-0.0514180163882484
-807.482012227621	-76.8	-0.0384624214909403	-0.0365064066006077	-0.0413388531086705	-0.0384541563008573
-807.482012227621	-51.2	-0.038434577151701	-0.0369301631436173	-0.0263723303509004	-0.0251983120098994
-807.482012227621	-25.6	-0.0381922157798098	-0.0372043443134408	-0.011677959801609	-0.0117580931245461
-807.482012227621	0	-0.0379332166392648	-0.0373219583682158	0.00275337793186851	0.00175330318688767
-807.482012227621	25.6	-0.0384644223835907	-0.0372824812000565	0.0169742833320845	0.0152198600349183
-807.482012227621	51.2	-0.0392794858772982	-0.0370921801734914	0.0307543966106081	0.0285280926776819
-807.482012227621	76.8	-0.0379422116390559	-0.0367634812870995	0.0441952390215775	0.0415713529342972
-807.482012227621	102.4	-0.0376366182233866	-0.0363129006893259	0.0576619088189525	0.0542523765678016
-807.482012227621	128	-0.0368172082204265	-0.0357583892134193	0.0709949497351997	0.0664853585339432
-807.482012227621	153.6	-0.0361705211807451	-0.0351169257227711	0.0828271217207467	0.0781975367880299
-807.482012227621	179.2	-0.0350290218750508	-0.0344028783105461	0.0945337707743047	0.0893292991425256
-807.482012227621	204.8	-0.0338268273749312	-0.0336276250269839	0.105018358779604	0.0998358618506464
-807.482012227621	230.4	-0.0327202795340021	-0.032801894449314	0.115685319558854	0.109685771461927
-807.482012227621	256	-0.0316316429841668	-0.0319395566473809	0.124708544098662	0.118857553450517
-807.482012227621	281.6	-0.0308744174368516	-0.0310584219414924	0.133219912088365	0.127341068958324
-807.482012227621	307.2	-0.0299993881512801	-0.0301781454989018	0.140851743000006	0.135141697686563
-807.482012227621	332.8	-0.0287403340587059	-0.029315548353676	0.146789025181411	0.142280499257129
-807.482012227621	358.4	-0.0282565265525493	-0.02848264959286	0.152993788933881	0.148790062343131
-807.482012227621	384	-0.0274433671787968	-0.0276883750801347	0.159151984728764	0.154709177519114
-807.482012227621	409.6	-0.0266191928869482	-0.0269380159589306	0.163789235115361	0.160079482451824
-807.482012227621	435.2	-0.025474123618239	-0.026233522539729	0.168630021474674	0.164945208979257
-807.482012227621	460.8	-0.0251720495183206	-0.0255744301673738	0.173000126050901	0.169354766279964
-807.482012227621	486.4	-0.024624019329925	-0.0249597655915016	0.175825651021178	0.173357153198599
-807.482012227621	512	-0.0240993372186799	-0.0243882080235235	0.178717735250565	0.176998508906645
-807.482012227621	537.6	-0.0234944282841504	-0.0238573255018082	0.182053821529602	0.18032049396801
-807.482012227621	563.2	-0.0228847008170989	-0.0233641741441954	0.185447544384654	0.183360854059442
-807.482012227621	588.8	-0.0226828278547296	-0.0229055612847717	0.188190433865835	0.186153501631807
-807.482012227621	614.4	-0.0222604025754018	-0.0224778160000171	0.19029277763503	0.188730724860417
-807.482012227621	640	-0.0218805979585757	-0.0220774164430913	0.19183965828092	0.191122567158938
-807.482012227621	665.6	-0.0216018466897216	-0.0217012029595671	0.193382921261356	0.193354421406415
-807.482012227621	691.2	-0.0211509217168216	-0.0213466361661901	0.196530225715099	0.195447475480549
-807.482012227621	716.8	-0.0208890635025384	-0.0210123451256687	0.198731566421601	0.197414059425217
-807.482012227621	742.4	-0.020297698851106	-0.0206973962574971	0.200637080411323	0.199266539749084
-807.482012227621	768	-0.020131717191764	-0.0204006597286658	0.201545451040264	0.201020388140026
-807.482012227621	793.6	-0.0199953309872904	-0.0201205443797151	0.20291944159052	0.202696739053563
-807.482012227621	819.2	-0.0196871176940676	-0.0198526696758891	0.204789411427654	0.204322490125736
-807.482012227621	844.8	-0.0193712353006706	-0.0195943223679004	0.206696193779441	0.205904798582181
-807.482012227621	870.4	-0.0190275956201502	-0.0193553164306878	0.207707167829404	0.207428822535585
-807.482012227621	896	-0.0188785817804469	-0.0191260219837613	0.208794891404596	0.208919975092997
-807.482012227621	921.6	-0.0188168793831057	-0.0189089630300849	0.210215296840058	0.210378431680141
-807.482012227621	947.2	-0.0186697958325335	-0.0187028527856215	0.211276773621725	0.211808704852896
-807.482012227621	972.8	-0.0184205051781342	-0.0185091005530615	0.21220058145347	0.213216332006794
-794.865105786564	-998.4	-0.01621771009346	-0.0166989434031966	-0.214300962925484	-0.214026424651076
-794.865105786564	-972.8	-0.01649275679957	-0.0168053410460226	-0.212229190686847	-0.212678457460739
-794.865105786564	-947.2	-0.0163561200826144	-0.0169057755917201	-0.211514868054289	-0.211310892085543
-794.865105786564	-921.6	-0.0164858921275267	-0.0170169078728655	-0.210153749721932	-0.209922315631947
-794.865105786564	-896	-0.0169111576045873	-0.0171307914486327	-0.208451111491196	-0.208511001884237
-794.865105786564	-870.4	-0.0172445832630641	-0.0172544389105462	-0.207584624003697	-0.207067402185288
-794.865105786564	-844.8	-0.0174243137983113	-0.0173816119128991	-0.206235512026038	-0.2056008291883
-794.865105786564	-819.2	-0.0175281320825016	-0.0175204902933304	-0.204958588200022	-0.204083906071516
-794.865105786564	-793.6	-0.0180638215782475	-0.0176667166651387	-0.202634470531401	-0.202536818763152
-794.865105786564	-768	-0.0178405170611281	-0.0178255011674023	-0.201636339311763	-0.200928907347282
-794.865105786564	-742.4	-0.0184907631314289	-0.0179979029783303	-0.199851941125946	-0.19926006600033
-794.865105786564	-716.8	-0.0183546908611566	-0.0181871066906153	-0.198130340105115	-0.19750066800226
-794.865105786564	-691.2	-0.0177897026595486	-0.0183966396397128	-0.197163632817792	-0.195628780166439
-794.865105786564	-665.6	-0.0182187541982758	-0.0186293182254252	-0.194811021658203	-0.193639276839816
-794.865105786564	-640	-0.0186314136772341	-0.0188905475361857	-0.192710552719117	-0.191511372974011
-794.865105786564	-614.4	-0.0188593137340841	-0.0191860547269003	-0.190840261809223	-0.189220963404131
-794.865105786564	-588.8	-0.0195827654630581	-0.0195211315963692	-0.188250905751028	-0.186741953577438
-794.865105786564	-563.2	-0.0196765349199663	-0.0199005575123632	-0.185715771885253	-0.184045018466079
-794.865105786564	-537.6	-0.0200199270075669	-0.0203284695519313	-0.183288271489766	-0.181094672043909
-794.865105786564	-512	-0.0204428055947637	-0.0208085659484787	-0.180595161298001	-0.177849527427792
-794.865105786564	-486.4	-0.0207850126224079	-0.0213442861898051	-0.177227003974456	-0.174265323037161
-794.865105786564	-460.8	-0.021662779681127	-0.0219383391554552	-0.17335268146902	-0.170294928757642
-794.865105786564	-435.2	-0.0222455414728485	-0.0225917687540084	-0.169167220811195	-0.165889814716604
-794.865105786564	-409.6	-0.0227986334840701	-0.0233050723857848	-0.164855812100468	-0.160999294522562
-794.865105786564	-384	-0.0239129289360884	-0.0240787480233056	-0.159808401823166	-0.15557171938939
-794.865105786564	-358.4	-0.0248297783140496	-0.0249125738017879	-0.154200386817786	-0.149557148962678
-794.865105786564	-332.8	-0.0254186025906142	-0.0258050159446632	-0.148380390466369	-0.142908408431228
-794.865105786564	-307.2	-0.026104523368619	-0.0267502206384115	-0.141302094315341	-0.135584048151732
-794.865105786564	-281.6	-0.0272575925556285	-0.0277355435468095	-0.132922353660925	-0.127550726162538
-794.865105786564	-256	-0.0284684507119135	-0.0287427525885451	-0.124583506394946	-0.11878524378924
-794.865105786564	-230.4	-0.0297782168889275	-0.0297494535335566	-0.11537877950186	-0.109280430910336
-794.865105786564	-204.8	-0.0310152821707619	-0.0307326005303272	-0.10510726965927	-0.0990491726354691
-794.865105786564	-179.2	-0.0322877857960355	-0.0316713056912988	-0.093958991840638	-0.0881251003448986
-794.865105786564	-153.6	-0.0334886272492803	-0.0325453307823986	-0.0817900017446229	-0.0765614326718273
-794.865105786564	-128	-0.0347793449954751	-0.0333353145169396	-0.0690114103806704	-0.0644260820430104
-794.865105786564	-102.4	-0.0359102966224044	-0.0340228856378376	-0.0551966567585248	-0.0517983946372051
-794.865105786564	-76.8	-0.0366560801850375	-0.0345905597305959	-0.041379948645478	-0.0387697569283313
-794.865105786564	-51.2	-0.0364723250305952	-0.0350222412208229	-0.0267327371323514	-0.0254423013443817
-794.865105786564	-25.6	-0.0364066202092557	-0.0353048090834892	-0.0114255946536361	-0.0119256271958095
-794.865105786564	0	-0.0354316379871435	-0.035430364245454	0.00232370567794233	0.00166526854415821
-794.865105786564	25.6	-0.0359764149657604	-0.0353978026162262	0.0167098490968653	0.0152121436927707
-794.865105786564	51.2	-0.0370845077440568	-0.0352133466346662	0.0307463092901678	0.0285992390769421
-794.865105786564	76.8	-0.0360525361662998	-0.0348899906357649	0.0444514207065993	0.0417172483919229
-794.865105786564	102.4	-0.035749258740212	-0.0344447817638259	0.0579626067941521	0.0544660291183487
-794.865105786564	128	-0.0350061972021218	-0.0338961441158798	0.0713029774540706	0.0667574619082731
-794.865105786564	153.6	-0.0343701278231182	-0.0332610604503973	0.0832675898970509	0.0785173231526234
-794.865105786564	179.2	-0.033345167052478	-0.0325531250823579	0.0947980885895634	0.0896859374744114
-794.865105786564	204.8	-0.0320950049274122	-0.0317832080822257	0.105652357083874	0.100218814978245
-794.865105786564	230.4	-0.0309207297458735	-0.0309628430023256	0.116328932298725	0.110085075730852
-794.865105786564	256	-0.0298096122380468	-0.0301069333441312	0.125143330710642	0.119264217627867
-794.865105786564	281.6	-0.028925884672704	-0.0292336057893993	0.13372631662463	0.127746806455249
-794.865105786564	307.2	-0.0279395282921178	-0.0283624808957794	0.141061736341911	0.135539072478993
-794.865105786564	332.8	-0.0270440371277786	-0.0275102947797789	0.147413730369222	0.14266309166359
-794.865105786564	358.4	-0.0266205750755126	-0.0266889602631194	0.153795212568708	0.149152550661175
-794.865105786564	384	-0.0256215611423275	-0.0259074179244193	0.159234174209202	0.155047692490467
-794.865105786564	409.6	-0.0247879859269281	-0.0251709994515024	0.164207114462879	0.160391822393555
-794.865105786564	435.2	-0.0237677513872796	-0.0244814833086351	0.168830822818988	0.165231079752707
-794.865105786564	460.8	-0.0234174088562755	-0.023838336311706	0.173040172274462	0.169615199953929
-794.865105786564	486.4	-0.0229267198450081	-0.0232406143355347	0.175904494023096	0.173594190309481
-794.865105786564	512	-0.0223277403189171	-0.0226869344246448	0.179020966573024	0.177214827915268
-794.865105786564	537.6	-0.0219178301477544	-0.0221745081466229	0.182604555082829	0.180518585947678
-794.865105786564	563.2	-0.0214203265127271	-0.0217001449334107	0.185774833898346	0.183543046698107
-794.865105786564	588.8	-0.0210730954411447	-0.0212602281706964	0.188327863848749	0.186322089652713
-794.865105786564	614.4	-0.020632617126673	-0.020850971357268	0.190071979986631	0.188887733023588
-794.865105786564	640	-0.0203824340061995	-0.020469126557803	0.191573840062918	0.191269802514791
-794.865105786564	665.6	-0.0200128058099666	-0.0201114362832859	0.193679343322514	0.193493404948085
-794.865105786564	691.2	-0.0195441039476085	-0.0197750279878454	0.196654636342132	0.195579945959252
-794.865105786564	716.8	-0.019168862741633	-0.0194573191952518	0.198891883132712	0.197546431497305
-794.865105786564	742.4	-0.0188865338838271	-0.0191581372549238	0.200313021797306	0.199393366899998
-794.865105786564	768	-0.0186867465902197	-0.0188753697435331	0.200742184592183	0.20114015530554
-794.865105786564	793.6	-0.0184675528724864	-0.0186057713949443	0.202663892247213	0.202817344788794
-794.865105786564	819.2	-0.0183327123698484	-0.0183513652408642	0.204042719184241	0.204425510803433
-794.865105786564	844.8	-0.0178886467731292	-0.0181058605895213	0.206245937146918	0.20599395448845
-794.865105786564	870.4	-0.0174824088703087	-0.0178766395621964	0.207920197514799	0.207508316491725
-794.865105786564	896	-0.0174160550092016	-0.0176549398562207	0.208791120199003	0.208992011892638
-794.865105786564	921.6	-0.0174429783471366	-0.0174487579317618	0.210242833114376	0.210441625691892
-794.865105786564	947.2	-0.0171723324063664	-0.0172517551009379	0.211138089051336	0.211865393795546
-794.865105786564	972.8	-0.0167812928998546	-0.0170675116626941	0.21218737194221	0.213268281171182
-794.865105786564	998.4	-0.0167378487743085	-0.0168902718659313	0.214291257959773	0.214645414685205
-782.248199345507	-998.4	-0.0147304614331523	-0.0152554040698231	-0.213996756669606	-0.214096676125577
-782.248199345507	-972.8	-0.0150108991852347	-0.0153422825229943	-0.21271388845762	-0.21275719011522
-782.248199345507	-947.2	-0.0151729286410877	-0.0154334760987621	-0.211751990408698	-0.211399394071258
-782.248199345507	-921.6	-0.0153822938662679	-0.0155285168073625	-0.210334246689969	-0.210019491189375
-782.248199345507	-896	-0.0155560370565456	-0.0156265294821787	-0.208577115623068	-0.208616023997059
-782.248199345507	-870.4	-0.0157644243253599	-0.0157300865714681	-0.207720629386731	-0.207186954914057
-782.248199345507	-844.8	-0.0157674221980652	-0.015842754695317	-0.206819033440563	-0.205719523056296
-782.248199345507	-819.2	-0.0160497740867168	-0.0159624874509056	-0.205176860047134	-0.20421878993183
-782.248199345507	-793.6	-0.0166474511591658	-0.0160909074763235	-0.202879625919066	-0.20268368490797
-782.248199345507	-768	-0.0164164198112742	-0.0162314070499701	-0.202021680287818	-0.201086899146109
-782.248199345507	-742.4	-0.0169260698086795	-0.0163853020386358	-0.200256818538217	-0.199424622635218
-782.248199345507	-716.8	-0.0169022654831994	-0.0165564256634091	-0.198079409737084	-0.197666700142441
-782.248199345507	-691.2	-0.0164793728034298	-0.0167473619412214	-0.196880051416916	-0.195804845850238
-782.248199345507	-665.6	-0.016581867836911	-0.0169618779340315	-0.195017209975299	-0.193826983280334
-782.248199345507	-640	-0.0167426767046896	-0.0172053805942086	-0.192984788336572	-0.191712517872752
-782.248199345507	-614.4	-0.0167435417376922	-0.0174835106211819	-0.191400645515244	-0.189437629986466
-782.248199345507	-588.8	-0.0174430540314305	-0.0178015387973683	-0.18867593331828	-0.186976521542659
-782.248199345507	-563.2	-0.0178154852811396	-0.0181643903744468	-0.186011643163751	-0.184299580330941
-782.248199345507	-537.6	-0.0181638256838839	-0.0185762148700578	-0.183445096716344	-0.181370966563253
-782.248199345507	-512	-0.0185608088537839	-0.019040149817156	-0.180758480007462	-0.178149419157459
-782.248199345507	-486.4	-0.0189567150542353	-0.0195589289223634	-0.177643563596187	-0.174591082658867
-782.248199345507	-460.8	-0.0197365531705731	-0.0201350001840155	-0.173923664198891	-0.170648592295917
-782.248199345507	-435.2	-0.0203182983499158	-0.0207695422822097	-0.169764201009157	-0.166272599155067
-782.248199345507	-409.6	-0.0207443274551397	-0.0214633037403754	-0.165436762803951	-0.161411620188587
-782.248199345507	-384	-0.0218167947361344	-0.0222171427203447	-0.160404244319129	-0.156013125646048
-782.248199345507	-358.4	-0.0229123084566755	-0.0230316935481104	-0.154729804923665	-0.15002618372905
-782.248199345507	-332.8	-0.023468395966904	-0.0239065445631987	-0.148919511766214	-0.143402633424164
-782.248199345507	-307.2	-0.0242661558598256	-0.0248369735670529	-0.141598694910606	-0.136100050767108
-782.248199345507	-281.6	-0.0254093045757049	-0.0258111701569759	-0.133392145543037	-0.128083821317256
-782.248199345507	-256	-0.0264983045187371	-0.0268106967428177	-0.125430264320745	-0.119329138935566
-782.248199345507	-230.4	-0.0278964595362185	-0.0278124293247081	-0.115950136693516	-0.109826568958172
-782.248199345507	-204.8	-0.029169526717447	-0.0287927611239827	-0.105730071158787	-0.0995864511880877
-782.248199345507	-179.2	-0.0301641215982113	-0.0297305207785745	-0.0944949882826008	-0.0886411396610477
-782.248199345507	-153.6	-0.0314209746379713	-0.0306053618480488	-0.0823225330076799	-0.0770439879211105
-782.248199345507	-128	-0.032923019442501	-0.0313978378609795	-0.0691088887435414	-0.0648635840333988
-782.248199345507	-102.4	-0.0341891702301108	-0.032089771434495	-0.0551942633222469	-0.0521803311840746
-782.248199345507	-76.8	-0.034767691061614	-0.0326637722365496	-0.0413840874362646	-0.0390871818192055
-782.248199345507	-51.2	-0.0345663349966005	-0.0331033153666047	-0.026875655493086	-0.0256880813659734
-782.248199345507	-25.6	-0.0344746025606514	-0.0333945017096267	-0.0113193691264153	-0.0120945326975184
-782.248199345507	0	-0.0329327185723659	-0.0335287526373414	0.00189404176560743	0.00157639864322505
-782.248199345507	25.6	-0.0335809868187952	-0.0335041784597808	0.0163770994410062	0.0152037943943947
-782.248199345507	51.2	-0.0344032143285684	-0.0333267119881626	0.0305714829748348	0.0286692929209998
-782.248199345507	76.8	-0.0341450338599403	-0.0330096384997834	0.0446566882471462	0.041861068176429
-782.248199345507	102.4	-0.0337492089995688	-0.0325702910543146	0.0583866744770275	0.0546765864038337
-782.248199345507	128	-0.0330437169925366	-0.0320273701990163	0.0716768104225502	0.0670258985856552
-782.248199345507	153.6	-0.0323064047379061	-0.0313978918282906	0.08370481147223	0.0788338428055654
-782.248199345507	179.2	-0.0314324889928935	-0.0306952192605848	0.0953132231080643	0.0900404261089963
-782.248199345507	204.8	-0.0303338759915672	-0.0299301653255823	0.106277316011867	0.100600610281882
-782.248199345507	230.4	-0.0291871577420808	-0.0291151297337507	0.116419854569806	0.110483506988501
-782.248199345507	256	-0.0281384487656924	-0.0282661469014641	0.125207244358469	0.119669506898113
-782.248199345507	281.6	-0.02703166984946	-0.0274017908849651	0.134068418174008	0.128150267063838
-782.248199345507	307.2	-0.0261004121964919	-0.0265414495405963	0.14153304732975	0.135933149734359
-782.248199345507	332.8	-0.0253052908452884	-0.0257013431614719	0.147920693011735	0.143041214832964
-782.248199345507	358.4	-0.0246801242665896	-0.0248930785401204	0.154089453965538	0.149509308110961
-782.248199345507	384	-0.0237964363744025	-0.0241254240683046	0.159313251953306	0.155379345605659
-782.248199345507	409.6	-0.0229428418382581	-0.0234036138025614	0.16424951144852	0.160696566262666
-782.248199345507	435.2	-0.0220264339853895	-0.0227293638528582	0.169018653251072	0.165509025973025
-782.248199345507	460.8	-0.0215764245420974	-0.0221023112156765	0.172914363579489	0.169867565916672
-782.248199345507	486.4	-0.0211004694790331	-0.0215215975851897	0.176111077938989	0.173823016719737
-782.248199345507	512	-0.0204799359798188	-0.0209856546945394	0.179452540710616	0.177422678145269
-782.248199345507	537.6	-0.0201183993627256	-0.0204914090286995	0.183041229556167	0.18070795777372
-782.248199345507	563.2	-0.0197489524011284	-0.0200354726602959	0.185960365727703	0.183716313682453
-782.248199345507	588.8	-0.0193715742673308	-0.0196139910095762	0.188111414207303	0.186481532291273
-782.248199345507	614.4	-0.0190747573274919	-0.0192232295081763	0.189636439715705	0.189035331734878
-782.248199345507	640	-0.0188121724591506	-0.0188600901546891	0.191364775905239	0.191407278385363
-782.248199345507	665.6	-0.0185048155487261	-0.0185211132491541	0.194140432591647	0.19362255374383
-782.248199345507	691.2	-0.0180313314117249	-0.0182029070023291	0.196672997187925	0.195702819948729
-782.248199345507	716.8	-0.0176795313025238	-0.0179025603184429	0.198696798100316	0.197664351155126
-782.248199345507	742.4	-0.0175181918704939	-0.0176189930923325	0.199689986683815	0.19950859477979
-782.248199345507	768	-0.017164991432321	-0.0173494808413333	0.2006254581196	0.201256624336475
-782.248199345507	793.6	-0.0169706980215102	-0.0170950507669703	0.202774273542094	0.202913790579185
-782.248199345507	819.2	-0.0168361166756564	-0.016851210968937	0.204042824597459	0.204520879763217
-782.248199345507	844.8	-0.0164266275797652	-0.0166194746285911	0.206346083086651	0.206073669619437
-782.248199345507	870.4	-0.0160757133503267	-0.0163984712870881	0.208153928393461	0.207585071543705
-782.248199345507	896	-0.0160600937191811	-0.0161878831842605	0.209188404998584	0.209060300745328
-782.248199345507	921.6	-0.016049798108191	-0.0159898598569838	0.211038207235704	0.21050340823231
-782.248199345507	947.2	-0.015485332651257	-0.01580098751462	0.211167963472587	0.211920222734832
-782.248199345507	972.8	-0.0150958676372984	-0.0156247881120019	0.212538650770806	0.213315809777304
-782.248199345507	998.4	-0.0151743303044645	-0.0154555252848333	0.214190317482572	0.214686479861195
-769.631292904451	-1024	-0.0131091001211598	-0.0137470573801929	-0.216171244946455	-0.215483942538556
-769.631292904451	-998.4	-0.0134793402629348	-0.0138113440283599	-0.214160258122241	-0.214165877332889
-769.631292904451	-972.8	-0.013610507962775	-0.0138808009699888	-0.212917691454639	-0.212834292485353
-769.631292904451	-947.2	-0.0138208401266747	-0.0139580590274734	-0.211837591988475	-0.211484748001111
-769.631292904451	-921.6	-0.0142155163746078	-0.01403274280816	-0.210467670920714	-0.210115752941148
-769.631292904451	-896	-0.0143197145890963	-0.0141185803677769	-0.20878165188475	-0.208716755926386
-769.631292904451	-870.4	-0.0143228805621071	-0.0142047320741752	-0.207589125659989	-0.207297422840861
-769.631292904451	-844.8	-0.0142925653310651	-0.0142999352799323	-0.206730200932569	-0.205838023137137
-769.631292904451	-819.2	-0.0145694124560022	-0.0144017989926972	-0.205395427720492	-0.204352865678262
-769.631292904451	-793.6	-0.014982289567068	-0.0145134613048084	-0.203141351784418	-0.202820137180869
-769.631292904451	-768	-0.0149774017406328	-0.0146357026262909	-0.202401485646596	-0.201235742741906
-769.631292904451	-742.4	-0.0148277553058158	-0.0147718728485789	-0.200452869546343	-0.199572536653204
-769.631292904451	-716.8	-0.015088824041697	-0.0149243035112736	-0.198124942103984	-0.197822759067431
-769.631292904451	-691.2	-0.015151198914196	-0.0150968775693573	-0.196627222851898	-0.195970818075341
-769.631292904451	-665.6	-0.015041489211523	-0.0152937254860868	-0.195077170284786	-0.194004530589376
-769.631292904451	-640	-0.0151347466475536	-0.0155200793415606	-0.192964549008195	-0.191903572985454
-769.631292904451	-614.4	-0.0150907538803625	-0.0157812806565143	-0.191499770961851	-0.189644613935609
-769.631292904451	-588.8	-0.0154638955414	-0.0160824568997197	-0.189156848490633	-0.187201893633625
-769.631292904451	-563.2	-0.01602947949178	-0.0164286781489433	-0.186258791817277	-0.184544951134392
-769.631292904451	-537.6	-0.0163894058983312	-0.0168241929136791	-0.183637822260271	-0.181637735468747
-769.631292904451	-512	-0.0168408241431231	-0.0172716733047786	-0.180844244269995	-0.178439620952722
-769.631292904451	-486.4	-0.0171542794169458	-0.0177730320937431	-0.178018984228794	-0.174907180632114
-769.631292904451	-460.8	-0.0179235920691408	-0.0183304359298465	-0.174285882563524	-0.170992573407662
-769.631292904451	-435.2	-0.0184172185427262	-0.0189453671645979	-0.170319520301015	-0.166645517392031
-769.631292904451	-409.6	-0.0188341441367875	-0.0196189406341244	-0.166000259908793	-0.161814005119536
-769.631292904451	-384	-0.0198261824561086	-0.0203525178827961	-0.160943514419475	-0.156444891100521
-769.631292904451	-358.4	-0.0208662273975026	-0.021147498105615	-0.155282025289	-0.150486381848743
-769.631292904451	-332.8	-0.0215259991714856	-0.0220041877138211	-0.149402900338962	-0.143889356862171
-769.631292904451	-307.2	-0.0224590605908216	-0.0229187360127895	-0.142278176294696	-0.136609692116764
-769.631292904451	-281.6	-0.0235662571228115	-0.0238802376654239	-0.133947137147967	-0.128610976916316
-769.631292904451	-256	-0.0245695424021825	-0.0248705341678536	-0.126099673243551	-0.119867068518078
-769.631292904451	-230.4	-0.0258496025779638	-0.0258662696611571	-0.116410008256735	-0.110367072719738
-769.631292904451	-204.8	-0.026998507060832	-0.0268431647233332	-0.106156507930837	-0.100119283126843
-769.631292904451	-179.2	-0.027945165991201	-0.027779410248751	-0.0950399376437761	-0.0891545989315004
-769.631292904451	-153.6	-0.0293304575174589	-0.0286546126458721	-0.082851129594897	-0.0775256750225361
-769.631292904451	-128	-0.0309578467551032	-0.0294493827723336	-0.0692555472120525	-0.0653015485159663
-769.631292904451	-102.4	-0.032361594386058	-0.0301457458641731	-0.0554605727626065	-0.052563950020209
-769.631292904451	-76.8	-0.0328248739942249	-0.0307261039870778	-0.0416863186540872	-0.039407402597951
-769.631292904451	-51.2	-0.032802766482921	-0.0311734594136144	-0.0273307668098062	-0.0259371556129857
-769.631292904451	-25.6	-0.0327463749617529	-0.031473365881328	-0.0116097176130853	-0.0122665123730845
-769.631292904451	0	-0.03270031819617	-0.0316167251585978	0.0021893463438362	0.0014848902976137
-769.631292904451	25.6	-0.0319509144457753	-0.0316009731529297	0.0163457495648217	0.0151931335160263
-769.631292904451	51.2	-0.0324089391277935	-0.0314315063102067	0.0305059004952951	0.0287369744017559
-769.631292904451	76.8	-0.0323167601136818	-0.031121469176309	0.0447048371260771	0.0420020513963955
-769.631292904451	102.4	-0.0317551138538938	-0.0306882506153237	0.0587434513801698	0.0548839632065565
-769.631292904451	128	-0.0310601608454523	-0.0301506273073176	0.0719187004577243	0.0672912098684079
-769.631292904451	153.6	-0.0302112940985806	-0.0295257583440666	0.084192088852632	0.0791478082746596
-769.631292904451	179.2	-0.0293633718380493	-0.0288274498666792	0.0960001114453503	0.0903931737737226
-769.631292904451	204.8	-0.0282770534481443	-0.0280671155853304	0.106812798822008	0.100981432580274
-769.631292904451	230.4	-0.0274410210468706	-0.0272578869992907	0.116753532153916	0.110881136684508
-769.631292904451	256	-0.0264253893678207	-0.0264165337597181	0.125343536508299	0.12007331919776
-769.631292904451	281.6	-0.0251905351209837	-0.0255621326309007	0.134322786057873	0.128551095010538
-769.631292904451	307.2	-0.0245234323749545	-0.0247138843844666	0.141949651557285	0.136323400973279
-769.631292904451	332.8	-0.0233716375421238	-0.0238873590856297	0.148391480936511	0.143414356645872
-769.631292904451	358.4	-0.0226873342624404	-0.0230937402180021	0.154421765115701	0.149860208289357
-769.631292904451	384	-0.0220769546547838	-0.0223413378901539	0.159721869341379	0.155704626383248
-769.631292904451	409.6	-0.0210945538873521	-0.0216350867272375	0.164286349052696	0.160994723428388
-769.631292904451	435.2	-0.0202181918444152	-0.0209767172026101	0.169237145474157	0.165780355553651
-769.631292904451	460.8	-0.0197432396352162	-0.0203662357560123	0.172835016801194	0.170113346297409
-769.631292904451	486.4	-0.0192736313169485	-0.0198028804539549	0.176666657760299	0.174045068179315
-769.631292904451	512	-0.0186558482589458	-0.0192847770645238	0.179903770213604	0.177623148359069
-769.631292904451	537.6	-0.0185272176824258	-0.0188086622954251	0.183105486987906	0.180889266738873
-769.631292904451	563.2	-0.018054991952208	-0.0183709872279899	0.186027608353437	0.183880794049911
-769.631292904451	588.8	-0.0176823321369679	-0.0179678350751933	0.187940495061963	0.186631332806907
-769.631292904451	614.4	-0.017399924195971	-0.0175956330255728	0.189749020281717	0.189172644573065
-769.631292904451	640	-0.0171272595214463	-0.0172512321667472	0.191768634149918	0.191534121890652
-769.631292904451	665.6	-0.0169785208345277	-0.0169308413012469	0.194739577014192	0.193741030549524
-769.631292904451	691.2	-0.0166065261528155	-0.016630543769655	0.19678474374456	0.195814890664278
-769.631292904451	716.8	-0.0162798414232446	-0.016347232174665	0.198429129835726	0.197770956935827
-769.631292904451	742.4	-0.0161443672465443	-0.0160790129157805	0.199788905121849	0.199615372181395
-769.631292904451	768	-0.0154834976822015	-0.0158243271008624	0.201015996394748	0.201356985764262
-769.631292904451	793.6	-0.0154142595588926	-0.0155816706716091	0.203070167699366	0.203019260552376
-769.631292904451	819.2	-0.0151991649794144	-0.0153505863046879	0.204710632835121	0.204615434532656
-769.631292904451	844.8	-0.0149750936736165	-0.015131854636048	0.207057178478407	0.206152917246611
-769.631292904451	870.4	-0.014777805073827	-0.0149197350006701	0.208351658273494	0.207662830169914
-769.631292904451	896	-0.0147069616527757	-0.0147222487987824	0.209789426476025	0.209126198283273
-769.631292904451	921.6	-0.0146377583196126	-0.0145308642638007	0.211740184775585	0.210564645808414
-769.631292904451	947.2	-0.0140575535054975	-0.0143529334051483	0.211556384220314	0.21197557705793
-769.631292904451	972.8	-0.013743529150423	-0.0141816787664889	0.212885797168819	0.213361851425439
-769.631292904451	998.4	-0.0139129912245343	-0.0140240226743962	0.214940098514866	0.214731676142968
-757.014386463394	-1024	-0.0117355575440161	-0.012308151700936	-0.216594535978595	-0.215543563968811
-757.014386463394	-998.4	-0.0122543727614993	-0.0123637442136673	-0.214409648236244	-0.214234192907653
-757.014386463394	-972.8	-0.012241551284539	-0.0124174134183067	-0.213008637499435	-0.21290969398279
-757.014386463394	-947.2	-0.0122076586731046	-0.0124745594367698	-0.211925544187894	-0.211568633168591
-757.014386463394	-921.6	-0.0125340637356644	-0.0125376370333378	-0.210534052319023	-0.210206062075656
-757.014386463394	-896	-0.0127639740280371	-0.0126047007961237	-0.208904950030379	-0.208817939916554
-757.014386463394	-870.4	-0.0128380523621196	-0.0126760843516188	-0.207585844737473	-0.207403598176861
-757.014386463394	-844.8	-0.0126763339856959	-0.0127541230600386	-0.206635055486217	-0.205954384313426
-757.014386463394	-819.2	-0.0128498177676074	-0.0128395677473165	-0.205429373613537	-0.204472826073013
-757.014386463394	-793.6	-0.0130869610240929	-0.0129337909053431	-0.203408871296078	-0.202953866308858
-757.014386463394	-768	-0.0130557789831074	-0.0130387092042758	-0.202475683569731	-0.201369608448788
-757.014386463394	-742.4	-0.0127599980141172	-0.013156183024645	-0.200630040674614	-0.1997146747566
-757.014386463394	-716.8	-0.0128547592712942	-0.0132904043228426	-0.198723177551853	-0.197968481859978
-757.014386463394	-691.2	-0.0130568323568659	-0.0134446790338482	-0.197387491913243	-0.196125938686402
-757.014386463394	-665.6	-0.0133589006007209	-0.0136240842090096	-0.19502229214075	-0.194170952236774
-757.014386463394	-640	-0.0134718595343544	-0.0138338158819107	-0.193009509971147	-0.192083506050458
-757.014386463394	-614.4	-0.0134926758649473	-0.0140787380373158	-0.191572438340135	-0.189840717974481
-757.014386463394	-588.8	-0.0136737481895554	-0.0143635635526968	-0.18968307569532	-0.187416601433941
-757.014386463394	-563.2	-0.0142979120767454	-0.0146933607820287	-0.18653215439236	-0.184779753755988
-757.014386463394	-537.6	-0.0146708777676287	-0.0150724192350691	-0.183848612266275	-0.181894091152248
-757.014386463394	-512	-0.0152514721599557	-0.0155030084830481	-0.180907309137949	-0.178719774686107
-757.014386463394	-486.4	-0.0155861534537805	-0.0159862913628524	-0.178070060305788	-0.17521365945082
-757.014386463394	-460.8	-0.0161984748047898	-0.016524123358437	-0.174457215266983	-0.171327217373004
-757.014386463394	-435.2	-0.0167379357335826	-0.0171185788934462	-0.170463598212342	-0.167009171267537
-757.014386463394	-409.6	-0.0172485911207697	-0.0177714204979084	-0.16643174445005	-0.162207184052278
-757.014386463394	-384	-0.0179741513348225	-0.0184845950666532	-0.161422505563301	-0.156867727654425
-757.014386463394	-358.4	-0.0188091281631017	-0.019259976786634	-0.155885385214118	-0.150938319029081
-757.014386463394	-332.8	-0.0198744293799519	-0.0200981261592018	-0.149631399638195	-0.144368835335733
-757.014386463394	-307.2	-0.0206519179175774	-0.0209958120741625	-0.142969758598285	-0.13711306679648
-757.014386463394	-281.6	-0.0216803813551978	-0.0219430349761808	-0.134573781357242	-0.129132481395866
-757.014386463394	-256	-0.0224535679383601	-0.0229223474725266	-0.126907815446553	-0.120399570269562
-757.014386463394	-230.4	-0.0236528121309031	-0.0239107158741208	-0.116766253310304	-0.110902267263369
-757.014386463394	-204.8	-0.024823370674558	-0.0248832742529989	-0.106576573606261	-0.100647481728319
-757.014386463394	-179.2	-0.0257880070370888	-0.025817395623301	-0.0955738613575325	-0.0896647860158613
-757.014386463394	-153.6	-0.0272824992738566	-0.0266926416145983	-0.0836004556360986	-0.0780056244500533
-757.014386463394	-128	-0.0289781404409307	-0.0274897293904115	-0.0701327494732633	-0.0657393068848104
-757.014386463394	-102.4	-0.0302418840791446	-0.0281906314565332	-0.0564735132143916	-0.0529490874211985
-757.014386463394	-76.8	-0.0308243264613341	-0.0287773282096544	-0.0422965254855778	-0.0397306992689522
-757.014386463394	-51.2	-0.0310878155824065	-0.0292323382016161	-0.02785250874577	-0.0261901280839366
-757.014386463394	-25.6	-0.0308954445839895	-0.0295407987601221	-0.0124367255686503	-0.0124425391664287
-757.014386463394	0	-0.0306682662243619	-0.0296932654829801	0.00174344995902549	0.00138950699792977
-757.014386463394	25.6	-0.0303923142912415	-0.0296867688685287	0.0163465657649369	0.0151790415126275
-757.014386463394	51.2	-0.0306834826836562	-0.0295260405182104	0.0304812670839572	0.0288017416770695
-757.014386463394	76.8	-0.0305712030521417	-0.0292236106812911	0.0445947772286691	0.0421405245496718
-757.014386463394	102.4	-0.0297769925756989	-0.0287966745293696	0.0588966893280286	0.0550891546639722
-757.014386463394	128	-0.0292867941404876	-0.0282639493248085	0.0724190537251136	0.0675546422794575
-757.014386463394	153.6	-0.0282938142534512	-0.027643008719995	0.0847800607867545	0.0794601323764855
-757.014386463394	179.2	-0.027327537767534	-0.0269485864754964	0.0966586561897003	0.0907443862646641
-757.014386463394	204.8	-0.0262183013225421	-0.0261932138567128	0.107348783988607	0.101360816701843
-757.014386463394	230.4	-0.0256814231856815	-0.025390683700728	0.117324196118181	0.111277261775018
-757.014386463394	256	-0.0246619615641006	-0.0245579784824977	0.125968071863109	0.120475118771523
-757.014386463394	281.6	-0.0234287874420238	-0.0237145010619715	0.134529364463617	0.128948944315312
-757.014386463394	307.2	-0.0229883819488542	-0.0228793132425587	0.142351599218113	0.13670956872272
-757.014386463394	332.8	-0.0215920617677265	-0.0220675364922898	0.148705600687621	0.143782514515977
-757.014386463394	358.4	-0.0209555725833876	-0.0212899551758773	0.154829063434854	0.150205592656723
-757.014386463394	384	-0.0203668780550273	-0.0205541546024494	0.160148648923159	0.156024079419311
-757.014386463394	409.6	-0.0194792934732679	-0.0198646031539006	0.164776320197286	0.161286861087791
-757.014386463394	435.2	-0.0184166488214741	-0.0192230618659016	0.169430022952583	0.166045525595867
-757.014386463394	460.8	-0.0182581807245467	-0.0186299121687457	0.173264542673723	0.170352869606748
-757.014386463394	486.4	-0.0174461620377864	-0.0180844145331625	0.177222429517556	0.174260492762165
-757.014386463394	512	-0.0170717681786145	-0.0175844858464076	0.180046896970958	0.177816197311215
-757.014386463394	537.6	-0.0169391972181624	-0.0171267707730818	0.183181900369605	0.181062153146016
-757.014386463394	563.2	-0.0163631376091373	-0.0167075456921359	0.185784420881952	0.184035885725469
-757.014386463394	588.8	-0.0160092977614641	-0.0163228713764941	0.187789284776264	0.186771031547939
-757.014386463394	614.4	-0.0157382895735718	-0.0159692531405763	0.189872245631984	0.189299514387402
-757.014386463394	640	-0.0153913393618613	-0.01564332945162	0.192238719875561	0.191650533911747
-757.014386463394	665.6	-0.0151824839651615	-0.0153410005240372	0.195079040430598	0.193849236878514
-757.014386463394	691.2	-0.0152840369515413	-0.0150580002450842	0.197236825446751	0.195916411531774
-757.014386463394	716.8	-0.0149729109517822	-0.0147911734941638	0.198967988221983	0.19786647320362
-757.014386463394	742.4	-0.0146298122029112	-0.0145383156266762	0.200378013286184	0.199709696924408
-757.014386463394	768	-0.0138351830206529	-0.0142981297131224	0.201455381200235	0.201450149268671
-757.014386463394	793.6	-0.014024796926681	-0.0140690768590416	0.203454658075505	0.203110465759899
-757.014386463394	819.2	-0.0135602762750963	-0.013851512204929	0.205379231291549	0.204694543617355
-757.014386463394	844.8	-0.0136081911265848	-0.0136433548665141	0.207256104458772	0.206233283896565
-757.014386463394	870.4	-0.0133454145558431	-0.0134438356578758	0.208015361401649	0.20773346529743
-757.014386463394	896	-0.0133017965495552	-0.013254654099307	0.209943899201669	0.209193803197335
-757.014386463394	921.6	-0.01323393454154	-0.0130737633104881	0.211670432442118	0.21062544701201
-757.014386463394	947.2	-0.0128595793138723	-0.0129025192990023	0.21217371606324	0.212029905984556
-757.014386463394	972.8	-0.0125235786635701	-0.0127430573980514	0.213232038770577	0.213413092629916
-757.014386463394	998.4	-0.0128891065547853	-0.01259495595	0.215334347789045	0.214780164823994
-757.014386463394	1024	-0.0125288186053392	-0.0124552475963152	0.21635096700772	0.216128240995686
-744.397480022338	-1024	-0.0104210138229894	-0.0108637544239001	-0.216107648156634	-0.215602836732893
-744.397480022338	-998.4	-0.0109872397728862	-0.0109037125868132	-0.214291599957638	-0.214300077952278
-744.397480022338	-972.8	-0.0109473854897743	-0.0109464708526793	-0.212898403089288	-0.212983529564396
-744.397480022338	-947.2	-0.010803402319218	-0.0109904761828715	-0.211832410076954	-0.211649407073891
-744.397480022338	-921.6	-0.0109306348935916	-0.0110376772386539	-0.210556253488568	-0.210293879127355
-744.397480022338	-896	-0.0111732535469272	-0.011087400542992	-0.209144930818656	-0.208917242574828
-744.397480022338	-870.4	-0.011259952439334	-0.0111437247652367	-0.207891215549593	-0.207506501661859
-744.397480022338	-844.8	-0.0110548894786329	-0.0112051637215103	-0.206538733343237	-0.206071565512051
-744.397480022338	-819.2	-0.0111177170116962	-0.011274148249009	-0.205363167735892	-0.204594766735069
-744.397480022338	-793.6	-0.0114048767780792	-0.0113515916210678	-0.203452300035888	-0.203075853916505
-744.397480022338	-768	-0.0110921456398684	-0.0114386798574538	-0.202328443567286	-0.201497262812514
-744.397480022338	-742.4	-0.0108344264570176	-0.0115381726129136	-0.200701231699181	-0.199843223255633
-744.397480022338	-716.8	-0.0111791857653359	-0.0116538569862015	-0.198743587607723	-0.198103930460385
-744.397480022338	-691.2	-0.0112266103607295	-0.0117900730271447	-0.197808189634365	-0.196270167493565
-744.397480022338	-665.6	-0.0115910485887328	-0.0119523376972602	-0.195073053581044	-0.194326070434277
-744.397480022338	-640	-0.0118225407434093	-0.0121459486939962	-0.192843263707287	-0.192252033774247
-744.397480022338	-614.4	-0.0119163501833784	-0.0123752270373365	-0.191097350604057	-0.19002537618992
-744.397480022338	-588.8	-0.0121615533892625	-0.0126443250602317	-0.189609182301197	-0.187619692497877
-744.397480022338	-563.2	-0.0126795182571243	-0.0129581061162742	-0.186662337977837	-0.185002984603643
-744.397480022338	-537.6	-0.0129520958528625	-0.0133206437922758	-0.184031582484192	-0.182139343668589
-744.397480022338	-512	-0.0135339366292939	-0.0137336953600645	-0.181092183820036	-0.178989538527059
-744.397480022338	-486.4	-0.0138339241025133	-0.0141979773017888	-0.178078510454468	-0.175510375468882
-744.397480022338	-460.8	-0.0144142505832679	-0.014715311834972	-0.174543273500566	-0.171652588675141
-744.397480022338	-435.2	-0.0150751782360533	-0.0152885618437133	-0.170626761785182	-0.167363989959347
-744.397480022338	-409.6	-0.0156994141402453	-0.0159203263512484	-0.166811451172839	-0.162591940680297
-744.397480022338	-384	-0.0162973740476625	-0.0166130355649063	-0.161808626096069	-0.157282639373874
-744.397480022338	-358.4	-0.0168416444962598	-0.0173686942003997	-0.156686438105217	-0.151382937001622
-744.397480022338	-332.8	-0.0182267853994854	-0.0181878246474379	-0.149859355790489	-0.144841596129852
-744.397480022338	-307.2	-0.0187069445765321	-0.0190676278511975	-0.143506645034405	-0.137610379939459
-744.397480022338	-281.6	-0.0195203793404808	-0.0199990702205058	-0.135380069032462	-0.129648718238823
-744.397480022338	-256	-0.0203616714935375	-0.0209656789948086	-0.127295883187533	-0.120927557892162
-744.397480022338	-230.4	-0.0214389592527359	-0.0219452174931073	-0.117153732073651	-0.111433395014063
-744.397480022338	-204.8	-0.022807851185106	-0.0229125243022213	-0.107143704769789	-0.101172183212099
-744.397480022338	-179.2	-0.0239135138299066	-0.0238441193901867	-0.0962581131046202	-0.0901724216369886
-744.397480022338	-153.6	-0.0253053142759593	-0.0247192647828478	-0.0843282941554299	-0.0784845034399404
-744.397480022338	-128	-0.0269410321845356	-0.0255187216219902	-0.0710529355916811	-0.06617778527456
-744.397480022338	-102.4	-0.0280947794350942	-0.0262240847624461	-0.0574569570029717	-0.0533367232382125
-744.397480022338	-76.8	-0.0287151096055531	-0.0268168749585794	-0.0429374948268786	-0.0400578470128469
-744.397480022338	-51.2	-0.0292326644372438	-0.0272791891074832	-0.0280985465463832	-0.0264478301186925
-744.397480022338	-25.6	-0.0288352102075154	-0.0275958495592977	-0.0129515726290925	-0.0126237378312449
-744.397480022338	0	-0.0287352944222317	-0.0277572327946925	0.0016926578217142	0.00128903354239908
-744.397480022338	25.6	-0.0286948437237436	-0.0277601201342041	0.0165596879264667	0.015160511948647
-744.397480022338	51.2	-0.0288409046563161	-0.0276084877055025	0.030548215854806	0.0288631175348552
-744.397480022338	76.8	-0.0287426547267964	-0.0273140002709608	0.0446365991572833	0.0422767292903972
-744.397480022338	102.4	-0.0278114951318635	-0.0268933993259354	0.0590246263272462	0.0552928663266086
-744.397480022338	128	-0.0274615715371569	-0.0263653568089772	0.0727972337395277	0.0678170013310314
-744.397480022338	153.6	-0.0265288438466167	-0.0257481564686694	0.0853220350138233	0.0797713807360002
-744.397480022338	179.2	-0.0255245154170756	-0.0250577875148884	0.0973078965068127	0.0910940563556335
-744.397480022338	204.8	-0.0243521755729245	-0.0243080153573309	0.107995453243827	0.101737997185832
-744.397480022338	230.4	-0.0238273264948547	-0.0235132710700689	0.117650206670074	0.111670697687154
-744.397480022338	256	-0.0228544886292897	-0.0226904621278861	0.12662288091294	0.120873776174133
-744.397480022338	281.6	-0.0217243552002214	-0.0218589928141887	0.134990074198928	0.129343054280175
-744.397480022338	307.2	-0.0213026027649249	-0.0210377296797428	0.142689072511855	0.13709117489986
-744.397480022338	332.8	-0.0198095340587425	-0.0202416665111808	0.149020241496035	0.144145461791082
-744.397480022338	358.4	-0.0190417672845796	-0.0194812847933754	0.154611682271013	0.150545325215077
-744.397480022338	384	-0.0187089356333759	-0.0187633528183411	0.160633981383243	0.156337472792771
-744.397480022338	409.6	-0.0178943438164625	-0.0180917869553773	0.16531342033889	0.161572591103846
-744.397480022338	435.2	-0.016723062221334	-0.0174682354740074	0.16976886381078	0.166303926231134
-744.397480022338	460.8	-0.0167726654449993	-0.0168932250625134	0.173694200542525	0.170585249579625
-744.397480022338	486.4	-0.0158947089872862	-0.0163661113946598	0.177285897770508	0.174468191758343
-744.397480022338	512	-0.0154820928943223	-0.0158848697848813	0.180190529273081	0.17800059756156
-744.397480022338	537.6	-0.0153419266415875	-0.0154460129283018	0.183380264974718	0.181225346257251
-744.397480022338	563.2	-0.0146598672635177	-0.0150456653007082	0.18546421420288	0.184180478670849
-744.397480022338	588.8	-0.0144271986190616	-0.0146798251569032	0.187923306998927	0.18690008995215
-744.397480022338	614.4	-0.0142260988514476	-0.0143447592562231	0.190338488458096	0.189416150138712
-744.397480022338	640	-0.0137544231621992	-0.0140367727349833	0.192698976312791	0.191757338751446
-744.397480022338	665.6	-0.0134979996881477	-0.0137516626011277	0.195203857769054	0.193948280204465
-744.397480022338	691.2	-0.013790752426539	-0.0134851792886917	0.197516446789165	0.196008574646494
-744.397480022338	716.8	-0.0135521262128704	-0.0132342415957833	0.199189241961244	0.197952157931355
-744.397480022338	742.4	-0.0131733343377095	-0.0129967025210329	0.200740528528514	0.199790169058106
-744.397480022338	768	-0.0125819941682147	-0.0127709585396699	0.201892786417193	0.201531096425104
-744.397480022338	793.6	-0.0126346472243421	-0.0125560380234239	0.203839338576836	0.203187125624875
-744.397480022338	819.2	-0.0120694761882557	-0.012350788642161	0.205834281294885	0.204776877451077
-744.397480022338	844.8	-0.012316042035623	-0.0121557450742419	0.207107838300875	0.20630198453071
-744.397480022338	870.4	-0.0118658838824238	-0.0119672616944936	0.207657971039418	0.207801537443256
-744.397480022338	896	-0.0118652266411176	-0.0117866819890204	0.209892514519328	0.209261594281637
-744.397480022338	921.6	-0.0118046959748682	-0.0116170983285493	0.211571880331284	0.210684879288222
-744.397480022338	947.2	-0.0115129671531306	-0.0114550505084477	0.212597657237629	0.212085457613419
-744.397480022338	972.8	-0.0110817355429056	-0.0113031754549333	0.213501351722697	0.213463811759591
-744.397480022338	998.4	-0.0114083463927628	-0.0111618501472887	0.215713027626679	0.214823597902763
-744.397480022338	1024	-0.0113362698394485	-0.0110333873512207	0.216356758599745	0.2161718086443
-731.780573581281	-1049.6	-0.00899343223336256	-0.00940170385629911	-0.217991383948725	-0.216952902161923
-731.780573581281	-1024	-0.00905687065065468	-0.00942476534302491	-0.215615712822356	-0.215665803446764
-731.780573581281	-998.4	-0.00960441395793087	-0.00944577734814925	-0.214019977241727	-0.214367097819215
-731.780573581281	-972.8	-0.00974841789861593	-0.00947272208547856	-0.212598948165962	-0.213056313561429
-731.780573581281	-947.2	-0.00972575308567849	-0.00949995395242893	-0.211427336579249	-0.211729669343091
-731.780573581281	-921.6	-0.00978258457297275	-0.00953359271461769	-0.21037198913379	-0.210377995884582
-731.780573581281	-896	-0.00964314891727805	-0.00956695229358762	-0.209193413749092	-0.209010435264875
-731.780573581281	-870.4	-0.00969694125347849	-0.00960713717723744	-0.208052513837201	-0.207605295687659
-731.780573581281	-844.8	-0.00956477477152947	-0.00965263465307865	-0.206413129778615	-0.20617534922275
-731.780573581281	-819.2	-0.00948994090369082	-0.00970518483512492	-0.205232830030982	-0.204703370967677
-731.780573581281	-793.6	-0.00987982362199142	-0.00976555583939811	-0.20336303692968	-0.203192454704624
-731.780573581281	-768	-0.00945232078935411	-0.00983489082722329	-0.202298136243831	-0.201615002095854
-731.780573581281	-742.4	-0.00934097740818098	-0.00991637556289785	-0.200791100271527	-0.199962731853093
-731.780573581281	-716.8	-0.00980159460161708	-0.0100139391524923	-0.198400656572079	-0.19822991421761
-731.780573581281	-691.2	-0.00977333539215124	-0.0101326926241729	-0.19763327553043	-0.196404528966186
-731.780573581281	-665.6	-0.0100106857142808	-0.0102784244854385	-0.195364982622309	-0.194470912724081
-731.780573581281	-640	-0.0102023196181879	-0.0104564446163243	-0.192835913684092	-0.192409834144541
-731.780573581281	-614.4	-0.010354716377359	-0.0106705588535094	-0.190684569637564	-0.19019869507405
-731.780573581281	-588.8	-0.0108178530369764	-0.0109243540666133	-0.188868147423129	-0.187810819612586
-731.780573581281	-563.2	-0.0110803958850935	-0.0112223422813751	-0.186639817325723	-0.185214120996293
-731.780573581281	-537.6	-0.0112127326274234	-0.011568080934181	-0.184190995064392	-0.182373018871267
-731.780573581281	-512	-0.0116430104587063	-0.011962826349845	-0.181386942280611	-0.179248440468633
-731.780573581281	-486.4	-0.0119658596689418	-0.0124071962377363	-0.178273173354035	-0.175796786424975
-731.780573581281	-460.8	-0.0125815026972528	-0.0129034084150093	-0.174847495749726	-0.171968247415502
-731.780573581281	-435.2	-0.0134229320673182	-0.0134550876148674	-0.17079913552089	-0.167709990767366
-731.780573581281	-409.6	-0.0140958281255695	-0.0140655501727944	-0.166964286692619	-0.162968873406801
-731.780573581281	-384	-0.0142258932675858	-0.0147375406823224	-0.162290850219666	-0.157690647444632
-731.780573581281	-358.4	-0.0149062712883467	-0.0154730640184933	-0.157413303256775	-0.151821324627224
-731.780573581281	-332.8	-0.0163178824953686	-0.016272534954627	-0.150247709741185	-0.145308525904904
-731.780573581281	-307.2	-0.016596763977389	-0.0171334566862249	-0.143892925150067	-0.138102432967655
-731.780573581281	-281.6	-0.0173585548688055	-0.0180477768063321	-0.136225214396849	-0.130160566064985
-731.780573581281	-256	-0.0184352111248905	-0.0190001484121023	-0.127761103551712	-0.121452128202739
-731.780573581281	-230.4	-0.0194968462419794	-0.0199693473813683	-0.117872836927865	-0.111961900960853
-731.780573581281	-204.8	-0.0208392333276749	-0.020930419930604	-0.107792622323576	-0.101694947648985
-731.780573581281	-179.2	-0.0220373450537334	-0.0218590960404212	-0.0969404104887731	-0.0906789656712182
-731.780573581281	-153.6	-0.0233631601033741	-0.0227340869009709	-0.0849270808990265	-0.0789637500101578
-731.780573581281	-128	-0.0249332491099192	-0.0235359051620309	-0.0717801092208029	-0.0666185131086569
-731.780573581281	-102.4	-0.0259753750739384	-0.0242454934856918	-0.057726093814155	-0.0537281340913907
-731.780573581281	-76.8	-0.0266428729529306	-0.0248439380169551	-0.0430476763818158	-0.0403896991401437
-731.780573581281	-51.2	-0.0269938286979798	-0.0253131147856074	-0.028180935974903	-0.0267107235365857
-731.780573581281	-25.6	-0.0266238097603749	-0.0256375586211881	-0.0130396640272198	-0.0128101790864226
-731.780573581281	0	-0.0269106366084974	-0.0258074722426265	0.00213949700290361	0.00118370927156761
-731.780573581281	25.6	-0.0267967534218247	-0.0258194382037206	0.0170802415315058	0.0151378971900767
-731.780573581281	51.2	-0.0269738303817386	-0.0256767145801663	0.0308627605317649	0.0289214221508224
-731.780573581281	76.8	-0.0267995110876989	-0.0253902021044121	0.045254533681356	0.0424108647038372
-731.780573581281	102.4	-0.0260047509387381	-0.0249761004334632	0.0594190947997124	0.0554951780675608
-731.780573581281	128	-0.0256161618767306	-0.0244530470884208	0.0731228457892786	0.0680782029793946
-731.780573581281	153.6	-0.0247235139023041	-0.0238401369786881	0.0858016467813735	0.0800812008103843
-731.780573581281	179.2	-0.0237113035229733	-0.0231546342990344	0.0979056069544416	0.0914415314278413
-731.780573581281	204.8	-0.0226941060666787	-0.0224113911203062	0.108606255721038	0.10211199147744
-731.780573581281	230.4	-0.0220711782396687	-0.0216255126995781	0.118219263712574	0.112060104181282
-731.780573581281	256	-0.0209620056293806	-0.0208138676533921	0.127178916749252	0.121267723112873
-731.780573581281	281.6	-0.0200741482932825	-0.0199955120086963	0.135438381578292	0.129731900590187
-731.780573581281	307.2	-0.0194020170847526	-0.0191891310798456	0.142936095358407	0.13746678426423
-731.780573581281	332.8	-0.0180582186200945	-0.0184097763179019	0.14938308014805	0.144501679222931
-731.780573581281	358.4	-0.0171414222101303	-0.0176676288408176	0.154412733815352	0.150877834223872
-731.780573581281	384	-0.0168146848212057	-0.016968735880235	0.160988719165918	0.156643380916392
-731.780573581281	409.6	-0.0161834807627611	-0.0163164183192542	0.165748208662874	0.161850679088577
-731.780573581281	435.2	-0.0150675735894253	-0.0157119541261461	0.170191795223902	0.166554426682399
-731.780573581281	460.8	-0.015118087983229	-0.0151558452795511	0.174006957504707	0.170809205101726
-731.780573581281	486.4	-0.014368419041928	-0.0146477481867951	0.17721940770504	0.174666650152784
-731.780573581281	512	-0.0138368635815682	-0.0141857797693171	0.180159165250286	0.178174866266671
-731.780573581281	537.6	-0.0137353636094802	-0.0137662411232126	0.183589462993041	0.181377609603414
-731.780573581281	563.2	-0.0130195794323443	-0.0133852177432869	0.185586391157032	0.18431379080356
-731.780573581281	588.8	-0.0128953136460367	-0.0130385810954252	0.18838276347535	0.187018273133752
-731.780573581281	614.4	-0.0127013664934649	-0.0127220008701454	0.190787690759948	0.189522804229073
-731.780573581281	640	-0.0121343947620726	-0.0124313889281381	0.193084794441652	0.191855116616224
-731.780573581281	665.6	-0.0118234761321457	-0.0121626771933977	0.195158869149033	0.194038775000949
-731.780573581281	691.2	-0.012041691289139	-0.0119119810268864	0.197298015245312	0.196092190763949
-731.780573581281	716.8	-0.0118748431133043	-0.0116763560358311	0.198925362095445	0.198029277728295
-731.780573581281	742.4	-0.0116143276319299	-0.0114537450984702	0.200691775419921	0.199862476436951
-731.780573581281	768	-0.0113909929744319	-0.011242378225636	0.202419513661464	0.201605419529994
-731.780573581281	793.6	-0.0112152329573895	-0.0110413391919258	0.204199558932221	0.203260648906719
-731.780573581281	819.2	-0.0107800608295046	-0.0108493829279251	0.205894933209247	0.204844704945506
-731.780573581281	844.8	-0.0110241479389856	-0.0106652819355018	0.206959601402008	0.206380204304485
-731.780573581281	870.4	-0.0105287578429462	-0.0104891697960205	0.207815473916656	0.207865640688043
-731.780573581281	896	-0.0105586185054958	-0.0103191412212963	0.209875835358411	0.20932328892409
-731.780573581281	921.6	-0.0101098181033623	-0.010159673482087	0.21154516242435	0.210741559823525
-731.780573581281	947.2	-0.00971878181992375	-0.010005584936137	0.212195274970465	0.212140625160508
-731.780573581281	972.8	-0.00953937625726929	-0.00986584671355806	0.213737229845267	0.213516275665673
-731.780573581281	998.4	-0.0097405999429843	-0.00973192708516852	0.215960925208638	0.214873033540543
-731.780573581281	1024	-0.00976484317304113	-0.00961304376694319	0.217133432975297	0.216219344855844
-731.780573581281	1049.6	-0.00932843240968938	-0.00950498311265754	0.216807048685124	0.217554275232032
-719.163667140224	-1049.6	-0.00755339080478377	-0.00796247494886504	-0.217528969453997	-0.217007536446171
-719.163667140224	-1024	-0.00760376721465553	-0.00797732211904364	-0.215668192091659	-0.215727762387784
-719.163667140224	-998.4	-0.00807160103654295	-0.00798338724859122	-0.214094424189088	-0.214433931350374
-719.163667140224	-972.8	-0.00817355225104929	-0.00799552927701331	-0.212802080745064	-0.21312795469453
-719.163667140224	-947.2	-0.00848654863511588	-0.00800788781713538	-0.211307465850135	-0.211805769056978
-719.163667140224	-921.6	-0.00857045190094036	-0.00802346073478356	-0.210246679738003	-0.210462947908742
-719.163667140224	-896	-0.00812807197476665	-0.00804246283592537	-0.209170263178614	-0.209095851757082
-719.163667140224	-870.4	-0.00812593048182037	-0.00806616195575379	-0.208016009405015	-0.207701504512491
-719.163667140224	-844.8	-0.00811818001156812	-0.00809581585028784	-0.206267450336928	-0.206271802321723
-719.163667140224	-819.2	-0.00808280737383495	-0.00813211930617535	-0.205100801981643	-0.204811094771808
-719.163667140224	-793.6	-0.00843519493950581	-0.00817543616559454	-0.203507532030674	-0.20329856581828
-719.163667140224	-768	-0.00804391671162191	-0.00822718972759747	-0.202352908075721	-0.201721638325559
-719.163667140224	-742.4	-0.00796089644365511	-0.00829079826285654	-0.200897982226387	-0.200073859046886
-719.163667140224	-716.8	-0.0083397922983996	-0.00837083425292714	-0.198380813102006	-0.198347575085731
-719.163667140224	-691.2	-0.00831812777368179	-0.00847278539017494	-0.197401713293872	-0.196530555619845
-719.163667140224	-665.6	-0.00840006154962822	-0.0086026361691486	-0.195700827716881	-0.194607087408298
-719.163667140224	-640	-0.00861049447253588	-0.00876554170713885	-0.19302431390837	-0.192558128062059
-719.163667140224	-614.4	-0.00848110801079172	-0.00896483651975305	-0.191395656846569	-0.190361358612261
-719.163667140224	-588.8	-0.00882590662438593	-0.00920354616102763	-0.189491883239215	-0.187990321775863
-719.163667140224	-563.2	-0.009329495716302	-0.00948556427398207	-0.186772358771633	-0.185413292110342
-719.163667140224	-537.6	-0.00945118126168687	-0.00981380844912633	-0.184339315871347	-0.182594988524336
-719.163667140224	-512	-0.00970760148844737	-0.0101893881925616	-0.181702130379662	-0.179496120752713
-719.163667140224	-486.4	-0.0100433846706143	-0.0106131558768906	-0.178667564493538	-0.176072421059629
-719.163667140224	-460.8	-0.0107035651308853	-0.0110879175117615	-0.175443648217843	-0.172273815441684
-719.163667140224	-435.2	-0.0115441529699128	-0.0116178559308395	-0.171266640442123	-0.168047131852971
-719.163667140224	-409.6	-0.0119310369988184	-0.0122067183294292	-0.167111820909311	-0.163338416218153
-719.163667140224	-384	-0.0122016687149586	-0.0128574963702364	-0.162816499361121	-0.15809249947176
-719.163667140224	-358.4	-0.0130047112146559	-0.0135723462913184	-0.15781759746186	-0.152254340295957
-719.163667140224	-332.8	-0.0141470176238733	-0.0143515661499405	-0.150823895537135	-0.145770596718959
-719.163667140224	-307.2	-0.0144875936359428	-0.0151928557655146	-0.144279020332524	-0.138590272625892
-719.163667140224	-281.6	-0.0153217970440381	-0.0160890089802901	-0.136927683471484	-0.130669033519513
-719.163667140224	-256	-0.0167059498755934	-0.0170258530086776	-0.128339543591911	-0.121974285794741
-719.163667140224	-230.4	-0.0176945572409052	-0.0179832363008718	-0.118536491276007	-0.112489067423623
-719.163667140224	-204.8	-0.0188325134397509	-0.0189367683817726	-0.108454741849336	-0.102217161976927
-719.163667140224	-179.2	-0.0202636664254665	-0.0198618152393739	-0.0971300052694139	-0.0911857031014573
-719.163667140224	-153.6	-0.0215562330772453	-0.0207364746193807	-0.0851231892095978	-0.0794442033894128
-719.163667140224	-128	-0.0229936849147311	-0.021540474370994	-0.0723363081508843	-0.0670616938920241
-719.163667140224	-102.4	-0.023869630845986	-0.0222539393178075	-0.0579396724938304	-0.0541230003496947
-719.163667140224	-76.8	-0.0245768760766595	-0.022857634536347	-0.0431476507346014	-0.0407254171466417
-719.163667140224	-51.2	-0.024634238509035	-0.0233332632996013	-0.0282515628839157	-0.0269774491574363
-719.163667140224	-25.6	-0.0247286871435519	-0.0236649455866387	-0.0130932182417701	-0.0130000755971243
-719.163667140224	0	-0.0250856887855363	-0.0238426905212344	0.00258640720425058	0.00107552668018367
-719.163667140224	25.6	-0.0249013292915794	-0.0238629015362422	0.0175387123828944	0.0151131275756652
-719.163667140224	51.2	-0.0251038267682841	-0.0237284237521722	0.0311865288887753	0.0289782156906071
-719.163667140224	76.8	-0.0248151804206154	-0.0234497032486943	0.0458432669087052	0.0425438755818506
-719.163667140224	102.4	-0.0242363694717214	-0.0230424929984771	0.0598389219092934	0.0556964107125467
-719.163667140224	128	-0.0236159468608446	-0.0225254335513739	0.0733572978639365	0.0683379741049297
-719.163667140224	153.6	-0.0227116228521163	-0.0219181330801322	0.0861078798299781	0.0803887422569935
-719.163667140224	179.2	-0.0218132033929728	-0.0212387769995022	0.09836519702307	0.0917856207913066
-719.163667140224	204.8	-0.0209921088276383	-0.0205032650362852	0.109173552018668	0.102481480713684
-719.163667140224	230.4	-0.020107873020031	-0.0197273058642377	0.118622487353911	0.112443983945697
-719.163667140224	256	-0.018928233793159	-0.0189278781144933	0.127576819432185	0.121655221898518
-719.163667140224	281.6	-0.018100780899108	-0.0181236381551249	0.136048609667902	0.130113451806688
-719.163667140224	307.2	-0.0175016233229329	-0.0173331538871597	0.143183093260954	0.137834213429323
-719.163667140224	332.8	-0.0162784907413255	-0.0165715549581407	0.149773892824608	0.144848923341839
-719.163667140224	358.4	-0.0152953699225067	-0.0158486045653292	0.1548263918975	0.151200956369777
-719.163667140224	384	-0.0149116387396493	-0.0151697357309115	0.161260820049551	0.156939859773884
-719.163667140224	409.6	-0.0145165525368774	-0.0145376936207987	0.165709473725313	0.16211949550564
-719.163667140224	435.2	-0.01333097638227	-0.0139532875710864	0.170517760773199	0.1667957280313
-719.163667140224	460.8	-0.0132075402462377	-0.0134169694067732	0.174113442421861	0.171023526542655
-719.163667140224	486.4	-0.0127796152504239	-0.012928688329693	0.177157779060087	0.174854709929939
-719.163667140224	512	-0.0121692659746012	-0.0124865588060661	0.180087659821166	0.178338096976095
-719.163667140224	537.6	-0.0121013387598854	-0.0120867209035232	0.183755003409173	0.181518522556553
-719.163667140224	563.2	-0.0114194147460176	-0.0117253290419898	0.185910884858081	0.18443596557506
-719.163667140224	588.8	-0.0113554552295444	-0.0113980136687865	0.188833774653709	0.187125976497983
-719.163667140224	614.4	-0.0108532161508652	-0.0110997911901428	0.190486868359214	0.189619868741107
-719.163667140224	640	-0.0105028413882692	-0.0108262349371584	0.193329963803771	0.191943992135817
-719.163667140224	665.6	-0.0103362376790212	-0.0105734969871385	0.195266125856309	0.19412058273864
-719.163667140224	691.2	-0.010305657546987	-0.010338113955783	0.197120650688208	0.196167287902517
-719.163667140224	716.8	-0.0102469491237723	-0.0101173874912172	0.199002581468231	0.198098452824465
-719.163667140224	742.4	-0.00998764618408225	-0.00990941389798369	0.201007018302878	0.199927567461028
-719.163667140224	768	-0.00971947392545991	-0.00971239149311713	0.202738496826424	0.201668699887943
-719.163667140224	793.6	-0.00960236089311071	-0.00952497914269019	0.204411947499208	0.203325740851636
-719.163667140224	819.2	-0.00948886427027658	-0.0093457274113847	0.205955668908263	0.20491597376872
-719.163667140224	844.8	-0.00951281098707537	-0.00917384577664643	0.20720095146574	0.206439446332284
-719.163667140224	870.4	-0.00909519659932323	-0.00900839684322387	0.208198125153575	0.207928994089411
-719.163667140224	896	-0.00904967298374651	-0.00884987963501076	0.209713675899392	0.209379085918914
-719.163667140224	921.6	-0.00843151034432384	-0.00869867003603679	0.211474204886792	0.21079952560326
-719.163667140224	947.2	-0.00816299830026787	-0.008556115679814	0.211612299854648	0.212193875917745
-719.163667140224	972.8	-0.00813163841202257	-0.00842388314411779	0.213681950761214	0.213566539149493
-719.163667140224	998.4	-0.00816947459599629	-0.00830110260015451	0.215765644010426	0.21492178820023
-719.163667140224	1024	-0.00821625564239463	-0.00819198517297061	0.216815240011975	0.216265382902331
-719.163667140224	1049.6	-0.00786942242814257	-0.00809095266052968	0.218151830186954	0.217592535438552
-706.546760699168	-1049.6	-0.00611413930934696	-0.00652618570157688	-0.217067232468872	-0.217065673232358
-706.546760699168	-1024	-0.00619642846714935	-0.00652222963468377	-0.215652312422882	-0.215788230819965
-706.546760699168	-998.4	-0.00629611820120036	-0.00651884407008863	-0.214545934089077	-0.214499804134426
-706.546760699168	-972.8	-0.00620718295918873	-0.00651525748578403	-0.21352580054163	-0.2131971906698
-706.546760699168	-947.2	-0.00674730512326892	-0.00651217876715541	-0.211812066750413	-0.211877871366169
-706.546760699168	-921.6	-0.00688687778725819	-0.00651048370519561	-0.210509619052425	-0.210542282836925
-706.546760699168	-896	-0.00664040686805091	-0.00651387721034449	-0.20920973442565	-0.209177643627984
-706.546760699168	-870.4	-0.00655003645436312	-0.00652149817998358	-0.207980609815503	-0.207792596145383
-706.546760699168	-844.8	-0.0066142807664813	-0.00653521642690739	-0.206455356751151	-0.206368931902799
-706.546760699168	-819.2	-0.00667643678060722	-0.00655510050603368	-0.204968845516864	-0.204910490235996
-706.546760699168	-793.6	-0.00689827478248061	-0.00658139983580617	-0.203362257151914	-0.203394679795941
-706.546760699168	-768	-0.00666587227838634	-0.00661577003607098	-0.202196780600823	-0.201820361603906
-706.546760699168	-742.4	-0.00669188063613037	-0.00666224479758991	-0.200806102435328	-0.200177252247305
-706.546760699168	-716.8	-0.00678031222993775	-0.0067255004042539	-0.19863900098533	-0.198457684990518
-706.546760699168	-691.2	-0.00679266147462058	-0.00681120988389988	-0.197170710322674	-0.196649167130488
-706.546760699168	-665.6	-0.00645301963896368	-0.00692559457262384	-0.195944841480484	-0.194735555110193
-706.546760699168	-640	-0.00693701735100768	-0.00707363748541345	-0.193414921768626	-0.192697876442951
-706.546760699168	-614.4	-0.00687840800071619	-0.00725826605613246	-0.191825605614874	-0.190514370623487
-706.546760699168	-588.8	-0.00688306983225452	-0.007481947110617	-0.189726561428207	-0.188159143093591
-706.546760699168	-563.2	-0.00741914242192176	-0.00774760239140606	-0.186982031410254	-0.185601175873627
-706.546760699168	-537.6	-0.00765578627429596	-0.00805746367846207	-0.184537052855784	-0.182805485161986
-706.546760699168	-512	-0.00791183659484111	-0.00841290462597524	-0.181918799712018	-0.179732445265494
-706.546760699168	-486.4	-0.00831554339568583	-0.00881541498466884	-0.179223084759894	-0.176337121220321
-706.546760699168	-460.8	-0.0089341371763968	-0.00926833254980765	-0.17598845888348	-0.172569303776818
-706.546760699168	-435.2	-0.00961680192887788	-0.00977614763216271	-0.171743205561848	-0.168375510493189
-706.546760699168	-409.6	-0.0102586473394398	-0.0103429213899628	-0.167366390543184	-0.163700705483168
-706.546760699168	-384	-0.0102077782253325	-0.010971895224612	-0.163168881497015	-0.158488367737124
-706.546760699168	-358.4	-0.0110964036663768	-0.011665555078221	-0.157845282913904	-0.152682324792257
-706.546760699168	-332.8	-0.0119718179681123	-0.0124241608494087	-0.151401231861225	-0.146228321648962
-706.546760699168	-307.2	-0.0124636660254453	-0.0132454399386495	-0.145003908758832	-0.13907435287295
-706.546760699168	-281.6	-0.013341288141842	-0.0141228320930311	-0.137566758502654	-0.13117451291771
-706.546760699168	-256	-0.0148569355273504	-0.015043243263093	-0.12873023729623	-0.12249452642943
-706.546760699168	-230.4	-0.0157882627445762	-0.0159874834790145	-0.119210635275005	-0.113015618145773
-706.546760699168	-204.8	-0.0166628027236645	-0.0169320351586364	-0.109179619676439	-0.102739812402406
-706.546760699168	-179.2	-0.0181036632968315	-0.0178524233865897	-0.0979755457708844	-0.0916935593051834
-706.546760699168	-153.6	-0.0197479635534191	-0.0187261623093247	-0.0853228503159488	-0.0799262075943532
-706.546760699168	-128	-0.0210029788798916	-0.0195319436582037	-0.0728240397213416	-0.0675067907997714
-706.546760699168	-102.4	-0.021776280981726	-0.0202489555937326	-0.0584078485938959	-0.0545199440941335
-706.546760699168	-76.8	-0.0225846262473394	-0.0208576313707997	-0.0434801621226095	-0.0410629541580548
-706.546760699168	-51.2	-0.0230454182375224	-0.021339243211462	-0.0285926052115314	-0.0272456874745319
-706.546760699168	-25.6	-0.0225426631574931	-0.0216774658874083	-0.0134511510432225	-0.0131911809811184
-706.546760699168	0	-0.0227113121439346	-0.0218621012419665	0.00208187784862768	0.000966594440206823
-706.546760699168	25.6	-0.0228052840523958	-0.0218895212539833	0.0167793379399255	0.0150880805657276
-706.546760699168	51.2	-0.0231201864923901	-0.0217625370739099	0.0312588214465201	0.0290349782760431
-706.546760699168	76.8	-0.0229274820584766	-0.0214913637299219	0.0461175922685361	0.0426768390934009
-706.546760699168	102.4	-0.0225261376152309	-0.0210915087574191	0.0601429132066494	0.0558972158344361
-706.546760699168	128	-0.0215941717193795	-0.0205815572850944	0.0735123975379313	0.0685965069735754
-706.546760699168	153.6	-0.0207470217348084	-0.0199812748461409	0.0864310967794656	0.0806936979122746
-706.546760699168	179.2	-0.0198720677334599	-0.019309492333996	0.0986757748700387	0.0921256101969733
-706.546760699168	204.8	-0.0189864516979941	-0.0185830097438152	0.109418627071399	0.102845452687406
-706.546760699168	230.4	-0.0181516273894592	-0.0178180162109784	0.119061215690807	0.112821055419735
-706.546760699168	256	-0.016856546683243	-0.0170317087595846	0.128034669429789	0.122034848334384
-706.546760699168	281.6	-0.0159379223885212	-0.0162425141609801	0.136753222742561	0.130486071956895
-706.546760699168	307.2	-0.015613976652194	-0.0154689240357074	0.143735457274099	0.138191816471336
-706.546760699168	332.8	-0.0144995075329361	-0.0147260197824206	0.150164541978063	0.145185701702629
-706.546760699168	358.4	-0.0134694413638082	-0.0140231097146621	0.155632662642813	0.151513231017092
-706.546760699168	384	-0.0130170422736876	-0.013365084380078	0.161572019710928	0.15722536002452
-706.546760699168	409.6	-0.0127370809790321	-0.0127541824816818	0.165772432831137	0.162377492405861
-706.546760699168	435.2	-0.0118385055062674	-0.0121909034256828	0.170304800850713	0.167026372103563
-706.546760699168	460.8	-0.0113351700186563	-0.0116755306377481	0.174196051155417	0.171226904087521
-706.546760699168	486.4	-0.011024584118395	-0.0112079874743964	0.177138265466703	0.175031379567775
-706.546760699168	512	-0.0105103990575237	-0.0107862191558384	0.180027621254554	0.178489741122537
-706.546760699168	537.6	-0.0102863915652234	-0.0104063529761564	0.1837289823675	0.181648167544748
-706.546760699168	563.2	-0.00982617870126115	-0.0100645967206943	0.186251295482908	0.184547512015451
-706.546760699168	588.8	-0.00951974518138016	-0.00975636979923002	0.188807974812443	0.187223677965053
-706.546760699168	614.4	-0.00901937521291291	-0.00947629783409153	0.190299211301439	0.189707488772821
-706.546760699168	640	-0.00883396657127518	-0.00921975681205366	0.193464732329741	0.192023869735653
-706.546760699168	665.6	-0.00865106306168084	-0.00898300742861332	0.195269444052506	0.194193671836125
-706.546760699168	691.2	-0.00880982446891552	-0.00876285024487519	0.197429543282466	0.196234100378218
-706.546760699168	716.8	-0.00867294347584001	-0.00855686506815214	0.199412228256202	0.198160052320974
-706.546760699168	742.4	-0.00835588047973829	-0.00836330310219183	0.201425461242926	0.199985561290907
-706.546760699168	768	-0.00808919159836223	-0.00818035707545893	0.202972791319737	0.201724459139062
-706.546760699168	793.6	-0.00804464774442067	-0.00800652791149827	0.204414658890565	0.203385378959373
-706.546760699168	819.2	-0.00802031684580817	-0.0078399756952926	0.206182826866453	0.204974526686263
-706.546760699168	844.8	-0.00784357473043331	-0.00767961097573533	0.207485558864537	0.206503509397556
-706.546760699168	870.4	-0.00754427203010299	-0.00752518249901955	0.208380224327379	0.207990008385098
-706.546760699168	896	-0.00725174873644379	-0.00737767316273032	0.209487310902161	0.209433154460431
-706.546760699168	921.6	-0.00695778671273367	-0.00723642761245194	0.210623640274103	0.210854378231631
-706.546760699168	947.2	-0.00691682051008329	-0.00710581698308307	0.211134004083626	0.21224351524673
-706.546760699168	972.8	-0.00681876647549086	-0.00698294564644832	0.213424446399266	0.21361549156956
-706.546760699168	998.4	-0.00676129562629353	-0.00687012124059743	0.2152336406734	0.214969353897919
-706.546760699168	1024	-0.00667965081203859	-0.00676856082613447	0.216381583978192	0.216308294717331
-706.546760699168	1049.6	-0.00651976197202806	-0.00667930892552152	0.217463788237259	0.217635701370717
-693.929854258111	-1075.2	-0.00483407558017194	-0.00510820941152907	-0.218907315188831	-0.218390461799386
-693.929854258111	-1049.6	-0.00507095700417464	-0.00508915777837815	-0.216492191935754	-0.217123964483023
-693.929854258111	-1024	-0.00501633213601693	-0.00506832916742204	-0.215878617310351	-0.215848344020989
-693.929854258111	-998.4	-0.00483775275049425	-0.00505024445230829	-0.214596970845776	-0.214562743773541
-693.929854258111	-972.8	-0.0046813494182429	-0.005029992806034	-0.213708484762832	-0.213263676708352
-693.929854258111	-947.2	-0.00504565620497792	-0.00501273966931774	-0.212251067633057	-0.211946340494056
-693.929854258111	-921.6	-0.00520132295419415	-0.00499519542117216	-0.210772867714082	-0.21061463755372
-693.929854258111	-896	-0.00507588720981132	-0.00498235235364322	-0.209388114568006	-0.209253711714269
-693.929854258111	-870.4	-0.00499338758872592	-0.00497394185377503	-0.207909166222392	-0.207871882127619
-693.929854258111	-844.8	-0.00496873007568382	-0.00497144453090663	-0.206933167211817	-0.206451238030718
-693.929854258111	-819.2	-0.00497293793437393	-0.00497457980432897	-0.205102899909595	-0.204997161162587
-693.929854258111	-793.6	-0.00536154018787507	-0.00498364871998241	-0.203208881623383	-0.203485329843886
-693.929854258111	-768	-0.00499532407085196	-0.00500140831814374	-0.202069322916817	-0.201911714748854
-693.929854258111	-742.4	-0.00491090798726088	-0.00503157240473671	-0.200777463625852	-0.200273403594665
-693.929854258111	-716.8	-0.00493111467492343	-0.00507887100848948	-0.199027075610891	-0.198560562396952
-693.929854258111	-691.2	-0.00512151847058346	-0.00514899796373052	-0.196987203125484	-0.196760415879856
-693.929854258111	-665.6	-0.00458716175542759	-0.00524828145958822	-0.19602586800261	-0.194856332207583
-693.929854258111	-640	-0.00518177428587109	-0.00538152313426143	-0.193915775663553	-0.192829411170513
-693.929854258111	-614.4	-0.00544058738323898	-0.00555133629187461	-0.191893295311023	-0.190658529717209
-693.929854258111	-588.8	-0.00521326276160629	-0.00575974680282045	-0.189745434256006	-0.188318391035794
-693.929854258111	-563.2	-0.00569740622053156	-0.00600856123600245	-0.187183057233801	-0.185778867583477
-693.929854258111	-537.6	-0.00606518749091515	-0.00629926253802337	-0.184731805688337	-0.18300524755752
-693.929854258111	-512	-0.00617954163199478	-0.00663360915476468	-0.182251184377455	-0.17995774360276
-693.929854258111	-486.4	-0.00659450270526124	-0.00701401428791841	-0.17970994227879	-0.176591056567204
-693.929854258111	-460.8	-0.00710242746884636	-0.00744437070520206	-0.176314582220914	-0.172854780197018
-693.929854258111	-435.2	-0.00769803249188362	-0.0079293617991499	-0.172212079490943	-0.168694864558497
-693.929854258111	-409.6	-0.00860387141262746	-0.00847338217779724	-0.167602984224334	-0.164055026703045
-693.929854258111	-384	-0.00841903673213492	-0.00907996364710867	-0.163205039609371	-0.158877383744611
-693.929854258111	-358.4	-0.00919379214946693	-0.00975186550613268	-0.157872885728742	-0.153104578608268
-693.929854258111	-332.8	-0.010116839134685	-0.0104895175692068	-0.152173435808078	-0.146681140901847
-693.929854258111	-307.2	-0.0104508856510131	-0.0112906365666877	-0.145785054593305	-0.139554200246419
-693.929854258111	-281.6	-0.0113593657532454	-0.0121490429737389	-0.13816263164979	-0.131676664398877
-693.929854258111	-256	-0.0126130925150034	-0.0130525060707601	-0.12951887549236	-0.123012645378237
-693.929854258111	-230.4	-0.0137380041259602	-0.0139826577381793	-0.119954271287993	-0.113541455218006
-693.929854258111	-204.8	-0.0146223237292362	-0.0149169082888191	-0.109938063122074	-0.103263126866546
-693.929854258111	-179.2	-0.0158196738609001	-0.0158314498336456	-0.0989553687191708	-0.092202982123137
-693.929854258111	-153.6	-0.0174825836601431	-0.0167034983008048	-0.0860633035458076	-0.0804100245827759
-693.929854258111	-128	-0.0187426892723717	-0.0175106362090385	-0.0734046983007247	-0.0679533632154499
-693.929854258111	-102.4	-0.0196932211061189	-0.0182309906823756	-0.0591650484899213	-0.0549176255103528
-693.929854258111	-76.8	-0.0206075605351717	-0.0188444051893692	-0.0439225470731675	-0.0414004689538818
-693.929854258111	-51.2	-0.0212467060787033	-0.0193314749670681	-0.0289889551984245	-0.0275135082375755
-693.929854258111	-25.6	-0.0210319917090009	-0.0196755088619256	-0.0138245661042855	-0.0133817896843341
-693.929854258111	0	-0.0203206983133743	-0.019866197203394	0.0015485861530623	0.000858222076195228
-693.929854258111	25.6	-0.020705780527528	-0.0198999918639829	0.0160187105975841	0.0150635885662946
-693.929854258111	51.2	-0.0211320903741623	-0.0197799123250491	0.0313750714555825	0.0290921867633649
-693.929854258111	76.8	-0.0212891708301154	-0.0195160685697875	0.0462800893041812	0.0428101086658366
-693.929854258111	102.4	-0.0206297669323152	-0.0191237947479518	0.0599994856418235	0.0560980053925178
-693.929854258111	128	-0.0195857732352023	-0.0186215485903776	0.0732892849789522	0.0688542379671785
-693.929854258111	153.6	-0.0188465261053884	-0.0180291431529483	0.0869209833203671	0.080996429626649
-693.929854258111	179.2	-0.017891446206406	-0.0173660246469659	0.0988540067273575	0.0924615532461934
-693.929854258111	204.8	-0.0169768938437493	-0.0166496667323614	0.109700214811379	0.10320353996457
-693.929854258111	230.4	-0.0162052600302678	-0.0158965523271453	0.119526650854481	0.113190609067559
-693.929854258111	256	-0.0149351391703545	-0.0151241790687582	0.1285290476104	0.1224057734755
-693.929854258111	281.6	-0.0139143060839902	-0.0143509136456785	0.13730006700265	0.130849082184263
-693.929854258111	307.2	-0.0137296605762497	-0.0135951573308269	0.144354741527004	0.138539139497385
-693.929854258111	332.8	-0.0124649424691305	-0.0128717941183747	0.150599611710663	0.145511728898072
-693.929854258111	358.4	-0.0116393806295052	-0.0121897237518199	0.15644075802266	0.151814223989715
-693.929854258111	384	-0.0112120477853393	-0.0115534155021424	0.161835475929633	0.157499187997251
-693.929854258111	409.6	-0.0109288585859554	-0.0109646951753099	0.165968918928067	0.162623669520167
-693.929854258111	435.2	-0.0101789164807474	-0.0104238476430684	0.170287965283232	0.167245047866904
-693.929854258111	460.8	-0.00963333910784576	-0.00993074523627907	0.174072498905765	0.171418086172595
-693.929854258111	486.4	-0.00926755879879197	-0.00948487896478565	0.177125838589556	0.175195826140492
-693.929854258111	512	-0.00873936759263672	-0.00908392570737388	0.180360735409346	0.178629507752486
-693.929854258111	537.6	-0.00846803030783291	-0.00872414581007626	0.183675640032186	0.181766643183659
-693.929854258111	563.2	-0.00819323977432837	-0.0084017926630295	0.186481609133967	0.184648658339097
-693.929854258111	588.8	-0.00768530494808782	-0.00811223530172475	0.188768274791203	0.187311440284491
-693.929854258111	614.4	-0.00739376004478148	-0.0078500633132221	0.190425666562814	0.189785421203948
-693.929854258111	640	-0.00718894043160102	-0.00761058234418511	0.193469603914322	0.192094395987813
-693.929854258111	665.6	-0.00698034392652103	-0.00739000195161059	0.195304045658201	0.194257978548034
-693.929854258111	691.2	-0.00716685885229327	-0.00718525941762177	0.197271006116202	0.196292887949738
-693.929854258111	716.8	-0.00701231191407377	-0.0069940767748031	0.199288766381203	0.198214150014488
-693.929854258111	742.4	-0.00682540771182657	-0.00681477599559061	0.200900214984433	0.200036058327911
-693.929854258111	768	-0.00667767541530855	-0.00664569713332778	0.20224283169014	0.201772266570635
-693.929854258111	793.6	-0.00669188585226261	-0.00648534576168846	0.203655626493711	0.203435060842696
-693.929854258111	819.2	-0.00652507569817106	-0.00633157519329559	0.206161657209078	0.205026696294309
-693.929854258111	844.8	-0.00621956365760799	-0.00618274864292562	0.207717652621608	0.20655146071718
-693.929854258111	870.4	-0.00585208359215242	-0.00603979853946733	0.208314339863798	0.208037959438533
-693.929854258111	896	-0.00546720398865124	-0.00590321158075084	0.209412177850843	0.209481544437325
-693.929854258111	921.6	-0.00551601571742488	-0.0057728106146962	0.210105556488204	0.210903228157705
-693.929854258111	947.2	-0.005525931003908	-0.00565334653940156	0.211337299514513	0.212288933416827
-693.929854258111	972.8	-0.00540096300094852	-0.00553858751129757	0.213496381152335	0.213662696281529
-693.929854258111	998.4	-0.00529419182123822	-0.00543751610228542	0.214986099367759	0.215013619170302
-693.929854258111	1024	-0.00511259111328023	-0.00534619116145263	0.216397245054645	0.216350866959111
-693.929854258111	1049.6	-0.00513504794687024	-0.00526801426583683	0.217935551748337	0.217677231259183
-693.929854258111	1075.2	-0.00550505704183931	-0.00520019038422147	0.21820676102866	0.218994227931699
-681.312947817055	-1075.2	-0.00400182983668057	-0.00367261935474209	-0.21793235190924	-0.218440012708223
-681.312947817055	-1049.6	-0.00402864160763629	-0.00364708322068692	-0.21650972783424	-0.217179136612714
-681.312947817055	-1024	-0.00389485890805063	-0.00361115153434855	-0.216172149797572	-0.215905189918939
-681.312947817055	-998.4	-0.00354607469873073	-0.00357855145759081	-0.214557948162198	-0.214621850243133
-681.312947817055	-972.8	-0.00341677986656773	-0.00354418702689606	-0.213537141095879	-0.213324700121444
-681.312947817055	-947.2	-0.00362019126852981	-0.00351073958260125	-0.21222854537228	-0.212010119702462
-681.312947817055	-921.6	-0.00367525578246083	-0.00347822001069225	-0.210821471793791	-0.210676668155631
-681.312947817055	-896	-0.00352397234458019	-0.00344886394546761	-0.209556959380548	-0.209322187220638
-681.312947817055	-870.4	-0.00352396901254016	-0.00342428631583713	-0.208258820653502	-0.207945522182646
-681.312947817055	-844.8	-0.00333474760555257	-0.00340505734913895	-0.20733136727891	-0.206533670218678
-681.312947817055	-819.2	-0.00305763034663143	-0.00339099704757307	-0.205552467352293	-0.205076975427902
-681.312947817055	-793.6	-0.00361699777955378	-0.00338316052756683	-0.203430035260681	-0.203565719628368
-681.312947817055	-768	-0.00336349838291207	-0.00338466551100974	-0.202040566576773	-0.20199600757508
-681.312947817055	-742.4	-0.00303602093819199	-0.00339922632113264	-0.200843292110372	-0.200362751745142
-681.312947817055	-716.8	-0.00292876874511345	-0.00343134398401791	-0.199504146397134	-0.19865649773569
-681.312947817055	-691.2	-0.00348808250583345	-0.00348666294234941	-0.197221803966806	-0.19686427633112
-681.312947817055	-665.6	-0.00333999164726172	-0.00357134078440914	-0.195987579388544	-0.194969329817817
-681.312947817055	-640	-0.00375312122579957	-0.00368987749303885	-0.194219724910101	-0.192952970531317
-681.312947817055	-614.4	-0.00385427564699858	-0.00384455698057824	-0.191705026133419	-0.190794509991905
-681.312947817055	-588.8	-0.00359851748617704	-0.00403707532719315	-0.189730487748149	-0.188469156445037
-681.312947817055	-563.2	-0.00400001783562382	-0.00426839028480336	-0.187473250784456	-0.18594763236907
-681.312947817055	-537.6	-0.0044853902804025	-0.00453934718150214	-0.184943214552181	-0.183195463835069
-681.312947817055	-512	-0.00440551465190877	-0.00485188957626055	-0.182556438387828	-0.180172895064238
-681.312947817055	-486.4	-0.00483242252418638	-0.00520929640987636	-0.179883766811503	-0.176834637008674
-681.312947817055	-460.8	-0.00526738434440319	-0.00561617871872616	-0.176430103086932	-0.173129962769472
-681.312947817055	-435.2	-0.00572851314795511	-0.00607753041839475	-0.172701717793792	-0.169004100899964
-681.312947817055	-409.6	-0.00630349141546837	-0.00659804691577508	-0.168253910812595	-0.164399679879052
-681.312947817055	-384	-0.00640705647077938	-0.00718155037316331	-0.163612309826701	-0.15925759764518
-681.312947817055	-358.4	-0.00739437188215841	-0.00783102396353198	-0.158136548377029	-0.15351909099514
-681.312947817055	-332.8	-0.00828354268929392	-0.00854724273504455	-0.152960130331522	-0.147127267243961
-681.312947817055	-307.2	-0.00854717046677139	-0.00932797031671765	-0.146399956113521	-0.140028381624708
-681.312947817055	-281.6	-0.00933088241813679	-0.0101672508554088	-0.138538372765219	-0.132174311518388
-681.312947817055	-256	-0.010386991234413	-0.0110535214933822	-0.130233137395802	-0.123527558402266
-681.312947817055	-230.4	-0.0115015918166854	-0.0119690239386705	-0.120883656334328	-0.1140655075652
-681.312947817055	-204.8	-0.0126904765975051	-0.0128919947868971	-0.110709414780237	-0.103786247003356
-681.312947817055	-179.2	-0.0138064111971532	-0.013799657107665	-0.0997858147213002	-0.0927134865838314
-681.312947817055	-153.6	-0.0150722044755774	-0.0146691988028331	-0.0870082366019781	-0.0808953343969257
-681.312947817055	-128	-0.0164810152323665	-0.0154771867280485	-0.073985712534798	-0.0684008449084861
-681.312947817055	-102.4	-0.0175150312648483	-0.0162007199860923	-0.0598402133761863	-0.0553150881125542
-681.312947817055	-76.8	-0.0185417460528181	-0.016818679962797	-0.0446027585601732	-0.0417367902034784
-681.312947817055	-51.2	-0.0191055576513789	-0.017310772293908	-0.0292029620556049	-0.0277795748898497
-681.312947817055	-25.6	-0.0193756996937681	-0.0176600521407912	-0.0137681180362852	-0.013570525271355
-681.312947817055	0	-0.0185368640305174	-0.0178563266002925	0.0015572605157164	0.000751530938647549
-681.312947817055	25.6	-0.0187010910275621	-0.0178961115340622	0.0162973995457536	0.0150403533601224
-681.312947817055	51.2	-0.0191858573453715	-0.0177825562242939	0.0312851742298881	0.0291502227580118
-681.312947817055	76.8	-0.0195959288506001	-0.0175257513694257	0.046313063261879	0.042943806077132
-681.312947817055	102.4	-0.0185828964095386	-0.0171408869208983	0.0597329110654787	0.05629867096779
-681.312947817055	128	-0.017712453589355	-0.0166463956044193	0.0738527215503148	0.0691110174422692
-681.312947817055	153.6	-0.0169064831249977	-0.0160620994777922	0.0874375972272984	0.0812970327932923
-681.312947817055	179.2	-0.0158239481847206	-0.0154079849000297	0.099298571749362	0.0927937045811093
-681.312947817055	204.8	-0.0148693874638695	-0.0147023310233906	0.110287276399332	0.103555870369641
-681.312947817055	230.4	-0.0142667557202919	-0.0139618832892962	0.120003742812831	0.113552682824882
-681.312947817055	256	-0.0130322030180285	-0.0132041584307577	0.129029073611064	0.122768016526794
-681.312947817055	281.6	-0.0120016715511771	-0.0124476729993862	0.137535953075553	0.131202628102421
-681.312947817055	307.2	-0.0117265964167574	-0.0117106900156912	0.144826132390845	0.138876424003261
-681.312947817055	332.8	-0.0103847587578356	-0.0110077843158185	0.151042545329455	0.145827226996424
-681.312947817055	358.4	-0.00992526809398751	-0.0103475082714232	0.156903259274281	0.152104066212221
-681.312947817055	384	-0.00942000347441987	-0.00973401774212423	0.162003336006521	0.15776126565159
-681.312947817055	409.6	-0.0091018702849515	-0.00916882061974792	0.166332760361718	0.162857535297531
-681.312947817055	435.2	-0.0083266547855556	-0.00865183801892278	0.170516072761696	0.16745094764074
-681.312947817055	460.8	-0.00790427875716518	-0.00818231065423512	0.1739614510197	0.171596465752939
-681.312947817055	486.4	-0.00746123256016688	-0.00775898933420161	0.177473083655632	0.175347915656817
-681.312947817055	512	-0.0069759868704533	-0.00737927766823909	0.180768616545092	0.178757650826403
-681.312947817055	537.6	-0.0068094359241216	-0.00703962379197784	0.183799452151871	0.181874237579622
-681.312947817055	563.2	-0.00665239211925812	-0.00673640894024201	0.186754438408521	0.184739557685747
-681.312947817055	588.8	-0.0059964015743835	-0.00646515129480293	0.188787347122764	0.187389262501848
-681.312947817055	614.4	-0.00587846387362111	-0.00622062667627429	0.19062760577656	0.189853312553747
-681.312947817055	640	-0.00556366602921921	-0.00599822384088301	0.193508803021113	0.192154791503749
-681.312947817055	665.6	-0.00544411761885498	-0.00579397638067248	0.195207989786004	0.194312440419451
-681.312947817055	691.2	-0.00539034260866035	-0.00560486878537685	0.196451928745188	0.196342463800253
-681.312947817055	716.8	-0.00526328176472731	-0.00542859675886024	0.198710351548325	0.198259587551783
-681.312947817055	742.4	-0.00523978792140337	-0.0052634596993011	0.200244744705967	0.200078041731772
-681.312947817055	768	-0.00529304572811947	-0.00510803151491308	0.201867781970915	0.201811450442054
-681.312947817055	793.6	-0.00524265612539837	-0.00496075143687002	0.203622590939934	0.203472149795039
-681.312947817055	819.2	-0.00502582317087835	-0.00481963585144239	0.206226934506663	0.205066376264385
-681.312947817055	844.8	-0.00475402139492604	-0.00468304118144916	0.207775206862698	0.206597110563808
-681.312947817055	870.4	-0.00430188676100527	-0.00455149870283693	0.208327925529385	0.208075565344234
-681.312947817055	896	-0.00414210523531317	-0.004426133984866	0.209584001484846	0.209524807619395
-681.312947817055	921.6	-0.00413511743188498	-0.00430776059671539	0.210372820561866	0.210940786040468
-681.312947817055	947.2	-0.00396759749440276	-0.00419703459753454	0.211984852184947	0.212332265166793
-681.312947817055	972.8	-0.00386936325096042	-0.00409509579024461	0.213637596857748	0.213701782029055
-681.312947817055	998.4	-0.0037962425645384	-0.00400380780025922	0.214841742153532	0.215052391873285
-681.312947817055	1024	-0.00353878845718273	-0.00392237646735927	0.216499226717159	0.216388468766754
-681.312947817055	1049.6	-0.00363757416714599	-0.00385411497895415	0.218543224148593	0.217712415961054
-681.312947817055	1075.2	-0.00383792394373153	-0.00379513520413527	0.218982455441866	0.219026748725915
-668.696041375998	-1075.2	-0.00189720726889142	-0.00224101824936944	-0.218394862011924	-0.218490838526247
-668.696041375998	-1049.6	-0.00233231366073567	-0.00219747137804971	-0.21670600701882	-0.217229187613001
-668.696041375998	-1024	-0.00233134760975063	-0.00215250535493083	-0.216218023229559	-0.21595882545029
-668.696041375998	-998.4	-0.00208290261944424	-0.00210517433480098	-0.214677797275653	-0.214676636742492
-668.696041375998	-972.8	-0.00200588063087953	-0.00205613417577248	-0.213710115515911	-0.213380124932948
-668.696041375998	-947.2	-0.00215567821685127	-0.00200654933753859	-0.212181475157341	-0.21206951473514
-668.696041375998	-921.6	-0.00226577365813563	-0.00195868313046711	-0.210726431771602	-0.210735979898087
-668.696041375998	-896	-0.00206555196855311	-0.00191366180590862	-0.209649900169459	-0.209388533238824
-668.696041375998	-870.4	-0.00207413767509904	-0.00187258208593303	-0.208665652268541	-0.208010917096602
-668.696041375998	-844.8	-0.00193431548851099	-0.00183624803929159	-0.207510212721803	-0.20660207882039
-668.696041375998	-819.2	-0.0011704892768536	-0.00180482796743118	-0.205990905799966	-0.205148300743781
-668.696041375998	-793.6	-0.00157887095392113	-0.00178027177907396	-0.204208190188982	-0.203638917229766
-668.696041375998	-768	-0.00163755449416017	-0.00176579957021006	-0.202655859739244	-0.202073621896221
-668.696041375998	-742.4	-0.00133752414394178	-0.00176523794551508	-0.200840195008336	-0.200445701483892
-668.696041375998	-716.8	-0.0014433134465132	-0.00178285774731728	-0.199522571821388	-0.198745733327885
-668.696041375998	-691.2	-0.00183008701217622	-0.00182403087824943	-0.197484916170278	-0.196960896174365
-668.696041375998	-665.6	-0.00201757148033042	-0.00189450258670477	-0.1959181686184	-0.195074819618751
-668.696041375998	-640	-0.0022329105055168	-0.00199838963471175	-0.194308070673068	-0.193069109985361
-668.696041375998	-614.4	-0.00222357020926464	-0.00213757283406332	-0.191375715935214	-0.190923198715189
-668.696041375998	-588.8	-0.00184604733443157	-0.00231342459732756	-0.190040097077307	-0.188612551710054
-668.696041375998	-563.2	-0.00221251659189733	-0.00252647932461086	-0.187842532879488	-0.186108586400271
-668.696041375998	-537.6	-0.00263001717394836	-0.00277715903746169	-0.185352388924528	-0.18337723946886
-668.696041375998	-512	-0.00261650260970812	-0.00306750647439898	-0.182925001355497	-0.180378840863374
-668.696041375998	-486.4	-0.00306122063578219	-0.00340134188578172	-0.179714629142457	-0.177068198302948
-668.696041375998	-460.8	-0.0034928706927791	-0.00378401001064757	-0.176345076615172	-0.173394290161997
-668.696041375998	-435.2	-0.0040720904418052	-0.00422104038346597	-0.172624436933164	-0.169301769958851
-668.696041375998	-409.6	-0.00425980367517871	-0.00471733671983382	-0.168605298421605	-0.1647325679878
-668.696041375998	-384	-0.0046060337674866	-0.00527710901684137	-0.164055299750887	-0.159626430083651
-668.696041375998	-358.4	-0.0056019075240169	-0.00590357134554621	-0.158414955015866	-0.153922973753599
-668.696041375998	-332.8	-0.00631872022012311	-0.00659770119599449	-0.153473412021939	-0.147563900163264
-668.696041375998	-307.2	-0.0066755364746043	-0.00735747086339775	-0.146721615116952	-0.140494441278315
-668.696041375998	-281.6	-0.00734271541005832	-0.00817729818684419	-0.138938745857187	-0.132665363068371
-668.696041375998	-256	-0.00840409773856992	-0.00904614527819757	-0.130687001073495	-0.124037468181144
-668.696041375998	-230.4	-0.00962893270574081	-0.00994670100759594	-0.121525563430161	-0.114586083045082
-668.696041375998	-204.8	-0.0108186217497743	-0.0108579661026725	-0.111364170033389	-0.104307448274489
-668.696041375998	-179.2	-0.0119219069585984	-0.0117580313265782	-0.10058053407954	-0.0932233474318521
-668.696041375998	-153.6	-0.0127381280919361	-0.0126241967975892	-0.0878650437115711	-0.0813806355024012
-668.696041375998	-128	-0.0141846016582691	-0.0134323325581503	-0.074716778868857	-0.0688481614505347
-668.696041375998	-102.4	-0.0152103537332879	-0.0141587123891263	-0.0605491588731666	-0.0557116210970708
-668.696041375998	-76.8	-0.0165151315536933	-0.0147808575542583	-0.0451421103325398	-0.0420714064791437
-668.696041375998	-51.2	-0.0168660458193679	-0.0152775378308474	-0.0293458547195827	-0.0280432710294097
-668.696041375998	-25.6	-0.0172618176815228	-0.0156317770265238	-0.0136915541636543	-0.0137564961376638
-668.696041375998	0	-0.016916239450011	-0.0158335503752482	0.00170800774702392	0.000647539113297485
-668.696041375998	25.6	-0.016700111692853	-0.0158793730265504	0.0167084172092556	0.0150193757283217
-668.696041375998	51.2	-0.0173026108473735	-0.0157722597558664	0.030859708236681	0.0292098755904308
-668.696041375998	76.8	-0.0174257402788046	-0.0155221569795847	0.0461969482171471	0.0430783346844309
-668.696041375998	102.4	-0.0163833834425572	-0.0151442231298804	0.0600278248371899	0.0564992068592158
-668.696041375998	128	-0.0156410534135333	-0.0146570665960942	0.0746317181359006	0.069366591041319
-668.696041375998	153.6	-0.0148394734575519	-0.0140806675536389	0.0879017580304807	0.0815952864931551
-668.696041375998	179.2	-0.0137064195623474	-0.0134354571325498	0.0998875922229731	0.0931221512981925
-668.696041375998	204.8	-0.012726273312549	-0.0127405858506091	0.110965242879819	0.103902844476709
-668.696041375998	230.4	-0.0122325553198749	-0.0120132683714639	0.120462968039266	0.113907796099528
-668.696041375998	256	-0.0111089577167712	-0.01127096593223	0.129498050127744	0.123122021378319
-668.696041375998	281.6	-0.0101240057491999	-0.0105321740719116	0.13773615622654	0.131547019515609
-668.696041375998	307.2	-0.00957531928694223	-0.00981495629349853	0.144976467867386	0.139203836104926
-668.696041375998	332.8	-0.00844384311888512	-0.00913352152532044	0.15142501644571	0.146132105660037
-668.696041375998	358.4	-0.00823248256121287	-0.00849619502194398	0.157299178273507	0.152382573309041
-668.696041375998	384	-0.00748385983044074	-0.00790686136118381	0.161968386229419	0.15801138860752
-668.696041375998	409.6	-0.00722547166387458	-0.00736660955411055	0.166780669597101	0.163078769384892
-668.696041375998	435.2	-0.00650735623166501	-0.00687478825756922	0.170879603927598	0.16764385961415
-668.696041375998	460.8	-0.00611211617327772	-0.0064299668024458	0.173996311469443	0.171762280989317
-668.696041375998	486.4	-0.00562973448524712	-0.00603002280285368	0.177611634019236	0.175488396723478
-668.696041375998	512	-0.00536366687398642	-0.00567200485016022	0.181039705298171	0.178875183160321
-668.696041375998	537.6	-0.00529198032073166	-0.00535257408298208	0.184018894661945	0.181971884312075
-668.696041375998	563.2	-0.00511011326258353	-0.00506837151260685	0.186999607672263	0.184820747383751
-668.696041375998	588.8	-0.00449269578457164	-0.00481521731077194	0.188779339634081	0.187457233647993
-668.696041375998	614.4	-0.00435501494126585	-0.00458823682486582	0.1907977839848	0.189910779492129
-668.696041375998	640	-0.00408270446849639	-0.00438297919121737	0.193686182534076	0.192204092381811
-668.696041375998	665.6	-0.00399220088952498	-0.00419523689373846	0.195393549193844	0.194355395927288
-668.696041375998	691.2	-0.00387363261510704	-0.00402188138906521	0.19629340760123	0.196380614246553
-668.696041375998	716.8	-0.00386605038413422	-0.00386050535315294	0.198762959689481	0.198294128574708
-668.696041375998	742.4	-0.0036708566099606	-0.00370941700268536	0.200413253245667	0.200109638677715
-668.696041375998	768	-0.00384391382934253	-0.00356737614263465	0.202138375969098	0.201840531255549
-668.696041375998	793.6	-0.00373816010836054	-0.00343280032115387	0.204061627075934	0.203499199128671
-668.696041375998	819.2	-0.00348062973856752	-0.00330391104145446	0.206387149270715	0.205092894442098
-668.696041375998	844.8	-0.0032741944444737	-0.00317971817561396	0.207771827085359	0.20663014788508
-668.696041375998	870.4	-0.00287817613906352	-0.0030598934054488	0.208156410002797	0.208110692123877
-668.696041375998	896	-0.00289744570761867	-0.0029459226465973	0.209792877908458	0.209558773380652
-668.696041375998	921.6	-0.00281169248197367	-0.00283943748861855	0.210741467203875	0.210970834760444
-668.696041375998	947.2	-0.00258341239210232	-0.0027392713375905	0.212524250463352	0.212364817802578
-668.696041375998	972.8	-0.00239298446586835	-0.00265025977597006	0.213763229108648	0.213730913331905
-668.696041375998	998.4	-0.00240866717894041	-0.00256921342294814	0.214905084484243	0.215082351032627
-668.696041375998	1024	-0.00222925059017976	-0.00249853099530882	0.216469034244803	0.216417953312826
-668.696041375998	1049.6	-0.00228669674515534	-0.00243782686048564	0.218140817068812	0.217741104514398
-668.696041375998	1075.2	-0.00242078596660406	-0.00238944433932461	0.219564314125892	0.219053852364289
-656.079134934942	-1075.2	0.00012139181689673	-0.000809963736510632	-0.218841531648204	-0.218540611201623
-656.079134934942	-1049.6	-0.000397543906244936	-0.00074921215700508	-0.217259129966724	-0.21727792146381
-656.079134934942	-1024	-0.000591634937419763	-0.000690142645152398	-0.216166756111785	-0.216008212559225
-656.079134934942	-998.4	-0.000514528445885222	-0.000627264271164239	-0.215048186141913	-0.214727386841967
-656.079134934942	-972.8	-0.000397354705186678	-0.000564266238615167	-0.214359142112505	-0.213431831818439
-656.079134934942	-947.2	-0.000437906886963457	-0.00049976502593288	-0.212379512543877	-0.212123633249242
-656.079134934942	-921.6	-0.000878664175177138	-0.000436182528856542	-0.210709913578283	-0.210791626742892
-656.079134934942	-896	-0.000708905755752792	-0.000375267383293184	-0.209660303714678	-0.2094437317404
-656.079134934942	-870.4	-0.000466680840494622	-0.000317826875960051	-0.209047362253579	-0.208066019192333
-656.079134934942	-844.8	-0.000549827391226995	-0.000264783639972437	-0.207435453419939	-0.206663081049876
-656.079134934942	-819.2	0.000125847389489796	-0.000216526030901883	-0.205798271086477	-0.205211101850506
-656.079134934942	-793.6	0.000159979063174976	-0.000175384090958356	-0.204602377124378	-0.203705437075003
-656.079134934942	-768	1.14241552622459e-05	-0.000145068267192058	-0.20281576522392	-0.202144769430355
-656.079134934942	-742.4	0.000337326474896636	-0.000129530373842668	-0.200861854677375	-0.200522332974153
-656.079134934942	-716.8	-7.07920234303861e-05	-0.000132950039406896	-0.199272920608914	-0.198828392634555
-656.079134934942	-691.2	-0.000320321972168818	-0.000160233374300772	-0.197494651297584	-0.197050575252896
-656.079134934942	-665.6	-0.000356315241951306	-0.000216535982885685	-0.195786953775604	-0.195173209777891
-656.079134934942	-640	-0.000233503497123215	-0.000305633513714291	-0.194248615263813	-0.193178223451247
-656.079134934942	-614.4	-0.00059548265366353	-0.000428957974695249	-0.191059836006725	-0.191044986512714
-656.079134934942	-588.8	-9.30151429772109e-05	-0.000587467587130611	-0.190247813799979	-0.18874899919919
-656.079134934942	-563.2	-0.000352727317108389	-0.000781601936516744	-0.188164416384041	-0.186262058405524
-656.079134934942	-537.6	-0.000669105592108265	-0.00101158900771773	-0.185704029917115	-0.183550802779276
-656.079134934942	-512	-0.00087220883778307	-0.00127956453388881	-0.183098930163936	-0.180575731565274
-656.079134934942	-486.4	-0.00137978926875149	-0.00158969564833316	-0.179910103955639	-0.177291518482217
-656.079134934942	-460.8	-0.00181433640891481	-0.00194784847976602	-0.176327004867755	-0.173646991635073
-656.079134934942	-435.2	-0.00241223975798169	-0.00236011751630319	-0.172450247913839	-0.1695865379431
-656.079134934942	-409.6	-0.00269789545789329	-0.00283178473500908	-0.168601329976836	-0.165051650746812
-656.079134934942	-384	-0.00286905942383988	-0.00336743742159882	-0.164457283485823	-0.159981120197646
-656.079134934942	-358.4	-0.00375641580121763	-0.00397037828469616	-0.158769593192817	-0.154313115557212
-656.079134934942	-332.8	-0.00401318824620505	-0.00464160468515925	-0.153628049158868	-0.147987922167671
-656.079134934942	-307.2	-0.00464434863099885	-0.00537957726184063	-0.147046166492698	-0.140949599224352
-656.079134934942	-281.6	-0.00550911448938105	-0.00617940144330613	-0.13942900018369	-0.133147491932618
-656.079134934942	-256	-0.00655077399855231	-0.00703049648522323	-0.131183671507151	-0.124540395641844
-656.079134934942	-230.4	-0.00776618341353914	-0.00791597112108906	-0.122052712135972	-0.115101399166906
-656.079134934942	-204.8	-0.00889800958886036	-0.00881547714085333	-0.111909920139171	-0.104824685251949
-656.079134934942	-179.2	-0.00990273321313792	-0.00970760837310914	-0.101054105432085	-0.0937302468522556
-656.079134934942	-153.6	-0.0107478266823492	-0.0105696969045748	-0.088429102309941	-0.081863755694329
-656.079134934942	-128	-0.0119026238400778	-0.0113771921768006	-0.0754427148742197	-0.069293655086308
-656.079134934942	-102.4	-0.0129063006816319	-0.0121055771559387	-0.0612615728540186	-0.0561062681921716
-656.079134934942	-76.8	-0.0142865701242686	-0.0127311036043079	-0.0458035830195513	-0.042403863512218
-656.079134934942	-51.2	-0.0148550935594132	-0.0132318334711897	-0.029883032572701	-0.0283042710346152
-656.079134934942	-25.6	-0.0150339836960508	-0.0135908705301985	-0.0137689223699066	-0.0139391691955678
-656.079134934942	0	-0.0150832114162507	-0.013798234545843	0.00183962633519811	0.000546945903752219
-656.079134934942	25.6	-0.0147275625309411	-0.0138502650557297	0.0167550709021931	0.0150013542642837
-656.079134934942	51.2	-0.0153948067368385	-0.0137496518392653	0.03050599887973	0.0292716784013767
-656.079134934942	76.8	-0.0151865824493351	-0.0135060779405317	0.0461563693338239	0.0432140134010834
-656.079134934942	102.4	-0.0142468573841742	-0.013134719251671	0.0608505792731909	0.0566999205305009
-656.079134934942	128	-0.0135550981374051	-0.0126544332003097	0.0752494609077921	0.0696212566042049
-656.079134934942	153.6	-0.0127672139582307	-0.0120855794025498	0.0884051023082601	0.0818914687531462
-656.079134934942	179.2	-0.0117117114317371	-0.0114490178159455	0.100524208947576	0.0934472396584172
-656.079134934942	204.8	-0.0106965120056681	-0.0107646576723694	0.111448917194621	0.104244975322368
-656.079134934942	230.4	-0.0101998957324099	-0.0100505823589437	0.120921845423779	0.114256472285268
-656.079134934942	256	-0.00916466061104069	-0.00932435781790334	0.129898330364128	0.123468076014841
-656.079134934942	281.6	-0.0082117423508005	-0.00860425826216737	0.138109081657403	0.131882229045498
-656.079134934942	307.2	-0.00738265542264912	-0.00790796982558398	0.145083573053223	0.139521066600335
-656.079134934942	332.8	-0.00665616420692158	-0.0072491863772318	0.151695953072882	0.146425844924256
-656.079134934942	358.4	-0.0064975303100687	-0.00663600376465333	0.157663789049167	0.152649201031214
-656.079134934942	384	-0.00552078217291252	-0.00607209627093275	0.161890420725929	0.158249216633387
-656.079134934942	409.6	-0.00522550281880767	-0.00555802076797278	0.166962300357493	0.16328746464449
-656.079134934942	435.2	-0.00474061468096219	-0.00509236954845382	0.171094642039595	0.167824302471264
-656.079134934942	460.8	-0.00431994822423385	-0.00467307023645629	0.17432752414744	0.171916350975851
-656.079134934942	486.4	-0.00395247680216001	-0.00429727908055902	0.177952511950519	0.175618326025219
-656.079134934942	512	-0.00380465103416743	-0.00396155266294362	0.181180659991432	0.178983345871329
-656.079134934942	537.6	-0.0037308519880941	-0.00366268708292193	0.184218028447692	0.182060862073883
-656.079134934942	563.2	-0.00343671262837915	-0.00339765771285431	0.186973371681232	0.18489324994778
-656.079134934942	588.8	-0.00298459052411425	-0.00316269755595434	0.188750609751666	0.187515824779937
-656.079134934942	614.4	-0.00275518423484381	-0.00295341650102458	0.190672484355827	0.189957819459299
-656.079134934942	640	-0.0025167783546425	-0.00276544464813112	0.193552394365472	0.192241906695817
-656.079134934942	665.6	-0.00252916222470021	-0.00259428142271157	0.19526676706247	0.194386048941702
-656.079134934942	691.2	-0.00250352411571837	-0.00243659560236836	0.196446601800566	0.196405946423288
-656.079134934942	716.8	-0.00249471257357063	-0.00229005037713211	0.198853009035215	0.198315802247748
-656.079134934942	742.4	-0.00211370970288484	-0.0021529675056724	0.200600309674744	0.200128739238091
-656.079134934942	768	-0.00230121919131716	-0.00202408249162618	0.2024012629504	0.201857678991141
-656.079134934942	793.6	-0.00218355354241407	-0.00190193410044567	0.204212090496698	0.203514738860454
-656.079134934942	819.2	-0.00179480123633446	-0.0017852126191996	0.206257159527327	0.205110020209181
-656.079134934942	844.8	-0.00159980592540593	-0.00167277745591688	0.207606418608033	0.206645567738691
-656.079134934942	870.4	-0.00146523343658231	-0.00156484898983399	0.207911269970956	0.20812592830027
-656.079134934942	896	-0.00164460231205354	-0.00146280640012755	0.209970478013208	0.2095757846448
-656.079134934942	921.6	-0.00153061613227149	-0.0013683687471876	0.211121625006154	0.21098861311889
-656.079134934942	947.2	-0.00150173877651395	-0.00127979953930108	0.212621278667052	0.212383732524207
-656.079134934942	972.8	-0.000995178408929888	-0.00120346487235615	0.213865783320193	0.213749143852696
-656.079134934942	998.4	-0.00104209669414879	-0.00113181128819759	0.215171338673061	0.215102854122453
-656.079134934942	1024	-0.000955823236398033	-0.00107416061137414	0.216401466191114	0.216436809608561
-656.079134934942	1049.6	-0.000988449940995523	-0.00102262488658162	0.217710770801748	0.217760543922684
-656.079134934942	1075.2	-0.00123331964552579	-0.000983936081573506	0.219967533846888	0.219072369272093
-643.462228493885	-1100.8	0.000894000031363834	0.000557560677628915	-0.220025673676278	-0.219836168401296
-643.462228493885	-1075.2	0.00102085683193277	0.00062592433098611	-0.218323619001606	-0.218584932722054
-643.462228493885	-1049.6	0.000707902779851293	0.000702945543884146	-0.216780380742349	-0.217322391849222
-643.462228493885	-1024	0.000906289020434295	0.00077565800556598	-0.216259773522085	-0.216053499424095
-643.462228493885	-998.4	0.00091785120267052	0.000852390351803595	-0.215105567974619	-0.214773254695172
-643.462228493885	-972.8	0.00107461307504489	0.000931219295113632	-0.214497888463061	-0.213479688895336
-643.462228493885	-947.2	0.00128885709463656	0.00101125449489167	-0.21258971952982	-0.212170302050404
-643.462228493885	-921.6	0.000591007918653307	0.00109052188137194	-0.210903992685655	-0.210843408410409
-643.462228493885	-896	0.000932909562163642	0.00116752113317124	-0.209908980520939	-0.209493537193831
-643.462228493885	-870.4	0.00143419207162836	0.00124053103791208	-0.209377053718674	-0.208127855501921
-643.462228493885	-844.8	0.00089193717702313	0.00130985757786384	-0.20728823646723	-0.206720123936488
-643.462228493885	-819.2	0.00132269757229109	0.00137426804198863	-0.205716147674435	-0.20526795996086
-643.462228493885	-793.6	0.00168582596587618	0.00143141427544622	-0.204725174523607	-0.203765406752391
-643.462228493885	-768	0.00161025154552977	0.0014772955501318	-0.20267710537481	-0.202209050457565
-643.462228493885	-742.4	0.00183579643880374	0.00150784728104164	-0.200936441528463	-0.200591946057546
-643.462228493885	-716.8	0.00157435643341366	0.00151882951043297	-0.199342939171301	-0.198903974806703
-643.462228493885	-691.2	0.00151509192906262	0.00150575181658114	-0.197435002364805	-0.197133086321223
-643.462228493885	-665.6	0.0014053333026559	0.0014640027619057	-0.195812361760804	-0.195264272802386
-643.462228493885	-640	0.00178303810093593	0.00139006434104513	-0.194200735660114	-0.193279864356034
-643.462228493885	-614.4	0.00128370873110009	0.00128297435610857	-0.191379775487753	-0.191159293383327
-643.462228493885	-588.8	0.00166015544031222	0.00114229965439173	-0.190455546920695	-0.188877922636873
-643.462228493885	-563.2	0.00144407935981542	0.000967545417321551	-0.188307318863112	-0.18640751939795
-643.462228493885	-537.6	0.00127641931595006	0.000758439819241275	-0.186022983350025	-0.18371544390353
-643.462228493885	-512	0.00104512862076791	0.000512764957442251	-0.183461060079585	-0.18076255007924
-643.462228493885	-486.4	0.00035338099898948	0.000226133268764726	-0.180122587528987	-0.177503404119155
-643.462228493885	-460.8	-0.000178083782420245	-0.000107549282451576	-0.17636701799724	-0.173886841307829
-643.462228493885	-435.2	-0.000671383315243704	-0.000494951619198237	-0.172596582218	-0.169857040570106
-643.462228493885	-409.6	-0.000866002568188833	-0.000941911225448217	-0.168903074194684	-0.165355116739733
-643.462228493885	-384	-0.00109997171393813	-0.0014531736872515	-0.164840420256553	-0.160319439758305
-643.462228493885	-358.4	-0.00152014859165769	-0.00203196792424586	-0.159469425032602	-0.154687086700594
-643.462228493885	-332.8	-0.0017326895356369	-0.00267944470835979	-0.153912271171135	-0.148396915036615
-643.462228493885	-307.2	-0.0026100417480497	-0.00339481672600792	-0.147415145881954	-0.141391547972101
-643.462228493885	-281.6	-0.00374813841130875	-0.00417397155390446	-0.139959008917942	-0.133618594408189
-643.462228493885	-256	-0.00479102191680562	-0.00500691720020251	-0.131725417496991	-0.125034464234008
-643.462228493885	-230.4	-0.00576600717156299	-0.00587724296375014	-0.122639149465075	-0.115609660155119
-643.462228493885	-204.8	-0.00678392598489465	-0.0067650587946155	-0.112301747176087	-0.105336024740662
-643.462228493885	-179.2	-0.00778566975100747	-0.00764924447637516	-0.101240400504903	-0.0942321040007568
-643.462228493885	-153.6	-0.00875490399501963	-0.00850697794129533	-0.0889939037878779	-0.0823426225674757
-643.462228493885	-128	-0.00977505764035628	-0.00931311496983969	-0.076097253731102	-0.069735554542446
-643.462228493885	-102.4	-0.0108247654458291	-0.010042422421244	-0.0617765140911265	-0.0564977674818243
-643.462228493885	-76.8	-0.0121554231937284	-0.0106703200964551	-0.0461598772807059	-0.042733275730392
-643.462228493885	-51.2	-0.0129056885306461	-0.0111745401137295	-0.0303780410842154	-0.0285619557340922
-643.462228493885	-25.6	-0.0130879433861172	-0.0115382115046966	-0.0140213083898021	-0.0141182289071185
-643.462228493885	0	-0.0126789090485038	-0.0117510495753983	0.00186007599116282	0.000449879804066012
-643.462228493885	25.6	-0.0127174656405465	-0.0118090925475376	0.0165555216309203	0.0149862391703936
-643.462228493885	51.2	-0.0132160821434948	-0.0117148705277879	0.0311626193406135	0.0293354411224515
-643.462228493885	76.8	-0.0129456804777851	-0.0114777633543861	0.0466137491634173	0.0433506629700091
-643.462228493885	102.4	-0.0119398067491807	-0.0111129500030702	0.0612412165400412	0.0569007759724944
-643.462228493885	128	-0.011605829143066	-0.0106394255788547	0.0757994443299174	0.0698752147357414
-643.462228493885	153.6	-0.0108093706127288	-0.010077875457232	0.0890336601578905	0.0821859569731209
-643.462228493885	179.2	-0.00977363841872733	-0.00944955298413513	0.101092073471896	0.0937694437905834
-643.462228493885	204.8	-0.00887683187237721	-0.00877535885874798	0.111645514491768	0.104582765114569
-643.462228493885	230.4	-0.00815445290569898	-0.00807436560255377	0.121283144025452	0.114599100617073
-643.462228493885	256	-0.00722500704325546	-0.00736457494488446	0.130291582980544	0.123806325127365
-643.462228493885	281.6	-0.00618416229002969	-0.00666413783931862	0.13879860927511	0.132208095022255
-643.462228493885	307.2	-0.00535053161932017	-0.00599006643139571	0.145527349172233	0.139827772967077
-643.462228493885	332.8	-0.00488564077161072	-0.00535529074521373	0.151935578004751	0.146708079074008
-643.462228493885	358.4	-0.00462645718383244	-0.00476743685323446	0.157922008745942	0.152903657510427
-643.462228493885	384	-0.00358299173869297	-0.00422992605155467	0.161901489116767	0.158474694714963
-643.462228493885	409.6	-0.00323526931676902	-0.0037428641710968	0.167239853513432	0.163484062907119
-643.462228493885	435.2	-0.00290631426555717	-0.00330409823642758	0.171519066861985	0.167993131190991
-643.462228493885	460.8	-0.00253750296079857	-0.00291090248519571	0.174879154737862	0.172059594306672
-643.462228493885	486.4	-0.00225118958144571	-0.00255989904324639	0.178284664158585	0.17573856386996
-643.462228493885	512	-0.00223734174723289	-0.00224720590964315	0.181026483188696	0.179083103001087
-643.462228493885	537.6	-0.0020062534732882	-0.00196955856401102	0.184295382171457	0.182142359715293
-643.462228493885	563.2	-0.00166917816789389	-0.00172421354326089	0.186940125260388	0.18495838854184
-643.462228493885	588.8	-0.00139502766678705	-0.00150785522212865	0.188596789008179	0.1875663126112
-643.462228493885	614.4	-0.00114237580059581	-0.00131657830442942	0.19059453516167	0.189995476464603
-643.462228493885	640	-0.000907380190270697	-0.00114597271721209	0.193241470804846	0.192268901245987
-643.462228493885	665.6	-0.000958888874702547	-0.00099126335321717	0.194786112517904	0.194404620782523
-643.462228493885	691.2	-0.00102938706386624	-0.000849067250408656	0.196550658577213	0.196418348182704
-643.462228493885	716.8	-0.000732951279825113	-0.000717319192054137	0.199060747580586	0.198324110150449
-643.462228493885	742.4	-0.000466861679061783	-0.000594308061485542	0.200915881954291	0.200134709025664
-643.462228493885	768	-0.000676211018705666	-0.000478586050055066	0.202777602075977	0.201862549844919
-643.462228493885	793.6	-0.000567279853637183	-0.000368883875143743	0.203989109565916	0.203518989632377
-643.462228493885	819.2	-0.000118771881290545	-0.000264136834820265	0.205999191022281	0.205113521994259
-643.462228493885	844.8	4.10574522601058e-05	-0.0001635275426989	0.207211251759514	0.206651115677911
-643.462228493885	870.4	-8.80237724135649e-05	-6.73207203705384e-05	0.20786482949044	0.208135597654896
-643.462228493885	896	-0.000121804852761804	2.23837877341027e-05	0.21009905194205	0.209578472330138
-643.462228493885	921.6	-0.000248921058854475	0.000105452929507798	0.21150196641392	0.210997181763996
-643.462228493885	947.2	-0.000173038168191546	0.00018044114485285	0.212757576562059	0.212388842867997
-643.462228493885	972.8	0.000406271527878218	0.000246429483356587	0.213994537626536	0.213758217875893
-643.462228493885	998.4	0.000355692557808224	0.000305087928056573	0.21522544596777	0.215110590961556
-643.462228493885	1024	0.000528836151024135	0.000354841901727411	0.216293293960242	0.216447018139285
-643.462228493885	1049.6	0.000519203871534353	0.000393367943751884	0.217463014320126	0.217769294758603
-643.462228493885	1075.2	0.000420341826429251	0.000421389637659335	0.219231622265163	0.219080261557038
-643.462228493885	1100.8	-6.53524953708101e-05	0.000440134172186879	0.220802034312708	0.22038149278436
-630.845322052828	-1100.8	0.00191477948459523	0.00198659570857607	-0.219743922009217	-0.219871875601939
-630.845322052828	-1075.2	0.0019166320921218	0.00207253682864185	-0.217816540470113	-0.21862064979946
-630.845322052828	-1049.6	0.00182138282296087	0.00215691402241214	-0.216402801965467	-0.217362823038779
-630.845322052828	-1024	0.00227643958588521	0.00224532431922773	-0.216428745019408	-0.216094430281685
-630.845322052828	-998.4	0.00227334440968346	0.00233664805518578	-0.214960252849315	-0.214814496040464
-630.845322052828	-972.8	0.00239643295051375	0.00243107030556163	-0.214113493096905	-0.213524634406929
-630.845322052828	-947.2	0.00284299984838639	0.00252653953176415	-0.212656847058879	-0.212215540082286
-630.845322052828	-921.6	0.00206589875348825	0.00262128112867327	-0.211111757723632	-0.210894844215938
-630.845322052828	-896	0.00245567282894389	0.00271396014957924	-0.210084921778786	-0.209548316610084
-630.845322052828	-870.4	0.00320194503554181	0.00280294590954377	-0.209185460868512	-0.208180204599833
-630.845322052828	-844.8	0.00247037329861112	0.00288804569128723	-0.206956101986225	-0.206770348994515
-630.845322052828	-819.2	0.00286743850078244	0.00296809351235227	-0.205860355845784	-0.205318720946283
-630.845322052828	-793.6	0.00343662833494101	0.00304050638529319	-0.204600500245267	-0.203818187902021
-630.845322052828	-768	0.00336757421721319	0.00310149005640874	-0.202557445913255	-0.202265337963089
-630.845322052828	-742.4	0.00336875251561223	0.00314700619347765	-0.201034969275529	-0.200653099518532
-630.845322052828	-716.8	0.00343398338549188	0.00317274559656491	-0.199373128092887	-0.198971141922625
-630.845322052828	-691.2	0.00351052430254451	0.00317444074680849	-0.197328739687758	-0.197207283627597
-630.845322052828	-665.6	0.0033167415100844	0.00314778602101734	-0.196093176142883	-0.195346913761944
-630.845322052828	-640	0.00366469955107609	0.00308949609209724	-0.194160953624835	-0.193372893567317
-630.845322052828	-614.4	0.00327705047953774	0.00299903264532174	-0.191831079256617	-0.191264925972817
-630.845322052828	-588.8	0.00321947729622657	0.00287652436121481	-0.190360526856735	-0.188998131700478
-630.845322052828	-563.2	0.00299995620057832	0.00272145990576292	-0.188222087382631	-0.186543883350449
-630.845322052828	-537.6	0.00307945604042841	0.00253333018882573	-0.186192594629491	-0.183869997616433
-630.845322052828	-512	0.00308525733066375	0.00230980074829898	-0.18399196058601	-0.180937880498513
-630.845322052828	-486.4	0.00242608890849722	0.00204639120444115	-0.180428095896277	-0.177702315567033
-630.845322052828	-460.8	0.00177430779203479	0.00173696025647369	-0.176653998317349	-0.174112388948637
-630.845322052828	-435.2	0.00127197660742917	0.00137432022642261	-0.172945811638612	-0.170111977410095
-630.845322052828	-409.6	0.00114981719351179	0.000952166368043374	-0.169383217579276	-0.165641839365096
-630.845322052828	-384	0.000891725860942388	0.000465706094352746	-0.165078009719882	-0.160640297404266
-630.845322052828	-358.4	0.00068732560616567	-8.83114569166579e-05	-0.160122906213556	-0.155043659575392
-630.845322052828	-332.8	0.000230958213037998	-0.000711421304616551	-0.154447016727834	-0.148789412677309
-630.845322052828	-307.2	-0.000760269865181775	-0.0014036089660359	-0.147806137516422	-0.141818668348816
-630.845322052828	-281.6	-0.00189755003656846	-0.00216154079734109	-0.140374848340421	-0.134077041831697
-630.845322052828	-256	-0.00271139637875072	-0.00297580742287187	-0.132149822347549	-0.12551813346382
-630.845322052828	-230.4	-0.00361416763226262	-0.00383077770329689	-0.12313974012802	-0.116109280736511
-630.845322052828	-204.8	-0.00466895717445243	-0.00470700860616306	-0.112939637749928	-0.10583991756957
-630.845322052828	-179.2	-0.00573750076654452	-0.00558335688073935	-0.101567065334202	-0.094727450564594
-630.845322052828	-153.6	-0.00682958087763606	-0.00643652231660478	-0.0896717586540717	-0.0828159039339405
-630.845322052828	-128	-0.00782040850989455	-0.00724081107460986	-0.0764802576890923	-0.070172701402811
-630.845322052828	-102.4	-0.00878329640143333	-0.00797034995195119	-0.0619956931689757	-0.0568852430794483
-630.845322052828	-76.8	-0.0100261673652011	-0.00860002668621212	-0.0465930323582256	-0.0430590719126275
-630.845322052828	-51.2	-0.0109846565217203	-0.00910739745922548	-0.0307438998207229	-0.0288161579531701
-630.845322052828	-25.6	-0.0109941405428791	-0.00947541646136425	-0.0142640703373328	-0.0142940179568452
-630.845322052828	0	-0.0102694659159485	-0.00969328602241714	0.00189155106763838	0.000355655497738559
-630.845322052828	25.6	-0.0107284127726259	-0.00975675682474045	0.0162930803141291	0.0149734294137085
-630.845322052828	51.2	-0.0110354811287417	-0.00966842357812101	0.0318198053143179	0.029400892015699
-630.845322052828	76.8	-0.0105351014472993	-0.00943765117850566	0.0468023793561962	0.0434883376178286
-630.845322052828	102.4	-0.0100027841911207	-0.00907946115293098	0.0616502139932749	0.0571018442841184
-630.845322052828	128	-0.00993691574532215	-0.00861275924633296	0.0764694330899723	0.0701284517836334
-630.845322052828	153.6	-0.00865658059089453	-0.00805841756400844	0.0893480945616767	0.0824787521657387
-630.845322052828	179.2	-0.00780893919990836	-0.00743815056263966	0.101395300998649	0.0940888118794166
-630.845322052828	204.8	-0.00697315720671628	-0.00677386039338838	0.11187738636358	0.104916267566164
-630.845322052828	230.4	-0.00605626931606817	-0.00608568545670252	0.121581022116599	0.114935696485933
-630.845322052828	256	-0.00515626583496565	-0.00539246922954339	0.130618917826673	0.124136627137561
-630.845322052828	281.6	-0.00415677825875848	-0.00471249117293121	0.139488070228245	0.132524248914157
-630.845322052828	307.2	-0.00351389123971026	-0.00406190960536133	0.14608464025532	0.140123504543683
-630.845322052828	332.8	-0.00308344082674804	-0.00345249227309758	0.152345515252421	0.146978521940451
-630.845322052828	358.4	-0.00275632956362832	-0.00289110714572553	0.158180097957019	0.153145818085788
-630.845322052828	384	-0.00193137797427443	-0.00238083524346831	0.162461374150169	0.158687888987922
-630.845322052828	409.6	-0.00134177987227256	-0.00192134674680464	0.167813251966692	0.163668858556549
-630.845322052828	435.2	-0.00106366323053291	-0.00150996352865606	0.171560385400168	0.168150876708551
-630.845322052828	460.8	-0.000704052433430227	-0.00114335811025498	0.17492714168723	0.172192662150951
-630.845322052828	486.4	-0.000531017964976527	-0.000817647644399082	0.177940175785649	0.175849678176493
-630.845322052828	512	-0.000672894854944593	-0.000528659065323165	0.180657756066526	0.179175004946129
-630.845322052828	537.6	-0.000334542840081787	-0.000273021728125229	0.184166979088224	0.182217162691893
-630.845322052828	563.2	4.97868719489814e-06	-4.80853739478751e-05	0.186660242350544	0.185017385094986
-630.845322052828	588.8	0.000214921655361055	0.000149130457602053	0.188291171577791	0.187610374968537
-630.845322052828	614.4	0.000448789538617069	0.000322124059402188	0.190673215683681	0.190025676225311
-630.845322052828	640	0.000729539594571657	0.000475432711426636	0.192830036393046	0.192286942615178
-630.845322052828	665.6	0.000684652538641194	0.000613924220896444	0.194401859415971	0.194412744254996
-630.845322052828	691.2	0.000774161718129509	0.000740771340694968	0.196551475834102	0.196419277914795
-630.845322052828	716.8	0.00117654950424276	0.000857707387597859	0.199115052426832	0.198320527358771
-630.845322052828	742.4	0.00117812445312886	0.000966538318308542	0.201210100510956	0.200129161560682
-630.845322052828	768	0.00100787161467098	0.00106886028251173	0.202872077959999	0.201857002875456
-630.845322052828	793.6	0.00106972846400403	0.00116582510184158	0.203947055478176	0.203514186288721
-630.845322052828	819.2	0.00139609693562037	0.00125838353863733	0.205647362799768	0.205109317415347
-630.845322052828	844.8	0.00131960451921807	0.0013471826455106	0.206820303127547	0.206647730427522
-630.845322052828	870.4	0.00143004608353845	0.00143168100373105	0.207981515213807	0.208137666937471
-630.845322052828	896	0.00146581731081287	0.00150988276332082	0.210144784935512	0.209581670258059
-630.845322052828	921.6	0.00125562546099741	0.00158107321824785	0.21182639031551	0.2109989390161
-630.845322052828	947.2	0.0014964160816517	0.00164277192299816	0.213203047772505	0.212387502513791
-630.845322052828	972.8	0.00180930205302642	0.00169874578653214	0.214125757588699	0.21375937116597
-630.845322052828	998.4	0.00182971238467155	0.00174313720448794	0.214955266676518	0.215108855423513
-630.845322052828	1024	0.00212288567742045	0.00178223525141076	0.216164668641323	0.216445744569342
-630.845322052828	1049.6	0.00202307124436905	0.00181029609897748	0.217437781217168	0.217767874459767
-630.845322052828	1075.2	0.00213738610142866	0.00182962138322241	0.218355554882323	0.2190784163388
-630.845322052828	1100.8	0.00202781954511195	0.00183766213406466	0.21971819395401	0.220377652885961
-618.228415611772	-1100.8	0.00351754799116643	0.00341540211692595	-0.219951759565169	-0.219903442294751
-618.228415611772	-1075.2	0.00348883267049662	0.00351257648641223	-0.218019406632825	-0.218654366811432
-618.228415611772	-1049.6	0.00357174609652392	0.00361355611677417	-0.216755216428338	-0.217396961057169
-618.228415611772	-1024	0.00384796129090006	0.00372012516401899	-0.216508625807163	-0.216130744006176
-618.228415611772	-998.4	0.00369934185614599	0.00382548198929368	-0.214971095757153	-0.214850769291655
-618.228415611772	-972.8	0.0037165222164661	0.00393496711528749	-0.213729601005281	-0.213564199733845
-618.228415611772	-947.2	0.00420916409645098	0.00404554814086174	-0.21256538537733	-0.212256000003108
-618.228415611772	-921.6	0.00362116070699017	0.00415569339547916	-0.211279673390231	-0.210936809253229
-618.228415611772	-896	0.00393144411500894	0.0042638326765936	-0.210228710048538	-0.209591751972514
-618.228415611772	-870.4	0.00494508448024581	0.00436865566255264	-0.209068154963525	-0.20822520052682
-618.228415611772	-844.8	0.0040774167471344	0.00446969914732973	-0.206748541017756	-0.206816083221763
-618.228415611772	-819.2	0.00455856842409776	0.00456503561033892	-0.206083565911728	-0.205362144837234
-618.228415611772	-793.6	0.00509662993338997	0.00465227028590785	-0.204465247980903	-0.20386260750714
-618.228415611772	-768	0.00520596894339796	0.00472801268163993	-0.202639702573411	-0.202312292747973
-618.228415611772	-742.4	0.00513274696786035	0.00478835868430802	-0.201274689738481	-0.200704236929908
-618.228415611772	-716.8	0.00482464429254613	0.00482901641138999	-0.199609958771746	-0.199028178454989
-618.228415611772	-691.2	0.00501565286772314	0.00484581999377328	-0.197512531416772	-0.197271560258801
-618.228415611772	-665.6	0.0052301183880933	0.00483462111377272	-0.196374279752042	-0.195419845658635
-618.228415611772	-640	0.0051474816536586	0.00479239652713475	-0.194350868819966	-0.193456306651096
-618.228415611772	-614.4	0.00530666006292419	0.00471894604014839	-0.192351335378928	-0.191360837604227
-618.228415611772	-588.8	0.00473610304491741	0.00461485003349558	-0.190147812849549	-0.189108345078523
-618.228415611772	-563.2	0.00440311538756537	0.00447971577314737	-0.187994172956014	-0.186669784207125
-618.228415611772	-537.6	0.00471684651986336	0.00431280864902705	-0.186132861325765	-0.184013266942784
-618.228415611772	-512	0.00472853855153741	0.00411155554719745	-0.183763350095004	-0.18110075914047
-618.228415611772	-486.4	0.00434413764071765	0.00387132545856565	-0.180548985719828	-0.177887426259064
-618.228415611772	-460.8	0.00378706638232073	0.00358592416615212	-0.177066851517611	-0.174322816398104
-618.228415611772	-435.2	0.00308874491614899	0.003247959574066	-0.173294773399428	-0.170350770273524
-618.228415611772	-409.6	0.00300251211106926	0.00285086907387648	-0.169565157866604	-0.165911647373387
-618.228415611772	-384	0.00288193681869081	0.00238971490622927	-0.165315421844759	-0.160943707502368
-618.228415611772	-358.4	0.00256133903184059	0.00186097909283718	-0.160408785490902	-0.155382700345713
-618.228415611772	-332.8	0.00204815213799876	0.00126253391928452	-0.154875729219772	-0.14916506095415
-618.228415611772	-307.2	0.00107334780382027	0.000593785068686241	-0.148264062101952	-0.142230298619307
-618.228415611772	-281.6	0.000359840567357328	-0.000142544251797986	-0.141187611156629	-0.134521803757558
-618.228415611772	-256	-0.000462595715787966	-0.000937616712287565	-0.132828192686876	-0.125990102646923
-618.228415611772	-230.4	-0.00143857645760657	-0.00177682840700964	-0.123550114717631	-0.116598976720944
-618.228415611772	-204.8	-0.00265484116676944	-0.00264127719880584	-0.113654011712136	-0.106335510491297
-618.228415611772	-179.2	-0.00385884612187757	-0.00350959614879437	-0.102451908609705	-0.095215848685528
-618.228415611772	-153.6	-0.00491090475843887	-0.00435789243265676	-0.0902856099210552	-0.0832833267321177
-618.228415611772	-128	-0.00586548813534898	-0.00516000569399695	-0.0768633147960371	-0.0706049747021228
-618.228415611772	-102.4	-0.00676163965616064	-0.00588952463751894	-0.0624820188636408	-0.0572686665812318
-618.228415611772	-76.8	-0.00793110000789848	-0.00652084412235536	-0.0473102616853191	-0.0433813349055265
-618.228415611772	-51.2	-0.00854636805434267	-0.00703120446705872	-0.0313441138617897	-0.0290672564674396
-618.228415611772	-25.6	-0.0084783320156409	-0.00740321099747177	-0.0147085942690939	-0.0144671857931644
-618.228415611772	0	-0.00854364893161833	-0.00762561300767168	0.00131191673091298	0.000263688557391108
-618.228415611772	25.6	-0.00899361359715736	-0.00769390952576075	0.0157802839085896	0.0149626210383525
-618.228415611772	51.2	-0.00947984948404769	-0.00761087040836363	0.0309549113277522	0.0294681640350529
-618.228415611772	76.8	-0.00894171981436344	-0.00738605900660559	0.0466976854263705	0.0436274678304072
-618.228415611772	102.4	-0.00832854047759051	-0.00703439503144652	0.0622990014854777	0.0573036461922534
-618.228415611772	128	-0.00794548301145671	-0.00657465258631905	0.0768014613353458	0.0703813652311413
-618.228415611772	153.6	-0.00647310432108337	-0.00602781353624104	0.0896145699747522	0.082770083482274
-618.228415611772	179.2	-0.00557321502225715	-0.00541593932765454	0.101877595417107	0.094405333452416
-618.228415611772	204.8	-0.0049477315504514	-0.00476160892711964	0.112323651459193	0.10524509382382
-618.228415611772	230.4	-0.00396426180947968	-0.00408615394713592	0.121884480243632	0.115265615568439
-618.228415611772	256	-0.00306204918956773	-0.00340965397898428	0.130911324792576	0.124458223594066
-618.228415611772	281.6	-0.00218093302209192	-0.0027507136456484	0.139575368009578	0.132829860368734
-618.228415611772	307.2	-0.00167803048559364	-0.00212465284406042	0.146641694776944	0.140407287614787
-618.228415611772	332.8	-0.00130290126390652	-0.00154183091957433	0.152673931149534	0.147236336349251
-618.228415611772	358.4	-0.000928888803362392	-0.00100802155902795	0.158475262333754	0.153375304360096
-618.228415611772	384	-0.000278867159690731	-0.000525781802740572	0.163046382449483	0.15888869710876
-618.228415611772	409.6	0.000492678629872006	-9.43727776644507e-05	0.167907695554388	0.163841758818028
-618.228415611772	435.2	0.000564446566383648	0.000289274550196624	0.17132888272372	0.168297513919736
-618.228415611772	460.8	0.00103992512983316	0.000628884500619945	0.174622126749008	0.172315653901363
-618.228415611772	486.4	0.0012379166797867	0.000928847328580338	0.177948729414621	0.175951839387937
-618.228415611772	512	0.00119269427405761	0.00119358637432578	0.180904867723448	0.17925910224056
-618.228415611772	537.6	0.00150206534695747	0.00142655142218889	0.184046997857621	0.182285283834194
-618.228415611772	563.2	0.00168551147583785	0.00163045520897444	0.186198653688271	0.185070567322025
-618.228415611772	588.8	0.00177723476136828	0.00180807477127638	0.188188353832533	0.187649048391071
-618.228415611772	614.4	0.00201468136050252	0.00196267115174994	0.190964656431079	0.190050304347463
-618.228415611772	640	0.00227652968493876	0.00209887293108337	0.192952792129332	0.192298643046256
-618.228415611772	665.6	0.00232274876243573	0.00222136077780372	0.19490876720638	0.194413558590926
-618.228415611772	691.2	0.00252264935172342	0.00233288105201908	0.196746829225193	0.196411997109289
-618.228415611772	716.8	0.0028347779392547	0.00243497615715808	0.198945043829215	0.198308315888315
-618.228415611772	742.4	0.0027210302563652	0.00252953967867128	0.201378782052001	0.20011528960712
-618.228415611772	768	0.00261653805941102	0.00261822262048995	0.202740380949513	0.201843946707014
-618.228415611772	793.6	0.00264893767317607	0.00270217251820818	0.203818968669839	0.203503035890198
-618.228415611772	819.2	0.00277164164631951	0.00278226158132755	0.205190930984921	0.205100107067949
-618.228415611772	844.8	0.00251660447781416	0.00285889280171369	0.206320418482882	0.206642385863845
-618.228415611772	870.4	0.00288666310649326	0.00293138487676968	0.208114095385821	0.208132547277439
-618.228415611772	896	0.00306944145536233	0.00299734131553599	0.209893206296474	0.209576145734331
-618.228415611772	921.6	0.00296309973434509	0.00305598463150166	0.211996357090171	0.210993084232588
-618.228415611772	947.2	0.00322955571960899	0.00310450073204087	0.213563828781257	0.212379099814575
-618.228415611772	972.8	0.00330756464503043	0.00314945313807429	0.214263170472035	0.213752250258816
-618.228415611772	998.4	0.00349881618615033	0.00318135325108545	0.21517134786877	0.215099672095025
-618.228415611772	1024	0.00361018406001235	0.00321154138671909	0.216452169677755	0.216437583841395
-618.228415611772	1049.6	0.00338142796024796	0.00322729311113721	0.217690838751753	0.2177577335309
-618.228415611772	1075.2	0.00339299413736791	0.00323646631444981	0.218776400286958	0.219067019425324
-618.228415611772	1100.8	0.00324565389916794	0.00323491830876168	0.219557878501695	0.22036447419966
-605.611509170715	-1126.4	0.00568626300109214	0.00473826949297914	-0.221397811546818	-0.22117198951375
-605.611509170715	-1100.8	0.00514377746253283	0.00484288293185131	-0.220220626674266	-0.219929021901405
-605.611509170715	-1075.2	0.00522287475046323	0.00496039271425023	-0.218389831264549	-0.218680032747225
-605.611509170715	-1049.6	0.00558504414242438	0.00507661196755558	-0.217562646965269	-0.217424229936929
-605.611509170715	-1024	0.00551537081543234	0.00519661106672484	-0.216586868243128	-0.216159611457447
-605.611509170715	-998.4	0.00516784674116804	0.00531819952094385	-0.214948097702452	-0.214882683363978
-605.611509170715	-972.8	0.00516731285094126	0.00544220589628065	-0.213525085387456	-0.21359497608061
-605.611509170715	-947.2	0.00557602098239488	0.00556744651050678	-0.212473877325204	-0.21228969420694
-605.611509170715	-921.6	0.00526982512638751	0.00569241925331219	-0.211242050495016	-0.210970132732621
-605.611509170715	-896	0.00548103254274374	0.00581561198109974	-0.210403613989936	-0.209632437738847
-605.611509170715	-870.4	0.00668745299674126	0.00593638742005403	-0.209024844713524	-0.208261815490201
-605.611509170715	-844.8	0.00587445109845247	0.00605332326286011	-0.206824112966482	-0.20685027262573
-605.611509170715	-819.2	0.00627320792832236	0.00616413482248821	-0.206088607264668	-0.205396220546067
-605.611509170715	-793.6	0.00674048950871416	0.00626625545799064	-0.204471458442836	-0.203897217995486
-605.611509170715	-768	0.00678099632537056	0.00635674274648372	-0.20258393527638	-0.202348773401862
-605.611509170715	-742.4	0.00684563097192511	0.00643181711286018	-0.201543559692838	-0.200744208700989
-605.611509170715	-716.8	0.00635389096773432	0.00648730651585302	-0.199767994320737	-0.199073674238816
-605.611509170715	-691.2	0.00639104519087327	0.00651923769834734	-0.197772603046406	-0.197324479333068
-605.611509170715	-665.6	0.00674519903835008	0.00652365715099714	-0.196535938934518	-0.195481927942512
-605.611509170715	-640	0.00663412014106393	0.00649783785734393	-0.194541277942071	-0.193529259307004
-605.611509170715	-614.4	0.00679348097426931	0.00644183082685623	-0.192553702140266	-0.191446167695461
-605.611509170715	-588.8	0.00653166049271504	0.00635652094337536	-0.190412289373952	-0.18920744810231
-605.611509170715	-563.2	0.00610186665776957	0.00624170650834408	-0.188036102466719	-0.186784104039102
-605.611509170715	-537.6	0.00636088916134327	0.00609653986394955	-0.186080896810204	-0.184144434666084
-605.611509170715	-512	0.00628462491457688	0.00591809906586052	-0.183388514702729	-0.181250838908838
-605.611509170715	-486.4	0.00611368497523991	0.00570136392689609	-0.180559506564569	-0.178058869418837
-605.611509170715	-460.8	0.00592085510824689	0.005440025130774	-0.177718237229039	-0.174518564212866
-605.611509170715	-435.2	0.0051044862123513	0.00512684299991397	-0.173761906698285	-0.170574055763487
-605.611509170715	-409.6	0.00482964536856954	0.00475514035557361	-0.169701920956641	-0.166165386193613
-605.611509170715	-384	0.00479564222404819	0.00431975049943924	-0.165541837402446	-0.161230631837329
-605.611509170715	-358.4	0.00434670957924018	0.00381660699246497	-0.160677144260044	-0.15570521584759
-605.611509170715	-332.8	0.00384174350725873	0.00324290887944136	-0.155190368249242	-0.149524719361012
-605.611509170715	-307.2	0.00329136233363271	0.00259765393259487	-0.148797717060616	-0.14262684712137
-605.611509170715	-281.6	0.00261678877655005	0.00188311127259192	-0.14185686635744	-0.134952738017477
-605.611509170715	-256	0.00180484060591237	0.00110748770309232	-0.133693654655958	-0.126449755052236
-605.611509170715	-230.4	0.000748418789110784	0.00028458555224347	-0.124141306354616	-0.11707820820981
-605.611509170715	-204.8	-0.000397523380028029	-0.00056746934507038	-0.11430665487252	-0.106822771549584
-605.611509170715	-179.2	-0.00197523753550431	-0.00142729608799409	-0.103283015624574	-0.0956976010261301
-605.611509170715	-153.6	-0.00293166219181815	-0.00227045930210392	-0.0907377496678725	-0.0837452927592358
-605.611509170715	-128	-0.00392971081916794	-0.00307020258970914	-0.0775425238484629	-0.0710328088293989
-605.611509170715	-102.4	-0.00467314909746841	-0.00379948037420836	-0.0632927379697862	-0.0576484343553516
-605.611509170715	-76.8	-0.0056626383155468	-0.00443213147653218	-0.0479570135087893	-0.0437004580744076
-605.611509170715	-51.2	-0.00654895455485038	-0.00494507753649771	-0.0317477171911048	-0.0293156629347532
-605.611509170715	-25.6	-0.00633574599991187	-0.00532053694271545	-0.0141227126093779	-0.0146380572368181
-605.611509170715	0	-0.00604191929893228	-0.00554694231380849	0.00183479060898485	0.000173888721570393
-605.611509170715	25.6	-0.00701047194113893	-0.00561967658207805	0.0163193995704303	0.0149540933154542
-605.611509170715	51.2	-0.00738093047299276	-0.00554164464310696	0.031513291911905	0.0295377514716892
-605.611509170715	76.8	-0.00669634216088371	-0.00532259245434928	0.0471594705491559	0.0437687048011925
-605.611509170715	102.4	-0.00616300136346338	-0.00497750395518005	0.0625310093879169	0.0575069555727547
-605.611509170715	128	-0.00555936938857644	-0.00452509005072669	0.0766777903549053	0.0706347740056445
-605.611509170715	153.6	-0.00433627838443149	-0.00398644011267316	0.0898110763378402	0.0830604820830651
-605.611509170715	179.2	-0.00335118602491257	-0.00338381561908776	0.102354160123326	0.0947190186400854
-605.611509170715	204.8	-0.00294697007094046	-0.0027401057878497	0.112814379949364	0.105568684614613
-605.611509170715	230.4	-0.00192185515664578	-0.00207775321599697	0.122291075677358	0.11558771774884
-605.611509170715	256	-0.000989575778824696	-0.00141825402173901	0.13121774740469	0.124769737047533
-605.611509170715	281.6	-0.000237367344943836	-0.000780714570365867	0.139476422024851	0.133123522066953
-605.611509170715	307.2	0.000234897948396573	-0.000179784060337106	0.146689569073289	0.140677546587641
-605.611509170715	332.8	0.00048112762551201	0.000375565849985533	0.15300299064387	0.147479963200769
-605.611509170715	358.4	0.00109767271452831	0.00088074609067349	0.158389300018899	0.153591017982849
-605.611509170715	384	0.00149524454012206	0.00133412743553316	0.163400931713569	0.159076404439007
-605.611509170715	409.6	0.00227460797075507	0.00173693948088204	0.167859372908299	0.16400222259365
-605.611509170715	435.2	0.00233476200223969	0.00209249210444603	0.171240079916173	0.16843264808377
-605.611509170715	460.8	0.00286930429477645	0.00240480665401833	0.175081125036472	0.172428209577925
-605.611509170715	486.4	0.00305111247943074	0.00267863574486136	0.178405574710703	0.17604471165528
-605.611509170715	512	0.00313089738527963	0.00291868073000689	0.18128231636881	0.179334904494535
-605.611509170715	537.6	0.00324688830445691	0.00312854208455891	0.183930524339567	0.182345885306417
-605.611509170715	563.2	0.00337143824723103	0.00331102425082121	0.186307461178482	0.185117025969961
-605.611509170715	588.8	0.00327182180208588	0.00346880376234991	0.188400372949035	0.18768191802498
-605.611509170715	614.4	0.00356389582710808	0.00360505032184235	0.191257760274868	0.190070059288828
-605.611509170715	640	0.00392556128318371	0.00372432543670234	0.193093355840654	0.192306138350879
-605.611509170715	665.6	0.00396301930008407	0.00383091067860984	0.195416347836769	0.194410458800723
-605.611509170715	691.2	0.00414754821006985	0.00392711576272325	0.197086125220127	0.196400582819097
-605.611509170715	716.8	0.00439505493526514	0.00401440822259786	0.198730931875706	0.198291546612291
-605.611509170715	742.4	0.00425391564846614	0.00409467392374944	0.201458989668348	0.200096602326937
-605.611509170715	768	0.00422463183279203	0.00416961815609561	0.202626207852779	0.20182606587522
-605.611509170715	793.6	0.00422207493652406	0.00424043964022696	0.203823014056444	0.203487378140395
-605.611509170715	819.2	0.00420237859122733	0.00430779157996082	0.205021030153003	0.205087093751905
-605.611509170715	844.8	0.00405792980551687	0.00437185689346276	0.206296908111565	0.206631706579125
-605.611509170715	870.4	0.0044664749999546	0.00443178821788106	0.207988660549003	0.208125639365038
-605.611509170715	896	0.00470209026146997	0.00448546274668506	0.209031107092126	0.20957307652505
-605.611509170715	921.6	0.00466999012050098	0.0045305321619007	0.211489841386082	0.210983874572212
-605.611509170715	947.2	0.00480498916074122	0.00456791462808531	0.213464555337025	0.212371519377749
-605.611509170715	972.8	0.00492533209441328	0.00459923756152824	0.214408340805429	0.21374026072489
-605.611509170715	998.4	0.00525497401154258	0.0046220138556243	0.21576335927491	0.215088317462443
-605.611509170715	1024	0.00506891828658803	0.00463929728672364	0.216925575981075	0.216423285289235
-605.611509170715	1049.6	0.0046702133959452	0.0046456199142678	0.218075668607805	0.217742075223995
-605.611509170715	1075.2	0.00460077917958875	0.00464478214713691	0.219349113603592	0.219049264546817
-605.611509170715	1100.8	0.00424861257459388	0.00463196193971509	0.219927199345869	0.220344540033877
-605.611509170715	1126.4	0.00453593328075937	0.00460910088191172	0.221848134989608	0.221628618670706
-592.994602729659	-1126.4	0.00669639811392327	0.0061606884374822	-0.221421151250215	-0.221190253691369
-592.994602729659	-1100.8	0.00639274491208604	0.00627854903585583	-0.220249668721119	-0.219946325978892
-592.994602729659	-1075.2	0.00652576829413743	0.00640984091187565	-0.218512200663883	-0.218698391826406
-592.994602729659	-1049.6	0.00700873175336154	0.0065398854992505	-0.217864941518814	-0.217442824800229
-592.994602729659	-1024	0.00692161664113586	0.00667554210803971	-0.216405585125599	-0.21617995946261
-592.994602729659	-998.4	0.0066423257172722	0.00681296516102526	-0.214961902431232	-0.214906570365666
-592.994602729659	-972.8	0.00665246519990794	0.00695164996791719	-0.213367400121603	-0.213616203022508
-592.994602729659	-947.2	0.00710712531429189	0.00709132027056942	-0.212351461464656	-0.212313327584136
-592.994602729659	-921.6	0.0069227301574572	0.00723022124373763	-0.211205523610926	-0.211000199611505
-592.994602729659	-896	0.00701263947436239	0.00736847046366945	-0.210252636488266	-0.209658272032956
-592.994602729659	-870.4	0.00815673371694336	0.00750474745161621	-0.208864757906394	-0.208284808730767
-592.994602729659	-844.8	0.00789238384036441	0.00763755199246244	-0.207108166511333	-0.206872855652887
-592.994602729659	-819.2	0.00794355080037972	0.0077640548936999	-0.205871652444242	-0.205418940013241
-592.994602729659	-793.6	0.00837093274794937	0.00788138047169384	-0.204611714511732	-0.203920700518388
-592.994602729659	-768	0.00793832078787815	0.00798675945787913	-0.20216663848605	-0.202374127909758
-592.994602729659	-742.4	0.00819335352022115	0.00807648427704358	-0.201448887125121	-0.200772787680043
-592.994602729659	-716.8	0.00809751875281195	0.0081465958292504	-0.200254687265778	-0.199107399254084
-592.994602729659	-691.2	0.00787384635128051	0.00819347910363363	-0.197921191603013	-0.197365598118023
-592.994602729659	-665.6	0.0082972068886758	0.00821359270383899	-0.196496529505285	-0.19553258889139
-592.994602729659	-640	0.00822172825997252	0.00820461225708218	-0.194651236562333	-0.193591094247428
-592.994602729659	-614.4	0.00832946569612838	0.00816671748823461	-0.19278505734438	-0.191520255460236
-592.994602729659	-588.8	0.00847216811836826	0.00810088546678444	-0.190818321030801	-0.189294844988362
-592.994602729659	-563.2	0.00802616202635639	0.00800710151968077	-0.188313658763295	-0.186886399162626
-592.994602729659	-537.6	0.00795670369050313	0.00788443638682842	-0.185836748946113	-0.184263326680859
-592.994602729659	-512	0.00785602691284164	0.00772958166521392	-0.183122306800816	-0.181388277170726
-592.994602729659	-486.4	0.0079618003292707	0.00753697891764738	-0.180759038072863	-0.178217310062148
-592.994602729659	-460.8	0.00792029963269371	0.00730018541275571	-0.178147387361861	-0.174700894187089
-592.994602729659	-435.2	0.00726120310407272	0.00701222836224801	-0.17429116075473	-0.1707833620851
-592.994602729659	-409.6	0.006816749187035	0.00666641633770613	-0.170070577683463	-0.166404760425989
-592.994602729659	-384	0.00684623680652049	0.00625717617002988	-0.165844762292066	-0.161502951980095
-592.994602729659	-358.4	0.00632527960752389	0.00577980487430495	-0.160991884305755	-0.156013214383635
-592.994602729659	-332.8	0.0058878355184056	0.00523091214247658	-0.155647722986297	-0.149870122280877
-592.994602729659	-307.2	0.00545571113552706	0.00460905896054089	-0.149322374385702	-0.143009478561541
-592.994602729659	-281.6	0.00468864613798463	0.00391616349192668	-0.14221414157119	-0.135370406441593
-592.994602729659	-256	0.00382253618129943	0.00315998078244443	-0.134293718482599	-0.126897222814185
-592.994602729659	-230.4	0.00289446102852414	0.00235370468061189	-0.125011667982292	-0.117547103378525
-592.994602729659	-204.8	0.00172270279676727	0.00151467113067349	-0.114868114354207	-0.107301768283194
-592.994602729659	-179.2	0.000376999132686769	0.000663890011731656	-0.10334947551882	-0.0961730741011618
-592.994602729659	-153.6	-0.000876419391855018	-0.000173751386023514	-0.0912593921261737	-0.0842025208809943
-592.994602729659	-128	-0.00166480115925122	-0.000970738866299142	-0.0781721230225017	-0.0714568560799801
-592.994602729659	-102.4	-0.00250216152384325	-0.00169926724645794	-0.0636611236866441	-0.0580248620825558
-592.994602729659	-76.8	-0.00357117410430376	-0.00233272248073123	-0.0485621275549054	-0.0440164316814032
-592.994602729659	-51.2	-0.00420002369630988	-0.00284767236765256	-0.0323159868486959	-0.0295610535175721
-592.994602729659	-25.6	-0.00425640270186219	-0.00322594694160738	-0.0142666981607309	-0.0148059913501057
-592.994602729659	0	-0.00446145693645854	-0.00345577051864487	0.00198389330151029	8.70295429559536e-05
-592.994602729659	25.6	-0.00485706659562597	-0.00353258723235587	0.0169524823569614	0.0149485979543984
-592.994602729659	51.2	-0.00507680107648472	-0.00345941063048733	0.0320603690097582	0.0296102502719884
-592.994602729659	76.8	-0.00416178457679029	-0.00324618256963425	0.0475499145021979	0.0439124437775721
-592.994602729659	102.4	-0.0038155943881679	-0.00290802295095052	0.0627959496300914	0.0577120895002044
-592.994602729659	128	-0.00318439068082885	-0.0024636617995984	0.0768616546481383	0.0708889859369467
-592.994602729659	153.6	-0.00229199964049538	-0.00193425113579912	0.0900815241516958	0.0833500130707655
-592.994602729659	179.2	-0.00157448182842045	-0.00134221904684619	0.102485976990698	0.095029424428494
-592.994602729659	204.8	-0.000859715998916466	-0.000710477524329753	0.113254234668904	0.105886279252444
-592.994602729659	230.4	0.000110982961871725	-6.22438414649984e-05	0.122666846072471	0.11590087494469
-592.994602729659	256	0.00108986705483869	0.000579743552925734	0.131708150463045	0.125069701249016
-592.994602729659	281.6	0.00169029808390446	0.00119570022664866	0.139539789064877	0.13340361988382
-592.994602729659	307.2	0.00215142361759707	0.00177136024672421	0.146721782422606	0.140932887375221
-592.994602729659	332.8	0.00246972734547386	0.0022988246999917	0.153091844769759	0.147708167567581
-592.994602729659	358.4	0.00315826781896975	0.0027746536100541	0.158236526686324	0.15379170089
-592.994602729659	384	0.00353191545295043	0.00319839504059334	0.163572700399343	0.159249890079523
-592.994602729659	409.6	0.00405440119329072	0.0035720233272686	0.167811108189811	0.164149534838649
-592.994602729659	435.2	0.00424477157101144	0.00389905177688469	0.171277613327513	0.168555756881546
-592.994602729659	460.8	0.00462962346358995	0.00418377806836875	0.175470662296337	0.172529698717105
-592.994602729659	486.4	0.00467205116998261	0.00443119308917405	0.178571129798055	0.176127408775403
-592.994602729659	512	0.00502568886004481	0.00464615911457256	0.181138868098262	0.179401302801926
-592.994602729659	537.6	0.00503793747245512	0.00483255975082051	0.183978841679644	0.182397663703487
-592.994602729659	563.2	0.00498496309404906	0.00499335286619686	0.186767953708653	0.185155360331505
-592.994602729659	588.8	0.00480767263415121	0.00513118589962257	0.188699509420278	0.187707887313955
-592.994602729659	614.4	0.0053191939882269	0.00524923325322969	0.191124079454466	0.190084637715323
-592.994602729659	640	0.00559328909220849	0.00535177851703363	0.193237207800459	0.192310410317819
-592.994602729659	665.6	0.0055520854068804	0.00544256288082072	0.195580709260039	0.194405702221298
-592.994602729659	691.2	0.00575884726374922	0.00552357241866943	0.197372079136485	0.196388171370401
-592.994602729659	716.8	0.00591807956001411	0.00559620803921398	0.198563708740897	0.198273562486072
-592.994602729659	742.4	0.00575709944124485	0.00566215534097535	0.201431462507631	0.20007587964398
-592.994602729659	768	0.00581265555904247	0.00572323507869741	0.202514389307545	0.201805237244171
-592.994602729659	793.6	0.00579094076059039	0.00578073276459679	0.203977640558918	0.203468124483993
-592.994602729659	819.2	0.00573936391077128	0.00583505545663408	0.205169600505257	0.205070188282098
-592.994602729659	844.8	0.00579116573315471	0.00588613143224561	0.206412947421068	0.20661716004916
-592.994602729659	870.4	0.00600081878515911	0.00593296281706866	0.207662757543659	0.20811322183702
-592.994602729659	896	0.006185860542265	0.00597359098693009	0.208456783292488	0.209563727416345
-592.994602729659	921.6	0.00594760080419371	0.00600644790293143	0.211506695627866	0.210977179847124
-592.994602729659	947.2	0.00609047405363539	0.00603053582171387	0.21299012006773	0.212358106424132
-592.994602729659	972.8	0.00642555326709741	0.00604931195917282	0.214440585022321	0.213724507251514
-592.994602729659	998.4	0.00680733285144558	0.00606281536676644	0.215963377046722	0.215074984236209
-592.994602729659	1024	0.00641484127512391	0.00606724703682404	0.216751373520247	0.216405626528963
-592.994602729659	1049.6	0.00609173839971414	0.00606413736566283	0.218386132997291	0.21772289460048
-592.994602729659	1075.2	0.00607291118747362	0.00605291940122448	0.219909704099131	0.219027361781807
-592.994602729659	1100.8	0.00585802954925575	0.00602982848669312	0.22051097805227	0.22031949239468
-592.994602729659	1126.4	0.00550062575046263	0.00599847893532623	0.221930946024557	0.221597601464498
-580.377696288602	-1126.4	0.00763738183197296	0.00758164389255902	-0.221438425878056	-0.221201428148177
-580.377696288602	-1100.8	0.00757168297509617	0.00771911723079213	-0.220137476638162	-0.219957025231171
-580.377696288602	-1075.2	0.00772161858065386	0.00785996024255194	-0.218705572104714	-0.218707983334616
-580.377696288602	-1049.6	0.00809901667644547	0.00800536135780086	-0.217824499352841	-0.217452425245603
-580.377696288602	-1024	0.00809217231623564	0.00815509197279842	-0.215993923748563	-0.21618859906699
-580.377696288602	-998.4	0.00810990097892255	0.00830849635612641	-0.215618427777431	-0.21491946165326
-580.377696288602	-972.8	0.00806236882266643	0.0084619895307898	-0.213290919885957	-0.213628657560793
-580.377696288602	-947.2	0.00820047240898542	0.00861551064847448	-0.212151280446879	-0.212331742566202
-580.377696288602	-921.6	0.00852318218816402	0.00876899298529288	-0.211177365847221	-0.211012071781724
-580.377696288602	-896	0.00854583087414943	0.00892168335166722	-0.210088003988597	-0.209670358606993
-580.377696288602	-870.4	0.00942393677463007	0.00907328390791447	-0.208731436075675	-0.20829636217959
-580.377696288602	-844.8	0.00950201915369663	0.00922179769223673	-0.206992666125635	-0.206882543586012
-580.377696288602	-819.2	0.00955764222950561	0.00936411405173459	-0.205630234877877	-0.205429301313793
-580.377696288602	-793.6	0.00983684698358112	0.00949691639691444	-0.204590965257955	-0.20393264487774
-580.377696288602	-768	0.00929363592098843	0.00961725479706207	-0.202122228841111	-0.202388595937076
-580.377696288602	-742.4	0.00968525410657295	0.00972148498181097	-0.201498165226631	-0.20079076468075
-580.377696288602	-716.8	0.00992008977840779	0.00980599614567793	-0.20017688929499	-0.199130511312116
-580.377696288602	-691.2	0.0096752019231731	0.00986765174265497	-0.197724917898267	-0.197396021679306
-580.377696288602	-665.6	0.0098655153791034	0.0099035493798729	-0.196442340781149	-0.195572522510632
-580.377696288602	-640	0.0100271768799488	0.00991193852418231	-0.194846919309884	-0.193642087969913
-580.377696288602	-614.4	0.010071938744885	0.00989304130712064	-0.193081781990634	-0.19158326120498
-580.377696288602	-588.8	0.0100538010930432	0.0098476705013536	-0.190704949803511	-0.189370795208262
-580.377696288602	-563.2	0.00975288228482447	0.00977584707268724	-0.188311202476167	-0.186976925140713
-580.377696288602	-537.6	0.00965307318742223	0.00967646542284317	-0.185736187477357	-0.184370198674866
-580.377696288602	-512	0.00950710304861184	0.00954589485013059	-0.183003576872319	-0.18151337597634
-580.377696288602	-486.4	0.00972784592112554	0.00937820521958203	-0.180839137220544	-0.178363220733398
-580.377696288602	-460.8	0.00962675523581119	0.00916687821842638	-0.178063843336984	-0.174870608765691
-580.377696288602	-435.2	0.00929883975490774	0.00890507752475271	-0.174663744384961	-0.170979920868862
-580.377696288602	-409.6	0.00892543078911487	0.00858594945749988	-0.170479997789572	-0.166631361286308
-580.377696288602	-384	0.00891304105696471	0.00820331103312918	-0.166179371973003	-0.161762572788944
-580.377696288602	-358.4	0.00848762446197688	0.00775195287752248	-0.161267358269753	-0.156308682671418
-580.377696288602	-332.8	0.00800171406762194	0.00722795724501573	-0.156060317849758	-0.15020304402904
-580.377696288602	-307.2	0.00752621704259107	0.00662923175262137	-0.149771513412355	-0.14337962303308
-580.377696288602	-281.6	0.00654637888428687	0.00595758809995643	-0.142332204933851	-0.135775759980648
-580.377696288602	-256	0.00555918827332366	0.00522062804656816	-0.134452065935962	-0.127333157616009
-580.377696288602	-230.4	0.00501726767622766	0.00443096430971645	-0.125727953167312	-0.118005936395722
-580.377696288602	-204.8	0.00363390627153125	0.00360530791095449	-0.115159843576424	-0.107772524494372
-580.377696288602	-179.2	0.00250883812821038	0.00276424579390916	-0.1039597082888	-0.0966424680600919
-580.377696288602	-153.6	0.00144611399950956	0.00193287440370305	-0.0919646145259576	-0.0846554483542084
-580.377696288602	-128	0.000548603591180448	0.00113937010645924	-0.0786422847081506	-0.0718774892207857
-580.377696288602	-102.4	-0.000469903086711535	0.000412285887848799	-0.0642628923651434	-0.0583981677718058
-580.377696288602	-76.8	-0.00133070396740854	-0.000221437151969585	-0.0492140652506885	-0.0443292672982159
-580.377696288602	-51.2	-0.00182467922524686	-0.000737925045496199	-0.0331384340261041	-0.0298031519485302
-580.377696288602	-25.6	-0.00224188207224622	-0.00111847883509335	-0.0154308636325056	-0.0149705177825174
-580.377696288602	0	-0.00329511127422635	-0.00135117851244615	0.00193222605007029	3.5340304050123e-06
-580.377696288602	25.6	-0.0030008423483982	-0.00143166157726701	0.0172635426738207	0.0149462820987565
-580.377696288602	51.2	-0.00274981292047142	-0.00136320544245626	0.0324067956899834	0.0296855507378345
-580.377696288602	76.8	-0.00219457777697549	-0.00115599882202242	0.0479933498640058	0.0440583029653264
-580.377696288602	102.4	-0.00160637848370304	-0.00082529586111806	0.0631177709168984	0.0579184182474784
-580.377696288602	128	-0.000932866676522298	-0.000389868740227551	0.0773450724855447	0.0711431600726483
-580.377696288602	153.6	-0.000210697362220619	0.000128935240614804	0.0904684189188736	0.0836377594117289
-580.377696288602	179.2	0.000578125691527854	0.000708717306958687	0.1025778651571	0.0953357265288834
-580.377696288602	204.8	0.00142202624961165	0.00132678503220792	0.113678355256254	0.106197097854502
-580.377696288602	230.4	0.00217878101519321	0.00195949599553421	0.123280438236677	0.116204426712436
-580.377696288602	256	0.00315780947575656	0.00258313362804069	0.132153545079188	0.125357402676121
-580.377696288602	281.6	0.00359846429024487	0.00317721600444517	0.139902301512278	0.133669500330416
-580.377696288602	307.2	0.00407701291232529	0.00372769910428178	0.146819637707409	0.14117309844923
-580.377696288602	332.8	0.00453977549984412	0.00422727325064153	0.153204159907054	0.147920985728027
-580.377696288602	358.4	0.0051459363117482	0.00467347724978213	0.158292765210208	0.153977093073716
-580.377696288602	384	0.00556849693392305	0.00506706195297785	0.163908140893753	0.1594087353668
-580.377696288602	409.6	0.00594934587961619	0.0054109667230727	0.167978133211727	0.164283292041919
-580.377696288602	435.2	0.00615991547079032	0.00570902024193081	0.171323422830912	0.168666367294485
-580.377696288602	460.8	0.00622542769899444	0.00596583505012421	0.175324846296439	0.172619467580286
-580.377696288602	486.4	0.00621895778481438	0.00618658690099953	0.178434603878829	0.176198950684976
-580.377696288602	512	0.00677306418736387	0.00637615655567736	0.18093077172347	0.179457006523687
-580.377696288602	537.6	0.00672195474562407	0.0065387008741909	0.183969828599878	0.182439249466572
-580.377696288602	563.2	0.00651055424033448	0.0066774762944151	0.186667725484973	0.185184335303934
-580.377696288602	588.8	0.00640613489608204	0.00679529291417406	0.188390270622976	0.187725960787415
-580.377696288602	614.4	0.00715378577111994	0.0068953248131613	0.190824917510975	0.190093458552397
-580.377696288602	640	0.00723812655693617	0.00698138511203227	0.193202481396733	0.192311448864923
-580.377696288602	665.6	0.00704171280683855	0.00705656963559756	0.195541103159212	0.194399938436076
-580.377696288602	691.2	0.00736728229179747	0.00712259313044424	0.197636021105088	0.196376031991842
-580.377696288602	716.8	0.00741629087856973	0.00718068660237621	0.198694168430494	0.198255952661815
-580.377696288602	742.4	0.00729000070314671	0.00723224845813889	0.201242830926266	0.200054658529199
-580.377696288602	768	0.0073991977501741	0.0072791945121254	0.202444041834819	0.201782574650479
-580.377696288602	793.6	0.00736749445715547	0.0073229530523605	0.203836180244486	0.203445521891633
-580.377696288602	819.2	0.00722330713091152	0.00736385456719319	0.205527207740854	0.20504852428978
-580.377696288602	844.8	0.00731340261669353	0.00740157387875478	0.20708554486037	0.206596924633648
-580.377696288602	870.4	0.00751739078762221	0.00743505392211304	0.208332442713416	0.208096177879236
-580.377696288602	896	0.00758571636188883	0.00746253696190485	0.209273523930874	0.209547505774167
-580.377696288602	921.6	0.00717488879599911	0.00748251360297637	0.211587056426555	0.210960289818491
-580.377696288602	947.2	0.00732732013583106	0.00749559795433555	0.212541546288023	0.212346466468863
-580.377696288602	972.8	0.00767860028546608	0.00750133140375954	0.214173623380517	0.213706953179152
-580.377696288602	998.4	0.00779660889666436	0.00750272782980455	0.215030488936185	0.215056225251875
-580.377696288602	1024	0.00759458585836454	0.00749544295444498	0.215631574129162	0.216384419169065
-580.377696288602	1049.6	0.00763111480459578	0.0074822122652505	0.218615474954596	0.21770063931856
-580.377696288602	1075.2	0.00772387153040924	0.00746030126313689	0.220268441449125	0.219002484805712
-580.377696288602	1100.8	0.00767856989924407	0.00742911590225421	0.220734216704343	0.220290488839341
-580.377696288602	1126.4	0.00741173573244172	0.00738626870519145	0.22117490093129	0.22156660301145
-567.760789847546	-1126.4	0.00918487178254966	0.00900118490355498	-0.221306586514014	-0.221203444696718
-567.760789847546	-1100.8	0.00907636009707015	0.00915514880350258	-0.220064937186781	-0.219958663376105
-567.760789847546	-1075.2	0.00907874192911139	0.009309172119701	-0.218813542544668	-0.218707428028427
-567.760789847546	-1049.6	0.00940887066331082	0.00947324431072539	-0.217856635947947	-0.217454336439895
-567.760789847546	-1024	0.00934925436497973	0.00963580140719352	-0.215879146123682	-0.216187442021914
-567.760789847546	-998.4	0.00955592221321667	0.00980399102021501	-0.216039370349859	-0.214918729318753
-567.760789847546	-972.8	0.0094424994250426	0.0099722775048534	-0.214015235111196	-0.213630379295595
-567.760789847546	-947.2	0.00948405323904555	0.0101403695952376	-0.212036597627382	-0.212331380319616
-567.760789847546	-921.6	0.0100661506383593	0.0103082783732803	-0.211158072533316	-0.211009537354124
-567.760789847546	-896	0.0101844114546933	0.0104753078816841	-0.210001248025764	-0.209669296802986
-567.760789847546	-870.4	0.0106296253868216	0.0106422594909828	-0.208570708460359	-0.208293492908198
-567.760789847546	-844.8	0.0111172907482259	0.0108064344298157	-0.206856783063862	-0.206879778359815
-567.760789847546	-819.2	0.0111629788897912	0.0109644444043767	-0.205401137744732	-0.205427711044808
-567.760789847546	-793.6	0.0112912589396251	0.0111127600242901	-0.204205396321726	-0.203933554998754
-567.760789847546	-768	0.0111512004885104	0.0112479946531011	-0.202518350282704	-0.20239294479513
-567.760789847546	-742.4	0.0117112656291908	0.0113665740325555	-0.202097034153976	-0.200799293192694
-567.760789847546	-716.8	0.011579402509157	0.0114653109676508	-0.199845671898449	-0.199144451915206
-567.760789847546	-691.2	0.011512039704095	0.0115416106524549	-0.197507623832584	-0.197417094437944
-567.760789847546	-665.6	0.0116876844015404	0.0115934334430608	-0.196142577316209	-0.195602729055696
-567.760789847546	-640	0.011904394138601	0.011619710420147	-0.194991068937709	-0.193682938336297
-567.760789847546	-614.4	0.0118036366672873	0.0116206550271146	-0.193150681361124	-0.191635713230338
-567.760789847546	-588.8	0.0115810699709963	0.0115967527268863	-0.190605066369802	-0.189435761474543
-567.760789847546	-563.2	0.0115323430227686	0.0115477520464269	-0.18825169831615	-0.187055836745486
-567.760789847546	-537.6	0.0115362643070231	0.0114721655717947	-0.185901758929459	-0.18446479074535
-567.760789847546	-512	0.011454635746229	0.0113662841814501	-0.18339264996151	-0.181625724314284
-567.760789847546	-486.4	0.0115201432488622	0.0112242922746289	-0.180979880584064	-0.178496200987551
-567.760789847546	-460.8	0.0113276189332866	0.0110396194959811	-0.177976723955497	-0.175027443693125
-567.760789847546	-435.2	0.0110719716484887	0.0108051915821345	-0.174577680481331	-0.171163872174475
-567.760789847546	-409.6	0.0110060456797846	0.0105137917753715	-0.170816016352665	-0.166845780864258
-567.760789847546	-384	0.0109275755354167	0.0101584699291291	-0.16643294109672	-0.162010437144388
-567.760789847546	-358.4	0.010651621362162	0.00973360725416534	-0.1615042168521	-0.156592600302874
-567.760789847546	-332.8	0.0101279552374369	0.00923469942126394	-0.15627689575147	-0.150524348538353
-567.760789847546	-307.2	0.00952743794225189	0.00865896874191224	-0.150075850994511	-0.143738175971277
-567.760789847546	-281.6	0.00863152363256573	0.00800824554411257	-0.142714225425526	-0.136169726831895
-567.760789847546	-256	0.00800608230518036	0.00729024295951443	-0.134949318963509	-0.127758423936187
-567.760789847546	-230.4	0.00704897622210523	0.00651715601704652	-0.126248796813395	-0.118455255646717
-567.760789847546	-204.8	0.00581106128763355	0.00570518361092797	-0.115641592086002	-0.108235470515087
-567.760789847546	-179.2	0.00474643127030142	0.00487456928171713	-0.104488757754022	-0.0971059735591681
-567.760789847546	-153.6	0.00381774427635632	0.00405043725330684	-0.0923985291122856	-0.0851040790252685
-567.760789847546	-128	0.00279601505419142	0.00326128432131944	-0.0789933017096465	-0.0722948157220756
-567.760789847546	-102.4	0.00153970649125211	0.00253619091994494	-0.0647937356813603	-0.0587686053599651
-567.760789847546	-76.8	0.000757273655139658	0.00190247000801621	-0.0496685591370233	-0.0446392959611088
-567.760789847546	-51.2	0.000244693567220943	0.00138459288469249	-0.0334198852903434	-0.0300424006309119
-567.760789847546	-25.6	0.000155738470173324	0.00100198392825381	-0.0149564262894233	-0.0151321845401582
-567.760789847546	0	-0.000793103606268632	0.000766717273243628	0.00212827736101875	-7.72069448823751e-05
-567.760789847546	25.6	-0.00138081002980133	0.00068285803751326	0.0169069411444446	0.01494631557837
-567.760789847546	51.2	-0.00119528309798758	0.000746683292673812	0.032620062823847	0.0297625346166246
-567.760789847546	76.8	-0.000160581324552798	0.000947707669533517	0.0482719474403442	0.0442049266523196
-567.760789847546	102.4	0.000557263630202592	0.0012704651549242	0.0634862806010811	0.0581244489721282
-567.760789847546	128	0.00115659676671765	0.00169601031130576	0.0779648258456999	0.0713957962125076
-567.760789847546	153.6	0.00168954629109677	0.00220286509522517	0.0911148771645504	0.0839222840769438
-567.760789847546	179.2	0.00251646038424603	0.00276881855782667	0.102897897508727	0.0956368816943639
-567.760789847546	204.8	0.00340050701583771	0.00337159666751533	0.113727276121177	0.106500569445303
-567.760789847546	230.4	0.00420128769377035	0.00398736644538055	0.1235325205842	0.116498305001886
-567.760789847546	256	0.00490724779319309	0.0045916087439982	0.132460803150105	0.125633229837875
-567.760789847546	281.6	0.00550673369605339	0.00516329455326245	0.140264833565462	0.133921960765606
-567.760789847546	307.2	0.00607711585318851	0.00568852495510531	0.146929142603075	0.141399252164497
-567.760789847546	332.8	0.00659968847378857	0.00616030545472368	0.15331108370539	0.148119586133499
-567.760789847546	358.4	0.00701396409427007	0.00657687030987874	0.158475710961941	0.154148338403572
-567.760789847546	384	0.00754578993492393	0.00694010489558326	0.16418781534099	0.159553766771445
-567.760789847546	409.6	0.00762486551764572	0.00725395048678958	0.168102627563066	0.164403793776819
-567.760789847546	435.2	0.00799138187219961	0.00752268633404724	0.171415307541733	0.168764412309174
-567.760789847546	460.8	0.00783939868921294	0.00775129453670301	0.175165973843859	0.172697287945528
-567.760789847546	486.4	0.00790601729155428	0.00794508705407385	0.178359863350442	0.176258958215387
-567.760789847546	512	0.00836034947702326	0.00810896236511011	0.181092949611578	0.179501381227656
-567.760789847546	537.6	0.00822093846131051	0.0082472988022898	0.183861240197289	0.182469851549689
-567.760789847546	563.2	0.00800950420580188	0.00836371881222158	0.186141935252451	0.185203241636768
-567.760789847546	588.8	0.00819451557730738	0.00846143105668422	0.188306863534208	0.187735509545886
-567.760789847546	614.4	0.00881650283719769	0.00854358671504322	0.190758385484552	0.190095942681959
-567.760789847546	640	0.00866886165675231	0.00861334136232117	0.1932535487085	0.192308596088941
-567.760789847546	665.6	0.00853852846199427	0.00867305242279562	0.19550061500925	0.194392363724738
-567.760789847546	691.2	0.00888389254887095	0.00872414480508461	0.197493279816527	0.196363388736186
-567.760789847546	716.8	0.00892172712502795	0.00876764661473207	0.198833813960054	0.198238241166785
-567.760789847546	742.4	0.00877994451254093	0.00880469962044573	0.200923858612707	0.200032867889184
-567.760789847546	768	0.00891230844747079	0.00883723206611348	0.20196934112944	0.20175804331606
-567.760789847546	793.6	0.00887867060636712	0.00886682178179734	0.20374182077586	0.203419113535375
-567.760789847546	819.2	0.00868721446981737	0.00889388445554687	0.205965629365128	0.205020961211216
-567.760789847546	844.8	0.00883012436804357	0.00891796261911168	0.207762410281101	0.20656925268318
-567.760789847546	870.4	0.00903568832884246	0.00893807656571767	0.208962174912821	0.208069336310045
-567.760789847546	896	0.00887959447104088	0.00895273937285292	0.210140321902055	0.209523099553101
-567.760789847546	921.6	0.00845508573708851	0.00896010876606318	0.211473880544598	0.210934622887735
-567.760789847546	947.2	0.00887520116566575	0.00896117915639034	0.212534943630662	0.212323516695388
-567.760789847546	972.8	0.00893322076351589	0.00895514145184957	0.213912395660044	0.213684906754609
-567.760789847546	998.4	0.00908333278035092	0.00894474969915958	0.214693090563215	0.215034581917588
-567.760789847546	1024	0.0090872772128992	0.00892505826163449	0.215325809918669	0.216359726479541
-567.760789847546	1049.6	0.00916302383266678	0.0089020388004439	0.21844291701934	0.217676264614295
-567.760789847546	1075.2	0.00921457931423846	0.00886714446494348	0.22013279784752	0.218974254260223
-567.760789847546	1100.8	0.00899129326528011	0.00882659193593354	0.220504990095145	0.220259783653356
-567.760789847546	1126.4	0.00875079160435245	0.00877453001830312	0.221294241228414	0.221532458128356
-555.143883406489	-1152	0.0108822000832605	0.0102649013657465	-0.222707865717323	-0.222438019896747
-555.143883406489	-1126.4	0.0109594209575705	0.0104204628130834	-0.221093752781343	-0.221194959228087
-555.143883406489	-1100.8	0.0107726765212601	0.0105922834942175	-0.220016850844793	-0.219951341201026
-555.143883406489	-1075.2	0.0106188128162566	0.0107633364356329	-0.21885218420659	-0.218700698677935
-555.143883406489	-1049.6	0.0109770807541853	0.0109393141042933	-0.217982827631397	-0.21744448881428
-555.143883406489	-1024	0.0110663600214853	0.0111175846030226	-0.216373876398891	-0.216178924306314
-555.143883406489	-998.4	0.0111140038653345	0.0112992499752162	-0.216128442808637	-0.214905848426715
-555.143883406489	-972.8	0.0110567478846512	0.0114821448278339	-0.213814872256353	-0.21361999737279
-555.143883406489	-947.2	0.0112403617941914	0.0116652474166398	-0.212552202408071	-0.212317501122418
-555.143883406489	-921.6	0.0117103235730451	0.01184714220036	-0.211150886622152	-0.211000842650011
-555.143883406489	-896	0.011920386413643	0.0120296947339824	-0.209987281492726	-0.209657013267205
-555.143883406489	-870.4	0.0122071809094385	0.0122123828291835	-0.208506141043464	-0.20827941478023
-555.143883406489	-844.8	0.0126401299988624	0.0123921034138396	-0.206977177268595	-0.206866213140168
-555.143883406489	-819.2	0.0127482081803233	0.0125654568288784	-0.2054786142212	-0.205415616031099
-555.143883406489	-793.6	0.0128771639259802	0.0127289887511943	-0.203947466209561	-0.203924450035882
-555.143883406489	-768	0.0130995462438643	0.0128789593527592	-0.203082725861396	-0.202387969377588
-555.143883406489	-742.4	0.0134778223678684	0.0130118249403176	-0.202093261021018	-0.2007992982886
-555.143883406489	-716.8	0.0132078893861265	0.0131247515344009	-0.199477322788987	-0.199150205268034
-555.143883406489	-691.2	0.0134587199993444	0.0132156859085287	-0.197766020833085	-0.197429586525343
-555.143883406489	-665.6	0.013489357254762	0.0132835826735944	-0.195843345857477	-0.195623531564332
-555.143883406489	-640	0.0137733180525092	0.0133280776040778	-0.194965828524474	-0.193713521514517
-555.143883406489	-614.4	0.0135304132730729	0.0133493496164909	-0.192861317403729	-0.191677177450993
-555.143883406489	-588.8	0.0132585165761591	0.013347595693433	-0.190377942646073	-0.189489136155407
-555.143883406489	-563.2	0.0134617731614776	0.0133220184273189	-0.188592035384505	-0.187122256750642
-555.143883406489	-537.6	0.0134030012859913	0.0132705410727086	-0.186132940518955	-0.184545949558651
-555.143883406489	-512	0.0134094523633162	0.0131896798957666	-0.183762429423846	-0.181724109499934
-555.143883406489	-486.4	0.0131638407889827	0.0130741341464362	-0.180903085713976	-0.178615046434221
-555.143883406489	-460.8	0.0129530076298751	0.0129172062708051	-0.177892647299471	-0.175170214083387
-555.143883406489	-435.2	0.0128936006375588	0.0127113159364332	-0.174432089678531	-0.171334156901265
-555.143883406489	-409.6	0.0128190106083574	0.0124487635461764	-0.170683085125989	-0.167047165649874
-555.143883406489	-384	0.0128586108075549	0.0121217639113272	-0.166550510494216	-0.162245950521103
-555.143883406489	-358.4	0.012595351213838	0.0117241683790129	-0.161643784396472	-0.156864508757725
-555.143883406489	-332.8	0.0120024373478484	0.0112507924899071	-0.156352485055592	-0.150833848773349
-555.143883406489	-307.2	0.0113879506641919	0.0106982934795328	-0.150332236402885	-0.144085280124413
-555.143883406489	-281.6	0.0110130929879949	0.0100685841893799	-0.143385776165502	-0.136552829606185
-555.143883406489	-256	0.0099569914336614	0.00936953442136437	-0.135289333331794	-0.128173708957048
-555.143883406489	-230.4	0.00886459629086833	0.00861325321258471	-0.126305679918458	-0.118895916360555
-555.143883406489	-204.8	0.0080778862250102	0.00781552228603086	-0.116184498252523	-0.108691403103534
-555.143883406489	-179.2	0.00710681176296034	0.00699624419719773	-0.105221298232525	-0.0975639218929955
-555.143883406489	-153.6	0.00594569596802584	0.00618022536830706	-0.0930508007431697	-0.0855482842958259
-555.143883406489	-128	0.00475959957254337	0.0053959571786291	-0.0796484472116151	-0.0727085982186337
-555.143883406489	-102.4	0.00368228839391882	0.004672951447671	-0.0652966204200581	-0.0591361013093823
-555.143883406489	-76.8	0.00274374759896959	0.00403915834497794	-0.049941538346294	-0.0449468173886842
-555.143883406489	-51.2	0.00249886272509839	0.00351978526160955	-0.0336069561787733	-0.0302795292636253
-555.143883406489	-25.6	0.00210976337322233	0.00313499393003212	-0.0145519421642995	-0.0152920909383919
-555.143883406489	0	0.00114158454961492	0.0028970786302041	0.00247332959516625	-0.000156497454316331
-555.143883406489	25.6	0.000636371948259432	0.00280979145167943	0.0173135378724487	0.0149473019489383
-555.143883406489	51.2	0.000845085757164678	0.00286888980843091	0.0324776873498244	0.0298398113957821
-555.143883406489	76.8	0.00177404342527095	0.00306349783448714	0.0484760548798108	0.0443510538428716
-555.143883406489	102.4	0.00261616413876882	0.00337787606735277	0.0637655732116722	0.0583290462882807
-555.143883406489	128	0.00339242635936906	0.00379278294109642	0.078410825278333	0.0716458422949705
-555.143883406489	153.6	0.00385210678863234	0.00428674795501142	0.0916060435354374	0.084202752666488
-555.143883406489	179.2	0.00452847039354335	0.00483778726445601	0.103320056708052	0.0959323797666333
-555.143883406489	204.8	0.00544672894813205	0.00542406757656192	0.114089346186587	0.10679668862956
-555.143883406489	230.4	0.00637610443092452	0.00602166592635497	0.123858036916436	0.116783174573097
-555.143883406489	256	0.00694891235976231	0.00660536995220739	0.132975821071741	0.125898503899922
-555.143883406489	281.6	0.00725746823773373	0.0071538843034474	0.140855929184558	0.134162711223616
-555.143883406489	307.2	0.00807447833421088	0.00765342910468656	0.147038497459579	0.141613013469636
-555.143883406489	332.8	0.00862924703798871	0.00809727922413122	0.153451941736071	0.148305549337076
-555.143883406489	358.4	0.00887855333783719	0.00848426672339821	0.158658319959532	0.154306945797009
-555.143883406489	384	0.00920968861914947	0.00881720537863434	0.163986308628137	0.159686160635859
-555.143883406489	409.6	0.0093017558044188	0.00910088757048685	0.168215327635379	0.164511790391389
-555.143883406489	435.2	0.00986532589585669	0.00934016858862878	0.171659670991039	0.168850248231339
-555.143883406489	460.8	0.00945617159088269	0.00954032594850553	0.174959287976543	0.17276335454934
-555.143883406489	486.4	0.00967990683619909	0.00970678250908979	0.178192044178167	0.176307686102354
-555.143883406489	512	0.00993571906075372	0.00984460686876339	0.181187596289592	0.179534825932213
-555.143883406489	537.6	0.00997713003894023	0.00995841597618731	0.183803816713969	0.18248991694518
-555.143883406489	563.2	0.00981655720087752	0.0100522809463169	0.18646932015112	0.185212417267712
-555.143883406489	588.8	0.0100020127290246	0.0101298394716335	0.188613498477615	0.187736681118511
-555.143883406489	614.4	0.0102986524828817	0.010194170646467	0.190971382243408	0.190091793147033
-555.143883406489	640	0.0101028599236976	0.0102475945317479	0.193275800727249	0.192300739387416
-555.143883406489	665.6	0.0101210584353375	0.0102917088662654	0.195408165644559	0.194380919985004
-555.143883406489	691.2	0.0103608099235786	0.0103276606140517	0.197185296200662	0.196347778230601
-555.143883406489	716.8	0.0103981095765291	0.0103563591089213	0.198870898449654	0.198218207510349
-555.143883406489	742.4	0.01022859751391	0.0103787166308324	0.200529379039021	0.200008665892906
-555.143883406489	768	0.0103759120703919	0.0103966411346137	0.201521079384546	0.20173009716845
-555.143883406489	793.6	0.0105496617812886	0.010411798653472	0.203737792837725	0.203387697168327
-555.143883406489	819.2	0.0103594593704518	0.0104247216547568	0.205890410600414	0.204986666478355
-555.143883406489	844.8	0.0104901433936424	0.0104350481366754	0.207475485196854	0.206533513559799
-555.143883406489	870.4	0.0104843052556997	0.0104420025287824	0.208397610717971	0.208033891975352
-555.143883406489	896	0.0102422325501614	0.0104442235589364	0.209217184559781	0.20949094592693
-555.143883406489	921.6	0.01027803099883	0.0104398953765835	0.21103559764608	0.210907450933979
-555.143883406489	947.2	0.0105029343649009	0.010428432730359	0.212546738657643	0.212291848127719
-555.143883406489	972.8	0.0104372971638523	0.0104106683914556	0.214092693034899	0.213656360833377
-555.143883406489	998.4	0.010748837141629	0.0103874348087951	0.21515630368262	0.215004179704058
-555.143883406489	1024	0.0107182771686105	0.0103572857149967	0.21578405654695	0.216332130609023
-555.143883406489	1049.6	0.0106182728242626	0.0103213075189177	0.217780630887665	0.217645477246369
-555.143883406489	1075.2	0.010470796598778	0.0102768450017083	0.219387323790322	0.218942403730402
-555.143883406489	1100.8	0.0100660344228829	0.0102244528158218	0.220071041512498	0.220225695994515
-555.143883406489	1126.4	0.00983026201144667	0.0101624852023606	0.221879404536065	0.22149735403781
-555.143883406489	1152	0.0100615557886743	0.0100921079891117	0.222544721999741	0.222756599352615
-542.526976965432	-1152	0.0122529161867491	0.0116772242254371	-0.222678634417896	-0.222419461973679
-542.526976965432	-1126.4	0.0122839717337723	0.0118476808860315	-0.221288992595044	-0.221178327795933
-542.526976965432	-1100.8	0.0122791017270349	0.0120315361937112	-0.220033654040601	-0.21993555239139
-542.526976965432	-1075.2	0.0122168123586889	0.0122153459015959	-0.21879136566881	-0.218683958391703
-542.526976965432	-1049.6	0.0124058149379348	0.0124058085079241	-0.217950122894292	-0.217426778558426
-542.526976965432	-1024	0.0127822262880955	0.0125989722350211	-0.216862439620899	-0.216161506308042
-542.526976965432	-998.4	0.0127238270585631	0.0127941317305423	-0.215509635225149	-0.214883163588897
-542.526976965432	-972.8	0.0126986339844779	0.0129915351152666	-0.213297434346769	-0.21359563653418
-542.526976965432	-947.2	0.0130512655930284	0.0131887370192216	-0.213020610457431	-0.212299307668441
-542.526976965432	-921.6	0.0133944052566859	0.0133863642076686	-0.210809905150093	-0.210979297234166
-542.526976965432	-896	0.0136434291381258	0.0135849478011027	-0.209922938284837	-0.209633398084127
-542.526976965432	-870.4	0.0138356290833495	0.013783599299418	-0.208409185841902	-0.2082558140507
-542.526976965432	-844.8	0.0141091801935998	0.0139788604060829	-0.207062255460381	-0.206843585914335
-542.526976965432	-819.2	0.0143551881564784	0.0141672562384252	-0.205547019213363	-0.205394744180764
-542.526976965432	-793.6	0.0146241218232338	0.0143455402208448	-0.203843540027758	-0.203906598442852
-542.526976965432	-768	0.0148773368232881	0.0145099349969306	-0.203332385745456	-0.202374438639658
-542.526976965432	-742.4	0.0150469906749094	0.0146570717555909	-0.201770034984426	-0.200791308363392
-542.526976965432	-716.8	0.0148296244196699	0.014784383767988	-0.199112024250279	-0.199148253561298
-542.526976965432	-691.2	0.0154701085989372	0.0148902467406116	-0.198348640771981	-0.197433943185988
-542.526976965432	-665.6	0.0150452543910793	0.0149744304751031	-0.195730021125229	-0.195635039095185
-542.526976965432	-640	0.0153342462602868	0.015037201149788	-0.194816259559258	-0.193733322924489
-542.526976965432	-614.4	0.0153374340604713	0.0150788095529877	-0.192631665707655	-0.191706549871731
-542.526976965432	-588.8	0.0151606591198789	0.0150993039172114	-0.19057332196301	-0.189529352799019
-542.526976965432	-563.2	0.0154438539377311	0.0150974446244933	-0.189059528393908	-0.187174569631027
-542.526976965432	-537.6	0.0152473342854183	0.0150705622021456	-0.186369520217346	-0.184612216894263
-542.526976965432	-512	0.0151815521695175	0.015015317759933	-0.183798254227511	-0.181807139189413
-542.526976965432	-486.4	0.0148876169467612	0.0149269119909968	-0.180854642516108	-0.178718294271815
-542.526976965432	-460.8	0.0146535350216154	0.0147985499193633	-0.177861451799164	-0.175297329471552
-542.526976965432	-435.2	0.0146370329067772	0.0146221012113602	-0.174430605843699	-0.171489028882327
-542.526976965432	-409.6	0.0146218774203844	0.0143892769694405	-0.170615405394272	-0.167233636151829
-542.526976965432	-384	0.014679378039408	0.0140915778529661	-0.16654212271183	-0.16246724763698
-542.526976965432	-358.4	0.0144523015537846	0.0137220837182262	-0.161772809666055	-0.157122839101122
-542.526976965432	-332.8	0.0138713958724995	0.0132749113430846	-0.156510781980405	-0.151130506253675
-542.526976965432	-307.2	0.0134100892960333	0.0127462708054808	-0.150529351063105	-0.144420396163918
-542.526976965432	-281.6	0.0131632377946383	0.012138140086843	-0.143493771827329	-0.136924895422923
-542.526976965432	-256	0.0118487050549078	0.0114585684192315	-0.135469929451314	-0.128579179800154
-542.526976965432	-230.4	0.0111417191832152	0.0107197705043234	-0.126778760008389	-0.119328295936962
-542.526976965432	-204.8	0.01044278973939	0.00993721485193929	-0.116746597482556	-0.109140590671791
-542.526976965432	-179.2	0.00926029283544946	0.00913023740126701	-0.1063046711614	-0.0980162463783254
-542.526976965432	-153.6	0.00780942577594461	0.00832300803449682	-0.0936499398550535	-0.0859877526983649
-542.526976965432	-128	0.00692935720620187	0.00754380748735181	-0.0801019966972098	-0.073118503753992
-542.526976965432	-102.4	0.00586116583425009	0.0068226883853287	-0.0657923276741106	-0.0595005504525695
-542.526976965432	-76.8	0.00483157350524277	0.00618853937334761	-0.0503460070837365	-0.0452521039382204
-542.526976965432	-51.2	0.0049682189298651	0.00566733216066576	-0.034486988029657	-0.0305151638987724
-542.526976965432	-25.6	0.00424314198958211	0.00527989929395676	-0.015499584246848	-0.0154510817356908
-542.526976965432	0	0.00299915025727871	0.00503886082766977	0.00199623120930973	-0.000235392830689419
-542.526976965432	25.6	0.00291274049198666	0.00494771550790129	0.0177388749379405	0.0149482300328368
-542.526976965432	51.2	0.00288056399996988	0.00500171446838307	0.0329080404347029	0.0299166605404821
-542.526976965432	76.8	0.00360819573313983	0.00518957980720067	0.0493475754052748	0.0444963061314154
-542.526976965432	102.4	0.00444446472251633	0.005495274832405	0.0645855979060116	0.0585319467314758
-542.526976965432	128	0.00563177299762099	0.00589916519434981	0.07880406748077	0.071893057386511
-542.526976965432	153.6	0.00633228276969853	0.00637979763112636	0.0920874845804711	0.0844791525919642
-542.526976965432	179.2	0.00708004458182089	0.00691541759000177	0.103850155088059	0.096222528802144
-542.526976965432	204.8	0.00750568917409616	0.00748442548386719	0.11461016447096	0.107086228148431
-542.526976965432	230.4	0.00829443224133411	0.00806274984733784	0.124498188588621	0.117060309210705
-542.526976965432	256	0.00907408416259101	0.00862470089390721	0.133240620256497	0.126154857848169
-542.526976965432	281.6	0.0092734493082072	0.00914896410272283	0.1410423451423	0.13439344989692
-542.526976965432	307.2	0.00990457173104309	0.00962210306221939	0.14754942058572	0.141815912016833
-542.526976965432	332.8	0.0106579881114247	0.0100376766312832	0.153592743030209	0.148480179490475
-542.526976965432	358.4	0.0107947769974315	0.0103950812813893	0.158849453585826	0.154453836091424
-542.526976965432	384	0.0108700872490953	0.0106978468132608	0.16378522578991	0.159806520205241
-542.526976965432	409.6	0.0112055364733701	0.0109514128870073	0.168239776852795	0.16460774959349
-542.526976965432	435.2	0.0117410832519313	0.0111612243694812	0.171904270900003	0.168924255673989
-542.526976965432	460.8	0.0112786332501714	0.0113327499348028	0.175109407265067	0.172817983672748
-542.526976965432	486.4	0.0116757314446653	0.0114714941234611	0.179053236741561	0.176345651145871
-542.526976965432	512	0.0119225267473	0.0115828690677164	0.181195697434825	0.179558291030867
-542.526976965432	537.6	0.0119054679674863	0.0116718371809246	0.183798047968121	0.182500809381971
-542.526976965432	563.2	0.0116759642484425	0.0117430110925596	0.18693495432123	0.185213287084307
-542.526976965432	588.8	0.0119224924384325	0.0118003695368927	0.188865538934157	0.187730481205898
-542.526976965432	614.4	0.011882021755092	0.0118467586683506	0.19113924156714	0.190080943684544
-542.526976965432	640	0.0117435574809713	0.0118836162580547	0.193299606294771	0.192286388107678
-542.526976965432	665.6	0.0117739221146196	0.0119118526250875	0.195337033081963	0.194363086766161
-542.526976965432	691.2	0.0118509178852044	0.0119324327204948	0.196955030808913	0.196326321002313
-542.526976965432	716.8	0.0118458765277637	0.0119461063728199	0.198827599253169	0.198193091164349
-542.526976965432	742.4	0.0116917460781293	0.011953577964096	0.200244276306712	0.199979589932083
-542.526976965432	768	0.0119776749766965	0.0119567616056944	0.201508401303544	0.201696760735228
-542.526976965432	793.6	0.0124001547998115	0.0119573584191767	0.203836974367869	0.20335026124635
-542.526976965432	819.2	0.0122247293595232	0.0119560467277778	0.205405594822605	0.204945943284907
-542.526976965432	844.8	0.0120984191750442	0.0119527030900356	0.206659826863693	0.206490934105895
-542.526976965432	870.4	0.0118412667183628	0.0119467629227406	0.207715769117784	0.207991262681931
-542.526976965432	896	0.0115707334737423	0.0119367550790091	0.208512258506122	0.209450289105975
-542.526976965432	921.6	0.0120731583607457	0.0119207807401328	0.210573598983194	0.210871022544968
-542.526976965432	947.2	0.0119557972563634	0.0118980071928186	0.212586971289263	0.21226012598624
-542.526976965432	972.8	0.0118002714262385	0.0118673774495797	0.214488667642386	0.213620033298547
-542.526976965432	998.4	0.0123052739601299	0.0118313762822838	0.215542466249547	0.214966622588369
-542.526976965432	1024	0.0122177322351816	0.0117905679162921	0.216105972276679	0.216297779395824
-542.526976965432	1049.6	0.012148987136663	0.0117416873764487	0.217418963318928	0.217608311600514
-542.526976965432	1075.2	0.0117441830613595	0.0116864278629075	0.218870741758569	0.218904514011567
-542.526976965432	1100.8	0.011437528274815	0.0116245006548754	0.219834744286813	0.220186373220068
-542.526976965432	1126.4	0.0113381833226265	0.0115529521854745	0.221954113131124	0.221456083796665
-542.526976965432	1152	0.0110575536522565	0.0114742202668289	0.222728861475112	0.222708347361552
-529.910070524376	-1152	0.0133643745100165	0.0130864771315058	-0.222436752034822	-0.222386944677356
-529.910070524376	-1126.4	0.0133995623354703	0.0132773850394322	-0.221506611822282	-0.221152527218615
-529.910070524376	-1100.8	0.0135732907437467	0.0134693424020162	-0.220124426486026	-0.219909443765135
-529.910070524376	-1075.2	0.0137055389550924	0.013668117216114	-0.218525417151382	-0.218659564359171
-529.910070524376	-1049.6	0.0135537803037531	0.0138714809114623	-0.217621275281226	-0.217400704004667
-529.910070524376	-1024	0.0140619030265551	0.0140795220873599	-0.216716967688547	-0.216136309451764
-529.910070524376	-998.4	0.0144949827901495	0.0142885067762913	-0.215320252452143	-0.214855247236285
-529.910070524376	-972.8	0.0145098840322973	0.0144994791551863	-0.213570658332052	-0.213570269376787
-529.910070524376	-947.2	0.0147644861436147	0.0147118390984742	-0.213267185636642	-0.212268061383767
-529.910070524376	-921.6	0.0150758017945463	0.0149251859033028	-0.210747385702806	-0.210949762304485
-529.910070524376	-896	0.0153363670726476	0.0151403805915525	-0.209844493728897	-0.209602498094977
-529.910070524376	-870.4	0.0155467779450685	0.0153551689170604	-0.208525195535893	-0.208224041273394
-529.910070524376	-844.8	0.0156888620443233	0.0155660707784515	-0.206861412501797	-0.206813191174497
-529.910070524376	-819.2	0.0158990537084915	0.0157694398188859	-0.205588343558223	-0.205366354924691
-529.910070524376	-793.6	0.0161972611144613	0.0159620906462004	-0.203826667283011	-0.203881000278642
-529.910070524376	-768	0.0165017182170794	0.0161405298205928	-0.203362484611437	-0.202352953629062
-529.910070524376	-742.4	0.0166087805854423	0.0163018612170256	-0.201437343344218	-0.200775414948793
-529.910070524376	-716.8	0.016430379980105	0.0164438867816453	-0.199339401548063	-0.199138446276126
-529.910070524376	-691.2	0.017484126674879	0.0165652834611361	-0.198933199138181	-0.197430162086984
-529.910070524376	-665.6	0.0168046414712348	0.0166661716221411	-0.196365424094778	-0.195637279911601
-529.910070524376	-640	0.0169228718581423	0.0167472480002448	-0.194494762148418	-0.193742070852843
-529.910070524376	-614.4	0.0172646301660593	0.0168089561913262	-0.192491192124375	-0.19172306012439
-529.910070524376	-588.8	0.017145008075137	0.0168514513548219	-0.19061208874671	-0.189555223251721
-529.910070524376	-563.2	0.0171393428048274	0.0168733588649422	-0.188780624319142	-0.187211541723344
-529.910070524376	-537.6	0.0169178069670053	0.0168716073227252	-0.186298395354625	-0.184662512417457
-529.910070524376	-512	0.0169477856174507	0.0168427117387258	-0.183740932515054	-0.181873781493782
-529.910070524376	-486.4	0.0167152770745412	0.0167821111231256	-0.180842452277775	-0.178804811201461
-529.910070524376	-460.8	0.0164485875854694	0.0166829024203094	-0.177842352192626	-0.17540741098402
-529.910070524376	-435.2	0.0164308621665732	0.0165364634544753	-0.174472786264058	-0.171626796691762
-529.910070524376	-409.6	0.0164672345453148	0.0163339286408566	-0.170597696162717	-0.167403269850119
-529.910070524376	-384	0.0165740305211319	0.0160661466737265	-0.166581958564405	-0.162672265327062
-529.910070524376	-358.4	0.0164759934035536	0.0157254007774937	-0.161960690894153	-0.157365666675679
-529.910070524376	-332.8	0.0157969326857225	0.0153051946933276	-0.156557587326148	-0.151412626747999
-529.910070524376	-307.2	0.0153687906633897	0.0148013406065793	-0.150734273137936	-0.144742098709794
-529.910070524376	-281.6	0.0150947499858054	0.0142157747448317	-0.143699253772955	-0.137284868382247
-529.910070524376	-256	0.014304401777843	0.0135567815576796	-0.136235636613747	-0.128974160891961
-529.910070524376	-230.4	0.0135223665008359	0.0128366247309406	-0.127578951099954	-0.119751928522042
-529.910070524376	-204.8	0.0124555722859915	0.0120702962356234	-0.117681476930504	-0.109582457970409
-529.910070524376	-179.2	0.0114136339496136	0.0112764591666893	-0.106344624929243	-0.098462327738236
-529.910070524376	-153.6	0.0100121469840447	0.0104785900998109	-0.0941545276698281	-0.0864220034872752
-529.910070524376	-128	0.00898044920287078	0.00970467063929062	-0.0808734321479693	-0.0735243049197607
-529.910070524376	-102.4	0.00802683378476332	0.00898533128291192	-0.0663113867883081	-0.0598621141768691
-529.910070524376	-76.8	0.00673070679387831	0.00835049168961648	-0.0509629570000957	-0.0455556582703805
-529.910070524376	-51.2	0.00696555593982954	0.00782693166302015	-0.0344469904732915	-0.0307499104193786
-529.910070524376	-25.6	0.00671798761952501	0.00743610848667184	-0.0167306320052536	-0.015609740562753
-529.910070524376	0	0.00557086836124426	0.00719112045174492	0.00146646325504637	-0.000314407881498293
-529.910070524376	25.6	0.00487390773408174	0.0070953821999419	0.017728269017931	0.0149487638300858
-529.910070524376	51.2	0.0047953652526153	0.00714374645941838	0.0330388481880814	0.0299929634863138
-529.910070524376	76.8	0.00534418485125679	0.00732458344917766	0.0501234101573803	0.0446407905598042
-529.910070524376	102.4	0.00606269760447312	0.00762148625436204	0.0657350511533102	0.0587334083542379
-529.910070524376	128	0.00774880200682238	0.00801438511024648	0.0792343256249452	0.0721376847289231
-529.910070524376	153.6	0.00862654608953786	0.00848166991579417	0.0923630804359572	0.0847518286040129
-529.910070524376	179.2	0.0092109670375375	0.00900166399984952	0.104504224054222	0.0965079323422715
-529.910070524376	204.8	0.0101804298808089	0.00955270338725283	0.115017321748127	0.107370134841984
-529.910070524376	230.4	0.0102485273649812	0.0101106453374737	0.124922345894388	0.117330891571902
-529.910070524376	256	0.0109257438704242	0.0106496513870129	0.133289859375388	0.126403554040856
-529.910070524376	281.6	0.0114561511678083	0.0111485612272797	0.140955308404624	0.134615285035921
-529.910070524376	307.2	0.0120216575745349	0.0115944523484448	0.147894376822846	0.142008832026746
-529.910070524376	332.8	0.0126148494394005	0.0119813441245668	0.153942500164888	0.148643895562103
-529.910070524376	358.4	0.0126855386279533	0.0123090723236537	0.15902394116593	0.154588968117029
-529.910070524376	384	0.0126974281408823	0.0125816596460363	0.16373290720394	0.159914726364363
-529.910070524376	409.6	0.0131911371044684	0.0128051385681985	0.16834917673709	0.164691658628252
-529.910070524376	435.2	0.0135247260066773	0.0129855021744	0.171907291600454	0.168986586322372
-529.910070524376	460.8	0.0131703556618635	0.0131282665278186	0.175336287539822	0.172861485153691
-529.910070524376	486.4	0.0136499266553303	0.0132390205977679	0.179756861638719	0.176373276602019
-529.910070524376	512	0.0137968701241371	0.0133235858331211	0.181366554547063	0.179572476349379
-529.910070524376	537.6	0.0136809813543009	0.013387430225852	0.184053148222174	0.182503699324605
-529.910070524376	563.2	0.0134586809224515	0.0134357218319207	0.186771078986619	0.185207242427905
-529.910070524376	588.8	0.0135676701773931	0.0134726707864322	0.188276442280313	0.187717791861819
-529.910070524376	614.4	0.013570213795481	0.013500747130168	0.191256435834993	0.190063133023619
-529.910070524376	640	0.0134664978417782	0.0135206751322455	0.19336560178541	0.192264075528058
-529.910070524376	665.6	0.0134351165993446	0.0135328142452583	0.19523792571192	0.194336850022774
-529.910070524376	691.2	0.0133980201824515	0.0135379417436193	0.197012094470218	0.196296950430213
-529.910070524376	716.8	0.013327342149208	0.0135364973068403	0.198914327147544	0.198160890530044
-529.910070524376	742.4	0.0134876173739623	0.0135290035704033	0.20014533291334	0.199943941249777
-529.910070524376	768	0.0135793842142725	0.01351741923812	0.201498102803204	0.201657054610301
-529.910070524376	793.6	0.0139868893714166	0.0135034488068794	0.204006727486235	0.203306925015749
-529.910070524376	819.2	0.0137446606376011	0.0134879677741547	0.205248893669613	0.20490012558222
-529.910070524376	844.8	0.0135713599968889	0.0134711171414926	0.206606404362504	0.206443706633194
-529.910070524376	870.4	0.013179871424205	0.0134524262129117	0.207754162063724	0.207943786980379
-529.910070524376	896	0.0130158388048023	0.0134302325966568	0.208831849408286	0.209405625596255
-529.910070524376	921.6	0.013485707491627	0.0134024568966687	0.210908251573548	0.210828361382446
-529.910070524376	947.2	0.0132752034094264	0.0133677036990114	0.212648855921025	0.212217869541909
-529.910070524376	972.8	0.013174203175405	0.0133257443307377	0.214745984126412	0.213582063278465
-529.910070524376	998.4	0.0133970973973867	0.0132768080881696	0.215496659690515	0.214924304942245
-529.910070524376	1024	0.0135029875879744	0.0132238086712815	0.216145676650137	0.216254573921565
-529.910070524376	1049.6	0.0138080489528893	0.0131630508803442	0.217555741283901	0.217563964036663
-529.910070524376	1075.2	0.0132482324938726	0.0130976472839412	0.218902931189822	0.218860316328403
-529.910070524376	1100.8	0.0131296546431595	0.0130248716460482	0.219903564308762	0.220141903208321
-529.910070524376	1126.4	0.0131667417145648	0.0129462935333434	0.221347100660928	0.221407770645372
-529.910070524376	1152	0.0129579536045723	0.0128572602867108	0.222237763602107	0.222662134314425
-517.293164083319	-1152	0.0147508079972917	0.0144954350902888	-0.222417979819384	-0.22234128293563
-517.293164083319	-1126.4	0.014857684997614	0.0146988322366525	-0.221801289669749	-0.221111141087418
-517.293164083319	-1100.8	0.0150028594475789	0.014906207107749	-0.22011762726719	-0.219872731327071
-517.293164083319	-1075.2	0.0151675541022462	0.0151219705177601	-0.218393849932242	-0.218628420992029
-517.293164083319	-1049.6	0.0147918479979214	0.0153370585141489	-0.217344172461952	-0.217367867616776
-517.293164083319	-1024	0.0152954405027284	0.0155590275170855	-0.216506655771138	-0.216103765392194
-517.293164083319	-998.4	0.0159301595302662	0.0157821614309673	-0.215243260036999	-0.214822032794357
-517.293164083319	-972.8	0.016175624780066	0.0160071558583308	-0.213868081834864	-0.213534047476741
-517.293164083319	-947.2	0.0161821562969968	0.0162344629794164	-0.213070436457059	-0.212228863588496
-517.293164083319	-921.6	0.016687242693563	0.0164635256522321	-0.210657049113279	-0.210909999428418
-517.293164083319	-896	0.0170153064939259	0.0166951850976525	-0.209598300011058	-0.209563049699396
-517.293164083319	-870.4	0.0172253506212416	0.0169262418351148	-0.20852704393595	-0.20818536586923
-517.293164083319	-844.8	0.0173238898905256	0.0171528599214336	-0.206505979739985	-0.206776040990682
-517.293164083319	-819.2	0.0174116052815932	0.0173712687312792	-0.205569671089258	-0.205331341574824
-517.293164083319	-793.6	0.0175581399574648	0.01757812147824	-0.203965798636696	-0.203848512289442
-517.293164083319	-768	0.0178754432724983	0.0177703703571176	-0.203065073036859	-0.202324108292431
-517.293164083319	-742.4	0.0181810337413504	0.0179458229475074	-0.201223003391288	-0.200751559303525
-517.293164083319	-716.8	0.0180366674634483	0.0181028561756961	-0.199567564620837	-0.199120161252324
-517.293164083319	-691.2	0.0187563329091383	0.0182404967704609	-0.198505248091813	-0.197417534613165
-517.293164083319	-665.6	0.0184307423235436	0.0183588221440327	-0.196186947793824	-0.195629837839576
-517.293164083319	-640	0.0183987765875397	0.0184585014109098	-0.194311172346089	-0.193739660468204
-517.293164083319	-614.4	0.0191299398834529	0.0185401985058166	-0.192745106420028	-0.191726690334547
-517.293164083319	-588.8	0.0191477837772632	0.0186044191589058	-0.19082213090832	-0.189566718273254
-517.293164083319	-563.2	0.0188129150981427	0.0186499398790439	-0.18847822581244	-0.187233079256499
-517.293164083319	-537.6	0.0185682066202634	0.0186736088272524	-0.186191082407605	-0.184696717609613
-517.293164083319	-512	0.0187874350432604	0.0186717005940054	-0.18401050491131	-0.181923888269139
-517.293164083319	-486.4	0.0186628094730094	0.0186395289202479	-0.180841662609069	-0.178874386558106
-517.293164083319	-460.8	0.0183900031846294	0.01856987519039	-0.177828969115989	-0.175499985141831
-517.293164083319	-435.2	0.0183428030100328	0.0184537736720451	-0.174545251287696	-0.171746572822802
-517.293164083319	-409.6	0.018359984470656	0.0182818026156098	-0.170634856982372	-0.167554795940272
-517.293164083319	-384	0.0185734591152959	0.0180442114719579	-0.166753803462312	-0.16285947487825
-517.293164083319	-358.4	0.018584364707078	0.017732687909029	-0.162215461557959	-0.157591399024834
-517.293164083319	-332.8	0.0179473881421777	0.0173402493436213	-0.157016806066259	-0.151678634094069
-517.293164083319	-307.2	0.0175220918331379	0.0168623163361287	-0.151014666697258	-0.145048970967718
-517.293164083319	-281.6	0.0172322978319581	0.0163005692794477	-0.144062290423178	-0.137631583419711
-517.293164083319	-256	0.016655805488315	0.0156634538070006	-0.136833616736641	-0.129357573786151
-517.293164083319	-230.4	0.015465575889621	0.0149631714438792	-0.12769279188975	-0.120165619512861
-517.293164083319	-204.8	0.0145818637634189	0.0142140714489812	-0.117933393455972	-0.110015755502677
-517.293164083319	-179.2	0.0135135089416621	0.0134341029687592	-0.106941763863123	-0.0989012144437665
-517.293164083319	-153.6	0.012185430186519	0.0126461934364012	-0.0947511683567358	-0.0868506397690137
-517.293164083319	-128	0.0113137921950069	0.0118780161516034	-0.0811732111440495	-0.0739262214961858
-517.293164083319	-102.4	0.0096464530195865	0.0111605921369581	-0.0665082812092332	-0.0602214917610187
-517.293164083319	-76.8	0.00825132657768634	0.0105247806621364	-0.0517669343776122	-0.0458584518513087
-517.293164083319	-51.2	0.00897796612923307	0.00999821858108256	-0.0342379195045618	-0.0309847333441822
-517.293164083319	-25.6	0.00907343277117199	0.00960313642774326	-0.0171849236899837	-0.0157688615320035
-517.293164083319	0	0.00768608717153103	0.00935319657105723	0.00209957534603784	-0.000394041416725899
-517.293164083319	25.6	0.00689583032121518	0.00925195127344966	0.017540485332156	0.0149486442598993
-517.293164083319	51.2	0.00680470525825516	0.00929410236562852	0.032886539198428	0.0300685540079729
-517.293164083319	76.8	0.00732354404806347	0.0094677212822737	0.0496818912736665	0.044784347250817
-517.293164083319	102.4	0.00820563024424704	0.00975587703452108	0.0656256002542512	0.0589333611173719
-517.293164083319	128	0.00967169599169704	0.0101379743290576	0.0796924860033176	0.0723798311369684
-517.293164083319	153.6	0.0110504357290977	0.0105920322353462	0.0927326870815569	0.0850209099073942
-517.293164083319	179.2	0.0115143891941862	0.011096131750599	0.104447907089186	0.0967887225236444
-517.293164083319	204.8	0.0120639695918924	0.0116284050617526	0.115512063631116	0.107648654556426
-517.293164083319	230.4	0.0126496814202397	0.0121648508969426	0.125076087841433	0.117595307096912
-517.293164083319	256	0.0131474368851403	0.0126799050336705	0.133577451918836	0.126645101400952
-517.293164083319	281.6	0.0136055037652323	0.0131526997685101	0.141296880155196	0.134828720215073
-517.293164083319	307.2	0.0142110972006966	0.0135707446286483	0.148009301096927	0.142191966259704
-517.293164083319	332.8	0.0144461781800519	0.0139285575308579	0.154461940708285	0.148796435430305
-517.293164083319	358.4	0.0145762296634539	0.014226367155081	0.159165916516289	0.154711888588376
-517.293164083319	384	0.0146847693440492	0.014468612404062	0.163754606318591	0.160010382035293
-517.293164083319	409.6	0.0151474747276821	0.014661878941095	0.168373450244623	0.164763162065011
-517.293164083319	435.2	0.0152193101550317	0.0148126905518637	0.171638252095673	0.169037103573662
-517.293164083319	460.8	0.0150966487897529	0.0149265809231692	0.175612638610656	0.172893918677798
-517.293164083319	486.4	0.015272603532441	0.0150092189884179	0.1791496234388	0.176390577161897
-517.293164083319	512	0.0155259703132101	0.0150668221238688	0.18154577285667	0.179577422851261
-517.293164083319	537.6	0.015338078386271	0.0151053744666091	0.184550485976472	0.182498782447787
-517.293164083319	563.2	0.0152098460723175	0.0151305860286356	0.186473824099532	0.185194480621592
-517.293164083319	588.8	0.0151812525248192	0.0151467579263664	0.188113036310436	0.187698336750016
-517.293164083319	614.4	0.0152161582399382	0.015155963418323	0.19121669371173	0.19003753451101
-517.293164083319	640	0.015153080442225	0.0151584943766442	0.193500643262904	0.192232799497155
-517.293164083319	665.6	0.0151712844992662	0.0151543570557564	0.194899620027493	0.194301210510183
-517.293164083319	691.2	0.0151084137896517	0.0151439945546571	0.196843405051204	0.196258525126084
-517.293164083319	716.8	0.0149782662374777	0.015127426183977	0.198907747031793	0.198120149865247
-517.293164083319	742.4	0.0153249886597426	0.0151050767249151	0.200069960687957	0.199900369193894
-517.293164083319	768	0.0151457909302004	0.0150788887624565	0.201582564053959	0.201610299126183
-517.293164083319	793.6	0.0154318392171321	0.0150505176126121	0.204131787532725	0.203257799922766
-517.293164083319	819.2	0.0150191880328961	0.0150210311853226	0.205328488755513	0.204849884261506
-517.293164083319	844.8	0.014993057822407	0.014990776682245	0.206871911624885	0.206393079643337
-517.293164083319	870.4	0.0145673510160438	0.0149592125850469	0.207859519666467	0.207893193117834
-517.293164083319	896	0.0144971445033421	0.0149245052349331	0.209220470979689	0.209355681172342
-517.293164083319	921.6	0.0147233398157231	0.0148844699221368	0.211115105878921	0.210780546901555
-517.293164083319	947.2	0.0145544885605206	0.0148373146293381	0.212731430031295	0.212168421753407
-517.293164083319	972.8	0.0146101079302833	0.0147833842247229	0.214255518198451	0.213534335855943
-517.293164083319	998.4	0.0147094382201721	0.0147228585994967	0.215249829502717	0.214876664495358
-517.293164083319	1024	0.0148166921736714	0.0146582413534732	0.216309093325886	0.216206112893329
-517.293164083319	1049.6	0.015232913544767	0.014585660582257	0.217647137244151	0.217512893434088
-517.293164083319	1075.2	0.0146896355158994	0.0145115960713168	0.218891619962809	0.218810571660329
-517.293164083319	1100.8	0.0147158258053848	0.0144281194268108	0.219829805670272	0.220090879902833
-517.293164083319	1126.4	0.0146676638981116	0.0143395867243334	0.221111500236731	0.221357170789527
-517.293164083319	1152	0.0144924632111046	0.0142420522002951	0.222259428649646	0.222609437658513
-504.676257642263	-1177.6	0.0162586688844751	0.0156843203689044	-0.224089982858712	-0.223498221065832
-504.676257642263	-1152	0.0164881301258911	0.0159012707249237	-0.222755643946411	-0.222281779314214
-504.676257642263	-1126.4	0.0166192260564356	0.0161230550636523	-0.222171282194886	-0.221060311735148
-504.676257642263	-1100.8	0.0165588629106642	0.0163445433993521	-0.220020211882204	-0.219827356681635
-504.676257642263	-1075.2	0.0166308455947807	0.0165733287178265	-0.218478848784423	-0.218586861731149
-504.676257642263	-1049.6	0.016428598460761	0.0168036050254453	-0.21749065646392	-0.217331084052167
-504.676257642263	-1024	0.0166155266637947	0.0170384184378888	-0.216356484415162	-0.216065332841463
-504.676257642263	-998.4	0.0171459191520397	0.0172757293819839	-0.214867166287155	-0.214784407389927
-504.676257642263	-972.8	0.0174034501793471	0.0175151110615611	-0.213714591316353	-0.213492584627603
-504.676257642263	-947.2	0.0175378546822671	0.0177563924977538	-0.212543044313246	-0.212189339195543
-504.676257642263	-921.6	0.0180193288684791	0.0180013803400238	-0.210380032480111	-0.210867081894749
-504.676257642263	-896	0.0184996628294056	0.0182493703219475	-0.209919896104821	-0.209518467511059
-504.676257642263	-870.4	0.0186126757603811	0.0184965402103136	-0.208524545126247	-0.208141460387559
-504.676257642263	-844.8	0.018917022857674	0.0187386972792065	-0.206526605467285	-0.206733431888564
-504.676257642263	-819.2	0.0190788201765283	0.0189720185321559	-0.205563297821351	-0.205290648165863
-504.676257642263	-793.6	0.0189871452666722	0.0191930314139349	-0.203908074800129	-0.203810056357138
-504.676257642263	-768	0.0193416268763072	0.0193991138077427	-0.202733998537871	-0.202288642180379
-504.676257642263	-742.4	0.019793777439982	0.0195887754652128	-0.201126417807031	-0.200719973225358
-504.676257642263	-716.8	0.0196728297813429	0.0197611575964976	-0.199632883887832	-0.199093084672652
-504.676257642263	-691.2	0.0199235413596757	0.0199157222950439	-0.197949721724836	-0.197395348041221
-504.676257642263	-665.6	0.020071063619222	0.0200523485169906	-0.195877739635503	-0.195612173790749
-504.676257642263	-640	0.0198176111516537	0.0201712919753796	-0.194208679524478	-0.193726188711765
-504.676257642263	-614.4	0.0205655733323566	0.0202732114989385	-0.192953826566433	-0.191718057707112
-504.676257642263	-588.8	0.0208290811625362	0.020359029097898	-0.191186795723319	-0.189564734322817
-504.676257642263	-563.2	0.0206975894860994	0.0204279365260867	-0.188803828266785	-0.187240235321133
-504.676257642263	-537.6	0.02047915667631	0.020477061271484	-0.186479370931926	-0.184715868571385
-504.676257642263	-512	0.020637292385382	0.02050255842689	-0.184249667347044	-0.18195838503092
-504.676257642263	-486.4	0.020602457077897	0.0204992639079395	-0.180872486473741	-0.178927700962943
-504.676257642263	-460.8	0.0204287080161614	0.0204595092617141	-0.177912973309668	-0.175575589241443
-504.676257642263	-435.2	0.0204557495480964	0.0203739868385677	-0.174789011518316	-0.171848676274125
-504.676257642263	-409.6	0.0204119088562724	0.0202327448451827	-0.170844545078856	-0.167688076892934
-504.676257642263	-384	0.0206145556006635	0.0200255178930835	-0.167050336841155	-0.163028361130233
-504.676257642263	-358.4	0.020788286161876	0.0197436071321954	-0.16246034092637	-0.157799336636718
-504.676257642263	-332.8	0.0200018192317735	0.0193797721825092	-0.157427796434019	-0.151927912938073
-504.676257642263	-307.2	0.0196204308123829	0.0189289161855252	-0.151277523559881	-0.145340540301739
-504.676257642263	-281.6	0.0194820750822064	0.0183921429310949	-0.144629209838989	-0.137964542080247
-504.676257642263	-256	0.0187200885762076	0.0177779707701654	-0.137078200140223	-0.129728674431457
-504.676257642263	-230.4	0.0177562296987165	0.0170985406334381	-0.128445770670446	-0.120568253984714
-504.676257642263	-204.8	0.0166854034051957	0.0163675815289763	-0.118492982759131	-0.110439353946078
-504.676257642263	-179.2	0.015670966836307	0.015602254381932	-0.107502642179656	-0.0993322062667813
-504.676257642263	-153.6	0.0145778518882064	0.0148249918722887	-0.0954893279272033	-0.0872736336643418
-504.676257642263	-128	0.0136718560469084	0.0140631612819776	-0.0815298550411116	-0.0743249272781769
-504.676257642263	-102.4	0.0115194558386339	0.0133479820549017	-0.0671228414694219	-0.0605798410397342
-504.676257642263	-76.8	0.0108987123889943	0.0127110410783853	-0.0522462733986418	-0.0461618005396893
-504.676257642263	-51.2	0.0114260794718118	0.0121808884973047	-0.035918683754222	-0.0312209476758356
-504.676257642263	-25.6	0.0111445630555192	0.0117807392175607	-0.016894680286264	-0.0159295421017979
-504.676257642263	0	0.0100508675291326	0.0115249211452204	0.00216933246689624	-0.000475026848570235
-504.676257642263	25.6	0.00956111108890785	0.011417276218664	0.0177030772496462	0.0149474177076634
-504.676257642263	51.2	0.0093995570132265	0.0114526189638226	0.0337204084640275	0.0301429845087058
-504.676257642263	76.8	0.00960609259102363	0.0116187322323124	0.0498830312108599	0.0449262523067315
-504.676257642263	102.4	0.010398676970286	0.0118980585036956	0.0654461346901283	0.0591310219980027
-504.676257642263	128	0.0115359835484754	0.0122693636666908	0.0802969161861124	0.0726189740130178
-504.676257642263	153.6	0.0129134423754	0.012710095086836	0.0933137303781574	0.0852860458586156
-504.676257642263	179.2	0.0137385753850168	0.0131978584754153	0.104625638956224	0.0970645634772847
-504.676257642263	204.8	0.014294773604867	0.0137105903372755	0.115268062105276	0.107921301448719
-504.676257642263	230.4	0.0149485045710576	0.0142246183633365	0.125234469021846	0.117853129747925
-504.676257642263	256	0.0153422017197141	0.0147150582738118	0.133740019918123	0.12687916682422
-504.676257642263	281.6	0.0157364880179993	0.0151613468887276	0.14161581978315	0.135033446973302
-504.676257642263	307.2	0.0161467860200736	0.0155512052761675	0.148295553185347	0.142364920262599
-504.676257642263	332.8	0.0165337529004191	0.0158795601384999	0.153954032524752	0.148937394150039
-504.676257642263	358.4	0.0164142624196698	0.0161470832515182	0.158997881450696	0.154822316510624
-504.676257642263	384	0.0166731511157424	0.0163586871476409	0.163776316794862	0.160093198464928
-504.676257642263	409.6	0.0168951009593685	0.016521493534002	0.168310141541757	0.164821915843012
-504.676257642263	435.2	0.016909566004114	0.016642488710997	0.171369899770394	0.169075371451052
-504.676257642263	460.8	0.0167862363064609	0.0167273587850545	0.175367224269507	0.172914848473606
-504.676257642263	486.4	0.0168894447150509	0.0167818973307782	0.17853862590317	0.176397086707604
-504.676257642263	512	0.0170872386768205	0.0168126394930923	0.181690823727701	0.179572518878571
-504.676257642263	537.6	0.0168766071682029	0.0168260033644515	0.184722093848851	0.182485187210392
-504.676257642263	563.2	0.0168772622480218	0.0168280809176099	0.186752305577581	0.185173706585942
-504.676257642263	588.8	0.0168606113678953	0.016823106727218	0.188450226005281	0.187670680905735
-504.676257642263	614.4	0.0168713061766855	0.0168128649149172	0.191184930045043	0.190003042020883
-504.676257642263	640	0.0168171798716583	0.0167975013007487	0.193689595119227	0.192192172565396
-504.676257642263	665.6	0.0168953562255474	0.0167767911242767	0.194657060314991	0.194255948028646
-504.676257642263	691.2	0.0166135531000442	0.0167507519455202	0.196682112407677	0.196210277399794
-504.676257642263	716.8	0.0167203658490985	0.016719036362011	0.198851652189492	0.198069517595525
-504.676257642263	742.4	0.0171027457741199	0.0166820617482156	0.199994635809003	0.19984739949331
-504.676257642263	768	0.0166610803915123	0.0166416165294947	0.20185230529026	0.201555360734529
-504.676257642263	793.6	0.0168196490031771	0.0165991987888755	0.20416684076016	0.203202141252832
-504.676257642263	819.2	0.0165136189448392	0.0165559215886186	0.205474726323138	0.204794816426363
-504.676257642263	844.8	0.0165476496847161	0.0165121808699598	0.206937736434265	0.206338991093646
-504.676257642263	870.4	0.0162037455053304	0.0164673003625117	0.207655162630481	0.207839806277772
-504.676257642263	896	0.0161514652543306	0.0164194532258894	0.209319047803533	0.209302486176365
-504.676257642263	921.6	0.0163121118507502	0.016366570360253	0.211383373480158	0.210728525243204
-504.676257642263	947.2	0.0160702661826027	0.0163071155135958	0.212876040699175	0.212118699187541
-504.676257642263	972.8	0.0160079739772032	0.0162408250998262	0.213955010314831	0.213479773970924
-504.676257642263	998.4	0.0160108920524145	0.0161689403728518	0.215088496057046	0.214822741364477
-504.676257642263	1024	0.0158002284042022	0.0160926627962269	0.216300859612317	0.216150147708253
-504.676257642263	1049.6	0.0160132004380698	0.0160103831522648	0.217679555245071	0.217457393211938
-504.676257642263	1075.2	0.0157511324194001	0.015925705296056	0.2188501525759	0.218754487835177
-504.676257642263	1100.8	0.0161123885169714	0.0158331456379177	0.219526731324014	0.220033947230488
-504.676257642263	1126.4	0.0158957085920593	0.0157348848780034	0.221246724440581	0.221299301632813
-504.676257642263	1152	0.0154318572576175	0.0156274928481372	0.222369103298378	0.222551779280337
-492.059351201206	-1177.6	0.0176267386572432	0.017083812718014	-0.22428356920781	-0.223426785739384
-492.059351201206	-1152	0.0179960848285286	0.0173060516692263	-0.222746909004043	-0.222211121184376
-492.059351201206	-1126.4	0.0180956099765898	0.0175418829224781	-0.222093385207307	-0.22099538389199
-492.059351201206	-1100.8	0.0181798102898166	0.0177814614399645	-0.219970266488165	-0.219771572383681
-492.059351201206	-1075.2	0.0180714173868697	0.0180240968097129	-0.218552250297819	-0.218536154026331
-492.059351201206	-1049.6	0.0181116653344822	0.0182692801493543	-0.217661600451779	-0.21728522603414
-492.059351201206	-1024	0.0183200733090817	0.0185182586692239	-0.216501705853212	-0.216021211455743
-492.059351201206	-998.4	0.0183672745057027	0.0187697596357729	-0.214471907029054	-0.214742040331049
-492.059351201206	-972.8	0.0188783922718593	0.0190226278187389	-0.213575991373311	-0.213452007013598
-492.059351201206	-947.2	0.0190545042582262	0.0192790851352749	-0.212145623069419	-0.212144682727622
-492.059351201206	-921.6	0.0193679506600624	0.0195397067212114	-0.210722407957392	-0.210819468831997
-492.059351201206	-896	0.019953911293641	0.0198035971168554	-0.210343801507036	-0.209470769945381
-492.059351201206	-870.4	0.0199363733387384	0.0200664485646823	-0.208466298935179	-0.20809424817655
-492.059351201206	-844.8	0.0204085952135409	0.0203236515361192	-0.206844656845443	-0.206687075807333
-492.059351201206	-819.2	0.0207229888219727	0.0205714180402869	-0.205541718890651	-0.205245570176501
-492.059351201206	-793.6	0.020500499485734	0.020806422976538	-0.203597600835606	-0.20376669491864
-492.059351201206	-768	0.0210418408637545	0.0210265244014315	-0.202585284170096	-0.202247545162191
-492.059351201206	-742.4	0.0214473583919108	0.0212307495243773	-0.201063353591569	-0.200681515252248
-492.059351201206	-716.8	0.0213639846110281	0.0214189146892481	-0.199364778069643	-0.199057753081611
-492.059351201206	-691.2	0.0216500370300031	0.0215909373178624	-0.197801786033151	-0.197363625842668
-492.059351201206	-665.6	0.0218781201788144	0.0217465755813998	-0.196167972700159	-0.195584104435703
-492.059351201206	-640	0.0216205334710747	0.021885595837139	-0.194322437896581	-0.19370188342513
-492.059351201206	-614.4	0.0220684463429609	0.0220083585015424	-0.192882315247792	-0.191698105532197
-492.059351201206	-588.8	0.0225401860682752	0.0221159323033938	-0.191320923901367	-0.189550681197111
-492.059351201206	-563.2	0.0226811949885417	0.022208152972441	-0.189248152503347	-0.18723454528477
-492.059351201206	-537.6	0.0225619516957964	0.0222827148321883	-0.186994370530963	-0.184721436820311
-492.059351201206	-512	0.0225018715948183	0.0223357174829651	-0.18421594627669	-0.181978381122889
-492.059351201206	-486.4	0.0225372608379866	0.0223614979434899	-0.180905698141866	-0.178965408238552
-492.059351201206	-460.8	0.0224320550312144	0.022351957562583	-0.178135487757295	-0.175634814888653
-492.059351201206	-435.2	0.0225482093520181	0.0222973178032943	-0.175042423570966	-0.171933857407287
-492.059351201206	-409.6	0.0223810660657087	0.0221870400603882	-0.171060482378396	-0.167803838650611
-492.059351201206	-384	0.0226540286287176	0.0220104520777172	-0.167283843589107	-0.163179343819981
-492.059351201206	-358.4	0.0228469484862653	0.0217586108589774	-0.162737197660067	-0.157989669741702
-492.059351201206	-332.8	0.0220765178398571	0.0214241102738161	-0.157522348423214	-0.152160626847888
-492.059351201206	-307.2	0.0217363356667065	0.0210012512782053	-0.151483055597489	-0.145617001351025
-492.059351201206	-281.6	0.021441979924915	0.0204903908473885	-0.144975537251076	-0.138283796585286
-492.059351201206	-256	0.0208246794998877	0.0198999936604142	-0.13738940805898	-0.130087246132751
-492.059351201206	-230.4	0.0197482513020427	0.0192421156534999	-0.128925354441878	-0.120959434185835
-492.059351201206	-204.8	0.0188650106441481	0.0185300743015677	-0.118978996214249	-0.110853069095195
-492.059351201206	-179.2	0.0179590967679326	0.0177802820989323	-0.108044850123343	-0.0997554833133452
-492.059351201206	-153.6	0.0169114779384763	0.0170144601457707	-0.0963177931394897	-0.08769149422894
-492.059351201206	-128	0.0157259480770221	0.016259648143652	-0.0825178185533566	-0.0747211200000118
-492.059351201206	-102.4	0.0144596473746923	0.0155470881043033	-0.0681998995458414	-0.0609378846198909
-492.059351201206	-76.8	0.0136255544672631	0.0149089527788944	-0.0526621160496431	-0.0464663897633685
-492.059351201206	-51.2	0.0136574474566249	0.0143747898734195	-0.0359771881007481	-0.0314593364196091
-492.059351201206	-25.6	0.0133779129206167	0.0139689267269694	-0.0169467665148793	-0.0160926186470271
-492.059351201206	0	0.012291490321207	0.0137064489085162	0.00183633788655135	-0.000558167148147321
-492.059351201206	25.6	0.0120873026482922	0.0135916648253743	0.0180637516903287	0.0149441951628268
-492.059351201206	51.2	0.0118780652804831	0.013619576923667	0.0342280284707555	0.030215151097217
-492.059351201206	76.8	0.0119911615018307	0.0137776595412325	0.0502458192639046	0.0450652497072401
-492.059351201206	102.4	0.0125623479804409	0.0140476524776984	0.0659063117647797	0.0593249953051648
-492.059351201206	128	0.0136726799831814	0.0144077505541565	0.0806113936615332	0.0728537809156404
-492.059351201206	153.6	0.0148394492964882	0.0148347794706049	0.0938935508916662	0.0855462493249606
-492.059351201206	179.2	0.0157675935688303	0.0153057121835204	0.105232533711716	0.0973346318673086
-492.059351201206	204.8	0.0164415607916931	0.0157983154030086	0.11575844150368	0.108187231381194
-492.059351201206	230.4	0.0170795206008467	0.0162894590451491	0.125239032654362	0.118103429922011
-492.059351201206	256	0.017434089518638	0.016754915525217	0.133921453690569	0.127104744533748
-492.059351201206	281.6	0.0177477420879009	0.0171743675295381	0.141681879317987	0.135228600879306
-492.059351201206	307.2	0.0179713631463076	0.0175356485570884	0.148373989776857	0.142527107078545
-492.059351201206	332.8	0.0182995486835879	0.0178341047028464	0.153964296803735	0.149066522587348
-492.059351201206	358.4	0.0181831330284476	0.0180709132521172	0.158874234218488	0.154920230138488
-492.059351201206	384	0.0184713971389403	0.0182515707213832	0.16403011957148	0.160163084009293
-492.059351201206	409.6	0.018650968668985	0.0183836775260335	0.168169744396955	0.164867627223494
-492.059351201206	435.2	0.0186127457918306	0.0184745473141079	0.1713966785987	0.169100733394791
-492.059351201206	460.8	0.0185005619244151	0.0185301982605246	0.175234187332313	0.172923312233156
-492.059351201206	486.4	0.0185248786224352	0.0185567530571523	0.178116411618679	0.176391773611006
-492.059351201206	512	0.0186782715739861	0.0185609713272809	0.181412735360009	0.179556520009313
-492.059351201206	537.6	0.0184493877987666	0.0185495179099666	0.184492307609167	0.182461111729385
-492.059351201206	563.2	0.0185212207144408	0.0185285501209846	0.186905243155982	0.185142819167105
-492.059351201206	588.8	0.0185438419402152	0.0185021377283151	0.188717570728791	0.187633183288256
-492.059351201206	614.4	0.0185489407269014	0.0184719605427944	0.191232556479059	0.189959001910604
-492.059351201206	640	0.0184556083706362	0.0184382507583661	0.193595380554576	0.192142340391983
-492.059351201206	665.6	0.0184340723316954	0.0184006229770394	0.194575855396302	0.19420146519992
-492.059351201206	691.2	0.018008184244289	0.0183585977991194	0.196530594707698	0.196152245643994
-492.059351201206	716.8	0.0184321798916889	0.0183116344436032	0.19878616447158	0.198008700847949
-492.059351201206	742.4	0.0185623154490014	0.0182602494177412	0.200102907787457	0.199784561482653
-492.059351201206	768	0.0181791979034955	0.018205910467348	0.202125036541018	0.201491589846457
-492.059351201206	793.6	0.018365801441784	0.0181498087336227	0.204101235037574	0.203139119979004
-492.059351201206	819.2	0.0182417727670326	0.0180928416608018	0.205486013594026	0.204734011594292
-492.059351201206	844.8	0.0182327369835008	0.0180353183539564	0.206656393939449	0.206280577461659
-492.059351201206	870.4	0.0180229414932921	0.0179765652876655	0.207486282090776	0.207782966156907
-492.059351201206	896	0.017874441002336	0.0179150289846192	0.209311474727391	0.209245845783252
-492.059351201206	921.6	0.0179667318628419	0.017848870892401	0.211561060273632	0.210671106352334
-492.059351201206	947.2	0.0175784590395166	0.0177767636636106	0.212957091117795	0.2120606925449
-492.059351201206	972.8	0.0173840988114569	0.0176986765530929	0.213998713472425	0.213422286379364
-492.059351201206	998.4	0.0176170824997355	0.0176152758529791	0.214973476568173	0.214762016466964
-492.059351201206	1024	0.0170326895575771	0.0175276663237275	0.216287409870601	0.216087176649777
-492.059351201206	1049.6	0.0167927006554621	0.0174362642679721	0.21771194056255	0.217397443341848
-492.059351201206	1075.2	0.0170438835042669	0.0173405740615367	0.218658719845392	0.218692412867675
-492.059351201206	1100.8	0.0174010856744869	0.0172390345193654	0.219520530278208	0.219971538422494
-492.059351201206	1126.4	0.017151003872298	0.0171302492080724	0.221367621063402	0.221235713678918
-492.059351201206	1152	0.0166508231199546	0.0170133015467481	0.222453729650773	0.222486013575695
-492.059351201206	1177.6	0.0166007846736108	0.0168884299085092	0.223458877064439	0.223719388762686
-479.44244476015	-1177.6	0.0186341733359223	0.0184795956928963	-0.223725162760908	-0.223344159939058
-479.44244476015	-1152	0.0188735208444633	0.0187152197411026	-0.222135919881543	-0.222134293644308
-479.44244476015	-1126.4	0.0190871947487628	0.0189637642877497	-0.221288078740899	-0.22092366422321
-479.44244476015	-1100.8	0.0193161986903759	0.0192150797538239	-0.219656545089508	-0.219703301562427
-479.44244476015	-1075.2	0.0192718428505139	0.0194737767203455	-0.217975035245892	-0.218475124349577
-479.44244476015	-1049.6	0.0196117748488071	0.0197350903073405	-0.217501642022848	-0.217233414011949
-479.44244476015	-1024	0.0199925560023294	0.0199981824699194	-0.216587244646821	-0.215971606276444
-479.44244476015	-998.4	0.0200971138030664	0.0202636313511122	-0.214686696826096	-0.21469735262495
-479.44244476015	-972.8	0.0208087427354116	0.0205315992998902	-0.213670735337571	-0.213405548045172
-479.44244476015	-947.2	0.0207023854134352	0.0208029320488024	-0.211855107818095	-0.212097770355145
-479.44244476015	-921.6	0.0210436961557711	0.0210789896008959	-0.210821653545046	-0.210771503244537
-479.44244476015	-896	0.0215521907539013	0.0213584998463089	-0.210289960759276	-0.20942131303094
-479.44244476015	-870.4	0.0215076463415573	0.021636557683568	-0.208520607387464	-0.208045084536273
-479.44244476015	-844.8	0.022035786477449	0.0219082128447769	-0.207026092600304	-0.206638346633188
-479.44244476015	-819.2	0.0223406833071294	0.0221697886603487	-0.205317738755663	-0.205197418694823
-479.44244476015	-793.6	0.0221147605271976	0.0224184147772537	-0.203354434802914	-0.203719534879405
-479.44244476015	-768	0.0224453771533923	0.0226525677259976	-0.202656838396625	-0.202201728036044
-479.44244476015	-742.4	0.0228595577823459	0.0228716943526088	-0.200813203702233	-0.200637159672709
-479.44244476015	-716.8	0.0232047694848141	0.0230760435314342	-0.198932900267586	-0.199015140824532
-479.44244476015	-691.2	0.0234546901096306	0.0232658754774304	-0.197669430030731	-0.197323084323878
-479.44244476015	-665.6	0.0235902947161519	0.0234409961714869	-0.196426257090422	-0.195545988556143
-479.44244476015	-640	0.0234908762423463	0.023600814954226	-0.194438486921703	-0.193667056349182
-479.44244476015	-614.4	0.0236540984736814	0.0237451948682061	-0.192532074012479	-0.191667436325436
-479.44244476015	-588.8	0.0242572819521468	0.0238750582465712	-0.191074611841815	-0.189525452041069
-479.44244476015	-563.2	0.0242001745408202	0.023990934714241	-0.189108861368159	-0.187216969021483
-479.44244476015	-537.6	0.0246175187619215	0.0240910813042802	-0.18743877118471	-0.184714202074038
-479.44244476015	-512	0.0243155394981344	0.0241715490315056	-0.184097957612186	-0.181984269474314
-479.44244476015	-486.4	0.0245026604371187	0.0242264011383677	-0.181100927386215	-0.178987653819651
-479.44244476015	-460.8	0.0243881868143796	0.024247251790354	-0.178399871301671	-0.175677789717263
-479.44244476015	-435.2	0.0245797652161256	0.0242238348350233	-0.17507230460909	-0.172002400815137
-479.44244476015	-409.6	0.0243523251191507	0.0241448895870345	-0.171276650165638	-0.167902584738347
-479.44244476015	-384	0.0244683445781048	0.0239994185391486	-0.167279675295992	-0.163313014456435
-479.44244476015	-358.4	0.024760276481506	0.0237782255827519	-0.162866328813068	-0.158162853174731
-479.44244476015	-332.8	0.0241038856203797	0.0234736539424418	-0.157650042963386	-0.152377040589954
-479.44244476015	-307.2	0.0240398819589226	0.0230794804752924	-0.151967472800579	-0.145878447387675
-479.44244476015	-281.6	0.0237183538430733	0.0225953845242768	-0.145599895026618	-0.138589408774862
-479.44244476015	-256	0.0229110168813514	0.0220295776689275	-0.137822712657422	-0.130433351631594
-479.44244476015	-230.4	0.0220425429914285	0.0213938566855394	-0.129569605165701	-0.121339416737027
-479.44244476015	-204.8	0.0212486013953413	0.0207012768664893	-0.119731105133679	-0.111257357372356
-479.44244476015	-179.2	0.0201936722776634	0.0199677202739929	-0.108808676838237	-0.100171535946127
-479.44244476015	-153.6	0.0190419571693594	0.0192141216720491	-0.0969057007477205	-0.0881044595876935
-479.44244476015	-128	0.0177934146099623	0.0184669836192413	-0.0834131967730905	-0.0751146416351657
-479.44244476015	-102.4	0.0166472066980532	0.0177574864660525	-0.068852364288264	-0.061295188340316
-479.44244476015	-76.8	0.0156087204356528	0.0171183083110203	-0.053168913122646	-0.0467717359715331
-479.44244476015	-51.2	0.015692333008415	0.0165800205518894	-0.0362968646086841	-0.0316996563725105
-479.44244476015	-25.6	0.0164364191652053	0.0161680272206434	-0.0181811567148731	-0.0162583771665844
-479.44244476015	0	0.0149877668953895	0.015898252991193	0.00109192600616172	-0.000644289413049096
-479.44244476015	25.6	0.0144848573078912	0.0157756096656493	0.0185781007178908	0.0149377759416493
-479.44244476015	51.2	0.0142499010652707	0.0157952382245835	0.0343774891611881	0.0302837377928221
-479.44244476015	76.8	0.0143889050025841	0.0159443252365405	0.0505843136922713	0.0452000082677832
-479.44244476015	102.4	0.0149890503723876	0.0162040597186695	0.0666605321676285	0.0595138688441663
-479.44244476015	128	0.015682022906094	0.01655218395329	0.0809224713970899	0.0730826493764645
-479.44244476015	153.6	0.0168643415744736	0.0169649545163333	0.0940941900934776	0.0857998356986582
-479.44244476015	179.2	0.0177759745067105	0.0174187039826518	0.105748123947091	0.0975975698597323
-479.44244476015	204.8	0.0185380769487022	0.0178910496381301	0.116481868949447	0.108445401980721
-479.44244476015	230.4	0.0191769852206056	0.0183591944297407	0.125630510432372	0.118344978627009
-479.44244476015	256	0.0195114761338331	0.0187993212335053	0.134021765086108	0.127320557159555
-479.44244476015	281.6	0.0198020106092904	0.0191913748564844	0.141598520769606	0.135413076760963
-479.44244476015	307.2	0.0200348312247199	0.0195234829909718	0.148155042535814	0.142677755959873
-479.44244476015	332.8	0.0200633559443216	0.01979150657718	0.154104922660067	0.149183388773226
-479.44244476015	358.4	0.0202979653563799	0.019997196863382	0.158839463181292	0.155005360622723
-479.44244476015	384	0.0204371372395976	0.0201466864995394	0.164119658459676	0.160219828693236
-479.44244476015	409.6	0.0204087691363067	0.0202479401836915	0.168027613418362	0.164899968462868
-479.44244476015	435.2	0.0203202728371232	0.0203084701364691	0.171680507550073	0.169112581685221
-479.44244476015	460.8	0.0202649696170723	0.0203347802791965	0.175170559429486	0.172918407126971
-479.44244476015	486.4	0.0203376679303637	0.0203335168786408	0.178083941675375	0.176373577143749
-479.44244476015	512	0.0203062491309704	0.0203116456509929	0.181199322842203	0.179528070224547
-479.44244476015	537.6	0.0202038200811163	0.0202757988222565	0.18438154229806	0.182424904921895
-479.44244476015	563.2	0.0202525678477814	0.0202319169510578	0.186527739249022	0.18510027708536
-479.44244476015	588.8	0.0202171588343925	0.0201838644999133	0.188011849921583	0.18758497937118
-479.44244476015	614.4	0.020264191359897	0.0201333715989259	0.191425866707344	0.189905392521824
-479.44244476015	640	0.0201008694003736	0.0200809058334648	0.193343617684112	0.192083783760066
-479.44244476015	665.6	0.0198280768477858	0.0200260539963774	0.194697978729574	0.194138646586783
-479.44244476015	691.2	0.0194199515973082	0.0199677676571184	0.196379388449341	0.196085698706135
-479.44244476015	716.8	0.0200079343083219	0.0199054591961765	0.198712723041548	0.19793918535438
-479.44244476015	742.4	0.020007495210356	0.0198397363654566	0.20022489943076	0.199713177239291
-479.44244476015	768	0.0197407607227899	0.0197716394564936	0.202251932849696	0.201419689868402
-479.44244476015	793.6	0.0199892943250638	0.0197019037965834	0.203961226646663	0.20306864570528
-479.44244476015	819.2	0.019964780886231	0.0196310754399361	0.205474175637949	0.204666585430998
-479.44244476015	844.8	0.0197686709024982	0.0195594137559612	0.206236490004368	0.206216540532673
-479.44244476015	870.4	0.0196534352531223	0.019486444703356	0.207273786649375	0.20772153677897
-479.44244476015	896	0.0193795775154836	0.0194110446819046	0.209320400669471	0.209185350909199
-479.44244476015	921.6	0.0193868348879047	0.0193315834536785	0.211671087286681	0.210611305482099
-479.44244476015	947.2	0.0190210891201565	0.0192468716870167	0.212316183645924	0.211999854121655
-479.44244476015	972.8	0.0189707728068245	0.0191570873962186	0.213743967508082	0.213358197017857
-479.44244476015	998.4	0.0192631586647453	0.0190627242714093	0.214851154509213	0.214699569707666
-479.44244476015	1024	0.0190063409445547	0.0189643125963419	0.216515738999653	0.216021545698651
-479.44244476015	1049.6	0.0188042338968128	0.0188629284201957	0.218121691044576	0.2173324905816
-479.44244476015	1075.2	0.018767394550182	0.0187560457102603	0.218416331875749	0.21862451472185
-479.44244476015	1100.8	0.0187524992218941	0.0186439198512502	0.219493675465772	0.219902685636248
-479.44244476015	1126.4	0.0187182579011791	0.018525992668439	0.221252486531458	0.221165240892761
-479.44244476015	1152	0.0183851091652184	0.0183989349577424	0.222447636940263	0.222412747095993
-479.44244476015	1177.6	0.0178594748260757	0.0182649312549396	0.223458127342048	0.223643123638532
-466.825538319093	-1177.6	0.0197842817946681	0.0198700087311503	-0.223246152086255	-0.223251689881396
-466.825538319093	-1152	0.0197595350501051	0.0201254668587178	-0.221669568861626	-0.222050219789291
-466.825538319093	-1126.4	0.0200853277448901	0.0203841867420124	-0.220496974376034	-0.220842814792451
-466.825538319093	-1100.8	0.0204657556337506	0.020652256943537	-0.219437176468783	-0.219630793118499
-466.825538319093	-1075.2	0.020463563890593	0.0209221351085505	-0.21741885258736	-0.218403949741643
-466.825538319093	-1049.6	0.0209825687156408	0.021199137222012	-0.217020437252718	-0.217169715444444
-466.825538319093	-1024	0.0214283398469295	0.0214777015966957	-0.216181233411338	-0.215913577629992
-466.825538319093	-998.4	0.0217989161570787	0.0217583194570017	-0.214915916395255	-0.214645101701141
-466.825538319093	-972.8	0.0221978630700925	0.0220418265532153	-0.213610319655242	-0.213355239277857
-466.825538319093	-947.2	0.0224138553096427	0.0223281237333772	-0.21162587056674	-0.212049398809635
-466.825538319093	-921.6	0.0227902922394978	0.0226197521326366	-0.210862426386276	-0.21072155018262
-466.825538319093	-896	0.0231826790088122	0.0229145789121481	-0.210159959807296	-0.209370632506722
-466.825538319093	-870.4	0.0232864261902716	0.0232074919248386	-0.208704225182688	-0.207994400207426
-466.825538319093	-844.8	0.0238062512591438	0.023493110233446	-0.207057507235273	-0.206587715236351
-466.825538319093	-819.2	0.0239085993763101	0.0237679032921508	-0.204918429963302	-0.205146810237745
-466.825538319093	-793.6	0.0240229781525145	0.0240296542409972	-0.203331960539787	-0.203669145383739
-466.825538319093	-768	0.023933172306119	0.0242775595170665	-0.202724121835041	-0.202151593965661
-466.825538319093	-742.4	0.0245018458694824	0.0245115837209409	-0.20101217217357	-0.200587298106151
-466.825538319093	-716.8	0.0250269030130995	0.0247322309569599	-0.199219050283742	-0.198965792689017
-466.825538319093	-691.2	0.0252336784243123	0.0249400027024931	-0.197853557762273	-0.197274338820097
-466.825538319093	-665.6	0.0253429295558738	0.0251348496539498	-0.196539298597792	-0.195498369428767
-466.825538319093	-640	0.0251859959404717	0.0253159742017591	-0.194379457312338	-0.193621878595007
-466.825538319093	-614.4	0.0253429986064588	0.0254827691503268	-0.192321317951339	-0.191625975908955
-466.825538319093	-588.8	0.0259529608123009	0.0256359068017138	-0.190855429503224	-0.189489071802158
-466.825538319093	-563.2	0.0257851500556785	0.0257762535854146	-0.18898500098992	-0.187187596352411
-466.825538319093	-537.6	0.0262559033995456	0.0259024023702901	-0.187133497886772	-0.184694055940818
-466.825538319093	-512	0.0261384593069289	0.0260104711310041	-0.183981279900697	-0.181975890943624
-466.825538319093	-486.4	0.0264609323838809	0.0260943568085222	-0.181268630588727	-0.178994481147722
-466.825538319093	-460.8	0.0263335406281216	0.0261455753251877	-0.178454698260821	-0.175704516622123
-466.825538319093	-435.2	0.0266038123128262	0.0261535062204925	-0.174890505093548	-0.172054039050095
-466.825538319093	-409.6	0.0263683316809186	0.0261063314568966	-0.171660648929649	-0.167984112514108
-466.825538319093	-384	0.0264307223003306	0.0259926308215045	-0.167333887610294	-0.163429512461791
-466.825538319093	-358.4	0.0267834716679816	0.0258027841561324	-0.163005937226554	-0.158319208484477
-466.825538319093	-332.8	0.0265024993924903	0.0255287736661662	-0.158000423482179	-0.152577277071451
-466.825538319093	-307.2	0.0264312557854103	0.0251639279774908	-0.152101963197043	-0.146124710646883
-466.825538319093	-281.6	0.0257775144122154	0.0247074139026101	-0.14556975353264	-0.138881050416061
-466.825538319093	-256	0.0250998597900297	0.0241670156025708	-0.13810423178695	-0.130766718603202
-466.825538319093	-230.4	0.0242769748305293	0.0235540355725148	-0.129740272821868	-0.121708143877874
-466.825538319093	-204.8	0.0234343111544208	0.0228812427680154	-0.120323677532028	-0.11165222766988
-466.825538319093	-179.2	0.0224118232729601	0.0221641605612013	-0.109554470293008	-0.100580160084043
-466.825538319093	-153.6	0.0212474399471404	0.0214231890036246	-0.0974669442230782	-0.08851181071248
-466.825538319093	-128	0.0199511047858269	0.0206843592054097	-0.0840231558328259	-0.075504245494555
-466.825538319093	-102.4	0.0187691261655586	0.0199786678842389	-0.0691686377128814	-0.0616502561722388
-466.825538319093	-76.8	0.0177972181037969	0.0193390889502476	-0.0536158892719689	-0.0470764499257789
-466.825538319093	-51.2	0.0178823283556762	0.0187970263104503	-0.0366703880401889	-0.0319406844762475
-466.825538319093	-25.6	0.0184579095078905	0.0183787624794656	-0.0179480862046134	-0.0164260485386943
-466.825538319093	0	0.0172532225165817	0.0181011940427665	0.00113738890194583	-0.000733327320965787
-466.825538319093	25.6	0.0164606106917038	0.0179698359194094	0.0188193692927938	0.0149278129776903
-466.825538319093	51.2	0.0165590025999111	0.0179799496549337	0.0346361495779288	0.0303483048088036
-466.825538319093	76.8	0.0167511802313011	0.018118657489651	0.0512625928956968	0.0453300951423439
-466.825538319093	102.4	0.0174459302216492	0.0183668843459362	0.0669869535008164	0.0596971394745302
-466.825538319093	128	0.0182588491360003	0.0187019667320901	0.0810610645682184	0.0733047428535031
-466.825538319093	153.6	0.0189900268310739	0.0190997249369797	0.094354609530436	0.0860455561570826
-466.825538319093	179.2	0.0199050602741918	0.0195360958246768	0.106131903423007	0.0978519244305888
-466.825538319093	204.8	0.0207056189308493	0.019988272776552	0.116692413462311	0.108694253827005
-466.825538319093	230.4	0.0211231957542783	0.0204333239735839	0.126175736035266	0.118576159200075
-466.825538319093	256	0.0214071901054882	0.0208476942489628	0.134329974392833	0.127525203924328
-466.825538319093	281.6	0.0218357474733925	0.0212116388235377	0.141720361536329	0.135585688500397
-466.825538319093	307.2	0.0221273163550588	0.0215139158232662	0.148083339834354	0.142816044872724
-466.825538319093	332.8	0.0222251500190111	0.0217510376089339	0.154092817154645	0.149287468136712
-466.825538319093	358.4	0.0223658181159321	0.0219253688767383	0.159461861217747	0.15507726662653
-466.825538319093	384	0.0225390509496489	0.0220435501216301	0.163949477239803	0.160263029291142
-466.825538319093	409.6	0.0222522776808156	0.0221138267430752	0.168406300177171	0.164918453685701
-466.825538319093	435.2	0.0222415285361713	0.0221439475007798	0.171535366978987	0.169110441967689
-466.825538319093	460.8	0.0221530154829647	0.0221409879121385	0.17513201624395	0.172899641055301
-466.825538319093	486.4	0.0221832614814347	0.0221121176020631	0.178103116292808	0.176341886401193
-466.825538319093	512	0.0221430010802201	0.0220644614232213	0.181317494281234	0.179486541208838
-466.825538319093	537.6	0.0220356868722424	0.0220044803718443	0.184343075736206	0.182375991501296
-466.825538319093	563.2	0.0219586204375127	0.0219377216620561	0.18604974274428	0.185045694508419
-466.825538319093	588.8	0.0218831185088197	0.0218678546724469	0.187798237606978	0.187525832898454
-466.825538319093	614.4	0.0219370463275558	0.0217967494499137	0.191372979311155	0.189842252114157
-466.825538319093	640	0.0217491769662643	0.0217252147464635	0.19305846219802	0.192017031879319
-466.825538319093	665.6	0.0213897880880306	0.0216528499506654	0.194692092622831	0.1940685332108
-466.825538319093	691.2	0.0211829981246443	0.0215781551280586	0.196488851439915	0.196012422073629
-466.825538319093	716.8	0.0215705326662428	0.0215004748238798	0.198624049186358	0.197863359586039
-466.825538319093	742.4	0.0215127526446873	0.0214202981102957	0.200350334709987	0.199635573019974
-466.825538319093	768	0.0213653474806735	0.0213381980358767	0.202238590092371	0.201341533633292
-466.825538319093	793.6	0.0215418302180859	0.021254458596866	0.203802550610569	0.202991683441205
-466.825538319093	819.2	0.0212883736263872	0.0211693724374255	0.205212453715622	0.204592187602012
-466.825538319093	844.8	0.0211275177914052	0.021083308275527	0.205652008662559	0.20614552717287
-466.825538319093	870.4	0.0211480883819456	0.0209961212132205	0.20700303183964	0.207653813081481
-466.825538319093	896	0.0208556849976181	0.0209070846387744	0.209313441652058	0.209119617343108
-466.825538319093	921.6	0.0206711493718477	0.0208147625003029	0.211141534459755	0.210545831459455
-466.825538319093	947.2	0.0205449600430606	0.0207178248701948	0.211512341622234	0.211934398549286
-466.825538319093	972.8	0.0206668461881264	0.0206165161429716	0.213241865616093	0.213290537922143
-466.825538319093	998.4	0.0207677642440046	0.0205110991396392	0.214931539391525	0.214629321184028
-466.825538319093	1024	0.0208870524159208	0.0204017466050289	0.216811318877561	0.215949163052296
-466.825538319093	1049.6	0.0207891568132516	0.0202898357068656	0.218178037719522	0.217260333874541
-466.825538319093	1075.2	0.0204174966715964	0.0201717262483078	0.218247616377822	0.218550780311889
-466.825538319093	1100.8	0.0201218323670447	0.0200506453095973	0.219578672281488	0.219828758985401
-466.825538319093	1126.4	0.0202778852358409	0.0199206797641847	0.221131440583755	0.221088202509787
-466.825538319093	1152	0.0201182170571392	0.0197850645384194	0.222437330050197	0.222331642681197
-466.825538319093	1177.6	0.0196249574774868	0.0196404656841613	0.22360430083555	0.22356106406643
-454.208631878036	-1177.6	0.0214987903897445	0.0212635840346071	-0.22322331781035	-0.223155426557763
-454.208631878036	-1152	0.0215789401905689	0.0215317161094754	-0.222000325408992	-0.22195759890554
-454.208631878036	-1126.4	0.0215572785501129	0.0218022448957839	-0.220148420506191	-0.220753980371705
-454.208631878036	-1100.8	0.0219974012912165	0.0220854870675426	-0.219449676630512	-0.219547072788108
-454.208631878036	-1075.2	0.0220070657334015	0.0223702451899348	-0.217655424111514	-0.218326234693694
-454.208631878036	-1049.6	0.0223476438873738	0.0226622116351589	-0.216466713767653	-0.217098652001671
-454.208631878036	-1024	0.022809318988976	0.0229563342889374	-0.215577440917993	-0.215850806011134
-454.208631878036	-998.4	0.0230127649341994	0.0232529355820786	-0.214595483133187	-0.214586101324805
-454.208631878036	-972.8	0.0235027330121781	0.0235514213453326	-0.213474436378524	-0.213304027834269
-454.208631878036	-947.2	0.024000066929426	0.0238542640595223	-0.211762229890605	-0.211999091024663
-454.208631878036	-921.6	0.0244472030908929	0.0241618902939252	-0.211125178423345	-0.210670460391906
-454.208631878036	-896	0.0247522090788896	0.0244720042149552	-0.209930402015106	-0.209318835961788
-454.208631878036	-870.4	0.0248589630381125	0.0247795975575199	-0.20869652036891	-0.207942088567264
-454.208631878036	-844.8	0.0253777398321387	0.0250789050728462	-0.207004614815667	-0.206534800779958
-454.208631878036	-819.2	0.0254403528647958	0.0253665207138569	-0.204746370420502	-0.205093230311384
-454.208631878036	-793.6	0.0259289086940355	0.0256409755382561	-0.203309513213064	-0.203614947982942
-454.208631878036	-768	0.0258914331277494	0.0259022690221783	-0.202638053737642	-0.202096634508606
-454.208631878036	-742.4	0.0263014975205905	0.0261508806496614	-0.201470276841231	-0.200531501155578
-454.208631878036	-716.8	0.0267482769077334	0.0263876255847409	-0.199596564313435	-0.198909318317198
-454.208631878036	-691.2	0.0269942037841607	0.0266132555093117	-0.198014861006963	-0.197217218154145
-454.208631878036	-665.6	0.0270091438695718	0.0268278553999115	-0.196381770252295	-0.195441207721774
-454.208631878036	-640	0.0267910550910782	0.0270306203335576	-0.19423113243098	-0.193566152883932
-454.208631878036	-614.4	0.0272177309339298	0.027220653422515	-0.192489923381423	-0.191573285957103
-454.208631878036	-588.8	0.0276292954017355	0.0273982676917584	-0.190683275027954	-0.189441024752193
-454.208631878036	-563.2	0.0274179484476655	0.0275640502780014	-0.188785128897452	-0.187145811965174
-454.208631878036	-537.6	0.0278845027957555	0.0277167691547715	-0.186817062536974	-0.184660388340081
-454.208631878036	-512	0.0279539486304992	0.0278528128192888	-0.183837232492588	-0.181952966250728
-454.208631878036	-486.4	0.0284205785537663	0.0279658944117387	-0.18143658795236	-0.178985944952338
-454.208631878036	-460.8	0.0281102406855991	0.0280473627927591	-0.178152353308695	-0.175714930180088
-454.208631878036	-435.2	0.0285177984294684	0.0280865159964344	-0.174748856632155	-0.172088371500736
-454.208631878036	-409.6	0.0283947720529256	0.0280714121521096	-0.171280630827286	-0.168047937397575
-454.208631878036	-384	0.0284474342984453	0.0279901378192703	-0.167466085408795	-0.163528550369647
-454.208631878036	-358.4	0.0287646830395795	0.0278323799081227	-0.1630898474475	-0.158458619667658
-454.208631878036	-332.8	0.0285328213568831	0.0275896086699853	-0.158246716006654	-0.152761143266906
-454.208631878036	-307.2	0.0282573674050329	0.0272548109278139	-0.152294941076333	-0.146355268750103
-454.208631878036	-281.6	0.0278585743713247	0.0268267475411073	-0.145762696830796	-0.139157825085623
-454.208631878036	-256	0.0273067977059526	0.0263125695026435	-0.138481525606673	-0.131086417066494
-454.208631878036	-230.4	0.0263064257203762	0.0257228460994514	-0.129992931294903	-0.122064729555281
-454.208631878036	-204.8	0.0257142142053174	0.0250699892042889	-0.120564005209942	-0.112036564280928
-454.208631878036	-179.2	0.0246569779006288	0.0243693363710851	-0.110087243910654	-0.10097988694997
-454.208631878036	-153.6	0.0234825165611877	0.0236410239022841	-0.098115145450455	-0.0889119243169717
-454.208631878036	-128	0.0223427206516111	0.0229109168857004	-0.0846385179538633	-0.0758882890381158
-454.208631878036	-102.4	0.0212549784725006	0.0222098988546158	-0.0693099055307386	-0.0620014694975652
-454.208631878036	-76.8	0.0200637974145553	0.0215709118399947	-0.0541089010146952	-0.0473790221337961
-454.208631878036	-51.2	0.020088502609014	0.0210257844272262	-0.036834996275834	-0.0321810377568034
-454.208631878036	-25.6	0.0206878243635266	0.0206015108189319	-0.0186039935073518	-0.0165943141363325
-454.208631878036	0	0.0194287086418322	0.0203158034167789	0.00141084899250104	-0.000824068384023364
-454.208631878036	25.6	0.0184861397636308	0.0201747994728441	0.0189527482579767	0.0149152282648583
-454.208631878036	51.2	0.0187398584085278	0.0201740621217694	0.0347933373170745	0.0304093768765821
-454.208631878036	76.8	0.0190564438110015	0.0203008224917175	0.0513796915278988	0.0454557974902687
-454.208631878036	102.4	0.0195334195124775	0.0205359753484696	0.0673805945777672	0.0598749524816352
-454.208631878036	128	0.0203305264027063	0.0208566497536872	0.0815425376776307	0.0735200849607178
-454.208631878036	153.6	0.0211606648978339	0.0212383922560314	0.0949050758899379	0.0862830654821612
-454.208631878036	179.2	0.0220413881242447	0.0216569666253993	0.106402948897067	0.0980966277889433
-454.208631878036	204.8	0.0227540886313909	0.0220888940173073	0.116888220407337	0.108932310034182
-454.208631878036	230.4	0.0231240712504596	0.0225107170216579	0.126672508180081	0.118795763971811
-454.208631878036	256	0.0232295585687377	0.0228990214980286	0.134853669830634	0.127717690382126
-454.208631878036	281.6	0.0237934687119074	0.0232343560958321	0.142064522911452	0.135745713182886
-454.208631878036	307.2	0.0242084530755045	0.0235063209102426	0.148433828501445	0.142941460613687
-454.208631878036	332.8	0.0241543630486374	0.0237122496710597	0.15403722686901	0.149378329434784
-454.208631878036	358.4	0.0243266447946671	0.0238550932310848	0.160043303465558	0.155135563813403
-454.208631878036	384	0.0244145089038947	0.0239418610195741	0.164062193882731	0.160292295755365
-454.208631878036	409.6	0.024141653105211	0.0239810557181792	0.168411344135093	0.164922641758634
-454.208631878036	435.2	0.0241486832649714	0.023980801621873	0.171476772518811	0.169093849058957
-454.208631878036	460.8	0.0240644708762327	0.0239487571400802	0.175045973944264	0.172866649181426
-454.208631878036	486.4	0.0239474230843111	0.0238924876494634	0.178160453419925	0.176296308012579
-454.208631878036	512	0.0239396582272998	0.0238191150979171	0.181458598112216	0.179431659264747
-454.208631878036	537.6	0.0238143877829404	0.0237349582410419	0.184231165660589	0.182314354000431
-454.208631878036	563.2	0.023673139569238	0.0236452237127553	0.18597843141775	0.184979075247695
-454.208631878036	588.8	0.0235741881438489	0.0235534000058738	0.188132631238496	0.187455572845564
-454.208631878036	614.4	0.0235435606707052	0.0234615368928303	0.191021342749553	0.189769312363681
-454.208631878036	640	0.0234009197204498	0.02337079464457	0.192749098122351	0.191942020919124
-454.208631878036	665.6	0.0229809038136847	0.0232806712411822	0.19462358629231	0.193991434070264
-454.208631878036	691.2	0.0229556125437817	0.0231894763907416	0.196604716874038	0.195933312479155
-454.208631878036	716.8	0.0231491765746032	0.0230963765857868	0.19859895976312	0.197782687273933
-454.208631878036	742.4	0.0231372444517788	0.0230014612527404	0.200482740546834	0.19955365252487
-454.208631878036	768	0.0230677993550048	0.0229048415605465	0.202332604607645	0.201259115847844
-454.208631878036	793.6	0.0229675916787717	0.0228065490524566	0.203016854782433	0.202909632804282
-454.208631878036	819.2	0.0225807212543367	0.0227068441393464	0.204932356591448	0.204511251799259
-454.208631878036	844.8	0.0226031499747008	0.022606277196297	0.205770008353936	0.206066732784932
-454.208631878036	870.4	0.0226855635564567	0.0225050564200604	0.207402631863573	0.207577960141167
-454.208631878036	896	0.0223600516792719	0.0224027068902067	0.209096985166858	0.209046380451007
-454.208631878036	921.6	0.0219995131155599	0.022297950315051	0.210840702358792	0.210474036194922
-454.208631878036	947.2	0.0221839753409198	0.0221894132916101	0.211523404427549	0.211862725504564
-454.208631878036	972.8	0.0221640618386924	0.0220767963469137	0.213259234198263	0.213218006889222
-454.208631878036	998.4	0.0222041004353903	0.021960434109917	0.215167308456266	0.214557457648662
-454.208631878036	1024	0.0223187917395685	0.0218404049440092	0.217019556002625	0.215877052277857
-454.208631878036	1049.6	0.022072897134878	0.0217173476763312	0.218058111707401	0.217184993415953
-454.208631878036	1075.2	0.0218801940954127	0.021587782322273	0.218473380144779	0.218472517550795
-454.208631878036	1100.8	0.0216076972698805	0.0214558758983952	0.21964462406691	0.219748206090321
-454.208631878036	1126.4	0.0215529893176774	0.0213144670703874	0.220893252234332	0.221004585580651
-454.208631878036	1152	0.0213119920313425	0.0211689770540679	0.222298333600946	0.222245823312734
-454.208631878036	1177.6	0.0208515501049685	0.0210155391508548	0.223551433747924	0.223472387921855
-441.59172543698	-1177.6	0.0232651804641644	0.0226554837825909	-0.22328467492176	-0.223056096455922
-441.59172543698	-1152	0.0234044499218125	0.0229368811852361	-0.2223017955041	-0.221860852803789
-441.59172543698	-1126.4	0.02322964640551	0.0232230211132546	-0.220190199701798	-0.220661986332809
-441.59172543698	-1100.8	0.0234482679627231	0.0235183746164513	-0.219156124067224	-0.219458100385929
-441.59172543698	-1075.2	0.0236971449111523	0.0238184464225024	-0.218097069788619	-0.2182443102929
-441.59172543698	-1049.6	0.0238198750806869	0.0241242466728327	-0.216545251858193	-0.217019622393214
-441.59172543698	-1024	0.0242809711307569	0.0244337939646514	-0.215118997704966	-0.21577951007197
-441.59172543698	-998.4	0.0244197973176244	0.0247465101878208	-0.214219861179846	-0.214520456432023
-441.59172543698	-972.8	0.0249197892305288	0.0250613111321757	-0.213448046956609	-0.213244500623352
-441.59172543698	-947.2	0.0256936337528649	0.0253806890567033	-0.212249010639925	-0.211944431323992
-441.59172543698	-921.6	0.0260667226686646	0.0257047119355858	-0.211490599235618	-0.210617356404699
-441.59172543698	-896	0.0262729071085295	0.0260303496289182	-0.209632950895391	-0.209265635413939
-441.59172543698	-870.4	0.0262559628331317	0.0263525759075913	-0.208344244678696	-0.207887824034957
-441.59172543698	-844.8	0.0266523177255288	0.0266655318796046	-0.206817876585663	-0.206478886218091
-441.59172543698	-819.2	0.0270248149628383	0.02696597397927	-0.204981449127432	-0.205035558637243
-441.59172543698	-793.6	0.0277918039712244	0.0272530697275457	-0.203648769013286	-0.203555625835034
-441.59172543698	-768	0.0278457930130776	0.0275275619390495	-0.202552157091441	-0.202035655217879
-441.59172543698	-742.4	0.0279387962483102	0.0277905147707694	-0.201176017134959	-0.200468702801007
-441.59172543698	-716.8	0.028098027681924	0.0280431990252912	-0.199004483257444	-0.198844721038085
-441.59172543698	-691.2	0.0284621421332766	0.0282865843724856	-0.197558279453183	-0.197150961054042
-441.59172543698	-665.6	0.0288318942095193	0.0285208706241595	-0.19634611420335	-0.195373996686361
-441.59172543698	-640	0.028543123369486	0.0287454819405065	-0.19413345763447	-0.193499442915481
-441.59172543698	-614.4	0.0289398591628579	0.0289593939660677	-0.192452429396315	-0.191508718346034
-441.59172543698	-588.8	0.0292886153255789	0.0291623226379396	-0.190481194629121	-0.189380291240189
-441.59172543698	-563.2	0.029231399926906	0.0293542707409623	-0.188510551318855	-0.187090404390657
-441.59172543698	-537.6	0.0295892935816978	0.0295341439498884	-0.186543555395823	-0.184612184314587
-441.59172543698	-512	0.0297786003428587	0.0296985913567822	-0.183695980549048	-0.181914819387805
-441.59172543698	-486.4	0.0302165768452627	0.0298411262412602	-0.181343042534864	-0.178961518954245
-441.59172543698	-460.8	0.0299725189720558	0.0299527992431295	-0.177855706579901	-0.175708447843402
-441.59172543698	-435.2	0.0299622053491773	0.0300231039194475	-0.174786177431599	-0.172104885892303
-441.59172543698	-409.6	0.0301494122087323	0.0300402095150904	-0.171268842595508	-0.168093519039116
-441.59172543698	-384	0.030664145534796	0.0299917829396848	-0.167649868206347	-0.163609481277721
-441.59172543698	-358.4	0.0306422965143506	0.0298666933664819	-0.162959996205143	-0.158580265732404
-441.59172543698	-332.8	0.0304383606179234	0.0296557643109003	-0.15820818417073	-0.152927640973551
-441.59172543698	-307.2	0.0301710930278177	0.0293518227740631	-0.152222312697205	-0.146568997208035
-441.59172543698	-281.6	0.0300091529981169	0.0289531835962021	-0.146130423571846	-0.139418468037077
-441.59172543698	-256	0.0293786170305394	0.0284660749697127	-0.138833649674701	-0.131391143393151
-441.59172543698	-230.4	0.0288049296675733	0.0279001697877109	-0.130479057764728	-0.122407756791811
-441.59172543698	-204.8	0.027946484843462	0.0272674624081408	-0.12114742429703	-0.112408724029487
-441.59172543698	-179.2	0.026921106539554	0.0265831048012089	-0.110524365025659	-0.101368832601982
-441.59172543698	-153.6	0.0258148641888151	0.025867289083707	-0.0985724206746668	-0.0893030215712668
-441.59172543698	-128	0.024864572238244	0.0251460140101969	-0.0853533059393768	-0.0762652910346461
-441.59172543698	-102.4	0.0234893031471823	0.0244501759978055	-0.0699941291021967	-0.0623475530533784
-441.59172543698	-76.8	0.0224044450052262	0.0238126537126869	-0.0545522898815894	-0.0476783780902727
-441.59172543698	-51.2	0.0222624945481237	0.0232653376198905	-0.0365119854064444	-0.0324199844121328
-441.59172543698	-25.6	0.0226251310983544	0.0228355519361171	-0.018539008659575	-0.0167625793315499
-441.59172543698	0	0.0210555480833894	0.0225414494756774	0.00175441032159284	-0.00091584489694783
-441.59172543698	25.6	0.0205352376511268	0.0223898666699567	0.0189508317496833	0.0149006584682343
-441.59172543698	51.2	0.0208020401798859	0.0223770164460298	0.0347787198922028	0.0304674811354647
-441.59172543698	76.8	0.0211372588983211	0.0224903764144392	0.0517066391301414	0.0455774313887922
-441.59172543698	102.4	0.0216949792446377	0.0227108710446182	0.0676237815724816	0.060047542738423
-441.59172543698	128	0.0223198237406642	0.0230156364437635	0.0819466743975301	0.0737288491531833
-441.59172543698	153.6	0.0232001386055387	0.0233801987135888	0.0949410241875297	0.0865123537682438
-441.59172543698	179.2	0.0241092536522611	0.0237802166548002	0.106816070794947	0.0983314176968336
-441.59172543698	204.8	0.0248738171839845	0.0241915657004676	0.117501534279469	0.109159082469783
-441.59172543698	230.4	0.0250056554742514	0.0245900302959038	0.126710845625255	0.119003347930029
-441.59172543698	256	0.0254270082878533	0.0249520925431061	0.134889685042613	0.127897689307283
-441.59172543698	281.6	0.0257617183609052	0.0252586862369272	0.14230086833213	0.1358930727632
-441.59172543698	307.2	0.0262540378814315	0.02550020005855	0.148650244787771	0.143053874136778
-441.59172543698	332.8	0.0261698581398116	0.0256748258585087	0.154208209414237	0.14945569057086
-441.59172543698	358.4	0.0264456055496069	0.0257860925653052	0.15988041488931	0.155179968338433
-441.59172543698	384	0.026242374185923	0.0258413348658792	0.16421116563358	0.160307311374286
-441.59172543698	409.6	0.0260015262617875	0.0258493471952383	0.168242946001971	0.164912310770478
-441.59172543698	435.2	0.0256826045951795	0.0258187832873717	0.172066070052918	0.16906263044705
-441.59172543698	460.8	0.0258995991178934	0.0257578576448048	0.175272594993036	0.172819196829766
-441.59172543698	486.4	0.0257170236070709	0.0256743253787925	0.178183973016519	0.176236717781417
-441.59172543698	512	0.0256474319367212	0.0255751807610987	0.181481882591029	0.179363332382823
-441.59172543698	537.6	0.0255380769844316	0.0254666332140936	0.18404450832691	0.182239873674168
-441.59172543698	563.2	0.025381649019082	0.0253537807410749	0.185865283535194	0.184900268594166
-441.59172543698	588.8	0.0252375277747283	0.0252400001080268	0.188343306009232	0.187373990829905
-441.59172543698	614.4	0.0251542962941649	0.0251274461811263	0.190785742513261	0.189686279844624
-441.59172543698	640	0.0249742081733238	0.0250174466489589	0.192481762780226	0.191858331339772
-441.59172543698	665.6	0.0245436122453036	0.0249093870626421	0.194251943535029	0.193906987090156
-441.59172543698	691.2	0.0246776591625716	0.0248014821701255	0.196558730738911	0.195848188494594
-441.59172543698	716.8	0.0247616157129718	0.0246927212117079	0.198685100048728	0.197697169738104
-441.59172543698	742.4	0.024721618861215	0.0245826984339948	0.200610955288452	0.199467815815241
-441.59172543698	768	0.0245617989965005	0.024471065575545	0.201699238591129	0.201172988106235
-441.59172543698	793.6	0.0243746644614609	0.0243578641157952	0.202245059972142	0.202822983620773
-441.59172543698	819.2	0.0239931519205328	0.024243486179996	0.204820008522961	0.204424130300906
-441.59172543698	844.8	0.0241876032901278	0.02412855720101	0.206666624229454	0.205980082470697
-441.59172543698	870.4	0.0242150533425023	0.0240134420425829	0.207895969305221	0.207493137127804
-441.59172543698	896	0.023880858440109	0.0238978542950711	0.208693474628175	0.208964022486978
-441.59172543698	921.6	0.0233526623652191	0.0237807720363534	0.210693654827419	0.210394122261767
-441.59172543698	947.2	0.0237305419218038	0.0236608797986816	0.211713882794123	0.211786743247995
-441.59172543698	972.8	0.0235191999277207	0.0235374501032568	0.213425047463946	0.213146318906947
-441.59172543698	998.4	0.0233582841353187	0.0234099924509306	0.215326225958805	0.214480817373851
-441.59172543698	1024	0.0234646675932724	0.0232789413207883	0.216554072519816	0.215800439151532
-441.59172543698	1049.6	0.0232538145662696	0.0231444366533866	0.21790808812575	0.217105905263257
-441.59172543698	1075.2	0.0233108437969412	0.0230043966083051	0.218719799437335	0.21839184706275
-441.59172543698	1100.8	0.023054568659697	0.0228607441455182	0.219611110276111	0.219663115116336
-441.59172543698	1126.4	0.0227257372342573	0.0227092879938484	0.220652200560086	0.220915728914445
-441.59172543698	1152	0.0225050483325399	0.0225535368333346	0.222166163673418	0.22215385754262
-441.59172543698	1177.6	0.0219679508342745	0.0223897016071668	0.223439079049119	0.22337945192336
-428.974818995923	-1203.2	0.0243177575762607	0.0237717038560733	-0.22486804393477	-0.224146984690473
-428.974818995923	-1177.6	0.0243968925926316	0.0240506560811148	-0.223333878741646	-0.222956817872966
-428.974818995923	-1152	0.0247083652555555	0.0243438470821753	-0.222528666684532	-0.221763462877162
-428.974818995923	-1126.4	0.0247424112512139	0.0246439835062948	-0.220525958868625	-0.220567247427343
-428.974818995923	-1100.8	0.0248315422668283	0.0249514757077577	-0.218988957129872	-0.21936619110799
-428.974818995923	-1075.2	0.0250968249047618	0.0252653981178933	-0.218106262535439	-0.218156514536912
-428.974818995923	-1049.6	0.0253013774217279	0.0255855303314918	-0.216624065322863	-0.216936130726413
-428.974818995923	-1024	0.0256302158935254	0.0259103094166052	-0.21515245229948	-0.215701169698323
-428.974818995923	-998.4	0.0259421569806916	0.0262375722340293	-0.214778129437456	-0.214453117168821
-428.974818995923	-972.8	0.0265852292921349	0.0265699833513626	-0.213621089187466	-0.213180737598874
-428.974818995923	-947.2	0.0271083171847103	0.026906696869623	-0.212129520286065	-0.211885034114845
-428.974818995923	-921.6	0.02752776594864	0.0272474330977642	-0.211350557381683	-0.210561090398134
-428.974818995923	-896	0.0277847792373438	0.0275888052813211	-0.209578768820024	-0.2092099271056
-428.974818995923	-870.4	0.0277840251503837	0.0279256952792793	-0.208036098645964	-0.207830686592928
-428.974818995923	-844.8	0.0279669130404971	0.0282524800730473	-0.206592777980641	-0.206419179240059
-428.974818995923	-819.2	0.028645099201765	0.0285661684777708	-0.205315828706829	-0.204972994223253
-428.974818995923	-793.6	0.0291374177941607	0.028866304246012	-0.203831519440496	-0.203490346449262
-428.974818995923	-768	0.0294942803438179	0.0291541720291	-0.202614626825032	-0.201967605723199
-428.974818995923	-742.4	0.0295128023355183	0.0294316251739765	-0.200768898174884	-0.200397809226003
-428.974818995923	-716.8	0.0294562011206772	0.0297004460926916	-0.198509540732526	-0.198771159295315
-428.974818995923	-691.2	0.0299146417063198	0.0299617328635481	-0.197103662588817	-0.197075155395479
-428.974818995923	-665.6	0.0304310278831269	0.0302157669615635	-0.196001297960431	-0.195296689711142
-428.974818995923	-640	0.0303710441872234	0.0304622255570779	-0.194079386768242	-0.193421651397531
-428.974818995923	-614.4	0.0304461753116077	0.0307001386629727	-0.192123407608831	-0.191431844720032
-428.974818995923	-588.8	0.0310790580048595	0.030928644324948	-0.190573660628133	-0.189305937019684
-428.974818995923	-563.2	0.0311656187137928	0.0311471722041341	-0.188281718496059	-0.187020213843729
-428.974818995923	-537.6	0.0314972808213879	0.0313546026945073	-0.186379249462653	-0.184548354241388
-428.974818995923	-512	0.0316021930619641	0.0315476314049288	-0.18355192815289	-0.18186033038814
-428.974818995923	-486.4	0.0319104066662964	0.0317196921683501	-0.181060283862305	-0.178919929460461
-428.974818995923	-460.8	0.0317913645353842	0.0318616330002282	-0.177689412683924	-0.175683905122714
-428.974818995923	-435.2	0.0318270431519793	0.0319631193877102	-0.174654877492983	-0.172102680989739
-428.974818995923	-409.6	0.0321731654794327	0.0320124606200943	-0.171289062983171	-0.168120004191173
-428.974818995923	-384	0.0325189983157826	0.0319970474782638	-0.167465839816697	-0.163671052506415
-428.974818995923	-358.4	0.0327933992427621	0.031905015006982	-0.163273684463321	-0.158682540530631
-428.974818995923	-332.8	0.0326544609918984	0.0317265236393231	-0.158063898719843	-0.15307516740064
-428.974818995923	-307.2	0.0324043021829766	0.0314543031372286	-0.15239135784642	-0.146764403301536
-428.974818995923	-281.6	0.0319609380951073	0.0310860941585162	-0.146110260150068	-0.139661610075093
-428.974818995923	-256	0.031662253067922	0.030626905108476	-0.139297261980612	-0.131679365498709
-428.974818995923	-230.4	0.0308613754968187	0.0300855861362647	-0.131262105327192	-0.122735642241516
-428.974818995923	-204.8	0.0301583179781123	0.0294734242453052	-0.121643605475702	-0.112767281285939
-428.974818995923	-179.2	0.02920248515996	0.0288052715321644	-0.110989878677933	-0.101745944428431
-428.974818995923	-153.6	0.0281619878938344	0.0281017025745721	-0.099089062030489	-0.0896841804808885
-428.974818995923	-128	0.0271652687221318	0.0273891787947212	-0.0857223046370164	-0.0766342757473074
-428.974818995923	-102.4	0.0259234835319048	0.0266986920495247	-0.0706915632248664	-0.0626875183187896
-428.974818995923	-76.8	0.0247791151900669	0.0260631817572382	-0.0549414897463187	-0.0479735654386503
-428.974818995923	-51.2	0.0245570571384219	0.0255144055964364	-0.0368446302121482	-0.0326567540747348
-428.974818995923	-25.6	0.0246799520613335	0.0250794879222279	-0.0185271667404318	-0.016930322207107
-428.974818995923	0	0.0233003398978657	0.0247768034321451	0.00127120325493509	-0.00100833884497204
-428.974818995923	25.6	0.0228908621776388	0.0246138634918856	0.018624911404672	0.0148843281462136
-428.974818995923	51.2	0.022807351540063	0.0245877253832979	0.0345603108788624	0.0305228281429354
-428.974818995923	76.8	0.0231076658813446	0.0246863272664164	0.0517257330234653	0.0456951971483072
-428.974818995923	102.4	0.023825000514523	0.024890696711977	0.0681484755663112	0.0602150210639947
-428.974818995923	128	0.024726277488519	0.0251781641280132	0.0826590449466235	0.0739309904590468
-428.974818995923	153.6	0.0252894701989237	0.0255244759439617	0.0956025100212387	0.0867335078170572
-428.974818995923	179.2	0.0261535232189839	0.0259050571049077	0.107369119154323	0.0985565025695814
-428.974818995923	204.8	0.0270416206272293	0.0262952454984175	0.118014285423035	0.109374907078385
-428.974818995923	230.4	0.0273941975719261	0.0266701081173323	0.127066965856816	0.119199020526926
-428.974818995923	256	0.0274659201922835	0.0270058339398039	0.135434763010166	0.128065187850296
-428.974818995923	281.6	0.0278384644222742	0.0272838002687347	0.142343627352044	0.136027646743206
-428.974818995923	307.2	0.0281092926173246	0.0274950183569442	0.148495061297296	0.14315305472506
-428.974818995923	332.8	0.0282696061990085	0.0276384189340375	0.154273635180328	0.149519266099251
-428.974818995923	358.4	0.0281988609104968	0.0277180697718912	0.159103399693247	0.155210178216156
-428.974818995923	384	0.0280412660532	0.0277416513990862	0.164247217964841	0.160307865834907
-428.974818995923	409.6	0.0277470798795188	0.0277184108315562	0.168062933379106	0.164887597302701
-428.974818995923	435.2	0.0276710668481085	0.027657613447595	0.172181811679411	0.169017259701917
-428.974818995923	460.8	0.0276686610739826	0.0275680169931471	0.175228249112263	0.172757896553448
-428.974818995923	486.4	0.0274639651118446	0.027457340644805	0.178090292670391	0.176163748010402
-428.974818995923	512	0.0272539303395361	0.0273324032963768	0.181286932306777	0.17928206457286
-428.974818995923	537.6	0.0272260775158609	0.0271993531573325	0.183823820040182	0.18215274522682
-428.974818995923	563.2	0.0270005596376061	0.0270633274733697	0.18587506395576	0.184809323959408
-428.974818995923	588.8	0.0268119520334547	0.0269276871884445	0.188189960932851	0.187281094289465
-428.974818995923	614.4	0.0267913028679084	0.0267945923147992	0.190956470121156	0.189593077973339
-428.974818995923	640	0.02651469922998	0.0266653186513494	0.192321600874047	0.191765662066439
-428.974818995923	665.6	0.0262409824573522	0.0265391166695933	0.193932521381631	0.193814832633383
-428.974818995923	691.2	0.0263886727838844	0.0264141188432969	0.196482570084749	0.195756494245461
-428.974818995923	716.8	0.0264031519162221	0.0262892443939662	0.198683070907137	0.197605953202947
-428.974818995923	742.4	0.0262693601110149	0.0261637264468625	0.200372040201202	0.199376814114552
-428.974818995923	768	0.0260999631640817	0.0260368298327565	0.201279313895636	0.201081729388431
-428.974818995923	793.6	0.0258613230093284	0.0259087196642623	0.201983733204692	0.202730662310196
-428.974818995923	819.2	0.02566192958063	0.0257799383792365	0.204795753144094	0.204330427019858
-428.974818995923	844.8	0.0257831767885277	0.0256509591051183	0.207168697485005	0.205885730766911
-428.974818995923	870.4	0.0257617422149485	0.0255220707297162	0.208168955408817	0.207399504478751
-428.974818995923	896	0.0253795266249452	0.0253931412024505	0.208243009537803	0.208872243884882
-428.974818995923	921.6	0.0248570641516998	0.0252635062022627	0.210472437397329	0.21030510447918
-428.974818995923	947.2	0.0253259231412512	0.0251320852164052	0.211864246547901	0.211701347310282
-428.974818995923	972.8	0.0249825749943521	0.0249978236261233	0.213291593181815	0.213064975534168
-428.974818995923	998.4	0.0245183051290316	0.0248598443304451	0.215004028669497	0.214403017371344
-428.974818995923	1024	0.0246329876437856	0.024717327785207	0.215856447974837	0.215719989827297
-428.974818995923	1049.6	0.0244470096882015	0.0245707315672802	0.217503330999631	0.217021825565879
-428.974818995923	1075.2	0.0245502374910879	0.0244199441702727	0.218675830799021	0.218306602178067
-428.974818995923	1100.8	0.024346189788142	0.0242646554856934	0.219513759501353	0.219573568156025
-428.974818995923	1126.4	0.0241457461502607	0.0241038615721386	0.220634511409838	0.220823200982139
-428.974818995923	1152	0.0239898356369025	0.0239369298592885	0.222375039067062	0.222058381052145
-428.974818995923	1177.6	0.0235543019932956	0.0237636274421579	0.223587802847204	0.223282545041766
-428.974818995923	1203.2	0.0231445840940692	0.0235864031885786	0.22415685540382	0.224492007040463
-416.357912554867	-1203.2	0.0254191903819737	0.0251576874488391	-0.22462674144186	-0.224045485446698
-416.357912554867	-1177.6	0.0253854376516247	0.0254481945678645	-0.223258668084859	-0.222858164864538
-416.357912554867	-1152	0.025927937564021	0.0257538911275771	-0.222674547773749	-0.22166616697187
-416.357912554867	-1126.4	0.0261665762965091	0.0260644569510349	-0.220932925078483	-0.220472186594872
-416.357912554867	-1100.8	0.0261767713360124	0.0263848378870821	-0.218891472422982	-0.219272842685446
-416.357912554867	-1075.2	0.0264211470318915	0.0267120522078462	-0.217906001509401	-0.218067554597373
-416.357912554867	-1049.6	0.0265890359442646	0.0270463222482482	-0.216833146936327	-0.216850392240306
-416.357912554867	-1024	0.026842821013741	0.0273849313594955	-0.215626549938353	-0.215622761878221
-416.357912554867	-998.4	0.0275604535352047	0.0277294412152999	-0.215041431876678	-0.214376293803561
-416.357912554867	-972.8	0.0278149847388861	0.0280779066933647	-0.213162453496646	-0.213112708849885
-416.357912554867	-947.2	0.0283222343783705	0.0284321263817989	-0.211743106595473	-0.2118217793902
-416.357912554867	-921.6	0.0288430612674615	0.0287895891571	-0.210862445068772	-0.210499839370004
-416.357912554867	-896	0.0293216317209953	0.0291465878766873	-0.209523713652124	-0.20914945989371
-416.357912554867	-870.4	0.0295993393086595	0.0294981639403747	-0.20795260730312	-0.207768685405997
-416.357912554867	-844.8	0.0294458082933111	0.0298391366466058	-0.206204527977293	-0.206354427027617
-416.357912554867	-819.2	0.0300430099479054	0.0301667253539046	-0.205021452881718	-0.204905004943113
-416.357912554867	-793.6	0.0304854249392952	0.0304806104701583	-0.203957924247827	-0.20341887280863
-416.357912554867	-768	0.0310177057827148	0.0307825045874952	-0.202349415228632	-0.201892272589386
-416.357912554867	-742.4	0.0311459831469222	0.0310751000846614	-0.200616236567368	-0.20031868090972
-416.357912554867	-716.8	0.0312154106659131	0.0313606951947843	-0.198651829741349	-0.19868878548365
-416.357912554867	-691.2	0.0316184742400638	0.0316403645372848	-0.197206206294387	-0.19699028492108
-416.357912554867	-665.6	0.032147244265562	0.0319143983652663	-0.196093974529966	-0.195209903870638
-416.357912554867	-640	0.0320331699959041	0.0321826282703614	-0.193974546278241	-0.193333328831361
-416.357912554867	-614.4	0.0320886916370936	0.03244425212706	-0.192013656289812	-0.191342905800294
-416.357912554867	-588.8	0.032905052593242	0.0326981752446612	-0.190736323980785	-0.189217849556542
-416.357912554867	-563.2	0.0329137456451071	0.0329433832905647	-0.188329348588377	-0.186934863218448
-416.357912554867	-537.6	0.0333036805995507	0.0331784498151578	-0.186137054925866	-0.184468286034784
-416.357912554867	-512	0.0334041919483219	0.0333999195993508	-0.183356677817834	-0.181788507508647
-416.357912554867	-486.4	0.0336169115159982	0.0336012966202494	-0.180790746770183	-0.178859907782661
-416.357912554867	-460.8	0.0339251432592654	0.0337734765637269	-0.177872809939675	-0.175640108296861
-416.357912554867	-435.2	0.0337636581993921	0.0339061266860421	-0.174467334246122	-0.172080684959429
-416.357912554867	-409.6	0.0341506582538259	0.033987653168968	-0.171204661869511	-0.16812620423448
-416.357912554867	-384	0.0341597951473686	0.0340052623551668	-0.167083701989683	-0.163711815733226
-416.357912554867	-358.4	0.0349362007292006	0.0339466085067951	-0.163240768961259	-0.158763879601825
-416.357912554867	-332.8	0.0348170858055431	0.0338011992078495	-0.158271562092243	-0.153202170800865
-416.357912554867	-307.2	0.0343651872110767	0.0335614712224366	-0.152907074569932	-0.146939972815807
-416.357912554867	-281.6	0.034131036096682	0.0332245985391691	-0.146543823122837	-0.139885949373897
-416.357912554867	-256	0.0334589264583278	0.0327942552234538	-0.139470288615853	-0.131949889306546
-416.357912554867	-230.4	0.0329225307804056	0.0322783894925395	-0.131557398369432	-0.123047066724629
-416.357912554867	-204.8	0.032238075540453	0.0316873768797365	-0.121973530020789	-0.11311120419543
-416.357912554867	-179.2	0.0313388980370494	0.0310356075942005	-0.111419080991861	-0.102110633688794
-416.357912554867	-153.6	0.0305698879527355	0.0303441292695394	-0.0997251229347879	-0.0900550260822412
-416.357912554867	-128	0.0294535881759419	0.0296401748798281	-0.0860168402998026	-0.0769948527716084
-416.357912554867	-102.4	0.0279931412894686	0.0289550642262933	-0.0714165887326959	-0.0630208662587061
-416.357912554867	-76.8	0.027121484778345	0.0283217896976944	-0.0552305921062115	-0.0482638622651372
-416.357912554867	-51.2	0.0269897939968469	0.0277718522546084	-0.0375918239912654	-0.0328903958543154
-416.357912554867	-25.6	0.0268725096531274	0.0273319172700868	-0.0186648169199248	-0.017096637291768
-416.357912554867	0	0.0255487907468014	0.0270205394829806	0.00104989338919615	-0.00110095561652653
-416.357912554867	25.6	0.0252025762966864	0.0268457658978172	0.0183731964852205	0.0148663148426208
-416.357912554867	51.2	0.025000188827497	0.0268053072619345	0.0346120370592257	0.0305750169964503
-416.357912554867	76.8	0.0254245007624244	0.0268877969049996	0.0517016489434216	0.0458084819052075
-416.357912554867	102.4	0.026083627990253	0.0270747403674551	0.0684239005197369	0.0603766880159126
-416.357912554867	128	0.0268443424040335	0.0273438565057625	0.0832003891098199	0.0741261505572475
-416.357912554867	153.6	0.0275536426214115	0.0276710234983719	0.0961972906054719	0.0869465656995366
-416.357912554867	179.2	0.0284562520191696	0.0280312445364823	0.107675588925191	0.0987724319330955
-416.357912554867	204.8	0.0290207793740221	0.0283995125506687	0.118347513783552	0.10958057076324
-416.357912554867	230.4	0.0296898159534819	0.0287504375660613	0.127602535290065	0.119383322283702
-416.357912554867	256	0.0297286353252414	0.0290597649362034	0.135259071509203	0.128220271454698
-416.357912554867	281.6	0.0298656247468381	0.0293092575945226	0.142364883358217	0.13614896161641
-416.357912554867	307.2	0.0299466861736525	0.0294904038655513	0.14868949222737	0.143238348280403
-416.357912554867	332.8	0.0300488184641799	0.0296026766538098	0.154252320943363	0.149568713024301
-416.357912554867	358.4	0.0300969195819001	0.0296507115358876	0.158975172167348	0.155226146332018
-416.357912554867	384	0.0297942966021311	0.0296426011362375	0.163984725233086	0.160294130663482
-416.357912554867	409.6	0.0296499942722961	0.0295881424409748	0.168294228438174	0.164848874261082
-416.357912554867	435.2	0.0296600596755162	0.0294973168775502	0.171603726136262	0.168958420775996
-416.357912554867	460.8	0.0293420682682985	0.0293792881029951	0.174954221558452	0.17268373317191
-416.357912554867	486.4	0.0291493271885423	0.0292416729875299	0.178033167709418	0.176078491742672
-416.357912554867	512	0.0288650415661809	0.0290910981849227	0.18110265142521	0.179188824970807
-416.357912554867	537.6	0.029040296825971	0.0289336496908645	0.183899042109606	0.182053862100741
-416.357912554867	563.2	0.0286202407527529	0.028774487955577	0.185897135420526	0.184707075816857
-416.357912554867	588.8	0.0284696942459685	0.0286170183108237	0.188098794346749	0.187177563698065
-416.357912554867	614.4	0.0284446069665992	0.0284634148420134	0.190880093849111	0.189489955701238
-416.357912554867	640	0.0280960451853493	0.0283147233138691	0.192137195784849	0.191663841365636
-416.357912554867	665.6	0.0279594822898575	0.0281700098350439	0.193846141379844	0.193714558238128
-416.357912554867	691.2	0.0279747882542164	0.0280274653436959	0.196300993734113	0.195657559458836
-416.357912554867	716.8	0.0279335568020136	0.0278860513228255	0.198395898500739	0.197507919864636
-416.357912554867	742.4	0.0278086309811173	0.0277447297718335	0.199904184226743	0.199278995358043
-416.357912554867	768	0.0277300377134512	0.0276025729014697	0.201271335357045	0.200983407220533
-416.357912554867	793.6	0.0275847878309428	0.0274598096718981	0.20281638451374	0.202631050459299
-416.357912554867	819.2	0.0273749689665987	0.0273169515686675	0.205027472495389	0.204229150651828
-416.357912554867	844.8	0.0273290377657875	0.0271742064298047	0.206893104300812	0.205783362281695
-416.357912554867	870.4	0.0274050516132527	0.0270316970183771	0.208207948964771	0.207297156928084
-416.357912554867	896	0.0269322157698209	0.0268894003953277	0.208169857233777	0.208771109138493
-416.357912554867	921.6	0.0266069707194622	0.0267469707955104	0.210318556286957	0.210206536011175
-416.357912554867	947.2	0.026800966771088	0.0266037089009042	0.211841196215883	0.211608005803482
-416.357912554867	972.8	0.0265294391377532	0.0264581839308917	0.212928027387301	0.212974591571455
-416.357912554867	998.4	0.0259301524287123	0.0263092192527765	0.215165618416357	0.214316166726504
-416.357912554867	1024	0.0259915094356556	0.0261561809868117	0.215697537332116	0.215637584223529
-416.357912554867	1049.6	0.0256991709483937	0.0259975697302833	0.217153302019291	0.216935057069663
-416.357912554867	1075.2	0.0256850362878593	0.0258352938519788	0.218510480251694	0.218216603081504
-416.357912554867	1100.8	0.0255842848891264	0.0256681471930516	0.219395116318289	0.219479125979539
-416.357912554867	1126.4	0.0256729848764142	0.0254964418329568	0.22069823977385	0.22072601091188
-416.357912554867	1152	0.0255290685061074	0.025321313072228	0.222562809324204	0.221959643420533
-416.357912554867	1177.6	0.0252594244994305	0.0251390715298921	0.223718976919276	0.223181415793505
-416.357912554867	1203.2	0.0248231358290416	0.0249530868167997	0.224362342379862	0.224390587005408
-403.74100611381	-1203.2	0.0268018505752631	0.0265413843800739	-0.224204884699332	-0.223947490279477
-403.74100611381	-1177.6	0.0267550783565195	0.0268495345754882	-0.222643673396793	-0.222758941062047
-403.74100611381	-1152	0.0274636969659962	0.0271630467441121	-0.222778242317229	-0.221570097086244
-403.74100611381	-1126.4	0.0276833967869083	0.0274869433337391	-0.221070445375614	-0.22037707533434
-403.74100611381	-1100.8	0.0276571453323346	0.0278197422689561	-0.219067439206394	-0.219179044671857
-403.74100611381	-1075.2	0.0278882776764579	0.0281602304129937	-0.218084510411018	-0.217975077384024
-403.74100611381	-1049.6	0.0280077490543751	0.028508912610811	-0.21694860576479	-0.216760276379895
-403.74100611381	-1024	0.0285052029712631	0.0288617089607415	-0.215793702073777	-0.215537218051588
-403.74100611381	-998.4	0.0293085144425347	0.0292213229148339	-0.214822635555049	-0.214295978031459
-403.74100611381	-972.8	0.0293464563457667	0.0295860898206053	-0.212992364448738	-0.213037872487269
-403.74100611381	-947.2	0.0297172320831986	0.0299570886749693	-0.211534948233985	-0.211749946597214
-403.74100611381	-921.6	0.0302087238298268	0.030330654578529	-0.210441280023072	-0.210430533592423
-403.74100611381	-896	0.0308679765082618	0.0307029797829982	-0.20953247411731	-0.209080894196917
-403.74100611381	-870.4	0.0313680599572106	0.0310693666954875	-0.207929188942974	-0.20769897384656
-403.74100611381	-844.8	0.0312508283464111	0.031425044594505	-0.206083748037251	-0.206282595303358
-403.74100611381	-819.2	0.0315699363375636	0.0317672273786431	-0.205000702414203	-0.204830329642451
-403.74100611381	-793.6	0.0321265411199473	0.0320957071737184	-0.203795045702378	-0.203340630997451
-403.74100611381	-768	0.0325897084786485	0.0324126796734301	-0.201844818136694	-0.201809881807491
-403.74100611381	-742.4	0.0327225949639649	0.0327214042429907	-0.200322951884023	-0.20023206657317
-403.74100611381	-716.8	0.0330267345059557	0.0330245564240624	-0.19884536507354	-0.198598531720269
-403.74100611381	-691.2	0.0334331247344105	0.0333232327140516	-0.19752073995351	-0.196897236575127
-403.74100611381	-665.6	0.0338631533663074	0.0336177061074063	-0.196283301179395	-0.195114410781759
-403.74100611381	-640	0.0335635847489375	0.0339078332389148	-0.193829738784448	-0.19323531230297
-403.74100611381	-614.4	0.0336625534640783	0.0341929157661306	-0.191851085509838	-0.191242746115708
-403.74100611381	-588.8	0.0346485444891606	0.0344719295222599	-0.190822992911589	-0.189116728584032
-403.74100611381	-563.2	0.0345967319444387	0.034743610283096	-0.188481922065115	-0.186834797723824
-403.74100611381	-537.6	0.0351089176154417	0.0350061007648974	-0.185929212436849	-0.184372008521647
-403.74100611381	-512	0.0352337486568504	0.035255680334475	-0.183264594044367	-0.181699032471539
-403.74100611381	-486.4	0.0354437479289613	0.0354860453478412	-0.180666205477464	-0.178780976324146
-403.74100611381	-460.8	0.0358291854483995	0.0356882646862001	-0.177716235643381	-0.17557656701338
-403.74100611381	-435.2	0.0358732342350461	0.0358519362734565	-0.174378515294098	-0.172038296512557
-403.74100611381	-409.6	0.0361388821361248	0.0359654952800475	-0.171260885190131	-0.168111254021363
-403.74100611381	-384	0.036254404726173	0.0360160895864257	-0.16708461396944	-0.163730861573829
-403.74100611381	-358.4	0.0368262666036173	0.0359910424161394	-0.163273914558718	-0.158823372774613
-403.74100611381	-332.8	0.0368375107636602	0.0358792456798772	-0.158312206056783	-0.153307463625973
-403.74100611381	-307.2	0.036726067448532	0.0356726295496306	-0.152947250642542	-0.147094285862627
-403.74100611381	-281.6	0.0362155777861603	0.0353678111004959	-0.146789152104309	-0.140090037423146
-403.74100611381	-256	0.035645448713036	0.0349672817857201	-0.139609262076772	-0.132201607172024
-403.74100611381	-230.4	0.0351739464879829	0.0344777449030243	-0.131764388212368	-0.123341115657089
-403.74100611381	-204.8	0.034581169371301	0.0339085911892703	-0.122511027813022	-0.113439608602736
-403.74100611381	-179.2	0.0338264497311295	0.033273844578148	-0.112079614639039	-0.102462131238101
-403.74100611381	-153.6	0.0328079239931434	0.0325947924254367	-0.100086476639247	-0.0904151194981538
-403.74100611381	-128	0.0316046107827504	0.0318993507210659	-0.0864555846596399	-0.0773469578484637
-403.74100611381	-102.4	0.0302666663774841	0.0312194268991358	-0.0718508339493909	-0.0633477287243596
-403.74100611381	-76.8	0.0297319086151632	0.0305881496384789	-0.0553126746870019	-0.0485492532591353
-403.74100611381	-51.2	0.0292389853294418	0.0300367920599657	-0.0378696204716125	-0.0331204887448757
-403.74100611381	-25.6	0.0288596306471353	0.0295917353608203	-0.0195836038028921	-0.0172609985401352
-403.74100611381	0	0.0278212033110394	0.0292715212486	0.00123943494733048	-0.00119356868860302
-403.74100611381	25.6	0.0270077427274984	0.0290845676485082	0.018679250793767	0.0148462733953368
-403.74100611381	51.2	0.0272036165181197	0.0290291096966496	0.0350949796932563	0.0306231834026677
-403.74100611381	76.8	0.0277710184028168	0.0290944619048261	0.0522521843432414	0.0459160740542886
-403.74100611381	102.4	0.0283443376257088	0.0292630435726602	0.0686287078041866	0.0605314394847341
-403.74100611381	128	0.0289876134143098	0.0295130684493773	0.0835019055648601	0.074313578462634
-403.74100611381	153.6	0.0297800863626697	0.029820218142085	0.0963886205552868	0.0871513392220463
-403.74100611381	179.2	0.030637314785845	0.0301592349002131	0.108211075669448	0.0989794916850621
-403.74100611381	204.8	0.0311905472041674	0.0305048722010391	0.118626258651863	0.109776327286354
-403.74100611381	230.4	0.0317722588772211	0.030831353294975	0.127739323052508	0.119556517278527
-403.74100611381	256	0.0319611772407048	0.0311140658428788	0.135404843624116	0.128362948565336
-403.74100611381	281.6	0.0319477154314741	0.0313350412259653	0.142022871701062	0.136256612640432
-403.74100611381	307.2	0.0320415759579786	0.0314861467279312	0.148606828876298	0.143309253636038
-403.74100611381	332.8	0.0320117357902808	0.031567332157684	0.154459274635038	0.149603729869637
-403.74100611381	358.4	0.0321203413923609	0.0315838377971948	0.158939640707198	0.155227916812186
-403.74100611381	384	0.0317494838697775	0.0315441986482058	0.163687549371521	0.160266578237117
-403.74100611381	409.6	0.031831532010068	0.031458782826757	0.16791951093539	0.164796772180735
-403.74100611381	435.2	0.0316295915810608	0.0313382442405035	0.171345993963648	0.168886832302579
-403.74100611381	460.8	0.0311776379441063	0.0311920502426226	0.174694811875648	0.172597467391042
-403.74100611381	486.4	0.0309965250590587	0.0310277650790423	0.177995940636161	0.175981646887166
-403.74100611381	512	0.0307674632321265	0.030851894762936	0.181083982928494	0.179084349151001
-403.74100611381	537.6	0.0307977042475748	0.030670303389934	0.183934099172814	0.181944220741729
-403.74100611381	563.2	0.0303016465383198	0.0304880795928077	0.185919834609247	0.184594683879493
-403.74100611381	588.8	0.0302429058408882	0.0303087535321724	0.188148825252658	0.18706435473437
-403.74100611381	614.4	0.030113653008025	0.0301344471926804	0.190521664467528	0.189377323542793
-403.74100611381	640	0.0297262942111816	0.0299659263652554	0.191925668825589	0.191552705033961
-403.74100611381	665.6	0.0296806775612668	0.0298022076799923	0.193896650241917	0.193605474349602
-403.74100611381	691.2	0.0295670358344405	0.02964180805025	0.19608261395671	0.195550368869393
-403.74100611381	716.8	0.0294258102119384	0.0294836475320978	0.197902710864234	0.197401968947168
-403.74100611381	742.4	0.0293438168535469	0.0293264121662322	0.199522367304098	0.199173437081818
-403.74100611381	768	0.0292216789473138	0.0291691668099897	0.201335911791423	0.200877377055525
-403.74100611381	793.6	0.0292575117052905	0.0290120102896149	0.203525580680121	0.20252363249866
-403.74100611381	819.2	0.0289618612411297	0.0288551824594606	0.204899982325232	0.204119957070139
-403.74100611381	844.8	0.0288388893729599	0.0286986700492772	0.206408388932032	0.205672885906352
-403.74100611381	870.4	0.0290459261947709	0.0285425614681801	0.208251355096588	0.207186273203235
-403.74100611381	896	0.0284534752677091	0.0283869235427671	0.208206027098424	0.208661055218075
-403.74100611381	921.6	0.0283234055759078	0.0282315736620559	0.210293625542247	0.210098908100733
-403.74100611381	947.2	0.0282175319217286	0.0280760872107728	0.211730460124847	0.211504398423231
-403.74100611381	972.8	0.0279144894681962	0.0279190387572496	0.212717940427561	0.212876976498129
-403.74100611381	998.4	0.0273696805730434	0.0277584708261969	0.215125178791722	0.214221075874766
-403.74100611381	1024	0.0274989309391717	0.0275935546912774	0.215701754857829	0.215542287339364
-403.74100611381	1049.6	0.0273193174270159	0.0274229646954558	0.216897204716766	0.216837185282448
-403.74100611381	1075.2	0.0271469742011442	0.0272501569501958	0.218449880169664	0.218119296899927
-403.74100611381	1100.8	0.027081470816172	0.0270713145212855	0.21937191178226	0.219378281592959
-403.74100611381	1126.4	0.0271506540894524	0.0268902125154719	0.220645764747564	0.220625072919067
-403.74100611381	1152	0.0269767393028199	0.0267041432686315	0.222426266161533	0.221857574815228
-403.74100611381	1177.6	0.026757389517067	0.0265146928120226	0.223645911862854	0.223078646701086
-403.74100611381	1203.2	0.0264507792484792	0.0263198455141965	0.224673099777089	0.224288969102233
-391.124099672754	-1203.2	0.0283191470767027	0.027926438286633	-0.223717238476701	-0.223852540168652
-391.124099672754	-1177.6	0.0283457747279314	0.0282442583228337	-0.221969273458391	-0.222664966742108
-391.124099672754	-1152	0.0289966804092455	0.0285715470915097	-0.222085510538978	-0.221475599104077
-391.124099672754	-1126.4	0.029246619791482	0.0289106734201906	-0.221048800740738	-0.22028123548245
-391.124099672754	-1100.8	0.0291649401378581	0.0292563561748789	-0.219074038933284	-0.219084179847623
-391.124099672754	-1075.2	0.0292934777336879	0.0296099088008236	-0.218141942197425	-0.217881858985359
-391.124099672754	-1049.6	0.0297540302604139	0.0299724951721596	-0.217152365534917	-0.216668575995654
-391.124099672754	-1024	0.0304069022740097	0.0303397092754636	-0.216023133130142	-0.215447950015639
-391.124099672754	-998.4	0.0310655748909839	0.0307146434956208	-0.215093313446851	-0.21420776730732
-391.124099672754	-972.8	0.0311766016744343	0.0310946122757056	-0.213836518942284	-0.212953105911476
-391.124099672754	-947.2	0.0315683542619706	0.0314810718490826	-0.211669850357837	-0.211667487039811
-391.124099672754	-921.6	0.0316924438758064	0.0318700732391684	-0.210175709480873	-0.210349487628043
-391.124099672754	-896	0.0323190946313604	0.0322575131509264	-0.209440617331795	-0.209000539236199
-391.124099672754	-870.4	0.0328500269414787	0.0326389686505202	-0.208093578228854	-0.207618284788444
-391.124099672754	-844.8	0.0330418319981339	0.0330098974320346	-0.206589090123202	-0.206200814535939
-391.124099672754	-819.2	0.0333230350638593	0.0333673723054147	-0.20542075451957	-0.204746679876078
-391.124099672754	-793.6	0.0337309935378726	0.0337113945042899	-0.203517690483449	-0.203254311315236
-391.124099672754	-768	0.0343270590574889	0.0340446735331113	-0.201839926772446	-0.201720220243931
-391.124099672754	-742.4	0.0345632462345237	0.0343706105985254	-0.200454378998615	-0.200138581696271
-391.124099672754	-716.8	0.034576247984104	0.0346920677455577	-0.198822640536995	-0.198501272334597
-391.124099672754	-691.2	0.035262691754911	0.0350103679312544	-0.197584937016788	-0.196796696235678
-391.124099672754	-665.6	0.0354925698214807	0.0353258357565558	-0.196108976557574	-0.19501069075964
-391.124099672754	-640	0.0351695676134326	0.0356382370665443	-0.193668275796286	-0.19312811113919
-391.124099672754	-614.4	0.0353477248420323	0.0359468267663122	-0.191823334560817	-0.19113206414429
-391.124099672754	-588.8	0.0362218306039233	0.0362507393883297	-0.190379687586932	-0.189003551052557
-391.124099672754	-563.2	0.0363148149078624	0.0365486360150021	-0.188450692081653	-0.186721064126736
-391.124099672754	-537.6	0.0369131446679491	0.0368382416471854	-0.185751877894425	-0.184260342580896
-391.124099672754	-512	0.0371482409788994	0.0371156180116246	-0.183205561761216	-0.181592586712106
-391.124099672754	-486.4	0.0375894146828229	0.037374665650605	-0.180482233911973	-0.178683882623334
-391.124099672754	-460.8	0.0377212179750439	0.0376065862421741	-0.17762727393769	-0.175493891825666
-391.124099672754	-435.2	0.0381573822870982	0.0378009705115787	-0.174374935009177	-0.171975855517077
-391.124099672754	-409.6	0.038476754449895	0.0379463091190553	-0.171358847076058	-0.168075374491576
-391.124099672754	-384	0.0383659410354039	0.0380297636000901	-0.167280134715285	-0.1637282849889
-391.124099672754	-358.4	0.0387039080150667	0.0380384093259215	-0.163056800422652	-0.158860817474498
-391.124099672754	-332.8	0.038906038016706	0.0379605485255758	-0.158365590207652	-0.153390539260172
-391.124099672754	-307.2	0.0390362949922404	0.0377875661166	-0.152927684903842	-0.147226581556069
-391.124099672754	-281.6	0.0383205590638386	0.0375154555746821	-0.146877686941308	-0.140272946913303
-391.124099672754	-256	0.0379755352731296	0.0371455606470899	-0.140213246960498	-0.132433606151879
-391.124099672754	-230.4	0.0372969507808291	0.036683110942715	-0.131663570584244	-0.123617279078862
-391.124099672754	-204.8	0.0371731975490988	0.0361366059376031	-0.123124328804479	-0.113752030208827
-391.124099672754	-179.2	0.0359362581364046	0.0355197775631931	-0.112559637731999	-0.102799758503154
-391.124099672754	-153.6	0.0349064726624762	0.0348538909287059	-0.100428285055129	-0.090763588839248
-391.124099672754	-128	0.0339160241535606	0.0341672407663284	-0.0871319414198446	-0.0776897633763547
-391.124099672754	-102.4	0.0326468983558071	0.0334922636876449	-0.0727901743388123	-0.0636675747798944
-391.124099672754	-76.8	0.0323385797368396	0.032862461430843	-0.0555806569009621	-0.0488296144387177
-391.124099672754	-51.2	0.0316217043763864	0.0323091078681272	-0.0383000738886617	-0.0333472195963582
-391.124099672754	-25.6	0.0306212567463896	0.0318584517447178	-0.0207103157734993	-0.0174237849077795
-391.124099672754	0	0.0300517921678666	0.0315290265300985	0.000882855221473765	-0.00128670803888942
-391.124099672754	25.6	0.0291268918200126	0.0313295367124325	0.0188935594344981	0.0148234118698157
-391.124099672754	51.2	0.0294411453317642	0.0312586752462004	0.0356159262731034	0.0306663878967789
-391.124099672754	76.8	0.0300256368369104	0.0313064845168675	0.0528043724504352	0.0460169439485606
-391.124099672754	102.4	0.0305104807427706	0.0314562401892122	0.0689351367192755	0.0606783239158891
-391.124099672754	128	0.0311672404896276	0.0316865386928497	0.0837834607551967	0.0744925563185068
-391.124099672754	153.6	0.0319633606110539	0.0319729387714094	0.0964991901046693	0.0873472545670776
-391.124099672754	179.2	0.0327356310134093	0.032290058874215	0.10840316439522	0.09917698539118
-391.124099672754	204.8	0.0332008557663814	0.0326123846031846	0.118724407893034	0.109961456398051
-391.124099672754	230.4	0.0337950627539774	0.0329136327369907	0.127682206855352	0.119718011513748
-391.124099672754	256	0.0338548005895278	0.0331691355430172	0.135494428258064	0.128492746269046
-391.124099672754	281.6	0.0342208110712111	0.0333612175342285	0.142216137943669	0.136350132504905
-391.124099672754	307.2	0.0340489197048171	0.0334821017828029	0.149087514067458	0.143365310148936
-391.124099672754	332.8	0.0341277181140428	0.0335322260443542	0.154362557121185	0.149623810777326
-391.124099672754	358.4	0.0340805109752025	0.0335173773136553	0.159136051699297	0.155215142971779
-391.124099672754	384	0.0338772435261941	0.0334465246219672	0.163652586651948	0.160225193809517
-391.124099672754	409.6	0.0336305727925296	0.0333305383391427	0.167117110178332	0.164731587089384
-391.124099672754	435.2	0.0334506298685678	0.0331806434740536	0.171349805177482	0.168802887791837
-391.124099672754	460.8	0.0329669543429395	0.033006534131724	0.174446406473341	0.172499488972436
-391.124099672754	486.4	0.0326912706004503	0.0328158513134535	0.177863801236768	0.175873483545043
-391.124099672754	512	0.0327363120336828	0.0326150340038134	0.181078083219657	0.178968976409993
-391.124099672754	537.6	0.0325365713779321	0.0324095832920829	0.183930770692504	0.18182434926761
-391.124099672754	563.2	0.0320647053291708	0.0322044326469269	0.185861669953065	0.184472727315785
-391.124099672754	588.8	0.0320186395827258	0.0320032369536182	0.188204458858155	0.18694194713128
-391.124099672754	614.4	0.031767622557756	0.0318079907231772	0.190288002263928	0.189255489628754
-391.124099672754	640	0.031467038132448	0.0316191974441116	0.191942351142214	0.191432217291927
-391.124099672754	665.6	0.0314473603443327	0.0314360961804424	0.193980683060917	0.193487049797127
-391.124099672754	691.2	0.0311929800674164	0.0312577000401052	0.195792005720093	0.195434010457736
-391.124099672754	716.8	0.0309081522198997	0.0310827675452219	0.197619614919629	0.197287351179973
-391.124099672754	742.4	0.0307949664021465	0.0309097289208513	0.199436222840078	0.199059981867037
-391.124099672754	768	0.0306659618439835	0.0307375928825022	0.20121876067221	0.200763997398632
-391.124099672754	793.6	0.0306269246421819	0.0305661243784172	0.202951546015737	0.20240911750419
-391.124099672754	819.2	0.0304450048529471	0.0303951129773513	0.204222013116246	0.204003766704696
-391.124099672754	844.8	0.0303461898178723	0.0302244471361027	0.205942251382327	0.20555531363801
-391.124099672754	870.4	0.0303484230229607	0.0300544142928764	0.207526199730914	0.207068085253655
-391.124099672754	896	0.0299994806185605	0.0298852510551	0.208323552369018	0.208543641185233
-391.124099672754	921.6	0.0299338608050189	0.0297168469770969	0.210669739900129	0.209984022399493
-391.124099672754	947.2	0.029622428044096	0.0295488587059595	0.211533617619506	0.211393475314723
-391.124099672754	972.8	0.0291281411910244	0.0293798924209206	0.212566700195905	0.212771397332612
-391.124099672754	998.4	0.028952254524377	0.029207384123807	0.214543711855068	0.214116018604361
-391.124099672754	1024	0.029105053501522	0.0290306950842204	0.215422855522855	0.215438356919355
-391.124099672754	1049.6	0.0290594801045331	0.0288484366094196	0.216774621319774	0.216731587878665
-391.124099672754	1075.2	0.0288558808447985	0.0286645490055139	0.218467480203025	0.21801342212084
-391.124099672754	1100.8	0.0286382429508094	0.0284749387308575	0.219208391844305	0.219271166142766
-391.124099672754	1126.4	0.0285361446415118	0.028284820092109	0.220362646880447	0.220519314439499
-391.124099672754	1152	0.0283175359204452	0.0280890191382247	0.222014177260506	0.221751477535466
-391.124099672754	1177.6	0.0280772665654884	0.0278910180478501	0.223410409708806	0.22297322533965
-391.124099672754	1203.2	0.0276302236764695	0.0276876496887904	0.224252505264529	0.224184968052308
-378.507193231697	-1203.2	0.0296224099492814	0.029310442053459	-0.223267677375874	-0.223762876728287
-378.507193231697	-1177.6	0.0298923840312813	0.0296437690250996	-0.221835958519839	-0.222570574153595
-378.507193231697	-1152	0.0303339535255021	0.0299813502476292	-0.221340629403868	-0.221381606824829
-378.507193231697	-1126.4	0.030632984277457	0.0303345107583048	-0.220676521264886	-0.220185597733928
-378.507193231697	-1100.8	0.0304764675477569	0.0306941697830668	-0.218986007586247	-0.218987652432241
-378.507193231697	-1075.2	0.0303841787710138	0.0310618030273014	-0.217933678268987	-0.217785041835791
-378.507193231697	-1049.6	0.0312436321672297	0.0314375617644606	-0.217148509052865	-0.216572591072452
-378.507193231697	-1024	0.0316405579078523	0.0318194067647691	-0.215761165383392	-0.215350991628032
-378.507193231697	-998.4	0.0321768167204698	0.0322071013885711	-0.214918269039743	-0.214117554347788
-378.507193231697	-972.8	0.0328832477670258	0.032602338406803	-0.214148691612947	-0.212859987554216
-378.507193231697	-947.2	0.0333711180709253	0.0330036953668476	-0.211825080766141	-0.21157188899448
-378.507193231697	-921.6	0.0333980573331112	0.0334077475181382	-0.210176993421799	-0.210254022390495
-378.507193231697	-896	0.0337634308344545	0.0338103409495524	-0.209175632065892	-0.208905651355766
-378.507193231697	-870.4	0.0343382926930619	0.0342071536977777	-0.208258666214417	-0.20752390087288
-378.507193231697	-844.8	0.0348717763473243	0.0345937148820629	-0.207118682409119	-0.206106466327356
-378.507193231697	-819.2	0.0349698953531866	0.0349670671393787	-0.205559664527024	-0.204651743153202
-378.507193231697	-793.6	0.0353017155322036	0.0353275052777267	-0.203085562362422	-0.203158152619912
-378.507193231697	-768	0.0359577878506173	0.0356780731429113	-0.20171424561922	-0.201622094191972
-378.507193231697	-742.4	0.0363193866085404	0.0360222010304573	-0.200555053938518	-0.200037686547417
-378.507193231697	-716.8	0.0360684322823856	0.0363628022135458	-0.198748873109895	-0.198396891434411
-378.507193231697	-691.2	0.0370541187729428	0.0367014252118653	-0.197535793172252	-0.19668859280241
-378.507193231697	-665.6	0.0371440970063118	0.037038521055498	-0.195760830000701	-0.194898625071454
-378.507193231697	-640	0.0371986647990116	0.0373737154323779	-0.193808946799443	-0.193011577128319
-378.507193231697	-614.4	0.0373372069888537	0.0377061853676226	-0.19200773853366	-0.19101103834186
-378.507193231697	-588.8	0.0376828027889962	0.0380350918318707	-0.189922844668157	-0.188878958075207
-378.507193231697	-563.2	0.0380635933395244	0.0383591157400128	-0.188128346594316	-0.186594788199342
-378.507193231697	-537.6	0.0387757981301178	0.03867571439346	-0.185611746604547	-0.184134726627696
-378.507193231697	-512	0.039155281662554	0.0389807850156184	-0.183176757195135	-0.181470748986549
-378.507193231697	-486.4	0.0398016112396516	0.0392682065671977	-0.180942319380198	-0.178570051134998
-378.507193231697	-460.8	0.0396392846267945	0.0395293887805184	-0.177491289854478	-0.175393242267969
-378.507193231697	-435.2	0.0399016191823756	0.0397541380600674	-0.173991444263994	-0.171894376495681
-378.507193231697	-409.6	0.040664131092128	0.0399309756325964	-0.171322853206121	-0.168019532674287
-378.507193231697	-384	0.0405101615087393	0.0400470676013938	-0.167373155970147	-0.163704902355957
-378.507193231697	-358.4	0.0404828776987177	0.0400892789436855	-0.162724463164879	-0.158876710941079
-378.507193231697	-332.8	0.0410938531033681	0.0400454980336267	-0.158356386196918	-0.153451671832575
-378.507193231697	-307.2	0.0409130694335363	0.0399065667434256	-0.153197125398544	-0.147337068006935
-378.507193231697	-281.6	0.0406155977274253	0.0396677136847221	-0.146840429627924	-0.140434757668415
-378.507193231697	-256	0.0402585103155955	0.0393290317018543	-0.14074640577274	-0.132645657645467
-378.507193231697	-230.4	0.0397171148612529	0.0388943903631351	-0.13214475484223	-0.123875252321001
-378.507193231697	-204.8	0.0393267598476107	0.0383713834168311	-0.123507444112304	-0.114048314505625
-378.507193231697	-179.2	0.0380656949307581	0.0377733543757251	-0.112836030856218	-0.103123117692189
-378.507193231697	-153.6	0.0373631986548088	0.0371214935478224	-0.10090764105758	-0.0910996380271382
-378.507193231697	-128	0.0363166426248756	0.0364441764250193	-0.087918671201514	-0.0780220715412114
-378.507193231697	-102.4	0.0350443045967001	0.0357741267799738	-0.0735245174100708	-0.0639790758774961
-378.507193231697	-76.8	0.034486859909859	0.0351452894408999	-0.0564388095591545	-0.0491038997202076
-378.507193231697	-51.2	0.0341373034576102	0.0345892563319139	-0.0389303582145116	-0.0335701525920083
-378.507193231697	-25.6	0.0328910092000293	0.0341323258925229	-0.0210698312972011	-0.0175851658049628
-378.507193231697	0	0.0326052250092928	0.0337930968713687	0.000649050744920147	-0.00138091944941831
-378.507193231697	25.6	0.0314595200740063	0.0335806435622355	0.0189145172229594	0.0147970567344261
-378.507193231697	51.2	0.0315763309543312	0.0334941961435516	0.0359886477504614	0.0307039509015775
-378.507193231697	76.8	0.0323109894502097	0.033524381611097	0.0534890881942049	0.0461104923216312
-378.507193231697	102.4	0.0327012906368539	0.0336550381726261	0.069475918375927	0.060816744323607
-378.507193231697	128	0.0333362510832278	0.0338651152309894	0.0841861571165861	0.0746623181912934
-378.507193231697	153.6	0.0341219909249679	0.0341302356538848	0.0968905203702276	0.0875331771141029
-378.507193231697	179.2	0.0349311261936636	0.0344248079485142	0.108609800531029	0.0993637238361596
-378.507193231697	204.8	0.0354699774628014	0.0347229189973006	0.119050175509357	0.110135037515495
-378.507193231697	230.4	0.0358164829903542	0.0349979058537439	0.127752355301367	0.11986706091725
-378.507193231697	256	0.0359214558328212	0.0352253248222621	0.135706621398351	0.128609106255947
-378.507193231697	281.6	0.0361936271921118	0.0353879227332332	0.142472269654088	0.136429184459662
-378.507193231697	307.2	0.0361671805222163	0.0354782036609223	0.148553265744072	0.143406127350642
-378.507193231697	332.8	0.0361172634376688	0.035497174738498	0.154422230562748	0.149628317308518
-378.507193231697	358.4	0.0359514581471673	0.0354510977021437	0.159265359530639	0.15518699003936
-378.507193231697	384	0.0358053048524572	0.0353493071811355	0.163793335897034	0.160169036561236
-378.507193231697	409.6	0.0353377364742448	0.0352031422440045	0.166675694995773	0.164652583795103
-378.507193231697	435.2	0.0352134795319273	0.0350242410509221	0.171152134436737	0.168706177204182
-378.507193231697	460.8	0.0347849419838734	0.0348224950591041	0.174270605169288	0.172389692205015
-378.507193231697	486.4	0.0344185997998383	0.0346056644348982	0.177881076304004	0.17575413348659
-378.507193231697	512	0.0344781715396663	0.0343801216701505	0.18066244943007	0.178843041072651
-378.507193231697	537.6	0.0341895448812197	0.0341510684917149	0.183626634290294	0.181694513037307
-378.507193231697	563.2	0.033823327278317	0.0339232535286095	0.185764636983311	0.184341282455767
-378.507193231697	588.8	0.033656345287785	0.033700297088886	0.187959115458746	0.186810458583769
-378.507193231697	614.4	0.0334643447374649	0.0334840618384772	0.190416344947657	0.189124668858634
-378.507193231697	640	0.0332684291932027	0.0332748948796788	0.192054527603228	0.191302662797984
-378.507193231697	665.6	0.0331295067012238	0.0330723804235264	0.193804806079779	0.193359387002015
-378.507193231697	691.2	0.0328174545630804	0.0328759877533124	0.195465911573769	0.195308534305306
-378.507193231697	716.8	0.0323966843163043	0.032684324487484	0.197352369382868	0.197164132530808
-378.507193231697	742.4	0.0322533629474471	0.0324955870059914	0.199320666629872	0.198938653341502
-378.507193231697	768	0.0321500949815874	0.0323085534480162	0.201171906432257	0.200643352406577
-378.507193231697	793.6	0.0320714805767594	0.0321225273905287	0.202623114318951	0.202287925127291
-378.507193231697	819.2	0.0319601223478137	0.0319368852315137	0.203651347275961	0.203881466328565
-378.507193231697	844.8	0.0318961518217397	0.0317514815362983	0.205771990330432	0.205431888080406
-378.507193231697	870.4	0.0317445154839179	0.031566939395025	0.207071516831542	0.206944164121197
-378.507193231697	896	0.0316115016958872	0.0313838272187288	0.208750486603673	0.208420613021699
-378.507193231697	921.6	0.0314454867793036	0.0312021365462459	0.210565205457171	0.20986354041808
-378.507193231697	947.2	0.0310101678509326	0.0310213981045721	0.211386353325251	0.211276367414492
-378.507193231697	972.8	0.0303746125647537	0.0308401643009238	0.212557068499291	0.212658732518338
-378.507193231697	998.4	0.0305260413646772	0.0306562382921094	0.21401294499554	0.214007759234466
-378.507193231697	1024	0.0306748682052918	0.0304675147739018	0.215485828864784	0.215324571129807
-378.507193231697	1049.6	0.0306075910380602	0.0302744527038119	0.216961210016797	0.21661944895329
-378.507193231697	1075.2	0.0304975914435012	0.0300792680446621	0.218404932852226	0.217899989274762
-378.507193231697	1100.8	0.0302160322071665	0.0298791193963921	0.219084670423011	0.219156907436459
-378.507193231697	1126.4	0.0299772762022144	0.0296800979234527	0.220181190592255	0.220407513249389
-378.507193231697	1152	0.0296644604984192	0.0294744482466027	0.221801256967116	0.221640046924566
-378.507193231697	1177.6	0.0293892853936348	0.0292684311897073	0.223205465212252	0.222863516505074
-378.507193231697	1203.2	0.0289148302454535	0.0290568209475512	0.223750683568254	0.224076857884548
-365.890286790641	-1203.2	0.0307236470829631	0.0306961370098024	-0.222797938639564	-0.223676861406623
-365.890286790641	-1177.6	0.031173451289797	0.0310422368174863	-0.222110925692991	-0.222480441830255
-365.890286790641	-1152	0.0314040100090349	0.0313946901260491	-0.220603893000368	-0.221286191712847
-365.890286790641	-1126.4	0.0317470136493114	0.0317593279079238	-0.219786565926318	-0.220088638668919
-365.890286790641	-1100.8	0.0316187098442873	0.032132473574721	-0.218332069868837	-0.218888644907952
-365.890286790641	-1075.2	0.0316932940177842	0.0325141338210581	-0.217789721932037	-0.217683857563742
-365.890286790641	-1049.6	0.0329202093349239	0.0329031336539094	-0.217101696981476	-0.21647094433702
-365.890286790641	-1024	0.032845441447291	0.0332991166843115	-0.215435168953	-0.215245386272226
-365.890286790641	-998.4	0.0338198603524963	0.0337001170591737	-0.214734791085435	-0.21401088915295
-365.890286790641	-972.8	0.0343977298833305	0.0341088153963786	-0.213670787764397	-0.212752336866046
-365.890286790641	-947.2	0.0346931345924918	0.0345246464052162	-0.211608403698433	-0.211461836824781
-365.890286790641	-921.6	0.0350022569234282	0.0349438845956455	-0.210174382046631	-0.210143163545649
-365.890286790641	-896	0.035315597459026	0.0353620673489339	-0.209206378553139	-0.208795241820895
-365.890286790641	-870.4	0.0360502293602414	0.0357746151093331	-0.208256219309929	-0.207414590773181
-365.890286790641	-844.8	0.0364623116142319	0.0361770481022795	-0.207037383221662	-0.205998228035341
-365.890286790641	-819.2	0.0365891088663224	0.036566649757774	-0.205404647777696	-0.204544200249623
-365.890286790641	-793.6	0.0369595026648332	0.0369440587967363	-0.202684515480699	-0.203050738912178
-365.890286790641	-768	0.0373895426797227	0.0373124910530825	-0.201782206941055	-0.20151398304621
-365.890286790641	-742.4	0.0380594474124718	0.0376755227470295	-0.200578421126603	-0.199927832675837
-365.890286790641	-716.8	0.0377566538378186	0.0380360959851277	-0.198699741727183	-0.198284043828327
-365.890286790641	-691.2	0.0386118389183273	0.0383957813999633	-0.197379912818391	-0.196571755856874
-365.890286790641	-665.6	0.0387510442988043	0.0387551204162648	-0.195447744270449	-0.194777137190978
-365.890286790641	-640	0.039262310876291	0.0391137417695284	-0.193984053437246	-0.192885023447372
-365.890286790641	-614.4	0.0393915596876659	0.0394707176553143	-0.192143937822606	-0.190879596242995
-365.890286790641	-588.8	0.039282153873601	0.0398250166249657	-0.189637585972896	-0.18874343690221
-365.890286790641	-563.2	0.0398289518946681	0.0401753576410291	-0.187715286794174	-0.186456875739546
-365.890286790641	-537.6	0.0406156641474998	0.0405190980170774	-0.185392330576611	-0.18399655755459
-365.890286790641	-512	0.0411443907590053	0.0408519267864349	-0.183141962285127	-0.181335087913104
-365.890286790641	-486.4	0.0413889821502366	0.0411675563360701	-0.180512920174224	-0.178440877418629
-365.890286790641	-460.8	0.0415953767437628	0.0414576743835449	-0.177339009766274	-0.175275829554974
-365.890286790641	-435.2	0.041793011375063	0.0417124434753682	-0.17372419484856	-0.171794893542853
-365.890286790641	-409.6	0.0424104195156746	0.0419204826740634	-0.170852081560006	-0.16794465195422
-365.890286790641	-384	0.0424443264925104	0.0420688963686842	-0.167235697700151	-0.163661559208672
-365.890286790641	-358.4	0.0425456084184726	0.0421444136732428	-0.162833065746348	-0.158871886718269
-365.890286790641	-332.8	0.0430668208421747	0.0421347026700783	-0.158446517297851	-0.15349161560144
-365.890286790641	-307.2	0.042822478268365	0.0420299585857906	-0.153406730410338	-0.147426404718073
-365.890286790641	-281.6	0.0428815024369862	0.0418245899450206	-0.146792526857894	-0.140575779244246
-365.890286790641	-256	0.0425177307484471	0.0415175030113442	-0.140366862672705	-0.132837757396913
-365.890286790641	-230.4	0.0420159595930941	0.0411113397690742	-0.132641507236704	-0.124114691062384
-365.890286790641	-204.8	0.0414382331981678	0.040612769661322	-0.123822508173774	-0.114327940940503
-365.890286790641	-179.2	0.0406159297082668	0.0400345421444993	-0.113586691235518	-0.103431770865259
-365.890286790641	-153.6	0.0398329759928549	0.0393976475121722	-0.101553649062962	-0.0914228007972644
-365.890286790641	-128	0.038704177157897	0.0387303827005799	-0.088833637922126	-0.0783432608582444
-365.890286790641	-102.4	0.0376567687732024	0.0380655370714524	-0.073716696730128	-0.0642813072754326
-365.890286790641	-76.8	0.0368605961446535	0.0374374362641005	-0.0568362104242875	-0.0493709554507931
-365.890286790641	-51.2	0.0363353484808582	0.0368781839323365	-0.0391723812487391	-0.0337883050930425
-365.890286790641	-25.6	0.0352947981421968	0.0364143305075246	-0.0206097589724188	-0.0177444803431041
-365.890286790641	0	0.0345032913670933	0.0360646889400236	0.00102393275012744	-0.00147587609198053
-365.890286790641	25.6	0.0334308386001151	0.0358387980749625	0.0184291528151313	0.0147675282763668
-365.890286790641	51.2	0.033605161471418	0.0357364869743715	0.036029660758888	0.0307363073733681
-365.890286790641	76.8	0.0345147515461635	0.0357488651564215	0.0533330300353096	0.0461971296599179
-365.890286790641	102.4	0.0349946212100521	0.0358601140723382	0.0696674537498697	0.0609467191780587
-365.890286790641	128	0.0355742061536699	0.0360495131454921	0.0843747710474698	0.0748223180791604
-365.890286790641	153.6	0.0363186414100017	0.0362927407372541	0.097480195319575	0.0877083335715747
-365.890286790641	179.2	0.0371115556793142	0.0365639285579704	0.109106793348856	0.0995390806949724
-365.890286790641	204.8	0.0377235972102897	0.0368367174383248	0.119340288407834	0.110296623678867
-365.890286790641	230.4	0.0379390922083017	0.0370843547159619	0.128090033475317	0.12000327549089
-365.890286790641	256	0.0380747885238822	0.0372827745850979	0.135522257930521	0.128711687501239
-365.890286790641	281.6	0.0379519067141409	0.037415212270552	0.142425064524501	0.136493539068011
-365.890286790641	307.2	0.038242962180178	0.0374743769614201	0.148802783078616	0.143431513104213
-365.890286790641	332.8	0.0380753688273251	0.0374618746546053	0.154520355129024	0.149616932188727
-365.890286790641	358.4	0.0379293738701325	0.0373844861349385	0.159618815219181	0.155142885671507
-365.890286790641	384	0.0375816420356939	0.0372519282996344	0.163605545804017	0.16009723503733
-365.890286790641	409.6	0.0372064097557886	0.0370758947458575	0.166932233159955	0.164558691007273
-365.890286790641	435.2	0.0368929046759205	0.0368683112839475	0.170581319075699	0.168595748027004
-365.890286790641	460.8	0.036633026071671	0.0366392595539151	0.174138082968709	0.172267394339398
-365.890286790641	486.4	0.0362781328212058	0.0363965747066249	0.177811051250633	0.175623393655543
-365.890286790641	512	0.0361835057989788	0.0361465098504255	0.180254647474988	0.178706679647002
-365.890286790641	537.6	0.0357693348032591	0.0358941850526792	0.183008236905947	0.181555040543611
-365.890286790641	563.2	0.0355471567977756	0.0356441038711807	0.185596434072619	0.184200761453706
-365.890286790641	588.8	0.03525692393942	0.035399680745187	0.18763665444201	0.186670303685682
-365.890286790641	614.4	0.0351047849185848	0.0351626610485057	0.190313413300713	0.18898538043466
-365.890286790641	640	0.035014497824164	0.0349334099347732	0.192071918113083	0.191164534570189
-365.890286790641	665.6	0.0347970282779407	0.0347117753914169	0.193789505700913	0.193222970018414
-365.890286790641	691.2	0.0344067666942813	0.0344975098714316	0.195554296561559	0.195174482967032
-365.890286790641	716.8	0.0340474448041058	0.0342891224089984	0.197336547518203	0.197032662600961
-365.890286790641	742.4	0.0339539823616353	0.0340845668895633	0.199010792555898	0.198809224411548
-365.890286790641	768	0.0336804070975725	0.033882294211772	0.201246189295227	0.200514774387098
-365.890286790641	793.6	0.0336268047927126	0.0336811283317077	0.202880118626406	0.202159344221233
-365.890286790641	819.2	0.0334157993997381	0.0334802418001489	0.203801863953487	0.203752563820882
-365.890286790641	844.8	0.0334144999763008	0.0332795998034119	0.205640759055385	0.205302579331408
-365.890286790641	870.4	0.0331472617373368	0.0330800943904757	0.20727740961779	0.206814864480946
-365.890286790641	896	0.0327467888042765	0.0328826320077485	0.208927525635541	0.208292381459455
-365.890286790641	921.6	0.0328952484920811	0.0326873498275237	0.210444925913046	0.209737521564959
-365.890286790641	947.2	0.032401223164296	0.0324935977759528	0.211345381854565	0.211152610899156
-365.890286790641	972.8	0.0318658242253191	0.0322998220405783	0.212559324111496	0.212536465513307
-365.890286790641	998.4	0.0320595290582767	0.0321039136604228	0.214123066109251	0.213884298824663
-365.890286790641	1024	0.0320298274914585	0.0319038107095086	0.215286976313093	0.215200347505997
-365.890286790641	1049.6	0.0321325305711193	0.0317000324161791	0.217058210707235	0.21649648928236
-365.890286790641	1075.2	0.0318891827309138	0.0314940816354098	0.217978556387077	0.217776826147948
-365.890286790641	1100.8	0.0316948031766669	0.031285263933941	0.218949973024623	0.219037791434093
-365.890286790641	1126.4	0.0315127246242832	0.0310756473773508	0.220249679853789	0.220287787322965
-365.890286790641	1152	0.0310374560513275	0.0308623672274289	0.221975152185884	0.221523143319509
-365.890286790641	1177.6	0.03091695994059	0.0306472374027988	0.223164217798215	0.222748115748831
-365.890286790641	1203.2	0.0305957003714136	0.030426925832113	0.223500075774674	0.223964256526877
-353.273380349584	-1228.8	0.031228424872245	0.0317430116313652	-0.222963133670858	-0.224785893953584
-353.273380349584	-1203.2	0.0320569531085787	0.0320832100291647	-0.222719823636893	-0.223593340888649
-353.273380349584	-1177.6	0.0325200496994439	0.0324427514357003	-0.222357715438225	-0.222391137675847
-353.273380349584	-1152	0.0326047785085295	0.0328092441593704	-0.220473311093093	-0.221190654272052
-353.273380349584	-1126.4	0.0327514112336395	0.0331852871205132	-0.218747681119774	-0.219989692504107
-353.273380349584	-1100.8	0.0330223905218244	0.0335710513172746	-0.217996644068061	-0.218785737895083
-353.273380349584	-1075.2	0.0336188068268352	0.0339660771068889	-0.217836778565588	-0.217577054785781
-353.273380349584	-1049.6	0.0343921635341966	0.0343685923993917	-0.216990118949536	-0.216359868093867
-353.273380349584	-1024	0.0343482120671906	0.0347763535272029	-0.21556670463067	-0.215135842160546
-353.273380349584	-998.4	0.0357960405573868	0.0351909349999145	-0.214766656860692	-0.213894849856417
-353.273380349584	-972.8	0.0360292254983292	0.0356136261200171	-0.213153441713031	-0.212630306396237
-353.273380349584	-947.2	0.0360235012445491	0.036044177037843	-0.211440094352963	-0.211337200977604
-353.273380349584	-921.6	0.0366403209936129	0.0364790691542709	-0.210251109686523	-0.210017378852014
-353.273380349584	-896	0.0368791786228788	0.0369134023550513	-0.209257257129714	-0.208669833762564
-353.273380349584	-870.4	0.0377138275512144	0.0373420506752843	-0.208246483516512	-0.207290553605058
-353.273380349584	-844.8	0.0381922272090359	0.0377605466548168	-0.206844025074314	-0.205875901428163
-353.273380349584	-819.2	0.0384192390096058	0.038166628261627	-0.204846125316012	-0.204423528417635
-353.273380349584	-793.6	0.0386201089348845	0.0385613322261758	-0.202277170677781	-0.202931154639264
-353.273380349584	-768	0.0388187782680088	0.0389480349197686	-0.201871356169334	-0.201394619405919
-353.273380349584	-742.4	0.0395111610709886	0.0393304159953297	-0.200516636550275	-0.199807393937346
-353.273380349584	-716.8	0.0396046831588289	0.0397115116703456	-0.198701014238243	-0.198160909957981
-353.273380349584	-691.2	0.0400170461477492	0.0400928083483625	-0.197055117182739	-0.196444352293314
-353.273380349584	-665.6	0.0403038046745867	0.0404747976527361	-0.19517688550208	-0.194644509636206
-353.273380349584	-640	0.0409139464613764	0.0408574110837808	-0.193976734667759	-0.192747201623034
-353.273380349584	-614.4	0.0413748951118266	0.0412395847125689	-0.192195422231596	-0.190737010505549
-353.273380349584	-588.8	0.0411264602481771	0.041619931840348	-0.189540716716519	-0.188596786292821
-353.273380349584	-563.2	0.0416555526880138	0.0419970453907921	-0.187358982423324	-0.186307340199689
-353.273380349584	-537.6	0.0423979582598194	0.0423681921277929	-0.185161557675546	-0.183845898952324
-353.273380349584	-512	0.0426048994147008	0.0427289567511955	-0.182267773842307	-0.181185830200943
-353.273380349584	-486.4	0.0430982938353383	0.0430729203952318	-0.180199007182695	-0.178296824042708
-353.273380349584	-460.8	0.0436526399616644	0.0433919561331787	-0.177348963371889	-0.175142255652532
-353.273380349584	-435.2	0.0440139931103752	0.0436765185179826	-0.173717317999953	-0.171677954375787
-353.273380349584	-409.6	0.0441715474251674	0.0439154280163787	-0.170451687769723	-0.167851148848135
-353.273380349584	-384	0.0444133799845002	0.0440957944945311	-0.166995020557795	-0.163598708941201
-353.273380349584	-358.4	0.0447673783793074	0.0442043478745548	-0.162996597192284	-0.158846914259835
-353.273380349584	-332.8	0.045003411716214	0.044228514312059	-0.158365069086812	-0.153510870730078
-353.273380349584	-307.2	0.044890820157686	0.0441578001661978	-0.153196168697437	-0.147494806552701
-353.273380349584	-281.6	0.0449675074516363	0.0439857937017401	-0.147005834622816	-0.140695859989646
-353.273380349584	-256	0.0447135363710787	0.0437103750800214	-0.140172659344285	-0.133009349967483
-353.273380349584	-230.4	0.0442587192263883	0.0433332372011315	-0.132791387311513	-0.124334849527861
-353.273380349584	-204.8	0.0438092146192738	0.0428600944896899	-0.123998956488699	-0.114589989645523
-353.273380349584	-179.2	0.0431185160324073	0.0423028808003273	-0.114100143508732	-0.103724904679609
-353.273380349584	-153.6	0.0421847677696961	0.0416820800164983	-0.10208326950382	-0.0917324287142398
-353.273380349584	-128	0.0410200393295496	0.0410257551111309	-0.0890218814467023	-0.0786527154173777
-353.273380349584	-102.4	0.0399304119297288	0.040366691148449	-0.0740261175207381	-0.0645735880387794
-353.273380349584	-76.8	0.0390691215406877	0.0397394929283322	-0.057452669094714	-0.0496300619840367
-353.273380349584	-51.2	0.0384666160661102	0.039176750768163	-0.0394941230350013	-0.034000795137264
-353.273380349584	-25.6	0.0379121797724606	0.0387054797586438	-0.0202418218622488	-0.0179005830621908
-353.273380349584	0	0.0365845681792417	0.0383449393584002	0.000894070342685411	-0.0015701204985318
-353.273380349584	25.6	0.0357535573641654	0.0381051081015769	0.0182872832062592	0.0147363905961302
-353.273380349584	51.2	0.0358409721548381	0.0379864285438577	0.0361128913670144	0.0307651265424094
-353.273380349584	76.8	0.0365031099538811	0.0379805449870637	0.05346450355829	0.0462783629625385
-353.273380349584	102.4	0.0371935767412694	0.0380719131286728	0.0697632612732779	0.0610693861056145
-353.273380349584	128	0.0378304704225653	0.0382399442229245	0.0844737233363859	0.0749732398838479
-353.273380349584	153.6	0.0385175792323881	0.0384603877444656	0.0976164796146732	0.0878731813671133
-353.273380349584	179.2	0.0392989635448303	0.0387071458835126	0.109500223025422	0.0997032486464253
-353.273380349584	204.8	0.0397021317215415	0.0389534412474415	0.119386874946602	0.110446204409266
-353.273380349584	230.4	0.0400003246239007	0.0391726222142634	0.128222785345829	0.120126531759142
-353.273380349584	256	0.0401532663658732	0.0393411046114433	0.135949720441662	0.128800264282814
-353.273380349584	281.6	0.0401124301692905	0.0394425749372457	0.142528436176632	0.136543052042463
-353.273380349584	307.2	0.0400979516250374	0.0394700861647469	0.148801749960164	0.143441512833746
-353.273380349584	332.8	0.0401469679120971	0.0394257917183909	0.153978021673207	0.14958988256278
-353.273380349584	358.4	0.0398307788145759	0.0393170016344537	0.159194694896937	0.155083047426246
-353.273380349584	384	0.0393703862827687	0.0391537725282422	0.163325190230736	0.160009809617204
-353.273380349584	409.6	0.0391004671941384	0.0389480970150764	0.167129011081398	0.164449559540433
-353.273380349584	435.2	0.0388273330312805	0.0387121524891045	0.17050031370366	0.16847092412378
-353.273380349584	460.8	0.0383370973131076	0.0384562045696712	0.174540745824897	0.172131857827496
-353.273380349584	486.4	0.0380498780089193	0.0381880842626735	0.177377498533324	0.175480706016564
-353.273380349584	512	0.0378358996670029	0.0379138702778459	0.18026700257184	0.178559673014659
-353.273380349584	537.6	0.0374811070462728	0.0376387014719055	0.182820632341239	0.181406106512458
-353.273380349584	563.2	0.0372503292469307	0.0373668294143147	0.185388055451483	0.184051602797472
-353.273380349584	588.8	0.0368920198717127	0.0371013494550504	0.187364652072462	0.18652192980983
-353.273380349584	614.4	0.0367130886715552	0.0368439389411694	0.190058557225985	0.188838134600885
-353.273380349584	640	0.0366637237768551	0.0365950458863706	0.191968778115741	0.191018435354849
-353.273380349584	665.6	0.036459319058501	0.0363546983512482	0.193953079533959	0.193078404206467
-353.273380349584	691.2	0.0360188004956888	0.0361226725496217	0.19588659673062	0.195032124590134
-353.273380349584	716.8	0.0357776051021058	0.0358974183858502	0.197276708194475	0.196892662025689
-353.273380349584	742.4	0.0355892715111796	0.0356766875649353	0.198858126077426	0.19867094054189
-353.273380349584	768	0.035188580046788	0.0354585682775625	0.201345770704267	0.200377236092667
-353.273380349584	793.6	0.0351391386819973	0.0352414947266456	0.202786904775884	0.20202202557751
-353.273380349584	819.2	0.0348834286520654	0.0350247017446226	0.204049378056102	0.203615514854806
-353.273380349584	844.8	0.0347396844844646	0.034808526911802	0.205564375152834	0.205166023211416
-353.273380349584	870.4	0.0343897897549298	0.0345940059901103	0.207349566416512	0.206679118508928
-353.273380349584	896	0.0338839114714574	0.0343820880647064	0.209104850908263	0.2081578877382
-353.273380349584	921.6	0.0342787363266686	0.0341729618029069	0.210297851617994	0.209604660739692
-353.273380349584	947.2	0.0337898935174045	0.0339659085451298	0.211304480629345	0.211020892794869
-353.273380349584	972.8	0.033478522438973	0.0337592658772027	0.212650852292367	0.212404499162654
-353.273380349584	998.4	0.0334213951022093	0.0335510100867374	0.213992966580142	0.21375290974482
-353.273380349584	1024	0.033255489957223	0.0333397487030592	0.214921883187752	0.215070778023344
-353.273380349584	1049.6	0.0332174029277425	0.0331256105450515	0.217132581972815	0.216364792298419
-353.273380349584	1075.2	0.0331759597390137	0.0329095330877736	0.217741618268498	0.217644606368128
-353.273380349584	1100.8	0.0332100679876612	0.0326920308092379	0.218916701408534	0.218910140496975
-353.273380349584	1126.4	0.0329465021507093	0.0324730307095019	0.220463913029124	0.220161612038092
-353.273380349584	1152	0.0324485957519162	0.0322517057461533	0.222020005938648	0.221399740871505
-353.273380349584	1177.6	0.0324463819096078	0.0320272548381244	0.22312061132282	0.222626777520021
-353.273380349584	1203.2	0.032097224795699	0.031799114995658	0.22321902052908	0.223845006840833
-353.273380349584	1228.8	0.0313827558831813	0.0315682051752208	0.224912045881753	0.225050349477227
-340.656473908527	-1228.8	0.0330459437849552	0.0331195662174443	-0.223630006230826	-0.224709368319826
-340.656473908527	-1203.2	0.0337906745536996	0.0334761517468696	-0.223145420649941	-0.223506743919974
-340.656473908527	-1177.6	0.0341191783064112	0.0338469991231352	-0.22248114004777	-0.222299547608909
-340.656473908527	-1152	0.0340807045102623	0.0342234105862126	-0.220880932992904	-0.221095028632913
-340.656473908527	-1126.4	0.0341961399370196	0.0346120170959214	-0.218890072750294	-0.219887903344328
-340.656473908527	-1100.8	0.0347479993656819	0.0350099626707999	-0.218262909299173	-0.218680360267262
-340.656473908527	-1075.2	0.0352417835886326	0.035417158688992	-0.217640951072807	-0.217465050916374
-340.656473908527	-1049.6	0.0353940430475209	0.0358326813043644	-0.216392208821192	-0.216239583202673
-340.656473908527	-1024	0.0359966007384432	0.036252389430733	-0.215871087517053	-0.215012711692206
-340.656473908527	-998.4	0.0370210330109992	0.0366804006426459	-0.214649829076301	-0.213764620705692
-340.656473908527	-972.8	0.037423554121503	0.0371173450199588	-0.213165832131423	-0.212496570259699
-340.656473908527	-947.2	0.0374248738282011	0.0375633415922382	-0.211496004767944	-0.211198510236392
-340.656473908527	-921.6	0.0381787713265192	0.0380143222200683	-0.210269539338248	-0.209877546657158
-340.656473908527	-896	0.0385270060742902	0.0384650256207427	-0.20917279321291	-0.208530382935736
-340.656473908527	-870.4	0.0392019627437238	0.0389098148975467	-0.207666262156038	-0.207152523400444
-340.656473908527	-844.8	0.0401060684398683	0.0393444415600189	-0.206434943972605	-0.205739842952777
-340.656473908527	-819.2	0.0403089976992349	0.0397672472749976	-0.20431839399281	-0.20428964598223
-340.656473908527	-793.6	0.0402811313016443	0.040179568599454	-0.202347190384202	-0.202798898831548
-340.656473908527	-768	0.0404884810503986	0.0405848312339272	-0.201866606039342	-0.201262894632619
-340.656473908527	-742.4	0.0410044401169303	0.0409867500015644	-0.200238128473343	-0.199674685194797
-340.656473908527	-716.8	0.041319153256638	0.041388536801657	-0.198575187497741	-0.198025410053542
-340.656473908527	-691.2	0.0415518253064084	0.0417916390024637	-0.196716255455939	-0.196304222871537
-340.656473908527	-665.6	0.0419321600308932	0.0421964731136411	-0.194970703410376	-0.194498835611205
-340.656473908527	-640	0.0425396749564214	0.0426033963776157	-0.193957549818045	-0.192596340652007
-340.656473908527	-614.4	0.0427262815160488	0.0430112890310125	-0.191839033894801	-0.190581601978078
-340.656473908527	-588.8	0.0430538257933468	0.0434184170732719	-0.189395563364403	-0.188437422638503
-340.656473908527	-563.2	0.0436591727773762	0.0438229431579542	-0.187187736452818	-0.186144645260724
-340.656473908527	-537.6	0.0442127704455282	0.0442219491034773	-0.185019469517807	-0.183681206536769
-340.656473908527	-512	0.0445221542948766	0.0446109940775835	-0.182206713474795	-0.181021722432927
-340.656473908527	-486.4	0.0450110090433276	0.0449836115989504	-0.180040212640282	-0.1781372194041
-340.656473908527	-460.8	0.0457548472452068	0.0453318194936735	-0.177264916458316	-0.174992263729988
-340.656473908527	-435.2	0.0459512883476798	0.0456462601953252	-0.173708179803283	-0.171543567311378
-340.656473908527	-409.6	0.0461545307073818	0.0459158850815285	-0.170293243369171	-0.167739115201028
-340.656473908527	-384	0.0465053639210684	0.0461279203678446	-0.1669051306541	-0.163516438641682
-340.656473908527	-358.4	0.0470725550660475	0.0462692258858635	-0.1629843055839	-0.158801850306306
-340.656473908527	-332.8	0.0471190743733427	0.0463269309673818	-0.158282683689697	-0.153509375366108
-340.656473908527	-307.2	0.0469815557377356	0.0462899224684386	-0.153053374420972	-0.147541956622295
-340.656473908527	-281.6	0.0471197502801302	0.0461510255523043	-0.147225128452429	-0.140794528414988
-340.656473908527	-256	0.0467784645468376	0.0459071892863798	-0.1402909761174	-0.13315971796479
-340.656473908527	-230.4	0.0465568120746285	0.0455593884918207	-0.133025618526877	-0.124534729048309
-340.656473908527	-204.8	0.0461130968667528	0.0451124773415973	-0.12425184017835	-0.114833332617005
-340.656473908527	-179.2	0.0453545394226658	0.0445773580320401	-0.114123670176293	-0.10400117586995
-340.656473908527	-153.6	0.0447108888265375	0.0439737221935633	-0.102778278165977	-0.0920271254374859
-340.656473908527	-128	0.0434899015774004	0.0433292872928876	-0.0895246114228992	-0.0789490795198524
-340.656473908527	-102.4	0.0423758332000174	0.0426767608923434	-0.0745322241494803	-0.0648546362721134
-340.656473908527	-76.8	0.0413372581486445	0.0420509042419441	-0.057685237964871	-0.0498799494428121
-340.656473908527	-51.2	0.0409576526779982	0.0414847365528867	-0.0399051677248099	-0.0342061311788597
-340.656473908527	-25.6	0.0404705933552245	0.0410058664570874	-0.0201080520524461	-0.0180516134440796
-340.656473908527	0	0.0391013849153059	0.0406341308507983	-0.000514975453189515	-0.00166144674563832
-340.656473908527	25.6	0.0382195943650008	0.0403799773930648	0.0189282152574278	0.0147058840168035
-340.656473908527	51.2	0.0381970040652202	0.0402444218947923	0.0368051171575134	0.0307924463980718
-340.656473908527	76.8	0.038834885597558	0.0402195740519052	0.0541184863822101	0.0463561927599671
-340.656473908527	102.4	0.0394788828850378	0.0402902366485933	0.0702829400749124	0.0611867927220101
-340.656473908527	128	0.0400711281392232	0.0404359503098974	0.084949177333237	0.075117002800781
-340.656473908527	153.6	0.0407730706674086	0.0406325325422267	0.0979325672620393	0.0880291080735341
-340.656473908527	179.2	0.0415110551861594	0.0408536841678124	0.109615527000013	0.09985698567989
-340.656473908527	204.8	0.0418270087710232	0.0410722840442986	0.119466727924182	0.110584014947458
-340.656473908527	230.4	0.0420394691906805	0.0412618753061828	0.128135225409349	0.120236825347843
-340.656473908527	256	0.0422417265626265	0.0413994319238964	0.135993185872776	0.128874955403662
-340.656473908527	281.6	0.0420179853290484	0.0414691135128448	0.142734129460773	0.136578043620626
-340.656473908527	307.2	0.041986680802445	0.0414645257836079	0.148265072863802	0.143436676131115
-340.656473908527	332.8	0.0420354319111534	0.0413883166970777	0.154287921722539	0.149547965878766
-340.656473908527	358.4	0.0417582522098054	0.0412481876595507	0.15897766318461	0.155008449367957
-340.656473908527	384	0.0413286491962392	0.0410544863534193	0.163336087063826	0.159907832266921
-340.656473908527	409.6	0.0410127721968953	0.0408195104072482	0.1668266367067	0.164326148157604
-340.656473908527	435.2	0.0406999753178094	0.0405556484241505	0.170340148344862	0.168332190450316
-340.656473908527	460.8	0.0402651717080992	0.040273289154349	0.174254011572091	0.171982995895568
-340.656473908527	486.4	0.0398582017916272	0.0399802229836178	0.177289892496583	0.17532572338726
-340.656473908527	512	0.0394728095898976	0.0396823844870133	0.180142990371543	0.178401747246661
-340.656473908527	537.6	0.0392323397734038	0.0393848718373991	0.182576250004023	0.181247584595553
-340.656473908527	563.2	0.038975190895471	0.0390917013910927	0.185170351148329	0.183893859581592
-340.656473908527	588.8	0.0385694463637055	0.0388056326025604	0.187360005270527	0.186365544020083
-340.656473908527	614.4	0.0383326820473943	0.0385282529721662	0.189754512772379	0.188683247672447
-340.656473908527	640	0.0382868491843306	0.0382601253394973	0.191967731281143	0.190864854184717
-340.656473908527	665.6	0.0380927371574059	0.0380013401490406	0.193948255597273	0.19292614366497
-340.656473908527	691.2	0.037643430316262	0.0377514927236364	0.195951709428486	0.194881448303075
-340.656473908527	716.8	0.0375047485689733	0.0375090052222228	0.197065102797361	0.196743521885431
-340.656473908527	742.4	0.0371238191747868	0.0372715308877661	0.199023059643558	0.198522939219944
-340.656473908527	768	0.0369001596395675	0.0370368082782834	0.201010690840232	0.200229795903614
-340.656473908527	793.6	0.0366241336739712	0.0368030742271269	0.20247383336724	0.201874848667848
-340.656473908527	819.2	0.0363972317209829	0.0365698977997241	0.203792436146505	0.203468932899656
-340.656473908527	844.8	0.0360046656440614	0.0363380353989677	0.205358128811315	0.205020591681295
-340.656473908527	870.4	0.0356323963236395	0.0361085863598752	0.207107075787482	0.206535155619717
-340.656473908527	896	0.0355272789544071	0.0358823123165552	0.208511136457154	0.208015335771856
-340.656473908527	921.6	0.0357941330762696	0.0356593066915495	0.209781039609291	0.209463282851655
-340.656473908527	947.2	0.0352343321539806	0.0354387645667871	0.211087296770751	0.210879876582368
-340.656473908527	972.8	0.0352553416646443	0.0352188198673236	0.21222124045597	0.212264165431132
-340.656473908527	998.4	0.0349067956373444	0.0349982741628439	0.213995933108532	0.213610597828082
-340.656473908527	1024	0.0344326121786727	0.0347757548020949	0.215045799131347	0.214929762828928
-340.656473908527	1049.6	0.0342925253686951	0.0345518287723809	0.217060128964828	0.216222836785541
-340.656473908527	1075.2	0.0342388140626592	0.0343263442209963	0.21788448277415	0.21750868410063
-340.656473908527	1100.8	0.034241601688081	0.0340999216137474	0.218865097619506	0.218776232979384
-340.656473908527	1126.4	0.0339910876341411	0.0338719934697486	0.220118045711356	0.22002909612529
-340.656473908527	1152	0.033714492699701	0.0336420213102911	0.222011050345452	0.221269640408191
-340.656473908527	1177.6	0.0336188924464643	0.0334099758469248	0.222693139402808	0.222498641670098
-340.656473908527	1203.2	0.033206059220633	0.0331734418974692	0.223076415904957	0.223719119235871
-340.656473908527	1228.8	0.0331198580074913	0.0329342656932922	0.225363822551017	0.224927261710895
-328.039567467471	-1228.8	0.0348774013621154	0.0345045789172814	-0.224308152541869	-0.224628598357373
-328.039567467471	-1203.2	0.0355609343409152	0.0348683340111735	-0.223686267638214	-0.223421545087368
-328.039567467471	-1177.6	0.0357216914244483	0.0352490691271454	-0.222604825882057	-0.222208886270486
-328.039567467471	-1152	0.0355637454797041	0.0356395101681306	-0.221279261321401	-0.220995980290676
-328.039567467471	-1126.4	0.0356526487737688	0.0360394050629864	-0.219056677737495	-0.219781662396462
-328.039567467471	-1100.8	0.0363035888892794	0.036449236725654	-0.218563863408007	-0.218565936255394
-328.039567467471	-1075.2	0.0362892756850092	0.036868117329038	-0.21705601136347	-0.217342375986494
-328.039567467471	-1049.6	0.0364339653613052	0.0372933262791816	-0.215819552223422	-0.216117472327958
-328.039567467471	-1024	0.0374901733014459	0.0377270398584542	-0.215724395928995	-0.214877467291383
-328.039567467471	-998.4	0.0380661740286685	0.0381687830754371	-0.214392656062585	-0.213623332944256
-328.039567467471	-972.8	0.0387012842153049	0.0386210386272505	-0.213104641071067	-0.212347756638208
-328.039567467471	-947.2	0.0389656128048919	0.0390830324291064	-0.2116417866063	-0.2110467159921
-328.039567467471	-921.6	0.0396071818298567	0.0395503176006594	-0.210327712839462	-0.209724517553536
-328.039567467471	-896	0.0401840153340559	0.0400171385467888	-0.20889294830271	-0.208377592998512
-328.039567467471	-870.4	0.0406676379440461	0.0404777350014962	-0.207019313034199	-0.207001117586445
-328.039567467471	-844.8	0.0414344697022959	0.0409284670097189	-0.205946403723896	-0.205590641367428
-328.039567467471	-819.2	0.0419310183181884	0.0413682832817315	-0.204355014979679	-0.204142913191523
-328.039567467471	-793.6	0.0419681558880598	0.0417985159493154	-0.202621390474	-0.202653730357196
-328.039567467471	-768	0.0421884215437948	0.0422224546440006	-0.201591758510845	-0.201117760550165
-328.039567467471	-742.4	0.0425542967631016	0.0426439574134529	-0.199847471006371	-0.199528028556506
-328.039567467471	-716.8	0.0429120572507469	0.0430663511019482	-0.198332619659568	-0.197875519924159
-328.039567467471	-691.2	0.0433361789245056	0.0434912165036014	-0.196440261921772	-0.196149497152446
-328.039567467471	-665.6	0.0437344569039659	0.0439190293953419	-0.194892709498165	-0.194338630744345
-328.039567467471	-640	0.0442367786736747	0.0443503815384178	-0.193922414059181	-0.192430983511684
-328.039567467471	-614.4	0.04437364660339	0.0447841944881512	-0.191257242661035	-0.19041161556588
-328.039567467471	-588.8	0.0450779072270249	0.0452185617852555	-0.189389286376155	-0.188263120782288
-328.039567467471	-563.2	0.0456420622122611	0.0456511548560847	-0.187119605471386	-0.185966348323181
-328.039567467471	-537.6	0.046114900873522	0.0460786806840669	-0.18508686649133	-0.18350019834882
-328.039567467471	-512	0.0465801973662309	0.0464965660468492	-0.182425623432267	-0.180841026007743
-328.039567467471	-486.4	0.0469245385880728	0.0468983326223484	-0.179685843917289	-0.177960905559464
-328.039567467471	-460.8	0.0475184887772758	0.0472762014168478	-0.177034131222657	-0.17482525506495
-328.039567467471	-435.2	0.0477850483404967	0.0476208938413999	-0.1736156068187	-0.171391556892636
-328.039567467471	-409.6	0.0482453567613093	0.0479214151516429	-0.170170627936165	-0.16760859464458
-328.039567467471	-384	0.0485018473543214	0.0481651628732937	-0.166816733230609	-0.163414867514117
-328.039567467471	-358.4	0.0488588004764796	0.0483389674347803	-0.162691464236471	-0.158736605957069
-328.039567467471	-332.8	0.0493172286203795	0.048429777691591	-0.158189799367757	-0.153486836043689
-328.039567467471	-307.2	0.049202065708706	0.0484260893696743	-0.153306882904385	-0.147567360263764
-328.039567467471	-281.6	0.0495134902502794	0.0483200282074723	-0.147522638137963	-0.140871255821623
-328.039567467471	-256	0.0490214943651046	0.048107746051344	-0.140480082764766	-0.133288469872584
-328.039567467471	-230.4	0.0488804348917099	0.0477894276788236	-0.1331888756717	-0.124713594544849
-328.039567467471	-204.8	0.0482648191108702	0.0473691163968704	-0.124324079310989	-0.115056623437447
-328.039567467471	-179.2	0.0477354794735411	0.0468567490624519	-0.114564328657266	-0.104258705598989
-328.039567467471	-153.6	0.047000493100772	0.0462710531187437	-0.103355796196101	-0.0923047805031308
-328.039567467471	-128	0.0459375556213909	0.0456391990547107	-0.0900533564419509	-0.0792302267090887
-328.039567467471	-102.4	0.0448579490271271	0.0449938576415321	-0.0751164209000922	-0.0651223630305167
-328.039567467471	-76.8	0.0438916278090121	0.044369911339639	-0.0584887841448033	-0.0501185158738916
-328.039567467471	-51.2	0.0430973611749522	0.0438006674175857	-0.0400007635091563	-0.0344021079094884
-328.039567467471	-25.6	0.0421766580026689	0.0433143173920457	-0.0204257492819505	-0.0181952098845942
-328.039567467471	0	0.041533636793263	0.0429313649089841	-0.00131132890567305	-0.00174727035622735
-328.039567467471	25.6	0.0405812579501951	0.0426627142675717	0.0189379501939202	0.0146788167885967
-328.039567467471	51.2	0.0405660403048937	0.0425097961504708	0.037098651812432	0.0308209995987338
-328.039567467471	76.8	0.0412004647505289	0.0424651259084337	0.0545669106894713	0.0464332487404011
-328.039567467471	102.4	0.0417559440722223	0.0425140509505488	0.0708508930394861	0.0613014797083102
-328.039567467471	128	0.0423183487308705	0.0426364037341574	0.085331840259086	0.075255883720371
-328.039567467471	153.6	0.0429295281012645	0.0428079713927462	0.0983932066016168	0.0881777801294151
-328.039567467471	179.2	0.043636892597841	0.043002293923585	0.110069017425948	0.100001233777087
-328.039567467471	204.8	0.0440307619947987	0.0431920196340611	0.119567168432405	0.11071039855785
-328.039567467471	230.4	0.0441292679386976	0.0433509186096274	0.128090485465003	0.120334421616167
-328.039567467471	256	0.0443462329890672	0.043456601363003	0.136004788442543	0.128936276577073
-328.039567467471	281.6	0.0441868277249604	0.0434938858505812	0.142626888383708	0.136599328607755
-328.039567467471	307.2	0.0441013343118346	0.043457020157681	0.148638814988409	0.143418143526317
-328.039567467471	332.8	0.0438306872474531	0.0433489940503365	0.1537962395366	0.149492575684543
-328.039567467471	358.4	0.0436763395389931	0.0431777739947872	0.158879799658325	0.154920634757232
-328.039567467471	384	0.0432858159923849	0.0429540376405764	0.163223560884715	0.159792976851049
-328.039567467471	409.6	0.0429002683812364	0.0426903319883614	0.166555929647843	0.164190178747022
-328.039567467471	435.2	0.0425403298345208	0.0423991215473099	0.170161724127285	0.168180970770391
-328.039567467471	460.8	0.0421294437642595	0.0420908344645665	0.173796850539474	0.171821735715151
-328.039567467471	486.4	0.0416600977298188	0.0417733081451178	0.17667545790976	0.175158872310979
-328.039567467471	512	0.0411513414533486	0.0414524229499725	0.179824738451843	0.178232947551495
-328.039567467471	537.6	0.0409680295506453	0.0411331162670568	0.182659981921874	0.181079303289012
-328.039567467471	563.2	0.0407031453218819	0.0408191418252316	0.185189935623365	0.183727368191091
-328.039567467471	588.8	0.0402989779548087	0.0405129748025486	0.187386296793347	0.186201140344441
-328.039567467471	614.4	0.0399289961795434	0.0402160327927876	0.189533659507054	0.188520791568006
-328.039567467471	640	0.0398996331430142	0.039929010283293	0.191880182479278	0.190704002655952
-328.039567467471	665.6	0.0396793316350931	0.039651826382599	0.193671318885775	0.192766419258033
-328.039567467471	691.2	0.0393321839875564	0.0393838519797414	0.195451940714751	0.194722531532447
-328.039567467471	716.8	0.039229768657491	0.0391235685697195	0.19670543286869	0.196585151408174
-328.039567467471	742.4	0.0386194564233963	0.0388686592159633	0.199350682743526	0.198364964463881
-328.039567467471	768	0.0387029279349675	0.0386166283798302	0.20059217611796	0.200072163816939
-328.039567467471	793.6	0.0384348210509455	0.0383657398716624	0.201959386553034	0.201717606909452
-328.039567467471	819.2	0.0378690331744464	0.0381159339225094	0.203640463633082	0.203312479092531
-328.039567467471	844.8	0.0374745150529358	0.0378682180609218	0.205180966329019	0.20486548261053
-328.039567467471	870.4	0.0373047964846013	0.0376237242427974	0.206854123727367	0.206381674803005
-328.039567467471	896	0.037384476160198	0.037383072684812	0.20764410732413	0.207863341147562
-328.039567467471	921.6	0.0372290243883066	0.0371462221821713	0.209316561563924	0.209312341991034
-328.039567467471	947.2	0.0369052853541844	0.036912218086407	0.210757331334073	0.210729151590472
-328.039567467471	972.8	0.036978997428059	0.0366793639815644	0.211802984205281	0.212113096763627
-328.039567467471	998.4	0.0364009613381886	0.0364467247921266	0.214009245365944	0.213461309852482
-328.039567467471	1024	0.0356952928818347	0.0362135085205783	0.215262321642162	0.214781354224669
-328.039567467471	1049.6	0.0355805437595803	0.0359793535487239	0.216922660945516	0.216082504461792
-328.039567467471	1075.2	0.0354069083179566	0.0357448340084414	0.217911166885303	0.217363538886538
-328.039567467471	1100.8	0.0352316526980763	0.03550910377272	0.218704488415793	0.21863584738789
-328.039567467471	1126.4	0.0350038105555514	0.0352724091220793	0.21972713393087	0.219890515533821
-328.039567467471	1152	0.0349780984192629	0.0350338889884857	0.221903020509587	0.221133797362463
-328.039567467471	1177.6	0.0347723093123516	0.0347935472197466	0.222260333363337	0.222365305654802
-328.039567467471	1203.2	0.034292507749187	0.0345493619591251	0.223051191908935	0.223586861383772
-328.039567467471	1228.8	0.0341045208491816	0.0343023343360344	0.224654008156757	0.224795155550822
-315.422661026414	-1228.8	0.0360386454812247	0.0358866000424302	-0.224131319280279	-0.224550952888239
-315.422661026414	-1203.2	0.0367395556222006	0.0362660622082077	-0.223314609151909	-0.223332219087075
-315.422661026414	-1177.6	0.0371125679947343	0.0366534399701603	-0.222820984408499	-0.222113555438183
-315.422661026414	-1152	0.0370213061482737	0.0370540779391717	-0.221523284911075	-0.220892345415379
-315.422661026414	-1126.4	0.0371329808930161	0.0374658767857944	-0.21940004912704	-0.219668727464218
-315.422661026414	-1100.8	0.0378652308149815	0.0378872947470202	-0.218717201631846	-0.218444478567937
-315.422661026414	-1075.2	0.0376700739233358	0.0383177713628562	-0.216927016901084	-0.217211640012564
-315.422661026414	-1049.6	0.0381124264207049	0.038754550384803	-0.215927402799573	-0.21597788716298
-315.422661026414	-1024	0.0390667864362755	0.0392015792454444	-0.215583162875789	-0.21472897599441
-315.422661026414	-998.4	0.0395445725944149	0.0396567755829605	-0.2141190959055	-0.21346983122952
-315.422661026414	-972.8	0.0403608007775702	0.0401246578166261	-0.212909548457444	-0.212187196983198
-315.422661026414	-947.2	0.0404875524863599	0.0406029146233166	-0.211245678089615	-0.210883017130647
-315.422661026414	-921.6	0.0412670264160705	0.0410863661243117	-0.210506839961965	-0.209559139389692
-315.422661026414	-896	0.0417299790702906	0.0415687799662788	-0.208892168941329	-0.208211942026831
-315.422661026414	-870.4	0.0420962998826912	0.0420447673923944	-0.206921117389088	-0.206836643175035
-315.422661026414	-844.8	0.0425907962951624	0.042511562783636	-0.205665776653838	-0.20542847072073
-315.422661026414	-819.2	0.0430948357810252	0.0429686373830485	-0.203994715631614	-0.203983116850626
-315.422661026414	-793.6	0.0435829634267208	0.0434170494974632	-0.202667847698864	-0.202494886864984
-315.422661026414	-768	0.0438566514627706	0.0438598411650268	-0.201339168263646	-0.200958155456626
-315.422661026414	-742.4	0.0441561428718135	0.044301094602243	-0.199782325271721	-0.199366196685097
-315.422661026414	-716.8	0.0444948185983026	0.044744086864789	-0.198246547146426	-0.197709974472659
-315.422661026414	-691.2	0.0450932908024657	0.0451906994380299	-0.196239114795803	-0.195979192042438
-315.422661026414	-665.6	0.0455362579314734	0.0456417182802497	-0.194814737043537	-0.194163270878895
-315.422661026414	-640	0.045904193504251	0.0460976393581606	-0.193370550076657	-0.19225054227229
-315.422661026414	-614.4	0.046123104286595	0.0465574521111664	-0.190670510701543	-0.190226030448006
-315.422661026414	-588.8	0.0471426312737093	0.0470191701643192	-0.189437203196694	-0.188072254875167
-315.422661026414	-563.2	0.0475415848114479	0.0474802026713262	-0.186916069581238	-0.1857705562294
-315.422661026414	-537.6	0.0478391494930589	0.0479368479548352	-0.184955852102045	-0.183301230190595
-315.422661026414	-512	0.0484346224105388	0.0483841954841579	-0.182318971330695	-0.180642373282872
-315.422661026414	-486.4	0.0490961275923165	0.0488157598050684	-0.179462731186598	-0.177766806586483
-315.422661026414	-460.8	0.0495278015699158	0.0492238703354898	-0.176506101971456	-0.174640492927893
-315.422661026414	-435.2	0.0496725944154341	0.0495993289352979	-0.173412980695294	-0.171221636038781
-315.422661026414	-409.6	0.0503681265696889	0.0499311999737332	-0.170269107767881	-0.167459708271611
-315.422661026414	-384	0.0503329996398681	0.0502069225535804	-0.166443995546617	-0.16329409066502
-315.422661026414	-358.4	0.0507373841769389	0.0504131037450331	-0.162366903286334	-0.158651016491353
-315.422661026414	-332.8	0.0513351456329809	0.0505366174209991	-0.158019302523487	-0.153442799045909
-315.422661026414	-307.2	0.0513305762906422	0.0505659109210588	-0.153213787272676	-0.147570399401111
-315.422661026414	-281.6	0.051594490728811	0.0504924529759783	-0.147553446434854	-0.140925407804726
-315.422661026414	-256	0.0513299711772761	0.0503116288231607	-0.14071563791116	-0.133395065842729
-315.422661026414	-230.4	0.0512873166150332	0.0500227522140873	-0.133315589617996	-0.124870620793547
-315.422661026414	-204.8	0.0508197537560694	0.0496291113189835	-0.125110809517747	-0.115258390132413
-315.422661026414	-179.2	0.0501195802245148	0.0491398207431497	-0.115156574542223	-0.104495515201363
-315.422661026414	-153.6	0.0492411043172094	0.048572565892055	-0.1034719797206	-0.0925631632755844
-315.422661026414	-128	0.0482587685779928	0.0479537145682143	-0.0904173233581655	-0.0794939505173167
-315.422661026414	-102.4	0.0472327866064325	0.0473159454454375	-0.0755049916409798	-0.0653744984365987
-315.422661026414	-76.8	0.0460223744099273	0.0466943004329125	-0.0593104091677305	-0.0503433238503076
-315.422661026414	-51.2	0.0453738982124716	0.0461222984175563	-0.0410698357727875	-0.0345862055045838
-315.422661026414	-25.6	0.0438855245841704	0.0456286863791174	-0.0209264703441408	-0.0183287780845355
-315.422661026414	0	0.0438463301421403	0.0452345191489596	-0.00137745951820814	-0.00182487763416525
-315.422661026414	25.6	0.0429718597403473	0.0449512127125452	0.0190197504952774	0.0146580730839631
-315.422661026414	51.2	0.0428205155326402	0.0447805403348358	0.037142782460799	0.0308537341906168
-315.422661026414	76.8	0.0436291271336776	0.0447153650361185	0.0549059605548177	0.0465122286454253
-315.422661026414	102.4	0.0440361906009182	0.0447416657241457	0.071021580949429	0.0614157639303539
-315.422661026414	128	0.0445438285047263	0.0448396361509078	0.085648399873987	0.0753918424122439
-315.422661026414	153.6	0.0451230929451046	0.044985100764036	0.0988504605119351	0.0883207592696407
-315.422661026414	179.2	0.045806396427378	0.0451514225858086	0.110035530473924	0.100137018584875
-315.422661026414	204.8	0.0460930629555266	0.0453111445787644	0.12003218349005	0.110826178890817
-315.422661026414	230.4	0.0462577388968761	0.0454383563038888	0.128114262093066	0.12042012914143
-315.422661026414	256	0.0464143317887391	0.0455114654004112	0.136101291066299	0.128985092848031
-315.422661026414	281.6	0.0463727302909697	0.0455160584727417	0.14252822293751	0.136608012366361
-315.422661026414	307.2	0.045847951346926	0.0454469924031417	0.148123829734096	0.143387334629998
-315.422661026414	332.8	0.0457003824087551	0.0453074288378823	0.153561233132791	0.149425249816091
-315.422661026414	358.4	0.0455607597381887	0.045105595315402	0.158996752724995	0.154821178532968
-315.422661026414	384	0.0450411679414905	0.0448524804821556	0.162801621632714	0.159666818376879
-315.422661026414	409.6	0.0446856645166465	0.0445607451978959	0.166482930670485	0.164043151195726
-315.422661026414	435.2	0.0443606044264604	0.0442428015146553	0.169918513423972	0.168018611940586
-315.422661026414	460.8	0.0439116424074913	0.0439090951349035	0.173467924608096	0.171649159586871
-315.422661026414	486.4	0.0434238543614427	0.0435675945010952	0.17631419460746	0.17498087855702
-315.422661026414	512	0.0428332221136816	0.0432242328268411	0.179493642642089	0.178053581337759
-315.422661026414	537.6	0.042742787310414	0.0428836933328676	0.182711473720027	0.180901318822026
-315.422661026414	563.2	0.0424302160575365	0.0425494340415338	0.185184548997662	0.183552066585214
-315.422661026414	588.8	0.0421218739528759	0.0422236396484539	0.187430538098937	0.186028621778112
-315.422661026414	614.4	0.0418526478764491	0.0419075622363984	0.189522469355099	0.188350659918605
-315.422661026414	640	0.0416248216543671	0.0416018343799665	0.191787502671085	0.19053570653858
-315.422661026414	665.6	0.0412951616591694	0.0413061561404728	0.193448426295253	0.192599200171068
-315.422661026414	691.2	0.0410156799240486	0.0410196885458395	0.194987588761722	0.194555696403304
-315.422661026414	716.8	0.0407592984342337	0.0407410073564421	0.19679283542423	0.196418275208835
-315.422661026414	742.4	0.0401500993586282	0.0404680197915904	0.199483857223087	0.198197957992892
-315.422661026414	768	0.0403816531782494	0.0401982714270832	0.200300366077019	0.199905297510146
-315.422661026414	793.6	0.0401717696827805	0.0399301325627302	0.20150223417289	0.201551338142516
-315.422661026414	819.2	0.0396230031405651	0.0396636668847179	0.203150965728174	0.203147155156196
-315.422661026414	844.8	0.0391510737806217	0.0393998789282426	0.204883920036513	0.204701375072466
-315.422661026414	870.4	0.0391192472302542	0.0391399652169653	0.206628865146505	0.206218953868923
-315.422661026414	896	0.0390711468969237	0.0388846189865182	0.207679650234825	0.207702093165154
-315.422661026414	921.6	0.0386898079692388	0.0386338024939174	0.209352426439567	0.209152383791719
-315.422661026414	947.2	0.0385023301616218	0.0383865170839283	0.210530546887921	0.210570022410491
-315.422661026414	972.8	0.0383389723344628	0.0381413593343659	0.211451745205055	0.211954826898725
-315.422661026414	998.4	0.0378369930051129	0.0378973311871639	0.213769028702967	0.21330592788281
-315.422661026414	1024	0.0370757009698369	0.0376540629463008	0.215301412056899	0.214626230575801
-315.422661026414	1049.6	0.0371044441204597	0.0374098529417155	0.216423885161019	0.215931191693111
-315.422661026414	1075.2	0.0370586414676985	0.0371658523777681	0.217504895463345	0.217215050831392
-315.422661026414	1100.8	0.0368231022363576	0.0369204471993076	0.218806921005886	0.218490126891196
-315.422661026414	1126.4	0.0364021268914534	0.0366746430529179	0.21970978188368	0.219746689040316
-315.422661026414	1152	0.0363537953493353	0.036427447489817	0.221741757999918	0.2209928040374
-315.422661026414	1177.6	0.0360878735195612	0.0361783961620212	0.221963428245007	0.222225939745116
-315.422661026414	1203.2	0.0356686168121091	0.0359263264805933	0.222684204515959	0.22344767968695
-315.422661026414	1228.8	0.0352594611822451	0.0356709155657788	0.22397892898941	0.224657703445124
-302.805754585358	-1228.8	0.0371638050434314	0.0372712701591425	-0.2239712005391	-0.22446954082673
-302.805754585358	-1203.2	0.0377592519974017	0.0376580121487382	-0.222820868275622	-0.223241895003547
-302.805754585358	-1177.6	0.0382290482943937	0.0380562897629379	-0.222505351325309	-0.222012484442501
-302.805754585358	-1152	0.0384543577930095	0.0384688588885881	-0.221667519726508	-0.220781384057794
-302.805754585358	-1126.4	0.0387274019580719	0.0388904658779318	-0.219986431766391	-0.219547651930987
-302.805754585358	-1100.8	0.0392747924417085	0.039323212229794	-0.218821614652695	-0.218314226869667
-302.805754585358	-1075.2	0.0391779128679069	0.0397655563324345	-0.216960313445639	-0.217072433805804
-302.805754585358	-1049.6	0.0398316057362536	0.0402150922496033	-0.216230180263004	-0.215828421959114
-302.805754585358	-1024	0.0406120379841186	0.0406755619396514	-0.215259299868056	-0.214570952961572
-302.805754585358	-998.4	0.0412205405542933	0.0411446153796178	-0.213844223674678	-0.213304234908008
-302.805754585358	-972.8	0.0421412506311892	0.041627637311232	-0.2126469318572	-0.212016047464938
-302.805754585358	-947.2	0.0419804773942853	0.0421216946685686	-0.210543629169821	-0.210708140446812
-302.805754585358	-921.6	0.0430608252486022	0.0426206457182011	-0.210653254118426	-0.209381867584334
-302.805754585358	-896	0.0433502093036895	0.043117999452975	-0.20903928017264	-0.208033643243862
-302.805754585358	-870.4	0.0435583716823939	0.0436090194679436	-0.207182106209898	-0.206658948269861
-302.805754585358	-844.8	0.0438550393548012	0.0440917769413222	-0.205338967936508	-0.205252506309594
-302.805754585358	-819.2	0.0443144460774768	0.0445661866762836	-0.203742269294138	-0.203808717768236
-302.805754585358	-793.6	0.0451098206365101	0.0450331046910824	-0.202460291991526	-0.202320805907239
-302.805754585358	-768	0.0454542741877757	0.0454953371981749	-0.201103771277198	-0.200783012741408
-302.805754585358	-742.4	0.0458433783710685	0.0459569076957931	-0.19984250863809	-0.199188545680687
-302.805754585358	-716.8	0.0462949526590366	0.0464208984045776	-0.19862869752966	-0.197528467653598
-302.805754585358	-691.2	0.0469176377298035	0.0468895808493183	-0.196233633132212	-0.195793221165297
-302.805754585358	-665.6	0.0472779343343874	0.0473641523264966	-0.194904135422894	-0.193972604247137
-302.805754585358	-640	0.0477279784999259	0.0478449823869361	-0.193185005129631	-0.192054828486645
-302.805754585358	-614.4	0.0482546916535152	0.0483310274252769	-0.191067118588731	-0.190024568390256
-302.805754585358	-588.8	0.0492031346777922	0.0488201918948819	-0.189443513119945	-0.187864490746813
-302.805754585358	-563.2	0.0493933534761427	0.0493097305797786	-0.186637702370315	-0.185557064582323
-302.805754585358	-537.6	0.0495986991711783	0.0497957216220022	-0.184535565738352	-0.18308420770144
-302.805754585358	-512	0.0504473950312722	0.0502729669646559	-0.182104569058803	-0.18042555448022
-302.805754585358	-486.4	0.051106730198621	0.0507349076832571	-0.179275663301226	-0.177554582615614
-302.805754585358	-460.8	0.0514575204477386	0.0511738171597514	-0.17619487736398	-0.174437506771761
-302.805754585358	-435.2	0.051636682048902	0.0515805093070205	-0.172801458507088	-0.171033268628029
-302.805754585358	-409.6	0.0521636145328982	0.0519441106417516	-0.169868730480622	-0.167292020175729
-302.805754585358	-384	0.0523457548212894	0.0522519859590195	-0.166167260652768	-0.163153708671353
-302.805754585358	-358.4	0.0526527866535033	0.0524905073035741	-0.162309577060709	-0.158544554135905
-302.805754585358	-332.8	0.0532060237283622	0.0526465222932717	-0.157666973760166	-0.153376673166723
-302.805754585358	-307.2	0.0536849674971109	0.0527085960437455	-0.152978469298064	-0.147550497038189
-302.805754585358	-281.6	0.0538343627260131	0.0526676118141035	-0.147372565613743	-0.140956226990727
-302.805754585358	-256	0.0535862835096048	0.0525180261761236	-0.141010513111569	-0.133478392127725
-302.805754585358	-230.4	0.0535211634772865	0.0522583937883496	-0.133486020840876	-0.125004593640272
-302.805754585358	-204.8	0.0530236439897094	0.0518913569083647	-0.125122669874436	-0.115437339284676
-302.805754585358	-179.2	0.0524838713267093	0.0514251995835416	-0.115542376518291	-0.104710033741935
-302.805754585358	-153.6	0.0515786302582462	0.050876552831006	-0.104133198609121	-0.0928003220528293
-302.805754585358	-128	0.0506860004526628	0.0502709928345641	-0.0912848308257625	-0.0797380800220069
-302.805754585358	-102.4	0.0498295248142263	0.0496410155660758	-0.0757304675429949	-0.0656088826515935
-302.805754585358	-76.8	0.0484813310766641	0.0490218132167308	-0.0596071257799844	-0.0505521988077559
-302.805754585358	-51.2	0.0476398223584881	0.0484472400416122	-0.0413328554571421	-0.0347562169847603
-302.805754585358	-25.6	0.0467826953584374	0.0479464864069252	-0.0215857481381276	-0.0184501111681172
-302.805754585358	0	0.0461896369256639	0.0475410152873392	-0.00152121619745631	-0.00189205938040069
-302.805754585358	25.6	0.0454217427138124	0.0472427748187666	0.0189853261199661	0.0146458649582918
-302.805754585358	51.2	0.0451716878171433	0.0470539946973724	0.0373725087693211	0.0308929517607801
-302.805754585358	76.8	0.0459707644545256	0.0469679465715959	0.0552469898568785	0.0465952648857324
-302.805754585358	102.4	0.0462443094855965	0.0469710605475305	0.0715711538212702	0.0615314964020196
-302.805754585358	128	0.0467941416890259	0.0470438254780794	0.086273302855488	0.0755265460616885
-302.805754585358	153.6	0.047304906175923	0.0471622138051655	0.0993551562944483	0.0884596786929447
-302.805754585358	179.2	0.047945423258977	0.0472995054409852	0.110205108667202	0.100265869274118
-302.805754585358	204.8	0.0482778821375624	0.0474283045036073	0.119677374268339	0.110932889587495
-302.805754585358	230.4	0.048318798624703	0.0475231881623505	0.128109706323877	0.120495407661233
-302.805754585358	256	0.0483811289733837	0.047563336706975	0.136073652707112	0.129022636691758
-302.805754585358	281.6	0.0484315006350753	0.0475351918275262	0.142639368276256	0.1366051920105
-302.805754585358	307.2	0.0480074219388838	0.0474340887721534	0.148132494137264	0.143345182350617
-302.805754585358	332.8	0.0476460006066494	0.0472633830641381	0.153443109476056	0.149346802611624
-302.805754585358	358.4	0.0473218047292691	0.0470315833065411	0.158093041293105	0.154710957560209
-302.805754585358	384	0.0469647374325872	0.0467498233563412	0.162529924351591	0.15953021346607
-302.805754585358	409.6	0.0464616876816588	0.046430792202575	0.166115444166378	0.163885804979494
-302.805754585358	435.2	0.0461482922101324	0.0460868040805942	0.170009499281791	0.167845874488729
-302.805754585358	460.8	0.045704269647759	0.0457282670405558	0.173529647374617	0.171466171377484
-302.805754585358	486.4	0.0451682566329964	0.045363303300129	0.176681102583905	0.174792600870033
-302.805754585358	512	0.0446870152981677	0.0449979958951598	0.17945347113639	0.17786430927742
-302.805754585358	537.6	0.0444282491474738	0.0446367848519235	0.181968636109997	0.180713946872072
-302.805754585358	563.2	0.044162396019686	0.0442827610334548	0.184677719943826	0.183367873620412
-302.805754585358	588.8	0.0439048723753179	0.0439378088496249	0.187069549385848	0.18584779231502
-302.805754585358	614.4	0.0437558384592546	0.0436029163568737	0.189458484028532	0.188172696357517
-302.805754585358	640	0.0433721725444845	0.0432784827579347	0.191620295061982	0.1903597967153
-302.805754585358	665.6	0.0430043826192192	0.0429641939251251	0.193406609889109	0.192424591482337
-302.805754585358	691.2	0.0425038368601576	0.042658992427927	0.194882631567651	0.194381624911674
-302.805754585358	716.8	0.042245102452924	0.0423615328099687	0.196608817210935	0.196244305226512
-302.805754585358	742.4	0.0418103126369774	0.0420700991345007	0.199017735171877	0.198023799767601
-302.805754585358	768	0.0418069790831518	0.0417826042172874	0.200343224241086	0.199731217279666
-302.805754585358	793.6	0.0414984351019837	0.0414974874278929	0.201796330163825	0.201378044912891
-302.805754585358	819.2	0.0413332327151337	0.041214565388814	0.20279205294746	0.202974996635807
-302.805754585358	844.8	0.0409692524249587	0.0409345739804036	0.204381244255562	0.204530290540937
-302.805754585358	870.4	0.0408625729658773	0.0406587904750673	0.206245428016895	0.206048962269499
-302.805754585358	896	0.0405217699336179	0.0403882204661822	0.20822479099323	0.20753351074168
-302.805754585358	921.6	0.0401776113658448	0.0401230993039532	0.209754576177571	0.208985400076155
-302.805754585358	947.2	0.0400036964162003	0.0398625958772321	0.210381659608737	0.210404729791103
-302.805754585358	972.8	0.0396342919064871	0.0396054785950485	0.211182410305958	0.211791709541419
-302.805754585358	998.4	0.0392354609976126	0.0393506459456378	0.213512798200714	0.213145367590015
-302.805754585358	1024	0.038839910806833	0.0390972591144174	0.215230884123831	0.214468437889802
-302.805754585358	1049.6	0.0388523099430061	0.0388429630230165	0.216423129146944	0.215776548527857
-302.805754585358	1075.2	0.0387881514554554	0.0385891150300218	0.217593249810938	0.217063744189696
-302.805754585358	1100.8	0.0386668741882052	0.0383339404080284	0.21905955974402	0.218340556526169
-302.805754585358	1126.4	0.0379786983276225	0.0380786608258419	0.219925086266812	0.219598692127557
-302.805754585358	1152	0.0377148036259385	0.0378221763330722	0.221350734008952	0.220846771415288
-302.805754585358	1177.6	0.0374571309211308	0.0375638493074288	0.221715244033589	0.222081312935193
-302.805754585358	1203.2	0.0371456641983669	0.0373035499697346	0.222462917641541	0.22330302880231
-302.805754585358	1228.8	0.0367979357081344	0.0370396743956379	0.224226318647631	0.224515444996327
-290.188848144301	-1228.8	0.0386983233413745	0.0386537065691299	-0.224084904274315	-0.224383384603577
-290.188848144301	-1203.2	0.0391635478976642	0.0390504111144075	-0.222880954427138	-0.223144093014641
-290.188848144301	-1177.6	0.039727602868119	0.0394578257613813	-0.22224435005383	-0.221903273941409
-290.188848144301	-1152	0.0399395333046372	0.0398812258352425	-0.221704967801871	-0.220662292338711
-290.188848144301	-1126.4	0.0401690742768783	0.0403128981755402	-0.220085129410773	-0.219417904577525
-290.188848144301	-1100.8	0.0405547282589845	0.0407569679156653	-0.218711239177903	-0.218175072055332
-290.188848144301	-1075.2	0.0406147569063871	0.0412110929165948	-0.21683275680695	-0.216925067303032
-290.188848144301	-1049.6	0.041348166677596	0.0416741327455977	-0.216028241907595	-0.21567010715995
-290.188848144301	-1024	0.0420479831549458	0.0421457551974137	-0.214882743188689	-0.214407758106175
-290.188848144301	-998.4	0.0426987208853184	0.0426303030136656	-0.213401368084657	-0.213130227714079
-290.188848144301	-972.8	0.0437319774280397	0.043128863229496	-0.212206666352913	-0.211834371459905
-290.188848144301	-947.2	0.0435394902530546	0.0436378603969785	-0.210003533393436	-0.210521869998072
-290.188848144301	-921.6	0.0444756826679475	0.0441513241015772	-0.210049763081623	-0.209192336000567
-290.188848144301	-896	0.0449516554503432	0.044662917374146	-0.208924112395336	-0.207842247034353
-290.188848144301	-870.4	0.0450201366985699	0.0451686427099208	-0.206858332882338	-0.206467230018477
-290.188848144301	-844.8	0.0453091777812202	0.0456671808177635	-0.2049501659667	-0.205061410361945
-290.188848144301	-819.2	0.0456226298908469	0.0461587942938861	-0.203451576537996	-0.203618120922906
-290.188848144301	-793.6	0.0465602173785915	0.0466445614801565	-0.202262666502654	-0.202130180049091
-290.188848144301	-768	0.047094300377594	0.0471271961120243	-0.200979316797592	-0.200591631441166
-290.188848144301	-742.4	0.0475529315643848	0.0476101318212374	-0.199782021876427	-0.198995087308076
-290.188848144301	-716.8	0.0480785768072597	0.048096081935911	-0.19875391663337	-0.197331634985631
-290.188848144301	-691.2	0.0487036359280698	0.0485875795994639	-0.196266424761801	-0.19559225406206
-290.188848144301	-665.6	0.0489932347623813	0.0490862782098061	-0.195078803815243	-0.193767130144449
-290.188848144301	-640	0.0496041946736582	0.0495926423039496	-0.193284863871826	-0.191844279616472
-290.188848144301	-614.4	0.0502306497085944	0.0501054624595722	-0.191176720592453	-0.189807833430846
-290.188848144301	-588.8	0.050792681960186	0.0506223279862683	-0.188912652609936	-0.18764086495627
-290.188848144301	-563.2	0.0512644458107596	0.0511403250297262	-0.186530530519519	-0.185327177064992
-290.188848144301	-537.6	0.051517791441892	0.0516555021396761	-0.184275813675949	-0.182850392952842
-290.188848144301	-512	0.0525027653011794	0.0521626711848425	-0.181850325344593	-0.180191426598475
-290.188848144301	-486.4	0.0530902819010096	0.0526552466266382	-0.179154023110543	-0.177324530813827
-290.188848144301	-460.8	0.0532449049777477	0.0531252993173507	-0.175668159835749	-0.174216185797427
-290.188848144301	-435.2	0.0539119239163088	0.0535634687524969	-0.173080713501917	-0.170825884090933
-290.188848144301	-409.6	0.0540498348331325	0.0539589057382868	-0.16927405183117	-0.167104587194333
-290.188848144301	-384	0.0543355604834272	0.0542989474639376	-0.165960419055705	-0.162992669281619
-290.188848144301	-358.4	0.0548812753515875	0.0545698759346133	-0.162237159790467	-0.15841642055708
-290.188848144301	-332.8	0.0553992623472381	0.0547584514469627	-0.15791112719186	-0.153287875374593
-290.188848144301	-307.2	0.0557636593006166	0.0548531910537026	-0.152849742442859	-0.147507085788035
-290.188848144301	-281.6	0.0559963006757213	0.054844462649365	-0.147114648470741	-0.140962805884034
-290.188848144301	-256	0.0559346594779065	0.0547257962262434	-0.141315266001538	-0.133537050802902
-290.188848144301	-230.4	0.0556831203652067	0.0544951043863577	-0.133621749372312	-0.125114000776808
-290.188848144301	-204.8	0.0553036095393234	0.0541544016208626	-0.125082346573138	-0.115592170202648
-290.188848144301	-179.2	0.0548532647476756	0.0537110564594893	-0.115767048057186	-0.10490096322615
-290.188848144301	-153.6	0.0537881493923158	0.0531809372652452	-0.104401230462136	-0.0930147125830371
-290.188848144301	-128	0.053215394102924	0.0525889142782585	-0.0917098174329173	-0.0799607753685249
-290.188848144301	-102.4	0.0520893484252555	0.0519669593020212	-0.0764615544744504	-0.0658235132396368
-290.188848144301	-76.8	0.0510539369019296	0.0513502756787806	-0.0597359080407876	-0.0507431563829782
-290.188848144301	-51.2	0.0501710441142459	0.0507731798566331	-0.041381640333437	-0.0349102275202319
-290.188848144301	-25.6	0.0492958035329133	0.0502652690660977	-0.0219206927918504	-0.0185573503719746
-290.188848144301	0	0.04848364535791	0.049848369549964	-0.0016760980646178	-0.00194703897042555
-290.188848144301	25.6	0.0478149675065198	0.0495348939593159	0.0191012097832383	0.0146439163601427
-290.188848144301	51.2	0.0475325940946775	0.0493277207097065	0.037657494265329	0.0309403154696191
-290.188848144301	76.8	0.0482336302248884	0.0492207418184656	0.0553417701227045	0.0466840312211384
-290.188848144301	102.4	0.0485454404522135	0.0492004480107413	0.0718426573124156	0.0616503972504282
-290.188848144301	128	0.0491047772195911	0.0492474244339304	0.0865519197716431	0.0756619041324364
-290.188848144301	153.6	0.0494068891229591	0.0493379013132106	0.0993021373414889	0.0885967075073305
-290.188848144301	179.2	0.0500688327008149	0.0494453227800519	0.11051670508409	0.10039029105496
-290.188848144301	204.8	0.0504447491473672	0.0495425812987072	0.119969410428547	0.111032924441
-290.188848144301	230.4	0.0505683548633299	0.0496048033525054	0.128485156438952	0.120562209045209
-290.188848144301	256	0.0503814345206849	0.049611902204222	0.135968066493046	0.129050381849542
-290.188848144301	281.6	0.0504702924564172	0.0495511793146024	0.142858688642865	0.136591849225222
-290.188848144301	307.2	0.0501117254000706	0.0494183646468586	0.148056610856215	0.143292144801503
-290.188848144301	332.8	0.0496222671594872	0.0492170182252975	0.153305973702113	0.14925746691209
-290.188848144301	358.4	0.0491797804607973	0.0489558926999265	0.157725541623917	0.154590018291656
-290.188848144301	384	0.0488605609414557	0.0486462218751535	0.162368214785928	0.159383119168524
-290.188848144301	409.6	0.0483316672224627	0.0483006464346891	0.166048946296607	0.16371813539415
-290.188848144301	435.2	0.0478186938771225	0.0479313362888868	0.169897739775914	0.167663020047711
-290.188848144301	460.8	0.0475303110704759	0.0475486460526355	0.173217520965205	0.171273355265408
-290.188848144301	486.4	0.0471422221480364	0.0471608301130581	0.176457656279449	0.174594802288915
-290.188848144301	512	0.0465774716291038	0.0467740786275832	0.179459412648462	0.177665650764087
-290.188848144301	537.6	0.0461324533583814	0.0463926365147509	0.18175874894883	0.180517103751562
-290.188848144301	563.2	0.0458973032929183	0.0460192497548507	0.184136887831471	0.183174258966686
-290.188848144301	588.8	0.0456391744212139	0.0456554772788222	0.186539154192702	0.185657907115282
-290.188848144301	614.4	0.0453456199274414	0.0453018960000737	0.189025698577099	0.187986264353379
-290.188848144301	640	0.0450212251507183	0.0449586996257383	0.191364716441554	0.190175982137137
-290.188848144301	665.6	0.0446192538167033	0.0446257177955749	0.19333719578674	0.192242698707395
-290.188848144301	691.2	0.044009069121892	0.0443017408101683	0.194753497434305	0.194201009591562
-290.188848144301	716.8	0.043725254232693	0.0439854634608695	0.196545762266111	0.196064477101124
-290.188848144301	742.4	0.0434741465026971	0.0436756112619464	0.198576418544948	0.197844261919824
-290.188848144301	768	0.0431879911867991	0.0433706094053282	0.200393024117513	0.199551924596214
-290.188848144301	793.6	0.0429162490274142	0.0430689654547801	0.201934419408505	0.201199670242136
-290.188848144301	819.2	0.042772569540326	0.0427699642631661	0.202817055583618	0.202797856448999
-290.188848144301	844.8	0.0426363116932968	0.0424738892389392	0.204115915978476	0.204354220058679
-290.188848144301	870.4	0.0424375067354562	0.042182027097175	0.206014566189772	0.205873833412465
-290.188848144301	896	0.0421133605296745	0.0418957888393313	0.208073479639399	0.207359653745917
-290.188848144301	921.6	0.0416997227608887	0.0416159068675199	0.209509570271791	0.208813213075779
-290.188848144301	947.2	0.0414728466202223	0.0413419003365169	0.210296847947105	0.210234733401088
-290.188848144301	972.8	0.0410062828163313	0.0410726123030372	0.211117941527703	0.211624574247994
-290.188848144301	998.4	0.0406470642055995	0.0408063774490837	0.213289714787206	0.212983494755216
-290.188848144301	1024	0.0404778498429783	0.0405419943572721	0.215201724465628	0.214313030718226
-290.188848144301	1049.6	0.0402666171416177	0.0402783675753897	0.216364090567326	0.215618738775248
-290.188848144301	1075.2	0.0400176141791744	0.0400139489232027	0.217398632393481	0.216909559687122
-290.188848144301	1100.8	0.04023902230331	0.0397488783253536	0.218921655578241	0.218186841533638
-290.188848144301	1126.4	0.0394097219218614	0.0394838962642522	0.219771892905049	0.219446357773372
-290.188848144301	1152	0.0392222613849253	0.0392178187863543	0.221099222456172	0.220695700685942
-290.188848144301	1177.6	0.0387943488476052	0.0389503166312548	0.221402691376289	0.221930792226808
-290.188848144301	1203.2	0.0385685429362008	0.0386813798666494	0.222457988912959	0.223152966141419
-290.188848144301	1228.8	0.03823990035725	0.0384094633943402	0.224456333932731	0.224364723448852
-277.571941703244	-1228.8	0.0403884135156102	0.0400366366592567	-0.224148829737718	-0.224289957127485
-277.571941703244	-1203.2	0.0408791364833233	0.0404427449335517	-0.223316283488894	-0.223038946968566
-277.571941703244	-1177.6	0.0414517398904954	0.0408581116388172	-0.222031336178043	-0.221785881672444
-277.571941703244	-1152	0.0415227346423855	0.0412917116436697	-0.22152312682386	-0.220535260823219
-277.571941703244	-1126.4	0.0416933468825439	0.0417337557615126	-0.220091258478269	-0.219280479622043
-277.571941703244	-1100.8	0.0419841363841848	0.0421886575886126	-0.218425894856808	-0.218027736836228
-277.571941703244	-1075.2	0.0424010405291557	0.0426547176832675	-0.216442891467887	-0.216767996276428
-277.571941703244	-1049.6	0.0429936674585941	0.0431304453911395	-0.215812418499888	-0.215503375532732
-277.571941703244	-1024	0.0439399872372946	0.0436152599707027	-0.214398070491305	-0.214231165584426
-277.571941703244	-998.4	0.0442457626827964	0.0441136191786815	-0.212862461412831	-0.212944949069436
-277.571941703244	-972.8	0.0449142898555461	0.0446268499469663	-0.211487359831949	-0.211641728030142
-277.571941703244	-947.2	0.045060657137332	0.0451500466228252	-0.209575461539613	-0.210323497288281
-277.571941703244	-921.6	0.0455575348498523	0.045677217763748	-0.209187619521037	-0.208989650256919
-277.571941703244	-896	0.0464824955320475	0.0462025477508261	-0.208520921027148	-0.207636779121809
-277.571941703244	-870.4	0.0465723163953631	0.0467227671464523	-0.20642733273833	-0.206260477935213
-277.571941703244	-844.8	0.0469411910130996	0.0472369338324994	-0.204504570906453	-0.204854366131852
-277.571941703244	-819.2	0.0475448662227071	0.0477455889701963	-0.203075905336892	-0.203410937013374
-277.571941703244	-793.6	0.0484039694762361	0.0482505275573933	-0.20202890250717	-0.201922998758737
-277.571941703244	-768	0.0489773067140285	0.0487545194285441	-0.20136981092569	-0.200384331003334
-277.571941703244	-742.4	0.049326477867071	0.0492600466082566	-0.199202798120535	-0.198786668382433
-277.571941703244	-716.8	0.0496506882265678	0.0497693202590428	-0.198197779020497	-0.197120808166504
-277.571941703244	-691.2	0.0501621228876316	0.0502848241142844	-0.196206527283283	-0.195377847257654
-277.571941703244	-665.6	0.0506905207283675	0.0508085661580252	-0.195175969156527	-0.193548258462576
-277.571941703244	-640	0.0515075499286303	0.0513412712616739	-0.193176065512312	-0.191620009587473
-277.571941703244	-614.4	0.0519329985781874	0.0518815645544707	-0.190762305267507	-0.189577065211633
-277.571941703244	-588.8	0.0523816829705795	0.0524265314246267	-0.188370399071379	-0.187403046917807
-277.571941703244	-563.2	0.0531286772593504	0.052972927214154	-0.186311752936713	-0.18508293874918
-277.571941703244	-537.6	0.0536879452451634	0.0535169377031438	-0.184343384057739	-0.182601771443086
-277.571941703244	-512	0.0542390012457299	0.0540537007180366	-0.181472888400756	-0.17994151347267
-277.571941703244	-486.4	0.0548574168980774	0.0545767586794993	-0.178799038929094	-0.177077374993753
-277.571941703244	-460.8	0.0551885171199267	0.0550778870340149	-0.175464384629351	-0.173976529093351
-277.571941703244	-435.2	0.0559907229321275	0.0555474723003795	-0.173120673441995	-0.170599046653403
-277.571941703244	-409.6	0.0560005503424892	0.0559746503397442	-0.169081732122987	-0.166896630594593
-277.571941703244	-384	0.0564942399887648	0.056346787790711	-0.165580070922499	-0.162810100073783
-277.571941703244	-358.4	0.0570473077318466	0.0566502273931284	-0.161984446071568	-0.158265914223008
-277.571941703244	-332.8	0.0573049271244304	0.0568715001436017	-0.157432464771205	-0.153175974611411
-277.571941703244	-307.2	0.0576167375968892	0.0569987168433869	-0.152405751803486	-0.147439688017523
-277.571941703244	-281.6	0.0579291832179104	0.0570218455926093	-0.147068542304384	-0.14094448194737
-277.571941703244	-256	0.058145348139275	0.0569337032350157	-0.140827105571889	-0.133570114289232
-277.571941703244	-230.4	0.0579788256346365	0.0567314420157728	-0.133543693362769	-0.125197560282522
-277.571941703244	-204.8	0.0576307081032511	0.0564164357684177	-0.125064360141983	-0.115721490616793
-277.571941703244	-179.2	0.0571494123234065	0.0559953219928322	-0.115993293946188	-0.105066996861992
-277.571941703244	-153.6	0.0564970313904916	0.0554835242465589	-0.104889086600098	-0.0932050476889213
-277.571941703244	-128	0.0555755142744094	0.0549051951199976	-0.092100488670565	-0.0801605661791938
-277.571941703244	-102.4	0.0544576078680177	0.0542915139971344	-0.0769489790187443	-0.0660167580290774
-277.571941703244	-76.8	0.0535249157833963	0.0536775198370106	-0.0604163309285857	-0.0509144737073191
-277.571941703244	-51.2	0.0525966077369999	0.0530979276750494	-0.0416305288994899	-0.0350465272304374
-277.571941703244	-25.6	0.0516240233737225	0.0525827920630844	-0.0220972336656582	-0.0186489249757505
-277.571941703244	0	0.0507848526865963	0.052154327462968	-0.00180458996025286	-0.00198834603427392
-277.571941703244	25.6	0.0501690355048311	0.0518255185695329	0.0191443392390762	0.0146536627637926
-277.571941703244	51.2	0.0499142428044474	0.0515998506425139	0.0380509594398041	0.0309973033104952
-277.571941703244	76.8	0.0505203904570797	0.0514717825636616	0.0557225399008159	0.0467802744023708
-277.571941703244	102.4	0.0508434865299581	0.0514279478397606	0.0720829520368478	0.0617745389641352
-277.571941703244	128	0.0514071973216636	0.0514488788149907	0.0866575199833736	0.075800227155122
-277.571941703244	153.6	0.0516951333158801	0.0515110214805318	0.099245550912077	0.0887344147772152
-277.571941703244	179.2	0.0522429570998326	0.051588112380812	0.110448333002634	0.100513208363734
-277.571941703244	204.8	0.0524654069479234	0.0516535362526776	0.12007620493385	0.1111291024711
-277.571941703244	230.4	0.0526406217812576	0.0516829765877773	0.128486899745184	0.120622821824528
-277.571941703244	256	0.0525394941014272	0.0516571741637738	0.136278145527291	0.129070060792573
-277.571941703244	281.6	0.0523683719988407	0.0515642016178673	0.142564802938499	0.136569281868421
-277.571941703244	307.2	0.0520988658494803	0.0514001299490383	0.1479990293912	0.143228988528952
-277.571941703244	332.8	0.051628709267147	0.0511687434822198	0.153247136204904	0.149157512661564
-277.571941703244	358.4	0.0510878711012399	0.0508789824048083	0.157985162719502	0.154458278090276
-277.571941703244	384	0.0507017928296024	0.0505421601779315	0.16246217703232	0.159225434963149
-277.571941703244	409.6	0.0503364582136035	0.0501708480324527	0.166094513456907	0.163540300318652
-277.571941703244	435.2	0.0496156004524817	0.0497769832765534	0.169677111637881	0.167470434232228
-277.571941703244	460.8	0.0493411710771384	0.049370894566401	0.17288455578637	0.171071266430391
-277.571941703244	486.4	0.0489124419024118	0.0489608619996141	0.176052530008049	0.174387969600755
-277.571941703244	512	0.048290263483262	0.0485530918547626	0.178918045699511	0.177457678056244
-277.571941703244	537.6	0.0479388859591913	0.0481516351235911	0.18161339695804	0.180310403505839
-277.571941703244	563.2	0.0475690707607307	0.0477590176067606	0.184009914552303	0.182970421905494
-277.571941703244	588.8	0.047319700087509	0.0473764222313553	0.186343256892016	0.185457815493232
-277.571941703244	614.4	0.0469641491923968	0.0470040395431135	0.188892663560476	0.187789993290856
-277.571941703244	640	0.0465665074062815	0.046642018604003	0.190947654154456	0.189983102511463
-277.571941703244	665.6	0.0461680121628605	0.0462902838003778	0.19276370891643	0.192052681765628
-277.571941703244	691.2	0.045760665084359	0.0459476299120789	0.19460368941992	0.19401340451422
-277.571941703244	716.8	0.0455038413747412	0.0456128051060541	0.196511401849493	0.195878727265934
-277.571941703244	742.4	0.0452141161677032	0.0452848995390054	0.198426763791857	0.197659822190192
-277.571941703244	768	0.0447094600873077	0.0449628024737708	0.199863272522345	0.199368330172175
-277.571941703244	793.6	0.0445458064270251	0.0446450658485743	0.201762276616199	0.20101709474522
-277.571941703244	819.2	0.0442798883981379	0.044330399281831	0.202807267787724	0.202616438359537
-277.571941703244	844.8	0.0442153340965845	0.0440185840812018	0.204520338095052	0.204173755120001
-277.571941703244	870.4	0.0440490268246311	0.0437108506057726	0.206267376541504	0.205694223836727
-277.571941703244	896	0.043600722747983	0.0434088995103171	0.207567906152249	0.207181193411349
-277.571941703244	921.6	0.0430856968182366	0.0431139045820264	0.208927307964836	0.208636281565585
-277.571941703244	947.2	0.0429371112177479	0.0428258654297371	0.210233116234834	0.210060005670451
-277.571941703244	972.8	0.0424694773865785	0.0425437422433111	0.211149402343088	0.211452858846948
-277.571941703244	998.4	0.0420733171271884	0.0422656231218041	0.213130866580455	0.212815995820253
-277.571941703244	1024	0.0418695195251976	0.0419903297515676	0.215237015893136	0.214148685175771
-277.571941703244	1049.6	0.0415862207527219	0.0417159034035717	0.215969687956538	0.215456648301443
-277.571941703244	1075.2	0.0412299607857915	0.0414406299946656	0.217063525971472	0.216749429154712
-277.571941703244	1100.8	0.0411935638700373	0.0411648721229876	0.217940643302379	0.218028525529932
-277.571941703244	1126.4	0.0410088870586132	0.0408898791086802	0.219475037188375	0.219289288010078
-277.571941703244	1152	0.0408791024898286	0.0406141679059572	0.220963228169502	0.220538982024642
-277.571941703244	1177.6	0.0401005572288804	0.0403378294798071	0.221025670654893	0.221774271207046
-277.571941703244	1203.2	0.0399215303721462	0.0400602369016684	0.222466172261964	0.222996610203735
-277.571941703244	1228.8	0.0393697308807844	0.0397797756843304	0.224674763720099	0.224209633882362
-264.955035262188	-1228.8	0.0419774915092541	0.0414175658386712	-0.224276569048504	-0.224188865630273
-264.955035262188	-1203.2	0.0424503551423434	0.0418345466813129	-0.223544782419206	-0.222927190616773
-264.955035262188	-1177.6	0.0429441471682919	0.0422601101841497	-0.222258982279711	-0.221663021358316
-264.955035262188	-1152	0.0430013375731935	0.0427013314195148	-0.22116196514712	-0.220401261447104
-264.955035262188	-1126.4	0.0430822492714593	0.0431534094296134	-0.219733809625279	-0.219136636541894
-264.955035262188	-1100.8	0.0433720013341974	0.0436183320629888	-0.217889907725042	-0.217872205440018
-264.955035262188	-1075.2	0.0440734162152595	0.0440949655973277	-0.216132654179005	-0.216603795971895
-264.955035262188	-1049.6	0.0443039391579963	0.0445816951615968	-0.215270716517508	-0.215330469022064
-264.955035262188	-1024	0.0455930640750154	0.0450804162753705	-0.213836158897485	-0.214046396357662
-264.955035262188	-998.4	0.0458839434119592	0.0455932984985418	-0.212447630456286	-0.212749441358899
-264.955035262188	-972.8	0.0460979063773475	0.0461205638339162	-0.210850915390404	-0.211438137267316
-264.955035262188	-947.2	0.0466034912266307	0.0466574931326526	-0.209263571034268	-0.210112998535196
-264.955035262188	-921.6	0.0466330569012162	0.0471980360834361	-0.208330520532505	-0.208773788067821
-264.955035262188	-896	0.0478213848099747	0.0477370338953964	-0.207889359251171	-0.207417333084844
-264.955035262188	-870.4	0.04814721749849	0.0482718246982132	-0.206124698094614	-0.206039026006488
-264.955035262188	-844.8	0.0486815307803939	0.0488017008814459	-0.204183553118413	-0.204632072281266
-264.955035262188	-819.2	0.0494513617670501	0.0493275253654581	-0.202733654711072	-0.203188404292467
-264.955035262188	-793.6	0.0502069751470355	0.0498520253261046	-0.201911878925468	-0.201700865797131
-264.955035262188	-768	0.0508502442656183	0.0503779784558345	-0.201652930550631	-0.200162735313237
-264.955035262188	-742.4	0.0511762236214563	0.0509070842491844	-0.199260744771068	-0.198564835450751
-264.955035262188	-716.8	0.0513253515559479	0.0514410287348327	-0.197423902865647	-0.196897511294107
-264.955035262188	-691.2	0.0516445429854381	0.0519818730354481	-0.195957125700862	-0.195151475645865
-264.955035262188	-665.6	0.0523102623221549	0.0525317667919447	-0.194535251213505	-0.193317290010532
-264.955035262188	-640	0.0534620064818359	0.0530916183559007	-0.193021028806069	-0.191383063635737
-264.955035262188	-614.4	0.0536992345312597	0.0536599707995064	-0.190472188238397	-0.18933328133774
-264.955035262188	-588.8	0.0543390418755323	0.0542333854483349	-0.188164560694474	-0.187152239366053
-264.955035262188	-563.2	0.0549717844986856	0.0548081605316463	-0.185885570289226	-0.184825817226009
-264.955035262188	-537.6	0.0559575892468968	0.0553807063478029	-0.184520151681255	-0.182339871091422
-264.955035262188	-512	0.0561190512811854	0.0559466349636746	-0.181012753172048	-0.179677206774846
-264.955035262188	-486.4	0.0568089857705961	0.056499728632966	-0.178566184264785	-0.176814178132902
-264.955035262188	-460.8	0.0574412114946499	0.0570315236351364	-0.175781860805604	-0.173719056233648
-264.955035262188	-435.2	0.0577868698176194	0.0575322332048866	-0.172667875758523	-0.170352897191983
-264.955035262188	-409.6	0.0580916366176515	0.0579908884566855	-0.169220951154552	-0.16666806526814
-264.955035262188	-384	0.0586245184302381	0.0583949920546392	-0.165170041685221	-0.162605797280318
-264.955035262188	-358.4	0.0589992500192287	0.0587309509353735	-0.161583964487158	-0.158092719774361
-264.955035262188	-332.8	0.0593975860382223	0.0589849044265329	-0.157296047551555	-0.153040674679831
-264.955035262188	-307.2	0.059787379445447	0.059144334077615	-0.152227005738673	-0.147348119716725
-264.955035262188	-281.6	0.0600112027266083	0.0591988308556727	-0.147056580147465	-0.140901068591718
-264.955035262188	-256	0.0605021958980116	0.0591406472440833	-0.140884592201978	-0.133577287840973
-264.955035262188	-230.4	0.0603555007398193	0.0589660373869457	-0.133723101390792	-0.125254591641674
-264.955035262188	-204.8	0.0599617678628829	0.0586758265952541	-0.125550321280474	-0.115824158682613
-264.955035262188	-179.2	0.05944432784557	0.0582762589497448	-0.116020694372543	-0.105207026878216
-264.955035262188	-153.6	0.0587373259460723	0.0577823679700959	-0.105180991637841	-0.0933704038352632
-264.955035262188	-128	0.0579477032605574	0.0572175885668295	-0.0924157048343477	-0.080336578746036
-264.955035262188	-102.4	0.0569270893145043	0.0566123036203209	-0.0775440193676294	-0.0661875774693896
-264.955035262188	-76.8	0.0559480572714459	0.0560012115865907	-0.0608735223516688	-0.051064939635259
-264.955035262188	-51.2	0.0549940874785319	0.0554191941350303	-0.0421086916943334	-0.0351636981954826
-264.955035262188	-25.6	0.0538622940023604	0.0548968215680465	-0.0223485421323188	-0.0187232389604668
-264.955035262188	0	0.0530562134928028	0.0544568541592471	-0.00178227093611535	-0.00201435429753088
-264.955035262188	25.6	0.052596220961608	0.0541128224143211	0.0191805143353813	0.0146767343534901
-264.955035262188	51.2	0.0522559999189553	0.0538685718551939	0.0383526839396607	0.0310655841081911
-264.955035262188	76.8	0.0528095530205982	0.0537191734285861	0.0560546022357545	0.0468857806201602
-264.955035262188	102.4	0.0530808860457592	0.053651649927836	0.0724262518585985	0.0619059374550918
-264.955035262188	128	0.0537199331920538	0.0536465742634194	0.0869593625565405	0.0759437280339412
-264.955035262188	153.6	0.0540966423054216	0.05368042572486	0.0995232902563784	0.0888752069402368
-264.955035262188	179.2	0.0546186381445239	0.0537272152507725	0.110826403532912	0.100637025856921
-264.955035262188	204.8	0.0546759737278348	0.0537608680664847	0.120205152453085	0.111223779520766
-264.955035262188	230.4	0.0546568045463811	0.0537577229623236	0.12856434731145	0.120679389107201
-264.955035262188	256	0.0544988665280466	0.053699399781529	0.135666916473599	0.129083676031826
-264.955035262188	281.6	0.0541547175144658	0.0535746489443079	0.14218392019901	0.136539095987157
-264.955035262188	307.2	0.0539995655251808	0.0533799579318875	0.147993729158725	0.143157033242524
-264.955035262188	332.8	0.0536562407661252	0.0531192661610257	0.153171046695762	0.149048008875621
-264.955035262188	358.4	0.0529144211907517	0.0528016873907627	0.15759426814322	0.154316817775024
-264.955035262188	384	0.0527259366565776	0.0524385765822808	0.162373077788602	0.159058177462979
-264.955035262188	409.6	0.0521923011165615	0.0520423310625109	0.1659550857029	0.163353186267021
-264.955035262188	435.2	0.05152078977337	0.0516246905566813	0.169526024343888	0.167268929777184
-264.955035262188	460.8	0.0511278028666387	0.0511958926726806	0.172646830498751	0.17086047579839
-264.955035262188	486.4	0.050603276928465	0.0507641561057195	0.175462800297382	0.174172265344244
-264.955035262188	512	0.0500631754202807	0.0503356420651102	0.178393372363301	0.177240260680042
-264.955035262188	537.6	0.0497645178644706	0.0499142422043016	0.181463749222934	0.180093482591249
-264.955035262188	563.2	0.0491990335653716	0.0495022341716351	0.184097836163007	0.182755692822918
-264.955035262188	588.8	0.0489956816808939	0.0491004228419045	0.186385886381521	0.185246368463214
-264.955035262188	614.4	0.0486807427354624	0.0487088601850534	0.189201094907359	0.187582287708486
-264.955035262188	640	0.0482716730081344	0.048327809223005	0.190796673436257	0.189779226010978
-264.955035262188	665.6	0.0476894885310742	0.0479572603670815	0.19215087330004	0.191852646801586
-264.955035262188	691.2	0.0475165624675542	0.0475960936572882	0.194460387301201	0.193817027861589
-264.955035262188	716.8	0.0472667875722703	0.0472431465582743	0.196448541366191	0.19568558207496
-264.955035262188	742.4	0.0468437220053114	0.046897725244916	0.198042472478272	0.197469365558061
-264.955035262188	768	0.0462413475453747	0.0465589780408319	0.199370494989108	0.199179782557957
-264.955035262188	793.6	0.04615362151378	0.0462254225334433	0.201472390962704	0.200829884660671
-264.955035262188	819.2	0.0458352620554071	0.0458953950161737	0.202888245275212	0.202430242804006
-264.955035262188	844.8	0.0457595773361109	0.0455682947834412	0.204728184498745	0.203988253624829
-264.955035262188	870.4	0.0455999587245358	0.0452452177313011	0.206249727908111	0.205509403827335
-264.955035262188	896	0.045089009614156	0.0449279309909518	0.206996174340612	0.206997352026601
-264.955035262188	921.6	0.044471464060577	0.0446177879458429	0.208331068644423	0.208453783899282
-264.955035262188	947.2	0.0443922713381028	0.0443152425136954	0.21014530319014	0.209879637919047
-264.955035262188	972.8	0.04393349711843	0.0440195550952446	0.211169198761052	0.211275656732262
-264.955035262188	998.4	0.043519069363266	0.0437287991379556	0.212981218675089	0.212642713314845
-264.955035262188	1024	0.0432108991394237	0.04344112304903	0.214992684178924	0.21398067552498
-264.955035262188	1049.6	0.0429076212074653	0.0431546586151432	0.215553226919993	0.215293453906165
-264.955035262188	1075.2	0.0425590082906559	0.0428686698738954	0.216574710915086	0.216585847812145
-264.955035262188	1100.8	0.0423211648248114	0.0425823802567574	0.217219573322238	0.217864427960711
-264.955035262188	1126.4	0.0426201099359999	0.0422968210359074	0.219315222314574	0.219127047884347
-264.955035262188	1152	0.042259910793716	0.042011574379631	0.220548353062901	0.220376240761248
-264.955035262188	1177.6	0.0415410325448168	0.041726335397414	0.221188548018897	0.22161162346272
-264.955035262188	1203.2	0.0413497312682533	0.0414397319982162	0.222435450293018	0.222835292313866
-264.955035262188	1228.8	0.0406169067656122	0.0411503769364844	0.224729712417575	0.224051322236414
-252.338128821131	-1254.4	0.0424819827616889	0.0423847314404668	-0.224984269908198	-0.225351083556971
-252.338128821131	-1228.8	0.0428566061595234	0.0427996878708939	-0.22364969593079	-0.22408020882533
-252.338128821131	-1203.2	0.0435827361775856	0.0432257686276203	-0.223337456990727	-0.222808359949174
-252.338128821131	-1177.6	0.0440245051098979	0.0436612179568733	-0.222143797230286	-0.221533844617764
-252.338128821131	-1152	0.0440184304072991	0.0441100645925614	-0.220791654785291	-0.220259611426813
-252.338128821131	-1126.4	0.0442275956387405	0.0445716616500655	-0.219255217849574	-0.218983495198811
-252.338128821131	-1100.8	0.044653343156536	0.0450464449666187	-0.217365140926338	-0.21770823545425
-252.338128821131	-1075.2	0.0451379816903483	0.0455336079975493	-0.215725047066854	-0.216429305212009
-252.338128821131	-1049.6	0.0456307206577998	0.0460309438750112	-0.214719971059481	-0.215146407033246
-252.338128821131	-1024	0.046567831394527	0.0465428177102426	-0.213919351557256	-0.213851274426406
-252.338128821131	-998.4	0.0471104422153196	0.0470693683459309	-0.212238940342536	-0.212544373140953
-252.338128821131	-972.8	0.0472996096247972	0.0476102337708469	-0.210860341812839	-0.211224612081385
-252.338128821131	-947.2	0.0481575810564162	0.048160671623114	-0.20949656030857	-0.209892052599295
-252.338128821131	-921.6	0.0484941646201931	0.048714726790607	-0.208476123049171	-0.208546855923006
-252.338128821131	-896	0.0495169797256189	0.0492677271763586	-0.20767971250715	-0.207186268469501
-252.338128821131	-870.4	0.0497191088352486	0.049817437646975	-0.205834175250634	-0.205805468444761
-252.338128821131	-844.8	0.0504806155435553	0.0503634253233641	-0.204342161942971	-0.204397353530838
-252.338128821131	-819.2	0.0511442567587734	0.0509069868187276	-0.20298984926922	-0.202953594427483
-252.338128821131	-793.6	0.0518350228744805	0.0514514481036844	-0.201975970674304	-0.201466742032635
-252.338128821131	-768	0.0524198029149573	0.051999605803376	-0.201284845258527	-0.19992933261724
-252.338128821131	-742.4	0.0526318057151246	0.0525528590815218	-0.198724946185561	-0.198331391273682
-252.338128821131	-716.8	0.0527818013211384	0.0531123222510762	-0.197301574186065	-0.19666262777302
-252.338128821131	-691.2	0.0531658838809444	0.0536794634971591	-0.19552292898667	-0.194913401337887
-252.338128821131	-665.6	0.0539286192388952	0.054256368239777	-0.193898587955067	-0.193074235222492
-252.338128821131	-640	0.0552146631303541	0.0548439930817141	-0.19270317333335	-0.191133519188026
-252.338128821131	-614.4	0.0553555288523106	0.0554407661061288	-0.190150824027584	-0.189076587366364
-252.338128821131	-588.8	0.0560792291234865	0.0560428043890538	-0.187891296502178	-0.186888501069691
-252.338128821131	-563.2	0.0570092000061025	0.0566460898974023	-0.185651916210875	-0.18455584751515
-252.338128821131	-537.6	0.0577617204071668	0.0572471058437068	-0.184029445625329	-0.182064831177864
-252.338128821131	-512	0.0579675960585034	0.0578418979443141	-0.180572863544718	-0.179398915650468
-252.338128821131	-486.4	0.0586102789242954	0.058424497474252	-0.178128576963482	-0.176535605512945
-252.338128821131	-460.8	0.0593329255168394	0.0589864433086963	-0.175207209230976	-0.173444552437512
-252.338128821131	-435.2	0.0596474423099488	0.0595178654907575	-0.172227052365735	-0.170088103702112
-252.338128821131	-409.6	0.0601772039870171	0.060007665110909	-0.168881796442909	-0.166419402470801
-252.338128821131	-384	0.0603918402513644	0.0604434760577298	-0.164645180267687	-0.162380032161357
-252.338128821131	-358.4	0.0609960617362545	0.0608117139283965	-0.161334261545733	-0.15789688673499
-252.338128821131	-332.8	0.0615514032236377	0.0610980132254313	-0.157223954875531	-0.152881753531448
-252.338128821131	-307.2	0.0620566054020587	0.0612892141147635	-0.15213611231576	-0.147232105628611
-252.338128821131	-281.6	0.0622692348929388	0.0613745432635034	-0.1466411403849	-0.140832537335628
-252.338128821131	-256	0.0628215918844254	0.0613456175087732	-0.140990464847642	-0.13355857430723
-252.338128821131	-230.4	0.0626588148567671	0.061197770167252	-0.133903480236059	-0.125285095531445
-252.338128821131	-204.8	0.0625103592802824	0.0609313850284431	-0.126048956277501	-0.115900006084444
-252.338128821131	-179.2	0.0618092495130541	0.0605525929876482	-0.116423811904734	-0.105320614077219
-252.338128821131	-153.6	0.0610331440951392	0.0600759238947313	-0.10546732574794	-0.093510251589404
-252.338128821131	-128	0.0604040093626671	0.0595242107939321	-0.0926753839568526	-0.0804882569871589
-252.338128821131	-102.4	0.0591779160472853	0.0589272279875809	-0.0777376058754663	-0.0663354374828305
-252.338128821131	-76.8	0.0582053926252865	0.0583191600060337	-0.0609545459566355	-0.0511939702764937
-252.338128821131	-51.2	0.0574312350333436	0.057734896377327	-0.0426437193079704	-0.0352610404876391
-252.338128821131	-25.6	0.0561581040315907	0.0572054864995782	-0.0224566916450507	-0.0187793651867635
-252.338128821131	0	0.0553167783611236	0.0567542809051319	-0.00181865766592431	-0.00202392317816625
-252.338128821131	25.6	0.0548953940579842	0.0563951574990412	0.0192549091509026	0.0147145057859487
-252.338128821131	51.2	0.0544761413198826	0.0561323228836328	0.038526168284958	0.0311467415733672
-252.338128821131	76.8	0.0550872953627651	0.0559614806491747	0.0562405383041565	0.0470022308346656
-252.338128821131	102.4	0.0553775358724684	0.055870151998771	0.0726714675944506	0.0620463248083594
-252.338128821131	128	0.0558248197305006	0.0558391669994978	0.0874779325796359	0.0760941915819681
-252.338128821131	153.6	0.0563028214250317	0.0558449918561889	0.0998944714869122	0.0890208396054497
-252.338128821131	179.2	0.056728462429629	0.0558618407766278	0.11084095594181	0.100763399695597
-252.338128821131	204.8	0.0567909908100553	0.0558641713627242	0.120384636653825	0.111318581589195
-252.338128821131	230.4	0.0566693959707344	0.0558290695099209	0.128654327619448	0.120733784274067
-252.338128821131	256	0.056563886846745	0.0557388425447133	0.135758459040792	0.129093183659506
-252.338128821131	281.6	0.0560551537858188	0.0555829516357914	0.142245711908275	0.136503129380727
-252.338128821131	307.2	0.0559216832769459	0.0553584660378358	0.147942207554635	0.143078131419688
-252.338128821131	332.8	0.055656879555659	0.0550694099644451	0.153131281529134	0.148930935600554
-252.338128821131	358.4	0.0548719368907067	0.0547249343086242	0.157213977955015	0.154167513147948
-252.338128821131	384	0.0545879663507474	0.0543363680779827	0.161969696236254	0.158882906905765
-252.338128821131	409.6	0.0540338561773844	0.0539159088656588	0.165194526593645	0.163157892460349
-252.338128821131	435.2	0.0532545511379051	0.0534751451668279	0.169442251503796	0.167059106844405
-252.338128821131	460.8	0.0530452780518588	0.0530242053144677	0.172697849964137	0.17064117714139
-252.338128821131	486.4	0.0524760318475773	0.0525711256665915	0.175443411101042	0.173947593131782
-252.338128821131	512	0.052041586491619	0.0521219886119708	0.178852873657014	0.177013146498151
-252.338128821131	537.6	0.0514891011890098	0.0516806234129222	0.181254933180235	0.179865994954982
-252.338128821131	563.2	0.0507920296999598	0.0512489284724729	0.183317007644243	0.182529537324029
-252.338128821131	588.8	0.0506970086074254	0.0508273843915332	0.186124625429853	0.185022796378764
-252.338128821131	614.4	0.0503955193119169	0.0504161331215778	0.188923986144018	0.187362095312242
-252.338128821131	640	0.0500446601749021	0.050015668060731	0.190828377398855	0.189562941278213
-252.338128821131	665.6	0.0495320906585172	0.0496261464225156	0.19235577357508	0.191640832024998
-252.338128821131	691.2	0.0493122791157981	0.0492466007477146	0.194545932940992	0.193609992800299
-252.338128821131	716.8	0.0489351822092291	0.0488759147275329	0.196108938513468	0.195483219425373
-252.338128821131	742.4	0.0485120876437923	0.0485134575998901	0.197911403183027	0.19727115347848
-252.338128821131	768	0.0478156327266264	0.0481583268500478	0.199049463546852	0.198984650095315
-252.338128821131	793.6	0.0476216252769022	0.0478089942181348	0.200975499236355	0.200636688000087
-252.338128821131	819.2	0.0473678949662873	0.0474637345152942	0.202860198713622	0.20223813099741
-252.338128821131	844.8	0.0471997409855831	0.0471217341159543	0.204496164334389	0.2037966929717
-252.338128821131	870.4	0.0469738312688508	0.0467838806557934	0.205596170711845	0.205318254404299
-252.338128821131	896	0.0465671455173744	0.0464517948605781	0.206449403532084	0.206806864125232
-252.338128821131	921.6	0.0458803010548683	0.0461267713190505	0.20800895943397	0.208264621045708
-252.338128821131	947.2	0.0457273063781376	0.0458096114608681	0.209814091236206	0.209692866529827
-252.338128821131	972.8	0.0454113508001338	0.0454999379636312	0.211009023734704	0.211092359915449
-252.338128821131	998.4	0.0453318782321283	0.0451959677840468	0.212755430118022	0.212463078957669
-252.338128821131	1024	0.0447625427576364	0.0448954529069883	0.215033631747813	0.213805061786593
-252.338128821131	1049.6	0.0442960726179641	0.0445965414129829	0.215039289900421	0.215121879182334
-252.338128821131	1075.2	0.0439089742726242	0.044299430816814	0.216062113070458	0.216413958925493
-252.338128821131	1100.8	0.0437172555047511	0.0440021823135993	0.217395544524561	0.217693487753081
-252.338128821131	1126.4	0.043943075921875	0.043706162320057	0.21936980411673	0.218956804019576
-252.338128821131	1152	0.043351392501251	0.0434108196401686	0.219993200311684	0.220207293379089
-252.338128821131	1177.6	0.0432709490701407	0.043115809738041	0.221491907574481	0.221444172019103
-252.338128821131	1203.2	0.0429921026982596	0.0428197439380364	0.222375528638344	0.222670176196979
-252.338128821131	1228.8	0.0423305490597653	0.0425212618171341	0.224440835306405	0.223888909163482
-252.338128821131	1254.4	0.0421665334719898	0.0422197512362218	0.22546874237044	0.22510122282536
-239.721222380075	-1254.4	0.0437139987030491	0.0437658990882441	-0.225036748022405	-0.225247747324739
-239.721222380075	-1228.8	0.0437326554993714	0.0441803490964229	-0.22302500860386	-0.223962249557169
-239.721222380075	-1203.2	0.0447281638550451	0.0446169641574228	-0.223122331458541	-0.22268186866946
-239.721222380075	-1177.6	0.0451073270893779	0.0450621420546017	-0.222026610702389	-0.221397794723256
-239.721222380075	-1152	0.0450403841322717	0.0455191031068866	-0.220558272624725	-0.22011159466996
-239.721222380075	-1126.4	0.0454197802062751	0.0459895223286646	-0.218963820516932	-0.21882384996406
-239.721222380075	-1100.8	0.0458433277509773	0.0464736609846334	-0.217038633644962	-0.217536028030014
-239.721222380075	-1075.2	0.0462884683168389	0.046971169211826	-0.215390872970444	-0.216245126713529
-239.721222380075	-1049.6	0.0473918900033181	0.0474790602167355	-0.214935519046615	-0.214950939760588
-239.721222380075	-1024	0.0475378367485281	0.0480022122896209	-0.214015794974922	-0.213646363820865
-239.721222380075	-998.4	0.0481881354370629	0.0485421633112713	-0.212126269033151	-0.212330579136447
-239.721222380075	-972.8	0.0485852544479387	0.0490971722796472	-0.21068226175132	-0.211002799182747
-239.721222380075	-947.2	0.0494540152054719	0.0496613889765139	-0.209652177112024	-0.209663427378714
-239.721222380075	-921.6	0.0504291024845428	0.0502295323449954	-0.208713780637018	-0.208312450559546
-239.721222380075	-896	0.0510691222487569	0.0507971187987755	-0.207266537002009	-0.206947444653889
-239.721222380075	-870.4	0.0513680724296821	0.0513621492817221	-0.205415248206738	-0.205563769203748
-239.721222380075	-844.8	0.0523576443358305	0.051924755200288	-0.204699931358323	-0.204154259766708
-239.721222380075	-819.2	0.0529668825267317	0.0524867140786889	-0.203425188853539	-0.202710352745498
-239.721222380075	-793.6	0.0534820785284849	0.0530514269595636	-0.202154537835067	-0.201223887170632
-239.721222380075	-768	0.0539119517428465	0.0536218014558326	-0.200646782951619	-0.199686505172679
-239.721222380075	-742.4	0.0540798548148034	0.0541992887569351	-0.198179533188803	-0.198087534600003
-239.721222380075	-716.8	0.0542361356359095	0.0547844616045763	-0.197156693676116	-0.196416180874425
-239.721222380075	-691.2	0.0547270190859794	0.0553782308628201	-0.195304500357528	-0.194662796859809
-239.721222380075	-665.6	0.0558331962804069	0.0559824808317646	-0.193801274252033	-0.192817993797731
-239.721222380075	-640	0.0569012866688784	0.0565981340912166	-0.192335497643693	-0.190870431736055
-239.721222380075	-614.4	0.0569775252645123	0.0572234085650101	-0.189584194864902	-0.188806153393309
-239.721222380075	-588.8	0.0575302091125854	0.0578541643884175	-0.187443007964735	-0.186610888619701
-239.721222380075	-563.2	0.0591316528148853	0.058486207185309	-0.185696854260693	-0.184271832107147
-239.721222380075	-537.6	0.0594315302619355	0.0591158373501468	-0.18328094602705	-0.181775523809296
-239.721222380075	-512	0.0597985256010141	0.0597393651412369	-0.180335964546335	-0.179105979566129
-239.721222380075	-486.4	0.0606769868290786	0.0603510745449421	-0.178048137727875	-0.176241578772839
-239.721222380075	-460.8	0.0610896907753258	0.060942706307568	-0.174633307534608	-0.173153460345028
-239.721222380075	-435.2	0.0616656472004612	0.0615043727206751	-0.17183826262974	-0.169805302628099
-239.721222380075	-409.6	0.0625333126826425	0.0620248965890255	-0.16862834060002	-0.166151072146544
-239.721222380075	-384	0.0625226226095645	0.0624919968742696	-0.164492174257945	-0.162132958835994
-239.721222380075	-358.4	0.0629930674026725	0.0628920202034558	-0.161003243191725	-0.157678350148353
-239.721222380075	-332.8	0.0634951855371625	0.0632100989658801	-0.156822140099045	-0.152698921979541
-239.721222380075	-307.2	0.0640023841137238	0.0634325272027495	-0.151846291988149	-0.147091384821188
-239.721222380075	-281.6	0.064610131086789	0.0635480738350728	-0.146627075599864	-0.140738748856406
-239.721222380075	-256	0.0649788315776327	0.0635476171612424	-0.14077775277856	-0.133514007340848
-239.721222380075	-230.4	0.0646893445027415	0.0634256711236804	-0.133737026921818	-0.125289259344048
-239.721222380075	-204.8	0.0647792466322269	0.06318221062638	-0.126036058127383	-0.115949331939389
-239.721222380075	-179.2	0.0640711301622626	0.0628233141064134	-0.116537308925656	-0.105407745734362
-239.721222380075	-153.6	0.0633470874298122	0.0623630425836246	-0.10580239154235	-0.0936241546593122
-239.721222380075	-128	0.0626356956205544	0.0618237764400475	-0.0928887491913004	-0.0806150979313647
-239.721222380075	-102.4	0.0614944351507733	0.0612347944796704	-0.07806556024772	-0.066459971614302
-239.721222380075	-76.8	0.0606028683661012	0.0606298112353919	-0.0615292834768889	-0.0513013311206425
-239.721222380075	-51.2	0.0597400289647453	0.0600436256984996	-0.0428369175679864	-0.0353383438843228
-239.721222380075	-25.6	0.0585080394048573	0.0595075960338535	-0.022587451796442	-0.0188170187002388
-239.721222380075	0	0.0579141626752038	0.0590454502702302	-0.00166089027430257	-0.00201649360955528
-239.721222380075	25.6	0.0573241847356611	0.0586713770795728	0.0193428551577177	0.0147678077764169
-239.721222380075	51.2	0.0567325351981567	0.0583900763896052	0.0388048054636318	0.0312418401984666
-239.721222380075	76.8	0.0574337663468516	0.0581977970100775	0.0565623431180047	0.0471308682877937
-239.721222380075	102.4	0.0575913024466687	0.0580826659500716	0.0730614955076391	0.0621968665631671
-239.721222380075	128	0.0580330193591643	0.0580258653578321	0.0877502162762013	0.0762527318757759
-239.721222380075	153.6	0.05838224580785	0.0580039268719852	0.100063804671745	0.0891722780351527
-239.721222380075	179.2	0.0587225025472091	0.0579913571691344	0.110725164203313	0.100893194057599
-239.721222380075	204.8	0.0587802317661112	0.0579631594475878	0.120285952763752	0.111414545219962
-239.721222380075	230.4	0.0587763686426731	0.0578970453269582	0.128676335866165	0.120787469966006
-239.721222380075	256	0.0586442002524286	0.0577758026009807	0.135781284375053	0.129100340933364
-239.721222380075	281.6	0.0583380933053199	0.05758961692167	0.142274876789902	0.136463384912219
-239.721222380075	307.2	0.0580599632683975	0.0573362392276346	0.147847329920108	0.142994404071654
-239.721222380075	332.8	0.057496486814703	0.0570197875139503	0.152884189741774	0.148808370525741
-239.721222380075	358.4	0.0568291893790813	0.056649276404832	0.15711209741123	0.15401213657449
-239.721222380075	384	0.0562816175686011	0.0562359380285269	0.161447682328825	0.158700889500072
-239.721222380075	409.6	0.0558263701249538	0.0557918518908449	0.165095899300249	0.162955176947589
-239.721222380075	435.2	0.0551206115472096	0.0553284768133073	0.169113710939439	0.166841314572537
-239.721222380075	460.8	0.0548162127105708	0.0548557897450008	0.172620425387315	0.170413324570511
-239.721222380075	486.4	0.0542926385786006	0.0543816153108281	0.1751198282507	0.173713651716649
-239.721222380075	512	0.0537952083755016	0.0539119363943194	0.178550840612496	0.176776002629565
-239.721222380075	537.6	0.0531224307750761	0.0534505062381519	0.180891123397194	0.179627697494312
-239.721222380075	563.2	0.0525838356380345	0.0529988818065855	0.183321452075278	0.182291693296286
-239.721222380075	588.8	0.0524089396731916	0.0525572465091439	0.185727091277459	0.184786783977301
-239.721222380075	614.4	0.0520541345120914	0.05212589238238	0.188192628268875	0.18712899962863
-239.721222380075	640	0.0517047111274907	0.0517056026887518	0.190522707290584	0.189333771196422
-239.721222380075	665.6	0.0514006911514461	0.0512968311561075	0.192620976234927	0.191416464805001
-239.721222380075	691.2	0.0510178470810908	0.0508988610201648	0.194346557875273	0.193391202664847
-239.721222380075	716.8	0.0505817410567468	0.0505106210653194	0.195726387541515	0.19527030524039
-239.721222380075	742.4	0.0501919420848025	0.0501312977480854	0.197820001747955	0.197063708084945
-239.721222380075	768	0.0494300133978441	0.0497597839559998	0.198800947898428	0.198781408261199
-239.721222380075	793.6	0.0490609831966632	0.049394542396973	0.20044448872623	0.200436116734347
-239.721222380075	819.2	0.048804596031271	0.0490340014426756	0.202272691018427	0.202038968222394
-239.721222380075	844.8	0.0485400406701313	0.04867725455575	0.203751501961973	0.203598144755238
-239.721222380075	870.4	0.0483004408367639	0.0483249075018111	0.204850485259761	0.205119923854226
-239.721222380075	896	0.0478611602575921	0.0479783536409114	0.206358404315095	0.206608980101987
-239.721222380075	921.6	0.0472722561040707	0.04763881978495	0.207756246064256	0.208068327223081
-239.721222380075	947.2	0.0471078159753952	0.0473073145147973	0.209492066241783	0.209499511456868
-239.721222380075	972.8	0.0471247464599203	0.0469837472782165	0.210995630367774	0.210902647691357
-239.721222380075	998.4	0.047037852213212	0.0466662422316252	0.212526511562316	0.21227810871498
-239.721222380075	1024	0.0463164247227116	0.0463530053829417	0.215074638386234	0.213623379270449
-239.721222380075	1049.6	0.0457105295559971	0.0460421456988691	0.214682495289432	0.214940595397186
-239.721222380075	1075.2	0.0453659632729486	0.0457332126694678	0.215824935741872	0.216234058464775
-239.721222380075	1100.8	0.0451393279271941	0.0454247143853422	0.217433929013806	0.217515826282863
-239.721222380075	1126.4	0.0449863715894095	0.0451178845464658	0.218832975858771	0.218781358996918
-239.721222380075	1152	0.0446829874773963	0.0448121653308863	0.219757603180962	0.22003342851478
-239.721222380075	1177.6	0.0450039298809013	0.0445068474141205	0.221795804485627	0.221272500743307
-239.721222380075	1203.2	0.0446169528121137	0.044200704273642	0.222410378998934	0.222501516993435
-239.721222380075	1228.8	0.0440480004983756	0.0438925351207524	0.224144356104084	0.223724102685957
-239.721222380075	1254.4	0.0436854924375282	0.0435829031532126	0.2253104801254	0.224934125086057
-227.104315939018	-1254.4	0.0454116650409993	0.0451348149517906	-0.225460492249777	-0.225128051152625
-227.104315939018	-1228.8	0.0454250257660784	0.0455604386131449	-0.223328694665309	-0.22383433050829
-227.104315939018	-1203.2	0.0463506771761868	0.0460091800352679	-0.223164255103094	-0.222548550122396
-227.104315939018	-1177.6	0.046683895096696	0.0464610620354507	-0.222011406222032	-0.221250639132479
-227.104315939018	-1152	0.0464862204907116	0.0469277561047744	-0.220242055209108	-0.219954218298253
-227.104315939018	-1126.4	0.0468063702619935	0.0474069818065196	-0.218840944801384	-0.218656508727478
-227.104315939018	-1100.8	0.0472910551953124	0.047899904038049	-0.217017817068852	-0.217355556893952
-227.104315939018	-1075.2	0.0482086107474657	0.0484050991526525	-0.215778586563083	-0.216053445431788
-227.104315939018	-1049.6	0.0492098168572216	0.0489262912358995	-0.215198833197982	-0.214745468514072
-227.104315939018	-1024	0.0490551454637139	0.0494609227553504	-0.213579876779775	-0.213431706890375
-227.104315939018	-998.4	0.049805613813037	0.050014034680384	-0.211657811641042	-0.212108554019774
-227.104315939018	-972.8	0.0500430895216492	0.0505833641458456	-0.210302044632083	-0.210774548074079
-227.104315939018	-947.2	0.0509190961930104	0.0511621595139419	-0.209590105103605	-0.209429789066259
-227.104315939018	-921.6	0.0520897846750339	0.0517452215926209	-0.20869144037952	-0.20807395308908
-227.104315939018	-896	0.0526788769164631	0.0523280117904717	-0.20704699717253	-0.20670469295401
-227.104315939018	-870.4	0.0530487267878293	0.0529087057219139	-0.205005795209009	-0.205317775531433
-227.104315939018	-844.8	0.054079115660203	0.0534882508063079	-0.20458542701198	-0.203906337479645
-227.104315939018	-819.2	0.0543378994515096	0.0540689056320316	-0.203070192138137	-0.202461574705487
-227.104315939018	-793.6	0.0549869587744178	0.054653885730638	-0.201770410359391	-0.200974398636558
-227.104315939018	-768	0.0555247052728533	0.0552462656412504	-0.200367990600439	-0.199435424388942
-227.104315939018	-742.4	0.0556778653158696	0.0558475766644848	-0.198045374521738	-0.197833412053611
-227.104315939018	-716.8	0.0558848072661175	0.0564580786037563	-0.197053599916017	-0.196157515981518
-227.104315939018	-691.2	0.0564053979183727	0.057078292053491	-0.194949726856601	-0.194398463427437
-227.104315939018	-665.6	0.0575817777818364	0.0577096831727733	-0.193563349862562	-0.19254702479218
-227.104315939018	-640	0.0583881965228505	0.0583531233777806	-0.191555798645805	-0.190592169511326
-227.104315939018	-614.4	0.0586320061779635	0.0590067026579367	-0.188946498150429	-0.188520264865067
-227.104315939018	-588.8	0.0591847087458656	0.0596662621794442	-0.187001443902021	-0.186317631513581
-227.104315939018	-563.2	0.0605213683333276	0.0603274255127174	-0.18510111217128	-0.183972106053117
-227.104315939018	-537.6	0.0610188752227303	0.0609860987068038	-0.182637037687672	-0.181470563827464
-227.104315939018	-512	0.0617891159464814	0.0616384668250471	-0.179859530763817	-0.178797293120149
-227.104315939018	-486.4	0.0626268839189943	0.0622790654852657	-0.177744578071449	-0.175931398319586
-227.104315939018	-460.8	0.0630567536443543	0.0628999304277075	-0.174246935269986	-0.172845474506307
-227.104315939018	-435.2	0.0636241109520694	0.0634912998224276	-0.171289180587868	-0.169504450233765
-227.104315939018	-409.6	0.0645244489744223	0.0640420541559181	-0.168101507998202	-0.165863115659629
-227.104315939018	-384	0.0648792279530448	0.0645399218907694	-0.164527997231896	-0.161864569332113
-227.104315939018	-358.4	0.0648735278309083	0.064971117186042	-0.16063582056411	-0.157436962898106
-227.104315939018	-332.8	0.0654212089954405	0.065320445700003	-0.156349657665557	-0.152492052137153
-227.104315939018	-307.2	0.0663486428952009	0.0655736705494455	-0.151758053705063	-0.14692588701487
-227.104315939018	-281.6	0.0669106417332494	0.0657188140160141	-0.146680154615131	-0.140619657154387
-227.104315939018	-256	0.0670250946245526	0.065746008047061	-0.140222205090071	-0.133443774171074
-227.104315939018	-230.4	0.0669476357469863	0.0656491253149716	-0.133419087785508	-0.125267524925674
-227.104315939018	-204.8	0.0667601772284286	0.0654277720838354	-0.125724538841947	-0.115972665943076
-227.104315939018	-179.2	0.0665005706276029	0.065087863459734	-0.116717184685366	-0.10546897065661
-227.104315939018	-153.6	0.0657148618339811	0.0646431404403675	-0.106046001431115	-0.0937124194522998
-227.104315939018	-128	0.0649563586287101	0.0641156924968829	-0.0930034311141885	-0.0807171306579109
-227.104315939018	-102.4	0.0639316277895551	0.0635343580245761	-0.0786131624244616	-0.0665610012472541
-227.104315939018	-76.8	0.0630319840299933	0.0629325332916378	-0.0622603980468683	-0.0513866805514163
-227.104315939018	-51.2	0.0621131436084893	0.0623448129549006	-0.0429999324054597	-0.0353952014724697
-227.104315939018	-25.6	0.0608072810366827	0.0618026412414456	-0.0226574089121951	-0.0188357901602687
-227.104315939018	0	0.0601306520071248	0.0613298709561279	-0.0014728070160687	-0.00199171940191255
-227.104315939018	25.6	0.0596088140146191	0.0609409805496296	0.0195542052771943	0.0148369254404279
-227.104315939018	51.2	0.0591148488448555	0.0606412961513178	0.0392028544155988	0.0313511825580362
-227.104315939018	76.8	0.0598738403194827	0.0604276400708189	0.0570122520097771	0.0472720027492399
-227.104315939018	102.4	0.0598963126918733	0.0602888174594486	0.0734657900909172	0.0623579236824253
-227.104315939018	128	0.0603427168081528	0.0602064018440633	0.0878960938211641	0.0764195950621933
-227.104315939018	153.6	0.0605625877994612	0.0601570660022956	0.100290175618747	0.0893298080053573
-227.104315939018	179.2	0.0608884549790812	0.060115743820928	0.111092105409391	0.101026935742414
-227.104315939018	204.8	0.0609350985071905	0.0600579915477316	0.120328987381729	0.111512591994144
-227.104315939018	230.4	0.0606573415968436	0.0599619346667924	0.128549102892839	0.120841628620075
-227.104315939018	256	0.060515888559532	0.0598107826667217	0.135682654586027	0.129106623024216
-227.104315939018	281.6	0.0602379201978885	0.0595953483392389	0.14191221649388	0.136421613024126
-227.104315939018	307.2	0.0599104485325044	0.0593138999253128	0.147602520969327	0.142907611122671
-227.104315939018	332.8	0.059273656573721	0.0589707729979845	0.152585582372207	0.148681728678677
-227.104315939018	358.4	0.0587860514116458	0.0585749194858143	0.156975624998587	0.153851798151941
-227.104315939018	384	0.0580854439183245	0.0581374485840792	0.160987428656958	0.158513041267292
-227.104315939018	409.6	0.0576616941877471	0.0576702909070976	0.16490524411249	0.162745774444172
-227.104315939018	435.2	0.0571089540210399	0.0571847007149984	0.168600173085549	0.166615998946144
-227.104315939018	460.8	0.0565454758162858	0.056690468342362	0.172135709715323	0.170177018146546
-227.104315939018	486.4	0.0561266782794214	0.0561953104774235	0.174951766419842	0.173470326801137
-227.104315939018	512	0.0555139675836614	0.0557050781212	0.177905833372043	0.176528739738513
-227.104315939018	537.6	0.0549660149864687	0.0552234115555785	0.180773644384041	0.179378639010247
-227.104315939018	563.2	0.0543978676462179	0.0547516890052742	0.183254466473398	0.182042373698154
-227.104315939018	588.8	0.0541372948609565	0.0542898574426089	0.185462428933932	0.184538578618067
-227.104315939018	614.4	0.0537570189661726	0.0538382467208817	0.187828535624225	0.186883303812746
-227.104315939018	640	0.0533067162151153	0.0533979212815788	0.190208818454435	0.189091983287111
-227.104315939018	665.6	0.0529852037297928	0.0529696298222334	0.192419328030665	0.191179729644309
-227.104315939018	691.2	0.052705063086261	0.0525530025296634	0.194170683073271	0.193160453163007
-227.104315939018	716.8	0.0522250076997213	0.0521470528293072	0.195382486760726	0.195046154067197
-227.104315939018	742.4	0.05183242917009	0.0517506321877021	0.197465703731319	0.196845919073609
-227.104315939018	768	0.0510982836170702	0.0513624610216763	0.198551225398969	0.19856877485546
-227.104315939018	793.6	0.0507760176019816	0.0509810662131428	0.200436222043788	0.200226959121573
-227.104315939018	819.2	0.050172073074938	0.0506050337057704	0.201568539521711	0.201831817715384
-227.104315939018	844.8	0.04995063344714	0.0502334096633361	0.203093947460115	0.203391942472687
-227.104315939018	870.4	0.0497321617126897	0.0498664524243467	0.205014838488809	0.20491408247959
-227.104315939018	896	0.0491568095986863	0.0495053829016638	0.206265973010334	0.206403815708428
-227.104315939018	921.6	0.0487950982658468	0.0491515607351555	0.207707032099122	0.207865207342271
-227.104315939018	947.2	0.0487586634348574	0.0488061400073756	0.209364882418666	0.209299693345254
-227.104315939018	972.8	0.0486236510473062	0.048469181077107	0.210752207388881	0.210706371213012
-227.104315939018	998.4	0.0483891002429959	0.0481389026728633	0.212215309673002	0.212084946097563
-227.104315939018	1024	0.0476960980583917	0.0478135688476668	0.214774151933143	0.213432385406728
-227.104315939018	1049.6	0.0471729193369475	0.04749090428298	0.214735054041406	0.214751112755223
-227.104315939018	1075.2	0.0468523722584081	0.0471692596864939	0.215711847568299	0.216052514335459
-227.104315939018	1100.8	0.0466793418637101	0.0468500200744448	0.217175484497267	0.217332631340512
-227.104315939018	1126.4	0.0466316911678107	0.0465321937003057	0.218454460455921	0.218600782199278
-227.104315939018	1152	0.0462681214258841	0.0462156271885212	0.219953992479567	0.219854380204969
-227.104315939018	1177.6	0.0462448810412946	0.0458994619409678	0.221363945142603	0.221097014149902
-227.104315939018	1203.2	0.0458019765287918	0.0455834896812914	0.222177334076731	0.222329036413954
-227.104315939018	1228.8	0.0452987172343557	0.0452649070768846	0.223998714828686	0.223555978417659
-227.104315939018	1254.4	0.0451968253177421	0.0449460493779934	0.225153012451781	0.224771415609156
-214.487409497962	-1254.4	0.0470703876573043	0.0465077068529613	-0.22541324522529	-0.22499825006225
-214.487409497962	-1228.8	0.0473711290588995	0.0469400703875385	-0.224278993528094	-0.223695053467277
-214.487409497962	-1203.2	0.0479601047729213	0.0473962084888997	-0.223202426146169	-0.222399290851308
-214.487409497962	-1177.6	0.048278224943935	0.0478584813106524	-0.22195821251064	-0.221092182112343
-214.487409497962	-1152	0.0480027506937638	0.0483354069255075	-0.219893514734045	-0.219785868592089
-214.487409497962	-1126.4	0.048463165787846	0.0488237508833162	-0.218532802066721	-0.218478139121131
-214.487409497962	-1100.8	0.0490834674792962	0.0493270665249834	-0.217338198044146	-0.217163797649382
-214.487409497962	-1075.2	0.0500357258967973	0.0498419298873871	-0.216188136313865	-0.215849864159572
-214.487409497962	-1049.6	0.0505948069313485	0.0503727558254394	-0.214798055508892	-0.214532265847266
-214.487409497962	-1024	0.0506417757814029	0.0509200884363101	-0.212998695589614	-0.213210071674448
-214.487409497962	-998.4	0.0515420559424335	0.0514866209823094	-0.211109793489477	-0.211880750349755
-214.487409497962	-972.8	0.0515464474137362	0.0520708579235953	-0.20986546290065	-0.210541975481127
-214.487409497962	-947.2	0.0524671909390245	0.0526650049756892	-0.209382345609016	-0.209193207774071
-214.487409497962	-921.6	0.053574705336592	0.0532636923007818	-0.208516725565949	-0.207833590712784
-214.487409497962	-896	0.0542655060347756	0.0538622337841289	-0.206903066437437	-0.206460531093522
-214.487409497962	-870.4	0.0548125351095761	0.0544589480340891	-0.205239416494641	-0.205069995942446
-214.487409497962	-844.8	0.0557714007313651	0.0550555706095665	-0.204587025435209	-0.203655586868057
-214.487409497962	-819.2	0.0556247583692599	0.0556548614322044	-0.202568339591098	-0.202208523088388
-214.487409497962	-793.6	0.0563886488100984	0.0562598666449902	-0.201280442891135	-0.200718787855117
-214.487409497962	-768	0.0570080216411286	0.0568737238987423	-0.199845292029191	-0.199175966958614
-214.487409497962	-742.4	0.0573682635309959	0.0574979453510895	-0.198099647402027	-0.19756845191602
-214.487409497962	-716.8	0.057677358221512	0.0581328498072422	-0.1969938545094	-0.195885813829185
-214.487409497962	-691.2	0.0582389324969822	0.0587788493175953	-0.19469568491541	-0.194119441022727
-214.487409497962	-665.6	0.0588000421639203	0.059436893618486	-0.192810503748506	-0.192260231381767
-214.487409497962	-640	0.0595347969022999	0.0601076283951629	-0.190642215105451	-0.190297247080533
-214.487409497962	-614.4	0.0603790720228987	0.0607892135545784	-0.188576517880095	-0.188217172828295
-214.487409497962	-588.8	0.0610580043040138	0.0614777204379391	-0.186626341560987	-0.186007076240225
-214.487409497962	-563.2	0.0618622957001904	0.0621685077661058	-0.184494314384334	-0.183655331659332
-214.487409497962	-537.6	0.0627569165536546	0.0628568445439715	-0.182506897446891	-0.181148818868277
-214.487409497962	-512	0.0638301189245628	0.0635384180205406	-0.179564435565766	-0.178471785043651
-214.487409497962	-486.4	0.064513058051094	0.0642078007008959	-0.177303640725887	-0.175604063488208
-214.487409497962	-460.8	0.0654175463236687	0.0648575075261467	-0.174307998745594	-0.172519759481943
-214.487409497962	-435.2	0.0657143286384107	0.0654781041995046	-0.17084341158566	-0.169185049043758
-214.487409497962	-409.6	0.0665885283954061	0.0660586683013357	-0.167710830095847	-0.16555563202569
-214.487409497962	-384	0.0666658287173628	0.0665868556392024	-0.16426299775291	-0.161575446064944
-214.487409497962	-358.4	0.0670689418664169	0.0670486654446492	-0.160420293662387	-0.157173401175834
-214.487409497962	-332.8	0.067594171716566	0.06742876918402	-0.156330830634043	-0.152261753252738
-214.487409497962	-307.2	0.068506571466971	0.0677123419158521	-0.15162076320605	-0.146736014229603
-214.487409497962	-281.6	0.0692402626026746	0.0678864743661035	-0.146578598378165	-0.140475619611149
-214.487409497962	-256	0.0693373910174981	0.0679405694955825	-0.140390401163576	-0.133348389509958
-214.487409497962	-230.4	0.0693007963037571	0.0678679484230731	-0.133435634551337	-0.125220695755265
-214.487409497962	-204.8	0.0690913768767951	0.0676678867818858	-0.125768035404658	-0.115971095780335
-214.487409497962	-179.2	0.0688160449449539	0.0673461294717926	-0.116910641064864	-0.1055056396712
-214.487409497962	-153.6	0.0680998231596131	0.0669163157883809	-0.106248034472378	-0.0937766742346091
-214.487409497962	-128	0.0673546735710396	0.0664002223050149	-0.0936776914747577	-0.0807957312822317
-214.487409497962	-102.4	0.066295919337139	0.065826323602024	-0.0789552612720009	-0.0666393622987218
-214.487409497962	-76.8	0.0652001995281191	0.0652278085658775	-0.0620044091238106	-0.0514503226079114
-214.487409497962	-51.2	0.0644664222873703	0.0646389614667602	-0.0431001755891444	-0.0354315967976208
-214.487409497962	-25.6	0.0631018582971103	0.0640910561016984	-0.0227209829898166	-0.0188356653750561
-214.487409497962	0	0.0624049289287737	0.0636079197656191	-0.00143650637849559	-0.00194971875889241
-214.487409497962	25.6	0.0619024815387286	0.0632043385541232	0.0197060096128181	0.0149214906731087
-214.487409497962	51.2	0.0615445385732707	0.0628863169742697	0.0396811720593903	0.0314741569523109
-214.487409497962	76.8	0.061960061799589	0.0626513645717513	0.0574688184728774	0.0474248527742846
-214.487409497962	102.4	0.0622158122933626	0.0624889302276919	0.073909094293649	0.0625287209822591
-214.487409497962	128	0.0624951978977353	0.0623811117903186	0.088298102422177	0.0765942334498749
-214.487409497962	153.6	0.0627313279290387	0.0623048883044342	0.100682145205818	0.089493283536913
-214.487409497962	179.2	0.0629737833065799	0.0622356193850996	0.11129763651323	0.101165122393341
-214.487409497962	204.8	0.0630779700230744	0.0621493139363204	0.12053521425148	0.111613713715237
-214.487409497962	230.4	0.0626256850384032	0.0620244178355557	0.12855644597388	0.120897509716063
-214.487409497962	256	0.0624186960496393	0.0618445396680609	0.135548124383345	0.129113345313378
-214.487409497962	281.6	0.0622171032757691	0.0616008876106926	0.141706561045806	0.136379031220808
-214.487409497962	307.2	0.06182469850417	0.0612920902175264	0.147347547014625	0.14281868359571
-214.487409497962	332.8	0.0612163020649286	0.0609228083262196	0.15245025575856	0.148551643574497
-214.487409497962	358.4	0.0606371693719611	0.0605021571398332	0.156792373183794	0.153686914370847
-214.487409497962	384	0.0599063032414433	0.0600411456701999	0.160664869305821	0.158319783228247
-214.487409497962	409.6	0.0596854675998646	0.0595514355927705	0.164748937843774	0.162530176000676
-214.487409497962	435.2	0.0590734419295711	0.0590439705581343	0.168634327078196	0.166383699474329
-214.487409497962	460.8	0.0584111485019448	0.0585283155943271	0.171775225476795	0.169932862202654
-214.487409497962	486.4	0.0579029812726327	0.0580121345004041	0.174763419160873	0.173218249765201
-214.487409497962	512	0.0572304198647567	0.0575011906884089	0.177227773332678	0.176271881066058
-214.487409497962	537.6	0.0570953628068809	0.0569990455157035	0.180910197196409	0.179119356533087
-214.487409497962	563.2	0.0561930338637885	0.056507013752248	0.182974094447288	0.181782268816997
-214.487409497962	588.8	0.0558960748599568	0.0560250133660974	0.185656483216163	0.184279050824
-214.487409497962	614.4	0.0554502470464144	0.0555533109283819	0.187705711781786	0.186625967152337
-214.487409497962	640	0.0549604151489087	0.0550930466179359	0.189942685324889	0.188838502986476
-214.487409497962	665.6	0.0546384096647514	0.0546451641318018	0.192232003153778	0.1909314077363
-214.487409497962	691.2	0.0544045222837569	0.0542095981420346	0.194082920028666	0.19291824545199
-214.487409497962	716.8	0.053880506934979	0.0537854723503767	0.195069506978304	0.194810655853778
-214.487409497962	742.4	0.053467468670069	0.053371375205634	0.197055726707165	0.196616986310532
-214.487409497962	768	0.0529168608924122	0.0529660030669388	0.198681379863023	0.198345468890411
-214.487409497962	793.6	0.0523744495078201	0.0525680241349458	0.20026497141428	0.200007773952175
-214.487409497962	819.2	0.0514442573711838	0.05217610991527	0.200956801554974	0.20161536709506
-214.487409497962	844.8	0.0515122511144804	0.0517892075646629	0.202951271265663	0.203177165412889
-214.487409497962	870.4	0.0511735758926433	0.0514072890634566	0.205261831606838	0.204700423543336
-214.487409497962	896	0.0506709451764226	0.0510314739059096	0.206566028894815	0.206191626244733
-214.487409497962	921.6	0.050529214434926	0.0506633988679067	0.207683141089235	0.207655617675974
-214.487409497962	947.2	0.0504051670000643	0.0503044289958417	0.209210788636738	0.209093481194927
-214.487409497962	972.8	0.0500675583022539	0.0499546483627232	0.210454881982189	0.210503497937136
-214.487409497962	998.4	0.0497201968820471	0.0496122233617202	0.211898941967683	0.211884750472244
-214.487409497962	1024	0.0490501657248131	0.0492754636809774	0.214339187856361	0.21323380290613
-214.487409497962	1049.6	0.0487356990624223	0.0489415031008076	0.215065787711606	0.2145556608428
-214.487409497962	1075.2	0.0484612189393759	0.0486090310793247	0.216005141732549	0.215857016158598
-214.487409497962	1100.8	0.0484184014036545	0.0482780752477148	0.216963039121574	0.217140085141315
-214.487409497962	1126.4	0.0484334157986162	0.0479489043244181	0.218206879847701	0.218413678872993
-214.487409497962	1152	0.0478186102855004	0.0476206579001992	0.220137248092544	0.219670135486834
-214.487409497962	1177.6	0.0473952484162939	0.0472934757218393	0.220823054360226	0.220917261897644
-214.487409497962	1203.2	0.0469644125696575	0.0469672694214924	0.22207743103738	0.222154208841864
-214.487409497962	1228.8	0.0465175870786181	0.0466387620250201	0.223541281811708	0.223384100760444
-214.487409497962	1254.4	0.0463503014369987	0.046309491587524	0.224754149012995	0.22460592671757
-201.870503056905	-1254.4	0.0484113656408194	0.0478722251033761	-0.225087409564895	-0.224846517100277
-201.870503056905	-1228.8	0.0486630272341629	0.048316689561273	-0.224472769197561	-0.223539457860984
-201.870503056905	-1203.2	0.0492029721896117	0.0487804189356364	-0.222763477413619	-0.222234491722591
-201.870503056905	-1177.6	0.0496236153874016	0.0492534276151202	-0.221730994929988	-0.220919891557486
-201.870503056905	-1152	0.0493744506785807	0.0497411995340246	-0.219648467024803	-0.219605111103876
-201.870503056905	-1126.4	0.0502167491802738	0.0502400908559977	-0.218260654867764	-0.218287524644786
-201.870503056905	-1100.8	0.0508019751026287	0.0507543249582918	-0.217146422690497	-0.216963765158396
-201.870503056905	-1075.2	0.0513343700047031	0.0512787853282566	-0.216089254746528	-0.215640156221803
-201.870503056905	-1049.6	0.0518292739886779	0.0518216029364697	-0.214610625584552	-0.214314020477434
-201.870503056905	-1024	0.0522505339136608	0.0523798149820713	-0.212761718724008	-0.212984516246512
-201.870503056905	-998.4	0.0531840924000399	0.0529610784303037	-0.210958554659197	-0.211649735167532
-201.870503056905	-972.8	0.0531680770675309	0.053560409887023	-0.209651182172484	-0.210306890674063
-201.870503056905	-947.2	0.0539368946674841	0.0541702111201405	-0.209045514452575	-0.208954878362953
-201.870503056905	-921.6	0.0548848311176019	0.0547849208182897	-0.208192562596413	-0.207592200088997
-201.870503056905	-896	0.0559172744538405	0.0553996852284886	-0.207213205892747	-0.206215640072718
-201.870503056905	-870.4	0.0566016141175636	0.0560129005450349	-0.205837513902937	-0.204820926994736
-201.870503056905	-844.8	0.0572004553808198	0.0566268861723182	-0.204246996795784	-0.203402182938559
-201.870503056905	-819.2	0.0571260128109415	0.057244728563441	-0.202274774292818	-0.2019508650182
-201.870503056905	-793.6	0.0578364952590957	0.0578694304411682	-0.20083027421247	-0.200456275782452
-201.870503056905	-768	0.0584882172650745	0.0585039873685653	-0.199268214443162	-0.198907174007627
-201.870503056905	-742.4	0.0590401480218579	0.059149884843805	-0.198008449076382	-0.197291821864533
-201.870503056905	-716.8	0.0595264700222664	0.0598078848702257	-0.196720158986344	-0.195600494050479
-201.870503056905	-691.2	0.0602102598944879	0.0604786618317784	-0.194404283717849	-0.19382528494652
-201.870503056905	-665.6	0.0604578690328111	0.0611628556216053	-0.192402618713151	-0.191957196452805
-201.870503056905	-640	0.0612746671912358	0.0618605776234824	-0.190634148533917	-0.189985039085501
-201.870503056905	-614.4	0.0621352303382584	0.0625700236355055	-0.188621448449395	-0.187896178927528
-201.870503056905	-588.8	0.0628839611942698	0.0632876824358706	-0.186223683357002	-0.185678608467788
-201.870503056905	-563.2	0.0633737585338436	0.0640084929489348	-0.183987008449134	-0.183320916301341
-201.870503056905	-537.6	0.0648327359452794	0.0647270000148868	-0.182601350422984	-0.180809649499095
-201.870503056905	-512	0.0656116099995905	0.0654382974385045	-0.179241469992852	-0.178128920020421
-201.870503056905	-486.4	0.0662471086010534	0.0661366529851396	-0.176891107117855	-0.175259099875267
-201.870503056905	-460.8	0.0673888127987721	0.0668150547317046	-0.17410713663147	-0.172175946198043
-201.870503056905	-435.2	0.0677229775537834	0.0674646185084659	-0.170419141270619	-0.16884704723544
-201.870503056905	-409.6	0.068761362851714	0.0680747383193818	-0.167761501162329	-0.165229063148478
-201.870503056905	-384	0.0689227702769251	0.0686329042290343	-0.16390606934197	-0.161266523393311
-201.870503056905	-358.4	0.0693471968571956	0.0691248407292792	-0.160251916329943	-0.156888958328132
-201.870503056905	-332.8	0.0697810658144012	0.0695351844943699	-0.156359272798841	-0.152009360836539
-201.870503056905	-307.2	0.070577332609369	0.0698485663016199	-0.151461168827339	-0.146522958175169
-201.870503056905	-281.6	0.0716106595975912	0.0700510823187779	-0.146396486085438	-0.140307695009034
-201.870503056905	-256	0.0713929412809181	0.0701313811334609	-0.140015178630534	-0.133228981094782
-201.870503056905	-230.4	0.0716058242221589	0.0700823355082601	-0.133584090656031	-0.125150182414172
-201.870503056905	-204.8	0.0714308821753708	0.0699028485338199	-0.125621705409492	-0.115946352467615
-201.870503056905	-179.2	0.0710986679510678	0.0695986161632045	-0.11704462147345	-0.105519701722796
-201.870503056905	-153.6	0.0706145563693141	0.0691833055781659	-0.106537043580459	-0.0938190568791102
-201.870503056905	-128	0.0696115952355669	0.0686783963597825	-0.093916506555743	-0.0808530917738244
-201.870503056905	-102.4	0.0685510064712193	0.0681120199166151	-0.0791692407309364	-0.0666970797285249
-201.870503056905	-76.8	0.0673561466671169	0.0675171740597466	-0.0619434061751392	-0.0514940267937153
-201.870503056905	-51.2	0.0667141458559837	0.066927747451497	-0.0434982981440889	-0.0354490467453658
-201.870503056905	-25.6	0.0654617791994597	0.0663745925906147	-0.0228552650325961	-0.0188178904015294
-201.870503056905	0	0.0644782850304424	0.0658813548477553	-0.00136090128737138	-0.001891621895648
-201.870503056905	25.6	0.0641243446259122	0.0654631625385284	0.0199584827857133	0.0150204119874604
-201.870503056905	51.2	0.0637554367785406	0.0651268176404911	0.0401029633708326	0.0316095800774584
-201.870503056905	76.8	0.0641989062534478	0.0648705409795726	0.0579809678072483	0.047588260740028
-201.870503056905	102.4	0.0643292934236369	0.0646844896559546	0.0744887693700921	0.0627082187561604
-201.870503056905	128	0.0646262725103408	0.0645514120027008	0.0888919597233061	0.0767759567931544
-201.870503056905	153.6	0.0648261621170299	0.0644488448579339	0.101061500694466	0.0896626197292539
-201.870503056905	179.2	0.0650234497913163	0.064352470540113	0.111432697028532	0.101308181651048
-201.870503056905	204.8	0.0650624625897769	0.0642385052335303	0.120516038857785	0.11171878964572
-201.870503056905	230.4	0.0646934061009298	0.0640857587080686	0.128604947614002	0.120956315098325
-201.870503056905	256	0.0643660753295	0.0638781830026512	0.135319600555133	0.129121658128719
-201.870503056905	281.6	0.0642229044352987	0.063607161799194	0.141491854870379	0.136336431119131
-201.870503056905	307.2	0.0637561596507858	0.0632715950835217	0.147113322988432	0.142727898036202
-201.870503056905	332.8	0.0632326014864281	0.0628765905782741	0.152211186043624	0.148418014464075
-201.870503056905	358.4	0.0624922554970846	0.0624315666711381	0.156670080738912	0.153517276476602
-201.870503056905	384	0.061794071035681	0.061947472361197	0.160658786806658	0.158121059861111
-201.870503056905	409.6	0.0615541121656657	0.0614356646424315	0.164504825737135	0.162308676166296
-201.870503056905	435.2	0.0610191387047551	0.0609066426493448	0.168601841991408	0.166145064868678
-201.870503056905	460.8	0.0602427494854812	0.0603696505502759	0.17157696570603	0.16968175064643
-201.870503056905	486.4	0.0596371914896297	0.0598322740337517	0.174451950181066	0.172958404961154
-201.870503056905	512	0.059094678721788	0.0593003129982566	0.1771100137054	0.176006387530049
-201.870503056905	537.6	0.0586890542228736	0.0587773579763854	0.180193708492921	0.178850696844899
-201.870503056905	563.2	0.0580050035518116	0.0582647656785387	0.182726170852828	0.181512299217702
-201.870503056905	588.8	0.0576570546159096	0.0577626183662772	0.185351085306335	0.184009379813547
-201.870503056905	614.4	0.0571383942215612	0.0572711316660731	0.187533486677798	0.186358178857817
-201.870503056905	640	0.0565988643747667	0.0567913006907348	0.18971567243389	0.188574303730135
-201.870503056905	665.6	0.0562187851937562	0.0563240183918494	0.192114701825443	0.190672237908026
-201.870503056905	691.2	0.0560454230040359	0.055869348500357	0.193853382503586	0.192665092959373
-201.870503056905	716.8	0.0554888187813829	0.0554264800452751	0.194743109938936	0.194563875789509
-201.870503056905	742.4	0.0551442390729862	0.0549939539235653	0.196854220804809	0.196376364053847
-201.870503056905	768	0.054651618505357	0.0545706631839347	0.198702582356229	0.198110423543802
-201.870503056905	793.6	0.0538520483908949	0.054155497657988	0.200015009761159	0.199777140063122
-201.870503056905	819.2	0.053080926102059	0.0537471569726752	0.200866445315094	0.201388095946768
-201.870503056905	844.8	0.0531721842973382	0.0533444145753572	0.202840567019642	0.202952504364513
-201.870503056905	870.4	0.0527774185087872	0.0529471508036672	0.205263086510872	0.204478118422556
-201.870503056905	896	0.0522640625270232	0.0525564450335573	0.206831424013573	0.205972022181424
-201.870503056905	921.6	0.0520654147975196	0.0521741856537528	0.207940367882682	0.207439302456464
-201.870503056905	947.2	0.0519129898827402	0.0518018736270979	0.2090934100226	0.208880652398159
-201.870503056905	972.8	0.0514168728146649	0.0514395245574662	0.210257926183803	0.210293870565674
-201.870503056905	998.4	0.0510778681180087	0.0510852762154566	0.21173407780713	0.211677504778411
-201.870503056905	1024	0.0504469641303382	0.0507371778843383	0.214081004541813	0.213029547807104
-201.870503056905	1049.6	0.0502635187098352	0.0503928873244237	0.215023465924467	0.214351117749602
-201.870503056905	1075.2	0.0501540518248951	0.0500495343853776	0.216203181661307	0.215655999326336
-201.870503056905	1100.8	0.0500672241524102	0.0497070445281111	0.217146779219865	0.216941380600573
-201.870503056905	1126.4	0.0497895563335193	0.0493665634054198	0.218328795844869	0.218219050526574
-201.870503056905	1152	0.0493375310323673	0.0490265919190484	0.220072981846028	0.21948020346565
-201.870503056905	1177.6	0.0487761988357076	0.0486883408625241	0.220473764244771	0.220732300026147
-201.870503056905	1203.2	0.048327523694839	0.0483516157283226	0.222006231899683	0.221974664354175
-201.870503056905	1228.8	0.0478838932565905	0.048012505756315	0.222939547911659	0.223208760457035
-201.870503056905	1254.4	0.047359096922944	0.0476741441073885	0.224470956103399	0.224433731170136
-189.253596615849	-1254.4	0.049468563322661	0.0492299686135753	-0.224720429180572	-0.224672054152403
-189.253596615849	-1228.8	0.0495806573574207	0.0496919802481706	-0.224041120649868	-0.223367668274038
-189.253596615849	-1203.2	0.0501102190142943	0.050164106144598	-0.222371018656282	-0.222056089388806
-189.253596615849	-1177.6	0.0506344461628558	0.0506477552406964	-0.221020484286703	-0.220737015852307
-189.253596615849	-1152	0.0506383795201721	0.0511452069264399	-0.219464609324333	-0.219413208599851
-189.253596615849	-1126.4	0.051646993498732	0.0516553880380038	-0.218045402380011	-0.218087739086109
-189.253596615849	-1100.8	0.0523844028795626	0.0521813838377344	-0.217210613800964	-0.216757395395889
-189.253596615849	-1075.2	0.0528940408697271	0.0527172032117921	-0.21611366966655	-0.215426532310603
-189.253596615849	-1049.6	0.0533143059178732	0.0532715818545223	-0.214209807494469	-0.214093524065786
-189.253596615849	-1024	0.0538662681032914	0.0538419825747253	-0.212461461078572	-0.212757667118121
-189.253596615849	-998.4	0.0547193652788408	0.0544369998084845	-0.21121810432203	-0.211417563261696
-189.253596615849	-972.8	0.0547481856326569	0.0550511111175276	-0.209785682366506	-0.210070572717058
-189.253596615849	-947.2	0.0552262217564561	0.0556763684963506	-0.208677854350904	-0.208715276516616
-189.253596615849	-921.6	0.0559971693853282	0.0563070803935607	-0.207702304317861	-0.207349366183841
-189.253596615849	-896	0.0570507665332107	0.05693838296378	-0.206777540024411	-0.205968873616054
-189.253596615849	-870.4	0.0580075976173012	0.0575687048551553	-0.205591005561595	-0.204569108157802
-189.253596615849	-844.8	0.0584494977418251	0.058200538513687	-0.203719860945053	-0.203144611766007
-189.253596615849	-819.2	0.0585924001478508	0.0588371521221931	-0.20190917280817	-0.201687204334291
-189.253596615849	-793.6	0.0594103065493237	0.0594813759186585	-0.200427706820739	-0.20018561282363
-189.253596615849	-768	0.0599633881434486	0.0601359136151551	-0.198623201140697	-0.19862804378766
-189.253596615849	-742.4	0.060609265168075	0.0608024281331573	-0.197591292273827	-0.197002773590894
-189.253596615849	-716.8	0.061233288177938	0.0614823894465227	-0.196243603141659	-0.195301097960394
-189.253596615849	-691.2	0.0620921412131897	0.0621769793426706	-0.194194352768539	-0.193515832475766
-189.253596615849	-665.6	0.0623019060135612	0.0628868599655569	-0.192487484851873	-0.191637954115629
-189.253596615849	-640	0.0631742285732715	0.063611540621996	-0.190728911432343	-0.189655973165686
-189.253596615849	-614.4	0.0640537604710072	0.0643490028853456	-0.188636698258791	-0.187557928113635
-189.253596615849	-588.8	0.0650913871906764	0.0650959366120155	-0.18650077015176	-0.185332794018431
-189.253596615849	-563.2	0.0654946544373576	0.0658469040802087	-0.183840578807453	-0.182969097539571
-189.253596615849	-537.6	0.0667465146582453	0.0665958903637953	-0.181356314232802	-0.180453093449891
-189.253596615849	-512	0.0673274358507293	0.0673373574562982	-0.178530031234912	-0.177768684558973
-189.253596615849	-486.4	0.0681020239179932	0.0680650494135423	-0.176595015554698	-0.174896748077181
-189.253596615849	-460.8	0.0694624884241669	0.0687722926909918	-0.173794700301154	-0.171814585747929
-189.253596615849	-435.2	0.0699046048859892	0.069450796078866	-0.170497458546172	-0.168491052045817
-189.253596615849	-409.6	0.0707167837925632	0.0700902916628656	-0.167237112360755	-0.164883907641911
-189.253596615849	-384	0.0709772280701315	0.0706781214570099	-0.163458680638909	-0.160938336174638
-189.253596615849	-358.4	0.071730504705933	0.0711998129226609	-0.159914098094715	-0.156584548729615
-189.253596615849	-332.8	0.0720520198535043	0.0716399118552374	-0.155940358706982	-0.151736146297272
-189.253596615849	-307.2	0.0728254629360894	0.0719824913925796	-0.151012091985572	-0.14628816091054
-189.253596615849	-281.6	0.0735288323561071	0.0722127919493586	-0.145834101970057	-0.140117305904737
-189.253596615849	-256	0.0734300226790004	0.0723187766180969	-0.139619018475889	-0.133086991367121
-189.253596615849	-230.4	0.0738878046884645	0.0722928107102678	-0.133473037039363	-0.125057598383139
-189.253596615849	-204.8	0.0736332993666334	0.0721335250227844	-0.125627370077148	-0.115900321876728
-189.253596615849	-179.2	0.0734033992193797	0.0718465619709146	-0.117067296002179	-0.105513334798175
-189.253596615849	-153.6	0.0729214938641866	0.0714455657682128	-0.10644758557062	-0.0938417584019301
-189.253596615849	-128	0.0720817142427288	0.0709518557193401	-0.0940017366423786	-0.0808915081912026
-189.253596615849	-102.4	0.0708829124827905	0.0703933821230188	-0.0793718123780623	-0.0667366303462617
-189.253596615849	-76.8	0.0696366812355395	0.069802883393077	-0.0624651895151026	-0.0515204752704737
-189.253596615849	-51.2	0.068884600273051	0.0692136988474529	-0.0437611061463242	-0.0354501631268202
-189.253596615849	-25.6	0.0676643180700847	0.0686560034131534	-0.0228260395515529	-0.0187848149502829
-189.253596615849	0	0.0668149234226736	0.0681530861191523	-0.00143823298386396	-0.0018196385935107
-189.253596615849	25.6	0.0663568024350095	0.0677204251660617	0.0201594314176884	0.0151315663761586
-189.253596615849	51.2	0.0660543671361078	0.0673656873185896	0.0404704750566455	0.0317556047159946
-189.253596615849	76.8	0.0661522912974452	0.0670879556508969	0.058254681247452	0.0477607604498632
-189.253596615849	102.4	0.0663819580864324	0.0668782710670274	0.074979812313621	0.0628954664610953
-189.253596615849	128	0.0669218445005228	0.0667201231900421	0.0893133177943328	0.0769643717553242
-189.253596615849	153.6	0.0670351499933973	0.0665916426997424	0.101340544887962	0.0898378622648629
-189.253596615849	179.2	0.0670987375703189	0.0664687455716068	0.111729874931553	0.101456417965652
-189.253596615849	204.8	0.0670387047521896	0.0663277778534458	0.12047743217836	0.111828318351931
-189.253596615849	230.4	0.0667411528438768	0.0661478481263181	0.128627620353195	0.121018609714092
-189.253596615849	256	0.0663706610801643	0.0659132146894343	0.135188146874275	0.129132094147519
-189.253596615849	281.6	0.0661838577255166	0.0656153817321194	0.141203722834485	0.136294142802823
-189.253596615849	307.2	0.0656370281231463	0.0652534687039275	0.146688423983386	0.142635455385346
-189.253596615849	332.8	0.0652537155237809	0.0648330752670927	0.152019531379599	0.148280956318199
-189.253596615849	358.4	0.0644403500161715	0.0643639348346912	0.156597975923553	0.153342852701195
-189.253596615849	384	0.0638071259401252	0.0638570221593417	0.160482988162643	0.157916716487876
-189.253596615849	409.6	0.0633415990046423	0.0633233944484312	0.16420179975242	0.162081126366426
-189.253596615849	435.2	0.0627987238918525	0.0627730497034309	0.167823027276701	0.16590003928483
-189.253596615849	460.8	0.0620833652102582	0.0622147570085285	0.171308977502433	0.169423796781069
-189.253596615849	486.4	0.0614688196612051	0.0616559491099453	0.174106173181458	0.172691131888324
-189.253596615849	512	0.0609183106424446	0.0611025270797456	0.176717659306384	0.175732698973491
-189.253596615849	537.6	0.0604517263229707	0.0605583546867273	0.179571608648155	0.178573114374682
-189.253596615849	563.2	0.0598837561448061	0.0600249775429103	0.182591139375248	0.181233092146127
-189.253596615849	588.8	0.0594118092576961	0.0595026344947076	0.185061141446331	0.183730316040817
-189.253596615849	614.4	0.0588168549049496	0.0589916132081296	0.187253461462009	0.186080791003846
-189.253596615849	640	0.0584118007745408	0.0584926307457614	0.189765765659852	0.18830003084788
-189.253596615849	665.6	0.0577908887835955	0.058006297133391	0.19191202811152	0.190402468946271
-189.253596615849	691.2	0.0575245034055626	0.0575325544713906	0.193297191687856	0.19240092663254
-189.253596615849	716.8	0.0572004052413726	0.0570705333578751	0.194839970645661	0.194305630541288
-189.253596615849	742.4	0.0568547143144536	0.0566189694755564	0.196910335189774	0.196123866050674
-189.253596615849	768	0.0562546461865041	0.0561771132674701	0.198555686513584	0.197863286222102
-189.253596615849	793.6	0.0553826146163486	0.0557441334616943	0.199966054061539	0.199534527219808
-189.253596615849	819.2	0.0550443253404506	0.0553187304594552	0.201196379128772	0.201149279217229
-189.253596615849	844.8	0.0548736233155384	0.0548995655340042	0.202858340883711	0.202717139670307
-189.253596615849	870.4	0.0545428367714871	0.0544866289946475	0.204987524248072	0.204246384778426
-189.253596615849	896	0.0540054032706008	0.0540811036334053	0.206759295288894	0.205744351641987
-189.253596615849	921.6	0.0535668023150917	0.053684885781471	0.208132927615638	0.20721578277479
-189.253596615849	947.2	0.0534359518598965	0.0532992724648147	0.209246417660562	0.208660900155494
-189.253596615849	972.8	0.0528004447291309	0.0529242052731679	0.210074724577516	0.210077255868827
-189.253596615849	998.4	0.0524950683039264	0.0525579826284118	0.211727811266138	0.211463306399903
-189.253596615849	1024	0.0519655275445419	0.0521986031036695	0.213535295745657	0.212817075933817
-189.253596615849	1049.6	0.0516875590024938	0.0518433554855712	0.214624422987738	0.214140384145226
-189.253596615849	1075.2	0.051519802980102	0.0514890556953881	0.21597816553678	0.215447823645596
-189.253596615849	1100.8	0.0513570873257592	0.0511354766731908	0.217310101416048	0.216736774562277
-189.253596615849	1126.4	0.0509266405044557	0.050784077819531	0.218395195297891	0.218018441545092
-189.253596615849	1152	0.0508122030105167	0.0504331421534051	0.219707397673754	0.21928447002986
-189.253596615849	1177.6	0.0503567189095638	0.050084718272106	0.220474149832741	0.220541886757275
-189.253596615849	1203.2	0.0498897042141103	0.0497357885007185	0.221520190747553	0.221788711403525
-189.253596615849	1228.8	0.0494502090657767	0.0493871800588058	0.222462705753372	0.22302708615804
-189.253596615849	1254.4	0.0489193358244232	0.0490349197270352	0.22476034678552	0.224258938604787
-176.636690174792	-1254.4	0.050715956602532	0.0505792385262812	-0.224762019644898	-0.224474669422585
-176.636690174792	-1228.8	0.0507636608500678	0.0510546768211482	-0.223388165367703	-0.223167386008509
-176.636690174792	-1203.2	0.0511014812956533	0.0515438465371202	-0.222097345267762	-0.221858751224168
-176.636690174792	-1177.6	0.0517747253779503	0.0520401373241701	-0.220391101128417	-0.220539803296545
-176.636690174792	-1152	0.0518873782190822	0.0525481309535355	-0.219297953897842	-0.219209570809987
-176.636690174792	-1126.4	0.0527388539742039	0.0530693131642793	-0.217874216323838	-0.217880884753816
-176.636690174792	-1100.8	0.0537405759444625	0.0536083154846422	-0.21717889732827	-0.216545805443683
-176.636690174792	-1075.2	0.0538689745696977	0.0541559565564438	-0.215342548372842	-0.215210058782535
-176.636690174792	-1049.6	0.0544133552096904	0.0547222801334811	-0.213459846436216	-0.213871614712272
-176.636690174792	-1024	0.0553965380008399	0.055305240910172	-0.212163516486584	-0.212530431630609
-176.636690174792	-998.4	0.0562332395682734	0.0559136973792004	-0.211338015080931	-0.211185176753201
-176.636690174792	-972.8	0.0563368680624337	0.0565418250208516	-0.209872646983333	-0.209833541626417
-176.636690174792	-947.2	0.056704067118912	0.0571818032241453	-0.208528065652004	-0.208474060402266
-176.636690174792	-921.6	0.0572925918790609	0.057827976219305	-0.207261209880758	-0.207103629776299
-176.636690174792	-896	0.0581511166991798	0.058475751239225	-0.205921808245474	-0.20571785971522
-176.636690174792	-870.4	0.0590646498507434	0.0591236621743357	-0.204589575062071	-0.204311869782524
-176.636690174792	-844.8	0.0597454364165358	0.0597739180413734	-0.203217393254898	-0.202880454119382
-176.636690174792	-819.2	0.0601402171690845	0.0604297797910234	-0.201589970323898	-0.201415675230717
-176.636690174792	-793.6	0.0610115027263071	0.0610937004997425	-0.200094661440891	-0.199905645957364
-176.636690174792	-768	0.0614644466511724	0.0617679533447466	-0.19814866779363	-0.198337864109254
-176.636690174792	-742.4	0.0621337282977598	0.0624546847817669	-0.197096780489252	-0.196701099218104
-176.636690174792	-716.8	0.0629199782840992	0.0631560677552107	-0.195818721376669	-0.19498779609671
-176.636690174792	-691.2	0.0636987793453792	0.063873921135293	-0.193922497743445	-0.193191485223742
-176.636690174792	-665.6	0.064190735222703	0.0646091043481969	-0.19253633094135	-0.191303172589578
-176.636690174792	-640	0.0650089799664712	0.0653607245520477	-0.190572053397962	-0.189311221123003
-176.636690174792	-614.4	0.0659728977786987	0.0661264107853979	-0.188533411832403	-0.187204010211597
-176.636690174792	-588.8	0.0668065107455622	0.0669026181241833	-0.186234481420875	-0.184971049529307
-176.636690174792	-563.2	0.06743698950122	0.0676836318504588	-0.183579391258958	-0.182600828729208
-176.636690174792	-537.6	0.0686087030434428	0.0684631756633659	-0.181318502881625	-0.180079611691989
-176.636690174792	-512	0.0690647894724064	0.0692350614774387	-0.177801083914436	-0.177391381805651
-176.636690174792	-486.4	0.0701084323729375	0.0699925057076983	-0.176215211214925	-0.174517542350213
-176.636690174792	-460.8	0.0712393123560552	0.0707289340486147	-0.173398605973607	-0.17143630114629
-176.636690174792	-435.2	0.0720628628220148	0.0714364481853103	-0.170201326819498	-0.168117555423567
-176.636690174792	-409.6	0.0727717142309016	0.0721050515163723	-0.167089286762963	-0.164520311225237
-176.636690174792	-384	0.0727736205314145	0.0727222143943435	-0.163026974840549	-0.160590883319974
-176.636690174792	-358.4	0.07393409693088	0.0732734074131122	-0.159371576693989	-0.156260317200197
-176.636690174792	-332.8	0.0740176111372052	0.0737428826871283	-0.155099910129567	-0.151442638812525
-176.636690174792	-307.2	0.0748729765670015	0.0741141290456057	-0.150374313550048	-0.146032495838028
-176.636690174792	-281.6	0.07515070168166	0.0743717661438865	-0.145125028698383	-0.139905546752359
-176.636690174792	-256	0.0755967775689297	0.074503211228867	-0.139444822670599	-0.132923611903039
-176.636690174792	-230.4	0.0759994224550013	0.0745002615791118	-0.133281896660805	-0.124944185727081
-176.636690174792	-204.8	0.0758390453731849	0.0743612753037877	-0.125529479743233	-0.115834407140349
-176.636690174792	-179.2	0.0756171788068825	0.0740918123550789	-0.116773369592364	-0.105488162053535
-176.636690174792	-153.6	0.0751142349006727	0.0737053221016605	-0.106316646101962	-0.0938466211037411
-176.636690174792	-128	0.0743513308858067	0.0732230970030157	-0.0940723243912023	-0.0809130475362206
-176.636690174792	-102.4	0.0734039483660594	0.0726731821757212	-0.079678772074093	-0.0667603515984236
-176.636690174792	-76.8	0.0719832848154531	0.0720880557997627	-0.0627442496510482	-0.0515322569346638
-176.636690174792	-51.2	0.0709168617170341	0.0715002844544037	-0.0436587453029849	-0.0354377891916686
-176.636690174792	-25.6	0.0699197998766301	0.0709390789353788	-0.022978450401013	-0.0187395108030073
-176.636690174792	0	0.0691655493717733	0.0704271496452011	-0.00144309715530659	-0.00173682253073256
-176.636690174792	25.6	0.0686307658227835	0.0699803282881808	0.0203474643174243	0.0152520666064365
-176.636690174792	51.2	0.0682201177327238	0.069607179286026	0.0407134121863211	0.0319096368284755
-176.636690174792	76.8	0.0684174212145534	0.0693077915985737	0.0590296177277619	0.0479402402797645
-176.636690174792	102.4	0.0684963232540535	0.0690743565141743	0.075450460143214	0.0630891074998743
-176.636690174792	128	0.0690081735625746	0.0688911607744595	0.0895833541382651	0.0771587622058969
-176.636690174792	153.6	0.0691666073662446	0.0687368193430629	0.101682479611582	0.090018713647496
-176.636690174792	179.2	0.0692916481926291	0.0685875267784263	0.111996667026748	0.101609779320531
-176.636690174792	204.8	0.0693379788055027	0.0684198150567129	0.120836744317545	0.111942276542995
-176.636690174792	230.4	0.0686905377378895	0.0682129792592434	0.12859586084973	0.121084264463432
-176.636690174792	256	0.0684783534037431	0.0679514727367622	0.135274580630901	0.129144301077069
-176.636690174792	281.6	0.0681506693302942	0.06762699944426	0.141188677063513	0.13625178004714
-176.636690174792	307.2	0.0676165222312375	0.0672389606953651	0.146571321367204	0.142541232902404
-176.636690174792	332.8	0.0670775778979022	0.0667933472137471	0.151451786228128	0.148140616452957
-176.636690174792	358.4	0.0663393073160658	0.0663001192589832	0.156278147453401	0.153163792266556
-176.636690174792	384	0.0658374172254375	0.0657703726996897	0.160299583362517	0.157706663747617
-176.636690174792	409.6	0.065240206744311	0.0652149521086151	0.163995188447663	0.161847151650764
-176.636690174792	435.2	0.0646813207014518	0.0646432973604402	0.167884396921232	0.165648007708713
-176.636690174792	460.8	0.0639460274764208	0.0640636352567343	0.170897457683181	0.169158315451054
-176.636690174792	486.4	0.0634120538281558	0.0634831173468514	0.173803929926355	0.172415734103535
-176.636690174792	512	0.0627246455774979	0.0629077998599457	0.176258812753057	0.175450298962203
-176.636690174792	537.6	0.0623427389111253	0.0623419995383263	0.179677701859049	0.178286395669106
-176.636690174792	563.2	0.0617637622920898	0.0617875808947433	0.182448511185309	0.180944536345469
-176.636690174792	588.8	0.0611840471928213	0.0612449693068984	0.185003264663516	0.183441868737006
-176.636690174792	614.4	0.0606073999375284	0.0607145022497554	0.187286035355242	0.185793926870202
-176.636690174792	640	0.0602351588435608	0.06019657919552	0.189799010765204	0.188015889169721
-176.636690174792	665.6	0.0595308305652122	0.0596914738076276	0.191803932877249	0.19012217967799
-176.636690174792	691.2	0.0590769453222545	0.0591987836336318	0.192891700414618	0.192125575670952
-176.636690174792	716.8	0.0589124996954177	0.0587174812197154	0.194930014377639	0.194035702999533
-176.636690174792	742.4	0.0584785866703111	0.0582466216326348	0.196798688891019	0.195859476059362
-176.636690174792	768	0.0577397268488795	0.0577858715185727	0.198281197802893	0.197604329326179
-176.636690174792	793.6	0.0570696472517846	0.0573346561475481	0.200032672602674	0.19928044112835
-176.636690174792	819.2	0.0569739341315604	0.0568916695220939	0.201469902943031	0.200899474661796
-176.636690174792	844.8	0.0565216654779781	0.0564556605816876	0.202891395673952	0.202471543721966
-176.636690174792	870.4	0.0562395164046794	0.0560268768531064	0.204821066473869	0.20400556538764
-176.636690174792	896	0.0557530083154836	0.0556066451578218	0.206479050223926	0.205508813194236
-176.636690174792	921.6	0.0552191384184285	0.055196599957758	0.207884373109116	0.206985170481657
-176.636690174792	947.2	0.0549013589999427	0.0547975417183869	0.209232819498143	0.208434264004814
-176.636690174792	972.8	0.0541923604954217	0.0544093980434043	0.209862418193683	0.209853723781216
-176.636690174792	998.4	0.0539461002263346	0.0540306859448247	0.211674264961287	0.211242478514624
-176.636690174792	1024	0.0534907075698325	0.0536592901401453	0.213023123162239	0.21259860543583
-176.636690174792	1049.6	0.0530564991274258	0.0532923471179788	0.214332317384953	0.213923910927609
-176.636690174792	1075.2	0.0528205430516313	0.0529267522746785	0.215861478232631	0.215233643030659
-176.636690174792	1100.8	0.0526658235023978	0.0525624192723976	0.217364979097631	0.216525545597854
-176.636690174792	1126.4	0.052113983684582	0.052200394027441	0.218476163342237	0.217811028988391
-176.636690174792	1152	0.0522731020579274	0.0518388794641153	0.219405093208794	0.219081420181682
-176.636690174792	1177.6	0.0518034604157368	0.0514809543087652	0.220305305492734	0.220345001796105
-176.636690174792	1203.2	0.0513714389915482	0.0511184177272467	0.221064200110505	0.221595163624163
-176.636690174792	1228.8	0.0509718710721991	0.0507553436200452	0.222620089479526	0.222838747212825
-176.636690174792	1254.4	0.0505595875200916	0.0503916072057849	0.224873207498349	0.22407684487993
-164.019783733735	-1254.4	0.0524982705215003	0.0519233123852111	-0.224771414320127	-0.224260783349291
-164.019783733735	-1228.8	0.0525114697310512	0.0524149667898463	-0.222767375183176	-0.222952575917081
-164.019783733735	-1203.2	0.0526195268874888	0.05291974877944	-0.222042193385642	-0.221643903184078
-164.019783733735	-1177.6	0.0533699769245881	0.0534294559086066	-0.220210099746117	-0.220323886883108
-164.019783733735	-1152	0.053577386647603	0.0539507705681461	-0.218981306909392	-0.218996932570994
-164.019783733735	-1126.4	0.0538297942357636	0.0544828655273237	-0.217734197966091	-0.217667119685958
-164.019783733735	-1100.8	0.0547337791991644	0.0550343555180832	-0.216896078716961	-0.216329213276853
-164.019783733735	-1075.2	0.0547974795281103	0.0555939162353592	-0.214662976205831	-0.21499039154858
-164.019783733735	-1049.6	0.0555484026865958	0.0561737767535866	-0.213138587887479	-0.213647814162853
-164.019783733735	-1024	0.0565491867362553	0.0567698127779964	-0.211958542719702	-0.212302213508823
-164.019783733735	-998.4	0.0574547295580885	0.0573911277682774	-0.210982239502514	-0.210951842621858
-164.019783733735	-972.8	0.0578563822611878	0.0580322321579586	-0.209536744199845	-0.209594790945069
-164.019783733735	-947.2	0.0584516118243745	0.0586857720137046	-0.208300392452002	-0.208229623489975
-164.019783733735	-921.6	0.0591111356977284	0.0593464396214481	-0.207140909027462	-0.206852721085975
-164.019783733735	-896	0.0595494719519747	0.0600102055991508	-0.205281304533685	-0.205459872888553
-164.019783733735	-870.4	0.0603817057858619	0.060675818157609	-0.203852736303909	-0.204046409926638
-164.019783733735	-844.8	0.0612358737466319	0.0613449984716222	-0.202746590976929	-0.20260723730196
-164.019783733735	-819.2	0.0617241334526153	0.0620206489937449	-0.20125131194953	-0.201134392962173
-164.019783733735	-793.6	0.0627486804915189	0.0627047483922449	-0.199935708778241	-0.199615159899077
-164.019783733735	-768	0.0628378673839514	0.0633991514089503	-0.197764720104911	-0.198036279280872
-164.019783733735	-742.4	0.0639050811004632	0.0641065368741466	-0.196729387547648	-0.196387470588549
-164.019783733735	-716.8	0.0646560641172665	0.0648295584992818	-0.195362185230272	-0.19466200943533
-164.019783733735	-691.2	0.0653838857856788	0.0655705823869634	-0.193730885977353	-0.19285397657272
-164.019783733735	-665.6	0.0660812187614642	0.0663308206771838	-0.192430007159429	-0.190954805050523
-164.019783733735	-640	0.0668272268071954	0.0671092031000497	-0.190379692339778	-0.188952972669435
-164.019783733735	-614.4	0.0677751844864667	0.0679029471699959	-0.188299167308138	-0.186836691933512
-164.019783733735	-588.8	0.0685881501797798	0.0687080873060766	-0.185978650072593	-0.184595401174676
-164.019783733735	-563.2	0.0695006690701694	0.0695187531044548	-0.183306075012111	-0.182217574259793
-164.019783733735	-537.6	0.0704074436135083	0.0703286192934953	-0.180833171025691	-0.17969006583629
-164.019783733735	-512	0.0710963789084872	0.0711310170690913	-0.177628748251965	-0.176997522746796
-164.019783733735	-486.4	0.0721460221461658	0.0719185644699303	-0.175532947554014	-0.174121740138085
-164.019783733735	-460.8	0.0728960131379522	0.0726844957165373	-0.172834942750406	-0.171041119908205
-164.019783733735	-435.2	0.0739797792180191	0.0734211157418628	-0.169784920291164	-0.167726489818951
-164.019783733735	-409.6	0.074662550482327	0.0741186147578071	-0.16636708449673	-0.16413826636293
-164.019783733735	-384	0.0748877632490033	0.0747648115476616	-0.162726066844231	-0.160224134443255
-164.019783733735	-358.4	0.0759040191317714	0.0753452705411051	-0.158832970558868	-0.155916196411447
-164.019783733735	-332.8	0.076239401797072	0.0758437957998232	-0.154602633579693	-0.15112876559608
-164.019783733735	-307.2	0.0769155220040028	0.0762433363336405	-0.149995042066728	-0.145755985128094
-164.019783733735	-281.6	0.0772849221260117	0.0765282015180403	-0.14497443745393	-0.139672816071976
-164.019783733735	-256	0.0777309004253628	0.0766853296923489	-0.139262650675514	-0.13273957067741
-164.019783733735	-230.4	0.0780976139540117	0.0767059562312866	-0.133020507855042	-0.124810795722093
-164.019783733735	-204.8	0.078030019522262	0.0765880493371564	-0.125259716220127	-0.115749517183738
-164.019783733735	-179.2	0.0779073784823694	0.0763368432003778	-0.116676085087389	-0.105445133048396
-164.019783733735	-153.6	0.0776778134486836	0.0759655793692647	-0.106600243435824	-0.0938348126420276
-164.019783733735	-128	0.0765620929882633	0.0754957428836266	-0.0942548274199007	-0.0809192082921554
-164.019783733735	-102.4	0.0755671474297581	0.0749555713771143	-0.0800740216220057	-0.066770059127075
-164.019783733735	-76.8	0.0742121373491484	0.0743772451777062	-0.0629045961621565	-0.0515315719316428
-164.019783733735	-51.2	0.0733212692695657	0.0737923865501027	-0.0439097977110087	-0.0354146479834371
-164.019783733735	-25.6	0.0722157014653788	0.0732289439743922	-0.0230908978520588	-0.0186850478016014
-164.019783733735	0	0.0713688932377508	0.07270893821731	-0.00111456051074913	-0.00164637817738976
-164.019783733735	25.6	0.0707660414344349	0.0722484288863752	0.0207472309291906	0.0153788016315072
-164.019783733735	51.2	0.0703598673941318	0.0718568304015793	0.0411829982452592	0.0320688244277825
-164.019783733735	76.8	0.0706959958724697	0.0715354964048545	0.0595450964138411	0.0481242412730378
-164.019783733735	102.4	0.0707672211704935	0.0712778129003759	0.0761859830687078	0.0632871082957695
-164.019783733735	128	0.0713025881364764	0.0710690686458659	0.0902645032418471	0.0773575620321795
-164.019783733735	153.6	0.0714310521336129	0.0708884222212844	0.10228376323419	0.0902039798268889
-164.019783733735	179.2	0.0714208785389678	0.0707123727105706	0.112266127861423	0.101767443066768
-164.019783733735	204.8	0.0709516860810434	0.0705176666591506	0.12108309034132	0.112059993979602
-164.019783733735	230.4	0.0706834741161379	0.0702837615718553	0.128583120067617	0.121152558971205
-164.019783733735	256	0.0704873143119907	0.0699951710905437	0.135197204465504	0.129157550639425
-164.019783733735	281.6	0.0699837243955338	0.0696438616673742	0.141033530398053	0.136208806339427
-164.019783733735	307.2	0.0695801145297355	0.0692295942790306	0.146431913023385	0.142444970952947
-164.019783733735	332.8	0.0690901164049979	0.0687586123552673	0.151359900263192	0.14799698414623
-164.019783733735	358.4	0.0682375253455205	0.0682410208634304	0.155944178518771	0.152980273807097
-164.019783733735	384	0.0677876423203463	0.0676881106250724	0.160037059926954	0.157491097627063
-164.019783733735	409.6	0.0671396026522148	0.06711058173549	0.163674635871172	0.16160673283803
-164.019783733735	435.2	0.0665160586724569	0.0665173560917609	0.167265058750568	0.165388633714542
-164.019783733735	460.8	0.065824324832996	0.0659160529751926	0.170292058303954	0.168884513175039
-164.019783733735	486.4	0.0651160062478019	0.0653135566904359	0.173227479967988	0.172131297888332
-164.019783733735	512	0.064517010305785	0.0647160549255432	0.176036936803818	0.175158422971632
-164.019783733735	537.6	0.0640100149622456	0.0641282899810985	0.178904525221015	0.177989923505294
-164.019783733735	563.2	0.0634418538816954	0.063552519901259	0.181897946794183	0.180645970762086
-164.019783733735	588.8	0.0628802333955467	0.062989469369519	0.184467560824483	0.183143272685386
-164.019783733735	614.4	0.0623162387250366	0.0624394299144463	0.186603012823705	0.185496881793448
-164.019783733735	640	0.0618952369762818	0.0619025081342909	0.189120799168758	0.187721500143679
-164.019783733735	665.6	0.0612921243927272	0.0613786341248242	0.191601428607434	0.189831398654066
-164.019783733735	691.2	0.0606981524853842	0.0608670350271815	0.192669435883311	0.191839264088541
-164.019783733735	716.8	0.0604397229431607	0.060366520070729	0.194459359754762	0.193754352476321
-164.019783733735	742.4	0.0598466227229075	0.0598764684461223	0.196430472734005	0.195583450176862
-164.019783733735	768	0.0592489392396194	0.0593969097445624	0.197612315772294	0.197333979168762
-164.019783733735	793.6	0.0586594020875811	0.0589274608669979	0.199627576485824	0.199015727666237
-164.019783733735	819.2	0.058531856264368	0.0584667800537903	0.200974234975397	0.200639924980645
-164.019783733735	844.8	0.0581582475986866	0.0580138716420051	0.202789843597942	0.202217174630972
-164.019783733735	870.4	0.0577435054160049	0.0575692325126473	0.204355421876768	0.203757004791374
-164.019783733735	896	0.0573025345181336	0.0571341895387633	0.205878334163711	0.20526630823817
-164.019783733735	921.6	0.0568156109746293	0.0567100252102015	0.207456245006214	0.206747876481082
-164.019783733735	947.2	0.0561246110914762	0.0562971899623841	0.20842868640451	0.208200921634184
-164.019783733735	972.8	0.0558248855913864	0.0558955442663741	0.209468959306998	0.209623452912652
-164.019783733735	998.4	0.0555810704536817	0.0555037166726289	0.211302028232996	0.211015062291607
-164.019783733735	1024	0.0550652298431984	0.0551195283424848	0.212726176891387	0.212373802468658
-164.019783733735	1049.6	0.0544640442955243	0.0547401926452086	0.213864649208466	0.21370133136845
-164.019783733735	1075.2	0.0540736408167624	0.0543629097559658	0.215221214314883	0.215014137311838
-164.019783733735	1100.8	0.0539863699641339	0.0539878203385787	0.217418334093271	0.216308125516603
-164.019783733735	1126.4	0.0535425690741904	0.053615152976559	0.218502383392334	0.217597271059015
-164.019783733735	1152	0.0533610107504078	0.0532424890148051	0.218933149395612	0.218870288068403
-164.019783733735	1177.6	0.0528673904588069	0.0528697619040251	0.219894815775358	0.220135298234226
-164.019783733735	1203.2	0.0526409561088603	0.0524982614305538	0.22134409662981	0.221393092276165
-164.019783733735	1228.8	0.0521904204084538	0.0521209617884069	0.222705646243899	0.222641762441656
-164.019783733735	1254.4	0.0518533827385582	0.0517457350800126	0.224184739332077	0.223887007439842
-151.402877292679	-1254.4	0.0542721358099517	0.0532725006401412	-0.224733404419906	-0.22404081368545
-151.402877292679	-1228.8	0.0542450539176107	0.0537793803147144	-0.222513149233735	-0.222731595899338
-151.402877292679	-1203.2	0.0543992320102257	0.0542941122768016	-0.221439148521471	-0.221417461585872
-151.402877292679	-1177.6	0.0548650298726982	0.0548181751295311	-0.220168609407259	-0.220097212026023
-151.402877292679	-1152	0.0552018034574953	0.0553536472627786	-0.218592971261449	-0.218773761344947
-151.402877292679	-1126.4	0.0549930512531607	0.0558995553171082	-0.216889289156326	-0.217444004066547
-151.402877292679	-1100.8	0.0557282193768143	0.0564599230766753	-0.216612907886881	-0.216107230263836
-151.402877292679	-1075.2	0.0563849590292843	0.0570330799292701	-0.214897447935166	-0.214766462529324
-151.402877292679	-1049.6	0.0569955358295384	0.0576267879796243	-0.213354631749052	-0.213420633489826
-151.402877292679	-1024	0.0577739185213421	0.0582358566757061	-0.212005979521572	-0.212071218672882
-151.402877292679	-998.4	0.0585751237750048	0.0588695121197498	-0.210638636532254	-0.21071561081232
-151.402877292679	-972.8	0.0593747662096189	0.0595226940278492	-0.209201091268731	-0.209352206852927
-151.402877292679	-947.2	0.0602062672476504	0.0601885996005038	-0.208077475801316	-0.207979615551554
-151.402877292679	-921.6	0.0609209795315575	0.0608626847282524	-0.207005166648352	-0.206594394091741
-151.402877292679	-896	0.0611086131619913	0.0615417369832675	-0.205006117143419	-0.205192828544372
-151.402877292679	-870.4	0.0619285458942101	0.0622248039411001	-0.203458363583651	-0.203770767610183
-151.402877292679	-844.8	0.062735907323017	0.0629131770878137	-0.202224310341716	-0.202323192438348
-151.402877292679	-819.2	0.0633045649774854	0.0636090362795593	-0.200913398654127	-0.200841743254294
-151.402877292679	-793.6	0.0644153847365165	0.0643139895501972	-0.199719575725831	-0.199313003307772
-151.402877292679	-768	0.0642189757141818	0.0650296572398902	-0.197384874625247	-0.197723300315234
-151.402877292679	-742.4	0.0655301931857533	0.0657588117871503	-0.196404791333305	-0.196062939144018
-151.402877292679	-716.8	0.0664317949378195	0.0665043025808019	-0.195080883291705	-0.194325719007268
-151.402877292679	-691.2	0.0672124419057485	0.0672687515279759	-0.19377586166252	-0.192505865608904
-151.402877292679	-665.6	0.0679749582308785	0.0680538649555939	-0.19226752812631	-0.190595615875139
-151.402877292679	-640	0.0687182207954885	0.0688585918073196	-0.189824875346465	-0.188583876649744
-151.402877292679	-614.4	0.0695715937461255	0.06967972056304	-0.188057537524733	-0.186458328942131
-151.402877292679	-588.8	0.0703977270598286	0.0705129510197025	-0.18569493680292	-0.18420783820624
-151.402877292679	-563.2	0.0718240547939253	0.0713525287459638	-0.183151547310722	-0.181821002762826
-151.402877292679	-537.6	0.0722795063690443	0.0721921868081967	-0.180434660281799	-0.179285729761324
-151.402877292679	-512	0.0732353210036883	0.0730248940401294	-0.177593197162143	-0.176587800430858
-151.402877292679	-486.4	0.0742107293229483	0.0738426252094858	-0.175313654485288	-0.173709320818234
-151.402877292679	-460.8	0.074742234366352	0.074638219611901	-0.172196631255591	-0.170628778953697
-151.402877292679	-435.2	0.0757532267176697	0.0754039879078958	-0.169326701753024	-0.16731770446815
-151.402877292679	-409.6	0.0765265173113543	0.0761303026153083	-0.165717064818955	-0.163737871486649
-151.402877292679	-384	0.0772104065322804	0.0768053863775405	-0.16240755353432	-0.159838343446263
-151.402877292679	-358.4	0.0779364702224783	0.0774149174583123	-0.158690926946585	-0.155552307302294
-151.402877292679	-332.8	0.0785533875528088	0.0779423059761821	-0.154288213226667	-0.150794438906694
-151.402877292679	-307.2	0.0791178153346581	0.0783701235545922	-0.149709528762723	-0.145458610468049
-151.402877292679	-281.6	0.0794891383030769	0.07868254385473	-0.144934498016463	-0.139419246941388
-151.402877292679	-256	0.0798425567252921	0.0788661115781747	-0.138986015089315	-0.132535140308968
-151.402877292679	-230.4	0.0801918815488156	0.0789114752764886	-0.132498800463227	-0.124657802222919
-151.402877292679	-204.8	0.0801448893916038	0.0788160347766685	-0.125137114682347	-0.115646050669188
-151.402877292679	-179.2	0.0803009862563875	0.0785845485730385	-0.116767978316788	-0.105384747460437
-151.402877292679	-153.6	0.0799809756661638	0.0782301804215605	-0.106717825265031	-0.0938071889603568
-151.402877292679	-128	0.0788739509376057	0.0777745388271544	-0.0944914549181175	-0.0809111448658437
-151.402877292679	-102.4	0.0777093160272167	0.0772460260878688	-0.080143430236327	-0.066767265653614
-151.402877292679	-76.8	0.0764508379718696	0.0766763199766745	-0.06311925770724	-0.0515202758351522
-151.402877292679	-51.2	0.0757878106339966	0.0760959836546813	-0.0440869269070681	-0.0353828500134745
-151.402877292679	-25.6	0.0743970269735682	0.075531652882295	-0.0232707983784157	-0.018623824446892
-151.402877292679	0	0.0734189959708395	0.0750046075237784	-0.00109247289614279	-0.00155098383319506
-151.402877292679	25.6	0.0729147361102764	0.0745309356399702	0.0210083202781937	0.0155088587716661
-151.402877292679	51.2	0.0724698650661242	0.0741208581408129	0.0417861742010212	0.0322301758823508
-151.402877292679	76.8	0.0726637076923401	0.0737770379071159	0.0601839187448728	0.0483098648599251
-151.402877292679	102.4	0.0730498554567313	0.0734942121391618	0.0769604178697044	0.0634868212122597
-151.402877292679	128	0.0734062882128926	0.0732589241382824	0.0908987913489026	0.0775584425192271
-151.402877292679	153.6	0.0736105313551359	0.07305103170719	0.102628882203347	0.0903916552702795
-151.402877292679	179.2	0.073472184735973	0.0728473799464296	0.112483719917843	0.101927720268373
-151.402877292679	204.8	0.0731654133591077	0.0726249712667979	0.121069403942625	0.112179992276302
-151.402877292679	230.4	0.072804032200571	0.0723633334102175	0.12851175091011	0.121222380132598
-151.402877292679	256	0.0726444680550313	0.0720470565817986	0.135243436455955	0.129171219728944
-151.402877292679	281.6	0.0719904669898446	0.0716683465672705	0.141055605162135	0.136165070910203
-151.402877292679	307.2	0.0715956557131126	0.0712272643475158	0.146385221251885	0.142346828461588
-151.402877292679	332.8	0.0711854758924821	0.0707302341889593	0.151464984371974	0.147850307562969
-151.402877292679	358.4	0.0702458481440518	0.0701876038401607	0.155751297690277	0.152792543563971
-151.402877292679	384	0.0697092443489405	0.0696108641809694	0.159763921172125	0.157270298508901
-151.402877292679	409.6	0.0689750396235466	0.0690105625325657	0.163183145676889	0.161360094146461
-151.402877292679	435.2	0.0683847942585364	0.0683951579819542	0.166916574161047	0.165121875062385
-151.402877292679	460.8	0.0678658696876609	0.0677717545984111	0.170691706419649	0.168602156517757
-151.402877292679	486.4	0.0671372548701151	0.0671469729094065	0.173556199123829	0.171837304650908
-151.402877292679	512	0.0663261355682005	0.0665270858422592	0.175922359497028	0.174856324494442
-151.402877292679	537.6	0.0656743208702065	0.0659171255026292	0.178312537323673	0.177682791556997
-151.402877292679	563.2	0.0651553394515149	0.0653197422359087	0.181341695165522	0.180336418977236
-151.402877292679	588.8	0.0646608350042812	0.064735957477359	0.184028814889723	0.182833539146711
-151.402877292679	614.4	0.0640195044478813	0.0641660181837198	0.185922178129713	0.185188747359146
-151.402877292679	640	0.0635219825757425	0.0636098148454097	0.188345805641497	0.187416264601021
-151.402877292679	665.6	0.0629676757246551	0.0630669177624286	0.190905222056997	0.189529915415064
-151.402877292679	691.2	0.0623269692898771	0.0625363073235333	0.192361900172166	0.19154216348043
-151.402877292679	716.8	0.0617879771511839	0.06201673430393	0.193978165540564	0.193461968220562
-151.402877292679	742.4	0.0612591955601917	0.0615078303433035	0.195973827565822	0.195296236435195
-151.402877292679	768	0.0607510593698341	0.0610099125837503	0.196946577027325	0.197052743228887
-151.402877292679	793.6	0.0602799485109956	0.0605226808043186	0.199153761077296	0.198741084941368
-151.402877292679	819.2	0.0600880974009709	0.0600447142016835	0.200473539899909	0.200371746414755
-151.402877292679	844.8	0.0597558076377459	0.0595752017949747	0.20236408137146	0.201955298563283
-151.402877292679	870.4	0.0592491895999152	0.0591147231806472	0.203844680053823	0.203501545293992
-151.402877292679	896	0.0587540285478639	0.0586644506827838	0.205188150157882	0.20501695148433
-151.402877292679	921.6	0.0583200376239847	0.0582254787249808	0.207131738480926	0.20650347055892
-151.402877292679	947.2	0.057342680954551	0.0577983084314175	0.207607845251885	0.207960250982175
-151.402877292679	972.8	0.0574583875915514	0.0573826904666344	0.20907526497423	0.209385736769702
-151.402877292679	998.4	0.0571882738822905	0.0569771917632614	0.210955840620447	0.210780056618317
-151.402877292679	1024	0.0565194426513009	0.0565796836019446	0.212313732082816	0.212141266991417
-151.402877292679	1049.6	0.0557949287241162	0.056187593676971	0.213199074040496	0.213470961620584
-151.402877292679	1075.2	0.0553415122692274	0.0557982095558249	0.214348327644116	0.214785894701572
-151.402877292679	1100.8	0.0554828231116948	0.0554116996279207	0.217132408822001	0.216084079922726
-151.402877292679	1126.4	0.0549743604761442	0.0550271272449691	0.21852866228512	0.217372930514629
-151.402877292679	1152	0.0543090776525593	0.0546425625710409	0.21823564232719	0.218649639717619
-151.402877292679	1177.6	0.0540995466276022	0.0542569512959507	0.219992158035613	0.219918051485469
-151.402877292679	1203.2	0.0538820777470888	0.0538727374395463	0.221617110403058	0.221181142745435
-151.402877292679	1228.8	0.0533797676520554	0.0534880050643501	0.222246968363574	0.222437714122821
-151.402877292679	1254.4	0.0530096851989693	0.0531003359476965	0.223366062966747	0.223689813340051
-138.785970851622	-1254.4	0.0552462853778323	0.0546207873532768	-0.224240151163567	-0.223812264546081
-138.785970851622	-1228.8	0.0554252388523013	0.0551380200203935	-0.222823798365079	-0.222498414545904
-138.785970851622	-1203.2	0.0558311532632585	0.0556670905158465	-0.221005786191155	-0.221181926482705
-138.785970851622	-1177.6	0.0560670944649686	0.0562075139988431	-0.2197868263075	-0.219863128195315
-138.785970851622	-1152	0.0562861837245627	0.0567573031648394	-0.21785862838042	-0.218540898387516
-138.785970851622	-1126.4	0.0561538948949955	0.0573190628584656	-0.216040247057278	-0.217210476379026
-138.785970851622	-1100.8	0.0572550164067945	0.057892258880877	-0.216164755970386	-0.215875815556916
-138.785970851622	-1075.2	0.05832919383739	0.0584759453025868	-0.215458147408158	-0.214536132246458
-138.785970851622	-1049.6	0.0587652796857803	0.059081246792761	-0.213516155833884	-0.213188399176047
-138.785970851622	-1024	0.0596301456734623	0.059703183300202	-0.211935007037653	-0.211835685789883
-138.785970851622	-998.4	0.0600293162877445	0.0603489614580814	-0.21044788011535	-0.210474867396181
-138.785970851622	-972.8	0.0607920402770616	0.0610137675162902	-0.208919100996921	-0.209104306698576
-138.785970851622	-947.2	0.0617153810858723	0.0616912656983941	-0.207871185848266	-0.207722715392053
-138.785970851622	-921.6	0.0626948324149383	0.0623779156014994	-0.207209171539749	-0.206327571820604
-138.785970851622	-896	0.0625168663053663	0.0630715477657574	-0.204686581601468	-0.204916043048237
-138.785970851622	-870.4	0.0635070886960967	0.0637716774958355	-0.203354152419328	-0.203484508105468
-138.785970851622	-844.8	0.0645095799558355	0.0644792316081195	-0.201944346267533	-0.202027893434984
-138.785970851622	-819.2	0.0650606111878918	0.0651955662733052	-0.200594975772452	-0.200537171935916
-138.785970851622	-793.6	0.066193490235005	0.0659220528933839	-0.199464980488985	-0.198998822366932
-138.785970851622	-768	0.0661934645659433	0.0666602420704974	-0.197369638878884	-0.19739915885272
-138.785970851622	-742.4	0.0671627103538078	0.0674124666938429	-0.196189303397891	-0.195728331063184
-138.785970851622	-716.8	0.0682009448507622	0.0681814068800722	-0.195100697304268	-0.19398019266614
-138.785970851622	-691.2	0.0689982812532723	0.0689697432958989	-0.193712245025015	-0.192148937883353
-138.785970851622	-665.6	0.069815178210764	0.0697795006188168	-0.19165819779013	-0.190227459787029
-138.785970851622	-640	0.070614890710739	0.0706098338291061	-0.189226578097283	-0.188205314478209
-138.785970851622	-614.4	0.0713895749579273	0.0714573394543736	-0.187577052705098	-0.186069858266358
-138.785970851622	-588.8	0.0722196249433695	0.0723175330211472	-0.185022536780577	-0.183809149864973
-138.785970851622	-563.2	0.0735540821478252	0.0731850197201885	-0.182684557394091	-0.181411983325992
-138.785970851622	-537.6	0.0741443214398568	0.0740536975158226	-0.180073361226326	-0.178867514618822
-138.785970851622	-512	0.0751547483138248	0.0749161746221689	-0.177423257104749	-0.176162744596164
-138.785970851622	-486.4	0.076239175373288	0.0757639286977774	-0.175133771277827	-0.173280438389539
-138.785970851622	-460.8	0.0767056114538173	0.0765892155663171	-0.171908448762786	-0.170199206617032
-138.785970851622	-435.2	0.0775156403950864	0.0773840972138606	-0.16852738739511	-0.166891198100864
-138.785970851622	-409.6	0.078373766363697	0.0781392198767985	-0.16517488821827	-0.163319349202658
-138.785970851622	-384	0.0793348181364984	0.0788431742727186	-0.161946542730884	-0.159433905607701
-138.785970851622	-358.4	0.0800123825488095	0.0794817262041495	-0.158629159173328	-0.155168998656985
-138.785970851622	-332.8	0.0808524685872285	0.0800380779321391	-0.153982686803777	-0.150439946021988
-138.785970851622	-307.2	0.081411985760912	0.0804946333580236	-0.1495799363812	-0.145140694520412
-138.785970851622	-281.6	0.0817359792803068	0.0808354651806983	-0.144741433123179	-0.139145084465573
-138.785970851622	-256	0.0818951689575466	0.0810466938843629	-0.138553948258304	-0.132310357484872
-138.785970851622	-230.4	0.082310521416796	0.0811185889997932	-0.132232152082614	-0.124485226713547
-138.785970851622	-204.8	0.0823962521118915	0.0810477583986773	-0.125049553678506	-0.115524160939321
-138.785970851622	-179.2	0.0824129409156103	0.0808384045177295	-0.116529841070348	-0.105307453494131
-138.785970851622	-153.6	0.0821135045123391	0.0805035454797126	-0.106767369202514	-0.0937644698403918
-138.785970851622	-128	0.0811163731345197	0.080064750828079	-0.0947237186042583	-0.0808899071644083
-138.785970851622	-102.4	0.0800227912437168	0.0795503512460166	-0.0804470383263321	-0.0667531436768795
-138.785970851622	-76.8	0.078766599772521	0.0789912961671408	-0.0635407018833541	-0.0514993431985932
-138.785970851622	-51.2	0.0779134347276574	0.0784170846617939	-0.0442304916966621	-0.0353431521539992
-138.785970851622	-25.6	0.0766424896489227	0.0778532217581334	-0.0233952700094133	-0.0185566838965566
-138.785970851622	0	0.0758155476439561	0.0773202657548167	-0.00103039758178184	-0.00145190584466373
-138.785970851622	25.6	0.0751414526814406	0.0768341346712835	0.0213177533726044	0.0156404986791666
-138.785970851622	51.2	0.074600696038484	0.0764055761284823	0.042277552093187	0.0323914902697994
-138.785970851622	76.8	0.0746205884739399	0.0760385639434579	0.0606747137374766	0.0484944985739778
-138.785970851622	102.4	0.0752847431818144	0.0757294309258865	0.077369254926319	0.0636852768928611
-138.785970851622	128	0.075730748785042	0.0754661967671686	0.0914113543559384	0.0777584145554947
-138.785970851622	153.6	0.0758020393432595	0.0752296326442731	0.102898815510432	0.0905790333925667
-138.785970851622	179.2	0.0755574300353982	0.074997101953151	0.112641796685796	0.102088182809443
-138.785970851622	204.8	0.0752017484529617	0.0747458012217594	0.121140936232889	0.112300265929774
-138.785970851622	230.4	0.0747980453665164	0.0744552411025446	0.128440281155518	0.121292102398777
-138.785970851622	256	0.0746558845106154	0.0741100830653621	0.135205802020709	0.129184188247429
-138.785970851622	281.6	0.0741230502670556	0.0737028119852374	0.141043196786026	0.136119994333602
-138.785970851622	307.2	0.0734588402490814	0.0732337208114432	0.146290077096148	0.142246651187909
-138.785970851622	332.8	0.0731769090219968	0.0727094711302231	0.151283716201142	0.147700723964336
-138.785970851622	358.4	0.0722697293098416	0.0721407496557109	0.155742438078867	0.152600932568306
-138.785970851622	384	0.0717480511775344	0.071539147637155	0.159613064830613	0.157044525548132
-138.785970851622	409.6	0.0709914703232519	0.0709150484953983	0.163184646657535	0.16110725690894
-138.785970851622	435.2	0.0703229994620935	0.0702766221857805	0.166722581868685	0.164847727860323
-138.785970851622	460.8	0.0697917654777607	0.069630530437863	0.170251747454156	0.168311289080852
-138.785970851622	486.4	0.069077100721557	0.06898309938371	0.173392002321551	0.171533655573064
-138.785970851622	512	0.0682349253875183	0.0683405984377997	0.175664561295112	0.174543623116689
-138.785970851622	537.6	0.067390811983001	0.0677082469562318	0.17795517229837	0.177364419757073
-138.785970851622	563.2	0.0668811974778084	0.0670890253729339	0.180635138156232	0.180015244293444
-138.785970851622	588.8	0.0663219975894014	0.0664842182300239	0.183400934310273	0.182512062431197
-138.785970851622	614.4	0.0657074021787303	0.065894037312806	0.185560390091426	0.184868997405808
-138.785970851622	640	0.0652000290357461	0.0653181462712031	0.187929580047969	0.187099637835666
-138.785970851622	665.6	0.064661434801508	0.064755839209332	0.190254616788265	0.189217266671583
-138.785970851622	691.2	0.0640445373043444	0.0642060593574773	0.192005853005896	0.191233937604105
-138.785970851622	716.8	0.0634425354850269	0.0636676406259164	0.193834162172169	0.193158382658829
-138.785970851622	742.4	0.0629062734483136	0.0631403757271223	0.195687144739968	0.194997934697667
-138.785970851622	768	0.0624189150719943	0.0626247084585883	0.196850639438556	0.196760889465654
-138.785970851622	793.6	0.0619113524226232	0.0621203321746237	0.198859183247791	0.198456727196774
-138.785970851622	819.2	0.0616346334739275	0.0616257491614788	0.200095935702035	0.200095144858355
-138.785970851622	844.8	0.0613340106038299	0.0611400506722228	0.202083233782609	0.201685945565179
-138.785970851622	870.4	0.0608679686822484	0.0606636392700498	0.203702709976649	0.203238674744592
-138.785970851622	896	0.060189175540947	0.0601975821888135	0.205010672052604	0.204759689680246
-138.785970851622	921.6	0.0599545498240227	0.0597430249675721	0.207042187169122	0.206250629373439
-138.785970851622	947.2	0.0589645539014687	0.059300794694882	0.207455226011837	0.207710692997935
-138.785970851622	972.8	0.0590133599376093	0.0588706146567579	0.208865438368726	0.209138754819374
-138.785970851622	998.4	0.0586727557559544	0.0584509486416213	0.210647644800583	0.210535395183929
-138.785970851622	1024	0.0580401935108681	0.0580398059937571	0.212156711297825	0.211899003026086
-138.785970851622	1049.6	0.0570749531176752	0.057634781790803	0.212926123802676	0.213231314387986
-138.785970851622	1075.2	0.0569445758920104	0.0572330028928141	0.214289029298304	0.214546893657981
-138.785970851622	1100.8	0.056993265524784	0.0568341690624911	0.216766352043142	0.215844802217774
-138.785970851622	1126.4	0.0566305093095669	0.056436125730181	0.218024605052294	0.217135565058213
-138.785970851622	1152	0.0559815603396253	0.0560394203037652	0.217768415035212	0.218419463874065
-138.785970851622	1177.6	0.0556839323451415	0.0556423356604279	0.219861534077977	0.219693270761567
-138.785970851622	1203.2	0.0553072021093426	0.055246171942773	0.220840911367629	0.220961872691441
-138.785970851622	1228.8	0.0548748158037262	0.0548513855585257	0.222023757455677	0.222225716246987
-138.785970851622	1254.4	0.054447157213932	0.0544577884152211	0.223489236828888	0.223485273004427
-126.169064410566	-1254.4	0.056175522918625	0.0559711989051927	-0.223726873035409	-0.223578959201603
-126.169064410566	-1228.8	0.0565363736088431	0.056502447623889	-0.223179616300987	-0.222263432877506
-126.169064410566	-1203.2	0.0571086055376916	0.0570453082402077	-0.220849285556193	-0.220945378703165
-126.169064410566	-1177.6	0.0573255693684124	0.0575991905456211	-0.219311185269278	-0.219625030118659
-126.169064410566	-1152	0.0573344383317097	0.0581632851001976	-0.217337597838438	-0.218299876878879
-126.169064410566	-1126.4	0.0578734811597386	0.0587385451465142	-0.21595009527813	-0.216970720992369
-126.169064410566	-1100.8	0.0588680718174669	0.0593228427513407	-0.215747622581947	-0.21563821995261
-126.169064410566	-1075.2	0.0598272676988775	0.0599254576543328	-0.215052788571847	-0.214296124970699
-126.169064410566	-1049.6	0.060319575394588	0.0605429389437138	-0.213131226839509	-0.212947536493493
-126.169064410566	-1024	0.0614186877256996	0.0611740594156419	-0.21173392960841	-0.211593580270767
-126.169064410566	-998.4	0.0618999409373409	0.0618303989342122	-0.210323276083765	-0.210228477381259
-126.169064410566	-972.8	0.0622886951199173	0.0625067370450279	-0.20875089006942	-0.208850170010957
-126.169064410566	-947.2	0.0631172154380486	0.0631955398163848	-0.207609384654268	-0.20745852166104
-126.169064410566	-921.6	0.064462803221002	0.0638942702633279	-0.207449268656637	-0.206052193093718
-126.169064410566	-896	0.0643529287787886	0.0646019845236269	-0.204749807118677	-0.204629553832934
-126.169064410566	-870.4	0.0652338733422387	0.0653187659055166	-0.203536253925246	-0.203187430282392
-126.169064410566	-844.8	0.0662199339601627	0.0660453367572612	-0.201938134365993	-0.201720457201507
-126.169064410566	-819.2	0.066944102832334	0.0667823808002899	-0.200368442279441	-0.20021914266887
-126.169064410566	-793.6	0.0679102008162316	0.0675309142357795	-0.199105322817545	-0.198670312830377
-126.169064410566	-768	0.068325245032214	0.0682924113282497	-0.19748354549314	-0.197060601791868
-126.169064410566	-742.4	0.0688405164419119	0.0690687160799848	-0.195991362416788	-0.195379540130324
-126.169064410566	-716.8	0.0697269967151102	0.0698619328351218	-0.194584100113218	-0.193620302948833
-126.169064410566	-691.2	0.0707750814430159	0.0706744660482337	-0.19330985454338	-0.191777080709396
-126.169064410566	-665.6	0.0715975647504862	0.0715083705947489	-0.191148708494114	-0.189843132480879
-126.169064410566	-640	0.0724431539454952	0.0723632045011451	-0.188858860149806	-0.187808859937402
-126.169064410566	-614.4	0.0730768765801788	0.0732356807434594	-0.186799609567824	-0.185661702281457
-126.169064410566	-588.8	0.0740782330385667	0.0741213679863217	-0.184299030268315	-0.183389344794716
-126.169064410566	-563.2	0.0751981748058733	0.0750153250341594	-0.182258208049218	-0.180980682113614
-126.169064410566	-537.6	0.0759788401091151	0.0759116156932471	-0.179483810307079	-0.178425526722688
-126.169064410566	-512	0.0772779645052465	0.0768027509135497	-0.177131997985835	-0.175712079766446
-126.169064410566	-486.4	0.0779817517197901	0.0776797948576507	-0.174398421992428	-0.172823952700734
-126.169064410566	-460.8	0.0788028770458588	0.078534237267352	-0.171331946497378	-0.169739899714911
-126.169064410566	-435.2	0.079593493494343	0.0793578101369115	-0.167784649230971	-0.16643258808979
-126.169064410566	-409.6	0.0803762310281283	0.0801413177705559	-0.164760787495715	-0.162865749475421
-126.169064410566	-384	0.0816846471333087	0.0808736252942647	-0.161693274335658	-0.158990506068445
-126.169064410566	-358.4	0.0819887856965649	0.0815406311551634	-0.15786230070936	-0.154741833041339
-126.169064410566	-332.8	0.0830783728200347	0.0821255825228068	-0.153645815081869	-0.150035654540895
-126.169064410566	-307.2	0.0834737046524673	0.0826108629867805	-0.149200464640541	-0.144765875603764
-126.169064410566	-281.6	0.0837988451046649	0.0829803979067501	-0.144144980045072	-0.138805706816324
-126.169064410566	-256	0.0838946155838689	0.0832202124232331	-0.138166563966467	-0.132011163613134
-126.169064410566	-230.4	0.0842768412307976	0.0833206152388914	-0.131771057876373	-0.124229013835647
-126.169064410566	-204.8	0.0848390097528495	0.0832775038116504	-0.125190063936057	-0.115310402605867
-126.169064410566	-179.2	0.0845034536447871	0.0830942520564301	-0.116203360708831	-0.105132234830341
-126.169064410566	-153.6	0.0846077906706959	0.0827833225052763	-0.106949638432573	-0.0936211094075509
-126.169064410566	-128	0.0833063343207409	0.0823660865078612	-0.0946295902294375	-0.0807700576874716
-126.169064410566	-102.4	0.0823772152666706	0.0818704677540296	-0.0807100905531759	-0.0666480919544924
-126.169064410566	-76.8	0.0810975163257246	0.0813264614303594	-0.0639307233048498	-0.0514012523126205
-126.169064410566	-51.2	0.0801870170274525	0.0807624988091318	-0.0444580190612424	-0.035246162538175
-126.169064410566	-25.6	0.0787581155995331	0.080202866656088	-0.0236178706337632	-0.0184572179362447
-126.169064410566	0	0.0781664032365545	0.079667086991229	-0.00129044493249315	-0.00134843302510543
-126.169064410566	25.6	0.077482655627435	0.0791704199981241	0.021546086412855	0.0157485287627677
-126.169064410566	51.2	0.0769023843403011	0.0787236233820079	0.0426851268421687	0.0325040866365564
-126.169064410566	76.8	0.0770356915095534	0.0783319415415547	0.0612953483898215	0.048610619081405
-126.169064410566	102.4	0.0775026475924556	0.0779936415002143	0.0778457140386509	0.0638021866913571
-126.169064410566	128	0.0780077379994036	0.0776987290780736	0.0918958508445496	0.0778709583467247
-126.169064410566	153.6	0.0780068583808181	0.0774296731179393	0.103372119803479	0.0906794743381405
-126.169064410566	179.2	0.0776660875620068	0.0771648684321512	0.112756482607082	0.102167133852054
-126.169064410566	204.8	0.0772531314441661	0.0768817465062178	0.121164837572498	0.112347600606245
-126.169064410566	230.4	0.076768099567922	0.0765598511937515	0.128214336126007	0.121298499704899
-126.169064410566	256	0.0765709247207747	0.0761838068128495	0.135090228114339	0.129143271557547
-126.169064410566	281.6	0.0760585658653353	0.0757462906693633	0.140761168320126	0.136029582867315
-126.169064410566	307.2	0.0754628798847726	0.0752478174311013	0.146046139405503	0.142108291455481
-126.169064410566	332.8	0.0749627033205087	0.0746953397197566	0.150858704510351	0.147518664511731
-126.169064410566	358.4	0.0743223232667845	0.0740996504401657	0.155685119592655	0.152381047733571
-126.169064410566	384	0.0735573663831053	0.0734723025309491	0.159172947809818	0.156793247295851
-126.169064410566	409.6	0.0730628538415874	0.0728235625425257	0.163393380865388	0.160830665168667
-126.169064410566	435.2	0.0722973991585728	0.0721614848320907	0.166252687920771	0.164551087897733
-126.169064410566	460.8	0.0713978848807008	0.0714923957429127	0.16953029532726	0.167998914717694
-126.169064410566	486.4	0.0707335929953309	0.0708222541415825	0.172543706992246	0.171209181742402
-126.169064410566	512	0.070003636294425	0.0701571591537264	0.175281478595747	0.174210512893109
-126.169064410566	537.6	0.0693626614024877	0.0695024331278674	0.178024070118335	0.177025970074251
-126.169064410566	563.2	0.0686930706983421	0.0688612883610757	0.180433744165045	0.179674177808903
-126.169064410566	588.8	0.0679703571389899	0.068235281896869	0.18292848961652	0.182170875930415
-126.169064410566	614.4	0.0673764410950835	0.0676245555203408	0.185262034784051	0.18452982885842
-126.169064410566	640	0.0668936093147644	0.0670284745858887	0.187628862515895	0.186763981143635
-126.169064410566	665.6	0.0663458643885751	0.0664462396774761	0.189904165244317	0.18888605253994
-126.169064410566	691.2	0.0657777805052129	0.0658770907516003	0.191936178322494	0.190907640490801
-126.169064410566	716.8	0.0651851062868388	0.0653200434649957	0.193774105697927	0.1928374282784
-126.169064410566	742.4	0.0646293212733941	0.0647749437710296	0.19551838902962	0.194683274531732
-126.169064410566	768	0.0641142617125035	0.0642420751972445	0.196916416221502	0.196453820700202
-126.169064410566	793.6	0.0635126156768708	0.0637210724805313	0.198473650185754	0.198158463968864
-126.169064410566	819.2	0.0630750434293331	0.0632103651960531	0.199909920516536	0.199806121269319
-126.169064410566	844.8	0.0627557266787368	0.0627087083513732	0.201862727505227	0.20140538426786
-126.169064410566	870.4	0.0622508431765349	0.0622161632882467	0.203570096751293	0.202965029833648
-126.169064410566	896	0.0615085508042728	0.0617338635610789	0.204886783071609	0.204491344905079
-126.169064410566	921.6	0.0614342302637542	0.0612631523050524	0.206674710514396	0.205986095445247
-126.169064410566	947.2	0.0606330581880218	0.060805108535914	0.207372682258455	0.20744872505623
-126.169064410566	972.8	0.0604627333061373	0.0603596018229394	0.208603612469841	0.208878662400897
-126.169064410566	998.4	0.0601696457869397	0.0599251265148844	0.210428502327212	0.210277267762951
-126.169064410566	1024	0.0594933977444582	0.0595005414320454	0.212008780298033	0.211641167408138
-126.169064410566	1049.6	0.0583565914125221	0.059083278329834	0.212733294926033	0.212972880479582
-126.169064410566	1075.2	0.0586036779459798	0.0586680124686905	0.214382933164933	0.214293408409393
-126.169064410566	1100.8	0.0584203021095773	0.0582553118523568	0.216322726785147	0.215599513602972
-126.169064410566	1126.4	0.0583907780693313	0.057844324690615	0.217354577263452	0.216892615590446
-126.169064410566	1152	0.0576987832895472	0.0574349966571289	0.21774047225021	0.218180897514818
-126.169064410566	1177.6	0.0572112588813876	0.0570275319102197	0.219045242945508	0.219462005032633
-126.169064410566	1203.2	0.0568033895908014	0.0566216199139778	0.220044096093438	0.220737101364505
-126.169064410566	1228.8	0.0564192251600295	0.0562171129067667	0.22190243170596	0.222007486987412
-126.169064410566	1254.4	0.0559783939496173	0.055814771368115	0.22370767106501	0.223273833211528
-113.552157969509	-1254.4	0.0575183628934524	0.0573235277949676	-0.223470076762729	-0.223342180051149
-113.552157969509	-1228.8	0.0577586626708632	0.0578709177068463	-0.222682008919017	-0.222025071382159
-113.552157969509	-1203.2	0.0584728873932841	0.0584272342817886	-0.220963827417984	-0.220705261049486
-113.552157969509	-1177.6	0.0588159174306942	0.0589938113573395	-0.219132626461977	-0.219381048179201
-113.552157969509	-1152	0.0593336376310235	0.059571927370294	-0.217739624667935	-0.218055013488734
-113.552157969509	-1126.4	0.0599510094691072	0.0601597689794716	-0.216462628343694	-0.216725715235223
-113.552157969509	-1100.8	0.0604660998329436	0.0607636203949635	-0.215386217684709	-0.215388426454017
-113.552157969509	-1075.2	0.0610040693639287	0.061376520275667	-0.21422066843751	-0.214048144431348
-113.552157969509	-1049.6	0.0617264976128703	0.0620064152145861	-0.212596196837023	-0.212698958988162
-113.552157969509	-1024	0.0628264153613498	0.0626534928776656	-0.211230968573535	-0.21134045358157
-113.552157969509	-998.4	0.0636107624382339	0.0633161199525083	-0.210167199751202	-0.209974445123408
-113.552157969509	-972.8	0.0638147291073686	0.0640026532946312	-0.208565256770837	-0.208589816998076
-113.552157969509	-947.2	0.0646666946592761	0.0647030450970194	-0.207411918492818	-0.207188060362424
-113.552157969509	-921.6	0.066180430519772	0.065414168007246	-0.207373602974707	-0.205770191919347
-113.552157969509	-896	0.0664085370110888	0.0661361461203553	-0.204786304642935	-0.204335671782178
-113.552157969509	-870.4	0.0672420454409423	0.0668693990332103	-0.203620335370165	-0.202881528111553
-113.552157969509	-844.8	0.0677567599482013	0.0676145639383451	-0.20174152537166	-0.201402102004201
-113.552157969509	-819.2	0.0683921925904563	0.0683721048292321	-0.199861973056596	-0.199888065563656
-113.552157969509	-793.6	0.0695970065778675	0.0691426065107258	-0.1989796078278	-0.198326779037993
-113.552157969509	-768	0.0701606263812738	0.0699272848071894	-0.197417602509906	-0.196705153741541
-113.552157969509	-742.4	0.070535302548356	0.0707277821144789	-0.195761347339355	-0.195012302098539
-113.552157969509	-716.8	0.0710556539194942	0.0715455392928626	-0.193568963859283	-0.19324029408861
-113.552157969509	-691.2	0.0721660890572883	0.0723822718108508	-0.192378936740621	-0.191383179401845
-113.552157969509	-665.6	0.0734572427010982	0.0732397094729409	-0.191034575119655	-0.189434562168107
-113.552157969509	-640	0.0742837453366148	0.0741178680538171	-0.188779052370985	-0.187385667905147
-113.552157969509	-614.4	0.0752234633207357	0.075013861720739	-0.186626054188123	-0.185224452993964
-113.552157969509	-588.8	0.0758521287177999	0.0759236460634476	-0.183705773805125	-0.182938870281683
-113.552157969509	-563.2	0.0767400297982784	0.0768426035360884	-0.181387624962437	-0.180517622793278
-113.552157969509	-537.6	0.0777555182090251	0.0777648922209519	-0.178850945167736	-0.177950533048005
-113.552157969509	-512	0.0792312821205989	0.0786831406727963	-0.176880117471931	-0.175226591129567
-113.552157969509	-486.4	0.0795628943975258	0.0795881991547915	-0.173662505354741	-0.172330279683976
-113.552157969509	-460.8	0.0806229317013158	0.0804707631441244	-0.170621270227367	-0.169240459685493
-113.552157969509	-435.2	0.0814256842220089	0.0813221239028544	-0.167558649723034	-0.165929910009039
-113.552157969509	-409.6	0.0824485703975832	0.0821330105363235	-0.164443320211055	-0.162362646521251
-113.552157969509	-384	0.0837166209985331	0.0828925472293486	-0.161077027268385	-0.158490516130226
-113.552157969509	-358.4	0.084074400856538	0.0835868732859751	-0.157107460955465	-0.154249139498851
-113.552157969509	-332.8	0.0851849559073887	0.0841993881446719	-0.153248530348042	-0.14955452583736
-113.552157969509	-307.2	0.0854970585125502	0.0847125938449789	-0.148343488271547	-0.144300242268783
-113.552157969509	-281.6	0.085975637533364	0.0851105240339756	-0.143626069607547	-0.138358736017018
-113.552157969509	-256	0.0859394736267768	0.085379611364958	-0.137864046758244	-0.131585034359783
-113.552157969509	-230.4	0.0863735270883342	0.0855104653875672	-0.131442836382241	-0.123824797919669
-113.552157969509	-204.8	0.0870841090810608	0.0854983738908563	-0.124603114464332	-0.114927972819877
-113.552157969509	-179.2	0.0869049802058639	0.0853456240792523	-0.116006894336735	-0.104771279112505
-113.552157969509	-153.6	0.0866184994383838	0.0850637348113433	-0.106514670706739	-0.0932818183807333
-113.552157969509	-128	0.0858507726401635	0.0846735663140983	-0.0948242805122245	-0.0804541309114102
-113.552157969509	-102.4	0.0846558745697882	0.084202562416726	-0.0807929105151245	-0.0663594915205746
-113.552157969509	-76.8	0.0835934246752024	0.0836799245312013	-0.0641528720361594	-0.051146436386329
-113.552157969509	-51.2	0.0824393561223229	0.0831327440087414	-0.0449599711685597	-0.0350332539694313
-113.552157969509	-25.6	0.0810054749817485	0.0825834198553916	-0.0237643084506936	-0.0182937841919145
-113.552157969509	0	0.0802778946930695	0.0820497274276658	-0.0012289229223057	-0.00123894863193294
-113.552157969509	25.6	0.0796879549109245	0.081545699708535	0.0216406610176412	0.0158045202859018
-113.552157969509	51.2	0.0792315197834294	0.0810816746443238	0.0432960864217706	0.0325123643736273
-113.552157969509	76.8	0.0794253533654838	0.0806639291956725	0.0618508980689397	0.0485809742757325
-113.552157969509	102.4	0.0798030666948438	0.0802927249694922	0.0785805987387308	0.063745994729235
-113.552157969509	128	0.080073249566033	0.0799607079013563	0.092092180178088	0.0777980967353351
-113.552157969509	153.6	0.0801599284631443	0.0796532203247692	0.103705127060799	0.0905960589890615
-113.552157969509	179.2	0.0798891550603213	0.0793507597096571	0.113234416425672	0.10207453323115
-113.552157969509	204.8	0.0793875511727252	0.0790315210649247	0.121221168801964	0.112242582730508
-113.552157969509	230.4	0.0788282037475553	0.0786750289259385	0.128120317054272	0.121174568812287
-113.552157969509	256	0.0784673632108224	0.0782657642410576	0.134899997049227	0.128993547306716
-113.552157969509	281.6	0.0780339371639199	0.0777963444629432	0.140480313635859	0.13584933177773
-113.552157969509	307.2	0.0775488199271775	0.0772674106687355	0.145875589704121	0.141895804790743
-113.552157969509	332.8	0.0768533755844382	0.0766860020426667	0.150633504211213	0.147274969551392
-113.552157969509	358.4	0.0764074044348618	0.0760628804613793	0.155460004278478	0.152109058911456
-113.552157969509	384	0.0754834914273564	0.0754094068295563	0.158955272746928	0.156496886539796
-113.552157969509	409.6	0.0750731765152547	0.0747356668544346	0.16336768601254	0.160514146894424
-113.552157969509	435.2	0.0740621793339792	0.0740496639665429	0.165972168620857	0.164218414237017
-113.552157969509	460.8	0.0730602848322109	0.0733575327469362	0.168857395562984	0.167653608536433
-113.552157969509	486.4	0.0723593697605473	0.0726649002286076	0.171749893443112	0.170854321092044
-113.552157969509	512	0.0718735750467075	0.0719775674272589	0.175128382432373	0.173848912358211
-113.552157969509	537.6	0.0713222415751776	0.0713007343403722	0.178147145294562	0.176660203492725
-113.552157969509	563.2	0.0703919095628671	0.070637760698337	0.180000240339535	0.179306389096699
-113.552157969509	588.8	0.069725594516318	0.0699904315886718	0.182643204763242	0.181803233082189
-113.552157969509	614.4	0.0691774515039928	0.0693588011249348	0.185064127170901	0.184164531202172
-113.552157969509	640	0.0685829144195362	0.0687420481810096	0.187287395599176	0.186402835590802
-113.552157969509	665.6	0.0679347758929015	0.0681394589617602	0.189208210811382	0.188530305012188
-113.552157969509	691.2	0.0673521615164733	0.0675507225372927	0.191210953843879	0.190558098576518
-113.552157969509	716.8	0.0668744409427614	0.0669751717368789	0.193386191103362	0.192494885031079
-113.552157969509	742.4	0.0663483271765146	0.0664125091435339	0.195346524058248	0.194348654058549
-113.552157969509	768	0.0658192178878582	0.0658627419050637	0.196855369189561	0.196128297981654
-113.552157969509	793.6	0.0651539666948018	0.0653253096829837	0.198058781527242	0.197843080458615
-113.552157969509	819.2	0.0646243965014055	0.0647984958464385	0.199662460565956	0.199501100701011
-113.552157969509	844.8	0.064084982729315	0.0642807382023473	0.201345337089948	0.201109907566647
-113.552157969509	870.4	0.0636132647821359	0.0637718811474567	0.203070381880879	0.2026772018518
-113.552157969509	896	0.0628925804280088	0.0632731748432088	0.20461567038089	0.204208926341556
-113.552157969509	921.6	0.0627173243658769	0.0627861180874733	0.205993067565695	0.205707293309659
-113.552157969509	947.2	0.0621302724731941	0.0623118227983162	0.207054141959502	0.207172235150273
-113.552157969509	972.8	0.0619565123302303	0.0618503004626252	0.208432499268605	0.208603828138359
-113.552157969509	998.4	0.0616200116382742	0.0614012729328967	0.210308601772588	0.210001584939649
-113.552157969509	1024	0.0608138666866917	0.060964991923462	0.211742019476418	0.211360301537633
-113.552157969509	1049.6	0.0599469997900421	0.0605320105078698	0.212800591478772	0.212704891920583
-113.552157969509	1075.2	0.0601110532304474	0.0601029630556585	0.214298372742663	0.214030175526434
-113.552157969509	1100.8	0.059785626224606	0.0596770302795489	0.215823378102982	0.215338911266407
-113.552157969509	1126.4	0.0597400413405075	0.0592528637542355	0.216912740859488	0.216644146876819
-113.552157969509	1152	0.0590559973272631	0.0588320458562364	0.217614238511773	0.217936695865912
-113.552157969509	1177.6	0.058691704596188	0.0584139333518684	0.218648335882094	0.219224492976322
-113.552157969509	1203.2	0.0581661644127594	0.0579984833111452	0.220013621179327	0.220506366457102
-113.552157969509	1228.8	0.0577555226370549	0.0575855326555845	0.222005703668309	0.22178318997969
-113.552157969509	1254.4	0.0573125377690572	0.0571737934800713	0.223674640202619	0.223056499434362
-100.935251528453	-1254.4	0.0593300078467914	0.0586842485593466	-0.223505298940522	-0.223102900365615
-100.935251528453	-1228.8	0.0593441810746501	0.0592428842331972	-0.221998117455046	-0.221783375800482
-100.935251528453	-1203.2	0.0600641612997873	0.0598116881564382	-0.220840928006347	-0.220460772610646
-100.935251528453	-1177.6	0.0604540308847852	0.0603924960198396	-0.219189539188675	-0.21913565257818
-100.935251528453	-1152	0.0610153042495874	0.0609836290569727	-0.217831158030115	-0.21780696376512
-100.935251528453	-1126.4	0.0618256505413882	0.0615879325822145	-0.216624427184235	-0.216473199367653
-100.935251528453	-1100.8	0.0621872025329468	0.0622022822061713	-0.21528772449744	-0.215136190895885
-100.935251528453	-1075.2	0.062273226006923	0.0628323753883357	-0.213651019461483	-0.213791499732489
-100.935251528453	-1049.6	0.0636080278611076	0.0634740639027902	-0.212851473060415	-0.212441322429345
-100.935251528453	-1024	0.0640543504617637	0.064131400154729	-0.2105610630896	-0.211082273027222
-100.935251528453	-998.4	0.0650792877872043	0.0648079910204455	-0.209860033577036	-0.209709667417084
-100.935251528453	-972.8	0.0653907075670429	0.0655035650077627	-0.208375816538458	-0.20832033777057
-100.935251528453	-947.2	0.0663057500884985	0.0662159520253836	-0.207318639624315	-0.206909161116843
-100.935251528453	-921.6	0.0678409924863825	0.0669405237936071	-0.207102144574182	-0.20548029403169
-100.935251528453	-896	0.0682311461921555	0.0676776377967686	-0.204622022394586	-0.204033257580071
-100.935251528453	-870.4	0.0689157274368859	0.0684277108134108	-0.203155802486253	-0.202565082743611
-100.935251528453	-844.8	0.0691753882939799	0.0691911841786528	-0.201295704420795	-0.201069974050882
-100.935251528453	-819.2	0.0696160425344091	0.0699685662792146	-0.199254407903618	-0.19953901025768
-100.935251528453	-793.6	0.0708223465215071	0.0707603589904155	-0.198453390323694	-0.197960453040858
-100.935251528453	-768	0.0717936152677421	0.0715677219813382	-0.197442787012639	-0.196322023798886
-100.935251528453	-742.4	0.0719698509649816	0.0723920052856338	-0.195287338435767	-0.194612623681015
-100.935251528453	-716.8	0.0724763982423086	0.0732338363122791	-0.192868143371524	-0.192823277348652
-100.935251528453	-691.2	0.0737208279529637	0.0740942218625085	-0.19157285807963	-0.190947704027135
-100.935251528453	-665.6	0.0750350995605653	0.0749743368003235	-0.190264583716158	-0.188980148841582
-100.935251528453	-640	0.0760354697387813	0.0758743942190169	-0.188364762647184	-0.186912567206634
-100.935251528453	-614.4	0.0770765918745465	0.0767922698166602	-0.186256745420185	-0.184733861439008
-100.935251528453	-588.8	0.0775103645038957	0.0777244534031566	-0.183204224665214	-0.182432558169556
-100.935251528453	-563.2	0.078318431266494	0.0786665322415126	-0.180435909668749	-0.179997063472263
-100.935251528453	-537.6	0.079602216872398	0.0796125295676373	-0.178280985135422	-0.177416165084098
-100.935251528453	-512	0.0811424933876337	0.0805551907948008	-0.176525683190115	-0.174678683587833
-100.935251528453	-486.4	0.0815090940199807	0.0814854697659083	-0.173237999161897	-0.17176950936065
-100.935251528453	-460.8	0.0825785477078111	0.0823935424074223	-0.170099995031621	-0.168667273366165
-100.935251528453	-435.2	0.0836946718996812	0.0832700156489273	-0.167126615362036	-0.16534407299969
-100.935251528453	-409.6	0.0842997561449508	0.0841053644512995	-0.16379370813545	-0.16176346021275
-100.935251528453	-384	0.0852601425600788	0.0848888098797231	-0.159996554227655	-0.157877363060389
-100.935251528453	-358.4	0.0860657593973497	0.0856067435890965	-0.156609259169104	-0.153621205533111
-100.935251528453	-332.8	0.0873921886933851	0.0862429483613491	-0.152796787837767	-0.148909927522848
-100.935251528453	-307.2	0.087498670737158	0.0867805979950589	-0.147886456875542	-0.143635902778099
-100.935251528453	-281.6	0.0881784890748812	0.0872043454819668	-0.143183747495722	-0.137670282305431
-100.935251528453	-256	0.0884700846199412	0.0875017821319083	-0.137893098715149	-0.130867545449706
-100.935251528453	-230.4	0.0887290226590236	0.0876638566000605	-0.131493803401637	-0.123074667919345
-100.935251528453	-204.8	0.0892715106457852	0.087685289862299	-0.124546748156964	-0.114146649134766
-100.935251528453	-179.2	0.0891084632448901	0.0875675639865791	-0.116156480400965	-0.103968321504827
-100.935251528453	-153.6	0.0888600716833044	0.0873217517325232	-0.106512872627624	-0.0924758273715639
-100.935251528453	-128	0.0882497366907998	0.0869681911117598	-0.0952188352565576	-0.0796728472970414
-100.935251528453	-102.4	0.0870254827875117	0.0865333257868968	-0.0809860408635987	-0.0656388689361272
-100.935251528453	-76.8	0.0859649923140965	0.0860446549541586	-0.0643563419640389	-0.0505273313231645
-100.935251528453	-51.2	0.0849141518082439	0.0855266550620101	-0.0455325167795738	-0.034555545966149
-100.935251528453	-25.6	0.0835097599313712	0.084998561175101	-0.0239375469921014	-0.0179891758526867
-100.935251528453	0	0.0826145627884316	0.0844753739619571	-0.00115165303296689	-0.00112429399233067
-100.935251528453	25.6	0.0818593103209182	0.0839693673692305	0.0219435529071724	0.0157300766542294
-100.935251528453	51.2	0.0815864966527165	0.0834901946762352	0.0436311955977496	0.0322677134750469
-100.935251528453	76.8	0.081705928199114	0.0830447096231624	0.0622670125610861	0.0481998089046885
-100.935251528453	102.4	0.0819752397268099	0.0826351038716451	0.0791543305483794	0.0632704192157633
-100.935251528453	128	0.0823244565679061	0.0822573456936792	0.0931391587551393	0.0772718370376211
-100.935251528453	153.6	0.0823755190146849	0.0819011144469896	0.104107915219999	0.0900582856813833
-100.935251528453	179.2	0.0819898147312809	0.0815507441539748	0.113304101550909	0.101554045629523
-100.935251528453	204.8	0.0816299058106067	0.0811871915059541	0.121357947257596	0.111754888445582
-100.935251528453	230.4	0.0808788597485131	0.0807908871402453	0.128029873524868	0.120722493872663
-100.935251528453	256	0.0805374720231876	0.0803458457310809	0.134634257221726	0.128570914930807
-100.935251528453	281.6	0.0800586100201071	0.0798438578227691	0.140394393772268	0.135445823804461
-100.935251528453	307.2	0.0795970254329251	0.0792849688267697	0.145880613467554	0.141501424324093
-100.935251528453	332.8	0.0789850431525426	0.0786756642507224	0.150758359767021	0.146882324402178
-100.935251528453	358.4	0.0782857500473862	0.0780262432725352	0.155067024682848	0.151713401972013
-100.935251528453	384	0.0775269668866535	0.0773477525913553	0.15896493813076	0.156095750747569
-100.935251528453	409.6	0.0769594326956686	0.076650018923401	0.163075404407721	0.160107424908976
-100.935251528453	435.2	0.0759805119697286	0.0759410310934308	0.165794049541198	0.163807121400116
-100.935251528453	460.8	0.0750535474630393	0.0752269023301886	0.168570442730509	0.167239002464951
-100.935251528453	486.4	0.0740680131349604	0.0745129797125869	0.171207194600097	0.170437724128446
-100.935251528453	512	0.0737176849015108	0.0738045737204756	0.17509645824148	0.17343123978539
-100.935251528453	537.6	0.0730419909989151	0.0731064838216617	0.177750514453155	0.176241973591871
-100.935251528453	563.2	0.0721767174081292	0.0724221192016961	0.179997721357694	0.17888855361997
-100.935251528453	588.8	0.0715880834093718	0.0717532247801981	0.182520566077937	0.181387243129248
-100.935251528453	614.4	0.0709735238872715	0.0711001040405785	0.184944948347924	0.183752678634154
-100.935251528453	640	0.0702918109033474	0.0704621005853732	0.18699213833836	0.185997612694672
-100.935251528453	665.6	0.0696665174623482	0.0698388482934077	0.189011540879264	0.188133536748452
-100.935251528453	691.2	0.0689516541257777	0.0692303711290104	0.190571768271206	0.19017090014177
-100.935251528453	716.8	0.0685030309286841	0.0686361822295603	0.192819134184272	0.192118053653051
-100.935251528453	742.4	0.0680663577725387	0.0680558245440366	0.19502454668365	0.193982929658055
-100.935251528453	768	0.0675206868683668	0.0674890704821447	0.196393809916472	0.195774529774895
-100.935251528453	793.6	0.0668559311987923	0.0669349507159995	0.197709366924015	0.197501716310032
-100.935251528453	819.2	0.0662336266631785	0.0663914290358208	0.199324087569199	0.19917178528661
-100.935251528453	844.8	0.0655417293236345	0.0658569508348583	0.200967569015308	0.200791427137803
-100.935251528453	870.4	0.0651030780891723	0.0653316233592653	0.202773991181003	0.202367504156357
-100.935251528453	896	0.064490956561673	0.0648166766807843	0.204538931027514	0.203905488928889
-100.935251528453	921.6	0.0641246579360723	0.0643134926371008	0.205482964955297	0.205408162834736
-100.935251528453	947.2	0.0636888053391876	0.0638229914966443	0.206961631790138	0.206876232936747
-100.935251528453	972.8	0.0634115791766688	0.0633451519206988	0.208399584780538	0.208310871842054
-100.935251528453	998.4	0.06300722184966	0.0628817643595534	0.210226119674389	0.209708565648496
-100.935251528453	1024	0.0621259367162533	0.0624294042683209	0.211377596750697	0.211076269342726
-100.935251528453	1049.6	0.0614755411852975	0.0619818073426813	0.212789203124879	0.212426540827705
-100.935251528453	1075.2	0.0614586450883579	0.0615387213075263	0.214097305349891	0.21375846927485
-100.935251528453	1100.8	0.0611364871561106	0.0610985903835901	0.215441589158825	0.215080157067026
-100.935251528453	1126.4	0.0607819359933456	0.0606638043676073	0.216677276895886	0.216386410498557
-100.935251528453	1152	0.0603082881464723	0.0602312457644	0.217587192225408	0.217689641890885
-100.935251528453	1177.6	0.0601833961841729	0.0598031432427496	0.218853457459317	0.218983215941751
-100.935251528453	1203.2	0.0593703052970246	0.0593785235791687	0.220119584935589	0.220270953125251
-100.935251528453	1228.8	0.0588746400118803	0.058956360452451	0.222109146142528	0.221553496436302
-100.935251528453	1254.4	0.0584042334178684	0.0585367621829986	0.223261644090367	0.222832489310687
-88.318345087396	-1254.4	0.0610221030403276	0.0600476294466	-0.223481658611195	-0.222861390571898
-88.318345087396	-1228.8	0.0608824519981069	0.0606193671729159	-0.221496292195471	-0.221539643719961
-88.318345087396	-1203.2	0.0615972731609172	0.0612025195873014	-0.220328529571489	-0.220214473524493
-88.318345087396	-1177.6	0.0619794544114312	0.06179569596539	-0.219092310429121	-0.218886484142431
-88.318345087396	-1152	0.0622354193636761	0.0624022881953094	-0.217697984144583	-0.217553955324204
-88.318345087396	-1126.4	0.0628637402881524	0.0630181752737859	-0.216395059577745	-0.216218087428975
-88.318345087396	-1100.8	0.063777387681891	0.0636463629036865	-0.215169470938977	-0.214877454982119
-88.318345087396	-1075.2	0.0637288988473641	0.0642880593346738	-0.213544866899216	-0.213530742782845
-88.318345087396	-1049.6	0.0653201383070648	0.0649454194505142	-0.212977632139516	-0.212175251353274
-88.318345087396	-1024	0.0657207067895074	0.0656135632090841	-0.210580274028391	-0.210814639998736
-88.318345087396	-998.4	0.0662839708648819	0.0663003242014462	-0.209199387063943	-0.209440182092142
-88.318345087396	-972.8	0.0669268302554827	0.0670090488918657	-0.20815807674044	-0.208041963439373
-88.318345087396	-947.2	0.0678494475401265	0.0677341932158704	-0.207118586012439	-0.206622647810888
-88.318345087396	-921.6	0.0693686320467419	0.0684734141359854	-0.206697857864824	-0.20518377155342
-88.318345087396	-896	0.0694775737892988	0.0692265025504488	-0.203946114253575	-0.203723864231574
-88.318345087396	-870.4	0.0704456452398467	0.0699936512444985	-0.20264332980739	-0.202240021942552
-88.318345087396	-844.8	0.0707837519235017	0.0707751966612603	-0.200811960994418	-0.200726692173278
-88.318345087396	-819.2	0.0710355563530562	0.0715715624993292	-0.198796104981891	-0.199175215984693
-88.318345087396	-793.6	0.0719898118740783	0.072383554527432	-0.197809485504049	-0.197574766142619
-88.318345087396	-768	0.0734263505161743	0.0732126254010149	-0.197427990962627	-0.195914704030095
-88.318345087396	-742.4	0.0734556132351336	0.0740596633781359	-0.194825075008673	-0.194184401652191
-88.318345087396	-716.8	0.0742413152908864	0.074924757062022	-0.192888006590069	-0.192374216385567
-88.318345087396	-691.2	0.0753684951895925	0.0758080562059	-0.191101560824541	-0.190477140335795
-88.318345087396	-665.6	0.0766521202365164	0.0767101857997837	-0.189742097792006	-0.188487662969028
-88.318345087396	-640	0.0776606845926963	0.077631499883975	-0.187847354468981	-0.186398543678741
-88.318345087396	-614.4	0.0788954961634925	0.078570491667139	-0.186454493633894	-0.184199800346493
-88.318345087396	-588.8	0.079305856761826	0.0795242002042198	-0.182871846950008	-0.181880538766463
-88.318345087396	-563.2	0.080245027999891	0.0804883324564619	-0.180205706270033	-0.179429320409547
-88.318345087396	-537.6	0.0814636473440153	0.0814566637824783	-0.177708252773268	-0.176833420615766
-88.318345087396	-512	0.0829964523768497	0.082421729828317	-0.175724127329691	-0.174080208109904
-88.318345087396	-486.4	0.0834513479162424	0.0833746524450065	-0.172567417127734	-0.171154224790049
-88.318345087396	-460.8	0.0845059955280314	0.0843057088159346	-0.16962857165789	-0.168033913899864
-88.318345087396	-435.2	0.0852548613531005	0.085204731216587	-0.166355894480936	-0.164690120006433
-88.318345087396	-409.6	0.0861895324951265	0.0860619034619346	-0.163163543668014	-0.161085643139581
-88.318345087396	-384	0.0875080934132346	0.0868661886628409	-0.159869396344173	-0.157171201419017
-88.318345087396	-358.4	0.0882610714357355	0.0876043000901819	-0.156124542011007	-0.152880793510513
-88.318345087396	-332.8	0.0893964318738977	0.088261073223348	-0.152305676676064	-0.14812773462308
-88.318345087396	-307.2	0.0897873216075326	0.0888209724524072	-0.147831136733299	-0.142802493553587
-88.318345087396	-281.6	0.0903502668449068	0.0892697160332565	-0.142793963405146	-0.136774214640162
-88.318345087396	-256	0.0908356329538459	0.0895954643468364	-0.137638914287163	-0.129898075363123
-88.318345087396	-230.4	0.0907965701327122	0.0897889508647459	-0.131070175868984	-0.122026158305322
-88.318345087396	-204.8	0.0913388614964856	0.0898445500085201	-0.124230304855663	-0.113023901205218
-88.318345087396	-179.2	0.0913699675640641	0.0897639507861519	-0.11614937626453	-0.10279047295602
-88.318345087396	-153.6	0.0911610156551347	0.089558882746444	-0.106600168571418	-0.0912784974342086
-88.318345087396	-128	0.0906996500953074	0.0892490211022541	-0.0956642151997771	-0.0785071608237906
-88.318345087396	-102.4	0.0895754423940751	0.0888586195541288	-0.0814100320367645	-0.0645673454172885
-88.318345087396	-76.8	0.0882997711938844	0.0884120251561893	-0.0647482149374766	-0.0496169024095091
-88.318345087396	-51.2	0.087540053205069	0.0879302840674731	-0.0459898280635839	-0.0338684156395368
-88.318345087396	-25.6	0.0863214142423832	0.0874295198435657	-0.0241451616583588	-0.0175729701699388
-88.318345087396	0	0.085147823557895	0.0869219879743474	-0.00130091043068663	-0.00100394319116871
-88.318345087396	25.6	0.0841561136225673	0.0864181689940077	0.0222659157254147	0.0155559539156544
-88.318345087396	51.2	0.0839060107202012	0.0859269584386326	0.0437625687637129	0.0318264594604648
-88.318345087396	76.8	0.0840596279717416	0.0854552087997363	0.062761222160477	0.0475406909590342
-88.318345087396	102.4	0.0842978445147993	0.0850065778593185	0.079643857772885	0.062457074979612
-88.318345087396	128	0.084465435731109	0.0845799803768374	0.0933507377460751	0.0763729258446365
-88.318345087396	153.6	0.0845359158930296	0.0841695563258543	0.104564529115513	0.0891382113175854
-88.318345087396	179.2	0.0841508098882327	0.0837643150579825	0.113587599484858	0.100664897479406
-88.318345087396	204.8	0.0838342004689796	0.0833492795940251	0.121367002778655	0.110930836303554
-88.318345087396	230.4	0.0829475615267188	0.0829078245672621	0.127909641756487	0.119978065864578
-88.318345087396	256	0.0825978326991057	0.0824246425929678	0.134664264288737	0.127903955393908
-88.318345087396	281.6	0.0820748669141278	0.0818898505269895	0.140268071153258	0.134843628701704
-88.318345087396	307.2	0.0818237100000513	0.0813017145258147	0.146099881578301	0.140947357436743
-88.318345087396	332.8	0.0810862126488757	0.0806655691943633	0.150651574412389	0.14636111639688
-88.318345087396	358.4	0.0801823672429865	0.0799908954054084	0.154581516294708	0.151212818825538
-88.318345087396	384	0.0793356335759071	0.0792883478267562	0.158366382665373	0.155607354697296
-88.318345087396	409.6	0.0788297464944509	0.0785675658889138	0.162722043764286	0.159626588439939
-88.318345087396	435.2	0.0778419084981602	0.0778364375745862	0.165354008151431	0.163331758754708
-88.318345087396	460.8	0.0770018066762552	0.077101099230335	0.168464516739483	0.166768264151843
-88.318345087396	486.4	0.0760345620101133	0.0763666441156019	0.171208166177436	0.169970998258123
-88.318345087396	512	0.0755834512515689	0.0756378577071159	0.174805851740413	0.172967543104252
-88.318345087396	537.6	0.074726459485236	0.0749190477478516	0.177199205084166	0.175780641182622
-88.318345087396	563.2	0.0740318210919036	0.0742134747887716	0.179641168398737	0.178430013917214
-88.318345087396	588.8	0.0734591312739829	0.0735227394076291	0.182349649426704	0.180932719382882
-88.318345087396	614.4	0.0726970865380707	0.072847561048891	0.184706250836879	0.183304300179319
-88.318345087396	640	0.0720197251050591	0.0721879738675201	0.18674897093359	0.185558124255852
-88.318345087396	665.6	0.0714653854377563	0.0715441770022756	0.188858989289151	0.187705199323451
-88.318345087396	691.2	0.0707677872666459	0.0709160985393752	0.190346772451136	0.189754798168568
-88.318345087396	716.8	0.0701630984535097	0.0703031051879085	0.192331152705412	0.191714886874988
-88.318345087396	742.4	0.0697768137791226	0.0697047720180654	0.194659067964548	0.193593416409562
-88.318345087396	768	0.0692148259341401	0.0691206249419954	0.195922324522215	0.19539902840142
-88.318345087396	793.6	0.0685370741185548	0.0685491039739197	0.197410503853316	0.197139854420168
-88.318345087396	819.2	0.0677356173350585	0.0679881750444861	0.19898136894943	0.198822823057812
-88.318345087396	844.8	0.0669796548975017	0.0674366376553062	0.200591310944492	0.200453830750186
-88.318345087396	870.4	0.0665220712479124	0.0668947911532351	0.202372019489089	0.20203904329312
-88.318345087396	896	0.0661008396964831	0.066363777170401	0.204435865367318	0.203583977350161
-88.318345087396	921.6	0.0657961327313615	0.0658446809045052	0.20514913765198	0.205091896098801
-88.318345087396	947.2	0.0653071542755414	0.065338107426742	0.20673126423799	0.206564589908048
-88.318345087396	972.8	0.0648159362841981	0.0648439830855003	0.208352807762377	0.20800474837609
-88.318345087396	998.4	0.0643097443246175	0.0643637380800086	0.2098530981738	0.209410274205593
-88.318345087396	1024	0.063657602505798	0.0638945555819091	0.211278498780362	0.210787111823784
-88.318345087396	1049.6	0.0629559645194676	0.0634333224297044	0.212680977006666	0.212140579068129
-88.318345087396	1075.2	0.0628056089837457	0.0629757092983115	0.213894311631148	0.213482476713531
-88.318345087396	1100.8	0.0623167599440618	0.0625230017252391	0.215007069771218	0.214811609488405
-88.318345087396	1126.4	0.0618843605086632	0.0620759693666638	0.216344909009344	0.216128333545695
-88.318345087396	1152	0.0617904127083068	0.061634247822742	0.217769887832184	0.217435849354893
-88.318345087396	1177.6	0.0614064992395488	0.0611950353749495	0.218973057812406	0.218737112784136
-88.318345087396	1203.2	0.0605471847845093	0.0607608678110255	0.220175499641474	0.220030720803193
-88.318345087396	1228.8	0.0600235231820838	0.0603311480081837	0.222131103848387	0.221320167356037
-88.318345087396	1254.4	0.0594963301569891	0.0599032790684303	0.222850228671759	0.222604779810482
-75.7014386463395	-1254.4	0.0617914540225344	0.0614188422935251	-0.222806738966167	-0.222617040534125
-75.7014386463395	-1228.8	0.0619462817078304	0.0620032452886049	-0.221170210988991	-0.221292465996746
-75.7014386463395	-1203.2	0.0624890202967199	0.0625977396322181	-0.219716603396374	-0.219966143177256
-75.7014386463395	-1177.6	0.06315828924267	0.0632042326779211	-0.218928183460035	-0.218634916466626
-75.7014386463395	-1152	0.0633282563277597	0.0638209845763494	-0.217495872621702	-0.217299634400467
-75.7014386463395	-1126.4	0.0638891574690233	0.0644529788400137	-0.216126390760175	-0.215958927477729
-75.7014386463395	-1100.8	0.0648058456683865	0.0650931742541933	-0.214825038927287	-0.214614539015909
-75.7014386463395	-1075.2	0.0651595234743798	0.0657492420530233	-0.213431131377899	-0.213262567203474
-75.7014386463395	-1049.6	0.0664489560029065	0.0664175407207818	-0.212782908839337	-0.211904310188671
-75.7014386463395	-1024	0.0671664340881985	0.0671024188889016	-0.211068201010526	-0.210534364243464
-75.7014386463395	-998.4	0.0674441484826535	0.0677959831199916	-0.208531036230715	-0.209161994719223
-75.7014386463395	-972.8	0.0680954737790128	0.0685170739595315	-0.207669274907513	-0.207757895238506
-75.7014386463395	-947.2	0.0688784013058057	0.0692535248210842	-0.206400066469592	-0.206336114776228
-75.7014386463395	-921.6	0.0702614384554624	0.0700076717695971	-0.205737709883511	-0.204887522474806
-75.7014386463395	-896	0.0707361718115218	0.0707765565438586	-0.203300128915089	-0.203414903225832
-75.7014386463395	-870.4	0.0716966962050895	0.0715602537405549	-0.202817483646383	-0.20191560468126
-75.7014386463395	-844.8	0.0721935695008029	0.0723591129671488	-0.200473025960907	-0.200384469463873
-75.7014386463395	-819.2	0.0726275738438748	0.0731736426071392	-0.19814140973785	-0.198813203847004
-75.7014386463395	-793.6	0.0734174766421	0.0740049226893398	-0.19706550988863	-0.197191840714587
-75.7014386463395	-768	0.0748399249409277	0.0748543955053949	-0.19670902485942	-0.195510601036963
-75.7014386463395	-742.4	0.0750164578156855	0.0757228738933424	-0.194356611529973	-0.193759766384909
-75.7014386463395	-716.8	0.0760134764702925	0.0766102053824789	-0.192907951337519	-0.19192974222522
-75.7014386463395	-691.2	0.0771696634921595	0.0775159627922527	-0.190848461876208	-0.190012851205411
-75.7014386463395	-665.6	0.0783475436860549	0.078440213553836	-0.189363308253692	-0.188003021844053
-75.7014386463395	-640	0.0793749985470203	0.079383390693163	-0.187321163729951	-0.185893695431406
-75.7014386463395	-614.4	0.0805807749309188	0.0803444398493166	-0.18519483203279	-0.183676007729853
-75.7014386463395	-588.8	0.0811985393453373	0.081320625365306	-0.182743342913534	-0.181339444857519
-75.7014386463395	-563.2	0.0820596945767659	0.0823076881830761	-0.180202316299775	-0.178872837686429
-75.7014386463395	-537.6	0.0832018329938679	0.0832994053460202	-0.177243004734701	-0.176263025599372
-75.7014386463395	-512	0.0847257695808577	0.0842879654837666	-0.17486596292596	-0.173496020529144
-75.7014386463395	-486.4	0.0852867731495347	0.0852645803213049	-0.171686177514999	-0.170555846997164
-75.7014386463395	-460.8	0.0864192072743891	0.0862196214473163	-0.169134578615719	-0.167420946357691
-75.7014386463395	-435.2	0.0872734147561656	0.0871426158301369	-0.165726203280521	-0.164061622477282
-75.7014386463395	-409.6	0.0883500245335581	0.0880232907788942	-0.162820897680433	-0.1604398449307
-75.7014386463395	-384	0.08952318152692	0.0888505303983695	-0.159117304245959	-0.156505279331593
-75.7014386463395	-358.4	0.0904665958131199	0.0896114804104097	-0.155661281704723	-0.15219052054033
-75.7014386463395	-332.8	0.0917124797171229	0.0902921126295245	-0.152340568168321	-0.147407563902855
-75.7014386463395	-307.2	0.09208212623722	0.0908782201924266	-0.147649718482925	-0.142045032829725
-75.7014386463395	-281.6	0.0925171807590031	0.0913562905603066	-0.142391199708107	-0.135970764049681
-75.7014386463395	-256	0.0930321503965849	0.0917138726979693	-0.137087381640362	-0.129040891298148
-75.7014386463395	-230.4	0.0928956230816248	0.0919406440472896	-0.130614222565104	-0.121111815360104
-75.7014386463395	-204.8	0.0934869407465912	0.0920308512238077	-0.123975774544504	-0.112056819276955
-75.7014386463395	-179.2	0.0935374959212637	0.0919868433184105	-0.115906302983924	-0.101786208125723
-75.7014386463395	-153.6	0.0935016148449423	0.0918205643573047	-0.106661322702065	-0.0902658078032101
-75.7014386463395	-128	0.0930489287886128	0.0915508540479897	-0.0952428580869815	-0.0775273154771574
-75.7014386463395	-102.4	0.0920963110814902	0.0911998566024281	-0.0814778379928593	-0.0636699993744687
-75.7014386463395	-76.8	0.0910800522765742	0.0907891596708824	-0.0651362644960253	-0.048854130878017
-75.7014386463395	-51.2	0.0902384835960658	0.0903371854644926	-0.0464409387256312	-0.0332876563170466
-75.7014386463395	-25.6	0.0888901875459513	0.0898581869381098	-0.0242811203388566	-0.0172101493309385
-75.7014386463395	0	0.0877286351442092	0.0893627307831718	-0.00131603886338428	-0.000877926553725312
-75.7014386463395	25.6	0.0865675518952723	0.0888599179508922	0.0225738272011873	0.0154462487268456
-75.7014386463395	51.2	0.0863746475530696	0.0883579223433877	0.0440311142883813	0.03150162219474
-75.7014386463395	76.8	0.0866692610457103	0.0878635052926907	0.0634607085094848	0.0470380037184024
-75.7014386463395	102.4	0.0869092807315813	0.0873811392636235	0.079931364903634	0.0618253024139499
-75.7014386463395	128	0.086783278977683	0.0869117948337337	0.0937336953604987	0.075665375630534
-75.7014386463395	153.6	0.0868725008616184	0.0864526381232427	0.104944072287396	0.0884051693772237
-75.7014386463395	179.2	0.0864766305545312	0.0859963662499732	0.113721910476449	0.0999474434548944
-75.7014386463395	204.8	0.0861072207034372	0.0855315467322862	0.121526394490978	0.11025700198958
-75.7014386463395	230.4	0.0852074769393799	0.0850444632147268	0.12816625968067	0.119361088793031
-75.7014386463395	256	0.0850310584318928	0.0845216306014732	0.135027774187657	0.127343683553077
-75.7014386463395	281.6	0.0841918969813834	0.0839524510214156	0.140144327182391	0.134330616020175
-75.7014386463395	307.2	0.0838666014984846	0.0833331817079245	0.145592500642976	0.140468288416843
-75.7014386463395	332.8	0.0831534132946235	0.0826679390568305	0.150392342381407	0.145903091610533
-75.7014386463395	358.4	0.0821293068281357	0.0819658137964396	0.154191959006588	0.150765965477093
-75.7014386463395	384	0.081403527387307	0.0812371824818969	0.158119010136808	0.155165274448052
-75.7014386463395	409.6	0.0806776905249212	0.0804915813654278	0.162175922613164	0.159185798959288
-75.7014386463395	435.2	0.0797004322572555	0.0797366901191998	0.165245119155977	0.162890793684123
-75.7014386463395	460.8	0.078952014026373	0.0789785154937122	0.168432057888868	0.166326792752415
-75.7014386463395	486.4	0.0779984864457516	0.078221969337811	0.17130760191899	0.169528682490497
-75.7014386463395	512	0.0773988338864275	0.0774715566001511	0.174380531939611	0.172524217906725
-75.7014386463395	537.6	0.0765184440223488	0.0767312399174685	0.176807056565752	0.175336901334702
-75.7014386463395	563.2	0.0759061795663691	0.0760039426470171	0.179391013999679	0.177987150983984
-75.7014386463395	588.8	0.0750786507731278	0.0752913705421702	0.181834843849952	0.180492702452806
-75.7014386463395	614.4	0.0743763943447615	0.0745943584207874	0.184237224664628	0.18286924750682
-75.7014386463395	640	0.073710113958777	0.0739135979427351	0.186159018868143	0.185130517631267
-75.7014386463395	665.6	0.0731775893725823	0.073249582139502	0.188497564728071	0.187287141270695
-75.7014386463395	691.2	0.0725782876429778	0.0726020687566722	0.19011610009858	0.189347563288635
-75.7014386463395	716.8	0.0718876291414063	0.0719703484377532	0.191998537355826	0.191319446492571
-75.7014386463395	742.4	0.0714264155570304	0.0713538633959145	0.194107897657284	0.193210301645345
-75.7014386463395	768	0.0708080645795038	0.0707518938110651	0.195530160056884	0.195028285317927
-75.7014386463395	793.6	0.0700982784342969	0.0701625915874876	0.197200905184692	0.196781001735414
-75.7014386463395	819.2	0.0694018710049091	0.069584203505581	0.198835052299324	0.1984751906658
-75.7014386463395	844.8	0.0684705074708297	0.0690157226130661	0.200306651710113	0.200116263266519
-75.7014386463395	870.4	0.0679362235664485	0.0684573154583687	0.201966507873687	0.201709755706258
-75.7014386463395	896	0.067704752626946	0.0679099926296615	0.20387413987735	0.203261326628542
-75.7014386463395	921.6	0.0674535518639429	0.0673747512368841	0.204778595637917	0.204774800538314
-75.7014386463395	947.2	0.0667533515986331	0.0668520578350107	0.206300451654122	0.206252957424496
-75.7014386463395	972.8	0.0661798285066597	0.0663444646482136	0.207914691526852	0.207692919470542
-75.7014386463395	998.4	0.0658144931464014	0.0658464773215303	0.209702367393792	0.209108658879157
-75.7014386463395	1024	0.0653578995835968	0.0653652045651992	0.211136699075146	0.210483293254148
-75.7014386463395	1049.6	0.0644510873009844	0.0648861636778559	0.21220378630221	0.211851553938936
-75.7014386463395	1075.2	0.0640204254580836	0.0644152223733906	0.213483834976053	0.2132011836781
-75.7014386463395	1100.8	0.0634958659531425	0.0639500465888121	0.214580576616694	0.214538741692887
-75.7014386463395	1126.4	0.0631898202143159	0.063492572066323	0.216111184407447	0.215862911378198
-75.7014386463395	1152	0.0631637839010615	0.0630376910718805	0.217664576086546	0.217179963782298
-75.7014386463395	1177.6	0.062579046305682	0.0625911155459606	0.218712068753555	0.218486901156391
-75.7014386463395	1203.2	0.0620321522757008	0.0621479504443466	0.219462782622693	0.219787232080402
-75.7014386463395	1228.8	0.0616201395514089	0.061708013995901	0.221970468633392	0.221081047592647
-75.7014386463395	1254.4	0.0610774291523648	0.0612725864396999	0.222582533798574	0.222371426096924
-63.0845322052828	-1254.4	0.0625471981865681	0.062794749375513	-0.222119643703341	-0.222371340485666
-63.0845322052828	-1228.8	0.0630085844702582	0.0633908468681742	-0.220844597816834	-0.221044896017541
-63.0845322052828	-1203.2	0.0634104518603634	0.0639979047397427	-0.219156024845614	-0.21971499842948
-63.0845322052828	-1177.6	0.0641888611785949	0.0646162925422607	-0.218542468047294	-0.218380570407642
-63.0845322052828	-1152	0.0646590246672273	0.0652474429803064	-0.217297092612248	-0.217041469298467
-63.0845322052828	-1126.4	0.0652506730105293	0.0658887867714118	-0.215826342532736	-0.215697160544841
-63.0845322052828	-1100.8	0.0659413756973768	0.0665459649151009	-0.214512841188997	-0.214345829775829
-63.0845322052828	-1075.2	0.0668896980902405	0.0672112883034087	-0.213342734551189	-0.212990945926424
-63.0845322052828	-1049.6	0.0675814121441288	0.0678945999885905	-0.212587557900085	-0.211625115174488
-63.0845322052828	-1024	0.0685258174142412	0.0685871978352464	-0.211355435025576	-0.210255109177243
-63.0845322052828	-998.4	0.068785080057715	0.0693013828389625	-0.208586417797743	-0.208865074944579
-63.0845322052828	-972.8	0.06924455192757	0.0700277596455364	-0.206984105160211	-0.207466193490355
-63.0845322052828	-947.2	0.0700582564068104	0.0707755405671242	-0.20593357447127	-0.206041548996525
-63.0845322052828	-921.6	0.0711914354765354	0.0715445589705408	-0.204817197353082	-0.204583264319109
-63.0845322052828	-896	0.0722343099435424	0.0723293435367105	-0.202988345315218	-0.203097766878932
-63.0845322052828	-870.4	0.0729509874577784	0.0731297858020244	-0.203011869532233	-0.201582370410765
-63.0845322052828	-844.8	0.0735306394499378	0.073945967794996	-0.200313956374365	-0.200032030890766
-63.0845322052828	-819.2	0.0740909138498046	0.0747785066483829	-0.197712183345911	-0.19843901377081
-63.0845322052828	-793.6	0.0750582807615443	0.0756286523466309	-0.196499647523367	-0.196794455411294
-63.0845322052828	-768	0.076152935434474	0.076497785998251	-0.195824678133956	-0.195089280389143
-63.0845322052828	-742.4	0.0765742636821219	0.0773868406261085	-0.193889060074547	-0.193314884959164
-63.0845322052828	-716.8	0.0777620852915002	0.0782955707926959	-0.192515391557993	-0.191462444176289
-63.0845322052828	-691.2	0.0789732933374842	0.0792231209468411	-0.190527748015604	-0.189523684329055
-63.0845322052828	-665.6	0.0799688111983009	0.0801691413084176	-0.188791096922398	-0.187491806460763
-63.0845322052828	-640	0.0811058376603592	0.0811338260948948	-0.186687936550109	-0.185360579833214
-63.0845322052828	-614.4	0.0821754404790871	0.0821166358108469	-0.184595744992751	-0.183122531113723
-63.0845322052828	-588.8	0.0831433294042753	0.0831150307323017	-0.182538134786679	-0.180767608290373
-63.0845322052828	-563.2	0.0837719396657323	0.0841245202058192	-0.179386200524111	-0.178284351215515
-63.0845322052828	-537.6	0.0849034436107991	0.0851387668741892	-0.176723113630788	-0.175659288773357
-63.0845322052828	-512	0.0863631281340858	0.0861497577013371	-0.174340447865634	-0.172876943331946
-63.0845322052828	-486.4	0.0872748127336709	0.0871486948653201	-0.171409622818027	-0.169919989517091
-63.0845322052828	-460.8	0.0883431112956892	0.0881260791212731	-0.168609000008113	-0.166766415477931
-63.0845322052828	-435.2	0.0891887504218713	0.0890714514145984	-0.165338784181903	-0.163386206047931
-63.0845322052828	-409.6	0.0905107901670949	0.0899740251947356	-0.162465844626618	-0.159739788504201
-63.0845322052828	-384	0.0914010751507702	0.0908227234607635	-0.158490091999398	-0.155775155507267
-63.0845322052828	-358.4	0.0925683040393049	0.0916052942254369	-0.155191134074674	-0.15142272610802
-63.0845322052828	-332.8	0.0937939906548649	0.0923089002377547	-0.151718566540194	-0.146591761842741
-63.0845322052828	-307.2	0.0940665374460124	0.0929208621718578	-0.146917683741948	-0.141168988051451
-63.0845322052828	-281.6	0.094591664481795	0.0934280567898752	-0.14178339467582	-0.135022277381418
-63.0845322052828	-256	0.0953175221333099	0.0938169871807941	-0.136700162069911	-0.128010348815221
-63.0845322052828	-230.4	0.0952801418066272	0.0940765400576523	-0.130434036730208	-0.119996382583685
-63.0845322052828	-204.8	0.0957858552614893	0.0942020800431411	-0.1235901670245	-0.110865324145553
-63.0845322052828	-179.2	0.0954704566679208	0.0941972187580332	-0.115536212159251	-0.100542987021556
-63.0845322052828	-153.6	0.0956467916671861	0.0940736047935167	-0.106500149910342	-0.0890117939130732
-63.0845322052828	-128	0.0952660489512288	0.0938486114726713	-0.0952202057976668	-0.0763179495376081
-63.0845322052828	-102.4	0.0945608887754832	0.0935416524372803	-0.0817761243323677	-0.0625694246113268
-63.0845322052828	-76.8	0.093821618015181	0.0931711326010192	-0.0654368399384704	-0.0479270571815146
-63.0845322052828	-51.2	0.0927478630118016	0.092752579849055	-0.04629617199382	-0.0325910612381737
-63.0845322052828	-25.6	0.0917069811473665	0.0922983279600915	-0.0246539933853758	-0.016786055277359
-63.0845322052828	0	0.0901874122951366	0.0918175987161164	-0.00132384930851484	-0.000748195944400301
-63.0845322052828	25.6	0.0892102249285356	0.0913180188486679	0.0225768610920638	0.0152827722811319
-63.0845322052828	51.2	0.0889213935725282	0.0908069619024486	0.044388976929926	0.031068930045539
-63.0845322052828	76.8	0.0892425214015726	0.0902909903675944	0.0639251455318392	0.0463799125706653
-63.0845322052828	102.4	0.0893936466297573	0.0897753264232347	0.0805766607431032	0.0610000935577989
-63.0845322052828	128	0.0891738632641362	0.0892628994840366	0.0942330957343173	0.0747382920914026
-63.0845322052828	153.6	0.0892127949230204	0.0887535878415415	0.105032603647208	0.087439788243651
-63.0845322052828	179.2	0.0888109146087566	0.088243616347679	0.113797937028147	0.0989978830652199
-63.0845322052828	204.8	0.0882826739614698	0.0877254185342301	0.121553338882134	0.109362789076906
-63.0845322052828	230.4	0.0876328942530404	0.0871888739021305	0.128564422639389	0.118545261010067
-63.0845322052828	256	0.087068629698523	0.0866230693877314	0.134871296303467	0.126612465705825
-63.0845322052828	281.6	0.0863453675030253	0.0860179402549661	0.140222168398898	0.13367638319263
-63.0845322052828	307.2	0.0858281600641823	0.0853676255613603	0.14521672681424	0.139875428491574
-63.0845322052828	332.8	0.0851756148970126	0.0846737880597511	0.150198754083026	0.145354061647799
-63.0845322052828	358.4	0.0840562905199352	0.0839445562037133	0.153860367473593	0.150245848904744
-63.0845322052828	384	0.0834133008034052	0.0831901030426154	0.157583761050733	0.154663275826064
-63.0845322052828	409.6	0.0825175045822783	0.0824198730090032	0.161627593713381	0.158694924997695
-63.0845322052828	435.2	0.0815527015976397	0.0816413804744547	0.164880562555989	0.162406894071665
-63.0845322052828	460.8	0.0807015040547955	0.0808604677699091	0.167572871785748	0.165847412499963
-63.0845322052828	486.4	0.0799012697523547	0.0800819487139306	0.170785718755902	0.169052115383858
-63.0845322052828	512	0.0791197317211772	0.0793100256974293	0.173716310405695	0.172049599474486
-63.0845322052828	537.6	0.078314537505662	0.0785482752056231	0.176456149726675	0.174864440271431
-63.0845322052828	563.2	0.0776323191565554	0.0777992955355754	0.179017347950599	0.177517918965702
-63.0845322052828	588.8	0.0767702308092734	0.0770648624374035	0.181402796735184	0.180028365164157
-63.0845322052828	614.4	0.0759732439405287	0.0763461903543965	0.183112575491778	0.182411818659929
-63.0845322052828	640	0.0753539859806499	0.075644417093031	0.185604064674381	0.184681988970307
-63.0845322052828	665.6	0.0748128094540473	0.0749601568096336	0.1880505413838	0.186849327516613
-63.0845322052828	691.2	0.074194012400175	0.0742931063569529	0.189837220015143	0.188921948812379
-63.0845322052828	716.8	0.0736210704166925	0.0736426024898132	0.191682059961266	0.190907215231854
-63.0845322052828	742.4	0.0730584819919111	0.0730078156255292	0.193514768730812	0.192812006722757
-63.0845322052828	768	0.0723616456264215	0.0723874985617294	0.195297775390427	0.194643457660375
-63.0845322052828	793.6	0.0717480112952878	0.071779873213953	0.19704807914807	0.196408794005134
-63.0845322052828	819.2	0.0709995614911312	0.0711836179240017	0.198627361652687	0.198114503357285
-63.0845322052828	844.8	0.0700049378441082	0.0705979623874031	0.200068849851263	0.199765953307337
-63.0845322052828	870.4	0.0695364101333892	0.0700229081167835	0.201692788402135	0.201368478218676
-63.0845322052828	896	0.0693019792397744	0.0694592231461237	0.203276183842084	0.202927560646085
-63.0845322052828	921.6	0.0689629628023627	0.068907819731099	0.204581917972745	0.204447589786286
-63.0845322052828	947.2	0.0681503122574825	0.0683690811305374	0.205927743823914	0.205932488325411
-63.0845322052828	972.8	0.0676552826137277	0.0678488396357028	0.207719978531412	0.207370676239162
-63.0845322052828	998.4	0.0674229844845457	0.0673383192176982	0.209557657215444	0.208785028592148
-63.0845322052828	1024	0.0670206066558685	0.0668352796863424	0.210926217942989	0.210181522568123
-63.0845322052828	1049.6	0.0659413760735843	0.0663441642039789	0.211728138443699	0.211552592743646
-63.0845322052828	1075.2	0.0652272913695539	0.0658574906572615	0.213075302239675	0.212915632189455
-63.0845322052828	1100.8	0.0649788825478888	0.0653820344447058	0.214046393391353	0.214259470865637
-63.0845322052828	1126.4	0.064617433332615	0.0649099145600631	0.215907001588878	0.215595453457643
-63.0845322052828	1152	0.0643517202033967	0.064447375532204	0.217422681878249	0.216918441441514
-63.0845322052828	1177.6	0.0639070597546444	0.0639891413491356	0.218254210239888	0.218232677904389
-63.0845322052828	1203.2	0.0635330258635194	0.0635372005537648	0.218848280665632	0.219539271021833
-63.0845322052828	1228.8	0.0632184875971528	0.063089964979133	0.221809659194822	0.220839874964829
-63.0845322052828	1254.4	0.0626563583672191	0.0626462866534198	0.222301751919097	0.22213541022207
-50.4676257642263	-1254.4	0.0640919917052601	0.0641762289351697	-0.221745366513107	-0.222123945177428
-50.4676257642263	-1228.8	0.0646418355570208	0.064783872944038	-0.220629883574964	-0.220793433970882
-50.4676257642263	-1203.2	0.0650224843240252	0.0654033557436934	-0.218890361895691	-0.219462827348684
-50.4676257642263	-1177.6	0.0655407675121801	0.0660339557003059	-0.218066197842664	-0.21812427912646
-50.4676257642263	-1152	0.0663168933327375	0.0666757745827684	-0.217009671014699	-0.216780409026008
-50.4676257642263	-1126.4	0.0669315130389229	0.0673318517381935	-0.215652004711364	-0.215430704463207
-50.4676257642263	-1100.8	0.0677260555973226	0.0679973493675803	-0.214626735884662	-0.214075728219686
-50.4676257642263	-1075.2	0.0686921593590185	0.0686812834011797	-0.213266035603011	-0.212710615594939
-50.4676257642263	-1049.6	0.0692349986502917	0.0693731612612669	-0.212292603882577	-0.211341456955189
-50.4676257642263	-1024	0.0699475421337423	0.0700837043914571	-0.210595277825095	-0.209958122885775
-50.4676257642263	-998.4	0.070432115862418	0.0708039000760823	-0.208672219297559	-0.208569060773385
-50.4676257642263	-972.8	0.0708869404005707	0.0715425057610713	-0.20641130642201	-0.207162842766298
-50.4676257642263	-947.2	0.0716203612391191	0.0723045170946872	-0.205636647204553	-0.205727786375241
-50.4676257642263	-921.6	0.072799987977823	0.0730879834127474	-0.204469999034026	-0.204259936741081
-50.4676257642263	-896	0.0737434811245498	0.0738891127945766	-0.202658705375288	-0.202760932164361
-50.4676257642263	-870.4	0.0744630537293023	0.0747071038322851	-0.202504516317129	-0.201227431463904
-50.4676257642263	-844.8	0.0752072535116675	0.0755414988774541	-0.200119183586999	-0.199654146148594
-50.4676257642263	-819.2	0.0758132548083384	0.076392696552174	-0.197631975892519	-0.198034384854905
-50.4676257642263	-793.6	0.0767580372290822	0.0772620238317115	-0.196125133819584	-0.196360818449964
-50.4676257642263	-768	0.0779437524623799	0.0781508263785657	-0.195504390084297	-0.194625752603109
-50.4676257642263	-742.4	0.0784332675074514	0.0790599365278071	-0.193641142483076	-0.192821644351169
-50.4676257642263	-716.8	0.0795254216762482	0.0799893221221822	-0.192093923400855	-0.190940981511644
-50.4676257642263	-691.2	0.0808878006988944	0.0809380043402831	-0.190451018687866	-0.188975445537566
-50.4676257642263	-665.6	0.0814219399384113	0.081905213804839	-0.187963446193828	-0.186917236836261
-50.4676257642263	-640	0.0826711978746741	0.0828905694068464	-0.186023717386524	-0.184759922301498
-50.4676257642263	-614.4	0.08363118698609	0.0838937178645515	-0.184258204998072	-0.182497091230691
-50.4676257642263	-588.8	0.0848281486742234	0.0849125721367659	-0.181753208432941	-0.180119791035829
-50.4676257642263	-563.2	0.0853830637976726	0.0859421706574468	-0.17872447136906	-0.177615555680761
-50.4676257642263	-537.6	0.0867889431761414	0.086975769333451	-0.176339022055926	-0.17496988046613
-50.4676257642263	-512	0.0881589507785628	0.088005256493189	-0.173703593972545	-0.17216524044957
-50.4676257642263	-486.4	0.0892086530483099	0.0890217131859526	-0.170834516373585	-0.169181534962366
-50.4676257642263	-460.8	0.0903423733501679	0.0900158140716902	-0.168049668823133	-0.16599497884211
-50.4676257642263	-435.2	0.091381337639148	0.0909773394326533	-0.165145487148906	-0.162574456835046
-50.4676257642263	-409.6	0.0923736363386489	0.0918954004221471	-0.161588164526272	-0.15887770801301
-50.4676257642263	-384	0.0935163703103159	0.0927591414683309	-0.157945635363744	-0.154848766306326
-50.4676257642263	-358.4	0.0945075749232215	0.0935572263376158	-0.154578501633043	-0.15041327637489
-50.4676257642263	-332.8	0.0956076272192737	0.0942782693566467	-0.150495543430104	-0.145475866141156
-50.4676257642263	-307.2	0.0962938680343518	0.0949108315092579	-0.14651112719327	-0.13992191282295
-50.4676257642263	-281.6	0.0968496905258875	0.095441442502703	-0.141473421806251	-0.133622510986442
-50.4676257642263	-256	0.097484882736287	0.0958559871862132	-0.136320425573904	-0.126444181602994
-50.4676257642263	-230.4	0.0977994987562858	0.096144843945963	-0.130177840568814	-0.118265072359234
-50.4676257642263	-204.8	0.0977786932044388	0.0963061748061489	-0.123001772310708	-0.108992997539881
-50.4676257642263	-179.2	0.0976811918498706	0.0963453832059171	-0.115010795954195	-0.0985807904087614
-50.4676257642263	-153.6	0.0979000974465162	0.0962732774989113	-0.106481934883851	-0.0870364905569375
-50.4676257642263	-128	0.0976537258881393	0.0961042184231508	-0.0952234355823296	-0.0744255882199992
-50.4676257642263	-102.4	0.0973923110960414	0.0958534069759816	-0.081961733599886	-0.0608651353683463
-50.4676257642263	-76.8	0.0964737361849903	0.0955348621100319	-0.0655500994999566	-0.0465124167806811
-50.4676257642263	-51.2	0.0957487042111195	0.0951604574082866	-0.0465786725360455	-0.0315521162341745
-50.4676257642263	-25.6	0.0947001337180081	0.0947399685205185	-0.0249564194147317	-0.0161843305972127
-50.4676257642263	0	0.0930847127080062	0.0942812367977154	-0.00160294307987457	-0.000615140772360604
-50.4676257642263	25.6	0.0918859877177092	0.0937906134282047	0.0225080391056289	0.0149487689121295
-50.4676257642263	51.2	0.0917017794891829	0.0932742324256609	0.0445094843621885	0.0303026554165189
-50.4676257642263	76.8	0.0918521090713104	0.0927384623351455	0.0643536433424549	0.0452456944908645
-50.4676257642263	102.4	0.0919546461031416	0.0921893043239541	0.0810848392555219	0.0595851428212044
-50.4676257642263	128	0.0916731747341724	0.0916316271271884	0.0945799166092485	0.0731433102728577
-50.4676257642263	153.6	0.0916310109454297	0.0910680101254685	0.105490754871892	0.0857673117563255
-50.4676257642263	179.2	0.0911330735314846	0.090498317198247	0.1139440006052	0.097340678119335
-50.4676257642263	204.8	0.0904052224225907	0.0899197062368177	0.12145413507699	0.107795102424347
-50.4676257642263	230.4	0.0897092378349445	0.0893269260713482	0.128455662494941	0.117117436350093
-50.4676257642263	256	0.089091907787078	0.0887127779124932	0.134551159072901	0.125348631005477
-50.4676257642263	281.6	0.0885679379887707	0.0880693377971943	0.140271623585621	0.132575497585504
-50.4676257642263	307.2	0.0877003293452878	0.0873896003853815	0.144773217772053	0.138917735530849
-50.4676257642263	332.8	0.0869927110102927	0.0866712797563931	0.149528913098888	0.144510884545157
-50.4676257642263	358.4	0.086162051640931	0.0859191224422193	0.153773005577649	0.149488266931359
-50.4676257642263	384	0.0853799435698122	0.0851424743341675	0.15739836299914	0.153967180386178
-50.4676257642263	409.6	0.0844552218499977	0.0843505733947642	0.161135058925869	0.158042229702408
-50.4676257642263	435.2	0.0835709158866865	0.0835509388699306	0.164287203196626	0.161784982380781
-50.4676257642263	460.8	0.0825277798620919	0.0827494693235829	0.167230679415946	0.165247655396061
-50.4676257642263	486.4	0.0816009777436226	0.0819508834681105	0.170062159868356	0.168469078542518
-50.4676257642263	512	0.0808699672294783	0.081158973553433	0.173198489097319	0.17148012919122
-50.4676257642263	537.6	0.0800586315637811	0.0803766980558014	0.17602833959159	0.174306915239049
-50.4676257642263	563.2	0.0792836110678874	0.079606437724049	0.178414843505265	0.176971946643254
-50.4676257642263	588.8	0.0784010968106571	0.0788500982821437	0.180798286899796	0.179494410909221
-50.4676257642263	614.4	0.077809036268355	0.078109707413345	0.182974182664156	0.18189105590971
-50.4676257642263	640	0.0770177356798661	0.0773867676315881	0.185328518487909	0.184175341192447
-50.4676257642263	665.6	0.0765032646962101	0.0766818328830519	0.187795576276292	0.186357810860273
-50.4676257642263	691.2	0.0757642870669799	0.0759948439497102	0.189567527566349	0.188447031405401
-50.4676257642263	716.8	0.0752594022756663	0.0753252606334116	0.191438635821701	0.190450098757217
-50.4676257642263	742.4	0.0746678241647206	0.074671844081224	0.193069876337517	0.19237327124982
-50.4676257642263	768	0.0739278920998724	0.0740325596435564	0.194697488660644	0.194222222942789
-50.4676257642263	793.6	0.0734743916647183	0.0734059943635302	0.196809725666738	0.196003359616298
-50.4676257642263	819.2	0.0724502690225104	0.0727913885892784	0.198248972184084	0.197722902078678
-50.4676257642263	844.8	0.071735724003496	0.0721883133721548	0.199855759501338	0.199386733007665
-50.4676257642263	870.4	0.0711425442590908	0.0715966645026807	0.201539551107448	0.201000434383391
-50.4676257642263	896	0.0710208987589197	0.0710168568019699	0.203245050064862	0.202569063414412
-50.4676257642263	921.6	0.0704407251540747	0.0704494436222938	0.204520958565049	0.204097590352979
-50.4676257642263	947.2	0.0696651379716446	0.0698954106340341	0.205871566678998	0.20558867697624
-50.4676257642263	972.8	0.0692076308344588	0.069354658644333	0.20762166122733	0.207045201095588
-50.4676257642263	998.4	0.0689608605075691	0.0688285783927824	0.209158770839629	0.208465613117113
-50.4676257642263	1024	0.068407160641235	0.068313097631083	0.210430508177675	0.20986386051514
-50.4676257642263	1049.6	0.0673332360629405	0.0678031494879548	0.21142643400899	0.211253553994331
-50.4676257642263	1075.2	0.0669411115518902	0.0673058703098406	0.212919358693348	0.212621532059768
-50.4676257642263	1100.8	0.0666342049793477	0.0668139079083681	0.213427971525106	0.213979878186366
-50.4676257642263	1126.4	0.0662461139458542	0.0663341232817665	0.21522564292386	0.215321641721034
-50.4676257642263	1152	0.0657662211787183	0.0658588537820924	0.216824731290581	0.21665348260669
-50.4676257642263	1177.6	0.0654618725500727	0.0653925503747561	0.217710378795487	0.217975231568302
-50.4676257642263	1203.2	0.0649458375660331	0.0649322993155785	0.218908903897587	0.219289187874115
-50.4676257642263	1228.8	0.0645685935367377	0.0644730970989013	0.221381071337379	0.220593051504085
-50.4676257642263	1254.4	0.0639397745096348	0.0640236527060782	0.221830256232191	0.221895934341769
-37.8507193231696	-1280	0.065770717276767	0.064956749763765	-0.223454484126485	-0.223196027500352
-37.8507193231696	-1254.4	0.0658868494841233	0.0655632150425589	-0.221414812297304	-0.221872556494436
-37.8507193231696	-1228.8	0.0664777970153028	0.066181957936131	-0.220455053413202	-0.220542775095716
-37.8507193231696	-1203.2	0.0668594357391327	0.0668119071882689	-0.218647209368785	-0.219205878243732
-37.8507193231696	-1177.6	0.0670916315202571	0.0674554954398435	-0.217652391562424	-0.217865217517535
-37.8507193231696	-1152	0.0678028730684703	0.0681087756334824	-0.216563787821373	-0.216516375683165
-37.8507193231696	-1126.4	0.0686326235958484	0.068774620535193	-0.215905418353	-0.215161859285734
-37.8507193231696	-1100.8	0.0694910544987739	0.0694557814266776	-0.214930691956328	-0.213799640966311
-37.8507193231696	-1075.2	0.0701811271353277	0.0701460442330991	-0.212859083490203	-0.21243194615282
-37.8507193231696	-1049.6	0.0709917002424306	0.0708575648442492	-0.211912469406242	-0.211049561491746
-37.8507193231696	-1024	0.0714526648164653	0.0715736583451764	-0.209666409149309	-0.209665401585757
-37.8507193231696	-998.4	0.0721093981682456	0.0723109997686088	-0.208473229433634	-0.208262602861134
-37.8507193231696	-972.8	0.0726572552593919	0.0730635080404121	-0.206133293282661	-0.20684485597182
-37.8507193231696	-947.2	0.0734395098550129	0.0738361962259476	-0.205171171768823	-0.205403072305704
-37.8507193231696	-921.6	0.0744738291735577	0.0746303815916288	-0.204190143570623	-0.203930341787068
-37.8507193231696	-896	0.0752551216839106	0.0754474274831336	-0.202508349760521	-0.202417621000688
-37.8507193231696	-870.4	0.0760171306069026	0.0762825500705665	-0.201804787002755	-0.200866188446139
-37.8507193231696	-844.8	0.0770310883345087	0.0771350240998778	-0.199826762553802	-0.199270713083246
-37.8507193231696	-819.2	0.0776407476067912	0.0780049477540167	-0.197585026674227	-0.197625426904694
-37.8507193231696	-793.6	0.0785537654421291	0.0788934248676557	-0.196040995303948	-0.195924079309104
-37.8507193231696	-768	0.0796559741644616	0.0798017120330587	-0.19514203826385	-0.194160293281087
-37.8507193231696	-742.4	0.0804229995240383	0.080730539462148	-0.193529843144242	-0.192327440340028
-37.8507193231696	-716.8	0.0814088172113581	0.0816800031037211	-0.19171975618815	-0.190418725585493
-37.8507193231696	-691.2	0.0829111077062765	0.0826494467726469	-0.190594410668352	-0.188426523184601
-37.8507193231696	-665.6	0.0832633961990474	0.0836378044781541	-0.187796382377433	-0.18634281001237
-37.8507193231696	-640	0.084536440606107	0.0846442990624569	-0.185924343655029	-0.184160651725174
-37.8507193231696	-614.4	0.0855292548402942	0.0856682702768744	-0.183976343591142	-0.181873723966938
-37.8507193231696	-588.8	0.0866248247394112	0.0867075833372651	-0.18129025437816	-0.179473644150674
-37.8507193231696	-563.2	0.0872142736781297	0.0877573454865469	-0.178178131182315	-0.176947849619083
-37.8507193231696	-537.6	0.0887644607419341	0.0888105040925108	-0.176030713904934	-0.174280557241088
-37.8507193231696	-512	0.0898960263066379	0.0898588277888629	-0.173038037720909	-0.171452793663228
-37.8507193231696	-486.4	0.0908748000372744	0.0908934018204333	-0.170043863493266	-0.168442302813917
-37.8507193231696	-460.8	0.092302300615942	0.0919047602457382	-0.167554886982089	-0.165223145667938
-37.8507193231696	-435.2	0.0935109011024834	0.0928829021880694	-0.16477652736524	-0.161762321737084
-37.8507193231696	-409.6	0.0942176426079939	0.0938174416028752	-0.160746989198213	-0.158015259640185
-37.8507193231696	-384	0.0955606520041767	0.0946979047391737	-0.157272220104039	-0.153921680264987
-37.8507193231696	-358.4	0.0963401357847394	0.0955139845474102	-0.153822443422196	-0.149402451537439
-37.8507193231696	-332.8	0.09788038141078	0.0962554440149645	-0.150116298184312	-0.144359093664382
-37.8507193231696	-307.2	0.0985276482442284	0.096910691864405	-0.145938125742581	-0.138676875541744
-37.8507193231696	-281.6	0.0991456341155023	0.0974657763823116	-0.141161161361796	-0.132231159399614
-37.8507193231696	-256	0.099675730009329	0.0979074004675544	-0.135913424820469	-0.124897983885767
-37.8507193231696	-230.4	0.1000582392383	0.0982280617210203	-0.129627979472513	-0.116571157080517
-37.8507193231696	-204.8	0.100126964360063	0.0984276446960129	-0.122609799805377	-0.107179857061501
-37.8507193231696	-179.2	0.100327785788563	0.0985120725501848	-0.11496948823337	-0.0967007116239994
-37.8507193231696	-153.6	0.100239391258786	0.0984909203377636	-0.10649910130655	-0.0851628666624841
-37.8507193231696	-128	0.100208444755973	0.0983755147702061	-0.0952413875961569	-0.0726463390991168
-37.8507193231696	-102.4	0.0998804071317695	0.0981773019962705	-0.0816558936399201	-0.0592734339174346
-37.8507193231696	-76.8	0.0990989265261509	0.0979067925768556	-0.0654675230310634	-0.0451964674552554
-37.8507193231696	-51.2	0.0988813167922296	0.097573012014743	-0.0468081152269254	-0.0305855863266589
-37.8507193231696	-25.6	0.0980242811313531	0.0971835328339138	-0.0251407501092608	-0.0156192680076838
-37.8507193231696	0	0.0960333861252721	0.0967447463075159	-0.00215543513778776	-0.000477872130515838
-37.8507193231696	25.6	0.0943918885656956	0.0962620448597328	0.022098618582699	0.0146597461205456
-37.8507193231696	51.2	0.0943911753120978	0.0957406473116559	0.0449881905250827	0.0296167792382195
-37.8507193231696	76.8	0.0944854627555036	0.0951867397821463	0.0651212226746664	0.0442177173454747
-37.8507193231696	102.4	0.0946106246329315	0.0946070986656602	0.0813116805451372	0.0582897497911988
-37.8507193231696	128	0.0942568369632428	0.0940080323493192	0.0948019033986514	0.0716676326021914
-37.8507193231696	153.6	0.094021604144046	0.0933943649119971	0.105513380200349	0.0842017262292355
-37.8507193231696	179.2	0.0934436545190575	0.0927690473823344	0.114065205908214	0.0957697396487904
-37.8507193231696	204.8	0.0926245894458768	0.09213307455721	0.121646994032096	0.106289474543826
-37.8507193231696	230.4	0.0919858329255111	0.0914851756169393	0.128476738594708	0.115727848642342
-37.8507193231696	256	0.0912153880430662	0.0908215744890931	0.134313673953507	0.124103133565874
-37.8507193231696	281.6	0.0907981825159541	0.0901365026188012	0.140267194037775	0.131479929009116
-37.8507193231696	307.2	0.0899441935568972	0.0894235890683698	0.14488208096121	0.137959718395994
-37.8507193231696	332.8	0.0890443804105327	0.088678356619246	0.149175141264184	0.143666897731266
-37.8507193231696	358.4	0.0883467330279419	0.0879020439138181	0.153791006240323	0.148731673484594
-37.8507193231696	384	0.0872956193654881	0.0871019660865331	0.157159657707062	0.153274030342841
-37.8507193231696	409.6	0.0863478287974932	0.0862870903590377	0.160616433861054	0.157393646620477
-37.8507193231696	435.2	0.0851796065954202	0.0854650370608718	0.163556428039662	0.161167199713559
-37.8507193231696	460.8	0.0844900789327582	0.0846417889742737	0.167287949592635	0.164651414428599
-37.8507193231696	486.4	0.0834085324964903	0.0838219772476456	0.169751766676063	0.167888984574864
-37.8507193231696	512	0.083032052561415	0.0830090453322505	0.17318359471926	0.170913408381195
-37.8507193231696	537.6	0.0818342605555047	0.0822056229424238	0.175624353589553	0.173752336449492
-37.8507193231696	563.2	0.0809676138919514	0.0814138739473534	0.177884633022693	0.17642919321166
-37.8507193231696	588.8	0.0802237517319845	0.0806360522988137	0.180337825255365	0.178964119141609
-37.8507193231696	614.4	0.0796917193296087	0.0798744701203656	0.182898715405509	0.181373983455349
-37.8507193231696	640	0.0787308378680183	0.0791307473754391	0.185115262388364	0.183672183783363
-37.8507193231696	665.6	0.0783286469811887	0.0784054478017041	0.187555095035321	0.185869431148666
-37.8507193231696	691.2	0.0774214648961629	0.0776986386969946	0.189283986721625	0.187974545397848
-37.8507193231696	716.8	0.076880419892363	0.0770098174030658	0.191214944160251	0.189994523671392
-37.8507193231696	742.4	0.0762311806512862	0.0763373447131066	0.192387244543733	0.191934853602129
-37.8507193231696	768	0.0756576823441406	0.0756791159669467	0.19437301078683	0.19380050465954
-37.8507193231696	793.6	0.0750522050854026	0.0750338528001789	0.196465944631351	0.195596826520562
-37.8507193231696	819.2	0.0739441256828406	0.0744010688395443	0.197864262847964	0.197329846518153
-37.8507193231696	844.8	0.0735533596716794	0.0737805049097642	0.199603203771893	0.199005886999202
-37.8507193231696	870.4	0.0726950651080777	0.0731720632075827	0.20115549597456	0.200630681631662
-37.8507193231696	896	0.0728320362535108	0.072575909851361	0.203507107101526	0.202209297813361
-37.8507193231696	921.6	0.0721102454107515	0.0719921746093815	0.204504946432103	0.203747117947862
-37.8507193231696	947.2	0.071258379768613	0.0714236854841221	0.205817420787165	0.20524103535304
-37.8507193231696	972.8	0.070744635922271	0.0708678632142456	0.207365608553299	0.206702128112888
-37.8507193231696	998.4	0.0704220532386692	0.0703238479852145	0.208652972522285	0.208135939726014
-37.8507193231696	1024	0.0697384779225798	0.0697904433937581	0.209920147508233	0.20954963439819
-37.8507193231696	1049.6	0.0686708350105126	0.0692692443783354	0.211167620217739	0.210943264704426
-37.8507193231696	1075.2	0.0687734179889009	0.0687532366141827	0.212822413959457	0.212329141599843
-37.8507193231696	1100.8	0.0683607767051615	0.0682528233103794	0.213339973938815	0.213692665935245
-37.8507193231696	1126.4	0.0677620931650188	0.0677590452616355	0.214462881022669	0.215045061620963
-37.8507193231696	1152	0.067298147601363	0.0672759135982214	0.21616667869873	0.216384732414121
-37.8507193231696	1177.6	0.0670156158817649	0.0667999206060227	0.217274319384556	0.217714448216622
-37.8507193231696	1203.2	0.0663235269701539	0.0663272971462081	0.219032332203992	0.219033266273392
-37.8507193231696	1228.8	0.0658100513778075	0.0658637232730556	0.220848987673411	0.220346344583306
-37.8507193231696	1254.4	0.0649694055758866	0.0654034330999382	0.221219435897134	0.221651894194179
-25.2338128821132	-1280	0.0671334730720663	0.0663369688667436	-0.223171855982179	-0.222948624415896
-25.2338128821132	-1254.4	0.0673698308614363	0.0669547640767353	-0.221042452919225	-0.221620156129864
-25.2338128821132	-1228.8	0.067951745116843	0.0675835935648545	-0.220175027844516	-0.220285074892319
-25.2338128821132	-1203.2	0.0684060414766335	0.0682248517431786	-0.218420340919519	-0.218946958542914
-25.2338128821132	-1177.6	0.0686366587862995	0.0688778741130372	-0.217429594732927	-0.217601389747829
-25.2338128821132	-1152	0.069013876455286	0.0695437481626193	-0.216210193609992	-0.216249096078815
-25.2338128821132	-1126.4	0.0698423280631527	0.0702234552618291	-0.215541791268073	-0.214889047235354
-25.2338128821132	-1100.8	0.0707767083677164	0.070913250165354	-0.214507577519335	-0.213521739985052
-25.2338128821132	-1075.2	0.0713137382778844	0.0716204946595754	-0.2122560916084	-0.212143889587526
-25.2338128821132	-1049.6	0.0726054813861836	0.0723371014788943	-0.211541001801449	-0.210759085612067
-25.2338128821132	-1024	0.0730934049079777	0.0730713766534963	-0.209600293940306	-0.209360640185663
-25.2338128821132	-998.4	0.0736008641717912	0.0738228979261261	-0.207846155592978	-0.207946231329504
-25.2338128821132	-972.8	0.0742806316793803	0.074582143283314	-0.206033091350328	-0.206524331622881
-25.2338128821132	-947.2	0.0750064003838118	0.0753660117012398	-0.204814650401173	-0.205073743850209
-25.2338128821132	-921.6	0.076036828184088	0.0761750128722097	-0.204293204860926	-0.203587862185397
-25.2338128821132	-896	0.076759633009016	0.0770078838393119	-0.202751554225684	-0.202060506717058
-25.2338128821132	-870.4	0.0775550921973496	0.0778601805752316	-0.20121331572153	-0.20049040624006
-25.2338128821132	-844.8	0.0786710894563053	0.0787309739629577	-0.199308217912719	-0.198872064335047
-25.2338128821132	-819.2	0.0792347013875785	0.0796200358160842	-0.197273285997052	-0.197200425774784
-25.2338128821132	-793.6	0.0802282730091306	0.0805280314918407	-0.195849504511151	-0.195470344885955
-25.2338128821132	-768	0.0812455914161114	0.0814559480018352	-0.194699684040125	-0.193676651677141
-25.2338128821132	-742.4	0.0823223435007537	0.0824044586789373	-0.193168739984333	-0.19181376018828
-25.2338128821132	-716.8	0.0833181034514652	0.0833737785081939	-0.191199221431217	-0.189875425582852
-25.2338128821132	-691.2	0.0846423706203689	0.0843635836937951	-0.190219524045373	-0.187854774464589
-25.2338128821132	-665.6	0.085006056389263	0.0853727295975994	-0.187410163559812	-0.185744136641117
-25.2338128821132	-640	0.0863447050094127	0.0864001217784069	-0.185634172472733	-0.183536085657262
-25.2338128821132	-614.4	0.0873944806420043	0.0874445393007723	-0.183627922352663	-0.181223777279077
-25.2338128821132	-588.8	0.0883532343570878	0.0885033337559737	-0.180838928973174	-0.17879859042794
-25.2338128821132	-563.2	0.0895242463937062	0.089571885965999	-0.177733083697252	-0.176248173236578
-25.2338128821132	-537.6	0.0905875781346101	0.0906431343076191	-0.17558593141849	-0.173555569465694
-25.2338128821132	-512	0.0916495863507195	0.0917086575113369	-0.172467262572871	-0.170700120180259
-25.2338128821132	-486.4	0.092839808247357	0.0927594945149616	-0.169828021968808	-0.167657408917869
-25.2338128821132	-460.8	0.0940878616809879	0.0937860769537082	-0.166934653162413	-0.164398742796097
-25.2338128821132	-435.2	0.0951107165860688	0.0947787437202145	-0.163874152539596	-0.160888191169218
-25.2338128821132	-409.6	0.0963237143939479	0.0957278342553507	-0.16047377936412	-0.157077777210514
-25.2338128821132	-384	0.0972447699069237	0.0966236271717103	-0.156413861659325	-0.152902149033484
-25.2338128821132	-358.4	0.0982931900575917	0.0974568782811792	-0.153176084786125	-0.148277450571618
-25.2338128821132	-332.8	0.0999338682002181	0.0982178149232886	-0.149587678881229	-0.143103103950149
-25.2338128821132	-307.2	0.100881921255962	0.0988939839584822	-0.145677226025613	-0.137265710169878
-25.2338128821132	-281.6	0.101223638854971	0.0994715564175696	-0.140516891953305	-0.130647017013856
-25.2338128821132	-256	0.10173949976653	0.0999395484065759	-0.135240712414781	-0.123136421890768
-25.2338128821132	-230.4	0.102251581465202	0.100292923295736	-0.129304459608284	-0.114647357379067
-25.2338128821132	-204.8	0.102535292842071	0.10053285636444	-0.122589707180667	-0.105132804673602
-25.2338128821132	-179.2	0.102852167363603	0.100665023441366	-0.114850035438342	-0.0945938990687329
-25.2338128821132	-153.6	0.10259898520889	0.100697252245136	-0.105945160631042	-0.083080117559372
-25.2338128821132	-128	0.102479116096023	0.100637712662014	-0.0948913129584513	-0.070683961232627
-25.2338128821132	-102.4	0.102730954231649	0.100494067470096	-0.0818497483805291	-0.0575303497794078
-25.2338128821132	-76.8	0.102059925890018	0.100273397494566	-0.0654289325939216	-0.0437642296925399
-25.2338128821132	-51.2	0.102360248841307	0.0999819507543249	-0.0466818603900754	-0.029539614218667
-25.2338128821132	-25.6	0.101417609596131	0.0996251658114977	-0.0253337716888398	-0.0150123293585977
-25.2338128821132	0	0.0986990795538017	0.0992078567078807	-0.00232620889059005	-0.000336293734969966
-25.2338128821132	25.6	0.0969695949109071	0.0987343853230109	0.0218108612177618	0.0143377644977926
-25.2338128821132	51.2	0.0969836012183976	0.0982094551210589	0.0454564918354397	0.0288609775602545
-25.2338128821132	76.8	0.097184865484324	0.0976391132844192	0.0655409295354774	0.043083447732491
-25.2338128821132	102.4	0.0972643049604564	0.0970307917515888	0.0818706769986923	0.0568531450596349
-25.2338128821132	128	0.0971881317077853	0.0963920429012105	0.0948843794133758	0.0700186734726309
-25.2338128821132	153.6	0.0965156087769221	0.0957298063809534	0.105559878628398	0.0824359947378772
-25.2338128821132	179.2	0.0958077338129308	0.0950500212437354	0.114192315293076	0.0939798643599535
-25.2338128821132	204.8	0.0949921689607392	0.0943571162246517	0.121820534745918	0.104556252770357
-25.2338128821132	230.4	0.0944748870042611	0.0936534409549421	0.128587584833494	0.114112837687092
-25.2338128821132	256	0.0936215885135843	0.0929386201331369	0.134519917403664	0.122644215896919
-25.2338128821132	281.6	0.0930466773246951	0.0922093538963403	0.140041851748315	0.13019141089928
-25.2338128821132	307.2	0.0921443330852763	0.0914606738432927	0.144783134773082	0.136835183740363
-25.2338128821132	332.8	0.0912195292965903	0.0906873633730193	0.149172692254199	0.142684819957704
-25.2338128821132	358.4	0.0904130943754882	0.0898874591441237	0.153602895091955	0.147863353855413
-25.2338128821132	384	0.0892326000182227	0.0890648886416418	0.156787907607673	0.15249090139871
-25.2338128821132	409.6	0.0882847971138579	0.0882276505876402	0.16038762973435	0.156671530156966
-25.2338128821132	435.2	0.086913428359995	0.087383556000377	0.163106092801848	0.160487822042071
-25.2338128821132	460.8	0.0861285406135106	0.0865387220723614	0.166227625450247	0.164002481274689
-25.2338128821132	486.4	0.0854779451171237	0.085697719525934	0.169568490178121	0.167263131751724
-25.2338128821132	512	0.0845733707483425	0.0848637514014497	0.172355141925407	0.170306635731044
-25.2338128821132	537.6	0.0836041358587352	0.0840392175918329	0.175188527270774	0.173162552375923
-25.2338128821132	563.2	0.0828653226789739	0.0832261784456976	0.177649770274378	0.175855430377187
-25.2338128821132	588.8	0.0820040406793297	0.082427230227907	0.179775158745081	0.178406318364111
-25.2338128821132	614.4	0.0815770897611392	0.0816447371447495	0.182964150157214	0.180832202294864
-25.2338128821132	640	0.0805474214886249	0.0808803291405384	0.184796925127751	0.183146628962911
-25.2338128821132	665.6	0.0801086512009625	0.0801347531640946	0.187254601636941	0.185360627222136
-25.2338128821132	691.2	0.0791633424909326	0.0794080584337484	0.188960057499161	0.187483077946275
-25.2338128821132	716.8	0.0785203112558092	0.0786996303404712	0.190843881490194	0.189520953036716
-25.2338128821132	742.4	0.0778063931932781	0.0780077080662764	0.191675843506221	0.191479256299354
-25.2338128821132	768	0.077325820243648	0.0773304649106753	0.194062347678276	0.193362502928909
-25.2338128821132	793.6	0.0765657078715913	0.0766666426088472	0.196109512380291	0.195175147625718
-25.2338128821132	819.2	0.0757019960559414	0.0760157538941872	0.197614370226854	0.196922847787831
-25.2338128821132	844.8	0.0751954813188524	0.0753776705976428	0.199215587139704	0.198612150739295
-25.2338128821132	870.4	0.0741564336155272	0.0747523606728564	0.200479098902578	0.200248967650266
-25.2338128821132	896	0.0744018910242737	0.0741397126019342	0.203215752942804	0.201838703444057
-25.2338128821132	921.6	0.0736159621780271	0.0735393992311862	0.203887094696882	0.203386940319098
-25.2338128821132	947.2	0.0727762561132909	0.0729533094455165	0.205277943460074	0.20489251373502
-25.2338128821132	972.8	0.0722585436434888	0.0723812128986761	0.206940005043581	0.206361314109376
-25.2338128821132	998.4	0.0717756656162194	0.071824442607833	0.208233590031774	0.207796057642297
-25.2338128821132	1024	0.0711094224040605	0.0712726468067208	0.209636066227807	0.209227446137753
-25.2338128821132	1049.6	0.0701226663268218	0.0707342163703084	0.210808542211444	0.210636318738838
-25.2338128821132	1075.2	0.0704108245809583	0.0702095401963808	0.212527010930239	0.212025703752653
-25.2338128821132	1100.8	0.0698140903382427	0.0696933177906159	0.213331009323528	0.213402713664873
-25.2338128821132	1126.4	0.0692158952488774	0.0691902530950318	0.214399318892236	0.214763527022213
-25.2338128821132	1152	0.0686264716024172	0.0686960142017558	0.215700765760677	0.216112201945201
-25.2338128821132	1177.6	0.0682385446504925	0.0682065569679419	0.217202549337622	0.217448185907557
-25.2338128821132	1203.2	0.0676038494068672	0.0677268046764023	0.218763018300708	0.218774516967901
-25.2338128821132	1228.8	0.0670139017214384	0.0672539275061229	0.220279278142782	0.220092906685524
-25.2338128821132	1254.4	0.0662951892907816	0.0667860637437518	0.220937462133714	0.221404100200376
-25.2338128821132	1280	0.0658367108056117	0.0663231277620444	0.222497214632883	0.222709945853613
-12.6169064410567	-1280	0.0680500855967044	0.0677230187241749	-0.222842499189467	-0.222693332062724
-12.6169064410567	-1254.4	0.0683303378870722	0.0683506317662309	-0.221095637641341	-0.22136359008926
-12.6169064410567	-1228.8	0.068993194488713	0.068989892336859	-0.219743005808034	-0.220027295048106
-12.6169064410567	-1203.2	0.0696215580524653	0.0696416789672654	-0.218172870644228	-0.218685492207418
-12.6169064410567	-1177.6	0.0698561631846766	0.0703052227466181	-0.217137354497481	-0.217335687526492
-12.6169064410567	-1152	0.0702302408437279	0.0709814285603525	-0.215896836351426	-0.21597866295908
-12.6169064410567	-1126.4	0.0712122598158788	0.0716740472338218	-0.21502459141893	-0.214613222219405
-12.6169064410567	-1100.8	0.0722163573766951	0.0723746896705795	-0.213908809065369	-0.213239471861145
-12.6169064410567	-1075.2	0.072563846137261	0.0730931836280685	-0.211728696794974	-0.211854567336326
-12.6169064410567	-1049.6	0.07406099830643	0.0738226461306448	-0.211097718426266	-0.210460368700701
-12.6169064410567	-1024	0.0747015046860956	0.0745718104536022	-0.210388676748856	-0.209049992923679
-12.6169064410567	-998.4	0.0750870067123305	0.075328704856745	-0.207660020832764	-0.207631349528398
-12.6169064410567	-972.8	0.0757139416814657	0.0761080656651487	-0.205896905116354	-0.206189410294388
-12.6169064410567	-947.2	0.0762404343282329	0.0769067874906251	-0.204641876823918	-0.204723264470532
-12.6169064410567	-921.6	0.0777454158065736	0.0777196969519947	-0.204309591821704	-0.203236546620006
-12.6169064410567	-896	0.0783190709742499	0.0785674797470779	-0.202705846167824	-0.2016951539938
-12.6169064410567	-870.4	0.0790753190674005	0.0794369166397865	-0.200434723823167	-0.200106451963763
-12.6169064410567	-844.8	0.0803299581792443	0.0803260742557789	-0.198913099207049	-0.198465828250316
-12.6169064410567	-819.2	0.0807277781191348	0.0812344207806729	-0.197126976065292	-0.196768618399288
-12.6169064410567	-793.6	0.0816932143789851	0.0821620911711447	-0.195384194015544	-0.19501066238881
-12.6169064410567	-768	0.0826844250073155	0.0831097283042978	-0.194159773917338	-0.193187768625992
-12.6169064410567	-742.4	0.0839912014056604	0.0840779889352883	-0.192924755452218	-0.191295361518653
-12.6169064410567	-716.8	0.085032845156055	0.0850671935227352	-0.190642031999126	-0.189327758039124
-12.6169064410567	-691.2	0.0858531807881112	0.0860770822343075	-0.189187440852726	-0.187278582222368
-12.6169064410567	-665.6	0.0865170569972237	0.087106729163846	-0.186751238116758	-0.18514078266748
-12.6169064410567	-640	0.0877261201451361	0.0881548184035472	-0.184839335243591	-0.182906843955537
-12.6169064410567	-614.4	0.0891628696627673	0.0892194343668179	-0.183069117446595	-0.180569024240145
-12.6169064410567	-588.8	0.0900685045294735	0.0902974575580982	-0.180257586131965	-0.178118134127537
-12.6169064410567	-563.2	0.0913762644976889	0.0913842678368758	-0.177190960817541	-0.175541638481883
-12.6169064410567	-537.6	0.0921526545812518	0.0924731384763803	-0.174874315218214	-0.17282199187446
-12.6169064410567	-512	0.0936519507699812	0.0935556004466343	-0.172177161293309	-0.169936918833825
-12.6169064410567	-486.4	0.0948864591007856	0.094622492745661	-0.169173518673308	-0.166859899071143
-12.6169064410567	-460.8	0.0955046655229183	0.0956643245591125	-0.165923626212533	-0.16355945120766
-12.6169064410567	-435.2	0.0968989055027803	0.0966718569173867	-0.163120404004755	-0.159996326274251
-12.6169064410567	-409.6	0.0982618401118438	0.0976361047745669	-0.159931963824182	-0.156118133563641
-12.6169064410567	-384	0.0995192894872252	0.0985483384936637	-0.156329086596804	-0.151854932612143
-12.6169064410567	-358.4	0.100458782552651	0.0994001979803711	-0.152724778989396	-0.147119308710012
-12.6169064410567	-332.8	0.101565888572794	0.100181530233166	-0.148736580727489	-0.141809466815718
-12.6169064410567	-307.2	0.103100854124479	0.10087917235574	-0.145225333947068	-0.135814496815539
-12.6169064410567	-281.6	0.103449208638905	0.101480394776082	-0.140021497269053	-0.129023883976681
-12.6169064410567	-256	0.104043279131225	0.101976779426486	-0.134834405697146	-0.121341725697238
-12.6169064410567	-230.4	0.104510158705066	0.102365289699611	-0.128901286753106	-0.11270167579625
-12.6169064410567	-204.8	0.104899814322979	0.102647756301527	-0.122286953364275	-0.103079290806428
-12.6169064410567	-179.2	0.105165721323271	0.102829056289517	-0.114583422695961	-0.0924973694750215
-12.6169064410567	-153.6	0.104809944579503	0.102914998838322	-0.10540899026809	-0.0810226687517844
-12.6169064410567	-128	0.104831586554699	0.102910818062869	-0.0947718264306464	-0.0687572243594048
-12.6169064410567	-102.4	0.105269621791699	0.102820912887766	-0.0819178381731438	-0.0558266700806377
-12.6169064410567	-76.8	0.105199188120772	0.102649158563608	-0.0654817289203768	-0.0423679030538781
-12.6169064410567	-51.2	0.10556411533063	0.102399171812578	-0.0464382013848214	-0.0285196182355304
-12.6169064410567	-25.6	0.105090877934628	0.102074420724555	-0.0250260523619367	-0.0144167134459108
-12.6169064410567	0	0.101754619448684	0.101678092566253	-0.00151850851135533	-0.000188893731503079
-12.6169064410567	25.6	0.0992522749870292	0.101213555060509	0.0228355634369468	0.0140388539691248
-12.6169064410567	51.2	0.0995896634635397	0.100685195166824	0.0457342212748551	0.02814290745003
-12.6169064410567	76.8	0.100054305774367	0.100099165990081	0.0658653951043562	0.0419964519308742
-12.6169064410567	102.4	0.0999120719289725	0.0994633358206223	0.0819510455486371	0.0554666154874612
-12.6169064410567	128	0.0998350792903924	0.0987864808579573	0.0950248961577138	0.0684151054977753
-12.6169064410567	153.6	0.0991458565647777	0.0980775888231464	0.10568390162378	0.0807045611270993
-12.6169064410567	179.2	0.0983118427737626	0.0973452989472145	0.114398737334063	0.0922086582038786
-12.6169064410567	204.8	0.0973932189662441	0.0965971022241301	0.121705382822713	0.102824222751028
-12.6169064410567	230.4	0.0967845868733011	0.0958384271354209	0.12842815126106	0.112482428241042
-12.6169064410567	256	0.0959659173795533	0.0950718424493014	0.134560144219429	0.121156595915692
-12.6169064410567	281.6	0.0951122982257978	0.0942965977235757	0.139616740717055	0.128865767334971
-12.6169064410567	307.2	0.0942667685749731	0.0935091874898908	0.14439086426055	0.135670907983471
-12.6169064410567	332.8	0.0930498578329347	0.0927047096276963	0.148609776546684	0.14166561967426
-12.6169064410567	358.4	0.0922460477627089	0.091879192631388	0.153036823346581	0.146963489865086
-12.6169064410567	384	0.0912628161771712	0.0910332035864403	0.156637546304929	0.151682262526603
-12.6169064410567	409.6	0.0902331019032852	0.0901728310674645	0.160021406639476	0.155928981873054
-12.6169064410567	435.2	0.0890048442559847	0.0893059004350352	0.163212844406163	0.159791952910253
-12.6169064410567	460.8	0.0878269276885976	0.0884387088014223	0.165440402647288	0.163340137373887
-12.6169064410567	486.4	0.0870731160956026	0.0875757426783161	0.168777707279701	0.166626185343965
-12.6169064410567	512	0.0861842773245445	0.0867201647763658	0.17162113340968	0.169690549359643
-12.6169064410567	537.6	0.0855376232491083	0.085874167958232	0.174913613489559	0.172564866302805
-12.6169064410567	563.2	0.0847377430574794	0.0850399409289284	0.177435149895152	0.175275105703569
-12.6169064410567	588.8	0.0837046855606568	0.0842201057977423	0.179269703346064	0.177842891349802
-12.6169064410567	614.4	0.0832932582100162	0.0834169991219029	0.182532356079799	0.180285505474513
-12.6169064410567	640	0.0823651545859753	0.0826322073759944	0.184369131782873	0.182616791731047
-12.6169064410567	665.6	0.0818309174055494	0.0818665855161855	0.186664366407311	0.184847929367478
-12.6169064410567	691.2	0.0808841806465244	0.0811201609580705	0.18854831695251	0.186987823690213
-12.6169064410567	716.8	0.0801267710170412	0.0803919974512467	0.190071453220054	0.189043179735647
-12.6169064410567	742.4	0.0794959546278509	0.0796805890428495	0.191180867313785	0.191019039225319
-12.6169064410567	768	0.0787273408289006	0.078984402510229	0.193409509022759	0.192919454214942
-12.6169064410567	793.6	0.0781375926480268	0.0783022411447799	0.195633732259624	0.194748487779498
-12.6169064410567	819.2	0.0773851411049939	0.077633427252333	0.197367175010273	0.196511318622651
-12.6169064410567	844.8	0.0767828923419605	0.0769778608911973	0.199043546571028	0.198214203063226
-12.6169064410567	870.4	0.0757426928552997	0.0763355809296966	0.200055335412032	0.199863400141747
-12.6169064410567	896	0.0756196733252676	0.0757061411663079	0.202371527108491	0.201464665548791
-12.6169064410567	921.6	0.0749847563120331	0.0750897795622262	0.20317583113939	0.203021126386498
-12.6169064410567	947.2	0.0743523575875634	0.0744927924819918	0.204926149898791	0.204517658274584
-12.6169064410567	972.8	0.0738440858267133	0.0739009433651867	0.206652474354501	0.206006179081802
-12.6169064410567	998.4	0.0732003987822407	0.0733225159470313	0.208009408438392	0.20746569446155
-12.6169064410567	1024	0.0725319934501056	0.072760845968786	0.209470656150232	0.208895543488091
-12.6169064410567	1049.6	0.0718224334108395	0.0722051997782368	0.210226641194368	0.210320676430984
-12.6169064410567	1075.2	0.0717430890076079	0.0716664311516296	0.212035388257094	0.211721438846045
-12.6169064410567	1100.8	0.071200801194994	0.071137563371451	0.213066379914767	0.213108260768072
-12.6169064410567	1126.4	0.0706350099299807	0.0706238511793501	0.214607344344538	0.214478221799538
-12.6169064410567	1152	0.0698246383944415	0.0701154094455616	0.215637611676205	0.215834974686036
-12.6169064410567	1177.6	0.0692414300691379	0.0696188372311469	0.216841547064081	0.217179122097074
-12.6169064410567	1203.2	0.0690203802758761	0.069129703489842	0.218418430384255	0.218512276360278
-12.6169064410567	1228.8	0.0681437548258212	0.068647565884608	0.21963206693065	0.21983622779024
-12.6169064410567	1254.4	0.0679833936479665	0.0681727936222652	0.221056065239598	0.221153870341169
-12.6169064410567	1280	0.0671046120275555	0.0677000726420647	0.222705586616022	0.222461986076596
0	-1280	0.0689698626679329	0.0691133607540942	-0.222215547819431	-0.222440362841457
0	-1254.4	0.0692934854126487	0.0697508138006058	-0.221151699658179	-0.221106525788119
0	-1228.8	0.0698690261684917	0.0703999932439278	-0.218586906042066	-0.219766771545646
0	-1203.2	0.0703047369674344	0.0710612601857245	-0.217118422066226	-0.218420332850109
0	-1177.6	0.0709919925952677	0.071735602119237	-0.216703829753951	-0.217067008383279
0	-1152	0.071677066028984	0.0724226205083622	-0.21562665912115	-0.215705247780524
0	-1126.4	0.0723168996207952	0.0731230236712235	-0.214513562907664	-0.214334584380469
0	-1100.8	0.0730006089966072	0.073839150690853	-0.21326292059001	-0.212953371051776
0	-1075.2	0.0738794046028292	0.074565724071075	-0.212016247546878	-0.211562176360621
0	-1049.6	0.0747739944971481	0.0753115616648527	-0.210795790474459	-0.210156223776827
0	-1024	0.0756709450718666	0.0760683882904679	-0.209569111239585	-0.208738654795725
0	-998.4	0.0766283355374228	0.0768434466080603	-0.208069730006333	-0.20730324586104
0	-972.8	0.0775844523018122	0.0776358213308154	-0.206572343532477	-0.205847891171043
0	-947.2	0.0779339553519646	0.0784439629912739	-0.204647352493489	-0.204371638933573
0	-921.6	0.0796355422276146	0.0792735110654286	-0.204214992186259	-0.202865731917208
0	-896	0.0806172153772041	0.0801319392725281	-0.202335199108351	-0.201314134160871
0	-870.4	0.0806082639773904	0.0810185632670129	-0.199669071990628	-0.199705553197377
0	-844.8	0.081206336103677	0.0819262561392404	-0.198349246975243	-0.198041735458781
0	-819.2	0.0823954846758868	0.0828541595710088	-0.197158741996921	-0.196318079071471
0	-793.6	0.0833567905887976	0.0838018163848733	-0.195407017718993	-0.194531192187219
0	-768	0.084332757778831	0.0847694426017142	-0.193902191933966	-0.192677884314947
0	-742.4	0.0855549371696833	0.0857576200032502	-0.192661546460633	-0.190754507476575
0	-716.8	0.0863157681211383	0.0867666775903996	-0.190466621783488	-0.188756042160616
0	-691.2	0.0870782345454112	0.0877963448921208	-0.188233824337642	-0.186676539249397
0	-665.6	0.0881597228804183	0.0888459918647864	-0.186009675771405	-0.18450958374314
0	-640	0.0892891428110123	0.0899140850925298	-0.183735880289878	-0.182247685832773
0	-614.4	0.090417852233994	0.0909979234248211	-0.181463515232018	-0.179882000535524
0	-588.8	0.0916110962200711	0.0920938713320738	-0.179148207036467	-0.177402300186506
0	-563.2	0.0928750309232124	0.0931971177325409	-0.176486952005132	-0.174795371670817
0	-537.6	0.0937534969439365	0.0943013300373929	-0.174119215357288	-0.17204313299939
0	-512	0.0949702321276548	0.0953982676295361	-0.17113384249222	-0.169121789611601
0	-486.4	0.0964144114135093	0.0964785940735791	-0.16891969518974	-0.16600228090134
0	-460.8	0.0975474663898171	0.0975330637921028	-0.165509494708701	-0.162649630453194
0	-435.2	0.0986202377547715	0.098552985391526	-0.162121099332915	-0.159019882040666
0	-409.6	0.100188502130846	0.0995301360171332	-0.159265923961591	-0.15505491656968
0	-384	0.101561881858646	0.100456901165766	-0.155910331716847	-0.150680166733641
0	-358.4	0.102627836248215	0.101325249817891	-0.152273086052592	-0.145805478917594
0	-332.8	0.103773667355922	0.102124172121896	-0.148161059500049	-0.140329089032099
0	-307.2	0.104889573810642	0.102840545697655	-0.144292445406776	-0.134144828525255
0	-281.6	0.10553855112958	0.103463712509841	-0.139389313745995	-0.127153492332627
0	-256	0.106507560332195	0.103988065753256	-0.134624824645241	-0.119277736024335
0	-230.4	0.106996357389513	0.104412489924105	-0.128505996463424	-0.110474899427313
0	-204.8	0.107252929327499	0.104739092036649	-0.121883814226371	-0.100745033603947
0	-179.2	0.107387814684531	0.104971502851511	-0.114292196533947	-0.0901324909552548
0	-153.6	0.107338495301665	0.10511317010637	-0.105193504248333	-0.0787198558328421
0	-128	0.107332713607463	0.105166316164361	-0.0946400261437592	-0.0666164555591619
0	-102.4	0.107467061360399	0.105132168074169	-0.0818184253563976	-0.0539460619817208
0	-76.8	0.107225344905429	0.105011382469646	-0.0629229136833098	-0.0408353844262496
0	-51.2	0.106904305604331	0.104804853865878	-0.0433107865258112	-0.0274060745714094
0	-25.6	0.106529935195847	0.104513938401994	-0.0229365091407291	-0.0137711315136026
0	0	0.104536148146995	0.104140246509449	-0.000271634887636283	-3.52996378851925e-05
0	25.6	0.102072050880899	0.103686301302715	0.0243369967683982	0.0137025250436505
0	51.2	0.102683181639023	0.103156316600042	0.0467057410681624	0.0273441093304237
0	76.8	0.103083959084546	0.102556610826459	0.0661117810502133	0.0407860124436218
0	102.4	0.102769312584809	0.101895354141464	0.0821162347491525	0.0539152611497435
0	128	0.102283304818282	0.101182443877153	0.0950719190986582	0.066608592578942
0	153.6	0.101405630499063	0.100428838709422	0.105523137945114	0.0787377484326444
0	179.2	0.100807571728714	0.0996456852773384	0.114572402605225	0.0901779165652451
0	204.8	0.0998269528540409	0.0988432887872926	0.121980197569892	0.100818927414291
0	230.4	0.0992228791278288	0.0980298841993722	0.128612843828184	0.110576653161495
0	256	0.098219776373134	0.0972108306938616	0.134394119750126	0.119403294424209
0	281.6	0.0970431582814463	0.0963881045269765	0.139150245972919	0.127294303844037
0	307.2	0.0964522717287842	0.0955600927402847	0.144288814853014	0.134288205190796
0	332.8	0.0949167339742842	0.0947228203939851	0.148043942929006	0.140459696064405
0	358.4	0.0940831942432611	0.0938712514576955	0.152470019832096	0.145908850463553
0	384	0.0930870074441583	0.0930028718725905	0.156031810239429	0.150747293824135
0	409.6	0.0921542091087606	0.0921208080265607	0.159579237661537	0.155083206146543
0	435.2	0.0908851173413555	0.0912320525689129	0.162512535561755	0.159010761125055
0	460.8	0.0896619183037802	0.0903431171972817	0.164990190405522	0.162606125735187
0	486.4	0.0890947527224844	0.089458585764126	0.168888861517431	0.165928106215007
0	512	0.0882022326188377	0.0885816605454172	0.171736762050538	0.169021581635098
0	537.6	0.0874526328387081	0.0877145102201337	0.174624699989243	0.171921034134549
0	563.2	0.0865627682786784	0.0868594798912704	0.177002629905478	0.17465420302479
0	588.8	0.0856395551434061	0.086019065974984	0.179343959987065	0.17724337871292
0	614.4	0.08480046682053	0.0851955167536632	0.181637221693945	0.179706401192979
0	640	0.0841536045414328	0.0843904153240282	0.1839302484348	0.182057595457303
0	665.6	0.0835618305401256	0.0836046612862715	0.186007893842048	0.184308332328637
0	691.2	0.0825971298729847	0.0828382244373527	0.187595730767652	0.18646752228283
0	716.8	0.0818808902440836	0.0820899936271191	0.189153090548864	0.188541767909749
0	742.4	0.0812665859123096	0.0813588372360036	0.190695465980594	0.190536352962542
0	768	0.0805375513031442	0.0806435898846372	0.192672685577811	0.192455163102698
0	793.6	0.07974426560431	0.0799431311077636	0.194962062871238	0.194302083726802
0	819.2	0.0790277813917381	0.079256563976055	0.197131824202049	0.196081744127265
0	844.8	0.0784456723560015	0.0785836584199218	0.198968176286326	0.197799820514713
0	870.4	0.0777620363193604	0.0779243141637589	0.20046554412113	0.199462755595935
0	896	0.0769906555506225	0.0772778991220977	0.201815236077903	0.201076779546
0	921.6	0.0762844740472244	0.0766466885856953	0.203552587355741	0.202637051546061
0	947.2	0.0758030264683309	0.0760293697538876	0.205078627580694	0.204155037431376
0	972.8	0.0752896856325434	0.0754232403753672	0.206591606719133	0.205647186888141
0	998.4	0.0746206027366357	0.0748289337903755	0.207822430826538	0.207117869172338
0	1024	0.074038094862244	0.0742480449249055	0.20919909375314	0.208567838304759
0	1049.6	0.0732127641539519	0.0736824333088775	0.21026968859607	0.209996888571191
0	1075.2	0.0726975050008479	0.073126608340737	0.211638751843964	0.211413089798212
0	1100.8	0.0721234224749859	0.0725871517763676	0.212836559746143	0.21280874224003
0	1126.4	0.071767461243117	0.0720572732284989	0.214629353659858	0.214189248157232
0	1152	0.0712381832695057	0.0715410833484484	0.215876407992689	0.215554288592343
0	1177.6	0.0710042999402676	0.0710338688724247	0.216775255833479	0.216906018209785
0	1203.2	0.0704357254111237	0.0705355559485289	0.218074130911588	0.218246219033543
0	1228.8	0.0692684549065639	0.0700454354117118	0.218987807513458	0.219577021442058
0	1254.4	0.0695923472932893	0.0695617753232354	0.220794850173813	0.220899430310006
0	1280	0.069040060836787	0.0690850407782161	0.222373487762065	0.222216241950503
