id_key,iq_key,op_index_pos,id_req_pos,iq_req_pos,id_pos,iq_pos,ud_pos,uq_pos,psi_d_pos,psi_q_pos,op_index_neg,id_req_neg,iq_req_neg,id_neg,iq_neg,ud_neg,uq_neg,psi_d_neg,psi_q_neg,r_d,r_q,iq_mag,valid_delta_R_eq,delta_R_eq
-1242.55,208.95,4157.0,-1242.5544856849149,208.94580662051172,-1243.0820045060498,209.0662128755746,-68.3477904143192,-60.46886960158042,-0.09879962324002114,0.0935548953529615,3297.0,-1242.5544856849149,-208.94580662051172,-1242.9809385567448,-208.73191294140327,42.121026333004494,-64.27810875792694,-0.09974545333913634,-0.08226044932359236,0.00047291504955759844,0.005647223014684573,208.89906290848893,True,-0.0014224156152515038
-1237.23,238.46,4156.0,-1237.2301585510104,238.45656789411743,-1237.0441292772266,238.752238687177,-75.06329190934605,-58.96199773322816,-0.09676492612823749,0.10431689362983226,3298.0,-1237.2301585510104,-238.45656789411746,-1238.4819877933426,-238.39856328398164,48.31586368795422,-63.29808554116386,-0.09782237128429301,-0.09206474066255108,0.0005287225780277599,0.006126076483640594,238.57540098557934,True,-0.0013924578645218059
-1231.21,267.83,4155.0,-1231.205051123661,267.83226483675077,-1229.8912131888362,268.3654990184372,-81.44858161806563,-57.482413288888665,-0.09477276714374891,0.11456699940128007,3299.0,-1231.205051123661,-267.83226483675077,-1231.3869672665617,-268.1634811600764,54.51065124066173,-62.44919746741675,-0.09610679381187319,-0.1018371587428164,0.0006670133340621401,0.006364920329231832,268.2644900892568,True,-0.001562252379686067
-1224.48,297.06,4154.0,-1224.4825760876627,297.0562587418781,-1223.382708677048,297.5400206422136,-86.3993719368923,-56.05273756704205,-0.09285466713709378,0.12252613639399383,3300.0,-1224.4825760876627,-297.0562587418781,-1223.2768471736988,-296.5324619494884,62.26924580842471,-61.389108380881005,-0.09407217549137022,-0.11408602109111325,0.0006087541771382168,0.00422005765144029,297.036241295851,True,-0.0012876931396628433
-1217.07,326.11,4153.0,-1217.066541124226,326.1119968291761,-1216.751271441488,325.06888071317275,-91.92436901851615,-53.587604261645055,-0.08926843083020626,0.1314006573870003,3301.0,-1217.066541124226,-326.1119968291761,-1216.0483905799667,-325.57631939026146,67.51067916381591,-60.38999518477785,-0.09212633811854457,-0.12233949465328366,0.0014289536441691522,0.00453058136685832,325.32260005171713,True,-0.002759839168953228
-1214.62,193.89,4220.0,-1214.621460806415,193.8935454018273,-1213.6622825797604,193.38516229089942,-65.0713054751967,-58.2113486922784,-0.09501462172043582,0.08870051014898787,3296.0,-1214.621460806415,-193.8935454018273,-1213.8762513809206,-193.43831923485973,39.43968845463101,-62.28926454137949,-0.09676740968532671,-0.07763652323490663,0.0008763939824454475,0.0055319934570406196,193.41174076287956,True,-0.0028470587008225102
-1209.54,223.41,4039.0,-1209.5397825002433,223.41332670470703,-1210.409561008204,223.6369767092706,-71.67308339232557,-57.788677602758746,-0.09471241293892285,0.09924740202889115,3295.0,-1209.5397825002433,-223.41332670470703,-1209.479482473477,-223.67881714441555,47.20965276228589,-61.066300447078426,-0.09445064731950606,-0.08994895839748616,-0.00013088280970839639,0.004649221815702494,223.65789692684308,True,0.0003676869711384107
-1208.96,354.98,4152.0,-1208.9611467542668,354.98302162020155,-1208.4881187445592,354.26112711603554,-96.47789236313791,-51.97530602187385,-0.08705989513396388,0.1387490134817168,3302.0,-1208.9611467542668,-354.98302162020155,-1207.657232151161,-354.4043128051184,72.25517973899939,-59.08748386047716,-0.08970027130831346,-0.1297878355540784,0.0013201880871747881,0.004480588963819199,354.332719960577,True,-0.002341016204479522
-1203.74,252.8,4040.0,-1203.7407741560419,252.8006104308547,-1202.8146538863637,252.05121808084667,-78.47957868038283,-55.10209705293453,-0.0907845756369577,0.11017329035262957,3294.0,-1203.7407741560419,-252.8006104308547,-1204.0282990445312,-252.14677912515072,54.28944130668305,-60.690634583560545,-0.09350411017014001,-0.10115003133077928,0.0013597672665911567,0.004511629510925146,252.09899860299868,True,-0.0033890137437966317
-1200.17,383.65,4151.0,-1200.170983959184,383.65298026008327,-1199.538650002547,382.75252899281327,-100.70361264611311,-50.049812492020564,-0.08434431042812716,0.14558406009420125,3303.0,-1200.170983959184,-383.65298026008327,-1200.4861383077312,-384.0487182374338,77.88391414425911,-57.42183326096343,-0.08668625181544341,-0.13865842040180812,0.0011709706936581243,0.003462819846196563,383.40062361512355,True,-0.0019189916250413723
-1197.23,282.04,4041.0,-1197.2278749354957,282.03796814868264,-1195.8290467995257,282.7828218117065,-84.99241232176755,-54.317874686077424,-0.0899128160924441,0.12062433956872465,3293.0,-1197.2278749354957,-282.03796814868264,-1197.259465080551,-281.78347161518536,59.78667180749986,-59.67000797183801,-0.09151677269816298,-0.10981624768005993,0.0008019783028594407,0.0054040459443323585,282.28314671344594,True,-0.001785079395589449
-1190.7,412.11,4150.0,-1190.7010315804823,412.10563377995123,-1190.3159741510938,411.41562855158054,-104.8375331204204,-48.346346715346726,-0.08198419664336475,0.15227634873349927,3304.0,-1190.7010315804823,-412.10563377995123,-1190.9745951378966,-412.52025091945933,81.8169607559468,-56.076979837765016,-0.08419716102673225,-0.14480157088725581,0.0011064821916837511,0.003737388923121726,411.96793973551996,True,-0.0016875664290542823
-1190.0,311.11,4042.0,-1190.0049473806332,311.10806034176716,-1188.922660196122,311.7048485540685,-89.5564438223682,-52.68518145933945,-0.0876685113934498,0.12797280363556976,3292.0,-1190.0049473806332,-311.10806034176716,-1188.7537114809013,-311.05102538783814,65.68961873547823,-58.18672561269249,-0.08879761656652091,-0.11910690977044706,0.0005645525865355522,0.004432946932561348,311.37793697095333,True,-0.001139190705467777
-1182.08,339.99,4043.0,-1182.0762751231073,339.9936466922287,-1183.34685947457,340.19391155012914,-94.45755413901925,-51.09378065996804,-0.08548462313847702,0.13584144965107728,3291.0,-1182.0762751231073,-339.9936466922287,-1182.5504771178983,-340.71095837033573,71.87360756144854,-56.65840678507512,-0.08600197721157377,-0.1288730628242736,0.00025867703654837426,0.003484193413401837,340.45243496023244,True,-0.00047739877540759894
-1181.77,208.38,4038.0,-1181.7693036146495,208.3778132003164,-1182.8145533213294,208.48140367291413,-69.23895539702677,-55.802027769763356,-0.09136495163596428,0.09571132231370348,3180.0,-1181.7693036146495,-208.3778132003164,-1180.7188419758445,-208.67706333155002,44.31621392657352,-59.07625126366,-0.09146711174609813,-0.08499167668118451,5.10800550669252e-05,0.005359822816259484,208.57923350223206,True,-0.00015387219815581215
-1180.56,440.32,4149.0,-1180.5566534997,440.32486629486357,-1180.1406215010347,439.90289564289844,-108.31316223019444,-46.63290700961743,-0.07960605544203142,0.1579326015331028,3305.0,-1180.5566534997,-440.32486629486357,-1180.7371616455662,-440.77201968507,85.15506339192174,-54.76582908369374,-0.08176440114461317,-0.14998894866764237,0.0010791728512908744,0.0039718264327302105,440.3374576639842,True,-0.001539874222626807
-1176.21,237.78,4037.0,-1176.2069854182525,237.77537183927743,-1176.4098061750237,238.04983613358016,-75.7351365614134,-54.29387844678694,-0.08932678122942181,0.10612875451357534,3181.0,-1176.2069854182525,-237.77537183927743,-1175.6880742957353,-237.5439768181512,52.22793628075096,-58.366200586447746,-0.08998349868851974,-0.09752196221626618,0.0003283587295489637,0.004303396148654583,237.79690647586568,True,-0.0008676053761849904
-1173.45,368.68,4044.0,-1173.4465603437427,368.67759630528025,-1172.7982971932415,368.0740669883408,-99.74418846873249,-48.542932409718674,-0.08176626956472087,0.14438457746609565,3290.0,-1173.4465603437427,-368.67759630528025,-1172.2112879328315,-368.75717158035746,75.90172568871235,-55.81014652601558,-0.08430844786668117,-0.1351573881679378,0.001271089150980148,0.004613594649078928,368.41561928434913,True,-0.002167793182348694
-1169.91,267.03,4036.0,-1169.9134946181885,267.0251207475774,-1171.8834572206517,267.0623928003931,-81.18135515512235,-52.97826353971033,-0.08758823106717008,0.11485211468990157,3182.0,-1169.9134946181885,-267.0251207475774,-1169.2254829808426,-266.91649720236455,58.09279991790216,-57.430742460992946,-0.08813494638100758,-0.1067770354198821,0.0002733576569187504,0.004037539635009739,266.98944500137884,True,-0.0006433051364813544
-1169.74,468.29,4148.0,-1169.7435956002516,468.2946941320126,-1171.542658765692,468.19914458781597,-111.36322203963796,-45.011746094092906,-0.07737244110267756,0.16289222150345634,3306.0,-1169.7435956002516,-468.2946941320126,-1169.9692122396027,-468.61369473755093,89.33420187491885,-53.15804419703979,-0.07886455578417025,-0.15650837935773762,0.0007460573407463422,0.0031919210728593578,468.40641966268345,True,-0.001000758385221666
-1164.12,397.14,4045.0,-1164.1209209838596,397.14289786887844,-1165.2564687679048,397.062132013737,-102.92617441446764,-47.20152435068743,-0.07998636837768613,0.14954122995534477,3289.0,-1164.1209209838596,-397.14289786887844,-1164.6956976212466,-397.8268033988438,80.90037729813797,-54.129921611614236,-0.08127827186810119,-0.14302094606162633,0.0006459517452075264,0.003260141946859224,397.4444677062904,True,-0.0010211827926698562
-1162.89,296.11,4035.0,-1162.8927434748935,296.1088772283522,-1162.626415319331,295.17259306528223,-87.7396790260364,-50.55812008274396,-0.08408071798553328,0.12540338205546747,3183.0,-1162.8927434748935,-296.1088772283522,-1162.0585301635892,-295.9968687493801,64.09516120172859,-56.30085624890632,-0.08598053010174532,-0.11624231662860593,0.0009499060581060204,0.004580532713430771,295.58473090733116,True,-0.002019196245073901
-1158.27,496.0,4147.0,-1158.2679825128987,495.99927488404626,-1159.6845827308975,495.8233965903321,-114.22172345456482,-42.93039361151939,-0.07439817920835022,0.16758689333916368,3307.0,-1158.2679825128987,-495.9992748840462,-1158.268549170414,-496.4791484738658,92.27464723643578,-51.87727686014809,-0.07648488380205612,-0.16104494579632803,0.0010433522968529493,0.003270973771417829,496.1512725320989,True,-0.0013212857015043548
-1155.15,325.01,4034.0,-1155.1490963400145,325.00856177160625,-1153.8522273133265,324.30524677159855,-92.87511274309894,-48.63089672128124,-0.08137023356094278,0.13368413590785427,3184.0,-1155.1490963400145,-325.00856177160625,-1153.960481709027,-325.0156677764608,70.21724766420692,-54.93349515602514,-0.0834489148880782,-0.12588674327426952,0.0010393406635677074,0.003898696316792377,324.6604572740297,True,-0.0020114460631622108
-1154.1,425.37,4046.0,-1154.1048877100245,425.3726697424642,-1152.6364817381589,424.8277648209296,-107.38114631211316,-44.80372002803068,-0.07651018922424042,0.1567860945825871,3288.0,-1154.1048877100245,-425.3726697424642,-1153.6546098009867,-425.2050690038793,85.09496880000978,-52.960865838707925,-0.0790823609419019,-0.14956162587636768,0.001286085858830735,0.003612234353109714,425.01641691240445,True,-0.001901271445155057
-1153.91,193.35,3925.0,-1153.9130260716672,193.35130788833115,-1155.8255371568996,193.42243373774443,-66.02061470644139,-53.9183769536991,-0.08818260145534715,0.09091970776787764,3179.0,-1153.9130260716672,-193.35130788833115,-1152.7317132047929,-193.07668601213595,41.53057068801248,-57.29306657644176,-0.08882014256973957,-0.08021543016331542,0.0003187705571962088,0.005352138802281109,193.2495598749402,True,-0.0010364290002175555
-1148.6,222.76,3926.0,-1148.5987343963202,222.75759772266238,-1148.7470386756688,222.05850671225105,-72.29162378926304,-52.12915976250145,-0.08568567906175463,0.10098701888379652,3178.0,-1148.5987343963202,-222.75759772266238,-1149.0065515706813,-223.58935224970114,50.094329658780566,-55.9458367313588,-0.08630227188084981,-0.09379945392629568,0.00030829640954758986,0.003593782478750418,222.8239294809761,True,-0.0008693336820859801
-1146.69,353.71,4033.0,-1146.687366943369,353.706209293085,-1145.3535770333438,353.0800797045442,-97.42960930807367,-47.01088052759968,-0.07914430230810447,0.14103692506338053,3185.0,-1146.687366943369,-353.706209293085,-1145.4175237808186,-353.7933760106773,74.86140661569556,-53.622916768995516,-0.08101062478999478,-0.13317352643662422,0.0009331612409451545,0.003931699313378154,353.4367278576108,True,-0.0016589178588984066
-1146.14,523.42,4146.0,-1146.136314146693,523.4229163823771,-1147.5329037211957,523.0916996457423,-116.94232113775217,-40.86986322096425,-0.07145269740562665,0.1720656803167679,3308.0,-1146.136314146693,-523.4229163823771,-1146.268711691003,-523.912547115013,94.89103087708078,-50.54621892930718,-0.07403046322079081,-0.1650620880065964,0.001288882907582077,0.0035017961550857374,523.5021233803777,True,-0.0015469450429927629
-1143.4,453.35,4047.0,-1143.4044006340337,453.3501699687849,-1142.6143659053562,454.2170592255977,-111.29480422910997,-43.19787552024875,-0.07431433820300526,0.1631376151939084,3287.0,-1143.4044006340337,-453.3501699687849,-1143.1705616908605,-452.9210092602361,88.0742744251816,-51.838077590141985,-0.0769559515754426,-0.15417494019586137,0.001320806686218673,0.004481337499023519,453.5690342429169,True,-0.0018296824822545351
-1142.54,252.02,3927.0,-1142.5351797915055,252.01857657480812,-1141.3472147086377,252.26624200028758,-79.41031972695062,-51.01901085473397,-0.08428877551392655,0.11240740079568205,3177.0,-1142.5351797915055,-252.01857657480812,-1142.912599072473,-252.56989349268414,56.43207381135314,-55.21420238577832,-0.08478291575211301,-0.10381165455471024,0.00024707011909323034,0.004297873120485907,252.41806774648586,True,-0.0006150064280219527
-1137.51,382.18,4032.0,-1137.512815400558,382.183980302021,-1136.7312518817462,381.5735330320158,-102.27270230157342,-44.92638673259512,-0.07617568594481129,0.14885054434328848,3186.0,-1137.512815400558,-382.183980302021,-1136.6886194356366,-381.9777059293759,79.12826093136533,-52.38017033354796,-0.07868755968398226,-0.13985753333983422,0.0012559368695854861,0.00449650550172713,381.7756194806958,True,-0.002066995293324033
-1135.73,281.12,3928.0,-1135.72631768269,281.11515669368913,-1137.5864299177485,281.21846042922016,-85.34806828034066,-49.59373888390729,-0.08237496175350474,0.1219036793560772,3176.0,-1135.72631768269,-281.11515669368913,-1135.8336072618974,-280.8076398908194,62.44122458543719,-54.61874881002087,-0.08348939503840366,-0.11328881882885232,0.000557216642449461,0.004307430263612438,281.0130501600198,True,-0.001245883569734834
-1133.36,550.55,4145.0,-1133.3554620073596,550.5500855853935,-1133.2524353197762,551.2388389157978,-119.64614090392139,-39.22353236634558,-0.06917719772188842,0.17654383563601816,3309.0,-1133.3554620073596,-550.5500855853935,-1133.489405364808,-550.9641750616482,98.15256843505055,-48.65605832532265,-0.07069087863359709,-0.17009647843301792,0.0007568404558543351,0.003223678601500121,551.101506988723,True,-0.0008628843818785577
-1132.03,481.06,4048.0,-1132.025805790066,481.05880620289173,-1130.6895503958965,480.5576402950455,-113.5626338512785,-41.17721601768658,-0.07142095110338328,0.16689302103052697,3286.0,-1132.025805790066,-481.05880620289173,-1131.667628492345,-480.51015710133856,91.71299882579372,-50.11911897019278,-0.0738822604169474,-0.15982527383410827,0.001230654656782057,0.00353387359820935,480.53389869819205,True,-0.0016091333574286815
-1128.18,310.03,3929.0,-1128.1765896801749,310.02835757009433,-1127.854894656668,309.1572907338773,-90.40499003478128,-47.21305435482767,-0.07892815074283692,0.13007120214489373,3175.0,-1128.1765896801749,-310.02835757009433,-1127.4512876552565,-309.9023035723681,68.68239817880524,-52.92159205740804,-0.08043196461780594,-0.12311929706882571,0.0007519069374845103,0.0034759525380340106,309.5297971531227,True,-0.001526305598175401
-1127.63,410.42,4031.0,-1127.63114494309,410.42417199080245,-1126.3710901272532,409.7246344494863,-105.94915720165328,-43.045847621908365,-0.07352748076872326,0.15482868466725544,3187.0,-1127.63114494309,-410.42417199080245,-1127.8628881574152,-411.38654216424584,84.44962219560848,-50.569606519716736,-0.0754457886569029,-0.14821865434012416,0.0009591539440898245,0.0033050151635656416,410.55558830686607,True,-0.0014678991445913657
-1119.98,508.48,4049.0,-1119.975851371104,508.48214555239844,-1119.5616292941952,509.35863940897934,-116.71203610151967,-39.34224421492883,-0.06885322782975564,0.17204173373747547,3285.0,-1119.975851371104,-508.48214555239844,-1120.295143156139,-509.2527087343213,95.27230858763907,-48.09344229166766,-0.07030628660192474,-0.16535081274065005,0.0007265293860845498,0.0033454604984127084,509.3056740716503,True,-0.0008963023575579575
-1119.93,577.37,4144.0,-1119.9326653052035,577.3654173765373,-1119.4750666519215,578.2442332611969,-122.20868105794536,-37.08230877600834,-0.06610006886713359,0.18079097602016986,3310.0,-1119.9326653052035,-577.3654173765373,-1119.854834896945,-577.7397197315358,100.32071416074682,-47.481644502284944,-0.06849382161270183,-0.17338020731427256,0.0011968763727841225,0.0037053843529486485,577.9919764963663,True,-0.0013010900403104251
-1119.89,338.74,3930.0,-1119.8909206817077,338.73931831819755,-1118.9290039154396,339.40230409071114,-96.2161737079813,-45.848928386098386,-0.07712748669166587,0.13942930335469736,3174.0,-1119.8909206817077,-338.73931831819755,-1118.7708829113546,-338.7726889018614,73.40165007294802,-51.96946132425771,-0.07856302666539675,-0.13052391105390465,0.0007177699868654366,0.004452696150396354,339.08749649628624,True,-0.001330005347294423
-1117.05,438.41,4030.0,-1117.048498373045,438.4092292396744,-1115.5157104152916,437.85389739414205,-109.24287545543189,-41.308464687795464,-0.07110684826880978,0.16020374562050008,3188.0,-1117.048498373045,-438.4092292396744,-1117.0870717150613,-439.40886675382643,88.03407369565316,-49.44044628513225,-0.07330548567910491,-0.15379151495354532,0.0010993187051475672,0.00320611533347738,438.63138207398424,True,-0.0015747216041477482
-1110.87,367.23,3931.0,-1110.8747156598342,367.2293099790406,-1112.6245428080317,367.37983987152137,-100.17266071228397,-43.96467585039642,-0.07447124576246461,0.14580345855898172,3173.0,-1110.8747156598342,-367.2293099790406,-1111.3276558769148,-367.98445406180326,78.75662249045143,-50.23616055532178,-0.07544663711755985,-0.13895545735800602,0.0004876956775476185,0.0034240006004878504,367.68214696666234,True,-0.0008334052498393477
-1107.26,535.6,4050.0,-1107.261683726848,535.603924323175,-1106.6804842327583,535.309217809863,-118.87299679956024,-37.21475024689774,-0.0657850320453126,0.17563876454079397,3284.0,-1107.261683726848,-535.603924323175,-1106.5357624655564,-535.1967629074503,97.16538834022107,-47.49084396606356,-0.06902948545211679,-0.1681952319815179,0.001622226703402098,0.0037217662796380363,535.2529903586567,True,-0.0019042866030324441
-1105.88,603.85,4143.0,-1105.875526854742,603.8537232672714,-1104.060503691291,603.8411523176362,-123.94724634992262,-35.05975913328008,-0.06319456590750747,0.18374677035562767,3311.0,-1105.875526854742,-603.8537232672714,-1105.4260089639943,-603.27905259534,102.61544542102112,-45.98829941333419,-0.06580430956949221,-0.176855676105914,0.0013048718309923713,0.0034455471248568403,603.560102456488,True,-0.001358398522843855
-1105.77,466.12,4029.0,-1105.7714542444892,466.12175552963373,-1104.280250834553,465.61229917147926,-113.06174461682389,-39.24815746131939,-0.06816772386850077,0.1664192650297451,3189.0,-1105.7714542444892,-466.12175552963373,-1106.0426497675446,-466.97659843459815,91.19304693463145,-48.018424393830024,-0.0707046462852413,-0.15868391627836317,0.001268461208370264,0.003867674375690966,466.2944488030387,True,-0.0017092154640952631
-1101.13,395.48,3932.0,-1101.1338561360872,395.4797477379481,-1102.5864027898212,395.4316331419105,-103.9167835540904,-42.028458288713935,-0.07173320935519673,0.15188535196562694,3172.0,-1101.1338561360872,-395.4797477379481,-1101.3627805035915,-394.94496407601383,83.49618323911714,-49.28831799481045,-0.07360791419504703,-0.14637666301199154,0.0009373524199251526,0.0027543444768177022,395.18829860896216,True,-0.0014903171407791738
-1093.89,562.41,4051.0,-1093.8908431254981,562.4080576647056,-1092.733296777167,563.3117841950802,-121.49582070588013,-35.56900158380456,-0.06350868836796694,0.1799839292626923,3283.0,-1093.8908431254981,-562.4080576647056,-1093.4157349312216,-561.7697099180199,100.11208816916849,-45.73370658783017,-0.06590747629660415,-0.17272436979608938,0.0011993939643186041,0.003629779733301461,562.5407470565501,True,-0.0013396388747940714
-1093.81,493.54,4028.0,-1093.807022774008,493.54452375673367,-1095.625017509489,493.2929715696993,-115.15455073206401,-37.73551317153834,-0.0660992801538268,0.1698560698192028,3190.0,-1093.807022774008,-493.54452375673367,-1093.366830950401,-493.1910469841533,94.82650694635241,-46.674475155475335,-0.06824463699954138,-0.16431150708311418,0.0010726784228572914,0.002772281368044305,493.2420092769263,True,-0.001366436187320266
-1091.19,630.0,4142.0,-1091.1920087683927,630.0,-1092.3725006798327,629.324126875199,-125.35075640218929,-33.119763472960635,-0.06041905621641767,0.1861236686363983,3312.0,-1091.1920087683927,-630.0,-1091.2825418996297,-630.1609678994217,104.68440789263099,-44.60462735158175,-0.06327290499958416,-0.17997531749275927,0.0014269243915832446,0.003074175571819507,629.7425473873104,True,-0.001423697733121069
-1090.67,423.47,3933.0,-1090.6746963443015,423.47220304792796,-1089.8011212402569,422.82680675337775,-108.39634260370083,-39.67917666153982,-0.06832971946641324,0.15917137261808686,3171.0,-1090.6746963443015,-423.47220304792796,-1090.8950875017183,-424.2188019367831,87.00106204195414,-47.51629141195152,-0.07042913039741605,-0.15182665332387157,0.0010497054655014063,0.0036723596471076453,423.52280434508043,True,-0.0015572937017886358
-1081.16,520.66,4027.0,-1081.162641482903,520.66048694107,-1082.553128732613,520.4034132358026,-117.37330218702111,-35.93126525459342,-0.06355975125197987,0.17354741350191247,3191.0,-1081.162641482903,-520.66048694107,-1081.356522797383,-521.5100114582659,97.56178149335967,-45.05344621910769,-0.06531786772871526,-0.16851774181368925,0.0008790582383676956,0.002514835844111607,520.9567123470342,True,-0.00106021972201555
-1079.87,588.88,4052.0,-1079.8712592819234,588.8786491093673,-1081.0947401884723,588.2520660829186,-122.73530756454976,-33.48312987761775,-0.06049436339668887,0.18209917095403788,3282.0,-1079.8712592819234,-588.8786491093673,-1080.6993457679584,-589.5839316999504,103.02018321581046,-43.67964721144096,-0.06229769924544906,-0.1771970095395321,0.0009016679243800951,0.0024510807072528895,588.9179988914345,True,-0.0009619924446331143
-1079.5,451.19,3934.0,-1079.5040590855754,451.1884156511189,-1078.6783102779862,452.09063213230934,-112.18828236881451,-38.17274139449656,-0.06629054654994945,0.1653426529574358,3170.0,-1079.5040590855754,-451.1884156511189,-1079.1779424371518,-450.83943918688965,90.73139696354902,-46.381746822143775,-0.06829742437894668,-0.1576201661877426,0.0010034389144986111,0.0038612433848465993,451.4650356595995,True,-0.0013965184778968493
-1075.89,655.79,4141.0,-1075.8904279466465,655.7894380460713,-1075.5664947232126,656.4059751204832,-127.13924236925274,-31.494579299131125,-0.05816416593017522,0.18917595515850394,3313.0,-1075.8904279466465,-655.7894380460713,-1075.316895286914,-655.3369787547383,106.66107620478635,-43.149610485665775,-0.06064884381271503,-0.18292575197915306,0.0012423389412699049,0.0031251015896754386,655.8714769376107,True,-0.0011901486886990566
-1067.85,547.45,4026.0,-1067.8461705737625,547.4527888237955,-1066.872146168143,547.0096222099281,-120.83270745524311,-33.64999201560319,-0.0602548376461985,0.17924527255592565,3192.0,-1067.8461705737625,-547.4527888237955,-1068.8225396254145,-547.7777645405096,99.75970846152006,-43.62838529564606,-0.06272811236757676,-0.17186234787719465,0.00123663736068913,0.0036914623393655005,547.3936933752188,True,-0.0014194576570806803
-1067.63,478.61,3935.0,-1067.6292312775636,478.6103054904673,-1069.0992928912697,478.43203338532567,-113.75003518228287,-36.22907779312121,-0.06351971227781038,0.16794557372501265,3169.0,-1067.6292312775636,-478.6103054904673,-1066.918887760705,-478.3903752822769,94.359254582193,-44.60300658243853,-0.06512905579576245,-0.16324394460610483,0.0008046717589760347,0.0023508145594539065,478.41120433380127,True,-0.001056810903946331
-1065.21,615.0,4053.0,-1065.2112466548595,615.0,-1063.364025622106,614.9179761158853,-125.26006039446658,-31.458948079620114,-0.0575993546847614,0.18633458746397935,3281.0,-1065.2112466548595,-615.0,-1064.7886888578812,-614.6198431634175,104.39835355111403,-42.84346691990161,-0.060660262849812095,-0.1791955783688576,0.0015304540825253482,0.0035695045475608728,614.7689096396514,True,-0.0015641855750761378
-1059.98,681.21,4140.0,-1059.979451367288,681.2074299940533,-1059.5128080504867,682.2989267370064,-128.9711640158958,-29.538981084498108,-0.05536884498056556,0.19228815807786592,3314.0,-1059.979451367288,-681.2074299940533,-1060.1579440416283,-681.5408867789772,108.42581650096491,-41.550762101668376,-0.05778327902635331,-0.18554877212860316,0.0012072170228938743,0.003369692974631383,681.9199067579918,True,-0.0011123253897786258
-1055.06,505.72,3936.0,-1055.0579592010201,505.7199845038542,-1053.9538048439917,505.24225547939596,-117.36023057894845,-33.93815169109649,-0.06020193420650501,0.17387686453531384,3168.0,-1055.0579592010201,-505.7199845038542,-1055.141963037671,-506.6331931256945,96.90712001444945,-43.1730125683876,-0.06250726061255546,-0.16715476670728477,0.0011526632030252233,0.003361048914014536,505.93772430254523,True,-0.001431479835064398
-1053.87,573.9,4025.0,-1053.8658880442745,573.9047743455816,-1051.6631565003318,573.7664314860365,-122.63685188959316,-31.613796209694616,-0.05734182128738207,0.18230292168756687,3193.0,-1053.8658880442745,-573.9047743455816,-1053.1852761417977,-573.4536853815009,102.5979734255667,-42.13999114801357,-0.060044807202953625,-0.176188077723861,0.001351492957785777,0.003057421981852937,573.6100584337687,True,-0.0014803925716195855
-1049.92,640.76,4054.0,-1049.9194995159362,640.7566188001542,-1047.9747376645678,640.9785312879598,-126.67306766039448,-29.759454349950893,-0.05521368931864957,0.18877193056607003,3280.0,-1049.9194995159362,-640.7566188001542,-1050.9165422648969,-641.260401579848,106.61399959228424,-41.05059333614294,-0.057480549721679146,-0.18255199676181416,0.0011334302015147887,0.0031099669021279336,641.1194664339039,True,-0.001110799525162369
-1043.47,706.24,4139.0,-1043.468091176327,706.2395788235265,-1041.770668445872,706.443229194196,-130.26957807953815,-27.573003706209256,-0.052535589420130924,0.1945719357443629,3315.0,-1043.468091176327,-706.2395788235266,-1044.0008505688395,-706.523417669106,110.10176859988114,-40.49611933826913,-0.05579880255838409,-0.1880182572524465,0.0016316065691265834,0.003276839245958202,706.483323431651,True,-0.0014510868243057186
-1043.16,119.69,3630.0,-1043.1558221159778,119.69098038506793,-1042.2732030392565,118.91679223641735,-47.81941571322991,-45.949372064936036,-0.07458706768944859,0.06334227222355784,2960.0,-1043.1558221159778,-119.69098038506793,-1042.3377699977943,-119.77340271390649,25.45083045680546,-48.347528653130276,-0.07548062010053214,-0.05327173712144314,0.000446776205541774,0.005035267551057352,119.34509747516192,False,
-1041.8,532.5,3937.0,-1041.798443446684,532.4997682929701,-1041.4087586277944,533.4292729339454,-120.02218361994926,-32.321087758576404,-0.05797350266302116,0.1782671332235259,3167.0,-1041.798443446684,-532.4997682929701,-1041.0253984983297,-532.1439574462061,99.7099793040018,-41.873605023814015,-0.060126759635907814,-0.17144277063157382,0.0010766284864433262,0.0034121812959760356,532.7866151900757,True,-0.0012696745928758664
-1039.31,149.43,3527.0,-1039.3125139749793,149.4305801869495,-1040.4930348585665,149.51726279308787,-56.004118416960516,-45.9360340169676,-0.07494060265953983,0.0763904328253357,2959.0,-1039.3125139749793,-149.4305801869495,-1039.105591542374,-149.28914601287056,34.56073759323323,-48.0706920971798,-0.0746785425300041,-0.06773102023829175,-0.00013103006476786888,0.004329706293521973,149.4032044029792,True,0.0005510498794441161
-1039.23,600.0,4024.0,-1039.2304845413264,600.0,-1040.4799892832425,599.2486289296065,-123.6903866990758,-30.237525843060453,-0.05546349874935771,0.18411663435957096,3194.0,-1039.2304845413264,-600.0,-1039.903102988999,-600.6464074794441,104.79712795728703,-40.75995147234897,-0.057515377312684045,-0.1795254744530541,0.0010259392816631685,0.0022955799532584226,599.9475182045253,True,-0.0010744550856541535
-1034.62,179.05,3528.0,-1034.6215276400776,179.0483022642549,-1035.1436274698615,178.52046325990804,-64.09436790678622,-44.12197363554984,-0.07240863730112883,0.08933197884402512,2958.0,-1034.6215276400776,-179.0483022642549,-1034.624818810047,-179.80705674378842,43.07378951460746,-46.766163734717736,-0.07222856913231121,-0.08122508727704485,-9.003408440880906e-05,0.004053445783490137,179.16376000184823,True,0.00031574512406803697
-1034.01,666.13,4055.0,-1034.0050867934476,666.1332302815067,-1033.890565131045,667.0450177039992,-128.36739067081075,-28.042706028441405,-0.05280063505649755,0.19164101786801835,3279.0,-1034.0050867934476,-666.1332302815067,-1032.951170588899,-665.8284632973356,108.54152866412454,-39.628794565429615,-0.05491680231192389,-0.1853997331396494,0.001058083627713171,0.003120642364184481,666.4367405006674,True,-0.000997564374740233
-1029.09,208.52,3529.0,-1029.0866891470132,208.51998997803244,-1027.5778754972628,208.67599447357574,-71.86965150221901,-43.013371761298856,-0.07101355659173099,0.1017993845847262,2957.0,-1029.0866891470132,-208.51998997803244,-1028.7111553964578,-208.176977753086,50.42991191599567,-46.590978849159676,-0.07160230807444463,-0.09286029522335043,0.00029437574135682265,0.004469544680687887,208.42648611333087,True,-0.0008874195249242776
-1027.86,558.93,3938.0,-1027.8593335658027,558.9321876593475,-1028.6908055402419,558.5893831125094,-121.10190387303805,-30.45879760394588,-0.05531771101399924,0.18014131780431794,3166.0,-1027.8593335658027,-558.9321876593475,-1027.957720759832,-558.3314777874422,102.49234472336981,-40.19935333990963,-0.05714138746999887,-0.17571100323662822,0.0009118382279998151,0.0022151572838448597,558.4604304499758,True,-0.001025900537317712
-1026.37,730.87,4138.0,-1026.3656995834228,730.8717060597099,-1027.6075581312325,729.827980167183,-131.02660447990363,-25.459766396645012,-0.049458660193456676,0.19595023590884647,3316.0,-1026.3656995834228,-730.8717060597099,-1024.8727195087033,-730.3788914414704,112.02382692344524,-38.492006456679796,-0.052317000502080116,-0.19084304638134308,0.00142917015431172,0.002553594763751693,730.1034358043266,True,-0.0012299272232760212
-1023.95,625.72,4023.0,-1023.9490579585866,625.722244055398,-1025.3486785604389,624.8982964656296,-125.89196293516757,-27.915275796209226,-0.05208165379130195,0.18780586451717116,3195.0,-1023.9490579585866,-625.722244055398,-1023.6148433745793,-625.1448741637499,106.20964658247372,-39.42923461755222,-0.05509744360285614,-0.18157408579352008,0.001507894905777095,0.0031158893618255384,625.0215853146898,True,-0.0015158489465574806
-1022.71,237.82,3530.0,-1022.7125127894502,237.82160579705214,-1023.3949907745022,238.10348683264888,-78.1184708627436,-41.54375758494166,-0.06903499068626008,0.1117959171576063,2956.0,-1022.7125127894502,-237.82160579705214,-1021.4446152605842,-237.94212571722753,57.92992721203592,-45.14941776319798,-0.06894345938883159,-0.10470794717973723,-4.576564871424521e-05,0.0035439849889345315,238.0228062749382,True,0.00012080945354569784
-1017.48,691.11,4056.0,-1017.4774466939315,691.1147845829936,-1018.8330065399797,690.2893392910679,-129.42512862047275,-25.716274403853564,-0.04938267670419272,0.19350886961143138,3278.0,-1017.4774466939315,-691.1147845829936,-1018.2407785669362,-691.5689589141953,110.05747497868599,-38.42316021220346,-0.05268273249164672,-0.18763227886187972,0.0016500278937270005,0.002938295374775829,690.9291491026315,True,-0.0015005056642590682
-1015.5,266.93,3531.0,-1015.504197437055,266.9292509031611,-1015.214626123605,266.3221500332493,-84.94073243177962,-39.30319320303071,-0.06581461492196385,0.1227540683793396,2955.0,-1015.504197437055,-266.9292509031611,-1015.9247267266418,-267.72097759008506,64.48599912310199,-43.709078355908446,-0.06628638723381572,-0.11507465777373246,0.00023588615592593648,0.0038397053028035658,267.0215638116672,True,-0.0005550549580805646
-1014.62,104.63,3629.0,-1014.6190836809666,104.63324056147565,-1015.8248605586499,104.54241110515194,-43.21164521091966,-44.54113305894319,-0.07216974304511191,0.056332689835641665,2857.0,-1014.6190836809666,-104.63324056147565,-1014.9666720970189,-104.76993455907187,21.450911721569184,-46.52310398539541,-0.0727607051263062,-0.04657045564121765,0.0002954810405971439,0.004881117097212007,104.6561728321119,False,
-1013.25,585.0,3939.0,-1013.2497224277931,585.0,-1012.0195765354134,584.7194758469037,-123.89559421658397,-28.19751846773657,-0.0520387880284492,0.18479178617009928,3165.0,-1013.2497224277931,-585.0,-1013.1163481622675,-584.5798717185512,104.01831387338916,-38.98382658638935,-0.05488535318878736,-0.17795789668137177,0.0014232825801690809,0.0034169447443637563,584.6496737827274,True,-0.0015295908980540033
-1011.11,134.37,3628.0,-1011.1101275496017,134.37376963763518,-1011.7619077189912,134.61061267688322,-51.91308730517369,-43.75585737536065,-0.07128818242671801,0.07023122392212902,2858.0,-1011.1101275496017,-134.37376963763518,-1010.7095270993841,-134.52794711215464,30.389127555720318,-45.66209905301383,-0.07102592764372574,-0.060743930826198056,-0.00013112739149613584,0.004743646547965483,134.56927989451893,True,0.0006122479813097847
-1008.68,755.09,4137.0,-1008.6819635646941,755.089859804297,-1008.1540765901404,755.7739494244931,-132.58097487223034,-23.711692390659866,-0.04699427358563084,0.19866233948287004,3317.0,-1008.681963564694,-755.0898598042971,-1008.0788377041682,-755.8390469745272,113.3485388519664,-37.30188158023108,-0.05011104809814289,-0.19274571668245485,0.0015583872562560247,0.0029583114002075944,755.8064981995101,True,-0.001295521530276532
-1008.03,651.06,4022.0,-1008.0311077809257,651.0555166389113,-1007.9554578169997,651.9280491724502,-127.69138726041085,-26.26718855491995,-0.04978967412843137,0.19088275158057666,3196.0,-1008.0311077809257,-651.0555166389113,-1007.6338531051741,-650.8243569051342,108.87767410414601,-37.6187635504377,-0.05190149347782177,-0.18562466472303385,0.0010559096746951997,0.002629043428771405,651.3762030387923,True,-0.0010185321666346695
-1007.47,295.82,3532.0,-1007.4676222952222,295.8191846835013,-1008.0900630709531,296.17143395498204,-90.22859940469164,-38.122095992179275,-0.06430040369857919,0.13125722438127582,2954.0,-1007.4676222952222,-295.8191846835013,-1006.9712580581294,-295.6530309488639,70.8000069306825,-43.0760075332819,-0.06493674062661896,-0.12501406041882113,0.00031816846401988563,0.0031215819812273476,295.91223245192293,True,-0.0006755757954894411
-1006.73,164.0,3627.0,-1006.7296070806512,163.99847019785759,-1006.7110978488201,164.0031968809806,-60.1855184513538,-42.371455387580035,-0.06944480841225656,0.08345906413660435,2859.0,-1006.7296070806511,-163.99847019785759,-1006.9708293179543,-164.27364019699192,38.80347037688616,-44.88175244399472,-0.06941967274598508,-0.07408998562447978,-1.2567833135739004e-05,0.004684539256062284,164.13841853898626,True,4.810940985324773e-05
-1001.48,193.48,3626.0,-1001.4812982282045,193.48180611920586,-1000.733689926145,193.72391797910004,-68.64605333557456,-41.0578659871436,-0.06771815481452369,0.0969976287695233,2860.0,-1001.4812982282045,-193.48180611920586,-1001.3291305382996,-193.66829633518273,46.40584809724203,-44.207805258941086,-0.06798705693086905,-0.08612045182704275,0.00013445105817268266,0.00543858847124027,193.6961071571414,True,-0.00043613726968709564
-1000.35,715.69,4057.0,-1000.3463811047455,715.6864661362816,-998.6974775787502,715.7755613786363,-130.9157240137226,-24.121843069786674,-0.04715718949230793,0.19612782513821844,3277.0,-1000.3463811047455,-715.6864661362816,-1001.0063773191082,-716.5440440718089,112.01270943218707,-36.682137212142656,-0.04960593913630889,-0.19053306189913377,0.0012243748220004784,0.0027973816195423357,716.1598027252226,True,-0.0010741979461566739
-998.61,324.47,3533.0,-998.6093421099112,324.4678440936948,-997.7256255500682,323.8455667108846,-95.68512579213073,-35.778203835174075,-0.06090890782304997,0.14006848883313944,2953.0,-998.6093421099112,-324.4678440936948,-997.9550309474594,-324.4675343147532,76.52533619241979,-41.20012031997917,-0.061598282958807725,-0.1340157834583403,0.0003446875678788791,0.003026352687399564,324.1565505128189,True,-0.0006681141746596895
-997.98,610.69,3940.0,-997.9791402887073,610.6862005552546,-997.7185709310861,611.4584233680247,-125.75443883954033,-26.49864856894877,-0.049662423772716284,0.1879253732995953,3164.0,-997.9791402887073,-610.6862005552546,-998.4577158880505,-611.5442804450679,106.75704257091843,-37.25084794122688,-0.05179699963013025,-0.18213719490957875,0.001067287928706983,0.002894089195008276,611.5013519065462,True,-0.001096639902965693
-995.37,222.8,3625.0,-995.36972496913,222.79836313330165,-994.1725481417221,223.03434066619,-75.51918833303294,-39.45745229012787,-0.06552998125728743,0.10801691698879343,2861.0,-995.36972496913,-222.79836313330165,-994.9915415756885,-222.61529431003274,55.36551092041197,-43.18474675941581,-0.0660042956592602,-0.10030258181439243,0.00023715720098638898,0.003857167587200498,222.82481748811136,True,-0.0006687327998413007
-991.49,675.98,4021.0,-991.4865291791939,675.9840696763464,-990.0025578812479,675.996158865888,-128.86246574408344,-24.374634879350566,-0.04707234288956523,0.19296644955329473,3197.0,-991.4865291791939,-675.9840696763464,-990.4095486366633,-675.6055017672343,109.9683599053053,-36.49387049886334,-0.049807676572907404,-0.18714959949963397,0.001367666841671087,0.0029084250268303774,675.8008303165611,True,-0.00127157349017745
-990.43,778.88,4136.0,-990.4268993759121,778.8803226379626,-991.9531606304557,777.7597267191358,-133.2644375292638,-21.69215643753824,-0.044049341506793356,0.19994851626396834,3318.0,-990.4268993759122,-778.8803226379626,-990.6389201613969,-779.3134145564111,115.06858306754489,-35.62739359460664,-0.04715852775460431,-0.19526966587789682,0.001554593123905476,0.00233942519303576,778.5365706377734,True,-0.001254635561533554
-988.94,352.85,3534.0,-988.9365818215009,352.8518628762015,-987.9617183332293,353.46141032575656,-100.9488040896694,-34.32761584916193,-0.05896292977271525,0.14856547133892634,2952.0,-988.9365818215009,-352.8518628762015,-989.6367145557803,-353.43222369379146,81.5383123434742,-39.70058387671117,-0.05885696682084257,-0.14189230860358062,-5.2981475936339506e-05,0.0033365813676728556,353.446817009774,True,9.418458877978567e-05
-988.4,251.92,3624.0,-988.4001554034636,251.92287073310567,-987.1064429638001,252.1855564760806,-81.84266720529703,-37.86332309377497,-0.06334985999119878,0.11816758458779045,2862.0,-988.4001554034636,-251.92287073310567,-988.3369506683429,-251.62896312579747,62.47898070765535,-42.051844758181026,-0.06384589650903547,-0.11154252201182947,0.0002480182589183408,0.003312531287980487,251.90725980093902,True,-0.0006186184080519986
-985.94,89.59,3632.0,-985.9375920409201,89.59388707134123,-986.6585557022703,89.31205957611571,-38.503782899052204,-42.21531243071778,-0.0682815588458495,0.04919709319666532,2856.0,-985.9375920409201,-89.59388707134123,-986.2916591654024,-89.53262246047774,17.735458165860607,-43.90323945851194,-0.06877767217735731,-0.04030594554357704,0.00024805666575390684,0.00444557382654414,89.42234101829672,False,
-982.78,119.33,3631.0,-982.7817853570735,119.33131345276952,-983.4341612469531,119.29296495687338,-47.65255027637078,-41.50699053298268,-0.06752140486744557,0.06379729778106602,2855.0,-982.7817853570735,-119.33131345276952,-983.4276400229302,-119.18780140584505,27.156851583378398,-43.60337872028535,-0.06793724281805161,-0.055265483310951394,0.00020791897530302028,0.004265907235057313,119.24038318135922,False,
-982.62,739.83,4058.0,-982.6220497809526,739.8337024523007,-982.3151506225199,740.6061859607144,-132.17968243259034,-22.110357961585134,-0.04425991149867257,0.1983401113542681,3276.0,-982.6220497809526,-739.8337024523007,-981.1321244706405,-739.6759217199287,113.45370158928142,-35.10181941630553,-0.04680748976966323,-0.19258307271125094,0.001273789135495331,0.0028785193215085797,740.1410538403215,True,-0.0010813416090165863
-982.06,635.97,3941.0,-982.0575485743815,635.9740335014288,-980.4168427957114,636.0271865893133,-126.87439603319388,-24.56684367288717,-0.04688875376638622,0.1899197343289022,3163.0,-982.0575485743815,-635.9740335014288,-981.3454449282939,-635.6409490631648,108.43508209749393,-35.633434402459905,-0.04892769478609964,-0.18459830424495552,0.0010194705098567104,0.0026607150419733355,635.8340678262391,True,-0.0010074204030201582
-980.58,280.83,3623.0,-980.5785972133714,280.8302239557853,-979.3399118185404,281.3172307060146,-88.38837812759384,-36.117793174818935,-0.060928537666010814,0.12868052357736906,2863.0,-980.5785972133714,-280.8302239557853,-980.5671943467981,-280.56660051779414,68.63024885635592,-40.81659748073928,-0.061525540947490534,-0.12123741333844011,0.0002985016407398601,0.0037215551194644744,280.9419156119044,True,-0.000667590351970326
-978.73,148.96,3633.0,-978.7292580854588,148.9598582420348,-978.6154589818246,149.05140216062395,-56.78894834629614,-40.23379417059728,-0.06585950069455836,0.07839734144581881,2854.0,-978.7292580854588,-148.9598582420348,-978.951123142605,-149.37173968861117,36.42935560582902,-42.55830095184323,-0.0659042880171349,-0.06996830803028682,2.2393661288269695e-05,0.004214516707765993,149.21157092461755,True,-9.429799760736825e-05
-978.46,380.95,3535.0,-978.457230672025,380.94809061817267,-976.9684229480285,380.45675973135803,-104.55898498880134,-31.924536145741513,-0.05546892095009504,0.15444588728479886,2951.0,-978.457230672025,-380.94809061817267,-978.3188088698556,-380.5704059447218,86.21225173562964,-38.71230120784953,-0.0569517055198355,-0.1491925040994241,0.0007413922848702285,0.002626691592687372,380.51358283803995,True,-0.0012242151978936484
-974.33,700.49,4020.0,-974.3256068590276,700.492406681748,-973.6347866758371,701.5464983155621,-130.677915003037,-22.32232883175531,-0.044118910681526465,0.19605628243815462,3198.0,-974.3256068590276,-700.492406681748,-974.9996285873304,-701.2155327953511,111.66340999004943,-34.8418058087996,-0.04686468860037036,-0.18965863062460037,0.0013728889594219473,0.003198825906777128,701.3810155554565,True,-0.001229875851629321
-973.78,178.45,3634.0,-973.7837078776723,178.45248743576676,-974.4270011924558,178.67303324660335,-64.88697358571501,-39.03272066859078,-0.0643107081582505,0.09133704483610064,2853.0,-973.7837078776723,-178.45248743576676,-974.2367489327702,-178.56563738592232,45.25914382919499,-41.83333122503268,-0.06439292598790067,-0.08396361563926859,4.110891482508178e-05,0.0036867145984160257,178.61933531626283,True,-0.00014460636591537792
-971.91,309.5,3622.0,-971.9117924846045,309.49550502287286,-970.7243470327003,310.0912513056498,-93.63924760877849,-34.387372680715345,-0.05852688256304082,0.13714305650017805,2864.0,-971.9117924846045,-309.49550502287286,-971.9264781087412,-309.06359643983143,74.23652390233228,-39.48790927805141,-0.05906186605867398,-0.1300542545800861,0.00026749174781658114,0.0035444009600459764,309.5774238727406,True,-0.000542901416598073
-971.61,802.23,4135.0,-971.6108468791881,802.2296193900514,-970.9941882944862,802.9338828091203,-134.84396921181195,-20.034346742673204,-0.04171916263704136,0.2027191029800473,3319.0,-971.6108468791881,-802.2296193900514,-971.9993681150976,-803.222256195524,116.60216697156962,-34.098148178962525,-0.044431847148671134,-0.19748216237937669,0.0013563422558148866,0.00261847030033531,803.0780695023221,True,-0.0010611857124331883
-967.95,207.78,3635.0,-967.9496472071384,207.78229104419904,-968.4181225456751,207.95889048422347,-71.75423757611752,-37.643752334479416,-0.06245875949562192,0.10234022550576775,2852.0,-967.9496472071384,-207.78229104419904,-967.5320616711374,-207.54093245961954,52.162936796326484,-41.12349465263106,-0.0629083263423549,-0.09486923128428777,0.00022478342336648693,0.003735497110739991,207.7499114719215,True,-0.0006798346593686643
-967.18,408.73,3536.0,-967.1798357705926,408.73361163326103,-966.3478371451514,409.5530764294858,-108.85320112888293,-30.429275570261183,-0.053445481633359486,0.1614104145649898,2950.0,-967.1798357705926,-408.73361163326103,-966.8251565685708,-408.46200486516744,90.5736171338669,-36.913423306555636,-0.0537471147644332,-0.1559930702690966,0.00015081656553685846,0.0027086721479466086,409.00754064732666,True,-0.00023168483083727955
-965.5,660.85,3942.0,-965.4953333823204,660.8470028811222,-965.1590400039084,661.7363111647915,-128.46526498483198,-22.709741112139124,-0.04424794219388055,0.1926385428004095,3162.0,-965.4953333823204,-660.8470028811222,-965.3525687984044,-660.5444562454946,110.0649076026191,-34.56439787044561,-0.04692127772508793,-0.1869963877800439,0.0013366677656036913,0.002821077510182804,661.140383705143,True,-0.001270309827143652
-964.31,763.54,4059.0,-964.3149643199777,763.5421727636007,-964.9122519103354,763.2765827368194,-132.9871847174913,-20.31652968728402,-0.04168258886383228,0.1998384239846715,3275.0,-964.3149643199777,-763.5421727636007,-963.0092525271657,-763.1822719604255,114.36615100184581,-34.15303859981892,-0.045009576567427406,-0.19381333073352522,0.0016634938517975616,0.00301254662557314,763.2294273486225,True,-0.001369449310216888
-962.41,337.89,3621.0,-962.4072118949018,337.8940048190876,-963.3449129988675,338.16693128539623,-98.04913933850378,-32.50499903249511,-0.05587483394548368,0.14425199290145163,2865.0,-962.4072118949019,-337.8940048190876,-962.387867573078,-337.536772074976,80.21069396984298,-37.82473957200397,-0.05606613904993995,-0.13944562244678924,9.56525522281329e-05,0.0024031852273311977,337.8518516801861,True,-0.00017788942335676404
-961.23,236.92,3636.0,-961.2323992517917,236.92250764468204,-961.5174625729245,236.27329473689463,-78.86732342650372,-35.510890123789565,-0.05941096959870871,0.1137455654385053,2851.0,-961.2323992517917,-236.92250764468204,-960.9522233799913,-237.53772487668235,60.16466972036637,-39.474787108930485,-0.059916956886480036,-0.1075238016648622,0.0002529936438856635,0.0031108818868215496,236.90550980678847,True,-0.0006709873262840744
-957.1,74.58,3730.0,-957.0989220726041,74.57649339744566,-956.8289567209825,74.80546480059125,-34.57278705443392,-40.316145593085395,-0.06508127907353023,0.04330604128669261,2757.0,-957.0989220726041,-74.57649339744566,-956.5294663980499,-74.55373067273358,13.27241204688422,-41.85446471393548,-0.06570039197990647,-0.03283829026535423,0.00030955645318812147,0.00523387551066919,74.67959773666242,False,
-956.56,724.57,4019.0,-956.559008667507,724.5652923905727,-954.378437358092,724.5050306353388,-131.62686168306573,-20.32464466186424,-0.041220670100257005,0.19780240997441417,3199.0,-956.559008667507,-724.5652923905727,-957.1952711112359,-725.106677770465,113.63372837735604,-33.16720600163336,-0.04390688602589248,-0.19257644024965342,0.0013431079628177384,0.002612984862380374,724.8058542029019,True,-0.0011643112661131887
-955.11,436.19,3537.0,-955.1135951222441,436.185763651981,-955.7127682531572,436.2999988130962,-111.65342160817347,-28.289327171063604,-0.05036721680923337,0.16599735127545293,2949.0,-955.1135951222441,-436.185763651981,-954.8889681921055,-435.82706078070714,93.78954048775292,-35.63393793044329,-0.051375611444803605,-0.16096518907762408,0.000504197317785119,0.0025160810989144217,436.06352979690166,True,-0.0007264916606308051
-954.32,104.31,3729.0,-954.3166377024505,104.30606408205567,-954.2484252894764,104.27451266770457,-43.8156324573502,-39.320183612111,-0.06385706297925393,0.05804809032621009,2758.0,-954.3166377024505,-104.30606408205567,-954.9164797066934,-104.59105449226605,22.937660795223774,-40.9809595840268,-0.06394229909756263,-0.048201257206213974,4.26180591543493e-05,0.004923416559998058,104.43278357998531,False,
-953.64,265.85,3637.0,-953.6380930370411,265.8465487996333,-952.4045793146846,266.23432605178385,-85.854960574576,-34.15325780191545,-0.057617162587131066,0.12497834059902739,2850.0,-953.6380930370411,-265.8465487996333,-953.7840373913577,-266.3457416332005,66.69967955531135,-38.329162315454134,-0.05774082739869399,-0.1178368042693821,6.183240578146176e-05,0.0035707681648226436,266.29003384249216,True,-0.00014589523231779795
-952.24,825.12,4134.0,-952.2444636863655,825.1245247710591,-953.3581078436424,824.0882392429725,-135.3139288587531,-18.15767947719236,-0.03899143074798828,0.2036830555875222,3320.0,-952.2444636863654,-825.1245247710591,-950.9384927709059,-825.0679235328168,117.44905720300866,-32.72957251713824,-0.041986148037698165,-0.19857209807629617,0.001497358644854941,0.0025554787556130165,824.5780813878946,True,-0.001140969187671767
-952.07,366.0,3620.0,-952.0730482743623,366.0012441912788,-952.9474573385529,366.0759887618464,-102.84916738381283,-30.563295580834733,-0.05312631839174732,0.15201881216275676,2866.0,-952.0730482743623,-366.0012441912788,-952.0254596388527,-365.5443722112006,85.16792569742186,-36.45596178035211,-0.05354465321553397,-0.14720839365290292,0.0002091674118933247,0.0024052092549269183,365.8101804865235,True,-0.0003592676418685223
-950.61,133.93,3728.0,-950.6111136188825,133.9347253861662,-949.6918133345565,133.86277041417577,-52.56549499571014,-38.05704832643363,-0.062209087324079336,0.07202973377275114,2759.0,-950.6111136188825,-133.9347253861662,-950.6498642842334,-134.47527945484674,32.2700816152311,-40.085129784983586,-0.06215055039830994,-0.0630020131280633,-2.9268462884698282e-05,0.004513860322343917,134.16902493451124,True,0.00013706529957315384
-948.3,685.29,3943.0,-948.3032987065577,685.2888833639878,-949.848232903693,684.231052347152,-129.52492477616676,-20.721140997772853,-0.04135847929853431,0.19451255477746432,3161.0,-948.3032987065577,-685.2888833639878,-948.9899450553721,-686.059843952558,111.92492192484326,-32.903877568327715,-0.04396599132218338,-0.18975629990700285,0.001303756011824534,0.002378127435230734,685.1454481498549,True,-0.001195620672918967
-945.99,163.43,3727.0,-945.9859346771341,163.43381349350273,-945.5070783318896,163.45162356100494,-60.900672322057424,-37.01026725787284,-0.06090545739188556,0.08534683083915738,2760.0,-945.9859346771341,-163.43381349350273,-946.2314199408421,-163.616480887858,40.915221770453634,-39.73347084580892,-0.061233976310412795,-0.07670706845431713,0.00016425945926361665,0.004319881192420126,163.53405222443146,True,-0.0006311056363930983
-945.44,786.8,4060.0,-945.4359819275945,786.797816517436,-947.0517846663671,785.6352747954892,-133.81658012303328,-18.349149576404557,-0.03882523246303262,0.2013771844281675,3274.0,-945.4359819275945,-786.797816517436,-944.8976809793388,-786.637746983376,115.90480679736312,-32.396918614693966,-0.04192736623819573,-0.19604036556386498,0.0015510668875815536,0.002668409432151256,786.1365108894327,True,-0.0012396880876934463
-945.17,294.53,3638.0,-945.1736578434601,294.5280233166512,-946.4365497221316,294.79516325643795,-91.21535962046939,-32.51675801339982,-0.055362376078436235,0.13358277094653037,2849.0,-945.1736578434601,-294.5280233166512,-944.6845218962297,-294.03471187069886,73.17045461603952,-37.154022770065744,-0.05553142865665835,-0.12802392111548122,8.452628911105944e-05,0.0027794249155245754,294.4149375635684,True,-0.00018038973912400477
-942.27,463.28,3538.0,-942.2683501259262,463.2821563053824,-941.1435955327566,462.87649005400823,-114.72525208002425,-26.15703198478013,-0.047299045186184406,0.17106474957786502,2948.0,-942.2683501259262,-463.2821563053824,-942.6268141507024,-463.9975560875101,97.5601724120226,-33.80453085183922,-0.048119016358149365,-0.1668161619030162,0.0004099855859824794,0.002124293837424407,463.43702307075915,True,-0.0005558501547700502
-940.92,393.79,3619.0,-940.9182095433247,393.7929950491553,-941.9242839234151,393.7510838665669,-106.41041422304504,-28.55379715415621,-0.050267038453282266,0.15782171304886533,2867.0,-940.9182095433247,-393.7929950491553,-940.7615385607454,-393.32054408623463,89.17110493488372,-34.921395860994316,-0.05076214167646086,-0.15344170235428814,0.00024755161158929867,0.0021900053472885955,393.53581397640073,True,-0.0003952404313574833
-940.45,192.77,3726.0,-940.4455754391183,192.77478994148976,-939.8581702268825,192.87342521147298,-69.18293323807387,-35.44013289050705,-0.05876683893966517,0.098597640511078,2761.0,-940.4455754391183,-192.77478994148976,-940.7763057361617,-193.22422099064048,50.23754571854565,-38.43716097516325,-0.05880822988368399,-0.09147719919307261,2.0695472009411853e-05,0.0035602206590026955,193.0488231010567,True,-6.735782356290945e-05
-938.2,748.19,4018.0,-938.1977789616359,748.1877622304801,-940.0746782658766,747.2689028189358,-131.7948441379938,-18.805218068292824,-0.03908121609500493,0.19824494010451388,3200.0,-938.1977789616359,-748.1877622304801,-938.5986431939087,-747.8682590018562,114.81595942014371,-31.804170252550495,-0.04145878678727733,-0.19423026699542276,0.0011887853461362008,0.0020073365545455607,747.568580910396,True,-0.0009991536309802
-935.85,322.94,3639.0,-935.8468168842938,322.9407613286608,-934.9386091862025,322.3436759925569,-96.30751554653735,-30.150239726920336,-0.05193333113444398,0.14182800377862942,2848.0,-935.8468168842938,-322.9407613286608,-936.4759445800884,-323.2395863302098,78.82824636401357,-35.623906530988855,-0.05273850172191138,-0.13692804612852763,0.00040258529373369753,0.002449978825050894,322.79163116138335,True,-0.0007836380371365593
-934.0,221.93,3725.0,-933.99539584458,221.9292692303708,-933.0206521723258,222.2567021165346,-76.65375986446638,-34.16087156385242,-0.057090687498346414,0.11057156927492577,2762.0,-933.99539584458,-221.9292692303708,-934.0010327836435,-222.40951527108174,57.74776707872053,-37.28333777163556,-0.05661443171344598,-0.10334711114089172,-0.0002381278924502156,0.0036122290670170254,222.33310869380819,True,0.0006729549565797546
-932.34,847.55,4133.0,-932.3387191224334,847.5520708635784,-932.6660547613208,847.9311888268526,-136.47872756721245,-16.256205367431555,-0.03625714466740788,0.2057903053218487,3321.0,-932.3387191224334,-847.5520708635783,-932.5270695751642,-847.4539506888483,118.98434408937942,-31.610486971469914,-0.03993090700707249,-0.20079009884620355,0.0018368811698323065,0.0025001032378225707,847.6925697578504,True,-0.0013615153876625466
-930.49,709.28,3944.0,-930.492659389909,709.2837308309664,-930.2837610030562,710.2144217615287,-130.7762346417974,-19.272304254614195,-0.039370801624778684,0.19674368183861307,3160.0,-930.492659389909,-709.2837308309664,-931.0304073569278,-709.9599920848319,113.82024925228795,-31.19901241726254,-0.04095990969542509,-0.19255285706543546,0.0007945540353232021,0.0020954123865888075,710.0872069231802,True,-0.0007030587499435237
-928.95,421.25,3618.0,-928.9523110338533,421.2453012495962,-930.5616547571905,421.1326589992569,-109.81034933538119,-26.70022368887429,-0.0476523260672595,0.1633720356532064,2868.0,-928.9523110338533,-421.2453012495962,-928.7022564918046,-420.88584228471376,92.8500228446505,-33.554055865585276,-0.04824836102567925,-0.15914919235963387,0.0002980174792098743,0.0021114216467862656,421.0092506419853,True,-0.00044476434752891016
-928.65,490.0,3539.0,-928.6545775477051,490.0006893869573,-927.5132826761846,490.90427748975907,-117.64831726211253,-24.537769341914355,-0.04506516420078066,0.17588388237673325,2947.0,-928.6545775477051,-490.0006893869573,-928.0981650209291,-489.63981243541593,100.32311736462977,-32.41185024708068,-0.045588456316352034,-0.17103559339825505,0.00026164605778568675,0.0024241444892390968,490.27204496258753,True,-0.0003353180510395894
-926.64,250.87,3724.0,-926.6416360256982,250.86904628434618,-925.363679941477,251.320970192003,-82.98796384733629,-32.31586535610163,-0.05451021822099217,0.12074654275037153,2763.0,-926.6416360256982,-250.86904628434618,-926.5023005496477,-251.46992824379598,64.54151882575103,-36.02343780288005,-0.05425333654586375,-0.11406786609744671,-0.00012844083756420946,0.00333933832646241,251.39544921789948,True,0.0003210151917769165
-926.0,809.59,4061.0,-925.9962989789477,809.58684171452,-924.7459616756981,809.8369838307415,-135.2235491531749,-16.247858144576742,-0.03577732095449685,0.2038896239964403,3273.0,-925.9962989789477,-809.5868417145199,-925.6918420821374,-809.7216747797926,117.83222349029283,-30.54421715080477,-0.038695992040203145,-0.19887273111670362,0.001459335542853147,0.0025084464398683476,809.7793293052671,True,-0.0011323178190984972
-925.67,351.06,3640.0,-925.6660802585607,351.05883817211026,-924.4462358167578,351.9324045550366,-101.43588285473703,-28.715599428087756,-0.05001240253925334,0.15011855366154514,2847.0,-925.6660802585607,-351.05883817211026,-924.892726033478,-350.6540405607825,83.53838721204318,-34.246200571147256,-0.05021007050831889,-0.14428260875145899,9.883398453277431e-05,0.0029179724550430775,351.29322255790953,True,-0.00017677319105237606
-919.25,771.35,4017.0,-919.2533317427736,771.3451316238471,-920.005588683823,770.5407714568115,-133.46012447625455,-16.5816878277848,-0.03582736774995701,0.2011411016748488,3201.0,-919.2533317427736,-771.3451316238471,-918.488414833508,-770.9080535061772,115.61290449214685,-30.650423763096416,-0.03934037448031593,-0.19525235505008515,0.0017565033651794591,0.002944373312381829,770.7244124814944,True,-0.0014319562164345054
-918.39,279.57,3723.0,-918.391410270163,279.56612373816193,-917.340179062222,280.01899590706086,-88.86022275672019,-30.62956837933348,-0.052177857169637784,0.13019079667340827,2764.0,-918.391410270163,-279.56612373816193,-918.4046537920145,-280.2063997387382,71.19610622552706,-34.67901893128595,-0.0517616926690569,-0.12455979922640167,-0.00020808225029044294,0.0028154987235032986,280.1126978228995,True,0.00046674761546739617
-916.19,448.33,3617.0,-916.1856672014397,448.3344992465475,-915.6800463324086,449.1344530979888,-113.85020461637716,-24.61609346979961,-0.0446782670157945,0.16998391968132445,2869.0,-916.1856672014397,-448.3344992465475,-915.8551747625573,-447.80883532430295,96.69124969659167,-31.964373961570193,-0.04538857853064203,-0.16510535690846287,0.00035515575742376543,0.0024392813864307916,448.4716442111459,True,-0.0004975809431007457
-914.64,378.86,3641.0,-914.6407371861739,378.8565980414389,-916.0680440947257,379.0857341339492,-105.1024221093143,-26.679016033529507,-0.047103625487333295,0.1560566396123367,2846.0,-914.6407371861739,-378.8565980414389,-914.5588546406998,-379.3793340055465,88.49749387131085,-32.432398917648094,-0.04697151762936517,-0.1520487134902839,-6.605392898406323e-05,0.0020039630610264036,379.2325340697479,True,0.00010943920649957168
-914.28,516.32,3540.0,-914.2833809757662,516.3195708778836,-912.6210105426358,516.1617557029766,-119.69917306670497,-22.428721453646542,-0.042017837884892356,0.1793303060182351,2946.0,-914.2833809757662,-516.3195708778836,-914.9307856734116,-516.815535164499,102.91442505873356,-30.86039962233458,-0.04278642561842777,-0.17499852714649167,0.00038429386676770705,0.002165889435871718,516.4886454337378,True,-0.0004675009990367471
-912.08,732.82,3945.0,-912.0750338082184,732.8158927750798,-912.0369422048501,733.6470822627202,-132.0514625861948,-17.096765578092928,-0.03619530343967069,0.1989967384426129,3159.0,-912.0750338082184,-732.8158927750798,-913.3234006576478,-733.5604719126959,114.77535303530055,-30.0127329062221,-0.03878285277852528,-0.1938560947170864,0.0012937746694272959,0.00257032186276325,733.6037770877081,True,-0.0011080948936792107
-911.9,869.5,4132.0,-911.9048880123886,869.499554467461,-912.2067217252846,870.2656283268383,-137.3640327885458,-14.352199105503615,-0.0335003538594139,0.20744987723970088,3322.0,-911.9048880123886,-869.499554467461,-912.2898218037986,-870.3941819477424,119.97918142409209,-30.019102731742304,-0.037117191936080283,-0.20212558661568442,0.0018084190383331929,0.0026621453120082295,870.3299051372903,True,-0.0013055545792243638
-909.25,307.99,3722.0,-909.2527001385602,307.99273902275286,-907.9341595396603,307.44396519285874,-94.56395731008432,-27.97742686786317,-0.048292715711169686,0.1393837674218439,2765.0,-909.2527001385602,-307.99273902275286,-909.7465772586902,-308.37948608231477,77.49438377841936,-33.5249048331033,-0.04957982800873885,-0.13447778405305905,0.0006435561487845819,0.002452991684392433,307.91172563758676,True,-0.0013132278512665919
-906.01,831.9,4062.0,-906.0074443784279,831.8957330885102,-905.9092253339212,832.7141113015114,-136.08518384540122,-14.551510759803286,-0.033357675799118934,0.20549165119946755,3272.0,-906.0074443784279,-831.8957330885102,-904.6670366823323,-831.8912738901035,118.27269746226237,-29.77262028513002,-0.037196447008876476,-0.19931627699477855,0.0019193856048787712,0.0030876871023444996,832.3026925958075,True,-0.0014489746985887678
-902.78,406.31,3642.0,-902.7808475321693,406.3086773982291,-901.8932661294374,405.7231520765759,-109.38846014388913,-24.298189128049767,-0.043640649515695226,0.16305167912835347,2845.0,-902.7808475321693,-406.3086773982291,-903.0779269449571,-406.6657085409375,92.6996982798186,-30.965206790333394,-0.04430223334540795,-0.15859612291522676,0.0003307919148563612,0.002227778106563355,406.1944303087567,True,-0.0005116827666936336
-902.63,475.04,3616.0,-902.629282734072,475.0372384887048,-901.9202589116541,475.8092520849926,-116.42358097694147,-22.707239593919997,-0.04196691725546198,0.1742480911067725,2870.0,-902.629282734072,-475.0372384887048,-903.521603128011,-475.58573648628686,99.88149820050917,-30.037911898250844,-0.041982335975110086,-0.17003174618215294,7.709359824054074e-06,0.002108172462309779,475.6974942856397,True,-1.0182802507084689e-05
-899.74,794.02,4016.0,-899.7374435612807,794.0230051162315,-900.0330481121426,794.8669912112706,-134.5495176360276,-14.869305262833011,-0.03339994880657738,0.20311952790087734,3202.0,-899.7374435612807,-794.0230051162315,-897.9349464149253,-793.777398417156,117.59230836111021,-28.651518022301946,-0.03587893693939336,-0.19815095638116684,0.001239494066407991,0.002484285759855251,794.3221948142133,True,-0.00098045490321626
-899.23,336.12,3721.0,-899.2343467427281,336.121391223735,-898.2285492334103,335.4721888835973,-99.22798832769888,-26.20558036125368,-0.04581599530706021,0.1469256676798331,2766.0,-899.2343467427281,-336.121391223735,-899.7679730356067,-336.4107061607114,82.81338759735205,-32.17640168881814,-0.04709032100502043,-0.14282103385892733,0.000637162848980112,0.0020523169104528782,335.94144752215436,True,-0.001191699410870852
-899.17,542.22,3541.0,-899.1664817641682,542.21733472091,-898.2877518395545,543.1647737803656,-121.8247039883427,-20.66932636984585,-0.03954837887033455,0.18288873257745683,2945.0,-899.1664817641682,-542.21733472091,-898.7030767711664,-541.7890939372113,105.11589098031261,-29.72169279499546,-0.040668266918612896,-0.1783035286704853,0.000559944024139173,0.002292601953485768,542.4769338587885,True,-0.000648549614872674
-893.06,755.87,3946.0,-893.062436291368,755.8700185119966,-893.6719662538453,755.0919903068634,-132.93883264280012,-14.824120942382445,-0.032840912370060676,0.20063394711346474,3158.0,-893.062436291368,-755.8700185119966,-892.054881972695,-755.3925779366446,115.94709571208978,-28.49089226340806,-0.03609339095931489,-0.19546050613617444,0.0016262392946271055,0.002586720488645153,755.242284121754,True,-0.0013529383956356804
-890.95,890.95,4131.0,-890.9545442950499,890.9545442950499,-888.6636071803209,891.4251888441786,-138.28950591755637,-12.50567354654834,-0.030820657720497812,0.2092111453566376,3323.0,-890.9545442950499,-890.9545442950499,-891.7280689095065,-891.485068305552,121.88275997407993,-27.858782779978345,-0.03342063643319971,-0.2049034067437521,0.0012999893563509484,0.002153869306442749,891.4551285748653,True,-0.0009162630581723289
-890.1,433.39,3643.0,-890.0972326277719,433.3900281136869,-888.9488409806992,432.9648885799802,-112.12753580614424,-22.482431974447213,-0.04108441105910604,0.16756958346348583,2844.0,-890.0972326277719,-433.3900281136869,-890.3908898706022,-433.636258368381,95.6700836790606,-29.71978986437037,-0.041989783153584134,-0.16316826030813833,0.00045268604723904676,0.0022006615776737487,433.3005734741806,True,-0.0006564289306086202
-888.35,363.92,3720.0,-888.3460421925516,363.92486768676446,-887.2459481774331,363.3214369343031,-103.45778680437853,-24.372363761734714,-0.04323940945669718,0.15379210465547913,2767.0,-888.3460421925516,-363.92486768676446,-888.7421932051326,-364.33020352649993,87.27997613044532,-30.495196241225244,-0.04407267010483754,-0.1497947978704565,0.0004166303240701816,0.001998653392511318,363.8258202304015,True,-0.0007195106518458396
-888.29,501.33,3615.0,-888.2948430663297,501.3305015473969,-887.415914149367,501.0635706547647,-118.60467901937523,-20.486658447654214,-0.038742041550210916,0.1778970507718006,2871.0,-888.2948430663297,-501.330501547397,-889.3613145986359,-501.8037840447326,102.33835857486702,-28.87355298779099,-0.03980810949660548,-0.17376854024334584,0.0005330339731972819,0.002064255264227377,501.4336773497487,True,-0.0006679150962340918
-885.48,853.71,4063.0,-885.4812727223347,853.71126012138,-884.1646252043236,854.2546923106056,-136.92608600586343,-12.669738712543326,-0.030626549479425415,0.2070962940822859,3271.0,-885.4812727223347,-853.71126012138,-884.9781548634454,-853.951350776235,119.96859785455216,-27.706110512518723,-0.03363732539313362,-0.2017742570975279,0.0015053879568541016,0.002661018492379,854.1030215434203,True,-0.001107434496018808
-883.32,567.67,3542.0,-883.3162094727403,567.6728583283773,-884.2817092695191,567.1313931639389,-123.2067779071344,-18.51073253069933,-0.036406388611454066,0.18525990315978186,2944.0,-883.3162094727403,-567.6728583283773,-882.9027790432862,-567.6405068334485,107.63350140840895,-27.822297811346278,-0.03732868436088053,-0.18211692429697182,0.00046114787471323096,0.0015714894314050182,567.3859499986937,True,-0.0005106713606218019
-879.66,816.21,4015.0,-879.6622461957917,816.2072853251034,-877.8361827331888,816.4172686218226,-135.39321658658608,-13.23361537121147,-0.031060593153215094,0.20473416089362112,3203.0,-879.6622461957917,-816.2072853251034,-880.3284436847492,-817.1716962542429,118.96230868414652,-27.520617323702822,-0.03379254324516703,-0.20011575325436579,0.0013659750459759663,0.002309203819627667,816.7944824380327,True,-0.001050775259062954
-876.6,391.38,3719.0,-876.5983202194742,391.3762703440211,-877.8246016643333,391.4137043909387,-107.24410527261306,-22.739202826221646,-0.040984198336606374,0.1599336006340292,2768.0,-876.5983202194742,-391.3762703440211,-876.9400672326962,-391.70149567142875,91.24632396040477,-29.079400811856132,-0.04148414622258647,-0.15596289618545142,0.0002499739429900477,0.001985352224288889,391.5576000311837,True,-0.0004011242804756516
-876.6,460.08,3644.0,-876.601465396678,460.0759403233307,-875.6241983414403,460.85774751296566,-115.30640731931412,-20.76307048736591,-0.03868956534944253,0.17279210114815355,2843.0,-876.601465396678,-460.0759403233307,-875.6491143050016,-459.59096081642207,98.96646981127226,-28.321278513415066,-0.03944611667208353,-0.1682340796555278,0.0003782756613204992,0.0022790107463128706,460.22435416469386,True,-0.0005164385708327942
-873.47,778.43,3947.0,-873.4672692859962,778.4310691937116,-871.9993144958535,778.4108753001619,-133.9469381988616,-13.409295538067623,-0.030874733554866803,0.20250382131564168,3157.0,-873.4672692859962,-778.4310691937116,-873.4812433497987,-778.7475503829041,117.920318956978,-26.68233126605594,-0.032928949019246444,-0.19837351762032343,0.0010271077321898203,0.0020651518476591246,778.579212841533,True,-0.0008288826756923871
-873.19,527.19,3614.0,-873.1947043066851,527.1916239573243,-873.0295414538442,527.9168191635305,-120.86527565710351,-18.87531132680587,-0.036506373962994804,0.18167109158022737,2872.0,-873.1947043066851,-527.1916239573243,-873.1173102971965,-527.0620458783807,104.51648243147518,-27.35715460002214,-0.037085349258062235,-0.1770361921478067,0.0002894876475337156,0.0023174497162103402,527.4894325209556,True,-0.00034482293321043265
-869.5,911.9,4130.0,-869.499554467461,911.9048880123886,-870.1397676594361,910.9653095575662,-138.5800023375947,-10.262393937817315,-0.027489674664101245,0.20990034572871116,3324.0,-869.499554467461,-911.9048880123886,-868.0312354790616,-911.9205707829964,122.18888129479056,-26.768011057681253,-0.031434346274870385,-0.20510039948137188,0.00197233580538457,0.0023999731236696437,911.4429401702813,True,-0.0013596628825608432
-866.75,592.67,3543.0,-866.7454918109125,592.6653798101078,-867.2548559452002,593.3773136356481,-124.89598982758984,-16.85698355787058,-0.03409579845085505,0.18815689484122433,2943.0,-866.7454918109125,-592.6653798101078,-867.1976887181187,-593.3223816461035,109.23751926751152,-26.592378661217044,-0.03505668201331103,-0.18447745819266265,0.00048044178122799014,0.0018397183242808424,593.3498476408759,True,-0.0005087563016606628
-864.43,875.02,4064.0,-864.429957268389,875.0204848899089,-862.5112959872309,875.3326482289699,-137.82024685975466,-10.65423071806192,-0.02767691003210261,0.20878458301593336,3270.0,-864.429957268389,-875.0204848899089,-864.6529770576223,-875.2303334940088,121.44822750573859,-26.097097742306786,-0.030815898910296097,-0.2038802389256599,0.0015694944390967427,0.00245217204513673,875.2814908614894,True,-0.0011266574813237151
-864.0,418.45,3718.0,-864.0025459857887,418.4490417363565,-864.9039224543475,418.5496861709671,-110.60409067073977,-20.898684143325994,-0.03838725550693392,0.16543942269007234,2769.0,-864.0025459857887,-418.4490417363565,-864.0472011856558,-418.7899514954256,95.5678571210561,-27.31804999008514,-0.038349117740956576,-0.16268293124727692,-1.906888298867232e-05,0.0013782457213977056,418.66981883319636,True,2.8617617040718166e-05
-862.31,486.34,3645.0,-862.3058597955605,486.3420649730383,-863.5754876950074,486.0483721940632,-117.14112626472911,-18.616049662487107,-0.0355809844745065,0.17585970727404146,2842.0,-862.3058597955605,-486.3420649730383,-862.3714031068008,-486.8418558422479,102.18052308041082,-26.4129593325311,-0.036075191393646316,-0.1731867925381362,0.0002471034595699084,0.001336457367952626,486.44511401815555,True,-0.00031917204670801696
-859.04,837.88,4014.0,-859.0402191116623,837.8841817032873,-858.8395982891589,838.7216600100764,-136.5094399327769,-10.950045785457597,-0.027699340554779045,0.2067433361793558,3204.0,-859.0402191116623,-837.8841817032873,-859.1643151617095,-838.3011022405226,119.73181855309417,-26.171067326231128,-0.031385896452801626,-0.20108126974051757,0.0018432779490112905,0.0028310332194191185,838.5113811252995,True,-0.001381216425557998
-857.34,552.6,3613.0,-857.3418825866926,552.5983137530422,-855.5156592551975,552.4951764558214,-122.6742781373095,-16.715241988809083,-0.03336952731233104,0.18476470048828153,2873.0,-857.3418825866926,-552.5983137530422,-858.4458124656829,-553.0640268833989,107.33926108966413,-25.509374446288877,-0.033826070249966055,-0.18134910247893915,0.00022827146881750776,0.00170779900467119,552.7796016696102,True,-0.0002594654243011874
-853.3,800.48,3948.0,-853.3023152650363,800.4843276188038,-853.0482304166712,801.4692648388454,-134.841898307007,-11.328434504587142,-0.027845335832336917,0.20416028797904795,3156.0,-853.3023152650363,-800.4843276188038,-854.4326738551131,-801.2765194569187,118.71809578004502,-25.48688433285078,-0.030750424459950687,-0.1994099315552448,0.001452544313806885,0.0023751782119015713,801.3728921478821,True,-0.001138871202153727
-850.57,445.12,3717.0,-850.5709050895824,445.116990705914,-851.086972900227,445.0041953114835,-113.39045018928472,-18.973093543329593,-0.0356465705390842,0.17004326740249637,2770.0,-850.5709050895824,-445.116990705914,-850.6458782270689,-445.4352207935037,98.70304976479868,-25.948343588726658,-0.03584283840711648,-0.16750861967653843,9.813393401613899e-05,0.0012673238629789668,445.2197080524936,True,-0.00013849200320513127
-849.47,617.17,3544.0,-849.4678440936947,617.1745149070967,-850.0635858107338,616.5616247618999,-126.1210849881961,-14.619811774692167,-0.03081916660186371,0.1903172353658623,2942.0,-849.4678440936947,-617.1745149070967,-848.1916375680354,-616.9928215462143,110.75485787808957,-25.081720124476888,-0.03236250304354995,-0.18665961100202108,0.0007716682208431195,0.0018288121819206027,616.7772231540571,True,-0.0007861078919913108
-847.55,932.34,4129.0,-847.5520708635778,932.338719122434,-847.4079476609941,932.7080181162044,-139.4191839331216,-8.81234781565416,-0.025448136945424228,0.2115143407023372,3325.0,-847.5520708635779,-932.338719122434,-847.3725008753274,-932.5785894261671,123.42584370882714,-25.24319284183532,-0.028754524517296032,-0.20681607934526045,0.0016531937859359021,0.002349130678538383,932.6433037711857,True,-0.0011137508695673298
-847.22,512.16,3646.0,-847.223459578433,512.1644360358803,-848.481992340828,511.8434071994114,-119.03963709940837,-17.005500616856832,-0.03333362715138154,0.17906613074069871,2841.0,-847.223459578433,-512.1644360358803,-847.4402325242464,-512.4541360133284,104.66927024952422,-24.964243370059734,-0.033455815427594154,-0.17696489503778412,6.109413810630876e-05,0.0010506178514572972,512.1487716063699,True,-7.495200851509478e-05
-842.87,895.81,4065.0,-842.8659827162534,895.8107697386565,-841.8610992163727,896.1167565106376,-138.29748999401426,-8.786049952549083,-0.024958150408168803,0.20979704145430608,3269.0,-842.8659827162534,-895.8107697386566,-842.6411167130751,-896.2460712718715,122.12385235875303,-25.020007321318968,-0.028844277093296795,-0.2046859506195116,0.0019430633425639963,0.002555545417397248,896.1814138912546,True,-0.0013622941578209063
-840.75,577.53,3612.0,-840.7500428412428,577.5286706843636,-842.5390192951563,576.9513131533341,-123.66634248586091,-15.135945172740952,-0.031155512006127668,0.18650254449519985,2874.0,-840.7500428412428,-577.5286706843636,-840.6661903430235,-577.5424255434195,108.91726024957303,-24.105998881876328,-0.03129274238474682,-0.18364281959409132,6.861518930957773e-05,0.0014298624505542645,577.2468693483768,True,-7.468588782576772e-05
-839.46,29.98,2572.0,-839.464773551873,29.981560424743808,-839.5392936662344,29.81280770573085,-19.57452476382159,-30.119573123017094,-0.04830190611063774,0.020872008794766368,2573.0,-839.464773551873,-29.981560424743808,-839.4458044004824,-30.14840041367184,1.411403670994994,-30.59110143626515,-0.048318023440103865,-0.01252698870247046,8.058664733062021e-06,0.004172510046147954,29.980604059701346,False,
-837.88,859.04,4013.0,-837.8841817032873,859.0402191116623,-836.7809818548832,859.4773603270382,-137.14635074145943,-8.989692417351963,-0.024833535766069274,0.20802716249150124,3205.0,-837.8841817032873,-859.0402191116623,-839.1668606175481,-859.4671030583287,121.64793968926392,-24.046649046329005,-0.027745560310588006,-0.20388596296107048,0.0014560122722593657,0.0020705997652153835,859.4722316926834,True,-0.001064420068361714
-837.86,59.92,2571.0,-837.859776272613,59.924913887355196,-837.6505508394818,59.87644651390798,-29.66237164338494,-29.45464317706934,-0.04761182580244854,0.03695044713729235,2574.0,-837.859776272613,-59.924913887355196,-837.7212229758148,-60.21153473045391,11.609716816624157,-30.668663875887816,-0.04807328550635351,-0.028736987283808236,0.00023072985195248322,0.004106729926742056,60.04399062218094,False,
-836.32,471.35,3716.0,-836.3163917759524,471.3543177343895,-836.2186244135916,472.1549944487067,-116.40578640701385,-17.19208035981637,-0.033144515120861986,0.17502441630440368,2771.0,-836.3163917759524,-471.3543177343895,-836.8034333057985,-471.9120653932539,101.44528468900124,-24.388910503243817,-0.03303666236983934,-0.1717034940621811,-5.3926375511322705e-05,0.0016604611211112896,472.0335299209803,True,7.178079284726085e-05
-835.19,89.79,2570.0,-835.1870534883938,89.7919021146946,-835.238382197911,89.70352723030318,-39.520935627471516,-28.78053365848668,-0.04690423863012373,0.05267038079975683,2575.0,-835.1870534883938,-89.7919021146946,-834.2399069067447,-90.07110057571462,21.871683956339705,-30.513963594681513,-0.04746138306899222,-0.045026779661678513,0.00027857221943424285,0.0038218005690391597,89.8873139030089,False,
-832.58,822.02,3949.0,-832.5807283893547,822.0154078328773,-832.4589811764728,822.861401420368,-135.78141865957681,-9.129560141593737,-0.024607707507617437,0.20590773703839454,3155.0,-832.5807283893547,-822.0154078328773,-833.6105604485093,-822.6380447143015,120.09034328395019,-23.9959149027534,-0.028115858891652978,-0.2013389234311591,0.0017540756920177702,0.0022844068036177168,822.7497230673348,True,-0.0013395547037899074
-831.5,641.18,3545.0,-831.497358218389,641.1802736172099,-829.7385608776377,641.2344342310497,-128.09198495879386,-12.449040443823549,-0.027666443953782666,0.19370294012142175,2941.0,-831.497358218389,-641.1802736172099,-831.7922704090414,-641.1787333531296,112.84494231691356,-23.237064782031798,-0.02913043867728207,-0.1897852410965075,0.0007319973617497012,0.001958849512457131,641.2065837920896,True,-0.0007172844422525849
-831.45,119.54,2569.0,-831.4500111799834,119.54446414955959,-831.414583190984,119.26801568423441,-48.90962463771104,-27.73016590428097,-0.04559460191669998,0.06765977341378027,2576.0,-831.4500111799834,-119.54446414955959,-832.5020299452757,-120.12020488348382,31.767703362819827,-29.44233747228371,-0.04538782655847937,-0.06075549998442476,-0.00010338767911030264,0.0034521367146777525,119.69411028385912,False,
-831.37,537.52,3647.0,-831.368026395124,537.5194923794639,-829.6206829498843,537.2836647899408,-121.61693464372259,-14.694861779337325,-0.0299676973690086,0.18339902112508175,2840.0,-831.368026395124,-537.5194923794639,-830.3445938542089,-537.1566052024993,106.37599039877716,-23.799152640951373,-0.031298985470708245,-0.17947185469706253,0.0006656440508498226,0.0019635832140096066,537.22013499622,True,-0.0007785197626929106
-826.65,149.14,2568.0,-826.6534116423376,149.14468485361505,-826.1821046113756,148.90717760188068,-57.82147104102677,-26.420944905660445,-0.0438739019933206,0.08190749950862668,2577.0,-826.6534116423376,-149.14468485361505,-826.5894743597736,-149.33784488274634,41.298316834292315,-29.187079664079366,-0.04462374349467081,-0.07585153152340185,0.0003749207506751062,0.003027983992612414,149.12251124231352,True,-0.0015797055269346479
-825.12,952.24,4128.0,-825.1245247710591,952.2444636863655,-825.2547453839925,952.9263275784119,-140.23573488059503,-6.702149097719572,-0.02233726446424908,0.21308523156539538,3326.0,-825.1245247710591,-952.2444636863655,-826.5547918015664,-952.8666241935862,124.78055893216056,-23.761629570641194,-0.02614807632475571,-0.2087172216697529,0.001905405930253316,0.0021840049478212414,952.896475885999,True,-0.0012563818681403933
-823.43,601.96,3611.0,-823.4334870295628,601.9612050940948,-823.5633364512518,602.8532119829798,-125.77439659887489,-12.973769508510307,-0.028031522410446593,0.1900900114921101,2875.0,-823.4334870295628,-601.9612050940948,-822.4072622257439,-601.4984164987953,110.41234523787182,-23.03580385513192,-0.029296085727632946,-0.1857987046590893,0.0006322816585931767,0.002145653416510407,602.1758142408876,True,-0.000659731382981545
-821.25,497.14,3715.0,-821.2527963659172,497.13563990239254,-820.8437734792036,497.9046930514998,-118.96816323237603,-14.98233767986355,-0.02994295627632856,0.1792908610648967,2772.0,-821.2527963659172,-497.13563990239254,-820.2938638773808,-496.58848852601704,103.70925282927972,-23.21414867643442,-0.030864759368257205,-0.17510451901855953,0.00046090154596432203,0.002093171023168583,497.24659078875845,True,-0.0005823930973695989
-820.8,178.55,2567.0,-820.803367415774,178.5548432245005,-820.3004581442715,178.3049766745587,-66.90457004656098,-24.848947098141945,-0.04173202382506658,0.09643573292658414,2578.0,-820.803367415774,-178.5548432245005,-820.3317249430287,-178.54430574867965,50.95140782654126,-28.10454930239419,-0.04254315217969757,-0.09113826451138464,0.00040556417731549624,0.0026487342075997497,178.4246412116192,True,-0.001428185514468704
-820.8,916.07,4066.0,-820.8021378033545,916.0697847748517,-820.6533776878381,916.876377545735,-139.05879761830326,-7.081169240973978,-0.022498990997504183,0.21126843056071154,3268.0,-820.8021378033545,-916.0697847748517,-822.5555709857441,-916.7218222298467,123.53200132594334,-23.30972827813322,-0.025871517488907845,-0.20668110217327212,0.0016862632457018308,0.0022936641937197078,916.7990998877908,True,-0.0011556626147132413
-816.21,879.66,4012.0,-816.2072853251034,879.6622461957917,-817.4341323959835,878.5992292962172,-137.0034782549667,-7.4020569117496136,-0.02254092039112798,0.20803671420739067,3206.0,-816.2072853251034,-879.6622461957917,-816.2441170658434,-879.9081540599278,122.28097691917976,-22.65925617805753,-0.02528711498355982,-0.20461273878568872,0.00137309729621592,0.0017119877108509735,879.2536916780725,True,-0.0009812213287892235
-814.75,562.38,3648.0,-814.75402723472,562.3840992638442,-813.9710652699363,563.2891734186978,-123.43388283994449,-13.035869337574058,-0.027645817651092326,0.18648244443595455,2839.0,-814.75402723472,-562.3840992638442,-815.3029382760993,-563.004938188935,108.77729788633992,-22.04448455774313,-0.028189780648583098,-0.1831094395145556,0.00027198149874538627,0.001686502460699471,563.1470558038163,True,-0.0003034571767941601
-813.91,207.74,2566.0,-813.9073334964663,207.73746046554095,-813.4993487650021,207.48034189974916,-74.36814125604333,-23.23269819733967,-0.03951699371318346,0.10839766843971893,2579.0,-813.9073334964663,-207.73746046554095,-813.515452357864,-207.6199582103014,59.110663318032984,-27.025334816187883,-0.04046944025143461,-0.10404064424015932,0.0004762232691255773,0.002178512099779803,207.55015005502528,True,-0.001441675203180326
-812.85,664.66,3546.0,-812.8486911710369,664.6630764993137,-813.9008664205572,663.7986812815437,-128.2444253304278,-11.028969931643848,-0.025682675259738448,0.19413952032249862,2940.0,-812.8486911710369,-664.6630764993137,-812.8738765933203,-664.9607946252623,114.05586765168074,-22.06410849315144,-0.026972362504007336,-0.191480795568119,0.0006448436221344438,0.0013293623771898078,664.379737953403,True,-0.0006098427963057131
-811.32,843.01,3950.0,-811.3160259269229,843.0102645129206,-812.5875199156785,842.0753290635676,-135.58957552890476,-7.572242444729511,-0.022364471864003276,0.20584577445991423,3154.0,-811.3160259269229,-843.0102645129206,-810.1166664113962,-842.7058149931363,120.92746875386347,-22.137915341725478,-0.024912991309466545,-0.20238352091350253,0.0012742597227316348,0.001731126773205846,842.3905720283519,True,-0.0009504391707661079
-809.86,14.97,2485.0,-809.8616928710227,14.967913016895272,-809.2749452445686,14.897255393468752,-14.353446516537607,-27.980760386402675,-0.04471520955231377,0.012933051335594473,2484.0,-809.8616928710227,-14.967913016895272,-809.0480060499067,-15.320011044699571,-3.872619211188057,-27.883753023919784,-0.04419074749745753,-0.003744924079634058,-0.00026223102742812046,0.0045940636279802076,15.108633219084162,False,
-808.76,44.88,2486.0,-808.7555192136215,44.8832946819358,-807.8695214667114,44.66238060866533,-24.689868793630982,-27.485372830675164,-0.044291308450921406,0.029401190515319992,2483.0,-808.7555192136215,-44.8832946819358,-808.3592275810064,-44.88603164583171,7.140300574717268,-28.244101440112942,-0.04440216556197912,-0.021264094846425066,5.542855552885875e-05,0.004068547834447463,44.77420612724852,False,
-806.54,74.74,2487.0,-806.5446827989778,74.73737116527485,-805.0300705440155,75.22834436119746,-35.09340392267634,-26.905494642520736,-0.04374274417941274,0.04599370560791603,2482.0,-806.5446827989778,-74.73737116527485,-806.6419425105036,-74.90985011111036,17.928422754132658,-28.21528062881178,-0.0439885949259284,-0.03841289301808768,0.00012292537325783032,0.003790406294914176,75.06909723615391,False,
-805.97,236.66,2565.0,-805.9740978361777,236.65534774680108,-805.6527500930348,236.41826310758356,-81.48756841841082,-21.462558067364355,-0.037054130132647654,0.11982468576951844,2580.0,-805.9740978361777,-236.65534774680108,-805.4300886264418,-236.47853450063258,66.44742337403052,-25.541225901113837,-0.03775397735130567,-0.11561843930180085,0.00034992360932900937,0.002103123233858792,236.44839880410808,True,-0.0009298582235664867
-805.41,625.87,3610.0,-805.4071418071011,625.8748564418578,-803.6798273515319,625.8864619400891,-127.20634196732114,-10.827565408881908,-0.024897820084400963,0.19261253612489077,2876.0,-805.4071418071011,-625.8748564418578,-806.0270783031575,-626.4768619637719,112.44786444707742,-21.076593008562263,-0.025871994475757408,-0.18883772643000443,0.0004870871956782225,0.0018874048474431665,626.1816619519304,True,-0.0004887493992814589
-805.39,522.44,3714.0,-805.394691915169,522.4360154457863,-804.1348297496071,522.1505801508191,-120.75185152818243,-12.775184731540968,-0.026727101979011455,0.1823343231375823,2773.0,-805.394691915169,-522.4360154457863,-804.776957387047,-522.0115011286603,106.3536369986025,-21.323572648614554,-0.027544459221429823,-0.17912315200554854,0.0004086786212091839,0.0016055855660168789,522.0810406397397,True,-0.0004918400225745527
-803.23,104.49,2488.0,-803.2322033637016,104.48936538946458,-802.9474603694403,104.35019322192788,-44.27126869100664,-25.619592159335024,-0.04205282130702969,0.06062623672731196,2481.0,-803.2322033637016,-104.48936538946458,-803.0799625700841,-104.688240580255,28.0451148902247,-27.699653770532233,-0.042803254152851744,-0.054470485158370135,0.0003752164229110268,0.0030778757844709126,104.51921690109144,False,
-802.23,971.61,4127.0,-802.2296193900509,971.6108468791886,-800.6285204591835,971.5553352359129,-140.64038637312458,-4.805939621693874,-0.019547502303170858,0.21403085112661863,3327.0,-802.2296193900507,-971.6108468791886,-801.7533468015655,-971.6122598817316,124.96254914776432,-22.682978087680482,-0.02420177187916881,-0.20870312546975522,0.0023271347879989766,0.002663862828431701,971.5837975588222,True,-0.0015049467832337344
-798.82,134.1,2489.0,-798.8226053562561,134.0986397091453,-798.1142640116587,134.16141672158201,-53.951023404580916,-24.571200594960604,-0.04074935155481859,0.07609123685780975,2480.0,-798.8226053562561,-134.0986397091453,-799.030050238384,-134.22259136737742,37.86821163601132,-27.00066045258983,-0.0413290653426142,-0.07005483002753271,0.00028985689389780453,0.003018203415138518,134.19200404447972,True,-0.0013571781641473428
-798.25,935.79,4067.0,-798.2515077203902,935.7855151807618,-798.0795370268329,936.5406447344382,-139.74111163797537,-4.866372594083365,-0.01921486040133082,0.21263082826459653,3267.0,-798.2515077203902,-935.7855151807618,-799.731658738811,-936.3883222934206,124.87908177168318,-21.429122095640423,-0.022637584696634207,-0.20854552345599495,0.001711362147651694,0.002042652404300793,936.4644835139294,True,-0.0011482342032919696
-797.4,586.74,3649.0,-797.3966212254367,586.7355694503766,-798.0289321144852,586.3172766907419,-124.63640814534415,-10.855850963336707,-0.024458235204223508,0.18859156577368844,2838.0,-797.3966212254367,-586.7355694503766,-797.6842200230982,-586.9812207912386,110.45298949320512,-20.5959771699643,-0.025590772657305843,-0.1855606095733927,0.0005662687265411675,0.0015154781001478629,586.6492487409903,True,-0.0006064903944144703
-797.01,265.27,2564.0,-797.0137701433486,265.2716535966209,-796.5395227513483,264.9873790993087,-87.66027791591493,-19.37761343803878,-0.034085722882843866,0.1297604675055193,2581.0,-797.0137701433486,-265.2716535966209,-796.5314589193207,-264.9566007899126,73.34870324020912,-24.218120914372097,-0.035299420257349716,-0.12649318606881835,0.0006068486872529248,0.001633640718350482,264.97198994461064,True,-0.0014389984225222632
-794.02,899.74,4011.0,-794.0230051162315,899.7374435612807,-794.6474691132111,898.6703005170201,-138.11962515782767,-5.062464558687801,-0.01906315337776162,0.21009218482250397,3207.0,-794.0230051162315,-899.7374435612807,-792.7554208702596,-899.5472608699916,122.74997525363496,-21.672541480155957,-0.02347619015932323,-0.20507150739291222,0.0022065183907808046,0.002510338714795876,899.1087806935059,True,-0.0015419673604212675
-793.54,687.6,3547.0,-793.5370530719714,687.6037706425492,-791.3774926945877,687.8829251794479,-130.1581192814609,-8.893887327974268,-0.02257954483853745,0.19746110198820196,2939.0,-793.5370530719714,-687.6037706425492,-793.9084309090276,-687.7045050588653,115.64854610648786,-20.39728538971069,-0.024040989537619215,-0.19378335275772368,0.000730722349540882,0.0018388746152391416,687.7937151191566,True,-0.0006675350223965923
-793.32,163.52,2490.0,-793.3219117571065,163.52475141717804,-793.1690691328909,163.42893210723423,-62.68575526037472,-23.139230371152163,-0.03882873862695073,0.09005355803964972,2479.0,-793.3219117571065,-163.52475141717804,-792.9761675842177,-163.5597817603216,47.40222077102467,-25.951373665014675,-0.03929978177812674,-0.08515453510411,0.00023552157558800677,0.002449511467769859,163.4943569337779,True,-0.0009051234128268673
-789.52,863.46,3951.0,-789.5220794351304,863.4552021294606,-787.3590597254221,863.8834626362947,-137.29571281488708,-5.603707130532997,-0.01949853422518057,0.2088701485540142,3153.0,-789.5220794351304,-863.4552021294606,-789.7015656254547,-863.8674874583638,122.0606846272708,-21.205690562740045,-0.02317014306439877,-0.20393706680644974,0.0018358044196091008,0.0024665408737822303,863.8754750473292,True,-0.0013352270887781942
-788.76,547.23,3713.0,-788.7574201155845,547.2309678852315,-789.6712028076627,546.91811392319,-121.77172300144089,-11.250350519953628,-0.024603580271503726,0.1841346346472304,2774.0,-788.7574201155845,-547.2309678852315,-788.3951561259784,-547.463701439642,108.44184532178707,-19.804108493353837,-0.02481444450310903,-0.182246011298332,0.00010543211580265298,0.0009443116744491942,547.1909076814161,True,-0.00012106369305788527
-787.04,293.55,2563.0,-787.0377689997999,293.5499108632424,-785.8488489367764,293.2426806167218,-93.73936119642235,-17.576904007855866,-0.03156584672512932,0.13956655743329874,2582.0,-787.0377689997999,-293.5499108632424,-786.4181055811414,-293.24039794095887,79.13070396814906,-22.54516026640859,-0.03229042979373809,-0.1355716680729774,0.00036229153430438615,0.001997444680160665,293.2415392788404,True,-0.0007762695731494968
-786.74,192.73,2491.0,-786.7376358520522,192.72750798452103,-786.3391236231402,192.47592849431467,-71.33325873561614,-21.414299714030353,-0.036439163997968184,0.10390013343190765,2478.0,-786.7376358520522,-192.72750798452103,-786.9722515927124,-193.1266927931717,56.1942810178989,-24.30263642031463,-0.036313629797293245,-0.09907400379036058,-6.276710033746927e-05,0.002413064820773539,192.8013106437432,True,0.00020455116269587045
-786.69,649.25,3609.0,-786.6865456589397,649.2490114580114,-786.7828441789546,648.7405234263645,-127.72135593359813,-9.137170820762123,-0.022487366610663223,0.1936391432043492,2877.0,-786.6865456589397,-649.2490114580114,-787.026347733619,-649.4452085030066,113.71778334013904,-19.65067585254148,-0.02332128412059903,-0.19062616368975707,0.0004169587549679027,0.001506489757296059,649.0928659646855,True,-0.00040361391416937154
-779.43,29.88,2397.0,-779.4276212196318,29.876132278227477,-779.5827653801261,29.902545109776046,-19.07278906605212,-24.524260211065112,-0.03939778804135994,0.020807757605864244,2400.0,-779.4276212196318,-29.876132278227477,-779.4266879870293,-29.938511543086275,1.8128855143321039,-25.069459365918814,-0.03953262764860997,-0.012430914411305697,6.741980362501634e-05,0.004188421597279273,29.92052832643116,False,
-779.31,610.55,3650.0,-779.3116458029598,610.5516839022574,-779.4377476120734,611.4590917931038,-125.8766549069678,-9.203402729354952,-0.02213619328529116,0.19079316553358897,2837.0,-779.3116458029598,-610.5516839022574,-778.4859052155404,-610.2536680980986,112.0928940364491,-18.81791798045865,-0.02247588653530085,-0.18793547747533845,0.0001698466250048443,0.0014288440291252563,610.8563799456012,True,-0.00017470191909913657
-779.08,221.67,2492.0,-779.0787709699836,221.66702195838698,-778.5674614233749,221.95383294103843,-78.6860974713744,-19.905588481925932,-0.034398990591142,0.11569771907356503,2477.0,-779.0787709699836,-221.667021958387,-779.1232875277028,-221.95705805428935,64.24736347669774,-23.135840444591082,-0.03410353162492025,-0.11179475654483627,-0.0001477294831108769,0.0019514812643643825,221.9554454976639,True,0.0004181973168706357
-778.88,990.43,4126.0,-778.8803226379626,990.4268993759121,-778.6180992653481,991.2782217704927,-141.3710516673526,-2.8371692230677863,-0.01665565255195268,0.21546330209107792,3328.0,-778.8803226379626,-990.4268993759121,-777.7242389509188,-990.4514000544341,126.51554848854782,-20.394944569070578,-0.020329530996095156,-0.21088051685483736,0.0018369392220712374,0.0022913926181202804,990.8648109124633,True,-0.001164823839053413
-777.71,59.71,2396.0,-777.7113249233175,59.70841721246641,-777.8389034580587,59.78092241696613,-29.281880877354467,-24.212758899728087,-0.039267937982879295,0.03707738889799203,2401.0,-777.7113249233175,-59.70841721246641,-777.4128134661133,-60.16979805392902,13.068361551874654,-25.1489557777478,-0.039288908371865154,-0.03031989702695536,1.0485194492929756e-05,0.0033787459355183354,59.975360235447575,False,
-776.06,321.45,2562.0,-776.0588073094808,321.4540831866754,-774.95201960345,321.1946210972694,-98.8026650690013,-15.72233943042518,-0.028956542184071937,0.14775850900349582,2583.0,-776.0588073094808,-321.4540831866754,-775.9724191240497,-321.50711333454734,84.91743144802614,-20.7984315357724,-0.029164242979948945,-0.14465360286180068,0.00010385039793850415,0.0015524530708475731,321.35086721590835,True,-0.00020305260107904264
-775.23,954.95,4068.0,-775.2274663510212,954.9462683392067,-775.9494767757728,954.0679236106606,-139.38088807162376,-3.3121452020412114,-0.01695588678890565,0.21232854090009265,3266.0,-775.2274663510212,-954.9462683392067,-774.1349017967492,-954.4888880834293,124.74900386303788,-20.69034007193641,-0.02124009944905637,-0.2080250152466624,0.0021421063300753607,0.0021517628267151284,954.278405847045,True,-0.0014104113576371953
-774.85,89.45,2395.0,-774.8536300125467,89.45307181075206,-774.5952398129178,89.49285205193478,-39.59769850781347,-23.378577493899048,-0.0383041782373311,0.0535352476378772,2402.0,-774.8536300125467,-89.45307181075206,-775.4912349037919,-90.20076271697292,23.51003820352922,-24.471548139263803,-0.037842992220819896,-0.046914808039213815,-0.00023059300825560222,0.0033102197993316908,89.84680738445385,False,
-773.58,709.98,3548.0,-773.5781947702253,709.9836452877203,-771.7549041360971,710.235032765283,-131.32357413851844,-6.833810061428497,-0.019574575692529097,0.1995562983124467,2938.0,-773.5781947702253,-709.9836452877203,-774.1579834953736,-711.0856983019794,117.24616024983929,-18.586679577224945,-0.02087297204780079,-0.19608415144473915,0.0006491981776358471,0.001736073433853777,710.6603655336312,True,-0.0005739777605447848
-771.36,571.5,3712.0,-771.3570764531287,571.4965097055995,-771.2398075993051,572.295029023534,-124.13075255259425,-9.230566332165253,-0.021699784287631623,0.1881148755839795,2775.0,-771.3570764531287,-571.4965097055995,-772.4882184803388,-571.9898824717512,110.37036293456953,-18.39764352205992,-0.022275614504711206,-0.18512053057366754,0.00028791510853979144,0.0014971725051559776,572.1424557476425,True,-0.00031618418831168646
-771.35,919.25,4010.0,-771.3451316238471,919.2533317427736,-771.2488621941835,920.0718864808414,-138.97901091123447,-3.4168246912547673,-0.016706140825944644,0.21174650183343308,3208.0,-771.3451316238471,-919.2533317427736,-770.3173288008335,-918.7309718308979,124.26502211545018,-19.626606806864945,-0.019985041606647748,-0.2072079806588003,0.001639450390351552,0.002269260587316385,919.4014291558697,True,-0.0011203996728571918
-770.86,119.07,2394.0,-770.8587305486718,119.06644169072212,-770.5914095074155,118.97044092713163,-49.5924316856348,-22.175910753205642,-0.03675108590185007,0.06949139434035677,2403.0,-770.8587305486718,-119.06644169072212,-768.9367106966798,-118.97797498680715,33.35600783071155,-24.670595048492924,-0.03780735147796028,-0.06250488231605485,0.0005281327880551044,0.003493256012150961,118.9742079569694,False,
-770.36,250.3,2493.0,-770.3557781990744,250.30376544370742,-770.9118060631723,250.3631897429972,-85.12067484080845,-17.926489838493712,-0.031597085893488884,0.1260324256275973,2476.0,-770.3557781990744,-250.30376544370742,-769.7419103167136,-250.21966944036103,70.99043296486887,-21.894012772810957,-0.03178097006569256,-0.12241179147918713,9.194208610183857e-05,0.0018103170742050922,250.2914295916791,True,-0.0002308066102978213
-767.29,672.06,3608.0,-767.2878355058119,672.0635219120334,-768.369474237868,671.3391436898451,-128.93491325016197,-7.0763871282968,-0.019484292186960076,0.19579608770304463,2878.0,-767.2878355058119,-672.0635219120334,-766.083660009495,-671.846195677596,114.76294677233643,-18.329432305540728,-0.02094411542305559,-0.1920331084270866,0.0007299116180477568,0.001881489637979017,671.5926696837205,True,-0.0006828796919741772
-767.21,883.34,3952.0,-767.21310571198,883.3368838805376,-765.2827114463471,883.8463436998718,-138.0735778980103,-3.302968140116286,-0.016081279257100865,0.21037852772285356,3152.0,-767.21310571198,-883.3368838805376,-767.9704996837895,-883.6904540181714,123.2016608206305,-19.25372461413041,-0.019820721436036783,-0.20548684704263964,0.0018697210894679586,0.002445840340106961,883.7683988590215,True,-0.0013292853753354098
-765.73,148.51,2393.0,-765.7324895975468,148.50506514844125,-765.6125668746017,148.44353547437763,-58.97615091486722,-20.83190195118516,-0.034972985647186525,0.08448702309019754,2404.0,-765.7324895975468,-148.50506514844125,-765.7348152112945,-148.83883792399118,43.57747193531273,-23.296020180312507,-0.035253942450458244,-0.07873363416774633,0.00014047840163585942,0.0028766944612256054,148.6411866991844,True,-0.0005938137663827921
-764.09,348.95,2561.0,-764.0908760977953,348.9486109215848,-762.8202664973505,348.64503886457373,-102.955488980932,-13.690663355085098,-0.026059213804244412,0.15451651078840287,2584.0,-764.0908760977953,-348.9486109215848,-764.3805017770206,-349.34837315599066,89.7947650793556,-19.003826708086784,-0.025967069533996003,-0.15227415452987395,-4.607213512420466e-05,0.0011211781292644607,348.9967060102822,True,8.294627356003372e-05
-760.58,278.6,2494.0,-760.5805720981958,278.5986240934819,-761.4052661806554,278.6361286393252,-90.58946155181665,-16.154464977184904,-0.029123078649543162,0.13485269634135708,2475.0,-760.5805720981958,-278.5986240934819,-760.8374666698352,-279.0251516414208,77.67205350718497,-20.133275013981912,-0.0286258889285805,-0.13293686837115273,-0.00024859486048133157,0.0009579139851021712,278.830640140373,True,0.0005601850549962203
-760.52,633.81,3651.0,-760.5156022598775,633.8107120578634,-760.9221617450909,633.2033285875397,-126.84736313987798,-7.004804577836327,-0.01890331672654258,0.19256485554706768,2836.0,-760.5156022598775,-633.8107120578634,-759.5741682244055,-633.5053023660845,113.33429601881545,-17.531627740292333,-0.020143929901482935,-0.1896796185640429,0.0006203065874701777,0.001442618491512393,633.3543154768121,True,-0.0006153745448793776
-759.48,177.73,2392.0,-759.4824306246677,177.72573694444714,-759.8306824902603,177.68086700427503,-67.24037226592064,-19.33074998763741,-0.03294189689994403,0.0977107504596527,2405.0,-759.4824306246677,-177.72573694444714,-759.5359310285229,-177.92832104802346,52.47703248263807,-22.207989586036827,-0.03316602986666723,-0.09282180712585436,0.00011206648336160169,0.0024444716668991714,177.80459402614923,True,-0.00039601591035456945
-755.09,1008.68,4125.0,-755.089859804297,1008.6819635646941,-753.5490650392337,1008.61784546378,-141.66672041626782,-1.0044058280737302,-0.013951076914604479,0.21624089330222188,3329.0,-755.0898598042971,-1008.681963564694,-754.8425152129045,-1008.9120625747619,127.25383653229342,-19.020619414685594,-0.017916137345670446,-0.21177530692085558,0.0019825302155329835,0.0022327931906831466,1008.7649540192709,True,-0.0012348371810147615
-753.21,595.21,3711.0,-753.2104946365113,595.2091655623442,-751.564915987234,595.2474225840155,-125.42410460202085,-7.033857219582867,-0.018484710490864576,0.1904142671660336,2776.0,-753.2104946365113,-595.2091655623442,-752.3302937569334,-594.8072847798709,111.52913399692791,-17.10439241146605,-0.01993789732855779,-0.18671789844130776,0.0007265934188466078,0.0018481843623629202,595.0273536819432,True,-0.000767245583810701
-752.99,731.78,3549.0,-752.9883949969116,731.7844470880582,-752.7802931063984,731.227770905585,-131.45185528997962,-4.896715527203018,-0.016748691483436953,0.1999928456525694,2937.0,-752.9883949969116,-731.7844470880582,-752.6143103178182,-732.1729698202486,117.98060620503882,-17.456851524972908,-0.018816539611996797,-0.1969892137058322,0.001033924064279922,0.0015018159733685976,731.7003703629168,True,-0.0008878410825733057
-752.12,206.69,2391.0,-752.11772645345,206.68557171339623,-752.7025762248691,206.71200653292263,-74.96561961326294,-17.667100840073278,-0.030649660624108805,0.1100931612030768,2406.0,-752.11772645345,-206.68557171339623,-752.1963943838672,-206.8407634447619,60.811161159879454,-20.868534687875435,-0.030680131288091925,-0.10599609777315099,1.5235331991559839e-05,0.0020485317149629076,206.77638498884227,True,-4.629465503255477e-05
-751.74,973.54,4069.0,-751.7436683403545,973.5406807679825,-752.6500432627021,972.6379233788051,-140.207460084231,-1.1518601105536517,-0.01374511256429941,0.21392941864651363,3265.0,-751.7436683403548,-973.5406807679823,-751.769757485013,-974.1133314060263,126.25320287115733,-18.49180214968029,-0.01750067764505712,-0.2101451170063837,0.001877782540378856,0.0018921508200649695,973.3756273924157,True,-0.0012121174329578985
-751.15,376.0,2560.0,-751.1492266821575,375.99845645267857,-752.0228058876875,375.8464036937584,-106.40422174535547,-12.087110242558337,-0.023840214137669187,0.16013757566417397,2585.0,-751.1492266821575,-375.99845645267857,-751.6384559884949,-376.3742810025872,93.92240986042118,-17.592174129516362,-0.023389369115707683,-0.15868745374312235,-0.00022542251098075193,0.0007250609605258113,376.1103423481728,True,0.0003765840099102157
-749.85,14.91,2316.0,-749.8517473275492,14.91164074880229,-749.492599254159,14.999729210493404,-13.65066698216001,-22.202809463784273,-0.03552057004359989,0.0125466957370989,2314.0,-749.8517473275492,-14.91164074880229,-750.5731698292649,-15.14434431014165,-2.3283045200655006,-22.176997809396273,-0.03511031586912131,-0.005486637514624174,-0.0002051270872392881,0.0035300291112373627,15.072036760317527,False,
-749.77,306.51,2495.0,-749.7665044230604,306.51295053427145,-749.04744484905,306.1494708872733,-96.26404611755116,-13.739736971701618,-0.025616874822691173,0.14403542408024517,2474.0,-749.7665044230604,-306.51295053427145,-750.3147702126862,-306.60922203444335,83.33918923033147,-18.72439982766082,-0.0260457730657824,-0.14182752382822736,0.0002144491215456141,0.001103950126008904,306.3793464608583,True,-0.0004397892955898425
-748.67,44.71,2317.0,-748.6660775864498,44.71134387736465,-748.500826208684,44.60335048075188,-23.79408856150742,-21.91008756402442,-0.035417243417197465,0.028702598796862343,2313.0,-748.6660775864498,-44.71134387736465,-748.7546851568862,-44.772929081602825,8.043127277487669,-22.67868559172416,-0.03554591629968438,-0.02197101295738585,6.433644124345661e-05,0.0033657929197382468,44.688139781177355,False,
-748.19,938.2,4009.0,-748.1877622304801,938.1977789616359,-746.299942388534,938.4381416028727,-139.29134829978923,-1.5015380272966867,-0.013882798454095435,0.2125491509704607,3209.0,-748.1877622304801,-938.1977789616359,-749.628084066018,-938.9308212992,125.29855864647614,-18.103857108159982,-0.01731412318180687,-0.20859952451760144,0.001715662363855717,0.001974813226429631,938.6844814510364,True,-0.0011483970140846028
-747.23,694.3,3607.0,-747.2277327942785,694.298721980044,-746.989636507095,695.2656227161007,-130.1165010979646,-5.4026519866388965,-0.017113486914276606,0.19793848146246915,2879.0,-747.2277327942785,-694.298721980044,-747.6532842439966,-694.6201308053949,116.64702927871735,-16.684929270897886,-0.018047895788451007,-0.19480600255592057,0.00046720443708720034,0.0015662394532742901,694.9428767607478,True,-0.00042241343176844154
-746.3,74.44,2318.0,-746.2966128918206,74.44034918104599,-747.5097817083864,75.02720576432282,-34.272981651221095,-21.351047259775623,-0.034900103269396264,0.045392412425565715,2312.0,-746.2966128918206,-74.44034918104599,-746.5771819982783,-74.53596619732646,19.23034047911491,-22.550598253927294,-0.03497755186199336,-0.039749347939894875,3.8724296298548594e-05,0.00282153224283542,74.78158598082464,False,
-744.4,902.64,3953.0,-744.4036575220748,902.6423403916734,-745.5151360881591,901.7139740480364,-137.573418727226,-1.73432728627208,-0.013803534182990518,0.20982459263835848,3151.0,-744.4036575220748,-902.6423403916734,-744.3981103217135,-903.0787296538236,124.5064617768554,-17.50134515569461,-0.01679427522048545,-0.20727481184896177,0.0014953705187474662,0.001274890394698358,902.39635185093,True,-0.0010411932686686773
-743.65,235.34,2390.0,-743.6491858028459,235.34206690425003,-744.185031535811,235.36722480455668,-81.81657501528012,-15.946245966702215,-0.02826177471048402,0.12110110951314212,2407.0,-743.6491858028459,-235.34206690425003,-743.9893459033491,-235.54912588942943,69.07593282267676,-19.289482487473578,-0.02781540112112261,-0.11904937890965989,-0.00022318679468070514,0.001025865301741119,235.45817534699307,True,0.0005955724353285753
-742.75,104.05,2319.0,-742.7470998543764,104.05164899180103,-745.0614977832344,104.12695558621947,-44.57795229067681,-20.172676656065946,-0.03338105205226987,0.061823266649239636,2311.0,-742.7470998543764,-104.05164899180103,-742.5288204855369,-104.19875656559664,29.873848994659266,-21.910232352336738,-0.033595098486820976,-0.05663943768717229,0.00010702321727555295,0.002591914481033672,104.16285607590805,False,
-741.03,656.49,3652.0,-741.02564068939,656.4914316583873,-739.4138439540474,656.6384933995403,-128.40384780573365,-4.936224420045526,-0.015898078981278534,0.1953054896157304,2835.0,-741.02564068939,-656.4914316583873,-742.4137206136955,-656.7992764720109,115.11264237330097,-15.623280562736653,-0.016821420368117176,-0.19229978115615987,0.00046167069341932106,0.001502854229785272,656.7188849357756,True,-0.00044170536041937823
-738.02,133.5,2320.0,-738.0231509838155,133.49842175816264,-737.1323529076341,133.37680195661233,-54.8292068106632,-18.706400507798158,-0.03140562315790106,0.0782357529689104,2310.0,-738.0231509838155,-133.49842175816264,-737.7084959413108,-133.53976682985498,40.2894575406467,-20.961041655209808,-0.03172507601626325,-0.073157359157291,0.00015972642918109584,0.0025391969058096986,133.45828439323367,True,-0.0007519883516873713
-737.93,334.01,2496.0,-737.9283458893315,334.00861715386213,-737.500483982195,334.4954089947903,-101.15645457307183,-12.194604521641997,-0.023504872086107954,0.1519633492899301,2473.0,-737.9283458893315,-334.00861715386213,-737.3647139421541,-333.6709395261375,88.2468055846628,-17.10454696936738,-0.023136273051031716,-0.14947963885630983,-0.00018429951753811888,0.0012418552168101393,334.0831742604639,True,0.0003466166840874733
-737.25,402.57,2559.0,-737.2503512364948,402.5691488448476,-738.1420544022208,402.3603599301676,-109.42973892751252,-10.165460809796672,-0.021106529779259725,0.16512283300054204,2586.0,-737.2503512364948,-402.5691488448476,-736.3405830733565,-402.12260459718146,97.14778385837316,-16.22884386836809,-0.020904222593887866,-0.1636334432594891,-0.00010115359268592951,0.0007446948705264744,402.2414822636745,True,0.00015800627119707123
-734.34,618.35,3710.0,-734.3352303116617,618.3459949923817,-735.302879718388,617.9660297006661,-126.04684438933657,-5.397640471389768,-0.01615882482144053,0.19160454903715704,2777.0,-734.3352303116617,-618.3459949923817,-735.3785652258429,-619.0173739550347,113.8245984880186,-14.951017778650163,-0.016214194851813538,-0.1901636362863623,2.7685015186504347e-05,0.0007204563753973742,618.4917018278504,True,-2.8124885125347193e-05
-734.09,263.65,2389.0,-734.0892374240581,263.6531651586321,-733.2437439847354,264.15799704938314,-88.9360813243511,-14.138159128532672,-0.025736714938758495,0.1325661533795789,2408.0,-734.0892374240581,-263.6531651586321,-734.4906034722558,-263.90381014674773,75.70587178991406,-17.692769474304583,-0.024926894384809693,-0.1294849236591323,-0.0004049102769744014,0.001540614860223291,264.03090359806544,True,0.0009635714108998779
-732.13,162.73,2321.0,-732.1322358142883,162.73410607973852,-732.204293812951,162.7214274984636,-63.57769577701912,-17.29952016909463,-0.029525886388384794,0.0922197594107538,2309.0,-732.1322358142883,-162.73410607973852,-732.0444151317187,-163.0866909172078,49.71736462291151,-19.432905555578646,-0.02893111149881158,-0.08809297146481256,-0.0002973874447866065,0.0020633939729706244,162.9040592078357,True,0.0011470189464333554
-731.78,752.99,3550.0,-731.7844470880582,752.9883949969116,-730.1801249808499,753.0436861461263,-132.77655591895373,-3.1283142787989013,-0.014201372405008246,0.20237795583066295,2936.0,-731.7844470880582,-752.9883949969116,-732.9149859340855,-753.514280346153,119.3655417307909,-15.700932042502785,-0.015760540507891312,-0.1989521499623993,0.0007795840514415332,0.0017129029341318297,753.2789832461397,True,-0.0006502598860014164
-730.87,1026.37,4124.0,-730.8717060597097,1026.365699583423,-731.2742264709374,1027.0812652711497,-142.13587391012072,0.7966368281526774,-0.011310749501511869,0.21726037362202716,3330.0,-730.8717060597095,-1026.365699583423,-731.4203958605145,-1027.3127613530612,128.19532242806574,-17.77095032042317,-0.015701874351116255,-0.21298687820220202,0.0021955624248021933,0.0021367477099125676,1027.1970133121054,True,-0.0013429873130210506
-727.81,991.56,4070.0,-727.8140409969105,991.5577248590963,-726.2382399766907,991.8647947057448,-141.40491760653154,1.0743812489143674,-0.010437410367083573,0.21615869612299657,3264.0,-727.8140409969105,-991.5577248590963,-728.299068703362,-991.9900546236121,127.29157735977383,-16.706352619264475,-0.014440110716722578,-0.2115102964440513,0.0020013501748195025,0.0023241998394726293,991.9274246646785,True,-0.0012677191597155538
-726.52,715.94,3606.0,-726.5235290830482,715.9354451965019,-724.5611194019315,716.1315618174937,-131.02769185193594,-3.3460951160588777,-0.014095919587353572,0.19966336802893275,2880.0,-726.5235290830482,-715.9354451965019,-725.3665979229551,-715.5585653695492,117.5924405180834,-15.073834014104428,-0.015227325609278397,-0.19603772683316145,0.0005657030109624123,0.0018128205978856504,715.8450635935214,True,-0.0004965343797809001
-725.08,191.71,2322.0,-725.0836690935279,191.71247433035606,-724.8345114276357,191.45820780727593,-71.72831889707426,-15.414099103605324,-0.02687708413340233,0.10528213652404997,2308.0,-725.0836690935279,-191.7124743303561,-725.4722023243801,-191.89586550656585,58.47576313856973,-18.38958754970666,-0.026917794140669023,-0.1019519059262164,2.0355003633346774e-05,0.001665115298916782,191.6770366569209,True,-6.672382982712064e-05
-725.08,361.05,2497.0,-725.0822659976005,361.04806817899606,-726.0474158123235,360.9490428648152,-104.61868619663228,-10.136527951346952,-0.020553318428210725,0.1576139274752826,2472.0,-725.0822659976005,-361.04806817899606,-725.639322359878,-361.44402177801567,92.93040342044941,-15.230349621594117,-0.019813259143872754,-0.15679021577390018,-0.00037002964216898554,0.00041185585069121455,361.1965323214155,True,0.0006436841450150439
-724.57,956.56,4008.0,-724.5652923905727,956.559008667507,-723.1029565784673,956.9098385294518,-140.4120511810607,0.741531329090871,-0.010539065067564772,0.2146168978592806,3210.0,-724.5652923905727,-956.559008667507,-725.3998600001124,-956.5834773244046,126.02863559922116,-16.88840591748965,-0.015163480931545348,-0.2094647556734241,0.002312207931990288,0.0025760710929282477,956.7466579269283,True,-0.0015184825350636403
-723.45,291.58,2388.0,-723.4519118596339,291.5773160357995,-722.6128571023868,292.02175038086847,-94.1039997024274,-12.160212433939748,-0.02292996163372385,0.14092134711648377,2409.0,-723.4519118596339,-291.5773160357995,-723.9934349412143,-291.82235572946115,81.64245380368884,-16.289186351423336,-0.022351104793993524,-0.13880472884653813,-0.00028942841986516303,0.001058309134972818,291.92205305516484,True,0.0006229513584687439
-722.41,428.63,2558.0,-722.4119617744685,428.6268277711558,-721.0922745684252,428.53804251900766,-112.93301749238121,-7.831805547837846,-0.01771299944361725,0.17090728219788906,2587.0,-722.4119617744685,-428.6268277711558,-721.5984312158308,-428.197794347418,100.32762079264926,-14.727416141704772,-0.01819528400847565,-0.16851376418879316,0.00024114228242919956,0.001196759004547951,428.3679184332128,True,-0.00035370100810551804
-721.11,921.36,3954.0,-721.1086141034458,921.3589781761547,-722.3532517464132,920.4246132027441,-138.4410731821573,0.306331545599099,-0.010784873470551511,0.2114891705615115,3150.0,-721.1086141034458,-921.3589781761547,-719.6831394412069,-920.6138130488962,124.56111233130491,-16.363523480783606,-0.014768624090664791,-0.20705910732991611,0.00199187531005664,0.002215031615797697,920.5192131258202,True,-0.0013595937492041263
-720.86,678.57,3653.0,-720.8595443370305,678.5731481116894,-721.2012043853789,677.8919434961809,-128.71379017966453,-3.3916946425631203,-0.013700173919636073,0.1960218279272831,2834.0,-720.8595443370305,-678.5731481116894,-721.8694538494973,-679.2006777946946,116.70636853105783,-13.95140926243775,-0.0138862051972872,-0.19458467003786434,9.301563882556287e-05,0.0007185789447093777,678.5463106454378,True,-8.613037695994276e-05
-716.89,220.39,2323.0,-716.8885960543206,220.38770575344083,-716.145038833478,220.7258186087366,-79.47520179448168,-13.956752813172178,-0.024916085109693786,0.11771810332593778,2307.0,-716.8885960543206,-220.38770575344083,-716.319466172416,-220.4127997213878,65.93247323244925,-17.026583044422754,-0.02439925897625368,-0.11370753532131019,-0.00025841306672005383,0.002005284002313798,220.5693091650622,True,0.0007361210814617925
-714.75,640.88,3709.0,-714.7495440777747,640.8846146075074,-714.8637864580978,641.6699307332862,-127.38957110602651,-3.546112639983265,-0.013502327787916409,0.19399188199964962,2778.0,-714.7495440777747,-640.8846146075074,-714.5270152640691,-641.0099094866692,114.96510461021421,-13.669840805108654,-0.013905796382648378,-0.19172343978940382,0.00020173429736598456,0.0011342211051229012,641.3399201099777,True,-0.00019763840257235095
-711.75,319.07,2387.0,-711.7528208517091,319.07353699364484,-711.5789242613937,319.6479034735103,-99.10474182358156,-10.321638672847923,-0.02034211735800914,0.14901540766974233,2410.0,-711.7528208517091,-319.07353699364484,-712.172060173737,-319.2800353933364,86.78112642990918,-14.835128645050972,-0.019700626620951338,-0.14683840428440362,-0.00032074536852890086,0.001088501692669358,319.46396943342336,True,0.000630838773605949
-711.25,387.59,2498.0,-711.2458109477953,387.5943709720421,-710.2009117006473,387.4167554964902,-108.53361199235935,-7.827804447825169,-0.017203020208586887,0.16403879710351657,2471.0,-711.2458109477953,-387.5943709720421,-711.3175790779496,-387.76662007371004,96.5733110452086,-13.976782573234624,-0.01749577307421792,-0.16241268532953793,0.0001463764328155162,0.0008130558869893223,387.59168778510013,True,-0.00023728843547690936
-709.98,773.58,3551.0,-709.9836452877206,773.578194770225,-709.6671786633437,774.5482819354867,-133.36525443611558,-1.0644395751764222,-0.011179979996202292,0.2035661201176879,2935.0,-709.9836452877206,-773.578194770225,-711.2666968916265,-774.3442459143554,120.69624964054196,-13.99715090641247,-0.01279378458712032,-0.2008049113702781,0.000806902295459014,0.0013806043737049079,774.446263924921,True,-0.0006546505397886539
-707.56,248.71,2324.0,-707.5599747916009,248.71445891405105,-707.8776323715434,248.765399570284,-85.63685888952813,-12.022098627179735,-0.022180387328300615,0.12762593587172888,2306.0,-707.5599747916009,-248.71445891405105,-707.9513041343645,-249.0681203340611,73.10253573403271,-15.267349417207024,-0.021248410763854034,-0.12501655956189917,-0.0004659882822232904,0.001304688154914857,248.91675995217253,True,0.0011762529484739416
-706.65,454.14,2557.0,-706.6529675781923,454.13828666270183,-705.2634571051871,453.9876745532879,-115.24585389841964,-5.867509848601581,-0.014898406694439988,0.1747821307617792,2588.0,-706.6529675781923,-454.13828666270183,-706.0256521480952,-453.6253922669287,103.4455131764211,-12.884784429943489,-0.01495123345433582,-0.17328532463508436,2.6413379947916316e-05,0.0007484030633474192,453.8065334101083,True,-3.657068565201116e-05
-706.24,1043.47,4123.0,-706.2395788235265,1043.468091176327,-704.2141554119924,1043.677754747005,-142.5687273428852,2.9163817427965144,-0.008140327445280456,0.21828068521275892,3331.0,-706.2395788235266,-1043.468091176327,-707.3345134091218,-1044.3006277212974,129.6156267023032,-15.498658737381719,-0.011877360036698077,-0.214952383512642,0.0018685162957088105,0.0016641508500584573,1043.9891912341513,True,-0.0011245551423328928
-705.19,736.96,3605.0,-705.1930711378699,736.955040975458,-703.666629820564,737.0401355897126,-132.11607123822927,-1.2064390341519473,-0.010946617903590345,0.2016514718688666,2881.0,-705.1930711378699,-736.955040975458,-706.1246601069597,-737.5813773520046,118.88965974833594,-13.447542302930424,-0.012369289180960667,-0.19786665987043056,0.0007113356386851608,0.0018924059992180137,737.3107564708586,True,-0.0006061831587610183
-703.45,1008.99,4071.0,-703.4527760328937,1008.9867154187986,-703.5918097957893,1009.6175304313552,-141.15392711714006,2.30994286050652,-0.008688370260104964,0.21603658256848818,3263.0,-703.4527760328937,-1008.9867154187986,-704.722963527014,-1009.5294285752346,127.84005439962577,-15.58737282878748,-0.01244439483102064,-0.21209448884420307,0.001878012285457838,0.001971046862142556,1009.573479503295,True,-0.001168800432881511
-700.49,974.33,4007.0,-700.492406681748,974.3256068590276,-701.2918600292822,973.5288012246436,-139.91200250353893,2.6865836088445643,-0.007646950203886037,0.21408816557886198,3211.0,-700.492406681748,-974.3256068590276,-699.6961224161018,-973.83984731416,126.97655867117203,-14.753640399184844,-0.011554557790626814,-0.2106586291222698,0.0019538037933703885,0.0017147682282960958,973.6843242694018,True,-0.0012607896606354296
-700.04,700.04,3654.0,-700.0357133746821,700.0357133746821,-700.7895164005159,699.2975949418282,-129.77082022642242,-1.4020127524499175,-0.010795651272255897,0.1979541248856652,2833.0,-700.0357133746821,-700.0357133746821,-698.4605820780816,-699.7272531069557,117.0887658652183,-13.068621382336062,-0.012229816238107025,-0.19490658647990897,0.0007170824829255641,0.0015237692028781114,699.512424024392,True,-0.0006441003713461782
-699.01,346.1,2386.0,-699.0091344296234,346.1014735362285,-698.5064200121916,346.718630788215,-103.01089031021665,-8.252391739623855,-0.01738034304202488,0.15539233467562633,2411.0,-699.0091344296234,-346.1014735362285,-699.5146971300998,-346.3357211554383,91.257495588165,-13.086521061073634,-0.016586280966239007,-0.153807752688996,-0.00039703103789293613,0.0007922909933151673,346.52717597182664,True,0.0007198914707878426
-697.34,939.47,3955.0,-697.3431714614077,939.4745878501161,-695.6622470186054,939.5220360436637,-139.68588555980588,2.4385549315160353,-0.007625220173540582,0.21379723500355804,3149.0,-697.3431714614077,-939.4745878501161,-695.7744794486903,-938.9970431426979,125.56452134413558,-14.534408440811966,-0.011632358169473934,-0.2083632736629573,0.0020035689979666757,0.0027169806703003785,939.2595395931808,True,-0.001340289319328851
-697.11,276.65,2325.0,-697.1125557730403,276.64794339300573,-696.5247347959657,276.2844805565873,-91.82006386328472,-9.59550866407461,-0.01865537489171895,0.13760585085758087,2305.0,-697.1125557730403,-276.64794339300573,-697.6363682590468,-276.83247736282743,79.52808952100607,-13.753749171476445,-0.01849941182681287,-0.13511681929506542,-7.798153245304126e-05,0.0012445157812577268,276.5584789597074,True,0.00017716774433507152
-696.44,413.61,2499.0,-696.4378796731818,413.6112664765344,-697.0568714368183,413.4261371582318,-110.76977472674763,-6.255571474559328,-0.015019269906314407,0.16775873533539984,2470.0,-696.4378796731818,-413.6112664765344,-695.7736960752342,-413.1873535083853,99.6250567012919,-12.307422009322728,-0.014527576185992007,-0.16707932387834365,-0.00024584686016120016,0.00033970572852809466,413.3067453333085,True,0.0003737421169682031
-694.47,662.8,3708.0,-694.4723838213598,662.8032197488768,-695.5667456792436,662.3790171948598,-128.23443511940937,-1.2587037715283704,-0.010115427125124511,0.19557285517426068,2779.0,-694.4723838213598,-662.8032197488768,-695.0034970348969,-663.5893053666229,116.35044448390857,-12.02152889594141,-0.011005897252852734,-0.1936891726789138,0.00044523506386411147,0.0009418412476734361,662.9841612807413,True,-0.0004219549387285511
-689.99,479.07,2556.0,-689.9934511012128,479.07101502536983,-690.6156734662272,478.8256291110884,-116.9137329395257,-4.14332329969528,-0.012458468329368607,0.17761603370933868,2589.0,-689.9934511012128,-479.0710150253698,-689.6894452790764,-478.80142552138375,105.72326556671696,-11.198171320126303,-0.011958575122961107,-0.1767104110732954,-0.00024994660320375,0.0004528113180216342,478.8135273162361,True,0.00032799007029557563
-687.6,793.54,3552.0,-687.6037706425492,793.5370530719714,-687.144362510262,794.458944623434,-133.89007329718885,0.49123148176237486,-0.008947897956615618,0.20467723159576814,2934.0,-687.6037706425492,-793.5370530719714,-688.6444079095991,-793.8153383871177,121.50131110955779,-12.6456470934871,-0.01040433752149303,-0.20180915193370397,0.0007282197824387063,0.0014340398310320884,794.1371415052758,True,-0.000576164946616591
-685.56,304.14,2326.0,-685.562858515526,304.14399060974534,-685.650177840483,304.72793074288165,-97.02790860549725,-8.146243314894122,-0.01669714361276714,0.14602757359738056,2304.0,-685.562858515526,-304.14399060974534,-685.1791377094811,-303.77188094930017,84.8154787456014,-12.38849447711455,-0.01599661535005943,-0.14337939724192977,-0.0003502641313538543,0.001324088177725391,304.2499058460909,True,0.0007233443302585116
-685.24,372.62,2385.0,-685.2395557105351,372.621458439565,-684.0260050319421,372.38610474301714,-106.70089909545388,-5.942096819329576,-0.014017743333565116,0.16144250730727938,2412.0,-685.2395557105351,-372.621458439565,-685.3728741349947,-372.7719454866763,95.21197272693014,-11.681327908788433,-0.014026082882194021,-0.15992830400621325,4.1697743144528815e-06,0.000757101650533068,372.57902511484673,True,-7.031921536310115e-06
-683.25,757.34,3604.0,-683.2547455478431,757.3393906871294,-683.5079699394464,756.5967142563472,-132.15423042112636,0.8033352750086934,-0.007987471633948508,0.20195908665536896,2882.0,-683.2547455478431,-757.3393906871294,-683.7301319055007,-757.7225529480753,120.08570301594816,-11.745455726476662,-0.009413665827717351,-0.19949595667301287,0.0007130970968844217,0.0012315649911780469,757.1596336022112,True,-0.0005917538393350941
-681.21,1059.98,4122.0,-681.2074299940527,1059.9794513672882,-681.494605436275,1059.0176699933315,-142.4120646701605,4.99368078644358,-0.005022070860379476,0.21830959453732982,3332.0,-681.2074299940527,-1059.9794513672882,-679.8829828157195,-1059.861762072723,129.67395613829217,-14.327331093853068,-0.009822557401977742,-0.21470901954285343,0.002400243270799133,0.0018002874972381927,1059.4397160330273,True,-0.0014235046151763902
-680.68,439.06,2500.0,-680.6786980266932,439.0632187426839,-679.3813250357167,438.96398401712594,-113.90192697863044,-3.957736379219886,-0.011674913085643942,0.17296018240668845,2469.0,-680.6786980266932,-439.0632187426839,-681.0907141240413,-439.4439135057224,102.94908950736453,-10.526881324962952,-0.011372194295100056,-0.17218986431758398,-0.000151359395271943,0.00038515904455223293,439.20394876142416,True,0.00021653246314341627
-678.67,1025.82,4072.0,-678.6743211476485,1025.8173160045499,-679.8326469206453,1024.8308418321028,-141.42025463535222,4.527288590677259,-0.005345671937102988,0.2167514338017045,3262.0,-678.6743211476485,-1025.8173160045499,-679.7972837454681,-1026.6196617097255,128.93863705913927,-13.718844521587267,-0.009261236045484355,-0.21353767332669532,0.0019577820541906835,0.0016068802375045904,1025.7252517709142,True,-0.0011992594914001498
-678.57,720.86,3655.0,-678.5731481116894,720.8595443370305,-677.477509802109,720.9034298298303,-131.24667587112341,0.7075078788395276,-0.007702850985742356,0.200588523609485,2832.0,-678.5731481116894,-720.8595443370305,-679.8840263455262,-721.4232839731598,118.71400560208322,-11.251742687363231,-0.009072453283649171,-0.19726572928413144,0.0006848011489534078,0.0016613971626767837,721.163356901495,True,-0.0005966377071528703
-675.98,991.49,4006.0,-675.9840696763464,991.4865291791939,-675.8260102483055,992.2946783210112,-140.6324329344501,4.074604899641286,-0.005667670896113382,0.2155466457925979,3212.0,-675.9840696763464,-991.4865291791939,-677.2832795475755,-992.2972595892485,128.12101124426036,-13.472486659949451,-0.009289490858626617,-0.2122055924851112,0.0018109099812566175,0.0016705266537433566,992.2959689551299,True,-0.0011466622200267096
-673.52,684.08,3707.0,-673.5233663853857,684.0806055816065,-673.3051100577871,684.890651053555,-129.27223956984926,0.6693522683582084,-0.007322530001210729,0.19749720990428177,2780.0,-673.5233663853857,-684.0806055816065,-672.8494091336626,-684.1397331827078,117.10413090586587,-10.821681427634472,-0.008844600165529858,-0.19461738136136486,0.0007610350821595645,0.0014399142714584534,684.5151921181314,True,-0.0006985563653710656
-673.12,956.98,3956.0,-673.1228324557861,956.9773520970597,-672.7271535255994,957.6231586150484,-139.38028669418546,4.120786347974365,-0.005169549677067314,0.21359174477069126,3148.0,-673.1228324557861,-956.9773520970597,-674.0153190613395,-957.0073211674307,127.24262151762848,-12.50709220049787,-0.00818521277454263,-0.21076756919214698,0.001507831548737658,0.00141208778927214,957.3152398912396,True,-0.00098964109605177
-672.93,331.16,2327.0,-672.9291454644092,331.1591236619339,-673.7797623210355,331.24431083190785,-101.03431124135723,-6.102709207097566,-0.013769503454025401,0.15254933808934895,2303.0,-672.9291454644092,-331.1591236619339,-673.2048216248786,-331.52797197815795,90.18749330444395,-10.553994030764043,-0.01273698911481647,-0.151782574831708,-0.0005162571696044659,0.00038338162882047,331.3861414050329,True,0.0009788398057419899
-672.45,503.39,2555.0,-672.4546423764627,503.3932398695313,-672.4132701835293,504.16520167245125,-119.01799665665904,-2.344733983462099,-0.009906257584380535,0.1811879977700344,2590.0,-672.4546423764627,-503.3932398695313,-672.7394988588036,-503.5478079099416,107.86376376625208,-9.672350428263423,-0.009227087477066378,-0.1799095342306759,-0.00033958505365707867,0.000639231769679241,503.8565047911964,True,0.00042346894391294334
-670.46,398.59,2384.0,-670.4642934500171,398.5945699687459,-669.0014173317154,398.44460139637977,-110.10203463252121,-3.9426733493956316,-0.011154699749396474,0.16703958835373858,2413.0,-670.4642934500171,-398.5945699687459,-669.9514719134172,-398.24719131412945,98.75435039613349,-9.827828434529495,-0.01076415220419976,-0.16537730767509462,-0.00019527377259835697,0.0008311403393219813,398.3458963552546,True,0.0003080090218309436
-664.66,812.85,3553.0,-664.663076499314,812.8486911710365,-665.4627133804321,812.1015464301266,-134.17343592424922,2.8177277288426037,-0.005461232644239033,0.20539375179229963,2933.0,-664.663076499314,-812.8486911710365,-666.1929774450956,-813.3469632650789,122.57418440100047,-10.897914395173329,-0.007383531260087898,-0.20324172075033556,0.0009611493079244326,0.001076015520982035,812.7242548476028,True,-0.0007430661966264357
-663.99,463.92,2501.0,-663.9897911548491,463.91546346520926,-663.6337832536846,464.68704637061563,-116.12230244967422,-2.246790592211136,-0.00926688793879719,0.17668687944104283,2468.0,-663.9897911548491,-463.91546346520926,-663.8892647576766,-464.1009314816209,105.30885229309855,-8.814862413650141,-0.008345457740849018,-0.1757348777525923,-0.0004607150989740863,0.00047600084422526334,464.39398892611825,True,0.0006233410443928686
-660.73,777.07,3603.0,-660.727462876406,777.0709232759308,-659.6829085753127,777.5795288453907,-133.125185585349,2.7289792307708667,-0.005179690053030287,0.2037961946746099,2883.0,-660.727462876406,-777.0709232759308,-659.5175470625123,-776.6927943114582,120.89868343656723,-10.40239767942378,-0.007043794525907036,-0.20049332432909045,0.0009320522364383746,0.0016514351727597298,777.1361615784244,True,-0.0007535689634643886
-659.23,357.65,2328.0,-659.2313931168253,357.6506260713797,-658.7138803836007,358.30221662140593,-104.93480019328474,-4.1673888111781565,-0.011020722817401952,0.15894167050845912,2302.0,-659.2313931168253,-357.6506260713797,-659.5591772342799,-357.8071847637985,94.28503539386271,-9.007875326633384,-0.009954423965069261,-0.158136897775631,-0.0005331494261663454,0.00040238636641405645,358.0547006926022,True,0.0009355767804583445
-656.49,741.03,3656.0,-656.4914316583873,741.02564068939,-654.4097452308115,741.1629268474145,-131.97417743788358,2.904902019104781,-0.0044537071026514155,0.2020288886009523,2831.0,-656.4914316583873,-741.02564068939,-657.0036769987775,-741.7485797484122,119.8109221477336,-9.244693273282167,-0.005629211584889264,-0.19873131117040002,0.0005877522411189243,0.0016487887152761421,741.4557532979134,True,-0.0004980683242707926
-655.79,1075.89,4121.0,-655.789438046071,1075.8904279466467,-656.1939580794233,1076.2667664481928,-142.9412423462857,6.597474412871397,-0.0026808032432574323,0.21946166330841801,3333.0,-655.7894380460713,-1075.8904279466465,-655.0739965187595,-1075.728767968426,130.57020430730162,-12.54687794547537,-0.006794555416151934,-0.21583160782406866,0.002056876086447251,0.0018150277421746797,1075.9977672083094,True,-0.0012010929761113924
-654.71,423.98,2383.0,-654.7050323829209,423.9826890009526,-654.9748264795875,423.915519321997,-112.18542497329877,-2.1368440926248797,-0.008592574864278685,0.17052719034262268,2414.0,-654.7050323829209,-423.9826890009526,-655.0138315544851,-423.9808257376324,101.92694611243358,-8.462781876872981,-0.008276454009528809,-0.1702437097056765,-0.0001580604273749382,0.00014174031847308255,423.9481725298147,True,0.00023425574616880678
-654.06,527.07,2554.0,-654.0588919617943,527.0739661999157,-652.6140423563703,527.1038661524204,-120.87371729473897,-0.13079940877828447,-0.006663600473532064,0.18438394950157946,2591.0,-654.0588919617943,-527.0739661999157,-654.8733253270383,-527.6389750317609,110.04508864959173,-8.198806354081466,-0.006586825374198334,-0.18316241406485378,-3.8387549666864945e-05,0.0006107677183628396,527.3714205920907,True,4.573552502611474e-05
-653.49,1042.04,4073.0,-653.4933714593036,1042.0395450551541,-654.2986448765209,1041.1201876299824,-141.60792348857876,6.61134944334401,-0.00222828124911244,0.21736283228857883,3261.0,-653.4933714593036,-1042.0395450551541,-652.2684067193078,-1041.4086575359531,129.4068978611235,-12.129362823368778,-0.006550376922556652,-0.21394578812950865,0.002161047836722106,0.0017085220795350908,1041.2644225829677,True,-0.001304016897275932
-651.92,704.7,3706.0,-651.9227585912506,704.6961876090814,-650.1196868572825,704.7549474156098,-130.13904068051315,2.566441648559523,-0.004546495976394963,0.1991607179676162,2781.0,-651.9227585912506,-704.6961876090814,-652.2529381793394,-704.8494286002964,118.7026958566297,-8.676619216084312,-0.005176996545507199,-0.19690933207802572,0.0003152502845561178,0.0011256929447952396,704.8021880079531,True,-0.0002810399839429601
-651.06,1008.03,4005.0,-651.0555166389113,1008.0311077809257,-651.73598397998,1008.9442993080598,-141.34473750575617,6.786822052792278,-0.0015549506860268027,0.21697534362586904,3213.0,-651.0555166389113,-1008.0311077809257,-652.3528733752729,-1008.4598738922878,128.59529256326263,-11.814932446854376,-0.006453468295165349,-0.2126551126404115,0.0024492588045692733,0.0021601154927287647,1008.7020866001737,True,-0.001525638455474892
-648.46,973.86,3957.0,-648.4633966879669,973.8558533766198,-648.622485222717,974.7165926215798,-140.08746382813356,6.1737377014370365,-0.002111518941308379,0.21501246135455324,3147.0,-648.4633966879669,-973.8558533766198,-647.6557077314395,-973.2063394624446,127.11276572084823,-11.460067411686147,-0.0063204321301567,-0.21023807182783455,0.0021044565944241603,0.0023871947633593432,973.9614660420123,True,-0.0013576194967360963
-646.39,488.13,2502.0,-646.393954096994,488.1340554671977,-647.2383833548612,487.8884057597002,-117.58157180655529,-0.2114494449812336,-0.006311688313204125,0.17921017277331314,2467.0,-646.393954096994,-488.1340554671977,-647.1348578450767,-488.5682100777433,107.59227399038271,-7.641606836697027,-0.006178513397834813,-0.1791638654885259,-6.658745768465613e-05,2.3153642393622387e-05,488.2283079187217,True,8.569378894685563e-05
-644.49,383.58,2329.0,-644.4912604347459,383.57660932756636,-644.5651374279233,383.5804693508356,-107.93210612914517,-2.1113332969531178,-0.008057990909200934,0.1638853103361036,2301.0,-644.4912604347459,-383.57660932756636,-645.1684465640284,-383.865033415314,97.76586494338729,-7.474102080413601,-0.007194218262379766,-0.1635005671761914,-0.00043188632341058415,0.00019237157995609377,383.72275138307475,True,0.0007071829313858313
-641.18,831.5,3554.0,-641.1802736172101,831.4973582183889,-641.9040564288085,830.7819356443682,-134.89693573900533,4.893626541963138,-0.002386115289496784,0.2068337597433066,2932.0,-641.1802736172099,-831.497358218389,-641.8180636638461,-832.1399368324861,123.6765005391548,-8.911097006951136,-0.003991256139079009,-0.20469759246489783,0.0008025704247911125,0.0010680836392043813,831.4609362384272,True,-0.0006064865444957439
-637.98,448.75,2382.0,-637.9849013980397,448.74855497052414,-638.0082421280687,449.52992423981595,-114.60167472910676,-0.4108814610205334,-0.006159318942294732,0.1745805605647022,2415.0,-637.9849013980397,-448.74855497052414,-637.8595376547893,-448.80522960973593,104.53231981079368,-6.603283796164145,-0.0050129470966233285,-0.17418020256062336,-0.0005731859228357019,0.00020017900203941896,449.167576924776,True,0.0008018017224886652
-637.63,796.13,3602.0,-637.6306413606675,796.132630406507,-639.0555469782942,795.3318287122225,-133.2395292786815,4.694615174163742,-0.002268695220795067,0.2042308010525398,2884.0,-637.6306413606675,-796.132630406507,-638.4574903375226,-796.884767099555,122.15451598953705,-8.555129914700792,-0.0038564860232610343,-0.20223412197072804,0.0007938954012329837,0.0009983395409058765,796.1082979058888,True,-0.00062657202965798
-634.83,550.08,2553.0,-634.829642457577,550.0830165140394,-635.3668842861949,549.9022646919525,-121.80381264320526,1.736843629470837,-0.003970365627261032,0.1860754677011173,2592.0,-634.829642457577,-550.0830165140394,-634.5224484352535,-549.6541570728403,111.61193385393102,-6.364302508755202,-0.003397502485945192,-0.18540688902096492,-0.0002864315706579202,0.00033428934007619093,549.7782108823965,True,0.0003273506662589783
-633.81,760.52,3657.0,-633.8107120578634,760.5156022598775,-634.4668429649469,759.7751268643416,-131.74948468901894,4.457094043227483,-0.00221125987865746,0.20191551916738262,2830.0,-633.8107120578634,-760.5156022598775,-634.2985724362187,-760.6785395273987,120.89896373959179,-7.849227791313145,-0.003176424587333546,-0.20018491434712898,0.00048258235433804313,0.0008653024101268197,760.2268331958701,True,-0.00039884863647001795
-630.0,1091.19,4120.0,-630.0,1091.1920087683927,-629.9949055122931,1091.8719173966456,-143.31916848295643,8.650701477766567,0.00039589326311153654,0.22038401052219916,3334.0,-630.0,-1091.1920087683927,-629.6481919531053,-1091.2702956510823,131.37521098516805,-10.897906216239809,-0.00397979873098347,-0.21680142660537602,0.002187845997047503,0.0017912919584115727,1091.5711065238638,True,-0.001259344603467664
-629.69,724.63,3705.0,-629.6914576319422,724.6300215871269,-631.134495306237,724.1099241827483,-130.51823114701597,4.611218506532479,-0.001529172407116318,0.19999672946466354,2782.0,-629.6914576319422,-724.6300215871269,-631.1311515112012,-725.4460241829238,119.90521953699862,-7.177674280085422,-0.002539105638305543,-0.19856453000887336,0.0005049666155946124,0.0007160997278950892,724.777974182836,True,-0.0004377614845839514
-629.29,29.98,2016.0,-629.2864236852951,29.97660696895787,-627.8374196904255,29.714056065781392,-18.48481628945151,-9.945644134842123,-0.016192891501453067,0.02173039099982005,2013.0,-629.2864236852951,-29.97660696895787,-628.7820909209757,-30.143443509772975,4.837450218485206,-10.376005727846183,-0.01614476007646505,-0.015399718351559285,-2.4065712494008434e-05,0.0031653363241303818,29.928749787777186,False,
-628.73,408.9,2330.0,-628.7320545977075,408.8960791220006,-627.4815368893903,408.7805612167478,-111.30763525583069,0.058384554050733485,-0.004913402539607612,0.16946685418906335,2300.0,-628.7320545977075,-408.8960791220006,-628.9396246663181,-408.86334733441413,100.76795721006772,-5.9277253444416464,-0.004426929575871297,-0.16807979147328456,-0.00024323648186815733,0.0006935313578893959,408.821954275581,True,0.00037383019015017356
-627.92,511.69,2503.0,-627.915220650015,511.6859150651333,-628.3793344408597,511.38828987978576,-118.9794423831579,1.7346164790458367,-0.003502230642576558,0.18166591915442454,2466.0,-627.915220650015,-511.6859150651333,-627.778093918302,-511.7610053145427,109.40406531452402,-5.891736051169631,-0.003109466010881068,-0.18181035917672686,-0.00019638231584774503,-7.222001115116117e-05,511.57464759716424,True,0.00024119773865261657
-627.92,1057.64,4074.0,-627.9248607896801,1057.6437818104264,-626.1394990379314,1058.0715410295186,-142.48685757626114,8.827450489831092,0.0010911503450734528,0.21910656363079853,3260.0,-627.9248607896803,-1057.6437818104264,-627.3941848769473,-1057.1027501269548,130.13858876711217,-10.544106027452644,-0.0038351572449601985,-0.21480567645445484,0.002463153795016826,0.0021504435881718464,1057.5871455782367,True,-0.0014633736613460441
-627.15,59.89,2017.0,-627.1473112210433,59.88530728163522,-623.6757919544735,59.89561048965938,-30.293041686565676,-9.777911784890605,-0.0162955698535725,0.04057473275274091,2012.0,-627.1473112210433,-59.88530728163522,-626.9377565684619,-59.90649980504677,17.273296509280716,-10.775357845229697,-0.016415841368619143,-0.035169394925890315,6.0135757523321204e-05,0.0027026689134252956,59.90105514735308,False,
-625.72,1023.95,4004.0,-625.7222440553977,1023.9490579585868,-624.2160183063955,1024.2401182311924,-141.64202168616308,8.464077201608342,0.0009271563121871581,0.21778552236702994,3214.0,-625.722244055398,-1023.9490579585866,-626.6787068183503,-1024.676512202472,129.6902588711369,-9.48606672573771,-0.0025483586525930904,-0.2140833748232781,0.0017377574823901243,0.001851073771875919,1024.458315216832,True,-0.0010657976140770577
-623.59,89.66,2018.0,-623.5875083849876,89.65834811216969,-623.738896856387,89.60060709181823,-40.101405383942684,-8.666563438656283,-0.014890600313087993,0.05618445556952564,2011.0,-623.5875083849876,-89.65834811216969,-623.592372008938,-89.79305985289022,28.606216617083316,-9.554923726944784,-0.014107440252077613,-0.05316532664017022,-0.00039158003050519027,0.001509564464677711,89.69683347235423,False,
-623.38,990.1,3958.0,-623.3809501943779,990.0990813725435,-624.5651182173359,989.0753159513233,-140.04682658930219,8.381140367427564,0.0012258206204773915,0.21524241510127776,3146.0,-623.3809501943779,-990.0990813725435,-623.4828634253394,-990.8364137802391,128.63078524859878,-9.333303540063342,-0.0027196672586940786,-0.21235803077491996,0.001972743939585735,0.0014421921631788959,989.9558648657812,True,-0.0012520877117802823
-620.33,472.86,2381.0,-620.3284395932727,472.85582055397765,-619.9773295775838,473.1427442326458,-116.78523240747879,1.7616255169455113,-0.002990852263703555,0.17827662464193764,2416.0,-620.3284395932727,-472.8558205539776,-621.4510981914193,-473.29784918395603,106.87221607241621,-4.996518141894026,-0.0021557396864863316,-0.17770330941125603,-0.00041755628860861175,0.0002866576153408018,473.2202967083009,True,0.0005544106108202877
-618.62,119.23,2019.0,-618.6150792755052,119.22828394705873,-618.0765123203297,119.24781768428856,-51.08278106771295,-7.2705631262396375,-0.01303188539412308,0.07373120485953527,2010.0,-618.6150792755052,-119.22828394705873,-618.4036228075462,-119.38274673830665,40.13203591590856,-8.398611075859131,-0.011904727417733104,-0.07144569131538676,-0.000563578988194988,0.0011427567720742535,119.31528221129761,False,
-617.17,849.47,3555.0,-617.1745149070967,849.4678440936947,-616.7001203051558,850.3768638108463,-135.3474980143144,6.592528480100367,7.779256967012064e-05,0.20785952379811506,2931.0,-617.1745149070967,-849.4678440936947,-618.352316989148,-850.0159858236775,124.36993283349376,-7.564108239366926,-0.0016285294455417555,-0.20551383987541288,0.0008531610076059381,0.0011728419613510899,850.1964248172619,True,-0.0006305094388982336
-614.79,572.39,2552.0,-614.7913986326495,572.3910692588684,-614.5837933085078,572.9780315697149,-123.21832057625909,3.5281039874724596,-0.0014020945147835298,0.18858125694837707,2593.0,-614.7913986326495,-572.3910692588684,-614.540067067161,-572.3920351011952,113.10003414212048,-4.752982244464635,-0.0005545364609297809,-0.18753055050527173,-0.00042377902692687446,0.0005253532215526713,572.685033335455,True,0.0004649470477637071
-613.98,814.51,3601.0,-613.9841901731261,814.5080811247059,-614.7813913004635,815.5798078155367,-134.3028467020824,6.31031971163758,5.480196558532083e-05,0.20622040821869062,2885.0,-613.9841901731261,-814.5080811247059,-614.731439254244,-815.0172057185401,123.25193988434054,-6.673178150668224,-0.0006391992803477212,-0.2036901540420284,0.000347000622966521,0.001265127088331111,815.2985067670384,True,-0.0002674197484368009
-612.24,148.53,2020.0,-612.2412880438313,148.52812937093904,-612.4604233611042,148.48197568081025,-60.60577661890067,-5.83007851154089,-0.011097312865239408,0.08895630309879612,2009.0,-612.2412880438313,-148.52812937093904,-612.0300429049722,-148.52886205482426,49.98111476645642,-7.378671950940272,-0.00992449220032238,-0.08704293009489464,-0.0005864103324585137,0.0009566865019507431,148.50541886781724,True,0.0024810709353045076
-611.98,433.57,2331.0,-611.9786941493708,433.56900016863625,-612.2591576015631,434.3066831495374,-113.50460541574539,1.6796806921667373,-0.002645647316448693,0.17314986886299044,2299.0,-611.9786941493708,-433.56900016863625,-611.4266134860412,-433.19835916774474,103.49947199143908,-4.289454774326742,-0.001521510752577303,-0.17221265089630988,-0.0005620682819356949,0.00046860898334027956,433.75252115864106,True,0.0008141921944929488
-610.55,779.31,3658.0,-610.5516839022579,779.3116458029594,-608.7514092526989,779.6427291350287,-132.87982302200314,6.681234953327664,0.0010852523350766859,0.20402944471702741,2829.0,-610.5516839022579,-779.3116458029594,-609.9559204852554,-779.3187816859535,121.39170261987981,-6.38385219073252,-0.0006159203441237076,-0.20067100883359332,0.0008505863396001967,0.0016792179417170483,779.4807554104912,True,-0.000685634835031835
-608.58,534.54,2504.0,-608.5788305410672,534.5388732517655,-606.8750695082264,534.5311364314733,-120.94469587414444,3.8632555080364743,-0.0003978262212290488,0.18505707937885474,2465.0,-608.5788305410672,-534.5388732517655,-607.9725036865328,-534.1071176973161,111.13436511123346,-4.29423760988587,-0.00029329604363959727,-0.1843216583072379,-5.2265088794725765e-05,0.0003677105358084187,534.3191270643947,True,6.145975716753269e-05
-606.85,743.86,3704.0,-606.8509708553535,743.862822818774,-607.1214025010296,744.8181005217003,-131.48609361629767,6.477800442590628,0.0011879725371512257,0.20183121812298893,2783.0,-606.8509708553535,-743.862822818774,-605.9562885465836,-743.6549896436007,120.30527991739564,-5.682967573297923,6.27986762772988e-05,-0.1988929300158706,0.0005625869304369634,0.0014691440535591627,744.2365450826505,True,-0.00047496161787382186
-604.48,177.49,2021.0,-604.4805733771334,177.49151081010078,-603.9530413772553,177.33304895178847,-69.6296012945455,-3.9119720120991044,-0.008397889869257522,0.10342235580238981,2008.0,-604.4805733771334,-177.49151081010078,-604.58930805014,-177.79040283899158,59.335220399021544,-5.858978836307436,-0.007147460192411984,-0.10183932511325258,-0.000625214838422769,0.0007915153445686163,177.56172589539003,True,0.002212380323968563
-603.85,1105.88,4119.0,-603.8537232672714,1105.875526854742,-602.2886553848384,1105.7514724399816,-143.57573829237927,10.59218015357683,0.0033158700106624486,0.221131671750043,3335.0,-603.8537232672714,-1105.875526854742,-603.5449978125326,-1106.141869664701,132.11085999595778,-9.099985675570275,-0.0009361875541506899,-0.21765256325937052,0.002126028782406569,0.0017395542453362417,1105.9466710523413,True,-0.0012078550582865903
-601.98,1072.62,4075.0,-601.9839528076352,1072.6207720168834,-600.2878577182398,1072.9726652771228,-142.82270733935835,10.588068652364194,0.0037107675153119487,0.21995768948004124,3259.0,-601.983952807635,-1072.6207720168834,-603.1575132374916,-1072.865606897265,131.33008028282885,-8.307829393193092,-8.296516109284992e-05,-0.21640516823818864,0.0018968663382023993,0.0017762606209262982,1072.919136087194,True,-0.0011108351323979254
-601.76,496.27,2380.0,-601.7615602611156,496.26910501471656,-600.3675812662655,496.20087842077373,-118.5428574503146,3.897895056787282,0.00012673396286504263,0.1813141318342062,2417.0,-601.7615602611156,-496.26910501471656,-601.0684813810661,-495.9415893896458,108.64581565787118,-3.5851094717246,0.00036790425131116964,-0.1802764554670502,-0.0001205851442230635,0.0005188381835779937,496.07123390520974,True,0.00015273185677024337
-600.0,1039.23,4003.0,-600.0,1039.2304845413264,-601.3822182984732,1038.4531519817172,-140.97326698326367,10.169619360994057,0.0034675443266096086,0.21700081112944308,3215.0,-600.0,-1039.2304845413264,-600.5428797160208,-1039.250687879364,130.31955779218003,-8.267063403484608,-0.0004297650746419142,-0.21476485039746088,0.0019486547006257614,0.001117980365991103,1038.8519199305406,True,-0.0011785855470678496
-599.81,14.96,1849.0,-599.8135092004898,14.958415042843894,-597.8099503702548,14.218963240641031,-12.389032399132894,-6.400120007845181,-0.010360246613359762,0.012396395220325086,1847.0,-599.8135092004898,-14.958415042843894,-602.7663180754324,-14.489455827189218,-0.24565348702157794,-7.454268758737115,-0.011686385228454988,-0.00699109307750252,0.0006630693075476129,0.0027026510714112826,14.354209533915125,False,
-598.32,44.84,1850.0,-598.3222783087081,44.83805615185447,-598.5816118060243,44.533872299617,-22.755661708859126,-6.649016132289543,-0.011127642967406847,0.028885947682098206,1846.0,-598.3222783087081,-44.83805615185447,-598.0752335601569,-44.94528347955679,12.22298950883546,-7.522047032992538,-0.011421266007254873,-0.026778103157096604,0.00014681151992401286,0.0010539222625008011,44.7395778895869,False,
-597.89,1005.7,3959.0,-597.8918549531193,1005.6964401750253,-599.2581210921597,1004.6979373732574,-139.97039863362693,9.740545191334613,0.0031980507736280328,0.215430710339153,3145.0,-597.8918549531188,-1005.6964401750255,-598.5015059559037,-1006.0478879850442,129.47613761170223,-7.430393000579053,0.0004952034394247888,-0.2133975048401363,0.001351423667101622,0.0010166027495083496,1005.3729126791509,True,-0.0008445866426100458
-595.35,206.05,2022.0,-595.3505157902412,206.05281688997562,-595.0211330350135,206.335497497961,-77.41036310770691,-2.3084288515110205,-0.006200963865104846,0.1159152116773958,2007.0,-595.3505157902412,-206.05281688997562,-595.5696848047648,-206.1398939043889,67.29065792242015,-4.623229366433956,-0.004833508378894101,-0.11439033409513688,-0.0006837277431053722,0.0007624387911294578,206.23769570117497,True,0.0020830275934693053
-595.34,74.61,1851.0,-595.3435239601032,74.60622278849107,-594.9237952814535,74.51534890760016,-34.535008819239415,-5.971093709721977,-0.010415878252210372,0.047678158051964,1845.0,-595.3435239601032,-74.60622278849107,-595.0866634094245,-74.7384908682161,23.767257849575504,-6.607552438416962,-0.009600926053053014,-0.04511477592761824,-0.000407476099578679,0.0012816910621728794,74.62691988790813,False,
-594.26,457.56,2332.0,-594.2576695961807,457.5563595078932,-594.6472213139646,457.42985128118244,-115.31223751824417,3.935927036695377,0.0006620914564008217,0.1762424976129518,2298.0,-594.2576695961807,-457.5563595078932,-594.9199127545409,-458.04877164667505,106.21230619206574,-2.42052585402206,0.0017573243344222531,-0.1763281035084476,-0.0005476164390107157,-4.28029477479025e-05,457.73931146392874,True,0.0007516888930858801
-593.97,593.97,2551.0,-593.9696961966999,593.9696961966999,-592.7585961575279,594.0493166415325,-124.29344535341055,5.76261537597184,0.0018961813573345778,0.1905596637730299,2594.0,-593.9696961966999,-593.9696961966999,-594.8744595560669,-594.5867746883182,114.68470983129016,-3.217065611325481,0.002161769156082452,-0.1898117960348823,-0.00013279389937393717,0.0003739338690738059,594.3180456649254,True,0.00014039093773366944
-592.67,866.75,3556.0,-592.6653798101078,866.7454918109125,-593.732654032021,866.3113744876631,-135.52755849723488,8.937693967167219,0.0036150898460517553,0.20842738089359902,2930.0,-592.6653798101078,-866.7454918109125,-591.5886256455572,-866.5142181364271,124.92860145720188,-5.923053953843559,0.0011853429722424712,-0.20607521440373713,0.001214873436904642,0.001176083244930945,866.4127963120451,True,-0.0008810205667937563
-590.88,104.19,1852.0,-590.8846518073248,104.1889066001582,-590.8525371011269,104.10895856695616,-45.88818146713191,-4.512409495260055,-0.00845674235544381,0.06579715410732691,1844.0,-590.8846518073248,-104.1889066001582,-591.0297978552727,-104.22397354695427,35.72571400781032,-5.69381108141992,-0.0077855536098647305,-0.06409756569854344,-0.0003355943727895395,0.0008497942043917336,104.16646605695522,False,
-589.81,832.18,3600.0,-589.8084922602127,832.1814360208564,-588.7551184221842,832.1696718508397,-134.68827291758478,8.489781512985422,0.0033203475404574457,0.20715257615050617,2886.0,-589.8084922602127,-832.1814360208564,-590.0024983951946,-832.3676138978917,124.04850240912441,-5.1094072726325,0.0020621093489495974,-0.20465506800721214,0.0006291190957539241,0.0012487540716470125,832.2686428743657,True,-0.00047495143458190647
-588.41,556.66,2505.0,-588.4111949531416,556.6617156351027,-588.6852066937512,557.3062212818382,-122.15195447746824,5.575942156504493,0.002049073393187366,0.1872012618783614,2464.0,-588.4111949531416,-556.6617156351027,-589.6692690983824,-557.230656789218,112.95148830027073,-2.3891720204398923,0.0030219033670446393,-0.1869895404672086,-0.0004864149869286366,0.00010586070557640215,557.2684390355281,True,0.0005484314712585244
-586.74,797.4,3659.0,-586.7355694503766,797.3966212254367,-584.2521660432657,797.3240102068944,-133.67046528273912,8.793126664616892,0.004229890216731239,0.20558783252410623,2828.0,-586.7355694503766,-797.3966212254367,-586.2365280506496,-796.9851890768024,122.46732938601882,-4.3587208875626855,0.0028235362410147717,-0.20209243124546167,0.0007031769878582336,0.0017477006393222805,797.1545996418483,True,-0.000554245226765635
-584.96,133.51,1853.0,-584.9567473090942,133.5125603737887,-584.5589629430538,133.55511327467192,-56.1705027717796,-3.083394990880594,-0.0065430213920820955,0.08223905396023982,1843.0,-584.9567473090942,-133.5125603737887,-585.1295262720511,-133.66502219568082,46.261143746408656,-4.653386502011143,-0.0057691027385001715,-0.08079296243748546,-0.000386959326790962,0.0007230457613771821,133.61006773517636,True,0.0018197260115069632
-584.87,234.15,2023.0,-584.8717978001258,234.1473470660063,-585.0692086022754,234.24333090791285,-83.98549432493576,-0.386722357932491,-0.0034842594675145526,0.126501738972935,2006.0,-584.8717978001258,-234.1473470660063,-584.4458574799453,-234.07308362963053,74.58351604660535,-3.0245768101403043,-0.001947076795924476,-0.12586104508098864,-0.0007685913357950384,0.0003203469459731878,234.1582072687717,True,0.002062367082760357
-583.42,762.38,3703.0,-583.4233949573104,762.3759848109634,-581.9348376372049,762.4572563407197,-132.0666246233957,8.533156230908828,0.004243146609603549,0.2030636210935656,2784.0,-583.4233949573103,-762.3759848109635,-583.4219097633687,-762.180372756935,121.27442109959384,-4.1672092832924,0.0027020827845587033,-0.20015938818725718,0.0007705319125224227,0.001452116453154212,762.3188145488273,True,-0.0006350879315945017
-582.31,518.95,2379.0,-582.3115128573311,518.9540461291408,-582.6034576549845,518.7463402151692,-119.52882284669862,5.658490203367855,0.002652694507525669,0.18310090123967002,2418.0,-582.3115128573311,-518.9540461291408,-582.1213790108999,-518.9634620261721,110.80284564122383,-1.7953358453785857,0.0034983656974132645,-0.18347743066082023,-0.00042283559494379766,-0.0001882647105751062,518.8549011206707,True,0.0005120418814133018
-577.57,162.5,1854.0,-577.5745481700072,162.50428088580313,-577.6029871943907,162.50646956825017,-65.38425437490676,-1.4300020077153262,-0.004266131205743854,0.09698838472711012,1842.0,-577.5745481700072,-162.50428088580313,-577.7706891599536,-162.60907839404584,56.03343096395546,-3.2797463115038226,-0.0032284094039750437,-0.09625591711887525,-0.000518860900884405,0.0003662338041174329,162.557773981148,True,0.0020055018650076586
-577.37,1119.93,4118.0,-577.3654173765369,1119.9326653052035,-577.1496707648453,1120.4487168924086,-143.6108968387296,12.772032623650027,0.006605216214808547,0.22149550477712232,3336.0,-577.3654173765373,-1119.9326653052035,-576.5299447400313,-1119.9524369572875,132.79715844403984,-7.459110173903993,0.0018444845596994734,-0.21841398854177066,0.002380365827554537,0.0015407581176758306,1120.200576924848,True,-0.0013351430004134367
-575.69,1086.96,4076.0,-575.6860320360908,1086.9616334160746,-573.8356005326162,1087.0190016046752,-142.8377527769778,12.76690249510259,0.007006464177849828,0.22030559511384937,3258.0,-575.6860320360908,-1086.9616334160746,-576.351263937092,-1087.6352438640479,131.66671546733286,-7.296233245311373,0.0017079234556336546,-0.2166126443665602,0.0026492703611080866,0.0018464753736445877,1087.3271227343616,True,-0.0015308968441622639
-575.6,480.82,2333.0,-575.5970015204309,480.8202281941651,-576.1553154044256,480.57280454040824,-116.5435650030809,5.773075014336399,0.0033025721540105575,0.17842868604072432,2297.0,-575.5970015204309,-480.8202281941651,-575.3868025629127,-480.74643765720083,108.17722872251689,-0.8171018989136419,0.004587230517561017,-0.17921615337298535,-0.0006423291817752297,-0.0003937336661305191,480.65962109880456,True,0.0008396530725998292
-573.9,1053.87,4002.0,-573.9047743455818,1053.8658880442742,-571.7214028951453,1053.911565377942,-142.19400788183432,12.725991330748123,0.007346817910797804,0.21930693581343666,3216.0,-573.904774345582,-1053.865888044274,-573.0319688693922,-1053.1084224089589,130.42784158008635,-6.927346924951801,0.0018721752231960955,-0.21460026401968793,0.002737321343800854,0.0023533358968743645,1053.5099938934504,True,-0.001632551883521865
-573.07,261.71,2024.0,-573.0681570733465,261.71145819118857,-572.5287403128709,261.57832818602475,-90.27223351184755,1.87140864348641,-0.0002251033273575996,0.13666097792312934,2005.0,-573.0681570733465,-261.71145819118857,-573.3897706863158,-262.06860465252686,81.09880002387062,-1.0836000500407317,0.0014849440485136323,-0.13609503799226041,-0.0008550236879356159,0.0002829699654344625,261.8234664192758,True,0.002051868133440942
-572.39,614.79,2550.0,-572.3910692588684,614.7913986326495,-570.6433071447073,614.8788240488899,-125.36529343552665,7.93821974293417,0.005103664837345704,0.19253640832272598,2595.0,-572.3910692588684,-614.7913986326495,-571.9446761180383,-614.6272066886719,115.52825133143621,-1.5978065486250363,0.0049843346228635775,-0.19087351359369462,5.966510724106323e-05,0.0008314473645156806,614.7530153687809,True,-6.098171392351024e-05
-572.01,1020.64,3960.0,-572.0127382105893,1020.6377551927147,-570.4284687357937,1020.8907041695879,-140.9545170611158,12.234566797402104,0.006969097065804507,0.21735005943266628,3144.0,-572.012738210589,-1020.6377551927148,-572.4464538646474,-1021.0662528859251,129.7011904305933,-6.090537321639519,0.002811579490261217,-0.21343659200985704,0.0020787587877716452,0.001956733711404618,1020.9784785277566,True,-0.0012792852099420785
-569.22,29.83,1690.0,-569.2188348101071,29.831495058477987,-569.0730284422511,29.770397980419535,-17.239619328497,-3.5219882389307173,-0.00597001563379616,0.020468284390623488,1687.0,-569.2188348101071,-29.831495058477987,-569.3708324605394,-29.861492769282005,6.2473380178590014,-3.741081543255334,-0.005588403309358816,-0.016916016405719964,-0.00019080616221867205,0.0017761339924517623,29.81594537485077,False,
-568.76,191.09,1855.0,-568.756407700279,191.0919901510105,-568.150061595211,190.90543605978652,-73.81165323470685,0.4704069920539935,-0.0015893377158317853,0.11051677630991597,1841.0,-568.756407700279,-191.0919901510105,-568.7613517144764,-191.41539735259803,64.40289344460176,-1.8110295689146065,-0.0005380839013295417,-0.10946599325576567,-0.0005256269072511218,0.0005253915270751475,191.16041670619228,True,0.0017276648155535822
-567.67,883.32,3557.0,-567.6728583283773,883.3162094727403,-567.4644921328531,882.5905806161958,-135.91220409918768,11.09920056834533,0.006855863451268063,0.2093612688486406,2929.0,-567.6728583283773,-883.3162094727403,-566.9060117238546,-882.7916089669883,125.83208520409305,-3.860474954545618,0.0046673881687117605,-0.20721086614386383,0.0010942376412781513,0.0010752013523883802,882.691094791592,True,-0.0007789019183279539
-567.44,578.02,2506.0,-567.4398604505657,578.0242250735195,-567.7826991881681,577.8292937547172,-122.83548605734047,7.659050046993795,0.005113097059035093,0.18854512861767728,2463.0,-567.4398604505657,-578.0242250735195,-567.587477276154,-577.9688724460885,114.26457198608891,-0.8846013885504002,0.0056704822645467405,-0.18880894295473333,-0.00027869260275582364,-0.00013190716852802542,577.8990831004029,True,0.00030300744854284533
-566.88,59.58,1691.0,-566.8774803599158,59.581224062562484,-567.1769791192502,59.958996562783824,-28.818959985976395,-3.5115323147933926,-0.006323093461535019,0.03892059828907224,1686.0,-566.8774803599158,-59.581224062562484,-566.8246658508078,-59.666473852597726,19.15281764360812,-3.5871309529533817,-0.004978362540228415,-0.037424542326422894,-0.0006723654606533018,0.0007480279813246726,59.81273520769078,False,
-565.12,849.14,3599.0,-565.1243867724439,849.1374608831419,-563.4528128851013,849.2510775223714,-135.19775693901752,11.222234419524739,0.007459985897016485,0.20827332180436414,2887.0,-565.1243867724439,-849.1374608831419,-564.1651739674712,-848.4534363847218,124.38159490480331,-3.6506170344016176,0.004580848754038748,-0.20486877216782973,0.0014395685714888684,0.0017022748182672076,848.8522569535467,True,-0.0010655654176521033
-562.98,89.17,1692.0,-562.9823541392285,89.16764507293159,-563.0304903540656,89.08368181352967,-40.28139869846748,-1.9480497614267407,-0.00419142292361262,0.057214418034297596,1685.0,-562.9823541392285,-89.16764507293159,-563.0480610044065,-89.2834375712783,31.17596043519332,-2.7991773189434745,-0.0033615772312476835,-0.056513716417129566,-0.00041492284618246814,0.000350350808584015,89.18355969240397,False,
-562.38,814.75,3660.0,-562.3840992638442,814.75402723472,-562.2687300117615,815.7229653795645,-133.56737727552368,10.573561189752892,0.006838208267146908,0.20569299340957542,2827.0,-562.3840992638442,-814.75402723472,-561.7779879507019,-814.6807549196528,123.48776984422767,-2.6633991400559167,0.005738441718296687,-0.20341696959894429,0.0005498832744251104,0.0011380119053155668,815.2018601496086,True,-0.00042382367845647176
-562.01,540.88,2378.0,-562.0068430086138,540.8773506179485,-562.1561215835094,541.6701088215877,-120.82494975742058,7.514361569992823,0.0053256587527143314,0.18541416925697826,2419.0,-562.0068430086138,-540.8773506179485,-563.0417672070612,-541.4903888223618,112.5194476493953,-0.1060129010828139,0.006462893329383697,-0.18597582012189057,-0.000568617288334683,-0.00028082543245615266,541.5802488219747,True,0.0006596857620350897
-559.97,288.68,2025.0,-559.9663326526017,288.68270868826863,-559.3280571531111,289.1388880128748,-95.33443370046699,3.5385017223354143,0.0020906242850666215,0.1448793881610596,2004.0,-559.9663326526017,-288.68270868826863,-560.1737753591833,-288.72183944312013,86.60107294249649,0.417242614597719,0.004200030780720536,-0.14469032138842655,-0.0010547032478269575,9.453338631652819e-05,288.9303637279975,True,0.0022935962370571644
-559.64,19.99,1611.0,-559.6431823679153,19.987706949829207,-559.1702302055629,19.849779615527254,-13.758016890438784,-2.767428118733147,-0.00464759835992398,0.01504842131299682,1614.0,-559.6431823679153,-19.987706949829207,-557.6158859262282,-20.708435539331607,1.367619598334881,-2.2518501572175134,-0.0033303151879848715,-0.009005740820776776,-0.0006586415859695541,0.003021340246110022,20.27910757742943,False,
-559.43,780.15,3702.0,-559.4313946044489,780.1515972751203,-560.3579097830753,779.5177052091543,-131.8765659426074,10.214096991581533,0.0067095080662032056,0.20302538535838313,2785.0,-559.4313946044491,-780.15159727512,-559.2262640753753,-780.308640776106,122.53418408997992,-1.7337238979014533,0.006797111471454834,-0.20186803984136362,-4.38017026258143e-05,0.0005786727585097573,779.9131729926302,True,3.528780175771778e-05
-558.57,39.95,1610.0,-558.573184181742,39.949942591570135,-558.5642422483749,39.87452785479417,-21.154285861932657,-2.402851167585866,-0.004312598669232689,0.026827370503573193,1615.0,-558.573184181742,-39.949942591570135,-559.916081181503,-39.92717605717821,11.250944320892138,-3.1296483127203376,-0.004492002949101754,-0.024763711087439175,8.970213993453238e-05,0.0010318297080670093,39.900851955986184,False,
-558.52,219.2,1856.0,-558.5242491865225,219.2046146198372,-558.8956296869616,219.29395550994036,-80.64622524502114,2.028930181636784,0.0005434555520710401,0.1215076742800224,1840.0,-558.5242491865225,-219.2046146198372,-558.7079621627294,-219.36606664367756,72.16884907419949,-0.3134868364734555,0.002187640470795932,-0.1217027719294927,-0.0008220924593624459,-9.754882473515109e-05,219.33001107680894,True,0.0023550626913525084
-557.54,118.51,1693.0,-557.5441324182692,118.50966376612284,-557.5280828711539,118.44084613378175,-51.14427387223795,-0.6693643839119369,-0.0025158683337018536,0.07457060867042359,1684.0,-557.5441324182692,-118.50966376612284,-557.4069674344252,-118.52651362134651,41.874828033430084,-2.0440732792917813,-0.0018016526676079532,-0.07347240673466662,-0.00035710783304695017,0.0005491009678784825,118.48367987756413,False,
-556.79,59.86,1609.0,-556.7913689922625,59.86126807646306,-556.7959924863948,59.82948293826808,-29.223285931698076,-1.7430063715603996,-0.0035068108531712845,0.039691238679557324,1616.0,-556.7913689922625,-59.86126807646306,-555.7763169176152,-60.54122803047968,18.679207314544954,-2.298569978525426,-0.002916840963987985,-0.03653545924707179,-0.0002949849445916498,0.0015778897162427655,60.18535548437388,False,
-556.03,503.32,2334.0,-556.0261962739636,503.3238212692777,-554.9541520321512,503.22510685024054,-118.70807222891659,7.909831816328448,0.00642590409438078,0.1821332563568753,2296.0,-556.0261962739636,-503.3238212692777,-556.022585096771,-503.367077404157,109.89161047640731,0.47020563030497403,0.0069130784444104455,-0.18170752363179304,-0.0002435871750148329,0.00021286636254112812,503.2960921271988,True,0.00030409601485317594
-554.3,79.7,1608.0,-554.3000074533223,79.69630943303973,-554.4691539687601,79.69032859697371,-36.88232871253083,-1.2599291139401803,-0.0029812047566916597,0.0519094805869761,1617.0,-554.3000074533223,-79.69630943303973,-552.0624934317003,-79.55907908835515,26.785771102284468,-2.518925216058804,-0.00303463611091522,-0.049391973134677414,2.671567711178013e-05,0.0012587537261493434,79.62470384266443,False,
-551.1,99.43,1607.0,-551.102274428225,99.42978990241004,-550.6618099964121,99.33030158567709,-44.53582524021892,-0.3332316919009484,-0.0017468502183893375,0.06413702706849787,1618.0,-551.102274428225,-99.42978990241004,-550.7005054039543,-100.08432074794325,34.82600715558656,-1.0011271673627722,-0.00036761341248907234,-0.06217172601933809,-0.0006896184029501326,0.0009826505245798915,99.70731116681017,False,
-550.58,147.53,1694.0,-550.5777209847689,147.5268557084368,-550.1017215394567,147.64184766003598,-60.807821150253424,0.8477289737797592,-0.0004589631371124789,0.09004157228716647,1683.0,-550.5777209847689,-147.5268557084368,-550.7086747087004,-147.72689119728128,52.34234141068641,-0.5650459666225021,0.0009099086421775603,-0.09004993788408203,-0.0006844358896450196,-4.18279845777747e-06,147.6843694286586,True,0.0029119110858927925
-550.55,1133.36,4117.0,-550.5500855853929,1133.35546200736,-549.7706365394364,1133.8600868984304,-144.0089438221247,14.435932155980431,0.009089145883969677,0.22246432651641443,3337.0,-550.5500855853929,-1133.35546200736,-552.2124191365241,-1134.1531595463393,133.69960155067923,-5.583297929529382,0.005003848334040289,-0.2195524552782252,0.0020426487749646938,0.0014559356190946143,1134.0066232223849,True,-0.0011317694718675079
-550.08,634.83,2549.0,-550.0830165140394,634.829642457577,-551.0544861082544,634.7918400113099,-125.68132733472079,9.801456866707099,0.007825224655083595,0.19327929565494625,2596.0,-550.0830165140394,-634.829642457577,-550.041537279304,-634.7360185051143,116.9346543947734,0.48167119799874974,0.008540198319893725,-0.19284362644164563,-0.00035748683240506476,0.0002178346066503134,634.7639292582121,True,0.0003538569079535666
-549.05,1100.66,4077.0,-549.0466947280852,1100.657861012297,-547.4131822460929,1100.8695443824067,-143.01530090289324,14.441262926658741,0.009501664348199818,0.22091176637255,3257.0,-549.0466947280852,-1100.657861012297,-550.536721906516,-1101.161430290327,132.70552748547416,-5.300179046132551,0.005050397218629758,-0.21794981504694097,0.00222563356478503,0.001480975662804515,1101.0154873363667,True,-0.0012701063948931364
-547.45,1067.85,4001.0,-547.4527888237955,1067.8461705737625,-548.0611612932194,1067.22257083656,-141.64998814149186,14.13863734034541,0.009432094340725916,0.21873086784230414,3217.0,-547.4527888237955,-1067.8461705737625,-548.5271557637392,-1068.3526639489066,131.79661067418377,-4.479616390841905,0.0059545551743791615,-0.2164786179111462,0.0017387695831733775,0.0011261249655789701,1067.7876173927334,True,-0.001023144614117351
-547.2,119.04,1606.0,-547.2022449438493,119.036562149667,-547.1903414371258,119.0063894632779,-51.23974902539221,0.5390320272249406,-0.0005995719070461205,0.0748491681349823,1619.0,-547.2022449438493,-119.036562149667,-547.095988156153,-118.99271937808824,42.74015360806832,-1.0512947718384,-0.00021588698978687295,-0.07472333687704809,-0.0001918424586296238,6.291562896710429e-05,118.99955442068307,False,
-546.9,246.77,1857.0,-546.903511387004,246.77226187836683,-546.3080771855776,246.64317165809484,-87.0446241595185,4.176679442955556,0.0036267595584721216,0.1318452018451789,1839.0,-546.903511387004,-246.77226187836683,-546.4480089551744,-246.74372431551092,78.67062295263274,1.3447336814957136,0.00516207382328421,-0.13190051913134518,-0.0007676571324060444,-2.7658643083142143e-05,246.69344798680288,True,0.001955192590093962
-545.76,1034.91,3961.0,-545.76048163507,1034.9132797898849,-544.3439546366614,1035.2165301357509,-141.24534104587767,14.577268399611432,0.010522174465652545,0.21813237651663483,3143.0,-545.76048163507,-1034.9132797898849,-547.0158929403982,-1035.4530153774976,130.74834333512067,-4.32242784982139,0.005801807403870448,-0.2147917402294111,0.002360183530891048,0.0016703181436118625,1035.3347727566243,True,-0.00143233578874761
-545.69,598.6,2507.0,-545.6934713537113,598.5972229487339,-545.7928451765309,598.095193644804,-123.53161104136,9.508178074646867,0.007807879792983927,0.18992235508535804,2462.0,-545.6934713537113,-598.5972229487339,-546.7239700024121,-599.2437283307538,115.57861931177945,0.8870505441993742,0.008750706472753365,-0.1906447994205629,-0.00047141333988471885,-0.0003612221676024263,598.6694609877788,True,0.0004947600577261761
-545.6,315.0,2026.0,-545.5960043841964,315.0,-545.9663415769813,315.06093177327216,-99.44639944984192,5.587802000103643,0.005034720409238277,0.15158742547760534,2003.0,-545.5960043841964,-315.0,-545.2036782406163,-314.8471256988629,91.17646736188554,2.1432552906284346,0.007267020945035258,-0.15178894939954882,-0.0011161502678984905,-0.00010076196097173751,314.9540287360675,True,0.002226667489223087
-542.6,138.49,1605.0,-542.6048889976441,138.49164031036062,-542.6172405016559,138.51283344088836,-58.00094253872077,1.5105364084618413,0.0007077304478447966,0.08566594846654597,1620.0,-542.6048889976441,-138.49164031036062,-542.573378747889,-138.45338358079871,49.52426237055668,-0.08760006954171921,0.0015562149917737252,-0.08546519304254994,-0.0004242422719644643,0.00010037771199801482,138.48310851084352,True,0.0019248505023866406
-542.22,899.17,3558.0,-542.21733472091,899.1664817641682,-542.767957180551,900.0058164827698,-136.32683286300355,12.551599605296728,0.00895414439079667,0.21032362881530092,2928.0,-542.21733472091,-899.1664817641682,-542.7413484619732,-899.5678391784207,126.67464011638447,-2.2699297448826776,0.007404277528277425,-0.20825588995963595,0.0007749334312596224,0.0010338694278324845,899.7868278305953,True,-0.0005411337662135045
-542.1,176.14,1695.0,-542.1022142882375,176.13968679372002,-542.0987167894003,176.08720041285957,-69.82741645731362,2.6566333541834424,0.0020716281366381867,0.10449471664729719,1682.0,-542.1022142882375,-176.13968679372002,-542.3325584038101,-176.24758139419703,61.23056688533194,0.9222639353814577,0.0036263279894136664,-0.1040934060109838,-0.0007773499263877398,0.0002006553181566964,176.16739090352831,True,0.0027724958693923405
-540.88,562.01,2377.0,-540.8773506179485,562.0068430086138,-539.4352369061312,561.9331164951817,-122.05165029322181,9.712511834389629,0.00857596304982764,0.18764478585488786,2420.0,-540.8773506179485,-562.0068430086138,-539.9169392205677,-561.7306246830303,113.47690284878358,1.468336862857761,0.009216430419737364,-0.18721644825861206,-0.0003202336849548624,0.00021416879813790368,561.8318705891061,True,0.00035812984088328835
-539.95,865.36,3598.0,-539.9531511013346,865.3615398293013,-541.1484662632084,864.7017469810567,-134.92970663081587,12.754820231630616,0.009709948044409963,0.2081198672168701,2888.0,-539.9531511013346,-865.3615398293013,-540.8451489161147,-865.8715035508053,125.80777264865927,-1.3861971404300735,0.008398103543697624,-0.2068530048302998,0.0006559222503561696,0.0006334311932851416,865.286625265931,True,-0.0004762908527360457
-539.79,14.88,1538.0,-539.7949657934738,14.879344878807366,-542.6781638379374,15.64395089841045,-11.431760925293089,-1.7508121483845895,-0.002978095120654342,0.011548047844887114,1536.0,-539.7949657934738,-14.879344878807366,-542.4808352601463,-15.392095285073353,0.5899093812733606,-0.309333520371835,-0.0003038130149290207,-0.007582618012485134,-0.0013371410528626607,0.00198271491620099,15.518023091741902,False,
-538.16,44.59,1539.0,-538.1556262236018,44.59284655505939,-538.0390543092577,44.6746409723202,-22.944320473850738,-0.5174686258834215,-0.001370706013049329,0.029927670491357573,1535.0,-538.1556262236018,-44.59284655505939,-537.7458314383609,-44.66494593687016,13.444746701009313,-0.35185513994856504,-1.2984466581029866e-05,-0.027983737569917497,-0.0006788607732341495,0.000971966460720038,44.66979345459518,False,
-537.52,831.37,3661.0,-537.5194923794639,831.368026395124,-537.8316647213959,832.4436028938397,-133.95442946211918,12.609778823817537,0.009874172089847791,0.20660828617254345,2826.0,-537.5194923794639,-831.368026395124,-538.6316005785477,-832.3422215587289,124.3461263191265,-1.2801581348942677,0.008156237655674917,-0.20449961317988846,0.0008589672170864369,0.001054336496327496,832.3929122262844,True,-0.0006483777214430752
-537.32,157.77,1604.0,-537.3160652241186,157.7702318312007,-537.4086533243453,157.78594991740025,-64.19326322128859,2.740591892512024,0.002429387218857654,0.09558512235081079,1621.0,-537.3160652241186,-157.7702318312007,-537.174008049034,-157.76781611768826,55.811923689910486,0.9235125281279264,0.0034019940024863607,-0.09540619089070969,-0.0004863033918143533,8.946573005055164e-05,157.77688301754426,True,0.0019366172457214643
-535.58,525.03,2335.0,-535.5761993225623,525.0315559270691,-535.0548373257449,525.7224004046789,-119.78824336710552,9.756291729585804,0.009089112574709826,0.18409610848451424,2295.0,-535.5761993225623,-525.0315559270691,-535.3565663166328,-524.6793407009151,111.40695588115325,2.226751610176366,0.009969718909471065,-0.18386617457701182,-0.0004403031673806193,0.00011496695375121102,525.2008705527969,True,0.0005267520575658361
-534.9,797.17,3701.0,-534.8981805076113,797.1724634542057,-535.6270835894778,796.7991200013336,-132.29664729268322,12.956473820956582,0.010862491330229429,0.2039968433495044,2786.0,-534.8981805076113,-797.1724634542057,-536.0138256775027,-797.9175532807043,123.50295538109577,-0.057628180745466,0.009680356529990383,-0.203125605135103,0.0005910674001195233,0.00043561910720070485,797.3583366410189,True,-0.0004657612309703386
-534.88,74.17,1540.0,-534.8819257042518,74.17092122194039,-534.8266200285422,74.12166070264989,-34.99622014408541,0.8287601749039686,0.0004112468169637134,0.049148207148497436,1534.0,-534.8819257042518,-74.17092122194039,-534.8859898864812,-74.25611286535185,26.34664328123854,-0.16783817315402563,0.0006422898507922715,-0.04848271932805551,-0.00011552151691427903,0.0003327439102209645,74.18888678400087,False,
-533.92,273.73,1858.0,-533.9230852868812,273.72639441189773,-533.8188533226352,274.14158264575,-92.51929629026863,5.949864691110943,0.006112099237728453,0.14071136834517042,1838.0,-533.9230852868812,-273.72639441189773,-534.124066147827,-274.00649338216505,84.6809512983845,3.229880882798723,0.008496265171861979,-0.1413153227964381,-0.0011920829670667627,-0.0003019772256338399,274.07403801395753,True,0.00273286672385638
-532.14,204.27,1696.0,-532.140843103405,204.2697312408212,-531.7150383930924,204.13518889047657,-77.53412850811058,4.694814487973013,0.004971991206261435,0.11688749845361929,1681.0,-532.140843103405,-204.2697312408212,-532.2032932185322,-204.4363808074926,69.24373183852326,2.391908308991559,0.006310567117564539,-0.11672270129616867,-0.000669287955651552,8.239857872530815e-05,204.28578484898458,True,0.0020585182920734176
-531.34,176.85,1603.0,-531.342513428899,176.84776906441394,-530.7517237825972,176.71184949481173,-70.29466899345003,3.8964145757466997,0.00403715117392068,0.10537733847080138,1622.0,-531.342513428899,-176.84776906441394,-531.2372807970823,-176.78689733225588,61.7776408973391,1.8485135286813457,0.005107104990181278,-0.10482821777961938,-0.0005349769081302988,0.00027456034559100034,176.74937341353382,True,0.0019017657510899415
-529.99,340.6,2027.0,-529.989725683644,340.60371499702666,-528.9829082792949,340.3860727458435,-103.02953131565373,7.940500715017937,0.008469000395640537,0.15749815260639757,2002.0,-529.989725683644,-340.60371499702666,-530.2484921531968,-341.0239415862845,95.38754545010424,4.1244326594035865,0.010740749412879216,-0.15830793257611633,-0.0011358745086193396,-0.0004048899848593801,340.705007166064,True,0.0020947476183930122
-529.98,103.52,1541.0,-529.9838063563056,103.52374123881877,-529.7317811675204,103.55335921986257,-46.48078594167228,1.9832170073421616,0.0018881727183657773,0.06748885766131074,1533.0,-529.9838063563056,-103.52374123881877,-529.7331967973663,-103.66727755744644,37.42356196587129,0.6232949973155556,0.002261615134120523,-0.06604907683974644,-0.0001867212078773729,0.0007198904107821522,103.6103183886545,False,
-527.07,654.06,2548.0,-527.0739661999157,654.0588919617943,-527.6311493306008,654.9309824710684,-126.65141635258392,11.70118224026263,0.010602087960919913,0.19511010524932945,2597.0,-527.0739661999157,-654.0588919617943,-528.0523690944191,-654.8126844725981,118.22676589168147,2.193674977526347,0.011510815344374294,-0.19463078501301906,-0.00045436369172719045,0.0002396601181551966,654.8718334718333,True,0.000435940458278841
-524.69,195.7,1602.0,-524.6918459998666,195.69994057549494,-524.0809501798457,195.64336624161413,-75.60997135509992,5.132018378200637,0.005771821930554057,0.11391860170298838,1623.0,-524.6918459998666,-195.69994057549494,-524.4370521509344,-195.6524999879566,67.2454086011361,3.046142240073099,0.00724423680816697,-0.11344715814124912,-0.0007362074388064565,0.00023572178086963408,195.64793311478536,True,0.0023643121033285626
-523.48,132.56,1542.0,-523.4761436072384,132.5621630560316,-523.2810442231944,132.6553776942261,-56.49914224624664,3.3722239670795537,0.0037424343239337073,0.08351256893695398,1532.0,-523.4761436072384,-132.5621630560316,-523.4611399828137,-132.58218017529964,48.10004829264644,1.901444018309407,0.004649972509039086,-0.0829644188676867,-0.00045376909255268917,0.0002740750346336418,132.61877893476287,True,0.0021498578995224923
-523.42,1146.14,4116.0,-523.4229163823769,1146.1363141466932,-521.6452586909373,1146.2797432907291,-144.18231142652223,16.73324689550035,0.012593332655391682,0.2230847003680281,3338.0,-523.4229163823767,-1146.1363141466932,-523.2858472107556,-1145.8699098888817,133.84176835449728,-4.223325565629287,0.007311806299451463,-0.21942445783231374,0.0026407631779701095,0.0018301212678571849,1146.0748265898055,True,-0.001447759257476588
-523.2,618.35,2508.0,-523.2017306142978,618.3526090202932,-524.2191968776352,618.1094288347575,-124.43302566324807,11.619800732655236,0.010923517837249114,0.1916212128992894,2461.0,-523.2017306142978,-618.3526090202932,-524.1118399028759,-618.9998657698209,116.5638227980373,2.7543730866435516,0.011964595481772977,-0.19193586932457316,-0.0005205388222619314,-0.00015732821264187458,618.5546473022891,True,0.0005287555261474517
-522.08,1113.7,4078.0,-522.0817396172525,1113.7013321165703,-522.2507432138283,1114.3709971020426,-143.03421197096512,16.37902218360254,0.01242035206567125,0.22125002798037222,3256.0,-522.0817396172525,-1113.7013321165703,-523.2544981922584,-1114.2273050695194,133.49495035384288,-3.194959750822234,0.00856097520399612,-0.21887209591016074,0.001929688430837565,0.0011889660351057374,1114.299151085781,True,-0.001088091109488752
-520.72,231.84,1697.0,-520.7209108562824,231.83988655320613,-520.3216531303628,232.18563210203976,-84.19900910688119,6.4231687264188695,0.007379219393856964,0.127634519857956,1680.0,-520.7209108562824,-231.83988655320613,-520.7323335017177,-231.7070741468185,76.29319403755848,3.9358370937612714,0.009101789537842107,-0.12780178431487257,-0.0008612850719925715,-8.363222845828022e-05,231.94635312442915,True,0.0023331316214891045
-520.66,1081.16,4000.0,-520.66048694107,1081.162641482903,-520.8197243752985,1082.058075880782,-141.73308340206742,16.05192535986658,0.01229549677157588,0.21919674319588395,3218.0,-520.66048694107,-1081.162641482903,-520.971479727823,-1081.2941099615753,132.10279147963237,-2.8506277698387454,0.008705664625337835,-0.21662844618096447,0.0017949160731190227,0.0012841485074597397,1081.6760929211787,True,-0.001042621758218311
-519.62,19.92,1463.0,-519.6184141464212,19.91742151881832,-519.5354911720451,19.930183184915276,-13.505295294865789,0.7132727459458801,0.0008911244201220145,0.01513160797507123,1466.0,-519.6184141464212,-19.91742151881832,-516.2593219176448,-20.07588228194248,1.382226198188776,1.6858966594996527,0.002929056654681597,-0.00852249522901426,-0.0010189661172797912,0.003304556373028485,20.003032733428878,False,
-519.62,300.0,1859.0,-519.6152422706632,300.0,-520.1041130313101,300.10096372352183,-96.79844613596278,8.092992030310548,0.009205068499013055,0.14768981089918146,1837.0,-519.6152422706632,-300.0,-519.7245256810053,-300.0402645595152,89.4929663704267,4.823217140997582,0.011350973476197691,-0.1487975318644694,-0.001072952488592318,-0.0005538604826439697,300.0706141415185,True,0.0022466576178784333
-519.15,1048.51,3962.0,-519.1522103043429,1048.513701644435,-517.4088402700568,1048.6737417751772,-141.11936320598485,16.07383363237029,0.012739221904316698,0.21826175017216803,3142.0,-519.1522103043429,-1048.513701644435,-520.7605541496112,-1048.8957515177042,131.49920604660633,-2.3741240001585937,0.009067262111878544,-0.21566522692868673,0.001835979896219077,0.001298261621740654,1048.7847466464407,True,-0.0010999208317137815
-518.95,582.31,2376.0,-518.954046129141,582.3115128573309,-518.8943587349034,582.9151676538232,-123.03623175098262,11.797808096540523,0.011637848517835147,0.18946335949138837,2421.0,-518.954046129141,-582.3115128573309,-519.3423413895356,-582.2529425318429,114.91822794308901,3.183090799283404,0.012196882341364464,-0.1892584118507563,-0.0002795169117646582,0.00010247382031604302,582.5840550928331,True,0.00030145977009756283
-518.47,39.81,1462.0,-518.4742166155451,39.80561147497761,-518.3757499953366,39.79144040122752,-20.63649144278948,1.0774656240103393,0.0012275151096396734,0.026495462464799058,1467.0,-518.4742166155451,-39.80561147497761,-518.3590948288535,-39.87409627533196,12.26680207950704,1.6771411688091176,0.0031575900481253956,-0.025871551640599177,-0.0009650374692428611,0.00031195541209994015,39.832768338279735,False,
-517.37,214.3,1601.0,-517.3725382063205,214.30272212445027,-517.1991282076971,214.18895572605348,-80.21778214486456,6.493113708964607,0.007710945098366725,0.12133644183021593,1624.0,-517.3725382063205,-214.30272212445027,-517.1331331233368,-214.281429095783,72.3348809335747,4.064115934696258,0.009092540251932792,-0.12145785403743713,-0.0006907975767830336,-6.0706103610599915e-05,214.23519241091824,True,0.0020260019541295565
-516.57,59.64,1461.0,-516.569086675031,59.63538120716803,-516.1476955203751,59.648084853258844,-29.292689032868566,1.8816185807632895,0.0022641805044200662,0.04029951573592123,1468.0,-516.569086675031,-59.63538120716803,-516.3271785641446,-59.74502393246394,20.73699691952444,1.9396497376975288,0.0038187441234880317,-0.03932740059463165,-0.0007772818095339827,0.0004860575706447899,59.69655439286139,False,
-516.32,914.28,3559.0,-516.319570877884,914.2833809757661,-516.6141423569612,913.5614013267549,-136.43540347049432,14.892275521968088,0.012513430934106914,0.21081672936448304,2927.0,-516.3195708778842,-914.283380975766,-516.944549190622,-914.7151535234985,127.66313759558857,-0.23893138601809438,0.010822220558377166,-0.2095131998592952,0.000845605187864874,0.0006517647525939169,914.1382774251267,True,-0.0005812133922488092
-515.38,161.2,1543.0,-515.378701014934,161.1979979409149,-515.3927813604564,161.1924356309182,-65.49974239369796,5.095796509435096,0.006136092648500625,0.09793407632083782,1531.0,-515.378701014934,-161.1979979409149,-515.2519622239793,-161.35851539562907,57.955523583148114,3.5274082057637286,0.007590197883044523,-0.09854935738041543,-0.000727052617271949,-0.000307640529788801,161.27547551327365,True,0.002832548661134526
-514.32,880.84,3597.0,-514.3164825385509,880.8396879053377,-514.5347839241929,881.8185325952657,-135.49565930815183,14.686157763350176,0.012574138384876051,0.20934654592401244,2889.0,-514.3164825385509,-880.8396879053375,-514.6239242444706,-881.2629113517463,126.35651565882046,0.2786864787810302,0.011236346274182758,-0.20740522582864662,0.000668896055346647,0.0009706600476829114,881.5407219735059,True,-0.000476755952643416
-514.28,545.91,2336.0,-514.2793463148099,545.9091077771205,-514.6001516771422,545.758624693246,-120.73558412610377,11.928512126457662,0.012300925615883996,0.1858543561106059,2294.0,-514.2793463148099,-545.9091077771205,-514.9358977308996,-546.5484474399258,113.06418666823834,4.06639206897819,0.013165427991716534,-0.18625364791892288,-0.00043225118791626917,-0.0001996459041584825,546.153536066586,True,0.0004972803678039916
-513.91,79.38,1460.0,-513.9058203657812,79.37762779381474,-513.6204793769831,79.3973813803325,-37.06427163154512,2.7921635063775603,0.0034714886638207475,0.052699324345731616,1469.0,-513.9058203657812,-79.37762779381474,-513.6459461565295,-79.82934686974126,28.87543626932271,2.462696387577221,0.00489717087959178,-0.052247292129814805,-0.0007128411078855161,0.00022601610795840513,79.61336412503688,False,
-513.18,365.44,2028.0,-513.1828497917114,365.43585302985497,-512.5386027089138,365.9893674997681,-105.83001480747772,9.736371241281523,0.011013654253461947,0.16215665347830957,2001.0,-513.1828497917114,-365.43585302985497,-513.573653994314,-365.2141135400046,98.58404370430499,5.477721234409454,0.013190831453959056,-0.16319110126296413,-0.0010885886002485546,-0.0005172238923272787,365.60174051988633,True,0.0018708346106117266
-512.16,847.22,3662.0,-512.1644360358803,847.223459578433,-514.2835540063247,846.9824017128476,-134.12470694521102,14.722693254684993,0.01305892357516316,0.20716768427694554,2825.0,-512.1644360358803,-847.223459578433,-513.4653238573322,-847.933505824014,125.1531834174571,0.7396079438558664,0.01156174124431887,-0.2054758737371888,0.0007485911654221454,0.0008459052698783637,847.4579537684308,True,-0.0005550171534468973
-510.49,99.0,1459.0,-510.48832639836456,99.0033767656275,-510.28278259718627,99.01424976056616,-44.9481759961873,3.816071513508499,0.004860841615018196,0.06528782453261087,1470.0,-510.48832639836456,-99.0033767656275,-511.9042186166345,-99.1598200166169,36.94023669542647,2.9052227747008916,0.005838213279396938,-0.06506148976852555,-0.0004886858321893708,0.00011316738204265875,99.08703488859153,False,
-509.85,813.42,3700.0,-509.847486966984,813.4221167594665,-510.2888917284948,814.4447492099256,-133.0193668072532,14.65499191665903,0.01334966129664224,0.2054574033299519,2787.0,-509.847486966984,-813.4221167594665,-509.73895663412713,-813.143174651334,123.81857026573978,1.3870624435079748,0.012166120842743915,-0.20330613421678648,0.0005917702269491627,0.0010756345565827163,813.7939619306298,True,-0.0004568972208115571
-509.39,232.63,1600.0,-509.3939173985302,232.63240728105652,-509.17022724652094,232.55444477328743,-84.52980676865279,7.6921478202677624,0.009394345509740996,0.12829757189856944,1625.0,-509.3939173985302,-232.63240728105652,-509.00019196209274,-232.52154591082459,76.79110732473316,5.266562050171846,0.011229678898524918,-0.12845055470456884,-0.0009176666943919607,-7.649140299970103e-05,232.537995342056,True,0.002479538830895233
-507.87,258.77,1698.0,-507.8737187873697,258.7745848515417,-508.36548414971276,258.92160592793147,-89.70457350649998,8.50754303304943,0.010369169389273562,0.13654332462220314,1679.0,-507.8737187873697,-258.7745848515417,-508.2154048187156,-258.98439019735895,82.64756350284087,5.855114648590029,0.01249047918766785,-0.13776178293518357,-0.0010606548991971441,-0.0006092291564902125,258.9529980626452,True,0.0025735524703256515
-506.32,118.48,1458.0,-506.3216204164451,118.48382462963143,-506.28768433803447,118.56066075264236,-52.076300983570775,4.962680617162647,0.006446342316281611,0.0766815156597967,1471.0,-506.3216204164451,-118.48382462963143,-506.6663403395243,-119.00639145439345,43.88493049531548,3.9259052048473486,0.007705740242224758,-0.07605016508048433,-0.0006296989629715733,0.00031567528965618236,118.78352610351791,False,
-505.72,189.34,1544.0,-505.7160702464095,189.3442798040875,-505.504355364626,189.28946371044844,-73.84503509811653,7.007646594451664,0.008834793022667575,0.11133712546031434,1530.0,-505.7160702464095,-189.3442798040875,-505.5776515665472,-189.4161537120085,66.2459906212096,5.0010456103189895,0.010279185790928153,-0.1116255644567281,-0.0007221963841302888,-0.00014421949820687952,189.35280871122848,True,0.002396422709834657
-504.02,325.53,1860.0,-504.01555389046285,325.52775831945564,-503.18053089781523,325.4101812859346,-100.94620229546483,10.2101994142361,0.012264747405166058,0.15449843250569523,1836.0,-504.01555389046285,-325.52775831945564,-503.854514736652,-325.4162455456416,93.81247874109697,6.382646005903336,0.014143660549407137,-0.15547788972636029,-0.0009394565721205393,-0.0004897286103325293,325.41321341578805,True,0.0018139336349378516
-503.39,672.45,2547.0,-503.3932398695313,672.4546423764627,-502.11013622153456,672.555754101773,-127.41934233287729,13.849093964114976,0.013804745542663841,0.1966448525614384,2598.0,-503.3932398695313,-672.4546423764627,-503.40590516470917,-672.0627718823754,118.80103352102368,3.808449710594536,0.01429207050437984,-0.19524291575658254,-0.00024366248085799964,0.0007009684024279345,672.3092629920742,True,0.0002277190876151827
-501.41,137.79,1457.0,-501.4118176356333,137.79038114226415,-501.0477600564904,137.84003440866687,-58.78870051772924,6.0974533853862525,0.008016275303636527,0.087428804529009,1472.0,-501.4118176356333,-137.79038114226415,-502.29051689073003,-137.88463406734004,50.86363438108635,4.608862485378342,0.009023901838527243,-0.08710352668736952,-0.000503813267445358,0.00016263892081973957,137.86233423800346,True,0.0022961689551185545
-500.77,250.67,1599.0,-500.7661511214383,250.66563763511905,-501.0303794970384,250.80222696356643,-88.20177359414976,8.929650403340956,0.011140411948153045,0.13424137710460377,1626.0,-500.7661511214383,-250.66563763511905,-500.76110672790736,-250.79740240575188,81.31756846096478,6.453871711534645,0.013343164833077683,-0.13555373749667077,-0.0011013764424623188,-0.0006561801960335012,250.79981468465917,True,0.00275923341077981
-500.0,637.26,2509.0,-499.99535924473236,637.2633998071215,-499.1525030853125,637.208581839721,-125.63832804117477,13.870125338526483,0.014271113874397051,0.1938465023318022,2460.0,-499.99535924473236,-637.2633998071215,-499.724463465611,-637.1603176665188,117.46264491125127,4.485249075276166,0.014941780738175028,-0.19306771760973612,-0.0003353334318889883,0.0003893923610330391,637.1844497531199,True,0.0003306675316805597
-499.9,9.94,1323.0,-499.90116488503276,9.94109383253486,-498.7987002735672,9.425311593284398,-10.052007154637993,3.4382914780490488,0.005356779309839516,0.00988949211625614,1325.0,-499.90116488503276,-9.94109383253486,-502.05069505849195,-9.029411503866536,-0.7558118484237858,2.6944533661653174,0.0043989386792863076,-0.004945689324967878,0.00047892031527660417,0.002471901395644131,9.227361548575466,False,
-499.11,29.81,1322.0,-499.1107183909665,29.807562584909764,-499.08064395903915,29.811532423984715,-16.597401404356177,2.6655042169085976,0.003877180690695816,0.0203033576528682,1326.0,-499.1107183909665,-29.807562584909764,-497.06530976598646,-30.08309652826163,7.122013630511677,4.02493763842793,0.0067743140749791765,-0.01742258210441804,-0.0014485666921416802,0.0014403877742250812,29.947314476123175,False,
-497.53,49.63,1321.0,-497.53107526121374,49.62689945403067,-497.26449400784196,49.61515878600148,-24.694608867004007,3.1191171274703984,0.004356593585556458,0.0332127059212599,1327.0,-497.53107526121374,-49.62689945403067,-497.1998446112502,-49.897440416819016,17.365683098722446,4.200975975855398,0.007297153522790051,-0.033727536061670886,-0.0014702799686167963,-0.0002574150702054946,49.75629960141025,False,
-496.27,601.76,2375.0,-496.26910501471656,601.7615602611156,-494.7523572969441,601.8588371651716,-124.11111681678248,13.78608033822608,0.014570279466020564,0.19146975864282584,2422.0,-496.26910501471656,-601.7615602611156,-496.96960095426994,-602.5206850479926,116.10862211238833,4.979489861399462,0.015304158739128722,-0.190878984668315,-0.0003669396365540787,0.0002953869872554249,602.1897611065822,True,0.00038286099862968996
-496.0,1158.27,4115.0,-495.99927488404626,1158.2679825128987,-496.6594106596056,1158.2062036055604,-143.71195644546668,18.493103186188314,0.015248167897413392,0.22264210816859595,3339.0,-495.99927488404626,-1158.2679825128987,-496.74314070698534,-1157.6654524354826,134.53594528716854,-2.1979684846399423,0.010679721898673748,-0.22020420692799125,0.002284222999369822,0.0012189506203023476,1157.9358280205215,True,-0.0012394638839785337
-495.77,156.89,1456.0,-495.7661238685639,156.89471126950002,-495.37832913343163,156.9919595537461,-64.65001477066316,7.212217732510898,0.009555924758233794,0.09682680925941141,1473.0,-495.7661238685639,-156.89471126950002,-495.6319850586863,-156.85601500962395,57.30645621245106,5.509912212294918,0.010690309006355063,-0.09727604924788304,-0.0005671921240606344,-0.00022461999423581402,156.92398728168502,True,0.002271018779205909
-495.21,389.44,2029.0,-495.21344968795603,389.4401613189813,-495.67777960836116,389.45796906644983,-108.15081448750418,11.7785954309656,0.01397653567365695,0.16605681493142643,2000.0,-495.21344968795603,-389.4401613189813,-495.4732624482702,-389.2970937574696,101.36972398967465,7.0058985841143135,0.015917944850599292,-0.16740297413164892,-0.0009707045884711713,-0.0006730796001112455,389.3775314119597,True,0.0015663761557523032
-495.16,69.37,1320.0,-495.1647332362509,69.36776599453403,-495.01684846099914,69.36639746437372,-33.095481515378026,4.124034455414677,0.0057140763027056524,0.0466106368580378,1328.0,-495.1647332362509,-69.36776599453403,-495.32250923374386,-69.45182207105879,25.71641636115714,4.070412272643613,0.007328836916871779,-0.04699514915781686,-0.0008073803070830633,-0.00019225614988952963,69.40910976771625,False,
-494.81,1126.08,4079.0,-494.8071585482229,1126.0843111638817,-494.4173200202943,1126.572248147853,-142.9049229507354,18.420072992424718,0.015519356928379512,0.22138513329255763,3255.0,-494.80715854822284,-1126.0843111638817,-493.6352301531447,-1125.2840024136087,133.13711221480952,-2.127769724290246,0.010394871955820537,-0.2179398324514895,0.0025622424862794873,0.0017226504205340581,1125.928125280731,True,-0.0014298465400896302
-494.52,216.92,1545.0,-494.517596393731,216.91552931260344,-494.3873101783324,217.22195584757893,-80.83806703561753,8.745052172257408,0.011257871407879061,0.12260303161164346,1529.0,-494.517596393731,-216.91552931260344,-494.2756069589321,-216.85285579279386,73.8571355798614,6.761162701394968,0.01341651569163178,-0.12360066205061662,-0.0010793221418763594,-0.0004988152194865814,217.0374058201864,True,0.0031246139336781526
-493.63,285.0,1699.0,-493.63448015713,285.0,-492.59257266578084,284.8836253659314,-94.63498067553554,10.627009912619561,0.013424449547573457,0.14458348176531957,1678.0,-493.63448015713,-285.0,-493.75466085378775,-284.9935964902821,87.6931861666357,7.453924398151659,0.015353597978593963,-0.14561504047534618,-0.000964574215510253,-0.0005157793550133044,284.93861092810675,True,0.0021269839558905744
-493.54,1093.81,3999.0,-493.54452375673367,1093.807022774008,-494.6080669150058,1094.967356709126,-142.2778858211077,18.605939413279568,0.0162022367727565,0.22038483663368885,3219.0,-493.54452375673367,-1093.807022774008,-492.5730937382289,-1092.9996633315177,132.30412806066624,-1.7993580594424525,0.010522169929222195,-0.21660108903913958,0.002840033421767152,0.0018918737972746374,1093.9835100203218,True,-0.0016311449033829457
-492.21,1061.43,3963.0,-492.20528153452597,1061.4301488225772,-490.73881394141017,1061.3284999660998,-141.3829570808531,18.317969439524717,0.01615589249084587,0.21900789994262196,3141.0,-492.20528153452597,-1061.4301488225772,-492.3987833578654,-1061.8910199932934,131.80572011129019,-0.9763352070010266,0.01145106477064424,-0.21580571337644516,0.0023524138601008146,0.0016010932830883978,1061.6097599796967,True,-0.0013922867666998214
-492.17,565.92,2337.0,-492.16931195278175,565.9234651186725,-492.39387792358156,565.7058372711971,-121.68511175281309,14.004875717298868,0.015361267935975483,0.18763753589676105,2293.0,-492.16931195278175,-565.9234651186725,-493.2952997194075,-566.4495954381126,114.31397078442319,6.169953342240171,0.016757078558713775,-0.18797770930105118,-0.0006979053113691461,-0.00017008670214506416,566.0777163546549,True,0.0007746407024172477
-492.02,89.0,1319.0,-492.01543398921035,88.9989478387751,-491.81618164751166,89.0195279749305,-41.254205687746946,5.281034756529508,0.007314808117326554,0.0596348481512299,1329.0,-492.01543398921035,-88.9989478387751,-492.6452631959769,-88.79471799356487,33.57506343532983,4.241831033175063,0.007838550269252427,-0.05946978627691599,-0.0002618710759629368,8.2530937156957e-05,88.90712298424768,False,
-491.5,268.38,1598.0,-491.5002341576631,268.3794325632317,-491.71667948269027,268.5154190024877,-91.71746454474244,10.245694068032781,0.013018027511399724,0.13995083766771008,1627.0,-491.5002341576631,-268.3794325632317,-491.949444223158,-268.3975273570402,84.82412625332363,7.605776246939147,0.015392026093676932,-0.14102668136394053,-0.0011869992911386039,-0.0005379218481152276,268.456473179764,True,0.0027781548410347095
-490.0,928.65,3560.0,-490.0006893869573,928.6545775477051,-490.64735071036966,927.9867120662697,-136.6942253494839,17.09468807366808,0.015842012988132353,0.21154667177153896,2926.0,-490.0006893869573,-928.6545775477051,-490.42716775991767,-929.0420992087978,128.07680036843416,1.234290824945994,0.013342388244985248,-0.20984680695902028,0.0012498123715735526,0.0008499324062593433,928.5144056375337,True,-0.0008457383840383555
-489.39,175.77,1455.0,-489.392824949372,175.76877677242138,-489.00807239694444,175.9127445748195,-70.38273635871825,8.372155459585457,0.011170300646811111,0.10602873540192984,1474.0,-489.392824949372,-175.76877677242138,-489.14819378644285,-175.79630255345546,63.19507423226846,6.446322005136216,0.01241261266697532,-0.10656866909041061,-0.0006211560100821047,-0.00026996684424038936,175.85452356413748,True,0.002219356225198686
-488.24,895.56,3596.0,-488.23647957311476,895.5585631403742,-486.5307309151628,895.5160375888531,-136.01877980608074,17.16997243401185,0.016359499238420012,0.2105220829322707,2890.0,-488.23647957311476,-895.5585631403742,-488.13901656895126,-894.834315762755,126.59610317191114,1.6582763347120266,0.013598240345933219,-0.20746218125297045,0.0013806294462433968,0.0015299508396501293,895.1751766758041,True,-0.0009690562112668635
-488.09,108.49,1318.0,-488.08815720952543,108.48940405315902,-487.9044716959955,108.5444877207392,-48.933663864789224,6.288227308197352,0.00867868319744657,0.07190499204832257,1330.0,-488.08815720952543,-108.48940405315902,-487.9566629351231,-108.58934980311147,41.14144139080819,5.596308827473147,0.010236692950721297,-0.07145462964587801,-0.0007790048766373632,0.0002251812012222798,108.56691876192534,False,
-487.16,350.25,1861.0,-487.1628034295138,350.246203340874,-486.62821977107683,350.76095714102877,-104.11142605508718,12.041934667412109,0.014869574340798374,0.15973875828437356,1835.0,-487.1628034295138,-350.246203340874,-487.64289971722786,-350.5746407382128,97.52857552129124,8.27891753442718,0.01746978460489641,-0.16119369823278157,-0.0013001051320490177,-0.0007274699742040036,350.66779893962075,True,0.0023294985990104265
-486.34,862.31,3663.0,-486.3420649730386,862.3058597955604,-488.10556584062186,861.9167678763048,-134.44792432195322,16.959510411175703,0.016436027870397437,0.20800270181984334,2824.0,-486.3420649730388,-862.3058597955602,-486.22654400595866,-861.8830634182572,125.81228256179135,2.6571638197463745,0.014784466060765751,-0.2061912700073964,0.0008257809048158428,0.0009057159062234726,861.899915647281,True,-0.0006019880445390013
-484.3,828.88,3699.0,-484.303548910694,828.8848367007971,-483.0347624805365,828.8296487501052,-133.446518764888,16.987416022204446,0.01688565808006519,0.20647101736656184,2788.0,-484.303548910694,-828.8848367007971,-484.5819191288638,-828.611331536833,124.88120604026172,3.494575954905207,0.015709770870202047,-0.2046892740231613,0.0005879436049315706,0.0008908716717002663,828.7204901434691,True,-0.00044576653574918926
-483.39,127.81,1317.0,-483.38911272901856,127.80831622023739,-483.0466319974378,127.86456357264753,-55.706294183907026,7.6877398798318355,0.010669464189572889,0.08274346180953848,1331.0,-483.38911272901856,-127.80831622023739,-483.2435735174572,-127.91954205865356,48.28104683314124,6.307909692407793,0.011605977242492786,-0.08275994354637266,-0.0004682565264599488,-8.240868417087877e-06,127.89205281565054,False,
-482.3,194.38,1454.0,-482.3012745730892,194.38487735719968,-481.70097105966516,194.53256049914626,-75.32189738738212,9.637045782000856,0.012955399739139452,0.11397914419815963,1475.0,-482.3012745730892,-194.38487735719968,-482.0252258034452,-194.3216276047368,68.61323322280681,7.649332674894116,0.014554142767145978,-0.11510470215278214,-0.0007993715140032628,-0.0005627789773112526,194.42709405194154,True,0.0025832816029341082
-481.82,243.83,1546.0,-481.8172888539328,243.8280134878802,-482.1935426893369,243.92852889906013,-86.83100782456386,10.739183685538242,0.014104555607381953,0.13229042985345404,1528.0,-481.8172888539328,-243.8280134878802,-482.28176265297105,-244.14736650104203,80.45455158085588,8.657293916577293,0.01676857738027186,-0.1339538874467018,-0.0013320108864449528,-0.0008317287966238818,244.03794770005106,True,0.0034294958261986866
-481.61,285.75,1597.0,-481.60797451631225,285.7512185141038,-481.21785896316754,286.17141950437053,-94.89256789338545,11.555349472555164,0.01488617626601172,0.145132750365431,1628.0,-481.60797451631225,-285.7512185141038,-481.79647464499413,-286.10658305589146,88.10686577071654,9.048950614677866,0.017905791762081777,-0.14612698043171932,-0.0015098077480350282,-0.0004971150331441604,286.13900128013097,True,0.0033153124239195804
-479.07,689.99,2546.0,-479.07101502536983,689.9934511012128,-479.74599557953366,689.6016809904391,-127.26725606383326,15.797843077456351,0.016697515080840917,0.19667669277021482,2599.0,-479.07101502536983,-689.9934511012128,-478.9345081867769,-689.7387271035326,119.64233545882763,5.49158288067795,0.017187337087448042,-0.19628218884202314,-0.0002449110033035627,0.00019725196409584034,689.6702040469859,True,0.00022312421335498488
-478.04,310.44,1700.0,-478.0422237288917,310.4442499585654,-477.55791859496486,310.84449905610404,-98.74061488147218,12.412857546320458,0.01594877221690912,0.1513019305498684,1677.0,-478.0422237288917,-310.4442499585654,-477.8162565896828,-310.2619317523959,92.18499628792974,9.081816561195291,0.018253929440731932,-0.15256878111305944,-0.0011525786119114066,-0.0006334252815955177,310.55321540424995,True,0.0023319240118974106
-477.93,146.93,1316.0,-477.92573070288034,146.92513716896053,-477.59035054327137,147.0079930168694,-62.138974328490086,8.686468749469384,0.012024541492627076,0.0930482131638786,1332.0,-477.92573070288034,-146.92513716896053,-477.94820907083187,-147.06559909894997,54.9862982521565,7.434272463032173,0.013633120510245934,-0.09336683044175544,-0.0008042895088094292,-0.0001593086389384199,147.03679605790967,True,0.003436894818137766
-476.12,412.56,2030.0,-476.12223184318276,412.56226238552955,-475.2852876731493,412.4876895259863,-110.64138261120985,14.001181707832592,0.01723184723608004,0.1702704235068761,1999.0,-476.12223184318276,-412.56226238552955,-475.4528421194647,-412.336110890578,103.7846410437146,8.727753096823475,0.01894051963822866,-0.17100124445009135,-0.0008543362010743107,-0.0003654104716076245,412.4119002082822,True,0.0013015998479361853
-476.11,655.3,2510.0,-476.10605435690326,655.3037654437074,-474.9468243071179,655.3544240494876,-126.30053248148393,16.097187757529635,0.017593362162719475,0.195196879723247,2459.0,-476.10605435690326,-655.3037654437074,-476.161635548653,-655.238465132533,118.48648135950987,6.53866667831124,0.01843129893729725,-0.194408630612055,-0.0004189683872888872,0.00039412455559600934,655.2964445910103,True,0.00040171986845270545
-474.5,212.72,1453.0,-474.50188056780604,212.7156913290966,-474.41856579840334,212.9079790716926,-80.20819019388658,10.792902946043332,0.01456996029804505,0.1218451081533249,1476.0,-474.50188056780604,-212.7156913290966,-474.3792112495376,-212.68843236304247,73.38264427533683,8.755053274486079,0.01653888951778241,-0.12260181506644248,-0.000984464609868679,-0.0003783534565587887,212.79820571736752,True,0.002906779007516947
-472.86,620.33,2374.0,-472.8558205539776,620.3284395932727,-473.387916350896,620.1273490040425,-124.15167253140731,15.816666785761734,0.017578324202144918,0.19179595479602615,2423.0,-472.8558205539776,-620.3284395932727,-472.0988087864925,-620.0633164523997,116.87276302241737,6.629130034662559,0.018144486749000995,-0.19179056078185652,-0.00028308127342803815,2.6970070848147953e-06,620.0953327282211,True,0.0002868352661380688
-471.71,165.81,1315.0,-471.70664986106726,165.809639276034,-471.40036529066737,165.9819263097013,-67.76241761158953,10.001828672342128,0.013885628583036807,0.10207400970236055,1333.0,-471.70664986106726,-165.809639276034,-471.7502504527026,-165.92125967630554,60.92925404948997,8.469102417849722,0.015511028299487868,-0.10274943212792668,-0.0008126998582255306,-0.00033771121278306643,165.95159299300343,True,0.0030770080095373787
-471.1,302.76,1596.0,-471.10197838546145,302.7588577751346,-470.26490120292505,302.6105239091711,-97.36887943478634,13.228831877630967,0.01734827696979516,0.14920806316647164,1629.0,-471.10197838546145,-302.7588577751346,-471.5430995394102,-303.01643425437925,91.22367018452276,9.958804749513758,0.019560964081478296,-0.1509619559160448,-0.0011063435558415682,-0.0008769463747865802,302.8134790817752,True,0.002295591859330454
-469.28,585.04,2338.0,-469.28105674542,585.0429811389091,-469.66389281084685,584.9426945709027,-122.19790043781872,15.92275616019302,0.018178076193962982,0.18873203794759555,2292.0,-469.28105674542,-585.0429811389091,-469.4308109600727,-584.8477592162352,115.36114627252198,7.870721615001006,0.01968925714801673,-0.1893520731067931,-0.0007555904770268733,-0.0003100175795987814,584.895226893569,True,0.0008116863953078474
-469.1,374.09,1862.0,-469.09888948081795,374.09388111524004,-469.3750188840493,374.14952878176837,-106.53903602225769,14.056695524011834,0.01778972663318371,0.16381371902931696,1834.0,-469.09888948081795,-374.09388111524004,-469.3264316520581,-374.0955233257139,100.1930879342248,9.855362887739915,0.020266834920785376,-0.16521008015977723,-0.0012385541438008334,-0.0006981805652301332,374.1225260537411,True,0.002080084639800045
-468.29,1169.74,4114.0,-468.2946941320126,1169.7435956002516,-466.85841399857264,1169.7960954926643,-144.1886975236417,20.76498482808223,0.018722038740166598,0.22376583715789516,3340.0,-468.2946941320126,-1169.7435956002516,-470.59190660033545,-1170.3416443172916,135.36530360850907,-0.40562834503505485,0.013687564805958213,-0.22120389823770342,0.0025172369671041927,0.001280969460095871,1170.0688699049779,True,-0.0013517380671517923
-467.65,270.0,1547.0,-467.6537180435968,270.0,-467.30030675601665,269.93132608450867,-92.09877921611229,12.929822478977727,0.01727260998073129,0.14085674547031968,1527.0,-467.6537180435968,-270.0,-467.7289558773082,-269.95333972335237,85.76934106567704,10.353620734943215,0.01978441041665606,-0.14223440979694568,-0.001255900217962385,-0.0006888321633130023,269.9423329039305,True,0.0029232368676287753
-467.24,1137.8,4080.0,-467.23912699249195,1137.799454300842,-468.1195259622661,1137.1992695532813,-142.74565558418522,20.396458877267573,0.018534723915826435,0.22145371977635447,3254.0,-467.23912699249223,-1137.799454300842,-468.40606720215374,-1138.3048860972028,134.28038047886574,0.054012715338453775,0.014026752965228961,-0.21945041953231906,0.002253985475298737,0.0010016501220177082,1137.752077825242,True,-0.0012447534658045713
-466.12,1105.77,3998.0,-466.12175552963373,1105.7714542444892,-464.4719622581562,1105.745261744973,-142.28487840873274,20.47261279022833,0.019041143012971475,0.22076504173871184,3220.0,-466.12175552963373,-1105.7714542444892,-464.95953109673525,-1104.8488115317866,133.1470604120793,0.7111750208582018,0.014662923621030126,-0.21760447499079433,0.002189109695970674,0.0015802833739587546,1105.2970366383797,True,-0.0012444240255415975
-466.01,230.73,1452.0,-466.00608961974893,230.73431569081905,-465.7519146691855,230.9971283594757,-84.3922334263806,12.104702935816137,0.016436217504661923,0.12861036002020232,1477.0,-466.00608961974893,-230.73431569081905,-465.80080565500566,-230.67728504505726,77.96254150953837,9.940949717086953,0.018646611316908278,-0.12978588840261124,-0.0011051969061231775,-0.0005877641912044596,230.83720670226649,True,0.0030082485667269616
-464.94,1073.65,3964.0,-464.93727355741197,1073.6541955662449,-465.0242927385293,1074.5836449342632,-141.0454880862378,19.85793969241925,0.018444495869647054,0.21878572639984964,3140.0,-464.93727355741197,-1073.6541955662449,-464.8348533622414,-1074.0032071515582,132.5177933043798,1.042553887993478,0.014812564188406013,-0.21660143835880724,0.0018159658406205204,0.001092144020521199,1074.2934260429106,True,-0.0010620980834030653
-464.74,184.43,1314.0,-464.7417038486936,184.43196226200385,-464.41391215758745,184.60022686806414,-73.11603557145112,11.118012438632952,0.015434072399237013,0.11068012022172055,1334.0,-464.7417038486936,-184.43196226200385,-464.75995825939054,-184.5370433818681,66.51386738287526,9.628844106870462,0.017584801522674776,-0.11155201038172716,-0.0010753645617188811,-0.0004359450800033027,184.56863512496614,True,0.003660814205771696
-463.28,942.27,3561.0,-463.2821563053824,942.2683501259262,-462.97323650011657,942.9550113745878,-136.97152213643946,19.072988989128117,0.01880726032876641,0.21232692744097348,2925.0,-463.2821563053824,-942.2683501259262,-463.8817699542933,-942.681208159213,128.82000526187002,3.1484266670747734,0.016555867852526152,-0.21070455351745102,0.0011256962381201285,0.0008111869617612316,942.8181097669004,True,-0.0007501932759281027
-461.74,909.51,3595.0,-461.73562284278177,909.5054780472674,-462.5140479483485,908.958495235821,-135.69790422327583,18.883193556699755,0.018921545927151354,0.21030552524580584,2891.0,-461.73562284278205,-909.505478047267,-462.9708175893383,-910.0377704994595,127.82545782002295,4.048768785378766,0.017589023543112623,-0.2091105256934571,0.0006662611920193653,0.0005974997761743761,909.4981328676403,True,-0.0004602804976895163
-461.14,335.04,1701.0,-461.13968679372005,335.0375938067097,-461.758980062252,335.2335467592273,-101.83065516096765,14.46732216754972,0.018919862210101914,0.15641337156981552,1676.0,-461.13968679372005,-335.0375938067097,-461.4543325880192,-335.3185795053061,95.8833423020036,11.107236181111132,0.021784352969447196,-0.15825449756773563,-0.001432245379672641,-0.0009205629989600533,335.2760631322667,True,0.0026840756365851407
-460.08,876.6,3664.0,-460.0759403233308,876.6014653966778,-461.41800991189194,876.0876504399657,-134.27691482649666,18.686713718747637,0.019011406897330715,0.2080573735281181,2823.0,-460.0759403233307,-876.601465396678,-460.0885653679927,-876.5150776799802,126.52568708690502,4.790101853817945,0.01835834025678801,-0.20700657745807616,0.0003265333202713532,0.0005253980350209686,876.3013640599729,True,-0.00023412828558522241
-460.0,319.38,1595.0,-459.99563406747524,319.3806766835799,-459.4052736055191,319.2856631754649,-99.8754836404777,14.54980628516771,0.01924645305815563,0.15333044522815253,1630.0,-459.99563406747524,-319.3806766835799,-459.7143137990682,-319.1711487287319,93.62078335394837,10.973250484669512,0.021373350963868474,-0.15463221319863454,-0.001063448952856422,-0.0006508839852410048,319.2284059520984,True,0.002093124142757405
-458.29,843.55,3698.0,-458.291078449082,843.545664095298,-456.7868514506857,843.4778321896306,-133.9429623511315,19.069611622171973,0.02002017939706331,0.20758258932803203,2789.0,-458.291078449082,-843.545664095298,-459.3500385570912,-844.2993014366147,125.8805690975452,5.206010074877509,0.0186257330116617,-0.20597079557141743,0.0006972231927008035,0.0008058968783073023,843.8885668131227,True,-0.0005191186007823525
-457.04,202.76,1313.0,-457.0419056770174,202.7626604064969,-456.2680906620231,202.89244226720544,-77.94578565135158,12.403212624568395,0.017255507758037168,0.11846666786773445,1335.0,-457.0419056770174,-202.7626604064969,-457.361904196912,-202.8625744520771,71.78053534493337,10.714188968852781,0.019536613801975623,-0.11984356901217902,-0.0011405530219692275,-0.0006884505722222836,202.87750835964127,True,0.003532331428771594
-456.83,248.41,1451.0,-456.8263704736901,248.41430562637666,-456.14192434051205,248.37628374035896,-88.28239345903182,13.5373428155391,0.0185034926454776,0.13491943529719713,1478.0,-456.8263704736901,-248.41430562637666,-456.7603652599537,-248.30727621898305,81.98147410667009,11.130108619912042,0.020755130515593405,-0.13607150026221848,-0.0011258189350579033,-0.0005760324825106744,248.341779979671,True,0.0028483845899306332
-455.95,434.75,2031.0,-455.9524440061943,434.7497772337305,-455.8424206665616,435.3466512299376,-112.44693201065604,15.756266249385506,0.01974519795555751,0.17338216089082337,1998.0,-455.9524440061943,-434.7497772337305,-456.4472444603031,-435.21383702879757,106.11718516209847,10.801627879239506,0.022521376759343206,-0.17448084267537115,-0.0013880894018928475,-0.000549340892273889,435.2802441293676,True,0.0020036799401428216
-454.14,706.65,2545.0,-454.13828666270183,706.6529675781923,-454.696637643784,706.5022327672191,-127.92669966960564,18.270158088864495,0.02042534603118611,0.19803300867277812,2600.0,-454.13828666270183,-706.6529675781923,-454.83327518919526,-707.442748006209,120.66478215982909,7.484300161317553,0.020575665805133668,-0.19761429616046985,-7.515988697377914e-05,0.00020935625615413345,706.9724903867141,True,6.679800189461548e-05
-452.07,295.35,1548.0,-452.06989826176533,295.35200538611053,-451.8310092443844,295.76263294437064,-96.27111323091371,14.788994628425163,0.019915219042831552,0.14768667336413785,1526.0,-452.06989826176533,-295.35200538611053,-451.51212353540586,-295.2934914231777,90.49129744725929,12.073974323686215,0.022832778342212152,-0.14955102968313344,-0.0014587796496903001,-0.0009321781594977957,295.5280621837742,True,0.00310149323675629
-451.57,672.45,2511.0,-451.5664458677372,672.449064960596,-451.84050662803566,673.089373658907,-126.63316853149011,17.871083721310736,0.020199405827650996,0.1960092688851001,2458.0,-451.5664458677372,-672.449064960596,-452.32083208437547,-672.3291487519859,119.26373557786034,7.88810862540175,0.020788311638880255,-0.19535369144770207,-0.00029445290561462903,0.0003277887186990125,672.7092612054464,True,0.00027502255088608787
-449.87,397.01,1863.0,-449.8687217806403,397.01150255811575,-448.8576553327901,397.0290928273659,-108.93717353206584,16.355133944608337,0.02116759959332139,0.16788174901311262,1833.0,-449.8687217806403,-397.01150255811575,-449.58280511041676,-396.8348720466493,102.79313608028389,11.633117238191296,0.02337470703244768,-0.16910638564837036,-0.0011035537195631454,-0.0006123183176288682,396.9319824370076,True,0.0017468565959012695
-448.75,637.98,2373.0,-448.74855497052414,637.9849013980397,-448.85754444702326,638.8773325877877,-124.96644284400232,17.924795256390354,0.02070388432959759,0.19339312482258672,2424.0,-448.74855497052414,-637.9849013980397,-448.588693972528,-637.7306450917717,118.08237981547983,8.816108724382334,0.02184154273260442,-0.19342779796216622,-0.0005688292015034145,-1.7336569789749845e-05,638.3039888397798,True,0.0005599305885080521
-448.62,220.77,1312.0,-448.6194303096061,220.77274910795595,-448.2472220974764,221.01912587796366,-82.30136209276561,13.674059265459954,0.019056126003712662,0.1254970144341022,1336.0,-448.6194303096061,-220.77274910795595,-448.85775300665796,-220.81312152653325,76.26778327729478,11.830806960440048,0.021533606394079263,-0.12688109579640383,-0.0012387401951833004,-0.0006920406811508212,220.91612370224846,True,0.0035231625756202193
-448.3,335.6,1594.0,-448.30309491764183,335.59549324635424,-448.6087787092031,335.6433252093138,-101.58320523543203,15.834167090045119,0.02109024492309263,0.1561805929408663,1631.0,-448.30309491764183,-335.59549324635424,-448.36230708893817,-335.5896607819133,96.07092881538863,12.231303918540775,0.023576682262308125,-0.15839271309524897,-0.0012432186696077468,-0.0011060600771913287,335.61649299561356,True,0.002327470026508155
-446.98,265.73,1450.0,-446.97619563334473,265.72971331249727,-446.3711528216563,265.654066302046,-91.56347854176074,14.879158187771813,0.020427457603250217,0.14026110676713038,1479.0,-446.97619563334473,-265.72971331249727,-447.15510969136704,-265.66839455679406,85.55588000307286,12.28929164888716,0.02281264875098169,-0.1416427086281449,-0.0011925955738657373,-0.0006908009305072599,265.66123042942,True,0.002820621953383372
-445.65,603.24,2339.0,-445.6507717287829,603.2374239530736,-444.6744992485067,603.4107816417272,-123.27529255465414,18.265309269538914,0.021680187100705666,0.19075280518304027,2291.0,-445.6507717287829,-603.2374239530736,-446.5907291326896,-603.8700398083287,116.46512941618357,9.290126504209708,0.02218127554603484,-0.19082939498832227,-0.00025054422266458654,-3.8294902640997885e-05,603.640410725028,True,0.0002607870100601917
-442.97,358.71,1702.0,-442.97319803047344,358.7126228984073,-443.70503678876844,358.8040213364559,-104.32863066028595,16.54600324866746,0.02193951893911479,0.16061012920768858,1675.0,-442.97319803047344,-358.7126228984073,-442.67900456340107,-358.60364031248747,98.73872971668554,12.717858996897297,0.024632910303340055,-0.16256904684966567,-0.0013466956821126322,-0.0009794588209885435,358.70383082447165,True,0.0023589205901826168
-440.32,1180.56,4113.0,-440.32486629486385,1180.5566534996997,-441.68302357898517,1179.990902440118,-143.6045336271863,22.27906029027932,0.02100690915628498,0.22314443376441173,3341.0,-440.32486629486357,-1180.5566534997,-440.05447426867994,-1180.0767562741269,135.5134066371518,1.530081597410589,0.01688756851531248,-0.22106562042334374,0.00205967032048625,0.001039406670533996,1180.0338293571224,True,-0.0010966880756599527
-439.49,238.43,1311.0,-439.4875954112169,238.43375071425308,-438.90272891755984,238.42163720123935,-86.02799082575986,15.092622102395998,0.021100710795498936,0.13154257002781233,1337.0,-439.4875954112169,-238.43375071425308,-439.793595220676,-238.68273484856965,80.438419328855,13.307830088490617,0.024103210382551112,-0.1334078607363319,-0.0015012497935260882,-0.000932645354259784,238.5521860249045,True,0.0039541162050406664
-439.39,1148.84,4081.0,-439.3939944553934,1148.839813741034,-440.2627873185802,1148.2841525791719,-142.58794047077998,22.342615898588093,0.021496372753892615,0.22154386909980864,3253.0,-439.3939944553936,-1148.839813741034,-440.27754133268627,-1148.901327821531,134.87763973831133,2.143751957596679,0.01748245060134019,-0.22005649787357837,0.0020069610762762126,0.0007436856131151359,1148.5927402003513,True,-0.0010978746343408387
-438.41,1117.05,3997.0,-438.40922923967406,1117.048498373045,-439.49536403016646,1116.1153196778716,-141.50423680090174,22.093862970478742,0.02149444099655218,0.21982849975292285,3221.0,-438.4092292396744,-1117.048498373045,-439.6179774252162,-1117.4715232125927,133.9829204553544,2.4829700027502377,0.01763741292367775,-0.21862443024667463,0.0019285140364372153,0.000602034753124106,1116.793421445232,True,-0.0010850002181022108
-437.37,1085.18,3965.0,-437.3659740536994,1085.1778677894506,-437.4851547396427,1085.953185963206,-141.31644446398843,22.018203242869873,0.021743419633465412,0.21955423794462345,3139.0,-437.3659740536993,-1085.1778677894508,-439.01325431908816,-1085.4720919237247,133.12699527750803,3.16174541889271,0.018325821384081398,-0.2172547769894889,0.0017087991246920071,0.001149730477567279,1085.7126389434652,True,-0.000988908221942992
-436.47,282.66,1449.0,-436.4700215886139,282.65512600063505,-436.6945892086581,282.78657025512547,-94.03339327461464,16.174530449456167,0.02227928527803783,0.14431060676667448,1480.0,-436.4700215886139,-282.65512600063505,-436.7886397502712,-282.69797851050043,88.70803139401782,13.46996471411066,0.02490030914872361,-0.14653255550443792,-0.0013105119353428885,-0.0011109743688817175,282.742274382813,True,0.0029122597089536787
-436.19,955.11,3562.0,-436.1857636519808,955.1135951222442,-435.82738431637,955.7656104643596,-137.1589991581014,21.25923405031264,0.022129886352231322,0.2129577609033623,2924.0,-436.185763651981,-955.1135951222441,-437.7506736389511,-955.4970622444031,129.4833032879443,5.424663650282555,0.020335566945086182,-0.21144019828571778,0.0008971597035725698,0.0007587813088222595,955.6313363543813,True,-0.0005898739873040705
-436.04,351.38,1593.0,-436.0392613078629,351.38264413327715,-436.02096102813783,351.82613279100246,-103.7860522324027,17.13944600145628,0.022969470426311294,0.15984069548694063,1632.0,-436.0392613078629,-351.38264413327715,-435.9561263635679,-351.3319834299346,97.95584383854066,13.19608111831444,0.02530496866396709,-0.1612407103689018,-0.001167749118827898,-0.0007000074409805879,351.5790581104685,True,0.002086922965584021
-435.11,319.81,1549.0,-435.11315705692806,319.80703643908925,-435.68607251824284,319.94862309277175,-99.49327351653409,16.8862986996695,0.02295697697868064,0.1530126273351344,1525.0,-435.11315705692806,-319.80703643908925,-435.0326329249421,-319.71994121053723,94.10375792056402,13.620128410328533,0.025592709066799463,-0.15509861521920584,-0.0013178660440594115,-0.0010429939420357193,319.8342821516545,True,0.002588964669190371
-434.84,922.67,3594.0,-434.83675575601256,922.6684105590621,-434.666450646896,923.5874443446199,-135.87733188734074,20.933252690896428,0.022005156032666718,0.2109321420111107,2892.0,-434.83675575601245,-922.6684105590622,-435.49572769467414,-922.9213774845275,128.29990802208465,5.820289468123771,0.020566271462822333,-0.2095291499619817,0.0007194422849221924,0.000701496024564513,923.2544109145738,True,-0.0004896146869754937
-434.75,455.95,2032.0,-434.7497772337305,455.9524440061943,-435.5889768748495,456.0822891644654,-113.63513687822685,17.93785604614158,0.022963357159837824,0.17552129104828063,1997.0,-434.7497772337305,-455.9524440061943,-434.79979865773015,-455.8325695970082,107.76310473839112,12.350102100392625,0.025238367083207782,-0.17683528935888923,-0.0011375049616849792,-0.0006569991553043025,455.9574293807368,True,0.0015675047716208767
-433.39,890.1,3665.0,-433.39002811368715,890.0972326277716,-434.006105463113,889.981426478436,-134.49942677106006,21.09582567500439,0.0226754709621134,0.20874722513698513,2822.0,-433.3900281136869,-890.0972326277719,-432.72100499845527,-889.5872425304536,126.81969098724342,6.083549244736464,0.02057702016401594,-0.20713932942895869,0.001049225399048729,0.0008039478540132206,889.7843345044448,True,-0.0007409073587358915
-431.84,857.39,3697.0,-431.83524096733044,857.3904155393199,-432.82995403138784,856.9815666353508,-133.59766614420712,20.875995334742843,0.022729748497413882,0.20732643281916865,2790.0,-431.83524096733044,-857.3904155393199,-432.0789297481794,-857.0495937832305,125.84180696324694,6.929772526497149,0.02152533864504172,-0.20557511518889116,0.0006022049261860812,0.0008756588151387495,857.0155802092906,True,-0.00044150482575818807
-429.66,255.72,1310.0,-429.6608402898307,255.71773955171093,-428.9612629166768,255.65223334654164,-89.45649759379403,16.627214665872344,0.023332068073050855,0.1371209608877889,1338.0,-429.6608402898307,-255.71773955171093,-429.76335672053807,-255.89783241618633,84.25591238747421,14.419687074689174,0.02608361856907955,-0.1393607495825143,-0.0013757752480143479,-0.0011198943473626904,255.77503288136398,True,0.003379630422455878
-429.52,418.94,1864.0,-429.52010955583114,418.9420908516436,-429.4399025399263,419.54971998942375,-110.76215036035762,18.104793415288523,0.02367645961829454,0.17102409853728914,1832.0,-429.5201095558312,-418.9420908516437,-429.67954370029963,-419.12087811541704,104.96617536888819,13.517345652089341,0.026646485804033827,-0.1723211303889805,-0.0014850130928696428,-0.0006485159258456802,419.3352990524204,True,0.002225095876062046
-428.63,722.41,2544.0,-428.6268277711558,722.4119617744685,-428.6083286170585,723.0906413815534,-128.43447400723304,20.359946500058395,0.023548189797491275,0.1991606594437628,2601.0,-428.6268277711558,-722.4119617744685,-428.36887072067276,-722.2093083488709,121.25449193359528,9.516476675355689,0.023990820843491332,-0.19822873957174367,-0.0002213155230000284,0.0004659599360095634,722.6499748652121,True,0.0001924260002394536
-426.41,688.68,2512.0,-426.4100519306582,688.6758799409876,-427.3581901905947,688.4045183499871,-126.48375100595108,20.203440953390835,0.02372390349152189,0.19607129777258578,2457.0,-426.410051930658,-688.6758799409876,-426.73677343350465,-688.4269186998023,120.17474969368406,9.821068197761234,0.024061861298091576,-0.19649028817307518,-0.00016897890328484294,-0.0002094952002446998,688.4157185248947,True,0.00015422741430391252
-425.32,299.17,1448.0,-425.3232675986931,299.16570331368274,-425.0748670876912,299.4620205208718,-96.88327509294275,17.467908269312634,0.024133536224178593,0.148988640974404,1481.0,-425.3232675986931,-299.16570331368274,-425.5515347893708,-299.41286286187096,91.55326679596209,14.89818681173856,0.02737810195062099,-0.15092326776962892,-0.0016222828632211986,-0.0009673133976124543,299.4374416913714,True,0.0034040846036838116
-423.98,654.71,2372.0,-423.9826890009525,654.7050323829209,-422.836436820194,654.7449432516012,-125.47349979891108,20.28990789654508,0.024273747808769005,0.1945188108297924,2425.0,-423.9826890009526,-654.7050323829209,-424.81881103247497,-655.2737773321875,119.1344984573824,10.83734297940959,0.0252732872255663,-0.19481118767643368,-0.0004997697083986476,-0.00014618842332064785,655.0093602918944,True,0.00047940470459604634
-423.59,381.4,1703.0,-423.59255052211466,381.40444562454917,-422.7877187611709,381.31595649387214,-106.8028538610507,18.72736541844542,0.025135561599908218,0.1648041515612486,1674.0,-423.59255052211466,-381.40444562454917,-423.1675946962926,-381.2249848489482,101.38291315625703,14.374510515872366,0.02754659607843764,-0.1665384397908451,-0.001205517239264712,-0.0008671441147982406,381.2704706714102,True,0.001986644334653351
-423.22,366.72,1592.0,-423.2197616383847,366.7220110093596,-422.4849064582367,366.6001864473663,-105.23061603989335,18.619493795736606,0.025144102216707976,0.16230556588577538,1633.0,-423.2197616383847,-366.7220110093596,-423.1333879543063,-366.55027423771236,99.80331759858318,14.334933265464732,0.027303886145329612,-0.16402401645090603,-0.0010798919643108182,-0.0008592252825653235,366.5752303425393,True,0.0018509601200165022
-421.32,620.48,2340.0,-421.31582124057815,620.4780244072929,-421.2404402073336,620.8909676989296,-123.71680678645362,20.231830660355353,0.024595923736728302,0.19174249319273617,2290.0,-421.3158212405784,-620.4780244072928,-422.0585499770005,-621.0666914867978,117.50205433910098,11.339316236284198,0.025653269224539855,-0.1921792673267128,-0.0005286727439057764,-0.0002183870669883181,620.9788295928637,True,0.0005349214270304432
-419.15,272.6,1309.0,-419.15470306513834,272.5973860813337,-419.321274274778,272.69374474915304,-92.29925878867861,17.770138981949774,0.024942381690060043,0.14176341652911928,1339.0,-419.15470306513834,-272.5973860813337,-418.90652764478835,-272.5185607690338,87.24612227179118,15.50148749645158,0.02800891102393567,-0.14398685313107226,-0.0015332646669378135,-0.0011117183009764914,272.60615275909345,True,0.0035339576637636668
-418.93,29.96,934.0,-418.9298881363065,29.962456943677598,-418.90355671045427,29.832766881103606,-17.356733399616036,12.236181251740447,0.019109126221171276,0.022493798670205498,931.0,-418.9298881363065,-29.962456943677598,-418.86789159038193,-30.0572426427476,10.354031803994294,12.912748632237978,0.020919387972458278,-0.021608817130171296,-0.0009051308756435009,0.0004424907700171007,29.945004761925603,False,
-416.83,343.29,1550.0,-416.8349914948133,343.29082403338253,-415.87455504546233,343.03935136611517,-102.69430253083647,19.082516591027172,0.02616957479111151,0.15834985435822335,1524.0,-416.8349914948133,-343.29082403338253,-416.65400216705876,-343.02713468467056,97.46579062533222,15.163965946675374,0.028335245385378623,-0.16022437386491412,-0.0010828352971335563,-0.0009372597533453819,343.03324302539284,True,0.0019833806102988586
-415.73,59.77,935.0,-415.7250055899917,59.772232074779794,-415.6331799093434,59.690389100350906,-29.987339569409926,13.011201798342489,0.019976944241756913,0.04263608494786328,930.0,-415.7250055899917,-59.772232074779794,-415.52417616345923,-59.79233183441494,23.972459930770327,12.658474806355054,0.020878863440221503,-0.04324226827323076,-0.00045095959923229477,-0.0003030916626837396,59.74136046738292,False,
-413.55,315.24,1447.0,-413.5522930621817,315.23721370265173,-413.2809487443789,315.66610813505713,-98.95566596772399,19.001401694681984,0.02637571579123418,0.1524313932897961,1482.0,-413.5522930621817,-315.23721370265173,-413.30108122070465,-315.14258335763014,93.89644059784713,15.94088820738964,0.0292302542236666,-0.15450251372805132,-0.00142726921621621,-0.0010355602191276098,315.40434574634367,True,0.002843269945282095
-412.56,476.12,2033.0,-412.56226238552955,476.12223184318276,-412.6414542501393,476.0706629054151,-114.90469291485222,20.034279946106647,0.026055122353852874,0.17782288992293116,1996.0,-412.56226238552955,-476.12223184318276,-412.1780484142687,-475.9518928985386,109.37187570450578,14.298755490380882,0.028586146083757015,-0.17911867991296354,-0.0012655118649520705,-0.0006478949950161905,476.0112779019768,True,0.0016704321777782955
-412.11,1190.7,4112.0,-412.10563377995123,1190.7010315804823,-411.4278425296913,1191.0742836439808,-143.9631316029046,24.627376452957098,0.02460863253969079,0.22408569455011038,3342.0,-412.10563377995123,-1190.7010315804823,-413.591638242781,-1191.2262043731982,136.3299966208787,3.04481714890318,0.019434892008678293,-0.22204117411234156,0.0025868702655062487,0.0010222602188844077,1191.1502440085897,True,-0.0013645453481258246
-411.29,1159.2,4082.0,-411.28827477985305,1159.1988418854687,-409.55438082263777,1159.0825096943527,-143.19589153550226,24.60254908531935,0.02496092094450946,0.22288753829215896,3252.0,-411.28827477985305,-1159.1988418854687,-412.0991241546922,-1159.3246625550457,135.22446733056248,3.2927693595738767,0.019438822891278858,-0.22026339081992827,0.0027610490266153018,0.0013120737361153462,1159.203586124699,True,-0.0014965604734219278
-410.42,1127.63,3996.0,-410.42417199080245,1127.63114494309,-410.84837830400465,1128.487945581079,-142.20324332370612,24.585316072268952,0.025308184549089008,0.22129184204352276,3222.0,-410.42417199080245,-1127.63114494309,-411.19557798875854,-1127.8604072600003,134.23398653212965,3.9539471584042434,0.020105778159741412,-0.21867592596346455,0.0026012031946737978,0.001307958040029103,1128.1741764205397,True,-0.0014486984399535358
-410.4,89.28,936.0,-410.401683707887,89.27742161225025,-410.147096219147,89.29900399593434,-42.29151520851503,14.20305277491552,0.02151121808189015,0.06228597660232929,929.0,-410.401683707887,-89.27742161225025,-410.5228037990933,-89.36814293980031,36.57619753288066,13.454007273874488,0.022507206842422755,-0.06324048800965751,-0.0004979943802663027,-0.00047725570366410897,89.33357346786732,False,
-409.86,381.59,1591.0,-409.86093242176634,381.5940461725789,-410.10103674456695,381.65078194654325,-106.43225548185973,19.85489716552603,0.02692598351208206,0.1643696993722271,1634.0,-409.86093242176634,-381.5940461725789,-410.703120017072,-381.9536438366772,101.70253635092102,15.97437986625038,0.030101791099431317,-0.16689448382117436,-0.0015879037936746276,-0.0012623922244736352,381.8022128916102,True,0.002613157663510856
-409.51,1095.99,3966.0,-409.50936854959195,1095.9936482800047,-410.6990269068568,1095.5065350967864,-140.98666651162924,24.46809055473413,0.025525536782813132,0.2193574290131017,3138.0,-409.50936854959224,-1095.9936482800047,-410.5967697431631,-1096.3298257963293,133.38590166822505,4.302919240287074,0.02027503030227868,-0.2173188233926075,0.0026252532402672255,0.0010193028102471052,1095.918180446558,True,-0.0015051262841676166
-408.73,967.18,3563.0,-408.73361163326103,967.1798357705926,-409.20825466703826,968.0035812103033,-137.26880554850814,23.42833795596051,0.025432244343148572,0.2134585269601883,2923.0,-408.73361163326103,-967.1798357705926,-409.36858429167904,-967.5634002767578,129.7386849792254,6.821266202945094,0.02270610505752982,-0.21149905619288725,0.0013630696428093766,0.0009797353836505235,967.7834907435306,True,-0.0008849519788545384
-408.1,439.83,1865.0,-408.1036426625517,439.83112309789584,-408.5062209892612,439.8151515220937,-112.00271695236135,20.32005745323676,0.02695397164702816,0.17325489582084924,1831.0,-408.1036426625517,-439.83112309789584,-408.9744858932001,-440.2428119796462,106.88507494925584,15.237477173768681,0.029642839899484942,-0.17512157964285083,-0.0013444341262283908,-0.0009333419110007929,440.02898175086995,True,0.0019197209953710852
-407.99,289.05,1308.0,-407.9857960995805,289.04600011242417,-408.1742087763403,289.17188072534765,-94.93938609569351,19.203186140511818,0.02702133979548568,0.14610182745090217,1340.0,-407.9857960995805,-289.04600011242417,-407.4770195288056,-288.92720065275824,90.29761378004606,16.67161575303724,0.030072184152311457,-0.14870347582866492,-0.0015254221784128889,-0.0013008241888813749,289.04954068905295,True,0.0033158711118521874
-407.56,935.04,3593.0,-407.5630648012373,935.0360143918642,-407.3747461443836,935.9331115182921,-136.07984007627525,23.38924484364783,0.02576279189477024,0.2115886845686093,2893.0,-407.5630648012372,-935.0360143918642,-406.8247118306097,-934.2440094331132,128.37410400404295,7.1937091310901335,0.0228908047121311,-0.20929610338137494,0.0014359935913195697,0.0011462905936171774,935.0885604757027,True,-0.0009648940448585043
-406.31,902.78,3666.0,-406.3086773982291,902.7808475321693,-404.9984343817911,902.7102049844043,-135.12216539691872,23.608803025171085,0.02651910962864086,0.21009360060336327,2821.0,-406.3086773982291,-902.7808475321693,-405.6920921062505,-902.2524042276709,127.33043718598718,8.334541547653838,0.024314695574438685,-0.207621184887992,0.0011022070271010879,0.001236207857685634,902.4813046060376,True,-0.0007673700233795754
-404.96,870.41,3696.0,-404.9616307795798,870.4056971299897,-404.7778887039494,870.953438316517,-133.8897699551846,23.090469203218742,0.026083079989136355,0.2081348833563375,2791.0,-404.9616307795798,-870.4056971299897,-405.7862237779005,-870.0082867833298,126.4622496089935,8.453600055835075,0.024109290243792943,-0.2062405742719258,0.000986894872671706,0.0009471545422058553,870.4808625499234,True,-0.0007123468912960858
-403.05,403.05,1704.0,-403.0508652763321,403.0508652763321,-402.41791257439587,403.39665381660325,-108.70615056346556,20.659164756660747,0.02793969403621192,0.16808281080860224,1673.0,-403.0508652763321,-403.0508652763321,-403.67518838467544,-403.4701407313587,103.77753295418756,16.41322221221134,0.031063742339155053,-0.17011087259622132,-0.0015620241514715666,-0.0010140308938095394,403.433397273981,True,0.002432740388947166
-402.99,118.33,937.0,-402.9870489180889,118.32767387340054,-403.0164734236658,118.32267020739789,-53.11039188842262,15.71596521975817,0.023563640969803203,0.07959208216934759,928.0,-402.9870489180889,-118.32767387340054,-402.8183876813014,-118.41855098422421,48.010689297903106,15.014109483015318,0.0253459661847655,-0.08134469109594554,-0.0008911626074811479,-0.0008763044632989769,118.37061059581106,False,
-402.57,737.25,2543.0,-402.5691488448478,737.2503512364947,-401.03064675942187,737.2121049477801,-128.77964349243555,22.533150077595995,0.02683400553339899,0.2000477568630608,2602.0,-402.5691488448476,-737.2503512364948,-402.90348556465443,-736.7751018151484,121.9446713033786,11.287629211189577,0.02698808453139336,-0.199015320273801,-7.703949899718482e-05,0.0005162182946299027,736.9936033814643,True,6.56794639669409e-05
-401.17,330.85,1446.0,-401.1743735074104,330.84607000981106,-400.40710357048573,330.7925458701828,-101.00680590042562,20.481675375206983,0.02854639145250228,0.15585354951501162,1483.0,-401.1743735074104,-330.84607000981106,-401.02173717612686,-330.87036388385167,95.99560545645068,17.288444944274673,0.03156757508281142,-0.15769305357078023,-0.0015105918151545692,-0.0009197520278843019,330.8314548770172,True,0.0028689316442577152
-400.67,703.96,2513.0,-400.671233153821,703.962046507478,-399.7941838243116,704.0381254292979,-127.40638664078735,22.31101437246898,0.026886746405500664,0.19787729363033676,2456.0,-400.671233153821,-703.962046507478,-400.09550278915475,-703.4577942691855,120.6712829357785,12.047478403955475,0.0277893859200766,-0.1969542704531347,-0.0004513197572879688,0.0004615115886010268,703.7479598492416,True,0.00040294620085848604
-399.88,9.97,875.0,-399.8756728003265,9.972276695229262,-399.91199912723073,9.952781792644528,-8.965881452362945,14.170003048083183,0.022430368838691907,0.009371932119127927,877.0,-399.8756728003265,-9.972276695229262,-399.77892731289194,-9.297584659399773,0.01539761666663797,14.274659944605043,0.022832694178486497,-0.00492058774521032,-0.00020116266989729514,0.0022256721869588036,9.62518322602215,False,
-398.88,29.89,874.0,-398.88151887247204,29.892037434569644,-398.67393499301414,29.87383715321732,-17.23450154675332,14.218232056544842,0.02226315506510179,0.022547012262704166,878.0,-398.88151887247204,-29.892037434569644,-397.8242376374139,-30.05106496472231,10.480105258362668,15.231581574209573,0.02460984956379411,-0.021551748205658208,-0.0011733472493461617,0.0004976320285229787,29.962451058969815,False,
-398.59,670.46,2371.0,-398.59456996874616,670.4642934500168,-399.78804633362023,670.2933163368422,-125.71296194245848,22.24942287014027,0.027201992246509682,0.19518219968108932,2426.0,-398.5945699687463,-670.4642934500167,-397.85136133113275,-670.2353601462277,119.55498235728925,12.596957818889862,0.028257035320807266,-0.19515013896315073,-0.000527521537148792,1.603035896929894e-05,670.2643382415349,True,0.0004945087157896306
-397.29,365.73,1551.0,-397.2909117634911,365.73204867790014,-397.45861584464893,366.25039130468423,-104.99800991536631,20.944509299392504,0.02884876325005207,0.1622418580428605,1523.0,-397.2909117634911,-365.73204867790014,-398.05096486248226,-366.10076344492046,100.20074502279023,17.118883145844936,0.0317291748466711,-0.16434935808659182,-0.0014402057983095157,-0.0010537500218656543,366.17557737480234,True,0.0024712407026509383
-396.9,49.74,873.0,-396.8956826400688,49.737481858994045,-396.89188518448674,49.76269939700268,-25.50031249694379,14.915199619183442,0.02312883503645509,0.03572428369222312,879.0,-396.8956826400688,-49.737481858994045,-396.9266019508313,-49.69452078270186,19.710896457289298,15.14770276842954,0.024716925168682673,-0.03623201536534002,-0.0007940450661137917,-0.00025386583655844994,49.72861008985227,False,
-396.31,636.74,2341.0,-396.3146838394646,636.737521568523,-396.46458259291126,636.6606646438701,-124.00384960985186,22.48979509336281,0.027996454694449224,0.19250276529102264,2289.0,-396.31468383946475,-636.7375215685229,-396.30302325359867,-636.5450342720851,118.08717300470697,13.092029519339265,0.02863236189692847,-0.1927950853689203,-0.00031795360123962335,-0.00014616003894882268,636.6028494579775,True,0.0003138159682091577
-396.17,305.04,1307.0,-396.17177973078714,305.0375730052622,-396.0945978250117,305.4603553514149,-97.39328320784182,20.471463506459887,0.028840381408653585,0.1501552646708877,1341.0,-396.17177973078714,-305.0375730052622,-396.0478221859824,-304.99360319657967,92.83727852893173,17.89393464006298,0.03221432987744624,-0.15260550474468487,-0.0016869742343963278,-0.0012251200368985915,305.22697927399724,True,0.003472685064852828
-395.98,395.98,1590.0,-395.9797974644666,395.9797974644666,-395.93898254093295,396.44628617422615,-107.87447582238646,21.1959113981105,0.028879073811918052,0.16683850662808056,1635.0,-395.9797974644666,-395.9797974644666,-395.8083643897173,-395.7499245830975,103.03907264714242,17.022607495814977,0.0319390598627594,-0.16883923173474083,-0.0015299930254206728,-0.0010003625533301364,396.0981053786618,True,0.0024269819943269766
-393.92,69.46,872.0,-393.92310120488327,69.45927106677213,-393.5433250412702,69.48277846197897,-34.27475941987854,15.4714408195684,0.02377260912906026,0.04973025942427912,880.0,-393.92310120488327,-69.45927106677213,-393.69546717486605,-69.48941600851553,28.79620178818325,15.337810619726056,0.02526191875604014,-0.05065215627450569,-0.0007446548134899412,-0.00046094842511328754,69.48609723524726,False,
-393.52,146.77,938.0,-393.51888449989997,146.7749554316212,-393.3078595965251,146.7286778577021,-62.925447488635875,17.69541538536451,0.026366146149341938,0.09533212945446012,927.0,-393.51888449989997,-146.7749554316212,-393.3514204145792,-146.8018312397166,57.971150819405956,16.64663603539886,0.028291822153448377,-0.0970813162708981,-0.0009628380020532193,-0.0008745934082189863,146.76525454870935,True,0.004122017575820119
-389.97,89.01,871.0,-389.9711648727295,89.00837358252579,-389.9323821246349,89.06029024557347,-42.246677551356356,16.350278112744913,0.024931556867191864,0.06246218430970359,881.0,-389.9711648727295,-89.00837358252579,-389.82882901935704,-88.99210628554097,37.086624559278484,16.17035717047435,0.02682580666382984,-0.06379941930532765,-0.0009471248983189875,-0.0006686174978120275,89.02619826555721,False,
-389.71,14.94,821.0,-389.7138106098159,14.938066139113738,-387.5274615034902,15.05042562985843,-11.877388629611033,15.154299192960686,0.02393449410214744,0.014157412806490426,819.0,-389.7138106098159,-14.938066139113738,-389.6802763869294,-14.980968437188784,3.308114372874345,16.259803769022763,0.02606175294947241,-0.01003743132080683,-0.0010636294236624853,0.002059990742841798,15.015697033523606,False,
-389.44,495.21,2034.0,-389.4401613189813,495.21344968795603,-388.7366828189881,495.10140170479895,-116.31369867822788,22.303043630821843,0.029432902963361287,0.18035815333099608,1995.0,-389.4401613189813,-495.21344968795603,-389.92419329726744,-495.5371470980956,110.9826470038928,16.4480507283722,0.03224671577351099,-0.18140975969795217,-0.0014069064050748498,-0.0005258031834780436,495.3192744014473,True,0.0017846779057054435
-388.21,345.97,1445.0,-388.2076752382207,345.9693640860939,-388.5479265801741,346.09222814214303,-102.39114646276585,21.69676032072469,0.03029288441234076,0.15820203496807406,1484.0,-388.2076752382207,-345.9693640860939,-388.67578581034013,-346.32412392155885,98.18069352109376,18.348836597370386,0.03344450259478264,-0.1610195287051282,-0.0015758090912209397,-0.001408746868527072,346.20817603185094,True,0.0028598690655903315
-387.43,44.73,822.0,-387.42681500627333,44.72653590537603,-387.42193279677923,44.684433864487765,-23.514757104781072,15.908462924473978,0.024771856064950967,0.03268015238774966,818.0,-387.42681500627333,-44.72653590537603,-387.6029385686783,-44.766984563123295,18.060610251781245,16.23255447057295,0.026383172875458813,-0.03349131664161145,-0.0008056584052539232,-0.00040558212693089443,44.72570921380553,False,
-385.67,459.63,1866.0,-385.67256581192356,459.6266658713868,-384.841491392124,459.3305147359334,-113.53875251079138,22.500393455352214,0.030185080046561043,0.17598939364111366,1830.0,-385.67256581192356,-459.6266658713868,-385.3818535426769,-459.4865672308128,108.15475903843883,17.10471918678711,0.03285032561118807,-0.17685340630408639,-0.0013326227823135146,-0.0004320063314863648,459.4085409833731,True,0.0018225860294025522
-385.05,108.34,870.0,-385.0496987800048,108.33618725720208,-384.7434084960408,108.35631755801928,-49.836167772185796,17.26081638071494,0.02614440560639741,0.07460478237088697,882.0,-385.0496987800048,-108.33618725720208,-384.80808663356953,-108.35955042937489,44.93311185560443,17.1172322086781,0.028569997655043,-0.07622600280071738,-0.0012127960243227941,-0.000810610214915207,108.35793399369709,False,
-383.73,320.55,1306.0,-383.73133434695393,320.5468187961101,-383.14527781284613,320.44606698322053,-99.29968094702514,22.136139811143654,0.03130626643023112,0.15334798087867596,1342.0,-383.73133434695393,-320.5468187961101,-383.738779179849,-320.7394735140188,95.12477812826985,19.328328468358222,0.034690077805189914,-0.15609542491447567,-0.0016919056874793968,-0.001373722017899856,320.5927702486197,True,0.00331590664020905
-383.65,1200.17,4111.0,-383.65298026008264,1200.1709839591845,-382.27682091443137,1200.2344251651302,-143.85377704778855,26.409487923960903,0.027332767032497717,0.22426866314102875,3343.0,-383.65298026008264,-1200.1709839591845,-384.03037414188015,-1199.4649028106137,136.48135326770364,4.958070888710746,0.022580829025727316,-0.22192002969798774,0.0023759690033852005,0.0011743167215205047,1199.849663987872,True,-0.0012442103357154348
-382.94,1168.87,4083.0,-382.93863635268747,1168.8703952057065,-381.27479245809604,1168.6143560671203,-142.92755978426584,26.50936987554208,0.0278789842241158,0.2228068143976825,3251.0,-382.9386363526875,-1168.8703952057065,-384.23499857597386,-1169.478128983962,135.67746008002294,5.397537779028757,0.022913015099379208,-0.22064309998250797,0.0024829845623682966,0.0010818572075872585,1169.0462425255412,True,-0.0013345111213498783
-382.87,74.25,823.0,-382.8662447987734,74.25253257422062,-382.60418803192516,74.2755795172897,-36.19213522759662,16.964291366967718,0.026089857263720574,0.052915829114095335,817.0,-382.8662447987734,-74.25253257422062,-382.78513695607234,-74.30275317286466,31.350601088058898,16.728989478243406,0.027534997486290288,-0.054583990508360186,-0.0007225701112848568,-0.0008340806971324256,74.28916634507718,False,
-382.18,1137.51,3995.0,-382.1839803020213,1137.512815400558,-380.6467046118846,1137.5022079605185,-142.18293702669254,26.600314955800027,0.028404757448662853,0.22162940264643055,3223.0,-382.1839803020216,-1137.512815400558,-383.74740418872057,-1138.0029426861222,134.98925924490885,6.265994281055167,0.023909730798260365,-0.2195418227797915,0.002247513325201244,0.0010437899333195222,1137.7525753233203,True,-0.0012411787069417802
-382.05,174.47,939.0,-382.04543804889767,174.4743054607924,-382.0411198168766,174.66616458262615,-71.20292861327927,19.762851006591763,0.02931442249376588,0.10864413328425379,926.0,-382.04543804889767,-174.4743054607924,-382.25694293315286,-174.64893968761842,66.84646433318066,18.49116139188904,0.031568518216580965,-0.11107094267824145,-0.0011270478614075433,-0.001213404696993832,174.65755213512227,True,0.0040544771621473024
-381.59,409.86,1589.0,-381.5940461725789,409.86093242176634,-381.00377977587686,409.8346792107711,-109.04384644287704,22.747349269149982,0.03118429658637326,0.16888252879674104,1636.0,-381.5940461725789,-409.86093242176634,-381.09095111273155,-409.6792204430656,104.15904824055688,18.33823013624556,0.03420353003594885,-0.17044148449194935,-0.0015096167247877958,-0.0007794778476041542,409.75694982691834,True,0.0023148360579767603
-381.4,423.59,1705.0,-381.40444562454917,423.59255052211466,-381.74495996611694,423.5264885798827,-110.05103644134475,22.695536894548923,0.030934151413165044,0.17047644425194725,1672.0,-381.40444562454917,-423.59255052211466,-381.44597438705324,-423.50286333303137,105.46153573799398,18.15337338514094,0.03407861915837748,-0.1725188056876836,-0.0015722338726062192,-0.001021180717868178,423.51467595645704,True,0.002332537059193933
-381.39,1106.09,3967.0,-381.38562868434036,1106.0944816031995,-381.6108437210346,1106.959156303384,-141.03718610553582,25.799346325911028,0.027504036206619162,0.2197940756343751,3137.0,-381.38562868434036,-1106.0944816031995,-382.59062427402273,-1106.453358942118,133.84035138983901,6.451409321124074,0.02381844110356417,-0.21769911208464382,0.0018427975515274957,0.0010474817748656468,1106.7062576227509,True,-0.0010462250863870106
-380.95,978.46,3564.0,-380.94809061817324,978.457230672025,-380.56886192701694,979.3105110366215,-137.14741595538445,25.003414510264093,0.027800580873967893,0.2136160752882595,2922.0,-380.94809061817324,-978.457230672025,-382.76633017271496,-978.7733332958484,130.2021373713935,8.789325133298117,0.025975655873717782,-0.21191086649940008,0.0009124625001250553,0.000852604394429704,979.0419221662349,True,-0.0005855899368898162
-379.94,946.6,3592.0,-379.93805956039245,946.5976288251962,-377.78208025280463,946.3564320394233,-136.28793251680426,25.399001558173637,0.02883376492641212,0.21228229455026418,2894.0,-379.9380595603923,-946.5976288251962,-381.0902663010279,-946.8221664136814,129.15718698269845,9.139064903412779,0.02614097893181332,-0.21022724959416741,0.0013463929972993994,0.0010275224780483816,946.5892992265524,True,-0.0008936966332952788
-379.48,19.89,765.0,-379.47922320673814,19.887663372318656,-379.3568117714265,19.82566955970117,-13.155876936970685,16.41460284944786,0.02588184738655386,0.0162922558701116,768.0,-379.47922320673814,-19.887663372318656,-376.76585039662024,-20.499454916426362,5.811972696912666,18.076984355377544,0.0290214704317621,-0.013864282986784866,-0.0015698115226041188,0.0012139864416633667,20.162562238063764,False,
-379.17,127.39,869.0,-379.1709384668527,127.39466010067366,-378.75462639875985,127.43997175883679,-56.86197197475332,18.698785992737275,0.02819928832881485,0.08586004150310655,883.0,-379.1709384668527,-127.39466010067366,-379.11975916386365,-127.38457425670309,52.05151181304581,18.1790637265543,0.030492953953732593,-0.0874856234098343,-0.0011468328124588714,-0.0008127909533638747,127.41227300776994,False,
-378.86,914.64,3667.0,-378.8565980414389,914.6407371861739,-377.6544940146596,914.8422941763793,-135.06137580196136,25.0726043251224,0.028700240387355077,0.21033173145396344,2820.0,-378.8565980414389,-914.6407371861739,-378.3361987582007,-914.1119859219339,128.06608842752885,10.183074390291665,0.02740197094344403,-0.2084569833191291,0.000649134721955524,0.0009373740674171738,914.4771400491566,True,-0.0004460071847341982
-377.92,39.72,764.0,-377.91832023994385,39.720816041708325,-378.06926417110463,39.70686473701071,-21.28319965762756,16.644584922756778,0.026004390766472225,0.02924306028159889,769.0,-377.91832023994385,-39.720816041708325,-378.75839188085916,-39.727523109726555,15.83447354309642,17.632963980887606,0.028550275686949796,-0.02983999110641501,-0.0012729424602387854,-0.0002984654124080586,39.71719392336863,False,
-377.7,882.58,3695.0,-377.69624636808226,882.5789174229468,-376.27255980723095,882.4080037025597,-133.88322318880338,25.0320750453208,0.029032957910671738,0.20847356784370397,2792.0,-377.69624636808226,-882.5789174229468,-378.21280985325717,-882.2029360175524,127.11874075123369,11.014044500035432,0.028333711680201542,-0.20694772152346771,0.0003496231152350978,0.0007629231601181258,882.3054698600561,True,-0.00024897803490257764
-376.54,387.06,1552.0,-376.54027259075764,387.0625571109637,-377.0497039363468,387.1861207123073,-106.6817323259221,23.044883820950037,0.03193521381446552,0.16517153287767206,1522.0,-376.54027259075764,-387.0625571109637,-376.3349895396462,-386.88878781234035,102.23523574271853,18.93368369560342,0.034872109999338465,-0.16732139567345924,-0.0014684480924364723,-0.0010749313978935943,387.0374542623238,True,0.002383885946216263
-376.06,103.34,824.0,-376.058863226725,103.34278585669811,-376.2058547514709,103.3053749955886,-47.735680933471734,18.435976681420083,0.028076590070757895,0.07136631292717263,816.0,-376.058863226725,-103.34278585669811,-375.7217456352508,-103.46167735219787,43.52226969427738,18.11362075693782,0.03009581516329851,-0.0738692975900385,-0.0010096125462703085,-0.0012514923314329365,103.38352617389323,False,
-376.0,751.15,2542.0,-375.99845645267857,751.1492266821575,-376.61782555531045,750.7832326555568,-128.49989350120845,24.652464164887586,0.030040793430101492,0.19990150408271312,2603.0,-375.99845645267857,-751.1492266821575,-377.74252660630185,-751.8434855034192,122.78484896897233,13.26068953086998,0.030312849646588362,-0.2000443589775782,-0.0001360281082434349,-7.142744743253437e-05,751.313359079488,True,0.0001137594321663272
-375.32,59.45,763.0,-375.32156942615234,59.44509671528774,-375.2423126013994,59.3756949024214,-29.99883101177369,17.495992325837573,0.027118564104887107,0.04314904000257114,770.0,-375.32156942615234,-59.44509671528774,-375.3069334058243,-59.4887744398524,25.122522531795266,17.820396882182454,0.02909059992327661,-0.04458011027041715,-0.0009860179091947512,-0.0007155351339230079,59.4322346711369,False,
-374.67,360.58,1444.0,-374.6712286724092,360.5849004119657,-374.57819029755257,361.0533116388224,-104.13819028729286,23.04146076404034,0.03224981365395283,0.16115362855405768,1485.0,-374.6712286724092,-360.5849004119657,-374.64106385010547,-360.5146379352498,99.68089441129979,19.37834700744816,0.035256810142217154,-0.1632352897191018,-0.0015034982441321613,-0.0010408305825220648,360.7839747870361,True,0.002618397361600594
-374.39,718.29,2514.0,-374.3851456676537,718.2866855952501,-373.8495554087417,718.3523851916871,-127.48347206358658,24.660938503316093,0.030451460467675797,0.19831772205147663,2455.0,-374.3851456676537,-718.2866855952501,-374.2133169881201,-717.8620139483264,121.60983159051132,13.98409591022399,0.03104801649772317,-0.19813103860311904,-0.0002982780150236862,9.334172417879705e-05,718.1071995700067,True,0.00026098276727676945
-372.62,685.24,2370.0,-372.621458439565,685.2395557105351,-372.8051093182601,685.9356384079069,-126.21261935705054,24.41585463736506,0.0304584043987185,0.19630788845254268,2427.0,-372.621458439565,-685.2395557105351,-372.5557149237737,-685.0170068978579,120.27570041961275,14.395228645761705,0.031300102658708064,-0.19598740228979136,-0.0004208491299947815,0.00016024308137566057,685.4763226528823,True,0.0003857570251134047
-372.35,146.14,868.0,-372.3494994576816,146.13640974655812,-372.45025536368604,146.25256124300884,-63.08863729396685,19.88729505559876,0.02986046197840963,0.0958472966094584,884.0,-372.3494994576816,-146.13640974655812,-372.3598748234902,-146.13523978390273,58.50798976274074,19.401237177310666,0.032667742305791475,-0.09767863909628492,-0.001403640163690923,-0.0009156712434132616,146.1939005134558,True,0.0060326260001922725
-371.7,79.01,762.0,-371.69608827884616,79.00644251074856,-371.69890381217806,78.9854926488723,-38.168861770569386,18.233842063180774,0.02805272777345434,0.05619544383863495,771.0,-371.69608827884616,-79.00644251074856,-371.6842545840068,-79.09060519886704,33.694627979100076,18.360143159859778,0.03018969589388062,-0.05817867296760153,-0.0010684840602131415,-0.0009916145644832883,79.03804892386967,False,
-370.69,651.99,2342.0,-370.6868914625423,651.9902058296868,-369.5313262743222,651.6738670427088,-124.72392157552633,24.737149097816282,0.03138936339882634,0.1939786462776719,2288.0,-370.6868914625423,-651.9902058296868,-370.3566391757491,-651.4840409693228,118.83527630533565,15.051034524046948,0.03193317280707794,-0.19366796408940454,-0.00027190470412579923,0.00015534109413367636,651.5789540060158,True,0.0002621981006925618
-370.68,335.55,1305.0,-370.68413084930904,335.54921417951846,-371.07998364311266,335.749817955339,-101.25326517750203,23.224814610959857,0.032851521565355535,0.1566049700793201,1343.0,-370.68413084930904,-335.54921417951846,-370.1838070119866,-335.4349067486999,96.88104566979399,20.375390853400322,0.03653650392039189,-0.15872460414432393,-0.001842491177518179,-0.0010598170325019224,335.59236235201945,True,0.0034496355680010524
-368.63,201.28,940.0,-368.6251756182474,201.2845744224238,-368.7322817391646,201.36431605637802,-78.17401798896259,21.835213836946906,0.03228571884027241,0.11990195959188896,925.0,-368.6251756182474,-201.2845744224238,-368.6135665330531,-201.34753753553085,74.16592070456335,20.448120701135675,0.03501009269507902,-0.12255312924011189,-0.0013621869274033048,-0.0013255848241114643,201.35592679595442,True,0.0042506188042658165
-367.05,98.35,761.0,-367.05181398984604,98.35123713895787,-367.0152540971812,98.31089788694372,-46.14704016600495,19.211069318838543,0.02937135554240473,0.06895046965465677,772.0,-367.05181398984604,-98.35123713895787,-366.99729277551387,-98.445132373393,41.93832191652175,19.147094784726473,0.03167920267383388,-0.07124151826825936,-0.0011539235657145753,-0.0011455243068012946,98.37801513016836,False,
-367.04,131.83,825.0,-367.04461871202903,131.82658257931604,-366.8026682313302,131.7531738531963,-58.39226658731093,20.255179392252998,0.030623541689063692,0.08844195633029185,815.0,-367.04461871202903,-131.82658257931604,-367.1861224411959,-131.89603105296845,54.170443936834126,19.715779125704092,0.03299396416172603,-0.09071185770041156,-0.0011852112363311684,-0.0011349506850598517,131.82460245308238,True,0.005649098641257479
-366.72,423.22,1588.0,-366.7220110093596,423.2197616383847,-365.8122127184509,422.9275132685207,-110.20750089325799,24.206856893163206,0.033346827531284644,0.1709205930846502,1637.0,-366.7220110093596,-423.2197616383847,-367.8365861476221,-423.70112986724735,105.53771750756255,19.59667854229723,0.036378138824757725,-0.17247337893112868,-0.0015156556467365405,-0.0007763929232392358,423.314321567884,True,0.002249662911249187
-365.44,513.18,2035.0,-365.43585302985485,513.1828497917115,-365.05402708323317,513.4525451242862,-116.99999185044277,24.38645579808779,0.032524010456934184,0.18174046368098543,1994.0,-365.43585302985474,-513.1828497917115,-365.9267531370827,-513.5690113720061,112.22724747750526,18.518420154290464,0.03576264680769792,-0.18309670687483823,-0.0016193181753818668,-0.000678121596926401,513.5107782481462,True,0.001981355912707161
-364.6,164.51,867.0,-364.6023409246693,164.51484125224457,-364.31420468942514,164.65559282693394,-68.69885660144098,21.259124147199724,0.031818414359914164,0.1048758799474835,885.0,-364.6023409246693,-164.51484125224457,-364.7364932725223,-164.5017561425408,64.40731794651514,20.573781769077442,0.03475883921112256,-0.10697434816293583,-0.0014702124256041962,-0.0010492341077261644,164.57867448473738,True,0.005612888267517199
-362.28,478.28,1867.0,-362.28264619528636,478.2795043337535,-363.1674336620181,478.19209135537193,-114.07137335684403,24.52375847328875,0.03317436827223819,0.17710252764256773,1829.0,-362.28264619528636,-478.2795043337535,-362.2021058755486,-478.1836052989751,109.61283870816233,19.03047856240209,0.0361442489675223,-0.1788901304318352,-0.0014849403476420546,-0.0008938013946337281,478.1878483271735,True,0.0019511485720480005
-361.4,117.43,760.0,-361.4014761921583,117.42645786248,-361.3786893816179,117.44622112259488,-53.3386862995429,20.36699473864638,0.030976718201941315,0.08046536082101628,773.0,-361.4014761921583,-117.42645786248,-361.205962930504,-117.5541333985342,49.284865970498494,20.24089088773872,0.033654060656269705,-0.08286298001708868,-0.001338671227164195,-0.001198809598036199,117.50017726056454,False,
-360.58,374.67,1443.0,-360.5849004119657,374.6712286724092,-359.6994676192871,374.51598303897555,-105.48949922468584,24.657969890817125,0.03465769086334191,0.16348652283735585,1486.0,-360.5849004119657,-374.6712286724092,-360.4578405475839,-374.45034389965485,101.18115662923083,20.673073046346126,0.03748810084550437,-0.16544932964727097,-0.0014152049910812307,-0.0009814034049575593,374.4831634693152,True,0.002374471291107166
-358.77,29.73,717.0,-358.7704174824012,29.728564370039766,-358.72495218293926,29.70869021873412,-17.04378832767431,18.693687211344656,0.029388085719853064,0.022732736856106134,714.0,-358.7704174824012,-29.728564370039766,-358.45028064370337,-29.737056266685954,11.442368330160848,19.6582986592732,0.03165134296536025,-0.02260102566685013,-0.0011316286227535926,6.585559462800143e-05,29.722873242710037,False,
-358.71,442.97,1706.0,-358.7126228984073,442.97319803047344,-358.1677884518162,442.8726124520768,-111.6268488513154,24.931510603943334,0.034255882643681214,0.17327317657617977,1671.0,-358.7126228984073,-442.97319803047344,-358.4942199576851,-442.6908983551569,107.04889242354125,20.13029593412713,0.03745998446054956,-0.17476407280339523,-0.0016020509084341723,-0.0007454481136077301,442.78175540361684,True,0.0022733508339908164
-357.05,350.02,1304.0,-357.05079954837475,350.02103728471275,-356.51441283344184,350.3040664143287,-102.80514717451696,24.69265740042697,0.03500942043557651,0.1592532511390781,1344.0,-357.05079954837475,-350.02103728471275,-357.3326755030614,-349.89500461543645,98.63203082510601,21.455857916902385,0.03843321308672006,-0.1613539961128579,-0.0017118963255717753,-0.0010503724868898973,350.0995355148826,True,0.003072315370092818
-355.95,182.48,866.0,-355.9487235245875,182.4842629412652,-355.6578523252662,182.62330455254838,-73.73741043220322,22.60516768669196,0.033740659111129036,0.11300100154205264,886.0,-355.9487235245875,-182.4842629412652,-355.7232330786981,-182.48338375960398,69.80887242515803,21.814815707692365,0.03695422657547743,-0.11546080396642533,-0.0016067837321741968,-0.0012299012121863434,182.55334415607618,True,0.0055302848515229805
-355.88,159.54,826.0,-355.87641042585454,159.53676849682242,-355.6671966276869,159.643387776264,-67.1247439102266,22.273938307318755,0.03349492559821916,0.1024765014627257,814.0,-355.87641042585454,-159.53676849682242,-355.9183209050293,-159.58921855472298,63.52984564522004,21.421570893748576,0.036047973795466794,-0.10546981170340668,-0.0012765240986238185,-0.001496655120340487,159.6163031654935,True,0.005024948768809587
-355.09,59.25,718.0,-355.09006922498,59.2540525010643,-355.2875796951062,59.253657182691256,-29.737129373804283,19.712361084289743,0.03064751913375097,0.04297691398214023,713.0,-355.09006922498,-59.2540525010643,-355.0492994185785,-59.294312007428914,25.616193536023417,20.178788009818174,0.03284171440421524,-0.0451177173823868,-0.0010970976352321343,-0.0010704017001232843,59.273984595060085,False,
-354.98,1208.96,4110.0,-354.9830216202013,1208.9611467542668,-353.4089039824885,1209.0606752985468,-143.8507567909323,28.68582953034743,0.030847582374783408,0.22461740084845352,3344.0,-354.98302162020155,-1208.9611467542668,-357.03382661127074,-1209.5123306506011,137.16150769702904,6.617137788806271,0.025344366582609683,-0.22267190310770169,0.0027516078960868624,0.0009727488703759196,1209.286502974574,True,-0.0014296746272521507
-354.76,136.18,759.0,-354.7605620689367,136.17982082721412,-354.70887902734535,136.17501679648646,-59.81256570975373,21.702939525519103,0.03287356931470456,0.09085054489863822,774.0,-354.7605620689367,-136.17982082721412,-354.69025673220773,-136.2724045242128,56.1198656685276,21.46620290251173,0.03583344745474658,-0.0936614222197727,-0.0014799390700210094,-0.0014054386605672348,136.22371066034964,True,0.006826074091801693
-354.65,407.22,1553.0,-354.64609298577653,407.21756927952396,-354.22205699016513,407.19243903874866,-108.45372026986986,25.25288769222693,0.035204344281472164,0.1682713088543142,1521.0,-354.64609298577653,-407.21756927952396,-354.2673090341218,-406.9402567701059,104.17407733508844,20.860292750784144,0.03818397334106252,-0.17013689562196224,-0.001489814529795179,-0.0009327933838240154,407.0663479044273,True,0.002299571264542235
-354.36,1177.85,4084.0,-354.36189221924224,1177.8487378873394,-353.0191482589558,1177.9213570923496,-142.84998340944017,28.424148464237472,0.03081246640822413,0.22302939387043325,3250.0,-354.36189221924224,-1177.8487378873394,-355.0339524084822,-1177.9227782117882,136.2407866781599,7.644893880450876,0.02659321481366745,-0.2211820376889786,0.0021096257972783392,0.0009236780907273257,1177.922067652069,True,-0.0011253010854553032
-353.71,1146.69,3994.0,-353.706209293085,1146.687366943369,-355.00864840509456,1146.0933907878727,-141.3142763928479,28.05002221700072,0.03060682223221016,0.22056087488780107,3224.0,-353.706209293085,-1146.687366943369,-354.8658630752221,-1146.9167243021736,135.21473072520922,7.739143420713668,0.0263634873147717,-0.21954696033546459,0.00212166745871923,0.0005069572761682434,1146.5050575450232,True,-0.001162736240509102
-353.33,227.07,941.0,-353.32648378909613,227.06914333135092,-352.98063810274385,227.01320890611763,-83.85998760128452,24.044500396177394,0.03548778631145266,0.12914437124489003,924.0,-353.32648378909613,-227.06914333135092,-353.17251149885624,-227.00540501307475,80.2363700090051,22.318118551693363,0.03830051791687694,-0.1320254431939163,-0.0014063658027121395,-0.0014405359745131296,227.0093069595962,True,0.003892552717978862
-353.01,1115.47,3968.0,-353.013100356375,1115.4737787042686,-352.9214611204945,1116.1878904558837,-141.06184375936525,28.10890580691455,0.031066790227485173,0.22018467759968743,3136.0,-353.013100356375,-1115.4737787042686,-354.1614150564405,-1115.7970912385101,134.4881907187122,8.65668397651437,0.02744267716231765,-0.21838200864580937,0.0018120565325837612,0.0009013344769390336,1115.992490847197,True,-0.0010202117912698385
-352.85,988.94,3565.0,-352.85186287620166,988.9365818215009,-352.97059174210546,989.7703148490092,-137.1654070227693,27.20078213440019,0.03116969913215596,0.2139827042275565,2921.0,-352.8518628762015,-988.9365818215009,-352.0046874388911,-987.8436663316288,130.5745021298519,10.775338371639586,0.02924757823561708,-0.2121267664147927,0.0009610604482694386,0.0009279689063819013,988.806990590319,True,-0.0006106875199449147
-351.99,957.34,3591.0,-351.98555244395374,957.3432878914045,-353.29868954905197,957.1955698493108,-135.54137718369807,27.234650862477054,0.03162254490534113,0.21139396225644655,2895.0,-351.98555244395374,-957.3432878914045,-352.7472001469846,-957.5224761013875,129.67223758115756,11.818766285161885,0.03053690254342464,-0.21069986131877222,0.0005428211809582455,0.00034705046883716506,957.3590229753491,True,-0.0003562556978909405
-351.38,436.04,1587.0,-351.38264413327715,436.0392613078629,-351.47105241345935,435.95845948688276,-110.75530093251201,25.529962632704198,0.03529302607327799,0.1719680797265751,1638.0,-351.38264413327715,-436.0392613078629,-350.8801213252455,-435.8852225616845,106.52934021814883,20.858712616076744,0.0385359466893674,-0.17384393012718222,-0.0016214603080447025,-0.0009379252003035576,435.9218410242836,True,0.0023371014307846595
-351.06,925.67,3668.0,-351.05883817211026,925.6660802585607,-351.18748928410037,926.3734281500498,-134.82831843598993,27.178934010474435,0.031911346714458305,0.21028494982468984,2819.0,-351.05883817211026,-925.6660802585607,-351.4597017069593,-925.2551701144604,128.3707336868325,11.564922049375726,0.029737720073377508,-0.208612685577954,0.0010868133205403988,0.0008361321233679164,925.8142991322551,True,-0.0007375830653800477
-350.07,893.9,3694.0,-350.06546523134904,893.8982996137532,-348.4967831686103,893.7330002117313,-133.90784799849672,27.64979322179204,0.03306048885972964,0.2088529286285198,2793.0,-350.06546523134904,-893.8982996137532,-351.47036839224285,-894.4546336773733,127.79549000992846,12.790303248841747,0.031310761489891606,-0.20769728746594296,0.0008748636849190174,0.0005778205812884268,894.0938169445524,True,-0.000614804682315464
-348.98,88.37,719.0,-348.98409573815894,88.37477537068771,-348.76786191463526,88.29599876958953,-42.26383005961666,21.234564008704474,0.032714499562323626,0.06299362413672047,712.0,-348.98409573815894,-88.37477537068771,-348.942684839491,-88.46675559444263,38.55132910357647,21.081518174502538,0.03463572820928065,-0.06562983749070211,-0.0009606143234785133,-0.001318106676990824,88.38137718201608,False,
-348.95,764.09,2541.0,-348.9486109215846,764.0908760977954,-350.37374481703415,764.0905041242626,-128.78600167430398,26.748427057376233,0.03321364818620582,0.20067826992760854,2604.0,-348.9486109215848,-764.0908760977953,-348.9979255699246,-763.6762285831381,123.15996525068465,14.99928772348602,0.03322482989412904,-0.2002893407331879,-5.590853961609521e-06,0.00019446459721031428,763.8833663537004,True,4.598656419742784e-06
-347.59,731.63,2515.0,-347.5876931058131,731.6302314703645,-348.0489001826864,732.1369666024234,-127.71563192844376,26.74322019603433,0.03359669531616017,0.1990031958768778,2454.0,-347.5876931058131,-731.6302314703645,-348.82116588429426,-732.140958769919,122.1289805030787,15.74852633172226,0.03403106858081026,-0.19864631277377495,-0.00021718663232504418,0.00017844155155141705,732.1389626861712,True,0.00018638864022941964
-347.15,154.56,758.0,-347.14727390418835,154.55992436880408,-346.817345706854,154.52442880559911,-65.72553400279548,22.994314153666835,0.0347041311181633,0.10035797361495667,775.0,-347.14727390418835,-154.55992436880408,-347.2092893898585,-154.65076569107922,62.02209262306112,22.666401601041017,0.037968702301003146,-0.10296348896632501,-0.0016322855914199241,-0.00130275767568417,154.58759724833916,True,0.006634395661545089
-346.41,200.0,865.0,-346.41016151377545,200.0,-346.0363673309098,199.98296761265394,-78.14498003435516,24.16496819813978,0.036010555404925454,0.1201337004997971,887.0,-346.41016151377545,-200.0,-346.4343379994131,-200.0334622933441,74.41277253913108,23.107382264028146,0.039226345478323765,-0.12267437772679,-0.0016078950366991557,-0.0012703386134964509,200.00821495299903,True,0.00505114376049464
-346.1,699.01,2369.0,-346.1014735362285,699.0091344296234,-345.17203867941095,698.9018532313975,-126.53306760912555,26.673927608452004,0.03389344226964357,0.19715631915222587,2428.0,-346.1014735362285,-699.0091344296234,-346.83144191365085,-699.7141714450751,120.96002567944356,16.267119376206512,0.034459305060979196,-0.1967614952939594,-0.00028293139566781464,0.00019741192913323713,699.3080123382363,True,0.00025420992707573853
-345.97,388.21,1442.0,-345.969364086094,388.2076752382206,-346.1840493828783,388.37409686241637,-106.36726390588233,25.86835056558537,0.036414351593426784,0.16504905167667533,1487.0,-345.969364086094,-388.2076752382206,-346.06212469653565,-388.5308213106477,102.67741303456751,22.09757503902304,0.03992770940615428,-0.1676543917362081,-0.001756678906363749,-0.0013026700297663896,388.45245908653203,True,0.0028414131087887593
-344.47,666.21,2343.0,-344.47296691723346,666.211959561849,-343.5261700154663,666.1661035147125,-124.89736838287097,26.739418871582284,0.034398588690898235,0.19457317988840225,2287.0,-344.47296691723346,-666.211959561849,-344.2665401516361,-665.81489331555,119.5220986785182,17.328150242074027,0.03573282459214197,-0.1944415511116377,-0.0006671179506218677,6.581438838228204e-05,665.9904984151312,True,0.0006293822082263874
-342.85,363.94,1303.0,-342.8528975432066,363.93940518474693,-342.08343783634615,363.7608084804956,-104.19313016964678,26.183205663246735,0.03721689732000921,0.1616390304443925,1345.0,-342.8528975432066,-363.93940518474693,-343.2515862741202,-364.17175521005225,100.21121989284116,22.878553764716187,0.04087235083089605,-0.16369490285714533,-0.001827726755443418,-0.0010279362063764091,363.9662818452739,True,0.003155222466520416
-342.62,186.31,827.0,-342.61977785526756,186.3107292197825,-342.72897909812923,186.37922117356933,-74.46606034125375,24.36095173870343,0.03648907761096138,0.11431902344980549,813.0,-342.61977785526756,-186.3107292197825,-343.1189636686906,-186.43129736465463,71.32052510382564,23.402561634929828,0.039529552693233896,-0.11771230978138374,-0.001520237541136258,-0.0016966431657891232,186.40525926911198,True,0.005124283627695341
-340.6,529.99,2036.0,-340.6037149970264,529.9897256836441,-340.47411005314274,530.3604243710214,-117.79336824272987,26.550838344271806,0.035761661928164684,0.1833041910036715,1993.0,-340.6037149970264,-529.9897256836441,-340.464897453936,-529.9634172295279,113.00812332821859,20.398956554042655,0.03895639528831784,-0.18402767873486456,-0.0015973666800765778,-0.0003617438655965227,530.1619208002746,True,0.0018931104744915111
-340.49,116.89,720.0,-340.49420701222846,116.89180891368603,-340.1134442274793,116.90722648452272,-53.406210508656876,22.857463513698523,0.03494702341630702,0.08083326381810112,711.0,-340.49420701222846,-116.89180891368603,-340.4168530393924,-116.89256072551713,49.90587383559187,22.662347948352487,0.03749982700050565,-0.08359674106652717,-0.0012764017920993166,-0.001381738624213029,116.89989360501993,False,
-338.58,172.52,757.0,-338.5824791915798,172.5163899010278,-338.64007353316197,172.59986455717203,-71.07208916031112,24.381825903126952,0.03669105528213031,0.10896742726374684,776.0,-338.5824791915798,-172.5163899010278,-338.983635637677,-172.67505102297685,67.70735876322362,23.8609869791231,0.040090686913151284,-0.1119111316979749,-0.0016998158155104859,-0.0014718522171140308,172.63745779007445,True,0.006186523998699092
-337.99,495.74,1868.0,-337.9920348381732,495.74326458959695,-337.28385362091245,495.62932721809415,-115.26529810830293,26.835166846350983,0.036639535598452073,0.17931971340387792,1828.0,-337.9920348381732,-495.74326458959695,-337.24074519129357,-495.47333051912733,110.69000236456445,21.10636801486794,0.03965987643996186,-0.18029878852906722,-0.0015101704207548944,-0.0004895375625946496,495.55132886861077,True,0.0019147725061474249
-336.23,251.7,942.0,-336.2273211882314,251.69661993476566,-335.77910232518866,251.8704448847045,-88.53617242962684,26.135524882834144,0.03851132924855296,0.13679741728931602,923.0,-336.2273211882314,-251.69661993476566,-336.4158870011931,-251.9042714877431,85.28026402069655,24.347919346981456,0.041835981959728506,-0.13984783191220823,-0.0016623263555877732,-0.0015252073114461057,251.88735818622382,True,0.004146577505269069
-336.01,217.02,864.0,-336.01036926030855,217.01850554630377,-335.5899231390178,217.05283503554347,-81.9796503084098,25.527723206159617,0.03797039315918303,0.1263647051108463,888.0,-336.01036926030855,-217.01850554630377,-336.28417722760366,-217.01947685575473,78.45460870608296,24.41117982436062,0.04150943100303535,-0.12898285103456206,-0.0017695189219261581,-0.0013090729618578795,217.0361559456491,True,0.005122747978363088
-335.6,448.3,1586.0,-335.59549324635424,448.30309491764183,-335.47973402112575,448.51952321888865,-111.70344172532147,26.878138773625988,0.03728488003638479,0.17367293790832322,1639.0,-335.59549324635424,-448.30309491764183,-335.39631279293855,-448.0229346285577,107.39781453596406,22.206533705807345,0.04082972080810675,-0.17503652015043505,-0.0017724203858609788,-0.0006817911210559163,448.2712289237232,True,0.0024843097232283514
-335.04,461.14,1707.0,-335.0375938067097,461.13968679372005,-335.0159942643932,461.7210439136391,-112.67117891108096,27.03642715376923,0.03737512515191933,0.1752188188838177,1670.0,-335.0375938067097,-461.13968679372005,-334.5406481628358,-460.8946518530631,108.38350478581067,22.425426137282034,0.04133573850450345,-0.17659481560512932,-0.001980306676292058,-0.000687998360655806,461.3078478833511,True,0.0026972517093041557
-331.67,426.14,1554.0,-331.6748648524206,426.13587507405254,-331.44350267759654,426.4528259447165,-109.85822814757155,27.25348434897501,0.03815251131609709,0.17078562090449637,1520.0,-331.6748648524206,-426.13587507405254,-332.0472657291068,-426.5383881387927,106.03353975284138,23.019200458455515,0.041859999457806496,-0.1728241937072049,-0.0018537440708547015,-0.0010192864013542635,426.4956070417546,True,0.002730958377286459
-330.85,401.17,1441.0,-330.84607000981106,401.1743735074104,-330.7354080332844,401.631557877455,-107.52413349964952,27.296349220241183,0.0385247182742088,0.16707946591178405,1488.0,-330.84607000981106,-401.1743735074104,-330.80076080824693,-401.0244719181612,103.64783504977402,23.354973495474777,0.042081930604007396,-0.1690119608327481,-0.0017786061648992976,-0.0009662474604820309,401.3280148978081,True,0.0027845831109995943
-329.68,144.61,721.0,-329.6783975958207,144.61035287506894,-329.56385543205005,144.60547664391697,-62.54031806988013,24.860990643260063,0.037796516160917275,0.09549984803689548,710.0,-329.6783975958207,-144.61035287506894,-329.82832336066673,-144.73710551880146,59.641438185976575,24.59351215548244,0.04091438168006088,-0.09896169553233851,-0.0015589327595718037,-0.001730923747721512,144.67129108135921,True,0.006770564730990066
-329.67,14.81,620.0,-329.66771195863384,14.805394015669831,-328.4828954681413,14.443889028434361,-10.475085941184927,22.561653484478445,0.035731092846730456,0.01264869595915998,618.0,-329.66771195863384,-14.805394015669831,-329.67220517961357,-14.831041060182928,5.208042914593917,22.648875103710612,0.036228439639776656,-0.01232634429005498,-0.0002486733965231004,0.0001611758345525004,14.637465044308644,False,
-329.09,190.0,756.0,-329.08965343808666,190.0,-328.4844729012283,190.1136487367261,-75.854239146479,25.765895932808302,0.03867938031050747,0.11670283071822861,777.0,-329.08965343808666,-190.0,-329.2458518578566,-190.1233060482801,72.52174874623363,25.27350194830831,0.042552462614462314,-0.11945421296188201,-0.0019365411519774202,-0.0013756911218266998,190.1184773925031,True,0.006400033852434461
-328.11,377.28,1302.0,-328.11287463518784,377.282310079115,-328.9779438020938,377.53544886213757,-105.08223947983937,27.49790091254224,0.03914060214879666,0.1632145944909518,1346.0,-328.11287463518784,-377.282310079115,-327.59522413980545,-377.21416912845376,101.51850063786104,24.00891333730135,0.04283110405480774,-0.16558376174061673,-0.0018452509530055422,-0.0011845836248324665,377.37480899529567,True,0.0030722913664669345
-327.35,211.99,828.0,-327.35251619146044,211.9913445004763,-326.9766276138792,212.0457576967511,-80.69447544255117,26.679934371864316,0.0398655157245896,0.12442477258108323,812.0,-327.35251619146044,-211.9913445004763,-327.654684791463,-212.00865338433871,77.80827662805343,25.29166284733959,0.04284939583807593,-0.12784849642383428,-0.0014919400567431629,-0.0017118619213755265,212.0272055405449,True,0.0044211948272500105
-327.01,44.3,621.0,-327.01342138341846,44.29697771982635,-327.1398340280814,44.25399271543114,-23.36789473056982,22.56525133048574,0.035371735465361896,0.03318468688787278,617.0,-327.01342138341846,-44.29697771982635,-326.8380894212169,-44.3154314296797,19.389408122346648,23.406056645081154,0.03779462602001816,-0.03486197867730155,-0.0012114452773281312,-0.0008386458947143849,44.28471207255542,False,
-326.11,1217.07,4109.0,-326.1119968291761,1217.066541124226,-325.99220607257337,1216.602650250195,-143.34480132487073,30.36200045356593,0.03342292489112871,0.22414791926988584,3345.0,-326.1119968291761,-1217.066541124226,-326.4986210524702,-1216.2888667492687,137.17661711542516,8.654740822277743,0.02867030458472914,-0.22232198665986488,0.0023763101531997857,0.0009129663050104764,1216.4457584997317,True,-0.0012274116569160496
-325.57,1186.13,4085.0,-325.5749901122441,1186.128545231676,-325.6994900701382,1186.76838164801,-142.61682484960258,30.655459216441,0.03425535849637545,0.2229928936098911,3249.0,-325.5749901122441,-1186.128545231676,-324.1617109636846,-1185.0079540253696,136.0294773381,8.464238079880433,0.027984013563970952,-0.2204676369256194,0.0031356724662022478,0.0012626283421358492,1185.8881678366897,True,-0.0016613717635542455
-325.01,1155.15,3993.0,-325.00856177160625,1155.1490963400145,-325.0913840323132,1156.0389475773502,-141.75981608949508,30.538843655237088,0.034446101611707206,0.22163636926359737,3225.0,-325.00856177160625,-1155.1490963400145,-323.827658696717,-1154.295920611644,135.05455898360816,9.2570102005485,0.028869620141439897,-0.21891191504428445,0.0027882407351336545,0.001362227109656458,1155.1674340944971,True,-0.001516579562650505
-324.78,233.5,863.0,-324.77520228634256,233.497468893916,-324.62024047772985,233.49045283492993,-85.09895238901647,26.941158774835657,0.04001863467489833,0.13146357396805555,889.0,-324.77520228634256,-233.497468893916,-324.94688844653433,-233.73150942944218,82.20406309241908,25.81788817484102,0.043952948687259276,-0.13481144556126032,-0.0019671570061804734,-0.0016739357966023827,233.61098113218605,True,0.005290852312783518
-324.47,998.61,3566.0,-324.4678440936948,998.6093421099112,-324.90511497631735,997.9362249514625,-136.80160536342677,29.510567947981468,0.034745829749814786,0.21374741303622258,2920.0,-324.4678440936948,-998.6093421099112,-325.86872089779666,-998.9155618893892,131.07543682374248,12.224190767035644,0.03168909564552081,-0.21260394226859772,0.0015283670521469873,0.00057173538381243,998.4258934204258,True,-0.0009618153404584839
-324.41,1124.13,3969.0,-324.4102917557672,1124.1254212066099,-324.90741166127685,1124.9190243824908,-140.91918433784443,30.546057911908225,0.034838708312919256,0.22030071538228244,3135.0,-324.4102917557672,-1124.1254212066099,-325.8915274925194,-1124.434876925747,134.73197289476718,9.832636983255684,0.029420051227960643,-0.21842377948331856,0.0027093285424793067,0.0009384679494819359,1124.6769506541189,True,-0.0015136091551024907
-323.73,967.26,3590.0,-323.7296381649354,967.2637289662008,-321.73841832310467,966.9339549609091,-135.99551136636896,29.927144065256453,0.0357885151917095,0.21250325704194034,2896.0,-323.7296381649354,-967.2637289662008,-325.1739248098097,-967.8701725790064,130.2263900327998,13.534969757770574,0.033395053161634054,-0.21124413318280894,0.001196731015037724,0.0006295619295657029,967.4020637699577,True,-0.0007772655250525886
-322.94,935.85,3669.0,-322.9407613286608,935.8468168842938,-322.93848404003523,936.588707639765,-134.88043529415256,29.634627938662316,0.03569459873759744,0.21071386118149443,2818.0,-322.9407613286608,-935.8468168842938,-323.37427555031763,-935.6159214061234,128.81006225020732,13.644429844353924,0.033174247361057944,-0.208967937250771,0.001260175688269749,0.0008729619653617127,936.1023145229442,True,-0.0008458388838656523
-322.1,904.35,3693.0,-322.0960183656241,904.3528929311896,-322.7599948469735,903.9369861838906,-133.61812243476976,29.316719698931024,0.03558851680642763,0.20870701382080725,2794.0,-322.0960183656241,-904.3528929311896,-321.92856690457273,-903.7839140066632,127.66467997011254,14.506433889476915,0.03415632367747512,-0.20712729918013784,0.0007160965644762533,0.0007898573203347081,903.8604500952769,True,-0.0004977944783361957
-321.73,73.43,622.0,-321.7262110200018,73.43190820558362,-321.50321689643306,73.35027246637033,-36.23021646340745,24.084976002986892,0.037434111054280114,0.05372473921916207,616.0,-321.7262110200018,-73.43190820558362,-321.7902577430811,-73.52875564299366,33.053279586247974,24.18399944111405,0.0393905352234417,-0.05654688487220433,-0.000978212084580793,-0.0014110728265211286,73.439514054682,False,
-321.45,776.06,2540.0,-321.4540831866754,776.0588073094808,-321.9368279428665,776.7742109961308,-128.93669464380983,28.976547968971783,0.03660447574111184,0.20126637138695963,2605.0,-321.4540831866754,-776.0588073094808,-320.6455774496828,-775.6563835921053,123.65639979466278,17.500985504077168,0.037353126206544345,-0.20073221041088932,-0.0003743252327162508,0.0002670804880351568,776.215297294118,True,0.00030300289243309517
-320.32,743.97,2516.0,-320.3154775651395,743.9744584541977,-319.6642011950852,744.1702886801,-127.56021014983573,28.8146932916568,0.03674617537362967,0.1991034610720322,2453.0,-320.3154775651393,-743.9744584541977,-321.7203559764552,-744.8022497387932,122.75516800855786,17.804012511917062,0.037457538928167715,-0.1993110182580476,-0.0003556817772690235,-0.00010377859300769732,744.4862692094466,True,0.000300182099979003
-319.38,460.0,1585.0,-319.3806766835799,459.99563406747524,-318.96492339612666,460.0468621276277,-112.43562642396279,28.46216471817688,0.039664760620106376,0.17504050248646613,1640.0,-319.3806766835799,-459.99563406747524,-320.0419136312163,-460.3342288081648,108.46133694356654,23.62737326880334,0.043241833291843744,-0.17654112372304143,-0.0017885363358686839,-0.0007503106182876473,460.1905454678963,True,0.0024419678625646367
-319.07,711.75,2368.0,-319.07353699364523,711.7528208517091,-319.76497002754735,711.6410187381549,-126.17711389786386,28.93594045923881,0.037337531320685236,0.19690096090614284,2429.0,-319.07353699364523,-711.7528208517091,-320.1619681978544,-712.2133369299901,121.69541900547507,18.999547447589446,0.038961176343618585,-0.19760528980242734,-0.0008118225114666748,-0.00035216444814224757,711.9271778340725,True,0.0007164821676851174
-318.69,206.96,755.0,-318.6948158192611,206.9628333057103,-318.3673726150299,207.10061959531683,-79.67055128515547,27.26116835689103,0.040851141314860846,0.12290058398348569,778.0,-318.6948158192611,-206.9628333057103,-318.41331550402305,-206.91453878647835,76.70129372035763,26.58253491014027,0.04484149505173416,-0.12597349960810056,-0.001995176868436657,-0.0015364578123074346,207.0075791908976,True,0.006055848792582282
-317.71,679.38,2344.0,-317.71435980639603,679.3802952491425,-317.2989388956026,679.7604949384408,-124.92293713154201,29.063908085900483,0.037931638034160525,0.1949350780038033,2286.0,-317.71435980639603,-679.3802952491425,-317.39773612821034,-679.0442336208904,120.15425561665255,19.333864699018815,0.039087037666498056,-0.19511859861282785,-0.0005776998161687655,-9.17603045122728e-05,679.4023642796656,True,0.0005342629327998314
-317.41,275.04,943.0,-317.4148212287885,275.0415082570197,-317.724054436916,275.1532148104324,-92.14479869021733,28.15769850596374,0.04144457507602389,0.14276184404242886,922.0,-317.4148212287885,-275.0415082570197,-317.24007545576694,-274.94573547478575,89.48268409363499,26.237092465897067,0.04512488254640165,-0.14630134554400107,-0.0018401537351888791,-0.0017697507507861004,275.0494751426091,True,0.0042036171513854595
-316.61,171.34,722.0,-316.610550434336,171.34106149334653,-316.27420856768316,171.315207618783,-70.60077500740924,27.026631451410932,0.04091612720606586,0.10849122163337871,709.0,-316.610550434336,-171.34106149334653,-316.7772320080938,-171.37302420762856,68.06741705311096,26.35101155917114,0.044037738229416167,-0.11221222104153047,-0.001560805511675152,-0.0018604997040758825,171.34411591320577,True,0.005723470692912428
-315.24,413.55,1440.0,-315.23721370265173,413.5522930621817,-314.28203692448506,413.34103619887765,-108.35348762011834,29.011199732289466,0.041110581967435215,0.16860092797985113,1489.0,-315.23721370265173,-413.5522930621817,-314.88756035383085,-413.2060542371173,104.66016794021198,24.724307261402362,0.0444104804880927,-0.17042825013417043,-0.0016499492603287425,-0.0009136610771596498,413.2735452179975,True,0.002508492757411058
-315.0,545.6,2037.0,-315.0,545.5960043841964,-314.19785852674926,545.5224516035893,-118.05543579864025,28.868035960805543,0.03926390753990028,0.18404308901273622,1992.0,-315.0,-545.5960043841964,-315.07193025021377,-545.3019156617111,113.62186248707678,22.22981412593873,0.04205814578914231,-0.1846934879634218,-0.0013971191246210171,-0.00032519947534279114,545.4121836326501,True,0.0016094906970598299
-313.85,101.98,623.0,-313.84865037740065,101.97560814373264,-313.62032340337896,102.00022287474248,-47.972750862339744,25.42837343073215,0.03922131930050149,0.07251010474208279,615.0,-313.84865037740065,-101.97560814373264,-313.87369567499485,-102.00829247003448,45.25218618455538,25.47058354228308,0.041786985532383816,-0.07586509380569512,-0.0012828331159411635,-0.0016774945318061632,102.00425767238848,False,
-312.86,511.97,1869.0,-312.86112202769885,511.9745289792934,-313.4150830956411,512.431045722999,-115.90526928850313,28.941947815791266,0.03978681146072121,0.18063057935661533,1827.0,-312.861122027699,-511.9745289792933,-313.5052324182907,-512.4164577373679,112.05567157211583,23.221259659265062,0.04323333305244772,-0.1821816303981608,-0.0017232607958632545,-0.0007755255207727296,512.4237517301834,True,0.0021130103506029232
-312.85,390.03,1301.0,-312.85403783028,390.0286540926061,-312.5981493434717,390.2445946743858,-106.24430918973422,29.018029172362763,0.04140431285166264,0.16526468877478911,1347.0,-312.85403783028,-390.0286540926061,-313.04177478264427,-389.88691178578847,102.66785568516131,25.38380517370217,0.04517451511013113,-0.16723478141261583,-0.001885101129234245,-0.0009850463189133574,390.0657532300871,True,0.00303652387313418
-312.73,249.4,862.0,-312.73259298721194,249.39592074349335,-312.53132193303367,249.6266617168682,-87.99798856104546,28.341224226174536,0.04204928833480939,0.13622558599531742,890.0,-312.73259298721194,-249.39592074349335,-313.0884148521053,-249.6109738460192,85.36205138204053,27.188704626969017,0.0463291462014525,-0.13969230962205456,-0.0021399289333215547,-0.0017333618133685696,249.61881778144368,True,0.005386440874832956
-310.44,478.04,1708.0,-310.4442499585654,478.0422237288917,-310.0408668385942,478.1555147571416,-113.42471963139475,29.215972817019857,0.04064270729335942,0.17672398589643895,1669.0,-310.4442499585654,-478.0422237288917,-310.5515930897447,-477.8399516302887,109.54881869366245,24.003619528605558,0.044055039925005764,-0.17815567698533358,-0.0017061663158231717,-0.0007158455444473133,477.99773319371513,True,0.0022427217500716446
-310.16,236.43,829.0,-310.16421979663636,236.4279102769888,-309.8599444393194,236.64658576235294,-85.58953404109415,28.61610907071848,0.042645747790788995,0.13242512786238825,811.0,-310.16421979663636,-236.4279102769888,-309.9171409368237,-236.30486393700153,82.91749970617869,27.427553072294604,0.04654632574161308,-0.13576284628787796,-0.0019502889754120442,-0.0016688592127448582,236.47572484967725,True,0.005181938671655587
-307.7,443.76,1555.0,-307.6963510555437,443.76002022163243,-308.27214669741664,443.800527797714,-110.72787527917684,29.429372079082967,0.04140308736072745,0.1724534862699748,1519.0,-307.6963510555437,-443.76002022163243,-307.5412948107473,-443.51213175595245,106.98791112239739,25.05644641452992,0.04531025407743598,-0.17404299895629438,-0.0019535833583542647,-0.0007947563431597859,443.6563297768332,True,0.0027667195145703134
-307.43,223.36,754.0,-307.42645786248005,223.3583958711398,-307.294194820178,223.4540896708622,-83.05055273446544,28.91525531623643,0.043283421969336856,0.12841563627468866,779.0,-307.42645786248005,-223.3583958711398,-307.5126016387198,-223.36815809061736,80.45635520253488,27.814817127417765,0.04700424014261996,-0.1318163648261434,-0.001860409086641552,-0.0017003642757273674,223.41112388073978,True,0.005232190248847911
-303.44,129.7,624.0,-303.4441649419787,129.69826044579477,-303.23278224236407,129.61734538428163,-58.00107960457976,27.278862950264763,0.04182823869208786,0.08859790157965759,614.0,-303.4441649419787,-129.69826044579477,-303.4848466065658,-129.75538463239528,55.66626780402513,27.275549937422742,0.04499949665635557,-0.0923123875280046,-0.001585628982133852,-0.0018572429741735008,129.68636500833844,True,0.007682226826652874
-302.76,471.1,1584.0,-302.7588577751346,471.10197838546145,-303.0470907599595,471.0241221759498,-112.7452839365626,29.826182718277526,0.04170122448592092,0.17572828298888316,1641.0,-302.7588577751346,-471.10197838546145,-302.44538402554576,-470.90164218789687,109.04941685328275,24.923995686321593,0.04543489078753907,-0.17726157774798212,-0.0018668331508090753,-0.0007666473795494844,470.9628821819233,True,0.0024905696537648645
-301.38,196.9,723.0,-301.37993217451026,196.9013369240737,-301.16492465019,197.05520702672152,-77.20468574981062,29.093806534524166,0.043890901458758014,0.11918671500752377,708.0,-301.37993217451026,-196.9013369240737,-301.24912770116345,-196.89623141204518,74.91809694548344,28.28192316868714,0.04742346152890755,-0.12292524445346002,-0.001766280035074768,-0.0018692647229681253,196.97571921938334,True,0.005634128312224152
-299.91,264.67,861.0,-299.9124811870936,264.67433503874383,-299.43650607107855,264.7764052757969,-90.6067707573989,29.736250281956117,0.04408400276163806,0.14053796366992632,891.0,-299.9124811870936,-264.67433503874383,-299.75443111895953,-264.61142706224655,87.89071919920502,28.49339917991229,0.0485893422183031,-0.14355350851040463,-0.002252669728332518,-0.0015077724202391535,264.6939161690217,True,0.005347286233034927
-299.17,425.32,1439.0,-299.16570331368274,425.3232675986931,-299.8415053469444,425.4163511623551,-108.84108221330838,30.30586372181429,0.043023217648429174,0.16955381167563371,1490.0,-299.16570331368274,-425.3232675986931,-299.62994755284245,-425.6380078883517,105.75552412137479,26.230733789027344,0.046960286569954685,-0.17198470407090494,-0.0019685344607627553,-0.0012154461976356112,425.5271795253534,True,0.002906669043875797
-297.1,402.16,1300.0,-297.10051448585523,402.1582826353824,-296.5475807429373,402.04080134002766,-107.2153096545412,30.512392790239648,0.04363819859426669,0.1670066548901883,1348.0,-297.10051448585523,-402.1582826353824,-297.63639396461514,-402.4668230999759,103.8336621497712,27.02532299954648,0.04794113770428041,-0.16890155074698274,-0.0021514695550068595,-0.0009474479283972242,402.2538122200018,True,0.0033605851544969215
-297.06,1224.48,4108.0,-297.05625874187837,1224.4825760876624,-298.4478029569987,1224.2236951103725,-142.88067048596184,32.462737812223075,0.03667301750915901,0.22374656765505063,3346.0,-297.0562587418781,-1224.4825760876627,-299.3538558574516,-1225.3507218301966,137.9129391660852,10.375562887769147,0.0315200582571111,-0.22316143839763505,0.0025764796260239545,0.0002925646287077893,1224.7872084702844,True,-0.001321739712704881
-296.98,296.98,944.0,-296.98484809834997,296.98484809834997,-296.66296791394365,296.97312362496774,-95.36621164490764,30.38275822406531,0.04471863977283154,0.14814681655250014,921.0,-296.98484809834997,-296.98484809834997,-296.9109698449112,-296.91986111154694,92.6394476440989,28.412084800301333,0.04885560687901148,-0.15107652077138134,-0.002068483553089969,-0.001464852109440598,296.94649236825734,True,0.004376770159924888
-296.6,1193.7,4086.0,-296.5950024007722,1193.7049068136087,-297.07566365231355,1194.4411570009088,-142.3326221312319,31.92563673558904,0.03618294053254994,0.2228911261608037,3248.0,-296.59500240077256,-1193.7049068136084,-295.651650743905,-1192.838906545278,136.38329067126352,10.777157409084992,0.0317610444691927,-0.22068158640060737,0.002210948031678619,0.0011047698800981665,1193.6400317730934,True,-0.0011638178862806022
-296.11,1162.89,3992.0,-296.10887722835247,1162.8927434748935,-294.5572963583557,1162.638388486198,-141.43224421480636,32.60173344076545,0.03764846950213948,0.2214889725762328,3226.0,-296.1088772283522,-1162.8927434748935,-297.29138423495664,-1163.0815037737818,136.07672349616365,11.84321421013248,0.03309328845977552,-0.22021375135911916,0.002277590521181979,0.0006376106085568128,1162.85994612999,True,-0.0012306317150304882
-295.82,1007.47,3567.0,-295.8191846835011,1007.4676222952222,-296.55284767173345,1006.9647504640961,-136.37723548671852,31.424205073922547,0.03768090572157405,0.21341923684895675,2919.0,-295.8191846835013,-1007.4676222952222,-295.34534585888946,-1006.4873583301551,131.1522516749341,14.463163866591055,0.03534526359355526,-0.21235237795526737,0.0011678210640093944,0.0005334294468446882,1006.7260543971256,True,-0.0007288612546332454
-295.6,1132.04,3970.0,-295.5958612908202,1132.0437654029715,-295.92752367383497,1132.941716752942,-140.4970156666094,31.884740285838657,0.0368710337875168,0.2199837289758111,3134.0,-295.5958612908202,-1132.0437654029715,-297.0144914936436,-1132.3152356698527,134.97782668972363,12.06837302955943,0.03307484619989255,-0.21846141167429992,0.0018980937938121237,0.0007611586507555862,1132.6284762113974,True,-0.0010529556061332132
-295.32,239.14,753.0,-295.31546535364896,239.14174859893822,-295.04842739076486,239.17069398768842,-86.08778473941452,30.223328392725126,0.04517280410313167,0.13339951472522582,780.0,-295.31546535364896,-239.14174859893822,-295.2467317067834,-239.04176728124244,83.70092280879682,29.193275698972084,0.049390079364269604,-0.13683003477717298,-0.0021086376305689686,-0.0017152600259735806,239.10623063446542,True,0.005541035439938544
-295.19,976.35,3589.0,-295.1946729695468,976.3504007529276,-295.82486609294114,975.8836552130765,-135.46490151417387,31.513719432085093,0.03820402157770448,0.2119761278047913,2897.0,-295.1946729695468,-976.3504007529276,-294.619805791231,-975.370867737905,130.07938627458614,14.966824470071046,0.035765781524278575,-0.21063597396836561,0.001219120026712952,0.0006700769182128447,975.6272614754907,True,-0.0007851315089275655
-294.53,945.17,3670.0,-294.5280233166509,945.1736578434601,-294.5738306597329,945.9849624181452,-134.99760449694762,31.87815436445833,0.03915020626646563,0.21124772289996577,2817.0,-294.5280233166512,-945.1736578434601,-294.06320487611924,-944.8911787581395,129.14747795332644,15.958900060181975,0.0369714349410989,-0.2091459791336888,0.0010893856626833648,0.0010508718831384878,945.4380705881424,True,-0.0007239831145540989
-293.81,913.93,3692.0,-293.81496440437195,913.9325832314206,-294.60164717847755,914.7979359468064,-133.55210170588126,31.356389323863095,0.03870173808015207,0.20894679308730194,2795.0,-293.81496440437195,-913.9325832314206,-294.1523430586072,-913.5475893408922,128.3715470484232,16.74746860207556,0.037842616665919905,-0.2079121384164603,0.0004295607071160834,0.0005173273354208141,914.1727626438493,True,-0.00029524064091427656
-293.55,787.04,2539.0,-293.5499108632426,787.0377689997998,-292.36013320918227,786.7471489327501,-129.12253637400434,31.265863701984163,0.04012589659282835,0.20192437266490665,2606.0,-293.5499108632424,-787.0377689997999,-295.20323317152855,-787.8469606868348,124.29143083597414,19.357127566257883,0.040456565716272826,-0.20143130200315706,-0.0001653345617222378,0.00024653533087479196,787.2970548097924,True,0.00013194863141373207
-292.61,755.3,2517.0,-292.60574961159386,755.3025058175282,-293.50944523735626,755.3381874040233,-127.44081769136993,31.066797182932742,0.04019373708746317,0.19923375865936482,2452.0,-292.605749611594,-755.3025058175281,-293.18331796769047,-754.8351247140282,123.00562407979312,19.803813441646774,0.04076319330746928,-0.19936013914538248,-0.00028472811000305673,-6.319024300882603e-05,755.0866560590257,True,0.00023692637963560725
-291.58,723.45,2367.0,-291.57731603579964,723.4519118596338,-291.7521156792387,724.1016788902359,-126.48571352758805,30.999289279474922,0.04046884759448301,0.19773518513845295,2430.0,-291.5773160357995,-723.4519118596339,-291.5868820503908,-723.1297956819252,121.92533836089706,20.688821546381813,0.041783433148399184,-0.1976212595168742,-0.0006572927769580884,5.696281078937382e-05,723.6157372860805,True,0.0005707300305805239
-291.16,259.48,830.0,-291.15575642866554,259.4770230645704,-291.29112807753376,259.61876836532946,-89.51727065840852,30.73735689922508,0.04574047886796224,0.13890372663070238,810.0,-291.15575642866554,-259.4770230645704,-291.30868226389293,-259.5209426722492,87.29598917383682,29.59593067442762,0.05028173256674504,-0.14250353141987682,-0.0022706268493914022,-0.0017999023945872161,259.5698555187893,True,0.005496312054290455
-290.6,156.38,625.0,-290.59652551272353,156.37665861608954,-290.1302310568214,156.29972023273777,-66.44244752353052,29.50929905685308,0.04505130968732879,0.10219322247615038,613.0,-290.59652551272353,-156.37665861608954,-290.66026470494313,-156.46529348060423,64.76915720902228,29.346638324806005,0.04862285172972705,-0.1066430236736159,-0.0017857710211991312,-0.0022249005987327597,156.382506856671,True,0.007174926702427925
-290.45,691.47,2345.0,-290.4533809879807,691.4743910461551,-290.4281605907737,691.8543577706168,-124.97214605993243,31.376070374312928,0.04146344539846531,0.19534248213869898,2285.0,-290.4533809879807,-691.4743910461551,-291.4610524585564,-691.9401199885032,120.77816335226441,21.202197985016046,0.04221851801508453,-0.19579393275312293,-0.00037753630830960824,-0.00022572530721197415,691.8972388795601,True,0.00034284434913183317
-288.68,559.97,2038.0,-288.68270868826846,559.9663326526017,-288.8840272683971,560.4650705534067,-118.34654098612337,31.019950434418206,0.04250578394686585,0.18481641511289268,1991.0,-288.68270868826863,-559.9663326526017,-289.4076561326165,-560.369587922465,114.82366039884094,24.263008721865432,0.045478608864642334,-0.18629189907709953,-0.0014864124588882428,-0.0007377419821034265,560.4173292379359,True,0.0016665089451811128
-286.95,526.93,1870.0,-286.9523871727909,526.9329440221371,-286.9253613512291,527.3720835997593,-116.39254102972778,31.16991671402715,0.043149751607273565,0.18173051532262638,1826.0,-286.952387172791,-526.932944022137,-287.9104512004075,-527.2392575763964,112.83316618708392,25.393863541297943,0.04687267395200914,-0.1831055929189432,-0.0018614611723677885,-0.0006875387981584158,527.3056705880779,True,0.0022180503909739325
-286.35,279.29,860.0,-286.3467397038874,279.2947272344291,-286.2655006886401,279.5963850427754,-92.73136507621184,31.203290341168042,0.04623736964285832,0.1440806654945682,892.0,-286.3467397038874,-279.2947272344291,-286.2785961302791,-279.22544454048165,90.2337396837487,29.853440293662047,0.05093289235450902,-0.1471175032436922,-0.0023477613558253486,-0.0015184188745619998,279.41091479162856,True,0.00527947151480706
-285.75,481.61,1583.0,-285.7512185141038,481.60797451631225,-285.7084626156685,482.0327436434206,-113.2739634492292,31.42993559827345,0.0441188541809547,0.17678204827490832,1642.0,-285.7512185141038,-481.60797451631225,-285.8873265616801,-481.3995182297252,109.72869178296135,26.319766975398625,0.047784896991449194,-0.17813989129519447,-0.0018330214052472461,-0.0006789215101430796,481.7161309365729,True,0.0023908713911661877
-285.0,493.63,1709.0,-285.0,493.63448015713,-285.6904860489165,493.9369956604011,-114.04405462330573,31.377541246814346,0.043889674929206035,0.17800790660329086,1668.0,-285.0,-493.63448015713,-285.7073210168739,-493.9128182652607,110.6520378597824,26.118921525179843,0.047618491575511734,-0.17960723769527642,-0.0018644083231528497,-0.0007996655459927837,493.9249069628309,True,0.002371701207507411
-284.09,221.12,724.0,-284.0905833827017,221.1165765682804,-284.18562558639195,221.21036282638337,-82.37807426170166,31.239497027288092,0.04701004640367331,0.1276283635645482,707.0,-284.0905833827017,-221.1165765682804,-284.00214619026434,-221.26054740487507,80.50614517908858,30.622733371293418,0.051447365791737594,-0.13160767612493268,-0.002218659694032142,-0.001989656280192237,221.23545511562924,True,0.006301092193332396
-282.78,460.04,1556.0,-282.7833735534541,460.0364807726966,-283.1173226870076,460.1346806445058,-111.51892651261618,31.761633751133463,0.04491495317084936,0.1740205538576112,1518.0,-282.783373553454,-460.0364807726967,-282.7370387217085,-459.80921141495736,108.2048059901163,27.19303268542905,0.04891032663345382,-0.17567597023909476,-0.001997686731302229,-0.0008277081907417799,459.9719460297316,True,0.002728826404916107
-282.66,436.47,1438.0,-282.65512600063505,436.4700215886139,-282.6030090527824,436.73706884551643,-109.68412487072442,31.801879128137927,0.04526555559466451,0.1711066751337347,1491.0,-282.65512600063505,-436.4700215886139,-282.72419856968276,-436.42292407742053,106.40747862506281,27.505584470755178,0.04912135702294794,-0.1728152776410753,-0.0019279007141417143,-0.0008543012536702949,436.57999646146845,True,0.002774602029175963
-282.4,254.27,752.0,-282.3950336814098,254.26963041636614,-282.7387437841951,254.42805575737904,-88.5267529794191,31.686518598618306,0.047314687146971915,0.1374320096008138,781.0,-282.3950336814098,-254.26963041636614,-282.7080634280535,-254.45359575756274,86.55228437657404,30.723224934138432,0.052013817444074274,-0.1412145569274659,-0.0023495651485511797,-0.0018912736633260457,254.4408257574709,True,0.0058020379299152346
-280.88,413.65,1299.0,-280.87721416038545,413.65201627152857,-281.37657579334746,413.7385648472896,-107.75188507334178,31.88038295518633,0.04567216037046642,0.1680464400786677,1349.0,-280.87721416038556,-413.6520162715285,-280.37039409864184,-413.409038376698,104.66858092695539,28.308579505223292,0.05011751287925518,-0.17001890901972586,-0.0022226762543943804,-0.0009862344705290765,413.57380161199376,True,0.0033767822646875137
-279.29,19.97,489.0,-279.286592090871,19.974971295785068,-279.15437672891954,19.999533463974505,-12.178233497555368,28.046741433623797,0.044392841624050605,0.015963464514034346,492.0,-279.286592090871,-19.974971295785068,-279.09649390533576,-20.023316078658315,8.47210798300644,28.476704675272376,0.04556730812917806,-0.016901865828265736,-0.0005872332525637264,-0.00046920065711569467,20.01142477131641,False,
-277.15,39.85,488.0,-277.15000372666117,39.848154716519865,-277.09318067903587,39.83161094560086,-21.516206413032588,28.177540306320694,0.0443581315805647,0.030850553405703293,493.0,-277.15000372666117,-39.848154716519865,-277.0782839336669,-39.891145931910955,18.63569928868918,29.09994631271165,0.04680254877578641,-0.03305300682414707,-0.001222208597610852,-0.0011012267092218898,39.86137843875591,False,
-275.41,181.8,626.0,-275.4091737280299,181.79600387919376,-275.02477763437327,181.85472087394237,-73.57065401036711,31.671913047108973,0.04818024535324871,0.11372311153201564,612.0,-275.4091737280299,-181.79600387919376,-275.53827525210727,-181.84066063343838,72.00746697722231,31.281587363082533,0.05201319020356367,-0.1179779528714265,-0.0019164724251574776,-0.002127420669705428,181.84769075369036,True,0.00662177855185105
-275.04,317.41,945.0,-275.0415082570197,317.4148212287885,-274.9882135853991,317.7013007582102,-97.75602137181075,32.50448406849117,0.04784161391007909,0.1522157669916029,920.0,-275.0415082570197,-317.4148212287885,-274.88544803124086,-317.28413954728506,95.33741937842383,30.332754538633818,0.05216184847357618,-0.1551007301816617,-0.0021601172817485477,-0.0014424815950293962,317.49272015274767,True,0.00427487507743088
-273.6,59.52,487.0,-273.60112247192467,59.5182810748335,-273.40706421234523,59.483743090628,-30.351318630639494,29.120949667405682,0.04561893508308722,0.044957214996107275,494.0,-273.60112247192467,-59.5182810748335,-273.7610293799746,-59.545243543860984,27.97920668561041,29.700591757387997,0.047999208891701096,-0.04788303437797907,-0.0011901369043069397,-0.0014629096909358971,59.514493317244494,False,
-272.07,293.22,859.0,-272.0690951083678,293.22074873193054,-271.6079632634373,293.0697384017315,-94.51496339983782,32.844171052622904,0.04868390461231272,0.14709886085472407,893.0,-272.0690951083678,-293.22074873193054,-272.365189129981,-293.4016180991785,92.37101886122218,31.279176414710154,0.05337563707959055,-0.1503486915842403,-0.0023458662336389158,-0.0016249153647581172,293.235678250455,True,0.005026507122103884
-270.44,281.0,831.0,-270.43867530897427,281.0034215043069,-270.1204480804692,280.9880431137631,-92.6325769135186,32.993844407623776,0.04907008134971458,0.1441211672717441,809.0,-270.43867530897427,-281.0034215043069,-270.3265399940155,-280.92370147398043,90.70145642227173,31.60855914341658,0.05374704926762339,-0.14766653315398356,-0.0023384839589544043,-0.0017726829411197353,280.9558722938718,True,0.005229692453841603
-268.7,268.7,751.0,-268.70057685088807,268.70057685088807,-268.46177950824796,268.90217110291854,-90.90441549243906,33.13658998111067,0.04944528333260208,0.14139102661449468,782.0,-268.70057685088807,-268.70057685088807,-268.49443541784734,-268.6188031260454,88.77465480780204,32.01864869633871,0.0542490293059558,-0.1445774954059396,-0.002401872986676861,-0.0015932343957224537,268.760487114482,True,0.005615190395592349
-268.66,78.89,486.0,-268.6580326120593,78.88511591560035,-268.5121264285171,78.90758870275589,-39.01624709675125,30.101244039269258,0.04694123872249906,0.05880782513554427,495.0,-268.6580326120593,-78.88511591560035,-268.5786527599371,-78.90601576380156,36.96463877664045,30.603680596576712,0.04967363027191885,-0.06212032528314634,-0.0013661957747098975,-0.0016562500738010327,78.90680223327873,False,
-268.38,491.5,1582.0,-268.37943256323183,491.5002341576631,-267.63940259622694,491.27132509309337,-113.72065839525993,33.07508928898928,0.046624052944807766,0.17771427664991904,1643.0,-268.3794325632317,-491.5002341576631,-268.73066631246365,-491.6810493522641,110.39201748136112,27.760967792371193,0.050204556964271084,-0.1789854897803688,-0.001790252009731659,-0.0006356065652248777,491.47618722267873,True,0.0022887141668571235
-267.83,1231.21,4107.0,-267.8322648367504,1231.205051123661,-267.6209806239685,1231.688917430995,-143.05489564289894,34.12962116867345,0.039234518391289816,0.22440139086123495,3347.0,-267.83226483675014,-1231.2050511236612,-267.4522608222494,-1230.7744778722983,137.58970585017485,11.647681122422128,0.033611121902640796,-0.22225629862870863,0.00281169824432451,0.0010725461162631594,1231.2316976516468,True,-0.0014348575601698626
-267.44,1200.57,4087.0,-267.4391159653151,1200.5733293937903,-268.7679334884858,1200.2400863747741,-141.70803693045727,34.3702719007024,0.04000267890766845,0.2222437519433042,3247.0,-267.4391159653148,-1200.5733293937903,-268.74561771711905,-1200.9253157327057,137.20015208696003,13.302815775179488,0.035879788638387686,-0.22165214426535562,0.0020614451346403807,0.0002958038389742901,1200.58270105374,True,-0.0010788462777417207
-267.03,1169.91,3991.0,-267.0251207475774,1169.9134946181885,-267.9535633330496,1169.304820844189,-140.69884484260862,34.06749782157929,0.03989966235205087,0.2206475464194013,3227.0,-267.0251207475768,-1169.9134946181885,-267.6811083984756,-1169.9879934203775,136.20181088396933,13.29638659320286,0.035490667730413476,-0.22005019787512656,0.002204497310818697,0.00029867427213736697,1169.6464071322832,True,-0.0011842267054889874
-266.93,1015.5,3568.0,-266.9292509031614,1015.504197437055,-265.76346733748784,1015.573605650543,-136.84436124131344,33.661000211255576,0.04113544333356061,0.2145397672835159,2918.0,-266.9292509031611,-1015.504197437055,-266.3254687120081,-1014.3570433905825,131.61246589879178,16.684594582332053,0.03897716020445648,-0.2127294259932136,0.0010791415645520636,0.0009051706451511515,1014.9653245205627,True,-0.0006680471006202289
-266.59,1139.22,3971.0,-266.588605416671,1139.2236459370015,-268.0175816600337,1138.9172909827173,-139.85096976868894,34.258184689721936,0.040575305182354776,0.21929732729730025,3133.0,-266.58860541667127,-1139.2236459370015,-267.29773353569226,-1139.2781383937397,135.39540201316632,14.490030874239343,0.0370143088452356,-0.21876206311416815,0.0017804981685595883,0.00026763209156605017,1139.0977146882285,True,-0.0009821106466898417
-266.41,984.6,3588.0,-266.40525364241194,984.5954706536701,-266.620578135212,985.2017608885459,-135.4613669852865,33.65618817287382,0.04149974789545257,0.2123281665496849,2898.0,-266.40525364241194,-984.5954706536701,-267.0022185595383,-984.5503885010348,130.89414613039324,17.643481278950986,0.040138234486970896,-0.21159447271162415,0.0006807567042408369,0.0003668469190303697,984.8760746947903,True,-0.0004343003786720631
-265.85,953.64,3671.0,-265.846548799633,953.6380930370411,-266.84733039230906,953.2219809942304,-134.10065407558207,33.666089733625135,0.04190716221561526,0.2101597476638597,2816.0,-265.8465487996328,-953.6380930370411,-265.62731060460635,-953.1271254225088,129.6008915205891,18.017413554562644,0.040348526336984325,-0.209519355612933,0.0007793179393154673,0.00032019602546334847,953.1745532083696,True,-0.000513714828983479
-265.73,446.98,1437.0,-265.72971331249744,446.97619563334456,-265.57616474599354,446.89686045447525,-110.26285584155112,33.38083869852241,0.047654121108144834,0.17223628138131175,1492.0,-265.72971331249755,-446.9761956333445,-266.19813419427066,-447.16801104729416,107.3325976574518,29.386976109667017,0.05224727960380949,-0.1740852560485375,-0.0022965792478323276,-0.000924487333612875,447.0324357508847,True,0.003227916328379102
-265.27,797.01,2538.0,-265.2716535966209,797.0137701433486,-266.1856581068676,797.0634434086049,-128.5344836132825,33.33266555870469,0.0432889705331399,0.20130901571471815,2607.0,-265.2716535966209,-797.0137701433486,-265.233244828087,-796.6272456781667,124.32185102335798,21.403011466990222,0.043820222986297425,-0.20111267560089233,-0.00026562622657876067,9.817005691291347e-05,796.8453445433859,True,0.00020944827192252661
-265.25,922.63,3691.0,-265.249663440797,922.6281027827757,-264.52152965918185,922.9677946665565,-133.48412476572366,33.78409540414023,0.04246549627255559,0.20920699481009147,2796.0,-265.24966344079724,-922.6281027827757,-265.35518530519124,-922.2802363197065,128.49702553837764,18.515166248759282,0.04076294334017702,-0.2077591656259741,0.0008512764661892831,0.0007239145920586859,922.6240154931315,True,-0.0005797299544440573
-264.86,243.82,725.0,-264.86060784232734,243.82136578526686,-264.5249385725161,243.75040123021333,-86.48940352056995,33.44931544166926,0.05025103440467466,0.1344125312073031,706.0,-264.86060784232734,-243.82136578526686,-264.81829442629004,-243.72004992020402,84.87543237619737,32.62345953283981,0.05490668129357104,-0.13832666856489945,-0.0023278234444481898,-0.0019570686787981767,243.7352255752087,True,0.006000833908741637
-264.5,765.6,2518.0,-264.4963574004675,765.5989008102638,-265.2095502436393,765.5096191881315,-127.52299160222141,33.40253650404721,0.04378661242563953,0.19971113054665485,2451.0,-264.4963574004675,-765.5989008102638,-264.9922587659566,-765.2625505990623,123.30822549310328,21.999523099161923,0.04438547816527832,-0.19949648911528534,-0.0002994328698193924,0.00010732071568475554,765.386084893597,True,0.00024580956529897884
-264.21,424.49,1298.0,-264.20978922630974,424.4916810456819,-263.97504043284397,424.6817624297762,-108.46859166254893,33.35642444355795,0.04788733231738318,0.16940023017432868,1350.0,-264.20978922630985,-424.4916810456819,-264.29106713689447,-424.34791511035786,105.39954313416473,29.656384381221255,0.05239657908923501,-0.17098534842354995,-0.0022546233859259135,-0.0007925591246106395,424.51483877006706,True,0.0033370368330860956
-263.65,734.09,2366.0,-263.6531651586321,734.0892374240581,-264.32465073414863,733.9348811989139,-126.1315946719718,33.55422927120225,0.04441473392244005,0.19750749089441993,2431.0,-263.6531651586321,-734.0892374240581,-263.58731515447744,-733.8228067702756,122.14268945651504,22.586216397140532,0.04493418786006027,-0.19762427459324283,-0.0002597269688101103,-5.8391849411448815e-05,733.8788439845948,True,0.00022236813169943786
-262.73,702.48,2346.0,-262.73313567286823,702.4751237015458,-262.226314551607,702.6165997209573,-125.00388766171766,33.70457718629075,0.04503757420476341,0.19573838771030827,2284.0,-262.7331356728681,-702.4751237015458,-263.537876524295,-702.9940620509792,121.12892099468915,23.352972787484358,0.045776959756543674,-0.19601020650117765,-0.00036969277589013125,-0.0001359093954346885,702.8053308859683,True,0.0003305108990444177
-262.35,97.85,485.0,-262.3459229999333,97.84997028774747,-262.3475831536188,97.920281531002,-46.776705956753375,31.105569415061353,0.04830682426952774,0.0712344760120999,496.0,-262.3459229999333,-97.84997028774747,-262.30685168232424,-97.87697432493418,45.066993252665554,31.637630336398843,0.05155154920676513,-0.07493881236091839,-0.0016223624686186947,-0.0018521681744092452,97.89862792796809,False,
-261.71,573.07,2039.0,-261.71145819118846,573.0681570733466,-261.90308513864244,573.5826231874088,-118.70746075383869,33.37080016806777,0.04608662719139028,0.18572127163010238,1990.0,-261.71145819118834,-573.0681570733466,-262.48944947135243,-573.5183171198859,115.42770321525468,26.447034440366547,0.04911562588380304,-0.18692359653109916,-0.001514499346206382,-0.0006011624504983909,573.5504701536473,True,0.0016591181657069933
-260.33,540.58,1871.0,-260.330243470535,540.5813207414515,-261.1859107633481,540.7310656502922,-116.45783122199293,33.548998054170156,0.04677257006953207,0.18214965824403276,1825.0,-260.330243470535,-540.5813207414515,-260.1059480874051,-540.1328268508813,113.19793471331053,27.444558278719786,0.05029436318745533,-0.18334561906396193,-0.0017608965589616318,-0.000597980409964588,540.4319462505867,True,0.0020472585796400457
-259.81,9.96,412.0,-259.8092070732106,9.95871075940916,-259.7399438893173,9.888064273677788,-6.741485220142777,30.425803226188027,0.04830307095498595,0.00754837891935967,414.0,-259.8092070732106,-9.95871075940916,-259.6329076546261,-9.979241586112453,3.7091473501109284,30.5277445500937,0.0487086299669183,-0.009083008530708226,-0.00020277950596617536,-0.000767314805674278,9.933652929895121,False,
-258.77,507.87,1710.0,-258.7745848515417,507.8737187873697,-259.2720895017815,507.9588603953636,-114.40493641041091,33.784662858588085,0.04754900256356843,0.1789058131919931,1667.0,-258.7745848515417,-507.8737187873697,-259.4751027785456,-508.1426827019652,111.46183925978703,28.30192558648342,0.05126712321068642,-0.18057481138750228,-0.0018590603235589948,-0.0008344990977545846,508.05077154866444,True,0.0022991443305046804
-258.28,29.82,411.0,-258.2845433375155,29.817690603584015,-258.0692500219679,29.752234872498253,-16.920598098412835,30.369712057982145,0.04797052312972119,0.023769401170499214,415.0,-258.2845433375155,-29.817690603584015,-258.3006450997725,-29.863840052984074,13.973806480375325,31.098049976461052,0.04985982538167619,-0.02540340474469133,-0.000944651125977497,-0.000817001787096058,29.80803746274116,False,
-258.0,205.75,627.0,-258.0043892144499,205.75163461338198,-258.03202678166764,205.88800024915236,-79.02181679854816,33.887230200237624,0.05141169718710814,0.12260701632408719,611.0,-258.0043892144499,-205.75163461338198,-257.99567996655577,-205.74953872321055,77.74475142049737,33.422578542451326,0.055713494878030165,-0.1268942809735934,-0.002150898845461012,-0.002143632324753106,205.81876948618145,True,0.006566211651526525
-257.12,306.42,858.0,-257.1150438746157,306.41777724759123,-257.31089144520666,306.524574571132,-96.02592350074,34.18914978733449,0.050659723738591705,0.14967872439414767,894.0,-257.1150438746157,-306.41777724759123,-257.17498015072357,-306.450582555758,94.07824251740993,32.5558062431106,0.0555672668701688,-0.1528797883454247,-0.0024537715657885484,-0.0016005319756385167,306.487578563445,True,0.005030383783121615
-257.01,474.92,1557.0,-257.0115922400197,474.9158256515041,-256.58452171437193,474.7777035036847,-112.34317772341649,34.026380568688474,0.04834007697579991,0.1756573368967961,1517.0,-257.0115922400198,-474.91582565150406,-257.1931433530122,-474.7757514854104,109.16919464044942,29.42803074360508,0.05265073133126325,-0.17689800705311906,-0.0021553271777316717,-0.0006203350781614769,474.7767274945476,True,0.0028523554907067357
-255.24,49.5,410.0,-255.24416319918228,49.50168838281375,-255.32684686669532,49.508845706126074,-26.04750354811954,30.848552551257484,0.048490662767393715,0.038328908482074764,416.0,-255.24416319918228,-49.50168838281375,-255.19996071103375,-49.542583130347964,23.872903931860368,31.84734835118809,0.05129337581616381,-0.04112033366262343,-0.0014013565243850487,-0.0013957125902743332,49.525714418237015,False,
-254.7,116.32,484.0,-254.6969586992651,116.31620364052826,-254.615182437936,116.399706793858,-53.99292931274823,32.26473876403569,0.04992538256736212,0.08281415068950963,497.0,-254.6969586992651,-116.31620364052826,-254.58496167979425,-116.30292279624534,52.59700751563974,32.93427941024026,0.053840892393388164,-0.08682863249859334,-0.001957754913013022,-0.0020072409045418516,116.35131479505168,False,
-254.27,282.4,750.0,-254.26963041636614,282.3950336814098,-253.97375679994664,282.4411230967907,-92.8016296516697,34.589387501537836,0.05159167122170875,0.14458797115101146,783.0,-254.26963041636614,-282.3950336814098,-254.0243160352915,-282.2861265665245,90.86380980519534,33.39213940088744,0.05660239099454645,-0.14772527369362523,-0.00250535988641885,-0.001568651271306884,282.3636248316576,True,0.005574953373306865
-251.7,336.23,946.0,-251.69661993476566,336.2273211882314,-251.8912597772662,336.3554917941277,-99.53602016027743,34.66826336137192,0.05105691824075179,0.15533159081711262,919.0,-251.69661993476566,-336.2273211882314,-252.34354736581903,-336.52250802387465,97.49439374755697,32.40912315012887,0.05570210353239268,-0.1582575914654539,-0.002322592645820444,-0.0014630003241706407,336.43899990900115,True,0.00433757084961301
-250.71,68.9,409.0,-250.70590881781666,68.89519057113208,-250.58800379077226,68.88055729276904,-34.88922200095424,32.01963982120193,0.0501172612191653,0.05245897693661982,417.0,-250.70590881781666,-68.89519057113208,-250.76355876872105,-68.95881852824775,33.10873311371839,32.5193752611137,0.05260072997039165,-0.05576527984684222,-0.0012417343756131738,-0.0016531514551112007,68.9196879105084,False,
-250.67,500.77,1581.0,-250.66563763511905,500.7661511214383,-251.4128583371603,500.8361833187533,-113.85727049971217,34.416548346866534,0.048641910785769515,0.17813042761434625,1644.0,-250.66563763511905,-500.7661511214383,-250.69917753684612,-500.70295163388414,110.83523730017812,29.219207991345115,0.05263590931557827,-0.1794700648769217,-0.001996999264904379,-0.0006698186312877191,500.7695674763187,True,0.0025056467594327205
-248.41,456.83,1436.0,-248.41430562637666,456.8263704736901,-248.60507642469074,456.7045745627234,-110.45122303559049,34.90076212410253,0.04995303956255779,0.17274392154004992,1493.0,-248.41430562637666,-456.8263704736901,-248.08268136996458,-456.5380629539988,107.88828494909616,30.78736954153962,0.05459082974486951,-0.17474780038203924,-0.0023188950911558585,-0.001001939420994663,456.6213187583611,True,0.003190838221320907
-248.13,300.88,832.0,-248.13455250735828,300.8807801305578,-247.94562825986654,300.9619939711519,-95.15725516221886,35.24634908239513,0.05241043344871365,0.14841089191847692,808.0,-248.13455250735828,-300.8807801305578,-248.05902126470355,-300.87949859775694,93.34376791235064,33.5979781450234,0.05715770605348257,-0.15159919280454864,-0.0023736363023844596,-0.0015941504430358605,300.9207462844544,True,0.004956121146141321
-247.12,434.66,1297.0,-247.12459430836154,434.66013721979124,-246.7202346992365,434.7205578621344,-108.96375436679394,35.07545526935568,0.05050030999459688,0.17039962523219462,1351.0,-247.12459430836154,-434.66013721979124,-247.64217063257092,-434.4369773087269,106.15694884538118,31.47870481690992,0.05542045261264376,-0.17198689846839205,-0.00246007130902344,-0.0007936366180987114,434.5787675854307,True,0.003556796847059845
-245.75,134.19,483.0,-245.75011707883155,134.18971628161586,-245.56647589683334,134.24249744214728,-59.98492645207721,33.66713032596315,0.051938837886662176,0.09246152959020248,498.0,-245.75011707883155,-134.18971628161586,-245.99046008982978,-134.19812527999804,58.90761068768561,34.23384224744493,0.05612837294672285,-0.09676701275800689,-0.0020947675300303364,-0.002152741583902204,134.22031136107267,True,0.009806125789140991
-244.7,87.88,408.0,-244.696412474686,87.88438838621069,-244.43644926550985,87.86095095980163,-43.09270045442114,32.91622344750501,0.051311766013059666,0.06559055632217585,418.0,-244.696412474686,-87.88438838621069,-244.6659835657304,-87.9266911524992,41.65746543333091,33.53934920108146,0.054456367935547784,-0.06929633306711058,-0.0015723009612440587,-0.0018528883724673664,87.89382105615041,False,
-243.82,264.86,726.0,-243.82136578526675,264.8606078423274,-243.50850422879634,264.9883092753106,-89.90694920986975,35.675112539144415,0.05353340042483887,0.14010911180549873,705.0,-243.82136578526675,-264.8606078423274,-243.65968755778889,-264.8453259159524,88.5004343615992,34.75391328906153,0.05855612443889552,-0.1438369095275408,-0.0025113620070283255,-0.001863898861021035,264.9168175956315,True,0.005956342449974234
-241.52,318.85,857.0,-241.52176413019092,318.853002889169,-241.75101024667302,319.2905744960777,-97.3981460993452,35.65937214277206,0.05284331043696169,0.1520532459329651,895.0,-241.52176413019092,-318.853002889169,-241.29005674279676,-318.6707352311341,95.40508747599073,33.876081269119105,0.05781820971476299,-0.1547969854581381,-0.0024874496389006504,-0.0013718697625865056,318.9806548636059,True,0.004899703723466441
-239.18,19.82,359.0,-239.18027832160075,19.819042913359848,-239.0892310680421,19.808338507918947,-11.642771789305884,32.858972821704434,0.05205408731064053,0.015601927488969268,354.0,-239.18027832160075,-19.819042913359848,-239.11881018097884,-19.813297708017174,9.117756971326846,33.08572475485928,0.05290021932465099,-0.017439842500186,-0.00042306600700522945,-0.0009189575056083666,19.81081810796806,False,
-239.14,295.32,749.0,-239.14174859893822,295.31546535364896,-239.25330509678722,295.38042814211,-94.19467468256401,36.0938778950813,0.05382767473351728,0.14698535214983208,784.0,-239.14174859893822,-295.31546535364896,-239.89680290225363,-295.52472537520356,92.65119446699794,34.817294702867564,0.059032728864842954,-0.15039696546487652,-0.0026025270656628366,-0.0017058066575222214,295.4525767586568,True,0.005534614048692949
-238.52,228.05,628.0,-238.52230506303917,228.05067416566536,-238.2591013024062,228.0972368009905,-83.55932977618617,36.05055923213374,0.054582746359178626,0.13007085100335758,610.0,-238.52230506303917,-228.05067416566536,-238.6251494840577,-228.1673714421563,82.4354125656174,35.759151396873186,0.059706816663919735,-0.1341224696884283,-0.0025620351523705544,-0.0020258093425353646,228.13230412157338,True,0.007056318344671466
-238.46,1237.23,4106.0,-238.4565678941168,1237.2301585510104,-240.11297417266397,1236.9713820682534,-142.38331705878483,36.51565879367166,0.04296732101440282,0.22366943015661303,3348.0,-238.45656789411746,-1237.2301585510104,-240.48265533590458,-1237.8329056601422,138.4861259417257,14.72448359070875,0.03859444949372148,-0.22335269948855002,0.0021864357603406694,0.00015836533403150443,1237.4021438641978,True,-0.0011102115114786978
-238.12,1206.73,4088.0,-238.124622004912,1206.729739583399,-238.91253352838402,1207.057644410919,-141.67263611872423,36.45619071149793,0.04323902735561862,0.22255304807489829,3246.0,-238.1246220049123,-1206.729739583399,-239.280226830193,-1206.8008908898325,137.1082334918678,14.365542256833544,0.03764312837503709,-0.22114498943482247,0.002797949490290764,0.0007040293200379077,1206.9292676503758,True,-0.0014565919974622852
-237.82,1022.71,3569.0,-237.82160579705263,1022.7125127894501,-238.40269380246062,1023.5695906581196,-136.41755405255748,35.93017386515896,0.04464901875962274,0.2141955691963501,2917.0,-237.82160579705214,-1022.7125127894502,-238.75838057691644,-1022.9644344390377,132.0759891602507,18.204889991043434,0.041502199981679616,-0.21312953279568547,0.0015734093889715611,0.0005330182003323164,1023.2670125485787,True,-0.000966123468628399
-237.78,1176.21,3990.0,-237.7753718392771,1176.2069854182525,-237.1644587835706,1176.437577581434,-141.0733315786816,36.79151562738756,0.0441477166624422,0.2216206338992224,3228.0,-237.77537183927743,-1176.2069854182525,-236.63743075702064,-1175.0294819154376,135.94230561755683,15.0129742133401,0.03828444475319348,-0.21925699133815874,0.0029316359546243606,0.0011818212805318334,1175.7335297484358,True,-0.0015666825424325865
-237.41,1145.66,3972.0,-237.40744637383804,1145.6603791727516,-236.4972588793419,1145.7826109595985,-140.2712238112813,36.82843157235206,0.044581900758218905,0.22035221091760732,3132.0,-237.40744637383776,-1145.6603791727518,-238.61406189941218,-1146.17831088169,135.53441478072605,15.706532964400509,0.039034938279807925,-0.2186320206569004,0.00277348123920549,0.0008600951303534554,1145.9804609206444,True,-0.001520645173820366
-237.39,991.99,3587.0,-237.38619630444757,991.991831520858,-236.1161262379034,991.8359844033745,-135.33563871719957,36.23110659950628,0.045516608696616466,0.21250165099098942,2899.0,-237.38619630444705,-991.9918315208582,-236.7161920686847,-990.9157199378145,130.77324448028756,19.06303184389343,0.04247547542218638,-0.2110311396143998,0.0015205666372150421,0.0007352556882948141,991.3758521705945,True,-0.0009637113848011084
-237.25,106.36,407.0,-237.25094028390302,106.3578456645483,-237.08475280603145,106.36751305073422,-50.39494867517408,34.0655988317747,0.05291440438794467,0.0773024813494386,419.0,-237.25094028390302,-106.3578456645483,-237.3348965846526,-106.42796818720615,49.183240050845605,34.7276392832542,0.056574174977517905,-0.08118419175346876,-0.0018298852947866186,-0.0019408552020150835,106.39774061897018,False,
-236.92,961.23,3672.0,-236.92250764468204,961.2323992517917,-238.4539039961976,961.2166372030015,-134.06669728037755,35.84659641384503,0.045279636043933036,0.2104534372685618,2815.0,-236.92250764468255,-961.2323992517914,-236.445157627724,-960.6846130633181,129.66311826073945,19.59312018220957,0.04294889766962033,-0.20926099950998428,0.0011653691871563523,0.0005962188792887624,960.9506251331597,True,-0.000761977812665033
-236.73,39.5,361.0,-236.72671281665336,39.50270166737619,-236.72430508460636,39.5307454757959,-21.472783513165496,32.89823032481618,0.051875027784292475,0.03127584023836555,352.0,-236.72671281665336,-39.50270166737619,-236.79599851183914,-39.546502021172024,19.310071085994146,33.628895188922534,0.05400637393775592,-0.033632966817635744,-0.0010656730767317213,-0.0011785632896350977,39.53862374848396,False,
-236.66,805.97,2537.0,-236.65534774680089,805.9740978361777,-236.94394527804855,805.844664256072,-128.51922959761598,35.78147085013264,0.047078821827650885,0.20164286065847867,2608.0,-236.65534774680108,-805.9740978361777,-236.56198010825915,-805.5494890960272,124.67715762049478,23.102124504414814,0.0466337158471638,-0.2013270274121684,0.00022255299024354427,0.00015791662315513266,805.6970766760496,True,-0.00017355675214015417
-236.43,930.43,3690.0,-236.4277505587213,930.4310392316796,-234.80072343487825,929.8216397508548,-133.31873005567942,36.042761881174606,0.04597633676390647,0.2093077508609745,2797.0,-236.42775055872153,-930.4310392316794,-237.71912483206052,-930.949549081287,128.9970796396258,20.357662832778974,0.04380154056814429,-0.20821656836337077,0.001087398097881092,0.000545591248801866,930.385594416071,True,-0.0007343539917930063
-236.03,774.85,2519.0,-236.0256949803529,774.849579795357,-235.36261965485156,774.7854700231378,-127.66625991874986,35.899373054380995,0.04764685012288987,0.20030468370349558,2450.0,-236.0256949803529,-774.849579795357,-235.7633079560404,-774.4858542432521,123.59805521789478,24.271758899758854,0.048114811310142704,-0.19959980128122612,-0.00023398059362641707,0.0003524412111347297,774.635662133195,True,0.00018978514673468223
-235.55,151.38,482.0,-235.55098919273073,151.3794288875673,-234.9950624400329,151.28151611812243,-65.48741857582452,35.20526845799022,0.05417818435589281,0.10134848561220126,499.0,-235.55098919273073,-151.3794288875673,-235.62885753909018,-151.43154050678154,64.61645735201013,35.61918724444222,0.05854427515707604,-0.10572602615247798,-0.0021830454005916135,-0.0021887702701383557,151.35652831245199,True,0.009062363506110333
-235.34,743.65,2365.0,-235.34206690425003,743.6491858028459,-235.73387784900726,744.1687375285237,-126.30692454717924,35.72106884900638,0.04773803245855324,0.19813668747741242,2432.0,-235.34206690425003,-743.6491858028459,-236.06277097033635,-744.0294980679693,122.71321497491404,24.761699841865532,0.04852157836991067,-0.19819520181146785,-0.0003917729556787153,-2.9257167027715858e-05,744.0991177982464,True,0.0003308137343522898
-234.6,712.37,2347.0,-234.59745526667032,712.3650987958368,-235.09610407400146,712.428342204866,-124.75533564272233,36.0431688356553,0.04863939426944448,0.19567506783762414,2283.0,-234.5974552666705,-712.3650987958368,-235.40989926818995,-712.7927440885692,121.59267946746247,25.611119483363794,0.049490916038387255,-0.19640381846023444,-0.00042576088447138574,-0.00036437531130514844,712.6105431467176,True,0.0003753992358672722
-234.15,584.87,2040.0,-234.1473470660063,584.8717978001258,-234.15132637662532,585.2205523912208,-118.78874279136842,35.77111869701155,0.04976432337692218,0.18619051104735557,1989.0,-234.1473470660063,-584.8717978001258,-233.80058232997226,-584.3787805046467,115.60386745093099,28.69612808438494,0.05282817739346275,-0.18685261884256013,-0.0015319270082702861,-0.000331053897602282,584.7996664479338,True,0.001645927968546886
-233.06,552.89,1872.0,-233.06087776481687,552.8857271222446,-234.00881050785335,553.1321911215879,-116.78104206799533,35.9188507886393,0.050392431593222306,0.18299690149159406,1824.0,-233.06087776481687,-552.8857271222446,-232.7085648719842,-552.6000522781055,113.70842613174925,29.739237352956053,0.054099144133780565,-0.18382255638149358,-0.0018533562702791294,-0.0004128274449497621,552.8661216998466,True,0.002106293084225026
-232.66,58.92,363.0,-232.65606382543925,58.91651691379182,-232.3213257039756,58.827147580534934,-30.395881340596862,33.87029670809635,0.05318579697033434,0.045531314676673894,351.0,-232.65606382543925,-58.91651691379182,-232.72269075792028,-58.97669855415753,28.84978390023291,34.425797649629146,0.055512644685407585,-0.04876600562871054,-0.0011634238575366218,-0.0016173454760183247,58.90192306734623,False,
-232.63,509.39,1580.0,-232.6324072810564,509.3939173985303,-232.45462908085574,509.47707869076027,-114.05248561629936,36.120950611058625,0.05124872642819998,0.17867330304144005,1645.0,-232.63240728105652,-509.3939173985302,-232.4372968816426,-509.1708136179771,111.19454613879707,31.019207539614236,0.05560440324827425,-0.17981826989759356,-0.0021778384100371376,-0.0005724834280767532,509.3239461543687,True,0.002686652061556388
-231.84,520.72,1711.0,-231.83988655320613,520.7209108562824,-231.37140947964303,520.4674092087347,-114.89742660477832,36.27739942268568,0.05136312416561688,0.18003133455188314,1666.0,-231.83988655320613,-520.7209108562824,-231.4940942455083,-520.2872385951756,111.83744955490266,30.533024466822706,0.05496676141056786,-0.18082993108653572,-0.0018018186224754915,-0.00039929826732629237,520.3773239019552,True,0.002175567568942263
-230.73,466.01,1435.0,-230.73431569081905,466.00608961974893,-231.06453757942927,466.4841725533626,-110.93186173697893,36.38861187213647,0.05220125551105425,0.1737237002951016,1494.0,-230.73431569081905,-466.00608961974893,-230.40509602914668,-465.6732247350208,108.31010051736239,32.3386883035057,0.05717170831615417,-0.17520264380157372,-0.0024852264025499587,-0.0007394717532360623,466.0786986441917,True,0.003350322180125508
-230.46,488.35,1558.0,-230.45927516805804,488.3528667766918,-230.64868770651483,488.89357977402375,-112.51293984074523,36.29349470626055,0.051775424437548935,0.1762451571535012,1516.0,-230.45927516805804,-488.3528667766918,-230.35654943968225,-488.13830556922477,109.87901675699696,31.55737956329033,0.05620334607081194,-0.17769905700115948,-0.002213960816631503,-0.0007269499238291427,488.51594267162426,True,0.0028475480242578354
-229.65,444.14,1296.0,-229.64864461148898,444.141306374566,-230.22939951047138,444.1305398305896,-109.231331285096,36.56168445682032,0.052750473418237846,0.17102744993542096,1352.0,-229.64864461148898,-444.141306374566,-229.91569304473288,-444.27349622389573,106.9649428920422,33.00633536789977,0.05797221972702444,-0.17305576524342603,-0.0026108731543932964,-0.0010141576540025343,444.2020180272427,True,0.0036930493732217793
-228.41,124.21,406.0,-228.41318523684504,124.20715281318833,-228.1476383650075,124.17809368787562,-56.97860215401831,35.34060506356505,0.05472551413269029,0.08789014389516427,420.0,-228.41318523684504,-124.20715281318833,-228.38858270523383,-124.14246719589566,56.05935955520664,36.06031399508746,0.05891214164551759,-0.0920183105741893,-0.00209331375641365,-0.0020640833395125166,124.16028044188565,False,
-227.07,353.33,947.0,-227.06914333135092,353.32648378909613,-226.76106547378075,353.3248158206814,-100.97206284948454,37.10605818337495,0.0547289663514168,0.15792489254977132,918.0,-227.06914333135092,-353.32648378909613,-227.0556800658466,-353.1457605451247,99.18890269407207,34.6288994494633,0.05943857176101999,-0.16064478639018087,-0.002354802704801595,-0.0013599469202047743,353.23528818290305,True,0.0041886137232288725
-227.0,77.93,364.0,-226.99613800815231,77.92787260912402,-226.83414300945526,77.92675761765925,-38.94977986461328,34.878437910267735,0.05455639112096633,0.05921246838230828,349.0,-226.99613800815231,-77.92787260912402,-227.20154796354873,-77.98524931832462,37.80854881731867,35.346549165430616,0.057210863441923464,-0.06295670554821592,-0.001327236160478567,-0.0018721185829538196,77.95600346799193,False,
-225.33,330.5,856.0,-225.3280232254488,330.495509726398,-224.72950905077448,330.2227079952312,-98.49841871155745,37.448306202409434,0.055556601879143665,0.15401284604615573,896.0,-225.3280232254488,-330.495509726398,-225.7938843354644,-330.68195686183805,96.79523821058285,35.44446494739676,0.06046147097084621,-0.15681969786559405,-0.0024524345458512738,-0.001403425909719161,330.45233242853465,True,0.004663032816887385
-224.37,318.99,833.0,-224.37427748526207,318.99245069901986,-224.3857969774202,318.894317057066,-96.90108224066877,37.56542537864653,0.055881741333924415,0.15147481552736455,807.0,-224.37427748526207,-318.99245069901986,-224.4730438628546,-319.11786878014095,95.60757982172557,35.9369515816393,0.06110366272029664,-0.15491330453524724,-0.0026109606931861117,-0.0017192445039413418,319.0060929186035,True,0.0051425819848639346
-224.15,167.8,481.0,-224.15154745882091,167.79774662317712,-223.86625236842949,167.8582454988283,-70.08462270829851,36.80065000969088,0.05651429820158648,0.10880145746809106,500.0,-224.15154745882091,-167.79774662317712,-224.06164991492776,-167.89114680217173,69.32569122789256,37.342425178239104,0.061488473861714105,-0.11307934136973749,-0.0024870878300638118,-0.002138941950823217,167.87469615050003,True,0.009308629632611583
-223.36,307.43,748.0,-223.3583958711398,307.42645786248005,-223.14525982345992,307.52109433519126,-95.58920126655471,37.60439957957471,0.05608305825136192,0.14940208493444984,785.0,-223.3583958711398,-307.42645786248005,-222.91158477623787,-307.3353141409347,94.13217195004874,36.26811467297367,0.0614864245228347,-0.1525459968296338,-0.0027016831357363873,-0.001571955947591977,307.428204238063,True,0.005521671580259006
-221.12,284.09,727.0,-221.1165765682804,284.0905833827017,-221.28957599051628,284.19614560166406,-92.38938253410662,37.98759900618655,0.05697859909506961,0.14433214176133732,704.0,-221.1165765682804,-284.0905833827017,-221.24580661528822,-284.2319410218683,91.24769097668957,36.95511178203741,0.06229686799699209,-0.14793480203804135,-0.002659134450961241,-0.0018013301383520142,284.2140433117662,True,0.005878609767979413
-219.79,96.41,366.0,-219.7855983972138,96.40690191671264,-219.61628534923307,96.37930183746583,-46.71057420155049,35.90347436414381,0.05596179949734453,0.07165255309969065,347.0,-219.7855983972138,-96.40690191671264,-219.789097501147,-96.53173358532155,45.77917944130232,36.67423500583985,0.0595510793753348,-0.07555157810216219,-0.0017946399389951323,-0.0019495125012357686,96.4555177113937,False,
-219.78,9.87,302.0,-219.77847463908924,9.870262677113221,-219.8977169858625,9.854551110892551,-6.430614048102445,34.995621656167145,0.05557657331141761,0.007541558754413474,304.0,-219.77847463908924,-9.870262677113221,-219.68755277898677,-9.903447063097126,4.000856271421633,35.16847817253285,0.05609365866929064,-0.009058068020932978,-0.00025854267893651514,-0.0007582546332597522,9.878999086994838,False,
-218.24,141.33,405.0,-218.23501079430696,141.32756300031753,-218.1797962060135,141.42358077269355,-62.59423841860033,36.98823654629901,0.05713659606892609,0.09694978248881045,421.0,-218.23501079430696,-141.32756300031753,-218.44317573724038,-141.2984400820363,61.83455867245751,37.598253740558654,0.061569957506720736,-0.10108802431336628,-0.0022166807188973223,-0.0020691209122779136,141.36101042736493,True,0.009852657165916639
-218.01,29.53,301.0,-218.00894758894563,29.53131847988423,-217.94532852604948,29.508305077059248,-16.724146777693818,35.07323076153423,0.055459393047263314,0.023948135760841077,305.0,-218.00894758894563,-29.53131847988423,-217.98211586230448,-29.53372634757564,14.300185424624532,35.61594696175539,0.057046238863977396,-0.025429073033908362,-0.0007934229083570409,-0.0007404686365336428,29.521015712317443,False,
-217.12,248.51,629.0,-217.11977956010514,248.5135837811916,-217.05029453860712,248.74888991150814,-86.94187633855164,38.3411920311756,0.0579754814515538,0.13571408474080807,609.0,-217.11977956010514,-248.5135837811916,-217.22378792121086,-248.49414267865077,86.01543376032726,37.79856337970896,0.06320158306049807,-0.13955814848908563,-0.002613050804472137,-0.0019220318741387799,248.62151629507946,True,0.00660372548049578
-214.48,48.95,300.0,-214.48414068000122,48.95460547038908,-214.41731279730246,48.95061248527143,-26.09305267832993,35.4409960278222,0.05580660023615921,0.03890242012824985,306.0,-214.48414068000122,-48.95460547038908,-214.49783338223287,-48.95965714427758,24.41077286876914,36.419720049782214,0.05856339231227406,-0.041477900813884964,-0.0013783960380574257,-0.001287740342817558,48.9551348147745,False,
-214.3,517.37,1579.0,-214.30272212445027,517.3725382063205,-213.69204774594414,517.1344400165104,-114.29346362381007,37.805082354157086,0.05383532584910157,0.1792866162767548,1646.0,-214.30272212445027,-517.3725382063205,-214.40752591945304,-517.0815452295911,111.46700518368685,32.512271064545445,0.05807757016714095,-0.18003109181959373,-0.0021211221590196894,-0.00037223777141946746,517.1079926230508,True,0.002577295995113472
-212.72,474.5,1434.0,-212.7156913290968,474.501880567806,-211.9684248423541,474.01035005624004,-111.27344325995033,38.179508732436034,0.05495938349819908,0.17450121374823013,1495.0,-212.7156913290968,-474.501880567806,-212.74286774495044,-474.6203624772579,108.99992911749148,33.752239607243105,0.05953102044239376,-0.17608423128690423,-0.002285818472097339,-0.0007915087693370487,474.31535626674895,True,0.00302798989090384
-211.81,452.92,1295.0,-211.809573204264,452.92019683276163,-212.15235583037443,453.240488020479,-109.65114392588852,38.13362329555653,0.05514072249413079,0.17191699156850349,1353.0,-211.809573204264,-452.92019683276163,-211.54245887134536,-452.71949436580053,107.25666443159757,34.5454048700878,0.060525162827488266,-0.17329503799321963,-0.002692220166678739,-0.0006890232123580725,452.97999119313977,True,0.0037343190701233367
-211.61,183.36,480.0,-211.60988081919234,183.3610055046798,-211.7530324635214,183.47759600665754,-73.86148900427017,38.210804902477484,0.05856733965677779,0.11496087714765664,501.0,-211.60988081919234,-183.3610055046798,-211.56070613111137,-183.34369065445807,73.47018358257247,38.65809112009754,0.06377166812810402,-0.11952240709889493,-0.0026021642356631146,-0.0022807649756191456,183.4106433305578,True,0.008914357310725735
-211.07,114.23,368.0,-211.07370028955734,114.22737432889771,-210.80590811368995,114.21126548213645,-53.67933963936972,37.21935408966821,0.05783769955066913,0.0828515882174458,346.0,-211.07370028955734,-114.22737432889771,-211.1140432196365,-114.24937010713347,52.91267769154473,37.983645390251866,0.0618520581413046,-0.08679865002835742,-0.002007179295317737,-0.0019735309054558087,114.23031779463497,False,
-209.23,67.98,299.0,-209.23243358493377,67.98373876248843,-209.25500256833382,67.98758850394545,-34.72897802528795,36.46312715626633,0.05720022712311393,0.052710144872984914,307.0,-209.23243358493377,-67.98373876248843,-209.2326945660675,-67.96744367609108,33.63183070851121,37.21021019381089,0.06005428429714132,-0.056089188158954,-0.001427028587013695,-0.0016895216429845435,67.97751609001827,False,
-208.95,1242.55,4105.0,-208.94580662051143,1242.554485684915,-208.93517494746985,1242.4886543594425,-142.09606834751867,38.42108281664213,0.0459323276497491,0.22359409329495117,3349.0,-208.94580662051172,-1242.5544856849149,-208.8480608153336,-1242.1672139404457,138.4761600297445,15.994493053236994,0.04066881448699308,-0.2229494102261317,0.0026317565813780072,0.00032234153440972857,1242.3279341499442,True,-0.0013310345706346858
-208.67,1212.17,4089.0,-208.6689057824301,1212.1704862599004,-209.00494976060327,1212.9017585042634,-141.3773711072374,38.48687261144717,0.04639938527110448,0.222449396580935,3245.0,-208.6689057824301,-1212.1704862599004,-209.47000192317378,-1212.2343555309772,137.58222722779956,16.57236732702991,0.041221943053701006,-0.22153428887979149,0.0025887211087017373,0.00045755385057175135,1212.5680570176203,True,-0.0013414021869078518
-208.57,341.32,855.0,-208.57408135179924,341.31635265286224,-208.81731124046692,341.4494813402296,-99.27871400792036,38.81151208169618,0.05758871743196368,0.15544960083593043,897.0,-208.57408135179932,-341.3163526528622,-208.48577007828553,-341.2782511423699,97.77298835775711,36.9927586748092,0.06305542950019084,-0.1581638635501557,-0.0027333560341135828,-0.0013571313571126287,341.3638662412998,True,0.005031048734576149
-208.52,1029.09,3570.0,-208.51998997803273,1029.0866891470132,-209.35783944726106,1028.8150517956171,-135.71338485888992,37.609316829357574,0.047257216768478195,0.21343056066022584,2916.0,-208.51998997803244,-1029.0866891470132,-209.73239490542406,-1029.1170200784284,132.29118563518566,20.240260248295286,0.0448169429057298,-0.21311654816383344,0.0012201369313741967,0.0001570062481962009,1028.9660359370228,True,-0.0007450534004240694
-208.38,1181.77,3989.0,-208.3778132003164,1181.7693036146495,-209.70624117016646,1181.375677513565,-140.16308293905612,38.50784081658919,0.04681885626468521,0.2205082082410269,3229.0,-208.3778132003164,-1181.7693036146495,-208.49636120581235,-1181.9443425823333,136.83225245172775,17.742221498571684,0.04271286282783459,-0.22032874280027928,0.00205299671842531,8.97327203738113e-05,1181.660010047949,True,-0.0010916303088207573
-208.16,998.53,3586.0,-208.16251502167538,998.5331077835381,-208.41783055272253,998.183891649984,-134.68648433818234,38.055167140732095,0.04834194856512977,0.21180770998431317,2900.0,-208.16251502167563,-998.533107783538,-209.67056629374838,-998.7544212581194,131.16865472333632,20.93245627522174,0.04554675717442597,-0.21132922751656089,0.0013975956953519025,0.00023924123387614182,998.4691564540517,True,-0.0008794816226069992
-208.07,1151.35,3973.0,-208.0714198447191,1151.3497662499449,-208.27332263218432,1152.1904152896316,-139.4919908510002,38.06505343137547,0.04647156936841746,0.2194576809246482,3131.0,-208.0714198447191,-1151.3497662499449,-208.97388007923556,-1151.6174851582166,135.9243033021592,17.951404353597642,0.04267437548157569,-0.21888954500866822,0.0018985969434208855,0.00028406795798999185,1151.903950223924,True,-0.001035610340327351
-207.86,29.89,273.0,-207.86250279499586,29.886116037389897,-207.75961264469495,29.85631320188948,-16.84428258206329,36.17973299238582,0.05721618399702207,0.02426408201798816,270.0,-207.86250279499586,-29.886116037389897,-207.88591906339266,-29.980674114331862,14.93723489130189,36.734384333083774,0.058831760983007755,-0.026319320901770176,-0.0008077884929928413,-0.0010276194418910086,29.91849365811067,False,
-207.78,967.95,3673.0,-207.78229104419904,967.9496472071384,-207.13903725295447,967.8971800647636,-134.09978673730316,38.55764063903954,0.04951258051054645,0.21088961309836216,2814.0,-207.78229104419952,-967.9496472071384,-207.21005595040313,-967.3541125976477,130.0278262883953,21.772260009838988,0.046498787602036316,-0.20948340886673072,0.0015068964542550682,0.0007031021158157152,967.6256463312056,True,-0.000978488912185741
-207.74,813.91,2536.0,-207.73746046554095,813.9073334964663,-207.43901375082632,814.1195009980538,-128.48179425024793,37.87354709460358,0.050307122882887315,0.2019446265486511,2609.0,-207.73746046554095,-813.9073334964663,-209.21917572453128,-814.469117505069,125.21139602420135,25.714347002836675,0.05090043552510504,-0.20184242765606022,-0.00029665632110886103,5.109944629544394e-05,814.2943092515613,True,0.00022890331135757855
-207.38,937.33,3689.0,-207.37710909742418,937.3338437410627,-208.32570378889113,937.124112603945,-132.6205028437079,37.929469252451966,0.04888969162005111,0.2085207265864706,2798.0,-207.37710909742438,-937.3338437410627,-207.40489276442986,-937.0203810133207,128.87880476713804,22.050820419643433,0.04657063387595006,-0.20765707047963575,0.001159528872050522,0.00043182805341743236,937.0722468086328,True,-0.0007774784491730014
-207.23,783.04,2520.0,-207.23264985149294,783.0419074580418,-208.37005339650145,783.1533370773059,-126.90082140369918,37.920505406670586,0.05076110112718838,0.19941702769714578,2449.0,-207.2326498514927,-783.0419074580419,-208.72285826813027,-783.6072429886532,124.09077882396546,26.118396695688045,0.05116553604387728,-0.2000528316023229,-0.00020221745834445026,-0.000317901952588559,783.3802900329795,True,0.00016219067281761205
-206.96,318.69,747.0,-206.9628333057103,318.6948158192611,-206.65607040150405,318.6662582625984,-96.830605790942,39.19082676823184,0.05847144102040261,0.15157978425429283,786.0,-206.9628333057103,-318.6948158192611,-206.95807423797973,-318.62219607534047,95.36239996026593,37.62925278034192,0.06379097323986671,-0.15430858330843752,-0.0026597661097320507,-0.0013643995270723464,318.64422716896945,True,0.00524465906370893
-206.78,157.62,404.0,-206.77614653109086,157.61860685132586,-206.76015502957162,157.69899466836128,-67.40635458881842,38.49039651350978,0.059328033357446366,0.10474835927672047,422.0,-206.77614653109086,-157.61860685132586,-206.71693224895185,-157.69919717871431,66.86987926146755,39.17610927640886,0.06428205221410103,-0.10895837494542078,-0.002477009428327334,-0.0021050078343501574,157.6990959235378,True,0.009869117609499649
-206.69,752.12,2364.0,-206.68557171339623,752.11772645345,-205.8214307669739,751.5554721971374,-126.16105666063724,38.121569184731676,0.05146808226270639,0.1982708684535137,2433.0,-206.6855717133962,-752.11772645345,-206.50185891819166,-751.7091912397229,122.81632634167019,27.037282330042025,0.052237333377908576,-0.19799727696060757,-0.0003846255576010933,0.00013679574645306114,751.6323317184301,True,0.0003215233765636173
-206.09,721.13,2348.0,-206.09082806326902,721.1286782455653,-206.8745026878677,721.1836637061598,-124.59338155952598,38.08793469337598,0.05178651402175979,0.19576293909522793,2282.0,-206.09082806326902,-721.1286782455653,-206.3024338310122,-720.6964328615368,121.67908474367863,27.7445833995727,0.0529832255820984,-0.19618485838887428,-0.000598355780169306,-0.00021095964682317503,720.9400482838482,True,0.0005214830630334939
-206.05,595.35,2041.0,-206.05281688997562,595.3505157902412,-206.49471966726398,595.3968671234702,-118.68811731817652,38.10393274917572,0.053352483203631985,0.18636907034483233,1988.0,-206.05281688997562,-595.3505157902412,-205.66172754889635,-594.8917868514525,115.99579385074894,30.95760022354048,0.056556174593095976,-0.18713177329002983,-0.0016018456947319952,-0.0003813514725987538,595.1443269874613,True,0.0016911348856259861
-205.21,563.82,1873.0,-205.21208599540122,563.815572471545,-205.40679700251454,563.8953809127352,-116.77725614778119,38.31875465438353,0.05408018073163098,0.18334116409588536,1823.0,-205.21208599540122,-563.815572471545,-205.2358074223489,-563.4622675789984,114.20932265800064,32.19485998219249,0.05814041818800166,-0.1842832998476232,-0.0020301187281853428,-0.0004710678758689246,563.6788242458667,True,0.002262922007373561
-204.27,532.14,1712.0,-204.2697312408212,532.140843103405,-204.5815017517222,532.5424299398508,-114.77871049856037,38.60792608792853,0.05492439010211579,0.18017048727374937,1665.0,-204.2697312408212,-532.140843103405,-204.71641125302276,-531.7947452475377,112.3680468780196,32.726802752285344,0.0585992001141417,-0.1813464573970345,-0.0018374050060129543,-0.0005879850616425653,532.1685875936942,True,0.0021693794797849153
-203.21,500.31,1559.0,-203.2070608518312,500.3067962959929,-203.3439003370764,499.92092012113835,-112.60569363827729,38.89741610297389,0.05578464251657621,0.17672718039733873,1515.0,-203.2070608518312,-500.3067962959929,-203.58704917307503,-500.6188863905241,110.60817659246372,34.034654914906575,0.06029890158163812,-0.17853170557881232,-0.002257129532530957,-0.0009022625907367937,500.2699032558312,True,0.0028348623458859514
-202.3,86.47,298.0,-202.29610996131916,86.46550696386318,-202.16655734913593,86.4742732882034,-43.062388390249744,37.49466886810797,0.05861557082053857,0.06605999139325049,308.0,-202.29610996131916,-86.46550696386318,-202.2306298241473,-86.42792606071261,42.10712240241114,38.42583066994837,0.062215089401099925,-0.06949227973431783,-0.001799759290280676,-0.0017161441705336733,86.451099674458,False,
-201.49,59.16,274.0,-201.49352445904444,59.16383693670027,-201.50893067375367,59.14118369970186,-31.09846655566714,37.158523237166044,0.0584153260395759,0.04702687234191431,269.0,-201.49352445904444,-59.16383693670027,-201.5905977378533,-59.169621532123784,29.599377895328058,37.89600479112411,0.06103801360910212,-0.04957774762639272,-0.0013113437847631082,-0.001275437642239207,59.15540261591282,False,
-201.28,368.63,948.0,-201.2845744224239,368.62517561824734,-201.13928398003398,368.5683945607395,-102.09162612610345,39.570131244825774,0.05846397273482634,0.16002052210841047,917.0,-201.2845744224238,-368.6251756182474,-201.43746619333453,-368.5851069139889,100.47400967912057,37.15508198332531,0.06364820139130972,-0.16237635211060664,-0.0025921143282416903,-0.0011779150010980816,368.5767507373642,True,0.004418817689709156
-200.92,131.27,369.0,-200.91995478300683,131.26755794938245,-200.83750463348778,131.31273139509042,-59.53411463904513,38.59819534196726,0.05982275237200434,0.09229183480332614,344.0,-200.91995478300683,-131.26755794938245,-200.9360424849548,-131.33461128273566,59.031806294209076,39.485458484635494,0.06445151040218824,-0.09641289597476989,-0.002314379015091954,-0.0020605305857218717,131.32367133891304,True,0.011073153891153533
-199.3,335.23,834.0,-199.29728498437308,335.2321467250084,-199.51289494410034,335.2242065289189,-98.38137975214967,39.86029814149876,0.05933415306032636,0.15413539994577588,806.0,-199.29728498437316,-335.23214672500836,-199.3260629472417,-335.0805543178545,97.0568217681635,38.17428494580013,0.06485998393953021,-0.15691187033730533,-0.0027629154396019255,-0.0013882351957647254,335.1523804233867,True,0.005179706518317506
-197.99,197.99,479.0,-197.9898987322333,197.9898987322333,-198.0698875843169,198.23462541150957,-77.26030405045101,39.87192773783094,0.06103036982129445,0.12053783640432905,502.0,-197.9898987322333,-197.9898987322333,-198.07671214081415,-197.97321885714044,76.75690429822102,40.298507171222866,0.06656163879575548,-0.12458824747488406,-0.002765634487230516,-0.002025205535277505,198.103922134325,True,0.00877165569867587
-196.9,301.38,728.0,-196.9013369240737,301.37993217451026,-197.05109096744286,301.4601332794164,-94.4242076675482,40.30179052245875,0.060450317697096745,0.1478675146129957,703.0,-196.9013369240737,-301.37993217451026,-197.290869788911,-301.39254717529735,93.2591533137097,39.0229204099266,0.06579805311996803,-0.15084276831440335,-0.002673867711435643,-0.0014876268507038326,301.4263402273569,True,0.00557363576957551
-195.7,524.69,1578.0,-195.69994057549505,524.6918459998666,-195.90540839396644,524.584771736807,-114.03909624751022,39.3798867253464,0.05625046083941877,0.17909961051336895,1647.0,-195.69994057549494,-524.6918459998666,-196.39320558778422,-524.9625765730925,112.01755837071543,33.96372398518824,0.060484148014054384,-0.18068670353870966,-0.0021168435873178057,-0.0007935465126703567,524.7736741549497,True,0.002534525106818778
-194.38,482.3,1433.0,-194.38487735719977,482.3012745730892,-194.73516303046173,482.33503283216487,-111.27505202564761,39.74633544218455,0.05735111349233218,0.17471482946824787,1496.0,-194.38487735719968,-482.3012745730892,-194.52531341241942,-482.14184163825286,109.26075204765858,35.26288370637403,0.062027400549920564,-0.17627623397929726,-0.0023381435287941933,-0.0007807022555246929,482.23843723520883,True,0.0030464160323726472
-194.1,172.98,403.0,-194.10383761911035,172.98468204304694,-193.7487884700322,173.01528924583215,-71.48563839772852,40.017393541974094,0.06157074636494035,0.11140009095461656,423.0,-194.10383761911035,-172.98468204304694,-193.94760195431422,-173.01054481912092,71.24528696167106,40.7454325571638,0.06696722544768374,-0.11576566693901984,-0.0026982395413716956,-0.002182787992201639,173.01291703247654,True,0.009799001908288297
-193.97,266.98,630.0,-193.96913325651613,266.97560814373264,-194.12108649286128,267.06671870224784,-89.39091377507724,40.57125503477627,0.061300399003593485,0.13989266226809757,608.0,-193.96913325651613,-266.97560814373264,-193.80422898840638,-266.90882690372734,88.86726161586638,40.10690285174433,0.06710094357171482,-0.14381015478674872,-0.0029002722840606697,-0.0019587462593255722,266.9877728029876,True,0.00682538679982062
-193.73,104.25,297.0,-193.73101700848235,104.25110574405967,-193.60422720094616,104.32334694550316,-50.315850418560814,38.76987916757134,0.06042653392609945,0.07770909738163796,309.0,-193.73101700848235,-104.25110574405967,-193.77714753997466,-104.21450393788204,49.45630394622092,39.74095998229918,0.06452601444648493,-0.08108533586988928,-0.0020497402601927367,-0.001688119244125659,104.2689254416926,False,
-193.64,460.98,1294.0,-193.63558732532047,460.9829273641033,-193.17187311408588,460.7315639606554,-109.83629521921415,39.901224612210136,0.057862204359929066,0.17244412246093319,1354.0,-193.63558732532047,-460.9829273641033,-193.43969232434264,-460.65880364439903,107.73294775440462,36.03202322549277,0.06298842193037557,-0.1738313623537996,-0.0025631087852232524,-0.0006936199464332021,460.69518380252725,True,0.0034956926024476737
-191.3,351.29,854.0,-191.30159144852726,351.28862934809143,-191.59449125395713,351.5583676169951,-100.13556724770199,40.45983383683642,0.06008829972734168,0.1570242525312215,898.0,-191.30159144852735,-351.2886293480913,-191.34832976784608,-351.0997845834898,98.61386425298444,38.53243309353271,0.06562618149871495,-0.15929227733611923,-0.002768940885686636,-0.0011340124024488696,351.32907610024245,True,0.004951986576946768
-191.02,87.24,275.0,-191.02271902444883,87.2371527303962,-191.0179987192034,87.23671901430812,-43.50768479112126,38.870307624521956,0.06079563024833615,0.06690523872173847,268.0,-191.02271902444883,-87.2371527303962,-190.98516337945057,-87.23432376160038,42.66458672243417,39.710258482535835,0.06426919568604593,-0.07024178883313906,-0.0017367827188548915,-0.0016682750557002954,87.23552138795425,False,
-190.0,329.09,746.0,-190.0,329.08965343808666,-190.38297895413834,329.24343931180255,-97.60680671710013,40.74483615685964,0.06081518532915547,0.15301444250608046,787.0,-190.0,-329.08965343808666,-190.51619883480666,-329.330303947738,96.50353153646068,39.303654473688475,0.06658700820865429,-0.1559233874171242,-0.002885911439749412,-0.0014544724555218685,329.2868716297703,True,0.005506662402393708
-189.39,147.41,371.0,-189.39372225513446,147.41105104552028,-189.30470174596792,147.4690413755775,-64.65472567211603,40.248769795108124,0.06225185731356482,0.10058278230305658,342.0,-189.39372225513446,-147.41105104552028,-189.34847183299362,-147.43023909065516,64.34732883750002,40.953567673274684,0.06698520146299787,-0.104730900190167,-0.002366672074716525,-0.00207405894355521,147.44964023311633,True,0.010084961335450806
-183.61,121.2,296.0,-183.60611581868662,121.1973359194625,-183.38710208029556,121.21437905144997,-56.64109159361641,40.18319196781551,0.06246902709707515,0.08790116022839424,310.0,-183.60611581868662,-121.1973359194625,-183.728547292244,-121.20470762901255,55.97792404322873,41.170738189119454,0.06700965570156675,-0.091341751689327,-0.0022703143022458003,-0.0017202957304663785,121.20954334023125,False,
-183.36,211.61,478.0,-183.3610055046798,211.60988081919234,-183.42804486766548,211.69470923377355,-80.06269597462195,41.40638084480806,0.06330768250906411,0.12517729992698629,503.0,-183.3610055046798,-211.60988081919234,-183.28032974394418,-211.5715419779489,79.60266463334602,41.91826592178461,0.06930610320778859,-0.12893620482298174,-0.0029992103493622357,-0.001879452447997726,211.6331256058612,True,0.008904368985859674
-180.29,187.34,402.0,-180.29245020598285,187.3356143362046,-180.1854515147568,187.37635070051047,-74.8868711237426,41.53204652224925,0.0638055119237039,0.11697943078385759,424.0,-180.29245020598285,-187.3356143362046,-180.19892643915068,-187.39723243110575,74.68030806145059,42.3870182304462,0.06975608356468745,-0.12106429315952325,-0.002975285820491773,-0.00204243118783283,187.3867915658081,True,0.00997630195584434
-179.39,14.86,216.0,-179.3852087412006,14.864282185019883,-179.387843020315,14.827409618520283,-9.044216358212246,39.377212535182245,0.06248918931819992,0.012197359351177692,214.0,-179.3852087412006,-14.864282185019883,-179.40851289903617,-14.916975532786054,7.346917898589832,39.6820636331194,0.06333865358764709,-0.013890194190795757,-0.00042473213472358703,-0.0008464174198090325,14.87219257565317,False,
-179.32,1247.18,4104.0,-179.31669622433938,1247.1750167699752,-179.23323937103953,1247.5327152153336,-142.03825408436376,40.51233427421314,0.04919888324049329,0.22386583783654637,3350.0,-179.31669622433938,-1247.1750167699752,-180.19857536372234,-1247.1028640648442,138.67903273650904,18.13671376717591,0.04413871141833922,-0.22292142269604004,0.0025300859110770346,0.0004722075702531664,1247.317789640089,True,-0.0012744946600150994
-179.09,1216.89,4090.0,-179.08943631405597,1216.8923427323857,-178.54303026289745,1216.351579355084,-140.90811582959958,40.4546806505647,0.049488999173550194,0.22207561991253935,3244.0,-179.0894363140566,-1216.8923427323855,-179.38789104144166,-1216.0301220342335,137.6079326254719,18.929424689158854,0.045019803006430395,-0.22120678549495978,0.0022345980835598994,0.0004344172087897835,1216.1908506946588,True,-0.001154456460353709
-179.05,1034.62,3571.0,-179.0483022642549,1034.6215276400776,-180.26584843090794,1034.4249003560183,-135.50453640418303,39.912015973583856,0.05085337261791989,0.21345445684572717,2915.0,-179.0483022642549,-1034.6215276400776,-179.99675115042524,-1034.7723085822292,132.52597038557371,22.661287279632443,0.04873938726457715,-0.21312604807733515,0.0010569926766713714,0.00016420438419600947,1034.5986044691238,True,-0.0006419185979151574
-178.85,1186.6,3988.0,-178.8507194114093,1186.5969914701543,-179.23060243351748,1187.455906394571,-140.1506744557303,40.14637201462354,0.049352195262305054,0.22086169384728285,3230.0,-178.85071941140896,-1186.5969914701543,-178.2844230963918,-1185.3861932757618,136.48682275153385,19.070612844357832,0.04486921557032637,-0.2194089695711091,0.0022414898459893404,0.0007263621380868696,1186.4210498351663,True,-0.001187074021357692
-178.76,1004.21,3585.0,-178.75940024341006,1004.2136609430368,-177.97815616946525,1004.0157440362335,-134.538396668467,40.3163857998049,0.0518693672971988,0.211944815004223,2901.0,-178.75940024340983,-1004.2136609430368,-179.42340834438687,-1004.3996563418133,131.2759148636668,23.053740882924256,0.04899202352555202,-0.2111295012090358,0.0014386718858233893,0.00040765689759358903,1004.2077001890234,True,-0.0009001566163211416
-178.6,1156.29,3974.0,-178.59966253608317,1156.2880958230078,-180.1500657532889,1156.1677061549055,-139.03239206029707,40.41455328564777,0.05016220475110193,0.2190706314948914,3130.0,-178.5996625360826,-1156.288095823008,-179.14193755209558,-1156.3751611633454,135.92586483632977,20.16477378098323,0.04625532946310808,-0.21852667927667202,0.0019534376439969275,0.0002719761091096867,1156.2714336591255,True,-0.0010614990862838685
-178.55,820.8,2535.0,-178.5548432245005,820.803367415774,-177.89152686377227,820.688030545717,-128.07196540554094,40.25302055089031,0.05401372790495515,0.20165423095439317,2610.0,-178.5548432245001,-820.8033674157741,-178.59146178813913,-820.2734349999797,125.04746529183114,27.732091345072988,0.05418286070362557,-0.20120642701056896,-8.456639933520846e-05,0.00022390197191210492,820.4807327728483,True,6.47603699343867e-05
-178.45,973.78,3674.0,-178.45248743576676,973.7837078776723,-177.6472526806427,973.7437468635013,-133.5771423516886,40.20842952618869,0.052068289879483844,0.21041898380943647,2813.0,-178.45248743576624,-973.7837078776723,-178.28588689183684,-973.2551533368011,130.1038580290771,24.14487117357339,0.050347185435312365,-0.20925018362657044,0.0008605522220857392,0.0005844000914330127,973.4994501001512,True,-0.0005554198389442954
-178.16,790.16,2521.0,-178.15654985013157,790.1646940641537,-176.7688192401483,789.6202809514543,-126.89918562484877,40.509682989310065,0.05480270474920189,0.1998014437316478,2448.0,-178.15654985013137,-790.1646940641537,-179.5032121314939,-790.5111711020677,124.22549039177323,28.32569377468729,0.05476311067413538,-0.19990937950787224,1.9797037533252765e-05,-5.396788811222464e-05,790.065726026761,True,-1.5744064228702323e-05
-178.13,943.33,3688.0,-178.12584367631356,943.3298382933731,-178.55193304117998,944.0984070447066,-132.54127013011217,39.83880197590015,0.05184307503468017,0.2087592623688494,2799.0,-178.12584367631334,-943.3298382933732,-178.07213807658067,-943.0324022560709,128.95345279058006,25.007832466802757,0.051350493777886336,-0.20741663904797264,0.00024629062839691754,0.0006713116604383784,943.5654046503887,True,-0.00016400449295965
-177.73,759.48,2363.0,-177.72573694444733,759.4824306246677,-178.51376066747676,759.2992804456388,-125.52738120447898,40.29626834977723,0.05483438527171754,0.1975967789367543,2434.0,-177.7257369444475,-759.4824306246677,-177.23173659557665,-758.860178633019,122.96017106113595,29.189673301337802,0.05575054795199545,-0.19786774254800038,-0.00045808134013895774,-0.00013548180562303336,759.0797295393289,True,0.000379170966349077
-177.49,604.48,2042.0,-177.49151081010066,604.4805733771334,-178.44989971715904,604.7747896169873,-118.50944365288065,40.59942953128341,0.05720933852469186,0.18642816652360927,1987.0,-177.49151081010078,-604.4805733771334,-177.45348585706472,-604.272515592911,116.2622460220008,33.347463941857406,0.06047464636436324,-0.1872103795208166,-0.0016326539198356915,-0.00039110649860366054,604.5236526049491,True,0.0016969174120180313
-177.26,728.75,2349.0,-177.25832889967873,728.7520050303075,-176.61675803443313,728.4372527518093,-124.43060698491244,40.64543578395699,0.05576806891878973,0.19587444109153956,2281.0,-177.25832889967901,-728.7520050303074,-177.0819581211971,-728.4172412632421,121.8646125924135,30.100284635303904,0.05682699707427874,-0.19612227275765434,-0.0005294640777445056,-0.00012391583305738918,728.4272470075257,True,0.0004566991319490412
-176.85,531.34,1577.0,-176.84776906441394,531.342513428899,-177.07708174316477,531.5705881295787,-114.16461953700833,40.997138284038684,0.05873884153346475,0.17952997703903398,1648.0,-176.84776906441394,-531.342513428899,-176.6243053039308,-531.1126271869934,112.10573546295149,35.63772043699919,0.06322371561731768,-0.18058493255421373,-0.0022424370419264657,-0.0005274777575898781,531.3416076582861,True,0.002651711680589654
-176.85,573.34,1874.0,-176.8531046465425,573.3436834716845,-176.4329120610655,573.2081044852608,-116.9453728138606,40.900104918783065,0.058074474602991435,0.18396357246295517,1822.0,-176.8531046465425,-573.3436834716845,-177.03544826567676,-572.9260743395643,114.54581749235092,34.001424944156504,0.0611315586097859,-0.18447347897619853,-0.0015285420033972312,-0.00025495325662168444,573.0670894124125,True,0.0016759141878134713
-176.66,113.53,276.0,-176.66324189454807,113.53457166567546,-176.47963078308018,113.62381799975147,-54.15933365630508,40.76052907332198,0.06348084903406759,0.08403591540917148,267.0,-176.66324189454807,-113.53457166567546,-176.53940581872277,-113.51427195860009,53.576984572263875,41.867165582341904,0.0680238697659052,-0.08743249262005058,-0.0022715103659188066,-0.0016982886054395518,113.56904497917577,False,
-176.57,162.55,373.0,-176.57373856155155,162.54757719017792,-176.39601396710046,162.54836053291396,-68.92586745654707,41.824504705491286,0.0645750413008324,0.10753860792846895,341.0,-176.57373856155155,-162.54757719017792,-176.44677302151285,-162.5577692418393,68.80669183303176,42.721712063202126,0.06998455711193503,-0.11167019007263358,-0.0027047579055513166,-0.0020657910720823167,162.55306488737665,True,0.010454736822964451
-176.14,542.1,1713.0,-176.13968679372002,542.1022142882375,-176.2365627552076,542.0296460979349,-114.6892736466201,41.10855415972049,0.058788073607807606,0.18037528380185888,1664.0,-176.13968679372002,-542.1022142882375,-176.15417624011275,-541.7263232592337,112.64437520576924,35.19333564878061,0.0626464409083763,-0.18143644667247524,-0.0019291836502843482,-0.0005305814353081806,541.8779846785843,True,0.0022369276311359158
-175.77,489.39,1432.0,-175.76877677242138,489.392824949372,-175.707897576778,489.40791086733384,-111.48887500134111,41.50102893212932,0.06005717357227491,0.17528816570734934,1497.0,-175.76877677242138,-489.392824949372,-175.8213165679682,-489.0130071412477,109.40817701971355,36.85914371211162,0.06465207823115769,-0.17628180076774277,-0.0022974523294413893,-0.0004968175301967165,489.2104590042908,True,0.0029507379604418967
-175.34,510.74,1560.0,-175.33771337052906,510.7413105183427,-175.81724486675367,510.8665728107087,-112.67144947327658,41.30610458241932,0.059484138183754934,0.17716895226188367,1514.0,-175.33771337052906,-510.7413105183427,-176.15150048490793,-510.9639287400757,110.98794196709798,36.37525007518088,0.06415076992998783,-0.17880011852421135,-0.0023333158731164497,-0.0008155831311638384,510.9152507753922,True,0.002869488822015861
-175.16,468.32,1293.0,-175.15542378191216,468.316749134364,-175.5374257669174,468.4534674272081,-109.84574101723813,41.48676506469008,0.06029110042250576,0.17267512451365727,1355.0,-175.15542378191208,-468.316749134364,-176.0030380048164,-468.61952996789813,108.14766969823539,37.60829135204789,0.06559462536948678,-0.1742778665950822,-0.002651762473490509,-0.0008013710407124702,468.53649869755316,True,0.0035560762198637175
-174.49,44.19,217.0,-174.49204786907947,44.18738768534386,-174.44008143828947,44.14187166915798,-24.446684588361922,39.70158119811168,0.0626464246576334,0.036771743999486524,213.0,-174.49204786907947,-44.18738768534386,-174.44955461384188,-44.16073961821129,22.707339489565033,40.72438471214645,0.06535570669320526,-0.038276332205000735,-0.0013546410177859292,-0.0007522941027571055,44.15130564368464,False,
-174.47,382.05,949.0,-174.4743054607923,382.0454380488977,-174.4926786974559,382.17238871171344,-102.92492261867672,41.94496711187906,0.06207703366025777,0.1616730949189501,916.0,-174.4743054607924,-382.04543804889767,-174.36201407791964,-381.89185966496234,101.36063673354636,39.60305422731485,0.0677072376630779,-0.16345587056698996,-0.0028151020014100664,-0.0008913878240199291,382.0321241883379,True,0.004629926755780274
-173.55,360.39,853.0,-173.5534956470233,360.38754716096764,-173.41897881356445,360.243833396469,-100.79299742674505,42.25130909106025,0.06283315048493449,0.158293180166319,899.0,-173.5534956470233,-360.38754716096764,-173.87639141218824,-360.4884210816842,99.57386622362115,40.202042965737895,0.06839843051716812,-0.160606189571123,-0.002782640016116819,-0.0011565047024020003,360.3661272390766,True,0.004851688752876575
-173.05,349.5,835.0,-173.05073676811426,349.5045672148117,-172.80415219065176,349.3626950877851,-99.58359708685822,42.44927198703982,0.06328147922504503,0.15637588950859008,805.0,-173.05073676811426,-349.5045672148117,-172.8442458610738,-349.2444213492502,98.27967572602535,40.570739082227966,0.06884752365186615,-0.15853378076261035,-0.002783022213410563,-0.001078945627010136,349.30355821851765,True,0.005006030963451165
-172.52,338.58,745.0,-172.5163899010278,338.5824791915798,-172.63394237841513,338.7746844841781,-98.383722735993,42.45426519266981,0.06341909723724329,0.1544683147232491,788.0,-172.5163899010278,-338.5824791915798,-172.63092184424042,-338.42875986217587,97.22311528411012,40.985260421309754,0.06937479574037227,-0.1568496000191018,-0.002977849251564489,-0.001190642647926357,338.601722173177,True,0.005525777761654842
-172.0,137.17,295.0,-172.00292614296657,137.16775640892135,-171.80259883257145,137.16771247104802,-62.09221272476614,41.8103753989731,0.06486338991934418,0.09671876405954385,311.0,-172.00292614296657,-137.16775640892135,-171.9199138901289,-137.16965007301494,61.609435659780246,42.796246762409986,0.0697922551633387,-0.10015996078494467,-0.0024644326219972618,-0.0017205983627004082,137.16868127203148,True,0.0112886459922718
-171.34,316.61,729.0,-171.34106149334647,316.61055043433606,-171.0790793461333,316.58824526228767,-95.88770341041315,42.73380001823258,0.06413570744904258,0.15051481895143415,702.0,-171.34106149334653,-316.610550434336,-171.24773160968684,-316.5724616859898,94.892732850483,41.622886290739594,0.07012193533918001,-0.15312374128976114,-0.0029931139450687164,-0.0013044611691634955,316.58035347413875,True,0.005940447458596435
-169.26,283.29,631.0,-169.25676154394907,283.2881018886158,-169.096878268697,283.3020310866597,-91.5757806848693,43.058300244093935,0.06505982096082989,0.1436764567542484,607.0,-169.25676154394907,-283.2881018886158,-169.77962955698914,-283.4479463283927,90.9241424963418,42.37109418682163,0.07090707014945154,-0.14678955376406613,-0.0029236245943108224,-0.0015565485049088695,283.3749887075262,True,0.006482461694473023
-167.8,224.15,477.0,-167.79774662317712,224.15154745882091,-167.49701869243995,224.03719520288234,-82.23770239167074,43.02321166010694,0.06572979058222186,0.1288340369976593,504.0,-167.79774662317712,-224.15154745882091,-167.77006221768968,-224.16571144287983,82.02421568057177,43.46131058810664,0.07191617552012475,-0.1326002691885203,-0.0030931924689514417,-0.001883116095430501,224.10145332288107,True,0.008672456686477854
-165.42,200.59,401.0,-165.42303500490553,200.5871867537052,-165.18166309581443,200.54531095090056,-77.72876835747796,43.23612427867109,0.06635635600825396,0.12168620169866709,425.0,-165.42303500490553,-200.5871867537052,-165.53487286547363,-200.5572348012538,77.52228414695941,43.89828657875153,0.07232251203640708,-0.12540784831480553,-0.0029830780140765595,-0.0018608233080692205,200.55127287607718,True,0.0093458553912036
-164.84,72.31,218.0,-164.83919879791034,72.30517643753447,-164.58291198764283,72.29183274015054,-37.69125535936568,41.34240946559964,0.06491313214343565,0.0579718535596895,212.0,-164.83919879791034,-72.30517643753447,-164.73468866929417,-72.24701714604664,36.74240896589833,42.22459632750426,0.06808733951481455,-0.06049486134329945,-0.001587103685689449,-0.0012615038918049742,72.26942494309858,False,
-162.55,176.57,374.0,-162.54757719017783,176.5737385615516,-162.602489959514,176.75970573291784,-72.51920267303656,43.426181120701294,0.06695014252885245,0.11342650746168915,339.0,-162.54757719017783,-176.5737385615516,-162.70285684947274,-176.63700959429443,72.37693464169173,44.24426699739232,0.07258020662562797,-0.11718408661449964,-0.002815032048387761,-0.0018787895764052417,176.69835766360615,True,0.010009922129181528
-159.01,152.03,294.0,-159.0148700420261,152.03378277711025,-158.88842300402186,152.06883918174935,-66.38117250108995,43.49491190803128,0.0673619193471258,0.10370301511180886,312.0,-159.0148700420261,-152.03378277711025,-159.18190293152307,-152.10741707822652,65.989996339678,44.62512563228705,0.07288594871517622,-0.10697583756750234,-0.0027620146840252047,-0.0016364112278467388,152.08812812998792,True,0.011410654003216452
-158.71,137.52,277.0,-158.70741061439426,137.52075412850985,-158.57023252526326,137.56951897645652,-62.340626352601475,43.339854832608374,0.06729271112817754,0.09727618305874139,266.0,-158.70741061439426,-137.52075412850985,-158.70037540325754,-137.52985129441572,61.975408334863154,44.273131157970546,0.07214720105721276,-0.10058052505848994,-0.0024272449645176067,-0.001652170999874275,137.5496851354361,True,0.01108750622218159
-157.77,537.32,1576.0,-157.7702318312006,537.3160652241186,-157.18286482889187,536.9302036967994,-114.11983996969569,42.842896959640846,0.06161081863678277,0.17970235207899807,1649.0,-157.7702318312007,-537.3160652241186,-158.1443374618301,-536.9758828160858,112.12692350437658,37.13530244708445,0.06567899854584812,-0.18039233070466842,-0.0020340899545326745,-0.0003449893128351783,536.9530432564426,True,0.002380201448955648
-156.89,495.77,1431.0,-156.89471126950002,495.7661238685639,-156.64907401491106,495.7191473718569,-111.43625002355714,43.093467442516726,0.06251432463500255,0.175437823349019,1498.0,-156.89471126950002,-495.7661238685639,-157.14520831348912,-495.90933246604726,109.7981698010666,38.49871292198586,0.06734599278324715,-0.17667376776584076,-0.002415834074122304,-0.0006179722084108802,495.81423991895207,True,0.003061455669685951
-156.4,474.91,1292.0,-156.39830351111357,474.91006586389136,-156.62670131701051,475.2067834120805,-110.02116119972385,43.27650244021482,0.06305684824636104,0.17318591353457158,1356.0,-156.39830351111368,-474.9100658638913,-156.56125913505986,-474.79369128204615,108.30379900133063,39.15096755719814,0.06812548559200093,-0.17428825116019284,-0.0025343186728199463,-0.000551168812810629,475.0002373470633,True,0.0033523338720225595
-155.37,368.59,852.0,-155.3739185098779,368.5904847481631,-155.65966796771306,368.60008330928366,-101.18543311026058,43.970359086105994,0.06546676476028589,0.15913525875322582,900.0,-155.3739185098779,-368.5904847481631,-155.29189150206025,-368.43059032858537,99.94737295450746,42.01863350576095,0.07138689168865764,-0.16097304012989053,-0.002960063464185876,-0.000918890688332355,368.51533681893454,True,0.00504690725412875
-154.56,347.15,744.0,-154.55992436880408,347.14727390418835,-154.42706490425132,347.11169731579974,-99.05158449458888,44.24200312038651,0.06616226734875964,0.1557542288595652,789.0,-154.55992436880408,-347.14727390418835,-154.66091938483672,-347.067105847769,97.97906567327168,42.754602093242944,0.07229658406037391,-0.15783265429816415,-0.003067158355807134,-0.0010392127192994788,347.0894015817844,True,0.00555232289668734
-151.38,235.55,476.0,-151.3794288875673,235.55098919273073,-151.48884897654114,235.72750389265272,-84.08056772916329,44.74466076824573,0.06832639103725978,0.13196309989702956,505.0,-151.3794288875673,-235.55098919273073,-151.6490723032462,-235.63308702052095,83.89393560106161,45.08191036277673,0.07463588080684834,-0.13537858753781917,-0.0031547448847942805,-0.0017077438203948053,235.68029545658683,True,0.00841048110095001
-150.69,98.45,219.0,-150.68996608725513,98.45066846203684,-150.50587032728302,98.44880751160967,-49.08993076628483,43.241311960453835,0.06761498556807999,0.07628581006411879,211.0,-150.68996608725513,-98.45066846203684,-150.58463607187912,-98.39994402641689,48.354818682566304,44.46811839516263,0.07197830997084942,-0.07880329010917744,-0.0021816622013847153,-0.0012587400225293269,98.42437576901328,False,
-149.59,1251.09,4103.0,-149.5860189482044,1251.0891346883432,-149.36477248554817,1250.9775335356746,-141.4648757711349,42.47772567675589,0.05228471221222874,0.22331907621206834,3351.0,-149.5860189482044,-1251.0891346883432,-150.09658786299,-1250.7835955294036,138.70640620094392,19.782802173744756,0.046803620303447764,-0.22259633069350138,0.0027405459543904873,0.000361372759283482,1250.8805645325392,True,-0.0013765789126887374
-149.58,212.66,400.0,-149.58285165684137,212.66163379934656,-149.54333845126843,212.69554531503798,-80.12961581909859,44.86434994764186,0.06879895405447908,0.12569879124760103,426.0,-149.58285165684137,-212.66163379934656,-149.54903148609688,-212.60877462090744,79.90909536419507,45.64498595609095,0.07525006531762225,-0.1290107981836158,-0.0032255556315715847,-0.001656003468007386,212.6521599679727,True,0.009530476320970973
-149.43,1039.31,3572.0,-149.4305801869495,1039.3125139749793,-148.7926076950606,1039.1681182308491,-135.4521269827296,42.36204521069478,0.054694625195344654,0.21375649658629003,2914.0,-149.4305801869495,-1039.3125139749793,-148.89337533907997,-1038.5181247981225,132.13834638117032,24.309626678924513,0.05140867580705722,-0.21212820311396077,0.0016429746941437166,0.000814146736164631,1038.8431215144858,True,-0.0009937125485570948
-149.4,1220.89,4091.0,-149.40375600911372,1220.8925086551924,-148.6950667649156,1220.7133839831022,-140.5954093152678,42.53394468854165,0.05274483176697506,0.221943479236822,3243.0,-149.40375600911372,-1220.8925086551924,-150.59631898618477,-1221.1447385276888,137.68255060983844,20.084025599425058,0.04692004599754359,-0.22097293410364277,0.0029123928847157345,0.00048527256658961737,1220.9290612553955,True,-0.0014987852089591996
-149.21,1190.69,3987.0,-149.21244557698213,1190.6870479202064,-149.54033263401848,1190.0136625281955,-139.35050952526703,43.02722061739292,0.05390588344662739,0.21995180773632753,3231.0,-149.2124455769827,-1190.6870479202064,-150.06843113399273,-1190.743491138763,136.76401795951256,20.796491568283262,0.04768164755281464,-0.21950457895853148,0.003112117946906374,0.00022361438889802188,1190.3785768334792,True,-0.0016426718473233593
-149.2,1009.03,3584.0,-149.20219708840392,1009.0285944332762,-148.2431663447928,1008.6399419793426,-134.45523019032441,42.62014906212567,0.05547928797955839,0.21217661505696356,2902.0,-149.20219708840418,-1009.0285944332762,-150.51162107797543,-1009.3405024014601,131.51770657504673,25.561323205223847,0.05304347515124225,-0.21116024279538184,0.0012179064141580702,0.0005081861307908581,1008.9902221904013,True,-0.0007584148506757018
-149.14,826.65,2534.0,-149.14468485361462,826.6534116423376,-150.10592009482752,826.8659800919063,-127.5549093384423,42.27153706203869,0.057150635529083754,0.2011716002373505,2611.0,-149.14468485361505,-826.6534116423376,-150.2369400673927,-827.0446056014301,125.4671254839857,29.796085532448075,0.057550735820622756,-0.20152707989228993,-0.00020005014576950086,-0.00017773982746971395,826.9552928466683,True,0.00015199759255076476
-149.01,1160.47,3975.0,-149.01139969566628,1160.4721464820852,-149.9241952062373,1160.1566101989217,-138.64294063973202,42.97520739381343,0.05418876034012149,0.2188209757247102,3129.0,-149.01139969566628,-1160.4721464820852,-147.97362338958212,-1159.4197230846924,135.80907691895467,21.39602263561524,0.04825220954427185,-0.21795908803525482,0.002968275397924821,0.00043094384472769365,1159.788166641807,True,-0.0016080716206913908
-148.96,978.73,3675.0,-148.9598582420353,978.7292580854588,-149.04330214862568,979.1310529979145,-133.0560916645239,42.39225207865118,0.055477973228007994,0.20994001769096637,2812.0,-148.9598582420348,-978.7292580854588,-149.401581332069,-979.0567068462384,130.46426678540777,25.793880230497592,0.053042716329879565,-0.20947004667102084,0.0012176284490642147,0.00023498550997276546,979.0938799220764,True,-0.0007813944441541226
-148.84,796.21,2522.0,-148.83710943142205,796.2082107439604,-147.9110299133897,795.7894663331939,-126.57910852746399,42.86073959032734,0.05846897369860333,0.1996454457724544,2447.0,-148.83710943142165,-796.2082107439605,-148.6537367124233,-795.4685850708069,124.10336589134279,30.675092960239997,0.05856300892528832,-0.1993371996401714,-4.701761334249474e-05,0.00015412306614150106,795.6290257020004,True,3.713041729109344e-05
-148.7,948.41,3687.0,-148.70225300552136,948.4132221511264,-148.45111077744855,949.0968528589461,-132.1303821298082,42.77029740457552,0.05644747908564622,0.20847395775945055,2800.0,-148.70225300552158,-948.4132221511264,-148.52646963791577,-947.9925255270541,129.00123958279212,26.83528949078244,0.05431972845956621,-0.20713084909010163,0.001063875313040006,0.0006715543346744596,948.5446891930001,True,-0.0007047138433984685
-148.53,612.24,2043.0,-148.52812937093918,612.2412880438312,-148.21787662484402,612.1189240383402,-118.4059020169387,43.275803246985014,0.06137897617382448,0.1866336256584941,1986.0,-148.52812937093904,-612.2412880438313,-148.6079230485644,-611.9084069532585,116.34035392584326,35.849252084384446,0.06454988241321742,-0.1869814212855652,-0.001585453119696472,-0.00017389781353555067,612.0136654957994,True,0.0016276917180973116
-148.51,765.73,2362.0,-148.50506514844125,765.7324895975468,-148.31121274546885,765.9474623108558,-125.54722373177533,42.73421649622262,0.05863308015385836,0.19799824908481434,2435.0,-148.50506514844162,-765.7324895975468,-149.36856061679723,-765.9680354169232,123.19812145382298,31.434970148188047,0.05941109860004695,-0.19790521279975853,-0.0003890092230942957,4.651814252790154e-05,765.9577488638895,True,0.0003191059870506984
-148.15,735.22,2350.0,-148.14554788346447,735.2230251034772,-147.69481897663707,735.1077166528681,-124.14542991044216,43.11180441211047,0.059611723514931034,0.19577477388397052,2280.0,-148.14554788346484,-735.2230251034771,-149.39997254511664,-735.6982117093688,122.11796751273484,32.02763686152358,0.05998364326062674,-0.19618647911054882,-0.00018595987284785245,-0.00020585261328914806,735.4029641811185,True,0.00015888164689459243
-148.05,581.45,1875.0,-148.05443861417623,581.4463717374467,-147.7969449010769,581.3728517439698,-116.6855251495365,43.35434396780454,0.0618805239266253,0.1839007159736155,1821.0,-148.0544386141761,-581.4463717374467,-148.21615843160066,-581.082307092193,114.64851308838813,36.46424906026458,0.06515115409148153,-0.18428397503287228,-0.0016353150824281182,-0.0001916295296283954,581.2275794180814,True,0.001767808008836871
-147.53,550.58,1714.0,-147.5268557084368,550.5777209847689,-147.75852639162463,550.6203608780124,-114.54641122017216,43.69438253140593,0.06279833703036422,0.18049668092710788,1663.0,-147.5268557084368,-550.5777209847689,-147.44652202290374,-550.2738998172939,112.99205304080299,37.62873793940389,0.06662718597629519,-0.1816382112705804,-0.0019144244729654841,-0.000570765171736265,550.4471303476532,True,0.0021852568679292844
-147.41,189.39,376.0,-147.41105104552028,189.39372225513446,-147.34247129907283,189.422221762607,-75.39748284165141,44.96642428917474,0.06924643817681995,0.1181943216606176,337.0,-147.41105104552028,-189.39372225513446,-147.61905934813956,-189.52012246076458,75.18941631782651,46.01398090908089,0.07555457292843396,-0.12147555936683264,-0.003154067375807,-0.0016406188531075255,189.4711721116858,True,0.010459422176289345
-147.12,29.26,167.0,-147.11779206048456,29.26354830241924,-147.19189914092706,29.270410792665924,-16.771466063828985,42.90918472430682,0.06793361460226827,0.024889962073965235,164.0,-147.11779206048456,-29.26354830241924,-147.19614466267956,-29.29869627469695,15.367952189329515,43.304567680639316,0.06928018038674238,-0.026261562751705124,-0.0006732828922370593,-0.0006858003388699446,29.28455353368144,False,
-146.94,519.62,1561.0,-146.93587101648086,519.6247201669952,-146.98833729506376,519.7017660698052,-112.88758325840774,43.77727966925564,0.06330893111475686,0.17786600671354033,1513.0,-146.93587101648086,-519.6247201669952,-146.94830367113755,-519.2051221376593,111.01170009504044,38.76778957879572,0.06805954448738138,-0.17848028000009547,-0.0023753066863122646,-0.0003071366432775696,519.4534441037322,True,0.0028731144707748453
-146.77,393.52,950.0,-146.7749554316213,393.5188844998999,-147.12808653666352,393.9412068980732,-103.3216958382615,44.562568395671484,0.06609894309679916,0.1626397125286012,915.0,-146.7749554316212,-393.51888449989997,-146.8558201420379,-393.59589230507225,102.10891025093758,42.28946734702668,0.07212613590519226,-0.16430991724685062,-0.0030135964041965516,-0.0008351023591247064,393.7685496015727,True,0.004808658453748024
-145.79,361.73,836.0,-145.78865801789982,361.72595592981696,-145.84618011630192,361.7702161735417,-100.31374468490712,44.857104991376026,0.06696170989871154,0.15786810905540125,804.0,-145.78865801789976,-361.72595592981696,-145.74780621741917,-361.6526601631302,99.23249979265377,43.17342214142615,0.07314178575772493,-0.1597183980024043,-0.0030900379295066907,-0.0009251444735015324,361.7114381683359,True,0.005367615969132954
-144.75,165.68,293.0,-144.74651970673676,165.6757225207944,-144.71943108413782,165.74597493741751,-70.08186322809924,45.10301760242629,0.06975379553934613,0.10976637459203865,313.0,-144.74651970673676,-165.6757225207944,-144.62942100128535,-165.74402401084444,69.83167407103896,46.3239024168329,0.07575664309503367,-0.1129118337232197,-0.0030014237778437716,-0.0015727295655905207,165.74499947413096,True,0.011378021564089973
-144.61,329.68,730.0,-144.61035287506894,329.6783975958207,-144.71449655933097,329.8136408127951,-96.84413339013103,45.35996182048308,0.0681534027104012,0.1523599108715111,701.0,-144.61035287506894,-329.6783975958207,-144.9158048438866,-329.70056491371156,96.0990593292009,44.15962369304206,0.07432005783228188,-0.15472118311772723,-0.0030833275609403396,-0.0011806361231080642,329.7571028632533,True,0.005874966228144003
-143.18,297.32,632.0,-143.18163390879423,297.31972640779827,-143.2561059214573,297.417236776985,-93.04829950184406,45.57095342325507,0.0688859641570636,0.14633651447732232,606.0,-143.18163390879423,-297.31972640779827,-143.31974807273346,-297.33496558066895,92.48781866089637,45.00905461548672,0.07527558851652076,-0.148954168223199,-0.0031948121797285775,-0.0013088268729383457,297.37610117882696,True,0.0067502387943400135
-138.58,19.92,142.0,-138.57500186333058,19.924077358259932,-138.48547213265542,19.923244695289068,-11.863645759182013,43.76998936528759,0.06941810222836818,0.017185550836424823,145.0,-138.57500186333058,-19.924077358259932,-138.6440539364073,-19.96024231443937,10.462796112885771,44.039872709129014,0.07033608689407939,-0.018350027166558123,-0.00045899233285560254,-0.0005822381650666501,19.94174350486422,False,
-138.58,57.4,168.0,-138.581929876693,57.40251485476347,-138.49114639358095,57.421355313392496,-31.250369823964988,43.84446343713051,0.06907739305157727,0.04804041099659333,163.0,-138.581929876693,-57.40251485476347,-138.70025816929828,-57.47461290508005,30.195965247160128,44.95235428929603,0.0722477839126115,-0.04975702960415537,-0.0015851954305171126,-0.0008583093037810227,57.44798410923627,False,
-138.49,542.6,1575.0,-138.49164031036062,542.6048889976441,-138.94489875992852,542.7784923635204,-113.84707172239634,44.35307351872024,0.06394271544733007,0.1794915878059034,1650.0,-138.49164031036062,-542.6048889976441,-138.6649486037981,-542.6403006897684,112.40376079789355,38.72317111224993,0.06827554198829483,-0.18059436739473606,-0.0021664132704823785,-0.0005513897944163237,542.7093965266445,True,0.002508151898141213
-137.79,501.41,1430.0,-137.79038114226415,501.4118176356333,-138.01687215818512,501.2873694498014,-111.24494862526895,44.80161922389132,0.06516473876584464,0.17536154578810428,1499.0,-137.79038114226415,-501.4118176356333,-137.6791767197786,-501.206823534606,109.74051986333346,40.135651134404135,0.07001613909307153,-0.17634361507941637,-0.002425700163613445,-0.0004910346456560438,501.2470964922037,True,0.0030406407806246863
-137.52,158.71,278.0,-137.52075412850985,158.70741061439426,-137.39537214765204,158.67800244899487,-68.37228768902946,45.92699608313689,0.07115175928872869,0.10713519816681938,265.0,-137.52075412850985,-158.70741061439426,-137.75429302599568,-158.8225914422464,68.25865514453427,46.91555881585066,0.07661352690329441,-0.11032409684011893,-0.002730883807282862,-0.0015944493366497753,158.75029694562062,True,0.010808577586101754
-137.39,480.75,1291.0,-137.3938853755127,480.7524521637102,-137.37460001953306,480.73051756832166,-110.01748144867736,45.03984028712258,0.06579563857076728,0.17341583699118607,1357.0,-137.3938853755127,-480.7524521637102,-137.41557806836326,-480.52128983585476,108.44026388985897,40.824950473489956,0.07085985789389723,-0.1742709651392514,-0.002532109661564974,-0.0004275640740326603,480.6259037020882,True,0.0033102073981376625
-136.81,375.88,851.0,-136.80805733026747,375.8770483143633,-136.57466475234227,375.8269657631767,-101.51349170539208,45.80757628928841,0.0683022793211312,0.15989111374023554,901.0,-136.80805733026747,-375.8770483143633,-137.16994577579644,-375.8908737762061,100.40169772902722,43.65354316990646,0.07408029712322471,-0.16147418148855197,-0.0028890089010467565,-0.0007915338741582151,375.8589197696914,True,0.00482951908936758
-136.18,354.76,743.0,-136.17982082721412,354.7605620689367,-136.61409457184288,354.87267487750756,-99.40696788189882,45.96812815046591,0.06881443217642741,0.1565379940518079,790.0,-136.17982082721412,-354.7605620689367,-136.5041085705055,-354.90062465616325,98.53913408780893,44.43521803235317,0.07506730429418837,-0.158501664895131,-0.00312643605888048,-0.0009818354216615532,354.8866497668354,True,0.0055352820744033636
-134.33,39.44,141.0,-134.32901630602964,39.442557957800176,-134.25578889292305,39.45414378764844,-22.622407205774337,43.85426746266475,0.0693130405949589,0.0343604523100312,146.0,-134.32901630602964,-39.442557957800176,-134.49895939162639,-39.49712036339788,21.01274994953306,44.95075076710787,0.07202506196434029,-0.035090035331058006,-0.0013560106846906977,-0.0003647915105134021,39.475632075523166,False,
-134.19,245.75,475.0,-134.18971628161592,245.75011707883155,-134.14752970482687,245.78411198744493,-85.56977458059309,46.55237222792559,0.07108029017566853,0.13454562488060992,506.0,-134.18971628161586,-245.75011707883155,-134.1824938884019,-245.78031206087212,85.44361022627923,46.783421148578896,0.07746819211947856,-0.1376310585936994,-0.0031939509719050158,-0.0015427168565447374,245.78221202415853,True,0.008165027750890697
-132.86,223.49,399.0,-132.86485665624872,223.48809781667228,-133.13847664357777,223.6510772033037,-81.84166510179192,46.65889434461778,0.0715208880664228,0.1286245122066868,427.0,-132.86485665624878,-223.48809781667225,-133.16527741369208,-223.6452739983729,81.92041215332863,47.27405262955684,0.07797796916317169,-0.1320112568831105,-0.003228540548374445,-0.001693372338211846,223.64817560083827,True,0.009070281249861357
-132.43,121.91,220.0,-132.43030392116367,121.91068289263343,-132.25747047602968,121.90197767437489,-58.001330580031585,45.9476178005099,0.07163497474899337,0.09069223102429474,210.0,-132.43030392116367,-121.91068289263343,-132.68924437184907,-121.99261135429022,57.40241367187195,47.0581255914442,0.07638937320688449,-0.09298382038892723,-0.0023771992289455604,-0.0011457946823162438,121.94729451433255,False,
-131.27,200.92,378.0,-131.26755794938245,200.91995478300683,-131.21253207990557,200.9810875830896,-77.78136893167874,46.71770020554769,0.07189211924878333,0.12218593713860296,336.0,-131.26755794938245,-200.91995478300683,-131.45744116820887,-201.03329479751656,77.6773550121464,47.63607439640894,0.07827721640435469,-0.1252373058805389,-0.003192548577785677,-0.001525684370967978,201.00719119030308,True,0.009979431182344558
-129.31,177.98,292.0,-129.3127555043441,177.98373876248843,-129.1497880955654,177.92743666680636,-72.94466241456745,46.744300537105886,0.07221679242868444,0.11451334200338836,314.0,-129.3127555043441,-177.98373876248843,-129.65144542682276,-178.06807728648687,72.76657880591017,47.99532946345024,0.07856773420602663,-0.11739944482328354,-0.0031754708886710947,-0.0014430514099475905,177.9977569766466,True,0.011209170480554118
-127.35,58.16,140.0,-127.34847934963256,58.15810182026413,-127.3146469621047,58.20016823334226,-31.76086485990163,44.943038074738475,0.07081629079018206,0.0489897673658544,147.0,-127.34847934963256,-58.15810182026413,-127.26538982216539,-58.12924214374629,30.754193895946827,46.09435001394608,0.07407334378481661,-0.05050543557002461,-0.0016285264973172758,-0.0007578341020851066,58.164705188544275,False,
-124.72,83.34,169.0,-124.72044184538179,83.33553495294032,-124.63233602078738,83.40156054389466,-43.32518396981959,45.870780640886245,0.07198419817543707,0.0674278030535392,162.0,-124.72044184538179,-83.33553495294032,-124.79469384720876,-83.34181381738101,42.773352975685405,46.90907523198448,0.07567879692323412,-0.06960426281692933,-0.0018472993738985269,-0.0010882298816950672,83.37168718063784,False,
-119.77,1254.29,4102.0,-119.77061456327014,1254.2946224420866,-119.36235381688427,1254.5953875160299,-141.07503984745577,44.45731983156434,0.055391026403216255,0.2230660718770822,3352.0,-119.77061456326983,-1254.2946224420866,-120.83176826606673,-1254.4465169405898,138.90452976492875,21.967757650386144,0.05032594464803073,-0.22255324868733714,0.002532540877592762,0.0002564115948725243,1254.5209522283099,True,-0.0012684063668812
-119.69,1043.16,3573.0,-119.69098038506768,1043.1558221159778,-118.75482157713382,1043.195232013793,-134.87961684437454,44.47255835746808,0.058004291239790846,0.21321319035308453,2913.0,-119.69098038506793,-1043.1558221159778,-119.73867338439727,-1042.4667402041225,132.2129606993843,26.627808736822345,0.05514653572782604,-0.21188989864575383,0.0014288777559824037,0.0006616458536653491,1042.8309861089579,True,-0.0008609164708121112
-119.63,1224.17,4092.0,-119.6294702663588,1224.16861168868,-119.22401733269788,1224.474806719514,-140.13767621063016,44.89068543293397,0.05644963511532726,0.2215759055174972,3242.0,-119.6294702663585,-1224.1686116886801,-119.17488736031585,-1222.9583902565614,137.69691881567726,22.23981325155393,0.0503733003519922,-0.22061098439278135,0.0030381673816675288,0.0004824605623579281,1223.7165984880376,True,-0.001559950128717021
-119.59,9.91,114.0,-119.59013916080038,9.909521456679924,-119.6349111831476,9.902792957645373,-6.0556785427751665,45.90497441394854,0.07293875666817028,0.00817274622690684,111.0,-119.59013916080038,-9.909521456679924,-119.63281769556437,-9.898833722162822,5.235968302077341,46.06699062142877,0.07343912345573281,-0.009798442244270327,-0.0002501833937812656,-0.0008128480086817434,9.900813339904097,False,
-119.54,831.45,2533.0,-119.54446414955959,831.4500111799834,-119.14750738293634,831.6500948479894,-127.25856217416889,44.45006529623652,0.06055927997683305,0.20107909591730602,2612.0,-119.54446414955959,-831.4500111799834,-119.20674223247185,-830.9844598335889,125.2305249557972,31.89401914317447,0.06093795215277672,-0.2007704924652328,-0.00018933608797183296,0.0001543017260366153,831.3172773407891,True,0.0001431022497052958
-119.52,1012.97,3583.0,-119.51638349767126,1012.973757841553,-120.21410589127775,1013.0306587926799,-133.58732260511428,44.499357055555606,0.058416367402383304,0.21113856837660372,2903.0,-119.51638349767101,-1012.973757841553,-119.55078922780183,-1012.2155006317006,131.11489035312107,27.34755926458733,0.055921568160338816,-0.2101399643988809,0.0012473996210222438,0.0004993019888614031,1012.6230797121902,True,-0.0007739941077795676
-119.48,1194.04,3986.0,-119.48141591497988,1194.0369304384817,-119.24047147041206,1194.6084582350293,-139.29204110786878,44.478225551613946,0.05615895718557844,0.220229833937554,3232.0,-119.48141591498016,-1194.0369304384817,-119.59392223640913,-1194.0076600715931,137.00602669655146,23.61381911321017,0.052205539792021825,-0.21951652734251978,0.001976708696778306,0.0003566532975171066,1194.3080591533112,True,-0.0010399349602460669
-119.33,982.78,3676.0,-119.33131345276975,982.7817853570735,-119.63326528551971,983.4268807811442,-132.64302332900272,44.76246877614938,0.0591976793777465,0.20964278294023223,2811.0,-119.33131345276952,-982.7817853570735,-119.38838656882989,-982.2848359200376,130.20648697885875,27.821408709019362,0.056309162935233505,-0.2086922065845703,0.0014442582212564961,0.00047528817783096255,982.8558583505909,True,-0.0009232830998027377
-119.33,1163.9,3976.0,-119.32593257100608,1163.8991888544556,-120.52815235109881,1163.9270586131502,-137.967028599494,44.33539918464451,0.05630739623131907,0.21810524084107746,3128.0,-119.32593257100636,-1163.8991888544556,-118.96043981570257,-1162.966909080739,135.92637561449237,23.574819055894224,0.051763314037716814,-0.21779045103525704,0.0022720410968011286,0.00015739490291021008,1163.4469838469445,True,-0.0012270138162657402
-119.31,801.16,2523.0,-119.31437542425635,801.1642027806282,-118.91363142377436,801.0819179853706,-126.21638399214125,45.17231508913262,0.06208314385644819,0.1994232820973108,2446.0,-119.31437542425675,-801.1642027806282,-119.10160112357734,-800.5605202647902,124.06086730119875,32.98915472483626,0.062308313402024015,-0.1989076368303784,-0.00011258477278791243,0.00025782263346620093,800.8212191250805,True,8.833319763504868e-05
-119.23,618.62,2044.0,-119.2282839470584,618.6150792755052,-118.72256629812587,618.482762710158,-118.11951430428462,45.76236581741289,0.06525852565816466,0.18653905372278806,1985.0,-119.22828394705873,-618.6150792755052,-118.98089123066556,-618.0648832690762,116.35964689455936,37.8222406478239,0.06776538943698937,-0.18664928554402632,-0.0012534318894123556,-5.5115910619130126e-05,618.2738229896171,True,0.0012737956126016219
-119.13,14.46,115.0,-119.12506489176648,14.464401630638731,-118.95153839406794,14.400673211689167,-8.694825285293236,45.966361738103615,0.072981372211547,0.012381447971081667,110.0,-119.12506489176648,-14.464401630638731,-119.13653861340748,-14.503472902849737,7.774493271296912,46.09299675162256,0.07353690638856938,-0.013832552297949705,-0.00027776708851118964,-0.0007255521634340189,14.452073057269452,False,
-119.13,952.58,3686.0,-119.13480250872908,952.5790774687454,-118.74548132824039,952.9235160867565,-131.64219758957853,44.72880324853279,0.0595176729063107,0.2080607919702427,2801.0,-119.13480250872884,-952.5790774687454,-120.06350097448232,-953.0187802257442,129.31823749658062,28.763318837227384,0.0574498388736329,-0.20728678173434725,0.0010339170163389012,0.00038700511794771686,952.9711481562504,True,-0.0006816882356272974
-119.07,770.86,2361.0,-119.06644169072212,770.8587305486718,-118.4726210967013,770.6680612580661,-125.0182950923655,45.24836845646008,0.06257666422817706,0.19752186543219385,2436.0,-119.06644169072176,-770.858730548672,-119.47513633748791,-770.4633682595662,123.15862448999007,33.56710012410607,0.06285954306923412,-0.19747624747327963,-0.00014143942052852881,2.28089794571118e-05,770.5657147588162,True,0.00011532956526608548
-119.04,547.2,1574.0,-119.036562149667,547.2022449438493,-119.00234866851822,547.3594867574567,-113.73124630447789,46.06623576298498,0.06661319452819707,0.17955148179787583,1651.0,-119.03656214966674,-547.2022449438493,-119.04196849833409,-546.9077481644384,112.32117838107162,40.37083717546695,0.0709501472870027,-0.18022261129124095,-0.0021684763794028172,-0.00033556474668255953,547.1336174609476,True,0.0024902397679854257
-118.89,588.1,1876.0,-118.88768591963856,588.1034927091263,-118.98718243772015,588.3964858614589,-116.33893983659202,45.79463089257363,0.06567834293652834,0.18370194069534024,1820.0,-118.88768591963871,-588.1034927091263,-118.93791912734821,-587.9416260888933,114.82729739886042,38.90406782662232,0.06911825215428917,-0.1842099492979942,-0.001719954608880414,-0.0002540043013269794,588.1690559751761,True,0.0018373617955156985
-118.8,740.53,2351.0,-118.79851830541129,740.53150645225,-118.41431752663925,740.4190063763402,-123.6626042344393,45.486538354029165,0.06332618274762268,0.1953649304610002,2279.0,-118.79851830541149,-740.53150645225,-118.50178418844017,-739.9876641887093,121.88225157670145,34.325834303399304,0.06369387089952903,-0.1954329162721315,-0.00018384407595317676,-3.3992905565646825e-05,740.2033352825248,True,0.0001560552812694519
-118.51,557.54,1715.0,-118.50966376612284,557.5441324182692,-118.95946262818406,557.7068313618089,-114.18940480817075,46.0646252604485,0.06648390768514607,0.1802811889278714,1662.0,-118.50966376612284,-557.5441324182692,-118.44814812143062,-557.2884951140978,112.95056906595164,40.04873989388389,0.07056464626807103,-0.1812170451755413,-0.0020403692914624794,-0.00046792812383494864,557.4976632379534,True,0.002299564500213086
-118.48,506.32,1429.0,-118.48382462963156,506.3216204164451,-118.11490328293517,505.93879802603607,-111.17270931569472,46.5524895910595,0.06789436958273982,0.17549031222895453,1500.0,-118.48382462963167,-506.32162041644506,-118.36388389491283,-505.9154577712279,109.8240739971917,41.628696758342585,0.0724500615219418,-0.17624004174638938,-0.0022778459696009903,-0.00037486475871742475,505.92712789863197,True,0.0028288912649654897
-118.33,402.99,951.0,-118.32767387340044,402.9870489180889,-118.63231768026647,403.06190650334065,-103.44029481086058,47.220330046132965,0.07021720117847982,0.16317745556406918,914.0,-118.32767387340054,-402.9870489180889,-118.62286395624908,-403.06379391966544,102.46139403193331,44.86413028556186,0.07633979237404453,-0.16452514435942928,-0.003061295597782357,-0.0006738443976800484,403.062850211503,True,0.00477213107355998
-118.17,485.83,1290.0,-118.17221926645247,485.834670020205,-118.88931771729686,486.07444546274036,-109.74559382445882,46.57990385507511,0.06818127892597403,0.17320950314845396,1358.0,-118.1722192664527,-485.8346700202049,-118.78102143454889,-486.13488357445357,108.5795610557153,42.566475964938,0.07370033132896722,-0.17426444655474269,-0.0027595262014965954,-0.0005274717031443638,486.10466451859696,True,0.0035668479958305722
-118.09,526.93,1562.0,-118.08778925144297,526.9300466188153,-117.86064483527764,526.7013251541289,-112.44039784451441,46.37339994180456,0.06735506144691512,0.17751101508189066,1512.0,-118.0877892514431,-526.9300466188151,-117.95286449046131,-526.6398264997374,111.02140855539555,41.29403063812467,0.07217123463034615,-0.17814062513762255,-0.0024080865917155136,-0.000314805027865947,526.6705758269331,True,0.002872849744401714
-117.9,382.23,850.0,-117.90206976436166,382.22912231445633,-117.85270456878477,382.18500708369567,-101.75676126317443,47.530557718405284,0.07096662267456148,0.16050757660494244,902.0,-117.90206976436166,-382.22912231445633,-118.33419839235779,-382.3259435812813,100.80803056301973,45.504350368366744,0.07710475839200011,-0.16189019939204793,-0.0030690678587193126,-0.000691311393552746,382.25547533248846,True,0.005044668636824459
-117.78,75.69,139.0,-117.77549459636536,75.68971444378364,-117.65701773303856,75.71314598667719,-40.22897436257758,46.28047665250708,0.07273040943408461,0.06258545894896347,148.0,-117.77549459636536,-75.68971444378364,-117.70133375069167,-75.70738236769432,39.600222183077214,47.548723468808596,0.07660333003569061,-0.06446719612105663,-0.0019364603008030015,-0.0009408685860465768,75.71026417718576,False,
-117.67,371.82,837.0,-117.67103345212502,371.82459290142293,-117.82639329533446,371.93420786952294,-100.71475274750014,47.7037202091754,0.07136776059808442,0.15884949077826047,803.0,-117.67103345212502,-371.82459290142293,-117.80724339076853,-371.7028509585084,99.80541952429695,45.88085980786449,0.07757389104901198,-0.160288040760327,-0.0031030652254637817,-0.0007192749910332613,371.81852941401564,True,0.005243723023320365
-117.43,361.4,742.0,-117.42645786248,361.4014761921583,-117.45524064532259,361.43217807879176,-99.74211102364796,47.758344335730904,0.07158331566955496,0.15730602889261117,791.0,-117.42645786248,-361.4014761921583,-117.68778174122878,-361.43316337452524,98.88376208310287,46.33144608022528,0.0781652487891338,-0.1588197143407113,-0.0032909665597894225,-0.0007568427240500636,361.4326707266585,True,0.005721052469693936
-116.89,340.49,731.0,-116.89180891368603,340.49420701222846,-116.98995285395233,340.5703150592075,-97.47914759150329,48.08917514506876,0.07236534392632481,0.15371010909694902,700.0,-116.89180891368603,-340.49420701222846,-117.19750510088063,-340.63372664548973,96.93037005648618,46.95647291670397,0.0789052797576896,-0.15570478996767428,-0.0032699679156823966,-0.0009973404353626342,340.6020208523486,True,0.0060322056549602585
-116.33,29.46,116.0,-116.32803191271962,29.45825845689591,-116.14899163202473,29.43607230649587,-17.150167765596446,46.1412836455749,0.0730756309490206,0.02587286619799732,109.0,-116.32803191271962,-29.45825845689591,-116.24141903519012,-29.466144052512316,16.175259472637176,46.72021853191955,0.07471840828370747,-0.02716733051404348,-0.0008213886673434367,-0.00064723215802308,29.451108179504093,False,
-116.32,254.7,474.0,-116.3162036405282,254.69695869926514,-116.36482564485603,254.58306419820101,-86.66324068418383,48.32002638668573,0.07378583861708708,0.13650371452970303,507.0,-116.31620364052826,-254.6969586992651,-116.19485186809015,-254.6996847208319,86.66497738642708,48.64541714497175,0.08054088610290314,-0.1393546306385412,-0.003377523742908027,-0.0014254580544190848,254.64137445951644,True,0.008333919655096656
-115.95,308.96,633.0,-115.95369194684308,308.95750731111326,-116.01528767514736,309.12040524034734,-93.98603992118171,48.22053035038169,0.07295956842093336,0.1481625922701131,605.0,-115.95369194684316,-308.95750731111326,-116.08414360296115,-308.94097320448117,93.65522110804038,47.68458657620434,0.0796759683465149,-0.15047859321454002,-0.00335819996279077,-0.0011580004722134551,309.03068922241425,True,0.006827863186620879
-115.37,233.0,398.0,-115.36715784540952,233.00304480987447,-115.23401772219245,232.95924321920006,-83.25583033939911,48.50205508586203,0.07434037263856753,0.13109450150850463,428.0,-115.36715784540952,-233.00304480987447,-115.36621795733573,-233.02587556589887,83.40151430329912,48.90945083220973,0.08069567021484018,-0.13415051956873897,-0.0031776487881363252,-0.0015280090301171695,232.99255939254948,True,0.008569267717840105
-114.23,211.07,379.0,-114.22737432889762,211.07370028955737,-113.92002866958107,210.86052415902736,-79.46761300813425,48.59631860576176,0.07476104010283241,0.12508145875901275,334.0,-114.22737432889771,-211.07370028955734,-114.16625920585885,-211.07426343357852,79.47546410483888,49.2976633393525,0.08104468881140137,-0.12788732074734474,-0.003141824354284478,-0.0014029309941659962,210.96739379630293,True,0.009357211209443859
-113.53,176.66,279.0,-113.53457166567546,176.66324189454807,-113.70243404061904,176.7538631229938,-72.8178076673343,48.513960908255974,0.0750476671086613,0.11450062972865853,264.0,-113.53457166567546,-176.66324189454807,-113.64217259328693,-176.82151563864272,72.64830900648222,49.841196423481506,0.08149025610913341,-0.11701514746123359,-0.0032212945002360535,-0.001257258866287532,176.78768938081828,True,0.011448755478885537
-112.84,188.86,291.0,-112.83784102929936,188.85873459241054,-112.7879228913701,188.97823053877835,-75.38920158232763,48.56773206374647,0.07498353506447675,0.11860433024396962,315.0,-112.83784102929936,-188.85873459241054,-112.8953301686384,-188.84092860591946,75.24361148627473,49.769125530809184,0.0815227531454496,-0.12113655308709638,-0.0032696090404864264,-0.0012661114215633817,188.9095795723489,True,0.010874810864495125
-112.2,42.55,117.0,-112.20194912224979,42.55258644510428,-112.17089596614171,42.537964462676854,-24.401816764202422,46.45481333817106,0.07341417043505373,0.03746294366465066,108.0,-112.20194912224979,-42.55258644510428,-112.17515303895327,-42.61518742376399,23.204966593496323,47.66089791088024,0.07637658199141584,-0.0383056574324319,-0.0014812057781810536,-0.0004213568838906216,42.57657594322042,False,
-110.56,142.05,221.0,-110.5582882841402,142.04529169135085,-110.63705343201381,142.15466162495406,-64.436148290449,48.67341745730889,0.0757251855706648,0.10119834615037283,209.0,-110.5582882841402,-142.04529169135085,-110.56278830526848,-142.06533956455257,64.11429384229133,49.886964306968444,0.08113744001257507,-0.10339512734737735,-0.0027061272209551387,-0.0010983905985022593,142.11000059475333,True,0.01196474472092276
-109.89,48.2,118.0,-109.8927991986069,48.20345095835632,-109.91429249641708,48.21524230204893,-27.3089216614287,46.699030752504335,0.07373332505417689,0.042117381370926986,107.0,-109.8927991986069,-48.20345095835632,-109.83157456130262,-48.1868048662131,26.22562401270807,48.08542863410611,0.07712047907003841,-0.04308448128694282,-0.0016935770079307619,-0.00048354995800791584,48.201023584131015,False,
-106.07,106.07,170.0,-106.06601717798213,106.06601717798213,-105.79524496744143,105.93520014842414,-52.98240003410198,48.57757881625928,0.0760162323981447,0.0830284371280066,161.0,-106.06601717798213,-106.06601717798213,-105.98808518859381,-106.08304802198438,52.5698286356803,49.65738760549437,0.08033138319563635,-0.0849655140525695,-0.002157575398745823,-0.0009685384622814472,106.00912408520426,False,
-105.8,91.68,138.0,-105.80494040959618,91.6805027523399,-105.68444857359209,91.69985513206092,-47.52619597143642,48.0685830568553,0.07538048037114874,0.07434597557752322,149.0,-105.80494040959617,-91.6805027523399,-105.9283619106729,-91.79588439686269,46.69951833459614,49.50833621414457,0.07991918603323661,-0.07562189360419687,-0.0022693528310439373,-0.0006379590133368251,91.7478697644618,False,
-100.46,65.63,119.0,-100.45997739150341,65.63377897469123,-100.28339895319321,65.67574883203615,-35.940364974216116,48.25767871917798,0.07600015198875401,0.0559726993553496,106.0,-100.45997739150343,-65.63377897469123,-100.50439407037054,-65.62098799848293,35.32474799771751,49.43230929590601,0.07947762218868937,-0.05745195716071095,-0.0017387350999676782,-0.0007396289026806759,65.64836841525954,False,
-99.43,551.1,1573.0,-99.42978990240975,551.102274428225,-99.47767867448948,551.0495227201699,-113.39569397589396,47.886657574179935,0.06946529405550879,0.17925655178400512,1652.0,-99.42978990241004,-551.102274428225,-99.19769736960434,-550.721757552,112.27482967853128,41.96713974159662,0.07353745179719975,-0.17990581278993228,-0.0020360788708454827,-0.00032463050296357987,550.8856401360849,True,0.0023222716138316616
-99.0,510.49,1428.0,-99.0033767656275,510.48832639836456,-98.7587929485634,510.17376492091284,-110.98319614398797,48.417155808406186,0.07081021251514093,0.1754257464065246,1501.0,-99.00337676562772,-510.4883263983645,-99.51166833227903,-510.6488696013677,109.93893112684627,43.39767825409339,0.07532345298108077,-0.17619195997317574,-0.002256620232969922,-0.00038310678332556525,510.4113172611403,True,0.0027779092297098395
-98.76,68.17,120.0,-98.75806390723876,68.16776960773868,-98.58099543148882,68.14559994700846,-37.07920116666893,48.61031540077022,0.076531142499063,0.05780606273910346,105.0,-98.75806390723876,-68.16776960773868,-98.66794954985427,-68.14189410607692,36.71272067889445,49.745668505229844,0.08000722232867177,-0.05963849340534746,-0.0017380399148043887,-0.0009162153331220002,68.14374702654268,False,
-98.76,490.15,1289.0,-98.76369858897631,490.1486834023181,-98.6809393319304,490.1159072300575,-109.60237302329487,48.31099585536227,0.07088690174127622,0.1732290516257166,1359.0,-98.76369858897654,-490.14868340231806,-98.53953863046927,-489.9416931901812,108.43096644798374,44.16901021056392,0.07629746568970987,-0.1737800540006011,-0.002705281974216822,-0.0002755011874422397,490.02880021011936,True,0.003468732438764506
-98.7,387.63,849.0,-98.7029590761175,387.63091449163113,-98.92752573406938,387.63233511375415,-101.68754368496526,49.40022025954386,0.07387556974931794,0.16062918955950017,903.0,-98.70295907611741,-387.63091449163113,-98.69248366053542,-387.51313959283647,100.80645983012316,47.35205364988587,0.08010899694703862,-0.16164714794554128,-0.0031167135988603364,-0.0005089791930205506,387.57273735329534,True,0.00505270035884777
-98.35,367.05,741.0,-98.35123713895787,367.05181398984604,-98.22939260664374,366.89077988263074,-99.88056135289047,49.717349926914956,0.07463431855516621,0.1577618378746778,792.0,-98.35123713895787,-367.05181398984604,-97.97653192983819,-366.7889720917064,99.04503599745908,48.115342780729996,0.08107000101170145,-0.15883498660563494,-0.003217841228267619,-0.000536574365478576,366.83987598716857,True,0.0055114762733686614
-98.08,19.51,82.0,-98.07852804032306,19.50903220161283,-97.99251293775073,19.517020313323886,-11.547380376016909,48.515161477762184,0.07697525322257504,0.01717811501855236,85.0,-98.07852804032306,-19.50903220161283,-98.04874412596594,-19.5147112043907,10.90258801746557,49.03912339189875,0.07828718506584482,-0.018552808064079742,-0.0006559659216348948,-0.0006873465227636918,19.515865758857295,False,
-97.85,262.35,473.0,-97.84997028774752,262.3459229999333,-97.93573433500319,262.3823031722946,-87.60768739491168,50.251263889465406,0.07676398149747587,0.1382325487360027,508.0,-97.84997028774747,-262.3459229999333,-98.12476778885626,-262.44639214579644,87.68980495325638,50.54659793417008,0.08366158302169828,-0.1407643905398248,-0.0034488007621112024,-0.0012659209019110496,262.4143476590455,True,0.008257724651565908
-97.19,241.15,397.0,-97.19243867859988,241.1506372865446,-97.29488941064183,241.22057606924545,-84.40433701549608,50.34184367485276,0.07716731080109476,0.13314210667301293,429.0,-97.19243867859984,-241.1506372865446,-97.1687420874685,-241.10180443497146,84.5268758365264,50.9317029391569,0.08401309008659363,-0.1357187240832274,-0.0034228896427494354,-0.0012883087051072384,241.16119025210844,True,0.008917956446034088
-96.41,219.79,381.0,-96.40690191671264,219.7855983972138,-96.47953401182603,219.82797120203267,-80.88221759790508,50.47315273481109,0.07763829031219303,0.1275464651537668,332.0,-96.40690191671264,-219.7855983972138,-96.52637557876085,-219.81856624612024,81.11111040559827,51.077577059515015,0.08398460071913118,-0.13027449751027576,-0.003173155203469072,-0.0013640161782544763,219.82326872407646,True,0.009069796053693945
-95.45,198.21,290.0,-95.45442260586282,198.21315093853218,-95.65577489633813,198.38251100023638,-77.18379500684635,50.51116487527923,0.07796143048201894,0.12167033133920906,316.0,-95.45442260586282,-198.21315093853218,-95.41424292837354,-198.21735113644988,77.066032903216,51.594269701092266,0.08454239310336639,-0.12382293645493804,-0.0032904813106737277,-0.001076302557864492,198.29993106834314,True,0.010425976304373375
-92.39,38.27,81.0,-92.38795325112868,38.268343236508976,-92.36982115405932,38.30788309021122,-22.294904965728648,48.952248484892756,0.07744076761338602,0.03435219261683196,86.0,-92.38795325112868,-38.268343236508976,-92.38493849791352,-38.27564613398487,21.339223169770605,50.304485502784736,0.08053083607444768,-0.035093864327566636,-0.0015450342305308312,-0.0003708358553673394,38.29176461209805,False,
-91.68,105.8,137.0,-91.6805027523399,105.80494040959617,-91.70882655281831,105.84834495875829,-53.28303369224602,49.99245903106371,0.0782691479119867,0.08367942643971317,150.0,-91.6805027523399,-105.80494040959617,-91.84733042851383,-105.90028218168504,52.703736340522276,51.32674470501638,0.08298600920909324,-0.08500545334408535,-0.0023584306485532683,-0.0006630134521860911,105.87431357022166,False,
-89.89,1256.79,4101.0,-89.8873708310328,1256.7896644089194,-89.78380327480497,1256.989559703056,-140.50660388491866,46.54452841779509,0.058683600679018136,0.2225236256504424,3353.0,-89.88737083103219,-1256.7896644089196,-89.86674264284973,-1256.381162771993,138.88960228229422,23.86634557719187,0.05337133473750002,-0.2221502630320902,0.0026561329707590585,0.0001866813091760955,1256.6853612375246,True,-0.0013280154420955508
-89.85,1046.15,3574.0,-89.85375890278168,1046.148317405826,-89.85143011708503,1046.74910838856,-134.18575476962712,46.76575294880417,0.06161049955906984,0.21246285361397285,2912.0,-89.8537589027822,-1046.148317405826,-89.85126726267102,-1045.5088680294477,132.32217771115862,28.760539133943315,0.05857813843461411,-0.21169769266673494,0.0015161805622278639,0.000382580473618957,1046.1289882090039,True,-0.0009106375541634576
-89.79,835.19,2532.0,-89.79190211469479,835.1870534883938,-89.51186897035848,835.3264514877193,-126.68031723225845,47.31020261673931,0.06506630566159874,0.20052173736872797,2613.0,-89.7919021146946,-835.1870534883938,-90.15183279179455,-834.6236337172855,125.06516453164296,33.76940866069186,0.0639672961359591,-0.20015147848858655,0.0005495047628198205,0.0001851294400707082,834.9750426025024,True,-0.000413502209744293
-89.78,1226.72,4093.0,-89.78423703291627,1226.7187089061686,-88.67191424599899,1226.4952887086822,-139.63521678477423,46.29862232274468,0.05866569148296777,0.22115038728186873,3241.0,-89.78423703291656,-1226.7187089061686,-89.76747209059596,-1225.8800345349139,137.76932033268224,24.89074002695816,0.05462816265101009,-0.22036606316895616,0.002018764415978841,0.00039216205645628555,1226.187661621798,True,-0.0010344477696308393
-89.73,1016.05,3582.0,-89.72754827282027,1016.0457504861425,-88.86971723538022,1015.9310079226477,-133.1990779413272,46.72564384073628,0.06192409237128909,0.21090453168042048,2904.0,-89.72754827282053,-1016.0457504861425,-90.76583018050536,-1016.1282259463359,131.4671272477543,29.51455074377516,0.05941836125662613,-0.21034803821554027,0.0012528655573314784,0.00027824673244010445,1016.0296169344917,True,-0.0007747792318739124
-89.68,1196.64,3985.0,-89.67611230370922,1196.6445566174161,-88.77282120623296,1196.5684777272152,-138.82018842430782,46.38016806512197,0.059161988405045426,0.21985199355378107,3233.0,-89.67611230370893,-1196.6445566174161,-90.32691002541905,-1196.923705402243,137.33108960271565,25.22797991906822,0.05481026923205173,-0.21967544872127734,0.00217585958649685,8.827241625186666e-05,1196.746091564729,True,-0.0011423750685901788
-89.66,623.59,2045.0,-89.65834811216969,623.5875083849876,-89.38519146757177,623.4876598616725,-117.5368786361892,48.33827446147146,0.06929691675507893,0.18597105429045155,1984.0,-89.65834811216969,-623.5875083849876,-89.8495961191784,-623.5101470443225,116.38552173313991,40.319841502144236,0.07180713265307605,-0.1863336964477191,-0.0012551079489985587,-0.00018132107863377822,623.4989034529974,True,0.0012648098946763493
-89.63,805.03,2524.0,-89.62867233211576,805.0259008851716,-90.25863857252432,805.9947934162434,-125.63553408325426,46.91302812052178,0.06479340683882871,0.19884976767543808,2445.0,-89.62867233211597,-805.0259008851716,-90.02601650441251,-804.5864457170201,123.97887967636613,34.8148788943849,0.06526334906487793,-0.1984210615766966,-0.000234971113024611,0.00021435304937074406,805.2906195666317,True,0.00018333344622372219
-89.59,985.94,3677.0,-89.59388707134148,985.9375920409201,-89.82229369018343,986.721657982513,-132.07058780330297,47.19810934005874,0.06303377068415866,0.2090968176654509,2810.0,-89.59388707134123,-985.9375920409201,-89.97095511644177,-985.3050772920765,130.26486089479056,30.15714632013177,0.060063593615122444,-0.2084248370723225,0.0014850885345181093,0.0003359902965641981,986.0133676372948,True,-0.000946344823123888
-89.56,1166.57,3977.0,-89.56262581869991,1166.5669873849763,-90.45254031537614,1166.1349610513755,-137.57089007292075,46.75420083762066,0.06012999850435649,0.21784310199922258,3127.0,-89.5626258186996,-1166.5669873849763,-90.26909198273724,-1166.8316516887082,136.39770017829872,26.445250506967536,0.056379078978037296,-0.21818920521802063,0.0018754597631595975,-0.00017305160939902475,1166.4833063700419,True,-0.0010102040178149548
-89.45,774.85,2360.0,-89.45307181075243,774.8536300125465,-89.53070231951733,774.7856884942436,-124.362555618592,47.50340107797405,0.06611523164459726,0.1968326745399751,2437.0,-89.45307181075206,-774.8536300125467,-90.23980625024488,-774.5895387063375,122.97619432893117,35.7006678603486,0.06630575468320038,-0.19682785655981297,-9.526151930155935e-05,2.4089900810680964e-06,774.6876136002905,True,7.726285639620273e-05
-89.45,955.82,3685.0,-89.4520967847086,955.8233740502578,-90.02835629670126,956.0102489783161,-130.73932623523248,46.559729157968185,0.06239387886154467,0.20697552543123232,2802.0,-89.45209678470907,-955.8233740502577,-89.049608745934,-955.140677337757,129.1271086556316,31.28953850027038,0.06149642915709096,-0.20660276443955794,0.0004487248522268561,0.00018638049583719063,955.5754631580365,True,-0.000295049580821209
-89.43,593.3,1877.0,-89.42535970570465,593.2984957350772,-90.03670586256813,593.7295295160927,-115.90583532298861,48.27212873481773,0.06955608957649713,0.18336718915440245,1819.0,-89.42535970570448,-593.2984957350772,-89.32241402436999,-593.0073713853276,114.66263906350609,41.38488152285968,0.07312862982596811,-0.1835851871305101,-0.0017862701247354923,-0.00010899898805383224,593.3684504507102,True,0.0018914834777391321
-89.28,410.4,952.0,-89.27742161225025,410.401683707887,-89.16024665118272,410.0651983732084,-103.27109052367389,50.10191070718522,0.07471761011418719,0.1632691022314312,913.0,-89.27742161225005,-410.40168370788706,-89.18290929328998,-410.101173752724,102.4012581045738,47.479425505378146,0.08058835059272604,-0.16406888473238404,-0.0029353702392694234,-0.0003998912504764168,410.0831860629662,True,0.004497496065512417
-89.26,744.67,2352.0,-89.2636438514286,744.66905527648,-89.40831996977163,744.9411124255785,-123.04360824029591,47.91129590814924,0.06712992214289448,0.19473500340395314,2278.0,-89.26364385142877,-744.66905527648,-88.89771926283159,-744.1772808400987,121.66943943198494,36.780954343212464,0.06765262592320051,-0.19473165504430237,-0.00026135189015301374,1.6741798253838702e-06,744.5591966328386,True,0.00022054960352908004
-89.17,562.98,1716.0,-89.16764507293159,562.9823541392285,-88.68369144749971,562.5977255218501,-113.94399568940749,48.75903327391607,0.07071229257755127,0.18026139473285746,1661.0,-89.16764507293159,-562.9823541392285,-89.28675857876665,-562.7038980379776,112.88062380736916,42.6706574859242,0.07480388001229304,-0.18074858509244152,-0.002045793717370889,-0.00024359517979202772,562.6508117799139,True,0.002284561002558916
-88.88,532.64,1563.0,-88.8810787515963,532.6351038374701,-88.54992316424716,532.4100995875907,-112.10410484407849,48.90332535235754,0.0713116475887353,0.1773347557615571,1511.0,-88.88107875159615,-532.6351038374701,-89.03947489265427,-532.3361751514316,110.92430711220594,43.714407323563,0.07609314679406565,-0.17763198189296198,-0.0023907496026651723,-0.00014861306570243538,532.3731373695111,True,0.0028216154652042596
-88.86,379.74,838.0,-88.86286847222367,379.74121531233385,-88.88551694771803,379.46378061284605,-100.74593628771265,50.43795779779981,0.0756272204031397,0.15925355905142968,802.0,-88.86286847222375,-379.74121531233385,-88.56900490156166,-379.6060859678585,100.00904762857148,48.681141227215,0.08212746805314423,-0.16025404504023338,-0.0032501238250022685,-0.0005002429944018505,379.5349332903523,True,0.005380566707451399
-88.37,348.98,732.0,-88.37477537068771,348.98409573815894,-88.41095515951986,348.84621118241125,-97.80267600259526,50.897590278462644,0.07673372075835859,0.15457502676495039,699.0,-88.37477537068771,-348.98409573815894,-88.45177164599806,-349.01288550141976,97.34436863117939,49.82722754300098,0.08357684698067028,-0.15601164094585185,-0.003421563111155844,-0.0007183070904507316,348.9295483419155,True,0.006161219412273995
-88.29,81.27,121.0,-88.28686928077578,81.27378859508896,-88.22467887954663,81.33085066618223,-43.44724991255529,50.13114680923959,0.07879014145388208,0.06806796062453736,104.0,-88.28686928077578,-81.27378859508896,-88.22905670968295,-81.32718463631322,42.82518310832679,51.33804516913053,0.08270304839733056,-0.06923893466900795,-0.00195645347172424,-0.0005854870222352926,81.32901765124772,False,
-87.79,318.11,634.0,-87.7921590370028,318.1077440296316,-87.95486125593476,318.19391619965853,-94.50136542268267,51.13366621521985,0.07748484510624343,0.14932641355986756,604.0,-87.79215903700288,-318.1077440296316,-87.76539170924615,-317.9586538624865,94.19447858569713,50.59089385757687,0.08441193933663618,-0.15099002916004273,-0.0034635471151963776,-0.0008318078000875834,318.07628503107253,True,0.006841789020140311
-87.24,191.02,280.0,-87.23715273039615,191.02271902444886,-87.23448651696685,191.0485676035262,-75.80023387853525,51.48737447066768,0.07960493491383343,0.1195714607031243,263.0,-87.2371527303962,-191.02271902444883,-87.33110641085669,-191.0771255772769,75.84656145863694,52.39520469484123,0.08572967458815517,-0.12178309341765435,-0.0030623698371608707,-0.0011058163572650256,191.06284659040153,True,0.010070737199497875
-85.67,158.31,222.0,-85.67053074667324,158.30527521716803,-85.74404650882258,158.3785417246381,-68.91748107162964,51.5347795809596,0.08008049141077221,0.10863547276848332,208.0,-85.67053074667326,-158.305275217168,-85.93393376951889,-158.39394422790465,68.5669743061231,52.76051409615362,0.08591081252260209,-0.11018015949231155,-0.002915160555914939,-0.0007723433619141185,158.38624297627138,True,0.011564447535849629
-83.34,124.72,171.0,-83.33553495294032,124.72044184538179,-83.61053589603101,124.90540489456141,-59.81373297613549,51.41012278093891,0.0802920385503017,0.09417253671446478,160.0,-83.33553495294032,-124.72044184538179,-83.22838524670017,-124.73360349939567,59.34832884931964,52.77709905693241,0.08552497102776337,-0.0954750947823325,-0.0026164662387308316,-0.0006512790339338603,124.81950419697854,False,
-83.15,55.56,80.0,-83.14696123025452,55.557023301960214,-83.03243709632748,55.560081281626815,-31.206389375689067,50.53124305580169,0.07974252832092622,0.048649615247388006,87.0,-83.14696123025452,-55.557023301960214,-83.26026623055571,-55.573932208787205,30.98865259361996,51.72313284209565,0.0830005350802742,-0.0503396586220723,-0.0016290033796739906,-0.0008450216873421464,55.56700674520701,False,
-79.7,554.3,1572.0,-79.69630943303973,554.3000074533223,-79.68415300332289,554.3946199002286,-113.1902856307945,49.59749248852878,0.0721472050754222,0.17917204502117073,1653.0,-79.69630943303973,-554.3000074533223,-80.56191849252656,-554.5211908442144,112.32957898568635,43.526689464165514,0.07606608382709872,-0.1797647171402421,-0.0019594393758382567,-0.0002963360595356762,554.4579053722215,True,0.0022204608460422333
-79.57,89.82,122.0,-79.57471898889544,89.82128978053213,-79.46747965520298,89.8976466379985,-47.332372975496924,51.23951489652122,0.08044924673458634,0.074358575205738,103.0,-79.57471898889544,-89.82128978053213,-79.58822330247433,-89.86173701647319,46.582849160972195,52.55038508591062,0.08473706973342751,-0.07511362188435898,-0.0021439114994205866,-0.0003775233393104871,89.87969182723585,False,
-79.42,9.64,54.0,-79.41670992784432,9.64293442042582,-79.29637204896305,9.640295603774824,-5.757956096210973,50.73853105359961,0.080634815785293,0.008192931230934756,56.0,-79.41670992784432,-9.64293442042582,-79.40275455237973,-9.651405109188397,5.694762252234033,51.05569670293008,0.08137586552925756,-0.010035939002641232,-0.00037052487198228207,-0.0009215038858532377,9.64585035648161,False,
-79.38,513.91,1427.0,-79.37762779381474,513.9058203657812,-79.74346604499914,514.2128050182772,-110.70243324061094,49.8777788093621,0.07308540020660248,0.17521177856015144,1502.0,-79.3776277938145,-513.9058203657813,-79.40888042620338,-513.6656772245577,109.80634143657228,44.993850579301984,0.07790078689803309,-0.17573473862895886,-0.002407693345715306,-0.0002614800344037105,513.9392411214175,True,0.0029435353916511904
-79.26,392.07,848.0,-79.25845727975904,392.0689951394176,-79.04794067465106,391.8774350721931,-101.62883234497116,51.20012432975139,0.0766882164239401,0.1607792122986519,904.0,-79.25845727975914,-392.0689951394176,-79.34263310228829,-391.9214577920291,100.8592144538985,49.12201619859966,0.08297996838758381,-0.16149413244214603,-0.0031458759818218593,-0.00035746007174705663,391.8994464321111,True,0.005043671770181067
-79.2,493.69,1288.0,-79.19901220360754,493.6876709681667,-79.10494420341463,493.6616889817349,-109.36492568395765,50.14939112906526,0.0737693736000233,0.17309088912918147,1360.0,-79.19901220360765,-493.6876709681667,-79.66629516858474,-493.44149418476655,108.35660631464835,45.76010362516792,0.07887263147609606,-0.17343056607204413,-0.002551628938036385,-0.00016983847143133002,493.55159158325074,True,0.0032483650597528624
-79.01,371.7,740.0,-79.00644251074856,371.69608827884616,-79.34098401825683,371.7837878818516,-99.83079226886457,51.48883722269351,0.07739380361641908,0.15791395374487588,793.0,-79.00644251074856,-371.69608827884616,-79.09908912260939,-371.630286091834,99.16459545220222,49.952277418426355,0.08405286473018159,-0.15879407985785987,-0.0033295305568812536,-0.00044006305649199606,371.7070369868428,True,0.00562810369273215
-78.89,268.66,472.0,-78.8851159156003,268.6580326120593,-78.85510598525057,268.5655543886579,-88.39186279886303,52.278917967854504,0.07991536708213563,0.13971428259166166,509.0,-78.88511591560035,-268.6580326120593,-78.73505919072318,-268.53051905952924,88.27200205160317,52.56530030448664,0.08694895976762608,-0.14145352076520487,-0.0035167963427452237,-0.0008696190867716058,268.54803672409355,True,0.008228205046154123
-78.45,247.88,396.0,-78.44735563475001,247.88306193428195,-78.5763986875768,247.90255024472336,-85.35928064162694,52.332757317470794,0.08025411431956099,0.13489119150581114,430.0,-78.44735563475001,-247.88306193428195,-78.27825664048217,-247.82112884698745,85.35370251745432,52.87316269102063,0.08718531063360928,-0.13680330835393908,-0.003465598157024144,-0.0009560584240639741,247.8618395458554,True,0.008785134275086462
-77.93,227.0,383.0,-77.92787260912402,226.99613800815231,-77.96526716822089,227.0300335320577,-82.03018324469855,52.50225432644529,0.08077950233366468,0.12960025294939412,331.0,-77.92787260912402,-226.99613800815231,-77.95093035029758,-226.9253588993137,82.08746919870998,53.22269010276586,0.0874856908591968,-0.13160092781804716,-0.00335309426276606,-0.0010003374343265231,226.97769621568568,True,0.009282018875273051
-77.3,205.97,289.0,-77.30246129789539,205.97167154074222,-77.26176527073788,205.8516449148464,-78.36787629952242,52.57747154144601,0.08115858540023921,0.12378012618360161,317.0,-77.30246129789543,-205.97167154074216,-77.28254370323164,-205.95170824960724,78.54219420858749,53.40382661272846,0.08751711483803529,-0.1259502617119326,-0.0031792647188980394,-0.0010850677641654968,205.9016765822268,True,0.00970167397419769
-75.69,117.78,136.0,-75.68971444378364,117.77549459636536,-75.63550681500418,117.8166101462824,-57.776701773964305,52.22167540760367,0.08167048094840049,0.09102817082868522,151.0,-75.68971444378364,-117.77549459636536,-75.68517722016311,-117.84207932357968,57.12028951684973,53.52712975055524,0.08663428164175001,-0.09183667858661426,-0.0024819003466747605,-0.0004042538789645195,117.82934473493104,False,
-74.8,28.37,53.0,-74.80129941483318,28.368390963402856,-74.76835052325522,28.40955815831428,-16.92698214708314,50.95013820920189,0.08074173238405755,0.026024442842903613,57.0,-74.80129941483318,-28.368390963402856,-74.79188901228557,-28.33953402264487,16.37007647582807,52.09102405831896,0.08325251320035293,-0.02696976013490233,-0.0012553904081476913,-0.00047265864599935897,28.374546090479576,False,
-73.71,94.7,123.0,-73.70552552276014,94.69686112756723,-73.60879518526481,94.7124216687747,-49.3141226650558,52.114828399575856,0.08178338502306712,0.07758437894614188,102.0,-73.70552552276014,-94.69686112756723,-73.59934977866642,-94.70307680648375,48.68419489075742,53.45792345201185,0.08624075366060022,-0.07838467191318917,-0.0022286843187665495,-0.0004001464835236418,94.70774923762923,False,
-70.71,70.71,79.0,-70.71067811865476,70.71067811865476,-70.61339336333272,70.7037057726444,-38.83113848527734,52.37134112931127,0.08248567180434654,0.06093687604533379,88.0,-70.71067811865476,-70.71067811865476,-70.64086285125668,-70.71221285496519,38.365557324230174,53.79243337561886,0.08647932727918949,-0.06192581765718483,-0.0019968277374214707,-0.0004944708059255176,70.70795931380479,False,
-65.84,45.45,52.0,-65.83870927149252,45.44517973849245,-65.8046397410659,45.493623729811134,-26.058286098292147,52.32646301288445,0.08272299325453901,0.04066714277277055,58.0,-65.83870927149252,-45.44517973849245,-65.71886397079884,-45.40948912009241,26.1542622822796,53.6009806182553,0.08586473898101825,-0.042430658395625286,-0.0015708728632396196,-0.0008817578114273666,45.451556424951775,False,
-59.95,1258.57,4100.0,-59.95321393791543,1258.5728473705901,-59.05150897497998,1258.7722177730775,-140.10156350964238,48.70472614134757,0.062099829971588826,0.22225536144622338,3354.0,-59.95321393791575,-1258.5728473705901,-59.34291138784364,-1257.8140211196346,138.73970772623903,25.995751449002306,0.05677793761828684,-0.22153787390340607,0.0026609461766509933,0.0003587437714086539,1258.293119446356,True,-0.001328722033200468
-59.94,1048.29,3575.0,-59.94325140590626,1048.2875591224424,-60.3946911766076,1049.0640088807993,-133.6084770654912,48.93754511625193,0.06503866362371823,0.21190484349514296,2911.0,-59.943251405906004,-1048.2875591224424,-60.17614695769692,-1047.6294572434565,132.24861961066847,30.338972780776377,0.06111626440554893,-0.21121719092044403,0.0019611996090846476,0.0003438262873494691,1048.346733062128,True,-0.0011754298630047562
-59.92,837.86,2531.0,-59.924913887355196,837.859776272613,-58.938949240363876,837.6168751172422,-126.09014741645437,49.47282842102093,0.0684801807736401,0.19995687865275755,2614.0,-59.92491388735479,-837.8597762726131,-59.7755152166215,-837.3239847117256,125.1628394482156,36.785421136221466,0.06880050020040358,-0.19993491500921118,-0.00016015971338174256,1.0981821773184408e-05,837.4704299144839,True,0.00012016103756941193
-59.89,627.15,2046.0,-59.88530728163507,627.1473112210433,-59.641853067657706,626.9512459048723,-116.91945771379558,50.75502709213644,0.0731008795847785,0.1853526642312529,1983.0,-59.88530728163491,-627.1473112210433,-60.379853268913536,-626.9563633913878,116.14276171114268,42.920065620893574,0.07598772358764314,-0.18558641673165932,-0.0014434220014323193,-0.00011687625020320724,626.95380464813,True,0.0014465639803476948
-59.89,1228.54,4094.0,-59.8857563320509,1228.5412879462124,-60.6048103346621,1229.5954206273339,-139.0516207332552,48.57422431036672,0.06224945729986168,0.2205653023783545,3240.0,-59.8857563320506,-1228.5412879462124,-60.54113981594867,-1228.7508123779344,138.11055585804587,26.181188102650804,0.05671713288987109,-0.22055122227667381,0.002766162204995294,7.040050840345646e-06,1229.173116502634,True,-0.0014139838799236116
-59.86,556.79,1571.0,-59.86126807646318,556.7913689922625,-59.391318165841106,556.5394892467563,-112.89106579073837,51.33021974449556,0.07487865799689528,0.17894434765273845,1654.0,-59.86126807646306,-556.7913689922625,-59.791741251799486,-556.4378454066272,112.03180360193367,45.33460789948624,0.07896694860041009,-0.17903642110049742,-0.002044145301757408,-4.603672387948343e-05,556.4886673266917,True,0.0023079973555332604
-59.86,1018.24,3581.0,-59.86136901882444,1018.2419243476435,-60.43190227457031,1018.0169787450104,-132.33784799751098,49.110539406370066,0.06569422472350366,0.2098821188017827,2905.0,-59.86136901882444,-1018.2419243476435,-59.42898529938062,-1017.4449452451722,131.2284125883739,31.89809796590338,0.06322802030710423,-0.20958433054613199,0.0012331022081997142,0.00014889412782535805,1017.7309619950913,True,-0.0007612826931808052
-59.82,807.79,2525.0,-59.8205472546479,807.7880304424883,-60.15819052762081,808.3727369897471,-125.11208214625144,49.38717261123458,0.06870200748460065,0.19838530741359633,2444.0,-59.8205472546481,-807.7880304424883,-60.02223572490241,-807.2860960773596,124.07488510621444,37.20911914592512,0.06910696331942409,-0.19820640347470503,-0.0002024779174117225,8.945196944565303e-05,807.8294165335533,True,0.00015748451958691646
-59.82,1198.51,3984.0,-59.81506279283668,1198.5083054627069,-60.375907859814504,1198.7031319524804,-137.93225079230228,48.86090849102923,0.06308406636577014,0.21878657314824265,3234.0,-59.81506279283608,-1198.5083054627069,-59.36655735421382,-1197.7118223116988,136.83254174975033,26.574047937641087,0.0569622550673988,-0.2185028145703661,0.003060905649185673,0.00014187928893827362,1198.2074771320895,True,-0.001605084075060088
-59.77,415.73,953.0,-59.772232074779794,415.7250055899917,-60.04498990869769,415.9064822687026,-103.01694234403412,52.671416493227035,0.07873556754030553,0.16322118660021157,912.0,-59.772232074779794,-415.7250055899917,-59.544412696486575,-415.4432773939279,102.29513137464403,50.18443361145936,0.08495892930295823,-0.1635369969320031,-0.003111680881326351,-0.0001579051658957692,415.67487983131525,True,0.004703499908898859
-59.77,988.19,3678.0,-59.77471244806329,988.1937986810843,-59.60815026286813,988.8533696819485,-131.38575055389208,49.026600906446596,0.06591779838073174,0.20837689712575136,2809.0,-59.77471244806304,-988.1937986810843,-59.5293229632235,-987.471395578098,130.18315780924522,32.62785933040524,0.06402238634186593,-0.2079219847298914,0.0009477060194329062,0.00022745619792997884,988.1623826300233,True,-0.0006025945372437788
-59.74,597.02,1878.0,-59.74070795748994,597.0184652192409,-59.19635355998427,596.659915982501,-115.12959036531662,51.10556478311772,0.07402975474315882,0.18250945789174527,1818.0,-59.74070795749008,-597.0184652192409,-59.761719992375504,-596.8436534325434,114.54483588836935,43.99493160299525,0.07732963638783531,-0.18303566853630535,-0.0016499408223382486,-0.0002631053222800356,596.7517847075222,True,0.0017372187563230274
-59.74,1168.47,3978.0,-59.740894872302114,1168.4738017943992,-58.60856996713608,1168.2848770016717,-137.26127084500052,49.22944736648594,0.06404314574643812,0.21774031993418191,3126.0,-59.74089487230241,-1168.4738017943992,-59.07517653708146,-1167.281414222664,136.01544711038653,27.50530045028078,0.05807170909161488,-0.2171987995291172,0.002985718327411617,0.00027076020253236077,1167.7831456121678,True,-0.0016064473611096116
-59.71,777.71,2359.0,-59.70841721246661,777.7113249233175,-60.20316196037428,778.5686484296835,-123.9625612033085,49.674983804767116,0.06952508308991709,0.1965552372471092,2438.0,-59.70841721246641,-777.7113249233175,-60.2671792494535,-777.6934814376915,122.82543918671172,38.30407493589757,0.0704872196351645,-0.19622084834925657,-0.00048106827262370255,0.0001671944489263083,778.1310649336875,True,0.00038844884088480667
-59.68,958.14,3684.0,-59.68285193422125,958.1429732482505,-59.322086460611025,958.2084231187704,-130.64913916812853,49.17394398474257,0.06652761000233363,0.20720804710955654,2803.0,-59.68285193422125,-958.1429732482505,-60.145078079763,-958.4013557980129,129.42611470932457,33.443244220174456,0.06496409171061474,-0.20672465435123896,0.0007817591458594494,0.00024169637915878728,958.3048894583917,True,-0.0005125652214707421
-59.64,516.57,1426.0,-59.6353812071683,516.569086675031,-59.5342623099421,516.576735289489,-110.29514807265195,51.7910142256977,0.07610145795478511,0.17481106565275076,1503.0,-59.63538120716803,-516.569086675031,-59.75023513306089,-516.2920628159745,109.5704246162092,46.722021804327085,0.08068342210083897,-0.1751185064521816,-0.0022909820730269287,-0.0001537203997154235,516.4343990527318,True,0.0027873172133107316
-59.62,395.53,847.0,-59.616906470469765,395.53233049005144,-59.71564294956275,395.720464728796,-101.4795703778824,53.10179020153634,0.07966774618003086,0.16077841662564568,905.0,-59.616906470469665,-395.53233049005144,-59.57134904765062,-395.5170791945123,100.91401618102157,50.959195603658806,0.08594796570197204,-0.1613392137203217,-0.003140109760970587,-0.0002803985473380094,395.61877196165415,True,0.004987096900188028
-59.59,747.63,2353.0,-59.58762522878572,747.6291292610218,-59.54097188315854,747.6574552559308,-122.41343325255366,49.964092854319595,0.07036378297741262,0.19409783336257574,2277.0,-59.58762522878592,-747.6291292610218,-59.6573448561904,-747.3255555462056,121.54924928387977,39.19043154021285,0.07152598481981456,-0.19418226041038983,-0.0005811009212009707,-4.221352390704203e-05,747.4915054010683,True,0.0004884556872816129
-59.58,566.88,1717.0,-59.581224062562484,566.8774803599158,-59.30116558853036,566.7338571621517,-113.33368362190583,51.37129514095819,0.0748191813734641,0.1796498999062162,1660.0,-59.581224062562484,-566.8774803599158,-59.793764212948496,-566.9934530961273,112.78258485014783,45.27428802621473,0.07900022078144112,-0.1802313513439876,-0.0020905197039885054,-0.00029072571888570653,566.8636551291395,True,0.0023171573216274784
-59.53,385.43,839.0,-59.53322084536106,385.4293652743359,-59.73311816557788,385.40252064854485,-100.44167019730953,53.28107759934529,0.08007945451721915,0.1591263331654078,801.0,-59.53322084536088,-385.429365274336,-59.63265956259139,-385.29436399463765,99.91359029220281,51.41359862282696,0.08654597325281696,-0.1597477373345088,-0.0032332593677989047,-0.0003107020845505015,385.3484423215913,True,0.005271895646356572
-59.52,273.6,471.0,-59.5182810748335,273.60112247192467,-59.65074335589151,273.63249309314375,-88.80330310681188,54.3716415355967,0.08318398542459396,0.14060430548775987,510.0,-59.51828107483337,-273.60112247192467,-59.56096983409257,-273.5041630557621,88.70315870832725,54.705044756195264,0.0904153809151464,-0.14190490334467573,-0.0036156977452762237,-0.0006502989284579291,273.5683280744529,True,0.008304360050823974
-59.51,496.45,1287.0,-59.509095900952396,496.44603685098673,-59.86368993492592,496.3854624969272,-108.79294158476792,51.84164073453303,0.07642931451623126,0.17241619528065003,1361.0,-59.50909590095252,-496.44603685098673,-59.898980728468985,-496.56384566953125,108.1937033173548,47.655650959287726,0.08192772811092178,-0.1729292081357275,-0.0027492067973452564,-0.0002565064275387441,496.4746540832292,True,0.00347928652820657
-59.45,375.32,739.0,-59.44509671528774,375.32156942615234,-59.598735557333384,375.287090346224,-99.56628389639764,53.46671770730179,0.08049879332588328,0.15773475837651474,794.0,-59.44509671528774,-375.32156942615234,-59.31965040248971,-375.2237648323688,99.13043683529986,51.890090761150304,0.0871809996896686,-0.15849747648116055,-0.0033411031818926587,-0.0003813590523229077,375.25542758929635,True,0.005594261635894246
-59.4,536.72,1564.0,-59.40443933680277,536.7225657516927,-59.42622431906367,536.738257735623,-111.50995662054915,51.56419754083728,0.07549355037063829,0.1767458166441753,1510.0,-59.4044393368029,-536.7225657516927,-59.52827021322884,-536.343663924819,110.67533714546374,46.34228259112771,0.08032461978697245,-0.1768743109609804,-0.0024155347081670775,-6.424715840255835e-05,536.540960830221,True,0.0028287219980098195
-59.25,355.09,733.0,-59.2540525010642,355.09006922498,-59.5621672397914,355.1486900724231,-97.74908648407079,53.623610675818384,0.08099513068245805,0.1548430467202514,698.0,-59.25405250106411,-355.09006922498,-59.28165251432588,-354.8554607923822,97.3021824185525,52.62533469769747,0.08810172669146245,-0.15558725384550576,-0.0035532980045022006,-0.0003721035626271796,355.00207543240265,True,0.0062889857155694175
-59.24,253.16,395.0,-59.24191231481578,253.16081020822256,-59.47230836728615,253.35721667313962,-86.0573342684106,54.48550420885948,0.08361351425769446,0.13623614563414582,431.0,-59.241912314815835,-253.16081020822253,-59.652175246888,-253.26067270725753,86.04922931659597,55.20410515037844,0.09096173872439195,-0.13768216052178292,-0.0036741122333487433,-0.0007230074438185491,253.3089446901986,True,0.009113427885359172
-59.16,201.49,281.0,-59.16383693670022,201.49352445904444,-59.318950759990656,201.651502054823,-77.7021288708811,54.53194597612916,0.0843206671101655,0.12294030140495286,262.0,-59.16383693670027,-201.49352445904444,-59.20935798076306,-201.5434218913778,77.66823461874795,55.54560113452817,0.09087186669592584,-0.12433797000884311,-0.0032755997928801683,-0.000698834301945124,201.5974619731004,True,0.010209057340995377
-58.92,232.66,384.0,-58.91651691379182,232.65606382543925,-59.26918122835492,232.83049105500115,-82.92977025795149,54.59520988322541,0.08403950651307432,0.13126096060569686,329.0,-58.91651691379182,-232.65606382543925,-58.948573800993195,-232.6417941164349,82.87617410595304,55.43396251670992,0.09107504923823871,-0.13262346931918995,-0.0035177713625821963,-0.0006812543567465412,232.73614258571803,True,0.009496938934292503
-58.92,324.7,635.0,-58.92377528355013,324.69676423754777,-59.00892200395339,324.55714974341805,-94.75157129767666,54.057404847535906,0.08206018931408005,0.1500791287105692,603.0,-58.92377528355005,-324.69676423754777,-58.91927784359947,-324.67526294278946,94.45948947833467,53.58286706120177,0.0892560707153812,-0.15105852952146323,-0.00359794070065058,-0.0004897004054470189,324.6162063431037,True,0.0069640787196364245
-58.53,212.07,288.0,-58.52810602466854,212.07182935308774,-58.43777006597977,211.9896218003522,-79.46644568089839,54.665037334977534,0.08440587791454103,0.12575909061595056,318.0,-58.52810602466858,-212.07182935308774,-58.81844404659449,-212.10142248207214,79.52571752272942,55.49521102445282,0.09092097189171688,-0.1272894583552699,-0.003257546988587927,-0.0007651838696596663,212.0455221412122,True,0.009652536478705837
-58.45,170.25,223.0,-58.44590445684302,170.24710350611423,-58.425622039313716,170.19169849968384,-71.67454020446411,54.77155496187627,0.0850873040157387,0.1133580366657103,207.0,-58.44590445684302,-170.24710350611423,-58.46260672566847,-170.3349572704059,71.5162002153722,55.67404995567282,0.09069409012456467,-0.11453755771279416,-0.0028033930544129823,-0.0005897605235419268,170.26332788504487,True,0.010345291771595934
-58.16,127.35,135.0,-58.1581018202641,127.34847934963257,-58.356853989887746,127.48866990319179,-61.04997800870564,54.39546823705422,0.08501172623559941,0.0964493629497236,152.0,-58.15810182026413,-127.34847934963256,-58.26769168656102,-127.44124912011343,60.52100152505298,55.74506218007508,0.09028179150985052,-0.0970357683751797,-0.002635032637125556,-0.00029320271272804954,127.46495951165261,False,
-57.4,138.58,172.0,-57.40251485476347,138.581929876693,-57.31776137626968,138.5259904805243,-64.2168916451077,54.72048723963732,0.08539383627852014,0.10150238828455811,159.0,-57.40251485476347,-138.581929876693,-57.68423439040608,-138.68237948449595,63.70291921189672,55.84450450199611,0.09057772869932429,-0.10209280207322945,-0.0025919462104020755,-0.00029520689433566727,138.60418498251013,True,0.011749773896259445
-57.11,105.54,124.0,-57.11368716444881,105.53685014477868,-57.061871066347656,105.50848690856758,-53.732283323590785,54.3011918498482,0.08513087141002562,0.0848187497587233,101.0,-57.113687164448855,-105.53685014477867,-57.01466661726892,-105.49574776091947,53.23217454248251,55.70252252618158,0.08994532158812002,-0.08541989417497275,-0.002407225089047199,-0.00030057220812472474,105.50211733474353,False,
-55.77,106.25,125.0,-55.766780645252226,106.2547230783852,-55.899051076469796,106.36667933045847,-54.00220643493671,54.57092522193316,0.08554965514555836,0.08526258675784759,100.0,-55.7667806452522,-106.2547230783852,-55.89958435733197,-106.31457537956116,53.557018175043254,55.81791350826068,0.09013900019961266,-0.08592324249132616,-0.0022946725270271487,-0.00033032786673928283,106.34062735500981,False,
-55.56,83.15,78.0,-55.557023301960214,83.14696123025452,-55.54650535971435,83.17473526286757,-44.60637094782965,54.47037011497787,0.08567364783212739,0.0703129677531631,89.0,-55.557023301960214,-83.14696123025452,-55.58651827059132,-83.21846987251394,44.32318020106043,55.967350538106935,0.09009397924185393,-0.07122329880676485,-0.002210165704863272,-0.0004551655268008742,83.19660256769075,False,
-53.05,59.88,51.0,-53.049812659263615,59.88085985368807,-52.95006429067835,59.876603905290686,-33.80330652857242,54.11895896850367,0.0853996912046172,0.053151155267846896,59.0,-53.049812659263615,-59.88085985368807,-52.94865421107875,-59.85956572116324,33.68144731137115,55.8279310013556,0.08958601029204231,-0.05425414903261434,-0.0020931595437125583,-0.0005514968823837237,59.868084813226965,False,
-39.95,558.57,1570.0,-39.949942591570135,558.573184181742,-40.08024588436255,558.4364496654398,-112.27058032055174,53.16722400617533,0.07777910906138259,0.17819331653410914,1655.0,-39.94994259156986,-558.573184181742,-40.25699456579927,-558.3950514764547,111.82804786975544,46.86214224539569,0.08142206486899142,-0.1784728922681989,-0.0018214779038044152,-0.00013978786704488266,558.4157505709472,True,0.0020494914749153584
-39.85,277.15,470.0,-39.848154716519865,277.15000372666117,-39.650010116363426,276.846510665837,-88.94909928128077,56.560705477936544,0.0866286269102507,0.14108129574364903,511.0,-39.848154716519865,-277.15000372666117,-39.76270436293907,-277.0769415061272,88.86345336681946,56.84798742677527,0.09386973582375539,-0.14191755139706183,-0.0036205544567523493,-0.00041812782670640203,276.9617260859821,True,0.008213631135244903
-39.83,398.01,846.0,-39.82713863832662,398.0123101461606,-39.94451549207877,397.95157890527395,-101.02917296219839,54.91219209449833,0.08252176588771785,0.16030372333662576,906.0,-39.82713863832672,-398.0123101461606,-40.05196619112876,-397.8762391265864,100.5693978473396,52.84491879088551,0.08897807993515966,-0.16055168325516497,-0.0032281570237209026,-0.00012397995926960448,397.9139090159302,True,0.0050973610927231355
-39.81,518.47,1425.0,-39.80561147497774,518.4742166155451,-39.53473338932352,518.2744384822244,-109.83590236147847,53.64832700393936,0.0790366713250898,0.17432508709060263,1504.0,-39.80561147497761,-518.4742166155451,-40.50028267063167,-518.6179999483002,109.44542888418808,48.52877240010914,0.08358744067232743,-0.1746838159204422,-0.002275384673618812,-0.0001793644149197804,518.4462192152623,True,0.002757598188507045
-39.73,498.42,1286.0,-39.72508348585715,498.419419507348,-39.77956244907431,498.5920813337441,-108.53247250654915,53.63718576874617,0.07925998879259158,0.1722476156318943,1362.0,-39.725083485857276,-498.419419507348,-39.30520074411469,-498.0586213537699,108.02486627872334,49.295638955215765,0.08455615654980794,-0.17240828417819745,-0.0026480838786081817,-8.033427315157216e-05,498.325351343757,True,0.003338863189156211
-39.72,377.92,738.0,-39.720816041708325,377.91832023994385,-40.11828292512474,378.08824121552544,-99.37915785978369,55.36128521881249,0.08347978555196198,0.15767551461433163,795.0,-39.720816041708325,-377.91832023994385,-39.984281530155236,-377.8700494992929,98.95960875908212,53.669583491243486,0.09004555930809736,-0.1579887954156425,-0.0032828868780676937,-0.00015664040065543894,377.97914535740915,True,0.005457175839133439
-39.69,256.95,394.0,-39.68881389690737,256.9529101828906,-39.57128868227903,256.8395188588667,-86.34474561977049,56.74850223437286,0.08717253981697404,0.13693730225502823,432.0,-39.68881389690725,-256.95291018289066,-39.84817175077726,-256.9267340451967,86.35247718573208,57.21185657480501,0.09420207251511364,-0.13792225540178138,-0.0035147663490698033,-0.000492476573376574,256.8831264520317,True,0.008596877727104588
-39.5,236.73,386.0,-39.50270166737614,236.72671281665336,-39.50492218441257,236.6920840251214,-83.49201029720543,56.768310981344335,0.08745081150477126,0.13239784576453634,327.0,-39.50270166737607,-236.7267128166534,-39.5117397089389,-236.66843203643134,83.33588792671198,57.55226418416472,0.09449574517695829,-0.1331170842091824,-0.0035224668360935157,-0.00035961922232302657,236.68025803077637,True,0.009351144051352268
-39.44,134.33,134.0,-39.44255795780015,134.32901630602964,-39.376776739687664,134.2075591999836,-63.21929878299617,56.89220590151147,0.08890312158967972,0.10013439268469755,153.0,-39.442557957800176,-134.32901630602964,-39.41876791861955,-134.25760544118177,62.797522167167564,57.809643670367905,0.09365115473675453,-0.10042812124958038,-0.0023740165735374047,-0.00014686428244141403,134.23258232058268,True,0.011112343811003202
-39.28,216.46,287.0,-39.28251685570009,216.46450949169852,-39.15691200479127,216.35689706194157,-80.21544875825009,56.91600692331516,0.08793492138022713,0.12718729818306965,319.0,-39.28251685570003,-216.46450949169852,-39.24656537795332,-216.34536145374832,80.09637275504241,57.852486185894236,0.09472466723888032,-0.12795798809842074,-0.003394872929326595,-0.0003853449576755458,216.35112925784495,True,0.009859257856641455
-38.96,113.5,126.0,-38.96393630456201,113.49806900407616,-39.07618882747325,113.52720459154119,-56.87369215022315,56.82958485149965,0.0890567288350205,0.09003872735147833,99.0,-38.96393630456201,-113.49806900407616,-39.123200692709105,-113.5760206305644,56.282250251531416,58.15201662096581,0.09394277140333737,-0.09005512413617016,-0.0024430212841584364,-8.19839234591363e-06,113.5516126110528,False,
-38.27,92.39,77.0,-38.268343236508976,92.38795325112868,-38.2026350741284,92.32216015942952,-48.84587265411344,56.74124023351957,0.0891758216124363,0.07727275419004336,90.0,-38.268343236508976,-92.38795325112868,-38.34592159236215,-92.41930814955303,48.40793232890686,58.54504483113082,0.09430918954376775,-0.07751323861148705,-0.002566683965665728,-0.00012024221072184926,92.37073415449127,False,
-37.18,70.84,50.0,-37.17785376350149,70.8364820522568,-37.20750735446713,70.84639608015607,-39.37453996541526,56.548449163501594,0.0891319981947241,0.06221084734148747,60.0,-37.17785376350147,-70.8364820522568,-37.076492126461744,-70.86961064923695,39.27803552719961,58.29608412717724,0.09364903771640633,-0.06296700988415069,-0.002258519760841113,-0.0003780812713316088,70.85800336469651,False,
-29.99,1259.64,4099.0,-29.985098908095384,1259.6431613133427,-30.733817872083137,1259.634780832952,-139.2884466711046,50.09574193813345,0.06430313658496892,0.22130805179928226,3355.0,-29.985098908095694,-1259.6431613133425,-29.390383883672786,-1258.574024841241,138.85521818981124,27.642702357140603,0.059408449143846104,-0.22135488672421047,0.002447343720561407,-2.3417462464106475e-05,1259.1044028370966,True,-0.0012212739525015504
-29.98,629.29,2047.0,-29.976606968957714,629.2864236852951,-29.352810152677197,628.9055560932037,-116.09198034361845,53.391234845782805,0.07727260015102064,0.1844066421805151,1982.0,-29.97660696895787,-629.2864236852951,-30.221844064789433,-629.0011992628524,115.83733493147429,45.395756651799836,0.07995295128845648,-0.18473097059372678,-0.001340175568717919,-0.00016216420660583597,628.9533776780281,True,0.0013388228350878033
-29.98,839.46,2530.0,-29.981560424743595,839.464773551873,-30.35776325188036,839.7832394511423,-125.26754857113986,51.73277825576503,0.07205047124180664,0.19899770493804234,2615.0,-29.981560424743808,-839.464773551873,-30.064215973425217,-838.7346925562325,124.97965762079058,38.73963643304854,0.07192800734466229,-0.19927949860022695,6.123194857217407e-05,-0.00014089683109230755,839.2589660036874,True,-4.584183132777753e-05
-29.98,1049.57,3576.0,-29.983853333381138,1049.5718024695987,-30.00607235565891,1049.8971256440548,-133.00848985270895,50.68546310879151,0.06781035835163969,0.21132210277836566,2910.0,-29.98385333338088,-1049.5718024695987,-30.092513467471587,-1048.7291441003188,132.15501997445912,32.67945730971238,0.06485472906075414,-0.2106997890294873,0.0014778146454427765,0.0003111568744391807,1049.3131348721868,True,-0.0008849010803731037
-29.96,418.93,954.0,-29.962456943677598,418.9298881363065,-30.046923605672564,419.1890595279669,-102.50101014068197,55.53961753101232,0.08326024963511293,0.16276744049976694,911.0,-29.962456943677395,-418.92988813630654,-30.3890336632921,-418.8371051483752,102.04947130616283,52.89579940376395,0.089315766103151,-0.16278895165375137,-0.0030277582340190387,-1.0755576992219074e-05,419.01308233817105,True,0.004540184269074169
-29.95,1229.64,4095.0,-29.95175976598705,1229.6352679095214,-29.526636520546514,1230.2355723619473,-138.54716359719995,50.97640082706922,0.06606480004705931,0.22014304746212204,3239.0,-29.95175976598766,-1229.6352679095214,-31.283394252094524,-1230.019012633407,138.1023343317515,28.423528595686832,0.060301460239612775,-0.2201798184949939,0.0028816699037232663,-1.8385516435931448e-05,1230.1272924976772,True,-0.0014718855609205034
-29.94,1019.56,3580.0,-29.943590010247956,1019.5603863515383,-30.16265694782541,1020.1134409916696,-131.97942921452204,50.94695261957022,0.06859129181164465,0.20968238421802593,2906.0,-29.94359001024846,-1019.5603863515383,-30.151051469638734,-1019.5411112759897,131.24112901274324,34.03171146645975,0.06664944334822807,-0.20924600330277085,0.0009709242317082895,0.00021819045762754008,1019.8272761338296,True,-0.000598189223785146
-29.93,809.45,2526.0,-29.930714505207458,809.4468187158485,-30.03615220461997,809.6426855219756,-124.28784693561504,51.982316766834536,0.07281675466337673,0.19744240011932324,2443.0,-29.930714505207458,-809.4468187158485,-29.86261833372971,-809.0584867950975,123.78177146543236,39.802896979539746,0.07325679537548045,-0.19737053461053666,-0.00022002035605186293,3.593275439328636e-05,809.3505861585365,True,0.00017080714983935214
-29.92,1199.63,3983.0,-29.91683008568749,1199.6270184009795,-29.793628814508153,1200.124020440442,-137.50784955345327,50.84426490103161,0.06622327454865422,0.21848565793987004,3235.0,-29.91683008568779,-1199.6270184009795,-30.371153553369236,-1198.8338898684085,136.883441987334,29.31196967000244,0.06133353477336551,-0.2182287188907957,0.0024448698876443527,0.00012846952453716975,1199.4789551544254,True,-0.001280686959116769
-29.91,599.25,1879.0,-29.90753139641834,599.2541527313534,-30.169662695440568,599.4989085321546,-114.46030306261657,53.56761972914398,0.07791346782666174,0.18179974316156242,1817.0,-29.90753139641804,-599.2541527313534,-29.924724211369085,-599.0247936907595,114.16436040950884,46.57353864056583,0.08146032931661441,-0.18206471012656653,-0.001773430744976337,-0.00013248348250205488,599.261851111457,True,0.0018594198812204076
-29.9,989.55,3679.0,-29.90099752287988,989.5483466446381,-29.623221036503228,989.9551123510765,-130.8120407570224,51.44186461936076,0.06974831695595993,0.20783103423980256,2808.0,-29.90099752287988,-989.5483466446381,-30.891943562230114,-990.055920130459,130.13004450775534,34.666632464956514,0.06729884716601087,-0.20748673107651275,0.0012247348949745301,0.00017215158164490818,990.0055162407677,True,-0.0007772922646445773
-29.89,207.86,282.0,-29.886116037389897,207.86250279499586,-29.744128747142565,207.72297345184185,-78.79595035897181,58.0341015982685,0.08982016375208512,0.12504337441470423,261.0,-29.886116037389897,-207.86250279499586,-29.785266253114766,-207.78829055854555,78.61870371333048,58.99289061038926,0.09643487903659471,-0.12549033250229197,-0.003307357642254795,-0.00022347904379386996,207.75563200519372,True,0.010002492227447264
-29.88,779.43,2358.0,-29.876132278227477,779.4276212196318,-30.583716753941506,779.7664461160239,-123.10006451420399,52.3278932284501,0.07373265017768982,0.19554527967429033,2439.0,-29.876132278227477,-779.4276212196318,-29.628300372811452,-778.9386721191319,122.62510361129024,40.86746921973826,0.07458223816532678,-0.195526770859804,-0.0004247939938184786,9.254407243169949e-06,779.3525591175778,True,0.0003424713692555837
-29.88,1169.62,3979.0,-29.880193277095234,1169.618388214602,-30.0932867042343,1170.471891724699,-136.71492826986955,50.40912562095142,0.0658938776910189,0.2172200146201728,3125.0,-29.88019327709465,-1169.618388214602,-29.452712063776776,-1168.7187960767706,135.9161159681522,29.886974052839864,0.061879863934974876,-0.21667792358744728,0.0020070068780220114,0.00027104551636275565,1169.5953439007349,True,-0.001078184535630858
-29.86,959.54,3683.0,-29.855867779043407,959.5356310003085,-30.45220634497529,959.622621829707,-129.7334901876706,51.34014097189945,0.06995789993125458,0.20610431513435015,2804.0,-29.855867779043887,-959.5356310003085,-29.932846566175456,-959.3358601206743,129.05653583327788,35.17602922111168,0.06773334954184866,-0.20576644292167032,0.001112275194702958,0.0001689361063399175,959.4792409751906,True,-0.0007283775263125933
-29.85,388.86,840.0,-29.854208606233303,388.85566246165877,-29.967710654342685,388.92159890898967,-99.95331774810761,56.08684437957833,0.08450187298360404,0.15871363224107463,800.0,-29.854208606233204,-388.85566246165877,-30.28761637547011,-388.95384436600926,99.74470389503853,54.225708709767254,0.09106640301819809,-0.15911955833740332,-0.0032822650172970244,-0.00020296304816434796,388.93772163749946,True,0.005302411718802499
-29.83,569.22,1718.0,-29.831495058477987,569.2188348101071,-29.556281969690616,568.933829790104,-112.72939368023707,53.82783600843975,0.07870194458804225,0.17905242737617186,1659.0,-29.831495058477987,-569.2188348101071,-30.202328341890404,-569.1994052665644,112.28647940951406,47.878751084728314,0.08317236871645374,-0.17907936949994666,-0.002235212064205745,-1.3471061887398994e-05,569.0666175283343,True,0.0024679450819391664
-29.82,749.41,2354.0,-29.817386322694286,749.4070479204764,-29.60888299843668,749.5239404809605,-121.63892702759826,52.56588547606179,0.07448180575000062,0.19323174590154596,2276.0,-29.817386322694286,-749.4070479204764,-30.082367792517797,-749.2561287477043,121.39400369093659,41.74626430900332,0.07561736268613113,-0.19357297543353147,-0.0005677784680652581,-0.00017061476599275482,749.3900346143324,True,0.0004760481409546001
-29.75,539.18,1565.0,-29.747390592167378,539.1800188739908,-29.999133720340044,539.380851977813,-110.89487614561938,54.15466201265415,0.07958403884658126,0.1761272784445642,1509.0,-29.74739059216712,-539.1800188739908,-30.01044115085369,-539.1699112677111,110.55123096030603,48.59332233689315,0.08394187378785628,-0.1763152857808837,-0.0021789174706375106,-9.400366815975891e-05,539.2753816227621,True,0.0025386922347297924
-29.73,358.77,734.0,-29.728564370039592,358.7704174824012,-29.48846609222649,358.67728398067834,-97.36134902919459,56.64162457383575,0.08575523439048617,0.15459425519667966,697.0,-29.728564370039766,-358.7704174824012,-29.485689432032135,-358.48224037703386,97.00390317835131,55.46360823642576,0.09266339639799984,-0.1547476173389768,-0.003454081003756833,-7.668107114856826e-05,358.5797621788561,True,0.006052385912897112
-29.63,177.55,224.0,-29.6270262505321,177.54503461249,-29.601792152350885,177.514526641765,-73.1052411996095,58.23269697883082,0.09050620014555791,0.11598807268301081,206.0,-29.627026250532055,-177.54503461249,-29.863041884891544,-177.49875634139065,72.96261653011798,59.1276112757569,0.09627833853106327,-0.11648934268067455,-0.00288606919275268,-0.00025063499883187096,177.50664149157782,True,0.010215791023384149
-29.58,328.67,636.0,-29.58097193813303,328.6715170184289,-29.684615519811803,328.6885459694965,-94.39977594831424,56.99560933450149,0.08668588989573382,0.14987836300846138,602.0,-29.5809719381332,-328.67151701842886,-29.95497526506884,-328.8629203898887,94.29782371069571,56.40091317244758,0.09379241652718517,-0.15044650543307397,-0.0035532633157256757,-0.0002840712123062944,328.77573317969257,True,0.006790589938614964
-29.26,147.12,173.0,-29.26354830241924,147.11779206048456,-29.27183746451193,147.21088317078306,-66.48359494700283,58.344597770126654,0.09105542368574336,0.10545343630403867,158.0,-29.26354830241924,-147.11779206048456,-29.275094314150778,-147.0153132746805,66.05836162971714,59.30805384410943,0.09619219189778802,-0.10549367914507381,-0.0025683841060223297,-2.01214205175701e-05,147.11309822273176,True,0.010969542123108866
-28.72,116.51,127.0,-28.717879714506918,116.51301809112624,-28.737744723390204,116.5138019940203,-57.88547538698659,58.19196914031654,0.09118845399721541,0.09177564503063278,98.0,-28.717879714506974,-116.51301809112623,-28.581562674601724,-116.43004292312378,57.35729760376467,59.412738201334555,0.09598422525071047,-0.0916370119830051,-0.0023978856267475313,6.931652381383935e-05,116.47192245857204,False,
-19.99,559.64,1569.0,-19.987706949829064,559.6431823679153,-19.907922868143576,559.9062057284269,-111.87413552616458,54.73614790558332,0.08025812893801025,0.17780940493993455,1656.0,-19.987706949829207,-559.6431823679153,-20.397865003298087,-559.8372222244008,111.66704270657551,48.808453954543296,0.08453737838810152,-0.17797343037137284,-0.0021396247250456343,-8.201271571914304e-05,559.8717139764138,True,0.0024012034006510364
-19.97,279.29,469.0,-19.974971295785068,279.286592090871,-19.820695729523013,279.24185129920176,-88.9613193859242,58.73938199937674,0.09006676261635188,0.14134359371958466,512.0,-19.97497129578493,-279.286592090871,-20.09425173830155,-279.31327755861196,88.83201436178076,58.90826384485001,0.09717615593144303,-0.1416266356607769,-0.0035546966575455766,-0.00014152097059612345,279.2775644289069,True,0.007997354837952378
-19.94,399.5,845.0,-19.938354264278892,399.50276848756886,-20.215502514058667,399.64718113728185,-100.66479289290147,56.74414727406545,0.08541664711669165,0.15996541513140994,907.0,-19.938354264278694,-399.50276848756886,-19.996460954891887,-399.20759964629497,100.26124129364263,54.66994062044909,0.09189899752558253,-0.15981561763895377,-0.0032411752044454387,7.489874622808312e-05,399.42739039178844,True,0.005098524766313833
-19.92,138.58,133.0,-19.924077358259932,138.57500186333058,-19.908219251449403,138.5830408020712,-64.28154324717222,59.39290653215403,0.09282952385079958,0.10206343815254817,154.0,-19.924077358259932,-138.57500186333058,-19.863068985372767,-138.52269822124194,63.91969043789644,60.29438143618961,0.09765797218950026,-0.10197460940794685,-0.002414224169350339,4.4414372300662086e-05,138.55286951165658,True,0.010948180201943568
-19.92,519.62,1424.0,-19.91742151881832,519.6184141464212,-20.219636426522538,519.8757452372133,-109.34541748210842,55.24233341151088,0.08155400015555504,0.1737810076284695,1505.0,-19.91742151881832,-519.6184141464212,-19.890418962357035,-519.4551295159673,109.08088116567967,50.219920374046445,0.08628923857095175,-0.1738512117647987,-0.002367619207698353,-3.510206816459416e-05,519.6654373765903,True,0.0028626476091820614
-19.9,259.24,393.0,-19.90280573748887,259.23710830777253,-19.971776122585364,259.2640420455483,-86.36675406524311,58.94416922205189,0.09063735929200993,0.13721236448249746,433.0,-19.902805737488805,-259.23710830777253,-19.699147846692725,-259.0644213362968,86.32514961842797,59.541160959328096,0.09793545578099899,-0.13763199767846127,-0.0036490482444945307,-0.00020981659798190166,259.1642316909225,True,0.008846763369082834
-19.89,379.48,737.0,-19.887663372318656,379.47922320673814,-19.944050249495856,379.5017812895557,-98.92906514454849,57.087594720435334,0.08620998086992118,0.15720624308980832,796.0,-19.887663372318656,-379.47922320673814,-20.178605987237688,-379.3641544978184,98.60061576562343,55.5830693343477,0.09310926487614461,-0.15717488075013505,-0.003449642003111715,1.5681169836634368e-05,379.4329678936871,True,0.005712402923051776
-19.88,499.6,1285.0,-19.87825754846286,499.6046986136509,-19.56925534861644,499.2259441725673,-107.87915422982383,55.57106769781113,0.08233009457526841,0.17145534238313548,1363.0,-19.87825754846286,-499.6046986136509,-20.09336072880896,-499.37576378641876,107.62476171898332,51.0749986710982,0.08740422650066054,-0.1715362111103672,-0.0025370659626960668,-4.04343636158655e-05,499.300853979493,True,0.0031926353526349214
-19.82,239.18,388.0,-19.819042913359727,239.18027832160075,-19.85882706698115,239.0930972141051,-83.52315068003163,59.077101635983006,0.09109596081388423,0.1326880124170247,326.0,-19.819042913359848,-239.18027832160075,-20.20325616088547,-239.15606840343455,83.52747110294513,59.75295865193048,0.09802872521985678,-0.13318552783009827,-0.0034663822029862776,-0.00024875770653678964,239.12458280876982,True,0.0091081901622343
-19.75,118.36,128.0,-19.75135083368807,118.36335640832668,-19.757090228467273,118.36480459653683,-58.32553616854897,59.49989061432598,0.09324740649620479,0.09258600934906056,97.0,-19.751350833688036,-118.3633564083267,-19.777602874560618,-118.29369061097093,58.12403149091318,60.56746557250549,0.09784485498383813,-0.0927494850079348,-0.0022987242438166702,-8.173782943712155e-05,118.32924760375388,False,
-19.72,219.11,286.0,-19.720647958755354,219.11434467895256,-19.722495783149018,219.08500670979947,-80.54579164057144,59.32069684510615,0.09172869317194392,0.12795106797766498,320.0,-19.720647958755464,-219.11434467895256,-19.906415777602366,-219.13380846304722,80.48105968878025,60.13658223417983,0.09839406903956836,-0.1283333780814181,-0.003332687933812223,-0.00019115505187655701,219.10940758642334,True,0.009556821904547538
-19.51,98.08,76.0,-19.50903220161283,98.07852804032306,-19.529513100359406,98.1305031291242,-51.32184827836852,59.508649175893446,0.09350915512101661,0.08144208100402388,91.0,-19.50903220161283,-98.07852804032306,-19.420107747538125,-98.01294233472026,50.89585047914279,60.90764608163793,0.09813789130561636,-0.0812410993989503,-0.0023143680922998733,0.00010049080253678871,98.07172273192222,False,
-19.15,77.68,49.0,-19.145253143004613,77.67534539408416,-19.186493313373735,77.7037518475427,-42.75835414634329,59.06166691105981,0.09304792662057636,0.06781705774554672,61.0,-19.145253143004652,-77.67534539408415,-19.324886761639938,-77.71406572758843,42.27600997353496,61.00392689089224,0.09804252718167575,-0.06752103097880699,-0.0024973002805496955,0.00014801338336986603,77.70890878756558,False,
0.0,20.0,5.0,0.0,20.0,0.06359445394442977,19.995988200086973,-12.296692463330237,60.78247551263737,0.09649342398696949,0.01957157273175082,10.0,0.0,-20.0,-0.0628787168099431,-20.053308163189197,11.957473338040232,64.08833023789217,0.10224533783971003,-0.01903167996032542,-0.002875956926370271,0.0002699463857126997,20.024648181638085,False,
0.0,30.0,16.0,0.0,30.0,0.11864805765147775,29.94623337482742,-18.534754082873377,60.60004495161531,0.09608121634867854,0.029500430392363115,11.0,0.0,-30.0,-0.06040503644558364,-29.97609151413751,18.222074513984065,64.37018383455619,0.1028154458295862,-0.02900207210173672,-0.0033671147404538276,0.00024917914531319765,29.961162444482465,False,
0.0,40.0,17.0,0.0,40.0,0.07283610324798805,39.9901475218225,-24.00429859454448,60.911388871864936,0.0964537280436958,0.0382049197895364,25.0,0.0,-40.0,-0.14983914505208812,-40.05359987074381,23.723186177811954,64.24850680039688,0.1027452097865639,-0.037758458536825454,-0.003145740871434051,0.0002232306263554723,40.02187369628315,False,
0.0,60.0,45.5,0.0,60.0,0.07713856915675035,60.01752861458482,-34.680794358924445,61.586945378315036,0.0972836348241714,0.055197143239727214,26.5,0.0,-60.0,-0.11900849237829768,-60.02457994609654,34.20446512828782,63.77135409134246,0.10223038171519545,-0.05443955450359123,-0.002473373445512024,0.000378794368067991,60.02105428034068,False,
0.0,80.0,47.5,0.0,80.0,0.07271871175451847,80.01627850908386,-43.974877792734084,62.016140986721595,0.09772179670307349,0.06998908230984652,62.0,0.0,-80.0,0.001456637640026658,-79.92029854374918,43.82995268320597,63.565813791902265,0.10214691649450344,-0.06975751841075944,-0.0022125598957149772,0.00011578194954353638,79.96828852641653,False,
0.0,90.0,74.0,0.0,90.0,0.04564897115025618,90.0013506838962,-48.02101927890619,62.36107734964898,0.09814849306715472,0.07642838496720249,63.0,0.0,-90.0,-0.0850507642663622,-89.98388102380561,48.016937306205456,63.43168957084942,0.10205669958843186,-0.07642237085856497,-0.001954103260638572,3.007054318757141e-06,89.99261585385091,False,
0.0,100.0,75.0,0.0,100.0,0.047394930297821346,100.13149074951649,-51.952088636147344,62.39865736991274,0.09808423997645714,0.08268489754833691,92.5,0.0,-100.0,-0.16989718283007527,-100.05857655395923,51.85114947383413,63.40061116123393,0.10213062128613506,-0.08252574816376326,-0.002023190654838962,7.957469228682401e-05,100.09503365173785,False,
0.0,120.0,130.0,0.0,120.0,0.06574699706696453,120.00183044306368,-58.93666338773938,62.2288273085116,0.09757059552771835,0.09380141827670796,95.0,0.0,-120.0,-0.1262267611043953,-120.03867170064215,58.621082870144335,63.14492683195766,0.10196838272060037,-0.09329989697754985,-0.002198893596441008,0.0002507606495790529,120.02025107185293,False,
0.0,140.0,132.0,0.0,140.0,0.005800629249204057,140.0691548172564,-64.733424459152,62.12710561037024,0.09716293643972665,0.10302651589954748,155.5,0.0,-140.0,-0.08659809344571667,-140.01159522732854,64.34450157481186,62.92522486974565,0.10186332404025436,-0.1024085154286566,-0.0023501938002638556,0.0003090002354454377,140.04037502229247,True,0.01054460412041296
0.0,150.0,174.5,0.0,150.0,0.07472563297239995,149.974210111024,-67.08542307305896,62.12873152902377,0.09704421722616664,0.10677068207768399,157.0,0.0,-150.0,0.10704618570236095,-149.9143042026858,66.88407165409082,62.93929935770441,0.10200700249172542,-0.1064479951868785,-0.0024813926327793903,0.00016134344540274376,149.94425715685492,True,0.010397897210103568
0.0,160.0,176.0,0.0,160.0,0.01463709177006659,160.05431859644708,-69.39165822415323,61.994823959536404,0.09670764589499636,0.11044043341723939,203.0,0.0,-160.0,0.1146096917080461,-159.95253224083305,69.15863794671817,62.98163964788268,0.10219732706291892,-0.11006798724544416,-0.0027448405839612805,0.00018622308589761466,160.00342541864006,True,0.010778733006853858
0.0,180.0,225.0,0.0,180.0,0.06572788091016292,179.9609175309569,-73.56792820827494,61.94649934945887,0.09638693931222483,0.11708779924134077,204.5,0.0,-180.0,-0.09328594484484361,-179.94448619868473,73.49260036114379,62.76592096896076,0.10209884104000067,-0.1169682487519682,-0.0028559508638879155,5.9775244686283147e-05,179.95270186482082,True,0.009971769426105729
0.0,200.0,226.0,0.0,200.0,0.10964537112370597,199.93592567138103,-77.45206200135038,61.802604302492746,0.09591328984932164,0.12327012802563427,259.0,0.0,-200.0,-0.47816051448422603,-200.12253344808892,77.19215160373615,62.73446388308414,0.102295895530127,-0.12286098097518466,-0.003191302840402678,0.0002045735252248007,200.02922955973497,True,0.010024308528164664
0.0,210.0,283.5,0.0,210.0,0.03727917235550458,209.95690131772494,-78.95942475335859,61.749242731035565,0.09570563565375509,0.1256682840889083,260.0,0.0,-210.0,-0.0323255410024754,-209.90478125716353,78.92512333985445,62.63710993718299,0.10226075483646466,-0.12561363102677725,-0.003277559591354784,2.7326531065519077e-05,209.93084128744425,True,0.009809665955469872
0.0,220.0,285.0,0.0,220.0,0.132133664772569,220.03285722364453,-80.58737989153872,61.75496377779253,0.095591341023837,0.12826041684303577,321.5,0.0,-220.0,-0.05277345033675438,-219.90948667254636,80.53110299997806,62.42912757978935,0.10205226798971738,-0.1281698774659053,-0.0032304634829401907,4.526968856523317e-05,219.97117194809545,True,0.00922739125842337
0.0,240.0,390.0,0.0,240.0,0.0656671662450851,240.00581999259734,-83.5007401985353,61.42007065844942,0.09481373373714451,0.13289635976829373,323.5,0.0,-240.0,-0.031924573739053656,-239.93581622875985,83.46105111405964,62.17361072999185,0.10189086220761107,-0.13283277938386778,-0.0035385642352332783,3.1790192212971524e-05,239.97081811067858,True,0.00926506605527113
0.0,260.0,392.0,0.0,260.0,0.2915389717335546,259.77422922145826,-86.11212866106628,61.0951884315727,0.09405456444231605,0.13705527983561736,434.5,0.0,-260.0,-0.22419779481294105,-259.9516848469775,86.15295361797916,61.61872398350043,0.1012528663219634,-0.1371194300469925,-0.0035991509398236726,-3.207510568757621e-05,259.86295703421786,True,0.008702330090257514
0.0,270.0,466.0,0.0,270.0,0.13129671763386908,269.95416821504665,-87.3143773749952,61.07734445567343,0.09390149143594613,0.13896675560955524,436.0,0.0,-270.0,0.04439819629742816,-269.9423181948381,87.32782631324265,61.44558358572363,0.10109965983598722,-0.13898600852872497,-0.003599084200020544,-9.626459584868852e-06,269.9482432049424,True,0.008377055059292659
0.0,280.0,467.5,0.0,280.0,-0.09561304780191371,280.1704845960382,-88.57315107294404,60.77713624884405,0.09329857628565087,0.14096737721444003,513.0,0.0,-280.0,-0.04443533115475595,-279.9554453486293,88.48224964684954,61.05081054500738,0.1005939895242987,-0.14082441827016728,-0.003647706619323912,7.147947213637096e-05,280.06296497233376,True,0.00818359422771298
0.0,300.0,547.0,0.0,300.0,-0.024404045848062283,299.941953266536,-90.69508472796895,60.528598479814455,0.0926608755003641,0.1443454116102578,514.0,0.0,-300.0,0.18920984987577094,-299.8531579302277,90.7316262548585,60.43779971695293,0.09986203923594171,-0.14440155088437287,-0.0036005818677888046,-2.806963705753729e-05,299.89755559838187,True,0.007543617034106267
0.0,320.0,548.0,0.0,320.0,-0.14652099758501594,320.1392052547828,-92.88567086379057,60.11896331531795,0.09176156569025806,0.14783034216510862,600.0,0.0,-320.0,-0.0175522115320976,-320.0043150015875,92.75953645807981,59.75993608685324,0.0990299764351865,-0.14763160242362128,-0.0036342053724642207,9.936987074367354e-05,320.07176012818513,True,0.00713414572731921
0.0,330.0,637.5,0.0,330.0,0.06375879917864848,330.01137491815894,-93.81473590561043,59.92331106473902,0.09132927126814666,0.14931157039467002,601.0,0.0,-330.0,-0.1974686900572354,-329.98770518663963,93.70556051549808,59.43798451932978,0.09863984090986724,-0.1491394499060725,-0.003655284820860291,8.606024429876069e-05,329.9995400523993,True,0.006959655724471354
0.0,340.0,639.0,0.0,340.0,0.008478476216051217,339.83638241628773,-94.64418162192423,59.75291855765263,0.09093775657017428,0.1506309972358318,694.0,0.0,-340.0,-0.4023509982361598,-340.0855115493107,94.68597591971228,59.00171622267186,0.0980691659111728,-0.15070233867278376,-0.003565704670499263,-3.567071847598857e-05,339.9609469827992,True,0.00659016378035803
0.0,360.0,735.0,0.0,360.0,0.0683340747475038,359.93620432712504,-96.62478475336195,59.49766234818799,0.09028534172160993,0.15378395807243916,695.5,0.0,-360.0,-0.10266224506074105,-359.8696304213347,96.43936165323072,58.32034625037551,0.09722702748662003,-0.15348926845911662,-0.00347084288250505,0.00014734480666127314,359.9029173742299,True,0.006059397673681121
0.0,380.0,736.0,0.0,380.0,0.2776142094760848,379.88333715723275,-98.37325968596157,59.21723665422608,0.0895947383733468,0.1565693054045266,797.5,0.0,-380.0,0.01378178944068259,-379.8523825814583,98.16165754903545,57.47065548559089,0.09611943085706137,-0.15622896142502715,-0.0032623462418572835,0.00017017198974972336,379.8678598693455,True,0.005396067459042318
0.0,390.0,841.5,0.0,390.0,0.12105101717692893,389.79667040557797,-99.17546304112514,58.943367720417555,0.08903745410424459,0.15784413427274976,799.0,0.0,-390.0,-0.5046148742725284,-390.1526402879561,99.11457083748444,57.100498948734376,0.09565645540817143,-0.15775191881685013,-0.0033095006519634207,4.61077279498151e-05,389.974655346767,True,0.005332194178626182
0.0,400.0,843.5,0.0,400.0,0.11804486337495809,399.89264077098505,-100.08051298982505,58.73267082098813,0.08857847449869052,0.15928452918727226,908.0,0.0,-400.0,0.08723705455827412,-399.9318835694701,99.94106478916869,56.63246569751675,0.09503132348071171,-0.15906007640079517,-0.003226424491010592,0.00011222639323854589,399.91226217022756,True,0.005069167633577839
0.0,420.0,955.0,0.0,420.0,0.06693940803202503,419.87849035745376,-101.59635438035521,58.360218931243764,0.08774093274783538,0.1616964398026088,909.5,0.0,-420.0,-0.15668396551510252,-419.9430126066063,101.45584626921425,55.762624564251425,0.09389200407450769,-0.16147391329744373,-0.003075535663336154,0.00011126325258253855,419.91075148203004,True,0.004601968495300011
0.0,440.0,956.0,0.0,440.0,0.22098151910814298,439.7995842673609,-103.1459266905078,58.07865709468268,0.0870488400704144,0.16416454728055527,1027.0,0.0,-440.0,-0.14662349965395371,-439.97414282154176,102.99734112832186,54.93256920876764,0.09281625065417246,-0.16392715535296848,-0.002883705291879028,0.00011869596379339431,439.88686354445133,True,0.004118980633832769
0.0,450.0,1077.0,0.0,450.0,0.04851422195762726,449.92425566143146,-103.81658972174803,57.93019766141426,0.08668856296799132,0.1652298284439547,1028.0,0.0,-450.0,-0.18056162013246857,-449.7838678381591,103.7092458110032,54.66110724089297,0.09250434494983509,-0.16506060248479928,-0.0029078909909218825,8.461297957770841e-05,449.8540617497953,True,0.004061498939894495
0.0,460.0,1078.0,0.0,460.0,0.12700140807759783,460.19071829234235,-104.71878156669295,57.76441673703929,0.08629898134282403,0.16666667259179566,1152.0,0.0,-460.0,-0.4507053909244035,-459.7241319905793,104.46414195182926,54.323306586345915,0.09208845665573116,-0.16626536545156606,-0.0028947376564535665,0.00020065357011479767,459.9574251414608,True,0.003954316664324902
0.0,480.0,1282.5,0.0,480.0,0.11896314661984517,479.9978342768801,-106.02311817043444,57.574247596262424,0.08575374054292842,0.16874249032683716,1153.5,0.0,-480.0,-0.009418210579317812,-479.8652691341696,105.95072980163107,53.63095448556389,0.09123321202392304,-0.16862593906580317,-0.0027397357404973094,5.8275630516996246e-05,479.93155170552484,True,0.0035868171802986115
0.0,500.0,1284.0,0.0,500.0,0.1528473376582072,499.90246272651217,-107.47050158781538,57.289014274228144,0.08505600616693723,0.17104648755985974,1364.5,0.0,-500.0,-0.20420212456415449,-499.9118660427148,107.37429955473257,52.72846561783798,0.09004236650857643,-0.1708940062095356,-0.002493180170819599,7.624067516207034e-05,499.90716438461345,True,0.0031336044236791403
0.0,510.0,1421.0,0.0,510.0,0.1697677813927704,509.73029209232055,-108.03273853871679,57.289134664945124,0.08493583661509124,0.17194152268332386,1366.0,0.0,-510.0,-0.11356990597189019,-509.78871936473115,108.04178922422587,52.34112175254028,0.08954685115487673,-0.17195523904283957,-0.0023055072698927453,-6.85817975785985e-06,509.7595057285258,True,0.0028417183477693403
0.0,520.0,1422.5,0.0,520.0,-0.03637346335516877,520.0310207214809,-108.76125184713331,57.183520924678795,0.08464159438280108,0.17309846301851906,1506.0,0.0,-520.0,-0.01019239061704623,-519.7527011413882,108.75254707097713,51.9516009106928,0.08904893809520838,-0.1730851792277317,-0.002203671856203647,6.641895393677544e-06,519.8918609314346,True,0.0026632612797471734
0.0,540.0,1566.0,0.0,540.0,0.2436338419164353,539.8159994108696,-110.00599843682734,56.894363736831316,0.0839390803277756,0.1750829679868562,1507.5,0.0,-540.0,-0.28088892972592816,-539.9934534916711,110.06733630696756,51.22129469280148,0.08813450759464783,-0.17518104650122135,-0.002097713633436117,-4.903925718256763e-05,539.9047264512703,True,0.0024412313570412354
0.0,560.0,1567.5,0.0,560.0,-0.12630875579799072,560.1020143140972,-111.18343221798197,56.59137528473616,0.08320841695508961,0.17695238137423963,1657.0,0.0,-560.0,-0.060587718496524334,-559.6875228808955,111.18475974067054,50.37269723416469,0.08702511552580304,-0.17695678310826948,-0.0019083492853567141,-2.2008670149259446e-06,559.8947685974963,True,0.0021415653196323846
0.0,570.0,1719.5,0.0,570.0,0.3447152489631422,569.7767315188298,-111.84075770129039,56.62564703248924,0.08314447613658243,0.1780043159913355,1658.0,0.0,-570.0,-0.6832572389918724,-570.1089526296778,111.85839593080675,50.562374715122075,0.08745462758008846,-0.17803653422005225,-0.002155075721753011,-1.6109114358370258e-05,569.9428420742538,True,0.002375806679402745
0.0,580.0,1721.0,0.0,580.0,-0.1840838113513108,579.9559567479108,-112.47105304590467,56.36713184824769,0.08260837174699132,0.1790009860006214,1814.0,0.0,-580.0,-0.6369344933594542,-579.8898458093718,112.50524339513275,49.87118077110898,0.08647434458526489,-0.1790654566203826,-0.0019329864191367854,-3.223530988059886e-05,579.9229012786413,True,0.002094297680074261
0.0,600.0,1880.0,0.0,600.0,-0.37229939858041333,600.5882589276401,-113.8057243044417,56.255731386538,0.08217838916049337,0.1811228762114192,1815.5,0.0,-600.0,0.14502776154976355,-599.8411649718062,113.69139814976853,49.23841276188799,0.08571160628480692,-0.18094370387458303,-0.0017666085621567754,8.958616841808764e-05,600.2147119497231,True,0.0018493263727615678
0.0,620.0,1881.0,0.0,620.0,0.11563961450290787,619.9247639386834,-114.7788631131723,56.03194597251824,0.08158540995987357,0.18267765050451545,1980.0,0.0,-620.0,-0.46161837808106826,-620.11676499218,114.9409240514026,48.42707821889774,0.08466864197801709,-0.18293981569106152,-0.0015416160090717598,-0.0001310825932730325,620.0207644654317,True,0.001562247526639498
0.0,630.0,2048.5,0.0,630.0,-0.10585305339609617,629.8586117801472,-115.30044334024862,55.98206695990591,0.08138436548071734,0.18350505860340247,1981.0,0.0,-630.0,-0.09153107089536101,-629.5939273750964,115.34218791391434,48.25853991852481,0.08451647149256739,-0.18357391451387944,-0.0015660530059250222,-3.442795523848907e-05,629.7262695776218,True,0.0015625521297836923
0.0,660.0,2050.0,0.0,660.0,-0.14740196309471135,660.1024024821778,-116.8895233877859,55.64207339838629,0.08047285403712309,0.18603364920037518,2121.0,0.0,-660.0,-0.3754655486451543,-659.8700197796189,116.99406693315974,47.03499944654081,0.08293993683299063,-0.18620643896475253,-0.001233541397933767,-8.639488218867286e-05,659.9862111308984,True,0.0011743531995940446
0.0,690.0,2196.0,0.0,690.0,0.1658596680160179,690.0940261057596,-118.38466862847615,55.45269098564993,0.07980413596503359,0.18841708326403467,2122.0,0.0,-690.0,-0.07459641786504173,-689.840319428892,118.48312312065599,45.92499008889425,0.08154034751825157,-0.18857266075648618,-0.0008681057766089864,-7.778874622575704e-05,689.9671727673258,True,0.0007905404309005716
0.0,720.0,2197.0,0.0,720.0,0.5033081172747688,719.5201903654671,-119.53574183007235,55.449398530958625,0.0794385144252594,0.19025320588498457,2274.0,0.0,-720.0,-0.4303577180457591,-719.6966284851551,119.77611227426895,44.67538070536483,0.07991718182206224,-0.19063487390709513,-0.00023933369840142132,-0.00019083401105528253,719.608409425311,True,0.00020897170705796758
0.0,750.0,2355.5,0.0,750.0,0.20932507585974588,749.819387576312,-120.87093044928247,55.08847745803033,0.07849301725078182,0.19237462416972517,2275.0,0.0,-750.0,-0.6293742879070269,-750.189376649406,121.20404260931146,43.79889312071787,0.07889565236503726,-0.19290993296975587,-0.00020131755712771843,-0.00026765440001534635,750.004382112859,True,0.00016865441685270387
0.0,780.0,2357.0,0.0,780.0,-0.037502686086740185,780.2491121279885,-122.43456521354189,54.76858522939518,0.07761122094528815,0.19486020329604298,2440.5,0.0,-780.0,-0.47173708672385073,-780.0098743433266,122.37987710380658,43.04571070267988,0.07806213614248556,-0.19477940111179812,-0.00022545759859870368,4.040109212243015e-05,780.1294932356575,True,0.00018158419636616035
0.0,810.0,2527.5,0.0,810.0,-0.032308017205153014,810.19007424853,-123.52271626623275,54.4420952006265,0.07672490977498109,0.19659211310367586,2442.0,0.0,-810.0,0.026923244603452738,-809.5857622853819,123.50259154507543,42.10237478806883,0.07692298550168068,-0.1965601495623345,-9.903786334979764e-05,1.5981770670678297e-05,809.8879182669559,True,7.683448954090879e-05
0.0,840.0,2529.0,0.0,840.0,-0.07579203395530067,840.258809947482,-124.54995669214047,54.01453247460896,0.07567617157133776,0.19822648447137278,2616.5,0.0,-840.0,-0.3370407666803861,-839.9600138935449,124.70780736452966,41.016937022014986,0.07556745027823945,-0.19848276757129354,5.436064654915085e-05,-0.00012814154996038107,840.1094119205134,True,-4.065637294856586e-05
0.0,870.0,3869.0,0.0,870.0,0.21692922788397917,870.3980717687949,-125.82677512532344,53.88438470734652,0.07509992024454062,0.20026218907144444,2618.0,0.0,-870.0,-0.46790314178149667,-869.8354447096499,125.55018873550279,40.37835735477169,0.0749170027629539,-0.19982506183084026,9.14587407933598e-05,0.00021856362030209242,870.1167582392225,True,-6.604311558472416e-05
0.0,900.0,3779.0,0.0,900.0,-0.7171689669059408,900.45579768652,-126.74216182655027,53.87363355485985,0.07471469310004278,0.2017076323796024,2709.0,0.0,-900.0,0.24141282198342454,-899.4984708051998,126.78294317010905,39.204488028654865,0.07341201398086108,-0.20177836447633554,0.0006513395595908467,-3.536604836656965e-05,899.9771342458598,True,-0.00045473234764295984
0.0,930.0,3778.0,0.0,930.0,-0.08314888383308403,930.4932851053799,-127.9448873886334,53.49270577078497,0.07374055940854778,0.2036295943902445,2710.0,0.0,-930.0,-0.18188144294175465,-929.5821413215361,127.78915785496183,38.67481872479417,0.07293745299839767,-0.20338498895877424,0.0004015532050750531,0.00012230271573512863,930.037713213458,True,-0.0002712828912561925
0.0,960.0,3682.0,0.0,960.0,0.736575577420747,960.2264505744305,-129.07068510260115,53.703132847623074,0.0737113232320733,0.20543139624447834,2805.5,0.0,-960.0,-0.006158609110743757,-959.5770636247826,128.7328605108251,37.499453528846345,0.07143414818937821,-0.2048847863108914,0.001138587521347545,0.0002733049667934667,959.9017570996066,True,-0.0007452800593557587
0.0,990.0,3680.5,0.0,990.0,0.2295413958651787,989.9387803189129,-129.99392719197633,53.5094925124091,0.073039248970448,0.2068945720325577,2807.0,0.0,-990.0,-0.6912528427197113,-990.5476362921876,130.11704327608763,37.167327180542316,0.07128484845199635,-0.20709617193372584,0.000877200259225823,-0.00010079995058406843,990.2432083055503,True,-0.0005565917275669058
0.0,1020.0,3579.0,0.0,1020.0,0.6660331353018625,1020.0344359262111,-131.261102444579,53.32509603398307,0.07237719218239043,0.20891668978720332,2907.5,0.0,-1020.0,-0.28570497769995246,-1019.9978150748717,131.1391399150295,35.768718957703584,0.06941956987145412,-0.20871792252407712,0.0014788111554681557,9.938363156310193e-05,1020.0161255005414,True,-0.0009109311403847852
0.0,1050.0,3577.5,0.0,1050.0,-0.2554339777384844,1050.3107819831903,-132.26209665698048,53.15681021237123,0.07173856338998191,0.21049853637356924,2909.0,0.0,-1050.0,0.4808145290283709,-1049.1948428662283,132.07285092330764,35.18174222258676,0.06884294258998856,-0.2101945822043411,0.0014478103999966754,0.00015197708461407722,1049.7528124247092,True,-0.0008665717229019913
0.0,1080.0,3474.0,0.0,1080.0,-0.660621534274683,1080.4623472072083,-133.1632071264601,53.077665806295094,0.07124333575421667,0.21192773590745204,3013.0,0.0,-1080.0,-1.0505925962334648,-1080.2170439763088,133.4212627861112,34.494832391980964,0.0681296196953867,-0.21235940143874787,0.0015568580294149856,-0.0002158327656479192,1080.3396955917585,True,-0.0009054584901119156
0.0,1110.0,3473.0,0.0,1110.0,0.1634671247803545,1110.575378874241,-134.38443849374082,52.72953996055826,0.0703204827806587,0.21388147858651876,3014.0,0.0,-1110.0,-0.5395061406784678,-1110.3867967814633,134.12743285605288,33.68473808716589,0.0672098027096947,-0.21347704674973966,0.0015553400354819946,0.00020221591838955055,1110.4810878278522,True,-0.0008800230607910709
0.0,1140.0,3870.0,0.0,1140.0,0.3724363618002487,1140.4000803433062,-134.95671564057693,53.08960962933074,0.07052828914730971,0.2147948451944703,3123.0,0.0,-1140.0,-0.4980359645169561,-1140.1787307412415,135.1411972105026,32.370350346515515,0.06548275065603343,-0.21508999494702766,0.002522769245638143,-0.00014757487627867216,1140.289405542274,True,-0.0013900880408566124
0.0,1170.0,3980.5,0.0,1170.0,0.3007783689975086,1169.995016087299,-135.87160595158622,53.10187313274551,0.07018535874401724,0.21625006075481656,3124.0,0.0,-1170.0,-0.44619673762513945,-1170.4508524415023,136.16008911167214,32.387435497253726,0.06588068437117632,-0.21671097689889657,0.0021523371864204596,-0.0002304580720400018,1170.2229342644007,True,-0.001155637356766909
0.0,1200.0,3982.0,0.0,1200.0,0.6042142378516521,1200.0110689834944,-136.83473273197262,52.68357172128486,0.0691520055851426,0.2177866408048973,3236.5,0.0,-1200.0,-1.0805560823859843,-1200.3233580097174,137.0434132747732,31.08312813324127,0.06417066249351927,-0.21812459994968272,0.0024906715458116666,-0.00016897957239271622,1200.1672134966059,True,-0.001303930876103573
0.0,1230.0,4096.5,0.0,1230.0,0.4060697999661599,1229.7301997972004,-137.85702627446472,52.58778949422134,0.06863559404734468,0.21941124484112742,3238.0,0.0,-1230.0,-1.0703789054728818,-1230.1862350251379,137.9863299911636,30.815099563989378,0.06410981162131192,-0.21962517387344824,0.0022628912130163784,-0.00010696451616040714,1229.9582174111692,True,-0.0011559876278803083
0.0,1260.0,4098.0,0.0,1260.0,0.1661826735839441,1260.4520080710954,-138.68782381178272,53.079127991643496,0.06904133440082946,0.22073056229772586,3356.5,0.0,-1260.0,-0.8409383157438919,-1260.1973628601088,138.8935864211666,29.867914021720413,0.06296986447895972,-0.22106630737563918,0.0030357349609348716,-0.00016787253895665655,1260.3246854656022,True,-0.001513426303793362
0.0,1280.0,4218.0,0.0,1280.0,-0.2474651236451685,1279.7216471718193,-139.24464583943993,52.71462304937683,0.06822521202009879,0.22161170614561604,3358.0,0.0,-1280.0,-0.3125311658980768,-1279.490760042163,139.34483977374165,29.36702627905085,0.062408962589036235,-0.22177802800410132,0.002908124715531278,-8.316092924263996e-05,1279.6062036069911,True,-0.0014279616988856017
