id_plot iq_plot psi_d_mWb psi_q_mWb
0.0515936928792 -0.00204847186659 99.1021354928 -0.215755969506
0.0142286709008 0.0327670372707 98.9549528077 -0.154164916044
0.0101748056981 0.0246658922731 98.8507932685 -0.152577842361
0.056626599494 -0.011727026734 98.6987454326 -0.0468072844605
0.0635944539444 19.9959882001 96.493423987 19.5715727318
-15.5462182837 12.5436979847 93.8155113058 10.5341933468
-19.9864011683 -0.0470307924415 94.2484518641 -1.99466965308
-19.4310742837 -4.48626358876 95.2698452174 -6.43171052342
-8.67929656055 -18.0857172539 99.8609928312 -18.5578834005
-0.0628787168099 -20.0533081632 102.24533784 -19.0316799603
-0.0604050364456 -29.9760915141 102.81544583 -29.0020721017
-23.3973712004 -18.7133265205 95.5215609484 -19.5436580495
-29.9719294592 0.0137163255787 91.6418811013 -2.21431032656
-29.1604006197 6.63774349245 91.2710035634 4.37194548979
-13.0491740524 27.0143132539 93.4167284876 24.7169454084
0.118648057651 29.9462333748 96.0812163487 29.5004303924
0.072836103248 39.9901475218 96.4537280437 38.2049197895
-9.54108329755 38.745207014 93.9097350666 36.2383368754
-26.4305296055 29.944732091 90.552357621 26.594165746
-37.3153835834 14.1976283348 88.7347449683 11.7680956543
-39.9402498845 -0.0383313973111 89.5674127628 -2.02185741732
-39.7536592329 -4.84045696957 90.0673018006 -6.48432256822
-32.9686889127 -22.7258858871 93.2366864894 -23.0991861726
-18.5230635883 -35.4504598074 97.7869982286 -34.6259401818
-0.149839145052 -40.0535998707 102.745209787 -37.7584585368
-0.0291384597785 -60.0014787731 102.299570839 -54.3846478595
-0.208878524978 -60.0476811191 102.161192591 -54.4944611477
-9.83087060578 -59.1383198543 99.95730749 -53.5296032269
-14.3742777023 -58.2531381452 98.7776509566 -53.3338037333
-28.6166162591 -52.7788007885 95.1763310121 -48.9704093347
-39.7004276534 -44.8888313232 91.8488809802 -42.4837534998
-44.1005018304 -40.7176910848 90.9517014615 -38.8322532865
-55.0170959714 -24.096302952 87.380406517 -23.8318185659
-56.1124698872 -21.2548185555 86.8428669749 -21.0770411367
-59.8305488334 -4.96675781569 84.6901006354 -5.85672513698
-60.0317915648 0.0237385376566 84.537358405 -1.17687086925
-59.9838664857 -0.0273923318229 84.5878882932 -1.02468462011
-59.5803512072 7.12668754307 84.5521520652 5.46966901677
-58.0898521258 14.6991603434 84.4193931631 12.9328114146
-50.1227559004 32.8672297258 85.8016237203 29.9198917315
-49.3943771229 34.1504789908 85.9994163584 30.7288536928
-36.8416085413 47.3186498434 88.6092954867 42.8678368489
-27.9290709089 53.0550283512 90.7425365449 48.2142305158
-19.5139113946 56.777332312 92.4295534432 51.6370285958
0.0922714834892 59.9806201125 97.1784823254 55.2830601683
0.0620056548243 60.0544371167 97.3887873229 55.1112263112
0.0928839198331 80.0073756953 97.7182640577 69.8937992272
0.0525535036759 80.0251813229 97.7253293485 70.0843653925
-19.1864933134 77.7037518475 93.0479266206 67.8170577455
-37.2075073545 70.8463960802 89.1319981947 62.2108473415
-52.9500642907 59.8766039053 85.3996912046 53.1511552678
-65.8046397411 45.4936237298 82.7229932545 40.6671427728
-74.7683505233 28.4095581583 80.7417323841 26.0244428429
-79.296372049 9.64029560377 80.6348157853 8.19293123093
-80.059512402 0.0332990161788 80.8475159557 -0.880188263543
-79.4027545524 -9.65140510919 81.3758655293 -10.0359390026
-74.7918890123 -28.3395340226 83.2525132004 -26.9697601349
-65.7188639708 -45.4094891201 85.864738981 -42.4306583956
-52.9486542111 -59.8595657212 89.586010292 -54.2541490326
-37.0764921265 -70.8696106492 93.6490377164 -62.9670098842
-19.3248867616 -77.7140657276 98.0425271817 -67.5210309788
0.00145663764003 -79.9202985437 102.146916495 -69.7575184108
-0.0850507642664 -89.9838810238 102.056699588 -76.4223708586
-29.2114380398 -85.1222269513 95.9292960151 -72.8706007583
-55.3057081425 -71.0628777263 89.5585303543 -62.7361431706
-75.4945813969 -49.2358435109 84.1261082342 -45.5069284107
-87.2226487563 -22.049935702 80.4246400938 -21.0310609784
-90.1095400724 -0.0538853908697 78.9049140801 -0.932320755056
-89.7470583701 7.38877232399 78.7508297692 5.8974788399
-82.3034862983 36.1674676475 79.3336293589 32.8558682661
-66.1841246699 61.0060483567 83.1349439985 53.4311591786
-42.9202380765 79.1863759953 88.1514534445 68.0117885316
-14.7195375319 88.7205015754 94.4975692887 75.6841867207
0.0456489711503 90.0013506839 98.1484930672 76.4283849672
0.0473949302978 100.13149075 98.0842399765 82.6848975483
-19.5295131004 98.1305031291 93.509155121 81.442081004
-38.2026350741 92.3221601594 89.1758216124 77.27275419
-55.5465053597 83.1747352629 85.6736478321 70.3129677532
-70.6133933633 70.7037057726 82.4856718043 60.9368760453
-83.0324370963 55.5600812816 79.7425283209 48.6496152474
-92.3698211541 38.3078830902 77.4407676134 34.3521926168
-97.9925129378 19.5170203133 76.9752532226 17.1781150186
-99.800106066 0.0104909114547 77.2190943526 -0.914638737273
-100.081075873 -0.0186931022639 77.1913161599 -0.716920359576
-98.048744126 -19.5147112044 78.2871850658 -18.5528080641
-92.3849384979 -38.275646134 80.5308360744 -35.0938643276
-83.2602662306 -55.5739322088 83.0005350803 -50.3396586221
-70.6408628513 -70.712212855 86.4793272792 -61.9258176572
-55.5865182706 -83.2184698725 90.0939792419 -71.2232988068
-38.3459215924 -92.4193081496 94.3091895438 -77.5132386115
-19.4201077475 -98.0129423347 98.1378913056 -81.241099399
-0.000310965805342 -99.9903984845 102.188941091 -82.5034561664
-0.339483399855 -100.126754623 102.072301481 -82.5480401611
-0.144492972997 -120.025751589 101.846430006 -93.3786865344
-0.164337344276 -120.083137858 101.959232553 -93.2399955198
-0.0698499660405 -120.007125655 102.099485603 -93.2810088785
-19.7776028746 -118.293690611 97.8448549838 -92.7494850079
-28.5815626746 -116.430042923 95.9842252507 -91.637011983
-39.1232006927 -113.576020631 93.9427714033 -90.0551241362
-55.8995843573 -106.31457538 90.1390001996 -85.9232424913
-57.0146666173 -105.495747761 89.9453215881 -85.419894175
-73.5993497787 -94.7030768065 86.2407536606 -78.3846719132
-79.5882233025 -89.8617370165 84.7370697334 -75.1136218844
-88.2290567097 -81.3271846363 82.7030483973 -69.238934669
-98.6679495499 -68.1418941061 80.0072223287 -59.6384934053
-100.50439407 -65.6209879985 79.4776221887 -57.4519571607
-109.831574561 -48.1868048662 77.12047907 -43.0844812869
-112.175153039 -42.6151874238 76.3765819914 -38.3056574324
-116.241419035 -29.4661440525 74.7184082837 -27.167330514
-119.136538613 -14.5034729028 73.5369063886 -13.8325522979
-119.632817696 -9.89883372216 73.4391234557 -9.79844224427
-119.988041054 0.0109668957549 73.1103344209 -0.83376528624
-119.896426069 -0.022742524285 73.171813477 -0.732638282966
-119.634911183 9.90279295765 72.9387566682 8.17274622691
-118.951538394 14.4006732117 72.9813722115 12.3814479711
-116.148991632 29.4360723065 73.075630949 25.872866198
-112.170895966 42.5379644627 73.4141704351 37.4629436647
-109.914292496 48.215242302 73.7333250542 42.1173813709
-100.283398953 65.675748832 76.0001519888 55.9726993553
-98.5809954315 68.145599947 76.5311424991 57.8060627391
-88.2246788795 81.3308506662 78.7901414539 68.0679606245
-79.4674796552 89.897646638 80.4492467346 74.3585752057
-73.6087951853 94.7124216688 81.7833850231 77.5843789461
-57.0618710663 105.508486909 85.13087141 84.8187497587
-55.8990510765 106.36667933 85.5496551456 85.2625867578
-39.0761888275 113.527204592 89.056728835 90.0387273515
-28.7377447234 116.513801994 91.1884539972 91.7756450306
-19.7570902285 118.364804597 93.2474064962 92.5860093491
0.110475844406 119.926275643 97.5878223101 93.8047521689
0.0547774275612 120.038770062 97.5541443383 93.8699785483
0.0319877192341 120.040445625 97.5698199347 93.729524113
0.0058006292492 140.069154817 97.1629364397 103.0265159
-19.9082192514 138.583040802 92.8295238508 102.063438153
-39.3767767397 134.2075592 88.9031215897 100.134392685
-58.3568539899 127.488669903 85.0117262356 96.4493629497
-75.635506815 117.816610146 81.6704809484 91.0281708287
-91.7088265528 105.848344959 78.269147912 83.6794264397
-105.684448574 91.6998551321 75.3804803711 74.3459755775
-117.657017733 75.7131459867 72.7304094341 62.585458949
-127.314646962 58.2001682333 70.8162907902 48.9897673659
-134.255788893 39.4541437876 69.313040595 34.36045231
-138.485472133 19.9232446953 69.4181022284 17.1855508364
-139.991999993 0.00716071993372 69.6057257031 -0.720501464065
-140.024684156 -0.0449517391489 69.6206840324 -0.689462476622
-138.644053936 -19.9602423144 70.3360868941 -18.3500271666
-134.498959392 -39.4971203634 72.0250619643 -35.0900353311
-127.265389822 -58.1292421437 74.0733437848 -50.50543557
-117.701333751 -75.7073823677 76.6033300357 -64.4671961211
-105.928361911 -91.7958843969 79.9191860332 -75.6218936042
-91.8473304285 -105.900282182 82.9860092091 -85.0054533441
-75.6851772202 -117.842079324 86.6342816418 -91.8366785866
-58.2676916866 -127.44124912 90.2817915099 -97.0357683752
-39.4187679186 -134.257605441 93.6511547368 -100.42812125
-19.8630689854 -138.522698221 97.6579721895 -101.974609408
-0.00698337208757 -140.017467864 101.874225558 -102.372326092
-0.166212814804 -140.00572259 101.852422523 -102.444704765
0.107046185702 -149.914304203 102.007002492 -106.447995187
-29.2750943142 -147.015313275 96.1921918978 -105.493679145
-57.6842343904 -138.682379484 90.5777286993 -102.092802073
-83.2283852467 -124.733603499 85.5249710278 -95.4750947823
-105.988085189 -106.083048022 80.3313831956 -84.9655140526
-124.794693847 -83.3418138174 75.6787969232 -69.6042628169
-138.700258169 -57.4746129051 72.2477839126 -49.7570296042
-147.196144663 -29.2986962747 69.2801803867 -26.2615627517
-150.027748614 -0.00122752960601 67.9516232228 -0.887109854747
-150.049449393 -0.0339284127966 68.0867500108 -0.747728890306
-147.191899141 29.2704107927 67.9336146023 24.889962074
-138.491146394 57.4213553134 69.0773930516 48.0404109966
-124.632336021 83.4015605439 71.9841981754 67.4278030535
-105.795244967 105.935200148 76.0162323981 83.028437128
-83.610535896 124.905404895 80.2920385503 94.1725367145
-57.3177613763 138.525990481 85.3938362785 101.502388285
-29.2718374645 147.210883171 91.0554236857 105.453436304
0.18661761401 149.909521426 97.0821222119 106.765436652
-0.0371663480648 150.038898796 97.0063122404 106.775927504
0.0146370917701 160.054318596 96.707645895 110.440433417
-9.87771297436 159.767917821 94.6685414927 110.406407558
-29.4390465184 157.278835358 90.9570276378 109.024368476
-48.3423414208 152.387567973 87.2850043425 107.195786284
-66.8730902807 145.356439526 83.6132228367 103.997065211
-84.4809444412 136.10362388 80.3319551317 99.5864471973
-100.250218964 124.646838833 77.4033675448 93.5418812721
-114.704254284 111.361259998 74.5398588343 85.7370467766
-127.656019507 96.5011953946 71.6606332955 76.2292313333
-138.361954804 79.9788456661 69.4004573625 64.4957596689
-147.175472522 62.3354717769 67.5538520183 51.3155450581
-153.880369161 43.7790330534 66.2236594704 37.071678015
-158.026176394 24.5467326583 65.8980195953 20.738324769
-159.770305948 4.89224774107 66.1836067056 3.60890139867
-160.006231954 0.0101995391927 66.1822015569 -0.67174316927
-159.408837073 -14.8014348299 66.6420951137 -13.8314159795
-156.290336302 -34.2124852209 67.9503648945 -30.3242201321
-150.80188745 -53.1788121824 69.8790650169 -45.7916592516
-143.246453705 -71.253706817 71.6894838678 -60.4881014824
-133.647930397 -88.403048631 74.3126895475 -72.7085357007
-121.354496897 -104.172056848 77.7161298322 -82.9426511715
-107.780741391 -118.260775563 80.7805321963 -91.4660955701
-92.3752997254 -130.652791046 83.9521344173 -98.1381151099
-75.6038239826 -140.967060002 87.4228277423 -102.874238478
-57.8947714917 -149.210525726 90.7010409981 -106.778387938
-39.1401811131 -155.161731405 94.288753135 -108.86138159
-19.7974570419 -158.726124645 98.0084685761 -109.744899219
0.114609691708 -159.952532241 102.197327063 -110.067987245
-0.360171953195 -180.039477112 101.988759538 -117.10577376
0.173600063505 -179.849495285 102.208922542 -116.830723744
-29.8630418849 -177.498756341 96.2783385311 -116.489342681
-58.4626067257 -170.33495727 90.6940901246 -114.537557713
-85.9339337695 -158.393944228 85.9108125226 -110.180159492
-110.562788305 -142.065339565 81.1374400126 -103.395127347
-132.689244372 -121.992611354 76.3893732069 -92.9838203889
-150.584636072 -98.3999440264 71.9783099708 -78.8032901092
-164.734688669 -72.247017146 68.0873395148 -60.4948613433
-174.449554614 -44.1607396182 65.3557066932 -38.276332205
-179.408512899 -14.9169755328 63.3386535876 -13.8901941908
-179.907461141 -0.0115524500636 62.8199322247 -0.664403065472
-179.38784302 14.8274096185 62.4891893182 12.1973593512
-174.440081438 44.1418716692 62.6464246576 36.7717439995
-164.582911988 72.2918327402 64.9131321434 57.9718535597
-150.505870327 98.4488075116 67.6149855681 76.2858100641
-132.257470476 121.901977674 71.634974749 90.6922310243
-110.637053432 142.154661625 75.7251855707 101.19834615
-85.7440465088 158.378541725 80.0804914108 108.635472768
-58.4256220393 170.1916985 85.0873040157 113.358036666
-29.6017921524 177.514526642 90.5062001456 115.988072683
0.0657278809102 179.960917531 96.3869393122 117.087799241
0.109645371124 199.935925671 95.9132898493 123.270128026
-9.80863733975 199.629122492 93.9617407537 122.969000592
-30.122982601 197.972802368 89.9312223747 122.234237646
-49.3288039335 193.770882464 86.5490310671 120.728106818
-68.4762224809 187.967579848 82.9589019375 118.800716321
-86.8165034726 180.149097396 79.697461927 116.20335836
-104.356590428 170.767978962 76.6044945063 112.784253313
-120.690433287 159.404774083 73.857442955 108.112209312
-135.773363566 146.553008454 71.1900028499 102.297462176
-149.926861082 132.424217202 68.6660272614 95.2223444979
-162.299775746 116.793885982 66.2485701953 86.4421625095
-173.180002859 100.059296043 63.943669168 76.2701996182
-182.023276788 82.2097428742 62.0665374589 64.1360700309
-189.527921013 63.6809294037 60.5344889128 50.6631491891
-194.814208802 44.4863066861 59.1369633082 36.5585695663
-198.364942944 24.8732461128 59.0772703382 20.4213702466
-199.938696887 4.92560016007 59.257426129 3.511263145
-200.080483179 -0.00286448969233 59.3068440686 -0.9064687685
-199.334552576 -14.9743793883 59.837234002 -13.5807498557
-196.952416007 -34.751833631 60.8851976484 -30.5154031567
-192.512646062 -54.1725901405 62.7301507968 -45.8039278739
-186.125622002 -73.0723868077 64.3265826105 -60.6497535351
-177.83770615 -91.2016813864 66.711964541 -73.3934666351
-168.200216054 -108.565007869 69.4301197632 -84.4982949335
-156.398249777 -124.744013128 72.4724815923 -93.9321165546
-143.013031676 -139.685608629 75.2351309713 -101.738672034
-128.768863907 -153.284498826 78.1992846078 -108.057026068
-112.635045231 -165.22870253 81.2790131799 -112.711539549
-95.7270270528 -175.675752478 84.4238907918 -116.674599454
-77.7328281774 -184.288995674 87.5918654609 -119.382281889
-59.0606081693 -191.112380752 90.8325019603 -121.315683446
-39.674440644 -196.066268211 94.6073902854 -122.359787983
-19.9852157846 -199.049638533 98.3074603484 -122.905696711
-0.478160514484 -200.122533448 102.29589553 -122.860980975
-0.0323255410025 -209.904781257 102.260754836 -125.613631027
-29.7852662531 -207.788290559 96.4348790366 -125.490332502
-59.2093579808 -201.543421891 90.8718666959 -124.337970009
-87.3311064109 -191.077125577 85.7296745882 -121.783093418
-113.642172593 -176.821515639 81.4902561091 -117.015147461
-137.754293026 -158.822591442 76.6135269033 -110.32409684
-158.700375403 -137.529851294 72.1472010572 -100.580525058
-176.539405819 -113.514271959 68.0238697659 -87.4324926201
-190.985163379 -87.2343237616 64.269195686 -70.2417888331
-201.590597738 -59.1696215321 61.0380136091 -49.5777476264
-207.885919063 -29.9806741143 58.831760983 -26.3193209018
-209.88120066 -0.0192791000765 57.4990208713 -0.900519668591
-209.771441184 -0.0758664068617 57.6428754553 -0.7040815833
-207.759612645 29.8563132019 57.216183997 24.264082018
-201.508930674 59.1411836997 58.4153260396 47.0268723419
-191.017998719 87.2367190143 60.7956302483 66.9052387217
-176.479630783 113.623818 63.4808490341 84.0359154092
-158.570232525 137.569518976 67.2927111282 97.2761830587
-137.395372148 158.678002449 71.1517592887 107.135198167
-113.702434041 176.753863123 75.0476671087 114.500629729
-87.234486517 191.048567604 79.6049349138 119.571460703
-59.31895076 201.651502055 84.3206671102 122.940301405
-29.7441287471 207.722973452 89.8201637521 125.043374415
-0.0324931177169 210.055320697 95.6857030833 125.729595306
0.107051462428 209.858481939 95.7255682242 125.606972872
0.132133664773 220.032857224 95.5913410238 128.260416843
-19.7224957831 219.08500671 91.7286931719 127.951067978
-39.1569120048 216.356897062 87.9349213802 127.187298183
-58.437770066 211.9896218 84.4058779145 125.759090616
-77.2617652707 205.851644915 81.1585854002 123.780126184
-95.6557748963 198.382511 77.961430482 121.670331339
-112.787922891 188.978230539 74.9835350645 118.604330244
-129.149788096 177.927436667 72.2167924287 114.513342003
-144.719431084 165.745974937 69.7537955393 109.766374592
-158.888423004 152.068839182 67.3619193471 103.703015112
-171.802598833 137.167712471 64.8633899193 96.7187640595
-183.38710208 121.214379051 62.4690270971 87.9011602284
-193.604227201 104.323346946 60.4265339261 77.7090973816
-202.166557349 86.4742732882 58.6155708205 66.0599913933
-209.255002568 67.9875885039 57.2002271231 52.710144873
-214.417312797 48.9506124853 55.8066002362 38.9024201282
-217.945328526 29.5083050771 55.4593930473 23.9481357608
-219.897716986 9.85455111089 55.5765733114 7.54155875441
-220.156357935 0.0114143400664 55.6854367276 -0.883266487503
-219.687552779 -9.9034470631 56.0936586693 -9.05806802093
-217.982115862 -29.5337263476 57.046238864 -25.4290730339
-214.497833382 -48.9596571443 58.5633923123 -41.4779008139
-209.232694566 -67.9674436761 60.0542842971 -56.089188159
-202.230629824 -86.4279260607 62.2150894011 -69.4922797343
-193.77714754 -104.214503938 64.5260144465 -81.0853358699
-183.728547292 -121.204707629 67.0096557016 -91.3417516893
-171.91991389 -137.169650073 69.7922551633 -100.159960785
-159.181902932 -152.107417078 72.8859487152 -106.975837568
-144.629421001 -165.744024011 75.756643095 -112.911833723
-129.651445427 -178.068077286 78.567734206 -117.399444823
-112.895330169 -188.840928606 81.5227531454 -121.136553087
-95.4142429284 -198.217351136 84.5423931034 -123.822936455
-77.2825437032 -205.95170825 87.517114838 -125.950261712
-58.8184440466 -212.101422482 90.9209718917 -127.289458355
-39.246565378 -216.345361454 94.7246672389 -127.957988098
-19.9064157776 -219.133808463 98.3940690396 -128.333378081
0.00695160756832 -219.9401298 102.146648313 -128.25126147
-0.112498508242 -219.878843545 101.957887666 -128.088493461
-0.148573301515 -240.013104854 101.808497133 -132.828994177
0.084724154037 -239.858527604 101.973227282 -132.836564591
-14.6703762665 -239.477441915 98.9618225077 -133.224726442
-20.2032561609 -239.156068403 98.0287252199 -133.18552783
-39.5117397089 -236.668432036 94.495745177 -133.117084209
-44.1536472201 -235.830583787 93.6141617694 -133.079463161
-58.948573801 -232.641794116 91.0750492382 -132.623469319
-73.2248726363 -228.724866875 88.266268684 -132.013197263
-77.9509303503 -226.925358899 87.4856908592 -131.600927818
-96.5263755788 -219.818566246 83.9846007191 -130.27449751
-100.539865315 -218.047592196 83.4957578125 -129.852944521
-114.166259206 -211.074263434 81.0446888114 -127.887320747
-126.54640184 -204.099748371 79.1911441694 -126.161489337
-131.457441168 -201.033294798 78.2772164044 -125.237305881
-147.619059348 -189.520122461 75.5545729284 -121.475559367
-150.392134498 -186.960323154 75.1630143846 -120.707307278
-162.702856849 -176.637009594 72.5802066256 -117.184086614
-172.383549279 -167.111959874 70.7847577429 -113.455902638
-176.446773022 -162.557769242 69.9845571119 -111.670190073
-189.348471833 -147.430239091 66.985201463 -104.73090019
-191.639590109 -144.721126563 66.489293123 -103.377680514
-200.936042485 -131.334611283 64.4515104022 -96.4128959748
-207.600974251 -119.993504165 62.6025072406 -90.2085445654
-211.11404322 -114.249370107 61.8520581413 -86.7986500284
-219.789097501 -96.5317335853 59.5510793753 -75.5515781022
-221.036934567 -93.5754487913 59.0799882238 -73.6418507295
-227.201547964 -77.9852493183 57.2108634419 -62.9567055482
-230.729646619 -65.700820421 56.1454764042 -53.7805307373
-232.722690758 -58.9766985542 55.5126446854 -48.7660056287
-236.795998512 -39.5465020212 54.0063739378 -33.6329668176
-236.961964439 -36.8366883292 54.0546675639 -31.3169166277
-239.118810181 -19.813297708 52.9002193247 -17.4398425002
-239.812415391 -7.43047745122 52.4130770673 -7.08341599058
-240.245903164 -0.0144370848116 52.2298746907 -1.37043866417
-239.87898369 -0.0515305266475 52.3874666215 -0.932474155423
-240.038368367 0.0190640510696 52.2971415879 -1.04003361226
-239.089231068 19.8083385079 52.0540873106 15.601927489
-238.880126174 22.1465340152 51.9720309272 17.5901215699
-236.724305085 39.5307454758 51.8750277843 31.2758402384
-234.283225779 51.3143260926 52.5733879397 40.1827596935
-232.321325704 58.8271475805 53.1857969703 45.5313146767
-226.834143009 77.9267576177 54.556391121 59.2124683823
-226.31599258 79.7410834037 54.7510416673 60.481984221
-219.616285349 96.3793018375 55.9617994973 71.6525530997
-214.763753517 107.082909056 57.0301029057 78.7001357331
-210.805908114 114.211265482 57.8376995507 82.8515882174
-200.837504633 131.312731395 59.822752372 92.2918348033
-199.930690985 132.620592766 60.0772415204 93.3044059751
-189.304701746 147.469041376 62.2518573136 100.582782303
-182.160137594 156.146382038 63.5521092264 104.642753578
-176.396013967 162.548360533 64.5750413008 107.538607928
-162.60248996 176.759705733 66.9501425289 113.426507462
-161.601830015 177.472621421 66.8626389999 113.728479046
-147.342471299 189.422221763 69.2464381768 118.194321661
-138.570072777 195.879417687 70.856382124 120.428211403
-131.21253208 200.981087583 71.8921192488 122.185937139
-113.92002867 210.860524159 74.7610401028 125.081458759
-113.529221667 211.515889178 74.8890881722 125.272705332
-96.4795340118 219.827971202 77.6382903122 127.546465154
-86.6990940386 223.79555004 79.1732874917 128.671489687
-77.9652671682 227.030033532 80.7795023337 129.600252949
-59.2691812284 232.830491055 84.0395065131 131.260960606
-58.3971308489 232.610645071 84.1427232374 131.328157114
-39.5049221844 236.692084025 87.4508115048 132.397845765
-29.4374078922 238.133752475 89.4132458641 132.669219439
-19.858827067 239.093097214 91.0959608139 132.688012417
-0.0780305901315 240.137955222 94.7057042673 132.898234113
0.114650087179 239.964381336 94.8623457959 132.938122389
0.160382001688 239.91512342 94.8731511482 132.852722803
0.291538971734 259.774229221 94.0545644423 137.055279836
-19.9717761226 259.264042046 90.637359292 137.212364482
-39.5712886823 256.839518859 87.172539817 136.937302255
-59.4723083673 253.357216673 83.6135142577 136.236145634
-78.5763986876 247.902550245 80.2541143196 134.891191506
-97.2948894106 241.220576069 77.1673108011 133.142106673
-115.234017722 232.959243219 74.3403726386 131.094501509
-133.138476644 223.651077203 71.5208880664 128.624512207
-149.543338451 212.695545315 68.7989540545 125.698791248
-165.181663096 200.545310951 66.3563560083 121.686201699
-180.185451515 187.376350701 63.8055119237 116.979430784
-193.74878847 173.015289246 61.5707463649 111.400090955
-206.76015503 157.698994668 59.3280333574 104.748359277
-218.179796206 141.423580773 57.1365960689 96.9497824888
-228.147638365 124.178093688 54.7255141327 87.8901438952
-237.084752806 106.367513051 52.9144043879 77.3024813494
-244.436449266 87.8609509598 51.3117660131 65.5905563222
-250.588003791 68.8805572928 50.1172612192 52.4589769366
-255.326846867 49.5088457061 48.4906627674 38.3289084821
-258.069250022 29.7522348725 47.9705231297 23.7694011705
-259.739943889 9.88806427368 48.303070955 7.54837891936
-260.384003005 0.0548160360354 48.4248014998 -1.13827366587
-259.632907655 -9.97924158611 48.7086299669 -9.08300853071
-258.3006451 -29.863840053 49.8598253817 -25.4034047447
-255.199960711 -49.5425831303 51.2933758162 -41.1203336626
-250.763558769 -68.9588185282 52.6007299704 -55.7652798468
-244.665983566 -87.9266911525 54.4563679355 -69.2963330671
-237.334896585 -106.427968187 56.5741749775 -81.1841917535
-228.388582705 -124.142467196 58.9121416455 -92.0183105742
-218.443175737 -141.298440082 61.5699575067 -101.088024313
-206.716932249 -157.699197179 64.2820522141 -108.958374945
-193.947601954 -173.010544819 66.9672254477 -115.765666939
-180.198926439 -187.397232431 69.7560835647 -121.06429316
-165.534872865 -200.557234801 72.3225120364 -125.407848315
-149.549031486 -212.608774621 75.2500653176 -129.010798184
-133.165277414 -223.645273998 77.9779691632 -132.011256883
-115.366217957 -233.025875566 80.6956702148 -134.150519569
-97.1687420875 -241.101804435 84.0130900866 -135.718724083
-78.2782566405 -247.821128847 87.1853106336 -136.803308354
-59.6521752469 -253.260672707 90.9617387244 -137.682160522
-39.8481717508 -256.926734045 94.2020725151 -137.922255402
-19.6991478467 -259.064421336 97.935455781 -137.631997678
-0.143058987747 -259.889811034 101.282667392 -137.156282116
-0.305336601879 -260.01355866 101.223065252 -137.082577978
0.0443981962974 -269.942318195 101.099659836 -138.986008529
-29.8377848071 -268.256793298 95.7735539673 -139.806758558
-59.1721239735 -263.501313195 90.5622091276 -139.835248574
-87.7917888311 -255.337010305 85.5107290897 -138.826826638
-115.664285668 -244.299214592 80.5774753863 -136.927319349
-141.336824527 -230.036459821 76.3547068991 -133.649303464
-166.041203463 -213.129950593 72.26691484 -129.412071846
-188.132434434 -193.485458582 68.3479053977 -123.315215683
-208.537655325 -171.635969644 64.1967313792 -115.022802117
-226.077596647 -147.710688912 60.0809092696 -104.380672566
-240.946874493 -121.916733851 56.566321967 -90.3874215874
-252.702628524 -94.6879794007 53.0899017171 -73.3945217752
-261.676281827 -66.3961469621 50.3120388835 -53.3876175695
-267.521694576 -37.1413934922 48.3332206662 -30.9337053466
-269.7542399 -7.47308397024 47.0021643777 -7.23771044751
-269.86361283 -0.0482273707599 46.7692530729 -0.831042791318
-269.031235959 22.3004160925 46.4144267652 17.5480258398
-264.908383311 51.7478811405 47.0356206383 39.6869595847
-257.523854545 80.5585378639 48.8916206025 59.9538573659
-246.948937841 108.428597469 51.3460510385 78.2992350297
-233.722753448 135.136827993 54.16200559 93.266402046
-217.291661111 159.896698579 57.548767008 105.737639884
-198.770979977 183.10247093 60.8174965727 115.042101996
-177.31570303 203.706072866 64.2970509527 122.538700219
-153.55871537 221.74927079 68.2893589965 128.19278473
-128.708465952 237.708092037 72.0756630131 132.419883471
-101.628027613 250.206241061 76.4350543298 135.384432999
-73.5447002239 259.836487756 81.0799829235 137.587034776
-44.7593095812 266.396786918 86.0073087064 138.937819569
-14.5452702352 269.228264339 91.1627114731 139.194056496
0.131296717634 269.954168215 93.9014914359 138.96675561
-0.129457176343 280.217722424 93.1764665101 140.990979917
-0.0617689192604 280.123246769 93.4206860612 140.943774512
-19.8206957295 279.241851299 90.0667626164 141.34359372
-39.6500101164 276.846510666 86.6286269103 141.081295744
-59.6507433559 273.632493093 83.1839854246 140.604305488
-78.8551059853 268.565554389 79.9153670821 139.714282592
-97.935734335 262.382303172 76.7639814975 138.232548736
-116.364825645 254.583064198 73.7858386171 136.50371453
-134.147529705 245.784111987 71.0802901757 134.545624881
-151.488848977 235.727503893 68.3263910373 131.963099897
-167.497018692 224.037195203 65.7297905822 128.834036998
-183.428044868 211.694709234 63.3076825091 125.177299927
-198.069887584 198.234625412 61.0303698213 120.537836404
-211.753032464 183.477596007 58.5673396568 114.960877148
-223.866252368 167.858245499 56.5142982016 108.801457468
-234.99506244 151.281516118 54.1781843559 101.348485612
-245.566475897 134.242497442 51.9388378867 92.4615295902
-254.615182438 116.399706794 49.9253825674 82.8141506895
-262.347583154 97.920281531 48.3068242695 71.2344760121
-268.512126429 78.9075887028 46.9412387225 58.8078251355
-273.407064212 59.4837430906 45.6189350831 44.9572149961
-277.093180679 39.8316109456 44.3581315806 30.8505534057
-279.154376729 19.999533464 44.3928416241 15.963464514
-280.228136481 -0.0150449975702 44.7836041747 -0.840519838263
-280.542869874 0.0827943237776 44.6313387244 -0.940508712166
-279.096493905 -20.0233160787 45.5673081292 -16.9018658283
-277.078283934 -39.8911459319 46.8025487758 -33.0530068241
-273.76102938 -59.5452435439 47.9992088917 -47.883034378
-268.57865276 -78.9060157638 49.6736302719 -62.1203252831
-262.306851682 -97.8769743249 51.5515492068 -74.9388123609
-254.58496168 -116.302922796 53.8408923934 -86.8286324986
-245.99046009 -134.19812528 56.1283729467 -96.767012758
-235.628857539 -151.431540507 58.5442751571 -105.726026152
-224.061649915 -167.891146802 61.4884738617 -113.07934137
-211.560706131 -183.343690654 63.7716681281 -119.522407099
-198.076712141 -197.973218857 66.5616387958 -124.588247475
-183.280329744 -211.571541978 69.3061032078 -128.936204823
-167.770062218 -224.165711443 71.9161755201 -132.600269189
-151.649072303 -235.633087021 74.6358808068 -135.378587538
-134.182493888 -245.780312061 77.4681921195 -137.631058594
-116.194851868 -254.699684721 80.5408861029 -139.354630639
-98.1247677889 -262.446392146 83.6615830217 -140.76439054
-78.7350591907 -268.53051906 86.9489597676 -141.453520765
-59.5609698341 -273.504163056 90.4153809151 -141.904903345
-39.7627043629 -277.076941506 93.8697358238 -141.917551397
-20.0942517383 -279.313277559 97.1761559314 -141.626635661
-0.0444353311548 -279.955445349 100.593989524 -140.82441827
0.189209849876 -299.85315793 99.8620392359 -144.401550884
-15.3170658239 -299.627295441 97.268205632 -145.134763558
-44.804453693 -296.558685398 92.3937071967 -145.922484691
-73.8712586684 -290.677158169 87.6745886987 -145.792767946
-103.041609118 -282.00775249 82.667050674 -145.117538873
-130.050758068 -270.156283969 77.7906714906 -143.099913232
-156.562770124 -256.023955827 73.6110464797 -140.530026693
-181.302064896 -239.217953373 69.5549721981 -136.794699374
-203.972345181 -219.910587963 65.6473601302 -131.558941748
-225.167113175 -198.587075693 61.6311637615 -124.725943095
-243.550829611 -175.229680333 57.8828961409 -115.904609937
-259.588409485 -149.970865279 53.9149054782 -104.446163306
-273.353239019 -123.42565746 50.3015938087 -90.2360817077
-284.458387778 -95.6559627507 47.2041078283 -72.79698228
-292.558929684 -66.7444599286 44.5244402564 -52.9934556781
-297.761261558 -37.3315289641 42.7219512467 -30.556347459
-299.733550863 -7.53084871096 41.4577999597 -6.74281060564
-299.805902222 -0.0452801321082 41.1464708198 -0.533719676695
-299.202217819 22.4322741289 40.5828308779 17.7234755865
-295.418721646 52.0698734285 41.4522981305 39.3933884503
-288.608066142 81.1921301776 43.397079107 59.7979533064
-279.068563741 109.622665945 45.652818294 78.1467114794
-266.739287706 136.879030985 48.4509849313 93.2246423227
-251.660761796 162.759484112 51.7380204556 106.293289494
-234.411578028 187.152378321 54.9320762448 116.151603914
-214.942412674 209.605765424 58.2759000084 124.142057846
-192.686199937 229.804382021 61.9325122476 130.475254223
-168.985029242 247.973651203 65.4766525912 135.18106084
-143.689850299 263.540648409 69.4999238657 138.635703663
-116.841687677 276.491473922 73.4717667398 141.496471504
-88.4298272202 286.586192204 78.1725633519 143.444084849
-59.3529490958 293.960107263 83.0331584926 144.587171311
-29.7293134785 298.412958387 87.7884795256 144.932572066
-0.0244040458481 299.941953267 92.6608755004 144.34541161
-0.146520997585 320.139205255 91.7615656903 147.830342165
-9.90168614041 319.711527141 90.2426189136 148.00248164
-29.8671750561 318.737791148 86.9488260792 148.501066689
-49.5134773114 315.947961877 83.8969259512 148.37319412
-69.3030175091 312.398674536 80.6898783627 148.011227724
-88.3150501522 307.549439989 77.741173589 147.745273968
-107.475123165 301.501723937 74.6356508529 146.723234303
-125.797644164 293.928637689 71.7348056425 145.227317647
-144.093180417 285.94263352 68.9809892984 143.981325533
-161.384012895 276.411455344 66.3069868828 141.957100977
-178.483300347 265.783003633 63.6191242936 139.490732121
-194.320935695 254.091049797 61.3145930949 137.120617869
-209.953727638 241.709347154 58.8472818984 133.873649921
-224.548953954 228.077733698 56.6597605886 129.869059623
-238.051971709 213.615536577 54.6081959484 125.421330403
-250.853868022 198.500893659 52.316052491 120.227526902
-262.837882298 182.543923092 50.1244035776 114.12099762
-273.597008539 165.733109374 47.8544493095 107.189056512
-283.657345372 148.468081838 45.8391734645 98.6563302913
-292.12181831 130.478201831 43.7445123191 89.308488517
-299.671962883 112.037628589 41.8687663132 79.1900451584
-306.303149828 93.22931337 40.2985198054 67.1329730983
-311.354086159 73.9833907339 39.0432264636 54.2273638022
-315.419657001 54.479930582 37.8206393768 40.5484493412
-317.777653102 34.7332481996 36.8874614997 26.8603463281
-319.45903219 14.8555838525 37.1449266694 12.2490280505
-320.188368604 -0.0430597896839 37.6103497658 -0.078540629539
-319.629048021 -5.18280871337 38.0303226659 -4.39294324176
-319.025395347 -24.8840801004 38.5989235315 -20.1721652315
-316.91057206 -44.7101478854 39.732856038 -35.3797589112
-313.652354237 -64.2900088505 40.7397414427 -50.6550743331
-308.802171159 -83.6696516785 42.1889816778 -63.9181742705
-303.125664833 -102.728962741 44.0113917155 -76.4884570078
-295.963678471 -121.35784173 46.181729837 -87.9879854453
-287.935935384 -139.505094536 48.3815893451 -98.1657797431
-278.80033946 -157.13458256 50.7273394026 -107.174777754
-268.325335014 -174.049353718 53.0464497672 -114.924612577
-257.161840861 -190.515941135 55.6495196196 -121.398273515
-244.656901834 -206.081971024 58.168110702 -127.153630378
-231.616118316 -221.10199339 60.8125728101 -131.92888322
-217.185408187 -234.866321067 63.379820332 -135.88196552
-202.247280175 -247.983293378 66.0073497493 -139.303026011
-186.621886356 -260.053301441 68.4442494617 -141.85640097
-170.126946754 -271.228813001 71.145568823 -144.349878412
-152.607804805 -281.158990834 73.9103841024 -146.046677135
-135.260085672 -290.056620154 76.6988010592 -147.381063909
-116.852836323 -298.000138848 79.8850883175 -148.479674552
-97.8780420323 -304.537005616 82.9896356353 -149.18745242
-78.7338632793 -309.994549125 86.2425823996 -149.342383382
-59.5763027714 -314.48790971 89.3641091782 -149.328582315
-39.55600414 -317.368171013 92.5875912588 -149.057699332
-19.9810512496 -319.245786101 95.8246603368 -148.397675646
-0.0175522115321 -320.004315002 99.0299764352 -147.631602424
-0.197468690057 -329.987705187 98.6398409099 -149.139449906
-29.9549752651 -328.86292039 93.7924165272 -150.446505433
-58.9192778436 -324.675262943 89.2560707154 -151.058529521
-87.7653917092 -317.958653862 84.4119393366 -150.99002916
-116.084143603 -308.940973204 79.6759683465 -150.478593215
-143.319748073 -297.334965581 75.2755885165 -148.954168223
-169.779629557 -283.447946328 70.9070701495 -146.789553764
-193.804228988 -266.908826904 67.1009435717 -143.810154787
-217.223787921 -248.494142679 63.2015830605 -139.558148489
-238.625149484 -228.167371442 59.7068166639 -134.122469688
-257.995679967 -205.749538723 55.713494878 -126.894280974
-275.538275252 -181.840660633 52.0131902036 -117.977952871
-290.660264705 -156.465293481 48.6228517297 -106.643023674
-303.484846607 -129.755384632 44.9994966564 -92.312387528
-313.873695675 -102.00829247 41.7869855324 -75.8650938057
-321.790257743 -73.528755643 39.3905352234 -56.5468848722
-326.838089421 -44.3154314297 37.79462602 -34.8619786773
-329.67220518 -14.8310410602 36.2284396398 -12.3263442901
-330.114737367 -0.0139922913061 35.7406619729 0.0860692551843
-328.482895468 14.4438890284 35.7310928467 12.6486959592
-327.139834028 44.2539927154 35.3717354654 33.1846868879
-321.503216896 73.3502724664 37.4341110543 53.7247392192
-313.620323403 102.000222875 39.2213193005 72.5101047421
-303.232782242 129.617345384 41.8282386921 88.5979015797
-290.130231057 156.299720233 45.0513096873 102.193222476
-275.024777634 181.854720874 48.1802453532 113.723111532
-258.032026782 205.888000249 51.4116971871 122.607016324
-238.259101302 228.097236801 54.5827463592 130.070851003
-217.050294539 248.748889912 57.9754814516 135.714084741
-194.121086493 267.066718702 61.3003990036 139.892662268
-169.096878269 283.302031087 65.0598209608 143.676456754
-143.256105921 297.417236777 68.8859641571 146.336514477
-116.015287675 309.12040524 72.9595684209 148.16259227
-87.9548612559 318.1939162 77.4848451062 149.32641356
-59.008922004 324.557149743 82.0601893141 150.079128711
-29.6846155198 328.688545969 86.6858898957 149.878363008
0.0778731651197 329.90427007 91.3812290019 149.297586188
0.0496444332376 330.118479766 91.2773135344 149.325554601
0.00847847621605 339.836382416 90.9377565702 150.630997236
-19.9731939023 339.571288348 87.7706288093 151.55704444
-39.9085803584 337.691150379 84.7237032283 151.686973788
-59.8204365468 334.89013985 81.6781264872 151.736191845
-78.8203201762 330.399476189 78.6813377024 151.482929176
-98.1934504265 325.394381241 75.5388967544 151.044474992
-117.759309451 319.300574735 72.5171586193 150.165965277
-135.785695848 311.654085338 69.662454428 149.010583578
-153.953890521 303.2762182 66.9397284323 147.46168975
-171.643574547 293.73272478 64.3691327909 145.793765814
-188.236174437 283.089935777 61.8896599097 143.945926273
-204.606341404 271.609053407 59.4915482801 141.475707086
-220.419704838 259.183820031 57.0287573044 138.44657878
-234.748628935 245.65658015 54.9824613118 135.126810226
-248.880014688 231.523620879 52.6022533879 131.003608293
-262.164592898 216.608884456 50.453318714 126.344795742
-274.495075803 200.756525762 48.3247430342 120.901063076
-285.579726413 184.23095239 46.3820122141 114.51304925
-295.837764451 167.141765443 44.1108377776 107.465135062
-305.270151888 149.491108716 41.9748329917 98.4461657723
-313.454453823 131.31610934 39.7709090198 89.4692369164
-320.54011691 112.673938369 38.1289044401 78.8842358115
-326.511744371 93.6415184865 36.6547438659 67.0526175478
-331.577443786 74.2850512637 35.3976907827 54.1630266018
-335.413050863 54.6664273518 34.2196963362 40.4369891669
-338.112477396 34.8652906374 32.8727413043 26.5954906328
-339.635427927 14.9585611721 33.0146312082 12.5068891826
-340.090353324 0.00535954707577 33.8490606313 0.639415274041
-339.198009494 -4.98386771457 34.1204830215 -3.79892668891
-338.412958838 -24.968113928 35.1378202733 -19.4501929737
-336.879019097 -44.7948572373 36.0099891547 -34.4411551753
-333.732837735 -64.4868065588 36.9947974834 -49.3904015126
-329.247120121 -83.9717608328 38.3832447169 -63.3067036366
-323.946495847 -103.129243557 40.060429048 -76.0996170412
-317.384647487 -121.981536239 42.1819170958 -87.416976473
-309.829121846 -140.415868483 44.4181370362 -97.6439276472
-300.715499211 -158.352668732 46.7172199956 -106.934249206
-291.126669622 -175.755001096 49.1009706645 -114.772761274
-280.370083333 -192.564650126 51.6955789372 -121.727457093
-268.630680399 -208.753839895 54.205853144 -127.745260535
-255.762992776 -224.03726366 56.5554796393 -132.612743067
-242.209010899 -238.629263525 59.0630276967 -136.897994816
-227.785680755 -252.370232003 61.5790490908 -140.409109421
-212.718019471 -265.506554001 64.1275154778 -143.546499366
-196.549393024 -277.318449207 66.5414227362 -146.089593682
-180.187737716 -288.376230784 69.0111379169 -147.993903909
-162.891299043 -298.533223222 71.980019961 -149.765030711
-144.933746171 -307.5672457 75.0674875593 -150.820348797
-126.902512454 -315.514460287 77.8246543623 -151.727440792
-108.046445269 -322.364902293 80.9821268389 -152.494233939
-88.9671788758 -328.13784584 83.9779739022 -152.749392506
-69.3414912208 -332.761527096 87.145271955 -152.579893644
-50.3531312015 -336.478890328 90.0633316193 -152.596433815
-29.9040369103 -338.569012109 93.4917201168 -151.868415632
-9.77704103555 -339.705331697 96.4977208774 -151.085403649
-0.402350998236 -340.085511549 98.0691659112 -150.702338673
0.136954293938 -359.756579078 97.2864412884 -153.500593468
-0.34227878406 -359.982681765 97.1676136849 -153.47794345
-29.485689432 -358.482240377 92.663396398 -154.747617339
-59.2816525143 -354.855460792 88.1017266915 -155.587253846
-88.451771646 -349.012885501 83.5768469807 -156.011640946
-117.197505101 -340.633726645 78.9052797577 -155.704789968
-144.915804844 -329.700564914 74.3200578323 -154.721183118
-171.24773161 -316.572461686 70.1219353392 -153.12374129
-197.290869789 -301.392547175 65.79805312 -150.842768314
-221.245806615 -284.231941022 62.296867997 -147.934802038
-243.659687558 -264.845325916 58.5561244389 -143.836909528
-264.818294426 -243.72004992 54.9066812936 -138.326668565
-284.00214619 -221.260547405 51.4473657917 -131.607676125
-301.249127701 -196.896231412 47.4234615289 -122.925244453
-316.777232008 -171.373024208 44.0377382294 -112.212221042
-329.828323361 -144.737105519 40.9143816801 -98.9616955323
-340.416853039 -116.892560726 37.4998270005 -83.5967410665
-348.942684839 -88.4667555944 34.6357282093 -65.6298374907
-355.049299419 -59.2943120074 32.8417144042 -45.1177173824
-358.450280644 -29.7370562667 31.6513429654 -22.6010256669
-361.05116171 0.098308136786 30.0423838658 0.640864666942
-360.737620237 -0.0891574381456 30.2928014917 0.824969586965
-358.724952183 29.7086902187 29.3880857199 22.7327368561
-355.287579695 59.2536571827 30.6475191338 42.9769139821
-348.767861915 88.2959987696 32.7144995623 62.9936241367
-340.113444227 116.907226485 34.9470234163 80.8332638181
-329.563855432 144.605476644 37.7965161609 95.4998480369
-316.274208568 171.315207619 40.9161272061 108.491221633
-301.16492465 197.055207027 43.8909014588 119.186715008
-284.185625586 221.210362826 47.0100464037 127.628363565
-264.524938573 243.75040123 50.2510344047 134.412531207
-243.508504229 264.988309275 53.5334004248 140.109111805
-221.289575991 284.196145602 56.9785990951 144.332141761
-197.051090967 301.460133279 60.4503176971 147.867514613
-171.079079346 316.588245262 64.135707449 150.514818951
-144.714496559 329.813640813 68.1534027104 152.359910872
-116.989952854 340.570315059 72.3653439263 153.710109097
-88.4109551595 348.846211182 76.7337207584 154.575026765
-59.5621672398 355.148690072 80.9951306825 154.84304672
-29.4884660922 358.677283981 85.7552343905 154.594255197
0.0683340747475 359.936204327 90.2853417216 153.783958072
0.277614209476 379.883337157 89.5947383733 156.569305405
-19.9440502495 379.50178129 86.2099808699 157.20624309
-40.1182829251 378.088241216 83.479785552 157.675514614
-59.5987355573 375.287090346 80.4987933259 157.734758377
-79.3409840183 371.783787882 77.3938036164 157.913953745
-98.2293926066 366.890779883 74.6343185552 157.761837875
-117.455240645 361.432178079 71.5833156696 157.306028893
-136.614094572 354.872674878 68.8144321764 156.537994052
-154.427064904 347.111697316 66.1622673488 155.75422886
-172.633942378 338.774684484 63.4190972372 154.468314723
-190.382978954 329.243439312 60.8151853292 153.014442506
-206.656070402 318.666258263 58.4714410204 151.579784254
-223.145259823 307.521094335 56.0830582514 149.402084934
-239.253305097 295.380428142 53.8276747335 146.98535215
-253.9737568 282.441123097 51.5916712217 144.587971151
-268.461779508 268.902171103 49.4452833326 141.391026614
-282.738743784 254.428055757 47.314687147 137.432009601
-295.048427391 239.170693988 45.1728041031 133.399514725
-307.29419482 223.454089671 43.2834219693 128.415636275
-318.367372615 207.100619595 40.8511413149 122.900583983
-328.484472901 190.113648737 38.6793803105 116.702830718
-338.640073533 172.599864557 36.6910552821 108.967427264
-346.817345707 154.524428806 34.7041311182 100.357973615
-354.708879027 136.175016796 32.8735693147 90.8505448986
-361.378689382 117.446221123 30.9767182019 80.465360821
-367.015254097 98.3108978869 29.3713555424 68.9504696547
-371.698903812 78.9854926489 28.0527277735 56.1954438386
-375.242312601 59.3756949024 27.1185641049 43.1490400026
-378.069264171 39.706864737 26.0043907665 29.2430602816
-379.356811771 19.8256695597 25.8818473866 16.2922558701
-379.190081813 -0.354932083204 26.8670403823 2.44031064813
-379.731964672 0.143986113742 26.2589288806 2.25278342456
-376.765850397 -20.4994549164 29.0214704318 -13.8642829868
-378.758391881 -39.7275231097 28.5502756869 -29.8399911064
-375.306933406 -59.4887744399 29.0905999233 -44.5801102704
-371.684254584 -79.0906051989 30.1896958939 -58.1786729676
-366.997292776 -98.4451323734 31.6792026738 -71.2415182683
-361.205962931 -117.554133399 33.6540606563 -82.8629800171
-354.690256732 -136.272404524 35.8334474547 -93.6614222198
-347.20928939 -154.650765691 37.968702301 -102.963488966
-338.983635638 -172.675051023 40.0906869132 -111.911131698
-329.245851858 -190.123306048 42.5524626145 -119.454212962
-318.413315504 -206.914538786 44.8414950517 -125.973499608
-307.512601639 -223.368158091 47.0042401426 -131.816364826
-295.246731707 -239.041767281 49.3900793643 -136.830034777
-282.708063428 -254.453595758 52.0138174441 -141.214556927
-268.494435418 -268.618803126 54.249029306 -144.577495406
-254.024316035 -282.286126567 56.6023909945 -147.725273694
-239.896802902 -295.524725375 59.0327288648 -150.396965465
-222.911584776 -307.335314141 61.4864245228 -152.54599683
-206.958074238 -318.622196075 63.7909732399 -154.308583308
-190.516198835 -329.330303948 66.5870082087 -155.923387417
-172.630921844 -338.428759862 69.3747957404 -156.849600019
-154.660919385 -347.067105848 72.2965840604 -157.832654298
-136.504108571 -354.900624656 75.0673042942 -158.501664895
-117.687781741 -361.433163375 78.1652487891 -158.819714341
-97.9765319298 -366.788972092 81.0700010117 -158.834986606
-79.0990891226 -371.630286092 84.0528647302 -158.794079858
-59.3196504025 -375.223764832 87.1809996897 -158.497476481
-39.9842815302 -377.870049499 90.0455593081 -157.988795416
-20.1786059872 -379.364154498 93.1092648761 -157.17488075
-0.185753571462 -379.902321078 96.0515553785 -156.194727548
0.213317150344 -379.802444084 96.1873063356 -156.263195302
-0.504614874273 -390.152640288 95.6564554082 -157.751918817
-30.2876163755 -388.953844366 91.0664030182 -159.119558337
-59.6326595626 -385.294363995 86.5459732528 -159.747737335
-88.5690049016 -379.606085968 82.1274680531 -160.25404504
-117.807243391 -371.702850959 77.573891049 -160.28804076
-145.747806217 -361.652660163 73.1417857577 -159.718398002
-172.844245861 -349.244421349 68.8475236519 -158.533780763
-199.326062947 -335.080554318 64.8599839395 -156.911870337
-224.473043863 -319.11786878 61.1036627203 -154.913304535
-248.059021265 -300.879498598 57.1577060535 -151.599192805
-270.326539994 -280.923701474 53.7470492676 -147.666533154
-291.308682264 -259.520942672 50.2817325667 -142.50353142
-309.917140937 -236.304863937 46.5463257416 -135.762846288
-327.654684791 -212.008653384 42.8493958381 -127.848496424
-343.118963669 -186.431297365 39.5295526932 -117.712309781
-355.918320905 -159.589218555 36.0479737955 -105.469811703
-367.186122441 -131.896031053 32.9939641617 -90.7118577004
-375.721745635 -103.461677352 30.0958151633 -73.86929759
-382.785136956 -74.3027531729 27.5349974863 -54.5839905084
-387.602938569 -44.7669845631 26.3831728755 -33.4913166416
-389.680276387 -14.9809684372 26.0617529495 -10.0374313208
-391.169753135 -0.149364354058 24.9209232749 1.44281032247
-387.527461503 15.0504256299 23.9344941021 14.1574128065
-387.421932797 44.6844338645 24.771856065 32.6801523877
-382.604188032 74.2755795173 26.0898572637 52.9158291141
-376.205854751 103.305374996 28.0765900708 71.3663129272
-366.802668231 131.753173853 30.6235416891 88.4419563303
-355.667196628 159.643387776 33.4949255982 102.476501463
-342.728979098 186.379221174 36.489077611 114.31902345
-326.976627614 212.045757697 39.8655157246 124.424772581
-309.859944439 236.646585762 42.6457477908 132.425127862
-291.291128078 259.618768365 45.740478868 138.903726631
-270.12044808 280.988043114 49.0700813497 144.121167272
-247.94562826 300.961993971 52.4104334487 148.410891918
-224.385796977 318.894317057 55.8817413339 151.474815527
-199.512894944 335.224206529 59.3341530603 154.135399946
-172.804152191 349.362695088 63.281479225 156.375889509
-145.846180116 361.770216174 66.9617098987 157.868109055
-117.826393295 371.93420787 71.3677605981 158.849490778
-88.8855169477 379.463780613 75.6272204031 159.253559051
-59.7331181656 385.402520649 80.0794545172 159.126333165
-29.9677106543 388.921598909 84.5018729836 158.713632241
0.313190364609 389.496999509 89.0980756199 157.807770407
-0.0710883302552 390.096341302 88.9768325886 157.880498139
0.121524390608 399.925324189 88.6561768321 159.190147511
0.114565336142 399.859957353 88.5007721653 159.378910863
-20.2155025141 399.647181137 85.4166471167 159.965415131
-39.9445154921 397.951578905 82.5217658877 160.303723337
-59.7156429496 395.720464729 79.66774618 160.778416626
-79.0479406747 391.877435072 76.6882164239 160.779212299
-98.9275257341 387.632335114 73.8755697493 160.62918956
-117.852704569 382.185007084 70.9666226746 160.507576605
-136.574664752 375.826965763 68.3022793211 159.89111374
-155.659667968 368.600083309 65.4667647603 159.135258753
-173.418978814 360.243833396 62.8331504849 158.293180166
-191.594491254 351.558367617 60.0882997273 157.024252531
-208.81731124 341.44948134 57.588717432 155.449600836
-224.729509051 330.222707995 55.5566018791 154.012846046
-241.751010247 319.290574496 52.843310437 152.053245933
-257.310891445 306.524574571 50.6597237386 149.678724394
-271.607963263 293.069738402 48.6839046123 147.098860855
-286.265500689 279.596385043 46.2373696429 144.080665495
-299.436506071 264.776405276 44.0840027616 140.53796367
-312.531321933 249.626661717 42.0492883348 136.225585995
-324.620240478 233.490452835 40.0186346749 131.463573968
-335.589923139 217.052835036 37.9703931592 126.364705111
-346.036367331 199.982967613 36.0105554049 120.1337005
-355.657852325 182.623304553 33.7406591111 113.001001542
-364.314204689 164.655592827 31.8184143599 104.875879947
-372.450255364 146.252561243 29.8604619784 95.8472966095
-378.754626399 127.439971759 28.1992883288 85.8600415031
-384.743408496 108.356317558 26.1444056064 74.6047823709
-389.932382125 89.0602902456 24.9315568672 62.4621843097
-393.543325041 69.482778462 23.7726091291 49.7302594243
-396.891885184 49.762699397 23.1288350365 35.7242836922
-398.673934993 29.8738371532 22.2631550651 22.5470122627
-399.911999127 9.95278179264 22.4303688387 9.37193211913
-400.05277871 -0.0101634336865 22.8320365511 2.66407994483
-399.778927313 -9.2975846594 22.8326941785 -4.92058774521
-397.824237637 -30.0510649647 24.6098495638 -21.5517482057
-396.926601951 -49.6945207827 24.7169251687 -36.2320153653
-393.695467175 -69.4894160085 25.261918756 -50.6521562745
-389.828829019 -88.9921062855 26.8258066638 -63.7994193053
-384.808086634 -108.359550429 28.569997655 -76.2260028007
-379.119759164 -127.384574257 30.4929539537 -87.4856234098
-372.359874823 -146.135239784 32.6677423058 -97.6786390963
-364.736493273 -164.501756143 34.7588392111 -106.974348163
-355.723233079 -182.48338376 36.9542265755 -115.460803966
-346.434337999 -200.033462293 39.2263454783 -122.674377727
-336.284177228 -217.019476856 41.509431003 -128.982851035
-324.946888447 -233.731509429 43.9529486873 -134.811445561
-313.088414852 -249.610973846 46.3291462015 -139.692309622
-299.754431119 -264.611427062 48.5893422183 -143.55350851
-286.27859613 -279.22544454 50.9328923545 -147.117503244
-272.36518913 -293.401618099 53.3756370796 -150.348691584
-257.174980151 -306.450582556 55.5672668702 -152.879788345
-241.290056743 -318.670735231 57.8182097148 -154.796985458
-225.793884335 -330.681956862 60.4614709708 -156.819697866
-208.485770078 -341.278251142 63.0554295002 -158.16386355
-191.348329768 -351.099784583 65.6261814987 -159.292277336
-173.876391412 -360.488421082 68.3984305172 -160.606189571
-155.291891502 -368.430590329 71.3868916887 -160.97304013
-137.169945776 -375.890873776 74.0802971232 -161.474181489
-118.334198392 -382.325943581 77.104758392 -161.890199392
-98.6924836605 -387.513139593 80.108996947 -161.647147946
-79.3426331023 -391.921457792 82.9799683876 -161.494132442
-59.5713490477 -395.517079195 85.947965702 -161.33921372
-40.0519661911 -397.876239127 88.9780799352 -160.551683255
-19.9964609549 -399.207599646 91.8989975256 -159.815617639
0.0872370545583 -399.931883569 95.0313234807 -159.060076401
-0.306888510863 -420.044128966 93.9051794096 -161.403543657
-0.00647942016702 -419.841896247 93.8788287395 -161.544282938
-30.3890336633 -418.837105148 89.3157661032 -162.788951654
-59.5444126965 -415.443277394 84.958929303 -163.536996932
-89.1829092933 -410.101173753 80.5883505927 -164.068884732
-118.622863956 -403.06379392 76.339792374 -164.525144359
-146.855820142 -393.595892305 72.1261359052 -164.309917247
-174.362014078 -381.891859665 67.7072376631 -163.455870567
-201.437466193 -368.585106914 63.6482013913 -162.376352111
-227.055680066 -353.145760545 59.438571761 -160.64478639
-252.343547366 -336.522508024 55.7021035324 -158.257591465
-274.885448031 -317.284139547 52.1618484736 -155.100730182
-296.910969845 -296.919861112 48.855606879 -151.076520771
-317.240075456 -274.945735475 45.1248825464 -146.301345544
-336.415887001 -251.904271488 41.8359819597 -139.847831912
-353.172511499 -227.005405013 38.3005179169 -132.025443194
-368.613566533 -201.347537536 35.0100926951 -122.55312924
-382.256942933 -174.648939688 31.5685182166 -111.070942678
-393.351420415 -146.80183124 28.2918221534 -97.0813162709
-402.818387681 -118.418550984 25.3459661848 -81.3446910959
-410.522803799 -89.3681429398 22.5072068424 -63.2404880097
-415.524176163 -59.7923318344 20.8788634402 -43.2422682732
-418.86789159 -30.0572426427 20.9193879725 -21.6088171302
-420.198784755 0.364470721176 18.5689098033 2.84186826421
-419.254720613 0.322169056617 18.8016716699 3.13392130589
-418.90355671 29.8327668811 19.1091262212 22.4937986702
-415.633179909 59.6903891004 19.9769442418 42.6360849479
-410.147096219 89.2990039959 21.5112180819 62.2859766023
-403.016473424 118.322670207 23.5636409698 79.5920821693
-393.307859597 146.728677858 26.3661461493 95.3321294545
-382.041119817 174.666164583 29.3144224938 108.644133284
-368.732281739 201.364316056 32.2857188403 119.901959592
-352.980638103 227.013208906 35.4877863115 129.144371245
-335.779102325 251.870444885 38.5113292486 136.797417289
-317.724054437 275.15321481 41.444575076 142.761844042
-296.662967914 296.973123625 44.7186397728 148.146816553
-274.988213585 317.701300758 47.8416139101 152.215766992
-251.891259777 336.355491794 51.0569182408 155.331590817
-226.761065474 353.324815821 54.7289663514 157.92489255
-201.13928398 368.568394561 58.4639727348 160.020522108
-174.492678697 382.172388712 62.0770336603 161.673094919
-147.128086537 393.941206898 66.0989430968 162.639712529
-118.63231768 403.061906503 70.2172011785 163.177455564
-89.1602466512 410.065198373 74.7176101142 163.269102231
-60.0449899087 415.906482269 78.7355675403 163.2211866
-30.0469236057 419.189059528 83.2602496351 162.7674405
0.066939408032 419.878490357 87.7409327478 161.696439803
0.220981519108 439.799584267 87.0488400704 164.164547281
-9.99058020243 439.94452249 85.5189246578 164.548992392
-29.7289313314 439.027208979 82.6030208375 165.284555371
-49.6418435934 437.009382397 79.5186744362 165.605778558
-69.6947253301 434.511577307 76.7645276964 165.781854222
-88.714619622 430.833849254 74.0173339022 166.177778268
-108.347683088 426.625174975 71.1710590404 165.991040679
-127.430819216 420.851026338 68.457419735 165.775984019
-146.294809656 414.801762546 65.8591099951 165.569918645
-165.022666945 408.031465004 62.9406573827 165.103226397
-183.283408662 400.059459866 60.3676810694 164.222673751
-200.626681219 391.09436496 57.9429029915 163.492882827
-218.80891321 382.176292793 55.327469837 162.20147203
-235.978958593 371.674742768 52.9682038466 160.728134863
-251.76114231 360.428614837 50.8484528006 159.402897331
-268.020846989 349.051218572 48.3599893176 157.740553868
-283.893569381 336.55406074 46.1769822478 155.570108653
-298.551044 323.305411397 44.260240941 153.420519502
-312.744548449 309.628106113 41.8589548663 150.790428738
-326.788690195 295.102580927 39.7745693926 147.439960252
-338.88900728 279.83166384 37.9376013052 144.427816192
-351.802525931 264.551841994 35.7176943885 140.154605132
-363.378789748 248.134080959 33.4416329327 135.618884841
-374.436678047 231.504670069 31.642427645 130.296822336
-383.980520005 214.18081035 29.9696670816 124.355632121
-393.009925294 196.593728307 28.0329554931 117.697756592
-401.845102904 178.649028719 26.0490415854 110.103104918
-409.463513402 160.432518162 23.8067623707 101.821758875
-416.578726544 141.764727059 21.8211931611 92.0121581734
-422.215738715 122.705301534 20.0789660137 82.0424106155
-427.350568172 103.474209151 18.7007458157 70.1423738274
-431.801816766 84.0340971913 17.2991346276 58.1235581749
-435.124409839 64.4438384492 16.5173891056 45.2041990615
-437.589340812 44.689055515 16.1856154992 32.3295788386
-439.228505551 24.8406368338 15.655214658 19.5910356214
-440.192069511 4.96132705175 15.9939163959 5.88053520526
-442.558951685 -0.393370018536 16.5272231129 1.33891250291
-438.406260026 -14.0990338763 15.3786317747 -7.11482751655
-440.752288683 -34.752678764 17.2301832693 -25.3795841866
-437.076551423 -53.9326408307 16.5477949428 -39.1102557708
-433.532912656 -74.2497417988 17.9507282154 -52.3570542435
-429.870089437 -93.7204839695 19.3175618024 -64.9400543027
-425.162377957 -113.106149123 21.2098473028 -76.9356314826
-419.445835011 -132.209642612 23.0819342264 -87.9600304927
-413.127566695 -151.007464185 25.0223437335 -98.3771278545
-405.943134096 -169.478559051 26.9673053944 -107.441344148
-397.977704275 -187.633155337 29.1594045645 -115.706618114
-389.07641061 -205.525326118 31.2963213453 -123.393429808
-379.359812515 -222.871805995 33.6624065578 -129.899715579
-368.906884824 -239.783432177 35.8628868525 -135.70591725
-357.859652074 -256.484392422 38.4076086478 -140.670667026
-345.609964392 -271.984174391 40.3674478001 -145.046974307
-333.043452985 -287.340418184 42.5241396473 -148.993917222
-320.245455193 -302.413134497 45.1232486729 -152.297855281
-305.634032142 -316.234706667 47.2887553044 -154.964160087
-291.132580952 -329.723779418 49.1116352969 -157.443338794
-276.170084327 -342.741032752 51.7194153859 -159.544742936
-260.004721828 -354.653870601 54.0874630696 -161.336045084
-243.97982635 -366.034876632 56.5166524502 -162.729422061
-227.911905663 -376.977616567 59.1286841012 -164.256752341
-209.816622137 -386.618460608 61.8492660673 -164.943423953
-192.229815019 -395.635850539 64.1525965048 -165.666538029
-174.573681716 -404.324586174 67.2331433836 -166.552557242
-155.735122471 -411.304480337 69.8317076352 -166.79057357
-136.476073673 -417.794171128 72.771093144 -166.863062997
-118.315368445 -424.062983449 75.5320427154 -167.187693835
-98.617562758 -428.773777571 78.2147891207 -166.882347139
-79.1920350502 -432.638915814 81.0643186247 -166.420738613
-59.5239514434 -435.762231014 84.0777277606 -166.192313973
-39.7216579263 -438.052455966 86.997651022 -165.635411744
-19.7739612078 -439.359664356 89.7903471234 -164.73305832
-0.146623499654 -439.974142822 92.8162506542 -163.927155353
-0.180561620132 -449.783867838 92.5043449498 -165.060602485
-29.9501107175 -448.889267184 88.5303187706 -166.143574973
-59.7900735516 -446.140869692 84.1996169065 -167.417263746
-88.9211698456 -441.192718357 79.8419484071 -168.134059603
-118.256311642 -434.528107116 75.4215843645 -168.411599455
-145.982184997 -425.45562433 71.4927930411 -168.105769493
-173.669299579 -414.834582503 67.1173778207 -167.721674566
-201.235070878 -402.499484114 63.0858490702 -167.004489162
-227.220351426 -388.198341862 58.8885912659 -165.660644912
-253.166195705 -372.821537082 55.2210884005 -164.222427302
-276.109873275 -355.013458807 51.5884800098 -161.556280994
-299.308641108 -335.891429266 47.9164687463 -158.718166669
-321.208670744 -315.776347682 44.7376043351 -155.226373164
-340.663911044 -293.596712991 41.4543890326 -150.452001185
-359.996454287 -270.501840754 38.0071028412 -144.693174494
-376.861969367 -246.347162552 34.6805744424 -137.792603612
-391.841121824 -220.587845781 31.271844617 -128.965743948
-405.9702704 -194.347612685 27.8865136542 -118.37174515
-418.124560646 -167.19623528 24.6275643957 -106.16326417
-427.865021761 -139.116816795 21.6438489147 -91.4951064772
-436.343292779 -110.5516486 18.8254999121 -74.8633531855
-442.544452041 -81.4898660842 16.5269028244 -56.634381766
-446.858970449 -52.0125238833 15.1850445303 -37.1209627532
-449.572080316 -22.3599638937 15.7023270134 -14.2480972551
-447.554687257 -0.977341189602 16.1475255923 3.55072864319
-446.776352542 6.52081007208 15.9246354456 9.24510861447
-450.881422142 37.0940035093 13.9528463236 26.3036621468
-444.915861406 67.0777601319 14.2779602298 46.5226867071
-439.477974403 96.0137443111 16.6002046844 65.6171042428
-432.329502906 124.806192196 18.6688670487 82.6544187774
-423.003983692 153.081304115 21.6699073739 97.4017369787
-411.829948711 180.925858743 24.2761551588 110.663117393
-399.398219777 207.699703238 27.2136439765 121.60631829
-384.056657403 233.493118874 30.2340517415 130.774318784
-368.216931136 258.729648092 33.0030052155 138.609644743
-350.556700902 282.237244189 36.2124562466 144.45351169
-330.598749652 304.808935546 39.2388639189 150.104657782
-310.041654811 326.271402511 42.3682718223 154.152887037
-288.059195268 345.803838892 45.6012005211 157.353646431
-264.913861001 364.252397565 48.8184540784 160.147994911
-239.459602241 380.767214203 52.2402363747 162.718375854
-214.181178601 396.012908798 55.7917902624 164.355326267
-187.902622708 409.29949986 59.569515554 165.833820362
-160.187181429 420.439619223 63.5845460163 166.432345218
-132.225943621 430.137807728 67.5207341576 166.988492954
-103.440304431 437.876152993 71.5677007655 167.21165225
-73.6696006262 443.384073122 76.135085969 167.139888726
-44.5735468887 447.737574202 80.191662552 166.50150224
-14.5960821846 449.569282523 84.5298223913 165.690064677
0.0485142219576 449.924255661 86.688562968 165.229828444
0.127001408078 460.190718292 86.2989813428 166.666672592
-19.9168939142 459.495040939 83.4582590208 167.13759874
-40.4009993425 458.586932484 80.4963272506 167.623229672
-59.4498889607 455.90615136 77.6509006731 168.283075821
-79.3997834335 453.218025651 74.7953299656 168.422385024
-99.2612323063 449.372306461 71.9890529545 168.482566573
-117.879232364 444.160374411 69.4583560628 168.403381657
-137.69683019 439.276907633 66.3710644308 168.478183014
-156.860138889 432.77795147 63.85374563 167.923503493
-174.77055173 425.494293422 61.2922116945 167.637570232
-193.174222793 417.651848562 58.5216829974 167.002225607
-211.310776488 408.652325116 56.0294906213 165.846342438
-228.179614395 399.120420144 53.6929634533 165.277870906
-245.986029719 389.299146031 51.2044549741 164.014752197
-262.476992946 377.960849265 48.9198291605 162.349541996
-277.910028586 366.078084584 46.7332850836 161.158858466
-293.987144794 354.201623505 44.3382209944 159.279243476
-308.877219376 340.593638441 42.4380324227 156.623239625
-323.356965221 327.10104207 40.2765176954 154.668590547
-337.331361148 313.042765897 38.067572775 151.886019726
-350.789047741 297.822164927 35.9555683339 148.396327703
-362.743446632 282.305254196 34.1591773665 144.957717061
-374.789898158 266.603592046 31.8482522189 140.872930706
-386.407904748 249.976587242 29.7249086912 136.023939655
-396.582219134 232.916247385 27.9348349839 130.289676842
-405.850530473 215.359655972 26.1641086502 124.688437952
-415.378084186 197.701987419 24.161310769 117.568845997
-423.362749985 179.445122202 22.391373635 109.85764064
-430.543553383 160.904531935 20.3881086304 101.602825503
-437.310254893 142.067927272 18.4231726141 91.6396228317
-443.106698681 123.01860877 16.5184835499 81.5277836931
-448.263892208 103.67595756 14.9932027696 69.720794574
-452.010771458 84.1178119877 14.3504922117 57.1972909033
-455.260881392 64.4740500093 13.0461100578 44.3997898213
-457.68539599 44.7415487083 12.7292087025 31.7724107836
-459.303776293 24.8353376048 12.5701392328 19.2787139936
-460.140227643 4.95967663648 12.7997474907 5.58411096118
-457.855299546 0.606400407725 11.1447049899 3.41530599234
-460.901250957 -13.9791163958 11.7549198698 -8.89512355888
-457.160543479 -35.0028050506 14.1824535509 -23.5028044103
-457.646028116 -54.9127380704 13.866573419 -39.1429229849
-452.91740306 -74.6615125972 14.8372802447 -51.3566726899
-450.754942458 -94.0723760201 15.7825001663 -64.575976659
-446.014885219 -113.437390907 17.4604966945 -76.0971429403
-440.435422587 -132.803993894 19.4701008476 -87.5728866215
-434.591958956 -151.754525643 21.4542126567 -97.6239272339
-427.371167056 -170.453993224 23.5689757396 -107.041859448
-419.566464867 -188.888184318 25.7275619723 -115.300056096
-410.715046869 -206.551686328 27.6756778359 -122.919215747
-401.62200402 -224.15501026 29.8192144633 -129.513220952
-391.485856112 -241.315758932 31.9267965232 -135.67914544
-380.802033665 -258.033247223 34.2014413632 -140.934598799
-369.863400296 -274.627444596 36.7025685412 -145.525863929
-356.834943192 -289.977060194 38.6417990892 -149.490374199
-343.950067476 -305.237012818 41.047239382 -152.706380034
-330.423035823 -319.83306563 43.1459259443 -155.747814247
-316.757365066 -334.312038686 45.3988060329 -158.618131204
-301.605162597 -347.196544612 47.452794071 -160.519358581
-285.97058502 -359.845809899 49.675877664 -162.47198119
-270.616521884 -372.363929587 52.4005917567 -164.306521086
-254.071978525 -383.415218852 54.7552042931 -165.388992768
-236.969448225 -393.967289804 57.2529123989 -166.417151692
-220.176304769 -404.32533213 59.9655014896 -167.8287305
-201.785327335 -413.016991823 62.5305472766 -168.160261201
-184.293008611 -421.362427818 65.0292613363 -168.869183221
-165.902692919 -429.221551868 67.9230076717 -169.360895487
-147.156628417 -435.872561532 70.5106893031 -169.456935736
-127.634712563 -441.608267892 73.2627876474 -169.268193858
-108.354526357 -446.753039097 76.6356402739 -169.303724925
-89.7722224008 -451.428574074 79.3899384626 -169.249244557
-69.5294490243 -454.415230422 82.2264772786 -168.651570994
-49.9612135893 -457.042261521 84.9548072591 -168.127138378
-30.0963349967 -459.033831242 87.960998082 -167.521655417
-9.50667820501 -459.654969784 90.8844201261 -166.581174119
-0.450705390924 -459.724131991 92.0884566557 -166.265365452
0.203066162277 -479.625121003 91.2034961227 -168.539361404
-0.221902583436 -480.105417265 91.2629279252 -168.712516728
-15.3570312766 -479.819050356 89.0141073665 -169.293094217
-19.9242544394 -479.281607124 88.2812592488 -169.428240658
-39.5966421064 -478.020243503 85.5476125657 -169.994671953
-45.4863513944 -477.945400574 84.5440581368 -170.626688158
-59.8730844828 -476.159349778 82.4580670567 -170.741163993
-74.6649698053 -473.989556417 80.2327859957 -171.025031188
-79.5962652169 -473.046518555 79.4131651107 -171.09953755
-99.7092262193 -469.74972676 76.9581756811 -171.834530665
-103.886143849 -468.52121423 76.1359905529 -171.747723968
-118.615042615 -464.853890954 74.0124028172 -171.776725356
-132.471264257 -461.077224464 71.9906466639 -171.824562794
-138.282681424 -459.790434723 71.2051804184 -172.221645024
-156.324808045 -453.430617397 68.6324991092 -171.826689001
-161.26472433 -451.889736754 67.6541111627 -171.943896946
-175.40517133 -446.37378074 65.6187088134 -171.640988986
-189.401821809 -441.44725628 63.862302676 -171.582928992
-193.839184195 -438.859109987 62.9566912709 -171.230577681
-211.981727598 -430.26629139 60.3074975089 -170.565216406
-215.937522944 -428.510709722 60.3009716838 -170.655198159
-229.577532299 -421.092433744 58.2332222452 -169.868887315
-242.21566705 -414.268632238 56.4898334964 -169.307213409
-247.534247 -411.607251729 55.6665293511 -169.627823765
-264.251637764 -400.602974308 53.0537325275 -167.980231537
-267.419504374 -398.409152635 52.4550832118 -167.877177859
-281.358839332 -389.877124633 50.4872236122 -167.001277582
-291.528039542 -381.026499646 48.7549516501 -165.87848611
-296.386253379 -377.346868807 47.9441076389 -165.172016993
-312.594776879 -365.133006434 45.8735115669 -163.944912316
-314.797721502 -362.118267585 45.0185531573 -163.378490618
-326.924699954 -351.439530864 43.2950235648 -161.572328655
-337.122084299 -342.269759032 41.7995432864 -160.167261997
-340.815822067 -337.564395346 41.0565430151 -159.181123648
-354.908906956 -323.081863046 39.0186333708 -156.5226509
-357.666302737 -320.621816543 38.6528368526 -156.2635292
-367.83801051 -308.031682618 36.7675570241 -153.495664127
-376.766785832 -297.55378999 35.1832280069 -151.110942128
-381.181424246 -292.721450439 34.5138407497 -150.139833205
-392.039250578 -276.36626337 32.3024745237 -145.592397036
-394.508776649 -273.635146755 31.9813524312 -144.939117154
-403.770051562 -260.095636823 30.2833715631 -141.044859198
-410.519655301 -248.467695036 28.6423481667 -137.55702995
-414.467321828 -242.872925374 27.9236909173 -135.569605796
-424.040617618 -225.579928973 25.8094815116 -129.573560396
-425.279916542 -222.498285973 25.0974597579 -128.587334944
-432.957630431 -207.693275701 23.5238789612 -122.47930535
-438.396490512 -195.879849159 22.1771262638 -117.797758739
-441.264910742 -189.589216007 21.889531426 -114.919350819
-448.433215499 -170.949107329 19.6219122884 -106.269014389
-449.904929137 -168.159279673 19.3441491998 -104.981439992
-455.430453036 -152.288002991 17.7292064046 -97.0076628603
-459.27881762 -139.779664279 16.2251645049 -90.383967794
-461.153553675 -133.145046281 15.529714489 -86.717037071
-466.406398224 -113.860947068 13.978358499 -75.6421037094
-466.787620726 -110.992272967 13.6194060421 -73.9180223589
-470.591582813 -94.3343474126 12.2958665078 -63.4152131791
-472.806706328 -81.8365911569 11.3862854442 -55.5794253359
-473.732319208 -74.662329902 10.9454175221 -50.7861210193
-476.838789661 -54.8653892993 10.2952549254 -38.2826839801
-477.270301494 -52.2427388015 10.2993868813 -36.7835563483
-478.572073121 -34.9403788541 10.3344945373 -23.2393751113
-479.558741746 -22.4030410165 9.93472048539 -13.5774420586
-478.980389721 -16.0166963173 10.9779318178 -7.88659716835
-478.862262286 0.920361747769 7.0052373396 3.31808503077
-478.596423733 0.907008396168 7.18454229087 3.26611660362
-479.453472356 3.8343019173 11.3922901639 6.13276197912
-479.327529026 6.30140898113 11.0704132916 7.5156773774
-475.373907975 25.0068142795 8.58439590288 19.8496573699
-479.263489056 37.0962319807 8.90914766522 25.8871490943
-475.882832578 44.8508329471 8.44019166092 31.4229852576
-475.560595426 64.759620657 9.21610976923 44.2412563015
-475.396612899 66.9676881474 9.40366477601 45.7927880247
-472.39402868 84.3537215902 10.6609027569 57.0422591438
-469.991214223 96.3972944088 11.3310680336 64.7687837322
-468.150806126 103.956875455 11.9960383147 69.6298026619
-463.727247517 123.353317278 13.7166404668 80.6476503999
-462.896535779 125.48075769 13.7520409036 82.0660460143
-458.092945049 142.592827244 15.6438813624 90.5658443208
-454.352727403 153.922588 16.7544680424 96.7101474282
-452.129508428 161.745443396 17.173050503 100.462201917
-445.11576671 180.27449284 19.1498242531 109.129045601
-443.866114176 181.872427615 19.4274174403 110.01301149
-436.774429331 198.794790764 20.7863520681 116.94647433
-432.163351498 209.328546257 21.9515057656 121.165207741
-427.981776635 216.536323801 22.8880457747 123.971002419
-418.730870756 234.48748181 24.4570451349 130.616871436
-418.340864581 235.737716847 24.7918410391 130.552921235
-408.352144946 251.410912868 26.7272261539 136.181910131
-402.57462922 261.532305736 27.7642741195 138.983234471
-398.497319642 268.395355823 28.4819076267 140.641172319
-386.028282483 284.492865336 30.6896919366 145.280750708
-385.50878154 286.169106615 30.4693160605 145.798133855
-374.495369889 300.422616897 32.6337544056 148.757154816
-366.462470394 309.11994894 33.8545832798 151.064320734
-361.379109702 316.069604996 34.6406341892 152.423634889
-348.5511444 330.555171303 36.6944713003 154.98783662
-346.511570049 331.295353035 37.0460174257 155.56849492
-334.183624424 345.086053468 38.7272916401 157.909585355
-326.485020515 352.505188925 39.7042534885 159.05274653
-318.983690425 358.143870384 40.9600131645 160.192745018
-304.135606378 371.425789149 42.8926731222 162.105926764
-303.610613296 372.163063043 42.9432190988 162.042511163
-288.355144338 383.555448336 45.3268344596 163.859791653
-279.703071376 390.212526767 46.3294466907 164.59999992
-272.613235646 395.329943658 47.4163112288 164.968153379
-254.968667675 405.870649702 49.8533831801 166.262061135
-255.107287359 407.067622949 49.6348072951 166.546143172
-238.400535773 416.528628765 52.1162946948 167.5682087
-229.342122337 421.819432244 53.2661702589 168.088434259
-220.710904098 426.002106885 54.5951061052 168.567336973
-203.378197024 435.189942602 56.8246574551 169.387998737
-202.745318144 435.26153488 56.9967837292 169.160099139
-185.518385659 443.249906029 59.4721738755 169.684630457
-174.934768133 447.087635561 60.9396897392 170.31275941
-166.314850115 450.262830489 62.112625571 170.540007232
-147.365969343 456.689944775 64.6315358789 170.619906319
-146.635300533 456.531486359 64.8802966204 170.801299422
-128.205205063 462.474875242 67.5544493208 170.968025681
-118.250829766 465.365801535 68.8226355969 171.011432533
-109.46376897 467.6956964 70.159634475 170.936007254
-89.7415393963 471.732475677 72.7714193938 170.638620567
-88.9196515658 471.695087435 73.1451456994 170.849836275
-69.7783668565 475.033458921 75.7069871825 170.753701347
-59.813411503 476.412168513 77.1775149656 170.353674712
-50.2335651683 477.512237036 78.4825463666 170.148437779
-29.56218858 478.818882323 81.4337848301 169.776549712
-29.7879334092 479.220433771 81.4525840422 169.80474057
-9.86382147771 479.830193215 84.3413125002 169.190914039
-0.0765080694405 479.94125172 85.8021314618 168.615203241
0.31443436268 480.054416834 85.7053496241 168.869777413
0.152847337658 499.902462727 85.0560061669 171.04648756
-19.5692553486 499.225944173 82.3300945753 171.455342383
-39.7795624491 498.592081334 79.2599887926 172.247615632
-59.8636899349 496.385462497 76.4293145162 172.416195281
-79.1049442034 493.661688982 73.7693736 173.090889129
-98.6809393319 490.11590723 70.8869017413 173.229051626
-118.889317717 486.074445463 68.181278926 173.209503148
-137.37460002 480.730517568 65.7956385708 173.415836991
-156.626701317 475.206783412 63.0568482464 173.185913535
-175.537425767 468.453467427 60.2911004225 172.675124514
-193.171873114 460.731563961 57.8622043599 172.444122461
-212.15235583 453.24048802 55.1407224941 171.916991569
-230.22939951 444.130539831 52.7504734182 171.027449935
-246.720234699 434.720557862 50.5003099946 170.399625232
-263.975040433 424.68176243 47.8873323174 169.400230174
-281.376575793 413.738564847 45.6721603705 168.046440079
-296.547580743 402.04080134 43.6381985943 167.00665489
-312.598149343 390.244594674 41.4043128517 165.264688775
-328.977943802 377.535448862 39.1406021488 163.214594491
-342.083437836 363.76080848 37.21689732 161.639030444
-356.514412833 350.304066414 35.0094204356 159.253251139
-371.079983643 335.749817955 32.8515215654 156.604970079
-383.145277813 320.446066983 31.3062664302 153.347980879
-396.094597825 305.460355351 28.8403814087 150.155264671
-408.174208776 289.171880725 27.0213397955 146.101827451
-419.321274275 272.693744749 24.9423816901 141.763416529
-428.961262917 255.652233347 23.3320680731 137.120960888
-438.902728918 238.421637201 21.1007107955 131.542570028
-448.247222097 221.019125878 19.0561260037 125.497014434
-456.268090662 202.892442267 17.255507758 118.466667868
-464.413912158 184.600226868 15.4340723992 110.680120222
-471.400365291 165.98192631 13.885628583 102.074009702
-477.590350543 147.007993017 12.0245414926 93.0482131639
-483.046631997 127.864563573 10.6694641896 82.7434618095
-487.904471696 108.544487721 8.67868319745 71.9049920483
-491.816181648 89.0195279749 7.31480811733 59.6348481512
-495.016848461 69.3663974644 5.71407630271 46.610636858
-497.264494008 49.615158786 4.35659358556 33.2127059213
-499.080643959 29.811532424 3.8771806907 20.3033576529
-498.798700274 9.42531159328 5.35677930984 9.88949211626
-500.442470785 -1.10595472696 7.35034740983 3.10421058512
-502.050695058 -9.02941150387 4.39893867929 -4.94568932497
-497.065309766 -30.0830965283 6.77431407498 -17.4225821044
-497.199844611 -49.8974404168 7.29715352279 -33.7275360617
-495.322509234 -69.4518220711 7.32883691687 -46.9951491578
-492.645263196 -88.7947179936 7.83855026925 -59.4697862769
-487.956662935 -108.589349803 10.2366929507 -71.4546296459
-483.243573517 -127.919542059 11.6059772425 -82.7599435464
-477.948209071 -147.065599099 13.6331205102 -93.3668304418
-471.750250453 -165.921259676 15.5110282995 -102.749432128
-464.759958259 -184.537043382 17.5848015227 -111.552010382
-457.361904197 -202.862574452 19.536613802 -119.843569012
-448.857753007 -220.813121527 21.5336063941 -126.881095796
-439.793595221 -238.682734849 24.1032103826 -133.407860736
-429.763356721 -255.897832416 26.0836185691 -139.360749583
-418.906527645 -272.518560769 28.0089110239 -143.986853131
-407.477019529 -288.927200653 30.0721841523 -148.703475829
-396.047822186 -304.993603197 32.2143298774 -152.605504745
-383.73877918 -320.739473514 34.6900778052 -156.095424914
-370.183807012 -335.434906749 36.5365039204 -158.724604144
-357.332675503 -349.895004615 38.4332130867 -161.353996113
-343.251586274 -364.17175521 40.8723508309 -163.694902857
-327.59522414 -377.214169128 42.8311040548 -165.583761741
-313.041774783 -389.886911786 45.1745151101 -167.234781413
-297.636393965 -402.4668231 47.9411377043 -168.901550747
-280.370394099 -413.409038377 50.1175128793 -170.01890902
-264.291067137 -424.34791511 52.3965790892 -170.985348424
-247.642170633 -434.436977309 55.4204526126 -171.986898468
-229.915693045 -444.273496224 57.972219727 -173.055765243
-211.542458871 -452.719494366 60.5251628275 -173.295037993
-193.439692324 -460.658803644 62.9884219304 -173.831362354
-176.003038005 -468.619529968 65.5946253695 -174.277866595
-156.561259135 -474.793691282 68.125485592 -174.28825116
-137.415578068 -480.521289836 70.8598578939 -174.270965139
-118.781021435 -486.134883574 73.700331329 -174.264446555
-98.5395386305 -489.94169319 76.2974656897 -173.780054001
-79.6662951686 -493.441494185 78.8726314761 -173.430566072
-59.8989807285 -496.56384567 81.9277281109 -172.929208136
-39.3052007441 -498.058621354 84.5561565498 -172.408284178
-20.0933607288 -499.375763786 87.4042265007 -171.53621111
-0.329835329739 -499.994755565 90.0480838867 -170.963260159
-0.0785689193895 -499.82897652 90.0366491304 -170.82475226
-0.113569905972 -509.788719365 89.5468511549 -171.955239043
-29.6666331537 -508.708420564 85.4449932453 -173.102565889
-59.6530723018 -506.148409297 81.0490596555 -174.016359606
-89.6019322424 -501.972767796 76.9054571321 -174.749051873
-118.863478568 -496.056140186 72.892409847 -175.327824573
-148.025665982 -488.327747236 68.7144057415 -175.457510386
-176.662040997 -478.92636462 64.7446844548 -175.330307078
-203.781948566 -467.21879851 61.0704207033 -174.804665192
-231.409196846 -454.9857772 57.7216519056 -174.262521597
-257.565017051 -440.609612459 53.7757579694 -173.276186724
-282.322118132 -424.376748306 49.8392329072 -171.572549902
-306.705841291 -407.099332926 46.1265977581 -169.669489877
-330.251727063 -388.451008335 42.5648627336 -167.330036042
-352.854740642 -368.770366644 39.3296063273 -164.759006571
-373.305033827 -347.041022501 35.6804223446 -160.965077165
-393.959161755 -324.577565442 32.7234834989 -156.657493325
-412.236669809 -301.268634552 29.6179605142 -151.618650029
-428.528970187 -276.192500727 26.2122604997 -144.959460172
-444.258626958 -250.692626793 22.989696996 -137.231006345
-458.192706736 -224.415941415 19.9437059706 -127.893523635
-470.422618959 -196.890868905 16.5369143147 -116.575846818
-481.108987306 -169.070353366 13.7745719815 -103.794565033
-490.457333322 -140.577374863 10.8370030856 -89.1017261984
-497.645581701 -111.438073028 7.97920522594 -72.619275959
-503.444821496 -82.053446039 6.0748337406 -54.2876768227
-507.344194843 -52.3811862201 4.96390325966 -35.632989077
-509.476234666 -22.4870892089 3.95530090782 -12.51982168
-510.120394156 0.983788919413 1.60817365534 3.44156425581
-512.394490514 8.36913987252 1.77046884819 6.9886061966
-508.415937957 37.3619392001 2.5485792345 24.4492591127
-505.546947633 67.2498663904 4.25371778844 44.9711767609
-500.891375753 96.7082624127 6.67978135519 63.776605026
-493.980456244 125.87856626 9.19233851976 80.7508845092
-485.599505565 154.859073775 11.3247983409 96.5264025824
-476.127434432 183.065135584 13.9302524414 109.557844096
-464.073715776 210.595492427 16.7445931084 121.020944068
-451.002689256 237.849320856 19.1669281664 131.079947653
-436.609395373 263.65121258 22.2692979178 138.951965166
-419.396588005 288.625781 25.3609277366 146.35443026
-402.731641876 313.383155701 27.981116369 151.950562195
-383.838029664 336.201090203 31.1976284409 156.295793532
-362.747402063 357.898311767 34.4594247204 160.627191392
-341.402960401 379.159769263 37.150058404 163.935436448
-319.104545097 398.077240016 40.5697202016 166.10435725
-295.189818929 416.183387725 43.7394508923 168.528274147
-269.642970481 432.649948539 47.3783925937 170.686746347
-244.132835872 447.896608959 50.8358492435 172.072629457
-217.619586887 461.660749297 54.4210417594 173.131857551
-189.961469539 473.338782406 58.3877089552 173.771159484
-162.012353943 483.459049979 62.0859709864 174.158189872
-132.797271622 492.05067989 66.2843180806 174.293050705
-104.2392613 499.203915386 70.2708988709 174.128957912
-74.7777081206 504.51229898 74.2816931914 173.694387397
-45.0907809551 508.593485607 78.3333352677 173.410527608
-15.2466992394 510.029816874 82.7114158457 172.432210118
0.169767781393 509.730292092 84.9358366151 171.941522683
-0.0865229841825 520.004827541 84.6510429402 173.090908904
0.0137760574722 520.057213902 84.6321458254 173.106017133
-20.2196364265 519.875745237 81.5540001556 173.781007628
-39.5347333893 518.274438482 79.0366713251 174.325087091
-59.5342623099 516.576735289 76.1014579548 174.811065653
-79.743466045 514.212805018 73.0854002066 175.21177856
-98.7587929486 510.173764921 70.8102125151 175.425746407
-118.114903283 505.938798026 67.8943695827 175.490312229
-138.016872158 501.28736945 65.1647387658 175.361545788
-156.649074015 495.719147372 62.514324635 175.437823349
-175.707897577 489.407910867 60.0571735723 175.288165707
-194.73516303 482.335032832 57.3511134923 174.714829468
-211.968424842 474.010350056 54.9593834982 174.501213748
-231.064537579 466.484172553 52.2012555111 173.723700295
-248.605076425 456.704574563 49.9530395626 172.74392154
-265.576164746 446.896860454 47.6541211081 172.236281381
-282.603009053 436.737068846 45.2655555947 171.106675134
-299.841505347 425.416351162 43.0232176484 169.553811676
-314.282036924 413.341036199 41.1105819674 168.60092798
-330.735408033 401.631557877 38.5247182742 167.079465912
-346.184049383 388.374096862 36.4143515934 165.049051677
-359.699467619 374.515983039 34.6576908633 163.486522837
-374.578190298 361.053311639 32.249813654 161.153628554
-388.54792658 346.092228142 30.2928844123 158.202034968
-400.40710357 330.79254587 28.5463914525 155.853549515
-413.280948744 315.666108135 26.3757157912 152.43139329
-425.074867088 299.462020521 24.1335362242 148.988640974
-436.694589209 282.786570255 22.279285278 144.310606767
-446.371152822 265.654066302 20.4274576033 140.261106767
-456.141924341 248.37628374 18.5034926455 134.919435297
-465.751914669 230.997128359 16.4362175047 128.61036002
-474.418565798 212.907979072 14.569960298 121.845108153
-481.70097106 194.532560499 12.9553997391 113.979144198
-489.008072397 175.912744575 11.1703006468 106.028735402
-495.378329133 156.991959554 9.55592475823 96.8268092594
-501.047760056 137.840034409 8.01627530364 87.428804529
-506.287684338 118.560660753 6.44634231628 76.6815156598
-510.282782597 99.0142497606 4.86084161502 65.2878245326
-513.620479377 79.3973813803 3.47148866382 52.6993243457
-516.14769552 59.6480848533 2.26418050442 40.2995157359
-518.375749995 39.7914404012 1.22751510964 26.4954624648
-519.535491172 19.9301831849 0.891124420122 15.1316079751
-519.616031491 -1.14697692986 3.93266079095 3.42189590471
-525.029352568 0.278379643339 1.75736758644 0.945618953532
-516.259321918 -20.0758822819 2.92905665468 -8.52249522901
-518.359094829 -39.8740962753 3.15759004813 -25.8715516406
-516.327178564 -59.7450239325 3.81874412349 -39.3274005946
-513.645946157 -79.8293468697 4.89717087959 -52.2472921298
-511.904218617 -99.1598200166 5.8382132794 -65.0614897685
-506.66634034 -119.006391454 7.70574024222 -76.0501650805
-502.290516891 -137.884634067 9.02390183853 -87.1035266874
-495.631985059 -156.85601501 10.6903090064 -97.2760492479
-489.148193786 -175.796302553 12.412612667 -106.56866909
-482.025225803 -194.321627605 14.5541427671 -115.104702153
-474.37921125 -212.688432363 16.5388895178 -122.601815066
-465.800805655 -230.677285045 18.6466113169 -129.785888403
-456.76036526 -248.307276219 20.7551305156 -136.071500262
-447.155109691 -265.668394557 22.812648751 -141.642708628
-436.78863975 -282.697978511 24.9003091487 -146.532555504
-425.551534789 -299.412862862 27.3781019506 -150.92326777
-413.301081221 -315.142583358 29.2302542237 -154.502513728
-401.021737176 -330.870363884 31.5675750828 -157.693053571
-388.67578581 -346.324123922 33.4445025948 -161.019528705
-374.64106385 -360.514637935 35.2568101422 -163.235289719
-360.457840548 -374.4503439 37.4881008455 -165.449329647
-346.062124697 -388.530821311 39.9277094062 -167.654391736
-330.800760808 -401.024471918 42.081930604 -169.011960833
-314.887560354 -413.206054237 44.4104804881 -170.428250134
-299.629947553 -425.638007888 46.96028657 -171.984704071
-282.72419857 -436.422924077 49.1213570229 -172.815277641
-266.198134194 -447.168011047 52.2472796038 -174.085256049
-248.08268137 -456.538062954 54.5908297449 -174.747800382
-230.405096029 -465.673224735 57.1717083162 -175.202643802
-212.742867745 -474.620362477 59.5310204424 -176.084231287
-194.525313412 -482.141841638 62.0274005499 -176.276233979
-175.821316568 -489.013007141 64.6520782312 -176.281800768
-157.145208313 -495.909332466 67.3459927832 -176.673767766
-137.67917672 -501.206823535 70.0161390931 -176.343615079
-118.363883895 -505.915457771 72.4500615219 -176.240041746
-99.5116683323 -510.648869601 75.3234529811 -176.191959973
-79.4088804262 -513.665677225 77.900786898 -175.734738629
-59.7502351331 -516.292062816 80.6834221008 -175.118506452
-40.5002826706 -518.617999948 83.5874406723 -174.68381592
-19.8904189624 -519.455129516 86.289238571 -173.851211765
-0.010192390617 -519.752701141 89.0489380952 -173.085179228
-0.224320305458 -540.014213726 88.1233429828 -175.251790094
-0.337457553994 -539.972693258 88.1456722065 -175.110302908
-30.0104411509 -539.169911268 83.9418737879 -176.315285781
-59.5282702132 -536.343663925 80.324619787 -176.874310961
-89.0394748927 -532.336175151 76.0931467941 -177.631981893
-117.95286449 -526.6398265 72.1712346303 -178.140625138
-146.948303671 -519.205122138 68.0595444874 -178.48028
-176.151500485 -510.96392874 64.15076993 -178.800118524
-203.587049173 -500.618886391 60.2989015816 -178.531705579
-230.35654944 -488.138305569 56.2033460708 -177.699057001
-257.193143353 -474.775751485 52.6507313313 -176.898007053
-282.737038722 -459.809211415 48.9103266335 -175.675970239
-307.541294811 -443.512131756 45.3102540774 -174.042998956
-332.047265729 -426.538388139 41.8599994578 -172.824193707
-354.267309034 -406.94025677 38.1839733411 -170.136895622
-376.33498954 -386.888787812 34.8721099993 -167.321395673
-398.050964862 -366.100763445 31.7291748467 -164.349358087
-416.654002167 -343.027134685 28.3352453854 -160.224373865
-435.032632925 -319.719941211 25.5927090668 -155.098615219
-451.512123535 -295.293491423 22.8327783422 -149.551029683
-467.728955877 -269.953339723 19.7844104167 -142.234409797
-482.281762653 -244.147366501 16.7685773803 -133.953887447
-494.275606959 -216.852855793 13.4165156916 -123.600662051
-505.577651567 -189.416153712 10.2791857909 -111.625564457
-515.251962224 -161.358515396 7.59019788304 -98.5493573804
-523.461139983 -132.582180175 4.64997250904 -82.9644188677
-529.733196797 -103.667277557 2.26161513412 -66.0490768397
-534.885989886 -74.2561128654 0.642289850792 -48.4827193281
-537.745831438 -44.6649459369 -0.012984466581 -27.9837375699
-542.48083526 -15.3920952851 -0.303813014929 -7.58261801249
-542.820283896 -0.724070422219 0.0961578273455 2.16038642602
-542.678163838 15.6439508984 -2.97809512065 11.5480478449
-538.039054309 44.6746409723 -1.37070601305 29.9276704914
-534.826620029 74.1216607026 0.411246816964 49.1482071485
-529.731781168 103.55335922 1.88817271837 67.4888576613
-523.281044223 132.655377694 3.74243432393 83.512568937
-515.39278136 161.192435631 6.1360926485 97.9340763208
-505.504355365 189.28946371 8.83479302267 111.33712546
-494.387310178 217.221955848 11.2578714079 122.603031612
-482.193542689 243.928528899 14.1045556074 132.290429853
-467.300306756 269.931326085 17.2726099807 140.85674547
-451.831009244 295.762632944 19.9152190428 147.686673364
-435.686072518 319.948623093 22.9569769787 153.012627335
-415.874555045 343.039351366 26.1695747911 158.349854358
-397.458615845 366.250391305 28.8487632501 162.241858043
-377.049703936 387.186120712 31.9352138145 165.171532878
-354.22205699 407.192439039 35.2043442815 168.271308854
-331.443502678 426.452825945 38.1525113161 170.785620904
-308.272146697 443.800527798 41.4030873607 172.45348627
-283.117322687 460.134680645 44.9149531708 174.020553858
-256.584521714 474.777703504 48.3400769758 175.657336897
-230.648687707 488.893579774 51.7754244375 176.245157154
-203.343900337 499.920920121 55.7846425166 176.727180397
-175.817244867 510.866572811 59.4841381838 177.168952262
-146.988337295 519.70176607 63.3089311148 177.866006714
-117.860644835 526.701325154 67.3550614469 177.511015082
-88.5499231642 532.410099588 71.3116475887 177.334755762
-59.4262243191 536.738257736 75.4935503706 176.745816644
-29.9991337203 539.380851978 79.5840388466 176.127278445
0.243633841916 539.815999411 83.9390803278 175.082967987
-0.472150571478 560.351431151 83.2448230449 176.981783641
0.219533059882 559.852597478 83.1720108653 176.922979108
-19.9079228681 559.906205728 80.258128938 177.80940494
-40.0802458844 558.436449665 77.7791090614 178.193316534
-59.3913181658 556.539489247 74.8786579969 178.944347653
-79.6841530033 554.3946199 72.1472050754 179.172045021
-99.4776786745 551.04952272 69.4652940555 179.256551784
-119.002348669 547.359486757 66.6131945282 179.551481798
-138.94489876 542.778492364 63.9427154473 179.491587806
-157.182864829 536.930203697 61.6108186368 179.702352079
-177.077081743 531.57058813 58.7388415335 179.529977039
-195.905408394 524.584771737 56.2504608394 179.099610513
-213.692047746 517.134440017 53.8353258491 179.286616277
-232.454629081 509.477078691 51.2487264282 178.673303041
-251.412858337 500.836183319 48.6419107858 178.130427614
-267.639402596 491.271325093 46.6240529448 177.71427665
-285.708462616 482.032743643 44.118854181 176.782048275
-303.04709076 471.024122176 41.7012244859 175.728282989
-318.964923396 460.046862128 39.6647606201 175.040502486
-335.479734021 448.519523219 37.2848800364 173.672937908
-351.471052413 435.958459487 35.2930260733 171.968079727
-365.812212718 422.927513269 33.3468275313 170.920593085
-381.003779776 409.834679211 31.1842965864 168.882528797
-395.938982541 396.446286174 28.8790738119 166.838506628
-410.101036745 381.650781947 26.9259835121 164.369699372
-422.484906458 366.600186447 25.1441022167 162.305565886
-436.020961028 351.826132791 22.9694704263 159.840695487
-448.608778709 335.643325209 21.0902449231 156.180592941
-459.405273606 319.285663175 19.2464530582 153.330445228
-470.264901203 302.610523909 17.3482769698 149.208063166
-481.217858963 286.171419504 14.886176266 145.132750365
-491.716679483 268.515419002 13.0180275114 139.950837668
-501.030379497 250.802226964 11.1404119482 134.241377105
-509.170227247 232.554444773 9.39434550974 128.297571899
-517.199128208 214.188955726 7.71094509837 121.33644183
-524.08095018 195.643366242 5.77182193055 113.918601703
-530.751723783 176.711849495 4.03715117392 105.377338471
-537.408653324 157.785949917 2.42938721886 95.5851223508
-542.617240502 138.512833441 0.707730447845 85.6659484665
-547.190341437 119.006389463 -0.599571907046 74.849168135
-550.661809996 99.3303015857 -1.74685021839 64.1370270685
-554.469153969 79.690328597 -2.98120475669 51.909480587
-556.795992486 59.8294829383 -3.50681085317 39.6912386796
-558.564242248 39.8745278548 -4.31259866923 26.8273705036
-559.170230206 19.8497796155 -4.64759835992 15.048421313
-563.907444191 0.769241332587 -5.30390311459 1.50714817434
-562.308789072 -0.842869647038 -3.04005192225 2.91953105269
-557.615885926 -20.7084355393 -3.33031518798 -9.00574082078
-559.916081182 -39.9271760572 -4.4920029491 -24.7637110874
-555.776316918 -60.5412280305 -2.91684096399 -36.5354592471
-552.062493432 -79.5590790884 -3.03463611092 -49.3919731347
-550.700505404 -100.084320748 -0.367613412489 -62.1717260193
-547.095988156 -118.992719378 -0.215886989787 -74.723336877
-542.573378748 -138.453383581 1.55621499177 -85.4651930425
-537.174008049 -157.767816118 3.40199400249 -95.4061908907
-531.237280797 -176.786897332 5.10710499018 -104.82821778
-524.437052151 -195.652499988 7.24423680817 -113.447158141
-517.133133123 -214.281429096 9.09254025193 -121.457854037
-509.000191962 -232.521545911 11.2296788985 -128.450554705
-500.761106728 -250.797402406 13.3431648331 -135.553737497
-491.949444223 -268.397527357 15.3920260937 -141.026681364
-481.796474645 -286.106583056 17.9057917621 -146.126980432
-471.543099539 -303.016434254 19.5609640815 -150.961955916
-459.714313799 -319.171148729 21.3733509639 -154.632213199
-448.362307089 -335.589660782 23.5766822623 -158.392713095
-435.956126364 -351.33198343 25.304968664 -161.240710369
-423.133387954 -366.550274238 27.3038861453 -164.024016451
-410.703120017 -381.953643837 30.1017910994 -166.894483821
-395.80836439 -395.749924583 31.9390598628 -168.839231735
-381.090951113 -409.679220443 34.2035300359 -170.441484492
-367.836586148 -423.701129867 36.3781388248 -172.473378931
-350.880121325 -435.885222562 38.5359466894 -173.843930127
-335.396312793 -448.022934629 40.8297208081 -175.03652015
-320.041913631 -460.334228808 43.2418332918 -176.541123723
-302.445384026 -470.901642188 45.4348907875 -177.261577748
-285.887326562 -481.39951823 47.7848969914 -178.139891295
-268.730666312 -491.681049352 50.2045569643 -178.98548978
-250.699177537 -500.702951634 52.6359093156 -179.470064877
-232.437296882 -509.170813618 55.6044032483 -179.818269898
-214.407525919 -517.08154523 58.0775701671 -180.03109182
-196.393205588 -524.962576573 60.4841480141 -180.686703539
-176.624305304 -531.112627187 63.2237156173 -180.584932554
-158.144337462 -536.975882816 65.6789985458 -180.392330705
-138.664948604 -542.64030069 68.2755419883 -180.594367395
-119.041968498 -546.907748164 70.950147287 -180.222611291
-99.1976973696 -550.721757552 73.5374517972 -179.90581279
-80.5619184925 -554.521190844 76.0660838271 -179.76471714
-59.7917412518 -556.437845407 78.9669486004 -179.0364211
-40.2569945658 -558.395051476 81.422064869 -178.472892268
-20.3978650033 -559.837222224 84.5373783881 -177.973430371
-0.0605877184965 -559.687522881 87.0251155258 -176.956783108
-0.683257238992 -570.10895263 87.4546275801 -178.03653422
-30.2023283419 -569.199405267 83.1723687165 -179.0793695
-59.7937642129 -566.993453096 79.0002207814 -180.231351344
-89.2867585788 -562.703898038 74.8038800123 -180.748585092
-118.448148121 -557.288495114 70.5646462681 -181.217045176
-147.446522023 -550.273899817 66.6271859763 -181.638211271
-176.15417624 -541.726323259 62.6464409084 -181.436446672
-204.716411253 -531.794745248 58.5992001141 -181.346457397
-231.494094246 -520.287238595 54.9667614106 -180.829931087
-259.475102779 -508.142682702 51.2671232107 -180.574811388
-285.707321017 -493.912818265 47.6184915755 -179.607237695
-310.55159309 -477.83995163 44.055039925 -178.155676985
-334.540648163 -460.894651853 41.3357385045 -176.594815605
-358.494219958 -442.690898355 37.4599844605 -174.764072803
-381.445974387 -423.502863333 34.0786191584 -172.518805688
-403.675188385 -403.470140731 31.0637423392 -170.110872596
-423.167594696 -381.224984849 27.5465960784 -166.538439791
-442.679004563 -358.603640312 24.6329103033 -162.56904685
-461.454332588 -335.318579505 21.7843529694 -158.254497568
-477.81625659 -310.261931752 18.2539294407 -152.568781113
-493.754660854 -284.99359649 15.3535979786 -145.615040475
-508.215404819 -258.984390197 12.4904791877 -137.761782935
-520.732333502 -231.707074147 9.10178953784 -127.801784315
-532.203293219 -204.436380807 6.31056711756 -116.722701296
-542.332558404 -176.247581394 3.62632798941 -104.093406011
-550.708674709 -147.726891197 0.909908642178 -90.0499378841
-557.406967434 -118.526513621 -1.80165266761 -73.4724067347
-563.048061004 -89.2834375713 -3.36157723125 -56.5137164171
-566.824665851 -59.6664738526 -4.97836254023 -37.4245423264
-569.370832461 -29.8614927693 -5.58840330936 -16.9160164057
-567.090473707 0.618484560705 -7.22753025855 3.53531046989
-571.467725331 -0.986830933213 -4.56703851487 2.68757477206
-569.073028442 29.7703979804 -5.9700156338 20.4682843906
-567.176979119 59.9589965628 -6.32309346154 38.9205982891
-563.030490354 89.0836818135 -4.19142292361 57.2144180343
-557.528082871 118.440846134 -2.5158683337 74.5706086704
-550.101721539 147.64184766 -0.458963137112 90.0415722872
-542.098716789 176.087200413 2.07162813664 104.494716647
-531.715038393 204.13518889 4.97199120626 116.887498454
-520.32165313 232.185632102 7.37921939386 127.634519858
-508.36548415 258.921605928 10.3691693893 136.543324622
-492.592572666 284.883625366 13.4244495476 144.583481765
-477.557918595 310.844499056 15.9487722169 151.30193055
-461.758980062 335.233546759 18.9198622101 156.41337157
-443.705036789 358.804021336 21.9395189391 160.610129208
-422.787718761 381.315956494 25.1355615999 164.804151561
-402.417912574 403.396653817 27.9396940362 168.082810809
-381.744959966 423.52648858 30.9341514132 170.476444252
-358.167788452 442.872612452 34.2558826437 173.273176576
-335.015994264 461.721043914 37.3751251519 175.218818884
-310.040866839 478.155514757 40.6427072934 176.723985896
-285.690486049 493.93699566 43.8896749292 178.007906603
-259.272089502 507.958860395 47.5490025636 178.905813192
-231.37140948 520.467409209 51.3631241656 180.031334552
-204.581501752 532.54242994 54.9243901021 180.170487274
-176.236562755 542.029646098 58.7880736078 180.375283802
-147.758526392 550.620360878 62.7983370304 180.496680927
-118.959462628 557.706831362 66.4839076851 180.281188928
-88.6836914475 562.597725522 70.7122925776 180.261394733
-59.3011655885 566.733857162 74.8191813735 179.649899906
-29.5562819697 568.93382979 78.701944588 179.052427376
0.429435237342 569.579595371 83.1097571513 177.958529279
0.259995260584 569.973867667 83.1791951219 178.050102703
-0.184083811351 579.955956748 82.608371747 179.000986001
-19.9495348801 579.790275473 80.0836017281 179.605752719
-40.1976163298 579.048584445 77.1867225072 180.339766307
-59.6702202646 576.698203379 74.5502851242 180.516900643
-79.9583276842 574.697877425 71.5066668584 181.081171905
-98.5819360844 571.270917036 69.0268020398 181.504685234
-118.805685269 568.011178003 66.3059759101 181.686974485
-138.254756431 563.40013246 63.6828066093 181.581532402
-157.247162775 558.331513478 61.0670866414 181.992981343
-176.521716573 552.869325733 58.4772949086 181.842944428
-195.724302507 546.159166552 56.0676712258 181.266787106
-213.577693785 539.07343388 53.6287743027 181.444946933
-232.140699071 531.686610618 50.8641584879 181.145117825
-251.108829771 523.300143203 48.4781143677 180.434211376
-268.259461074 514.876118841 46.053472905 179.884827244
-286.103562879 504.693050201 43.8385639933 178.880931274
-302.297514374 494.394569292 41.7026994873 178.581770659
-319.523141612 484.25581513 39.3603893598 177.519711329
-336.544192422 472.853041268 37.1546830724 176.430156947
-351.009065664 460.576880497 35.185547139 175.584168196
-367.872804429 449.001372732 32.7050053554 174.032118327
-383.520121182 435.740890683 30.5618711262 172.256240475
-396.587856513 422.016445385 28.9059733909 170.978813011
-412.224520507 408.992950109 26.3454087535 169.209265923
-425.98608077 393.994200734 24.5492229839 166.863636566
-437.891185309 378.923689158 22.7076994435 164.840807518
-450.938749793 363.816827904 20.9085905036 161.990325604
-463.872361148 348.619563239 18.6057873299 158.961096492
-475.774281358 332.43984362 16.6758588353 155.816181915
-487.152449389 315.507627951 14.801824696 151.766210865
-496.494978742 298.461679497 13.1348938255 147.992155912
-506.645173284 281.213052155 11.2258012205 143.381229481
-516.198427002 264.077609721 8.95015028002 138.298244714
-524.795624149 246.184997708 6.78058715391 132.565261141
-533.172804496 227.703736309 5.098784074 125.687438736
-540.939666754 209.336634063 3.21542081677 118.757348034
-548.072223399 190.578153044 1.62582942464 110.640005828
-554.023965629 171.620889258 -0.0439097273372 102.108663307
-559.589691822 152.508500783 -1.75356848429 92.8813050311
-564.152552129 133.134226776 -2.9559928316 82.1344589306
-568.849595978 113.727705147 -4.4118234181 71.5595156689
-572.083994963 94.112734758 -5.62304335024 60.0107819941
-575.320876248 74.4032345434 -6.72438978643 48.3776731839
-577.111145931 54.5725861688 -7.44591104778 35.8735096058
-578.97497839 34.7426164347 -7.96532698922 22.9740203629
-583.453470622 15.3378227089 -8.40726926983 10.3168669187
-574.342152984 -0.609691563536 -7.06045784703 4.90515004921
-583.567229876 -5.1243904338 -7.08986410556 -1.28405582582
-578.552570331 -25.331027248 -7.12291208152 -12.6480022823
-578.351178602 -45.0107923311 -7.79920100574 -26.6882515403
-574.318293702 -64.6933249338 -7.74111016633 -39.115910071
-575.698372323 -84.5167501471 -5.38639123528 -53.7096570054
-572.287266095 -104.197040777 -4.5392566104 -65.1318164885
-566.885881197 -124.193178056 -2.76434614409 -75.9577014957
-562.295288078 -142.887327927 -1.80315601322 -86.5397503748
-557.00493788 -162.221613869 0.117289336268 -96.7582109421
-551.105142937 -181.299090941 1.98910600703 -105.745890047
-544.864707258 -200.04138093 3.99656979777 -114.623227834
-537.446710972 -218.649698079 5.77046257891 -122.115750682
-529.591371964 -237.177840493 7.96743677755 -129.52932538
-520.697835351 -254.711288409 9.73843016985 -135.730111042
-512.604469196 -272.87753579 12.3198752812 -141.799389515
-501.981674568 -289.812974253 14.1027145981 -146.752800928
-491.55744736 -306.914099937 15.9959914174 -151.289652168
-481.242401126 -323.790807577 18.0357269661 -155.475190807
-470.066051393 -340.424564604 20.316982201 -159.137919495
-457.444323768 -355.809543345 21.7666446698 -162.039286158
-445.427534533 -371.382579077 23.7679877123 -164.827207218
-432.916727159 -386.945119982 26.0584172218 -167.793584146
-418.388862223 -401.023966544 28.0233703974 -169.308495378
-404.741810348 -415.192364553 30.0808766119 -171.31272217
-390.90980559 -429.361324484 32.8277960867 -173.968792986
-375.068251917 -441.886892022 34.9004782517 -174.931803533
-359.67264359 -454.65327491 37.1851942165 -176.085719745
-344.656148749 -467.301546707 39.4296579507 -177.819091927
-327.667873764 -478.277380309 41.4306426293 -178.491032597
-311.343043101 -489.041311364 43.6925167737 -179.374505142
-294.646632345 -500.056857147 46.1796381734 -180.425494561
-276.575071111 -509.42962528 48.6587854879 -180.821112344
-259.437597582 -518.639238417 50.6978346181 -181.200242986
-242.451757271 -527.866884429 53.3688607219 -181.991312657
-223.266607913 -535.218310704 56.0465873403 -182.083963905
-204.414342341 -542.260444549 58.5637603924 -182.481630358
-186.325327788 -549.567788838 61.3967757963 -182.709350307
-166.88778799 -555.35681881 63.747612639 -182.656010364
-147.902669603 -560.50362803 66.2224125808 -182.351995281
-129.270109475 -565.871092412 68.7851471796 -182.617231705
-108.68560508 -569.276748624 71.5614644183 -182.067178057
-89.923194483 -572.846738663 73.7562724726 -181.689676314
-70.1095679877 -576.020863414 76.7415855769 -181.457158418
-49.7660812443 -577.62076305 79.3050904145 -180.761904975
-29.8927801073 -578.904803733 81.9845784006 -180.246454753
-9.97552033225 -579.66618737 85.3757313265 -179.22191545
-0.636934493359 -579.889845809 86.4743445853 -179.06545662
0.358912512621 -599.528154162 85.5636638677 -180.914663479
-0.0688569895218 -600.154175781 85.8595487019 -180.972744271
-29.9247242114 -599.024793691 81.4603293166 -182.064710127
-59.7617199924 -596.843653433 77.3296363878 -183.035668536
-89.3224140244 -593.007371385 73.128629826 -183.585187131
-118.937919127 -587.941626089 69.1182521543 -184.209949298
-148.216158432 -581.082307092 65.1511540915 -184.283975033
-177.035448266 -572.92607434 61.1315586098 -184.473478976
-205.235807422 -563.462267579 58.140418188 -184.283299848
-232.708564872 -552.600052278 54.0991441338 -183.822556381
-260.105948087 -540.132826851 50.2943631875 -183.345619064
-287.9104512 -527.239257576 46.872673952 -183.105592919
-313.505232418 -512.416457737 43.2333330524 -182.181630398
-337.240745191 -495.473330519 39.65987644 -180.298788529
-362.202105876 -478.183605299 36.1442489675 -178.890130432
-385.381853543 -459.486567231 32.8503256112 -176.853406304
-408.974485893 -440.24281198 29.6428398995 -175.121579643
-429.6795437 -419.120878115 26.646485804 -172.321130389
-449.58280511 -396.834872047 23.3747070324 -169.106385648
-469.326431652 -374.095523326 20.2668349208 -165.21008016
-487.642899717 -350.574640738 17.4697846049 -161.193698233
-503.854514737 -325.416245546 14.1436605494 -155.477889726
-519.724525681 -300.04026456 11.3509734762 -148.797531864
-534.124066148 -274.006493382 8.49626517186 -141.315322796
-546.448008955 -246.743724316 5.16207382328 -131.900519131
-558.707962163 -219.366066644 2.1876404708 -121.702771929
-568.761351714 -191.415397353 -0.53808390133 -109.465993256
-577.77068916 -162.609078394 -3.22840940398 -96.2559171189
-585.129526272 -133.665022196 -5.7691027385 -80.7929624375
-591.029797855 -104.223973547 -7.78555360986 -64.0975656985
-595.086663409 -74.7384908682 -9.60092605305 -45.1147759276
-598.07523356 -44.9452834796 -11.4212660073 -26.7781031571
-602.766318075 -14.4894558272 -11.6863852285 -6.9910930775
-598.449069207 0.679164352954 -11.9345324982 2.99096051807
-597.80995037 14.2189632406 -10.3602466134 12.3963952203
-598.581611806 44.5338722996 -11.1276429674 28.8859476821
-594.923795281 74.5153489076 -10.4158782522 47.678158052
-590.852537101 104.108958567 -8.45674235544 65.7971541073
-584.558962943 133.555113275 -6.54302139208 82.2390539602
-577.602987194 162.506469568 -4.26613120574 96.9883847271
-568.150061595 190.90543606 -1.58933771583 110.51677631
-558.895629687 219.29395551 0.543455552071 121.50767428
-546.308077186 246.643171658 3.62675955847 131.845201845
-533.818853323 274.141582646 6.11209923773 140.711368345
-520.104113031 300.100963724 9.20506849901 147.689810899
-503.180530898 325.410181286 12.2647474052 154.498432506
-486.628219771 350.760957141 14.8695743408 159.738758284
-469.375018884 374.149528782 17.7897266332 163.813719029
-448.857655333 397.029092827 21.1675995933 167.881749013
-429.43990254 419.549719989 23.6764596183 171.024098537
-408.506220989 439.815151522 26.953971647 173.254895821
-384.841491392 459.330514736 30.1850800466 175.989393641
-363.167433662 478.192091355 33.1743682722 177.102527643
-337.283853621 495.629327218 36.6395355985 179.319713404
-313.415083096 512.431045723 39.7868114607 180.630579357
-286.925361351 527.3720836 43.1497516073 181.730515323
-261.185910763 540.73106565 46.7725700695 182.149658244
-234.008810508 553.132191122 50.3924315932 182.996901492
-205.406797003 563.895380913 54.0801807316 183.341164096
-176.432912061 573.208104485 58.074474603 183.963572463
-147.796944901 581.372851744 61.8805239266 183.900715974
-118.987182438 588.396485861 65.6783429365 183.701940695
-90.0367058626 593.729529516 69.5560895765 183.367189154
-59.19635356 596.659915983 74.0297547432 182.509457892
-30.1696626954 599.498908532 77.9134678267 181.799743162
-0.37229939858 600.588258928 82.1783891605 181.122876211
0.115639614503 619.924763939 81.5854099599 182.677650505
-19.3641507352 619.491048866 78.9120870924 183.438225756
-39.559429592 618.487310456 76.1890105907 183.980814717
-60.073998091 616.992862007 73.2941842947 184.360417259
-79.4315404409 614.756959874 70.7695204164 184.886490759
-99.6005488402 612.081021649 68.1318427362 185.168296804
-119.466812687 608.499814726 65.2931422888 185.492976481
-138.980574805 604.371920771 62.5569472564 185.292382175
-157.530655137 599.328303139 60.2183673753 185.756714405
-177.219322436 594.312936251 57.6160561915 185.689502444
-196.436918016 587.898274703 55.0380939099 185.511223947
-214.930932876 581.395762629 52.8189325737 185.591756476
-233.875724218 574.564187373 49.9569958657 185.349305869
-252.912921872 566.414360337 47.5183595077 184.621748886
-269.669540327 557.808950884 45.3740021415 184.72942354
-288.27771951 549.226195491 42.9857057903 184.053162637
-305.637969731 540.006087926 40.4244606877 183.231882881
-323.381792858 529.1914889 38.18783896 182.193211655
-338.900342278 518.39556116 36.2933386659 181.956200474
-356.982182585 508.126615422 33.6299247408 181.056176161
-372.930201373 495.647963276 31.7154566467 179.618127286
-387.379952006 483.329453868 29.7470704722 178.779870826
-403.180083351 470.971773293 27.3805755099 177.413558094
-419.236053617 457.382037734 25.2339987376 175.630913894
-432.006690441 443.489560987 23.4880575629 174.528181501
-447.684415979 429.378146687 21.3022673002 171.774231464
-459.727078478 414.74874656 19.3996322683 170.447477853
-473.588305323 400.398994321 17.0504656373 168.149773403
-487.147064937 384.381162514 15.3724201939 165.291550972
-497.98062013 368.268972744 13.8374833632 162.928201927
-509.719338832 352.641660759 11.4297099799 160.00319716
-521.23943732 336.156202908 9.30807681396 156.649237475
-532.553745478 318.715174055 7.41530039625 152.319430832
-541.335311359 301.182788668 5.86705894303 148.3532021
-550.731691438 283.557917384 3.95150234663 143.520583603
-559.616480703 266.214469976 1.83953084821 137.879163094
-567.645516078 247.940674577 -0.130036498738 131.864528733
-575.721962299 229.449597103 -2.04237898434 125.306457228
-583.439116071 210.5054018 -3.61402802851 117.785532907
-589.662388073 191.58360905 -5.38001674992 109.748550476
-595.700034109 172.494969357 -7.21182242843 101.178090579
-600.971977412 153.180082603 -8.68320647837 91.6052301685
-605.415268643 133.761259823 -10.0465255269 81.8150964335
-609.595024514 114.20046629 -11.5696080511 71.0965272222
-612.856349046 94.5552503076 -12.4960473813 59.1721264749
-615.285554335 74.6307154232 -13.745260003 47.3016932373
-617.450140716 54.7654179819 -14.4301954877 35.5346560798
-618.784174988 34.8589441886 -14.5908586054 23.1036576578
-622.204729765 15.1165725011 -15.0551286273 10.6665794195
-618.629200817 -1.13856815356 -12.60987597 3.65413145304
-616.790788962 -5.92097832905 -12.776999795 1.07771851041
-619.166224267 -24.9496667083 -14.7734139596 -12.4008366781
-618.932517676 -45.1875734927 -13.7609635473 -26.1314608659
-616.232522474 -64.2971410358 -14.7621442635 -38.3678104656
-613.944217352 -84.7115987839 -13.2491943674 -50.9514276819
-611.043052575 -104.386351611 -11.6145827641 -62.8763307898
-607.331527508 -124.045918151 -10.2057875978 -74.297496602
-602.822992107 -143.564617536 -8.97501578861 -84.7018789593
-598.072642165 -162.804025392 -7.21505524761 -94.8634456469
-592.565712147 -182.010504463 -5.41896901575 -104.059696979
-586.424605115 -200.994324528 -3.78600507746 -113.03674521
-579.36443126 -219.806498398 -1.54914875941 -120.626765789
-572.099281815 -238.320620395 0.263277626644 -127.797394686
-564.436661871 -256.836250538 2.34958214932 -134.825396049
-555.627419357 -274.606673542 4.70467363051 -140.789273519
-546.028385558 -292.299724903 6.56130546766 -146.293915315
-537.234733231 -310.047847159 8.61938664737 -151.080293093
-526.95933581 -327.452073919 10.9446024816 -155.565178341
-516.494716432 -344.247207758 12.8281122924 -159.21205753
-504.099995478 -360.146300401 14.2318060331 -162.158115122
-492.791820836 -376.36725623 16.3427110141 -165.178746626
-480.346297964 -392.365141519 18.3564279324 -168.110645275
-466.998671473 -407.054464265 20.1483137809 -170.236139701
-454.32158667 -422.095248178 22.6175356657 -172.642504704
-440.456702186 -436.955841544 24.9707379761 -174.986185667
-425.406075397 -450.4236129 26.8100495299 -176.223048042
-411.21130571 -463.828535754 28.788138163 -177.737336243
-396.670427992 -477.543297609 31.3607135505 -179.244088294
-380.150948753 -489.304871211 33.2537590492 -180.344158944
-364.234161536 -501.398568747 35.2742592969 -181.354674752
-349.174568645 -513.416020225 37.7252169033 -182.683667041
-331.021327099 -523.746525091 40.2779672787 -183.488566532
-314.104060993 -534.224649833 42.6701595574 -184.137971171
-297.535091443 -544.591350617 44.893166703 -184.852064375
-278.862772933 -553.440685492 47.3453114776 -185.096321681
-261.489463712 -561.930907176 49.3743964665 -185.46899181
-243.795383318 -570.806195419 51.8796817004 -186.000186253
-224.579584842 -577.795956173 54.1222920168 -186.181454813
-206.101954917 -584.544090353 56.5187034105 -186.273072415
-186.807104319 -590.983458555 59.9874356899 -186.307990793
-167.762544092 -596.64966566 62.0463883196 -186.432280093
-148.929703292 -602.248425555 64.8380967831 -186.533818761
-128.704130491 -606.06688648 67.1609556739 -186.054186898
-109.473411194 -609.897725452 69.5763452039 -185.682287488
-90.4525425927 -613.737007174 72.5877498928 -185.632541242
-69.7865371342 -615.703670398 75.093871685 -185.05828697
-49.6556185986 -617.497034439 77.3843555634 -184.425461141
-29.6258106975 -618.885613613 81.0659944528 -183.797128055
-9.80151242335 -619.451739075 83.5509890898 -183.098074184
-0.461618378081 -620.116764992 84.668641978 -182.939815691
-0.0915310708954 -629.593927375 84.5164714926 -183.573914514
-30.2218440648 -629.001199263 79.9529512885 -184.730970594
-60.3798532689 -626.956363391 75.9877235876 -185.586416732
-89.8495961192 -623.510147044 71.8071326531 -186.333696448
-118.980891231 -618.064883269 67.765389437 -186.649285544
-148.607923049 -611.908406953 64.5498824132 -186.981421286
-177.453485857 -604.272515593 60.4746463644 -187.210379521
-205.661727549 -594.891786851 56.5561745931 -187.13177329
-233.80058233 -584.378780505 52.8281773935 -186.852618843
-262.489449471 -573.51831712 49.1156258838 -186.923596531
-289.407656133 -560.369587922 45.4786088646 -186.291899077
-315.07193025 -545.301915662 42.0581457891 -184.693487963
-340.464897454 -529.96341723 38.9563952883 -184.027678735
-365.926753137 -513.569011372 35.7626468077 -183.096706875
-389.924193297 -495.537147098 32.2467157735 -181.409759698
-412.178048414 -475.951892899 28.5861460838 -179.118679913
-434.799798658 -455.832569597 25.2383670832 -176.835289359
-456.44724446 -435.213837029 22.5213767593 -174.480842675
-475.452842119 -412.336110891 18.9405196382 -171.00124445
-495.473262448 -389.297093757 15.9179448506 -167.402974132
-513.573653994 -365.21411354 13.190831454 -163.191101263
-530.248492153 -341.023941586 10.7407494129 -158.307932576
-545.203678241 -314.847125699 7.26702094504 -151.7889494
-560.173775359 -288.721839443 4.20003078072 -144.690321388
-573.389770686 -262.068604653 1.48494404851 -136.095037992
-584.44585748 -234.07308363 -1.94707679592 -125.861045081
-595.569684805 -206.139893904 -4.83350837889 -114.390334095
-604.58930805 -177.790402839 -7.14746019241 -101.839325113
-612.030042905 -148.528862055 -9.92449220032 -87.0429300949
-618.403622808 -119.382746738 -11.9047274177 -71.4456913154
-623.592372009 -89.7930598529 -14.1074402521 -53.1653266402
-626.937756568 -59.906499805 -16.4158413686 -35.1693949259
-628.782090921 -30.1434435098 -16.1447600765 -15.3997183516
-631.901157723 -0.730136470702 -14.6357787572 2.50909882953
-630.575480353 1.03264762422 -17.126211999 2.84570791962
-627.83741969 29.7140560658 -16.1928915015 21.7303909998
-623.675791954 59.8956104897 -16.2955698536 40.5747327527
-623.738896856 89.6006070918 -14.8906003131 56.1844555695
-618.07651232 119.247817684 -13.0318853941 73.7312048595
-612.460423361 148.481975681 -11.0973128652 88.9563030988
-603.953041377 177.333048952 -8.39788986926 103.422355802
-595.021133035 206.335497498 -6.2009638651 115.915211677
-585.069208602 234.243330908 -3.48425946751 126.501738973
-572.528740313 261.578328186 -0.225103327358 136.660977923
-559.328057153 289.138888013 2.09062428507 144.879388161
-545.966341577 315.060931773 5.03472040924 151.587425478
-528.982908279 340.386072746 8.46900039564 157.498152606
-512.538602709 365.9893675 11.0136542535 162.156653478
-495.677779608 389.457969066 13.9765356737 166.056814931
-475.285287673 412.487689526 17.2318472361 170.270423507
-455.842420667 435.34665123 19.7451979556 173.382160891
-435.588976875 456.082289164 22.9633571598 175.521291048
-412.64145425 476.070662905 26.0551223539 177.822889923
-388.736682819 495.101401705 29.4329029634 180.358153331
-365.054027083 513.452545124 32.5240104569 181.740463681
-340.474110053 530.360424371 35.7616619282 183.304191004
-314.197858527 545.522451604 39.2639075399 184.043089013
-288.884027268 560.465070553 42.5057839469 184.816415113
-261.903085139 573.582623187 46.0866271914 185.72127163
-234.151326377 585.220552391 49.7643233769 186.190511047
-206.494719667 595.396867123 53.3524832036 186.369070345
-178.449899717 604.774789617 57.2093385247 186.428166524
-148.217876625 612.118924038 61.3789761738 186.633625658
-118.722566298 618.48276271 65.2585256582 186.539053723
-89.3851914676 623.487659862 69.2969167551 185.97105429
-59.6418530677 626.951245905 73.1008795848 185.352664231
-29.3528101527 628.905556093 77.272600151 184.406642181
0.160305219481 629.759488007 81.4043761332 183.661151339
-0.372011326273 629.957735553 81.3643548283 183.348965868
-0.147401963095 660.102402482 80.4728540371 186.0336492
-29.5252303918 659.039624952 76.7084952923 187.059099315
-59.7814294804 657.583794621 72.5424981574 187.85317055
-89.2843914985 653.577529123 68.6507458526 188.270373024
-118.078000689 648.914795575 64.7629876312 188.988997121
-148.112839718 643.339505607 60.5896526105 189.15186021
-176.194668203 635.508312753 57.1302601923 189.285513457
-205.484345622 627.55777937 52.9709493958 189.253725786
-233.913799335 617.412301104 49.5940130487 188.551152578
-260.569353035 605.948964853 46.0108282285 188.847094737
-288.740827931 594.389767229 42.2301077408 188.212489293
-315.390001673 580.153473389 38.9701011432 186.992361662
-340.483723554 565.243260119 35.5515448231 186.379523478
-365.649534268 549.77328257 32.1789891977 184.939777582
-390.849995077 532.152243057 28.9857595815 183.495611127
-412.827917997 513.93224522 25.8537438298 182.68171774
-437.164498688 495.332676522 22.4558731329 180.559650688
-459.203832721 474.426026083 19.4955514455 178.131582131
-478.854914814 453.118355771 16.9656493511 176.047128806
-499.914785043 431.077352052 13.5407592379 172.46120288
-517.841823117 408.024752579 11.0906263737 169.357782507
-536.167422279 384.931468269 7.7792851286 165.666933911
-553.970649256 359.757622715 4.87307091654 160.903222095
-567.926325064 334.142105054 2.43286761358 155.926643982
-583.034265823 308.052263145 -0.360400346285 149.298042027
-596.15721697 281.395790497 -3.34825255532 142.104426566
-608.827424137 254.695862833 -6.5030846582 133.110611554
-619.350247684 226.818663833 -9.25706513775 122.940361074
-629.273510942 198.491238302 -11.9257198513 111.256035681
-637.441087623 169.795513667 -14.481260645 99.0846687384
-644.637050354 140.641640439 -16.5912445965 84.2886264485
-650.430024378 111.360783174 -18.4324788106 68.6013271543
-654.842489762 81.8321714384 -19.8140928199 51.7424232884
-657.750653295 52.1908345773 -20.8697107463 33.7777913923
-659.363593461 22.3735237001 -20.7992305288 17.248148516
-657.145718738 -0.698058257463 -19.6983064875 4.05063897344
-662.912160276 -7.6039331408 -20.39973308 -2.19861466566
-658.953463421 -37.3563561996 -21.3512646103 -19.4253033494
-655.290233479 -66.377281151 -21.926407869 -37.7883479651
-653.01373533 -97.3611181828 -18.4347957656 -56.04302094
-646.129254241 -126.306871056 -16.85428129 -72.1544019193
-641.417124502 -155.111542192 -14.7617133054 -89.2447612592
-633.473161249 -183.969317564 -12.26248221 -103.122166148
-624.554175973 -212.392621359 -9.56481294872 -115.853370367
-614.194455982 -240.321967662 -6.63135011797 -126.99845727
-602.588894272 -267.777362227 -3.88517917338 -136.816288216
-590.12855657 -294.736544466 -0.696723259039 -145.188188057
-576.220838668 -321.118254275 2.2414188436 -152.378176378
-561.340756202 -347.141388139 4.95533295765 -158.696675566
-545.11885315 -372.067432772 7.89575878057 -163.699648794
-528.287883239 -396.717965884 10.8150921742 -168.211092653
-509.841932652 -420.273896635 14.2375233102 -172.496900091
-489.641906146 -442.101358958 17.0494419149 -175.093372445
-469.014194142 -463.916644622 20.176535053 -177.826158594
-448.648374921 -485.329486408 23.1809781607 -180.51530305
-425.335648774 -504.22273349 26.1834743639 -182.318608489
-402.344416338 -523.093398255 29.3943147432 -184.043364529
-379.224319259 -541.194359435 32.5227528963 -185.636443553
-354.066422497 -558.063245981 36.5273105943 -187.038146949
-327.809890212 -572.462780359 39.7284198285 -187.510650095
-301.532811454 -586.748088562 43.178783265 -188.487015779
-275.272280474 -600.405156021 46.6707171457 -189.353606381
-246.96978836 -611.4950049 50.1234832064 -189.392059756
-219.770157023 -621.982402431 53.3920757992 -189.480277284
-191.562999578 -631.640568249 57.569111827 -189.798695344
-162.062193187 -639.201411944 61.3081327142 -189.685763498
-133.982684681 -646.564124233 65.2727227577 -189.588892997
-103.653911629 -651.436957299 68.9388804872 -188.987616204
-74.3709207911 -655.260015734 72.5479355147 -188.484736211
-45.3272272859 -658.685450506 76.7520625648 -187.877287161
-15.2331065318 -659.832982162 80.9960729465 -186.808979418
-0.375465548645 -659.87001978 82.939936833 -186.206438965
-0.074596417865 -689.840319429 81.5403475183 -188.572660756
-29.5576056124 -688.766904177 77.4923605597 -189.484523862
-59.3928656977 -686.744289462 73.4489061194 -190.073818749
-89.3507246645 -683.726146776 69.4924395043 -190.868319116
-119.73535678 -679.601206934 66.2607033151 -191.59729311
-148.526272453 -673.597770567 62.2968094912 -191.7158055
-176.976285031 -666.422164099 58.6294037482 -191.958042879
-206.338894805 -658.02727212 54.386864838 -191.931959892
-234.435828284 -648.497993777 50.8267879671 -191.8188329
-261.914027326 -637.806712198 47.1175781253 -191.445632357
-290.037020198 -625.983489575 43.9806547486 -191.085225327
-316.155096976 -612.829842619 40.7131018276 -190.636651492
-343.535435108 -599.218557949 37.143575204 -190.357360592
-368.870244116 -583.902908152 33.8478672787 -189.004608267
-393.177515576 -566.659435854 30.0395562535 -187.679906721
-417.650921967 -549.010758048 26.8595875948 -186.13606569
-440.574078867 -530.428629906 23.8474565984 -184.833531645
-463.633579406 -511.02135872 20.7661538185 -183.213920953
-486.275507898 -491.004930675 17.6989117956 -181.295204093
-505.745911062 -468.889200114 14.4091516824 -178.073806048
-525.549392354 -446.44851777 11.2115016497 -175.279633456
-544.821456476 -423.465477957 8.13955449665 -172.080422002
-563.046919014 -399.852998837 5.35786518507 -168.313551691
-579.724592836 -375.022663879 2.81088785173 -163.654017636
-594.671973125 -348.966957525 -0.21893376813 -158.061240543
-609.835101494 -323.301136091 -2.81259008291 -151.990865361
-623.257219044 -296.911741853 -5.61476904172 -144.637776141
-634.888028016 -269.113293199 -8.88041231542 -135.768581149
-646.509152765 -241.653010534 -11.8071933716 -125.653055946
-656.401795072 -213.596458372 -13.8193655409 -114.891366811
-665.162552042 -184.789588969 -17.0232092575 -102.455845412
-672.099357825 -155.883261407 -19.3411789622 -87.6443534417
-678.122201571 -126.366450947 -22.3355135773 -71.8441245186
-683.219420934 -96.9343021424 -24.5133041887 -55.4425468292
-686.764460515 -67.3370504176 -25.868613867 -37.3997423015
-688.745277005 -37.3588155375 -26.6272980323 -19.8166731643
-687.547244044 -8.08714604345 -24.8367314677 0.286936557572
-692.653217775 -0.19026978803 -24.9868833341 2.6137843049
-689.56622752 22.3144187505 -25.9836089289 16.1234712469
-688.584341806 52.6690355869 -26.7110744041 33.2068271446
-685.605153149 81.1358708515 -23.5820380514 50.7618802455
-682.790420297 112.044152415 -23.6678540259 66.9955358098
-675.412510763 140.870771671 -21.3999327747 83.4149779988
-668.187211604 170.278749602 -19.5207989798 98.263720681
-661.050991456 199.000009522 -16.9930278421 110.947735707
-650.83415239 227.756454128 -14.6150148047 122.292906038
-641.065957064 255.388674296 -11.7548704929 132.067285386
-628.672722635 282.759199918 -8.53604984255 141.27127617
-616.317679965 310.427066135 -6.15593950735 149.136162176
-602.913331971 336.34940649 -3.11321070246 155.492943803
-586.653763512 361.933752569 0.181695776684 161.375993132
-570.203391643 387.756617549 2.56781227883 166.199024125
-554.303959147 411.50628168 5.63924299227 169.631122981
-534.324632803 435.201591663 8.78150085641 173.523706665
-515.895414003 458.649872778 11.1356654578 176.628429636
-496.233707236 479.842284273 14.2835500626 178.898689501
-473.664373676 500.781044416 17.5586992918 181.427573404
-451.890774686 521.005010349 20.7001656428 183.627766233
-429.258125832 540.697603417 23.5928894778 185.198238821
-406.238925844 558.066606974 26.6689272419 186.242937948
-381.449648874 575.902946607 29.8258882716 187.604246528
-356.452104887 591.262433314 33.1915263449 188.416151518
-330.639511196 605.946991403 36.7649140665 189.423157208
-302.113840763 619.325793519 40.3528041194 190.548973795
-275.427038954 632.346401331 43.7011871871 191.301269984
-248.412339992 643.770830214 47.2986258218 191.480274641
-220.507076643 653.786494535 50.8145795353 191.360907851
-191.055915885 662.518070153 54.5110332444 191.809737986
-162.535966344 670.37757918 58.576702797 191.861812471
-133.342806719 676.848564633 62.168629439 191.536915349
-104.413963429 682.174340216 66.0691104935 191.030835306
-74.4425475754 686.127405243 70.0139817287 190.654558592
-44.7891087066 688.658338533 73.8065361895 189.814608067
-14.4469009774 689.78508358 77.9856217892 189.047637263
0.165859668016 690.094026106 79.804135965 188.417083264
0.503308117275 719.520190365 79.4385144253 190.253205885
-29.4682089887 719.15003297 75.4416564243 191.404896356
-59.0015147542 716.906166452 71.4888111792 192.153280431
-88.8932636755 713.911201464 67.4397737065 192.840069495
-118.844445393 710.075499901 63.4531958277 193.26509553
-148.997573597 704.32914053 59.6051861207 193.501226099
-177.556300996 697.677353582 56.1799556044 194.039198282
-206.700198476 690.239850708 52.4495052469 193.882829247
-235.977181905 680.718503885 48.4662176975 193.463217277
-261.960131171 669.963111293 45.0153503267 193.677798758
-290.639268427 659.003958344 41.468582642 193.24678171
-318.765575486 645.928092923 37.9512463076 192.383061276
-343.847113825 632.112973232 34.7265915284 192.453460232
-371.04597449 617.706185098 31.2431638323 191.189445901
-394.785122025 601.091332954 27.9537146456 190.248720239
-420.871791853 584.837764118 24.6199027274 188.731595213
-445.547926942 566.342734873 21.6420275978 187.165286843
-466.627522871 547.132434044 18.6795436782 186.249746919
-490.159338417 528.090125071 15.4376762278 184.324525348
-512.167443564 506.282288544 12.3681934805 181.848185534
-531.346820904 484.818503441 9.71541558908 180.001607227
-552.241051443 462.93744205 6.48623109599 177.107754145
-571.200912221 438.656384346 3.58559459578 173.533427403
-587.421695132 414.625864214 0.996948281112 170.712175344
-603.773899066 389.695707738 -1.81057220332 166.313649901
-621.309038757 364.548944302 -4.94348915844 160.866668207
-634.729536651 337.972879358 -7.34609756415 155.434701619
-648.890788668 311.239282802 -10.4029401791 148.722073453
-660.573817122 283.896359406 -13.1204348694 140.840886085
-672.217200974 256.201193421 -15.9340375958 132.01156393
-682.428824906 227.956242048 -18.7082582925 121.232598542
-692.171268898 199.589229268 -21.7666350154 109.455558108
-699.628448258 170.604790386 -24.2023828977 96.9084724886
-706.302541443 141.324763102 -26.1710571163 82.7752172245
-711.091349575 111.844544571 -28.0333322805 67.3551555892
-714.846016632 82.0670912626 -29.4592920348 51.180351146
-717.669409235 52.4126986378 -30.6403604314 33.5536429478
-719.62905824 22.4620285001 -30.3377202726 16.8167817375
-721.915476698 0.567874498756 -30.8172745087 2.72474982495
-719.328284568 -7.75414731328 -30.2227655627 -0.431563960886
-719.442781271 -37.5720325518 -30.961361917 -18.4703837847
-718.334890758 -67.5025939142 -29.9185682331 -37.1177110971
-712.550781358 -97.7873853987 -28.4458340345 -52.8648117755
-708.532522723 -126.644106525 -27.6227912377 -71.2263986944
-702.428671409 -156.057170186 -25.0620381219 -86.4083664242
-695.530575036 -185.103141501 -22.6503865908 -100.187441191
-687.223048339 -213.855963573 -19.9004698739 -113.217390346
-677.836975707 -242.15122222 -16.8647595436 -124.111748399
-667.078507935 -270.089804643 -14.432440348 -134.416911253
-655.099478042 -297.531527186 -11.6620767487 -143.244869571
-642.264008745 -324.575929878 -8.66057425041 -150.702187337
-629.080846819 -351.293780886 -5.59614597152 -157.939036709
-613.770942063 -377.582488927 -2.53858665737 -163.305101111
-597.381278327 -402.679222102 0.387444933546 -168.343337992
-579.665697199 -426.507295346 2.83075509743 -171.837176362
-561.805346789 -450.578935898 5.88569616185 -175.493749092
-542.96408639 -474.077538498 9.04724269675 -178.88610604
-521.520561645 -495.522218197 11.6851511089 -181.112343542
-501.356668821 -516.830480114 15.3737324337 -183.644740326
-479.544332033 -538.017944419 18.4227400323 -185.767146678
-455.7363063 -556.729341388 21.5361917872 -187.205380008
-432.331820652 -575.275836459 24.4181115727 -188.434272924
-409.471680497 -593.446915937 27.570479335 -190.192506441
-384.157100318 -609.975394712 31.4987585542 -191.29286536
-357.57261863 -624.674876797 34.6477425381 -191.732357561
-331.271301975 -638.870506744 37.7416624898 -192.47062665
-305.359667868 -652.816451127 41.3657599015 -193.235042933
-277.049183959 -664.210495134 44.4740880604 -193.487660599
-249.8781102 -675.617023549 48.7266080406 -194.246856607
-220.976213837 -684.932983647 52.1296980287 -193.91609248
-192.676922183 -693.670594296 55.498284982 -194.023915185
-164.269469636 -701.490328302 59.1127836119 -194.058438326
-133.903361247 -707.091850447 62.8752655614 -193.478082905
-105.075446622 -712.231449318 67.0141302428 -193.196987917
-74.6067358941 -715.710585458 70.6224684114 -192.549347403
-45.950570668 -718.855519811 74.3838212928 -192.101294383
-15.014446082 -719.430955263 78.2907276352 -191.202821389
-0.430357718046 -719.696628485 79.9171818221 -190.634873907
-0.629374287907 -750.189376649 78.895652365 -192.90993297
-30.0823677925 -749.256128748 75.6173626861 -193.572975434
-59.6573448562 -747.325555546 71.5259848198 -194.18226041
-88.8977192628 -744.17728084 67.6526259232 -194.731655044
-118.501784188 -739.987664189 63.6938708995 -195.432916272
-149.399972545 -735.698211709 59.9836432606 -196.186479111
-177.081958121 -728.417241263 56.8269970743 -196.122272758
-206.302433831 -720.696432862 52.9832255821 -196.184858389
-235.409899268 -712.792744089 49.4909160384 -196.40381846
-263.537876524 -702.994062051 45.7769597565 -196.010206501
-291.461052459 -691.940119989 42.2185180151 -195.793932753
-317.397736128 -679.044233621 39.0870376665 -195.118598613
-344.266540152 -665.814893316 35.7328245921 -194.441551112
-370.356639176 -651.484040969 31.9331728071 -193.667964089
-396.303023254 -636.545034272 28.6323618969 -192.795085369
-422.058549977 -621.066691487 25.6532692245 -192.179267327
-446.590729133 -603.870039808 22.181275546 -190.829394988
-469.43081096 -584.847759216 19.689257148 -189.352073107
-493.295299719 -566.449595438 16.7570785587 -187.977709301
-514.935897731 -546.54844744 13.1654279917 -186.253647919
-535.356566317 -524.679340701 9.96971890947 -183.866174577
-556.022585097 -503.367077404 6.91307844441 -181.707523632
-575.386802563 -480.746437657 4.58723051756 -179.216153373
-594.919912755 -458.048771647 1.75732433442 -176.328103508
-611.426613486 -433.198359168 -1.52151075258 -172.212650896
-628.939624666 -408.863347334 -4.42692957587 -168.079791473
-645.168446564 -383.865033415 -7.19421826238 -163.500567176
-659.559177234 -357.807184764 -9.95442396507 -158.136897776
-673.204821625 -331.527971978 -12.7369891148 -151.782574832
-685.179137709 -303.771880949 -15.9966153501 -143.379397242
-697.636368259 -276.832477363 -18.4994118268 -135.116819295
-707.951304134 -249.068120334 -21.2484107639 -125.016559562
-716.319466172 -220.412799721 -24.3992589763 -113.707535321
-725.472202324 -191.895865507 -26.9177941407 -101.951905926
-732.044415132 -163.086690917 -28.9311114988 -88.0929714648
-737.708495941 -133.53976683 -31.7250760163 -73.1573591573
-742.528820486 -104.198756566 -33.5950984868 -56.6394376872
-746.577181998 -74.5359661973 -34.977551862 -39.7493479399
-748.754685157 -44.7729290816 -35.5459162997 -21.9710129574
-750.573169829 -15.1443443101 -35.1103158691 -5.48663751462
-749.680313768 -0.122555003989 -35.1952371388 3.11697210279
-749.492599254 14.9997292105 -35.5205700436 12.5466957371
-748.500826209 44.6033504808 -35.4172434172 28.7025987969
-747.509781708 75.0272057643 -34.9001032694 45.3924124256
-745.061497783 104.126955586 -33.3810520523 61.8232666492
-737.132352908 133.376801957 -31.4056231579 78.2357529689
-732.204293813 162.721427498 -29.5258863884 92.2197594108
-724.834511428 191.458207807 -26.8770841334 105.282136524
-716.145038833 220.725818609 -24.9160851097 117.718103326
-707.877632372 248.76539957 -22.1803873283 127.625935872
-696.524734796 276.284480557 -18.6553748917 137.605850858
-685.65017784 304.727930743 -16.6971436128 146.027573597
-673.779762321 331.244310832 -13.769503454 152.549338089
-658.713880384 358.302216621 -11.0207228174 158.941670508
-644.565137428 383.580469351 -8.0579909092 163.885310336
-627.481536889 408.780561217 -4.91340253961 169.466854189
-612.259157602 434.30668315 -2.64564731645 173.149868863
-594.647221314 457.429851281 0.662091456401 176.242497613
-576.155315404 480.57280454 3.30257215401 178.428686041
-554.954152032 503.22510685 6.42590409438 182.133256357
-535.054837326 525.722400405 9.08911257471 184.096108485
-514.600151677 545.758624693 12.3009256159 185.854356111
-492.393877924 565.705837271 15.361267936 187.637535897
-469.663892811 584.942694571 18.178076194 188.732037948
-444.674499249 603.410781642 21.6801871007 190.752805183
-421.240440207 620.890967699 24.5959237367 191.742493193
-396.464582593 636.660664644 27.9964546944 192.502765291
-369.531326274 651.673867043 31.3893633988 193.978646278
-343.526170015 666.166103515 34.3985886909 194.573179888
-317.298938896 679.760494938 37.9316380342 194.935078004
-290.428160591 691.854357771 41.4634453985 195.342482139
-262.226314552 702.616599721 45.0375742048 195.73838771
-235.096104074 712.428342205 48.6393942694 195.675067838
-206.874502688 721.183663706 51.7865140218 195.762939095
-176.616758034 728.437252752 55.7680689188 195.874441092
-147.694818977 735.107716653 59.6117235149 195.774773884
-118.414317527 740.419006376 63.3261827476 195.364930461
-89.4083199698 744.941112426 67.1299221429 194.735003404
-59.5409718832 747.657455256 70.3637829774 194.097833363
-29.6088829984 749.523940481 74.48180575 193.231745902
-0.0886348940104 749.766337982 78.3559924968 192.225779352
0.50728504573 749.872437171 78.6300420048 192.523468988
-0.0375026860867 780.249112128 77.6112209453 194.860203296
-30.5837167539 779.766446116 73.7326501777 195.545279674
-60.2031619604 778.56864843 69.5250830899 196.555237247
-89.5307023195 774.785688494 66.1152316446 196.83267454
-118.472621097 770.668061258 62.5766642282 197.521865432
-148.311212745 765.947462311 58.6330801539 197.998249085
-178.513760667 759.299280446 54.8343852717 197.596778937
-205.821430767 751.555472197 51.4680822627 198.270868454
-235.733877849 744.168737529 47.7380324586 198.136687477
-264.324650734 733.934881199 44.4147339224 197.507490894
-291.752115679 724.10167889 40.4688475945 197.735185138
-319.764970028 711.641018738 37.3375313207 196.900960906
-345.172038679 698.901853231 33.8934422696 197.156319152
-372.805109318 685.935638408 30.4584043987 196.307888453
-399.788046334 670.293316337 27.2019922465 195.182199681
-422.83643682 654.744943252 24.2737478088 194.51881083
-448.857544447 638.877332588 20.7038843296 193.393124823
-473.387916351 620.127349004 17.5783242021 191.795954796
-494.752357297 601.858837165 14.570279466 191.469758643
-518.894358735 582.915167654 11.6378485178 189.463359491
-539.435236906 561.933116495 8.57596304983 187.644785855
-562.156121584 541.670108822 5.32565875271 185.414169257
-582.603457655 518.746340215 2.65269450753 183.10090124
-600.367581266 496.200878421 0.126733962865 181.314131834
-619.977329578 473.142744233 -2.9908522637 178.276624642
-638.008242128 449.52992424 -6.15931894229 174.580560565
-654.97482648 423.915519322 -8.59257486428 170.527190343
-669.001417332 398.444601396 -11.1546997494 167.039588354
-684.026005032 372.386104743 -14.0177433336 161.442507307
-698.506420012 346.718630788 -17.380343042 155.392334676
-711.578924261 319.647903474 -20.342117358 149.01540767
-722.612857102 292.021750381 -22.9299616337 140.921347116
-733.243743985 264.157997049 -25.7367149388 132.56615338
-744.185031536 235.367224805 -28.2617747105 121.101109513
-752.702576225 206.712006533 -30.6496606241 110.093161203
-759.83068249 177.680867004 -32.9418968999 97.7107504597
-765.612566875 148.443535474 -34.9729856472 84.4870230902
-770.591409507 118.970440927 -36.7510859019 69.4913943404
-774.595239813 89.4928520519 -38.3041782373 53.5352476379
-777.838903458 59.780922417 -39.2679379829 37.077388898
-779.58276538 29.9025451098 -39.3977880414 20.8077576059
-779.864047929 -0.0873443840338 -39.9120485379 3.78758446883
-779.848787739 -0.186603091312 -39.4463957241 4.25496036818
-779.426687987 -29.9385115431 -39.5326276486 -12.4309144113
-777.412813466 -60.1697980539 -39.2889083719 -30.319897027
-775.491234904 -90.200762717 -37.8429922208 -46.9148080392
-768.936710697 -118.977974987 -37.807351478 -62.5048823161
-765.734815211 -148.838837924 -35.2539424505 -78.7336341677
-759.535931029 -177.928321048 -33.1660298667 -92.8218071259
-752.196394384 -206.840763445 -30.6801312881 -105.996097773
-743.989345903 -235.549125889 -27.8154011211 -119.04937891
-734.490603472 -263.903810147 -24.9268943848 -129.484923659
-723.993434941 -291.822355729 -22.351104794 -138.804728847
-712.172060174 -319.280035393 -19.700626621 -146.838404284
-699.51469713 -346.335721155 -16.5862809662 -153.807752689
-685.372874135 -372.771945487 -14.0260828822 -159.928304006
-669.951471913 -398.247191314 -10.7641522042 -165.377307675
-655.013831554 -423.980825738 -8.27645400953 -170.243709706
-637.859537655 -448.80522961 -5.01294709662 -174.180202561
-621.451098191 -473.297849184 -2.15573968649 -177.703309411
-601.068481381 -495.94158939 0.367904251311 -180.276455467
-582.121379011 -518.963462026 3.49836569741 -183.477430661
-563.041767207 -541.490388822 6.46289332938 -185.975820122
-539.916939221 -561.730624683 9.21643041974 -187.216448259
-519.34234139 -582.252942532 12.1968823414 -189.258411851
-496.969600954 -602.520685048 15.3041587391 -190.878984668
-472.098808786 -620.063316452 18.144486749 -191.790560782
-448.588693973 -637.730645092 21.8415427326 -193.427797962
-424.818811032 -655.273777332 25.2732872256 -194.811187676
-397.851361331 -670.235360146 28.2570353208 -195.150138963
-372.555714924 -685.017006898 31.3001026587 -195.98740229
-346.831441914 -699.714171445 34.459305061 -196.761495294
-320.161968198 -712.21333693 38.9611763436 -197.605289802
-291.58688205 -723.129795682 41.7834331484 -197.621259517
-263.587315154 -733.82280677 44.9341878601 -197.624274593
-236.06277097 -744.029498068 48.5215783699 -198.195201811
-206.501858918 -751.70919124 52.2373333779 -197.997276961
-177.231736596 -758.860178633 55.750547952 -197.867742548
-149.368560617 -765.968035417 59.4110986 -197.9052128
-119.475136337 -770.46336826 62.8595430692 -197.476247473
-90.2398062502 -774.589538706 66.3057546832 -196.82785656
-60.2671792495 -777.693481438 70.4872196352 -196.220848349
-29.6283003728 -778.938672119 74.5822381653 -195.52677086
-0.559798361645 -780.257658412 78.3382705635 -194.811861474
-0.383675811803 -779.762090275 77.7860017215 -194.74694075
0.0269232446035 -809.585762285 76.9229855017 -196.560149562
-29.8626183337 -809.058486795 73.2567953755 -197.370534611
-60.0222357249 -807.286096077 69.1069633194 -198.206403475
-90.0260165044 -804.586445717 65.2633490649 -198.421061577
-119.101601124 -800.560520265 62.308313402 -198.90763683
-148.653736712 -795.468585071 58.5630089253 -199.33719964
-179.503212131 -790.511171102 54.7631106741 -199.909379508
-208.722858268 -783.607242989 51.1655360439 -200.052831602
-235.763307956 -774.485854243 48.1148113101 -199.599801281
-264.992258766 -765.262550599 44.3854781653 -199.496489115
-293.183317968 -754.835124714 40.7631933075 -199.360139145
-321.720355976 -744.802249739 37.4575389282 -199.311018258
-348.821165884 -732.14095877 34.0310685808 -198.646312774
-374.213316988 -717.862013948 31.0480164977 -198.131038603
-400.095502789 -703.457794269 27.7893859201 -196.954270453
-426.736773434 -688.4269187 24.0618612981 -196.490288173
-452.320832084 -672.329148752 20.7883116389 -195.353691448
-476.161635549 -655.238465133 18.4312989373 -194.408630612
-499.724463466 -637.160317667 14.9417807382 -193.06771761
-524.111839903 -618.99986577 11.9645954818 -191.935869325
-546.723970002 -599.243728331 8.75070647275 -190.644799421
-567.587477276 -577.968872446 5.67048226455 -188.808942955
-589.669269098 -557.230656789 3.02190336704 -186.989540467
-607.972503687 -534.107117697 -0.29329604364 -184.321658307
-627.778093918 -511.761005315 -3.10946601088 -181.810359177
-647.134857845 -488.568210078 -6.17851339783 -179.163865489
-663.889264758 -464.100931482 -8.34545774085 -175.734877753
-681.090714124 -439.443913506 -11.3721942951 -172.189864318
-695.773696075 -413.187353508 -14.527576186 -167.079323878
-711.317579078 -387.766620074 -17.4957730742 -162.41268533
-725.63932236 -361.444021778 -19.8132591439 -156.790215774
-737.364713942 -333.670939526 -23.136273051 -149.479638856
-750.314770213 -306.609222034 -26.0457730658 -141.827523828
-760.83746667 -279.025151641 -28.6258889286 -132.936868371
-769.741910317 -250.21966944 -31.7809700657 -122.411791479
-779.123287528 -221.957058054 -34.1035316249 -111.794756545
-786.972251593 -193.126692793 -36.3136297973 -99.0740037904
-792.976167584 -163.55978176 -39.2997817781 -85.1545351041
-799.030050238 -134.222591367 -41.3290653426 -70.0548300275
-803.07996257 -104.68824058 -42.8032541529 -54.4704851584
-806.641942511 -74.9098501111 -43.9885949259 -38.4128930181
-808.359227581 -44.8860316458 -44.402165562 -21.2640948464
-809.04800605 -15.3200110447 -44.1907474975 -3.74492407963
-809.274945245 14.8972553935 -44.7152095523 12.9330513356
-807.869521467 44.6623806087 -44.2913084509 29.4011905153
-805.030070544 75.2283443612 -43.7427441794 45.9937056079
-802.947460369 104.350193222 -42.052821307 60.6262367273
-798.114264012 134.161416722 -40.7493515548 76.0912368578
-793.169069133 163.428932107 -38.828738627 90.0535580396
-786.339123623 192.475928494 -36.439163998 103.900133432
-778.567461423 221.953832941 -34.3989905911 115.697719074
-770.911806063 250.363189743 -31.5970858935 126.032425628
-761.405266181 278.636128639 -29.1230786495 134.852696341
-749.047444849 306.149470887 -25.6168748227 144.03542408
-737.500483982 334.495408995 -23.5048720861 151.96334929
-726.047415812 360.949042865 -20.5533184282 157.613927475
-710.200911701 387.416755496 -17.2030202086 164.038797104
-697.056871437 413.426137158 -15.0192699063 167.758735335
-679.381325036 438.963984017 -11.6749130856 172.960182407
-663.633783254 464.687046371 -9.2668879388 176.686879441
-647.238383355 487.88840576 -6.3116883132 179.210172773
-628.379334441 511.38828988 -3.50223064258 181.665919154
-606.875069508 534.531136431 -0.397826221229 185.057079379
-588.685206694 557.306221282 2.04907339319 187.201261878
-567.782699188 577.829293755 5.11309705904 188.545128618
-545.792845177 598.095193645 7.80787979298 189.922355085
-524.219196878 618.109428835 10.9235178372 191.621212899
-499.152503085 637.20858184 14.2711138744 193.846502332
-474.946824307 655.354424049 17.5933621627 195.196879723
-451.840506628 673.089373659 20.1994058277 196.009268885
-427.358190191 688.40451835 23.7239034915 196.071297773
-399.794183824 704.038125429 26.8867464055 197.87729363
-373.849555409 718.352385192 30.4514604677 198.317722051
-348.048900183 732.136966602 33.5966953162 199.003195877
-319.664201195 744.17028868 36.7461753736 199.103461072
-293.509445237 755.338187404 40.1937370875 199.233758659
-265.209550244 765.509619188 43.7866124256 199.711130547
-235.362619655 774.785470023 47.6468501229 200.304683703
-208.370053397 783.153337077 50.7611011272 199.417027697
-176.76881924 789.620280951 54.8027047492 199.801443732
-147.911029913 795.789466333 58.4689736986 199.645445772
-118.913631424 801.081917985 62.0831438564 199.423282097
-90.2586385725 805.994793416 64.7934068388 198.849767675
-60.1581905276 808.37273699 68.7020074846 198.385307414
-30.0361522046 809.642685522 72.8167546634 197.442400119
0.19407432558 810.220761293 76.5506106262 196.732883147
-0.25869035999 810.159387204 76.8992089238 196.45134306
-0.0757920339553 840.258809947 75.6761715713 198.226484471
-30.3577632519 839.783239451 72.0504712418 198.997704938
-58.9389492404 837.616875117 68.4801807736 199.956878653
-89.5118689704 835.326451488 65.0663056616 200.521737369
-119.147507383 831.650094848 60.5592799768 201.079095917
-150.105920095 826.865980092 57.1506355291 201.171600237
-177.891526864 820.688030546 54.013727905 201.654230954
-207.439013751 814.119500998 50.3071228829 201.944626549
-236.943945278 805.844664256 47.0788218277 201.642860658
-266.185658107 797.063443409 43.2889705331 201.309015715
-292.360133209 786.747148933 40.1258965928 201.924372665
-321.936827943 776.774210996 36.6044757411 201.266371387
-350.373744817 764.090504124 33.2136481862 200.678269928
-376.617825555 750.783232656 30.0407934301 199.901504083
-401.030646759 737.212104948 26.8340055334 200.047756863
-428.608328617 723.090641382 23.5481897975 199.160659444
-454.696637644 706.502232767 20.4253460312 198.033008673
-479.74599558 689.60168099 16.6975150808 196.67669277
-502.110136222 672.555754102 13.8047455427 196.644852561
-527.631149331 654.930982471 10.6020879609 195.110105249
-551.054486108 634.791840011 7.82522465508 193.279295655
-570.643307145 614.878824049 5.10366483735 192.536408323
-592.758596158 594.049316642 1.89618135733 190.559663773
-614.583793309 572.97803157 -1.40209451478 188.581256948
-635.366884286 549.902264692 -3.97036562726 186.075467701
-652.614042356 527.103866152 -6.66360047353 184.383949502
-672.413270184 504.165201672 -9.90625758438 181.18799777
-690.615673466 478.825629111 -12.4584683294 177.616033709
-705.263457105 453.987674553 -14.8984066944 174.782130762
-721.092274568 428.538042519 -17.7129994436 170.907282198
-738.142054402 402.36035993 -21.1065297793 165.122833001
-752.022805888 375.846403694 -23.8402141377 160.137575664
-762.820266497 348.645038865 -26.0592138042 154.516510788
-774.952019603 321.194621097 -28.9565421841 147.758509003
-785.848848937 293.242680617 -31.5658467251 139.566557433
-796.539522751 264.987379099 -34.0857228828 129.760467506
-805.652750093 236.418263108 -37.0541301326 119.82468577
-813.499348765 207.4803419 -39.5169937132 108.39766844
-820.300458144 178.304976675 -41.7320238251 96.4357329266
-826.182104611 148.907177602 -43.8739019933 81.9074995086
-831.414583191 119.268015684 -45.5946019167 67.6597734138
-835.238382198 89.7035272303 -46.9042386301 52.6703807998
-837.650550839 59.8764465139 -47.6118258024 36.9504471373
-839.539293666 29.8128077057 -48.3019061106 20.8720087948
-839.4458044 -30.1484004137 -48.3180234401 -12.5269887025
-837.721222976 -60.2115347305 -48.0732855064 -28.7369872838
-834.239906907 -90.0711005757 -47.461383069 -45.0267796617
-832.502029945 -120.120204883 -45.3878265585 -60.7554999844
-826.58947436 -149.337844883 -44.6237434947 -75.8515315234
-820.331724943 -178.544305749 -42.5431521797 -91.1382645114
-813.515452358 -207.61995821 -40.4694402514 -104.04064424
-805.430088626 -236.478534501 -37.7539773513 -115.618439302
-796.531458919 -264.95660079 -35.2994202573 -126.493186069
-786.418105581 -293.240397941 -32.2904297937 -135.571668073
-775.972419124 -321.507113335 -29.1642429799 -144.653602862
-764.380501777 -349.348373156 -25.967069534 -152.27415453
-751.638455988 -376.374281003 -23.3893691157 -158.687453743
-736.340583073 -402.122604597 -20.9042225939 -163.633443259
-721.598431216 -428.197794347 -18.1952840085 -168.513764189
-706.025652148 -453.625392267 -14.9512334543 -173.285324635
-689.689445279 -478.801425521 -11.958575123 -176.710411073
-672.739498859 -503.54780791 -9.22708747707 -179.909534231
-654.873325327 -527.638975032 -6.5868253742 -183.162414065
-634.522448435 -549.654157073 -3.39750248595 -185.406889021
-614.540067067 -572.392035101 -0.55453646093 -187.530550505
-594.874459556 -594.586774688 2.16176915608 -189.811796035
-571.944676118 -614.627206689 4.98433462286 -190.873513594
-550.041537279 -634.736018505 8.54019831989 -192.843626442
-528.052369094 -654.812684473 11.5108153444 -194.630785013
-503.405905165 -672.062771882 14.2920705044 -195.242915757
-478.934508187 -689.738727104 17.1873370874 -196.282188842
-454.833275189 -707.442748006 20.5756658051 -197.61429616
-428.368870721 -722.209308349 23.9908208435 -198.228739572
-402.903485565 -736.775101815 26.9880845314 -199.015320274
-377.742526606 -751.843485503 30.3128496466 -200.044358978
-348.99792557 -763.676228583 33.2248298941 -200.289340733
-320.64557745 -775.656383592 37.3531262065 -200.732210411
-295.203233172 -787.846960687 40.4565657163 -201.431302003
-265.233244828 -796.627245678 43.8202229863 -201.112675601
-236.561980108 -805.549489096 46.6337158472 -201.327027412
-209.219175725 -814.469117505 50.9004355251 -201.842427656
-178.591461788 -820.273435 54.1828607036 -201.206427011
-150.236940067 -827.044605601 57.5507358206 -201.527079892
-119.206742232 -830.984459834 60.9379521528 -200.770492465
-90.1518327918 -834.623633717 63.967296136 -200.151478489
-59.7755152166 -837.323984712 68.8005002004 -199.934915009
-30.0642159734 -838.734692556 71.9280073447 -199.2794986
-0.0180626951167 -840.01301857 75.7519109608 -198.617642958
-0.656018838244 -839.907009217 75.3829895957 -198.347892184
-0.467903141781 -869.83544471 74.917002763 -199.825061831
-29.8063916749 -868.918369317 71.0198422585 -200.883165025
-60.7228048442 -868.172025915 67.5729896825 -201.571397323
-90.3396083218 -865.740601223 63.6181970684 -202.558121009
-120.148770426 -862.198968071 59.9545881308 -202.607302518
-148.518913102 -857.430046622 57.6504543917 -202.898024185
-178.393536662 -852.139714568 53.6219704028 -203.288902077
-208.77025037 -845.622704975 49.8285612525 -203.318919638
-235.930380359 -837.085258825 46.2009559721 -203.043202454
-265.830075014 -829.26489147 43.3335958059 -203.321104405
-292.814472534 -818.837672946 39.6395042502 -202.798016706
-320.358395319 -808.24773532 36.0083272704 -202.463156228
-347.859375969 -796.761190356 32.8205365539 -202.111736248
-376.041884208 -784.508710387 29.0357815333 -201.427831446
-402.237649874 -771.150462724 26.8474484842 -201.016039085
-429.531245616 -757.854108684 23.7630287879 -200.731374519
-455.655516742 -742.56658004 20.1412823089 -199.6007898
-478.667970485 -725.842658895 16.834346787 -198.260293531
-503.633259904 -708.785408217 14.2975219029 -197.601540029
-527.334454831 -691.088342167 11.056958427 -196.240279734
-551.568936369 -672.719514452 7.74819063608 -194.997804493
-575.169337956 -654.228513185 5.06696189627 -193.914681921
-596.754621896 -633.403567253 1.94032122476 -192.328687838
-617.864999328 -612.544426726 -0.737307453688 -190.51864837
-639.14022179 -591.507657667 -3.62053115007 -188.916227908
-657.418832436 -568.518006865 -6.81232029485 -186.179531263
-677.867145104 -545.756091583 -9.40042370805 -184.439368322
-696.837061314 -522.492633052 -12.0892987446 -181.918952332
-712.2680612 -497.599418567 -15.0045723962 -178.277553775
-730.378877087 -473.356951357 -18.0523353924 -175.016672135
-746.973907761 -448.072000678 -20.8772973478 -171.019226883
-760.373004063 -421.427495416 -23.2901849545 -166.508997791
-775.208292475 -395.826680413 -26.0454454138 -161.388009649
-788.513407113 -369.194419545 -29.038001031 -155.362356471
-799.803516459 -341.097795587 -32.2930208549 -147.727534862
-811.004103115 -313.4081908 -34.8056973171 -140.80692591
-822.155321842 -286.147762177 -37.4543657508 -131.950090796
-831.104501164 -257.842179258 -39.6633652352 -122.080849657
-838.952605574 -228.602352693 -42.9831357146 -110.684638591
-847.236767675 -200.079349332 -45.4181178193 -98.2638449299
-852.945709427 -170.39938621 -47.7674150315 -85.0908001781
-858.548300561 -141.461562786 -49.2612825592 -71.2649103718
-862.590771411 -111.99536933 -50.4321002793 -55.6660046203
-866.165070523 -82.0478390493 -51.9118050805 -40.2390501744
-868.351642539 -52.3780216101 -52.7090435854 -23.8406168321
-898.692858721 -52.4383892662 -57.5279769325 -23.0596177772
-896.003113919 -82.4507055636 -56.5176860695 -38.7235176767
-891.858120494 -112.261015528 -55.0443941785 -54.120730968
-889.159617203 -141.46913006 -53.4920580729 -69.2308190708
-883.367597566 -170.92011893 -52.3268954204 -82.8961825384
-878.12390951 -200.393844201 -49.7402114224 -97.7607638939
-870.62692028 -229.685601672 -47.2085730241 -109.375719108
-862.781491742 -258.400171298 -44.8149380325 -120.645998505
-853.665529789 -286.974969867 -42.1855443387 -130.135533158
-843.726633344 -315.097866819 -39.7472184628 -139.139340697
-832.318054782 -343.190416856 -36.3506553392 -147.719075917
-820.468780405 -370.684992729 -33.6140028748 -154.417581493
-806.873667327 -396.721706103 -31.347888588 -160.007327323
-793.486077165 -423.219429855 -28.7281440328 -165.179415623
-779.667494322 -450.244531328 -25.4665379887 -170.612190899
-764.360663941 -475.661976522 -22.6773676107 -174.630935012
-748.304878992 -501.24789492 -20.0138285179 -178.091633509
-730.456750264 -524.986295826 -17.4918309029 -180.800406256
-714.118782344 -549.54668868 -13.9225925451 -184.388053107
-693.835109932 -572.160450698 -11.4954693891 -186.092211785
-674.754827303 -595.680253352 -8.80804139483 -188.356935549
-654.613696748 -617.652239711 -5.76169899429 -190.607380618
-633.849044444 -639.088481247 -3.15935995031 -192.349997425
-612.714841278 -660.495220315 -0.0429606950763 -194.074471336
-589.54083733 -679.410625259 2.63003692465 -195.123051516
-566.456285205 -698.771376537 5.72094824941 -196.562534802
-543.51578063 -717.303190828 8.89295774978 -197.997084855
-521.066183679 -735.751007192 11.754745432 -199.289861357
-494.165762389 -751.514700331 14.5228522518 -199.641509162
-469.532343737 -767.98400596 18.4023304755 -201.091317556
-444.807962946 -783.896513791 21.1573277576 -202.427414387
-416.869563388 -797.066001149 24.2323041819 -202.181521994
-390.147483699 -810.672373321 27.160277851 -202.796157615
-364.280157557 -823.884957775 31.2607787802 -204.219058613
-335.682615926 -834.50868103 34.0124030693 -203.798113014
-308.145382951 -845.365019457 37.0758431481 -204.268317196
-279.927949432 -855.409880661 40.7871259314 -204.730254697
-251.052763902 -863.920606857 43.7921162612 -204.921152671
-223.270457181 -872.67762237 47.0275504477 -205.16707954
-192.93729027 -878.425128411 50.4482214044 -204.399726619
-164.450524095 -884.581880485 54.4995120381 -204.449058936
-135.526349832 -890.579885692 57.8449207385 -204.751178284
-104.621134982 -893.601372279 60.7591816055 -203.805863669
-74.6790017472 -896.190269869 64.5853049951 -203.387569111
-45.8442050672 -899.247702312 68.6005220936 -203.238402904
-14.7956385868 -899.455409373 71.8730398069 -202.189166901
0.241412821983 -899.498470805 73.4120139809 -201.778364476
-0.181881442942 -929.582141322 72.9374529984 -203.384988959
-30.8995283864 -929.844542639 69.1229141183 -204.540228661
-60.5830295498 -928.273276244 65.475036703 -205.288339219
-90.4645616271 -925.512873648 61.917389926 -205.575913369
-119.954026052 -921.813946865 58.3526563824 -205.885461322
-149.110004433 -917.372394954 54.7773564947 -205.961530352
-178.662098122 -912.028311843 50.9224918709 -206.252116872
-209.847763047 -907.074336368 48.5508112929 -206.901813213
-238.243094101 -899.938666758 45.0155714223 -206.595227622
-265.699447657 -890.596686448 41.0657237757 -206.541312513
-294.240459439 -881.578967228 38.7328491812 -206.098396761
-322.479068108 -871.634118816 34.9607392859 -205.768555793
-350.534793246 -861.015779468 31.4850721459 -205.503271451
-377.894950382 -849.257811832 27.9535588862 -205.074758406
-405.06213873 -836.354799369 25.711169536 -204.679192021
-431.783212076 -823.037532935 22.0554678588 -204.156147243
-458.745330302 -808.867647418 18.7066841658 -203.148081239
-483.461171062 -793.629995159 16.3649474066 -202.755655709
-508.309342005 -777.605860345 12.8082282877 -201.718199909
-534.725224508 -761.050888187 9.30328446142 -200.590231123
-558.198130102 -743.496558829 6.12234132651 -199.317222607
-582.858644239 -725.975315734 4.141673878 -198.865273621
-604.405231974 -705.646649888 0.990959092641 -197.004489206
-627.05787643 -685.566685441 -2.40775106149 -195.105544109
-650.816079912 -666.330196244 -4.82213499439 -194.710659077
-671.621653703 -644.873851506 -7.75249735876 -192.789318015
-692.409254171 -622.775301065 -10.9022440984 -190.688347273
-709.660916607 -599.357159472 -13.7762968092 -187.964645808
-729.67275481 -576.753998801 -15.9370564469 -186.383732376
-748.783280715 -553.208773483 -18.8871105771 -183.825892077
-764.97882593 -527.62225077 -22.0440962565 -180.193987904
-781.230768954 -502.840097846 -24.6355212873 -177.673709423
-797.498031952 -478.251426032 -27.3845720046 -173.893879784
-813.310589568 -452.229873702 -30.1612504696 -169.636989283
-826.650795248 -424.756916686 -33.5293771714 -164.218268086
-840.286749015 -399.162892449 -35.3609385521 -159.839318745
-851.948612767 -370.901236362 -38.7672023679 -152.758291489
-864.567629467 -344.019209184 -41.4496414331 -145.899279668
-874.874118582 -316.206950306 -44.2617687463 -137.749647977
-884.744427715 -287.819203554 -46.2484584785 -129.343035086
-892.795367329 -258.485864848 -49.7203604511 -119.002167637
-901.631228921 -230.019179496 -52.045301233 -107.974124736
-907.356357197 -201.215830786 -53.6153107001 -95.1478882363
-913.876255513 -171.711260466 -55.9841039069 -83.1533575442
-918.682051264 -141.686970349 -57.8204089982 -68.432593651
-923.044387161 -112.079056054 -59.2661227375 -54.0158239322
-927.043922943 -82.4967931522 -60.0951530322 -38.7204551232
-956.529466398 -74.5537306727 -65.7003919799 -32.8382902654
-954.916479707 -104.591054492 -63.9422990976 -48.2012572062
-950.649864284 -134.475279455 -62.1505503983 -63.0020131281
-946.231419941 -163.616480888 -61.2339763104 -76.7070684543
-940.776305736 -193.224220991 -58.8082298837 -91.4771991931
-934.001032784 -222.409515271 -56.6144317134 -103.347111141
-926.50230055 -251.469928244 -54.2533365459 -114.067866097
-918.404653792 -280.206399739 -51.7616926691 -124.559799226
-909.746577259 -308.379486082 -49.5798280087 -134.477784053
-899.767973036 -336.410706161 -47.090321005 -142.821033859
-888.742193205 -364.330203526 -44.0726701048 -149.79479787
-876.940067233 -391.701495671 -41.4841462226 -155.962896185
-864.047201186 -418.789951495 -38.349117741 -162.682931247
-850.645878227 -445.435220794 -35.8428384071 -167.508619677
-836.803433306 -471.912065393 -33.0366623698 -171.703494062
-820.293863877 -496.588488526 -30.8647593683 -175.104519019
-804.776957387 -522.011501129 -27.5444592214 -179.123152006
-788.395156126 -547.46370144 -24.8144445031 -182.246011298
-772.48821848 -571.989882472 -22.2756145047 -185.120530574
-752.330293757 -594.80728478 -19.9378973286 -186.717898441
-735.378565226 -619.017373955 -16.2141948518 -190.163636286
-714.527015264 -641.009909487 -13.9057963826 -191.723439789
-695.003497035 -663.589305367 -11.0058972529 -193.689172679
-672.849409134 -684.139733183 -8.84460016553 -194.617381361
-652.252938179 -704.8494286 -5.17699654551 -196.909332078
-631.131151511 -725.446024183 -2.53910563831 -198.564530009
-605.956288547 -743.654989644 0.0627986762773 -198.892930016
-583.421909763 -762.180372757 2.70208278456 -200.159388187
-559.226264075 -780.308640776 6.79711147145 -201.868039841
-536.013825678 -797.917553281 9.68035652999 -203.125605135
-509.738956634 -813.143174651 12.1661208427 -203.306134217
-484.581919129 -828.611331537 15.7097708702 -204.689274023
-459.350038557 -844.299301437 18.6257330117 -205.970795571
-432.078929748 -857.049593783 21.525338645 -205.575115189
-405.786223778 -870.008286783 24.1092902438 -206.240574272
-378.212809853 -882.202936018 28.3337116802 -206.947721523
-351.470368392 -894.454633677 31.3107614899 -207.697287466
-321.928566905 -903.783914007 34.1563236775 -207.12729918
-294.152343059 -913.547589341 37.8426166659 -207.912138416
-265.355185305 -922.28023632 40.7629433402 -207.759165626
-237.719124832 -930.949549081 43.8015405681 -208.216568363
-207.404892764 -937.020381013 46.570633876 -207.65707048
-178.072138077 -943.032402256 51.3504937779 -207.416639048
-148.526469638 -947.992525527 54.3197284596 -207.13084909
-120.063500974 -953.018780226 57.4498388736 -207.286781734
-89.0496087459 -955.140677338 61.4964291571 -206.60276444
-60.1450780798 -958.401355798 64.9640917106 -206.724654351
-29.9328465662 -959.335860121 67.7333495418 -205.766442922
-0.178850538722 -959.642573208 71.0287525478 -204.909833869
0.1665333205 -959.511554042 71.8395438309 -204.859738753
-0.69125284272 -990.547636292 71.284848452 -207.096171934
-30.8919435622 -990.05592013 67.298847166 -207.486731077
-59.5293229632 -987.471395578 64.0223863419 -207.92198473
-89.9709551164 -985.305077292 60.0635936151 -208.424837072
-119.388386569 -982.28483592 56.3091629352 -208.692206585
-149.401581332 -979.056706846 53.0427163299 -209.470046671
-178.285886892 -973.255153337 50.3471854353 -209.250183627
-207.21005595 -967.354112598 46.498787602 -209.483408867
-236.445157628 -960.684613063 42.9488976696 -209.26099951
-265.627310605 -953.127125423 40.348526337 -209.519355613
-294.063204876 -944.891178758 36.9714349411 -209.145979134
-323.37427555 -935.615921406 33.1742473611 -208.967937251
-351.459701707 -925.255170114 29.7377200734 -208.612685578
-378.336198758 -914.111985922 27.4019709434 -208.456983319
-405.692092106 -902.252404228 24.3146955744 -207.621184888
-432.721004998 -889.58724253 20.577020164 -207.139329429
-460.088565368 -876.51507768 18.3583402568 -207.006577458
-486.226544006 -861.883063418 14.7844660608 -206.191270007
-513.465323857 -847.933505824 11.5617412443 -205.475873737
-538.631600579 -832.342221559 8.15623765567 -204.49961318
-561.777987951 -814.68075492 5.7384417183 -203.416969599
-586.236528051 -796.985189077 2.82353624101 -202.092431245
-609.955920485 -779.318781686 -0.615920344124 -200.671008834
-634.298572436 -760.678539527 -3.17642458733 -200.184914347
-657.003676999 -741.748579748 -5.62921158489 -198.73131117
-679.884026346 -721.423283973 -9.07245328365 -197.265729284
-698.460582078 -699.727253107 -12.2298162381 -194.90658648
-721.869453849 -679.200677795 -13.8862051973 -194.584670038
-742.413720614 -656.799276472 -16.8214203681 -192.299781156
-759.574168224 -633.505302366 -20.1439299015 -189.679618564
-778.485905216 -610.253668098 -22.4758865353 -187.935477475
-797.684220023 -586.981220791 -25.5907726573 -185.560609573
-815.302938276 -563.004938189 -28.1897806486 -183.109439515
-830.344593854 -537.156605202 -31.2989854707 -179.471854697
-847.440232524 -512.454136013 -33.4558154276 -176.964895038
-862.371403107 -486.841855842 -36.0751913936 -173.186792538
-875.649114305 -459.590960816 -39.4461166721 -168.234079656
-890.390889871 -433.636258368 -41.9897831536 -163.168260308
-903.077926945 -406.665708541 -44.3022333454 -158.596122915
-914.558854641 -379.379334006 -46.9715176294 -152.04871349
-924.892726033 -350.654040561 -50.2100705083 -144.282608751
-936.47594458 -323.23958633 -52.7385017219 -136.928046129
-944.684521896 -294.034711871 -55.5314286567 -128.023921115
-953.784037391 -266.345741633 -57.7408273987 -117.836804269
-960.95222338 -237.537724877 -59.9169568865 -107.523801665
-967.532061671 -207.54093246 -62.9083263424 -94.8692312843
-974.236748933 -178.565637386 -64.3929259879 -83.9636156393
-978.951123143 -149.371739689 -65.9042880171 -69.9683080303
-983.427640023 -119.187801406 -67.9372428181 -55.265483311
-986.291659165 -89.5326224605 -68.7776721774 -40.3059455436
-1014.9666721 -104.769934559 -72.7607051263 -46.5704556412
-1010.7095271 -134.527947112 -71.0259276437 -60.7439308262
-1006.97082932 -164.273640197 -69.419672746 -74.0899856245
-1001.32913054 -193.668296335 -67.9870569309 -86.120451827
-994.991541576 -222.61529431 -66.0042956593 -100.302581814
-988.336950668 -251.628963126 -63.845896509 -111.542522012
-980.567194347 -280.566600518 -61.5255409475 -121.237413338
-971.926478109 -309.06359644 -59.0618660587 -130.05425458
-962.387867573 -337.536772075 -56.0661390499 -139.445622447
-952.025459639 -365.544372211 -53.5446532155 -147.208393653
-940.761538561 -393.320544086 -50.7621416765 -153.441702354
-928.702256492 -420.885842285 -48.2483610257 -159.14919236
-915.855174763 -447.808835324 -45.3885785306 -165.105356908
-903.521603128 -475.585736486 -41.9823359751 -170.031746182
-889.361314599 -501.803784045 -39.8081094966 -173.768540243
-873.117310297 -527.062045878 -37.0853492581 -177.036192148
-858.445812466 -553.064026883 -33.82607025 -181.349102479
-840.666190343 -577.542425543 -31.2927423847 -183.642819594
-822.407262226 -601.498416499 -29.2960857276 -185.798704659
-806.027078303 -626.476861964 -25.8719944758 -188.83772643
-787.026347734 -649.445208503 -23.3212841206 -190.62616369
-766.083660009 -671.846195678 -20.9441154231 -192.033108427
-747.653284244 -694.620130805 -18.0478957885 -194.806002556
-725.366597923 -715.55856537 -15.2273256093 -196.037726833
-706.124660107 -737.581377352 -12.369289181 -197.86665987
-683.730131906 -757.722552948 -9.41366582772 -199.495956673
-659.517547063 -776.692794311 -7.04379452591 -200.493324329
-638.457490338 -796.8847671 -3.85648602326 -202.234121971
-614.731439254 -815.017205719 -0.639199280348 -203.690154042
-590.002498395 -832.367613898 2.06210934895 -204.655068007
-564.165173967 -848.453436385 4.58084875404 -204.868772168
-540.845148916 -865.871503551 8.3981035437 -206.85300483
-514.623924244 -881.262911352 11.2363462742 -207.405225829
-488.139016569 -894.834315763 13.5982403459 -207.462181253
-462.970817589 -910.037770499 17.5890235431 -209.110525693
-435.495727695 -922.921377485 20.5662714628 -209.529149962
-406.824711831 -934.244009433 22.8908047121 -209.296103381
-381.090266301 -946.822166414 26.1409789318 -210.227249594
-352.747200147 -957.522476101 30.5369025434 -210.699861319
-325.17392481 -967.870172579 33.3950531616 -211.244133183
-294.619805791 -975.370867738 35.7657815243 -210.635973968
-267.00221856 -984.550388501 40.138234487 -211.594472712
-236.716192069 -990.915719938 42.4754754222 -211.031139614
-209.670566294 -998.754421258 45.5467571744 -211.329227517
-179.423408344 -1004.39965634 48.9920235256 -211.129501209
-150.511621078 -1009.3405024 53.0434751512 -211.160242795
-119.550789228 -1012.21550063 55.9215681603 -210.139964399
-90.7658301805 -1016.12822595 59.4183612566 -210.348038216
-59.4289852994 -1017.44494525 63.2280203071 -209.584330546
-30.1510514696 -1019.54111128 66.6494433482 -209.246003303
-0.759910342644 -1020.46361911 69.8134614487 -208.940629905
0.188500387244 -1019.53201104 69.0256782942 -208.495215143
0.480814529028 -1049.19484287 68.84294259 -210.194582204
-30.0925134675 -1048.7291441 64.8547290608 -210.699789029
-60.1761469577 -1047.62945724 61.1162644055 -211.21719092
-89.8512672627 -1045.50886803 58.5781384346 -211.697692667
-119.738673384 -1042.4667402 55.1465357278 -211.889898646
-148.893375339 -1038.5181248 51.4086758071 -212.128203114
-179.99675115 -1034.77230858 48.7393872646 -213.126048077
-209.732394905 -1029.11702008 44.8169429057 -213.116548164
-238.758380577 -1022.96443444 41.5021999817 -213.129532796
-266.325468712 -1014.35704339 38.9771602045 -212.729425993
-295.345345859 -1006.48735833 35.3452635936 -212.352377955
-325.868720898 -998.915561889 31.6890956455 -212.603942269
-352.004687439 -987.843666332 29.2475782356 -212.126766415
-382.766330173 -978.773333296 25.9756558737 -211.910866499
-409.368584292 -967.563400277 22.7061050575 -211.499056193
-437.750673639 -955.497062244 20.3355669451 -211.440198286
-463.881769954 -942.681208159 16.5558678525 -210.704553517
-490.42716776 -929.042099209 13.342388245 -209.846806959
-516.944549191 -914.715153523 10.8222205584 -209.513199859
-542.741348462 -899.567839178 7.40427752828 -208.25588996
-566.906011724 -882.791608967 4.66738816871 -207.210866144
-591.588625646 -866.514218136 1.18534297224 -206.075214404
-618.352316989 -850.015985824 -1.62852944554 -205.513839875
-641.818063664 -832.139936832 -3.99125613908 -204.697592465
-666.192977445 -813.346963265 -7.38353126009 -203.24172075
-688.64440791 -793.815338387 -10.4043375215 -201.809151934
-711.266696892 -774.344245914 -12.7937845871 -200.80491137
-732.914985934 -753.514280346 -15.7605405079 -198.952149962
-752.614310318 -732.17296982 -18.816539612 -196.989213706
-774.157983495 -711.085698302 -20.8729720478 -196.084151445
-793.908430909 -687.704505059 -24.0409895376 -193.783352758
-812.873876593 -664.960794625 -26.972362504 -191.480795568
-831.792270409 -641.178733353 -29.1304386773 -189.785241097
-848.191637568 -616.992821546 -32.3625030435 -186.659611002
-867.197688718 -593.322381646 -35.0566820133 -184.477458193
-882.902779043 -567.640506833 -37.3286843609 -182.116924297
-898.703076771 -541.789093937 -40.6682669186 -178.30352867
-914.930785673 -516.815535164 -42.7864256184 -174.998527146
-928.098165021 -489.639812435 -45.5884563164 -171.035593398
-942.626814151 -463.997556088 -48.1190163581 -166.816161903
-954.888968192 -435.827060781 -51.3756114448 -160.965189078
-966.825156569 -408.462004865 -53.7471147644 -155.993070269
-978.31880887 -380.570405945 -56.9517055198 -149.192504099
-989.636714556 -353.432223694 -58.8569668208 -141.892308604
-997.955030947 -324.467534315 -61.5982829588 -134.015783458
-1006.97125806 -295.653030949 -64.9367406266 -125.014060419
-1015.92472673 -267.72097759 -66.2863872338 -115.074657774
-1021.44461526 -237.942125717 -68.9434593888 -104.70794718
-1028.7111554 -208.176977753 -71.6023080744 -92.8602952234
-1034.62481881 -179.807056744 -72.2285691323 -81.225087277
-1039.10559154 -149.289146013 -74.67854253 -67.7310202383
-1042.33777 -119.773402714 -75.4806201005 -53.2717371214
-1069.21517473 -156.048161353 -78.6759935654 -69.9338013406
-1063.71823147 -185.753983013 -76.9401148205 -82.1754355121
-1058.859838 -215.301986237 -75.5029105659 -95.1678572038
-1051.9909074 -244.255786077 -73.4469660034 -104.936789829
-1044.83971254 -273.205968284 -71.1157417694 -116.036201534
-1036.75858642 -302.011340434 -68.9576334701 -125.396335041
-1028.13127184 -330.448089268 -66.5168963834 -133.377142767
-1017.85998072 -359.146605259 -63.2721206444 -141.995881196
-1007.40340899 -387.169389211 -60.6522244992 -148.924127038
-996.394268406 -414.7695659 -58.0386857653 -154.582576137
-984.64866669 -442.211868526 -55.1135560806 -161.12170878
-971.631699469 -469.522635387 -52.7987952585 -165.938333236
-958.618603706 -495.877381463 -50.3043037471 -169.914587691
-944.788141564 -522.117752455 -47.2854462538 -174.554859659
-930.932943789 -549.431308852 -44.2260723628 -178.102201413
-914.463767136 -574.09292941 -42.066305667 -180.934342281
-898.039625675 -599.281438015 -38.9285447575 -184.616838551
-880.553213521 -623.603205735 -36.8800796388 -186.545908261
-864.922812229 -648.467551717 -33.8437506129 -188.92140914
-846.033320537 -671.73031102 -30.6495851996 -191.77670857
-825.954780857 -694.662390216 -28.476889204 -192.997070748
-808.415878119 -717.97443512 -26.1377184031 -195.484103886
-786.747914126 -739.920124524 -22.6434903707 -197.582247714
-765.007699074 -760.56548299 -20.3769740446 -198.624765351
-746.129619542 -782.514611137 -17.7489294445 -200.613301837
-721.245196358 -801.924407282 -14.3185694016 -201.453914756
-701.450219321 -822.938137341 -11.8168899435 -203.463203266
-677.814662947 -841.470105668 -9.22285665476 -204.306619888
-654.752147111 -860.247432084 -5.89041138003 -206.171733552
-629.986480025 -877.723952308 -3.21538883392 -206.899462175
-605.257598493 -893.720703855 -1.06887709314 -207.261700509
-581.202159886 -911.162719075 2.9161355991 -209.055061323
-554.280231103 -925.856525977 5.2948257722 -209.245128621
-530.919181635 -941.967003537 8.11631962298 -210.808836957
-503.381139004 -956.071741104 11.8634037629 -211.597601814
-475.375939666 -968.868592859 14.4942264698 -211.201530309
-450.084503074 -982.435071483 17.1929735172 -212.376470514
-422.671323868 -994.347145915 21.1137724985 -213.056631953
-393.686660932 -1004.50033421 23.6463286252 -212.501090799
-367.220267654 -1016.11271911 26.3253015845 -213.621323538
-338.005642678 -1025.84248959 30.494083903 -214.085347282
-308.989225296 -1033.8082755 32.9323196215 -213.785675345
-282.194704814 -1042.95322663 35.9107938111 -214.606106982
-251.766918265 -1049.46026948 39.7279275662 -213.979863683
-223.803637408 -1057.08107853 42.7687273989 -214.406720117
-194.096779092 -1062.9072999 45.5560705724 -214.351095716
-162.953796234 -1066.52911382 49.6698507316 -213.86399533
-135.293642665 -1071.76746992 52.3168055208 -213.896666587
-105.485652334 -1075.31529206 55.533327704 -213.887650288
-75.8783462728 -1078.05780549 59.9601676611 -213.460606392
-44.7964967016 -1078.21273583 62.5310306197 -212.507262788
-15.3984203029 -1079.72166508 65.7682313871 -212.27556196
-1.05059259623 -1080.21704398 68.1296196954 -212.359401439
-0.539506140678 -1110.38679678 67.2098027097 -213.47704675
-29.6096091879 -1108.74940699 62.9156901153 -213.544234694
-59.7878667496 -1107.63898169 60.4272323353 -214.245153659
-89.0967488736 -1105.32896456 56.6245135054 -214.559961951
-120.787166914 -1103.78928013 53.0029155223 -215.211597376
-149.719721273 -1100.1736606 50.8235418448 -215.690462818
-179.568003473 -1095.9077321 46.8278618838 -215.715110241
-208.476348405 -1090.42532667 43.3387801638 -215.916996645
-238.805089617 -1084.37846643 40.9508685339 -215.853761722
-267.525292935 -1077.53286726 37.317387055 -215.951892594
-296.394695207 -1069.88924316 33.6614708877 -215.983247192
-325.148451599 -1061.93188267 31.5578121087 -215.897453942
-352.404169775 -1051.49327654 27.7967557517 -214.612934667
-380.850862682 -1041.62688395 24.0168039856 -214.225100284
-410.510732865 -1032.40454654 22.1029027078 -215.027236141
-438.356476834 -1020.77350891 18.2475434737 -214.380468031
-464.400429372 -1008.43404213 15.1973717161 -213.403050308
-489.917188348 -994.400111113 12.6213199732 -212.599992739
-517.636147644 -980.939089132 9.09340004153 -211.804371842
-543.489435965 -966.838615384 5.9799751237 -210.769160157
-571.070536142 -953.153345652 3.88836003183 -211.226745725
-596.315320593 -937.232644165 0.281943327402 -210.139018687
-621.407833723 -920.816529357 -2.78610807093 -208.874006391
-645.772271628 -903.878022365 -4.87759640249 -208.328733414
-669.361049768 -886.16985265 -8.11584865394 -206.982906537
-692.087679467 -866.67606172 -11.363445567 -204.73266204
-716.292311878 -848.681961891 -13.6852566889 -204.767328462
-738.935193674 -828.793963128 -16.5800561337 -203.325614753
-759.34880853 -808.096677098 -19.9443107841 -200.810691522
-782.920593479 -787.965997182 -21.8629324225 -200.453755643
-802.301774816 -765.934405985 -25.252032977 -198.079226113
-824.773118584 -744.746516795 -27.668714711 -196.512725234
-842.414121107 -721.221310349 -29.9848805672 -194.625700647
-861.306347437 -698.587888219 -32.8992060449 -192.293810239
-881.972525068 -675.733607088 -35.7492951469 -190.537534019
-897.972171646 -650.883725194 -38.2245704801 -188.501166671
-916.980547637 -627.303365964 -40.9192531275 -185.955479999
-932.447294634 -601.603518518 -43.7093883298 -182.793618379
-948.603445671 -576.235170091 -46.2517102413 -180.600917598
-962.683797912 -550.476047458 -49.0148455921 -176.588589479
-978.679034023 -525.151267114 -51.4804088408 -173.027177731
-992.60240545 -498.518260212 -53.9980865501 -169.660231172
-1004.7000942 -470.686053444 -56.8872166664 -164.427479751
-1017.2239318 -443.264765947 -60.1006649177 -158.855055643
-1029.16792699 -417.077282114 -61.8228125771 -154.513933489
-1039.33485801 -388.00855621 -65.0249508983 -147.28451672
-1049.58996857 -359.759908255 -67.8850797867 -139.719448845
-1059.12899453 -331.335388481 -70.7385566737 -133.010493759
-1068.25038967 -303.730731938 -72.3076285185 -124.209330804
-1074.12127381 -274.267077231 -74.7465377671 -113.826981334
-1081.46389253 -245.181232689 -76.9132288242 -104.511586351
-1089.53419695 -215.576386891 -79.5600445905 -93.3036061332
-1094.59163043 -187.017464067 -80.0770597952 -80.9322395242
-1098.810068 -156.214456206 -83.1597710948 -68.9683328408
-1129.7491454 -157.496208311 -86.287766366 -67.2040484229
-1125.32457625 -187.016985558 -84.7131873517 -79.7797398267
-1118.753689 -216.310023866 -83.2194549697 -92.3414023513
-1112.22682442 -245.478698443 -81.2162794563 -102.364100458
-1105.3481299 -274.74442901 -79.0743084055 -112.226988811
-1099.26537598 -304.262154388 -76.5330156345 -123.07158242
-1090.79299442 -333.074173214 -74.4147342274 -131.312054125
-1081.69763799 -361.698810608 -71.8963290976 -138.895340962
-1070.82039304 -388.917978873 -69.224186502 -146.109160268
-1060.44470007 -416.867131022 -66.7891700916 -152.184300802
-1049.35443449 -444.487321754 -64.1371327538 -157.387184845
-1036.99825365 -472.032652486 -61.2916029508 -163.64742044
-1024.38049715 -499.037691188 -58.6927985082 -167.774240112
-1010.55285285 -525.90919964 -56.46676668 -171.581570041
-997.525672934 -553.310951384 -53.0042533907 -176.410233125
-982.820398232 -579.066203704 -50.5218167455 -179.30116072
-966.460738281 -604.080233453 -48.0878446287 -181.60160534
-950.069673067 -629.402321587 -45.0511060656 -185.565518136
-932.867165982 -653.959139774 -42.8756334612 -187.292152021
-916.798417443 -679.021703178 -40.3203112913 -189.890426099
-896.813116422 -702.213613579 -37.0972006437 -191.97711939
-880.178444135 -726.535791098 -34.4593856193 -194.330131431
-860.057378697 -748.446072058 -32.2900410801 -195.902951111
-840.598150394 -771.550675097 -29.0194814396 -198.546508134
-819.653713982 -792.914069392 -26.8534317385 -199.732851245
-797.15640652 -813.648048142 -24.3432488124 -200.543383087
-776.56998714 -834.961548128 -20.6982168539 -203.20501777
-753.258958713 -854.569297633 -18.767914694 -203.521272385
-732.787716712 -874.867435113 -15.9391606169 -205.494698931
-706.848385878 -893.045377838 -12.6495394893 -206.707011009
-685.817523362 -912.126115569 -9.89257447135 -208.188615495
-660.638705737 -929.853066542 -7.78044446125 -208.911384991
-635.190456542 -945.821843493 -4.08596397191 -209.891552349
-612.042582742 -963.387517492 -1.25635833354 -211.078933024
-585.594344091 -978.58963748 1.28394807144 -211.793487032
-558.124999662 -992.912386161 5.08551975679 -212.327593989
-534.412530215 -1008.29294273 7.42229673242 -213.705762684
-506.396624024 -1021.82193781 10.4602384159 -213.797833466
-480.168438731 -1034.95614418 14.1507731508 -215.210976372
-452.569234166 -1047.04299673 16.6057351507 -215.253605163
-422.849929853 -1057.49647328 19.2357107418 -215.108521736
-397.712087405 -1069.24227107 22.8046749766 -216.453613207
-368.466878953 -1079.32277596 25.9707598088 -216.421303898
-338.5936283 -1086.9465279 28.3091449738 -215.846280355
-309.376621869 -1095.55061367 32.5533635398 -216.546237063
-282.676748233 -1104.64309182 35.3052917538 -217.217917472
-253.017168074 -1111.88186979 37.9698828342 -217.231498866
-222.122912794 -1116.75379142 41.7596529507 -216.945983361
-194.443430738 -1123.35445487 44.7777735426 -217.216162024
-164.942757147 -1128.28893927 47.3270307326 -217.113897035
-135.637608429 -1132.07043156 51.3880965124 -217.162710574
-106.169289762 -1135.53977779 54.3590818012 -216.721641809
-74.588664045 -1136.77043128 57.0526422607 -215.907982565
-44.1668683431 -1138.16647331 61.205014501 -215.423527104
-15.1311641047 -1139.844836 64.2797613768 -215.474268755
-0.498035964517 -1140.17873074 65.482750656 -215.089994947
-0.446196737625 -1170.45085244 65.8806843712 -216.710976899
-29.4527120638 -1168.71879608 61.879863935 -216.677923587
-59.0751765371 -1167.28141422 58.0717090916 -217.198799529
-90.2690919827 -1166.83165169 56.379078978 -218.189205218
-118.960439816 -1162.96690908 51.7633140377 -217.790451035
-147.97362339 -1159.41972308 48.2522095443 -217.959088035
-179.141937552 -1156.37516116 46.2553294631 -218.526679277
-208.973880079 -1151.61748516 42.6743754816 -218.889545009
-238.614061899 -1146.17831088 39.0349382798 -218.632020657
-267.297733536 -1139.27813839 37.0143088452 -218.762063114
-297.014491494 -1132.31523567 33.0748461999 -218.461411674
-325.891527493 -1124.43487693 29.420051228 -218.423779483
-354.161415056 -1115.79709124 27.4426771623 -218.382008646
-382.590624274 -1106.45335894 23.8184411036 -217.699112085
-410.596769743 -1096.3298258 20.2750303023 -217.318823393
-439.013254319 -1085.47209192 18.3258213841 -217.254776989
-464.834853362 -1074.00320715 14.8125641884 -216.601438359
-492.398783358 -1061.89101999 11.4510647706 -215.805713376
-520.76055415 -1048.89575152 9.06726211188 -215.665226929
-547.01589294 -1035.45301538 5.80180740387 -214.791740229
-572.446453865 -1021.06625289 2.81157949026 -213.43659201
-598.501505956 -1006.04788799 0.495203439425 -213.39750484
-623.482863425 -990.83641378 -2.71966725869 -212.358030775
-647.655707731 -973.206339462 -6.32043213016 -210.238071828
-674.015319061 -957.007321167 -8.18521277454 -210.767569192
-695.774479449 -938.997043143 -11.6323581695 -208.363273663
-719.683139441 -920.613813049 -14.7686240907 -207.05910733
-744.398110322 -903.078729654 -16.7942752205 -207.274811849
-767.970499684 -883.690454018 -19.820721436 -205.486847043
-789.701565625 -863.867487458 -23.1701430644 -203.937066806
-810.116666411 -842.705814993 -24.9129913095 -202.383520914
-833.610560449 -822.638044714 -28.1158588917 -201.338923431
-854.432673855 -801.276519457 -30.75042446 -199.409931555
-873.48124335 -778.747550383 -32.9289490192 -198.37351762
-892.054881973 -755.392577937 -36.0933909593 -195.460506136
-913.323400658 -733.560471913 -38.7828527785 -193.856094717
-931.030407357 -709.959992085 -40.9599096954 -192.552857065
-948.989945055 -686.059843953 -43.9659913222 -189.756299907
-965.352568798 -660.544456245 -46.9212777251 -186.99638778
-981.345444928 -635.640949063 -48.9276947861 -184.598304245
-998.457715888 -611.544280445 -51.7969996301 -182.13719491
-1013.11634816 -584.579871719 -54.8853531888 -177.957896681
-1027.95772076 -558.331477787 -57.14138747 -175.711003237
-1041.0253985 -532.143957446 -60.1267596359 -171.442770632
-1055.14196304 -506.633193126 -62.5072606126 -167.154766707
-1066.91888776 -478.390375282 -65.1290557958 -163.243944606
-1079.17794244 -450.839439187 -68.2974243789 -157.620166188
-1090.8950875 -424.218801937 -70.4291303974 -151.826653324
-1101.3627805 -394.944964076 -73.607914195 -146.376663012
-1111.32765588 -367.984454062 -75.4466371176 -138.955457358
-1118.77088291 -338.772688902 -78.5630266654 -130.523911054
-1127.45128766 -309.902303572 -80.4319646178 -123.119297069
-1135.83360726 -280.807639891 -83.4893950384 -113.288818829
-1142.91259907 -252.569893493 -84.7829157521 -103.811654555
-1149.00655157 -223.58935225 -86.3022718808 -93.7994539263
-1152.7317132 -193.076686012 -88.8201425697 -80.2154301633
-1180.71884198 -208.677063332 -91.4671117461 -84.9916766812
-1175.6880743 -237.543976818 -89.9834986885 -97.5219622163
-1169.22548298 -266.916497202 -88.134946381 -106.77703542
-1162.05853016 -295.996868749 -85.9805301017 -116.242316629
-1153.96048171 -325.015667776 -83.4489148881 -125.886743274
-1145.41752378 -353.793376011 -81.01062479 -133.173526437
-1136.68861944 -381.977705929 -78.687559684 -139.85753334
-1127.86288816 -411.386542164 -75.4457886569 -148.21865434
-1117.08707172 -439.408866754 -73.3054856791 -153.791514954
-1106.04264977 -466.976598435 -70.7046462852 -158.683916278
-1093.36683095 -493.191046984 -68.2446369995 -164.311507083
-1081.3565228 -521.510011458 -65.3178677287 -168.517741814
-1068.82253963 -547.777764541 -62.7281123676 -171.862347877
-1053.18527614 -573.453685382 -60.044807203 -176.188077724
-1039.90310299 -600.646407479 -57.5153773127 -179.525474453
-1023.61484337 -625.144874164 -55.0974436029 -181.574085794
-1007.63385311 -650.824356905 -51.9014934778 -185.624664723
-990.409548637 -675.605501767 -49.8076765729 -187.1495995
-974.999628587 -701.215532795 -46.8646886004 -189.658630625
-957.195271111 -725.10667777 -43.9068860259 -192.57644025
-938.598643194 -747.868259002 -41.4587867873 -194.230266995
-918.488414834 -770.908053506 -39.3403744803 -195.25235505
-897.934946415 -793.777398417 -35.8789369394 -198.150956381
-880.328443685 -817.171696254 -33.7925432452 -200.115753254
-859.164315162 -838.301102241 -31.3858964528 -201.081269741
-839.166860618 -859.467103058 -27.7455603106 -203.885962961
-816.244117066 -879.90815406 -25.2871149836 -204.612738786
-792.75542087 -899.54726087 -23.4761901593 -205.071507393
-770.317328801 -918.730971831 -19.9850416066 -207.207980659
-749.628084066 -938.930821299 -17.3141231818 -208.599524518
-725.39986 -956.583477324 -15.1634809315 -209.464755673
-699.696122416 -973.839847314 -11.5545577906 -210.658629122
-677.283279548 -992.297259589 -9.28949085863 -212.205592485
-652.352873375 -1008.45987389 -6.45346829517 -212.65511264
-626.678706818 -1024.6765122 -2.54835865259 -214.083374823
-600.542879716 -1039.25068788 -0.429765074642 -214.764850397
-573.031968869 -1053.10842241 1.8721752232 -214.60026402
-548.527155764 -1068.35266395 5.95455517438 -216.478617911
-520.971479728 -1081.29410996 8.70566462534 -216.628446181
-492.573093738 -1092.99966333 10.5221699292 -216.601089039
-464.959531097 -1104.84881153 14.662923621 -217.604474991
-439.617977425 -1117.47152321 17.6374129237 -218.624430247
-411.195577989 -1127.86040726 20.1057781597 -218.675925963
-383.747404189 -1138.00294269 23.9097307983 -219.54182278
-354.865863075 -1146.9167243 26.3634873148 -219.546960335
-323.827658697 -1154.29592061 28.8696201414 -218.911915044
-297.291384235 -1163.08150377 33.0932884598 -220.213751359
-267.681108398 -1169.98799342 35.4906677304 -220.050197875
-236.637430757 -1175.02948192 38.2844447532 -219.256991338
-208.496361206 -1181.94434258 42.7128628278 -220.3287428
-178.284423096 -1185.38619328 44.8692155703 -219.408969571
-150.068431134 -1190.74349114 47.6816475528 -219.504578959
-119.593922236 -1194.00766007 52.205539792 -219.516527343
-90.3269100254 -1196.9237054 54.8102692321 -219.675448721
-59.3665573542 -1197.71182231 56.9622550674 -218.50281457
-30.3711535534 -1198.83388987 61.3335347734 -218.228718891
-1.16542931602 -1200.41457217 64.3185519878 -218.358593549
-0.995682848749 -1200.23214385 64.0227729992 -217.890606351
-1.07037890547 -1230.18623503 64.1098116213 -219.625173873
-31.2833942521 -1230.01901263 60.3014602396 -220.179818495
-60.5411398159 -1228.75081238 56.7171328899 -220.551222277
-89.7674720906 -1225.88003453 54.628162651 -220.366063169
-119.17488736 -1222.95839026 50.373300352 -220.610984393
-150.596318986 -1221.14473853 46.9200459975 -220.972934104
-179.387891041 -1216.03012203 45.0198030064 -221.206785495
-209.470001923 -1212.23435553 41.2219430537 -221.53428888
-239.28022683 -1206.80089089 37.643128375 -221.144989435
-268.745617717 -1200.92531573 35.8797886384 -221.652144265
-295.651650744 -1192.83890655 31.7610444692 -220.681586401
-324.161710964 -1185.00795403 27.984013564 -220.467636926
-355.033952408 -1177.92277821 26.5932148137 -221.182037689
-384.234998576 -1169.47812898 22.9130150994 -220.643099983
-412.099124155 -1159.32466256 19.4388228913 -220.26339082
-440.277541333 -1148.90132782 17.4824506013 -220.056497874
-468.406067202 -1138.3048861 14.0267529652 -219.450419532
-493.635230153 -1125.28400241 10.3948719558 -217.939832451
-523.254498192 -1114.22730507 8.560975204 -218.87209591
-550.536721907 -1101.16143029 5.05039721863 -217.949815047
-576.351263937 -1087.63524386 1.70792345563 -216.612644367
-603.157513237 -1072.8656069 -0.0829651610928 -216.405168238
-627.394184877 -1057.10275013 -3.83515724496 -214.805676454
-652.268406719 -1041.40865754 -6.55037692256 -213.94578813
-679.797283745 -1026.61966171 -9.26123604548 -213.537673327
-704.722963527 -1009.52942858 -12.444394831 -212.094488844
-728.299068703 -991.990054624 -14.4401107167 -211.510296444
-751.769757485 -974.113331406 -17.5006776451 -210.145117006
-774.134901797 -954.488888083 -21.2400994491 -208.025015247
-799.731658739 -936.388322293 -22.6375846966 -208.545523456
-822.555570986 -916.72182223 -25.8715174889 -206.681102173
-842.641116713 -896.246071272 -28.8442770933 -204.68595062
-864.652977058 -875.230333494 -30.8158989103 -203.880238926
-884.978154863 -853.951350776 -33.6373253931 -201.774257098
-904.667036682 -831.89127389 -37.1964470089 -199.316276995
-925.691842082 -809.72167478 -38.6959920402 -198.872731117
-944.897680979 -786.637746983 -41.9273662382 -196.040365564
-963.009252527 -763.18227196 -45.0095765674 -193.813330734
-981.132124471 -739.67592172 -46.8074897697 -192.583072711
-1001.00637732 -716.544044072 -49.6059391363 -190.533061899
-1018.24077857 -691.568958914 -52.6827324916 -187.632278862
-1032.95117059 -665.828463297 -54.9168023119 -185.39973314
-1050.91654226 -641.26040158 -57.4805497217 -182.551996762
-1064.78868886 -614.619843163 -60.6602628498 -179.195578369
-1080.69934577 -589.5839317 -62.2976992454 -177.19700954
-1093.41573493 -561.769709918 -65.9074762966 -172.724369796
-1106.53576247 -535.196762907 -69.0294854521 -168.195231982
-1120.29514316 -509.252708734 -70.3062866019 -165.350812741
-1131.66762849 -480.510157101 -73.8822604169 -159.825273834
-1143.17056169 -452.92100926 -76.9559515754 -154.174940196
-1153.6546098 -425.205069004 -79.0823609419 -149.561625876
-1164.69569762 -397.826803399 -81.2782718681 -143.020946062
-1172.21128793 -368.75717158 -84.3084478667 -135.157388168
-1182.55047712 -340.71095837 -86.0019772116 -128.873062824
-1188.75371148 -311.051025388 -88.7976165665 -119.10690977
-1197.25946508 -281.783471615 -91.5167726982 -109.81624768
-1204.02829904 -252.146779125 -93.5041101701 -101.150031331
-1209.47948247 -223.678817144 -94.4506473195 -89.9489583975
-1213.87625138 -193.438319235 -96.7674096853 -77.6365232349
-1242.98093856 -208.731912941 -99.7454533391 -82.2604493236
-1238.48198779 -238.398563284 -97.8223712843 -92.0647406626
-1231.38696727 -268.16348116 -96.1067938119 -101.837158743
-1223.27684717 -296.532461949 -94.0721754914 -114.086021091
-1216.04839058 -325.57631939 -92.1263381185 -122.339494653
-1207.65723215 -354.404312805 -89.7002713083 -129.787835554
-1200.48613831 -384.048718237 -86.6862518154 -138.658420402
-1190.97459514 -412.520250919 -84.1971610267 -144.801570887
-1180.73716165 -440.772019685 -81.7644011446 -149.988948668
-1169.96921224 -468.613694738 -78.8645557842 -156.508379358
-1158.26854917 -496.479148474 -76.4848838021 -161.044945796
-1146.26871169 -523.912547115 -74.0304632208 -165.062088007
-1133.48940536 -550.964175062 -70.6908786336 -170.096478433
-1119.8548349 -577.739719732 -68.4938216127 -173.380207314
-1105.42600896 -603.279052595 -65.8043095695 -176.855676106
-1091.2825419 -630.160967899 -63.2729049996 -179.975317493
-1075.31689529 -655.336978755 -60.6488438127 -182.925751979
-1060.15794404 -681.540886779 -57.7832790264 -185.548772129
-1044.00085057 -706.523417669 -55.7988025584 -188.018257252
-1024.87271951 -730.378891441 -52.3170005021 -190.843046381
-1008.0788377 -755.839046975 -50.1110480981 -192.745716682
-990.638920161 -779.313414556 -47.1585277546 -195.269665878
-971.999368115 -803.222256196 -44.4318471487 -197.482162379
-950.938492771 -825.067923533 -41.9861480377 -198.572098076
-932.527069575 -847.453950689 -39.9309070071 -200.790098846
-912.289821804 -870.394181948 -37.1171919361 -202.125586616
-891.72806891 -891.485068306 -33.4206364332 -204.903406744
-868.031235479 -911.920570783 -31.4343462749 -205.100399481
-847.372500875 -932.578589426 -28.7545245173 -206.816079345
-826.554791802 -952.866624194 -26.1480763248 -208.71722167
-801.753346802 -971.612259882 -24.2017718792 -208.70312547
-777.724238951 -990.451400054 -20.3295309961 -210.880516855
-754.842515213 -1008.91206257 -17.9161373457 -211.775306921
-731.420395861 -1027.31276135 -15.7018743511 -212.986878202
-707.334513409 -1044.30062772 -11.8773600367 -214.952383513
-679.882982816 -1059.86176207 -9.82255740198 -214.709019543
-655.073996519 -1075.72876797 -6.79455541615 -215.831607824
-629.648191953 -1091.27029565 -3.97979873098 -216.801426605
-603.544997813 -1106.14186966 -0.936187554151 -217.652563259
-576.52994474 -1119.95243696 1.8444845597 -218.413988542
-552.212419137 -1134.15315955 5.00384833404 -219.552455278
-523.285847211 -1145.86990989 7.31180629945 -219.424457832
-496.743140707 -1157.66545244 10.6797218987 -220.204206928
-470.5919066 -1170.34164432 13.687564806 -221.203898238
-440.054474269 -1180.07675627 16.8875685153 -221.065620423
-413.591638243 -1191.22620437 19.4348920087 -222.041174112
-384.030374142 -1199.46490281 22.5808290257 -221.920029698
-357.033826611 -1209.51233065 25.3443665826 -222.671903108
-326.498621052 -1216.28886675 28.6703045847 -222.32198666
-299.353855857 -1225.35072183 31.5200582571 -223.161438398
-267.452260822 -1230.77447787 33.6111219026 -222.256298629
-240.482655336 -1237.83290566 38.5944494937 -223.352699489
-208.848060815 -1242.16721394 40.668814487 -222.949410226
-180.198575364 -1247.10286406 44.1387114183 -222.921422696
-150.096587863 -1250.78359553 46.8036203034 -222.596330694
-120.831768266 -1254.44651694 50.325944648 -222.553248687
-89.8667426428 -1256.38116277 53.3713347375 -222.150263032
-59.3429113878 -1257.81402112 56.7779376183 -221.537873903
-29.3903838837 -1258.57402484 59.4084491438 -221.354886724
-1.31444643502 -1260.57229341 63.2895542197 -221.096472141
-0.367430196469 -1259.82243231 62.6501747382 -221.036142611
-0.312531165898 -1279.49076004 62.408962589 -221.778028004
-29.9528957439 -1278.96550293 59.2682291842 -221.995295292
-60.1014673638 -1278.19049992 56.2516897146 -222.736620014
-89.0641471551 -1275.94932953 53.1735090071 -222.699486496
-121.102685343 -1275.33199452 50.4718782201 -223.584005544
-150.083629158 -1271.87236521 46.890623555 -223.620238604
-179.083700557 -1266.81390516 43.8307577404 -223.69671065
-208.368964041 -1261.96723906 40.3344977576 -223.461413886
-237.401297111 -1256.99005862 37.6063609706 -223.69314612
-266.722019777 -1251.22585579 34.1200245665 -223.429643289
-296.343424592 -1244.35217295 31.290208884 -223.542217641
-326.862710957 -1238.56784589 28.1798195653 -223.783181394
-354.467025106 -1229.55877177 25.7217884244 -223.323906252
-383.894625181 -1222.18958517 22.5588492213 -223.469591083
-410.433598267 -1211.75882416 19.781859507 -222.655689376
-439.506537949 -1201.53472915 16.0045024579 -222.215141331
-467.518032087 -1191.0526329 13.7286860285 -221.920093614
-497.389150699 -1181.3525241 10.3859176705 -221.827181891
-524.2869371 -1169.20694005 8.07710034376 -221.164023686
-549.593229544 -1155.67186482 4.44247709634 -220.005439068
-576.58354047 -1142.51766714 1.91024218755 -219.483746834
-604.821895797 -1129.68802096 -1.01504117805 -219.090313822
-628.817781836 -1114.60856642 -3.78228498373 -218.177164693
-653.530678087 -1099.30091244 -6.83313345377 -216.936617416
-679.419476373 -1083.89512662 -9.19980470829 -216.197776261
-705.150446425 -1067.56718783 -12.3666197945 -214.856409869
-731.524923066 -1051.94622497 -14.7800066833 -214.74999197
-754.113356589 -1033.60775432 -18.1324246184 -212.785541082
-779.878523979 -1016.36957309 -20.4149166441 -212.575333273
-801.241134176 -997.156350155 -23.4272466478 -210.553184982
-826.234768033 -979.076302867 -25.7417340426 -210.115892006
-848.660969046 -959.922747797 -28.3310071009 -208.809989892
-870.717304549 -939.385396844 -30.9379924254 -207.327969411
-890.953973087 -917.792634493 -34.1548955083 -204.999030768
-911.758433738 -897.214731734 -36.4575139283 -203.754713166
-933.151340184 -875.739536275 -39.2918370214 -202.037643416
-955.173768056 -854.406095607 -41.5654707495 -201.149223351
-974.754119557 -831.458795775 -44.3896763254 -199.151786867
-992.798918773 -808.344444229 -46.7908919392 -197.013537432
-1012.39186382 -785.217885259 -49.4010705087 -195.232811321
-1028.78226665 -760.816534252 -52.3197810279 -192.860976758
-1048.01382129 -736.701179313 -54.8221695479 -190.75034666
-1062.33001936 -711.33918632 -57.7814225019 -188.069593462
-1079.59180065 -687.421663112 -60.3057654739 -185.607337471
-1095.54546546 -660.991952173 -63.0426426505 -183.113322064
-1111.22800768 -635.771245152 -65.4677447917 -179.983832545
-1125.45141438 -610.055420144 -67.9207076069 -176.944115974
-1140.07923911 -583.074518534 -70.5974423822 -173.331093866
-1152.43314027 -556.214978578 -73.3978781564 -169.671988756
-1165.71152004 -529.633477405 -75.8975058905 -165.576633686
-1177.01685216 -501.791258843 -78.480158152 -161.087200782
-1188.07581933 -473.336652662 -81.6198522673 -155.748426925
-1199.37537024 -445.87020806 -84.1624855886 -150.849993716
-1210.34279302 -418.499721463 -86.4813140514 -144.944318923
-1218.80883656 -390.441527238 -88.5955941925 -138.592575043
-1227.02666713 -360.694279937 -91.8271219309 -130.999901421
-1236.43679487 -332.825633035 -94.0617679188 -122.67493601
-1244.13217009 -303.794961273 -95.9146592173 -115.88362067
-1250.22157057 -275.020247285 -97.663081933 -105.577513796
-1255.83225517 -245.354476477 -99.5761266943 -95.5277826187
-1261.28463363 -215.540837919 -101.826988702 -84.8722205376
-1100.25688845 141.838191711 -82.9527517992 71.3226955507
-1095.45802925 171.843638704 -81.5250504254 84.6711761552
-1091.70790954 201.087417674 -79.7733911657 96.5027451548
-1085.38182915 230.556633141 -77.8603943559 106.934281639
-1080.3320225 259.859403891 -76.0113773607 117.365499055
-1071.78645012 287.908630515 -71.8290649937 127.045871824
-1062.35832533 317.940229152 -70.6420223339 136.138065859
-1055.60277722 346.014448191 -67.9744958101 142.827522157
-1043.61986734 373.557164512 -64.4306556309 151.020302141
-1035.6272154 402.433317645 -62.582794519 156.021342286
-1022.39880293 429.418020937 -59.1907696509 163.106111588
-1010.76929852 458.140323797 -56.9673380558 168.533648995
-999.363563257 484.454879769 -54.4387439857 171.707111135
-983.365839581 510.902021855 -51.0718649368 176.946542016
-970.819930084 538.364230512 -48.6989388786 180.792073738
-954.175299054 563.456877763 -45.3567707791 183.604277866
-941.151112731 588.559289524 -43.3219967395 186.101824002
-922.878505978 614.294193817 -39.9024913287 189.992315037
-906.299782729 638.815098687 -37.6668744137 191.761821821
-889.660682964 664.114558593 -34.9548284236 194.157843606
-873.031963469 686.059671276 -31.7334790365 195.704573757
-851.298316111 710.133278261 -29.2983675137 197.999704856
-831.741653692 733.329535231 -26.267674278 200.210051789
-812.648405594 755.876858812 -23.8973497619 201.561511085
-792.951490781 776.243948335 -21.1324913393 202.565269036
-772.484477012 797.212332238 -17.9569754762 204.239646575
-751.025218766 817.649034988 -15.627371537 205.143136638
-725.731278975 838.548642754 -12.2044950942 207.620350321
-704.705688012 857.067806535 -9.7232856932 207.898744956
-679.142756111 876.734047728 -6.546621729 209.964381371
-654.943666331 894.55441654 -3.37241461094 211.449860115
-633.651540318 911.16505 -1.00829280767 210.797884921
-608.707536281 927.792172355 2.09573621701 211.826691172
-581.215561444 944.790761831 5.21276348516 213.567133764
-557.1463982 960.80922936 7.70876047614 214.130211156
-530.709363927 975.475671609 11.4006536463 214.841835973
-506.03074837 987.824658014 13.9735439765 214.315888092
-478.813082489 1001.50210821 17.6068692583 215.016682857
-450.893133335 1014.70040821 20.2037920447 215.980466028
-423.310076357 1027.19516671 23.2898571905 216.862510438
-395.051010453 1037.77940949 26.8437372353 217.059911798
-367.496562806 1048.25090607 29.1099939554 216.966009761
-338.830549671 1057.88444751 33.2234306048 217.220719629
-310.605920696 1065.88366061 36.0684271563 216.995208135
-280.897566861 1074.15773188 39.1501814394 217.52819329
-252.520420618 1081.75077548 42.8336971812 217.736482372
-223.687576513 1088.19706228 45.423533746 216.781678245
-193.204653701 1093.43762649 49.1995445392 216.860495349
-162.956019052 1097.41751568 52.3488383557 216.625968283
-133.620357308 1101.8185634 55.7440851283 216.578018544
-103.810569728 1105.14831519 59.3395884035 215.954643671
-74.0276848954 1107.31987373 62.049090618 215.305118813
-44.766290352 1109.41594653 65.6511873958 214.796595225
-15.970689747 1110.21611158 69.3117807937 213.865774708
0.16346712478 1110.57537887 70.3204827807 213.881478587
-0.660621534275 1080.46234721 71.2433357542 211.927735907
-29.0149592393 1079.56412407 68.1296986159 212.954860378
-60.6514957613 1078.21578502 63.9635901257 213.207073762
-88.7478503834 1076.13859079 61.1963118353 214.143565761
-119.234874261 1073.9611195 57.7419220199 214.901452014
-150.353154739 1070.05266777 53.9566729664 214.294314349
-177.959819753 1065.11186603 51.1056724561 215.543849642
-207.863086855 1060.10631504 47.9906775225 215.451357095
-238.447201142 1053.09292319 43.9499327192 214.617546711
-265.074567538 1046.39853733 41.2338314564 216.065671529
-295.76212254 1039.72969009 38.2381554392 215.870451001
-322.189004697 1030.06174579 34.6401652115 215.698810445
-352.597905189 1021.79663969 31.3626455831 215.329868545
-381.188353358 1010.32655592 28.7327941761 214.798027847
-409.343802861 999.397627068 24.6829534223 214.421999784
-434.435432844 988.196450202 21.9669262334 215.150183821
-463.105611711 976.704065225 18.9552713441 214.444757269
-490.174681843 963.403815456 15.608007988 213.650389512
-517.014571272 948.131424438 12.9610081059 212.774752354
-540.354340756 934.015731001 10.1042872388 213.181696673
-569.163495751 917.984341861 6.37815970033 211.067441918
-591.200438823 902.710309395 3.7861103194 211.381328018
-617.549127531 886.733594278 0.998869954859 210.344789437
-640.357472501 868.738241976 -2.28965552432 209.455558157
-665.754141077 851.01276845 -5.17807801044 208.239330496
-689.501068495 830.603574367 -7.64167152284 206.617859248
-713.167148738 811.215678476 -11.0703551282 204.911225718
-732.207629757 792.490798777 -13.6879647261 204.770392579
-755.846692703 772.605795951 -16.9285910817 203.57720282
-776.710411643 751.383897601 -19.8596663504 201.335948261
-798.234887982 727.853506502 -22.2528174915 199.436112478
-815.148168802 706.239905587 -24.387437575 198.744431586
-835.750074026 684.308578194 -28.2291866159 196.176548439
-855.689277993 659.031125001 -30.620285035 193.684808148
-871.139092244 636.168180329 -32.8826912569 192.836940942
-888.309991142 611.498760502 -35.8155770514 189.922399556
-906.66156953 587.466600231 -38.9881600512 187.231601075
-923.697107372 560.867935632 -41.5568868589 184.131780814
-939.046022231 535.04120014 -44.845724668 179.975204405
-950.976852415 509.08056638 -46.7071757822 177.48202573
-965.306038659 483.704272119 -50.0527569518 174.034410171
-977.472443312 455.407652605 -52.250096125 168.719750301
-990.362868533 428.152730699 -54.9852585583 164.013999576
-1003.65092532 401.211781993 -58.3793743538 156.928214467
-1014.04773381 373.413218848 -61.0502877541 151.260626067
-1024.2028679 345.396642585 -63.8454036003 144.558592562
-1031.2732351 317.155960274 -66.469757697 136.684110012
-1040.23207757 288.473915532 -68.8635690857 128.332030894
-1047.21127843 259.394087409 -71.0191169227 119.614019981
-1056.18520751 230.075976435 -73.7509934511 107.202995549
-1061.91718314 200.679876309 -75.8650539933 96.8798304487
-1067.20797059 171.113513757 -77.4609171167 85.2242709468
-1070.87714933 141.589801394 -78.5866667695 71.0593610277
-1040.49303486 149.517262793 -74.9406026595 76.3904328253
-1035.14362747 178.52046326 -72.4086373011 89.331978844
-1027.5778755 208.675994474 -71.0135565917 101.799384585
-1023.39499077 238.103486833 -69.0349906863 111.795917158
-1015.21462612 266.322150033 -65.814614922 122.754068379
-1008.09006307 296.171433955 -64.3004036986 131.257224381
-997.72562555 323.845566711 -60.908907823 140.068488833
-987.961718333 353.461410326 -58.9629297727 148.565471339
-976.968422948 380.456759731 -55.4689209501 154.445887285
-966.347837145 409.553076429 -53.4454816334 161.410414565
-955.712768253 436.299998813 -50.3672168092 165.997351275
-941.143595533 462.876490054 -47.2990451862 171.064749578
-927.513282676 490.90427749 -45.0651642008 175.883882377
-912.621010543 516.161755703 -42.0178378849 179.330306018
-898.28775184 543.16477378 -39.5483788703 182.888732577
-884.28170927 567.131393164 -36.4063886115 185.25990316
-867.254855945 593.377313636 -34.0957984509 188.156894841
-850.063585811 616.561624762 -30.8191666019 190.317235366
-829.738560878 641.234434231 -27.6664439538 193.702940121
-813.900866421 663.798681282 -25.6826752597 194.139520322
-791.377492695 687.882925179 -22.5795448385 197.461101988
-771.754904136 710.235032765 -19.5745756925 199.556298312
-752.780293106 731.227770906 -16.7486914834 199.992845653
-730.180124981 753.043686146 -14.201372405 202.377955831
-709.667178663 774.548281935 -11.1799799962 203.566120118
-687.14436251 794.458944623 -8.94789795662 204.677231596
-665.46271338 812.10154643 -5.46123264424 205.393751792
-641.904056429 830.781935644 -2.3861152895 206.833759743
-616.700120305 850.376863811 0.0777925696701 207.859523798
-593.732654032 866.311374488 3.61508984605 208.427380894
-567.464492133 882.590580616 6.85586345127 209.361268849
-542.767957181 900.005816483 8.9541443908 210.323628815
-516.614142357 913.561401327 12.5134309341 210.816729364
-490.64735071 927.986712066 15.8420129881 211.546671772
-462.9732365 942.955011375 18.8072603288 212.326927441
-435.827384316 955.765610464 22.1298863522 212.957760903
-409.208254667 968.00358121 25.4322443431 213.45852696
-380.568861927 979.310511037 27.800580874 213.616075288
-352.970591742 989.770314849 31.1696991322 213.982704228
-324.905114976 997.936224951 34.7458297498 213.747413036
-296.552847672 1006.96475046 37.6809057216 213.419236849
-265.763467337 1015.57360565 41.1354433336 214.539767284
-238.402693802 1023.56959066 44.6490187596 214.195569196
-209.357839447 1028.8150518 47.2572167685 213.43056066
-180.265848431 1034.42490036 50.8533726179 213.454456846
-148.792607695 1039.16811823 54.6946251953 213.756496586
-118.754821577 1043.19523201 58.0042912398 213.213190353
-89.8514301171 1046.74910839 61.6104995591 212.462853614
-60.3946911766 1049.06400888 65.0386636237 211.904843495
-30.0060723557 1049.89712564 67.8103583516 211.322102778
0.480977304776 1050.25067171 71.6560947509 210.565765018
-0.991845260253 1050.37089226 71.8210320291 210.431307729
0.666033135302 1020.03443593 72.3771921824 208.916689787
-30.1626569478 1020.11344099 68.5912918116 209.682384218
-60.4319022746 1018.01697875 65.6942247235 209.882118802
-88.8697172354 1015.93100792 61.9240923713 210.90453168
-120.214105891 1013.03065879 58.4163674024 211.138568377
-148.243166345 1008.63994198 55.4792879796 212.176615057
-177.978156169 1004.01574404 51.8693672972 211.944815004
-208.417830553 998.18389165 48.3419485651 211.807709984
-236.116126238 991.835984403 45.5166086966 212.501650991
-266.620578135 985.201760889 41.4997478955 212.32816655
-295.824866093 975.883655213 38.2040215777 211.976127805
-321.738418323 966.933954961 35.7885151917 212.503257042
-353.298689549 957.195569849 31.6225449053 211.393962256
-377.782080253 946.356432039 28.8337649264 212.28229455
-407.374746144 935.933111518 25.7627918948 211.588684569
-434.666450647 923.587444345 22.0051560327 210.932142011
-462.514047948 908.958495236 18.9215459272 210.305525246
-486.530730915 895.516037589 16.3594992384 210.522082932
-514.534783924 881.818532595 12.5741383849 209.346545924
-541.148466263 864.701746981 9.70994804441 208.119867217
-563.452812885 849.251077522 7.45998589702 208.273321804
-588.755118422 832.169671851 3.32034754046 207.152576151
-614.7813913 815.579807816 0.0548019655853 206.220408219
-639.055546978 795.331828712 -2.2686952208 204.230801053
-659.682908575 777.579528845 -5.17969005303 203.796194675
-683.507969939 756.596714256 -7.98747163395 201.959086655
-703.666629821 737.04013559 -10.9466179036 201.651471869
-724.561119402 716.131561817 -14.0959195874 199.663368029
-746.989636507 695.265622716 -17.1134869143 197.938481462
-768.369474238 671.33914369 -19.484292187 195.796087703
-786.782844179 648.740523426 -22.4873666107 193.639143204
-803.679827352 625.88646194 -24.8978200844 192.612536125
-823.563336451 602.853211983 -28.0315224104 190.090011492
-842.539019295 576.951313153 -31.1555120061 186.502544495
-855.515659255 552.495176456 -33.3695273123 184.764700488
-873.029541454 527.916819164 -36.506373963 181.67109158
-887.415914149 501.063570655 -38.7420415502 177.897050772
-901.920258912 475.809252085 -41.9669172555 174.248091107
-915.680046332 449.134453098 -44.6782670158 169.983919681
-930.561654757 421.132658999 -47.6523260673 163.372035653
-941.924283923 393.751083867 -50.2670384533 157.821713049
-952.947457339 366.075988762 -53.1263183917 152.018812163
-963.344912999 338.166931285 -55.8748339455 144.251992901
-970.724347033 310.091251306 -58.526882563 137.1430565
-979.339911819 281.317230706 -60.928537666 128.680523577
-987.106442964 252.185556476 -63.3498599912 118.167584588
-994.172548142 223.034340666 -65.5299812573 108.016916989
-1000.73368993 193.723917979 -67.7181548145 96.9976287695
-1006.71109785 164.003196881 -69.4448084123 83.4590641366
-1011.76190772 134.610612677 -71.2881824267 70.2312239221
-1015.82486056 104.542411105 -72.1697430451 56.3326898356
-1042.27320304 118.916792236 -74.5870676894 63.3422722236
-983.434161247 119.292964957 -67.5214048674 63.7972977811
-986.658555702 89.3120595761 -68.2815588458 49.1970931967
-978.615458982 149.051402161 -65.8595006946 78.3973414458
-974.427001192 178.673033247 -64.3107081583 91.3370448361
-968.418122546 207.958890484 -62.4587594956 102.340225506
-961.517462573 236.273294737 -59.4109695987 113.745565439
-952.404579315 266.234326052 -57.6171625871 124.978340599
-946.436549722 294.795163256 -55.3623760784 133.582770947
-934.938609186 322.343675993 -51.9333311344 141.828003779
-924.446235817 351.932404555 -50.0124025393 150.118553662
-916.068044095 379.085734134 -47.1036254873 156.056639612
-901.893266129 405.723152077 -43.6406495157 163.051679128
-888.948840981 432.96488858 -41.0844110591 167.569583463
-875.624198341 460.857747513 -38.6895653494 172.792101148
-863.575487695 486.048372194 -35.5809844745 175.859707274
-848.481992341 511.843407199 -33.3336271514 179.066130741
-829.62068295 537.28366479 -29.967697369 183.399021125
-813.97106527 563.289173419 -27.6458176511 186.482444436
-798.028932114 586.317276691 -24.4582352042 188.591565774
-779.437747612 611.459091793 -22.1361932853 190.793165534
-760.922161745 633.203328588 -18.9033167265 192.564855547
-739.413843954 656.6384934 -15.8980789813 195.305489616
-721.201204385 677.891943496 -13.7001739196 196.021827927
-700.789516401 699.297594942 -10.7956512723 197.954124886
-677.477509802 720.90342983 -7.70285098574 200.588523609
-654.409745231 741.162926847 -4.45370710265 202.028888601
-634.466842965 759.775126864 -2.21125987866 201.915519167
-608.751409253 779.642729135 1.08525233508 204.029444717
-584.252166043 797.324010207 4.22989021673 205.587832524
-562.268730012 815.72296538 6.83820826715 205.69299341
-537.831664721 832.443602894 9.87417208985 206.608286173
-514.283554006 846.982401713 13.0589235752 207.167684277
-488.105565841 861.916767876 16.4360278704 208.00270182
-461.418009912 876.08765044 19.0114068973 208.057373528
-434.006105463 889.981426478 22.6754709621 208.747225137
-404.998434382 902.710204984 26.5191096286 210.093600603
-377.654494015 914.842294176 28.7002403874 210.331731454
-351.187489284 926.37342815 31.9113467145 210.284949825
-322.93848404 936.58870764 35.6945987376 210.713861181
-294.57383066 945.984962418 39.1502062665 211.2477229
-266.847330392 953.221980994 41.9071622156 210.159747664
-238.453903996 961.216637203 45.2796360439 210.453437269
-207.139037253 967.897180065 49.5125805105 210.889613098
-177.647252681 973.743746864 52.0682898795 210.418983809
-149.043302149 979.131052998 55.477973228 209.940017691
-119.633265286 983.426880781 59.1976793777 209.64278294
-89.8222936902 986.721657983 63.0337706842 209.096817665
-59.6081502629 988.853369682 65.9177983807 208.376897126
-29.6232210365 989.955112351 69.748316956 207.83103424
-0.278615002954 990.227818238 73.264305796 206.664775537
0.737697794684 989.649742399 72.8141921449 207.124368528
0.736575577421 960.226450574 73.7113232321 205.431396244
-30.452206345 959.62262183 69.9578999313 206.104315134
-59.3220864606 958.208423119 66.5276100023 207.20804711
-90.0283562967 956.010248978 62.3938788615 206.975525431
-118.745481328 952.923516087 59.5176729063 208.06079197
-148.451110777 949.096852859 56.4474790856 208.473957759
-178.551933041 944.098407045 51.8430750347 208.759262369
-208.325703789 937.124112604 48.8896916201 208.520726586
-234.800723435 929.821639751 45.9763367639 209.307750861
-264.521529659 922.967794667 42.4654962726 209.20699481
-294.601647178 914.797935947 38.7017380802 208.946793087
-322.759994847 903.936986184 35.5885168064 208.707013821
-348.496783169 893.733000212 33.0604888597 208.852928629
-376.272559807 882.408003703 29.0329579107 208.473567844
-404.777888704 870.953438317 26.0830799891 208.134883356
-432.829954031 856.981566635 22.7297484974 207.326432819
-456.786851451 843.47783219 20.0201793971 207.582589328
-483.034762481 828.82964875 16.8856580801 206.471017367
-510.288891728 814.44474921 13.3496612966 205.45740333
-535.627083589 796.799120001 10.8624913302 203.99684335
-560.357909783 779.517705209 6.7095080662 203.025385358
-581.934837637 762.457256341 4.2431466096 203.063621094
-607.121402501 744.818100522 1.18797253715 201.831218123
-631.134495306 724.109924183 -1.52917240712 199.996729465
-650.119686857 704.754947416 -4.54649597639 199.160717968
-673.305110058 684.890651054 -7.32253000121 197.497209904
-695.566745679 662.379017195 -10.1154271251 195.572855174
-714.863786458 641.669930733 -13.5023277879 193.991882
-735.302879718 617.966029701 -16.1588248214 191.604549037
-751.564915987 595.247422584 -18.4847104909 190.414267166
-771.239807599 572.295029024 -21.6997842876 188.114875584
-789.671202808 546.918113923 -24.6035802715 184.134634647
-804.13482975 522.150580151 -26.727101979 182.334323138
-820.843773479 497.904693051 -29.9429562763 179.290861065
-836.218624414 472.154994449 -33.1445151209 175.024416304
-851.0869729 445.004195311 -35.6465705391 170.043267402
-864.903922454 418.549686171 -38.3872555069 165.43942269
-877.824601664 391.413704391 -40.9841983366 159.933600634
-887.245948177 363.321436934 -43.2394094567 153.792104655
-898.228549233 335.472188884 -45.8159953071 146.92566768
-907.93415954 307.443965193 -48.2927157112 139.383767422
-917.340179062 280.018995907 -52.1778571696 130.190796673
-925.363679941 251.320970192 -54.510218221 120.74654275
-933.020652172 222.256702117 -57.0906874983 110.571569275
-939.858170227 192.873425211 -58.7668389397 98.5976405111
-945.507078332 163.451623561 -60.9054573919 85.3468308392
-949.691813335 133.862770414 -62.2090873241 72.0297337728
-954.248425289 104.274512668 -63.8570629793 58.0480903262
-956.828956721 74.8054648006 -65.0812790735 43.3060412867
-927.351498165 67.4187400759 -60.4680101272 39.542359592
-924.635638899 96.9773677178 -59.6536152403 54.6785703972
-920.285501307 126.92797647 -58.2829185892 69.7996875747
-916.86078691 156.661682109 -56.7946372045 83.6975466766
-911.387254328 186.212329462 -55.075370107 96.042336722
-904.578393723 214.690710882 -52.259682155 107.961305928
-896.457166376 244.78544513 -50.5944486464 120.048163869
-890.104108972 273.445392424 -48.195797313 129.106244107
-879.284807619 300.929878504 -44.5437815077 137.761676875
-868.125241308 330.452707249 -42.6602319369 146.848992683
-859.799725819 357.82921123 -40.0717521899 152.982594501
-845.761270139 384.616957503 -36.6566064225 160.480227221
-834.554730964 412.167170651 -34.3360876148 164.677889456
-818.638331298 438.369612952 -30.6731498583 170.336046229
-805.108986162 465.816197172 -28.7451952894 175.275939187
-791.010950902 490.347413411 -26.2259538855 177.376516301
-772.176376615 515.665010069 -23.0105869082 181.802292021
-756.764127414 541.547952101 -20.4594673257 185.021454824
-739.585129123 564.315734567 -17.4830812648 187.098029606
-721.086965767 587.676825664 -14.7577155017 188.610040654
-699.821030679 611.170039749 -11.4742334632 191.829866534
-679.811364609 633.343649044 -8.6546078628 193.934869823
-661.182267495 654.50679334 -6.65841972521 194.681432944
-637.091947036 675.932767147 -3.22432822595 197.231633052
-616.735900471 697.095775177 -0.31572798827 198.52044873
-594.011822321 716.574948837 2.38097327421 200.100626303
-571.436469535 733.998833477 5.33087729625 199.979081136
-547.189287096 751.637674049 8.77537934754 201.435579117
-520.84542133 769.501607365 12.1364613556 203.053293755
-497.265241586 787.028895693 14.3886276487 203.713068042
-472.451086457 801.167041506 18.0456951626 203.916917677
-446.390061833 815.947174333 21.1424213624 204.697834145
-417.963047983 830.552487163 24.7189116695 206.320633683
-390.834090685 843.321606219 27.3459397914 206.468460684
-364.367244354 856.158537996 30.8419025351 206.757640757
-336.073932761 867.234083205 34.433605574 207.211198423
-308.651503621 877.846949248 37.0579888439 207.247537538
-280.355782342 887.59308081 40.6001077802 207.392199363
-251.329288127 895.947854913 44.0622447561 207.432016886
-222.818201722 902.637071131 47.7362894262 206.997279107
-194.487491142 909.846083653 50.6790660273 206.709875427
-163.146245036 915.296832579 54.5424611667 207.015891883
-133.791917453 920.146148895 58.1619380821 206.800170135
-104.390331808 924.30061972 61.1357471865 205.979910647
-74.0812673578 926.74237197 65.1362772388 205.520464199
-43.95974578 928.666678849 68.8492805992 204.987007481
-14.3207789712 929.981848437 72.6326947692 204.229874311
-0.0831488838331 930.493285105 73.7405594085 203.62959439
-0.717168966906 900.455797687 74.7146931 201.70763238
-29.4662943954 899.378656128 71.4617583111 202.908862003
-59.4252068755 898.195276301 67.1631643378 203.61957307
-89.6597272936 896.009851467 63.5241961186 204.235192406
-120.137203936 892.168154946 60.1883409591 204.408152052
-147.849180076 887.042174549 57.1764243195 204.936417983
-179.448749246 882.187281741 52.8867502468 204.798224811
-207.545392795 876.438108557 50.0695257477 205.285329796
-236.944878551 869.206357037 46.3420099345 205.672505681
-265.186354916 859.920212835 42.7728018297 205.512263002
-293.333910044 851.34867174 39.5554666118 205.586794105
-321.910179094 840.223162934 35.8634153527 204.877533791
-347.652016972 828.801205653 33.2930330615 205.263422769
-376.943135085 817.954380495 29.2176241594 204.589165216
-404.930336136 803.825684342 26.3459873678 203.366925735
-429.070046503 790.232084108 23.4651935865 203.851936097
-455.656064074 775.991674534 19.8764075175 202.965830226
-482.860931478 761.045070683 16.3893767786 201.950738427
-508.434809243 743.44791719 13.7086153671 200.67437349
-529.866208941 726.556917726 11.0659793762 200.814579637
-553.094036297 708.150116236 7.69641331685 199.060239799
-578.46096637 690.327025398 4.29944482564 197.927166883
-601.803664126 669.352220726 1.47971909845 195.7359028
-622.527690655 650.003927415 -1.39830303433 195.081945061
-645.615884791 627.978284127 -4.39462851666 192.735627117
-663.23417499 606.798275949 -6.91814827605 191.873829523
-683.817762974 585.193436422 -10.1138218864 189.771529864
-702.05489936 561.030196115 -12.6350081755 187.053524007
-721.64473687 538.183153242 -15.6461428653 184.753980674
-740.295656967 512.838955466 -18.4065994324 181.259946665
-755.34063695 488.813412291 -21.4685510353 178.665610162
-772.712843389 462.666852931 -24.3714288598 174.361396073
-785.75113834 436.676966442 -26.5297865586 171.034223528
-799.500418743 410.126169472 -29.0843864535 166.495161
-815.191391532 383.851344268 -32.4691752529 159.590584528
-827.663520463 356.586021996 -35.3162492923 153.486825548
-838.445519563 329.114792194 -38.0912421516 146.758078104
-848.212288137 300.546580089 -40.3817103507 138.618806354
-857.351622836 271.863384291 -42.7689233125 129.861786617
-865.205938579 243.313463888 -45.2860754097 120.213261626
-873.628499323 214.39833893 -47.875570711 109.3849173
-880.76525018 185.629763235 -50.6236694519 97.0843043435
-886.712402445 156.294324523 -52.4880559661 83.5734769098
-891.188491367 126.74572043 -54.0205137948 69.9451274176
-894.858987417 97.0625508726 -55.3088456893 55.3132830508
-897.410062696 67.24211217 -56.4274252493 39.5966810809
-867.587818966 66.9449428157 -51.9663386034 40.2173333816
-864.358035407 96.8793634539 -51.0286413649 56.022791184
-860.843155232 126.544084978 -49.668907288 70.7949935543
-855.77888644 155.61897971 -47.7716372464 85.1245898997
-849.114995487 184.858130209 -45.7519471931 97.9835015258
-842.382903665 214.501138923 -43.9511277333 110.375522629
-836.061920677 243.381474374 -41.7818451906 120.918348603
-825.84347172 271.226538972 -38.3310892248 131.295314027
-815.500924588 300.477866646 -36.2228379643 140.545576464
-806.660812236 327.943807529 -33.6398593749 147.221529105
-792.899485075 354.673641687 -29.9221300964 154.811739872
-780.209857725 383.025395445 -27.8132598481 161.287065099
-768.891197788 408.896677916 -25.0674483575 166.165796161
-752.90165146 435.724771024 -22.5899156938 171.024871184
-739.049398697 460.420881163 -19.8121823664 174.588278409
-720.386933851 485.372693645 -16.3327145532 178.769391686
-704.084634122 511.233141696 -14.1430004494 182.314795652
-687.395221294 533.894686918 -11.0682186199 184.484207928
-667.804676784 558.356152167 -8.62833281627 186.761878085
-648.967385354 579.486315739 -5.49110986476 188.497232221
-629.253715249 601.457339014 -2.57287095223 190.620976349
-605.626308647 623.082176542 0.64613726047 193.191273118
-585.327960106 644.411091974 3.24331917987 194.167840907
-562.936420389 664.250402308 5.73780530759 196.009298466
-541.406423324 681.983270348 9.12743835306 196.554761839
-514.547347125 700.349238469 12.9511470466 198.778121416
-490.449242552 717.497165527 15.5113954948 199.379312555
-464.750572898 733.864689335 18.7506209915 200.44906272
-442.103200475 750.829504526 21.5141766202 201.165319084
-414.582854733 764.867212334 25.0835545819 201.905343205
-390.02606125 778.265630665 28.4003617557 202.030409962
-362.643443078 792.080718137 31.0744755715 202.735243134
-335.443746768 802.890798349 34.8982295087 202.641330084
-307.538398845 813.618922973 38.3655953567 202.950456039
-277.792235076 823.737902453 41.8120725947 203.782710063
-250.936220521 833.016649495 44.5771427408 203.236609626
-222.389616463 841.431659349 48.2624124707 203.118071242
-192.097066792 848.458732201 51.9922943716 203.800234335
-162.689436124 854.2680632 55.9231105272 203.558577289
-133.148768221 859.601551661 58.7038912804 203.288294008
-104.744640704 864.361250393 62.3059863956 202.696861977
-75.278444555 867.736295783 66.1097554065 202.229053442
-44.6287722756 869.243656733 69.7840496901 201.676475315
-15.3237629318 869.899538196 73.8348205742 200.483640893
0.216929227884 870.398071769 75.0999202445 200.262189071
0.3724363618 1140.40008034 70.5282891473 214.794845194
-30.511919964 1139.72242226 67.4024705469 215.302143467
-59.3300791163 1138.73912407 63.4512144382 216.522258125
-89.6941129515 1136.9772538 60.2353317629 217.040439532
-120.449988344 1133.38483764 57.3638514053 217.267958117
-150.024373554 1129.78549603 53.4645203831 217.42627728
-177.860340685 1125.5021211 50.6548203811 218.369188074
-208.551166196 1121.39371896 47.7810305123 218.495651131
-236.435349827 1114.58229883 43.6740150585 218.891471847
-267.081018805 1108.75351434 40.8088178873 218.811313508
-296.916062351 1100.10608721 38.1432190437 218.123639235
-325.906607163 1092.09175861 33.9482354308 218.252795319
-351.946359002 1083.77043812 31.8659703683 218.835320687
-382.162273228 1074.56444237 28.7202139735 218.461747898
-408.645358833 1063.61532346 25.059798749 218.209134342
-438.4011587 1053.15858242 21.8968929992 217.867654702
-466.820911586 1040.02447275 19.317011719 217.187510142
-492.85918623 1028.81762206 15.5919091225 216.794540173
-520.493751872 1014.28945964 12.41599575 215.596754312
-544.163085213 1000.84469343 9.92159112848 216.341951687
-572.42136146 986.656719007 6.58806022596 215.536740282
-599.020794273 969.657976191 3.40908775613 213.976993355
-621.368875204 954.97141515 0.908098322549 214.208265319
-648.229086934 938.759902924 -2.78629694418 212.937648684
-673.337004499 919.562027632 -5.18510975028 211.432869987
-694.423585241 902.621021698 -7.85668575257 211.684238331
-720.197320084 882.979745699 -11.1722067877 209.012448463
-740.982889293 864.902470095 -13.7652328163 209.031984379
-765.194642628 845.71369182 -17.2079294037 207.345132147
-788.163809821 823.476679694 -19.8941274057 205.535154495
-807.232420265 803.566401861 -22.0656656308 205.263647148
-827.306532528 782.266998797 -25.6277260112 203.337234388
-850.269222644 760.720103959 -28.336341418 201.739400177
-868.983743762 738.259404717 -31.4914548951 199.675305604
-889.750661725 713.308586929 -33.8184100287 197.399255706
-904.559249259 690.711916521 -35.9019197074 196.750928033
-926.171912045 665.421374867 -39.4996167914 192.556419919
-939.661029493 641.983222822 -41.5378156218 191.752385564
-958.399212105 617.860537697 -44.5519377156 189.333854524
-972.604928084 591.378155748 -47.2716636154 186.235627068
-989.155194177 566.465218441 -50.1324386895 183.619878905
-1005.31128613 539.183099572 -53.0454763801 178.749471171
-1016.02933573 512.552272366 -55.1290266093 176.105431995
-1029.59778464 485.493571694 -57.8284888823 172.439338777
-1042.69390544 458.069290226 -61.1240063496 166.821450188
-1054.5633499 430.507638109 -63.3001836379 161.8432128
-1065.15355411 402.64489322 -65.8620114413 156.355540635
-1075.8783794 374.192505812 -68.8626134536 148.724210335
-1085.2673093 345.705868907 -71.1325562321 142.354321893
-1094.22637086 317.134118216 -73.4815397235 134.967760801
-1102.29520759 288.271038112 -76.3039867558 124.644101467
-1110.76575351 259.170754331 -78.8161438632 115.656914346
-1116.29139511 230.006302445 -80.9112998443 105.934289751
-1121.44045974 201.184947081 -83.564995308 94.3498693826
-1126.6108069 171.396816062 -84.6939291952 83.2722150185
-1155.82553716 193.422433738 -88.1826014553 90.9197077679
-1148.74703868 222.058506712 -85.6856790618 100.987018884
-1141.34721471 252.266242 -84.2887755139 112.407400796
-1137.58642992 281.218460429 -82.3749617535 121.903679356
-1127.85489466 309.157290734 -78.9281507428 130.071202145
-1118.92900392 339.402304091 -77.1274866917 139.429303355
-1112.62454281 367.379839872 -74.4712457625 145.803458559
-1102.58640279 395.431633142 -71.7332093552 151.885351966
-1089.80112124 422.826806753 -68.3297194664 159.171372618
-1078.67831028 452.090632132 -66.2905465499 165.342652957
-1069.09929289 478.432033385 -63.5197122778 167.945573725
-1053.95380484 505.242255479 -60.2019342065 173.876864535
-1041.40875863 533.429272934 -57.973502663 178.267133224
-1028.69080554 558.589383113 -55.317711014 180.141317804
-1012.01957654 584.719475847 -52.0387880284 184.79178617
-997.718570931 611.458423368 -49.6624237727 187.9253733
-980.416842796 636.027186589 -46.8887537664 189.919734329
-965.159040004 661.736311165 -44.2479421939 192.6385428
-949.848232904 684.231052347 -41.3584792985 194.512554777
-930.283761003 710.214421762 -39.3708016248 196.743681839
-912.036942205 733.647082263 -36.1953034397 198.996738443
-893.671966254 755.091990307 -32.8409123701 200.633947113
-871.999314496 778.4108753 -30.8747335549 202.503821316
-853.048230417 801.469264839 -27.8453358323 204.160287979
-832.458981176 822.86140142 -24.6077075076 205.907737038
-812.587519916 842.075329064 -22.364471864 205.84577446
-787.359059725 863.883462636 -19.4985342252 208.870148554
-765.282711446 883.8463437 -16.0812792571 210.378527723
-745.515136088 901.713974048 -13.803534183 209.824592638
-722.353251746 920.424613203 -10.7848734706 211.489170562
-695.662247019 939.522036044 -7.62522017354 213.797235004
-672.727153526 957.623158615 -5.16954967707 213.591744771
-648.622485223 974.716592622 -2.11151894131 215.012461355
-624.565118217 989.075315951 1.22582062048 215.242415101
-599.258121092 1004.69793737 3.19805077363 215.430710339
-570.428468736 1020.89070417 6.9690970658 217.350059433
-544.343954637 1035.21653014 10.5221744657 218.132376517
-517.40884027 1048.67374178 12.7392219043 218.261750172
-490.738813941 1061.32849997 16.1558924908 219.007899943
-465.024292739 1074.58364493 18.4444958696 218.7857264
-437.48515474 1085.95318596 21.7434196335 219.554237945
-410.699026907 1095.5065351 25.5255367828 219.357429013
-381.610843721 1106.9591563 27.5040362066 219.794075634
-352.92146112 1116.18789046 31.0667902275 220.1846776
-324.907411661 1124.91902438 34.8387083129 220.300715382
-295.927523674 1132.94171675 36.8710337875 219.983728976
-268.01758166 1138.91729098 40.5753051824 219.297327297
-236.497258879 1145.78261096 44.5819007582 220.352210918
-208.273322632 1152.19041529 46.4715693684 219.457680925
-180.150065753 1156.16770615 50.1622047511 219.070631495
-149.924195206 1160.1566102 54.1887603401 218.820975725
-120.528152351 1163.92705861 56.3073962313 218.105240841
-90.4525403154 1166.13496105 60.1299985044 217.843101999
-58.6085699671 1168.284877 64.0431457464 217.740319934
-30.0932867042 1170.47189172 65.893877691 217.22001462
-0.502652559593 1170.20663729 69.658150374 216.067975054
1.10420929759 1169.78339489 70.712567114 216.432146456
0.604214237852 1200.01106898 69.1520055851 217.786640805
-29.7936288145 1200.12402044 66.2232745487 218.48565794
-60.3759078598 1198.70313195 63.0840663658 218.786573148
-88.7728212062 1196.56847773 59.161988405 219.851993554
-119.24047147 1194.60845824 56.1589571856 220.229833938
-149.540332634 1190.01366253 53.9058834466 219.951807736
-179.230602434 1187.45590639 49.3521952623 220.861693847
-209.70624117 1181.37567751 46.8188562647 220.508208241
-237.164458784 1176.43757758 44.1477166624 221.620633899
-267.953563333 1169.30482084 39.8996623521 220.647546419
-294.557296358 1162.63838849 37.6484695021 221.488972576
-325.091384032 1156.03894758 34.4461016117 221.636369264
-355.008648405 1146.09339079 30.6068222322 220.560874888
-380.646704612 1137.50220796 28.4047574487 221.629402646
-410.848378304 1128.48794558 25.3081845491 221.291842044
-439.49536403 1116.11531968 21.4944409966 219.828499753
-464.471962258 1105.74526174 19.041143013 220.765041739
-494.608066915 1094.96735671 16.2022367728 220.384836634
-520.819724375 1082.05807588 12.2954967716 219.196743196
-548.061161293 1067.22257084 9.43209434073 218.730867842
-571.721402895 1053.91156538 7.3468179108 219.306935813
-601.382218298 1038.45315198 3.46754432661 217.000811129
-624.216018306 1024.24011823 0.927156312187 217.785522367
-651.73598398 1008.94429931 -1.55495068603 216.975343626
-675.826010248 992.294678321 -5.66767089611 215.546645793
-701.291860029 973.528801225 -7.64695020389 214.088165579
-723.102956578 956.909838529 -10.5390650676 214.616897859
-746.299942389 938.438141603 -13.8827984541 212.54915097
-771.248862194 920.071886481 -16.7061408259 211.746501833
-794.647469113 898.670300517 -19.0631533778 210.092184823
-817.434132396 878.599229296 -22.5409203911 208.036714207
-836.780981855 859.477360327 -24.8335357661 208.027162492
-858.839598289 838.72166001 -27.6993405548 206.743336179
-877.836182733 816.417268622 -31.0605931532 204.734160894
-900.033048112 794.866991211 -33.3999488066 203.119527901
-920.005588684 770.540771457 -35.82736775 201.141101675
-940.074678266 747.268902819 -39.081216095 198.244940105
-954.378437358 724.505030635 -41.2206701003 197.802409974
-973.634786676 701.546498316 -44.1189106815 196.056282438
-990.002557881 675.996158866 -47.0723428896 192.966449553
-1007.95545782 651.928049172 -49.7896741284 190.882751581
-1025.34867856 624.898296466 -52.0816537913 187.805864517
-1040.47998928 599.24862893 -55.4634987494 184.11663436
-1051.6631565 573.766431486 -57.3418212874 182.302921688
-1066.87214617 547.00962221 -60.2548376462 179.245272556
-1082.55312873 520.403413236 -63.559751252 173.547413502
-1095.62501751 493.29297157 -66.0992801538 169.856069819
-1104.28025083 465.612299171 -68.1677238685 166.41926503
-1115.51571042 437.853897394 -71.1068482688 160.203745621
-1126.37109013 409.724634449 -73.5274807687 154.828684667
-1136.73125188 381.573533032 -76.1756859448 148.850544343
-1145.35357703 353.080079705 -79.1443023081 141.036925063
-1153.85222731 324.305246772 -81.3702335609 133.684135908
-1162.62641532 295.172593065 -84.0807179855 125.403382055
-1171.88345722 267.0623928 -87.5882310672 114.85211469
-1176.40980618 238.049836134 -89.3267812294 106.128754514
-1182.81455332 208.481403673 -91.364951636 95.7113223137
-1210.40956101 223.636976709 -94.7124129389 99.2474020289
-1202.81465389 252.051218081 -90.784575637 110.173290353
-1195.8290468 282.782821812 -89.9128160924 120.624339569
-1188.9226602 311.704848554 -87.6685113934 127.972803636
-1183.34685947 340.19391155 -85.4846231385 135.841449651
-1172.79829719 368.074066988 -81.7662695647 144.384577466
-1165.25646877 397.062132014 -79.9863683777 149.541229955
-1152.63648174 424.827764821 -76.5101892242 156.786094583
-1142.61436591 454.217059226 -74.314338203 163.137615194
-1130.6895504 480.557640295 -71.4209511034 166.893021031
-1119.56162929 509.358639409 -68.8532278298 172.041733737
-1106.68048423 535.30921781 -65.7850320453 175.638764541
-1092.73329678 563.311784195 -63.508688368 179.983929263
-1081.09474019 588.252066083 -60.4943633967 182.099170954
-1063.36402562 614.917976116 -57.5993546848 186.334587464
-1047.97473766 640.978531288 -55.2136893186 188.771930566
-1033.89056513 667.045017704 -52.8006350565 191.641017868
-1018.83300654 690.289339291 -49.3826767042 193.508869611
-998.697477579 715.775561379 -47.1571894923 196.127825138
-982.315150623 740.606185961 -44.2599114987 198.340111354
-964.91225191 763.276582737 -41.6825888638 199.838423985
-947.051784666 785.635274795 -38.825232463 201.377184428
-924.745961676 809.836983831 -35.7773209545 203.889623996
-905.909225334 832.714111302 -33.3576757991 205.491651199
-884.164625204 854.254692311 -30.6265494794 207.096294082
-862.511295987 875.332648229 -27.6769100321 208.784583016
-841.861099216 896.116756511 -24.9581504082 209.797041454
-820.653377688 916.876377546 -22.4989909975 211.268430561
-798.079537027 936.540644734 -19.2148604013 212.630828265
-775.949476776 954.067923611 -16.9558867889 212.3285409
-752.650043263 972.637923379 -13.7451125643 213.929418647
-726.238239977 991.864794706 -10.4374103671 216.158696123
-703.591809796 1009.61753043 -8.6883702601 216.036582568
-679.832646921 1024.83084183 -5.3456719371 216.751433802
-654.298644877 1041.12018763 -2.22828124911 217.362832289
-626.139499038 1058.07154103 1.09115034507 219.106563631
-600.287857718 1072.97266528 3.71076751531 219.95768948
-573.835600533 1087.0190016 7.00646417785 220.305595114
-547.413182246 1100.86954438 9.5016643482 220.911766373
-522.250743214 1114.3709971 12.4203520657 221.25002798
-494.41732002 1126.57224815 15.5193569284 221.385133293
-468.119525962 1137.19926955 18.5347239158 221.453719776
-440.262787319 1148.28415258 21.4963727539 221.5438691
-409.554380823 1159.08250969 24.9609209445 222.887538292
-381.274792458 1168.61435607 27.8789842241 222.806814398
-353.019148259 1177.92135709 30.8124664082 223.02939387
-325.69949007 1186.76838165 34.2553584964 222.99289361
-297.075663652 1194.441157 36.1829405325 222.891126161
-268.767933488 1200.24008637 40.0026789077 222.243751943
-238.912533528 1207.05764441 43.2390273556 222.553048075
-209.004949761 1212.9017585 46.3993852711 222.449396581
-178.543030263 1216.35157936 49.4889991736 222.075619913
-148.695066765 1220.71338398 52.744831767 221.943479237
-119.224017333 1224.47480672 56.4496351153 221.575905517
-88.671914246 1226.49528871 58.665691483 221.150387282
-60.6048103347 1229.59542063 62.2494572999 220.565302378
-29.5266365205 1230.23557236 66.0648000471 220.143047462
-0.665972078574 1229.97993821 68.228257407 219.138890837
1.47811167851 1229.48046139 69.0429306877 219.683598845
0.166182673584 1260.45200807 69.0413344008 220.730562298
-30.7338178721 1259.63478083 64.303136585 221.308051799
-59.051508975 1258.77221777 62.0998299716 222.255361446
-89.7838032748 1256.9895597 58.683600679 222.52362565
-119.362353817 1254.59538752 55.3910264032 223.066071877
-149.364772486 1250.97753354 52.2847122122 223.319076212
-179.233239371 1247.53271522 49.1988832405 223.865837837
-208.935174947 1242.48865436 45.9323276497 223.594093295
-240.112974173 1236.97138207 42.9673210144 223.669430157
-267.620980624 1231.68891743 39.2345183913 224.401390861
-298.447802957 1224.22369511 36.6730175092 223.746567655
-325.992206073 1216.60265025 33.4229248911 224.14791927
-353.408903982 1209.0606753 30.8475823748 224.617400848
-382.276820914 1200.23442517 27.3327670325 224.268663141
-411.42784253 1191.07428364 24.6086325397 224.08569455
-441.683023579 1179.99090244 21.0069091563 223.144433764
-466.858413999 1169.79609549 18.7220387402 223.765837158
-496.65941066 1158.20620361 15.2481678974 222.642108169
-521.645258691 1146.27974329 12.5933326554 223.084700368
-549.770636539 1133.8600869 9.08914588397 222.464326516
-577.149670765 1120.44871689 6.60521621481 221.495504777
-602.288655385 1105.75147244 3.31587001066 221.13167175
-629.994905512 1091.8719174 0.395893263112 220.384010522
-656.193958079 1076.26676645 -2.68080324326 219.461663308
-681.494605436 1059.01766999 -5.02207086038 218.309594537
-704.214155412 1043.67775475 -8.14032744528 218.280685213
-731.274226471 1027.08126527 -11.3107495015 217.260373622
-753.549065039 1008.61784546 -13.9510769146 216.240893302
-778.618099265 991.27822177 -16.655652552 215.463302091
-800.628520459 971.555335236 -19.5475023032 214.030851127
-825.254745384 952.926327578 -22.3372644642 213.085231565
-847.407947661 932.708018116 -25.4481369454 211.514340702
-870.139767659 910.965309558 -27.4896746641 209.900345729
-888.66360718 891.425188844 -30.8206577205 209.211145357
-912.206721725 870.265628327 -33.5003538594 207.44987724
-932.666054761 847.931188827 -36.2571446674 205.790305322
-953.358107844 824.088239243 -38.991430748 203.683055588
-970.994188294 802.933882809 -41.719162637 202.71910298
-991.95316063 777.759726719 -44.0493415068 199.948516264
-1008.15407659 755.773949424 -46.9942735856 198.662339483
-1027.60755813 729.827980167 -49.4586601935 195.950235909
-1041.77066845 706.443229194 -52.5355894201 194.571935744
-1059.51280805 682.298926737 -55.3688449806 192.288158078
-1075.56649472 656.40597512 -58.1641659302 189.175955159
-1092.37250068 629.324126875 -60.4190562164 186.123668636
-1104.06050369 603.841152318 -63.1945659075 183.746770356
-1119.47506665 578.244233261 -66.1000688671 180.79097602
-1133.25243532 551.238838916 -69.1771977219 176.543835636
-1147.53290372 523.091699646 -71.4526974056 172.065680317
-1159.68458273 495.82339659 -74.3981792084 167.586893339
-1171.54265877 468.199144588 -77.3724411027 162.892221503
-1180.1406215 439.902895643 -79.606055442 157.932601533
-1190.31597415 411.415628552 -81.9841966434 152.276348733
-1199.53865 382.752528993 -84.3443104281 145.584060094
-1208.48811874 354.261127116 -87.059895134 138.749013482
-1216.75127144 325.068880713 -89.2684308302 131.400657387
-1223.38270868 297.540020642 -92.8546671371 122.526136394
-1229.89121319 268.365499018 -94.7727671437 114.566999401
-1237.04412928 238.752238687 -96.7649261282 104.31689363
-1243.08200451 209.066212876 -98.79962324 93.554895353
-1259.74094131 230.425666353 -99.8497857735 101.123772464
-1253.10765892 258.815878709 -96.72702146 109.516474212
-1246.96295683 289.388097965 -95.9582503183 120.107292824
-1241.48154922 318.329462334 -93.5443754043 127.497672855
-1231.55784615 345.977412334 -90.3799570786 135.7226428
-1222.90805334 376.335413323 -88.945136054 143.335791486
-1216.18029023 404.136416649 -86.2990943279 149.08131297
-1205.11337266 432.297305675 -83.3115133139 154.839194175
-1193.56556587 459.593945702 -80.0846071777 160.985899842
-1182.66747575 488.982061154 -78.1843824958 166.248642269
-1173.19559074 515.261163264 -75.2167143239 170.11422594
-1158.68332809 543.795870198 -72.7355419613 174.463453718
-1146.85034238 569.451348047 -69.6111350775 178.168905393
-1133.74238066 595.942962638 -67.1253878965 180.876261387
-1116.39376081 622.59275429 -63.7889800921 185.631545352
-1104.62195614 648.114712531 -61.7035962553 187.386851764
-1086.56160246 674.052607037 -58.4342829478 191.140041497
-1073.10965208 698.552884988 -56.3951137845 192.118612119
-1053.21913592 724.301075794 -52.8291892267 195.821971145
-1037.30033306 749.790401752 -51.0476660957 197.661925773
-1021.3771108 771.747856879 -47.8634336055 199.306664295
-1003.52036661 795.303780176 -45.5427556135 200.488750214
-980.980714383 819.744759275 -42.2781120381 203.864526812
-964.949169139 841.202684627 -40.0189841714 204.132823611
-944.832849108 863.618489935 -37.0846313577 206.545991729
-924.984798202 885.105192823 -34.7400259857 207.067602677
-900.585596479 908.171033783 -31.7530226611 210.527447321
-881.025805821 927.713610536 -29.2550385909 210.567532779
-857.014152018 949.188186083 -25.5968945342 212.960723401
-836.200814994 969.319907494 -23.7767455329 213.789098316
-815.265535581 986.730099757 -20.6260812964 214.119279247
-790.967117176 1006.93588077 -18.3008893575 215.675692259
-767.775183878 1024.00890411 -15.0085220844 216.408269836
-743.781156834 1042.78820754 -12.6574695288 217.604610617
-717.993112228 1060.40368221 -9.38200472945 218.877613218
-691.739086817 1076.18340872 -6.66086087077 219.622283609
-666.436218004 1092.35231915 -3.40128883873 221.025915272
-642.598585153 1108.04012738 -1.52910785785 220.746029419
-616.689493704 1122.81082485 2.22470822478 221.967469281
-588.615313588 1136.02148515 5.08294880145 222.475104346
-561.260795718 1149.67840273 8.24567852914 223.419994176
-537.157550246 1161.72453863 10.2786529294 222.713272364
-509.666774501 1173.72877466 14.1116662879 223.446182656
-480.227149853 1186.5189812 16.8733280343 224.488993006
-453.422447203 1197.61680174 19.7336758384 224.837674402
-425.532307852 1206.57398049 22.2196771506 224.153526972
-397.775161152 1216.19805725 25.9328676597 224.414919515
-369.446817876 1225.09334781 28.7806536177 224.563606207
-340.904013222 1233.81712911 31.856440132 224.768215355
-311.694685086 1241.29000758 34.564545171 224.489768746
-280.732525565 1249.0352031 38.0815084283 225.707641926
-253.504538357 1254.66574213 40.9502993267 224.747925329
-222.251095536 1260.44937834 44.274287602 225.175446042
-192.830421893 1265.47288838 47.1123657696 225.036416644
-163.58531656 1269.65259031 50.5760074222 224.685150858
-135.101910111 1272.61822696 53.4824322829 223.461315029
-103.137390914 1275.30807077 57.0465142911 224.072138442
-74.4335755518 1277.67869345 59.8150902314 222.9785803
-45.3233363729 1279.0823292 63.4622189573 222.204641799
-14.3845794719 1279.8348951 66.1682537221 222.022124243
-0.247465123645 1279.72164717 68.2252120201 221.611706146
-868.608122851 37.2105995584 -52.4861281469 24.5739351223
-1213.66228258 193.385162291 -95.0146217204 88.700510149
