id_plot iq_plot psi_d_mWb psi_q_mWb
0.0139064713501 0.0471855888857 104.533785631 -0.31580326683
0.0501577678099 -0.0118585681929 104.6287057 -0.0407277190039
-0.0422465025819 -0.101838033353 104.612404873 -0.436802249008
-0.0116845719741 0.0359672339711 104.44696317 -0.379328652375
0.0566761826644 20.0992812446 102.249152459 19.0766230321
-15.5778716442 12.4782182413 99.6186884424 10.0850941896
-19.9799879571 -0.0214571464517 100.20037714 -2.20385392155
-19.4914113644 -4.44825078605 101.110487162 -6.49840020961
-8.64730133917 -18.0533323793 105.896511149 -18.1823061055
-0.074995922399 -20.0025193521 108.231689289 -18.81129987
-0.0867423589248 -30.0713282656 108.689782936 -28.6776866647
-23.3961660112 -18.6812602064 101.471790397 -19.4280923039
-29.9391944127 0.0553937133075 97.5684106924 -2.40934655469
-29.201645752 6.6776565005 97.1607468001 4.10518039064
-13.0780538676 27.0869173469 99.3296979995 24.224652027
0.0760423370402 29.9731166382 102.077634523 28.5621177171
0.136703923109 39.9087538214 102.046464446 37.227013887
-9.60771724639 38.8457325139 99.8208748818 35.2805613679
-26.5278984427 29.9777604748 96.5126533527 25.8141058447
-37.3684775492 14.1903949472 94.7956633835 11.3660775251
-39.9465646243 -0.0221292250563 95.6821420809 -2.09136067448
-39.810119269 -4.88562495537 95.8519105675 -6.73262332063
-32.8690737031 -22.7663605221 99.2648705417 -22.7142057088
-18.5939165259 -35.4530943511 103.878260797 -33.9844684071
-0.13628437323 -40.021262267 108.825209645 -37.0128637522
-0.0362129556668 -59.9529472804 108.180093275 -52.9307113871
-0.223591789981 -60.0415193611 108.244137453 -52.9372796751
-9.88813083333 -59.2095930922 105.919989277 -52.5656406128
-14.4689468205 -58.2680228964 104.765826054 -52.0337702142
-28.5143186087 -52.7510093538 101.285018278 -47.8475980157
-39.6808098567 -44.9065724679 98.0279276233 -42.0759761583
-44.0450948097 -40.661857732 97.1674044021 -38.3731769918
-54.9607545729 -24.1084104351 93.38401076 -23.5565116449
-56.1466290622 -21.2972854297 92.8893270538 -21.0381609747
-59.8553319745 -4.96953253305 90.9216940042 -5.90093493749
-59.8787559921 0.018492042693 90.7618137601 -1.16969732572
-60.00080444 -0.0135581770589 90.7501256271 -1.33758921422
-59.6890772818 7.16573913545 90.4098866695 5.25623191487
-58.2160491273 14.6408667196 90.419585656 12.3387647348
-50.0509527003 32.7622072324 91.6113056365 29.2072658033
-49.3088760142 34.1517526338 91.9824445522 30.2655187122
-36.8587358788 47.3538564062 94.4722085232 41.8790052027
-27.9244192051 53.0831240595 96.3811861925 46.9400804228
-19.5659840832 56.787648862 98.0908571784 50.2813659304
0.0389923848755 60.0308984146 102.95538583 53.6509810381
0.129771471579 59.9671891924 102.838258342 53.9130680913
0.0816211769971 79.9108824345 102.98016865 68.3151622083
0.045421318537 80.0479033011 103.117284904 68.1759025803
-19.1635371622 77.6629508884 98.3789405831 66.2914856414
-37.194677323 70.8690658276 94.4733169379 60.6958478967
-53.0812397777 59.9221976674 91.1272535008 51.7084190489
-65.732614131 45.4980630972 88.3866881787 39.8325997317
-74.7547010329 28.2982174192 86.5509152444 25.0666942636
-79.3959203994 9.57472322185 86.4315514549 7.72283570136
-79.9924594921 -0.059631865835 86.8155564822 -1.3598826658
-79.3995069352 -9.62448603926 87.1615149121 -9.96446396489
-74.7506890127 -28.3184387925 89.2257660071 -26.6897575736
-65.9595648153 -45.4356855654 91.8393294244 -41.7039430525
-52.9415695008 -59.9055697924 95.33324968 -53.4272317641
-37.1829781633 -70.8514287036 99.2022903807 -61.655512339
-19.1638186032 -77.6619585575 103.677868301 -66.0621839726
-0.0525493384696 -80.0236977482 108.040328071 -67.9201481205
-0.0940953478768 -90.0092762444 107.910454723 -74.5322641517
-29.1934074684 -85.1080843983 101.665837247 -71.1670839607
-55.3722695935 -71.1111030149 95.2615652007 -61.6554483038
-75.3652991984 -49.2567439564 89.9991045248 -44.8361383288
-87.2860605093 -22.166727404 86.2163233918 -21.2061078215
-89.9716999956 -0.00109564180517 84.6562251503 -1.29709391349
-89.6609721697 7.39822635013 84.5135687122 5.47541607543
-82.3285856717 36.1661619596 84.8859602372 31.7522735234
-66.1544238703 60.9730938534 88.5553565061 51.9951646661
-42.8610940537 79.1506839013 93.2588125221 66.5647656887
-14.7628198023 88.7064787486 99.6719840803 73.7092886971
0.087634944947 90.0154979733 103.139637918 74.776804902
0.0504728618991 100.029090102 102.86804343 80.8802047899
-19.4516881141 98.012652006 98.4869751274 79.5351717194
-38.3960615706 92.4823734924 94.4125700499 75.3872904258
-55.585166518 83.1764422246 90.8815131769 68.6476298214
-70.6329670632 70.7002310228 87.5818877356 59.3904248128
-83.0650649935 55.5576759137 85.0276484201 47.3341421659
-92.2669555974 38.253084789 82.9235014621 33.4074496255
-97.9875509035 19.4646665879 82.5696782625 16.5604929915
-100.048498165 -0.0128984619731 82.7967091071 -1.13929107546
-99.9091643438 0.0265541075213 82.9174982709 -0.987572072542
-98.0749650725 -19.454387852 83.8476401134 -18.7825120129
-92.3360617756 -38.2448589563 86.034565542 -34.777337673
-83.2210855073 -55.5849074437 88.6279810942 -49.7992335662
-70.6615167977 -70.7298046668 91.9720126536 -61.1616012457
-55.6609399096 -83.2156397081 95.7273696061 -69.9875236573
-38.2253088904 -92.3532036915 99.8109852315 -75.9007842761
-19.5289411059 -98.1241845584 103.826149156 -79.332481212
-0.305411338406 -100.076298872 107.673111487 -80.7429074002
0.00116703518719 -99.9343272772 107.525613038 -80.5727212808
-0.19159095588 -120.012680017 107.63729317 -91.2279777818
0.0413412399898 -119.89752889 107.651525818 -91.073769587
0.000315504080837 -119.994592891 107.578146134 -91.2448039951
-19.922282527 -118.424661538 103.555784188 -90.7106729129
-28.7763774437 -116.544157352 101.978504605 -89.6883430641
-39.179318836 -113.566133823 99.7231381594 -88.1470725784
-55.7271839259 -106.26761061 96.2347244448 -84.1995946174
-57.0255694744 -105.52300273 95.8166253209 -83.7205603249
-73.6299451717 -94.734399587 92.2277079253 -77.0359328445
-79.6031727366 -89.8398831484 90.7204148524 -73.7889048908
-88.213295694 -81.3042016525 88.6224127235 -68.049531998
-98.7566151208 -68.2265135062 86.0754214133 -58.5914895425
-100.550568921 -65.6771478737 85.6205997437 -56.7329429641
-109.957067168 -48.1550292679 83.1525353309 -42.8225258964
-112.164333053 -42.5721918862 82.3915177741 -38.0256339325
-116.223420425 -29.4803991946 80.7314169319 -27.0500141106
-119.061534381 -14.4940470161 79.7402699668 -14.2492226719
-119.635022229 -9.93155968802 79.6342636057 -10.1413645596
-120.049522442 -0.0464328813612 79.1831094079 -1.45697096717
-119.925671885 0.00567197469044 79.1112553055 -1.26305115072
-119.480447086 9.8876015312 78.9895936552 7.67097849644
-119.147046165 14.4565065406 78.8503468225 11.5926700143
-116.333038219 29.44771814 79.0651806497 24.968827686
-112.224877423 42.5507424724 79.2743011335 36.3888163418
-109.803524339 48.1996675286 79.7468477464 41.1154249204
-100.303510511 65.6281159587 81.8274545233 54.3458853478
-98.6659437846 68.1890619746 82.0673297146 56.2770972239
-88.1296920121 81.2695732158 84.2041007592 66.11497432
-79.3873372604 89.7545688003 86.0838270163 72.2950508003
-73.8483111276 94.8126153822 87.2571968848 75.5276840652
-57.1678627376 105.546192444 90.6520222357 82.828966848
-55.6946175739 106.198406186 90.9992840158 83.3673883992
-38.9640811747 113.49905319 94.3928336914 87.8272753108
-28.7603335827 116.493538575 96.5004452382 89.5024867581
-19.7110647237 118.394939382 98.3598929403 90.7107367602
0.046875473512 120.025713439 102.629240877 91.5209038292
0.086264629686 119.928362979 102.514698718 91.4830630501
0.0880400523509 120.039529825 102.645837057 91.6678813681
0.0577943198378 140.058231564 101.906161242 100.553902938
-19.8530152252 138.468561196 98.1052182263 99.5618387081
-39.5298189387 134.433745329 93.8206454105 97.9341998286
-58.1700209341 127.380159843 90.2017519445 94.2396384266
-75.4885313947 117.680822636 87.0983741337 88.9481730584
-91.7331847259 105.918806442 83.7117527988 81.7676742746
-105.693403425 91.7039450335 80.8565667503 72.5326241024
-117.631585827 75.7066361127 78.6728349646 60.9547928762
-127.272216898 58.1356580093 76.6483908383 47.936518864
-134.38491461 39.4087606185 75.2073819604 33.2856195134
-138.499992632 19.8895514614 75.3490623027 16.4185489025
-139.955823117 0.0377532437142 75.5870826886 -1.16464063898
-139.93008526 0.00980233906505 75.6234525727 -1.00412191231
-138.54886686 -19.9410334164 76.3919447951 -18.6882660112
-134.31802526 -39.4679024426 78.0284968566 -34.8818408602
-127.329373043 -58.1688151585 80.3632587808 -49.971788374
-117.793470139 -75.6733490777 82.7137009187 -63.2967137762
-105.668634341 -91.6916842522 85.6241384928 -74.3679974665
-91.6451577192 -105.827440955 89.0902089454 -83.47353155
-75.5759865403 -117.741474394 92.5450594817 -90.2347662235
-58.2581454517 -127.31453609 96.1608043598 -94.955953001
-39.3392255636 -134.297868211 99.8036995838 -98.1559570866
-19.933545327 -138.475788741 103.440740145 -99.7053902264
-0.00963702149407 -139.972183076 107.243794035 -99.9709610277
-0.150290904115 -140.021995321 107.380413031 -100.24868948
0.142108331917 -149.908749801 107.39525113 -103.886229558
-29.525799579 -147.209345069 101.671395616 -103.512120513
-57.4256256851 -138.615833536 96.3314690663 -100.28633073
-83.5133506482 -124.819584767 91.3635846456 -93.9502716277
-106.00093233 -106.029879459 86.4519645825 -83.2264401056
-124.590678654 -83.2754844819 81.5874888342 -68.7529204405
-138.565952701 -57.415101142 78.2699087311 -49.2012858364
-147.016863094 -29.240031831 75.2982690184 -26.4235063763
-149.902307801 -0.0298885111465 73.8140574937 -1.34314735425
-149.974534639 -0.0106895015631 73.818813201 -1.12299604825
-147.017751271 29.2509660128 73.6819486306 24.0848966526
-138.505227371 57.3746125117 74.7418920331 47.0611464152
-124.493260044 83.3592924912 77.4554948397 65.8607317519
-106.046451493 106.161030182 81.2328486675 81.19151725
-83.4161962547 124.785468478 85.4765476348 92.0854435707
-57.3328521025 138.570971483 90.4071642801 99.2445287822
-29.3095150521 147.115638288 95.8575824449 103.061660114
-0.0345025023046 150.025569228 101.593194337 104.249268957
-0.0098014153084 150.020512041 101.608130225 104.408022791
0.0764845230803 160.027549524 101.292243085 108.04741545
-9.70442089417 159.608467273 99.3652283404 107.885224827
-29.6053757348 157.405516357 95.5114672086 106.913042423
-48.4703217351 152.498610655 91.9305200268 105.061009754
-66.7403019756 145.263082241 88.5082287257 101.825071505
-84.5008464492 136.216044104 85.3122643602 97.4465746238
-100.192095331 124.658986091 82.4879361579 91.7159636419
-114.868493504 111.466271971 79.6294119657 83.7626051459
-127.642875734 96.4441030722 77.041231339 74.24571492
-138.441532975 80.0370489909 74.818059709 63.0662483565
-147.224381418 62.2935050748 73.2050662559 50.0547383354
-153.829245483 43.735125693 71.8874317672 36.1429965469
-157.933176432 24.4480989313 71.7925052771 19.9993880264
-159.905203691 4.92674946638 71.8754925337 3.11631697829
-159.984348441 -0.0090993614387 72.0849913021 -1.01734854564
-159.280783045 -14.7527200878 72.5731163352 -14.0079912087
-156.299437231 -34.2492451316 73.9379744146 -30.3470178805
-150.822325945 -53.1725998482 75.8486074898 -45.5962566459
-143.23209849 -71.3176400282 77.8403878792 -59.6981599435
-133.440443908 -88.4301925955 80.3595062695 -71.7309334874
-121.3319681 -104.111029178 83.4535981181 -81.9630138522
-108.002475273 -118.333911194 86.5205536412 -90.0864657286
-92.4480973867 -130.595108101 89.6920635446 -96.6047234259
-75.8340687661 -141.039171891 93.1803060361 -101.083311826
-57.6462843415 -149.154369578 96.5363538621 -104.684405058
-39.1227975738 -155.204518259 99.7459607703 -106.93565009
-19.9616619427 -158.845010769 103.588020762 -107.751661759
-0.236461002144 -160.046935648 107.528313019 -107.736043258
0.199744482711 -179.910944271 107.354298835 -114.527219159
-0.278494081019 -180.042930016 107.343496759 -114.506986192
-29.7517300551 -177.511712846 101.938382893 -114.300206231
-58.3994672032 -170.186034034 96.4036509827 -112.611315849
-85.6497585521 -158.363672326 91.6163633577 -108.463970506
-110.626246469 -142.071295566 86.9177967267 -101.682556353
-132.365714024 -121.907313845 82.1312892663 -91.9145245399
-150.761613448 -98.5303032566 77.7552279414 -78.0590089189
-164.701233976 -72.2948803708 73.9635679333 -59.8793405447
-174.555588499 -44.192550403 71.1515503742 -38.4758377004
-179.429253542 -14.9048804559 69.0705367431 -14.0977744664
-180.08716727 -0.0510235922914 68.4414494713 -1.57678910828
-179.294269396 14.8309731588 68.3614457213 11.4164493762
-174.433730177 44.1945886582 68.4741313153 35.6149427983
-164.580686763 72.297229181 70.505724117 56.4548407499
-150.451476287 98.4697073953 73.1010958016 74.7219496064
-132.249300959 121.928557707 76.9072987408 88.7257891026
-110.571364193 142.089856012 80.7149052926 99.1628264148
-85.4613596058 158.254095629 84.9203841589 106.468205913
-58.3408326737 170.185465525 89.9278251493 111.081270011
-29.6126041974 177.564417862 95.0348066589 113.688400712
0.190172809647 179.864049921 100.76298942 114.723628025
0.165027611813 199.90245688 100.026268421 120.672364384
-9.82268690317 199.740154602 98.2805240996 120.626788832
-29.7781137477 197.749139819 94.4297016567 119.796236992
-49.4351111143 193.872458802 90.8817577706 118.415795276
-68.2681035974 187.842227838 87.6935435854 116.485809854
-86.920647669 180.329254965 84.35094518 113.974619425
-104.375651133 170.724130614 81.5843077569 110.415093487
-120.618612217 159.436162882 78.8191053857 105.840677173
-135.779408692 146.592160758 76.4234645035 100.163210367
-149.895066013 132.438339646 73.7472866376 93.2770302394
-162.209529106 116.791518506 71.375763575 84.7081376784
-173.2983074 100.036205518 69.2318902715 74.3990557984
-182.226472291 82.2632403151 67.4887615391 62.5491002726
-189.495980809 63.6658767894 66.0576286017 49.4534666013
-194.909882929 44.4586721704 64.8784724869 35.4049069619
-198.293749509 24.8230046262 64.7542491806 19.4019592514
-199.790763137 4.95646064913 64.9155431943 2.88838665202
-200.078425315 -0.00176155160974 64.8830577244 -1.33295159313
-199.49347385 -14.9821063073 65.577391972 -14.1685678692
-197.01907464 -34.7518222782 66.6258431402 -30.3222391864
-192.627158105 -54.189176566 68.438931309 -46.0885416517
-186.039293104 -73.0599955875 70.2022364241 -60.0918023765
-178.107085723 -91.2636424231 72.4326227901 -72.6634566394
-168.189691206 -108.558663033 75.017793006 -83.6635504846
-156.417707461 -124.753077495 77.9842714168 -92.9176834142
-143.257166207 -139.679203296 80.8810035979 -100.614870678
-128.449889919 -153.235502896 84.0070028878 -106.58281368
-112.902845456 -165.323756386 86.8375163171 -111.251363294
-95.5254559611 -175.639346656 90.0663060226 -114.99954445
-77.5658350996 -184.29876557 93.1405993527 -117.564385664
-59.2205944089 -191.138895806 96.09368406 -119.459689434
-39.609605969 -196.019875109 99.9413136004 -120.310918632
-19.8645428046 -198.928680848 103.493485651 -120.768524753
0.162278026537 -199.930779291 107.331766997 -120.535090527
0.112527387153 -209.895053267 107.231370401 -123.272006043
-30.3814106085 -207.987424583 101.549968039 -123.548598699
-59.1903249497 -201.495119821 96.3583173118 -122.24603262
-87.4028638196 -191.032982958 91.5075907304 -119.913450779
-113.552701976 -176.681105304 86.9889928706 -115.259005696
-137.800417056 -158.835930989 82.3826481991 -108.988555664
-158.768704728 -137.498362404 77.9745923379 -99.2299337668
-176.598134688 -113.471681463 73.8034485372 -86.2327188151
-191.139178455 -87.2604769459 69.8390907775 -69.8611506362
-201.641153818 -59.1731462935 67.0599020837 -49.3341115007
-207.779935835 -29.98197903 64.4661188238 -26.4568507358
-209.873146139 -0.0440810918688 63.2490827241 -1.54595874667
-209.950725377 -0.0461549664009 63.1622304862 -1.53602936453
-207.824479839 29.8721691949 62.992783312 23.308227223
-201.382750566 59.1638603541 63.899290214 45.8570016244
-191.058201387 87.3369610099 66.0320089579 65.2898156184
-176.685204452 113.614641812 68.852046622 82.2327800275
-158.47513634 137.561490234 72.4549923096 95.1621635521
-137.530828291 158.82879311 75.9824091395 105.047592179
-113.315345798 176.517576526 79.9017168245 112.267756884
-87.3060386131 191.03673186 84.2318319888 117.375565238
-59.163097508 201.469128449 88.9249363681 120.499630928
-29.9726845795 207.929332096 93.9658831049 122.699926847
-0.0474492072134 209.979304975 99.6599698821 123.382415865
0.266662697819 209.911428115 99.8874206636 123.482730512
-0.0974750073669 220.009076894 99.6221789469 125.933982922
-19.7493227215 219.027589664 95.8263850104 125.720286438
-39.3387855114 216.515515786 92.1427040088 124.994645267
-58.6560061177 212.12383392 88.8485516899 123.499636093
-77.3486067901 205.918511177 85.6655868287 121.65174225
-95.5400574424 198.343612397 82.6922536782 119.484005492
-112.920469568 188.948849335 79.7474440078 116.311970359
-129.330159974 177.961204072 77.1347269673 112.24858198
-144.635716809 165.727573187 74.6115772988 107.981734102
-158.86803872 152.115686199 72.2291973266 101.710676388
-171.995038062 137.294828643 70.0088116049 94.5862869608
-183.465047894 121.161058604 67.7587079486 85.9047856339
-193.718080163 104.28485401 65.749832801 76.1105602552
-202.152664919 86.4320757576 64.1784807594 64.5451128153
-209.14118763 67.9081260417 62.7476087556 51.3806071081
-214.514894225 48.9195134168 61.3625309685 38.0154796954
-217.953966943 29.4833240863 61.2052149452 22.8399024364
-219.748334988 9.86258269871 61.2978727434 6.7238787361
-219.889736002 -0.0339126546992 61.4580223134 -1.39689797721
-219.760165817 -9.92792798474 61.6468624405 -9.72548879065
-217.947134799 -29.5387929086 62.6849836203 -25.9220618327
-214.490264711 -48.9646670831 64.3321083702 -41.3683476387
-209.383419884 -68.0387028374 65.8755264026 -55.7788218537
-202.228189251 -86.4604642765 67.7951442648 -68.7318864915
-193.720389691 -104.246366482 70.183182259 -80.5122188567
-183.495720654 -121.137947904 72.8884421719 -90.3809368645
-172.093066459 -137.242096271 75.5753642838 -99.1482773001
-158.947490901 -152.031940412 78.5679684053 -105.875600361
-144.939942611 -165.785924953 81.3217798346 -111.571114061
-129.054261288 -177.878593555 84.1010809097 -115.989001735
-112.747851438 -188.863207444 87.0959303317 -119.462510707
-95.9222289473 -198.386954353 90.0472514674 -122.350425495
-76.9518029089 -205.850771975 93.1113907078 -124.085964645
-58.6405696243 -212.049401754 96.2445302096 -125.349757156
-39.4178169385 -216.551124586 99.9378949981 -126.050086526
-19.8932462229 -218.985074967 103.282146556 -126.31454377
0.174006052515 -219.838098041 107.135665381 -126.019506538
0.143833712903 -219.975339767 107.201019502 -126.101514294
-0.0462575565609 -239.988619825 106.961739111 -130.884769856
0.127562857021 -239.891717175 106.799295205 -130.877971062
-14.5057555153 -239.316837789 104.098972768 -131.232811678
-19.7114683677 -239.168226545 103.251863995 -131.449140216
-39.7128133015 -236.683548148 99.6065279133 -131.221718476
-43.9506685378 -235.773338153 98.8931858326 -131.219880131
-58.6583808622 -232.484848548 96.1048035605 -130.840031113
-72.600473727 -228.641762256 93.5679968895 -130.355230467
-78.4286012721 -227.028554564 92.5460809062 -129.929160211
-96.0369912304 -219.608315147 89.5681248536 -128.537154898
-100.316684802 -217.986862994 88.8923365637 -128.123361416
-114.426962921 -211.171723564 86.8821503286 -126.522153513
-126.459661666 -204.109183832 84.5644828301 -124.677517588
-131.206182862 -200.845394572 83.7626973654 -123.740096527
-147.441678995 -189.405517936 80.9499047739 -120.450010528
-150.499887386 -186.89941286 80.385759744 -119.446775434
-162.408259809 -176.570660012 78.2709216845 -115.896026609
-172.213476716 -167.142876606 76.1815188556 -112.388613688
-176.868211294 -162.645447221 75.4561578748 -110.550322247
-189.398921478 -147.462900894 72.7086447302 -103.678265583
-191.61642809 -144.687473406 72.2118078169 -102.551830442
-200.794058358 -131.226010144 69.9645575104 -95.6851990194
-208.048661788 -120.04401651 68.1429105622 -89.6282517567
-211.088538809 -114.260553131 67.3817737017 -86.0333165602
-219.732801575 -96.3436404448 65.0663195766 -75.2089278105
-221.190631947 -93.5590813821 64.679338745 -73.3185508415
-227.036966567 -77.9933109847 62.9235269276 -62.9661407204
-230.817994776 -65.6565720487 61.6997222282 -53.9137538147
-232.784964304 -58.9678815436 61.2337007387 -48.7958751944
-236.826430395 -39.5566133813 59.5488322779 -33.8139903463
-237.09999821 -36.8022631443 59.331000658 -31.6687985232
-238.947980186 -19.8656490615 58.4507857121 -17.9490736275
-239.881139409 -7.36793087487 57.9888022649 -7.95972216768
-240.114506321 0.0279534770027 57.7333730794 -1.89666477367
-239.912707516 -0.0256480120134 57.7301836972 -1.66625378063
-239.853916625 -0.0748817884807 57.8446732897 -1.72290450465
-239.176201966 19.8102576096 57.4514247443 14.48305094
-238.972717921 22.1162229824 57.5114312424 16.5667292125
-236.60786104 39.4708525476 57.5629449131 30.3241634844
-234.494801225 51.3499032572 57.737102347 39.0647678859
-232.737229341 58.8913941008 58.3663337913 44.3404683308
-226.777385379 77.8797115973 59.8734944488 57.6971147295
-226.210362981 79.8167397008 59.872015515 59.1472774242
-219.900535678 96.4563904296 61.1546664927 69.9036239782
-214.589646871 106.947136245 62.3114979285 76.8167353798
-210.780525488 114.262127694 62.8375169156 81.0818305412
-200.73656721 131.241609677 64.7900919527 90.5899385927
-199.963757106 132.669175946 65.1279658587 91.5904142319
-189.497279406 147.551714507 67.0513864724 98.6164315112
-182.220741752 156.195094464 68.2585843381 102.706297801
-176.371823173 162.632975297 69.4480013376 105.658488222
-162.544101895 176.660747753 71.5213420366 111.271534018
-161.590252473 177.336458982 71.7135039249 111.426699577
-147.256767132 189.371458244 74.0332557215 115.962317438
-138.790654226 196.031895786 75.3103311377 118.300971898
-131.232974468 200.86573203 76.419954496 119.881143312
-114.257282674 211.109443819 79.1198175104 123.077016313
-113.441243551 211.496148322 79.2424072982 123.234193364
-96.5569641712 219.938151294 81.9993582093 125.470812975
-86.8991615149 223.848236206 83.5959746046 126.448374758
-77.7258778382 226.787908826 85.0733001261 127.427089257
-58.8030231266 232.557033485 88.1982825325 128.96368678
-58.608120599 232.677373412 88.0939194048 128.872404241
-39.6733791162 236.794546736 91.4530075786 130.123390971
-29.2700875472 237.906899401 93.4639032354 130.448613477
-19.9095267798 239.194984192 95.1720085545 130.726074257
0.0169631279513 239.891909005 98.6895019011 130.76918214
0.106640438532 240.017107737 98.7565356249 130.889021908
0.107652186017 240.016950523 98.6586343619 130.854654389
0.198699091664 259.673555276 98.0074884694 135.017074493
-20.1341475419 259.374334954 94.5289653484 135.423018498
-39.8452263606 257.044404765 91.0452036376 134.861277081
-59.3751457577 253.141981064 87.5975314404 133.977552814
-78.2543893487 247.765534364 84.4830885618 132.753264206
-97.2563494067 241.238817485 81.407666773 131.19857671
-115.382157056 233.002841271 78.5450069525 128.922800215
-132.969285015 223.603309553 75.8238161234 126.653679832
-149.594668064 212.707731197 73.2743137417 123.432479391
-165.421289882 200.688190275 70.6207789778 119.631753827
-180.120971558 187.294460784 68.6037498976 114.893916662
-193.981473835 173.089034806 66.3076865415 109.426416311
-206.778282375 157.766145344 63.9492581012 102.847210985
-218.202162297 141.363859304 61.9590849585 95.0621864344
-228.48673952 124.270368766 60.0967456377 85.9247397574
-236.954249132 106.261580827 58.1274755802 75.6180658783
-244.829755403 87.9031722118 56.5454591533 63.7969019342
-250.571076445 68.8502824886 55.3032828133 50.8852894856
-255.20644891 49.4628586514 53.8946580787 37.2486592334
-258.145706517 29.7385977061 53.6261757815 22.5953000669
-259.696240391 9.90434007986 53.9311032798 6.60935183793
-260.201153088 -0.00883970599405 53.8848887539 -1.77122918739
-259.524677527 -10.0354319435 54.4421646183 -9.94692321304
-258.383643522 -29.8669314244 55.212743353 -25.8495653006
-255.364563898 -49.5860148802 56.7088926161 -41.3108772885
-250.73916673 -68.9456142867 58.2499439595 -55.4699983936
-244.683500921 -87.9286570876 59.8825119291 -68.7702304429
-237.349788237 -106.392608523 62.1446075793 -80.6657861076
-228.379003598 -124.237933364 64.7411658182 -91.1668643801
-218.414384466 -141.435180353 67.0527986184 -100.478435925
-206.775036519 -157.663825945 69.7720531682 -108.253692874
-193.883648927 -172.916283148 72.2776639104 -114.597532446
-180.294627698 -187.414485854 75.285839547 -120.025786594
-165.356707174 -200.5988712 77.9969431679 -124.259101331
-149.287386678 -212.595923452 80.5345051901 -127.624259731
-133.222671891 -223.598160581 83.3439201187 -130.374402216
-115.379463013 -233.015815193 86.2564861726 -132.528821638
-97.1180128786 -241.051080999 89.1860896897 -134.072249693
-78.3081442168 -247.816555675 92.5499499162 -135.17114504
-59.8556018328 -253.334600613 95.8575270338 -135.882905455
-39.4206587766 -256.733297997 99.3514466203 -136.080973833
-19.791791049 -259.068712834 102.796149055 -135.948232726
-0.104770291363 -259.981349456 106.229717594 -135.377090103
-0.323116771737 -259.927566603 106.280218414 -135.345953626
0.221539960944 -269.83524037 105.986637743 -137.14852353
-29.684583696 -268.172551152 101.077496907 -138.196005281
-59.443067617 -263.537146237 95.6082794458 -138.262966604
-87.7905405045 -255.45360491 90.7233696646 -137.169835163
-115.555814316 -244.170809364 85.8960118722 -135.479922107
-141.201256403 -230.01388477 82.0373991962 -132.338317009
-166.104753959 -213.109680513 77.7834456647 -128.048053889
-188.174968031 -193.600274967 73.7552061349 -122.08835921
-208.481626899 -171.607791462 69.4506038001 -114.197377291
-225.950923166 -147.725249276 65.6797818362 -103.449105174
-240.734686531 -121.972755382 62.0163146591 -89.7138083892
-253.103030334 -94.7580972693 58.7573142467 -73.1868742886
-261.616514156 -66.3103328609 55.9694023494 -53.3806692704
-267.344464965 -37.135949333 53.8280480722 -31.347270215
-269.848554652 -7.50993138225 52.5102159321 -7.89661734577
-269.866107797 -0.0317612737975 52.2393631566 -1.82897072596
-269.055110051 22.2825598834 52.0072692624 16.4539405898
-264.965947822 51.7242542191 52.2292906894 38.7175762408
-257.53959987 80.6460953783 54.1629685818 58.7477973992
-247.41463525 108.474653401 56.3788645021 76.5062058406
-233.609669106 135.054284773 59.2095945964 91.6171948452
-217.555834965 160.021931957 62.3236614858 103.337934025
-198.601139386 182.878311357 65.7821245166 112.823451871
-176.858445799 203.495931034 69.2605905918 120.274704913
-154.1449982 222.079634432 72.4615290821 126.144928039
-128.670752204 237.566442298 76.3854788824 130.203006003
-101.56565797 250.130757451 80.7021874498 133.328350449
-73.1161352923 259.479810489 85.3171244222 135.675142707
-44.4695069945 266.234211056 89.9547089915 136.889825661
-14.9428568938 269.639642811 95.0131744503 137.300292496
-0.0717753077915 270.004397131 97.5382916814 137.154162576
0.246108053271 279.730187149 97.321364341 139.239783489
-0.136831199171 280.161542433 97.3236439002 139.186516178
-19.9632965924 279.244368241 93.9401613455 139.299381072
-39.8403846345 277.144757618 90.5486360504 139.358529249
-59.3014878827 273.35401317 87.1536317035 138.667349026
-79.0335605528 268.680795078 83.9952993598 137.558435021
-97.8972042232 262.406997884 80.8787165617 136.248310375
-116.288082559 254.752346731 77.9683918199 134.501099636
-134.160299796 245.643384209 75.2695304787 132.325038004
-151.294237939 235.589564019 72.7283850715 129.932637511
-167.838175441 224.324080932 70.0029003032 126.824450411
-183.461859603 211.817796155 67.9580977547 122.985470222
-197.979617516 198.053414308 65.7877833989 118.351863849
-211.648908621 183.443715257 63.5239864222 113.095958416
-224.061328492 167.90907377 61.2453253476 106.695049276
-235.390890539 151.503238893 59.1328724023 99.2928781486
-245.542089882 134.253828512 56.9247284085 90.9997305448
-254.575220626 116.314095108 55.256061786 81.0291833433
-262.395994486 97.8346022658 53.3885007353 69.6235133391
-268.618973743 78.8542777524 52.136465994 57.3572170552
-273.589753039 59.5024591014 50.7398160434 43.895153316
-276.965348178 39.822192455 49.8379540455 30.1738973009
-279.256488945 19.9566140345 50.0067215443 14.7893694998
-279.850574989 -0.0920938966696 50.4108769284 -1.57286565247
-279.904314876 -0.0540810070343 50.3142836265 -1.85872419513
-279.137242065 -20.0238801689 51.1102662629 -17.7203038002
-277.306006264 -39.8942467544 52.1952451056 -33.164213193
-273.57949073 -59.5978994797 53.7051970549 -48.0194056535
-268.568491065 -78.9820954257 55.2606987397 -62.2629756426
-262.401392769 -97.9037933511 57.090660596 -74.7569517392
-254.634902183 -116.361302169 59.4057976026 -86.1044847003
-245.790177799 -134.262907434 61.7833119403 -96.015528264
-235.577921795 -151.39211626 64.114611976 -105.076584251
-223.926404997 -167.773474695 66.7554923759 -112.14338563
-211.656546881 -183.383326562 69.4243858559 -118.549676927
-197.686570409 -197.957678004 72.2262565769 -123.449909938
-183.601608585 -211.716297718 74.6825426498 -127.982681984
-167.768804703 -224.073303944 77.2608142305 -131.265853381
-151.227094622 -235.521182348 80.1794292033 -133.791073268
-134.245643694 -245.849934407 82.7984093971 -136.230595102
-116.275507896 -254.598274815 85.5843906449 -137.82423628
-97.7793265568 -262.313627705 88.9058329534 -139.186348253
-79.3268894221 -268.8308404 92.1718711254 -140.002204691
-59.4855887342 -273.442635021 95.5767714631 -140.300628851
-39.8969568887 -277.122846787 98.8177575024 -140.23103808
-19.8559806872 -279.226898804 102.400731043 -140.102213378
-0.584843211349 -280.172082272 105.61172214 -139.250345548
0.00729535033762 -299.923211068 104.886829189 -142.875857756
-15.640622915 -299.728116097 102.404168194 -143.566831821
-44.6204387842 -296.525241121 97.5205341633 -144.266982832
-74.0296158456 -290.652753293 92.6942484147 -144.243845015
-103.041011582 -282.038409254 87.8897718563 -143.493469227
-130.184039108 -270.386228811 83.3880192642 -141.883964182
-156.490291213 -255.816732782 78.9741489588 -139.054230602
-181.268505587 -239.240341232 75.1686864811 -135.497693416
-204.280704039 -220.096087737 71.0801230015 -130.657420052
-225.025419487 -198.52660021 67.1063627974 -123.863450624
-243.43724632 -175.189327059 63.3660797889 -115.09759028
-259.650308568 -150.057831513 59.6247159097 -103.82033987
-273.155054414 -123.346996359 56.0946986852 -89.6031339713
-284.469298592 -95.6180299012 52.8653568403 -72.6095653461
-292.344437301 -66.8290347167 50.3106956478 -52.9712948397
-297.659895591 -37.3233744033 48.2055773414 -30.888343103
-299.706745245 -7.53754096117 46.8858024862 -7.73707889509
-300.110137701 -0.0550070182279 46.5933024544 -1.62208913731
-299.106720837 22.4311206194 46.2261818551 16.5875956349
-295.447664959 52.0440133298 46.6346499325 38.1469756201
-288.751380983 81.2285352358 48.5219004442 58.3282678404
-279.133941867 109.682567486 50.6086296654 76.5147258528
-266.918483915 136.862359637 53.4157746384 91.3225981383
-251.662938745 162.736384717 56.5490280341 104.050565348
-234.457001088 187.202110662 59.7169520578 114.000934349
-214.904962223 209.590813151 62.9572626159 122.099252409
-192.521056344 229.879191196 66.2270763691 128.470316979
-168.862003883 247.865781181 69.8711695674 133.315571417
-143.512275897 263.462148498 73.7021978955 136.770399363
-116.657634063 276.343189017 77.6981579615 139.492437944
-88.5799049368 286.832492951 82.1606103387 141.790808539
-59.5642131339 294.150238015 86.7692007984 142.885913339
-29.8622616334 298.384419238 91.5343585215 143.236184807
0.421452227296 299.582561751 96.7015242837 142.756669316
0.031965050017 319.858826418 95.6999322973 146.149220201
-10.0958854013 319.928981478 94.2132340379 146.347026118
-29.7193991702 318.544824387 91.0257406513 146.953371963
-49.5303908978 316.217704834 87.8526328289 146.787474805
-69.0808647865 312.231131713 84.8227186779 146.338945327
-88.5673925778 307.627340545 81.6572130717 145.990654424
-107.332294125 301.346967472 78.7031015255 144.721096833
-125.891880342 294.141469422 75.7550996875 143.376255086
-143.562663012 285.474930006 73.2147049405 141.865536862
-161.449118353 276.465724873 70.4587768872 140.047869395
-178.328759521 265.695710428 68.1048707143 137.690764765
-194.412139526 254.269665565 65.7654416033 135.193486524
-209.707907786 241.659755195 63.2510989725 131.881191653
-224.22007893 227.981995631 61.1160858546 127.909607493
-238.077755691 213.690047315 59.1442012367 123.518556309
-251.048840213 198.532980857 56.7079116735 118.229436925
-262.543959923 182.402496392 55.0510771343 112.003397024
-273.434884845 165.725739105 52.7179125109 105.05442682
-283.530440949 148.516617951 50.4668589695 96.7981834177
-291.916652948 130.50147546 48.7653713723 87.7475836669
-299.677859328 112.087988593 46.8994309439 77.5433166245
-306.172525492 93.2256601236 45.3615961263 65.6209080601
-311.305939701 74.0319037706 44.2941972389 53.1704864725
-315.425342608 54.521597874 42.9100448941 39.4403502488
-317.977813261 34.7722315386 42.1244512046 25.9924578603
-319.638891787 14.886365847 42.6179854328 10.9048424152
-320.04337864 0.0118549365538 42.9474967657 -1.28914955725
-317.141753049 -5.54040142078 44.1160230452 -4.08457580722
-318.147728011 -24.5143985024 43.2857180022 -20.0042589542
-317.318753556 -44.6153285479 45.094403306 -35.9974591137
-314.740609029 -63.8274197484 45.6868757755 -50.9364021039
-309.13871073 -83.3672148137 47.4282882619 -64.0673789266
-302.695996143 -102.819480308 49.8273715058 -75.931221589
-296.235820292 -121.286286449 51.6771581143 -87.7935730956
-288.153674953 -139.504385738 53.9461474007 -97.5331389944
-278.693847163 -157.064467902 56.425631741 -106.529913925
-268.323717843 -174.123781301 58.7814359675 -114.094594634
-257.337341523 -190.628347332 61.125003759 -120.710399507
-244.924194684 -206.231100848 63.8464283065 -126.357989729
-231.74899784 -220.983369481 66.2005360534 -130.932184117
-217.058582326 -234.814588812 68.9196931452 -134.751396198
-202.385307887 -248.08234397 71.3418184191 -138.081284995
-186.376775379 -259.92754364 73.9926790361 -140.75674585
-169.857335387 -271.070476242 76.4322637174 -142.92701671
-153.113737138 -281.342354422 79.1803639277 -144.883726529
-135.108865046 -289.985385481 81.9533689939 -146.116347461
-116.578950264 -297.763251611 84.9947058347 -147.176342561
-97.8951739567 -304.661808058 88.2897197521 -147.754639891
-79.1704640231 -310.157241691 91.225331976 -148.063222248
-59.4680502156 -314.368491237 94.396337861 -147.99953186
-39.7655373005 -317.488697715 97.8483913459 -147.578357107
-20.1349047893 -319.334769658 100.979354854 -147.080106803
-0.155028253717 -320.133187089 104.418081597 -146.081441069
0.32877474266 -329.772205136 104.000545428 -147.635040616
-29.7085170317 -328.634054278 99.3760753193 -148.955267228
-58.8755735371 -324.635463236 94.590410674 -149.617592796
-87.90168074 -318.039515356 89.8712757185 -149.749664047
-116.323751488 -309.089356982 85.2484852327 -149.087107616
-143.606017277 -297.513320733 80.6609926035 -147.86735149
-169.507562355 -283.248987465 76.4009627851 -145.501525758
-194.118937826 -266.931268039 72.6011764232 -142.550871485
-217.533132524 -248.704164515 68.7834893652 -138.657075433
-238.190568965 -227.929170496 64.9410553109 -132.998386612
-258.210363611 -205.876559749 61.2741555183 -126.134645773
-275.430360698 -181.848108647 57.6012810548 -117.094795979
-290.341039638 -156.394302736 53.9003478764 -105.940075593
-303.485870946 -129.803635586 50.5031070135 -92.0491693928
-313.540327061 -102.052647804 47.6929161658 -75.5435493982
-321.735840946 -73.4567501151 44.7750818158 -56.7545212876
-326.938470334 -44.359350674 43.2241224011 -35.1133468102
-329.568068509 -14.8927749387 41.5620121321 -12.6960284672
-330.03833103 -0.0448922721738 41.0746553358 -1.34141822588
-329.789298018 14.8091329046 40.6440741905 10.7494219517
-326.668705624 44.2309924562 40.680698 32.263944533
-321.75824764 73.4665317089 42.3087103693 52.3555108554
-313.837427681 101.977591962 44.3829615704 70.8623121848
-303.059874846 129.665966315 46.7100514039 87.0331922417
-290.355574553 156.453029526 49.4314033441 100.707252555
-275.538720497 181.871751305 52.6818021445 111.541696994
-257.816500956 205.780757908 56.0194134107 120.590098033
-238.432310808 228.208188656 58.9949462916 128.038622476
-217.336667529 248.677036279 62.1269288097 133.694533575
-193.622565168 266.917333607 65.8382576204 138.125152933
-169.373280758 283.331331847 69.2835374044 141.617154588
-142.941805595 297.184882038 73.0951102213 144.360383337
-115.887877331 308.846809133 77.209898002 146.351736032
-87.969095189 318.110044385 81.4942633043 147.781167276
-58.9582654521 324.745788832 85.9386800081 148.403238096
-29.6644942967 328.669365228 90.6505929961 148.354013627
-0.204329883113 330.146298401 95.2021775465 147.817279287
0.242835907075 329.866481009 95.2263057555 147.825811586
0.0872933436823 340.084178441 94.6934156508 149.471828804
-19.8080631688 339.207100158 91.5816844055 150.00091315
-39.704664008 337.504345056 88.6566776586 150.233706654
-59.6032448741 334.696859816 85.5306229176 150.239793552
-79.3982771771 330.669962932 82.5194850454 149.898557324
-97.9882054495 325.11991324 79.5228704712 149.335002196
-117.456638812 319.116328151 76.4624558983 148.46749785
-135.904228554 311.566520522 73.8347336369 147.238938256
-154.007336067 303.064989933 71.2446304201 145.530688552
-171.358243732 293.62388091 68.8192429044 143.969734876
-188.327848915 283.137340323 66.3398691743 141.611966019
-204.593601039 271.468334438 64.0019008191 139.332206074
-219.859462207 259.098114224 61.5954126326 136.581086582
-234.925124516 245.794622775 59.5488944118 133.034368964
-249.086642524 231.476871207 57.1832374831 128.987499331
-261.92013152 216.507900162 55.1420822763 124.469748474
-274.42531659 200.785151617 53.0274798697 118.945924611
-285.457655373 184.297582465 51.0162460321 112.715333009
-295.881632683 167.240029801 48.7913315449 105.570504348
-305.374649391 149.487866599 46.6464629091 97.2062005302
-313.630026813 131.232702851 44.9645789521 87.4415789059
-320.709216344 112.582904587 43.1879720344 77.383029158
-326.621074907 93.536570515 41.8700930381 65.5522942154
-331.943711525 74.2437914858 40.3482545257 52.8265869736
-335.500532558 54.6274511516 39.224409494 39.4058456783
-338.16427285 34.8206528843 38.3870572334 25.8181180058
-339.614430836 14.8968917119 38.8919099806 11.1736654497
-339.951361798 -0.0649760213126 39.2591601152 -0.643011264569
-339.902148175 -5.59177677897 40.154893039 -5.49143200167
-337.618331572 -25.6068648468 41.0438769081 -20.0075990411
-337.384147065 -44.9004196942 41.4660797885 -35.5261195203
-332.390164967 -64.4448715442 42.4555572607 -49.1579718788
-329.536565797 -84.1321410059 43.9614680225 -63.4563310881
-324.094882589 -103.236952271 45.7012170447 -75.8638712356
-317.333409232 -122.03775834 47.7471131063 -87.2825316994
-309.656089269 -140.470562097 49.7871976313 -97.2573087897
-301.112130365 -158.408641147 52.0198606776 -106.508502369
-291.059271688 -175.787302416 54.516430058 -114.276503132
-280.378682708 -192.548427911 57.1288657719 -120.994893524
-268.793815575 -208.787256359 59.3185130881 -126.87672111
-255.453703296 -223.934334496 62.0186427433 -131.732814612
-242.272816257 -238.667601642 64.2579592522 -136.161555401
-227.730095614 -252.513153873 66.9764390243 -139.498415703
-212.616831148 -265.280784515 69.6422724334 -142.535010217
-197.014597653 -277.649926025 72.3869442744 -144.94644803
-179.763739657 -288.258729127 74.7741693233 -146.989186107
-162.739614668 -298.440527798 77.3455397826 -148.561204948
-145.182916207 -307.74387452 80.3186773435 -149.882728974
-126.847282239 -315.490803747 83.3048367237 -150.63593971
-107.922284162 -322.270946887 86.2120317891 -151.158636997
-88.92497092 -328.197571618 89.532990524 -151.552103321
-69.1427221542 -332.702060659 92.3920155158 -151.474772367
-50.1539169872 -336.373311758 95.517825839 -151.02569116
-30.0026889236 -338.596138293 98.7628875173 -150.592117827
-10.0856311529 -339.689534721 101.725572598 -149.781002869
0.1110058847 -339.864896509 103.255535401 -149.155392224
-0.00786528784673 -359.870493153 102.425743648 -152.291798027
0.0285537307834 -359.954591202 102.535028386 -152.235250884
-29.7827797154 -358.519839564 97.6047517948 -153.537898616
-58.9238895733 -354.867853741 93.2475399184 -154.420479545
-88.4661156978 -348.844856917 88.5473143846 -154.959860886
-117.238545629 -340.437796027 84.3343822839 -154.42117816
-144.87291689 -329.787297212 79.9677114546 -153.800900157
-171.622843008 -316.697320206 75.7172862121 -152.409702083
-196.859393805 -301.308793063 71.5656109444 -149.911902979
-221.36478509 -284.052726922 67.7759825955 -146.977340421
-243.827290298 -265.034566415 64.2322396925 -142.944213699
-264.571619141 -243.742476978 60.4296683541 -137.567982675
-284.444873942 -221.171931053 56.7086653003 -130.901650697
-301.517040364 -197.032538055 53.0274140646 -122.539707838
-316.61035387 -171.274827662 49.5870172606 -111.703019113
-329.911205831 -144.686879938 46.2738044431 -98.9769004314
-340.493090845 -116.988208965 42.9966500762 -83.4423871617
-348.815436492 -88.4105692973 40.1749499 -65.5984660457
-354.958447314 -59.3360740492 38.2887201946 -45.4572378322
-358.74999471 -29.7718385345 36.8995071759 -23.3287034945
-356.894774402 -0.165048850701 35.838376538 1.11195306409
-356.613717383 -0.628411805063 36.6774330824 0.805054103281
-360.624075221 30.0338899946 34.1520984794 21.269439668
-355.880734948 59.6905925753 35.4304614874 41.7262856571
-349.117546714 88.4409827693 37.5187403398 61.429572396
-340.057836915 116.837799307 39.9502874664 79.0646886608
-329.403698841 144.668308634 42.3984170056 94.1803106261
-316.502100171 171.348397914 45.4621447346 106.768125614
-301.121294571 196.936960775 48.6898330022 117.34793284
-284.28987095 221.4289795 51.5822767964 125.814685575
-264.868221309 243.903515627 54.6499757447 132.516916196
-243.2866195 264.853612591 58.0047368689 138.248120209
-221.079618977 284.203229477 61.170032711 142.517443234
-196.929344714 301.414235349 64.7078392355 145.950403444
-171.266816823 316.608104867 68.2670144714 148.414279575
-144.756206954 329.619773622 72.2132557796 150.534919262
-117.314303571 340.614099566 76.2233580885 152.133529008
-88.292456593 348.858878375 80.5750930745 153.142878134
-59.2410352262 355.090415046 84.926849492 153.559110898
-29.4535633745 358.697936058 89.5211998218 153.365024261
0.0730931960068 359.842318723 93.9494986311 152.535059823
-0.350643901862 380.277287594 93.0356163236 155.29116394
-19.8006082298 379.483694528 90.1624789604 156.109847601
-39.8295133615 377.924368997 87.0928125778 156.310598922
-59.390801315 375.120618491 84.2861896713 156.405215217
-78.8547090308 371.63790622 81.3028029139 156.531559929
-98.6384978995 367.191861557 78.2282877144 156.399273086
-117.619876279 361.349881443 75.4933979581 155.664634989
-135.878275399 354.59399138 72.8216545225 155.252189417
-154.663649202 347.140999844 69.9490526276 153.995595271
-172.948132579 338.683246343 67.5802237006 152.633372116
-189.648902088 328.975156116 65.3094686336 151.272618379
-206.858800563 318.730683139 62.7540189823 149.649819465
-223.809619769 307.574573019 60.2992022503 147.388563564
-238.462033169 295.179798775 58.2534829122 145.298781046
-254.275291697 282.678845259 55.6426773544 142.395629269
-269.003848448 268.826169102 53.7578804828 139.176770196
-282.040237055 254.294695365 51.6755872508 135.605095091
-295.212986008 239.227452233 49.7347282458 131.2322811
-307.393262564 223.642051534 47.6060967495 126.264092519
-318.840353441 207.080169904 45.4939172697 120.86904119
-328.67649009 189.968680959 43.6081805563 114.456045833
-338.287861927 172.506103402 41.7467813731 106.940297535
-347.156212982 154.597981753 39.7971030538 98.3351434761
-354.919446957 136.164650443 37.7255377866 88.7367023888
-361.437099772 117.389590757 36.1038143426 78.5331227333
-367.055592058 98.3342656639 34.6934734601 67.2484554766
-371.759475634 78.9709141997 33.6804069554 54.7697607748
-375.262752939 59.3596155607 32.4516968437 41.5534134129
-377.861318441 39.6696395918 31.3141274774 28.2524702963
-379.420635526 19.8249425767 31.4509157426 15.1242302184
-379.8590912 -0.08654898818 32.3481063113 0.550448920563
-380.066373254 -0.0940022032863 32.2968050002 0.0363263937927
-382.414127834 -19.0937690118 31.5980393233 -16.8524488606
-378.290303394 -39.8129302071 34.1075256616 -30.457813684
-376.383296669 -59.4303694891 34.6183428544 -45.3116122132
-371.128847636 -79.2966852348 36.0223163436 -58.3817190087
-366.976562838 -98.4577595996 37.2940252459 -71.2211296902
-361.6985456 -117.332195594 38.917694687 -82.7722644629
-354.782055244 -136.280892162 41.1104853043 -93.5630318399
-347.272329887 -154.697250016 43.4900305851 -102.7967566
-338.500899419 -172.550700456 45.6352718528 -111.562765757
-329.183296329 -190.025993072 47.8059446691 -118.785140117
-318.722724665 -207.13005442 50.1606021757 -125.5300651
-307.665377879 -223.50830202 52.6642037167 -131.225598307
-295.233486878 -239.136307194 54.7240611572 -136.123642904
-282.177596632 -254.274306146 57.2419749038 -140.28730254
-268.62489132 -268.937583104 59.8317001134 -144.015165056
-254.051810519 -282.263212867 61.9798188571 -146.897081599
-239.142600288 -295.232484221 64.3358419349 -149.486356571
-223.951236003 -307.718604585 66.9274267131 -151.860684083
-206.44367053 -318.43937938 69.1418870217 -153.551336466
-190.385158714 -329.119143525 71.7076704203 -154.959989976
-172.56203132 -338.624189362 74.66547604 -156.289657058
-154.960294948 -347.084148538 77.46825041 -156.849597701
-135.731198683 -354.484614187 80.3479861148 -157.573013647
-117.841280738 -361.656617389 83.4003143817 -158.049899438
-98.3680212661 -367.010194949 86.2190630054 -157.928461828
-79.1830204079 -371.630047625 89.7149639004 -157.664277881
-59.6267621236 -375.129615412 92.6941637183 -157.368991141
-39.8343987033 -377.847049279 95.8149223211 -156.853853332
-19.7668542503 -379.312320636 98.6983632969 -156.063912983
0.117585898848 -379.820027879 101.642033165 -155.194123135
-0.476589541012 -380.06327586 101.472069807 -154.952496611
0.245630698675 -389.836769141 101.107350927 -156.397703183
-29.7289409941 -388.581346597 96.5704040289 -157.704692645
-59.93363112 -385.341580503 91.956678478 -158.803545262
-88.7090861395 -379.60281171 87.5495072488 -159.197558068
-117.760977942 -371.89474163 83.1569302172 -159.457177213
-146.455102765 -361.849320631 78.7080052952 -159.292543679
-172.50483765 -349.173257968 74.2902644436 -157.80353435
-199.02502221 -334.976825228 70.0579119558 -156.347167002
-224.42605915 -318.988361005 66.383937893 -153.975938742
-248.490476336 -301.065428617 63.0260653677 -151.002577573
-270.276205374 -280.942920671 59.010418038 -147.011715557
-291.251705798 -259.531960614 55.5698444887 -141.860723635
-310.636210822 -236.636361607 52.3920349651 -135.311769531
-327.149185839 -211.864797595 48.6677586951 -127.286906238
-342.584630096 -186.376832181 45.2948022272 -117.305910938
-355.872843825 -159.705292369 41.9422017446 -105.074676997
-367.189095602 -131.84987494 38.5264241571 -90.6932357965
-376.278065183 -103.394291124 35.4911928392 -74.329411263
-382.760670611 -74.3601874364 33.5684577714 -54.6796496747
-387.270872486 -44.7778029126 32.3131806042 -33.482251799
-389.774956396 -14.957142897 31.3360876032 -12.5656127179
-389.896243939 -0.0647088042194 30.2116155792 0.773198253609
-389.003530747 14.6769230398 29.9766559979 11.7762761635
-387.540200331 44.8936527006 29.7018085019 31.5435087442
-382.166912239 74.1523008441 31.5728751223 51.8579639735
-375.743417885 103.385328568 33.24261466 70.2886231563
-366.95326855 131.824187562 35.4598329472 86.4811018173
-355.472336489 159.47350873 38.2928693377 100.692344686
-342.555638856 186.473520892 41.383162602 112.476458229
-327.529184058 212.108770289 44.3561628042 122.30433672
-309.814484156 236.405793675 47.5502608174 130.276937759
-291.220605303 259.720703418 50.1954460131 137.028400356
-270.628577987 281.020324185 53.4098726301 142.187540175
-247.870053501 300.98775724 56.6447526354 146.888647861
-224.300888229 319.107912356 59.9704643425 149.856253986
-199.537159788 335.268439865 63.5388525316 152.591801479
-173.163303438 349.360374747 67.1760294234 154.68491509
-145.678168203 361.654657929 71.2083209759 156.354003786
-117.671918753 371.84202229 75.2924385039 157.566631269
-88.7539585189 379.604001892 79.50057274 157.974934776
-59.7084533635 385.499536922 83.9533525815 157.731299532
-29.9827836346 388.695152942 88.4166734492 157.48139573
0.0535115814814 390.134921705 92.8854727842 156.657942211
0.258104769253 389.583091676 92.8741738784 156.735336531
-0.102990543834 400.096501996 92.3863308747 158.046689918
-0.060027654883 400.084999412 92.356488557 158.08171655
-19.5977390971 399.189409814 89.4654183066 158.698522747
-40.2921292176 398.29359599 86.4620993992 159.094969896
-59.7338142112 395.595249356 83.4249869689 159.378739431
-79.1933252294 391.882121417 80.6899922954 159.562746282
-98.6673715429 387.675786656 77.7398894959 159.362652098
-118.131555729 382.082227039 74.8866202859 158.872061784
-137.13257734 376.145365605 72.2896088826 158.524495184
-155.352788175 368.54794275 69.4289314138 157.594268173
-173.684197896 360.412533986 66.722324221 156.496396472
-190.874483373 351.145697644 64.418444883 155.637090602
-208.869920896 341.563264284 61.8530623557 153.980826546
-225.616554927 330.63986032 59.5458714881 152.236554566
-241.395662488 318.927227344 57.6601669181 149.946531287
-257.034071412 306.602496327 55.0924225284 147.618808752
-272.276334629 293.339491397 52.9918366975 144.931257077
-285.836168345 279.255563865 51.0424874246 142.007110958
-299.707918402 264.848777376 48.9027945009 138.494004508
-312.043376979 249.309887891 46.8819427989 134.250671048
-324.91151867 233.789357018 44.7436160625 129.491462064
-335.973313526 217.019563084 42.8797333162 123.891100884
-346.534660825 200.07373206 40.7303870393 117.830457998
-355.727463576 182.539110077 38.9304110205 110.800853746
-364.393136386 164.507352211 36.9863356696 102.824752834
-372.188954827 146.106517932 35.0026738575 93.6989424351
-378.831608866 127.320522878 33.2643600779 83.8523756351
-384.947132716 108.30110714 31.7064336082 72.7546721179
-389.927423697 88.9454243339 30.4863092885 60.7229488341
-394.127696389 69.4350577182 29.3660042775 47.8478961616
-397.0100615 49.7073424977 28.3536299121 34.377742362
-398.649517706 29.8361327411 27.6295355969 21.6694300419
-399.663592283 9.88857860211 27.9997304336 8.17963109945
-400.01086726 -0.0694834645494 28.5295437095 1.24392267148
-400.322162655 -10.0703706191 29.4878542722 -7.95514782372
-400.11190668 -29.7726919658 29.5086885962 -23.0013000014
-396.819817906 -49.6294746045 30.4267552446 -36.8170344392
-392.411474339 -70.1335296305 32.1237574535 -50.7892129767
-389.871360409 -89.06642586 32.5213571342 -64.2366725292
-385.250786955 -108.167218859 33.9929926935 -76.6080783715
-379.177473451 -127.41703682 36.2008762106 -87.6623547723
-372.446324954 -146.24941115 38.3943894434 -97.7120408676
-364.784579048 -164.614572522 40.4054145564 -107.08823169
-356.018497537 -182.572634895 42.61596888 -115.255194492
-346.625671407 -200.120894957 44.9700432957 -122.435621946
-335.990758393 -217.137481875 47.2729708132 -128.824499529
-324.715592353 -233.646680685 49.5727033673 -134.394666187
-312.297406609 -249.260419268 51.7846509241 -138.872342331
-300.029604637 -264.695380547 54.0575715416 -143.207918703
-286.350800126 -279.449771002 56.6947008238 -146.640019396
-271.687429143 -292.983946407 58.6318146754 -149.474931382
-257.574576386 -306.279983531 61.2036072552 -152.107112879
-241.569637994 -318.982844446 63.5153152112 -154.363520419
-225.103789411 -330.437756133 65.8123413331 -155.953277382
-208.746340729 -341.273151557 68.3262911074 -157.581645574
-191.604844353 -351.48915087 71.3920685122 -158.688566032
-173.834265828 -360.474514622 74.4195451128 -159.586276342
-155.408327142 -368.377289264 77.173564269 -160.240344836
-136.484888355 -375.601134011 79.975304236 -160.556407253
-118.62321055 -382.530127668 82.9486895044 -160.982283554
-98.7004064604 -387.380976554 85.8715926138 -161.014982472
-78.9065581501 -391.739510442 88.7470766749 -160.554099291
-59.7263261442 -395.451010246 91.7268216735 -160.32714803
-39.5513373874 -397.839980037 94.7319869015 -159.489380126
-20.4911808741 -399.517727364 97.5703836391 -158.931759778
-0.47099023543 -400.072357029 100.695933717 -158.092492534
-0.138351761539 -420.061527327 99.46680951 -160.499618264
0.0948879751377 -419.797152953 99.5973646471 -160.507415675
-29.8333090729 -418.781804339 95.0330644678 -161.700086485
-59.6882274212 -415.489985713 90.6041836572 -162.820208534
-89.2681105895 -410.162161209 86.1719574724 -163.587359904
-119.075859064 -403.362575576 81.781107125 -163.978376919
-147.038582063 -393.577753228 77.5151674069 -163.543446066
-174.065166249 -381.782243246 73.2094464503 -162.81103726
-201.317074801 -368.483641843 69.1731790116 -161.675624657
-226.839885388 -353.182621121 65.010792017 -159.858469219
-252.520113748 -336.476987947 61.420980188 -157.863180352
-274.644957384 -317.257579866 58.0470609667 -154.573029098
-297.550038809 -296.950315288 54.7394277768 -150.768505975
-317.387529224 -275.108190337 51.2385330564 -145.916265539
-335.904958252 -251.509685307 47.6365518731 -139.433230881
-353.507480672 -227.087859652 44.1763659974 -131.846171475
-368.689896307 -201.494405731 40.7814364434 -122.421632131
-381.78139167 -174.422559938 37.2765207237 -110.838253325
-393.55546639 -146.926957293 34.3092097257 -97.3043551723
-402.834822419 -118.401335736 31.3835589412 -81.5004009243
-410.449212195 -89.3288855812 28.343370879 -63.7036794421
-415.806153709 -59.829387648 27.0884610722 -43.9943819231
-419.036466245 -30.0267135255 26.4739337195 -21.8231857761
-420.007243401 -0.0507070626622 24.903385508 0.938120420908
-420.25593544 -0.0568316529208 24.9307913343 0.907191483635
-420.035660878 29.8289038487 24.5600829088 21.1184681
-417.808073583 60.2904204329 24.672074862 40.2343450601
-410.331393662 89.2193290629 26.9332322255 60.3733906876
-402.770754197 118.250036038 28.792425841 78.2728561912
-393.558763239 146.917536267 31.3992438861 93.5109018698
-382.371542217 174.536289949 34.1778115152 106.680268282
-368.606020957 201.32666338 37.2250232935 118.037604233
-353.057339017 227.267283017 39.9849165898 127.185039808
-336.417426323 251.911868405 42.9465059097 134.832098997
-316.744524763 274.936387848 46.2753254302 141.025839118
-297.005697113 297.260542033 49.1582468988 145.899672918
-275.343627109 317.40995151 52.2665605036 149.887959854
-251.622509578 336.303389064 55.6269568855 153.549899783
-227.051252413 353.406674621 58.9997989213 156.327974329
-201.347748582 368.872056213 62.3371739255 158.434932286
-174.909749502 382.146340314 66.1362890099 159.934095444
-146.496105281 392.967483345 70.2764596724 160.978824298
-117.889781044 402.650829491 74.4535607746 162.155493817
-89.1529873725 410.334927915 78.4711191014 162.432101275
-59.5539056002 415.336349683 82.7943394614 162.225936999
-30.1281738648 419.060553036 87.1049704025 161.650071689
-0.156714519936 420.130968882 91.6095095771 160.775278923
-0.0977386450566 440.179908964 90.5530183798 163.230440817
-9.47575333765 439.532988223 89.2318846769 163.633117079
-29.8097556332 438.867325437 86.332601994 164.132275992
-50.1327162318 437.519974669 83.4660346647 164.39032825
-69.0448334841 434.255952235 80.6035554034 164.994870036
-89.1366352774 431.069581711 77.8783773936 164.871770412
-108.450937182 426.395521294 75.0101838401 164.807279079
-127.432266806 421.083517028 72.3725619932 164.69598507
-146.72201441 415.150554859 69.6234396034 164.066684641
-165.265594638 407.877229598 66.9758375324 163.437546852
-182.77683113 399.946067913 64.5559846362 163.05498496
-201.069895379 391.328165049 61.7757935842 161.942358633
-219.236469057 382.010233709 59.3822521477 160.716480247
-235.3270812 371.519850333 57.1943765059 159.603619227
-252.126827843 360.856564487 54.9130058754 157.885056753
-268.371063921 348.897823486 52.548207097 156.033150628
-283.198839335 336.257540757 50.6926503852 154.144434777
-298.780164163 323.574258926 48.4059577316 151.617376948
-313.316517866 309.477622079 46.2488729586 148.950214254
-326.087363578 294.901850308 44.461865172 145.907137596
-339.219673263 280.089751035 42.2460484971 142.426515901
-351.901785272 264.246894095 40.3098177351 138.076709662
-362.615541519 248.032017277 38.6087638723 133.64732356
-373.984496885 231.592817915 36.5348018901 128.031293664
-384.102536141 214.459937457 34.5634729785 122.319596146
-393.308121651 196.806188939 32.5848979708 115.694965323
-402.234535028 178.725371121 30.8390145315 107.997422574
-409.584250365 160.244003989 28.9510403397 99.4249738126
-416.441058859 141.580131786 27.1600886495 90.3508326828
-422.443036321 122.607928957 25.6251656586 79.8777929072
-427.540695247 103.376589314 24.0638275372 68.856928747
-431.943496529 83.9350442578 22.7425681056 56.6632454967
-435.246591085 64.310733251 22.0387504792 43.6768453646
-437.851777356 44.6497196115 21.3277187296 30.4724743459
-439.193556079 24.7713890567 20.9587848679 18.5208755131
-440.02301262 4.8872070901 20.9698566644 4.75207151427
-440.066420324 -0.0618944311615 21.1814759926 1.74645298449
-440.495908676 -14.6919322284 22.4566034696 -10.833819386
-438.081979772 -35.0816280136 23.2284331781 -25.0257866666
-435.904493291 -54.6639446511 23.2102253375 -39.0470744885
-433.875017124 -74.2679479371 23.8065921708 -53.0789010307
-429.926712584 -94.1828454977 25.4843250399 -65.4800487762
-425.309626603 -113.142716755 27.0154304571 -77.7716085639
-419.631341872 -132.341152838 29.1691918967 -88.3930816945
-413.307278675 -151.170072143 31.0727918957 -98.679556398
-406.372985197 -169.689069861 33.007638521 -107.591440314
-398.012868951 -187.8998671 35.1648529363 -116.198581712
-389.226863845 -205.6795108 37.535663132 -123.294357825
-379.407090883 -223.077663206 39.5431599153 -129.881892584
-368.85898614 -239.639158947 41.4969561088 -135.28297506
-357.567719318 -256.251807273 44.050751362 -140.330631986
-345.955757958 -272.121590823 46.0903250125 -144.860926208
-333.335768255 -287.734639772 48.6581278967 -148.858797675
-319.930728683 -302.054459784 50.365875144 -151.788186995
-305.649962672 -316.315726159 52.9726689293 -154.591355642
-291.678789183 -330.13411222 55.1929984937 -157.365703011
-275.77368089 -342.498065151 57.3453960947 -158.975684201
-260.174258174 -354.683435031 59.7172926918 -160.846093222
-244.238436528 -366.498402492 62.2129100476 -162.495821177
-227.320938097 -376.676911407 64.4924199736 -163.315663299
-209.635764371 -386.490831722 67.4090581553 -164.467581591
-191.77651538 -395.542442213 70.6582382625 -165.120073232
-174.716574035 -404.075582417 73.1373236824 -165.875003416
-156.214720617 -411.648661293 75.8684158163 -166.394838554
-136.771059738 -417.915652922 78.6436066768 -166.476684101
-117.867703515 -423.682238344 81.5079203229 -166.366504172
-99.0363633412 -428.961808427 84.2756109105 -166.520049456
-79.5308653567 -432.553756415 86.9555019777 -165.849131455
-59.5865338019 -435.708388135 89.7556477387 -165.382278561
-39.6698082993 -438.158716152 92.8937045862 -164.844882146
-19.7028104348 -439.185916789 95.6575198591 -164.029781364
0.0700668574859 -439.909220432 98.5426919032 -162.924354925
0.0285046237591 -450.041076284 98.1950388851 -164.227508895
-30.4504795612 -449.131681822 93.825084379 -165.792643552
-59.4311659643 -446.063930556 89.3505542653 -166.521289911
-88.6338805216 -441.053164166 84.8267390195 -167.22492122
-117.569429619 -434.12960501 80.6853835259 -167.570448883
-146.163958597 -425.344706939 76.4660613033 -167.712454643
-173.59823389 -414.843508334 72.5939857398 -167.272600025
-201.263036566 -402.53813777 68.7610077635 -166.352096866
-227.804318326 -388.769277671 65.0166356748 -165.352512364
-252.555113153 -372.828750456 61.2533609657 -163.765899976
-275.936452835 -354.860479194 57.2852836514 -161.200424692
-299.328101075 -336.01343415 53.7657093238 -158.439346022
-321.572071316 -315.871117062 50.3629862125 -155.005142912
-340.386945116 -293.504890518 46.9843838523 -150.044322636
-359.85365528 -270.538224711 43.5665155987 -144.442010427
-376.869835545 -246.334037513 40.2056704657 -137.577330831
-391.926252177 -220.645810913 36.8815389583 -128.702654138
-406.014607329 -194.400368085 33.4875957559 -118.483511286
-417.650698147 -167.24709525 30.6267374242 -105.949526916
-427.856763015 -139.090665356 27.4197005417 -91.8289787851
-436.483879656 -110.554828847 24.5948173306 -75.5639360277
-442.232971172 -81.5713062621 22.3169078016 -57.4572929842
-447.063491058 -51.9592041606 21.2645879788 -37.0733762029
-449.321132518 -22.3883394969 21.7550635134 -17.00666336
-450.117006846 -0.163972676219 20.0799204355 1.50150112891
-449.834674904 7.37172554564 19.6579502092 6.43862701048
-448.53695726 37.1192473247 19.5632921027 25.5010041476
-444.693246528 66.734193771 20.5623679181 45.1273605199
-439.557384606 95.8701607679 22.068201884 63.2709459988
-431.914470026 124.732297267 24.1552568923 80.804839062
-422.937640092 153.252311198 26.3384450728 95.8060536881
-412.295789267 180.775471995 29.3515688285 108.459154872
-398.782644777 207.560307081 32.1667050474 119.843844314
-384.662721234 233.885726091 34.8834271472 128.843624135
-368.441244329 258.544617317 37.6903104154 136.162667322
-349.893874412 282.266891506 40.7955809911 142.988822178
-331.018401835 305.057451241 43.6418361604 148.062693999
-310.778572657 326.058700766 46.6228160373 152.025850717
-288.159160302 345.889274242 49.8347721755 155.679184082
-264.130376567 364.058104397 53.0445553299 158.87909912
-240.025651891 380.977385482 56.2439313051 160.991429727
-214.804560684 395.951247309 59.7623841097 162.716378743
-187.657631924 409.041465856 63.6154039889 164.183493594
-160.574541698 420.8497156 67.449768928 165.173257057
-132.091592198 430.156434828 71.5381519903 165.63833575
-103.467119885 438.007968424 75.4446314717 166.058649359
-74.345961274 443.901694722 79.6679464603 166.015389333
-44.1871271307 447.260611082 83.9178977744 165.592978518
-14.6806278406 449.648939874 88.2019249131 164.950110085
-0.144098860177 450.145568313 90.3133253839 164.491933257
-0.0194706677444 459.795559865 89.9899344473 165.402616716
-19.5717892478 459.533648224 87.2174259936 166.19140512
-39.7323506629 458.076404038 84.1230164338 166.699243972
-60.3238846165 456.318206723 81.3515963934 166.98256711
-79.4545561552 453.161582457 78.6338415095 167.513718132
-99.1361137651 449.494183622 75.7063752912 167.530470623
-118.635823461 444.529791385 73.0774024703 167.138904012
-137.021444925 438.741921472 70.5025226763 167.461111222
-156.898911888 433.149776641 67.6717905362 166.81163686
-175.04258235 425.413120104 64.9991508414 166.276489356
-193.734654349 417.796871209 62.5290271496 165.39588882
-210.638049773 408.662980938 60.3308550914 164.593109798
-228.107436107 399.054465958 57.7560300335 163.505200797
-245.94633627 388.983757851 55.415215228 162.180821328
-261.812961422 377.87095524 53.1105613312 161.106533628
-278.19754516 366.555517365 50.7725147376 159.318531086
-294.221139925 353.833366789 48.7500735564 157.079828444
-308.426401315 340.746585661 46.7198823716 155.296710645
-323.238557499 327.1615888 44.5820309268 152.616725395
-337.869010403 312.851835277 42.4157073327 149.54723821
-350.099036999 297.840116304 40.6519284629 146.699502561
-362.881082299 282.57136942 38.4463536604 142.905932873
-375.048116797 266.395634285 36.5492470772 138.663577961
-386.394401797 249.972852172 34.522886034 134.143298239
-396.196683691 232.778502502 33.0527959736 128.468262512
-406.217162958 215.535247562 30.9682127807 122.607782988
-415.195533596 197.873967095 28.9582492074 115.742995082
-423.381826072 179.643520871 27.0744226511 107.810570169
-430.530766838 161.084078889 25.2793483125 99.1109225173
-437.327316851 142.201348523 23.4498915226 89.5985058353
-442.969871911 123.099973083 21.9704835589 79.3978958197
-447.875732996 103.751209459 20.5842623949 68.1757913992
-451.80079609 84.2471338772 19.6100585172 56.1869785064
-455.079195751 64.5547046414 18.6643636958 43.330494562
-457.713140842 44.7868751243 18.1208549691 30.6747092033
-459.049868766 24.8735691423 17.7107346703 18.5506391239
-460.183320317 4.96800002373 17.9684111447 5.22012326202
-460.069250057 -0.0116806221966 18.4412904289 1.15448869915
-458.829057396 -15.1993669968 19.6104645702 -8.9459893307
-458.896814017 -34.9181441291 19.4845950545 -25.2953662982
-457.481220789 -54.6168701463 19.4819313551 -39.4799500206
-454.085357862 -74.3291560109 19.9935945548 -52.717166577
-449.552237612 -94.5213985811 21.8636589074 -64.4799334012
-446.83199182 -113.699028542 23.2181074137 -77.0711802033
-440.577812151 -132.768453517 25.2647476519 -87.969221146
-434.501907795 -151.755241726 27.0926023346 -98.0311298342
-427.353492524 -170.406600981 29.2907505221 -107.280403236
-419.359728442 -188.531577647 31.0755247274 -115.503927179
-410.967258906 -206.532288065 33.1777971822 -122.718554367
-401.514727717 -224.150767593 35.4402744839 -129.738363967
-391.401701788 -241.330278826 37.6568639713 -135.426771186
-381.153050768 -258.225710597 39.6810371822 -140.920708194
-369.350946757 -274.616152119 42.3139518374 -145.293285563
-357.398172695 -290.391292356 44.4920016025 -149.272230235
-343.937157165 -305.075428454 46.3608769039 -152.502194183
-330.607109724 -319.925757498 48.8361398735 -155.559169825
-316.677470691 -334.173301648 51.0837724594 -158.156215616
-301.662949255 -347.128270317 53.0273460777 -160.331041899
-286.19805741 -360.004397472 55.427718914 -162.096200697
-270.782299789 -372.536991668 58.0954119277 -163.880502274
-253.720270436 -383.324961488 60.3177843849 -165.040163676
-237.330254151 -394.070351729 63.2327414257 -166.20785193
-220.016312379 -404.29104476 65.9498958008 -167.36009416
-202.024726008 -412.989332771 68.5006259198 -167.729636344
-183.90472713 -421.403361294 71.0358989337 -168.379551398
-166.272251553 -429.422055241 73.889610587 -168.904383944
-146.44889904 -435.618269507 76.3399353837 -169.008233457
-127.59068 -441.550099113 79.2369714164 -168.828573671
-108.851662726 -447.160110196 82.2406276617 -168.786476165
-89.2602083192 -451.121173003 84.7091090178 -168.526211668
-69.8846500644 -454.591419976 87.4553749047 -168.089804788
-50.1357361782 -457.35408991 90.5108646008 -167.595717107
-30.0277960641 -458.834600098 93.4660624936 -166.789721108
-10.0175637034 -459.561944899 96.0710812133 -165.949315887
-0.532685044077 -460.289518783 97.460988223 -165.50265231
-0.199867872391 -480.199777622 96.5610468441 -167.925924881
0.00346806032091 -479.728263025 96.3981495485 -167.717445599
-15.0167341639 -479.52901423 94.9833462096 -168.333236524
-20.1501008406 -479.287065621 93.905237558 -168.6532677
-40.7475439966 -478.757936238 91.0945210836 -169.607158579
-44.4960277803 -477.612799937 90.5214605594 -169.51880059
-59.9196966752 -475.94487913 88.1922643342 -170.115357885
-74.4191843261 -473.921000913 86.1249882886 -170.370686356
-80.2074155593 -473.662572324 85.3218814216 -170.856321595
-99.3542513446 -469.648285414 82.5171140334 -171.191455025
-103.834221754 -468.589791815 81.7547611457 -171.121345406
-119.045165438 -464.99643785 79.4868598693 -171.440707205
-133.733426281 -461.755143026 77.8051920768 -171.686832243
-137.803587683 -459.5570404 76.8251665873 -171.633968756
-156.842074887 -453.256970617 73.9581382121 -171.376622205
-161.291297846 -451.943789407 73.2193355261 -171.340623299
-175.855189576 -446.727679393 71.6293467374 -171.378591818
-189.275523961 -441.143730047 69.6387360305 -171.078632849
-194.91791071 -439.441288801 68.9127186771 -171.131065715
-211.930847713 -430.319170855 66.2702967361 -170.329076725
-215.82437482 -428.639788813 65.6846270389 -170.22346607
-229.815524653 -421.225017825 63.5684731228 -169.692360286
-242.495778523 -414.688401659 61.9297094762 -169.331796615
-246.846849172 -411.195908089 61.0116569342 -168.808378112
-264.021008377 -400.806874185 58.3852193014 -168.024135331
-268.234586489 -398.952835172 58.0374122153 -167.865836603
-280.135433061 -389.275194086 55.930484484 -166.533824299
-292.08367629 -381.147216972 54.0723446362 -165.716114153
-296.48993658 -377.620547994 53.5593827139 -165.299385632
-311.620608922 -364.699496293 51.004137203 -163.483925219
-314.690434495 -362.134189186 50.8084096702 -163.060453583
-327.101026015 -351.412465422 49.0861479677 -161.399513228
-337.138260706 -342.324998219 47.8583607539 -160.05899703
-340.893857105 -337.513857604 47.029756205 -159.143012155
-355.328192379 -323.15293131 44.7509353481 -156.649617289
-357.672678643 -320.669513459 44.5061340229 -156.153434327
-367.525768508 -307.976219035 42.4450107374 -153.23795189
-376.906349024 -297.553436847 40.9028348627 -150.891631895
-380.541778337 -292.75172279 40.4184837826 -149.852448861
-392.203556021 -276.3165426 37.9491084366 -145.502126744
-394.650784588 -273.582739338 37.3937547211 -145.01054678
-403.665018799 -260.035455783 35.825960334 -141.05333786
-410.610568945 -248.456971642 34.1546693463 -137.236030033
-414.205752588 -242.954627488 33.4783651966 -135.49869957
-424.32914161 -225.635129669 31.3197510815 -129.438836694
-425.513115296 -222.649566998 31.3666240389 -128.669334183
-433.042701157 -207.835416217 29.6452843149 -122.865658875
-438.105932929 -195.611313516 27.971900821 -117.494669773
-441.252178724 -189.533567782 27.3617659886 -115.102235602
-448.455348921 -171.12879117 25.3365498308 -106.683968893
-449.314298291 -168.09415084 24.8701506389 -105.288642063
-455.423397831 -152.234368794 23.1866639511 -97.3117521126
-459.145399527 -139.981436597 21.9502168883 -90.7719901996
-461.067820072 -133.077858721 21.1681434863 -87.0885449203
-466.217427253 -113.85845055 19.3594315019 -76.1611990785
-466.838958316 -111.097094426 19.1098067713 -74.4243049892
-470.574979682 -94.2605433808 17.7182853297 -64.2854314646
-472.886831801 -81.8212513823 16.935839615 -56.2956323137
-474.099531607 -74.7037367305 16.378580493 -52.0440824589
-476.633533851 -54.8683241164 15.9162787477 -38.4089289614
-476.854394539 -52.1834971914 16.0827674967 -37.0096255951
-478.620215151 -35.0461045203 16.236534421 -24.9106096667
-479.518185399 -22.4703424507 16.5654676975 -15.9899022578
-479.654323658 -15.0266796685 16.1184987001 -9.70421467268
-480.533979447 0.0515563465737 14.7129380112 1.18281762313
-480.8263644 0.14026598141 14.7900603559 1.69522732562
-480.42709637 5.21584244912 14.4064908566 4.38454551913
-481.013473982 7.37534272084 14.5819620008 6.21638018213
-480.127297947 25.1670597207 14.3666482042 18.2860490885
-478.304697569 37.112599749 14.4286016069 25.3068574825
-477.503569467 44.7551861416 14.7093003171 30.2327016698
-475.24579584 64.6753566758 15.2249910692 43.2139016748
-475.457142487 66.9370034127 14.9656013127 44.2257335863
-471.603354144 84.1782339121 15.9950377138 56.0416693935
-469.280402645 96.0587398771 16.7616445992 63.4650889262
-468.315982894 104.048777807 17.2254382121 67.7006413076
-463.714674004 123.366611974 18.6165845986 78.7275736963
-462.813734157 125.291084784 18.9522521272 79.7046199648
-458.044013227 142.711321323 20.0212580796 89.3390216827
-454.725469944 154.004041621 21.0927707739 95.0734202221
-451.986963408 161.533164132 21.9451878176 98.7412453302
-444.810637061 180.422191641 23.6730185015 107.42242991
-444.239235941 182.01221307 23.9905579082 108.032267571
-436.526703524 198.52486852 25.7088101031 115.314383606
-431.672596371 209.407763159 26.6926410771 119.4352538
-428.670805368 216.68178454 27.4586103673 122.305004302
-418.645393801 234.251267586 29.3911564129 128.756218752
-418.050013328 235.940970074 29.2788794214 128.97115277
-409.008553598 251.501852856 31.0737452583 133.894638969
-402.211313413 261.207418767 32.3237745672 137.188353855
-398.065307189 268.350632772 32.9674611031 138.500113044
-386.190297863 284.546140426 35.1242109919 143.176718951
-385.64142434 286.113350562 34.993208772 143.49187218
-374.441287472 300.348584985 36.9508170143 146.826025403
-366.893458713 309.294279138 38.0655798127 149.238487784
-361.381961435 316.00201441 38.7136331813 150.635581074
-348.650998284 330.566609159 40.9116784859 153.25679566
-346.81422976 331.342165046 41.0486194093 153.829046755
-334.002850604 344.951148109 42.7825760278 155.985502823
-326.569139301 352.57990963 43.878130112 157.376264685
-318.78378981 358.168841847 44.9540381846 158.739623121
-304.195479306 371.480113978 46.8072494714 160.488822024
-303.6807958 372.114027591 47.0695678912 160.5397599
-288.476963145 383.356610109 49.119331682 162.163629515
-279.264604983 390.091142617 50.3287198969 163.384939121
-272.736224089 395.6681586 51.3265834021 163.623055752
-255.670336133 406.533238842 53.5478411516 165.069541638
-255.367689642 406.684260207 53.7156757043 164.83581252
-238.308878744 416.498309402 55.9425551305 166.40454263
-229.616414648 422.124248279 57.0330349223 166.833963659
-221.262580107 426.088980641 58.1739687338 167.043201617
-203.216641499 434.925059695 60.7470327652 168.393958298
-202.709019707 435.432275358 60.6969261937 168.134787989
-185.16469363 443.022528921 63.2311914151 168.838471985
-175.383851495 446.851288918 64.4928423288 169.106970822
-166.137241675 450.19913914 65.9927650363 169.3637731
-147.278927742 456.737819795 68.378756774 169.690522283
-146.899331147 456.740741752 68.578963118 169.455407547
-128.660228842 462.587412679 70.9728138266 169.850718999
-117.89391618 464.818788046 72.5847180171 170.132357128
-109.429664556 467.836494637 73.8005908115 169.855486353
-89.4356632379 471.608773396 76.5562853113 169.793110469
-89.1133200074 471.623201684 76.6621053215 169.887945635
-69.3304863206 474.92093206 79.2568159559 169.767728069
-59.8031888051 476.337320168 80.7201827794 169.495034882
-50.1447536486 477.512395166 82.0240685556 169.20319629
-30.1796293353 478.948664154 84.7897122538 168.671047129
-29.4269879322 478.759309557 85.0920701243 168.833494247
-10.2236851566 480.257573975 87.7827971466 168.391111334
0.0187987600031 480.003859078 89.1727907778 167.852562272
0.0599622475112 479.84934804 89.2391024443 167.94662469
-0.10186558202 500.196775038 88.4277623137 170.189913849
-19.8753725021 499.550625146 85.7570183566 170.6398229
-39.2209372321 497.940357047 82.9379126285 171.445177233
-59.6850651117 496.293682352 80.0371646269 171.525062177
-78.944908865 493.418431012 77.2584512039 172.103917602
-99.1187468638 490.164487896 74.4086754928 172.09045295
-118.647601923 485.957034765 71.7793686545 172.133205285
-136.82569192 480.516451011 69.3585501874 172.336443596
-156.426011709 474.846688977 66.5653889152 171.993169936
-175.422355009 468.252250793 63.9119214848 171.746151503
-193.231780939 460.863267706 61.585906464 171.684607392
-212.07385543 453.29094098 58.8268890371 170.961377025
-229.815776241 443.942224486 56.4716924881 169.837058404
-246.334563594 434.422782754 54.1428459553 169.464258073
-264.425441261 424.817334527 51.6683343028 168.117430321
-281.320307704 413.6705802 49.6557574024 166.663140315
-297.355067192 402.530634356 47.3099503896 165.064342729
-312.929898053 389.976779328 45.2525544277 163.407057301
-327.374599099 377.240839166 43.3657018374 161.942268723
-343.035493688 364.315551704 41.2284557116 159.675304739
-357.210061781 350.007180558 39.2381009123 157.123713468
-369.75020541 335.386249291 37.3670619969 154.934460524
-383.794818813 321.008923275 35.0684103599 151.93684349
-395.885674464 305.296258933 33.188019108 148.41528048
-408.446990754 289.217617198 31.1946520037 144.429319031
-418.583198476 272.592880323 29.3416656772 140.499189353
-429.709692027 256.121215436 27.3071788933 135.376122104
-439.065892811 238.680605804 25.5183526198 129.915749695
-448.768831508 221.11531079 23.6925083542 123.397517998
-457.006238546 202.777829099 22.2934553991 116.045742964
-464.799224222 184.460622213 20.4513084152 108.491329639
-471.615411618 165.762013582 18.5882163076 100.048368039
-478.074605161 146.878914469 16.818660134 90.593067614
-483.154652206 127.74307716 14.9270374271 80.8748411372
-488.307633965 108.483898292 13.4080311107 69.700789702
-491.963418853 88.9250669041 12.2824410799 58.069290757
-495.179444781 69.3137005816 11.2148741466 45.3258469842
-497.531483015 49.5471637318 10.849062507 33.1575514294
-499.353417883 29.761287451 10.6727747207 20.218513515
-499.730296334 9.83728542699 10.6784450139 8.42628246945
-498.62088532 -0.0701811795303 10.6881593309 1.96388446419
-500.518376649 -9.7199958152 11.1092535191 -5.59893634021
-497.889934024 -29.8349954326 12.1703981448 -19.7732632615
-497.757075978 -49.7087670185 12.8312535951 -34.9965631043
-495.199611156 -69.4596516729 12.9321646815 -48.01130519
-492.0880093 -89.0913755767 13.9584858678 -60.2452086987
-488.210013903 -108.590920185 15.4893451524 -72.2526235661
-483.660320032 -127.910065872 17.094403722 -83.297225093
-478.124682332 -147.110093863 18.9697137036 -93.8509294961
-471.971394986 -165.948258612 20.8809410225 -103.075031035
-465.025022069 -184.53099306 22.9628370568 -112.019732351
-457.1979005 -202.876947174 25.128141472 -119.760950204
-448.923520198 -220.808684951 27.1591549436 -126.847385733
-439.447134232 -238.729732611 29.5091512977 -133.518443101
-429.614927429 -256.011188017 31.5123051353 -139.059936249
-419.221350679 -272.424658652 33.2240896966 -144.098791834
-407.96482893 -289.033733642 35.7832224368 -148.499853528
-396.71159757 -305.350380268 38.2453737274 -152.721944071
-384.209815776 -320.851953101 40.3243901571 -156.0280715
-370.760183886 -335.368605913 42.2772675398 -158.827610278
-356.653343975 -349.927226986 44.2541429422 -161.486862862
-343.291689146 -364.262917975 46.5078686011 -163.782259081
-328.063436033 -377.059771083 48.4765322023 -165.588053794
-312.732655636 -389.882643159 50.6921230217 -167.27571238
-297.210469137 -402.521041012 53.2947562117 -168.869054684
-280.975682363 -413.554238584 55.4022243386 -169.960481332
-264.153481689 -424.313216627 57.8796903997 -170.90394021
-247.487737305 -434.889115923 60.4621554386 -172.100453966
-229.107226291 -443.965819411 63.0520251931 -172.416836636
-211.756482444 -452.624900655 66.1902245735 -173.173299576
-194.539335127 -461.355090449 68.5287197944 -173.58735995
-175.022480083 -467.983995548 71.1246906694 -173.848990379
-156.074010493 -474.51154917 73.8601391942 -173.909331753
-137.704754369 -480.906126377 76.5335570613 -173.980520062
-118.381073856 -485.590108035 78.8803128749 -173.793744905
-99.0545421816 -490.012601644 81.613792934 -173.510890678
-79.4182814408 -493.752469696 84.5771346507 -173.005226776
-59.7213397942 -496.286287332 87.3246613408 -172.304475218
-39.9371680306 -498.318693075 89.8952740535 -171.593993827
-20.1938524895 -499.7077656 92.8181573761 -171.152576185
-0.43371386238 -499.966049755 95.6290706734 -170.193838282
0.505190224355 -499.521807332 95.5231142253 -170.012933795
-0.374459396814 -509.867790703 95.6006277622 -171.251810976
-30.1154090349 -508.927640034 91.2259367158 -172.533874292
-59.9111960068 -506.286160459 86.9424804184 -173.433276003
-89.3128703147 -501.586113354 82.7598460166 -174.130413071
-119.586979617 -496.336892779 78.4978827794 -174.972777757
-148.171832756 -488.572041209 74.5662628538 -175.372831618
-175.673975961 -478.213520954 70.3337106318 -174.97352756
-203.907546473 -467.265550412 66.2972167173 -174.464012833
-230.710288445 -454.492727665 62.657373551 -173.703236585
-257.172271797 -440.140431651 58.7026725811 -172.869150147
-282.567394836 -424.822839647 55.2939128378 -171.544160108
-307.27798372 -407.504914548 51.4357092793 -169.891257716
-330.312371971 -388.628638275 48.1114663953 -167.415510138
-352.252359525 -368.222774718 44.7373653317 -164.48811629
-373.724236537 -347.10054589 41.5213630094 -161.065781021
-393.677992635 -324.95296072 38.4601891369 -156.990915879
-411.625404201 -300.817569135 34.9138919463 -151.535211325
-428.635156507 -276.327892318 31.8930481315 -144.99382334
-444.13637856 -250.874196394 28.7308280715 -137.423014583
-457.762292576 -224.058571491 25.3646504478 -127.768921235
-470.818065893 -196.970162125 22.1799420655 -117.034480388
-481.523849135 -169.115324633 19.3793084651 -104.220941423
-490.287260856 -140.412014883 16.1110055392 -89.4268652053
-497.585582752 -111.522934688 13.6623115572 -73.2462908443
-503.358921353 -82.1335619204 11.5372716689 -55.348305277
-507.293203225 -52.3211452363 10.908417378 -36.668269604
-509.107791158 -22.6072397909 10.5263268374 -14.8438445867
-508.665031221 -0.095446932964 9.54198332177 2.23366398929
-510.813511314 7.77043446681 8.94007319606 5.64022774553
-508.754664477 37.3931449826 8.61660656486 24.5820155906
-505.484608044 67.2651444919 9.50093294762 43.7290385499
-500.2632539 97.124724325 10.9161920504 62.4374450618
-493.990309227 125.880445145 13.3521135032 79.2701248595
-485.388417623 154.65607244 15.9837145946 94.9746744617
-475.667822551 183.187024022 18.4979412508 107.73642851
-464.858849148 210.664365753 21.2313967309 119.024653164
-450.81924308 237.549703422 23.894020617 129.484397868
-436.338180831 263.933303264 26.4999694731 137.519458461
-419.870011989 288.76934427 29.6660525344 144.25391945
-402.995467661 313.434658169 32.2027144373 150.001751333
-383.760278448 335.935447899 35.3356705933 154.478656224
-362.307700327 357.855493949 38.3898063874 159.195647545
-341.718396884 379.144591235 41.1847289258 162.145069983
-318.666875442 398.297926039 44.3131383251 164.960547735
-295.370329445 416.154236541 47.5381959454 167.127607164
-269.301727374 432.618721366 51.0016728403 169.3614224
-243.378937286 447.52675823 54.4435654779 171.007935805
-217.610528887 461.570383416 57.9655351981 171.951515297
-190.075453384 473.530971074 61.6890057683 172.88796931
-162.118598069 483.593155629 65.6149072209 173.27363795
-133.146573778 492.213284714 69.6110307734 173.402717662
-103.951006649 499.419890444 73.4913067128 173.644187389
-74.3407684118 504.322775737 77.6516423557 173.291686842
-44.9980302829 507.840510578 81.7339476697 172.557199324
-15.030081428 509.726761592 86.0362063189 171.775337785
-0.0856978607433 510.054136908 88.1742071039 171.231504125
0.13007949783 520.066556302 87.9134396513 172.635815057
-0.101865836663 519.852866173 88.0107665774 172.200228785
-20.2580993917 519.880871189 84.8319115624 173.082285564
-39.3257027566 518.239448837 82.5371799744 173.616976112
-59.9140867009 516.781931213 79.441235195 174.112785873
-79.4294933036 513.864661336 76.7014480397 174.395165796
-99.1283382038 510.613782626 73.8965528084 174.670782815
-118.678041704 506.608979344 71.2490289658 174.581424271
-137.747193239 501.270795814 68.8060830213 174.543154769
-156.435910708 495.622086207 66.1390207085 174.705272524
-175.867478244 489.494430195 63.457509855 174.093682225
-194.869347099 482.453834219 60.6807320789 173.870222492
-212.270284197 474.300462558 58.4658377867 173.482418206
-230.788872057 466.185700447 55.7912028135 172.750737016
-248.4318019 456.553491445 53.5855758205 171.770154827
-264.91064355 446.878202405 51.3997336728 171.129260498
-282.880773123 436.955218281 48.796084883 170.128872522
-299.523773248 425.530060676 46.6514379935 168.734381462
-315.048128798 413.809433282 44.679321189 166.981542348
-331.334802414 401.150923943 42.5541771875 165.316043368
-345.387286199 388.241270615 40.4778658513 163.818717489
-360.57790419 375.08598463 38.2577976791 161.687359668
-374.943880818 360.567269217 36.3704542815 159.1598953
-387.539505887 346.05883816 34.5738429647 157.001585848
-401.256683879 331.210974892 32.3338412216 153.895031616
-413.699384137 315.737257976 30.3608899126 150.813407266
-425.662861021 299.192490497 28.5108228201 146.65822609
-436.058960805 282.688801647 26.7150800671 142.829090752
-446.648588202 266.073129418 24.4488502055 138.19449275
-456.442068951 248.726858551 22.8135768224 132.515410718
-465.404818772 230.663595633 21.3480668105 126.335685426
-473.966546954 212.709041553 19.6456896087 119.672324586
-481.985701711 194.362225944 17.8350078186 112.441443412
-489.18772004 175.691117162 16.1657623596 103.942941327
-495.666903083 156.838517078 14.482907468 95.3809995898
-501.111625817 137.686452734 12.5494188593 85.7319873572
-506.128444847 118.405362071 10.8316905645 74.8304951578
-510.233960507 98.9050716957 9.34402901315 63.4663798412
-513.824160134 79.30315457 7.94553170582 51.1353780373
-516.28265238 59.5632549566 7.00325907971 38.3294585136
-518.277505471 39.6877179878 6.56882473616 25.3866712954
-519.590256322 19.8583852322 6.4333152812 14.1724601452
-519.260383239 0.117323999404 7.3259049421 2.25156811059
-521.311136465 0.0783596818322 7.50227329472 1.11333003678
-520.992939219 -19.8536254897 8.27728227274 -13.2474148508
-518.411058399 -39.8515980141 9.15498815029 -27.2125143993
-514.710776965 -59.5515388061 9.09508939813 -39.3449671546
-513.996375893 -78.8405441899 8.62933664408 -53.4411759318
-508.920035878 -98.6541142656 10.2768744251 -64.4606908515
-505.517045751 -119.069919211 13.3329186286 -76.0440049492
-501.430081943 -137.988332033 14.4550863365 -87.5779337398
-495.800780842 -157.068470251 16.4925357419 -97.8649960616
-489.343889936 -175.994300316 18.3380892435 -106.920147299
-482.554444204 -194.586799205 20.3104016778 -115.370610802
-474.383601317 -212.572485194 22.4833714348 -123.222592247
-465.54682614 -230.628881558 24.5339946754 -129.98083312
-457.15481467 -248.491931964 26.6040051699 -136.378283841
-447.16854677 -265.744973144 28.8295537101 -141.698929489
-436.581102499 -282.876317886 30.9187274827 -146.777099154
-425.748227181 -299.481704039 33.0692326848 -150.91592901
-413.143901117 -315.004893742 34.8091532912 -154.509385776
-401.186633697 -330.944109958 37.1604888587 -157.819618952
-388.519988935 -346.242039738 39.3970833964 -161.019341912
-374.391867072 -360.245892991 41.0689778132 -163.098883331
-360.946051643 -374.621123175 43.0307493544 -165.430792933
-346.245972397 -388.389680611 45.5918149353 -167.632017509
-330.742610528 -401.011903954 47.9988089884 -169.14601403
-316.24179184 -414.002184516 50.4159385145 -170.978856014
-298.513642443 -425.004604945 52.6965438605 -171.624283044
-282.910175867 -436.427396585 55.059227525 -172.954232137
-265.97983972 -447.294127988 57.4813596787 -174.090537403
-248.428804323 -456.582788083 59.9487586364 -174.445681148
-230.387465054 -465.710182499 62.4195512699 -175.219691612
-213.132033949 -474.7812531 65.0439875195 -175.781849182
-194.501616073 -482.080124148 67.2093056026 -175.969224652
-176.110519832 -489.092753658 69.9619713785 -176.085374072
-157.490346639 -496.122930193 72.9255198475 -176.390727471
-137.767805349 -501.162127154 75.2119541111 -176.180981977
-118.695502441 -506.09850118 78.4457825478 -175.777872729
-99.2138022235 -510.164580876 81.0926766533 -175.428259463
-79.8117874484 -514.105689728 84.0738579525 -175.165306451
-59.5679937485 -516.406707992 86.5391650449 -174.501608704
-39.9909883205 -518.346447618 89.427294617 -173.860013614
-20.5055719528 -519.707178341 92.1631977384 -173.388084186
-0.194143134103 -519.762329949 94.787729483 -172.281492765
0.179413964863 -539.789136005 93.8442345729 -174.364912586
0.0131933720386 -539.824449188 93.5768634989 -174.402588302
-30.3892683707 -539.422285719 89.6766112529 -175.740273955
-59.4290857441 -536.866772007 85.4917085149 -176.567676228
-88.7061860589 -532.312744209 81.773325412 -177.335174365
-117.896643701 -526.676675185 77.61332686 -177.892301868
-146.636546051 -519.225684345 73.7295160785 -178.156666342
-175.19560576 -510.407558238 69.5992981191 -178.354285474
-203.497020265 -500.062293792 65.611917006 -178.233386193
-230.912485817 -488.762809154 61.8870538433 -177.853995781
-257.34938834 -475.229393058 58.3145650021 -177.000163823
-282.63418208 -459.923997779 54.4589477874 -175.710440129
-307.506630026 -443.472862646 50.7253568853 -174.290803087
-332.148240503 -426.123909771 47.0748517907 -172.43191819
-355.000050806 -407.473259511 44.0043313623 -170.478515867
-375.641947453 -386.73112293 40.892484993 -167.583863352
-397.660782859 -365.759451783 37.5814889919 -164.399400307
-417.371475331 -343.658348658 34.9520174515 -160.434172009
-434.521861971 -319.540019292 31.4112983463 -155.301386689
-452.3138775 -295.466866432 28.366069135 -149.647338559
-467.820568118 -270.38370225 25.4770252782 -142.456746375
-481.718744635 -243.76658499 21.9105781298 -133.860427199
-494.568180993 -217.089303349 18.7723538364 -123.970513176
-505.791210634 -189.602119174 15.9693912301 -112.182474155
-515.06587987 -161.233673016 12.8821312923 -98.7109305183
-523.448950193 -132.723870808 10.2262451319 -83.6553169813
-529.888811177 -103.659859798 8.10452381375 -67.1628934547
-534.902573117 -74.3034209906 6.05456500135 -49.1241506921
-538.12262935 -44.6203652099 5.82562293455 -30.4614837403
-539.466904906 -14.9906653724 4.45072038788 -7.51084187356
-539.251880372 0.170824843575 3.58519471053 2.0174132769
-537.896918249 14.7241052035 3.88695447913 11.744537799
-537.615424337 44.5724975181 3.49173287964 28.7284350706
-532.376122716 74.1432503269 4.91942858668 48.496587888
-527.721167604 103.562568576 6.37506039481 66.4576346613
-523.451710449 132.481944547 8.99650374701 81.8470301316
-514.995182106 161.02690709 11.7968398788 96.5413940118
-505.317366561 189.523769696 13.8010255451 108.943464138
-494.649404898 216.924342466 16.35080437 120.279879605
-481.530045347 243.861861217 19.1751618716 130.363089684
-467.590801672 270.423035791 21.4727224022 138.607618998
-452.256020885 295.418493971 24.4384368974 145.459495624
-434.261819868 319.713307752 27.5269283861 151.691751745
-416.912634255 343.671759357 30.0044446402 156.402170692
-397.677986963 365.774789419 33.0890810917 160.154074588
-375.369395657 386.736946831 36.1978365041 164.06043787
-354.761826876 407.658867997 38.8997553009 166.879065057
-331.567537365 425.918088506 42.1445045891 168.957258104
-307.589970107 443.494306331 45.3533726148 170.715744183
-282.11029902 459.974278529 48.7368618355 172.955084309
-256.549285493 474.705354354 52.1107401428 174.203121837
-230.470723429 488.60146516 55.6279659146 175.313451417
-203.487879726 500.644631977 59.1655110376 176.135799818
-175.162839093 510.187349027 63.0562358516 176.219096998
-147.375425518 519.950767624 66.7218483275 176.708807275
-117.861311298 526.644625439 70.9277828078 176.740586778
-88.6371239353 532.205058722 74.7975819367 176.635225872
-58.925798199 536.418416657 78.9585724006 176.271780836
-29.4601612835 539.121166387 82.9699391205 175.574626308
-0.0787968315979 540.271973277 87.1271224852 174.42906097
-0.0194129902944 559.953344914 86.4980321941 176.293415511
0.418053207658 559.679236843 86.6176163942 176.675902787
-20.2353710344 560.035214877 83.6526748216 177.13236946
-40.4617077551 558.900199742 80.7188170082 177.583962553
-59.4805063208 556.879290177 78.1771638925 178.217576375
-79.9021407718 554.297266849 75.4840824353 178.416066844
-99.9110893844 551.386253267 72.6025714715 178.764170454
-118.909447662 547.081707776 70.1922387128 179.094628481
-138.736805561 542.906018754 67.4570997353 179.023009227
-158.068928272 537.260211527 64.8125451099 178.548419294
-176.309652206 531.138141106 62.3999676353 178.90060666
-195.836423945 524.83696009 59.7099620788 178.500789184
-214.887727193 517.421565 57.1195600633 177.986590163
-232.397458415 509.256890662 54.8318832678 177.843976354
-251.416162933 501.350491693 52.2983864429 177.159885819
-268.621625383 491.433696865 49.9777640474 176.171270908
-285.166855626 481.557822352 48.004602319 175.903239332
-303.142591486 471.608445389 45.3209318641 174.916612302
-319.97671144 459.994078735 43.2951519695 173.359542353
-336.329746662 448.340951108 41.1614279461 171.911964878
-350.698954592 435.867408918 39.2990312538 170.893558108
-366.836864926 423.59273593 36.8501638775 169.188948709
-382.487195816 409.953825176 34.8575542244 167.196810934
-394.964202391 396.023995863 33.1191710248 165.709902216
-409.705204752 382.060846781 30.7468995508 163.574533753
-423.618746774 366.805465691 28.9773189604 160.784945919
-435.49995556 351.362087963 27.3351912764 158.234574153
-448.316825407 336.093512731 24.985366192 155.120680562
-460.390672502 319.500363606 23.2575501576 151.234531556
-471.033331026 303.169292595 21.4355518285 147.149038146
-482.149418419 285.874071013 19.4598093484 142.762665784
-491.614929152 268.383809 17.5100464465 137.742272661
-500.416933707 250.581831371 16.0676314162 132.25084847
-509.14216086 232.569734911 14.2763893867 126.324133616
-516.903472458 214.192434332 12.4049245719 119.252751133
-524.058609237 195.616770893 10.558984723 111.891002732
-530.486752326 176.732390396 9.06754131524 103.369346037
-537.091156596 157.72942231 7.42670230354 94.3125554539
-542.209674692 138.385780631 5.90446111335 84.4216236809
-546.957647875 118.940132507 4.67035241564 73.7077229439
-551.049642129 99.3322046679 3.21587297839 62.1279646512
-554.126402011 79.627944758 2.13256391522 50.0322678954
-556.509062524 59.7307283976 0.916885007455 37.7923494224
-558.199113689 39.8289659029 -0.0553087065921 25.1144711687
-559.382956147 19.882107615 -0.0871507833963 14.0047671311
-558.863017968 0.0789788236212 0.554285556747 2.48915796113
-559.667867682 -0.390310467356 1.14359773758 2.18882110832
-558.150622458 -20.3243451655 1.64452839681 -10.237138294
-558.26518455 -39.9491630209 1.70200005395 -25.4243338456
-556.671616394 -59.8778954962 2.35055118493 -39.576085833
-554.256975516 -79.7094656356 2.91912906497 -51.6953445985
-550.843736337 -99.4994351619 4.30718554389 -63.8488988408
-547.10101061 -118.995925416 5.74490040542 -75.0860798257
-542.41245483 -138.494267995 7.48721745749 -85.8384137913
-537.290342454 -157.663636178 8.94335182889 -96.084134818
-531.16678736 -176.840036556 11.1125552049 -105.336060009
-524.595448315 -195.601296587 12.9891259591 -113.817501964
-517.234698126 -214.186943613 14.9595731555 -121.689475497
-509.740043149 -232.785627979 17.0433630013 -128.998856589
-500.615160718 -250.508426748 19.0973748237 -135.577370214
-491.715192451 -268.473874884 21.5562559233 -141.264935136
-482.24610044 -285.760626267 23.2564310878 -146.526560986
-471.525194423 -303.128509795 25.6998103712 -151.020491995
-460.677768926 -319.74089372 27.505707681 -155.248167401
-448.045321022 -335.421734317 29.2985600684 -158.537706319
-436.654021046 -351.375056457 31.3556187359 -161.745308784
-423.780234024 -367.116141141 33.66445325 -164.563839984
-409.461081204 -381.31372373 35.3740938872 -166.636558468
-395.787032597 -395.871230064 37.34926512 -169.055855877
-381.890061554 -410.32880609 40.1397772469 -171.304460995
-366.224339777 -422.842967606 42.1776958259 -172.370905445
-351.25760743 -435.889523252 44.4158555331 -174.068861445
-336.085895334 -448.845891528 46.854946499 -175.531071697
-319.522771214 -459.763287831 48.8461327248 -176.30965646
-302.919216133 -470.99164398 51.4328628331 -177.255746513
-286.492832592 -482.120378493 53.5993270778 -178.362319276
-267.925042694 -491.202174297 56.0921448733 -178.853499132
-250.628363361 -500.540730375 58.1203324159 -179.292940427
-232.945285407 -509.696794033 60.9545710119 -180.136186232
-213.956159953 -517.144131952 63.9688871563 -180.154351603
-196.260047335 -524.408558821 66.1969695443 -180.36764339
-177.756017888 -531.713902751 68.9377413042 -180.659104414
-157.417596298 -536.839938286 71.3371417977 -180.326791501
-138.736853176 -542.340735698 73.7804179003 -180.201564432
-119.801277372 -547.512759272 76.477149996 -180.151397074
-99.5729362415 -550.814737445 79.0387598518 -179.433804241
-79.4620153584 -553.871394167 81.7650071204 -179.101308589
-60.2090016749 -556.894072641 84.5203915159 -178.796932054
-39.843079171 -558.231953769 87.0015248685 -177.912168689
-20.0927987148 -559.700476613 90.5813211471 -177.27604899
0.149023684811 -559.578284601 93.1515595583 -176.433087944
-0.0583496369062 -569.734722954 92.6939362075 -177.145534664
-30.002263027 -569.098167991 88.5899506988 -178.655693713
-59.7193485895 -566.469419943 84.1108940149 -179.589768035
-89.0073094052 -562.968889253 80.293056841 -180.504991016
-119.370646324 -557.949938053 76.1870049261 -181.2509425
-148.084925885 -550.997343838 72.2116916286 -181.605060893
-175.781567752 -541.629788057 68.218334356 -181.323248867
-204.32260329 -531.836995544 64.3297909129 -181.209360482
-231.71322228 -520.325241796 61.0837342423 -181.200949628
-258.731007532 -507.63846103 57.3322920114 -180.392347968
-285.62915352 -494.096330777 53.7673060574 -179.978508999
-310.004740635 -477.789759389 50.0257224628 -178.191591529
-334.541148529 -460.802593517 46.3622364732 -176.873797715
-358.396901899 -442.77197002 42.7270716995 -174.968205758
-381.624684413 -424.053829773 39.714054328 -173.035351998
-402.736270153 -402.868499695 36.1992620592 -169.829601744
-423.540911552 -381.346154431 32.918290007 -166.927744091
-443.544843796 -359.046527401 30.3487849929 -163.125151897
-461.677601492 -335.286469459 27.5942525575 -158.641304414
-477.914559069 -310.158471563 24.1495593723 -152.684409112
-493.848895098 -285.093286801 21.1208386493 -146.097951653
-507.809076874 -259.060593364 18.4073785427 -138.171812338
-520.303189636 -231.725360082 14.9299373091 -128.205543056
-532.335196426 -204.490388995 12.0147946279 -117.282246974
-542.207712063 -176.374010515 9.16921265558 -105.036070656
-550.395215062 -147.545945571 6.13634180127 -90.3160012379
-557.665180604 -118.636387849 3.77512714115 -74.4544957186
-562.781787731 -89.3110145311 1.63671082642 -56.9703885629
-566.730213601 -59.6174051461 0.493355351539 -39.2935954015
-569.06312409 -29.9629648991 0.174406994698 -18.5797982369
-569.497836936 0.275348404324 -1.45468058392 2.16153012414
-568.912796489 -0.45287422792 -0.464884850068 1.98382360342
-569.609344806 29.967433681 -1.72711145934 19.2371264167
-563.795513658 59.6998494653 -1.09567116935 38.8158669101
-564.995303552 88.8084097787 1.1267141311 54.9173514519
-557.507420578 118.387999174 2.97397136482 73.2308591131
-550.340974973 147.658979928 4.77198612652 88.9879827717
-542.082807744 176.071916827 7.1733737457 102.403083774
-531.543256903 204.186215866 9.92815427817 114.749220422
-520.314414012 232.184290141 12.0910035677 125.489914057
-508.2496017 258.836507292 14.7313192206 134.416066756
-493.031446916 284.978786606 17.6806558249 142.797574435
-478.033649789 310.983397728 20.3094474995 149.204524198
-461.098675213 334.943215823 23.2856580724 154.34241182
-442.1916921 358.728938329 26.3085313374 159.677392504
-423.739046103 381.984458917 28.782789192 163.474019553
-403.050727013 402.810535815 32.0797775777 166.4747417
-381.708572119 423.50387634 34.9443378152 169.344153603
-357.822180522 442.916094608 38.1098094833 171.888708273
-334.179931227 460.988624769 41.2028624521 173.916050911
-310.410653153 478.576229369 44.2440271586 175.556034637
-285.450865943 493.504507857 47.8304674078 176.636206332
-259.139431868 507.904974578 51.1168616819 178.029082619
-231.391242993 520.692969555 54.9526366225 179.067363947
-203.888687619 532.074644643 58.4414102547 179.854206213
-176.360405763 542.390678746 62.277649447 179.949155798
-147.861294245 550.708984393 66.006948683 179.912324745
-118.714106939 557.266915006 69.9784540605 179.752523633
-89.517189993 563.247159206 73.7817027616 179.485727529
-59.4435749454 566.772943172 77.9167039181 178.955098635
-30.1344689101 569.520508908 81.977158196 178.416990754
-0.0860933661108 570.12852825 86.1315372858 177.436392693
0.455063194343 569.856182848 86.2597751922 177.442920409
-0.25626459543 580.193787346 85.8358646875 178.375063121
-20.6205461283 579.980438415 83.0526809723 178.98287946
-39.3892645905 578.510818744 80.4658019473 179.754211166
-60.0290749786 577.489016754 77.7293127355 180.255674239
-79.5234011529 574.352379094 74.9502353494 180.298607355
-98.9549777916 571.603367455 72.249279934 180.862598835
-119.09678863 567.973198793 69.5879929352 180.919540379
-138.604006328 563.204557704 66.9924876026 180.905929857
-156.668656038 557.826749797 64.5855551791 181.253161469
-176.521536584 552.575164352 61.869971547 181.106364703
-195.969588442 546.310311542 59.4439660813 180.665093169
-213.361362232 539.006621639 57.1287263845 180.659088144
-232.455171108 531.819036362 54.2335797263 180.388631725
-250.589108813 523.574553134 51.8597716896 179.715770453
-268.868959026 514.255128001 49.383331844 178.61132693
-285.053345891 504.663326862 47.4725258109 178.75295883
-302.886439062 494.883946659 44.9682373574 177.433082625
-320.259872594 483.93730025 42.8826039683 176.246028888
-335.295652464 472.662060964 40.8549397466 175.839911231
-352.383464386 461.354420997 38.3846624617 174.380921044
-368.46913476 448.714052477 36.5021602862 172.667878113
-381.954916348 435.608990271 34.7993364582 171.590797356
-398.05965063 422.241184048 32.5437203924 169.091531741
-410.493441548 408.24445139 30.4810288956 167.891436829
-425.618587503 394.636530292 28.2265761841 165.521501995
-439.02392127 379.015364562 26.5752794399 162.898774046
-450.672587344 363.794699557 24.8825609257 160.80376866
-463.820603276 348.638145467 22.6061902257 157.580504161
-475.60784707 332.483454254 20.6296057914 154.249374506
-486.836221789 315.463234001 18.87395732 150.252273735
-496.291739341 298.583721396 17.2295165274 146.668721707
-506.311491392 281.254320713 15.455201387 141.385925344
-515.933139006 263.673650527 13.6661575041 136.258039119
-525.070907752 246.238464421 11.5065547485 130.202690681
-533.115110948 228.001011714 9.59902372871 124.171679119
-540.531202359 209.499852419 8.00611687445 116.575733147
-547.300147447 190.731319178 6.18773285292 108.969633908
-553.785927787 171.778346133 4.52225623347 100.208260291
-559.46509573 152.667203769 2.89506157587 90.8805321584
-564.020368676 133.24861798 1.9076260375 80.9988643759
-568.395923693 113.811025059 0.695890299583 70.3080754326
-571.815419322 94.1265170987 -0.272240515737 58.3194369019
-574.823902073 74.4961643636 -1.41050576283 46.8238030661
-577.213350037 54.7044116877 -2.08901180173 34.5780897209
-578.627091562 34.7556162846 -2.65233496269 22.7198506506
-579.540622567 14.9034305574 -3.03169891898 10.9295816948
-579.86235885 0.349277545684 -3.33033159798 2.1176912054
-580.302312242 -5.32794456844 -2.00606990589 -1.1696151013
-580.653225901 -24.860888532 -2.28774730466 -14.8988439184
-579.019918091 -44.7053354741 -1.60427405612 -29.0206351829
-576.363918771 -64.6749260705 -0.913731960314 -42.1107694321
-573.828193067 -84.4368612714 0.0205162014283 -54.0775999061
-570.469974449 -104.130424684 1.17179171843 -65.7934297619
-566.612342509 -123.663724619 2.81181112935 -76.7300657694
-561.900620573 -143.183236543 4.55485677569 -87.3246213015
-557.014618705 -162.377739538 6.2280267039 -97.2142932301
-550.911565163 -181.403828231 7.94852118404 -106.506758428
-544.322936539 -200.225026067 9.94222353812 -114.810523064
-537.544810862 -218.721482659 11.8794689359 -122.809955667
-529.767961693 -236.986967819 13.8450440926 -130.027160899
-521.530158889 -254.959921731 15.880422379 -136.218364863
-512.119958602 -272.867515442 18.0222688512 -141.905753822
-502.424857326 -290.377770697 20.2604638443 -147.177930647
-491.678270548 -306.758073062 21.817754265 -151.493226492
-480.552598212 -323.390869802 23.5485170037 -155.540078229
-470.131023563 -340.105615618 25.8138393193 -159.238297793
-458.380914258 -356.398867067 28.1458971411 -162.578409593
-445.506611736 -371.401622723 29.8971731511 -165.416754224
-433.027787534 -387.015449643 32.2772217431 -167.90961174
-417.814139116 -400.743110439 34.0340254323 -169.711996658
-404.852136815 -415.301238952 35.9134821675 -171.838193782
-390.958404883 -429.433416761 38.3499002031 -173.807685056
-375.061815163 -441.852335162 40.343243325 -175.013459119
-360.288524569 -454.717648113 42.503811668 -176.347857303
-345.461009735 -467.484976291 44.8115467539 -177.967621294
-327.119562281 -478.006121205 47.1012272915 -178.509346995
-311.374304707 -489.175638125 49.7547723268 -179.693935213
-295.101403699 -500.276796145 52.334144812 -180.825972799
-276.425241244 -509.316342256 54.4590036796 -181.021666842
-259.460872359 -518.462518273 56.6456555271 -181.614035597
-242.158715576 -527.822379857 59.106643697 -182.358187678
-222.922668421 -534.814076022 61.548298748 -182.168846603
-204.95113458 -542.428695666 63.8604898422 -182.485885675
-186.535224597 -549.845689476 66.7672543968 -182.700381141
-166.85031197 -555.286488159 69.1195545305 -182.560416394
-148.763212655 -561.337517559 72.2608246142 -182.595215345
-128.690947872 -565.390020943 74.592533522 -182.096244306
-108.89162799 -569.39091795 77.1683195868 -181.81517852
-90.0262718725 -573.482188006 79.9261613823 -181.61177972
-69.9611553276 -575.642736299 82.2642697986 -181.02623076
-49.8494856705 -577.594557652 85.0554003374 -180.3004139
-30.7752434647 -579.452012362 87.6198173424 -180.002396059
-9.60222432771 -579.583436485 90.4543420594 -178.814700152
-0.138011369989 -579.730143033 91.7610213239 -178.515729329
-0.208986471371 -599.795916205 91.389135281 -180.329307555
-0.559005405916 -600.21531674 91.3612498789 -180.674583266
-30.6094201774 -599.697521218 87.3379464 -181.920204455
-60.1545893023 -597.1561525 83.1224116811 -182.734291469
-90.0946343484 -593.596986517 78.9394420576 -183.624372377
-119.546531803 -588.405888236 75.1916941054 -184.187375076
-149.158147389 -581.957017158 70.8166504811 -184.57804792
-177.501047152 -573.741414691 66.9498566835 -184.892544601
-204.650537432 -563.296708277 63.042167402 -184.426105911
-233.641503757 -553.245166769 60.1895659732 -184.509216155
-261.328573864 -540.894276793 56.3328195874 -184.175655001
-286.685101772 -526.720435963 52.2924526114 -183.052182652
-312.581357978 -511.533059811 48.7927653354 -182.017876781
-337.999098407 -495.473144924 45.1344579233 -180.917107369
-362.248219646 -477.977007557 41.8578489863 -179.110523014
-386.681825995 -460.131453007 38.4022589507 -177.596599718
-407.614657004 -439.666986038 35.0936655967 -174.951803399
-430.275391462 -418.845362332 31.6723662636 -172.42575148
-449.291517547 -396.635102244 29.0615332255 -169.268408136
-469.069584538 -374.092422759 26.2036683538 -165.702438364
-487.868603552 -350.643672365 23.5191213201 -161.519895993
-503.553091913 -325.150396145 19.8664826917 -155.783392932
-519.801473725 -300.199320068 17.0663346407 -149.410268876
-533.701937233 -274.099968924 14.3742432569 -141.735495933
-546.39278058 -246.63624156 10.697317681 -132.666901911
-558.77730537 -219.341992807 7.96282073733 -122.174319684
-568.867258681 -191.335501059 4.95698535963 -109.978360805
-577.411961302 -162.451271598 2.29240561396 -96.5923966377
-585.00041444 -133.698755748 -0.064779710018 -81.615261067
-590.788760236 -104.33849842 -2.08138656585 -64.9762323077
-595.205658789 -74.6459120481 -4.04964699355 -47.2024784476
-598.422764839 -44.9654953429 -5.31392087956 -27.8983511973
-597.978438305 -15.464355199 -4.93024974498 -6.37547173492
-600.786471878 -0.200283284618 -5.31936188427 1.8767792053
-600.075777257 14.4636847903 -5.74094010225 10.1703893848
-597.768539928 44.9236409898 -6.17883504724 28.2344504401
-594.929508417 74.5139414994 -4.51885872009 46.0564030654
-590.692663048 104.214646994 -3.3558927968 64.0222078103
-585.174512246 133.466837398 -1.58766860422 80.0073714807
-577.251330346 162.361204134 0.561318216915 94.8683679469
-568.35893706 191.313575748 2.75319470587 108.465673781
-558.785575343 219.237932124 5.42097310005 119.655413439
-546.13231743 246.67405241 8.44197335153 130.427667864
-533.910988556 274.194119644 10.5438231843 138.880004584
-519.990298735 299.947314806 13.6619205046 146.062318079
-503.162583387 325.42847703 16.7686615399 152.42341674
-487.55573172 350.926762919 18.8865025363 157.716169226
-469.475320834 373.95422216 22.1950119859 161.631665227
-448.986579406 396.99654425 25.077366342 166.361567925
-429.957645122 419.583566891 27.5457379378 169.429976267
-408.319248739 439.702097864 30.8602711692 171.708540869
-385.037206373 459.533540549 33.943126871 174.633136012
-362.281638898 478.79306702 36.8657118248 176.663561985
-338.148795633 496.126742196 40.0594279903 178.272567818
-313.039606684 512.423257305 43.122857846 179.381060798
-287.484192325 526.829430216 46.6248732795 180.484800628
-260.703667504 540.614212489 50.2415834334 181.372254041
-232.197428935 552.61617774 53.9774523213 182.585812283
-204.535022791 563.403337929 57.6662744257 182.967990613
-177.186260548 573.642338071 61.3831085337 183.155323203
-147.513422273 581.051070152 65.4040224526 183.037173367
-119.262097873 588.324570958 69.0395734162 183.026153951
-89.6266348675 593.140737905 73.0473253303 182.559893243
-59.8892009077 597.39439753 76.8434414734 182.107689284
-30.1422780795 599.564295197 81.0345586741 181.145237607
-0.288885610625 600.507928147 85.2666673145 180.539818544
-0.0999731109736 620.387828704 84.5468573748 182.120864985
-19.3205010946 619.671165853 82.0651134725 182.947401633
-39.4952460123 618.229309231 79.3719969102 183.27670346
-60.0186238746 616.952516499 76.5669418932 183.610212607
-79.2258777083 614.701526843 73.9269316381 184.56805312
-98.684531379 611.541179058 71.3808500249 184.672455607
-119.229886168 608.395506292 68.6227603975 184.7662569
-139.073973858 604.140520954 65.841843565 184.830867364
-157.396420227 599.165976541 63.480765447 185.189704855
-177.509061163 594.334576934 60.7387805172 185.01930442
-196.769758695 587.955978526 58.351590435 184.911403288
-214.58251013 581.262902201 55.9596870835 185.194603546
-233.848185675 574.490787349 53.2211681638 184.631531492
-252.698258653 566.158480369 50.7206252314 183.819394023
-269.91095675 557.904067227 48.5704239184 183.974334372
-288.450260391 549.232190225 46.2074293531 182.966646596
-306.096627134 539.5101307 43.9838726835 182.327445954
-321.73286743 529.051647963 41.942695439 181.905547221
-340.320795276 519.235695741 39.3540072555 180.790455426
-357.022386014 507.406681255 37.4113326292 179.760218948
-371.765561204 495.624591662 35.3305823585 179.223496731
-387.606618962 483.547428204 33.1071549245 177.538897843
-403.911774344 471.138098357 30.9513378457 175.983307976
-419.178927812 457.194210595 28.9193501114 174.208012019
-431.954597153 443.661422231 27.102901567 173.298648665
-447.21312054 430.046147716 24.8276354603 171.178918569
-460.727653667 414.636706284 23.0745472771 169.006179632
-472.757185479 399.752036384 21.4755196843 167.072352505
-486.643186529 384.902769528 19.162004204 164.29109727
-498.609452426 368.982850579 17.2216882402 161.113179704
-510.809505117 352.044191474 15.5731135673 157.672115795
-520.03883361 335.394783183 13.9663465769 154.796648923
-531.243588039 318.543784507 12.0124811941 150.790175696
-541.680672331 301.789926586 9.7950216499 146.480612344
-550.656417466 284.132113362 7.95206004441 141.566252149
-560.613394787 265.840205295 6.08296580317 135.842738154
-568.899133745 247.599023609 4.40609931773 129.709730758
-575.162927508 228.977824795 2.96123622184 123.132271398
-582.518709847 210.35814092 1.30176798532 115.874815536
-588.95870591 191.423694053 -0.360151128172 107.946977954
-595.257753415 172.402653469 -2.24987278347 99.3146707053
-600.390979719 153.107813449 -3.51903522155 89.6694287876
-605.123390807 133.658352582 -5.34265824713 79.7876298174
-609.395803236 114.088713783 -6.58543108745 68.9128320057
-612.451641318 94.3886053962 -7.62678524561 57.8419344343
-615.282457188 74.7496860762 -8.77020480438 45.4783910786
-617.325204856 54.9088053599 -9.38882833578 33.1217787334
-618.613323523 34.9507122992 -9.46850874363 20.8206221023
-619.763944709 14.9460383676 -8.75205616654 9.95797543965
-619.676512662 -0.104709495884 -8.82918483507 1.210098635
-621.307792155 -4.86302526922 -8.88488715935 -1.79830073798
-620.201274826 -25.0918597096 -8.79231090007 -14.4353608622
-618.859168767 -45.3226744641 -8.55652017589 -27.4420426893
-616.519056058 -64.8392269462 -8.48440678894 -40.2724811752
-614.201192933 -84.6753905654 -6.54038765478 -52.3805912669
-611.182538626 -104.417654782 -5.59742729291 -64.3850329861
-607.316148239 -124.055399687 -4.30769113239 -75.2542189479
-602.918993056 -143.505673279 -3.13479158037 -85.816026138
-597.842804445 -162.854259008 -1.22995471937 -95.5168315086
-592.433722905 -182.097423523 0.619527188216 -104.785064665
-586.217666234 -200.999756388 2.29668160642 -113.083193495
-579.982847229 -220.067591036 4.65089297214 -121.711571766
-572.740254716 -238.567690774 6.6226246557 -129.266387438
-564.803147252 -257.042985894 8.77053433029 -135.613629287
-555.958353627 -275.116067307 10.681371632 -141.633982018
-546.749141888 -292.90647314 12.8951036958 -146.768574697
-536.665059354 -309.642800306 14.2205165914 -151.222127358
-526.042722376 -326.823912578 16.3343504521 -155.358442393
-516.143549934 -343.98885364 18.5192018106 -159.535449195
-504.585583302 -360.449879577 20.8537609063 -162.915616797
-492.938819207 -376.885343646 22.7241019386 -166.2078686
-479.604084924 -391.699004185 24.2358704465 -168.386306331
-467.761743205 -407.335621005 26.1179136424 -170.944252246
-454.276475957 -422.704050663 28.5131224684 -173.253707826
-439.509884592 -436.354137825 30.1703743264 -174.753587406
-425.726369225 -450.472003193 32.4355433836 -176.637354668
-411.351479089 -464.501056059 34.727812521 -178.386333738
-396.056073785 -477.04315398 37.1922187132 -179.59377095
-381.025415614 -490.302596483 39.4652411269 -181.343063492
-364.17983967 -501.258518239 41.3686173238 -181.900758965
-347.711222845 -512.788303608 43.4303843139 -182.735446227
-332.073162723 -524.619115744 46.1002258673 -184.110726145
-314.206664137 -534.171804204 47.9232328956 -184.217583334
-296.96261603 -544.014619935 50.2540848325 -184.84391837
-280.07411746 -554.064772882 52.7120805414 -185.683088546
-261.859947966 -561.981998201 55.5411610184 -185.897561747
-243.591150607 -570.968451948 58.3575487718 -186.333772327
-223.534903519 -577.385166045 60.4021594209 -186.294538684
-205.177696915 -584.425288071 62.6457891258 -186.41544081
-187.785719138 -591.604100381 65.3053400431 -186.724723095
-167.289169695 -596.458730242 67.6873700218 -186.170961825
-148.149443887 -601.379262357 70.1705099904 -186.35236726
-129.172062944 -606.669900559 72.7750148924 -186.120335654
-109.185462403 -609.832867234 75.9849574916 -185.488601999
-90.3202343734 -613.09160286 78.0985392691 -185.190308256
-70.5100268079 -616.358420699 81.1596407418 -184.765443189
-49.3618678092 -617.522122964 83.4670786688 -184.192684837
-30.4671002138 -619.026892756 86.0146462919 -183.607141049
-10.6537160204 -620.220937328 88.7274781439 -182.797287788
-0.117024370116 -619.756532983 90.0704759695 -182.346921364
-0.17557743278 -629.798344438 89.5369067686 -183.196474914
-29.9929045853 -628.87847945 85.9893040005 -184.229907903
-59.8638154825 -626.702655177 82.0503162427 -185.092312943
-89.5197709822 -623.139795611 77.8757929722 -186.00143512
-118.692830872 -618.017135091 73.9810847996 -186.601057546
-148.641197919 -611.884225211 69.7614167485 -187.021885487
-178.558913182 -604.937079002 65.9857275289 -187.567541082
-205.636007737 -594.837880659 62.1978678361 -187.164070981
-233.783602106 -584.459658892 58.3684760121 -186.988978434
-261.239784602 -572.606965399 55.4463289196 -186.636363487
-288.67999402 -559.616360985 51.5428932819 -186.224038697
-314.864933288 -545.365171331 47.7080389965 -185.294561975
-341.277508309 -530.454294865 44.4420151138 -184.712544443
-366.511693217 -513.72523826 41.1248351498 -183.564454152
-388.891048106 -494.815972791 37.5280209479 -181.388084335
-413.036316148 -476.009504695 34.1544431593 -179.512216594
-434.662148132 -455.934155937 30.9612662403 -177.219565592
-456.503594805 -435.311610653 28.3372404443 -175.240921516
-475.596270308 -412.143583212 24.9196379214 -171.652755685
-496.200605728 -389.369889925 21.9056802753 -168.190729595
-513.444571294 -365.677208293 19.4725733443 -164.030759661
-529.689583604 -340.240597466 15.9824263357 -158.434494951
-545.925524998 -315.080016755 12.9015502776 -152.632414777
-560.285748971 -288.977194362 10.259723243 -145.229577956
-572.95198805 -261.550613988 6.71904271647 -136.605060296
-585.242330533 -234.426492968 4.37051112616 -127.143305719
-595.393108863 -206.396087215 1.51949754548 -115.418446407
-604.080299143 -177.443227472 -1.83113660291 -102.703179494
-612.626093036 -148.69325968 -4.27073650992 -88.3093228353
-618.549224586 -119.422745836 -6.23570250265 -72.1784562778
-623.428422102 -89.6997652326 -8.02263005259 -54.7286971096
-627.250289104 -59.9864423816 -10.4147599533 -36.5295215415
-629.406078313 -30.0654933114 -10.8481349752 -17.1202786607
-628.572039721 -0.42149911793 -9.83894892993 1.64622916957
-628.198628277 -0.376096332337 -9.75740710387 1.81162329395
-629.083246658 29.851797133 -10.5671292044 18.6284522227
-626.152301959 59.5054320593 -10.2812649057 37.1860181414
-625.857271033 89.2301363242 -9.06309196667 53.6046398222
-616.676266182 119.381399716 -8.27194119752 72.6357991704
-612.288755992 148.481306877 -5.6072136736 86.9898244541
-604.060814949 177.294886008 -3.12094073297 101.629406692
-594.66460243 206.313310188 -1.14526605616 113.711365844
-585.319668695 234.128790589 1.50613797484 124.479263729
-572.136286992 261.493647281 4.72731658214 134.392108161
-559.725054993 289.157516079 6.76450154208 142.583358264
-546.275131844 314.916933423 9.75479668012 149.253541748
-529.284853516 340.486798317 12.9352652443 155.802724403
-513.354431546 366.049075792 15.1188282364 160.826152409
-495.560653845 389.300718874 18.1905255694 164.884716816
-476.489773366 413.162770968 20.8004365256 168.458145696
-456.105761144 434.497984789 23.8968114803 171.2978671
-433.603400611 455.912512962 27.0843236843 174.73624664
-412.535213445 476.75843761 29.7907713458 176.970866671
-390.275906478 495.198139688 32.8916343526 178.695363012
-365.962281767 512.917135575 36.1754955735 180.370273999
-339.848632415 530.166667955 39.5484093124 182.432578605
-315.161006445 545.854984434 42.5722720696 183.196267889
-289.188115085 559.950898037 46.0243111934 183.636005914
-261.998104259 572.849377822 49.5873580404 184.482878974
-234.565337525 584.534487137 53.1908710109 185.152348372
-205.352693494 595.34047068 57.01597907 185.950123704
-176.907335673 604.149660197 60.6845783999 186.186297699
-148.677828889 612.239555344 64.5733307475 186.03439834
-119.098461566 618.181700129 68.3236673267 185.580534028
-90.1618347339 624.234668861 72.1864278222 185.534709792
-60.2564676071 627.374057463 76.1470179654 184.477458308
-30.0895196085 629.282689292 79.9626905285 183.91610309
0.599209119794 629.81389932 84.4512095783 183.100283698
-0.328102351158 630.217335055 84.2827731603 183.031538338
0.0236127018368 659.638186037 83.7416806258 185.546872464
-29.1462910707 658.849126674 79.6998904154 186.632147654
-60.2136104252 657.872605346 75.3881910854 187.515484883
-88.9517893584 653.77588095 71.5959641606 187.950489191
-118.569136562 649.698788662 67.6541499281 188.156957241
-147.820161744 643.025011546 63.8600676502 188.262610812
-176.209158377 635.569302066 60.2362425827 188.869537825
-205.863072151 627.626847573 56.3271254931 188.641722563
-233.939550843 617.033254506 52.7565874164 188.005826681
-260.026656783 605.863245285 49.4241242749 188.396261157
-288.989954368 593.645176622 45.7138996532 186.778928228
-313.951394928 580.008817939 42.4102424331 186.606784972
-341.05358745 565.821071016 38.8726645317 185.385043363
-366.184485644 549.045894291 35.5070904391 184.077615641
-389.004486009 531.956666261 32.9053153661 183.166443041
-414.24002547 514.598259809 29.0940591209 181.277211831
-437.185407328 494.609036819 26.2739238837 179.012068446
-457.201429238 474.474095515 23.5982079688 177.108891564
-479.883391379 454.006354055 20.1587008259 174.209863794
-500.222972344 430.988502335 17.567776795 170.984182509
-517.350131586 407.94646815 15.145444507 168.366093434
-536.381045749 384.976051013 11.7111116884 164.196342536
-553.868430912 359.612296965 9.11158510624 159.383641859
-569.527833394 334.086322179 6.34123182446 153.676520355
-583.851116095 308.194147003 3.58457512785 146.945739432
-597.522310199 281.509775545 1.00316141251 139.328839994
-609.760569377 254.264111641 -1.73253934241 130.659255008
-620.579990321 226.440417271 -4.49897136586 120.675998742
-629.819938569 198.192374732 -7.03893116196 109.269651131
-637.761221743 169.532247139 -9.3214394407 96.873778257
-645.12040719 140.551749559 -11.5192601604 82.3515106429
-650.09835857 111.186971195 -12.8123685526 66.1241579144
-654.700625047 81.7272989979 -14.8987369817 49.1764023383
-657.722892 52.0065529466 -15.694931656 30.9299818171
-659.284254194 22.2382484189 -15.1422295398 14.9991901324
-659.370329678 0.327577858957 -15.7270932197 2.01743516316
-658.990792459 -7.17344405089 -15.7093857113 -2.06514272713
-658.8794893 -37.4303740869 -15.2986137123 -21.1882522111
-656.580263651 -67.0254774314 -14.9632934256 -39.7989102322
-652.900330681 -96.7727348987 -12.5281497532 -58.2276171667
-647.902476279 -126.278744803 -10.5212567843 -75.0393815281
-641.497652293 -155.419649119 -8.36836015564 -89.9508997659
-633.693198622 -184.349726128 -5.95181101935 -103.925318696
-625.160500928 -212.739477799 -3.40226463803 -116.647857753
-614.77637786 -240.822702019 -0.389933722985 -127.748481142
-603.852897332 -268.15244214 2.62512042395 -138.075364329
-590.860569922 -295.085912374 5.53123406031 -146.253112605
-576.677973695 -321.496007456 8.46803184645 -153.408037447
-561.736830993 -347.177656437 11.4184911974 -159.452876066
-545.864307806 -372.370956466 14.2472216196 -164.548984085
-527.19120455 -395.890614062 16.8154272718 -168.459209359
-509.583345579 -419.740239685 19.5757336719 -172.402706423
-489.357793773 -441.920690343 23.0087070509 -175.777470475
-469.32445451 -464.076595509 25.8842573457 -178.706097841
-448.638546126 -485.517625576 29.2945819093 -181.485579746
-424.943935208 -504.152657132 32.2354872942 -182.645979523
-402.378129406 -523.183416496 35.3636927498 -184.522155742
-378.798957862 -541.40353556 38.693173108 -186.170200197
-353.044831179 -557.175173779 41.7862209383 -187.005559949
-328.100645304 -572.566543858 45.7011444149 -188.220481404
-302.888015688 -587.709151273 49.197044984 -189.270298235
-274.150251305 -599.620545853 52.6052346491 -189.240412618
-247.18818311 -611.507480799 56.0060665699 -189.57793267
-220.152234291 -622.867852902 59.6389070122 -190.101626692
-190.79943092 -631.268688837 63.1587051041 -189.814216657
-162.380642264 -639.273085342 66.8076894744 -189.518580146
-133.749357034 -645.930805032 71.1662905331 -189.296494779
-104.808034655 -651.878403627 74.9988886695 -189.093369771
-74.5879586681 -655.323427824 78.7124170864 -188.194819854
-44.8953065558 -657.992400881 82.4052149191 -187.252231767
-14.8587833234 -659.776782737 86.6048902359 -186.696377135
-0.185646679954 -659.681083338 88.2569397732 -185.858838688
0.016626772441 -689.577797596 87.0804113267 -188.033285641
-30.5833140091 -689.08369746 83.5526224192 -189.105195807
-59.799248572 -687.079498001 79.6304591033 -190.104403641
-89.2116805532 -683.709158898 75.6485116434 -190.77647423
-120.134781393 -680.196749847 71.6778768244 -191.710614842
-149.319893492 -674.428930989 67.8059038721 -192.371078976
-177.694481527 -667.284722204 63.8884185085 -192.404396855
-205.600536726 -657.919128166 60.075593357 -192.173949085
-235.494878361 -649.707246455 57.2789482817 -192.677675454
-263.331315421 -638.796059013 53.5814771356 -192.316756527
-290.50747444 -626.615717595 49.8597920258 -192.036221494
-316.460607322 -612.607721342 46.1399878572 -191.134484301
-342.340183194 -598.214774605 42.4876782786 -190.447586658
-368.186795474 -583.011302003 39.1125218916 -189.437466572
-393.615445594 -566.778749347 35.7642858459 -188.356120474
-416.737883734 -548.930730472 33.190652945 -187.126877395
-440.495040013 -530.210689505 29.8237763668 -185.546684439
-463.826947203 -511.065816985 26.5643462912 -183.817679407
-485.690637804 -491.006473748 23.6212694841 -182.019830669
-504.964063207 -468.692041773 20.3717196797 -178.785219878
-526.176652846 -446.697902404 16.8810512898 -176.050126885
-545.031623382 -423.900655984 14.2820833858 -173.034304769
-562.817791885 -399.488762444 11.7168482135 -169.164610367
-580.085631934 -375.230111607 9.01766261275 -164.722756541
-594.573523348 -348.86740722 5.74410074735 -158.900909399
-609.728022956 -323.373260502 3.05440006636 -153.024154602
-623.113944299 -296.891287815 -0.112506829408 -145.593823877
-635.030886697 -269.08704051 -3.04465252221 -136.292842831
-646.766219631 -241.71762366 -5.86563662862 -126.883785928
-655.9649742 -213.08816898 -8.55899945057 -115.375272581
-665.104222149 -184.818250027 -11.1858113149 -103.434724347
-672.133538541 -155.926099287 -13.1898149254 -88.974243863
-677.858273269 -126.406588842 -15.9276625653 -73.3458442466
-683.140199249 -97.0592606993 -18.0462570817 -56.7631927614
-686.469926479 -67.3030766965 -19.7543564176 -38.6862663899
-688.8595382 -37.3787904561 -20.7412253562 -21.0559209861
-690.682086964 -7.15319863098 -20.1321632647 -2.88906658504
-691.264743157 0.0538266088802 -19.799280082 1.46915446607
-690.428503601 22.4264160857 -20.0660587862 14.2008194148
-687.607968456 52.2318866017 -20.1513424837 32.0398979591
-683.501408761 82.0627962619 -19.9711921985 49.5049259012
-682.602163263 111.968668099 -18.3125650168 64.6339405037
-675.369834533 141.131801336 -16.5024098523 81.7943345299
-669.00000459 170.082305583 -14.1154291289 95.5752315742
-660.098923828 198.737467484 -11.3846327385 108.879978152
-651.214124225 227.709024658 -9.55752601818 120.375792318
-641.381059277 255.439189758 -6.92870189755 130.343146177
-627.939766366 282.706517835 -3.63845471249 139.806963898
-615.798520437 309.820589068 -1.25968017664 147.349301256
-602.574463121 337.048276899 0.96360745114 153.824295352
-587.994391005 361.973128208 4.07610376404 158.982609692
-569.84636059 386.983361956 7.29261266315 164.652379111
-553.7291682 412.407888834 9.49053436322 168.659617816
-535.973768522 434.961063358 12.6918262959 171.7515257
-514.864858981 458.015681818 15.4101585216 175.313599095
-495.804359335 480.765704027 17.9599015975 177.731631228
-475.262225789 500.591925952 20.984406032 179.709810644
-451.102147526 520.863963545 24.3644326917 182.56113373
-429.665829602 540.842050062 27.1351786492 184.135006174
-406.365688234 559.000446087 29.9702243012 185.740389989
-380.541034162 575.198249516 33.5352723515 186.951751283
-356.192281502 592.004310579 36.4853161102 187.811183498
-330.2199284 606.608222408 39.6798812861 188.92230862
-303.443913399 619.572593879 43.505622538 189.408063406
-276.630894071 632.2883268 46.7592471583 190.219993456
-247.156629541 643.281335878 50.7263499525 191.095561306
-219.489455324 653.642279443 54.0356993116 191.289785142
-191.309228288 662.832751938 57.4455927793 191.44022144
-162.298825905 670.551653085 61.2464662076 191.497051555
-133.747871837 677.225037801 65.0040838204 190.920690843
-104.588281151 682.469360606 68.8710394754 190.634019273
-74.651716952 686.035328481 72.988541317 190.027733341
-44.8273671553 688.511627392 76.6121721183 189.466699359
-14.0007894057 689.094867941 80.7437005956 188.452991518
-0.395638044756 690.460691272 82.6553642756 187.969579944
-0.224464363278 719.803974584 81.8164641375 189.97180802
-29.3679938778 719.057334931 78.0356869009 191.50375678
-60.1342586694 718.05280038 74.118510788 192.034499253
-90.3802864433 714.378365457 69.9471840145 192.23030444
-119.080779792 710.336385033 66.3057854377 193.164898406
-149.540388307 705.336286977 62.3363636326 193.218405944
-178.392773095 697.530095719 58.7514264453 193.218416926
-205.556519114 689.447827068 55.5756881991 193.667044788
-235.072027143 680.713815125 51.7275087778 193.360341694
-263.91141411 669.970649408 47.8260948191 192.742247213
-290.492126502 658.668433328 44.7383654953 192.936116976
-318.840071727 646.317183898 40.93168655 191.844772713
-345.596046365 631.664891006 37.6520474192 191.04766922
-369.653966406 617.119961643 34.629918512 190.792222119
-396.358910342 602.042019503 31.2359338639 189.326303476
-421.342205282 585.032703623 27.8035504042 187.934533782
-445.196400129 565.881639768 24.8954243201 186.0965741
-466.13004756 547.03774569 22.1411263369 185.42929954
-490.356011333 528.224297839 18.615341471 183.336276878
-512.661818466 506.285093963 16.1284159444 180.64973148
-531.221243 484.758410443 13.4209223828 179.095672544
-552.017166772 462.927383813 9.85391135055 175.467663086
-571.42445495 438.50320655 7.53026882987 171.748905315
-587.308622408 414.635788154 5.04555434741 168.956350702
-605.549778916 390.630568869 1.57583505874 164.670951681
-620.80403544 365.01612693 -1.18187263115 159.512430938
-636.018732888 338.058027982 -3.74132517569 153.587488356
-649.947137442 311.436369916 -6.20547381752 146.16652351
-662.02375324 284.095287406 -9.04833296072 138.364214881
-673.234500606 256.302696192 -11.794547063 129.296844504
-683.09354024 228.162059088 -14.6562967635 119.269804556
-692.094174857 199.476636652 -16.8161846947 107.655625684
-699.722786412 170.551809025 -19.1491093995 94.8384909493
-705.512200786 141.168782786 -20.9563018093 80.3433837803
-711.15012112 111.725904487 -22.8967663531 65.0291803259
-714.933966322 82.0641612439 -24.0883507611 49.0826200444
-717.796409431 52.2316073822 -24.9455591793 31.8065345538
-719.41373558 22.3825238467 -24.9277183146 15.8304473976
-718.824102347 0.224994720776 -25.0077615147 2.74176398461
-718.291956979 -7.36191438394 -24.9231479707 -2.10376964656
-718.80894153 -37.584386076 -24.3540097804 -20.2886276525
-717.082904029 -67.3839493837 -24.5301353428 -37.7590719559
-713.275501267 -97.1297129581 -23.0718291573 -55.1248389919
-708.72447075 -126.540836652 -21.4709228881 -72.0162167071
-702.946040708 -156.05423844 -19.0983976939 -86.6619555176
-695.844180251 -185.494333961 -15.7758349362 -102.009686036
-687.463149913 -214.346660068 -13.1820435118 -114.295799207
-678.253006995 -242.744065622 -10.4515276034 -125.67207122
-667.763624399 -270.664198868 -7.543451633 -135.603429529
-655.733577089 -298.245802622 -4.8324458367 -144.631745823
-642.587090642 -325.368913834 -1.62382624682 -152.366867218
-629.056083508 -351.706793797 0.920162519882 -158.824771422
-613.947412915 -377.701957226 3.49053199648 -164.255086781
-596.708430927 -401.766300942 6.11230422781 -168.845577049
-579.831398271 -426.89232796 9.22430540421 -173.003341288
-562.531298697 -451.217686932 11.9667953964 -176.953930762
-541.437516608 -473.109417567 14.7765099909 -179.258743216
-522.379990587 -495.719825873 17.9883783737 -181.943752454
-501.451301832 -517.132999973 21.1164481878 -184.787579974
-480.357938206 -538.023169835 24.4293262841 -187.011587658
-455.842002502 -556.502628222 27.0520871663 -187.93938975
-432.795073641 -575.044277147 30.5148292152 -189.474465365
-409.112649803 -593.558771562 33.8954693732 -190.82010316
-382.597286806 -608.993685072 36.5843744853 -191.564269848
-358.74425448 -625.500631306 40.8548179501 -193.046441433
-330.887904699 -638.584976731 43.7523320157 -193.368177483
-304.902636482 -652.146919815 47.0952239549 -193.793163957
-278.807079205 -665.12591328 50.3891356132 -194.599971125
-248.556510572 -675.016397172 54.0159121626 -194.34749029
-220.840868501 -684.897661019 57.4333141338 -194.354755375
-191.79666841 -693.233953817 61.784277967 -194.512253851
-163.51719098 -700.834024867 65.2319849161 -194.228788394
-135.513427954 -707.989153399 68.7198397633 -193.989343274
-104.927654005 -711.983428372 72.3279990551 -193.178431406
-74.9425146595 -715.812607041 76.0305019342 -192.520828625
-45.6067110757 -719.135828831 80.0288099624 -191.957315133
-15.5356153539 -720.006166959 84.6482100231 -191.004660527
-0.59730616072 -719.77773142 86.1935059239 -190.257737129
0.0166541390901 -749.598201119 84.9508456508 -192.46079544
-30.3638938167 -749.070595665 81.0778326927 -193.290576143
-59.4978437821 -747.062851218 76.9252252769 -194.217824616
-89.2687537678 -744.236798724 73.163578812 -194.69043119
-118.523720688 -739.720859007 69.8979736771 -195.461841703
-148.777422585 -734.958220911 66.1785325998 -195.882283016
-177.995065277 -728.425443485 62.142636931 -196.178789117
-206.583973451 -720.821565498 58.4223873921 -196.204505109
-235.234828245 -711.925588668 54.6300383447 -196.395223028
-264.579982547 -703.258207141 51.4058251588 -196.568057754
-291.351355697 -692.35366627 48.6595598401 -196.767561923
-317.926932965 -680.069846526 45.1711109014 -196.038124645
-344.392646833 -665.785915905 41.4269157498 -195.029235478
-370.160386008 -651.450735612 38.1033727261 -194.109477757
-396.390378009 -636.337408842 34.4415117145 -193.609905596
-421.352254153 -620.126468109 31.2572741853 -192.617085396
-445.733529116 -602.969701642 28.7358071648 -191.905510914
-470.468157197 -585.460698512 25.550268763 -191.049807564
-493.46858569 -566.687711833 22.4391825873 -189.359041919
-513.326610556 -545.369917493 19.0226440062 -186.789030474
-535.924991938 -524.99497064 16.0785048035 -184.834513997
-556.873404264 -503.906980063 13.157924836 -182.894499202
-575.530620369 -480.892441708 10.4393303652 -180.428045053
-595.19889505 -457.967074215 7.58547175143 -177.459828003
-610.841130384 -433.089449721 4.14442857158 -173.169196603
-629.063594751 -409.021400687 1.44403989814 -169.23378173
-644.942923462 -384.000934501 -1.33194493269 -164.576703181
-658.912171058 -357.259571157 -4.27988883286 -158.435426189
-672.597397493 -330.673158223 -7.03455470531 -152.722660355
-686.195174581 -304.428041154 -9.27692116922 -145.198049056
-697.301135655 -277.117810618 -12.0469500994 -136.568742145
-707.272511302 -248.491087309 -15.4660646607 -125.907020646
-717.155075942 -220.717248231 -17.7205407895 -115.244142298
-725.230385957 -192.051713245 -20.5294300509 -103.044933214
-732.287159486 -163.034500718 -22.7957556597 -89.7901634714
-737.96181077 -133.522915245 -25.6035768732 -74.4191579907
-742.867339482 -104.213770089 -27.7946471558 -58.6152203009
-746.417993485 -74.5992493377 -29.0999061124 -41.6220535702
-748.651881085 -44.755080739 -30.053348119 -24.3362672638
-750.259495307 -14.7916625059 -29.7222673896 -6.39783996914
-750.432420829 0.21729318866 -29.5645670585 1.63653903752
-750.014990127 14.9622757651 -29.4465322971 10.5274391713
-748.709145566 44.686729324 -29.5290523115 26.8150537827
-746.944024374 74.4674130907 -29.2306955876 43.2374943054
-742.556464332 103.889597463 -27.5055005689 59.9159834299
-737.472555241 133.578413856 -26.3730790779 75.9946221896
-732.323882478 162.63750005 -24.4717386792 90.1395808809
-724.136711268 191.513936584 -22.0348088295 103.729534621
-716.532652691 220.794042726 -20.1562545312 115.1217909
-708.127301956 248.635578136 -17.4664525163 125.435302453
-696.406797236 276.389685114 -14.2948235157 135.599347396
-684.901042662 304.822888771 -12.4553798545 144.215708846
-671.607721114 330.995882931 -8.87629311593 151.059593146
-658.989959394 358.387311989 -6.92067997726 157.250575386
-645.289345371 383.231447066 -3.84681070948 161.983189981
-627.2750364 408.798307591 -0.81578916525 167.765926094
-612.095346123 434.341224457 1.34977180359 171.432540172
-593.004619765 457.492177503 4.61585615634 174.954065711
-575.519246709 481.653840959 6.74920384772 177.614364106
-556.619885298 504.249162105 9.69630341816 180.660351521
-536.457222465 524.617241302 12.9842966752 182.461248301
-513.115646555 546.083661608 15.8196557473 185.638599355
-492.514859393 566.670031613 18.4405520869 186.947249591
-470.302260531 584.79458594 21.4830326487 187.744051583
-446.071115671 602.719392354 24.5680117078 189.453874779
-419.775105631 620.421907746 27.9517203921 191.48142218
-397.019100242 637.505596533 30.6849339572 192.086300476
-371.248153529 652.924314474 34.2752288357 193.061663072
-345.486176739 666.05746918 37.4329079744 193.836781864
-317.91570248 679.951152935 40.7463994695 194.040763876
-291.082711546 692.059553815 43.8895447867 194.871262408
-262.687283814 701.932342549 47.7137898759 195.152858145
-235.244715946 712.334729234 51.1770758445 195.082306151
-206.909840775 721.212354471 54.8421980295 195.260552595
-176.370932116 728.231299998 58.8428457275 195.725862005
-147.494978575 735.03643766 61.8650036098 195.570694984
-117.996295401 740.436799203 65.723012883 195.161422118
-88.2977311123 744.279250411 69.6889073282 194.636242512
-59.8418683456 747.949723019 73.3568226014 193.840107932
-30.2558924912 749.850744045 77.375336144 193.204329723
-0.0264126018457 750.169769602 81.4450292159 192.066857181
-0.0343815568144 750.21483832 80.8681861584 192.081527182
-0.314782374044 779.871272091 80.0515069 194.270630976
-28.9210183715 779.165074187 76.672641442 195.270500518
-59.8698902368 777.957632839 72.4986975944 196.057637124
-90.0496519629 775.192026547 68.8087728594 196.288272996
-117.638761305 770.141558624 65.1851641647 196.994236292
-148.313685161 765.851929924 61.3715663302 197.242230244
-178.833700526 759.513307644 57.5474543416 197.181288044
-206.430962412 752.291902147 54.4240453483 197.891957251
-235.924283356 744.177773866 50.5620003691 197.506165584
-262.736912453 733.810379994 47.3057090393 197.404600891
-291.60327087 723.846602878 43.4143740861 196.887898231
-320.156508805 711.653014186 40.250377273 196.075378281
-344.943096614 698.999264905 36.9197042363 196.542208375
-373.510686345 686.015033156 33.5880896934 195.320710563
-397.602514672 670.605559386 30.6053561409 194.849998121
-424.388607496 655.435508378 26.9145955761 193.449383009
-448.962761604 637.299775291 24.0666270741 192.101791153
-470.98396683 620.193417674 21.382197766 191.857972588
-496.70745574 602.620145404 17.9386359283 190.033116942
-519.228126282 581.226596145 14.93683319 187.450753306
-539.388786645 562.044867512 12.1365399694 186.817299763
-562.450489224 541.843951214 8.8318422229 184.334054337
-582.967144093 518.408037662 6.5776258042 181.649030606
-600.315397622 496.303052418 3.82016095093 180.126090669
-621.042220301 472.377356409 0.875285767473 175.709338732
-636.494293299 448.713707289 -1.6834931749 173.424880559
-653.048123625 423.918661941 -4.49061532295 169.739019728
-670.466256974 399.428292449 -7.78368658438 165.074208801
-685.590572973 372.415904901 -10.0755048056 159.533521468
-697.480535882 345.84426826 -12.4517460887 153.642489437
-711.591898758 319.770421699 -15.9585720655 146.663908707
-723.219322905 292.117773193 -18.5676183725 138.991554457
-733.703543152 264.163065279 -20.9887647757 130.120466327
-743.329742145 235.704060771 -23.6130853741 119.803304183
-751.22159883 206.436036159 -25.1658179921 108.186510476
-758.855870964 177.437157246 -27.706227373 95.9071990697
-765.809765354 148.381499997 -29.7197319121 81.9261701342
-770.379174861 118.898299853 -31.4844457438 67.4278415924
-774.637119967 89.3715654328 -32.7844568754 51.7178794756
-777.678942628 59.5803514374 -33.6763158013 35.1513158929
-779.551047466 29.7507733368 -33.1680607959 18.6196765989
-781.277791429 -0.644198885931 -32.7433474218 1.49730051902
-778.540139004 0.111590622564 -34.1352722003 2.56427152353
-779.029788137 -30.0627244658 -34.3005897829 -13.6108906933
-777.47895667 -59.8956400652 -33.6519477934 -32.3211698668
-774.6135611 -89.6174120494 -33.8626244637 -48.3094364187
-770.805638434 -119.229609174 -31.616039179 -64.3251431816
-766.075327437 -148.799060327 -28.9976874712 -80.6624881616
-759.26857073 -178.144306527 -26.2203688778 -95.1333261362
-751.98858758 -207.08581007 -23.8152125254 -107.533625966
-743.786531609 -235.676519079 -21.0603431709 -119.19175735
-734.664375263 -263.9707264 -18.4138828905 -130.568375384
-723.985557047 -291.863214158 -15.6662729818 -139.806403551
-712.143554527 -319.402577974 -12.9872626891 -147.825934826
-699.199307451 -346.365788049 -10.6252036973 -154.835295898
-685.971534065 -372.852757426 -7.23130119699 -161.516784658
-670.731339863 -399.082387347 -4.55604675041 -166.925532587
-653.818469851 -423.381109914 -2.39780323871 -171.062955169
-637.438967842 -448.200401237 0.373594348461 -174.825222225
-620.374411404 -472.986878971 3.78734220155 -178.781778115
-602.266216166 -496.773681271 6.6783825357 -182.169484779
-580.985220128 -518.477290182 9.38099687905 -183.840779259
-562.101179813 -540.82223321 12.424270394 -186.493214274
-542.328579872 -562.70554858 15.451854543 -188.681548513
-519.180759302 -582.177194237 18.9156215916 -190.35874975
-497.436071403 -602.555593056 21.7061288994 -192.336147982
-472.571912688 -619.89702264 24.3996995672 -192.8762168
-448.939357257 -637.986811182 27.5008963612 -194.303047686
-424.966033618 -655.412162898 31.1496248122 -195.387375044
-398.494856136 -670.193018713 34.4848129249 -196.37047718
-373.729895405 -686.058085447 37.8578500594 -197.131162587
-345.449705551 -698.573681062 40.7301501893 -197.31153618
-318.954707986 -711.357657981 44.0529908637 -197.695607504
-292.758969409 -723.917638933 47.3509366799 -198.517961693
-264.99241605 -734.804775527 51.3668620687 -198.912115197
-234.904953499 -743.037169989 54.6799598262 -198.278174079
-206.625113823 -751.65314582 58.2496224558 -198.321464696
-178.061657477 -759.772683867 61.7458551003 -198.464239277
-148.405210541 -765.221964248 64.8134404196 -197.773289546
-119.93417353 -771.412125487 69.3392104485 -197.77247846
-89.2129168713 -774.325954599 72.8170322313 -196.738791525
-59.8368131196 -777.155830548 76.2523746641 -196.014224676
-30.953909592 -779.737733302 80.1530697479 -195.547560501
0.0689960266686 -779.505432119 83.7171685452 -194.258114675
0.256641438494 -779.419662461 84.3877977182 -194.333430673
0.08370789472 -809.481105794 82.8451379659 -196.383116332
-30.1165929964 -809.112609545 79.2139231294 -197.119727989
-59.9236591643 -807.320889673 75.2661630906 -197.778408746
-89.4753620635 -804.475472835 71.3382933718 -198.506835282
-120.131466254 -800.82670989 68.492200085 -199.167662418
-149.259521632 -795.822913414 64.6201396897 -199.58410275
-178.159789295 -789.721856921 60.9227392605 -199.82478452
-208.211433087 -783.780780275 57.3500191985 -200.403743971
-237.924252494 -775.7560845 53.85487195 -200.459262462
-264.142419929 -765.23295595 50.7081341226 -200.305952385
-292.436700763 -754.929657273 46.9467644529 -200.065570046
-321.750821603 -744.602854077 43.3871789483 -200.350788668
-348.777141488 -732.560221247 40.2550539786 -199.793488345
-373.403439856 -717.736336699 36.6214166627 -198.530785343
-400.396657283 -703.494495732 33.7910814796 -198.68370473
-425.901815656 -688.344896175 30.406248099 -197.565573025
-453.126721558 -673.246178383 27.2329241661 -197.012155763
-477.27752866 -656.19806205 23.9330582804 -196.09618594
-499.684766273 -636.636857762 20.4675014904 -194.041059461
-523.661961835 -619.175605791 18.3826782626 -193.769109002
-544.651347885 -597.984207484 14.7437717904 -191.341144138
-566.13076584 -577.623609511 11.7144303131 -189.517473031
-588.618115049 -556.597069725 8.61584163913 -187.805471466
-609.452597268 -535.145893078 5.87189751147 -186.022329998
-628.909001865 -512.330209581 3.39781496088 -183.785449158
-645.566870637 -487.644213689 0.0274336585381 -180.291507901
-664.437612977 -464.016160131 -2.84045805163 -176.990360088
-681.37383839 -439.5640293 -5.6368137546 -173.293500191
-695.526214087 -413.149422975 -8.88354340646 -168.192448013
-711.640753582 -387.905606151 -10.9100912756 -163.686945759
-725.53979866 -361.369583745 -13.7584956448 -157.916154864
-737.476515459 -333.589066152 -17.3286221081 -150.421715174
-750.297188808 -306.893665555 -19.6817767529 -143.094329908
-760.622292082 -278.963287156 -22.4145767124 -133.607457812
-770.301700809 -250.832921451 -24.8153679624 -124.283408456
-778.599918586 -221.534744522 -27.8834213936 -112.608833287
-786.858974693 -193.046203124 -30.4522521659 -100.923910344
-793.22994473 -163.839930844 -32.6889092402 -86.6359740822
-798.862386864 -134.331084445 -35.084216715 -72.3940891819
-803.170014185 -104.496969368 -36.9481235721 -56.3733399329
-806.64957457 -74.8411854636 -38.3290889251 -40.2827396443
-808.530797949 -45.0025969958 -38.5383746036 -22.6765258974
-807.834911025 -15.2191528421 -38.1630065086 -5.81231191908
-808.307625725 14.7666426014 -37.958946576 11.1162637699
-808.687411898 44.7672452589 -39.7880022481 27.2935677091
-806.181813034 74.7058734043 -37.7871334437 43.2017347469
-803.025684353 104.399601338 -36.9318396057 58.6303695785
-798.083758081 133.884996702 -35.2882547042 74.1755587261
-793.019412177 163.680969359 -33.9001608858 87.992658796
-786.883383997 192.670634173 -31.6210658877 101.007517233
-778.611533147 221.436930214 -29.0328739349 113.445242434
-770.642255019 250.448844971 -26.8633971902 123.356328432
-760.135159708 278.29819857 -23.8892121366 133.317395075
-749.632922436 307.222848565 -22.0773373101 142.516443343
-738.676440114 333.83991294 -18.9665293875 149.2834975
-726.033668233 360.885343697 -16.2537792557 155.210803616
-709.535526655 387.467441245 -13.4080406527 162.309224448
-696.750910081 414.556163736 -11.2752376003 166.882757131
-681.38957911 438.645700244 -8.22231919702 170.843549297
-663.670710268 463.639135216 -5.3692508347 174.674415117
-644.583273986 488.003359915 -2.39641834999 178.538696036
-628.619616888 512.631149055 -0.396362012295 180.979946336
-609.153598393 533.904265612 2.7749782766 183.343266574
-586.957634514 556.979358971 5.78215424793 186.590149128
-568.625141442 578.903796056 7.79119681279 187.648653076
-546.566633542 598.017629188 11.4329088765 189.24600304
-522.144809484 618.496373944 14.596652502 191.868218486
-497.943442194 637.373218434 17.697077834 193.26546202
-476.833740034 656.195586062 20.2560617693 193.937935124
-449.494871832 672.527911636 23.5195963701 195.66592699
-424.890525412 688.754297364 26.9795058603 196.675110518
-401.475546476 704.829564034 29.7146330552 196.99628566
-375.410359739 719.347752216 32.8103125451 197.863861199
-348.80010557 731.549631535 36.4656498508 198.095862594
-318.976122026 743.809048267 39.5604070103 199.175375099
-290.948951034 754.886803861 43.2103037361 199.404917698
-265.098698154 766.414685311 46.2831539218 199.501397481
-236.977061085 775.629775287 49.7131432386 199.752666139
-207.394824639 782.649086575 53.5889654179 199.482446527
-177.41689922 790.077793906 56.9538493969 199.782171706
-148.46896104 796.486392224 60.668709841 199.526675908
-118.655001884 801.074075377 64.4360324112 199.143683868
-90.0885232001 805.503955027 68.0908212253 198.438213158
-60.2605354996 808.283141177 71.801110232 197.853567269
-30.2837524092 809.823890183 75.1162955636 197.024575497
0.0271540290472 810.205765114 79.193121254 196.376166031
-0.863134316757 810.530890716 78.9324165468 196.189631612
0.122151090158 840.416151778 78.4827559806 198.466590132
-30.3348662947 839.737055032 74.7572347232 199.049839605
-60.8707462776 838.498977808 70.336805047 199.422162415
-88.9905884672 834.942885026 67.2468967649 200.452314511
-119.615700259 831.513228035 63.5690433625 200.553034027
-149.63466123 826.759734765 60.287451454 200.8675659
-177.893710934 820.747580437 56.8567678391 201.743699857
-208.558844927 814.66174544 52.3480569792 201.477510293
-236.865544778 805.726742881 49.2843274509 201.202415728
-264.342496659 796.62329921 46.2051969695 201.656539639
-294.238586015 787.667442742 42.3784830311 201.406607443
-322.197189808 775.359845026 39.616536993 200.542159067
-348.002097275 764.377148104 35.7534153316 200.774040709
-376.549283856 752.111800196 32.3449358047 199.623116253
-403.969744193 736.99364443 29.3402525418 198.979764696
-427.447007701 722.540865501 26.5908169724 199.152951691
-454.607828712 707.5117774 23.0098889939 197.725998915
-479.385288761 690.659201236 19.4331576769 196.457375326
-503.805718478 671.708990491 17.0292065268 194.799242612
-525.929975966 654.481671545 14.009914152 194.866612046
-551.01146749 635.63151463 10.5763415687 192.707691807
-573.56444747 614.214806387 8.15052003615 190.936658468
-594.469130574 594.868405252 4.58762183689 189.132478449
-615.337991457 571.884256429 2.14461163435 186.681902991
-633.05561264 550.398442936 -0.45000807521 185.72125425
-654.629642658 527.892836234 -3.59972671032 182.820982568
-672.892196576 502.866748824 -5.89145815805 179.685603327
-690.331646428 478.652953589 -8.92446228242 176.138442452
-705.358171458 453.99067576 -11.2535752719 173.292507424
-720.714416171 428.512469914 -13.5674708388 169.408120482
-737.350205255 403.37482862 -17.3326022773 164.885031266
-751.023230554 376.788805402 -19.8640184539 159.369921506
-762.528417 348.663685794 -21.9373598165 152.817543856
-774.961711878 321.100042853 -24.458428153 145.367931923
-785.804204582 293.337161008 -27.1140505498 137.473181644
-796.029689043 264.859428818 -29.5293851336 128.208764253
-805.139313624 236.29299737 -32.0839417435 118.16368209
-813.075100839 207.43451777 -34.4754047382 105.853629924
-820.627201944 178.294054877 -36.8449939393 93.9132506193
-826.671421412 148.977028321 -39.0219812661 80.0624607912
-830.995491185 119.411495303 -40.3195984733 66.01500787
-834.764223014 89.6719407726 -41.5012737315 50.7776833529
-837.828979611 59.7769915068 -42.3014014981 34.2846963845
-839.463638484 29.8204331234 -42.4296185033 18.1736462776
-839.377151434 -30.0847071472 -42.2462926866 -12.4125496207
-837.870898272 -60.0086869711 -42.1310633937 -30.0321459939
-834.166244064 -89.756962554 -42.2612358687 -46.8951135802
-831.297105343 -119.579866762 -40.8164297549 -62.9396870778
-826.366009054 -149.401016798 -38.5153583954 -78.4513234732
-820.399921747 -178.830993363 -36.3042363531 -92.766656211
-813.729421941 -208.143916178 -33.5731989259 -105.456022419
-806.037673778 -237.083234832 -31.0766822582 -117.651918851
-796.992852167 -265.762926569 -28.4068222543 -127.86729063
-786.953057142 -294.044594875 -25.5196074689 -137.345287175
-776.223008307 -321.897333896 -22.7589598715 -146.258017223
-764.208768358 -349.392386422 -20.1726964674 -153.52502855
-751.52697967 -376.430245381 -17.4577163638 -159.962052396
-736.663502752 -401.879579673 -15.0142966344 -165.46957515
-721.537414837 -428.081981772 -12.126669884 -170.319141009
-707.257305062 -454.30768044 -9.18417443372 -174.635979591
-690.829559957 -479.550512597 -6.27056665966 -178.70052424
-671.430215152 -502.767365969 -3.17669600486 -181.732477949
-654.679525518 -527.111376107 -0.354160660301 -184.646877183
-635.24895524 -550.776224148 2.46587087815 -187.162631988
-613.597306182 -571.775750752 4.86334465883 -188.509019225
-592.928912645 -593.463110212 8.55292976039 -191.070083635
-572.547744177 -614.669002605 11.1266426026 -192.878126529
-551.315826466 -635.466733489 14.3502145883 -194.67233471
-526.183094967 -653.331006006 16.9765166884 -195.076378821
-502.349473485 -672.05276775 20.4906073463 -196.688629013
-479.228861393 -689.890266778 23.530087294 -197.844027802
-456.01976368 -707.550357543 26.7118923762 -199.087739777
-427.949852241 -721.669535281 29.555016242 -199.253371143
-402.785314691 -737.213462505 32.9233116263 -200.357732701
-377.592038988 -751.881474906 36.614504833 -201.390001822
-348.558981811 -763.114668101 39.3589429706 -201.259804468
-321.628922598 -776.059410144 42.8588111964 -201.429608008
-294.08113858 -787.646206645 46.23638846 -202.132263088
-265.203177112 -796.679851161 50.0771229528 -201.882130729
-237.705026657 -806.611734144 53.4134958619 -202.568807143
-207.51083778 -813.215175929 56.3921837186 -201.892834707
-178.99450167 -820.341073291 59.7622422688 -201.599552743
-149.887341055 -827.282037093 63.2996702486 -201.815921668
-120.860743033 -832.085196378 67.4194153704 -201.437004272
-89.4704851233 -834.404261924 70.8360162508 -200.366498007
-59.9146413998 -837.14348845 74.1727642659 -199.943716503
-30.6635681284 -840.015841898 78.2156625307 -199.234503355
-0.114282946109 -839.399925827 81.2243267152 -198.086349761
-0.347192306142 -839.731631093 82.1112597498 -198.019686622
0.208745597249 -869.40156113 80.8114185552 -199.975525085
-29.6284926289 -868.667744402 76.9024292503 -200.822458315
-59.9888242597 -867.488913916 72.9234244447 -201.742244955
-90.4844463405 -865.307043627 70.2471790342 -201.99558537
-119.31461844 -861.425191766 66.3926317294 -202.440729125
-148.847421621 -856.7177019 62.926953362 -202.816845666
-179.386741702 -852.110541969 59.3108513385 -203.742126878
-208.5119805 -846.001767183 56.3989306371 -204.103831862
-237.618577791 -837.996268522 52.8343053608 -204.100253833
-265.73958615 -829.502574435 49.2806700542 -204.088642936
-291.875922021 -818.400916506 45.4110934204 -203.574707444
-321.17163802 -808.549594687 42.820794444 -203.69733286
-348.422986706 -797.039816717 39.3860111504 -203.194337086
-375.696665086 -784.691046062 35.8594695312 -202.571418753
-403.295227716 -772.151018306 32.6453499879 -202.264957747
-427.877885452 -756.577012689 29.7141215886 -201.578110217
-452.98226238 -741.251649163 26.3976792012 -200.644960604
-479.574629605 -725.620562415 23.1513804578 -199.813942694
-503.992780327 -709.004527873 19.6398618881 -198.998301064
-528.821007679 -692.32137628 17.6413051753 -198.752246437
-549.700740147 -672.191664966 14.2046123356 -196.467744721
-574.477318858 -653.7013632 10.8904992696 -195.441726924
-596.390615127 -633.548698745 7.60799625273 -193.738570312
-616.919161846 -611.823195029 5.47550646647 -192.050857925
-638.923744324 -591.09784136 2.30750262036 -190.711892852
-659.375779909 -569.137274992 -0.692702693967 -188.812834957
-676.484325914 -545.116574644 -3.92424973626 -185.639333146
-694.71006801 -521.585455352 -6.13656087829 -183.3708093
-713.422567517 -498.231043684 -9.0456318594 -180.619061395
-730.552780024 -473.546418919 -11.852532326 -177.197412781
-744.861883519 -447.357179965 -15.1074313329 -172.285402081
-761.385513024 -422.166083008 -17.3161682875 -168.524092834
-775.524914656 -396.013640741 -19.9888799081 -163.250920298
-787.005988417 -368.344201215 -23.5154936177 -156.738844983
-800.559821721 -341.898078328 -26.0935299478 -150.269355012
-812.306058575 -314.171429013 -28.3200671871 -142.991444585
-821.793340328 -286.284615835 -31.0257952651 -133.980123779
-830.558503795 -257.229248316 -34.2991954316 -123.477950599
-839.781191362 -229.155964482 -36.7363807747 -113.108047589
-847.030096976 -200.236866417 -38.6660648447 -101.273770421
-852.82820282 -170.635313722 -41.4124775512 -87.1177026864
-858.107218398 -141.40326012 -43.6083066838 -72.7036825317
-862.984908449 -111.696961097 -45.5287358676 -58.2589886123
-866.17894332 -82.366844606 -46.2882244504 -42.2626857528
-868.533112199 -52.2616538704 -48.8021434195 -25.5129958911
-898.310911413 -52.4676495726 -53.3370658893 -24.7454920089
-896.56670834 -82.3807647239 -49.7301630419 -38.6268273085
-893.477043751 -111.971653705 -48.9521328916 -54.1304652093
-888.233145731 -141.295166586 -48.1435905912 -71.7461276971
-883.17048887 -171.043624969 -46.1150553009 -86.0245491656
-877.062759033 -200.258614282 -44.0140331363 -98.85207136
-870.602711551 -229.758675006 -41.1055518252 -111.822891946
-862.772024284 -258.526977167 -38.64233952 -122.488376972
-853.584919921 -287.039046077 -36.3325045616 -132.518000507
-842.907626404 -315.418776395 -32.7900941071 -141.400394026
-832.264909873 -343.224407375 -30.5134588553 -149.504255698
-820.346932755 -370.682484422 -27.546011982 -156.093158934
-807.063151925 -396.590856634 -25.2036918658 -161.963328321
-794.369236306 -424.163201367 -22.3360279712 -167.743104292
-779.550941435 -450.312575968 -19.7049357856 -172.261902708
-764.753490549 -475.983043873 -16.5885914326 -176.746155278
-747.063665849 -500.069254351 -14.2930582205 -179.788557639
-731.141398868 -525.612749608 -11.2882733889 -183.1260897
-711.556706492 -548.788895634 -8.27281454742 -185.883620934
-694.442320822 -572.825813289 -5.54139427917 -188.347657958
-675.999232311 -596.157120001 -2.79761019957 -190.486797022
-653.480043959 -617.142488784 -0.318469941903 -191.800613365
-633.622948576 -638.990423302 3.33415772831 -194.375130597
-612.592589012 -660.584416441 6.01465631391 -196.074829899
-588.723813232 -679.332907737 8.42309789703 -196.843357267
-567.94105513 -698.800357656 11.4859629432 -198.10409046
-542.613244061 -716.761597553 14.8720884632 -199.845127359
-520.287501013 -734.979314391 17.8090906878 -200.809605611
-495.787369278 -752.901359585 20.931341353 -201.970861586
-468.540374556 -767.299211357 23.5818361407 -202.105053726
-444.352515184 -783.828815397 27.8033793341 -203.722581538
-416.869990496 -796.704541694 30.2933022742 -203.634772722
-391.123966031 -810.596050736 33.3019543115 -204.343004524
-363.805570842 -824.171681517 36.6981257388 -205.21433759
-337.199267523 -835.936478856 40.8179655638 -205.702130877
-307.603129177 -845.068964891 43.2431504002 -205.188595952
-279.332224374 -855.070246477 46.4895886895 -205.460418513
-251.748533191 -865.010104135 49.8652590442 -205.70030437
-222.167267206 -871.74866049 53.8087906144 -205.407229869
-194.644133909 -879.871965475 57.1295082439 -205.90242485
-163.634887185 -884.430473107 59.90793044 -204.892936096
-134.487231772 -889.433450489 63.1894521533 -204.608144627
-104.509830382 -893.348086535 67.7201004978 -203.973464044
-75.2876965478 -896.518784457 70.8256803066 -203.499938082
-45.684171036 -899.366495182 74.5326429281 -203.361627082
-14.9286579316 -899.196421279 77.5095882607 -202.084012751
-0.0252733910128 -899.446891396 80.1579236218 -201.546101876
0.230182612349 -929.434398848 78.8488847064 -203.486120408
-30.9235064697 -929.93240346 75.1323798723 -204.81613153
-60.9770422773 -928.308042707 71.2798001843 -205.591631691
-90.4673297481 -926.105161551 68.7979409053 -206.318488559
-120.529435784 -922.761048212 64.9401670754 -206.708199675
-150.020521715 -918.304979537 61.2437292317 -206.978839093
-177.929809638 -911.975074703 57.3090737059 -206.692539938
-208.511275984 -906.180433077 54.718100389 -207.198050349
-238.569027815 -899.914494752 51.1791792595 -207.522145623
-267.257563868 -891.774863996 47.6603507793 -207.633797848
-296.3288187 -882.845218628 44.0618763947 -207.735360641
-323.420402291 -871.886257841 41.1593168893 -206.877168966
-352.392784241 -862.305796308 38.0179340863 -207.394679487
-379.774478618 -850.279498408 34.5905320659 -206.814770358
-404.939784849 -836.253649496 31.0128827642 -205.45225242
-431.349187893 -822.656508551 28.3269720728 -205.486882327
-457.062200149 -808.42891177 25.1970466615 -204.684017691
-483.233712379 -793.005160218 21.6046536498 -203.810735874
-509.332007799 -777.78618721 18.432177506 -203.14353866
-534.688973391 -761.118966765 16.0524282121 -202.699678729
-560.439687802 -744.665051197 12.7911315095 -201.814529613
-583.963414583 -725.55241372 9.48065996982 -200.517110737
-604.931521176 -705.455129188 6.20688110572 -198.41725878
-626.306349223 -685.686045218 4.23688803282 -197.213654209
-648.588876275 -664.976783583 0.62239328209 -195.780573871
-670.087893747 -643.600337778 -2.40987291508 -194.017551375
-691.671710992 -622.551042742 -5.36173286721 -192.357559847
-711.397201707 -600.480444223 -7.25518970163 -191.063210899
-728.260750022 -575.995444505 -10.641170727 -187.878233418
-748.315882232 -552.932751771 -13.3308317714 -185.588550852
-766.300420593 -528.662354608 -16.043967267 -182.751618677
-781.992862969 -503.758994847 -18.6075573758 -180.000982712
-798.228238988 -478.241023551 -21.4321575322 -176.18346798
-811.825196024 -451.345033945 -24.7555703327 -171.266452887
-827.476610556 -425.812557847 -27.3559052272 -166.675520208
-840.353161395 -399.033180786 -29.4658162675 -161.634006541
-851.955066215 -370.844418655 -32.995930812 -154.920226851
-864.663690618 -344.14427367 -35.3092308074 -147.846923895
-875.16652122 -316.168508 -38.0015165554 -140.052193166
-884.101403161 -287.806648004 -40.3723797984 -130.775255237
-892.884372045 -258.387388398 -43.7995009486 -120.240791989
-900.744617341 -229.474489537 -46.4616943264 -109.653152857
-908.749099173 -201.067431911 -48.5687077504 -98.1512850377
-914.253944898 -171.903550112 -50.1607086436 -84.5698725055
-919.293577782 -142.037923232 -52.1177987195 -71.4042866665
-922.691642037 -111.726338452 -54.1953925233 -55.8284646214
-925.16755444 -82.4804748795 -54.4758559165 -40.2013493399
-956.245971805 -74.6200616958 -60.6219332193 -33.2609262758
-954.404192834 -104.529622051 -59.5600204822 -49.4041340258
-951.120942978 -134.391057061 -56.1751910196 -66.1279690381
-946.458194051 -163.462026286 -55.5293040584 -79.8932439549
-940.128199095 -193.614132425 -52.9994319464 -92.7821838171
-933.781522187 -222.395030712 -51.1238590375 -105.450175099
-926.449066156 -251.360039803 -48.6275710314 -115.938547718
-917.606883201 -279.31522807 -46.5442595491 -126.698806437
-908.680556151 -307.647554448 -44.1375383919 -135.854145043
-898.615644219 -335.573597978 -41.6072852207 -143.519670112
-888.784007239 -364.17874198 -37.8092536868 -152.377749436
-876.947564349 -391.660983687 -35.1631860624 -158.364555303
-863.580109642 -417.710036001 -33.0730471015 -163.654222943
-850.870629641 -445.633704264 -29.4987151414 -169.705085366
-836.983276238 -471.674247143 -26.994098537 -174.039655702
-822.025366102 -497.462720885 -24.4165600469 -177.843583434
-804.780060408 -521.692990492 -21.8257253604 -181.311941622
-788.98872647 -547.541984064 -18.9303723771 -184.519701507
-772.071406795 -572.11983322 -16.1803769682 -186.980990508
-754.088645375 -595.745561444 -13.057643473 -190.132334606
-733.422512517 -617.573817401 -10.5852687673 -191.352329424
-714.709235858 -641.020451465 -8.04394549118 -193.62565819
-695.21363288 -663.565653264 -4.70418314978 -196.23780459
-672.5953147 -683.295557791 -2.39054076053 -196.759014038
-652.41399645 -704.758564577 0.119418274377 -198.609482576
-629.623044933 -724.930262485 3.60690084622 -200.464823797
-608.03555286 -744.498933166 6.55368831629 -201.760249261
-582.219643554 -761.929821417 8.95579548664 -201.977482791
-559.628517873 -779.530688039 12.2725535781 -203.502272556
-535.763366036 -797.124129871 15.5964743094 -204.398135415
-511.260762557 -814.252420735 18.2162892909 -205.589853502
-484.847743508 -828.775761235 21.7357603511 -206.250217348
-459.25408483 -844.36870461 24.9063734529 -207.258452664
-431.28993875 -856.759916039 27.3225433277 -207.153367799
-406.198372062 -871.10398421 31.0979001977 -208.173509723
-376.760346262 -881.813885268 34.1366912874 -207.985338723
-350.2363502 -893.677648599 37.1386948843 -208.269904941
-323.128420031 -904.466526481 40.5710180393 -208.938962826
-295.808330727 -914.583806063 44.0346101287 -209.183006775
-263.998629348 -921.735488051 46.8056919489 -208.77797232
-237.288143773 -930.7701099 50.3747354639 -208.930707768
-206.980224886 -936.701345923 53.7155950399 -208.498261831
-178.029171263 -942.815656478 56.5724630477 -208.299754788
-148.806482318 -948.109849496 60.506836231 -207.99937362
-119.422054006 -952.098454396 63.6075274115 -207.570677996
-89.8669466324 -956.3151712 67.172924734 -207.440777318
-59.594299449 -957.42611666 70.0655132765 -206.608113222
-30.5615771572 -959.797394597 74.4988410642 -206.334912685
-0.075418477207 -959.528297332 77.4178199785 -205.158142854
-0.0547985352835 -959.520913974 77.1355045808 -204.972752666
-0.835681508048 -989.973457692 76.6459267371 -207.075424051
-30.5365355598 -989.078962666 73.1654187599 -207.450063329
-59.8345787809 -987.754126144 69.5007268634 -208.300183809
-89.9032220083 -985.577987474 66.4878935314 -208.922631116
-119.54999911 -982.189009346 62.8336614998 -209.126107789
-150.878389692 -979.485700667 59.3615839365 -210.020008228
-177.969768648 -973.088456321 56.2308211239 -210.174427794
-206.86601135 -967.205647593 52.742590373 -210.13124939
-236.457018736 -960.541315113 49.106986928 -210.05662361
-265.781062365 -952.832714479 46.6770293866 -210.264140615
-293.760671389 -944.246431286 43.1029114564 -209.966582142
-322.530793483 -935.012482053 39.5601418287 -209.742151653
-351.638384784 -925.383565741 36.8084921014 -210.210227829
-379.022129126 -914.351362497 33.324147712 -209.714200466
-407.86671319 -903.76831461 30.1877544885 -209.63812045
-432.68760636 -889.73777259 27.3336740416 -208.798509565
-460.364038337 -876.427360312 24.0773278718 -208.449552647
-486.176907925 -862.440309926 20.5660748384 -207.85112074
-511.723989581 -846.563361633 18.0866928307 -207.08635288
-538.057575303 -831.500846586 14.7293035762 -206.465337203
-562.791684691 -814.95337385 11.8602048141 -205.157899899
-586.992763869 -797.581444587 9.04609372475 -204.633688494
-611.687702877 -780.065841409 6.23713789907 -203.656163327
-635.659827831 -761.228802648 2.65148189763 -202.393332209
-657.081195745 -741.372422774 0.221590838166 -201.158282538
-679.121837489 -721.628828749 -2.50123410183 -199.978369322
-698.748388866 -699.677393714 -5.88986137937 -197.53251486
-719.513225569 -678.224629588 -8.29938835037 -196.427901985
-740.732629228 -657.147207546 -11.2366556192 -194.624039091
-760.936345417 -634.549000386 -14.0320494182 -192.762030047
-779.913601936 -611.180392293 -16.3874155294 -191.125220048
-796.180243494 -586.220416307 -19.8659105326 -187.887161123
-814.833824352 -562.821958469 -22.2140859903 -185.439593952
-832.24165551 -537.850255906 -24.5077616126 -182.784126514
-846.42086374 -511.533332554 -27.7447360329 -178.862310424
-862.870641453 -486.697557247 -30.4520239216 -175.288196619
-876.031335835 -459.258362777 -33.4196415331 -171.303459056
-890.441870735 -433.973822844 -35.6586112997 -166.354054049
-902.916091874 -406.544029968 -38.5936565888 -160.712548039
-914.0462923 -378.163137339 -41.8074668508 -154.180878918
-926.287944037 -351.647005526 -43.8490241505 -147.517799925
-935.348225379 -323.469998901 -46.6290298804 -138.861476326
-944.939513385 -295.144918625 -48.9842271885 -130.452675466
-953.195261806 -265.359419005 -52.790173932 -120.296193752
-962.315223464 -237.167616109 -54.492304361 -109.713607904
-967.284528767 -207.897351158 -56.5324759587 -98.1542316442
-972.313210671 -178.377880027 -58.8033165146 -84.3691376782
-977.689738913 -148.914314258 -60.6430948931 -71.4560297009
-982.766077379 -119.954399424 -60.9979785399 -58.458098827
-986.035743224 -89.5520653887 -62.8859609575 -42.8116347878
-1013.99243333 -104.513878232 -66.6064107806 -49.1530312279
-1011.71723512 -134.731140349 -65.4523362905 -60.5252416144
-1006.11700531 -164.39281641 -63.8871059589 -74.2691243293
-1001.8603407 -193.488564715 -62.1540608777 -90.6768222669
-993.930855155 -223.179341799 -59.5056802027 -102.405834627
-988.677242787 -252.55911202 -57.4188262959 -113.850181504
-981.053065684 -281.137232643 -55.3045267274 -124.07974977
-971.781072783 -309.890872607 -52.2542371445 -133.366456053
-962.022449783 -338.455870687 -49.5059944584 -141.833846431
-951.461743813 -365.887546828 -47.288423016 -149.276246025
-940.048229319 -393.304513273 -44.7844132198 -155.762671624
-929.031553946 -421.041153173 -41.7476736299 -162.078886654
-916.616927009 -448.634360979 -38.8358937421 -167.559132806
-903.022644793 -475.451464297 -36.1634799415 -172.300727868
-888.595250737 -502.005872804 -33.5433891221 -176.372297673
-873.809300314 -527.502758204 -30.7970219994 -180.046549068
-856.187015751 -552.011524521 -28.241004513 -183.112454336
-841.159625438 -577.937632488 -25.3921203627 -186.162873229
-824.655890393 -602.193687958 -23.1075847008 -188.827400992
-804.706195452 -625.105279834 -20.1886692604 -190.894057431
-787.190106446 -650.039300599 -17.3681131438 -193.329577501
-768.397575476 -672.597499482 -14.8296282852 -195.418456387
-749.198184861 -694.548245703 -11.7352956463 -197.414512489
-724.966772806 -715.873503305 -9.0507033937 -198.017451617
-705.292418843 -737.439730419 -6.53895528132 -200.175690529
-681.968604881 -756.865040558 -3.27278391897 -201.034246432
-661.517992433 -777.191747498 -0.782750946728 -202.873992668
-639.614721953 -797.006708577 2.21837494205 -204.332033834
-612.678484296 -814.235128015 5.38242948374 -205.078509552
-590.271725113 -832.257026243 8.1147022901 -206.435797961
-566.381745102 -850.093894454 11.2975026016 -207.463985973
-538.122821836 -864.703658363 14.474593708 -208.040106087
-515.380626327 -880.940658165 17.3987095151 -208.848371182
-489.882857899 -896.468041296 20.1389376607 -209.836411847
-461.93558845 -909.27807824 23.6915170998 -210.332542366
-436.116337146 -923.440854513 26.652773138 -211.071956019
-407.285561393 -934.322074638 29.3485584937 -210.459693501
-379.54972542 -945.689487011 33.2277530278 -211.308688339
-352.080689028 -956.940393066 35.8815738566 -211.872547766
-325.179909521 -967.954639884 38.955462187 -212.293718811
-296.635655987 -977.136627868 43.0288914343 -212.917190886
-266.715628467 -984.036716188 45.6782159882 -211.727448261
-237.633141565 -991.410860902 48.5912364838 -211.949866225
-208.171348536 -997.968946058 52.6128932437 -211.586874772
-179.755171425 -1004.79261205 55.9268349538 -212.127239206
-149.123114596 -1008.25299387 58.5083008525 -211.317072058
-121.321978998 -1013.73371412 62.7016519076 -211.409756751
-89.1360258508 -1015.40727693 65.879741578 -210.215357302
-60.1882100828 -1017.86657122 68.636999595 -209.919413063
-29.7345134733 -1018.47963134 72.7557309341 -209.19241108
-0.308040731048 -1019.64586934 75.7549978072 -208.570117371
-1.43072907311 -1020.74014495 75.5811593627 -209.074970251
-1.22376728425 -1050.62419507 75.2774086296 -210.477765211
-31.4065325219 -1050.33682016 71.7576712925 -211.42654232
-59.6376038344 -1047.51291397 67.6341496268 -211.347924971
-91.0220294944 -1046.61481135 65.1300523068 -212.621166484
-119.274003959 -1042.16818656 61.2348720483 -212.272888998
-149.667219358 -1038.52060252 57.4890016553 -212.720162799
-178.342901897 -1033.7901858 55.0394713906 -213.085352817
-207.935597473 -1028.11001432 51.3915965561 -213.346611025
-238.280781627 -1022.43668983 47.6004762735 -213.497481122
-268.482000804 -1016.42034677 45.7040801799 -214.102752028
-295.645487994 -1006.68435538 41.6541381793 -213.411775954
-324.117212439 -997.963308672 38.2334074071 -213.329485983
-354.149020986 -989.671886817 36.1476424659 -213.904842639
-382.931073845 -979.120789125 32.1563686426 -213.802766924
-407.596070505 -966.535090741 28.8103515947 -212.448690656
-437.07326556 -954.996205854 26.2043952176 -212.776528776
-464.364219864 -942.186360354 22.7571866438 -211.869573652
-490.509636071 -928.738391585 19.4144588203 -211.423438181
-515.395311295 -913.448314863 17.1456660006 -210.569790343
-542.041418932 -899.108416108 13.6922971602 -210.110058853
-568.882003871 -883.296392085 10.1700742983 -209.345603796
-593.018050417 -867.62180208 8.29774136409 -209.320021143
-615.510551693 -849.005103798 4.37572644586 -207.162398332
-640.044150219 -831.18118434 1.34333872573 -205.874670679
-665.908046553 -813.63895376 -0.675191825303 -205.929638253
-686.259996199 -793.104705533 -4.44302829842 -203.812985301
-710.858678834 -773.713337496 -7.25812691967 -202.760023806
-732.322269347 -753.71999609 -9.17352682107 -201.856859635
-755.160308908 -732.276518511 -12.3165060796 -199.811331503
-772.441762464 -709.594152229 -15.6956866032 -197.412608542
-794.695654594 -688.239892844 -17.7012363788 -197.084106641
-811.959517486 -663.721100623 -20.8366866571 -193.748409473
-831.731386602 -641.690958183 -23.6110583912 -192.055247835
-850.425386986 -617.456041479 -25.7760708705 -190.605792968
-865.903926415 -591.947035755 -29.081141504 -186.979772301
-883.530994101 -568.219559339 -31.7019649373 -184.613173095
-897.691922284 -541.627897512 -34.299941497 -181.39133979
-914.400044249 -516.901376704 -36.7864558116 -177.888924468
-929.317526049 -490.086025231 -39.7789965822 -173.599688799
-942.707220653 -463.517611369 -41.9798674513 -169.607099556
-954.445097136 -435.524570713 -45.3815763209 -163.781580395
-967.890318099 -409.105582518 -48.0102261235 -158.160024218
-979.132403581 -381.443073174 -50.043613152 -152.473348511
-988.895498019 -353.304991118 -52.7904173014 -144.571008229
-998.093207 -323.829152178 -56.4236424014 -136.148454052
-1006.94815697 -295.306401523 -58.9058855228 -127.66220414
-1016.11222199 -267.190018076 -60.656109829 -117.613337705
-1022.27444369 -237.776989788 -63.523123855 -107.088659506
-1029.32296564 -209.217928073 -64.8063137013 -95.9199727919
-1035.68610742 -179.47275301 -66.9027090008 -83.6158295143
-1039.90519618 -149.360560082 -68.9064648673 -70.558318407
-1042.3965243 -119.735234185 -71.507768483 -53.6274136536
-1068.17731372 -156.690462783 -73.6192719744 -69.0017109656
-1064.50835205 -186.039688224 -71.1069672823 -85.3420709031
-1057.82785646 -214.875939603 -69.6258949998 -96.3569943925
-1052.84954661 -244.437431685 -67.6591177622 -109.238183841
-1045.25463389 -273.421344546 -65.4105986832 -118.552635429
-1036.08902094 -302.115430338 -62.7719966657 -127.909803451
-1027.29525188 -330.602815715 -60.139766051 -136.32372443
-1018.68293178 -359.192954042 -57.4182292914 -145.291120947
-1008.11123391 -387.11936286 -55.0595482699 -151.823315305
-997.105924191 -414.9770539 -52.1066782924 -158.815866406
-985.51496611 -442.209082301 -49.4787622931 -163.945255506
-973.279044195 -470.353126244 -46.3264137123 -169.791783263
-959.947677527 -497.065428466 -43.9782654068 -173.899287201
-944.448894421 -522.490068268 -41.2677734615 -177.576245642
-931.57084696 -549.161752766 -38.7813884675 -181.599800387
-914.391907724 -574.068551097 -36.1103375582 -184.420675261
-899.798435568 -599.894539857 -33.151930536 -187.267308166
-880.749941227 -623.570361604 -30.4343790299 -189.622898443
-862.940364748 -647.854733457 -28.1546811054 -191.867891547
-846.6312427 -672.646105917 -25.2933711812 -194.44689451
-827.665949216 -695.773302664 -21.9919342511 -197.027945193
-807.031528991 -717.29502162 -19.7516337937 -198.081334116
-786.549673675 -739.280961061 -17.515218982 -199.142803254
-765.526170973 -760.592350254 -14.3286359965 -201.788033046
-746.049181879 -782.730916956 -11.4270651601 -203.451606072
-722.332846097 -802.419024599 -8.91852182024 -204.181119148
-700.195610612 -821.395053278 -5.93869696658 -205.616395011
-678.802988565 -841.926457006 -3.0146592483 -207.372557877
-654.463818849 -859.419665489 -0.539302254327 -207.710082066
-631.656815453 -878.200738331 3.40905362545 -209.506462839
-605.654362103 -894.289203818 5.49604735477 -209.989374999
-580.16587704 -909.850738531 8.29805249534 -210.142971427
-554.952898576 -925.643692633 11.7268010156 -211.714650177
-531.233409033 -942.386786826 14.7167088515 -212.843340943
-502.938473548 -955.812601096 17.5459666786 -212.583997023
-475.825554557 -969.666697438 21.413524659 -213.510603
-448.351365461 -981.251529139 23.6462717677 -213.53254199
-423.815423415 -994.914290599 26.5737361145 -214.923359267
-394.12405787 -1005.46741877 30.5923904027 -214.966331798
-365.071244466 -1015.01839024 32.8995936459 -214.760700391
-339.428213299 -1026.277702 35.9228155091 -215.298950723
-309.332348473 -1033.79788217 39.5149305194 -215.297843759
-281.353731963 -1043.37941077 42.6347964267 -215.699842367
-251.468453773 -1050.17106388 45.7445094174 -214.927184703
-223.710370629 -1057.36472932 49.6940974026 -215.647724264
-193.705230944 -1062.56669814 52.4303736427 -214.889352926
-163.160484209 -1066.4978867 55.0377323459 -214.522411057
-133.65550126 -1070.69086319 58.9897118685 -214.414320963
-105.433986525 -1075.15431823 62.0206420691 -214.601928039
-75.6343601468 -1077.47585821 65.1674243539 -213.871014497
-45.582355203 -1079.47034732 69.2678342329 -213.266848337
-14.9620162421 -1079.6279145 72.2491890726 -212.462759002
-0.0199797220197 -1079.30147769 73.2994566119 -211.644054359
-0.70847508086 -1110.16367653 73.4198927509 -213.884103507
-30.8449758505 -1109.90384075 69.8053745689 -214.739073259
-61.4038414682 -1108.97427822 65.9477698446 -215.208210986
-90.6181516342 -1106.5733207 63.4904930535 -215.385139108
-118.725445702 -1102.35751764 59.7078753723 -215.368213211
-149.908661593 -1099.19431264 55.6984958584 -215.733765114
-179.739041711 -1095.63743663 53.5381194513 -216.502550484
-208.790350181 -1090.36556405 50.0745394557 -216.515897367
-237.191862584 -1084.16493295 46.5176319776 -216.894498334
-267.100976083 -1077.28800311 43.9634793956 -216.909182882
-294.859910113 -1068.72055801 40.0334890299 -216.404526409
-324.23239412 -1060.52291067 36.5131283714 -216.289110103
-354.931192605 -1053.24473178 34.2644583344 -217.573468444
-382.75164392 -1043.13460518 30.978223619 -216.907238932
-409.051838741 -1031.84320967 27.4078970575 -215.884794834
-435.870917761 -1019.39856551 25.1079281257 -215.364600657
-465.629319603 -1009.10526691 21.7946587087 -215.890370578
-492.255414588 -996.208667747 18.3934418741 -214.985475175
-519.028326504 -982.690939124 16.2682477991 -214.822028736
-543.072713804 -967.680585944 12.6531223645 -213.431380224
-569.646582423 -952.783479532 9.08911626904 -212.733343551
-594.706185104 -936.76063264 7.07732596977 -212.18499311
-620.566782806 -919.712122009 3.27120544158 -211.087196
-644.428681288 -902.919891791 0.449924272521 -209.674190888
-668.415746735 -885.344375627 -1.88943209275 -209.075346541
-694.163370945 -868.180993773 -5.03629810203 -208.532034883
-716.618203594 -849.380373647 -7.92487053903 -207.000377241
-740.253506994 -829.405809953 -10.1747729844 -206.518854167
-759.784574254 -808.569782164 -13.5595718973 -204.33860838
-781.368000277 -787.295721723 -16.6930654232 -202.245088988
-803.050385469 -766.197498287 -18.7410611198 -201.479639059
-822.629312271 -743.913852923 -21.7135026903 -199.196319754
-842.528745473 -721.577773897 -24.7143092582 -197.14268184
-862.113879026 -698.40227302 -27.0748265187 -195.740599838
-879.994807827 -675.060767647 -29.9375127208 -193.64915883
-900.201980645 -651.855748279 -32.7588257021 -191.714137759
-917.414730418 -627.241781127 -34.8205162386 -189.731062738
-932.325085278 -601.348786866 -38.0063484816 -186.154357017
-947.70636521 -576.164961707 -40.6786310455 -183.227172444
-963.370199932 -550.539923525 -43.6301163046 -179.927862283
-979.118802717 -525.13015067 -45.631314493 -176.889253311
-991.356092731 -497.181023037 -48.9575994123 -172.336890892
-1005.61903067 -471.321309535 -51.0841384356 -168.249034787
-1017.13115306 -442.98476566 -54.307669031 -162.229714953
-1028.18306544 -415.494655542 -56.7581035856 -156.968797262
-1040.35692918 -388.049204281 -59.856476042 -150.792546047
-1049.93556121 -360.097443349 -62.2755746645 -143.704925726
-1059.72836471 -332.397939765 -64.3003998557 -135.67703957
-1067.29318477 -302.632477039 -67.3117758213 -126.60012806
-1076.03453378 -274.050874587 -69.4726055852 -117.430608078
-1082.93020509 -245.589847001 -71.2996996844 -107.342415467
-1088.85749791 -215.536933167 -73.8835320658 -95.7206989728
-1095.04999323 -186.748485456 -75.2873678618 -84.1041335637
-1097.93252677 -156.345112788 -77.2419736305 -70.5653275561
-1128.32808258 -156.778182194 -81.1733826165 -69.7169410214
-1123.87505759 -186.702851576 -79.2139557723 -82.4679274817
-1118.95748198 -215.835446165 -78.2293537795 -94.7547111871
-1113.10577809 -245.177256646 -76.3724845885 -105.27015381
-1106.91920825 -274.566433502 -73.8087998872 -116.096430214
-1098.95967476 -303.413917503 -71.6904987454 -125.124320348
-1090.60971795 -333.238492269 -68.5053475585 -134.626615401
-1081.34468159 -361.885654139 -66.1420212697 -142.499004584
-1070.45294359 -388.617187297 -63.9155483515 -149.027142658
-1059.97182389 -416.658699083 -61.3600523155 -155.382955519
-1049.69518822 -445.88006504 -58.132458377 -162.184823774
-1036.93058707 -471.573964651 -56.1416969498 -166.24528577
-1025.60287156 -500.098826423 -52.6585480921 -171.853565421
-1010.54872506 -525.48400791 -50.4181573344 -175.068755985
-996.907583773 -551.626645957 -47.8807883489 -179.251714186
-982.058327807 -578.253439075 -45.273750287 -182.317057767
-967.835522815 -604.831549147 -42.0889893417 -186.246092085
-949.900521158 -628.72034884 -40.0239928374 -187.985723289
-934.686383475 -655.013023528 -36.7795553276 -191.763301843
-915.511971976 -678.248439885 -34.3200418921 -193.054921369
-896.913618471 -702.171112069 -31.2920597291 -195.441713309
-878.677876546 -725.532793686 -29.0531594445 -196.926220529
-859.193720304 -748.264645368 -26.092195952 -199.187678765
-841.432438779 -772.056972376 -23.2534730489 -201.437747643
-817.6869542 -792.739363843 -20.6183431629 -202.434671623
-799.837645091 -814.988706178 -18.1795262929 -204.530477749
-777.6697441 -835.349600495 -15.2464610809 -205.998553017
-753.388661333 -854.801957805 -12.3884362013 -206.587919844
-732.119118972 -875.038904426 -9.7916179631 -208.655084696
-708.069149547 -893.143802812 -6.80087540263 -209.052728945
-683.991820171 -911.567380406 -3.9249235812 -210.097331723
-659.586068919 -928.945524406 -1.28425133875 -210.956478491
-636.773762664 -947.207045343 2.1099792973 -213.013921058
-610.842841112 -962.729340664 4.57731691659 -213.186639344
-584.564559121 -977.680763619 7.64088468449 -213.639911192
-560.878476115 -994.206542602 10.3560333388 -215.469217985
-534.23535466 -1008.20941643 13.760317844 -215.693186738
-506.720864651 -1021.4737036 16.3386573197 -216.014187065
-480.29985424 -1034.47956778 19.8349858186 -216.86118243
-451.150275609 -1046.49351695 22.8233547039 -217.02371991
-424.967205472 -1058.23523697 25.6780046755 -217.676666235
-396.397629504 -1068.91073187 28.747810802 -217.498905307
-367.472354993 -1077.95845578 31.2632172651 -217.295271055
-338.671203381 -1087.19791597 35.3071756292 -217.735330128
-312.563437726 -1097.5658621 38.293393694 -218.573242625
-282.222585783 -1104.53963583 41.2515254212 -218.493367114
-252.010378448 -1110.65815092 44.4465315962 -217.824304063
-224.41284125 -1118.54004135 47.2573442841 -218.268521111
-194.813656806 -1123.84927508 51.3912946772 -218.673978461
-164.660666274 -1128.10407939 53.7633489962 -218.009311145
-134.078651546 -1131.05545444 56.8283802833 -217.200811863
-104.859823378 -1135.03455792 61.2164644524 -217.303442262
-74.0037969148 -1136.22247457 63.5788088588 -216.543631559
-45.4674631803 -1139.25883721 67.4066983004 -216.479754603
-13.8957586336 -1138.76763729 70.3745865367 -215.318977801
-0.213909534338 -1139.60686056 72.1224051473 -215.200090428
0.259404968762 -1169.14416389 71.1992073351 -216.573152425
-31.000803088 -1170.21317774 68.3087704227 -217.847963203
-59.8553535188 -1168.31774654 64.7832795958 -218.438013759
-90.0655995784 -1166.71866999 61.9559651787 -218.690793927
-120.481834324 -1164.24901432 58.2117917384 -219.252003718
-148.957789311 -1159.84656394 55.4676120098 -218.883701259
-178.103516689 -1155.08180724 51.542007767 -219.010280232
-207.860830922 -1150.39226883 48.7274601342 -219.334327216
-237.700607746 -1144.48996278 45.0115607388 -219.36420945
-267.935063609 -1139.90946703 42.5481112573 -220.151463063
-297.328166123 -1132.6834615 39.2220723123 -220.246353013
-323.804107711 -1123.18543551 36.2568113262 -219.49192396
-352.327928145 -1114.60515411 33.0989442414 -219.139273632
-382.730881827 -1106.65855245 30.1361616424 -219.792858951
-409.625495583 -1095.9828576 26.9778864688 -218.899341937
-436.879413933 -1084.41156038 24.1459612332 -218.521509606
-464.202645125 -1072.82406984 20.7565563035 -217.782874732
-491.782535983 -1060.58484008 17.930378231 -217.38025718
-518.156185779 -1047.63449365 14.6467838434 -216.915644664
-546.495541434 -1035.33977997 12.2068314055 -216.941020943
-571.149137895 -1020.66451101 8.8765642353 -215.939078062
-597.869673991 -1005.8389401 6.08645237748 -215.226856453
-623.853080075 -989.950453291 3.0257772118 -214.193440876
-649.804558105 -974.246434604 0.338532939302 -214.205978548
-672.653028522 -957.040844539 -2.51065813464 -212.318610267
-696.909196571 -939.073101325 -5.50881563517 -211.744275436
-720.789622508 -921.08128122 -8.79509846882 -210.306139265
-744.842388397 -903.034690125 -11.1954067193 -209.638525689
-766.706406759 -883.16774215 -14.0453172891 -207.817787308
-789.945814367 -863.767171012 -16.562122106 -207.150228461
-810.539994317 -842.618505625 -19.4792954114 -205.135581591
-832.250142208 -821.658599461 -22.1909936582 -204.007278716
-854.683775372 -801.440550762 -24.701522418 -203.058557746
-873.168310518 -777.810261024 -27.2952010166 -200.765030425
-894.48905115 -756.553731649 -30.4377840178 -199.511862905
-911.531010065 -732.746991344 -32.9553829305 -197.207297664
-931.922880044 -710.234948706 -35.7262009311 -195.46199707
-947.583979726 -684.979115178 -38.0497170751 -193.256560727
-964.877436971 -660.763554358 -41.2182422566 -190.396767039
-983.993343262 -636.263399903 -43.4434646373 -188.723160965
-997.561453743 -610.06154912 -46.4816716534 -184.966714177
-1013.07032706 -584.653239425 -48.7337589772 -182.255367783
-1028.89988407 -559.47022021 -51.5205558336 -179.069441999
-1041.34187179 -531.586713926 -54.3527516378 -175.159923489
-1054.53304627 -505.858023498 -57.1915823778 -170.889816359
-1068.44707582 -479.404579187 -59.2876584821 -166.841094067
-1078.66736554 -450.462529576 -62.793889832 -160.760444646
-1091.09298262 -424.3960936 -64.6529189573 -156.247972057
-1100.04730024 -395.004211915 -67.9845802743 -148.648474466
-1109.85434924 -366.668451438 -70.5454230472 -141.966875422
-1120.03998606 -338.665717419 -73.2073334304 -134.201666461
-1128.4255352 -310.121096316 -75.6190650683 -126.13247545
-1135.42199141 -281.80284349 -76.9814432212 -116.24159821
-1141.78056581 -251.584545696 -80.0261551524 -106.605753841
-1149.34219424 -223.022965833 -81.7657820057 -95.7713551165
-1153.25804978 -193.795134783 -83.4859805167 -82.2940477081
-1181.40184902 -208.454648089 -86.9524016845 -85.6919482617
-1175.71049172 -238.130142505 -84.4192440194 -99.8754726089
-1170.66335499 -267.480379645 -82.7467338719 -110.375936505
-1163.07365126 -295.797022176 -80.9347132752 -120.438196924
-1155.23316595 -325.017390268 -78.5953216721 -128.49346074
-1147.05656702 -354.458405274 -75.0109925182 -137.725059001
-1138.10593334 -382.81708943 -72.9150689149 -144.442156499
-1127.99681307 -411.179238072 -69.9537677852 -151.83488522
-1117.70876781 -438.967012127 -67.6300464419 -157.274805301
-1105.65220647 -466.35234087 -65.1137607741 -162.717100444
-1094.20417764 -494.183189518 -62.2787363657 -167.694177345
-1081.91387946 -521.11501479 -59.5431849723 -172.588031774
-1068.77717446 -547.817440418 -57.2655918587 -176.033680964
-1053.05911841 -573.163072649 -54.2336667248 -179.614950877
-1038.49273942 -600.154122564 -51.914145583 -182.5446965
-1023.17895682 -625.187737543 -49.1747326652 -186.070057135
-1007.36246054 -651.326325454 -46.6610665155 -188.365731974
-990.955812976 -676.14342153 -43.7079902742 -191.233787878
-975.561562321 -701.092951715 -41.030144414 -193.629069343
-955.907701634 -724.568771485 -38.5988136622 -195.860895879
-939.447485782 -749.020190942 -36.1786804646 -197.9990922
-919.377404029 -770.91521101 -33.2197124073 -199.907709439
-899.649025335 -793.579231049 -30.8889808333 -200.925792581
-881.248372874 -817.074928355 -27.6295043412 -203.877658532
-858.516824951 -837.689965168 -25.1542404451 -204.252297303
-837.633328151 -858.982718077 -22.162315993 -206.254527608
-815.693217409 -879.617674261 -20.119854895 -207.303390561
-793.152642414 -899.789877724 -16.6525797395 -208.972584211
-770.752959585 -919.034695686 -14.3682622025 -209.714972434
-747.286363877 -938.286234101 -10.9829548152 -211.196052419
-723.82213423 -956.122004561 -9.1046817376 -212.009889876
-702.363655831 -975.132103744 -5.53528664033 -214.337702618
-675.604485934 -991.651430471 -2.86591432443 -213.866600279
-650.490890579 -1007.59043174 0.117951956455 -215.305406171
-627.701017107 -1024.83908378 2.61961868587 -216.567945775
-601.223843776 -1039.82010978 6.50338913441 -217.568775639
-573.485314033 -1053.98946689 8.60314734406 -217.395689881
-546.683217611 -1067.17916339 11.6569822654 -218.114917113
-522.532672651 -1081.80505812 14.6674462773 -219.017057545
-493.103701398 -1093.40518652 18.0800809722 -219.162445234
-468.040717023 -1106.46699308 20.3966968971 -220.598564975
-437.400528961 -1116.25424304 23.7970506996 -220.024379817
-411.895517978 -1128.25773793 26.633699743 -220.873393027
-384.476015898 -1138.1276262 30.073113666 -221.282528539
-354.107813719 -1146.75149352 32.64433367 -220.849550706
-324.527584536 -1153.83276322 35.8435646348 -220.912382616
-298.117210663 -1163.53445818 38.7181997944 -221.543579842
-269.23521404 -1170.51491696 42.6615215419 -221.606303471
-238.276485705 -1176.20817455 45.1107045574 -221.224884268
-209.004492157 -1181.96379826 48.7843754423 -221.202140155
-179.478266328 -1185.76003667 51.2577872894 -220.279456515
-148.270154901 -1189.3946975 54.8324249194 -220.290739725
-120.293963866 -1194.22925916 57.9574050182 -220.397203293
-89.3094105836 -1196.39563131 61.6631157979 -219.812353087
-59.1547437608 -1197.48593214 63.951706571 -219.070510809
-31.0549154393 -1199.87557377 68.23724922 -219.396086494
0.109825533028 -1200.00487103 70.8809137287 -218.490641328
-1.76250039286 -1200.33621173 71.038173725 -218.786878915
-0.772027624295 -1230.07294385 70.2264612218 -220.292509719
-31.2842671648 -1230.0717315 67.5236264228 -220.829942845
-59.9526714022 -1228.36060771 63.4247630335 -221.273401528
-90.262652337 -1226.74364785 60.7637633238 -221.594454087
-118.800847747 -1223.09377037 56.8381178925 -221.573198909
-149.52559901 -1220.79662587 54.5797190714 -222.176814168
-178.370710525 -1215.82726257 50.2202297016 -221.989817708
-210.30796897 -1212.54760821 48.2550432145 -223.157022238
-240.373318046 -1207.27270289 44.5250541259 -222.965233502
-268.741335538 -1201.05143303 42.0887341755 -223.216911608
-298.13623082 -1194.14378493 38.4842823552 -222.974264535
-326.669039967 -1186.52568717 35.9816687759 -223.150615661
-356.533697963 -1178.39163612 32.1864957994 -222.877614908
-382.573282587 -1168.03366051 29.6955829074 -221.944385899
-413.204139022 -1159.77724062 26.0343746747 -222.292703624
-439.283143594 -1148.74995237 23.6910651216 -221.747978607
-466.595335945 -1137.6340304 19.9313694599 -221.282091538
-496.903634727 -1126.71314885 17.6615108328 -221.697501822
-524.808294248 -1114.25879531 13.855216087 -220.861162493
-548.39955879 -1100.78923674 11.6613955391 -220.030836492
-574.955447671 -1086.24754619 8.09188932979 -218.668519259
-601.235763689 -1072.06076793 5.78424007468 -218.313977793
-626.734241949 -1057.18555193 2.05290583556 -217.40846221
-653.080537184 -1042.10118505 -0.112360805069 -216.807779759
-677.77000245 -1025.82441973 -3.55979970317 -215.919434148
-702.973701264 -1008.53116008 -5.85056040747 -215.274121351
-727.067126952 -991.413388306 -9.2129078149 -213.817647713
-750.549665685 -973.446044182 -11.535888245 -213.064300179
-777.066492009 -955.758839556 -14.6975550989 -212.436103117
-800.049678327 -936.249490301 -16.7827391665 -211.407942965
-822.207152017 -916.916324244 -20.1855198787 -209.990562776
-842.300501216 -895.962003673 -22.6801695591 -208.214677798
-865.101364285 -876.111444725 -25.5318260688 -206.993729784
-883.957568399 -854.427261372 -27.7018007683 -205.226911669
-907.682527745 -832.531036492 -30.9981781898 -204.035738755
-927.223973378 -810.265764331 -32.9886477413 -202.781642145
-944.266555675 -786.877231421 -36.2692149841 -199.877371374
-963.720013822 -763.457510994 -38.4557014087 -198.369578913
-984.100218071 -740.447435292 -41.4608826395 -196.298322774
-1000.20366142 -714.898385642 -43.8040498105 -193.813133603
-1016.95118875 -691.333026018 -47.0778151389 -191.381255424
-1033.41670919 -666.340658352 -49.1465243605 -189.42360822
-1050.49579123 -641.403780466 -52.002622635 -186.683343781
-1065.96768839 -615.480172945 -54.3220756708 -184.409791308
-1079.50468679 -587.834100646 -57.6003459893 -179.716333233
-1093.19573496 -561.610902554 -60.1854540213 -177.122522016
-1107.33756168 -535.54812203 -63.0532161387 -172.5402111
-1119.9709936 -508.446080186 -65.4013153036 -169.016288363
-1132.63666922 -481.513250148 -68.0199414593 -163.867742414
-1143.84130972 -454.079792685 -70.1380651081 -159.273859784
-1152.67722332 -424.94182834 -73.7657826041 -152.156600986
-1163.00840974 -396.605650514 -76.0674394944 -146.662094851
-1173.89748582 -368.647401588 -78.8745754859 -139.532734583
-1180.74727694 -339.596261905 -81.2634649145 -131.726480645
-1190.16927835 -311.218070477 -83.8419275231 -123.064161634
-1197.19935254 -282.110365544 -85.8464732652 -114.578410055
-1204.11330333 -253.440528029 -87.2493912369 -104.142042628
-1209.82175025 -223.668292972 -89.5080343316 -93.3049539599
-1214.50209498 -194.119550619 -91.2150830055 -81.4199108052
-1242.02495366 -209.405402956 -93.4997386638 -86.938469375
-1236.95768177 -239.020051681 -91.8255544729 -97.3043386911
-1230.4585051 -267.404094803 -90.7993751661 -107.506258559
-1222.95033719 -296.986484537 -88.6873509077 -116.779965746
-1215.65141268 -325.867346694 -86.2269437653 -126.081265474
-1207.63329393 -354.628473067 -83.863414942 -133.686886983
-1199.20708474 -382.990705533 -81.6902723897 -141.853433567
-1189.87707456 -411.290981622 -79.0844886508 -147.814997039
-1180.1457138 -440.766213914 -76.0842155335 -155.029103943
-1169.55118714 -468.529835668 -73.6047878353 -159.830128146
-1157.05904358 -495.270612439 -70.9713631343 -164.839452838
-1144.99154584 -522.783917723 -68.5339117309 -169.142603393
-1132.92537444 -549.480069088 -65.2869864707 -173.92278071
-1119.23009903 -577.554902063 -63.0123541637 -177.144876384
-1106.97381482 -604.23289053 -59.7028723684 -181.630700307
-1092.0847725 -630.451059812 -57.6200378422 -184.243933036
-1075.0891075 -656.092014391 -54.4812292345 -187.393247481
-1061.16629036 -681.305433501 -52.3807268995 -189.796535853
-1042.69275635 -705.75803847 -49.3493339772 -192.362684402
-1025.31193652 -731.524128532 -47.0321997014 -194.113157645
-1007.51974648 -755.546051304 -44.0895403147 -196.823472996
-991.686664052 -779.645548644 -41.5733959332 -198.855525766
-973.065398016 -803.021139578 -38.5625097911 -201.339796753
-951.046806424 -824.982345158 -36.4853448697 -202.016983038
-931.985050104 -847.040507172 -33.3600724632 -204.148178136
-910.38357004 -869.776156428 -31.2938421203 -205.428520454
-892.435681122 -891.887643439 -27.861246304 -207.974314301
-869.020442599 -912.094766203 -25.75539514 -208.495340975
-847.04027052 -932.208549276 -22.1924943707 -210.16219593
-824.005082203 -952.079755701 -20.5407220616 -210.860006807
-801.400850673 -971.369738185 -17.3428640106 -212.696318543
-780.285861373 -991.319839339 -14.5293858999 -214.125434501
-753.772659805 -1008.61922603 -11.9721403448 -215.00283449
-732.593418867 -1026.97639411 -9.1042261857 -216.120488529
-704.892810593 -1043.70309137 -5.94872754673 -216.953446191
-680.82145673 -1059.55165134 -4.07232570058 -217.503404718
-657.865876688 -1076.72723081 -0.00890736949008 -219.194254792
-629.860254606 -1091.0064669 2.12461554281 -219.173898468
-603.221382042 -1105.97023109 5.41628108743 -220.488582712
-576.522436905 -1119.28209155 7.85407695688 -220.002970283
-552.494223935 -1133.98240395 11.4309231641 -222.023105892
-522.714810378 -1146.1833298 13.9585040593 -221.570655802
-495.678943291 -1158.27726414 17.6708245917 -222.534500109
-468.306706391 -1169.05601413 19.4057890682 -222.170782136
-440.338989122 -1180.38368206 23.4271075131 -223.361574855
-411.954857734 -1189.62300668 25.3537239052 -222.809787202
-383.47049205 -1199.28656943 29.1772770392 -223.504142212
-356.636273522 -1209.41945727 31.7221875982 -224.424999688
-326.473759941 -1216.75233932 35.5661756039 -224.173529657
-296.996817139 -1223.4686056 37.6904219053 -223.766958548
-269.103510793 -1231.1676911 41.5570480413 -224.272344824
-238.849644897 -1236.29993394 43.6523384242 -223.861259761
-208.847877387 -1241.62040603 47.6085272512 -223.686548824
-180.829028272 -1247.5764501 50.2278908972 -223.982569298
-150.902465411 -1251.91693041 54.2785142795 -224.11614769
-119.295772946 -1253.94337076 56.5730535317 -222.951397943
-90.3666883502 -1256.73847299 60.6782877326 -223.029019184
-59.8468464027 -1257.65087696 62.644296983 -222.027692316
-30.3663800885 -1259.52077277 67.0305063696 -221.99009091
0.232134535491 -1259.26849077 69.106201959 -221.254333563
1.16380211429 -1258.70210125 69.8728477709 -221.142330908
-1.9363125628 -1280.92702554 68.8723125701 -222.8148584
-31.9896081248 -1280.63809757 66.6039701751 -223.293437007
-59.8528538397 -1278.63595134 62.4499674415 -223.509561513
-90.9070303868 -1277.48258522 60.5140867621 -224.046473717
-120.709282486 -1274.74862368 56.4662884102 -224.429907211
-149.469393662 -1271.12227232 53.8146904083 -224.605189833
-178.987197064 -1267.52825349 49.8638541713 -224.899217797
-208.566226571 -1262.82471134 47.6330933698 -224.877289753
-237.817538759 -1257.46090964 43.8380238802 -224.833091628
-266.725943868 -1250.8594535 41.1506044267 -224.859561339
-298.409442682 -1246.08255565 37.9895858778 -225.405264397
-324.470728933 -1236.5451155 35.0989266964 -224.6721134
-353.205181415 -1228.95507984 31.4303992503 -224.40162865
-384.526578831 -1222.00532456 29.6233027888 -225.072361281
-412.369986755 -1212.64008283 25.9543735968 -224.63014787
-438.926169941 -1201.3793696 23.2915744724 -223.904811263
-468.816793589 -1192.11452668 19.763146764 -224.149738314
-496.714171475 -1181.23751309 17.1913850596 -224.232337003
-523.934099064 -1169.08052576 13.9504765537 -223.397473687
-549.489606928 -1155.8431851 11.6011297827 -222.305431957
-576.37478885 -1142.86465709 7.99469728466 -221.771221414
-605.787699185 -1129.81395768 5.77338849612 -221.962638709
-628.969080626 -1114.77318491 1.87433463464 -220.458547639
-654.434445614 -1099.35791551 0.021597326753 -219.528576817
-679.811431486 -1083.61300522 -3.8288037208 -218.360530248
-704.9495337 -1067.49998082 -5.86192093143 -218.073522184
-731.972622826 -1052.11862611 -8.98857117999 -217.709413484
-756.217676882 -1034.76861108 -11.1983902706 -216.991642917
-780.62564714 -1016.68898992 -14.6060967552 -215.298059083
-801.49386989 -997.588446098 -16.9652591304 -214.153229511
-823.947582559 -978.41608539 -20.3009057866 -212.330973375
-847.069479604 -958.886532823 -22.4666601601 -211.626573469
-869.703563067 -938.486047913 -25.7070910848 -209.871584373
-894.14566985 -918.493066478 -27.620228546 -209.757592786
-914.381691609 -897.849209382 -31.0286395664 -207.818743642
-933.359213428 -875.581522118 -32.9789363078 -206.152945291
-952.717295245 -854.06385242 -36.043534629 -203.575018928
-972.53627389 -830.934015997 -38.5841592142 -202.854292416
-992.235629572 -808.084995513 -41.5627587192 -200.386556094
-1013.20499954 -785.154645413 -43.4184479097 -199.353657682
-1028.67237448 -760.22356672 -46.6548220159 -196.113680962
-1046.41646983 -736.916795895 -48.9663329071 -194.714368232
-1064.12113785 -712.628404089 -51.7604294993 -192.507749693
-1079.01084357 -687.364545663 -54.3398223267 -189.74488476
-1096.05367528 -662.257539503 -56.9742798546 -187.217858216
-1112.51780268 -635.753200826 -59.3643682908 -184.666574397
-1124.50401698 -609.027485008 -62.8988010233 -180.293117026
-1138.60626439 -582.129866851 -65.145865098 -177.460343727
-1152.30227484 -556.777715869 -67.8335147021 -173.385349584
-1164.31638129 -528.412595074 -70.5334158868 -169.85557359
-1177.37198114 -501.952730735 -73.3957964952 -164.889655088
-1188.78609883 -474.513645031 -75.8275719254 -160.664306444
-1200.11222764 -447.012763177 -77.9329482769 -154.548267952
-1209.82406676 -419.052654307 -80.4888110071 -149.427718722
-1218.07369649 -389.141397618 -83.6940275322 -141.411908662
-1228.48287689 -361.278232628 -86.2284442095 -135.205839574
-1236.20763844 -333.300181235 -88.0028464325 -127.253874294
-1242.33919745 -303.356021615 -90.7733825459 -118.395106395
-1250.3942833 -274.476669915 -92.8575927906 -109.009870605
-1256.6498984 -245.551872391 -94.400699186 -100.123684903
-1260.52873264 -215.477955245 -96.5648879713 -87.6904671132
-1100.8118286 142.310193192 -78.6681118187 68.9263766533
-1095.31232564 171.708147112 -76.6324158792 82.3617669005
-1091.58909217 200.152327976 -73.8893141953 92.2460080361
-1084.59126458 230.73345341 -72.8018096461 105.403922097
-1080.1016693 258.597540701 -69.9160060594 113.991485588
-1070.62363072 288.902487908 -68.1881080719 125.18479726
-1063.54462927 316.506091973 -65.4559053698 132.920387105
-1053.50572412 346.237458084 -63.4348169241 142.004031577
-1044.70995512 373.43104494 -60.5651280061 148.334283206
-1033.00046317 402.758176734 -58.280928006 155.785427274
-1024.70836488 430.142381535 -56.0196442821 160.173813375
-1010.87900044 456.661550197 -52.6237467244 166.66914832
-997.534217827 485.261870876 -50.4915730101 171.445738548
-986.403042497 511.215118963 -48.0278383792 174.947902389
-969.777641244 537.03459961 -44.5301595826 179.528904369
-957.796998884 563.505422206 -42.7184388383 181.512702534
-939.317454892 588.564435543 -39.3363114044 185.600200002
-923.373702316 615.613838395 -37.2276667408 189.236467383
-908.788827629 638.833983803 -34.7497369079 190.105929418
-888.425073033 662.83465966 -31.4792560962 193.344593612
-870.56956555 688.409109585 -29.1616292756 196.101142785
-852.248076247 711.621482428 -26.891558309 197.308077606
-834.766918534 732.66583258 -23.8340312531 198.308801102
-812.096762464 755.026329261 -20.5908104233 201.306410028
-793.677588668 776.316483086 -18.540687672 201.099858244
-773.089935664 797.414083654 -15.8299713506 203.189549989
-748.508020493 817.97748398 -12.4738108744 205.729654626
-725.545666876 839.495975739 -10.4867720564 206.810015533
-705.812054781 857.453235453 -7.35430440583 207.344635199
-682.054229899 875.844091062 -4.3058600866 208.490543091
-655.322520216 893.978120792 -1.58851560028 210.068956516
-632.537156125 912.974050581 0.981001528677 211.236178259
-607.987564968 929.71487224 4.38095127219 212.250874454
-581.564176984 944.316867667 7.16307472103 212.717583692
-556.322479013 960.872639779 10.1324952448 213.750138359
-530.916458289 975.947912849 13.0378198129 214.578781643
-505.099967415 988.153740596 16.018981051 213.953472609
-477.100818623 1001.33396684 19.6371641713 215.536043613
-449.128082978 1013.87036925 22.8304827691 216.156187882
-424.469482279 1026.10882064 24.9617545454 215.155595776
-396.891116848 1037.13596998 28.3937993951 215.897893819
-366.244903151 1046.89038041 32.1252803434 217.014047879
-336.303924963 1055.90701889 34.544303312 216.887187068
-309.160506663 1065.38940715 38.0886153576 217.234601453
-280.649045806 1073.49547975 41.0108501074 217.595224907
-253.944139666 1081.00967804 43.6485504445 216.403165264
-223.877972439 1087.46508427 47.1149086952 216.578834499
-193.182161298 1092.77375639 51.1669541885 217.107150931
-162.93550093 1097.46079024 53.9725524361 216.444386954
-133.171018984 1101.20933724 57.5728612218 216.255989283
-103.931668042 1105.72163523 60.7790323421 215.791118222
-74.5205921907 1108.23268894 63.667380535 215.578498969
-45.8914328651 1109.49930812 67.4950338738 214.395120871
-15.64702725 1110.24333126 70.8656792139 214.047105466
0.64941830586 1110.19104018 72.0005661841 213.869969642
-0.769736486312 1080.31024157 72.9284519667 212.031216557
-29.2818290465 1078.96876058 69.9578948508 213.054876202
-60.8576603576 1078.99616781 65.3598165073 213.308641997
-88.5716623413 1075.72657212 62.8307412401 214.110692728
-119.073550913 1073.77546571 59.6084613802 214.546926948
-150.647165495 1070.20428061 55.4945449075 214.201656207
-177.398650386 1064.6125431 52.7125155479 214.997385428
-207.29278047 1060.15427581 49.6081727444 215.635731868
-238.138823331 1053.47546676 45.7749123356 214.580348699
-265.906467864 1046.61771264 42.8791834992 215.573618141
-294.672380523 1039.79879208 39.8595825567 215.649975498
-322.390363044 1030.95899985 36.0089352843 215.549348319
-353.859924337 1020.89649668 33.179624515 214.455323812
-378.782543676 1010.44980565 30.7353036119 215.104657696
-406.58791518 999.29020535 26.9671703408 214.846689169
-434.77096795 988.921427052 23.8546780616 214.72591218
-464.704413549 975.619387655 20.9561357436 213.206131741
-488.695514418 962.355071845 17.6146704351 213.614351189
-515.961226746 949.857577613 14.652904409 212.795670517
-543.185067923 933.653290741 12.267427445 211.480556807
-567.481899529 919.989092799 8.4302372494 211.160083602
-595.157755113 902.00877758 6.01568235413 209.597829515
-616.044413482 885.46726178 3.50540824098 209.7751478
-643.185968812 867.954453839 -0.0567481282625 207.463093937
-664.028291318 849.78825139 -2.67361648969 207.994768641
-688.488700586 832.897091828 -5.78066977929 207.032727384
-709.540334701 811.613324781 -8.34478775489 205.102133689
-733.301116672 793.441542527 -11.3971446651 203.956477912
-757.567539275 771.020000395 -13.8171633467 201.647976331
-778.046528434 749.772254349 -16.9888524916 199.581018118
-795.794511394 728.29207368 -19.0711141239 199.301528727
-816.618301784 707.501074115 -22.2900553682 198.006050905
-834.421686804 683.012908055 -24.5187598741 195.227495352
-854.181317132 661.10801751 -27.5776561066 193.516501101
-874.049471765 635.51927153 -30.2520016278 190.755836855
-889.221836118 610.794269825 -32.7393682055 188.284243109
-906.0352138 587.801900967 -35.6662177968 186.403004273
-923.835133365 561.228954319 -38.1587305917 182.581158874
-939.123707917 535.65758645 -41.1679260885 178.810482098
-951.152800359 508.803165608 -42.915856142 175.997124303
-964.705613319 482.317811336 -45.5955250683 172.246640606
-977.836137082 455.413892168 -48.5740048264 166.846938116
-990.380099169 428.222072314 -51.1207055576 162.153666662
-1002.4036255 400.564448219 -53.5598153782 156.424471944
-1012.35071202 373.894297312 -56.8860630662 150.074015922
-1021.73876707 345.511235807 -59.5065914333 143.110312838
-1031.68359498 316.999731637 -61.8709152994 135.308235449
-1041.84299895 288.555570941 -64.8847625306 125.220148594
-1049.19407988 259.588949024 -66.8810409477 115.947839705
-1056.05802521 230.255536489 -69.0050378297 106.342399114
-1061.20198416 200.317672619 -70.3570409024 93.5894077014
-1065.50002189 170.427835362 -71.3607050899 82.0699697265
-1070.18564002 141.386855611 -73.4666047389 69.3658850326
-1041.01705111 149.477589351 -69.9262413371 73.4687161506
-1034.12679521 178.840978713 -67.5340845904 86.2686262959
-1027.77442749 208.547557291 -65.8319251479 99.2870462841
-1021.96451167 238.020774639 -63.9483577837 109.634895108
-1016.36628767 267.40227347 -61.9503178641 119.753336924
-1008.37914892 296.063714194 -59.4766974966 128.723488301
-998.553178964 323.776810623 -56.2880473499 137.78937987
-987.001891369 353.394442352 -54.3852525793 146.289571994
-979.422326517 381.427900529 -52.0804567661 152.552234539
-966.20272343 408.012706206 -48.6337643956 159.599830216
-956.572958139 436.394951879 -46.7439316756 163.69177694
-941.574018038 462.546776531 -43.5045064767 169.613629763
-927.44424829 490.829783512 -41.1089794818 174.842322765
-915.979206138 516.240008194 -38.7842743043 176.673326043
-898.108978807 541.559454325 -35.5415024638 181.472574252
-881.728216299 568.646570309 -33.0587361207 184.995299223
-865.654950525 593.791927609 -30.7319541044 187.362815861
-851.450091067 616.799216839 -28.0818207928 189.031973245
-829.966482992 640.686497784 -24.6656004101 192.682283672
-814.440032324 664.202149341 -22.5277255411 193.232535947
-791.588903331 687.19804379 -19.130652515 196.214519554
-771.941096862 709.662210534 -16.5806561331 198.308044624
-750.340983477 731.465708723 -14.1107248374 199.752293761
-730.439156578 752.722967312 -11.3475842293 201.535810705
-708.995126153 774.949244435 -8.29692444476 203.208860263
-688.803366006 793.123013877 -6.10222838344 202.863257764
-663.412831128 812.512909256 -2.87911253806 205.418358835
-639.922780567 831.136385002 0.580466575102 206.90197921
-616.499788704 850.668744684 2.6162123694 207.266484339
-593.861557015 866.336650537 5.87151867196 207.64349931
-568.380014354 882.871532137 9.03019150672 208.826119993
-544.488304103 898.695657002 11.3638512605 209.089653113
-514.640474578 913.822671385 15.0380548172 211.01968332
-488.705158866 928.313935812 18.4080489012 211.937905067
-465.457891425 942.223171287 20.7352347843 211.355007335
-437.424842773 954.822452822 24.3535410129 211.783954593
-410.282405774 967.037395899 27.424268804 212.341746951
-380.428452798 979.319078865 30.0428210792 213.268071035
-352.159889404 989.580104016 33.5973535932 213.722871672
-323.864979772 999.436875233 36.8815292897 213.998778456
-295.358902785 1007.20070105 39.8353196462 213.554775425
-265.989626065 1015.8145291 43.0302198293 214.056130007
-237.521183414 1023.27606119 46.4133771407 214.166073447
-207.674867254 1028.96663557 49.4727031896 213.782002653
-178.102467831 1034.29044528 53.1197917921 213.56292665
-149.172915967 1039.98947454 56.4048966375 213.440596471
-119.149096418 1043.59271278 59.3220803385 212.862110398
-89.7978699809 1046.7744174 62.7595312761 212.480065849
-59.5853539675 1048.75443064 66.5784591954 212.27059594
-29.1244996448 1048.58536159 69.6167241575 211.014003216
0.142162515447 1050.43543691 73.2686771158 210.871854094
-0.63176313701 1050.24147952 73.6133808352 210.220436799
0.655649675998 1019.99865509 74.0613986698 208.713745475
-30.2982928503 1019.45355546 70.5527764657 208.939790792
-59.3562427527 1017.88113721 67.6326911906 210.261721023
-88.9542271925 1015.65378651 63.7339699612 210.506577025
-119.066114805 1013.64922436 60.6382583451 211.110878956
-150.599905141 1009.31272925 56.8770220819 210.943348388
-178.048134052 1003.68996797 53.5682654197 211.578948866
-207.332003114 998.929449998 50.5044344416 211.984606281
-239.231819809 992.118047772 47.2819622038 211.882888032
-265.494373682 983.797753612 43.6652074152 211.68978968
-295.073336128 977.316947682 40.4835129392 212.038321571
-325.646409355 967.333636559 37.4379075043 211.489746771
-351.215722218 958.099274737 33.7643740333 211.745605758
-381.404397908 946.354675578 30.6509764676 210.824933558
-405.91254404 934.158923403 28.0109515163 211.354509904
-433.871749941 922.352940949 24.1936567126 210.760940001
-460.938673727 910.52732423 21.2669269461 210.289562761
-489.907255433 895.47738357 18.1361768571 208.994780615
-513.411907847 881.855773916 14.8312435634 208.782235644
-540.956459987 864.937853054 12.0573791174 207.436154997
-563.815616482 848.806359681 9.30211466947 207.577084261
-591.457232483 831.875182723 5.87385910725 205.248429269
-613.0191281 813.883217517 3.32843281949 205.21520719
-637.00625273 797.154686735 0.297408960956 204.769735989
-660.088561395 778.323549475 -2.89129391955 203.001227611
-684.216558516 756.774927348 -5.60623798152 200.865972946
-703.287769415 736.703181824 -7.97774711386 200.768350462
-725.06179504 715.515446508 -10.9949757311 198.468764362
-746.20414957 695.550142003 -14.0396870989 197.307212376
-768.317274519 671.875101153 -16.7128469419 194.904662255
-788.427432025 648.830357263 -19.5913825413 192.269875118
-804.183934172 625.471055199 -21.6204005619 191.183342851
-822.529670273 602.971186372 -24.4739615871 189.149453692
-839.915692867 577.026501248 -27.3162896786 185.984916369
-856.098018722 553.595567664 -30.3089308543 183.595063201
-874.56371241 527.118183 -32.8081760622 179.749087256
-887.448245519 500.524899293 -35.3162888208 175.906915516
-901.809372937 475.782392555 -38.2077250778 173.030023351
-915.65623781 448.940844326 -40.7963901856 168.367085419
-927.670164816 421.858269931 -43.4246772717 162.755026818
-940.006491071 394.367493885 -46.0042632397 157.233881975
-950.783354771 366.563974129 -48.3720010402 151.066488396
-960.568136294 338.268675623 -51.1414598867 143.311864463
-970.836429689 309.710830683 -53.5102489475 135.207290346
-979.196109506 281.117901268 -55.9641605521 126.649103114
-988.701033639 252.412572258 -58.9397076573 115.435252549
-996.161530282 223.042334432 -61.078071242 105.158292376
-1001.73534937 193.769468813 -62.864049055 94.2191709894
-1006.78667217 163.921964596 -64.0962117916 81.3049620213
-1011.28203089 134.54303585 -66.012296178 67.9023159943
-1014.60483454 105.022539718 -67.4578031191 54.571676047
-1042.33121045 120.026303399 -70.7143108459 60.5251305249
-983.735920547 118.654337954 -61.2759357796 60.8843889342
-985.59720358 89.7779675455 -63.4670509561 47.8143183897
-977.912139501 148.553678224 -60.0821405084 76.1186906637
-972.751092939 178.566720668 -58.9865798322 89.2707221676
-968.266238896 207.928174504 -57.2673135319 100.193063177
-961.168565034 236.497584108 -54.7183229013 111.958995451
-951.902014718 266.106488201 -52.6435892538 123.138317294
-944.708238278 293.933406568 -49.7229696702 131.09189667
-934.409538819 323.284071643 -47.6211065202 140.703896392
-927.211070818 351.574512944 -45.7303501391 147.776789289
-913.280261676 379.377411446 -42.6927486974 154.712323744
-903.951923117 406.635487992 -40.1117092959 160.274104252
-889.599063186 432.576842049 -36.8270333734 166.082124198
-875.233444097 459.396428695 -34.1432653245 170.323765086
-861.491906696 487.128145772 -32.1896784371 175.507973073
-848.241720943 512.160152426 -29.5526572201 178.495176335
-832.567473007 537.408670148 -26.9685450528 181.083656662
-813.506408403 561.741378552 -23.6056762966 185.089665416
-796.897817584 587.809418384 -21.3321622251 188.079507667
-780.546084071 610.428926174 -18.8998173508 189.3063153
-761.813118835 633.474137234 -16.1481050058 191.660397706
-739.615664546 655.966970655 -12.7654805042 194.57286679
-719.673691085 678.597609541 -10.3619862643 196.010215704
-699.124124579 701.290920675 -7.94875839557 198.166180381
-679.641586408 720.370337144 -4.99689013962 198.615991619
-656.321911185 740.700765503 -2.12194562668 200.55533311
-633.30056781 761.712907822 0.672528192407 202.164093963
-610.556604211 780.749657727 3.60551362444 203.661712326
-586.142030507 796.844671893 6.65013887614 204.141498355
-561.789677777 815.934441866 9.36693818921 205.482873149
-537.47172483 832.408128864 12.9544092866 206.68909062
-512.105905036 848.167214029 15.497145162 206.763149801
-487.880727627 862.097289149 18.7036703295 206.927739179
-461.457989612 876.486809205 21.8406690166 207.830393926
-435.124123041 890.018819572 24.7966230191 208.2061657
-408.132425068 902.642545501 27.8110887007 208.445411383
-377.751264511 913.946557684 31.6168812257 210.05733851
-349.861373476 924.976299748 34.6330901292 210.117113804
-322.118783396 935.7292442 37.683902964 210.34364631
-293.719721364 945.704366119 41.1294523178 210.504218558
-265.592559774 954.21077466 44.270913049 210.505141298
-236.533755488 962.242010371 47.5358893267 210.553746002
-207.43707653 968.661379899 50.928688292 210.384328138
-178.033056165 973.696222673 54.0501028353 209.982839123
-150.412123226 979.350518268 57.5936371116 209.233694847
-120.575939394 983.132512241 61.0942635337 209.118581613
-89.0882755764 985.400724519 64.4084164093 208.671949164
-59.4507038944 988.226798355 67.806712155 208.398981066
-29.4305092842 989.309422211 71.545085892 207.941683701
-0.177185706292 990.555885842 74.692412042 207.035679301
0.345322584604 989.854854576 74.6597508362 207.064923633
0.0724192254851 960.517423875 75.5503920862 205.618124702
-29.6876144373 959.555532017 71.7392226973 206.001538282
-59.5213845602 958.747838247 68.2263031132 206.74461401
-90.0660394914 956.037069577 64.7713238643 207.035327221
-118.700726998 952.838648001 61.4787114434 207.684078157
-149.600349184 948.899247516 57.5316230628 207.825199246
-177.344321619 942.935869465 54.8539744685 208.716636996
-207.133789032 937.863637561 51.4987879316 208.791687608
-238.143549151 930.966810762 47.1422546712 207.935457332
-264.141079416 922.294251542 44.6752147274 208.891604603
-293.760498804 914.750933442 41.2399125708 208.839815403
-323.342262762 904.20171433 38.1541890646 208.152492108
-349.352925976 894.751453434 34.131015434 208.404596448
-379.361560695 882.609651914 31.5262863132 207.315521801
-403.402252543 869.931166383 29.0432780119 207.865104897
-430.964344592 858.187762992 25.5381802525 207.59040427
-459.584293603 843.402461594 21.9491253216 205.566718769
-482.63029579 828.353179264 19.5530142984 205.888869288
-509.473615102 814.647473056 15.8616356279 205.378411898
-536.830413735 797.162769303 13.1800161484 203.898671922
-560.587435135 780.124639011 9.84418926902 201.936835371
-581.939258785 762.003946307 7.19178698969 202.035100988
-605.711521833 745.04935151 4.21918557422 201.185637915
-630.898932595 724.466716221 1.34949948691 199.164501151
-650.944640498 705.976553955 -2.11148263374 198.307555851
-674.850357072 683.783281971 -4.4850049133 195.857244935
-692.804663478 662.193569342 -6.80898057775 195.06142665
-714.58105103 642.115166716 -9.89322599202 193.854013721
-733.866362956 619.361442886 -12.9187627345 191.118646263
-755.048881008 594.87914737 -15.681091178 188.171344228
-770.35212277 570.820224185 -17.9607924352 186.782011727
-788.055386015 548.223562062 -20.8280398571 184.533628555
-806.433553544 522.357957388 -23.7499688585 179.87565179
-822.176302081 497.212134278 -26.3107859628 176.631547403
-835.349770688 470.790630223 -28.334153944 173.587710014
-849.451974813 445.799056146 -31.4745673442 169.649834183
-863.057961845 419.18086598 -34.393808719 164.407054672
-875.197436838 391.948537583 -36.5980172092 158.684934433
-886.918442603 364.367958881 -39.2033647411 152.906503391
-897.844024837 336.471030813 -42.0463668648 145.984526176
-908.930654553 307.332684339 -44.0153150494 136.27086487
-918.496929252 279.025987742 -46.5723206113 127.346234955
-927.120518696 250.435762697 -49.1108247573 118.367269616
-934.075212444 221.906960873 -51.7166193466 107.221510569
-940.623731056 192.787588552 -53.8701517862 95.3104124515
-946.100659964 163.429276391 -55.7736622206 83.3172417029
-950.775525508 134.044899984 -57.2036130764 68.9207930015
-954.943414836 104.032180872 -58.2280647979 54.9610353007
-956.305097279 74.5821677078 -59.3344467892 41.3830880344
-927.254114935 67.2858874184 -54.9659466896 37.12486075
-924.931026234 96.9338829804 -54.1925680534 51.949271336
-920.621291782 126.858335387 -52.8719418447 67.1779429642
-916.914661886 156.329769089 -51.4398466413 80.6592928911
-910.634937583 186.066495111 -49.7663322411 94.426663949
-905.225680341 215.471316964 -48.0774780657 105.937523157
-896.314516628 244.384660024 -45.2610563652 116.994298279
-890.15058438 273.517619153 -43.4939370308 126.740169999
-880.22721279 300.937256293 -40.0310839394 136.131088706
-867.782429657 330.296446747 -37.8924706139 144.726852449
-859.225945791 358.138554808 -35.5535674218 150.981640754
-845.477700262 384.503545442 -32.1846275685 158.062563778
-834.683967046 412.467038324 -30.48188875 162.828762138
-818.671968407 438.203270881 -26.7971324288 168.534920237
-804.42869814 465.8332542 -24.7345624917 173.983961674
-791.844953856 490.663674027 -22.3995568444 176.205500356
-772.515937973 515.316351069 -18.9986345441 180.448721392
-756.117376045 541.468401522 -16.8437614919 184.040594657
-740.3904899 564.454286701 -14.1118002301 185.887203199
-719.506117588 589.116826939 -11.3737470399 188.56184102
-702.581977649 610.897538235 -8.49632086806 189.803973762
-679.278181791 632.887232989 -5.34943912116 192.943475563
-660.028902377 656.13769382 -3.09929600453 195.053936514
-640.833116863 675.508798946 -0.637662682117 195.06248722
-618.122218621 695.890058895 2.58908873984 196.742085051
-593.558814228 715.370643211 5.88087629507 199.067594814
-570.174169805 735.484717167 8.4846547087 200.661685812
-547.929757665 752.24214698 11.0481061822 200.470193367
-523.516817814 769.324451843 14.4040706066 201.478432792
-495.810298109 785.585485445 17.9259713446 203.33897745
-470.616305706 801.323328665 21.1027775913 204.461036961
-444.489944738 816.169364489 23.6358869452 204.820339339
-417.309266127 829.755076637 27.0845513578 205.321669103
-391.744075446 844.691914528 30.2688584052 205.977090517
-364.515596421 856.691158807 33.5597742343 206.466679181
-336.304230734 867.613318881 36.1109975132 206.749998485
-310.416128961 877.832852961 39.6749957984 206.147750448
-281.717783945 887.054577416 43.1492510026 206.448364327
-252.825091093 895.715580272 46.5818440444 206.677999465
-223.496952945 902.944089848 49.3440916192 206.401253368
-192.702279778 909.533931393 53.0119927138 207.004228097
-162.722835359 914.574086972 57.0136427809 206.657016759
-133.37787927 919.351479743 60.6582445932 206.614223547
-104.818864895 924.088451853 63.5053967309 205.379432507
-75.3112523281 927.263797805 67.5198225991 205.156684137
-44.4203654363 928.525099257 71.0124712341 204.818959947
-14.501476919 929.551757021 74.7498268057 203.941492394
0.606978036211 930.118262554 75.9172270627 203.635531939
-0.1472051585 900.488839397 76.8121473288 201.962350224
-30.3457418201 899.643833974 73.2919913745 202.229389866
-58.8541663967 897.340948491 69.9384059252 203.457447216
-88.8630727469 894.759089149 65.8447688781 203.810098511
-118.923377209 892.429023187 62.3201156861 204.685816548
-150.059503635 887.741663478 58.9777462952 204.286511984
-177.825153105 881.909170262 55.8588799025 205.29350237
-206.751398964 876.369663363 51.7898020002 205.001425788
-237.431947867 868.459761553 48.5742403277 204.663110609
-264.212175572 859.601050308 45.8029032536 205.544785505
-293.381075994 851.274916031 42.4157563455 205.236822646
-320.659348668 839.843673587 38.4461068692 204.875337731
-349.531679381 830.484855089 35.249768748 204.727568738
-378.461848753 817.160125987 31.9660942675 203.421930325
-402.880915638 803.658974944 29.2652701043 203.727533467
-431.842533975 790.219706785 25.5582739084 202.074941477
-455.443714457 775.317514862 22.871941911 202.307414723
-481.365046133 761.032580105 19.3979365853 201.921128828
-507.801823338 743.609102069 16.7243157149 200.022127947
-530.801482616 727.468279715 13.0357427173 199.495645044
-556.890856542 707.927262863 10.2491426665 197.51522865
-576.937835153 688.843542467 7.74861124496 197.093930623
-600.199419697 670.75732759 4.6513405942 195.927650203
-621.854708879 648.914381241 1.90126496671 193.600555564
-643.866300852 629.419178722 -0.945908912164 192.534929221
-665.939740683 606.640933807 -4.14774832516 189.770170726
-683.023952861 583.777948971 -6.21090186597 188.641477141
-701.98964647 560.775737317 -9.23691957539 185.720291605
-720.913757101 538.470020623 -12.33237988 183.676007964
-740.524592495 513.110988746 -14.9406163635 179.766109817
-754.977582067 487.81765076 -17.1065090958 177.353875222
-770.654372309 462.323680253 -19.8823621518 173.207440389
-785.69865203 436.294589881 -22.4651657607 169.193542737
-799.672983411 411.245350321 -25.476806777 164.773438524
-812.842178588 384.20698707 -28.2300763876 159.266894563
-827.505714637 356.809529227 -30.9426764723 151.520580697
-838.390035532 329.352236851 -33.8541852504 145.011047829
-848.634415406 301.235301706 -36.59522529 137.07251944
-858.428150656 272.978679736 -39.2383620458 128.12789286
-865.797874709 243.833826921 -40.9414954828 118.008976571
-872.899667949 214.871016435 -43.4564499967 107.500884034
-879.91214351 185.671986511 -45.3696261226 94.9125689421
-885.233346321 156.192401544 -47.1300163481 82.4696629292
-890.21757134 126.604399433 -48.4951242247 67.2543813606
-894.147054922 97.0200887356 -49.8576089111 53.0867213114
-896.992276724 67.1342632115 -50.7167060158 37.9482026578
-866.96112476 67.0593979563 -46.4220813225 37.8240270889
-864.16450121 96.7333875186 -45.6715242673 53.3822405754
-860.750388046 126.459722956 -44.4556194678 68.5904288006
-855.198277763 155.841440886 -42.8536122296 82.4424042272
-850.40883937 185.468853897 -41.3181400644 95.5607311688
-843.450818133 213.99902709 -38.477777726 107.825492556
-835.691650903 243.504946156 -37.0086745359 118.501487263
-825.975761778 271.179909976 -33.7222446687 128.65901824
-815.099013203 300.201840794 -31.5363162145 138.712128778
-804.832195741 327.139852204 -28.5200321191 145.666637694
-792.53473884 355.751812326 -26.4294133582 153.502188748
-782.371612032 382.59355139 -23.8514503425 159.000144939
-768.490532275 408.788656876 -20.9842376332 164.333092722
-752.1181329 434.459564811 -17.720235227 169.317776282
-737.113831087 461.40819219 -15.9245480167 174.160711359
-723.10735297 485.837528331 -13.3285306126 177.140902373
-705.741457131 510.089986885 -10.410436554 179.651981384
-685.515011194 533.631258495 -7.31684309331 183.274751805
-666.816622068 558.371698498 -5.02320302177 186.207596218
-649.943663043 579.906796686 -2.26896596615 187.886459605
-629.743897789 601.818720477 0.394513063525 189.300310986
-605.225456285 622.488677524 3.73069727369 192.041756878
-584.283437714 642.922489432 6.79009474971 193.635568144
-562.514079812 664.36299481 9.16443237909 195.502900759
-539.642509879 683.2637227 12.1021561478 196.371341278
-517.45685694 700.348073702 14.9723043446 196.863584835
-493.127312472 717.554786593 18.2430193181 198.109102353
-466.155898348 733.311148394 21.7371576189 199.779200769
-439.724646323 749.055179391 24.8109689941 200.386994785
-414.258677035 763.377858674 28.0751009599 201.35797573
-388.450301879 779.15157066 30.9403417601 202.098036969
-361.597576757 791.943231559 34.155905936 202.7972867
-334.631724898 803.643622467 37.2740877871 202.554045968
-308.25241321 814.123747649 40.6946023416 202.307884409
-280.188551711 824.350812014 43.8440933276 202.811430179
-248.92295431 832.676500946 47.5675207818 203.473067397
-222.463240549 841.609626279 50.5545094097 202.984036463
-191.91272572 847.599430254 54.5347269368 203.233682725
-162.520000539 854.053464882 58.0951319633 203.065361917
-133.429009066 860.29615762 61.6753321217 202.808777115
-104.044354362 863.71526671 64.9033652808 202.417417993
-73.8725090182 867.152539099 68.3132549744 202.004131121
-44.5320265391 869.474521017 71.8694223026 201.300660131
-15.3733451614 870.6598769 75.6273756931 200.859297382
0.404180602472 869.778524578 77.644603002 199.94071792
0.929477060701 1139.595569 71.6716951065 215.225277851
-29.9474414449 1140.18959978 68.6344327658 216.001598626
-59.2341505344 1138.03596991 64.8954511395 216.651951498
-89.097858313 1136.77675799 61.7033768621 217.13503138
-120.971004448 1134.02825864 58.925988844 216.980771536
-148.305212847 1129.69925744 55.0806631786 217.937668227
-179.022659322 1127.05863071 51.8027910865 218.314119473
-209.764023889 1120.51943625 49.2102098366 217.80886749
-237.54042828 1115.57256794 45.3069415266 218.449382277
-268.4844186 1108.11492945 41.9353236266 217.725249034
-294.1589556 1099.80723943 39.8670729391 218.819553583
-324.72973341 1093.6494248 35.5726044176 218.624063974
-354.798778772 1083.61438733 33.0119177629 217.744799893
-380.39441175 1073.2269742 30.3059572419 218.368565908
-412.160757232 1063.53454967 25.9157311991 217.166071237
-436.722848148 1052.0877805 23.6786905539 217.812885143
-464.738084791 1041.64346705 21.167313785 217.388798734
-492.573054263 1029.17393524 16.8526707934 216.65838675
-521.162979896 1014.41788113 14.3049019526 215.533638601
-544.430445313 1000.46374027 12.1836112137 215.966219487
-573.749580667 985.701170774 8.25928641329 213.774701867
-596.535685133 970.173495579 6.06148009958 214.28014461
-622.688237007 955.62435598 2.73452596302 213.944673269
-647.53212551 939.159076785 -0.890680002893 212.422586966
-675.077316447 919.859989143 -3.43680120234 210.565181414
-694.918702234 901.942101202 -5.49717202852 210.62861449
-719.519643965 885.253095822 -9.35958212762 208.905848641
-744.124498963 864.149739236 -11.8352325503 207.149064256
-763.858640188 844.337110938 -14.3147521178 207.228078279
-788.291459061 824.020595929 -17.6171141778 204.417586601
-807.115968247 802.975809793 -19.8648519119 204.049554815
-828.842264657 783.247530974 -22.762545165 202.961386589
-851.310509965 759.334163906 -25.7346009223 199.526438363
-867.015863132 737.034527445 -27.7415965773 199.21520185
-888.024959635 715.286686154 -30.9437476794 197.683168947
-908.789771334 689.858180551 -33.693081809 193.719191961
-924.029878809 665.778098337 -35.8461169988 192.824316322
-941.487711945 643.078091557 -38.8297789045 191.057281806
-956.899719066 616.337688465 -41.4640587145 187.479824052
-973.897731334 592.233332829 -44.3765979098 185.341727189
-988.63052782 566.739718732 -46.5069082468 182.758370688
-1005.29188413 539.453484506 -49.6186695487 177.263983031
-1017.43799709 512.051966612 -51.6938253049 174.740620404
-1030.01543473 486.732674535 -54.4733754296 171.038936316
-1044.46596406 459.054107164 -57.5983989412 164.432550003
-1056.00597339 431.550635095 -60.03374673 159.612392421
-1067.67869232 403.662057507 -62.7947691789 153.981650872
-1075.32967989 375.468272638 -65.2679135456 147.452109545
-1084.04653247 347.093792185 -67.6671796415 140.792971003
-1092.86451136 318.309755419 -69.9481148297 133.275181285
-1100.80976202 289.427117048 -72.1265852551 123.723792866
-1108.39608795 259.966872485 -74.5275041917 114.381609286
-1116.88601992 230.545028384 -76.7771818014 103.315680068
-1121.6391673 201.671011646 -79.3031090802 92.7621472966
-1129.0316767 172.081584058 -80.8231564022 79.5289975348
-1153.66075645 193.895165963 -83.8497959394 88.4467791651
-1149.81393172 222.390428752 -81.3766951341 98.4416720011
-1140.89178943 252.004044948 -79.3310409729 110.508966255
-1136.54975813 281.510692325 -77.6821255815 118.964989133
-1127.91771633 309.354816298 -74.0469561225 128.404915753
-1119.8944542 338.022493196 -71.8018384953 136.025395222
-1109.1369202 367.893957275 -70.0261347329 144.894293647
-1099.36173279 396.009560835 -67.4881718513 151.245330205
-1092.09728178 423.87903781 -65.0262694556 156.766287122
-1077.93867581 452.026723414 -62.6092057251 162.768545798
-1069.35953994 478.73025864 -59.8095175304 167.309422458
-1053.65939391 505.052221873 -56.8006248747 171.879550485
-1040.3475783 533.596547325 -54.3898945045 176.847551318
-1029.87642003 558.702253283 -52.0399275566 179.077051878
-1012.01996615 584.381791082 -48.7329605674 183.236504916
-997.963134247 611.030926369 -46.7208874166 186.044925226
-981.036903589 635.469776204 -43.5707849513 189.120216641
-963.685349594 661.11125712 -41.0890672073 191.828259488
-947.599366805 686.266609008 -38.5168689358 194.061554199
-929.50838462 708.827507978 -35.8004701437 195.670369018
-911.273158306 733.918209764 -33.4134042369 198.365062694
-894.705559631 755.224006598 -30.6699422098 198.980924627
-871.7284479 778.141994267 -27.4107618066 201.862289702
-852.534993617 801.717423948 -25.0654261567 203.815911319
-831.422987763 821.79439973 -22.7469186083 204.643642688
-809.38667977 842.40077564 -19.6298583729 206.413785716
-788.475731731 863.206055064 -16.7692208077 208.159523347
-765.403334772 882.882753756 -14.273711983 208.744263271
-743.939456806 903.830099262 -11.8151138677 210.491783115
-720.575980375 922.596215344 -8.60295109924 211.821743052
-700.081352962 938.956341958 -6.36476808472 211.255650147
-672.150633955 956.57412599 -2.76812592657 213.52234643
-648.342103624 973.430061954 -0.136867726458 213.940850687
-624.911327947 989.580946511 2.4527568293 214.19460814
-596.719052116 1005.32485682 6.57431939106 216.30368243
-573.883683595 1020.33083486 8.32408406815 215.303656183
-547.508922936 1034.53911219 11.6748107322 216.215950946
-520.803158457 1048.05541237 14.9996190745 217.252646463
-491.521052342 1062.62501294 16.7595658631 218.28257499
-467.099807809 1073.41239718 20.3885923244 217.987575972
-438.4512127 1084.8169679 23.7019240656 218.69407451
-408.929378244 1095.56801514 26.4675742534 219.559354513
-380.322846767 1105.41519677 30.0623571824 219.950726385
-352.049506427 1115.06935697 33.4246862164 220.218113653
-323.968982423 1123.54098884 35.4594440365 219.793730339
-294.399837143 1131.6105846 38.8766196948 220.264365876
-266.156116678 1139.2044718 42.719250674 220.417031606
-236.169976516 1145.21797796 45.192252878 219.83199983
-207.73784019 1152.15309111 48.5899251816 219.961582709
-178.581237112 1157.33110183 52.1411554243 219.769467985
-150.381134207 1160.58184352 54.2347473378 218.459545239
-120.303965196 1164.09520016 58.104386544 218.052356412
-88.8216860768 1166.40623099 61.8010396725 218.56521697
-59.9012063043 1168.28321418 64.1967228066 217.296655485
-31.2720494158 1169.86349571 67.898504342 216.643944254
0.930102049951 1169.87735742 72.0612677511 216.655351695
-1.22911387149 1170.71944878 70.3696474625 216.161757498
0.864935103298 1199.80797494 70.7427587973 218.097188374
-29.1370086759 1200.01524316 67.2947521163 218.711434246
-61.047392821 1198.61257003 64.0342225055 218.931148101
-89.1392318044 1196.65350882 60.7003859444 219.653415705
-120.787968105 1194.71256393 57.693053843 219.615947741
-148.1320201 1190.62203682 54.2819776442 220.619092077
-179.635907076 1186.61267694 51.2553599464 220.250471423
-209.169747604 1181.50625928 47.8150355178 220.70839958
-236.844006696 1175.55171827 45.3323486519 221.387350293
-268.123361895 1170.17326782 41.2672489403 220.968417222
-294.931299729 1162.6433094 38.3996827203 221.348839676
-324.186156797 1155.51245136 35.2575779705 221.494245783
-352.890626003 1147.44862909 32.4328260429 221.482992436
-383.670489211 1137.22424779 29.2112197532 220.341413409
-408.655096878 1127.28820617 26.6171103803 220.932878045
-438.519333597 1118.27238697 23.162483759 220.671639714
-467.678731837 1105.43534861 19.9232966806 219.354656054
-494.140490919 1093.48580373 17.3013955036 219.013245073
-518.980589251 1080.90611262 14.4516626016 219.411971486
-547.588281448 1067.72170487 11.2219720047 218.07576089
-572.224994151 1053.63949214 8.6050144867 218.456261026
-599.339053517 1040.37411084 5.35623308559 217.540798216
-626.847600002 1023.53374475 2.60296760986 215.628039362
-649.294776579 1007.87566168 -0.284853467041 215.948158677
-675.641548548 992.603314205 -3.15808950178 215.083971965
-700.62666387 974.652924979 -6.2204679335 213.723004821
-726.842180473 955.877227875 -8.8515509262 212.204470202
-746.135672985 937.750323282 -11.953433654 212.033768529
-770.397998679 920.527517954 -14.6997945159 211.182366087
-794.328932839 900.148700582 -17.405547536 209.333213198
-817.066756108 879.096983482 -20.0934257351 207.625285943
-837.849641546 858.66925057 -22.8482482995 206.430598245
-857.473664542 837.524861486 -25.0564233777 205.73319682
-878.55280908 816.470056743 -28.3019589486 204.175953884
-898.863460624 795.271125043 -30.9272221613 202.501336358
-918.651021484 770.811888025 -33.5530301176 200.434782993
-937.687387452 749.302402195 -36.2762617019 198.901560999
-955.818196124 724.167342418 -38.7667073559 196.482622236
-973.186963914 701.708941882 -41.4685540466 195.079930163
-991.285936972 675.352291344 -43.8936425129 191.912117539
-1006.80115576 652.156284172 -46.9572310337 190.169058982
-1023.6089785 626.40030908 -49.5923223494 186.999595431
-1040.80376732 599.820543212 -51.886866871 183.320943032
-1053.72006796 573.442561432 -54.477536303 180.632555244
-1067.0618542 548.264714384 -57.4999946005 177.714337038
-1081.97104722 520.77992204 -60.0128629277 172.841821314
-1095.10421563 493.624307425 -62.5322752036 168.45624798
-1106.28861041 465.663135691 -64.949853008 163.80496074
-1116.98290875 437.388298507 -67.1725881784 158.809200135
-1125.9599762 411.029171607 -70.6448029526 153.284460071
-1135.66328015 382.944496708 -72.7000040915 147.261938631
-1145.86732378 353.236230288 -74.7905855398 138.942016174
-1155.95945836 324.192389253 -77.2303704748 130.733774574
-1160.89089909 296.487894568 -80.441361737 123.462240431
-1168.50780678 267.063526354 -82.4134738761 114.084635888
-1177.14154822 238.289383784 -84.8543504506 103.062889165
-1183.1240198 209.474598612 -87.3635058844 93.2375957046
-1207.02130361 223.315429345 -88.8415298161 97.4506331782
-1204.76643972 252.883274917 -87.5243767456 107.732259013
-1198.00916156 282.721410781 -85.8903390996 116.213450484
-1190.75907948 310.00418552 -82.531776669 126.166795406
-1180.45757473 340.362046887 -80.8160594596 134.291768447
-1175.07068167 369.237954704 -78.6965117138 141.306593899
-1162.46206292 397.737694803 -75.8707475582 148.937318004
-1155.30905717 425.786555977 -73.5326037613 154.36157882
-1144.88890991 453.641549305 -70.9387625214 159.614293147
-1130.89746027 480.486896068 -67.5977513161 165.882909678
-1118.75654072 507.777124111 -64.9532591274 169.920023395
-1105.74083759 536.445289641 -62.9708950143 175.235195506
-1095.29476221 562.317832381 -60.2016373494 177.254352801
-1078.5086303 588.262494705 -57.1358797568 182.264279672
-1064.5251781 615.874505849 -55.3206986812 184.873427494
-1051.44712971 640.343318271 -52.075855197 187.238500154
-1034.87548737 665.902260697 -50.0376461121 189.746836567
-1016.4794785 690.460101675 -46.6752616661 193.035465192
-998.594119628 715.161254199 -44.1663588436 194.754119273
-981.221276685 741.106410404 -41.5608093001 197.826149486
-962.885675146 763.074703589 -39.1367771556 199.093168512
-943.688083869 786.543224972 -36.1272386043 201.330246057
-925.014603525 810.934470661 -34.0493253014 202.709310765
-905.081682014 833.315355459 -31.4107233604 205.018232716
-886.461966435 852.888428959 -28.5995759039 205.024236781
-862.417856952 874.469156312 -25.280661693 207.802074701
-841.1825499 897.087121228 -23.5296793969 209.045820355
-822.058997574 915.374732835 -20.3519894814 209.685608023
-798.83352348 935.180827188 -17.8706045408 210.401608707
-776.340547355 953.999854533 -14.6054675063 211.800946022
-752.906586869 972.938190042 -12.0956363903 212.735689925
-726.266794764 991.348874236 -8.9542884521 215.145838092
-704.356122538 1008.57586997 -6.43372365494 215.115255468
-680.157271686 1025.37000331 -3.36251899022 215.900959028
-654.581745311 1041.53162037 -0.747860212972 217.057072147
-626.48608083 1057.36264753 2.52600411956 218.486587864
-600.483411105 1072.28536784 5.12139876446 219.080638348
-574.609637173 1086.49773813 8.50817737425 219.836079189
-548.993590199 1101.61893307 10.6051483194 220.39966316
-523.866568038 1113.36358777 14.0353616784 220.229504002
-493.142831965 1125.64976493 17.0229816167 221.261094539
-466.390935114 1137.46784778 20.438796508 221.800893411
-437.835365666 1148.32204428 22.9207821364 221.875476003
-410.744466085 1160.25350649 26.086531302 222.557783069
-381.483846316 1168.62163735 29.1716293289 222.623957998
-352.727765818 1177.07792039 32.4724928042 222.861197259
-326.118743405 1185.55505063 34.9046007416 222.073513211
-298.198478098 1193.76863881 37.9252463241 222.098757426
-269.629063279 1200.8764961 40.8247881399 222.012667236
-239.173674231 1206.62463568 44.5202940682 221.89935666
-207.580822089 1212.36857624 47.4521161328 222.695481017
-180.041996552 1216.75237169 50.8922524791 221.671993649
-149.234514887 1220.57670231 53.7857693864 222.070297152
-119.178665828 1224.77634783 57.3818707421 221.876182561
-89.184837104 1227.36552299 59.7263591218 221.277753106
-59.3324276566 1228.97641576 63.3527853682 220.713150546
-29.4111848685 1229.24825018 66.570873135 220.23274016
0.0905872911892 1230.51685069 70.326510181 219.405637901
0.893426988254 1229.52990985 69.6251372246 219.901678725
0.949008899643 1259.96300821 69.6683629612 221.459867675
-31.2956723533 1260.44417518 65.382592936 221.332482935
-58.598213764 1258.01240517 63.1775574045 222.421374365
-88.3340335477 1255.70619044 59.4409536705 222.793526591
-118.926366327 1254.96675729 56.7047189929 223.347754012
-151.142418068 1251.11825763 52.9469383812 222.590410349
-178.038816631 1246.50946919 50.4375683938 223.868371979
-207.377428039 1241.69520984 47.0097726994 224.032298275
-237.584578803 1237.77402335 44.0210594476 224.192862376
-266.079342168 1230.30778898 40.3521971548 224.483243018
-296.634478785 1225.33679381 37.6351085993 224.518974834
-326.282598944 1217.84923296 34.2124951968 224.402783699
-357.416415014 1208.89843799 31.6684269144 223.605154114
-383.446980524 1199.83953908 28.413265796 224.138871576
-411.007322537 1191.39831312 25.8418952305 223.993419726
-439.44663201 1179.96460305 22.1186843943 223.603005791
-467.881212348 1170.57780077 19.6710330248 223.390287909
-495.971134039 1159.26940404 15.9720403214 222.725273287
-524.828261317 1145.57880449 13.8973553475 221.527735678
-550.470044277 1134.6205309 10.116657954 221.675208398
-578.791020107 1119.42985701 7.80247405804 220.562065593
-603.247156742 1107.02991361 4.357757468 220.629538469
-632.193076148 1090.72952561 2.1480838707 219.230211677
-654.467347041 1075.71932177 -1.07586370371 219.297376308
-680.472156737 1061.01256033 -3.56987273819 218.613895574
-703.838705795 1043.49689591 -6.27984003486 217.2522817
-729.906861032 1027.57490634 -9.48055712513 216.945120274
-754.538665394 1009.89298729 -12.8414875177 215.617892314
-780.735943769 989.829506263 -14.6321579742 213.584818307
-804.231322204 970.82786281 -18.1057636944 212.32816772
-823.742279473 951.990397016 -20.3946084252 212.604653278
-848.904171196 931.449460757 -23.461900794 209.684333831
-867.282400767 911.712593268 -25.4785512626 209.843058114
-893.231127016 889.862254487 -28.9839782622 207.270655192
-909.569497074 869.242061508 -30.9124425761 207.106236656
-931.130358949 848.922802241 -34.3684965528 205.093663742
-953.394958044 824.347751021 -36.5139942603 202.794545037
-972.44281805 801.519052999 -39.5399588037 200.688748489
-987.935179774 778.62626275 -41.3535089915 200.080577334
-1006.8893573 756.458635802 -44.6665332507 197.770340549
-1027.61570147 730.440847248 -47.0636728222 195.330430254
-1042.73373925 707.443222465 -50.3239849544 193.507397177
-1061.92915359 680.669859474 -52.3296663218 190.330208163
-1077.1708371 655.379742142 -55.0091773734 187.23761766
-1089.77755991 629.508477657 -57.1459648049 185.759018037
-1107.5509242 603.666202121 -60.7026109239 181.395710642
-1118.51329431 576.829081099 -62.6615766318 179.522677896
-1134.56438723 550.626189738 -65.7249961531 174.345869581
-1147.70300299 523.422997999 -68.2750359525 171.059291363
-1159.57765028 496.172709165 -70.952716115 165.741003215
-1170.74223641 468.7107106 -73.7768399715 161.594543893
-1180.03695495 439.575455513 -75.7077975735 155.952539292
-1189.96576506 411.422512682 -77.9012629358 150.511919973
-1198.99112141 383.968667576 -81.208807279 143.807324851
-1207.21876604 355.382722976 -83.6656210334 137.200842606
-1217.12978636 325.258920522 -85.4897697673 127.726576982
-1226.01675624 296.216748224 -87.8956911954 120.300470422
-1229.81366521 267.802448 -90.0715982054 111.0078981
-1235.03389111 238.293536326 -91.2298215216 102.219862783
-1241.51061309 208.753812255 -93.7517625221 90.8522324774
-1258.17781229 231.023638954 -95.6461339927 98.1089972866
-1253.80601043 259.68148278 -93.0488404846 107.573106791
-1246.73344671 289.382136272 -91.8779493115 117.515267239
-1239.6828672 317.051786696 -88.5345984688 125.044486898
-1230.66400906 347.372062094 -87.1334615606 134.591365064
-1222.93256845 374.956636898 -84.0426394754 140.819685845
-1212.5718872 404.7868556 -82.1546335042 148.662982891
-1204.62284239 431.385239727 -79.2129869625 153.250629872
-1192.92493126 461.093907159 -76.6068011477 160.246866483
-1183.86562165 488.541276819 -74.8290172426 163.907230364
-1170.84231382 514.794163292 -71.3604694067 169.383391671
-1158.52384782 543.645345764 -69.4291992123 173.618224729
-1147.47676299 569.72641913 -66.3167831711 176.91976591
-1134.45259025 596.034457238 -64.1899780527 179.817395931
-1117.27114013 621.932036119 -60.6009181478 183.998398856
-1104.81441554 648.362843816 -58.7763212034 185.961291248
-1086.7447961 673.670190498 -55.5342254494 189.837794816
-1070.87641021 698.914140931 -53.1382069702 191.64733694
-1054.44996112 725.377612203 -50.8865052472 195.23436471
-1039.41512487 748.134885869 -48.4131075319 195.695644567
-1018.22386671 772.545447885 -45.3086511113 199.277849336
-1000.57999377 796.080154943 -42.9316541708 200.38769711
-982.661129032 820.936710314 -40.4315282831 203.071153665
-962.550915174 843.714027822 -38.2409491047 204.206467701
-942.868069736 865.762843376 -35.0755780216 206.363283779
-922.798520695 887.52724956 -32.6364765943 207.282498258
-901.592871871 908.870771721 -29.9496512577 209.203193732
-878.327659531 928.529829969 -27.1550312895 210.307756704
-857.804656605 950.171359502 -24.1978265264 212.125060255
-834.974725411 968.41589977 -21.776006109 212.776799511
-812.946144621 989.059740667 -18.8657235923 214.573645956
-789.321864688 1006.28777319 -16.2631415037 214.924299016
-764.828755334 1024.55192561 -13.0641082018 216.293288166
-743.835904668 1041.99397931 -10.8919458617 216.181602392
-716.545680664 1059.35880771 -7.39699965041 218.562975505
-695.001495299 1075.44446844 -5.65923565745 217.918802234
-669.246741381 1091.47738697 -2.40551291451 219.462010285
-640.759299153 1107.28531847 0.165890226822 220.631993438
-615.990477883 1123.21366679 3.68978046997 221.624653249
-587.845875668 1135.97209083 6.06321781232 222.093265047
-561.613456622 1149.54989479 9.53259235042 222.923351009
-535.790402295 1163.17516167 11.7800991675 223.143603005
-508.535351808 1175.36832298 15.3715452673 223.861763983
-479.176932251 1185.51828798 17.70923177 223.863952729
-452.561805327 1198.06013576 21.0518234595 224.67071035
-425.660435896 1208.36597982 23.4872627765 224.480028576
-396.469966411 1217.73173243 26.971640203 224.945545405
-367.765548354 1225.71424585 29.5351615845 225.199981586
-338.826410546 1233.7357515 33.2320322292 225.374258869
-311.080900566 1241.21110885 35.6548193689 224.465151594
-280.848814193 1248.05871006 39.5540875152 225.485814019
-253.519192684 1254.44801166 41.7793207093 224.147757509
-222.609289111 1259.79284352 45.6669884441 225.285809611
-193.612754353 1266.34445261 47.9576577229 225.029010363
-163.353526786 1269.96979274 51.7755207141 225.021090432
-133.027935853 1272.1724539 54.3416234804 224.156584943
-103.340611388 1275.27792111 58.1228554893 224.05985737
-74.7107926889 1278.58694268 60.4517318491 223.96425843
-46.0270751912 1279.56854543 64.0959090051 222.381197511
-14.613192449 1280.45273399 66.7518855834 222.659546321
1.12328896056 1280.32217055 69.2018169725 222.349663959
-868.377346345 37.2156864376 -46.9439142855 22.3920966402
-1216.42313388 194.523886382 -92.4807907169 85.680907407
