op_index,sample_count,id,id_median,id_std,id_count,iq,iq_median,iq_std,iq_count,ud,ud_median,ud_std,ud_count,uq,uq_median,uq_std,uq_count,iexc,iexc_median,iexc_std,iexc_count,id_req,iq_req,iexc_req,rpm_req,rpm_meas,rpm_meas_median,rpm_meas_std,rpm_meas_count,omega_e,rotor_temp_ref,rotor_temp_meas,stator_temp_ref,rs_used,pole_pairs,phase_selector,torque,torque_median,torque_std,torque_count,phase_current_rms,phase_voltage_rms,psi_d,psi_q,kt,torque_map
1,3,0.034961779907467266,0.037254713543365015,0.024004672151625387,3,0.036239305724786369,0.037557636278135409,0.017849330459917316,3,0.12256402274576302,0.089414332964387194,0.068372915875682186,3,19.561473087661344,19.572328771502697,0.0275313556091994,3,,,,0,0,0,0,1000,1002.8621098718058,1000.3934174237186,4.3167822626255754,3,419.40253356635964,70,,70,0.01,4,1,-1.4100000063578289,-1.2999999523162842,0.72131827694039319,3,0.14459684719274532,0,0.046640420906062685,-0.00029140120806483175,12,0.020404852526983874
2,3,-0.031703506046867232,-0.044738982051981895,0.062469535822297938,3,-15.097780474073,-15.086721789315138,0.024852018598872035,3,4.8233597378893895,4.8336238777421778,0.029455594098084355,3,20.052501593240621,20.071134458562106,0.032883283466031733,3,,,,0,0,-15,0,1000,1000.8626831141255,1001.8203200843233,5.8405211219903155,3,420.03841435482201,70,,70,0.01,4,1,-8.8933334350585938,-8.8000001907348633,0.40808503668469553,3,10.619676422622019,0,0.048099123098095317,-0.011483894348946666,12,-8.7186489749326856
3,3,-11.735600359441348,-11.763474143721977,0.067069097670196046,3,-9.3055305610796868,-9.2515321321575534,0.1276144268093776,3,3.2283812937121721,3.2335923167140321,0.015866329304532755,3,18.243008697273741,18.229951865363851,0.030209409430420203,3,,,,0,-11.727472237020448,-9.3523470278810006,0,1000,998.41927328725058,1000.5215544545273,6.1348610400304997,3,418.87960270367057,70,,70,0.01,4,1,-7.1133332252502441,-7.0799999237060547,0.18230018040713544,3,9.9155100906533669,0,0.043774067499429144,-0.007987348335205216,12,-6.0129270107078456
4,3,-15.063830196362886,-15.074037575566152,0.039928228255939488,3,-0.089487453574292886,-0.076563644618152377,0.057179278953086617,3,0.6028822917446538,0.58721800733111107,0.05199892587592319,3,17.591940269908747,17.616692352130926,0.061918912647050198,3,,,,0,-15,0,0,1000,1000.8884295843746,1000.7368517600393,2.1905214223772731,3,420.08760194928965,70,,70,0.01,4,1,-0.33333333333333331,-0.87999999523162842,1.1517957086468154,3,10.932366185198594,0,0.041878967774364804,-0.0017937225240921132,12,-0.36921568448115372
5,3,-14.563944126458809,-14.568524581399084,0.045928839717238559,3,3.3984129522274178,3.4725036083268583,0.14606049003883328,3,-0.47784791625721906,-0.47938291526975113,0.034509754445701944,3,17.522494054422637,17.54174370669282,0.050634359411413123,3,,,,0,-14.623918682727355,3.3378140093447102,0,1000,1004.3008447052758,1006.3609457578428,7.7304001079080589,3,419.46831300028924,70,,70,0.01,4,1,1.8133333226044972,2.6099998950958252,1.4321429122231282,3,10.169305948889752,0,0.041692088252893382,0.00079197513780356011,12,1.8386545725666843
6,3,-6.4967770942493068,-6.4991509935451139,0.055084433314694148,3,13.358411976033452,13.376568308766942,0.14532115897785272,3,-3.5796358096691461,-3.6096156662329149,0.061912584721601577,3,18.482391291320692,18.469079005805753,0.06576780876758051,3,,,,0,-6.5082560867633745,13.514533018536286,0,1000,995.69851301220012,995.8215395000085,0.79394235431472782,3,416.5379842434881,70,,70,0.01,4,1,6.6233334541320801,6.6700000762939453,1.220669242680817,3,10.727061447959832,0,0.044050741746602694,0.0084378092075083049,12,7.7191982602315203
7,3,-0.042824380998964851,-0.040213752780916108,0.0085042230080272976,3,14.955819065277701,14.951656513952043,0.078445847548138922,3,-4.3751031201168038,-4.3697579435832523,0.024914783319267483,3,19.333859125388042,19.333613194219822,0.044046370971863875,3,,,,0,0,15,0,1000,991.65645184819493,991.3579802134127,5.1738925845882466,3,415.60590250793575,70,,70,0.01,4,1,7.0033334096272783,7.0100002288818359,0.18009240145315256,3,10.866576193669815,0,0.046159837526294399,0.010526017195396503,12,8.2897073795598253
8,3,-0.042776519561122717,-0.023036541243145327,0.046219986173692072,3,29.909894522002261,29.939960958354128,0.10421805404839218,3,-8.6780026846793223,-8.6949996114513102,0.06512425745882687,3,19.777514364328326,19.807112420729997,0.05998519212390533,3,,,,0,0,30,0,1000,992.96251969729985,996.56606870189489,7.1658473320874503,3,417.0727275975471,70,,70,0.01,4,1,16.793333689371746,16.790000915527344,0.7450064301699626,3,21.284737452491978,0,0.046702683081939443,0.020805903491865587,12,16.773147948156179
9,3,-14.016133047553142,-14.019704039044258,0.089721978183753992,3,26.727971938709299,26.726962233122311,0.010697129139904069,3,-7.4120925520698338,-7.3705142049190231,0.082995543301721167,3,17.853020208655106,17.852034248267373,0.029959614856376299,3,,,,0,-13.941695161313056,26.563680769596299,0,1000,998.5860674659549,999.14375987229073,2.4656072188769218,3,419.58931251362037,70,,70,0.01,4,1,15.603333155314127,15.460000038146973,0.29263153639863149,3,21.489704168750293,0,0.041911793186336602,0.017331068749178988,12,16.357581571562104
10,3,-24.791737630317485,-24.830216736568701,0.12308649327747093,3,16.951548162065134,16.969870156942019,0.074218404739115007,3,-4.6005177533789592,-4.60261465004427,0.01924921906376454,3,16.440054850958589,16.428563556581086,0.020391401941154855,3,,,,0,-24.689515976809691,17.041942401934669,0,1000,994.97457418738611,994.65370120473472,5.3084815106818874,3,417.18303771289766,70,,70,0.01,4,1,10.649999936421713,10.550000190734863,0.50744454066732836,3,20.455888907517409,0,0.039000960965568321,0.01043331100165969,12,11.037438925719666
11,3,-29.822009614414508,-29.825993475954082,0.0096506180271071305,3,3.618887327871203,3.5793006881428822,0.10246516514203863,3,-0.7803500533579858,-0.7876946066104199,0.015867721002409092,3,15.768685318905236,15.766715302635941,0.023964750663591404,3,,,,0,-29.781266222941621,3.6161004076596828,0,1000,993.80815781694355,994.34477134228496,8.3301620008289223,3,417.51718153997444,70,,70,0.01,4,1,1.2566666901111603,0.5899999737739563,1.4224392887667818,3,21.057563708862247,0,0.037681075513104949,0.0011547547706553007,12,2.0496080945724815
12,3,-30.022002702008439,-30.000490674651985,0.10184617264000942,3,-0.09204016017350386,-0.024760961444153601,0.13858673534473079,3,0.35093889774260517,0.35585514721067324,0.021692403487464401,3,15.781058527316974,15.763775726573762,0.03731662357679897,3,,,,0,-30,0,0,1000,1004.1444917836507,1002.6888718506278,2.9677171740916455,3,420.29905228389089,70,,70,0.01,4,1,-0.87333335975805915,-1.1000000238418579,0.70776646754491412,3,21.358817867941195,0,0.037549404033056864,-0.0015492752629926571,12,-0.59962079152011061
13,3,-28.034484645369321,-28.052881444433513,0.068083177375358392,3,-10.667570756931967,-10.673759131134105,0.073233401254426872,3,3.3563426486233969,3.3458776370175469,0.04181837871318337,3,16.069977164174031,16.058790578517019,0.024038973119116548,3,,,,0,-28.050487280562439,-10.638146611276085,0,1000,993.77462440074976,994.27920081159823,1.3355880118122148,3,417.5144900047963,70,,70,0.01,4,1,-8.2899999618530273,-8.119999885559082,0.65184377739988009,3,20.201842149384408,0,0.038745129232658528,-0.0087103264249231514,12,-7.890071039898249
14,3,-19.843634725774901,-19.827089986052009,0.064086066150890533,3,-22.512354447802007,-22.537873669924579,0.12687788588786375,3,6.8207641503906702,6.8248073576242279,0.04238919542911318,3,17.253631792006527,17.250708929324421,0.010000905688915566,3,,,,0,-19.893679747223835,-22.455322445133049,0,1000,1000.8877871894844,1001.1807971895838,5.2015738828488036,3,418.86066130492082,70,,70,0.01,4,1,-15.670000394185385,-15.630000114440918,0.60099956285220713,3,20.221084762276831,0,0.041729283628668144,-0.016757841320740801,12,-15.263530870352596
15,3,-7.2355337471059871,-7.23190491448673,0.079695473793259045,3,-29.135420461254309,-29.148670502569832,0.090270876973654809,3,8.8659327241490598,8.8663623469784287,0.0066957344457334624,3,18.948310589790911,18.943124167857746,0.05340233865070422,3,,,,0,-7.1794699286267152,-29.128254522781564,0,1000,1002.7393757364507,1004.3927346295326,3.903356636153883,3,421.15350923848337,70,,70,0.01,4,1,-18.59666633605957,-18.459999084472656,0.35529351077765803,3,20.893948020176197,0,0.045683258888646126,-0.021223349362046281,12,-17.814758595560932
16,3,0.063867602084320518,0.084548975187970138,0.070723546150795277,3,-30.111979306859723,-30.118647861929094,0.044150440815045149,3,9.2154328931156471,9.2006864662648322,0.031484029772652279,3,19.954539495667678,19.958613565345644,0.0071750673484057377,3,,,,0,0,-30,0,1000,994.00049691003505,994.78483019221642,5.3778022790321387,3,417.12335883693214,70,,70,0.01,4,1,-18.166666666666668,-18.409999847412109,0.55644644753743722,3,20.913352678632037,0,0.048560357169196343,-0.022091292712037216,12,-17.530050627841163
17,3,0.19703818309130064,0.19133913758203469,0.071268359202845147,3,-44.800243011996166,-44.801504929057245,0.035734559903832779,3,13.413434298928115,13.426442203771563,0.032214727827645326,3,19.831739581672181,19.826836061261044,0.014553165751440351,3,,,,0,0,-45,0,1000,999.83574503052625,1001.676476589945,3.3035925896446496,3,418.87969829471075,70,,70,0.01,4,1,-26.963333765665691,-27.120000839233398,0.64933328856234251,3,32.048088767108709,0,0.048414239444767616,-0.032017459837982674,12,-25.951932363034615
18,3,-14.659320474719607,-14.651301407219055,0.016607659132115843,3,-42.400990775238348,-42.403545860784241,0.10409425059321861,3,12.586843850984474,12.576442283202438,0.049149004980409423,3,17.894542855124225,17.89915159527898,0.010104819973656929,3,,,,0,-14.611476114210754,-42.561775876528557,0,1000,1001.1702018195705,1001.7197777588248,4.3790530912864023,3,419.23442830921704,70,,70,0.01,4,1,-28.263333002726238,-28.309999465942383,0.17473793243533342,3,31.839086561556353,0,0.043695249068059112,-0.030373070997737332,12,-27.575645210565121
19,3,-27.610001087559038,-27.608064293179318,0.12034637754176122,3,-35.518919339463146,-35.465053466080626,0.097538135530142317,3,10.324338037785022,10.303047476292592,0.068244328955126388,3,16.150881100350375,16.149487411894228,0.037015090333392543,3,,,,0,-27.639572071035051,-35.511322922837714,0,1000,998.95574576446745,998.14927403870433,5.6860997713976298,3,418.55111012724069,70,,70,0.01,4,1,-25.976667404174805,-25.870000839233398,0.49863121919225295,3,31.674898114028398,0,0.03943621195683155,-0.02532650802297012,12,-25.199958547283398
20,3,-37.724613002392481,-37.666983940738191,0.11450694194613391,3,-24.657494054123191,-24.592688214312709,0.11326505461170835,3,7.1059325504197597,7.0995449838879487,0.063461067642667263,3,14.816186747750004,14.812934989000912,0.023094254631542636,3,,,,0,-37.672491521813782,-24.612667115509211,0,1000,1001.5064715452337,998.98234658253864,8.8804767148011887,3,421.29789545615631,70,,70,0.01,4,1,-19.656667073567707,-19.579999923706055,0.341516345815841,3,31.087977924671165,0,0.035753232690569632,-0.017762202852547704,12,-18.619888213989089
21,3,-43.532579000178593,-43.52801063921148,0.03962207811105152,3,-11.038211136006472,-11.043589881921232,0.062795934732616132,3,3.1860401721233251,3.2037606245634533,0.042862155799113393,3,14.13000258114522,14.133821856908733,0.010441188884365505,3,,,,0,-43.623011967269868,-11.046846921335964,0,1000,999.74320656853968,999.80587343342859,5.623514116593193,3,418.72018666141412,70,,70,0.01,4,1,-10.166666348775228,-10.149999618530273,0.23544298179088161,3,30.292807277677209,0,0.034009310145871607,-0.0086486538683491349,12,-9.0228018449900009
22,3,-44.907776826192595,-44.882388793625566,0.059708681316465173,3,-0.047015913668340126,-0.056223272096520747,0.021896841885186796,3,0.062698733915241681,0.054393339804380519,0.025988364428041304,3,14.00954290594064,14.017286303677775,0.015266402777520496,3,,,,0,-45,0,0,1000,1003.1920572191938,1003.0321714383979,0.66419071705318089,3,420.31308110574452,70,,70,0.01,4,1,-1.25,-1.3799999952316284,0.30643109179555061,3,32.018054854892917,0,0.033332327007811142,-0.001217607838496971,12,-0.67496653058410638
23,3,-44.810617773406356,-44.784185989636157,0.069166784518837676,3,3.757400165431052,3.7452715722293894,0.03575878334789212,3,-0.90621418980735413,-0.9036831274871765,0.03299732539789875,3,13.994346438632059,13.986418062219274,0.025340928219931773,3,,,,0,-44.846302185300146,3.716070546254949,0,1000,997.33332434931378,999.65182852641215,5.6803027721872592,3,419.23851152488788,70,,70,0.01,4,1,1.3566666543483734,0.69999998807907104,1.4695010253431733,3,31.403131847399891,0,0.033290768985447111,0.0010927145276015398,12,2.0886234471005616
24,3,-41.176920869844196,-41.186203047383827,0.033677271788807271,3,18.041850264065904,18.040235790404918,0.039389817748799016,3,-5.0141546299112756,-5.0047897169524722,0.046773189194039569,3,14.472942220768656,14.459682742976467,0.056391506323514362,3,,,,0,-41.209799699477585,18.076294109383618,0,1000,999.47754350703508,999.60665959371011,1.0022241545056421,3,418.71733525776989,70,,70,0.01,4,1,12.413333574930826,12.260000228881836,0.38371008898427938,3,31.03787866798201,0,0.034134062563541255,0.010991628561018431,12,12.821316781961331
25,3,-33.168656659134079,-33.128213239657185,0.072273290674859006,3,30.577159023181789,30.574101495780337,0.10755630340429523,3,-8.3223833847019737,-8.3105838090198976,0.026085591242725487,3,15.647318522811011,15.659664788125498,0.033101994012294939,3,,,,0,-33.107575980290925,30.477670723158344,0,1000,1001.4945886208816,1000.1458170512891,5.0257038198589647,3,419.18872982094535,70,,70,0.01,4,1,20.589999516805012,20.5,0.43208806613180378,3,32.534789585828143,0,0.036598185593234502,0.019062289249817916,12,21.016068817302781
26,3,-21.445004577405811,-21.433366270964914,0.042624130522716103,3,39.425431994274248,39.39265383531027,0.057605056190233102,3,-11.08271653249202,-11.065950318897997,0.035190580421923433,3,17.321344904495053,17.307136266473968,0.024915078728589196,3,,,,0,-21.417632686668316,39.576318804292001,0,1000,996.79892736706097,994.31964583032209,5.3155067975997898,3,417.6422197856246,70,,70,0.01,4,1,25.246666590372723,24.860000610351562,0.7223111341607128,3,32.204381336678821,0,0.040530123111693475,0.026022911410385267,12,25.871748801273263
27,3,-7.4187670579947067,-7.4198909667074009,0.039084097344513756,3,44.417490382985072,44.390765559960954,0.054455290189775463,3,-12.65390450294997,-12.643986144890642,0.01841612376676403,3,19.224011001201763,19.222122735947295,0.0081863693329051884,3,,,,0,-7.4067565626330376,44.386258653122503,0,1000,997.62179546922118,997.40775467470485,1.2929778760937816,3,418.01746150581153,70,,70,0.01,4,1,25.923332850138348,25.930000305175781,0.29005744102205772,3,31.943706184978339,0,0.044925960819248753,0.030093759210570999,12,26.625084265415456
28,3,0.012452240324201851,-0.002747415046413283,0.081290054783488844,3,44.961626332504174,44.948758128869038,0.072552682662725743,3,-12.871963803817309,-12.886791557178743,0.033315252054777096,3,20.328931751579656,20.341246787042049,0.025226127283220257,3,,,,0,0,45,0,1000,1000.2990884658142,999.99774813280101,1.1520847982144169,3,418.42522721590484,70,,70,0.01,4,1,25.166666666666668,24.940000534057617,0.50013316911516048,3,32.163676246898099,0,0.04750983974012879,0.030763174610355489,12,25.628839092833335
29,3,-0.11075513400654007,-0.13997708981301454,0.096580844734866417,3,60.129926334943974,60.086782755968848,0.10330129231410459,3,-17.144332613153097,-17.144765236146384,0.0042411136899754443,3,20.700390382714158,20.705646137328625,0.02347135865085798,3,,,,0,0,60,0,1000,1005.862975532215,1006.3707750913966,4.5102017362103481,3,421.36092628831824,70,,70,0.01,4,1,34.090000152587891,33.860000610351562,0.43347435715478766,3,42.224437795803084,0,0.047700415167617652,0.040685369696768454,12,34.472742764975578
30,3,-14.439764379650905,-14.542907555559342,0.21908338413633985,3,58.19809757710658,58.175618902072308,0.066190601090516638,3,-16.500230108512753,-16.521597181033723,0.060659397299478918,3,18.771930100259876,18.764410777656103,0.026702992578150488,3,,,,0,-14.358939857253459,58.256509045563121,0,1000,995.22270750716825,995.37644728555495,4.3540207909252242,3,417.82507866694033,70,,70,0.01,4,1,36.620000203450523,36.5,0.57939596885103317,3,42.632676820920601,0,0.043534842816336808,0.039145166960535466,12,37.186704212896728
31,3,-27.8050717540272,-27.784565760335671,0.081293207859977595,3,53.163472137559211,53.172485678111698,0.03904064462556802,3,-14.884824199950453,-14.873286902066495,0.03324383705434928,3,16.890940988924491,16.876520477493617,0.045119386453738058,3,,,,0,-27.883390322626113,53.127361539192599,0,1000,1000.0874369951139,1001.0622568085146,2.8903870733982786,3,419.0822413170502,70,,70,0.01,4,1,35.769999186197914,35.779998779296875,0.12529961650623098,3,42.649559869720441,0,0.039036028384635171,0.034854193383392858,12,36.532969864098014
32,3,-39.983862493024574,-39.947927701588256,0.11985940200029173,3,44.880142904886299,44.866191040665093,0.065204450360928909,3,-12.4434194902593,-12.475615813478445,0.078426544378542254,3,15.17922106552694,15.182568155580903,0.04634077250502408,3,,,,0,-39.78735949444772,44.910644890266063,0,1000,995.4155003273014,995.77286988584274,4.3435486153023151,3,417.51770537855276,70,,70,0.01,4,1,32.286666870117188,32.069999694824219,0.38396990146962484,3,42.20968723859756,0,0.035280946045443455,0.028845676986103966,12,32.841305789636039
33,3,-49.275253773251016,-49.260932985687845,0.029064133095711677,3,34.314390439888903,34.269360488902265,0.084221136757215806,3,-9.5591529295443305,-9.5698461241467019,0.02368378340349515,3,13.741433426032728,13.743226558016712,0.067439437633698474,3,,,,0,-49.379031953619382,34.083884803869338,0,1000,1001.8639181762611,1002.3895397821771,4.9341176408369867,3,419.33605989721781,70,,70,0.01,4,1,25.12999979654948,25.219999313354492,0.35369495192722372,3,42.765774487816053,0,0.031951198103301333,0.021620846044182459,12,25.941102748300807
34,3,-56.159868354714867,-56.108035586626563,0.1235453271360912,3,21.381662438733056,21.395936496188838,0.10273317862389873,3,-6.0960603285101582,-6.0893929915921294,0.072722018578273401,3,12.693496253721236,12.694522248579791,0.046669561236831067,3,,,,0,-56.100974561124893,21.276293222552141,0,1000,1002.3820238325667,1009.1648245337276,12.119486138547741,3,420.31021464113331,70,,70,0.01,4,1,15.956666628519693,15.850000381469727,0.41052812630652719,3,44.078313810432284,0,0.029691592530029821,0.013167563985301689,12,16.492131224547997
35,3,-59.503143068620908,-59.53381430100751,0.069360086689697467,3,7.0916719054046142,7.0444079978638072,0.13610035596261175,3,-2.0966407769400655,-2.1017910946370337,0.068498019321855286,3,12.225390254312787,12.226448737204226,0.024952042894266835,3,,,,0,-59.562532445883242,7.2322008153193655,0,1000,999.3304744984498,996.88985761300478,7.8016631897643727,3,420.53874164578866,70,,70,0.01,4,1,4.7466666698455811,5.630000114440918,1.5734780433580779,3,41.572273094973234,0,0.028902149389832456,0.0035706801717655585,12,5.00917504735843
36,3,-59.718915829003116,-59.686031993319098,0.058644873152703031,3,-0.25444812792331045,-0.26785872242873793,0.034779204438552869,3,-0.18459871052327612,-0.18028449713847089,0.078909893776086454,3,12.184617637214222,12.175347111777384,0.019082572482479812,3,,,,0,-60,0,0,1000,993.92106287558602,994.47203023704458,2.9083369394984739,3,416.25084915750494,70,,70,0.01,4,1,-2.2266666491826377,-2.2100000381469727,0.58517801294741478,3,42.254988342476587,0,0.029278407823456382,-0.00099120626084449174,12,-0.79972319183768148
37,3,-59.405165949929376,-59.266563196180314,0.24116594683241191,3,-7.1564949018971626,-7.1568526474859295,0.18833901095547184,3,1.7605120312589539,1.7735517515491785,0.049093982332830764,3,12.184713758247151,12.164510336401385,0.049160369593069762,3,,,,0,-59.562532445883242,-7.2322008153193655,0,1000,1001.2669692237965,1001.0788171628824,1.6757126649197245,3,419.83114226083552,70,,70,0.01,4,1,-7.1866666475931806,-7.6500000953674316,0.82863337766892675,3,40.973319254687802,0,0.029193352930572881,-0.0056083588227368525,12,-6.5050508158603533
38,3,-55.945118519604797,-55.894328877373191,0.14682699002925367,3,-21.294502222918037,-21.313488024959888,0.062512415363258508,3,5.6341743469584378,5.5977410521789546,0.069199811235123906,3,12.612577792922389,12.624479685248586,0.025379457277932446,3,,,,0,-56.100974561124893,-21.276293222552141,0,1000,1002.4927001628379,1004.351999402935,4.8101025877465959,3,420.06496488853855,70,,70,0.01,4,1,-18.773333231608074,-18.840000152587891,0.15143707560116174,3,41.646363410086316,0,0.030532236409086713,-0.014744446811454327,12,-17.70058320548133
39,3,-49.325626217334296,-49.372351193356636,0.098109313340775259,3,-34.059886501049213,-34.035440799141327,0.069748512004070937,3,9.4875781146524716,9.4739322996243818,0.03667438723521739,3,13.355850584722026,13.381000107861643,0.062350096663290583,3,,,,0,-49.379031953619382,-34.083884803869338,0,1000,998.38539959204138,998.6219355640344,1.53599208542447,3,418.79988946029772,70,,70,0.01,4,1,-28.393333435058594,-28.420000076293945,0.41065069001231702,3,42.350367744878497,0,0.032704042657181603,-0.023831989042996153,12,-27.473085174954143
40,3,-39.603283769243554,-39.591142298390956,0.05590905761351421,3,-44.93004002178845,-44.92725727881372,0.079648471025649301,3,12.69366219682918,12.689923978392311,0.0082176278546431183,3,14.627020237781439,14.627782199010737,0.016184354081205696,3,,,,0,-39.78735949444772,-44.910644890266063,0,1000,1001.3166101809264,1003.6300903777721,5.1628779334190993,3,419.74544841735224,70,,70,0.01,4,1,-35.27333196004232,-35.279998779296875,0.4000412849739311,3,41.651012010975485,0,0.035917770388802311,-0.031184840916980126,12,-34.185707582354127
41,3,-27.853437411601181,-27.77793964189711,0.14171037649577006,3,-53.059327599359506,-53.045686449231034,0.13525860267357506,3,15.24593990048661,15.24281016622486,0.017432671391405693,3,16.118956529901137,16.116939823273583,0.03615718786470673,3,,,,0,-27.883390322626099,-53.127361539192599,0,1000,1000.3874418420596,1000.8998329891674,4.4673466780185933,3,420.34046380664262,70,,70,0.01,4,1,-38.776667277018227,-38.900001525878906,0.68339774124505337,3,41.816561645175973,0,0.039609676534861409,-0.036933094982128364,12,-37.5645174344317
42,3,-14.256835095602939,-14.213990279300278,0.11559266602305318,3,-58.415295721990624,-58.347191817746143,0.12348229635757288,3,16.993297308759022,16.99788463433481,0.032585892151390225,3,17.935706385440611,17.95019598930919,0.035411444530352332,3,,,,0,-14.358939857253487,-58.256509045563114,0,1000,1000.1819682848451,1001.0897092967826,2.6838975750463372,3,418.54656379932356,70,,70,0.01,4,1,-38.530000050862633,-38.130001068115234,0.80802148567625498,3,42.169076458892846,0,0.044248026251960948,-0.040941360273431891,12,-38.021469127568288
43,3,0.052818421945494333,0.075311205336077783,0.13113777762116494,3,-59.887907464081785,-59.958943663779081,0.12630584963286942,3,17.735595171164455,17.732976193978381,0.038941666995575809,3,19.707778548234746,19.714002408332846,0.019591274706633788,3,,,,0,0,-60,0,1000,997.18969717622701,995.70393724839607,2.9063577401344864,3,417.28054369711731,70,,70,0.01,4,1,-35.816665649414062,-35.840000152587891,0.29569142580097008,3,42.619489073427083,0,0.048664280972599408,-0.042501543038196338,12,-34.945885095114996
44,3,0.016096306998676636,0.024018535076047585,0.10863302853281094,3,-59.92759254341933,-59.957644668731568,0.072559323072707779,3,17.73355952714369,17.73743777831497,0.014799888729731743,3,19.743895035414152,19.748779298240279,0.012340073703147105,3,,,,0,0,-60,0,1000,1001.3299097143228,1001.1780753954173,5.6547217221172446,3,420.24542777152283,70,,70,0.01,4,1,-35.413333892822266,-35.330001831054688,0.17097773904636093,3,42.657644401438773,0,0.048407834128556967,-0.042197719218767846,12,-34.80342878546881
45,3,-0.026410286190225032,-0.026710584385630561,0.074846757821531343,3,-74.903893354913421,-74.879139488512408,0.14570537501483791,3,21.735209940856723,21.742976240108096,0.037950795380628934,3,19.605619951213971,19.611248923954264,0.017621897829352098,3,,,,0,0,-75,0,1000,998.48218677746956,999.35690644632177,2.8423012692574927,3,419.46036341275453,70,,70,0.01,4,1,-44.813334147135414,-44.729999542236328,0.23629148089126673,3,53.318207289060943,0,0.048525821889716554,-0.051817706604928085,12,-43.633698098976112
46,3,-14.591993353372219,-14.57544606891217,0.055996601844025794,3,-73.6382994057182,-73.625798860120582,0.047230233489381136,3,21.062910957071505,21.061125620195831,0.014283866324860461,3,17.807262396256657,17.805235539870722,0.01605514426694275,3,,,,0,-14.631774151209621,-73.558896030242281,0,1000,994.86393038851645,993.83895240047457,2.3037219462537597,3,416.67552550269994,70,,70,0.01,4,1,-48.930000305175781,-48.900001525878906,0.31606815704531682,3,53.62096828137161,0,0.04450380273221418,-0.050900111939662748,12,-48.239021344767217
47,3,-28.75458320137183,-28.805222682679425,0.14235435897801901,3,-69.15080936389306,-69.176343290157959,0.15319531230069869,3,19.66980782921598,19.670266692634026,0.13274430247767036,3,15.909537268191192,15.908277835844386,0.03388399698217863,3,,,,0,-28.701257427381734,-69.290964938346505,0,1000,996.73391992824418,995.5575512033156,4.1058407515663884,3,418.63952682382813,70,,70,0.01,4,1,-50.363333384195961,-50.319999694824219,0.41669237245867474,3,53.452284064973981,0,0.039654749009918923,-0.047671928670099402,12,-49.355333141666001
48,3,-41.617434870580233,-41.656851764942466,0.10132888371490308,3,-62.427033241302944,-62.461076613878717,0.088916176340615841,3,17.43460888417383,17.429618849422734,0.036031088069894857,3,14.370904883469576,14.363287321394122,0.044614483639257387,3,,,,0,-41.667767476470161,-62.360220922690893,0,1000,999.34879341712474,998.8094239225876,3.0644786886974411,3,418.8593253101879,70,,70,0.01,4,1,-48.753334045410156,-48.950000762939453,0.36692315881278748,3,53.27608904053028,0,0.035800027144621577,-0.042617609670407036,12,-48.102300952737764
49,3,-53.036942748461605,-53.058280903104837,0.070965174081831742,3,-52.940979831763578,-52.920383296411899,0.080476180927955082,3,14.677806714001727,14.693967914395587,0.028776377992530806,3,12.833725508580509,12.820181195348086,0.032507467415104123,3,,,,0,-53.033008588991066,-53.033008588991066,0,1000,1000.4294262319113,998.87974551002219,3.2524741737530642,3,419.08112123101495,70,,70,0.01,4,1,-44.123334248860679,-44.150001525878906,0.41064976881233989,3,53.454862178571574,0,0.031886750869724402,-0.036289337245289474,12,-43.353496038630993
50,3,-62.187902022078568,-62.235033267888859,0.12752684585346077,3,-41.650211779353235,-41.638863454941941,0.035987588970457771,3,11.288055286620979,11.3135559122146,0.055185060491132358,3,11.766726158969277,11.747035579810779,0.068172011834290086,3,,,,0,-62.360220922690893,-41.667767476470161,0,1000,1002.747598776643,1002.1040937130507,2.3835601385643361,3,419.81462612741217,70,,70,0.01,4,1,-36.800001780192055,-36.990001678466797,0.40951186919100224,3,51.919735205111493,0,0.029020495043603472,-0.028369507791343944,12,-35.675399225405371
51,3,-69.287703033327318,-69.341355941128981,0.13104241999593827,3,-28.66391749564546,-28.654190539886173,0.03246239127714149,3,7.6172918711729247,7.6222997635983942,0.025555005375871565,3,10.872292880346459,10.875299066956867,0.069367279493522838,3,,,,0,-69.290964938346505,-28.701257427381734,0,1000,1003.9575795468669,1004.3112634795222,3.0846261669648607,3,420.9796389872742,70,,70,0.01,4,1,-26.686666488647461,-27.049999237060547,0.79033675408380655,3,52.501055788661937,0,0.026507058826282657,-0.019740073228951119,12,-25.530485747909843
52,3,-73.286550681835493,-73.302857757280449,0.090536771070698407,3,-14.682962202176464,-14.693121848715604,0.026731445170704356,3,3.5894850216513281,3.5927724377573909,0.047445412232429131,3,10.515726345017599,10.509182113044917,0.025428419833017881,3,,,,0,-73.558896030242281,-14.631774151209621,0,1000,997.50815934654304,996.94120280311824,5.1100957783288692,3,419.73289450901069,70,,70,0.01,4,1,-15.013333320617676,-15.180000305175781,0.53966044228741039,3,51.660445902615571,0,0.025403193570311091,-0.010297859865202661,12,-13.532265119196774
53,3,-75.046766489153853,-75.08692662588409,0.073545383350080845,3,0.095441122375621856,0.090890238201492363,0.1510014147429049,3,-0.34808551369340779,-0.36012906997337901,0.042030333530255891,3,10.321295852816155,10.304968599714751,0.034762459979410396,3,,,,0,-75,0,0,1000,997.68443411601686,994.47912351068533,10.297323597677945,3,419.18846163405766,70,,70,0.01,4,1,-2.3133333921432495,-2.1500000953674316,0.54372176885579127,3,52.899331435543807,0,0.024619812771950366,-0.00095990750706636012,12,-0.83625854364434782
54,3,-74.982759724031098,-74.95957503686094,0.13647139678148612,3,-0.05344109908915929,-0.080984205257353434,0.07276108944196244,3,-0.39591757775615105,-0.35215258539406358,0.10211453366957675,3,10.355461316062195,10.360227235790672,0.042315089809889884,3,,,,0,-75,0,0,1000,1000.2799045304135,1005.3252566242722,10.239112783578413,3,420.46472948888658,70,,70,0.01,4,1,-1.650000015894572,-1.690000057220459,0.087178032473848727,3,53.487475594320195,0,0.024629879751487713,-0.00084171155072714431,12,-0.77316123371362078
55,3,-73.830997629763232,-73.815086913355259,0.048915236193581506,3,14.728076458448326,14.727002733512519,0.024147273993151676,3,-4.39674943882238,-4.3980510574444134,0.0071423769759068724,3,10.546007416551467,10.535239302023927,0.030742197538333394,3,,,,0,-73.558896030242281,14.631774151209621,0,1000,997.40705388835295,998.17372828162377,2.3237271044358065,3,419.04056967021069,70,,70,0.01,4,1,11.046666463216146,11.199999809265137,0.50767467856316406,3,51.929285805611578,0,0.02481556060347782,0.0087305137672086929,12,12.120816182168157
56,3,-68.903532145393783,-68.994412180057694,0.30993567356140228,3,28.614217109293758,28.57176098963394,0.096724317453320482,3,-8.2679175973186378,-8.3304872446591975,0.12347485816449671,3,11.345082214917289,11.340634909329923,0.081437468035512495,3,,,,0,-69.290964938346505,28.701257427381734,0,1000,1007.2590978360923,1008.1376548355287,8.4545148160376513,3,421.93430054015766,70,,70,0.01,4,1,23.170000076293945,23.020000457763672,0.50209519131980063,3,52.890362013385548,0,0.026210099604764926,0.017962233139524952,12,23.851713468951278
57,3,-62.794238580253754,-62.814451304897084,0.20243523034313257,3,41.710611767069338,41.683403511555902,0.054737741481606629,3,-11.493327136689397,-11.482180824852364,0.10690053095898809,3,12.32611726327359,12.34241906976964,0.048338152921031399,3,,,,0,-62.360220922690893,41.667767476470161,0,1000,999.67932351953095,1000.4193913074585,2.2368178954243749,3,419.80778853208744,70,,70,0.01,4,1,33.236666361490883,33.229999542236328,0.060276618788721523,3,54.32089286002563,0,0.028367770848759865,0.025881808407793222,12,33.701586343406341
58,3,-52.823454890053334,-52.857942212820554,0.090208373981027212,3,52.935173564711313,52.969196873834136,0.083658956403988322,3,-14.762526637260185,-14.765136815270568,0.011943121150507384,3,13.834686978389229,13.832747630518472,0.026160288157679588,3,,,,0,-53.033008588991066,53.033008588991066,0,1000,1000.4137255874556,998.04968435695116,6.6648909852154921,3,420.51173870765325,70,,70,0.01,4,1,41.370000203450523,41.150001525878906,0.43404963716849043,3,53.897552761530925,0,0.031640817646691681,0.033849928023663489,12,41.555787838158537
59,3,-42.189854347128666,-42.165836687499997,0.086835072156586521,3,62.395278711669754,62.455949920290109,0.20758299824961127,3,-17.088416801811231,-17.126220052446129,0.083690246750402292,3,15.428586856255563,15.425481249025173,0.026043111213698414,3,,,,0,-41.667767476470161,62.360220922690893,0,1000,997.03161525250505,997.58007426423853,3.191448504291909,3,419.11976176478498,70,,70,0.01,4,1,46.136665344238281,46.009998321533203,0.30072210677414862,3,53.231061618821258,0,0.035323159201086307,0.039765527132775459,12,46.580401933164623
60,3,-28.710334282732308,-28.74865608216912,0.16203670656502095,3,69.261511237335114,69.347559455846593,0.15242936339693886,3,-19.365223527107659,-19.37417684730308,0.056548086018486494,3,17.3340715110815,17.351197340885122,0.048544654772090967,3,,,,0,-28.701257427381734,69.290964938346505,0,1000,1001.2501675605554,999.62009814389523,5.4458624592122282,3,419.006112891432,70,,70,0.01,4,1,48.049999237060547,47.889999389648438,0.37643091053721639,3,53.253661033004988,0,0.039716500276978275,0.045531842131438398,12,48.696710860124938
61,3,-14.845802711044918,-14.931616354008336,0.19096123439682042,3,73.681532814761084,73.717633914703299,0.093078939314498926,3,-20.454218449052053,-20.458492317719102,0.031886546467146927,3,19.281715617296239,19.282507241451075,0.054294872244960678,3,,,,0,-14.631774151209621,73.558896030242281,0,1000,1005.1750306629305,1008.0118526280983,5.9798890661214896,3,421.52365592467692,70,,70,0.01,4,1,46.840000152587891,46.840000152587891,0.20000076293945312,3,53.394424704798588,0,0.043994921823468106,0.048172291487171219,12,47.481235338914473
62,3,0.020813044430078975,0.066257721153039267,0.10953084431906547,3,74.872792095007284,74.839601261187454,0.1090179100945642,3,-21.074675838632313,-21.094230501313085,0.069464443682376018,3,21.24468298318342,21.244246404316268,0.024190854497567676,3,,,,0,0,75,0,1000,998.02326780320152,997.07423923019473,2.780243903129243,3,418.67138636858789,70,,70,0.01,4,1,43.323333740234375,43.159999847412109,0.935754020865873,3,53.422488598889878,0,0.048954754801870351,0.050337531188536511,12,43.971978012832452
63,3,-0.12489130757391559,-0.098422532797964146,0.058228638577602354,3,75.045915986432405,75.032690823964472,0.065375059564360197,3,-21.018480646610914,-21.001196048628206,0.05932363734282755,3,21.18217806309762,21.18474584567798,0.011017678658835227,3,,,,0,0,75,0,1000,996.71360481084048,996.56943901754539,0.53892927585512052,3,417.97469244839823,70,,70,0.01,4,1,43.369998931884766,43.189998626708984,0.80523383493962308,3,53.516626883873954,0,0.048882669865845357,0.050283503076277505,12,44.096696500720022
64,3,0.075868774046188678,0.11444765179111831,0.084357004844350644,3,89.850417878009694,89.841156620870962,0.083887142147173563,3,-24.573655866576129,-24.577253399373337,0.12015724910212221,3,21.619675617037505,21.643403120538999,0.044479831785294736,3,,,,0,0,90,0,1000,1001.2055918949877,1000.3942186531998,2.3492007938694077,3,419.53850915285278,70,,70,0.01,4,1,52.846666971842446,53.069999694824219,0.46693948255409523,3,62.933138165833249,0,0.049390392028846986,0.058574872194540925,12,53.199640310487709
65,3,-14.776906367161757,-14.840077320383477,0.14114491319201986,3,88.749874591454969,88.655552961807956,0.18865566119170019,3,-24.222939300855234,-24.24804891724953,0.064500161878706247,3,19.760373755041222,19.756750657223215,0.035007496032880649,3,,,,0,-14.81351312526605,88.772517306245007,0,1000,1001.3737659401271,1001.5719271420051,2.0115376190290593,3,419.40780939896672,70,,70,0.01,4,1,57.653333028157554,57.389999389648438,0.61857443469544549,3,63.863679583183625,0,0.044998864079742552,0.057402770519901843,12,58.102546908280104
66,3,-28.908722374200682,-28.918573410701139,0.10755273663874419,3,85.024390263753347,85.048608674041574,0.085880264981955792,3,-23.336881892556132,-23.32429396071386,0.064520157052362595,3,17.872600039342231,17.876930597253406,0.014307425338653148,3,,,,0,-29.222952228421509,85.123551753057114,0,1000,1001.8072713556597,998.47384937731704,7.5977899233294206,3,418.84241166255373,70,,70,0.01,4,1,59.829999287923179,59.470001220703125,0.66730737771686899,3,64.047549943307942,0,0.040641433777291396,0.055027365966422007,12,60.55540766478893
67,3,-43.124055551796857,-43.108642783570524,0.034389074471942803,3,79.352412253415778,79.390862791221622,0.096125955221251919,3,-21.700691676135435,-21.710481024362021,0.049061728386042364,3,15.855570527118402,15.856604885754622,0.023607351685454796,3,,,,0,-42.835265373336618,79.152637608584016,0,1000,1002.8828887494086,1003.1022396056802,5.0820611309629227,3,420.33880030893425,70,,70,0.01,4,1,59.266667683919273,59.310001373291016,0.2775484582333706,3,64.625599931989981,0,0.0358331098473759,0.050600732325888464,12,60.30662996056946
68,3,-55.336051679075688,-55.350100144781898,0.063360691317513623,3,70.982724782793255,70.991575508715513,0.043371359208165768,3,-19.566407199422358,-19.552159672278442,0.079861286423097227,3,14.164616815942855,14.171560290487097,0.019462735800634477,3,,,,0,-55.279144142070102,71.022645845675427,0,1000,999.40083430104335,999.377270915753,3.2425924725113919,3,419.81040446194385,70,,70,0.01,4,1,56.520000457763672,56.369998931884766,0.39686312920766542,3,64.919681259396,0,0.032049681058666117,0.045289603307950288,12,57.373458229646076
69,3,-66.242437440672333,-66.273855714840707,0.10770939168027192,3,60.944296333877951,60.967283802152934,0.064791851619279806,3,-16.884184878139394,-16.8767617202808,0.024674832529340121,3,12.432922489334954,12.443736801806617,0.030598891824025039,3,,,,0,-66.215151960581835,60.955341446316716,0,1000,993.16992919325287,992.47420226377631,2.5983691655668775,3,417.78116836384396,70,,70,0.01,4,1,50.420000712076821,50.220001220703125,0.49152721707753411,3,63.351913632890842,0,0.028300652162711062,0.038828366934924183,12,51.56218799347743
70,3,-75.007451762875874,-75.035039265899201,0.20111500429465501,3,49.002232041962095,48.963464455258695,0.073871341507829119,3,-13.696265920383786,-13.671967196332934,0.047062600852764869,3,11.087784150346137,11.080205167386138,0.042380797822013726,3,,,,0,-75.344983043627565,49.225334231018422,0,1000,999.45144092162991,998.65448546626283,1.9383302127154762,3,418.54275964636622,70,,70,0.01,4,1,42.019999186197914,41.709999084472656,0.791895482883755,3,64.119700747115971,0,0.025320619185673507,0.03093158609097307,12,42.730395701405222
71,3,-82.464620480825928,-82.375321059553855,0.16699873600452034,3,36.207373608698418,36.18013888579268,0.057022688222420209,3,-10.212783493415882,-10.209145157583393,0.049044008246598138,3,9.8814422378684021,9.8723245553585173,0.050586553814300106,3,,,,0,-82.419599398955171,36.152588218767235,0,1000,999.0847946919904,998.23698396553982,7.1178949629305732,3,418.64916035203987,70,,70,0.01,4,1,31.263333638509113,31.290000915527344,0.083266713281177379,3,62.325807277283069,0,0.022738295936809313,0.022424832479571173,12,32.070591311797671
72,3,-86.922634318900009,-86.965866693359473,0.093138390779415353,3,22.052793281431789,22.078618798010279,0.061899144774718438,3,-6.6367854572103759,-6.6392765850529321,0.033212688611542272,3,9.0411621510142641,9.0418078122510153,0.010809194531971733,3,,,,0,-87.246023934539735,22.093693842671929,0,1000,1004.7781988147757,1005.3977609695708,1.9152909441411756,3,421.34698956187731,70,,70,0.01,4,1,18.71666653951009,18.719999313354492,0.88500493538568781,3,63.70088395145951,0,0.020934371045042401,0.013688383344137731,12,19.817900363670201
73,3,-89.71054636167058,-89.690252978972893,0.13914541184354079,3,7.2476068735984533,7.28119375218321,0.090816551463427125,3,-2.7539864165253309,-2.7273805730512177,0.089088349576457518,3,8.579781828923835,8.5817763320923373,0.010800794709278033,3,,,,0,-89.692604370600293,7.4321410925099416,0,1000,996.2328997816536,995.17443431251354,2.5759372538363632,3,418.77332045489385,70,,70,0.01,4,1,5.2433333396911621,5.0500001907348633,1.1918193812029658,3,61.948051257871811,0,0.020314822708731212,0.0044340956364927507,12,6.5402278904327815
74,3,-89.609602919263679,-89.508260621362709,0.17947834594546669,3,-0.083711142179367135,-0.075968053893878285,0.026452531312837257,3,-0.79513487614797096,-0.80400891341491532,0.065532981574450672,3,8.628262033543443,8.6390012817712218,0.020390393330654601,3,,,,0,-90,0,0,1000,995.28222360704365,994.18680905368626,2.8597642020363616,3,417.12812747223279,70,,70,0.01,4,1,-1.6366666555404663,-1.690000057220459,0.18583148650320347,3,63.257789822937838,0,0.020686927053461899,-0.00024203870800198324,12,-0.28104862568371047
75,3,-89.58757886270962,-89.626005481946009,0.13379593346427335,3,-7.6014629362246682,-7.6148512805809068,0.099222986468610233,3,1.4232222747251118,1.4427644348073596,0.042696245253301179,3,8.5715539654591026,8.5603145226543109,0.031475681457159878,3,,,,0,-89.692604370600293,-7.4321410925099416,0,1000,995.78043280207078,994.24443779590968,3.719279633705034,3,417.48627245144712,70,,70,0.01,4,1,-8.983333269755045,-9.630000114440918,1.3333167659366103,3,62.229266896581883,0,0.020713420213899478,-0.0055549085476143773,12,-7.8612372434753572
76,3,-87.005910675919878,-87.049318553811474,0.14011842706514399,3,-22.283642883944324,-22.30395686242008,0.088903521971794561,3,5.2983844834444591,5.2574627306857744,0.076485468096958414,3,8.8554000205029322,8.8435335166115312,0.022270058553587661,3,,,,0,-87.246023934539735,-22.093693842671929,0,1000,1000.6402688708391,1001.6386537394891,2.1033921449340203,3,419.87210650533854,70,,70,0.01,4,1,-21.950000127156574,-22.280000686645508,0.6242600545385445,3,62.613601539024266,0,0.021621432595039385,-0.014691244058922092,12,-21.120352210750148
77,3,-82.418902315081041,-82.421175459758075,0.063052325432385856,3,-36.211923938676271,-36.204817217968994,0.15300812756278886,3,9.4059261919038324,9.3958219490391226,0.018133871175543693,3,9.27966707681537,9.282753018671503,0.041296868417944214,3,,,,0,-82.419599398955171,-36.152588218767235,0,1000,994.06712696202169,991.94548892587943,10.921624949784116,3,417.12868900854778,70,,70,0.01,4,1,-35.25,-35.240001678466797,0.13527762794807971,3,62.335522842539262,0,0.023114656388461819,-0.024525081790394445,12,-34.300277992314115
78,3,-75.256590255290106,-75.233926214988088,0.095964157876291672,3,-49.364893624485383,-49.29119305589775,0.1382741265069953,3,13.088691832490028,13.072802146946929,0.029004432832612479,3,10.056300099564924,10.058236617115258,0.014906688145789278,3,,,,0,-75.344983043627565,-49.225334231018422,0,1000,999.17118247887049,1000.0200661085098,6.8781175852171952,3,418.30692785823675,70,,70,0.01,4,1,-45.66999944051107,-45.669998168945312,0.039999008193869555,3,64.122465240319528,0,0.025220593619680935,-0.033088760460916147,12,-44.821910510934416
79,3,-66.240315053163954,-66.236212268630013,0.19684374286043904,3,-60.922239393716289,-60.965010523132008,0.088978874344631489,3,16.487617812515047,16.468661939578705,0.063835872923578785,3,11.142656101356877,11.143820943029997,0.014902047981277589,3,,,,0,-66.215151960581835,-60.955341446316716,0,1000,999.54404931158263,998.16449103956541,4.0837031866744402,3,419.14189585623944,70,,70,0.01,4,1,-54.193333943684898,-53.979999542236328,0.69500631462236118,3,63.250244595085782,0,0.028037947557799831,-0.040916980937951701,12,-53.021859138947633
80,3,-55.161249769365334,-55.162756630630106,0.021918387009153096,3,-71.272195495475799,-71.234818940988632,0.08724618275184369,3,19.402899551906341,19.411327248263007,0.062088255012256337,3,12.630652914688573,12.606440094023192,0.044209441977517229,3,,,,0,-55.279144142070102,-71.022645845675427,0,1000,1001.5172776270084,1002.3373142046653,2.3922873602529817,3,418.82652226165607,70,,70,0.01,4,1,-59.58000055948893,-59.270000457763672,0.72642894857967644,3,62.99712470227707,0,0.031858953911489019,-0.047643859662578128,12,-58.785029211420735
81,3,-42.979788532072611,-42.95325476109241,0.085396099780293763,3,-79.162214287131007,-79.170757955988734,0.11775438710558894,3,21.860907066386506,21.868979223229736,0.035789103053432851,3,14.068098890162519,14.045982790639378,0.048764933738655238,3,,,,0,-42.835265373336632,-79.152637608584001,0,1000,998.03714667091242,996.51052969663203,5.2854232773770224,3,418.02709904734155,70,,70,0.01,4,1,-62.386666615804039,-62.330001831054688,0.47752857063154164,3,63.238099331792547,0,0.035547267310894998,-0.053323588357085942,12,-61.270043322550087
82,3,-29.045449805656975,-29.029018492580743,0.13888394035484752,3,-85.062879900342708,-85.071457343872183,0.12190157963566942,3,23.670013788283082,23.691394912032589,0.054719076155257861,3,15.885046696377636,15.900956572140629,0.036744969144980696,3,,,,0,-29.222952228421509,-85.123551753057114,0,1000,1002.3852316098149,1001.9523858986355,2.8801548420913288,3,418.47104794324969,70,,70,0.01,4,1,-61.853333791097008,-61.580001831054688,0.91128003008699499,3,63.234788350759487,0,0.039992433353837772,-0.057257170846354496,12,-60.779182045580129
83,3,-14.867694002041638,-14.871048838645619,0.118589710598435,3,-88.491670919735512,-88.463715479230544,0.13630355665915639,3,24.853452944257082,24.835292653177518,0.032341492743459467,3,17.557123959884176,17.576461338284542,0.040218482441363473,3,,,,0,-14.813513125266027,-88.772517306245007,0,1000,1004.1705190669694,1007.5192824127201,6.7855394613053051,3,420.46111102655021,70,,70,0.01,4,1,-59.143332163492836,-58.959999084472656,0.50083293201790458,3,63.690789730496654,0,0.043861465865548267,-0.059463596581465356,12,-57.185531539984623
84,3,-0.1583172717627617,-0.21814646953122799,0.15640568822173778,3,-90.203802446096219,-90.252518042630186,0.16318199528463659,3,25.340021852506741,25.315026469839363,0.056089151902371889,3,19.551502391167109,19.559358408112917,0.032292492239693722,3,,,,0,0,-90,0,1000,1001.1137106791249,998.94954994871557,8.2976908714500777,3,420.37383837684712,70,,70,0.01,4,1,-53.649998982747398,-53.759998321533203,0.22605278060549122,3,63.985055553528042,0,0.048655597823602778,-0.060283497001320775,12,-52.781566233054505
85,3,0.086574394648655448,0.043221153909349705,0.1187296184025706,3,-89.824326409479553,-89.808374976701302,0.037618530583268785,3,25.16361725403678,25.179871019510383,0.036201600366358694,3,19.52711205528804,19.518042948861172,0.066809860355889913,3,,,,0,0,-90,0,1000,1002.5783336318235,1002.6584881257805,1.5189584419752247,3,419.9166906051866,70,,70,0.01,4,1,-53.863333384195961,-53.470001220703125,0.78748590559811416,3,63.788609919961601,0,0.048641446687783911,-0.059923199227507662,12,-52.367968435371225
86,3,-0.027979055376388534,-0.027083854585495275,0.091485404393975359,3,-100.23908726341881,-100.26296355651841,0.057326014977372816,3,27.314934734617864,27.313718781095574,0.035210380968583199,3,19.45223419150139,19.46631990932277,0.044269246190212233,3,,,,0,0,-100,0,1000,1000.7457624816715,1001.9038541384424,2.9861390615908201,3,419.00871504825159,70,,70,0.01,4,1,-60.06666692097982,-60.009998321533203,0.30892342704908338,3,70.564602968378168,0,0.048816705546995826,-0.065190086850642481,12,-58.741991571455053
87,3,-14.875093101924824,-14.872868323306642,0.064555321857742251,3,-98.679388594255599,-98.796929608699998,0.20862429095103627,3,26.86298064118867,26.832242504250654,0.071095734708632188,3,17.53337514681035,17.531547932567552,0.017644800322225689,3,,,,0,-14.904226617617416,-98.883082622512859,0,1000,996.73602477216434,1000.5227818857546,7.4139128807562864,3,418.36786631108907,70,,70,0.01,4,1,-65.673332214355469,-65.69000244140625,0.53519459926593405,3,71.164346072656414,0,0.044267666147623584,-0.064564546532650272,12,-63.944518448386233
88,3,-29.56626532449302,-29.591180899453548,0.14044995588348802,3,-95.699128747261611,-95.708319553123729,0.095083401492503536,3,25.983425315056952,25.988698255345366,0.041877832336606829,3,15.806577331716904,15.798681816445427,0.077887193606322805,3,,,,0,-29.475517441090414,-95.557280578614083,0,1000,999.97835090538501,999.76561845232425,2.4110483921999193,3,417.96380168554924,70,,70,0.01,4,1,-69.259999593098954,-69.239997863769531,0.081851905923124885,3,70.724186046312198,0,0.040107704427000637,-0.062874076325089706,12,-68.366687908520106
89,3,-43.437096908944149,-43.411556173924644,0.066384684327339114,3,-90.129815236683285,-90.053341237414017,0.15788691663946761,3,24.456840334229469,24.45699862919836,0.027614833189172419,3,13.996455316466728,14.04091365269006,0.10849372445044042,3,,,,0,-43.388373911755828,-90.096886790241911,0,1000,993.07088081025825,993.07093228940494,0.20419951576257131,3,416.9144025544802,70,,70,0.01,4,1,-70.970001220703125,-70.720001220703125,0.73749751307408629,3,71.163784257026308,0,0.035733362478133142,-0.059703409502784584,12,-69.767809707676832
90,3,-56.425808065191376,-56.414406719152176,0.15620494282445013,3,-82.704034355338351,-82.687193397425006,0.12033379586998751,3,22.397845566641688,22.405919789600844,0.066128052363809989,3,12.400590454735513,12.405799550957115,0.034180839830693609,3,,,,0,-56.332005806362197,-82.623877431599496,0,1000,995.32492799510931,994.42738729459063,4.9651153460517943,3,417.52182078848097,70,,70,0.01,4,1,-69.610000610351562,-69.25,0.75716821033156734,3,71.047022176430502,0,0.031681292185660619,-0.054996176257159843,12,-68.680492357803885
91,3,-68.058425718604283,-68.077247882942913,0.079491676418337126,3,-73.394160301692452,-73.398242683598482,0.017512409177944725,3,19.599211714075569,19.589226986321137,0.026779746988320505,3,10.917633649344415,10.914503535577602,0.01329352195620603,3,,,,0,-68.017273777091944,-73.305187182982635,0,1000,1001.9337651335372,1004.7824019698938,9.50842128057187,3,421.06609789091902,70,,70,0.01,4,1,-65.516667683919266,-65.620002746582031,0.73050456547067333,3,71.328079342175059,0,0.02767160621746324,-0.048162975059833191,12,-63.705966756317451
92,3,-78.033870173164601,-78.00371020833191,0.11019412579103334,3,-62.554359254013825,-62.541506782892647,0.17345727062742308,3,16.521621810102847,16.542136151423282,0.090893863677602188,3,9.723684071905339,9.7360697138652856,0.043809579117434272,3,,,,0,-78.183148246802986,-62.348980185873337,0,1000,997.66757033491615,995.82977916068103,4.2355281406126286,3,417.66515077514504,70,,70,0.01,4,1,-58.516667683919273,-58.5,0.55518798393934543,3,69.823396311249894,0,0.024778767501282641,-0.041425434896169275,12,-57.39128319241766
93,3,-86.697795154388515,-86.627053404250034,0.15819442017456362,3,-49.967124321336392,-49.974905751997547,0.20158836035150737,3,13.076713692821722,13.05400157060302,0.046052416602936998,3,8.6192162567017245,8.632996109843841,0.054754619229562623,3,,,,0,-86.602540378443862,-50,0,1000,999.72956896957282,1001.4303064432856,5.2426877354076842,3,417.36874043296331,70,,70,0.01,4,1,-48.810000101725258,-48.540000915527344,0.70491197185383248,3,70.765185112330187,0,0.021848515752414716,-0.033408567277704901,12,-47.857879500979791
94,3,-92.730159756095375,-92.743096523000332,0.13738785169669321,3,-36.724101647137495,-36.670684370527738,0.12332843061242113,3,9.2316982535308068,9.2222251782729412,0.1076670588600151,3,8.0336452699225891,8.0389033886212804,0.034263252467877835,3,,,,0,-93.087374864420397,-36.534102436639529,0,1000,1004.4067434198946,1006.3234223327828,3.9275159031780627,3,419.5229724961975,70,,70,0.01,4,1,-36.876667022705078,-36.740001678466797,0.2720892112184935,3,69.20355726247017,0,0.020024854029823382,-0.024215598470436181,12,-35.770933075359963
95,3,-97.453641140220086,-97.434165522905886,0.12738385634391616,3,-22.397993121356222,-22.422448740701672,0.059762068650226173,3,5.263226395159716,5.2737530876117962,0.067008541024912383,3,7.5820754426240784,7.5682136045095616,0.036885628892464183,3,,,,0,-97.492791218182376,-22.252093395631448,0,1000,996.654335917499,997.49884164444029,4.0095590366407299,3,418.94251742654234,70,,70,0.01,4,1,-23.203333536783855,-22.670000076293945,0.9673843405343765,3,69.470138368038263,0,0.018632759982892783,-0.014889304730584311,12,-22.420240679645506
96,3,-99.737955373419524,-99.761550496436968,0.19281827390844913,3,-7.5640353889963663,-7.5710385394232027,0.10935283770165476,3,1.2515039621824791,1.2113324959282084,0.075541984459626982,3,7.4199743917051313,7.4084371095553543,0.056358385367281785,3,,,,0,-99.720379718118011,-7.4730093586424111,0,1000,1000.881481368101,1002.405764612146,7.4080037582959708,3,419.1456143937956,70,,70,0.01,4,1,-9.1266667048136387,-9.1700000762939453,0.26764391465204512,3,69.701427857568106,0,0.017883080457458435,-0.0053653991326360487,12,-8.0448263123510753
97,3,-99.884264210715926,-99.858571760955414,0.1452104392367887,3,-0.15899246220484509,-0.1961763571294243,0.093650910018840142,3,-0.81860711677273323,-0.82026071744595275,0.022708334527979775,3,7.3879238398432667,7.4122351894553979,0.050338613272050178,3,,,,0,-100,0,0,1000,997.02586854385265,1000.3947086933716,5.9562802160596346,3,418.2637282413159,70,,70,0.01,4,1,-1.7866666714350383,-1.7100000381469727,0.25383715769174575,3,70.461505143415877,0,0.01766711590205584,-0.00043091359150903901,12,-0.55020510340324313
98,3,-99.340663550483342,-99.360159543994001,0.16474542780981802,3,7.3996319149351288,7.3970531024613067,0.052850497774766622,3,-3.1180803461951463,-3.1424477982492207,0.099988417328851179,3,7.4058668203347153,7.4067278603236524,0.019410651495142896,3,,,,0,-99.720379718118011,7.4730093586424111,0,1000,1003.5488715921377,1002.4078364782514,2.6810312714833189,3,419.99741781190966,70,,70,0.01,4,1,5.7633331616719561,5.4699997901916504,0.81082261977872438,3,69.419173037875581,0,0.017456941853077883,0.0050587780319207108,12,7.580607726225761
99,3,-97.42651506993036,-97.410623344526698,0.21807883875217846,3,22.151311366354026,22.157636032147536,0.026427958588585019,3,-6.5592696273274305,-6.5640911283837831,0.019065433377927241,3,7.8193564822325499,7.817775838335475,0.021397709638565035,3,,,,0,-97.492791218182376,22.252093395631448,0,1000,996.84634350477199,996.29863285667034,6.5407787291087933,3,416.91815073832049,70,,70,0.01,4,1,19.146666844685871,19.040000915527344,0.21126536838362686,3,70.39866519181993,0,0.018223824880528674,0.013395925475390411,12,20.505599453019457
100,3,-92.923290678388256,-92.943926900335654,0.063378793027233815,3,36.464498308599268,36.464769349354619,0.023083054760804776,3,-10.330614504758509,-10.316237215466208,0.084883474321740038,3,8.6527552185783883,8.6397152734971563,0.072748037056511561,3,,,,0,-93.087374864420397,36.534102436639529,0,1000,1004.6792433309814,1006.4259975752626,3.4390594465236748,3,420.58930931220016,70,,70,0.01,4,1,32.713333129882812,32.680000305175781,0.14294452421882864,3,72.419318042236924,0,0.019705946042818209,0.022352878187391241,12,33.548045201439052
101,3,-86.406644279783862,-86.357804525276521,0.14477037357489386,3,50.090035602471666,50.126941259304523,0.068468044211582244,3,-14.019830140789464,-14.000152288587699,0.075112611353895353,3,9.6967820577776624,9.7026682983333856,0.025440964949171981,3,,,,0,-86.602540378443862,50,0,1000,1000.74841010086,1000.7976521278877,2.170241644554904,3,419.23213423065789,70,,70,0.01,4,1,44.420000712076821,44.159999847412109,0.64085941904883981,3,70.51147313924767,0,0.021935059244989678,0.031380618573368803,12,45.722662138470177
102,3,-78.418809961083085,-78.376300853213294,0.17299374233668274,3,62.273925371015366,62.26724393490003,0.058450161671479983,3,-17.172779321473687,-17.174401851082251,0.038405796854983701,3,11.08316593778232,11.107619773001755,0.043952811538825881,3,,,,0,-78.183148246802986,62.348980185873337,0,1000,998.82041682559509,999.89016072501715,2.1752781520888091,3,418.39871864643129,70,,70,0.01,4,1,54.539999643961586,54.389999389648438,0.25980806161863024,3,72.45138261012896,0,0.025001096365478526,0.039169793050231758,12,55.542779600141401
103,3,-68.19624800316187,-68.283323433659874,0.47762155431160658,3,73.458465542847875,73.422948064120476,0.06777436577950112,3,-20.157814191369535,-20.108568937957745,0.10312565407453235,3,12.586619109518649,12.57880864474116,0.029690514318823209,3,,,,0,-68.017273777091944,73.305187182982635,0,1000,999.85481933932931,1001.9307255134344,5.5236138044925474,3,419.38573121774067,70,,70,0.01,4,1,61.599999745686851,61.400001525878906,0.82831069096789101,3,71.519530542673579,0,0.028260461841837718,0.046438994609538251,12,62.915224270118053
104,3,-56.428885661063475,-56.421585257107274,0.15907273537384292,3,82.62757414827837,82.645950805178003,0.063230508250941661,3,-22.555997139131037,-22.532252193082353,0.055652016521765553,3,14.39354062761914,14.384954613919021,0.049012822981428748,3,,,,0,-56.332005806362197,82.623877431599496,0,1000,1001.3410387292068,1001.0003549051355,1.3242261989322248,3,419.54884098923998,70,,70,0.01,4,1,66.913335164388016,66.870002746582031,0.53631437660728887,3,71.314262030133293,0,0.032337748458907821,0.052417516469994055,12,67.558221025187848
105,3,-43.579149982165404,-43.6159158790622,0.12955815164447962,3,90.099568802957876,90.106158962361889,0.053200729375341108,3,-24.288715565240661,-24.270205171234494,0.053241593230172995,3,16.226389748019411,16.220296448220918,0.036912854038607425,3,,,,0,-43.388373911755828,90.096886790241911,0,1000,1002.0096748638151,1002.2607538855867,4.0694685491443998,3,419.56264694029613,70,,70,0.01,4,1,68.420000712076828,68.169998168945312,0.48590343530812435,3,70.840888702933398,0,0.036527069727850775,0.056851877161536939,12,69.223556564462314
106,3,-29.322120847706469,-29.30494037864025,0.040605443088316859,3,95.401080838612643,95.389886661826253,0.037863639604785858,3,-25.633109174013157,-25.644201571776925,0.032314726439932898,3,18.128875011539407,18.146425569279199,0.045866213142017415,3,,,,0,-29.475517441090414,95.557280578614083,0,1000,999.46501048611117,997.08437154960632,5.076728280688676,3,418.91451363972283,70,,70,0.01,4,1,67.519999186197921,67.470001220703125,0.55668679359261264,3,70.872964972120272,0,0.040998494069661433,0.060489400917078377,12,68.219738048365087
107,3,-14.948535539059334,-14.908407396802135,0.084065903930920324,3,98.885053610722707,98.875057519650269,0.036784992014663433,3,-26.472123249389067,-26.485045661914487,0.054101984928133742,3,19.935955999529792,19.939067501151435,0.012711948554096662,3,,,,0,-14.904226617617441,98.883082622512859,0,1000,997.27646895600583,995.66273715550972,3.5792311398011911,3,417.84588753253456,70,,70,0.01,4,1,64.003331502278641,64.019996643066406,0.27537617243190804,3,71.187475171737461,0,0.045344721651585707,0.062996043946822206,12,65.107365998874798
108,3,0.11797741283951595,0.10976530141628386,0.10989805277256201,3,99.982323302521877,100.02034349235633,0.15425345654699127,3,-26.706655414341061,-26.685158443429742,0.072853713902212333,3,21.880426336371656,21.883699042485016,0.035985992953370155,3,,,,0,0,100,0,1000,997.74079964976897,996.96842411432146,4.5620765020708118,3,418.0450488352451,70,,70,0.01,4,1,58.876667022705078,58.790000915527344,0.36773948219330282,3,71.266242548305584,0,0.049948212905580068,0.063887457255821317,12,59.836813130267579
109,3,-0.31872019591852024,-0.33810930178172349,0.10933881662128848,3,99.970471234888564,99.991390119770813,0.083684168090812486,3,-26.529025431920257,-26.526107984210469,0.049328787686047593,3,21.826844855347446,21.824275177241717,0.024409187740045885,3,,,,0,0,100,0,1000,999.22031869442014,998.07267813723865,2.5683350737741595,3,418.86670842143275,70,,70,0.01,4,1,58.710000356038414,58.400001525878906,0.70788442243863725,3,71.077339004611829,0,0.049722596053262437,0.063327635490363993,12,59.891701858286417
110,3,-0.0276115100508314,-0.082307848406562245,0.15600980107581833,3,0.022837658056149485,0.052012658654868364,0.070396322634035571,3,0.83381184284116727,0.92045933897866006,0.30146802992289329,3,58.965184113546883,58.938103883184716,0.13339721303841151,3,,,,0,0,0,0,3000,3001.1383494680581,3000.2030520382782,1.6273492689498457,3,1257.0858633601863,70,,70,0.01,4,1,-1.5833332935969036,-1.059999942779541,1.5430597012293712,3,0.46866390760055904,0,0.046906068595309151,-0.00066350913827967271,12,0.012634851193170414
111,3,-0.018985977849230798,-0.024157981015829496,0.060946633950151409,3,-15.066017811279343,-15.020559298913106,0.091718581743190322,3,14.443221708732672,14.468785877673799,0.070630708526178906,3,59.55315709443542,59.540859892104798,0.047520049453033765,3,,,,0,0,-15,0,3000,3000.3228236456143,3000.3863762603937,2.6008619002072768,3,1256.7926849100747,70,,70,0.01,4,1,-9.5766665140787754,-9.4700002670288086,0.44959238933594137,3,10.545941743037714,0,0.047504905136219903,-0.011492278513336996,12,-8.5911352686085909
112,3,-11.824344001267066,-11.828974939722336,0.14705663074278355,3,-9.523800378327488,-9.5300577195965488,0.050648261407353533,3,9.195120530899521,9.0987475417880077,0.21129564828306835,3,54.805113801592142,54.793968653518561,0.08040598933948169,3,,,,0,-11.727472237020448,-9.3523470278810006,0,3000,2998.7898405021047,2999.2394451896948,1.5726014660130343,3,1255.9893997577385,70,,70,0.01,4,1,-6.3300000826517744,-6.5500001907348633,0.40730818815294317,3,10.576435927063814,0,0.043710840088272133,-0.0074151612845686438,12,-6.0476727986797858
113,3,-15.043592213291859,-14.899756715310167,0.24966770881789779,3,-0.025734394752742029,-0.013861346357482391,0.10569364856037834,3,1.48419155011064,1.4353938342313639,0.13119139133878538,3,53.294710032706519,53.313421835866322,0.072799117072490843,3,,,,0,-15,0,0,3000,2995.1237640988788,2993.8889841610276,3.1899388374880644,3,1254.4168238225041,70,,70,0.01,4,1,-1.3200000127156575,-1.3700000047683716,2.1554350217508031,3,10.081924132453624,0,0.042485851883149732,-0.001303097536002796,12,-0.24835938755446765
114,3,-14.42973159122117,-14.438042588720766,0.21288230535315314,3,3.2248504358311347,3.3502708802818675,0.24429569518255825,3,-1.735376687762459,-1.7045885428779353,0.060202559987197778,3,53.271909940454698,53.267129467848513,0.082278360258343564,3,,,,0,-14.623918682727355,3.3378140093447102,0,3000,2996.6912609349552,2995.9237455653156,1.4028219501128285,3,1255.2780489844301,70,,70,0.01,4,1,-0.81666666269302368,-0.94999998807907104,1.0066445905799506,3,10.504066906070674,0,0.042412644337379582,0.001267511507221443,12,1.860771424969669
115,3,-6.4038092498467121,-6.3467014644307813,0.18387883539231831,3,13.530007094578529,13.677512763573809,0.2611502555302716,3,-10.834915276652387,-10.757711802094633,0.13417650158723882,3,56.494558950757416,56.555642674178038,0.11153891986493211,3,,,,0,-6.5082560867633745,13.514533018536286,0,3000,3003.4474624659319,3004.6335375267581,3.5084031255104868,3,1258.4031753074214,70,,70,0.01,4,1,6.9100000858306885,8.3100004196166992,2.5823245394205818,3,10.081002365635014,0,0.044786329203312249,0.0085591624333931377,12,7.9292471450741733
116,3,0.042120549886395298,0.09306488518434719,0.11001546157686745,3,14.920326110876132,14.823103638414088,0.18810917244174835,3,-12.856206469329372,-12.804148774968569,0.13303792779081913,3,59.005400509065375,58.952298025410698,0.11045667305884153,3,,,,0,0,15,0,3000,3001.9629988395695,3003.6623757587677,9.6336293370831552,3,1256.8811642836683,70,,70,0.01,4,1,6.9466667175292969,6.1399998664855957,1.949470008344155,3,10.585497934458063,0,0.046827177397873093,0.010228992239020136,12,8.3789508822026804
117,3,-0.13347210109314708,-0.11443423031107622,0.044832227732775842,3,29.974648500766751,30.050125911512868,0.21586866391325715,3,-25.490935020970579,-25.408664334381022,0.15353127596805285,3,59.757399306865238,59.726567978773495,0.086515814387824158,3,,,,0,0,30,0,3000,3003.2521656476988,3002.397855507455,2.6146721650158842,3,1258.2205128758571,70,,70,0.01,4,1,15.526666641235352,15.359999656677246,0.34195522708329451,3,20.862106093572219,0,0.047255351675961739,0.020258452345288214,12,17.029997933597915
118,3,-13.927878838840961,-13.911044792151371,0.094048800446269273,3,26.517951264004722,26.471074843535987,0.13130074171051029,3,-22.069289400273799,-22.028826508317493,0.10711239182225865,3,54.198152923431415,54.187609816043519,0.023046257406252102,3,,,,0,-13.941695161313056,26.563680769596299,0,3000,3001.8583762153153,3002.6465763195456,1.6646483478665861,3,1257.2706120441253,70,,70,0.01,4,1,15.710000038146973,15.760000228881836,0.16093501590944845,3,20.789167677122911,0,0.042896869531615624,0.017442554054636357,12,16.565698501567937
119,3,-24.461003029729209,-24.582103312688155,0.25169576284558454,3,16.945264159434846,16.783311677527582,0.289816243432372,3,-13.714892587855593,-13.721083887209499,0.018883680677904205,3,49.958504902031812,49.997647553880043,0.15701100077510019,3,,,,0,-24.689515976809691,17.041942401934669,0,3000,3001.9004491083056,3001.931202854254,1.1181092620503998,3,1257.0727063721972,70,,70,0.01,4,1,10.746666590372721,10.960000038146973,0.76271471529555224,3,20.245011110770111,0,0.039607138082032145,0.010715595437938007,12,11.199211558464004
120,3,-29.953150775753347,-29.895625855012824,0.3911390527397996,3,3.5645986112919679,3.4566607260044626,0.18789105721216109,3,-2.1024481914090325,-2.1797337524041986,0.13817310849501088,3,47.699969082559754,47.813959842381301,0.23527828671769807,3,,,,0,-29.781266222941621,3.6161004076596828,0,3000,2999.6260719314837,2999.5434942347233,1.9889864040473471,3,1256.5612248117175,70,,70,0.01,4,1,1.1133333444595337,0.49000000953674316,2.1440693284844174,3,21.599223284376166,0,0.037932352324168556,0.0014348020996124938,12,2.1382854484899525
121,3,-29.771031988210684,-29.904451038900842,0.41960789043482116,3,-0.17260634675220435,-0.02269055508082329,0.37902478817386953,3,0.88337803133516057,0.84478548672263143,0.16599380469735175,3,47.721170381492072,47.752167301597602,0.25267793722672588,3,,,,0,-30,0,0,3000,2995.1015067306357,2996.4600946926726,3.7498844951771915,3,1254.6863729424858,70,,70,0.01,4,1,-2.543333331743876,-2.630000114440918,1.1125346052381193,3,20.996349775295712,0,0.038035717510057937,-0.0009413414991089633,12,-0.41507896952775714
122,3,-27.979096912730242,-28.028192397213623,0.20453837681506756,3,-10.586088054349695,-10.589549012823142,0.06174480485066812,3,9.7518252359365132,9.7199490371980843,0.072300563380507263,3,48.451259058482691,48.474363243977734,0.12021971139458945,3,,,,0,-28.050487280562439,-10.638146611276085,0,3000,3001.677831202825,2999.0722504309019,7.6617567684812125,3,1257.3620734539222,70,,70,0.01,4,1,-9.0800000826517735,-9.0799999237060547,1.1800000667572101,3,20.933867852219155,0,0.038618247650528986,-0.0079783034790506888,12,-7.5845027564725811
123,3,-19.876903915670695,-19.853933492197129,0.31146325174735923,3,-22.401349592635359,-22.411130231703744,0.040866053590158539,3,20.400300407999737,20.370999161382979,0.10847920234604985,3,51.779464061435199,51.826383099807337,0.099275194297189034,3,,,,0,-19.893679747223835,-22.455322445133049,0,3000,2992.8290168468516,2995.3174839145204,4.5025794985817074,3,1254.2746624267518,70,,70,0.01,4,1,-16.453333536783855,-16.430000305175781,0.38553016225974202,3,20.869579640213853,0,0.041460996634298593,-0.016423093014811985,12,-15.062670263010492
124,3,-7.1000958689425433,-7.1266157665403611,0.084997075684673837,3,-29.063564463044845,-29.034774512767573,0.10072395537704983,3,26.296177109469188,26.285996706057567,0.1845470225440641,3,56.792433543599707,56.774551696199062,0.056638690668369684,3,,,,0,-7.1794699286267152,-29.128254522781564,0,3000,2993.4927820981816,2993.7329721601573,4.205916257664315,3,1253.6073710161183,70,,70,0.01,4,1,-18.929999669392902,-18.959999084472656,0.079372193296219015,3,20.846300978517256,0,0.045535045906726891,-0.021033043262011573,12,-17.672968387365138
125,3,-0.13598568406212186,-0.094508716864430034,0.10909731466848176,3,-30.075502711553629,-30.127256354235115,0.13406366974460612,3,27.40375267106803,27.334998202053065,0.19311562819514114,3,59.61073215820641,59.615334643218524,0.084460935953671309,3,,,,0,0,-30,0,3000,2998.9854050769113,2997.0677328617271,4.749341064895539,3,1256.3553687924436,70,,70,0.01,4,1,-18.480000178019207,-18.469999313354492,0.055678061567914758,3,21.069548519203423,0,0.047686736311642754,-0.021813185352365153,12,-17.246026178132038
126,3,0.14988944420244388,0.17873943059217429,0.13211637857002212,3,-45.07708615799077,-45.037210858885331,0.073455826949606853,3,40.217338596291903,40.235961270452094,0.047740857949097035,3,59.915662934186095,59.897142446046963,0.057091329984381253,3,,,,0,0,-45,0,3000,2996.3209647062486,2996.0736192401478,1.2845440349056063,3,1255.002174646791,70,,70,0.01,4,1,-27.110000610351562,-27.100000381469727,0.075498177614255813,3,31.68204896165852,0,0.048100660712206006,-0.032044438260171351,12,-25.961214049677537
127,3,-14.758425373804577,-14.763228635941196,0.22750585583664534,3,-42.438218978277042,-42.449808957237991,0.036128565369968377,3,38.058703029657558,38.086558601003439,0.087145853205480447,3,54.101654882614078,54.108646367627067,0.12500787465207475,3,,,,0,-14.611476114210754,-42.561775876528557,0,3000,2993.2008098203628,2993.6114748094387,0.73933945373408227,3,1253.9643571048048,70,,70,0.01,4,1,-28.71666653951009,-28.719999313354492,0.025165680256703449,3,31.522595337380324,0,0.043482924186368739,-0.030468399733153156,12,-27.540041545895086
128,3,-27.317045783824728,-27.299206606259975,0.034187392002571065,3,-35.617364813045121,-35.593097777519297,0.04218701193892458,3,31.358179769787526,31.348396364828176,0.073190242129478306,3,48.995027196725196,49.006196368430679,0.043376234306839435,3,,,,0,-27.639572071035051,-35.511322922837714,0,3000,2993.8017279422634,2992.5874714081942,2.6366884688817431,3,1254.207383542793,70,,70,0.01,4,1,-26.283332824707031,-26.239999771118164,0.169213777694082,3,31.275702156803277,0,0.039348517232813601,-0.025220191367615663,12,-25.085179384793914
129,3,-37.547471852895661,-37.5246440021239,0.26137885689550505,3,-24.529788722871846,-24.42543385151351,0.22899763646118512,3,21.752706606365621,21.771221151215538,0.22244079715646092,3,45.017585023494213,45.036923844675307,0.077728025076689286,3,,,,0,-37.672491521813782,-24.612667115509211,0,3000,2998.341076004373,2997.5709975822224,1.3656427862569878,3,1256.3421993711083,70,,70,0.01,4,1,-20.12000020345052,-20.159999847412109,0.24248684247719818,3,31.234903005598028,0,0.036027511400461058,-0.017613180020516192,12,-18.540931487093786
130,3,-43.373893846299232,-43.469456575433753,0.20362549202156685,3,-11.29209119176118,-11.243631300403772,0.098568207043572567,3,10.234667120337635,10.249580985504689,0.15164467166634521,3,42.705124299933537,42.701389236851917,0.082533470390156641,3,,,,0,-43.623011967269868,-11.046846921335964,0,3000,2999.8708474388623,2999.3446720490037,1.2101836356801643,3,1256.5044230883288,70,,70,0.01,4,1,-10.149999936421713,-10,0.26851452185436103,3,31.02156305681233,0,0.034077114592728462,-0.0084905439748306135,12,-9.0368380631378891
131,3,-44.802401894015723,-44.583528402024548,0.38503810647374825,3,-0.074675763130486711,-0.09183267180262214,0.32121787038751237,3,0.97973049340475138,1.0488912789251992,0.13048325381898462,3,42.107606839267419,42.112104807167476,0.14996217505930792,3,,,,0,-45,0,0,3000,2990.6128073896325,2991.3574425795355,3.2139387369855617,3,1252.901232492417,70,,70,0.01,4,1,-1.549999972184499,-2.5699999332427979,1.9603060567449844,3,31.410795127052285,0,0.033608677607517304,-0.0011395587100705882,12,-0.64277665150267793
132,3,-44.69085088926559,-44.566584675319227,0.33481924214488967,3,3.4542359669394487,3.5407864702331118,0.17254573270801651,3,-2.1383443370148583,-2.0430557924241506,0.1976108342182169,3,42.186993265851918,42.20525777128848,0.21496655870902207,3,,,,0,-44.846302185300146,3.716070546254949,0,3000,2998.2953951192176,2998.8300265148819,4.6611799954232191,3,1255.30752957037,70,,70,0.01,4,1,1.2700000405311584,1,2.247198303126666,3,31.51730672248998,0,0.033579381875140375,0.0013474274536544027,12,2.1145054564329149
133,3,-40.990374705160669,-41.060728239332576,0.33094926339059655,3,17.791874226521671,17.678574895155492,0.23020484869920921,3,-14.268628813763002,-14.241592128804836,0.12909046096924151,3,43.825395422877271,43.798593484407348,0.12027384410255486,3,,,,0,-41.209799699477585,18.076294109383618,0,3000,3000.0675552550397,2998.3135801344451,5.6350869453589096,3,1256.3746996527161,70,,70,0.01,4,1,9.7633336385091152,9.6000003814697266,0.51481375403618101,3,30.594911162996155,0,0.03474081155301597,0.011030726001201861,12,12.843092900853286
134,3,-33.061125283364056,-33.121418412062731,0.166306674186387,3,30.477452634329413,30.50570238441896,0.073294587605970379,3,-24.682293857924595,-24.688919988686749,0.045282965972853528,3,47.176883758480521,47.180982775668461,0.015031672149677178,3,,,,0,-33.107575980290925,30.477670723158344,0,3000,2999.7275161455295,2999.9354621255857,0.50161704193883816,3,1256.4929304920799,70,,70,0.01,4,1,19.90333366394043,19.829999923706055,1.0918487581777052,3,31.042946274071266,0,0.037303917988444804,0.019380676177425137,12,21.332104280950766
135,3,-21.553223976414873,-21.583942677875044,0.091269558851424348,3,39.64514744735623,39.778002948788341,0.23549165780952525,3,-33.08580987208628,-33.093411538875699,0.10318051188291118,3,51.950058242999468,51.936076447480175,0.031441280947581259,3,,,,0,-21.417632686668316,39.576318804292001,0,3000,2999.4892163255086,2999.6588351734486,3.3707037303228606,3,1256.4319733801028,70,,70,0.01,4,1,25.183332443237305,25.209999084472656,0.46057938231242779,3,31.357221983803367,0,0.04103175329885498,0.026161605505702956,12,26.286922231244105
136,3,-7.4155791828744162,-7.4370663234034105,0.091305299498620054,3,44.343329145406734,44.364180941698891,0.046988655131637171,3,-38.052548680656741,-38.105005932083294,0.10317794124766241,3,57.650155249104387,57.667510988534772,0.085305470855029888,3,,,,0,-7.4067565626330376,44.386258653122503,0,3000,2999.3795110874526,2999.4180266721191,1.6632069406759431,3,1256.6075462100396,70,,70,0.01,4,1,25.816666920979817,25.780000686645508,0.17785774178379873,3,31.060626114218383,0,0.045524732149020787,0.030222954655470438,12,26.914066743942865
137,3,-0.022994901347855468,-0.0049495655178245302,0.13596214584897165,3,44.869581115848263,44.795121820664278,0.1336573367873557,3,-38.626300998126617,-38.701643897634817,0.17870099746310728,3,60.581901667340048,60.574545082130015,0.028996598892630541,3,,,,0,0,45,0,3000,2998.8791003998617,2998.1894778126161,2.6872586815831259,3,1256.2430920242557,70,,70,0.01,4,1,24.786666870117188,24.790000915527344,0.10503923440284679,3,31.255669717022943,0,0.047867491760122262,0.030747290308974166,12,25.782016023004481
138,3,-0.048611281089500524,-0.037644758837757274,0.15830838769131569,3,60.053306270365191,60.070792255043635,0.1571022937521761,3,-51.456718072291892,-51.425651021477222,0.1301885966080425,3,61.699968949544349,61.716549446153529,0.1220160742664847,3,,,,0,0,60,0,3000,3001.8228317600829,3001.8947368182276,2.0067559731634401,3,1257.4888881891914,70,,70,0.01,4,1,33.870000203450523,33.869998931884766,0.030000686665718344,3,41.706592034229189,0,0.048588449934396698,0.040919830340273605,12,35.038634765849238
139,3,-14.324284480005465,-14.242719028569031,0.25392387417009804,3,58.151990604028505,58.144539616889205,0.044499093051059563,3,-49.117492229010857,-49.064544740902072,0.09840874937124576,3,55.818372696514956,55.865423687017312,0.092488668221471865,3,,,,0,-14.358939857253459,58.256509045563121,0,3000,3002.20826963738,3002.9135494508032,1.3495339611561656,3,1257.5688980610239,70,,70,0.01,4,1,36.296666463216148,36.310001373291016,0.080829157257781795,3,42.354413100097858,0,0.043923520115391947,0.038943591448326605,12,37.344950539500815
140,3,-27.750864918729068,-27.764318698613003,0.16781009583958129,3,52.993317052721416,53.03628183096064,0.090608144589220216,3,-44.323198138332117,-44.313718610324301,0.087094065650718269,3,50.358170838192507,50.348392059637604,0.046486559049938557,3,,,,0,-27.883390322626113,53.127361539192599,0,3000,3000.9183535992611,3000.2699990213996,3.2390882612644636,3,1257.1322986632642,70,,70,0.01,4,1,35.859999338785805,35.869998931884766,0.055677890280053002,3,42.17378459439778,0,0.039636431042817631,0.035036638177206612,12,36.87315564422893
141,3,-39.641135517488067,-39.6063990955561,0.15246825051423651,3,44.970649764768588,44.941087130195477,0.086211360081494381,3,-36.908654507520978,-36.887153014635331,0.091527422324591087,3,45.41526821555771,45.439330154777366,0.095163460010218526,3,,,,0,-39.78735949444772,44.910644890266063,0,3000,2998.9050215836846,3000.6463702984211,4.6187961945553671,3,1256.0812633334074,70,,70,0.01,4,1,31.726666768391926,31.770000457763672,0.10214316430261082,3,43.062809290827374,0,0.03579829031011874,0.029068376559848806,12,33.146109962354387
142,3,-49.441642250877614,-49.481331703411321,0.07469050370566338,3,34.030890301670162,34.077811030157882,0.084762093013002845,3,-27.551033109925168,-27.551515961273356,0.060551241698702102,3,41.221429142000474,41.174780446168839,0.10166727406473815,3,,,,0,-49.379031953619382,34.083884803869338,0,3000,2999.5278955701419,3000.0843708745001,3.5417949109958591,3,1256.4969669375444,70,,70,0.01,4,1,24.956666310628254,24.879999160766602,0.23459141375846204,3,42.581013332372528,0,0.03253578903467088,0.021533372064845797,12,26.062405747227785
143,3,-56.031777357783142,-56.027778077778287,0.25068016576335134,3,21.296647492295488,21.3149686890665,0.043057825082854481,3,-16.779255385534018,-16.772434117865025,0.12725390689741728,3,38.32646843171969,38.316196183152037,0.049038149370292702,3,,,,0,-56.100974561124893,21.276293222552141,0,3000,2999.8772796768039,2999.1637714236117,4.2840038911296938,3,1256.5077837343961,70,,70,0.01,4,1,15.340000152587891,15.380000114440918,0.11532574337228226,3,43.243524880713721,0,0.030332881698131416,0.012907948380353676,12,16.430927744932088
144,3,-59.524466506224051,-59.422299951239985,0.49164785749594125,3,7.2313493331615746,7.3219057982833684,0.36555587369672427,3,-5.178098441487994,-5.1271906452796312,0.11321259318002033,3,36.882931846559153,36.855505640252353,0.20226251384047697,3,,,,0,-59.562532445883242,7.2322008153193655,0,3000,2995.1847279408089,2995.5259263037569,4.0173250851690376,3,1254.751909009922,70,,70,0.01,4,1,3.9933332602183023,3.75,1.6187751496765794,3,42.025974700052785,0,0.029336969395227643,0.0036523983295167197,12,5.1546352332704108
145,3,-59.992569008725127,-59.91031654716803,0.35383600159508588,3,-0.046662544054178974,-0.16390701500464547,0.30724883585611124,3,0.25998701827490345,0.19478571908498246,0.18018922798522968,3,36.510814158236798,36.518024929660051,0.042177500386074554,3,,,,0,-60,0,0,3000,2997.7135555775308,2997.7631364142221,3.2510088589362183,3,1254.5745282936223,70,,70,0.01,4,1,-2.1266666650772095,-1.8400000333786011,0.52271727864332695,3,42.519140235931836,0,0.029102520384609781,-0.00068542178162324331,12,-0.50973853408380287
146,3,-59.91769556813,-59.726055366563138,0.51340349303575428,3,-7.1266272288618611,-7.2232581778011244,0.30978863970149018,3,6.2831630863679786,6.0678558778987659,0.38094866895223761,3,36.614295654974192,36.727461678746359,0.20419937776739031,3,,,,0,-59.562532445883242,-7.2322008153193655,0,3000,2990.9297317164942,2992.4040042914453,5.3738112027477891,3,1252.7431844941409,70,,70,0.01,4,1,-5.8433332443237305,-6.1399998664855957,0.7880567861870289,3,41.473419880959447,0,0.029284184006218707,-0.0054938155938388722,12,-6.4544908004736259
147,3,-56.21578930870222,-56.017402243513061,0.42572837092672816,3,-21.302538711068454,-21.243368690990483,0.24282538043351093,3,18.409283357548485,18.407501893644934,0.19948764398176078,3,37.995649371996983,38.05418210166868,0.15305926508841103,3,,,,0,-56.100974561124893,-21.276293222552141,0,3000,2995.5945567515578,2995.2997805021369,7.1805267096305343,3,1254.898696946884,70,,70,0.01,4,1,-20.03999964396159,-20.069999694824219,0.53563031936196492,3,42.372208135334034,0,0.030447616888971015,-0.015117906566316652,12,-17.981719053093471
148,3,-49.272813968236683,-49.290269839773572,0.095481456445984741,3,-34.149264750222677,-34.156078154673821,0.11222546099350778,3,29.157275879654069,29.162709073789792,0.11738007269770646,3,40.712786553044715,40.729422737614165,0.1301601869661024,3,,,,0,-49.379031953619382,-34.083884803869338,0,3000,2997.1238340930436,2997.6132005617037,1.5080820873572756,3,1255.3544273440727,70,,70,0.01,4,1,-28.846666971842449,-28.850000381469727,0.14502823828815697,3,41.556120203367499,0,0.032703337245884118,-0.023618830963990253,12,-27.366734232737215
149,3,-39.856765437729074,-39.772642462041311,0.30516512965695874,3,-44.714741654069549,-44.672435872230089,0.18391683223812375,3,38.687019409906917,38.748800230352025,0.23140939786309553,3,44.495028495204885,44.510534604387679,0.17268033105024436,3,,,,0,-39.78735949444772,-44.910644890266063,0,3000,2991.9867843305583,2991.5831975447059,0.86139295481405753,3,1253.6712262725307,70,,70,0.01,4,1,-35.460000356038414,-35.439998626708984,0.16093477888270152,3,42.581846989268406,0,0.035848454499007358,-0.031176903677126864,12,-34.146779022656389
150,3,-27.695459905044846,-27.634682243134598,0.10690053034480032,3,-53.282844395211136,-53.282902805050803,0.062830772194098897,3,46.285827297311528,46.303113648765532,0.088372320122097919,3,49.167770013239682,49.162826060944283,0.023433351144684544,3,,,,0,-27.883390322626099,-53.127361539192599,0,3000,2992.0833318053233,2990.8461458116672,3.5981368481784197,3,1254.4229230528545,70,,70,0.01,4,1,-38.726666768391929,-38.659999847412109,0.23713714507828643,3,42.360574643721513,0,0.03962028877488688,-0.037118886334636982,12,-37.669275718637806
151,3,-14.519879369461103,-14.619652873924156,0.28050417714859216,3,-58.150322425219166,-58.282038368100636,0.3386509805729257,3,51.017013652546588,51.011815312037164,0.016784775701506067,3,54.656502242255776,54.630818134899123,0.067341140443473668,3,,,,0,-14.358939857253487,-58.256509045563114,0,3000,3001.4605341321749,3000.5934726309706,3.4256802414012606,3,1257.4049894504099,70,,70,0.01,4,1,-38.793332417805992,-38.680000305175781,0.2050200860362078,3,41.798140050530513,0,0.043930162461540377,-0.040688730262318527,12,-37.744182797234863
152,3,0.0087703531221924678,0.054713582800764216,0.25018502484567062,3,-60.121554916537121,-60.11055473267043,0.18486874534315703,3,52.917782035215708,52.927249619731768,0.059263860348590207,3,60.303776841476413,60.279472681694656,0.13037196308852667,3,,,,0,0,-60,0,3000,2999.8395011099933,2999.9788389709101,0.75561259566085826,3,1256.7408750249967,70,,70,0.01,4,1,-36.020000457763672,-36.029998779296875,0.026456676884487516,3,41.892284650649714,0,0.0484626493822208,-0.042107084589440083,12,-34.959366506799313
153,3,-0.17568358777738743,-0.21290576745671283,0.22012653822716974,3,-60.053032677597834,-60.061643548103568,0.036594191076178416,3,53.146726818008176,53.161625019567964,0.14286224934535244,3,60.244717437947799,60.239269623519071,0.12073061388524725,3,,,,0,0,-60,0,3000,2997.1354798995194,2997.0992966760969,2.1031252176595117,3,1255.4101927035326,70,,70,0.01,4,1,-36.110000610351562,-36.080001831054688,0.1967227136123722,3,41.594660613074986,0,0.048466428039502539,-0.042335552126935024,12,-35.015923782130635
154,3,0.18234468651001964,0.098932561406795724,0.35045043371854295,3,-75.125918013144286,-74.874505103168843,0.62740842132002961,3,65.031529380952108,64.990367859185028,0.19729486693845893,3,60.569811646237049,60.519597461946013,0.31622980196623113,3,,,,0,0,-75,0,3000,3005.8047468640107,3005.2600832370836,4.8870586723830947,3,1259.4229937488396,70,,70,0.01,4,1,-45.176666259765625,-45.209999084472656,0.10408171178818741,3,52.511642624773827,0,0.048689813613643967,-0.051634523314932859,12,-43.781419975763249
155,3,-14.745240824959687,-14.665128248468594,0.24523978439289904,3,-73.452313833891566,-73.470232182484025,0.19359919317274249,3,63.410918685494408,63.445538408036789,0.084338040741829198,3,55.034127605051331,55.058470395568058,0.072921680703814454,3,,,,0,-14.631774151209621,-73.558896030242281,0,3000,2999.975872149711,3000.1402029256333,4.082139113931663,3,1257.2092468173441,70,,70,0.01,4,1,-49.093332926432289,-49.080001831054688,0.090737621986795969,3,53.67192592991595,0,0.04435908412586842,-0.050555125373634956,12,-48.044698406010752
156,3,-28.594062796959758,-28.552258709926559,0.12426977596653141,3,-69.355280132607191,-69.419809653810148,0.41498975479209538,3,59.064004643002271,59.039121914617915,0.044295940365969462,3,49.391992729973005,49.473912662126025,0.23627738356941547,3,,,,0,-28.701257427381734,-69.290964938346505,0,3000,3004.9713773976205,3005.4826929689434,1.196603968359949,3,1259.0862497136106,70,,70,0.01,4,1,-50.716665903727211,-50.669998168945312,0.19425141194965645,3,53.89604218449805,0,0.039779280841714726,-0.047137315084229928,12,-49.281006166191943
157,3,-41.856101258139553,-41.798145592110082,0.22615802804761301,3,-62.247914922793278,-62.168927446224714,0.2124264247444492,3,52.848328695717896,52.864706401135393,0.12719544015295434,3,44.245619778785937,44.292679290661411,0.11100580693364945,3,,,,0,-41.667767476470161,-62.360220922690893,0,3000,3002.9960912795686,3005.1449831392501,4.0648478456838246,3,1258.5164482968787,70,,70,0.01,4,1,-49.203334808349609,-49.150001525878906,0.092375954973680396,3,54.396331300187903,0,0.035651579277118574,-0.042325143847252965,12,-47.889623764094871
158,3,-52.979702416786374,-52.973974166122041,0.032176532859296225,3,-53.180566422564134,-53.136713331876528,0.19233342486995958,3,44.776874353287972,44.712507811933598,0.17048567288670319,3,39.649293573302799,39.621179529558319,0.11525809664060513,3,,,,0,-53.033008588991066,-53.033008588991066,0,3000,3000.4009816693192,3000.7127102644417,4.017454981149112,3,1256.6828123745006,70,,70,0.01,4,1,-44.740000406901039,-44.770000457763672,0.079371472386198169,3,53.380741678406935,0,0.031973938723333303,-0.036052590941264596,12,-43.325372537874586
159,3,-62.372968540485225,-62.27334657464796,0.19451397185171057,3,-41.655505671941334,-41.755038751088136,0.22934019820718232,3,35.242895028991271,35.184846653834356,0.18179029364491411,3,35.907274596402573,35.868935634731976,0.13723561913024865,3,,,,0,-62.360220922690893,-41.667767476470161,0,3000,3002.6590901235718,3002.8938289418579,1.9797871899195261,3,1257.5158133223943,70,,70,0.01,4,1,-37.083333333333336,-37.099998474121094,0.26539210934417645,3,53.891832383950799,0,0.028885385987436087,-0.028521808103259896,12,-35.786702392538935
160,3,-68.974524805994022,-68.946607162660484,0.081425479747141372,3,-28.899172800419098,-28.900036482362221,0.12473508313478081,3,23.928729979272546,23.91060867363305,0.046631872830457909,3,33.425324381066936,33.410044547936693,0.035629140977094062,3,,,,0,-69.290964938346505,-28.701257427381734,0,3000,3005.6788397643854,3006.3264490920301,3.6236836176449763,3,1258.8712829141193,70,,70,0.01,4,1,-27.143333435058594,-27.149999618530273,0.050332371045692645,3,52.063531602470839,0,0.026781384694888725,-0.019555990800222238,12,-25.473900440253697
161,3,-73.741355909114873,-73.896915641498865,0.34540796946463942,3,-14.553478780805934,-14.607426900078911,0.11072503044402411,3,12.32003183591803,12.3266909691256,0.10844274784494232,3,31.515806249360782,31.48176837428986,0.12781006324635827,3,,,,0,-73.558896030242281,-14.631774151209621,0,3000,3008.2542881084905,3007.3827669810398,1.5370449495596266,3,1259.7621591076443,70,,70,0.01,4,1,-15.106666564941406,-14.909999847412109,0.38475126067078769,3,51.822145014451827,0,0.025132792573795228,-0.01036500842687516,12,-13.561192065987621
162,3,-74.662268046311382,-74.6143192186058,0.24662376402823208,3,-0.26130359435729189,-0.28882295342937475,0.19629224907328888,3,0.27089867365133835,0.24469201710334643,0.057612663783039711,3,31.228641769739045,31.201571774469286,0.19578183838891694,3,,,,0,-75,0,0,3000,2998.7965283089266,2999.6012054211992,2.1338973966477028,3,1256.7234908692033,70,,70,0.01,4,1,-1.7566666603088379,-1.9900000095367432,1.9007717603181873,3,52.937864986571718,0,0.024851333672518332,-0.00080966207881631258,12,-0.80333939962462397
163,3,-75.218872913962841,-75.291118098516208,0.52639025811873907,3,0.10753116985250642,-0.11376972335804744,0.42803963604943412,3,0.67207447223309702,0.60501308409128418,0.27150784048023324,3,31.002830756434975,30.969111399605705,0.29567724724887012,3,,,,0,-75,0,0,3000,2997.8975120328828,2995.0317169067694,6.4727307671307166,3,1256.0687459352007,70,,70,0.01,4,1,-1.9333332826693852,-1.5199999809265137,2.2782960764568636,3,52.860680815428829,0,0.024681575387543158,-0.0011339054538072248,12,-0.99164461861379594
164,3,-73.234982124371712,-73.220913779754227,0.61279399735894446,3,14.258456955006857,14.485130161593922,0.52853882121717566,3,-11.534944690511511,-11.561055730701984,0.102462181472458,3,31.982786190319221,31.93167094160026,0.25723293344616216,3,,,,0,-73.558896030242281,14.631774151209621,0,3000,3000.3577584129248,3000.7132541682445,3.7407140324272499,3,1256.3641245408719,70,,70,0.01,4,1,12.316666603088379,12.25,0.16072758190723263,3,53.192509264726446,0,0.025343131818894381,0.0085982993769545216,12,11.892603063792372
165,3,-69.255570445118593,-69.282584793169164,0.27405460751188637,3,28.714216029736168,28.755717573377108,0.1992187045633054,3,-22.665946651973005,-22.683753617788923,0.03753173252006551,3,33.745443173558876,33.721352066147098,0.088668808268462337,3,,,,0,-69.290964938346505,28.701257427381734,0,3000,3003.7454283764268,3002.6863188754819,4.7611690299368625,3,1257.3693951292025,70,,70,0.01,4,1,22.673332850138348,22.719999313354492,0.19425118283811729,3,54.370596070793916,0,0.026609762527123913,0.01747568457816958,12,23.692403689006923
166,3,-62.319409633655305,-62.307900992768111,0.084114914991669912,3,41.636046283122518,41.634124636116155,0.092746488451727532,3,-33.567670772433999,-33.581937203185845,0.042625678767046184,3,36.784238335131455,36.794804080055435,0.05946772320396404,3,,,,0,-62.360220922690893,41.667767476470161,0,3000,3006.5553610278566,3005.3425221505904,2.1557565469465283,3,1259.1324614404296,70,,70,0.01,4,1,32.629998524983726,32.619998931884766,0.036055279994468087,3,54.062738506010056,0,0.028883281931033605,0.02616442485996226,12,33.99764608759169
167,3,-52.804295765407716,-52.789464867110048,0.11253493756897776,3,53.031204436941202,53.027854503097636,0.02216913078068642,3,-43.191373317143523,-43.211935394207082,0.10828303317123252,3,40.859286347454429,40.843285509836001,0.039837152018620911,3,,,,0,-53.033008588991066,53.033008588991066,0,3000,2997.1676844025792,2999.3537084300315,4.0343834659120459,3,1255.3530734980013,70,,70,0.01,4,1,40.903334299723305,40.900001525878906,0.13503107914206838,3,53.699496740980635,0,0.032125602871795757,0.033985124392621614,12,41.978639683276199
168,3,-41.732269065806236,-41.758917430698979,0.16075727983515001,3,62.400887840355757,62.454137625658291,0.12182118586712563,3,-51.388963167710521,-51.506918903612686,0.25382137434071445,3,45.70939669075014,45.721766174759559,0.14510201918436452,3,,,,0,-41.667767476470161,62.360220922690893,0,3000,3000.2951370128917,3000.2276117591846,0.13090231210873782,3,1256.7356312618974,70,,70,0.01,4,1,45.810000101725258,45.770000457763672,0.096434759210234866,3,53.152835056697846,0,0.035874997645348856,0.04055876129323354,12,47.174890123265641
169,3,-28.540404071768048,-28.532545074938369,0.15332103788288276,3,69.282074894288272,69.259910444582516,0.23444811632515686,3,-57.744775440552729,-57.722694914262036,0.052722318804312017,3,50.985830180949534,50.992049373518292,0.18916056231906683,3,,,,0,-28.701257427381734,69.290964938346505,0,3000,2999.456049675995,2998.9068379691907,2.6261743797655663,3,1256.4764245719468,70,,70,0.01,4,1,47.739999135335289,47.709999084472656,0.098487927314190635,3,53.164571547120453,0,0.040027021954781479,0.045730560698271881,12,48.939885763484227
170,3,-14.646459858578572,-14.581730204161836,0.19015631983560718,3,73.48830917222007,73.537315315909581,0.12659379452306216,3,-61.589159394414658,-61.592838571350121,0.067401672172795329,3,56.650506517067747,56.662493059753068,0.051891646075316523,3,,,,0,-14.631774151209621,73.558896030242281,0,3000,2999.5106175980454,2999.163031719419,0.62800404583361835,3,1256.2739815181847,70,,70,0.01,4,1,46.756666819254555,46.630001068115234,0.2369235633345077,3,52.771640018033658,0,0.044509099327021413,0.048908674142543705,12,47.846848618635214
171,3,-0.14162672242128135,-0.18451334758647731,0.20139047719046771,3,75.079231770124736,75.062428680860592,0.064368395965214403,3,-63.245412975934904,-63.296555522745358,0.17267083928136334,3,62.416776108739022,62.415762442421503,0.062360892042894071,3,,,,0,0,75,0,3000,3002.9361458648768,3002.9506066275476,0.59199164551104599,3,1257.8852945195185,70,,70,0.01,4,1,42.96333440144857,42.880001068115234,0.16196748465358016,3,53.141727366461062,0,0.049023535023193572,0.05027803169673619,12,44.253240732434158
172,3,-0.12886008015755959,-0.20296407643229805,0.17297279593862688,3,74.934328676830106,74.926241605976315,0.044889260206765189,3,-63.117942788819903,-63.088383007144294,0.06473706068830172,3,62.48788843918836,62.477546441579008,0.063146211453366324,3,,,,0,0,75,0,3000,3000.8832228016654,3000.5151649862851,1.1287782479676576,3,1256.6387733994172,70,,70,0.01,4,1,42.926666259765625,43.119998931884766,0.34356051610795274,3,53.14898433037547,0,0.049129906270046889,0.050226569101697593,12,44.255864928264401
173,3,-0.20425552105640896,-0.20994292939245662,0.10102850710641149,3,90.021916708725101,90.032219650117881,0.032152811827698198,3,-74.065024032946468,-74.031863048293502,0.060305025245516702,3,63.585330657511612,63.535944889834013,0.10418283677271384,3,,,,0,0,90,0,3000,3001.250876209238,3001.2958129146273,2.3155805239818346,3,1256.9157803534893,70,,70,0.01,4,1,52.569999694824219,52.419998168945312,0.28618331199497032,3,63.548044405963687,0,0.049872165239897848,0.058924378733559039,12,54.019482419892086
174,3,-14.697686068860312,-14.66282352365217,0.066891243683733392,3,88.708744381356425,88.570293740614375,0.2490651301257566,3,-73.028765614883767,-73.039844469892273,0.13743645193116594,3,57.577181747870732,57.582945659778737,0.067191348115754557,3,,,,0,-14.81351312526605,88.772517306245007,0,3000,3000.4598897360879,3000.684074174671,2.2524538914883472,3,1256.6849029104822,70,,70,0.01,4,1,57.016667683919273,57.040000915527344,0.058594908843568057,3,63.777618426565681,0,0.045110826248300519,0.057995276767788768,12,58.249453510822818
175,3,-29.313018434277051,-29.169053458815654,0.27048609449597155,3,85.210395279015913,85.203133116662244,0.070552021435880519,3,-69.53402956071325,-69.552082801857026,0.18167573839735701,3,52.042210739982785,51.980359926061006,0.14231345496341966,3,,,,0,-29.222952228421509,85.123551753057114,0,3000,2999.3961497055971,2999.1218639043877,2.8957820634039471,3,1256.4401414008114,70,,70,0.01,4,1,59.266666412353516,59.119998931884766,0.29838525359487983,3,63.191703272788175,0,0.040742177124427528,0.05510879276681932,12,61.044744906776145
176,3,-43.061949755635908,-43.169638586138902,0.2142687827609514,3,79.2000943539921,79.162262326770772,0.21328023578605723,3,-64.912707005206201,-64.814650564698255,0.18385034491663763,3,46.247852378041451,46.231393373019706,0.098223787513316299,3,,,,0,-42.835265373336618,79.152637608584016,0,3000,2998.9170046015515,2999.0954121160257,1.2264760973939055,3,1256.524462351694,70,,70,0.01,4,1,59.616667429606117,59.560001373291016,0.35837544062300425,3,63.648152453441419,0,0.036175858724968223,0.051317813094514726,12,60.899718160791359
177,3,-55.195439499164998,-55.060757760164655,0.2640652262577366,3,71.054487026784429,71.011857878462109,0.10643500436983791,3,-57.74880167591207,-57.766982645690767,0.078891977165163177,3,41.224151436515328,41.219103180926666,0.050680568906884611,3,,,,0,-55.279144142070102,71.022645845675427,0,3000,2995.8440098913215,2996.4468594977834,3.213400706605428,3,1254.988833271361,70,,70,0.01,4,1,56.090000152587891,56.119998931884766,0.060827449715617966,3,62.382644780707444,0,0.032282045459035083,0.04557558263831419,12,57.71218193303207
178,3,-66.298289310259435,-66.196209534125387,0.18775038247116377,3,61.103950028833644,61.115212606683365,0.14931872578301025,3,-49.60928151735795,-49.493344849430144,0.22316508088434189,3,36.297439688842296,36.240154023812742,0.1026937297983443,3,,,,0,-66.215151960581835,60.955341446316716,0,3000,2998.6851679091519,2998.0357999023072,2.2285718640426921,3,1256.2476959030271,70,,70,0.01,4,1,50.273334503173828,50.290000915527344,0.028867072976182653,3,63.026426428710174,0,0.028407136828936867,0.038962299221628693,12,51.827064662952395
179,3,-75.323705534298881,-75.330506111119817,0.23528719987412802,3,49.286780595696371,49.182121491922885,0.24327384834227006,3,-39.522327571373239,-39.446598687602176,0.13612108325788302,3,32.367513197453988,32.369874757134866,0.076349181282447984,3,,,,0,-75.344983043627565,49.225334231018422,0,3000,3000.1546172553681,3000.3751954832005,1.5578339022248922,3,1256.9754526741144,70,,70,0.01,4,1,41.259999593098961,41.169998168945312,0.4714873637426828,3,64.432501125834463,0,0.025358208327526426,0.03084315643042362,12,42.87654339422761
180,3,-82.470441986442765,-82.512503420447203,0.19076209086962381,3,36.028559536082945,35.999934179043073,0.10922032925780382,3,-28.652104386718744,-28.633047602757326,0.073061033186702914,3,29.222440536207671,29.21919079826835,0.11357681974513521,3,,,,0,-82.419599398955171,36.152588218767235,0,3000,3001.6099885107137,3000.787425991547,2.268196898156015,3,1257.0279225829797,70,,70,0.01,4,1,30.243333180745442,30.170000076293945,0.27736805938115611,3,65.288471132421549,0,0.022960631520054061,0.022137455713532376,12,31.835090842279776
181,3,-87.060533040150816,-87.147168690258468,0.34879560402599991,3,22.063612565333909,21.945552883312693,0.26001777156679612,3,-17.294901728925254,-17.371432393803502,0.23039247295239235,3,27.110496388302593,27.127702404874601,0.13365602193029194,3,,,,0,-87.246023934539735,22.093693842671929,0,3000,3008.012508802412,3008.742111182919,1.8326231632688494,3,1259.5971024621679,70,,70,0.01,4,1,18.516666412353516,18.899999618530273,0.681346885208018,3,65.328901103463977,0,0.021347985169294953,0.013039325325867086,12,19.27469144615694
182,3,-89.472520646274106,-89.688342915207713,0.59914120813388683,3,7.0527731753587792,7.2015216561897359,0.35974446985986663,3,-5.9856122876563944,-5.9876629045943179,0.23673936149472885,3,25.920128892192704,26.004933644412965,0.20263179343384924,3,,,,0,-89.692604370600293,7.4321410925099416,0,3000,3001.219609954896,3001.7676918175666,2.0134109729353402,3,1257.5966742041712,70,,70,0.01,4,1,4.4299999872843427,4.5500001907348633,2.3722772802038103,3,63.391926539387349,0,0.020554762660132817,0.0040481079392288106,12,6.0859499986349626
183,3,-90.048867033975327,-90.050351702256592,0.0043168857164393032,3,0.1945464036366954,0.11308051560169638,0.16261028348121992,3,-0.18725100158548988,-0.25231154817651985,0.19449698208309912,3,25.630608206106473,25.642689685067928,0.04825906457840775,3,,,,0,-90,0,0,3000,2999.4931161912514,3001.1605055699401,4.9771510763302516,3,1256.8330274565399,70,,70,0.01,4,1,-2.3700000122189522,-3.4200000762939453,2.1470677748083622,3,62.561245241736678,0,0.020391461858648777,-0.00056748800610184993,12,-0.56561479722415564
184,3,-89.693197037233816,-89.733129840152429,0.088256153179101807,3,-7.7153192874145198,-7.7320062019825517,0.14392761887212371,3,5.904819226362819,5.9666684569685566,0.20882783589833132,3,25.880098971915775,25.858500213545373,0.046857456933983868,3,,,,0,-89.692604370600293,-7.4321410925099416,0,3000,2991.9530897473651,2990.189362917466,4.8810588304148483,3,1253.5595685526835,70,,70,0.01,4,1,-7.5199999809265137,-7.5199999809265137,0.079999923706054688,3,63.199639333962864,0,0.020706835810570427,-0.0054259497253794043,12,-7.7571675305183909
185,3,-87.386042498406979,-87.434112601871732,0.20656615888186231,3,-21.826794533481536,-21.811165237688225,0.38623884861039859,3,18.706249024669173,18.664297996443707,0.076144848453843381,3,26.548760361503312,26.578359723553628,0.080095111093703042,3,,,,0,-87.246023934539735,-22.093693842671929,0,3000,2993.0781411255375,2992.64227201117,1.4870105226762298,3,1254.7764547550439,70,,70,0.01,4,1,-23.736666997273762,-23.290000915527344,0.7910324660632807,3,63.211015590294771,0,0.021332109162076649,-0.015604460360611127,12,-21.950683198602203
186,3,-82.426575588035107,-82.531774884417274,0.22626192005539994,3,-36.221706904899726,-36.070992292621156,0.26632111645182271,3,29.408216694190884,29.437733767502003,0.14530560303911386,3,28.523640118513558,28.490215805848091,0.10977241408657772,3,,,,0,-82.419599398955171,-36.152588218767235,0,3000,2998.5819217893136,2998.1032013436075,5.5138269490018557,3,1256.0513723323004,70,,70,0.01,4,1,-35.129999796549477,-35.090000152587891,0.13453535014192777,3,63.376992239137564,0,0.022997353312011293,-0.024069463332486166,12,-33.803601959936501
187,3,-75.262062030049108,-75.423107913941109,0.29710916219560746,3,-49.374120622978374,-49.275683565757006,0.2228634574344171,3,40.809764727883177,40.905892600737033,0.26843034642711838,3,31.261173670543258,31.180431278937107,0.2135876447734584,3,,,,0,-75.344983043627565,-49.225334231018422,0,3000,2999.2074621572806,2998.9700370542605,2.5600515026728217,3,1256.272849755014,70,,70,0.01,4,1,-46.353333791097008,-46.299999237060547,0.25423105827317977,3,65.49015220620538,0,0.02527708441917341,-0.033083884091173951,12,-44.855941821292376
188,3,-65.990434817972542,-66.005234739327435,0.16647144130471367,3,-61.074884728728556,-60.859154574441831,0.46175895986406112,3,50.33541687755487,50.388108548795564,0.2050260494763029,3,35.012960288768276,35.081557061373104,0.12947246890812372,3,,,,0,-66.215151960581835,-60.955341446316716,0,3000,2997.9300426871073,2997.5648753989512,1.3940114221991013,3,1256.5491231211354,70,,70,0.01,4,1,-54.229999542236328,-53.810001373291016,0.75359050221062973,3,65.235821285690676,0,0.028350430938640925,-0.040583627243372389,12,-52.915566118415214
189,3,-55.183621756249693,-55.151293931106494,0.35362317908570257,3,-71.096549186311165,-71.254976489694357,0.30479439014323795,3,59.251419263398013,59.233376102495917,0.17850137454076945,3,39.377786428269864,39.326120815759928,0.10274710833896057,3,,,,0,-55.279144142070102,-71.022645845675427,0,3000,3004.3688883460782,3004.9531397512128,7.0168535112739612,3,1258.7829331239625,70,,70,0.01,4,1,-59.976666768391929,-59.979999542236328,0.14502727384387418,3,64.661029427630282,0,0.03184723185008826,-0.047508791156347208,12,-58.631225363354154
190,3,-42.647651048995819,-42.440615134269038,0.48676701124360433,3,-79.284221284614532,-79.283614990180723,0.12044343435025813,3,65.991747343379558,65.862759103750207,0.23419584160888987,3,44.346364890159187,44.406542300586537,0.13466669562775913,3,,,,0,-42.835265373336632,-79.152637608584001,0,3000,3005.9984134960428,3005.6222649069505,2.165860157728805,3,1259.246597723509,70,,70,0.01,4,1,-62.633333841959633,-62.700000762939453,0.20816556151855364,3,65.146742600879747,0,0.035846201359296018,-0.052744413980503661,12,-61.097562276090869
191,3,-29.198315446246838,-29.236530703694758,0.19912928234325974,3,-85.337068656743938,-85.350909487682443,0.045714523114608635,3,71.562046907672865,71.573685709283339,0.10713060038366141,3,49.573414594713206,49.54891693579674,0.13602593454138354,3,,,,0,-29.222952228421509,-85.123551753057114,0,3000,3002.7624139857176,3003.3896573762981,2.1454547100662524,3,1257.8053644986912,70,,70,0.01,4,1,-62.226665496826172,-62.189998626708984,0.081446049410901875,3,64.703808347503596,0,0.040091087782392038,-0.057126509466568665,12,-61.07104505228898
192,3,-15.065660837394637,-15.0506996114397,0.17803401010853376,3,-89.022025902815543,-89.049421622642029,0.34582959646418904,3,74.658819475465563,74.65676601651127,0.01118207840183637,3,54.851848480178525,54.88471025223096,0.13347407189502197,3,,,,0,-14.813513125266027,-88.772517306245007,0,3000,2999.0641090472473,2999.0251267239446,4.2611052523166784,3,1256.5265444516269,70,,70,0.01,4,1,-59.303333282470703,-59.180000305175781,0.23115630250073332,3,64.297898717483292,0,0.044362030380769732,-0.059536725598174967,12,-58.153895194674107
193,3,-0.25571795660521485,-0.29942034556572422,0.13258528765043118,3,-89.975741000593828,-90.17749322729334,0.37820614280350856,3,75.98910638726629,75.980085318849945,0.15174575142824409,3,60.551703961072342,60.567439247456981,0.15739380219205282,3,,,,0,0,-90,0,3000,2995.7711153841469,2996.3747405760323,1.2346443771217759,3,1254.6057169692101,70,,70,0.01,4,1,-54.233333587646484,-54.220001220703125,0.49013578700405813,3,63.709150449304666,0,0.048980696118242219,-0.060570155658470744,12,-53.070759652799964
194,3,0.27602431724249582,0.25052286265401319,0.2479383152688337,3,-90.147776764116159,-90.190779909786272,0.12084603159838059,3,75.601311784585391,75.597936288510951,0.051851638473576926,3,60.680275117043159,60.605812637644391,0.13134748999608989,3,,,,0,0,-90,0,3000,2996.2834880783666,2995.4178895995469,4.8901953298198926,3,1254.9367644500296,70,,70,0.01,4,1,-54.39666748046875,-54.630001068115234,0.59534261077025108,3,63.453248318266695,0,0.049071598369876623,-0.060240925027440474,12,-52.884810421262983
195,3,0.067649431233182386,0.17763439930632499,0.3433236446032929,3,-100.39207775847643,-100.38574883970732,0.035872099481562586,3,82.246389118720131,82.276168346262367,0.080165430079430985,3,60.630199135189805,60.623411826694642,0.062198261540657392,3,,,,0,0,-100,0,3000,2993.4613118492366,2993.2676778859804,5.621263447257669,3,1254.3785424218038,70,,70,0.01,4,1,-59.629999796549477,-59.610000610351562,0.043589549544126922,3,70.766744422077878,0,0.049135183541786996,-0.065566900136554973,12,-59.140171239625566
196,3,-15.282687484766541,-15.481420847802358,0.3734142386622139,3,-98.922640473561103,-98.873660160417231,0.42186886633221027,3,80.831546368656731,80.888068378846015,0.11373465178831854,3,55.068797484355819,55.013953786894348,0.16715467418936239,3,,,,0,-14.904226617617416,-98.883082622512859,0,3000,3007.8333657927269,3007.8584875982419,5.5582542018192065,3,1259.8050722412202,70,,70,0.01,4,1,-66.036664326985672,-66.019996643066406,0.056862925837962375,3,70.323250108931205,0,0.04449737909799252,-0.064283257011683137,12,-64.610629943267369
197,3,-29.573272719474712,-29.62570139859919,0.40001099493975528,3,-95.781596093918139,-95.762688425067395,0.035733264456020271,3,78.155331773874778,78.187806329984525,0.076360416802661216,3,50.00270928735921,49.986155821246108,0.15492514317440437,3,,,,0,-29.475517441090414,-95.557280578614083,0,3000,3004.8979660704676,3004.2468058057671,5.7180611853389633,3,1257.8487683345631,70,,70,0.01,4,1,-69.623334248860672,-69.580001831054688,0.09291806440072102,3,70.957105749263476,0,0.040514031997480868,-0.062369234264101195,12,-68.699532277390304
198,3,-43.078456348520071,-43.07646187551633,0.10809215452563117,3,-90.262965450417923,-90.347732423782048,0.24502763352393581,3,73.825208563201741,73.837822590186207,0.033797716479666777,3,44.495423204132329,44.572944899245478,0.16560291010076753,3,,,,0,-43.388373911755828,-90.096886790241911,0,3000,3004.823661476275,3004.2991425171444,1.2461948576834814,3,1259.9611581043891,70,,70,0.01,4,1,-71.110000610351562,-71.230003356933594,0.49112122224305066,3,71.10757582586595,0,0.036031311415137476,-0.05893514466620943,12,-69.493536891537858
199,3,-56.300615072174963,-56.343210071745631,0.081185722102793775,3,-82.575522913784596,-82.602018576392638,0.3123330509759969,3,67.838435080175813,67.779007624523473,0.14830909262020958,3,39.305160408071913,39.2937495445697,0.024104836389544516,3,,,,0,-56.332005806362197,-82.623877431599496,0,3000,3000.616745756804,3002.3941009604528,3.8860839944483692,3,1257.1000322737282,70,,70,0.01,4,1,-69.716667175292969,-69.800003051757812,0.15307905815755748,3,70.851225215811155,0,0.031923406735281531,-0.054412090903521226,12,-68.394314275039761
200,3,-67.773269552945166,-67.668063519919826,0.30047883364218964,3,-73.505621030185452,-73.904338593484567,0.87934582671662098,3,59.962794097855671,59.965939776902594,0.10107579812390018,3,34.741974187033065,34.903445029908852,0.31389534739179353,3,,,,0,-68.017273777091944,-73.305187182982635,0,3000,3004.2322217442161,3003.8927631438323,2.1597308914398785,3,1258.6221825750952,70,,70,0.01,4,1,-65.946665445963546,-65.930000305175781,0.037858744128376025,3,71.138422512315358,0,0.028187196196359902,-0.048180087426487918,12,-64.046872965035334
201,3,-78.288909734189929,-78.264925214983307,0.14772432250286144,3,-62.018808685599112,-62.203937446736141,0.36958020401480962,3,50.882017357531304,50.864931988051531,0.087909051597561544,3,30.42682263859454,30.485975935922383,0.17178618192481598,3,,,,0,-78.183148246802986,-62.348980185873337,0,3000,3008.2575849354921,3008.919241471991,1.9914566128318982,3,1260.4133979613882,70,,70,0.01,4,1,-58.819999694824219,-58.689998626708984,0.28792515640953609,3,71.856287372184113,0,0.02463240296847561,-0.040990445308211422,12,-56.841234718407428
202,3,-86.641506412004006,-86.648745534329976,0.10951697333681291,3,-50.051857113740262,-50.096433322105185,0.17516326397026077,3,40.813836350732629,40.74683042209174,0.18278179391057153,3,27.054479323348897,27.069506187892049,0.041508301514164264,3,,,,0,-86.602540378443862,-50,0,3000,3004.8831389897846,3005.1412097122748,3.9883745117704934,3,1258.4153198084969,70,,70,0.01,4,1,-49.110000610351562,-49.090000152587891,0.46032697749495083,3,71.959404690492704,0,0.021896584903845228,-0.033121220600839066,12,-47.587646231365682
203,3,-93.113039531270985,-93.255740516281747,0.27521526197001195,3,-36.692017388529656,-36.627942339218151,0.30556020716186333,3,29.650697040940255,29.653837132065217,0.064256453328446012,3,24.653962335115107,24.606921693293373,0.095424398293251278,3,,,,0,-93.087374864420397,-36.534102436639529,0,3000,2998.9387689630439,2998.5520087083901,1.7304933093957255,3,1256.5642517267042,70,,70,0.01,4,1,-37.646666208902992,-37.939998626708984,0.56083235507763884,3,72.056156024836994,0,0.019912139371001544,-0.024337655153112172,12,-35.961235324965472
204,3,-97.592228417176457,-97.548498218483601,0.087737260684793608,3,-22.239109058908735,-22.253325240147902,0.34456994423659826,3,17.46842923268737,17.522217547966775,0.17191312276265308,3,22.85257268728229,22.877306632651692,0.045117619717588264,3,,,,0,-97.492791218182376,-22.252093395631448,0,3000,3006.2749617778913,3003.4632134480962,5.6485550591142886,3,1258.9597613199837,70,,70,0.01,4,1,-23.903333028157551,-23.75,0.29194756748700712,3,69.749839442361989,0,0.0183285951519832,-0.014650469445918395,12,-22.048603044797677
205,3,-99.722091514222129,-99.722802243588717,0.0087281217054254821,3,-7.3109640349001843,-7.3675374313116588,0.26575032321230863,3,6.1530845880568075,6.1972009785128455,0.14701167320747197,3,22.052480359172112,22.034620316335015,0.059482128173283376,3,,,,0,-99.720379718118011,-7.4730093586424111,0,3000,3001.3346616761842,3000.5812168174962,1.4945567306571561,3,1257.3278986200255,70,,70,0.01,4,1,-9.5999997456868496,-9.6099996566772461,0.026457577992752401,3,70.307122194892187,0,0.017597310951109058,-0.0056869059463699276,12,-8.349161552294273
206,3,-99.345940354366121,-99.437493172496517,0.18173854886552029,3,-0.47966471607588135,-0.45974948275674443,0.16234798671716161,3,0.30801121179738938,0.20992316517743573,0.19933374849652657,3,22.2917948683601,22.290495824550746,0.10258927228175015,3,,,,0,-100,0,0,3000,2996.0705295136954,2995.0099582644157,1.9844365944169244,3,1255.7451135708789,70,,70,0.01,4,1,-2.6199999451637268,-3.2699999809265137,1.9289634031076794,3,69.133327291106639,0,0.017755666555705343,-0.0010364130437586535,12,-1.3377623422189759
207,3,-99.955656269275224,-100.25805159835646,0.7575664979518365,3,7.6677411601655434,7.5604895351621755,0.28262992768034706,3,-5.4736587251579181,-5.4670883313795606,0.34843864640284028,3,22.044189573158761,21.981328947940366,0.27247257742609027,3,,,,0,-99.720379718118011,7.4730093586424111,0,3000,3001.7159963944227,3002.1503090267338,1.4411248337726297,3,1256.8941373851933,70,,70,0.01,4,1,4.6200000445048017,4.0999999046325684,1.4896980653055729,3,70.972146594945343,0,0.017477615264605891,0.0035596491616811583,12,5.8778507758820613
208,3,-97.43102861306204,-97.491517273743952,0.25805991929509803,3,22.175710613632962,22.181225526231685,0.077969236794836902,3,-17.343217830031822,-17.267631844566676,0.17776343434807068,3,23.282148071796836,23.223723538696319,0.15753737925798558,3,,,,0,-97.492791218182376,22.252093395631448,0,3000,3002.9137186500652,3005.2154619019852,4.5781355074576267,3,1256.9381486829554,70,,70,0.01,4,1,18.476666768391926,18.290000915527344,1.260409895815344,3,73.510821411905098,0,0.018346480286101301,0.01302284250108318,12,20.108102135396884
209,3,-92.772721595931031,-92.806445827822088,0.1201850336794919,3,36.333468613568868,36.304571016787989,0.13161288520053621,3,-28.632838282847654,-28.541252679829686,0.26397497499889394,3,25.474321673220718,25.45236335178032,0.062396602135740116,3,,,,0,-93.087374864420397,36.534102436639529,0,3000,3005.4084642228659,3005.8456277612272,6.2545692629207412,3,1257.8015949056344,70,,70,0.01,4,1,32.073332468668617,32.049999237060547,0.10692630005193031,3,72.245221039359421,0,0.019964187586333091,0.022026614673649622,12,33.226046086593364
210,3,-86.946875491206242,-86.972210547992773,0.4100463892332501,3,50.142172243091345,50.216791706844283,0.1312774206237653,3,-40.302205697193443,-40.292627862443531,0.3427318428755517,3,28.066230982016545,28.091045602574205,0.166657710514307,3,,,,0,-86.602540378443862,50,0,3000,3003.4090796964542,3004.8102434482653,2.5648566370225696,3,1257.4300564176804,70,,70,0.01,4,1,44.383333841959633,44.240001678466797,0.79475520557974189,3,70.375409643389432,0,0.021921544756227328,0.031359785572982211,12,45.909950935756768
211,3,-78.202458967318947,-78.201160528478965,0.2789324315795581,3,62.383143490259407,62.304325387854512,0.14958070533713572,3,-50.01363338512477,-50.021722365356339,0.019644447152673966,3,32.088804849001811,32.070811183349576,0.039018334657273376,3,,,,0,-78.183148246802986,62.348980185873337,0,3000,2993.1335576016572,2993.0286306152298,1.4224347065939609,3,1254.1445180752323,70,,70,0.01,4,1,53.846665700276695,53.849998474121094,0.27501476456350371,3,69.478167278571092,0,0.025088793963226275,0.039255132152559727,12,55.619588342672806
212,3,-67.903249066622905,-67.922623791637179,0.16824877061265769,3,73.050040178779909,73.110608995118056,0.15633712762905355,3,-59.137317450955798,-59.170029022588295,0.1923384583240626,3,36.432257058893505,36.392900045134937,0.072046287507028198,3,,,,0,-68.017273777091944,73.305187182982635,0,3000,2997.7212005735942,2998.731078646787,2.6079351355818625,3,1255.8867488434921,70,,70,0.01,4,1,61.460000356038414,61.069999694824219,0.86377109706102662,3,69.37552327983569,0,0.028427528748099593,0.046547417602838807,12,62.848236097509208
213,3,-56.259151129969865,-56.205519890168695,0.10444334252724022,3,82.69269488774539,82.681225204141768,0.24413949819223099,3,-66.668145402460553,-66.795736239649599,0.28491491825569015,3,41.459620909299133,41.46896745775372,0.069534612013131394,3,,,,0,-56.332005806362197,82.623877431599496,0,3000,2999.0801556262218,2998.9597548153038,0.51969465383029734,3,1256.5146556814141,70,,70,0.01,4,1,66.069997151692704,66.089996337890625,0.072110559988936174,3,69.485573866991544,0,0.032337620398375989,0.052610252966219073,12,67.606717795333211
214,3,-43.377928753087168,-43.377270562655035,0.050575183367577548,3,90.117320958973622,90.090473813095073,0.052699899320999631,3,-72.780262582902495,-72.783060071863247,0.071453366247957395,3,46.884866078158495,46.900943879752013,0.036357086323708987,3,,,,0,-43.388373911755828,90.096886790241911,0,3000,2996.751494803922,2996.611771279187,0.61227003161956439,3,1255.4464823182718,70,,70,0.01,4,1,67.876665751139328,67.900001525878906,0.33560811281096936,3,69.829282324867108,0,0.036627362070947522,0.057626099012821848,12,69.605526731095765
215,3,-29.691056807338413,-29.650848773183277,0.36109070284871658,3,95.636185556921376,95.067188286067619,1.3020685043212969,3,-76.97641584142778,-76.368856110631413,1.1048709636330594,3,52.765398139930276,52.654585229044145,0.29749741033779892,3,,,,0,-29.475517441090414,95.557280578614083,0,3000,2999.5343795348695,2999.4484816725394,0.96784211014330124,3,1256.6600694141496,70,,70,0.01,4,1,66.819999694824219,66.709999084472656,0.72131467745034272,3,70.384374913783262,0,0.041227566265007731,0.06101849429265474,12,69.054609092664208
216,3,-14.960351993672056,-14.887057108814369,0.38357383349273666,3,98.998282299104517,98.881208602732997,0.38106691954360528,3,-79.880909403846601,-79.907793498651742,0.10257904466086541,3,58.540563067815363,58.519761070329992,0.08463951459072408,3,,,,0,-14.904226617617441,98.883082622512859,0,3000,3001.5764453292936,3003.8035365408841,4.143774727530297,3,1257.5106704555012,70,,70,0.01,4,1,63.533334096272789,63.340000152587891,0.343559387257103,3,70.662207407320565,0,0.045765480641192562,0.063404078992848029,12,65.751015739662932
217,3,-0.12473920311205161,-0.35723619553925506,0.94638144478536002,3,100.33982502831186,99.133003308951373,2.1533800208087293,3,-80.918092701342118,-80.04161455095408,1.5284644156462104,3,63.968870082350236,63.876036583338802,0.43597006485278961,3,,,,0,0,100,0,3000,3002.6308883649781,3003.5411482594677,5.1442849567807016,3,1257.852684582884,70,,70,0.01,4,1,58.159999847412109,58.200000762939453,0.361663509889741,3,70.301159336903552,0,0.0500579063063709,0.064329349772897934,12,60.369911422707283
218,3,-0.3603788950451714,-0.77110684834678866,0.81066108590642361,3,99.77149042009539,99.621444473322924,0.60415392030968684,3,-80.482414285299427,-80.588090613598894,0.30723757068716062,3,64.103224702688166,63.989297880955306,0.27720924214188897,3,,,,0,0,100,0,3000,2999.3493283591524,2999.0878492697943,1.1514975570974539,3,1256.1979620004643,70,,70,0.01,4,1,57.696666717529297,57.759998321533203,0.76696299468211804,3,69.455089597192227,0,0.050235322542629544,0.064065388522194747,12,60.421689788863603
