op_index,sample_count,id,id_median,id_std,id_count,iq,iq_median,iq_std,iq_count,ud,ud_median,ud_std,ud_count,uq,uq_median,uq_std,uq_count,iexc,iexc_median,iexc_std,iexc_count,id_req,iq_req,iexc_req,rpm_req,rpm_meas,rpm_meas_median,rpm_meas_std,rpm_meas_count,omega_e,rotor_temp_ref,rotor_temp_meas,stator_temp_ref,rs_used,pole_pairs,phase_selector,torque,torque_median,torque_std,torque_count,phase_current_rms,phase_voltage_rms,psi_d,psi_q,kt,torque_map
329,3,-0.3649901303732544,-0.41573885355138318,0.27713580205154575,3,699.8280410332917,699.90185107854825,0.97767200795199505,3,-205.01341860661671,-204.95680157239786,0.35045618633311049,3,139.95584985912197,139.98535829345144,0.1406460891530889,3,,,,0,0,700,0,4000,4000.0106952649476,3999.1068061981841,3.5415938869003001,3,1257.1288635672938,40,34.036666870117188,45,0.034799999999999998,3,1,683.43159993489587,683.440673828125,0.044462145899593332,3,525.26122224025448,0,0.091957027939940608,0.16307056729917019,9,579.72263283063774
330,3,-0.13502075467508373,-0.15759127573775994,0.44874098211077623,3,699.57782026916539,699.79978406324801,0.60937161634167269,3,-204.87537085010831,-204.8623894227884,0.08534569790457984,3,140.58361930986305,140.47957933724734,0.22976759249427495,3,,,,0,0,700,0,4000,3999.9154148671919,3999.077632738723,3.3510836264421995,3,1256.7632110287773,40,34.105555216471352,45,0.034799999999999998,3,1,683.16923014322913,683.17205810546875,0.035880799414024798,3,524.87027463790719,0,0.092490224208062438,0.16301453633428684,9,582.53507814061425
331,3,-40.192116476121676,-40.137429501198518,0.58295574875976663,3,698.63640587679174,698.63344355239815,0.54680889604943794,3,-206.76731488347286,-206.85198758235995,0.29822274459970333,3,133.36414945179007,133.36042340930621,0.23849544945522852,3,,,,0,-39.962167603937509,698.85837274829498,0,4000,3997.326000928228,3997.5880357726787,2.5072154765592329,3,1256.8124271493446,40,34.807778676350914,45,0.034799999999999998,3,1,709.94527180989587,709.962158203125,0.033236393436653834,3,522.42469643570575,0,0.086768399302531191,0.16340435915000726,9,604.68416701259241
332,3,-80.038559644714994,-80.027846451949529,0.24977635163723544,3,694.8794375266416,694.87022740213058,0.16064666186073312,3,-208.3790498196596,-208.38836176154422,0.03471468844991607,3,127.24935118913515,127.14430594659551,0.32780440652838516,3,,,,0,-79.793986923378455,695.43721474398501,0,4000,3996.5486305166273,3996.9754895222927,3.2562738496849994,3,1256.2562796258301,40,34.823333740234375,45,0.034799999999999998,3,1,735.22017415364587,735.213134765625,0.087188487485992741,3,520.99563924102176,0,0.082043408208002114,0.16365586487277789,9,630.98151345155168
333,4,-119.48035092709634,-119.27554373236987,0.51583156993507784,4,689.03403480819338,689.11486241665477,0.22170187283136955,4,-209.03872680700425,-209.01345733074064,0.16455721129792383,4,120.79570656628322,120.55993430526998,0.55303892566752089,4,,,,0,-119.36553484283658,689.74768509338514,0,4000,3997.1698847522343,3997.5855302635573,1.5318384125117452,4,1256.36775573258,40,35.223333358764648,45,0.034799999999999998,3,1,758.86679077148438,758.83755493164062,0.06722348491533231,4,508.02172442761076,0,0.077061291738185794,0.16307391658207321,9,653.23783398758042
334,3,-158.83766344156726,-158.87165758549617,0.35224683885764468,3,681.81900517147233,681.61176580280983,0.60934239383490463,3,-209.93825623361326,-209.88756465638306,0.17755657792860466,3,114.25053635354739,114.32012126711145,0.17246450745081834,3,,,,0,-158.54773719803509,681.8083418596334,0,4000,3999.0166465287598,3998.9763406109219,0.74899057616046072,3,1256.695669322007,40,35.356666564941406,45,0.034799999999999998,3,1,780.62872314453125,780.62872314453125,0,3,514.00946109221877,0,0.072032742042007547,0.16265728492255188,9,674.5445603793205
335,4,-197.63073036895688,-197.68782683527181,0.19998936709887499,4,671.66090559084739,671.64567895161838,0.47631440759715021,4,-210.09451183452063,-210.13011465118245,0.48828382280624771,4,107.3372184870275,107.00857689443235,0.8478686381665701,4,,,,0,-197.21278978900074,671.6450815301481,0,4000,3998.0919657389809,3998.3687037039681,2.3797025208697833,4,1256.8790773919786,40,35.706665992736816,45,0.034799999999999998,3,1,795.42205810546875,800.33364868164062,9.862266759160196,4,498.33347949953753,0,0.066803100220818326,0.16168378173607256,9,691.40443197515413
336,3,-235.6206116954404,-235.80984849502431,0.5740526218186186,3,658.8857501685851,658.84996508578922,0.36949163567866816,3,-209.6480255748144,-209.61805151255587,0.38414316078494154,3,101.26630664256891,101.38907209728566,0.23472604357163426,3,,,,0,-235.2345752508011,659.29105454766727,0,4000,3999.6494664696579,3999.0923486369243,1.2071446588662829,3,1256.7995519743747,40,35.794443766276039,45,0.034799999999999998,3,1,817.86704508463538,817.8546142578125,0.059064321254389048,3,497.97627911577894,0,0.062330609852333393,0.16028683967252119,9,709.52070457249658
337,3,-272.48287439994027,-272.40037101533949,0.17945223438095737,3,644.62010468695985,644.51043217358017,0.35972009842056318,3,-209.09409623050715,-209.10707294002916,0.16231846303586997,3,94.874305798188971,94.955470412156089,0.14352941571721312,3,,,,0,-272.48907442217404,644.78655718039511,0,4000,3997.7713911551941,3998.1615583152629,3.0599487384298247,3,1256.876005510497,40,35.806667327880859,45,0.034799999999999998,3,1,832.98565673828125,832.97003173828125,0.035854608888058241,3,503.10366478573206,0,0.057636175595268589,0.15881573944146882,9,723.85206056047286
338,3,-309.02221454550772,-309.00552185400505,0.23159273009121686,3,628.28205933110917,628.1559276094406,0.30103109993941124,3,-207.76965363073637,-207.85882141688239,0.25102540999593004,3,89.16171031187217,89.192082836683142,0.40148739355577884,3,,,,0,-308.85477087025492,628.17890008395079,0,4000,3999.0845991391311,3999.0136021219528,1.0997833609900474,3,1256.7253965597017,40,35.824443817138672,45,0.034799999999999998,3,1,844.94879150390625,844.95343017578125,0.078167260184166448,3,503.94038984536002,0,0.053549880372734678,0.15676907708230062,9,738.80600840769807
339,3,-344.24646441650322,-344.19452622855459,0.24140550649782508,3,609.27663541815116,609.21974052512098,0.42181250679861687,3,-205.6378778922759,-205.56036320623659,0.18365637825671075,3,81.854933639376142,81.975990137892126,0.26497062749049372,3,,,,0,-344.21304725192266,609.52225398384405,0,4000,3998.7949219655893,3998.6400365222912,1.2880192856055068,3,1256.5771827925578,40,36.2933349609375,45,0.034799999999999998,3,1,853.81083170572913,853.80804443359375,0.013552874426460092,3,497.20830358940043,0,0.048267712924751752,0.1541155637572576,9,742.15914898602659
340,3,-378.51336965947354,-378.44722050707071,0.57200892185947494,3,588.90583776179949,588.81160503507851,0.27960535766084299,3,-203.0090017196662,-202.95766727034962,0.12421277247296499,3,76.031814257870352,76.108031448181052,0.22977910159041581,3,,,,0,-378.44857221891817,588.87747298182683,0,4000,3997.9359616164015,3998.1102577506917,3.2095958969279663,3,1256.8538784110472,40,36.276668548583984,45,0.034799999999999998,3,1,859.28202311197913,859.2666015625,0.089744436963395652,3,497.61196524831172,0,0.044188025400353159,0.15104121466809961,9,748.74334715025236
341,3,-411.31749608629661,-411.34987467695191,0.60593614027122311,3,566.392000901752,566.15135460779061,0.51419528362294264,3,-200.14135576883373,-200.10562361368903,0.20053743991233369,3,70.20374958235486,70.302668515415988,0.21366904619019986,3,,,,0,-411.44967660473122,566.31189606246323,0,4000,3999.6213255196285,3999.5072527538664,1.6603717488792034,3,1256.8360839498273,40,36.283332824707031,45,0.034799999999999998,3,1,860.37554931640625,860.3787841796875,0.043455873966880679,3,496.2888243767552,0,0.040174934978227106,0.1478534148391373,9,752.12512369072465
342,3,-443.22650283294234,-443.30007620965858,0.3128258853938608,3,541.95369969107367,541.90421713537546,0.44492459918408322,3,-195.39317702610546,-195.21310423982058,0.37758765351234491,3,63.31659209090602,63.396623458638722,0.18259237997204644,3,,,,0,-443.10871766620932,541.89912744735761,0,4000,3998.0747493261192,3998.6440365492767,1.5593135259012032,3,1256.3410102372593,40,36.692223866780601,45,0.034799999999999998,3,1,856.30088297526038,856.2568359375,0.078202312679943445,3,492.27169403624947,0,0.0353857774118677,0.14324844390260891,9,744.02063830818713
343,3,-473.42749841709229,-473.61961839047967,0.43045306640671066,3,515.66113734676424,515.56872495028642,0.28403018621617304,3,-190.1181946054447,-190.07012029946841,0.20716972838605419,3,58.040123968040028,58.005103915824506,0.064848319066344196,3,,,,0,-473.32243019181374,515.71879651348331,0,4000,3997.1379274106876,3998.0638929341626,1.6340453648323057,3,1256.9431723555447,40,36.690001169840492,45,0.034799999999999998,3,1,846.9154052734375,846.90228271484375,0.026129819758501992,3,491.7128516080752,0,0.031898909409908582,0.13814699143090015,9,736.6645122607207
344,3,-501.77451952451156,-501.77788446144359,0.12580075437598265,3,487.66352488276425,487.59607428532547,0.16037183197443805,3,-184.79248445505991,-184.76237660929843,0.15325553284910129,3,52.243445376051092,52.141675057044608,0.21834449932941899,3,,,,0,-501.99226333127439,487.85629805870548,0,4000,3998.112164377364,3997.8137465927807,2.9697879348773957,3,1256.5585498886251,40,36.711111704508461,45,0.034799999999999998,3,1,830.50581868489587,830.52105712890625,0.050314975602589684,3,491.49209537444403,0,0.028070920143957713,0.13316588486102637,9,724.57570581572656
345,3,-528.93408225276198,-528.79802972419225,0.3794486397255829,3,458.19782760447214,458.07710530614247,0.21842990703817722,3,-176.51269832534811,-176.63553935402899,0.27988209311041085,3,46.420379702361828,46.477468876650754,0.17871026432733753,3,,,,0,-529.0247020479809,458.40251376169948,0,4000,3998.7176289534596,3999.133344658741,1.0981252665884971,3,1256.5059858332631,40,37.04888916015625,45,0.034799999999999998,3,1,807.947509765625,807.947509765625,0,3,492.20545397547539,0,0.024253840129154949,0.12582971672681906,9,699.01814335743006
346,3,-554.29651600125942,-554.38478616859766,0.24339591588051548,3,427.31278467789986,427.2493164049427,0.15590497979226584,3,-168.19918782426046,-168.16529659770561,0.15049779551869691,3,40.842501560315434,40.868210275644905,0.089430993098161132,3,,,,0,-554.33157214559265,427.45351574480657,0,4000,3998.2788853279017,3999.4369207718269,3.3163013001112196,3,1257.0309947676506,40,37.043333689371742,45,0.034799999999999998,3,1,775.33612060546875,775.40545654296875,0.1200933665404202,3,492.99221971449577,0,0.020661397182433983,0.11846141398839659,9,670.42465397741762
347,3,-577.81734082047694,-577.89868596549252,0.18701902300911377,3,394.98805489935393,394.97981435680333,0.19351776655378047,3,-158.48681279336697,-158.40823953320825,0.24640922662438983,3,36.159895186630919,36.091997970756921,0.12721530948131898,3,,,,0,-577.83032787394177,395.11025320673849,0,4000,3999.3752870542417,3998.9444886780402,1.3783764016892259,3,1256.7533143715734,40,37.041109720865883,45,0.034799999999999998,3,1,775.40545654296875,775.40545654296875,0,3,493.44132738808975,0,0.017835091914869112,0.11010813956119084,9,636.00336601508332
348,3,-599.62102405075927,-599.54787851345759,0.47074960460186327,3,361.42031764146896,361.31596203514721,0.20758892553155392,3,-146.63282810362011,-146.61896680987007,0.10691715925948528,3,30.465716090736318,30.431702551788756,0.059109766932611323,3,,,,0,-599.44432117611223,361.47822314727335,0,4000,3997.8594690469731,3998.1554147618403,2.8170760555351579,3,1256.8317529693988,40,37.253332773844399,45,0.034799999999999998,3,1,689.15114339192712,689.17840576171875,0.0838374545738272,3,495.44862098093637,0,0.014232843015423671,0.10006591269636377,9,586.31097318428783
349,3,-618.86094641006241,-618.57642107314507,0.50428950908652859,3,326.47995959375243,326.53301261654303,0.16926912970664526,3,-134.75466433476478,-134.65876243335029,0.17552315132056784,3,26.215589019254764,26.165945677437008,0.2188629319993117,3,,,,0,-619.10305169847004,326.66712625797152,0,4000,3999.1411134607538,3998.2292411470512,2.1725172490856224,3,1256.7091474931694,40,37.248888651529946,45,0.034799999999999998,3,1,635.30584716796875,635.35797119140625,0.20736547698343863,3,495.74732619423986,0,0.011819828362849501,0.090091095163537013,9,536.51517752100335
350,3,-636.91601305348922,-636.91639733666682,0.1396131885857281,3,290.69832652100951,290.70925509502689,0.11002452248222015,3,-121.61426801435523,-121.70246529986247,0.19371305891393412,3,22.069672483012997,22.086440699957702,0.28107928444330194,3,,,,0,-636.74239674816272,290.79050910132065,0,4000,3998.1138262248483,3997.240742405947,2.9618956727868295,3,1256.7957823421405,40,37.290000915527344,45,0.034799999999999998,3,1,575.32147216796875,575.32867431640625,0.02050299815025446,3,495.83743800537212,0,0.0095109888877935242,0.079129475255527562,9,478.47292603206154
351,3,-652.20955975907759,-652.16451478389877,0.54304558119182667,3,253.88260813498525,253.97154204018173,0.2991066940313909,3,-108.69408792217619,-108.75384515189121,0.26067719429727604,3,18.593348317309307,18.772805580732363,0.37083389930204502,3,,,,0,-652.3048204480167,253.96539374544849,0,4000,3998.4300411382469,3997.4380427205065,3.0091680022950462,3,1256.4184347745058,40,37.271110534667969,45,0.034799999999999998,3,1,510.18519083658856,510.23886108398438,0.28717264356295319,3,496.76408986980101,0,0.0077667067627538965,0.068446301695656464,9,419.51847659047826
352,3,-665.72020193017624,-665.72537046713728,0.023618816818889839,3,216.19688595658172,216.19048974604803,0.046473819156462634,3,-94.139214057957588,-94.10366238041739,0.2570599614175002,3,14.7811537744373,14.814873867685861,0.24772890501432257,3,,,,0,-665.73956140660744,216.31189606246321,0,4000,3997.8010121279581,3996.4394757988671,3.0858439577147903,3,1256.733728666456,40,37.291110992431641,45,0.034799999999999998,3,1,439.17140706380206,439.10723876953125,0.17480916900146862,3,497.09016458996706,0,0.0057748924673560959,0.056473499049076489,9,349.59656662948191
353,3,-676.87462355602679,-676.65899188421167,0.37829233021100966,3,177.76531394482242,177.71095395184477,0.27983009744037135,3,-79.23776919583112,-79.183020500388523,0.12131099866114667,3,12.251948382211852,12.378571461179183,0.29739093598370825,3,,,,0,-677.00279829137003,177.95283393544074,0,4000,3998.8397053978792,3998.1531860663813,2.3264330355279252,3,1256.5714882706698,40,37.332220713297524,45,0.034799999999999998,3,1,363.67251586914062,363.7103271484375,0.42775362768347469,3,497.27016370820917,0,0.0048271948819082677,0.044313063614640269,9,277.67246459786247
354,3,-510.31524887514001,-510.12207322955845,0.3367112899217693,3,-99.122366630383439,-99.138965677975818,0.34553368392977679,3,31.962642939902867,31.969685031918878,0.13692222494221898,3,46.294153459214861,46.397494581237858,0.18581033886377935,3,,,,0,-510.48832639836456,-99.003376765627493,0,4000,3996.2891245186688,3996.0124753504538,1.4245575327499613,3,1256.0731087264978,40,37.66444524129232,45,0.034799999999999998,3,1,-186.51009114583334,-186.48562622070312,0.04933666609399523,3,369.11170430126759,0,0.039602481314472256,-0.039584967829754174,9,-217.13673943873295
355,3,-501.38743575670998,-501.42767683614926,0.46727104566068711,3,-137.91751001117095,-137.88882966275202,0.14436477732183656,3,48.167570895393474,48.138889351727492,0.1765621061222474,3,47.740470062138989,47.849850091333835,0.21039293982704388,3,,,,0,-501.41181763563333,-137.79038114226415,0,4000,3998.2440439930374,3998.2424171252478,2.9677761379713998,3,1256.3646753869477,40,37.64666748046875,45,0.034799999999999998,3,1,-256.64535522460938,-256.62405395507812,0.039783359088111619,3,368.6518468441206,0,0.041819067695727713,-0.052226757839651895,9,-287.58079690823769
356,3,-489.30431435495399,-489.34191224983687,0.21221892137614279,3,-175.86763304900762,-175.84684945630414,0.080481732496660255,3,62.800938301874844,62.650148123719077,0.43621913410706681,3,50.481140672848575,50.444934660787943,0.18293014250730108,3,,,,0,-489.39282494937203,-175.76877677242138,0,4000,3996.5064533197383,3996.4690027126344,1.5011411235881891,3,1256.0446915030068,40,37.636666615804039,45,0.034799999999999998,3,1,-322.73471069335938,-322.694580078125,0.075939576185360291,3,368.77914813093594,0,0.045063153155182577,-0.063555643347294175,9,-351.20880517106377
357,3,-474.45419352640789,-474.43588513824812,0.20094060443631417,3,-212.8418092844212,-212.91216521993988,0.20819559231420884,3,78.251676310351158,78.251366142447566,0.16211936211923897,3,53.973694480769559,53.938349168094476,0.061229764768841378,3,,,,0,-474.50188056780604,-212.71569132909659,0,4000,3998.2396179419325,3998.1028921883076,2.6651268599304472,3,1256.3172669224657,40,37.641110738118492,45,0.034799999999999998,3,1,-384.75258382161456,-384.77337646484375,0.074090409576566443,3,368.10996273701221,0,0.048857554584303547,-0.075428941987882817,9,-415.67857338912017
358,3,-456.8406045116887,-456.79795957381157,0.1518690179768345,3,-248.55491112382447,-248.61279061042299,0.14632789828748344,3,91.701093002237656,91.63268893826843,0.32802664672419113,3,57.93779540236401,57.812733324241464,0.22555436452114844,3,,,,0,-456.82637047369008,-248.41430562637666,0,4000,3996.8120396227914,3996.1308340723299,1.5655020281498901,3,1256.1169311220801,40,37.656665802001953,45,0.034799999999999998,3,1,-441.37507120768231,-441.36676025390625,0.19603976349400049,3,367.50109017861377,0,0.05301059531933143,-0.085660135114273867,9,-470.78164544737729
359,3,-436.41689372120953,-436.55485553669996,0.266617233881491,3,-282.74598271602628,-282.64728528233303,0.22723261868629599,3,104.92657116942375,104.92121271563073,0.10453944985560845,3,62.359351531578319,62.376892663630009,0.09201494286632142,3,,,,0,-436.47002158861392,-282.65512600063505,0,4000,3998.7597049278174,3998.5315329830973,2.5308988835282515,3,1256.4919329399791,40,37.662222544352211,45,0.034799999999999998,3,1,-492.10248819986981,-492.09857177734375,0.048169484484297836,3,366.88068701635001,0,0.057460704551570624,-0.095594628124571909,9,-521.69304634694026
360,3,-413.38439349361028,-413.45116197809455,0.12802518636464524,3,-315.47879267710454,-315.49535778925724,0.059405434930972736,3,117.38853301404482,117.30509252222785,0.15743709645170476,3,67.839802601644635,67.85174194658201,0.1783330704621616,3,,,,0,-413.55229306218172,-315.23721370265173,0,4000,3999.000317394708,3999.8951833132519,2.3373410684520497,3,1256.4198671577535,40,37.921110788981117,45,0.034799999999999998,3,1,-535.81681315104163,-535.84344482421875,0.068656556971029695,3,368.4377539839964,0,0.062732583785951535,-0.10488079132791774,9,-568.32193895875616
361,3,-388.15710467890375,-388.16906803784929,0.14670109072517326,3,-346.08450653883716,-346.03479350546115,0.23480939989168115,3,128.56241721510426,128.59828312314528,0.11981188507531147,3,73.06597426269569,73.069221337582093,0.099848688526284354,3,,,,0,-388.2076752382207,-345.96936408609389,0,4000,4002.8012979051041,4004.2725008530947,2.5946749497133648,3,1257.0578506725658,40,37.933334350585938,45,0.034799999999999998,3,1,-572.43752034505212,-572.4090576171875,0.14201757334406798,3,368.13906558329245,0,0.067705487893584868,-0.11301809569218951,9,-605.70537451043492
362,3,-360.43028069066946,-360.607488349042,0.36674494816456948,3,-374.80963476277503,-374.81335028717268,0.08333482306701899,3,137.86690940734616,137.94943772067481,0.17158391342359949,3,78.397033582369218,78.550200128411362,0.28488111163012697,3,,,,0,-360.58490041196569,-374.6712286724092,0,4000,3998.4279349968801,3997.1373690680957,2.8015860159969339,3,1256.7615469333241,40,37.957777659098305,45,0.034799999999999998,3,1,-601.16477457682288,-601.14691162109375,0.057891333588979577,3,367.63294433663742,0,0.072758757693725848,-0.11968052614467943,9,-633.66452125661203
363,3,-330.83840164944098,-330.98010868881323,0.26696370620736309,3,-401.25915674585707,-401.1748121722444,0.2506600016257019,3,146.38863706534701,146.30473263662336,0.19094128910280017,3,83.984068202298488,83.988639834417484,0.11770720903864437,3,,,,0,-330.84607000981106,-401.17437350741039,0,4000,3999.009828325256,3998.4359371329956,2.8947899746159869,3,1256.499885157564,40,37.945554097493492,45,0.034799999999999998,3,1,-621.7142333984375,-621.724609375,0.025786251970047247,3,367.43658256286295,0,0.077952961248995048,-0.12566798875826943,9,-655.69622432310007
364,3,-299.09119148306235,-299.02834157639444,0.11726434038632544,3,-425.36203983045317,-425.44164087021073,0.16899344455160084,3,153.36278937054769,153.41431181926555,0.17102075028634131,3,89.903595377290131,89.951568116300734,0.08457721455983104,3,,,,0,-299.16570331368274,-425.32326759869312,0,4000,3998.3667623223487,3997.8941413491266,2.9242322158727041,3,1256.6763372287005,40,38.008889516194664,45,0.034799999999999998,3,1,-635.21150716145837,-635.20184326171875,0.046325013462022835,3,366.27077953043818,0,0.083319937888139434,-0.13032087736713213,9,-669.77068702949327
365,3,-265.60413306722825,-265.52007464076542,0.21886355448684267,3,-446.98716991006648,-446.91275851018088,0.226352856786423,3,159.37511735718149,159.41599806180724,0.32855730710465547,3,96.45661811109828,96.437208846417178,0.13868724852977327,3,,,,0,-265.72971331249755,-446.9761956333445,0,4000,3997.933860762234,3997.6635361195817,2.8629525164331726,3,1256.4785600785501,40,38.407777150472008,45,0.034799999999999998,3,1,-641.5770263671875,-641.59100341796875,0.097283089077210297,3,365.68058293453822,0,0.089147379973571583,-0.13419898002667047,9,-679.42384944996763
366,3,-230.75884511694053,-230.78114041297232,0.12051302644538119,3,-466.01033991233879,-466.05560230890677,0.21926236518495651,3,163.57315639660928,163.59108022155553,0.087403992642070258,3,102.08050074753169,102.12581021061951,0.20080355873819905,3,,,,0,-230.73431569081905,-466.00608961974893,0,4000,3996.7381430364471,3997.5033661494986,1.5284078816365134,3,1256.2755773511997,40,38.409999847412109,45,0.034799999999999998,3,1,-641.75748697916663,-641.76666259765625,0.015892637414826737,3,363.11367261996173,0,0.094165374786562644,-0.13659707097745,9,-678.62718591634757
367,3,-194.15502612110956,-194.21964872380423,0.48527797296531661,3,-482.23835926585252,-482.21623676938077,0.048238652054989312,3,166.65050685247516,166.50316623714826,0.27878298646606953,3,108.24363187209288,108.27551003715787,0.06290094287146579,3,,,,0,-194.38487735719968,-482.30127457308919,0,4000,3998.3365495211892,3998.4726016638324,3.0776082505696034,3,1256.5246298314376,40,38.395556131998696,45,0.034799999999999998,3,1,-641.721923828125,-641.721923828125,0,3,360.41815832441893,0,0.099501055376301453,-0.13800533443164761,9,-672.99889501185623
368,3,-156.9007217181439,-156.84584956536204,0.27280224793262092,3,-495.67458990818568,-495.54532284286336,0.23772894514670423,3,169.03278122955399,169.0076304681258,0.2448293928232238,3,114.22918446478248,114.26414179464463,0.1952905513560817,3,,,,0,-156.89471126950002,-495.76612386856391,0,4000,3997.439861585493,3998.3742980255861,1.9617851617445359,3,1256.4780732082215,40,38.450000762939453,45,0.034799999999999998,3,1,-625.876220703125,-625.876220703125,0,3,361.17064968352179,0,0.10464063241300901,-0.13887462906519715,9,-662.91508878948366
369,3,-118.20151337264075,-118.06253222789684,0.30443526914199043,3,-506.33821035678187,-506.47285503543054,0.30267183269251347,3,169.94285857422634,169.85481110038168,0.33036765264143664,3,120.29378580763237,120.17486708620935,0.32441941540463276,3,,,,0,-118.48382462963167,-506.32162041644506,0,4000,3998.4842760246197,3997.8770497541609,3.3401712981132103,3,1256.7593854644167,40,38.488889058430992,45,0.034799999999999998,3,1,-611.908203125,-611.908203125,0,3,364.56641301603486,0,0.10973807486393602,-0.1384960981813351,9,-647.41525952259212
370,3,-78.736218187636879,-78.722642420089059,0.13076376174708323,3,-513.7917528288491,-513.7582303244892,0.17135429163018351,3,170.581158134682,170.61368188590973,0.20408789124013879,3,127.16366862778978,127.14887704664153,0.16705968787666542,3,,,,0,-79.377627793814497,-513.90582036578132,0,4000,3999.2495948261944,3998.3303060629373,3.4281149797586301,3,1256.9418810596017,40,38.861111958821617,45,0.034799999999999998,3,1,-593.51715087890625,-593.51361083984375,0.088432064192629292,3,364.58699704539958,0,0.11539405585241697,-0.13789116357671369,9,-631.30988667570011
371,3,-39.377492279174582,-39.375750349757354,0.27022507140812629,3,-518.66902931405627,-518.66197703768046,0.029237177951950036,3,170.28881241214606,170.22629243736458,0.25914146603803057,3,133.50035931738122,133.43653769648901,0.21843949717076105,3,,,,0,-39.80561147497761,-518.47421661554506,0,4000,3996.9601735154633,3997.8291169434265,1.6924062602114915,3,1256.292731629439,40,38.866668701171875,45,0.034799999999999998,3,1,-572.99947102864587,-573.0008544921875,0.034810663545796088,3,356.88965309578185,0,0.12063274563480653,-0.13663945099866626,9,-611.54089207762672
372,3,0.4895846524213105,0.35614070832552741,0.33918735836266528,3,-519.99953503576546,-520.18929095529791,0.36445381301414664,3,169.25747419586631,169.23656077435979,0.53227738300806982,3,139.95910793720927,140.00991656769884,0.13340676258362735,3,,,,0,0,-520,0,4000,3998.2949304199324,3998.1994089179311,2.7079140953791367,3,1256.5898785923603,40,38.875554402669273,45,0.034799999999999998,3,1,-549.64227294921875,-549.6226806640625,0.066383498165059424,3,349.58620420009078,0,0.12578096835660352,-0.13468231722473065,9,-588.06095999684749
373,3,0.43297595100319514,0.30896565093412703,0.2652815278644049,3,-480.33206677007951,-480.38601144439633,0.23538534121874294,3,160.54334422233515,160.59287479323382,0.21557996108938329,3,142.38933212182425,142.37234486025093,0.078957563215014584,3,,,,0,0,-480,0,4000,3997.1317650784908,3997.7278972324025,1.697068212862838,3,1256.3832560619974,40,38.911111195882164,45,0.034799999999999998,3,1,-512.96390787760413,-512.99334716796875,0.06656863423111381,3,321.5847531716152,0,0.12663722417323575,-0.12777014966149694,9,-546.95338393587031
374,3,0.59777985550520618,0.80420484260473013,0.72259335989055695,3,-480.25843072538805,-480.28174990057738,0.32405264743913292,3,161.02575852289723,161.07067171266937,0.14892849605756497,3,142.89389709353298,142.7777303166153,0.28872016711648674,3,,,,0,0,-480,0,4000,3997.9339382791909,3998.072142635097,2.6169191826631022,3,1256.5324488333106,40,38.918889363606773,45,0.034799999999999998,3,1,-513.06276448567712,-513.07318115234375,0.041459647122689534,3,322.18657420519736,0,0.12702170217010422,-0.12813433981224967,9,-548.33982502629283
375,5,-39.1238574293738,-39.223393398486202,0.22509993562210662,5,-478.42099981874344,-478.39101081412468,0.23188257410222141,5,161.83059602970343,161.812941614831,0.20994469533733881,5,136.4700826511596,136.63667348376694,0.36871521950733821,5,,,,0,-39.638085826719696,-478.36055664320145,0,4000,3999.4071447858382,3999.0457107538987,2.4433652739075717,5,1256.6104151498682,40,39.260665130615237,45,0.034799999999999998,3,1,-534.90217285156245,-534.93939208984375,0.083897561292959846,5,345.5463383906116,0,0.12185091862905681,-0.12986690568594619,9,-570.39239359976943
376,3,-78.448415963876684,-78.220970792959591,0.43714451793648706,3,-473.54102799445445,-473.62093625755517,0.37792742991087397,3,162.48116619098832,162.4130605586478,0.20301034639832483,3,129.80120638805633,129.89600987098629,0.36107269756561222,3,,,,0,-79.005403334752145,-473.45342563330678,0,4000,4000.6256943095336,3999.4289438642359,2.4828923697012937,3,1256.6369052744976,40,39.274444580078125,45,0.034799999999999998,3,1,-554.47066243489587,-554.469482421875,0.010486922173084293,3,343.5696457010219,0,0.1164062853384925,-0.13147088898399237,9,-588.93151509326174
377,3,-117.61257481100387,-117.60689331862544,0.010054529990442091,3,-465.41247530348352,-465.42873575430752,0.26679009190202191,3,161.86181826738422,161.88594869757259,0.070070188025414648,3,123.08835451407555,123.07301657906534,0.11551334564233855,3,,,,0,-117.83303382758363,-465.31212765087849,0,4000,3998.4899454860933,3998.8646999337343,1.4600326207937286,3,1256.4331290872358,40,39.301111857096352,45,0.034799999999999998,3,1,-570.3258056640625,-570.33160400390625,0.010202004001603185,3,342.17747876587578,0,0.1108572397767188,-0.13208401786680737,9,-604.16175422243111
378,3,-155.72292792279475,-155.78513114247755,0.17218508026096013,3,-454.08986033721362,-453.97503680927525,0.30678777155549475,3,160.32131510949344,160.3805402071786,0.16909787438382903,3,116.46255581526617,116.40745527202749,0.19364256863919768,3,,,,0,-155.85574521824805,-453.99227601630463,0,4000,4000.3445174904014,3998.991594339835,2.4320089396683975,3,1256.537668011935,40,39.331111907958984,45,0.034799999999999998,3,1,-582.12514241536462,-582.11572265625,0.04011437071581514,3,342.49270106107582,0,0.10526137522344847,-0.13190251054187455,9,-615.04531484460085
379,5,-192.68979777785412,-192.61893575450875,0.21464913837646246,5,-439.57486613992751,-439.50986991808514,0.29252554125718094,5,157.08608929648375,157.05868934840885,0.1696757422898249,5,110.34047643533771,110.28653473835382,0.30456341548928834,5,,,,0,-192.81380383342528,-439.57119679442758,0,4000,3998.8234216106694,3998.6782571946646,2.3391502922049012,5,1256.5270247252113,40,39.586666107177734,45,0.034799999999999998,3,1,-588.90585937499998,-588.890380859375,0.10800282223643229,5,335.67400382226049,0,0.09998804586354422,-0.13035270315413433,9,-621.62881097964464
380,3,-228.25124050184203,-228.24719741429266,0.057305690873568557,3,-422.16093896318188,-422.17261917847378,0.11234593260355431,3,152.92734482815877,152.96810722952804,0.2283095051970401,3,104.31543883353366,104.23432947432686,0.30520479982332305,3,,,,0,-228.45474865779542,-422.14740057911467,0,4000,4000.5858857307267,4000.4473761352569,3.427957895116712,3,1257.0757518371563,40,39.721111297607422,45,0.034799999999999998,3,1,-589.49825032552087,-589.4896240234375,0.034688504722867802,3,334.65720946243306,0,0.094669425717209044,-0.12797199195236908,9,-622.57949608051945
381,3,-262.4851317576468,-262.47276616353895,0.3411761051769141,3,-401.93903113811365,-401.81288895836968,0.2226633610525359,3,147.3863974911356,147.40121932030229,0.094080243601815702,3,98.118121864013986,98.079492758301626,0.22581456982486331,3,,,,0,-262.5351158987649,-401.83990956601366,0,4000,3999.9902809329019,3999.632485554861,3.2611978884279949,3,1256.6177115290718,40,39.741113026936851,45,0.034799999999999998,3,1,-584.71734619140625,-584.69744873046875,0.047089364719050772,3,336.32776153291292,0,0.089212175762832843,-0.1245572767598864,9,-616.97059824175733
382,3,-294.61994618291442,-294.60365223105708,0.16144883595321047,3,-378.84710951146957,-378.88518909778446,0.094603720914893857,3,140.49559202574144,140.53254132841474,0.12451833589442028,3,91.649346027149917,91.666447161483816,0.10841865907324787,3,,,,0,-294.82210209104056,-378.78744451026893,0,4000,3999.8705411484275,3999.4010122983768,3.6254336818869777,3,1256.9339816964798,40,39.756668090820312,45,0.034799999999999998,3,1,-572.21506754557288,-572.21929931640625,0.071809886726016833,3,337.85452193112422,0,0.083403923328300808,-0.11993340012133516,9,-602.38896447712216
383,3,-325.05622525331557,-325.03418386781379,0.15394573306428877,3,-353.26390189104569,-353.23620912879426,0.10358729378411555,3,131.92066944223754,132.01739677684685,0.1997836245311238,3,85.601412985862225,85.577850408837762,0.08530877278913794,3,,,,0,-325.09515438035567,-353.14747712310322,0,4000,3999.790352519442,3999.29509219592,3.1502548701318722,3,1256.5552347903422,40,39.789999643961586,45,0.034799999999999998,3,1,-552.29803466796875,-552.31854248046875,0.035679264651625089,3,338.93154396309779,0,0.077907436188433474,-0.11398832467953665,9,-581.17049493779882
384,3,-352.91041425328586,-352.9184545515559,0.049153910979274823,3,-325.15498130223767,-325.19062944410933,0.12262544510230924,3,121.96630805306999,121.95106812859142,0.23295914201464449,3,79.744934913703574,79.767020169935535,0.32114600710679586,3,,,,0,-353.1474771231031,-325.09515438035584,0,4000,4000.0204467986791,3999.4822315652332,3.6304923789402874,3,1257.0254601343865,40,39.796665191650391,45,0.034799999999999998,3,1,-524.49625651041663,-524.49554443359375,0.028906725114921511,3,339.8059552782737,0,0.072441116867502695,-0.1067978292617336,9,-551.20190550008533
385,3,-378.73719795131541,-378.72972219046284,0.091492008538575892,3,-294.83123436420533,-294.75901252685844,0.15227251042501153,3,111.23334049053335,111.22314387584814,0.053810864561738572,3,74.855835752987232,74.835362676172153,0.13243067838544112,3,,,,0,-378.78744451026893,-294.82210209104056,0,4000,3998.3472460024991,3997.8552663794339,2.5983343876115761,3,1256.8790612108819,40,40.168888092041016,45,0.034799999999999998,3,1,-488.80302937825519,-488.783935546875,0.11519144492406508,3,339.65115883352689,0,0.067720089653542759,-0.098985971537610629,9,-517.10100408406777
386,3,-401.79646570022459,-401.83657138184373,0.17177521683730632,3,-262.68273759178311,-262.64570798174867,0.13278606105453905,3,98.906258407103564,99.019031777317238,0.25972922742097271,3,69.597206208692512,69.590208929119271,0.10780710902601792,3,,,,0,-401.83990956601366,-262.5351158987649,0,4000,3998.7495562693925,3998.2835445646574,2.3359462695656701,3,1256.5143943913351,40,40.167778015136719,45,0.034799999999999998,3,1,-445.77991739908856,-445.76846313476562,0.037175525298711709,3,338.93494855504463,0,0.062664276532246266,-0.089842803168327837,9,-473.0341004130064
387,3,-422.0751134209147,-422.11283963508725,0.25615591959253198,3,-228.57598801895381,-228.60275089419619,0.1113976054277105,3,85.770520565122069,85.719068067672012,0.093471831790416113,3,64.735174787730656,64.650297263800084,0.20028166677547285,3,,,,0,-422.14740057911467,-228.45474865779542,0,4000,3998.0605984992885,3996.6995634166469,3.2679478868843663,3,1256.8019576785216,40,40.170001983642578,45,0.034799999999999998,3,1,-396.61543782552081,-396.65847778320312,0.16222290961909983,3,339.22939606034527,0,0.057836971630007269,-0.079932032169754405,9,-422.61718030529767
388,3,-439.4399067260415,-439.50382308585426,0.22679025439903214,3,-192.93709792500877,-192.82970168955259,0.22909218626753391,3,71.734415375205216,71.659030549827605,0.20296573412352895,3,60.914998214891511,60.799710690581868,0.27722946485061228,3,,,,0,-439.57119679442758,-192.81380383342528,0,4000,3998.8798093973633,3998.0591454453629,2.0782784064979425,3,1256.6072082663859,40,40.175556182861328,45,0.034799999999999998,3,1,-340.60448201497394,-340.573974609375,0.074213305909443167,3,339.38776215644771,0,0.05381889326894998,-0.069255471046782965,9,-367.35550936122036
389,3,-453.89755306965344,-453.97057902962615,0.24222280292243289,3,-155.93987801511329,-155.92269969682167,0.087997836061120577,3,56.622204466564277,56.525018526179331,0.24409519832347371,3,57.353269721431339,57.289177272503785,0.27443734802454872,3,,,,0,-453.99227601630463,-155.85574521824805,0,4000,3996.6909524388252,3995.5110995831869,4.1560404457419233,3,1256.7337904956662,40,40.187778472900391,45,0.034799999999999998,3,1,-279.85032145182294,-279.85037231445312,0.02308658987286448,3,339.00159461194409,0,0.049954873459395359,-0.057623849904462281,9,-305.5075320924625
390,3,-465.27754075004287,-465.27561640848006,0.052207962454720883,3,-117.92334175628319,-117.94403672679104,0.12344754845897091,3,40.691881971525056,40.715318614034423,0.095852960438623555,3,55.238847026814362,55.267070565039297,0.19550105688193914,3,,,,0,-465.31212765087849,-117.83303382758363,0,4000,3997.0466290990812,3997.3985018647127,2.720591885631249,3,1256.4330460778617,40,40.211110432942711,45,0.034799999999999998,3,1,-214.19052632649741,-214.19247436523438,0.024982260268719084,3,339.80942723750456,0,0.047230992136970212,-0.045273833386662965,9,-239.71080857156991
391,3,-473.47941143556358,-473.58510783789239,0.26404045541429266,3,-79.09962420087794,-79.070681650458241,0.069675650853498555,3,24.570073966076091,24.590546394504589,0.19921437925083954,3,53.330669881575623,53.439633249369059,0.37699208827293124,3,,,,0,-473.45342563330672,-79.005403334752387,0,4000,3997.2508277359689,3997.5658988107461,2.6524193756544054,3,1256.6698517778495,40,40.234444936116539,45,0.034799999999999998,3,1,-145.59767150878906,-145.57839965820312,0.040849887250538348,3,338.97934642633629,0,0.044628536862266054,-0.032663437756514195,9,-170.96009200971102
392,3,-435.96447196894502,-435.98839889219943,0.26465841831353615,3,-59.089549585001485,-59.064488854466966,0.11572342752663034,3,18.10745589061813,18.130022207276649,0.15071066166000879,3,60.963938147481464,60.92596427672261,0.17942155981876251,3,,,,0,-436.01789517789126,-59.062636959768462,0,4000,3996.8796613721897,3996.6606679552751,3.3764345809829086,3,1256.2935884055296,40,40.312222798665367,45,0.034799999999999998,3,1,-70.883805453777313,-106.01610565185547,60.850928929833493,3,307.7564329131618,0,0.050163636155322537,-0.026489842678712294,9,-130.61499247736219
393,3,-428.80964823344885,-428.72179767046663,0.16443617099546792,3,-97.967821716891308,-97.93436287914399,0.068566375864202833,3,33.86426873408584,33.856131765500983,0.13357260782430369,3,63.384185823385394,63.409684678915603,0.21943511165784366,3,,,,0,-428.96828136000244,-97.909210940778166,0,4000,3996.4547911507398,3997.0725711840255,1.7418301162550736,3,1256.7474855906355,40,40.333333333333336,45,0.034799999999999998,3,1,-173.55157979329428,-173.54283142089844,0.015152625473116398,3,306.8793960092022,0,0.05314788116543729,-0.038819926080601176,9,-196.67826894345444
394,3,-418.4355363366351,-418.47077312749508,0.13209100802637472,3,-136.12919989319104,-136.06498137704588,0.1268386269049443,3,49.491199781195064,49.42021381054176,0.35446258025996064,3,65.578515856568984,65.717336439092847,0.24480752857390678,3,,,,0,-418.46486716986755,-135.96747752497686,0,4000,3996.9812731878865,3996.6307617416464,3.5990460972809295,3,1256.2590622445662,40,40.301110585530601,45,0.034799999999999998,3,1,-238.12420654296875,-238.12420654296875,0,3,307.34422818753399,0,0.055972381912388611,-0.050986901006920091,9,-260.58786151340797
395,3,-404.47292507780958,-404.51496517461754,0.086384766437094807,3,-172.95699955296132,-172.95645299782782,0.01436049316426031,3,64.535833459839168,64.509459195768912,0.14157706593334032,3,68.381792084673691,68.312958678045689,0.13096363838504471,3,,,,0,-404.59221992263832,-172.93101392772635,0,4000,3996.0934839498605,3996.6352616105323,1.9604552461982596,3,1256.6230819922123,40,40.301110585530601,45,0.034799999999999998,3,1,-237.57524108886719,-237.57524108886719,0,3,307.14140624319504,0,0.059206851071973092,-0.062557733006080599,9,-319.88833712634198
396,3,-387.51454775567368,-387.46133368931999,0.13863245155502271,3,-208.63086768200546,-208.67691006977321,0.11014255701856861,3,78.838125339091775,78.990183739271927,0.28495237965369424,3,72.680289378966833,72.586809932904643,0.26155038329926245,3,,,,0,-387.46203401696471,-208.50221148811934,0,4000,3996.6665197880229,3996.5241190336578,2.9732642790777977,3,1256.2625186464784,40,40.315555572509766,45,0.034799999999999998,3,1,-352.16867065429688,-352.16867065429688,0,3,307.3000201989617,0,0.063633709027974675,-0.073490715698865616,9,-375.79209647955588
397,3,-366.9877841194421,-366.96880056978188,0.11745955604237678,3,-242.59111288434428,-242.65219547473848,0.13342094556354503,3,91.920406771422449,91.792302386927361,0.30300016398925467,3,76.953478631599737,76.820110529346039,0.28937868751162749,3,,,,0,-367.21223163737324,-242.39467183892501,0,4000,3996.1177409642082,3996.9596393107149,2.1479669246194089,3,1256.6345149928441,40,40.281110127766929,45,0.034799999999999998,3,1,-401.01657104492188,-401.01657104492188,0,3,308.16520626315349,0,0.06795583627627895,-0.083311082426679325,9,-423.5366833344724
398,3,-343.98057918583805,-343.91206043659679,0.13966231759840808,3,-274.47971901159281,-274.434570796532,0.12895095627795491,3,104.40217825835184,104.45587785533458,0.14859787019547641,3,81.91810158530069,81.933204826941292,0.061676918033132848,3,,,,0,-344.00585228593314,-274.3355128178427,0,4000,3997.0597605510593,3997.1545936433308,3.1038363707147578,3,1256.3444869021403,40,40.318888346354164,45,0.034799999999999998,3,1,-443.19254557291669,-443.21170043945312,0.033177202053346719,3,308.75456530109562,0,0.072806460935287212,-0.092628020122862656,9,-466.61523255401306
399,3,-317.95366449530837,-317.91314523291919,0.32149623563738589,3,-304.14967792596229,-304.17900504012249,0.13143329546771929,3,115.29909935432056,115.25022431585235,0.21915402136576001,3,87.375181137390157,87.419853977965275,0.21549533554470085,3,,,,0,-318.02974008405221,-304.06756555422049,0,4000,3996.3378988548543,3997.1531094462971,1.9919379529885426,3,1256.7209046358582,40,40.3477783203125,45,0.034799999999999998,3,1,-477.51353963216144,-477.46694946289062,0.080696540310317574,3,309.6397812817923,0,0.07794856405097994,-0.10055047736742465,9,-501.10581056959819
400,3,-289.328169106507,-289.4802399115311,0.38357691476745254,3,-331.52135118607862,-331.53015626308053,0.1377997946431114,3,125.14544468014979,125.29549452967774,0.27910432158053711,3,93.829853305053973,93.813182495795758,0.29257577587673023,3,,,,0,-289.49303941347353,-331.35144504158882,0,4000,3999.3772653013898,4000.4623265031064,1.905315034629689,3,1256.544266893992,40,38.063334147135414,45,0.034799999999999998,3,1,-504.48703002929688,-504.4942626953125,0.099364489240922074,3,309.8810322315075,0,0.083854424473864347,-0.10760788022159153,9,-530.40170763406684
401,3,-258.64298368995713,-258.60027048974143,0.29089924970092151,3,-356.04558141854585,-356.07659770800649,0.20840429017852313,3,133.27008515975484,133.27506848160778,0.029349608532945919,3,99.880470627952192,99.84441720352315,0.24187646319291012,3,,,,0,-258.62551100868819,-355.96747752497686,0,4000,4001.5665082689084,4000.8154973566257,1.7065780082309807,3,1256.7307005350165,40,38.080001831054688,45,0.034799999999999998,3,1,-523.31321207682288,-523.34088134765625,0.061669504260383104,3,309.60056209548486,0,0.08933565227102476,-0.11320711822476978,9,-549.79011978154404
402,3,-225.74980881779905,-225.60207121044911,0.2630879803678825,3,-377.7468838559069,-377.73097133364433,0.16518016097625804,3,139.76271492436791,139.84077650397188,0.15890093006569234,3,106.13724234657293,106.17987730796533,0.26255534928559293,3,,,,0,-225.67568205859871,-377.71746918482108,0,4000,3999.317514867726,4000.2285135854331,2.2034953402614743,3,1256.5295223702115,40,38.101111094156899,45,0.034799999999999998,3,1,-534.46553548177087,-534.48663330078125,0.039647787931285809,3,309.41092979499848,0,0.09493038705509553,-0.11748136883626231,9,-561.42949002963314
403,3,-190.77824315275021,-190.86852335227027,0.26403278908750005,3,-396.53389447212379,-396.44644486533639,0.17194132037489959,3,145.32786763822651,145.2584312154562,0.12944356586612407,3,112.55740766264584,112.54156151625179,0.038194069817222932,3,,,,0,-190.90884521172563,-396.42630187706436,0,4000,4001.5579899935551,4000.7573108046277,1.6542187287398482,3,1256.7339189266336,40,38.146666208902992,45,0.034799999999999998,3,1,-538.17899576822913,-538.18157958984375,0.027587237955210578,3,309.92843828115241,0,0.10054378678519003,-0.12092213650900421,9,-566.44498890334012
404,3,-154.45343198458033,-154.54230007686215,0.17602746894970159,3,-412.1638730304017,-412.20093814910484,0.38048125130798466,3,149.08381259143559,149.06981397682887,0.034934034443606501,3,118.78578889313637,118.86535192780295,0.151618252806027,3,,,,0,-154.60492259579087,-411.94334308148433,0,4000,3999.1420551402257,4000.3651720122998,2.1819943477042498,3,1256.4885349708902,40,38.256666819254555,45,0.034799999999999998,3,1,-535.5146484375,-535.50311279296875,0.040822573877511058,3,312.07043123570691,0,0.10595328804785205,-0.12292893068704158,9,-563.91221517224983
405,3,-116.92683330486813,-116.77436814550676,0.54889092283454854,3,-424.23226632926799,-424.23753897118297,0.013224507882503549,3,151.42810734606317,151.46740647574899,0.15022441742442999,3,125.44041911677003,125.38731762960985,0.13453271590937435,3,,,,0,-117.05621204933716,-424.14365870617547,0,4000,4001.5710347341337,4000.6757227314433,1.6468537017318043,3,1256.7354522905484,40,38.351109822591148,45,0.034799999999999998,3,1,-527.06736246744788,-527.0323486328125,0.07822893699293966,3,315.87934777536685,0,0.11156182610229605,-0.12373102140284234,9,-556.16042553677948
406,3,-78.08328879722076,-78.224014316574568,0.51843223742009192,3,-432.97504994486786,-432.95976294992579,0.053145907658091809,3,152.84063146668771,152.78069868185523,0.14335874350512959,3,132.5721262112188,132.49601632602094,0.1513041743865754,3,,,,0,-78.565033711400062,-432.92901898339704,0,4000,3999.1272351874413,3998.4450948184785,1.3445481326381747,3,1256.6033187394748,40,38.927777608235679,45,0.034799999999999998,3,1,-513.42055257161462,-513.45135498046875,0.060791791836891006,3,302.22111075142374,0,0.11749106161632666,-0.12379239143891042,9,-544.83133790724867
407,3,-38.869905173320291,-38.943551840613786,0.32029203909418669,3,-438.31688492000899,-438.33307255551341,0.20147589229807308,3,152.58830498066538,152.67987082872654,0.24468313185206303,3,139.12638425872345,139.12415515436069,0.3327266751715704,3,,,,0,-39.441295917510928,-438.22868935790513,0,4000,3998.8017247625976,4000.287554070419,2.9692479368876032,3,1257.0073680574785,40,38.942221323649086,45,0.034799999999999998,3,1,-495.92233276367188,-495.90924072265625,0.025528843346046725,3,304.95987529344717,0,0.12281535954121832,-0.12246624927791017,9,-527.33067579722069
408,3,0.61153534215706074,0.45401557294873912,0.42911739711253866,3,-440.22216567531342,-440.23753798168099,0.089673346894745876,3,151.50509776391277,151.57195728043567,0.27575456813846411,3,145.80406135778108,145.79565984962761,0.10494446487927664,3,,,,0,0,-440,0,4000,3999.4936640298497,3999.4343709331933,1.2718948560080303,3,1256.7674468830294,40,38.970001220703125,45,0.034799999999999998,3,1,-475.10996500651044,-475.11822509765625,0.025586952548482617,3,313.84582308167251,0,0.12820493809168354,-0.1205344844901164,9,-507.28449959798428
409,3,0.69524678477444779,0.57527842409125118,0.38009888963930821,3,-400.22186335776524,-400.15151710700513,0.13097386780626288,3,140.99722976254529,141.01638569523399,0.1341832919279019,3,148.22929995724311,148.04108871028296,0.43557037778076957,3,,,,0,0,-400,0,4000,3997.9563739386081,3998.574612938723,2.9296909712798733,3,1256.8440020363735,40,39.001111348470054,45,0.034799999999999998,3,1,-436.21271769205731,-436.20809936523438,0.041726551136138386,3,283.36830417305163,0,0.12901921045043144,-0.11216430594889,9,-464.02494248107712
410,3,-19.358372645870627,-19.348200431346591,0.44863248786969889,3,-399.68778208306793,-399.59913911715091,0.15832866853537614,3,141.72881379526493,141.71083349936112,0.13429498457626929,3,144.54519766611944,144.54185805465144,0.11295583455597778,3,,,,0,-19.938354264279091,-399.50276848756886,0,4000,3998.9642033539672,3998.9450154479382,1.5678390181628963,3,1256.6264226330925,40,39.085556030273438,45,0.034799999999999998,3,1,-446.44232177734375,-446.42245483398438,0.070003113624177091,3,284.45268792252523,0,0.12609501887648547,-0.1133212564995696,9,-473.33118184633821
411,3,-59.141088940368626,-59.353195014961571,0.5951494140535214,3,-395.5905811015366,-395.58368702695844,0.1149586021954004,3,142.10681208997514,142.15761449110701,0.5579038549726073,3,137.61790577952988,137.73140948579871,0.29412322398075602,3,,,,0,-59.616906470470063,-395.53233049005138,0,4000,3998.1953951224255,3999.577736889154,3.5491261523880135,3,1256.9278313897194,40,39.189999898274742,45,0.034799999999999998,3,1,-463.98002115885419,-464.00201416015625,0.07653502762893577,3,286.61415224550041,0,0.1204400556828195,-0.11469626050503182,9,-489.85392023211392
412,3,-98.328538946878226,-98.55639089692103,0.48845317700296093,3,-387.86744284877221,-387.86697542189546,0.10435612217410282,3,140.92313541485595,140.87600091979769,0.32055752368768531,3,130.87871928492575,130.98328836135931,0.21853341883683952,3,,,,0,-98.70295907611758,-387.63091449163113,0,4000,3999.3719538470359,3999.1324337914489,0.74934950843994885,3,1256.7133987827481,40,39.303333282470703,45,0.034799999999999998,3,1,-476.83964029947919,-476.83868408203125,0.0016562172028755135,3,286.22763719878731,0,0.11488419430866736,-0.11485909890832688,9,-502.68389445589537
413,3,-136.48763788836195,-136.56888512184821,0.27569209928632965,3,-375.98435520763036,-375.97506359773337,0.056713862617497994,3,138.25602904419705,138.14352098961308,0.20953224886147939,3,123.85211449346855,123.8385504526737,0.11566760581338262,3,,,,0,-136.80805733026767,-375.87704831436326,0,4000,3997.9241861537771,3999.1187523699323,2.7202321106819167,3,1256.84669471959,40,39.434444427490234,45,0.034799999999999998,3,1,-484.15980021158856,-484.16387939453125,0.047175303113373285,3,284.55187318701991,0,0.10895232539498019,-0.11378141776839178,9,-508.44714082920223
414,3,-173.3053360815417,-173.42328153566845,0.30994614969244594,3,-360.38947943536306,-360.37049162085481,0.086025488665984973,3,133.9495622377807,133.98659745926213,0.14363770362934183,3,117.47218656317791,117.49120715378139,0.11303154471232953,3,,,,0,-173.55349564702348,-360.38754716096747,0,4000,3998.365268314787,3996.7804243194983,3.4883205846005123,3,1256.7251627049227,40,39.778889973958336,45,0.034799999999999998,3,1,-484.80075073242188,-484.79623413085938,0.0078229833837949788,3,282.12727721123298,0,0.10345439425092151,-0.11138520345381642,9,-509.28772867618477
415,3,-208.60063812787811,-208.72302726197307,0.46744538925853024,3,-341.33129873455147,-341.25370816274915,0.29594515084123746,3,128.32408617329838,128.36886731563675,0.22290152064815363,3,111.04430980473389,110.91606369872697,0.24567283154452868,3,,,,0,-208.57408135179949,-341.31635265286212,0,4000,3998.9507388522597,3997.8134961354285,3.4496026354365372,3,1256.5129464372083,40,39.792222340901695,45,0.034799999999999998,3,1,-482.72221883138019,-484.76181030273438,3.532676055069579,3,281.21785979202883,0,0.097828390347459979,-0.10790448977433122,9,-503.10753258777987
416,3,-241.39534659543028,-241.44401866459509,0.22877835411810737,3,-318.89391592100105,-318.89975555818864,0.20011867109784895,3,120.90954264394382,120.88667482154999,0.067270819503494089,3,104.37055315528717,104.41944240718007,0.08929326190208707,3,,,,0,-241.52176413019109,-318.85300288916886,0,4000,3998.6045217026658,3996.9972256690239,3.4382914315683339,3,1256.8321921102458,40,39.807777404785156,45,0.034799999999999998,3,1,-464.58711751302081,-464.5880126953125,0.0015505012112026083,3,281.26056203882467,0,0.091872297792965407,-0.10288573249253793,9,-487.20288476358002
417,3,-272.10738379068721,-272.00176580256482,0.41979836240322538,3,-293.27424776041215,-293.24580596243231,0.061491616850320042,3,111.99167790568254,111.94132095374411,0.36361189291256035,3,97.789506510085346,97.793133960042013,0.39768824954890419,3,,,,0,-272.06909510836795,-293.22074873193037,0,4000,3998.9448023165241,3998.8445319125026,2.9232926615367392,3,1256.5428880580785,40,39.826666514078774,45,0.034799999999999998,3,1,-442.15023803710938,-442.15023803710938,0,3,280.92700471163533,0,0.085946489657069344,-0.096662848531425857,9,-463.57710232920135
418,3,-299.80492603379759,-299.81376708532906,0.13747880664132692,3,-264.70527918720853,-264.63349502277862,0.27244952506796322,3,101.24953700742721,101.5608234146962,0.56418293377321038,3,92.121971403550461,92.194126025194961,0.16988510821329109,3,,,,0,-299.91248118709387,-264.67433503874355,0,4000,3998.5816631151897,3997.007295248874,3.2559009564528938,3,1256.7744015932155,40,39.836667378743492,45,0.034799999999999998,3,1,-412.30740356445312,-412.30740356445312,0,3,280.94253424410482,0,0.080629996116092395,-0.08886459518257446,9,-431.8670611665799
419,3,-324.77035084337177,-324.71466896004534,0.13891012884639065,3,-233.58847363317952,-233.60551403787227,0.09023443989780458,3,89.500845752668241,89.599211745228018,0.19966468955814545,3,86.487993013421189,86.610974932031041,0.22538541572338455,3,,,,0,-324.77520228634285,-233.49746889391568,0,4000,3999.0298548142523,3998.521115134025,3.1510146808786508,3,1256.6180689690464,40,39.897777557373047,45,0.034799999999999998,3,1,-399.28220621744794,-412.30740356445312,22.560303583624371,3,281.61454757299191,0,0.075294852296275944,-0.080217574815487233,9,-392.76269583257709
420,3,-346.33256061744152,-346.26878452374461,0.15155480076615083,3,-200.04385798535066,-200.03805510392914,0.085131670759853686,3,76.014010045533269,75.926584333558495,0.17095622643151798,3,81.450761093357627,81.552303261310584,0.21721555750788696,3,,,,0,-346.41016151377556,-199.99999999999986,0,4000,3998.3377090233785,3996.7560810616137,3.1860935801109003,3,1256.811240439805,40,39.998888651529946,45,0.034799999999999998,3,1,-327.31231689453125,-327.31231689453125,0,3,281.76713430126307,0,0.070346512273640291,-0.070071288608305679,9,-345.06320868459983
421,3,-364.60807925785366,-364.51700684894877,0.29489083198134775,3,-164.68066393137067,-164.75972069041484,0.14531431270943992,3,61.922635529440846,61.809696135395441,0.29240638420080128,3,77.506061918861732,77.488340373072134,0.1505813993641564,3,,,,0,-364.60234092466936,-164.51484125224439,0,4000,3998.011146948194,3998.3654879406408,1.1663329305287804,3,1256.6987614366783,40,40.096665700276695,45,0.034799999999999998,3,1,-274.17611694335938,-274.17611694335938,0,3,282.49182520349729,0,0.06623460735213553,-0.059370629602847426,9,-292.99113304026292
422,3,-379.12228865813313,-379.10734308708334,0.21313262161722327,3,-127.56349399275582,-127.48154045495491,0.14969689735553152,3,46.50336185162314,46.446902987524098,0.30440555760934485,3,74.215582787681015,74.067158576756938,0.29540491294674032,3,,,,0,-379.1709384668527,-127.39466010067366,0,4000,3997.9243257517724,3997.5041191214254,2.9112781882831102,3,1256.6744627428243,40,40.14666748046875,45,0.034799999999999998,3,1,-215.85275268554688,-215.85235595703125,0.00068715394587388315,3,282.8907580699709,0,0.062589632168506507,-0.047503804101049041,9,-233.94512788104061
423,3,-390.03440425182811,-390.01693177052539,0.066997314020898299,3,-89.086434501226037,-89.093173796622068,0.1614162955431851,3,30.802902572111407,30.880673157720107,0.18088005987831349,3,71.610912183223604,71.680559318480036,0.18844999792781017,3,,,,0,-389.9711648727295,-89.008373582525607,0,4000,3996.9478936225137,3997.8225656081886,2.2026926769200257,3,1256.3709534212901,40,40.226666768391929,45,0.034799999999999998,3,1,-215.87828063964844,-215.87828063964844,0,3,283.96689487815354,0,0.059465812943554984,-0.0353208578399812,9,-171.66552295624876
424,3,-396.74778507229729,-396.78054550804615,0.083740199396367176,3,-49.791339754418367,-49.754439637691192,0.08896780488820781,3,14.620171287153987,14.570929438722041,0.12153406561496213,3,69.916036248170954,69.918107554067277,0.15375341334972209,3,,,,0,-396.89568264006886,-49.737481858993846,0,4000,3997.2952105616782,3997.7366908603894,1.4471236907966332,3,1256.3371450898687,40,39.318888346354164,45,0.034799999999999998,3,1,-86.878435770670578,-86.874732971191406,0.013679209371074282,3,283.61338363524146,0,0.057029894524450682,-0.022626883491243494,9,-106.35084686398818
425,3,-547.10747653751412,-547.13392842325447,0.17462156862921957,3,-119.14306454326807,-119.16160922879052,0.033218225638101687,3,39.505394689649897,39.449188970501602,0.12210446791808698,3,37.974683995029743,38.08223339374738,0.24214954843122172,3,,,,0,-547.20224494384934,-119.03656214966701,0,4000,3998.3145314595827,3998.4005711187615,2.9529916127016698,3,1256.8871200915842,40,39.335556030273438,45,0.034799999999999998,3,1,-228.95287068684897,-229.09457397460938,0.47232139424490099,3,397.22429214409271,0,0.033512048908629362,-0.046579150933529719,9,-265.28876939341279
426,3,-537.25850723475423,-537.09405189099868,0.38120383663020818,3,-157.80499317866287,-157.92313791367371,0.27732470936664189,3,55.367500020935289,55.463855835513229,0.18921509096339087,3,40.134756371031777,39.994832963698386,0.33430415559526611,3,,,,0,-537.31606522411857,-157.7702318312007,0,4000,3999.5614588699605,3998.7488148104962,1.4387172210026244,3,1256.7424827197065,40,39.348888397216797,45,0.034799999999999998,3,1,-300.67591349283856,-300.705078125,0.052696658999294016,3,396.45922459284617,0,0.036305266003986418,-0.058933390962023664,9,-336.5245611778285
427,3,-524.69961502197941,-524.64306240651217,0.19732384102127404,3,-195.7257250150557,-195.7805145421473,0.15631704359428217,3,70.209043656990772,70.16773857001651,0.29680128157760283,3,43.018320259828762,43.073657705856782,0.16844900064894822,3,,,,0,-524.69184599986659,-195.69994057549494,0,4000,3998.4217962794987,3997.3165085695732,3.3646770903762815,3,1256.9419463066445,40,39.361111958821617,45,0.034799999999999998,3,1,-368.65450032552081,-368.56576538085938,0.36649972379801654,3,395.78480091130314,0,0.039643497964858471,-0.070383990700373045,9,-402.20734684951015
428,4,-509.27433980025523,-509.24897525238907,0.14216809202384612,4,-232.87470779285266,-232.85058542806183,0.21306102683181988,4,85.130075185258278,85.275599676223919,0.61962391187031018,4,47.097579526072423,47.195868493480113,0.25315207753432173,4,,,,0,-509.39391739853022,-232.63240728105652,0,4000,3999.3394910791744,3998.6278434634241,2.9803276288301785,4,1256.656681895812,40,39.581666946411133,45,0.034799999999999998,3,1,-430.53809356689453,-430.46954345703125,0.17996930983674025,4,396.44456243646573,0,0.043927367078481348,-0.08184639742267695,9,-467.20658506476451
429,3,-491.61214142055104,-491.69318847491439,0.15102746957645205,3,-268.46071960748077,-268.37075049659757,0.24600165638188223,3,98.483265390927144,98.432281757476588,0.21574880684463957,3,50.850512381243369,50.752831523115823,0.18290790026821982,3,,,,0,-491.5002341576631,-268.37943256323172,0,4000,3998.7135472779341,3998.109743201916,2.5410311028365871,3,1256.4352247745799,40,39.645556131998696,45,0.034799999999999998,3,1,-487.14932250976562,-487.10040283203125,0.085260493448968952,3,396.94554475508329,0,0.047907718787797489,-0.09199946454310913,9,-522.80454990696182
430,3,-471.01021533840134,-470.93225391635997,0.2303150141912074,3,-302.92928163252083,-302.91906666457641,0.1742067142017637,3,111.99752095214718,112.10169318993661,0.28336339524417065,3,55.613733995858091,55.583835257931696,0.15741496389097348,3,,,,0,-471.10197838546145,-302.75885777513457,0,4000,3996.8701203872829,3996.6673609989061,0.91852556333785651,3,1256.1115749325354,40,39.634445190429688,45,0.034799999999999998,3,1,-539.49578857421875,-539.57318115234375,0.20591535874675293,3,396.43649652780988,0,0.052667035569848135,-0.10221120401093285,9,-576.87217615867746
431,3,-448.20417780343541,-448.21313847518985,0.17426423979665684,3,-335.71475147264869,-335.6355940437295,0.14726720066911098,3,123.9140407126485,123.79431914893445,0.44662825328744077,3,60.145937447450784,60.207033448837841,0.14614054207377886,3,,,,0,-448.30309491764183,-335.59549324635424,0,4000,3999.1791638376835,3998.6770338159854,2.9129431977018507,3,1256.4660646729742,40,39.657778422037758,45,0.034799999999999998,3,1,-583.7552490234375,-583.7552490234375,0,3,396.45692190653125,0,0.057167330513931663,-0.11103486996007275,9,-620.62387878424602
432,3,-423.14003430629964,-423.07745351453332,0.17532000224859057,3,-366.87346153410272,-366.89701137535604,0.080953289016301125,3,134.47774728591742,134.54933709274744,0.23099362865224193,3,65.171451605432978,65.205999880445432,0.21839708014169668,3,,,,0,-423.21976163838468,-366.72201100935962,0,4000,3997.4866402435109,3997.1728669896352,1.1673258281622239,3,1256.2532149433137,40,39.691111246744789,45,0.034799999999999998,3,1,-620.640869140625,-620.640869140625,0,3,396.05210215997903,0,0.062040556107421867,-0.11876826956937117,9,-657.14978911242724
433,3,-395.9118872226008,-395.98623470848099,0.20405924141307677,3,-396.06031734634263,-396.039096594824,0.048648340932530565,3,144.46051526932786,144.45197749549803,0.054338255904461064,3,71.457245625380594,71.514814154730047,0.18176222776785306,3,,,,0,-395.97979746446663,-395.97979746446663,0,4000,3999.6733678170604,4000.2206968469886,2.5943256608185994,3,1256.5132540779357,40,40.048887888590492,45,0.034799999999999998,3,1,-649.94706217447913,-650.22406005859375,0.47977440887553435,3,391.84680067109747,0,0.067838635519674562,-0.12593440493454561,9,-690.5440749254069
434,3,-366.70941887261375,-366.88350363942055,0.33732709333004146,3,-423.31620147361878,-423.33991249570045,0.25129867245395382,3,152.80088347050415,152.72543187158939,0.15497580509040257,3,76.356910651566224,76.349960725872535,0.084436035133666626,3,,,,0,-366.72201100935962,-423.21976163838468,0,4000,4001.5316030956365,4001.4100902482387,1.4993018822525876,3,1256.528089227575,40,40.049999237060547,45,0.034799999999999998,3,1,-669.72149658203125,-669.72149658203125,0,3,392.7774225326371,0,0.072492063841440135,-0.13176177489915661,9,-711.04814104711841
435,3,-335.73556196507525,-335.72192006835462,0.19388798152188058,3,-448.3212738833883,-448.30538551995085,0.10322094745315032,3,159.62340392370615,159.65248936267267,0.29211866724871471,3,82.258319724074482,82.296514958981959,0.26686574783481853,3,,,,0,-335.59549324635424,-448.30309491764183,0,4000,3999.7495184932959,4000.8740393416979,2.605948384633932,3,1256.5918269788278,40,40.061111450195312,45,0.034799999999999998,3,1,-685.32149251302087,-685.31060791015625,0.10294104000174001,3,393.02052616050304,0,0.077877237424420417,-0.13632668763408812,9,-726.15365435072783
436,3,-302.76395232268686,-302.80345644379173,0.11086249028491975,3,-471.03683891464215,-470.93583606507764,0.21696157778888914,3,165.47570281880385,165.51681014919959,0.19289420713816546,3,87.729604799288666,87.673558408248155,0.15084375755977533,3,,,,0,-302.75885777513457,-471.10197838546145,0,4000,4001.5251537364297,4001.2383163500858,1.0432893244087669,3,1256.5718735385892,40,40.115554809570312,45,0.034799999999999998,3,1,-692.45994059244788,-692.4688720703125,0.015469773448135115,3,391.84413229138499,0,0.082861704122267732,-0.14007307665097762,9,-732.95994129913811
437,3,-268.40503760302465,-268.35509178915083,0.15330066414242199,3,-491.46859145176558,-491.34334084263185,0.38688045531363419,3,169.43252716105988,169.44790063944214,0.11345867762849593,3,93.40742464116785,93.537926819465966,0.26973464581551199,3,,,,0,-268.37943256323172,-491.5002341576631,0,4000,3999.2564474039773,3999.8844820849408,2.601608591414124,3,1256.4188253661653,40,40.123334248860679,45,0.034799999999999998,3,1,-693.29184977213538,-693.2659912109375,0.044788341805420795,3,389.99073466463619,0,0.087956762022793303,-0.14228776174023364,9,-732.76864182304189
438,5,-232.55306083677843,-232.7361523180621,0.30516482154601454,5,-509.26278187809419,-509.23486778615586,0.16270306996034772,5,173.13267268806646,173.16794285895946,0.13755441637129573,5,99.713459601795677,99.704344229737586,0.20560227865011216,5,,,,0,-232.63240728105652,-509.39391739853016,0,4000,4000.3377491224774,4000.1246677679533,2.0872702517698101,5,1256.5797528919852,40,40.450000000000003,45,0.034799999999999998,3,1,-688.6192749023437,-688.4508056640625,0.2624382455880625,5,391.54562609858789,0,0.093456705904164022,-0.14422126314553499,9,-730.19806394542297
439,3,-195.3611182435499,-195.30633521970788,0.44348355815554108,3,-524.63746324805106,-524.54364895000435,0.16485839677860745,3,175.38336179892849,175.54394504535398,0.301442478809204,3,105.65205329463258,105.68068719169089,0.29459931163298519,3,,,,0,-195.69994057549494,-524.69184599986659,0,4000,3998.1171762212812,3998.1619284520707,2.8095926619743881,3,1256.8411034128762,40,40.599998474121094,45,0.034799999999999998,3,1,-679.29665120442712,-679.3040771484375,0.053155360709108659,3,391.61261893470493,0,0.098587989109519228,-0.1449522363798415,9,-720.3688515379248
440,3,-157.4912214212178,-157.54870344172633,0.39322381667507245,3,-537.26196830130016,-537.15183731748016,0.27240204347043234,3,177.12497881769494,177.19448604881904,0.26918754307215792,3,111.71003544473467,111.68904017681999,0.1078415187126866,3,,,,0,-157.7702318312007,-537.31606522411857,0,4000,3999.1980755548743,3998.3215628809044,1.9506489833940008,3,1256.6992749953888,40,40.599998474121094,45,0.034799999999999998,3,1,-666.49173990885413,-666.49749755859375,0.032218026466027783,3,386.46177402106304,0,0.1037692585142125,-0.14530578393452431,9,-707.72095322935252
441,3,-118.45625021051562,-118.46094300156452,0.49288637204280311,3,-547.08143673564871,-547.1753998365823,0.16544830436636734,3,177.8392348312203,177.82931519353141,0.1423699731354697,3,117.94050707735039,118.09942506159614,0.30762549765078057,3,,,,0,-119.03656214966674,-547.20224494384934,0,4000,3998.3546200990099,3997.8278147554042,2.7732203232220138,3,1256.9467330671521,40,40.650001525878906,45,0.034799999999999998,3,1,-650.19490559895837,-650.201904296875,0.023795127951466433,3,381.27798288558773,0,0.10897752265245188,-0.14476469650748913,9,-690.9107649816201
442,3,-79.190852692989367,-79.332413520025369,0.34550849614919554,3,-554.25747752580503,-554.20540554449099,0.092740568248497163,3,178.1175320523129,178.13070145081937,0.059334072969150151,3,124.78138583563401,124.82290775047345,0.08533037429773202,3,,,,0,-79.69630943303973,-554.30000745332234,0,4000,3996.8299390519896,3997.6687822314784,2.5918694088349632,3,1256.6038416416975,40,41.009999593098961,45,0.034799999999999998,3,1,-630.51505533854163,-630.52349853515625,0.029869980228076118,3,397.91419696381035,0,0.11464993284224846,-0.14393826258697875,9,-674.49758692552052
443,3,-39.355188145752329,-39.359944670427403,0.008430979750871901,3,-558.79975934073912,-558.79492334816484,0.33755378434311828,3,177.65685223497624,177.59829064114402,0.33631491493865978,3,130.82061928650262,130.77329765279094,0.12102579867667707,3,,,,0,-39.949942591569858,-558.57318418174202,0,4000,3996.8571739040958,3996.376401653531,2.1590814480677873,3,1256.2419969527746,40,40.968887329101562,45,0.034799999999999998,3,1,-609.23350016276038,-609.212158203125,0.12898610752943834,3,378.26729808026886,0,0.11961616573562878,-0.14250949515834288,9,-652.0497535875968
444,3,0.72964054098781528,0.74868976827205269,0.41356021095425982,3,-560.13316796756942,-560.27342799075984,0.24560826759555207,3,176.86909830408339,176.73950373913053,0.39633481784143865,3,137.02400592638386,137.01827839068494,0.170159931370958,3,,,,0,0,-560,0,4000,3996.9093130443639,3997.4441904399114,1.7294796561293146,3,1256.5876473993951,40,41.016666412353516,45,0.034799999999999998,3,1,-584.70676676432288,-584.7127685546875,0.056483555194679402,3,378.08460259797477,0,0.12455688267792422,-0.14073328444637245,9,-626.99180919076912
445,3,0.6221433119331603,0.57699477223413198,0.17155315985343067,3,-560.36205648172927,-560.36365064633367,0.085396087491211317,3,176.764053866361,176.6879498974204,0.17453716527028973,3,136.66347029588647,136.6723367619899,0.028587749927097211,3,,,,0,0,-560,0,4000,3997.1771307545437,3997.2987782916357,3.0498509929073347,3,1256.3503725066421,40,41.045555114746094,45,0.034799999999999998,3,1,-584.92266845703125,-584.9154052734375,0.046115806927276556,3,376.88064569961165,0,0.12429977598516218,-0.14067923021065631,9,-626.08819904154245
446,3,0.78486969737539714,0.48996518701061886,0.63642394021510285,3,-599.87888901723409,-599.91811584414961,0.081197518259487039,3,183.93405657017843,183.85130868844854,0.16607929260464321,3,134.38613243562193,134.4461724764835,0.23328159353394345,3,,,,0,0,-600,0,4000,3997.3394961011913,3998.8116168864512,3.2387434136571303,3,1256.7474241823777,40,41.29888916015625,45,0.034799999999999998,3,1,-618.70430501302087,-618.63861083984375,0.11378564570393687,3,446.94038683067157,0,0.1235426584418368,-0.14633548441474381,9,-665.96200564461117
447,3,-38.851485865967994,-38.962646395947985,0.3510444420205347,3,-598.81502570406292,-598.85972893142764,0.12373573329097701,3,184.68540050467013,184.72859676616957,0.10565957347257884,3,128.01439783488706,127.97518395080093,0.24267113193226417,3,,,,0,-39.654350595419601,-598.68817633126469,0,4000,3999.2155495579646,3999.3560431670903,0.97194601056420149,3,1256.7362476025694,40,41.300000508626304,45,0.034799999999999998,3,1,-643.84287516276038,-643.86541748046875,0.039044439591192949,3,441.83754007625726,0,0.11844423283990597,-0.14803220052553012,9,-690.09711551056876
448,3,-78.417695879042014,-78.447329115166525,0.26938258272796789,3,-594.80585485204313,-594.6719875384839,0.41343130294327873,3,185.15848934695657,185.1495692616453,0.069257180894584672,3,121.36121550388005,121.35955997370019,0.079753847177126538,3,,,,0,-79.13530280524121,-594.75844159618509,0,4000,3997.5483751001389,3998.7840188327323,3.1273341697755708,3,1256.8756655064583,40,41.362222035725914,45,0.034799999999999998,3,1,-651.47389729817712,-643.86541748046875,13.178273612633223,3,439.4359530957031,0,0.11302666059294564,-0.14948767831210891,9,-710.5625889354161
449,3,-117.66993479423654,-117.70463552766024,0.17955226633463586,3,-588.21001359430181,-588.20079728018936,0.088665245539448392,3,185.08301956838514,185.15114220643451,0.23423702223117521,3,116.44714351529304,116.47492318973322,0.12896704086410626,3,,,,0,-118.270216470888,-588.22797952488565,0,4000,4000.4451554124885,4000.1703205900922,3.2521763583214396,3,1256.6857662730633,40,41.469999949137367,45,0.034799999999999998,3,1,-686.53509521484375,-686.5362548828125,0.002008603841785197,3,404.43170320290102,0,0.10895074621114494,-0.15053718151059123,9,-736.19658218183679
450,3,-156.25318982876811,-156.21462860910776,0.22688536257140426,3,-579.05509856643982,-579.10359625003423,0.09061419059484406,3,184.4546076030681,184.46723421087955,0.080602141098541899,3,109.98793841212058,110.03292144193627,0.18151237867235565,3,,,,0,-156.88796457229191,-579.12534616640926,0,4000,4000.5396239805145,4000.9891681952922,3.1430739178673344,3,1257.0687199662771,40,41.472222646077476,45,0.034799999999999998,3,1,-704.53432210286462,-704.55126953125,0.086369692028394354,3,406.44697282479541,0,0.10352580871292692,-0.15105953683598411,9,-751.95613667801797
451,3,-194.62387240673402,-194.6541145389794,0.12803979253256667,3,-567.38710352330099,-567.43087126243108,0.28768840559394437,3,183.3995104760088,183.31677749755914,0.18364240652851904,3,103.48636121236684,103.5778463876748,0.16237322611752075,3,,,,0,-194.8196815228101,-567.4903450203808,0,4000,4000.4679355807098,4000.7231767910203,3.5848915648852966,3,1256.6803033606432,40,41.473333994547524,45,0.034799999999999998,3,1,-719.9351806640625,-719.9498291015625,0.045505219086845912,3,409.048843405995,0,0.098061083702377927,-0.15132919703380385,9,-765.81781726651877
452,3,-231.72253220563161,-231.74838519977831,0.056805151935884222,3,-553.23918690013409,-553.31242952738319,0.18334996951599858,3,181.41094876251907,181.32822567603469,0.30514306229067356,3,97.67082790881382,97.477330156082886,0.37038065768074219,3,,,,0,-231.89950157547128,-553.37385298643085,0,4000,4000.3420331378661,4001.0954018565076,2.9214540206228627,3,1256.9849179830087,40,41.488889058430992,45,0.034799999999999998,3,1,-731.92523193359375,-731.9326171875,0.022445424569232229,3,411.60256531732915,0,0.09301905690368753,-0.15073760247442863,9,-777.51977716434499
453,3,-267.96323557766982,-267.95633939483122,0.15543445413919041,3,-536.67696282735142,-536.51327343621801,0.30944163959231458,3,178.9011654419613,178.88238417040046,0.060083094399649949,3,91.27538179648819,91.122259836843043,0.26703421733974431,3,,,,0,-267.96528411168379,-536.83759789245812,0,4000,3999.6699921580562,3999.9418448322817,2.8388401554737714,3,1256.4182390546121,40,41.526666005452476,45,0.034799999999999998,3,1,-740.10699462890625,-740.0908203125,0.052824825846145319,3,416.07450629137583,0,0.087512053458896663,-0.14981180644249042,9,-783.98783498853732
454,3,-302.85200368863872,-302.91494316829005,0.15874954378624076,3,-517.82236459530361,-517.80645539501461,0.1471219029839399,3,175.48109554484594,175.35374575151647,0.28576371616228863,3,85.717999344106673,85.734334229837941,0.080949471372043738,3,,,,0,-302.85932264090633,-517.95388857454429,0,4000,3999.8847321423054,4000.9822051578412,3.3139403876319533,3,1256.78262907509,40,41.571111043294273,45,0.034799999999999998,3,1,-744.21638997395837,-744.21160888671875,0.01898127940073794,3,417.29824839916796,0,0.082542688952001023,-0.14801314162824594,9,-788.1167419878991
455,3,-336.49210732159565,-336.53952494970474,0.16710912831096986,3,-496.83241654268909,-496.85182098879449,0.1257429059853572,3,171.00999543819034,171.04326143202081,0.087317518331060356,3,79.840331060779704,80.017288256640413,0.33032562672314159,3,,,,0,-336.42903441100361,-496.805298688812,0,4000,3999.6685657108173,3999.9461014547828,3.1549059342022021,3,1256.4369410906183,40,41.613334655761719,45,0.034799999999999998,3,1,-743.22849527994788,-743.237060546875,0.039011269990002692,3,420.35925721862776,0,0.07730598805233628,-0.14542705232335534,9,-786.08858539604648
456,3,-368.37826135170786,-368.3570502694663,0.13266106584427267,3,-473.51881558325709,-473.47962580591519,0.12777543740633968,3,165.51468141818702,165.42075477360837,0.34063648999625556,3,73.943260581194551,73.914011759380656,0.057071418236885635,3,,,,0,-368.52762761380069,-473.48430563783614,0,4000,4000.2714314510781,4001.0717051437859,2.9555129799443498,3,1256.9315982198541,40,41.694444020589195,45,0.034799999999999998,3,1,-736.57855224609375,-736.5775146484375,0.039713536455331259,3,422.03993042111642,0,0.071938453525675419,-0.14188062832201423,9,-776.96955440208444
457,3,-399.04150336656659,-399.09991181437812,0.26201794686646385,3,-448.17733392131839,-448.23656219826222,0.26449520512832758,3,158.58714304770427,158.63977926192749,0.1981497028100396,3,68.522741756441334,68.605969704342414,0.14622359788910347,3,,,,0,-399.01474326830891,-448.09288619049238,0,4000,4000.2321267117441,4000.5459736083926,3.1544456583900824,3,1256.6136277150372,40,41.768889109293617,45,0.034799999999999998,3,1,-722.68784586588538,-722.6904296875,0.034648746659692614,3,424.21185447923955,0,0.066941270667151317,-0.13725283855028567,9,-762.94025328009491
458,3,-427.80774005236407,-427.87022069411893,0.10959376511039225,3,-420.75291397368164,-420.75487731561674,0.10856026873308959,3,150.38897047515016,150.52517345752193,0.39238452793306722,3,62.855532875279714,62.971985983734733,0.28829062934700944,3,,,,0,-427.75706897483815,-420.74207056349331,0,4000,4000.5162016606268,4000.9658041370476,3.5005866076858942,3,1257.0442490235607,40,41.883335113525391,45,0.034799999999999998,3,1,-701.5997314453125,-701.647216796875,0.15391104782681594,3,424.73869777991126,0,0.061650760776131838,-0.13148039932353617,9,-739.69262766932582
459,3,-454.5112900078862,-454.65149529254165,0.2564460445868616,3,-391.68683460222206,-391.66234469547771,0.21321415067842273,3,142.22231392582185,142.19367964655476,0.14640711795620537,3,59.075336717582395,58.940027643101402,0.29496092906280286,3,,,,0,-454.62892185620086,-391.5514569145011,0,4000,4000.1485941119408,4000.7089987041218,3.5178977486190748,3,1256.5359328618845,40,42.26777776082357,45,0.034799999999999998,3,1,-671.99143473307288,-671.96575927734375,0.059714232062435514,3,420.38326766552609,0,0.057862283648462444,-0.12577380613234529,9,-718.46558639582588
460,3,-479.53130990188055,-479.45742232357952,0.18872451189633965,3,-360.74901021195325,-360.67144572886809,0.16400385060636119,3,131.71170491802809,131.69860684843957,0.25024552178226295,3,53.892621602979595,53.873557468000961,0.28778713279153695,3,,,,0,-479.51279813695487,-360.64868836981503,0,4000,4000.1507315828367,4001.1484616604034,3.0755148294115657,3,1256.7838462329148,40,42.246665954589844,45,0.034799999999999998,3,1,-636.35862223307288,-636.4798583984375,0.31371495777217717,3,421.45577130973351,0,0.052870417898450033,-0.11807869344233379,9,-681.25843317836802
461,3,-502.31936902781689,-502.29592790289297,0.21494823661063459,3,-328.30147490568697,-328.28335937322959,0.043981833109321057,3,119.9939782453086,119.94980695039173,0.19013545047406319,3,48.907476527079098,48.999610179743804,0.289114511871496,3,,,,0,-502.29988695751712,-328.16889487345617,0,4000,4000.3632321020127,4000.2992061637342,3.0647856730553515,3,1256.6602191125041,40,42.257778167724609,45,0.034799999999999998,3,1,-594.1505126953125,-594.1380615234375,0.1821431929070319,3,422.98690370798687,0,0.048010088117857154,-0.10939686814035211,9,-636.42553665592914
462,3,-522.88468803617843,-522.83582345059995,0.13607574584553506,3,-294.36282586279987,-294.29250768814882,0.17840093895597686,3,107.76775150130067,107.71003128890683,0.32925161153131272,3,44.287260949112756,44.344891322681519,0.25470356676843098,3,,,,0,-522.89054617636634,-294.25410229830499,0,4000,4000.3603819381146,4000.8742240461629,3.6028134986106175,3,1257.0497063537198,40,42.256665547688804,45,0.034799999999999998,3,1,-544.66977945963538,-544.669921875,0.19833377858286921,3,423.42120930316861,0,0.043380215606043625,-0.10020617164800862,9,-586.49216088421144
463,3,-541.13657110558609,-541.23717797887707,0.26124889030546211,3,-259.16459710561111,-259.19144090592232,0.10416638304875074,3,94.616325949600082,94.585500902429686,0.20056526594408586,3,40.194742091405764,40.196398645034478,0.10914267087135085,3,,,,0,-541.19473807977545,-259.05261140309563,0,4000,4000.8842762853801,4001.0858265444463,0.94053135350280737,3,1257.3170857948828,40,42.458889007568359,45,0.034799999999999998,3,1,-487.28839111328125,-487.38485717773438,0.18167835530785276,3,424.72493522228029,0,0.039141812854287174,-0.090230125642770609,9,-530.73893663207707
464,3,-557.0962238295449,-557.2295340996219,0.3039859127583433,3,-222.85864936872827,-222.84992925316874,0.19697361489438056,3,80.319314771835508,80.409732695607573,0.38479844439350985,3,36.906941755070221,36.826042585411408,0.1753175047661753,3,,,,0,-557.13242309382429,-222.71834935093239,0,4000,3998.1446739243765,3999.1163826767352,3.1394522448763622,3,1256.9236124883432,40,42.434445699055992,45,0.034799999999999998,3,1,-425.87715657552081,-425.99148559570312,0.21733041427697977,3,424.44700397610245,0,0.035533124136862507,-0.079325634724702374,9,-468.99788049905447
465,3,-570.58557527878077,-570.64223139293199,0.19222681091382993,3,-185.50017159944889,-185.50983324599628,0.050436698204689788,3,65.646754287816705,65.515225078702272,0.23626073935116745,3,32.875666454254315,32.846848768333082,0.10327693493886383,3,,,,0,-570.63390977709207,-185.41019662496845,0,4000,3999.5234642752584,3999.4838973865867,1.1150691041885175,3,1256.8703235777409,40,42.421110788981117,45,0.034799999999999998,3,1,-359.2225341796875,-359.20477294921875,0.064157530616209199,3,425.08680794363363,0,0.031292864258229421,-0.068028603033708002,9,-401.5887415842592
466,3,-581.65589853773679,-581.64442510719937,0.16150158121224248,3,-147.38778292756749,-147.47951743633578,0.19995768825869303,3,49.55052847076896,49.592863150547856,0.11315394915985187,3,30.463424437108802,30.508810032320298,0.15263104077989548,3,,,,0,-581.64015956359822,-147.29129228447957,0,4000,3997.4960570655253,3998.9669429657897,3.0070747014981007,3,1256.8042873231589,40,42.413333892822266,45,0.034799999999999998,3,1,-289.31612141927081,-288.9468994140625,0.72767426836708893,3,424.85068607612885,0,0.028319858264325235,-0.055531441485237962,9,-328.26772454934314
467,3,-622.63324959381043,-622.60679591229803,0.21238869835868882,3,-148.11758107680694,-148.16999527827483,0.12619922665206543,3,49.23250887539357,49.143757707314407,0.16332704260029296,3,22.117718833469354,21.956747257022698,0.28902972440969499,3,,,,0,-622.66359722971993,-147.95284615358088,0,4000,3997.071435874077,3996.9101167550289,1.2326192092383703,3,1256.1935516420942,40,42.385555267333984,45,0.034799999999999998,3,1,-297.10357666015625,-297.10556030273438,0.034177112482347803,3,454.00428127461191,0,0.021710197938281123,-0.056440463230031407,9,-345.21633929530174
468,3,-612.08058797878948,-612.10555407006029,0.40711841516095709,3,-186.51495425759322,-186.62795735060521,0.38892893236617815,3,64.492995643933071,64.527781953564386,0.096317110129629915,3,24.692003513335056,24.64971866154351,0.40680651092502779,3,,,,0,-612.26094018010849,-186.37741582544155,0,4000,3998.7136691713531,3998.1891905060197,2.6063348302683913,3,1256.3576873811835,40,42.380001068115234,45,0.034799999999999998,3,1,-370.41311645507812,-370.40142822265625,0.10329561875877305,3,453.30948145452902,0,0.024819941195646417,-0.068287400130791667,9,-417.84013998341976
469,3,-599.3149334503446,-599.33643084361881,0.071200473296980593,3,-224.27490824363477,-224.27357587569446,0.061796055094552417,3,78.851977453920028,78.911529179222541,0.15408947209816667,3,27.657762472307279,27.668108600749402,0.19902100443091322,3,,,,0,-599.48956449515185,-224.08092748249058,0,4000,3997.2549634359671,3996.8416602942402,1.1283975278863196,3,1256.2188791427307,40,42.372221628824867,45,0.034799999999999998,3,1,-440.03155517578125,-439.90695190429688,0.21581919700023577,3,452.90555118118465,0,0.028229578354519013,-0.079371627662557412,9,-485.09809061082643
470,3,-584.24577106648042,-584.25593494873226,0.052434906258831342,3,-261.14472616395909,-261.13755250876937,0.10517160448850564,3,93.254467621820751,93.263271167171652,0.039666388106907764,3,30.755947869832898,30.681022223131848,0.19759675294309739,3,,,,0,-584.39888014631583,-260.91751356268134,0,4000,3998.4048023827941,3998.8070076650542,1.5524677837698562,3,1256.1456497151942,40,42.394444783528648,45,0.034799999999999998,3,1,-505.25723266601562,-505.25833129882812,0.0025918390634260928,3,452.53789141215339,0,0.031719079988353618,-0.090424402998718872,9,-550.02010959849599
471,3,-567.06207505921168,-566.98363381657089,0.15440711506949567,3,-296.80620111768843,-296.83265652267829,0.12529199072671518,3,106.37870502113998,106.33314601897159,0.12269852548317797,3,34.74774402743855,34.841065212779426,0.27505070535186266,3,,,,0,-567.0472700597212,-296.74466047060992,0,4000,3998.3915068035035,3998.2582916362458,2.8143295391195693,3,1256.936561639036,40,42.404443105061851,45,0.034799999999999998,3,1,-565.06392415364587,-565.05938720703125,0.012157543322777334,3,452.29265774246346,0,0.035862271177436789,-0.10033319825524911,9,-607.85366464418598
472,3,-547.51322272868163,-547.57890380237825,0.16590281835051843,3,-331.52838928551273,-331.47817704281533,0.12745727276775268,3,119.27802526652492,119.28881938326296,0.085202085949535308,3,39.105218864599891,39.071538683201894,0.11860610596978753,3,,,,0,-547.50186424394462,-331.42375993492863,0,4000,3999.3338209553563,3998.6014738274462,1.6526391342904698,3,1256.7353189787082,40,42.407777150472008,45,0.034799999999999998,3,1,-618.10856119791663,-618.10137939453125,0.082297128886409485,3,452.47283141204963,0,0.04029679602932662,-0.11007209181476556,9,-662.6291184266322
473,3,-525.88668181003356,-525.8121381646763,0.28072692333470395,3,-364.98742947449563,-365.09268138523544,0.28432367373750239,3,132.24891544542712,132.31081010506696,0.3826315925105423,3,44.272709031816113,44.245433799632451,0.13539147670845961,3,,,,0,-525.8382800770562,-364.82064525682125,0,4000,3999.9497953276737,3999.7313055967352,4.1038074242800633,3,1256.6360708688796,40,42.656665802001953,45,0.034799999999999998,3,1,-665.20951334635413,-665.2020263671875,0.026323730071743916,3,453.38033999956082,0,0.045338720492190447,-0.11980379639136191,9,-715.96155600544876
474,3,-502.24913669742318,-502.28590942749361,0.25748057896016469,3,-396.81828080969825,-396.94414310269599,0.26618983642124905,3,142.89982720019793,142.91676206689922,0.10752912877276691,3,48.819212322062732,48.831334691182398,0.19727471399997679,3,,,,0,-502.14032975767401,-396.80611037489626,0,4000,4000.0396092636474,4000.1422512389854,3.5949181153916969,3,1256.9773782977516,40,42.659999847412109,45,0.034799999999999998,3,1,-704.58441162109375,-704.44525146484375,0.24410464212370703,3,453.20875812500753,0,0.049824674314389181,-0.1275902811985834,9,-754.68105167678129
475,3,-476.57494252516062,-476.5939456046724,0.074925738156195298,3,-427.30321891787611,-427.21557027010829,0.2035910184721956,3,152.14087876392361,152.08481606290695,0.26600515828154686,3,53.519713190286751,53.591170930051781,0.32038462872950285,3,,,,0,-476.49969605184953,-427.25640973833856,0,4000,4000.2044254157063,4000.0790698440378,3.1046391236939224,3,1256.6698541245617,40,42.674442291259766,45,0.034799999999999998,3,1,-736.84889729817712,-736.84869384765625,0.045105324598900064,3,453.11677841883551,0,0.054421505365282681,-0.13426413167310292,9,-785.17264730617239
476,3,-448.93510168486483,-448.88147553277395,0.18589151659237196,3,-456.12338258430242,-456.21003581466675,0.190211249259641,3,160.25947347610241,160.23983792451605,0.14647893442828286,3,58.621922338719138,58.657053021675821,0.1028772007173223,3,,,,0,-449.0155775902569,-456.05373705440456,0,4000,4000.582449904156,4000.7143723805602,2.8096462870708607,3,1257.107090123362,40,42.693333943684898,45,0.034799999999999998,3,1,-761.69303385416663,-761.707763671875,0.036596942991429661,3,452.26929006000427,0,0.059259085115288421,-0.13991044708647379,9,-808.56148627059702
477,3,-419.91063315382627,-419.86281015785283,0.10141829447005207,3,-483.13687616738844,-483.13224797510651,0.15359484508344426,3,168.07245087460561,168.06166578369334,0.10015357518568041,3,64.658423954898112,64.588764210902056,0.12593209415609283,3,,,,0,-419.79430508796145,-483.08668105808459,0,4000,3996.8070611306903,3997.6872793831149,2.0501292152988837,3,1256.3188943217117,40,42.91444524129232,45,0.034799999999999998,3,1,-778.39461263020837,-778.40106201171875,0.037074742134613953,3,452.47823978530261,0,0.064849448347674379,-0.14541319225083441,9,-831.52534970556678
478,3,-388.90108536038952,-388.89180896236837,0.28885807996642004,3,-508.28476609233695,-508.29301328447684,0.081180262083250659,3,173.7296615230614,173.73425183574031,0.099546717060670545,3,70.001033014417501,70.126403376902346,0.26513359466509784,3,,,,0,-388.94892997154017,-508.2506565406423,0,4000,3997.9393885810582,3998.1409709408458,2.6913283213427595,3,1256.5578633769126,40,42.911111195882164,45,0.034799999999999998,3,1,-789.0667724609375,-789.10125732421875,0.062230392932037512,3,450.83444712188174,0,0.06978536001419923,-0.14902888657299507,9,-840.85498016797442
479,3,-356.8151280745144,-356.82098914376519,0.0588057383960972,3,-531.31197811894572,-531.30476631037516,0.13562091016153377,3,178.60296630165922,178.6521464087908,0.21849606808767577,3,75.158798470928431,74.9800170186667,0.35169979101827392,3,,,,0,-356.59878700507392,-531.44830896947065,0,4000,3997.6789036972409,3998.44812711948,2.0181551014212142,3,1256.5376512791147,40,42.916666666666664,45,0.034799999999999998,3,1,-793.31083170572913,-793.30682373046875,0.030380817422701954,3,449.08565692942517,0,0.07452896872142005,-0.15202101788529776,9,-844.5737948877296
480,3,-322.92126228935012,-322.89099542109568,0.1712422055823753,3,-552.37334778450838,-552.38782479938709,0.16821973168651994,3,182.06006096070777,182.06588480110156,0.1080624237393713,3,80.521775388509198,80.588976515777162,0.26286568794677906,3,,,,0,-322.8690326071291,-552.58989113386485,0,4000,3998.2714627397604,3998.3875199645522,2.9407565078904518,3,1256.6858935449307,40,42.93888727823893,45,0.034799999999999998,3,1,-792.46824137369788,-792.49761962890625,0.050884630658558319,3,445.02305230653332,0,0.079370961672885126,-0.15381546166887577,9,-841.61418172073979
481,3,-287.83171907244099,-287.88987765773618,0.45707459180417642,3,-571.36137957893868,-571.3935973622747,0.11064442774311389,3,185.6206121269573,185.69466559103353,0.14856823134428321,3,86.533795018453063,86.539674403118539,0.035740468121680302,3,,,,0,-287.89016064488663,-571.5936103595468,0,4000,3998.5040064670197,3998.011985349196,1.6849179325987689,3,1256.4242623269224,40,43.169998168945312,45,0.034799999999999998,3,1,-786.32318115234375,-786.32318115234375,0,3,450.97969376823289,0,0.084698436840684233,-0.15570946997501814,9,-838.90386126216947
482,3,-251.63996231243092,-251.58389302915185,0.24479582138247591,3,-588.01367490907307,-588.03415090257295,0.12158901743726931,3,187.9270914786749,187.9041004403494,0.23154290834852531,3,92.042179011286336,92.020407687126024,0.057750919608211361,3,,,,0,-251.79749757872119,-588.38594494863139,0,4000,3997.7914652334425,3999.0138720044547,3.4447227345058371,3,1256.7955360285262,40,43.156667073567711,45,0.034799999999999998,3,1,-777.38165283203125,-777.38165283203125,0,3,447.28796426313266,0,0.089517389004768466,-0.15649654739279981,9,-828.16410748417798
483,3,-214.60433683173028,-214.67700044177508,0.16138176746605704,3,-602.70817098110592,-602.67017895571178,0.19024996984303486,3,189.61326505306386,189.49235935474545,0.31577388659275768,3,97.77444763755922,97.793678873303662,0.033790949519904891,3,,,,0,-214.73067891041578,-602.90192862079311,0,4000,3998.8940918328558,3998.6465431177598,2.8645325430023103,3,1256.7792440853434,40,43.18888727823893,45,0.034799999999999998,3,1,-765.19710286458337,-765.10382080078125,0.16156927394008999,3,439.88801883221623,0,0.094486515867092016,-0.15681472852317807,9,-815.40824382717039
484,3,-176.58988316515774,-176.38047311505622,0.48343328634570287,3,-614.77627274828149,-614.90393058453094,0.33499052034794852,3,191.18226241129705,191.11465333827638,0.13683823546992127,3,104.47601760174189,104.39242401063657,0.14562867657954548,3,,,,0,-176.83310896053118,-615.08540185518382,0,4000,4000.7583471096846,3999.5678361339419,2.5505955741586095,3,1256.693244252144,40,43.450000762939453,45,0.034799999999999998,3,1,-749.40372721354163,-749.35479736328125,0.08793953135344143,3,468.73780082529964,0,0.10015986993571151,-0.15702128681599928,9,-803.73853990178475
485,3,-138.08460726504123,-137.99113490327187,0.20534444146169198,3,-624.52274583678434,-624.60263088972852,0.17474251387126136,3,191.7683244493837,191.84009405854297,0.18650690007530946,3,109.8528655381384,109.87262530948884,0.089891965253560635,3,,,,0,-138.25140606494898,-624.88922916070862,0,4000,3998.2806339976796,3998.4853977787711,1.0849205978567749,3,1256.3974004907641,40,43.450000762939453,45,0.034799999999999998,3,1,-731.7890625,-731.77996826171875,0.02983632929150894,3,471.05262433326061,0,0.10473299056640782,-0.15645819444184067,9,-783.11342863017057
486,3,-98.54522462039084,-98.594996547700035,0.11687509809352566,3,-632.03190784763706,-631.81185324234502,0.58591716614421918,3,191.97961576552225,191.92156216506191,0.27442296701933294,3,115.86166461863127,115.91085519431537,0.26667189908997679,3,,,,0,-99.134835337013783,-632.27548143408433,0,4000,3999.560396832987,3998.8920964633348,2.728035143201391,3,1256.4764129951182,40,43.450000762939453,45,0.034799999999999998,3,1,-711.6221923828125,-711.59771728515625,0.059021564153483981,3,462.60822470027125,0,0.10971664377138184,-0.15552141493568258,9,-762.03281208225485
487,3,-59.069292657099986,-59.071469382937629,0.011701275818631595,3,-637.251179136019,-637.19481356126403,0.21344202264956666,3,191.85883891518122,191.90615804843301,0.12311133829044035,3,121.37365168100159,121.41933779024677,0.29131588121592666,3,,,,0,-59.634731189805422,-637.21558270017192,0,4000,3997.0703159404325,3997.4607799972532,1.1390863604496344,3,1256.092002260754,40,43.450000762939453,45,0.034799999999999998,3,1,-689.47137451171875,-689.45623779296875,0.059030084393505738,3,450.16292797884051,0,0.11428302421842448,-0.15437917760055392,9,-737.51454684243674
488,3,-18.76546544690019,-18.624015297662783,0.30250406187724654,3,-639.51918581609698,-639.45069263815788,0.18995707389289335,3,190.85132565129746,190.86653278829442,0.045376276476314766,3,128.73568609500532,128.67050182871827,0.23338743610109819,3,,,,0,-19.903911852695288,-639.69042066687234,0,4000,3999.6665717634801,3998.8813516207288,3.8027140427371058,3,1256.9907580632218,40,43.622221628824867,45,0.034799999999999998,3,1,-664.89471435546875,-664.89996337890625,0.011946062981312254,3,460.91761959695714,0,0.12012097367688937,-0.15235144938051934,9,-717.10751829974777
489,3,0.85874598379302425,0.73752482913054185,0.61283877903310158,3,-640.22711037946692,-640.12943750251293,0.40687384215921008,3,190.35009708968929,190.30868563447066,0.1666177223166774,3,131.27066366081422,131.18044037703646,0.2404544347771248,3,,,,0,0,-640,0,4000,3999.9392748886817,3999.6394373090611,3.4081167122847114,3,1256.7165092543328,40,43.632221221923828,45,0.034799999999999998,3,1,-652.37628173828125,-652.4044189453125,0.073982842619836092,3,467.70503704927779,0,0.12218393406252634,-0.15144243855153852,9,-702.85874808388144
490,3,0.72592274103461607,0.77681544317607598,0.10235520063285194,3,-679.56972748755368,-679.59561664960734,0.21892645261883537,3,197.15915693788634,197.13043941768248,0.071999120793826851,3,128.48683153688401,128.42921685062248,0.17172177216771695,3,,,,0,0,-680,0,4000,3999.8849762126702,3998.8772507211506,3.9531208981214894,3,1257.0765066181805,40,43.674446105957031,45,0.034799999999999998,3,1,-685.74466959635413,-685.7392578125,0.053367813433553832,3,499.01184738387627,0,0.1210235472960438,-0.15681932944306867,9,-739.17090304265719
491,3,-38.96605782038327,-39.164356042269212,0.39436494812387929,3,-678.73367735810143,-678.59726679782523,0.26293348478325057,3,197.95104998743423,197.95639187500151,0.20600558115310258,3,122.96007926463125,122.86195402690493,0.34784481087306796,3,,,,0,-39.907579345882965,-678.82794956509565,0,4000,3999.9588540205441,4000.5840991967793,2.6781957008770045,3,1256.514113063394,40,43.814445495605469,45,0.034799999999999998,3,1,-710.73274739583337,-710.73150634765625,0.005627273700501788,3,455.04779155633361,0,0.11665608027221408,-0.15861904512450795,9,-768.23252309769566
492,3,-79.028609285074324,-79.196823326339214,0.31469259817023332,3,-675.07878176880388,-675.17033910606733,0.17710476699674596,3,198.14238991769233,198.25421836110809,0.23207828015470991,3,116.3097423926896,116.3675257636892,0.20907594433929758,3,,,,0,-79.677588998447334,-675.31583856103543,0,4000,4001.5136326081829,4001.6816684347918,1.1453751246788126,3,1256.3942143949282,40,43.819999694824219,45,0.034799999999999998,3,1,-734.85715738932288,-734.93231201171875,0.16544018291401522,3,463.61883464857857,0,0.11127278556083769,-0.15989614025527932,9,-789.78839503371819
493,3,-118.64484694451572,-118.92730850943603,0.58526015463256542,3,-669.29349528671298,-669.2599893178176,0.14017146998715374,3,198.55063780762347,198.44660222474934,0.22563075747493497,3,110.51822065392382,110.50170944108106,0.21764801503940756,3,,,,0,-119.17293349560653,-669.4757739620245,0,4000,3998.4492962588029,3998.323662934426,2.5091914644322602,3,1256.7687022494795,40,43.802221934000649,45,0.034799999999999998,3,1,-756.77335611979163,-756.780517578125,0.012936189827790889,3,456.6967295184636,0,0.10647117011300226,-0.16127031021580851,9,-813.54917578002005
494,3,-158.01615225421918,-158.01332179676709,0.00536799525966944,3,-661.03245817285426,-661.057432024219,0.076955828372016699,3,197.75383192842628,197.70718593749706,0.16410344977659846,3,103.7809072320311,103.8215414056681,0.18755655350168146,3,,,,0,-158.25746420296468,-661.32788768057208,0,4000,3997.6938207353087,3998.5099610676766,2.0771338410239815,3,1256.5098373296025,40,43.814444224039711,45,0.034799999999999998,3,1,-776.97762044270837,-776.99505615234375,0.094205076333582563,3,457.1292154443625,0,0.10090238294186052,-0.16175981117572155,9,-830.34371864621971
495,3,-196.67831025149749,-196.79640993128783,0.28811812403301107,3,-650.53732362919152,-650.60683462466307,0.22295754875394852,3,196.8442347065247,196.87352194575695,0.21184090689860591,3,97.430348012626311,97.466349745577347,0.20243402507899255,3,,,,0,-196.79644864636452,-650.90026716861837,0,4000,3998.1378469873052,3997.8659098056851,2.646695942180568,3,1256.651473534072,40,43.837778727213539,45,0.034799999999999998,3,1,-795.3665771484375,-795.367919921875,0.023100577035731679,3,459.13511445760861,0,0.095546815806655486,-0.16208841050450107,9,-846.32440072976397
496,3,-234.86288566437335,-234.84825633605831,0.097371749140847327,3,-637.71332794803754,-637.69533963063702,0.13890454925980839,3,195.30727701851541,195.30792417099772,0.091728974830738025,3,91.745833477560836,91.688977565333616,0.13640281285230324,3,,,,0,-234.65703496263578,-638.2288585942697,0,4000,3997.3915917337631,3998.4593306585939,2.0055005745674626,3,1256.428704253615,40,43.866666158040367,45,0.034799999999999998,3,1,-810.74424235026038,-810.75164794921875,0.092203302429904224,3,462.93152374944867,0,0.090684220206380811,-0.16195149374632742,9,-862.80237917191755
497,5,-271.59158237764188,-271.71883293097443,0.31561501538469022,5,-623.05112329243298,-623.05111751334096,0.15499013894667243,5,193.82084654488861,193.93647823083469,0.5336896920898424,5,86.574471015482544,87.157194668133442,1.1200975279267189,5,,,,0,-271.70870986749139,-623.35734292790949,0,4000,3999.0695372758114,3998.1981963335534,1.5033368072495936,5,1256.5176662198251,40,44.133332824707033,45,0.034799999999999998,3,1,-822.96317138671873,-822.862060546875,0.22723497528299058,5,471.13623066465607,0,0.086156090770887692,-0.16177427431097377,9,-878.54562253258621
498,3,-308.08007123100856,-307.97584203395894,0.18298783300441751,3,-605.86246408068018,-605.84486564412873,0.178233465320807,3,191.60727304287187,191.58544694157598,0.14140369144000337,3,81.160374576996773,81.083125838010631,0.15634484604222521,3,,,,0,-307.8237485618547,-606.33698536484474,0,4000,3997.9758872872917,3997.8555583557122,3.1545921919855591,3,1256.6323047540275,40,44.281110127766929,45,0.034799999999999998,3,1,-831.4365234375,-831.5093994140625,0.14319819346675627,3,484.90290583683986,0,0.081363807010371034,-0.16100848176214491,9,-890.08903019129821
499,3,-343.0336601370098,-342.98327176581546,0.125307110583183,3,-586.98915322958601,-586.88357049983995,0.1896887200660976,3,188.46618439730921,188.3315875639648,0.3180849893125377,3,75.256414850376032,75.248066522972408,0.055669012028381447,3,,,,0,-342.87765502570056,-587.22645860355829,0,4000,3998.70238168078,3998.3102753916951,1.604728630359358,3,1256.5049962310197,40,44.284444173177086,45,0.034799999999999998,3,1,-838.45072428385413,-838.4517822265625,0.02437025590522229,3,483.19937608322113,0,0.076150622297385062,-0.15949300350671355,9,-894.69952253460883
500,3,-376.94875526824779,-376.86805786509683,0.1677651887696765,3,-565.83251226043728,-565.87290249504758,0.18451339688281801,3,185.12382668784429,185.04412947673913,0.19599847331017473,3,70.21874909807957,70.248431563954341,0.15328047569220987,3,,,,0,-376.74959118162934,-566.09164058876127,0,4000,4001.5802432105716,4000.777515339676,1.6298397328957555,3,1256.6481970884588,40,44.501111348470054,45,0.034799999999999998,3,1,-841.0439453125,-840.92181396484375,0.21962110743875332,3,474.01758731927566,0,0.071547248253771858,-0.15775428941090069,9,-899.54138030776971
501,3,-409.28765687267213,-409.27419233384262,0.16438041066359027,3,-542.88392824817447,-542.9385039472287,0.2113741086761487,3,180.5488026041663,180.65827244346241,0.20183235731209254,3,64.465310698838962,64.471453567175615,0.24235512517682697,3,,,,0,-409.3227934487507,-543.00538741647063,0,4000,3999.2704998198765,4000.4561413311167,2.0860908362812856,3,1256.4632305676139,40,44.475554148356117,45,0.034799999999999998,3,1,-839.19637044270837,-839.20013427734375,0.035458974485431859,3,476.59966406464508,0,0.066343104496753291,-0.15503200437893988,9,-895.2236189451603
502,3,-440.58591362477256,-440.65544233362345,0.13687793353955593,3,-517.96577676549271,-517.806078810347,0.37163754116973963,3,175.48839378719222,175.38458788665068,0.26415885711581316,3,58.593835864139784,58.635223422807037,0.11296850730510653,3,,,,0,-440.48497525093734,-518.04728218395394,0,4000,4001.7913750821467,4001.1442657853327,1.6822049613084309,3,1256.7045680436051,40,44.485556284586586,45,0.034799999999999998,3,1,-832.08447265625,-832.06402587890625,0.12996560519762054,3,478.73160486044509,0,0.060968223434451935,-0.15184219778750196,9,-886.31087983414182
503,3,-470.25145585360525,-470.30311718549967,0.16372586769503944,3,-491.29625282629945,-491.34140399509386,0.22696793283616315,3,169.35023722577179,169.37424360867473,0.12581393460759849,3,54.212002668055902,54.175789445405279,0.083924973618835261,3,,,,0,-470.12871409191325,-491.30336065030548,0,4000,3997.5488297864849,3998.0571557992662,2.0779181514429537,3,1256.6100578534731,40,44.657778422037758,45,0.034799999999999998,3,1,-818.59576416015625,-818.644775390625,0.090335103575550565,3,480.85763904146893,0,0.056747207951065207,-0.14779046747939728,9,-876.40535806366142
504,3,-498.17320025693743,-498.19022462797454,0.21236263418251553,3,-462.88706805149269,-462.93808639644851,0.10647091535484132,3,161.50910962158039,161.56347023991711,0.22866350610615496,3,48.429256105700631,48.411755569065114,0.041789231363434529,3,,,,0,-498.15182186285233,-462.86581465336275,0,4000,3997.1692008425894,3997.6962393375338,2.3069267245918712,3,1256.6429426529787,40,44.665555318196617,45,0.034799999999999998,3,1,-798.19805908203125,-798.197509765625,0.0074310146073131196,3,480.78041661834442,0,0.051357250244562613,-0.14232009023418352,9,-852.05395621540526
505,3,-524.46193161335793,-524.44977072154586,0.20377399013912015,3,-433.00285922658639,-433.08099498476435,0.14349993969688063,3,152.26848841926687,152.31129124584407,0.088544074918411014,3,43.231045726257037,43.031825048467006,0.49439889670362774,3,,,,0,-524.45769710595982,-432.83267430534096,0,4000,3996.9272437663781,3997.6463127145385,2.8901479943167101,3,1256.3797546951462,40,44.666666666666664,45,0.034799999999999998,3,1,-769.76397705078125,-769.845947265625,0.17164771267230605,3,479.64418201046141,0,0.046402805369534401,-0.13572310680920471,9,-821.46735146578305
506,3,-549.06513300877396,-549.10987188022318,0.16296211553367165,3,-401.35856424184811,-401.32812714402951,0.11673243434271798,3,142.59268117945962,142.49500321343493,0.25423421504721755,3,38.229109533167282,38.240029769610558,0.17425142216183567,3,,,,0,-548.95565801970849,-401.30747006272986,0,4000,3996.8459998322528,3997.233848977839,2.7271484416516243,3,1256.6689483483058,40,44.686665852864586,45,0.034799999999999998,3,1,-734.44083658854163,-734.3897705078125,0.12943277813403248,3,480.0176279032699,0,0.041535511510320644,-0.12867362404449831,9,-785.88750388991843
507,3,-571.4614294909552,-571.59099956989689,0.27361853738638781,3,-368.53215612732288,-368.51057809771265,0.20780851387889587,3,132.14077499589845,132.16542938416208,0.18797586165303423,3,34.179499327192026,33.911008899650525,0.54801291373610428,3,,,,0,-571.56125505779517,-368.39887583536148,0,4000,4000.2640645678007,3999.1765470306582,2.4547582425938379,3,1256.7657680325701,40,44.804444630940758,45,0.034799999999999998,3,1,-690.95121256510413,-690.8115234375,0.24767926025995515,3,478.44103469949931,0,0.037401096971320991,-0.12096735653468545,9,-746.20516855879259
508,3,-592.06237332033049,-592.00144056411193,0.16251155476249693,3,-334.3812623263118,-334.3595665373328,0.085267794602571709,3,119.6503525483501,119.56760748561639,0.27647861985718808,3,29.525707781060721,29.619920387457057,0.20695181653862058,3,,,,0,-592.19656204421983,-334.22033436493132,0,4000,4000.0885988225095,3999.1635018946295,4.0959099784431938,3,1257.0284239234531,40,44.771110534667969,45,0.034799999999999998,3,1,-641.2564697265625,-641.25665283203125,0.10372936925519038,3,479.23840294123283,0,0.032745620486082934,-0.11157593612890203,9,-693.08491917339097
509,3,-610.67363950400761,-610.62385782205081,0.095555928150695135,3,-299.04207381711984,-299.08064929879777,0.18829360844169782,3,106.19096004396555,106.09380535605285,0.28048283343678609,3,25.669517797075084,25.556274633420148,0.19685935503561286,3,,,,0,-610.7904448009599,-298.88966616436505,0,4000,3999.161360436497,3998.4360359098596,3.6832323842480563,3,1256.4903077415299,40,44.796665191650391,45,0.034799999999999998,3,1,-584.04180908203125,-584.05902099609375,0.11764733378250233,3,480.61481763274787,0,0.028711866493228863,-0.10142728671562577,9,-634.72523780648805
510,3,-627.22525897996286,-627.08272860037778,0.28948286687092717,3,-262.69665193975737,-262.78458667876691,0.21694521332269218,3,92.157247668598004,92.185268539237398,0.070631491679747346,3,21.763067717434566,21.744745736473533,0.1532674532561733,3,,,,0,-627.27880636221641,-262.52866336610356,0,4000,3998.1780533908272,3997.055446015795,3.3968290384603557,3,1256.6719545635995,40,44.806667327880859,45,0.034799999999999998,3,1,-521.63224283854163,-521.67584228515625,0.15077013376664117,3,481.15618563426483,0,0.02459266405421642,-0.090703613036931197,9,-570.16806918146449
511,3,-641.48362088978604,-641.3662946665653,0.28064626155448374,3,-225.36885585354176,-225.37036252250812,0.035006279377430102,3,77.942545395045698,78.02222157574792,0.14643084185164149,3,17.915133530942118,17.950089029506547,0.15294888658982295,3,,,,0,-641.60480792993451,-225.26266987939175,0,4000,3999.0193399588074,3998.2824290730805,3.2242325097920048,3,1256.5181917655379,40,44.806667327880859,45,0.034799999999999998,3,1,-452.92108154296875,-452.87112426757812,0.10685262270808173,3,481.48997245080454,0,0.020499480137611666,-0.079796835460954132,9,-502.27476598120751
512,3,-653.87246208487647,-653.77045422987669,0.22185768093470676,3,-187.23565916813837,-187.20933566841552,0.22509804266776118,3,64.221445627064668,64.197659782225813,0.10330034946411129,3,16.194943756222372,16.076445983142637,0.23471297913594497,3,,,,0,-653.71906480891437,-187.22014930385686,0,4000,3997.5817018232742,3998.757035824925,2.0896013148945816,3,1256.6025974360336,40,44.916667938232422,45,0.034799999999999998,3,1,-380.13205973307294,-379.88986206054688,0.47654495669473429,3,481.21441401475022,0,0.018073132063878023,-0.069215364893470882,9,-437.77760266988952
513,3,-676.95005958365891,-677.0899692684286,0.30588585923650879,3,-178.06069006659541,-178.06863863787854,0.11207788884918664,3,59.447740984286689,59.483682171398037,0.17870395778955894,3,11.303537433963806,11.235620174865272,0.14117180235926904,3,,,,0,-677.00279829137003,-177.95283393544074,0,4000,3997.794800527317,3998.2797915779133,2.6814316466570522,3,1256.7375489325311,40,44.900000254313149,45,0.034799999999999998,3,1,-366.92022705078125,-366.99542236328125,0.13481343844763141,3,494.40150261898589,0,0.013924983353243332,-0.06604847856125784,9,-424.71912278248084
514,3,-665.51283019510322,-665.5005330480335,0.099884645766590979,3,-216.47269695725527,-216.39837742741892,0.15646774695885271,3,74.547329658454316,74.542742268573818,0.01548669590161871,3,13.725509313585823,13.77243726126207,0.15044932608422296,3,,,,0,-665.73956140660744,-216.31189606246321,0,4000,3997.7743914449038,3998.6861469420096,2.3900562757183645,3,1256.6235734016525,40,44.89666748046875,45,0.034799999999999998,3,1,-442.28269449869794,-442.1527099609375,0.39858139624817146,3,495.68449989539755,0,0.016917364609157624,-0.077753734863299367,9,-498.67430120520839
515,3,-652.13625533211757,-651.9948876315982,0.34139555150873047,3,-254.1122145731305,-254.20451486460226,0.22822305188527264,3,89.040087777037229,88.919639418998571,0.23011120108633823,3,16.715505606473226,16.798688493901764,0.15543445487634741,3,,,,0,-652.3048204480167,-253.96539374544849,0,4000,3997.8106239242948,3997.8282350960276,3.1418316252154943,3,1256.4417013581622,40,44.892222086588539,45,0.034799999999999998,3,1,-511.99678548177081,-511.92593383789062,0.14870199785516505,3,489.87908993972923,0,0.020342058565861316,-0.088929258987356569,9,-568.46843546959906
516,3,-636.81290075854452,-636.78905169462541,0.074781279753721161,3,-290.91417418131601,-290.9268351409205,0.16294852289819572,3,103.10858325288716,103.12836264337706,0.056907997244605477,3,20.256530379268419,20.242222604707298,0.23619992160364442,3,,,,0,-636.74239674816272,-290.79050910132065,0,4000,3996.1095366761097,3996.76258049937,1.7551432389984518,3,1256.6747385361275,40,44.86555608113607,45,0.034799999999999998,3,1,-578.88356526692712,-578.7979736328125,0.4090247866301342,3,490.85317600853796,0,0.024175184484226685,-0.099683448992703053,9,-634.61349126512482
517,3,-618.91041155007645,-618.96371417220053,0.12659171515193507,3,-326.86666071466908,-326.85382687986868,0.18730101602885729,3,115.97891584433631,115.96883237791231,0.028320017373751519,3,23.677966518824793,23.622693310173947,0.14105190367223988,3,,,,0,-619.10305169847004,-326.66712625797152,0,4000,3997.2296678371044,3996.9178570133317,3.4622133254447878,3,1256.3545206916197,40,44.866666158040367,45,0.034799999999999998,3,1,-637.90309651692712,-638.02825927734375,0.26016696482102047,3,490.9704904141193,0,0.027900505577357841,-0.10945716030104007,9,-691.77529097407216
518,3,-599.25712171952773,-599.25822340703712,0.16468623822575817,3,-361.77705951354119,-361.73931810949392,0.1344792895476449,3,129.12785083367439,129.06699147291241,0.1600840860001034,3,28.30793644376601,28.286171935778651,0.13707715278648014,3,,,,0,-599.44432117611223,-361.47822314727335,0,4000,3997.0236629183523,3996.9183419455599,1.1535202328119079,3,1256.151433115225,40,44.854443868001304,45,0.034799999999999998,3,1,-691.340576171875,-691.330322265625,0.04692936764349797,3,495.13345349463515,0,0.032557999805335372,-0.11939802376976337,9,-749.95968146836344
519,3,-577.63851599516181,-577.67493007658925,0.11598328164237313,3,-395.29858257694355,-395.28106953321577,0.32368871020925644,3,140.00316588245241,139.99945190199904,0.3179164989959703,3,32.944949942575327,32.927868859764253,0.093032160777311537,3,,,,0,-577.83032787394177,-395.11025320673849,0,4000,3999.0547131098733,3998.0866069871477,3.027782339783939,3,1256.2686054052874,40,44.857777913411461,45,0.034799999999999998,3,1,-738.62843831380212,-738.60711669921875,0.07435087523296903,3,495.65979444418025,0,0.03717464594380001,-0.12744486772192498,9,-794.80934200328682
520,3,-554.28725305573937,-554.24712833013166,0.2999583528323071,3,-427.58654068649793,-427.56827123176407,0.2300099675854613,3,150.37366650376649,150.38586214067723,0.23143222940613115,3,37.188566274113739,37.167085618534514,0.13179047739170169,3,,,,0,-554.33157214559265,-427.45351574480657,0,4000,3997.5873337929474,3998.3452934317806,1.3869502808221179,3,1256.2219850632546,40,44.840000152587891,45,0.034799999999999998,3,1,-777.62233479817712,-777.62939453125,0.065076653706991658,3,495.50199275717029,0,0.041448548512213829,-0.13505802710622292,9,-833.254058903849
521,3,-529.10213535063519,-529.10778859100992,0.054326657033244172,3,-458.54916168556662,-458.57423723612874,0.095659881731720117,3,159.20514930730738,159.22244292549951,0.19016428549110237,3,41.62571625550526,41.618418356684082,0.25890349223658116,3,,,,0,-529.0247020479809,-458.40251376169948,0,4000,4000.3355007725986,3999.4099526659452,2.238173128378198,3,1256.5240247382117,40,44.881111145019531,45,0.034799999999999998,3,1,-809.30482991536462,-809.3087158203125,0.15753716931544337,3,495.6402188450283,0,0.045827398401045341,-0.14135655198038491,9,-862.25551755889069
522,3,-501.89524575113711,-501.77397316605334,0.30821397015202656,3,-487.96579245389279,-487.99100088449831,0.1394569203929184,3,167.33288334480639,167.38390320821685,0.11642111665486214,3,46.540708354479023,46.61708551367601,0.13971056612170729,3,,,,0,-501.99226333127439,-487.85629805870548,0,4000,3999.5288679907112,4000.3717658992264,2.1301014973481061,3,1256.600038524158,40,44.894444783528648,45,0.034799999999999998,3,1,-833.08394368489587,-833.0767822265625,0.068822499903040624,3,494.25910497382353,0,0.050550625485002554,-0.14706257538714315,9,-886.29285094699094
523,3,-473.42699098249199,-473.46103995282857,0.20634773746585958,3,-515.75669327563935,-515.77633343052753,0.080742618019153181,3,173.8460561962454,173.88048561092353,0.11245752472902604,3,51.779592413812473,51.781512217647659,0.069517685946230409,3,,,,0,-473.32243019181374,-515.71879651348331,0,4000,4001.8399825913571,4001.2541223501025,1.8005377379575778,3,1256.7153096915115,40,44.938889821370445,45,0.034799999999999998,3,1,-850.42085774739587,-850.43072509765625,0.027398214140062164,3,494.06857041912582,0,0.05548426505357127,-0.15144346059502903,9,-902.82422633705301
524,3,-443.23332130407761,-443.22640471217989,0.054217778425772419,3,-541.91770870155506,-541.96032690356253,0.14530465829897943,3,179.54318602733289,179.4996759282416,0.22255100195138314,3,56.694589396033173,56.583492862832529,0.27649608050563496,3,,,,0,-443.10871766620932,-541.89912744735761,0,4000,3999.6799715311499,4000.6870997784972,2.1370343150537869,3,1256.567582922904,40,44.952223459879555,45,0.034799999999999998,3,1,-860.7646484375,-860.7987060546875,0.061704912928210773,3,493.34272720417749,0,0.06012675059076613,-0.15515894907554442,9,-912.198305165595
525,3,-411.6200854794493,-411.61839094013209,0.098311392103675552,3,-566.08061384501696,-566.00732180300338,0.19831673880191067,3,185.20170168257701,185.18294329234755,0.04082880896806388,3,63.751569929480546,63.83250443428669,0.18441320860393584,3,,,,0,-411.44967660473122,-566.31189606246323,0,4000,3998.8933289142769,3997.743908132099,2.2709841222911487,3,1256.5991229135632,40,45.35333251953125,45,0.034799999999999998,3,1,-864.38033040364587,-864.38671875,0.02301376140652284,3,488.53894270707451,0,0.066410340234677567,-0.1587826037906494,9,-926.56543599593397
526,3,-378.50481544376294,-378.51531657483378,0.019382921366190464,3,-588.66777930653825,-588.60173241436291,0.15987422636889204,3,189.11782265436182,189.14773157054023,0.070468857006402083,3,68.653163588454305,68.590206312368778,0.20259136331588212,3,,,,0,-378.44857221891817,-588.87747298182683,0,4000,3998.0514067607951,3998.3597424094228,2.6003587349061776,3,1256.4396619875115,40,45.35333251953125,45,0.034799999999999998,3,1,-864.40590413411462,-864.3863525390625,0.041931300415192219,3,485.10037412410605,0,0.070945549559711232,-0.16100239140159797,9,-924.33185599017145
527,3,-344.24943014669907,-344.2164627537062,0.12863057945332562,3,-609.22027750541554,-609.19116949210422,0.064202313944740977,3,192.03007253476858,192.00151525069052,0.19482584517543128,3,73.965121760812181,73.947782798865518,0.13839847451810844,3,,,,0,-344.21304725192277,-609.52225398384394,0,4000,3999.1499383717951,3998.2267570646713,1.7055620710184409,3,1256.567059880178,40,45.30999755859375,45,0.034799999999999998,3,1,-860.24310302734375,-860.2432861328125,0.053192375038133941,3,482.58204639886532,0,0.075734905407336836,-0.16235500612544101,9,-918.26872586325942
528,3,-309.03767038394108,-309.05244722193436,0.10150109826746827,3,-627.7589395544436,-627.61529441336677,0.32096860388414394,3,195.29775365967922,195.28179449176372,0.31872492568929206,3,80.024321731535636,80.035870967122804,0.057764734714158966,3,,,,0,-308.85477087025492,-628.17890008395079,0,4000,3997.6454291174919,3998.2163086580895,1.2597750536557006,3,1256.253583946291,40,45.522221883138023,45,0.034799999999999998,3,1,-851.87215169270837,-851.9031982421875,0.060119391374715822,3,509.43521512548887,0,0.081090580858701508,-0.16402123522049175,9,-914.34669726374568
529,3,-272.6212127286729,-272.57885787618227,0.34210659116385261,3,-644.2539300626654,-644.3156918757154,0.15208295098461549,3,197.15089420048852,197.20817707243933,0.10515770935948573,3,85.420540427560368,85.470677840103406,0.3896707121212814,3,,,,0,-272.48907442217404,-644.78655718039511,0,4000,3999.2529611400164,3998.52249984933,2.638594450289558,3,1256.3643874338088,40,45.518889109293617,45,0.034799999999999998,3,1,-841.1470947265625,-841.11456298828125,0.064438124558375554,3,509.93842258376566,0,0.085835429810304675,-0.16447307363233662,9,-901.247956098901
530,3,-235.05948817186405,-235.11214985152478,0.43654357238246005,3,-658.9341965369249,-658.87157319942401,0.15545507160944178,3,198.70954952189336,198.70768817699437,0.20455624278070061,3,90.685268700632221,90.516919670065917,0.29339058423413217,3,,,,0,-235.23457525080099,-659.29105454766727,0,4000,3997.177538176677,3996.8151604152604,0.88245950137694718,3,1256.2409317562931,40,45.528888702392578,45,0.034799999999999998,3,1,-828.071533203125,-828.0604248046875,0.019240310484468729,3,491.84921825889546,0,0.090441392147026775,-0.16468944330689123,9,-884.760680871982
531,3,-197.2822147049252,-197.20517640781216,0.13791678525010551,3,-671.19128986228486,-671.22259606978469,0.35007820215715857,3,200.57637524298175,200.57613939917977,0.13591198211548042,3,97.516293310567946,97.460599930403902,0.37231783392606171,3,,,,0,-197.21278978900088,-671.6450815301481,0,4000,3997.373267781426,3997.3753846233262,0.89630196945399665,3,1256.1963920847791,40,45.694444020589195,45,0.034799999999999998,3,1,-811.44620768229163,-811.44744873046875,0.03221397924884125,3,509.83697234457048,0,0.096222016684169742,-0.16513484485530441,9,-874.45392668466184
532,3,-158.34669954345893,-158.52190016556312,0.42401248445311518,3,-681.47637482827088,-681.41405825804293,0.11358167149161168,3,200.80347158165884,200.84376403730002,0.078696820824863234,3,102.87720899645967,102.94820209724394,0.13710693561642689,3,,,,0,-158.54773719803475,-681.80834185963352,0,4000,3998.7773738806477,3998.5689167779201,2.9289984792204531,3,1256.4162863329927,40,45.682221730550133,45,0.034799999999999998,3,1,-793.51694742838538,-793.505859375,0.042689470645924037,3,488.1978301334496,0,0.10075688147115612,-0.16420826359066398,9,-851.98743811178304
533,3,-118.84268654042201,-119.03166384190411,0.38761341396541271,3,-689.59657754013824,-689.52811070517805,0.19442793136296604,3,201.49492186477596,201.5120355294724,0.21751675526777467,3,108.79501756306296,108.8178887788484,0.057361274207033151,3,,,,0,-119.36553484283657,-689.74768509338503,0,4000,3997.2947064628438,3997.1425574164277,1.2364545265890712,3,1256.3254273482917,40,45.683330535888672,45,0.034799999999999998,3,1,-773.3330078125,-773.34588623046875,0.083179095205500431,3,470.02576360786026,0,0.10569950712670366,-0.16367626005182775,9,-831.07570346732041
534,3,-79.250467537441523,-79.349196811047591,0.49587334885447731,3,-695.13283358163426,-695.1225822101776,0.078027508404747675,3,201.14225539805204,201.22203407818344,0.18987148667433126,3,115.63620775783629,115.64598358912856,0.1263217742912153,3,,,,0,-79.793986923378625,-695.43721474398501,0,4000,3996.9032102888227,3997.231810056142,3.0701602776342094,3,1256.7312029414259,40,45.903335571289062,45,0.034799999999999998,3,1,-749.79569498697913,-749.8145751953125,0.047862395533004941,3,488.26837591111399,0,0.11126232088389888,-0.16224644632927002,9,-811.80179203299053
535,3,-39.549462885251216,-39.440189473082967,0.21337131660780739,3,-698.56650737198959,-698.5547791788731,0.027352589324478687,3,201.02606900059027,201.04033482047697,0.065102354891568001,3,121.26690499048459,121.31306573551851,0.20073130493665933,3,,,,0,-39.962167603937338,-698.85837274829498,0,4000,3997.1682037205896,3996.860529107063,3.1247395067616837,3,1256.3433237837887,40,45.903335571289062,45,0.034799999999999998,3,1,-726.33437093098962,-726.36004638671875,0.10945998591235682,3,471.66988793340693,0,0.11587359656482166,-0.16110436253954225,9,-785.85304190245301
536,3,0.70244706328175155,0.65584797722851829,0.34479520704061145,3,-699.59755761915221,-699.75339773956512,0.33625940117729758,3,200.24174057821861,200.13526535871461,0.18904358022579229,3,127.13335533818656,127.09058079823913,0.25724619768949197,3,,,,0,0,-700,0,4000,3996.1762431107977,3997.0620256722145,2.4568065219934088,3,1256.6302591961478,40,45.903335571289062,45,0.034799999999999998,3,1,-700.86934407552087,-700.88079833984375,0.095274888366854701,3,469.70943931103812,0,0.1205440894286858,-0.15932872374766238,9,-757.98387500076251
