id_plot iq_plot psi_d_mWb psi_q_mWb
0.0361075448761 -0.0163385734098 101.711036654 -0.132377099179
-0.0130824846976 0.0399703731972 101.807881976 -0.123560268937
0.0174327438935 0.0097420073509 101.462398056 -0.35779926686
0.039117931165 0.0223905874247 101.467907153 -0.27492387652
0.116374452749 20.0076758611 99.3595689022 19.2746879071
-15.5364237311 12.5255106742 96.7010817779 10.3584015479
-19.9858965613 -0.0161716266548 97.143017029 -2.33342127425
-19.562543389 -4.46892129952 97.9033943763 -6.6048645149
-8.70049061906 -18.0562973525 102.654603471 -18.4904619704
-0.121324826736 -20.0577160462 105.168705847 -19.0807473057
-0.0504758008285 -29.9813691937 105.740359093 -28.7958368366
-23.3720710009 -18.7105484145 98.5819617936 -19.4951885747
-29.9739837571 -0.0398308542044 94.7894493973 -2.38482024167
-29.2645962821 6.60989251174 94.3811675501 4.1555268949
-13.1422472772 27.0428947539 96.5022508446 24.5197913781
0.0741755724102 30.0078486236 99.1307144517 29.1143862698
0.102251956691 39.9760864225 99.4204108693 37.7267097891
-9.66100750136 38.8883955801 96.9899888838 35.7503472697
-26.4999950217 29.9674189818 93.6945120941 26.3537540298
-37.3262459929 14.1435913326 91.9684989367 11.7358882691
-39.9401578655 -0.0554428007014 92.7766663868 -1.96065257067
-39.7907839044 -4.86060309622 93.3254087732 -6.60557763536
-32.9209574632 -22.7127454169 96.5702772535 -23.05367264
-18.5804945937 -35.3958224765 101.023029797 -34.2493717927
-0.0178232556348 -40.0159370883 106.026686771 -37.3628918221
0.0442520611177 -59.9590279574 105.576646884 -53.6370401783
-0.137807375036 -59.9672954177 105.361653217 -53.8113571736
-9.94854827229 -59.159982427 103.230280603 -53.1574990191
-14.48078885 -58.3182247265 102.008216593 -52.7552729477
-28.3870615804 -52.7664594792 98.6330392209 -48.3853835097
-39.6554350312 -44.8937796736 95.233925269 -42.3656365544
-44.1370928975 -40.6715066733 94.3665617078 -38.5748408565
-55.0226106067 -24.1245109231 90.6131400642 -23.5656271054
-56.0964474973 -21.2944272637 90.2473803107 -20.9385491702
-59.9226388827 -4.97242845306 88.176578769 -5.78647693369
-59.9288491262 -0.0208691291548 88.0025783107 -1.24473406687
-60.0255609842 -0.00407920060116 87.9982885989 -1.22372422779
-59.6465463267 7.18826830532 87.7066729821 5.51093841386
-58.1845160769 14.7086798803 87.7481345656 12.730696048
-50.0257719808 32.8276935617 89.1215585316 29.458235748
-49.2600739112 34.0822624729 89.3031321581 30.4569321811
-36.8509450157 47.4121013514 91.9758949711 42.3181016652
-27.9288485901 53.1169190032 93.7797504815 47.7636005302
-19.5078446031 56.706713692 95.576537727 50.9689409362
0.00136515837068 60.0860193712 100.349885935 54.4342278374
0.149345220929 59.9936884568 100.380663134 54.3883018608
0.056600887322 79.9834425161 100.639577372 69.1706526393
0.128697954436 80.0038332591 100.703425472 69.0883771941
-19.1393318018 77.6735582173 96.0665253486 67.0488583372
-37.264643457 70.8609408201 92.0303597285 61.3277096958
-53.022732944 59.8781006295 88.7624238502 52.3530334187
-65.7483542885 45.4526414763 85.8369412284 40.1804786846
-74.6780770828 28.3252756046 83.9824431057 25.4348655243
-79.3900373502 9.58218115699 83.8536753894 8.03925831192
-79.8775098493 0.0290047111848 84.1387467168 -0.957741489215
-79.5373235879 -9.68801484118 84.5544767031 -9.97690193094
-74.9110151565 -28.407890175 86.3579937596 -26.9499664141
-65.8260108352 -45.4687984455 89.2195573749 -42.3082078843
-53.109445894 -59.9803446083 92.8681854004 -54.0603677229
-37.0916451964 -70.8040009063 96.7416833055 -62.2373656886
-19.1361998307 -77.6602357963 101.169471332 -66.937547572
-0.281464512338 -80.0862907715 105.274328135 -69.1810228008
-0.0405745604969 -89.9257353699 105.030188082 -75.4337327997
-29.2398598506 -85.1513066152 99.0312831165 -72.0271531685
-55.2142621297 -71.0245618324 92.7848733915 -62.2624223949
-75.2445532653 -49.2152483957 87.2018373061 -45.1624874692
-87.2980571055 -22.1605294173 83.4984170017 -21.0972681575
-90.0146901919 -0.0492628039604 82.083668484 -1.1334976077
-89.7949879168 7.40543980884 81.9156783285 5.59957367806
-82.3469371591 36.1568491647 82.3353633349 32.3353890722
-66.1940770795 60.967648535 85.7774031296 52.7894007106
-42.8850365104 79.1608587713 90.8105431892 67.1786277171
-14.8256435579 88.8089097522 97.0754443275 74.8418234382
-0.00627776563376 90.0337406371 100.496795087 75.8801940977
0.140792508861 99.9478567697 100.511203958 81.9938051137
-19.4383979388 98.0639248228 95.9695071943 80.6312544532
-38.2935129933 92.4024774107 91.603864993 76.4198529233
-55.5379455951 83.1509368191 87.9525024283 69.656179117
-70.6585389406 70.7278008872 84.6766494818 60.3422317851
-83.0592203646 55.5538260208 82.2619197688 47.9760069244
-92.2884950486 38.2768538358 79.8188179011 33.8866020987
-98.2054901977 19.5594178018 79.273748101 16.9811871739
-99.9765248896 0.00587687734446 79.7118241738 -1.13514612542
-100.041434746 -0.0955855693709 79.7537178701 -1.19713335117
-98.0156773935 -19.5118024098 80.666289829 -18.5963347646
-92.3852248203 -38.2763530087 82.7754464594 -35.0768610134
-83.0337980999 -55.5320401605 85.5478010458 -50.0618871762
-70.6728725294 -70.7681615393 88.6371525367 -61.8173930997
-55.4123452363 -83.1385675291 92.5665316448 -70.5738682007
-38.2598382003 -92.4792684301 96.5864572683 -77.0101862045
-19.6823106922 -98.0988440191 100.644100626 -80.5960809267
0.10459097917 -99.9133257355 104.728917725 -81.6212688014
-0.045906350406 -99.986594494 104.717462796 -81.6849200209
-0.0611566572107 -120.014336473 104.623671144 -92.5002067247
-0.0246005518733 -119.976167809 104.723179071 -92.2986155515
-0.374650876303 -120.077334926 104.693602997 -92.4159365479
-20.1362720048 -118.45570423 100.485567228 -92.0234758373
-28.6959970432 -116.479088628 98.9283250355 -90.8976255283
-38.9141788538 -113.499269602 96.9657247977 -89.0017245065
-55.8059757163 -106.322472249 93.2950706736 -85.2666927672
-56.9333679498 -105.54025955 92.97025839 -84.7314162969
-73.6421421603 -94.6640708945 89.1618453912 -78.0255326252
-79.5270783017 -89.8501672396 87.9301956424 -74.4934318824
-88.2815499721 -81.3409025898 85.7112782051 -68.7957259369
-98.8950037 -68.155053081 82.8558324783 -59.3866455097
-100.451756146 -65.629563976 82.7075049413 -57.1229514336
-109.874649164 -48.1318791059 80.0983175464 -42.9469323631
-112.155924038 -42.5312836659 79.3347466229 -38.2669076215
-116.343995321 -29.459171702 77.7892257736 -27.0952510853
-119.069767625 -14.4688936019 76.6235334414 -13.9737350273
-119.53608892 -9.9428594287 76.4607918986 -10.1481821265
-119.905766075 0.012715389564 76.0535955318 -0.887928057623
-120.007037481 -0.0217750734332 76.2670727452 -1.02897635435
-119.611578763 9.89673033634 75.8702166778 8.03537288785
-119.078748374 14.4694420801 75.9945389123 12.0357508052
-116.340515028 29.4607159275 76.1030511011 25.5960487419
-112.164418841 42.5163606488 76.3584974226 37.1321248877
-109.866435745 48.2174345806 77.0069457098 41.56290369
-100.359692371 65.6893108666 79.1803986129 55.2728034054
-98.6615911412 68.2246241085 79.4557321054 57.4283241108
-88.1808757775 81.2408389449 81.7848064283 67.1216189704
-79.4851081561 89.8857331568 83.615135292 73.3457165808
-73.7212111867 94.7239017205 84.6655655379 76.6998949148
-56.9732230734 105.445052898 88.2027876416 84.0453290318
-55.707814072 106.318175419 88.4260359478 84.5473265568
-39.0303181373 113.539189319 91.8513320938 88.9778072308
-28.7402898868 116.500490889 94.0860017577 90.5859397385
-19.8191867338 118.411630753 96.0322633719 91.6365539268
0.187607491208 119.972594246 100.40028335 92.81372064
0.292101432876 119.922159723 100.312732025 92.6451443366
0.059783940746 119.96801673 100.395869398 92.6193547119
0.0974349436078 140.027669175 99.6505617411 101.794846069
-19.7124316763 138.441045199 95.7069866992 100.933699642
-39.6380944082 134.413987901 91.6142136118 99.0621702085
-58.1208721792 127.331303887 87.8109925162 95.4748181465
-75.676504319 117.781703038 84.5619381999 90.0314796882
-91.481504599 105.750752606 81.5345122843 82.8687328361
-105.71619486 91.7134906853 78.4454390605 73.5065334211
-117.697490768 75.7139065944 75.8729456677 61.8798952138
-127.383761089 58.2011621421 73.8883998617 48.320869878
-134.314257712 39.4365824634 72.5196390629 33.9912494864
-138.498220633 19.8504589948 72.5772505016 16.5282119549
-139.985555791 -0.00437934210632 73.014182073 -0.815257716067
-139.931420314 -0.0227492406445 72.9496828069 -0.987576223465
-138.519245942 -19.9297491155 73.7279370647 -18.4399373606
-134.347553906 -39.4520094895 75.2116930813 -35.0432608738
-127.392898826 -58.2177126626 77.5135275847 -50.338766475
-117.787843669 -75.7604097758 79.847025408 -64.0895217332
-105.986946847 -91.7234674253 82.9064093597 -75.0713292226
-91.5733796461 -105.814397267 86.3792178082 -84.1060558517
-75.8250597917 -117.838609264 89.7350221945 -91.1973127562
-58.1408219515 -127.344655989 93.3479453364 -95.9707516798
-39.3290077006 -134.309307488 96.9543048937 -99.3066039341
-20.0152526642 -138.620060008 100.909858363 -100.894841883
-0.114581085254 -139.984837532 104.927986741 -101.281323544
-0.00271102148257 -139.9767988 104.866682878 -101.159166143
0.0755723448649 -149.883916574 104.726751788 -105.20805674
-29.1990104589 -147.147900213 99.0405670705 -104.694416656
-57.1886331002 -138.588944287 93.8185130666 -101.280988968
-83.1793009441 -124.717336623 88.7382231273 -94.6218411974
-106.224841827 -106.185402485 83.7670421756 -84.2517377357
-124.885816327 -83.3235720495 78.7288404105 -69.2589455034
-138.696276834 -57.4103773495 75.4628252203 -49.535509656
-147.088337685 -29.3123634336 72.4680395283 -26.5435195301
-149.949222869 -0.0173930242228 71.1236884303 -0.976287245461
-149.98485443 -0.0438838550557 71.1637549562 -1.08001912943
-147.035966231 29.2246644354 70.9065071732 24.7571781281
-138.488420412 57.3883061368 72.0672722149 47.3753791495
-124.715628272 83.3883096101 74.9195709302 66.9119732743
-105.873305223 106.055644043 78.8824008504 82.1649551535
-83.2671220101 124.830056233 83.200793391 93.3084477974
-57.666422676 138.737188459 88.2273616556 100.400049846
-29.2255872268 147.077109505 93.6075581958 104.206612133
0.0283731027081 150.078881736 99.3674930703 105.501651972
0.00878049530796 150.078025323 99.4100815594 105.531465702
0.189649235492 159.909942979 99.3054542083 109.184788142
-9.77425142823 159.78315743 97.3210507209 109.160501816
-29.555310597 157.392050725 93.3812143734 108.00527427
-48.3311913688 152.36494155 89.8524564294 106.08681247
-67.054758536 145.51181851 86.2186266029 103.026206574
-84.190322707 136.069215748 83.1299022514 98.4227610434
-100.248466984 124.635708095 80.0905192653 92.5471115378
-114.758738439 111.430887473 77.2162113621 84.8759617413
-127.668131302 96.4484354038 74.7568365843 75.1420051446
-138.510047525 79.9928648647 72.4546249767 63.802162011
-147.316602171 62.3909407879 70.6810147516 50.7755536472
-153.873656829 43.7479065605 69.2075876663 36.5274275355
-158.129957257 24.5354111359 69.2415154048 20.3756434779
-159.964799884 4.91667850903 69.3965566618 3.21003745011
-159.990626002 -0.0343768905782 69.3992860758 -0.934801256372
-159.230357739 -14.8060026722 69.9505145107 -13.9285703255
-156.312650688 -34.2832010245 71.0627436784 -30.6128014337
-150.880109529 -53.1406626571 73.088025872 -45.8524264989
-143.327522115 -71.2801734299 75.0144419242 -59.8732721202
-133.607172925 -88.5137195304 77.7641411352 -72.2114852813
-121.499528546 -104.160743308 80.7969275373 -82.5291224166
-107.737787171 -118.268427403 84.0161095679 -90.9826532951
-92.5802534192 -130.663284098 87.2653907467 -97.3361474698
-75.687304191 -141.020714935 90.6330018519 -102.037956924
-57.9277604236 -149.201980975 93.9803979021 -105.660015543
-39.1200508548 -155.161074562 97.3531589349 -107.81489643
-19.9508908136 -158.768734954 101.011668698 -108.644957709
0.0669400164895 -159.946141044 105.135491136 -108.928756165
-0.145351653981 -180.035126826 105.047591836 -115.716274991
0.0295347602016 -179.858698532 105.154829239 -115.669993112
-29.9520721133 -177.533401402 99.2566757645 -115.391031922
-58.8034254488 -170.383996269 93.7298480214 -113.659139992
-85.7075434587 -158.281756352 89.0557482863 -109.38350364
-110.479443083 -142.096667474 84.2701896615 -102.662212102
-132.640820764 -121.985813099 79.5285538314 -92.6426737113
-150.870848507 -98.4240804517 75.0444015419 -78.491506263
-164.847931025 -72.3361672251 71.3762795663 -60.4108692137
-174.542078533 -44.1815710849 68.4997896497 -38.2638351431
-179.363826245 -14.8840682627 66.3865355462 -14.0510305723
-179.942894308 -0.0232441183235 65.9372818398 -1.20284563755
-179.230470767 14.8332228341 65.9187828519 11.6890630587
-174.519108974 44.1534775907 65.8940098915 36.256776392
-164.848589692 72.3331666565 67.9507386074 57.1159175293
-150.555196074 98.5448937867 70.6619385142 75.3685178294
-132.49947569 121.963921941 74.3351167205 89.69891456
-110.4274142 142.025835901 78.589913243 100.253999763
-85.5909430434 158.262894538 82.7272529775 107.503885078
-58.6468830173 170.308756507 87.5887060671 112.181820496
-29.7068479219 177.564445939 92.9785446905 114.792495663
0.104365050218 179.97441188 98.6826740649 115.918674381
0.00227457474592 200.019347067 98.1298769224 121.990709266
-9.8189355072 199.693075307 96.2113817153 121.835302779
-29.6727597796 197.684941903 92.3632176379 120.976775308
-49.3676746367 193.807163233 88.7268479856 119.572240858
-68.3776612562 187.940302014 85.5261113428 117.772218155
-86.6890557549 180.181746561 82.0526556916 115.244118336
-104.219040319 170.680294179 79.137932477 111.665500996
-120.94730995 159.565063241 76.201280541 107.237995245
-135.865888007 146.582281834 73.6179660778 101.33760427
-149.809831701 132.345597873 71.2963801882 94.3865849563
-162.151859944 116.715041187 68.7704342812 85.5758940836
-172.972763072 99.9676918571 66.5063397678 75.5099215333
-182.258711264 82.2755185774 64.6799149136 63.4176943371
-189.483510122 63.7163835704 63.0328745872 50.1476810108
-194.972674553 44.478530962 61.824071723 35.8819912004
-198.495317416 24.8957681989 61.7647347436 19.9812561458
-199.827131072 5.00932664098 61.8205996414 3.23962713864
-199.885104366 -0.0617020979941 61.9314734808 -0.873584569457
-199.528453051 -15.0045167814 62.4145544762 -13.9515391787
-197.029449098 -34.7712654538 63.6139630911 -30.4381283524
-192.636093247 -54.2147399518 65.4898057366 -46.0269259997
-186.084365282 -73.0487133698 67.1171585013 -60.5468924263
-177.912131946 -91.2186112463 69.2039087903 -73.3344531022
-167.959241948 -108.489165056 71.9483855739 -84.1026063008
-156.537960302 -124.742144923 74.7295853401 -93.5861046202
-143.104632264 -139.712371716 77.8720691891 -101.281868116
-128.728330475 -153.279957909 80.8024104889 -107.328514194
-112.511884734 -165.226036274 83.920751499 -112.054802838
-95.385527481 -175.542431264 86.8831539123 -115.916610292
-78.0243846731 -184.453103675 90.045163313 -118.64515609
-58.7698971313 -191.067302809 93.3259317883 -120.474321898
-39.6478867671 -195.904843137 96.9193314441 -121.439934133
-20.1901604469 -199.079065603 100.839783447 -121.986246874
-0.238357301237 -199.94703109 104.700671623 -121.934825389
-0.193545505666 -209.991286943 104.281659061 -124.740690238
-30.0572033871 -207.818252469 98.6868886982 -124.804742008
-59.327886824 -201.484325549 93.2796202618 -123.481536585
-87.3106539748 -191.092246654 88.4125822851 -120.869396031
-113.330622067 -176.563094945 83.7960388863 -116.236740731
-137.564257084 -158.684872232 79.2808836153 -109.745205477
-158.664840183 -137.565150067 74.9398856678 -99.9614377069
-176.567118932 -113.46738712 70.6863725368 -86.8546896618
-191.035853181 -87.2283940365 66.8008924823 -70.1460915771
-201.677332965 -59.2252442269 63.8932133774 -49.5711917067
-207.938462468 -29.935880859 61.4300538183 -26.4126216347
-210.011618603 0.00441595163621 60.0589021326 -1.17599290684
-209.956391136 0.00138232717305 60.3098885205 -1.17248731451
-207.786571814 29.8537439991 59.9908461685 23.8276777623
-201.506197897 59.1157477283 60.9947745319 46.2892006704
-190.794973157 87.3030934996 63.3559882671 66.5247867522
-176.676857634 113.628925415 66.176162487 83.0692200507
-158.415693222 137.502107399 69.6605347278 96.4786772716
-137.168361742 158.717828645 73.3991250912 106.361578074
-113.78057576 176.776211212 77.3583324482 113.348882292
-87.1722902867 190.980242495 81.9017522421 118.579767936
-59.1502180184 201.502066172 86.794684011 121.7327885
-29.9530963668 207.888137583 91.8528752841 123.93426982
0.0208032264832 210.047199192 97.6642448236 124.796227728
-0.136341457199 210.133719004 97.7256610829 124.640111121
0.280657067807 219.769363105 97.633814884 127.112821289
-19.7265384662 219.104230087 93.6858432316 126.866110895
-39.5393540206 216.607308351 89.8828054593 126.165921771
-58.3363162557 211.987052244 86.6711989271 124.797462454
-77.2682095228 205.954331322 83.4223532728 122.951717481
-95.5505205333 198.217589032 80.3401293177 120.491821745
-112.77760277 188.957114429 77.3792596448 117.750250226
-129.274690272 178.041729469 74.6705095669 113.597852626
-145.015124438 165.837327888 72.1560659302 108.75605872
-158.827891838 152.064181245 69.8686886312 102.927585112
-171.806858039 137.237130579 67.4771010163 95.7988697049
-183.423102056 121.243166225 65.0532240584 87.2984562235
-193.653881793 104.291868686 62.9961019613 76.8694143658
-202.476205128 86.524639267 61.2755156424 65.4087965838
-209.040228576 67.9854567082 60.0599184386 52.408352048
-214.358799692 48.9012752736 58.5679452807 38.5581704376
-217.928540504 29.5083199868 58.3456850615 23.3902269657
-219.674210985 9.82441927703 58.532277955 7.14688097639
-219.889752932 -0.0222184411834 58.6188296819 -1.23990935999
-219.801830432 -9.87211612387 58.9500540149 -9.6659817467
-217.894162796 -29.5491718424 59.9507821611 -25.7743801484
-214.520301647 -48.9633424024 61.387745283 -41.5939603754
-209.231617087 -67.9683131931 62.9401720556 -56.0150425485
-202.35180681 -86.4606266752 64.7985270477 -69.1845431246
-193.76442765 -104.167164923 67.3403776445 -80.9762276975
-183.803870332 -121.312026568 70.2538551052 -91.0208884727
-171.99564326 -137.262813791 72.8809877698 -99.5118367854
-158.976109117 -152.06288934 75.671039635 -106.789500839
-144.633440646 -165.570276362 78.4207307434 -112.330880016
-129.499593942 -178.091167078 81.5110265765 -116.942196443
-113.020826663 -188.915798752 84.1053244349 -120.602930996
-95.5036897961 -198.240780169 87.3237873256 -123.075783221
-77.2566087508 -205.874680328 90.2423529999 -125.0920492
-58.4322906848 -211.945440318 93.7649875984 -126.272837315
-39.6747853501 -216.569352225 97.1394838282 -127.18939576
-19.6367917812 -218.934050839 101.018988899 -127.278257897
-0.227211290206 -220.043185226 104.510431169 -127.204595894
-0.0596203199835 -220.055511633 104.710696728 -127.24031564
0.071801198139 -239.874107747 104.375734199 -131.720585275
0.0443591489403 -239.915870908 104.555537437 -131.785082208
-15.2503857113 -239.671663007 101.838906224 -132.255023257
-19.9754261617 -239.111340361 100.843513597 -132.354463067
-39.5615401562 -236.594683431 97.2596643448 -132.173080515
-44.2385279353 -235.830919612 96.1389098085 -132.289881986
-59.5466009262 -232.889561696 93.5433608973 -131.950674573
-72.6967864124 -228.605017194 91.0839906015 -131.23494187
-78.0490616026 -226.91939127 90.1044452272 -130.792647986
-96.5525070361 -219.745237853 86.9601579967 -129.395783631
-100.486515612 -218.205303707 86.325156949 -129.158469982
-114.303958772 -211.146321441 84.1879244627 -127.229091252
-126.319082079 -204.063861352 81.8979900648 -125.531329241
-131.354110419 -200.816487846 81.0379629383 -124.528709584
-147.504961213 -189.497520188 78.5072191814 -120.994750742
-150.545467336 -187.010076847 77.6787162503 -120.269822483
-162.570428858 -176.549293145 75.7344285388 -116.420931313
-172.25266547 -167.190854399 73.6967683067 -113.029799517
-176.658205238 -162.598747678 72.6540579778 -111.199141482
-189.493204349 -147.434343091 69.9043434892 -104.281270808
-191.454710311 -144.689026246 69.6124834962 -102.976682384
-200.668104733 -131.316555165 67.3269879757 -96.1461869837
-208.033222942 -120.003458661 65.5551929456 -89.9179442881
-211.271827868 -114.258053957 64.8447119092 -86.3388975334
-219.639558902 -96.4107816769 62.356082241 -75.2939284285
-221.116587685 -93.5468892001 62.1106347952 -73.4924882391
-226.968940694 -77.9962734619 60.2932517114 -62.9949465047
-230.628717759 -65.7198258952 59.1808387848 -53.9522617095
-232.72406585 -58.9659405222 58.5904945859 -49.0322645993
-236.673835083 -39.5667742298 57.077479653 -33.7117502159
-237.089698438 -36.8495837631 56.8030867642 -31.4073151329
-239.031001167 -19.8495434357 55.8436163408 -17.8629616101
-239.900942891 -7.4066199525 55.2938560628 -7.37297462683
-239.784943236 -0.0607371878026 55.2006505018 -1.26927139797
-239.940360032 -0.0386795100321 55.1752800332 -1.34668498855
-239.99091516 -0.00845853544056 55.0475186428 -1.48452195
-239.052619097 19.7493283949 54.9402213794 15.2516703111
-238.989187361 22.1753377678 55.0275841912 17.0649543631
-236.488431908 39.4112339721 54.9803163527 30.6051883066
-234.285548762 51.3250022316 55.5036474514 39.7422115494
-232.574691033 58.8719104938 55.8692699917 45.2377417326
-226.670814601 77.8200437082 57.461978828 58.5405887711
-226.373048076 79.8310545535 57.4811178901 59.7732797204
-219.748868208 96.4443638907 58.569163991 71.1566117261
-214.599569964 106.963110504 59.8393162783 77.4070461258
-210.660383135 114.257212767 60.5915333226 82.2415812758
-200.688348436 131.291378692 62.6115891649 91.6135594317
-199.836664631 132.579013601 62.8400270213 92.3169887981
-189.438403188 147.48751916 64.9732736867 99.4770904337
-182.124715024 156.226486562 66.2652709367 103.870636851
-176.239526417 162.500212673 67.2271550014 106.442896538
-162.747461952 176.732794303 69.2149725362 112.27197398
-161.449676493 177.327723452 69.7036265474 112.553123868
-147.18665447 189.329497804 71.8158887762 116.960290161
-138.862247785 195.993288452 73.1318483324 119.226490217
-131.10657275 200.862872419 74.5770468646 120.874118683
-114.222170493 211.136027756 77.1841889375 124.060918767
-113.534762923 211.434514682 77.3522339828 124.173776563
-96.2727983908 219.703506609 80.2321360864 126.417725914
-86.6055615652 223.736812161 81.6182982682 127.48358532
-77.9738042563 226.97604513 83.1393277642 128.353232383
-58.7804020087 232.495502011 86.364596564 130.020128324
-58.6230213855 232.86960991 86.404385022 130.150796106
-39.5738222421 236.701654181 89.6715142978 131.04503882
-29.7432653368 238.316600747 91.5973227626 131.596375334
-19.8282869021 239.170419664 93.2400707576 131.84726094
0.0451068858007 240.121180227 96.8905883187 131.798164714
-0.015161628835 240.05330822 97.0059921594 131.780312534
0.188966533492 239.847951328 96.9319826781 131.776838928
0.00689361028825 260.066472323 96.3084268259 136.120640883
-19.9392654788 259.139201853 92.7479039126 136.168639941
-39.792971941 256.86921496 89.4017239687 135.847142865
-59.4486370879 253.273921989 85.9545944266 134.971411048
-78.6447664865 247.880410411 82.631303919 133.694502677
-96.9598107446 240.957007023 79.616570773 132.068284846
-115.288925672 232.998126796 76.6221024621 129.954453838
-133.062248167 223.627262205 73.7953668424 127.541735089
-149.530451374 212.656141036 71.2840471681 124.425263959
-165.35452069 200.72392613 68.8560324478 120.638730416
-180.391147369 187.38187898 66.2339350229 116.078818024
-193.980326096 173.006557662 64.2720808339 110.377410553
-206.626224539 157.683361971 62.0209164637 103.782882209
-217.936279536 141.389426732 59.6683503143 96.0854321085
-228.252105155 124.267254347 57.5779425802 87.0543962533
-236.99561808 106.360260408 55.9618183576 76.5880543388
-244.615549692 87.957196997 54.2118046871 64.9095780754
-250.602211978 68.9029851875 52.9067660521 51.5541621398
-255.268365592 49.4820046787 51.4232622535 37.81009127
-258.245574097 29.8054630892 51.0774141242 23.2198934671
-259.875281212 9.98098471334 51.3230074615 7.13575572895
-260.040526226 0.0171844039284 51.449597318 -1.21219068797
-259.722641302 -9.98850876654 51.7806409451 -9.60591418433
-258.199587251 -29.8243245693 52.6606132165 -25.5455279986
-255.344542419 -49.5532296407 54.0607477512 -41.2742770517
-250.592242535 -68.9336183279 55.6208262848 -55.8799102817
-244.582447497 -87.9485897027 57.4599336676 -69.0862435507
-237.194185694 -106.462650647 59.7530544161 -81.0773244037
-228.275060733 -124.246209868 62.1570731203 -91.7548928179
-218.364283347 -141.362917819 64.7757313643 -100.886052941
-206.568980868 -157.612427199 67.2210979566 -108.74805847
-193.880433426 -172.980345718 70.0336505827 -115.04003023
-180.344531839 -187.384745449 72.5818893061 -120.691037075
-165.407953777 -200.621112891 75.6008355817 -125.063623584
-149.47594093 -212.678242611 78.2107631805 -128.324454109
-132.563155159 -223.430412009 80.9168649015 -131.26398708
-115.358229727 -232.940580515 83.7375231125 -133.456491317
-97.4905143808 -241.250591282 86.7872062747 -135.093554742
-78.3146855371 -247.759286854 90.1100758654 -135.959524004
-59.4103310684 -253.07274652 93.4019675046 -136.745611379
-39.7175584277 -256.994134054 97.1965984677 -136.898152624
-20.3911579159 -259.322535813 100.44531582 -136.950611519
-0.0295714437035 -259.866178108 104.094025447 -136.168395804
0.00116045477205 -259.935415066 104.051294812 -136.407456587
-0.275505844258 -269.97909623 103.608114692 -138.215380078
-29.5956389124 -268.135162884 98.6115087928 -138.954451633
-58.9310275191 -263.452035258 93.4945727743 -138.91336985
-88.0892922895 -255.489938539 88.3505279179 -138.102370167
-115.185108506 -244.078616215 83.5211598257 -136.090044416
-141.74226869 -230.167941375 79.4230061578 -133.163299939
-165.82314015 -213.125882037 75.174620349 -128.654870284
-188.215851125 -193.506832884 71.1724859414 -122.861619419
-208.558859293 -171.727808423 67.2190541307 -114.533538878
-226.026591463 -147.692391032 63.1948823923 -103.990588048
-240.988356139 -121.900002051 59.4614361166 -90.0902999356
-252.937413403 -94.7381250208 56.1386168888 -73.1319944562
-261.613339093 -66.2968201033 53.2877407431 -53.7345104696
-267.480429541 -37.1083305373 51.218448089 -31.3877201141
-269.904455371 -7.51509598071 49.7663108005 -7.59262246949
-269.893887449 -0.11422722178 49.7453456571 -1.46046144391
-269.03838195 22.2818434282 49.3974873481 17.0623183994
-265.030569655 51.7782353081 49.9669324365 39.1153272844
-257.490210894 80.6208199703 51.7387968529 59.4759461459
-247.147710796 108.432032223 54.1939760802 77.2108833693
-233.620534529 134.956323009 57.0648799321 92.366877945
-217.26087232 159.908226138 60.2358382141 104.349904743
-198.76674482 182.967451854 63.5284110036 113.885859636
-177.23223319 203.620290603 67.0676442018 121.392581804
-153.877283122 222.00114084 70.6592881103 127.123059888
-128.622346455 237.529636143 74.5590264328 131.075057657
-101.421382625 250.025857802 78.9343474654 134.344748363
-73.3743876995 259.697676409 83.3481329192 136.54838132
-44.2206771137 266.113899158 88.1542692854 137.939590181
-14.8554783919 269.662160433 93.470405969 138.328351212
-0.0259906775611 269.976187339 95.9075874693 137.961269653
0.256927739057 279.81181207 95.6460959556 139.902625533
0.0437264433315 280.003661465 95.687646742 139.921182888
-20.0710146661 279.279379413 92.1538984477 140.339771392
-39.6840459928 277.025855011 88.8750810187 140.255487056
-59.4133619165 273.369621622 85.5543401989 139.567927993
-79.3268239893 268.859309192 82.2089891153 138.454524459
-97.8275009249 262.283550073 79.1448007342 137.193225143
-116.303458893 254.758965206 76.2794483493 135.549607936
-134.203663102 245.723343168 73.4829438038 133.352896992
-151.427715859 235.595029456 70.815398828 130.854054312
-167.691936121 224.222066253 68.2942634213 127.80196124
-183.511761869 211.718812816 65.8427382376 123.934266258
-197.777285793 198.000397443 63.5915029174 119.525291996
-211.308669204 183.362236359 61.3388083107 114.156087249
-223.985667276 167.957297396 59.1052205268 107.908807128
-235.530493163 151.502019228 56.8372032942 100.273925799
-245.697064744 134.22638418 54.7125492741 91.7262635604
-254.788426834 116.406745252 52.7416392603 81.8233006706
-262.320779033 97.8897599481 51.1317852385 70.5081114528
-268.596674621 78.9075218133 49.5983754233 58.1210176869
-273.677258908 59.5417208091 48.4131907476 44.4187228734
-277.179470967 39.8535551719 47.285636824 30.3688593701
-279.206037303 19.9599410508 47.465652307 15.1203665113
-279.799416731 0.00362393631719 47.82879935 -0.942134912212
-279.941145776 -0.0544842884972 47.8855068371 -1.17353373603
-279.190376263 -20.0606488894 48.6305563482 -17.4342119582
-277.18180032 -39.9525836257 49.8241283594 -33.2964140331
-273.528263341 -59.6051270355 51.1546124389 -48.0662342022
-268.661056786 -79.0061401906 52.667533067 -62.0672321812
-262.406394847 -97.9462909492 54.6195525958 -74.8738877406
-254.794718445 -116.414999872 56.9523282198 -86.5244996479
-245.62298866 -134.244807974 59.2119624231 -96.7028002875
-235.603707788 -151.419886725 61.694783892 -105.238072152
-223.911287685 -167.846012368 64.2761096321 -112.695240894
-211.598796388 -183.317939106 67.0440273775 -118.789110128
-198.058042197 -197.972397886 69.5458210758 -124.284007063
-183.374520707 -211.538199651 72.282151724 -128.294971191
-167.910304758 -224.225124254 75.0896727899 -131.94456012
-151.476903976 -235.593137022 77.7284281275 -134.61581664
-134.442378113 -245.761531987 80.3381824489 -136.958279166
-116.200102328 -254.681867654 83.5097902878 -138.671176387
-97.8126192503 -262.247841797 86.7051773512 -139.682837833
-78.9053761107 -268.595170533 89.8354612737 -140.70303875
-60.0137714488 -273.730689409 93.1737292928 -141.247494537
-39.6588802367 -277.006942453 96.6443529894 -141.230172063
-19.8996827763 -279.021201977 100.189179528 -140.735826746
-0.0879800138094 -279.941097224 103.396356434 -139.975227349
0.214657405259 -299.803581496 102.796605611 -143.51863203
-14.9009314742 -299.461130107 100.289458721 -144.189717558
-44.776914471 -296.440507414 95.3109305414 -144.992921673
-73.8507222866 -290.469144279 90.1862292705 -144.897168066
-102.697455104 -281.753645269 85.333490746 -144.148464496
-130.149098937 -270.377110233 80.7985280616 -142.525827722
-156.547281757 -256.093363254 76.5950619316 -139.892058316
-180.995372068 -238.971233101 72.4248102419 -136.243291654
-203.976992067 -220.040232322 68.7564695246 -131.047344072
-224.953637292 -198.553779596 64.5729887265 -124.24180763
-243.78032109 -175.056086102 60.6506490739 -115.466617587
-259.918181714 -150.05405697 57.0970989298 -104.293529851
-273.488397349 -123.468314044 53.47325904 -89.9970804827
-284.60268558 -95.5823528597 50.1226194758 -72.9128730955
-292.485429573 -66.7973799247 47.7523441222 -52.8110477793
-297.518926849 -37.3224882254 45.8966639258 -30.7889978236
-299.768064179 -7.52196657397 44.284779044 -7.31302057797
-299.816733597 -0.078258335066 44.3646701318 -1.06271858787
-299.052087423 22.3623016712 43.7643141075 17.0138903339
-295.499930159 52.1324153115 44.3203163452 38.7291850014
-288.61802988 81.1873356213 46.4868491442 59.0424488817
-279.125950965 109.646326787 48.5793985872 77.0952230997
-266.906817345 136.919694072 51.1824798466 92.3753699014
-251.649406369 162.753888503 54.6119135159 105.113879395
-234.225757965 187.119893918 57.648267554 115.162149424
-214.934173452 209.68427221 60.9995721324 123.048062684
-192.487496954 229.74590578 64.4332073576 129.378091077
-168.841028636 247.851880532 67.8824678147 134.160810495
-143.527080883 263.416114644 71.7955299718 137.681036347
-116.304101925 276.275268719 76.0013026586 140.410257966
-88.4923683611 286.735106312 80.5400362051 142.393091545
-59.4893293403 294.047611809 85.0444320185 143.709491722
-29.6491977285 298.143068387 89.8915246144 143.914464099
0.0148330274193 300.084106886 94.8150653458 143.424873495
-0.0480037009746 319.855906044 93.9724344246 146.890620195
-9.81628842647 319.635412998 92.4194719523 147.185461215
-29.8790489388 318.648567283 89.1784753108 147.414771166
-49.7471029634 316.137481274 86.1528937553 147.40562699
-69.1678206102 312.498285554 83.0328863888 147.349806069
-88.4076603058 307.429119937 79.8491779731 146.67307793
-107.777970974 301.56085274 76.8043193577 145.726725944
-125.682507021 294.081583362 73.9825529825 144.350323094
-143.76712474 285.775001271 71.2726499258 142.740008178
-161.550332042 276.33082321 68.5839145504 140.837246956
-178.031228525 265.712651979 66.3047195044 138.775478463
-194.256930054 254.210237471 63.8777530698 136.007042929
-210.143442647 241.715634976 61.4993052229 132.6333837
-224.295441671 228.032425161 59.2283484898 129.128991983
-237.975527398 213.679977338 57.2048165117 124.519333845
-251.062652105 198.501250938 54.8612444697 119.218319038
-262.985796395 182.511937297 52.695738985 113.081667821
-273.503127721 165.725056568 50.6925820392 106.165579014
-283.208443053 148.343446531 48.5025521395 97.8813895568
-292.024645834 130.484999257 46.489215593 88.602122765
-299.546402304 112.061304614 44.7054658672 78.4008433937
-305.738171956 93.1639720516 43.2042067661 66.5729937444
-311.221282588 74.0131932483 41.8243824283 53.8318222142
-315.090244326 54.4543892198 40.7547415008 40.2606263379
-318.020556089 34.7458805386 39.6917129927 26.2081054325
-319.562738549 14.8702155863 40.0273724253 11.5184519636
-319.916812847 -0.00470147672768 40.5874869393 -0.571282884026
-317.555847236 -5.56912485615 41.6652292179 -4.08781608411
-318.239914589 -24.7691952799 41.1878227514 -19.8007566392
-316.182476337 -44.7185216077 42.789215858 -35.236523212
-313.821983153 -63.8117209723 43.0268010581 -50.3610819528
-309.071012054 -83.979363854 45.6538602067 -64.1528055559
-302.892739101 -102.635882188 47.2845140099 -76.2415792811
-295.974548704 -121.304956279 49.2312720229 -87.9707919771
-288.14087062 -139.514924494 51.4112815339 -97.7461255526
-278.561598473 -157.148329228 53.748099039 -106.880876058
-268.546560881 -174.136333918 56.137215125 -114.375929128
-257.363767303 -190.497386874 58.7425741396 -120.977726729
-244.776158997 -206.258877309 61.229965106 -126.78694489
-231.6077695 -220.992027871 63.8750596595 -131.333679736
-217.243320021 -234.829561407 66.3162388706 -135.334206261
-202.490834402 -248.12400712 68.9898255877 -138.710915711
-186.251108135 -259.97217573 71.5652075934 -141.377052611
-169.884501798 -270.957733637 73.926117089 -143.592717124
-153.265853412 -281.351672706 76.7249054152 -145.523124394
-134.99872663 -290.074517379 79.7431822289 -146.798491098
-116.536154141 -297.706679704 82.6746301723 -147.636129087
-97.7409435821 -304.558006952 86.0982593549 -148.418436249
-79.2828019656 -310.230074506 88.7866980784 -148.616655245
-59.4898835005 -314.266858615 92.0998727556 -148.647188226
-39.7510760608 -317.559809648 95.5990004743 -148.30316956
-19.8311739739 -319.252308788 98.7420961249 -147.85034106
0.154086431406 -319.905810681 101.842652714 -146.67948322
-0.133738683824 -329.961896167 101.639721522 -148.305219018
-30.0477107895 -328.812757029 96.7069543606 -149.75886895
-59.0186281253 -324.786926737 92.1775879207 -150.365914632
-87.7817060344 -317.993021705 87.199430008 -150.392682959
-116.282040888 -308.944575852 82.6162276547 -149.708693173
-143.251926447 -297.126072805 78.110315007 -148.261237903
-169.735529035 -283.440128298 73.804873751 -146.312124936
-194.209148535 -267.155623072 70.3511327919 -143.244429607
-217.204806763 -248.577144901 66.2129453016 -139.158944279
-238.374486835 -227.968260766 62.5235466712 -133.587613871
-257.979630699 -205.85553218 58.8894747819 -126.540640651
-275.316364003 -181.790614763 54.8941149434 -117.618017663
-290.752419442 -156.3436027 51.2484504351 -106.243749999
-303.305882462 -129.839634246 48.107187073 -92.2719420876
-313.710391414 -101.986765681 44.8872837454 -75.8103175122
-321.903850367 -73.4231641078 42.2480560194 -56.5433554242
-326.85749509 -44.4099988343 40.8226498733 -34.9312707389
-329.732850795 -14.8072122103 39.0791765971 -12.9504532205
-329.989169376 -0.0488844072084 38.7085157769 -0.514899746956
-329.567935677 14.7645921484 38.2623608681 11.444445613
-326.654722971 44.2340303352 38.2805889766 32.574799589
-321.855941723 73.474556654 40.1721775338 52.9166213212
-313.616799019 101.921994966 42.3459508913 71.891985571
-303.22177166 129.691919319 44.5732982832 87.7465362156
-290.320308312 156.424296424 47.4621114105 101.724816282
-275.180142204 181.759455827 50.8237391938 112.424124129
-257.724738639 205.885668154 53.951371853 121.642686252
-238.53360233 228.169363463 56.992072335 128.880406014
-216.865796735 248.460779577 60.3597713971 134.682927369
-193.947132131 267.118433093 63.7107495211 139.171425147
-169.639187368 283.443366378 67.2652377163 142.596061172
-143.277359252 297.354234103 71.0777901724 145.243538395
-115.835580833 308.854080988 75.4193104979 147.149323632
-87.8028952516 318.184627137 79.8050926237 148.698008235
-58.7897345094 324.564108798 84.275981448 149.245365733
-29.8066216336 328.659455288 88.7424156103 149.195532629
-0.103574631343 329.949893268 93.5495137936 148.559854691
0.13189993465 329.882978228 93.6403482786 148.461090286
0.0852807823528 339.900515728 93.0291731573 150.056920182
-20.0458344727 339.330474267 90.0201739811 150.558405198
-39.7188304666 337.502693678 86.8696637388 150.862629551
-59.6438108589 334.733627314 83.8747423478 150.885483851
-79.0337927463 330.468312196 80.805257136 150.634584529
-98.6211141331 325.62016276 77.7832113013 150.190015575
-117.307179202 319.062932959 74.9879412512 149.238615906
-136.209630681 311.742018303 71.924211425 148.058216972
-153.492779289 302.908736056 69.4723812202 146.54507443
-171.506175517 293.80941319 66.5953050903 145.012033733
-188.445066134 283.080614766 64.2977637699 142.852277147
-204.385310368 271.41493497 62.0188652594 140.335834793
-220.030875456 259.135220791 59.6322769628 137.64143915
-235.22024499 245.762334896 57.2068232764 133.984664216
-248.830330803 231.416396876 55.2518492589 130.086194868
-261.934723917 216.515937812 53.1740399186 125.294063181
-274.2336745 200.803462475 50.902775525 119.922545882
-285.800657789 184.298741255 48.6868330451 113.761394391
-296.109179153 167.268536337 46.6137070038 106.375225136
-305.229240374 149.402973795 44.7301107262 97.7851175293
-313.508741623 131.202815298 42.6092934933 88.4477545803
-320.596332822 112.564653611 41.0664180557 77.9366889467
-326.557726926 93.5098808916 39.4542242256 66.5834044671
-331.74462486 74.2184567982 38.192513905 53.4837493401
-335.616230736 54.6139766711 36.9861349325 39.6851116322
-338.151208527 34.7819148227 35.9945011967 26.0929418434
-339.697128414 14.9005552384 36.2648454678 11.8806683388
-340.015059963 -0.0628385190027 36.9108909867 -0.297227785722
-337.020931527 -5.6641650683 37.9870517893 -3.49314791245
-339.359719525 -24.6795018744 37.3028343776 -20.1320689529
-336.177782272 -44.8293965332 39.0014362537 -34.7434881716
-333.027742711 -64.9894193622 40.5935189387 -49.347251301
-328.821402239 -83.6816522785 40.8582302699 -63.1575828253
-323.793383894 -103.441746938 43.4765696931 -76.058052478
-317.485381374 -122.075824253 45.1820555626 -87.4363543689
-309.808695523 -140.51991792 47.3979226887 -97.8435563781
-300.783982578 -158.315627418 49.6717563924 -106.730414642
-291.043964038 -175.749619237 52.0829665927 -114.719519796
-280.415487261 -192.502556481 54.4471415364 -121.603934164
-268.553632345 -208.595807993 57.0514494407 -127.153202645
-255.80266674 -224.096678066 59.4786794397 -132.386106175
-241.86659253 -238.617983203 61.902514748 -136.48924189
-227.975391568 -252.43104873 64.3926751791 -140.055492652
-212.68870558 -265.565005268 67.274490013 -143.077120289
-196.394652993 -277.403961886 69.4796122424 -145.437533736
-180.181840526 -288.324058813 71.87589989 -147.412467584
-163.020392769 -298.665792343 74.8284047453 -149.185066048
-144.853525924 -307.540904132 77.789561905 -150.349402325
-126.964164036 -315.420861758 80.5546216779 -151.239375177
-107.871018997 -322.307477527 83.787227227 -151.893204786
-88.8836617728 -328.14888291 86.8516059356 -152.190460821
-69.1958856857 -332.552684082 89.8607129185 -152.2410443
-50.3081326211 -336.564660412 93.0062575585 -151.949374737
-30.0759853105 -338.577747364 96.0639637032 -151.293874942
-9.75147508509 -339.460454243 99.3400814174 -150.394678247
-0.0840368259315 -339.944293102 101.018689453 -149.984114173
-0.172866475591 -359.921608674 99.8895152983 -152.898343798
-0.319697663875 -359.980305716 99.8461232276 -152.835842908
-29.4571761015 -358.484477901 95.4380432641 -154.207910503
-59.494809129 -355.162646915 90.7128985272 -155.154826676
-88.2407473505 -348.967131536 86.4061061789 -155.357386345
-116.946981448 -340.377726381 81.7813345319 -155.244247103
-144.424929825 -329.425806677 77.2576252201 -154.108277197
-171.433011721 -316.692760888 72.8707117125 -152.87953742
-197.230460643 -301.598977398 68.7218041072 -150.660030213
-220.619119505 -284.019923637 65.285977201 -147.247002918
-243.862292155 -264.784162306 61.2518915637 -143.259464957
-265.273402122 -244.031520781 57.8876565804 -138.036643335
-283.840062722 -221.073743787 54.210174001 -131.171484026
-301.28713624 -196.795802752 50.1691361948 -122.772912834
-316.685428295 -171.445899418 47.0004859263 -112.06331793
-329.48693641 -144.622472238 43.6062668614 -98.9140158322
-340.695438418 -116.866224283 40.173770888 -83.6168519754
-349.01500938 -88.5038684668 37.550790133 -65.773223124
-355.039293061 -59.2727806131 35.7438596487 -45.1808829841
-358.911069524 -29.7214039368 34.2663603222 -23.2593588853
-357.083833554 -0.601460527138 33.9243014065 1.56911482895
-362.553090025 0.0195696968044 32.8904012966 -1.1033544946
-357.964937648 29.5207594696 32.3520026139 22.4661059532
-354.925865865 59.1787297029 33.7656273832 42.4345216053
-348.928925782 88.4184002528 35.2921241815 62.3570157829
-340.493382669 116.951320778 37.4782326139 79.8940692799
-329.546614505 144.616807998 40.4496436705 95.009974364
-316.362485139 171.464515259 43.3215760944 107.574058698
-301.80892903 197.134934902 46.1964854471 118.356846948
-283.868078413 221.146901338 49.4700125271 126.862699982
-264.761759879 244.040260522 52.5706040773 133.65675714
-243.700597046 264.818152603 55.7768619646 138.968661766
-221.091684285 284.142122328 59.2637332678 143.558261407
-196.805567696 301.518531865 62.6502785518 146.9895315
-171.674931906 316.744936427 66.218151075 149.511149187
-144.432618779 329.555328201 70.3203721683 151.579482314
-116.86746256 340.391548297 74.4306915711 153.059522899
-88.3156708679 348.8715051 78.8026973629 154.08092308
-59.1700083401 355.136399053 83.1995489054 154.278067507
-29.7564075012 358.749062105 87.731459658 153.878627939
-0.306235206179 360.210211362 92.2142135219 153.140159974
0.104717408212 380.079434635 91.5436636499 155.950174564
-19.698480462 379.439296231 88.4122399095 156.632150779
-39.9466067521 377.995039626 85.4250017146 156.994563549
-59.0045066999 374.935026868 82.64221492 157.188719458
-79.1908492476 371.768045678 79.5524394319 157.306004128
-98.488853074 366.997138732 76.5632328668 156.899617209
-117.380847827 361.335367926 73.8230032541 156.65800893
-136.109383353 354.897789961 70.9472386921 155.883793452
-154.945317792 347.190036532 68.0310504299 154.866345191
-172.297275604 338.511496334 65.6095642242 154.032090223
-189.959297557 329.248488596 62.9375242598 152.541453564
-207.337145005 318.837999384 60.6141938235 150.597007344
-223.031454453 307.248179556 58.4594044056 148.658068189
-239.307993767 295.668386519 55.988401946 146.332370334
-254.639802162 282.48120488 53.8771656563 143.403435809
-268.24973587 268.594211215 51.7050563648 140.42492142
-281.999299036 254.341144195 49.4723648845 136.70149359
-295.585774608 239.330506139 47.4325496835 132.391083733
-307.061338335 223.338851157 45.4859088136 127.585840249
-318.716722136 207.014064883 43.3419484771 121.964059332
-328.858103683 190.109582106 41.2686918341 115.279780955
-338.451531623 172.662447079 39.1608097856 108.360634901
-346.893282907 154.624109775 37.3135677581 99.4212089299
-354.818253132 136.234572218 35.1780817235 90.1831213005
-361.506596223 117.471525646 33.5858436007 79.6586323137
-367.052833665 98.365895883 32.0159422153 68.1815695551
-371.597735854 79.0096954892 30.8706522245 55.7767566374
-375.310407378 59.4465093719 29.7302969909 42.5390243213
-377.878849155 39.7134161247 28.8391963676 28.7723904658
-379.526688563 19.890911955 28.5921321638 15.99272618
-380.036424759 -0.0318061804359 29.2390273822 1.18037244442
-380.20201789 -0.143899206855 29.4421873347 0.681156917817
-380.455144017 -20.4762093976 31.2834463329 -15.8625455308
-378.69515872 -39.7924633805 31.4123368443 -30.4589721289
-374.254276944 -59.8933792312 32.2626048643 -44.3007065084
-371.679600733 -79.0730862439 32.96412799 -58.6486126877
-367.386897398 -98.409602528 34.464986064 -71.3359394656
-361.539729908 -117.57662977 36.5570002961 -82.9193271789
-354.819883945 -136.371331977 38.7248772467 -93.3638981374
-347.224124639 -154.71610693 40.8481325816 -103.043742333
-338.746485808 -172.644303237 43.0646351237 -111.662482557
-329.268255758 -189.944074041 45.1221022222 -119.371228619
-318.614617593 -206.970154049 47.4866108621 -125.806738092
-307.270438126 -223.279283691 49.7250502943 -131.483696528
-295.541921818 -239.145341979 52.083039622 -136.509574453
-282.670150574 -254.440300656 54.7439587296 -140.783458618
-268.629977094 -268.658700699 56.8104639658 -144.381873651
-254.007406165 -282.118817103 59.3248552828 -147.421443999
-239.387916955 -295.533390496 61.9564877566 -150.230877105
-223.416773182 -307.473019821 63.9900665385 -152.158248415
-206.857068663 -318.450813775 66.7246883006 -153.833257019
-190.109090774 -329.248508139 69.4404985414 -155.411206336
-172.731985082 -338.625686587 72.0461525577 -156.410887102
-154.588638183 -346.76702603 74.7945501682 -157.321503603
-136.320489571 -354.848229362 77.9418702405 -158.090576804
-117.265407349 -361.158594814 80.7152200514 -158.314168536
-98.365830284 -366.809710093 83.5951119483 -158.33232097
-79.2640039493 -371.726973581 86.6909931954 -158.422550331
-59.0468319987 -375.057597266 89.8216302145 -158.024137338
-39.7563904263 -377.650722784 92.6216336846 -157.441173053
-19.9603056243 -379.546175335 95.8945187069 -156.812010236
0.00704410975391 -379.915330334 98.6957819355 -155.742396602
0.0730670452524 -379.807185936 98.6624079285 -155.550154999
-0.137660501304 -389.93674022 98.2572359196 -157.094309068
-29.9043392018 -388.712395335 93.8833256665 -158.541182901
-59.5927521767 -385.26586265 89.2792446631 -159.378781936
-89.0788459437 -379.818690606 84.8660823428 -159.908563278
-117.644201381 -371.535776827 80.3906836878 -159.924385844
-145.990745945 -361.454121137 75.840786687 -159.347559036
-172.949718134 -349.609161032 71.7728120496 -158.289491647
-199.452913378 -335.386241376 67.5917342545 -156.984813472
-224.118552455 -318.986889817 63.7596572069 -154.303406461
-248.030813043 -300.630287506 59.9718473086 -151.243385401
-270.570078437 -281.210770837 56.4694394513 -147.57113784
-291.186661049 -259.444410289 52.8724048252 -142.148855402
-310.475885067 -236.361078633 49.2109545824 -135.671683526
-327.270485935 -212.070934946 45.8857750666 -127.564200294
-342.404906048 -186.322066741 42.3835515962 -117.408019323
-355.643289255 -159.581808329 38.9212297156 -105.33906952
-367.087343479 -131.948475621 35.7372496469 -90.8823258265
-376.123503649 -103.387324378 32.7908021127 -73.7701000086
-382.726191213 -74.303350601 30.3454776498 -54.9179681565
-387.82549309 -44.7862215442 29.366412843 -33.9416491445
-389.598552463 -14.9705989425 28.977031479 -11.3077363552
-392.607592726 0.702055846178 26.6043044275 0.791042845836
-391.38006661 15.7342089128 25.7835477714 11.6266521995
-388.198814344 44.3437121813 27.6071183215 31.6932083443
-382.713717381 74.2510057506 28.7556643141 52.2482186125
-375.84654857 103.208265327 30.7322294471 70.838681259
-366.921497191 131.856561723 33.1899630034 87.5574684425
-355.866958257 159.617908 35.9939670107 101.519142057
-342.394610821 186.290062717 38.9978246065 113.657878071
-327.088029994 212.167946311 42.0360289071 123.400515792
-310.126441179 236.480371613 45.2069120574 131.382423351
-290.800802891 259.401810608 48.3479328075 138.066924343
-270.139929114 281.165714187 51.200722574 143.4580225
-248.214679997 300.915854108 54.5760791713 147.383742259
-224.179949773 318.963870222 57.9659312851 150.940318379
-199.242020047 335.417536451 61.6022807769 153.634734254
-173.324353679 349.567538466 65.1577906054 155.5285199
-145.874276467 361.567545059 69.2124026413 156.947234412
-117.47341707 371.767089323 73.3937000388 158.167190288
-89.0254440892 379.715838111 77.7029984678 158.663850298
-59.2237339588 385.031423139 82.1756350428 158.62118702
-29.8993333164 388.877179001 86.4561462244 158.152413489
-0.136182246803 390.165033014 91.1164407404 157.248567141
0.000228782864883 389.904878266 90.8565951121 157.401650091
0.363692837002 399.746724419 90.6461251878 158.651903662
-0.0228015364403 400.056419209 90.4476162216 158.66238328
-20.0568634837 399.518433653 87.5050796819 159.268534424
-39.6040072132 397.918826045 84.783287538 159.749208954
-59.5419366885 395.449348955 81.4909185494 160.097274436
-79.8753205926 392.264927657 78.7319175611 160.064851877
-98.6076444819 387.47113983 75.842490864 160.10832393
-118.021323123 382.376679431 72.9341674253 159.774121803
-137.11183732 375.782655619 70.2097608088 159.046508482
-155.603104662 368.636496652 67.4388832785 158.616881284
-173.646718153 360.525331362 64.7800882427 157.420267123
-191.683412378 351.398935552 62.2789025041 156.13351368
-208.130088305 341.131184322 59.9705470092 154.828429329
-225.404664033 330.791091427 57.292736585 153.234445471
-241.982379061 319.023531404 55.0473885563 151.140126291
-256.72351667 306.311748782 53.0835363208 148.975219494
-272.12398377 293.457859881 50.6627230776 146.234691352
-286.476061297 279.436790155 48.6448761155 142.814127824
-299.601902205 264.67802635 46.6415484637 139.482678309
-312.561678473 249.643278684 44.3567172573 135.463677711
-324.6918624 233.595172012 42.4090078645 130.509096884
-336.158339408 217.211924841 40.2894023854 125.165622186
-346.105447045 199.968026168 38.4618680566 118.991695089
-355.40569344 182.334097402 36.5004095109 111.849956125
-364.447689937 164.468490225 34.475563162 104.079485196
-372.266766703 146.214186034 32.4883404623 95.0868818833
-378.962637726 127.427515336 30.5933152371 84.8848748092
-385.151346924 108.389019448 28.8365269819 74.0910210272
-389.720483212 88.9863844807 27.6980516724 61.6299656503
-393.736808074 69.4572831457 26.5547894213 48.913814507
-396.791050428 49.7126107578 25.5617319183 35.4567765768
-398.783281168 29.8535438214 24.7174257539 22.0530958737
-399.688008817 9.89641269825 25.0860453002 8.82317622104
-396.538755039 -0.267163764047 25.7100264137 3.69829825165
-400.076171176 -9.90185269745 26.521343104 -6.87086068949
-398.57172617 -29.733942096 26.7140206768 -21.8067288517
-397.179738382 -49.8657177781 27.6719582835 -36.9544060802
-395.533529667 -69.496211639 28.34278358 -51.6622792794
-390.296751427 -89.0967184663 29.6677857266 -64.394549073
-384.848315751 -108.420129054 31.2941586996 -76.3309597642
-378.92345878 -127.412671844 33.1726712358 -87.6616235384
-372.049655927 -146.163269 35.3324067077 -97.5963252136
-364.614498593 -164.481241556 37.4492673011 -107.123531466
-356.057693742 -182.499790918 39.5975555251 -115.341773339
-346.614967464 -199.975072334 42.0200837032 -122.666861717
-336.066467182 -216.921172953 44.1837737957 -128.918381876
-324.975370373 -233.724489763 46.7291164609 -134.504863735
-312.485603679 -249.387314168 48.8166751788 -139.220951566
-299.887801539 -264.609824361 51.2963644103 -143.282150334
-286.709790097 -279.492620522 53.7697873176 -146.883348431
-271.854813966 -293.076248035 56.0457057887 -149.898454094
-257.11461641 -306.30388271 58.2345083478 -152.280738794
-241.609682443 -318.944207508 60.7764556963 -154.732641104
-225.2165804 -330.550495191 63.1946578739 -156.32307302
-208.854572231 -341.217492357 65.4774499176 -157.825584561
-191.530493287 -351.389082315 68.4664348438 -159.027888324
-173.552723383 -360.314145012 71.3651789163 -160.065251598
-155.374444867 -368.390364912 73.9730525839 -160.505488545
-137.314465866 -376.064214955 76.9186706433 -161.161781647
-118.155951109 -382.219798763 79.7116939793 -161.385788654
-98.3562344121 -387.31594179 82.662310414 -161.257243041
-79.5017630182 -392.155967084 85.7006020583 -161.167021531
-59.8377692376 -395.512058204 88.5645667625 -160.733752862
-40.3807599272 -397.857196086 91.4512882759 -160.039546116
-20.1620467323 -399.566735619 94.5435371618 -159.354121452
-0.0362780801796 -399.850395493 97.5769307761 -158.350472647
-0.381757536895 -419.844241534 96.2619133324 -161.195018991
-0.0468191788194 -419.998607568 96.7989932458 -161.078045353
-30.7903810884 -419.142235601 92.1580552226 -162.416113508
-60.0243415184 -415.861025896 87.78809823 -163.450760164
-89.406215474 -410.49877158 83.8504964856 -163.990014371
-118.478819844 -403.11318576 79.6589387949 -164.22336564
-147.16716937 -393.546924949 75.0996051911 -164.015997181
-174.46658848 -382.039375908 70.9446001274 -163.237566472
-201.360302002 -368.34518963 66.7388326455 -162.002295078
-226.962495107 -353.055681131 62.6582876659 -160.206844417
-251.89208001 -336.460144746 58.9074536794 -158.236940068
-274.666278082 -317.397567154 55.3043945931 -154.934573332
-297.479289446 -296.836023307 51.6875029632 -151.100642497
-317.662568655 -275.301801822 48.5167696774 -146.106768173
-335.909942041 -251.627830243 44.8908026837 -139.601143476
-353.389410613 -227.049058296 41.2854567484 -132.204031189
-368.833138185 -201.546540851 37.9854408886 -122.49518527
-381.960159916 -174.530684454 34.5754562665 -111.082330333
-393.713706717 -146.803323543 31.1767601815 -97.5898062782
-402.865425284 -118.473130747 28.4079651258 -81.5082950653
-410.59453274 -89.3240435251 25.6572308842 -63.665140163
-415.846752968 -59.8236064723 24.0216773547 -43.7070908543
-418.866753196 -30.0487660456 24.0699287787 -21.6782260991
-419.000041507 -0.313437106785 22.6878885741 2.17372500552
-419.972102731 -0.375172407313 23.027031673 1.97884129652
-418.443205923 29.8222084252 21.8334920705 22.2026192705
-415.268575634 60.1534428552 22.1964599181 42.0170932389
-410.415751963 89.2612005696 24.0748846782 61.1162238764
-402.732332469 118.224966286 26.5455649014 79.0047966409
-393.138363049 146.806405896 28.8671769163 94.3886174763
-382.263768833 174.621072161 31.7802262179 107.809267926
-368.225320459 201.271008675 34.9649504104 119.059047823
-353.036555348 227.277638273 37.7428270752 128.285305792
-336.358501269 251.837092317 40.7019615469 135.568114373
-317.112270837 274.926449652 43.89668176 141.955371691
-296.965553819 297.223082635 46.7316811175 147.173488003
-275.349090891 317.578967448 49.9440110083 151.053936906
-251.301094003 336.167987447 53.3476910333 154.59494576
-226.974940115 353.563257388 56.8052254728 157.191989533
-201.378564509 368.757988203 60.3938545084 159.297241563
-174.841417109 382.07391316 64.1612527657 160.663256734
-147.18068775 393.601185545 68.2560008854 162.022459946
-118.205732689 402.86572675 72.2986695513 162.827068534
-88.856125519 410.041931792 76.7113484015 163.082178657
-59.86034454 415.73438195 80.9038112283 162.752346093
-30.1275076281 418.962400265 85.2982582084 162.132247789
0.203477304292 419.75735435 89.7647860368 161.299807388
-0.330591225669 440.25644478 88.9396228382 163.700032105
-9.6346554563 439.725675802 87.4723016775 164.112129438
-29.6351787665 439.005549961 84.6926385103 164.59803457
-49.6045305451 436.963924128 81.6493375386 165.141893045
-69.0537173592 434.483393944 79.1110734432 165.318055704
-88.9119824262 430.770709927 76.0203982984 165.461518272
-108.84124829 426.448459445 73.121093123 165.390090473
-127.270536966 421.159576778 70.5713432745 165.392798464
-146.309968506 415.104568148 67.6966909831 164.889469121
-164.905679924 407.788613581 65.2796457886 164.115972079
-183.119388358 400.098703537 62.5539242463 163.754898871
-201.027676118 391.654302321 59.9742620307 162.788339712
-218.976652396 382.032785565 57.445778566 161.538692129
-235.204467516 371.52278502 55.1808942446 160.462047824
-252.279749298 360.908724581 52.8814808316 158.702971788
-268.434405571 348.890672075 50.5270603236 156.861121555
-282.969848576 336.244089528 48.6541660433 155.072430502
-298.38683316 323.484688654 46.3462859434 152.627428127
-313.293601227 309.594441541 44.2056948821 149.83158796
-326.005816415 294.795526652 42.3398593497 146.857778053
-339.600479547 280.180223738 39.9717485575 143.449124249
-351.951577041 264.368526821 37.9926958977 139.26315881
-363.136026913 248.048239908 36.2069361345 134.811663665
-373.929786366 231.302625551 34.2738512665 129.314349259
-384.068758466 214.421567111 32.162858147 123.600180387
-393.403673585 196.860002235 30.3372334378 117.007499205
-401.780675284 178.780465506 28.3091581849 109.347827232
-409.202824189 160.335102482 26.3780475057 100.63955613
-416.771641324 141.70273099 24.4153048573 91.395885708
-422.442003771 122.651235883 22.817819265 80.8184837504
-427.579000188 103.46598141 21.3202726138 69.9066952652
-431.854884276 83.9842439682 20.0648098247 57.3654508516
-435.363870462 64.4363943224 19.1171123594 44.5315908641
-437.737042037 44.6544367291 18.6531158724 31.114853819
-439.42748117 24.876708642 18.0006832219 19.1935129025
-440.127575575 4.97945631871 18.5587433552 5.51071565404
-440.404665035 -0.0899054968477 18.9553951277 2.18583093449
-439.571488611 -14.9576049892 19.9339401238 -9.48692589117
-439.258611642 -34.5078739197 19.7287655922 -25.112697667
-436.590228445 -54.7702430348 20.8343249794 -39.2887091721
-433.570485485 -74.3673765762 21.4725033509 -52.7075397664
-429.882486563 -93.8662670726 22.5657252043 -65.6301621145
-425.16403463 -113.198793912 24.4852350671 -77.4327690258
-419.741425972 -132.354273621 26.3381042863 -88.4578159091
-413.386299559 -151.195240975 28.4085083951 -98.4625920096
-406.065599129 -169.750401891 30.3832037997 -107.795934888
-398.017400562 -187.903015477 32.5632992015 -116.007888821
-388.916231812 -205.43930999 34.3633561382 -123.464614829
-379.390235276 -222.814050082 36.6004047549 -129.683675618
-368.951299669 -239.723940605 38.7755528002 -135.749024166
-358.271753577 -256.484623688 41.3392527412 -140.823022727
-345.467634069 -271.979651994 43.55273755 -144.910702862
-333.128268822 -287.348551647 45.6027272792 -148.863903303
-319.878425394 -302.127455861 47.8988537954 -152.239454461
-306.103519116 -316.567928918 50.2911728706 -155.013435074
-291.085413938 -329.766337341 52.4705244583 -157.293421474
-275.943007852 -342.451481493 54.6248950571 -159.45736531
-260.684870947 -355.167390683 57.3655036873 -161.275134531
-243.924968629 -366.041289973 59.8128611749 -162.535436507
-227.104386655 -376.578042492 62.1712511073 -163.547401777
-210.12651186 -386.890822718 64.8224060257 -164.856983813
-192.512915227 -395.760192327 67.4055577054 -165.702705745
-174.022346824 -403.674395714 70.1467966106 -166.028228305
-156.1617601 -411.849428238 72.9578708564 -166.674851962
-136.679404815 -417.969192983 75.7065249566 -166.79357609
-118.069665134 -423.750860436 78.3703752324 -166.861581907
-99.2951957707 -429.004405859 81.3994234938 -166.678194481
-78.7116220102 -432.633492869 84.2066128264 -166.243992621
-59.3919566037 -435.652526123 87.0155841857 -165.525689426
-39.853811832 -438.302940751 89.9204872046 -165.203593003
-20.4540269875 -439.695919784 92.786118534 -164.352138448
0.0820833478374 -439.669049953 95.623072581 -163.448769866
-0.290204644197 -450.14458213 95.0971761734 -164.80957819
-29.8741939168 -448.919382018 91.5835536474 -165.875055349
-59.6807381048 -445.827879494 87.1273597198 -166.813840431
-88.5670592575 -440.947210295 82.6473463197 -167.470833874
-117.50629526 -434.004205806 78.5356713175 -167.904791051
-147.012038657 -425.973221562 74.1442538005 -168.189037937
-174.281255172 -415.232334983 70.1491579822 -167.654029945
-200.571204235 -402.387481834 66.1484525414 -166.863007368
-227.034130128 -388.328854292 62.1484613151 -165.378117055
-251.972748655 -372.258007964 58.1183576597 -163.583039181
-277.133105607 -355.475817844 54.603564122 -161.650750067
-299.04363335 -336.051611836 51.1341841179 -158.477939322
-320.746781826 -315.428346977 47.8143653259 -154.872290072
-341.588580772 -293.95461579 44.3139763344 -150.603055062
-359.185658331 -270.44865135 40.9252976606 -144.654547069
-376.634296742 -246.044547261 37.548850849 -137.593048206
-392.280857125 -220.980656896 34.459580035 -129.073638344
-405.784456934 -194.297146456 30.6547237501 -118.518564672
-417.974966795 -167.030599674 27.715785593 -106.223666045
-427.942661505 -139.254925979 24.9286792524 -91.6834894712
-436.170480688 -110.5420787 21.8347102981 -75.3509553907
-442.39040073 -81.4881878512 19.4662256563 -57.0491085446
-447.174220851 -52.0328277115 18.6863430166 -37.7261575449
-449.37622863 -22.3736449776 19.2276420279 -15.711565208
-449.390089448 0.127303086386 17.0232848211 2.43815251938
-449.934508273 7.19616408055 17.4679782358 6.97907058449
-449.177214802 36.7864379236 17.5675235734 26.110532068
-445.778817096 67.1864369125 17.0879482493 45.5473589947
-439.417551179 95.8559280728 19.5034572253 64.8113545689
-432.097688752 124.825968222 21.4611109047 81.9963315756
-422.985290639 153.151592059 24.0688163869 96.569133257
-412.035227879 180.711687583 27.1750177702 109.579562561
-399.050723097 207.559170498 30.0890148413 120.448132422
-384.345854021 233.747927997 32.764358995 129.574739443
-368.279862514 258.568439933 35.6253516033 137.102113362
-350.081602253 282.151047406 38.8202426255 143.73878357
-330.917601307 305.115082839 41.6516664382 148.931119662
-310.161405979 326.005536512 44.8562288163 153.017471046
-287.544771217 345.672903816 47.8487953691 156.715187182
-264.30149548 364.326495591 51.2290149189 159.469569011
-240.543134175 380.941532483 54.4878320677 161.5568534
-214.258049463 395.790563524 58.0400759368 163.399297333
-187.499983627 409.077539889 62.1110869549 164.94199861
-159.99775188 420.493933877 65.6735054253 166.193554144
-132.136538504 430.344542445 69.5385487542 166.575811868
-103.224106195 438.039221954 73.773074513 166.979547063
-74.149997679 443.925965613 77.856588321 166.72933561
-44.6499446119 447.771953462 82.0796654184 166.047901389
-14.8333014158 449.59668391 86.4386638998 165.296952101
0.294463757087 449.676633516 88.7968986739 164.774413522
-0.0703622082476 460.261114401 88.1748224001 166.058415788
-19.9637848172 459.631063726 85.4672343957 166.6555952
-39.4446780327 458.252798851 82.4733733148 167.402782267
-59.1583562389 455.691601332 79.7344920944 167.578273626
-79.67415278 453.002214343 76.8472015809 167.818954021
-98.7618617522 449.219362451 74.0225517137 168.175399318
-118.112830132 444.605062626 71.1672404871 168.059561729
-137.730402907 439.03692219 68.704552622 167.631780485
-156.170647633 432.417539683 66.0375365253 167.425007766
-175.070329393 425.798670957 63.2223816775 167.081703987
-192.988074993 417.57109221 60.834389415 166.17944825
-211.126786748 408.903458191 58.2451665909 165.186465355
-228.988299031 399.252395525 55.7051432121 164.078628117
-245.272113333 388.832358904 53.6905352438 163.145409774
-261.963475874 378.087208187 51.1446278341 161.637124472
-278.812930496 366.260603483 48.9405301447 159.836514236
-293.554340638 353.760114583 46.9318011596 158.224604506
-308.952584081 340.987631639 44.7110798187 156.114309176
-324.005575789 327.209107618 42.5839614208 153.327329943
-336.89100722 312.694721633 40.5658316404 150.872525083
-350.118312371 298.030036586 38.4602936363 147.683746907
-363.201249058 282.458072127 36.5300332679 143.614419887
-374.497388289 266.236521771 34.5984617724 139.610645285
-385.770166885 249.809466097 32.6254219781 135.036490791
-396.27990144 233.032675897 30.5584092713 129.640180552
-406.035222326 215.65313191 28.6363932593 123.606904497
-415.573429388 197.803171114 26.7514867616 116.420266444
-423.568634903 179.569462401 24.8258315876 108.853213579
-431.004706635 161.028126497 23.0582818514 100.221561462
-437.411531233 142.141261074 21.0524129482 90.5358608019
-443.30516259 123.101164854 19.2683478096 80.673827668
-448.089701986 103.725080386 17.8416735055 69.0095566273
-452.116236773 84.2566285485 16.7534530552 56.9663377612
-455.637318762 64.5856308793 15.9882431791 44.278535262
-457.618578162 44.7404029626 15.8003000428 31.6426629174
-459.25341934 24.8736078512 15.3750580371 19.0997990036
-460.092253382 4.96911573299 15.6606615741 5.55205219902
-460.598924713 0.0280709112957 15.9067700508 1.09530963832
-459.534811358 -14.9545550301 17.3903261927 -9.03822192213
-458.653253127 -34.8860562618 17.2109536668 -25.4122239805
-456.716339421 -54.7378531858 17.3413107913 -38.8316191453
-453.908032757 -74.4576271046 17.6046659378 -52.4342618253
-450.2536808 -94.0153003071 18.7775280454 -64.8787998112
-445.666545993 -113.496024063 20.7517554991 -76.6356812837
-440.223413518 -132.709290772 22.4785475408 -87.5891471902
-434.159844732 -151.671688543 24.5922126958 -97.7390574394
-427.367995995 -170.323581132 26.4853630665 -106.859087203
-419.585094179 -188.580530477 28.4348496113 -115.545485444
-410.693679531 -206.594939831 30.5813626258 -122.978227302
-401.555205778 -224.189424434 33.0042689578 -129.651037841
-391.797340111 -241.374319008 34.9832469844 -135.580301091
-380.79627409 -258.111498273 37.2381611615 -140.881982571
-369.536125212 -274.614509832 39.7139758521 -145.432856637
-356.903368651 -290.035594476 41.7552006195 -149.244593164
-344.306543677 -305.135782668 43.8524301307 -152.783248405
-330.89110701 -320.179555296 46.2204370988 -155.886147945
-316.267514248 -333.906901135 48.3626007967 -158.235005827
-301.41752344 -347.109298378 50.5850731996 -160.404953417
-286.684712049 -360.485888437 53.0682115965 -162.36287141
-270.316643813 -372.165719801 55.3337107102 -163.876932499
-254.093403371 -383.312986602 57.6644375989 -165.238989616
-237.440612769 -394.387147635 60.6386906338 -166.337239153
-219.416576594 -404.009469266 62.9109752072 -167.113503336
-202.413877562 -413.021895515 65.4025842854 -168.023434603
-184.475667615 -421.778320277 68.3324053716 -168.550000897
-165.489719425 -428.962059059 71.1827454309 -168.816309531
-146.637629104 -435.443798245 74.0495019264 -169.046537864
-127.868382803 -441.962255847 76.7352688098 -169.234868269
-108.641153736 -446.948637362 79.6323510557 -169.012642239
-89.1888862706 -451.09038073 82.2091594297 -168.710024739
-70.2145386204 -454.911551164 85.2107042485 -168.357484636
-49.2639469838 -457.011987871 87.9087345798 -167.688307221
-29.7664852813 -458.64518599 90.80345227 -167.039429218
-10.1045550084 -459.882065863 93.4938175755 -166.298470379
-0.357428370066 -460.065306884 94.978530442 -165.785829846
0.111551217308 -479.67326792 94.0188445448 -168.155590312
0.0688565823004 -480.063603577 94.2733271305 -168.08140457
-15.1226416479 -479.768638169 91.9351745238 -169.017346533
-20.1081710162 -479.516042976 91.1854525834 -169.11478637
-39.7740142243 -477.792369682 88.1288847659 -169.597349491
-44.9304995563 -477.555601363 87.5204588008 -169.811915625
-60.3297393781 -476.51492401 85.4952652447 -170.439414117
-74.8591061126 -474.334051432 83.1391369228 -170.75307965
-79.42004828 -472.977527025 82.4251049977 -170.85798401
-99.1848381417 -469.262196636 79.6813653139 -171.258809669
-103.844347062 -468.730451839 79.0977211949 -171.438089307
-118.944906144 -465.051553372 76.913344798 -171.573345159
-132.457449936 -461.13680542 74.8439971435 -171.883847899
-138.308219572 -460.023609389 74.6607873021 -171.742106459
-157.201283745 -453.948503289 71.9243408917 -171.786481725
-161.01203826 -451.91924389 71.2205168733 -171.525329075
-175.24503193 -446.301131716 69.1091931533 -171.369441584
-189.521421856 -441.661074386 67.216367193 -171.317340142
-194.50609817 -439.378936716 66.484138245 -171.182099999
-212.108315241 -430.452426347 63.8213696058 -170.446518516
-216.172109859 -428.424591744 62.8314271518 -170.472282932
-230.390378691 -421.611280012 61.1717218295 -169.994580109
-241.802314047 -414.275035332 59.3124630636 -169.334641374
-247.335352393 -411.20659494 58.2525355184 -168.992753763
-263.969545859 -400.492207462 55.9432730355 -167.785581015
-268.016660879 -398.994870625 55.4689604219 -167.921785296
-280.099226827 -389.455659284 53.5802288484 -166.692859806
-291.47206659 -380.99577108 51.6324174228 -165.623549257
-296.73091745 -377.675860687 50.9226951107 -165.274992604
-311.716424363 -364.806733038 48.5807336302 -163.50925953
-315.228277796 -362.051208634 47.8619055946 -163.138220939
-327.283458393 -351.790357912 46.4270325586 -161.63825504
-336.524066415 -341.997667342 44.6896427868 -159.917394632
-341.009316172 -337.416010461 43.9786598061 -159.146665701
-355.202388572 -323.394311113 42.0394883458 -156.641184518
-357.181279662 -320.231757616 41.8808645957 -155.885056329
-368.473807317 -308.396408108 40.3213548752 -153.553592481
-376.61852506 -297.541548778 38.4938092336 -151.092370257
-380.460625689 -292.395713031 37.82109091 -149.696472027
-392.585985958 -276.821052687 35.7999988301 -145.839752034
-394.404500977 -273.606506983 35.2492092805 -144.842199819
-403.436008215 -259.790272801 33.3035328075 -140.915864964
-410.637714056 -248.801927656 32.1229126967 -137.537952725
-414.008919365 -242.927048138 31.1976017374 -135.506794507
-424.284938308 -225.410867268 28.7527741213 -129.690523307
-425.189371454 -222.852302268 28.809284234 -128.459567409
-432.661892833 -207.617755314 26.7500285555 -122.698300366
-438.30948808 -195.804855675 25.2903948034 -117.624048216
-441.340490185 -189.642374062 24.7827942269 -115.000620343
-448.561456409 -170.968524107 22.3554426717 -106.430668531
-449.701310183 -168.10386521 22.0869881513 -104.886116891
-455.273900887 -152.292220508 20.6179936311 -97.161654421
-458.979466667 -139.858687112 19.2435932277 -90.4827983847
-461.184677552 -133.110945626 18.4907559569 -86.9814404712
-466.29937313 -113.92007106 16.8735763348 -75.8544487152
-466.800896258 -111.062069185 16.6434495424 -74.0583668855
-470.496172049 -94.3046988454 15.2274553747 -63.7251515803
-472.835467304 -81.8642956314 14.2923386259 -55.979598425
-474.343763116 -74.705630101 14.0911850511 -51.6890363529
-476.825097487 -54.834978321 13.3133345237 -38.6529084776
-477.069900471 -52.1902641428 13.38434555 -36.6325392632
-478.628213817 -35.0113966107 13.9673812809 -24.2777028258
-479.483683769 -22.441567676 13.713467996 -14.7680109662
-479.65998809 -15.0281661428 13.4759377328 -8.82042437655
-479.337479379 -0.0993915620216 12.6965098442 2.09896055312
-479.531262814 -0.251069610309 12.7661502622 2.32532845222
-480.061453859 4.96590753081 12.0422994289 5.09724179063
-479.354232945 7.34966724562 12.0993773048 7.09668144495
-479.418675143 25.1016448604 11.6819368811 18.5642813811
-478.092408596 36.91885054 12.551680654 25.9783819425
-478.606510855 44.4673068635 12.4590042851 30.5064433643
-474.50307431 64.6681447369 12.3858935423 43.6060309319
-474.354451045 66.8985090608 12.826449555 45.158687627
-472.188357196 84.4365057181 13.483683042 56.3140213932
-470.058227054 96.4828954978 14.2428410778 63.8756327283
-468.718172409 104.059251926 14.7016637417 68.2308208881
-463.66319128 123.308869291 16.3956866795 79.9917899922
-462.982547396 125.446531404 16.3755972567 80.8821043442
-458.264434567 142.654969428 17.9570416633 90.45174508
-454.237054358 153.889493527 19.2814621668 96.1870579826
-451.730210415 161.61760081 19.9143451007 99.8615103805
-445.031308672 180.319329829 21.5536590931 108.462991307
-444.484572366 182.098955881 21.7134277637 108.778904949
-436.651204528 198.480837825 23.6310040592 116.100355699
-431.741496497 209.40500501 24.4733531819 120.286730632
-428.536134696 216.737918823 25.0910112195 122.968914286
-418.327431537 234.134646583 27.4070182623 129.632641012
-417.778773731 235.869158621 27.1809856276 129.792129299
-409.362099273 251.677358988 28.8371632572 134.953212541
-402.406006687 261.098835206 30.271237362 137.988997861
-397.344534228 268.433933673 30.9273535056 140.108070266
-387.007513523 284.794152204 32.7619955703 144.032281285
-385.06037762 285.664193446 33.2452335456 144.620105461
-373.734432375 300.582833296 34.9067774119 148.329270999
-367.461493066 309.446511792 35.7851325207 150.152263051
-361.023764225 315.651412933 37.0162004717 151.558456787
-347.778009403 330.706321515 38.8736009485 154.406143573
-347.579732812 331.50556153 38.9569821751 154.569818765
-333.472305379 344.518607394 41.1357295353 157.052132002
-326.013207006 352.672068705 41.9343648717 158.445353366
-319.635889931 358.300069415 42.9041775739 159.086465529
-303.636138165 370.995000023 45.3602700219 161.324246782
-303.381852864 372.283526965 45.2048112976 161.512921807
-288.191562043 383.742703575 47.1843921787 163.131455209
-280.258409734 389.955992047 48.6512624684 163.388024688
-272.852413885 395.295458706 49.4370675471 164.120365348
-255.378610921 406.033684735 51.9753157029 165.722770312
-255.000904427 407.015882075 51.8241616211 165.958245457
-238.965053545 416.587984729 54.0401595709 166.841938915
-228.71979709 421.637407174 55.6365947838 167.526661083
-220.840098627 426.287664923 56.4682815587 167.973332422
-203.000071643 435.039325959 59.0449948939 168.652995925
-202.483165295 435.183548484 59.0154605025 168.681371263
-184.618231412 442.873418248 61.6824153489 169.38590014
-175.186594281 447.21369918 62.96965064 169.785212789
-166.82436263 450.346795027 64.0963211126 169.788185135
-147.413825326 456.696222593 66.7830311914 170.016531282
-147.011599961 457.06296059 66.7836755876 170.341006583
-128.336131548 462.752772293 69.3854529413 170.541484588
-118.735997257 465.395769308 70.7299858289 170.403927598
-109.107582423 467.641708644 72.1197743031 170.510603412
-89.3629898476 471.647179136 75.0076794066 170.375401022
-89.0666018787 471.657723651 74.9311470714 170.421390835
-70.1241614032 475.137605567 77.7717500141 170.167950657
-59.5467447351 476.256944839 79.0321546134 169.935199651
-49.6989286469 477.179249045 80.4737424382 169.744704457
-29.9337013534 479.033081775 83.3256908362 169.134398482
-30.1576508452 479.506444296 83.3581511748 169.224183994
-9.74727569304 479.826515936 86.118548418 168.557747404
-0.18254296279 479.837012854 87.6326014983 168.135509957
0.325414478682 479.804462052 87.7864056501 168.336498319
0.2241135968 499.697122517 86.9103578244 170.605366479
-20.1553320159 499.612907383 84.146508463 170.972674521
-39.3682261075 498.371836338 81.3885712586 171.944430774
-59.4895338058 496.413689096 78.5089976589 172.248704406
-79.3275434416 493.67746172 75.7438362144 172.441469526
-98.4693184293 489.875912937 73.0033689302 172.772845945
-118.465498619 486.07279704 70.2400916569 172.8962292
-137.7165097 480.539336438 67.646835716 172.589068676
-156.272626602 474.893481595 65.1345198595 172.59424012
-175.2336054 468.449128448 62.4241280336 172.392017325
-194.164902864 460.93528698 59.6759435988 171.810431036
-211.560692095 452.784161989 57.4480172622 171.387794282
-229.49593476 444.231345023 54.7437325053 170.628271189
-247.545445485 434.64825222 52.4559223977 169.376450033
-263.874802519 424.303319256 50.270629569 168.949961434
-280.439806497 413.418265529 48.2191372821 167.222117088
-296.957824417 402.516697805 45.7550619166 165.947029938
-313.433665011 390.106413092 43.5655696223 164.083549387
-327.446071274 377.112027226 41.5166071774 162.546670103
-342.809346273 364.259934223 39.2737502254 160.62904948
-356.974798116 349.941329401 37.2287402766 157.923517814
-370.205662686 335.508402708 35.486963056 155.63039798
-383.413838294 320.84968118 33.2116023389 152.659344655
-396.285001757 305.35555269 31.2901461473 149.321437781
-408.196867318 289.227061418 29.4111600821 145.133250106
-418.530822625 272.561488056 27.4296132812 141.366481448
-429.090004814 255.913642824 25.4324808274 136.26307555
-439.004630918 238.638815892 23.5315728479 130.752517952
-448.40253627 220.97127083 21.6395677626 124.57538947
-457.192310581 202.91949835 19.8227041359 117.361113584
-464.658340554 184.517976593 18.1435221515 109.555772665
-471.5201133 165.832377766 16.2886706829 101.109800848
-477.96593019 147.009346284 14.6511692206 92.1924582648
-483.325860277 127.854837741 12.8040798678 81.7198958107
-487.880036419 108.481153747 11.4328433196 70.5282210433
-491.759103871 88.9803855701 10.0039761904 58.3472266588
-494.89661878 69.2931576104 8.80848688569 45.8268256633
-497.21540126 49.6156430166 8.05975683074 32.9311286109
-499.053822571 29.7366228704 7.66016793973 19.8817831873
-499.740667421 9.8460922112 8.01690745333 8.95331186076
-500.119180404 -0.0397314927279 8.35931461291 2.29500634447
-500.730530824 -9.83530042812 8.89509489726 -4.95182361953
-499.613277352 -29.6994244686 9.68099429371 -19.5178095357
-496.811159672 -49.6027341923 9.76352301303 -34.0817573384
-495.150952166 -69.4425338404 10.1570918456 -47.1554323268
-492.29023595 -88.6935044557 11.0175282805 -59.7586375716
-489.026524653 -108.496797811 12.9902249441 -72.0157059523
-483.363525087 -127.837033619 14.5777045157 -83.0468471113
-477.731465317 -146.952982337 16.2501940759 -93.3022863621
-471.553778998 -165.833002655 18.4787962781 -102.863659985
-464.525475245 -184.446003785 20.4187092917 -111.273375631
-456.781671989 -202.745096768 22.5586288603 -119.736556753
-448.881366906 -220.751085494 24.508568752 -126.865763289
-439.548090145 -238.488699935 27.0668911027 -133.266191157
-429.762127049 -255.998706527 29.3180780044 -139.31037755
-419.174299695 -272.515716607 31.1299555491 -144.083987332
-407.97578768 -288.920516442 33.0981090421 -148.543491643
-396.64135448 -305.354346038 35.4948287701 -152.348415674
-383.984795782 -320.892554828 37.6941713941 -156.093918869
-370.555159213 -335.498992146 39.681772688 -158.673863834
-356.87115401 -349.814353586 41.5698741807 -161.208469991
-343.584717061 -364.271114279 43.8050476266 -163.788163856
-328.253766646 -377.202326109 45.9885667624 -165.478533137
-312.719892087 -389.689130715 48.3018041543 -167.145739648
-297.503469817 -402.620043237 50.7297936994 -168.727140146
-280.958224779 -413.700777527 53.0184907903 -169.902218733
-263.944616453 -424.157436424 55.566660084 -170.745973848
-247.001799139 -434.557118408 58.6361991985 -171.776104194
-229.517944564 -443.858634514 60.7199147775 -172.518917977
-212.379353366 -453.19330166 63.4347254297 -173.295763979
-193.480106134 -460.794446132 65.9363751824 -173.500916712
-175.116455854 -468.020641848 68.5717196002 -173.621858137
-156.893599254 -475.01793787 71.1999232717 -174.263957858
-137.697780271 -480.632359551 73.6335099551 -173.984370439
-118.37245139 -485.503193392 76.366727979 -173.707817719
-98.760972751 -490.182339816 79.2629281148 -173.642635988
-79.5734721699 -493.66118439 81.8508882401 -173.141910709
-59.4782963406 -496.252022515 84.7535065425 -172.419299682
-40.1035023835 -498.648659079 87.447900901 -172.137081973
-20.3894999665 -499.525844223 90.2451934403 -171.232689866
0.0811529849169 -499.659008804 92.9025795943 -170.363642985
-0.257224849534 -500.005760806 93.059406786 -170.325327252
-0.241034058317 -509.887807116 92.5181162935 -171.557934838
-29.7769127969 -508.960964085 88.3441823079 -172.767712848
-59.9605195873 -506.579598395 84.7285814871 -173.708839754
-89.6122496966 -502.225051175 80.5956316974 -174.531593966
-119.151100036 -496.268548612 76.2765323859 -175.063468036
-147.230350933 -487.838853218 72.1146490508 -175.245532322
-175.712868704 -478.488803514 68.2609835961 -175.092722235
-203.541577473 -467.189364551 63.9116593214 -174.552600155
-230.957375808 -454.417560049 60.1047039656 -173.78120535
-258.000649014 -440.854354637 56.2381016879 -172.985277767
-282.987104484 -424.999275777 52.7347024402 -171.729347589
-306.637427611 -407.199856828 49.0886003911 -169.548229507
-330.236711313 -388.277780272 45.2373681981 -167.239767186
-352.493551072 -368.266518884 42.0388371576 -164.309645682
-373.946903219 -347.549269892 38.9205147917 -161.14099205
-393.457616175 -324.593859468 35.6963722645 -156.516312286
-411.468252125 -300.807809557 32.2997939511 -151.39299056
-429.028041544 -276.573994844 29.4341642712 -145.065266269
-443.933995621 -250.675442217 26.1530270752 -136.938064784
-457.92189178 -224.131257685 23.2342393262 -127.80244849
-470.802353363 -196.931333047 19.9964872788 -117.039013552
-481.309843505 -169.215399933 17.1979485855 -104.151235537
-489.939468969 -140.453456853 13.9769348454 -89.4213973436
-497.641932316 -111.487681984 11.3317374581 -73.0800555109
-503.35073372 -82.1360587784 9.31468751502 -54.9583877792
-507.164238932 -52.3725410306 8.0354759483 -36.5155221013
-509.532620282 -22.5501938085 7.50012789306 -13.1414676105
-510.070666716 -0.0828118062063 6.9458535288 2.01942426266
-509.715745003 7.56188068794 6.29141260728 7.47932275494
-510.017438886 37.3629633702 6.2144065035 24.5795921754
-504.902359918 67.1435772669 7.37188441053 44.4438604784
-500.14688098 96.8678940245 8.70282908882 63.0266216102
-494.310393766 126.023348778 11.3195557633 80.3819914867
-485.801777204 154.630843656 14.1207168148 95.2982467035
-475.902771626 183.175225543 16.3032178457 108.768355562
-464.318564593 210.729698811 19.1545506267 120.17018014
-450.622247492 237.400754331 22.0224171964 130.061918042
-436.475076723 263.915771176 24.45453597 138.359940557
-421.085006455 289.025436152 27.2540114019 144.894060821
-401.963715484 312.78656568 30.5662657401 150.985733731
-383.400075262 336.358381286 33.4076425049 155.719550618
-363.954574915 358.116851107 36.1265068947 159.391991507
-340.916078198 378.465794476 39.56406121 163.038898124
-318.734280545 398.357139146 42.5320669914 165.8162117
-294.95145686 416.531777615 45.8114202281 168.03982937
-270.277403854 432.6320554 49.1530791108 169.686999684
-243.694582016 447.670027263 52.791969476 171.300753309
-217.051944133 461.099786661 56.4274908313 172.529797045
-189.995854246 473.371579606 60.2441195793 173.288720688
-161.841902743 483.847524688 63.8857812835 173.875358047
-133.003304528 492.307625201 67.9622839659 174.003162344
-104.416222701 499.323719179 71.9591571494 173.740340362
-74.624913664 504.379842981 76.2029946292 173.371982906
-45.1440519429 508.055718796 80.1115912585 172.827279527
-14.9446988548 509.617048972 84.385888102 171.955090205
-0.276758329819 510.162328798 86.5948991966 171.549339967
0.40203865212 519.64456382 86.4044350965 172.587142714
0.00115972893354 520.160391226 86.1882581137 172.75214314
-20.2548556454 519.766223007 83.4478993628 173.104973491
-39.7441436231 518.535716735 80.6958792606 173.92653458
-59.6393832111 516.45569706 77.8475630004 174.188013098
-79.7468281358 513.868108957 75.1483558806 174.557555333
-98.8515885589 510.325781466 72.3357050426 175.056522065
-118.661113933 506.428345033 69.6806031679 175.015960557
-138.414695361 501.658543787 67.0088216783 174.843878152
-156.689059291 495.489108453 64.4558278674 175.080231289
-175.886312759 489.603889724 61.8209492595 174.789396606
-194.701547426 482.26652779 59.1856006549 174.092813498
-212.293672101 474.460142832 56.762963155 174.024860644
-230.682306271 466.196332266 54.361155308 173.266383812
-248.495138398 457.099166143 51.8743426356 172.37857602
-265.997353279 446.841227872 49.5999876733 171.202585528
-282.036934081 436.33089768 47.3999102079 170.629725827
-299.336536794 425.67646397 45.0508566638 169.266666188
-315.743413001 413.664954034 42.8232200427 167.664564551
-330.432128702 401.097900631 40.9088238023 166.374301078
-345.756998326 388.541541278 38.6166749072 164.551205773
-361.072576146 374.740346515 36.6225160672 162.111728123
-374.095440001 360.540872336 34.8700758086 160.369744155
-388.079318271 346.368211141 32.5712612414 157.825113615
-401.436267727 331.009124549 30.6113429873 154.607042098
-412.704657199 315.096313197 28.7544750845 151.703870611
-425.146183381 299.570847924 26.5174466139 148.023673009
-435.858973767 282.8374536 24.4999769593 143.836981981
-447.113363442 265.909745912 22.6987028778 138.686818751
-456.18863115 248.270014773 21.0693432301 133.688642168
-466.351808925 230.913900127 19.0908467386 126.812553791
-474.661463334 212.841103616 17.3216338234 120.416528868
-481.749048844 194.25388716 15.876862813 113.124518544
-489.137007095 175.669639842 14.0600378122 104.881122048
-495.767970919 156.813066944 12.3613448363 96.1019625462
-501.307803698 137.678679182 10.7708638299 86.4308505102
-506.181339728 118.34719532 9.1429091854 76.032841459
-510.376945743 98.8668389166 7.42423466172 64.2724788442
-513.722947011 79.2712961169 5.90382781826 52.0685957379
-516.606471324 59.5244722445 4.41578639453 38.5784801442
-517.967224825 39.6345697586 3.87264037561 25.9583613467
-519.306135817 19.7837088768 3.76789876229 14.4699537658
-519.522386228 -0.277284616724 5.3144972046 2.895914943
-520.26246166 -0.105497736268 5.07329536138 2.25991648765
-520.596072144 -19.8037513252 5.56888544727 -11.6061645404
-517.643357341 -39.8789137106 6.55833684377 -25.5715308498
-515.554638458 -59.7075807658 6.31372235793 -39.9030247169
-513.754832099 -79.4217154251 7.25259509808 -52.8882051331
-510.577851856 -99.0133760797 8.52593458723 -65.0892957344
-506.486329807 -118.510191575 10.0353290794 -76.5922295943
-501.746574113 -137.777765814 11.8522678718 -87.5387854578
-496.084744927 -156.956950665 13.8465027939 -97.3723269326
-489.61723078 -175.809896182 15.6386891822 -106.88015736
-482.303236963 -194.429080223 17.7646762465 -115.181939127
-474.615418827 -212.677678314 19.5162497714 -123.007612111
-466.493506451 -230.712999681 21.6791097715 -129.793456891
-456.961784966 -248.378029742 23.8072815338 -136.083462593
-447.240978995 -266.046772441 26.1068154533 -141.668819054
-437.077789634 -283.082249673 28.3827129309 -146.51469417
-425.261225886 -299.046633925 30.2064187988 -150.760578059
-413.801006817 -315.071047178 32.1578180585 -154.437260019
-401.348899661 -330.638594148 34.296584747 -157.627081926
-388.765380181 -346.211337287 36.6710294598 -160.690027873
-374.418713518 -360.396922667 38.2719108777 -163.276390037
-360.288565503 -374.385435551 40.5113818867 -165.28394656
-346.264147235 -387.894445005 43.0973215133 -167.400025606
-331.362919195 -401.588169787 45.527198652 -169.44629565
-314.73643105 -413.520939596 47.8127741255 -170.488575096
-299.129413006 -424.940311487 49.935054814 -171.73235024
-283.172340118 -436.772444424 52.5839327028 -172.969214306
-265.420653575 -446.98571427 54.9204671844 -173.705401378
-248.284295417 -456.487743858 57.2853042546 -174.434761609
-231.574532002 -466.464417293 59.6431229939 -175.500350254
-212.485978951 -474.283344577 62.4359027243 -175.606043435
-194.308142202 -481.92487237 64.7633570246 -176.000185218
-175.92188425 -489.76505243 67.4705019032 -176.439907824
-157.149037575 -495.645525155 70.0649704153 -176.104432472
-137.975342015 -501.075985101 72.6874303961 -176.107203593
-118.96888001 -506.616284613 75.3855397159 -176.081179282
-99.2672052201 -510.627456248 78.7192348422 -175.851962164
-79.4357933062 -513.910273512 81.4451495785 -175.207788541
-59.7003789022 -516.252413414 84.0075049386 -174.643869821
-39.9620051671 -518.488844065 86.8684839772 -174.248506892
-19.7980033389 -519.403810219 89.6938573086 -173.153762816
-0.145515591298 -519.776607237 92.1262145382 -172.527741693
-0.732969749763 -540.178757942 91.3999505061 -174.602872945
0.306313332013 -539.77274885 91.2754831578 -174.578062294
-29.7191444824 -539.041446487 87.1271346729 -175.987209468
-59.6651102764 -536.598466628 82.9926180747 -176.654849466
-88.9864383826 -532.399116623 78.8280217145 -177.616602504
-117.869623045 -526.33173887 74.7124006665 -177.977168737
-146.84846938 -519.069073438 70.717427303 -178.044842885
-175.885930152 -511.027874241 66.7961589566 -178.379379191
-203.595803924 -500.402577394 62.9023243927 -178.194053616
-231.376248153 -488.913577882 59.7792770548 -177.768779754
-257.414953466 -475.232201764 55.8557407708 -176.91953579
-282.618063516 -459.847421162 52.1580614239 -175.703021422
-307.366811859 -443.691395493 48.7548834725 -173.983714732
-331.290376293 -425.713604169 44.9028069089 -172.087609356
-354.937473256 -407.591181477 41.70254492 -170.392005959
-376.102906093 -386.92305993 38.2627267157 -167.307546961
-397.183187431 -365.561206479 34.6884701954 -163.964647535
-417.623600277 -343.628475738 31.7659996221 -160.485050057
-434.630185829 -319.673239847 28.6780332331 -155.428041541
-452.181597147 -295.200215551 25.5525373994 -149.435671316
-468.0303343 -270.335217941 22.7094334902 -142.487323078
-481.621648466 -243.83953549 19.270632344 -133.548761606
-494.858039849 -216.951907249 16.3323244105 -123.511428882
-505.944870735 -189.410161704 13.6046132651 -112.168047986
-515.404559255 -161.445764164 10.7534802736 -99.1210380633
-523.310722575 -132.618988664 7.75359281857 -83.5557854804
-529.982367037 -103.58843404 5.44005391723 -66.7261950002
-534.875467524 -74.3180223156 3.78503963094 -48.8232314548
-537.983381291 -44.6585442135 3.34298829554 -29.5535948906
-539.316346461 -14.6565856319 1.93832505671 -6.72110773221
-540.178926305 -0.0354624524142 1.5269789499 2.21229156826
-538.990943935 14.9986542176 1.23480357599 12.1583963196
-538.365178345 44.5588177286 1.11667739405 28.4720120572
-533.507274163 73.984731153 2.69774901138 48.376437232
-529.691583942 103.492897152 4.52614536807 66.3773657458
-523.395163142 132.60321788 6.78384960739 82.7090338643
-514.929198654 161.022801365 9.20778105877 97.4832784719
-505.197046654 189.490101424 11.5454754554 110.144955419
-494.738297921 217.043380691 13.9802848559 121.70159611
-481.372632591 243.729174088 17.0113497063 131.554440291
-467.155029069 270.258621427 19.5282605477 139.858770852
-452.641346565 295.567851916 22.3319205078 146.48186273
-434.839967608 319.662960318 25.6240449979 152.58112674
-416.602772208 343.659892591 28.1595454175 157.34829838
-397.594737139 365.814866816 31.047587906 161.058217595
-375.753549837 386.853986692 34.3754742642 164.553500802
-354.505706395 407.752216872 37.2410931099 167.425121494
-331.465458323 426.45298901 40.3162920864 169.916136051
-308.194643066 443.887278035 43.4735740128 171.704422377
-282.05046128 459.790270293 47.0815953174 173.452434927
-256.631085025 474.878826573 50.5295394215 174.853981244
-230.387639744 488.616013949 53.9288075689 175.797864293
-202.992350065 500.514401364 57.6545645506 176.592223621
-175.888607825 510.706342256 61.3524277407 176.834151926
-147.366847079 519.598467164 65.1529208693 177.126205058
-118.343126154 526.909008509 69.2459613384 177.166464659
-88.6759956624 532.640882783 73.2342017391 176.799203334
-59.0738146173 536.467614879 77.3409902201 176.226863734
-29.6125738539 539.10582103 81.3907144314 175.570262047
0.0490147596804 540.190683605 85.7124226493 174.667082641
-0.279051691333 560.174230539 84.9001807513 176.446660095
0.16134309183 559.833772591 85.0534163875 176.816965574
-20.0394985508 559.699018255 82.0810493248 177.44450885
-40.190586804 558.582718941 79.4226491555 177.843228992
-59.772420055 556.766090061 76.7329385018 178.472590737
-79.7435398912 554.518726268 73.9632302368 178.740318934
-99.5477980012 550.775458656 71.3567303362 178.67600614
-118.433535657 546.721269695 68.5231116853 179.227700022
-138.377110118 542.595304422 65.9098965727 179.252444915
-158.340850111 537.492908555 63.2633654972 179.048923355
-177.038441644 531.498465373 60.7328621252 179.205586348
-196.002680526 525.084599287 58.1190234002 178.870771878
-214.855903936 517.690047331 55.5453293187 178.549264519
-231.860756119 508.995794995 53.2982771393 178.264832811
-250.432413449 500.946383158 50.7290606811 177.706298574
-269.326362726 491.742817051 48.353855304 176.770034408
-285.388222872 481.542629637 46.221106017 176.232614339
-302.441883482 471.337458342 43.7939423891 175.263776422
-320.319998078 460.361411739 41.4598544142 174.102488694
-334.90177808 448.105843913 39.6159383634 172.813353307
-351.820445095 436.677441919 37.309649207 171.293064066
-367.298548443 423.306018744 35.2953927419 169.578150233
-380.706738099 409.634007442 33.3655233052 168.066662097
-395.968406874 396.386858384 30.9679169284 166.374727842
-410.402003188 381.680029739 29.0237977495 163.766787245
-422.453800555 366.41172598 27.5766864511 161.654441474
-435.912917034 351.822498967 25.181377152 159.096102482
-447.90066279 336.007483981 23.1451660961 155.907860581
-460.465378277 319.556588098 21.300275169 152.225349752
-470.53734394 302.656070695 19.577238994 148.463983738
-481.194966449 286.099054165 17.2449060104 144.316019249
-491.47128855 268.607543294 15.5660116291 138.649487229
-500.16998744 250.502224553 14.069300883 133.195324206
-508.756894013 232.452843939 12.2668903864 127.010077844
-516.934898148 214.146199387 10.428078564 120.004817694
-524.273736826 195.858081562 8.35204618403 112.302475945
-531.03480651 176.962609636 6.57551605254 104.179665361
-536.856343254 157.87661802 5.03680891534 95.0622757777
-542.505783491 138.505440775 3.54503687822 84.9896025602
-546.890592301 119.022087637 2.22601241019 74.7112393454
-550.947541546 99.4263785664 0.913049837775 63.5226300551
-554.032698598 79.6612256466 -0.0812513012754 51.651528305
-556.473562839 59.8073703247 -0.844916920466 38.7736853588
-558.752348061 39.9410433085 -1.75994598329 25.8936478679
-559.45965793 19.8906015491 -1.938768996 14.471173008
-560.361791182 -0.109960567444 -1.51177958319 2.32700806323
-560.274943383 0.0834121555215 -2.20321098217 2.42090375372
-560.810923673 -20.049006812 -0.917966314041 -11.1741055968
-559.0308977 -40.1067875155 -1.01974102207 -25.2222612881
-557.080088344 -60.5466009222 1.07212886236 -39.2268777607
-552.864989424 -80.2834632649 0.837249602089 -50.2816393372
-549.467293918 -99.4243393831 1.27530921962 -62.2833245332
-547.702855635 -119.576289024 3.77061284923 -74.5729912362
-542.774612727 -138.699534413 5.00959342496 -85.5634040159
-537.328844244 -157.831168734 6.41340473325 -95.8769605476
-531.504108444 -176.916591549 8.3451137179 -105.377684664
-525.0252696 -195.759124062 10.3152041302 -113.780924951
-517.724973699 -214.312966141 12.173282042 -121.700781093
-509.554688246 -232.668028035 14.372242848 -128.731270188
-501.208265855 -250.625003166 16.2317453318 -135.31833881
-491.513830051 -268.404117099 18.4631702889 -141.059461789
-482.069636318 -286.076453348 20.8075827641 -146.139968913
-471.562758739 -303.139544304 22.7671399897 -150.816742989
-460.177631679 -319.167834536 24.7897700383 -154.733060082
-448.704154445 -336.053651691 27.4569214682 -158.531201019
-435.623278761 -351.294974402 28.9297224807 -161.277820983
-423.245073075 -366.39382525 30.4401147885 -164.196140638
-410.42905119 -381.989996956 32.8189499635 -166.815283538
-396.100749212 -395.935064685 34.8877306631 -168.543063941
-381.463828718 -409.517575387 36.9049586291 -170.579116009
-367.201730548 -423.509758281 39.2097447567 -172.630513216
-351.057475729 -435.991040521 41.4051535544 -173.655583053
-335.383711153 -448.239538104 44.1950165434 -175.114935254
-319.309901136 -459.851560764 46.4898742998 -176.20236546
-303.598272679 -471.442824414 48.9314874823 -177.4548926
-285.616588098 -481.521451734 51.0843747761 -178.088265834
-268.216069576 -491.109481765 53.3240341921 -178.745953108
-251.506287509 -501.240184805 55.8690504046 -179.575726773
-232.814213768 -509.287773878 58.222349939 -179.766386185
-214.187347137 -516.848598902 60.5091346878 -180.057795618
-196.144021193 -524.865589093 63.3024826704 -180.454525845
-176.409735529 -531.146032447 65.8568072326 -180.288485652
-158.080628482 -537.191167926 68.7719299017 -180.315589129
-138.087485349 -541.896939349 71.2690628101 -180.16804257
-119.719411381 -547.387900422 74.0947511156 -180.08141568
-99.1615036835 -550.884142931 76.7078364213 -179.541356502
-79.5868001024 -553.709871185 79.186454137 -179.074129516
-60.6683026395 -557.026396663 81.9494681131 -178.949981491
-40.2852553462 -558.335333977 84.7579986979 -178.338619372
-19.7183194791 -559.136849513 87.4345491744 -177.559958672
-0.532802050024 -560.119207216 90.2566410323 -176.771293559
-0.358442807935 -569.907952049 89.5392038771 -177.991683195
-29.9389420856 -569.081990671 85.5856311887 -178.881491391
-59.7071832956 -566.738019316 81.9939334658 -179.763072432
-89.6897584943 -562.984495472 77.7442555428 -180.624473167
-118.506842097 -557.467206973 73.8009444421 -181.064946853
-147.088078526 -549.996692937 69.9136862779 -181.081574032
-175.900304522 -541.380766172 65.6075828646 -181.318225855
-204.337833693 -531.800490544 61.8104839091 -181.153297498
-232.716453626 -521.209056139 58.1480755563 -181.051678268
-259.536977212 -508.189353541 54.3178637931 -180.539460067
-284.835849564 -493.551457663 50.6108806884 -179.346905985
-310.500928238 -477.923998932 47.0830403565 -178.14625863
-334.572972932 -460.810100754 43.9477203764 -176.612648407
-359.66295013 -443.478030716 40.7506174233 -175.169098755
-381.22679695 -423.466732608 37.2192514847 -172.564638587
-403.073523038 -402.831002011 33.7396419898 -169.806371615
-424.322784326 -381.80947015 30.6551598873 -166.903384967
-442.671718889 -358.595191664 27.6405548814 -162.713106193
-460.939993058 -334.847458143 24.3012551857 -158.211415779
-478.44576887 -310.668382475 21.4234725666 -152.634334918
-493.238885683 -284.931700857 18.4948001059 -145.57731948
-507.875122909 -258.740134443 15.2257926341 -137.822579025
-520.576670467 -231.893805615 12.4785972146 -128.089829924
-532.330664006 -204.282723058 9.29203973097 -117.397345114
-542.084545636 -176.384211233 6.73788630708 -104.33580971
-550.508947538 -147.572040215 3.88648060203 -90.1401789365
-557.50826665 -118.570313149 1.23077210431 -74.2261847811
-563.065273108 -89.2926985428 -0.869534478169 -56.9638302439
-566.787221123 -59.6507190755 -2.09852291176 -38.0460147291
-569.366840664 -29.8392762233 -2.28619380687 -17.5647178975
-570.55922692 0.10651337948 -3.59775097457 2.81001367156
-569.169995052 -0.0542698719189 -3.41369043025 2.73422599282
-569.168651906 29.797417017 -3.78788855027 19.7877497246
-567.05069752 59.624307436 -2.81046135147 38.2602060135
-562.828294409 89.0630220931 -1.32033560478 56.8373502772
-557.483661607 118.538837949 0.20751376844 73.8020596319
-550.790100456 147.606932667 2.3248375792 89.1688701605
-541.705463684 175.968073302 4.99937465365 103.45963049
-531.47924943 204.455632473 7.2904712842 116.035030416
-520.811985895 231.999004718 9.89213164361 126.319365577
-507.331121351 258.597179915 12.8968346762 136.152315279
-493.223878627 285.405759763 15.4738778344 143.840550143
-478.497502589 310.629299209 18.3618126069 150.015734934
-460.238465999 334.879802386 21.5159122854 155.871306676
-442.558258134 359.132059398 24.1338501927 160.095179515
-424.030028791 381.437365124 26.9265929172 163.671712226
-402.630144401 402.989128946 30.115415928 167.438078347
-381.268035332 424.226594396 32.8898928058 170.331526619
-359.144061812 442.92313529 36.1459545976 172.350200508
-334.671706844 461.171857891 39.4678885469 174.628715366
-310.224119382 477.940151454 42.796560962 176.244202636
-284.953899094 494.151401697 45.9916182593 177.711149621
-258.911684199 508.419885621 49.4221030268 178.712548053
-232.002571189 520.474242771 53.0721171747 178.888375662
-204.812416091 532.178452271 56.7031726386 179.468281509
-175.974475595 542.070509098 60.6537407565 180.356699919
-146.964231661 549.991352954 64.5674261254 180.32784058
-118.633972538 557.984971383 68.252675265 180.416434359
-89.4392158255 563.42090027 72.3215621596 179.907568873
-59.628613125 567.041979503 76.4552067779 179.364790691
-29.5593230563 569.242759131 80.3747033567 178.695228578
0.157046830712 569.672989779 84.5034354812 177.780775264
0.613196263155 569.456782817 84.9595500451 177.616183749
-0.182870990994 580.316955805 84.2319696564 178.689307496
-19.9132399554 579.704879495 81.6612577143 179.423848611
-40.0342771946 578.946203815 78.7437522505 180.021826574
-59.8157802974 577.119700058 76.2778383076 180.155587059
-79.1005681206 574.504848692 73.3327144826 180.910184169
-98.8659474291 571.42081688 70.6486413585 180.944980917
-119.56961168 567.957190342 67.9753440203 181.223721206
-138.216978761 563.632298482 65.3929624719 181.632091348
-157.460134707 558.616857452 62.7701152005 181.665749095
-176.1771699 552.311353037 60.478895883 181.278080503
-195.465982673 546.537125359 57.6648849484 181.178247257
-214.268381956 538.996972629 55.2599448073 180.601249318
-232.135707307 531.372881468 52.7328792357 180.756001668
-250.402796696 523.566050857 50.335137412 180.077697617
-269.008132262 514.637546515 47.7549118412 179.373487402
-285.092480246 504.518027215 45.9760693557 178.8126913
-303.423567465 495.332330002 43.3806350462 178.149323824
-320.136092375 484.022820753 41.2558870278 176.79102315
-335.358005064 472.624889478 39.3510131376 176.241800303
-351.940073439 461.466459098 37.0019840358 174.698749602
-368.745754486 448.587621511 34.7972156894 172.910523101
-382.225887102 435.413573489 32.7899024109 171.95754963
-397.298849639 422.727077152 30.5935360252 170.368235516
-412.473227855 408.437309649 28.6434929619 168.077557421
-424.709597626 393.788732248 26.9079920597 166.230014115
-438.32593609 379.539926981 24.6622448929 164.04932285
-452.267232283 364.107333067 22.9429372413 161.039110455
-463.068223733 348.000452216 21.1371478996 158.588750129
-474.924535842 331.862246313 19.1959083339 155.246204304
-486.292203145 315.898922862 16.8712966185 151.66372102
-497.130923669 298.928144597 15.2483080151 146.89881168
-507.232320282 281.559352288 13.0495469718 141.997921517
-517.24306685 263.997902439 11.3461508598 136.702054189
-524.826814406 245.789957736 9.67056716263 131.232907198
-532.874401722 227.559328191 7.87104543217 124.689539188
-540.034646973 209.040722934 6.24438832359 117.843093318
-547.440927292 190.389800268 4.52418207128 109.679682076
-553.62410144 171.509775408 2.6821537835 101.132755176
-559.445414991 152.398919301 1.13070688915 91.4446048978
-564.443407952 133.087510388 -0.377814081805 81.6984292314
-568.618438632 113.649120919 -1.42874693161 71.0621977768
-572.512499616 94.2056996606 -2.81141496828 59.1744269054
-574.907433641 74.4205344335 -3.6566704757 47.6035994907
-577.314955227 54.6856084354 -4.39686733563 35.270807076
-578.619820598 34.7948595657 -4.88134620698 22.5304271307
-579.666006861 14.8498695587 -5.03108880907 10.7491517629
-580.381224216 0.122629904467 -5.18853595404 2.64354934307
-580.562343533 -5.06967533417 -4.4428738672 -1.15542053388
-580.5123131 -24.609126735 -5.45201168972 -14.2561631209
-578.06104371 -44.8096367314 -4.35010114923 -27.5193280622
-576.875069826 -65.1470564485 -3.34644967889 -41.2247811118
-574.208607511 -83.7897196168 -3.86814497815 -53.0972370512
-571.675875829 -103.577769298 -2.2332274581 -65.4763675342
-566.315299356 -124.202969513 0.550360975848 -75.9231038089
-561.707219115 -143.348712478 1.85608117032 -86.645425419
-556.584793033 -162.129443009 3.21453583191 -96.7054365295
-550.761014113 -181.144419655 4.91117122822 -106.250971515
-544.098553146 -199.99667121 6.95354114261 -114.258748423
-537.050960544 -218.474590546 8.82946502842 -122.418553633
-529.037503415 -236.766902577 10.8438764347 -129.322318691
-520.726579754 -254.791905599 12.9468550474 -135.695509389
-511.619164592 -272.444584267 15.3160782108 -141.439545803
-502.11553723 -289.862322703 17.0908790944 -146.943725565
-492.121248341 -306.938317653 18.7118176727 -151.657457571
-481.320033233 -323.63260025 20.8130881741 -155.546425544
-470.224120614 -340.612894988 23.2855494315 -159.40819129
-457.651493005 -355.831630576 24.9305847389 -162.08287433
-444.875355511 -371.2243647 26.6715565267 -165.05643152
-432.742330066 -387.039857877 29.0737229222 -167.697041744
-418.809156705 -401.139010313 30.7883387812 -169.517719457
-404.680611014 -415.113298272 32.9476225225 -171.527283943
-390.952754157 -429.49666661 35.638122502 -173.832179587
-375.007937633 -442.097483203 37.8944579006 -175.021209618
-360.120745448 -454.44617889 39.7044080709 -176.304603233
-344.816257477 -467.40456907 42.3386043262 -177.841236484
-327.920759423 -478.386833044 44.5482409159 -178.528456831
-311.334449774 -489.02999811 46.61157111 -179.370247794
-294.760617192 -500.230417872 49.5490218793 -180.439045296
-276.734554179 -509.547188881 51.4348300623 -180.899256884
-259.302476271 -518.515371077 53.9495414214 -181.249596011
-242.256939735 -527.755809743 55.962041017 -182.194114671
-223.159053824 -534.92420385 59.2146367689 -182.153629704
-205.409849981 -542.981265675 61.6740272314 -182.693636923
-185.463436965 -549.265463787 64.3656339985 -182.486404308
-166.806096185 -554.914047272 66.5423401967 -182.48118145
-148.302309424 -561.202629347 69.2020729662 -182.416876975
-128.622672437 -565.542160368 71.7357090317 -182.23744551
-108.824432143 -569.246272324 74.3575257568 -181.709282207
-89.5551605802 -573.128728641 77.0248965436 -181.744505483
-69.3312467388 -575.519017489 79.6971629845 -180.944643259
-49.5507051297 -577.242666089 82.120945376 -180.588115143
-30.2669203696 -578.855041105 85.4101220172 -179.833094744
-10.8001437966 -580.195819464 88.303578061 -179.15974482
0.0987492437018 -579.78135155 89.5720000144 -178.682540719
-0.551997970908 -600.118667037 88.6313649911 -180.749184844
0.223711036027 -599.593954301 88.3551823383 -180.571474448
-31.2513591848 -599.707767052 84.3364288198 -181.950400184
-60.3750877205 -597.40680138 80.4171334668 -182.841352901
-90.0520831274 -593.498128243 76.0354106737 -183.64064735
-118.868979358 -587.882312967 72.0700718758 -184.219968836
-148.131442729 -580.859720027 68.4698077172 -184.38857622
-176.66767895 -572.793451103 64.56274255 -184.356256977
-205.629830639 -564.100226648 60.8935743955 -184.650601872
-233.76449424 -553.283165716 57.0820148307 -184.412562325
-259.90617524 -540.384203782 53.0506471604 -183.638980122
-286.337441345 -526.806233755 49.6777837988 -182.753845868
-312.821482171 -511.571262119 45.7854341258 -181.786755015
-337.567106069 -495.340762575 42.4552717192 -180.511383981
-362.973304191 -478.703231476 39.5289563139 -179.354589477
-385.330870123 -459.547311028 36.248198912 -177.135314893
-408.283188269 -439.853069856 32.5073904867 -174.980038753
-429.421957748 -418.726850482 29.3234973636 -172.1666444
-450.500641583 -397.502923675 26.3869709918 -169.431833691
-469.012215489 -373.913379628 23.0448498825 -165.262781341
-487.09409533 -350.026560784 20.2376675614 -160.790102187
-504.278897181 -325.877106644 17.3812523983 -155.637857922
-519.775959807 -300.138377728 14.5436811019 -149.301276097
-533.551350373 -273.674250918 11.399106714 -141.413455674
-547.117056316 -246.759863682 8.43350733391 -132.30951413
-558.753822637 -219.476612731 5.36537206542 -122.152140997
-568.565090041 -191.082681077 2.34095465777 -109.905328197
-577.758658231 -162.63421898 -0.496037398161 -96.0320528818
-584.844769143 -133.722677693 -2.89196604726 -81.0081627302
-591.121405212 -104.25971561 -5.27627435987 -64.7093590452
-595.077464483 -74.794799119 -6.37748166014 -46.4923860753
-598.040760605 -44.8986001881 -8.94885379996 -27.1894920772
-599.572567093 -15.362574398 -7.67210105044 -6.7155468656
-600.845254403 0.12933262469 -8.33940025667 1.86077063858
-600.690235637 15.0861754258 -8.26151806337 10.7149031227
-598.243252104 44.8859624202 -8.51001367396 28.2935328225
-597.117641106 74.8681619599 -7.8504453599 45.9563624553
-592.63747199 104.630338117 -6.34106751387 63.7587288269
-585.09683635 133.550287156 -4.05771562954 81.2307651537
-577.911061759 162.342126097 -1.47023996784 95.9398483316
-568.183812892 191.275516757 0.394850486897 109.375023896
-558.743137718 219.32081513 3.05305022449 120.621999305
-546.432413129 246.577466201 6.00330559843 131.172021094
-533.511064206 274.061747072 8.49603037296 140.080783958
-520.146135623 300.209824196 11.2399261687 147.088026241
-503.26663125 325.304094093 14.5634031826 153.52798065
-486.854819382 350.715284313 17.051756809 159.000190342
-469.898925429 374.130477343 19.9773283383 162.922422369
-449.117399525 396.833621191 23.2596888867 167.148271006
-428.86584333 419.22245222 26.0725387085 170.310166333
-408.129822142 440.400564352 28.8347506079 172.776727567
-386.192542519 459.683805544 31.8444709435 174.583056162
-361.562677901 478.141146367 35.3984667761 177.114519289
-337.720884769 495.616397661 38.6225646878 178.896408338
-312.333125274 511.762518077 41.9267228101 180.055487901
-286.889373685 527.489516278 45.0232487296 181.510431869
-259.933709273 540.776180803 48.6524780476 182.060455305
-233.745223012 553.12469439 52.1767947171 182.615490807
-205.879033873 563.930921417 55.7621586782 183.098539562
-177.106500506 572.950509224 59.6956486187 183.238055611
-147.998321936 581.452830217 63.5656263507 183.334581732
-119.20713434 588.427664466 67.3680071453 183.231981701
-89.6417322124 593.296794156 71.316806832 182.738981825
-60.0660159933 597.109371252 75.4763123825 182.211147005
-30.1566020786 599.325369277 79.5088467883 181.502967028
-0.645785486822 600.011896774 83.8935120524 180.482926937
0.641214886249 619.704699556 83.3420099786 182.49282928
-19.9808280906 619.883762059 80.2803004873 183.223123229
-40.4228706582 618.905371971 77.7910671694 183.574518617
-59.1559331425 616.477915268 75.1228624453 184.22835227
-79.5963819527 614.81657453 72.1342014647 184.658082834
-100.063332487 611.985643099 69.855510399 184.858022899
-118.953724644 608.411428541 67.113660243 185.276531812
-138.246284076 604.449806955 64.4686717836 185.315360998
-158.239728517 599.536547575 61.8733368735 185.021220766
-176.587510227 593.826185102 59.5239984071 185.429985559
-196.565617523 588.489545288 56.7656645193 185.424819401
-215.716111951 581.446700118 54.1223506007 185.049130495
-234.180254183 574.197729223 51.8263054144 184.392497894
-251.934943898 566.305893289 49.4344816259 184.345330672
-270.384957041 558.566765029 46.8249970169 184.134562973
-288.846696061 549.233976607 44.5768531406 183.239458635
-304.742435915 539.250670706 42.4681909962 183.074410304
-322.77772925 529.755986706 40.0492863503 182.183132242
-340.588433518 518.627243204 37.800849767 181.03050196
-355.525107568 507.151317176 35.9188581791 180.671711659
-372.766114494 495.67137334 33.4007333757 178.877657276
-387.255071653 483.189156817 31.6756958998 178.158453196
-403.471345987 471.283091768 29.2991838798 176.798623593
-419.420586151 457.558271919 27.1057637151 174.963771781
-431.850578776 443.338423967 25.5582163597 173.755877727
-447.428375767 430.078971465 23.2712840254 171.874544696
-461.368076383 415.019624623 21.1845460696 169.476407154
-472.80378579 399.484195053 19.7487531987 167.436295257
-487.144674371 384.439608022 17.3447589957 164.385132809
-498.970741521 368.562606133 15.4424897158 161.854619426
-509.553944419 351.976884928 13.9820252538 158.946236848
-520.715695351 336.037578499 11.6552530245 155.737022066
-532.585487909 318.747914282 9.91900857424 151.256706898
-541.893683855 301.454841604 7.81395030087 147.047074351
-550.873494322 283.535651366 6.37973990341 142.508032935
-560.043352703 265.584427022 4.48459800079 137.121969789
-567.864121616 247.530335115 2.61625502745 130.734739992
-575.688810503 228.978583808 0.883417536179 124.052777161
-582.870604143 210.271966062 -0.811429175095 116.736243285
-589.095225948 191.354434241 -2.48708278559 109.0353296
-595.057807504 172.323514429 -4.30491489306 100.108111121
-600.364872773 153.024470264 -5.7158899881 90.7559286331
-605.309621881 133.619767916 -7.20307382401 80.44744415
-609.113587808 114.042893341 -8.79489286059 70.400411999
-612.434393073 94.3933170632 -10.0325979626 58.0369492693
-615.352768283 74.5834340542 -11.2508673202 46.3198211536
-617.61088732 54.7655680666 -12.1315678672 34.1814981396
-618.921835195 34.8150361165 -12.2008056753 22.0866566688
-619.806984958 14.8834371865 -10.7353482836 10.9608744823
-620.731381775 -0.143413478533 -11.0927225875 2.23876381275
-618.952869628 -5.22920617772 -11.0175615771 -0.334778096861
-617.79502043 -25.2850640273 -11.1149753286 -12.4085034676
-618.323879565 -44.9320231369 -11.9151260485 -26.3948783694
-616.336820295 -64.9004489616 -11.1339850193 -39.3928586917
-614.054116507 -84.701918219 -9.22144648908 -51.8640686688
-610.956280761 -104.454807556 -8.37988194714 -63.7554142101
-607.403726652 -124.095504595 -7.26791707266 -75.1184398181
-602.868638722 -143.537152791 -5.77983382677 -85.4426687576
-598.158955341 -162.856837514 -4.13788898563 -95.2502961808
-592.34602493 -182.097392974 -2.2443672451 -104.414423321
-586.021834325 -201.078463753 -0.239602804452 -113.099169473
-579.223300342 -219.889452568 1.6403314949 -120.790831609
-572.191373475 -238.31127987 3.44812622792 -128.002399929
-563.770607319 -256.629119378 5.58474161182 -135.242131487
-556.137178895 -274.78638197 7.55353174431 -141.247067687
-546.827072137 -292.456365442 9.43362466783 -146.430939271
-537.184565384 -310.435482762 11.9011650629 -151.376049334
-527.307295115 -327.50502449 13.6180356351 -155.581378049
-515.479065841 -343.843051412 15.3894475426 -158.971165575
-504.436152379 -360.172441819 17.3871540515 -162.259361319
-493.290138923 -376.839371055 19.5701922211 -165.65429239
-479.929716944 -391.97510551 21.0714502005 -168.056819498
-468.012767415 -407.922217824 23.7655014654 -171.157293309
-453.461041166 -422.092698208 25.5360958448 -172.804244693
-440.111088804 -436.304764433 27.4360393079 -174.734319639
-426.614976612 -451.162280904 29.9063549964 -176.563408485
-410.950987458 -463.979919037 31.8240325801 -178.032435702
-395.91245444 -476.764248002 33.9803938564 -179.150819137
-380.762551902 -490.013375767 36.2154488608 -180.892469229
-364.06840481 -501.541354574 38.7254699015 -181.731536346
-348.435327398 -512.620727806 40.7632416916 -182.639205578
-332.104981881 -524.456474387 43.3042656327 -183.81716714
-313.949120261 -534.20511802 45.3928119796 -184.170431949
-296.899817442 -543.837137722 47.6385624438 -184.626394923
-279.783700346 -554.048986134 50.0222769188 -185.373474398
-261.286295297 -562.243874393 52.5532858924 -185.616616215
-242.946970371 -569.799281358 54.7042866125 -185.802386748
-224.46533667 -577.931032452 57.6557989469 -186.406234922
-206.374588202 -584.573190821 59.9285668776 -186.322723428
-187.380994611 -591.479427902 62.7877406351 -186.451454755
-167.152690881 -596.671402385 65.0205956431 -186.246853047
-148.207348643 -601.393780216 67.4342978619 -186.093937547
-129.682871268 -606.914097816 69.9974428301 -186.202226321
-109.754806247 -610.315491349 72.4877510596 -185.717203422
-89.9442946796 -612.935157457 74.9763443286 -185.165173505
-70.4077349054 -616.158601729 78.3565171918 -184.720021623
-50.0108316619 -617.468824799 80.7932208775 -184.21289386
-29.955180208 -619.165815786 83.5526378106 -183.761613383
-10.2643949542 -619.778062903 86.0489751498 -183.035713925
0.0655766701558 -619.755846818 87.4835570571 -182.605338713
-0.539783465585 -630.052062613 86.9923642753 -183.597737817
-30.1886459348 -629.272656032 82.8375977757 -184.578232032
-60.8436869702 -627.35599626 79.3764260058 -185.429475938
-90.2640195578 -624.081267093 75.2774357552 -186.347237664
-119.957987475 -618.931237134 71.2661660303 -187.012457175
-149.112111498 -612.476083638 67.3620174521 -187.203426164
-178.332988115 -604.782844098 63.2049898281 -187.50473158
-206.077906076 -595.294528669 59.3127782663 -187.275896641
-234.066723574 -584.702963266 55.6666631054 -187.077804953
-262.792406197 -573.501169131 52.4976357566 -187.064869185
-288.117250627 -559.739742479 48.8213498692 -186.073306031
-314.525769195 -545.419014973 45.1794254765 -185.112190968
-340.17303032 -529.503551461 41.5405706426 -183.978418108
-365.093104363 -512.724239541 38.0992373192 -182.926689087
-389.656592503 -494.78871448 34.5282946677 -181.303279187
-413.331118852 -476.733827628 31.9204725382 -179.706876181
-434.679484063 -455.93295191 28.6089978835 -177.255413105
-455.710529646 -434.366357165 25.158186229 -174.379443006
-476.871502239 -413.027809625 22.1911310086 -171.833138914
-494.667747614 -389.3356832 19.0961116393 -167.428057197
-513.618404136 -365.240516362 15.7362960473 -163.403096753
-530.461471874 -341.015310477 13.735941554 -158.59229757
-544.720570632 -314.842722819 10.4580757035 -152.069466496
-560.011663416 -288.603292738 7.3215016345 -145.119363745
-573.328547182 -262.159954297 4.71619955926 -136.573954185
-584.409128695 -234.136492684 1.36676907194 -126.212856129
-595.7684966 -206.105298751 -1.66719907747 -115.132146142
-604.578839586 -177.812487934 -4.12774344498 -102.082984957
-612.336095917 -148.606139637 -7.10901128992 -87.8170532352
-618.773766282 -119.456344645 -9.1589655128 -72.1164574254
-623.571094443 -89.7466378493 -10.6333456702 -54.2225107919
-627.193379506 -59.9291194594 -13.5529811686 -36.1092105967
-629.06044815 -30.1395298484 -13.3073591175 -16.2910517502
-628.58425134 -0.24651506678 -12.8276876279 2.5586977497
-629.537628457 -0.299524010229 -12.5572024842 2.67157037176
-628.079523062 29.8320667973 -12.8962197518 20.1940379495
-624.535647369 59.9826032616 -13.4407908873 39.534815159
-623.203334399 89.603616984 -12.2701402777 55.1307660398
-618.31438737 119.22640767 -10.2131353892 72.425107947
-611.921071453 148.404517591 -7.99666215301 88.402295712
-603.997380344 177.600269247 -5.94453780636 102.195409487
-595.878387348 206.220132002 -3.62394874456 114.575865797
-584.465350298 233.947893257 -0.449071044222 125.905370116
-572.451517402 262.067777177 1.88718994524 135.598965553
-560.522837786 288.905684018 4.64944326036 143.357439556
-544.812490429 314.782380995 7.98359807143 150.800569874
-529.646468917 341.107247673 10.3211181243 156.463623246
-514.104691022 365.556204989 13.3465074902 161.030504047
-494.367337458 389.17734734 16.4672621565 165.893350485
-475.639066262 413.222602149 18.9229180585 169.678808514
-457.058776164 434.888860104 21.8850061409 172.215087916
-433.721954607 455.771450121 25.153424861 175.390295387
-412.080753864 476.201000732 28.2572694976 177.795507186
-389.724425914 495.975211107 30.9797908538 179.40477942
-366.229964524 513.185041158 34.3152665387 180.605427202
-341.270772543 530.002845564 37.7486399101 181.973823297
-314.525541589 545.46746387 40.9937885615 183.903652271
-288.359219777 560.313463834 44.465297565 184.580867228
-261.851446983 573.546084265 47.8282178635 185.440299339
-233.872161924 585.04825211 51.6725457696 185.930775117
-206.503990606 595.281082254 55.2322629949 186.052120811
-178.308714668 604.547468868 58.9317541991 185.793558449
-147.949744908 612.108485962 63.1092871428 186.254635906
-118.940466578 618.502805048 66.7799158186 186.067815817
-89.6401036795 623.608280331 71.0397060751 185.673994323
-59.7012288834 627.176929424 74.9236993794 185.135640548
-30.0527456237 629.658709328 78.8169041621 184.354006641
-0.12548574692 630.285097763 83.0611722552 183.264236507
-0.101011003975 630.086077477 83.1457409592 183.247641697
-0.40680365275 660.047848698 82.0113177158 185.71732692
-30.1413018143 659.615278862 78.1651576589 186.817150629
-59.5329535764 657.408267905 74.1940190686 187.673436975
-89.553350674 653.641636651 70.2182873498 187.981515478
-118.509356384 649.304711709 66.1608392341 188.925976138
-148.14542681 643.655354307 62.344302896 188.959760505
-176.5423222 636.129332665 58.6509620903 188.837014242
-206.136562827 627.153578017 54.6472010591 188.826001403
-233.037157655 617.142302 51.4749588397 188.738865374
-261.052471041 606.60098465 47.3731360819 188.415969126
-288.67696848 593.574019009 44.0120947399 187.380874115
-313.758670374 579.665636099 41.0669780596 187.012135028
-339.67497536 564.819538969 37.4884503674 185.953675511
-365.587228619 549.762912463 33.9190270003 184.822354876
-391.515617732 532.219350818 30.5921137275 183.056436514
-412.66747969 513.741040283 27.7180104654 182.019851577
-436.532332721 495.473873716 24.5121110409 180.214384927
-459.128870801 474.42833219 21.5383053986 177.427122104
-479.420244637 454.163801455 18.3453212716 175.168360425
-500.653510901 431.233617197 15.5437390564 171.601191714
-517.459533423 407.859677277 13.0879654184 168.981964866
-536.501804156 384.892376556 9.90777289417 164.739126357
-553.863104088 359.807857897 7.0538093493 160.01946932
-569.782844833 334.468197168 4.18509723787 154.481184637
-583.10858998 308.702614137 1.42235874713 148.2596133
-596.013875953 281.900142869 -1.25478178058 140.819684024
-608.113533283 254.51379163 -4.00280483906 132.085393582
-619.085516316 226.764384601 -6.72130584529 122.350316516
-628.936098489 198.427490789 -9.35396251307 110.809570972
-637.193186633 169.6639983 -11.8802942814 97.7838241769
-645.222120931 140.680473919 -13.9900534387 82.7383187909
-650.464504206 111.414752731 -15.6842268346 67.1821275102
-654.361430765 81.8035487976 -16.9595612158 50.4552147336
-657.899001059 52.1700563997 -18.0364568645 32.937106557
-659.615114631 22.3131757693 -17.9645676929 15.8267588956
-661.073996776 0.00934470639076 -17.8556136662 1.85361757281
-658.673660323 -7.32489674962 -18.1282486126 -1.08505528927
-658.68266448 -37.2595270816 -18.6930172346 -20.49041904
-657.729738383 -67.223132821 -17.5605669674 -39.3471161718
-652.237405261 -96.2395099398 -16.7898981773 -56.4632758604
-647.952318548 -126.05068712 -13.8570875904 -74.3653497116
-641.794222322 -155.162465407 -11.5002246981 -89.8440665606
-634.214682297 -184.103955135 -9.29743885454 -103.71356025
-625.206492367 -212.459293182 -6.58097453568 -116.385456465
-614.735661516 -240.523974364 -3.64347628129 -127.51085478
-603.237720744 -267.96817144 -0.704883095089 -137.300766935
-590.794455907 -294.767240945 1.97223359593 -145.681526611
-576.884848335 -321.858586736 5.50462043075 -153.119496161
-560.918428019 -346.934511891 8.60171380196 -158.937775428
-545.012073818 -371.905539104 10.979235993 -164.27288653
-528.241960416 -396.913669402 14.3198195315 -168.809173178
-509.739556953 -420.433309949 17.1422575795 -172.550528916
-489.227514761 -442.189051453 19.9663066854 -175.253370793
-469.403179045 -463.712849602 22.8039439309 -177.950297553
-447.296481635 -484.563642704 26.3675886313 -180.488328112
-425.059025028 -504.137653969 29.4081713253 -182.576259239
-403.199253217 -523.885862888 32.6697105274 -184.683686262
-377.982447729 -540.702856412 35.8469169625 -185.658247575
-353.331886533 -556.986764915 39.1383957044 -186.697809881
-328.902179042 -573.380389067 42.3264423638 -188.152056652
-302.79442876 -587.705409726 46.4307676514 -188.898738426
-274.815903314 -599.940580053 49.6609712154 -189.377920355
-246.942620685 -611.266064158 53.2187884851 -189.546782962
-220.191888286 -622.934426909 56.7710802769 -190.169703229
-191.415269594 -631.666775 60.382039964 -189.815220569
-162.383489025 -639.223143345 64.039699055 -189.546473217
-134.39335603 -646.810384911 68.4616905925 -189.561577682
-103.759585376 -651.753305191 72.1046174207 -188.994301464
-75.061313934 -655.270099957 75.5969602391 -188.22149952
-45.5610242702 -658.780447794 79.6354243447 -187.764638745
-15.1127506808 -659.632682141 83.4667765622 -186.677977531
0.290719394979 -659.382596782 85.3333327647 -186.035729274
-0.0532021891133 -689.497554737 84.3006851486 -188.543979661
-30.4796277823 -689.386468468 80.821018996 -189.496225527
-60.1287071751 -687.740358137 76.6340740409 -190.281481734
-90.503703148 -684.556708195 72.7955819751 -190.959209471
-119.270766574 -679.480795717 68.775276633 -191.277102034
-148.087476938 -673.565376494 65.0563123543 -191.867858905
-177.076073179 -666.557509534 61.3351027013 -192.035312635
-206.178861092 -658.168903134 57.9771526342 -192.271380504
-234.084963739 -648.767134502 54.2239117238 -192.268112287
-262.023432806 -637.37217336 50.3295212966 -191.624229661
-289.600053562 -625.581332881 46.6644689271 -191.306450201
-316.614539425 -612.597678517 43.0092617344 -190.838789686
-343.341953504 -599.453748736 40.2685395505 -190.511657487
-368.023944735 -583.304872821 36.7933606913 -189.260651015
-393.252178211 -566.690724623 33.3199119177 -188.167261709
-417.720644057 -548.890492239 29.971659896 -186.60249462
-440.943955588 -530.314938713 26.5016143841 -185.038026254
-463.311167562 -510.612204742 23.8655275731 -183.268218447
-486.2373083 -491.057857705 20.9073071656 -181.65628098
-505.562469248 -468.692582404 17.6196569154 -178.683134065
-525.896952469 -446.406241974 14.3469350263 -175.675985559
-545.92837998 -424.031913226 11.4062361901 -172.888153935
-563.00936879 -399.153491314 8.35410436175 -168.691327125
-579.826515724 -375.287675216 5.92698681645 -164.421847576
-594.482319878 -349.069276651 2.77480823741 -158.449029685
-609.715528961 -323.010825315 -0.177816430322 -152.465506813
-623.48674845 -297.063175455 -2.5911535372 -144.909631964
-635.059388876 -269.103562047 -6.14255033828 -136.0274993
-646.539189117 -241.555627249 -8.94922269283 -126.343860687
-656.50609988 -213.342315106 -11.1800224803 -115.358934415
-664.860215672 -184.981989143 -13.6698763417 -102.666672061
-672.013600131 -155.648043752 -16.5040849964 -88.2958690987
-678.470952487 -126.438435297 -18.8962335751 -72.7690397946
-683.175202241 -97.0178643159 -21.1872728233 -56.4141031983
-686.370231862 -67.3283425239 -23.0079139607 -38.0154189761
-689.785003882 -37.3545135641 -22.8582494565 -19.9376058685
-687.856048472 -7.09861557934 -24.1494227976 -1.86754018198
-689.877438618 0.0696300862604 -22.6132415252 2.95240692794
-691.013432142 22.644049174 -23.2053249523 15.2514084424
-687.080634047 52.3242539663 -23.1431403948 33.4020349955
-685.488122553 82.5525867079 -23.345217893 49.7581945893
-680.652207173 111.638827859 -21.187311644 66.9698141547
-675.206496038 140.802018872 -18.8478565325 82.3824049739
-668.10657001 170.288622741 -16.9267686624 97.1513198524
-660.702102993 199.081904026 -14.6991391451 109.862904999
-650.867488273 227.06394095 -11.501115195 121.431894864
-640.484685314 255.741736055 -9.26737916824 132.032611973
-630.00845566 283.11407754 -6.53025110814 140.413906084
-615.788294238 310.352552738 -3.71373411644 148.068747152
-603.093000165 336.435820855 -1.08535932101 154.187478838
-586.437471762 361.854726749 2.35811248884 160.388818335
-570.8363285 387.877850982 4.61154001008 165.408549406
-554.431654838 411.604975222 7.71221297484 168.964245231
-534.483840955 434.878164815 10.7962643703 172.800596647
-516.07004416 458.790569319 13.0638456312 175.960852669
-496.603795188 479.802576374 16.2463139998 178.149176899
-473.40710152 500.904423149 19.3851142763 181.282036046
-451.528638571 520.950467657 22.4813056254 183.161964989
-428.318252841 539.756494253 25.6679251935 184.507471714
-405.365532463 558.715770674 28.5114529172 186.110760885
-381.162226457 575.831837953 31.5193632426 187.602327304
-356.369196071 591.137130569 35.0729834305 188.165810142
-330.219018667 605.888810716 38.3755831434 189.177083071
-302.143933137 619.628143961 41.9572727867 190.062974971
-275.76346984 632.279210279 45.4753850621 190.690383098
-248.525272422 644.368596329 48.6714206081 191.241221398
-220.108487658 654.186725133 52.3654079729 191.593316777
-192.289893156 662.639980678 55.9520643827 191.489915319
-163.618502841 670.496626335 59.7617713303 191.084430068
-134.150710721 676.754946231 63.7054554798 190.811049396
-103.717748967 682.224992517 67.4582417577 191.00091089
-74.5970052452 686.214104875 71.4099071861 190.445951248
-44.3150987908 688.242739228 75.3706719955 189.635060384
-14.8482933911 689.34896096 79.3451828882 188.395698206
-0.63263628754 690.207794015 81.1072520642 188.267305199
0.265118874937 720.093885953 80.6222413946 190.5916768
-29.9424599189 719.706315482 76.7838812057 191.389372148
-59.7271626769 717.203963238 72.7588969415 191.830045462
-89.4479444071 714.391057294 68.651794194 192.775548997
-120.298616094 710.272946809 64.640778516 192.919009542
-148.075770554 704.209182264 61.3304984367 193.723674432
-178.106513494 698.187441442 57.2387474527 193.844860307
-207.443533768 689.782366863 53.7730451194 193.521828924
-234.562524018 680.368717124 50.3429448901 193.912757625
-262.712442142 670.421146103 46.5895602805 193.30808656
-291.46860674 658.36028194 42.9158954593 192.584392664
-317.040143922 645.530497083 39.9015499739 192.516569596
-344.289213746 632.43938018 36.0928753836 191.802170309
-371.527426828 616.975692129 33.0061534997 190.176232982
-395.843330226 601.905197156 29.6411183209 189.844541716
-421.500272321 584.025279189 26.1597167601 188.079801549
-443.072138011 565.891797254 23.4792333486 187.542151762
-467.904150703 548.072707214 19.9893322593 185.717629435
-490.699711192 527.289433045 17.1258822804 183.444789792
-510.387475226 506.134114142 14.4113714343 181.76110466
-532.040133457 485.457916127 11.3403545884 179.321773481
-553.461276738 462.150762971 8.37096745827 175.900779457
-569.336007865 438.56456354 6.07340395932 173.424842923
-587.161627571 414.24687455 3.21540071869 169.676500238
-604.500302001 390.435483816 -0.00878982910921 165.510810671
-622.233311326 364.575821505 -3.08574700613 159.472627348
-634.793687411 337.723439136 -5.23902805214 154.292874485
-648.172222165 311.194945804 -8.04395644607 148.022564903
-661.186661443 283.955407857 -10.9981048836 139.935100592
-673.261424185 256.512095047 -14.2756555832 130.377991367
-682.882676671 228.360827975 -16.8303062101 120.190969285
-691.874196014 199.701680491 -19.4292340645 108.777949054
-699.62558947 170.689018743 -21.6761139652 96.0542338863
-705.744809269 141.376072477 -23.6738209386 81.860930806
-711.038850089 111.905359214 -25.5694862115 66.443460641
-715.005013124 82.2035839807 -26.8795532939 49.9873800403
-717.781625399 52.2630447317 -27.7089180225 32.9500076459
-719.475384963 22.3338944442 -27.3751436506 16.0240110038
-720.930447041 -0.228914580399 -26.7792631708 2.48083117349
-721.577109799 -7.57756355723 -27.3660003573 -2.55858688406
-719.141569642 -37.7296883351 -27.6839125851 -18.9983163962
-716.863160357 -67.3511851704 -27.917300228 -37.2432164794
-714.55025445 -96.976042331 -26.5250238577 -55.3748808629
-709.637020853 -126.703531325 -24.1280781762 -71.2862341818
-703.081877497 -156.163607874 -21.8134982118 -86.5922468958
-696.153347407 -185.189558714 -19.4619971631 -100.791428532
-687.957292717 -214.00643101 -16.5929566798 -114.140810649
-678.354179817 -242.372371666 -14.0204498957 -125.128359822
-667.093246572 -270.11145017 -11.0991646224 -135.394750653
-654.974143974 -297.685242741 -8.24408295536 -144.014033258
-641.954454135 -324.646272233 -5.40243678918 -151.638865757
-628.535605269 -351.187086943 -2.87527043627 -158.229832609
-613.704846199 -376.930503694 0.0154089925181 -163.581717179
-597.946677997 -402.965114495 3.11759286399 -168.442658324
-579.929512188 -426.403064102 6.22468638798 -172.509535786
-562.36911846 -451.258170612 9.54838605055 -176.393690849
-541.851609538 -473.439602111 12.1426957832 -179.083006029
-522.218620253 -495.208610631 14.8848415741 -181.604051906
-502.020793176 -517.651255588 18.1419173664 -184.290156152
-478.742981599 -537.252048431 21.5092454665 -186.11919728
-456.253081418 -556.414069815 24.5326646781 -187.449246583
-433.875896364 -576.003586852 27.7744729514 -189.382072715
-407.753672078 -592.683583307 30.6445305307 -190.222375521
-383.416119023 -609.01704653 33.7252120536 -191.100828431
-356.77437694 -624.546855577 37.7539592182 -192.371953975
-331.566567905 -638.964829495 41.0329115384 -192.941547197
-304.094351423 -651.602268756 44.0503534371 -193.443894269
-277.820092883 -664.969310688 47.669997801 -194.211288025
-248.948335553 -675.232808217 51.1346188291 -194.047854654
-220.898494628 -684.638044483 54.2858719757 -194.277947305
-192.471573918 -693.156720891 58.5370477662 -194.185714702
-164.516359557 -701.753369063 62.3845246267 -194.184281545
-134.184230198 -707.128488025 65.883017807 -193.664531035
-104.18632639 -711.625715075 69.6680518556 -192.751679164
-75.9084183019 -716.406408698 73.3053440048 -192.685843618
-45.0076602206 -718.395174849 77.825174404 -191.642786738
-13.9648353598 -718.872310237 81.4756884708 -190.795662281
-0.782053858615 -720.192674023 83.2332119231 -190.713006135
0.297599757585 -749.721194625 82.0307453249 -192.739857921
-29.8478581462 -749.138612351 78.004618029 -193.851752908
-60.0250435588 -747.925315047 74.9575618994 -194.608067592
-89.1818201975 -744.242928862 71.05921549 -194.95602719
-119.16951906 -740.242000362 66.9087476522 -195.513487854
-148.490886012 -734.732890522 62.9424612799 -195.828016628
-177.410077698 -728.251221428 59.1643967445 -196.033413659
-205.973265536 -720.306387766 55.7071642713 -196.010787263
-236.017081989 -713.008185677 52.4095414219 -196.595996422
-263.980788809 -703.325433147 49.0259360696 -196.324417565
-289.904635764 -691.297057218 45.3052207313 -195.782983909
-317.95372663 -679.370503347 42.1071640429 -195.330655484
-344.056462573 -665.681724921 38.5312242578 -194.838393937
-370.406434626 -651.361011644 35.0095130097 -193.869815295
-397.932995884 -637.544336437 31.9494879955 -193.7569385
-421.783855541 -620.406344669 28.8112776954 -192.282446421
-446.857730378 -603.932724848 25.7988694227 -191.562719648
-470.607698137 -585.701891981 22.5639408334 -190.288114508
-491.644590851 -565.730042695 19.0769594655 -188.358393481
-513.664253304 -545.387975182 15.83927718 -186.29981026
-534.898197438 -524.697036617 13.6782513377 -184.385408797
-557.352694601 -503.970326449 10.5252341553 -182.596982856
-574.83845945 -480.572007779 7.18709198437 -179.492362952
-593.899225735 -457.25703711 4.15659077564 -176.143023578
-612.025406444 -433.647076975 1.61179647087 -172.967343464
-628.672713915 -408.654875404 -1.34964392043 -168.702544184
-645.071405004 -384.140442563 -3.71381270734 -164.097711282
-658.706129334 -357.259393043 -7.27787368782 -158.024057154
-672.95958357 -331.210471618 -10.0570191995 -151.749449652
-685.540124531 -304.223213195 -12.5554365052 -144.636090828
-697.156328766 -277.263732288 -14.8183601822 -135.907423574
-707.30713192 -248.594170325 -18.3269785247 -125.672685532
-717.221401762 -220.449773821 -21.2758808178 -114.569387949
-724.969500097 -192.1519727 -23.4613191764 -101.92535846
-732.115450738 -162.704810787 -26.4894905344 -88.42976169
-738.339958047 -133.554739173 -28.6523346833 -73.7629354389
-743.023543316 -104.283586519 -30.3818078122 -57.877182402
-746.256113151 -74.5511737428 -32.2763038691 -40.4756829134
-748.698155864 -44.809634931 -32.8755294725 -23.7670270492
-749.79672956 -14.602802635 -32.5736849069 -5.804226305
-750.249414771 0.0806432746506 -31.9523268691 3.30163577353
-749.721433773 14.8845024974 -31.9380843313 12.1974387543
-748.509247575 44.6864335523 -32.0008074076 27.8104553619
-746.476858176 74.2611287766 -31.5046653118 44.2748917946
-742.27812909 104.029464421 -30.3243122145 61.650671627
-737.732666573 133.512176024 -28.7455815649 77.0743546845
-731.880535078 162.458833924 -26.7359032099 91.4970784475
-724.036729724 191.860383628 -24.7580011248 104.817425811
-717.199953827 220.552349651 -22.7476008878 115.982606975
-707.326266569 248.334058206 -19.1350177068 126.594307271
-696.412273442 277.083779319 -17.0794297226 137.008975007
-686.247516191 304.403285719 -14.3237607363 144.751388053
-672.276452426 330.673914493 -10.8648156202 152.142208053
-658.440076915 358.22631138 -8.92570983883 158.229292884
-645.195516674 383.576161279 -5.87408484473 162.866408771
-627.544330263 408.571665426 -2.70698328538 168.194639605
-611.366700978 434.47474915 -0.415963541521 172.530647229
-594.813368388 457.40012585 2.42468351773 175.179370775
-575.424140003 481.510027393 5.05369766775 178.435773091
-557.127472115 503.413941397 8.03171293817 180.515663754
-534.370310841 524.896829905 11.3786682617 183.834097009
-514.264615968 546.699434688 13.9831251591 185.785340996
-493.147255731 565.65629203 16.997602643 186.946926243
-470.316926672 584.772259127 19.8260627953 188.326892721
-443.879099419 602.979740298 23.4040871221 190.466471587
-421.12954118 621.18623333 26.181091644 191.61094134
-395.783437885 637.556778404 29.5517084588 192.778781256
-370.448334257 651.945941376 32.7043462073 193.517484674
-343.276272596 666.059048772 36.389880109 194.42606789
-318.045811113 680.083778991 39.1907879414 195.068720729
-290.568575451 691.996679125 42.8178404845 195.376822787
-263.368819302 702.445748639 46.2387311471 195.33025234
-234.467040742 712.801534127 49.5064280294 195.747699614
-205.629056231 721.368852591 53.1216929749 195.931221907
-177.938090301 728.676370861 56.9654016403 195.271843513
-148.771985073 735.145656487 60.7749051174 195.124812413
-119.644762891 740.747369761 64.4340815173 195.21585622
-89.3589255957 744.636984781 68.1549044367 194.485797228
-60.1420379352 747.549124921 71.8826961557 193.863233055
-30.5912324601 749.589431131 75.8970552867 192.899649095
0.516578272772 749.817735824 80.0491994008 192.289317767
0.213404554894 750.005961863 79.927482003 192.402184532
0.0819891983316 780.355687473 78.837684837 194.628743017
-30.0940127776 779.468452303 75.0044692724 195.107646006
-59.1687017181 777.734933526 71.3768107768 196.189266406
-89.3187558728 775.06139112 67.7278501667 196.672087345
-119.033652188 771.14670248 63.4656996205 197.101092488
-149.146238887 765.675173271 59.7781549591 197.491797946
-176.916958649 759.094392672 56.7585323241 197.853150005
-206.532608017 752.694750577 52.9011928839 197.920203949
-236.292386337 743.519197121 49.218693734 197.277223596
-262.985699234 734.075285174 45.7710289842 197.857350751
-291.942206081 724.368029656 41.907590539 197.496641066
-320.166433985 712.028838974 38.7162529806 196.615390801
-345.358168628 699.138245143 35.8170814557 196.877691016
-372.005283901 685.076893209 32.0478628947 195.882945463
-398.477557012 671.08591964 28.8811455161 195.006301896
-425.318969343 654.689645735 25.4735074044 193.623196594
-447.135623946 637.765519867 22.7387751952 193.27039578
-474.326360965 620.065086254 19.1614647813 190.996958238
-494.874298307 601.450454795 16.5135933987 190.64016971
-519.146632244 583.477150323 13.2557830931 188.939992265
-541.668258704 561.66241426 10.4939233139 186.707194897
-562.957246217 540.536323075 7.32689932726 184.308644287
-580.581552977 518.65977313 4.76552619694 182.835256274
-601.847322335 497.094175908 1.41516676393 180.241755964
-621.242942076 472.740140114 -1.29259644614 176.99483593
-636.422104914 448.384407585 -3.51763338027 174.337303619
-652.926539321 423.597216105 -6.23364957747 170.017555182
-669.742061401 399.301056234 -9.6423097137 166.031195316
-684.787747897 373.276562826 -12.3190337535 161.044529582
-700.157688294 346.25906391 -15.1930643553 154.00172557
-710.854045495 318.562327389 -17.2485552148 147.438530515
-723.040541921 291.110939249 -19.8582326129 139.636298457
-733.177777033 263.234721564 -22.6823108307 130.814103501
-743.118624655 234.980043912 -25.3042550879 120.837941728
-751.865645239 206.343597125 -27.8185787813 108.93428429
-759.404588538 177.469780487 -30.1537434341 96.6792722129
-765.225465907 148.258693996 -32.3705283303 83.3539492676
-770.22678659 118.809729889 -34.2139499461 68.995618955
-774.322033785 89.2695299776 -35.382826522 52.7013391051
-777.54782953 59.6720473654 -36.2986855169 35.5173661555
-779.683810873 29.88034828 -36.1743045394 19.9153334243
-780.294792213 0.275725461857 -36.9676116047 3.26909144639
-778.124905308 -0.486431322546 -36.1484288407 3.73429089445
-779.354576169 -30.0890783175 -37.0085752374 -13.5457607083
-777.957687872 -59.9577379322 -36.6446669331 -31.4664732116
-774.863709715 -89.8424843619 -35.6985233497 -48.2418873313
-771.904302196 -119.22101905 -34.1143089035 -64.6563951678
-766.156757893 -148.81418551 -32.0072698351 -79.3151230346
-759.63176885 -177.986370705 -29.9633444819 -93.9358666429
-752.096663229 -207.219257664 -26.9711594404 -107.042745095
-743.339958227 -235.258128766 -24.7064390997 -119.123745979
-733.511339227 -263.531417167 -21.7632664167 -129.181343862
-723.112529063 -291.371782301 -19.2171224624 -138.913423539
-711.142526114 -318.834034739 -16.3361191844 -146.84551872
-698.347410736 -345.858167684 -13.6221052217 -154.265569602
-685.210044142 -372.750086761 -10.5278147667 -160.639605305
-670.919075288 -399.232457425 -7.51322075333 -166.42737428
-654.238701869 -423.584017456 -5.29536831757 -170.621538622
-637.371403034 -448.458802233 -2.45744687607 -174.447135302
-621.243744083 -473.209582516 0.809015369661 -178.557475988
-600.959590793 -495.985279092 3.63578979784 -181.096608911
-582.047237204 -518.482650382 6.23172133199 -183.817401942
-563.040749259 -541.572802543 9.3991836121 -186.237131778
-540.73986753 -561.763745717 11.8932213566 -187.957768569
-518.517668616 -582.257621509 15.8255752572 -189.709383589
-495.567383044 -601.291790444 18.5040684617 -191.203941376
-474.162069596 -621.015557079 21.6496915865 -193.11881292
-448.252356483 -637.793809987 24.541269836 -193.665274845
-424.09401065 -654.581861801 28.3610806078 -194.949915445
-398.414909151 -669.868671593 31.0872569612 -195.427196741
-373.295196127 -686.091804676 34.6369061638 -196.749386817
-345.722160245 -699.015420407 37.7071932616 -197.129964055
-318.610207513 -711.731894018 41.5295880655 -197.691378305
-291.174812552 -722.609130336 44.4172989456 -197.897815339
-265.093818439 -734.766858472 48.0951733038 -198.408312874
-235.769332744 -743.373799126 51.1474821292 -198.2450621
-206.623672791 -751.427854724 54.430871923 -198.022335899
-177.675177495 -758.811359788 58.8955992286 -197.909751048
-149.635817369 -766.141649673 62.5766588786 -197.993707063
-118.867629408 -770.520168812 66.0066912153 -197.262744282
-89.1348053121 -774.174901812 69.4898675322 -196.567627725
-60.7787714231 -778.279063826 73.9770900949 -196.349558387
-29.9287107978 -779.17476034 77.3423524009 -195.39525639
-0.248454702036 -779.480226166 80.8317009479 -194.435099351
-0.526028637759 -780.118786322 81.0063466481 -194.669819005
0.137194580078 -809.313435351 79.986228825 -196.367276109
-30.3792985109 -809.595467186 76.4472969558 -197.48224791
-60.6910888653 -808.204595747 72.5208684934 -198.318363999
-90.2935139895 -805.345600351 68.814875961 -198.873117387
-119.871663118 -801.521131134 64.8676071723 -199.263956724
-148.571330845 -795.986039831 61.9128475925 -199.408314053
-178.028403318 -789.987311455 58.1963936433 -199.831630786
-207.181404203 -782.39748309 54.2273659585 -199.75105965
-237.0989496 -775.471639078 50.7975554218 -200.355973447
-264.209888918 -765.185592176 47.6052817344 -200.071298136
-292.024249615 -754.621329516 43.7244174496 -199.585940338
-320.972186698 -743.319255497 40.0769983896 -199.431951954
-348.822025547 -732.399442913 37.0216397963 -199.342662796
-374.067226492 -717.680546206 33.9634082926 -198.410832534
-400.385190039 -703.497197537 30.5677297254 -197.581237591
-426.465263311 -688.16548145 27.4321563506 -196.673627812
-452.574622131 -673.339352151 24.0492610942 -196.253441009
-475.1475806 -655.088044714 21.2692318131 -195.258235726
-499.306670077 -636.897899007 17.9454456894 -193.650110324
-522.784169657 -617.939484168 14.7504378396 -192.177939938
-546.9659648 -599.365000709 11.7153289716 -191.15319136
-566.474473878 -577.652066073 8.88658803625 -189.169372506
-588.187496593 -556.348138284 5.64769323441 -187.301569069
-608.11404842 -534.231555496 2.61054200931 -185.053618219
-628.830931508 -512.442050016 -0.123226527383 -183.017247244
-645.612938459 -487.847680427 -3.36315079152 -179.082459442
-664.75837797 -464.55885175 -5.32976213279 -176.931811997
-679.982411372 -438.593959011 -8.47944204265 -172.32799444
-696.446535865 -413.505564824 -11.6387099777 -168.083245576
-711.841394213 -388.239831146 -14.0307180124 -163.067274418
-725.241380246 -361.019669292 -17.0381951737 -156.88783558
-738.570612642 -334.534222023 -19.8081354625 -150.598759056
-749.407435283 -306.149555865 -23.0451507302 -142.029562279
-760.955138944 -278.721574091 -25.8327160813 -133.423757871
-770.532929617 -250.933797083 -28.1282357197 -123.308879307
-779.491168617 -221.712804459 -30.9712076925 -112.424425631
-786.869610084 -193.201820836 -33.3266076485 -100.727492689
-793.148167786 -163.594982349 -36.2172695793 -85.966209573
-799.045758638 -134.212212111 -38.244355822 -71.0597759094
-803.282346866 -104.73642767 -39.9760864544 -55.4547515694
-806.301744452 -74.8427622998 -41.1154540012 -38.9452485694
-808.573245226 -45.0296845075 -41.3087543118 -21.6625343209
-809.829046738 -14.9223307116 -41.7239978593 -5.11046018562
-809.75161732 14.7650654307 -41.8157446514 11.0621526433
-808.93363764 44.8703331314 -41.7506333846 27.1278001498
-806.09173849 74.6917707002 -40.6785107219 43.9398283844
-803.38205037 104.524994483 -39.6013627439 59.3809744066
-798.645822651 133.801634859 -37.9335573373 74.9424387696
-792.601262814 163.62713617 -36.3001735243 89.7448912967
-787.039326353 192.826673741 -34.3945121178 102.262888692
-779.357062395 221.889731605 -32.0589164568 113.712953663
-769.931157126 249.921855741 -28.9928148138 124.92629486
-759.321519478 279.00486864 -26.6682744038 135.166244797
-751.22310156 306.794820636 -24.2401375647 142.701796203
-736.925041357 333.485349402 -20.6827219889 151.161074209
-725.7919485 361.165528902 -18.3266195892 156.310556464
-710.18968898 387.111928992 -15.1232974367 162.67760588
-695.663457211 414.415857478 -13.1130819289 168.080840849
-681.787072924 438.98963298 -10.114194277 171.440730724
-662.752669149 464.256106428 -7.44089454219 175.607581867
-647.443196703 488.036290573 -4.71006971816 178.608366965
-626.999846271 511.581921241 -1.58243819745 182.126273322
-607.811236869 535.297483759 0.944977299232 184.607800551
-587.044064903 556.569506806 4.13960509841 186.628930773
-567.021997731 578.826235513 6.54680990181 188.613844963
-545.861618053 599.452635518 9.70822633869 190.291695609
-524.684628293 617.98551146 12.6327656451 191.4662703
-498.672103489 637.174461728 15.9334515681 193.154605995
-474.967310433 654.961534436 18.8970174834 194.660657575
-451.153236943 673.22242704 21.986280498 195.818614257
-426.931760563 689.939096507 24.9669649929 196.782213756
-400.310949068 704.845392029 27.9869926958 197.556512093
-376.370499848 718.481543716 31.4674866924 197.532249608
-348.301588749 731.256292809 34.8422886234 198.212600182
-320.64886709 743.531225339 38.2716273212 198.690152559
-291.816826607 755.263557085 41.8452282109 199.789231764
-264.007830455 765.703349341 45.0719823072 199.916091437
-236.591061026 775.466312577 48.2102874921 199.966817413
-206.957224903 783.669173837 52.0144350221 199.960238604
-178.835232143 790.211418686 55.754619189 199.271681169
-149.10682815 796.855716709 59.1971044131 199.589006042
-118.784539912 801.318414787 62.9350733973 199.093528848
-89.9935019483 804.705223563 66.8776673354 198.250347595
-60.1430203291 807.777672919 70.7302873481 197.857568829
-30.4007155587 809.832416012 74.0854654776 197.232372956
0.195552951662 810.24745992 78.0858502639 196.622573214
0.607511083965 809.865988389 78.1442611825 196.548900661
-0.229711974828 839.858763026 77.1747657422 198.178141027
-29.6976834903 839.829821353 73.6117742114 199.262924968
-60.2900399989 838.024416813 69.2662802655 199.572519331
-89.4763120693 835.242460837 65.8489366774 200.494278887
-119.716581421 831.863900092 62.3878727359 200.908663195
-150.126686571 826.629351001 58.9572739136 200.933955664
-178.155223401 821.103676604 54.9023062001 201.510105191
-208.042995167 813.537735853 51.3836379327 201.193938297
-235.223494367 805.434881214 48.4289191187 201.920790945
-265.147295687 797.14604103 44.7881616403 201.776975178
-292.787131234 786.67510982 41.2828072385 201.353546175
-321.663339504 776.875496151 37.9132420884 201.145047914
-350.465561497 763.676985171 34.4587325125 200.076846241
-374.78697978 750.963714666 31.7698164428 200.600286109
-402.461724618 738.171077658 27.7309547917 199.527623513
-430.211518092 722.318255651 24.9006531197 198.157873342
-452.073972952 706.574155764 22.0558797806 198.519541012
-478.723901933 690.705839693 18.5383879826 197.404553347
-504.493638928 672.162963597 15.2464698909 195.042687971
-525.438814322 654.030752297 12.492459069 194.856280857
-549.929079637 635.771520841 9.07133567285 193.387236998
-573.547757878 614.480203834 6.26710624469 191.260368344
-595.079945679 593.66282662 3.27454471641 189.170367877
-613.29006548 572.178192609 0.598232033696 188.383125599
-634.635338437 551.034721443 -2.4051608718 185.993291366
-655.025874764 526.921536478 -5.0778174728 182.940609933
-672.059925112 504.458845407 -7.97736029387 180.556208503
-690.876000397 478.891577932 -10.6936918654 176.615451954
-705.666296613 453.817068367 -13.1004104914 174.222895928
-721.031858751 428.228791584 -15.6960581056 170.353555715
-735.938161451 402.153044983 -18.4438299205 164.860136906
-749.929901859 375.582515326 -21.2001386164 159.904593675
-763.418299562 349.57015704 -24.5569312068 154.082069667
-775.680064542 321.920911326 -27.0526721781 146.776263949
-787.355852985 293.961020936 -30.0566936882 138.161131332
-798.033931548 265.428437488 -32.6746042803 128.342840429
-806.792265332 236.811099133 -35.093644725 118.496713118
-814.440945535 207.867996776 -37.7416028606 107.721868719
-819.909177843 178.674815743 -39.873798985 95.3292110542
-826.056228768 149.193238394 -41.5694904825 81.4737825269
-831.191045249 119.566760678 -43.2660381171 67.3776522426
-835.009612556 89.7550307847 -44.3899988538 51.6203987906
-837.791850027 59.8862416103 -45.1636138263 35.6391867616
-839.634606409 29.9060112199 -45.5815024312 19.0080618042
-838.621526677 -30.0964828151 -46.5863114112 -12.7845495472
-838.179096509 -59.9598392284 -45.1774325542 -29.5758218257
-835.323970785 -89.7575580477 -44.548142204 -45.7900084928
-831.978662224 -119.553464636 -43.554052495 -61.9915013527
-826.536909544 -149.37295224 -41.4574101604 -76.8918918022
-820.4994181 -178.838140778 -39.5140223101 -91.1715863209
-814.252721158 -207.94911212 -36.8169909329 -103.565779115
-805.848447084 -237.036225408 -34.0918545411 -115.462755281
-797.254147231 -265.864599049 -31.4573919194 -127.817231689
-787.343060363 -294.153690664 -28.7160915363 -137.329528149
-776.570919486 -321.926412601 -25.8089479177 -145.507186794
-764.614421598 -349.563837718 -23.1897793809 -152.950441241
-751.699818663 -376.595619091 -20.353220084 -159.212356396
-737.989777609 -403.134185685 -17.0777983782 -165.130158622
-722.889419564 -429.224182393 -14.565322444 -170.235629177
-705.857043763 -453.659554854 -12.1634301876 -173.78704938
-689.38388875 -479.004292304 -9.09845375615 -177.384197338
-672.596220104 -503.125077061 -6.182919801 -181.045221282
-654.741760561 -527.808582997 -3.13494997621 -184.084991281
-633.739834419 -549.727995063 -0.559406208887 -186.149331628
-614.621324332 -572.129159291 1.89957961762 -188.121372091
-595.343960843 -594.744059161 4.98766228265 -190.400607292
-572.071091412 -614.398474593 8.46838422887 -191.89670205
-551.266706901 -635.713551763 11.7961044084 -193.985524276
-526.484240613 -653.884789964 14.1252092121 -194.819896888
-503.095013148 -671.957983733 17.0218166753 -195.937888066
-479.739635042 -690.749031199 20.9318288554 -197.62702849
-453.248930204 -706.469999784 23.7054016046 -198.129936923
-428.593234004 -721.846276925 26.5231380638 -198.849617537
-403.856439846 -738.112453474 29.8015035267 -199.998025391
-375.605725441 -750.839754277 33.3899257091 -199.94936135
-349.614917046 -764.968891046 36.6172272555 -201.237957306
-321.027013461 -775.828769344 39.8911853623 -200.995927083
-293.570019691 -786.347772951 42.8918393658 -201.166458379
-264.970671665 -796.941837406 46.9352702526 -201.66698008
-236.568848883 -805.222363679 50.0141112374 -201.740457576
-208.842170373 -814.669980126 53.4419743848 -202.096145592
-178.399553753 -820.437625213 56.6825364219 -201.562919953
-149.789835659 -826.750745274 60.713411695 -201.356761132
-119.464373231 -831.184485085 64.1171283028 -200.879247197
-90.3296546534 -834.535408566 67.3970785538 -200.418380502
-61.3425110441 -838.235511425 71.1946318529 -200.057820771
-30.7994394412 -839.835153083 75.3414023555 -199.465264611
-0.0401544705549 -839.858856669 78.9129510332 -198.31479787
0.194721289949 -839.184085252 78.5332612362 -198.321372413
-0.148128863386 -869.385663519 77.522919185 -199.809174211
-30.498867757 -869.74761091 74.3223574558 -201.152700027
-61.4104932773 -868.684227153 70.7187025859 -201.794828283
-90.4507544007 -865.865063259 66.7851882295 -202.329199274
-119.452592181 -861.594852731 63.0537364859 -202.373588916
-149.295593266 -857.495410315 60.3247885268 -203.380340924
-179.405870604 -852.325690761 56.6024253415 -203.496521019
-207.240859746 -844.665591025 52.7803881616 -203.398454118
-235.923319939 -837.055649965 49.284788949 -203.259941846
-265.436195213 -829.458544736 46.5185704437 -203.759501032
-293.138717146 -819.636710508 42.8803603952 -203.647848462
-322.016148043 -809.627013745 39.4307080462 -203.335878858
-347.826076724 -796.994861562 36.0238702871 -202.2034268
-376.966330142 -785.841315256 33.2281151743 -202.736377933
-401.730658228 -771.251707561 29.8856741802 -201.546403866
-428.006638226 -756.958789633 26.462471422 -200.825321078
-454.34326135 -741.37736028 22.6314899562 -199.985656158
-478.76763066 -725.61098909 20.3269925989 -199.145200579
-505.647593112 -710.099518764 17.4278444307 -198.535725414
-529.526108482 -692.397937133 13.9938875168 -197.377363051
-551.650001335 -672.711538434 11.0335778105 -195.931203315
-574.379347623 -653.177858831 7.79180384122 -194.680039261
-596.403196825 -632.822349425 4.87053327196 -192.945093629
-618.600324647 -613.516963142 2.06451278256 -191.734394068
-639.443748888 -591.74262735 -0.156386658417 -190.114739046
-657.991981222 -568.508401065 -3.73247737196 -187.551728573
-677.456373269 -545.456948342 -6.6478582691 -184.878117855
-695.645451682 -522.057553763 -9.53008062456 -182.201196955
-712.750101387 -497.476780068 -12.1144580272 -179.346471494
-729.869468129 -473.204410928 -15.1616105198 -176.034107238
-746.249796463 -448.48477346 -17.1955948161 -172.016498935
-759.808356869 -421.552442764 -20.6609764105 -166.953606651
-775.617544272 -396.198620124 -22.9013723487 -162.767309138
-787.44197212 -368.411282267 -26.1749073802 -156.051885017
-800.458267396 -341.601572335 -28.8910092726 -149.133827957
-811.831433418 -314.155221235 -31.3899610764 -141.769114294
-821.9825588 -286.414170209 -34.0771208487 -132.839373815
-830.179001595 -257.386598735 -37.4558389568 -122.971959599
-839.656281623 -228.994306093 -39.7507254411 -111.687714157
-847.091543897 -199.965306485 -42.0684899168 -100.133196828
-852.932972835 -171.109492273 -44.2367440269 -86.480316858
-858.073127177 -141.275319711 -46.6188401543 -72.1453705309
-862.987557073 -111.772337038 -48.2806903145 -56.5323551906
-865.721462414 -81.7382976421 -49.4377124785 -41.3683511389
-868.436397282 -52.5574737647 -49.9697825737 -24.4214467138
-898.219086864 -52.517936522 -53.9860733611 -23.6188705893
-896.509090765 -82.4628120695 -53.2920655769 -38.8719920758
-893.272859405 -111.955272677 -52.2325211472 -56.9187745905
-887.611212246 -141.526667586 -50.7491215262 -70.6660978439
-882.822334847 -171.009933824 -49.1198339623 -84.8921727478
-877.062044782 -200.197556288 -46.9564009811 -98.0106925966
-869.762911108 -229.212172289 -44.4980716425 -110.8463351
-861.639937065 -258.023666951 -41.9090097903 -121.238132179
-852.565721155 -286.398224778 -39.4639955421 -131.214813287
-842.429630572 -314.573920416 -36.8728959468 -139.759142581
-832.419257648 -342.725277522 -33.5872687124 -148.443058218
-820.674444628 -370.209435833 -30.9984772941 -155.438658286
-807.819997767 -397.201954674 -28.3295235688 -161.256771216
-793.735570931 -423.761060917 -25.7214245486 -166.283002509
-778.470676941 -449.457908424 -22.5950084629 -171.62662521
-764.135629531 -475.453160286 -19.9514551275 -175.623949632
-747.434211167 -500.702015602 -17.1150442119 -179.078887921
-731.751675584 -525.952943175 -14.2388771506 -182.395105325
-713.907225666 -550.111686791 -10.7385468235 -185.43288368
-693.820842013 -572.334612965 -8.42343331485 -187.189486637
-674.810013965 -595.200096478 -5.77097305077 -189.407865021
-653.662978358 -617.556822171 -2.78255390651 -191.384773152
-633.534605326 -638.633666013 0.0803394329036 -193.0464756
-613.515968084 -660.688907225 2.80938993453 -195.219186511
-589.455992251 -679.593554737 5.51368225625 -195.922661724
-567.478110578 -698.580936332 8.96761358427 -197.524479457
-544.506702487 -718.336228443 11.6666691715 -199.454953417
-518.911255874 -734.701133338 14.5909183909 -199.4440636
-496.020715279 -752.927916859 18.0943595725 -201.429647076
-468.87286299 -767.837456919 21.159202541 -201.673770323
-443.187876567 -782.555039625 23.8885494165 -202.284357784
-417.9367416 -798.078730656 27.1593221974 -203.62135733
-390.713301991 -810.342002848 30.9627621105 -203.537848943
-364.51020531 -824.12612674 33.9899968044 -204.829748574
-335.68382899 -834.782185776 36.8588711493 -204.379029466
-307.726982387 -844.978892237 40.4001461313 -205.018113135
-281.325936537 -856.224116689 43.7800410586 -205.320817742
-250.631165631 -863.991643866 46.8168419059 -205.107235556
-221.851633407 -871.286883531 49.8171210412 -205.00817529
-193.065435825 -878.248880334 54.0846735837 -204.861688257
-164.758583803 -885.627957159 57.332857776 -205.049342136
-134.181545309 -889.623225578 60.6268896348 -204.518421795
-105.208550217 -894.230069464 64.5764170548 -204.329362648
-74.0491427655 -896.559948678 67.7518606864 -203.602887662
-44.9244182733 -898.357777286 71.092755689 -203.044376488
-16.4804371411 -900.706500238 74.6142750069 -202.513072003
-0.497255645311 -899.997043773 77.0855574076 -201.809320327
-0.117736271437 -929.214128274 75.8588461332 -203.540045975
-30.3688457903 -928.891573296 71.8353804449 -204.385801885
-61.2826996531 -928.578496648 68.9454955291 -205.482026339
-90.4987444717 -926.159808033 65.136139796 -205.875790131
-120.756068444 -922.792598219 61.3226343884 -206.511050728
-149.451359667 -917.595380773 57.6332454683 -206.195663008
-180.06792621 -912.990427929 55.1258035979 -206.923808374
-208.203819956 -906.250070447 51.3250152456 -206.92709396
-236.997947418 -898.993660531 47.8065785674 -206.800327755
-265.231392791 -890.900330603 44.9595282757 -207.072318271
-294.451934797 -881.357076661 41.1566564608 -206.675678758
-323.064923102 -871.510830551 37.6440898193 -206.123795671
-350.736336968 -860.640539294 34.1350075749 -205.962923718
-379.674549985 -850.638356874 31.9814142509 -206.543700885
-407.299646521 -837.701090016 28.2400773485 -205.965767391
-432.082186467 -823.163154126 24.7433033819 -204.567913602
-459.736327356 -810.17724987 22.5053944612 -204.658240319
-483.331538266 -793.777611969 18.9328306269 -203.090164281
-508.813445439 -777.657903786 15.6040720866 -202.350579772
-534.022567862 -760.611034301 12.1537280435 -201.11179231
-560.037592269 -744.446111577 10.1385008846 -201.008200939
-582.072577636 -724.606582797 6.79468613782 -199.186669104
-604.987580082 -705.587696778 3.22164642769 -197.80250983
-627.185657057 -685.912756637 0.846584930123 -196.762303087
-650.995101038 -666.418911404 -1.94146593483 -195.329784845
-669.948564516 -644.088068832 -5.42640918062 -193.088677793
-691.113025753 -621.991651996 -8.29474659204 -191.233282443
-710.14033328 -599.355773459 -10.4756986942 -189.329750414
-729.812529643 -576.124678382 -13.3724967444 -186.974415725
-749.336084874 -553.289038209 -16.1735342119 -184.755871182
-764.842338038 -527.812759049 -19.100730816 -181.957525169
-782.198231337 -503.200588196 -21.7636149837 -178.653335727
-798.32882559 -478.613792647 -24.2628919273 -175.164701032
-812.066680644 -451.278954109 -27.7478400275 -170.195012643
-826.97536555 -425.581856502 -29.6913884221 -166.061596784
-840.750192664 -399.164291596 -32.5354872199 -160.563309481
-851.875964732 -371.048425112 -35.7617007195 -153.512379901
-864.592983999 -343.883030581 -38.3900703206 -147.239269312
-875.029382364 -316.369855658 -40.7777108641 -139.334475298
-883.392504882 -287.265250678 -44.0048016443 -129.60192866
-893.843902086 -258.87293828 -46.7845814422 -119.760747088
-901.446563752 -229.903161289 -49.0152892332 -109.013302221
-908.398996946 -201.15394013 -51.0289373492 -96.899063777
-913.805738245 -171.328130354 -53.5009270367 -83.8416593178
-919.04253814 -141.868810982 -55.1323414519 -69.476834217
-922.649745352 -112.485015503 -56.3940537697 -53.5507913433
-925.948850962 -82.5178339242 -58.2162544163 -37.5893253882
-957.433925425 -74.4994397983 -62.5958087606 -33.7459424004
-954.864931098 -104.42366936 -61.3921799608 -47.804833335
-950.466820219 -133.978331254 -59.7163971913 -64.3738264402
-946.215716192 -163.590143319 -58.1708356169 -78.4870641537
-939.948250432 -193.309125679 -56.1276592972 -90.8654212316
-934.099508979 -222.403431821 -54.1632558286 -102.261152815
-925.786682256 -250.57349253 -52.0151361114 -115.252651515
-917.128008609 -279.399570712 -49.3836029319 -125.243012253
-908.63571795 -307.518891918 -47.1254884092 -134.769545336
-898.384465839 -335.776960525 -44.4505898755 -142.665131216
-887.682286195 -363.438854904 -41.4364538646 -150.871992038
-875.846399202 -390.870635183 -38.5422936357 -157.204743272
-863.128831837 -417.942604828 -36.1374097997 -162.858831492
-850.919829925 -444.940922013 -33.3037477874 -168.04169025
-836.630978642 -471.971667267 -29.6990173646 -173.417518609
-820.565833677 -496.556629273 -27.5349475516 -176.652630757
-805.458559473 -522.475681958 -25.0840624344 -180.179437962
-788.613903386 -547.159783078 -21.8574669047 -183.349318921
-770.937966802 -571.535923972 -19.349324511 -186.047846973
-754.392784065 -595.889595356 -16.3354112142 -188.624123206
-735.304505527 -618.791453957 -13.2429724165 -190.927950629
-713.779407994 -640.555196365 -10.9501582732 -192.494190262
-694.222808522 -662.724826717 -8.56693489762 -194.239297236
-673.093496165 -683.759878661 -5.25127621486 -195.906875689
-651.825263775 -704.446046662 -2.67591592173 -197.462101284
-630.877296384 -725.692016159 0.280674838009 -199.215656027
-608.235099619 -744.961679162 3.84821020174 -200.88100474
-582.802603096 -762.333002549 6.4740055977 -201.520145294
-559.264984033 -779.709330092 8.96495345674 -202.394932112
-535.297448936 -796.627758398 12.6031148441 -203.752613871
-511.567184521 -814.23360457 15.5742446609 -205.047767729
-484.107294103 -828.528849416 18.2115399404 -205.158176136
-457.888625202 -843.144242012 20.813997136 -205.911496206
-431.598001856 -857.108336711 25.0322609559 -206.605346032
-404.75607185 -869.646541388 27.8081327681 -207.051871592
-379.208203647 -883.305413881 30.9564250925 -207.863373877
-349.909753488 -893.146736688 34.2002576639 -207.857450399
-323.659858003 -904.857784088 37.1863358248 -208.489243789
-293.548360878 -913.758759323 40.4220537644 -208.200487807
-264.679218967 -921.888644878 43.1510472157 -208.067663587
-236.354773218 -929.556964017 47.3007209009 -208.268759852
-208.614899662 -937.922122809 50.4728761535 -208.78810552
-178.524372215 -943.192980137 53.7926984545 -207.762393777
-149.132209605 -947.59540845 57.5098270738 -207.441508104
-120.010099242 -953.026413464 60.7234642549 -207.576486858
-88.4486793013 -955.225807588 63.9461422715 -207.183542991
-60.2145949897 -958.138491876 67.6463522723 -206.546749939
-29.698458004 -959.177586255 71.3401591626 -205.681846855
0.437389403064 -959.265810915 74.2647840115 -204.913973456
-1.48233836097 -960.680272124 74.9330998249 -205.621475655
-0.306432857186 -989.97735946 73.9060010739 -206.983972269
-29.6838393867 -989.21515746 70.0456052186 -207.284567195
-60.7346004607 -988.532547975 66.6205542924 -208.366525162
-91.2891132352 -986.602640795 63.1161754164 -209.140341304
-121.089944319 -983.367851164 59.5224027142 -209.425946058
-149.111876542 -977.954435479 56.7549248996 -208.991841786
-178.894408719 -973.096582432 52.9125257724 -209.380441662
-207.704370979 -967.203553645 49.4790849476 -209.500929876
-237.631035278 -961.81136147 46.8663138889 -210.330297368
-266.902916806 -954.422330172 43.221863585 -210.206853572
-296.329477395 -946.128066635 39.7072939605 -210.356525491
-323.202280486 -936.068799745 36.7015402845 -209.817736105
-352.712928863 -926.449334945 33.6360447057 -209.754313655
-378.179237816 -914.174733488 30.0415933258 -208.966003553
-405.925206533 -902.597976995 27.4563510134 -208.790173728
-433.005131565 -889.589840087 23.9104462574 -208.097143179
-460.627668163 -876.028354411 20.3964740713 -207.625641331
-486.730026652 -862.574288933 17.8419930992 -207.00498747
-512.250116661 -847.19178885 14.9072670409 -206.157975835
-537.15584658 -831.019404449 11.4144198792 -204.874495542
-561.824447655 -814.452589771 8.88992526858 -204.545943464
-585.52664238 -797.222277595 6.17039040763 -203.011074978
-609.780957152 -779.040512412 2.4083673956 -202.025993756
-634.281759339 -761.109169204 0.0321068667195 -201.143106094
-655.005420481 -741.010938895 -2.87040120607 -199.705426833
-678.408448616 -720.723817454 -6.10305634631 -198.006764021
-699.391651308 -699.62863952 -8.39353248439 -196.977233949
-719.992020451 -678.520409318 -11.4718016667 -195.255590606
-740.460094482 -656.315736599 -14.6882756929 -193.087101331
-760.850998242 -634.057694441 -16.7134410924 -191.586049163
-780.337395786 -611.210420624 -19.4091910602 -189.493718166
-796.145882548 -586.46088792 -22.6507755009 -186.479963376
-815.412928947 -563.150819318 -24.7433760335 -184.867382791
-830.550930839 -536.942569438 -28.1581110903 -181.280561391
-847.249662094 -512.182265998 -30.7961067112 -177.702972725
-862.706299191 -487.055327354 -33.1625699639 -174.576467857
-875.858899366 -459.323613757 -36.4650173773 -169.777839243
-890.62866408 -433.279711609 -39.0906696201 -164.857430405
-903.099216879 -406.976932717 -41.2096442077 -159.641225635
-913.73411292 -378.39342503 -44.6889029399 -152.83784228
-926.180969073 -351.213960249 -47.1932897942 -145.990467757
-935.726533146 -323.825487095 -49.1442491849 -138.35797821
-944.23830359 -294.225599603 -52.8300239782 -128.889554352
-954.074458421 -265.997127701 -55.1399304753 -119.042481591
-960.626195934 -236.614903564 -57.4907322217 -108.353030954
-968.32237589 -207.994011829 -59.5494485819 -96.9501502838
-974.249566533 -179.149401204 -61.1293306379 -84.6206625833
-979.497453715 -148.841111335 -63.3734202989 -71.1525538804
-983.089811627 -119.376151746 -65.0455701007 -57.4271784965
-986.245619897 -89.6250188761 -65.7939103862 -41.6872496073
-1014.80357014 -104.323099281 -69.833765732 -47.8891010403
-1011.21275242 -134.424381424 -69.1076053548 -60.6090784348
-1006.38256375 -164.256159464 -66.9295810399 -75.4685763045
-1001.48054846 -193.527654607 -65.4186651763 -87.9768570193
-994.68020876 -222.803129664 -62.9267622463 -101.835666664
-988.089917461 -251.594672137 -60.9855423437 -112.645675227
-980.368236597 -280.360971048 -58.8331281411 -122.33181241
-971.105364898 -309.72556402 -55.3275744174 -132.33656795
-961.626387455 -338.132791472 -52.667496304 -140.717240208
-951.455976864 -366.120840287 -49.8911434187 -148.02046742
-940.335505107 -393.379315363 -47.7793963497 -155.08298464
-928.475230551 -420.690287437 -45.0921246131 -160.72983373
-915.449019162 -447.895543416 -42.3987474267 -165.896591762
-903.503773611 -475.538575598 -38.9522024602 -171.585425564
-887.993770909 -501.424575082 -36.4603259947 -175.067995579
-873.275654387 -527.307344145 -33.9521293401 -178.457062849
-856.542340432 -552.185160587 -31.2825005918 -181.841104719
-841.559513979 -577.92069946 -28.3743747899 -185.111235862
-823.032099322 -602.431160131 -25.8715535176 -187.580764759
-806.083133905 -626.012947744 -23.0344302062 -190.413798124
-785.906140026 -648.782562578 -20.5465755291 -191.619622197
-768.152921272 -672.436388427 -17.6743347092 -193.865786517
-748.280290708 -694.73578205 -14.5679094301 -196.632965749
-727.123094492 -716.393729388 -12.1948859821 -197.86552752
-703.618825299 -736.722986681 -9.99761308147 -198.378135799
-684.041205881 -758.120321373 -6.20978210145 -201.091878464
-660.026710697 -776.598606979 -3.81719506177 -201.309992313
-638.130597283 -796.390085916 -0.882393988339 -203.273963207
-612.670376088 -813.886110075 2.4910734736 -203.922250915
-588.95782229 -831.403054791 4.88825367456 -204.798838636
-565.816766313 -849.385163591 7.8590472908 -206.497255523
-541.036251667 -865.541955916 11.3672978484 -208.115684121
-515.037958474 -881.459258306 14.5434219396 -208.431317924
-487.536499162 -894.577363654 16.6903921817 -208.329128645
-462.72416822 -909.837404781 20.9368851144 -209.617449455
-435.047464093 -923.50712758 23.6278628182 -210.470518636
-406.533369996 -934.077185488 26.2112630016 -209.949670117
-379.619575348 -945.615547184 29.5628957812 -210.868542746
-352.471459716 -957.282269114 33.1067233862 -211.55087875
-324.417965611 -967.773244628 36.001313199 -211.589290092
-294.133739956 -975.215471971 39.6396954397 -211.254588979
-266.938718778 -984.70689179 42.7918248929 -211.734501907
-238.34406973 -992.443264198 45.8352037191 -211.685201378
-208.033363906 -997.572323214 49.1810671067 -211.388519032
-179.408760645 -1004.06170085 52.1824933804 -211.373616065
-149.91281403 -1009.30184069 55.6821775421 -211.372346922
-120.948502757 -1013.79698289 59.7712365956 -211.101736569
-90.00766405 -1015.63826769 62.4256940372 -210.282617421
-60.5855418752 -1018.06382017 65.7688855193 -209.917286112
-30.2466345028 -1019.36144187 69.5669961969 -209.391175197
-0.906559924443 -1020.46202016 73.0582913443 -208.885041363
0.258187093831 -1019.30142182 72.2331826756 -208.35273258
0.183082365165 -1049.18913299 72.0544078039 -210.238395907
-29.0422177184 -1048.60465487 68.3899969566 -210.515611218
-60.9928976887 -1048.23563087 64.5345149222 -211.629478667
-90.7376071555 -1046.00873262 61.8831263882 -212.091125226
-121.16045311 -1043.13735246 57.923089837 -212.636617898
-150.688688619 -1039.91663492 54.4960576031 -213.094606157
-177.930865068 -1033.54354505 51.7929477624 -212.601577579
-207.752842991 -1028.064962 48.2248159033 -212.912087239
-238.713911744 -1022.60949666 44.6937181075 -213.405477833
-266.688556423 -1014.56937573 41.9508008739 -213.122252881
-295.586955564 -1006.34641282 38.3765785092 -212.843575122
-324.629429857 -997.450746719 34.7819625255 -212.733024087
-352.110142564 -987.829794117 32.0822990688 -212.515323348
-379.935306079 -977.620033907 28.8670837017 -212.189799435
-409.224517871 -967.78167831 26.3172771956 -212.597140814
-437.586548931 -955.642572632 22.7548298854 -212.10873212
-462.289096294 -941.437815889 19.1294705774 -210.658017065
-488.36644848 -927.944197664 16.8925208082 -210.429423163
-517.580829889 -914.865194349 13.5808528406 -210.358582497
-543.322369459 -899.455220488 10.3595204939 -209.342067431
-567.802054609 -884.194798379 8.03461613556 -208.998180712
-591.390569136 -866.292653916 4.36891963819 -207.106238767
-615.852236213 -849.0243715 0.914711137929 -205.829952806
-642.314133916 -831.773171795 -1.03950887358 -205.893650222
-664.877947376 -813.746927349 -4.3927353148 -204.45531069
-687.772885996 -794.400430942 -7.06741564701 -202.85179596
-708.8321684 -773.384603982 -10.1404596336 -201.287358257
-732.302409452 -753.495645954 -12.8940663677 -200.507268925
-754.409335279 -732.193852109 -15.7658433972 -198.482057935
-773.766448661 -710.576189473 -17.8828828986 -197.117446103
-792.42401393 -687.053701882 -21.6176534207 -194.56705326
-813.810147043 -665.316758997 -24.0133034233 -192.983870984
-832.078680511 -642.021375963 -26.1823250769 -191.350369128
-849.580665742 -617.154064265 -29.2697031762 -188.453959757
-865.428200502 -592.192797691 -32.3458629792 -185.180850124
-883.649641024 -567.533937815 -34.1018825189 -183.398576404
-897.921628178 -541.933853663 -37.3761580535 -179.540349536
-915.147061891 -516.808357123 -40.1211877668 -176.38234709
-927.831955998 -489.464910415 -42.8189304155 -172.417539092
-943.057641432 -463.769161594 -45.2030848216 -168.244127784
-955.102494273 -436.011642198 -48.1582872131 -162.521065906
-966.869540833 -408.29364712 -51.063729738 -157.116427495
-979.234361615 -381.555042684 -53.1673664957 -150.943719776
-988.454184623 -352.960821763 -56.0546026733 -142.870321341
-997.814378961 -324.74127578 -58.6084463046 -135.548663923
-1006.91180831 -295.646385632 -61.6380058716 -126.021224988
-1015.94754451 -267.31659903 -63.951995684 -116.380428477
-1022.95326767 -238.488784959 -65.3960087863 -106.468967496
-1028.30010182 -208.955063502 -67.7464658618 -94.2423713103
-1035.49035775 -178.894624984 -70.4392923001 -81.7051604293
-1040.36417978 -149.324319473 -71.5184748742 -69.535302518
-1043.00148505 -120.143089133 -72.4881827282 -55.012208005
-1068.67803817 -155.975443727 -75.8889169917 -70.0771292397
-1063.24924456 -186.09572853 -74.0791309694 -82.7309772314
-1058.47432088 -215.536828615 -72.3881629882 -93.7214939692
-1051.85479466 -244.666826369 -70.0117856673 -105.15233758
-1044.01404151 -273.123261166 -68.3012605889 -117.431097464
-1035.9061214 -301.878807908 -66.2177646376 -126.500226999
-1027.0870105 -330.61918727 -63.6479832612 -134.719754222
-1019.19280078 -360.013853554 -59.9052894283 -144.037588743
-1008.62722302 -388.029556734 -57.3807296315 -150.910515437
-997.652082857 -415.759573964 -54.9074599966 -156.919005319
-984.350489656 -441.964219516 -52.5661934871 -162.488576995
-971.479844752 -469.065785645 -49.9928414514 -167.26689504
-959.840756447 -496.832631555 -46.9640343359 -171.975690761
-945.200591153 -522.602465505 -44.0669399726 -176.434023963
-930.62063897 -548.470356825 -41.5927535193 -179.676043794
-913.796858788 -573.703324153 -39.3421081987 -182.062811346
-898.984228228 -599.931045745 -35.8561176143 -186.210046067
-882.165462954 -623.877822377 -33.5665753406 -188.351585411
-862.538455546 -647.699319146 -31.2819790169 -189.702896452
-846.08479646 -671.955285495 -28.0510947016 -193.261308684
-825.516191599 -694.366349277 -25.8409099617 -194.537566362
-807.74099254 -718.062503548 -22.9693199565 -196.629272225
-788.470147597 -739.778316765 -19.9279700579 -199.182771681
-765.191796465 -760.583678601 -17.6320067764 -199.61491191
-746.06374907 -782.262622518 -15.1247684889 -201.555777557
-723.722961149 -802.914934269 -11.266935904 -203.579438175
-698.177651629 -821.571269682 -9.27335497364 -204.033220034
-678.696167118 -841.257389803 -6.55468578341 -205.615122153
-653.049416819 -858.853220533 -2.99207992167 -206.449569222
-629.775143941 -877.785641819 -0.319633203633 -208.004259461
-606.208162835 -895.008675894 2.31688362056 -209.208068434
-581.357834902 -911.622259981 6.12431434573 -210.267216566
-553.596271979 -925.959758034 8.11272457582 -210.181648785
-529.797141301 -941.662088527 11.3160586935 -211.190659407
-504.019822953 -956.381907149 15.1311630832 -212.647759785
-475.167124058 -968.75172122 17.585412403 -212.25300496
-449.335522252 -981.811863949 20.6009866488 -213.284486013
-423.164108 -994.327407611 23.6674308071 -213.75658408
-394.924792842 -1005.77659115 26.8255321629 -214.067586452
-367.201956355 -1016.01349642 30.3471799801 -214.486411952
-338.684741918 -1025.6582508 33.2886593742 -214.824753927
-310.45329926 -1035.39471212 36.4091839925 -215.084819401
-280.289913625 -1042.28012491 38.7176426644 -214.488620333
-250.601619789 -1049.31102615 42.7919263072 -214.637312231
-223.112648124 -1056.64071587 45.6802262322 -214.83129498
-195.118081993 -1063.26790499 48.725101904 -214.762321178
-164.552282096 -1067.96918709 53.0611295177 -214.71442957
-133.364504438 -1070.74027481 55.4134026906 -213.91277693
-104.685900067 -1074.52565145 58.2295121512 -213.87025206
-74.389911644 -1076.85753317 62.853209233 -213.066666541
-45.3617509239 -1078.81915905 65.7351230184 -212.860605936
-16.3752474196 -1080.46897638 68.9122891845 -212.646635135
-0.209553243047 -1079.52334519 71.0467896758 -211.67003813
-0.396228338061 -1109.7750914 69.7835435023 -213.77223527
-30.41127482 -1109.29071087 66.0826109948 -214.239889728
-60.0313693926 -1107.92118837 63.5263924884 -214.554588802
-89.4451274727 -1105.73660055 59.6479872834 -214.871012629
-120.730001051 -1103.49951122 55.9164584613 -215.598726559
-150.65115025 -1100.56140201 53.8188223046 -216.221524407
-178.184280697 -1094.87480856 50.0079583987 -215.645504538
-208.699016235 -1089.39896329 45.9624276361 -215.857783638
-237.989928395 -1083.85992585 43.739019093 -216.332513285
-268.497682265 -1078.04319175 40.4206071223 -216.575404522
-296.739501352 -1070.22313546 36.9583609612 -216.328038701
-323.442641264 -1060.60092808 34.032128741 -215.725352118
-351.570911969 -1051.60705832 30.4570183565 -215.283171079
-381.9201633 -1042.46842788 28.1553636525 -215.784472409
-409.406616344 -1031.75250908 24.7532787655 -215.203715589
-438.16779243 -1020.94397596 21.2740052272 -215.167937699
-464.868737967 -1008.53299925 19.0181393086 -214.71340962
-492.565594432 -995.824882701 15.4839007891 -214.251709141
-519.164864378 -982.441529613 12.1672398517 -213.591328357
-542.848615672 -966.868599296 9.8754171754 -212.289822581
-569.031566425 -951.807656803 6.39342363748 -211.363387261
-596.021014225 -936.817791095 3.07347062543 -210.981284775
-621.601411022 -920.578291779 0.553612503526 -210.463699733
-645.720014341 -904.139925828 -2.07398389564 -209.435471088
-670.498971066 -886.071841218 -5.75698817421 -208.103301596
-690.691370824 -866.73897603 -7.97660278581 -206.558303188
-716.863681809 -848.405290132 -10.870987312 -205.571537188
-738.807520512 -829.133737521 -14.0742859558 -204.142729937
-759.30972928 -807.984741837 -16.2023650956 -202.501854532
-782.680727976 -787.654504385 -19.4789632984 -201.764115488
-804.216074567 -766.630632251 -22.0721338877 -199.704733626
-822.077481713 -744.231044239 -24.4744895869 -197.907104773
-843.906948882 -721.990395358 -27.4635399972 -196.516864908
-863.56227766 -698.842037493 -30.3044085459 -194.359521227
-881.393490697 -675.480313296 -32.4348796516 -192.876883485
-897.683414527 -650.9944004 -35.5969716061 -189.687530967
-916.677751374 -627.302174768 -38.3692017754 -187.509157784
-931.508272931 -601.385880242 -40.818592111 -184.534977704
-949.383740611 -576.981239531 -43.2977178635 -181.852230096
-963.68416389 -550.727623768 -46.3460906517 -178.40524929
-978.374803227 -524.373827292 -48.5747142548 -175.367647366
-991.505515648 -497.316401174 -51.8370059005 -170.391164626
-1005.60642722 -471.691870385 -54.1116424997 -166.022804721
-1016.75988412 -443.240390797 -56.9721957212 -161.107515397
-1029.71422498 -416.804855253 -59.3546863874 -155.638933012
-1039.17313154 -388.346830174 -62.144415067 -148.476108872
-1049.74737582 -359.489829446 -65.4290567478 -142.120164049
-1059.99794131 -332.167366608 -67.3896098063 -134.176740262
-1067.57426414 -303.038803173 -69.9086392905 -124.751705288
-1074.82223428 -274.06419799 -71.9713616449 -116.363250035
-1081.53785823 -244.449849636 -74.6895043619 -104.769758097
-1089.04699558 -215.55925213 -77.011254581 -94.4626889785
-1094.22560157 -185.756727407 -78.7691088221 -81.1271930832
-1098.25919803 -157.154334714 -79.422757434 -67.9108355516
-1128.63214738 -157.142060331 -83.8379271637 -65.9228595374
-1124.18931615 -185.945140749 -83.0031041871 -81.1897280579
-1120.27195453 -215.42725661 -81.4410343462 -93.2071034347
-1113.61077733 -245.194740352 -79.1649183418 -103.721444614
-1105.78884607 -274.429728606 -76.4015869451 -114.581365192
-1098.18798962 -303.283362589 -74.6545929776 -123.809731628
-1089.48669433 -332.126206529 -72.0444066933 -131.404472503
-1082.21208099 -361.468383131 -68.7748864294 -141.430051404
-1071.93504405 -390.066220474 -66.098826401 -148.136850864
-1061.13485526 -418.208943 -63.6231661112 -154.127510401
-1048.89310746 -444.410957123 -61.233309595 -160.23861829
-1037.25080623 -472.073519955 -58.8843728897 -164.980001684
-1024.24985116 -499.222931262 -56.3436026444 -169.228168761
-1010.75595831 -525.90958336 -53.0768294721 -173.988542206
-996.676151217 -552.097371091 -50.6016862955 -177.391241173
-981.364225499 -578.376402498 -48.3562725654 -180.453436825
-966.35398696 -603.80623641 -44.9289732394 -184.190993215
-949.729394467 -629.11391514 -42.7293754577 -186.516325584
-934.145715043 -655.043524683 -39.9993696465 -189.086909172
-917.225205149 -679.197928111 -36.6546794973 -192.282360033
-897.849728317 -702.174138161 -34.4185095331 -193.720258481
-877.604376704 -725.493038439 -32.3934204764 -195.212036575
-860.820527468 -749.483423152 -28.8506982875 -198.331825661
-839.240772372 -771.232312718 -26.3423120353 -199.43548431
-818.210885651 -792.327697152 -24.2342126622 -200.338150875
-800.045830151 -814.781894421 -20.5215338195 -203.289140467
-776.319468534 -834.986605399 -18.1905025533 -204.285035908
-753.699602121 -854.301243802 -16.1452647227 -204.876893517
-732.684706463 -875.198886708 -12.3073095804 -207.641860877
-708.205053078 -893.75601822 -9.79472193591 -208.084167917
-683.337371112 -910.990983456 -7.69279662945 -208.497365028
-659.047682395 -928.70105026 -4.04170447375 -209.895386159
-637.321952073 -947.063600342 -1.15574156989 -211.466314331
-611.149761427 -962.925869147 1.0779393179 -212.177162658
-585.071153034 -977.704373943 4.50017331165 -212.742740292
-560.205118817 -994.191313839 7.62290528182 -214.396593233
-532.777131856 -1008.17835235 10.0235170864 -214.373685268
-504.962802963 -1020.51765764 13.8788316717 -214.958983737
-480.281283051 -1034.75134867 16.4872367248 -215.715914859
-452.635984449 -1046.5206315 19.3551622452 -215.996349474
-423.092842932 -1057.29789299 22.9594766881 -216.177739459
-397.511433036 -1069.3328188 25.6372717872 -217.1791574
-367.996523171 -1079.28971758 28.6229052713 -217.166125288
-338.510328949 -1087.38905801 32.124601932 -217.185960453
-311.525797397 -1097.23739955 34.9390041474 -217.883615695
-281.760996493 -1104.69870468 38.1404525301 -217.753971348
-254.310928209 -1111.98301442 41.4860698923 -218.171269208
-222.450643333 -1116.79542732 44.483791995 -217.244347421
-194.69864159 -1123.60763911 47.4567530895 -217.657981474
-165.442910684 -1128.36105761 51.5383078287 -217.730538325
-133.430968631 -1130.52073064 54.1202118171 -216.878998438
-105.582680581 -1135.36264468 57.0532472943 -216.99987837
-75.8538894128 -1137.83064386 61.1752199723 -216.986034078
-43.8986765513 -1138.04413491 64.0269940734 -215.462385291
-15.8923371394 -1140.09077883 67.0095089498 -215.552682735
-1.10429210488 -1140.20263113 69.4187477188 -215.368004628
-0.724954659649 -1170.39318348 68.619511759 -216.576255416
-30.8015897311 -1169.88871989 64.7438017396 -217.466190096
-60.409623966 -1168.56490347 62.3442867642 -218.17452553
-89.5417743417 -1166.61059445 58.7372812278 -218.355121381
-119.277893192 -1163.22374614 55.252469658 -218.383158961
-150.183147878 -1160.70905069 52.0694945462 -218.903629156
-179.524618903 -1156.79843209 48.2864451699 -218.918894776
-209.206519911 -1151.49282033 46.3741702151 -219.335510069
-238.533995129 -1145.99496618 42.2578211131 -219.568390333
-267.266112092 -1139.55743209 38.7887838683 -219.321330287
-296.027046894 -1132.35025959 36.8285962403 -219.266727816
-325.26835501 -1124.36394955 32.8771282226 -219.214111549
-352.305582822 -1114.40460659 29.361499125 -218.058680735
-380.135172212 -1104.83121758 27.1897664658 -218.338005837
-408.527202471 -1094.86571781 23.638346903 -217.810411085
-439.369511728 -1085.90835604 20.5696207948 -217.862064963
-466.148221617 -1074.23843094 18.3926342772 -217.636820388
-493.157118708 -1061.37511032 14.9060113449 -216.930932337
-519.483397368 -1048.47400484 11.321178981 -216.002604206
-546.126879507 -1035.27153972 9.48132876681 -215.897540825
-570.37108875 -1019.74769688 5.67781305838 -214.553692121
-596.44935904 -1005.04704864 2.8792087448 -213.88709077
-624.508858489 -990.829814929 -0.0387136954012 -214.020697324
-649.544528252 -974.900650414 -2.98396321409 -212.399551236
-673.335032257 -957.0821138 -5.25107208685 -211.72857962
-697.044908197 -940.157764574 -8.68760011755 -210.660848193
-720.090098618 -920.730633174 -11.9057293981 -208.439014331
-746.055494588 -903.830579838 -13.5875462574 -208.656707823
-768.350699736 -884.095463423 -17.1376060295 -207.090132498
-789.782924859 -863.640708803 -19.9222568309 -205.128917002
-811.094013444 -843.136991699 -21.9400699537 -204.381626889
-832.646155458 -822.157720073 -24.9198501482 -202.58470659
-851.471573604 -800.437377425 -28.2251521525 -200.112502094
-872.501844279 -777.997019776 -30.007233767 -199.050194606
-894.167921704 -756.427529832 -33.3685675976 -198.02864231
-912.475827005 -733.968927244 -35.949000182 -195.423217319
-930.052228932 -709.145029567 -38.1983732924 -193.8054841
-947.357757021 -685.291628404 -41.4727122406 -190.853182625
-966.019414694 -660.923597426 -43.7557098884 -188.886983845
-981.495475243 -635.625152359 -46.3952080712 -186.042534947
-998.65665275 -611.390458278 -49.193953489 -183.601039721
-1012.96090211 -584.445172663 -51.6368603267 -180.713890091
-1027.60159223 -558.489685612 -54.6030244456 -176.780960512
-1042.48714192 -533.21222566 -57.1968360326 -173.052440453
-1056.03026687 -506.457350478 -59.392950753 -169.946066099
-1066.98276439 -478.019370709 -62.5084471556 -164.594026231
-1079.18547427 -450.818027323 -65.4563661618 -158.967704048
-1089.87064872 -423.06696126 -67.6528283195 -154.108671674
-1100.80547172 -395.355444798 -70.8596493013 -147.375347696
-1111.17908041 -368.112242831 -72.7426137642 -140.338449115
-1119.01682413 -338.643858648 -75.4234607089 -133.329919594
-1127.94823756 -309.914619003 -78.3914627691 -124.460875365
-1135.60505583 -281.930412096 -80.0473730168 -114.95705215
-1142.63888304 -252.304038328 -82.4568482874 -105.613068397
-1148.12052228 -222.484972092 -84.6107730217 -93.8030149784
-1152.95774519 -193.544070445 -85.8334235716 -82.0189451227
-1182.48957057 -208.342542149 -89.2673101755 -86.6800522603
-1175.24601804 -238.160569144 -87.4138989406 -96.4523838172
-1168.68562204 -267.002030111 -86.1447333047 -105.621089832
-1162.87652624 -295.954461174 -83.5383589901 -119.000689627
-1155.40791935 -324.935296024 -81.3513166152 -127.143270643
-1146.96390529 -353.503695326 -79.0162326533 -134.933743394
-1136.28856589 -381.83855253 -76.0663221935 -142.918583394
-1126.56227071 -409.941021207 -73.6669212208 -148.713247095
-1116.94082257 -438.423646688 -70.6152172296 -155.336688855
-1106.21433084 -466.977000231 -67.6222654334 -160.833996733
-1094.45267419 -494.251047897 -65.054336856 -165.905529185
-1080.60846529 -519.689953884 -63.0024977203 -169.579754053
-1066.99867062 -547.411723945 -59.8745040119 -174.050205485
-1054.39997794 -574.452854184 -57.0101685635 -177.999337599
-1038.9336686 -599.409861655 -54.8342133478 -180.877077745
-1024.86891291 -626.353132159 -51.6953522221 -184.329114463
-1007.38255518 -650.477454356 -49.6415181303 -186.147404134
-992.805753856 -676.515795392 -46.4011053389 -189.955682805
-973.945929717 -700.375016215 -44.2559439382 -191.608698042
-956.250333933 -724.18288275 -41.5139362469 -193.710708042
-938.002401644 -747.770565638 -38.9086283627 -195.649213204
-918.711358836 -771.620797662 -35.8364744516 -198.217748619
-899.134543066 -793.908055525 -33.4964772895 -199.42949861
-880.120497044 -816.406885133 -30.6760764526 -201.643526293
-858.470134512 -837.420161205 -28.3343767297 -202.370521736
-839.66460465 -859.826891198 -25.5983183497 -204.532539586
-816.066061895 -879.952899814 -22.2914198514 -206.158284398
-793.125656407 -899.541995773 -19.9806580795 -206.777338276
-771.538081566 -919.154086066 -17.0724892214 -208.610525841
-749.164470345 -938.923302123 -14.6036824129 -210.388881722
-723.37118365 -956.60400195 -11.7761701246 -210.921101163
-702.099462671 -975.18166391 -8.66217610875 -212.380922712
-675.672702156 -991.219624117 -6.17195029812 -213.136539811
-652.06151828 -1009.09963557 -2.89921125396 -214.437618987
-626.71995592 -1024.5690099 -0.223637722761 -215.460882365
-600.016802641 -1039.40803484 2.91486211696 -215.473211421
-573.164060693 -1053.72811949 5.46900327667 -216.445748884
-547.013131972 -1066.96711922 8.18502361603 -216.882457832
-521.336775438 -1081.54342995 11.8321149304 -217.884912698
-493.261596839 -1092.72523739 13.8431264532 -218.086710968
-466.490600105 -1105.4755234 17.4946445201 -218.743750678
-440.320263345 -1117.92535908 20.5012146836 -219.564879525
-410.583630274 -1127.83789444 23.6444799884 -219.763439909
-381.296179237 -1136.61854786 26.2500713102 -219.616933074
-354.154446789 -1146.20587455 29.5417030261 -220.013499544
-326.458884594 -1155.72919464 32.4740291629 -220.795252819
-296.114342862 -1162.82337804 36.0981122031 -220.545556096
-266.761624662 -1168.78484 38.6480005869 -220.222278839
-237.666932643 -1175.51650372 41.7842678849 -220.542625666
-209.21959201 -1182.2953893 45.1027720939 -220.788464633
-179.602224751 -1186.88123955 48.3095842473 -220.35663388
-149.681656469 -1190.72107791 51.6152662585 -220.156826625
-118.346455579 -1192.83239624 54.5440486992 -219.660513444
-90.0700847993 -1196.6970859 58.1068132701 -219.97818895
-60.3751105278 -1198.68848771 61.4026129784 -219.205110421
-30.9583008592 -1200.13633089 64.4216635219 -218.835179973
0.254008708972 -1199.17865876 67.6444894785 -217.723222634
-1.81129662466 -1200.62956634 66.9834812917 -218.484493044
0.776267592967 -1229.30018693 66.9875211236 -219.588860651
-29.0910127074 -1228.60615618 63.4533480617 -219.783364874
-61.0634229073 -1228.86768565 60.4686748744 -220.93365037
-89.9767429514 -1226.76636289 57.1348094309 -221.441341307
-120.489427737 -1224.41722712 54.7960476083 -221.510652565
-150.080446914 -1221.12104147 50.6977574565 -221.544522891
-178.773164219 -1216.39697885 47.9833962736 -221.791338307
-208.318440326 -1211.14636291 44.1942437913 -221.688490518
-239.421891255 -1207.30495464 42.1740013153 -222.34548811
-267.688136538 -1200.28176767 38.3359827304 -222.238086702
-295.731884264 -1192.52605219 35.5313875867 -221.668549332
-324.601725401 -1184.7101517 31.5185035958 -221.518524858
-356.384155223 -1178.4457846 29.4930716827 -222.337428296
-385.332565324 -1169.46294089 26.0752033218 -221.652234577
-409.931615665 -1158.07146076 23.3550446123 -221.016699973
-437.764819139 -1147.84406353 20.0008383583 -220.308092416
-466.867844889 -1137.68856232 17.4810974996 -220.425247275
-494.422694066 -1126.15189268 14.0855295702 -219.947553864
-523.388242216 -1114.36039936 11.5360523547 -219.920385523
-550.73748363 -1101.24189915 8.16173859847 -219.007958189
-576.794254494 -1087.50574551 5.63607827749 -218.500159008
-602.662256577 -1073.31769413 2.50708587794 -217.496598117
-629.120343397 -1058.15457868 -0.497122281486 -216.701675976
-654.928408409 -1042.72313059 -3.49758259694 -216.175728065
-680.169282001 -1026.81581185 -5.73231545818 -215.613751427
-705.422709054 -1010.06174724 -9.14702965057 -214.332269035
-726.821439257 -991.400741892 -11.6084198752 -212.758847581
-750.730122317 -973.23900433 -15.1616352728 -211.493785365
-775.67307434 -955.297708961 -17.2551030103 -210.57980822
-797.166470095 -935.416233054 -20.5899127069 -208.89486041
-820.120235339 -916.170051621 -22.5886832558 -207.939908455
-841.347587881 -895.769360071 -25.8997371792 -206.180900784
-864.360368783 -875.199320716 -28.0813101296 -205.366594975
-885.098374836 -854.063779281 -30.935588132 -203.225662122
-905.39188923 -831.734661933 -33.5987357045 -201.699459384
-924.783688836 -809.922747832 -36.2291170138 -199.772876942
-945.358367586 -786.706479496 -38.8830654131 -198.730219988
-963.812410845 -763.507646945 -41.643876223 -196.209563868
-981.837103613 -739.672399038 -44.0428868712 -194.653303
-1001.62664601 -716.265289551 -46.7117491124 -192.405146184
-1017.01078655 -690.9028715 -49.7724129485 -189.786551472
-1035.42110404 -666.422450052 -52.2865637658 -187.704212422
-1049.45586268 -640.1283764 -54.9505656175 -184.394506568
-1064.51562174 -615.011584978 -57.5971625358 -181.450182537
-1080.37368416 -589.711234433 -59.8079019546 -178.802998154
-1093.54980978 -561.557910194 -63.2102806546 -174.683248985
-1107.0726962 -534.58200219 -65.6931620368 -171.119534343
-1120.03906226 -508.320693868 -68.4378635942 -166.588503334
-1132.25438427 -481.04881978 -70.6023938998 -162.250546395
-1143.90927964 -454.149383741 -73.2209867219 -156.965238095
-1153.05738115 -424.858625711 -76.3485896025 -150.888232179
-1164.16762729 -397.174619028 -79.1098084145 -144.471663431
-1172.67742129 -368.51478701 -81.0903470563 -137.629409312
-1181.94875768 -340.016440749 -84.3411478892 -129.929911015
-1190.12248188 -311.15761007 -86.277707089 -121.636724089
-1197.30563204 -283.041094486 -87.5795718575 -112.586867885
-1203.22222479 -252.860382542 -90.4738852134 -102.339118396
-1208.89777069 -223.525529992 -91.8480032643 -91.3027754518
-1214.41195973 -193.885340709 -93.9749724488 -78.6965782091
-1242.64173175 -208.778118453 -97.2353532712 -82.7936084954
-1236.71612201 -238.541844285 -95.4367199442 -93.7979897936
-1230.75298599 -267.660166574 -93.169044293 -103.25122961
-1225.47285925 -297.349821003 -91.4823781752 -115.070496639
-1217.46343295 -326.943272242 -88.6905923108 -124.681681688
-1209.38857575 -355.742679183 -86.3504646118 -132.875715791
-1200.55784183 -384.424675331 -84.0049387279 -139.737953116
-1190.6084987 -412.323292412 -81.323871398 -146.977026217
-1180.09341468 -440.486034389 -78.7940761985 -152.708617375
-1169.74640668 -469.033141365 -75.9686506597 -158.404965429
-1158.2213593 -495.967948093 -73.4902800208 -163.214301572
-1146.03605685 -523.376663003 -70.8983411412 -167.830579558
-1132.34832742 -549.840084336 -68.732238047 -171.508926388
-1119.36572673 -576.503848226 -65.3119853539 -175.723725254
-1106.32452733 -604.59225972 -62.962666777 -179.024767892
-1090.06217448 -629.146608373 -60.5019370054 -182.462579712
-1076.20035816 -656.548191648 -57.7144907741 -185.113301862
-1058.30046008 -680.717148715 -54.6339846941 -187.823171889
-1043.95789512 -706.87133914 -52.6289452699 -190.26544975
-1024.87297604 -730.499508781 -49.7969842792 -192.704029216
-1009.05905624 -755.831527744 -47.4573123255 -194.710818348
-991.301585806 -779.156476398 -44.0930030624 -197.717644715
-970.456917677 -801.804503604 -42.3036398725 -198.473592913
-951.258776424 -824.996999931 -39.2477453882 -200.67389478
-932.299100681 -848.356936531 -36.6152317697 -202.607648056
-910.367721207 -869.317894659 -33.6156047359 -204.236023106
-891.084090352 -891.533022216 -31.6050243411 -205.627350232
-870.620533059 -912.208781177 -28.0346934765 -207.446270479
-848.742174207 -933.029815242 -25.8773833047 -208.941904028
-824.00017939 -951.816300594 -22.9235418998 -209.818369986
-802.985075423 -972.17154866 -20.6820340544 -210.893236591
-777.514824739 -989.957064366 -17.4192146272 -212.36541826
-755.662265118 -1008.8155295 -15.1455935309 -213.606332385
-732.409328441 -1026.48264004 -11.9794036035 -214.73330351
-707.619685243 -1044.22942653 -9.39583422263 -215.7218589
-682.031319776 -1060.0139393 -6.1340806915 -216.816683585
-657.635385661 -1076.76008184 -3.6407069456 -217.555681043
-628.557863409 -1090.55015077 -0.620081897894 -217.924197913
-604.051242684 -1106.01194987 2.03453870999 -218.968990073
-578.827313757 -1120.72925883 5.43091494428 -220.351037529
-550.10099176 -1132.5001374 7.5361274984 -219.970092978
-522.922600688 -1145.27350082 10.7856725055 -220.880820633
-496.660304951 -1158.10544436 13.6290883793 -221.187324101
-467.106556142 -1168.67417159 17.2287957299 -221.715028304
-441.157887559 -1180.08790817 19.4722401343 -222.254342419
-411.467005676 -1190.43290445 23.460878349 -222.877653646
-385.04022008 -1200.82998554 25.8156921113 -223.370892472
-355.072964859 -1208.45129195 29.2067651281 -223.226788359
-327.5649531 -1217.44942076 31.6965068499 -223.494821329
-299.300535998 -1225.05358041 35.4377134914 -223.966270547
-266.910792561 -1229.99780336 37.3145938209 -223.07607738
-238.442462156 -1236.84633514 41.5114041737 -223.63469849
-210.766555251 -1243.35894744 43.9420894763 -223.781439903
-180.447123395 -1247.75140126 48.1050906076 -223.715814703
-149.553116108 -1250.18670677 49.9731863448 -222.808563284
-119.274191836 -1253.33590345 53.9732388969 -222.621817823
-90.8928302077 -1256.49906339 56.2032820075 -222.679439634
-59.2367714855 -1257.31970775 60.2682224506 -222.047462212
-29.8992334542 -1259.13041467 62.9381591855 -221.679702987
-0.354802585043 -1259.80160946 66.6438579715 -221.248023247
-1.19049276463 -1260.7967451 66.4099006216 -221.586148858
-0.174651686155 -1279.460873 66.3993995505 -222.119814013
-29.041669183 -1278.70309435 62.2662644557 -222.351679466
-59.6507771383 -1278.1463727 59.9211320337 -223.067684602
-89.4204495054 -1276.24034132 55.9481689138 -223.275659096
-120.901294034 -1274.95420405 53.929829357 -224.326991298
-150.453539684 -1271.68926484 50.0849407977 -224.541699154
-181.180140637 -1268.41687576 47.729498558 -224.7360831
-210.101392922 -1263.58172366 44.1457956319 -224.854284053
-237.283061433 -1256.4743681 41.050444468 -224.374554921
-266.750433769 -1251.11437116 37.125971083 -224.161832278
-298.352580353 -1245.93886769 35.0394193646 -225.009475587
-327.523598498 -1238.41431541 31.4474492978 -224.693290836
-354.297486377 -1229.89280255 29.3011677888 -224.165917728
-383.523030742 -1221.38592913 25.3111847635 -223.752338726
-411.044754498 -1211.46087966 23.0729384592 -223.456681116
-438.732344026 -1201.43352322 19.4320174713 -222.603398549
-467.848732295 -1191.56164203 17.0273331901 -223.077247918
-496.520453504 -1180.23782709 13.1472178327 -222.446921254
-523.465682477 -1169.29336067 11.5564041328 -222.45353546
-550.891154659 -1156.52553127 7.99120101173 -221.542372607
-575.699789408 -1142.04451697 5.1006564226 -220.748336035
-601.643403065 -1128.49854366 2.1552881352 -219.445894017
-627.972999226 -1113.91406681 -0.567589788918 -219.100029054
-655.23836865 -1099.85212829 -3.9126240437 -218.558375745
-681.123720881 -1084.47285045 -6.039456615 -218.150958471
-706.895536983 -1068.6255548 -9.39600181575 -217.229885048
-731.232467066 -1051.8937093 -11.8021345786 -216.368860134
-753.342324459 -1033.4920955 -14.9688656475 -214.028191358
-776.563380584 -1015.62277742 -17.1747596062 -213.602723008
-800.709788322 -996.847905403 -20.9434762727 -211.756653685
-823.695517262 -978.219231007 -22.5317182931 -211.332673883
-847.702797436 -959.245051068 -25.9392842052 -209.977914574
-867.957068139 -938.650937044 -27.9818530376 -208.67834552
-892.026069832 -918.9860332 -31.0457424811 -207.095657477
-914.335741513 -897.731086034 -33.264557578 -206.468079305
-934.995777743 -876.007344448 -36.4143017892 -204.438225292
-952.715849444 -853.054925554 -38.6701923355 -202.401942398
-973.407283303 -831.809908484 -41.6843672343 -200.54971437
-991.910784163 -807.326432931 -44.05783213 -198.989121647
-1011.71981546 -785.397013834 -46.9302005507 -196.774990584
-1029.27526553 -761.326969901 -49.1118332778 -195.658428352
-1047.81249499 -736.327112693 -52.1796693006 -192.533893302
-1063.46820828 -712.822654506 -54.4096618983 -190.883919356
-1080.98546874 -686.655451043 -57.5567565578 -187.618326398
-1094.89426942 -660.550535575 -59.900559188 -185.062199193
-1111.51914166 -636.099549545 -62.709237237 -182.035993962
-1125.83401121 -609.27852659 -65.0627254969 -179.471438472
-1138.52061395 -582.014628412 -68.4548662771 -174.859366293
-1151.51069894 -555.584367716 -70.7482701498 -171.923385842
-1165.85720775 -529.845137773 -73.141837506 -167.690675894
-1177.57654943 -502.725830073 -75.4904636931 -163.97512375
-1188.93297197 -474.145622869 -78.5190794442 -158.114298956
-1200.43765074 -446.909980497 -80.8956320526 -153.629312702
-1209.18566686 -418.617938433 -83.7560177395 -147.109948058
-1218.35654786 -390.260002245 -85.7434509666 -140.927291053
-1227.17109161 -360.516912232 -89.439635534 -132.712224233
-1236.72640968 -333.059246825 -90.9273473469 -125.699460672
-1242.94014356 -304.003127032 -93.2199335803 -116.785748732
-1249.41173648 -274.767806969 -95.0307235247 -108.255024196
-1256.15562054 -244.79429681 -97.5998677711 -97.3864731644
-1262.20511379 -216.133468424 -98.7802507162 -87.5781785859
-1099.77262783 141.233095603 -80.5929010419 70.5508331742
-1096.6012852 170.907169638 -78.4253718366 81.7529112304
-1090.95384398 200.623912495 -76.7827050995 95.0846164638
-1085.11704657 230.798086572 -75.2351461569 106.694267797
-1079.87342673 259.300643963 -73.1474712856 115.217118403
-1071.05964198 287.924529648 -69.9370724486 125.950523009
-1062.49340129 317.990105882 -68.4171419364 135.596500041
-1054.08206185 346.743808784 -66.2949126411 142.28382604
-1046.35308184 373.935220791 -63.0281959768 149.279536665
-1032.75086308 401.994265783 -60.0623152615 157.338478922
-1024.3870169 429.443557466 -57.6462461893 160.991757785
-1009.35834464 457.25785463 -54.542868717 167.840089958
-998.393552179 485.581658934 -52.6156497559 172.592567912
-983.534837356 511.232456753 -49.2634344039 176.291231187
-971.478846044 538.347706018 -47.264380215 180.07636272
-956.753705754 562.831605576 -44.3196692918 182.303787464
-938.912892449 589.534659617 -41.1526682525 186.646166515
-925.306175123 615.002409892 -38.9902074142 189.44500739
-905.453303878 639.456698351 -36.0078637071 191.598887293
-890.676877344 664.057729506 -33.5038879022 193.76676831
-872.227531949 686.004076151 -30.9562494866 194.957238686
-850.736740215 711.026955098 -27.7032882564 198.452117636
-830.848530329 733.548390477 -24.7684560446 200.317501389
-814.328249448 755.893837345 -22.7700608566 200.574316383
-793.332753536 775.934383246 -19.5861809769 202.576794164
-772.049539803 798.548598458 -17.5652753003 204.122489709
-750.851616109 819.156812581 -14.2908413912 205.529150663
-727.439392208 837.546337802 -10.749490823 206.817141813
-704.790520206 856.734492624 -8.565057269 207.247328009
-681.786672297 875.421235855 -5.34972683259 208.961611089
-655.848540245 894.992208211 -2.91861619899 210.691161721
-633.946119132 912.509665739 -0.134850849219 211.373568831
-608.880523925 929.153664405 3.55938619133 212.230409955
-580.772805201 945.16261838 5.87576293167 213.32343742
-554.573121796 960.155791462 9.49393267693 214.180836379
-532.066741224 975.226943304 11.9274517356 214.064541304
-505.916988346 989.432887383 15.1517304464 214.842804729
-478.615245001 1002.64889031 18.5450344232 215.608690492
-451.234312465 1013.71457604 21.1799962787 215.225666179
-423.760181003 1025.37129088 24.6488797667 215.824665609
-393.772292713 1037.40338519 27.4720450191 217.290284775
-367.849640537 1048.40113842 30.4162917662 216.937096796
-339.502534247 1057.99146841 34.0954454547 217.140790458
-311.780372475 1065.81108356 36.6059312504 216.592241682
-280.027608407 1073.9350449 40.1510189772 217.848641981
-251.331733577 1081.32009841 43.4219105751 217.566091894
-223.84496827 1088.13940893 46.4723663279 217.15400154
-193.844989151 1093.56891217 50.2279717933 216.72695382
-164.312893851 1098.38332677 52.661667284 216.400045937
-134.962068544 1102.35300601 56.5288781705 216.064287497
-104.886034353 1105.2635096 59.8861201223 215.719683747
-74.8059521283 1107.42879699 62.5439468858 215.29877142
-45.372187887 1109.74524552 66.2555077579 214.987687693
-15.7400481432 1110.4145324 70.1851862925 214.08369478
0.0891328826854 1110.04890036 71.059299159 213.911081722
-0.552795824964 1080.11411524 71.8008518718 212.156940536
-28.3681873258 1079.2542021 69.0457099978 213.472587769
-58.852396741 1078.49896277 65.0840208134 213.81620802
-89.7247573699 1076.48063525 61.7859347041 213.935740208
-119.393532075 1073.07347299 58.824740569 214.230961404
-147.175968404 1069.35064683 54.9757808832 215.243957342
-179.719013566 1065.99793586 51.3602034563 215.285386293
-208.688941563 1059.83692281 48.9319304904 215.037410422
-237.986803149 1054.36898685 44.7634261292 215.247781644
-267.091019135 1046.1578203 42.3070101561 215.082069591
-295.9392258 1038.47368222 38.6165472581 214.897970225
-322.247657769 1030.23822981 35.5430346569 215.841517852
-353.003334633 1021.19094348 32.4627313596 215.386163347
-378.726557963 1011.07663162 29.0235729548 215.368261318
-408.918317027 1000.60118516 26.1352989266 214.696019455
-434.902147012 988.103819229 23.1121433058 214.71314343
-463.916487392 976.486633632 19.6138861194 213.894534823
-490.410607407 962.143059543 16.9456943691 213.459595098
-517.155913974 949.434161088 13.9053553871 212.537531758
-542.688056637 933.351547523 10.8580263555 212.107503156
-567.367740874 919.237021859 7.64337728231 211.623719191
-593.832589062 901.799832412 4.83062521309 210.532134872
-616.201922421 886.233231382 2.21381463596 210.782650919
-643.259550895 869.291499551 -1.40328789911 208.534708853
-666.579253461 849.480369833 -3.99518232118 207.322596153
-688.995448601 832.201446792 -7.0646995887 206.818892141
-712.291636578 811.229438478 -9.68093611948 205.138244496
-731.770684388 792.768637545 -12.216928403 204.915545803
-755.754176352 770.54088595 -15.4889765963 201.983528311
-774.570661162 750.911151704 -17.6780635142 201.728986324
-797.689797949 729.315685531 -21.2436877409 199.318316197
-818.030474102 705.343182755 -23.3685186526 197.410750233
-834.769316598 683.816922378 -26.0100154085 196.978511118
-854.605199578 658.924987773 -29.1872619146 193.076338937
-870.674038968 636.556132855 -31.5513124681 192.265387414
-890.77057679 612.361806817 -34.6035509341 189.558183634
-907.199669235 587.560102995 -37.8392610378 186.286259057
-923.417098992 560.627596665 -39.8463479853 183.139609863
-936.471844711 535.662788362 -42.3318372164 181.286091437
-953.339109842 508.780281889 -45.3893608352 175.965323487
-964.104974752 482.916835901 -47.6464227645 173.346318425
-979.530158737 456.984595385 -51.4392277301 167.817873545
-990.883673449 429.660852151 -54.0067818936 163.484470439
-1002.31238178 402.07151505 -56.4389102926 157.87513754
-1013.31282656 374.13706881 -59.3762234758 150.625157441
-1022.60552518 345.830435053 -61.9880645878 143.726318461
-1031.87176041 317.380828918 -64.4138485649 136.226129332
-1042.73460521 287.654144029 -66.776491926 125.809171668
-1049.56319199 258.959052409 -69.0038306081 117.275600208
-1056.03530805 229.516247062 -71.0099611617 107.026575892
-1061.98715281 200.176601193 -73.3039040451 95.0879403533
-1066.40567551 171.140755453 -74.7894313576 84.135500096
-1069.60051138 141.054907843 -75.7141168723 71.1742059267
-1038.85483509 149.415560689 -72.0016331517 74.9576106907
-1034.15126897 178.992630567 -70.2516484163 88.2955992935
-1030.1482943 208.397798379 -68.4454179054 100.452022132
-1021.36242547 237.309236612 -65.7744033001 110.88613697
-1014.60788315 267.470744275 -64.6434286563 121.93568038
-1009.13794064 295.7647501 -61.9450401109 130.354131825
-999.474867063 324.329086628 -59.255740845 138.097073639
-987.490561981 352.527913974 -56.2578850853 147.335920074
-978.305676639 381.934410674 -54.1828272604 154.30055555
-968.176900766 408.303886981 -51.2625617294 159.009502153
-953.483253333 435.937582938 -48.2342305857 166.187340811
-941.910103095 464.14930517 -45.9743376768 170.766301395
-928.683428221 490.916882988 -43.4428110834 174.539471206
-914.792552568 515.688338634 -40.0700708127 178.199875817
-897.337482495 542.373164552 -37.2506027725 182.957269428
-880.881507283 567.903268781 -34.8690663406 185.286564426
-866.897517204 593.55566824 -32.412482874 187.882596826
-850.059079961 616.320506405 -29.0542019049 190.111211012
-832.278911088 640.294668944 -26.5642058018 191.889004153
-811.19328938 664.935751595 -23.4833193015 195.17279687
-794.519808328 688.379198554 -21.0643426267 196.793807085
-774.503268022 709.137951495 -18.3717150106 197.608604087
-750.924785438 732.449575799 -15.4048162743 200.729318793
-732.125759343 753.484629687 -13.0545429548 201.772562521
-708.451362067 774.029397972 -9.9144082605 203.235766871
-685.958404271 794.032712125 -6.92589256565 205.062555568
-665.327835969 813.71552167 -3.95233212665 205.703941446
-640.768055065 830.764205041 -1.36001261504 206.082583446
-615.907450697 850.055261387 1.72639963353 208.368377188
-590.568136182 867.140771046 5.06307193744 209.342296453
-567.591378937 882.483805121 7.69824280885 208.80751029
-542.673843015 898.433037827 10.7473337548 209.906510152
-515.34225046 914.86282145 14.0657243433 211.888938229
-490.518026153 928.116357868 16.5340135884 211.159086006
-461.871221442 942.737843188 20.1399750871 212.873489077
-434.555813916 955.551601327 23.6579426611 213.366576881
-408.750615427 966.55282793 26.047030895 212.725106089
-381.209876109 977.707436106 29.5511732389 213.087266586
-351.413224113 989.015523157 32.9657900903 214.108782049
-325.48923405 999.569072495 34.8217402329 213.584487752
-296.144069805 1007.78822231 38.6797872985 214.032840185
-267.579894403 1015.32941275 42.2548559512 213.640101766
-238.518055167 1023.39359792 44.8629175979 213.792176131
-208.770807394 1028.58825574 48.8072084093 213.492749888
-180.424299612 1034.74804951 52.2068016866 213.369415005
-149.74873591 1039.03016842 55.2255508047 212.990586172
-120.384470264 1042.94902013 58.8888124602 212.666527693
-89.4313347006 1046.40643991 62.4687852328 212.927019511
-60.0680481808 1048.51297566 65.4414374468 212.150711542
-30.0488090357 1049.98843296 69.0330635234 211.321363372
-0.376459737699 1050.28481055 72.8910357268 210.372333202
1.29276657719 1050.06094336 72.5017114168 210.710391097
1.1330542855 1019.64998923 73.3721553155 208.982585548
-29.9942310138 1019.84844766 70.0267770659 209.779612308
-60.5727004263 1018.24434739 65.8787954909 210.037489491
-88.381362886 1015.81002561 63.1291564646 211.064719324
-119.66209191 1013.28284806 59.5180275015 211.287205398
-149.651175127 1008.90772145 55.6707968326 211.104979743
-177.272355196 1004.1675244 52.870429481 212.108431373
-209.253438526 999.070804646 49.6002477942 211.962142895
-238.383758474 992.878998855 45.2067255775 212.116973214
-266.966622526 984.075365061 42.6499751503 211.975854991
-293.710843731 976.65595438 39.8679454741 212.693672
-322.570588471 967.400736878 36.2091485508 212.419698634
-352.96444498 957.988907487 32.9724138329 211.690108937
-380.591674175 946.05438763 30.1520732841 211.444346366
-406.442742352 935.600693931 26.1554925057 211.817734918
-435.571989026 923.133502636 22.8121312243 211.054447575
-462.080856154 908.819759719 20.6406802233 210.154905442
-489.670181946 894.899705656 16.7957553223 209.25202617
-513.153824385 881.520250942 14.2141340741 209.739728187
-541.338246551 866.263151273 10.7657623901 208.616309959
-566.411568281 848.359069356 7.63347463981 206.931713112
-588.935662922 832.749221667 4.77065019758 207.118799314
-614.499798535 815.246538694 1.63776526308 205.602917442
-637.930695385 795.308415521 -0.936587592656 203.769470868
-659.18509419 777.337996948 -3.78799854284 203.706970947
-683.340041253 758.140784302 -6.59544812451 201.905200645
-705.40230144 737.723498243 -10.0852674398 200.111188154
-726.752590575 715.22350364 -12.3385508637 198.752426703
-744.985009019 694.842221104 -14.8476246592 198.048079503
-764.704096165 672.340401574 -17.8355979142 195.809554102
-787.587389956 650.037386868 -20.8985459476 193.664141412
-805.525369907 625.134580705 -23.2121453497 191.523533631
-821.393184229 602.301955403 -26.3625425131 189.700604323
-841.037355515 578.336243564 -29.407801647 186.642402931
-857.767501529 551.900760123 -31.7133752769 183.751112232
-873.98452649 526.491049013 -34.3039022903 179.730771942
-886.366345885 501.436140104 -36.7811523119 177.874759983
-902.264247051 475.98191879 -39.9920975653 173.644649764
-914.483749296 448.172436578 -42.6386518662 169.054627241
-927.403281837 421.00161245 -44.8198974622 163.769881982
-940.250357798 394.804087437 -48.373554817 158.389539297
-950.519539073 365.682078471 -50.2357106661 151.357185528
-960.898023688 337.472606699 -52.7548403074 144.458810531
-970.35409114 309.054705431 -55.5155952352 136.109063192
-979.101096877 280.514761739 -57.9304428426 127.422272315
-987.819508288 251.454010209 -60.4503149604 117.412137684
-995.978920206 222.578323063 -62.9645173743 106.237806187
-1002.06590887 193.392657083 -65.078230977 95.0473735685
-1006.62737249 163.802540056 -66.7504794371 83.3246787966
-1010.80001751 133.682749469 -67.6784079813 68.2989424846
-1013.88112754 105.08261308 -70.001900918 55.8364385771
-1043.05371803 120.097959942 -73.8289599773 62.0518368284
-982.348285916 118.92055699 -64.5705904176 62.5528575129
-987.004387063 89.1087307178 -65.4513485694 48.0944055068
-978.480934215 149.178742747 -63.5169493806 77.6624894192
-973.851396813 178.099576015 -61.2270412451 89.7188447344
-967.498181266 208.153756352 -59.8448635856 101.878542555
-961.135613982 236.752638716 -57.2850059178 112.901529418
-952.638664895 266.061701467 -55.2708289529 123.569672448
-946.173023052 294.332615026 -52.8369202121 132.210802945
-934.684322451 322.604644972 -49.5866315841 141.901041447
-925.444806409 351.934848776 -47.927002117 149.060173307
-915.512511612 378.557632505 -44.7625149428 155.069645969
-901.240115025 406.037559572 -41.6426914628 162.243836463
-888.393336496 433.271266899 -39.2539937897 167.027410841
-877.324648063 461.004700341 -37.1004102158 171.683557732
-862.852959912 485.796257525 -33.5636867939 175.435377184
-847.697740795 511.496381864 -31.0247509235 178.806250475
-829.655450259 537.641171582 -28.1973211713 182.919127207
-814.963310287 563.18670283 -25.868042218 185.866188743
-798.169978683 585.726330796 -23.0359038071 187.270576976
-777.630501645 610.896740302 -20.3191492992 190.833190448
-760.990731926 634.460701226 -17.7088236776 192.868561146
-741.269459436 655.697546985 -14.6635595941 194.144108358
-720.896928289 677.829217334 -11.8511388897 196.031735415
-698.104218942 700.35025155 -8.8160969005 198.625829667
-679.411358837 720.05927426 -6.39138827674 198.730504798
-657.484967499 740.163129263 -3.70372496758 200.469307971
-631.794183971 761.211814027 -0.501841659571 203.0359644
-608.985088723 779.66102764 2.46298534499 203.612222968
-584.32489097 797.636205078 5.52291779333 204.949746702
-563.03195235 815.47612752 8.20673063472 205.413995311
-538.19230366 832.12087786 10.9173731371 206.190057434
-512.765644727 847.913413484 14.2632106763 207.040731794
-486.482596183 861.665489297 17.8373706138 207.572674703
-460.598738233 875.950307076 20.4895533035 207.984920165
-433.913186693 889.574303696 24.0329023502 208.791667011
-407.395954801 902.016256374 27.1951174212 209.308884602
-379.297864399 914.143446778 29.6475322876 209.388860205
-351.238226638 924.947862966 33.4934354507 209.936289679
-321.274905495 936.143890216 36.9291045242 211.009104832
-293.155923152 944.961579626 40.0557453065 210.936347688
-266.288304987 954.200662104 43.0846013675 210.506421003
-237.494363065 961.763861222 46.6073988545 210.473439094
-208.569390164 967.831505473 49.4617289425 210.073113404
-178.613520019 973.460746008 53.3173976167 209.869912678
-149.853275487 978.85090442 56.9482035778 209.549799648
-119.41589163 983.178124995 59.7374798802 209.432157569
-90.1967753823 986.424812831 63.6378237382 209.044810614
-60.6147360635 988.302971867 67.2852973848 208.317676417
-30.481828988 990.299510616 69.8734908513 207.787950245
-0.278913388313 990.177720582 73.9195499211 207.048105691
0.356840896124 989.835504171 74.2830819229 207.260969507
0.818883463334 960.312145941 74.7976824556 205.704241568
-29.9960140915 959.246867701 70.5891648666 205.73722909
-59.1571251532 958.2836451 67.0551972715 206.989560072
-88.966146367 955.707973203 64.2828442003 207.209984955
-119.909087002 952.522432127 60.8324692476 207.772233948
-149.215343388 948.789919311 56.2879950244 208.392174557
-178.10062375 942.818308967 53.7118480017 208.267753278
-206.278253215 937.176694997 50.6294223152 209.120652789
-235.022827121 930.445635509 46.5134925228 209.124808737
-265.870036432 923.094393305 43.1264173522 208.924421733
-294.857504738 913.836107903 40.2419495144 208.738017815
-322.051002714 903.919804709 36.9785636513 208.602523064
-348.095246215 893.977150528 34.0018238967 208.8397704
-378.710945054 883.360555582 30.4241526029 208.281136197
-405.941705404 869.930365859 26.7037793283 207.221732672
-431.075678287 858.089363057 24.0169240144 207.808569825
-459.735712804 844.638744039 20.8674686793 206.693774579
-484.812497314 828.13416783 18.017714568 205.505473944
-508.260761411 813.60765335 14.7728231518 205.819754471
-535.63223709 797.95995328 11.8626613951 204.497873133
-558.213347806 780.575410108 8.26465468382 203.586984646
-584.30873529 763.092595916 5.27419751852 202.266323038
-607.349568731 743.317273306 2.70741751894 201.030544412
-629.440264008 724.414032493 -0.0285289231612 199.755056709
-649.948778848 705.329121722 -2.895853217 199.076796721
-674.537959844 684.688915968 -5.99702054915 197.158608142
-694.862367955 663.640282917 -9.13633720783 195.089822251
-715.24356345 640.304007616 -11.6382864768 193.122646783
-732.16627453 618.774091691 -13.9374789818 192.310186393
-753.437387338 596.150054751 -17.3374218562 189.529640635
-772.076134486 570.884836428 -19.712557683 186.642714332
-787.387372981 547.267734163 -22.1435820364 185.022311969
-806.473241948 521.771503254 -25.6133315641 180.68274305
-819.862950243 497.134075236 -28.1261046876 178.284646523
-836.660514013 472.135505563 -31.0918307528 174.483055848
-850.44824958 445.863548335 -33.8077349719 170.524463927
-865.065136212 417.956947009 -35.9571299202 164.293851873
-877.315651045 391.012847485 -38.6745563034 158.898409586
-889.501751554 363.617473103 -41.304757349 152.508320167
-900.531846755 335.833612675 -44.2744065443 145.05672194
-909.773602283 307.786442162 -46.7383930324 137.538934197
-919.225519644 279.448899037 -49.5142688798 128.908153032
-927.370716573 250.755960417 -52.0362515752 119.474283637
-935.327918804 221.822399823 -54.5774244758 107.878435909
-941.186369747 192.623524128 -56.5342802487 96.5093171614
-946.220935021 163.205064268 -58.0829612797 84.4954607843
-950.806895661 133.751225999 -59.6486243134 70.6376096649
-954.639739348 103.753971598 -60.6017814215 56.2802942139
-957.178447324 74.4298416053 -62.2375885288 41.9428074776
-927.639633492 67.2948952209 -57.8931359993 39.1680316341
-925.316260498 97.0809928092 -57.0687167453 53.1401733195
-920.682787301 127.119801062 -55.8754125959 68.4705122436
-916.994917123 156.404251148 -54.2161720253 82.1064655123
-911.013318186 185.670326124 -51.9552722509 95.0996662139
-903.733423548 214.854508903 -49.8075943253 106.903987145
-896.558578868 244.902299895 -48.2990471188 118.749490113
-889.889288946 273.008822297 -45.3217023247 127.844997392
-878.581589695 301.1716785 -42.2276979019 137.711499043
-868.859789564 330.643939449 -40.4446698799 145.370671447
-857.06569839 357.394188022 -37.1838857683 152.805097542
-846.560483371 385.888919904 -35.2020304966 159.157889809
-834.584649827 411.820121629 -32.0319101276 163.807914485
-818.679679833 438.697841698 -29.1900611404 169.982091893
-805.152693707 465.839408096 -26.7790333669 174.11727855
-788.243860833 490.594183819 -23.914101406 177.984331207
-773.346885948 516.844006905 -21.5586674766 181.157350945
-757.535252379 539.934892557 -18.4595162028 183.817508643
-736.318196893 564.930128219 -15.4021197312 187.680952465
-720.993308357 588.912872022 -13.3748663934 188.754147349
-701.288093858 610.310086611 -10.2012351512 190.644292759
-679.275071196 633.736030478 -6.93703031423 193.646759508
-658.281469829 655.337701961 -4.70599130424 195.104527442
-637.316211476 676.331557317 -1.52729855345 197.006550218
-617.113043885 696.738541082 0.86617682706 197.990461215
-595.51847518 715.200687051 4.26943631499 199.063454413
-570.290629608 733.662076881 7.15391889652 199.722864876
-545.415984883 752.923274737 10.3042628632 201.956036094
-520.334916878 769.972627626 13.4709707861 203.355979603
-496.148508563 786.502556203 16.1476701353 203.928893788
-469.62010776 801.849441345 19.5012906463 204.652139027
-445.618024588 817.064318 22.5643365386 204.982657448
-419.753267961 831.114157973 25.5639496326 205.818310074
-392.487677186 842.989955886 28.6966998263 205.550541659
-364.447923079 855.091968537 32.1889829127 206.112420935
-335.392061285 867.093739671 35.5999836391 207.343033836
-309.99013418 877.234774901 38.1439467235 206.464922361
-278.73020331 886.793094657 41.8209581807 207.765750319
-249.992693099 895.248241871 45.5145823563 207.778292744
-221.320979934 903.063986877 48.92971007 207.934324032
-193.821908528 910.016343634 51.823554009 207.016971843
-164.274501231 915.76875282 55.7290035999 206.61069998
-134.832656085 920.41618217 59.2890185441 206.157650012
-105.056295398 923.89834549 62.0603381979 205.60257082
-73.3505419666 926.390341378 66.2292269598 205.606828168
-44.054252379 929.28316683 69.7944076479 205.171605846
-14.7083066216 930.102819348 73.796842063 204.379514954
-0.113629662189 930.567675119 74.95805384 203.641358623
-0.810961462427 900.579258521 75.5955262538 201.688403131
-28.9988697683 898.986146982 72.5213114418 202.920913353
-58.4359138209 897.603079729 68.3493142442 203.523885358
-89.4828994296 895.774903395 64.7856495263 204.260589922
-119.287779635 891.943718573 61.3657759934 204.386068618
-147.974064148 887.436534708 58.3052450044 205.048697061
-178.79128195 881.809088392 54.2177780703 204.777694357
-207.135838175 875.904460202 51.2715428432 205.431592897
-236.623973961 868.961536812 47.5918456023 205.613786883
-263.740789679 859.859904206 44.0105428842 205.648869332
-293.928007698 851.469012187 40.4792988455 205.119172261
-322.27984732 839.952691324 37.4468886675 204.647916768
-348.866368675 829.383269963 34.5036332638 205.194573741
-375.213774787 817.324097844 31.0108306415 204.645045664
-404.777359941 805.106422542 27.4726077993 203.908867286
-431.281612769 789.842586104 24.5825120091 202.97675613
-454.693723712 775.878450554 21.2719047165 202.818378919
-483.551046688 761.184611251 17.5131970028 201.825681907
-507.370892636 742.885103546 15.377417631 200.275192313
-529.984739632 726.768716853 12.2457748126 200.244562423
-555.904079744 709.183040043 8.66802685812 198.44043034
-579.122077478 688.908809264 6.11889135854 196.992577397
-601.281824615 669.011155675 3.06442437638 195.147566015
-620.821395217 649.76858422 0.543065243533 195.081450032
-644.841014131 629.259981483 -2.78967721665 192.844707589
-665.644205897 606.024830749 -5.46035266295 190.438338399
-682.653580095 584.470952026 -8.09968644314 189.20815267
-704.271270031 561.902543905 -11.1700015993 186.705572387
-722.400512657 536.75805195 -13.9900860652 183.348761109
-737.421857499 513.361830441 -16.4353808636 181.651259081
-756.353231624 489.075659488 -19.6634968581 177.856222713
-772.330001456 462.469733441 -22.0604232191 174.009248911
-787.194844995 436.548496573 -24.8005881138 169.135208489
-799.27797924 410.389717892 -27.2179013374 165.714323342
-812.578290814 383.613765541 -29.927880042 160.101605094
-825.794098196 357.283871715 -33.288638578 153.187652434
-837.616284498 329.593670741 -36.0647840613 146.384109748
-848.220196637 301.486804241 -39.0436155706 138.556898292
-856.254546342 273.071074948 -41.3430140582 129.935214948
-865.473646181 244.223282905 -43.8202193813 119.087175985
-873.191528062 215.198887939 -46.0778240363 108.149719858
-880.011650151 185.994010512 -48.1782120309 96.753249237
-885.692843884 156.39832529 -49.8803277524 83.4738205857
-890.691547302 126.491373354 -51.181129127 68.5873691341
-894.932056283 96.8991319816 -52.5517304848 53.5939676823
-897.702438644 67.1051083063 -53.5122261336 39.0102513388
-867.748766226 66.9443283278 -49.2271628547 39.0647677505
-864.672443714 96.7481621903 -48.3944229177 54.2319570513
-860.626137272 126.390015558 -46.9674375749 69.3824259878
-855.304691908 156.16940163 -45.5767755585 83.8525596492
-850.830603046 185.254688575 -43.7303888795 96.8981063742
-843.214763491 214.245932866 -41.4030999501 108.738975619
-834.938813786 242.776988427 -38.7063622109 119.72049966
-825.999817581 272.222613691 -36.944962096 130.401221341
-817.742630764 299.91854935 -34.0628060951 138.87504092
-804.59768899 327.459034297 -30.7504943432 147.065474122
-794.073828356 356.085673245 -28.830539761 154.200197139
-783.047730091 381.912312641 -25.6104873492 159.638831404
-767.550074333 408.588427314 -22.8971335251 165.3712305
-751.65750154 434.965526391 -20.0141054034 170.66952605
-738.355747921 461.444302284 -18.0311622262 174.506729071
-722.060217357 485.212706903 -14.5649674631 177.629895168
-702.844937205 510.254917848 -11.7441444858 181.309264138
-687.2110195 534.824323511 -9.62437801585 184.105359538
-668.896750641 556.638785099 -6.42294395108 186.076969099
-648.144984879 580.523751755 -3.87258123096 188.545280276
-628.789854652 601.030038558 -0.676521621181 189.956740113
-605.505477393 623.268204174 2.31999295534 192.902481627
-583.666390371 643.974783878 4.84276530862 194.296850207
-561.199299655 663.606713485 7.74168738724 195.939193987
-540.299228417 682.96819243 10.6568597461 196.637619078
-516.504376061 701.158485323 13.85101435 197.961692051
-490.378622058 717.992546932 17.0140818945 199.074604596
-464.737733029 734.153839898 20.4573102994 200.477449065
-441.962611413 750.403118129 23.1160912514 200.720811721
-416.424368872 764.496212506 26.3452379175 201.105427497
-389.471372191 777.904866501 29.7398397064 201.426337635
-362.260028824 790.80030139 33.1787236154 202.071705088
-334.870036644 802.800160715 35.9234832084 202.669953135
-305.877431376 813.937453413 39.3604853977 203.710492204
-277.656665993 824.176144456 42.9206417679 203.70298595
-249.060035442 832.937238156 46.6266220965 203.885522446
-221.829230218 841.822510414 49.4162446192 203.116457982
-192.2927022 848.481430923 53.1840210315 203.152223658
-164.046956745 854.72557891 56.72866737 202.969969603
-133.579867794 859.508621298 60.0674452332 202.842339273
-103.535121898 863.646691798 63.4815700841 202.548220918
-75.8456581483 867.282280905 67.1354999364 201.68718798
-44.6556788938 868.465985285 71.2730972892 201.330447259
-14.1259379787 869.37348054 74.6107574027 200.711657844
0.680397379057 870.340134381 76.5249119088 200.120209787
1.16830269117 1140.01666701 71.5170801353 215.356801099
-29.5418241891 1139.7092551 67.5236730002 216.392565733
-60.255891479 1138.93560057 64.5166842108 216.707646878
-90.4987034186 1136.57013145 61.6964086083 216.576092917
-118.889090614 1133.47976302 57.5332398339 217.96280035
-150.21881621 1130.86303571 54.5423463093 217.787218496
-179.508825098 1125.7110542 51.8333385586 217.835414296
-209.097698697 1120.45663263 47.5305904413 217.967806361
-236.587141108 1114.51483064 45.0015239558 218.991106489
-267.210667939 1108.47034849 41.9563961535 218.435210726
-296.716021234 1099.96716785 38.2588179758 218.037374536
-323.506953504 1092.92007781 35.3012941899 218.970170581
-354.760830867 1083.05476539 31.7348247838 217.914675074
-380.14685888 1074.26581549 29.2222204897 218.790926966
-411.089618253 1064.55276046 26.1836384128 218.054439062
-438.224692583 1051.53034817 22.6759642224 216.759818032
-463.956225552 1041.26265126 19.949126756 217.919413587
-493.975641558 1028.46685682 16.7980389655 216.806346481
-519.434899545 1013.79761413 13.5785377144 215.693424967
-544.112456588 1001.09657019 10.7296958036 216.432819615
-573.290798986 986.706710952 6.94737848533 214.942473852
-598.740556496 969.700381175 4.90689774816 213.768261179
-621.287059991 955.128939031 1.91468290932 214.750619103
-649.309688636 937.206664423 -1.49139513354 212.030859583
-670.399550236 921.126966515 -4.20130862089 212.191218469
-697.213768533 901.448168588 -7.66657605335 210.172470731
-717.065529819 884.604640803 -9.93763082639 210.318881788
-743.128873812 865.233219688 -12.8935493121 208.729069587
-765.943156691 845.588691254 -16.098655975 206.648610131
-788.484554098 823.445461562 -18.2691615198 204.975120185
-807.10862466 803.975424055 -21.0123803099 205.349130077
-827.287812379 782.720572708 -24.008972043 202.83883462
-849.706054238 760.448330149 -26.804168977 201.143707031
-870.322708264 737.883657743 -30.1173898109 198.953671994
-889.265953166 713.219571576 -32.0554038096 197.303657164
-905.442344889 691.010980617 -34.4596897079 196.342077745
-925.293944278 665.589075235 -37.4649059891 192.536672907
-940.597026289 642.155477576 -40.3060699984 191.516932796
-957.098231376 617.151764182 -43.0405619686 188.52016943
-975.387197736 592.105980593 -46.1580986339 185.562110363
-989.981315052 566.491484128 -48.6564934817 183.042465413
-1004.85183895 538.654874252 -51.1333496019 178.209932581
-1016.4101044 512.802406173 -53.4776554726 175.529964534
-1028.66475462 485.913326917 -56.0263129964 172.108659591
-1043.29626575 459.585399601 -59.7976839616 166.285934134
-1055.17940715 431.872788823 -62.3007166034 161.243032093
-1065.91177217 404.146090844 -64.7446284147 155.865655785
-1077.58351815 374.585984842 -66.9662658548 147.20579122
-1087.01698661 346.348841672 -69.5145777909 140.822733493
-1096.31551494 317.524744697 -72.0297232557 132.810092005
-1101.37586483 288.620290699 -74.0728623673 124.576168812
-1109.09556065 259.455641314 -76.4143236781 115.088976225
-1115.36238604 230.07452109 -78.6563667612 105.616037454
-1122.56535546 201.463442419 -81.8633984055 93.126377875
-1127.75448839 172.242833224 -83.4187638619 81.7440048046
-1155.83194115 192.647960601 -85.0249423513 88.9528699612
-1148.5734034 222.334084707 -83.5300674936 99.852652539
-1141.26466332 251.717612818 -81.5070513384 111.316113666
-1135.03386386 281.739478556 -79.8975768496 121.480005606
-1126.96370281 309.713525269 -76.9113261826 129.427559877
-1119.44422721 339.568601349 -75.1016741645 138.385411309
-1112.25555616 366.882575381 -72.0043398474 145.237276716
-1102.81510223 394.903849687 -69.6508702647 150.922923254
-1089.31219108 423.136016724 -66.6094316118 158.512079223
-1080.25792588 451.264383885 -64.2340463843 163.194740021
-1065.9876214 478.450948104 -61.100075631 168.761977329
-1055.52190874 505.694067204 -59.1009858703 172.934795476
-1040.3750681 532.411084332 -56.0847594485 177.33871771
-1027.70377303 559.039059921 -53.5070135387 180.551922941
-1011.28108024 585.261775297 -50.3492102565 184.407800015
-998.45521258 610.512591261 -48.3049090113 186.622756286
-979.613281156 636.554802583 -45.3750509479 190.447589029
-965.781719697 660.470203495 -42.8444490359 191.681155055
-946.21940923 685.569241504 -39.9761578253 194.982309481
-930.541528218 709.987238881 -37.3772308952 197.030112921
-910.440517551 733.3506164 -34.8052289944 198.671357453
-893.677749666 756.681983895 -32.0973570783 200.330211997
-874.088912785 777.402215648 -29.1363561895 201.62007511
-851.327359253 801.279357373 -26.623902143 204.197911086
-830.106648679 822.658052259 -23.3612623363 206.019789618
-812.175893885 843.518594408 -21.4192709916 206.193897411
-788.997627722 862.557348699 -18.1428246395 207.721228032
-768.243841027 882.293023819 -15.9271895643 208.586968425
-744.923764148 901.774349906 -12.5588103303 210.004247433
-720.024487179 921.279563608 -9.74677231056 211.601436425
-697.297842199 938.546294986 -6.76155623607 212.097972902
-670.398330025 957.558627503 -3.90477814823 214.255997462
-646.326220714 974.223454715 -0.810452159034 215.210126653
-622.277387889 990.51206217 1.77339742072 215.720063313
-598.491510811 1006.12678264 4.65726397005 215.875069037
-572.206155075 1020.99369664 7.81204071902 216.811813331
-545.956338982 1034.05874025 10.6831396789 216.578909055
-519.939162199 1047.96860828 13.8478999748 217.621807319
-490.82556528 1061.82596673 16.2120558676 218.786985885
-464.424455891 1074.4284646 19.840744149 219.528380202
-437.54577005 1084.81350261 22.8209003023 218.710817704
-410.255920511 1095.28843899 26.3029507684 219.138691407
-379.704112594 1106.64014186 28.6264647687 220.172709535
-350.861481888 1115.28577274 32.3817680793 220.264304705
-324.969471726 1124.63384932 35.6652351518 219.778390275
-296.024476359 1131.49037625 37.909432008 219.439488197
-267.307906074 1138.45192613 41.5596975427 219.588901187
-238.610914052 1145.60506434 44.8545086969 219.82704345
-208.826923489 1151.65324287 47.250744799 219.454963816
-178.695977876 1155.93788847 51.0680002954 218.83558848
-149.791443872 1160.07014932 54.7173945217 218.692659324
-118.409246334 1163.91404466 57.0961015969 219.00525353
-88.7820554427 1166.53188017 61.0888623815 218.573407431
-59.4538432126 1168.61760207 64.3161111039 217.69598676
-30.8305567866 1170.3322509 66.6040566715 217.145385343
-0.557772343673 1170.13339072 70.6059337461 216.573279618
0.764332714043 1170.41236955 71.1757314295 216.831742725
-0.97236905851 1200.34492341 69.3688906302 217.848242308
-28.7361361079 1199.28810035 67.0141609413 219.112525422
-59.9781274532 1198.51587529 63.261542456 218.987640612
-88.2057185723 1196.76096732 60.4439297886 220.130634155
-120.09871797 1194.28315223 56.8427384244 219.727079182
-148.123619697 1190.79506423 53.9038503668 220.724261258
-178.426019874 1186.56059362 50.7285760884 221.026003695
-208.90482519 1182.26937092 47.3441767183 220.834358615
-239.140980658 1175.99319485 43.8931755697 220.713553554
-265.19003432 1170.1642194 41.2911675595 221.706168522
-296.643964121 1163.25913839 37.5570075831 221.242165026
-326.01848923 1154.50359179 34.9288429357 221.057321089
-351.947979834 1146.64072896 32.0172846727 221.757577523
-382.908250647 1138.01054843 28.8714230146 220.945163164
-411.08208281 1126.93259149 24.9939030043 220.279759276
-436.767762251 1117.46709746 22.9077525713 221.166309079
-466.585125429 1105.38970627 19.4946604181 219.941482405
-491.606615035 1094.38538013 16.7829856217 220.504044969
-521.602837515 1080.84789351 13.4032974815 218.982380312
-545.462489195 1068.48348908 10.8102730416 219.567844597
-572.21562796 1054.35196953 7.54403953416 218.494797597
-600.587486712 1039.72560529 4.50604902618 217.724469417
-626.837702079 1024.20611231 1.39660519972 216.548314315
-651.089547929 1007.07085179 -1.07972318163 215.684283822
-676.105422471 991.02414652 -4.26356415791 214.969109369
-698.437509897 975.113281213 -6.95724202629 215.119808601
-725.451883689 955.672169019 -10.1966110414 212.812708235
-746.117932615 938.765252002 -12.5541685866 212.998289752
-772.251913958 918.167062582 -15.6904266737 210.354885063
-791.25406776 900.485703847 -18.2322522664 210.582985347
-814.245806863 880.425009855 -21.741764008 209.088697699
-839.013727395 859.676094151 -24.1662730844 207.446114713
-860.02495649 838.288687232 -27.4871009203 205.448093787
-880.021762775 815.145458468 -29.0453154482 203.841552216
-899.805902298 793.481702817 -32.1296362511 202.186158687
-915.911395528 772.290070027 -34.6934278125 201.604967961
-938.548675334 747.909785242 -37.6553912797 198.782983678
-954.431127459 725.219511742 -40.0184532074 197.777774415
-974.612732694 701.123977607 -43.2024574896 194.877871224
-992.234912283 675.007159741 -45.3220996987 192.434167887
-1004.84609208 651.738516792 -48.458433317 190.570180555
-1023.96988307 626.524388732 -51.0875992588 187.61414839
-1039.89979703 599.089946209 -53.5642048062 183.79981442
-1055.06443479 572.9251552 -56.171629377 180.785424329
-1067.50376724 548.257523803 -59.1894661999 178.077744718
-1082.262094 520.04311391 -61.5343814769 173.778499619
-1094.88971933 492.913913491 -64.325267795 169.388324042
-1103.66863537 465.933827899 -66.6067823248 165.590228394
-1117.42285996 438.401364303 -69.7210338912 159.247135307
-1128.97516819 410.195234931 -72.1907624473 153.266215312
-1138.69847179 381.863701018 -75.0906614899 146.845121828
-1148.13349451 353.275281693 -77.6837344692 139.958957749
-1154.59901008 325.497459051 -80.4408706644 133.01905447
-1162.65861985 296.731744607 -83.1546308654 124.20612217
-1169.25601561 266.915200669 -84.8490840065 114.701200333
-1173.66856053 237.300731225 -86.0159580994 105.508000301
-1180.38975488 207.931447847 -87.9493134071 95.4818772299
-1211.71115892 222.80875179 -91.6931465754 97.1344232125
-1203.65406682 252.18977901 -89.3085154164 108.756978846
-1196.39258525 281.867685182 -87.5605090555 118.415845334
-1189.70949478 311.770478686 -86.1892130737 127.585453886
-1181.64912178 339.558769343 -82.7867847616 135.048648203
-1172.9354075 369.667123131 -80.9174932446 143.268051514
-1163.96186885 397.726989654 -78.1519360121 149.749188934
-1154.82512985 425.03638627 -75.307783213 155.472343129
-1143.30173281 453.096945166 -72.4148547965 161.220061183
-1130.50244079 480.975525761 -69.5465062859 167.047024008
-1118.31636178 508.38119414 -66.9589794819 170.867706719
-1106.96420804 536.711746681 -64.7467666246 175.447966158
-1094.07486924 563.209263279 -62.1256914689 178.515460651
-1080.56279605 587.997537518 -58.888021956 182.143652368
-1063.42537809 615.330219435 -56.4695936137 185.421068264
-1051.04253787 641.059028699 -54.0035955504 188.258815997
-1032.99482989 666.237637709 -51.2669879177 191.042036551
-1017.985744 691.788486614 -48.6239456233 193.612622371
-999.983089422 716.065252596 -45.8552656729 195.288264204
-983.398294056 740.42765783 -43.068862998 197.80703485
-965.293988416 763.714620439 -40.8064699771 199.617836716
-946.071134476 787.320107627 -37.5988288546 201.435709738
-926.926356622 810.055269489 -35.5844172148 202.822974456
-906.657069236 830.81685942 -32.1427963163 204.553043211
-886.155528525 854.159841183 -30.1967411986 206.000268459
-865.400482991 875.435829236 -27.2212968659 207.767011305
-843.798166923 895.668484645 -24.3816991991 209.092975243
-821.090623866 914.97855533 -21.0073254572 210.469199484
-798.485663153 935.936797116 -18.9224777903 211.662582859
-776.27094531 955.37636645 -15.758995668 212.916158085
-751.318271149 972.583928933 -13.1121487074 213.394395837
-727.6435165 990.735997053 -9.69605210567 214.674131051
-703.181786582 1008.11837193 -7.25856061096 215.364302226
-679.497929823 1025.13697633 -3.97413193303 216.665952661
-650.904266868 1042.86028538 -2.11697530746 218.32535948
-625.433620022 1058.21519555 1.66122691309 219.138346489
-603.423976092 1073.11458504 4.10580733184 218.914857604
-576.882387795 1087.46971988 7.3285682404 219.79637592
-549.224049092 1099.8702482 10.1182502865 219.835104877
-523.022087437 1113.16564826 13.5053322944 220.288624194
-495.360528182 1125.02250737 16.1330476027 220.529316751
-467.856919122 1136.92722478 19.4624421424 221.631423792
-440.069181057 1148.04473436 21.7816469309 221.472502224
-411.665899663 1158.4276599 25.4394017347 222.066308287
-383.171438585 1169.29910345 28.0181224957 222.448604119
-354.935894309 1178.02241073 31.5038012584 222.700550074
-326.344347277 1186.42580753 34.315450964 222.510425126
-297.454111348 1194.25275968 37.4173508341 222.773172791
-267.2883027 1200.82445539 40.3712608038 222.926582214
-236.919101799 1206.80428567 43.9528595573 222.995032612
-207.448953427 1212.26245071 47.058378151 222.830505121
-177.593855449 1216.80763969 50.3101482489 222.610037646
-149.36816146 1220.50892604 53.0714265316 221.948656242
-118.643625093 1224.5280876 56.6719690422 222.003478079
-89.8504999617 1226.67787037 59.5263051605 221.028509512
-60.3874258889 1228.30305228 63.0385618588 220.377318689
-28.792128008 1229.57050858 66.2097143124 220.195581171
1.54815095927 1229.52919316 69.6582944885 219.984877444
-0.462693690346 1230.59923547 69.339138793 219.442367647
-0.731324306238 1260.23008868 68.8528600417 221.030256102
-29.8084312758 1259.24845737 65.6042085605 221.607100997
-59.4127664372 1258.91901685 62.6276994644 222.480416209
-88.769219886 1257.04097591 58.5337318755 223.135312398
-120.287540668 1254.64608519 56.1152582941 223.163174698
-148.006040306 1250.7378937 52.6008987421 223.895463087
-180.005492169 1247.77367393 49.7805334506 223.677881907
-209.404227302 1242.90852863 45.7410659777 223.852869453
-239.028143224 1236.45214723 43.6216995181 223.678820758
-269.342512346 1231.9533794 39.7922897292 223.924259682
-298.416616339 1223.7451271 37.1886384248 223.801199153
-327.084663316 1216.88986065 33.4347232368 223.957953682
-353.406795199 1209.38946221 31.4076537361 224.84857419
-384.606825811 1200.53582046 27.0978176379 223.894616827
-413.039724482 1190.03683841 25.1633625621 223.634181711
-438.525673839 1180.85387162 21.4952880197 223.998580284
-468.849186878 1169.99821865 18.7887082804 223.094031148
-493.754245671 1158.64765722 15.8052036019 223.187026928
-523.599487223 1146.64037966 13.0751019422 222.409377406
-550.777032506 1132.39517147 9.81107101651 221.190378397
-576.372650491 1120.61300535 7.26570143176 222.091268416
-604.5065663 1105.0458571 3.67919404597 220.298847683
-627.214194785 1091.7027079 1.65734512096 220.789488726
-656.985979548 1076.4742782 -2.182246162 219.025009622
-681.160420566 1059.2196353 -4.37955122857 218.218711161
-704.24862314 1044.08117612 -7.74428609544 218.042666207
-732.302078623 1026.85852444 -10.2427646641 216.764642503
-752.638860543 1009.55798752 -13.1995838647 216.188045708
-780.03693016 990.791778407 -15.9112178217 214.809957044
-802.240973921 970.552635255 -18.7957508798 212.781670695
-822.266471276 953.036865172 -21.3774444504 213.202755871
-847.814563959 931.152704913 -24.1207948752 210.228874908
-867.760389512 912.491122502 -26.8475726043 210.687761709
-891.612132677 891.308740213 -30.2984694977 208.168824111
-912.409778993 868.428621368 -32.0357917667 206.568009395
-930.057137058 848.361284919 -35.3530851519 205.881459593
-953.26999731 825.675970542 -37.903650565 203.806179097
-972.243574596 802.860609611 -40.8992252059 201.657015758
-991.545257949 777.564726428 -42.7918499851 199.793547104
-1006.78149551 755.786361044 -45.9162589876 198.62774481
-1027.67403187 731.363488374 -48.7384857818 196.277297061
-1041.00769444 706.759884166 -51.2644089386 194.069532256
-1060.68338892 681.835826125 -53.9219666121 191.559065431
-1076.61203289 654.777449751 -56.641033577 188.022314655
-1092.0609077 628.9666788 -58.8975494329 185.524862123
-1103.82301356 604.125854535 -61.800021941 183.07604025
-1117.74426141 577.717229742 -64.2631402896 180.501293549
-1131.26245065 550.557372645 -67.1406733147 176.029738731
-1146.24188994 524.46526124 -70.2425430387 172.646656393
-1159.63829575 495.155336195 -72.6404535749 166.470462225
-1170.47723993 467.789969941 -75.1762052762 162.549585418
-1181.58570209 439.696712791 -78.0611579674 156.194016454
-1191.90495083 411.693202631 -80.2683382923 151.227158454
-1200.31440103 384.680538868 -84.1895263902 144.734425496
-1207.97907756 355.89887572 -86.3368396453 138.342378065
-1216.14898166 325.461256933 -87.7176675512 129.525613832
-1223.96688717 296.336764736 -90.1717510712 121.924279133
-1229.45685913 267.332071067 -92.0291745345 112.66174497
-1237.30116802 238.128723264 -94.2807870639 102.994979764
-1245.0321191 208.442263028 -96.7920783797 90.5743801536
-1258.53073776 229.41518159 -96.4350878618 98.7443750666
-1254.99288645 259.009988851 -95.2281228728 107.702551601
-1246.08072265 288.269631176 -92.9940471069 118.665598545
-1239.25331497 318.701726483 -91.9691830388 126.723003904
-1233.90666692 346.475781559 -89.0735093104 134.148419625
-1221.87865175 375.089483592 -86.2268562145 141.866581377
-1214.23482836 404.905115931 -84.6889043755 149.297401959
-1204.33544266 433.292919191 -82.0703991504 154.611652222
-1196.06357035 459.731256448 -78.7540125706 160.006166558
-1181.54796573 487.998807893 -76.028369506 165.313939378
-1171.53783325 516.651022796 -73.7255545411 170.305305193
-1160.5157328 542.146572006 -70.9475530176 173.177319909
-1144.82799722 569.761638054 -67.8063447812 178.50640468
-1133.09840112 597.151902206 -65.9603976796 181.014704988
-1119.84806515 621.443719633 -62.5728539792 184.117808117
-1103.81637238 649.279267734 -60.6100234417 187.145544503
-1088.79175116 673.209828332 -56.9388824009 189.672043356
-1069.73978368 699.985330802 -55.0398272884 192.949259003
-1055.97699055 725.042614674 -52.2680047198 195.145122738
-1038.2830557 749.506828749 -49.9520795106 196.821331239
-1020.97852369 771.905021863 -46.543416269 198.943733264
-1002.56713491 796.939930317 -44.7427400043 200.861607027
-984.057797092 818.352861397 -41.2372360342 202.695084066
-962.892867478 841.34408613 -38.8725318616 203.906150434
-941.258710799 865.541831373 -36.0231481611 207.057303514
-920.6509414 887.167583559 -33.6496854461 208.261545
-903.190304305 908.266832019 -30.929853535 209.387390986
-878.939580528 929.177148592 -28.4359606971 210.738311131
-856.379931611 949.679417091 -24.950855865 212.773499023
-835.920810782 967.758984665 -22.6684425602 212.488121286
-814.077481248 986.634435885 -19.7682825623 214.138571049
-791.854982137 1007.25761597 -17.8806078599 215.004073947
-767.495106166 1023.88133937 -14.1635069487 216.285735427
-742.984519036 1043.0498687 -12.1879598342 217.120692673
-718.730379055 1060.00492256 -8.39262406909 218.4041439
-692.101493526 1076.65187594 -6.42803583486 219.595842162
-666.55295622 1092.58831565 -3.11428395293 220.942982017
-642.119318259 1106.28482654 -0.356143653112 220.22096975
-617.429100212 1121.3746077 3.05950241361 221.297934191
-590.803897855 1136.21021225 5.18055419341 221.792959568
-563.008349742 1148.41229986 9.01947411336 222.564907191
-534.335259686 1162.83417328 11.2548409124 223.718061612
-509.85553171 1174.93291966 14.288908669 223.697532041
-481.816532301 1185.28756737 17.216781611 223.482530964
-451.556797748 1197.17114317 20.783810944 225.00884199
-423.297281602 1207.72818414 23.0672897011 225.141959401
-397.891953398 1217.22405465 26.2359459475 224.841503368
-370.089818417 1226.54402856 28.8587664192 224.972238342
-341.130898465 1233.87884035 32.9097466974 224.981793704
-309.32619865 1241.96398738 35.1746929897 225.594683308
-279.622439187 1248.60203985 39.0230481522 225.768924961
-253.00855819 1254.18505117 41.0554528304 224.404301527
-224.212239541 1260.06230061 44.8825063582 224.5984692
-191.65583637 1265.21822231 47.7282271673 225.526042055
-162.544068701 1269.3103447 51.4089337856 225.039480894
-134.955296165 1273.11172429 53.5552163142 224.050341987
-105.052277184 1275.98330953 57.3721684028 223.991093646
-75.3857871506 1277.61988973 59.7949493796 223.385523274
-45.5522231483 1279.13812222 63.6406145416 222.744518769
-15.3232763662 1279.6852947 66.4140314223 222.214546726
1.77174527544 1279.30343524 69.0012025153 222.435419916
-869.267061187 37.2744475844 -49.7493150853 23.179967922
-1212.68482404 192.988996946 -91.900141824 87.7658428763
