op_index,id_req,iq_req,id,iq,ud,uq,psi_d,psi_q
1.0,0.0,0.0,0.03610754487611705,-0.016338573409783962,0.08345283201479665,63.90680338294936,0.1017110366540478,-0.00013237709917919126
2.0,0.0,0.0,-0.013082484697567176,0.039970373197202896,0.07753453691386926,63.96808639090265,0.10180788197633936,-0.00012356026893700853
3.0,0.0,0.0,0.017432743893457805,0.009742007350900963,0.22494605460961983,63.75077983454381,0.10146239805620795,-0.00035779926685987535
4.0,0.0,0.0,0.03911793116497001,0.022390587424731573,0.1730407786347257,63.754338633216726,0.10146790715339357,-0.0002749238765201263
5.0,0.0,20.0,0.11637445274863138,20.00767586114075,-12.109748084427794,62.583417411160646,0.09935956890221447,0.019274687907108623
6.0,-15.636629649360598,12.469796037174667,-15.536423731052208,12.525510674201536,-6.627928421781669,60.85546542617036,0.0967010817779081,0.010358401547912836
7.0,-20.0,0.0,-19.985896561330005,-0.016171626654823218,1.3123403525429078,61.036633288531384,0.09714301702904389,-0.002333421274249292
8.0,-19.498558243636474,-4.45041867912628,-19.56254338895872,-4.468921299518848,3.999424996212529,61.480128557424486,0.09790339437631053,-0.0066048645148958866
9.0,-8.677674782351165,-18.01937735804838,-8.700490619056902,-18.056297352481923,11.550949622205115,64.36084641619533,0.10265460347098296,-0.018490461970369344
10.0,0.0,-20.0,-0.12132482673565755,-20.057716046221685,11.987853517571077,65.92510261062863,0.10516870584749033,-0.019080747305691623
11.0,0.0,-30.0,-0.050475800828494455,-29.98136919373744,18.092569480659005,66.20792042681614,0.10574035909277536,-0.028795836836567848
12.0,-23.454944474040897,-18.704694055762,-23.372071000857336,-18.71054841445171,12.069340154981333,61.7968957194268,0.09858196179364348,-0.019495188574712562
13.0,-30.0,0.0,-29.9739837571307,-0.039830854204447284,1.2677769452632506,59.55766107445786,0.09478944939730817,-0.0023848202416729123
14.0,-29.24783736545471,6.67562801868942,-29.264596282096893,6.609892511736316,-2.8361856213548777,59.35229964538263,0.09438116755006898,0.0041555268949025675
15.0,-13.016512173526749,27.02906603707257,-13.142247277231464,27.0428947538803,-15.507368884981233,60.84224753681182,0.09650225084464098,0.024519791378074973
16.0,0.0,30.0,0.07417557241022628,30.007848623558946,-18.292537622765078,62.516575248468314,0.09913071445169423,0.029114386269798297
17.0,0.0,40.0,0.10225195669116562,39.976086422477,-23.70360403471948,62.77530246576615,0.09942041086925361,0.03772670978912559
18.0,-9.572626571502306,38.83767269704208,-9.661007501359366,38.888395580096194,-22.53694712187181,61.239853513785334,0.09698998888376201,0.0357503472696907
19.0,-26.524906329631808,29.940429926844036,-26.49999502173735,29.967418981776103,-16.762469472597086,59.10059746434917,0.09369451209407371,0.026353754029797456
20.0,-37.40064970741659,14.184195481701428,-37.32624599293909,14.143591332597282,-7.66110153683125,57.894347059572794,0.09196849893673974,0.011735888269107233
21.0,-40.0,0.0,-39.94015786548777,-0.05544280070135871,0.9245748276799679,58.29287207670827,0.09277666638679248,-0.0019606525706749867
22.0,-39.70835496392216,-4.82146721021291,-39.79078390440716,-4.860603096218328,3.8442167522459045,58.60068137821603,0.09332540877321834,-0.006605577635356045
23.0,-32.91935463574626,-22.722589869246224,-32.920957463158935,-22.71274541686759,14.231722953124276,60.50212013894557,0.09657027725347349,-0.02305367263997721
24.0,-18.588926881750734,-35.4182410261284,-18.580494593710398,-35.39582247649465,21.376538056903765,63.202270796962814,0.10102302979730532,-0.03424937179270001
25.0,0.0,-40.0,-0.017823255634821133,-40.01593708832849,23.475660143096807,66.31060941321611,0.10602668677141834,-0.03736289182212071
26.0,0.0,-60.0,0.044252061117676794,-59.959027957419266,33.70148679648193,65.87437892836357,0.10557664688433786,-0.05363704017827145
27.0,0.0,-60.0,-0.13780737503574472,-59.96729541769664,33.80961244751414,65.73923080525532,0.10536165321727689,-0.05381135717361497
28.0,-9.875675416844077,-59.181678204163326,-9.948548272288663,-59.15998242700635,33.32328760139646,64.40626216908329,0.10323028060264916,-0.05315749901914692
29.0,-14.35893985725343,-58.25650904556313,-14.480788850030157,-58.318224726450715,33.03568591590909,63.64489403143583,0.10200821659273393,-0.05275527294767826
30.0,-28.55684358222445,-52.76842507238933,-28.38706158035804,-52.7664594792289,30.18299463617346,61.56692837783877,0.09863303922091393,-0.04838538350969151
31.0,-39.78735949444767,-44.9106448902661,-39.655435031182215,-44.89377967356045,26.313965940210974,59.491782364944044,0.09523392526901614,-0.04236563655437497
32.0,-44.14343464038793,-40.63689429754443,-44.13709289752121,-40.67150667326536,23.89765239981644,58.97929215728419,0.09436656170777533,-0.03857484085654409
33.0,-54.94639959930347,-24.101725479178132,-55.02261060671774,-24.12451092309045,14.383321209723782,56.748276917328525,0.09061314006420472,-0.02356562710544814
34.0,-56.10097456112488,-21.27629322255217,-56.09644749731623,-21.294427263719108,12.724416286480578,56.54024078014864,0.09024738031066674,-0.020938549170178723
35.0,-59.79506958040019,-4.954760728339902,-59.92263888272452,-4.9724284530553,3.1746459788090213,55.36471557890864,0.08817657876896892,-0.005786476933693385
36.0,-60.0,0.0,-59.92884912619481,-0.020869129154799895,0.32093698600654746,55.2934901155997,0.08800257831066408,-0.001244734066873611
37.0,-60.0,0.0,-60.02556098417034,-0.004079200601155234,0.306991917033606,55.2909240087235,0.08799828859892607,-0.0012237242277865232
38.0,-59.56253244588324,7.2322008153193655,-59.646546326662495,7.188268305319295,-3.9216049010546765,55.16304162687848,0.08770667298209282,0.00551093841385576
39.0,-58.16401595635981,14.729129228447954,-58.184516076932034,14.708679880304906,-8.446662087079217,55.24696227516247,0.08774813456557455,0.012730696047953752
40.0,-50.22998869575171,32.81688948734561,-50.02577198080496,32.827693561713524,-18.89410371814193,56.24933581384898,0.08912155853163523,0.029458235748036656
41.0,-49.37903195361938,34.08388480386934,-49.260073911246934,34.082262472907246,-19.51571114692477,56.37307579580793,0.08930313215808382,0.030456932181056166
42.0,-36.85276276138007,47.348430563783616,-36.85094501568159,47.41210135140997,-26.87281548292278,58.15499530958113,0.09197589497105416,0.04231810166516092
43.0,-27.883390322626113,53.1273615391926,-27.928848590085362,53.11691900322371,-30.225667796827313,59.332289725349675,0.09377975048147934,0.047763600530186995
44.0,-19.481968152281006,56.74903450203808,-19.507844603076204,56.70671369202341,-32.17484294551116,60.488867917624724,0.09557653772704205,0.05096894093621096
45.0,0.0,60.0,0.0013651583706775817,60.0860193711886,-34.20202355067307,63.514054807753475,0.10034988593547466,0.05443422783740789
46.0,0.0,60.0,0.1493452209287166,59.99368845679328,-34.17202870193345,63.532682205478075,0.10038066313392649,0.054388301860777435
47.0,0.0,80.0,0.05660088732199059,79.98344251607523,-43.46076729131355,63.849183976430844,0.1006395773717108,0.06917065263932265
48.0,0.0,80.0,0.1286979544359204,80.00383325914672,-43.40851731751599,63.8894578275111,0.10070342547160128,0.06908837719408462
49.0,-19.145253143004613,77.67534539408416,-19.139331801846097,77.67355821731032,-42.27531731493844,60.95807608867773,0.09606652534857396,0.06704885833716369
50.0,-37.17785376350149,70.8364820522568,-37.2646434569852,70.86094082009163,-38.82008787978094,58.36965534566671,0.09203035972849967,0.06132770969582687
51.0,-53.049812659263615,59.88085985368807,-53.02273294399955,59.87810062948271,-33.302390966265754,56.231837720876364,0.08876242385021614,0.05235303341869348
52.0,-65.83870927149252,45.44517973849245,-65.74835428848083,45.45264147633685,-25.752072916930448,54.28269887012175,0.08583694122841477,0.0401804786846453
53.0,-74.80129941483318,28.368390963402856,-74.67807708275727,28.325275604578575,-16.55584513841393,52.98568825403988,0.0839824431056756,0.025434865524339906
54.0,-79.41670992784432,9.64293442042582,-79.39003735018578,9.58218115698894,-5.66212130801656,52.76055299998913,0.08385367538942808,0.008039258311918677
55.0,-80.0,0.0,-79.87750984931392,0.029004711184821886,-0.012890712979552627,52.86615690479679,0.08413874671679042,-0.0009577414892145539
56.0,-79.41670992784432,-9.64293442042582,-79.53732358785987,-9.688014841182278,5.656632657355172,53.052595293485375,0.08455447670305323,-0.009976901930937403
57.0,-74.80129941483318,-28.368390963402856,-74.91101515650156,-28.40789017503981,16.3567230385777,54.04172903986741,0.08635799375957108,-0.026949966414102126
58.0,-65.83870927149252,-45.44517973849245,-65.82601083524445,-45.468798445452656,26.076499861771126,55.7084187970358,0.08921955737485189,-0.042308207884260214
59.0,-53.049812659263615,-59.88085985368807,-53.109445893971554,-59.9803446082544,33.558453631557725,57.88925304945585,0.09286818540039055,-0.05406036772287891
60.0,-37.17785376350147,-70.8364820522568,-37.0916451964288,-70.80400090634113,38.81946995545129,60.23975552672664,0.0967416833055113,-0.06223736568863242
61.0,-19.145253143004652,-77.67534539408415,-19.13619983067571,-77.66023579630848,41.9108484826007,62.96905806643446,0.10116947133208302,-0.06693754757199244
62.0,0.0,-80.0,-0.28146451233828457,-80.08629077149088,43.465552730347326,65.52954716889833,0.10527432813544801,-0.06918102280080878
63.0,0.0,-90.0,-0.040574560496894604,-89.9257353699469,47.396099938022985,65.30043492278442,0.10503018808159109,-0.07543373279967998
64.0,-29.22295222842151,-85.12355175305711,-29.23985985058764,-85.15130661515757,45.03099432908669,61.56795099848258,0.09903128311652029,-0.07202715316851223
65.0,-55.2791441420701,-71.02264584567543,-55.21426212974482,-71.0245618323769,38.69576001104241,57.751921318908806,0.09278487339151567,-0.06226242239494186
66.0,-75.34498304362756,-49.22533423101842,-75.24455326533155,-49.21524839567718,27.797420932851292,54.41181895564707,0.08720183730606272,-0.045162487469219185
67.0,-87.24602393453974,-22.09369384267193,-87.29805710552658,-22.1605294172777,12.584045981467535,52.293077413934874,0.08349841700172748,-0.021097268157518122
68.0,-90.0,0.0,-90.01469019187009,-0.04926280396036158,0.01953451041807922,51.574310900536226,0.08208366848400925,-0.0011334976077033972
69.0,-89.6926043706003,7.432141092509898,-89.7949879167635,7.405439808836228,-4.2092883380635575,51.526123509481145,0.08191567832853837,0.0055995736780575294
70.0,-82.41959939895517,36.152588218767235,-82.34693715905316,36.15684916470795,-20.950583833472205,52.01106147103834,0.0823353633349036,0.032335389072192126
71.0,-66.21515196058185,60.95534144631669,-66.19407707952688,60.967648534958585,-33.677922115091825,54.36467795864119,0.08577740312955605,0.05278940071059859
72.0,-42.83526537333663,79.152637608584,-42.88503651043437,79.16085877131796,-42.53957701878057,57.667089878591135,0.09081054318921268,0.06717862771706143
73.0,-14.813513125266075,88.772517306245,-14.825643557865817,88.80890975221793,-47.138587866093964,61.677685109166624,0.09707544432746103,0.07484182343815779
74.0,0.0,90.0,-0.006277765633763334,90.03374063712153,-47.67698037347839,63.836808265406084,0.10049679508743899,0.07588019409771823
75.0,0.0,100.0,0.14079250886104092,99.94785676971078,-51.517143758661064,63.922150749361776,0.1005112039578969,0.08199380511370337
76.0,-19.50903220161283,98.07852804032306,-19.438397938792175,98.0639248227604,-50.811689800123474,61.05402165557706,0.0959695071943267,0.08063125445320635
77.0,-38.268343236508976,92.38795325112868,-38.29351299328082,92.4024774107465,-48.310678288907745,58.267442924171974,0.09160386499301316,0.07641985292325877
78.0,-55.557023301960214,83.14696123025452,-55.53794559512256,83.15093681909578,-44.19363260958456,55.902033557526984,0.08795250242827914,0.06965617911701544
79.0,-70.71067811865476,70.71067811865476,-70.65853894057302,70.72780088717776,-38.45785987263408,53.74815841637402,0.08467664948183663,0.06034223178514749
80.0,-83.14696123025452,55.557023301960214,-83.05922036456319,55.55382602075614,-30.783354881132254,52.114175254425504,0.08226191976883943,0.04797600692435754
81.0,-92.38795325112868,38.268343236508976,-92.28849504858998,38.27685383581428,-22.00174001109262,50.44618277752962,0.07981881790109933,0.03388660209872298
82.0,-98.07852804032306,19.50903220161283,-98.20549019768252,19.559417801816178,-11.425285822009137,49.959674651308084,0.07927374810099558,0.016981187173878476
83.0,-100.0,0.0,-99.9765248896366,0.005876877344459609,-0.05608601335426847,50.08446146830224,0.07971182417380127,-0.0011351461254158735
84.0,-100.0,0.0,-100.04143474598833,-0.09558556937094058,-0.017637772089065595,50.11000330047657,0.0797537178700953,-0.0011971333511711366
85.0,-98.07852804032306,-19.50903220161283,-98.01567739350928,-19.51180240979868,10.93019109849044,50.533981384276125,0.08066628982898924,-0.018596334764601156
86.0,-92.38795325112868,-38.268343236508976,-92.3852248202741,-38.276353008716356,21.328537469152014,51.71481036246778,0.08277544645936274,-0.03507686101341033
87.0,-83.14696123025452,-55.557023301960214,-83.03379809989374,-55.53204016054846,30.815866319110494,53.32394961022985,0.08554780104582542,-0.050061887176153806
88.0,-70.71067811865476,-70.71067811865476,-70.67287252935759,-70.7681615393452,38.29718585110367,55.14780444581451,0.08863715253666314,-0.06181739309969857
89.0,-55.557023301960214,-83.14696123025452,-55.412345236313236,-83.13856752906737,43.916471178379915,57.5215158795988,0.09256653164482675,-0.07057386820074242
90.0,-38.268343236508976,-92.38795325112868,-38.25983820034518,-92.47926843012324,48.09251759136134,59.97543294751631,0.09658645726832381,-0.07701018620447636
91.0,-19.50903220161283,-98.07852804032306,-19.682310692244354,-98.09884401914049,50.48855576869696,62.48168282630627,0.10064410062643744,-0.08059608092667446
92.0,0.0,-100.0,0.10459097917013825,-99.91332573552154,51.28496051619009,65.03428666709641,0.10472891772496382,-0.08162126880135889
93.0,0.0,-100.0,-0.045906350405964004,-99.98659449398605,51.32379567995125,65.02652551968362,0.10471746279571291,-0.08168492002085509
94.0,0.0,-120.0,-0.06115665721068558,-120.01433647277288,58.119123379910405,64.81348101212448,0.10462367114362678,-0.09250020672472657
95.0,0.0,-120.0,-0.02460055187333012,-119.97616780936364,57.99274120938213,64.87629739448866,0.10472317907064559,-0.09229861555151367
96.0,0.0,-120.0,-0.3746508763025737,-120.07733492571988,58.063762528195134,64.85693571819401,0.10469360299668665,-0.09241593654788037
97.0,-19.751350833688036,-118.3633564083267,-20.13627200477669,-118.4557042297947,57.66510651656842,62.22542731473796,0.10048556722756807,-0.09202347583728929
98.0,-28.717879714506974,-116.51301809112623,-28.695997043184075,-116.47908862766549,56.891846820425314,61.2621932456982,0.09892832503549058,-0.09089762552826809
99.0,-38.96393630456201,-113.49806900407616,-38.91417885380448,-113.4992696022071,55.62198816698602,60.05198485532848,0.09696572479773925,-0.08900172450646408
100.0,-55.7667806452522,-106.2547230783852,-55.80597571627536,-106.32247224887077,53.14521613553737,57.80087030489003,0.09329507067356917,-0.08526669276721179
101.0,-57.113687164448855,-105.53685014477867,-56.933367949753624,-105.54025955003556,52.800216726962695,57.60280385484382,0.09297025839001206,-0.0847314162969257
102.0,-73.70552552276014,-94.69686112756723,-73.64214216033302,-94.66407089449308,48.45821173362139,55.29359966674426,0.08916184539116308,-0.0780255326251894
103.0,-79.57471898889544,-89.82128978053213,-79.52707830165419,-89.85016723964752,46.19364280097562,54.556774294884036,0.08793019564242818,-0.07449343188243016
104.0,-88.28686928077578,-81.27378859508896,-88.28154997206569,-81.34090258977533,42.546302913298916,53.22806614237549,0.08571127820512736,-0.06879572593687708
105.0,-98.75806390723876,-68.16776960773868,-98.89500369996183,-68.15505308096044,36.55273279742323,51.535401790724386,0.08285583247830573,-0.059386645509654605
106.0,-100.45997739150341,-65.63377897469123,-100.45175614612475,-65.62956397600934,35.11843265147919,51.46163848925613,0.08270750494127709,-0.05712295143358529
107.0,-109.8927991986069,-48.20345095835632,-109.87464916392939,-48.13187910591865,26.13886801591128,49.956882383996934,0.08009831754637206,-0.042946932363101875
108.0,-112.20194912224979,-42.55258644510428,-112.15592403826031,-42.531283665877204,23.180767336359423,49.52021320519648,0.07933474662293714,-0.038266907621457194
109.0,-116.32803191271962,-29.45825845689591,-116.34399532082739,-29.459171702040607,16.129181307337216,48.64972371747741,0.07778922577355017,-0.027095251085269938
110.0,-119.12506489176648,-14.464401630638731,-119.06976762454826,-14.468893601859719,7.863714799106217,48.032647814026156,0.07662353344135807,-0.013973735027271202
111.0,-119.59013916080038,-9.909521456679924,-119.53608891961476,-9.942859428697817,5.456460678915558,47.965222119976175,0.07646079189863192,-0.010148182126454268
112.0,-120.0,0.0,-119.90576607520093,0.012715389563993639,-0.36477321739951885,47.78598124527693,0.07605359553179325,-0.000887928057623347
113.0,-120.0,0.0,-120.00703748110884,-0.02177507343319698,-0.27692924230758026,47.91984753024298,0.07626707274521483,-0.001028976354351335
114.0,-119.59013916080038,9.909521456679924,-119.61157876318403,9.89673033633629,-5.9691847852493645,47.746818408214835,0.07587021667784499,0.008035372887852915
115.0,-119.12506489176648,14.464401630638731,-119.07874837393526,14.469442080133783,-8.478596230739113,47.86011938877098,0.07599453891229885,0.012035750805185564
116.0,-116.32803191271962,29.45825845689591,-116.34051502779857,29.460715927545,-16.97771200082155,48.0436574600833,0.07610305110113814,0.02559604874187896
117.0,-112.20194912224979,42.55258644510428,-112.16441884117445,42.51636064881965,-24.19390735482889,48.3046223035943,0.07635849742260409,0.03713212488765328
118.0,-109.8927991986069,48.20345095835632,-109.86643574467594,48.217434580604696,-26.960164801919163,48.75592414258053,0.07700694570983761,0.041562903689985775
119.0,-100.45997739150341,65.63377897469123,-100.35969237073714,65.68931086659022,-35.5011944571194,50.25599096521713,0.07918039861286674,0.05527280340537305
120.0,-98.75806390723876,68.16776960773868,-98.66159114122043,68.2246241085334,-36.84248117073272,50.44849733611857,0.07945573210542983,0.057428324110813445
121.0,-88.28686928077578,81.27378859508896,-88.18087577747804,81.24083894494818,-42.85230884997244,52.012057665754945,0.0817848064282864,0.06712161897035601
122.0,-79.57471898889544,89.82128978053213,-79.4851081560745,89.88573315677917,-46.69611078379299,53.2286096691191,0.08361513529203965,0.07334571658084445
123.0,-73.70552552276014,94.69686112756723,-73.72121118673594,94.72390172051949,-48.75924999915173,53.92584416494407,0.08466556553794187,0.07669989491476949
124.0,-57.11368716444881,105.53685014477868,-56.97322307341786,105.44505289784388,-53.245646602540575,56.230845618265676,0.0882027876416295,0.08404532903183605
125.0,-55.766780645252226,106.2547230783852,-55.70781407197877,106.31817541865723,-53.551323627559576,56.37783534380727,0.08842603594784076,0.0845473265567613
126.0,-38.96393630456201,113.49806900407616,-39.030318137292795,113.53918931940059,-56.20674340384564,58.58557808750621,0.0918513320938473,0.08897780723082731
127.0,-28.717879714506918,116.51301809112624,-28.74028988678369,116.5004908885873,-57.13798109085466,60.01244966290998,0.09408600175769516,0.0905859397384618
128.0,-19.75135083368807,118.36335640832668,-19.819186733840382,118.41163075262813,-57.729453565239446,61.250028122023274,0.09603226337194704,0.09163655392676591
129.0,0.0,120.0,0.1876074912080914,119.972594246281,-58.31513694334121,64.00654763092649,0.10040028335009968,0.09281372063999074
130.0,0.0,120.0,0.2921014328758435,119.92215972261478,-58.20841324722602,63.9511494175155,0.10031273202531459,0.09264514433664182
131.0,0.0,120.0,0.05978394074596651,119.9680167299402,-58.19399683118974,64.00373903930891,0.10039586939842748,0.09261935471187985
132.0,0.0,140.0,0.0974349436077545,140.02766917451763,-63.95883835459737,63.689807452689024,0.09965056174110626,0.10179484606860782
133.0,-19.924077358259932,138.57500186333058,-19.7124316762785,138.44104519859118,-63.57020102057678,61.19977710508979,0.0957069866992033,0.10093369964174317
134.0,-39.44255795780015,134.32901630602964,-39.63809440821357,134.41398790051346,-62.547612371602575,58.59722372635417,0.09161421361181964,0.09906217020849095
135.0,-58.1581018202641,127.34847934963257,-58.12087217921669,127.33130388707555,-60.43583756979481,56.15308818206108,0.08781099251617706,0.09547481814650409
136.0,-75.68971444378364,117.77549459636536,-75.67650431901394,117.78170303812499,-57.15077773678794,54.03816296931176,0.08456193819991496,0.0900314796881993
137.0,-91.6805027523399,105.80494040959617,-91.4815045989543,105.75075260598045,-52.77191063593009,52.04339700257801,0.08153451228429724,0.08286873283610593
138.0,-105.80494040959617,91.6805027523399,-105.71619485994263,91.71349068529769,-46.99900319677797,49.99445832282407,0.07844543906047165,0.07350653342112329
139.0,-117.77549459636536,75.68971444378364,-117.69749076820267,75.71390659440375,-39.785967033152616,48.25499625438729,0.07587294566765318,0.0618798952137606
140.0,-127.34847934963256,58.15810182026413,-127.38376108859882,58.20116214207599,-31.341116006347605,46.87330878090671,0.07388839986173035,0.04832086987801943
141.0,-134.32901630602964,39.442557957800176,-134.31425771160954,39.43658246343657,-22.39088014764756,45.86889756626302,0.07251963906291412,0.03399124948639094
142.0,-138.57500186333058,19.924077358259932,-138.49822063296628,19.85045899478958,-11.450725658662192,45.754380680660695,0.07257725050157016,0.016528211954890053
143.0,-140.0,0.0,-139.98555579087986,-0.004379342106315434,-0.5649473214951414,45.87612990261559,0.07301418207295579,-0.0008152577160669731
144.0,-140.0,0.0,-139.93142031441053,-0.022749240644450896,-0.45625983762009437,45.835462462168955,0.07294968280690506,-0.0009875762234646426
145.0,-138.57500186333058,-19.924077358259932,-138.51924594212434,-19.92974911545154,10.52024875144877,46.17126966990123,0.07372793706467803,-0.0184399373606478
146.0,-134.32901630602964,-39.442557957800176,-134.3475539057891,-39.45200948949236,20.984525756476,46.95331727662758,0.07521169308129483,-0.03504326087378234
147.0,-127.34847934963256,-58.15810182026413,-127.39289882593185,-58.21771266258634,30.6484914332628,48.25520046387538,0.07751352758474667,-0.050338766475003044
148.0,-117.77549459636536,-75.68971444378364,-117.78784366903444,-75.76040977581796,39.36225667277407,49.586389333306194,0.07984702540796346,-0.06408952173317835
149.0,-105.80494040959617,-91.6805027523399,-105.9869468472534,-91.7234674253188,46.35313772021855,51.38582123413661,0.0829064093596779,-0.0750713292226318
150.0,-91.6805027523399,-105.80494040959617,-91.57337964611189,-105.81439726711369,52.14073628084674,53.459421430832435,0.0863792178081811,-0.08410605585170136
151.0,-75.68971444378364,-117.77549459636536,-75.82505979174782,-117.83860926422926,56.71748772130217,55.47540920088258,0.08973502219446686,-0.09119731275619672
152.0,-58.15810182026413,-127.34847934963256,-58.14082195150868,-127.34465598902625,59.852808062436246,57.67232673147254,0.09334794533640148,-0.09597075167980494
153.0,-39.442557957800176,-134.32901630602964,-39.329007700558854,-134.3093074884881,62.09354276022763,59.88467627643581,0.09695430489365091,-0.09930660393413097
154.0,-19.924077358259932,-138.57500186333058,-20.01525266420403,-138.62006000809086,63.24008143997068,62.336852579996766,0.10090985836325711,-0.10089484188343674
155.0,0.0,-140.0,-0.11458108525358036,-139.9848375317753,63.636050696958314,64.85101513518302,0.10492798674050895,-0.1012813235441163
156.0,0.0,-140.0,-0.0027110214825673364,-139.9767987997959,63.560157778021846,64.81255864032623,0.10486668287787201,-0.10115916614253612
157.0,0.0,-150.0,0.07557234486492544,-149.8839165739923,66.10475315999581,64.6484020719551,0.10472675178750897,-0.10520805674037186
158.0,-29.26354830241924,-147.11779206048456,-29.199010458923524,-147.14790021317944,65.55675566204981,61.0967204910955,0.09904056707054126,-0.10469441665577643
159.0,-57.40251485476347,-138.581929876693,-57.18863310018795,-138.58894428714166,63.1966556464266,57.88146835788863,0.0938185130666453,-0.10128098896815439
160.0,-83.33553495294032,-124.72044184538179,-83.17930094406609,-124.71733662261202,58.812591514199845,54.796170068540285,0.08873822312727417,-0.0946218411973778
161.0,-106.06601717798213,-106.06601717798213,-106.22484182652107,-106.18540248510152,52.11952790669242,51.81528819023084,0.08376704217558636,-0.08425173773572815
162.0,-124.72044184538179,-83.33553495294032,-124.88581632661663,-83.32357204948183,42.555682521147254,48.82561444493505,0.07872884041050288,-0.0692589455034145
163.0,-138.581929876693,-57.40251485476347,-138.69627683393244,-57.410377349513,30.056810795196768,46.97291861251312,0.07546282522025641,-0.04953550965601703
164.0,-147.11779206048456,-29.26354830241924,-147.08833768472633,-29.312363433586132,15.545940432778849,45.30745348381563,0.07246803952830742,-0.026543519530142886
165.0,-150.0,0.0,-149.9492228694958,-0.017393024222772342,-0.540439902354109,44.68819757445527,0.07112368843031384,-0.0009762872454608768
166.0,-150.0,0.0,-149.98485443047784,-0.04388385505571687,-0.47553742228892615,44.71316826819458,0.07116375495621081,-0.0010800191294345431
167.0,-147.11779206048456,29.26354830241924,-147.03596623051533,29.224664435385904,-16.6868355463184,44.7767561982272,0.07090650717318325,0.02475717812810638
168.0,-138.581929876693,57.40251485476347,-138.48842041234425,57.38830613682737,-30.83249701450228,45.72280560665888,0.07206727221493002,0.0473753791495147
169.0,-124.72044184538179,83.33553495294032,-124.7156282717806,83.38830961012538,-43.00171949468595,47.715027771303376,0.07491957093015275,0.06691197327427947
170.0,-106.06601717798213,106.06601717798213,-105.87330522286528,106.05564404296388,-52.440458982240536,50.37937238273893,0.07888240085039991,0.08216495515349444
171.0,-83.33553495294032,124.72044184538179,-83.2671220101264,124.8300562333606,-59.26816732752061,53.237167540713244,0.0832007933909936,0.09330844779742702
172.0,-57.40251485476347,138.581929876693,-57.666422676042885,138.73718845886035,-63.52695492576337,56.50246890974952,0.08822736165558413,0.10040004984603611
173.0,-29.26354830241924,147.11779206048456,-29.225587226763952,147.0771095052656,-65.69983632006888,59.94712178730898,0.09360755819577628,0.10420661213277108
174.0,0.0,150.0,0.02837310270811121,150.0788817356669,-66.28842462438784,63.58929424201343,0.09936749307029942,0.10550165197207753
175.0,0.0,150.0,0.008780495307959657,150.07802532309293,-66.30730790857329,63.61604678879589,0.09941008155936824,0.10553146570214547
176.0,0.0,160.0,0.189649235492407,159.90994297920517,-68.60136631126989,63.62596409164021,0.09930545420826284,0.1091847881420063
177.0,-9.849744981430858,159.69653259792705,-9.774251428233088,159.78315743016128,-68.66277897837557,62.37815099329629,0.09732105072087992,0.10916050181627238
178.0,-29.39992285065127,157.2756959494243,-29.555310597037145,157.39205072528975,-68.08914335438925,59.88427924208213,0.0933812143733962,0.10800527427036367
179.0,-48.504427858086984,152.47072006834503,-48.33119136877431,152.3649415500295,-67.02821865727458,57.628411630340956,0.08985245642938962,0.10608681246998383
180.0,-66.87365518188534,145.3544434911238,-67.05475853598837,145.51181850965102,-65.24926110682755,55.29247423111559,0.08621862660294678,0.10302620657379716
181.0,-84.22914606037692,136.03474171673827,-84.19032270702519,136.06921574847124,-62.4886891412192,53.2791106565046,0.08312990225138878,0.09842276104339173
182.0,-100.30780894305701,124.65289192410728,-100.248466983946,124.63570809476994,-58.920477097080116,51.281429163004155,0.08009051926530517,0.09254711153782724
183.0,-114.86590769031069,111.38143135406828,-114.75873843851802,111.43088747277362,-54.21220806682305,49.37383714977013,0.07721621136213999,0.08487596174125443
184.0,-127.68275636483833,96.42154182068104,-127.6681313024881,96.44843540383171,-48.195520538037464,47.71327643422607,0.07475683658433767,0.07514200514461346
185.0,-138.56406460551017,80.0,-138.5100475253264,79.99286486472992,-41.153915507111996,46.14012860418694,0.07245462497665542,0.0638021620110381
186.0,-147.3448828711926,62.3657397268287,-147.31660217053852,62.3909407879454,-33.036822517719,44.89028962772212,0.0706810147515669,0.050775553647227245
187.0,-153.89210290765106,43.78607841153323,-153.87365682904564,43.74790656046388,-24.134917389341314,43.82104993802748,0.06920758766633306,0.03652742753554734
188.0,-158.10647553300151,24.542664780589636,-158.129957257156,24.535411135930016,-14.019204393572489,43.69452721251114,0.0692415154047862,0.020375643477918443
189.0,-159.92411515413855,4.927209368987219,-159.9647998841746,4.91667850903132,-3.2478551493127674,43.640976359729926,0.0693965566617605,0.003210037450112079
190.0,-160.0,0.0,-159.9906260022992,-0.03437689057821539,-0.6437749151709284,43.60459292982397,0.06939928607576026,-0.000934801256371693
191.0,-159.3174682072055,-14.762937514128362,-159.2303577392966,-14.806002672224613,7.526301239116246,43.837272309789434,0.0699505145107381,-0.013928570325500341
192.0,-156.2957308415361,-34.22929331303965,-156.31265068808952,-34.283201024518284,18.03176457091638,44.38622946488973,0.07106274367835895,-0.03061280143366535
193.0,-150.9047095154044,-53.17676791674554,-150.8801095287104,-53.140662657116025,27.648906804804017,45.51364362979425,0.07308802587195158,-0.04585242649887677
194.0,-143.22612661680998,-71.31813692424612,-143.32752211472484,-71.28017342990834,36.51658108517745,46.58446299787901,0.07501444192417003,-0.0598732721202154
195.0,-133.37638163537912,-88.37839567368093,-133.60717292491663,-88.5137195304069,44.34370713723289,48.17953782884617,0.07776414113523154,-0.07221148528127169
196.0,-121.50478666475313,-104.09892803267876,-121.49952854636537,-104.1607433079473,50.919638066083756,49.96468987701403,0.0807969275373111,-0.08252912241661174
197.0,-107.79130298344914,-118.24142675530545,-107.73778717052157,-118.26842740319165,56.33704476693262,51.87880297146302,0.08401610956788189,-0.09098265329511769
198.0,-92.44381302532021,-130.59150597699545,-92.58025341919397,-130.6632840984877,60.44570011393034,53.825008125353484,0.08726539074669404,-0.09733614746983144
199.0,-75.69496909376164,-140.9619510857255,-75.68730419102461,-141.0207149345691,63.52992536591188,55.86124015673216,0.09063300185191565,-0.10203795692354128
200.0,-57.798666589944496,-149.1955567046969,-57.927760423617656,-149.20198097464967,65.9423916052657,57.90151628252892,0.09398039790208768,-0.10566001554317667
201.0,-39.02619521734036,-155.16750976560152,-39.1200508548152,-155.16107456164664,67.44106852339046,59.974829313945,0.09735315893485003,-0.10781489643049622
202.0,-19.662126506354266,-158.7872815475097,-19.95089081361064,-158.7687349539386,68.11011809256492,62.24577784634011,0.10101166869818158,-0.10864495770858941
203.0,0.0,-160.0,0.06694001648952763,-159.9461410442624,68.44247113006743,64.82779176136441,0.10513549113570958,-0.10892875616517977
204.0,0.0,-180.0,-0.14535165398078387,-180.0351268257465,72.70556140161004,64.61797825686706,0.10504759183589787,-0.11571627499113853
205.0,0.0,-180.0,0.029534760201629023,-179.85869853243926,72.67782739032681,64.68671512014446,0.10515482923900837,-0.11566999311209362
206.0,-29.627026250532055,-177.54503461249,-29.95207211329094,-177.53340140215025,72.27184244060709,60.99868915649231,0.09925667576447199,-0.11539103192241183
207.0,-58.44590445684302,-170.24710350611423,-58.80342544882367,-170.38399626866126,70.96165148340414,57.58109554190556,0.09372984802135113,-0.11365913999166995
208.0,-85.67053074667326,-158.305275217168,-85.70754345866727,-158.28175635174162,68.06816274504426,54.73739880010274,0.08905574828628889,-0.1093835036401455
209.0,-110.5582882841402,-142.04529169135085,-110.47944308338178,-142.0966674736337,63.654430953919054,51.85508789524875,0.08427018966153338,-0.10266221210241636
210.0,-132.43030392116367,-121.91068289263343,-132.6408207643792,-121.98581309932405,57.18843751230323,49.030583261668404,0.07952855383139741,-0.09264267371132844
211.0,-150.68996608725513,-98.45066846203684,-150.87084850708135,-98.42408045170619,48.15671670973912,46.394414816307915,0.07504440154185014,-0.07849150626298966
212.0,-164.83919879791034,-72.30517643753447,-164.84793102489553,-72.33616722511745,36.68876375449949,44.29041229838331,0.0713762795662502,-0.060410869213682994
213.0,-174.49204786907947,-44.18738768534386,-174.54207853302566,-44.18157108494959,22.698775382443102,42.69970999766375,0.06849978964965815,-0.03826383514311266
214.0,-179.3852087412006,-14.864282185019883,-179.36382624467774,-14.884068262707741,7.448318241291823,41.59735756855517,0.06638653554618852,-0.014051030572274479
215.0,-180.0,0.0,-179.9428943080641,-0.02324411832346049,-0.6288903680338759,41.429437181625524,0.06593728183979514,-0.001202845637551202
216.0,-179.3852087412006,14.864282185019883,-179.23047076693854,14.833222834111275,-8.723633399093606,41.53213443793921,0.06591878285191392,0.011689063058747845
217.0,-174.49204786907947,44.18738768534386,-174.5191089741576,44.1534775907243,-24.123729014777496,41.74218848822053,0.06589400989152863,0.03625677639204829
218.0,-164.83919879791034,72.30517643753447,-164.84858969157412,72.33316665645427,-37.15549928027116,43.2513119604398,0.06795073860742665,0.05711591752926279
219.0,-150.68996608725513,98.45066846203684,-150.55519607393387,98.54489378670017,-48.51395861872436,45.15650834258318,0.07066193851415169,0.0753685178293627
220.0,-132.43030392116367,121.91068289263343,-132.49947569031926,121.96392194070727,-57.37907366874091,47.64464369788511,0.07433511672046633,0.08969891455995065
221.0,-110.5582882841402,142.04529169135085,-110.42741419954591,142.02583590141788,-63.84118478201204,50.47238762533397,0.07858991324296652,0.10025399976309518
222.0,-85.67053074667324,158.30527521716803,-85.59094304342936,158.2628945377618,-68.20530542553507,53.19689901462735,0.08272725297750573,0.10750388507821429
223.0,-58.44590445684302,170.24710350611423,-58.64688301729259,170.30875650697917,-70.93720439243775,56.34413298489526,0.08758870606711056,0.11218182049648891
224.0,-29.6270262505321,177.54503461249,-29.70684792191571,177.56444593880528,-72.35484640719108,59.78650099972274,0.09297854469049144,0.11479249566301294
225.0,0.0,180.0,0.10436505021789706,179.97441187962445,-72.83304808064696,63.38905587521075,0.09868267406493161,0.11591867438078512
226.0,0.0,200.0,0.002274574745915206,200.01934706692492,-76.64900570457837,63.195968963121715,0.09812987692244017,0.12199070926628053
227.0,-9.969177132139446,199.75138424378443,-9.818935507197907,199.69307530733417,-76.62693514028267,61.98803221216144,0.09621138171525152,0.12183530277880245
228.0,-29.808453235234882,197.76616524502572,-29.67275977956095,197.68494190273043,-76.24028159893926,59.554706826576286,0.0923632176379102,0.12097677530786688
229.0,-49.35147953805875,193.81545724581557,-49.367674636710426,193.80716323277258,-75.50933894662812,57.24006888259738,0.08872684798555756,0.11957224085759607
230.0,-68.40402866513374,187.93852415718166,-68.37766125616248,187.9403020142911,-74.524633173656,55.18384124090147,0.08552611134275681,0.1177722181545947
231.0,-86.77674782351166,180.19377358048382,-86.68905575488316,180.1817465606285,-73.07708739058889,52.94170260541792,0.08205265569157012,0.11524411833567053
232.0,-104.28704067589962,170.65817632643112,-104.21904031910397,170.68029417922494,-70.9634690330172,51.03721432174499,0.07913793247704805,0.11166550099611178
233.0,-120.76088206509546,159.4265014445845,-120.94730995037948,159.56506324104325,-68.31030915965107,49.10652978996436,0.07620128054096251,0.10723799524516722
234.0,-136.0345475541839,146.61037436596527,-135.86588800738673,146.58228183373103,-64.7177826297065,47.383482939144436,0.0736179660777778,0.1013376042701358
235.0,-149.95624059354685,132.33716751937183,-149.80983170072074,132.34559787326017,-60.45762703419203,45.81523622101448,0.07129638018823334,0.09438658495634264
236.0,-162.38760114317128,116.748734446958,-162.15185994448925,116.71504118669804,-55.016678597787056,44.10786046632626,0.0687704342811922,0.08557589408364935
237.0,-173.20508075688772,100.0,-172.9727630721344,99.96769185713288,-48.77530836424055,42.556417075176206,0.06650633976780339,0.07550992153325078
238.0,-182.30117046233465,82.25742062612228,-182.2587112641141,82.27551857742306,-41.24899331058436,41.272699220897955,0.06467991491355059,0.06341769433709955
239.0,-189.58546923342635,63.69733005033683,-189.48351012175888,63.71638357040018,-32.96679286202024,40.0950207191357,0.06303287458720415,0.050147681010823196
240.0,-194.98558243636475,44.5041867912628,-194.97267455263724,44.478530962027776,-24.045634720945316,39.187472203722855,0.06182407172295702,0.035881991200388416
241.0,-198.4478413200344,24.868740929497022,-198.49531741556697,24.895768198902598,-14.082014970955981,38.999500320564074,0.061764734743584584,0.019981256145823804
242.0,-199.93783640016326,4.986138347614532,-199.82713107218217,5.00932664098282,-3.573187537422225,38.88157510330214,0.061820599641419366,0.0032396271386359796
243.0,-200.0,0.0,-199.8851043662036,-0.06170209799405377,-0.9892265049586428,38.91221762503741,0.06193147348084297,-0.0008735845694573042
244.0,-199.44075943623602,-14.946018717284822,-199.5284530512076,-15.004516781374905,7.230639151784067,39.10076140726224,0.06241455447618878,-0.01395153917869728
245.0,-196.96155060244163,-34.729635533386066,-197.0294490982147,-34.7712654538112,17.608698473372517,39.70226693485933,0.06361396309106818,-0.030438128352397887
246.0,-192.5248493900024,-54.16809362860104,-192.63609324675883,-54.214739951776856,27.4372357800713,40.73127609350201,0.06548980573660936,-0.04602692599971495
247.0,-186.1747497288408,-73.06820487327906,-186.08436528236714,-73.04871336975465,36.61081529798958,41.608844566102306,0.06711715850127041,-0.06054689242631
248.0,-177.97436176229374,-91.2421314706326,-177.9121319461054,-91.21861124633172,44.70836196885312,42.780171077498615,0.06920390879026533,-0.0733344531021985
249.0,-168.00518463015428,-108.50925277315189,-167.9592419480397,-108.48916505552957,51.55077965368651,44.37167978619476,0.07194838557386028,-0.08410260630081129
250.0,-156.36629649360597,-124.69796037174667,-156.53796030204978,-124.7421449226744,57.597324146029216,45.994092456876054,0.07472958534010335,-0.09358610462015585
251.0,-143.1733698519437,-139.64736361721455,-143.10463226368083,-139.7123717157488,62.53608441762906,47.853377396489684,0.07787206918906792,-0.10128186811581363
252.0,-128.55752193730785,-153.20888862379562,-128.72833047506506,-153.27995790947588,66.44592983945472,49.59016256071887,0.08080241048886383,-0.10732851419391198
253.0,-112.6640116127244,-165.247754863199,-112.51188473358104,-165.22603627433742,69.54033012579335,51.45754892945197,0.08392075149897515,-0.11205480283761093
254.0,-95.65079572426367,-175.64431467404566,-95.38552748101175,-175.5424312639536,72.09856263075038,53.23949660175546,0.08688315391232067,-0.11591661029238375
255.0,-77.68695925493896,-184.29524237408154,-78.02438467313543,-184.4531036750365,73.94655251101075,55.157678078327876,0.09004516331303898,-0.11864515608967989
256.0,-58.95103488218083,-191.11456115722817,-58.76989713134807,-191.06730280946968,75.24401456603421,57.16814944397367,0.09332593178827367,-0.12047432189842365
257.0,-39.62922863987957,-196.0344975697088,-39.647886767099614,-195.90484313688387,75.99787049606493,59.38872416320041,0.09691933144412382,-0.1214399341326905
258.0,-19.91356931916336,-199.0061550730803,-20.19016044691153,-199.0790656025305,76.4908561191499,61.827591163569,0.10083978344707051,-0.12198624687418942
259.0,0.0,-200.0,-0.23835730123723273,-199.94703109036428,76.61207617217185,64.24677975484074,0.10470067162257707,-0.12193482538874145
260.0,0.0,-210.0,-0.19354550566607356,-209.99128694348016,78.37539787839557,63.90621584891701,0.1042816590608543,-0.12474069023796419
261.0,-29.886116037389897,-207.86250279499586,-30.057203387074342,-207.8182524690485,78.18584194482888,60.40763945522563,0.09868688869819238,-0.1248047420076689
262.0,-59.16383693670027,-201.49352445904444,-59.32788682401884,-201.48432554858633,77.1292095485,57.058892063725146,0.09327962026179716,-0.12348153658456672
263.0,-87.2371527303962,-191.02271902444883,-87.31065397480917,-191.09224665414135,75.2726258408973,54.08080896034366,0.08841258228508826,-0.1208693960314273
264.0,-113.53457166567546,-176.66324189454807,-113.33062206709322,-176.56309494468042,72.16161901464699,51.291951017408735,0.08379603888627311,-0.11623674073085206
265.0,-137.52075412850985,-158.70741061439426,-137.564257083733,-158.68487223169464,67.89638930026453,48.59256821538483,0.07928088361533334,-0.10974520547680067
266.0,-158.70741061439426,-137.52075412850985,-158.66484018286837,-137.56515006737405,61.58669772324365,46.02755502516502,0.07493988566775156,-0.0999614377068947
267.0,-176.66324189454807,-113.53457166567546,-176.56711893188765,-113.46738711975104,53.21372701408967,43.54042619020533,0.07068637253677991,-0.08685468966180653
268.0,-191.02271902444883,-87.2371527303962,-191.0358531809409,-87.22839403646007,42.60406830511709,41.3010161230028,0.06680089248227819,-0.07014609157712161
269.0,-201.49352445904444,-59.16383693670027,-201.67733296495123,-59.2252442269214,29.594591261949343,39.68955169783346,0.06389321337743602,-0.04957119170673604
270.0,-207.86250279499586,-29.886116037389897,-207.93846246831268,-29.935880858950085,14.995453149249814,38.36728455385923,0.0614300538183469,-0.02641262163473089
271.0,-210.0,0.0,-210.01161860311598,0.0044159516362121945,-0.8771412697921388,37.73615512521253,0.060058902132561445,-0.0011759929068374355
272.0,-210.0,0.0,-209.95639113554805,0.0013823271730523626,-0.8789189230466982,37.89383117994805,0.060309888520461825,-0.0011724873145147364
273.0,-207.86250279499586,29.886116037389897,-207.78657181361754,29.853743999052124,-16.570289152163216,37.923084881198406,0.05999084616851067,0.02382767776234475
274.0,-201.49352445904444,59.163836936700264,-201.50619789706911,59.11574772828983,-30.634952746173592,38.77904279412732,0.06099477453190248,0.0462892006704337
275.0,-191.02271902444883,87.2371527303962,-190.79497315712442,87.30309349959816,-43.266923586898855,40.479538764622255,0.06335598826705918,0.06652478675217924
276.0,-176.66324189454807,113.53457166567546,-176.6768576342616,113.62892541543147,-53.553458709637596,42.45408376347308,0.06617616248702642,0.08306922005069894
277.0,-158.70741061439426,137.52075412850985,-158.415693222183,137.50210739903738,-61.83834950822264,44.82708354561936,0.06966053472777634,0.09647867727155882
278.0,-137.52075412850985,158.70741061439426,-137.16836174150444,158.71782864502484,-67.88446100381786,47.33936412468668,0.07339912509116304,0.10636157807386927
279.0,-113.53457166567546,176.66324189454807,-113.78057576047406,176.77621121195966,-72.09474471063605,49.96596672794092,0.0773583324482326,0.11334888229188368
280.0,-87.23715273039615,191.02271902444886,-87.1722902866607,190.98024249466198,-75.17665633589917,52.929981597986,0.08190175224211119,0.11857976793555323
281.0,-59.16383693670022,201.49352445904444,-59.15021801838415,201.50206617171685,-76.94212773836058,56.08526673114017,0.08679468401104423,0.12173278850030098
282.0,-29.886116037389897,207.86250279499586,-29.953096366834774,207.88813758258948,-78.10068739564203,59.31256285942546,0.09185287528410291,0.12393426982030842
283.0,0.0,210.0,0.020803226483215573,210.04719919151958,-78.41162236412897,62.98056800899777,0.09766424482356129,0.1247962277276117
284.0,0.0,210.0,-0.13634145719868707,210.13371900414097,-78.3147406355509,63.01982275276274,0.09772566108286333,0.12464011112094898
285.0,0.0,220.0,0.2806570678067734,219.76936310517092,-79.86518145188457,63.03626036541223,0.09763381488402212,0.1271128212894813
286.0,-19.720647958755354,219.11434467895256,-19.72653846615224,219.10423008662144,-79.86412410896412,60.550558418894035,0.09368584323164068,0.12686611089503036
287.0,-39.28251685570009,216.46450949169852,-39.53935402057328,216.60730835061602,-79.57664192319184,58.141825500766835,0.08988280545932126,0.1261659217712736
288.0,-58.52810602466854,212.07182935308774,-58.336316255688956,211.98705224440928,-78.86145619977707,56.088360732468665,0.0866711989271136,0.12479746245362223
289.0,-77.30246129789539,205.97167154074222,-77.26820952282424,205.95433132210096,-77.84742134895134,54.00062901692556,0.08342235327280288,0.1229517174806208
290.0,-95.45442260586282,198.21315093853218,-95.55052053332203,198.21758903150757,-76.44250565777574,52.004476358211434,0.08034012931774126,0.12049182174487784
291.0,-112.83784102929936,188.85873459241054,-112.77760276971246,188.95711442939103,-74.85248786716043,50.07284772359887,0.07737925964480086,0.11775025022627883
292.0,-129.3127555043441,177.98373876248843,-129.27469027175718,178.0417294690171,-72.37040459601054,48.28689596732273,0.07467050956693622,0.11359785262550003
293.0,-144.74651970673676,165.6757225207944,-145.015124438102,165.83732788760634,-69.44933840405764,46.61311156575011,0.07215606593020567,0.10875605871980903
294.0,-159.0148700420261,152.03378277711025,-158.82789183764515,152.06418124481263,-65.89348967567341,45.069925658608206,0.06986868863117333,0.10292758511210068
295.0,-172.00292614296657,137.16775640892135,-171.80685803925203,137.2371305789621,-61.51425883002236,43.453152687503724,0.0674771010163473,0.09579886970487833
296.0,-183.60611581868662,121.1973359194625,-183.42310205584292,121.24316622520116,-56.26267851861231,41.80711232291427,0.06505322405835433,0.08729845622349529
297.0,-193.73101700848235,104.25110574405967,-193.65388179294402,104.2918686864795,-49.78864411183674,40.38414415480579,0.06299610196126912,0.07686941436575326
298.0,-202.29610996131916,86.46550696386318,-202.47620512754733,86.52463926697487,-42.655613364021114,39.16634905659336,0.06127551564242535,0.06540879658380253
299.0,-209.23243358493377,67.98373876248843,-209.0402285762218,67.98545670815564,-34.537703315068285,38.25990779776861,0.06005991843862828,0.052408352048040396
300.0,-214.48414068000122,48.95460547038908,-214.3587996924674,48.901275273576196,-25.876303960168375,37.17562063916751,0.05856794528069701,0.038558170437614926
301.0,-218.00894758894563,29.53131847988423,-217.92854050445226,29.508319986755897,-16.373473159402703,36.88674163385857,0.0583456850614778,0.023390226965656617
302.0,-219.77847463908924,9.870262677113221,-219.67421098543278,9.824419277029849,-6.180910807834942,36.852513790605066,0.058532277955012035,0.007146880976390863
303.0,-220.0,0.0,-219.88975293216075,-0.022218441183396432,-0.9129936215234377,36.83112596721589,0.05861882968187314,-0.0012399093599855088
304.0,-219.77847463908924,-9.870262677113221,-219.801830432213,-9.872116123869523,4.381940363856005,36.96344539083652,0.05895005401493728,-0.009665981746697984
305.0,-218.00894758894563,-29.53131847988423,-217.89416279629714,-29.549171842413784,14.517825082301352,37.440806485530054,0.059950782161104256,-0.02577438014841599
306.0,-214.48414068000122,-48.95460547038908,-214.5203016467792,-48.96334240239503,24.483522348666842,38.19428500049111,0.061387745282959705,-0.041593960375442156
307.0,-209.23243358493377,-67.98373876248843,-209.23161708653348,-67.96831319314055,33.58525193872231,39.023460259069495,0.06294017205556912,-0.056015042548540936
308.0,-202.29610996131916,-86.46550696386318,-202.35180680993003,-86.46062667518817,41.91283333101276,40.04880078504748,0.06479852704772275,-0.06918454312455743
309.0,-193.73101700848235,-104.25110574405967,-193.7644276504021,-104.16716492282387,49.38784713918698,41.509640805503984,0.06734037764450064,-0.08097622769746937
310.0,-183.60611581868662,-121.1973359194625,-183.80387033186514,-121.31202656837928,55.77574012758307,43.20830297250029,0.07025385510515599,-0.09102088847266297
311.0,-172.00292614296657,-137.16775640892135,-171.9956432597015,-137.2628137907863,61.20162460318188,44.736237800705375,0.07288098776984969,-0.09951183678542776
312.0,-159.0148700420261,-152.03378277711025,-158.97610911727463,-152.06288933966036,65.87450110340677,46.37539250786801,0.07567103963495715,-0.10678950083868091
313.0,-144.74651970673676,-165.6757225207944,-144.63344064579042,-165.5702763618541,69.46661915999489,47.99913504189155,0.07842073074335906,-0.11233088001577053
314.0,-129.3127555043441,-177.98373876248843,-129.49959394227997,-178.0911670781608,72.48044967264657,49.84447692518554,0.0815110265764889,-0.11694219644305691
315.0,-112.83784102929936,-188.85873459241054,-113.02082666296072,-188.9157987517377,74.90736114232578,51.39122680310288,0.08410532443490623,-0.1206029309956995
316.0,-95.45442260586282,-198.21315093853218,-95.50368979608311,-198.24078016859062,76.59589438717235,53.341690945732715,0.0873237873255706,-0.12307578322063793
317.0,-77.30246129789543,-205.97167154074216,-77.25660875075674,-205.87468032825268,78.00316295343389,55.116736980333506,0.09024235299994915,-0.12509204919988598
318.0,-58.52810602466858,-212.07182935308774,-58.432290684843025,-211.94544031811333,78.88992713450268,57.28335907733819,0.09376498759835507,-0.1262728373149585
319.0,-39.28251685570003,-216.46450949169852,-39.67478535006776,-216.56935222479584,79.61015679384612,59.368036588296114,0.09713948382824836,-0.12718939576045632
320.0,-19.720647958755464,-219.11434467895256,-19.636791781168622,-218.93405083899256,79.82018288119961,61.78740515813871,0.10101898889854052,-0.12727825789663594
321.0,0.0,-220.0,-0.22721129020588568,-220.04318522595975,79.9232564018764,63.972608246780474,0.10451043116945805,-0.1272045958941031
322.0,0.0,-220.0,-0.05962031998353504,-220.05551163283565,79.94698939295601,64.09834395682299,0.104710696728393,-0.12724031564048413
323.0,0.0,-240.0,0.07180119813896935,-239.87410774658738,82.76303711555705,63.73537669522176,0.10437573419869423,-0.13172058527506333
324.0,0.0,-240.0,0.04435914894026672,-239.9158709081906,82.80335056713223,63.848029034423355,0.10455553743734937,-0.13178508220800822
325.0,-14.774617472146168,-239.5447988968906,-15.250385711253747,-239.67166300739655,82.98093017471085,62.14299848144092,0.10183890622351487,-0.13225502325676328
326.0,-19.819042913359848,-239.18027832160075,-19.97542616169195,-239.11134036067423,83.00705086415805,61.52188653190773,0.10084351359744499,-0.1323544630673987
327.0,-39.50270166737607,-236.7267128166534,-39.56154015619985,-236.5946834312838,82.74236969793735,59.28945331026239,0.09725966434483112,-0.1321730805146627
328.0,-44.099884275976784,-235.91354392413646,-44.23852793530656,-235.83091961237366,82.77976880577462,58.591139629291035,0.09613890980850825,-0.13228988198590633
329.0,-58.91651691379182,-232.65606382543925,-59.54660092620878,-232.88956169611083,82.44884288094109,56.98294190018762,0.09354336089734441,-0.13195067457318685
330.0,-72.75664178713036,-228.7060801025176,-72.69678641239027,-228.60501719414347,81.89794408319052,55.470643539362584,0.09108399060151381,-0.13123494187002985
331.0,-77.92787260912402,-226.99613800815231,-78.04906160263769,-226.91939127039055,81.57885688244932,54.868147920506885,0.09010444522723415,-0.1307926479863293
332.0,-96.40690191671264,-219.7855983972138,-96.55250703606782,-219.74523785302222,80.55879711024964,52.947739098216665,0.08696015799671207,-0.1293957836306234
333.0,-100.31048277282797,-218.03166523668574,-100.4865156116248,-218.20530370680072,80.37941635110134,52.560605966172695,0.08632515694900583,-0.12915846998178193
334.0,-114.22737432889771,-211.07370028955734,-114.30395877210736,-211.146321440768,79.06082671711194,51.2720620591215,0.08418792446271602,-0.12722909125172238
335.0,-126.34371909056534,-204.05211257510737,-126.31908207862283,-204.06386135165803,77.90163501102616,49.887753373182214,0.08189799006482246,-0.12553132924075128
336.0,-131.26755794938245,-200.91995478300683,-131.35411041909384,-200.81648784560284,77.23292595811354,49.37237093178237,0.08103796293827652,-0.12452870958362791
337.0,-147.41105104552028,-189.39372225513446,-147.50496121253846,-189.49752018830895,74.88819333452066,47.86935718894781,0.07850721918137908,-0.12099475074240118
338.0,-150.46171341458552,-186.97933788616092,-150.54546733572542,-187.0100768472812,74.4093107812011,47.36793432110377,0.07767871625029663,-0.12026982248319297
339.0,-162.54757719017783,-176.5737385615516,-162.57042885843288,-176.54929314453503,71.89844905748909,46.22679805353721,0.07573442853883398,-0.1164209313132454
340.0,-172.298861535466,-167.07214703110247,-172.25266547004654,-167.19085439934412,69.69323329876994,45.01851155651267,0.073696768306681,-0.1130297995165147
341.0,-176.57373856155155,-162.54757719017792,-176.65820523816842,-162.59874767770688,68.50909630401519,44.39869359594034,0.07265405797781847,-0.11119914148240465
342.0,-189.39372225513446,-147.41105104552028,-189.493204349112,-147.4343430907834,64.06370464782572,42.787687121871386,0.06990434348922757,-0.10428127080769445
343.0,-191.5241345472574,-144.63231273102164,-191.45471031063195,-144.6890262457894,63.22891377815079,42.62543129298019,0.06961248349616977,-0.10297668238442387
344.0,-200.91995478300683,-131.26755794938245,-200.6681047327493,-131.31655516461535,58.8662898737957,41.29231327057652,0.0673269879757171,-0.09614618698367088
345.0,-207.8460969082652,-120.00000000000011,-208.0332229422597,-120.00345866128487,54.89629498973665,40.26611589808919,0.06555519294556196,-0.08991794428809854
346.0,-211.07370028955734,-114.22737432889771,-211.27182786830153,-114.25805395681186,52.62259252655323,39.863918386410006,0.06484471190918378,-0.0863388975334088
347.0,-219.7855983972138,-96.40690191671264,-219.63955890155944,-96.41078167690712,45.618444076450196,38.43760100998852,0.062356082240998416,-0.07529392842853093
348.0,-221.01732430678882,-93.54860959024315,-221.11658768516608,-93.5468892001286,44.47520008698893,38.30541948410632,0.06211063479523426,-0.07349248823914474
349.0,-226.99613800815231,-77.92787260912402,-226.9689406939367,-77.99627346188959,37.8343662318407,37.283186003209,0.060293251711373494,-0.06299494650468573
350.0,-230.83815436147654,-65.67911761729998,-230.6287177592768,-65.71982589524784,32.124517823071386,36.67870361168375,0.05918083878484101,-0.05395226170950827
351.0,-232.65606382543925,-58.91651691379182,-232.72406584964793,-58.965940522186344,29.017068764106142,36.35975055996247,0.05859049458594695,-0.04903226459932042
352.0,-236.72671281665336,-39.50270166737619,-236.67383508265803,-39.5667742297668,19.360512202629582,35.55837182496453,0.057077479653008675,-0.03371175021590879
353.0,-237.15971329950222,-36.81399717088468,-237.08969843843246,-36.849583763096476,17.909392868604105,35.406874468860536,0.0568030867641852,-0.03140731513288123
354.0,-239.18027832160075,-19.819042913359848,-239.03100116714552,-19.849543435724904,9.384286239142156,34.93483673246688,0.0558436163407617,-0.01786296161009046
355.0,-239.8861727312078,-7.390814053481068,-239.90094289057106,-7.406619952499573,2.7865388290093307,34.685160458583404,0.055293856062814485,-0.007372974626832642
356.0,-240.0,0.0,-239.7849432355175,-0.0607371878026203,-1.047638398340122,34.683124245304946,0.05520065050179771,-0.0012692713979737327
357.0,-240.0,0.0,-239.94036003228425,-0.03867951003209729,-1.0001939371026511,34.667353243571746,0.05517528003318297,-0.001346684988550174
358.0,-240.0,0.0,-239.9909151599796,-0.008458535440559195,-0.9139774417156304,34.58731094485987,0.05504751864276268,-0.0014845219499965844
359.0,-239.18027832160075,19.819042913359848,-239.05261909724902,19.74932839489541,-11.422416984849628,34.671930256403506,0.05494022137936944,0.015251670311149709
360.0,-238.97620231080828,22.144406271192548,-238.98918736079597,22.175337767793703,-12.561248848909129,34.74549007211877,0.05502758419123509,0.017064954363061473
361.0,-236.72671281665336,39.50270166737619,-236.48843190757125,39.411233972100895,-21.049585432669275,34.84842103453166,0.05498031635266709,0.03060518830658592
362.0,-234.44359626230417,51.34393996955947,-234.2855487619381,51.325002231605986,-26.773595265938713,35.268916108313896,0.05550364745138483,0.03974221154942277
363.0,-232.65606382543925,58.91651691379182,-232.57469103277086,58.871910493780206,-30.21337366594072,35.556716984713496,0.055869269991690416,0.04523774173262838
364.0,-226.99613800815231,77.92787260912402,-226.6708146014969,77.82004370822979,-38.52636864237085,36.70325134569734,0.05746197882801131,0.058540588771084964
365.0,-226.3570642731066,79.76515187511829,-226.3730480764187,79.83105455347206,-39.29859989509116,36.73075150149748,0.057481117890060385,0.0597732797204443
366.0,-219.7855983972138,96.40690191671264,-219.7488682082878,96.44436389069214,-46.39998527149024,37.54223044433288,0.05856916399098363,0.07115661172612554
367.0,-214.83918992521498,106.97720538636918,-214.59956996434357,106.96311050430732,-50.28762517987307,38.421232418464065,0.059839316278275705,0.07740704612582791
368.0,-211.07370028955734,114.22737432889771,-210.6603831346789,114.25721276707213,-53.29494115933817,38.94999244343359,0.06059153332257884,0.08224158127577547
369.0,-200.91995478300683,131.26755794938245,-200.6883484355989,131.2913786923559,-59.10679389717928,40.350308869059226,0.06261158916492406,0.09161355943169876
370.0,-200.06457245306868,132.5675935105214,-199.836664631453,132.5790136005359,-59.54221789629214,40.5037489579713,0.06284002702132409,0.09231698879813925
371.0,-189.39372225513446,147.41105104552028,-189.4384031875935,147.4875191601609,-63.961027813955035,41.958828318686564,0.06497327368667768,0.09947709043374237
372.0,-182.2571799971297,156.14839204901813,-182.1247150236927,156.22648656155627,-66.66529561286444,42.83786048666108,0.06626527093669222,0.10387063685067875
373.0,-176.57373856155155,162.54757719017792,-176.23952641709647,162.50021267293903,-68.2362075136567,43.49050639137668,0.06722715500144821,0.10644289653761371
374.0,-162.54757719017783,176.5737385615516,-162.747461952142,176.73279430259524,-71.79490345183773,44.84900869979999,0.06921497253621985,0.11227197398031435
375.0,-161.6869544751737,177.36214013295822,-161.44967649259365,177.32772345218575,-71.96156867696055,45.16061704992677,0.06970362654737856,0.11255312386782793
376.0,-147.41105104552028,189.39372225513446,-147.18665446985503,189.32949780389436,-74.62091897273972,46.58014420363653,0.07181588877615104,0.11696029016145924
377.0,-138.66571953798027,195.8872589654932,-138.86224778475122,195.9932884517394,-75.98075815279628,47.45826384750864,0.0731318483323528,0.11922649021745854
378.0,-131.26755794938245,200.91995478300683,-131.1065727502646,200.86287241853424,-76.95631373014304,48.40378031453878,0.0745770468646451,0.12087411868315762
379.0,-114.22737432889762,211.07370028955737,-114.22217049341667,211.13602775552894,-78.82871380143409,50.12094792143313,0.07718418893747933,0.12406091876745484
380.0,-113.54245364064242,211.44292662858825,-113.53476292254777,211.43451468151338,-78.89433484463284,50.22883059429424,0.07735223398279259,0.1241737765632858
381.0,-96.40690191671264,219.7855983972138,-96.27279839076412,219.70350660876917,-80.17141898674696,52.10195634555569,0.08023213608644943,0.1264177259142227
382.0,-86.69799988491668,223.7933350570454,-86.60556156516941,223.73681216070955,-80.76672881524577,53.003944017121704,0.08161829826815148,0.1274835853201303
383.0,-77.92787260912402,226.99613800815231,-77.97380425632349,226.97604513014025,-81.24672280733144,53.984560932958466,0.08313932776420177,0.12835323238266858
384.0,-58.91651691379182,232.65606382543925,-58.78040200871885,232.49550201057207,-82.14637118553365,56.05352930711158,0.0863645965639976,0.13002012832365056
385.0,-58.539292826010545,232.75126464840227,-58.62302138553428,232.86960990969794,-82.22726113051722,56.0814078928697,0.08640438502200437,0.1301507961057788
386.0,-39.50270166737614,236.72671281665336,-39.573822242115995,236.70165418112535,-82.6425468112876,58.16369333974803,0.08967151429776204,0.13104503881979987
387.0,-29.4931897595314,238.18092232126457,-29.743265336838913,238.3166007467028,-82.91331562428303,59.38614149863304,0.09159732276258678,0.13159637533375834
388.0,-19.819042913359727,239.18027832160075,-19.828286902143336,239.17041966380953,-82.99465594053696,60.424880641791496,0.09324007075763939,0.13184726093970853
389.0,0.0,240.0,0.045106885800659864,240.12118022666792,-82.81088210677233,62.72588457467614,0.09689058831874414,0.13179816471373673
390.0,0.0,240.0,-0.015161628834999913,240.05330822040364,-82.80012901772284,62.79787267116961,0.09700599215937068,0.13178031253411568
391.0,0.0,240.0,0.188966533491678,239.8479513282149,-82.79637572029482,62.749790921349266,0.09693198267809401,0.13177683892779624
392.0,0.0,260.0,0.006893610288246942,260.06647232271933,-85.52706803352407,62.51358074356225,0.09630842682594998,0.13612064088278003
393.0,-19.90280573748887,259.23710830777253,-19.939265478846647,259.1392018525114,-85.71071242535515,60.269302871796405,0.09274790391260969,0.13616863994084652
394.0,-39.68881389690737,256.9529101828906,-39.79297194095347,256.8692149602187,-85.66148412620619,58.14936845676173,0.089401723968663,0.13584714286492222
395.0,-59.24191231481578,253.16081020822256,-59.44863708794502,253.27392198875665,-85.26249594119916,55.955807308303896,0.08595459442663353,0.13497141104831578
396.0,-78.44735563475001,247.88306193428195,-78.64476648650209,247.88041041076352,-84.60790496523403,53.826219227809936,0.08263130391900626,0.13369450267706298
397.0,-97.19243867859988,241.1506372865446,-96.95981074462419,240.95700702346426,-83.7270564326184,51.878730937967845,0.07961657077304544,0.13206828484609384
398.0,-115.36715784540952,233.00304480987447,-115.28892567191605,232.9981267955716,-82.53993977893792,49.93600742517814,0.07662210246206604,0.1299544538382317
399.0,-132.86485665624872,223.48809781667228,-133.06224816668563,223.6272622048532,-81.16074959608555,48.08780825085784,0.0737953668423713,0.12754173508916444
400.0,-149.58285165684137,212.66163379934656,-149.53045137430522,212.6561410363394,-79.3293358584235,46.425476785584,0.07128404716813043,0.1244252639592947
401.0,-165.42303500490553,200.5871867537052,-165.35452069009776,200.72392612956682,-77.07195287909975,44.808091750239406,0.06885603244780415,0.12063873041556777
402.0,-180.29245020598285,187.3356143362046,-180.3911473694225,187.38187898001846,-74.32258226709895,43.057912296013605,0.0662339350229081,0.11607881802364074
403.0,-194.10383761911035,172.98468204304694,-193.98032609582683,173.00655766208914,-70.84485103263204,41.71462485694172,0.06427208083388412,0.11037741055333547
404.0,-206.77614653109086,157.61860685132586,-206.6262245389503,157.68336197078722,-66.79869686078572,40.18226457664022,0.062020916463734664,0.10378288220856177
405.0,-218.23501079430696,141.32756300031753,-217.9362795360321,141.38942673164513,-62.049277196828506,38.57872183854341,0.05966835031429678,0.09608543210847748
406.0,-228.41318523684504,124.20715281318833,-228.2521051551289,124.26725434664677,-56.45429029555432,37.13352480596757,0.05757794258022525,0.08705439625325732
407.0,-237.25094028390302,106.3578456645483,-236.99561807970545,106.3602604082486,-49.94537505384773,35.98028969061733,0.05596181835763715,0.07658805433883564
408.0,-244.696412474686,87.88438838621069,-244.61554969244,87.95719699700412,-42.666207380757356,34.73911209947808,0.05421180468712947,0.06490957807542559
409.0,-250.70590881781666,68.89519057113208,-250.60221197805242,68.90298518749559,-34.32081942926437,33.77250998192404,0.05290676605211912,0.05155416213982977
410.0,-255.24416319918228,49.50168838281375,-255.2683655924433,49.4820046787294,-25.72107106629653,32.69095260981627,0.05142326225345236,0.037810091269975116
411.0,-258.2845433375155,29.817690603584015,-258.2455740968319,29.805463089240657,-16.576689039328212,32.322238833863075,0.051077414124202095,0.023219893467063858
412.0,-259.8092070732106,9.95871075940916,-259.8752812116159,9.980984713343497,-6.483267844099248,32.324000317591235,0.051323007461477,0.007135755728949591
413.0,-260.0,0.0,-260.04052622563114,0.017184403928427957,-1.239369977290291,32.32686762688065,0.051449597318025515,-0.0012121906879710165
414.0,-259.8092070732106,-9.95871075940916,-259.7226413017385,-9.988508766541562,4.03700816168212,32.45787466331213,0.05178064094511793,-0.009605914184326776
415.0,-258.2845433375155,-29.817690603584015,-258.19958725107386,-29.82432456931765,14.063882794621245,32.85814094532927,0.05266061321648754,-0.02554552799863729
416.0,-255.24416319918228,-49.50168838281375,-255.34454241924087,-49.553229640734,23.96851685964661,33.5860574944413,0.0540607477511659,-0.04127427705168817
417.0,-250.70590881781666,-68.89519057113208,-250.5922425351553,-68.93361832786057,33.1820758185601,34.41715165553949,0.05562082628478094,-0.05587991028173028
418.0,-244.696412474686,-87.88438838621069,-244.58244749681185,-87.948589702679,41.526105107114006,35.42637669943812,0.057459933667635715,-0.06908624355070495
419.0,-237.25094028390302,-106.3578456645483,-237.19418569391541,-106.46265064713327,49.11717608494573,36.72472125992033,0.059753054416125204,-0.08107732440367507
420.0,-228.41318523684504,-124.20715281318833,-228.27506073287816,-124.24620986788443,55.894722849195404,38.09836627173116,0.06215707312028235,-0.09175489281791305
421.0,-218.23501079430696,-141.32756300031753,-218.36428334727714,-141.36291781947898,61.708263393497134,39.6120047043875,0.06477573136431627,-0.10088605294104953
422.0,-206.77614653109086,-157.61860685132586,-206.56898086788354,-157.61242719946955,66.73887200866085,41.023433874018814,0.06722109795656792,-0.10874805847021987
423.0,-194.10383761911035,-172.98468204304694,-193.88043342551578,-172.98034571766894,70.78987283250292,42.67235667462379,0.07003365058267498,-0.11504003022975988
424.0,-180.29245020598285,-187.3356143362046,-180.34453183868303,-187.38474544875433,74.44466391341552,44.16262042933974,0.07258188930614079,-0.12069103707519659
425.0,-165.42303500490553,-200.5871867537052,-165.40795377690787,-200.6211128910243,77.30697801240927,45.957626470039315,0.07560083558168731,-0.12506362358425444
426.0,-149.58285165684137,-212.66163379934656,-149.47594093019464,-212.6782426108189,79.47841509575494,47.50471273101426,0.07821076318050403,-0.12832445410941667
427.0,-132.86485665624878,-223.48809781667225,-132.5631551593608,-223.43041200854805,81.45552201906133,49.12226864480656,0.08091686490149728,-0.13126398707956377
428.0,-115.36715784540952,-233.00304480987447,-115.35822972670553,-232.94058051509023,82.96550496121961,50.82135972094748,0.08373752311250635,-0.13345649131683315
429.0,-97.19243867859984,-241.1506372865446,-97.49051438075861,-241.25059128208747,84.13159431694072,52.67358663169714,0.08678720627466323,-0.13509355474222456
430.0,-78.44735563475001,-247.88306193428195,-78.31468553711545,-247.75928685363567,84.82325685437944,54.71132275829995,0.09011007586541077,-0.1359595240044476
431.0,-59.241912314815835,-253.16081020822253,-59.41033106835056,-253.07274651975885,85.46263912627721,56.73879220420597,0.0934019675046298,-0.13674561137910493
432.0,-39.68881389690725,-256.95291018289066,-39.71755842770538,-256.9941340541049,85.71001950232075,59.092854078452056,0.09719659846768366,-0.13689815262353433
433.0,-19.902805737488805,-259.23710830777253,-20.391157915899342,-259.3225358130959,85.89169705057556,61.11616634061685,0.10044531582027835,-0.13695061151930937
434.0,0.0,-260.0,-0.029571443703510638,-259.8661781081976,85.55689882943004,63.404534885082285,0.10409402544739475,-0.13616839580383863
435.0,0.0,-260.0,0.0011604547720468112,-259.9354150655654,85.70734163111244,63.37715365676303,0.10405129481218392,-0.1364074565865152
436.0,0.0,-270.0,-0.2755058442575544,-269.97909623025413,86.84116451604548,63.02140924802607,0.10360811469165414,-0.1382153800784518
437.0,-29.70221966840145,-268.36128287584637,-29.59563891240788,-268.1351628841592,87.07991844532656,59.89613823819082,0.09861150879281794,-0.13895445163298617
438.0,-59.04389462572155,-263.46502330940757,-58.9310275191206,-263.4520352576939,86.82837018460411,56.71710918432913,0.09349457277427717,-0.13891336985020908
439.0,-87.66885668526453,-255.37065525917131,-88.08929228950153,-255.4899385391844,86.0944312077061,53.54627881244593,0.08835052791785868,-0.1381023701668038
440.0,-115.22963758402902,-244.1764333883459,-115.18510850644327,-244.0786162151791,84.62154734300219,50.59970747378761,0.0835211598257315,-0.13609004441624895
441.0,-141.391686776727,-230.01824038634834,-141.74226869016388,-230.16794137522706,82.57826220542074,48.13180422538634,0.07942300615779432,-0.13316329993862477
442.0,-165.8374324262103,-213.06793753702627,-165.82314015007367,-213.12588203696717,79.56023000298775,45.59360334269152,0.0751746203490031,-0.12865487028382513
443.0,-188.27013629537882,-193.53127855548186,-188.21585112473068,-193.50683288402078,75.74791122073309,43.229956715205496,0.07117248594140481,-0.1228616194192591
444.0,-208.41749574740666,-171.64541201669127,-208.55885929329136,-171.72780842335624,70.358684443637,40.91353184180604,0.0672190541306545,-0.11453353887823194
445.0,-226.03494913088267,-147.67600269305527,-226.02659146321238,-147.69239103190827,63.59993886937025,38.5700227046638,0.06319488239234806,-0.10399058804778323
446.0,-240.9086444269664,-121.9140067439401,-240.98835613892558,-121.90000205083236,54.75099948697656,36.42270165938883,0.059461436116612906,-0.0900902999355828
447.0,-252.85803512320476,-94.67213990204375,-252.93741340301824,-94.73812502083024,44.003833909054315,34.5439234080608,0.05613861688877914,-0.07313199445619532
448.0,-261.7380718036192,-66.2810815280158,-261.6133390933599,-66.29682010327036,31.749274022800876,32.97152093827558,0.05328774074307796,-0.053734510469626164
449.0,-267.4409628521259,-37.085460610970195,-267.480429541402,-37.10833053726802,17.6632242793592,31.895951445466835,0.05121844808902642,-0.031387720114103915
450.0,-269.8974828967369,-7.439672439403683,-269.90445537135633,-7.515095980712448,2.6936706102414996,31.211266617877016,0.049766310800540045,-0.007592622469486771
451.0,-270.0,0.0,-269.89388744890044,-0.11422722178045606,-1.1591984753133795,31.25504351484084,0.049745345657078326,-0.0014604614439070553
452.0,-269.0778131118009,22.296423277529694,-269.03838195035587,22.28184342822675,-12.790821176479948,31.208815456886736,0.04939748734808311,0.017062318399430176
453.0,-264.9919031781528,51.761870619409386,-265.0305696547518,51.778235308100896,-26.616295201372225,31.79358309370625,0.04996693243654014,0.03911532728438826
454.0,-257.689350507467,80.59899897045744,-257.4902108937361,80.62081997033572,-39.35122626826134,33.12882202938136,0.05173879685286906,0.05947594614587091
455.0,-247.2587981968655,108.45776465630172,-247.14771079571582,108.43203222328145,-50.41483042860407,34.88546391246222,0.05419397608024553,0.0772108833692949
456.0,-233.8268590217984,135.0,-233.62053452899497,134.95632300857463,-59.83353105058586,36.893410420053385,0.05706487993205003,0.09236687794496472
457.0,-217.55657852846403,159.90351821954462,-217.26087232038302,159.9082261384526,-67.23680124149242,39.07778716335736,0.0602358382140586,0.10434990474348758
458.0,-198.64545588174556,182.86602433895007,-198.76674482046067,182.96745185387502,-73.08610609727849,41.32401240264431,0.06352841100360031,0.11388585963574831
459.0,-177.32304649288827,203.60878463976198,-177.23223319025817,203.62029060286818,-77.63701067383165,43.70670179980624,0.06706764420184357,0.12139258180445156
460.0,-153.84817552777187,221.8800101108162,-153.87728312238062,222.0011408397415,-81.05785990295563,46.1048388658293,0.07065928811034276,0.1271230598882064
461.0,-128.5057961200099,237.45791282575203,-128.62234645467603,237.52963614284707,-83.34663659680429,48.67460849016724,0.07455902643284724,0.131075057657028
462.0,-101.6035304259156,250.15339814799646,-101.42138262542052,250.02585780213812,-85.19173244064264,51.51986219840045,0.0789343474653555,0.13434474836335966
463.0,-73.46793550824049,259.8123600834976,-73.37438769948555,259.6976764085204,-86.36049423612542,54.36755003381907,0.083348132919166,0.1365483813198089
464.0,-44.44053937579815,266.31755191873503,-44.22067711370502,266.1138991576252,-87.01027874063493,57.43670740793368,0.08815426928539676,0.1379395901808117
465.0,-14.873695296083689,269.5900094369954,-14.855478391901885,269.66216043269077,-87.02857929635464,60.80423846859674,0.09347040596902227,0.13832835121194803
466.0,0.0,270.0,-0.025990677561085685,269.97618733880313,-86.68382224275274,62.33798120497511,0.09590758746928144,0.13796126965320984
467.0,0.0,280.0,0.25692773905685495,279.8118120695935,-87.90143505975287,62.24936637359222,0.09564609595557647,0.13990262553335903
468.0,0.0,280.0,0.04372644333146353,280.0036614645341,-87.91473557375947,62.27694978374478,0.09568764674197246,0.13992118288837238
469.0,-19.974971295785068,279.286592090871,-20.071014666129365,279.2793794126156,-88.33252542018336,60.051056897178206,0.09215389844771162,0.14033977139201884
470.0,-39.848154716519865,277.15000372666117,-39.68404599284488,277.0258550114347,-88.43049028584954,57.97357427741175,0.08887508101868351,0.1402554870556451
471.0,-59.5182810748335,273.60112247192467,-59.41336191652408,273.3696216220861,-88.1503012721219,55.85895656869943,0.08555434019890039,0.139567927993418
472.0,-78.8851159156003,268.6580326120593,-79.32682398931154,268.85930919195454,-87.60396329011705,53.722303636968185,0.08220898911530342,0.1384545244592972
473.0,-97.84997028774752,262.3459229999333,-97.82750092487045,262.2835500729512,-86.95382826614133,51.74641682908062,0.07914480073418584,0.1371932251433447
474.0,-116.3162036405282,254.69695869926514,-116.3034588934032,254.75896520614242,-86.06328561407348,49.88816114805396,0.07627944834927469,0.13554960793623216
475.0,-134.18971628161592,245.75011707883155,-134.20366310200959,245.7233431683936,-84.8207934926292,48.061536409296366,0.07348294380377078,0.13335289699209948
476.0,-151.3794288875673,235.55098919273073,-151.4277158590668,235.59502945628552,-83.38326341708857,46.30753109548572,0.07081539882800698,0.13085405431160094
477.0,-167.79774662317712,224.15154745882091,-167.69193612103314,224.22206625311242,-81.59072995772449,44.6359400491372,0.06829426342127302,0.12780196124013185
478.0,-183.3610055046798,211.60988081919234,-183.5117618685457,211.71881281555807,-79.28231908825192,42.99938881248277,0.06584273823755395,0.12393426625774316
479.0,-197.9898987322333,197.9898987322333,-197.77728579327893,198.00039744317334,-76.62185206485553,41.47933273755236,0.06359150291743118,0.11952529199618231
480.0,-211.60988081919234,183.3610055046798,-211.30866920352517,183.36223635871264,-73.35240522204457,39.95128232253557,0.0613388083106773,0.11415608724855542
481.0,-224.15154745882091,167.79774662317712,-223.98566727590796,167.9572973957427,-69.52467285577808,38.42933672264887,0.05910522052684571,0.10790880712783675
482.0,-235.55098919273073,151.3794288875673,-235.5304931627451,151.5020192284987,-64.8163728719889,36.877676101880745,0.056837203294180565,0.10027392579860576
483.0,-245.75011707883155,134.18971628161586,-245.69706474441784,134.22638417968074,-59.52395006174901,35.40978059798272,0.05471254927407397,0.09172626356043495
484.0,-254.6969586992651,116.31620364052826,-254.7884268336777,116.40674525168917,-53.37169300032076,34.03429919240845,0.05274163926031337,0.08182330067058483
485.0,-262.3459229999333,97.84997028774747,-262.32077903257556,97.8897599480868,-46.320111386407405,32.88030987683789,0.051131785238494966,0.07050811145284833
486.0,-268.6580326120593,78.88511591560035,-268.59667462086315,78.90752181331003,-38.58536384804364,31.770771752308292,0.04959837542328298,0.05812101768685321
487.0,-273.60112247192467,59.5182810748335,-273.67725890834237,59.541720809093555,-30.015053199489135,30.877078419528686,0.048413190747603835,0.044418722873410456
488.0,-277.15000372666117,39.848154716519865,-277.17947096682445,39.8535551719012,-21.214213128093082,30.01711496036161,0.04728563682399228,0.030368859370102905
489.0,-279.286592090871,19.974971295785068,-279.20603730335495,19.959941050814578,-11.648896927354201,29.97714066348262,0.04746565230698866,0.015120366511312482
490.0,-280.0,0.0,-279.79941673102985,0.0036239363171908976,-1.5610956879663425,30.051748819780922,0.04782879934999189,-0.0009421349122116748
491.0,-280.0,0.0,-279.9411457764991,-0.05448428849715662,-1.4167941239822417,30.08693204196724,0.047885506837093306,-0.0011735337360261693
492.0,-279.286592090871,-19.974971295785068,-279.19037626281687,-20.060648889442376,8.805868496480112,30.401113019471325,0.04863055634816445,-0.017434211958233102
493.0,-277.15000372666117,-39.848154716519865,-277.18180032044023,-39.95258362570086,18.787839990008152,30.99798799406967,0.049824128359381305,-0.0332964140331314
494.0,-273.60112247192467,-59.5182810748335,-273.52826334118976,-59.60512703551627,28.09610566468652,31.68272947451085,0.05115461243888868,-0.04806623420224039
495.0,-268.6580326120593,-78.88511591560035,-268.6610567861083,-79.00614019058428,36.93064529785533,32.48403474442322,0.05266753306698858,-0.0620672321812039
496.0,-262.3459229999333,-97.84997028774747,-262.4063948465132,-97.94629094921957,45.02543392594,33.5647803265823,0.0546195525957542,-0.07487388774055026
497.0,-254.6969586992651,-116.31620364052826,-254.7947184448113,-116.41499987227719,52.4043011314695,34.888389764039864,0.05695232821984037,-0.0865244996479434
498.0,-245.75011707883155,-134.18971628161586,-245.62298865978505,-134.24480797369725,58.87009249518729,36.17095943328271,0.05921196242314956,-0.09670280028745248
499.0,-235.55098919273073,-151.3794288875673,-235.6037077878109,-151.41988672479772,64.3100603389678,37.59879993964969,0.06169478389202162,-0.10523807215241357
500.0,-224.15154745882091,-167.79774662317712,-223.91128768496893,-167.8460123678775,69.08551081869007,39.09429569915877,0.06427610963213515,-0.11269524089400225
501.0,-211.60988081919234,-183.3610055046798,-211.59879638838882,-183.31793910586774,73.00914640291873,40.7143732338109,0.06704402737747639,-0.11878911012833207
502.0,-197.9898987322333,-197.9898987322333,-198.05804219670256,-197.97239788635056,76.5658880751427,42.1735305142052,0.06954582107583178,-0.12428400706344844
503.0,-183.3610055046798,-211.60988081919234,-183.37452070656752,-211.5381996509242,79.19904086026864,43.78842892202367,0.07228215172397022,-0.12829497119079902
504.0,-167.79774662317712,-224.15154745882091,-167.9103047584861,-224.22512425366747,81.6111423554615,45.45482054831996,0.07508967278991541,-0.13194456011960573
505.0,-151.3794288875673,-235.55098919273073,-151.47690397614375,-235.5931370215121,83.41599734660731,47.02532256668644,0.07772842812746773,-0.13461581664009678
506.0,-134.18971628161586,-245.75011707883155,-134.44237811338147,-245.7615319874461,85.01889063552629,48.58683376821791,0.08033818244892732,-0.13695827916578934
507.0,-116.31620364052826,-254.6969586992651,-116.2001023278108,-254.6818676538696,86.23551001281508,50.51097176261472,0.0835097902878253,-0.13867117638670853
508.0,-97.84997028774747,-262.3459229999333,-97.81261925028423,-262.2478417974882,87.01264732883355,52.4604724963422,0.08670517735124433,-0.13968283783334862
509.0,-78.88511591560035,-268.6580326120593,-78.90537611065976,-268.5951705328112,87.79914970570626,54.37844519661112,0.08983546127369975,-0.14070303874988188
510.0,-59.51828107483337,-273.60112247192467,-60.01377144882864,-273.73068940928346,88.28661226370099,56.436423035737086,0.09317372929276276,-0.14124749453687108
511.0,-39.848154716519865,-277.15000372666117,-39.65888023666602,-277.0069424531059,88.43235912056075,58.591869450297914,0.0966443529893793,-0.14123017206349855
512.0,-19.97497129578493,-279.286592090871,-19.899682776331556,-279.0212019767501,88.2737998214174,60.803649925510115,0.100189179527762,-0.14073582674593213
513.0,0.0,-280.0,-0.08798001380939875,-279.94109722428385,87.9483521784772,62.81170001300561,0.10339635643391286,-0.13997522734875736
514.0,0.0,-300.0,0.21465740525887975,-299.80358149550347,90.17706779625026,62.28202364091885,0.1027966056113657,-0.1435186320296432
515.0,-14.953765698209317,-299.6270763656767,-14.900931474227255,-299.4611301074183,90.48240881305209,60.709371953801075,0.10028945872084018,-0.14418971755810545
516.0,-44.71267985285254,-296.6492478675385,-44.77691447095634,-296.4405074144545,90.7571811535074,57.60451413455692,0.09531093054136386,-0.14499292167344244
517.0,-74.02721930708819,-290.72318586872336,-73.85072228662362,-290.4691442790596,90.47329443650256,54.43051900102416,0.09018622927052866,-0.14489716806612077
518.0,-102.60604299770075,-281.90778623577245,-102.69745510384995,-281.75364526852326,89.78089450028308,51.44851922621936,0.08533349074599905,-0.14414846449588964
519.0,-130.16512173526763,-270.2906603707256,-130.1490989373092,-270.3771102328302,88.55012134760898,48.68666057260949,0.08079852806162047,-0.14252582772245143
520.0,-156.43056101384963,-255.98726448964658,-156.54728175734587,-256.0933632538971,86.69214120698325,46.15545834289737,0.07659506193163525,-0.13989205831581844
521.0,-181.14132309764332,-239.13975216687666,-180.9953720677602,-238.97123310066002,84.21142544428115,43.666966719980074,0.07242481024185557,-0.13624329165419571
522.0,-204.05182133127593,-219.91556154894775,-203.97699206663364,-220.0402323223444,80.76987172816547,41.507754321302194,0.06875646952455522,-0.13104734407249083
523.0,-224.9343608903204,-198.50575127905765,-224.95363729221162,-198.55377959647151,76.33241178459811,39.04453406670498,0.06457298872649689,-0.12424180762958113
524.0,-243.5814017147571,-175.12310167043677,-243.78032109041473,-175.05608610170597,70.6739259385081,36.760870130640306,0.06065064907388339,-0.11546661758709964
525.0,-259.80762113533166,-149.99999999999986,-259.9181817140643,-150.05405696968091,63.529487031031465,34.72049933944984,0.05709709892980265,-0.10429352985092251
526.0,-273.45175569350204,-123.38613093918327,-273.48839734898075,-123.46831404412849,54.44234016017075,32.648150876119054,0.05347325903996025,-0.08999708048266056
527.0,-284.3782038501395,-95.54599507550525,-284.6026855804069,-95.58235285973832,43.62249162822305,30.757464419515372,0.05012261947580169,-0.07291287309545981
528.0,-292.4783736545471,-66.7562801868942,-292.4854295730659,-66.79737992466987,30.931484565776753,29.48967685868283,0.047752344122206546,-0.05281104777926149
529.0,-297.67176198005166,-37.303111394245384,-297.51892684934177,-37.32248822537462,17.055889732699708,28.550527895845885,0.045896663925840665,-0.03078899782360416
530.0,-299.9067546002449,-7.47920752142165,-299.7680641791613,-7.521966573967252,2.288191090803134,27.76706576930808,0.04428477904399877,-0.007313020577972344
531.0,-300.0,0.0,-299.8167335973742,-0.07825833506597143,-1.6393639833368006,27.874542155136112,0.044364670131839735,-0.0010627185878665812
532.0,-299.16113915435403,22.419028075927233,-299.05208742284776,22.362301671154814,-12.991348389085767,27.670007449249752,0.04376431410747865,0.017013890333859298
533.0,-295.4423259036624,52.0944533000791,-295.49993015886406,52.13241531149506,-26.608136578543963,28.248434982765662,0.04432031634515626,0.038729185001380666
534.0,-288.7872740850036,81.25214044290156,-288.6180298801861,81.18733562129204,-39.318380471253114,29.833285299609447,0.04648684914421984,0.059042448881676375
535.0,-279.26212459326126,109.6023073099186,-279.1259509649794,109.64632678719163,-50.588231496021585,31.36706482812203,0.048579398587236616,0.07709522309965121
536.0,-266.9615426434406,136.86319720594886,-266.9068173451274,136.91969407218684,-60.09500465046273,33.21249758162946,0.05118247984664256,0.09237536990142607
537.0,-252.00777694523143,162.76387915972782,-251.64940636907886,162.75388850346553,-67.98144044124878,35.56606843203874,0.054611913515896914,0.10511387939453463
538.0,-234.54944474040897,187.04694055762002,-234.22575796516057,187.1198939184609,-74.16087972792832,37.66136235167184,0.05764826755400674,0.11516214942396295
539.0,-214.76005477791557,209.4710454258218,-214.93417345163797,209.68427220981815,-78.96729641820906,39.94068201129871,0.06099957213238481,0.12304806268431281
540.0,-192.83628290596178,229.8133329356934,-192.48749695417965,229.74590577950667,-82.77184338138146,42.25247292137043,0.06443320735763873,0.129378091076561
541.0,-168.9960174190866,247.87163229479847,-168.84102863593142,247.8518805316414,-85.59495504580802,44.55903265952716,0.06788246781469166,0.13416081049548645
542.0,-143.47619358639545,263.46647201106856,-143.5270808830726,263.41611464436556,-87.61198735241642,47.13744890617687,0.07179552997178398,0.13768103634659937
543.0,-116.53043888240843,276.4428635611223,-116.304101925328,276.2752687192754,-89.11732704746454,49.87896501187714,0.07600130265856797,0.1404102579663541
544.0,-88.42655232327125,286.67184173584224,-88.49236836109556,286.73510631170126,-90.14916683858853,52.81122385539718,0.08054003620505068,0.14239309154517144
545.0,-59.44384295981928,294.05174635456314,-59.4893293402554,294.04761180903796,-90.75310707802142,55.69768894448496,0.08504443201851142,0.1437094917216124
546.0,-29.87035397874497,298.5092326096204,-29.649197728548913,298.14306838680824,-90.65227520825196,58.77472158092338,0.08989152461435204,0.14391446409897563
547.0,0.0,300.0,0.014833027419293146,300.0841068859233,-90.11639164235054,61.88320975049691,0.09481506534581502,0.14342487349453692
548.0,0.0,320.0,-0.048003700974630054,319.8559060438643,-92.294468045504,61.50591312263598,0.09397243442455872,0.14689062019476587
549.0,-9.951955926347804,319.84521033343617,-9.816288426468832,319.6354129975562,-92.55488907297335,60.5284613298341,0.09241947195233052,0.14718546121480547
550.0,-29.817365594902867,318.60779135008596,-29.879048938755428,318.6485672826149,-92.85335170662749,58.484489304193545,0.0891784753108067,0.14741477116583854
551.0,-49.56741766850712,316.1377407170421,-49.74710296343516,316.13748127354575,-93.00049092743143,56.56413753981982,0.08615289375528312,0.14740562699033666
552.0,-69.12570303247473,312.44461458035425,-69.16782061017052,312.4982855538958,-93.11486003013262,54.575775484426465,0.08303288638881151,0.14734980606850204
553.0,-88.41655448026567,307.54270092759185,-88.40766030584184,307.4291199373792,-92.83770976719548,52.53638526102977,0.07984917797312652,0.14667307793045165
554.0,-107.36533945520803,301.4509643103965,-107.77797097411126,301.56085273996564,-92.39215381807016,50.578087853475864,0.07680431935773008,0.14572672594392305
555.0,-125.89874878936075,294.19297247431564,-125.6825070208369,294.08158336190195,-91.66510980637531,48.747566772696935,0.07398255298249867,0.14435032309362641
556.0,-143.94508032244346,285.7968051797733,-143.76712474005092,285.7750012710126,-90.7924802380612,46.980965316512304,0.07127264992576464,0.14274000817818486
557.0,-161.4345163035647,276.29494556693237,-161.55033204239064,276.3308232100501,-89.73378188278599,45.21891010577978,0.06858391455037627,0.14083724695594205
558.0,-178.2993935025371,265.72415448473527,-178.031228524516,265.7126519787018,-88.56515503116788,43.70514279564045,0.06630471950438942,0.13877547846318755
559.0,-194.47446498577014,254.12532827032112,-194.25693005423489,254.21023747092386,-86.95055245719038,42.09172373173421,0.06387775306982252,0.13600704292896726
560.0,-209.89715254398072,241.5433405290423,-210.14344264658027,241.71563497589577,-84.95306656153109,40.501154908953986,0.06149930522287877,0.1326333836997301
561.0,-224.50778879512856,228.02686852720217,-224.29544167061093,228.0324251614924,-82.86009193938143,38.96897841156601,0.05922834848977767,0.12912899198280336
562.0,-238.24984802592493,213.62820486916914,-237.97552739825937,213.6799773380236,-80.06902657054357,37.587113686210614,0.05720481651165664,0.1245193338445935
563.0,-251.0701648788371,198.40305518744808,-251.06265210458585,198.50125093770131,-76.83900616060868,35.99780364451791,0.05486124446968672,0.11921831903806826
564.0,-262.9191400385282,182.41032262841046,-262.98579639460195,182.5119372968696,-73.07498307991683,34.514138651658534,0.05269573898501093,0.11308166782137145
565.0,-273.7509321219724,165.71187996746417,-273.50312772091434,165.72505656835202,-68.81040718656334,33.12634297545093,0.050692582039180485,0.10616557901376616
566.0,-283.52363502986077,148.37233023530467,-283.20844305302967,148.34344653094968,-63.67997984023452,31.616555117392064,0.04850255213945955,0.09788138955676935
567.0,-292.19944007315803,130.45875678134036,-292.0246458342035,130.48499925664106,-57.91748524391365,30.214117704888796,0.04648921559297576,0.08860212276503575
568.0,-299.74478224757604,112.04046374124499,-299.546402303604,112.06130461415988,-51.5657122938897,28.95158436771891,0.04470546586715543,0.07840084339367631
569.0,-306.1304700900543,93.18870791272064,-305.7381719556061,93.16397205161884,-44.181700848183844,27.862900481048005,0.043204206766099935,0.06657299374441304
570.0,-311.33179861485996,73.97642307679028,-311.2212825876442,74.0131932483212,-36.21837920901232,26.848566037596743,0.041824382428324584,0.05383182221420619
571.0,-315.328644892378,54.47793783116757,-315.09024432594106,54.454389219811674,-27.721117016482022,26.02598582461467,0.0407547415007926,0.040260626337867894
572.0,-318.1055459008168,34.76868802735189,-318.0205560888127,34.74588053855306,-18.914206477335924,25.206408339974626,0.03969171299266544,0.02620810543247256
573.0,-319.65175834963543,14.924924923973672,-319.56273854911217,14.870215586303019,-9.69629208705892,25.264366139731663,0.0400273724253478,0.011518451963614266
574.0,-320.0,0.0,-319.916812847119,-0.00470147672767605,-2.1028122525430604,25.50183398139158,0.040587486939331334,-0.0005712828840259782
575.0,-319.9613002432478,-4.976579814512195,-317.55584723602504,-5.5691248561522855,0.12485835133176358,26.136181188462526,0.041665229217920256,-0.004087816084109589
576.0,-319.0329740242014,-24.858831132481885,-318.239914589217,-24.769195279906352,9.992326175880764,25.688473316950123,0.04118782275139626,-0.01980075663919806
577.0,-316.87037120629424,-44.64490846205539,-316.18247633724485,-44.71852160774401,19.70673633675666,26.54114821470127,0.042789215858001155,-0.03523652321199789
578.0,-313.48185847970615,-64.25826331382991,-313.821983152733,-63.81172097225147,29.227940857568683,26.543505229416088,0.0430268010580654,-0.05036108195276652
579.0,-308.8805453418994,-83.6230154281154,-309.07101205434515,-83.97936385401401,37.9300950905507,28.03894516182663,0.04565386020671025,-0.06415280555588553
580.0,-303.0842333795201,-102.66424634091761,-302.8927391013863,-102.63588218760572,45.57323744614512,28.91995325495229,0.04728451400985673,-0.07624157928112034
581.0,-296.11534739751727,-121.30828922892148,-295.9745487035784,-121.30495627942643,52.996154608858085,29.999478864262954,0.04923127202294531,-0.08797079197707686
582.0,-288.0008486619296,-139.48301391211882,-288.1408706196681,-139.51492449418708,59.1984579911386,31.229093531734236,0.05141128153391533,-0.09774612555255895
583.0,-278.77213059198414,-157.11810591146315,-278.5615984725387,-157.14832922815046,65.01170350617672,32.561670223638615,0.053748099038970445,-0.10688087605770094
584.0,-268.46489730505635,-174.14533848192877,-268.5465608805241,-174.13633391773172,69.79804995308639,33.932073436439715,0.05613721512499792,-0.11437592912777034
585.0,-257.1190254843762,-190.49883656853316,-257.363767303234,-190.49738687421404,74.03213331830045,35.44317048198577,0.0587425741395978,-0.120977726728578
586.0,-244.77841010388724,-206.11533166412724,-244.77615899677346,-206.25887730872424,77.77903438415068,36.88475965041106,0.06122996510598074,-0.12678694489020254
587.0,-231.49079460711994,-220.93440658295893,-231.60776950001173,-220.992027870778,80.73716289947869,38.43334998030275,0.06387505965948312,-0.1313336797364374
588.0,-217.30758619708354,-234.8987292030272,-217.24332002117475,-234.82956140651075,83.36130228597256,39.86070829490834,0.06631623887062367,-0.13533420626059067
589.0,-202.28365695178454,-247.95427427292466,-202.4908344019985,-248.12400711983062,85.59647178315237,41.438271612937164,0.06898982558765603,-0.1387109157106779
590.0,-186.47713153481632,-260.05053242504005,-186.25110813518654,-259.9721757302963,87.3966196965899,42.965260193362035,0.07156520759339345,-0.1413770526108585
591.0,-169.949162322328,-271.1407055864888,-169.88450179801922,-270.95773363660004,88.91470380368706,44.36412951068544,0.07392611708895992,-0.14359271712379576
592.0,-152.76369281636065,-281.181888031766,-153.26585341197415,-281.3516727056802,90.25549496264743,46.04267871846154,0.07672490541516648,-0.14552312439388504
593.0,-134.98721025985992,-290.1352323766632,-134.9987266301174,-290.07451737901175,91.19739703705507,47.871995681628874,0.07974318222893739,-0.14679849109826282
594.0,-116.68848841044968,-297.96609987125106,-116.53615414096946,-297.70667970351207,91.86577000251948,49.65514925718478,0.08267463017228911,-0.1476361290866873
595.0,-97.93832146812399,-304.6441944104736,-97.74094358211993,-304.5580069523283,92.50193723447785,51.753557951718854,0.08609825935485625,-0.14841843624886245
596.0,-78.80925018624052,-310.14367974389313,-79.28280196556558,-310.23007450590444,92.7685173026607,53.39910726062708,0.08878669807844891,-0.1486166552450476
597.0,-59.37528122543777,-314.44327943112444,-59.489883500524485,-314.2668586150878,92.9400082476739,55.44977325208415,0.09209987275562818,-0.14864718822551343
598.0,-39.71160083624295,-317.52635915624853,-39.75107606077338,-317.5598096484003,92.87574506817025,57.623000780903446,0.09559900047434819,-0.14830316955952638
599.0,-19.894283978073748,-319.3809910827502,-19.831173973867365,-319.25230878796305,92.74450817725499,59.5848422410813,0.09874209612489375,-0.14785034106002487
600.0,0.0,-320.0,0.1540864314062826,-319.9058106809929,92.16262307845635,61.52795070439574,0.10184265271385068,-0.14667948322017
601.0,0.0,-330.0,-0.1337386838235226,-329.9618961672807,93.18188819225828,61.32306369848221,0.10163972152232455,-0.1483052190183748
602.0,-29.5809719381332,-328.67151701842886,-30.047710789538453,-328.8127570285099,93.86505536618733,58.232557308741036,0.09670695436062315,-0.14975886895010426
603.0,-58.92377528355005,-324.69676423754777,-59.01862812527327,-324.7869267373921,94.02354220832956,55.41765120624476,0.09217758792074666,-0.15036591463218033
604.0,-87.79215903700288,-318.1077440296316,-87.78170603439771,-317.9930217049195,93.81902935961331,52.34206144003311,0.08719943000797205,-0.15039268295902758
605.0,-115.95369194684316,-308.95750731111326,-116.28204088845321,-308.94457585190304,93.16995582575686,49.53197826226645,0.08261622765467669,-0.1497086931733636
606.0,-143.18163390879423,-297.31972640779827,-143.25192644697734,-297.1260728047708,92.05295958762524,46.79177322890653,0.07811031500703833,-0.1482612379029937
607.0,-169.25676154394907,-283.2881018886158,-169.7355290345794,-283.44012829760794,90.62450447025515,44.19189804778089,0.07380487375096534,-0.1463121249362647
608.0,-193.96913325651613,-266.97560814373264,-194.20914853502333,-267.15562307197433,88.50869014598588,42.147157870597376,0.0703511327918771,-0.14324442960661896
609.0,-217.11977956010514,-248.5135837811916,-217.20480676259047,-248.5771449010716,85.764752417556,39.690019376411136,0.06621294530162389,-0.1391589442789213
610.0,-238.52230506303917,-228.05067416566536,-238.37448683480793,-227.96826076625715,82.10128159349354,37.53048721314116,0.06252354667122133,-0.13358761387122706
611.0,-258.0043892144499,-205.75163461338198,-257.97963069910674,-205.8555321798658,77.52267615179204,35.41728994958271,0.05888947478188582,-0.12654064065112122
612.0,-275.4091737280299,-181.79600387919376,-275.31636400349413,-181.79061476263666,71.78302062320004,33.09211086567664,0.05489411494336069,-0.11761801766336903
613.0,-290.59652551272353,-156.37665861608954,-290.7524194417734,-156.34360270030228,64.5175770298659,30.99728705620447,0.05124845043514637,-0.10624374999921096
614.0,-303.4441649419787,-129.69826044579477,-303.30588246243593,-129.83963424590925,55.64223231343041,29.227521113163174,0.04810718707300655,-0.09227194208760868
615.0,-313.84865037740065,-101.97560814373264,-313.7103914140893,-101.98676568131482,45.21902585062163,27.4187240089077,0.04488728374539296,-0.07581031751224077
616.0,-321.7262110200018,-73.43190820558362,-321.9038503673154,-73.4231641077963,33.050187873391316,25.980245235975616,0.04224805601937723,-0.05654335542415408
617.0,-327.01342138341846,-44.29697771982635,-326.8574950896198,-44.409998834340705,19.432796282079153,25.30789244737659,0.040822649873302114,-0.034931270738926906
618.0,-329.66771195863384,-14.805394015669831,-329.73285079504086,-14.807212210331159,5.599715452771513,24.44022932320067,0.039079176597102645,-0.012950453220504993
619.0,-330.0,0.0,-329.9891693759085,-0.04888440720838962,-2.2157456058734057,24.320901593725967,0.038708515776939324,-0.0005148997469556301
620.0,-329.66771195863384,14.805394015669831,-329.5679356765667,14.764592148382755,-9.726782517456035,24.15456389904672,0.03826236086813184,0.011444445612973113
621.0,-327.01342138341846,44.29697771982635,-326.6547229706203,44.234030335246814,-22.98095830943875,24.392784284234526,0.03828058897661497,0.03257479958897992
622.0,-321.7262110200018,73.43190820558362,-321.8559417225774,73.47455665402113,-35.72517523066768,25.8063102772403,0.04017217753381497,0.05291662132122779
623.0,-313.84865037740065,101.97560814373264,-313.6167990188244,101.92199496590786,-47.58434801283054,27.39103539711299,0.04234595089125843,0.07189198557102114
624.0,-303.4441649419787,129.69826044579477,-303.22177165996374,129.69191931892593,-57.46606624350088,29.004208605694984,0.04457329828317185,0.08774653621560242
625.0,-290.59652551272353,156.37665861608954,-290.32030831220004,156.42429642363024,-66.14960187619775,31.02500906716777,0.04746211141045307,0.10172481628180081
626.0,-275.4091737280299,181.79600387919376,-275.18014220403137,181.7594558267731,-72.75567168395348,33.332136148410456,0.05082373919377182,0.11242412412853332
627.0,-258.0043892144499,205.75163461338198,-257.72473863857994,205.88566815396464,-78.41354576241118,35.4829369093712,0.05395137185304974,0.12164268625223082
628.0,-238.52230506303917,228.05067416566536,-238.53360233047115,228.169363463405,-82.81346341501963,37.564938403955246,0.056992072335008796,0.12888040601405762
629.0,-217.11977956010514,248.5135837811916,-216.86579673525708,248.46077957744492,-86.29256134318301,39.83706857757438,0.060359771397144886,0.13468292736903437
630.0,-193.96913325651613,266.97560814373264,-193.94713213080112,267.11843309331715,-88.93640854779342,42.08612087270463,0.06371074952112248,0.13917142514661723
631.0,-169.25676154394907,283.2881018886158,-169.63918736775938,283.4433663784266,-90.9011211882958,44.44509203460907,0.06726523771634337,0.1425960611715889
632.0,-143.18163390879423,297.31972640779827,-143.2773592524389,297.3542341030429,-92.36172591984739,46.94763351923981,0.07107779017242413,0.14524353839464357
633.0,-115.95369194684308,308.95750731111326,-115.835580833196,308.85408098801435,-93.34800161505795,49.763982513020096,0.07541931049792433,0.14714932363191546
634.0,-87.7921590370028,318.1077440296316,-87.80289525162264,318.18462713749665,-94.1053573341768,52.59144924693208,0.07980509262366063,0.14869800823549886
635.0,-58.92377528355013,324.69676423754777,-58.789734509448955,324.564108797888,-94.22601592090514,55.44968165544403,0.08427598144803658,0.14924536573305094
636.0,-29.58097193813303,328.6715170184289,-29.806621633607065,328.6594552883482,-93.97167980455218,58.28753869706092,0.08874241561028558,0.14919553262891252
637.0,0.0,330.0,-0.10357463134315574,329.9498932676949,-93.34370662974004,61.31785748489366,0.09354951379363913,0.1485598546907283
638.0,0.0,330.0,0.1318999346498015,329.8829782279652,-93.27983914709837,61.37441556378307,0.09364034827858567,0.14846109028569726
639.0,0.0,340.0,0.08528078235277754,339.9005157283337,-94.28288737695372,61.067487860651056,0.09302917315733221,0.15005692018161434
640.0,-19.953789672941483,339.4139747825478,-20.045834472728945,339.33047426676376,-94.75288863754201,59.17249145025587,0.09002017398108943,0.15055840519804448
641.0,-39.83879449922375,337.6579192805177,-39.71883046660186,337.50269367849586,-95.09542214026423,57.17890271220972,0.08686966373884417,0.15086262955114596
642.0,-59.58646674780335,334.73788698101225,-59.64381085892423,334.7336273138558,-95.26310464445696,55.27583013847643,0.083874742347767,0.15088548385095055
643.0,-79.12873210148251,330.663943840286,-79.03379274632228,330.46831219567065,-95.25466586161868,53.314394100318886,0.08080525713599178,0.15063458452878403
644.0,-98.39822432318226,325.4501335843092,-98.62111413305009,325.6201627595171,-95.12605938797547,51.378280191784164,0.07778321130128782,0.15019001557520742
645.0,-117.32851748131789,319.11442929713485,-117.30717920182997,319.0629329586745,-94.67206661622026,49.57150233764428,0.07498794125121384,0.1492386159057175
646.0,-135.85435493374575,311.67867146395474,-136.20963068129535,311.742018303394,-94.07585445687812,47.5901696764595,0.07192421142501762,0.1480582169723466
647.0,-153.91187428092726,303.1684926824225,-153.4927792887664,302.90873605618225,-93.25811278646587,45.981667217721075,0.06947238122022353,0.1465450744300435
648.0,-171.43882751285028,293.61322930177914,-171.50617551669245,293.80941319018876,-92.43348799218337,44.10392768157549,0.06659530509034059,0.14501203373306495
649.0,-188.37479559081467,283.04582029438063,-188.44506613431395,283.08061476598635,-91.20681767092391,42.57778179095248,0.06429776376985902,0.14285227714748175
650.0,-204.66139672437535,271.5026937082353,-204.38531036773134,271.41493496983406,-89.74835048728363,41.0561402211486,0.062018865259359374,0.1403358347926626
651.0,-220.24248762546867,259.02364109197697,-220.03087545628364,259.13522079138625,-88.17580439899488,39.46211016861048,0.05963227696278073,0.1376414391495631
652.0,-235.06435704595663,245.65168032515274,-235.22024499008396,245.76233489574918,-85.99506714406259,37.83524831509549,0.05720682327640499,0.13398466421588498
653.0,-249.07591093142617,231.43290732668137,-248.83033080345524,231.41639687600806,-83.65031622139846,36.49650991979122,0.055251849258944816,0.1300861948675449
654.0,-262.2288485529799,216.41633715267048,-261.93472391652915,216.51593781173656,-80.74016938640142,35.07632477548401,0.05317403991864753,0.12529406318146907
655.0,-274.47782900985425,200.65373503136493,-274.2336745003682,200.80346247500393,-77.45978595355858,33.52833977104838,0.05090277552495091,0.11992254588159101
656.0,-285.7806275288976,184.19943791768074,-285.8006577885727,184.29874125514388,-73.6776282379898,32.00901821816372,0.048686833045096176,0.11376139439120274
657.0,-296.0982810221099,167.11016718246566,-296.1091791530114,167.2685363367923,-69.11608529578524,30.575387283037745,0.046613707003769905,0.10637522513593513
658.0,-305.39522240047995,149.44483308218253,-305.2292403739653,149.4029737952698,-63.78894037679754,29.254413333661123,0.04473011072615056,0.0977851175293433
659.0,-313.6394031811082,131.26433168305178,-313.50874162337806,131.20281529824084,-57.985812969958225,27.781814346339132,0.042609293493266,0.08844775458025167
660.0,-320.80240396496725,112.63133493969588,-320.59633282213457,112.56465361061528,-51.436054669096926,26.66897646412367,0.041066418055673126,0.07793668894672783
661.0,-326.8595324044572,93.61007465192843,-326.557726926018,93.50988089160215,-44.3484485736584,25.50937872947608,0.039454224225551164,0.06658340446709181
662.0,-331.78990832304333,74.26612104443387,-331.74462485999896,74.2184567981808,-36.15760569096156,24.568175246286987,0.0381925139050162,0.0534837493401074
663.0,-335.5765356935504,54.66615673261919,-335.61623073620416,54.61397667108786,-27.517457927667845,23.65932850819766,0.03698613493248261,0.03968511163224883
664.0,-338.20636122698886,34.877746853825215,-338.1512085267397,34.781914822704145,-18.99675243076669,22.883658940366146,0.035994501196650805,0.02609294184339872
665.0,-339.67031936994647,14.969106156300157,-339.6971284137115,14.900555238390366,-10.078813477748092,22.90053419359442,0.036264845467789,0.011880668338835642
666.0,-340.0,0.0,-340.01505996321,-0.06283851900265765,-2.429662160803288,23.19131324982798,0.03691089098666438,-0.00029722778572234033
667.0,-339.9633635554286,-4.991136151167399,-337.02093152701366,-5.664165068298558,-0.3985665041697853,23.82438281633449,0.037987051789260325,-0.003493147912449199
668.0,-339.0844835994205,-24.934172978351217,-339.359719525185,-24.67950187440268,10.037978943047221,23.248153320825466,0.03730283437760001,-0.02013206895289166
669.0,-337.03670918320057,-44.79125654587822,-336.17778227207134,-44.829396533151204,19.243089405396343,24.160362916506628,0.039001436253722786,-0.03474348817157365
670.0,-333.8270994094015,-64.49393537306862,-333.0277427106131,-64.98941936216148,28.44314395226793,25.005566594274907,0.040593518938749545,-0.04934725130101895
671.0,-329.4667184678212,-83.97429024436855,-328.82140223865514,-83.68165227851698,37.15279895426253,25.028052896666384,0.04085823026994772,-0.06315758282529794
672.0,-323.9705974948682,-103.16516834095762,-323.7933838943549,-103.44174693826584,45.29709369319309,26.52115014751612,0.043476569693069046,-0.07605805247802196
673.0,-317.3576827581208,-122.0004147304261,-317.4853813736906,-122.07582425330531,52.494831698700104,27.449349298286705,0.04518205556260937,-0.0874363543688501
674.0,-309.65077034461785,-140.41510041653189,-309.8086955231967,-140.51991792029355,59.09294167165695,28.69969237442262,0.04739792268865528,-0.09784355637810065
675.0,-300.8764275780241,-158.34574616290146,-300.783982577766,-158.3156274182271,64.74616456503567,29.99144624166675,0.04967175639239502,-0.106730414642305
676.0,-291.06490143556186,-175.7305413191078,-291.0439640380784,-175.7496192374372,69.8408168194186,31.37229972491281,0.052082966592679476,-0.11471951979568029
677.0,-280.2500142804144,-192.50955689478772,-280.41548726143463,-192.502556481208,74.24820806902778,32.728840799811145,0.05444714153638481,-0.1216039341640902
678.0,-268.4690472690338,-208.62495214728582,-268.5536323450857,-208.5958079930259,77.82619326090209,34.24133814539611,0.05705144944068713,-0.12715320264469485
679.0,-255.76261183527075,-224.02117397067764,-255.8026667404678,-224.0966780661047,81.21224219880636,35.647132536883845,0.05947867943970917,-0.13238610617504232
680.0,-242.17450969434947,-238.64514839883384,-241.8665925302108,-238.61798320320506,83.89755649368566,37.05833173346098,0.06190251474799923,-0.13648924189011583
681.0,-227.75158184928102,-252.4464635623764,-227.97539156838832,-252.43104873004185,86.2451907241254,38.516654137533585,0.06439267517906877,-0.1400554926522541
682.0,-212.5435471202226,-265.37754346883554,-212.68870558002675,-265.565005268156,88.26136641000754,40.226286004259876,0.06727449001304805,-0.1430771202891667
683.0,-196.6028307534044,-277.39381200695203,-196.3946529932605,-277.40396188595145,89.86984065336786,41.520704392284955,0.06947961224239856,-0.1454375337358471
684.0,-179.98438370044508,-288.45384660976697,-180.18184052568654,-288.3240588127802,91.2354857792457,42.942306180341426,0.0718758998899839,-0.14741246758432353
685.0,-162.74549319103838,-298.5195210467913,-163.02039276876508,-298.6657923427918,92.48129958194077,44.717840053464364,0.07482840474531038,-0.14918506604792908
686.0,-144.9455852520043,-307.55613685302063,-144.85352592361764,-307.540904132343,93.35266768101667,46.51009598403122,0.07778956190497821,-0.1503494023247321
687.0,-126.64601985346424,-315.532542941732,-126.96416403602392,-315.42086175831014,94.0495127554413,48.186798003947736,0.08055462167786624,-0.15123937517665584
688.0,-107.90987938831195,-322.4212429887336,-107.87101899720419,-322.3074775266672,94.60724776604309,50.16491146462377,0.08378722722698582,-0.15189320478607168
689.0,-88.8017512141375,-328.19849021789,-88.88366177275532,-328.14888290974386,94.94012695497787,52.04536777794549,0.08685160593557556,-0.1521904608209673
690.0,-69.38750500722522,-332.84436926117934,-69.1958856857395,-332.5526840824896,95.12340692899693,53.90215820621838,0.08986071291852059,-0.1522410442996897
691.0,-49.734065696134714,-336.34286481109206,-50.30813262105304,-336.5646604121237,95.08548679769602,55.84769003486434,0.09300625755850458,-0.15194937473692152
692.0,-29.909182757606843,-338.6819168287142,-30.075985310535554,-338.5777473636678,94.82931050307188,57.75341276298226,0.09606396370321232,-0.15129387494176513
693.0,-9.98119667008282,-339.85346211717945,-9.75147508509203,-339.4604542430832,94.4207256632464,59.805065802156086,0.09934008141735774,-0.150394678247113
694.0,0.0,-340.0,-0.08403682593151844,-339.94429310249444,94.23715158454995,60.856043196694294,0.10101868945292884,-0.14998411417254096
695.0,0.0,-360.0,-0.17286647559091547,-359.921608674204,96.0675325166623,59.992836707606706,0.0998895152982965,-0.15289834379771877
696.0,0.0,-360.0,-0.31969766387456294,-359.9803057156335,96.02713218336164,59.96512099179435,0.09984612322764182,-0.1528358429078247
697.0,-29.728564370039766,-358.7704174824012,-29.457176101502743,-358.48447790131445,96.66501478230411,57.20695306087447,0.09543804326414584,-0.15420791050311738
698.0,-59.25405250106411,-355.09006922498,-59.49480912901686,-355.16264691490045,97.0288401743958,54.263618551771316,0.0907128985272062,-0.15515482667564942
699.0,-88.37477537068771,-348.98409573815894,-88.24074735047209,-348.9671315359222,96.93491217366723,51.60525560220714,0.08640610617888357,-0.15535738634508986
700.0,-116.89180891368603,-340.49420701222846,-116.94698144834547,-340.37772638092906,96.64293022021586,48.76552134875798,0.08178133453193497,-0.1552442471034587
701.0,-144.61035287506894,-329.6783975958207,-144.42492982481917,-329.4258066773194,95.71773646490574,46.00746598263894,0.07725762522005063,-0.15410827719702036
702.0,-171.34106149334653,-316.610550434336,-171.43301172127426,-316.692760888034,94.73786930333195,43.349067720537825,0.07287071171250208,-0.1528795374199229
703.0,-196.9013369240737,-301.37993217451026,-197.2304606430296,-301.59897739761294,93.14480042670654,40.85837885381752,0.06872180410715045,-0.15066003021299879
704.0,-221.1165765682804,-284.0905833827017,-220.61911950522594,-284.01992363692625,90.82035640130708,38.83485595903478,0.06528597720100392,-0.14724700291774387
705.0,-243.82136578526675,-264.8606078423274,-243.8622921547723,-264.784162305793,88.13605619479331,36.44818438204927,0.061251891563688286,-0.1432594649565244
706.0,-264.86060784232734,-243.82136578526686,-265.27340212178507,-244.03152078121684,84.68970209633898,34.49406477687505,0.057887656580374244,-0.1380366433352865
707.0,-284.0905833827017,-221.1165765682804,-283.8400627220008,-221.07374378679845,80.23332483293477,32.36009441985379,0.05421017400103183,-0.1311714840264298
708.0,-301.37993217451026,-196.9013369240737,-301.2871362403853,-196.79580275207294,74.82209169026417,30.007854239124473,0.05016913619479328,-0.12277291283369929
709.0,-316.610550434336,-171.34106149334653,-316.6854282952972,-171.44589941806657,67.97456489872607,28.21200006424914,0.04700048592634497,-0.11206331793047956
710.0,-329.6783975958207,-144.61035287506894,-329.4869364097863,-144.6224722383444,59.61410711941909,26.28575560058415,0.04360626686141297,-0.09891401583218662
711.0,-340.49420701222846,-116.89180891368603,-340.69543841776476,-116.86622428315327,49.916366177821715,24.342639101919474,0.04017377088804819,-0.08361685197540326
712.0,-348.98409573815894,-88.37477537068771,-349.01500937968314,-88.50386846676399,38.64086441670452,22.912820015787275,0.03755079013295869,-0.06577322312403984
713.0,-355.09006922498,-59.2540525010643,-355.03929306126884,-59.272780613069294,25.655958652977166,22.00242532982192,0.03574385964866718,-0.04518088298405846
714.0,-358.7704174824012,-29.728564370039766,-358.91106952355403,-29.721403936766723,11.852465520290318,21.301482967391234,0.03426636032218058,-0.0232593588853329
715.0,-360.0,0.0,-357.0838335539584,-0.6014605271378173,-3.7336640230486804,21.31063897661809,0.033924301406514576,0.001569114828945775
716.0,-360.0,0.0,-362.55309002463963,0.019569696804394836,-2.0965879528303906,20.66579920623752,0.03289040129662683,-0.0011033544946017246
717.0,-358.7704174824012,29.728564370039766,-357.96493764783804,29.520759469579748,-16.870410878666803,20.554524992292603,0.03235200261393976,0.022466105953196945
718.0,-355.09006922498,59.2540525010643,-354.9258658645699,59.17872970289242,-29.393550804597897,21.670949711269667,0.03376562738323759,0.04243452160531347
719.0,-348.98409573815894,88.37477537068771,-348.92892578241316,88.41840025284064,-41.86507662055086,22.855075201594605,0.03529212418152097,0.06235701578287916
720.0,-340.49420701222846,116.89180891368603,-340.4933826685572,116.95132077750146,-52.819020802633496,24.448208463264155,0.03747823261391552,0.07989406927985764
721.0,-329.6783975958207,144.61035287506894,-329.5466145051456,144.6168079984736,-62.23238869457155,26.528087016654897,0.040449643670489026,0.09500997436402396
722.0,-316.610550434336,171.34106149334653,-316.3624851386506,171.46451525939256,-70.02518382749507,28.53916848493293,0.04332157609438767,0.10757405869777456
723.0,-301.37993217451026,196.9013369240737,-301.80892902982777,197.13493490204863,-76.68821988337999,30.543061184537247,0.0461964854471168,0.11835684694755086
724.0,-284.0905833827017,221.1165765682804,-283.86807841272827,221.14690133819443,-81.894550119302,32.78465099143267,0.04947001252711398,0.12686269998249755
725.0,-264.86060784232734,243.82136578526686,-264.76175987860785,244.04026052243785,-86.01635900899309,34.908974517513805,0.05257060407728246,0.13365675713999262
726.0,-243.82136578526675,264.8606078423274,-243.70059704601033,264.8181526034079,-89.19186147089435,37.08341164196148,0.05577686196463564,0.1389686617659542
727.0,-221.1165765682804,284.0905833827017,-221.09168428545073,284.1421223281473,-91.90161639024137,39.422975443018416,0.059263733267828994,0.14355826140699038
728.0,-196.9013369240737,301.37993217451026,-196.8055676963645,301.51853186475097,-93.87066530624384,41.684516071436235,0.06265027855179867,0.14698953149971225
729.0,-171.34106149334647,316.61055043433606,-171.67493190622085,316.7449364273116,-95.26166418401648,44.04344367610512,0.06621815107498909,0.14951114918679112
730.0,-144.61035287506894,329.6783975958207,-144.43261877927605,329.5553282006038,-96.35160661579896,46.71952117085426,0.07032037216833871,0.15157948231363577
731.0,-116.89180891368603,340.49420701222846,-116.86746256034316,340.3915482972233,-97.069429664712,49.38549573244327,0.07443069157113347,0.1530595228990298
732.0,-88.37477537068771,348.98409573815894,-88.31567086788472,348.87150509988624,-97.49148828891316,52.19776125538369,0.0788026973628535,0.15408092308046537
733.0,-59.2540525010642,355.09006922498,-59.17000834005816,355.1363990529128,-97.3910819119299,55.00859291536347,0.08319954890542139,0.15427806750660034
734.0,-29.728564370039592,358.7704174824012,-29.75640750121171,358.7490621047719,-96.91376897109389,57.8838758629798,0.08773145965804321,0.15387862793875198
735.0,0.0,360.0,-0.30623520617913264,360.21021136205746,-96.22315678886004,60.71171672785305,0.09221421352194727,0.15314015997427322
736.0,0.0,380.0,0.1047174082118759,380.07943463484094,-97.98557874659885,60.44329149055044,0.09154366364988596,0.15595017456367116
737.0,-19.887663372318656,379.47922320673814,-19.698480461993118,379.4392962306606,-98.5664626475701,58.47083406193312,0.08841223990952782,0.15663215077861808
738.0,-39.720816041708325,377.91832023994385,-39.94660675205652,377.9950396258464,-98.94998263871783,56.58278339384017,0.08542500171463614,0.15699456354891386
739.0,-59.44509671528774,375.32156942615234,-59.004506699917236,374.93502686819437,-99.21862493426296,54.81076008555655,0.08264221491998987,0.1571887194578713
740.0,-79.00644251074856,371.69608827884616,-79.19084924764284,371.768045677881,-99.44765097199296,52.84502697038372,0.0795524394319185,0.157306004128341
741.0,-98.35123713895787,367.05181398984604,-98.48885307404949,366.99713873213386,-99.34080867935153,50.93014096443295,0.07656323286680713,0.1568996172089645
742.0,-117.42645786248,361.4014761921583,-117.38084782702646,361.3353679264555,-99.3343756202179,49.16483659398437,0.07382300325407946,0.156658008930144
743.0,-136.17982082721412,354.7605620689367,-136.10938335335175,354.89778996122044,-98.99203776966749,47.30840326729564,0.07094723869214371,0.1558837934524155
744.0,-154.55992436880408,347.14727390418835,-154.94531779239153,347.1900365323556,-98.49769868833205,45.41679698042611,0.06803105042989287,0.1548663451907617
745.0,-172.5163899010278,338.5824791915798,-172.29727560399988,338.511496333547,-98.10704414834095,43.828550958685916,0.06560956422420697,0.15403209022337683
746.0,-190.0,329.08965343808666,-189.95929755658597,329.24848859640764,-97.30635877187676,42.078379889679475,0.06293752425977883,0.15254145356442117
747.0,-206.9628333057103,318.6948158192611,-207.33714500477416,318.8379993836036,-96.2183497158668,40.538479609077164,0.06061419382347652,0.1505970073442409
748.0,-223.3583958711398,307.42645786248005,-223.03145445289599,307.24817955644306,-95.120846025834,39.09540182443353,0.05845940440555727,0.14865806818889873
749.0,-239.14174859893822,295.31546535364896,-239.3079937674975,295.668386519227,-93.78481493700964,37.453718682238616,0.05598840194602538,0.1463323703343719
750.0,-254.26963041636614,282.3950336814098,-254.63980216201026,282.48120487955134,-92.06248936501862,36.02571443595348,0.05387716565628545,0.14340343580894266
751.0,-268.70057685088807,268.70057685088807,-268.24973586975347,268.59421121533387,-90.29576202015535,34.55407750110947,0.05170505636477948,0.1404249214197428
752.0,-282.3950336814098,254.26963041636614,-281.99929903556665,254.34114419480898,-88.06206620526622,33.041558719924865,0.04947236488445868,0.1367014935896312
753.0,-295.31546535364896,239.14174859893822,-295.5857746081342,239.33050613891,-85.45830374712494,31.64439817005749,0.04743254968346066,0.13239108373337966
754.0,-307.42645786248005,223.3583958711398,-307.06133833549177,223.33885115679155,-82.52738468401175,30.298231853800093,0.045485908813626075,0.1275858402487649
755.0,-318.6948158192611,206.9628333057103,-318.7167221362622,207.0140648833037,-79.08480373671055,28.82552261488036,0.043341948477129286,0.12196405933198702
756.0,-329.08965343808666,190.0,-328.85810368299286,190.1095821060927,-74.96298569926569,27.39277705214222,0.041268691834071204,0.11527978095546368
757.0,-338.5824791915798,172.5163899010278,-338.45153162253354,172.662447079372,-70.68937944435028,25.93409999646109,0.03916080978555492,0.10836063490076671
758.0,-347.14727390418835,154.55992436880408,-346.89328290680254,154.62410977469597,-65.1375317289809,24.63463859434371,0.03731356775812075,0.09942120892986037
759.0,-354.7605620689367,136.17982082721412,-354.81825313160226,136.23457221811995,-59.39405272895102,23.15136565518905,0.03517808172347584,0.09018312130052186
760.0,-361.4014761921583,117.42645786248,-361.50659622255165,117.47152564641063,-52.83278807230576,22.006551293989773,0.03358584360074085,0.07965863231374319
761.0,-367.05181398984604,98.35123713895787,-367.0528336649113,98.36589588301904,-45.66421515997431,20.873135341110796,0.03201594221533598,0.06818156955512877
762.0,-371.69608827884616,79.00644251074856,-371.59773585416036,79.00969548921135,-37.905014356025994,20.004582454807927,0.030870652224524706,0.05577675663740622
763.0,-375.32156942615234,59.44509671528774,-375.3104073778016,59.44650937192239,-29.616070844490665,19.137537412732115,0.02973029699087507,0.04253902432127415
764.0,-377.91832023994385,39.720816041708325,-377.8788491550593,39.71341612472705,-20.98600384698341,18.425796225836937,0.02883919636756823,0.028772390465832423
765.0,-379.47922320673814,19.887663372318656,-379.52668856314773,19.890911954964572,-12.968984084085227,18.11802703876136,0.028592132163824516,0.01599272617999932
766.0,-380.0,0.0,-380.03642475899034,-0.03180618043594135,-3.6660301684959546,18.37117797583623,0.029239027382181888,0.001180372444416155
767.0,-380.0,0.0,-380.2020178903877,-0.14389920685537602,-3.3536380414573723,18.49796458283847,0.029442187334658025,0.0006811569178165031
768.0,-379.47922320673814,-19.887663372318656,-380.4551440174275,-20.47620939759108,7.0391289681224265,19.49840460436997,0.03128344633290413,-0.015862545530764275
769.0,-377.91832023994385,-39.720816041708325,-378.6951587198569,-39.792463380454784,16.22387736888129,19.430750326686738,0.0314123368442541,-0.030458972128933247
770.0,-375.32156942615234,-59.44509671528774,-374.2542769443842,-59.8933792312181,24.955068162015056,19.810312932267568,0.032262604864269365,-0.04430070650836291
771.0,-371.69608827884616,-79.00644251074856,-371.67960073316937,-79.07308624388962,33.98993562495352,20.10350506641751,0.03296412798998203,-0.058648612687720626
772.0,-367.05181398984604,-98.35123713895787,-367.3868973976796,-98.40960252797304,41.9946504969626,20.897727513499728,0.03446498606400809,-0.07133593946564251
773.0,-361.4014761921583,-117.42645786248,-361.5397299083263,-117.5766297698212,49.31770159950914,22.064688547436628,0.03655700029612208,-0.08291932717887704
774.0,-354.7605620689367,-136.17982082721412,-354.81988394524666,-136.37133197735724,55.93192829284231,23.28218057433983,0.038724877246740966,-0.09336389813741378
775.0,-347.14727390418835,-154.55992436880408,-347.22412463866686,-154.71610693003322,62.07240314329463,24.47509820341007,0.04084813258158948,-0.10304374233306157
776.0,-338.5824791915798,-172.5163899010278,-338.74648580776255,-172.6443032373423,67.55295276800949,25.729810353422625,0.04306463512370923,-0.11166248255662806
777.0,-329.08965343808666,-190.0,-329.26825575799006,-189.94407404102074,72.46943574811822,26.889433321390488,0.045122102222164825,-0.1193712286194589
778.0,-318.6948158192611,-206.9628333057103,-318.61461759343206,-206.9701540489743,76.59496534997176,28.24408223022912,0.047486610862077484,-0.12580673809195023
779.0,-307.42645786248005,-223.3583958711398,-307.27043812584407,-223.27928369111137,80.24919699471803,29.52503645276101,0.04972505029425693,-0.1314836965284098
780.0,-295.31546535364896,-239.14174859893822,-295.5419218178392,-239.14534197911146,83.49730016083831,30.884515524103048,0.05208303962201918,-0.13650957445297426
781.0,-282.3950336814098,-254.26963041636614,-282.6701505736946,-254.44030065620504,86.28170905977647,32.43872560111307,0.0547439587295932,-0.14078345861829725
782.0,-268.70057685088807,-268.70057685088807,-268.6299770936993,-268.6587006990615,88.65069904101394,33.62773854652345,0.05681046396580913,-0.14438187365107588
783.0,-254.26963041636614,-282.3950336814098,-254.00740616478495,-282.1188171032649,90.67303809949077,35.10400160871101,0.059324855282762136,-0.14742144399925033
784.0,-239.14174859893822,-295.31546535364896,-239.38791695534897,-295.53339049554575,92.55075394996469,36.654279915782595,0.06195648775655816,-0.1502308771047649
785.0,-223.3583958711398,-307.42645786248005,-223.41677318171818,-307.4730198211801,93.8846550109904,37.84013970046236,0.0639900665384548,-0.15215824841482933
786.0,-206.9628333057103,-318.6948158192611,-206.85706866274668,-318.45081377465704,95.06452088251963,39.473879103645906,0.06672468830059226,-0.15383325701922804
787.0,-190.0,-329.08965343808666,-190.10909077410668,-329.2485081390943,96.18485136894016,41.097184745725286,0.06944049854140098,-0.15541120633648683
788.0,-172.5163899010278,-338.5824791915798,-172.731985082399,-338.62568658735955,96.94668614716515,42.66220806064837,0.0720461525577034,-0.1564108871022436
789.0,-154.55992436880408,-347.14727390418835,-154.58863818336843,-346.76702602969976,97.65845642336416,44.326429602102564,0.07479455016821118,-0.157321503603013
790.0,-136.17982082721412,-354.7605620689367,-136.32048957116993,-354.8482293616534,98.28225277063409,46.241764265996814,0.07794187024052227,-0.15809057680406424
791.0,-117.42645786248,-361.4014761921583,-117.26540734856673,-361.15859481352624,98.56936845661153,47.93575308219787,0.08071522005142481,-0.15831416853565616
792.0,-98.35123713895787,-367.05181398984604,-98.3658302839762,-366.8097100925923,98.7262062132864,49.70175719540568,0.08359511194831441,-0.1583323209704567
793.0,-79.00644251074856,-371.69608827884616,-79.26400394934791,-371.7269735808807,98.92988754606911,51.60911840933161,0.08669099319543533,-0.1584225503308306
794.0,-59.44509671528774,-375.32156942615234,-59.04683199868665,-375.05759726612376,98.83512841808643,53.55052651209122,0.08982163021448027,-0.1580241373382089
795.0,-39.720816041708325,-377.91832023994385,-39.75639042631528,-377.6507227835695,98.61728110302722,55.28986647755522,0.09262163368455215,-0.15744117305329428
796.0,-19.887663372318656,-379.47922320673814,-19.96030562432972,-379.54617533479814,98.37429731842629,57.33169527860043,0.09589451870686258,-0.15681201023566974
797.0,0.0,-380.0,0.007044109753909529,-379.9153303343422,97.85588800814885,59.08894022686476,0.09869578193552246,-0.15574239660241707
798.0,0.0,-380.0,0.07306704525244043,-379.8071859363288,97.7356070928757,59.068802890964115,0.09866240792852096,-0.15555015499906377
799.0,0.0,-390.0,-0.1376605013040292,-389.93674021964256,98.70420616024258,58.73627888939327,0.09825723591955625,-0.15709430906806598
800.0,-29.854208606233204,-388.85566246165877,-29.90433920176037,-388.71239533491524,99.3842492083985,55.997491359588615,0.09388332566649982,-0.15854118290086086
801.0,-59.53322084536088,-385.429365274336,-59.59275217674434,-385.2658626496093,99.68207586581968,53.131183017212415,0.08927924466305705,-0.15937878193627739
802.0,-88.86286847222375,-379.74121531233385,-89.07884594370529,-379.81869060550144,99.78805180872008,50.400227341211576,0.0848660823428056,-0.15990856327832503
803.0,-117.67103345212502,-371.82459290142293,-117.64420138120654,-371.53577682741553,99.57818301008258,47.65198845544874,0.08039068368780802,-0.15992438584437718
804.0,-145.78865801789976,-361.72595592981696,-145.9907459454507,-361.4541211367147,98.99762537665185,44.8707821974976,0.07584078668695966,-0.1593475590355375
805.0,-173.05073676811426,-349.5045672148117,-172.94971813443155,-349.6091610322551,98.12537273842354,42.40594531833019,0.07177281204955627,-0.15828949164657402
806.0,-199.29728498437316,-335.23214672500836,-199.45291337790732,-335.38624137609077,97.10167717753284,39.8883420280666,0.06759173425448324,-0.15698481347234375
807.0,-224.37427748526207,-318.99245069901986,-224.11855245536185,-318.9868898173984,95.22709737111911,37.6067700181688,0.06375965720688977,-0.15430340646085935
808.0,-248.13455250735828,-300.8807801305578,-248.0308130428672,-300.63028750610664,93.12042458933577,35.368072923001264,0.05997184730856728,-0.15124338540057722
809.0,-270.43867530897427,-281.0034215043069,-270.57007843669106,-281.2107708366733,90.63964375061754,33.31687834490773,0.05646943945128151,-0.14757113784028922
810.0,-291.15575642866554,-259.4770230645704,-291.18666104940144,-259.44441028904754,87.07407861248059,31.224286978096725,0.052872404825162075,-0.1421488554017319
811.0,-310.16421979663636,-236.4279102769888,-310.47588506693074,-236.36107863338808,82.85592091719805,29.1013561783525,0.0492109545823915,-0.13567168352552236
812.0,-327.35251619146044,-211.9913445004763,-327.2704859346182,-212.0709349461391,77.63260451174848,27.19899692629291,0.045885775066604136,-0.12756420029412396
813.0,-342.61977785526756,-186.3107292197825,-342.4049060477855,-186.3220667412918,71.13482844347544,25.196622561930145,0.04238355159615418,-0.11740801932296831
814.0,-355.87641042585454,-159.53676849682242,-355.64328925475974,-159.5818083290598,63.449814277064185,23.22694785357621,0.03892122971564199,-0.10533906951980306
815.0,-367.04461871202903,-131.82658257931604,-367.08734347912804,-131.94847562063637,54.27831232348304,21.439032670112784,0.035737249646856206,-0.09088232582652812
816.0,-376.058863226725,-103.34278585669811,-376.12350364947605,-103.38732437776207,43.45685048772691,19.807503143401153,0.032790802112657086,-0.07377010000858282
817.0,-382.8662447987734,-74.25253257422062,-382.7261912134668,-74.30335060103711,31.560899020725188,18.494861647978805,0.0303454776497949,-0.0549179681565081
818.0,-387.42681500627333,-44.72653590537603,-387.82549309040286,-44.78622154416818,18.341849951256652,18.106831395188433,0.02936641284300009,-0.03394164914445322
819.0,-389.7138106098159,-14.938066139113738,-389.59855246275447,-14.970598942515172,4.106899431266618,18.09160708461466,0.028977031479038195,-0.01130773635523534
820.0,-390.0,0.0,-392.6075927255879,0.702055846177501,-3.5181423046539737,16.72137978840639,0.026604304427515872,0.0007910428458359145
821.0,-389.7138106098159,14.938066139113738,-391.3800666103869,15.734208912810262,-10.316910639731207,16.321355589980204,0.025783547771358276,0.0116266521995091
822.0,-387.42681500627333,44.72653590537603,-388.1988143443901,44.343712181326445,-22.900619976988462,17.687288886341342,0.02760711832147504,0.03169320834426762
823.0,-382.8662447987734,74.25253257422062,-382.7137173807178,74.25100575059453,-35.77350600646158,18.63907824090704,0.02875566431410329,0.05224821861246858
824.0,-376.058863226725,103.34278585669811,-375.84654856989056,103.2082653265626,-47.40139531788845,20.10381685356595,0.030732229447082485,0.07083868125898483
825.0,-367.04461871202903,131.82658257931604,-366.92149719081607,131.85656172291553,-57.83744084606914,21.86850503131051,0.03318996300335699,0.0875574684425162
826.0,-355.87641042585454,159.53676849682242,-355.8669582572699,159.61790799977723,-66.52475442053871,23.843936268910923,0.03599396701066648,0.10151914205659743
827.0,-342.61977785526756,186.3107292197825,-342.39461082124484,186.29006271710705,-74.04807748442053,25.936557890587412,0.03899782460654224,0.1136578780710946
828.0,-327.35251619146044,211.9913445004763,-327.0880299939803,212.16794631138077,-80.05177316333571,28.044648267004977,0.042036028907119403,0.12340051579242071
829.0,-310.16421979663636,236.4279102769888,-310.1264411792807,236.48037161280863,-84.93643416685246,30.224057021767422,0.04520691205740847,0.13138242335086114
830.0,-291.15575642866554,259.4770230645704,-290.8008028913016,259.40181060770607,-88.98771922201917,32.37399903751447,0.04834793280754645,0.1380669243427283
831.0,-270.43867530897427,281.0034215043069,-270.13992911395184,281.1657141871356,-92.21606067123112,34.33393295007081,0.05120072257401163,0.14345802249967438
832.0,-248.13455250735828,300.8807801305578,-248.21467999717495,300.91585410767067,-94.51394835061704,36.60670937464042,0.05457607917133771,0.14738374225923806
833.0,-224.37427748526207,318.99245069901986,-224.17994977258044,318.96387022244056,-96.56366378348048,38.875495758099525,0.05796593128507718,0.1509403183789782
834.0,-199.29728498437308,335.2321467250084,-199.24202004693856,335.41753645117205,-98.06471783814611,41.286892489625124,0.061602280776926095,0.15363473425426677
835.0,-173.05073676811426,349.5045672148117,-173.32435367942924,349.56753846595956,-99.05518201012922,43.62976946651576,0.06515779060541092,0.15552851990041255
836.0,-145.78865801789982,361.72595592981696,-145.87427646724464,361.5675450589817,-99.73535828329517,46.26969739427102,0.06921240264130124,0.15694723441181674
837.0,-117.67103345212502,371.82459290142293,-117.4734170700944,371.76708932281895,-100.28333455400957,48.97536952465445,0.07339370003877127,0.15816719028817708
838.0,-88.86286847222367,379.74121531233385,-89.0254440892407,379.71583811080774,-100.37648808976434,51.744147203919255,0.07770299846778202,0.15866385029832486
839.0,-59.53322084536106,385.4293652743359,-59.223733958766445,385.03142313917334,-100.12035780210886,54.59529107194038,0.08217563504276364,0.15862118702024067
840.0,-29.854208606233303,388.85566246165877,-29.8993333163726,388.8771790008835,-99.60016744263332,57.314408659679486,0.08645614622442498,0.1581524134887713
841.0,0.0,390.0,-0.13618224680285973,390.165033014093,-98.80323658619312,60.25246809927257,0.09111644074035392,0.15724856714142427
842.0,0.0,390.0,0.0002287828648827849,389.9048782663472,-98.89837175754518,60.08720038511089,0.0908565951120685,0.15740165009142965
843.0,0.0,400.0,0.3636928370020101,399.74672441884394,-99.6811323880983,60.0306912376652,0.0906461251877802,0.15865190366194282
844.0,0.0,400.0,-0.022801536440331505,400.0564192086461,-99.6906910004621,59.90834747710477,0.09044761622159478,0.15866238327990448
845.0,-19.938354264278892,399.50276848756886,-20.05686348365728,399.51843365270787,-100.22570910338084,58.05535744305316,0.08750507968190997,0.1592685344239742
846.0,-39.82713863832662,398.0123101461606,-39.6040072132318,397.9188260446719,-100.67814108881977,56.33289602174102,0.08478328753802053,0.15974920895396896
847.0,-59.616906470469765,395.53233049005144,-59.54193668853976,395.44934895473034,-101.05025944827503,54.24523694999446,0.08149091854935538,0.16009727443580804
848.0,-79.25845727975904,392.0689951394176,-79.87532059256041,392.2649276568036,-101.1863531429869,52.487201380908765,0.07873191756108705,0.16006485187713182
849.0,-98.7029590761175,387.63091449163113,-98.60764448188816,387.47113982963066,-101.35781267164941,50.63483284665792,0.07584249086401629,0.16010832392991836
850.0,-117.90206976436166,382.22912231445633,-118.02132312315082,382.3766794312659,-101.29721553936248,48.76827746405089,0.0729341674253401,0.15977412180286743
851.0,-136.80805733026747,375.8770483143633,-137.11183731979352,375.7826556194018,-100.9869441136616,47.00574128842101,0.0702097608087764,0.15904650848240456
852.0,-155.3739185098779,368.5904847481631,-155.60310466191564,368.63649665179173,-100.85929168565868,45.20975789652903,0.06743888327847845,0.15861688128377316
853.0,-173.5534956470233,360.38754716096764,-173.6467181526457,360.52533136209075,-100.2462824398915,43.47677228929424,0.06478008824274771,0.15742026712261
854.0,-191.30159144852726,351.28862934809143,-191.683412378283,351.39893555200007,-99.57658376930617,41.83500332520098,0.06227890250414016,0.15613351367969025
855.0,-208.57408135179924,341.31635265286224,-208.13008830452625,341.13118432174105,-98.88313225902687,40.305610446531894,0.05997054700920522,0.1548284293292498
856.0,-225.3280232254488,330.495509726398,-225.4046640330333,330.7910914274487,-98.01453052331685,38.54352552046142,0.057292736585046106,0.1532344454707816
857.0,-241.52176413019092,318.853002889169,-241.98237906078907,319.023531404086,-96.82619649078936,37.042180371703985,0.05504738855629133,0.15114012629136406
858.0,-257.1150438746157,306.41777724759123,-256.723516669749,306.3117487816556,-95.57937848657197,35.710438453249076,0.05308353632076147,0.14897521949390893
859.0,-272.0690951083678,293.22074873193054,-272.1239837703274,293.457859881381,-93.9759604655644,34.09048595809151,0.050662723077625205,0.14623469135226883
860.0,-286.3467397038874,279.2947272344291,-286.476061296556,279.4367901550614,-91.93719625152892,32.71474318806273,0.04864487611545456,0.14281412782353767
861.0,-299.9124811870936,264.67433503874383,-299.6019022046158,264.6780263498453,-89.94498813318465,31.342446613892943,0.04664154846371343,0.13948267830900568
862.0,-312.73259298721194,249.39592074349335,-312.5616784733907,249.64327868411814,-87.51950106110546,29.791152444026125,0.04435671725725731,0.13546367771135986
863.0,-324.77520228634256,233.497468893916,-324.6918624002322,233.5951720119267,-84.49978788078971,28.443880359241557,0.042409007864469425,0.13050909688421858
864.0,-336.01036926030855,217.01850554630377,-336.15833940832664,217.21192484112075,-81.23061825036194,26.986023871968275,0.04028940238542658,0.12516562218649055
865.0,-346.41016151377545,200.0,-346.1054470454869,199.96802616781952,-77.42796844075151,25.70505838736695,0.03846186805662336,0.11899169508864457
866.0,-355.9487235245875,182.4842629412652,-355.40569344018763,182.33409740152015,-73.01224690464578,24.33694455398071,0.03650040951087378,0.11184995612547012
867.0,-364.6023409246693,164.51484125224457,-364.4476899367207,164.46849022461174,-68.19949419056488,22.927220223925833,0.034475563162040465,0.10407948519642903
868.0,-372.3494994576816,146.13640974655812,-372.26676670329545,146.2141860340189,-62.609442685244325,21.538144506245306,0.03248834046226242,0.09508688188329256
869.0,-379.1709384668527,127.39466010067366,-378.96263772614725,127.42751533592389,-56.250857317617495,20.20290161005081,0.03059331523706,0.08488487480923246
870.0,-385.0496987800048,108.33618725720208,-385.1513469243562,108.38901944835118,-49.51650108577968,18.952577768919326,0.028836526981881036,0.07409102102718898
871.0,-389.9711648727295,89.00837358252579,-389.72048321156234,88.98638448066185,-41.72214858393753,18.087949359144574,0.027698051672421353,0.06162996565034744
872.0,-393.92310120488327,69.45927106677213,-393.73680807407254,69.45728314565947,-33.76326080097163,17.219340066542827,0.026554789421333373,0.04891381450698827
873.0,-396.8956826400688,49.737481858994045,-396.7910504279466,49.71261075777915,-25.331456895786356,16.443448381292445,0.025561731918297984,0.03545677657682133
874.0,-398.88151887247204,29.892037434569644,-398.7832811682054,29.853543821430367,-16.92500614576211,15.760139652536717,0.024717425753916125,0.022053095873743465
875.0,-399.8756728003265,9.972276695229262,-399.6880088172323,9.896412698253213,-8.619364347320863,15.83818002026842,0.02508604530021519,0.00882317622104442
876.0,-400.0,0.0,-396.538755039285,-0.26716376404723957,-5.375075043658871,16.15203019583986,0.02571002641374506,0.003698298251646896
877.0,-399.8756728003265,-9.972276695229262,-400.07617117617514,-9.90185269744994,1.2385029559886787,16.587656575246843,0.026521343103970675,-0.006870860689491924
878.0,-398.88151887247204,-29.892037434569644,-398.57172616951084,-29.733942095955854,10.634562399008944,16.556111536767798,0.026714020676768226,-0.021806728851729074
879.0,-396.8956826400688,-49.737481858994045,-397.17973838219996,-49.865717778104816,20.162840045009087,17.003087472480335,0.027671958283508734,-0.03695440608019054
880.0,-393.92310120488327,-69.45927106677213,-395.5335296674678,-69.4962116389534,29.416736899566732,17.273522786895118,0.028342783580022568,-0.05166227927937525
881.0,-389.9711648727295,-89.00837358252579,-390.2967514265875,-89.09671846626334,37.45695495755911,17.9552202888089,0.02966778572662269,-0.06439454907299022
882.0,-385.0496987800048,-108.33618725720208,-384.8483157511737,-108.42012905449842,44.998748697635875,18.828406921095397,0.0312941586995721,-0.07633095976421177
883.0,-379.1709384668527,-127.39466010067366,-378.9234587797737,-127.41267184406827,52.16360648668646,19.862563541019544,0.03317267123578711,-0.08766162353839763
884.0,-372.3494994576816,-146.13640974655812,-372.0496559271137,-146.16326900029398,58.45865755934104,21.075279514375875,0.035332406707734576,-0.0975963252136302
885.0,-364.6023409246693,-164.51484125224457,-364.61449859264366,-164.48124155640184,64.50199132938688,22.264385453333933,0.03744926730113056,-0.10712353146603365
886.0,-355.9487235245875,-182.4842629412652,-356.0576937418548,-182.49979091758644,69.73150960112234,23.475542016434876,0.039597555525087404,-0.1153417733385251
887.0,-346.41016151377545,-200.0,-346.6149674638441,-199.9750723342094,74.40666014721792,24.863189071427595,0.04202008370319853,-0.12266686171706964
888.0,-336.01036926030855,-217.01850554630377,-336.06646718209134,-216.9211729531589,78.41577681763404,26.092275407013886,0.04418377379569933,-0.12891838187557858
889.0,-324.77520228634256,-233.497468893916,-324.97537037340174,-233.72448976303147,82.01121288149348,27.562259847758924,0.04672911646093881,-0.13450486373519477
890.0,-312.73259298721194,-249.39592074349335,-312.4856036787085,-249.38731416826326,85.07052701303284,28.75338624033348,0.048816675178766276,-0.13922095156637448
891.0,-299.9124811870936,-264.67433503874383,-299.8878015394561,-264.60982436091945,87.71919354330272,30.194283719011896,0.05129636441032624,-0.14328215033428693
892.0,-286.3467397038874,-279.2947272344291,-286.7097900971296,-279.49262052245314,90.083297838599,31.633858049477052,0.05376978731757735,-0.1468833484314719
893.0,-272.0690951083678,-293.22074873193054,-271.8548139660265,-293.0762480354429,92.09205363945358,32.959333785571864,0.05604570578869622,-0.14989845409350136
894.0,-257.1150438746157,-306.41777724759123,-257.1146164099427,-306.3038827099642,93.70231308271332,34.23281234470269,0.05823450834777369,-0.15228073879447188
895.0,-241.52176413019092,-318.853002889169,-241.60968244326003,-318.9442075080761,95.36219920643212,35.73269766853985,0.06077645569625252,-0.15473264110441143
896.0,-225.3280232254488,-330.495509726398,-225.2165803997883,-330.550495190889,96.4876419709027,37.16278852404173,0.06319465787387246,-0.1563230730197398
897.0,-208.57408135179932,-341.3163526528622,-208.854572230608,-341.21749235715004,97.55760346776752,38.51502652369641,0.06547744991759925,-0.15782558456101844
898.0,-191.30159144852735,-351.2886293480913,-191.5304932866956,-351.38908231475125,98.44634198922786,40.314790756114846,0.06846643484375797,-0.1590278883242446
899.0,-173.5534956470233,-360.38754716096764,-173.55272338329905,-360.314145012074,99.23647549646323,42.06744701524385,0.07136517891629666,-0.1600652515977485
900.0,-155.3739185098779,-368.5904847481631,-155.3744448668068,-368.39036491242314,99.65296638128093,43.64387585423808,0.07397305258390133,-0.1605054885446315
901.0,-136.80805733026747,-375.8770483143633,-137.31446586581822,-376.064214954694,100.20429903760203,45.43561198932894,0.07691867064334532,-0.16116178164717185
902.0,-117.90206976436166,-382.22912231445633,-118.15595110890384,-382.2197987629484,100.49247156181418,47.14315309065705,0.07971169397933917,-0.16138578865361314
903.0,-98.70295907611741,-387.63091449163113,-98.35623441212915,-387.31594178973836,100.56406279146758,48.95786525300819,0.08266231041400625,-0.16125724304118944
904.0,-79.25845727975914,-392.0689951394176,-79.50176301823244,-392.1559670841087,100.65246010189588,50.829636200189064,0.08570060205827734,-0.16116702153063978
905.0,-59.616906470469665,-395.53233049005144,-59.83776923763722,-395.512058204486,100.53154380095789,52.603293173973896,0.08856456676245363,-0.16073375286232816
906.0,-39.82713863832672,-398.0123101461606,-40.380759927216815,-397.85719608611794,100.2450825245049,54.39902795787262,0.09145128827586392,-0.1600395461156351
907.0,-19.938354264278694,-399.50276848756886,-20.16204673225131,-399.5667356194533,99.97000050468752,56.32879032776759,0.0945435371617656,-0.15935412145155503
908.0,0.0,-400.0,-0.03627808017961178,-399.85039549296545,99.4942571521921,58.232544983874185,0.09757693077607683,-0.15835047264693913
909.0,0.0,-420.0,-0.38175753689541975,-419.8442415335475,101.2788798671795,57.25244251050784,0.09626191333239276,-0.1611950189909162
910.0,0.0,-420.0,-0.046819178819402195,-419.99860756817543,101.20796051368127,57.588711925920855,0.09679899324576706,-0.16107804535323017
911.0,-29.962456943677395,-418.92988813630654,-30.79038108837275,-419.1422356007716,101.81212182154178,54.67931434832241,0.09215805522257106,-0.1624161135076006
912.0,-59.772232074779794,-415.7250055899917,-60.02434151838386,-415.86102589564695,102.2372541631035,51.95883830010259,0.0877880982299557,-0.1634507601641743
913.0,-89.27742161225005,-410.40168370788706,-89.40621547397909,-410.4987715804636,102.34998405415298,49.52603270450705,0.08385049648562415,-0.1639900143713527
914.0,-118.32767387340054,-402.9870489180889,-118.47881984382455,-403.1131857597727,102.27288928950883,46.9492314177247,0.0796589387948726,-0.16422336563956097
915.0,-146.7749554316212,-393.51888449989997,-147.1671693701918,-393.54692494922386,101.9218389946701,44.15813000366998,0.07509960519107378,-0.1640159971809474
916.0,-174.4743054607924,-382.04543804889767,-174.4665884799047,-382.03937590807163,101.22266752538413,41.63601391680598,0.07094460012739606,-0.1632375664721191
917.0,-201.2845744224238,-368.6251756182474,-201.36030200229155,-368.34518962992087,100.23957649240499,39.0988290354526,0.06673883264550406,-0.16200229507794667
918.0,-227.06914333135092,-353.32648378909613,-226.9624951074816,-353.05568113118153,98.91445269542692,36.65259977726095,0.06265828766593806,-0.16020684441736438
919.0,-251.69661993476566,-336.2273211882314,-251.89208000991835,-336.46014474610587,97.48489213324143,34.42358393034741,0.05890745367938708,-0.15823694006813738
920.0,-275.0415082570197,-317.4148212287885,-274.66627808182307,-317.3975671537423,95.23470646324184,32.30640167376203,0.05530439459314341,-0.15493457333153113
921.0,-296.98484809834997,-296.98484809834997,-297.4792894461137,-296.8360233065233,92.6502305519017,30.192062718970632,0.05168750296319423,-0.1511006424968965
922.0,-317.4148212287885,-275.0415082570197,-317.6625686548868,-275.3018018223477,89.35717644033201,28.365538073839417,0.048516769677363084,-0.14610676817255852
923.0,-336.2273211882314,-251.69661993476566,-335.90994204115094,-251.62783024335386,85.12915835115881,26.269447031276655,0.04489080268374311,-0.139601143475647
924.0,-353.32648378909613,-227.06914333135092,-353.38941061261033,-227.04905829554994,80.34691111702953,24.193275020577435,0.041285456748379586,-0.1322040311890476
925.0,-368.6251756182474,-201.2845744224238,-368.8331381854832,-201.54654085056754,74.12782383080824,22.316055775965808,0.037985440888618945,-0.12249518527043768
926.0,-382.04543804889767,-174.4743054607924,-381.96015991587774,-174.53068445426766,66.85590315271135,20.381386263422023,0.03457545626654344,-0.11108233033253294
927.0,-393.51888449989997,-146.7749554316212,-393.7137067169886,-146.80332354273898,58.28785672059791,18.459284575113994,0.031176760181482705,-0.09758980627822593
928.0,-402.9870489180889,-118.32767387340054,-402.86542528389595,-118.4731307471651,48.113122749205935,16.93760016742851,0.028407965125797262,-0.08150829506531651
929.0,-410.401683707887,-89.27742161225025,-410.594532740022,-89.32404352513258,36.84246239570955,15.433565096497999,0.025657230884155308,-0.06366514016296015
930.0,-415.7250055899917,-59.772232074779794,-415.8467529678149,-59.82360647227699,24.262034343465526,14.632922369067051,0.02402167735467654,-0.043707090854336224
931.0,-418.9298881363065,-29.962456943677598,-418.86675319590853,-30.048766045551265,10.397651505302123,14.89235702999696,0.024069928778698065,-0.021678226099078393
932.0,-420.0,0.0,-419.0000415071076,-0.31343710678490644,-4.589997021050693,14.252808915439081,0.02268788857410719,0.0021737250055204565
933.0,-420.0,0.0,-419.9721027310702,-0.375172407312579,-4.475027986470947,14.465423755888379,0.023027031672979932,0.001978841296523015
934.0,-418.9298881363065,29.962456943677598,-418.4432059228943,29.822208425167812,-17.170237587735357,13.947869551992882,0.021833492070472076,0.022202619270544392
935.0,-415.7250055899917,59.772232074779794,-415.26857563391974,60.15344285519705,-29.59560997843579,14.409327825681423,0.022196459918147792,0.042017093238944016
936.0,-410.401683707887,89.27742161225025,-410.4157519625426,89.26120056962209,-41.55860520039091,15.813561106591225,0.024074884678195328,0.06111622387638357
937.0,-402.9870489180889,118.32767387340054,-402.73233246873264,118.22496628605118,-52.73920304345905,17.5888114514876,0.026545564901385,0.07900479664094895
938.0,-393.51888449989997,146.7749554316212,-393.1383630493433,146.8064058956145,-62.33131715286686,19.267457479417036,0.02886717691634026,0.0943886174762903
939.0,-382.04543804889767,174.4743054607924,-382.26376883286395,174.62107216068782,-70.68008052219848,21.311814193381874,0.031780226217884254,0.10780926792597856
940.0,-368.6251756182474,201.2845744224238,-368.22532045860663,201.2710086748018,-77.64049983794929,23.51790668027027,0.03496495041044593,0.11905904782330841
941.0,-353.32648378909613,227.06914333135092,-353.03655534789505,227.27763827268313,-83.32065114114731,25.463419079534635,0.03774282707519154,0.12828530579170044
942.0,-336.2273211882314,251.69661993476566,-336.3585012687042,251.83709231650036,-87.76823710249285,27.51168310184386,0.04070196154687029,0.13556811437329067
943.0,-317.4148212287885,275.0415082570197,-317.1122708365288,274.92644965222,-91.63336949279311,29.696657616892185,0.043896681759970295,0.14195537169146982
944.0,-296.98484809834997,296.98484809834997,-296.96555381884264,297.2230826345307,-94.75697967934525,31.649512838583053,0.04673168111747226,0.14717348800304328
945.0,-275.0415082570197,317.4148212287885,-275.34909089096305,317.57896744845067,-97.02879895007419,33.824517769402924,0.04994401100828486,0.15105393690556565
946.0,-251.69661993476566,336.2273211882314,-251.30109400315357,336.1679874466807,-99.0686310947671,36.106155510618585,0.05334769103326452,0.15459494576010682
947.0,-227.06914333135092,353.32648378909613,-226.97494011493245,353.56325738792907,-100.5132120683371,38.412445071773455,0.05680522547280205,0.1571919895332314
948.0,-201.2845744224239,368.62517561824734,-201.37856450863046,368.7579882033313,-101.63901682020325,40.78417064832336,0.06039385450837879,0.15929724156303415
949.0,-174.4743054607923,382.0454380488977,-174.8414171087395,382.0739131601379,-102.29310611639812,43.253762828550485,0.06416125276572393,0.16066325673444135
950.0,-146.7749554316213,393.5188844998999,-147.18068775019557,393.6011855448437,-102.93426936885709,45.91527131176162,0.06825600088539338,0.16202245994606257
951.0,-118.32767387340044,402.9870489180889,-118.2057326885809,402.8657267498495,-103.21685757568173,48.52664559266962,0.07229866955128965,0.1628270685343945
952.0,-89.27742161225025,410.401683707887,-88.85612551903834,410.0419317915827,-103.15130276578486,51.354434382179456,0.07671134840153075,0.16308217865678673
953.0,-59.772232074779794,415.7250055899917,-59.860344539975415,415.73438195015905,-102.72094031943739,54.03243986956296,0.08090381122831264,0.16275234609323527
954.0,-29.962456943677598,418.9298881363065,-30.127507628128615,418.9624002646269,-102.10252688417417,56.8183919403497,0.08529825820841663,0.16213224778930435
955.0,0.0,420.0,0.20347730429228061,419.75735434979725,-101.34609222543263,59.63091131457973,0.08976478603680627,0.16129980738827257
956.0,0.0,440.0,-0.33059122566875043,440.2564447797804,-102.85830754995224,59.270186486888385,0.0889396228382012,0.16370003210464104
957.0,-9.943763205002249,439.88762380103725,-9.634655456299686,439.7256758021437,-103.18883071514519,58.34415714382701,0.08747230167750746,0.16411212943788756
958.0,-29.810975076557256,438.98895859119835,-29.63517876647695,439.0055499605615,-103.64803794054474,56.592101898383895,0.0846926385103294,0.1645980345697621
959.0,-49.617284834201364,437.1934640930508,-49.6045305451394,436.96392412820796,-104.14341846078538,54.664229192491035,0.08164933753856285,0.16514189304535629
960.0,-69.32222932200266,434.50480839897233,-69.05371735924986,434.48339394372374,-104.40376621601293,53.050303145734176,0.07911107344317657,0.16531805570375582
961.0,-88.88555246746678,430.92848427848577,-88.9119824261932,430.77070992700504,-104.64671575573571,51.079805576357245,0.0760203982984386,0.16546151827190522
962.0,-108.26728752238738,426.4717979568458,-108.8412482895394,426.4484594445915,-104.75519204685635,49.224858690937516,0.07312109312296339,0.1653900904729407
963.0,-127.42783871262166,421.143854188839,-127.27053696628302,421.15957677771576,-104.89870690403423,47.58210566032346,0.07057134327448791,0.1653927984637561
964.0,-146.32806212998858,414.9555376582919,-146.30996850590228,415.1045681476223,-104.72896417650088,45.72931506485903,0.06769669098309046,0.1648894691208043
965.0,-164.9293457010306,407.91949074128576,-164.90567992365376,407.7886135810598,-104.38605565135019,44.15434450921041,0.06527964578863538,0.16411597207949477
966.0,-183.1936880692666,400.0500876785059,-183.11938835804256,400.0987035372773,-104.29934114983375,42.38254929677535,0.06255392424626546,0.16375489887087902
967.0,-201.08377622978614,391.3634052094923,-201.02767611786513,391.6543023209418,-103.82983839382014,40.69672005636347,0.05997426203066903,0.1627883397123715
968.0,-218.5630617575804,381.87718972878184,-218.9766523961749,382.03278556541744,-103.18277903247372,39.03398946948554,0.05744577856603395,0.16153869212850855
969.0,-235.59583547388024,371.610821031041,-235.20446751561124,371.52278501983574,-102.63117650241969,37.53004622618399,0.05518089424457807,0.16046204782418552
970.0,-252.1473003979621,360.5852727192555,-252.2797492976617,360.9087245810047,-101.65731072501892,36.003606973929465,0.05288148083156471,0.15870297178762377
971.0,-268.18364283538614,348.8230693568618,-268.43440557087985,348.8906720753146,-100.62435217319573,34.43180202561265,0.05052706032355398,0.15686112155518955
972.0,-283.67210145743593,336.34824045135446,-282.9698485760645,336.2440895281193,-99.61233467257215,33.157712390547765,0.0486541660432921,0.15507243050184072
973.0,-298.58103423063625,323.186271363379,-298.3868331604147,323.48468865376685,-98.19472806923335,31.609444967394946,0.04634628594342028,0.152627428127074
974.0,-312.87998305961406,309.36405124160046,-313.2936012265793,309.5944415407785,-96.55275746333882,30.157586485317108,0.044205694882057604,0.14983158795957746
975.0,-326.5397360112427,294.90981808971355,-326.0058164154173,294.7955266520342,-94.78207808781495,28.87136979499047,0.04233985934969131,0.1468577780525755
976.0,-339.5323869929462,279.85310107781936,-339.6004795472781,280.1802237377099,-92.74496867120827,27.27097714551172,0.03997174855745855,0.14344912424929027
977.0,-351.83139276324897,264.2246602160223,-351.95157704117383,264.36852682111953,-90.20989071167674,25.90583067834711,0.03799269589770241,0.13926315880952883
978.0,-363.4116271580958,248.0564235134925,-363.13602691342993,248.04823990829595,-87.49899816458355,24.658220119898246,0.036206936134461645,0.13481166366475855
979.0,-374.24943242216636,231.38142175137207,-373.92978636557064,231.30262555089166,-84.1279916329858,23.314769573435658,0.0342738512665134,0.12931434925858445
980.0,-384.3226675403128,214.2337210027828,-384.0687584661733,214.42156711083825,-80.61569283378306,21.858493733516042,0.03216285814697609,0.1236001803872409
981.0,-393.6107534703859,196.64835303778946,-393.40367358510167,196.86000223487542,-76.54522125161026,20.5762836568792,0.030337233437793012,0.11700749920484814
982.0,-402.0947151850382,178.66124375550234,-401.78067528367063,178.78046550566455,-71.7969684400485,19.16288435867097,0.028309158184909925,0.10934782723220568
983.0,-409.7572204366182,160.30913978952242,-409.2028241893624,160.33510248155983,-66.3825137716618,17.807594665566626,0.026378047505669893,0.10063955612970642
984.0,-416.5826151659591,141.6295334366757,-416.7716413242779,141.70273099016492,-60.63278640171965,16.430990989920783,0.024415304857270857,0.09139588570801957
985.0,-422.5569554827243,122.66058606239818,-422.44200377106495,122.65123588314235,-54.03044218392688,15.28065993492473,0.022817819265049683,0.08081848375040636
986.0,-427.66803615197654,103.44105013925422,-427.5790001880435,103.46598140958201,-47.213892462804715,14.192093090141086,0.02132027261377645,0.06990669526516685
987.0,-431.90541552877386,84.01019007785376,-431.8548842764135,83.9842439682287,-39.36689912755245,13.253350585521657,0.020064809824692633,0.05736545085159183
988.0,-435.2604368898517,64.4077020119133,-435.36387046193994,64.43639432239395,-31.33014872544506,12.507474003536158,0.019117112359395227,0.04453159086406157
989.0,-437.7262461188122,44.6736327013276,-437.7370420374064,44.654436729103814,-22.918425773507916,12.06371424888304,0.01865311587239106,0.031114853818955325
990.0,-439.2978057086914,24.848297718934873,-439.42748117033585,24.876708641956583,-15.441034293822094,11.501589106931798,0.01800068322194508,0.019193512902502194
991.0,-439.9719050532979,4.972199088111281,-440.12757557458673,4.979456318711899,-6.8492664569982225,11.699119273311831,0.018558743355245204,0.005510715654041448
992.0,-440.0,0.0,-440.40466503458873,-0.08990549684771161,-4.762311978599904,11.909334192986321,0.018955395127651854,0.0021858309344933804
993.0,-439.7471670062966,-14.91405746054246,-439.57148861112836,-14.957604989216383,2.5783087321097846,12.409765199593032,0.01993394012376701,-0.009486925891173698
994.0,-438.6240506946397,-34.769845444380245,-439.25861164215,-34.507873919736134,12.398678283937093,12.130410919988824,0.019728765592249453,-0.02511269766704725
995.0,-436.6048505805977,-54.55460062628935,-436.5902284450667,-54.77024303477099,21.326262212930384,12.669135439399623,0.02083432497939222,-0.039288709172093816
996.0,-433.6936917743031,-74.22790388510076,-433.57048548487563,-74.3673765761526,29.780799057946144,12.919314793508486,0.021472503350880977,-0.052707539766351355
997.0,-429.8965216063877,-93.74956378953816,-429.882486563485,-93.86626707261689,37.928701296449006,13.45616237985008,0.02256572520433642,-0.0656301621144856
998.0,-425.2210974779262,-113.07969870700929,-425.164034630093,-113.1987939116459,45.380806417218956,14.513462202472743,0.02448523506706618,-0.07743276902577423
999.0,-419.6769710125113,-132.17881827949512,-419.74142597178826,-132.35427362143693,52.349774649647,15.530252851571282,0.026338104286337965,-0.08845781590905948
1000.0,-413.2754685428328,-151.00790410009023,-413.3862995591894,-151.19524097518533,58.684863567073286,16.68614487537298,0.028408508395066593,-0.09846259200964387
1001.0,-406.02966797163,-169.5284894253704,-406.06559912890367,-169.75040189076557,64.60550864061196,17.784100627400218,0.030383203799728416,-0.10779593488754159
1002.0,-397.954372054285,-187.702737760747,-398.01740056195126,-187.90301547720267,69.82716235829109,19.01421060552661,0.032563299201512616,-0.1160078888208604
1003.0,-389.0660781576419,-205.4935201582562,-388.9162318116577,-205.4393099901619,74.58239498144695,20.010277948921694,0.03436335613820672,-0.12346461482935284
1004.0,-379.3829445568319,-222.86449106887312,-379.3902352759122,-222.81405008204214,78.5632486620663,21.282158423923907,0.03660040475493798,-0.1296836756181724
1005.0,-368.9247533389573,-239.7801625943845,-368.9512996692295,-239.723940604865,82.45454715919959,22.518722640237414,0.038775552800189746,-0.13574902416564433
1006.0,-357.7128699894212,-256.2059769871332,-358.2717535767452,-256.48462368839506,85.72481358713804,24.00056936404314,0.041339252741193974,-0.14082302272671474
1007.0,-345.7701997434653,-272.10837724951455,-345.4676340687643,-271.979651994234,88.39170646361642,25.272108644066225,0.04355273755000158,-0.14491070286234542
1008.0,-333.12114079208624,-287.45487568900114,-333.1282688219948,-287.3485516465577,90.97052697170916,26.441891495862695,0.045602727279174915,-0.148863903303021
1009.0,-319.79153443792984,-302.2141202886363,-319.8784253944882,-302.1274558613545,93.19340586051554,27.770866666915953,0.047898853795350714,-0.15223945446050188
1010.0,-305.80861230299035,-316.3559587574088,-306.1035191158164,-316.5679289177172,95.04234718770414,29.162885633102167,0.050291172870577314,-0.15501343507409707
1011.0,-291.20094069596746,-329.85150012965477,-291.085413938466,-329.76633734091763,96.59046921209114,30.430650867784706,0.05247052445827342,-0.15729342147432365
1012.0,-275.9983622529337,-342.6731737876462,-275.9430078524363,-342.4514814925651,98.0666360381634,31.68666965278439,0.05462489505705213,-0.1594573653097643
1013.0,-260.2319349705394,-354.7947857867827,-260.68487094749287,-355.16739068302894,99.32618548774843,33.31079591939914,0.05736550368730807,-0.16127513453073
1014.0,-243.9338687563056,-366.19157236831853,-243.92496862884641,-366.0412899734485,100.24702402215915,34.76484132511872,0.05981286117492228,-0.16253543650712388
1015.0,-227.13745962562766,-376.8402505503047,-227.1043866547966,-376.5780424920874,101.0122949321842,36.16558111167632,0.06217125110732696,-0.16354740177736377
1016.0,-209.87702167992438,-386.7190656933849,-210.12651185986314,-386.8908227177994,101.96577433920886,37.75199403082683,0.0648224060256515,-0.16485698381298736
1017.0,-192.18781700489444,-395.8078359442789,-192.51291522747206,-395.7601923267043,102.63269372694818,39.30678629975001,0.0674055577054358,-0.16570270574489643
1018.0,-174.105983632097,-404.08799346615086,-174.02234682432174,-403.6743957143999,102.97951050750412,40.96825770592492,0.07014679661060566,-0.1660282283050221
1019.0,-155.66846171102196,-411.5426223716374,-156.16176009997676,-411.84942823765215,103.52323334861386,42.67160087053785,0.07295787085643622,-0.16667485196229614
1020.0,-136.91291804248357,-418.1564932810349,-136.67940481519835,-417.96919298264197,103.74774664217261,44.35153958649723,0.07570652495660841,-0.166793576090259
1021.0,-117.8776691275026,-423.91609443505087,-118.06966513379245,-423.75086043584633,103.93367790402324,45.98079614679787,0.07837037523242393,-0.16686158190723432
1022.0,-98.60160288889153,-428.8096592985533,-99.29519577067822,-429.00440585856813,103.96292172748532,47.843577267852105,0.0813994234938326,-0.1666781944808673
1023.0,-79.12409922545609,-432.8271905989273,-78.71162201017741,-432.6334928685962,103.8484952526375,49.57946052018974,0.08420661282639033,-0.1662439926205097
1024.0,-59.48494956111815,-435.9604807499313,-59.391956603734165,-435.652526123175,103.54583686993419,51.321157816622254,0.08701558418572583,-0.1655256894256474
1025.0,-39.724275553318364,-438.2031286193242,-39.853811831951305,-438.3029407506463,103.4938037427887,53.125967272770446,0.08992048720461496,-0.16520359300278192
1026.0,-19.88244712676648,-439.5505526060129,-20.45402698751374,-439.6959197838349,103.10810041209523,54.91577756556145,0.09278611853398859,-0.16435213844762162
1027.0,0.0,-440.0,0.08208334783741313,-439.669049952987,102.69852256148351,56.69849512744077,0.0956230725809974,-0.16344876986641224
1028.0,0.0,-450.0,-0.29020464419722797,-450.1445821297414,103.55067889193295,56.28745544920657,0.09509717617339583,-0.16480957819013167
1029.0,-29.7407629465647,-449.0161322484485,-29.87419391680542,-448.91938201767863,103.99248913753364,54.08920922104712,0.09158355364741504,-0.16587505534912686
1030.0,-59.351477103930904,-446.06883119713876,-59.68073810482692,-445.8278794943276,104.35298384320049,51.31308911176878,0.08712735971979657,-0.16681384043082687
1031.0,-88.70266235316599,-441.17098464366427,-88.56705925747065,-440.9472102946924,104.54350475672214,48.5357704241429,0.08264734631974514,-0.16747083387381753
1032.0,-117.66597342921892,-434.3440096248069,-117.50629526046093,-434.0042058058,104.59348067151382,46.00575524747268,0.07853567131748118,-0.1679047910507977
1033.0,-146.11476114210757,-425.6177587652856,-147.01203865723338,-425.97322156239596,104.54503156171523,43.30834466920635,0.07414425380053088,-0.16818903793658588
1034.0,-173.92462618160346,-415.0303897398232,-174.28125517245311,-415.2323349831084,103.99903950567204,40.880803056799095,0.07014915798222587,-0.16765402994537726
1035.0,-200.97396308376287,-402.6281984193436,-200.57120423549068,-402.3874818342927,103.29972420380373,38.46592683734066,0.06614845254136256,-0.16686300736760876
1036.0,-227.14449198067976,-388.4654164309082,-227.0341301280666,-388.3288542915472,102.16310788952813,36.06083936609718,0.0621484613150763,-0.1653781170549418
1037.0,-252.3217758082527,-372.603974016609,-251.9727486548477,-372.2580079636868,100.84332452740716,33.652315721211245,0.0581183576597132,-0.1635830391805576
1038.0,-276.39572071035053,-355.1132292283771,-277.13310560686097,-355.47581784356885,99.43562252406252,31.573044762805097,0.05460356412201986,-0.161650750067245
1039.0,-299.26105745123164,-336.06966464286927,-299.043633350088,-336.05161183641434,97.27348522751113,29.542638281352335,0.051134184117920756,-0.15847793932220886
1040.0,-320.8178017311286,-315.55655292261997,-320.7467818258106,-315.42834697668553,94.84098326079858,27.615430638802593,0.04781436532591113,-0.15487229007197398
1041.0,-340.97169139215066,-293.6635926858758,-341.5885807719225,-293.95461579034577,91.9981661493715,25.581311732185426,0.04431397633438653,-0.15060305506234978
1042.0,-359.63459860271615,-270.48651627736126,-359.1856583311043,-270.4486513497463,88.12519883534652,23.63302052317678,0.040925297660615555,-0.14465454706922043
1043.0,-376.7249152181378,-246.1266711550921,-376.6342967418641,-246.04454726111,83.55406097253064,21.69932600438948,0.037548850848955866,-0.13759304820625481
1044.0,-392.16790963227476,-220.69057672372875,-392.2808571252904,-220.98065689616757,78.08075760289681,19.951146541953463,0.03445958003503242,-0.12907363834360636
1045.0,-405.8960535598315,-194.28945855232175,-405.78445693438476,-194.29714645557752,71.34489902136937,17.7658144442592,0.03065472375011134,-0.11851856467194757
1046.0,-417.84931732036824,-167.0387620131993,-417.97496679495754,-167.0305996741884,63.52598040759924,16.129041216985744,0.027715785592985515,-0.10622366604534524
1047.0,-427.9754323328191,-139.05764746872632,-427.9426615050094,-139.25492597932413,54.313416615335086,14.591584465200464,0.02492867925240658,-0.09168348947116231
1048.0,-436.23011967269866,-110.46846921335968,-436.1704806879887,-110.5420786995985,43.98806973035647,12.868531797592022,0.021834710298149273,-0.0753509553906546
1049.0,-442.57728369257205,-81.39624044944952,-442.39040072957295,-81.48818785115382,32.44081792588988,11.603938697492246,0.019466225656325827,-0.05704910854458652
1050.0,-446.9891698591371,-51.96808663631387,-447.17422085074367,-52.0328277114641,20.26303824879371,11.34058297945023,0.01868634301661281,-0.03772615754489106
1051.0,-449.4464861167371,-22.312689602950226,-449.3762286295346,-22.37364497756762,6.413917487485212,11.908918590037333,0.019227642027897958,-0.015711565208031072
1052.0,-450.0,0.0,-449.3900894477693,0.12730308638589896,-4.989993146945724,10.697024904009508,0.017023284821056854,0.002438152519383196
1053.0,-449.93848724661103,7.44027514486152,-449.93450827339603,7.196164080545809,-7.847325416587405,11.030828902357717,0.017467978235842622,0.006979070584489905
1054.0,-448.4630218530014,37.160705462549714,-449.1772148020347,36.78643792358139,-19.86214981315859,11.321072239821513,0.017567523573412357,0.02611053206804302
1055.0,-445.0265417706608,66.71864147032899,-445.77881709574353,67.18643691249797,-32.04851767917868,11.25367416904418,0.01708794824932836,0.04554735899468987
1056.0,-439.64407385261967,95.98483383468614,-439.4175511791556,95.85592807279511,-44.103493132870504,12.991994954250908,0.01950345722531544,0.06481135456886021
1057.0,-432.33915426158165,124.83130894283009,-432.0976887519305,124.82596822233846,-54.84480629476386,14.444949496698465,0.021461110904717993,0.08199633157555894
1058.0,-423.1437255522726,153.13192849873937,-422.9852906390047,153.15159205908756,-63.931047732229764,16.30138484925509,0.024068816386936726,0.09656913325702805
1059.0,-412.0979969947759,180.7629410938362,-412.0352278794788,180.7116875832828,-72.02148082388078,18.46514367357572,0.027175017770225275,0.10957956256148389
1060.0,-399.25026874962526,207.60352334040962,-399.05072309743235,207.55917049774573,-78.75048890561236,20.502653412795727,0.030089014841266744,0.1204481324224209
1061.0,-384.65672066349254,233.53630820154686,-384.3458540208446,233.74792799742752,-84.37175125175439,22.38514420961773,0.032764358995037234,0.1295747394431208
1062.0,-368.3811666090116,258.44789820732467,-368.279862514446,258.5684399327426,-88.97771196771016,24.373752720995935,0.03562535160332762,0.1371021133615586
1063.0,-350.49477544295064,282.2293613130916,-350.08160225325406,282.1510474060868,-93.00761922923103,26.562630118375598,0.03882024262552694,0.14373878357000505
1064.0,-331.07575980290915,304.7767072315836,-330.91760130728125,305.11508283905255,-96.12259322617903,28.518374420836068,0.041651666438176485,0.14893111966185865
1065.0,-310.20903410335455,325.9913421559901,-310.1614059794379,326.00553651219366,-98.53040460078402,30.69261238684547,0.044856228816264936,0.15301747104595503
1066.0,-287.98584322649236,345.78049988558655,-287.54477121740257,345.672903815881,-100.6797131659676,32.72423779779425,0.04784879536909025,0.15671518718210437
1067.0,-264.50336353161293,364.0576474687264,-264.3014954802813,364.3264955914727,-102.23148530268999,34.99163176757171,0.051229014918937714,0.15946956901060463
1068.0,-239.8642779275971,380.742863589421,-240.5431341753318,380.941532483334,-103.36014417287781,37.167059679226604,0.05448783206767329,0.16155685339951295
1069.0,-214.17632686668307,395.7631880429201,-214.25804946339522,395.79056352366507,-104.31552211105581,39.51326362169923,0.05804007593682499,0.16339929733270964
1070.0,-187.5518372228806,409.0529407721231,-187.49998362687737,409.0775398886908,-105.07892659422244,42.17339856624472,0.06211108695490495,0.16494199860983264
1071.0,-160.10723111513238,420.55400906975746,-159.9977518802552,420.4939338770683,-105.6536724551545,44.49958125707556,0.06567350542525088,0.16619355414381276
1072.0,-131.96251682300914,430.2161016904609,-132.13653850390008,430.3445424446132,-105.67946002988651,47.003860035602294,0.06953854875418873,0.16657581186807344
1073.0,-103.24076402103816,437.99696876160266,-103.22410619542192,438.03922195410723,-105.71065316760662,49.723701597495015,0.0737730745130056,0.16697954706277474
1074.0,-74.06756562633025,443.86258653122496,-74.14999767896101,443.92596561270057,-105.32971541043673,52.33474748596611,0.07785658832102019,0.16672933561038278
1075.0,-44.570488612708154,447.7873061452551,-44.64994461192913,447.7719534620676,-104.67455475310742,55.01777995942649,0.08207966541844003,0.1660479013886525
1076.0,-14.878516192788673,449.75396580341675,-14.833301415783895,449.5966839104911,-103.97328033067116,57.77066078146138,0.08643866389983877,0.16529695210103118
1077.0,0.0,450.0,0.29446375708749867,449.6766335163922,-103.52855150567439,59.25299860201147,0.0887968986739104,0.16477441352236413
1078.0,0.0,460.0,-0.07036220824756732,460.26111440113294,-104.33812125844497,58.94358413208116,0.08817482240012652,0.16605841578797528
1079.0,-19.92662636457253,459.5681990322293,-19.963784817243067,459.6310637262283,-104.86642003613899,57.23750817541676,0.08546723439571564,0.16665559519996725
1080.0,-39.815842570238104,458.27360679011616,-39.444678032714755,458.25279885089464,-105.48579698974994,55.345804031685084,0.08247337331482962,0.16740278226729988
1081.0,-59.63030869175384,456.11865373532595,-59.15835623893693,455.6916013322345,-105.74775821611836,53.60520579252019,0.0797344920943563,0.16757827362587166
1082.0,-79.33282513934972,453.10738556705223,-79.67415277997624,453.00221434289006,-106.05685122257351,51.770372826445964,0.07684720158086746,0.16781895402073296
1083.0,-98.88640249707102,449.24545562663985,-98.76186175222237,449.219362451168,-106.42769232829346,49.96648392678418,0.07402255171366234,0.16817539931755177
1084.0,-118.25433096654201,444.54011428402674,-118.11283013169458,444.60506262587523,-106.50381512640405,48.13693193499096,0.07116724048706588,0.1680595617287952
1085.0,-137.40024928577625,439.0001953259321,-137.73040290688752,439.0369221899501,-106.38598946625227,46.54673267331011,0.06870455262195023,0.16763178048486185
1086.0,-156.28821299364728,432.636099371345,-156.17064763256954,432.4175396833329,-106.39796801851935,44.82006088966069,0.06603753652527998,0.16742500776601715
1087.0,-174.88276191185824,425.4597743454489,-175.07032939326484,425.79867095729674,-106.32769694385918,43.00031473710371,0.06322238167748491,0.16708170398733943
1088.0,-193.14898671772175,417.4846930486403,-192.98807499290047,417.57109220996625,-105.89866999694647,41.436583728912694,0.060834389415000106,0.1661794482498648
1089.0,-211.05259448276493,408.725827862754,-211.12678674777382,408.90345819085684,-105.41433783028596,39.743029604601674,0.058245166590909565,0.16518646535486514
1090.0,-228.55997305412043,399.1996226419806,-228.98829903099707,399.2523955250061,-104.85570750171496,38.07282092000519,0.05570514321206838,0.16407862811696763
1091.0,-245.6382541578306,388.9239618412486,-245.2721133326506,388.83235890446593,-104.39465307436332,36.72682321959218,0.05369053524376358,0.163145409773506
1092.0,-262.255375105598,377.91813694002843,-261.96347587381166,378.08720818656826,-103.57540950462241,35.04449848181574,0.051144627834070665,0.16163712447208053
1093.0,-278.380138989132,366.20281022459613,-278.8129304959266,366.26060348258005,-102.57370927984876,33.56861733687779,0.04894053014470552,0.15983651423574377
1094.0,-293.98227324908487,353.7999759967493,-293.5543406379017,353.7601145830145,-101.67435167798418,32.210304430256976,0.046931801159589524,0.15822460450621567
1095.0,-309.0324865086187,340.7329192818041,-308.9525840807218,340.987631638673,-100.46690349975552,30.71669980396641,0.044711079818712515,0.15611430917558766
1096.0,-323.5025235649047,327.0261721133926,-324.00557578896104,327.2091076178402,-98.83162557454416,29.27416615518763,0.04258396142080168,0.1533273299432462
1097.0,-337.3652184353144,312.70546747713354,-336.89100722016525,312.69472163330465,-97.38837958668866,27.894449616617333,0.04056583164040135,0.15087252508343063
1098.0,-350.5945453587128,297.7976909996406,-350.11831237139177,298.0300365857874,-95.48659528110606,26.458656320053763,0.0384602936362759,0.14768374690680758
1099.0,-363.1656676561068,282.3308304735673,-363.20124905830045,282.4580721270435,-93.030434904882,25.12601169496405,0.03653003326787035,0.14361441988710594
1100.0,-375.05498435891394,266.3339233134504,-374.49738828910176,266.2365217707814,-90.60171292120823,23.787544700931125,0.034598461772350875,0.1396106452854238
1101.0,-386.24017451731487,249.83700204099912,-385.7701668853001,249.80946609719226,-87.81443092150168,22.421441042956946,0.03262542197810933,0.13503649079133268
1102.0,-396.70023910550503,232.87103790217273,-396.2799014398467,233.0326758973553,-84.50470160781352,20.993601255446684,0.03055840927129248,0.12964018055166637
1103.0,-406.4155404451706,215.46788272190338,-406.0352223255563,215.65313190980862,-80.78894965582312,19.652227387792994,0.02863639325930316,0.12360690449680564
1104.0,-415.3678390731786,197.6602091056217,-415.57342938762366,197.8031711136613,-76.34684829713636,18.330550258283093,0.026751486761590507,0.11642026644417706
1105.0,-423.5403279842619,179.481449099855,-423.5686349026321,179.56946240073606,-71.6538518652072,16.980317040150354,0.024825831587606956,0.10885321357859579
1106.0,-430.91766418441694,160.96573142705262,-431.004706634732,161.02812649662863,-66.2876454617709,15.727057207141087,0.02305828185139572,0.10022156146224383
1107.0,-437.4859974957706,142.1478174124758,-437.41153123275035,142.14126107375137,-60.25124076916438,14.321398175636945,0.021052412948189936,0.09053586080188876
1108.0,-443.23299655884256,123.0630357234416,-443.30516258996823,123.10116485446314,-54.10009409390286,13.053923448617548,0.01926834780955541,0.08067382766803421
1109.0,-448.14787198338394,103.74721604344138,-448.0897019858043,103.72508038550671,-46.8080334823149,12.008418576104576,0.01784167350552039,0.0690095566272542
1110.0,-452.22139660433055,84.2366218056539,-452.1162367729341,84.25662854848434,-39.27204008445219,11.174859764780345,0.01675345305520668,0.05696633776117504
1111.0,-455.4459228048407,64.5678821121385,-455.6373187624493,64.58563087927267,-31.32715338602664,10.542695892646732,0.0159882431790637,0.044278535261978405
1112.0,-457.8153968738973,44.777922966523214,-457.61857816228866,44.74040296261083,-23.40304643122904,10.271898708604594,0.015800300042819588,0.03164266291740927
1113.0,-459.32537037151695,24.90389794929202,-459.2534193404872,24.87360785122576,-15.534712708757448,9.85183628799294,0.015375058037105958,0.01909979900357154
1114.0,-459.973008480232,4.983118465818372,-460.0922533815056,4.9691157329895335,-7.028867169931199,9.878121215894902,0.01566066157413158,0.005552052199024544
1115.0,-460.0,0.0,-460.59892471288146,0.02807091129574689,-4.232512068295962,9.99473439241985,0.015906770050752802,0.0010953096383198367
1116.0,-459.75709532716377,-14.947016301899003,-459.5348113581085,-14.954555030084364,2.1427619450119995,10.811588901127488,0.01739032619266927,-0.009038221922125353
1117.0,-458.67803626669667,-34.84908960829271,-458.6532531268667,-34.886056261758014,12.437634450902214,10.545512917270576,0.017210953666841645,-0.025412223980515944
1118.0,-456.7378571194683,-54.68573739025712,-456.7163394205977,-54.73785318581855,20.884193654931533,10.474659136864627,0.017341310791326107,-0.03883161914529806
1119.0,-453.940200369102,-74.41971841427188,-453.90803275693634,-74.45762710462934,29.45259603730047,10.48838639526347,0.01760466593782324,-0.052434261825318865
1120.0,-450.29031832382526,-94.01398419292792,-450.25368079971685,-94.01530030707386,37.29985009836701,11.07482109612159,0.018777528045373793,-0.0648787998112049
1121.0,-445.79506325580934,-113.43174853959056,-445.6665459930952,-113.49602406252252,44.72221459331294,12.165360619869887,0.020751755499128912,-0.07663568128367718
1122.0,-440.46287453674455,-132.63655663062139,-440.22341351802993,-132.70929077170683,51.64636510239526,13.1024899709923,0.022478547540754394,-0.08758914719024936
1123.0,-434.3037627938013,-151.59235344550055,-434.1598447315171,-151.6716885433647,58.070400958894744,14.284629304765131,0.024592212695764566,-0.09773905743943469
1124.0,-427.3292911157241,-170.26355145636055,-427.36799599517167,-170.32358113202682,63.852947936085364,15.330604450683621,0.026485363066531195,-0.10685908720302711
1125.0,-419.55255334434014,-188.6150974398513,-419.5850941791462,-188.58053047737215,69.37066234527556,16.41501574690604,0.028434849611254295,-0.11554548544354917
1126.0,-410.9881494922399,-206.61253828590426,-410.6936795306846,-206.59493983063416,74.10921122483073,17.625088770375715,0.030581362625762908,-0.12297822730220301
1127.0,-401.6521583327787,-224.22208567984674,-401.5552057784192,-224.18942443444743,78.37218229369799,19.012056157979355,0.033004268957827376,-0.12965103784075704
1128.0,-391.5621072138595,-241.41067953643233,-391.7973401109541,-241.37431900750394,82.17273504367513,20.12324696019617,0.03498324698436379,-0.1355803010910531
1129.0,-380.73693915216967,-258.1460500666959,-380.79627408977416,-258.1114982726223,85.58853296438879,21.411258728403762,0.037238161161467144,-0.14088198257078646
1130.0,-369.1969772696452,-274.3967783611117,-369.536125211509,-274.61450983222926,88.53457831694624,22.83986830320309,0.03971397585210339,-0.14543285663727604
1131.0,-356.9638866389336,-290.13235537531244,-356.9033686508912,-290.0355944764735,91.02677207284056,24.00374240359217,0.04175520061951718,-0.1492445931643266
1132.0,-344.0606336094833,-305.323239207632,-344.3065436773609,-305.13578266822236,93.34710730246678,25.20527462047774,0.04385243013066236,-0.15278324840486882
1133.0,-330.51144269062263,-319.9409105609398,-330.8911070104236,-320.179555295514,95.39994836792722,26.57737544906985,0.04622043709881431,-0.1558861479454579
1134.0,-316.34175107257465,-333.9579262846403,-316.2675142482256,-333.90690113488216,96.98830784736124,27.817704670068398,0.04836260079673119,-0.15823500582721178
1135.0,-301.57816087079004,-347.34797089632156,-301.4175234403344,-347.10929837813256,98.46599680808197,29.112532818008543,0.050585073199592386,-0.1604049534171644
1136.0,-286.2483891832555,-360.08590598632367,-286.6847120490713,-360.4858884366592,99.80956194825846,30.56980182661532,0.05306821159648853,-0.16236287140999364
1137.0,-270.3812160545376,-372.14781741247583,-270.3166438134249,-372.16571980113685,100.88682687218557,31.90338059870723,0.05533371071015471,-0.16387693249898744
1138.0,-254.00643044425735,-383.5110601963999,-254.09340337087016,-383.3129866019888,101.86747043412483,33.282041274944724,0.057664437598945795,-0.1652389896163478
1139.0,-237.15477430143005,-394.154301037091,-237.4406127694647,-394.38714763458574,102.68566419277056,35.0656039026529,0.06063869063381749,-0.1663372391525813
1140.0,-219.85788484966884,-404.0575583619613,-219.41657659391157,-404.0094692659113,103.31210032204008,36.41927864223113,0.06291097520721668,-0.16711350333556077
1141.0,-202.1482351916026,-413.2022398401544,-202.41387756151252,-413.0218955147859,104.0146627678897,37.915452177382114,0.06540258428541339,-0.16802343460265554
1142.0,-184.05907334401977,-421.5711772877041,-184.4756676147382,-421.77832027655546,104.48354865367553,39.688932369005975,0.06833240537164204,-0.16855000089677286
1143.0,-165.6243598181894,-429.14865889900545,-165.48971942524784,-428.96205905880333,104.79697217453533,41.42457497718041,0.07118274543093873,-0.16881630953062848
1144.0,-146.87870386255076,-435.9204587440891,-146.6376291043665,-435.443798245112,105.08669573769193,43.175934223302725,0.07404950192641045,-0.1690465378639742
1145.0,-127.8572984874654,-441.87386347631735,-127.86838280316783,-441.9622558473473,105.3494565711123,44.81329179404646,0.0767352688097533,-0.16923486826861375
1146.0,-108.59585439401705,-446.9976962003646,-108.64115373563368,-446.9486373622054,105.35778136641814,46.5952120484242,0.0796323510556877,-0.1690126422390722
1147.0,-89.13053293090273,-451.2823374556701,-89.18888627063201,-451.0903807302913,105.31732638175299,48.182397784708265,0.08220915942970054,-0.16871002473932878
1148.0,-69.4978782052776,-454.71974327597036,-70.21453862035891,-454.9115511639407,105.24182650712537,50.03892010865417,0.08521070424850105,-0.1683574846359144
1149.0,-49.734748475013134,-457.3034602910054,-49.263946983762786,-457.01198787077215,104.98258473979871,51.71797970177088,0.08790873457977061,-0.16768830722125208
1150.0,-29.87824695116892,-459.02863784204675,-29.766485281286858,-458.6451859895098,104.72491563369988,53.52421700821708,0.09080345227000265,-0.16703942921755305
1151.0,-9.965652140590759,-459.8920370885027,-10.104555008419993,-459.8820658630952,104.41065601818639,55.20510559341846,0.09349381757547447,-0.16629847037867998
1152.0,0.0,-460.0,-0.35742837006620426,-460.06530688391166,104.16355861167705,56.13656816061019,0.09497853044202155,-0.16578582984645915
1153.0,0.0,-480.0,0.1115512173080045,-479.6732679195372,105.65613182340378,55.38269646754973,0.09401884454480267,-0.16815559031190414
1154.0,0.0,-480.0,0.06885658230043797,-480.0636035771484,105.6091910116802,55.539588958999296,0.094273327130494,-0.16808140456975523
1155.0,-14.927933889521464,-479.76781550015426,-15.122641647879947,-479.7686381692985,106.08036211186466,54.07275410738561,0.09193517452380835,-0.16901734653281295
1156.0,-19.967276220749067,-479.5845158888308,-20.108171016202807,-479.51604297624255,106.10322171842328,53.60363363937295,0.09118545258343369,-0.1691147863695434
1157.0,-39.89998541644377,-478.33878283468465,-39.774014224321974,-477.7923696818382,106.255096406101,51.69639910522665,0.08812888476590926,-0.16959734949054148
1158.0,-44.726048392354066,-477.9116870251289,-44.93049955626163,-477.55560136302233,106.35023312969854,51.315935728999726,0.08752045880081256,-0.1698119156248122
1159.0,-59.76362040390391,-476.2649574304392,-60.329739378121666,-476.5149240099117,106.6260049097064,50.051477101635555,0.08549526524469962,-0.17043941411667834
1160.0,-74.35112650276034,-474.20661107556333,-74.85910611257827,-474.3340514318802,106.71128329989351,48.587859830711714,0.08313913692277955,-0.17075307965027892
1161.0,-79.52379358009789,-473.3666298490314,-79.4200482799872,-472.9775270254833,106.74210020307788,48.14965879598006,0.0824251049977204,-0.17085798400999477
1162.0,-99.1462964534068,-469.6488176282073,-99.18483814172016,-469.26219663611636,106.84185633414417,46.45430577653937,0.07968136531393775,-0.1712588096688601
1163.0,-103.68855454871174,-468.6669218705315,-103.84434706239074,-468.7304518391884,106.9186461318098,46.091683137446296,0.07909772119494861,-0.1714380893069785
1164.0,-118.5971588648088,-465.1179569842422,-118.94490614387102,-465.05155337231463,106.88743108798734,44.74750809287266,0.07691334479798331,-0.17157334515915337
1165.0,-132.62483172039842,-461.31405139138786,-132.45744993595466,-461.1368054200141,106.97854668882464,43.47742260055691,0.07484399714350144,-0.1718838478990526
1166.0,-137.84270779646886,-459.7818916696669,-138.30821957199538,-460.0236093889118,106.84446624339353,43.37087450566518,0.07466078730211807,-0.17174210645943597
1167.0,-156.84962566592054,-453.6498593942917,-157.2012837452244,-453.9485032885939,106.72696591655374,41.69826245913958,0.07192434089172352,-0.1717864817254994
1168.0,-161.04800918281182,-452.1764464655949,-161.01203825957933,-451.9192438903433,106.5335551110871,41.27165193706772,0.07122051687329757,-0.17152532907528045
1169.0,-175.5850080049266,-446.7324758330313,-175.245031930373,-446.3011317160137,106.32608522555637,39.98829949260203,0.06910919315325495,-0.1713694415843894
1170.0,-188.84812318404093,-441.2894587114735,-189.52142185592598,-441.66107438621685,106.18349210335957,38.83470710748739,0.06721636719297576,-0.17131734014201705
1171.0,-194.01642042315927,-439.0417162482215,-194.50609816983277,-439.37893671570873,106.06016113124134,38.392195140109614,0.06648413824498242,-0.17118209999911435
1172.0,-212.11195475809313,-430.5908947582387,-212.108315240553,-430.452426347048,105.46253259435035,36.787817758354116,0.06382136960575323,-0.17044651851625775
1173.0,-215.917620483665,-428.69520776966004,-216.1721098591228,-428.42459174399664,105.44744995433935,36.18142275744368,0.06283142715177184,-0.1704722829315781
1174.0,-229.840284313898,-421.3946412883136,-230.39037869069512,-421.61128001241235,105.03789084005598,35.191027581687216,0.06117172182947392,-0.16999458010896448
1175.0,-242.15177445534684,-414.4424183503986,-241.8023140473331,-414.2750353315419,104.53542426130218,34.079273248537945,0.05931246306364746,-0.16933464137421053
1176.0,-247.17071809370677,-411.46887624344237,-247.33535239324024,-411.2065949398936,104.27803320982753,33.436912779480686,0.058252535518441985,-0.1689927537632285
1177.0,-264.0732539313733,-400.8307829472388,-263.9695458589459,-400.4922074616802,103.3915440838522,32.06840758080158,0.05594327303550041,-0.16778558101537078
1178.0,-267.4490902538054,-398.586231727103,-268.01666087936974,-398.99487062543886,103.44598120710913,31.781910183249312,0.05546896042185426,-0.16792178529577184
1179.0,-280.5186304307346,-389.49877789444344,-280.0992268274454,-389.4556592838829,102.58084920404394,30.66858936738627,0.05358022884842718,-0.16669285980600088
1180.0,-291.71169747865514,-381.18799240548174,-291.4720665902862,-380.9957710795609,101.82146756889738,29.509842194073155,0.05163241742283239,-0.1656235492567739
1181.0,-296.4783776224673,-377.4924788685858,-296.7309174504082,-377.6758606865119,101.56199610767213,29.089457224173046,0.05092269511070343,-0.16527499260413728
1182.0,-311.9248662508362,-364.83267097999595,-311.7164243629226,-364.80673303754446,100.33723982151223,27.71698736501646,0.04858073363022002,-0.16350925953049963
1183.0,-314.8457288159711,-362.31501079356343,-315.22827779607366,-362.0512086339866,100.077085686726,27.286538150125583,0.047861905594605396,-0.16313822093905186
1184.0,-326.8313556050142,-351.54127068295793,-327.2834583933244,-351.7903579116087,99.04186470199393,26.463938078693108,0.046427032558613614,-0.16163825503965476
1185.0,-336.76168319269266,-342.0403027908034,-336.5240664145252,-341.9976673415847,97.88950974014206,25.447658643939395,0.044689642786832295,-0.15991739463164925
1186.0,-341.1720398121686,-337.64128783429913,-341.00931617180277,-337.41601046060214,97.37073247385901,25.036190711826837,0.043978659806111896,-0.15914666570081945
1187.0,-354.92209251216815,-323.1567858590996,-355.2023885721946,-323.39431111300115,95.68727652616572,23.92567032552554,0.04203948834575588,-0.15664118451793368
1188.0,-357.37477203888716,-320.4423073037539,-357.1812796618119,-320.23175761600396,95.19695960634196,23.850339933141917,0.04188086459574627,-0.15588505632870733
1189.0,-368.0577098365773,-308.11284009247953,-368.4738073167857,-308.39640810798704,93.6451616667556,22.96154409132113,0.040321354875150706,-0.153553592480892
1190.0,-376.6052473182555,-297.60458278117227,-376.618525059541,-297.5415487776622,92.03605653236798,21.896791441534834,0.038493809233577723,-0.15109237025720548
1191.0,-380.5561516175266,-292.53549436958605,-380.4606256890599,-292.3957130314973,91.12942284323502,21.513707258930424,0.03782109090997812,-0.14969647202739103
1192.0,-392.39578075512287,-276.4517159389276,-392.5859859580076,-276.8210526866485,88.61286955626285,20.363664664225677,0.035799998830126044,-0.14583975203389724
1193.0,-394.37871005779215,-273.6154839426159,-394.4045009766881,-273.6065069831052,87.972095541398,20.042329312869764,0.03524920928051777,-0.14484219981929056
1194.0,-403.5561006752461,-259.8893487771105,-403.4360082154774,-259.7902728006565,85.43560914557685,18.92614065215397,0.03330353280754661,-0.1409158649636247
1195.0,-410.62639818295855,-248.56781995119647,-410.63771405572317,-248.80192765554656,83.25778716448062,18.26889047465111,0.03212291269668208,-0.13753795272501806
1196.0,-414.01779081288623,-242.877065385798,-414.00891936491456,-242.92704813792537,81.95563139233543,17.73270765014335,0.031197601737395993,-0.13550679450685654
1197.0,-423.76274005959266,-225.44431715433885,-424.2849383081779,-225.41086726778278,78.22208645190445,16.33136416636556,0.02875277412134868,-0.12969052330682249
1198.0,-425.28545254479087,-222.5584953529574,-425.1893714539339,-222.85230226822281,77.44169443746972,16.386558675008402,0.02880928423403095,-0.12845956740855483
1199.0,-432.7740781171314,-207.62128337400063,-432.66189283308563,-207.61775531358833,73.76428254203557,15.209920011522415,0.026750028555508405,-0.12269830036572989
1200.0,-438.2991601097369,-195.68813517201102,-438.3094880804299,-195.80485567461037,70.5325776410913,14.383705339736311,0.02529039480340486,-0.1176240482155142
1201.0,-441.0362047030723,-189.43881899206863,-441.3404901853658,-189.64237406190134,68.86090573341824,14.112190787319271,0.024782794226890906,-0.1150006203427248
1202.0,-448.53481655774453,-170.92840119626237,-448.5614564091893,-170.96852410651965,63.420680867573566,12.730736100054273,0.022355442671734765,-0.10643066853086357
1203.0,-449.61717337136383,-168.06069561186794,-449.70131018265073,-168.10386521009116,62.44143927584124,12.58410470044494,0.022086988151342676,-0.10488611689105022
1204.0,-455.25693220580894,-152.1220749219372,-455.2739008871477,-152.29222050814153,57.54513528058393,11.78277882783704,0.020617993631103514,-0.09716165442097097
1205.0,-459.1957051350814,-139.7830618690812,-458.97946666662756,-139.8586871116073,53.320171940331534,11.01489362523507,0.019243593227694214,-0.09048279838471153
1206.0,-461.1909144295771,-133.05239737641145,-461.18467755165506,-133.1109456258724,51.103234782823584,10.593795888116375,0.01849075595690591,-0.08698144047118027
1207.0,-466.3264904151743,-113.75238167645715,-466.2993731304189,-113.92007105962347,44.07258208893486,9.725365743855496,0.01687357633483254,-0.075854448715229
1208.0,-466.99769792228994,-110.96463461518563,-466.80089625844386,-111.06206918520256,42.94021137219082,9.602765140191176,0.016643449542419194,-0.07405836688554879
1209.0,-470.6547695366683,-94.25543969652672,-470.4961720487877,-94.30469884536416,36.41922556681905,8.842017730007619,0.015227455374728504,-0.0637251515803337
1210.0,-472.992967338567,-81.71690674675159,-472.8354673042723,-81.86429563136444,31.534550111693406,8.35019545109297,0.014292338625943455,-0.0559795984250357
1211.0,-474.16825874737725,-74.59532422665814,-474.3437631157528,-74.70563010100462,28.8271041183307,8.278892863777601,0.014091185051136313,-0.051689036352940004
1212.0,-476.8608755517102,-54.80607054019111,-476.8250974872665,-54.83497832102878,20.61716953743316,7.943059628682316,0.013313334523659853,-0.0386529084775623
1213.0,-477.1583188512252,-52.15303204102808,-477.0699004713608,-52.190264142816666,19.345850362225534,8.008028248035872,0.013384345550027689,-0.03663253926324918
1214.0,-478.727958535085,-34.92193747245297,-478.62821381682875,-35.011396610698114,11.57108646337609,8.506551787449231,0.013967381280861715,-0.024277702825772466
1215.0,-479.4776375244532,-22.38738738596051,-479.48368376901044,-22.441567676026867,5.589388005314132,8.443738199038826,0.013713467996018119,-0.014768010966211432
1216.0,-479.7662754336943,-14.977348112418818,-479.65998808980925,-15.028166142836005,1.8510524762311338,8.351539657867512,0.01347593773282712,-0.00882042437654913
1217.0,-480.0,0.0,-479.3374793789519,-0.09939156202160548,-5.007317714591731,7.976687592477461,0.012696509844189456,0.002098960553119019
1218.0,-480.0,0.0,-479.53126281358817,-0.25106961030850655,-5.151040023886477,8.019276795044116,0.012766150262240192,0.002325328452220606
1219.0,-479.97402873014744,4.993169789982657,-480.061453859183,4.9659075308116565,-6.896764360051706,7.604612542093648,0.012042299428918926,0.005097241790633937
1220.0,-479.94195036487173,7.464869721768292,-479.354232945349,7.349667245617738,-8.147607280978141,7.658818660223702,0.012099377304823113,0.00709668144494888
1221.0,-479.35085876530394,24.955043597750592,-479.41867514323,25.10164486039744,-15.353408706406453,7.533134574256501,0.011681936881073036,0.018564281381055103
1222.0,-478.54946103630203,37.28824669872283,-478.09240859589903,36.918850539952636,-20.001619856666416,8.170544101443854,0.012551680653962777,0.025978381942467252
1223.0,-477.8978443609094,44.8737156384002,-478.60651085477247,44.46730686346029,-22.85064077312884,8.170399192927585,0.01245900428508484,0.030506443364321918
1224.0,-475.61750095195686,64.71470302964593,-474.50307430989636,64.66814473690648,-31.04977844236495,8.279907805893624,0.012385893542325688,0.043606030931863445
1225.0,-475.30555680944127,66.9673626930831,-474.3544510453667,66.89850906081773,-32.02419775971083,8.573879965955783,0.01282644955501142,0.0451586876269504
1226.0,-472.5137762320066,84.44365737560898,-472.1883571958206,84.43650571812242,-39.01663258920317,9.121786829105048,0.013483683041980903,0.05631402139317806
1227.0,-470.22278771955916,96.38739497074488,-470.05822705419365,96.48289549783313,-43.751341761709774,9.691476860099996,0.014242841077786452,0.06387563272830374
1228.0,-468.5920433190024,104.02642423020296,-468.71817240941454,104.05925192649518,-46.47747546679812,10.038063704848346,0.014701663741667429,0.06823082088812622
1229.0,-463.85909145341776,123.42910222475807,-463.6631912801941,123.30886929115722,-53.82821221427914,11.250575513750915,0.01639568667946819,0.07999178999216727
1230.0,-463.3208180128491,125.43452314217309,-462.9825473955377,125.44653140363835,-54.38237566512629,11.254402267085483,0.016375597256661337,0.08088210434418927
1231.0,-458.3231142448323,142.6181017575205,-458.26443456663236,142.65496942825985,-60.35885239352956,12.380472023674706,0.01795704166329749,0.09045174507999743
1232.0,-454.6263500692801,153.99636951137643,-454.2370543576465,153.88949352666867,-63.931465078972586,13.299079631413752,0.019281462166781463,0.09618705798256844
1233.0,-451.9936954872873,161.56020314342703,-451.7302104154742,161.61760081004343,-66.22090144670021,13.756199492142324,0.019914345100742713,0.09986151038050191
1234.0,-444.8817925679775,180.22261412348635,-445.031308671554,180.31932982923368,-71.57382325558477,14.93012065603341,0.02155365909313994,0.10846299130710854
1235.0,-444.1730210962758,181.96243384338223,-444.4845723658462,182.09895588088168,-71.768110514878,15.044200494835998,0.021713427763690608,0.10877890494877504
1236.0,-436.99971749799926,198.57302663420535,-436.65120452842007,198.48083782473566,-76.30803592728911,16.375107796920496,0.023631004059188054,0.11610035569870536
1237.0,-432.00127299289437,209.22452086817825,-431.7414964967522,209.4050050095672,-78.90063267106439,16.98843282652315,0.02447335318187047,0.1202867306319312
1238.0,-428.3611155979968,216.57967273878594,-428.5361346962634,216.7379188228152,-80.56123310489664,17.432945589029714,0.02509101121953835,0.12296891428639277
1239.0,-418.9809418756043,234.21137962326154,-418.3274315368579,234.13464658284929,-84.66962011912744,19.022003551403667,0.0274070182623319,0.12963264101152713
1240.0,-418.1581958879762,235.67715886719475,-417.77877373075944,235.86915862099318,-84.76560764391336,18.89333012857818,0.027180985627584173,0.1297921292992422
1241.0,-408.87543513557847,251.43762356236869,-409.36209927267873,251.67735898814655,-87.94364557327431,20.055581325232087,0.028837163257168955,0.13495321254090695
1242.0,-402.6973459575845,261.21800772289316,-402.40600668672045,261.09883520571947,-89.79755861294412,21.02913491920719,0.030271237361988487,0.13798899786135452
1243.0,-398.06208986744355,268.2285827617245,-397.34453422795906,268.43393367311836,-91.09006304197199,21.497828433262224,0.030927353505622406,0.14010807026572342
1244.0,-386.55962595931425,284.55518898483484,-387.00751352305264,284.7941522042531,-93.47617416959169,22.7764599213198,0.032761995570282344,0.14403228128513507
1245.0,-385.67853822656434,285.74825485279973,-385.0603776203678,285.6641934462322,-93.83053178122178,23.086782263326654,0.03324523354561769,0.14462010546084292
1246.0,-374.3879562903282,300.38917787555414,-373.7344323746843,300.5828332959228,-96.07391607361791,24.24555999772893,0.03490677741185698,0.14832927099889992
1247.0,-367.16761515583084,309.1729974961909,-367.4614930660711,309.4465117924895,-97.17106549344658,24.865652795219784,0.035785132520736465,0.15015226305119483
1248.0,-361.5681522577936,315.70313788887967,-361.0237642249893,315.65141293287496,-98.00506475231107,25.68690231565959,0.03701620047170186,0.1515584567874945
1249.0,-348.12240729872593,330.4705577453761,-347.778009403156,330.70632151473524,-99.69239304577486,26.969788975750784,0.03887360094852727,0.15440614357268814
1250.0,-347.2361919106799,331.4016098744384,-347.57973281153863,331.5055615298236,-99.79370746344811,27.028329097451916,0.038956982175124485,0.15456981876451836
1251.0,-334.0739984689313,344.66587232707053,-333.47230537887043,344.51860739371585,-101.24483421560295,28.497411825497185,0.041135729535254656,0.15705213200214804
1252.0,-325.9613792956253,352.3480938045407,-326.01320700593243,352.67206870454055,-102.06282325380016,29.061950091452868,0.04193436487169062,0.15844535336580365
1253.0,-319.44724614614245,358.26450693537294,-319.63588993095397,358.3000694146098,-102.4165724514748,29.71460884903503,0.04290417757389104,0.1590864655292573
1254.0,-304.26747192697667,371.2429198343942,-303.63613816523304,370.995000022908,-103.69949379052814,31.355504738324242,0.045360270021928474,0.16132424678215765
1255.0,-303.42548542767673,371.931411409387,-303.3818528639444,372.2835269653926,-103.81608507937084,31.2677423559083,0.04520481129763023,0.1615129218067517
1256.0,-288.5609547905975,383.5786430060187,-288.1915620426278,383.74270357457294,-104.71615032055904,32.59972807054603,0.04718439217869835,0.1631314552087448
1257.0,-279.71569730222444,390.0757986375601,-280.2584097344508,389.95599204666746,-104.81631207147,33.56920111048705,0.04865126246835081,0.1633880246875061
1258.0,-272.35488560497123,395.2503210461732,-272.85241388452556,395.2954587056319,-105.21946614110766,34.10402419891756,0.04943706754706717,0.16412036534786678
1259.0,-255.67732005447772,406.23774813495623,-255.37861092089827,406.0336847345925,-106.09182595987221,35.78148320005526,0.051975315702859265,0.16572277031182545
1260.0,-254.923743483492,406.71105837973323,-255.00090442723948,407.01588207498327,-106.23687290578779,35.69406829802691,0.051824161621100547,0.16595824545723492
1261.0,-238.5571300703638,416.5219030166259,-238.96505354484154,416.58798472862264,-106.6687180083195,37.16007820382347,0.0540401595708758,0.16684193891513327
1262.0,-229.145539224541,421.772832047649,-228.71979708984145,421.63740717447104,-107.02010438658795,38.20200333693027,0.05563659478382396,0.1675266610833591
1263.0,-221.02395384812328,426.0849819288903,-220.84009862653616,426.2876649230236,-107.24012198582913,38.760351282694266,0.056468281558670105,0.16797333242153473
1264.0,-203.10814453833436,434.9104294244909,-203.00007164252244,435.03932595941404,-107.52988815200995,40.44669205124732,0.059044994893907965,0.16865299592490907
1265.0,-202.4808153897899,435.20284856499484,-202.483165294527,435.1835484836136,-107.54373930869679,40.429244838160024,0.059015460502506514,0.1686813712634723
1266.0,-184.8407176997757,442.9829670317267,-184.61823141233523,442.8734182482514,-107.8489371907662,42.16411553658275,0.06168241534891074,0.16938590013959354
1267.0,-175.03273261567452,446.9491498068766,-175.18659428050685,447.213699179533,-108.02725628009607,43.00630778513146,0.06296965063999521,0.16978521278882036
1268.0,-166.2532976057947,450.28861970429483,-166.82436263042823,450.346795027303,-107.96477648774174,43.738324893599604,0.064096321112551,0.16978818513501379
1269.0,-147.3780624968777,456.81474001466546,-147.4138253261962,456.69622259261223,-107.95888651852384,45.475293467920494,0.06678303119139728,0.17001653128163183
1270.0,-146.90748220218597,456.9662916157103,-147.0115999605323,457.06296058963716,-108.15966523879315,45.47852040289944,0.06678367558762634,0.17034100658275836
1271.0,-128.24768887420083,462.5500300491031,-128.33613154824897,462.7527722933535,-108.14192155507821,47.15704842808098,0.06938545294130946,0.17054148458803642
1272.0,-118.21387527936065,465.2155196158398,-118.73599725700505,465.39576930824904,-107.9816189161077,48.022181218529454,0.07072998582887771,0.17040392759843018
1273.0,-108.89529493060155,467.4845609664316,-109.10758242347414,467.64170864384647,-107.97455465469868,48.91269357382711,0.0721197743030652,0.17051060341246102
1274.0,-89.3543832168992,471.60979018668337,-89.36298984764227,471.6471791357012,-107.7376698476745,50.75803996078912,0.0750076794066339,0.17037540102227192
1275.0,-89.06292183815678,471.66491914668654,-89.06660187867737,471.65772365064504,-107.76428539359557,50.71003441638002,0.07493114707136019,0.17042139083465138
1276.0,-69.65878264282208,474.91857617987534,-70.12416140321328,475.13760556718324,-107.4592821542639,52.52161557508462,0.07777175001413414,0.1701679506572767
1277.0,-59.56740125436454,476.2895387343727,-59.54674473512836,476.2569448394558,-107.23164716270598,53.32216445673484,0.07903215461344647,0.16993519965098391
1278.0,-49.84258991294727,477.4051908293098,-49.69892864691951,477.179249045445,-107.03617655722981,54.235037931573935,0.08047374243823815,0.16974470445654705
1279.0,-29.940110499037587,479.06532934799753,-29.933701353446537,479.0330817745525,-106.50061657991829,56.04123520149068,0.08332569083616091,0.16913439848188466
1280.0,-29.841425967110624,479.07148662412527,-30.157650845181802,479.50644429587805,-106.55875377249173,56.06527315834861,0.08335815117476182,0.16922418399429043
1281.0,-9.985799250965405,479.896117731035,-9.747275693042873,479.82651593564924,-105.98296147615649,57.80214484966509,0.08611854841796678,0.16855774740350413
1282.0,0.0,480.0,-0.1825429627903489,479.83701285385195,-105.6440612456504,58.75353323028463,0.08763260149825225,0.16813550995676887
1283.0,0.0,480.0,0.32541447868167156,479.8044620519818,-105.76643722531561,58.849920750574434,0.08778640565010461,0.16833649831856848
1284.0,0.0,500.0,0.22411359680008958,499.69712251676657,-107.19278864473574,58.45255769015597,0.08691035782438472,0.17060536647928484
1285.0,-19.87825754846286,499.6046986136509,-20.15533201589936,499.6129073831277,-107.5803949280302,56.7153318848089,0.08414650846296386,0.17097267452133957
1286.0,-39.72508348585715,498.419419507348,-39.36822610752287,498.37183633810895,-108.33881060901909,54.97291879102969,0.08138857125855306,0.17194443077410546
1287.0,-59.509095900952396,496.44603685098673,-59.48953380581198,496.41368909632075,-108.6848248331777,53.148561394804204,0.07850899765894506,0.17224870440614656
1288.0,-79.19901220360754,493.6876709681667,-79.32754344156218,493.6774617201599,-108.9585962144654,51.39010394909061,0.0757438362143689,0.1724414695264148
1289.0,-98.76369858897631,490.1486834023181,-98.46931842929672,489.8759129370508,-109.31410211750074,49.63896465373225,0.07300336893019571,0.17277284594510295
1290.0,-118.17221926645247,485.834670020205,-118.46549861860238,486.0727970402493,-109.54549670930362,47.87348136058147,0.07024009165689776,0.17289622919970407
1291.0,-137.3938853755127,480.7524521637102,-137.71650969990256,480.53933643838826,-109.50063859045444,46.20151061868602,0.06764683571599422,0.17258906867572707
1292.0,-156.39830351111357,474.91006586389136,-156.27262660202874,474.8934815952662,-109.64667722438661,44.579531158000634,0.06513451985947505,0.172594240120164
1293.0,-175.15542378191216,468.316749134364,-175.23360540037916,468.4491284475377,-109.66552162670028,42.82695245079878,0.062424128033558124,0.17239201732499282
1294.0,-193.63558732532047,460.9829273641033,-194.16490286379727,460.9352869804264,-109.44577651795589,41.04239823450818,0.059675943598780916,0.17181043103577764
1295.0,-211.809573204264,452.92019683276163,-211.56069209477957,452.78416198851755,-109.31408661223884,39.57982792536078,0.05744801726222182,0.1713877942824958
1296.0,-229.64864461148898,444.141306374566,-229.4959347596838,444.2313450225827,-108.97487587028934,37.8148617737238,0.054743732505344526,0.170628271188834
1297.0,-247.12459430836154,434.66013721979124,-247.54544548548498,434.64825221958796,-108.32722442584354,36.3036463892343,0.0524559223977421,0.16937645003280016
1298.0,-264.20978922630974,424.4916810456819,-263.8748025188932,424.30331925648426,-108.18490813874769,34.85098215075085,0.05027062956901808,0.16894996143447452
1299.0,-280.87721416038545,413.65201627152857,-280.4398064968265,413.4182655286063,-107.22673922350339,33.47823104283236,0.048219137282120884,0.16722211708836876
1300.0,-297.10051448585523,402.1582826353824,-296.95782441746053,402.51669780481643,-106.5526844868004,31.846119265978047,0.045755061916636044,0.16594702993840552
1301.0,-312.85403783028,390.0286540926061,-313.4336650109609,390.1064130920375,-105.50860671790338,30.374923543732496,0.04356556962232355,0.1640835493867081
1302.0,-328.11287463518784,377.282310079115,-327.4460712741905,377.11202722636114,-104.65078245096159,28.987530671576906,0.04151660717735453,0.16254667010346632
1303.0,-342.8528975432066,363.93940518474693,-342.80934627264173,364.2599342233571,-103.56412627940449,27.479405231236246,0.03927375022536831,0.1606290494799055
1304.0,-357.05079954837475,350.02103728471275,-356.97479811583986,349.9413294012974,-101.97319375009408,26.08430592084001,0.03722874027663696,0.15792351781382308
1305.0,-370.68413084930904,335.54921417951846,-370.2056626858557,335.50840270815075,-100.63419556825357,24.878853645840852,0.03548696305602106,0.1556303979800655
1306.0,-383.73133434695393,320.5468187961101,-383.41383829391435,320.8496811796924,-98.86906461964873,23.336403481038797,0.03321160233889092,0.15265934465496975
1307.0,-396.17177973078714,305.0375730052622,-396.2850017571423,305.35555269006295,-96.87083947959786,22.009889631179202,0.031290146147311834,0.14932143778072252
1308.0,-407.9857960995805,289.04600011242417,-408.1968673184672,289.227061418356,-94.33098535890979,20.7051791271124,0.029411160082103826,0.14513325010595265
1309.0,-419.15470306513834,272.5973860813337,-418.5308226254726,272.5614880556389,-92.04377459627763,19.33189496556595,0.027429613281156104,0.14136648144799954
1310.0,-429.6608402898307,255.71773955171093,-429.090004814027,255.91364282444673,-88.91846300762585,17.948954467529234,0.0254324808274167,0.13626307554983402
1311.0,-439.4875954112169,238.43375071425308,-439.0046309182396,238.6388158921344,-85.53237060197519,16.62164896557499,0.02353157284791572,0.1307525179516581
1312.0,-448.6194303096061,220.77274910795595,-448.4025362699199,220.97127083003997,-81.72348319189233,15.29691535097629,0.021639567762553203,0.12457538946982084
1313.0,-457.0419056770174,202.7626604064969,-457.19231058131055,202.9194983501252,-77.25825728013724,14.01643787735082,0.019822704135933605,0.11736111358350935
1314.0,-464.7417038486936,184.43196226200385,-464.65834055405804,184.5179765932613,-72.41146804326301,12.819777010139157,0.018143522151459885,0.10955577266524834
1315.0,-471.70664986106726,165.809639276034,-471.52011329986954,165.83237776554742,-67.1575087815978,11.510553777735275,0.016288670682901546,0.10110980084760933
1316.0,-477.92573070288034,146.92513716896053,-477.9659301899487,147.0093462841006,-61.604177753011946,10.336838037613143,0.014651169220551328,0.09219245826477522
1317.0,-483.38911272901856,127.80831622023739,-483.32586027679275,127.85483774096876,-55.06531736105722,9.028883626119134,0.012804079867753669,0.08171989581073758
1318.0,-488.08815720952543,108.48940405315902,-487.88003641878123,108.4811537468734,-48.06842510030757,8.018229794613262,0.011432843319649926,0.07052822104327991
1319.0,-492.01543398921035,88.9989478387751,-491.7591038710443,88.98038557014907,-40.44473002999805,6.970387688270954,0.010003976190430378,0.05834722665877683
1320.0,-495.1647332362509,69.36776599453403,-494.8966187799288,69.29315761044566,-32.602073249754575,6.067746385680164,0.008808486885694196,0.04582682566331643
1321.0,-497.53107526121374,49.62689945403067,-497.21540126028236,49.61564301663835,-24.51731085635396,5.445886942844845,0.008059756830735584,0.03293112861085427
1322.0,-499.1107183909665,29.807562584909764,-499.0538225707746,29.736622870393333,-16.332311964965985,5.041848777934235,0.007660167939734125,0.019881783187278554
1323.0,-499.90116488503276,9.94109383253486,-499.7406674211261,9.846092211199585,-9.471036189220934,5.1129371915439625,0.008016907453330994,0.00895331186076473
1324.0,-500.0,0.0,-500.1191804035273,-0.03973149272787515,-5.290412107551859,5.252006541555484,0.00835931461290881,0.002295006344471484
1325.0,-499.90116488503276,-9.94109383253486,-500.73053082402186,-9.835300428117991,-0.7417988936917909,5.5132703196516175,0.00889509489726441,-0.004951823619532362
1326.0,-499.1107183909665,-29.807562584909764,-499.6132773524744,-29.69942446856403,8.418877241105166,5.85421103922575,0.009680994293707678,-0.019517809535745313
1327.0,-497.53107526121374,-49.62689945403067,-496.81115967210616,-49.60273419229994,17.59123782146825,5.7529093945680225,0.009763523013029657,-0.03408175733839302
1328.0,-495.1647332362509,-69.36776599453403,-495.15095216587315,-69.44253384035375,25.818445378010008,5.8475287268725475,0.010157091845567085,-0.04715543232677023
1329.0,-492.01543398921035,-88.9989478387751,-492.29023595016065,-88.69350445568428,33.7592859910359,6.240020664563992,0.011017528280505036,-0.05975863757156447
1330.0,-488.08815720952543,-108.48940405315902,-489.02652465278214,-108.49679781149705,41.48574344536308,7.327116191443751,0.012990224944148594,-0.07201570595230088
1331.0,-483.38911272901856,-127.80831622023739,-483.3635250868877,-127.83703361937465,48.46039063218442,8.175735908832522,0.014577704515681593,-0.08304684711129531
1332.0,-477.92573070288034,-146.92513716896053,-477.73146531735074,-146.95298233678642,54.94741185404163,9.07949486655349,0.016250194075874372,-0.0933022863620964
1333.0,-471.70664986106726,-165.809639276034,-471.55377899765904,-165.83300265504437,61.002537376689425,10.3344851714892,0.018478796278143753,-0.10286365998504701
1334.0,-464.7417038486936,-184.43196226200385,-464.5254752452864,-184.44600378480456,66.3406003525056,11.410141422163642,0.02041870929165168,-0.11127337563103287
1335.0,-457.0419056770174,-202.7626604064969,-456.781671989136,-202.74509676793085,71.71776244615425,12.613881020855066,0.022558628860250438,-0.11973655675274253
1336.0,-448.6194303096061,-220.77274910795595,-448.88136690639357,-220.7510854936918,76.25796786982909,13.700508305393631,0.02450856875201731,-0.126865763289027
1337.0,-439.4875954112169,-238.43375071425308,-439.54809014517724,-238.48869993494895,80.3512948686232,15.171458702725943,0.0270668911026585,-0.13326619115723154
1338.0,-429.6608402898307,-255.71773955171093,-429.7621270489888,-255.99870652698792,84.22427216840975,16.451181648466676,0.029318078004388442,-0.13931037755011402
1339.0,-419.15470306513834,-272.5973860813337,-419.1742996952687,-272.5157166068504,87.30509298411597,17.462519492663372,0.031129955549143305,-0.1440839873317515
1340.0,-407.9857960995805,-289.04600011242417,-407.97578767994906,-288.9205164420238,90.19325473089748,18.572911868861564,0.03309810904211254,-0.14854349164339717
1341.0,-396.17177973078714,-305.0375730052622,-396.64135448025627,-305.35434603842856,92.67117747082177,19.9523569681314,0.03549482877007191,-0.15234841567408092
1342.0,-383.73133434695393,-320.5468187961101,-383.98479578174107,-320.8925548282802,95.12193875424695,21.214678177586745,0.03769417139412951,-0.15609391886901453
1343.0,-370.68413084930904,-335.54921417951846,-370.5551592127327,-335.49899214634587,96.84630703728185,22.35112836704847,0.03968177268801022,-0.15867386383384643
1344.0,-357.05079954837475,-350.02103728471275,-356.871154009737,-349.8143535863931,98.54414547414069,23.427300816473608,0.04156987418065715,-0.1612084699913348
1345.0,-342.8528975432066,-363.93940518474693,-343.5847170609838,-364.2711142793717,100.26725406534388,24.72045693841623,0.0438050476266326,-0.16378816385621323
1346.0,-328.11287463518784,-377.282310079115,-328.25376664618926,-377.202326108646,101.44731607191541,25.99289679854918,0.045988566762367046,-0.1654785331374058
1347.0,-312.85403783028,-390.0286540926061,-312.71989208666855,-389.6891307148696,102.6143859819221,27.350260756431044,0.048301804154340745,-0.1671457396482088
1348.0,-297.10051448585523,-402.1582826353824,-297.50346981657157,-402.620043237125,103.72509958830805,28.776308208091177,0.05072979369935017,-0.16872714014563195
1349.0,-280.87721416038556,-413.6520162715285,-280.9582247786391,-413.70077752741446,104.5907389003961,30.129072751183926,0.05301849079031983,-0.16990221873304448
1350.0,-264.20978922630985,-424.4916810456819,-263.94461645253347,-424.1574364237019,105.25180559057456,31.649670747613,0.055566660084016346,-0.17074597384799117
1351.0,-247.12459430836154,-434.66013721979124,-247.00179913940966,-434.557118407916,106.0294305551666,33.49829350113075,0.058636199198488226,-0.1717761041938652
1352.0,-229.64864461148898,-444.141306374566,-229.51794456366315,-443.85863451371796,106.63069248108138,34.735955445717686,0.060719914777471795,-0.1725189179772198
1353.0,-211.809573204264,-452.92019683276163,-212.37935336617068,-453.19330165997434,107.25068067857474,36.369891022221836,0.0634347254297145,-0.1732957639786753
1354.0,-193.63558732532047,-460.9829273641033,-193.48010613414365,-460.79444613239303,107.52501164993303,37.88323311246387,0.06593637518236657,-0.17350091671189258
1355.0,-175.15542378191208,-468.316749134364,-175.1164558538419,-468.02064184793176,107.74230967713397,39.48346326900694,0.06857171960024021,-0.17362185813663011
1356.0,-156.39830351111368,-474.9100658638913,-156.89359925370854,-475.0179378696328,108.28597771225083,41.080968145399275,0.07119992327170027,-0.17426395785811663
1357.0,-137.3938853755127,-480.7524521637102,-137.69778027084465,-480.63235955069126,108.25801958297164,42.56683277985376,0.07363350995510273,-0.17398437043905454
1358.0,-118.1722192664527,-485.8346700202049,-118.37245139003169,-485.5031933919308,108.23296479008236,44.24668324637144,0.07636672797903031,-0.17370781771916488
1359.0,-98.76369858897654,-490.14868340231806,-98.76097275104361,-490.18233981633426,108.34292022839914,46.03041342858703,0.07926292811476723,-0.17364263598759405
1360.0,-79.19901220360765,-493.6876709681667,-79.57347216988339,-493.6611843901483,108.17595307377603,47.62970702310383,0.08185088824011043,-0.17314191070859322
1361.0,-59.50909590095252,-496.44603685098673,-59.47829634064771,-496.25202251451657,107.87655555307326,49.433539390745665,0.08475350654252606,-0.17241929968168315
1362.0,-39.725083485857276,-498.419419507348,-40.10350238350329,-498.6486590786553,107.84832197626709,51.108035176891946,0.08744790090102582,-0.17213708197261163
1363.0,-19.87825754846286,-499.6046986136509,-20.389499966540768,-499.52584422273344,107.43177490530564,52.858875975465516,0.09024519344028759,-0.17123268986609416
1364.0,0.0,-500.0,0.08115298491686714,-499.6590088039943,107.04325832048187,54.527536237869526,0.09290257959432782,-0.17036364298526877
1365.0,0.0,-500.0,-0.25722484953405533,-500.00576080624893,107.01658001786507,54.62340541183857,0.09305940678596547,-0.17032532725207974
1366.0,0.0,-510.0,-0.24103405831714256,-509.88780711586145,107.79117479314077,54.20726021859222,0.0925181162935376,-0.17155793483768178
1367.0,-29.93068450941222,-509.12096217382174,-29.776912796873138,-508.9609640854674,108.32402214848366,51.59183220655999,0.08834418230792938,-0.17276771284847436
1368.0,-59.75819174883551,-506.4868789207765,-59.96051958732651,-506.57959839478235,108.68308676860336,49.33840782013369,0.08472858148708415,-0.17370883975379825
1369.0,-89.37970012170491,-502.1068304715184,-89.61224969657553,-502.2250511745406,108.97186842297168,46.77510712161294,0.08059563169740784,-0.17453159396569184
1370.0,-118.69309815222353,-495.9959157604291,-119.15110003574544,-496.2685486123925,109.07875330382338,44.10717227540176,0.07627653238590738,-0.17506346803572723
1371.0,-147.5973364847734,-488.1752003764638,-147.23035093273916,-487.8388532177601,108.9770778331635,41.557050359342405,0.07211464905082098,-0.17524553232223136
1372.0,-175.99277622197687,-478.6716439457023,-175.71286870408278,-478.48880351424344,108.66189144920241,39.20766957544245,0.06826098359613235,-0.17509272223464584
1373.0,-203.7815324006186,-467.5180071959321,-203.54157747332476,-467.18936455113027,108.10838082365575,36.56185772036923,0.06391165932143407,-0.17455260015487914
1374.0,-230.86781142139102,-454.7527390236335,-230.95737580791686,-454.4175600493044,107.41273460527582,34.2681561603477,0.06010470396563731,-0.17378120535033403
1375.0,-257.15824126927544,-440.41984395266877,-258.00064901436815,-440.854354636593,106.7045405679512,31.943067163983798,0.05623810168790621,-0.17298527776655018
1376.0,-282.56219338622196,-424.56873044157095,-282.98710448426084,-424.999275777115,105.72314558932862,29.863821327989076,0.05273470244022986,-0.17172934758909694
1377.0,-306.99209508656304,-407.25404056235294,-306.63742761055073,-407.19985682795976,104.17071944413385,27.70987437441832,0.049088600391056246,-0.1695482295068847
1378.0,-330.363731438203,-388.5354616379654,-330.236711312763,-388.2777802720837,102.53867330227622,25.4356792006093,0.04523736819814056,-0.1672397671858519
1379.0,-352.59653556893494,-368.477520487729,-352.49355107173363,-368.2665188844382,100.5263572820583,23.57996953315843,0.04203883715763092,-0.1643096456817655
1380.0,-373.61386639713925,-347.149360990022,-373.94690321920893,-347.5492698920173,98.3703499430997,21.78008903691929,0.038920514791749086,-0.16114099205012933
1381.0,-393.34327282946987,-324.6245057290057,-393.457616175179,-324.593859467668,95.31444301275145,19.930942424619296,0.03569637226454945,-0.15651631228645638
1382.0,-411.7167435147814,-300.9806025470474,-411.4682521248413,-300.80780955687646,91.95677318927119,17.9798429832843,0.032299793951062604,-0.1513929905595462
1383.0,-428.6709412933463,-276.2991568765211,-429.02804154416384,-276.57399484371894,87.84582418065547,16.36579395749874,0.029434164271247332,-0.14506526626898453
1384.0,-444.14742153316485,-250.6652507736985,-443.9339956211136,-250.67544221747934,82.62465156822938,14.503484017830667,0.026153027075164217,-0.13693806478414378
1385.0,-458.09283360071987,-224.16724962327376,-457.92189178041895,-224.13125768475888,76.77693770044134,12.873813087875376,0.023234239326155752,-0.12780244849047312
1386.0,-470.45910477166234,-196.89649752457765,-470.80235336308925,-196.9313330465259,69.91495692229411,11.04877689871269,0.01999648727875184,-0.11703901355160401
1387.0,-481.20360594745097,-168.9470024095438,-481.3098435045038,-169.21539993259938,61.7364720391631,9.50367728414625,0.017197948585537,-0.10415123553678096
1388.0,-490.2892986066857,-140.41511197789265,-489.93946896881994,-140.4534568533105,52.41503677994885,7.7011778155038515,0.01397693484538044,-0.08942139734357836
1389.0,-497.684862484565,-111.39918156665082,-497.6419323159727,-111.48768198361397,42.088198434227785,6.262042917291503,0.011331737458100581,-0.07308005551090581
1390.0,-503.36480354032557,-81.99923509892879,-503.35073372025477,-82.1360587784214,30.658089564085987,5.220553801234935,0.009314687515020967,-0.05495838777921367
1391.0,-507.3095418404833,-52.31662028073782,-507.16423893239266,-52.37254103064234,19.04075037650023,4.645831738221801,0.008035475948295612,-0.03651552210129527
1392.0,-509.5054790549197,-22.45365923445023,-509.53262028186646,-22.55019380849194,4.3361741074097155,4.538945596605081,0.007500127893055525,-0.013141467610454918
1393.0,-510.0,0.0,-510.07066671640655,-0.08281180620633141,-5.1938354659941846,4.363571246948891,0.006945853528799816,0.002019424262661126
1394.0,-509.9450453331429,7.486704226751603,-509.71574500309544,7.561880687936072,-8.621659741949772,4.011199797440927,0.006291412607281031,0.007479322754942637
1395.0,-508.6267253991307,37.401259467527076,-510.01743888565653,37.36296337019282,-19.368397433492273,4.1921347666973885,0.006214406503500808,0.024579592175357323
1396.0,-505.55506377480083,67.18688481881759,-504.90235991790814,67.14357726689542,-31.81012477479886,5.148561408514595,0.007371884410528409,0.04444386047841324
1397.0,-500.74064911410227,96.74090305960293,-500.14688097994457,96.86789402449129,-43.44942453539115,6.2135472306957285,0.008702829088820597,0.06302662161022049
1398.0,-494.2000777017318,125.96143536655283,-494.31039376634857,126.02334877778236,-54.309213267142475,8.082036314433944,0.0113195557633195,0.08038199148670576
1399.0,-485.95589624230223,154.74775251143643,-485.8017772038952,154.6308436555281,-63.61589902430871,10.062192383699774,0.014120716814817467,0.09529824670347466
1400.0,-476.0365241371812,183.0006220956394,-475.90277162634897,183.17522554319635,-72.0032451832732,11.653147243352587,0.016303217845720155,0.10876835556245214
1401.0,-464.47615551692667,210.6226506247981,-464.3185645930537,210.7296988112356,-79.07808237613894,13.65672413870289,0.019154550626731087,0.12017018013986978
1402.0,-451.314641367036,237.5186192443524,-450.6222474918249,237.40075433115882,-85.18785144073905,15.663891620294947,0.02202241719642662,0.1300619180416506
1403.0,-436.59735215334257,263.59581197866214,-436.4750767229698,263.91577117552487,-90.29279027659702,17.39606996926732,0.024454535970018756,0.13835994055734285
1404.0,-420.3750214206214,288.7643353421818,-421.0850064547115,289.02543615229797,-94.27987252920808,19.348251131430974,0.027254011401942557,0.14489406082057
1405.0,-402.70357090355054,312.9374282209289,-401.9637154837344,312.7865656799979,-97.96024516800803,21.61224380224897,0.03056626574007943,0.1509857337312003
1406.0,-383.64391775290596,336.0317609560167,-383.4000752615334,336.3583812861211,-100.79174282723115,23.578918597452937,0.0334076425049424,0.15571955061757203
1407.0,-363.2617645415241,357.96772259825093,-363.95457491515623,358.11685110695913,-102.94957236601952,25.45466290133435,0.03612650689472577,0.15939199150725433
1408.0,-341.62737277392154,378.6696953435647,-340.91607819796087,378.4657944759768,-105.06371014097141,27.77112709720549,0.03956406121001634,0.1630388981241456
1409.0,-318.81532068033374,398.0663152032535,-318.7342805452161,398.357139146306,-106.63805879318834,29.789044026171215,0.042532066991409795,0.16581621169973088
1410.0,-294.90424613010634,416.0907180104282,-294.9514568601201,416.5317776145198,-107.85219015250884,31.989376276555785,0.04581142022808296,0.16803982937018358
1411.0,-269.9765755506673,432.6807699146506,-270.27740385353707,432.6320553996954,-108.69727094597313,34.21289411347855,0.04915307911082618,0.1696869996838895
1412.0,-244.1182397865572,447.77928157018715,-243.69458201556162,447.67002726258903,-109.50666743874781,36.614993554652955,0.05279196947599951,0.17130075330923505
1413.0,-217.41837787800628,461.33420527953103,-217.0519441332518,461.0997866610158,-110.07388329470687,39.002600989571896,0.05642749083128707,0.17252979704534935
1414.0,-189.96902978019614,473.2988144125981,-189.99585424601597,473.3715796061349,-110.3425324711244,41.49509100355428,0.060244119579335474,0.1732887206880357
1415.0,-161.8648190824677,483.6318644831004,-161.84190274278802,483.8475246883311,-110.4944829379553,43.86382693231601,0.06388578128353456,0.17387535804731755
1416.0,-133.20262682120597,492.29773532683504,-133.0033045279425,492.3076252010321,-110.35287173237096,46.490269581584975,0.06796228396585553,0.17400316234363064
1417.0,-104.08125751083769,499.26655389176904,-104.41622270132018,499.3237191791409,-109.96775821616798,49.055567910917866,0.0719591571494329,0.17374034036166805
1418.0,-74.60109854420196,504.5142972166381,-74.62491366396708,504.3798429805037,-109.5070682781087,51.760956513464656,0.07620299462920356,0.17337198290648942
1419.0,-44.86377413641001,508.02287524307127,-45.14405194293729,508.0557187956428,-108.93796582018543,54.2450860691816,0.08011159125854894,0.17282727952715587
1420.0,-14.971795005123978,509.78019317576917,-14.944698854753682,509.61704897165333,-108.1575690848133,56.94272041743441,0.08438588810202997,0.17195509020507374
1421.0,0.0,510.0,-0.2767583298194761,510.1623287982118,-107.78975888893711,58.334878951000604,0.0865948991966333,0.17154933996682195
1422.0,0.0,520.0,0.4020386521196932,519.6445638200016,-108.43660624342472,58.288172625951916,0.08640443509651417,0.1725871427139708
1423.0,0.0,520.0,0.0011597289335350165,520.1603912263458,-108.54336383184825,58.156313913639785,0.08618825811372051,0.17275214313977577
1424.0,-19.91742151881832,519.6184141464212,-20.254855645405325,519.7662230072715,-108.92092371778948,56.431462605194234,0.08344789936282977,0.17310497349062087
1425.0,-39.80561147497774,518.4742166155451,-39.7441436231324,518.5357167347169,-109.58709584539156,54.69284863225709,0.0806958792605514,0.17392653458006324
1426.0,-59.6353812071683,516.569086675031,-59.639383211115955,516.4556970595261,-109.90448151248457,52.887192993243794,0.07784756300037722,0.17418801309841242
1427.0,-79.37762779381474,513.9058203657812,-79.74682813575886,513.8681089565199,-110.29139853511508,51.171319651203966,0.07514835588062338,0.17455755533309722
1428.0,-99.0033767656275,510.48832639836456,-98.8515885588667,510.3257814661509,-110.75191971030932,49.37682079921584,0.07233570504263143,0.1750565220647965
1429.0,-118.48382462963156,506.3216204164451,-118.66111393346186,506.42834503281034,-110.87886846092242,47.67858031704804,0.06968060316793899,0.17501596055674215
1430.0,-137.79038114226415,501.4118176356333,-138.41469536103645,501.658543786727,-110.92274970638077,45.96314687648692,0.06700882167829507,0.17484387815213237
1431.0,-156.89471126950002,495.7661238685639,-156.68905929133254,495.4891084533383,-111.2118759922433,44.31157975139316,0.06445582786738456,0.1750802312885729
1432.0,-175.76877677242138,489.392824949372,-175.88631275900698,489.6038897237036,-111.17686203715255,42.610749937725444,0.06182094925947299,0.17478939660585915
1433.0,-194.38487735719977,482.3012745730892,-194.70154742557983,482.2665277895851,-110.88396919280346,40.89845057446292,0.05918560065486092,0.17409281349759362
1434.0,-212.7156913290968,474.501880567806,-212.2936721011714,474.4601428318089,-110.97664455530735,39.31619240784661,0.05676296315501371,0.17402486064440306
1435.0,-230.73431569081905,466.00608961974893,-230.68230627055974,466.19633226587104,-110.64158004623607,37.74350200801447,0.05436115530796064,0.17326638381186374
1436.0,-248.41430562637666,456.8263704736901,-248.49513839793983,457.0991661430788,-110.22082370209735,36.11098883022807,0.0518743426355951,0.1723785760199759
1437.0,-265.72971331249744,446.97619563334456,-265.9973532791319,446.8412278723068,-109.61660662736936,34.603034626984716,0.04959998767328504,0.17120258552771006
1438.0,-282.65512600063505,436.4700215886139,-282.036934080775,436.33089768042555,-109.38009283644688,33.139808195622976,0.047399910207870086,0.17062972582742422
1439.0,-299.16570331368274,425.3232675986931,-299.3365367936554,425.6764639695175,-108.65677764933481,31.581868456853474,0.04505085666383798,0.16926666618789862
1440.0,-315.23721370265173,413.5522930621817,-315.7434130013556,413.66495403369254,-107.77639841537776,30.089774519122226,0.042823220042687044,0.16766456455128914
1441.0,-330.84607000981106,401.1743735074104,-330.43212870178945,401.0979006313387,-107.07873163280226,28.790220410204242,0.04090882380227629,0.16637430107781814
1442.0,-345.969364086094,388.2076752382206,-345.75699832602936,388.5415412777891,-106.05117194108328,27.25339959903202,0.03861667490719119,0.16455120577268909
1443.0,-360.5849004119657,374.6712286724092,-361.0725761458889,374.7403465152203,-104.63625629998144,25.89423245295818,0.03662251606717712,0.16211172812323282
1444.0,-374.6712286724092,360.5849004119657,-374.0954400005637,360.54087233585113,-103.6419464300587,24.683876810689835,0.03487007580857147,0.16036974415527028
1445.0,-388.2076752382207,345.9693640860939,-388.07931827090243,346.3682111414764,-102.15071385110303,23.13043039157741,0.03257126124142627,0.15782511361505847
1446.0,-401.1743735074104,330.84607000981106,-401.43626772738463,331.0091245488726,-100.2315216097367,21.78078926247622,0.030611342987282207,0.15460704209785603
1447.0,-413.5522930621817,315.23721370265173,-412.7046571991156,315.0963131972157,-98.49411542344393,20.49163566669312,0.028754475084470328,0.15170387061062743
1448.0,-425.3232675986931,299.16570331368274,-425.1461833806029,299.57084792350344,-96.27751661738034,18.96660076963487,0.026517446613941304,0.14802367300864377
1449.0,-436.4700215886139,282.65512600063505,-435.8589737670284,282.8374535997754,-93.72937598435239,17.57022373115458,0.024499976959320838,0.14383698198101225
1450.0,-446.97619563334473,265.72971331249727,-447.11336344210434,265.90974591194527,-90.58003551911999,16.308191136168873,0.022698702877789908,0.13868681875077216
1451.0,-456.8263704736901,248.41430562637666,-456.1886311504302,248.2700147727927,-87.50942273728175,15.148696545215065,0.021069343230115316,0.13368864216784482
1452.0,-466.00608961974893,230.73431569081905,-466.3518089251929,230.9139001268119,-83.26725464405742,13.772015234403703,0.019090846738550663,0.12681255379072123
1453.0,-474.50188056780604,212.7156913290966,-474.66146333363605,212.84110361630295,-79.3124564528322,12.521315805851218,0.01732163382335318,0.12041652886797047
1454.0,-482.3012745730892,194.38487735719968,-481.7490488443602,194.25388716024645,-74.78529021044216,11.470510776766284,0.015876862812989546,0.11312451854374894
1455.0,-489.392824949372,175.76877677242138,-489.1370070953314,175.6696398418495,-69.66266177487532,10.185960178568793,0.014060037812176629,0.10488112204804216
1456.0,-495.7661238685639,156.89471126950002,-495.7679709185015,156.81306694352392,-64.19757844235323,8.973538575385092,0.012361344836320108,0.09610196254619155
1457.0,-501.4118176356333,137.79038114226415,-501.30780369837817,137.67867918176452,-58.163668550761564,7.826970772451543,0.01077086382987118,0.08643085051024799
1458.0,-506.3216204164451,118.48382462963143,-506.1813397280501,118.34719531966068,-51.66790864105209,6.6553409338454435,0.009142909185403817,0.07603284145902287
1459.0,-510.48832639836456,99.0033767656275,-510.3769457426503,98.86683891664592,-44.310940070456404,5.425564539820509,0.00742423466171947,0.0642724788441648
1460.0,-513.9058203657812,79.37762779381474,-513.7229470107253,79.27129611694302,-36.6687616478032,4.3194770440023404,0.005903827818262434,0.05206859573785381
1461.0,-516.569086675031,59.63538120716803,-516.6064713244083,59.524472244471404,-28.21486075839765,3.2325612332986107,0.004415786394533122,0.03857848014423285
1462.0,-518.4742166155451,39.80561147497761,-517.96722482457,39.6345697585923,-20.29587725620161,2.738239725096715,0.0038726403756132286,0.025958361346655676
1463.0,-519.6184141464212,19.91742151881832,-519.306135817098,19.783708876761903,-13.087800804769941,2.5196762540258013,0.0037678987622948553,0.014469953765757222
1464.0,-520.0,0.0,-519.5223862275598,-0.27728461672354343,-5.817281784092678,3.3370633699756316,0.005314497204603738,0.0028959149430026494
1465.0,-520.0,0.0,-520.2624616598604,-0.10549773626754289,-5.42336704953528,3.1868336822822094,0.005073295361383615,0.0022599164876454096
1466.0,-519.6184141464212,-19.91742151881832,-520.5960721435929,-19.80375132520657,3.286381476164323,3.3466440555182166,0.005568885447270594,-0.011606164540422712
1467.0,-518.4742166155451,-39.80561147497761,-517.6433573408561,-39.878913710636944,12.08380105699491,3.813856328627107,0.006558336843769105,-0.025571530849764205
1468.0,-516.569086675031,-59.63538120716803,-515.5546384582673,-59.70758076584958,21.104616918366442,3.5075789213032977,0.006313722357931284,-0.03990302471686469
1469.0,-513.9058203657812,-79.37762779381474,-513.7548320993375,-79.42171542506428,29.277295908518923,3.945789795722243,0.007252595098080347,-0.05288820513307443
1470.0,-510.48832639836456,-99.0033767656275,-510.5778518561877,-99.01337607971357,36.96791409128854,4.595094763911106,0.008525934587227968,-0.06508929573442707
1471.0,-506.3216204164451,-118.48382462963143,-506.4863298071676,-118.51019157535923,44.22690485526265,5.393447298253363,0.010035329079377623,-0.07659222959434088
1472.0,-501.4118176356333,-137.79038114226415,-501.7465741131512,-137.77776581409762,51.14130117189041,6.386799626921829,0.01185226787176223,-0.08753878545781847
1473.0,-495.7661238685639,-156.89471126950002,-496.0847449274238,-156.95695066516143,57.363465278646146,7.492230555702967,0.013846502793941425,-0.0973723269325725
1474.0,-489.392824949372,-175.76877677242138,-489.61723078027626,-175.80989618150792,63.387178844215015,8.473221058206713,0.01563868918221381,-0.10688015735956999
1475.0,-482.3012745730892,-194.38487735719968,-482.303236963465,-194.42908022259556,68.65962334923925,9.66574350556031,0.017764676246487397,-0.11518193912724053
1476.0,-474.50188056780604,-212.7156913290966,-474.61541882746025,-212.67767831431752,73.6357964609014,10.625866646861052,0.01951624977139838,-0.12300761211111239
1477.0,-466.00608961974893,-230.73431569081905,-466.49350645084513,-230.7129996808554,77.96196659839548,11.846049866370135,0.021679109771519253,-0.12979345689096325
1478.0,-456.8263704736901,-248.41430562637666,-456.96178496629676,-248.378029742223,81.98744033632501,13.04728721483221,0.02380728153378824,-0.13608346259330972
1479.0,-446.97619563334473,-265.72971331249727,-447.2409789953995,-266.0467724406124,85.57162490318967,14.356166013396981,0.026106815453276352,-0.1416688190540026
1480.0,-436.4700215886139,-282.65512600063505,-437.0777896339877,-283.082249672713,88.69458377819872,15.655066575314029,0.02838271293092047,-0.1465146941699153
1481.0,-425.3232675986931,-299.16570331368274,-425.26122588622655,-299.046633925232,91.4532797632957,16.678088829879176,0.030206418798832617,-0.15076057805942847
1482.0,-413.5522930621817,-315.23721370265173,-413.8010068169679,-315.07104717803685,93.85159355598931,17.780881285602014,0.032157818058539546,-0.15443726001931904
1483.0,-401.1743735074104,-330.84607000981106,-401.3488996605224,-330.6385941481645,95.95163673421534,19.004915754896505,0.03429658474698033,-0.1576270819259991
1484.0,-388.2076752382207,-345.9693640860939,-388.76538018088917,-346.2113372870131,97.97297261347533,20.37699110965856,0.036671029459777106,-0.16069002787264364
1485.0,-374.6712286724092,-360.5849004119657,-374.4187135176519,-360.3969226673352,99.70842948855822,21.27369649052817,0.03827191087771303,-0.16327639003715338
1486.0,-360.5849004119657,-374.6712286724092,-360.2885655029279,-374.38543555109936,101.0785459421914,22.57315601785714,0.04051138188672767,-0.16528394655982753
1487.0,-345.969364086094,-388.2076752382206,-346.26414723547447,-387.8944450054967,102.51603551816304,24.09399797682516,0.04309732151334191,-0.16740002560636516
1488.0,-330.84607000981106,-401.1743735074104,-331.36291919495943,-401.5881697874172,103.91640985535183,25.515361598238474,0.045527198652037214,-0.1694462956502359
1489.0,-315.23721370265173,-413.5522930621817,-314.7364310503945,-413.5209395963523,104.69923417165438,26.8596083578965,0.04781277412551057,-0.17048857509611157
1490.0,-299.16570331368274,-425.3232675986931,-299.12941300623424,-424.9403114868009,105.60081714674818,28.105204575163537,0.04993505481400201,-0.17173235024046551
1491.0,-282.65512600063505,-436.4700215886139,-283.172340117974,-436.7724444244982,106.50075143502703,29.678495375347833,0.05258393270279846,-0.1729692143060783
1492.0,-265.72971331249755,-446.9761956333445,-265.42065357485126,-446.98571426953913,107.09991064261278,31.067992176359596,0.05492046718442806,-0.17370540137843454
1493.0,-248.41430562637666,-456.8263704736901,-248.28429541727826,-456.4877438575898,107.69004546683037,32.480745011966526,0.05728530425455095,-0.1744347616086213
1494.0,-230.73431569081905,-466.00608961974893,-231.57453200246425,-466.4644172934141,108.48815618831901,33.885435715860176,0.05964312299386062,-0.17550035025399616
1495.0,-212.7156913290968,-474.501880567806,-212.48597895062883,-474.2833445765373,108.70145158835771,35.58002432725976,0.062435902724291475,-0.1756060434351744
1496.0,-194.38487735719968,-482.3012745730892,-194.30814220216925,-481.9248723698372,109.08897662777817,36.983605437155326,0.0647633570245713,-0.17600018521762043
1497.0,-175.76877677242138,-489.392824949372,-175.9218842504603,-489.7650524300218,109.50674474483087,38.6242245441803,0.06747050190321187,-0.1764399078242394
1498.0,-156.89471126950002,-495.7661238685639,-157.14903757548697,-495.64552515479295,109.44041641960364,40.209126950099545,0.0700649704153432,-0.17610443247203184
1499.0,-137.79038114226415,-501.4118176356333,-137.97534201453857,-501.0759851008517,109.58969915367862,41.81507976278662,0.072687430396094,-0.17610720359312468
1500.0,-118.48382462963167,-506.32162041644506,-118.9688800100418,-506.61628461268737,109.7196023217191,43.46771924161107,0.07538553971594948,-0.17608117928175276
1501.0,-99.00337676562772,-510.4883263983645,-99.26720522012225,-510.6274562482767,109.72718534645428,45.53147569945228,0.07871923484218366,-0.17585196216379084
1502.0,-79.3776277938145,-513.9058203657813,-79.43579330623648,-513.9102735120706,109.47504183677192,47.21895716260398,0.0814451495785189,-0.17520778854074454
1503.0,-59.63538120716803,-516.569086675031,-59.70037890216587,-516.2524134136244,109.27258526887495,48.81090975109253,0.08400750493861205,-0.1746438698205193
1504.0,-39.80561147497761,-518.4742166155451,-39.96200516706645,-518.488844064857,109.17605820017889,50.59130656316742,0.08686848397719309,-0.17424850689161792
1505.0,-19.91742151881832,-519.6184141464212,-19.79800333887448,-519.4038102187806,108.64337220542258,52.35950031894159,0.08969385730861484,-0.17315376281644596
1506.0,0.0,-520.0,-0.14551559129808955,-519.7766072374391,108.40125742590597,53.884926766565705,0.09212621453821358,-0.17252774169259855
1507.0,0.0,-540.0,-0.7329697497630437,-540.1787579415458,109.70058038572604,53.271607067320666,0.0913999505060904,-0.17460287294502172
1508.0,0.0,-540.0,0.30631333201281274,-539.7727488499432,109.69298867703564,53.19652616586935,0.09127548315778247,-0.1745780622936681
1509.0,-29.74739059216712,-539.1800188739908,-29.719144482397976,-539.0414464868354,110.34733606135113,50.59566931263274,0.08712713467291065,-0.17598720946808882
1510.0,-59.4044393368029,-536.7225657516927,-59.665110276412484,-536.598466628471,110.53639243679476,48.01667464844024,0.08299261807472247,-0.17665484946551055
1511.0,-88.88107875159615,-532.6351038374701,-88.98643838263546,-532.3991166234911,110.91505207317148,45.432295580664515,0.07882802171453868,-0.1776166025041542
1512.0,-118.0877892514431,-526.9300466188151,-117.86962304523206,-526.3317388699561,110.91934641258494,42.89306308259713,0.07471240066652345,-0.1779771687365925
1513.0,-146.93587101648086,-519.6247201669952,-146.8484693795667,-519.0690734379934,110.7388751112478,40.43883349904244,0.07071742730295669,-0.17804484288453934
1514.0,-175.33771337052906,-510.7413105183427,-175.88593015157232,-511.0278742406637,110.72562721126467,38.03690496093816,0.06679615895660945,-0.17837937919117552
1515.0,-203.2070608518312,-500.3067962959929,-203.59580392435328,-500.40257739436794,110.39595623959569,35.672098208087945,0.06290232439265533,-0.17819405361617718
1516.0,-230.45927516805804,-488.3528667766918,-231.3762481534628,-488.9135778823823,109.91497827315264,33.79823754465834,0.059779277054815214,-0.17776877975421623
1517.0,-257.0115922400198,-474.91582565150406,-257.4149534663041,-475.2322017642802,109.18101471626433,31.43828518067126,0.05585574077076047,-0.17691953579049569
1518.0,-282.783373553454,-460.0364807726967,-282.6180635159185,-459.8474211619329,108.2227182635786,29.233350613121956,0.05215806142390182,-0.1757030214216125
1519.0,-307.6963510555437,-443.76002022163243,-307.3668118589732,-443.69139549285563,106.95200439227756,27.21939146042138,0.04875488347245611,-0.17398371473242918
1520.0,-331.6748648524206,-426.13587507405254,-331.290376292913,-425.71360416913967,105.57655441974663,24.937399478045567,0.04490280690892363,-0.1720876093559883
1521.0,-354.64609298577653,-407.21756927952396,-354.9374732558426,-407.59118147670324,104.32921097385429,23.066067609860443,0.04170254491998345,-0.1703920059594989
1522.0,-376.54027259075764,-387.0625571109637,-376.10290609321765,-386.9230599301729,102.22832022224857,21.063807285095688,0.03826272671567925,-0.16730754696111855
1523.0,-397.2909117634911,-365.73204867790014,-397.18318743075696,-365.56120647881994,99.96570180174375,18.982415142199727,0.03468847019544268,-0.1639646475352296
1524.0,-416.8349914948133,-343.29082403338253,-417.623600277374,-343.62847573821455,97.6221172499008,17.31494508856619,0.03176599962214242,-0.16048505005703645
1525.0,-435.11315705692806,-319.80703643908925,-434.63018582870535,-319.67323984679234,94.31383941341134,15.55905412426086,0.028678033233067765,-0.15542804154092402
1526.0,-452.06989826176533,-295.35200538611053,-452.18159714734134,-295.200215550737,90.4136640479685,13.783567096271343,0.025552537399443874,-0.14943567131583507
1527.0,-467.6537180435968,-270.0,-468.030334300201,-270.33521794108646,85.92593205981431,12.18852838195239,0.022709433490214932,-0.14248732307792092
1528.0,-481.8172888539328,-243.8280134878802,-481.6216484659573,-243.83953548996237,80.2050830868311,10.231750174789523,0.019270632343994797,-0.1335487616064644
1529.0,-494.517596393731,-216.91552931260344,-494.85803984873,-216.95190724912686,73.79658690546057,8.592457150518447,0.016332324410477828,-0.12351142888213157
1530.0,-505.7160702464095,-189.3442798040875,-505.9448707345011,-189.4101617040766,66.58401732347049,7.090519423389434,0.013604613265081892,-0.11216804798553442
1531.0,-515.378701014934,-161.1979979409149,-515.4045592553554,-161.4457641641511,58.3135469157023,5.514285770376648,0.010753480273610961,-0.09912103806330119
1532.0,-523.4761436072384,-132.5621630560316,-523.3107225753221,-132.61898866430087,48.472772355842274,3.8512229297783507,0.007753592818571476,-0.08355578548044695
1533.0,-529.9838063563056,-103.52374123881877,-529.9823670366073,-103.58843403987014,37.847090488577194,2.6209736843618585,0.005440053917227183,-0.06672619500019718
1534.0,-534.8819257042518,-74.17092122194039,-534.8754675239712,-74.31802231555926,26.560674329973835,1.80633335790493,0.0037850396309426953,-0.04882323145478096
1535.0,-538.1556262236018,-44.59284655505939,-537.9833812907045,-44.65854421354063,14.429289200041296,1.7568139963365565,0.003342988295537972,-0.029553594890564517
1536.0,-539.7949657934738,-14.879344878807366,-539.316346461126,-14.65658563191772,0.07295724907969225,1.1051031252493322,0.0019383250567117636,-0.006721107732208026
1537.0,-540.0,0.0,-540.1789263049733,-0.03546245241424587,-5.546700625607904,0.9591562866653619,0.0015269789498972468,0.0022122915682636322
1538.0,-539.7949657934738,14.879344878807366,-538.9909439354559,14.99865421758924,-11.786881024992995,0.8912646127939304,0.0012348035759872358,0.012158396319587195
1539.0,-538.1556262236018,44.59284655505939,-538.3651783451679,44.55881772861061,-22.032212829734977,1.0445092019396347,0.0011166773940540125,0.028472012057207965
1540.0,-534.8819257042518,74.17092122194039,-533.5072741631244,73.98473115295688,-34.50115043766588,2.2643582012990673,0.002697749011381523,0.04837643723200134
1541.0,-529.9838063563056,103.52374123881877,-529.6915839416764,103.49289715213258,-45.782105656737905,3.640238851065105,0.004526145368066512,0.06637736574576354
1542.0,-523.4761436072384,132.5621630560316,-523.3951631421475,132.6032178800406,-55.995144415106125,5.282800179512398,0.006783849607387772,0.08270903386431343
1543.0,-515.378701014934,161.1979979409149,-514.9291986535717,161.0228013654994,-65.21293048269048,7.024489922527731,0.009207781058771904,0.09748327847192774
1544.0,-505.7160702464095,189.3442798040875,-505.19704665352447,189.4901014243624,-73.09360782871224,8.712362505034593,0.011545475455395133,0.1101449554187648
1545.0,-494.517596393731,216.91552931260344,-494.7382979209403,217.0433806908251,-80.27437925653736,10.454220854114851,0.013980284855933956,0.1217015961102707
1546.0,-481.8172888539328,243.8280134878802,-481.37263259093066,243.72917408829494,-86.36225504075334,12.564042247632136,0.0170113497063492,0.13155444029084337
1547.0,-467.6537180435968,270.0,-467.15502906903095,270.2586214274666,-91.47061535857785,14.349608066667551,0.01952826054765998,0.13985877085222814
1548.0,-452.06989826176533,295.35200538611053,-452.64134656519235,295.5678519160813,-95.52034392923515,16.305954102045764,0.022331920507768763,0.14648186273011568
1549.0,-435.11315705692806,319.80703643908925,-434.83996760835635,319.66296031807747,-99.21564291958576,18.559868783809108,0.025624044997947928,0.15258112674043295
1550.0,-416.8349914948133,343.29082403338253,-416.6027722079969,343.6598925909816,-102.07060998121284,20.33762707587903,0.02815954541747167,0.15734829837996778
1551.0,-397.2909117634911,365.73204867790014,-397.5947371391965,365.8148668160413,-104.25535414180708,22.32272021559902,0.031047587906023875,0.16105821759528213
1552.0,-376.54027259075764,387.0625571109637,-375.75354983703056,386.85398669218785,-106.28343741449407,24.57558891002616,0.03437547426422328,0.16455350080214173
1553.0,-354.64609298577653,407.21756927952396,-354.5057063954676,407.75221687198035,-107.92422775324103,26.536922213947133,0.03724109310985891,0.16742512149422617
1554.0,-331.6748648524206,426.13587507405254,-331.465458322808,426.45298901022807,-109.31208365059938,28.61302915817531,0.04031629208642975,0.16991613605094952
1555.0,-307.6963510555437,443.76002022163243,-308.1946430657631,443.88727803533305,-110.25662816384494,30.730964753244994,0.04347357401277164,0.17170442237662037
1556.0,-282.7833735534541,460.0364807726966,-282.05046127963783,459.79027029251364,-111.15375736226842,33.120324923572554,0.04708159531737672,0.17345243492689916
1557.0,-257.0115922400197,474.9158256515041,-256.6310850252643,474.8788265729761,-111.83877278493738,35.40283853762041,0.05052953942145116,0.17485398124440168
1558.0,-230.45927516805804,488.3528667766918,-230.38763974385463,488.61601394899935,-112.22988868405939,37.64436936237394,0.053928807568858005,0.17579786429347363
1559.0,-203.2070608518312,500.3067962959929,-202.99235006508965,500.5144013644385,-112.51819261575547,40.07688960613575,0.05765456455063135,0.17659222362138308
1560.0,-175.33771337052906,510.7413105183427,-175.88860782486947,510.7063422557481,-112.46163735588937,42.47875255765894,0.0613524277406755,0.1768341519256441
1561.0,-146.93587101648086,519.6247201669952,-147.36684707939244,519.5984671637488,-112.42566480211667,44.935097717385446,0.06515292086926562,0.17712620505823926
1562.0,-118.08778925144297,526.9300466188153,-118.3431261539514,526.9090085087415,-112.22762312287183,47.563085506770655,0.06924596133839973,0.17716646465912597
1563.0,-88.8810787515963,532.6351038374701,-88.67599566240322,532.6408827829932,-111.76857745760886,50.11307762803447,0.07323420173910868,0.17679920333409893
1564.0,-59.40443933680277,536.7225657516927,-59.07381461728007,536.467614878598,-111.18117709775485,52.722895635836544,0.07734099022006895,0.17622686373383145
1565.0,-29.747390592167378,539.1800188739908,-29.612573853878573,539.1058210297433,-110.54191784292975,55.287713398431386,0.08139071443137662,0.17557026204697793
1566.0,0.0,540.0,0.049014759680408915,540.1906836053603,-109.74618756127411,58.011470773645556,0.08571242264932777,0.17466708264110262
1567.0,0.0,560.0,-0.279051691333012,560.1742305394324,-110.8668535234653,57.654897531321815,0.08490018075126013,0.17644666009455282
1568.0,0.0,560.0,0.16134309183018933,559.833772591016,-111.096134480108,57.74855849720846,0.08505341638747428,0.17681696557357998
1569.0,-19.987706949829064,559.6431823679153,-20.039498550755344,559.6990182553997,-111.64587702611375,55.87992825700045,0.08208104932476581,0.17744450885026083
1570.0,-39.949942591570135,558.573184181742,-40.190586803978626,558.582718940676,-112.05146290368971,54.20101624535164,0.07942264915548641,0.17784322899174884
1571.0,-59.86126807646318,556.7913689922625,-59.772420055039866,556.766090060759,-112.59758475769702,52.49704224012273,0.07673293850177253,0.17847259073711794
1572.0,-79.69630943303973,554.3000074533223,-79.74353989120937,554.5187262683856,-112.91948111242834,50.73948974815346,0.07396323023676493,0.17874031893446996
1573.0,-99.42978990240975,551.102274428225,-99.54779800123397,550.7754586555201,-113.03146595827688,49.0729731160167,0.07135673033617405,0.17867600614034956
1574.0,-119.036562149667,547.2022449438493,-118.43353565726534,546.7212696952016,-113.52343119890799,47.2613610246628,0.06852311168534447,0.17922770002238714
1575.0,-138.49164031036062,542.6048889976441,-138.37711011755343,542.595304422322,-113.69244467879624,45.58768024186378,0.06590989657270402,0.17925244491475656
1576.0,-157.7702318312006,537.3160652241186,-158.3408501106579,537.4929085552843,-113.71818929035312,43.88555278883601,0.06326336549724647,0.1790489233545315
1577.0,-176.84776906441394,531.342513428899,-177.0384416438394,531.498465373134,-113.96050151903667,42.24946338784764,0.06073286212519896,0.179205586347939
1578.0,-195.69994057549505,524.6918459998666,-196.00268052628624,525.0845992873136,-113.8960612011449,40.55778538108024,0.058119023400180964,0.17887077187755915
1579.0,-214.30272212445027,517.3725382063205,-214.8559039360423,517.6900473307325,-113.83912772420273,38.88378461995563,0.055545329318660054,0.1785492645191029
1580.0,-232.6324072810564,509.3939173985303,-231.86075611859906,508.99579499505745,-113.79126634868608,37.40501782445185,0.053298277139302144,0.1782648328107826
1581.0,-250.66563763511905,500.7661511214383,-250.43241344929683,500.94638315827024,-113.58323784058494,35.7287912902409,0.05072906068107945,0.17770629857360218
1582.0,-268.37943256323183,491.5002341576631,-269.3263627257208,491.7428170509695,-113.14035465547654,34.16558429637777,0.04835385530401991,0.1767700344081664
1583.0,-285.7512185141038,481.60797451631225,-285.38822287210047,481.5426296372586,-112.92627968077359,32.74704795579062,0.0462211060169546,0.1762326143385347
1584.0,-302.7588577751346,471.10197838546145,-302.4418834818559,471.33745834161374,-112.44876878302078,31.14348727823391,0.04379394238914608,0.17526377642212104
1585.0,-319.3806766835799,459.99563406747524,-320.3199980780558,460.3614117388842,-111.85668227585502,29.592475872639152,0.04145985441419653,0.17410248869414371
1586.0,-335.59549324635424,448.30309491764183,-334.90177807962505,448.1058439134372,-111.15890142039302,28.339602654431292,0.03961593836342021,0.17281335330663805
1587.0,-351.38264413327715,436.0392613078629,-351.82044509494204,436.677441918815,-110.33386466103889,26.802576886933668,0.037309649207037714,0.171293064065852
1588.0,-366.7220110093596,423.2197616383847,-367.2985484430421,423.30601874431255,-109.37545652665118,25.434089122912667,0.035295392741854274,0.16957815023318168
1589.0,-381.5940461725789,409.86093242176634,-380.70673809863814,409.63400744177875,-108.52893654091538,24.1163102669925,0.033365523305150566,0.1680666620966621
1590.0,-395.9797974644666,395.9797974644666,-395.96840687411367,396.38685838354394,-107.58330143715075,22.507912939084573,0.030967916928360394,0.1663747278419503
1591.0,-409.86093242176634,381.5940461725789,-410.4020031877326,381.6800297385621,-106.05575055702109,21.173217786631938,0.029023797749456497,0.16376678724549745
1592.0,-423.2197616383847,366.7220110093596,-422.45380055458355,366.41172598030175,-104.82126314643294,20.146481344449338,0.02757668645110943,0.1616544414743016
1593.0,-436.0392613078629,351.38264413327715,-435.9129170337471,351.82249896748635,-103.31737925111842,18.529200023166272,0.02518137715201918,0.15909610248215872
1594.0,-448.30309491764183,335.59549324635424,-447.9006627903609,336.007483980562,-101.4063934879717,17.128114343979565,0.023145166096138956,0.15590786058126357
1595.0,-459.99563406747524,319.3806766835799,-460.46537827715207,319.5565880984423,-99.1892891802808,15.84234554346122,0.02130027516895131,0.1522253497523726
1596.0,-471.10197838546145,302.7588577751346,-470.5373439395046,302.6560706954433,-96.90345698854196,14.629680504219598,0.01957723899399006,0.14846398373821074
1597.0,-481.60797451631225,285.7512185141038,-481.19496644944365,286.09905416465085,-94.37922444039827,13.036826228607518,0.017244906010378844,0.1443160192489578
1598.0,-491.50023415766316,268.3794325632317,-491.4712885497247,268.6075432940437,-90.89791366620749,11.847348601552982,0.015566011629053121,0.13864948722946743
1599.0,-500.7661511214383,250.66563763511905,-500.169987440276,250.5022245532729,-87.53789845694295,10.767617076987852,0.01406930088302384,0.13319532420595856
1600.0,-509.3939173985302,232.63240728105652,-508.7568940126776,232.45284393888429,-83.71766979666832,9.496239178171187,0.012266890386400593,0.12701007784388083
1601.0,-517.3725382063205,214.30272212445027,-516.9348981476792,214.14619938690961,-79.37906477404137,8.200010005800458,0.010428078563959046,0.12000481769435715
1602.0,-524.6918459998666,195.69994057549494,-524.2737368255058,195.85808156226832,-74.59601308679474,6.754873324457403,0.008352046184025998,0.11230247594527244
1603.0,-531.342513428899,176.84776906441394,-531.034806510208,176.96260963619912,-69.54432710645703,5.493245865992585,0.006575516052536416,0.10417966536107774
1604.0,-537.3160652241186,157.7702318312007,-536.8563432536993,157.87661802042672,-63.860499004709105,4.379580952860519,0.005036808915339668,0.09506227577773506
1605.0,-542.6048889976441,138.49164031036062,-542.5057834914616,138.50544077529912,-57.57512421091439,3.293211729431411,0.0035450368782220932,0.08498960256023098
1606.0,-547.2022449438493,119.036562149667,-546.8905923010952,119.0220876374578,-51.15077924138848,2.3145198112989687,0.002226012410187148,0.07471123934541923
1607.0,-551.102274428225,99.42978990241004,-550.9475415459923,99.42637856640782,-44.15198691576918,1.338772115611496,0.0009130498377748875,0.06352263005511893
1608.0,-554.3000074533223,79.69630943303973,-554.0326985975654,79.66122564658842,-36.716893989624985,0.5619414331142429,-8.125130127535777e-05,0.05165152830497146
1609.0,-556.7913689922625,59.86126807646306,-556.4735628387235,59.807370324731714,-28.64428908119629,-0.07065924339697911,-0.0008449169204657617,0.03877368535878515
1610.0,-558.573184181742,39.949942591570135,-558.7523480607612,39.941043308518914,-20.56905810162694,-0.7984603461050274,-0.0017599459832905325,0.025893647867919495
1611.0,-559.6431823679153,19.987706949829207,-559.4596579300442,19.890601549113985,-13.397548229941059,-1.0651063080495755,-0.0019387689960027946,0.014471173008027733
1612.0,-560.0,0.0,-560.3617911818268,-0.10996056744360971,-5.774086270402747,-0.9507252730437896,-0.001511779583186757,0.002327008063231708
1613.0,-560.0,0.0,-560.2749433833792,0.08341215552147567,-5.832414378880134,-1.3836764306412663,-0.0022032109821688525,0.00242090375371696
1614.0,-559.6431823679153,-19.987706949829207,-560.8109236729958,-20.049006812049786,2.7054575530357403,-0.7310523531054369,-0.0009179663140408288,-0.011174105596848937
1615.0,-558.573184181742,-39.949942591570135,-559.0308977001105,-40.10678751547232,11.545871396116267,-0.9493439106316212,-0.0010197410220703338,-0.025222261288092324
1616.0,-556.7913689922625,-59.86126807646306,-557.08008834383,-60.54660092218369,20.360242919449224,0.20773233744036304,0.0010721288623571589,-0.039226877760698414
1617.0,-554.3000074533223,-79.69630943303973,-552.8649894240987,-80.28346326491452,27.33858965684642,-0.09172180999499728,0.0008372496020886244,-0.05028163933723986
1618.0,-551.102274428225,-99.42978990241004,-549.4672939180577,-99.42433938311895,34.90561613224482,0.036230123529481996,0.001275309219619805,-0.0622833245332227
1619.0,-547.2022449438493,-119.036562149667,-547.7028556354456,-119.576289024164,42.641018810680386,1.4490063812917697,0.0037706128492272345,-0.0745729912362362
1620.0,-542.6048889976441,-138.49164031036062,-542.7746127268798,-138.69953441267688,49.58442164957378,2.0803274629621984,0.005009593424964032,-0.08556340401591551
1621.0,-537.3160652241186,-157.7702318312007,-537.3288442437287,-157.83116873388008,56.106525524509436,2.8151501954881524,0.006413404733250188,-0.0958769605475892
1622.0,-531.342513428899,-176.84776906441394,-531.5041084440772,-176.91659154858698,62.12082788391037,3.8820164179383636,0.008345113717899253,-0.10537768466374967
1623.0,-524.6918459998666,-195.69994057549494,-525.0252696003557,-195.75912406191947,67.4505941392848,4.974867443502575,0.010315204130225405,-0.11378092495086775
1624.0,-517.3725382063205,-214.30272212445027,-517.7249736994687,-214.31296614141024,72.48296229117712,5.999560412194779,0.012173282042013019,-0.12170078109333876
1625.0,-509.3939173985302,-232.63240728105652,-509.55468824594374,-232.66802803542598,76.96321921598759,7.239966033614022,0.014372242847951577,-0.12873127018809455
1626.0,-500.7661511214383,-250.66563763511905,-501.2082658548729,-250.62500316643187,81.16622221478639,8.270146978520543,0.01623174533183434,-0.13531833881039074
1627.0,-491.5002341576631,-268.3794325632317,-491.5138300505073,-268.40411709862025,84.84807485317066,9.535382347242551,0.018463170288898916,-0.14105946178944373
1628.0,-481.60797451631225,-285.7512185141038,-482.06963631775744,-286.0764533477848,88.11292469533237,10.872431521593219,0.020807582764056694,-0.14613996891333933
1629.0,-471.10197838546145,-302.7588577751346,-471.5627587390006,-303.13954430410536,91.13227893431512,11.972357153530629,0.02276713998965597,-0.15081674298946993
1630.0,-459.99563406747524,-319.3806766835799,-460.1776316787203,-319.1678345357489,93.68058208841394,13.11987540054352,0.024789770038292646,-0.15473306008194562
1631.0,-448.30309491764183,-335.59549324635424,-448.7041544452374,-336.053651691477,96.15531282868933,14.665759705142714,0.027456921468153574,-0.15853120101889498
1632.0,-436.0392613078629,-351.38264413327715,-435.62327876050875,-351.2949744019734,97.981722387614,15.473865895107997,0.028929722480667313,-0.1612778209833877
1633.0,-423.2197616383847,-366.7220110093596,-423.2450730749685,-366.39382525013934,99.9106069977724,16.306687713497798,0.030440114788502063,-0.16419614063777213
1634.0,-409.86093242176634,-381.5940461725789,-410.42905119000574,-381.989996955788,101.65488230495949,17.681341394224127,0.03281894996354201,-0.16681528353795344
1635.0,-395.9797974644666,-395.9797974644666,-396.1007492121168,-395.9350646845399,102.85073503309023,18.873887347579284,0.0348877306631063,-0.16854306394126323
1636.0,-381.5940461725789,-409.86093242176634,-381.4638287184364,-409.5175753869114,104.24265538026441,20.03683163942929,0.03690495862908156,-0.17057911600949288
1637.0,-366.7220110093596,-423.2197616383847,-367.2017305483573,-423.50975828119914,105.64133310425363,21.37730162539171,0.03920974475671529,-0.17263051321577555
1638.0,-351.38264413327715,-436.0392613078629,-351.0574757291429,-435.991040521357,106.40963351914938,22.660674188664256,0.04140515355443824,-0.1736555830530855
1639.0,-335.59549324635424,-448.30309491764183,-335.3837111527,-448.2395381043586,107.44718116794245,24.319344613905184,0.0441950165434211,-0.1751149352535205
1640.0,-319.3806766835799,-459.99563406747524,-319.3099011356513,-459.8515607637856,108.25412168563321,25.67189175324275,0.04648987429981139,-0.17620236546002557
1641.0,-302.7588577751346,-471.10197838546145,-303.5982726794719,-471.4428244142022,109.16200867896872,27.116807786833707,0.0489314874822651,-0.17745489260014657
1642.0,-285.7512185141038,-481.60797451631225,-285.6165880984667,-481.5214517337788,109.69833788180881,28.391951730841992,0.05108437477605022,-0.1780882658344749
1643.0,-268.3794325632317,-491.5002341576631,-268.2160695761019,-491.10948176514245,110.24547197340189,29.72539135334347,0.053324034192086915,-0.17874595310830285
1644.0,-250.66563763511905,-500.7661511214383,-251.50628750897695,-501.24018480511637,110.89541591617301,31.246516440748724,0.05586905040459722,-0.17957572677289438
1645.0,-232.63240728105652,-509.3939173985302,-232.81421376819605,-509.2877738778763,111.15904626505413,32.663211948656176,0.05822234993904316,-0.17976638618462448
1646.0,-214.30272212445027,-517.3725382063205,-214.18734713717893,-516.8485989016071,111.48547795100308,34.04186063353698,0.06050913468784979,-0.18005779561833013
1647.0,-195.69994057549494,-524.6918459998666,-196.1440211926415,-524.8655890931215,111.8735942971818,35.735282194214,0.0633024826704331,-0.18045452584487726
1648.0,-176.84776906441394,-531.342513428899,-176.40973552941455,-531.1460324471424,111.92112349551637,37.29188363845674,0.06585680723255931,-0.18028848565229413
1649.0,-157.7702318312007,-537.3160652241186,-158.0806284823117,-537.1911679262741,112.07919559121409,39.07699191328688,0.06877192990170791,-0.18031558912949192
1650.0,-138.49164031036062,-542.6048889976441,-138.08748534850247,-541.8969393492704,112.14033659028932,40.60977588221894,0.07126906281013762,-0.1801680425702117
1651.0,-119.03656214966674,-547.2022449438493,-119.71941138080531,-547.3879004224822,112.22724963882257,42.34295526108935,0.07409475111555819,-0.18008141567957078
1652.0,-99.42978990241004,-551.102274428225,-99.16150368349373,-550.8841429307002,112.04611354986793,43.957901594929275,0.07670783642129408,-0.17954135650242423
1653.0,-79.69630943303973,-554.3000074533223,-79.58680010242963,-553.7098711851833,111.90317352053034,45.49351905734131,0.07918645413697842,-0.17907412951636284
1654.0,-59.86126807646306,-556.7913689922625,-60.66830263945019,-557.0263966631437,111.97074685352067,47.204051275627045,0.0819494681131139,-0.17894998149084118
1655.0,-39.94994259156986,-558.573184181742,-40.28525534621487,-558.3353339766758,111.74346425441064,48.9586308135322,0.08475799869793747,-0.17833861937234288
1656.0,-19.987706949829207,-559.6431823679153,-19.718319479063297,-559.1368495131906,111.41247987852206,50.63418941424999,0.08743454917441253,-0.17755995867165136
1657.0,0.0,-560.0,-0.5328020500239908,-560.1192072163577,111.06457953047895,52.399802781399835,0.090256641032263,-0.17677129355923882
1658.0,0.0,-570.0,-0.35844280793522604,-569.9079520494861,111.83271464783913,51.873699330698166,0.08953920387710596,-0.17799168319523462
1659.0,-29.831495058477987,-569.2188348101071,-29.938942085600512,-569.0819906711598,112.16417568414784,49.39595212082859,0.08558563118868422,-0.17888149139110543
1660.0,-59.581224062562484,-566.8774803599158,-59.707183295615515,-566.7380193163796,112.48902277204984,47.157258744365286,0.08199393346577981,-0.17976307243150563
1661.0,-89.16764507293159,-562.9823541392285,-89.68975849433797,-562.9844954721274,112.79954090032122,44.51599072174768,0.07774425554278741,-0.18062447316690508
1662.0,-118.50966376612284,-557.5441324182692,-118.50684209689257,-557.467206972798,112.85455122119224,42.08079081978587,0.07380094444207387,-0.1810649468528816
1663.0,-147.5268557084368,-550.5777209847689,-147.08807852584988,-549.9966929366511,112.64506577175445,39.695840087056574,0.06991368627789629,-0.1810815740322059
1664.0,-176.13968679372002,-542.1022142882375,-175.9003045215446,-541.3807661715164,112.57204841835119,37.056535073742,0.06560758286458349,-0.18131822585506985
1665.0,-204.2697312408212,-532.140843103405,-204.33783369275247,-531.8004905435138,112.24959408869461,34.74446765802836,0.0618104839091461,-0.18115329749848338
1666.0,-231.83988655320613,-520.7209108562824,-232.7164536261614,-521.2090561389537,111.96737136253064,32.52480971059364,0.05814807555625484,-0.18105167826770338
1667.0,-258.7745848515417,-507.8737187873697,-259.53697721239934,-508.1893535413347,111.43915124596235,30.218403294736124,0.05431786379312848,-0.18053946006652374
1668.0,-285.0,-493.63448015713,-284.8358495640576,-493.551457663417,110.49517259515308,28.001875725763302,0.05061088068840939,-0.17934690598538428
1669.0,-310.4442499585654,-478.0422237288917,-310.50092823781796,-477.92399893218425,109.54329083277177,25.90552156674909,0.047083040356502896,-0.17814625863041178
1670.0,-335.0375938067097,-461.13968679372005,-334.57297293180966,-460.8101007543526,108.39446072682205,24.067233369985747,0.04394772037637955,-0.17661264840737984
1671.0,-358.7126228984073,-442.97319803047344,-359.6629501298978,-443.47803071615476,107.29438435581217,22.191804618923612,0.04075061742334284,-0.1751690987552087
1672.0,-381.40444562454917,-423.59255052211466,-381.2267969498918,-423.46673260793904,105.49201996832603,20.12696889985593,0.037219251484676315,-0.17256463858699372
1673.0,-403.0508652763321,-403.0508652763321,-403.0735230384978,-402.83100201110955,103.59083915997219,18.099457721476643,0.033739641989753925,-0.16980637161510972
1674.0,-423.59255052211466,-381.40444562454917,-424.3227843261916,-381.809470149912,101.6033257891895,16.32318114651375,0.030655159887307774,-0.16690338496741425
1675.0,-442.97319803047344,-358.7126228984073,-442.67171888909206,-358.5951916644649,98.82930093517018,14.607682831424748,0.027640554881356163,-0.16271310619344692
1676.0,-461.13968679372005,-335.0375938067097,-460.93999305824883,-334.84745814335986,95.86023105850343,12.692277762486052,0.024301255185728662,-0.15821141577902756
1677.0,-478.0422237288917,-310.4442499585654,-478.4457688700372,-310.66838247493627,92.22134086113037,11.070171602798881,0.021423472566633277,-0.1526343349176733
1678.0,-493.63448015713,-285.0,-493.2388856834786,-284.93170085660745,87.67345425608926,9.42807619038805,0.018494800105928983,-0.14557731947982677
1679.0,-507.8737187873697,-258.7745848515417,-507.87512290891055,-258.7401344428502,82.6883812822336,7.575642322324495,0.015225792634081218,-0.1378225790254296
1680.0,-520.7209108562824,-231.83988655320613,-520.5766704672537,-231.89380561531655,76.4753762583436,6.0561110330709145,0.012478597214571499,-0.1280898299237266
1681.0,-532.140843103405,-204.2697312408212,-532.3306640061179,-204.28272305775727,69.66664293291927,4.266405197206402,0.009292039730969807,-0.11739734511436407
1682.0,-542.1022142882375,-176.13968679372002,-542.0845456361086,-176.38421123317826,61.384782079323436,2.8762623191717975,0.006737886307083097,-0.10433580970958231
1683.0,-550.5777209847689,-147.5268557084368,-550.5089475384681,-147.57204021549575,52.40057843675819,1.3063809320740358,0.003886480602031494,-0.09014017893654955
1684.0,-557.5441324182692,-118.50966376612284,-557.5082666503878,-118.57031314895242,42.34766125059854,-0.13908163945021032,0.0012307721043136118,-0.0742261847811204
1685.0,-562.9823541392285,-89.16764507293159,-563.0652731080081,-89.29269854280268,31.45864284633886,-1.2334519410185778,-0.0008695344781689334,-0.05696383024388491
1686.0,-566.8774803599158,-59.581224062562484,-566.7872211225773,-59.650719075498124,19.54358840771698,-1.777553115881559,-0.0020985229117609317,-0.03804601472908932
1687.0,-569.2188348101071,-29.831495058477987,-569.3668406635935,-29.839276223314254,6.65495990291977,-1.6660711642074013,-0.0022861938068699096,-0.01756471789748964
1688.0,-570.0,0.0,-570.5592269203717,0.1065133794799364,-6.156036912565454,-2.2597139857761834,-0.003597750974570566,0.0028100136715619706
1689.0,-570.0,0.0,-569.1699950518099,-0.054269871918942135,-6.097727970382067,-2.145302562122622,-0.0034136904302461317,0.0027342259928182107
1690.0,-569.2188348101071,29.831495058477987,-569.168651906413,29.797417016985417,-16.812762609617216,-2.1507094444859653,-0.003787888550274207,0.019787749724635022
1691.0,-566.8774803599158,59.581224062562484,-567.050697520081,59.62430743597884,-28.403051544776165,-1.3070559012737304,-0.0028104613514673723,0.038260206013484746
1692.0,-562.9823541392285,89.16764507293159,-562.8282944089528,89.06302209306317,-40.0429241415271,-0.1442513722421368,-0.001320335604777264,0.056837350277164904
1693.0,-557.5441324182692,118.50966376612284,-557.4836616073679,118.53883794897264,-50.66103844797244,1.0425411041070738,0.00020751376843962084,0.07380205963194642
1694.0,-550.5777209847689,147.5268557084368,-550.7901004564824,147.60693266685394,-60.26478330805755,2.596573878795069,0.002324837579204437,0.08916887016053045
1695.0,-542.1022142882375,176.13968679372002,-541.7054636838144,175.96807330206272,-69.17402656102425,4.495274060949043,0.004999374653649521,0.10345963048980515
1696.0,-532.140843103405,204.2697312408212,-531.479249429835,204.4556324726362,-76.99669264711243,6.154024297406466,0.007290471284199232,0.1160350304159285
1697.0,-520.7209108562824,231.83988655320613,-520.8119858949003,231.99900471803343,-83.37644641182415,8.000641961287664,0.009892131643611171,0.1263193655766778
1698.0,-507.8737187873697,258.7745848515417,-507.3311213512981,258.5971799147465,-89.45093566894464,10.093225514099382,0.012896834676188866,0.1361523152793133
1699.0,-493.63448015713,285.0,-493.22387862686656,285.40575976346514,-94.17304086924554,11.918721506772181,0.015473877834356902,0.14384055014252123
1700.0,-478.0422237288917,310.4442499585654,-478.4975025893143,310.6292992087951,-97.93970444090667,13.927359575907936,0.018361812606916487,0.15001573493428055
1701.0,-461.13968679372005,335.0375938067097,-460.2384659985856,334.8798023861714,-101.47836538764754,16.09574647359155,0.021515912285417438,0.15587130667605692
1702.0,-442.97319803047344,358.7126228984073,-442.5582581335848,359.13205939775867,-103.9962537645443,17.927266490694667,0.024133850192675055,0.16009517951549931
1703.0,-423.59255052211466,381.40444562454917,-424.0300287908076,381.4373651243764,-106.10088081749791,19.853637823582233,0.02692659291715935,0.16367171222603147
1704.0,-403.0508652763321,403.0508652763321,-402.63014440060925,402.98912894605286,-108.30268633445866,22.023075235086566,0.030115415928008787,0.16743807834711216
1705.0,-381.40444562454917,423.59255052211466,-381.2680353318915,424.22659439568935,-109.95631207192851,23.92975276711158,0.03288989280584033,0.17033152661876552
1706.0,-358.7126228984073,442.97319803047344,-359.1440618118681,442.9231352895901,-111.05443830755416,26.11946661021206,0.03614595459759458,0.1723502005076494
1707.0,-335.0375938067097,461.13968679372005,-334.6717068437689,461.17185789122215,-112.2977566438553,28.347123188777477,0.03946788854686207,0.17462871536562244
1708.0,-310.4442499585654,478.0422237288917,-310.22411938193864,477.94015145420735,-113.12467304622697,30.567621768856895,0.04279656096198629,0.1762442026356391
1709.0,-285.0,493.63448015713,-284.95389909433453,494.1514016967098,-113.85192867580076,32.69988104608591,0.04599161825930814,0.1777111496213244
1710.0,-258.7745848515417,507.8737187873697,-258.91168419872184,508.41988562132354,-114.28073102333944,34.96511417865569,0.04942210302681441,0.17871254805285156
1711.0,-231.83988655320613,520.7209108562824,-232.00257118931688,520.4742427709803,-114.18414114384755,37.3512439834121,0.05307211717468498,0.17888837566212046
1712.0,-204.2697312408212,532.140843103405,-204.81241609073223,532.1784522712445,-114.33927849008926,39.72276730954292,0.0567031726385742,0.17946828150909422
1713.0,-176.13968679372002,542.1022142882375,-175.9744755952498,542.0705090980452,-114.67558028820594,42.28110184217079,0.06065374075648295,0.18035669991940526
1714.0,-147.5268557084368,550.5777209847689,-146.96423166061751,549.9913529540705,-114.43421360362096,44.80109377635555,0.0645674261254355,0.1803278405803575
1715.0,-118.50966376612284,557.5441324182692,-118.63397253845632,557.984971383042,-114.27187737273134,47.178114994845565,0.06825267526496546,0.1804164343593629
1716.0,-89.16764507293159,562.9823541392285,-89.43921582551657,563.4209002699462,-113.72749410520207,49.776501502929186,0.07232156215960726,0.1799075688731614
1717.0,-59.581224062562484,566.8774803599158,-59.628613125041966,567.0419795030676,-113.15706392734349,52.401611220704666,0.07645520677790114,0.1793647906907501
1718.0,-29.831495058477987,569.2188348101071,-29.559323056330527,569.2427591312081,-112.50498245710453,54.88123855148361,0.08037470335669274,0.17869522857759787
1719.0,0.0,570.0,0.1570468307115825,569.6729897794789,-111.70174702860457,57.4787080785326,0.08450343548121927,0.1777807752643037
1720.0,0.0,570.0,0.6131962631550693,569.4567828166014,-111.59482105977169,57.76362959856758,0.08495955004509638,0.17761618374918148
1721.0,0.0,580.0,-0.1828709909938812,580.3169558053407,-112.27521033313114,57.39004638893107,0.0842319696564319,0.1786893074959351
1722.0,-19.91000829768127,579.658167862393,-19.913239955425425,579.7048794947538,-112.88856131618053,55.770110511316204,0.08166125771425946,0.17942384861052024
1723.0,-39.79654804123768,578.6330743778836,-40.03427719462397,578.9462038147553,-113.41911333308339,53.931149755634294,0.0787437522505424,0.18002182657389165
1724.0,-59.636178339669016,576.9259278564616,-59.81578029742,577.119700057819,-113.65537619074338,52.36771538374771,0.076277838307647,0.18015558705870172
1725.0,-79.40551359561567,574.5387405655223,-79.10056812056956,574.5048486917216,-114.27789998040343,50.49711822793419,0.07333271448257547,0.18091018416857707
1726.0,-99.08125107069968,571.4743263579433,-98.86594742912597,571.4208168801836,-114.45185801609887,48.78693372146586,0.07064864135846836,0.18094498091711655
1727.0,-118.64019835319645,567.7362973553076,-119.56961167956503,567.9571903423458,-114.78631040155939,47.0805988595792,0.06797534402031938,0.18122372120646196
1728.0,-138.05930069566165,563.3290596901822,-138.21697876130344,563.6322984817904,-115.18638841861106,45.42476063644856,0.06539296247188785,0.18163209134805955
1729.0,-157.31566819028785,558.2578083124707,-157.460134706709,558.6168574524557,-115.35561228966485,43.73818327390199,0.06277011520054802,0.18166574909491884
1730.0,-176.38660274996028,552.5285208659619,-176.1771699003921,552.3113530370081,-115.25606051545705,42.25004686227749,0.06047889588301075,0.18127808050309033
1731.0,-195.2496248632079,546.147950642293,-195.4659826725614,546.5371253594648,-115.34176085130791,40.43751896447073,0.057664884948449076,0.1811782472571103
1732.0,-213.88250009151093,539.1236186206321,-214.26838195588937,538.9969726290102,-115.12390681652948,38.868429033232346,0.05525994480725844,0.18060124931810412
1733.0,-232.2632652777345,531.4638046024628,-232.13570730672822,531.3728814678379,-115.35862965441542,37.221959524782946,0.0527328792356767,0.1807560016683175
1734.0,-250.37025443479453,523.177537451921,-250.40279669644988,523.5660508570918,-115.07300390226045,35.655340343524614,0.05033513741197597,0.18007769761683287
1735.0,-268.18212428403865,514.2745844531893,-269.0081322615915,514.6375465150793,-114.7737036322465,33.9654319630496,0.047754911841180324,0.1793734874024976
1736.0,-285.6778794132414,504.76543979749005,-285.09248024575595,504.51802721494596,-114.54511410682278,32.76988256517751,0.045976069355697,0.17881269129998692
1737.0,-302.8368970245584,494.6613122132526,-303.4235674646953,495.33233000232116,-114.26936574490412,31.06843915317864,0.04338063504615291,0.1781493238236336
1738.0,-319.638951243268,483.9741117540314,-320.1360923745392,484.0228207532089,-113.54452314052556,29.64639392645637,0.041255887027779374,0.17679102314995362
1739.0,-336.064236958647,472.7164357597506,-335.35800506445446,472.6248894781986,-113.31656886640472,28.361819281401846,0.03935101313757961,0.17624180030294415
1740.0,-352.0933931688782,460.90155400782254,-351.94007343910516,461.466459098361,-112.47464053358989,26.80001664576945,0.037001984035775086,0.17469874960245005
1741.0,-367.7075258024742,448.5433930716434,-368.74575448611023,448.5876215112052,-111.48038440157758,25.31561718259742,0.03479721568944614,0.17291052310149815
1742.0,-382.88822998931454,435.6565199049015,-382.225887101891,435.41357348945735,-110.98534313055264,23.953010753200896,0.03278990241089615,0.1719575496298751
1743.0,-397.61761175504506,422.25612467105117,-397.2988496389237,422.72707715214045,-110.1027340686228,22.475370463516985,0.03059353602521697,0.1703682355163613
1744.0,-411.87830911327075,408.35800283818736,-412.4732278553145,408.43730964931984,-108.7802254137688,21.140162510199612,0.028643492961895067,0.1680775574209938
1745.0,-425.6535125306753,393.9785365604301,-424.7095976257902,393.7887322483466,-107.71353858392901,19.93699433018305,0.026907992059717223,0.16623001411537597
1746.0,-438.9269847409482,379.13467536776346,-438.3259360901064,379.5399269808692,-106.44814757645759,18.41630521340764,0.02466224489286251,0.16404932284977108
1747.0,-451.68307988416115,363.84391618709043,-452.2672322826827,364.1073330669228,-104.66405362147987,17.21727854577233,0.02294293724132293,0.1610391104547644
1748.0,-463.9067619490373,348.1242827180535,-463.06822373315225,348.00045221596446,-103.20756045133669,15.958725191665764,0.021137147899630334,0.15858875012941273
1749.0,-475.58362249637077,331.9943041879326,-474.92453584201735,331.86224631308596,-101.19861129142019,14.614824905511563,0.019195908333867695,0.15524620430445607
1750.0,-486.6998976427083,315.47299351066044,-486.2922031453439,315.89892286177036,-99.03514485746057,13.03139051403709,0.016871296618457002,0.15166372101960587
1751.0,-497.24248428427273,298.5798248757018,-497.13092366908967,298.9281445966845,-96.12466797649184,11.881046560638106,0.015248308015074718,0.1468988116797875
1752.0,-507.198955542003,281.33471079321384,-507.23232028247077,281.5593522876223,-93.12307811696006,10.365871395694208,0.013049546971775478,0.14199792151671511
1753.0,-516.5575754095095,263.75797862254126,-517.243066850157,263.99790243949656,-89.87261923353492,9.160460696801776,0.01134615085979365,0.13670205418894224
1754.0,-525.3073125866734,245.87034661171916,-524.826814405567,245.7899577356553,-86.4946097693138,7.9675502756081125,0.009670567162628766,0.13123290719795128
1755.0,-533.437853482589,227.6928994762197,-532.8744017217601,227.55932819120073,-82.44521657961722,6.6965927315851275,0.007871045432167587,0.12468953918778482
1756.0,-540.9396143725169,209.2470635457345,-540.0346469725664,209.04072293411946,-78.19856585756217,5.532033259685896,0.006244388323585864,0.11784309331845076
1757.0,-547.8037526945235,190.55458150828414,-547.4409272921737,190.38980026782085,-73.1263346268164,4.307676944785817,0.004524182071276428,0.10967968207551933
1758.0,-554.0221774724864,171.63748678142767,-553.624101440475,171.50977540755616,-67.80372160039678,3.0050146461687297,0.0026821537834988084,0.10113275517626895
1759.0,-559.5875588531835,152.51807754077842,-559.4454149905317,152.3989193006615,-61.76127225980702,1.8831537752826304,0.0011307068891510158,0.09144460489777603
1760.0,-564.4933367462219,133.21889043644143,-564.4434079524243,133.08751038782245,-55.6760290408212,0.7867208036702635,-0.0003778140818046148,0.08169842923138237
1761.0,-568.7337285566229,113.7626740283544,-568.6184386320386,113.64912091897651,-49.02521458197433,-0.023178187368461608,-0.0014287469316147728,0.07106219777678859
1762.0,-572.3037360009492,94.17236197184322,-572.5124996155679,94.20569966061039,-41.585872653850494,-1.0415512632191426,-0.0028114149682790033,0.05917442690544859
1763.0,-575.1991509989389,74.4710459849996,-574.9074336410882,74.42053443354517,-34.334136390746075,-1.724887808143837,-0.0036566704756974605,0.04760359949069222
1764.0,-577.4165606337021,54.68194862974605,-577.3149552267784,54.68560843536644,-26.603740259719235,-2.341827467175836,-0.004396867335631836,0.035270807076032265
1765.0,-578.9533511746341,34.82839593866997,-578.6198205980763,34.79485956565002,-18.608764390713205,-2.799293832335618,-0.004881346206976722,0.022530427130702465
1766.0,-579.8077111583016,14.933789919893428,-579.6660068610566,14.84986955866822,-11.214421164913126,-3.046856582174302,-0.005031088809072909,0.010749151762880285
1767.0,-580.0,0.0,-580.3812242157426,0.1226299044665321,-6.127024559456136,-3.259109650102244,-0.005188535954035861,0.0026435493430665455
1768.0,-579.9786335236718,-4.978419027610897,-580.5623435331161,-5.069675334166164,-3.741455101277303,-2.8305511321011223,-0.004442873867200628,-0.0011554205338818841
1769.0,-579.4659167991668,-24.88475975574185,-580.5123131004442,-24.60912673500628,4.490369216489573,-3.614967204568933,-0.005452011689721678,-0.014256163120896906
1770.0,-578.2701653401455,-44.76176803345508,-578.0610437095611,-44.8096367314476,12.842724043040711,-3.0780593172085937,-0.00435010114923224,-0.027519328062198076
1771.0,-576.3927886165291,-64.58601420478948,-576.8750698260304,-65.14705644854519,21.46324023500841,-2.603942944733834,-0.0033464496788908425,-0.041224781111774675
1772.0,-573.8359995514161,-84.33413080614066,-574.2086075106472,-83.78971961683506,28.943442734411523,-3.075189061725055,-0.0038681449781472156,-0.053097237051220394
1773.0,-570.6028119126394,-103.98284011022714,-571.675875829324,-103.57776929775339,36.740969181354586,-2.2002091299774165,-0.002233227458098107,-0.06547636753423762
1774.0,-566.6970367603434,-123.50898156428148,-566.3152993559829,-124.20296951318592,43.34609680424192,-0.6099398506943988,0.0005503609758483973,-0.07592310380894951
1775.0,-562.123277954767,-142.8895390901228,-561.7072191151794,-143.34871247838683,50.11858934158469,0.06314185130750179,0.0018560811703199312,-0.0866454254189641
1776.0,-556.8869267295289,-162.10166821393364,-556.5847930326457,-162.12944300913298,56.47889781029139,0.7721663668881081,0.003214535831905965,-0.09670543652953717
1777.0,-550.9941553368104,-181.1227229937612,-550.7610141133081,-181.1444196549713,62.52134830622723,1.691873580971837,0.004911171228215764,-0.10625097151526844
1778.0,-544.4519097719275,-199.93028271300213,-544.0985531457573,-199.99667121006345,67.6040505645873,2.830064369050524,0.0069535411426105915,-0.1142587484233687
1779.0,-537.2679015858669,-218.5021783084077,-537.050960544409,-218.47459054613284,72.78523861008786,3.866554519426957,0.008829465028415218,-0.1224185536332752
1780.0,-529.4505987954385,-236.81651850145843,-529.037503414704,-236.7669025766817,77.18466568034556,4.991487193386001,0.01084387643466143,-0.12932231869124347
1781.0,-521.0092159017565,-254.8517156023023,-520.7265797536267,-254.79190559919766,81.25301205330852,6.174125227210296,0.012946855047392626,-0.13569550938930436
1782.0,-511.9537030288173,-272.586510955846,-511.6191645921847,-272.4445842668196,84.93217813268917,7.526914681818294,0.015316078210768606,-0.14143954580279255
1783.0,-502.2947341949742,-290.0000000000003,-502.11553722992903,-289.86232270325263,88.46368668627319,8.508025468091207,0.017090879094433506,-0.14694372556505372
1784.0,-492.0436947311361,-307.07165690654784,-492.1212483406887,-306.93831765344476,91.50231790729622,9.395091432802758,0.01871181767265674,-0.15165745757075483
1785.0,-481.2126678605187,-323.7813587755819,-481.32003323283897,-323.6326002501434,94.02894390061806,10.58689612229891,0.020813088174052145,-0.1555464255441724
1786.0,-469.8144204557695,-340.1094093550037,-470.2241206138586,-340.6128949879629,96.54074592757648,12.009725978808808,0.02328554943146929,-0.15940819128993639
1787.0,-457.86238799025114,-356.03656225711524,-457.6514930054004,-355.8316305759392,98.31804521520212,12.926223975823703,0.02493058473893238,-0.16208287433049265
1788.0,-445.3706587012278,-371.5440436449419,-444.875355511422,-371.2243647004033,100.28469867759452,13.901661722460545,0.02667155652672073,-0.16505643152009414
1789.0,-432.3539569836137,-386.6135743615471,-432.7423300658579,-387.039857877091,102.03720664460796,15.289287162593467,0.029073722922168078,-0.1676970417442013
1790.0,-418.82762603386703,-401.227391476249,-418.80915670458404,-401.13901031269097,103.28838795895545,16.25811910188843,0.03078833878119086,-0.1695177194568661
1791.0,-404.80760976447897,-415.3682692223484,-404.6806110140287,-415.11329827168714,104.65975372326761,17.507304943807018,0.032947622522532666,-0.17152728394286107
1792.0,-390.31043401038295,-429.01953930168094,-390.95275415749796,-429.49666661006506,106.2135982261129,19.087115918469074,0.03563812250204817,-0.17383217958660319
1793.0,-375.35318704943126,-442.1651105320666,-375.00793763323605,-442.0974832032462,107.08338319157741,20.407849977207032,0.03789445790059599,-0.17502120961800566
1794.0,-359.953499459905,-454.78948781449225,-360.12074544758735,-454.44617889004417,108.00432012624672,21.45005199557957,0.03970440807090687,-0.17630460323346903
1795.0,-344.1295233387942,-466.877790397674,-344.8162574768444,-467.4045690702619,109.0875833071482,23.00545150391285,0.04233860432623426,-0.17784123648358716
1796.0,-327.8999109053506,-478.41576941846625,-327.92075942333076,-478.3868330441647,109.64938744387098,24.30929859804604,0.044548240915856956,-0.17852845683137414
1797.0,-311.283792515128,-489.38982469744786,-311.3344497738079,-489.02999811044833,110.30593195737912,25.52382803881686,0.04661157110997757,-0.17937024779391458
1798.0,-294.30075411043,-499.78702076987975,-294.7606171922336,-500.23041787214987,111.10501287535864,27.283295560186428,0.04954902187929819,-0.18043904529618934
1799.0,-276.97081413374286,-509.59510213314616,-276.73455417929137,-509.5471888807985,111.53288289868641,28.396491234029753,0.05143483006229248,-0.18089925688363492
1800.0,-259.3143999313658,-518.8025076927015,-259.3024762714984,-518.5153710769217,111.88714730381594,29.90752081834185,0.0539495414213635,-0.18124959601079313
1801.0,-241.3523236750548,-527.398384389497,-242.25693973480853,-527.755809743191,112.61177128436157,31.100906431784978,0.05596204101696699,-0.18219411467112562
1802.0,-223.1057578300604,-535.3725999928222,-223.15905382377233,-534.9242038498855,112.73329206139796,33.0894118230297,0.05921463676893455,-0.1821536297040183
1803.0,-204.59621019847475,-542.7157550434864,-205.4098499808832,-542.9812656747072,113.20916872708277,34.572693334148674,0.06167402723143649,-0.18269363692253224
1804.0,-185.84549856730806,-549.4191939332559,-185.46343696467878,-549.2654637873597,113.23244828336237,36.215522838850234,0.06436563399854227,-0.18248640430799945
1805.0,-166.87572499117658,-555.4750151074927,-166.80609618465826,-554.9140472724712,113.37273490205115,37.53972182915041,0.06654234019667926,-0.18248118144976266
1806.0,-147.70924973991222,-560.876080378966,-148.3023094244477,-561.2026293467451,113.47471784798324,39.162490575921055,0.06920207296617534,-0.18241687697486272
1807.0,-128.3686649418105,-565.616023341858,-128.62267243720473,-565.542160367805,113.51341253999858,40.7210283748052,0.07173570903174253,-0.18223744550962698
1808.0,-108.87676795357498,-569.6892568760476,-108.8244321427514,-569.2462723240291,113.3339052088955,42.339861265792216,0.07435752575678453,-0.18170928220718593
1809.0,-89.25653448835565,-573.0909797328247,-89.55516058019403,-573.1287286405384,113.50431369075851,43.985944258115445,0.07702489654364277,-0.18174450548344973
1810.0,-69.53109153355172,-575.8171821942732,-69.33124673879318,-575.5190174885915,113.15736845023012,45.64658550920702,0.07969716298445387,-0.18094464325916723
1811.0,-49.72369009030219,-577.8646507996518,-49.550705129664955,-577.2426660894754,113.08556649591384,47.15622942424316,0.08212094537597392,-0.18058811514317716
1812.0,-29.857677766800546,-579.2309721332017,-30.26692036958056,-578.8550411048074,112.75956191166091,49.21047283297605,0.08541012201718229,-0.179833094743827
1813.0,-9.956471257729936,-579.9145356689156,-10.800143796636144,-580.1958194637277,112.48628052256466,51.018167593652294,0.08830357806099935,-0.17915974481995697
1814.0,0.0,-580.0,0.0987492437017712,-579.7813515503514,112.27031132478402,51.81832994233519,0.0895720000143974,-0.1786825407187451
1815.0,0.0,-600.0,-0.5519979709083592,-600.1186670373339,113.56381462543693,51.07081588386248,0.08863136499106769,-0.18074918484427419
1816.0,0.0,-600.0,0.22371103602748857,-599.5939543007036,113.45812497143963,50.90132286975947,0.08835518233827676,-0.18057147444843707
1817.0,-29.90753139641804,-599.2541527313534,-31.25135918484267,-599.7077670524725,114.08232889829105,48.37538977459161,0.08433642881980628,-0.1819504001841002
1818.0,-59.74070795749008,-597.0184652192409,-60.37508772047266,-597.4068013798601,114.41802390902966,45.93052980778857,0.08041713346679497,-0.18284135290067946
1819.0,-89.42535970570448,-593.2984957350772,-90.05208312738482,-593.4981282432306,114.69187094336648,43.207489420179506,0.07603541067366083,-0.183640647349976
1820.0,-118.88768591963871,-588.1034927091263,-118.8689793583149,-587.8823129669679,114.8341233516389,40.75920727148575,0.07207007187584176,-0.18421996883577316
1821.0,-148.0544386141761,-581.4463717374467,-148.13144272927036,-580.8597200273504,114.71488784014859,38.55113343782305,0.06846980771723384,-0.18438857622035587
1822.0,-176.8531046465425,-573.3436834716845,-176.66767894967617,-572.7934511034523,114.4749947229467,36.15832193190619,0.064562742550015,-0.18435625697702135
1823.0,-205.21208599540122,-563.815572471545,-205.6298306393786,-564.1002266477972,114.43707331773267,33.91980995028369,0.06089357439548922,-0.1846506018721606
1824.0,-233.06087776481687,-552.8857271222446,-233.76449424009033,-553.283165716067,114.0710124228762,31.60817372866646,0.05708201483070866,-0.18441256232512052
1825.0,-260.330243470535,-540.5813207414515,-259.9061752397059,-540.3842037818291,113.38379615427931,29.17444822933977,0.05305064716037067,-0.18363898012191945
1826.0,-286.952387172791,-526.932944022137,-286.3374413445656,-526.8062337549112,112.6242613074915,27.159698157022593,0.0496777837987685,-0.1827538458676815
1827.0,-312.861122027699,-511.9745289792933,-312.8214821712574,-511.5712621190103,111.81282550959752,24.83129583618464,0.045785434125774356,-0.18178675501483296
1828.0,-337.9920348381732,-495.74326458959695,-337.56710606908115,-495.34076257521474,110.82106867985713,22.863786779839938,0.04245527171922669,-0.18051138398140035
1829.0,-362.28264619528636,-478.27950433375355,-362.9733041910894,-478.7032314756654,109.89873256225346,21.153154385755123,0.03952895631389418,-0.17935458947746571
1830.0,-385.67256581192356,-459.6266658713868,-385.3308701233166,-459.54731102802225,108.33227974646799,19.23919852318404,0.03624819891197537,-0.17713531489337275
1831.0,-408.1036426625517,-439.83112309789584,-408.28318826879286,-439.8530698561455,106.80146172021578,17.040326455521452,0.03250739048667804,-0.174980038752503
1832.0,-429.52010955583114,-418.9420908516436,-429.4219577475981,-418.72685048178477,104.87109108349301,15.202393664521862,0.02932349736355243,-0.17216664440049578
1833.0,-449.8687217806403,-397.01150255811575,-450.5006415826838,-397.5029236752769,102.99055836478988,13.520637845978312,0.026386970991791082,-0.16943183369130235
1834.0,-469.09888948081795,-374.09388111524004,-469.0122154893097,-373.91337962798474,100.22861895637426,11.60224276253117,0.02304484988246847,-0.16526278134103836
1835.0,-487.1628034295138,-350.246203340874,-487.09409533045874,-350.02656078384575,97.27921169641797,10.022247162084575,0.02023766756136646,-0.16079010218677653
1836.0,-504.01555389046285,-325.52775831945564,-504.27889718089654,-325.87710664350533,93.90972409997626,8.413338633313854,0.01738125239829646,-0.15563785792222573
1837.0,-519.6152422706632,-300.0,-519.7759598073038,-300.13837772759564,89.80908242117896,6.828499524575991,0.014543681101921469,-0.1493012760974979
1838.0,-533.9230852868812,-273.72639441189773,-533.5513503732033,-273.6742509182446,84.74701705150227,5.056346621194515,0.011399106713956567,-0.14141345567366134
1839.0,-546.903511387004,-246.77226187836683,-547.1170563155607,-246.75986368162194,78.9224537698571,3.4001117858111,0.008433507333909556,-0.13230951413005848
1840.0,-558.5242491865225,-219.2046146198372,-558.7538226373948,-219.47661273149075,72.4508430903215,1.6822901579313736,0.005365372065420511,-0.12215214099736332
1841.0,-568.756407700279,-191.0919901510105,-568.5650900405986,-191.08268107743297,64.68044596281226,0.00048396015449754065,0.0023409546577667154,-0.10990532819677813
1842.0,-577.5745481700072,-162.50428088580313,-577.758658231407,-162.63421898045763,55.89286549344041,-1.563139804248446,-0.0004960373981612319,-0.09603205288181466
1843.0,-584.9567473090942,-133.5125603737887,-584.8447691434418,-133.7226776930439,46.3985492842437,-2.8460718625456742,-0.002891966047255346,-0.08100816273020306
1844.0,-590.8846518073248,-104.1889066001582,-591.1214052122714,-104.25971561031774,36.10941018584332,-4.117459465079453,-0.005276274359869526,-0.0647093590451536
1845.0,-595.3435239601032,-74.60622278849107,-595.0774644827499,-74.79479911900121,24.632906619196657,-4.582635885601738,-0.006377481660141801,-0.04649238607527906
1846.0,-598.3222783087081,-44.83805615185447,-598.0407606052676,-44.89860018813861,12.481738060077175,-5.96822539965012,-0.008948853799962714,-0.02718949207723315
1847.0,-599.8135092004898,-14.958415042843894,-599.5725670929527,-15.362574397959357,-0.39420836421931077,-4.938738269524728,-0.007672101050440418,-0.006715546865599325
1848.0,-600.0,0.0,-600.8452544032534,0.12933262469016582,-5.7926609062704095,-5.238804501793788,-0.008339400256671459,0.0018607706385826597
1849.0,-599.8135092004898,14.958415042843894,-600.6902356365131,15.086175425803766,-11.354683550047275,-5.074776771173236,-0.008261518063367267,0.010714903122674814
1850.0,-598.3222783087081,44.83805615185447,-598.2432521038033,44.88596242018161,-22.38083279680463,-5.001601807186501,-0.008510013673956044,0.028293532822519618
1851.0,-595.3435239601032,74.60622278849107,-597.1176411059884,74.86816195986718,-33.47005438335219,-4.356469787734066,-0.007850445359902005,0.04595636245527701
1852.0,-590.8846518073248,104.1889066001582,-592.6374719904928,104.6303381171039,-44.62113616393435,-3.179079771688386,-0.006341067513872105,0.06375872882690788
1853.0,-584.9567473090942,133.5125603737887,-585.0968363504876,133.55028715553874,-55.54111516616183,-1.5218684627630372,-0.004057715629541653,0.08123076515366258
1854.0,-577.5745481700072,162.50428088580313,-577.9110617592852,162.34212609730864,-64.72781016126011,0.32544364392232866,-0.0014702399678406582,0.09593984833161226
1855.0,-568.756407700279,191.0919901510105,-568.1838128920663,191.27551675749848,-73.0945287515735,1.7199569792292777,0.0003948504868968935,0.10937502389567011
1856.0,-558.5242491865225,219.2046146198372,-558.743137717901,219.32081512959658,-80.08856582049007,3.605961703679436,0.00305305022448602,0.12062199930527151
1857.0,-546.903511387004,246.77226187836683,-546.4324131290908,246.57746620091106,-86.62260898419032,5.6694017554724425,0.006003305598429998,0.13117202109411907
1858.0,-533.9230852868812,273.72639441189773,-533.5110642064132,274.0617470723871,-92.12071999759159,7.447118464595022,0.008496030372959403,0.14008078395833884
1859.0,-519.6152422706632,300.0,-520.1461356231762,300.2098241955328,-96.42065704740112,9.372368492881174,0.011239926168701004,0.1470880262407312
1860.0,-504.01555389046285,325.52775831945564,-503.2666312503379,325.3040940927275,-100.33711195326846,11.653671093993582,0.014563403182608863,0.15352798064951287
1861.0,-487.1628034295138,350.246203340874,-486.8548193818435,350.7152843126789,-103.64911381477862,13.412688897179436,0.01705175680900405,0.159000190342118
1862.0,-469.09888948081795,374.09388111524004,-469.898925428844,374.13047734307946,-105.98304927510833,15.431059612345258,0.019977328338298992,0.16292242236905188
1863.0,-449.8687217806403,397.01150255811575,-449.11739952476546,396.8336211905453,-108.47831444000053,17.66812826128852,0.023259688886666734,0.1671482710061916
1864.0,-429.52010955583114,418.9420908516436,-428.86584333002764,419.22245221999054,-110.30915614098062,19.60777598326581,0.026072538708533675,0.17031016633280002
1865.0,-408.1036426625517,439.83112309789584,-408.1298221419632,440.4005643524999,-111.69937858874493,21.50629047825419,0.028834750607879645,0.17277672756733115
1866.0,-385.67256581192356,459.6266658713868,-386.19254251854494,459.6838055436254,-112.66552095067046,23.545738078389277,0.03184447094353252,0.17458305616205022
1867.0,-362.28264619528636,478.2795043337535,-361.5626779010845,478.14114636710383,-114.06655933504378,25.92080875575054,0.03539846677614464,0.17711451928917968
1868.0,-337.9920348381732,495.74326458959695,-337.7208847690642,495.61639766087086,-115.00269064620103,28.081041277223317,0.03862256468783996,0.1788964083383994
1869.0,-312.86112202769885,511.9745289792934,-312.3331252737859,511.7625180770288,-115.53560300448908,30.28134945048836,0.04192672281013894,0.18005548790075457
1870.0,-286.9523871727909,526.9329440221371,-286.88937368537296,527.4895162781435,-116.2539815922046,32.34797331770607,0.04502324872962274,0.18151043186865534
1871.0,-260.330243470535,540.5813207414515,-259.93370927346695,540.7761808032318,-116.39214767206329,34.73052623395307,0.04865247804762615,0.18206045530519702
1872.0,-233.06087776481687,552.8857271222446,-233.74522301155199,553.1246943902872,-116.53936636144444,37.03994151755532,0.052176794717101974,0.18261549080728237
1873.0,-205.21208599540122,563.815572471545,-205.87903387251595,563.9309214165627,-116.62844452006009,39.37584605063247,0.0557621586781741,0.18309853956233615
1874.0,-176.8531046465425,573.3436834716845,-177.1065005055724,572.9505092239737,-116.49470039448835,41.91673639884507,0.05969564861871507,0.18323805561096634
1875.0,-148.05443861417623,581.4463717374467,-147.99832193572547,581.4528302173832,-116.33136211079461,44.41374048134446,0.06356562635067313,0.18333458173177317
1876.0,-118.88768591963856,588.1034927091263,-119.20713433966661,588.4276644662247,-116.04534842152684,46.856518144996635,0.06736800714529555,0.18323198170079452
1877.0,-89.42535970570465,593.2984957350772,-89.64173221242346,593.2967941564121,-115.50808169486022,49.37509011523193,0.07131680683203123,0.1827389818254868
1878.0,-59.74070795748994,597.0184652192409,-60.0660159932984,597.1093712520361,-114.94884815987865,52.017922311960824,0.07547631238249099,0.1822111470053098
1879.0,-29.90753139641834,599.2541527313534,-30.15660207863735,599.3253692773516,-114.27373261711288,54.56869050967426,0.07950884678826992,0.18150296702821442
1880.0,0.0,600.0,-0.6457854868222336,600.0118967743198,-113.40573679213348,57.32893977523847,0.08389351205244258,0.1804829269371271
1881.0,0.0,620.0,0.6412148862486134,619.7046995562482,-114.6586922110606,57.13395691994813,0.0833420099786436,0.18249282927974123
1882.0,-19.973850494387104,619.6781788125413,-19.98082809064422,619.8837620589735,-115.27623605278181,55.21160599683183,0.08028030048731825,0.18322312322871917
1883.0,-39.92696547818008,618.7130493433157,-40.42287065818453,618.9053719710431,-115.6543258046383,53.640045864171015,0.07779106716939108,0.18357451861737176
1884.0,-59.83863096699931,617.1056135249421,-59.15593314245471,616.4779152680178,-116.20929252059881,51.94488411295245,0.07512286244531088,0.18422835227030354
1885.0,-79.6881760065487,614.8575400893685,-79.59638195270577,614.8165745304001,-116.63658945065451,50.05426901983578,0.07213420146471723,0.1846580828341185
1886.0,-99.45499413181132,611.971162835506,-100.0633324866104,611.9856430991362,-116.91970868259239,48.60074118007827,0.06985551039896445,0.18485802289865222
1887.0,-119.11856475929925,608.4494782064363,-118.95372464385694,608.4114285406459,-117.32802715571451,46.8504823376252,0.06711366024303007,0.1852765318119126
1888.0,-138.65847449014436,604.2961421787053,-138.24628407579098,604.4498069554655,-117.50088049773707,45.15810239695728,0.06446867178363996,0.18531536099806747
1889.0,-158.05443830191987,599.5154664669333,-158.23972851713347,599.5365475754373,-117.46991629457237,43.489597848567094,0.06187333687349887,0.18502122076647246
1890.0,-177.28632060718732,594.112414047683,-176.58751022673812,593.826185101614,-117.8679369686479,41.96952371596331,0.05952399840709874,0.1854299855589522
1891.0,-196.334156156913,588.0925940072302,-196.56561752289153,588.4895452876882,-118.01842251181732,40.19534597700754,0.056765664519337636,0.1854248194014767
1892.0,-215.17817076704782,581.4622557185868,-215.71611195087925,581.4467001178028,-117.92973326484325,38.48030816586939,0.05412235060074591,0.1850491304952022
1893.0,-233.79880184675872,574.2282823538214,-234.18025418261053,574.1977292228316,-117.6592404078274,36.98187959689403,0.05182630541441329,0.18439249789355414
1894.0,-252.17671870699613,566.3981837384125,-251.93494389768003,566.305893289326,-117.76622670557258,35.418324710863175,0.049434481625919735,0.1843453306715745
1895.0,-270.2928426283182,557.9800885550516,-270.3849570409467,558.5667650294471,-117.7757703059991,33.7191845834231,0.046824997016884244,0.18413456297296854
1896.0,-288.1283666671365,548.9827359049901,-288.84669606126363,549.2339766066533,-117.3554227453112,32.23481831932818,0.04457685314061268,0.18323945863503568
1897.0,-305.6647751798214,539.4154662356923,-304.74243591491546,539.250670705885,-117.37403753844337,30.833085280091083,0.0424681909962434,0.18307441030370097
1898.0,-322.8838630444006,529.2882116442088,-322.7777292498479,529.7559867059564,-116.95281259836717,29.2401810736467,0.040049286350333536,0.1821831322418418
1899.0,-339.7677545598954,518.6114855663405,-340.58843351797634,518.6272432043955,-116.36564700283868,27.74181102197812,0.03780084976704546,0.18103050196043946
1900.0,-356.29892200367186,507.3963718622959,-355.52510756750706,507.1513171761085,-116.25515011457365,26.471013581847213,0.035918858179128994,0.18067171165893653
1901.0,-372.460203827547,495.65451331017067,-372.7661144941465,495.6713733396554,-115.2605820488276,24.800490937361342,0.03340073337568502,0.17887765727579033
1902.0,-388.23482247375455,483.3980995191978,-387.25507165294556,483.189156816835,-114.92018532371485,23.620567268942807,0.03167569589980964,0.1781584531963987
1903.0,-403.6064017922802,470.63985427531355,-403.4713459872981,471.2830917680062,-114.19056341643234,22.035743557745718,0.029299183879799483,0.17679862359323698
1904.0,-418.55898404148115,457.3930223321767,-419.42058615067185,457.5582719186029,-113.16042142474596,20.551964533865483,0.027105763715087338,0.17496377178101016
1905.0,-433.0770464543411,443.67135566135494,-431.85057877560183,443.3384239669649,-112.49712800056426,19.470190123317604,0.025558216359689512,0.1737558777267582
1906.0,-447.1455173531651,429.4890991759515,-447.42837576684724,430.078971465472,-111.43492274288424,17.931236672215956,0.02327128402544698,0.17187454469623795
1907.0,-460.74979179598444,414.86097594249213,-461.36807638327247,415.0196246229091,-110.03539448214353,16.504218871855844,0.02118454606960729,0.16947640715402298
1908.0,-473.87574673842596,399.8021718964258,-472.80378579043554,399.48419505326547,-108.84155215661694,15.482538474230472,0.019748753198663115,0.1674362952573549
1909.0,-486.50975569530846,384.32832007710704,-487.1446743711371,384.4396080218625,-107.03480338791131,13.856296271583844,0.017344758995732294,0.1643851328093152
1910.0,-498.6387028867457,368.45548439862273,-498.970741521327,368.56260613270433,-105.53583652382918,12.538891703054764,0.015442489715807896,0.1618546194262608
1911.0,-510.2499968540671,352.20014297331653,-509.5539444189448,351.97688492771243,-103.78988360168898,11.49362769345457,0.013982025253810846,0.15894623684784273
1912.0,-521.3315835314256,335.57917100531745,-520.7156953510448,336.0375784990579,-101.85936415870901,9.90902062208063,0.011655253024548536,0.15573702206613257
1913.0,-531.8719587595206,318.6098232718364,-532.5854879093737,318.74791428192117,-99.13563716878792,8.685062093942065,0.009919008574235815,0.15125670689789975
1914.0,-541.8601802284412,301.3097162104156,-541.8936838549342,301.4548416039003,-96.56227359976386,7.229344778287106,0.00781395030086889,0.14704707435084943
1915.0,-551.2858788372401,283.696809630725,-550.8734943220179,283.5356513659373,-93.77940940810701,6.190315639731107,0.006379739903405093,0.14250803293511685
1916.0,-560.139269458437,265.7893880698936,-560.0433527029508,265.5844270220352,-90.46580818576012,4.861428192654468,0.004484598000794519,0.13712196978857685
1917.0,-568.411161096281,247.60604181073134,-567.8641216156632,247.5303351150672,-86.51277416143098,3.548587443544103,0.0026162550274544632,0.1307347399920488
1918.0,-576.0929664282258,229.1656475825446,-575.688810502602,228.9785838083591,-82.37458407381705,2.3170578107475426,0.0008834175361786035,0.12405277716055065
1919.0,-583.1767107197107,210.48734896458475,-582.8706041426209,210.27196606206826,-77.83273416135494,1.108206791770141,-0.000811429175095157,0.11673624328517841
1920.0,-589.6550401029951,191.59053651246737,-589.0952259475947,191.3544342405669,-73.04200585428289,-0.09020783013762645,-0.0024870827855946985,0.10903532959999332
1921.0,-595.5212292114509,172.4948276282004,-595.057807504125,172.32351442936886,-67.4787511214635,-1.3788283569408808,-0.004304914893062478,0.10010811112135397
1922.0,-600.7691881613847,153.22004619471528,-600.3648727725935,153.0244702643114,-61.64343942865296,-2.4138763003831634,-0.005715889988097704,0.0907559286330595
1923.0,-605.3934688741488,133.78620199603972,-605.3096218811389,133.61976791605426,-55.20447744873306,-3.497620647642019,-0.00720307382401176,0.08044744415002333
1924.0,-609.3892707319679,114.21346994448714,-609.1135878082958,114.0428933407248,-48.92101248735946,-4.648434095731631,-0.008794892860591168,0.0704004119990382
1925.0,-612.7524455616208,94.5221691364142,-612.4343930727233,94.39331706322479,-41.17837334693153,-5.577310636342202,-0.010032597962598248,0.058036949269296256
1926.0,-615.4795019407935,74.73274175830011,-615.3527682829541,74.58343405416306,-33.838741522259106,-6.495208898860966,-0.011250867320163378,0.046319821153557345
1927.0,-617.56760882264,54.86573186504213,-617.6108873196628,54.76556806662098,-26.229384466753785,-7.201067851337157,-0.012131567867176927,0.03418149813962685
1928.0,-619.0145984747854,34.94176405249511,-618.9218351949374,34.81503611650537,-18.640059188462313,-7.398090592569173,-0.01220080567530932,0.02208665666883955
1929.0,-619.8189687297196,14.981522046402041,-619.8069849575106,14.883437186482352,-11.656335299376295,-6.630690211163937,-0.010735348283626751,0.010960874482340663
1930.0,-620.0,0.0,-620.7313817749059,-0.1434134785328979,-6.183184772208858,-6.970866724564021,-0.011092722587510819,0.0022387638127489527
1931.0,-619.9798845442473,-4.994272770062016,-618.9528696281535,-5.229206177717727,-4.552495049852227,-6.962776843774658,-0.01101756157713026,-0.0003347780968612502
1932.0,-619.4971788663731,-24.96488286783753,-617.7950204298965,-25.28506402729441,3.042559984952303,-7.178313535121334,-0.011114975328598396,-0.012408503467582857
1933.0,-618.3713528087245,-44.909576100292746,-618.3238795649185,-44.93202313689354,11.826388942288437,-7.832246410179334,-0.01191512604854479,-0.026394878369399757
1934.0,-616.6035751283295,-64.80764722594516,-616.3368202946617,-64.90044896159775,20.008551261750284,-7.495098063148869,-0.01113398501934303,-0.03939285869165002
1935.0,-614.1956810132922,-84.63843940325383,-614.0541165074815,-84.70191821901234,27.862008996484075,-6.445786969806534,-0.009221446489077152,-0.05186406866875769
1936.0,-611.1501701776235,-104.38136563516407,-610.9562807611428,-104.45480755591534,35.35739960137579,-6.069014856757211,-0.008379881947136007,-0.06375541421014438
1937.0,-607.470204266206,-124.01593014114763,-607.4037266517927,-124.0955045951747,42.52433605973507,-5.521481884331073,-0.007267917072656029,-0.07511843981807871
1938.0,-603.1596035725859,-143.52174963454496,-602.8686387223141,-143.53715279119217,49.04613791943738,-4.736095088558969,-0.005779833826771054,-0.08544266875761453
1939.0,-598.2228430730019,-162.87857448312386,-598.1589553407537,-162.85683751430335,55.2446929854041,-3.8530956923995503,-0.004137888985633055,-0.09525029618076905
1940.0,-592.665047780764,-182.06630973089122,-592.3460249303794,-182.09739297400333,61.04741438467878,-2.8114169687704362,-0.0022443672451043545,-0.10441442332052948
1941.0,-586.4919874258096,-201.0650359593234,-586.0218343252308,-201.0784637528382,66.55286597376407,-1.6978456606270873,-0.00023960280445170436,-0.11309916947331823
1942.0,-579.7100704649572,-219.85502996637214,-579.2233003417758,-219.88945256836655,71.43799454476193,-0.6613986627503129,0.0016403314948957146,-0.1207908316091984
1943.0,-572.3263374290761,-238.41678524176777,-572.1913734745632,-238.3112798704075,76.02326723274174,0.3327163066527837,0.003448126227918119,-0.12800239992878784
1944.0,-564.3484536140813,-256.7310322173676,-563.7706073186572,-256.6291193779671,80.63692252367512,1.5342355703630837,0.00558474161181738,-0.13524213148686534
1945.0,-555.7847011233363,-274.77875827152974,-556.1371788945429,-274.78638197016215,84.46867444603045,2.6315427580535466,0.007553531744306222,-0.1412470676874903
1946.0,-546.6439702697302,-292.54122746673903,-546.8270721372305,-292.4563654424812,87.79743829458029,3.676869458554,0.009433624667827226,-0.1464309392714312
1947.0,-536.9357503463519,-310.0,-537.1845653842755,-310.4354827622581,90.97874167304741,5.088921506322858,0.011901165062940115,-0.15137604933439996
1948.0,-526.670119775343,-327.13695134580246,-527.3072951148828,-327.50502448982587,93.69703322711804,6.036312978079393,0.01361803563512828,-0.15558137804932487
1949.0,-515.8577356451561,-343.9342910717863,-515.4790658407803,-343.8430514116155,95.91791776869799,7.023602787926795,0.015389447542618534,-0.15897116557458216
1950.0,-504.50982264708205,-360.3745813075748,-504.4361523786274,-360.1724418193451,98.06892730670035,8.153144147181294,0.0173871540514616,-0.16225936131910415
1951.0,-492.6381614225275,-376.4407548476012,-493.29013892297525,-376.83937105507863,100.28779398250849,9.396535461971839,0.019570192221117656,-0.16565429238986132
1952.0,-480.2550763331457,-392.1161328691341,-479.9297169437547,-391.9751055101204,101.9001547319785,10.223334193204929,0.02107145020054856,-0.1680568194975928
1953.0,-467.3734226665103,-407.38444224711316,-468.01276741549026,-407.92221782417624,103.939940808127,11.793343496338359,0.02376550146536781,-0.17115729330870658
1954.0,-454.00657329061943,-422.2298324478143,-453.46104116571223,-422.0926982081419,105.08672641579187,12.796798908755392,0.025536095844783033,-0.17280424469336553
1955.0,-440.16840477108207,-436.63689198380945,-440.1110888041856,-436.30476443313546,106.40215615306283,13.881206744361185,0.02743603930792272,-0.1747343196387333
1956.0,-425.8732829653984,-450.59066441313854,-426.6149766121138,-451.162280903661,107.65525915266369,15.319023278894173,0.029906354996368352,-0.17656340848475163
1957.0,-411.13604810929286,-464.0766638660828,-410.9509874583382,-463.97991903652013,108.69881057195857,16.425303915232945,0.03182403258005239,-0.17803243570204838
1958.0,-395.9719994105756,-477.08089008342296,-395.9124544398026,-476.76424800175755,109.51723311986125,17.68181025272055,0.033980393856437044,-0.17915081913651765
1959.0,-380.39687916653344,-489.58984295056786,-380.76255190204364,-490.01337576732254,110.72812264720692,18.984184690975116,0.03621544886079274,-0.18089246922929333
1960.0,-364.42685642133335,-501.5905365124674,-364.0684048096262,-501.5413545739225,111.38378552673498,20.47256962640777,0.038725469901469904,-0.18173153634553693
1961.0,-348.078510180406,-513.070512454759,-348.4353273979098,-512.6207278064891,112.07438745623057,21.667683626516666,0.04076324169163255,-0.18263920557846683
1962.0,-331.3688121992366,-524.0178530371528,-332.1049818809583,-524.4564743866082,112.940184542466,23.173179985758107,0.043304265632707645,-0.18381716713983726
1963.0,-314.31510936442595,-534.4211934656306,-313.94912026058455,-534.205118020155,113.3018567231694,24.410436544996838,0.045392811979573115,-0.18417043194850205
1964.0,-296.9351056853187,-544.269733690611,-296.8998174415872,-543.83713772176,113.71954109471415,25.74736478540775,0.04763856244375632,-0.18462639492324545
1965.0,-279.2468439148897,-553.5532496188358,-279.78370034647105,-554.0489861342368,114.32065349346037,27.166516588495586,0.050022276918817936,-0.18537347439766894
1966.0,-261.2686868189679,-562.2621037273382,-261.2862952971457,-562.2438743930508,114.61576153482254,28.69373676286205,0.052553285892404746,-0.18561661621513698
1967.0,-243.01929811324646,-570.3872550684711,-242.9469703714254,-569.7992813581417,114.87360570837406,29.987111518280233,0.05470428661248574,-0.18580238674798233
1968.0,-224.51762308786633,-577.9202686556121,-224.46533666959576,-577.9310324517854,115.39523087708208,31.779027586999025,0.0576557989469466,-0.186406234921836
1969.0,-205.78286893968735,-584.8533242198008,-206.37458820205202,-584.5731908209737,115.48196736739625,33.155938385184776,0.059928566877577104,-0.18632272342793876
1970.0,-186.8344848326673,-591.1792243282165,-187.38099461109775,-591.4794279015175,115.70900734840616,34.89926674521644,0.06278774063505593,-0.18645145475508118
1971.0,-167.69214170704373,-596.8914018560703,-167.15269088146601,-596.6714023853657,115.73610910093333,36.26225867951924,0.0650205956430929,-0.18624685304689115
1972.0,-148.37571185828546,-601.9839268041524,-148.20734864309307,-601.3937802155684,115.78581386732982,37.74249381383924,0.06743429786191886,-0.18609393754713976
1973.0,-128.9052483070108,-606.4515124549596,-129.68287126815707,-606.9140978161983,115.99639956397726,39.310486450311856,0.06999744283007575,-0.18620222632093983
1974.0,-109.30096398128448,-610.2895208610107,-109.75480624660429,-610.3154913487418,115.84499714916149,40.84901953489046,0.07248775105960319,-0.18571720342211112
1975.0,-89.58321073291675,-613.4939676596517,-89.94429467958808,-612.9351574573975,115.65058840951701,42.39249047051471,0.07497634432859948,-0.18516517350544398
1976.0,-69.77245820953533,-616.061526209354,-70.40773490540437,-616.1586017293656,115.52122506028677,44.49151131381785,0.07835651719179534,-0.18472002162304924
1977.0,-49.889272604369715,-617.9895310432103,-50.0108316618521,-617.4688247992949,115.35954146008419,46.01245522688995,0.08079322087749717,-0.1842128938604833
1978.0,-29.954295305814426,-619.2759806360425,-29.955180207963224,-619.1658157862839,115.2303218111929,47.7331896742748,0.08355263781057501,-0.1837616133825624
1979.0,-9.988221468920441,-619.9195394822523,-10.264394954245894,-619.7780629033131,114.92574632336226,49.29697344188165,0.08604897514982256,-0.18303571392542428
1980.0,0.0,-620.0,0.0655766701558483,-619.7558468180065,114.73482273375032,50.19851879081637,0.0874835570570732,-0.18260533871278695
1981.0,0.0,-630.0,-0.5397834655847265,-630.0520626127835,115.35370723486399,49.810663883348525,0.0869923642753254,-0.18359773781749852
1982.0,-29.97660696895787,-629.2864236852951,-30.18864593478344,-629.2726560323521,115.74162192251742,47.20614463445321,0.08283759777568266,-0.1845782320321924
1983.0,-59.88530728163491,-627.1473112210433,-60.843686970190326,-627.3559962597475,116.04058370168678,45.046174970372846,0.07937642600577546,-0.18542947593761352
1984.0,-89.65834811216969,-623.5875083849876,-90.26401955782454,-624.0812670927979,116.39084094201093,42.49590247966562,0.07527743575523486,-0.18634723766418088
1985.0,-119.22828394705873,-618.6150792755052,-119.95798747507548,-618.9312371338779,116.58031560428931,40.01517686033747,0.07126616603033575,-0.1870124571746162
1986.0,-148.52812937093904,-612.2412880438313,-149.11211149750184,-612.4760836380334,116.47596397474247,37.61180036810889,0.06736201745210413,-0.1872034261639736
1987.0,-177.49151081010078,-604.4805733771334,-178.33298811549926,-604.7828440980511,116.44042510555158,35.05906235748648,0.0632049898280772,-0.1875047315801425
1988.0,-206.05281688997562,-595.3505157902412,-206.07790607569504,-595.2945286685474,116.083146729268,32.68652629496705,0.059312778266283825,-0.18727589664125316
1989.0,-234.1473470660063,-584.8717978001258,-234.06672357382774,-584.7029632663679,115.74330809981325,30.47710667000104,0.055666663105366915,-0.187077804952529
1990.0,-261.71145819118834,-573.0681570733466,-262.7924061973149,-573.5011691310306,115.51413618936193,28.57214586831766,0.05249763575664371,-0.18706486918465612
1991.0,-288.68270868826863,-559.9663326526017,-288.1172506273471,-559.7397424786224,114.69624400751763,26.368161499133365,0.04882134986923695,-0.18607330603078368
1992.0,-315.0,-545.5960043841964,-314.52576919516406,-545.4190149726818,113.88914405325187,24.190070913849578,0.045179425476481495,-0.18511219096833856
1993.0,-340.6037149970264,-529.9897256836441,-340.17303032002127,-529.5035514606067,112.9794178811285,22.026180482827083,0.04154057064255615,-0.1839784181080131
1994.0,-365.43585302985474,-513.1828497917115,-365.09310436260085,-512.7242395409596,112.12683707810687,19.993043790620373,0.03809923731922148,-0.1829266890868924
1995.0,-389.4401613189813,-495.21344968795603,-389.65659250266475,-494.7887144796441,110.91780251395839,17.887368215879725,0.0345282946676914,-0.1813032791872271
1996.0,-412.56226238552955,-476.1222318431827,-413.33111885218386,-476.7338276275744,109.73257744235983,16.387757601430966,0.0319204725382006,-0.17970687618094802
1997.0,-434.7497772337305,-455.9524440061943,-434.679484063465,-455.93295191032104,108.02800209405069,14.467159450546603,0.028608997883535995,-0.17725541310496923
1998.0,-455.9524440061943,-434.7497772337305,-455.71052964631417,-434.3663571648835,106.05914289143486,12.464905488535011,0.025158186228975695,-0.1743794430061867
1999.0,-476.12223184318276,-412.56226238552955,-476.8715022388019,-413.0278096249777,104.29641916139053,10.764849835255651,0.022191131008642288,-0.17183313891402982
2000.0,-495.21344968795603,-389.4401613189813,-494.66774761354435,-389.3356832004894,101.39168258108442,9.002502725395837,0.019096111639288094,-0.16742805719698292
2001.0,-513.1828497917114,-365.43585302985497,-513.6184041355338,-365.2405163618255,98.71690004669362,7.076880638005413,0.015736296047343456,-0.16340309675285225
2002.0,-529.989725683644,-340.60371499702666,-530.4614718741893,-341.01531047749086,95.5645783664736,6.006433801091452,0.013735941553966116,-0.15859229757028298
2003.0,-545.5960043841964,-315.0,-544.720570632269,-314.8427228193708,91.35643896469132,4.148288008082278,0.01045807570352711,-0.15206946649580277
2004.0,-559.9663326526017,-288.68270868826863,-560.0116634162185,-288.6032927375705,86.87189565692593,2.379432812025429,0.007321501634504554,-0.14511936374488912
2005.0,-573.0681570733465,-261.71145819118857,-573.3285471824315,-262.1599542968221,81.40018305748696,0.9459547293310605,0.004716199559257102,-0.13657395418531
2006.0,-584.8717978001258,-234.1473470660063,-584.4091286951633,-234.1364926836411,74.80484807524878,-0.9429139760881552,0.001366769071940596,-0.1262128561287894
2007.0,-595.3505157902412,-206.05281688997562,-595.7684966000984,-206.10529875096321,67.7552223209618,-2.633512348661944,-0.001667199077474767,-0.11513214614192492
2008.0,-604.4805733771334,-177.49151081010078,-604.5788395860508,-177.8124879336514,59.48839694917229,-3.961804791182871,-0.0041277434449846235,-0.10208298495747942
2009.0,-612.2412880438313,-148.52812937093904,-612.336095916923,-148.60613963651838,50.46515560266018,-5.610247773045326,-0.007109011289923823,-0.08781705323523069
2010.0,-618.6150792755052,-119.22828394705873,-618.7737662824684,-119.45634464540554,40.550642438578336,-6.673964325943774,-0.009158965512797497,-0.07211645742541653
2011.0,-623.5875083849876,-89.65834811216969,-623.5710944434669,-89.7466378492959,29.270628740839953,-7.371728506366694,-0.010633345670200208,-0.05422251079186366
2012.0,-627.1473112210433,-59.88530728163522,-627.1933795059454,-59.9291194594169,17.861833092197735,-8.976743788959991,-0.01355298116862684,-0.036109210596687424
2013.0,-629.2864236852951,-29.97660696895787,-629.0604481498973,-30.139529848414266,5.395349551026887,-8.593184010644913,-0.013307359117527909,-0.016291051750207088
2014.0,-630.0,0.0,-628.5842513399208,-0.24651506677978707,-6.444633024704647,-8.061770776321906,-0.012827687627919053,0.002558697749701759
2015.0,-630.0,0.0,-629.5376284568521,-0.29952401022884434,-6.522889221669232,-7.892227852031862,-0.012557202484156562,0.0026715703717598094
2016.0,-629.2864236852951,29.97660696895787,-628.0795230622531,29.832066797301525,-17.521360183669334,-7.873376092240119,-0.01289621975176572,0.020194037949520304
2017.0,-627.1473112210433,59.88530728163522,-624.5356473694301,59.98260326159964,-29.64625877940196,-7.9835318498868615,-0.013440790887282823,0.0395348151589765
2018.0,-623.5875083849876,89.65834811216969,-623.2033343987849,89.60361698403155,-39.43523157367128,-7.020056678286039,-0.012270140277684805,0.05513076603978402
2019.0,-618.6150792755052,119.22828394705873,-618.3143873697062,119.22640766988614,-50.26396662314346,-5.499655014725818,-0.010213135389167948,0.0724251079469761
2020.0,-612.2412880438313,148.52812937093904,-611.9210714527945,148.40451759072295,-60.25353319871285,-3.882478251766005,-0.007996662153009152,0.08840229571204021
2021.0,-604.4805733771334,177.49151081010078,-603.997380343519,177.60026924736374,-68.85902937648699,-2.368429188431431,-0.005944537806360672,0.10219540948660472
2022.0,-595.3505157902412,206.05281688997562,-595.878387348475,206.22013200168809,-76.57542384393845,-0.6901302348263916,-0.0036239487445604004,0.11457586579697275
2023.0,-584.8717978001258,234.1473470660063,-584.4653502982582,233.94789325745398,-83.6061380315722,1.5180693799226983,-0.0004490710442217833,0.1259053701163839
2024.0,-573.0681570733465,261.71145819118857,-572.4515174016495,262.0677771773516,-89.60435722971357,3.202367958961226,0.0018871899452441443,0.13559896555327347
2025.0,-559.9663326526017,288.68270868826863,-560.5228377858764,288.9056840179198,-94.38735902638543,5.144460596521518,0.004649443260356363,0.1433574395564912
2026.0,-545.5960043841964,315.0,-544.8124904294956,314.78238099477613,-98.9431246084444,7.438493031839596,0.007983598071431858,0.15080056987388366
2027.0,-529.989725683644,340.60371499702666,-529.6464689172632,341.10724767313536,-102.38462344718005,9.10977004606365,0.010321118124287591,0.15646362324620172
2028.0,-513.1828497917114,365.43585302985497,-514.1046910222481,365.5562049889947,-105.13448530107316,11.198812973851375,0.013346507490203767,0.16103050404711716
2029.0,-495.21344968795603,389.4401613189813,-494.36733745756766,389.17734734006893,-108.03802289422133,13.341405650896823,0.01646726215649279,0.16589335048479434
2030.0,-476.12223184318276,412.56226238552955,-475.63906626163265,413.2226021493312,-110.27238227413552,15.069367994969786,0.018922918058528068,0.16967880851362108
2031.0,-455.9524440061943,434.7497772337305,-457.0587761636048,434.88886010445066,-111.72299828915182,17.09722468173304,0.021885006140940584,0.1722150879155666
2032.0,-434.7497772337305,455.9524440061943,-433.72195460652705,455.77145012096054,-113.5384631406468,19.311524259891343,0.025153424861035743,0.17539029538731984
2033.0,-412.56226238552955,476.12223184318276,-412.0807538643741,476.201000731908,-114.88317324444411,21.418932753454424,0.028257269497582442,0.17779550718615275
2034.0,-389.4401613189813,495.21344968795603,-389.72442591412533,495.9752111070174,-115.72227686630224,23.281705920665274,0.030979790853780116,0.1794047794199032
2035.0,-365.43585302985485,513.1828497917115,-366.2299645240378,513.1850411583363,-116.29587623650941,25.50987674449925,0.034315266538691616,0.1806054272023932
2036.0,-340.6037149970264,529.9897256836441,-341.2707725431245,530.0028455644929,-116.96360387803158,27.7965418615595,0.03774863991014043,0.18197382329733702
2037.0,-315.0,545.5960043841964,-314.5255415893167,545.4674638703877,-117.97034663083399,29.95452913203259,0.04099378856154077,0.18390365227055927
2038.0,-288.68270868826846,559.9663326526017,-288.35921977676884,560.3134638340126,-118.19450349135843,32.249982538177456,0.04446529756499539,0.18458086722773365
2039.0,-261.71145819118846,573.0681570733466,-261.85144698259757,573.5460842647736,-118.53052330106118,34.46479269327474,0.04782821786350726,0.18544029933892228
2040.0,-234.1473470660063,584.8717978001258,-233.87216192370093,585.0482521100006,-118.62339772303744,36.96876433640032,0.051672545769603694,0.18593077511742961
2041.0,-206.05281688997562,595.3505157902412,-206.5039906061012,595.2810822539408,-118.48904339254659,39.28414226115676,0.05523226299494653,0.1860521208108488
2042.0,-177.49151081010066,604.4805733771334,-178.30871466750594,604.5474688682516,-118.10962122087007,41.6799059839738,0.058931754199135336,0.1857935584489471
2043.0,-148.52812937093918,612.2412880438312,-147.94974490752796,612.1084859620712,-118.16571245921136,44.36290937167045,0.06310928714275298,0.18625463590644828
2044.0,-119.2282839470584,618.6150792755052,-118.94046657775671,618.50280504782,-117.82510353810818,46.71843767342889,0.06677991581855892,0.1860678158166103
2045.0,-89.65834811216969,623.5875083849876,-89.64010367951266,623.6082803312815,-117.35219190328536,49.43422946089603,0.07103970607510691,0.18567399432285606
2046.0,-59.88530728163507,627.1473112210433,-59.701228883391046,627.1769294235291,-116.78355460884048,51.90207518190508,0.07492369937935606,0.18513564054789702
2047.0,-29.976606968957714,629.2864236852951,-30.052745623742908,629.6587093279168,-116.0642944622602,54.367345187149205,0.07881690416210327,0.18435400664106938
2048.0,0.0,630.0,-0.12548574692002676,630.2850977626925,-115.1492814283376,57.038917538403716,0.08306117225523384,0.18326423650745888
2049.0,0.0,630.0,-0.10101100397525475,630.0860774767978,-115.13866626809262,57.090522161141884,0.08314574095922767,0.18324764169672475
2050.0,0.0,660.0,-0.4068036527497378,660.0478486976053,-116.6927683332127,56.608298845165145,0.08201131771580306,0.1857173269197829
2051.0,-29.823670690149882,659.3258289090194,-30.141301814303613,659.6152788619373,-117.61261491357497,54.18835658444078,0.07816515765893269,0.18681715062897625
2052.0,-59.58641332997771,657.3046929289864,-59.53295357644387,657.4082679051265,-118.37680425267843,51.67623367079079,0.07419401906862846,0.18767343697497815
2053.0,-89.22742434167755,653.9407211248969,-89.5533506739547,653.6416366512343,-118.80138264099419,49.14922353117538,0.07021828734977831,0.1879815154784551
2054.0,-118.6861488381838,649.2407858983911,-118.50935638448959,649.3047117087021,-119.61762123903581,46.566481055229474,0.06616083923409082,0.18892597613827516
2055.0,-147.90240433333713,643.21448894783,-148.1454268096023,643.6553543067384,-119.86689814441344,44.125008745651485,0.06234430289601757,0.18895976050467309
2056.0,-176.81650369125387,635.8741416525764,-176.5423221995652,636.129332665143,-120.00828850292937,41.746501540650264,0.05865096209033183,0.1888370142418473
2057.0,-205.3693770637254,627.2347399215523,-206.13656282704093,627.1535780168612,-120.22909661375729,39.16179586017096,0.05464720105914557,0.18882600140287753
2058.0,-233.5026925665331,617.3139335574559,-233.03715765529594,617.1423020002815,-120.38134750954332,37.09158052083212,0.0514749588397195,0.18873886537434942
2059.0,-261.15897544814544,606.1319901992263,-261.0524710407615,606.6009846496654,-120.39404364974725,34.433213835372726,0.04737313608191947,0.18841596912606368
2060.0,-288.28172550734166,593.7117539164184,-288.67696847980784,593.5740190088276,-119.95624478092788,32.22116677703752,0.04401209473985388,0.1873808741148284
2061.0,-314.8155325198864,580.0785985400775,-313.75867037415946,579.6656360993802,-119.91756287603828,30.263670385213562,0.04106697805959095,0.18701213502845784
2062.0,-340.70618943844147,565.2603758254569,-339.67497536003793,564.8195389685375,-119.45193911434843,27.900974406103682,0.03748845036740462,0.18595367551144146
2063.0,-365.9008031344584,549.2873585524778,-365.58722861881597,549.7629124633366,-118.94050418389311,25.542378819600362,0.03391902700027409,0.18482235487623852
2064.0,-390.34790245580916,532.1921786801738,-391.51561773156817,532.2193508176342,-118.03046390723212,23.317019853345332,0.03059211372747476,0.1830564365137548
2065.0,-413.9975433794005,514.0097606814693,-412.6674796895673,513.7410402829747,-117.54192196048326,21.36897691504331,0.027718010465432926,0.18201985157685754
2066.0,-436.8014110439512,494.7772501944822,-436.5323327205042,495.4738737163382,-116.59115385167047,19.21408505223498,0.02451211104085865,0.18021438492670225
2067.0,-458.71291845448553,474.53393813611325,-459.128870801371,474.4283321897006,-115.01374533073796,17.183642418417012,0.02153830539862266,0.17742712210403228
2068.0,-479.68730165689476,453.32118043295446,-479.4202446373766,454.1638014548259,-113.75066563301932,15.021495759140024,0.018345321271639015,0.1751683604250396
2069.0,-499.6817111881293,431.18231353350166,-500.6535109012055,431.2336171970957,-111.67273741353677,13.084761970127033,0.01554373905642353,0.17160119171393756
2070.0,-518.6552996151979,408.1625658742718,-517.4595334229368,407.85967727739217,-110.15635099218092,11.361891418427321,0.013087965418401985,0.1689819648660837
2071.0,-536.5693049841318,384.3089654806998,-536.5018041560896,384.8923765561979,-107.63702720737145,9.186984145149017,0.009907772894165166,0.16473912635699994
2072.0,-553.387130008436,359.67024389157683,-553.8631040878754,359.80785789698274,-104.80517443535514,7.2007605928328,0.007053809349297997,0.16001946931998262
2073.0,-569.0744168352478,334.2967366033097,-569.7828448327793,334.4681971677183,-101.44786994591259,5.203306924614874,0.004185097237868434,0.15448118463737373
2074.0,-583.5991172364629,308.2402802373843,-583.1085899797118,308.70261413711387,-97.64128299363158,3.2691609739331913,0.0014223587471260879,0.14825961330042808
2075.0,-596.9315580814275,281.5541066411205,-596.0138759534665,281.9001428685535,-93.06594373749063,1.3808189546300635,-0.0012547817805764444,0.14081968402384376
2076.0,-609.0445019574449,254.2927341380556,-608.1135332829126,254.5137916304476,-87.67113406324908,-0.5565528286315397,-0.004002804839058281,0.1320853935818274
2077.0,-619.9132028142492,226.51185615013534,-619.0855163161012,226.76438460070722,-81.63883415412762,-2.4781690737179782,-0.0067213058452928335,0.122350316515785
2078.0,-629.5154565187669,198.26822741924266,-628.9360984890824,198.42749078852694,-74.46337010054373,-4.350368440983787,-0.009353962513067606,0.11080957097208888
2079.0,-637.8316462168893,169.61954806051392,-637.193186632687,169.66399830018403,-66.34259030595196,-6.159044580493647,-0.011880294281443526,0.09778382417690068
2080.0,-644.8447824095814,140.62434568430723,-645.2221209309112,140.68047391885867,-56.95100311730681,-7.7076735744660345,-0.013990053438703094,0.082738318790854
2081.0,-650.5405376614547,111.34185582765114,-650.4645042064285,111.4147527311219,-47.2171000075924,-8.997353837918377,-0.015684226834633913,0.06718212751021356
2082.0,-654.9072758708966,81.83190093943402,-654.3614307653195,81.80354879758463,-36.73725759818661,-10.026528276719572,-0.016959561215774938,0.05045521473355675
2083.0,-657.9360760419596,52.15476816657036,-657.8990010590114,52.17005639966846,-25.757527211165712,-10.931191492437764,-0.018036456864456603,0.032937106557034274
2084.0,-659.6207505094447,22.371086190813696,-659.6151146313831,22.31317576931102,-15.019984202408294,-11.115770890238911,-0.017964567692896057,0.015826758895614364
2085.0,-660.0,0.0,-661.0739967764833,0.009344706390757573,-6.251626675057444,-11.218941036287006,-0.017855613666181533,0.001853617572812286
2086.0,-659.9578575799469,-7.458298632166922,-658.6736603225123,-7.324896749618246,-4.386733471082432,-11.446679613263994,-0.018128248612627018,-0.0010850552892659015
2087.0,-658.9467085630371,-37.27244657840231,-658.6826644800326,-37.2595270815514,7.8059468818126945,-12.031881184411034,-0.018693017234582724,-0.020490419039965718
2088.0,-656.5893691782181,-67.01044905199142,-657.7297383828692,-67.22313282099152,19.66129188418765,-11.550911642587238,-0.017560566967397807,-0.03934711617178349
2089.0,-652.8906553347775,-96.61155301786994,-652.2374052606409,-96.23950993981681,30.457955694623184,-11.28996718266333,-0.01678989817731778,-0.05646327586035942
2090.0,-647.8581232931609,-126.01528511678065,-647.9523185480333,-126.05068711994244,41.739134175912966,-9.676624952219251,-0.013857087590401763,-0.07436534971163247
2091.0,-641.5020542279648,-155.16157520888132,-641.7942223219276,-155.16246540681746,51.51208535434577,-8.419779456569737,-0.011500224698144093,-0.08984406656064828
2092.0,-633.8354332240864,-183.99087909359727,-634.2146822973544,-184.1039551345184,60.28486981171361,-7.258433055282961,-0.009297438854537148,-0.1037135602502917
2093.0,-624.8739227489386,-212.44430015501356,-625.206492367403,-212.45929318180117,68.31617504436439,-5.769822511982793,-0.006580974535676937,-0.11638545646516521
2094.0,-614.6358306549274,-240.46370968428366,-614.7356615164593,-240.52397436370882,75.38704201057706,-4.140095646491614,-0.0036434762812852404,-0.12751085477997712
2095.0,-603.1420727775572,-267.9918656332535,-603.237720743994,-267.96817143992183,81.62670188585157,-2.504906189864512,-0.0007048830950891051,-0.13730076693488627
2096.0,-590.4161302055788,-294.97252955668426,-590.7944559065564,-294.7672409447098,86.98823941502935,-1.029043003844319,0.0019722335959266404,-0.14568152661140998
2097.0,-576.4840013104692,-321.3505815041743,-576.8848483352521,-321.85858673571994,91.76868794417935,0.9819531962805863,0.005504620430754862,-0.15311949616094506
2098.0,-561.3741486332495,-347.0721326270581,-560.9184280187454,-346.934511891089,95.54728222890269,2.7349551087018766,0.008601713801959862,-0.15893777542800813
2099.0,-545.1174407371437,-372.0846352702387,-545.0120738183165,-371.90553910425473,99.02183079350213,4.03664430413397,0.01097923599302184,-0.1642728865303287
2100.0,-527.7470891448735,-396.3369903240335,-528.2419604162219,-396.91366940160304,102.00110977766103,5.943157282145108,0.014319819531519158,-0.16880917317823788
2101.0,-509.2985804894194,-419.77965161672904,-509.7395569531506,-420.4333099486221,104.4942489120986,7.535563775463712,0.01714225757946519,-0.17255052891559466
2102.0,-489.80960401686406,-442.3647271345703,-489.2275147614614,-442.18905145320747,106.35033471372292,9.142555729521463,0.019966306685430577,-0.1752533707926578
2103.0,-469.31997458942107,-464.04607686240075,-469.4031790454251,-463.7128496022465,108.19741203658714,10.759870167544092,0.022803943930892964,-0.17795029755302733
2104.0,-447.8715513459544,-484.77940704506847,-447.29648163499274,-484.5636427044282,109.96221470506809,12.838527316791248,0.026367588631312507,-0.18048832811228122
2105.0,-425.5081521861539,-504.5223606770317,-425.05902502835147,-504.1376539689916,111.44521775146677,14.598359750904796,0.029408171325270852,-0.18257625923904827
2106.0,-402.2754642530792,-523.2346040352929,-403.19925321690044,-523.8858628878812,112.93756414591046,16.495682802621698,0.03266971052737923,-0.1846836862615197
2107.0,-378.22095059694317,-540.8779090788832,-377.9824477294708,-540.7028564117982,113.74394239660815,18.362573716540645,0.035846916962472566,-0.18565824757482718
2108.0,-353.3937532108204,-557.4162315465614,-353.3318865330791,-556.9867649147194,114.58680472610104,20.305366127647005,0.0391383957044304,-0.18669780988144943
2109.0,-327.8445926363708,-572.8157845931728,-328.9021790424852,-573.3803890666863,115.68852151913545,22.18232598270282,0.04232644236384742,-0.18815205665155532
2110.0,-301.62566434467914,-587.0451078142385,-302.7944287600573,-587.7054097263617,116.35857465300724,24.650918582993285,0.04643076765140488,-0.18889873842602475
2111.0,-274.7905321038999,-600.0751315177588,-274.81590331431454,-599.9405800529489,116.87494829167225,26.586365704566745,0.049660971215379664,-0.18937792035468123
2112.0,-247.39401855154577,-611.8792361119288,-246.9426206853287,-611.2660641580818,117.19553270705622,28.73465862382197,0.053218788485053146,-0.18954678296236635
2113.0,-219.49209319498286,-622.433306487438,-220.19188828594815,-622.9344269094198,117.79277193940219,30.876841331796868,0.05677108027691873,-0.19016970322875656
2114.0,-191.1417580689325,-631.7157812832585,-191.41526959394756,-631.6667749996808,117.79147999659922,33.07847879829439,0.06038203996397357,-0.18981522056948594
2115.0,-162.40093128358123,-639.7076969352686,-162.38348902461738,-639.2231433450858,117.84602060638963,35.31850752983866,0.06403969905503383,-0.1895464732169327
2116.0,-133.3283287012005,-646.3927264177287,-134.39335602968575,-646.8103849105731,118.07089509501098,38.03854293166504,0.06846169059250766,-0.1895615776818838
2117.0,-103.98334398300365,-651.7572125984586,-103.75958537609199,-651.7533051907299,117.95019180073996,40.289425592309094,0.07210461742069524,-0.18899430146444812
2118.0,-74.42592725130189,-655.7901961395762,-75.06131393398988,-655.2700999566018,117.68545921730284,42.45666756501148,0.07559696023910363,-0.1882214995201393
2119.0,-44.71646261483571,-658.4834378867976,-45.56102427016619,-658.7804477939023,117.6254098550329,44.967097271613405,0.07963542434473887,-0.18776463874459437
2120.0,-14.915644807503375,-659.8314357015558,-15.112750680779579,-659.6326821412184,117.17693994297963,47.36784892426217,0.083466776562221,-0.1866779775306661
2121.0,0.0,-660.0,0.29071939497887395,-659.3825967815445,116.89193316440502,48.54256518175658,0.08533333276471212,-0.18603572927428177
2122.0,0.0,-690.0,-0.05320218911331417,-689.4975547366463,118.46526688557144,47.66199894737997,0.08430068514858866,-0.18854397966115988
2123.0,-29.889939546858795,-689.3522985483438,-30.479627782283,-689.3864684678783,118.82944926409213,45.47651503183326,0.08082101899599783,-0.18949622552724388
2124.0,-59.72376385535697,-687.4104101851743,-60.128707175071355,-687.7403581366326,119.09469062429196,42.858446748473476,0.0766340740409403,-0.19028148173409737
2125.0,-89.44546303763059,-684.1779806029889,-90.50370314804974,-684.556708194889,119.28678392638074,40.47114923982166,0.07279558197514423,-0.1909592094713555
2126.0,-118.99923770902443,-679.6610783505784,-119.27076657418473,-679.4807957169968,119.2651591613785,37.98417604069852,0.06877527663295718,-0.1912771020342784
2127.0,-148.3296037456064,-673.8681834399599,-148.0874769382432,-673.5653764939656,119.41459806401083,35.693001020283816,0.06505631235433584,-0.19186785890477784
2128.0,-177.381496449813,-666.8101714260401,-177.07607317905948,-666.5575095344661,119.29674509749123,33.4088215748472,0.061335102701298425,-0.19203531263470883
2129.0,-206.10037392866437,-658.5002929888982,-206.17886109237145,-658.1689031336801,119.22112496098582,31.363509648711428,0.05797715263419002,-0.19227138050353013
2130.0,-234.43231949047095,-648.9541490570175,-234.0849637389393,-648.7671345024492,119.00433401992602,29.077625444091236,0.05422391172381476,-0.1922681122867037
2131.0,-262.32414286778743,-638.1896615181734,-262.02343280557204,-637.372173360412,118.38478411525983,26.718391998828107,0.050329521296629535,-0.19162422966122045
2132.0,-289.7234800765824,-626.2270395729604,-289.600053561785,-625.5813328809295,117.97291529472984,24.50630219647161,0.046664468927069845,-0.19130645020056572
2133.0,-316.57889172414747,-613.0887417941309,-316.6145394252166,-612.5976785165809,117.47119905876889,22.30957700403704,0.04300926173439968,-0.1908387896862306
2134.0,-342.8399595811807,-598.799433962971,-343.3419535044235,-599.4537487362226,117.0599883844599,20.688673008021844,0.04026853955053009,-0.19051165748668425
2135.0,-368.4573812367459,-583.3859427618729,-368.0239447346182,-583.304872821017,116.08402991346394,18.629419333347556,0.03679336069125507,-0.18926065101456663
2136.0,-393.38306265839697,-566.8772054100427,-393.25217821113193,-566.6907246226269,115.20290189517628,16.574832973824286,0.03331991191772282,-0.1881672617094623
2137.0,-417.57020848369797,-549.3042153368942,-417.720644057441,-548.8904922385236,114.03144489198229,14.608036971274538,0.029971659896026886,-0.18660249462009568
2138.0,-440.97340987362736,-530.699963995124,-440.94395558843144,-530.3149387126601,112.86975704445808,12.5706819581063,0.026501614384145507,-0.18503802625375604
2139.0,-463.5487297629281,-511.0993789227061,-463.3111675618031,-510.61220474210745,111.58563830727253,11.065992304079614,0.023865527573149352,-0.18326821844659205
2140.0,-485.25378534735705,-490.5392581700889,-486.23730830022396,-491.05785770515894,110.39641147385775,9.357758304545003,0.020907307165643547,-0.1816562809802956
2141.0,-506.0478276529716,-469.0582012157003,-505.56246924849825,-468.6925824038651,108.37962105918974,7.464167523231169,0.017619656915384505,-0.17868313406540762
2142.0,-525.8918180380692,-446.69653649946093,-525.8969524693443,-446.40624197448415,106.33370007971682,5.579349104006063,0.014346935026250479,-0.17567598555917224
2143.0,-544.7485014841602,-423.49624571035093,-545.9283799803055,-424.0319132259281,104.42791197495909,3.903823991732802,0.011406236190132915,-0.17288815393488552
2144.0,-562.5824765383708,-399.5008849701756,-563.0093687898183,-399.15349131404133,101.65952971096726,2.177552462379119,0.008354104361752254,-0.16869132712462184
2145.0,-579.3602617759722,-374.7555030614987,-579.8265157237773,-375.2876752162562,98.84752864833227,0.8361969873067382,0.005926986816448814,-0.1644218475759081
2146.0,-595.0503586582576,-349.3065568532591,-594.4823198783369,-349.06927665112397,94.98192007389913,-0.9426246490797029,0.0027748082374054748,-0.15844902968499605
2147.0,-609.623310667756,-323.20182408285507,-609.7155289609896,-323.0108253148567,91.10514223028497,-2.5972936590352913,-0.00017781643032205977,-0.15246550681256504
2148.0,-623.0517586097677,-296.49031365843257,-623.4867484504091,-297.0631754553627,86.25167651325069,-3.913970918488776,-0.00259115353720257,-0.1449096319641209
2149.0,-635.3104919763929,-269.2221736497825,-635.0593888756505,-269.1035620471187,80.5818164998416,-5.930230113363204,-0.006142550338282285,-0.13602749929972238
2150.0,-646.3764962766254,-241.44859714057893,-646.5391891172617,-241.55562724921333,74.40906985166997,-7.481733005111441,-0.00894922269283316,-0.12634386068674058
2151.0,-656.228996243656,-213.2217261187137,-656.5060998795647,-213.3423151056712,67.43034173818644,-8.666284412974381,-0.011180022480332463,-0.11535893441490058
2152.0,-664.8494948382638,-184.5945535851624,-664.8602156721947,-184.9819891427738,59.39127318322054,-10.012473024552095,-0.013669876341676641,-0.10266667206059903
2153.0,-672.2218079750759,-155.62082406516208,-672.0136001311272,-155.64804375231628,50.30678608757001,-11.567534132481057,-0.0165040849964392,-0.08829586909872966
2154.0,-678.3320949064959,-126.35493270848083,-678.4709524872095,-126.438435296575,40.50130218611368,-12.845797475628117,-0.01889623357511716,-0.07276903979460482
2155.0,-683.1688842072612,-96.85182316820776,-683.1752022409601,-97.01786431592917,30.18899325210742,-14.058908596160485,-0.02118727282328889,-0.05641410319833892
2156.0,-686.723095310846,-67.16688444978482,-686.370231862036,-67.32834252394099,18.604173261495504,-14.974390290403235,-0.023007913960714763,-0.03801541897607313
2157.0,-688.9880555572754,-37.35584692393804,-689.7850038822561,-37.35451356408692,7.219271620434977,-14.649704695155156,-0.02285824945647907,-0.019937605868467004
2158.0,-689.959512720348,-7.474677698727557,-687.856048472095,-7.098615579339671,-4.119642189796323,-15.228153696764727,-0.024149422797610984,-0.0018675401819768576
2159.0,-690.0,0.0,-689.8774386179344,0.06963008626042304,-7.163658873209383,-14.207782886362656,-0.022613241525187962,0.002952406927939354
2160.0,-689.6356429907456,22.420524452848507,-691.0134321421165,22.644049174014786,-14.900090904231169,-14.406089720485857,-0.023205324952328618,0.015251408442383037
2161.0,-688.0170544000451,52.27363441243906,-687.0806340466942,52.32425396625479,-26.274203030324866,-14.13862883480265,-0.023143140394820384,0.033402034995457276
2162.0,-685.1067856792024,82.02860608538568,-685.4881225530539,82.55258670793786,-36.538826818588305,-14.032990851096281,-0.023345217892989663,0.04975819458932435
2163.0,-680.9103005536531,111.62957762140782,-680.6522071730268,111.63882785909722,-47.31599396632791,-12.453319741669546,-0.021187311644037754,0.06696981415469301
2164.0,-675.4354774857379,141.02097628939188,-675.2064960376302,140.8020188724388,-56.958105637231824,-10.75898598848252,-0.01884785653253606,0.08238240497391522
2165.0,-668.6925948837142,170.14762280938584,-668.1065700100429,170.28862274108357,-66.18305460320433,-9.32503146379976,-0.016926768662448455,0.09715131985241054
2166.0,-660.6943118051169,198.95483494593205,-660.7021029934112,199.08190402634636,-74.11300173215851,-7.703806258994309,-0.014699139145114296,0.1098629049993913
2167.0,-651.455644190702,227.38853016825087,-650.8674882729879,227.06394094961647,-81.30633508551007,-5.47910677535761,-0.011501115195039026,0.1214318948640053
2168.0,-640.9939366735862,255.39532718454083,-640.4846853143714,255.74173605469923,-87.8870664152149,-3.8549334036522853,-0.009267379168237487,0.13203261197298582
2169.0,-629.3288300165102,282.92264615977695,-630.0084556597743,283.1140775402152,-93.07257422908727,-1.9245149548138503,-0.006530251108139937,0.14041390608354956
2170.0,-616.4822242383599,309.9188074288564,-615.7882942375039,310.352552737669,-97.77282857975263,0.054754929795919706,-0.003713734116442715,0.14806874715168403
2171.0,-602.4782374991679,336.33312851977007,-603.0930001653563,336.43582085513964,-101.51965079511676,1.9069222676049975,-0.0010853593210056354,0.15418747883839126
2172.0,-587.3431608207892,362.1160193046485,-586.4374717615019,361.854726749416,-105.28790302491613,4.266117896594155,0.0023581124888428346,0.1603888183348004
2173.0,-571.1054087282545,387.21907510004377,-570.8363285002469,387.87785098171327,-108.32184227846426,5.882236106783371,0.004611540010077679,0.16540854940550354
2174.0,-553.7954659044677,411.59516754166765,-554.4316548375627,411.6049752223728,-110.42971789123669,8.013026609270717,0.007712212974838588,0.16896424523076264
2175.0,-535.4458299584004,435.19853306296864,-534.4838409547972,434.8781648147407,-112.68667014865774,10.12988044465267,0.010796264370321799,0.1728005966471288
2176.0,-516.090950414225,457.984858811448,-516.0700441604878,458.7905693188524,-114.53062340296962,11.738649723423158,0.013063845631188512,0.1759608526694606
2177.0,-495.76716403593394,479.9113658414097,-496.6037951876544,479.8025763739361,-115.75579528148943,13.899940967113361,0.016246313999766553,0.17814917689856558
2178.0,-474.5126266088619,500.93688942696036,-473.4071015195612,500.90442314860564,-117.54573018011233,16.034486055985624,0.019385114276256336,0.18128203604589904
2179.0,-452.3672413061851,521.0219563444823,-451.5286385707025,520.9504676565276,-118.55856959934158,18.134134767818622,0.02248130562544605,0.18316196498937776
2180.0,-429.3725837748832,540.1288589794855,-428.3182528413178,539.7564942525831,-119.22537248974454,20.28105926743757,0.02566792519350883,0.18450747171448512
2181.0,-405.5718240818065,558.2217261187137,-405.36553246290373,558.7157706744264,-120.05612760261602,22.213592060931003,0.028511452917234902,0.186110760885397
2182.0,-381.009645666386,575.2665902945997,-381.16222645690067,575.8318379528247,-120.80706198346577,24.235225994824944,0.031519363242634844,0.18760232730393803
2183.0,-355.732161452145,591.2314515556366,-356.36919607054506,591.1371305686736,-120.9703263236005,26.58580563666079,0.03507298343048055,0.18816581014209843
2184.0,-329.78682727450314,606.086337542942,-330.2190186674306,605.8888107163692,-121.40450222962279,28.774404414595665,0.03837558314344337,0.18917708307147266
2185.0,-303.2223527874041,619.8033597602316,-302.1439331370471,619.6281439610275,-121.74508674323562,31.13057055806075,0.041957272786713865,0.19006297497113236
2186.0,-276.08861001602963,632.356765931556,-275.7634698401063,632.2792102785693,-121.93630123090689,33.43841564917661,0.045475385062149244,0.190690383098489
2187.0,-248.4365397272841,643.7229883485082,-248.52527242168784,644.3685963291288,-122.0728052127324,35.539571833220826,0.048671420608149364,0.19124122139791774
2188.0,-220.31805579382618,653.8806881161337,-220.10848765820484,654.1867251329935,-122.07536610493776,37.93612304790246,0.052365407972939905,0.19159331677652702
2189.0,-191.7859477311981,662.8107952144761,-192.28989315575686,662.6399806780659,-121.79633296836231,40.25473353490272,0.05595206438271641,0.19148991531898146
2190.0,-162.89378159102571,670.4965443005468,-163.6185028407797,670.4966263350599,-121.32093272284129,42.708899894979474,0.05976177133025936,0.19108443006812287
2191.0,-133.69579939635423,676.923506183505,-134.15071072124343,676.7549462314242,-120.92240792029827,45.23494749703141,0.06370545547979099,0.19081104939608237
2192.0,-104.24681730791656,682.0796149139555,-103.71774896687195,682.2249925174368,-120.80751977478201,47.63498466342039,0.06745824175767423,0.1910009108904542
2193.0,-74.60212271251987,685.9551904365081,-74.5970052452066,686.2141048749219,-120.23474422486964,50.14858549887314,0.07140990718607527,0.19044595124828717
2194.0,-44.81737042675338,688.5429567630703,-44.31509879078639,688.2427392277787,-119.49222719846203,52.6528177658005,0.07537067199550794,0.18963506038428757
2195.0,-14.948478210886142,689.8380556327542,-14.848293391143704,689.3489609597583,-118.48676590772216,55.158588986470875,0.07934518288823819,0.18839569820552163
2196.0,0.0,690.0,-0.6326362875401175,690.2077940152258,-118.29670472126183,56.272338422509016,0.08110725206422004,0.18826730519926108
2197.0,0.0,720.0,0.26511887493734826,720.0938859526353,-119.75024224452125,56.19757070867603,0.08062224139464272,0.19059167680034353
2198.0,-29.95091433112378,719.3767738332464,-29.942459918890748,719.7063154822189,-120.48389633224637,53.782875519618806,0.07678388120569273,0.1913893721481696
2199.0,-59.849978124666016,717.5081742520268,-59.72716267686591,717.2039632380819,-120.98997282930763,51.23464772005051,0.07275889694148538,0.1918300454624235
2200.0,-89.64543060585551,714.3974361456588,-89.4479444070782,714.3910572936405,-121.81275163650889,48.632433644995196,0.06865179419399184,0.19277554899724436
2201.0,-119.28569037014665,710.0499447735473,-120.29861609356412,710.2729468090911,-122.14028647382827,46.08054930735465,0.06464077851603277,0.19291900954199204
2202.0,-148.71944468011017,704.473226442311,-148.0757705535025,704.2091822635275,-122.85961753854984,43.95397832347675,0.0613304984367183,0.19372367443158975
2203.0,-177.89573829721337,697.6769354763632,-178.10651349379364,698.1874414418727,-123.16684743653059,41.33671806154235,0.057238747452748345,0.19384486030679893
2204.0,-206.76406169470332,689.6728375045003,-207.44353376755873,689.782366862776,-123.18962920389174,39.09447601467662,0.05377304511942491,0.19352182892427142
2205.0,-235.2744384988808,680.4747890914375,-234.56252401809002,680.3687171237647,-123.64393758065823,36.86684244362561,0.05034294489009274,0.1939127576248908
2206.0,-263.3775120073897,670.098713749547,-262.7124421421292,670.42114610289,-123.48062516539856,34.43197478153038,0.04658956028054634,0.19330808655973852
2207.0,-291.0246306347389,658.5625743723323,-291.4686067397428,658.3602819396506,-123.2471935669132,32.03093474893909,0.042915895459269104,0.1925843926643119
2208.0,-318.1679321371397,645.8863421373582,-317.0401439221135,645.530497083073,-123.40135205461534,30.038240428022096,0.0399015499738965,0.19251656959554533
2209.0,-344.760426470847,632.0919619324704,-344.289213746205,632.4393801798852,-123.16216333698132,27.544443460883798,0.03609287538358353,0.1918021703092192
2210.0,-370.75607714056014,617.2033143651636,-371.52742682793377,616.9756921286408,-122.35015483429078,25.486005822503966,0.03300615349968593,0.19017623298219638
2211.0,-396.1098808970598,601.2461744208582,-395.8433302258714,601.9051971557061,-122.32885794178968,23.255724404358887,0.029641118320932903,0.18984454171580945
2212.0,-420.7779456461019,584.2481668416651,-421.5002723206646,584.0252791892809,-121.41746916222706,20.93070932206943,0.026159716760106245,0.1880798015485649
2213.0,-444.7175664337008,566.2387183028787,-443.07213801059635,565.8917972538627,-121.24564934463639,19.106974779821247,0.023479233348562317,0.18754215176177813
2214.0,-467.88729937625425,547.2490064699939,-467.9041507029612,548.0727072137669,-120.29035049488148,16.777087357208462,0.019989332259303272,0.1857176294353194
2215.0,-490.2470334075213,527.3119060244369,-490.69971119207094,527.2894330447848,-119.03769506781536,14.818001378923748,0.01712588228035938,0.1834447897923472
2216.0,-511.7580597182529,506.46193175144873,-510.3874752255919,506.1341141422242,-118.13130184356184,12.949633733573583,0.014411371434330288,0.18176110466009007
2217.0,-532.3831387682523,484.73517878864936,-532.0401334571729,485.4579161266626,-116.7652420664413,10.860953597422894,0.01134035458843832,0.17932177348126713
2218.0,-552.086564754866,462.16926013871927,-553.46127673779,462.1507629708769,-114.78060382493686,8.815884095128832,0.008370967458269813,0.1759007794567989
2219.0,-570.8342274262899,438.8032415543791,-569.3360078647361,438.5645635404908,-113.34708307586406,7.190786568621008,0.006073403959320566,0.1734248429229567
2220.0,-588.5936711326843,414.67757390839137,-587.161627571079,414.2468745503542,-111.12909805093955,5.20792555490229,0.003215400718690867,0.16967650023780037
2221.0,-605.3341510128693,389.83402316566577,-604.5003020011683,390.4354838164059,-108.64513920240245,2.9988782354560803,-8.789829109213973e-06,0.165510810670622
2222.0,-621.0266862193293,364.31559807869706,-622.2333113257318,364.57582150474974,-104.9876922359768,0.8665789214228002,-0.003085747006125715,0.15947262734847328
2223.0,-635.644110089389,338.1664757315083,-634.7936874105877,337.72343913638775,-101.82980962147268,-0.6929965439559235,-0.005239028052139449,0.1542928744852906
2224.0,-649.1611171756971,311.43192506100087,-648.1722221645055,311.19494580419774,-97.9930057422095,-2.6595217873878463,-0.008043956446065533,0.14802256490251778
2225.0,-661.5543070546083,284.15822848810296,-661.186661442544,283.95540785652497,-93.0116481594511,-4.725276237661743,-0.010998104883555668,0.1399351005917064
2226.0,-672.8022248366168,256.39260179439356,-673.2614241850106,256.51209504651257,-87.09965463267991,-6.9957983696776145,-0.014275655583181985,0.13037799136684738
2227.0,-682.8853983087134,228.18311238290582,-682.8826766711448,228.36082797531967,-80.77299542396533,-8.817556698205426,-0.016830306210119324,0.12019096928541757
2228.0,-691.7863716443657,199.5785960646172,-691.8741960143388,199.70168049100235,-73.67117306253061,-10.671043369002511,-0.019429234064498126,0.10877794905412419
2229.0,-699.4897356227615,170.62857251468571,-699.6255894703081,170.68901874250278,-65.73627401562239,-12.306052079095046,-0.02167611396524634,0.09605423388625096
2230.0,-705.9821543050025,141.38315954479012,-705.7448092694876,141.3760724767164,-56.86544607453408,-13.786811510903462,-0.023673820938585034,0.08186093080596017
2231.0,-711.2523881210659,111.8929863399872,-711.0388500890322,111.90535921361304,-47.219101517193586,-15.204670268471892,-0.025569486211496597,0.06644346064098225
2232.0,-715.2913133275653,82.20910581028666,-715.005013123573,82.2035839807335,-36.909960757341736,-16.256364853220116,-0.0268795532938579,0.049987380040290984
2233.0,-718.0919378026275,52.38290620867946,-717.7816253992681,52.263044731693725,-26.2264299986353,-17.007862530473254,-0.0277089180225033,0.03295000764585311
2234.0,-719.6494131505415,22.46602216862823,-719.4753849630666,22.3338944441545,-15.604546137430612,-17.02845071899031,-0.027375143650600047,0.016024011003837872
2235.0,-720.0,0.0,-720.9304470409944,-0.22891458039875648,-7.106311987865577,-16.82766878687526,-0.02677926317078805,0.0024808311734877374
2236.0,-719.9610430952212,-7.489754684974701,-721.5771097988674,-7.577563557231393,-3.9449283081985604,-17.252874487672507,-0.027366000357258214,-0.0025585868840550734
2237.0,-719.026288147956,-37.432565396626245,-719.1415696421583,-37.729688335091176,6.403199865786045,-17.68464523175394,-0.027683912585133384,-0.018998316396211405
2238.0,-716.8467665413641,-67.3105734576003,-716.8631603569635,-67.35118517041668,17.884341038629444,-18.0592244307291,-0.027917300227958065,-0.03724321647944584
2239.0,-713.4262514279353,-97.07205454446891,-714.5502544502014,-96.9760423310425,29.294599574470848,-17.412394663282296,-0.02652502385772556,-0.05537488086290925
2240.0,-708.7706643480097,-126.66548606341382,-709.637020853087,-126.70353132530867,39.32980504607596,-16.135102302294595,-0.024128078176245068,-0.07128623418182478
2241.0,-702.8880649785036,-156.03963634530515,-703.0818774969579,-156.16360787441025,48.99729829376611,-14.907504108850752,-0.021813498211800272,-0.08659224689575135
2242.0,-695.7886371801266,-185.14365333713747,-696.1533474072827,-185.1895587137972,57.97222227611595,-13.653367116669862,-0.0194619971631177,-0.1007914285323575
2243.0,-687.4846713672483,-213.92715263628074,-687.9572927166713,-214.00643101013702,66.42295507461742,-12.072441647923634,-0.01659295667977128,-0.11414081064921612
2244.0,-677.9905432309309,-242.3403047151406,-678.3541798169839,-242.37237166577563,73.40053178105468,-10.674363878419896,-0.014020449895669397,-0.12512835982238082
2245.0,-667.3226888519661,-270.3339211852299,-667.0932465719419,-270.111450170379,79.93774826493645,-9.052318416777092,-0.011099164622356888,-0.13539475065314358
2246.0,-655.4995762469986,-297.8595399513087,-654.9741439742846,-297.685242740933,85.44665974144503,-7.4705980325226875,-0.008244082955363894,-0.14401403325783027
2247.0,-642.5416733969951,-324.8695091081793,-641.9544541352719,-324.6462722326994,90.33766980776397,-5.892604210507524,-0.005402436789184262,-0.15163886575725286
2248.0,-628.4714128134062,-351.3170694348926,-628.5356052687061,-351.1870869425807,94.58215445785807,-4.5089703299597526,-0.002875270436274207,-0.15822983260862652
2249.0,-613.3131527033676,-377.156435343553,-613.7048461989738,-376.9305036938078,98.05896539895889,-2.890798470385062,1.5408992518055924e-05,-0.16358171717936615
2250.0,-597.0931348011652,-402.34287414258705,-597.9466779966034,-402.9651144954376,101.23444390116076,-1.1419751883607863,0.0031175928639941646,-0.16844265832397107
2251.0,-579.8394389389709,-426.83278347725286,-579.9295121882984,-426.4030641018181,103.92838046353744,0.6299142272107274,0.006224686387977687,-0.17250953578588824
2252.0,-561.581934435492,-450.58376681333147,-562.3691184602206,-451.2581706119843,106.5039942953792,2.526996271152129,0.009548386050553057,-0.1763936908486325
2253.0,-542.3522283866902,-473.5547068333198,-541.8516095375793,-473.43960211072954,108.35162308915965,3.986363035186617,0.012142695783157513,-0.17908300602876878
2254.0,-522.1836109480889,-495.7058366180641,-522.2186202528584,-495.2086106308473,110.08671878293156,5.541791528979613,0.014884841574061619,-0.1816040519056363
2255.0,-501.1109977033966,-516.9988084906062,-502.0207931762864,-517.6512555876147,111.92987013565808,7.415576452334363,0.018141917366428638,-0.18429015615190736
2256.0,-479.17086921921344,-537.3967604030596,-478.7429815988021,-537.2520484305733,113.25821332966923,9.380502995692607,0.02150924546650426,-0.186119197279517
2257.0,-456.4012078904646,-556.8643797515916,-456.25308141817794,-556.4140698151615,114.26696773553822,11.1327215579311,0.024532664678129625,-0.18744924658273293
2258.0,-432.84143218589605,-575.3679645090283,-433.8758963640698,-576.003586851931,115.65359065036985,13.018868435489821,0.027774472951441535,-0.18938207271544716
2259.0,-408.53232840745676,-592.8754815692599,-407.75367207794466,-592.6835833073247,116.38257899038159,14.693826224034202,0.030644530530688885,-0.1902223755209791
2260.0,-383.51598008171635,-609.3566222024346,-383.4161190233863,-609.0170465304615,117.12180470307403,16.503789512619704,0.033725212053603286,-0.19110082843133164
2261.0,-357.8356951055454,-624.782854524939,-356.7743769398228,-624.546855577184,118.1254846421554,18.915624131125497,0.037753959218242615,-0.19237195397466988
2262.0,-331.5359307721846,-639.1274728933355,-331.5665679054272,-638.9648294953637,118.67734470916041,20.864904325917674,0.041032911538395285,-0.19294154719687898
2263.0,-304.66221680750124,-652.3656441367365,-304.0943514229549,-651.6022687558662,119.20437738917889,22.663573891104594,0.04405035343706106,-0.19344389426887315
2264.0,-277.26107654966336,-664.4744505475901,-277.82009288253533,-664.969310688094,119.88872552625355,24.835004131930905,0.04766999780103684,-0.1942112880254367
2265.0,-249.37994640869172,-675.4329295564424,-248.94833555339946,-675.2328082171845,120.00820548308361,26.93291211229547,0.051134618829105936,-0.19404785465399005
2266.0,-221.0670937453162,-685.2221100219982,-220.89849462760984,-684.6380444825642,120.36862048563586,28.84052956620452,0.05428587197567265,-0.19427794730534492
2267.0,-192.37153331130074,-693.8250450736547,-192.4715739182919,-693.1567208914867,120.52941418678627,31.446070877784667,0.058537047766230095,-0.19418571470217535
2268.0,-163.34294239590199,-701.2268414496475,-164.5163595574287,-701.753369063174,120.74362908208796,33.79736067804986,0.06238452462670722,-0.19418428154500886
2269.0,-134.0315748253486,-707.4146852800251,-134.18423019822526,-707.1284880253382,120.65046594094139,35.95416723238851,0.06588301780697475,-0.19366453103535494
2270.0,-104.48817396423311,-712.377864269813,-104.18632639039284,-711.6257150748764,120.30773806401265,38.29776810241393,0.06966805185563496,-0.19275167916374994
2271.0,-74.76388486942021,-716.1077862439648,-75.90841830191701,-716.4064086976559,120.48397087336126,40.54635872391383,0.07330534400475518,-0.192685843617972
2272.0,-44.91016574855585,-718.5979940219964,-45.007660220648056,-718.3951748485674,120.0663802408191,43.370948363906564,0.07782517440396201,-0.19164278673848023
2273.0,-14.978698876447751,-719.8441765965525,-13.964835359804729,-718.8723102373683,119.77299078343344,45.660962441926756,0.08147568847079384,-0.19079566228063297
2274.0,0.0,-720.0,-0.7820538586147282,-720.1926740234566,119.8224978989208,46.75508679586782,0.08323321192313127,-0.19071300613470496
2275.0,0.0,-750.0,0.29759975758526797,-749.7211946246885,121.10431436999964,45.77233278361558,0.08203074532491963,-0.19273985792124543
2276.0,-29.817386322694286,-749.4070479204764,-29.84785814620163,-749.1386123506248,121.57096929603388,43.24712536718209,0.07800461802903705,-0.19385175290833992
2277.0,-59.58762522878592,-747.6291292610218,-60.02504355879887,-747.9253150465898,121.8139623851282,41.341939859535614,0.07495756189938038,-0.19460806759207405
2278.0,-89.26364385142877,-744.66905527648,-89.18182019747694,-744.2429288622429,121.8082304522898,38.920872533047515,0.07105921548999183,-0.19495602719012445
2279.0,-118.79851830541149,-740.53150645225,-119.16951906035177,-740.2420003621402,121.92773797503331,36.34384382424584,0.06690874765223745,-0.1955134878543724
2280.0,-148.14554788346484,-735.2230251034771,-148.49088601166164,-734.732890521997,121.89973431333294,33.89414519860974,0.06294246127992824,-0.19582801662812055
2281.0,-177.25832889967901,-728.7520050303074,-177.41007769773668,-728.2512214284715,121.80625589375472,31.57019368441091,0.05916439674447515,-0.19603341365866594
2282.0,-206.09082806326904,-721.1286782455653,-205.9732655357001,-720.3063877656434,121.57224557942155,29.45908595153019,0.055707164271267595,-0.1960107872626184
2283.0,-234.5974552666705,-712.3650987958368,-236.01708198886982,-713.0081856770938,121.70875617111726,27.44328807302445,0.052409541421899186,-0.19659599642218703
2284.0,-262.7331356728681,-702.4751237015458,-263.98078880943655,-703.3254331470865,121.32293741850957,25.391814910269574,0.04902593606962031,-0.1963244175648383
2285.0,-290.4533809879807,-691.4743910461551,-289.904635763602,-691.297057218129,120.78326061680394,23.146578868439423,0.045305220731283624,-0.1957829839085611
2286.0,-317.71435980639603,-679.3802952491425,-317.9537266301806,-679.3705033474796,120.28321653147836,21.228955420884624,0.042107164042913516,-0.19533065548402379
2287.0,-344.47296691723346,-666.211959561849,-344.0564625730012,-665.6817249211307,119.77305892667324,19.08746133915125,0.03853122425779091,-0.1948383939373658
2288.0,-370.6868914625423,-651.9902058296868,-370.4064346264986,-651.3610116438102,118.96171998224156,16.984902790790404,0.03500951300967384,-0.19386981529496186
2289.0,-396.31468383946475,-636.7375215685229,-397.93299588379176,-637.5443364365814,118.6789805113483,15.16855168563643,0.03194948799548776,-0.19375693849991119
2290.0,-421.31582124057843,-620.4780244072928,-421.7838555413397,-620.4063446686672,117.56899744960609,13.328632847460776,0.02881127769540851,-0.19228244642083983
2291.0,-445.6507717287829,-603.2374239530736,-446.8577303783948,-603.9327248482474,116.92383631428613,11.562645412123075,0.025798869422660218,-0.19156271964796864
2292.0,-469.28105674542,-585.0429811389091,-470.60769813725614,-585.7018919809528,115.94022228339604,9.67036609287642,0.022563940833433445,-0.19028811450768965
2293.0,-492.16931195278175,-565.9234651186725,-491.64459085081734,-565.7300426945671,114.5658639135063,7.633114463383883,0.019076959465483392,-0.1883583934805644
2294.0,-514.2793463148099,-545.9091077771205,-513.6642533039602,-545.3879751824055,113.10297662626449,5.755350896323644,0.01583927717996843,-0.18629981025974662
2295.0,-535.5761993225623,-525.0315559270691,-534.8981974382024,-524.6970366165001,111.7367275120693,4.556755086522458,0.013678251337686964,-0.18438540879731044
2296.0,-556.0261962739636,-503.3238212692777,-557.3526946010147,-503.9703264491464,110.44023899678403,2.7351479978766338,0.010525234155271741,-0.18259698285619835
2297.0,-575.5970015204309,-480.8202281941651,-574.8384594496198,-480.5720077790832,108.35499581964693,0.8177814758949019,0.0071870919843712265,-0.17949236295202636
2298.0,-594.2576695961807,-457.5563595078932,-593.8992257354467,-457.2570371096784,106.10387122892205,-0.906929891615722,0.004156590775635716,-0.17614302357833198
2299.0,-611.9786941493708,-433.5690001686363,-612.0254064443984,-433.6470769749294,103.96905160482463,-2.3241926669256037,0.0016117964708748525,-0.1729673434638811
2300.0,-628.7320545977075,-408.8960791220006,-628.6727139148185,-408.6548754038892,101.16129815629938,-3.9926055513101524,-0.0013496439204303528,-0.1687025441836841
2301.0,-644.4912604347459,-383.57660932756636,-645.0714050035036,-384.14044256336183,98.14180838565717,-5.289418049159832,-0.003713812707335559,-0.16409771128243467
2302.0,-659.2313931168253,-357.6506260713797,-658.706129333637,-357.25939304264733,94.2206997439963,-7.321933931742817,-0.007277873687816326,-0.15802405715420156
2303.0,-672.9291454644092,-331.1591236619339,-672.9595835701165,-331.2104716176296,90.16856724714599,-8.867676105911166,-0.010057019199470342,-0.15174944965218232
2304.0,-685.562858515526,-304.14399060974534,-685.5401245309349,-304.22321319519466,85.60230481977044,-10.22981104300327,-0.012555436505194209,-0.14463609082831483
2305.0,-697.1125557730403,-276.64794339300573,-697.1563287662362,-277.2637322879843,80.02853474357137,-11.4441947172591,-0.014818360182158067,-0.13590742357359992
2306.0,-707.5599747916009,-248.71445891405105,-707.3071319200031,-248.59417032474775,73.51974874443061,-13.42811235979668,-0.018326978524713784,-0.12567268553153643
2307.0,-716.8885960543206,-220.38770575344083,-717.221401761673,-220.44977382141215,66.46705081489817,-15.064391184750518,-0.0212758808178386,-0.11456938794913171
2308.0,-725.0836690935279,-191.71247433035606,-724.9695000971882,-192.15197269957238,58.46295116747242,-16.21979102357228,-0.023461319176445127,-0.10192535846036896
2309.0,-732.1322358142883,-162.73410607973852,-732.1154507377497,-162.7048107867695,49.928429543381476,-17.89585129106877,-0.02648949053443676,-0.08842976169001342
2310.0,-738.0231509838155,-133.49842175816264,-738.3399580472866,-133.55473917283962,40.6650932392104,-19.030496547795277,-0.028652334683315937,-0.07376293543885382
2311.0,-742.7470998543764,-104.05164899180103,-743.0235433162437,-104.28358651929864,30.647740043101305,-19.891915043372833,-0.03038180781218397,-0.05787718240199979
2312.0,-746.2966128918206,-74.44034918104599,-746.256113151021,-74.55117374282234,19.689180827284844,-20.8534711059652,-0.03227630386906006,-0.040475682913445325
2313.0,-748.6660775864498,-44.71134387736465,-748.6981558643687,-44.809634931039874,9.172031205704144,-21.001114515499975,-0.03287552947245142,-0.02376702704918908
2314.0,-749.8517473275492,-14.91164074880229,-749.7967295598427,-14.60280263497553,-2.1227828900506975,-20.57901840702385,-0.03257368490685951,-0.005804226305000264
2315.0,-750.0,0.0,-750.2494147709099,0.08064327465055199,-7.8476481848529325,-20.075618521394173,-0.031952326869067765,0.003301635773530891
2316.0,-749.8517473275492,14.91164074880229,-749.7214337731949,14.884502497441225,-13.432983229487157,-19.952753974265985,-0.03193808433129224,0.012197438754265556
2317.0,-748.6660775864498,44.71134387736465,-748.5092475747333,44.6864335523376,-23.23360311170266,-19.76283818595227,-0.032000807407609404,0.027810455361945683
2318.0,-746.2966128918206,74.44034918104599,-746.4768581764032,74.2611287765877,-33.56287438377726,-19.223525633505375,-0.03150466531175226,0.04427489179464801
2319.0,-742.7470998543764,104.05164899180103,-742.2781290904604,104.02946442097335,-44.44808961778173,-18.252820566905463,-0.030324312214464296,0.06165067162696604
2320.0,-738.0231509838155,133.49842175816264,-737.7326665733644,133.51217602441247,-54.10409816070697,-17.034005379007855,-0.028745581564938998,0.07707435468453991
2321.0,-732.1322358142883,162.73410607973852,-731.8805350778466,162.45883392376012,-63.1211306125399,-15.54854269523689,-0.026735903209929128,0.09149707844749502
2322.0,-725.0836690935279,191.71247433035606,-724.0367297238845,191.86038362782665,-71.43019361418858,-14.079545238205688,-0.024758001124758476,0.10481742581061347
2323.0,-716.8885960543206,220.38770575344083,-717.1999538268507,220.55234965062277,-78.39287484811076,-12.59558883660952,-0.02274760088778414,0.11598260697506795
2324.0,-707.5599747916009,248.71445891405105,-707.3262665691078,248.33405820594967,-84.98442476333292,-10.111955632920408,-0.019135017706826248,0.12659430727149518
2325.0,-697.1125557730403,276.64794339300573,-696.412273442152,277.0837793185098,-91.44417031591576,-8.599162506927646,-0.017079429722566444,0.1370089750073289
2326.0,-685.562858515526,304.14399060974534,-686.2475161912495,304.4032857188399,-96.23065409819544,-6.657501016594708,-0.014323760736321613,0.14475138805341023
2327.0,-672.9291454644092,331.1591236619339,-672.2764524256718,330.6739144932844,-100.76693592535145,-4.282029214969332,-0.01086481562018339,0.15214220805282327
2328.0,-659.2313931168253,357.6506260713797,-658.4400769147468,358.22631137975924,-104.48509321324013,-2.851637425479042,-0.008925709838826493,0.15822929288394386
2329.0,-644.4912604347459,383.57660932756636,-645.1955166741034,383.57616127896114,-107.29676216342027,-0.7391777979094091,-0.0058740848447262324,0.16286640877149
2330.0,-628.7320545977075,408.8960791220006,-627.5443302628165,408.57166542609224,-110.5087624525951,1.4431112049075032,-0.0027069832853772033,0.1681946396049563
2331.0,-611.9786941493708,433.56900016863625,-611.3667009782681,434.47474915033825,-113.10866953500914,3.0819255934708765,-0.00041596354152141873,0.17253064722937822
2332.0,-594.2576695961807,457.5563595078932,-594.8133683884251,457.40012585019593,-114.64553372713287,5.043167553733545,0.0024246835177301933,0.17517937077490361
2333.0,-575.5970015204309,480.8202281941651,-575.4241400033258,481.51002739316374,-116.54239153364763,6.880551554083216,0.005053697667748992,0.17843577309141676
2334.0,-556.0261962739636,503.3238212692777,-557.1274721151168,503.4139413967832,-117.70843251969684,8.920244351509421,0.008031712938172836,0.18051566375444672
2335.0,-535.5761993225623,525.0315559270691,-534.3703108407441,524.8968299049852,-119.61834927053663,11.188509229816987,0.011378668261667712,0.18383409700909478
2336.0,-514.2793463148099,545.9091077771205,-514.2646159679172,546.6994346880601,-120.68963870312274,12.992708804741795,0.01398312515910977,0.18578534099553523
2337.0,-492.16931195278175,565.9234651186725,-493.14725573128277,565.6562920300927,-121.25698615215208,15.032633885539338,0.0169976026429846,0.1869469262430947
2338.0,-469.28105674542,585.0429811389091,-470.3169266724905,584.7722591273439,-121.94836528018568,16.956905179466702,0.019826062795326914,0.1883268927214831
2339.0,-445.6507717287829,603.2374239530736,-443.8790994193577,602.9797402976346,-123.08926324890956,19.345150734955485,0.023404087122119447,0.19046647158747737
2340.0,-421.31582124057815,620.4780244072929,-421.1295411801018,621.186233329976,-123.633296951335,21.230093099797188,0.026181091643956576,0.19161094133955492
2341.0,-396.3146838394646,636.737521568523,-395.7834378849016,637.5567784042504,-124.17203414710347,23.473885448876143,0.02955170845882666,0.192778781256335
2342.0,-370.6868914625423,651.9902058296868,-370.4483342571871,651.9459413757984,-124.44122157085147,25.56547077597017,0.03270434620733377,0.19351748467422228
2343.0,-344.47296691723346,666.211959561849,-343.2762725956609,666.0590487715698,-124.80301222777695,27.989760383404942,0.03638988010902891,0.19442606789037953
2344.0,-317.71435980639603,679.3802952491425,-318.0458111130938,680.0837789914235,-125.01265451392716,29.857542976359017,0.039190787941400754,0.19506872072889625
2345.0,-290.4533809879807,691.4743910461551,-290.568575451261,691.9966791248731,-124.99480341788939,32.22815706760369,0.04281784048450131,0.19537682278687443
2346.0,-262.73313567286823,702.4751237015458,-263.3688193024589,702.4457486393644,-124.75624021936783,34.457971652383755,0.04623873114709246,0.19533025233967932
2347.0,-234.59745526667032,712.3650987958368,-234.46704074159888,712.8015341266401,-124.79613089168579,36.590813925659255,0.04950642802944422,0.19574769961446217
2348.0,-206.09082806326902,721.1286782455653,-205.62905623081667,721.368852591415,-124.68953305787453,38.92827739991886,0.0531216929748813,0.19593122190667825
2349.0,-177.25832889967873,728.7520050303075,-177.93809030147736,728.6763708606899,-124.06215141142559,41.39958213417031,0.05696540164030894,0.19527184351280968
2350.0,-148.14554788346447,735.2230251034772,-148.77198507333358,735.1456564871582,-123.74533586700197,43.8429449145751,0.06077490511742913,0.19512481241285548
2351.0,-118.79851830541129,740.53150645225,-119.64476289056107,740.7473697605346,-123.57840640346205,46.18517843739455,0.064434081517262,0.19521585622003265
2352.0,-89.2636438514286,744.66905527648,-89.35892559567554,744.6369847809295,-122.88664729224672,48.5529710147516,0.06815490443665562,0.1944857972279685
2353.0,-59.58762522878572,747.6291292610218,-60.14203793523482,747.5491249213559,-122.27065473557191,50.91762054886993,0.0718826961557083,0.19386323305549255
2354.0,-29.817386322694286,749.4070479204764,-30.591232460125962,749.589431131406,-121.43782362895372,53.45561693608739,0.07589705528665575,0.1928996490946703
2355.0,0.0,750.0,0.5165782727720214,749.8177358244247,-120.81496654200681,56.06624282982875,0.0800491994008004,0.1922893177665157
2356.0,0.0,750.0,0.21340455489423796,750.0059618629135,-120.88821574385184,55.99121393266558,0.0799274820030309,0.1924021845317294
2357.0,0.0,780.0,0.08198919833163686,780.3556874727198,-122.28821494073763,55.54001531709264,0.07883768483700117,0.19462874301651328
2358.0,-29.876132278227477,779.4276212196318,-30.094012777591058,779.4684523030897,-122.82132289839639,53.124707670987654,0.07500446927240116,0.19510764600559147
2359.0,-59.70841721246661,777.7113249233175,-59.16870171807354,777.7349335259324,-123.72465477071431,50.83204318807676,0.07137681077677131,0.19618926640622544
2360.0,-89.45307181075243,774.8536300125465,-89.31875587279792,775.0613911200204,-124.26002478050354,48.51876071010913,0.0677278501667216,0.19667208734534683
2361.0,-119.06644169072212,770.8587305486718,-119.03365218843504,771.1467024795644,-124.75823278846524,45.81064901211253,0.06346569962048793,0.1971010924878577
2362.0,-148.50506514844125,765.7324895975468,-149.1462388873984,765.6751732708282,-125.23543662235757,43.45159295123136,0.05977815495906845,0.1974917979457459
2363.0,-177.72573694444733,759.4824306246677,-176.9169586490797,759.0943926719189,-125.6761765056869,41.503668987191965,0.056758532324092476,0.19785315000471473
2364.0,-206.68557171339623,752.11772645345,-206.53260801659553,752.6947505772168,-125.94620016325001,39.03078589173787,0.05290119288391083,0.19792020394888526
2365.0,-235.34206690425003,743.6491858028459,-236.29238633716827,743.5191971212872,-125.77120518664158,36.646397552680064,0.049218693734044056,0.19727722359571376
2366.0,-263.6531651586321,734.0892374240581,-262.9856992344624,734.0752851741563,-126.34111487094742,34.40749500020069,0.0457710289841744,0.19785735075055774
2367.0,-291.57731603579964,723.4519118596339,-291.9422060807372,724.3680296561982,-126.33729461197372,31.905327701603667,0.041907590539007826,0.1974966410657792
2368.0,-319.07353699364523,711.7528208517091,-320.1664339852796,712.0288389743328,-126.0007741740274,29.805201103589695,0.03871625298061086,0.19661539080082352
2369.0,-346.1014735362285,699.0091344296234,-345.35816862754547,699.1382451431573,-126.35943265765025,27.884404791206922,0.03581708145566731,0.1968776910155924
2370.0,-372.621458439565,685.2395557105351,-372.0052839009575,685.0768932086826,-125.93946514542563,25.407932819918415,0.032047862894746336,0.1958829454626651
2371.0,-398.59456996874616,670.4642934500168,-398.47755701178875,671.0859196399964,-125.59235788926871,23.310565067761033,0.028881145516105967,0.19500630189604076
2372.0,-423.9826890009526,654.7050323829209,-425.3189693430401,654.6896457352283,-124.92987186625423,21.043313568475284,0.02547350740436348,0.19362319659448224
2373.0,-448.74855497052414,637.9849013980397,-447.1356239457802,637.7655198673527,-124.87607973380109,19.19479949633018,0.022738775195163194,0.1932703957796345
2374.0,-472.8558205539776,620.3284395932727,-474.3263609646112,620.06508625411,-123.65686951962238,16.81090423651939,0.01916146478130587,0.19099695823847782
2375.0,-496.26910501471656,601.7615602611156,-494.87429830741866,601.4504547946842,-123.59080905327316,15.003957990794973,0.016513593398707817,0.19064016970966272
2376.0,-518.954046129141,582.3115128573309,-519.1466322441607,583.477150322958,-122.70933166895544,12.818710828291449,0.013255783093074116,0.18893999226504674
2377.0,-540.8773506179485,562.0068430086138,-541.6682587038528,561.6624142604265,-121.47972762290102,10.915518755816583,0.010493923313941413,0.1867071948970323
2378.0,-562.0068430086138,540.8773506179485,-562.9572462172902,540.5363230752497,-120.13649258643217,8.76305362608599,0.007326899327259267,0.18430864428662344
2379.0,-582.3115128573311,518.9540461291408,-580.5815529766456,518.6597731298158,-119.34635463555783,6.985355372391763,0.004765526196937689,0.18283525627381128
2380.0,-601.7615602611156,496.26910501471656,-601.8473223345549,497.09417590769726,-117.88045042640321,4.714315185441297,0.0014151667639271041,0.180241755963544
2381.0,-620.3284395932727,472.8558205539776,-621.2429420759044,472.74014011425226,-115.98959969560356,2.8255730783290702,-0.0012925964461402567,0.17699483593020007
2382.0,-637.9849013980397,448.74855497052414,-636.4221049138616,448.38440758463986,-114.43662655664907,1.2401237792711197,-0.0035176333802652117,0.1743373036191849
2383.0,-654.7050323829209,423.9826890009526,-652.9265393211707,423.59721610490965,-111.84945018850418,-0.6571369656019991,-0.006233649577474305,0.1700175551823407
2384.0,-670.4642934500171,398.5945699687459,-669.7420614005729,399.30105623408525,-109.47414185685533,-2.9858202443193687,-0.009642309713701863,0.1660311953161311
2385.0,-685.2395557105351,372.621458439565,-684.7877478968434,373.2765628259844,-106.4567039270562,-4.867914036889861,-0.012319033753455041,0.16104452958178184
2386.0,-699.0091344296234,346.1014735362285,-700.1576882943922,346.2590639103526,-102.14985134972157,-6.881620376053539,-0.015193064355328993,0.15400172557019662
2387.0,-711.7528208517091,319.07353699364484,-710.8540454954433,318.56232738878185,-98.10838274472955,-8.386249760340112,-0.01724855521484149,0.1474385305153858
2388.0,-723.4519118596339,291.5773160357995,-723.0405419211866,291.11093924867845,-93.2998708514382,-10.237196860451727,-0.01985823261286424,0.13963629845693326
2389.0,-734.0892374240581,263.6531651586321,-733.1777770326902,263.2347215640702,-87.83472830291912,-12.226125032018459,-0.02268231083073265,0.13081410350055003
2390.0,-743.6491858028459,235.34206690425003,-743.118624654589,234.9800439118657,-81.64301581831566,-14.09096093982946,-0.025304255087883303,0.12083794172812626
2391.0,-752.11772645345,206.68557171339623,-751.8656452392988,206.34359712504454,-74.23103558996151,-15.891114566643777,-0.027818578781288537,0.10893428428990436
2392.0,-759.4824306246677,177.72573694444714,-759.4045885378879,177.4697804871422,-66.58899657651752,-17.580525809338248,-0.030153743434142656,0.09667927221294388
2393.0,-765.7324895975468,148.50506514844125,-765.2254659065875,148.25869399560062,-58.2612408934921,-19.198152148731335,-0.03237052833025119,0.08335394926757328
2394.0,-770.8587305486718,119.06644169072212,-770.2267865895383,118.80972988911499,-49.27812105056804,-20.58301788867126,-0.03421394994606287,0.06899561895496785
2395.0,-774.8536300125467,89.45307181075206,-774.3220337854336,89.26952997758342,-39.071636003347464,-21.544756539781133,-0.035382826522011426,0.0527013391050733
2396.0,-777.7113249233175,59.70841721246641,-777.5478295295856,59.67204736543868,-28.29944986605167,-22.347960346484967,-0.03629868551688435,0.03551736615554138
2397.0,-779.4276212196318,29.876132278227477,-779.6838108726979,29.880348280015028,-18.51283996058316,-22.49905659793636,-0.03617430453941796,0.01991533342430529
2398.0,-780.0,0.0,-780.2947922130352,0.2757254618573552,-8.058399160457684,-23.225313700172936,-0.03696761160467559,0.0032690914463899467
2399.0,-780.0,0.0,-778.1249053077117,-0.4864313225460603,-8.333995314415105,-22.716470786005193,-0.036148428840742805,0.0037342908944467965
2400.0,-779.4276212196318,-29.876132278227477,-779.3545761694045,-30.089078317544402,2.5139190020513804,-23.484709074766993,-0.03700857523737659,-0.01354576070826632
2401.0,-777.7113249233175,-59.70841721246641,-777.9576878721349,-59.957737932190675,13.784583806997142,-23.485898079452245,-0.03664466693311541,-0.031466473211575655
2402.0,-774.8536300125467,-89.45307181075206,-774.8637097147921,-89.84248436189107,24.348695520785498,-23.12138165706067,-0.03569852334971858,-0.048241887331263555
2403.0,-770.8587305486718,-119.06644169072212,-771.9043021956039,-119.22101905000825,34.68500760798093,-22.35205818831764,-0.03411430890353522,-0.06465639516783864
2404.0,-765.7324895975468,-148.50506514844125,-766.1567578930427,-148.81418551034497,43.939585316821926,-21.255885912609624,-0.032007269835138595,-0.07931512303459189
2405.0,-759.4824306246677,-177.72573694444714,-759.6317688499763,-177.9863707047323,53.17627924947308,-20.196129702842367,-0.029963344481909536,-0.0939358666428819
2406.0,-752.11772645345,-206.68557171339623,-752.0966632289119,-207.21925766445068,61.46955649874335,-18.541031459082692,-0.026971159440404482,-0.1070427450952904
2407.0,-743.6491858028459,-235.34206690425003,-743.3399582270466,-235.25812876648584,69.12765606837921,-17.333824815250683,-0.024706439099694184,-0.11912374597866851
2408.0,-734.0892374240581,-263.6531651586321,-733.5113392270702,-263.5314171670819,75.52266241636492,-15.70213783368223,-0.02176326641672721,-0.12918134386227692
2409.0,-723.4519118596339,-291.5773160357995,-723.1125290634819,-291.37178230089603,81.71752726372404,-14.316580014983904,-0.01921712246236222,-0.13891342353874783
2410.0,-711.7528208517091,-319.07353699364484,-711.1425261142189,-318.83403473927245,86.79351882631788,-12.7177143008751,-0.016336119184369335,-0.146845518720159
2411.0,-699.0091344296234,-346.1014735362285,-698.3474107357425,-345.8581676837844,91.55413270686624,-11.220399738487188,-0.013622105221662585,-0.1542655696016501
2412.0,-685.2395557105351,-372.621458439565,-685.210044142394,-372.75008676107285,95.66014949045206,-9.483133023527776,-0.01052781476672793,-0.1606396053046457
2413.0,-670.4642934500171,-398.5945699687459,-670.9190752880135,-399.23245742496664,99.4066809945126,-7.792789584575974,-0.00751322075332821,-0.16642737427999438
2414.0,-654.7050323829209,-423.9826890009526,-654.2387018694882,-423.58401745556716,102.17030764471464,-6.5866570552294155,-0.0052953683175744806,-0.1706215386216624
2415.0,-637.9849013980397,-448.74855497052414,-637.3714030335077,-448.4588022330306,104.70379479426914,-4.99494989367214,-0.002457446876068774,-0.17444713530152636
2416.0,-620.3284395932727,-472.8558205539776,-621.2437440831811,-473.2095825164457,107.41050035055915,-3.133028389070152,0.0008090153696614014,-0.17855747598766877
2417.0,-601.7615602611156,-496.26910501471656,-600.9595907928782,-495.9852790921059,109.16197117755932,-1.5321726188355722,0.0036357897978400162,-0.1810966089105961
2418.0,-582.3115128573311,-518.9540461291408,-582.0472372035789,-518.4826503818705,111.01702641858334,-0.07421800353158974,0.006231721331985522,-0.18381740194243767
2419.0,-562.0068430086138,-540.8773506179485,-563.0407492591693,-541.5728025431765,112.68364243847573,1.7382785215319878,0.009399183612098001,-0.18623713177823115
2420.0,-540.8773506179485,-562.0068430086138,-540.7398675299169,-561.763745717403,113.93635570366132,3.149959344993059,0.011893221356609735,-0.18795776856900612
2421.0,-518.954046129141,-582.3115128573309,-518.5176686158079,-582.2576215093533,115.2079277002154,5.46302979583751,0.015825575257170713,-0.18970938358926093
2422.0,-496.26910501471656,-601.7615602611156,-495.5673830437399,-601.2917904436514,116.32358850028972,6.99950878069824,0.018504068461703622,-0.19120394137593677
2423.0,-472.8558205539776,-620.3284395932727,-474.1620695959964,-621.0155570791399,117.69145166261553,8.824187696407188,0.021649691586507223,-0.19311881292042335
2424.0,-448.74855497052414,-637.9849013980397,-448.2523564832398,-637.7938099870811,118.23417905860639,10.511911237436125,0.024541269835965364,-0.19366527484507143
2425.0,-423.9826890009526,-654.7050323829209,-424.0940106504161,-654.5818618008019,119.22724102429133,12.7827850705146,0.02836108060780841,-0.19494991544540363
2426.0,-398.5945699687463,-670.4642934500167,-398.4149091510444,-669.8686715929019,119.72472639246261,14.378060190006293,0.031087256961201366,-0.19542719674059472
2427.0,-372.621458439565,-685.2395557105351,-373.2951961267731,-686.0918046761668,120.74877911003364,16.48353355249955,0.034636906163844614,-0.1967493868165423
2428.0,-346.1014735362285,-699.0091344296234,-345.7221602449613,-699.0154204071691,121.20007735258933,18.31320460759595,0.03770719326160397,-0.19712996405524305
2429.0,-319.07353699364523,-711.7528208517091,-318.61020751267966,-711.7318940180044,121.76145080531154,20.61703283015395,0.04152958806547686,-0.19769137830486613
2430.0,-291.5773160357995,-723.4519118596339,-291.17481255242996,-722.6091303363713,122.10227438348386,22.3477347539914,0.04441729894555233,-0.19789781533896886
2431.0,-263.6531651586321,-734.0892374240581,-265.0938184388545,-734.7668584718296,122.62372269456118,24.565057648957545,0.048095173303846266,-0.198408312874362
2432.0,-235.34206690425003,-743.6491858028459,-235.76933274365618,-743.3737991261133,122.7468011253422,26.416649437045447,0.051147482129166415,-0.1982450621000671
2433.0,-206.68557171339623,-752.11772645345,-206.6236727912698,-751.4278547238041,122.83113397899689,28.417688130232165,0.05443087192296036,-0.19802233589856702
2434.0,-177.7257369444475,-759.4824306246677,-177.67517749460043,-758.8113597876555,122.98315350246433,31.16614295947402,0.05889559922855597,-0.1979097510480779
2435.0,-148.50506514844162,-765.7324895975468,-149.63581736891655,-766.1416496726647,123.2516674985291,33.4226143695952,0.06257665887857693,-0.19799370706293132
2436.0,-119.06644169072176,-770.858730548672,-118.86762940752699,-770.5201688118581,123.02915124412334,35.54407454292624,0.06600669121527167,-0.19726274428161106
2437.0,-89.45307181075206,-774.8536300125467,-89.13480531211962,-774.1749018115958,122.82119071228556,37.704495598172876,0.06948986753219304,-0.1965676277254387
2438.0,-59.70841721246641,-777.7113249233175,-60.77877142314377,-778.2790638260311,122.90237338645777,40.49231915909851,0.07397709009493532,-0.19634955838655274
2439.0,-29.876132278227477,-779.4276212196318,-29.928710797795066,-779.174760339988,122.54015897452753,42.59988344196444,0.07734235240086272,-0.1953952563898296
2440.0,0.0,-780.0,-0.24845470203589168,-779.4802261657175,122.16526408539289,44.78995523469288,0.08083170094793203,-0.19443509935116618
2441.0,0.0,-780.0,-0.5260286377586568,-780.1187863219124,122.31060686206861,44.894774644027905,0.08100634664811782,-0.19466981900513308
2442.0,0.0,-810.0,0.13719458007803548,-809.3134353509398,123.38225411841545,44.029162887977975,0.07998622882501437,-0.19636727610936153
2443.0,-29.930714505207458,-809.4468187158485,-30.379298510873653,-809.5954671857618,123.84798714764081,41.80341618061857,0.07644729695577657,-0.19748224790998586
2444.0,-59.8205472546481,-807.7880304424883,-60.69108886531336,-808.204595746938,124.14008515370817,39.34707117391787,0.07252086849344325,-0.19831836399945482
2445.0,-89.62867233211597,-805.0259008851716,-90.29351398947232,-805.3456003514038,124.26085632557538,37.040527360674226,0.06881487596103848,-0.19887311738672053
2446.0,-119.31437542425675,-801.1642027806282,-119.8716631180913,-801.5211311338453,124.2788240662688,34.58981452564313,0.06486760717234587,-0.19926395672414632
2447.0,-148.83710943142165,-796.2082107439605,-148.57133084492662,-795.9860398310763,124.1486825079151,32.775876855408484,0.06191284759253837,-0.19940831405306458
2448.0,-178.15654985013137,-790.1646940641537,-178.02840331762252,-789.9873114550586,124.18798808272116,30.486920185394364,0.05819639364329814,-0.19983163078570898
2449.0,-207.2326498514927,-783.0419074580419,-207.18140420321905,-782.3974830901665,123.91303140324389,28.051510271371935,0.05422736595850159,-0.19975105964991144
2450.0,-236.0256949803529,-774.849579795357,-237.09894960019588,-775.4716390780153,124.06289443975432,25.94979112400358,0.05079755542183097,-0.20035597344722672
2451.0,-264.4963574004675,-765.5989008102638,-264.2098889175984,-765.1855921756828,123.67540898871873,24.023177541981557,0.0476052817344012,-0.20007129813646707
2452.0,-292.605749611594,-755.3025058175281,-292.0242496145458,-754.6213295156325,123.15641818409732,21.66605059781564,0.04372441744961128,-0.19958594033759722
2453.0,-320.3154775651393,-743.9744584541977,-320.9721866984116,-743.3192554968086,122.83691005340218,19.461279072705157,0.04007699838962169,-0.19943195195415064
2454.0,-347.5876931058131,-731.6302314703645,-348.8220255472059,-732.399442912688,122.56650351110515,17.625568608345493,0.037021639796264834,-0.19934266279648177
2455.0,-374.3851456676537,-718.2866855952501,-374.0672264921696,-717.6805462061043,121.78675546844477,15.817286993548327,0.033963408292637776,-0.1984108325340194
2456.0,-400.671233153821,-703.962046507478,-400.3851900386976,-703.4971975373013,121.06298886350255,13.792860093411067,0.030567729725421645,-0.1975812375913777
2457.0,-426.410051930658,-688.6758799409876,-426.4652633111096,-688.1654814499956,120.29203465684486,11.940698792875144,0.027432156350597692,-0.19667362781234596
2458.0,-451.5664458677372,-672.449064960596,-452.57462213101303,-673.339352151036,119.8271119859208,9.929250080754763,0.024049261094194706,-0.19625344100915992
2459.0,-476.10605435690326,-655.3037654437074,-475.1475806003164,-655.0880447138538,119.02810714943911,8.322949978258524,0.02126923181313975,-0.195258235726346
2460.0,-499.99535924473236,-637.2633998071215,-499.3066700766614,-636.8978990072754,117.83178796598649,6.37452673579935,0.017945445689428016,-0.19365011032412752
2461.0,-523.2017306142978,-618.3526090202932,-522.7841696570182,-617.9394841683371,116.7261366724584,4.512929100156381,0.014750437839612227,-0.19217793993755578
2462.0,-545.6934713537113,-598.5972229487339,-546.9659647998077,-599.365000708783,115.8961892381754,2.748844605864894,0.011715328971609125,-0.19115319135991393
2463.0,-567.4398604505657,-578.0242250735195,-566.474473878034,-577.6520660728621,114.49960111312005,1.138575289599548,0.00888658803624655,-0.1891693725056871
2464.0,-588.4111949531416,-556.6617156351027,-588.1874965926937,-556.3481382839468,113.15894389218072,-0.7325486091040747,0.0056476932344110345,-0.18730156906877585
2465.0,-608.5788305410672,-534.5388732517655,-608.1140484201633,-534.2315554955916,111.59317990052067,-2.4706598998706526,0.0026105420093112063,-0.18505361821853794
2466.0,-627.915220650015,-511.6859150651333,-628.8309315076303,-512.4420500163247,110.15427386649668,-4.020667085506307,-0.00012322652738288125,-0.18301724724408347
2467.0,-646.393954096994,-488.1340554671977,-645.612938458938,-487.8476804269305,107.55283623274782,-5.867117864797003,-0.0033631507915215706,-0.1790824594423716
2468.0,-663.9897911548491,-463.91546346520926,-664.7583779703713,-464.55885175011593,106.05422043258967,-6.923568676565975,-0.005329762132786828,-0.17693181199676214
2469.0,-680.6786980266932,-439.0632187426839,-679.9824113722094,-438.59395901068575,103.04440761284131,-8.702771080135511,-0.00847944204265374,-0.17232799444037739
2470.0,-696.4378796731818,-413.6112664765344,-696.4465358646557,-413.5055648235107,100.25066180521787,-10.494742473935078,-0.011638709977663798,-0.16808324557612456
2471.0,-711.2458109477953,-387.5943709720421,-711.8413942129986,-388.23983114574406,96.98057074180564,-11.803265627132076,-0.014030718012394286,-0.16306727441764146
2472.0,-725.0822659976005,-361.04806817899606,-725.241380246262,-361.0196692918209,92.99480191835919,-13.483460112843312,-0.017038195173728253,-0.1568878355803309
2473.0,-737.9283458893315,-334.00861715386213,-738.5706126419127,-334.534222022839,88.94069015375135,-15.020059408495724,-0.01980813546245175,-0.15059875905602718
2474.0,-749.7665044230604,-306.51295053427145,-749.4074352831179,-306.1495558654576,83.47311567535894,-16.83551607932804,-0.023045150730152553,-0.1420295622793286
2475.0,-760.5805720981958,-278.5986240934819,-760.955138944301,-278.7215740908071,77.97706971390151,-18.375936725311348,-0.025832716081341366,-0.13342375787052654
2476.0,-770.3557781990744,-250.30376544370742,-770.5329296165086,-250.93379708346905,71.54800297719312,-19.604427307678964,-0.028128235719749914,-0.1233088793069042
2477.0,-779.0787709699836,-221.66702195838698,-779.491168616605,-221.7128044587298,64.64016538674367,-21.165863742225213,-0.03097120769250469,-0.11242442563094926
2478.0,-786.7376358520522,-192.72750798452103,-786.869610083696,-193.20182083588293,57.233988559370744,-22.42641316286908,-0.03332660764852794,-0.10072749268853588
2479.0,-793.3219117571065,-163.52475141717804,-793.1481677863343,-163.59498234875073,47.91088733920882,-24.01484499786191,-0.03621726957930999,-0.0859662095730401
2480.0,-798.8226053562561,-134.0986397091453,-799.0457586381943,-134.2122121113662,38.49951687980775,-25.062400430509964,-0.03824435582196682,-0.0710597759093794
2481.0,-803.2322033637016,-104.48936538946458,-803.2823468663947,-104.73642766960437,28.661990368304757,-25.923662715807865,-0.03997608645441203,-0.05545475156944273
2482.0,-806.5446827989778,-74.73737116527485,-806.3017444521473,-74.84276229981378,18.265529436014887,-26.409516703750246,-0.04111545400122766,-0.03894524856940489
2483.0,-808.7555192136215,-44.8832946819358,-808.5732452260798,-45.029684507466975,7.389000614105343,-26.301559237260296,-0.04130875431179367,-0.02166253432087579
2484.0,-809.8616928710227,-14.967913016895272,-809.829046737815,-14.922330711636347,-3.0206376795244907,-26.330788365457774,-0.04172399785929539,-0.005110460185622565
2485.0,-809.8616928710227,14.967913016895272,-809.7516173198297,14.765065430736405,-13.181594190705392,-26.159990061784654,-0.04181574465144645,0.011062152643321109
2486.0,-808.7555192136215,44.8832946819358,-808.9336376399787,44.87033313139319,-23.269643873346414,-25.887419411334104,-0.041750633384638434,0.027127800149758657
2487.0,-806.5446827989778,74.73737116527485,-806.091738489576,74.69177070018632,-33.811084338188046,-24.98430891304294,-0.04067851072190309,0.04393982838444026
2488.0,-803.2322033637016,104.48936538946458,-803.3820503703702,104.52499448283432,-43.49219146938628,-24.077950221158048,-0.03960136274394345,0.059380974406648794
2489.0,-798.8226053562561,134.0986397091453,-798.6458226512583,133.8016348593318,-53.233302621449525,-22.8047534308461,-0.03793355733731732,0.0749424387696198
2490.0,-793.3219117571065,163.52475141717804,-792.6012628140257,163.6271361698931,-62.487444956342095,-21.548960880779436,-0.03630017352431853,0.08974489129670431
2491.0,-786.7376358520522,192.72750798452103,-787.0393263529513,192.82667374075314,-70.30993558598176,-20.126908064186658,-0.03439451211780738,0.10226288869162473
2492.0,-779.0787709699836,221.66702195838698,-779.3570623952214,221.88973160493924,-77.44510856419642,-18.43576979984252,-0.0320589164567939,0.11371295366288814
2493.0,-770.3557781990744,250.30376544370742,-769.9311571259738,249.92185574111627,-84.4181262883759,-16.293574125251933,-0.02899281481379227,0.12492629485971012
2494.0,-760.5805720981958,278.5986240934819,-759.3215194782107,279.00486863956763,-90.77043542562171,-14.609228525997475,-0.02666827440379998,0.13516624479655742
2495.0,-749.7665044230604,306.51295053427145,-751.2231015596016,306.79482063637244,-95.44284468737537,-12.869741474277909,-0.024240137564733893,0.14270179620266848
2496.0,-737.9283458893315,334.00861715386213,-736.9250413565802,333.48534940226716,-100.64794224169782,-10.429167727693345,-0.02068272198894795,0.15116107420854122
2497.0,-725.0822659976005,361.04806817899606,-725.7919485002503,361.1655289016808,-103.79778821684816,-8.735785948412472,-0.018326619589196503,0.15631055646395503
2498.0,-711.2458109477953,387.5943709720421,-710.1896889799269,387.11192899232,-107.67826396399757,-6.523421731459654,-0.015123297436727919,0.16267760588009592
2499.0,-696.4378796731818,413.6112664765344,-695.6634572109068,414.4158574783002,-110.9614372674751,-5.050262347452601,-0.013113081928895954,0.16808084084924582
2500.0,-680.6786980266932,439.0632187426839,-681.7870729242582,438.9896329797171,-112.9657395599415,-2.9769104617279063,-0.010114194276978041,0.1714407307241153
2501.0,-663.9897911548491,463.9154634652092,-662.7526691485616,464.25610642814434,-115.43737961064505,-1.1028011870114138,-0.00744089454218982,0.17560758186690417
2502.0,-646.393954096994,488.1340554671977,-647.4431967030674,488.03629057253556,-117.20502210424941,0.796015171062297,-0.004710069718159879,0.17860836696537644
2503.0,-627.915220650015,511.6859150651333,-626.9998462707956,511.5819212406204,-119.25807627584008,2.9423476407739866,-0.0015824381974481356,0.1821262733219521
2504.0,-608.5788305410672,534.5388732517655,-607.8112368693942,535.2974837586324,-120.6696094688218,4.712860885738212,0.0009449772992324141,0.18460780055073506
2505.0,-588.4111949531416,556.6617156351027,-587.0440649030713,556.5695068059165,-121.77971965232099,6.883792948054804,0.004139605098406394,0.18662893077321785
2506.0,-567.4398604505657,578.0242250735195,-567.0219977313218,578.8262355130431,-122.87280821270163,8.567549860670754,0.0065468099018145265,0.18861384496290784
2507.0,-545.6934713537113,598.5972229487339,-545.8616180528311,599.4526355182161,-123.7642037434896,10.712646539312898,0.009708226338685443,0.19029169560851802
2508.0,-523.2017306142978,618.3526090202932,-524.6846282926198,617.9855114604611,-124.33925385168129,12.692799259718093,0.012632765645094123,0.19146627030004149
2509.0,-499.99535924473236,637.2633998071215,-498.67210348883646,637.1744617276271,-125.19990007635097,14.914340361504081,0.015933451568061238,0.19315460599471315
2510.0,-476.10605435690326,655.3037654437074,-474.9673104326821,654.9615344361592,-125.96377180979663,16.913275267612484,0.018897017483407597,0.1946606575748432
2511.0,-451.5664458677372,672.449064960596,-451.15323694303714,673.2224270403827,-126.50808815528062,18.99483403450276,0.02198628049795344,0.19581861425671193
2512.0,-426.4100519306582,688.6758799409876,-426.9317605628121,689.9390965067622,-126.92715131617548,20.996288108445714,0.024966964992900863,0.19678221375607552
2513.0,-400.671233153821,703.962046507478,-400.3109490684845,704.8453920294614,-127.20881016529245,23.008531421518544,0.02798699269581996,0.19755651209327385
2514.0,-374.3851456676537,718.2866855952501,-376.37049984788814,718.4815437158854,-127.00934383939136,25.300320482875566,0.03146748669244161,0.1975322496079208
2515.0,-347.5876931058131,731.6302314703645,-348.30158874903805,731.2562928085109,-127.22083044125446,27.519072767894787,0.034842288623443865,0.1982126001815069
2516.0,-320.3154775651395,743.9744584541977,-320.64886708950183,743.5312253391617,-127.30809775606997,29.768245425640085,0.038271627321221593,0.19869015255871086
2517.0,-292.60574961159386,755.3025058175282,-291.81682660715387,755.2635570850524,-127.77680703582526,32.10388537882449,0.04184522821093922,0.19978923176377245
2518.0,-264.4963574004675,765.5989008102638,-264.00783045530426,765.7033493411665,-127.64252509368349,34.211648972965854,0.04507198230716792,0.19991609143661326
2519.0,-236.0256949803529,774.849579795357,-236.59106102649105,775.466312577343,-127.46342512417358,36.25863027780704,0.048210287492096396,0.19996681741346514
2520.0,-207.23264985149294,783.0419074580418,-206.95722490341305,783.6691738372938,-127.23125916725076,38.71196768188767,0.05201443502209855,0.19996023860390655
2521.0,-178.15654985013157,790.1646940641537,-178.8352321431022,790.2114186855216,-126.58222703704352,41.11233727635483,0.05575461918899675,0.1992716811688389
2522.0,-148.83710943142205,796.2082107439604,-149.10682815042142,796.8557167091252,-126.55284806666367,43.326442407646944,0.05919710441305806,0.19958900604244398
2523.0,-119.31437542425635,801.1642027806282,-118.78453991232125,801.3184147869332,-126.00820055586117,45.7094180494009,0.06293507339729526,0.1990935288480111
2524.0,-89.62867233211576,805.0259008851716,-89.99350194829849,804.7052235632467,-125.25686711263704,48.21268437336618,0.06687766733543828,0.1982503475948884
2525.0,-59.8205472546479,807.7880304424883,-60.14302032911197,807.7776729188266,-124.78037747945216,50.65699941694305,0.07073028734812462,0.19785756882892835
2526.0,-29.930714505207458,809.4468187158485,-30.40071555868069,809.8324160123047,-124.15868829185092,52.78093125766623,0.0740854654776157,0.1972323729558353
2527.0,0.0,810.0,0.1955529516624482,810.2474599195788,-123.54010152808456,55.29764091173758,0.07808585026386856,0.19662257321438653
2528.0,0.0,810.0,0.6075110839649634,809.8659883890672,-123.49064167953021,55.33140615089757,0.0781442611825237,0.1965489006606368
2529.0,0.0,840.0,-0.22971197482806546,839.8587630255256,-124.52076602411341,54.953048601122624,0.07717476574219913,0.198178141026946
2530.0,-29.981560424743595,839.464773551873,-29.697683490304158,839.829821353204,-125.42911191717,52.714132291373204,0.07361177421141804,0.19926292496840667
2531.0,-59.924913887355196,837.859776272613,-60.29003999894939,838.0244168128307,-125.85904397556756,49.969885332097725,0.06926628026550907,0.19957251933106418
2532.0,-89.79190211469479,835.1870534883938,-89.47631206933879,835.2424608369614,-126.66279094907107,47.80129787864712,0.06584893667743634,0.20049427888709712
2533.0,-119.54446414955959,831.4500111799834,-119.71658142129264,831.8639000919948,-127.1558551612804,45.60064924325744,0.0623878727359157,0.20090866319508266
2534.0,-149.14468485361462,826.6534116423376,-150.12668657121992,826.6293510006748,-127.40575264755661,43.404860576508916,0.0589572739136467,0.20093395566438063
2535.0,-178.5548432245005,820.803367415774,-178.15522340081552,821.1036766040334,-127.98343766256,40.81452915613192,0.05490230620008341,0.20151010519109597
2536.0,-207.73746046554095,813.9073334964663,-208.0429951666946,813.537735852516,-128.01477054772855,38.54546476622059,0.05138363793272841,0.20119393829666601
2537.0,-236.65534774680089,805.9740978361777,-235.2234943671591,805.4348812138851,-128.68061947729822,36.62660871585861,0.048428919118695735,0.20192079094527446
2538.0,-265.2716535966209,797.0137701433486,-265.14729568690365,797.1460410298214,-128.82052101716138,34.275270701098634,0.04478816164027202,0.2017769751784706
2539.0,-293.5499108632426,787.0377689997998,-292.7871312341278,786.6751098198105,-128.76716126213626,31.99221775807765,0.04128280723851143,0.2013535461746228
2540.0,-321.4540831866754,776.0588073094808,-321.66333950395546,776.8754961505989,-128.85836036395793,29.799649506600208,0.037913242088373884,0.20114504791393176
2541.0,-348.9486109215846,764.0908760977954,-350.46556149745055,763.676985171366,-128.40882255632724,27.527554583534222,0.03445873251247359,0.20007684624064398
2542.0,-375.99845645267857,751.1492266821575,-374.78697978018084,750.9637146662493,-128.92486283926934,25.740230172860137,0.031769816442774546,0.2006002861094008
2543.0,-402.5691488448478,737.2503512364947,-402.46172461779014,738.1710776583324,-128.46384621418932,23.10409921271018,0.02773095479170356,0.19952762351287465
2544.0,-428.6268277711558,722.4119617744685,-430.2115180923901,722.3182556509702,-127.81674145995396,21.203780759320594,0.024900653119698284,0.19815787334166932
2545.0,-454.13828666270183,706.6529675781923,-452.07397295156306,706.5741557638236,-128.21221554949673,19.295206106014998,0.022055879780558382,0.1985195410122723
2546.0,-479.07101502536983,689.9934511012128,-478.7239019328017,690.7058396925827,-127.71671934139113,16.96299413556598,0.018538387982639574,0.19740455334699408
2547.0,-503.3932398695313,672.4546423764627,-504.49363892807287,672.1629635967264,-126.43101368479383,14.751933565378593,0.015246469890925304,0.19504268797103552
2548.0,-527.0739661999157,654.0588919617943,-525.4388143224038,654.030752296908,-126.47506376524179,12.882010166205395,0.012492459068987856,0.19485628085667334
2549.0,-550.0830165140394,634.829642457577,-549.9290796369743,635.7715208411248,-125.74048887784225,10.59195015448916,0.009071335672853481,0.19338723699775603
2550.0,-572.3910692588684,614.7913986326495,-573.54775787847,614.4802038341589,-124.58588361928877,8.666164156021432,0.006267106244690979,0.1912603683438986
2551.0,-593.9696961966999,593.9696961966999,-595.079945679499,593.6628266196107,-123.43838778183398,6.625692575819772,0.0032745447164050376,0.18917036787696478
2552.0,-614.7913986326495,572.3910692588684,-613.2900654797448,572.178192608989,-123.08387574205447,4.7787914645661935,0.0005982320336955797,0.18838312559862996
2553.0,-634.829642457577,550.0830165140394,-634.6353384367651,551.0347214434088,-121.74655048397558,2.7290050363978513,-0.0024051608717991714,0.18599329136635392
2554.0,-654.0588919617943,527.0739661999157,-655.0258747641832,526.9215364782073,-119.98539934836163,0.8641744094338252,-0.00507781747280367,0.18294060993347983
2555.0,-672.4546423764627,503.3932398695313,-672.05992511199,504.4588454071382,-118.61831276232795,-1.130512483444803,-0.007977360293870875,0.1805562085029695
2556.0,-689.9934511012128,479.07101502536983,-690.8760003974144,478.89157793155135,-116.2870520971863,-3.0339740686369043,-0.010693691865402352,0.17661545195448175
2557.0,-706.6529675781923,454.13828666270183,-705.6662966129247,453.81706836749964,-114.89757613964372,-4.739108330666554,-0.01310041049139345,0.17422289592847504
2558.0,-722.4119617744685,428.6268277711558,-721.0318587505925,428.2287915837076,-112.58463598261976,-6.566903615751428,-0.0156960581056219,0.1703535557151675
2559.0,-737.2503512364948,402.5691488448476,-735.9381614512063,402.15304498266136,-109.24772314699324,-8.494032435326757,-0.018443829920512494,0.1648601369058198
2560.0,-751.1492266821575,375.99845645267857,-749.9299018592211,375.5825153264579,-106.24172994751261,-10.430332491021874,-0.021200138616376863,0.15990459367464624
2561.0,-764.0908760977953,348.9486109215848,-763.4182995621835,349.5701570398226,-102.6871234384584,-12.739632576361629,-0.024556931206775334,0.1540820696672798
2562.0,-776.0588073094808,321.4540831866754,-775.6800645419947,321.9209113261088,-98.19110460536201,-14.520513822314946,-0.02705267217814928,0.146776263949007
2563.0,-787.0377689997999,293.5499108632424,-787.3558529851009,293.96102093578077,-92.8679023294026,-16.623147560334097,-0.03005669368824037,0.13816113133172797
2564.0,-797.0137701433486,265.2716535966209,-798.0339315478863,265.4284374875367,-86.78105602968118,-18.487587526701017,-0.03267460428026625,0.12834284042884322
2565.0,-805.9740978361777,236.65534774680108,-806.7922653317938,236.81109913255682,-80.661947162753,-20.227725883318747,-0.03509364472499003,0.11849671311770654
2566.0,-813.9073334964663,207.73746046554095,-814.4409455349983,207.86799677576414,-73.95076935580867,-22.114204221101403,-0.037741602860565,0.1077218687193214
2567.0,-820.803367415774,178.5548432245005,-819.9091778432381,178.6748157431665,-66.20631094759591,-23.678544085239277,-0.039873798984975346,0.09532921105422397
2568.0,-826.6534116423376,149.14468485361505,-826.0562287675884,149.19323839366518,-57.54799000972452,-24.970839213218266,-0.041569490482498334,0.08147378252693442
2569.0,-831.4500111799834,119.54446414955959,-831.1910452494731,119.56676067824544,-48.7306425534648,-26.264787276318174,-0.04326603811712197,0.06737765224255877
2570.0,-835.1870534883938,89.7919021146946,-835.0096125562109,89.75503078465412,-38.85945209180491,-27.200393896499108,-0.0443899988537929,0.05162039879059998
2571.0,-837.859776272613,59.924913887355196,-837.7918500269658,59.886241610266694,-28.839569747983614,-27.916310852055148,-0.04516361382628735,0.03563918676159153
2572.0,-839.464773551873,29.981560424743808,-839.6346064092864,29.906011219856754,-18.404105760918892,-28.409575879175176,-0.04558150243123713,0.01900806180418144
2573.0,-839.464773551873,-29.981560424743808,-838.6215266766663,-30.096482815070658,1.5795767396308886,-29.502635172743847,-0.04658631141124364,-0.012784549547232134
2574.0,-837.859776272613,-59.924913887355196,-838.1790965094284,-59.95983922837606,12.133248766643698,-28.847209006900396,-0.0451774325541577,-0.029575821825674205
2575.0,-835.1870534883938,-89.7919021146946,-835.3239707848755,-89.75755804766497,22.34289290259417,-28.681107665004763,-0.04454814220399366,-0.04579000849283954
2576.0,-831.4500111799834,-119.5444641495596,-831.9786622242424,-119.55346463565566,32.54833324108729,-28.28578218082336,-0.04355405249496936,-0.06199150135265866
2577.0,-826.6534116423376,-149.14468485361505,-826.5369095444549,-149.3729522400424,41.952398962349726,-27.197883906818902,-0.04145741016036415,-0.07689189180221871
2578.0,-820.803367415774,-178.5548432245005,-820.4994180999423,-178.83814077808074,50.97105413811071,-26.203551933951214,-0.039514022310140125,-0.091171586320926
2579.0,-813.9073334964663,-207.73746046554095,-814.2527211581641,-207.94911212022302,58.806623477065365,-24.732966066191633,-0.03681699093291653,-0.10356577911528646
2580.0,-805.9740978361777,-236.65534774680108,-805.8484470836046,-237.03622540762308,66.34638495052386,-23.244537709203787,-0.034091854541064684,-0.11546275528104306
2581.0,-797.0137701433486,-265.2716535966209,-797.2541472311829,-265.8645990490488,74.17506455263855,-21.81109036070498,-0.0314573919194098,-0.12781723168949835
2582.0,-787.0377689997999,-293.5499108632424,-787.3430603632105,-294.1536906636962,80.22808250121795,-20.30636509173246,-0.02871609153633962,-0.13732952814890872
2583.0,-776.0588073094808,-321.4540831866754,-776.5709194859261,-321.9264126008223,85.44914858995348,-18.69346397997946,-0.025808947917684955,-0.14550718679414013
2584.0,-764.0908760977953,-348.9486109215848,-764.6144215975341,-349.5638377176774,90.21788853898026,-17.260461839524442,-0.023189779380909888,-0.1529504412409438
2585.0,-751.1492266821575,-375.99845645267857,-751.6998186631954,-376.59561909084505,94.25174373854895,-15.686208627467408,-0.02035322008400832,-0.15921235639645126
2586.0,-737.2503512364948,-402.5691488448476,-737.9897776086153,-403.1341856853605,98.07550730402026,-13.832414743710496,-0.0170777983781578,-0.16513015862219108
2587.0,-722.4119617744685,-428.6268277711558,-722.8894195643596,-429.2241823927373,101.39956631655053,-12.454542080969874,-0.014565322444016511,-0.17023562917661547
2588.0,-706.6529675781923,-454.13828666270183,-705.8570437625284,-453.65955485375025,103.7620535723881,-11.133418858591817,-0.012163430187646016,-0.17378704937982464
2589.0,-689.9934511012128,-479.07101502536983,-689.3838887504712,-479.0042923037197,106.14896922010229,-9.4026651251448,-0.009098453756147162,-0.17738419733806457
2590.0,-672.4546423764627,-503.3932398695313,-672.5962201039382,-503.1250770614475,108.57843951578013,-7.756390552896278,-0.006182919800995457,-0.18104522128210504
2591.0,-654.0588919617943,-527.0739661999157,-654.7417605607474,-527.8085829973928,110.6257734014484,-6.031234209091312,-0.0031349499762096927,-0.18408499128109104
2592.0,-634.829642457577,-550.0830165140394,-633.739834419081,-549.7279950630583,112.08444651690787,-4.581642209252678,-0.0005594062088870971,-0.18614933162820327
2593.0,-614.7913986326495,-572.3910692588684,-614.621324332283,-572.1291592913266,113.47063301786807,-3.208992806424401,0.001899579617616144,-0.18812137209058855
2594.0,-593.9696961966999,-593.9696961966999,-595.3439608431686,-594.7440591606295,115.05105804256785,-1.4427148980899396,0.004987662282648531,-0.19040060729158548
2595.0,-572.3910692588684,-614.7913986326495,-572.0710914122545,-614.3984745927318,116.17016683350766,0.5930464742463463,0.008468384228867908,-0.19189670205039325
2596.0,-550.0830165140394,-634.829642457577,-551.2667069008062,-635.7135517634456,117.64270228425255,2.519895209249927,0.011796104408381091,-0.19398552427632632
2597.0,-527.0739661999157,-654.0588919617943,-526.4842406125065,-653.884789964063,118.35765513564577,3.843487239459955,0.014125209212104733,-0.19481989688778775
2598.0,-503.3932398695313,-672.4546423764627,-503.09501314841776,-671.9579837332459,119.2400898156925,5.524406158722615,0.017021816675260208,-0.19593788806641477
2599.0,-479.07101502536983,-689.9934511012128,-479.73963504150333,-690.7490311993356,120.48112767946274,7.836542156588467,0.020931828855404226,-0.1976270284901817
2600.0,-454.13828666270183,-706.6529675781923,-453.2489302044963,-706.469999783937,121.0009603405985,9.458256457952226,0.023705401604613065,-0.19812993692271497
2601.0,-428.6268277711558,-722.4119617744685,-428.59323400449256,-721.846276924899,121.64287458911912,11.110372037324554,0.026523138063776566,-0.19884961753717162
2602.0,-402.5691488448476,-737.2503512364948,-403.8564398455516,-738.1124534744021,122.55479015557087,13.045061579579903,0.029801503526673295,-0.1999980253910259
2603.0,-375.99845645267857,-751.1492266821575,-375.60572544082726,-750.8397542773704,122.74160288390767,15.201797153149204,0.03338992570908418,-0.19994936134959995
2604.0,-348.9486109215848,-764.0908760977953,-349.6149170457781,-764.9688910457331,123.75125087227023,17.120846811563307,0.03661722725553004,-0.20123795730559937
2605.0,-321.4540831866754,-776.0588073094808,-321.0270134607866,-775.8287693435386,123.81916271664107,19.094368595322248,0.03989118536227247,-0.20099592708321856
2606.0,-293.5499108632424,-787.0377689997999,-293.5700196912115,-786.3477729512356,124.13759225697261,20.89879137726301,0.04289183936582008,-0.20116645837910793
2607.0,-265.2716535966209,-797.0137701433486,-264.97067166452575,-796.9418374062237,124.67215129980872,23.35783260512442,0.04693527025260217,-0.20166698008011746
2608.0,-236.65534774680108,-805.9740978361777,-236.56884888320954,-805.2223636792191,124.93687059851364,25.22860679934482,0.050014111237413846,-0.20174045757623704
2609.0,-207.73746046554095,-813.9073334964663,-208.84217037274723,-814.6699801260146,125.37371276128378,27.30969732703566,0.053441974384769796,-0.2020961455922769
2610.0,-178.5548432245001,-820.8033674157741,-178.39955375330575,-820.437625212924,125.27293314582478,29.301420475991744,0.05668253642194744,-0.20156291995278672
2611.0,-149.14468485361505,-826.6534116423375,-149.78983565886531,-826.7507452741763,125.36355151934693,31.78551464617607,0.06071341169497442,-0.20135676113224937
2612.0,-119.54446414955959,-831.4500111799834,-119.46437323096654,-831.1844850846684,125.29687509842408,33.89001523632941,0.0641171283027774,-0.2008792471968213
2613.0,-89.7919021146946,-835.1870534883938,-90.32965465340862,-834.5354085657324,125.2314956731315,35.925083402707635,0.06739707855382306,-0.20041838050168181
2614.0,-59.92491388735479,-837.8597762726131,-61.34251104405639,-838.2355114253099,125.22800538321043,38.282684220374605,0.07119463185285585,-0.20005782077135495
2615.0,-29.981560424743808,-839.464773551873,-30.799439441236228,-839.8351530826567,125.0907203032947,40.875867727273025,0.07534140235550917,-0.19946526461122704
2616.0,0.0,-840.0,-0.04015447055490262,-839.8588566689914,124.60455342834955,43.11975554574065,0.07891295103321608,-0.19831479786951156
2617.0,0.0,-840.0,0.19472128994945423,-839.1840852523313,124.6104917047728,42.88638177641521,0.07853326123622086,-0.1983213724129067
2618.0,0.0,-870.0,-0.14812886338638157,-869.3856635188544,125.54266691243895,42.019163998502144,0.07752291918498962,-0.1998091742107112
2619.0,-29.865012446521686,-869.4872517935896,-30.49886775700038,-869.7476109103436,126.15328014365635,40.00540657018904,0.07432235745583335,-0.20115270002720934
2620.0,-59.69482206185629,-867.9496115668256,-61.410493277255114,-868.6842271525992,126.31887626728489,37.749346175117815,0.07071870258590648,-0.2017948282826754
2621.0,-89.45426750950395,-865.3888917846924,-90.45075440072634,-865.8650632585508,126.43116665410213,35.29953968031475,0.06678518822951202,-0.20232919927405565
2622.0,-119.1082703934237,-861.8081108482834,-119.45259218097749,-861.5948527306592,126.23588834707643,32.987858673312054,0.06305373648586252,-0.20237358891613969
2623.0,-148.6218766060495,-857.2114895369147,-149.2955932658938,-857.4954103147788,126.63880739605845,31.30475531068184,0.060324788526837425,-0.2033803409239273
2624.0,-177.96029752979464,-851.6044460329613,-179.40587060439282,-852.325690761445,126.48010691845656,29.00570653525331,0.05660242534152929,-0.20349652101881394
2625.0,-207.0889510434923,-844.9935895352734,-207.24085974626905,-844.6655910253749,126.20429942601389,26.663194217482783,0.05278038816160476,-0.20339845411805657
2626.0,-235.97350228543178,-837.3867124687062,-235.92331993939172,-837.0556499653827,125.89655806737751,24.52540295267474,0.04928478894896498,-0.20325994184570506
2627.0,-264.5799041249404,-828.7927812989428,-265.4361952129977,-829.4585447357191,125.98333878619047,22.845796330529783,0.046518570443677236,-0.2037595010321653
2628.0,-292.8744372948121,-819.2219259634397,-293.1387171463551,-819.6367105084645,125.70001450106857,20.63542055282053,0.042880360395223166,-0.20364784846198794
2629.0,-320.8237501372664,-808.6854279309482,-322.0161480428324,-809.6270137450841,125.28178638742673,18.54496467399336,0.03943070804620734,-0.20333587885849805
2630.0,-348.3948979166018,-797.195706903694,-347.8260767238991,-796.9948615619786,124.37163837272489,16.501589789839453,0.03602387028709026,-0.20220342680000475
2631.0,-375.555381652192,-784.7663061778816,-376.96633014202916,-785.8413152561335,124.48226719523491,14.830791583928352,0.03322811517426979,-0.20273637793257743
2632.0,-402.2731864260579,-771.4118766797839,-401.73065822750453,-771.2517075607058,123.54402293353616,12.842941000749141,0.02988567418021572,-0.2015464038660372
2633.0,-428.51681911986196,-757.1481596962352,-428.0066382264494,-756.9587896333351,122.8887595896278,10.80206327681948,0.02646247142201748,-0.20082532107814177
2634.0,-454.2553455368377,-741.991968319879,-454.3432613501449,-741.377360280434,122.15852224566721,8.514885729849022,0.022631489956150882,-0.19998565615783312
2635.0,-479.45842686490204,-725.9611676310473,-478.76763066036443,-725.6109890897648,121.44250290942857,7.188249562617443,0.02032699259891196,-0.19914520057904714
2636.0,-504.0963554379702,-709.074653639626,-505.6475931116391,-710.0995187642471,120.85271705797413,5.486021809357314,0.017427844430651637,-0.19853572541371295
2637.0,-528.1400897533173,-691.3523310117338,-529.5261084819117,-692.3979371332489,119.94115134465949,3.4646167173210465,0.013993887516757406,-0.1973773630513794
2638.0,-551.5612887037113,-672.8150896074651,-551.6500013345907,-672.7115384343763,118.86225902869975,1.7560861102122653,0.01103357781051458,-0.19593120331545677
2639.0,-574.3323449839718,-653.4847798573522,-574.3793476234249,-653.1778588308115,117.90122714858148,-0.13046888254259953,0.0077918038412241345,-0.19468003926093272
2640.0,-596.4264176325676,-633.3841870065767,-596.4031968252052,-632.8223494246987,116.64165513891497,-1.809321669574355,0.0048705332719565985,-0.192945093629434
2641.0,-617.8174636699061,-612.5370042572811,-618.6003246472483,-613.5169631417957,115.71014327104429,-3.423841393189956,0.0020645127825593937,-0.19173439406847909
2642.0,-638.4802687960131,-590.9678048406453,-639.4437488881225,-591.7426273501609,114.53209385780525,-4.65172015289975,-0.0001563866584166823,-0.19011473904645917
2643.0,-658.3904771114223,-568.7020130516452,-657.9919812223824,-568.508401065235,112.77897823528146,-6.719856844483174,-0.0037324773719572234,-0.18755172857329752
2644.0,-677.5246198262417,-545.7658742806357,-677.4563732686103,-545.4569483420208,110.94932058000371,-8.37426375755706,-0.006647858269104879,-0.18487811785460287
2645.0,-695.8601429235559,-522.1864240770802,-695.6454516817553,-522.0575537634777,109.1273966152366,-10.005159131855732,-0.009530080624557687,-0.182201196955173
2646.0,-713.3754337445561,-497.99145628189893,-712.7501013874593,-497.47678006848287,107.20209942850242,-11.439822290725829,-0.012114458027206634,-0.17934647149418875
2647.0,-730.0498464640626,-473.2094902659907,-729.8694681291323,-473.20441092780976,104.98914605884573,-13.167628787234769,-0.01516161051984232,-0.17603410723811408
2648.0,-745.8637264264092,-447.86973731355266,-746.2497964631793,-448.4847734603768,102.33876168660943,-14.255401201452393,-0.017195594816102378,-0.17201649893548876
2649.0,-760.7984333130045,-422.0020661898208,-759.8083568689684,-421.5524427642306,99.05331952305723,-16.225520388485272,-0.020660976410453454,-0.16695360665122855
2650.0,-774.8363631142643,-395.63696793381183,-775.6175442721291,-396.1986201237066,96.30133952332746,-17.438105007392846,-0.022901372348669527,-0.16276730913799614
2651.0,-787.9609688800102,-368.80551991757875,-787.4419721200511,-368.41128226685504,91.99092513408748,-19.281104163878066,-0.026174907380245676,-0.15605188501684403
2652.0,-800.1567802238836,-341.5393492143296,-800.4582673958552,-341.60157233538274,87.54402129459068,-20.781380596240247,-0.028891009272600836,-0.14913382795686428
2653.0,-811.4094215587753,-313.8705953186018,-811.8314334183475,-314.15522123538705,82.82911871394953,-22.140318650216344,-0.031389961076388036,-0.1417691142935405
2654.0,-821.7056290417853,-285.8318722624262,-821.9825587999018,-286.41417020857807,77.1402843869454,-23.61524354248044,-0.03407712084865533,-0.13283937381496208
2655.0,-831.0332662087297,-257.45623017214155,-830.1790015945093,-257.386598734761,70.87733355730334,-25.514787577432045,-0.037455838956836615,-0.1229719595987155
2656.0,-839.3813382797753,-228.77711631116765,-839.6562816232263,-228.9943060928252,63.71430537137445,-26.738228589497357,-0.039750725441081124,-0.11168771415714578
2657.0,-846.740005119333,-199.82833565466214,-847.0915438974844,-199.9653064853184,56.39717367660929,-27.971144807446066,-0.042068489916791255,-0.10013319682774427
2658.0,-853.1005928349344,-170.64401104253156,-852.9329728350461,-171.10949227337233,47.77386639826869,-29.11145355375794,-0.044236744026877876,-0.08648031685798774
2659.0,-858.4556040014237,-141.25854295776483,-858.0731271765432,-141.2753197110358,38.72740049648004,-30.37859473469277,-0.04661884015428599,-0.07214537053094096
2660.0,-862.7987264984082,-111.7065689774994,-862.9875570731391,-111.77233703845587,28.87963709968588,-31.19574053395449,-0.048280690314481144,-0.05653235519056837
2661.0,-866.1248409505532,-82.02292294461908,-865.7214624138651,-81.73829764205446,19.330774952518734,-31.691607066919584,-0.04943771247852541,-0.041368351138860504
2662.0,-868.4300267619514,-52.24259390800497,-868.4363972823552,-52.55747376467872,8.661829440129175,-31.80137012762208,-0.049969782573699745,-0.024421446713792302
2663.0,-898.4773424441414,-52.33034601942794,-898.2190868641055,-52.51793652195952,7.928378192496424,-34.32457581503913,-0.053986073361138795,-0.023618870589346367
2664.0,-896.241526234117,-82.1652399347835,-896.5090907647227,-82.46281206947754,17.52535549368184,-34.11894368105058,-0.053292065576857096,-0.03887199207575161
2665.0,-893.0152859401547,-111.9093341827366,-893.2728594050604,-111.95527267661345,28.889386167876278,-33.68015676615876,-0.05223252114721402,-0.056918774590545486
2666.0,-888.8021868356709,-141.52975897714657,-887.6112122457511,-141.52666758635033,37.57065049063369,-32.97566117967747,-0.05074912152624997,-0.07066609784392226
2667.0,-883.6068847580692,-170.99378119727115,-882.8223348466348,-171.00993382395015,46.546007383690984,-32.178823345076545,-0.04911983396229814,-0.08489217274777297
2668.0,-877.4351209636412,-200.2688405606826,-877.0620447817558,-200.19755628792527,54.83294193236086,-31.044097067914226,-0.046956400981148665,-0.09801069259661792
2669.0,-870.2937157829825,-229.32258560518912,-869.7629111078071,-229.21217228942623,62.95398080445324,-29.722750659990016,-0.0444980716425395,-0.11084633509988115
2670.0,-862.19056108394,-258.1229094399811,-861.6399370646759,-258.02366695146605,69.54584576226557,-28.317699572474577,-0.041909009790295555,-0.12123813217944454
2671.0,-853.1346115504188,-286.63798522651575,-852.5657211547888,-286.398224778386,75.88420546837442,-26.99979403494334,-0.039463995542102094,-0.13121481328658843
2672.0,-843.1358747866839,-314.83630134991336,-842.4296305723204,-314.57392041622137,81.33076311341524,-25.588570122209592,-0.036872895946795575,-0.13975914258063973
2673.0,-832.2054002580975,-342.68669624200464,-832.4192576478214,-342.7252775222458,86.86405804707643,-23.740774338748253,-0.033587268712416136,-0.14844305821778078
2674.0,-820.355267080506,-370.15839281755024,-820.6744446281258,-370.2094358333782,91.34989953956892,-22.32567931667256,-0.030998477294118778,-0.1554386582859236
2675.0,-807.5985706717776,-397.22103248556937,-807.8199977670307,-397.20195467380785,95.10444267616538,-20.856433665905968,-0.028329523568804485,-0.1612567712163558
2676.0,-793.9494082802379,-423.8447086981978,-793.7355709306806,-423.76106091665406,98.37089660143083,-19.422089044079403,-0.025721424548562702,-0.16628300250886777
2677.0,-779.4228634059947,-450.0,-778.4706769407458,-449.4579084244543,101.84585712512563,-17.655441124273818,-0.02259500846286574,-0.17162662521024782
2678.0,-764.0349891323737,-475.6580025412098,-764.135629531268,-475.4531602857472,104.46775832251103,-16.194481039782072,-0.019951455127479575,-0.175623949632145
2679.0,-747.8027903858759,-500.7903620189766,-747.4342111668371,-500.70201560236956,106.7670774859901,-14.606601442481555,-0.017115044211943625,-0.1790788879206661
2680.0,-730.7442051442707,-525.369305011311,-731.7516755835635,-525.9529431752948,108.97139544426277,-12.993758268047372,-0.014238877150560167,-0.18239510532488376
2681.0,-712.878084613586,-549.3676696691068,-713.9072256655345,-550.1116867905807,111.01740091929689,-10.980337392040147,-0.010738546823498576,-0.18543288368028876
2682.0,-694.2241723958999,-572.7589357323271,-693.820842012958,-572.3346129654575,112.27567183027462,-9.696714090756004,-0.008423433314849287,-0.18718948663692922
2683.0,-674.8030826709609,-595.5172538371733,-674.8100139645969,-595.2000964779754,113.8158083987371,-8.206074050473436,-0.005770973050774254,-0.18940786502064116
2684.0,-654.6362774157441,-617.61747408186,-653.6629783575535,-617.556822171147,115.22066285040127,-6.500429928791914,-0.002782553906514867,-0.19138477315233135
2685.0,-633.7460426871166,-639.0351738194223,-633.5346053262466,-638.6336660130522,116.41962912153467,-4.863807305529721,8.033943290361937e-05,-0.1930464756003945
2686.0,-612.1554639938275,-659.7466846468437,-613.5159680839107,-660.688907225369,117.93882706216725,-3.318809385218465,0.002809389934534835,-0.19521918651104184
2687.0,-589.8884007850293,-679.7291185606813,-589.4559922513286,-679.5935547373088,118.56597508851473,-1.7651236696111041,0.005513682256249693,-0.19592266172418046
2688.0,-566.9694600835335,-698.9603932502802,-567.4781105780436,-698.5809363323887,119.74154665244957,0.258937486235109,0.008967613584266669,-0.19752447945715243
2689.0,-543.42396929293,-717.41925650063,-544.506702486749,-718.3362284429871,121.13126419970338,1.8027871543710308,0.011666669171548436,-0.19945495341692135
2690.0,-519.2779482086247,-735.085309677891,-518.9112558736766,-734.701133338143,121.32137888770855,3.5142191841464165,0.014590918390880102,-0.19944406360013592
2691.0,-494.5580802637257,-751.9390302716425,-496.0207152786788,-752.9279168586728,122.74510048983517,5.575241100616746,0.018094359572450033,-0.2014296470761199
2692.0,-469.29168304154854,-767.96179346894,-468.87286299019325,-767.8374569191488,123.1073903731053,7.386209820759738,0.0211592025410442,-0.20167377032318531
2693.0,-443.50667808733584,-783.1358927363349,-443.18787656705325,-782.5550396248664,123.68867976006202,8.987857240474618,0.023888549416546688,-0.2022843577842813
2694.0,-417.2315600525451,-797.4445593871209,-417.93674160023943,-798.0787306557072,124.72304883367654,10.923489585969932,0.027159322197399346,-0.20362135732985412
2695.0,-390.49536520580244,-810.871981112177,-390.7133019913527,-810.3420028479895,124.88006333455591,13.218895484335823,0.030962762110519196,-0.2035378489430315
2696.0,-363.3276393453262,-823.4033194539311,-364.5102053102592,-824.1261267404633,125.89342064141239,15.01489430600875,0.0339899968044444,-0.204829748573889
2697.0,-335.7584051482748,-835.0247262041327,-335.68382899017865,-834.7821857759682,125.83204443970949,16.735462844900088,0.036858871149292725,-0.20437902946623782
2698.0,-307.8181289931018,-845.7233587073175,-307.72698238672984,-844.9788922371064,126.44872048602922,18.88204788226029,0.04040014613132481,-0.20501811313491036
2699.0,-279.5376872915855,-855.487394053046,-281.32593653705976,-856.2241166885647,126.8420714477257,20.919166494771932,0.043780041058566546,-0.20532081774186495
2700.0,-250.94833236773147,-864.3060421412398,-250.6311656306443,-863.9916438655606,126.94407006495157,22.767473619645845,0.04681684190593388,-0.2051072355564953
2701.0,-222.08165792126456,-872.1695576061701,-221.85163340700282,-871.2868835309649,127.10328716434215,24.5964677284161,0.049817121041170385,-0.2050081752900422
2702.0,-192.9695641138691,-879.069250585927,-193.065435824529,-878.2488803344158,127.23275643717126,27.224277506283304,0.054084673583677495,-0.20486168825668533
2703.0,-163.64422231676176,-884.9974963254655,-164.7585838030485,-885.62795715907,127.56848407297029,29.20838982932823,0.05733285777598292,-0.2050493421356168
2704.0,-134.13803955855676,-889.9477436026158,-134.18154530898187,-889.6232255781001,127.4701872961051,31.247347496544602,0.06062688963484888,-0.20451842179542584
2705.0,-104.48362271270751,-893.9145219677488,-105.208550216849,-894.2300694641718,127.57434512792088,33.69345909835008,0.06457641705475993,-0.20432936264849536
2706.0,-74.71374246409968,-896.8934477890939,-74.04914276553964,-896.5599486783291,127.35765907227562,35.67072075483262,0.06775186068644089,-0.20360288766221488
2707.0,-44.86129709462795,-898.8812290970301,-44.92441827325003,-898.3577772858698,127.2308509068492,37.75603270300389,0.07109275568902448,-0.20304437648796445
2708.0,-14.959276127753709,-899.875669221995,-16.48043714113609,-900.7065002379644,127.11589888812875,39.9505951235759,0.07461427500687759,-0.20251307200272095
2709.0,0.0,-900.0,-0.4972556453106456,-899.9970437731555,126.79670925113851,41.50880691806034,0.07708555740756289,-0.2018093203274435
2710.0,0.0,-930.0,-0.11773627143680321,-929.2141282735332,127.88707664859903,40.513216027338004,0.07585884613324921,-0.20354004597488856
2711.0,-29.960775741581113,-929.5172682188119,-30.368845790258188,-928.8915732963575,128.18569847150047,37.98768003820748,0.07183538044492833,-0.20438580188477962
2712.0,-59.89044821726989,-928.0695740149736,-61.282699653113376,-928.5784966475363,128.63659450425976,36.174320918736846,0.06894549552905853,-0.20548202633871526
2713.0,-89.7579464504992,-925.6584202874133,-90.49874447171123,-926.1598080328919,128.65918612676762,33.79944393043114,0.0651361397959713,-0.2058757901309502
2714.0,-119.53226400982258,-922.2863101340527,-120.75606844417489,-922.7925982191954,128.82550202356978,31.429258495383994,0.06132263438841058,-0.2065110507276959
2715.0,-149.18249119771698,-917.956744253259,-149.45135966712783,-917.5953807732758,128.4065278090694,29.151139658073433,0.05763324546825875,-0.20619566300816877
2716.0,-178.67784713894903,-912.6742173096545,-180.06792620988293,-912.9904279286137,128.62844055606752,27.6111025783825,0.055125803597922116,-0.20692380837421717
2717.0,-207.98771173521632,-906.444213268058,-208.20381995643137,-906.250070447286,128.41399924813695,25.27486387607011,0.051325015245551865,-0.20692709396002787
2718.0,-237.0816574528798,-899.2731997003999,-236.99794741770143,-898.9936605307125,128.11277888148422,23.120002986339696,0.047806578567403356,-0.2068003277547605
2719.0,-265.92948091078097,-891.1686210715246,-265.23139279142936,-890.9003306030651,128.06641920059167,21.393426703959975,0.04495952827568443,-0.20707231827056313
2720.0,-294.5012342353693,-882.1388910108454,-294.45193479742795,-881.3570766612329,127.59235117429557,19.0774472117826,0.04115665646076364,-0.20667567875831577
2721.0,-322.76725615057194,-872.1933835778801,-323.0649231019126,-871.5108305506669,127.02541585889067,16.946203364380676,0.03764408981928507,-0.20612379567123626
2722.0,-350.69820277013815,-861.3424235307322,-350.73633696779024,-860.6405392938278,126.71140550008865,14.825028855614173,0.03413500757485642,-0.2059629237182977
2723.0,-378.2650780604942,-849.5972756076188,-379.6745499852491,-850.6383568736677,126.85363900722469,13.5488530562616,0.03198141425089459,-0.2065437008853954
2724.0,-405.43926394247745,-836.9701328325774,-407.2996465212029,-837.701090015907,126.27793756531675,11.297654019329157,0.0282400773485486,-0.20596576739098002
2725.0,-432.19255000070456,-823.4741038574854,-432.08218646741284,-823.1631541264378,125.20893848146108,9.212435555019809,0.02474330338189784,-0.20456791360181042
2726.0,-458.49716276973203,-809.1231993535384,-459.73632735643633,-810.1772498695442,125.05289381747538,7.906242443341136,0.022505394461196832,-0.20465824031888252
2727.0,-484.3257945666009,-793.9323174663132,-483.3315382658055,-793.7776119687645,123.88607743743445,5.787729597709205,0.018932830626873058,-0.2030901642811322
2728.0,-509.6516318398431,-777.9172283495109,-508.8134454394285,-777.6579037857224,123.22529950970151,3.8202500770696872,0.015604072086649653,-0.20235057977213972
2729.0,-534.4483830055082,-761.0945577934436,-534.0225678621085,-760.6110343006239,122.25296219451961,1.7835106380881347,0.012153728043490237,-0.201111792309911
2730.0,-558.6903057413206,-743.4817699652561,-560.0375922689201,-744.4461115768576,121.98768820399943,0.6416951509244452,0.010138500884621912,-0.20100820093940758
2731.0,-582.3522337106318,-725.0971492787967,-582.0725776363178,-724.6065827969783,120.67362678482505,-1.3066204438150126,0.006794686137824762,-0.1991866691035337
2732.0,-605.4096026884204,-705.9597814129703,-604.9875800822972,-705.5876967780932,119.62760291983791,-3.405277176771295,0.003221646427685531,-0.19780250982977882
2733.0,-627.8384760622217,-686.0895334982652,-627.1856570572771,-685.912756637059,118.80320754554754,-4.746173662899031,0.00084658493012346,-0.19676230308747394
2734.0,-649.6155696815116,-665.5070334920324,-650.9951010378487,-666.4189114044447,117.71991611684342,-6.347952546868327,-0.0019414659348296363,-0.19532978484510233
2735.0,-670.7182760297476,-644.2336487639274,-669.9485645160429,-644.088068831693,116.1659401250677,-8.365771133101012,-0.005426409180619257,-0.19308867779275737
2736.0,-691.1246876939766,-622.2914639137382,-691.113025752928,-621.9916519956122,114.83730031555397,-9.997968753494218,-0.008294746592039387,-0.19123328244262536
2737.0,-710.8136201076389,-599.7032578446388,-710.1403332796303,-599.3557734586137,113.49486073704122,-11.194118288560324,-0.010475698694219908,-0.1893297504144865
2738.0,-729.7646335429627,-576.4924801156606,-729.8125296432701,-576.1246783824892,111.86358275426198,-12.835466906608183,-0.013372496744372683,-0.18697441572450052
2739.0,-747.9580543301186,-552.6832265979341,-749.3360848735975,-553.2890382091298,110.31939634950243,-14.41969040152656,-0.016173534211851713,-0.1847558711820224
2740.0,-765.3749952811005,-528.3002144599748,-764.8423380378767,-527.8127590493463,108.44182307600765,-16.062862302848725,-0.019100730816024907,-0.18195752516891572
2741.0,-781.9973752971385,-503.36875650797623,-782.1982313365758,-503.20058819615997,106.23218602184976,-17.54661111582299,-0.021763614983674226,-0.17865333572721306
2742.0,-797.807938139281,-477.91473490775456,-798.3288255900338,-478.6137926466144,103.91608727298167,-18.927757741158988,-0.02426289192732154,-0.17516470103171392
2743.0,-812.790270342662,-451.96457431562345,-812.0666806435466,-451.2789541087497,100.68782717207364,-20.90707362856513,-0.027747840027535876,-0.1701950126434004
2744.0,-826.9288182558602,-425.5452144460875,-826.9753655502985,-425.5818565020613,97.97600306200655,-21.930501934103347,-0.0296913884220521,-0.16606159678386492
2745.0,-840.2089041876555,-398.68408210484046,-840.750192663612,-399.16429159564177,94.41532996790768,-23.51421875002913,-0.03253548721990029,-0.16056330948122183
2746.0,-852.6167416444215,-371.409062716097,-851.8759647316434,-371.0484251118481,89.8994874375113,-25.324956883313835,-0.035761700719542266,-0.1535123799005351
2747.0,-864.1394496423387,-343.7484713738169,-864.5929839989898,-343.88303058093055,85.86011834641123,-26.767372498302603,-0.038390070320574274,-0.14723926931228934
2748.0,-874.765066079566,-315.73102344687715,-875.0293823638846,-316.3698556580412,80.81308170034832,-28.055857415449157,-0.04077771086408007,-0.1393344752980658
2749.0,-884.482560154493,-287.38580476870106,-883.3925048820703,-287.2652506784637,74.63358806853962,-29.859538417649436,-0.044004801644295016,-0.12960192865958978
2750.0,-893.2818438171765,-258.7422414423006,-893.8439020863565,-258.8729382796639,68.3697678214752,-31.387646732068472,-0.046784581442181984,-0.1197607470880199
2751.0,-901.1537822420772,-229.83006929207292,-901.4465637515559,-229.90316128865925,61.55844657191417,-32.56631933985142,-0.049015289233224166,-0.10901330222063536
2752.0,-908.090203311223,-200.6793029940596,-908.3989969459341,-201.15394013034765,53.89334709879117,-33.61030650862869,-0.05102893734916428,-0.09689906377696772
2753.0,-914.083906097952,-171.32020491673072,-913.8057382449451,-171.32813035447862,45.64753303971989,-34.93399383082996,-0.053500927036706676,-0.08384165931779841
2754.0,-919.1286683424311,-141.78325370462127,-919.0425381400986,-141.86881098218552,36.58155006317546,-35.732352276612374,-0.055132341451909296,-0.0694768342170046
2755.0,-923.2192529111903,-112.09911263745016,-922.6497453515702,-112.48501550267612,26.547164745151264,-36.299001200090935,-0.05639405376968469,-0.053550791343340357
2756.0,-926.35141323396,-82.29859779756319,-925.9488509615649,-82.51783392420337,16.492893290466736,-37.21332617083035,-0.058216254416349526,-0.037589325388236436
2757.0,-957.0989220726041,-74.57649339744566,-957.4339254248235,-74.49943979826405,13.83574689057942,-39.90337977880134,-0.06259580876058596,-0.0337459424004179
2758.0,-954.3166377024505,-104.30606408205567,-954.8649310980941,-104.42366936009991,22.688976997489934,-39.37738444625116,-0.06139217996077268,-0.04780483333504087
2759.0,-950.6111136188825,-133.9347253861662,-950.4668202186468,-133.9783312538832,33.133425864013255,-38.55188220200213,-0.059716397191293395,-0.06437382644019427
2760.0,-945.9859346771341,-163.43381349350273,-946.2157161915898,-163.59014331866675,42.03374689335055,-37.80864011831358,-0.05817083561694765,-0.07848706415374121
2761.0,-940.4455754391183,-192.77478994148976,-939.9482504317463,-193.30912567948317,49.85952617420627,-36.753562144357396,-0.05612765929719825,-0.09086542123155424
2762.0,-933.99539584458,-221.9292692303708,-934.0995089786334,-222.40343182110232,57.06468156449017,-35.74317172898802,-0.054163255828596456,-0.10226115281473788
2763.0,-926.6416360256982,-250.86904628434618,-925.786682256348,-250.57349253037594,65.29144814118575,-34.61023692161647,-0.052015136111377314,-0.11525265151483233
2764.0,-918.391410270163,-279.56612373816193,-917.1280086089515,-279.39957071200604,71.63520541541527,-33.178612532341894,-0.04938360293187219,-0.12524301225326245
2765.0,-909.2527001385602,-307.99273902275286,-908.6357179502669,-307.5188919175867,77.68625086160279,-31.976175509947613,-0.047125488409211214,-0.134769545336298
2766.0,-899.2343467427281,-336.121391223735,-898.3844658390284,-335.77696052506104,82.72607716585416,-30.512933031364877,-0.04445058987550605,-0.14266513121626037
2767.0,-888.3460421925516,-363.92486768676446,-887.6822861954348,-363.4388549037205,87.96495317154347,-28.831953798846197,-0.04143645386459063,-0.15087199203801532
2768.0,-876.5983202194742,-391.3762703440211,-875.8463992018493,-390.87063518319525,92.03501527264338,-27.22458684544861,-0.03854229363574897,-0.15720474327191195
2769.0,-864.0025459857887,-418.4490417363565,-863.1288318372336,-417.942604827921,95.68544535678923,-25.921872573447146,-0.03613740979969368,-0.16285883149244512
2770.0,-850.5709050895824,-445.116990705914,-850.9198299251533,-444.94092201343364,99.03587982626551,-24.349182272076927,-0.03330374778740465,-0.16804169025047308
2771.0,-836.3163917759524,-471.3543177343895,-836.6309786419271,-471.97166726706314,102.5235651124401,-22.292264933927346,-0.029699017364623364,-0.17341751860888635
2772.0,-821.2527963659172,-497.13563990239254,-820.5658336765958,-496.5566292725466,104.67986731445008,-21.12172105130015,-0.0275349475516486,-0.1766526307568268
2773.0,-805.394691915169,-522.4360154457863,-805.4585594731346,-522.4756819582063,107.01207611097975,-19.781231625879897,-0.02508406243438687,-0.1801794379624044
2774.0,-788.7574201155846,-547.2309678852315,-788.6139033860605,-547.1597830777828,109.13339068623335,-17.943846021577023,-0.021857466904725422,-0.18334931892133097
2775.0,-771.3570764531287,-571.4965097055995,-770.93796680195,-571.5359239716832,110.96494219873286,-16.555508082088583,-0.019349324510984048,-0.18604784697293458
2776.0,-753.2104946365113,-595.2091655623442,-754.3927840651004,-595.8895953555682,112.71097947731396,-14.849212009056032,-0.016335411214224074,-0.18862412320590097
2777.0,-734.3352303116617,-618.3459949923817,-735.3045055266589,-618.7914539567578,114.30540124208383,-13.08240520927665,-0.013242972416509015,-0.19092795062885237
2778.0,-714.7495440777747,-640.8846146075074,-713.7794079935048,-640.5551963647662,115.45513425281696,-11.809259593345407,-0.010950158273156086,-0.19249419026226094
2779.0,-694.4723838213598,-662.8032197488768,-694.222808522225,-662.7248267166634,116.70210533524096,-10.482431489214287,-0.008566934897620887,-0.194239297235693
2780.0,-673.5233663853857,-684.0806055816065,-673.0934961647866,-683.7598786609011,117.9124658375515,-8.561006422012817,-0.005251276214863475,-0.19590687568912937
2781.0,-651.9227585912506,-704.6961876090814,-651.8252637747606,-704.4460466619518,119.05330194619778,-7.102039889330551,-0.002675915921731028,-0.19746210128352404
2782.0,-629.6914576319422,-724.6300215871269,-630.877296383801,-725.6920161594975,120.31628749495968,-5.407846862520056,0.0002806748380089385,-0.19921565602657687
2783.0,-606.8509708553535,-743.862822818774,-608.2350996187496,-744.9616791616266,121.536888655781,-3.3145783412947463,0.0038482102017445125,-0.20088100473994142
2784.0,-583.4233949573103,-762.3759848109635,-582.8026030964478,-762.333002549393,122.13417557011455,-1.7984147696127815,0.006474005597696967,-0.20152014529359588
2785.0,-559.4313946044491,-780.15159727512,-559.2649840327855,-779.7093300921673,122.8649423171323,-0.3670169111660028,0.008964953456739148,-0.2023949321118277
2786.0,-534.8981805076113,-797.1724634542057,-535.2974489361941,-796.6277583979714,123.90242910768306,1.788720000437283,0.012603114844092149,-0.2037526138708039
2787.0,-509.847486966984,-813.4221167594665,-511.5671845209603,-814.2336045696453,124.89880266150499,3.520058935219273,0.015574244660906357,-0.20504776772885874
2788.0,-484.303548910694,-828.8848367007971,-484.1072941025493,-828.5288494157248,125.17947816637309,5.067118521236604,0.018211539940443066,-0.2051581761359117
2789.0,-458.291078449082,-843.545664095298,-457.88862520187814,-843.1442420118684,125.854555783325,6.58982515659581,0.02081399713602836,-0.20591149620625943
2790.0,-431.83524096733044,-857.3904155393199,-431.5980018563503,-857.1083367112668,126.49282083284028,9.132784773364067,0.025032260955896266,-0.20660534603171868
2791.0,-404.9616307795798,-870.4056971299897,-404.75607184988354,-869.64654138791,126.97992976809587,10.780434986907004,0.027808132768138927,-0.2070518715918279
2792.0,-377.69624636808226,-882.5789174229468,-379.208203646514,-883.305413881376,127.68640253755098,12.653460370557163,0.030956425092458942,-0.20786337387721732
2793.0,-350.06546523134904,-893.8982996137532,-349.9097534877519,-893.146736687839,127.90813228070606,14.615891506745145,0.0342002576639013,-0.20785745039949918
2794.0,-322.0960183656241,-904.3528929311896,-323.6598580034202,-904.8577840884615,128.50709272068505,16.40198323967987,0.037186335824828096,-0.20848924378902964
2795.0,-293.81496440437195,-913.9325832314206,-293.548360877798,-913.7587593233083,128.55736995648786,18.366551776860888,0.040422053764405746,-0.20820048780665942
2796.0,-265.24966344079724,-922.6281027827757,-264.6792189672572,-921.888644877937,128.696062084992,20.018669463153373,0.04315104721566692,-0.20806766358706796
2797.0,-236.42775055872153,-930.4310392316794,-236.35477321767647,-929.5569640174361,129.04037120470323,22.566978620228767,0.04730072090088283,-0.20826875985192558
2798.0,-207.37710909742438,-937.3338437410627,-208.61489966181284,-937.9221228090433,129.580144038728,24.495732650870348,0.050472876153514847,-0.20878810551986177
2799.0,-178.12584367631334,-943.3298382933732,-178.52437221477112,-943.1929801370076,129.16721695201133,26.54107927414002,0.05379269845451376,-0.2077623937766712
2800.0,-148.70225300552158,-948.4132221511264,-149.13220960507104,-947.5954084498368,129.19177122904986,28.842743380819616,0.05750982707377965,-0.2074415081042198
2801.0,-119.13480250872884,-952.5790774687454,-120.0100992424474,-953.0264134641246,129.50067552058533,30.820139589149264,0.060723464254919826,-0.20757648685806643
2802.0,-89.45209678470907,-955.8233740502577,-88.44867930127025,-955.2258075876374,129.49664673354064,32.82808356775099,0.06394614227154366,-0.2071835429905508
2803.0,-59.682851934221254,-958.1429732482505,-60.214594989678574,-958.1384918759168,129.3137991375001,35.13058097319013,0.06764635227232281,-0.20654674993852823
2804.0,-29.855867779043887,-959.5356310003085,-29.698458003980008,-959.1775862547364,129.00518617724597,37.44347245999787,0.07134015916259669,-0.2056818468554724
2805.0,0.0,-960.0,0.43738940306351176,-959.2658109153144,128.75461243697387,39.280389559171766,0.07426478401145684,-0.2049139734561028
2806.0,0.0,-960.0,-1.4823383609728236,-960.6802721244079,129.1843768739354,39.68942049010695,0.07493309982486972,-0.20562147565502387
2807.0,0.0,-990.0,-0.3064328571864093,-989.9773594603635,130.04950733761748,38.818634224964455,0.0739060010739306,-0.20698397226936405
2808.0,-29.90099752287988,-989.5483466446381,-29.68383938671553,-989.2151574604042,130.01231755626475,36.39894111752029,0.07004560521856366,-0.2072845671948013
2809.0,-59.77471244806304,-988.1937986810842,-60.73460046067784,-988.5325479749393,130.4531961901331,34.2521708319701,0.06662055429243262,-0.20836652516213305
2810.0,-89.59388707134123,-985.9375920409201,-91.28911323515337,-986.6026407946068,130.70428223581575,32.06515528126976,0.06311617541642367,-0.20914034130428422
2811.0,-119.33131345276952,-982.7817853570735,-121.08994431868068,-983.3678511641347,130.65441559983367,29.832013003456023,0.05952240271416063,-0.20942594605797593
2812.0,-148.9598582420348,-978.7292580854588,-149.11187654238304,-977.954435479377,130.16603107330332,28.134811642939145,0.05675492489964488,-0.2089918417864414
2813.0,-178.45248743576624,-973.7837078776723,-178.89440871946115,-973.0965824319169,130.18101899132526,25.757942248077512,0.052912525772401,-0.20938044166243994
2814.0,-207.78229104419952,-967.9496472071384,-207.70437097906074,-967.2035536447847,130.03503130904872,23.645994610238972,0.04947908494758487,-0.20950092987599708
2815.0,-236.92250764468255,-961.2323992517914,-237.6310352777871,-961.8113614704811,130.32585259108865,22.04583505630039,0.04686631388886091,-0.21033029736771053
2816.0,-265.8465487996328,-953.6380930370411,-266.90291680642366,-954.4223301722704,130.02304343808257,19.81281799196484,0.04322186358503378,-0.2102068535715287
2817.0,-294.5280233166512,-945.1736578434601,-296.32947739484837,-946.1280666347728,129.89064769493618,17.66837312730046,0.039707293960512105,-0.21035652549107894
2818.0,-322.9407613286608,-935.846816884294,-323.2022804858916,-936.0687997453739,129.3453301198876,15.857208452633348,0.03670154028454932,-0.2098177361052619
2819.0,-351.05883817211026,-925.6660802585607,-352.71292886258396,-926.4493349450776,129.0783961797064,14.005122556225539,0.03363604470566644,-0.2097543136547462
2820.0,-378.8565980414389,-914.6407371861739,-378.17923781588615,-914.1747334877805,128.38712308744016,11.841115204693253,0.030041593325781914,-0.2089660035530139
2821.0,-406.3086773982291,-902.7808475321693,-405.92520653334867,-902.5979769949527,128.06314072085073,10.305842694644818,0.027456351013407886,-0.20879017372800085
2822.0,-433.3900281136869,-890.0972326277719,-433.0051315645788,-889.589840086548,127.4193167616087,8.177982641783876,0.02391044625738342,-0.2080971431792613
2823.0,-460.0759403233307,-876.601465396678,-460.6276681633578,-876.0283544109499,126.91050799417633,6.074444433094558,0.020396474071269224,-0.207625641331359
2824.0,-486.3420649730389,-862.3058597955603,-486.7300266523947,-862.5742889334044,126.31968202359344,4.572945735841792,0.01784199309922393,-0.20700498747038798
2825.0,-512.1644360358803,-847.223459578433,-512.2501166613441,-847.191788849931,125.59111182448726,2.847371308955592,0.014907267040895658,-0.20615797583461912
2826.0,-537.5194923794639,-831.368026395124,-537.1558465795292,-831.0194044487449,124.59302778140398,0.7771972102632273,0.011414419879199231,-0.2048744955424791
2827.0,-562.3840992638442,-814.75402723472,-561.8244476554969,-814.4525897713362,124.19676753707243,-0.6815078953408195,0.008889925268584732,-0.20454594346425842
2828.0,-586.7355694503766,-797.3966212254367,-585.5266423798781,-797.2222775947643,123.04999283655837,-2.2576547912104528,0.00617039040763476,-0.2030110749780338
2829.0,-610.5516839022579,-779.3116458029594,-609.780957151778,-779.0405124118106,122.24441109836107,-4.48149487957389,0.002408367395604082,-0.20202599375606142
2830.0,-633.8107120578634,-760.5156022598775,-634.2817593389847,-761.1091692042739,121.5011427469581,-5.836561717703705,3.210686671954772e-05,-0.2011431060940685
2831.0,-656.4914316583873,-741.02564068939,-655.0054204809577,-741.0109388954794,120.43835365353482,-7.505605443168374,-0.0028704012060679317,-0.19970542683303572
2832.0,-678.5731481116894,-720.8595443370305,-678.4084486162149,-720.7238174536609,119.19096602979671,-9.380633171709094,-0.006103056346311211,-0.19800676402100986
2833.0,-700.0357133746821,-700.0357133746821,-699.3916513081361,-699.6286395203953,118.38262746296435,-10.657454379235906,-0.008393532484391723,-0.19697723394909097
2834.0,-720.8595443370305,-678.5731481116894,-719.9920204506205,-678.5204093182319,117.14236720671799,-12.429160117641096,-0.011471801666745404,-0.19525559060608969
2835.0,-741.02564068939,-656.4914316583873,-740.460094482214,-656.3157365993299,115.62236338190753,-14.279265395280133,-0.014688275692908046,-0.19308710133110288
2836.0,-760.5156022598775,-633.8107120578634,-760.8509982424215,-634.0576944411713,114.52231648448574,-15.380438709131798,-0.016713441092382594,-0.1915860491626919
2837.0,-779.3116458029598,-610.5516839022574,-780.3373957861746,-611.2104206242092,113.057718317634,-16.89841859609017,-0.019409191060228453,-0.18949371816578442
2838.0,-797.3966212254367,-586.7355694503766,-796.1458825481999,-586.4608879204368,111.04247403056517,-18.74471851489861,-0.02265077550090482,-0.1864799633760422
2839.0,-814.75402723472,-562.3840992638442,-815.4129289468855,-563.1508193177135,109.8809998446492,-19.88016722902789,-0.0247433760335118,-0.18486738279096807
2840.0,-831.368026395124,-537.5194923794639,-830.5509308392756,-536.9425694380337,107.51084656810353,-21.824036059868565,-0.02815811109028813,-0.18128056139098717
2841.0,-847.223459578433,-512.1644360358803,-847.2496620938582,-512.1822659983155,105.13448457725788,-23.291007057484222,-0.030796106711219948,-0.17770297272545302
2842.0,-862.3058597955605,-486.3420649730383,-862.7062991912244,-487.05532735375834,103.05110480967551,-24.58454797854491,-0.03316256996391367,-0.17457646785717634
2843.0,-876.601465396678,-460.0759403233307,-875.8588993655734,-459.3236137569323,99.9348282708044,-26.446141348974066,-0.036465017377307174,-0.1697778392426673
2844.0,-890.0972326277719,-433.3900281136869,-890.6286640796128,-433.2797116091069,96.72959087999146,-27.895479481299656,-0.03909066962007645,-0.16485743040512155
2845.0,-902.7808475321692,-406.3086773982291,-903.0992168790034,-406.9769327167712,93.35619185934277,-29.024470597260674,-0.04120964420772104,-0.1596412256353651
2846.0,-914.6407371861739,-378.8565980414389,-913.7341129199377,-378.39342503010556,88.99966450051522,-30.990603240215467,-0.04468890293992129,-0.15283784227993863
2847.0,-925.6660802585607,-351.05883817211026,-926.1809690731196,-351.21396024938235,84.60155364265661,-32.35500992738262,-0.04719328979423986,-0.14599046775663158
2848.0,-935.8468168842938,-322.9407613286608,-935.7265331461753,-323.82548709471627,79.73246590935341,-33.37007956426404,-0.049144249184862744,-0.13835797820983875
2849.0,-945.1736578434601,-294.5280233166512,-944.2383035902403,-294.22559960261736,73.71778166917899,-35.458149032693576,-0.05283002397815907,-0.12888955435194394
2850.0,-953.6380930370411,-265.8465487996333,-954.0744584207085,-265.99712770086035,67.45499416870813,-36.69228799776742,-0.05513993047526565,-0.11904248159096613
2851.0,-961.2323992517917,-236.92250764468204,-960.6261959344984,-236.61490356402405,60.68819863038925,-37.94324408239186,-0.05749073222174544,-0.10835303095439858
2852.0,-967.9496472071384,-207.78229104419904,-968.3223758901862,-207.99401182878276,53.4643352967254,-39.0165359590897,-0.0595494485819369,-0.09695015028379664
2853.0,-973.7837078776723,-178.45248743576676,-974.2495665334359,-179.14940120370912,45.6718799682497,-39.787245852437024,-0.061129330637895,-0.08462066258330843
2854.0,-978.7292580854589,-148.9598582420348,-979.4974537148189,-148.84111133497095,37.16923520461695,-40.96402668052231,-0.06337342029893693,-0.07115255388038276
2855.0,-982.7817853570735,-119.33131345276952,-983.0898116274399,-119.37615174599158,28.51768431573471,-41.78793652304998,-0.06504557010066939,-0.057427178496514374
2856.0,-985.9375920409201,-89.59388707134123,-986.2456198973595,-89.62501887609456,18.603711377837314,-42.029197624290624,-0.06579391038618862,-0.04168724960732541
2857.0,-1014.6190836809666,-104.63324056147565,-1014.8035701421768,-104.32309928056308,22.280696130772384,-44.68061532819173,-0.06983376573199272,-0.04788910104025428
2858.0,-1011.1101275496017,-134.37376963763518,-1011.2127524171423,-134.42438142356363,30.300524980500057,-44.45598467300088,-0.06910760535477149,-0.060609078434842846
2859.0,-1006.7296070806511,-163.99847019785759,-1006.3825637524234,-164.25615946386347,39.67419115094657,-43.31704716764788,-0.06692958103992377,-0.07546857630450299
2860.0,-1001.4812982282045,-193.48180611920586,-1001.4805484598659,-193.52765460740602,47.571096719142645,-42.592954887319124,-0.06541866517631947,-0.08797685701928537
2861.0,-995.36972496913,-222.79836313330165,-994.6802087603763,-222.80312966422335,56.33117224672518,-41.252520880211726,-0.0629267622463191,-0.10183566666420371
2862.0,-988.4001554034636,-251.92287073310567,-988.089917460603,-251.59467213709073,63.174013235556764,-40.25436736255312,-0.06098554234374261,-0.11264567522708771
2863.0,-980.5785972133714,-280.8302239557853,-980.3682365967288,-280.3609710481282,69.31941105262509,-39.12332230336537,-0.05883312814108836,-0.12233181240955561
2864.0,-971.9117924846045,-309.49550502287286,-971.1053648982619,-309.72556402010804,75.67686215142356,-37.146678481277384,-0.05532757441742127,-0.13233656794954546
2865.0,-962.4072118949019,-337.8940048190876,-961.6263874554185,-338.1327914724441,81.01553456261526,-35.69389572467855,-0.05266749630396068,-0.14071724020785373
2866.0,-952.0730482743623,-366.0012441912788,-951.4559768636224,-366.1208402869723,85.68254886329267,-34.164829794705874,-0.04989114341873356,-0.1480204674195836
2867.0,-940.9182095433247,-393.7929950491553,-940.3355051074669,-393.3793153629463,90.20563133680434,-33.047733944725515,-0.047779396349657256,-0.15508298464039114
2868.0,-928.9523110338533,-421.2453012495962,-928.4752305509893,-420.69028743749953,93.8449160729147,-31.569429245694153,-0.04509212461311353,-0.16072983373036476
2869.0,-916.1856672014397,-448.3344992465475,-915.4490191617016,-447.8955434162942,97.19152258455556,-30.086474894028886,-0.04239874742672312,-0.1658965917619809
2870.0,-902.629282734072,-475.0372384887048,-903.5037736110161,-475.53857559845846,100.8578409451402,-28.133659957246095,-0.03895220246019147,-0.17158542556414136
2871.0,-888.2948430663297,-501.330501547397,-887.9937709088393,-501.4245750818773,103.16535369058464,-26.767160563760328,-0.03646032599472798,-0.17506799557867023
2872.0,-873.1947043066851,-527.1916239573243,-873.2756543869473,-527.307344145354,105.40802336516441,-25.390382034911138,-0.0339521293400919,-0.17845706284923218
2873.0,-857.3418825866926,-552.5983137530422,-856.5423404315598,-552.1851605868525,107.66304243173904,-23.904439619725206,-0.031282500591777604,-0.1818411047192982
2874.0,-840.7500428412428,-577.5286706843636,-841.5595139794474,-577.9206994595887,109.83301927598443,-22.275245260342814,-0.028374374789853246,-0.1851112358617755
2875.0,-823.4334870295628,-601.9612050940948,-823.0320993219007,-602.4311601308068,111.52723850033273,-20.891284270762807,-0.02587155351757896,-0.1875807647594597
2876.0,-805.4071418071011,-625.8748564418578,-806.0831339054894,-626.0129477436091,113.4377081501052,-19.290128976001895,-0.023034430206247545,-0.19041379812369802
2877.0,-786.6865456589397,-649.2490114580114,-785.9061400260047,-648.7825625776212,114.35061172805312,-17.902175966740252,-0.020546575529061455,-0.19161962219700612
2878.0,-767.2878355058119,-672.0635219120334,-768.1529212721758,-672.4363884273132,115.89852941146405,-16.279510024821665,-0.017674334709154683,-0.1938657865166985
2879.0,-747.2277327942785,-694.298721980044,-748.2802907077561,-694.7357820503194,117.79011929338328,-14.499279291653869,-0.014567909430138092,-0.1966329657494028
2880.0,-726.5235290830482,-715.9354451965019,-727.1230944920026,-716.3937293879056,118.72736531915756,-13.174922590205627,-0.01219488598213118,-0.1978655275202758
2881.0,-705.1930711378699,-736.955040975458,-703.618825298861,-736.7229866805341,119.23031195091217,-11.950768944544528,-0.009997613081473096,-0.19837813579866825
2882.0,-683.2547455478431,-757.3393906871294,-684.0412058807442,-758.1203213734128,121.08605653628167,-9.735457039030308,-0.006209782101450245,-0.20109187846355311
2883.0,-660.727462876406,-777.0709232759308,-660.0267106967929,-776.5986069786868,121.40789305043226,-8.374340673375844,-0.003817195061769483,-0.20130999231347171
2884.0,-637.6306413606675,-796.132630406507,-638.1305972827291,-796.3900859158234,122.8103829490758,-6.682646205389658,-0.0008823939883388039,-0.20327396320656674
2885.0,-613.9841901731261,-814.5080811247059,-612.6703760882198,-813.8861100749249,123.4136305313973,-4.697665992184345,0.0024910734735989946,-0.20392225091465693
2886.0,-589.8084922602127,-832.1814360208564,-588.9578222901306,-831.4030547914189,124.14687494225944,-3.3262661400426694,0.004888253674561746,-0.20479883863642365
2887.0,-565.1243867724439,-849.1374608831419,-565.8167663131024,-849.3851635913037,125.39209217080354,-1.598033787237551,0.007859047290798603,-0.2064972555231283
2888.0,-539.9531511013346,-865.3615398293013,-541.0362516667283,-865.541955916322,126.59966690955537,0.48193853155190963,0.011367297848380753,-0.20811568412077927
2889.0,-514.3164825385509,-880.8396879053375,-515.0379584743163,-881.459258306228,126.99804234333817,2.3550725120076064,0.014543421939557403,-0.20843131792429068
2890.0,-488.23647957311476,-895.5585631403742,-487.536499162354,-894.5773636541456,127.14545865481398,3.603109879383655,0.016690392181684176,-0.20832912864482384
2891.0,-461.73562284278205,-909.505478047267,-462.72416821996075,-909.8374047812822,128.14586538018537,6.15383406309219,0.020936885114389896,-0.20961744945536032
2892.0,-434.83675575601245,-922.6684105590622,-435.04746409275094,-923.507127580449,128.89483679272095,7.7394367031956035,0.02362786281818448,-0.21047051863615346
2893.0,-407.5630648012372,-935.0360143918642,-406.5333699958867,-934.0771854883013,128.78699397063787,9.281298315083703,0.0262112630015823,-0.20994967011719523
2894.0,-379.9380595603923,-946.5976288251962,-379.6195753481575,-945.6155471843243,129.5714403206667,11.298403605431838,0.02956289578120556,-0.2108685427462658
2895.0,-351.98555244395374,-957.3432878914045,-352.47145971576464,-957.2822691143996,130.20906942595153,13.435280734085582,0.033106723386228366,-0.21155087875027265
2896.0,-323.7296381649354,-967.2637289662008,-324.41796561087614,-967.77324462794,130.44907562074442,15.17327709570135,0.03600131319900098,-0.21158929009177516
2897.0,-295.1946729695468,-976.3504007529276,-294.1337399559465,-975.2154719708884,130.47181382577799,17.40207213998902,0.03963969543974032,-0.2112545889790437
2898.0,-266.40525364241194,-984.5954706536701,-266.93871877831975,-984.7068917904303,130.9826176994446,19.309577011147198,0.04279182489294371,-0.21173450190690246
2899.0,-237.38619630444705,-991.9918315208582,-238.34406973028067,-992.4432641978592,131.1716770881438,21.162256937922244,0.04583520371907063,-0.21168520137825173
2900.0,-208.16251502167563,-998.533107783538,-208.0333639064535,-997.572323213716,131.21850695369486,23.225056796488285,0.04918106710669166,-0.21138851903219663
2901.0,-178.75940024340983,-1004.2136609430368,-179.4087606453405,-1004.0617008477119,131.42940946522788,25.06097278196424,0.052182493380423633,-0.21137361606482666
2902.0,-149.20219708840418,-1009.0285944332762,-149.91281403020517,-1009.3018406876255,131.65558334829453,27.219566316326794,0.05568217754208295,-0.21137234692171242
2903.0,-119.51638349767101,-1012.973757841553,-120.94850275723172,-1013.7969828921441,131.70843422441203,29.75420777355966,0.05977123659555518,-0.21110173656913572
2904.0,-89.72754827282053,-1016.0457504861425,-90.00766405003822,-1015.6382676892291,131.4318562387549,31.407883886634192,0.062425694037200746,-0.21028261742120788
2905.0,-59.86136901882444,-1018.2419243476435,-60.58554187521553,-1018.0638201733881,131.42871503731857,33.48980842018016,0.06576888551925254,-0.2099172861117695
2906.0,-29.94359001024846,-1019.5603863515383,-30.24663450284667,-1019.3614418744088,131.33160769232123,35.86624654167742,0.06956699619690473,-0.20939117519657813
2907.0,0.0,-1020.0,-0.9065599244427162,-1020.462020159693,131.2393662997055,38.05142302910319,0.07305829134432688,-0.20888504136326086
2908.0,0.0,-1020.0,0.25818709383122346,-1019.3014218180315,130.91386955533812,37.54192276690609,0.07223318267556968,-0.2083527325798627
2909.0,0.0,-1050.0,0.18308236516529117,-1049.1891329879952,132.0980888354734,37.19960926472686,0.07205440780385293,-0.2102383959068197
2910.0,-29.98385333338088,-1049.5718024695987,-29.04221771844851,-1048.604654874942,132.0473796680684,34.901689584297195,0.06838999695657343,-0.21051561121756246
2911.0,-59.943251405906004,-1048.2875591224424,-60.99289768868133,-1048.2356308671096,132.5013827448781,32.48205841698987,0.06453451492219904,-0.2116294786668973
2912.0,-89.8537589027822,-1046.148317405826,-90.73760715550638,-1046.0087326228474,132.56255829329305,30.833277850960247,0.061883126388240575,-0.21209112522605694
2913.0,-119.69098038506793,-1043.1558221159778,-121.16045310992565,-1043.1373524576647,132.67119764778403,28.367208773886784,0.05792308983703239,-0.21263661789793245
2914.0,-149.4305801869495,-1039.3125139749793,-150.6886886187348,-1039.9166349206369,132.73174038580578,26.238724337391375,0.05449605760310739,-0.2130946061573798
2915.0,-179.0483022642549,-1034.6215276400776,-177.93086506814953,-1033.5435450461039,132.21233284595323,24.58935126046292,0.051792947762351514,-0.21260157757883327
2916.0,-208.51998997803244,-1029.0866891470132,-207.7528429907528,-1028.0649620005922,132.1779516994607,22.389585589938118,0.04822481590334325,-0.21291208723927407
2917.0,-237.82160579705214,-1022.7125127894502,-238.71391174417897,-1022.6094966555771,132.24971272807673,20.2129112168431,0.04469371810746935,-0.21340547783260805
2918.0,-266.9292509031611,-1015.504197437055,-266.6885564230283,-1014.5693757315321,131.85649235204846,18.551354221303942,0.04195080087394389,-0.21312225288137007
2919.0,-295.8191846835013,-1007.4676222952222,-295.586955563888,-1006.346412821549,131.45902077051653,16.36887977620989,0.03837657850918214,-0.21284357512226762
2920.0,-324.4678440936948,-998.6093421099112,-324.6294298568001,-997.4507467190319,131.16607766695657,14.178768093519677,0.03478196252552128,-0.21273302408727487
2921.0,-352.8518628762015,-988.9365818215009,-352.1101425639993,-987.8297941168108,130.81782817423758,12.556552747252594,0.03208229906883009,-0.21251532334831877
2922.0,-380.94809061817324,-978.457230672025,-379.93530607868826,-977.6200339072602,130.3991808340742,10.614937456649889,0.02886708370170284,-0.2121897994350194
2923.0,-408.73361163326103,-967.1798357705926,-409.2245178710493,-967.7816783103284,130.42974048604557,9.08855292546914,0.026317277195648518,-0.2125971408139552
2924.0,-436.185763651981,-955.1135951222441,-437.58654893115676,-955.642572632297,129.90461842396903,6.943611683943679,0.02275482988542798,-0.21210873211985168
2925.0,-463.2821563053824,-942.2683501259262,-462.2890962943986,-941.4378158887174,128.8030211701914,4.775036853359081,0.019129470577429242,-0.21065801706490028
2926.0,-490.0006893869573,-928.6545775477051,-488.3664484799886,-927.9441976636157,128.45872616041137,3.4733532533232174,0.016892520808222237,-0.21042942316277902
2927.0,-516.3195708778842,-914.2833809757659,-517.5808298889597,-914.8651943490551,128.18941099245066,1.4932138322073483,0.013580852840632976,-0.21035858249702974
2928.0,-542.21733472091,-899.1664817641682,-543.3223694593214,-899.4552204882322,127.3526345926452,-0.41222922601112133,0.010359520493861797,-0.20934206743088687
2929.0,-567.6728583283773,-883.3162094727403,-567.8020546093794,-884.1947983788474,126.94819301741951,-1.7555807683494635,0.008034616135556666,-0.20899818071191792
2930.0,-592.6653798101078,-866.7454918109125,-591.3905691361921,-866.2926539155554,125.57793721505261,-3.921048803989249,0.004368919638187732,-0.20710623876692272
2931.0,-617.1745149070967,-849.4678440936947,-615.8522362128093,-849.0243714999178,124.58779056736448,-5.9585125804772305,0.0009147111379285808,-0.2058299528063332
2932.0,-641.1802736172099,-831.497358218389,-642.3141339163302,-831.7731717947244,124.42418853131778,-7.053637245074942,-0.0010395088735775679,-0.20589365022225403
2933.0,-664.663076499314,-812.8486911710365,-664.8779473763419,-813.7469273486895,123.34682460544202,-9.021819604774775,-0.004392735314797746,-0.20445531069044315
2934.0,-687.6037706425492,-793.5370530719714,-687.7728859958803,-794.4004309421936,122.1631300335146,-10.553499531404194,-0.0070674156470125135,-0.2028517959602651
2935.0,-709.9836452877206,-773.578194770225,-708.8321683999769,-773.3846039818777,121.01811365648173,-12.322633225429554,-0.010140459633601087,-0.20128735825728958
2936.0,-731.7844470880582,-752.9883949969116,-732.3024094523367,-753.4956459540587,120.34736556828314,-13.899729830733795,-0.01289406636767486,-0.20050726892466939
2937.0,-752.9883949969116,-731.7844470880582,-754.4093352786449,-732.1938521089805,118.90477518066119,-15.540203250836221,-0.015765843397199174,-0.19848205793505477
2938.0,-773.5781947702253,-709.9836452877203,-773.7664486608545,-710.5761894728926,117.89841129157266,-16.704030485873222,-0.017882882898647194,-0.1971174461025298
2939.0,-793.5370530719714,-687.6037706425492,-792.4240139295617,-687.0537018817021,116.15238224321759,-18.86965047082022,-0.02161765342066219,-0.19456705325993565
2940.0,-812.8486911710369,-664.6630764993137,-813.8101470432636,-665.3167589971581,114.99307318739186,-20.207615985110895,-0.024013303423324476,-0.19298387098393444
2941.0,-831.497358218389,-641.1802736172099,-832.0786805106965,-642.021375963173,113.82613733649977,-21.39119451110437,-0.02618232507685223,-0.19135036912829537
2942.0,-849.4678440936947,-617.1745149070967,-849.580665741838,-617.1540642654672,111.8715918798092,-23.139697418750867,-0.02926970317621169,-0.18845395975730733
2943.0,-866.7454918109125,-592.6653798101078,-865.428200502126,-592.1927976905343,109.69308966412599,-24.88042868014931,-0.032345862979240254,-0.18518085012396127
2944.0,-883.3162094727403,-567.6728583283773,-883.6496410243084,-567.5339378152393,108.43304007397938,-25.794018370493376,-0.034101882518921364,-0.18339857640357804
2945.0,-899.1664817641682,-542.21733472091,-897.9216281779048,-541.9338536627789,105.89902169644533,-27.65431371597246,-0.037376158053468264,-0.17954034953635978
2946.0,-914.2833809757662,-516.3195708778836,-915.1470618907821,-516.8083571230592,103.78224052707476,-29.185726056361332,-0.04012118776680681,-0.17638234709023956
2947.0,-928.6545775477051,-490.0006893869573,-927.8319559981455,-489.46491041487735,101.19346793110998,-30.670359931243997,-0.0428189304155319,-0.17241753909235663
2948.0,-942.2683501259262,-463.2821563053824,-943.0576414324765,-463.76916159375696,98.45407462016408,-31.970639537464475,-0.045203084821557896,-0.16824412778371292
2949.0,-955.1135951222441,-436.185763651981,-955.1024942730738,-436.011642198358,94.76548364745877,-33.61385385034734,-0.04815828721310402,-0.16252106590618404
2950.0,-967.1798357705926,-408.73361163326103,-966.8695408329453,-408.29364712028246,91.27910175853133,-35.22610725657044,-0.05106372973803306,-0.15711642749488502
2951.0,-978.457230672025,-380.94809061817267,-979.2343616146785,-381.5550426840679,87.30552781807461,-36.342107652152855,-0.05316736649566419,-0.15094371977590446
2952.0,-988.9365818215009,-352.8518628762015,-988.4541846226365,-352.96082176309454,82.16191543771383,-37.93617911516148,-0.056054602673344014,-0.1428703213413267
2953.0,-998.6093421099112,-324.4678440936948,-997.8143789610264,-324.74127578023985,77.48955571071237,-39.323656986918174,-0.05860844630463276,-0.13554866392289772
2954.0,-1007.4676222952222,-295.8191846835013,-1006.911808307875,-295.64638563164544,71.43328455902365,-41.003300223038195,-0.06163800587155872,-0.12602122498834264
2955.0,-1015.504197437055,-266.9292509031611,-1015.9475445139259,-267.3165990299865,65.30626347011345,-42.23922519417096,-0.06395199568397311,-0.1163804284772435
2956.0,-1022.7125127894502,-237.82160579705214,-1022.9532676725079,-238.48878495873564,59.02479982936896,-42.924695355670714,-0.06539600878627853,-0.10646896749594285
2957.0,-1029.0866891470132,-208.51998997803244,-1028.3001018243056,-208.9550635023662,51.301458989526054,-44.174269105271954,-0.06774646586180115,-0.09424237131030015
2958.0,-1034.6215276400776,-179.0483022642549,-1035.4903577514706,-178.89462498399635,43.36876805012741,-45.63490678207131,-0.07043929230011244,-0.08170516042931926
2959.0,-1039.3125139749793,-149.4305801869495,-1040.3641797769994,-149.32431947319364,35.68471674776161,-46.085433690472684,-0.07151847487416796,-0.0695353025180113
2960.0,-1043.1558221159778,-119.69098038506793,-1043.0014850501043,-120.14308913342165,26.539293277777194,-46.47016953710884,-0.07248818272824714,-0.055012208004976804
2961.0,-1068.6170189052818,-156.389471851491,-1068.6780381654787,-155.9754437268826,35.80728137715774,-48.882643861502764,-0.07588891699173554,-0.07007712923973232
2962.0,-1063.879502514475,-185.90428755021568,-1063.2492445619312,-186.09572852969907,43.799703122011046,-47.97729735862335,-0.07407913096944883,-0.08273097723143337
2963.0,-1058.326957734948,-215.27668366892274,-1058.4743208763684,-215.53682861503194,50.74199148825017,-47.14138010628536,-0.07238816298815981,-0.09372149396915871
2964.0,-1051.963638320641,-244.48415828269847,-1051.8547946550457,-244.6668263691524,57.975139604758795,-45.87241353234413,-0.07001178566732376,-0.10515233757968963
2965.0,-1044.79441915255,-273.50433581149264,-1044.01404151445,-273.1232611660129,65.7504465695881,-45.01663119409204,-0.06830126058892787,-0.11743109746378341
2966.0,-1036.824792504126,-302.3149841618442,-1035.9061213994994,-301.87880790773255,71.51113915946436,-43.92880601135929,-0.0662177646375759,-0.12650022699921262
2967.0,-1028.0608638336948,-330.89403175868426,-1027.0870104994274,-330.61918726952655,76.74348348590506,-42.535321971877,-0.06364798326119935,-0.1347197542223925
2968.0,-1018.5093471071201,-359.21958445417187,-1019.1928007816356,-360.0138535540627,82.65879752518612,-40.40991003892507,-0.059905289428304836,-0.144037588743066
2969.0,-1008.1775596542961,-387.2699423005974,-1008.6272230241715,-388.02955673421684,87.05848684817965,-39.03926317266781,-0.057380729631515116,-0.15091051543713527
2970.0,-997.0734165634076,-415.0236161745177,-997.6520828566022,-415.75957396391976,90.91818608595788,-37.69864451216633,-0.0549074599965923,-0.15691900531865277
2971.0,-985.2054246172526,-442.4593442393761,-984.3504896561635,-441.9642195158806,94.52000693780722,-36.42922812642061,-0.05256619348709253,-0.16248857699461977
2972.0,-972.5826757762746,-469.55610823400224,-971.4798447522157,-469.0657856445446,97.62135232392315,-35.02088990772402,-0.049992841451447334,-0.1672668950400058
2973.0,-959.2148402132933,-496.29314957450924,-959.8407564472999,-496.83263155539026,100.66953871750975,-33.33150015032687,-0.04696403433588041,-0.1719756907613409
2974.0,-945.112158905275,-522.6499852572563,-945.2005911527798,-522.6024655054703,103.58344815608734,-31.709500948863862,-0.04406693997256619,-0.17643402396287064
2975.0,-930.2854357878117,-548.6064235506919,-930.6206389699328,-548.470356825415,105.73266202506333,-30.35397717555583,-0.04159275351933737,-0.17967604379411983
2976.0,-914.7460294783256,-574.1425794640545,-913.7968587880026,-573.7033241532642,107.3617712952356,-29.134022698141447,-0.039342108198744466,-0.18206281134649285
2977.0,-898.5058445743357,-599.2388899810825,-898.9842282277159,-599.9310457451661,110.08153891343706,-27.145532533703346,-0.035856117614342965,-0.18621004606685437
2978.0,-881.5773225334539,-623.8761290470622,-882.1654629538193,-623.8778223772114,111.55652816644613,-25.89124114245654,-0.03356657534063891,-0.18835158541106073
2979.0,-863.9734321420979,-648.0354222977352,-862.538455546125,-647.6993191463915,112.55661175623771,-24.63909335468017,-0.03128197901690011,-0.1897028964520055
2980.0,-845.7076595802226,-671.6982615187733,-846.0847964602603,-671.9552854946342,114.91903900829492,-22.795718529849605,-0.02805109470164579,-0.1932613086841526
2981.0,-826.7939980896796,-694.8465188247566,-825.5161915992445,-694.3663492770838,115.87921077139696,-21.57947163724776,-0.025840909961716226,-0.19453756636157654
2982.0,-807.2469372541228,-717.462460546779,-807.740992539826,-718.0625035484694,117.33024848270169,-19.957540331457007,-0.02296931995648849,-0.1966292722245896
2983.0,-787.0814518986705,-739.52876081805,-788.4701475968101,-739.77831676503,119.08294866138404,-18.213707014470547,-0.01992797005788797,-0.1991827716813262
2984.0,-766.3129906178278,-761.0285148470856,-765.1917964645442,-760.5836786006379,119.53359728700683,-16.931207998196243,-0.01763200677641209,-0.1996149119101839
2985.0,-744.9574639404609,-781.9452518683114,-746.0637490700345,-782.2626225181374,120.90026946295013,-15.52268319464902,-0.015124768488863433,-0.20155577755654497
2986.0,-723.0312321408832,-802.2629477601696,-723.7229611493158,-802.914934269495,122.34368529246677,-13.257655032096396,-0.011266935903996717,-0.20357943817501156
2987.0,-700.5510927053998,-821.9660373210503,-698.1776516286377,-821.5712696818737,122.82537600002519,-12.148611692067467,-0.009273354973643008,-0.20403322003382607
2988.0,-677.5342674639071,-841.0394261936516,-678.6961671181313,-841.2573898027762,123.96922443843003,-10.591906155285457,-0.006554685783414824,-0.2056151221527414
2989.0,-653.9983893964052,-859.4685024286277,-653.0494168192886,-858.8532205329633,124.6908747383553,-8.488854792177525,-0.0029920799216731405,-0.2064495692217727
2990.0,-629.9614891245324,-877.2391476786712,-629.7751439407984,-877.7856418187133,125.84681095502158,-6.955391978670414,-0.00031963320363308586,-0.20800425946105325
2991.0,-605.4419810984703,-894.337748014451,-606.2081628345742,-895.0086758941485,126.78453436000002,-5.431350848691351,0.0023168836205589784,-0.20920806843434864
2992.0,-580.4586494898014,-910.7512043541177,-581.3578349020977,-911.6222599808999,127.6412400313691,-3.1669130991912344,0.0061243143457265,-0.21026721656605857
2993.0,-555.0306338011268,-926.4669424983925,-553.5962719791697,-925.9597580337032,127.80110143534016,-2.0278851524711077,0.00811272457581927,-0.21018164878460313
2994.0,-529.1774142034689,-941.472922763544,-529.7971413012382,-941.6620885267117,128.6182158178631,-0.13600039941834416,0.011316058693462758,-0.2111906594073391
2995.0,-502.91879661268644,-955.7576492048846,-504.01982295298143,-956.3819071491813,129.7320954507444,2.147831380996156,0.015131163083230342,-0.21264775978466732
2996.0,-476.27489751634727,-969.3101784237039,-475.16712405800996,-968.7517212202416,129.70608519742737,3.594695988347322,0.017585412403023484,-0.21225300496018296
2997.0,-449.2661285626672,-982.1201279509107,-449.33552225162884,-981.8118639490191,130.552958032842,5.3889393694157715,0.020600986648782772,-0.21328448601291267
2998.0,-421.91318092333336,-994.1776842009454,-423.16410799974034,-994.3274076106337,131.0509750295718,7.219335949019978,0.023667430807096473,-0.21375658408030937
2999.0,-394.2370094421883,-1005.4736099898793,-394.9247928423881,-1005.7765911496648,131.46368511296407,9.11552808540231,0.02682553216286548,-0.2140675864520414
3000.0,-366.25881658191093,-1015.9992516119379,-367.201956354714,-1016.0134964161672,131.94016816252105,11.24947168162033,0.03034717998012046,-0.2144864119520368
3001.0,-338.000036181008,-1025.7465454690243,-338.6847419184218,-1025.6582508001038,132.37219466028327,13.023441307670717,0.03328865937421523,-0.21482475392713668
3002.0,-309.48231703354134,-1034.7080242481695,-310.4532992598301,-1035.394712121516,132.75283956779558,14.909202681017021,0.0364091839924756,-0.21508481940072333
3003.0,-280.7275063041864,-1042.8768226421723,-280.28991362482134,-1042.2801249097174,132.61034389795768,16.306666790588864,0.038717642664416525,-0.2144886203329173
3004.0,-251.75763279132036,-1050.246682609048,-250.60161978887209,-1049.311026153509,132.93222119385987,18.812511917667212,0.04279192630717994,-0.21463731223084337
3005.0,-222.59489005095384,-1056.8119581662595,-223.1126481237568,-1056.640715874815,133.26563178667328,20.570882320421575,0.04568022623219749,-0.2148312949798657
3006.0,-193.26161939445993,-1062.5676197160494,-195.11808199250802,-1063.2679049933656,133.43771245548024,22.433037908498587,0.04872510190402936,-0.21476232117843497
3007.0,-163.78029277309025,-1067.5092578985725,-164.55228209627464,-1067.9691870878453,133.6428251004867,25.121268042168158,0.053061129517719983,-0.2147144295697621
3008.0,-134.1734955624222,-1071.6330869698643,-133.3645044376615,-1070.7402748055442,133.37912184073068,26.57792134600216,0.05541340269058481,-0.21391277692987656
3009.0,-104.46390925990805,-1074.9359477020655,-104.68590006726816,-1074.525651448431,133.57308453768752,28.31820663140121,0.05822951215124995,-0.21387025206013763
3010.0,-74.67429410878522,-1077.4153098036777,-74.3899116440259,-1076.8575331741833,133.3013044960452,31.205417358399743,0.06285320923298104,-0.21306666654120948
3011.0,-44.82747166166572,-1079.069273857996,-45.3617509239055,-1078.819159045146,133.3952044962294,33.00108248261034,0.06573512301836403,-0.21286060593623388
3012.0,-14.946307297146324,-1079.8965727782356,-16.375247419557436,-1080.468976381834,133.48381382131478,34.98465951558,0.06891228918453517,-0.212646635135107
3013.0,0.0,-1080.0,-0.20955324304712378,-1079.523345194328,132.99459484248072,36.333082360050085,0.07104678967579037,-0.21167003812972957
3014.0,0.0,-1110.0,-0.39622833806057245,-1109.7750914034052,134.31400779583694,35.30657419332418,0.06978354350232467,-0.21377223526961509
3015.0,-29.92914353582603,-1109.5964340097764,-30.411274820017383,-1109.2907108724169,134.3768779756401,32.98493702611953,0.0660826109948376,-0.2142398897284865
3016.0,-59.83652421679045,-1108.386029490472,-60.03136939259321,-1107.9211883665005,134.34668260715674,31.389356045668233,0.06352639248843915,-0.2145545888016249
3017.0,-89.70039501280627,-1106.3696665828047,-89.4451274726694,-1105.736600550036,134.31915869321566,28.969292588952047,0.05964798728339237,-0.21487101262929384
3018.0,-119.49904053181884,-1103.548811476853,-120.73000105125315,-1103.4995112151657,134.5356577380482,26.641918284531624,0.05591645846126267,-0.2155987265588787
3019.0,-149.21079281006814,-1099.9255153459214,-150.65115024961375,-1100.5614020068763,134.6967299236471,25.346543366942942,0.05381882230458199,-0.2162215244067046
3020.0,-178.8140470678637,-1095.5024128550388,-178.18428069695835,-1094.874808564938,134.1229385270241,22.995865293370258,0.05000795839870235,-0.21564550453758324
3021.0,-208.28727741940546,-1090.282720245172,-208.69901623507633,-1089.398963287245,134.02150652955126,20.496119978063163,0.045962427636121746,-0.21585778363802707
3022.0,-237.60905252524745,-1084.2702329945494,-237.9899283951663,-1083.8599258477168,134.0943943946874,19.141734082153526,0.04373901909298919,-0.21633251328489456
3023.0,-266.7580511760123,-1077.469323058794,-268.4976822652661,-1078.043191749178,134.01225029371378,17.10147411732008,0.04042060712232963,-0.2165754045217365
3024.0,-295.71307779601443,-1069.8849356918754,-296.7395013516395,-1070.2231354566698,133.63950496656233,14.986256029571777,0.03695836096124091,-0.21632803870060716
3025.0,-324.45307785554354,-1061.5225858501856,-323.44264126424446,-1060.6009280824767,133.05534515677485,13.22169298617152,0.0340321287410265,-0.21572535211785226
3026.0,-352.95715318057506,-1052.3883541823636,-351.5709119689324,-1051.6070583173569,132.56106757274645,11.044592710031985,0.0304570183564651,-0.21528317107850212
3027.0,-381.204577148796,-1042.4888826077752,-381.9201632999912,-1042.468427877948,132.64250699914578,9.668742169445196,0.02815536365249584,-0.2157844724089466
3028.0,-409.1748097608826,-1031.831369486868,-409.40661634448867,-1031.7525090845527,132.06609847124528,7.613608186961005,0.02475327876546122,-0.21520371558914356
3029.0,-436.8475125760754,-1020.4235643869146,-438.16779242984006,-1020.9439759618091,131.82230130978522,5.510687811819211,0.021274005227207727,-0.21516793769881523
3030.0,-464.2025635011972,-1008.2737624469443,-464.8687379672153,-1008.53299924766,131.33124911904997,4.188787918127782,0.01901813930855149,-0.21471340961972318
3031.0,-491.2200714223488,-995.3907983459675,-492.5655944319333,-995.8248827013376,130.8280268419078,2.0659493211906153,0.015483900789080038,-0.2142517091406451
3032.0,-517.8803906686506,-981.7840398788758,-519.1648643781713,-982.4415296128285,130.20841597598346,0.08501469613464395,0.012167239851687623,-0.21359132835700984
3033.0,-544.1641352975154,-967.4633811446856,-542.8486156721465,-966.8685992957212,129.2084093130659,-1.23514626170842,0.009875417175396712,-0.21228982258130724
3034.0,-570.0521931910554,-952.4392353520867,-569.0315664248689,-951.8076568025053,128.42483502757284,-3.307053372939464,0.00639342363747509,-0.21136338726069726
3035.0,-595.5257399533798,-936.7225272475192,-596.0210142246898,-936.8177910951787,127.9770691544582,-5.277694354902188,0.003073470625430365,-0.21098128477516231
3036.0,-620.5662525986814,-920.3246851712876,-621.6014110220199,-920.578291779307,127.45501972781484,-6.736004960439042,0.0005536125035262846,-0.2104636997328808
3037.0,-645.1555230201457,-903.2576327474914,-645.7200143406768,-904.1399258280554,126.62337196402449,-8.260479243288804,-0.0020739838956410897,-0.20943547108822336
3038.0,-669.2756712299059,-885.5337802138091,-670.4989710659977,-886.0718412175437,125.59567111387351,-10.435545169150773,-0.00575698817421236,-0.20810330159579538
3039.0,-692.9091583604007,-867.1660153974448,-690.691370823732,-866.7389760296192,124.46953946834766,-11.681403763046468,-0.007976602785806234,-0.20655830318825064
3040.0,-716.03879941769,-848.1676943437973,-716.863681809154,-848.4052901323065,123.64814017198456,-13.358921482911752,-0.010870987312022667,-0.20557153718817453
3041.0,-738.6477757774559,-828.5526316046659,-738.8075205118256,-829.1337375205864,122.58153626034137,-15.223318782844723,-0.014074285955754093,-0.20414272993685834
3042.0,-760.7196474145949,-808.335090193055,-759.3097292804808,-807.9847418368421,121.39277934015549,-16.397688819485456,-0.016202365095643968,-0.20250185453161923
3043.0,-782.2383648575147,-787.5297712118836,-782.6807279756343,-787.6545043851414,120.74940439305804,-18.29999501081717,-0.019478963298421928,-0.20176411548768466
3044.0,-803.188280858444,-766.1518031641359,-804.2160745673737,-766.6306322507307,119.28974211546011,-19.7675534493001,-0.022072133887701587,-0.19970473362591473
3045.0,-823.5541617712646,-744.2167309522341,-822.0774817127535,-744.2310442387416,118.02281506768922,-21.10463322274289,-0.02447448958692035,-0.1979071047727651
3046.0,-843.3211986285927,-721.7405045746249,-843.906948882136,-721.990395358199,116.9813238484267,-22.811567191664896,-0.027463539997246093,-0.19651686490765083
3047.0,-862.4750179100628,-698.7394675278025,-863.5622776600584,-698.8420374933904,115.47457708155041,-24.41841093035541,-0.03030440854591135,-0.19435952122660216
3048.0,-881.0016919939729,-675.2303449222028,-881.3934906973956,-675.4803132961237,114.40579713005866,-25.577256937506935,-0.03243487965157793,-0.19287688348535176
3049.0,-898.8877492846965,-651.2302313206079,-897.6834145268534,-650.9944004004757,112.27651687769497,-27.375638808606666,-0.03559697160605442,-0.18968753096664412
3050.0,-916.1201840085014,-626.7565783079023,-916.677751373703,-627.3021747675548,110.7616432183038,-28.935170719164372,-0.03836920177538061,-0.1875091577841905
3051.0,-932.686465670643,-601.8271818012249,-931.5082729305142,-601.3858802420887,108.77878989679242,-30.274742169602476,-0.040818592110968846,-0.18453497770391117
3052.0,-948.5745481668624,-576.4601691097425,-949.3837406112526,-576.9812395308294,106.95561813768718,-31.64462910961284,-0.04329771786348102,-0.18185223009598075
3053.0,-963.772878542664,-550.6739857534468,-963.6841638901524,-550.7276237679854,104.67977446528023,-33.357956647673824,-0.0463460906516709,-0.17840524929024035
3054.0,-978.2704053939977,-524.4873820505725,-978.3748032274913,-524.3738272924198,102.65814841778719,-34.555449691606675,-0.04857471425475367,-0.17536764736624275
3055.0,-992.0565869032425,-497.9193994833795,-991.505515647512,-497.31640117354056,99.43029126225709,-36.397001091239225,-0.05183700590048172,-0.170391164626055
3056.0,-1005.1213985046465,-470.9893568522152,-1005.6064272213501,-471.69187038526735,96.57706327043972,-37.629016652737015,-0.05411164249966089,-0.16602280472089612
3057.0,-1017.4553401736499,-443.7168362279281,-1016.7598841206394,-443.24039079709814,93.40287005356579,-39.20742111449949,-0.056972195721192775,-0.1611075153970162
3058.0,-1029.0494433347874,-416.12166871284654,-1029.7142249813721,-416.8048552533919,89.86717475161737,-40.50096270333224,-0.0593546863874016,-0.1556389330123794
3059.0,-1039.8952773831527,-388.2239200206702,-1039.1731315354675,-388.34683017365273,85.29385332613064,-42.03481642543531,-0.062144415067039216,-0.14847610887219315
3060.0,-1049.9849558146784,-360.04387588576964,-1049.7473758238175,-359.4898294456271,81.2189266037061,-43.87656303961516,-0.06542905674778635,-0.14212016404901184
3061.0,-1059.3111419607749,-331.60202731249876,-1059.9979413065478,-332.1673666076039,76.14904813956512,-44.89816850516723,-0.06738960980625347,-0.1341767402619586
3062.0,-1067.8670543231588,-302.9190556752413,-1067.574264140366,-303.03880317313906,70.1688242083551,-46.25677711391933,-0.06990863929050527,-0.12475170528768052
3063.0,-1075.646471504993,-274.0158176800352,-1074.822234280233,-274.0641979902958,64.84242919857051,-47.32986420606027,-0.07197136164494859,-0.11636325003468051
3064.0,-1082.6437367347487,-244.91333019870535,-1081.5378582264002,-244.44984963551897,57.506346651849064,-48.80984123366136,-0.0746895043618912,-0.10476975809655155
3065.0,-1088.853761979505,-215.63275498652754,-1089.0469955840415,-215.5592521296359,50.97244131560532,-50.04632677223588,-0.07701125458102825,-0.09446268897847755
3066.0,-1094.2720316446898,-186.19538329454596,-1094.2256015663588,-185.7567274068759,42.55365275526213,-50.921488738491696,-0.07876910882214921,-0.08112719308321098
3067.0,-1098.894605857578,-156.6226203877283,-1098.2591980343923,-157.15433471431638,34.218531884721834,-51.11209286211315,-0.07942275743397895,-0.06791083555157813
3068.0,-1129.1590369276269,-156.84345483530467,-1128.6321473843534,-157.1420603308283,32.73572987112866,-53.88613136816853,-0.08383792716368024,-0.06592285953737728
3069.0,-1124.6460001434023,-186.47084051252213,-1124.1893161504508,-185.945140749257,42.36237385496643,-53.58323632596487,-0.08300310418714937,-0.08118972805792196
3070.0,-1119.3557240365558,-215.9693567768313,-1120.2719545347197,-215.42725660992707,49.943257592406916,-52.828623780178,-0.081441034346215,-0.09320710343467466
3071.0,-1113.291864700309,-245.31861729617938,-1113.6107773330805,-245.194740352337,56.600870752330984,-51.627558703907205,-0.07916491834175068,-0.10372144461415349
3072.0,-1106.458612848826,-274.4983388886928,-1105.7888460726974,-274.4297286061764,63.48454985447601,-50.11626961548449,-0.07640158694509103,-0.11458136519185697
3073.0,-1098.860690921026,-303.4883555403168,-1098.1879896238408,-303.2833625890261,69.3413920851796,-49.24062964612664,-0.0746545929775542,-0.12380973162839044
3074.0,-1090.5033498169175,-332.26863234148624,-1089.4866943257127,-332.1262065285595,74.18026497989682,-47.82254691923638,-0.07204440669332832,-0.13140447250280873
3075.0,-1081.3923652687204,-360.81927933318974,-1082.2120809933676,-361.4683831309641,80.53550013436923,-45.994034799793816,-0.06877488642937767,-0.14143005140413775
3076.0,-1071.534033849274,-389.12056525285675,-1071.9350440503672,-390.06622047430466,84.82858831613203,-44.532677053012655,-0.0660988264010082,-0.14813685086407283
3077.0,-1060.9351686204964,-417.1529311705705,-1061.1348552608101,-418.20894299996104,88.67573816736656,-43.193732066981056,-0.06362316611117223,-0.15412751040135855
3078.0,-1049.6030944248982,-444.8970040061836,-1048.8931074577742,-444.410957123242,92.60966074654027,-41.8937654308013,-0.061233309595015405,-0.16023861829028527
3079.0,-1037.545642823406,-472.33360991799526,-1037.2508062276695,-472.07351995488517,95.67834730181185,-40.63074839234621,-0.058884372889681964,-0.1649800016836762
3080.0,-1024.7711466829974,-499.443787553729,-1024.2498511621393,-499.22293126216,98.44759174718467,-39.24325008494041,-0.05634360264438757,-0.16922816876080116
3081.0,-1011.2884344178801,-526.208801154668,-1010.7559583128468,-525.909583359797,101.5424581011331,-37.396029753026504,-0.0530768294720926,-0.17398854220554957
3082.0,-997.106823888205,-552.610153503875,-996.6761512165968,-552.0973710908172,103.78878103225874,-36.04236645557983,-0.05060168629549422,-0.17739124117270721
3083.0,-982.2361159605204,-578.629598709564,-981.3642254987358,-578.3764024981875,105.83064057342592,-34.833748546499784,-0.04835627256537926,-0.18045343682460008
3084.0,-966.686587734425,-604.2491548147783,-966.3539869604712,-603.8062364099736,108.29452029872841,-32.875995441599265,-0.044928973239365344,-0.18419099321509383
3085.0,-950.4689854400958,-629.4511162246637,-949.7293944668985,-629.1139151396318,109.88349595511778,-31.68868998306664,-0.04272937545768267,-0.18651632558350548
3086.0,-933.5945170116032,-654.2180659427494,-934.1457150434532,-655.0435246827614,111.61855767168389,-30.17290508835643,-0.03999936964648279,-0.18908690917198745
3087.0,-916.074844341142,-678.5328876077801,-917.2252051491038,-679.197928110706,113.75652198559554,-28.257242422500706,-0.036654679497312104,-0.19228236003348032
3088.0,-897.9220752195342,-702.3787773227813,-897.849728317385,-702.1741381607972,114.80907451999288,-27.02901733250819,-0.03441850953313407,-0.19372025848149346
3089.0,-879.148754968574,-725.7392552681755,-877.6043767040784,-725.4930384386092,115.90217432067134,-25.93605528944167,-0.03239342047639345,-0.19521203657523048
3090.0,-859.7678577709936,-748.5981770909387,-860.820527468312,-749.4834231523765,117.99154733519975,-23.89470329933901,-0.02885069828748782,-0.19833182566122054
3091.0,-839.7927777040474,-770.9397450619084,-839.2407723718311,-771.232312718269,118.8510527313699,-22.48599544008321,-0.026342312035272045,-0.1994354843101392
3092.0,-819.2373194829069,-792.7485189935466,-818.2108856506546,-792.3276971517276,119.58003983969793,-21.32376652262134,-0.02423421266222983,-0.2003381508753931
3093.0,-798.1156889202645,-814.0094269106052,-800.045830150933,-814.781894421389,121.57398138634248,-19.163806655091136,-0.0205215338194545,-0.20328914046733704
3094.0,-776.442483108743,-834.7077754663181,-776.3194685340336,-834.986605398814,122.3822952989219,-17.85465176585994,-0.018190502553308494,-0.20428503590785882
3095.0,-754.2326803328882,-854.8292600969315,-753.6996021213849,-854.3012438024383,122.92823027453453,-16.71821707970376,-0.01614526472273922,-0.2048768935173143
3096.0,-731.501629717725,-874.3599749075389,-732.6847064625399,-875.1988867075888,124.82722012553347,-14.46756610583968,-0.012307309580363076,-0.20764186087697342
3097.0,-708.265040621026,-893.2864222824034,-708.2050530784182,-893.7560182196439,125.29350076756533,-13.031657855763479,-0.00979472193591221,-0.20808416791656284
3098.0,-684.5389717766205,-911.5955222131179,-683.337371112174,-910.99098345564,125.74447698224908,-11.84360229302053,-0.007692796629452054,-0.20849736502799746
3099.0,-660.3398201962567,-929.2746213381573,-659.047682395384,-928.7010502602558,126.80978871986757,-9.685832398296382,-0.004041704473751453,-0.20989538615899778
3100.0,-635.6843098376781,-946.3115016875759,-637.3219520731026,-947.0636003422172,127.96401149544319,-8.013828249717294,-0.00115574156989156,-0.21146631433076093
3101.0,-610.5894800467482,-962.6943891268098,-611.1497614267319,-962.9258691470976,128.61204567877886,-6.7324253146602,0.0010779393179010663,-0.21217716265764613
3102.0,-585.0726737816109,-978.4119614937446,-585.0711530335321,-977.7043739431077,129.16808347829337,-4.695892874343149,0.004500173311645173,-0.21274274029153
3103.0,-559.1515256270291,-993.4533564234235,-560.2051188174113,-994.1913138386814,130.3985740616941,-2.8606895135156507,0.00762290528181633,-0.2143965932328403
3104.0,-532.8439496071754,-1007.8081788549971,-532.7771318559248,-1008.178352354415,130.59523892253173,-1.4599708930418178,0.010023517086355762,-0.2143736852679669
3105.0,-506.1681268053094,-1021.4665082157145,-504.9628029632117,-1020.51765764225,131.17702405775316,0.8674437484894044,0.013878831671703352,-0.21495898373747374
3106.0,-479.1424927988864,-1034.418905277001,-480.28128305097334,-1034.7513486733858,131.8425422033531,2.3968247264946587,0.01648723672481728,-0.2157159148585913
3107.0,-451.7857249187868,-1046.6564186778803,-452.6359844485302,-1046.5206315038233,132.23147504163225,4.108230844304096,0.019355162245222674,-0.21599634947402752
3108.0,-424.1167293414723,-1058.170591111231,-423.09284293158976,-1057.2978929914846,132.57278020469246,6.289957372173194,0.022959476688135735,-0.21617773945938593
3109.0,-396.15462802298765,-1068.9534651686051,-397.5114330362239,-1069.3328188014482,133.39883860297888,7.879856900243539,0.025637271787152575,-0.21717915740009608
3110.0,-367.91874548383606,-1078.9975888395675,-367.99652317071883,-1079.289717578543,133.6177675166247,9.679167408186933,0.028622905271317972,-0.21716612528761023
3111.0,-339.4285954538617,-1088.2960206617586,-338.5103289486138,-1087.3890580146433,133.85712658336408,11.817023884399722,0.032124601932014114,-0.21718596045335972
3112.0,-310.70386738637603,-1096.8423345181154,-311.52579739685444,-1097.2373995463936,134.503122270312,13.509581961144155,0.03493900414741691,-0.21788361569544884
3113.0,-281.76441285083456,-1104.6306240779425,-281.76099649322464,-1104.6987046757515,134.6507044671207,15.463696562139448,0.038140452530082296,-0.21775397134761842
3114.0,-252.63023181348248,-1111.655506878757,-254.3109282091374,-1111.983014424739,135.12412872087893,17.50975718396471,0.04148606989225321,-0.21817126920769037
3115.0,-223.32145881543917,-1117.912128046093,-222.45064333252603,-1116.7954273222872,134.786891478017,19.35625001381167,0.044483791994992014,-0.21724434742118515
3116.0,-193.85834905778154,-1123.3961636486888,-194.69864158969713,-1123.6076391071708,135.26033707181807,21.171796590924316,0.047456753089522935,-0.2176579814741121
3117.0,-164.26126440323344,-1128.1038236867435,-165.4429106835496,-1128.3610576110623,135.53104873500322,23.699735512290925,0.051538307828683134,-0.21773053832487102
3118.0,-134.55065930415296,-1132.0318547111726,-133.43096863094252,-1130.5207306429513,135.2423423383195,25.305374948769884,0.05412021181710385,-0.2168789984376626
3119.0,-104.7470666665203,-1135.1775420720583,-105.58268058087486,-1135.362644684318,135.53258601653224,27.110996961802115,0.05705324729430798,-0.2169998783702991
3120.0,-74.87108365971294,-1137.5387117947328,-75.85388941284491,-1137.8306438567715,135.7526504388704,29.681917524872688,0.06117521997231128,-0.2169860340775168
3121.0,-44.94335748186196,-1139.1137320822086,-43.898676551286336,-1138.0441349090386,135.04120903470866,31.472097224338825,0.06402699407336457,-0.21546238529059095
3122.0,-14.984571090645089,-1139.9015144429054,-15.89233713936732,-1140.0907788304037,135.31345337433203,33.33031766438115,0.0670095089498173,-0.21555268273539782
3123.0,0.0,-1140.0,-1.1042921048760583,-1140.2026311312186,135.31121070358213,34.84322632437504,0.06941874771875656,-0.2153680046276907
3124.0,0.0,-1170.0,-0.724954659648541,-1170.3931834804544,136.07329606525792,34.10873526012514,0.06861951175901379,-0.2165762554159769
3125.0,-29.88019327709465,-1169.618388214602,-30.80158973111413,-1169.8887198855548,136.40101880911493,31.67743668260447,0.06474380173960562,-0.2174661900962305
3126.0,-59.74089487230241,-1168.4738017943992,-60.4096239659547,-1168.5649034721084,136.61824526463155,30.179963726129795,0.06234428676421026,-0.21817452552992392
3127.0,-89.5626258186996,-1166.5669873849763,-89.54177434165138,-1166.6105944466226,136.5075450873185,27.928653715160852,0.05873728122781397,-0.2183551213810415
3128.0,-119.32593257100635,-1163.8991888544556,-119.27789319222697,-1163.2237461435857,136.29634218383356,25.765143827463884,0.05525246965797712,-0.2183831589610411
3129.0,-149.01139969566628,-1160.4721464820852,-150.1831478780816,-1160.709050687286,136.38554731742954,23.784572163436952,0.052069494546168923,-0.21890362915635742
3130.0,-178.5996625360826,-1156.288095823008,-179.5246189032497,-1156.7984320907808,136.16935636934443,21.437704347822905,0.04828644516992646,-0.21891889477560086
3131.0,-208.0714198447191,-1151.3497662499449,-209.20651991135594,-1151.4928203312481,136.2027212501365,20.277013240371208,0.046374170215106376,-0.2193355100690418
3132.0,-237.40744637383776,-1145.6603791727518,-238.53399512864914,-1145.9949661758594,136.12336931390647,17.73294080840361,0.042257821113102424,-0.21956839033345138
3133.0,-266.58860541667127,-1139.2236459370015,-267.2661120916919,-1139.557432088579,135.74704326875852,15.602817248564582,0.03878878386833101,-0.21932133028742673
3134.0,-295.5958612908202,-1132.0437654029715,-296.0270468944969,-1132.3502595851107,135.49142013062638,14.426654230582935,0.03682859624026838,-0.2192667278156751
3135.0,-324.4102917557672,-1124.1254212066099,-325.26835500963125,-1124.3639495517702,135.23334848944003,12.005328307221985,0.03287712822255686,-0.21921411154920495
3136.0,-353.013100356375,-1115.4737787042686,-352.30558282196904,-1114.404606585377,134.29931843013625,9.873030542194622,0.029361499124956184,-0.21805868073538145
3137.0,-381.38562868434036,-1106.0944816031995,-380.1351722123729,-1104.8312175776055,134.26067487712234,8.582157897097305,0.027189766465801755,-0.21833800583684662
3138.0,-409.50936854959224,-1095.9936482800047,-408.5272024706588,-1094.8657178059775,133.71070064503968,6.427419696175384,0.023638346902996838,-0.21781041108507898
3139.0,-437.3659740536993,-1085.1778677894508,-439.3695117279074,-1085.9083560373936,133.50582416367908,4.568209115503357,0.020569620794794897,-0.21786206496251095
3140.0,-464.93727355741197,-1073.6541955662449,-466.148221617216,-1074.238430939517,133.15823665113888,3.2901682189911963,0.018392634277180443,-0.21763682038826568
3141.0,-492.20528153452597,-1061.4301488225772,-493.1571187078642,-1061.375110318766,132.5068806446965,1.198441673192246,0.014906011344903757,-0.21693093233682936
3142.0,-519.1522103043429,-1048.513701644435,-519.4833973679056,-1048.4740048432297,131.72101416314092,-0.9547009239183876,0.011321178981021182,-0.2160026042058731
3143.0,-545.76048163507,-1034.9132797898849,-546.1268795071059,-1035.27153971963,131.4499792989135,-2.009119938128318,0.009481328766807233,-0.2158975408248984
3144.0,-572.012738210589,-1020.6377551927148,-570.3710887502025,-1019.7476968818755,130.41905506570967,-4.279483368970351,0.0056778130583849664,-0.21455369212109945
3145.0,-597.8918549531188,-1005.6964401750254,-596.4493590398038,-1005.0470486426577,129.79954479430845,-5.924776831142546,0.002879208744799477,-0.2138870907699597
3146.0,-623.3809501943779,-990.0990813725435,-624.5088584891922,-990.8298149289418,129.66757441952362,-7.648759958091374,-3.8713695401235504e-05,-0.21402069732360104
3147.0,-648.4633966879669,-973.8558533766198,-649.5445282519962,-974.9006504136388,128.45632881288915,-9.376739887327343,-0.002983963214091473,-0.21239955123604928
3148.0,-673.1228324557861,-956.9773520970597,-673.3350322571713,-957.082113800428,127.85167698476049,-10.664092763998058,-0.005251072086850138,-0.21172857962022393
3149.0,-697.3431714614077,-939.4745878501161,-697.0449081965359,-940.1577645739262,126.99835404778092,-12.693094139717983,-0.008687600117545925,-0.21066084819288633
3150.0,-721.1086141034458,-921.3589781761547,-720.0900986184769,-920.7306331737985,125.42500192016581,-14.56561262482065,-0.011905729398113483,-0.20843901433144812
3151.0,-744.4036575220748,-902.6423403916734,-746.0554945875601,-903.8305798376324,125.36197905325498,-15.492283412392206,-0.013587546257447363,-0.2086567078234974
3152.0,-767.21310571198,-883.3368838805376,-768.3506997360872,-884.0954634229564,124.20610914315995,-17.570990031523305,-0.017137606029507934,-0.20709013249847494
3153.0,-789.5220794351304,-863.4552021294606,-789.7829248591243,-863.6407088033344,122.8089201316313,-19.163238394793527,-0.019922256830860158,-0.20512891700193558
3154.0,-811.3160259269229,-843.0102645129206,-811.0940134444204,-843.1369916985481,122.17539507937751,-20.273291668267603,-0.021940069953682906,-0.2043816268893021
3155.0,-832.5807283893547,-822.0154078328773,-832.6461554576041,-822.1577200726314,120.8805130243827,-21.984107286779203,-0.024919850148186592,-0.20258470659011366
3156.0,-853.3023152650363,-800.4843276188038,-851.4715736041603,-800.4373774251388,119.1823195350316,-23.893751749016122,-0.02822515215246825,-0.20011250209387127
3157.0,-873.4672692859962,-778.4310691937116,-872.5018442793893,-777.9970197755548,118.3530241219471,-24.84078809858652,-0.030007233767034805,-0.1990501946055406
3158.0,-893.062436291368,-755.8700185119966,-894.1679217039227,-756.4275298324316,117.54444341856646,-26.786799207118364,-0.03336856759755366,-0.1980286423096606
3159.0,-912.0750338082184,-732.8158927750798,-912.4758270054334,-733.9689272443206,115.7665272855183,-28.23531387026074,-0.03594900018197107,-0.19542321731943718
3160.0,-930.492659389909,-709.2837308309664,-930.0522289318969,-709.1450295667961,114.6148251131546,-29.457616785395967,-0.03819837329237229,-0.19380548409998544
3161.0,-948.3032987065577,-685.2888833639878,-947.3577570209882,-685.2916284040188,112.6266733495216,-31.331392700477778,-0.041472712240610124,-0.19085318262501888
3162.0,-965.4953333823204,-660.8470028811222,-966.0194146937574,-660.9235974258548,111.2476727649533,-32.57833042977159,-0.043755709888366405,-0.18888698384465713
3163.0,-982.0575485743815,-635.9740335014288,-981.4954752427926,-635.625152358553,109.34136452671062,-34.04210451507649,-0.04639520807124307,-0.18604253494661865
3164.0,-997.9791402887073,-610.6862005552546,-998.6566527495179,-611.3904582776465,107.67527257298563,-35.614122152846505,-0.049193953488974436,-0.18360103972116693
3165.0,-1013.2497224277931,-585.0,-1012.9609021086115,-584.4451726625979,105.75115176081611,-36.941701814993614,-0.05163686032669097,-0.18071389009137895
3166.0,-1027.8593335658027,-558.9321876593475,-1027.601592227794,-558.4896856115181,103.16735911531605,-38.605670223223775,-0.05460302444564293,-0.17678096051152192
3167.0,-1041.798443446684,-532.4997682929701,-1042.4871419197623,-533.2122256595603,100.71011656563326,-40.04090005415725,-0.05719683603258044,-0.17305244045319074
3168.0,-1055.0579592010201,-505.7199845038542,-1056.0302668676068,-506.4573504781913,98.65410964931506,-41.21488086404741,-0.059392950752982,-0.16994606609938284
3169.0,-1067.6292312775636,-478.6103054904673,-1066.9827643890176,-478.0193707090625,95.2070443546392,-42.95357473185345,-0.0625084471555673,-0.16459402623131453
3170.0,-1079.5040590855754,-451.1884156511189,-1079.1854742710632,-450.8180273228433,91.57802201483226,-44.596492533168,-0.06545636616179974,-0.15896770404847976
3171.0,-1090.6746963443015,-423.47220304792796,-1089.8706487243496,-423.06696126001845,88.44277951501743,-45.76302595549672,-0.06765282831946552,-0.15410867167375703
3172.0,-1101.1338561360872,-395.4797477379481,-1100.8054717220546,-395.3554447984099,84.127963823494,-47.564690883937466,-0.07085964930134943,-0.14737534769599395
3173.0,-1110.8747156598342,-367.2293099790406,-1111.1790804119266,-368.112242830943,79.62672512715302,-48.538155909467626,-0.07274261376416406,-0.1403384491146005
3174.0,-1119.8909206817077,-338.73931831819755,-1119.01682412897,-338.64385864768906,75.16282471866207,-49.99582250657178,-0.07542346070889694,-0.13332991959445972
3175.0,-1128.1765896801749,-310.02835757009433,-1127.9482375559924,-309.91461900271605,69.52151265335733,-51.63960170111148,-0.0783914627690572,-0.12446087536522746
3176.0,-1135.72631768269,-281.11515669368913,-1135.6050558314057,-281.9304120957372,63.49116519814331,-52.46470232284605,-0.08004737301683376,-0.11495705215033457
3177.0,-1142.5351797915055,-252.01857657480812,-1142.6388830426981,-252.3040383275937,57.566041754859896,-53.7506453385059,-0.08245684828740361,-0.10561306839708776
3178.0,-1148.5987343963202,-222.75759772266238,-1148.1205222802926,-222.48497209199846,50.1033851292079,-54.87453844815415,-0.08461077302170156,-0.09380301497841878
3179.0,-1153.9130260716672,-193.35130788833115,-1152.9577451932519,-193.54407044451136,42.66201324128025,-55.420052207089924,-0.08583342357163104,-0.08201894512271683
3180.0,-1181.7693036146495,-208.3778132003164,-1182.4895705734077,-208.34254214925525,45.36342583320704,-57.69150103244262,-0.08926731017548355,-0.08668005226033478
3181.0,-1176.2069854182525,-237.77537183927743,-1175.2460180399355,-238.16056914429944,51.55930197543021,-56.756418126246565,-0.08741389894059247,-0.09645238381716785
3182.0,-1169.9134946181885,-267.0251207475774,-1168.6856220390744,-267.00203011062746,57.37065211479018,-56.180912880814894,-0.08614473330472247,-0.10562108983249194
3183.0,-1162.8927434748935,-296.1088772283522,-1162.8765262430327,-295.95446117413235,65.82200359139478,-54.76606855796033,-0.0835383589900624,-0.11900068962695932
3184.0,-1155.1490963400145,-325.00856177160625,-1155.4079193510022,-324.9352960237604,70.99560906176872,-53.61491683055916,-0.08135131661523565,-0.1271432706431419
3185.0,-1146.687366943369,-353.706209293085,-1146.963905288945,-353.5036953262614,75.95548414227277,-52.367574139121,-0.07901623265329295,-0.13493374339380754
3186.0,-1137.512815400558,-382.183980302021,-1136.2885658922346,-381.83855252985785,81.05465381597037,-50.73212745945353,-0.07606632219349603,-0.14291858339416072
3187.0,-1127.63114494309,-410.42417199080245,-1126.5622707140824,-409.941021207343,84.77039223974103,-49.44078786213321,-0.07366692122075869,-0.1487132470947752
3188.0,-1117.048498373045,-438.4092292396744,-1116.9408225662148,-438.42364668807517,89.00606047831502,-47.74251949730368,-0.07061521722961145,-0.15533668885499322
3189.0,-1105.7714542444892,-466.12175552963373,-1106.214330836832,-466.9770002311132,92.54266124072531,-46.08171047774317,-0.06762226543344943,-0.16083399673258494
3190.0,-1093.807022774008,-493.54452375673367,-1094.4526741898565,-494.2510478971553,95.81970500747367,-44.67810716375343,-0.06505433685598688,-0.1659055291847772
3191.0,-1081.162641482903,-520.66048694107,-1080.6084652881962,-519.6899538844863,98.23481976581672,-43.58465099434256,-0.06300249772033342,-0.16957975405318404
3192.0,-1067.8461705737625,-547.4527888237955,-1066.9986706167638,-547.4117239447636,101.14841461085163,-41.83259360399467,-0.05987450401192576,-0.17405020548460792
3193.0,-1053.8658880442745,-573.9047743455816,-1054.3999779414455,-574.4528541844352,103.72667443885855,-40.240960060742545,-0.05701016856348701,-0.17799933759922984
3194.0,-1039.2304845413264,-600.0,-1038.9336685986414,-599.4098616545677,105.65382514925685,-39.06581124917339,-0.05483421334776295,-0.18087707774472467
3195.0,-1023.9490579585866,-625.722244055398,-1024.8689129135741,-626.3531321594103,107.93103208275745,-37.30093510512999,-0.051695352222141534,-0.1843291144625111
3196.0,-1008.0311077809257,-651.0555166389113,-1007.3825551765311,-650.4774543563102,109.20805470033145,-36.196109745479426,-0.049641518130250056,-0.18614740413396486
3197.0,-991.4865291791939,-675.9840696763464,-992.8057538564736,-676.5157953922175,111.7130352453492,-34.36046337576167,-0.04640110533888676,-0.18995568280453934
3198.0,-974.3256068590276,-700.492406681748,-973.945929717199,-700.375016214708,112.89678169707857,-33.19621542053949,-0.04425594393816998,-0.1916086980415575
3199.0,-956.5590086675071,-724.5652923905727,-956.2503339325651,-724.1828827497069,114.3536811413799,-31.656562709734782,-0.041513936246907274,-0.19371070804153223
3200.0,-938.1977789616359,-748.1877622304801,-938.0024016438061,-747.7705656379661,115.71209769578216,-30.201106707677337,-0.03890862836268477,-0.1956492132039512
3201.0,-919.2533317427736,-771.3451316238471,-918.7113588361022,-771.6207976617534,117.47440066816776,-28.454343011577734,-0.03583647445164706,-0.19821774861884053
3202.0,-899.7374435612807,-794.0230051162315,-899.1345430655953,-793.9080555254824,118.38640923955961,-27.155579882021602,-0.03349647728947915,-0.19942949860999204
3203.0,-879.6622461957916,-816.2072853251034,-880.1204970438455,-816.4068851333195,119.92383694419955,-25.556598265990896,-0.030676076452600957,-0.20164352629259594
3204.0,-859.0402191116623,-837.8841817032873,-858.4701345124599,-837.4201612047765,120.54722119262654,-24.246962096114874,-0.02833437672974758,-0.20237052173585626
3205.0,-837.8841817032873,-859.0402191116623,-839.664604649868,-859.8268911979245,122.05036562369374,-22.70026570212619,-0.025598318349738355,-0.20453253958565978
3206.0,-816.2072853251034,-879.6622461957917,-816.0660618949137,-879.9528998144139,123.25344200172405,-20.77734973269348,-0.022291419851356683,-0.2061582843975528
3207.0,-794.0230051162315,-899.7374435612807,-793.125656406579,-899.5419957734443,123.81893144500606,-19.47619338479093,-0.01998065807953967,-0.20677733827553535
3208.0,-771.3451316238471,-919.2533317427736,-771.5380815657594,-919.1540860659275,125.13687355132937,-17.79985203556665,-0.017072489221401758,-0.20861052584141382
3209.0,-748.1877622304801,-938.1977789616359,-749.1644703451667,-938.9233021230798,126.42641244387842,-16.40077908657657,-0.014603682412891167,-0.21038888172235498
3210.0,-724.5652923905727,-956.5590086675071,-723.3711836497894,-956.6040019502373,126.95929512192342,-14.760253705209042,-0.011776170124645475,-0.21092110116293392
3211.0,-700.492406681748,-974.3256068590276,-702.0994626714569,-975.181663910102,128.0402139457088,-12.946628669258471,-0.008662176108750369,-0.2123809227120597
3212.0,-675.9840696763464,-991.4865291791939,-675.6727021560718,-991.2196241165872,128.71833609322107,-11.505385750556933,-0.006171950298121223,-0.2131365398109281
3213.0,-651.0555166389113,-1008.0311077809257,-652.0615182795124,-1009.0996355706635,129.71751630948938,-9.586649851044351,-0.002899211253958372,-0.21443761898712882
3214.0,-625.722244055398,-1023.9490579585866,-626.7199559201447,-1024.5690099035553,130.55545497411933,-8.02457425658605,-0.00022363772276082385,-0.2154608823652437
3215.0,-600.0,-1039.2304845413264,-600.0168026406092,-1039.4080348353243,130.76868231249622,-6.166782945484869,0.0029148621169587377,-0.2154732114205113
3216.0,-573.904774345582,-1053.865888044274,-573.1640606926051,-1053.7281194897132,131.58637747198995,-4.6721617761868774,0.005469003276665975,-0.21644574888412163
3217.0,-547.4527888237955,-1067.8461705737625,-547.0131319722718,-1066.967119217493,132.06200119294684,-3.0675099700643678,0.00818502361602758,-0.21688245783195478
3218.0,-520.66048694107,-1081.162641482903,-521.3367754382582,-1081.5434299520966,132.88944172511117,-0.8881396251094489,0.011832114930427034,-0.21788491269814408
3219.0,-493.54452375673367,-1093.807022774008,-493.26159683912334,-1092.7252373933572,133.2322738168984,0.28937217186795766,0.013843126453187766,-0.21808671096807894
3220.0,-466.12175552963373,-1105.7714542444892,-466.4906001051967,-1105.475523404219,133.85110686214534,2.4855751877282395,0.017494644520134196,-0.21874375067834761
3221.0,-438.4092292396744,-1117.048498373045,-440.3202633453884,-1117.9253590794654,134.5684180739689,4.278857449835886,0.020501214683630843,-0.2195648795249969
3222.0,-410.42417199080245,-1127.63114494309,-410.5836302742485,-1127.8378944356386,134.9220006340404,6.177552328240303,0.02364447998843323,-0.21976343990876676
3223.0,-382.1839803020216,-1137.512815400558,-381.29617923664654,-1136.6185478626214,135.05531461032754,7.747126511058757,0.026250071310192243,-0.21961693307354418
3224.0,-353.706209293085,-1146.687366943369,-354.1544467886085,-1146.2058745469792,135.51334030332882,9.74154523561442,0.0295417030260809,-0.2200134995436257
3225.0,-325.00856177160625,-1155.1490963400145,-326.45888459440215,-1155.7291946371336,136.21764772390364,11.510698137421452,0.032474029162945714,-0.22079525281919618
3226.0,-296.1088772283522,-1162.8927434748935,-296.11434286232674,-1162.8233780429205,136.29425989456834,13.733186927100949,0.03609811220309589,-0.2205455560964458
3227.0,-267.0251207475768,-1169.9134946181885,-266.76162466202624,-1168.7848400040587,136.31700796947374,15.289455600121391,0.038648000586907656,-0.2202222788386291
3228.0,-237.77537183927743,-1176.2069854182525,-237.66693264301938,-1175.5165037192296,136.74217147248305,17.208230308435027,0.04178426788488177,-0.22054262566604646
3229.0,-208.3778132003164,-1181.7693036146495,-209.21959201002937,-1182.2953893000736,137.1155389372503,19.24114447265549,0.045102772093857595,-0.2207884646331384
3230.0,-178.850719411409,-1186.5969914701543,-179.6022247509082,-1186.881239552348,137.07211731415882,21.220755855490186,0.048309584247278554,-0.22035663388028695
3231.0,-149.2124455769827,-1190.6870479202064,-149.6816564687359,-1190.7210779107515,137.17681348590568,23.268229563612152,0.051615266258465686,-0.22015682662481578
3232.0,-119.48141591498015,-1194.0369304384817,-118.34645557918209,-1192.832396235018,137.10609508813772,25.092191249053407,0.05454404869918686,-0.21966051344389345
3233.0,-89.67611230370893,-1196.6445566174161,-90.07008479932672,-1196.6970858953625,137.52328316849238,27.301003462604385,0.05810681327009552,-0.21997818894993906
3234.0,-59.81506279283608,-1198.5083054627069,-60.37511052775504,-1198.6884877100588,137.26604643035526,29.356491655920735,0.06140261297842847,-0.21920511042143884
3235.0,-29.91683008568779,-1199.6270184009795,-30.95830085921729,-1200.1363308880284,137.25997462522074,31.242275904277204,0.06442166352185809,-0.2188351799734727
3236.0,0.0,-1200.0,0.25400870897174876,-1199.1786587567804,136.801489945633,33.27460646114843,0.06764448947847505,-0.21772322263406937
3237.0,0.0,-1200.0,-1.8112966246590914,-1200.6295663390347,137.26391772624928,32.8481180345934,0.06698348129169594,-0.21848449304354145
3238.0,0.0,-1230.0,0.7762675929672813,-1229.3001869252287,137.9777236655537,32.63003591043709,0.06698752112361298,-0.21958886065125294
3239.0,-29.95175976598766,-1229.6352679095214,-29.09101270737607,-1228.6061561770296,137.8701055511548,30.414790051462404,0.06345334806167147,-0.2197833648740913
3240.0,-59.8857563320506,-1228.5412879462124,-61.06342290733126,-1228.8676856496318,138.34682354707775,28.537452110442054,0.06046867487435388,-0.22093365036954812
3241.0,-89.78423703291656,-1226.7187089061686,-89.97674295137777,-1226.7663628909586,138.44332717301282,26.458892352027163,0.057134809430899096,-0.2214413413066744
3242.0,-119.6294702663585,-1224.1686116886801,-120.48942773690766,-1224.4172271204543,138.25208161134165,25.00748155969535,0.05479604760828231,-0.22151065256461824
3243.0,-149.40375600911372,-1220.8925086551924,-150.08044691426426,-1221.1210414653829,138.04566007223315,22.457814061685976,0.05069775745649775,-0.2215445228906087
3244.0,-179.0894363140566,-1216.8923427323855,-178.77316421895983,-1216.396978851407,137.97994831214032,20.788682293247827,0.047983396273637374,-0.2217913383066519
3245.0,-208.6689057824301,-1212.1704862599004,-208.31844032596564,-1211.1463629090426,137.6879762409864,18.448291062572125,0.044194243791325985,-0.22168849051790898
3246.0,-238.1246220049123,-1206.729739583399,-239.42189125536447,-1207.304954635586,137.86143894805136,17.20849491500734,0.042174001315302585,-0.2223454881103483
3247.0,-267.4391159653148,-1200.5733293937903,-267.6881365375917,-1200.2817676723168,137.57644789536494,14.851040140535197,0.038335982730367715,-0.22223808670176248
3248.0,-296.59500240077256,-1193.7049068136084,-295.73188426401106,-1192.526052194668,137.00280037333417,13.148541271179882,0.03553138758665574,-0.2216685493321308
3249.0,-325.5749901122441,-1186.128545231676,-324.60172540095556,-1184.7101516959153,136.68638378854905,10.687315252437086,0.03151850359579268,-0.22151852485787468
3250.0,-354.36189221924224,-1177.8487378873394,-356.38415522349027,-1178.4457845986517,136.95635019641185,9.462903153561454,0.029493071682723207,-0.22233742829648448
3251.0,-382.9386363526875,-1168.8703952057065,-385.3325653236678,-1169.4629408883895,136.30307226981057,7.384516109212615,0.026075203321837184,-0.2216522345773235
3252.0,-411.28827477985305,-1159.1988418854687,-409.93161566491307,-1158.0714607626205,135.71446440852037,5.763047425108162,0.0233550446123379,-0.22101669997283227
3253.0,-439.3939944553936,-1148.839813741034,-437.7648191393251,-1147.8440635300246,135.05505664857415,3.734237301570216,0.020000838358330737,-0.2203080924156083
3254.0,-467.23912699249223,-1137.799454300842,-466.8678448891815,-1137.6885623233563,134.90471943470638,2.229184009216738,0.017481097499614184,-0.2204252472752513
3255.0,-494.80715854822284,-1126.0843111638817,-494.4226940657007,-1126.151892681845,134.39254124808815,0.1844604297534035,0.014085529570212382,-0.21994755386413714
3256.0,-522.0817396172525,-1113.7013321165703,-523.3882422157996,-1114.3603993614615,134.15258098284627,-1.326687807294249,0.01153605235470262,-0.2199203855229339
3257.0,-549.0466947280852,-1100.657861012297,-550.7374836295882,-1101.241899147469,133.36883356806092,-3.34588480964695,0.008161738598466979,-0.219007958188583
3258.0,-575.6860320360908,-1086.9616334160746,-576.7942544941702,-1087.505745505591,132.84926708119949,-4.827104289341207,0.00563607827749063,-0.2185001590079765
3259.0,-601.983952807635,-1072.6207720168834,-602.6622565771572,-1073.3176941291676,132.01965690035624,-6.683931141113933,0.0025070858779384217,-0.2174965981165061
3260.0,-627.9248607896803,-1057.6437818104264,-629.1203433967753,-1058.1545786791673,131.31659761085945,-8.454850624426914,-0.0004971222814864425,-0.21670167597590156
3261.0,-653.4933714593036,-1042.0395450551541,-654.928408408732,-1042.7231305865405,130.7875417317918,-10.221350448240143,-0.003497582596944249,-0.21617572806469953
3262.0,-678.6743211476485,-1025.8173160045499,-680.1692820010384,-1026.8158118521196,130.2402128739774,-11.503067698497924,-0.005732315458180579,-0.21561375142664288
3263.0,-703.4527760328937,-1008.9867154187986,-705.4227090537579,-1010.0617472379989,129.2407086191059,-13.519673375476065,-0.00914702965056987,-0.21433226903461347
3264.0,-727.8140409969105,-991.5577248590963,-726.821439257442,-991.4007418915111,128.08743553452368,-14.922614028801306,-0.011608419875205275,-0.21275884758142918
3265.0,-751.7436683403548,-973.5406807679823,-750.7301223172975,-973.2390043300187,127.10859618521658,-17.0154105362367,-0.01516163527284764,-0.2114937853648919
3266.0,-775.2274663510213,-954.9462683392067,-775.6730743399557,-955.2977089606836,126.3423913925288,-18.192716841277793,-0.01725510301031052,-0.2105798082198645
3267.0,-798.2515077203902,-935.7855151807618,-797.1664700945153,-935.4162330544901,125.11831577973976,-20.135051612983407,-0.020589912706929715,-0.20889486040963837
3268.0,-820.8021378033545,-916.0697847748517,-820.1202353393292,-916.1700516206802,124.34167254698121,-21.24281682137348,-0.02258868325582345,-0.20793990845475321
3269.0,-842.8659827162534,-895.8107697386566,-841.3475878814933,-895.7693600712719,123.07311095378799,-23.16623003614724,-0.025899737179172263,-0.20618090078372622
3270.0,-864.429957268389,-875.0204848899089,-864.3603687833153,-875.1993207155332,122.38438417540573,-24.378666294188807,-0.028081310129627342,-0.2053665949749224
3271.0,-885.4812727223347,-853.71126012138,-885.098374836221,-854.0637792811763,120.87961743434691,-26.00942406354294,-0.030935588131968377,-0.2032256621220514
3272.0,-906.0074443784279,-831.8957330885103,-905.3918892297545,-831.7346619329713,119.76451737913854,-27.510906475437785,-0.03359873570454952,-0.20169945938400005
3273.0,-925.9962989789477,-809.5868417145199,-924.7836888356438,-809.9227478321053,118.40479003218775,-28.995781115914976,-0.03622911701384315,-0.19977287694244725
3274.0,-945.4359819275945,-786.797816517436,-945.3583675861495,-786.7064794960241,117.59134719356756,-30.484656889915595,-0.038883065413138865,-0.19873021998804158
3275.0,-964.3149643199777,-763.5421727636007,-963.8124108450451,-763.5076469445929,115.86556838117423,-32.040810465094346,-0.04164387622303153,-0.1962095638684355
3276.0,-982.6220497809526,-739.8337024523007,-981.8371036129602,-739.6723990379338,114.74904082774766,-33.364741078074786,-0.04404288687118127,-0.19465330299950945
3277.0,-1000.3463811047455,-715.6864661362816,-1001.6266460123283,-716.2652895512487,113.18420171159607,-34.861518972674354,-0.046711749112413395,-0.19240514618361168
3278.0,-1017.4774466939315,-691.1147845829936,-1017.0107865455235,-690.9028714995909,111.42050916819038,-36.58942697026722,-0.04977241294848225,-0.18978655147159085
3279.0,-1034.0050867934476,-666.1332302815067,-1035.4211040394205,-666.4224500516046,109.9704695631957,-37.9807376747727,-0.052286563765811596,-0.18770421242234442
3280.0,-1049.9194995159362,-640.7566188001542,-1049.4558626769954,-640.1283763998106,107.78292257599803,-39.452246507316424,-0.05495056561751831,-0.1843945065680458
3281.0,-1065.2112466548595,-615.0,-1064.515621743374,-615.0115849776598,105.81706438080842,-40.92187868444986,-0.05759716253584688,-0.18145018253695294
3282.0,-1079.8712592819234,-588.8786491093673,-1080.3736841643517,-589.7112344331593,104.03176158875227,-42.11624103040035,-0.059807901954598716,-0.17880299815449308
3283.0,-1093.8908431254981,-562.4080576647056,-1093.5498097755806,-561.5579101944147,101.34185655695286,-44.037378786099815,-0.06321028065457727,-0.17468324898481125
3284.0,-1107.261683726848,-535.603924323175,-1107.072696199885,-534.5820021895489,98.99864999858926,-45.3898395560201,-0.06569316203678817,-0.1711195343434971
3285.0,-1119.975851371104,-508.48214555239844,-1120.039062264201,-508.3206938684098,96.05194306518405,-46.9123056382939,-0.06843786359418834,-0.16658850333397524
3286.0,-1132.025805790066,-481.0588062028918,-1132.2543842651417,-481.0488197803958,93.23232743240993,-48.06246306852912,-0.07060239389984149,-0.16225054639537848
3287.0,-1143.4044006340337,-453.3501699687849,-1143.909279644741,-454.14938374075524,89.82178586692423,-49.50078230270852,-0.07322098672190007,-0.15696523809523166
3288.0,-1154.1048877100245,-425.3726697424642,-1153.0573811486174,-424.85862571104735,85.93309579759156,-51.240520766258925,-0.07634858960247008,-0.1508882321793035
3289.0,-1164.1209209838596,-397.14289786887844,-1164.167627294715,-397.1746190282599,81.81595340530608,-52.76241728179124,-0.07910980841448557,-0.14447166343098974
3290.0,-1173.4465603437427,-368.6775963052802,-1172.677421285522,-368.5147870098019,77.45135548592249,-53.78628900383313,-0.08109034705625058,-0.1376294093123473
3291.0,-1182.0762751231073,-339.9936466922287,-1181.948757679742,-340.01644074896655,72.5422750947884,-55.609532632349925,-0.08434114788916566,-0.12992991101479962
3292.0,-1190.0049473806332,-311.10806034176716,-1190.122481883401,-311.15761006967836,67.2686152627403,-56.604239961337555,-0.0862777070889626,-0.12163672408881993
3293.0,-1197.2278749354957,-282.03796814868264,-1197.3056320416629,-283.0410944861426,61.52714856936228,-57.205869132480764,-0.08757957185749621,-0.11258686788545003
3294.0,-1203.7407741560419,-252.8006104308547,-1203.2222247876539,-252.86038254249598,55.04276948588664,-58.7921792693091,-0.09047388521342524,-0.10233911839613004
3295.0,-1209.5397825002433,-223.41332670470703,-1208.8977706906746,-223.52552999216172,48.064757376851105,-59.429831413717125,-0.0918480032643385,-0.09130277545175093
3296.0,-1214.621460806415,-193.8935454018273,-1214.4119597338497,-193.88534070932855,40.10161836273731,-60.53816431003304,-0.09397497244877469,-0.07869657820912651
3297.0,-1242.5544856849149,-208.94580662051172,-1242.6417317468834,-208.77811845334395,42.45863031685136,-62.70132192270858,-0.09723535327121283,-0.08279360849536181
3298.0,-1237.2301585510104,-238.45656789411743,-1236.716122008415,-238.5418442854926,49.41848457255642,-61.80023914366645,-0.09543671994421359,-0.09379798979359737
3299.0,-1231.205051123661,-267.83226483675077,-1230.7529859875658,-267.6601665736826,55.404016656443126,-60.599482000384285,-0.09316904429304079,-0.10325122961038144
3300.0,-1224.4825760876627,-297.0562587418781,-1225.472859254643,-297.34982100273396,62.870911725220346,-59.76818031423964,-0.0914823781751957,-0.11507049663897222
3301.0,-1217.066541124226,-326.1119968291761,-1217.4634329532225,-326.943272242226,68.97142992906545,-58.241771129138364,-0.08869059231081129,-0.12468168168798748
3302.0,-1208.9611467542668,-354.9830216202016,-1209.3885757453472,-355.7426791830021,74.18202942366987,-56.993036968040144,-0.08635046461184406,-0.13287571579121032
3303.0,-1200.170983959184,-383.65298026008327,-1200.5578418335338,-384.4246753308892,78.56165279429632,-55.7400075512214,-0.08400493872787444,-0.13973795311572187
3304.0,-1190.7010315804823,-412.1056337799513,-1190.6084987037138,-412.32329241159994,83.18665676450391,-54.27012312418948,-0.08132387139799147,-0.14697702621710926
3305.0,-1180.5566534997,-440.32486629486357,-1180.0934146806285,-440.48603438852047,86.86883527109285,-52.89731822095888,-0.07879407619852995,-0.15270861737504673
3306.0,-1169.7435956002516,-468.2946941320126,-1169.7464066767345,-469.03314136522073,90.52757653728551,-51.34172098595627,-0.07596865065973551,-0.15840496542881644
3307.0,-1158.2679825128987,-495.9992748840462,-1158.2213592959806,-495.96794809298103,93.63805679635645,-49.99177812529467,-0.07349028002079806,-0.16321430157241726
3308.0,-1146.136314146693,-523.4229163823771,-1146.036056849075,-523.3766630029684,96.63231570014513,-48.57412495800517,-0.07089834114122856,-0.1678305795582749
3309.0,-1133.3554620073596,-550.5500855853935,-1132.348327424647,-549.8400843359601,99.04881625368746,-47.41675827162769,-0.06873223804702303,-0.17150892638815507
3310.0,-1119.9326653052035,-577.3654173765373,-1119.3657267348992,-576.5038482257582,101.7969535969488,-45.4729277879159,-0.06531198535387359,-0.17572372525446842
3311.0,-1105.875526854742,-603.8537232672714,-1106.3245273293724,-604.5922597198015,103.97141188614604,-44.21294771794309,-0.06296266677698431,-0.17902476789187355
3312.0,-1091.1920087683927,-630.0,-1090.062174480611,-629.1466083733751,106.25659156281831,-42.85577131623406,-0.06050193700536422,-0.18246257971167273
3313.0,-1075.8904279466465,-655.7894380460713,-1076.2003581608033,-656.5481916479724,108.02875608596484,-41.31522237905672,-0.057714490774112545,-0.18511330186157096
3314.0,-1059.979451367288,-681.2074299940533,-1058.3004600844258,-680.7171487146808,109.8691573557188,-39.56566344959803,-0.054633984694058946,-0.18782317188897674
3315.0,-1043.468091176327,-706.2395788235266,-1043.957895115168,-706.8713391395481,111.51405183062435,-38.50711651990409,-0.052628945269909286,-0.19026544975035647
3316.0,-1026.3656995834228,-730.8717060597099,-1024.8729760386834,-730.4995087810543,113.19311494984741,-36.909561716570465,-0.049796984279212766,-0.1927040292160595
3317.0,-1008.681963564694,-755.0898598042971,-1009.0590562358935,-755.831527744248,114.57570586174211,-35.63443235815239,-0.04745731232546653,-0.19471081834827153
3318.0,-990.4268993759121,-778.8803226379626,-991.3015858063885,-779.1564763975408,116.6015943215729,-33.70005998497849,-0.04409300306238375,-0.19771764471501416
3319.0,-971.6108468791881,-802.2296193900514,-970.4569176770543,-801.8045036037125,117.23697030394412,-32.75004650392376,-0.0423036398724719,-0.19847359291309333
3320.0,-952.2444636863655,-825.1245247710591,-951.2587764244124,-824.9969999308491,118.7671904369449,-31.008437630801314,-0.039247745388243084,-0.20067389477985823
3321.0,-932.3387191224334,-847.5520708635783,-932.299100681198,-848.3569365312551,120.12809815872122,-29.534135254041406,-0.03661523176969678,-0.20260764805551593
3322.0,-911.9048880123886,-869.499554467461,-910.3677212074696,-869.3178946586628,121.31999834273563,-27.81070857627471,-0.03361560473593177,-0.20423602310565964
3323.0,-890.9545442950499,-890.9545442950499,-891.0840903521931,-891.5330222157136,122.34258249778844,-26.718369063251753,-0.03160502434109453,-0.20562735023176323
3324.0,-869.499554467461,-911.9048880123886,-870.6205330586457,-912.2087811771557,123.64291086839474,-24.634163985453956,-0.02803469347652057,-0.2074462704789928
3325.0,-847.5520708635778,-932.3387191224341,-848.7421742074488,-933.0298152424639,124.75099911398188,-23.438903885105518,-0.02587738330466852,-0.20894190402835414
3326.0,-825.1245247710591,-952.2444636863655,-824.0001793904026,-951.816300594059,125.49208856709208,-21.72751259839144,-0.022923541899778126,-0.20981836998641487
3327.0,-802.2296193900507,-971.6108468791886,-802.9850754234927,-972.1715486602621,126.32915839756724,-20.475765316282715,-0.020682034054435975,-0.21089323659058468
3328.0,-778.8803226379626,-990.4268993759121,-777.5148247389701,-989.9570643662763,127.45015099982352,-18.562534951134136,-0.01741921462721999,-0.21236541825962113
3329.0,-755.0898598042971,-1008.681963564694,-755.6622651178114,-1008.8155294958474,128.3979957860529,-17.27909257368124,-0.015145593530938493,-0.21360633238490345
3330.0,-730.8717060597095,-1026.365699583423,-732.409328441362,-1026.4826400384547,129.28502397515788,-15.425665186124485,-0.011979403603500057,-0.21473330350983685
3331.0,-706.2395788235266,-1043.468091176327,-707.6196852426921,-1044.2294265310113,130.09690795002103,-13.938922190789315,-0.009395834222631252,-0.21572185890026857
3332.0,-681.2074299940527,-1059.9794513672882,-682.0313197763732,-1060.0139393045822,130.98170905973066,-12.010963830336236,-0.006134080691498083,-0.21681668358522618
3333.0,-655.7894380460713,-1075.8904279466465,-657.635385661406,-1076.7600818430708,131.63376156948144,-10.573192468614517,-0.00364070694559686,-0.2175556810427825
3334.0,-630.0,-1091.1920087683927,-628.5578634091181,-1090.5501507721128,132.0890590815039,-8.78139235720114,-0.0006200818978942715,-0.2179241979127633
3335.0,-603.8537232672714,-1105.875526854742,-604.0512426843082,-1106.0119498747965,132.93409980273216,-7.232423581339346,0.002034538709985998,-0.21896899007256276
3336.0,-577.3654173765373,-1119.9326653052035,-578.8273137574819,-1120.7292588281323,133.99656396291442,-5.211667148439564,0.00543091494427793,-0.22035103752880775
3337.0,-550.5500855853929,-1133.35546200736,-550.1009917602711,-1132.5001373997766,133.97825848993827,-3.9795000001905323,0.007536127498404544,-0.21997009297752865
3338.0,-523.4229163823767,-1146.1363141466932,-522.9226006882477,-1145.2735008198981,134.75962327165013,-2.0360416873416605,0.010785672505510524,-0.22088082063306788
3339.0,-495.9992748840462,-1158.2679825128987,-496.66030495106315,-1158.105444359656,135.1542934462588,-0.34821260881412724,0.013629088379342092,-0.22118732410144562
3340.0,-468.2946941320126,-1169.7435956002516,-467.1065561422229,-1168.6741715904388,135.71327587225628,1.8322238686382804,0.01722879572986196,-0.22171502830353967
3341.0,-440.32486629486357,-1180.5566534997,-441.15788755945226,-1180.087908171208,136.2518119298512,3.153992857578423,0.019472240134276488,-0.22225434241936448
3342.0,-412.10563377995123,-1190.7010315804823,-411.46700567569036,-1190.4329044524104,136.87192126026642,5.580523413818938,0.023460878348974198,-0.22287765364635023
3343.0,-383.65298026008264,-1200.1709839591845,-385.0402200799404,-1200.8299855426767,137.3851864696915,6.98009099809078,0.02581569211130393,-0.22337089247206438
3344.0,-354.98302162020155,-1208.9611467542668,-355.07296485878004,-1208.4512919529243,137.52524121394245,9.052119060753116,0.02920676512812955,-0.22322678835886497
3345.0,-326.1119968291761,-1217.066541124226,-327.5649530999182,-1217.449420761139,137.90532544668594,10.547229320091928,0.031696506849944586,-0.22349482132944537
3346.0,-297.0562587418781,-1224.4825760876627,-299.30053599758656,-1225.0535804143442,138.41904041566673,12.83938477161422,0.03543771349137162,-0.22396627054651663
3347.0,-267.83226483675014,-1231.2050511236612,-266.9107925605828,-1229.9978033563268,138.10895462916503,13.980617667079045,0.037314593820932905,-0.22307607738030472
3348.0,-238.45656789411746,-1237.2301585510104,-238.44246215612,-1236.8463351442877,138.67901042665827,16.564851929525087,0.041511404173702963,-0.22363469849025328
3349.0,-208.94580662051172,-1242.5544856849149,-210.76655525102606,-1243.3589474376379,138.98417687915256,18.04198199590429,0.04394208947631755,-0.22378143990301128
3350.0,-179.31669622433938,-1247.1750167699752,-180.44712339521595,-1247.7514012637168,139.17625137826997,20.623872817900505,0.048105090607605254,-0.2237158147033758
3351.0,-149.5860189482044,-1251.0891346883432,-149.55311610837467,-1250.1867067744363,138.84393788550233,21.778892310852925,0.04997318634483616,-0.22280856328395873
3352.0,-119.77061456326982,-1254.2946224420866,-119.27419183622773,-1253.3359034541993,138.95959857419723,24.267966384711496,0.05397323889690314,-0.22262181782310916
3353.0,-89.88737083103219,-1256.7896644089196,-90.89283020774998,-1256.4990633909808,139.21419800348667,25.644803279679675,0.05620328200749011,-0.22267943963400327
3354.0,-59.95321393791574,-1258.5728473705901,-59.23677148546201,-1257.3197077472003,139.06070825038483,28.192565828053066,0.06026822245063771,-0.22204746221243002
3355.0,-29.985098908095694,-1259.6431613133425,-29.89923345415583,-1259.1304146661241,139.05539066907292,29.85620316469625,0.06293815918554094,-0.22167970298655013
3356.0,0.0,-1260.0,-0.3548025850426022,-1259.801609460618,139.01150268469618,32.17939753724368,0.06664385797152218,-0.22124802324665033
3357.0,0.0,-1260.0,-1.1904927646256789,-1260.7967450985036,139.21752263612913,32.02474023015153,0.06640990062159229,-0.2215861488580692
3358.0,0.0,-1280.0,-0.17465168615473958,-1279.4608730034722,139.56065123944873,31.8745217483421,0.06639939955046655,-0.22211981401328534
3359.0,-29.8949662311704,-1279.6508472993862,-29.041669182975863,-1278.7030943502125,139.48420490054502,29.283427485047586,0.06226626445565415,-0.22235167946625528
3360.0,-59.77362323078711,-1278.6035796781832,-59.6507771383188,-1278.146372696482,139.69854710998166,27.814221300482348,0.05992113203371685,-0.22306768460243828
3361.0,-89.61967066481554,-1276.8587684743877,-89.42044950541477,-1276.240341319436,139.6001437094598,25.332601861811114,0.055948168913776436,-0.22327565909619326
3362.0,-119.41682598940531,-1274.4173655716625,-120.90129403444281,-1274.9542040526592,140.01847011531044,24.07433854327122,0.05392982935699357,-0.22432699129826392
3363.0,-149.14883333384864,-1271.2807028800335,-150.45353968425874,-1271.6892648395728,139.92597050964332,21.683647520182905,0.050084940797726435,-0.2245416991542523
3364.0,-178.79947236899338,-1267.4504916092658,-181.18014063742086,-1268.4168757613425,139.81166435046768,20.228860546855035,0.04772949855795397,-0.22473608309995477
3365.0,-208.35256715625383,-1262.9288213353113,-210.101392921987,-1263.5817236597788,139.66338316354157,18.01436008522585,0.04414579563186365,-0.22485428405340865
3366.0,-237.7919949724168,-1257.718158860338,-237.28306143275822,-1256.4743680957633,139.15279752097354,16.12418469098123,0.04105044446804013,-0.22437455492138192
3367.0,-267.1016951054095,-1251.8213468669628,-266.7504337692397,-1251.114371160302,138.79238851196237,13.699610516259527,0.037125971082984204,-0.22416183227777436
3368.0,-296.2656776162388,-1245.2416023674245,-298.3525803527775,-1245.9388676889212,139.08179999241634,12.428416905528428,0.035039419364629946,-0.2250094755866638
3369.0,-325.2680320623193,-1237.9825149485375,-327.52359849794135,-1238.4143154132005,138.65866426983618,10.229416980529221,0.031447449297820056,-0.22469329083603082
3370.0,-354.092936177435,-1230.0480448133899,-354.2974863774625,-1229.8928025490243,138.12128090630384,8.9464415777544,0.029301167788784006,-0.22416591772812516
3371.0,-382.7246645035904,-1221.4425206208493,-383.5230307417484,-1221.3859291286137,137.63653099128229,6.5049216966910315,0.025311184763504156,-0.2237523387257019
3372.0,-411.1475969700536,-1212.1706371240602,-411.04475449797656,-1211.460879660199,137.23898417201704,5.174963323049673,0.023072938459207132,-0.2234566811159402
3373.0,-439.34622741490244,-1202.2374526092144,-438.7323440264852,-1201.4335232172944,136.4897949217872,2.964465705303999,0.019432017471312988,-0.22260339854890315
3374.0,-467.30517204442936,-1191.648386135997,-467.84873229501926,-1191.5616420261747,136.56347265343393,1.5295221366441354,0.017027333190078972,-0.22307724791800088
3375.0,-495.0091778257842,-1180.409214581215,-496.5204535040801,-1180.2378270913512,135.94679783558834,-0.8212894878165024,0.013147217832668865,-0.22244692125440665
3376.0,-522.4431308082852,-1168.5260694872138,-523.4656824769419,-1169.2933606651243,135.74361012631618,-1.7366095452222632,0.01155640413278731,-0.22245353545957625
3377.0,-549.5920643688501,-1156.005433716808,-550.8911546586584,-1156.5255312687714,134.960070613029,-3.878444284749927,0.00799120101173193,-0.2215423726068832
3378.0,-576.4411673770558,-1142.8541379165486,-575.6997894083725,-1142.0445169723328,134.27026027624765,-5.583195608956525,0.005100656422600675,-0.22074833603468116
3379.0,-602.9757922753636,-1129.0793567902558,-601.6434030651388,-1128.4985436585046,133.25227571429775,-7.3295888190678395,0.0021552881352026113,-0.2194458940170536
3380.0,-629.1814630701125,-1114.6886051848528,-627.9729992259868,-1113.9140668102693,132.83235610626886,-8.92819592632825,-0.0005675897889176057,-0.21910002905374773
3381.0,-655.0438832289125,-1099.689733990632,-655.2383686503839,-1099.8521282949898,132.28221827744764,-10.921736317616691,-0.003912624043695865,-0.21855837574501655
3382.0,-680.5489434801349,-1084.0909258581921,-681.1237208810052,-1084.4728504474217,131.82704266910932,-12.139721090867136,-0.006039456615004089,-0.21815095847112018
3383.0,-705.6827295102389,-1067.9006907343862,-706.895536982808,-1068.625554803858,131.05000104456565,-14.126755699711254,-0.009396001815750404,-0.21722988504841054
3384.0,-730.4315295547411,-1051.1278612197098,-731.2324670658635,-1051.8937093039985,130.32173045825547,-15.50982195088281,-0.01180213457864293,-0.21636886013370224
3385.0,-754.7818418786851,-1033.7815877496657,-753.3423244590986,-1033.4920955042187,128.6809095395835,-17.35793734502808,-0.014968865647454468,-0.21402819135802484
3386.0,-778.720382142525,-1015.8713336027353,-776.5633805837491,-1015.6227774166136,128.23489386399115,-18.606436993439303,-0.01717475960622663,-0.21360272300774763
3387.0,-802.2340906494152,-997.4068697376741,-800.7097883220159,-996.847905403168,126.88916769206759,-20.829918871891863,-0.02094347627274009,-0.21175665368515073
3388.0,-825.3101394699394,-978.3982694629572,-823.6955172616912,-978.219231006526,126.44589814167897,-21.684493115054327,-0.022531718293080212,-0.21133267388322854
3389.0,-847.9359394404004,-958.8559029412739,-847.70279743639,-959.245051067965,125.40994174211808,-23.679523607634348,-0.02593928420516744,-0.20997791457405474
3390.0,-870.0991470308572,-938.7904315320724,-867.9570681388341,-938.6509370441872,124.43754181069858,-24.804435747897532,-0.027981853037587,-0.2086783455203915
3391.0,-891.787671079146,-918.2128019752463,-892.0260698317892,-918.986033200211,123.25789861658014,-26.578212826273127,-0.031045742481139213,-0.20709565747686867
3392.0,-912.9896793872298,-897.1342404191269,-914.3357415129416,-897.7310860344506,122.6919066983586,-27.808778649416563,-0.0332645575779834,-0.20646807930535668
3393.0,-933.6936051762656,-875.5662462960458,-934.9957777429532,-876.0073444475114,121.25753282856677,-29.620657112806317,-0.03641430178915582,-0.20443822529238573
3394.0,-953.8881533968744,-853.5205860488082,-952.715849444206,-853.0549255543187,119.84174260026309,-30.86145608294292,-0.0386701923354685,-0.20240194239762438
3395.0,-973.5623068911682,-831.0092867114946,-973.4072833033712,-831.8099084842615,118.51873282394267,-32.591837620328974,-0.041684367234267196,-0.2005497143701551
3396.0,-992.7053324031699,-808.0446293481021,-991.9107841625822,-807.3264329305044,117.39579905797753,-33.89472925195692,-0.04405783213002644,-0.1989891216470134
3397.0,-1011.3067864343553,-784.639142352596,-1011.7198154615406,-785.3970138339473,115.85218898587948,-35.530744677785854,-0.04693020055072972,-0.19677499058412257
3398.0,-1029.3565209411154,-760.805594614027,-1029.2752655324086,-761.3269699006083,115.01554305649118,-36.71628595935072,-0.049111833277788695,-0.1956584283520787
3399.0,-1046.84468887103,-736.5569885504557,-1047.8124949877445,-736.3271126934759,112.90969580428691,-38.451490280472065,-0.052179669300590134,-0.19253389330247228
3400.0,-1063.7617495349411,-711.9065530154652,-1063.4682082836798,-712.8226545058875,111.75251588460803,-39.67176914721142,-0.054409661898280684,-0.19088391935584675
3401.0,-1080.0984738118837,-686.8677360811466,-1080.985468744925,-686.6554510427142,109.5658879958674,-41.44779040908613,-0.0575567565578387,-0.18761832639753184
3402.0,-1095.8459491840445,-661.4541977014892,-1094.8942694212346,-660.5505355747246,107.85279768489106,-42.71956770942586,-0.059900559187984204,-0.18506219919253447
3403.0,-1110.9955845989957,-635.6798022601754,-1111.5191416606185,-636.099549544707,105.82344846912657,-44.29616183692042,-0.06270923723696524,-0.18203599396234696
3404.0,-1125.5391151565523,-609.5586110068542,-1125.834011205887,-609.2785265902081,104.10193781057883,-45.568514350819065,-0.06506272549688302,-0.17947143847238609
3405.0,-1139.468606617697,-583.1048743860096,-1138.520613953619,-582.0146284120814,101.10646398740869,-47.49006356532561,-0.06845486627705677,-0.17485936629346263
3406.0,-1152.7764597331154,-556.3330242626128,-1151.5106989386052,-555.5843677157735,99.16177435985968,-48.72767086095328,-0.0707482701498332,-0.17192338584182512
3407.0,-1165.4554143889716,-529.2576660488069,-1165.8572077541758,-529.8451377725697,96.39188787935258,-50.03353021094787,-0.07314183750601011,-0.16769067589432066
3408.0,-1177.4985535676733,-501.8935707359049,-1177.5765494269046,-502.7258300729406,93.96715728124286,-51.300532493296174,-0.07549046369313007,-0.16397512375029835
3409.0,-1188.8993071214582,-474.2556668360606,-1188.9329719723944,-474.14562286904635,90.1973047861397,-52.98354319771252,-0.07851907944424584,-0.15811429895589382
3410.0,-1199.651455356744,-446.35903223800204,-1200.4376507446348,-446.90998049740347,87.29077630984472,-54.267196972715716,-0.08089563205259676,-0.1536293127023091
3411.0,-1209.7491324272908,-418.2188859812732,-1209.1856668611024,-418.6179384334179,83.12722271147267,-55.84672304110584,-0.08375601773948531,-0.14710994805827227
3412.0,-1219.1868295343188,-389.8505799534689,-1218.3565478637245,-390.26000224481686,79.17197481687984,-56.87724984732398,-0.08574345096664564,-0.14092729105333124
3413.0,-1227.9593979318392,-361.2695905149986,-1227.171091606188,-360.51691223232893,73.94246818869023,-58.97075802631034,-0.08943963553401586,-0.13271222423333268
3414.0,-1236.06205173556,-332.4915100559372,-1236.726409679954,-333.0592468254325,69.46269071913434,-59.694228191392135,-0.09092734734687573,-0.1256994606722399
3415.0,-1243.4903705338284,-303.5320384895834,-1242.9401435564905,-304.0031270321688,63.8142256473029,-60.911115763307116,-0.0932199335802917,-0.11678574873181403
3416.0,-1250.2403017991921,-274.4069746873522,-1249.4117364763472,-274.7678069685357,58.40441443349679,-61.82390285269594,-0.09503072352465067,-0.10825502419602308
3417.0,-1256.3081630992597,-245.13220785968466,-1256.1556205355257,-244.79429680984376,51.52360823046704,-63.20749763012975,-0.09759986777105768,-0.09738647316444486
3418.0,-1261.690644105657,-215.72370888767082,-1262.2051137922624,-216.13346842366607,45.31432414138748,-63.72860903347014,-0.0987802507161931,-0.08757817858585426
3419.0,-1100.9064340967707,141.79218372086928,-1099.7726278321745,141.23309560281936,-52.79114621209896,-49.55122449829008,-0.08059290104191484,0.07055083317418284
3420.0,-1096.6830043543744,171.42458388534433,-1096.6012852048677,170.907169637567,-59.80521595583758,-47.96098373304918,-0.07842537183664484,0.08175291123037692
3421.0,-1091.662126030692,200.93233336163087,-1090.9538439756855,200.62391249492543,-68.13831633982623,-46.70019544603491,-0.07678270509952421,0.09508461646382847
3422.0,-1085.8474500369534,230.29397570984347,-1085.117046568394,230.79808657246235,-75.38796125137526,-45.495645215504645,-0.07523514615694052,0.10669426779666899
3423.0,-1079.2432044911318,259.48816073129996,-1079.8734267325297,259.30064396302197,-80.70267656737559,-43.96459322862259,-0.07314747128562511,0.11521711840322083
3424.0,-1071.8541916434858,288.49365999323015,-1071.059641980718,287.92452964831614,-87.3788515054869,-41.72717934799622,-0.0699370724486322,0.12595052300943282
3425.0,-1063.685784384622,317.289382264947,-1062.4934012913907,317.99010588176617,-93.37368039920996,-40.540824232625056,-0.06841714193637512,0.13559650004102222
3426.0,-1054.743922338619,345.8543888542477,-1054.0820618533635,346.743808784014,-97.51072598803735,-38.9861284961354,-0.06629491264109524,0.14228382603951187
3427.0,-1045.035107544056,374.1679088328972,-1046.3530818397132,373.9352207910483,-101.84678610857259,-36.72435196595557,-0.06302819597679389,0.14927953666532714
3428.0,-1034.5663997260795,402.20935414012683,-1032.7508630782202,401.99426578346714,-106.80569979281437,-34.64491980144917,-0.06006231526154528,0.1573384789216147
3429.0,-1023.345411162954,429.9583345531573,-1024.3870168967408,429.4435574656268,-109.03676280429768,-32.91563653238085,-0.057646246189319336,0.16099175778516644
3430.0,-1011.3803011508254,457.3946725138649,-1009.3583446436355,457.25785462970384,-113.22405118028159,-30.751695942012436,-0.05454286871696826,0.16784008995842692
3431.0,-998.6797700707208,484.4984178008139,-998.393552178692,485.58165893375434,-116.12574706740646,-29.322836881922132,-0.052615649755931145,0.17259256791213384
3432.0,-985.2530530621028,511.2498620359767,-983.534837356178,511.2324567526012,-118.33534793110663,-27.0191949680439,-0.0492634344038621,0.17629123118664194
3433.0,-971.1099133075753,537.6295530156,-971.4788460441931,538.3477060176066,-120.62084536155737,-25.554500334184524,-0.04726438021500995,0.18007636271997252
3434.0,-956.2606349336243,563.6183088547975,-956.7537057538802,562.8316055762956,-121.9070676493444,-23.515880286390225,-0.04431966929175259,0.1823037874637912
3435.0,-940.7160155325579,589.1972319355789,-938.9128924490782,589.5346596172902,-124.49817981650052,-21.320514845759675,-0.04115266825246871,0.18664616651541477
3436.0,-924.4873583110816,614.347722648174,-925.3061751230549,615.0024098916437,-126.15203971300083,-19.76582629078582,-0.03899020741423727,0.18944500739046363
3437.0,-907.5864638712161,639.0514929156661,-905.4533038775108,639.4566983514892,-127.35259452423789,-17.703788724891467,-0.036007863707050024,0.19159888729262903
3438.0,-890.025621629538,663.2905794920914,-890.676877344146,664.0577295057606,-128.60100973782588,-15.941189391524617,-0.033503887902234936,0.19376676831024886
3439.0,-871.817600880982,687.0473570243383,-872.2275319490874,686.0040761510653,-129.20703662243895,-14.171583827948973,-0.030956249486555988,0.19495723868611592
3440.0,-852.9756415136984,710.3045508683543,-850.7367402149126,711.0269550976624,-131.23756218708434,-11.935136953830453,-0.027703288256383508,0.19845211763633674
3441.0,-833.5134443817224,733.045249650332,-830.8485303291051,733.5483904769802,-132.2565775906572,-9.917825045371325,-0.024768456044594073,0.20031750138891344
3442.0,-813.445161342455,755.2529175637437,-814.3282494484365,755.8938373449015,-132.29081564894616,-8.49024810339741,-0.022770060856582515,0.20057431638286455
3443.0,-792.7853849661974,776.9114063932889,-793.332753535726,775.9343832458538,-133.38744920495037,-6.335545374714542,-0.019586180976915196,0.2025767941637042
3444.0,-771.5491379252211,798.0049672570017,-772.0495398034585,798.5485984578999,-134.19486402920762,-4.89175650319472,-0.01756527530027981,0.20412248970895144
3445.0,-749.7518620700953,818.5182620579853,-750.8516161091062,819.1568125810691,-134.91557715025598,-2.6757887928194943,-0.014290841391181934,0.20552915066301636
3446.0,-727.4094072012068,838.4363746374489,-727.4393922080408,837.5463378021631,-135.5446887940095,-0.30918521048749975,-0.010749490823002554,0.20681714181258104
3447.0,-704.538019543642,857.744821620931,-704.7905202059965,856.7344926243505,-135.64069968276831,1.2109877219734404,-0.008565057268996317,0.20724732800891318
3448.0,-681.154329933812,876.4295629498241,-681.7866722966293,875.421235855248,-136.54080089917105,3.375033906712139,-0.005349726832587784,0.20896161108892122
3449.0,-657.2753417264057,894.4770120905492,-655.8485402453422,894.9922082111992,-137.42791568475363,5.053144400306502,-0.0029186161989894362,0.21069116172062946
3450.0,-632.9184184304706,911.8740459139473,-633.9461191318331,912.5096657386977,-137.68814558753752,6.9370325904119925,-0.00013485084921889757,0.2113735688314979
3451.0,-608.1012710836081,928.6080142377083,-608.88052392498,929.1536644052097,-138.03363498793365,9.386265749593415,0.0035593861913317017,0.21223040995457873
3452.0,-582.8419453734646,944.666749024901,-580.772805200694,945.1626183796907,-138.5041155032641,10.964877080504138,0.005875762931667577,0.21332343741969118
3453.0,-557.158808515882,960.0385732319106,-554.5731217955928,960.1557914615745,-138.84122859408743,13.353612645599933,0.009493932676928794,0.21418083637943539
3454.0,-531.0705358992534,974.7123092993542,-532.0667412242681,975.226943304265,-138.5949716445327,14.998610278445774,0.011927451735596652,0.21406454130379135
3455.0,-504.5960975047894,988.6772872797965,-505.9169883456507,989.4328873833474,-138.88274662786114,17.13379908034192,0.015151730446416637,0.21484280472882616
3456.0,-477.7547441125728,1001.92335259636,-478.61524500084266,1002.648890306264,-139.15387993001613,19.36757199179713,0.018545034423186377,0.21560869049164685
3457.0,-450.5659933034339,1014.4408734265838,-451.23431246525115,1013.7145760372027,-138.7025223805556,21.10831780505346,0.021179996278704087,0.21522566617860586
3458.0,-423.0496152668204,1026.2207477061625,-423.76018100315224,1025.371290877198,-138.86747138074048,23.377580002167306,0.024648879766717036,0.2158246656086492
3459.0,-395.2256184249835,1037.2544097474781,-393.77229271349296,1037.4033851939068,-139.5575902612967,25.244014011271922,0.027472045019078167,0.2172902847746046
3460.0,-367.1142348839367,1047.5338364681027,-367.8496405373981,1048.4011384196895,-139.1362009008705,27.178566512554088,0.03041629176617939,0.21693709679576592
3461.0,-338.735905721762,1057.0515532247505,-339.5025342472016,1057.9914684130474,-139.04605442083903,29.564044541683273,0.03409544545465777,0.21714079045847764
3462.0,-310.1112661249619,1065.8006392484351,-311.7803724746636,1065.8110835571024,-138.48806902474516,31.201601226786266,0.03660593125040068,0.21659224168201494
3463.0,-281.26113038366964,1073.7747326768776,-280.0276084070092,1073.9350448994305,-139.0331510950694,33.49155942106877,0.04015101897717529,0.2178486419809569
3464.0,-252.20647675662104,1080.9680351805098,-251.3317335766285,1081.3200984125556,-138.63480488285364,35.60354921078503,0.043421910575079305,0.21756609189415127
3465.0,-222.96843221690048,1087.3753161787045,-223.84496826990696,1088.1394089322596,-138.16437021810938,37.572681681859024,0.04647236632788794,0.21715400154021378
3466.0,-193.56825708954682,1092.9919166431723,-193.84498915133517,1093.568912169615,-137.66519838254314,39.97417821727276,0.05022797179332904,0.2167269538197809
3467.0,-164.02732959219634,1097.8137524857543,-164.31289385070025,1098.3833267739549,-137.23254662879657,41.54036111259608,0.05266166728404715,0.21640004593728782
3468.0,-134.3671302899982,1101.8373175281506,-134.96206854412938,1102.353006014597,-136.79572877846627,44.000748056478784,0.05652887817045769,0.21606428749744808
3469.0,-104.60922647610789,1105.0596860514233,-104.88603435296729,1105.2635095963458,-136.3477727732051,46.132561711965785,0.05988612012226688,0.21571968374700198
3470.0,-74.77525648911964,1107.4785149234212,-74.8059521283393,1107.4287969948602,-135.8518395256298,47.8191854054645,0.06254394688580184,0.2152987714200099
3471.0,-44.886913978835686,1109.0920453025785,-45.372187887041775,1109.7452455183188,-135.42988703944965,50.16905295068775,0.06625550775791313,0.2149876876929073
3472.0,-14.965932131816432,1109.8991039168498,-15.740048143206272,1110.414532397459,-134.6338722251892,52.643292956274145,0.07018518629250937,0.21408369477981812
3473.0,0.0,1110.0,0.08913288268538673,1110.0489003618081,-134.40361069425552,53.18970072973076,0.07105929915902529,0.2139110817218911
3474.0,0.0,1080.0,-0.5527958249643063,1080.114115241756,-133.30639092321516,53.42528386918085,0.07180085187181331,0.21215694053623113
3475.0,-29.88975189977447,1079.5863109225543,-28.368187325839855,1079.254202104252,-134.34707589700022,51.6875601433786,0.06904570999778474,0.21347258776891936
3476.0,-59.75660553308875,1078.345560613648,-58.852396741007205,1078.4989627720827,-134.79755485956525,49.19254584924088,0.06508402081342733,0.21381620801973167
3477.0,-89.57768017563559,1076.2786996007826,-89.7247573699235,1076.4806352486212,-135.1102219636241,47.10476620053972,0.061785934704077304,0.21393574020817996
3478.0,-119.33013017397606,1073.3873112873384,-119.39353207514978,1073.073472986418,-135.5240161330714,45.21797493881032,0.05882474056900105,0.21423096140415301
3479.0,-148.9911624473847,1069.6736107395457,-147.1759684043731,1069.3506468315825,-136.3742861001519,42.77095509695638,0.05497578088317244,0.21524395734237534
3480.0,-178.53805394942196,1065.14044298954,-179.71901356619878,1065.9979358552648,-136.6507354098504,40.473421689439014,0.0513602034562919,0.21528538629266988
3481.0,-207.94816907585337,1059.7912808558108,-208.688941562846,1059.8369228128768,-136.71785117134303,38.900283791980534,0.04893193049042234,0.21503741042243169
3482.0,-237.19897700557826,1053.6302222827073,-237.98680314946975,1054.3689868457168,-137.07547835303694,36.23905948916959,0.044763426129185636,0.21524778164391042
3483.0,-266.2680689612874,1046.6619872010385,-267.0910191353516,1046.1578203037345,-137.19531534153614,34.63246288759132,0.0423070101561057,0.2150820695911508
3484.0,-295.1331753766226,1038.8919139121797,-295.93922579964493,1038.4736822248058,-137.30162924835736,32.254547219302744,0.0386165472580568,0.21489797022465856
3485.0,-323.77218295668877,1030.3259549984464,-322.2476577693032,1030.2382298061218,-138.09692109113305,30.260030491254003,0.03554303465692388,0.2158415178518338
3486.0,-352.16315161884785,1020.9706727628763,-353.00333463340456,1021.1909434756348,-138.04747835101276,28.25499998102148,0.0324627313596331,0.2153861633467508
3487.0,-380.28433130081504,1010.8332342019092,-378.72655796349,1011.0766316195198,-138.23417037812828,26.0162833954635,0.029023572954809354,0.21536826131798742
3488.0,-408.11417862318405,999.9214055148154,-408.91831702667423,1000.6011851581278,-138.0441139443051,24.120918741247824,0.02613529892663195,0.21469601945472147
3489.0,-435.6313733936141,988.2435461540812,-434.90214701243104,988.1038192289676,-138.25481882725944,22.12524681261052,0.023112143305800723,0.21471314343036105
3490.0,-462.81483494003373,975.8086024213095,-463.9164873924308,976.486633631539,-137.96373721923572,19.83783275400098,0.019613886119392864,0.21389453482325843
3491.0,-489.64373826035234,962.6261006135392,-490.4106074065451,962.1430595432776,-137.89432878341213,18.050984631188655,0.01694569436912329,0.2134595950976706
3492.0,-516.0975299763041,948.7061397252354,-517.1559139739023,949.4341610879293,-137.52078443467323,16.04288833549982,0.013905355387091218,0.2125375317580573
3493.0,-542.155944079204,934.0593837115426,-542.6880566365076,933.3515475234599,-137.44705933297215,14.004439324358474,0.010858026355469471,0.2121075031558751
3494.0,-567.7990174555525,918.6970533187254,-567.3677408741476,919.2370218585338,-137.33299907297967,11.876004466948322,0.007643377282314553,0.21162371919067233
3495.0,-593.007105180594,902.6309174880572,-593.8325890621062,901.7998324115016,-136.850783424505,9.974521046742014,0.0048306252130862985,0.21053213487197128
3496.0,-617.760895568115,885.8732843397415,-616.2019224211152,886.233231381773,-137.18031931922386,8.210545474833113,0.002213814635963295,0.21078265091889004
3497.0,-642.0414249649516,868.4369917437731,-643.2595508951995,869.2914995514294,-135.9761041146028,5.807486298107579,-0.0014032878991061552,0.2085347088533979
3498.0,-665.8300922788703,850.3353974849637,-666.5792534608096,849.4803698329346,-135.39395635471686,4.02650435987156,-0.003995182321177917,0.2073225961527617
3499.0,-689.1086732286956,831.5823690296631,-688.9954486007033,832.2014467923539,-135.2499624115467,1.9649084675282786,-0.007064699588704988,0.2068188921407059
3500.0,-711.8593343057652,812.1922729020221,-712.291636577801,811.229438477993,-134.3732445192347,0.15969897052121415,-0.009680936119481356,0.20513824449596887
3501.0,-734.0646464360199,792.1799636779265,-731.7706843875413,792.7686375446442,-134.38321007675583,-1.575767838132851,-0.012216928402967264,0.20491554580329313
3502.0,-755.7075983322567,771.5607726050442,-755.7541763519936,770.5408859503417,-132.72552212451146,-3.802698899924836,-0.015488976596301036,0.20198352831081878
3503.0,-776.7716095263219,750.350495857694,-774.5706611624822,750.9111517038685,-132.7103815281276,-5.329193580810778,-0.017678063514185917,0.20172898632426015
3504.0,-797.2405430712553,728.5653824355436,-797.6897979485032,729.3156855311577,-131.3736145735168,-7.735718468256698,-0.021243687740940678,0.1993183161973605
3505.0,-817.0987179036605,706.2221217153952,-818.0304741017217,705.3431827551013,-130.33157703258337,-9.255257513564217,-0.02336851865261254,0.19741075023306706
3506.0,-836.3309208568211,683.3378306656099,-834.7693165978976,683.8169223775931,-130.1887985795835,-11.080603447728407,-0.02601001540850605,0.19697851111750636
3507.0,-854.9224183153733,659.9300407329507,-854.6051995777374,658.9249877726969,-127.8896286080345,-13.26846974092465,-0.029187261914558376,0.19307633893697673
3508.0,-872.8589675025911,636.016684411903,-870.6740389675416,636.5561328547061,-127.50374245755444,-14.925974849838147,-0.0315513124680607,0.19226538741370655
3509.0,-890.126827391649,611.6160815067548,-890.7705767903435,612.3618068167688,-125.95739901511142,-17.02992817707663,-0.03460355093409031,0.18955818363436583
3510.0,-906.7127692324971,586.7469250969589,-907.1996692353854,587.5601029947907,-124.02801003837756,-19.25383390618835,-0.03783926103781507,0.18628625905695545
3511.0,-922.6040866862855,561.4282672165385,-923.4170989915242,560.627596665061,-122.1757051623232,-20.722169464254268,-0.03984634798528683,0.18313960986332323
3512.0,-937.7886055595758,535.6795042584944,-936.4718447111321,535.6627883624408,-121.1115614561707,-22.475952605976744,-0.04233183721644054,0.18128609143671542
3513.0,-952.2546931308789,509.52036211540724,-953.3391098418302,508.78028188929665,-117.89821796076967,-24.603912241035943,-0.04538936083515856,0.1759653234868005
3514.0,-965.9912670623772,482.9708810676096,-964.1049747518194,482.91683590142287,-116.33549187870217,-26.221085293103794,-0.047646422764512586,0.17334631842471912
3515.0,-978.987803890002,456.0514004305119,-979.5301587369918,456.98459538473844,-112.98056430558398,-28.803723527181216,-0.05143922773013799,0.16781787354515318
3516.0,-991.2343470853635,428.782542972837,-990.8836734490486,429.66085215134103,-110.34517212855893,-30.62722159086969,-0.05400678189357176,0.16348447043889253
3517.0,-1002.7215146833581,401.1851991177041,-1002.3123817825937,402.0715150504382,-106.90866823384813,-32.367672882073286,-0.056438910292627535,0.1578751375400042
3518.0,-1013.4405064696039,373.28051093866776,-1013.3128265602753,374.1370688098955,-102.43801981262675,-34.42819674939306,-0.0593762234757831,0.15062515744061025
3519.0,-1023.383110722206,345.08985596296657,-1022.605525180082,345.8304350525989,-98.17485875735387,-36.28708446612627,-0.06198806458779936,0.14372631846128045
3520.0,-1032.5417105026816,316.63483079439703,-1031.8717604121305,317.3808289178029,-93.53365462349213,-38.030169209665466,-0.06441384856490144,0.1362261293317516
3521.0,-1040.9092894912274,287.93723456834823,-1042.7346052140285,287.65414402949506,-87.07207668010538,-39.74340865511812,-0.06677649192596997,0.12580917166752612
3522.0,-1048.4794373618577,259.01905225168724,-1049.5631919888885,258.95905240922315,-81.76282157427903,-41.363695553287506,-0.06900383060807483,0.11727560020826618
3523.0,-1055.246354693297,229.90243780027274,-1056.0353080514608,229.5162470620413,-75.37297260778777,-42.85074694232734,-0.07100996116171766,0.10702657589215318
3524.0,-1061.2048574118642,200.60969718701304,-1061.987152805021,200.17660119265398,-67.917506112627,-44.517842339305595,-0.07330390404506118,0.09508794035331594
3525.0,-1066.350380762943,171.16327131346506,-1066.405675506392,171.1407554529653,-61.069885474557374,-45.67465751062702,-0.07478943135759798,0.0841355000959941
3526.0,-1070.6789828079998,141.58571881806046,-1069.6005113786214,141.05490784308162,-52.950648427935505,-46.48716515198249,-0.07571411687233766,0.07117420592669274
3527.0,-1039.3125139749793,149.4305801869495,-1038.8548350850533,149.41556068850738,-55.09124377127523,-44.09020761168002,-0.0720016331517135,0.07495761069067831
3528.0,-1034.6215276400776,179.0483022642549,-1034.1512689710898,178.99263056707795,-63.435555231684475,-42.763064221212915,-0.07025164841627192,0.08829559929349744
3529.0,-1029.0866891470132,208.51998997803244,-1030.1482942974342,208.3977983794027,-71.04285807820105,-41.40190335415014,-0.06844541790537145,0.10045202213193027
3530.0,-1022.7125127894502,237.82160579705214,-1021.3624254657014,237.30923661215843,-77.53119852173461,-39.501181864664765,-0.06577440330014145,0.11088613696967425
3531.0,-1015.504197437055,266.9292509031611,-1014.6078831465969,267.47074427458097,-84.42185519922168,-38.55847673668518,-0.06464342865626893,0.12193568037992424
3532.0,-1007.4676222952222,295.8191846835013,-1009.1379406376676,295.7647501001299,-89.66923303444206,-36.64530683573778,-0.061945040110920016,0.13035413182489833
3533.0,-998.6093421099112,324.4678440936948,-999.4748670631129,324.3290866277652,-94.45990950705357,-34.735767702754465,-0.059255740845032774,0.13809707363851728
3534.0,-988.9365818215009,352.8518628762015,-987.4905619812221,352.52791397362574,-100.17262869709013,-32.63516940006207,-0.05625788508528992,0.14733592007363452
3535.0,-978.457230672025,380.94809061817267,-978.3056766392423,381.9344106737328,-104.47796053369257,-31.105089124262193,-0.05418282726039536,0.15430055554970212
3536.0,-967.1798357705926,408.73361163326103,-968.176900766386,408.30388698087273,-107.35873801418437,-29.06731905630721,-0.051262561729351876,0.1590095021527135
3537.0,-955.1135951222441,436.185763651981,-953.4832533327523,435.9375829383545,-111.75563943687605,-26.951921191219785,-0.04823423058571938,0.16618734081129977
3538.0,-942.2683501259262,463.2821563053824,-941.9101030946111,464.1493051697533,-114.54362983186462,-25.314899396553837,-0.04597433767682678,0.17076630139484894
3539.0,-928.6545775477051,490.0006893869573,-928.6834282210467,490.9168829883742,-116.81260308042984,-23.518317815595708,-0.04344281108341832,0.1745394712057223
3540.0,-914.2833809757662,516.3195708778836,-914.7925525677656,515.688338633924,-119.00561283957666,-21.20854625303844,-0.04007007081274179,0.1781998758171712
3541.0,-899.1664817641682,542.21733472091,-897.3374824950255,542.3731645515012,-121.86045463894438,-19.231682501162297,-0.03725060277251684,0.18295726942795942
3542.0,-883.3162094727403,567.6728583283773,-880.8815072826802,567.9032687809146,-123.19736512031551,-17.53886487735727,-0.0348690663405898,0.18528656442576538
3543.0,-866.7454918109125,592.6653798101078,-866.8975172041352,593.5556682397405,-124.72089357991938,-15.797952749213614,-0.032412482874009135,0.18788259682575592
3544.0,-849.4678440936947,617.1745149070967,-850.0590799614996,616.3205064051826,-125.99160139667502,-13.512707155304904,-0.02905420190493677,0.19011121101247688
3545.0,-831.497358218389,641.1802736172099,-832.2789110875137,640.2946689439638,-126.97180337125745,-11.763715281544222,-0.02656420580178659,0.1918890041531493
3546.0,-812.8486911710369,664.6630764993137,-811.1932893802422,664.9357515948227,-128.8728173270065,-9.638324071396772,-0.023483319301531472,0.19517279686960615
3547.0,-793.5370530719714,687.6037706425492,-794.5198083279465,688.3791985535918,-129.76302564719143,-7.938038876904215,-0.02106434262674185,0.19679380708510708
3548.0,-773.5781947702253,709.9836452877203,-774.5032680222308,709.1379514951471,-130.12095042459376,-6.086472445460228,-0.018371715010577924,0.19760860408698736
3549.0,-752.9883949969116,731.7844470880582,-750.9247854377251,732.4495757994031,-131.90031687973877,-4.042932041658562,-0.015404816274278824,0.2007293187926196
3550.0,-731.7844470880582,752.9883949969116,-732.1257593431901,753.4846296869379,-132.4111477404625,-2.404347023093102,-0.013054542954767651,0.2017725625208798
3551.0,-709.9836452877206,773.578194770225,-708.4513620669086,774.0293979724205,-133.14833166080686,-0.2732502137795179,-0.009914408260503091,0.2032357668709645
3552.0,-687.6037706425492,793.5370530719714,-685.9584042706825,794.0327121252403,-134.12305354034356,1.7584150790439004,-0.006925892565650291,0.20506255556756256
3553.0,-664.663076499314,812.8486911710365,-665.327835969119,813.7155216704392,-134.3672959498547,3.7782174245287603,-0.003952332126648659,0.20570394144572726
3554.0,-641.1802736172101,831.4973582183889,-640.7680550649674,830.7642050406372,-134.4162162211746,5.538209429748343,-0.0013600126150392663,0.20608258344615574
3555.0,-617.1745149070967,849.4678440936947,-615.9074506973006,850.0552613874356,-135.66112043591875,7.625904117549504,0.0017263996335325374,0.2083683771879259
3556.0,-592.6653798101078,866.7454918109125,-590.5681361823013,867.1407710458502,-136.07806593224248,9.853870153849181,0.005063071937439576,0.2093422964527571
3557.0,-567.6728583283773,883.3162094727403,-567.5913789373444,882.4838051211719,-135.56524372934362,11.627661491171642,0.007698242808846022,0.20880751029021155
3558.0,-542.21733472091,899.1664817641682,-542.6738430148233,898.4330378265144,-136.06402526914576,13.666191179995442,0.010747333754750593,0.20990651015248984
3559.0,-516.319570877884,914.2833809757661,-515.342250459982,914.862821450068,-137.09930496099764,15.877624663947278,0.014065724343336484,0.21188893822943689
3560.0,-490.0006893869573,928.6545775477051,-490.51802615290285,928.1163578682576,-136.44970287812967,17.530482498561714,0.01653401358844969,0.21115908600575506
3561.0,-463.2821563053824,942.2683501259262,-461.8712214420657,942.7378431882279,-137.30645693443768,19.90868725874556,0.02013997508708278,0.21287348907664175
3562.0,-436.1857636519808,955.1135951222442,-434.55581391622087,955.5516013266348,-137.4060810785513,22.217693344848573,0.02365794266111282,0.21336657688143879
3563.0,-408.73361163326103,967.1798357705926,-408.75061542683903,966.5528279304841,-136.80446209012806,23.803456192462125,0.026047030895040388,0.21272510608861195
3564.0,-380.94809061817324,978.457230672025,-381.20987610940756,977.7074361058571,-136.8200882528836,26.09100847128194,0.02955117323888386,0.21308726658631869
3565.0,-352.85186287620166,988.9365818215009,-351.41322411308914,989.0155231573286,-137.23264011037193,28.323491244203982,0.03296579009032292,0.214108782048972
3566.0,-324.4678440936948,998.6093421099112,-325.48923404982565,999.5690724952078,-136.70373118465315,29.570828673038182,0.03482174023291496,0.21358448775224712
3567.0,-295.8191846835011,1007.4676222952222,-296.14406980459785,1007.788222312996,-136.75962828778393,32.05815749455349,0.038679787298465475,0.21403284018532895
3568.0,-266.9292509031614,1015.504197437055,-267.5798944029577,1015.3294127485929,-136.29306213130727,34.36246883805351,0.04225485595119381,0.21364010176572662
3569.0,-237.82160579705263,1022.7125127894501,-238.51805516652863,1023.3935979238731,-136.16498242009206,36.06321620484433,0.04486291759787891,0.2137921761309374
3570.0,-208.51998997803273,1029.0866891470132,-208.77080739393423,1028.5882557377893,-135.74794229120604,38.581460104081295,0.04880720840930387,0.21349274988759404
3571.0,-179.0483022642549,1034.6215276400776,-180.42429961196152,1034.7480495067548,-135.45232232165415,40.764887170181396,0.052206801686629535,0.21336941500507664
3572.0,-149.4305801869495,1039.3125139749793,-149.74873590959777,1039.030168422538,-134.97824868325205,42.69457408570721,0.05522555080469474,0.21299058617212716
3573.0,-119.69098038506768,1043.1558221159778,-120.38447026433687,1042.9490201293004,-134.5486787118368,45.02642483059528,0.05888881246017141,0.2126665276933134
3574.0,-89.85375890278168,1046.148317405826,-89.43133470063827,1046.4064399108331,-134.47416616964952,47.30239290830986,0.06246878523277993,0.21292701951071746
3575.0,-59.94325140590626,1048.2875591224424,-60.06804818079729,1048.512975664134,-133.76044699761852,49.186375172367484,0.06544143744677994,0.21215071154204518
3576.0,-29.983853333381138,1049.5718024695987,-30.04880903570869,1049.9884329596368,-133.00835412886147,51.45441403561302,0.06903306352341021,0.21132136337219226
3577.0,0.0,1050.0,-0.3764597376989797,1050.284810546765,-132.1837321587082,53.88073008752954,0.07289103572679838,0.21037233320174079
3578.0,0.0,1050.0,1.2927665771869543,1050.0609433631396,-132.3832955024134,53.63438775109574,0.07250171141676046,0.21071039109724093
3579.0,0.0,1020.0,1.1330542854970242,1019.6499892275397,-131.29891224435679,53.94729149056679,0.07337215531552554,0.2089825855478794
3580.0,-29.943590010247956,1019.5603863515383,-29.994231013759315,1019.8484476581017,-132.0392233874537,51.846855481668484,0.07002677706586667,0.20977961230777284
3581.0,-59.86136901882444,1018.2419243476435,-60.57270042632235,1018.244347392499,-132.43655372238314,49.228258241509074,0.0658787954909201,0.21003748949088666
3582.0,-89.72754827282027,1016.0457504861425,-88.38136288602448,1015.8100256100703,-133.29596891921693,47.481876982395185,0.06312915646463836,0.21106471932361
3583.0,-119.51638349767126,1012.973757841553,-119.66209191024394,1013.282848055133,-133.6764662524688,45.19349110675858,0.059518027501501265,0.21128720539807094
3584.0,-149.20219708840392,1009.0285944332762,-149.65117512712214,1008.9077214518132,-133.792736491795,42.74253818630348,0.0556707968325595,0.21110497974272247
3585.0,-178.75940024341006,1004.2136609430368,-177.27235519607447,1004.167524401346,-134.6357687261553,40.94653967021037,0.05287042948102013,0.21210843137259763
3586.0,-208.16251502167538,998.5331077835381,-209.25343852643016,999.0708046456493,-134.78994740136798,38.85260465906982,0.04960024779423682,0.21196214289546267
3587.0,-237.38619630444757,991.991831520858,-238.38375847404401,992.8789988552154,-135.1113879718914,36.04442728962579,0.04520672557751614,0.2121169732144338
3588.0,-266.40525364241194,984.5954706536701,-266.9666225257644,984.0753650608661,-135.24266591622327,34.37022965570885,0.0426499751502547,0.21197585499141275
3589.0,-295.1946729695468,976.3504007529276,-293.7108437307971,976.655954379807,-135.89948042641254,32.56513649197944,0.03986794547409462,0.21269367199977182
3590.0,-323.7296381649354,967.2637289662008,-322.5705884713439,967.4007368777408,-135.9494136198062,30.19502768626568,0.03620914855080717,0.21241969863440227
3591.0,-351.98555244395374,957.3432878914045,-352.9644449795821,957.9889074865083,-135.7248796190058,28.088903256831617,0.03297241383291705,0.21169010893710738
3592.0,-379.93805956039245,946.5976288251962,-380.5916741754948,946.0543876301648,-135.78305396982333,26.224994896769875,0.030152073284083813,0.211444346365584
3593.0,-407.5630648012373,935.0360143918642,-406.44274235198077,935.60069393065,-136.21658488582534,23.633427961170952,0.026155492505681853,0.21181773491759104
3594.0,-434.83675575601256,922.6684105590621,-435.57198902573555,923.13350263643,-135.96114685715443,21.436797076214848,0.022812131224347866,0.21105444757466094
3595.0,-461.73562284278177,909.5054780472674,-462.08085615421265,908.8197597194004,-135.59993359888279,19.962289921953474,0.020640680223283456,0.21015490544245702
3596.0,-488.23647957311476,895.5585631403742,-489.67018194632055,894.8997056562539,-135.24493768273558,17.439337541405017,0.016795755322259055,0.2092520261696314
3597.0,-514.3164825385509,880.8396879053375,-513.1538243847324,881.5202509422548,-135.7320765265017,15.714302167877973,0.01421413407411709,0.20973972818735223
3598.0,-539.9531511013346,865.3615398293013,-541.3382465514279,866.2631512733698,-135.24309116469487,13.430222956078353,0.010765762390137372,0.2086163099593828
3599.0,-565.1243867724439,849.1374608831419,-566.4115682811803,848.3590693560162,-134.3775669591813,11.324376608651741,0.007633474639808374,0.20693171311164293
3600.0,-589.8084922602127,832.1814360208564,-588.9356629219805,832.7492216674324,-134.66843959493994,9.405493183445211,0.004770650197582409,0.20711879931354654
3601.0,-613.9841901731261,814.5080811247059,-614.4997985347269,815.2465386943956,-133.9126989479154,7.302360379011847,0.001637765263078625,0.20560291744153444
3602.0,-637.6306413606675,796.132630406507,-637.9306953852897,795.3084155210853,-132.94101124169316,5.531422917328361,-0.000936587592656164,0.2037694708675953
3603.0,-660.727462876406,777.0709232759308,-659.1850941903494,777.3379969476828,-133.06529398228295,3.6015462077126035,-0.0037879985428413035,0.20370697094710072
3604.0,-683.2547455478431,757.3393906871294,-683.3400412525499,758.1407843015792,-132.119080631037,1.689851060179511,-0.006595448124513981,0.201905200645028
3605.0,-705.1930711378699,736.955040975458,-705.4023014399114,737.7234982425349,-131.16163843073983,-0.6599781007088318,-0.010085267439819629,0.20011118815402143
3606.0,-726.5235290830482,715.9354451965019,-726.7525905745973,715.2235036395573,-130.47219390722185,-2.2488952893669376,-0.012338550863707238,0.19875242670314736
3607.0,-747.2277327942785,694.298721980044,-744.9850090186588,694.842221103806,-130.1699379690095,-3.9822268191424626,-0.014847624659225424,0.19804807950263792
3608.0,-767.2878355058119,672.0635219120334,-764.7040961654133,672.3404015737059,-128.91516935382595,-6.0327772858252375,-0.017835597914213484,0.19580955410188192
3609.0,-786.6865456589397,649.2490114580114,-787.5873899561657,650.0373868676041,-127.74325375071827,-8.12890599199486,-0.02089854594760524,0.1936641414124182
3610.0,-805.4071418071011,625.8748564418578,-805.5253699067352,625.134580705327,-126.53630297015894,-9.774210462416253,-0.0232121453497136,0.19152353363065808
3611.0,-823.4334870295628,601.9612050940948,-821.393184228651,602.3019554025376,-125.51302553732974,-11.929360430972002,-0.026362542513058324,0.18970060432324523
3612.0,-840.7500428412428,577.5286706843636,-841.037355514875,578.3362435640407,-123.74266282988613,-14.027169328263449,-0.029407801647000856,0.18664240293087908
3613.0,-857.3418825866926,552.5983137530422,-857.7675015291494,551.9007601226834,-122.05474977971791,-15.679225008968624,-0.031713375276937614,0.18375111223207982
3614.0,-873.1947043066851,527.1916239573243,-873.9845264899536,526.4910490134839,-119.65348548281254,-17.502428862779926,-0.034303902290307914,0.17973077194211204
3615.0,-888.2948430663297,501.330501547397,-886.3663458849945,501.43614010355594,-118.58259687566841,-19.251728480622837,-0.03678115231188925,0.17787475998261051
3616.0,-902.629282734072,475.0372384887048,-902.2642470513001,475.9819187902915,-116.04707458805133,-21.465095117437595,-0.03999209756525279,0.17364464976438287
3617.0,-916.1856672014397,448.3344992465475,-914.4837492959177,448.17243657808103,-113.25710744992591,-23.341968192874276,-0.04263865186616384,0.1690546272409308
3618.0,-928.9523110338533,421.2453012495962,-927.4032818369595,421.00161245020166,-110.03601987642323,-24.921564712573787,-0.044819897462198444,0.16376988198184736
3619.0,-940.9182095433247,393.7929950491553,-940.2503577977001,394.80408743735535,-106.75430911535652,-27.355983435419816,-0.04837355481704487,0.1583895392968692
3620.0,-952.0730482743623,366.0012441912788,-950.5195390729979,365.68207847077406,-102.41477227776524,-28.750104321434794,-0.050235710666053784,0.1513571855280638
3621.0,-962.4072118949019,337.8940048190876,-960.8980236880931,337.47260669855785,-98.16025787421889,-30.54999204167662,-0.05275484030742533,0.14445881053074075
3622.0,-971.9117924846045,309.49550502287286,-970.3540911398422,309.0547054314599,-92.98672133345339,-32.503301271837984,-0.05551559523523071,0.13610906319189986
3623.0,-980.5785972133714,280.8302239557853,-979.1010968773265,280.51476173867195,-87.59595786199831,-34.24020963909991,-0.0579304428425616,0.1274222723147181
3624.0,-988.4001554034636,251.92287073310567,-987.8195082884823,251.45401020867146,-81.37349295444169,-36.04711446877908,-0.06045031496036569,0.11741213768415322
3625.0,-995.36972496913,222.79836313330165,-995.9789202064775,222.57832306272203,-74.41524008125053,-37.84903284802895,-0.06296451737431757,0.1062378061872333
3626.0,-1001.4812982282045,193.48180611920586,-1002.0659088696024,193.3926570828019,-67.43092327790565,-39.401701972929594,-0.06507823097698276,0.09504737356848918
3627.0,-1006.7296070806511,163.99847019785759,-1006.6273724929594,163.8025400564426,-60.10043738537296,-40.680102618885606,-0.06675047943707127,0.08332467879662242
3628.0,-1011.1101275496017,134.37376963763518,-1010.8000175095334,133.68274946943083,-50.69159732627739,-41.49490910696006,-0.06767840798127828,0.06829894248464344
3629.0,-1014.6190836809666,104.63324056147565,-1013.8811275408094,105.08261308013844,-42.88488432372076,-43.17488082461654,-0.07000190091801006,0.05583643857711148
3630.0,-1043.1558221159778,119.69098038506793,-1043.0537180296851,120.09795994237497,-47.01461730458996,-45.46394985563996,-0.07382895997733888,0.06205183682836933
3631.0,-982.7817853570735,119.33131345276952,-982.3482859159438,118.92055699034718,-46.86228958483735,-39.655804812716006,-0.06457059041756688,0.06255285751289844
3632.0,-985.9375920409201,89.59388707134123,-987.0043870625444,89.10873071781293,-37.813604962251475,-40.438603483741,-0.06545134856936848,0.04809440550683011
3633.0,-978.7292580854588,148.9598582420348,-978.4809342146965,149.178742747015,-56.32619203254121,-38.760945885065695,-0.0635169493805975,0.07766248941918148
3634.0,-973.7837078776722,178.45248743576673,-973.85139681326,178.09957601503416,-63.86579919971962,-37.0996083579129,-0.061227041245131036,0.08971884473441705
3635.0,-967.9496472071384,207.78229104419904,-967.4981812657919,208.15375635233542,-71.45707467446441,-35.99989360399601,-0.05984486358561014,0.10187854255464909
3636.0,-961.2323992517917,236.92250764468204,-961.1356139821233,236.7526387160478,-78.33406162939082,-34.17141919549355,-0.05728500591775524,0.11290152941811177
3637.0,-953.6380930370411,265.8465487996333,-952.6386648947904,266.0617014666135,-84.97166956014107,-32.68034124647133,-0.05527082895291144,0.12356967244791862
3638.0,-945.1736578434601,294.5280233166512,-946.1730230520237,294.3326150257016,-90.35129886389927,-30.933526602695988,-0.05283692021208421,0.1322108029451114
3639.0,-935.8468168842938,322.9407613286608,-934.6843224506673,322.60464497237325,-96.35144973077233,-28.673756757124924,-0.04958663158412053,0.14190104144729804
3640.0,-925.6660802585608,351.0588381721103,-925.4448064088529,351.93484877561775,-100.77856686611337,-27.40528489055447,-0.04792700211702055,0.14906017330696614
3641.0,-914.6407371861739,378.8565980414389,-915.5125116123867,378.55763250485035,-104.47800089125724,-25.21211663799458,-0.044762514942829665,0.1550696459693244
3642.0,-902.7808475321693,406.3086773982291,-901.2401150245004,406.0375595715088,-108.87585162976849,-23.04041569414852,-0.04164269146280558,0.16224383646328336
3643.0,-890.0972326277719,433.3900281136869,-888.3933364964217,433.27126689941747,-111.78260409369102,-21.329989303952114,-0.03925399378967924,0.16702741084117362
3644.0,-876.601465396678,460.0759403233307,-877.3246480630424,461.00470034135816,-114.62297390927809,-19.763444066697677,-0.03710041021579909,0.17168355773173088
3645.0,-862.3058597955605,486.3420649730383,-862.8529599124982,485.79625752455127,-116.86895195487506,-17.35048417016844,-0.033563686793898186,0.17543537718423335
3646.0,-847.223459578433,512.1644360358803,-847.6977407947323,511.4963818635258,-118.87031469710313,-15.557461257680032,-0.031024750923461346,0.17880625047507698
3647.0,-831.368026395124,537.5194923794639,-829.6554502590169,537.6411715824579,-121.31567593680029,-13.579750593208814,-0.028197321171303538,0.18291912720722847
3648.0,-814.75402723472,562.3840992638442,-814.9633102866592,563.1867028296574,-123.05431329352405,-11.919648600712344,-0.025868042218036087,0.1858661887425538
3649.0,-797.3966212254367,586.7355694503766,-798.1699786832737,585.7263307955785,-123.80749175802043,-9.96672111836007,-0.023035903807091637,0.1872705769756625
3650.0,-779.3116458029598,610.5516839022574,-777.6305016445389,610.8967403019655,-125.88789654490108,-8.066047616487902,-0.020319149299198955,0.19083319044837976
3651.0,-760.5156022598775,633.8107120578634,-760.9907319255367,634.4607012259536,-127.03871464338887,-6.244606977922593,-0.017708823677605214,0.19286856114644624
3652.0,-741.02564068939,656.4914316583873,-741.2694594362947,655.697546984642,-127.68840940119817,-4.1677935952115766,-0.014663559594097228,0.19414410835766444
3653.0,-720.8595443370305,678.5731481116894,-720.8969282893305,677.8292173338011,-128.71767383346415,-2.230394347157683,-0.01185113888974857,0.19603173541537133
3654.0,-700.0357133746821,700.0357133746821,-698.104218942473,700.3502515504501,-130.1722014235675,-0.15012186550889747,-0.008816096900500482,0.198625829666682
3655.0,-678.5731481116894,720.8595443370305,-679.4113588370093,720.0592742598656,-130.0941291899863,1.5250284241408334,-0.006391388276739315,0.1987305047983468
3656.0,-656.4914316583873,741.02564068939,-657.4849674994979,740.1631292628102,-131.0179278631808,3.3684362498671145,-0.003703724967575108,0.20046930797082094
3657.0,-633.8107120578634,760.5156022598775,-631.7941839709987,761.2118140268744,-132.43291508054918,5.542208494741949,-0.0005018416595712187,0.20303596440028743
3658.0,-610.5516839022579,779.3116458029594,-608.9850887230892,779.6610276397861,-132.6194730293568,7.547030940829203,0.0024629853449853337,0.203612222968257
3659.0,-586.7355694503766,797.3966212254367,-584.3248909702539,797.6362050778301,-133.27010375478437,9.60796219125224,0.00552291779332548,0.20494974670192018
3660.0,-562.3840992638442,814.75402723472,-563.031952350461,815.4761275202818,-133.3979505960623,11.431529735673607,0.008206730634719534,0.20541399531101961
3661.0,-537.5194923794639,831.368026395124,-538.1923036595014,832.1208778597593,-133.69442371226694,13.262758003932296,0.010917373137098512,0.20619005743403931
3662.0,-512.1644360358803,847.223459578433,-512.7656447270127,847.9134134842064,-134.03326003599406,15.486533292243848,0.014263210676346732,0.2070407317943862
3663.0,-486.3420649730386,862.3058597955604,-486.48259618340245,861.6654892967132,-134.16524156424836,17.83806643604603,0.01783737061375753,0.20757267470304988
3664.0,-460.0759403233308,876.6014653966778,-460.59873823283715,875.9503070762045,-134.22508674046384,19.614403639665596,0.02048955330348693,0.20798492016531422
3665.0,-433.39002811368715,890.0972326277716,-433.91318669283487,889.5743036962912,-134.52663541400332,21.945592160531433,0.02403290235023602,0.20879166701083632
3666.0,-406.3086773982291,902.7808475321693,-407.3959548013863,902.0162563738127,-134.6475627118439,24.028211313579515,0.027195117421187718,0.20930888460248354
3667.0,-378.8565980414389,914.6407371861739,-379.29786439916194,914.1434467778463,-134.48159805915205,25.662427749301305,0.029647532287580432,0.20938886020481992
3668.0,-351.05883817211026,925.6660802585607,-351.2382266382901,924.9478629656272,-134.6096392293143,28.16201995662441,0.033493435450737075,0.2099362896787511
3669.0,-322.9407613286608,935.8468168842938,-321.2749054953551,936.1438902160561,-135.05314111409288,30.40686793057529,0.03692910452418007,0.21100910483224217
3670.0,-294.5280233166509,945.1736578434601,-293.15592315172637,944.9615796256246,-134.79105088323215,32.43924639299251,0.04005574530646893,0.21093634768838673
3671.0,-265.846548799633,953.6380930370411,-266.28830498706697,954.2006621043129,-134.31417365803438,34.41342752267113,0.04308460136747117,0.21050642100277386
3672.0,-236.92250764468204,961.2323992517917,-237.49436306482394,961.763861221676,-134.07188113072777,36.68506528092856,0.04660739885447208,0.2104734390943917
3673.0,-207.78229104419904,967.9496472071384,-208.56939016421202,967.8315054728319,-133.59777141464474,38.52518429051488,0.049461728942468024,0.21007311340397256
3674.0,-178.45248743576676,973.7837078776723,-178.61352001904334,973.4607460075072,-133.23958621231273,40.991089372758125,0.053317397616700346,0.20986991267803018
3675.0,-148.9598582420353,978.7292580854588,-149.85327548702924,978.8509044200333,-132.81714318218633,43.313869308538294,0.056948203577793066,0.20954979964838144
3676.0,-119.33131345276975,982.7817853570735,-119.41589163004774,983.1781249953165,-132.50901081493438,45.099721258928746,0.05973747988015052,0.2094321575689922
3677.0,-89.59388707134148,985.9375920409201,-90.19677538232052,986.4248128310843,-132.04079244592444,47.575362844022685,0.06363782373822106,0.20904481061424682
3678.0,-59.77471244806329,988.1937986810843,-60.61473606346734,988.3029718669268,-131.35628676315767,49.88159056024487,0.06728529738478475,0.2083176764173831
3679.0,-29.90099752287988,989.5483466446381,-30.48182898804747,990.299510615671,-130.7915772727052,51.52316384201277,0.06987349085130261,0.20778795024469363
3680.0,0.0,990.0,-0.2789133883125106,990.1777205823578,-130.09430779399634,54.0644405576568,0.0739195499211274,0.20704810569063
3681.0,0.0,990.0,0.3568408961238143,989.8355041705172,-130.22316194522998,54.29022109556058,0.07428308192285253,0.20726096950717154
3682.0,0.0,960.0,0.8188834633341596,960.3121459406742,-129.24148551632604,54.38637190464556,0.0747976824556335,0.20570424156818876
3683.0,-29.855867779043407,959.5356310003085,-29.996014091450363,959.2468677006418,-129.49933282428503,51.73388500056027,0.07058916486662224,0.2057372290900612
3684.0,-59.68285193422125,958.1429732482505,-59.15712515321351,958.2836450998169,-130.51059033618085,49.506015675660514,0.0670551972714772,0.20698956007157218
3685.0,-89.4520967847086,955.8233740502578,-88.9661463670402,955.7079732032415,-130.87846779343064,47.74427507207931,0.06428284420026248,0.20720998495519155
3686.0,-119.13480250872908,952.5790774687454,-119.90908700177103,952.5224321268838,-131.46984518288963,45.55182781279634,0.0608324692475722,0.20777223394834327
3687.0,-148.70225300552136,948.4132221511264,-149.21534338783977,948.7899193109769,-132.08487699783257,42.667728759876844,0.05628799502438106,0.20839217455650427
3688.0,-178.12584367631356,943.3298382933731,-178.1006237501848,942.8183089667399,-132.22897303501875,41.00313630609714,0.053711848001737575,0.20826775327751906
3689.0,-207.37710909742418,937.3338437410627,-206.27825321491392,937.1766949967936,-132.9816924613838,39.022978908194034,0.05062942231521307,0.20912065278857053
3690.0,-236.4277505587213,930.4310392316796,-235.0228271211569,930.4456355090788,-133.20549321672414,36.38506844572246,0.046513492522789884,0.20912480873655576
3691.0,-265.249663440797,922.6281027827757,-265.87003643222084,923.0943933054896,-133.3169556246547,34.200338542336624,0.043126417352179466,0.20892442173289028
3692.0,-293.81496440437195,913.9325832314206,-294.85750473755394,913.8361079029196,-133.42289315747837,32.31673144240623,0.040241949514366875,0.20873801781503662
3693.0,-322.0960183656241,904.3528929311894,-322.05100271424595,903.9198047085214,-133.54701326161307,30.18997967864717,0.036978563651251885,0.2086025230641518
3694.0,-350.06546523134904,893.8982996137532,-348.0952462146674,893.9771505277167,-133.89649061304422,28.243130205846057,0.03400182389674768,0.20883977040034776
3695.0,-377.69624636808226,882.5789174229468,-378.7109450535194,883.3605555815963,-133.78107819344868,25.913518336971453,0.030424152602864962,0.20828113619651578
3696.0,-404.9616307795798,870.4056971299897,-405.9417054041753,869.930365858903,-133.32497602859834,23.4725935574814,0.026703779328336747,0.20722173267233832
3697.0,-431.83524096733044,857.3904155393199,-431.0756782871949,858.0893630574877,-133.88710260765197,21.693276057833796,0.024016924014421903,0.20780856982529872
3698.0,-458.291078449082,843.545664095298,-459.73571280413165,844.6387440386083,-133.4071950618945,19.610912395788635,0.020867468679348935,0.2066937745787461
3699.0,-484.3035489106941,828.884836700797,-484.81249731425817,828.1341678304858,-132.85352960973998,17.69335636572844,0.018017714568018355,0.20550547394386465
3700.0,-509.847486966984,813.4221167594665,-508.26076141074174,813.6076533503091,-133.23143228104888,15.542749429833712,0.014772823151812517,0.20581975447106923
3701.0,-534.8981805076113,797.1724634542057,-535.6322370895896,797.9599532801241,-132.61149324628795,13.593831818660211,0.011862661395093274,0.2044978731330151
3702.0,-559.4313946044489,780.1515972751203,-558.2133478055651,780.5754101078184,-132.21292677767576,11.199363468611116,0.008264654683823782,0.20358698464637817
3703.0,-583.4233949573104,762.3759848109634,-584.3087352900534,763.0925959155355,-131.58393462313634,9.185873561124687,0.0052741975185229455,0.20226632303818978
3704.0,-606.8509708553535,743.862822818774,-607.349568730935,743.3172733059388,-130.98477122559657,7.420947015628486,0.002707417518938162,0.20103054441173399
3705.0,-629.6914576319422,724.6300215871269,-629.4402640076183,724.4140324929647,-130.35334656664924,5.556440728949734,-2.8528923161229743e-05,0.1997550567093648
3706.0,-651.9227585912506,704.6961876090814,-649.9487788483276,705.3291217217615,-130.08499626917373,3.607989353171218,-0.002895853216995899,0.1990767967212537
3707.0,-673.5233663853857,684.0806055816065,-674.53795984447,684.6889159679722,-129.06897658687737,1.5006420682435093,-0.005997020549154303,0.19715860814151454
3708.0,-694.4723838213598,662.8032197488768,-694.8623679548876,663.6402829167537,-127.92551639645451,-0.6338179935230649,-0.009136337207829878,0.19508982225142274
3709.0,-714.7495440777747,640.8846146075074,-715.2435634500594,640.3040076164273,-126.84633689603425,-2.385411720593143,-0.011638286476838018,0.19312264678336316
3710.0,-734.3352303116617,618.3459949923817,-732.1662745296586,618.7740916914535,-126.46607323880987,-3.9957096802208056,-0.013937478981847006,0.19231018639261424
3711.0,-753.2104946365113,595.2091655623442,-753.4373873378295,596.1500547512403,-124.88268602676892,-6.306048755818306,-0.017337421856206514,0.18952964063487016
3712.0,-771.3570764531287,571.4965097055995,-772.0761344859142,570.8848364283765,-123.2122018929437,-7.992806463751857,-0.0197125576829883,0.18664271433165092
3713.0,-788.7574201155845,547.2309678852315,-787.3873729806204,547.2677341626965,-122.31189304149596,-9.701997715577333,-0.02214358203642523,0.1850223119690131
3714.0,-805.394691915169,522.4360154457863,-806.4732419476398,521.7715032540435,-119.73212723574608,-12.078299137604537,-0.025613331564095506,0.18068274304951065
3715.0,-821.2527963659172,497.13563990239254,-819.8629502429243,497.1340752360807,-118.3283925552448,-13.846706063181463,-0.02812610468758533,0.17828464652335574
3716.0,-836.3163917759524,471.3543177343895,-836.6605140126338,472.1355055631091,-116.06903994061118,-15.902490700646476,-0.03109183075283798,0.17448305584750515
3717.0,-850.5709050895824,445.116990705914,-850.448249579514,445.86354833475235,-113.68787990649524,-17.811106359996625,-0.03380773497187802,0.17052446392684195
3718.0,-864.0025459857887,418.4490417363565,-865.0651362124621,417.9569470092525,-109.88554783813818,-19.37635233306401,-0.03595712992020859,0.16429385187323237
3719.0,-876.5983202194742,391.3762703440211,-877.3156510447881,391.0128474848141,-106.58975917953482,-21.2910965312952,-0.0386745563033516,0.1588984095863967
3720.0,-888.3460421925516,363.92486768676446,-889.5017515542967,363.6174731028937,-102.66851962784598,-23.15450799363823,-0.041304757348967394,0.15250832016706717
3721.0,-899.2343467427281,336.121391223735,-900.531846755115,335.8336126753341,-98.0714189607279,-25.23419041880551,-0.04427440654432874,0.14505672193975014
3722.0,-909.2527001385602,307.99273902275286,-909.7736022833678,307.78644216220545,-93.4189689208621,-26.998181765793785,-0.046738393032393494,0.13753893419718866
3723.0,-918.391410270163,279.56612373816193,-919.2255196438144,279.4488990367649,-88.06882168435875,-28.960373394052514,-0.049514268879816775,0.12890815303210756
3724.0,-926.6416360256982,250.86904628434618,-927.370716572589,250.75596041718256,-82.20402401715673,-30.76577401839671,-0.05203625157521146,0.11947428363660237
3725.0,-933.99539584458,221.9292692303708,-935.3279188037758,221.822399823182,-74.97936868193129,-32.58508379037392,-0.05457742447581321,0.10787843590938496
3726.0,-940.4455754391183,192.77478994148976,-941.1863697471944,192.62352412804853,-67.88102147462875,-34.03929788290359,-0.05653428024871342,0.0965093171613678
3727.0,-945.9859346771341,163.43381349350273,-946.2209350209918,163.20506426788305,-60.37123386733868,-35.23873792146269,-0.05808296127969183,0.084495460784338
3728.0,-950.6111136188827,133.9347253861662,-950.8068956609101,133.7512259994457,-51.69937818020627,-36.44912030390825,-0.059648624313449326,0.07063760966492694
3729.0,-954.3166377024505,104.30606408205567,-954.6397393477959,103.75397159779493,-42.70790456315737,-37.27883545021668,-0.060601781421522206,0.0562802942139382
3730.0,-957.0989220726041,74.57649339744566,-957.1784473236681,74.4298416053316,-33.71893132065701,-38.53229254867315,-0.06223758852877084,0.04194280747758336
3731.0,-927.5570292130868,67.36436415043912,-927.6396334919496,67.29489522087799,-31.74818706718096,-35.857495930979404,-0.05789313599925055,0.039168031634113004
3732.0,-924.9053626924941,97.21147083891772,-925.3162604977691,97.08099280924012,-40.50926424673573,-35.11029401567381,-0.057068716745259665,0.0531401733194992
3733.0,-921.2935215199383,126.95765910488073,-920.682787300659,127.11980106180069,-50.105945698685666,-34.129370276320316,-0.05587541259586063,0.06847051224360373
3734.0,-916.7252552664353,156.57204845274612,-916.9949171233947,156.40425114810046,-58.64528966039571,-32.86149483549905,-0.05421617202529219,0.08210646551229699
3735.0,-911.2053063993089,186.02389521172145,-911.0133181857805,185.67032612441741,-66.7631300307519,-31.21572716418471,-0.05195527225086035,0.09509966621394196
3736.0,-904.7394053588788,215.28262445181747,-903.7334235476892,214.85450890271315,-74.12398482489347,-29.64172903908958,-0.04980759432534349,0.10690398714477091
3737.0,-897.3342646095028,244.31786172468574,-896.5585788680801,244.90229989538875,-81.51152341588971,-28.46266312305056,-0.04829904711877407,0.11874949011330703
3738.0,-888.9975716711459,273.0994645963368,-889.8892889457687,273.008822297417,-87.17507899921942,-26.37566252673946,-0.045321702324741205,0.12784499739168015
3739.0,-879.7379811387144,301.5975539389851,-878.5815896953604,301.17167850009315,-93.28737207454769,-24.21492903526726,-0.042227697901902936,0.137711499043281
3740.0,-869.5651056974358,329.7825449495582,-868.8597895635215,330.6439394493632,-98.0249627734648,-22.867830440260786,-0.040444669879919085,0.1453706714465406
3741.0,-858.4895061436142,357.6251778626517,-857.0656983899613,357.39418802203653,-102.60539492303798,-20.61317619551,-0.0371838857683269,0.15280509754219643
3742.0,-846.522680421122,385.0965483260514,-846.5604833711469,385.88891990388083,-106.51613439645263,-19.14867284124063,-0.03520203049658171,0.15915788980892043
3743.0,-833.6770516850044,412.1681374072946,-834.5846498266006,411.82012162854585,-109.34567702982827,-16.957286871521593,-0.032031910127583954,0.16380791448535706
3744.0,-819.9659554045952,438.8118412001086,-818.6796798329611,438.69784169821577,-113.10263836271103,-14.96487643545287,-0.029190061140427267,0.16998209189271607
3745.0,-805.4036255195278,465.0,-805.1526937066077,465.83940809556026,-115.59676260911455,-13.241128653871812,-0.026779033366946713,0.17411727854983552
3746.0,-790.0051796630145,490.7054270187037,-788.2438608325893,490.59418381900065,-117.8963899841347,-11.250550814398329,-0.02391410140604353,0.17798433120736154
3747.0,-773.7866034677342,515.9014366076794,-773.3468859476528,516.8440069046156,-119.77542486193033,-9.568595639992054,-0.021558667476582045,0.18115735094506866
3748.0,-756.7647339706231,540.5618719613622,-757.5352523789635,539.9348925573315,-121.32518071801013,-7.4436571000547245,-0.018459516202761393,0.18381750864323648
3749.0,-738.9572421337913,564.6611322714018,-736.3181968931316,564.9301282185858,-123.58938882185436,-5.330299902825332,-0.015402119731228145,0.18768095246532765
3750.0,-720.3826144997184,588.1741993037011,-720.993308356572,588.9128720217618,-124.14577203703755,-3.8719918506300686,-0.013374866393380003,0.18875414734898244
3751.0,-701.0601339997653,611.0766633706697,-701.2880938582058,610.3100866113593,-125.18175379852251,-1.7132889652425194,-0.010201235151210429,0.19064429275929343
3752.0,-681.0098599359292,633.3447486717215,-679.2750711955664,633.7360304780174,-126.89886908550655,0.5179340599434249,-0.006937030314233162,0.19364675950847143
3753.0,-660.2526071566231,654.9553379757142,-658.2814698289505,655.3377019606002,-127.65326592918575,2.085962074732234,-0.004705991304244803,0.195104527442116
3754.0,-638.8099244480976,675.885996619708,-637.3162114756882,676.3315573169403,-128.6870144219531,4.244741350480992,-0.0015272985534523823,0.1970065502177775
3755.0,-616.7040721639394,696.1149957991242,-617.1130438850349,696.7385410818079,-129.14976055922202,5.90563802494484,0.0008661768270600719,0.19799046121459715
3756.0,-593.9579991158635,715.6213351251345,-595.5184751800556,715.2006870506569,-129.6577718627052,8.18603523928554,0.004269436314993694,0.19906345441264536
3757.0,-570.5953187498002,734.3847644258518,-570.2906296084851,733.6620768807642,-129.87796340423884,10.140469491534615,0.007153918896520395,0.1997228648755732
3758.0,-546.6402846319999,752.3858047687012,-545.4159848826238,752.923274736706,-131.08969587183023,12.268103901456191,0.010304262863231493,0.20195603609392573
3759.0,-522.117765270609,769.6057686821383,-520.3349168782511,769.9726276256641,-131.77630750240448,14.388999941236245,0.013470970786083865,0.20335597960325177
3760.0,-497.0532182988548,786.0267795557291,-496.1485085632176,786.5025562032592,-131.95016568949805,16.19801754388568,0.01614767013525487,0.2039288937884604
3761.0,-471.47266404663895,801.6317901984459,-469.62010776013693,801.8494413449438,-132.20045803083138,18.42325373715064,0.01950129064632262,0.20465213902681711
3762.0,-445.4026585279783,816.4046005359163,-445.61802458835365,817.0643179998225,-132.2234328497233,20.46490070758254,0.022564336538624198,0.20498265744820046
3763.0,-418.8702658723346,830.3298744282538,-419.75326796062365,831.1141579726109,-132.54945957754504,22.45772671812567,0.025563949632637077,0.2058183100740623
3764.0,-391.9030302284518,843.3931555910073,-392.48767718558884,842.9899558859215,-132.17140699952827,24.51747598185358,0.02869669982629411,0.20555054165919376
3765.0,-364.5289471698697,855.5808826027065,-364.44792307942777,855.0919685365052,-132.30868025239923,26.804867146883243,0.03218898291267087,0.20611242093452636
3766.0,-336.77643463179925,866.8804029834182,-335.39206128513405,867.0937396712189,-132.85831228597033,29.04041574044874,0.035599983639061854,0.20734303383590721
3767.0,-308.67430340953126,877.279986329701,-309.9901341800911,877.2347749010165,-132.11111074523706,30.7168701539602,0.0381439467235052,0.20646492236109604
3768.0,-280.25172724900096,886.7688364923248,-278.7302033100743,886.7930946568516,-132.68789988820478,33.10075586072646,0.04182095818074356,0.20776575031865852
3769.0,-251.5382125605656,895.3371027841055,-249.99269309855902,895.248241871498,-132.47464538530357,35.48659073356513,0.04551458235631912,0.20777829274386345
3770.0,-222.5635677874284,902.9758902062284,-221.32097993410397,903.0639868772945,-132.3520539023905,37.692520918676365,0.04892971007002782,0.20793432403228557
3771.0,-193.35787246051598,909.6772686824393,-193.82190852809,910.0163436342887,-131.5640591682208,39.56427507578155,0.051823554008996894,0.2070169718430356
3772.0,-163.95144597192672,915.434281291516,-164.2745012309752,915.7687528200892,-131.0814237292003,42.06240621320076,0.05572900359987641,0.20661069998029505
3773.0,-134.37481609937558,920.2409514894775,-134.83265608472573,920.4161821697135,-130.57020904058098,44.33499154111348,0.059289018544066284,0.20615765001232153
3774.0,-104.65868731430275,924.0922893140311,-105.05629539764635,923.8983454899752,-129.99231340259982,46.10305828092989,0.062060338197932476,0.2056025708200915
3775.0,-74.83390890655481,926.9842965648153,-73.35054196659638,926.3903413779831,-129.75101260038227,48.74162425087396,0.06622922695980418,0.20560682816776407
3776.0,-44.931442958721185,928.9139709540638,-44.05425237897443,929.2831668299522,-129.25211940250836,51.003953634435824,0.06979440764793272,0.20517160584639677
3777.0,-14.98233220338066,929.8793092233785,-14.708306621636224,930.1028193479373,-128.5286169643617,53.52506457155821,0.07379684206304206,0.20437951495425763
3778.0,0.0,930.0,-0.11362966218898467,930.5676751190864,-127.95251362370112,54.25825251426218,0.07495805383999105,0.203641358623061
3779.0,0.0,900.0,-0.8109614624266449,900.5792585209947,-126.73080146632141,54.42802737893132,0.07559552625375827,0.201688403130597
3780.0,-29.914419147863963,899.5027112394081,-28.99886976825228,898.986146982256,-127.72211643269743,52.48418225185788,0.07252131144176524,0.20292091335288473
3781.0,-59.79578028590177,898.0113945045465,-58.435913820898854,897.6030797289483,-128.3274929712005,49.85219640003361,0.06834931424423751,0.2035238853583181
3782.0,-89.61106193623489,895.5276978288613,-89.48289942956347,895.7749033946634,-129.02928465446018,47.59901200359953,0.06478564952630664,0.20426058992196047
3783.0,-119.32731564451136,892.0543659111114,-119.28777963461481,891.9437185731898,-129.3374737973758,45.420761122962666,0.06136577599340239,0.2043860686176909
3784.0,-148.911702390784,887.5952370822403,-147.9740641483896,887.4365347078923,-129.97455648655105,43.4630900088894,0.05830524500439517,0.20504869706088835
3785.0,-178.3315288794578,882.1552390636895,-178.79128195028548,881.8090883923643,-130.04141895690063,40.85155559112128,0.054217778070329896,0.20477769435714596
3786.0,-207.55428366819606,875.7403835218414,-207.13583817483587,875.904460201923,-130.67038688711025,38.95494528811981,0.05127154284317409,0.20543159289741703
3787.0,-236.54767309586586,868.3577594246113,-236.62397396073322,868.9615368116121,-131.01177394938074,36.58949752878407,0.04759184560234081,0.20561378688311277
3788.0,-265.27965696981374,860.0155252075268,-263.740789679495,859.8599042055334,-131.2424807990093,34.26926160399105,0.044010542884246495,0.20564886933189472
3789.0,-293.71848397304007,850.7228997579524,-293.92800769760464,851.469012186832,-131.14195295635253,31.98594762387108,0.04047929884549314,0.2051191722610065
3790.0,-321.8327267521376,840.4901522274273,-322.2798473196303,839.9526913244193,-131.06402180337838,29.99201002728346,0.037446888667531,0.20464791676814797
3791.0,-349.5913166472253,829.3285906833668,-348.8663686747495,829.3832699629055,-131.6120797912881,28.06137641911341,0.03450363326381074,0.20519457374114794
3792.0,-376.9635780254924,817.2505496126745,-375.2137747872104,817.3240978440772,-131.46954440761314,25.77398847789482,0.031010830641458487,0.20464504566449582
3793.0,-403.9192621804157,804.2693762910709,-404.7773599413961,805.1064225422282,-131.23448167801644,23.45684248888448,0.02747260779926041,0.2039088672856254
3794.0,-430.4285807591864,790.3994160332057,-431.2816127692731,789.8425861037562,-130.85276919155228,21.52348652699162,0.02458251200911421,0.2029767561296717
3795.0,-456.46223868140333,775.6559963398475,-454.69372371188973,775.8784505543655,-130.93341404870708,19.33591659405543,0.02127190471649346,0.20281837891861773
3796.0,-481.9914665126627,760.055409959677,-483.55104668770906,761.1846112512832,-130.53174122140305,16.86118179253437,0.01751319700277182,0.2018256819072941
3797.0,-506.98805225725977,743.6148968843954,-507.3708926362477,742.8851035458098,-129.74083359217784,15.378417323947609,0.015377417631025863,0.20027519231296997
3798.0,-531.4243725348749,726.3526252970485,-529.9847396320638,726.768716852743,-129.8956018175948,13.286732513959217,0.012245774812634285,0.20024456242339178
3799.0,-555.2734231067873,708.28767149462,-555.9040797435526,709.1830400429018,-128.96148152003875,10.903445392844878,0.008668026858115204,0.198440430340229
3800.0,-578.5088487178854,689.4399988070803,-579.1220774781974,688.9088092644091,-128.23043117868716,9.145766115308701,0.006118891358537463,0.19699257739710446
3801.0,-601.1049722214937,669.8304355361865,-601.2818246147112,669.0111556746339,-127.24169559224701,7.073475464579449,0.0030644243763796215,0.19514756601516897
3802.0,-623.0368229548315,649.480651938416,-620.8213952171558,649.7685842199029,-127.35051069050489,5.341187211472758,0.0005430652435329368,0.19508145003179908
3803.0,-644.2801643337467,628.4131362774655,-644.8410141314394,629.2599814829315,-126.12995493298904,3.089349667565307,-0.002789677216654709,0.19284470758930677
3804.0,-664.811520636227,606.6511699727838,-665.6442058971581,606.0248307488246,-124.7780691394471,1.2325203102244475,-0.005460352662951784,0.19043833839874438
3805.0,-684.6082029450977,584.2188018715968,-682.6535800951101,584.4709520256599,-124.13600778421103,-0.5916791093944002,-0.00809968644314312,0.1892081526698497
3806.0,-703.6483342212267,561.1408216728603,-704.2712700306629,561.9025439051451,-122.7299383420629,-2.6944789176441257,-0.011170001599307628,0.18670557238719357
3807.0,-721.9108734795394,537.4427325325078,-722.4005126567607,536.7580519497347,-120.76029613389483,-4.659877111332288,-0.013990086065170151,0.18334876110905757
3808.0,-739.3756390411176,513.1507228802654,-737.4218574993457,513.3618304408718,-119.80931340205119,-6.3763350707785476,-0.01643538086362204,0.1816512590806062
3809.0,-756.0233308356943,488.2916374791835,-756.353231623847,489.07565948817154,-117.57049865117519,-8.591502254896502,-0.019663496858099035,0.17785622271260448
3810.0,-771.8355517298936,462.8929477598584,-772.3300014558962,462.46973344144953,-115.27631496824934,-10.30226810521748,-0.022060423219113022,0.17400924891092226
3811.0,-786.7948278576472,436.9827214621367,-787.1948449946013,436.54849657332403,-112.32825002246682,-12.223428403499538,-0.02480058811384326,0.16913520848860097
3812.0,-800.8846279303219,410.5895916178467,-799.2779792399007,410.38971789153885,-110.27182421150034,-13.943562898386588,-0.02721790133743255,0.16571432334213232
3813.0,-814.0893815052173,383.7427249088285,-812.5782908139935,383.6137655411763,-106.84759522602762,-15.852333689653292,-0.029927880041999817,0.16010160509394433
3814.0,-826.3944961922466,356.4717894352413,-825.7940981956211,357.2838717154695,-102.60512628714123,-18.16656908810226,-0.0332886385780361,0.15318765243409824
3815.0,-837.7863737797837,328.8069219297558,-837.6162844980337,329.5936707408385,-98.42130606663041,-20.12394883571426,-0.036064784061313596,0.14638410974815638
3816.0,-848.2524252618592,300.7786944538687,-848.2201966373605,301.4868042408338,-93.5849211688776,-22.211886210619216,-0.03904361557062582,0.13855689829213694
3817.0,-857.7810847500956,272.41808061314333,-856.2545463424045,273.07107494795497,-88.2295820789016,-23.87529992678971,-0.04134301405822243,0.12993521494823446
3818.0,-866.3618222550108,243.7564213287047,-865.4736461814055,244.22328290488204,-81.48449914969622,-25.65375769547066,-0.043820219381342486,0.11908717598513391
3819.0,-873.985155322563,214.82539020282374,-873.1915280624453,215.19888793882157,-74.67168188712076,-27.29559525448792,-0.046077824036313525,0.10814971985790904
3820.0,-880.6426595130791,185.65695851686,-880.011650150896,185.9940105115301,-67.5635490507013,-28.840039484966514,-0.04817821203086717,0.09675324923701568
3821.0,-886.3269777109872,156.2833599002373,-885.6928438837944,156.39832529007356,-59.263554737493685,-30.13724913201935,-0.04988032775241318,0.0834738205856783
3822.0,-891.0318282550619,126.73705470951298,-890.6915473020211,126.49137335434044,-49.94858645662956,-31.18470073557255,-0.05118112912695456,0.06858736913408811
3823.0,-894.7520118802009,97.05069415688298,-894.9320562830222,96.89913198164267,-40.56058520256591,-32.27358726428106,-0.05255173048477471,0.05359396768226746
3824.0,-897.483417463062,67.2570842277817,-897.7024386442536,67.10510830627472,-31.41868406949983,-33.10634949128339,-0.05351222613358324,0.039010251338798735
3825.0,-867.4052480102181,67.14265205018262,-867.7487662255081,66.94432832777436,-31.222444231912107,-30.415202029809034,-0.04922716285471986,0.0390647677504592
3826.0,-864.5891829247936,96.8790213071838,-864.6724437139768,96.74816219026773,-40.728598026796774,-29.662635594548505,-0.04839442291771567,0.054231957051276876
3827.0,-860.7539993271242,126.50119620921016,-860.6261372715832,126.39001555831412,-50.21678208061663,-28.537940198911517,-0.046967437574874746,0.06938242598781559
3828.0,-855.9042178689592,155.97426016533984,-855.3046919081921,156.1694016300202,-59.26768667996523,-27.43500910820517,-0.04557677555845111,0.08385255964921012
3829.0,-850.0455551405153,185.26347234642176,-850.8306030459817,185.25468857532724,-67.4300173168432,-26.05107885987742,-0.0437303888794557,0.09689810637422318
3830.0,-843.1849169321505,214.3343086351842,-843.2147634914174,214.24593286614987,-74.81125099758171,-24.365712474386203,-0.041403099950061174,0.1087389756186964
3831.0,-835.3303900942934,243.15250232090045,-834.9388137856567,242.77698842694818,-81.64746261504779,-22.451755707838533,-0.0387063622108906,0.11972049965964364
3832.0,-826.491233005216,271.68408449064145,-825.9998175813258,272.2226136908751,-88.28957239321801,-21.118451289234002,-0.03694496209599346,0.13040122134119936
3833.0,-816.6778646578915,299.8954240695023,-817.7426307635283,299.91854935034115,-93.55029120803749,-19.09441904058431,-0.034062806095149695,0.13887504092009764
3834.0,-805.9018523788005,327.7532674626112,-804.5976889904068,327.45903429716356,-98.59534183624021,-16.801308155664113,-0.030750494343216653,0.14706547412165624
3835.0,-794.175898193158,355.22477775218726,-794.0738283560754,356.0856732451063,-102.9972394120411,-15.37468312682033,-0.02883053976100671,0.15420019713907168
3836.0,-781.5138238526348,382.27757340345346,-783.047730090578,381.9123126413558,-106.32958827652676,-13.15272853642346,-0.02561048734916575,0.15963883140429694
3837.0,-767.9305545432261,408.8797664337686,-767.5500743326681,408.58842731435413,-109.81210639252973,-11.24260534598366,-0.022897133525137992,0.1653712304996164
3838.0,-753.4421012924616,435.0,-751.6575015404655,434.9655263910907,-113.01883032012738,-9.228173575095328,-0.020014105403362004,0.1706695260495339
3839.0,-738.0655420967045,460.60748535982094,-738.3557479205914,461.4443022837201,-115.32745909065136,-7.778499451056843,-0.018031162226242858,0.17450672907118273
3840.0,-721.8190017907783,485.67203816337246,-722.0602173570711,485.2127069027926,-117.16440811579821,-5.417727176747877,-0.014564967463092044,0.17762989516751101
3841.0,-704.7216306836543,510.16411403250527,-702.8449372053069,510.25491784782184,-119.32836224072149,-3.452652014999639,-0.011744144485770327,0.18130926413829318
3842.0,-686.793581985377,534.0548433856726,-687.211019500362,534.824323511472,-120.96489779749889,-1.9317018845698406,-0.00962437801584606,0.18410535953835958
3843.0,-668.055988051842,557.3160654674125,-668.8967506412463,556.6387850985782,-122.0627683210242,0.24768074510736682,-0.006422943951079692,0.18607696909916732
3844.0,-648.5309354754212,579.9203615423199,-648.1449848793654,580.5237517554556,-123.4539691352389,2.0339157206347394,-0.0038725812309612106,0.1885452802756342
3845.0,-628.2414390508009,601.8410872143731,-628.789854652136,601.0300385576171,-124.19187777923925,4.199855075681491,-0.0006765216211809938,0.18995674011286914
3846.0,-607.2114146467188,623.0524038335221,-605.5054773930057,623.268204173648,-125.86356847606824,6.253743396093956,0.0023199929553439653,0.1929024816266887
3847.0,-585.4656510155744,643.5293089525214,-583.6663903708265,643.9747838780803,-126.57162431899512,7.998185145266335,0.004842765308620775,0.19429685020684415
3848.0,-563.0297805741471,663.2476657980997,-561.1992996546255,663.6067134851743,-127.43065508651539,9.970699304696133,0.007741687387238931,0.19593919398652274
3849.0,-539.9302491898578,682.1842317217381,-540.2992284172623,682.9681924295156,-127.70866246541557,11.95134269849784,0.010656859746125158,0.1966376190776469
3850.0,-516.1942850081917,700.3166855965105,-516.5043760607618,701.1584853231956,-128.35750066186458,14.098263529936942,0.013851014350047097,0.19796169205124145
3851.0,-491.8498663580262,717.6236541276993,-490.3786220578693,717.9925469316494,-128.85572655986053,16.215215586106922,0.017014081894500984,0.19907460459617177
3852.0,-466.92568877269247,734.0847370461715,-464.7377330287668,734.153839898363,-129.53985309412016,18.503020947795036,0.020457310299426677,0.20047744906477497
3853.0,-441.45113116564556,749.6805311548193,-441.96261141284384,750.4031181289089,-129.5175077999472,20.298620485035546,0.0231160912514186,0.20072081172111242
3854.0,-415.4562212006147,764.392653199719,-416.4243688722686,764.4962125063129,-129.5626522428927,22.43599953497617,0.02634523791750229,0.20110542749715693
3855.0,-388.971599897049,778.2037615390523,-389.47137219101916,777.9048665008119,-129.5568827194572,24.67207033580998,0.029739839706357633,0.20142633763456178
3856.0,-362.02848551258256,791.0975765842453,-362.26002882400417,790.8003013899605,-129.75298776238026,26.932015192294198,0.03317872361535717,0.20207170508802344
3857.0,-334.658636745091,803.0588999892332,-334.8700366439605,802.8001607146061,-129.91811210624297,28.748937424484836,0.03592348320842036,0.20266995313469277
3858.0,-306.8943152977123,814.0736325652296,-305.87743137603894,813.9374534127237,-130.34880398785398,30.994171057461074,0.03936048539773443,0.20371049220394574
3859.0,-278.76824785096255,824.1287908998837,-277.6566659927693,824.1761444563075,-130.12692887994447,33.30987000464909,0.04292064176786663,0.20370298595026284
3860.0,-250.31358748676521,833.2125226612388,-249.06003544176528,832.9372381564273,-130.02156887084888,35.70582273560487,0.04662662209646304,0.203885522446303
3861.0,-221.5638746098689,841.3141205684487,-221.8292302178568,841.8225104143175,-129.3288103704643,37.526966430362855,0.04941624461918362,0.20311645798208225
3862.0,-192.55299741271617,848.4240350127869,-192.29270219968956,848.4814309225576,-129.12399902421404,39.94557056312939,0.05318402103149239,0.2031522236578516
3863.0,-163.3151519303629,854.5338853140714,-164.04695674539897,854.7255789098217,-128.79213441313559,42.22078626124547,0.05672866737004487,0.20296996960324518
3864.0,-133.8848017325337,859.6364695992372,-133.57986779425045,859.5086212984601,-128.477497662231,44.35540777379613,0.060067445233198104,0.20284233927323747
3865.0,-104.29663730032757,863.7257732914098,-103.53512189794806,863.6466917976771,-128.06150332997228,46.53240813631741,0.06348157008413732,0.20254822091837132
3866.0,-74.58553513545391,866.7969761994777,-75.84565814829743,867.2822809045034,-127.30742995586756,48.85621583061322,0.0671354999363978,0.20168718798029617
3867.0,-44.78651665020147,868.8464581998027,-44.655678893769185,868.4659852851743,-126.84327625965368,51.46505352525926,0.07127309728923434,0.20133044725900284
3868.0,-14.934706886595334,869.8718035033734,-14.125937978734868,869.3734805400545,-126.21955304714248,53.56915039975644,0.07461075740267167,0.2007116578438224
3869.0,0.0,870.0,0.6803973790571017,870.340134380881,-125.73400052251661,54.779287547901994,0.07652491190877243,0.20012020978701744
3870.0,0.0,1140.0,1.168302691168723,1140.0166670145857,-135.3036787575211,53.70793496451324,0.0715170801352774,0.21535680109913735
3871.0,-29.96655312193606,1139.6060747881218,-29.541824189135998,1139.7092550954976,-136.19078329688475,51.19643772615141,0.06752367300024138,0.21639256573316154
3872.0,-59.9123964530163,1138.4245713929654,-60.25589147899629,1138.9356005716893,-136.62509936690864,49.30113767652148,0.06451668421079675,0.21670764687839247
3873.0,-89.81683451485638,1136.4563063478204,-90.49870341856143,1136.5701314503003,-136.7751600130407,47.510903968864135,0.06169640860831942,0.21657609291698304
3874.0,-119.65920044412366,1133.7026399144852,-118.88909061436611,1133.479763018194,-137.86491801932655,44.8713274962806,0.057533239833861195,0.21796280034994467
3875.0,-149.4188702753419,1130.1654751431936,-150.21881620981816,1130.863035707663,-137.99567892518337,42.97195795475047,0.05454234630931679,0.21778721849582666
3876.0,-179.0752771940478,1125.8472565574227,-179.50882509795306,1125.7110542009698,-138.25134785807003,41.23019368740585,0.05183333855857346,0.217835414296224
3877.0,-208.60792575045411,1120.7509684644904,-209.09769869737502,1120.4566326336305,-138.562218627958,38.486264538327994,0.04753059044126426,0.21796780636087532
3878.0,-237.99640602378895,1114.8801328931104,-236.5871411075416,1114.5148306428707,-139.41670831998113,36.851483033763444,0.045001523955782934,0.21899110648850675
3879.0,-267.22040772752877,1108.2388071593293,-267.21066793854925,1108.4703484878587,-139.30307675007847,34.891660516993156,0.04195639615348624,0.2184352107257825
3880.0,-296.2597342457733,1100.8315810625274,-296.7160212341057,1099.9671678508491,-139.2801525937374,32.5029716541495,0.03825881797576297,0.21803737453644592
3881.0,-325.094316591064,1092.6635737134231,-323.5069535042631,1092.9200778141644,-140.0724018578304,30.59047729663146,0.03530129418991764,0.2189701705811598
3882.0,-353.7042272739978,1083.7404299962718,-354.7608308669405,1083.0547653872618,-139.6497130578081,28.273684900420715,0.03173482478382651,0.21791467507385665
3883.0,-382.0696940750519,1074.0683166677045,-380.1468588799224,1074.265815489213,-140.3956238447736,26.62733809261353,0.029222220489731048,0.21879092696599253
3884.0,-410.1711137091051,1063.6539180949,-411.0896182529732,1064.5527604602023,-140.17097938033942,24.64339870811905,0.026183638412795217,0.21805443906186997
3885.0,-437.98906537320346,1052.504431636042,-438.22469258268757,1051.530348167678,-139.56634939416884,22.339254551973525,0.02267596422238707,0.21675981803229719
3886.0,-465.5043241682185,1040.6275626662452,-463.95622555169894,1041.262651258183,-140.49294891572868,20.5469221138957,0.019949126756044155,0.21791941358732686
3887.0,-492.69787438511383,1028.0315192523965,-493.97564155824216,1028.4668568164252,-140.02458763335883,18.468571624923044,0.016798038965459693,0.21680634648147362
3888.0,-519.5509226466422,1014.7250064805847,-519.4348995451746,1013.7976141291589,-139.52122741268315,16.332819506711513,0.013578537714364094,0.21569342496683022
3889.0,-546.0449108953901,1000.717220440043,-544.1124565883215,1001.0965701864376,-140.17569657306822,14.44510480995776,0.0107296958036072,0.21643281961496708
3890.0,-572.1615292191909,986.0178418677609,-573.2907989856736,986.7067109524456,-139.46381205778928,11.957874783025671,0.006947378485333978,0.21494247385203602
3891.0,-597.8827285050515,970.6370294581569,-598.7405564959213,969.7003811753524,-138.9218683602414,10.544939216652011,0.004906897748160832,0.2137682611788141
3892.0,-623.1907329128335,954.5854128424368,-621.2870599907413,955.1289390310116,-139.71259739203916,8.552747938218564,0.0019146829093203194,0.21475061910274768
3893.0,-648.0680521600833,937.874085242489,-649.3096886360778,937.2066644234477,-138.21935621424058,6.274734083714215,-0.0014913951335375326,0.21203085958320628
3894.0,-672.497493609511,920.5145958043935,-670.3995502363865,921.1269665146137,-138.48239915855842,4.448311947559404,-0.0042013086208904,0.2121912184686721
3895.0,-696.4621741507673,902.5189416168429,-697.2137685333719,901.4481685875463,-137.42031795598461,2.119591855803628,-0.0076665760533487,0.2101724707310879
3896.0,-719.9455318683084,883.8995594199936,-717.0655298193027,884.6046408030592,-137.66507003922055,0.5630351113220737,-0.009937630826394152,0.21031888178796948
3897.0,-742.931337487285,864.6693170104705,-743.1288738118457,865.233219687977,-136.86671900521506,-1.4432863340146695,-0.012893549312092733,0.20872906958732235
3898.0,-765.4037055895411,844.8415043484778,-765.9431566910567,845.5886912539081,-135.7350836830801,-3.608278889574875,-0.016098655975044264,0.2066486101308794
3899.0,-787.347105591978,824.4298243731449,-788.4845540978458,823.4454615620945,-134.85705499231986,-5.142439896854207,-0.018269161519807512,0.20497512018525585
3900.0,-808.7463724796925,803.4483835324696,-807.1086246601884,803.9754240549358,-135.23536456096383,-7.015877035091741,-0.0210123803098859,0.2053491300770192
3901.0,-829.5867172864682,781.911682034398,-827.2878123791684,782.7205727078061,-133.81337825742474,-9.062247231111767,-0.02400897204298731,0.20283883462029545
3902.0,-849.8537373153875,759.8346038257723,-849.7060542376947,760.4483301485353,-132.92080655217856,-10.989906168234876,-0.02680416897697346,0.20114370703090143
3903.0,-869.5334260924866,737.2324063060861,-870.322708264131,737.8836577427077,-131.70341210804847,-13.245299368716198,-0.03011738981090259,0.19895367199359132
3904.0,-888.6121830465877,714.1207097831416,-889.2659531658082,713.2195715762092,-130.812445483876,-14.652779619970273,-0.032055403809648504,0.19730365716352377
3905.0,-907.0768229086116,690.5154866779017,-905.4423448889439,691.0109806171914,-130.33274465051568,-16.334332110384107,-0.034459689707850516,0.19634207774459517
3906.0,-924.9145848238735,666.4330504860048,-925.2939442781731,665.5890752351925,-128.09449633134975,-18.418186750632252,-0.0374649059891148,0.19253667290680704
3907.0,-942.1131411710726,641.8900445035542,-940.5970262885335,642.1554775755498,-127.57153193924815,-20.38366428043602,-0.04030606999835224,0.1915169327959445
3908.0,-958.6606060818696,616.9034303249921,-957.0982313758035,617.1517641817458,-125.81558675717177,-22.294199832034554,-0.04304056196864311,0.18852016942964467
3909.0,-974.545543655175,591.4904761209932,-975.38719773594,592.1059805928529,-124.09771702667287,-24.44573319369678,-0.04615809863385562,0.18556211036282644
3910.0,-989.7569758604641,565.6687447044858,-989.9813150515107,566.4914841284452,-122.62687914676572,-26.212624523919548,-0.0486564934816654,0.18304246541324737
3911.0,-1004.2843901246591,539.4560813930469,-1004.8518389473858,538.6548742524519,-119.7049378995787,-27.98308183517591,-0.051133349601892045,0.17820993258137904
3912.0,-1018.1177465973348,512.8706016760611,-1016.4101043968653,512.802406173128,-118.11000516658264,-29.654987397280763,-0.05347765547259642,0.17552996453443048
3913.0,-1031.2474850892293,485.93067869516125,-1028.6647546215995,485.91332691653855,-116.0546354049908,-31.46326761284611,-0.05602631299644195,0.17210865959119603
3914.0,-1043.6645316792594,458.6549305466062,-1043.2962657460162,459.5853996010507,-112.50869857889752,-34.035483277151364,-0.059797683961587425,0.16628593413375142
3915.0,-1055.3603049854796,431.0622074143769,-1055.17940714788,431.8727888227204,-109.43159055095941,-35.821433608940886,-0.06230071660341193,0.1612430320926404
3916.0,-1066.3267220956488,403.1715785428693,-1065.9117721679404,404.1460908442357,-106.13547091874689,-37.570345628363754,-0.06474462841470899,0.15586565578451028
3917.0,-1076.556204153304,375.0023190582023,-1077.5835181520376,374.5859848416854,-100.78413162482208,-39.19370661618566,-0.06696626585477818,0.14720579122018648
3918.0,-1086.0416815954854,346.573896647238,-1087.0169866117594,346.34884167218996,-96.84612871180887,-41.01214304438319,-0.06951457779088913,0.14082273349271823
3919.0,-1094.7765990384894,317.9059581035224,-1096.3155149437978,317.5247446966774,-91.88318976067212,-42.81425697361822,-0.07202972325572633,0.13281009200512905
3920.0,-1102.7549198082734,289.0183157494497,-1101.3758648261864,288.6202906989683,-86.74860263047329,-44.320418911761955,-0.07407286236729205,0.12457616881233033
3921.0,-1109.9711301123814,259.93093374402895,-1109.0955606455657,259.45564131441523,-80.84702678286277,-46.01602441933491,-0.07641432367813028,0.11508897622526908
3922.0,-1116.42024285051,230.66391428571617,-1115.3623860405532,230.07452108993485,-74.94322703423542,-47.650829355245584,-0.07865636676123593,0.10561603745448253
3923.0,-1122.0978010610772,201.23748371984553,-1122.5653554634093,201.46344241938152,-67.15116932782702,-49.886029016336074,-0.08186339840554867,0.09312637787504881
3924.0,-1126.9998810014145,171.67197856026982,-1127.7544883869234,172.24283322358562,-60.03934378194155,-51.088146542332346,-0.08341876386185303,0.08174400480456204
3925.0,-1153.9130260716672,193.35130788833115,-1155.8319411491736,192.64796060114918,-64.7848633442942,-51.940320795705446,-0.08502494235127347,0.0889528699611753
3926.0,-1148.5987343963202,222.75759772266238,-1148.5734033972624,222.33408470746284,-71.57754427075467,-50.77262849652352,-0.08353006749359486,0.09985265253902771
3927.0,-1142.5351797915055,252.01857657480812,-1141.2646633159356,251.71761281837237,-78.72400856834186,-49.27542370944182,-0.08150705133837212,0.11131611366643183
3928.0,-1135.72631768269,281.11515669368913,-1135.033863860438,281.73947855555735,-85.06222421622941,-48.03314280659248,-0.07989757684961853,0.12148000560576452
3929.0,-1128.1765896801749,310.02835757009433,-1126.9637028143043,309.7135252686483,-89.99371994963728,-45.94156588568803,-0.07691132618261494,0.12942755987724502
3930.0,-1119.8909206817077,338.73931831819755,-1119.4442272141753,339.5686013485709,-95.56424163510053,-44.57479317812338,-0.07510167416450496,0.13838541130934406
3931.0,-1110.8747156598342,367.2293099790406,-1112.2555561641807,366.88257538074777,-99.81407881647264,-42.41849960066347,-0.07200433984737357,0.14523727671618233
3932.0,-1101.1338561360872,395.4797477379481,-1102.8151022258055,394.903849687447,-103.31383160231364,-40.724147344622736,-0.06965087026473848,0.15092292325411708
3933.0,-1090.6746963443015,423.47220304792796,-1089.3121910802367,423.136016723917,-107.97833402859156,-38.59590855360414,-0.06660943161181618,0.158512079222658
3934.0,-1079.5040590855754,451.1884156511188,-1080.2579258832595,451.26438388464965,-110.8508640108367,-36.88696221227433,-0.06423404638432248,0.16319474002143142
3935.0,-1067.6292312775636,478.6103054904673,-1065.9876214025132,478.4509481038774,-114.23905238293291,-34.70862970157708,-0.061100075631016465,0.1687619773287228
3936.0,-1055.0579592010201,505.71998450385416,-1055.5219087427358,505.6940672041499,-116.78037769118475,-33.242928758876715,-0.05910098587030465,0.17293479547587012
3937.0,-1041.798443446684,532.4997682929701,-1040.3750680999194,532.4110843317333,-119.43088870021417,-31.14219035843006,-0.05608475944851763,0.17733871771036805
3938.0,-1027.8593335658027,558.9321876593475,-1027.7037730340405,559.0390599209101,-121.352299474108,-29.317642563620584,-0.05350701353865238,0.18055192294103156
3939.0,-1013.2497224277931,585.0,-1011.2810802418804,585.2617752972224,-123.6486458707795,-27.131752450231932,-0.0503492102564529,0.18440780001493995
3940.0,-997.9791402887074,610.6862005552546,-998.4552125795708,610.5125912612078,-124.9416488891701,-25.652975066696865,-0.0483049090113114,0.18662275628634234
3941.0,-982.0575485743815,635.9740335014288,-979.6132811564793,636.5548025828849,-127.19987351581194,-23.611696136939315,-0.0453750509478643,0.1904475890287357
3942.0,-965.4953333823203,660.8470028811222,-965.7817196968972,660.4702034951949,-127.8685120436609,-21.837643051762132,-0.04284444903590081,0.19168115505518218
3943.0,-948.3032987065577,685.2888833639878,-946.2194092295009,685.5692415038129,-129.79215656307815,-19.842305435167404,-0.03997615782529606,0.19498230948093778
3944.0,-930.492659389909,709.2837308309664,-930.5415282181111,709.9872388809212,-130.95818811758895,-18.021454995184552,-0.0373772308951925,0.19703011292137304
3945.0,-912.0750338082184,732.8158927750798,-910.4405175510495,733.3506163997293,-131.83473519288648,-16.22563734988744,-0.0348052289944316,0.1986713574525541
3946.0,-893.062436291368,755.8700185119966,-893.6777496662402,756.6819838949101,-132.74803474421972,-14.344696373290285,-0.032097357078291235,0.20033021199726386
3947.0,-873.4672692859962,778.4310691937116,-874.0889127854443,777.4022156481957,-133.40774354034488,-12.324802462033704,-0.029136356189475854,0.2016200751101611
3948.0,-853.3023152650363,800.4843276188038,-851.3273592525828,801.2793573732629,-134.85229549839258,-10.562446421472755,-0.02662390214298654,0.20419791108554172
3949.0,-832.5807283893547,822.0154078328773,-830.1066486788428,822.65805225875,-135.83372217330748,-8.347960314722046,-0.023361262336287787,0.20601978961818954
3950.0,-811.3160259269229,843.0102645129206,-812.1758938853872,843.5185944084348,-135.80514016788922,-6.967249294495592,-0.021419270991562746,0.20619389741124217
3951.0,-789.5220794351304,863.4552021294606,-788.9976277224305,862.5573486990437,-136.5864335412367,-4.762094122311935,-0.018142824639479086,0.2077212280318668
3952.0,-767.21310571198,883.3368838805376,-768.2438410271702,882.293023818614,-136.97069388438592,-3.2181035272306153,-0.01592718956431189,0.20858696842495644
3953.0,-744.4036575220748,902.6423403916734,-744.9237641482513,901.7743499055304,-137.68174855676537,-0.9517796317987052,-0.012558810330335244,0.2100042474330181
3954.0,-721.1086141034458,921.3589781761547,-720.0244871786263,921.2795636075338,-138.49369206140713,0.965168584547688,-0.009746772310558,0.2116014364253216
3955.0,-697.3431714614077,939.4745878501161,-697.2978421993216,938.5462949862504,-138.63079359780036,2.9737026603022856,-0.006761556236074071,0.21209797290205498
3956.0,-673.1228324557861,956.9773520970597,-670.3983300253179,957.5586275031426,-139.77972867228598,4.914969169759724,-0.0039047781482323776,0.2142559974618514
3957.0,-648.4633966879669,973.8558533766198,-646.3262207141433,974.223454714756,-140.19399084281545,6.987427374248516,-0.0008104521590341456,0.21521012665328867
3958.0,-623.3809501943779,990.0990813725437,-622.2773878888067,990.512062170024,-140.32933772710516,8.736248780165253,0.001773397420721766,0.2157200633131458
3959.0,-597.8918549531193,1005.6964401750253,-598.4915108111855,1006.1267826404423,-140.2436983717897,10.668390847247109,0.00465726397005223,0.21587506903720993
3960.0,-572.0127382105893,1020.6377551927147,-572.206155074788,1020.9936966416923,-140.63000635792952,12.764996442139191,0.0078120407190165895,0.21681181333131638
3961.0,-545.76048163507,1034.9132797898849,-545.9563389819748,1034.0587402523086,-140.28167595035913,14.669496632723861,0.010683139678870038,0.2165789090549313
3962.0,-519.1522103043429,1048.513701644435,-519.9391621990945,1047.9686082762225,-140.73674607985515,16.76501060635323,0.013847899974755601,0.21762180731879682
3963.0,-492.20528153452597,1061.4301488225772,-490.8255652800508,1061.8259667309337,-141.24482023648736,18.35708593661587,0.016212055867557734,0.21878698588529188
3964.0,-464.93727355741197,1073.6541955662449,-464.4244558909516,1074.4284646024078,-141.5074954872515,20.73403424719078,0.019840744149039212,0.2195283802016126
3965.0,-437.36597405369946,1085.1778677894506,-437.5457700498764,1084.8135026093316,-140.7869743321774,22.686434450174026,0.022820900302288963,0.218710817703591
3966.0,-409.50936854959195,1095.9936482800047,-410.25592051062205,1095.2884389874696,-140.84581991632876,24.954875918374494,0.026302950768428684,0.21913869140651798
3967.0,-381.38562868434036,1106.0944816031995,-379.70411259418114,1106.6401418640546,-141.26041650570502,26.502134174741077,0.028626464768665278,0.22017270953511092
3968.0,-353.013100356375,1115.4737787042686,-350.8614818877156,1115.2857727378062,-141.09602340473157,28.928188962837492,0.032381768079275494,0.22026430470459774
3969.0,-324.4102917557672,1124.1254212066099,-324.96947172575625,1124.633849322461,-140.59147534616798,31.063185618847253,0.03566523515183414,0.21977839027514673
3970.0,-295.5958612908202,1132.0437654029715,-296.02447635855805,1131.490376248773,-140.15580515132032,32.52601706482969,0.03790943200796255,0.2194394881974796
3971.0,-266.588605416671,1139.2236459370015,-267.30790607357204,1138.4519261293444,-140.02871009331506,34.87311566870236,0.041559697542739846,0.21958890118746485
3972.0,-237.40744637383804,1145.6603791727516,-238.6109140524809,1145.6050643403926,-139.95751593596975,36.99834997063384,0.04485450869693567,0.21982704344961654
3973.0,-208.0714198447191,1151.3497662499449,-208.82692348932665,1151.6532428669007,-139.49454360016531,38.55049025128135,0.04725074479897397,0.21945496381645047
3974.0,-178.59966253608317,1156.2880958230078,-178.69597787634333,1155.9378884694486,-138.8735209725817,40.9819129640521,0.05106800029535176,0.21883558848042942
3975.0,-149.01139969566628,1160.4721464820852,-149.79144387246006,1160.070149316536,-138.56129554584493,43.306692729582664,0.054717394521703974,0.21869265932398024
3976.0,-119.32593257100608,1163.8991888544556,-118.40924633423231,1163.9140446636109,-138.5162182681631,44.83085723877079,0.05709610159689491,0.21900525353021894
3977.0,-89.56262581869991,1166.5669873849763,-88.78205544270186,1166.531880173725,-138.01690012774836,47.35972707273984,0.061088862381543554,0.2185734074310845
3978.0,-59.740894872302114,1168.4738017943992,-59.45384321256586,1168.6176020718933,-137.23991986789554,49.40351687824016,0.0643161111039024,0.2176959867602156
3979.0,-29.880193277095234,1169.618388214602,-30.83055678662736,1170.3322509012685,-136.67371060559142,50.85426969835677,0.06660405667146653,0.21714538534334954
3980.0,0.0,1170.0,-0.5577723436726173,1170.1333907214303,-136.08129690048312,53.367192992919634,0.07060593374609862,0.21657327961791592
3981.0,0.0,1170.0,0.7643327140434112,1170.4123695510395,-136.2335204618357,53.72735417823255,0.07117573142946472,0.21683174272513342
3982.0,0.0,1200.0,-0.9723690585101977,1200.3449234120565,-136.88556990661934,52.8224136239852,0.0693688906302436,0.2178482423084165
3983.0,-29.91683008568749,1199.6270184009795,-28.736136107931202,1199.2881003489904,-137.89358460254493,51.33476107213107,0.06701416094131776,0.219112525422226
3984.0,-59.815062792836684,1198.5083054627069,-59.97812745318989,1198.5158752852865,-138.0555242856851,48.970979067253715,0.06326154245604418,0.21898764061233195
3985.0,-89.67611230370922,1196.6445566174161,-88.20571857233794,1196.7609673168247,-138.99089962252614,47.18711679910106,0.060443929788608734,0.2201306341547293
3986.0,-119.48141591497986,1194.0369304384817,-120.09871796982031,1194.2831522311862,-138.98275518505838,44.905354745211376,0.056842738424381124,0.21972707918151907
3987.0,-149.21244557698213,1190.6870479202064,-148.12361969659918,1190.7950642322385,-139.82495478071797,43.03195608179677,0.053903850366833775,0.22072426125755315
3988.0,-178.8507194114093,1186.5969914701543,-178.42601987392615,1186.5605936222858,-140.24772211503927,41.004288161198865,0.050728576088396364,0.22102600369500783
3989.0,-208.3778132003164,1181.7693036146495,-208.9048251904907,1182.2693709171558,-140.3618423671703,38.84478636289401,0.047344176718288625,0.22083435861549325
3990.0,-237.7753718392771,1176.2069854182525,-239.1409806576341,1175.99319485105,-140.51860552499608,36.628163216867726,0.04389317556968344,0.22071355355439284
3991.0,-267.0251207475774,1169.9134946181885,-265.19003432020656,1170.1642194029573,-141.3427313708083,34.94841940093304,0.041291167559521016,0.22170616852178218
3992.0,-296.10887722835247,1162.8927434748935,-296.6439641210943,1163.2591383935376,-141.29322736568625,32.549042892745916,0.03755700758314937,0.22124216502564664
3993.0,-325.00856177160625,1155.1490963400145,-326.0184892298601,1154.5035917872976,-141.40312346579728,30.830344411830083,0.03492884293568321,0.22105732108913528
3994.0,-353.706209293085,1146.687366943369,-351.9479798341963,1146.640728960395,-142.04263498935762,28.940453672483834,0.03201728467270654,0.22175757752253578
3995.0,-382.1839803020213,1137.512815400558,-382.908250647139,1138.0105484308158,-141.77041927745816,26.89744125842837,0.02887142301457312,0.2209451631644525
3996.0,-410.42417199080245,1127.63114494309,-411.0820828104682,1126.932591492476,-141.5691313222802,24.37587870410614,0.024993903004304117,0.220279759275764
3997.0,-438.40922923967406,1117.048498373045,-436.76776225147506,1117.467097463069,-142.3238182951385,22.99227475261148,0.02290775257127359,0.22116630907865337
3998.0,-466.12175552963373,1105.7714542444892,-466.58512542902827,1105.3897062694173,-141.78368160893945,20.75483018051978,0.019494660418148502,0.21994148240519693
3999.0,-493.54452375673367,1093.807022774008,-491.60661503480736,1094.3853801254195,-142.32969045517063,18.96635636695419,0.016782985621703054,0.22050404496930087
4000.0,-520.66048694107,1081.162641482903,-521.602837515273,1080.8478935091287,-141.60442128515334,16.73866472088806,0.01340329748147377,0.21898238031154835
4001.0,-547.4527888237955,1067.8461705737625,-545.4624891954479,1068.4834890762857,-142.15587936431444,15.014275322586675,0.010810273041578652,0.21956784459677617
4002.0,-573.9047743455818,1053.8658880442742,-572.215627960068,1054.351969529501,-141.6875294528823,12.853298241310645,0.0075440395341592505,0.2184947975971031
4003.0,-600.0,1039.2304845413264,-600.5874867119518,1039.7256052858781,-141.42183943572834,10.83192263614662,0.004506049026178857,0.21772446941706894
4004.0,-625.7222440553977,1023.9490579585868,-626.8377020792213,1024.2061123096985,-140.88483479704456,8.758778961307076,0.0013966051997244791,0.2165483143145121
4005.0,-651.0555166389113,1008.0311077809257,-651.089547929094,1007.070851787189,-140.52856638148842,7.071000121438755,-0.0010797231816296556,0.2156842838222862
4006.0,-675.9840696763464,991.4865291791939,-676.1054224713486,991.0241465200446,-140.27170617422644,4.947054440154268,-0.004263564157906362,0.2149691093687313
4007.0,-700.492406681748,974.3256068590276,-698.4375098969322,975.1132812130639,-140.53823870722724,3.132132611128675,-0.006957242026286953,0.21511980860109794
4008.0,-724.5652923905727,956.559008667507,-725.4518836889771,955.6721690193045,-139.29652040162273,0.9471776727619392,-0.01019661104141058,0.21281270823549533
4009.0,-748.1877622304801,938.1977789616359,-746.1179326146612,938.7652520021567,-139.5721499540886,-0.6642181465726188,-0.012554168586617748,0.21299828975232482
4010.0,-771.3451316238471,919.2533317427736,-772.2519139584848,918.1670625821372,-138.11235078994775,-2.7932902873712666,-0.015690426673674155,0.21035488506285357
4011.0,-794.0230051162315,899.7374435612807,-791.2540677604032,900.4857038472452,-138.40189199878495,-4.526424464568436,-0.018232252266351247,0.21058298534690478
4012.0,-816.2072853251034,879.6622461957917,-814.2458068631391,880.4250098548615,-137.6399248120298,-6.885882765871109,-0.02174176400796994,0.20908869769939922
4013.0,-837.8841817032873,859.0402191116623,-839.0137273947172,859.6760941513563,-136.79844863171357,-8.568909652805628,-0.02416627308437001,0.20744611471266572
4014.0,-859.0402191116623,837.8841817032873,-860.0249564897514,838.2886872323403,-135.70473646740865,-10.820023415702215,-0.02748710092032535,0.20544809378726545
4015.0,-879.6622461957917,816.2072853251034,-880.0217627753003,815.145458468424,-134.8491920521158,-11.97716562373004,-0.02904531544818713,0.20384155221589603
4016.0,-899.7374435612808,794.0230051162315,-899.8059022975078,793.4817028173962,-133.96131657561594,-14.081804138630833,-0.03212963625112719,0.20218615868654283
4017.0,-919.2533317427736,771.3451316238471,-915.9113955284434,772.2900700266023,-133.720075443415,-15.855751499867218,-0.03469342781250375,0.2016049679612021
4018.0,-938.197778961636,748.1877622304801,-938.5486753343469,747.9097852415567,-132.12116429289284,-17.90441432501786,-0.03765539127966929,0.19878298367784422
4019.0,-956.559008667507,724.5652923905727,-954.4311274588773,725.2195117415077,-131.6117881551513,-19.563771578034437,-0.040018453207410175,0.19777777441540512
4020.0,-974.3256068590276,700.492406681748,-974.6127326935473,701.1239776069268,-129.94502269470397,-21.749755605607362,-0.04320245748963521,0.19487787122355418
4021.0,-991.4865291791939,675.9840696763464,-992.2349122834195,675.007159740736,-128.54520127672285,-23.282534997541138,-0.04532209969870968,0.1924341678870145
4022.0,-1008.0311077809257,651.0555166389113,-1004.8460920792298,651.7385167916605,-127.47106652383486,-25.4322037359464,-0.04845843331704235,0.19057018055549577
4023.0,-1023.9490579585866,625.722244055398,-1023.9698830699277,626.5243887316402,-125.76089430874208,-27.27818013290973,-0.05108759925880415,0.18761414839033919
4024.0,-1039.2304845413264,600.0,-1039.8997970293744,599.0899462092116,-123.48685828076233,-29.045385326846127,-0.05356420480622962,0.18379981442002136
4025.0,-1053.8658880442745,573.9047743455816,-1055.064434791858,572.9251551999392,-121.70955301548008,-30.885016568913375,-0.05617162937697858,0.18078542432921765
4026.0,-1067.8461705737625,547.4527888237955,-1067.5037672366057,548.2575238031447,-120.1039884033959,-32.97099679100996,-0.05918946619985817,0.17807774471756826
4027.0,-1081.162641482903,520.66048694107,-1082.2620940045774,520.0431139101689,-117.51625836464454,-34.661460396686714,-0.06153438147693387,0.17377849961947414
4028.0,-1093.807022774008,493.5445237567336,-1094.8897193275777,492.91391349060996,-114.85499927315661,-36.623785184694796,-0.06432526779501817,0.16938832404213366
4029.0,-1105.7714542444892,466.12175552963373,-1103.6686353673063,465.93382789897464,-112.53613915490315,-38.26491480051338,-0.06660678232484259,0.16559022839397206
4030.0,-1117.048498373045,438.4092292396744,-1117.4228599636467,438.4013643033983,-108.65649498439457,-40.43351907632658,-0.06972103389117684,0.15924713530673917
4031.0,-1127.63114494309,410.42417199080245,-1128.975168193746,410.1952349314485,-104.98746713296397,-42.20234145950793,-0.07219076244731386,0.15326621531227846
4032.0,-1137.512815400558,382.183980302021,-1138.6984717884952,381.8637010178681,-101.02779593047077,-44.24241291865965,-0.07509066148992957,0.14684512182798362
4033.0,-1146.687366943369,353.706209293085,-1148.1334945141389,353.27528169262536,-96.77369393423372,-46.09167660973642,-0.0776837344691831,0.13995895774944386
4034.0,-1155.1490963400145,325.00856177160625,-1154.5990100804,325.4974590507674,-92.46297624480428,-48.03778671810793,-0.08044087066435932,0.13301905447024365
4035.0,-1162.8927434748935,296.1088772283522,-1162.6586198524055,296.7317446068333,-86.98766626757327,-49.964244712999914,-0.08315463086541137,0.12420612216964881
4036.0,-1169.9134946181885,267.0251207475774,-1169.2560156122108,266.915200669254,-81.06631470499757,-51.25833932655716,-0.08484908400646554,0.11470120033307132
4037.0,-1176.2069854182525,237.77537183927743,-1173.668560531369,237.30073122516157,-75.32401130119524,-52.219391284562306,-0.08601595809944364,0.1055080003006691
4038.0,-1181.7693036146495,208.3778132003164,-1180.3897548779469,207.9314478474952,-69.07613197504936,-53.6601508864029,-0.08794931340707939,0.09548187722986862
4039.0,-1209.5397825002433,223.41332670470703,-1211.7111589150186,222.80875179045992,-70.35547544286015,-55.89798978811802,-0.0916931465753743,0.09713442321249158
4040.0,-1203.7407741560419,252.8006104308547,-1203.6540668195555,252.18977901021117,-77.5961431979212,-54.173594837520255,-0.08930851541635101,0.10875697884584386
4041.0,-1197.2278749354957,282.03796814868264,-1196.3925852463392,281.8676851824871,-83.6091108971799,-52.84691856118559,-0.08756050905549452,0.11841584533356297
4042.0,-1190.0049473806332,311.10806034176716,-1189.709494784295,311.77047868550864,-89.31911948899626,-51.75520588873075,-0.08618921307371828,0.1275854538859932
4043.0,-1182.0762751231073,339.9936466922287,-1181.6491217761495,339.55876934341313,-93.9463582066191,-49.4035662341928,-0.08278678476162858,0.13504864820331222
4044.0,-1173.4465603437427,368.67759630528025,-1172.9354074953956,369.66712313135935,-99.04370958658562,-47.99737195233275,-0.08091749324460182,0.14326805151369326
4045.0,-1164.1209209838596,397.14289786887844,-1163.9618688491971,397.726989653686,-103.04687694832523,-46.04380042248497,-0.07815193601207372,0.14974918893449943
4046.0,-1154.1048877100245,425.3726697424642,-1154.825129848479,425.0363862701529,-106.57253357629732,-44.04662070764042,-0.0753077832129531,0.1554723431290345
4047.0,-1143.4044006340337,453.3501699687848,-1143.3017328127619,453.096945165789,-110.09525879861717,-42.01301417485406,-0.07241485479652164,0.1612200611827788
4048.0,-1132.025805790066,481.05880620289173,-1130.5024407911956,480.9755257614177,-113.65795696727419,-39.99625197536847,-0.06954650628586598,0.16704702400779597
4049.0,-1119.975851371104,508.48214555239844,-1118.3163617810035,508.38119414011663,-115.96479083683143,-38.159574317525575,-0.06695897948188795,0.1708677067191551
4050.0,-1107.261683726848,535.603924323175,-1106.9642080397964,536.7117466814107,-118.75529789467656,-36.55159638358868,-0.06474676662459189,0.17544796615793895
4051.0,-1093.8908431254981,562.4080576647056,-1094.0748692392551,563.209263278599,-120.58347806525778,-34.700827902645166,-0.06212569146889606,0.17851546065065912
4052.0,-1079.8712592819234,588.8786491093673,-1080.5627960473566,587.997537517558,-122.75916275098712,-32.47579438106869,-0.05888802195597691,0.18214365236790184
4053.0,-1065.2112466548595,615.0,-1063.425378087295,615.330219435133,-124.68655146003884,-30.745926051031645,-0.056469593613675796,0.18542106826378724
4054.0,-1049.9194995159362,640.7566188001542,-1051.0425378673206,641.0590286991852,-126.3742749910643,-28.998510583852987,-0.05400359555036657,0.18825881599737831
4055.0,-1034.0050867934476,666.1332302815067,-1032.9948298880172,666.2376377094861,-127.98414692680159,-27.085299900602617,-0.051266987917688085,0.19104203655055824
4056.0,-1017.4774466939315,691.1147845829936,-1017.9857440035026,691.7884866137164,-129.48379871652628,-25.228013667246326,-0.04862394562329539,0.1936126223707161
4057.0,-1000.3463811047457,715.6864661362816,-999.9830894224599,716.0652525961432,-130.3981051040779,-23.30159103452101,-0.04585526567285251,0.19528826420376807
4058.0,-982.6220497809526,739.8337024523007,-983.3982940556016,740.4276578304033,-131.85307537555795,-21.363373891565335,-0.04306886299795842,0.19780703485027382
4059.0,-964.3149643199777,763.5421727636007,-965.2939884158368,763.7146204392101,-132.85152311164015,-19.76267725552288,-0.04080646997710738,0.19961783671645483
4060.0,-945.4359819275945,786.797816517436,-946.0711344763158,787.32010762666,-133.84580655651567,-17.565612674477844,-0.03759882885464255,0.2014357097380176
4061.0,-925.9962989789477,809.5868417145199,-926.9263566217072,810.0552694893572,-134.5701316202377,-16.124973442158034,-0.035584417214832895,0.20282297445598996
4062.0,-906.0074443784279,831.8957330885102,-906.6570692355685,830.8168594195846,-135.5011937117777,-13.802778821417528,-0.032142796316342974,0.2045530432106616
4063.0,-885.4812727223347,853.71126012138,-886.1555285253588,854.1598411827568,-136.25275279739367,-12.400412084495196,-0.030196741198634552,0.20600026845856567
4064.0,-864.429957268389,875.0204848899089,-865.4004829914834,875.4358292355788,-137.20311999148427,-10.367166545043787,-0.027221296865887118,0.20776701130507275
4065.0,-842.8659827162534,895.8107697386566,-843.7981669225654,895.6684846446692,-137.87001788266565,-8.427304427844302,-0.024381699199098873,0.2090929752431086
4066.0,-820.8021378033545,916.0697847748517,-821.090623866286,914.9785553297639,-138.5599905319793,-6.158531882308949,-0.021007325457183465,0.21046919948424897
4067.0,-798.2515077203902,935.7855151807618,-798.4856631529335,935.9367971161886,-139.13587024813577,-4.687309788927016,-0.01892247779028661,0.2116625828593802
4068.0,-775.2274663510212,954.9462683392067,-776.2709453104484,955.3763664502102,-139.75257253846348,-2.5500478638898962,-0.015758995668025192,0.21291615808534978
4069.0,-751.7436683403545,973.5406807679825,-751.318271148748,972.5839289331858,-139.86104735240096,-0.7545726772338464,-0.013112148707377341,0.2133943958372563
4070.0,-727.8140409969105,991.5577248590963,-727.6435165001575,990.7359970534402,-140.4829514644534,1.531504284529224,-0.009696052105666268,0.2146741310507865
4071.0,-703.4527760328937,1008.9867154187986,-703.1817865821023,1008.1183719323038,-140.72836579126093,3.1967827338111565,-0.00725856061096364,0.21536430222563863
4072.0,-678.6743211476485,1025.8173160045499,-679.4979298233842,1025.1369763315379,-141.36396960236118,5.391408295828229,-0.003974131933033542,0.21666595266068797
4073.0,-653.4933714593036,1042.0395450551541,-650.9042668682044,1042.8602853814473,-142.1865774202263,6.694675081262253,-0.002116975307457643,0.21832535947957304
4074.0,-627.9248607896801,1057.6437818104264,-625.4336200220587,1058.215195549679,-142.50139559629645,9.186745582976128,0.0016612269130892188,0.21913834648946998
4075.0,-601.9839528076352,1072.6207720168834,-603.423976091664,1073.1145850388948,-142.19160917828003,10.837371562026911,0.004105807331839815,0.21891485760428372
4076.0,-575.6860320360908,1086.9616334160746,-576.8823877946396,1087.469719883586,-142.54124594926233,12.972754723580657,0.007328568240403243,0.21979637591999376
4077.0,-549.0466947280852,1100.657861012297,-549.2240490920384,1099.8702482041917,-142.3527491540531,14.820985713403767,0.010118250286535438,0.21983510487659397
4078.0,-522.0817396172525,1113.7013321165703,-523.0220874365492,1113.1656482601322,-142.43607965034025,17.05146020743031,0.013505332294389475,0.22028862419409764
4079.0,-494.80715854822284,1126.0843111638817,-495.3605281820501,1125.0225073709573,-142.37445554558002,18.79374095993373,0.016133047602672725,0.22052931675099288
4080.0,-467.23912699249195,1137.799454300842,-467.85691912222165,1136.9272247838928,-142.8552895507656,20.97726804577681,0.019462442142350198,0.2216314237923206
4081.0,-439.3939944553934,1148.839813741034,-440.0691810566381,1148.0447343626715,-142.54160954026253,22.520016627182105,0.021781646930933304,0.22147250222434725
4082.0,-411.28827477985305,1159.1988418854687,-411.6658996628219,1158.4276598950084,-142.69614564295955,24.89814836316101,0.025439401734665506,0.22206630828732635
4083.0,-382.93863635268747,1168.8703952057065,-383.1714385853515,1169.299103445208,-142.71708432008228,26.602062161002657,0.028018122495728284,0.22244860411877254
4084.0,-354.36189221924224,1177.8487378873394,-354.9358943094767,1178.0224107348947,-142.65811411960007,28.859304569298814,0.03150380125837666,0.22270055007449624
4085.0,-325.5749901122441,1186.128545231676,-326.34434727701654,1186.4258075255418,-142.31864313668257,30.690580319541738,0.034315450964012825,0.22251042512566457
4086.0,-296.5950024007722,1193.7049068136087,-297.4541113483822,1194.2527596754164,-142.26142199823897,32.699789885166844,0.037417350834138864,0.22277317279099065
4087.0,-267.4391159653151,1200.5733293937903,-267.2883026999922,1200.8244553874306,-142.12568608411476,34.60635545566377,0.04037126080377192,0.22292658221425726
4088.0,-238.124622004912,1206.729739583399,-236.91910179866997,1206.8042856692753,-141.9350037363287,36.902755116089416,0.043952859557250375,0.2229950326117021
4089.0,-208.6689057824301,1212.1704862599004,-207.44895342688483,1212.2624507104138,-141.60485527327242,38.896010576013005,0.04705837815098403,0.2228305051208174
4090.0,-179.08943631405597,1216.8923427323857,-177.59385544948873,1216.8076396870404,-141.23659649444576,40.97413321533765,0.050310148248891,0.22261003764593276
4091.0,-149.40375600911372,1220.8925086551924,-149.36816145968365,1220.5089260423604,-140.60384158699713,42.737576927317626,0.053071426531569224,0.22194865624162782
4092.0,-119.6294702663588,1224.16861168868,-118.64362509298383,1224.5280875970486,-140.40186185567987,45.03079195556713,0.0566719690422304,0.22200347807854728
4093.0,-89.78423703291627,1226.7187089061686,-89.85049996171416,1226.6778703710827,-139.56770794066,46.8407668099942,0.05952630516045944,0.22102850951215028
4094.0,-59.8857563320509,1228.5412879462124,-60.38742588893755,1228.303052278933,-138.9318343242753,49.06008855297856,0.06303856185879651,0.22037731868872007
4095.0,-29.95175976598705,1229.6352679095214,-28.792128008010973,1229.5705085788059,-138.57451945719342,51.06233547953488,0.06620971431239682,0.2201955811713534
4096.0,0.0,1230.0,1.5481509592728433,1229.5291931603424,-138.20866195387757,53.228824386713875,0.06965829448851885,0.21998487744356215
4097.0,0.0,1230.0,-0.4626936903462676,1230.5992354748864,-137.88326644535715,53.03652692462333,0.06933913879296452,0.2194423676472814
4098.0,0.0,1260.0,-0.7313243062375224,1260.2300886816968,-138.88303329897835,52.95899838956682,0.0688528600417493,0.2210302561023487
4099.0,-29.985098908095384,1259.6431613133427,-29.80843127578166,1259.2484573663003,-139.469223973484,50.91025681109104,0.06560420856051508,0.2216071009965473
4100.0,-59.95321393791543,1258.5728473705901,-59.41276643724235,1258.9190168532405,-140.2457494635856,49.03752594437438,0.06262769946435384,0.2224804162088285
4101.0,-89.8873708310328,1256.7896644089194,-88.76921988597003,1257.0409759111517,-140.8831307839277,46.450758719099014,0.05853373187551528,0.22313531239752427
4102.0,-119.77061456327014,1254.2946224420866,-120.28754066803145,1254.6460851882784,-141.1431706620661,44.91275826772968,0.05611525829409717,0.2231631746980368
4103.0,-149.5860189482044,1251.0891346883432,-148.0060403060064,1250.7378936985085,-141.81657488150998,42.67454750409835,0.05260089874211262,0.22389546308718217
4104.0,-179.31669622433938,1247.1750167699752,-180.00549216865588,1247.773673932352,-141.92610037609222,40.87965005694792,0.04978053345060205,0.22367788190690943
4105.0,-208.94580662051143,1242.554485684915,-209.40422730162587,1242.9085286260704,-142.262271560728,38.30414049636905,0.045741065977715545,0.223852869452895
4106.0,-238.4565678941168,1237.2301585510104,-239.02814322379209,1236.4521472266356,-142.38086957337305,36.92282142152868,0.04362169951807906,0.22367882075779913
4107.0,-267.8322648367504,1231.205051123661,-269.3425123464929,1231.9533793990552,-142.76835246780192,34.48211427101103,0.03979228972916982,0.2239242596816734
4108.0,-297.05625874187837,1224.4825760876624,-298.4166163389032,1223.7451270964555,-142.91475648717042,32.783029407480335,0.037188638424802155,0.2238011991525422
4109.0,-326.1119968291761,1217.066541124226,-327.0846633162643,1216.889860645445,-143.2338488840932,30.371623656756753,0.03343472323677181,0.22395795368168114
4110.0,-354.9830216202013,1208.9611467542668,-353.40679519896327,1209.3894622088828,-143.99599105784384,29.040262760444183,0.03140765373607146,0.22484857418952112
4111.0,-383.65298026008264,1200.1709839591845,-384.6068258108194,1200.5358204648553,-143.63668620513258,26.264184102376756,0.027097817637885966,0.22389461682718675
4112.0,-412.10563377995123,1190.7010315804823,-413.0397244820463,1190.0368384092292,-143.69184115075018,24.967940464507976,0.025163362562111137,0.22363418171082863
4113.0,-440.32486629486385,1180.5566534996997,-438.52567383914817,1180.8538716218372,-144.11691390713915,22.592558328033505,0.021495288019709905,0.22399858028399255
4114.0,-468.2946941320126,1169.7435956002516,-468.84918687794334,1169.9982186475272,-143.7819083557231,20.8084298733456,0.018788708280437567,0.22309403114774448
4115.0,-495.9992748840462,1158.2679825128987,-493.75424567087094,1158.647657216936,-144.03198375534905,18.846496027130893,0.015805203601904096,0.22318702692832032
4116.0,-523.4229163823769,1146.1363141466932,-523.5994872229907,1146.640379657957,-143.773031284057,17.038726562806747,0.01307510194224478,0.2224093774063855
4117.0,-550.5500855853929,1133.35546200736,-550.7770325057359,1132.3951714671182,-143.2162428287273,14.878258570302927,0.009811071016510542,0.22119037839738723
4118.0,-577.3654173765369,1119.9326653052035,-576.3726504907471,1120.6130053472277,-143.9792470020889,13.188291924387267,0.0072657014317624455,0.2220912684162128
4119.0,-603.8537232672714,1105.875526854742,-604.5065663002714,1105.0458571025054,-143.069526322709,10.815033667592287,0.0036791940459674137,0.2202988476829785
4120.0,-630.0,1091.1920087683927,-627.2141947852425,1091.7027078953324,-143.55254038334158,9.441992988546124,0.0016573451209558224,0.22078948872628573
4121.0,-655.789438046071,1075.8904279466467,-656.9859795477969,1076.474278198403,-142.672979349013,6.912323868562882,-0.0021822461620017272,0.21902500962233568
4122.0,-681.2074299940527,1059.9794513672882,-681.160420566259,1059.2196353040633,-142.35238940788108,5.39894190052749,-0.004379551228567047,0.218218711160646
4123.0,-706.2395788235266,1043.468091176327,-704.248623140199,1044.0811761197372,-142.41944082010488,3.1683261892944343,-0.0077442860954409,0.21804266620705176
4124.0,-730.8717060597097,1026.365699583423,-732.3020786232181,1026.8585244365531,-141.83230618381296,1.465957501275729,-0.010242764664142033,0.21676464250255242
4125.0,-755.0898598042971,1008.681963564694,-752.6388605433108,1009.5579875175027,-141.62651126975723,-0.5249944259904046,-0.013199583864669458,0.21618804570774375
4126.0,-778.8803226379626,990.4268993759121,-780.0369301603381,990.7917784066634,-140.9714607707883,-2.3731702688042975,-0.01591121782166758,0.21480995704357125
4127.0,-802.2296193900507,971.6108468791886,-802.2409739211607,970.5526352548295,-139.8679109890368,-4.341316048281402,-0.018795750879848704,0.2127816706948704
4128.0,-825.1245247710591,952.2444636863655,-822.266471276176,953.0368651715607,-140.28658281010112,-6.0982258100628135,-0.021377444450364776,0.2132027558705935
4129.0,-847.5520708635778,932.3387191224341,-847.814563958609,931.1527049133587,-138.61463086623496,-7.990322331435716,-0.02412079487521445,0.21022887490782394
4130.0,-869.499554467461,911.9048880123886,-867.7603895124539,912.4911225023129,-139.05644107473685,-9.847208184403916,-0.026847572604270908,0.21068776170929326
4131.0,-890.9545442950499,890.9545442950499,-891.6121326765174,891.3087402131786,-137.65728506741416,-12.178469081836417,-0.030298469497666698,0.20816882411061752
4132.0,-911.9048880123886,869.499554467461,-912.4097789929616,868.4286213683832,-136.81150140584728,-13.446123371795478,-0.03203579176667735,0.20656800939515366
4133.0,-932.3387191224334,847.5520708635783,-930.057137058146,848.3612849190405,-136.51592586345862,-15.68485843152017,-0.035353085151873735,0.2058814595934037
4134.0,-952.2444636863655,825.1245247710591,-953.2699973097965,825.6759705421573,-135.39061163061,-17.46198943850406,-0.03790365056496536,0.20380617909675006
4135.0,-971.6108468791881,802.2296193900514,-972.243574596032,802.8606096106629,-134.18625415646645,-19.519728697904906,-0.04089922520587608,0.20165701575786502
4136.0,-990.4268993759121,778.8803226379626,-991.5452579490196,777.5647264279305,-133.16392872327822,-20.903551739507922,-0.04279184998514698,0.19979354710407318
4137.0,-1008.681963564694,755.0898598042971,-1006.7814955104626,755.786361043863,-132.54867638653147,-23.034260334928614,-0.04591625898761121,0.19862774480958242
4138.0,-1026.3656995834228,730.8717060597099,-1027.6740318674476,731.3634883743448,-131.23261457772983,-24.995451732794674,-0.04873848578179453,0.19627729706076127
4139.0,-1043.468091176327,706.2395788235266,-1041.0076944421207,706.7598841655941,-129.94803757314799,-26.771860793771122,-0.05126440893859941,0.19406953225632542
4140.0,-1059.979451367288,681.2074299940533,-1060.683388916025,681.8358261249095,-128.5220692148904,-28.633444153096196,-0.05392196661208389,0.19155906543079368
4141.0,-1075.8904279466465,655.7894380460713,-1076.6120328906525,654.777449751139,-126.42243407937372,-30.55009851963284,-0.056641033577032866,0.18802231465509683
4142.0,-1091.1920087683927,630.0,-1092.060907700565,628.9666788001281,-124.9721174652171,-32.166523129199845,-0.05889754943289803,0.1855248621225003
4143.0,-1105.875526854742,603.8537232672714,-1103.82301355672,604.1258545346958,-123.52398670909606,-34.181350533662254,-0.06180002194100002,0.18307604025037438
4144.0,-1119.9326653052035,577.3654173765373,-1117.7442614070442,577.717229742481,-122.01334964706031,-35.93218780320678,-0.06426314028958671,0.18050129354921401
4145.0,-1133.3554620073596,550.5500855853935,-1131.2624506470909,550.557372644629,-119.30781135972529,-37.949190226003346,-0.06714067331469524,0.1760297387307897
4146.0,-1146.136314146693,523.4229163823771,-1146.2418899436364,524.4652612397114,-117.29742482155939,-40.09893125071619,-0.07024254303867901,0.17264665639335824
4147.0,-1158.2679825128987,495.9992748840462,-1159.6382957527637,495.1553361950557,-113.51989291884298,-41.831122748874094,-0.07264045357494422,0.16647046222479953
4148.0,-1169.7435956002516,468.2946941320126,-1170.4772399278472,467.78996994070604,-111.13973903997548,-43.63495902542193,-0.07517620527623506,0.16254958541812672
4149.0,-1180.5566534997,440.32486629486357,-1181.585702092339,439.6967127911066,-107.23189690280428,-45.663805875317344,-0.07806115796744086,0.1561940164538246
4150.0,-1190.7010315804823,412.10563377995123,-1191.9049508290384,411.69320263120113,-104.19053460099367,-47.26610518477357,-0.08026833829234882,0.15122715845383294
4151.0,-1200.170983959184,383.65298026008327,-1200.3144010297938,384.68053886819644,-100.17574088780941,-49.93772277675166,-0.08418952639021778,0.1447344254958895
4152.0,-1208.9611467542668,354.98302162020155,-1207.9790775645686,355.8988757197519,-96.21847872363448,-51.50839438408436,-0.08633683964526968,0.138342378064914
4153.0,-1217.066541124226,326.1119968291761,-1216.1489816578462,325.4612569334867,-90.7416097870423,-52.61021162168121,-0.08771766755121281,0.12952561383187464
4154.0,-1224.4825760876627,297.0562587418781,-1223.9668871723445,296.3367647362951,-86.02570912028087,-54.3762707406954,-0.09017175107123071,0.12192427913267667
4155.0,-1231.205051123661,267.83226483675077,-1229.4568591342859,267.33207106721625,-80.24813259840938,-55.766515439853755,-0.09202917453451968,0.1126617449695214
4156.0,-1237.2301585510104,238.45656789411746,-1237.3011680165707,238.1287232637759,-74.23468684477369,-57.405965077407494,-0.0942807870638998,0.10299497976438805
4157.0,-1242.5544856849149,208.94580662051172,-1245.0321191035025,208.44226302808215,-66.49008361532047,-59.212293258677846,-0.09679207837971328,0.09057438015363062
4158.0,-1259.0852684486035,230.44367375935428,-1258.5307377578147,229.41518159006716,-71.72731468552765,-58.82660289263737,-0.0964350878617833,0.09874437506655563
4159.0,-1253.3597068337563,259.7873077838876,-1254.9928864524888,259.00998885101166,-77.3286792376112,-57.84051238227127,-0.0952281228728205,0.10770255160075147
4160.0,-1246.9503734587818,288.98921455826803,-1246.080722653936,288.2696311764518,-84.14838568527726,-56.21164823183043,-0.09299404710691461,0.11866559854483082
4161.0,-1239.860764942519,318.033462950287,-1239.2533149731455,318.7017264829941,-89.15846587965376,-55.33353217297692,-0.09196918303879005,0.1267230039036944
4162.0,-1232.0947490286553,346.9042078384394,-1233.9066669165197,346.4757815594376,-93.78284971853232,-53.300405356688,-0.08907350931037603,0.13414841962451224
4163.0,-1223.6565624756738,375.5856987562459,-1221.8786517469352,375.08948359162054,-98.53975819426425,-51.2916180289171,-0.08622685621454981,0.14186658137746988
4164.0,-1214.550808745486,404.0622884849393,-1214.2348283576682,404.90511593132095,-103.14986124280357,-50.09586309826457,-0.08468890437554492,0.14929740195852884
4165.0,-1204.782455492007,432.31844158981875,-1204.3354426620363,433.29291919113876,-106.41272738758225,-48.23216359645807,-0.0820703991504289,0.15461165222246925
4166.0,-1194.3568318510488,460.33874289562647,-1196.0635703467826,459.7312564481261,-109.73854865108406,-45.94497344810818,-0.07875401257055778,0.16000616655757033
4167.0,-1183.2796255330006,488.1079058963105,-1181.5479657344797,487.9988078927093,-112.9618230932079,-44.01488259413862,-0.07602836950596983,0.16531393937752004
4168.0,-1171.5568797198964,515.6107810945967,-1171.537833245725,516.6510227958067,-116.02096275911136,-42.34750248520743,-0.07372555454108486,0.1703053051929144
4169.0,-1159.1949897685472,542.8323642668131,-1160.5157327975276,542.146572005758,-117.74068776280569,-40.40584439844124,-0.07094755301755647,0.17317731990905086
4170.0,-1146.2006997215483,569.7578046484603,-1144.8279972186947,569.7616380544472,-120.9683333510785,-38.219667121426106,-0.06780634478116207,0.17850640468031465
4171.0,-1132.5810986280608,596.3724130360619,-1133.0984011180417,597.1519022055621,-122.45408567292414,-36.849056268128145,-0.06596039767957043,0.18101470498786615
4172.0,-1118.3436166763695,622.661669800878,-1119.8480651462219,621.4437196331502,-124.30186153653308,-34.53367425244384,-0.06257285397916915,0.18411780811723624
4173.0,-1103.4960211403395,648.6112328101011,-1103.8163723793389,649.2792677337957,-126.08088053789173,-33.086196910486706,-0.06061002344174502,0.18714554450283355
4174.0,-1088.04641214197,674.2069452512235,-1088.7917511644123,673.209828331788,-127.55271212474118,-30.595405301830468,-0.056938882400880034,0.1896720433557074
4175.0,-1072.003218232362,699.4348433553041,-1069.7397836794287,699.9853308015134,-129.4652425555302,-29.196156292279397,-0.055039827288367135,0.19294925900337115
4176.0,-1055.3751917935158,724.2811640149148,-1055.9769905492406,725.0426146744753,-130.73903973749296,-27.261753009211898,-0.05226800471984444,0.19514512273752363
4177.0,-1038.1714042634578,748.7323522926199,-1038.2830556968913,749.5068287492564,-131.6560777714915,-25.618362157194753,-0.049952079510621396,0.19682133123878165
4178.0,-1020.4012411873085,772.775068815888,-1020.9785236868921,771.9050218633765,-132.8564639196218,-23.30428178146771,-0.04654341626895859,0.19894373326379183
4179.0,-1002.0743970969875,796.3961970543992,-1002.5671349061785,796.9399303170873,-133.91982390809576,-21.98023989599164,-0.04474274000427489,0.20086160702722294
4180.0,-983.2008702223497,819.5828504757857,-984.0577970923413,818.3528613970678,-134.92940215282647,-19.612894287400255,-0.04123723603415621,0.20269508406615705
4181.0,-963.7909570366436,842.3223795758905,-962.8928674783429,841.3440861299044,-135.5274734603077,-17.95018936178998,-0.038872531861587345,0.20390615043402535
4182.0,-943.855246639256,864.6023787797194,-941.2587107991409,865.5418313733138,-137.34092649764622,-15.97366713199181,-0.036023148161086906,0.20705730351353516
4183.0,-923.404614978817,886.4106932093176,-920.6509414000062,887.1675835588936,-137.9389969538342,-14.315966363124312,-0.033649685446091995,0.208261545000492
4184.0,-902.4502189198171,907.7354253148736,-903.1903043045754,908.2668320191779,-138.5120272466403,-12.444686856064259,-0.030929853535030197,0.2093873909857236
4185.0,-881.0034901559651,928.5649413654428,-878.9395805281109,929.1771485924802,-139.17422608818833,-10.716822886362152,-0.02843596069714106,0.21073831113133515
4186.0,-859.076128973616,948.887877795742,-856.3799316108729,949.679417091389,-140.27937585529284,-8.369301982723668,-0.02495085586498336,0.21277349902251744
4187.0,-836.6800978686675,968.6931474055531,-835.9208107820155,967.7589846651049,-139.9426348004182,-6.796097136072792,-0.022668442560170508,0.2124881212860186
4188.0,-813.8276150204052,987.9699454083607,-814.0774812479491,986.6344358849892,-140.81155854954122,-4.828626270244443,-0.019768282562328102,0.2141385710486616
4189.0,-790.5311476258643,1006.707755325911,-791.8549821368929,1007.2576159687916,-141.18436792838241,-3.483869903988181,-0.017880607859886762,0.21500407394713475
4190.0,-766.8034050983346,1024.8963547254912,-767.4951061658403,1023.8813393693023,-141.80221034049953,-1.0204269693486816,-0.014163506948659704,0.2162857354266938
4191.0,-742.6573321337269,1042.5258207967875,-742.9845190363809,1043.0498687033066,-142.13822048283623,0.3683477241682192,-0.012187959834247248,0.2171206926731376
4192.0,-718.1061016485797,1059.5865357652858,-718.7303790553806,1060.0049225620157,-142.75800106459857,2.8834966551569408,-0.008392624069088354,0.2184041438996909
4193.0,-693.1631075935611,1076.0691921392588,-692.1014935262264,1076.6518759350868,-143.30185789176986,4.245982154161308,-0.006428035834856122,0.21959584216213518
4194.0,-667.8419576463832,1091.9647977874774,-666.5529562198471,1092.5883156515222,-143.95169483160876,6.4507047713974535,-0.0031142839529260478,0.22094298201720886
4195.0,-642.1564657881186,1107.2646808448796,-642.119318258521,1106.2848265374423,-143.31002430057515,8.289090083357921,-0.00035614365311174395,0.22022096974995514
4196.0,-616.1206447669689,1121.960494443514,-617.4291002124224,1121.374607696305,-143.79670978769573,10.551319667468563,0.003059502413606837,0.22129793419060612
4197.0,-589.7486984535936,1136.0442212661846,-590.8038978550959,1136.2102122540175,-143.9028624732057,11.998175782405857,0.005180554193414873,0.22179295956777295
4198.0,-563.0550140921741,1149.508177920306,-563.008349741572,1148.4122998622097,-144.17400472715906,14.504135370196801,0.009019474113363308,0.22256490719142924
4199.0,-536.0541544514349,1162.3450191295858,-534.3352596859162,1162.834173276274,-144.6779135903247,16.019634068888653,0.011254840912374834,0.22371806161187266
4200.0,-508.76084987991163,1174.5477417412499,-509.85553170967495,1174.9329196622018,-144.476642973565,18.019094917269687,0.01428890866899978,0.2236975320407206
4201.0,-481.1899902697912,1186.1096885466193,-481.816532301109,1185.2875673650444,-144.12579371275444,19.938410756385437,0.017216781610993524,0.2234825309644237
4202.0,-453.3566169337164,1197.024551912957,-451.55679774762484,1197.1711431689707,-144.8519545560891,22.2710855017597,0.020783810944032723,0.22500884198954643
4203.0,-425.27591439897947,1207.286377224605,-423.2972816020468,1207.7281841443412,-144.7181377154773,23.787073949630948,0.023067289701099346,0.2251419594006036
4204.0,-396.9632021235891,1216.8895661315312,-397.89195339779775,1217.2240546514467,-144.3338616220204,25.85107011028354,0.02623594594751858,0.22484150336804082
4205.0,-368.43392613872084,1225.8288796035145,-370.08981841665315,1226.5440285567101,-144.20206740019327,27.5707540145691,0.02885876641916929,0.2249722383421612
4206.0,-339.7036506221199,1234.099440788304,-341.1308984652433,1233.87884034962,-143.98523232181842,30.172501367701113,0.032909746697400356,0.22498179370358654
4207.0,-310.7880494070451,1241.6967376721918,-309.32619864995655,1241.9639873833094,-144.12558505273785,31.657824300674065,0.03517469298972533,0.2255946833084149
4208.0,-281.7028974313942,1248.616625541546,-279.62243918694236,1248.6020398486778,-144.0064938825543,34.12689697577962,0.039023048152228,0.2257689249605897
4209.0,-252.46406213166662,1254.8553292439642,-253.00855819049335,1254.1850511687542,-142.94428187732424,35.446855769083164,0.041055452830371694,0.22440430152670393
4210.0,-223.0874947864687,1260.409445247812,-224.21223954077286,1260.0623006106196,-142.8446933523566,37.8966898531445,0.04488250635823521,0.22459846919975116
4211.0,-193.58922181427383,1265.2759434990235,-191.65583637001126,1265.2182223140696,-143.1769830433404,39.724383788264376,0.04772822716734252,0.22552604205474383
4212.0,-163.98533603019467,1269.4521690741499,-162.54406870097844,1269.3103447000483,-142.64725259751648,42.06852884444243,0.05140893378564861,0.22503948089401948
4213.0,-134.29198786652768,1272.9358436287575,-134.9552961652183,1273.1117242928076,-141.8134626882787,43.4463295452483,0.05355521631419132,0.22405034198725357
4214.0,-104.5253765618698,1275.7250666403788,-105.05227718386516,1275.9833095330955,-141.54613212618142,45.86668812177806,0.057372168402752735,0.2239910936455037
4215.0,-74.7017413236034,1277.8183164453471,-75.38578715056128,1277.6198897265747,-140.93735739934388,47.40155978998711,0.05979494937959384,0.22338552327406092
4216.0,-44.83735246858157,1279.2144510689395,-45.55222314833727,1279.1381222228986,-140.30503311531416,49.82954527326951,0.0636406145415972,0.2227445187686353
4217.0,-14.948502546836329,1279.9127088483835,-15.323276366248765,1279.6852947022408,-139.7394301148337,51.576344985060835,0.06641403142231786,0.22221454672625138
4218.0,0.0,1280.0,1.7717452754417087,1279.303435241317,-139.74666264159734,53.19897411634559,0.06900120251526505,0.22243541991637975
4219.0,-869.1988751987504,37.32713963361234,-869.2670611868529,37.274447584377036,-21.25341342269122,-30.97158968447511,-0.04974931508532613,0.023179967922028543
4220.0,-1214.621460806415,193.8935454018273,-1212.6848240365714,192.98899694631768,-64.47651516421136,-56.257511752125076,-0.09190014182399887,0.08776584287628394
