op_index,id_req,iq_req,id,iq,ud,uq,psi_d,psi_q
1.0,0.0,0.0,0.013906471350109995,0.04718558888571378,0.19853205490758927,65.68087769132835,0.10453378563126403,-0.00031580326682998906
2.0,0.0,0.0,0.05015776780992473,-0.011858568192934476,0.025975944587333932,65.74006338472573,0.1046287057000991,-4.072771900391947e-05
3.0,0.0,0.0,-0.04224650258188702,-0.10183803335307412,0.2741258604736205,65.72912888071552,0.10461240487253302,-0.00043680224900797073
4.0,0.0,0.0,-0.011684571974098777,0.03596723397107344,0.23824930873814545,65.62623920508742,0.10444696317046931,-0.0003793286523750045
5.0,0.0,20.0,0.056676182664367226,20.099281244647006,-11.985759631343845,64.39970120940228,0.10224915245904662,0.01907662303206818
6.0,-15.636629649360598,12.469796037174667,-15.577871644216259,12.47821824130835,-6.456523285687346,62.688287843555145,0.099618688442415,0.010085094189637253
7.0,-20.0,0.0,-19.97998795709352,-0.021457146451708497,1.2309762505724309,62.95758862925326,0.10020037714000807,-0.0022038539215451587
8.0,-19.498558243636474,-4.45041867912628,-19.49141136436828,-4.4482507860479865,3.933078861269916,63.495363444207236,0.10111048716231992,-0.0064984002096088855
9.0,-8.677674782351165,-18.01937735804838,-8.647301339170545,-18.05333237932558,11.357738873486328,66.39781990076,0.10589651114919305,-0.018182306105530743
10.0,0.0,-20.0,-0.07499592239901674,-20.002519352116977,11.818911201568227,67.85005660503145,0.10823168928941204,-0.018811299869964604
11.0,0.0,-30.0,-0.0867423589247658,-30.07132826557974,18.018054467107188,68.0604058471659,0.108689782935631,-0.028677686664707665
12.0,-23.454944474040897,-18.704694055762,-23.396166011235902,-18.681260206436548,12.02699691355565,63.612853954081295,0.10147179039669142,-0.01942809230385668
13.0,-30.0,0.0,-29.939194412661404,0.05539371330751385,1.2834549862276012,61.30446670534143,0.09756841069237199,-0.0024093465546897357
14.0,-29.24783736545471,6.67562801868942,-29.201645751957784,6.6776565004986495,-2.8040675754377027,61.09928223965888,0.09716074680008267,0.004105180390635683
15.0,-13.016512173526749,27.02906603707257,-13.078053867581595,27.08691734689795,-15.321433393258806,62.61912373271301,0.09932969799953856,0.02422465202698298
16.0,0.0,30.0,0.07604233704022882,29.97311663819471,-17.945522692402655,64.36791247537415,0.1020776345232978,0.028562117717075383
17.0,0.0,40.0,0.13670392310879206,39.90875382142749,-23.38937073179281,64.4247824660366,0.10204646444553461,0.037227013886974934
18.0,-9.572626571502306,38.83767269704208,-9.607717246394417,38.84573251389302,-22.241361865773438,63.018223352386315,0.09982087488176522,0.03528056136786615
19.0,-26.524906329631808,29.940429926844036,-26.527898442730436,29.977760474767734,-16.423613234666366,60.871367417139744,0.09651265335274183,0.02581410584471557
20.0,-37.40064970741659,14.184195481701428,-37.368477549240296,14.190394947182066,-7.429067565331053,59.671067024696136,0.09479566338353607,0.011366077525087913
21.0,-40.0,0.0,-39.94656462434531,-0.022129225056260582,1.0066518514034826,60.11869264382066,0.09568214208088315,-0.002091360674475587
22.0,-39.70835496392216,-4.82146721021291,-39.81011926901945,-4.885624955374015,3.9238931249222175,60.18793673021787,0.09585191056745018,-0.0067326233206325735
23.0,-32.91935463574626,-22.722589869246224,-32.86907370314943,-22.766360522114727,14.018828835257944,62.19477046647186,0.09926487054173216,-0.02271420570883978
24.0,-18.588926881750734,-35.4182410261284,-18.59391652585832,-35.45309435113308,21.20999106908327,64.99582463627841,0.10387826079668554,-0.033984468407051924
25.0,0.0,-40.0,-0.13628437323019324,-40.021262266975214,23.254819462169564,68.06893221603819,0.10882520964494008,-0.03701286375216065
26.0,0.0,-60.0,-0.03621295566676161,-59.95294728037922,33.257068149878585,67.51021932999598,0.10818009327474341,-0.05293071138705774
27.0,0.0,-60.0,-0.22359178998090165,-60.04151936112199,33.259753246817816,67.5497779115285,0.10824413745253941,-0.052937279675063766
28.0,-9.875675416844077,-59.181678204163326,-9.888130833331354,-59.20959309224094,32.95187690934176,66.0958742174942,0.1059199892772426,-0.05256564061283422
29.0,-14.35893985725343,-58.25650904556313,-14.468946820454311,-58.26802289643351,32.58244350294549,65.37793745981269,0.10476582605447464,-0.05203377021424275
30.0,-28.55684358222445,-52.76842507238933,-28.514318608650417,-52.751009353810275,29.84411480194379,63.23333485106567,0.10128501827779102,-0.0478475980157465
31.0,-39.78735949444767,-44.9106448902661,-39.68080985671667,-44.90657246790815,26.131771686457217,61.247207378464786,0.09802792762331128,-0.0420759761582964
32.0,-44.14343464038793,-40.63689429754443,-44.045094809736035,-40.66185773197548,23.77165118188054,60.73918777234166,0.09716740440207458,-0.03837317699175783
33.0,-54.94639959930347,-24.101725479178132,-54.96075457289973,-24.108410435105768,14.37806977914078,58.48939021497673,0.09338401076000259,-0.02355651164492418
34.0,-56.10097456112488,-21.27629322255217,-56.146629062201974,-21.297285429663486,12.78661808198756,58.20020288243615,0.09288932705379024,-0.021038160974683775
35.0,-59.79506958040019,-4.954760728339902,-59.85533197451381,-4.969532533053047,3.2470799902429177,57.089544634260676,0.09092169400419323,-0.005900934937491298
36.0,-60.0,0.0,-59.8787559921082,0.018492042693024683,0.27417547772467693,57.02747176330697,0.09076181376009271,-0.0011696973257245098
37.0,-60.0,0.0,-60.00080443998851,-0.013558177058894907,0.37872589961526354,57.019881266286085,0.09075012562705052,-0.0013375892142169377
38.0,-59.56253244588324,7.2322008153193655,-59.689077281830556,7.165739135454598,-3.761895363547843,56.861347517200805,0.09040988666949377,0.0052562319148703116
39.0,-58.16401595635981,14.729129228447954,-58.21604912732804,14.640866719590713,-8.200647027092359,56.92496267690075,0.09041958565598245,0.012338764734821438
40.0,-50.22998869575171,32.81688948734561,-50.050952700307256,32.76220723243642,-18.73660841683943,57.813186139333425,0.09161130563650048,0.029207265803287637
41.0,-49.37903195361938,34.08388480386934,-49.30887601419357,34.15175263380828,-19.395818049590208,58.057072149375706,0.09198244455215886,0.030265518712191408
42.0,-36.85276276138007,47.348430563783616,-36.85873587879629,47.353856406224395,-26.596982989503477,59.7230271780113,0.09447220852318053,0.04187900520274127
43.0,-27.883390322626113,53.1273615391926,-27.924419205118813,53.083124059515306,-29.708200768804875,60.966559936963925,0.09638118619250055,0.04694008042277609
44.0,-19.481968152281006,56.74903450203808,-19.5659840831624,56.787648862015146,-31.74327421142223,62.069284217169674,0.09809085717836666,0.05028136593043397
45.0,0.0,60.0,0.038992384875474934,60.0308984146364,-33.70960553106349,65.15071451719889,0.10295538582951,0.053650981038146243
46.0,0.0,60.0,0.12977147157887606,59.96718919237651,-33.87358113814239,65.07663090399626,0.10283825834219358,0.053913068091289366
47.0,0.0,80.0,0.08162117699705433,79.91088243445705,-42.923054269531725,65.31926249942993,0.10298016864974724,0.06831516220831695
48.0,0.0,80.0,0.04542131853700279,80.04790330106489,-42.83583342259325,65.40646955850944,0.10311728490416128,0.06817590258032324
49.0,-19.145253143004613,77.67534539408416,-19.16353716215973,77.66295088838685,-41.79963227578048,62.41092780782145,0.09837894058305634,0.06629148564140408
50.0,-37.17785376350149,70.8364820522568,-37.194677323017125,70.86906582763429,-38.42253901313689,59.90467315199543,0.09447331693786566,0.060695847896701634
51.0,-53.049812659263615,59.88085985368807,-53.08123977767118,59.92219766735434,-32.89781802264347,57.71804333905745,0.0911272535008343,0.051708419048901486
52.0,-65.83870927149252,45.44517973849245,-65.73261413095555,45.4980630971959,-25.533373003814784,55.88510164697275,0.08838668817865651,0.03983259973166624
53.0,-74.80129941483318,28.368390963402856,-74.754701032861,28.29821741921516,-16.325105934101142,54.59929868169761,0.08655091524440123,0.025066694263587017
54.0,-79.41670992784432,9.64293442042582,-79.39592039936021,9.574723221846833,-5.463352388328606,54.380222913006754,0.08643155145489718,0.007722835701361302
55.0,-80.0,0.0,-79.99245949213464,-0.05963186583502139,0.23889750273323138,54.54736402516742,0.08681555648222732,-0.0013598826658014812
56.0,-79.41670992784432,-9.64293442042582,-79.39950693524298,-9.62448603925968,5.649878151946403,54.691134564646596,0.08716151491209456,-0.009964463964892178
57.0,-74.80129941483318,-28.368390963402856,-74.75068901268439,-28.318438792505617,16.1944627118873,55.84429181322623,0.08922576600705083,-0.02668975757356347
58.0,-65.83870927149252,-45.44517973849245,-65.95956481527723,-45.43568556535303,25.69580137261616,57.35472492566253,0.09183932942444191,-0.04170394305246419
59.0,-53.049812659263615,-59.88085985368807,-52.94156950083785,-59.90556979242456,33.161934385061066,59.43867400797776,0.0953332496800391,-0.05342723176413637
60.0,-37.17785376350147,-70.8364820522568,-37.18297816332412,-70.85142870361578,38.45317790654022,61.785435592006564,0.0992022903807369,-0.061655512339005646
61.0,-19.145253143004652,-77.67534539408415,-19.1638186032414,-77.66195855749996,41.36062878553135,64.5451171077725,0.10367786830102883,-0.06606218397259965
62.0,0.0,-80.0,-0.05254933846964147,-80.02369774822454,42.67508330604005,67.26795783768534,0.10804032807100158,-0.06792014812046959
63.0,0.0,-90.0,-0.09409534787681044,-90.00927624440776,46.82927863918999,67.1095169800402,0.10791045472312534,-0.07453226415172065
64.0,-29.22295222842151,-85.12355175305711,-29.193407468371422,-85.10808439830299,44.49095435919427,63.223622773895606,0.10166583724715024,-0.07116708396069166
65.0,-55.2791441420701,-71.02264584567543,-55.3722695934755,-71.11110301488053,38.31317107445602,59.307406743093026,0.09526156520069314,-0.06165544830376362
66.0,-75.34498304362756,-49.22533423101842,-75.36529919835085,-49.25674395635275,27.591440580466607,56.16907447621144,0.089999104524802,-0.04483613832876682
67.0,-87.24602393453974,-22.09369384267193,-87.28606050928487,-22.16672740404424,12.652524273007876,54.00074067004251,0.08621632339176258,-0.021206107821460738
68.0,-90.0,0.0,-89.97169999562284,-0.0010956418051740792,0.12265591045814528,53.191066571617284,0.08465622515032512,-0.0012970939134855745
69.0,-89.6926043706003,7.432141092509898,-89.66097216968251,7.398226350133928,-4.130246564430409,53.15837067076824,0.08451356871223695,0.005475416075431644
70.0,-82.41959939895517,36.152588218767235,-82.32858567174733,36.166161959550855,-20.584060313919437,53.61372043111052,0.08488596023721784,0.03175227352339668
71.0,-66.21515196058185,60.95534144631669,-66.15442387027736,60.97309385344571,-33.178583759147294,56.11015944431349,0.08855535650608957,0.05199516466613699
72.0,-42.83526537333663,79.152637608584,-42.86109405368689,79.15068390133324,-42.15369189387482,59.20530457298778,0.0932588125220675,0.06656476568873586
73.0,-14.813513125266075,88.772517306245,-14.762819802255516,88.70647874859117,-46.42651187282646,63.30835094505856,0.09967198408031637,0.07370928869713246
74.0,0.0,90.0,0.0876349449469705,90.01549797325033,-46.98297783693797,65.49721501243982,0.10313963791818405,0.07477680490204974
75.0,0.0,100.0,0.05047286189906833,100.0290901022265,-50.81814304906593,65.40362175409582,0.10286804342998476,0.08088020478986924
76.0,-19.50903220161283,98.07852804032306,-19.451688114133265,98.01265200600847,-50.12310297518439,62.63539886412076,0.09848697512744842,0.0795351717194194
77.0,-38.268343236508976,92.38795325112868,-38.39606157056881,92.4823734924309,-47.66268924892166,60.03281915910285,0.09441257004993037,0.0753872904257832
78.0,-55.557023301960214,83.14696123025452,-55.58516651804515,83.17644222462192,-43.560305762989515,57.742581551677226,0.09088151317693845,0.06864762982136942
79.0,-70.71067811865476,70.71067811865476,-70.63296706319369,70.70023102278539,-37.8596251386329,55.57336129723862,0.08758188773556959,0.05939042481278047
80.0,-83.14696123025452,55.557023301960214,-83.06506499353897,55.55767591374001,-30.38010433358255,53.85196344189989,0.08502764842013703,0.047334142165874546
81.0,-92.38795325112868,38.268343236508976,-92.26695559741397,38.25308478901088,-21.70051388706152,52.39673008811989,0.08292350146212114,0.03340744962551757
82.0,-98.07852804032306,19.50903220161283,-97.98755090351426,19.464666587917602,-11.159278828570827,52.029839537143936,0.08256967826250212,0.016560492991474458
83.0,-100.0,0.0,-100.0484981650283,-0.012898461973124477,-0.05403549878377237,52.02260736078291,0.08279670910708806,-0.0011392910754647913
84.0,-100.0,0.0,-99.9091643437623,0.0265541075213499,-0.1482911860273415,52.09880501823963,0.08291749827090238,-0.0009875720725423672
85.0,-98.07852804032306,-19.50903220161283,-98.07496507246879,-19.454387851953886,11.046713494920944,52.5333245257126,0.08384764011342184,-0.018782512012925235
86.0,-92.38795325112868,-38.268343236508976,-92.336061775618,-38.24485895633893,21.140719713593157,53.76281762263137,0.08603456554198893,-0.03477733767296
87.0,-83.14696123025452,-55.557023301960214,-83.22108550734612,-55.584907443667795,30.649395012228126,55.258876998846866,0.08862798109423044,-0.04979923356621897
88.0,-70.71067811865476,-70.71067811865476,-70.66151679768278,-70.72980466678816,37.88522705932001,57.24345401080268,0.091972012653648,-0.06116160124573547
89.0,-55.557023301960214,-83.14696123025452,-55.6609399096047,-83.21563970811417,43.54614710031132,59.50693587284163,0.09572736960609339,-0.06998752365725644
90.0,-38.268343236508976,-92.38795325112868,-38.225308890430064,-92.35320369147273,47.39572550480918,62.002433687752934,0.09981098523148546,-0.07590078427613366
91.0,-19.50903220161283,-98.07852804032306,-19.528941105855704,-98.12418455836003,49.69579283153947,64.48082788764312,0.10382614915602889,-0.07933248121202408
92.0,0.0,-100.0,-0.3054113384056763,-100.0762988719609,50.72991480335958,66.88292408768807,0.10767311148726262,-0.08074290740022984
93.0,0.0,-100.0,0.0011670351871914026,-99.934327277196,50.625342831422024,66.79134055013837,0.10752561303792432,-0.08057272128077836
94.0,0.0,-120.0,-0.19159095587964015,-120.01268001740029,57.318754667824805,66.70700832214031,0.10763729316974796,-0.09122797778179864
95.0,0.0,-120.0,0.04134123998977469,-119.89752888967998,57.223655214677585,66.71683704642618,0.10765152581755454,-0.09107376958697791
96.0,0.0,-120.0,0.0003155040808371923,-119.99459289112421,57.33080360966826,66.66998432417726,0.10757814613431471,-0.09124480399512389
97.0,-19.751350833688036,-118.3633564083267,-19.922282526985697,-118.42466153777478,56.84189476105328,64.15474039769697,0.10355578418780896,-0.09071067291294421
98.0,-28.717879714506974,-116.51301809112623,-28.776377443662614,-116.54415735197381,56.13141371210488,63.17817688755758,0.10197850460524324,-0.08968834306405278
99.0,-38.96393630456201,-113.49806900407616,-39.179318836004434,-113.56613382261283,55.082954271129466,61.78400424711896,0.09972313815937733,-0.08814707257843656
100.0,-55.7667806452522,-106.2547230783852,-55.72718392589983,-106.26761060975075,52.47534489677199,59.6483314035904,0.09623472444484468,-0.08419959461744661
101.0,-57.113687164448855,-105.53685014477867,-57.02556947440012,-105.52300272962748,52.16436769712228,59.391361734007575,0.09581662532094937,-0.08372056032490383
102.0,-73.70552552276014,-94.69686112756723,-73.62994517168329,-94.73439958704365,47.83652170924046,57.21939673026185,0.09222770792525961,-0.07703593284448884
103.0,-79.57471898889544,-89.82128978053213,-79.60317273664015,-89.83988314840023,45.750389890073954,56.3099998653799,0.09072041485243693,-0.07378890489081233
104.0,-88.28686928077578,-81.27378859508896,-88.21329569398546,-81.30420165245168,42.077980650634174,55.05746831939833,0.08862241272350621,-0.06804953199795435
105.0,-98.75806390723876,-68.16776960773868,-98.75661512075213,-68.22651350615233,36.0541864685434,53.557779291904865,0.08607542141330149,-0.058591489542463945
106.0,-100.45997739150341,-65.63377897469123,-100.55056892123316,-65.677147873655,34.8726227386515,53.29162377728051,0.0856205997437259,-0.0567329429640862
107.0,-109.8927991986069,-48.20345095835632,-109.95706716839511,-48.15502926786879,26.060066920984028,51.875725874385715,0.08315253533092822,-0.04282252589637938
108.0,-112.20194912224979,-42.55258644510428,-112.16433305257219,-42.572191886231145,23.029105899271944,51.440524374870165,0.08239151777408349,-0.03802563393253841
109.0,-116.32803191271962,-29.45825845689591,-116.22342042493399,-29.480399194608264,16.101685901699952,50.49819359760449,0.08073141693186286,-0.027050014110596148
110.0,-119.12506489176648,-14.464401630638731,-119.06153438050781,-14.494047016146359,8.036872146017595,49.99075757278172,0.0797402699667647,-0.01424922267189104
111.0,-119.59013916080038,-9.909521456679924,-119.63502222914798,-9.931559688020362,5.451415783539651,49.959260151763694,0.07963426360573657,-0.010141364559647578
112.0,-120.0,0.0,-120.04952244206062,-0.04643288136117448,-0.008339217801508397,49.75185765982359,0.07918310940789136,-0.00145697096716868
113.0,-120.0,0.0,-119.92567188511116,0.005671974690439345,-0.1292296019141603,49.70711134266662,0.07911125530552594,-0.0012630511507196066
114.0,-119.59013916080038,9.909521456679924,-119.48044708582687,9.887601531200245,-5.739219978380608,49.70671052120298,0.07898959365516266,0.0076709784964446685
115.0,-119.12506489176648,14.464401630638731,-119.14704616477526,14.456506540620333,-8.200725910705343,49.654376879959365,0.07885034682252329,0.011592670014274987
116.0,-116.32803191271962,29.45825845689591,-116.33303821917457,29.447718139987515,-16.583559854483802,49.90471832787686,0.07906518064973211,0.02496882768595201
117.0,-112.20194912224979,42.55258644510428,-112.22487742347289,42.55074247242356,-23.727338050249376,50.13694037519851,0.07927430113346735,0.036388816341848276
118.0,-109.8927991986069,48.20345095835632,-109.80352433929049,48.19966752862737,-26.67852149563274,50.47731864701516,0.07974684774636112,0.04111542492041851
119.0,-100.45997739150341,65.63377897469123,-100.30351051103713,65.62811595870568,-34.918362345662366,51.91871435075592,0.08182745452327334,0.05434588534777391
120.0,-98.75806390723876,68.16776960773868,-98.66594378459308,68.18906197458291,-36.11917747820034,52.08913885809462,0.08206732971456254,0.05627709722387667
121.0,-88.28686928077578,81.27378859508896,-88.12969201213758,81.26957321575776,-42.219421503238586,53.53236623532367,0.08420410075916965,0.0661149743200115
122.0,-79.57471898889544,89.82128978053213,-79.38733726044107,89.75456880031271,-46.03520565725145,54.778725116407706,0.08608382701634579,0.07229505080031222
123.0,-73.70552552276014,94.69686112756723,-73.84831112760709,94.81261538220967,-48.02370623448892,55.55489681658215,0.08725719688478548,0.07552768406517667
124.0,-57.11368716444881,105.53685014477868,-57.167862737594646,105.54619244367517,-52.482881454577075,57.770523368573016,0.09065202223565574,0.08282896684798316
125.0,-55.766780645252226,106.2547230783852,-55.69461757393273,106.198406186263,-52.809845071022835,57.993733164782235,0.09099928401577655,0.0833673883992202
126.0,-38.96393630456201,113.49806900407616,-38.964081174741416,113.49905318970461,-55.48333318491397,60.182141789586844,0.09439283369141113,0.08782727531084907
127.0,-28.717879714506918,116.51301809112624,-28.760333582667243,116.49353857523238,-56.45738174238928,61.52943574500724,0.09650044523816209,0.08950248675812819
128.0,-19.75135083368807,118.36335640832668,-19.711064723675907,118.39493938150194,-57.14691348455224,62.71239247238711,0.09835989294033413,0.09071073676018594
129.0,0.0,120.0,0.046875473512021405,120.02571343908875,-57.5039191171553,65.40745170129823,0.10262924087675862,0.09152090382917046
130.0,0.0,120.0,0.08626462968602416,119.92836297876688,-57.479839954884085,65.33473362856182,0.102514698717924,0.09148306305008777
131.0,0.0,120.0,0.08804005235094912,120.0395298249839,-57.59595106702577,65.41798570625127,0.1026458370574437,0.09166788136809345
132.0,0.0,140.0,0.05779431983778017,140.05823156412433,-63.179435824744324,65.10727759462556,0.10190616124209358,0.10055390293811951
133.0,-19.924077358259932,138.57500186333058,-19.853015225214047,138.46856119639992,-62.70931716479091,62.70684215014963,0.09810521822634746,0.09956183870806995
134.0,-39.44255795780015,134.32901630602964,-39.52981893874823,134.43374532893708,-61.838054500080496,59.98371774566831,0.09382064541054168,0.09793419982860306
135.0,-58.1581018202641,127.34847934963257,-58.17002093406038,127.3801598427563,-59.66012946265141,57.655622579933976,0.09020175194448402,0.09423963842655357
136.0,-75.68971444378364,117.77549459636536,-75.48853139466583,117.6808226364938,-56.468669655174985,55.631076393766,0.08709837413365025,0.08894817305838795
137.0,-91.6805027523399,105.80494040959617,-91.73318472591502,105.91880644230945,-52.082031816891835,53.41269073793894,0.08371175279879743,0.08176767427457553
138.0,-105.80494040959617,91.6805027523399,-105.69340342535594,91.70394503353195,-46.38690254451549,51.50934107646162,0.08085656675027063,0.0725326241024309
139.0,-117.77549459636536,75.68971444378364,-117.63158582650017,75.70663611268706,-39.20420095310923,50.01416263725966,0.0786728349645978,0.06095479287617267
140.0,-127.34847934963256,58.15810182026413,-127.27221689809717,58.135658009340226,-31.098762809368775,48.6069582017887,0.0766483908382846,0.04793651886396137
141.0,-134.32901630602964,39.442557957800176,-134.3849146100106,39.408760618534565,-21.948063464621203,47.55744214543273,0.07520738196035269,0.03328561951340107
142.0,-138.57500186333058,19.924077358259932,-138.49999263173365,19.889551461395275,-11.381835966262372,47.496262215473166,0.0753490623026512,0.016418548902534105
143.0,-140.0,0.0,-139.9558231165498,0.037753243714166905,-0.3451947637840828,47.49305524735039,0.07558708268857137,-0.0011646406389790923
144.0,-140.0,0.0,-139.93008526039264,0.009802339065046997,-0.4458536014767993,47.51569203731642,0.07562345257273059,-0.0010041219123061741
145.0,-138.57500186333058,-19.924077358259932,-138.54886685992747,-19.941033416419035,10.676050311339916,47.8450282602175,0.07639194479511942,-0.01868826601120558
146.0,-134.32901630602964,-39.442557957800176,-134.3180252596044,-39.46790244263764,20.883329793639458,48.7230449897983,0.07802849685663919,-0.034881840860189806
147.0,-127.34847934963256,-58.15810182026413,-127.32937304288681,-58.1688151585318,30.418401122958432,50.0461156482367,0.08036325878083543,-0.0499717883740366
148.0,-117.77549459636536,-75.68971444378364,-117.79347013924662,-75.67334907766484,38.86407744644518,51.388244610320726,0.08271370091868584,-0.06329671377624699
149.0,-105.80494040959617,-91.6805027523399,-105.66863434146272,-91.69168425220043,45.913670759360876,53.09366538148766,0.0856241384928338,-0.0743679974665482
150.0,-91.6805027523399,-105.80494040959617,-91.64515771922318,-105.82744095537073,51.7427572086578,55.16268702776531,0.08909020894537965,-0.08347353154995553
151.0,-75.68971444378364,-117.77549459636536,-75.57598654029262,-117.74147439371609,56.11461851678012,57.2417551533178,0.09254505948174713,-0.09023476622346764
152.0,-58.15810182026413,-127.34847934963256,-58.25814545174773,-127.3145360896408,59.21428844325843,59.43992995278638,0.09616080435978339,-0.09495595300099646
153.0,-39.442557957800176,-134.32901630602964,-39.339225563575894,-134.29786821144157,61.37049139712872,61.67509178683716,0.09980369958382299,-0.0981559570865569
154.0,-19.924077358259932,-138.57500186333058,-19.933545327048854,-138.475788741065,62.49335566044277,63.92816266961038,0.10344074014450394,-0.09970539022643508
155.0,0.0,-140.0,-0.009637021494074471,-139.9721830762627,62.813533190519344,66.30617714823039,0.10724379403549601,-0.09997096102772064
156.0,0.0,-140.0,-0.15029090411524595,-140.0219953209913,62.986952792114,66.39163408921998,0.1073804130305059,-0.10024868948023347
157.0,0.0,-150.0,0.1421083319171212,-149.90874980143184,65.27473664150016,66.32487856620486,0.1073952511297439,-0.1038862295582784
158.0,-29.26354830241924,-147.11779206048456,-29.525799578977225,-147.2093450693035,64.81138244436934,62.749245999262236,0.10167139561612908,-0.10351212051284267
159.0,-57.40251485476347,-138.581929876693,-57.42562568509398,-138.61583353619065,62.56986978597168,59.46019826660304,0.09633146906633808,-0.10028633073039728
160.0,-83.33553495294032,-124.72044184538179,-83.51335064823674,-124.81958476701168,58.38806139644796,56.44494656084388,0.09136358464556307,-0.09395027162772636
161.0,-106.06601717798213,-106.06601717798213,-106.00093232965695,-106.02987945915639,51.47703738974743,53.503471441697435,0.08645196458246537,-0.08322644010557988
162.0,-124.72044184538179,-83.33553495294032,-124.59067865393467,-83.27548448189492,42.2400086814854,50.622126256173374,0.08158748883418274,-0.06875292044047415
163.0,-138.581929876693,-57.40251485476347,-138.5659527008062,-57.4151011420455,29.847814620110544,48.736624850038446,0.07826990873105705,-0.0492012858363715
164.0,-147.11779206048456,-29.26354830241924,-147.01686309411545,-29.24003183100228,15.471083941276985,47.08629571032015,0.07529826901842075,-0.026423506376320335
165.0,-150.0,0.0,-149.90230780074123,-0.029888511146500627,-0.3095738863683117,46.37851015869094,0.07381405749371864,-0.0013431473542473238
166.0,-150.0,0.0,-149.97453463861066,-0.010689501563085735,-0.4484548170032287,46.38164599407431,0.07381881320098897,-0.0011229960482537667
167.0,-147.11779206048456,29.26354830241924,-147.01775127134385,29.250966012781063,-16.264288473268106,46.520819887491484,0.07368194863061343,0.024084896652567536
168.0,-138.581929876693,57.40251485476347,-138.50522737071628,57.374612511742164,-30.635188094088345,47.40321342861523,0.07474189203313132,0.047061146415151446
169.0,-124.72044184538179,83.33553495294032,-124.4932600440947,83.35929249115945,-42.33949384240095,49.30817246940965,0.0774554948396641,0.06586073175189718
170.0,-106.06601717798213,106.06601717798213,-106.04645149253163,106.16103018206861,-51.83016226951511,51.85701324807263,0.08123284866753777,0.08119151724999726
171.0,-83.33553495294032,124.72044184538179,-83.41619625465094,124.78546847769739,-58.50087823500443,54.66672300067995,0.08547654763480467,0.09208544357065412
172.0,-57.40251485476347,138.581929876693,-57.33285210245725,138.57097148260988,-62.79835280313777,57.87080025239019,0.0904071642800713,0.09924452878217023
173.0,-29.26354830241924,147.11779206048456,-29.309515052132166,147.1156382877408,-64.98108757432948,61.36115019659467,0.09585758244492444,0.10306166011371544
174.0,0.0,150.0,-0.03450250230457883,150.02556922764668,-65.5020129961577,64.98733335194332,0.10159319433695019,0.10424926895687098
175.0,0.0,150.0,-0.009801415308400618,150.020512040964,-65.60157089714055,64.99667893232326,0.1016081302253136,0.10440802279106604
176.0,0.0,160.0,0.07648452308032394,160.02754952397189,-67.88760477523947,64.87520534203323,0.10129224308524311,0.10804741545036241
177.0,-9.849744981430858,159.69653259792705,-9.704420894165802,159.60846727349346,-67.8609614682966,63.661201430977485,0.09936522834042126,0.10788522482706162
178.0,-29.39992285065127,157.2756959494243,-29.605375734847424,157.40551635691554,-67.40325909622752,61.22286019158023,0.09551146720858365,0.10691304242322557
179.0,-48.504427858086984,152.47072006834503,-48.47032173511468,152.49861065547998,-66.3847584103316,58.935126080396465,0.0919305200268409,0.10506100975432067
180.0,-66.87365518188534,145.3544434911238,-66.74030197564394,145.26308224120575,-64.4921459418968,56.72915964724248,0.08850822872572477,0.10182507150487512
181.0,-84.22914606037692,136.03474171673827,-84.50084644924895,136.21604410412246,-61.87772260452206,54.65145905438123,0.08531226436016351,0.09744657462375411
182.0,-100.30780894305701,124.65289192410728,-100.19209533146329,124.658986091106,-58.39781769246242,52.78794974667392,0.08248793615792284,0.09171596364194215
183.0,-114.86590769031069,111.38143135406828,-114.86849350408603,111.46627197093733,-53.51351005186937,50.890368091055244,0.07962941196572422,0.08376260514586023
184.0,-127.68275636483833,96.42154182068104,-127.64287573442122,96.44410307217822,-47.63217043942393,49.148570652736936,0.07704123133895814,0.0742457149200139
185.0,-138.56406460551017,80.0,-138.4415329749028,80.03704899092571,-40.69100010151404,47.62545843949681,0.07481805970897495,0.06306624835653535
186.0,-147.3448828711926,62.3657397268287,-147.22438141767222,62.293505074846394,-32.58321126140865,46.4754481925396,0.07320506625585345,0.05005473833544656
187.0,-153.89210290765106,43.78607841153323,-153.8292454831227,43.735125692961226,-23.89303053011346,45.5047472972445,0.07188743176717223,0.03614299654694515
188.0,-158.10647553300151,24.542664780589636,-157.93317643236594,24.44809893125549,-13.781281892661148,45.296689553514575,0.07179250527705194,0.019999388026412906
189.0,-159.92411515413855,4.927209368987219,-159.90520369085036,4.926749466384156,-3.1885102474528164,45.19861520056556,0.07187549253372824,0.003116316978291785
190.0,-160.0,0.0,-159.98434844099341,-0.009099361438704536,-0.5918606178300108,45.29226580215148,0.07208499130207684,-0.0010173485456381804
191.0,-159.3174682072055,-14.762937514128362,-159.28078304524803,-14.752720087790637,7.575814829023308,45.4855116442619,0.07257311633516993,-0.014007991208693676
192.0,-156.2957308415361,-34.22929331303965,-156.29943723060674,-34.249245131610856,17.864869516867923,46.19305150714723,0.07393797441458645,-0.03034701788051601
193.0,-150.9047095154044,-53.17676791674554,-150.82232594477122,-53.17259984820297,27.48839518383117,47.24792245918187,0.07584860748983104,-0.045596256645876666
194.0,-143.22612661680998,-71.31813692424612,-143.23209848995478,-71.31764002819897,36.40728914437887,48.35976890277905,0.07784038787923359,-0.05969815994348959
195.0,-133.37638163537912,-88.37839567368093,-133.44044390757864,-88.43019259553506,44.04305051993547,49.81089657644776,0.08035950626949614,-0.07173093348735783
196.0,-121.50478666475313,-104.09892803267876,-121.33196809966985,-104.11102917775987,50.565230942288544,51.63430778315847,0.08345359811808367,-0.08196301385217694
197.0,-107.79130298344914,-118.24142675530545,-108.00247527292753,-118.3339111944265,55.77191673693901,53.45188769407167,0.08652055364115174,-0.09008646572859443
198.0,-92.44381302532021,-130.59150597699545,-92.44809738668452,-130.59510810122404,59.98714977397038,55.35025622659358,0.089692063544644,-0.0966047234258756
199.0,-75.69496909376164,-140.9619510857255,-75.83406876607548,-141.03917189088435,62.92897480775537,57.46161655274432,0.0931803060360882,-0.10108331182646592
200.0,-57.798666589944496,-149.1955567046969,-57.6462843415322,-149.15436957783325,65.3315634171375,59.507837145623114,0.09653635386213333,-0.10468440505803088
201.0,-39.02619521734036,-155.16750976560152,-39.122797573780296,-155.20451825878663,66.88860061883891,61.47793674821698,0.09974596077025592,-0.10693565009039885
202.0,-19.662126506354266,-158.7872815475097,-19.961661942745813,-158.84501076893181,67.5487608101797,63.863960647430474,0.10358802076221671,-0.10775166175899333
203.0,0.0,-160.0,-0.23646100214397606,-160.0469356484236,67.69073283807357,66.33047047675608,0.10752831301882791,-0.10773604325840119
204.0,0.0,-180.0,0.19974448271107628,-179.91094427142278,71.9611111027546,66.06828059389262,0.10735429883467748,-0.11452721915862378
205.0,0.0,-180.0,-0.27849408101875844,-180.0429300163432,71.94471830902215,66.06047781948402,0.10734349675934528,-0.11450698619180355
206.0,-29.627026250532055,-177.54503461249,-29.751730055107828,-177.51171284647614,71.58799807691163,62.68382233300786,0.10193838289342502,-0.11430020623078373
207.0,-58.44590445684302,-170.24710350611423,-58.399467203209504,-170.186034033542,70.3063926164974,59.26261880939747,0.0964036509826819,-0.11261131584926491
208.0,-85.67053074667326,-158.305275217168,-85.64975855209421,-158.36367232567326,67.49084769194606,56.34565035611701,0.09161636335774835,-0.10846397050574298
209.0,-110.5582882841402,-142.04529169135085,-110.62624646938515,-142.07129556576479,63.03776544100373,53.518823713193264,0.0869177967267151,-0.10168255635335437
210.0,-132.43030392116367,-121.91068289263343,-132.3657140242042,-121.90731384507778,56.733044841152086,50.66653421771718,0.08213128926627102,-0.09191452453992963
211.0,-150.68996608725513,-98.45066846203684,-150.76161344762963,-98.53030325655975,47.885811177728755,48.09685989223518,0.07775522794142227,-0.07805900891887611
212.0,-164.83919879791034,-72.30517643753447,-164.70123397597345,-72.29488037080178,36.35592327597875,45.91637122605602,0.07396356793330058,-0.05987934054472813
213.0,-174.49204786907947,-44.18738768534386,-174.555588498672,-44.19255040299924,22.831876558531537,44.365775914093526,0.07115155037423572,-0.03847583770035361
214.0,-179.3852087412006,-14.864282185019883,-179.42925354224357,-14.904880455926028,7.477184833135905,43.283605107228766,0.06907053674311871,-0.014097774466434804
215.0,-180.0,0.0,-180.0871672695636,-0.05102359229137907,-0.39504493637394433,43.00263834547019,0.06844144947129721,-0.0015767891082780548
216.0,-179.3852087412006,14.864282185019883,-179.2942693960454,14.830973158799189,-8.552836101044162,43.06688747180264,0.06836144572127291,0.011416449376154884
217.0,-174.49204786907947,44.18738768534386,-174.43373017715723,44.194588658230806,-23.719796084331595,43.36364293996457,0.06847413131533442,0.03561494279827831
218.0,-164.83919879791034,72.30517643753447,-164.58068676298285,72.29722918095803,-36.73807097654461,44.85638016291988,0.0705057241169574,0.056454840749915844
219.0,-150.68996608725513,98.45066846203684,-150.45147628694954,98.46970739530786,-48.106909699132885,46.68849750630986,0.07310109580155053,0.07472194960644808
220.0,-132.43030392116367,121.91068289263343,-132.24930095923241,121.92855770738481,-56.76571581663196,49.260521197874446,0.0769072987408152,0.08872578910262159
221.0,-110.5582882841402,142.04529169135085,-110.57136419324719,142.08985601183485,-63.15668804224703,51.8080521424701,0.08071490529255769,0.09916282641478867
222.0,-85.67053074667324,158.30527521716803,-85.46135960578574,158.25409562860662,-67.55357186947872,54.57481626861735,0.08492038415894863,0.10646820591280735
223.0,-58.44590445684302,170.24710350611423,-58.34083267368813,170.1854655249015,-70.24335307092797,57.81289612570208,0.08992782514932912,0.1110812700108529
224.0,-29.6270262505321,177.54503461249,-29.612604197404476,177.56441786215467,-71.66039788446166,61.078488282403306,0.0950348066588502,0.11368840071219778
225.0,0.0,180.0,0.19017280964696479,179.8640499209428,-72.08151801974081,64.6953073271561,0.10076298941982625,0.1147236280253333
226.0,0.0,200.0,0.16502761181343126,199.90245688009122,-75.81941280041195,64.38660741313653,0.10002626842093851,0.12067236438378968
227.0,-9.969177132139446,199.75138424378443,-9.822686903167712,199.74015460176906,-75.86763230008383,63.28847499011687,0.09828052409960741,0.12062678883234418
228.0,-29.808453235234882,197.76616524502572,-29.778113747706914,197.74913981915788,-75.49933819772677,60.85361103199235,0.0944297016567175,0.11979623699213428
229.0,-49.35147953805875,193.81545724581557,-49.43511111425053,193.87245880194396,-74.7832416819333,58.59454108196997,0.09088175777060031,0.1184157952764683
230.0,-68.40402866513374,187.93852415718166,-68.2681035974313,187.84222783824816,-73.71551595394442,56.54492440226229,0.08769354358542733,0.11648580985369028
231.0,-86.77674782351166,180.19377358048382,-86.92064766903319,180.3292549651732,-72.28121979999695,54.38689555710224,0.08435094517996268,0.11397461942488736
232.0,-104.28704067589962,170.65817632643112,-104.3756511333582,170.72413061443646,-70.17901994460806,52.5746545645049,0.08158430775685169,0.11041509348747584
233.0,-120.76088206509546,159.4265014445845,-120.61861221743503,159.43616288165097,-67.4298189926373,50.750365761791045,0.0788191053856519,0.10584067717314481
234.0,-136.0345475541839,146.61037436596527,-135.77940869186781,146.5921607581275,-63.97922371956167,49.146305606274716,0.07642346450354096,0.10016321036682574
235.0,-149.95624059354685,132.33716751937183,-149.8950660129885,132.43833964554912,-59.76112912273411,47.355899808116625,0.07374728663755407,0.09327703023941553
236.0,-162.38760114317128,116.748734446958,-162.20952910601832,116.79151850608764,-54.47189493242484,45.74542563320963,0.07137576357498232,0.08470813767841144
237.0,-173.20508075688772,100.0,-173.298307399989,100.03620551797735,-48.079835901478454,44.26945817569012,0.06923189027152143,0.07439905579837044
238.0,-182.30117046233465,82.25742062612228,-182.2264722907448,82.26324031507598,-40.702991485315984,43.03745512442245,0.06748876153906173,0.06254910027264521
239.0,-189.58546923342635,63.69733005033683,-189.4959808091493,63.66587678944424,-32.53070104616309,41.99514106763937,0.06605762860171886,0.04945346660129718
240.0,-194.98558243636475,44.5041867912628,-194.90988292899033,44.458672170427654,-23.745390671654476,41.10645599055199,0.06487847248690962,0.035404906961914104
241.0,-198.4478413200344,24.868740929497022,-198.29374950877317,24.823004626180563,-13.7164809323617,40.87730772347208,0.06475424918055933,0.019401959251403717
242.0,-199.93783640016326,4.986138347614532,-199.7907631368993,4.956460649125073,-3.3522167796817253,40.82577868531606,0.06491554319433228,0.0028883866520211378
243.0,-200.0,0.0,-200.0784253151753,-0.0017615516097356553,-0.7020852962886667,40.76721394274377,0.06488305772439985,-0.0013329515931268226
244.0,-199.44075943623602,-14.946018717284822,-199.49347385018288,-14.982106307338206,7.367271464645332,41.088203264097885,0.0655773919719525,-0.014168567869150769
245.0,-196.96155060244163,-34.729635533386066,-197.01907464038663,-34.751822278181,17.535962994337133,41.594836597294744,0.06662584314024726,-0.030322239186427936
246.0,-192.5248493900024,-54.16809362860104,-192.62715810494956,-54.18917656604495,27.476018791927185,42.584463050331195,0.06843893130904573,-0.04608854165172417
247.0,-186.1747497288408,-73.06820487327906,-186.03929310363893,-73.05999558754009,36.32522061696767,43.54716937704644,0.07020223642407976,-0.06009180237650598
248.0,-177.97436176229374,-91.2421314706326,-178.10708572333206,-91.26364242314916,44.28526228792191,44.808485399046795,0.07243262279005093,-0.0726634566394112
249.0,-168.00518463015428,-108.50925277315189,-168.18969120605743,-108.55866303307324,51.27313944132221,46.29971056720274,0.0750177930060133,-0.08366355048463373
250.0,-156.36629649360597,-124.69796037174667,-156.41770746127546,-124.75307749489355,57.17826806158386,48.03898790436019,0.07798427141675085,-0.0929176834141551
251.0,-143.1733698519437,-139.64736361721455,-143.25716620746223,-139.67920329581415,62.11582381892409,49.74420187424112,0.08088100359786174,-0.10061487067817847
252.0,-128.55752193730785,-153.20888862379562,-128.44988991897515,-153.23550289610637,65.97953498844785,51.60400942972324,0.08400700288784292,-0.10658281368027188
253.0,-112.6640116127244,-165.247754863199,-112.9028454564285,-165.32375638615744,69.0325057297628,53.289454358140176,0.08683751631705962,-0.1112513632944681
254.0,-95.65079572426367,-175.64431467404566,-95.5254559611115,-175.63934665554964,71.52127641865776,55.23878429477157,0.09006630602255537,-0.11499954445035004
255.0,-77.68695925493896,-184.29524237408154,-77.5658350996057,-184.29876556986088,73.271012963955,57.103785534445876,0.09314059935274367,-0.11756438566381308
256.0,-58.95103488218083,-191.11456115722817,-59.220594408926104,-191.13889580616902,74.60303407141885,58.90662857662759,0.09609368406000181,-0.11945968943431991
257.0,-39.62922863987957,-196.0344975697088,-39.60960596904266,-196.01987510890459,75.28878370616376,61.28660638047389,0.09994131360041726,-0.12031091863185585
258.0,-19.91356931916336,-199.0061550730803,-19.86454280455374,-198.9286808482268,75.72824437290107,63.496118644253436,0.1034934856514203,-0.12076852475300276
259.0,0.0,-200.0,0.1622780265369615,-199.93077929140532,75.73567970929297,65.90007079233435,0.10733176699710248,-0.1205350905269968
260.0,0.0,-210.0,0.11252738715250794,-209.89505326702678,77.45495161396131,65.76031466235804,0.10723137040102912,-0.12327200604319749
261.0,-29.886116037389897,-207.86250279499586,-30.381410608532047,-207.98742458306432,77.39408905239192,62.20526348060391,0.1015499680390803,-0.12354859869932817
262.0,-59.16383693670027,-201.49352445904444,-59.190324949721145,-201.49511982088595,76.35397805131493,58.99321140879996,0.09635831731182651,-0.12224603261984877
263.0,-87.2371527303962,-191.02271902444883,-87.40286381957816,-191.03298295766922,74.67127816974364,56.02591615337713,0.09150759073035412,-0.11991345077908558
264.0,-113.53457166567546,-176.66324189454807,-113.55270197556028,-176.68110530370961,71.54558106916383,53.297235083793645,0.08698899287062438,-0.11525900569590805
265.0,-137.52075412850985,-158.70741061439426,-137.800417055588,-158.83593098872734,67.41915495052457,50.540301984184225,0.08238264819914694,-0.10898855566382555
266.0,-158.70741061439426,-137.52075412850985,-158.7687047282972,-137.49836240354375,61.1262810047344,47.9348313923716,0.0779745923378773,-0.09922993376683585
267.0,-176.66324189454807,-113.53457166567546,-176.59813468824157,-113.4716814632378,52.82269253928723,45.498909757960234,0.07380344853721253,-0.08623271881509165
268.0,-191.02271902444883,-87.2371527303962,-191.13917845490994,-87.26047694585951,42.424239543807296,43.2097255338914,0.06983909077748862,-0.06986115063622333
269.0,-201.49352445904444,-59.16383693670027,-201.6411538176798,-59.17314629353586,29.445907773787777,41.67964178657468,0.06705990208367274,-0.049334111500730325
270.0,-207.86250279499586,-29.886116037389897,-207.77993583503212,-29.981979030005558,15.024462975477013,40.27454573182763,0.06446611882380664,-0.026456850735776742
271.0,-210.0,0.0,-209.87314613945273,-0.04408109186883121,-0.6436193312863024,39.74023152247313,0.06324908272411581,-0.0015459587466676368
272.0,-210.0,0.0,-209.9507253767259,-0.04615496640094047,-0.6504551183130428,39.6856446934678,0.06316223048616183,-0.0015360293645295764
273.0,-207.86250279499586,29.886116037389897,-207.82447983877418,29.87216919486045,-16.244200454782852,39.80939939839301,0.0629927833120127,0.023308227223044244
274.0,-201.49352445904444,59.16383693670027,-201.38275056591428,59.16386035405276,-30.36244414940495,40.60437404663562,0.06389929021404818,0.04585700162444168
275.0,-191.02271902444883,87.2371527303962,-191.05820138713761,87.33696100985128,-42.49299387989025,42.16119276377642,0.06603200895793629,0.0652898156184266
276.0,-176.66324189454807,113.53457166567546,-176.6852044518231,113.61464181229171,-53.02797217201982,44.13528143919422,0.06885204662198283,0.08223278002754958
277.0,-158.70741061439426,137.52075412850985,-158.47513634013657,137.5614902341878,-61.01161695714885,46.58334997851414,0.072454992309621,0.0951621635521222
278.0,-137.52075412850985,158.70741061439426,-137.53082829128456,158.8287931095542,-67.06164849733393,48.96334323393379,0.07598240913952282,0.10504759217942
279.0,-113.53457166567546,176.66324189454807,-113.31534579795095,176.5175765257236,-71.41187363832874,51.56203206836708,0.07990171682448313,0.11226775688409174
280.0,-87.23715273039615,191.02271902444886,-87.30603861310179,191.03673185997033,-74.42106265991812,54.39444856654263,0.08423183198879267,0.11737556523841419
281.0,-59.16383693670022,201.49352445904444,-59.16309750800624,201.46912844938547,-76.16741109174747,57.42349030643074,0.08892493636813209,0.12049963092750043
282.0,-29.886116037389897,207.86250279499586,-29.97268457948735,207.92933209601054,-77.3252775632872,60.640521820573326,0.09396588310491322,0.12269992684658619
283.0,0.0,210.0,-0.04744920721343351,209.97930497533125,-77.52382337424712,64.23399659951156,0.0996599698821148,0.12338241586479096
284.0,0.0,210.0,0.26666269781916024,209.91142811451604,-77.58443583480897,64.37638582791853,0.09988742066362787,0.12348273051188415
285.0,0.0,220.0,-0.0974750073669085,220.0090768935437,-79.12740518720499,64.28743094951248,0.09962217894686642,0.1259339829220187
286.0,-19.720647958755354,219.11434467895256,-19.749322721484393,219.02758966405608,-79.14435669474057,61.89491073623473,0.0958263850104348,0.1257202864383719
287.0,-39.28251685570009,216.46450949169852,-39.338785511434516,216.51551578597673,-78.83916381655563,59.56105529319107,0.09214270400884615,0.12499464526743172
288.0,-58.52810602466854,212.07182935308774,-58.656006117714014,212.12383391959807,-78.04846786123618,57.45748435623339,0.08884855168990877,0.12349963609300642
289.0,-77.30246129789539,205.97167154074222,-77.34860679013887,205.9185111768096,-77.03124147892039,55.40981859279477,0.08566558682868207,0.12165174224979383
290.0,-95.45442260586282,198.21315093853218,-95.54005744240514,198.34361239728415,-75.80919551675754,53.48332943023966,0.08269225367819875,0.11948400549153573
291.0,-112.83784102929936,188.85873459241054,-112.92046956779105,188.9488493345854,-73.94988933396054,51.56075824313518,0.07974744400781907,0.11631197035861604
292.0,-129.3127555043441,177.98373876248843,-129.33015997431758,177.96120407173112,-71.5230596856331,49.83458978074995,0.07713472696728908,0.1122485819796543
293.0,-144.74651970673676,165.6757225207944,-144.63571680862984,165.72757318694582,-68.95989635608579,48.15511029863421,0.07461157729884656,0.1079817341018368
294.0,-159.0148700420261,152.03378277711025,-158.8680387195391,152.11568619915423,-65.12919230412263,46.553473344461345,0.07222919732655549,0.10171067638758277
295.0,-172.00292614296657,137.16775640892135,-171.995038061692,137.2948286426876,-60.75381866718323,45.04431735127837,0.07000881160485505,0.09458628696083414
296.0,-183.60611581868662,121.1973359194625,-183.46504789389476,121.16105860410225,-55.387332234664974,43.50638616756502,0.06775870794859178,0.08590478563388122
297.0,-193.73101700848235,104.25110574405967,-193.7180801626491,104.28485401034045,-49.31233601851349,42.11431029209982,0.06574983280102306,0.07611056025519042
298.0,-202.29610996131916,86.46550696386318,-202.15266491908173,86.4320757576347,-42.110455205667044,40.98962355744206,0.06417848075944786,0.064545112815269
299.0,-209.23243358493377,67.98373876248843,-209.1411876296863,67.90812604167871,-33.89272900438475,39.94803836927565,0.06274760875560163,0.05138060710812581
300.0,-214.48414068000122,48.95460547038908,-214.5148942249623,48.919513416751755,-25.53652245783365,38.93165095503218,0.06136253096854316,0.03801547969543255
301.0,-218.00894758894563,29.53131847988423,-217.95396694281547,29.483324086311384,-16.02788971621074,38.68324490550103,0.06120521494521903,0.022839902436408602
302.0,-219.77847463908924,9.870262677113221,-219.7483349883731,9.862582698712911,-5.9157010459284685,38.59048191213487,0.061297872743398055,0.006723878736101369
303.0,-220.0,0.0,-219.88973600171903,-0.0339126546992184,-0.8143546339283545,38.61495332293051,0.061458022313434085,-0.0013968979772122248
304.0,-219.77847463908924,-9.870262677113221,-219.76016581659462,-9.927927984744432,4.419650351496775,38.657470626136586,0.06164686244048747,-0.009725488790650456
305.0,-218.00894758894563,-29.53131847988423,-217.94713479875438,-29.538792908634793,14.610208601639677,39.15883579497493,0.06268498362033291,-0.025922061832722203
306.0,-214.48414068000122,-48.95460547038908,-214.49026471076573,-48.964667083143475,24.341996819643708,40.04427269592398,0.06433210837016214,-0.041368347638724406
307.0,-209.23243358493377,-67.98373876248843,-209.3834198844679,-68.03870283735593,33.43566197628337,40.867256141243296,0.06587552640263664,-0.0557788218536981
308.0,-202.29610996131916,-86.46550696386318,-202.22818925097724,-86.46046427653285,41.629372017503066,41.93163216166888,0.06779514426480894,-0.06873188649146267
309.0,-193.73101700848235,-104.25110574405967,-193.720389690725,-104.24636648185849,49.096640658201146,43.2952181679818,0.07018318225895881,-0.080512218856679
310.0,-183.60611581868662,-121.1973359194625,-183.4957206542324,-121.1379479040818,55.37601788517109,44.86500238266893,0.0728884421719346,-0.09038093686448437
311.0,-172.00292614296657,-137.16775640892135,-172.09306645878345,-137.2420962712156,60.972443770024235,46.429323914473336,0.07557536428381374,-0.09914827730011434
312.0,-159.0148700420261,-152.03378277711025,-158.947490901045,-152.0319404120403,65.30050071521332,48.195824688441576,0.07856796840529862,-0.10587560036098657
313.0,-144.74651970673676,-165.6757225207944,-144.93994261069727,-165.78592495314774,68.98688559882903,49.82025852853508,0.08132177983460694,-0.11157111406075339
314.0,-129.3127555043441,-177.98373876248843,-129.054261288373,-177.87859355479932,71.8849666086755,51.47349181157927,0.08410108090971367,-0.11598900173454096
315.0,-112.83784102929936,-188.85873459241054,-112.74785143793694,-188.86320744404497,74.19291448654413,53.27068459624428,0.08709593033169805,-0.11946251070709295
316.0,-95.45442260586282,-198.21315093853218,-95.92222894730884,-198.38695435299414,76.13691802786497,55.051769123458314,0.09004725146742751,-0.12235042549480749
317.0,-77.30246129789543,-205.97167154074216,-76.9518029089253,-205.85077197541045,77.37336686509973,56.91959051229791,0.09311139070782866,-0.12408596464502696
318.0,-58.52810602466858,-212.07182935308774,-58.64056962432813,-212.0494017541405,78.30833605909224,58.840501664445334,0.09624453020961175,-0.12534975715638294
319.0,-39.28251685570003,-216.46450949169852,-39.41781693853873,-216.55112458560538,78.89628506167574,61.12647044454281,0.09993789499806374,-0.12605008652620678
320.0,-19.720647958755464,-219.11434467895256,-19.893246222933605,-218.9850749669845,79.2126900199085,63.20899642130089,0.10328214655553693,-0.12631454376955165
321.0,0.0,-220.0,0.17400605251506082,-219.8380980413651,79.18173016634474,65.62366969547807,0.10713566538135903,-0.12601950653801955
322.0,0.0,-220.0,0.14383371290256508,-219.97533976712637,79.23302498323699,65.66367682566349,0.10720101950233048,-0.1261015142944782
323.0,0.0,-240.0,-0.046257556560902115,-239.98861982537179,82.23697033708278,65.35933033145122,0.10696173911059625,-0.13088476985552322
324.0,0.0,-240.0,0.12756285702100603,-239.8917171754217,82.23403607698658,65.25800948104039,0.10679929520465963,-0.13087797106164742
325.0,-14.774617472146168,-239.5447988968906,-14.505755515262129,-239.31683778921035,82.34438562666617,63.56577055210417,0.1040989727680853,-0.13123281167775902
326.0,-19.819042913359848,-239.18027832160075,-19.711468367676364,-239.16822654537518,82.44025089572034,63.03465997618893,0.1032518639953608,-0.1314491402162444
327.0,-39.50270166737607,-236.7267128166534,-39.712813301510586,-236.68354814772442,82.1434472529475,60.76334736540573,0.09960652791330077,-0.13122171847628122
328.0,-44.099884275976784,-235.91354392413646,-43.95066853779175,-235.77333815274764,82.10968189048378,60.322145383287925,0.09889318583262553,-0.13121988013097696
329.0,-58.91651691379182,-232.65606382543925,-58.65838086216153,-232.48484854750484,81.75783986703412,58.595458058505606,0.09610480356051156,-0.13084003111261214
330.0,-72.75664178713036,-228.7060801025176,-72.60047372703927,-228.6417622557631,81.34594623305193,57.031107967291376,0.09356799688952595,-0.13035523046692868
331.0,-77.92787260912402,-226.99613800815231,-78.42860127206608,-227.02855456399018,81.0333909545323,56.40143285131165,0.0925460809061883,-0.12992916021120224
332.0,-96.40690191671264,-219.7855983972138,-96.03699123038133,-219.6083151472072,80.02327166082983,54.587426622108545,0.08956812485358356,-0.12853715489826992
333.0,-100.31048277282797,-218.03166523668574,-100.31668480172624,-217.98686299433894,79.73034530608449,54.17529339103222,0.08889233656367358,-0.12812336141613792
334.0,-114.22737432889771,-211.07370028955734,-114.42696292077422,-211.1717235643923,78.61569811896737,52.964698627242605,0.08688215032858065,-0.1265221535131314
335.0,-126.34371909056534,-204.05211257510737,-126.45966166551284,-204.10918383244953,77.36408756791758,51.562811433116735,0.08456448283006014,-0.12467751758796672
336.0,-131.26755794938245,-200.91995478300683,-131.20618286196688,-200.84539457208095,76.73856406344633,51.08414962637,0.08376269736540161,-0.1237400965267233
337.0,-147.41105104552028,-189.39372225513446,-147.4416789948365,-189.4055179357516,74.54640992007648,49.40484976880563,0.08094990477394094,-0.1204500105280416
338.0,-150.46171341458552,-186.97933788616092,-150.49988738563675,-186.89941285950468,73.89252580646318,49.06967147104705,0.08038575974400641,-0.11944677543432917
339.0,-162.54757719017783,-176.5737385615516,-162.4082598087099,-176.57066001196972,71.56988959595664,47.82035928194543,0.0782709216844874,-0.11589602660926793
340.0,-172.298861535466,-167.07214703110247,-172.2134767155211,-167.1428766055195,69.29066591867996,46.58009555976392,0.07618151885564828,-0.11238861368821244
341.0,-176.57373856155155,-162.54757719017792,-176.8682112938952,-162.64544722121272,68.09981515871311,46.158945533148476,0.07545615787479848,-0.11055032224698048
342.0,-189.39372225513446,-147.41105104552028,-189.39892147761034,-147.4629008936145,63.685550798018916,44.54946180499801,0.07270864473020168,-0.10367826558346516
343.0,-191.5241345472574,-144.63231273102164,-191.61642808974003,-144.68747340550576,62.96072701162813,44.258646880121766,0.0722118078168601,-0.10255183044203822
344.0,-200.91995478300683,-131.26755794938245,-200.79405835795933,-131.22601014400584,58.57567338025825,42.95024382920996,0.06996455751040229,-0.09568519901939662
345.0,-207.8460969082652,-120.00000000000011,-208.0486617880065,-120.04401651004599,54.71415700210401,41.89171473624058,0.06814291056219779,-0.0896282517566581
346.0,-211.07370028955734,-114.22737432889771,-211.08853880921296,-114.26055313060421,52.432000747772655,41.4579820931019,0.06738177370173146,-0.08603331656021856
347.0,-219.7855983972138,-96.40690191671264,-219.73280157501327,-96.34364044477518,45.56431911062027,40.14101000235066,0.06506631957656618,-0.075208927810458
348.0,-221.01732430678882,-93.54860959024315,-221.1906319466302,-93.55908138211673,44.36534222625783,39.91928995685064,0.06467933874502943,-0.07331855084147759
349.0,-226.99613800815231,-77.92787260912402,-227.03696656666162,-77.9933109846748,37.81574356471018,38.93585945872621,0.0629235269276187,-0.06296614072042975
350.0,-230.83815436147654,-65.67911761729998,-230.81799477649622,-65.65657204871901,32.09886611254472,38.26185149422168,0.06169972222821238,-0.05391375381471244
351.0,-232.65606382543925,-58.91651691379182,-232.7849643043925,-58.96788154358666,28.868072306919387,38.0205110300761,0.06123370073868541,-0.048795875194399034
352.0,-236.72671281665336,-39.50270166737619,-236.82643039538485,-39.55661338129057,19.42357735023566,37.111246662857646,0.05954883227791018,-0.03381399034634726
353.0,-237.15971329950222,-36.81399717088468,-237.09999821006053,-36.802263144252535,18.073608471471434,36.995573744546256,0.05933100065796894,-0.03166879852319645
354.0,-239.18027832160075,-19.819042913359848,-238.9479801864212,-19.86564906152044,9.439030861828355,36.5728456284373,0.058450785712145806,-0.01794907362747391
355.0,-239.8861727312078,-7.390814053481068,-239.8811394093374,-7.367930874867246,3.155355569563843,36.37874280907169,0.05798880226486434,-0.007959722167678141
356.0,-240.0,0.0,-240.1145063208511,0.027953477002690116,-0.6559715022833682,36.27516324862927,0.05773337307937355,-0.0018966647736679896
357.0,-240.0,0.0,-239.91270751634002,-0.025648012013369522,-0.7991901570902061,36.27274683722696,0.05773018369716316,-0.0016662537806289572
358.0,-240.0,0.0,-239.85391662541065,-0.07488178848067446,-0.7631430615048682,36.34430391588253,0.057844673289700374,-0.001722904504647814
359.0,-239.18027832160075,19.819042913359848,-239.17620196645188,19.81025760956121,-10.940430161064931,36.250234715286815,0.057451424744282956,0.014483050939998302
360.0,-238.97620231080828,22.144406271192548,-238.97271792139372,22.116222982423277,-12.248078022020822,36.30568231356944,0.05751143124241277,0.01656672921252453
361.0,-236.72671281665336,39.50270166737619,-236.60786104002932,39.47085254761157,-20.873931336487725,36.471593181949,0.057562944913095763,0.03032416348442438
362.0,-234.44359626230417,51.34393996955947,-234.49480122502692,51.34990325720069,-26.34955505630317,36.67242882012527,0.057737102346970826,0.03906476788585194
363.0,-232.65606382543925,58.91651691379182,-232.73722934091145,58.89139410075702,-29.650850892738635,37.125818368741,0.05836633379128745,0.044340468330809374
364.0,-226.99613800815231,77.92787260912402,-226.77738537876516,77.87971159731667,-37.997218333987455,38.218910441737144,0.05987349444876168,0.05769711472948874
365.0,-226.3570642731066,79.76515187511829,-226.21036298122127,79.81673970079972,-38.90401919026286,38.23288663149061,0.05987201551497665,0.059147277424170606
366.0,-219.7855983972138,96.40690191671264,-219.90053567778048,96.45639042959539,-45.61387693187115,39.16684212162246,0.06115466649274247,0.06990362397817985
367.0,-214.83918992521498,106.97720538636918,-214.58964687050468,106.9471362445117,-49.916645641084585,39.97442703866758,0.06231149792849334,0.07681673537984757
368.0,-211.07370028955734,114.22737432889771,-210.78052548771032,114.26212769376362,-52.56717277719463,40.36122337499933,0.06283751691563366,0.08108183054119587
369.0,-200.91995478300683,131.26755794938245,-200.73656721043582,131.24160967666552,-58.464004999051554,41.71871956726787,0.06479009195270641,0.09058993859265527
370.0,-200.06457245306868,132.5675935105214,-199.9637571060529,132.6691759464862,-59.086675608966715,41.94199712591909,0.0651279658587368,0.09159041423189844
371.0,-189.39372225513446,147.41105104552028,-189.49727940595247,147.55171450733818,-63.42071291678126,43.26503907409592,0.06705138647243433,0.09861643151117944
372.0,-182.2571799971297,156.14839204901813,-182.2207417516942,156.19509446415054,-65.93445873749418,44.09005467213432,0.06825858433814748,0.10270629780085593
373.0,-176.57373856155155,162.54757719017792,-176.3718231728616,162.6329752974835,-67.7443672569144,44.886926906630606,0.0694480013375631,0.10565848822211371
374.0,-162.54757719017783,176.5737385615516,-162.54410189475786,176.6607477529486,-71.16474362925804,46.29758899735583,0.07152134203657423,0.11127153401840546
375.0,-161.6869544751737,177.36214013295822,-161.59025247282383,177.33645898245774,-71.25489715379744,46.42352747061733,0.071713503924928,0.11142669957707486
376.0,-147.41105104552028,189.39372225513446,-147.25676713162858,189.37145824353925,-73.99441373441634,47.973679830386935,0.07403325572150496,0.11596231743807128
377.0,-138.66571953798027,195.8872589654932,-138.7906542261725,196.03189578594552,-75.3986869298376,48.82734204639363,0.07531033113769711,0.118300971898174
378.0,-131.26755794938245,200.91995478300683,-131.23297446836344,200.86573202973304,-76.3333815648247,49.561735334426714,0.07641995449599671,0.11988114331153171
379.0,-114.22737432889762,211.07370028955737,-114.2572826737079,211.10944381929372,-78.21077984518308,51.33693465902604,0.0791198175104462,0.12307701631311858
380.0,-113.54245364064242,211.44292662858825,-113.44124355084118,211.49614832166472,-78.30325767795209,51.416935785481506,0.07924240729817968,0.12323419336423408
381.0,-96.40690191671264,219.7855983972138,-96.55696417123681,219.93815129442206,-79.57864269572968,53.21414034409173,0.08199935820929713,0.12547081297498763
382.0,-86.69799988491668,223.7933350570454,-86.8991615148607,223.84823620554414,-80.11854608734005,54.247412115098605,0.08359597460459822,0.12644837475778167
383.0,-77.92787260912402,226.99613800815231,-77.72587783822226,226.7879088255604,-80.66290212572568,55.19826389696755,0.08507330012609329,0.12742708925721669
384.0,-58.91651691379182,232.65606382543925,-58.803023126608245,232.55703348479946,-81.48276345682892,57.20614166532035,0.08819828253247934,0.12896368678046002
385.0,-58.539292826010545,232.75126464840227,-58.60812059903447,232.67737341164062,-81.4239091705457,57.14149439401285,0.08809391940480012,0.1288724042405865
386.0,-39.50270166737614,236.72671281665336,-39.67337911618814,236.79454673636704,-82.0642244794737,59.28375338866173,0.09145300757860174,0.13012339097137784
387.0,-29.4931897595314,238.18092232126457,-29.270087547218605,237.9068994010232,-82.18851447791933,60.55579594693692,0.09346390323542236,0.13044861347728637
388.0,-19.819042913359727,239.18027832160075,-19.909526779765827,239.19498419166976,-82.2908187121639,61.638941983804365,0.09517200855451438,0.13072607425685454
389.0,0.0,240.0,0.016963127951325485,239.8919090045068,-82.16456985382096,63.85441107160239,0.09868950190114198,0.1307691821395172
390.0,0.0,240.0,0.10664043853190842,240.01710773690198,-82.23917733448341,63.89749300667048,0.09875653562490336,0.1308890219084976
391.0,0.0,240.0,0.1076521860169749,240.01695052348433,-82.21757579986564,63.835978619208795,0.09865863436193384,0.13085465438921373
392.0,0.0,260.0,0.19869909166383784,259.67355527609647,-84.83220087785797,63.57810916232118,0.09800748846943332,0.13501707449314226
393.0,-19.90280573748887,259.23710830777253,-20.13414754192434,259.3743349536264,-85.24372427322771,61.39018612548717,0.09452896534843741,0.13542301849774266
394.0,-39.68881389690737,256.9529101828906,-39.84522636062091,257.04440476456904,-85.04244848297672,59.183345273148525,0.09104520363758566,0.1348612770807618
395.0,-59.24191231481578,253.16081020822256,-59.375145757686546,253.14198106421995,-84.63747088014192,56.98707979345513,0.08759753144042172,0.13397755281440799
396.0,-78.44735563475001,247.88306193428195,-78.25438934866567,247.7655343641484,-84.0135034398799,54.98884586261689,0.0844830885618309,0.13275326420586475
397.0,-97.19243867859988,241.1506372865446,-97.25634940668617,241.23881748485806,-83.18288455945462,53.00627827656518,0.0814076667730488,0.13119857671008844
398.0,-115.36715784540952,233.00304480987447,-115.38215705626163,233.0028412708654,-81.89245010580188,51.14424022723224,0.07854500695254184,0.12892280021519137
399.0,-132.86485665624872,223.48809781667228,-132.96928501500997,223.6033095525361,-80.6020526701928,49.36213620709904,0.07582381612341421,0.12665367983190023
400.0,-149.58285165684137,212.66163379934656,-149.5946680640209,212.70773119678702,-78.70604506462732,47.676395141122306,0.07327431374171807,0.12343247939107455
401.0,-165.42303500490553,200.5871867537052,-165.4212898818461,200.6881902751414,-76.43976461734862,45.91663970963261,0.07062077897776245,0.11963175382686415
402.0,-180.29245020598285,187.3356143362046,-180.1209715584223,187.2944607844373,-73.57600778150731,44.54623821313879,0.06860374989760033,0.11489391666178646
403.0,-194.10383761911035,172.98468204304694,-193.98147383532532,173.08903480625796,-70.24733255917518,42.99426830592672,0.06630768654154826,0.10942641631060715
404.0,-206.77614653109086,157.61860685132586,-206.77828237485207,157.76614534398593,-66.21196737725715,41.39451437906258,0.06394925810118585,0.10284721098475741
405.0,-218.23501079430696,141.32756300031753,-218.20216229697644,141.36385930425377,-61.40839894617545,40.01783612308389,0.06195908495847416,0.09506218643440215
406.0,-228.41318523684504,124.20715281318833,-228.48673951990293,124.27036876640182,-55.746311697321325,38.71615940763778,0.06009674563765188,0.08592473975743682
407.0,-237.25094028390302,106.3578456645483,-236.95424913183876,106.26158082743568,-49.33559499547442,37.3402529153572,0.05812747558019172,0.07561806587832812
408.0,-244.696412474686,87.88438838621069,-244.82975540265147,87.90317221178157,-41.96874065550649,36.20497472416974,0.05654545915334182,0.0637969019342459
409.0,-250.70590881781666,68.89519057113208,-250.57107644472293,68.85028248863603,-33.900314758009756,35.27788032485423,0.0553032828132551,0.05088528948562775
410.0,-255.24416319918228,49.50168838281375,-255.20644891035,49.4628586513858,-25.367836465111136,34.243629074887586,0.05389465807871532,0.03724865923340347
411.0,-258.2845433375155,29.817690603584015,-258.1457065170883,29.738597706066844,-16.183476950793978,33.92315848442058,0.0536261757815276,0.02259530006686655
412.0,-259.8092070732106,9.95871075940916,-259.6962403905674,9.904340079860267,-6.1511408056090495,33.96212546968709,0.05393110327981615,0.006609351837925888
413.0,-260.0,0.0,-260.2011530884517,-0.008839705994052387,-0.8893517524298303,33.856806108203706,0.05388488875388445,-0.0017712291873902496
414.0,-259.8092070732106,-9.95871075940916,-259.5246775265014,-10.035431943470423,4.252793784815298,34.129798233273455,0.05444216461830473,-0.009946923213040124
415.0,-258.2845433375155,-29.817690603584015,-258.3836435221566,-29.86693142435009,14.253498752487273,34.46136374316463,0.05521274335301641,-0.025849565300630793
416.0,-255.24416319918228,-49.50168838281375,-255.36456389840453,-49.58601488019524,23.991359401358352,35.24968370268531,0.05670889261609676,-0.04131087728846239
417.0,-250.70590881781666,-68.89519057113208,-250.73916673034128,-68.94561428666334,32.923390001599564,36.068982701099024,0.0582499439594975,-0.05546999839359246
418.0,-244.696412474686,-87.88438838621069,-244.68350092122193,-87.92865708758269,41.3267706094099,36.948680894675704,0.0598825119290553,-0.06877023044286872
419.0,-237.25094028390302,-106.3578456645483,-237.34978823747255,-106.39260852340131,48.857401585858135,38.2279174036529,0.062144607579253185,-0.08066578610761455
420.0,-228.41318523684504,-124.20715281318833,-228.37900359798584,-124.23793336410579,55.524453844781725,39.72206328663503,0.06474116581822016,-0.09116686438010062
421.0,-218.23501079430696,-141.32756300031753,-218.41438446580378,-141.43518035321495,61.45176454081243,41.04217219563294,0.067052798618417,-0.10047843592506722
422.0,-206.77614653109086,-157.61860685132586,-206.77503651859539,-157.66382594506396,66.42666734530725,42.6258507911713,0.06977205316819976,-0.1082536928738934
423.0,-194.10383761911035,-172.98468204304694,-193.8836489270477,-172.91628314765512,70.51181853203288,44.08280479309991,0.07227766391041936,-0.11459753244624223
424.0,-180.29245020598285,-187.3356143362046,-180.29462769797863,-187.4144858541773,74.02705872109101,45.86133361940495,0.07528583954702199,-0.12002578659434636
425.0,-165.42303500490553,-200.5871867537052,-165.35670717436298,-200.5988712004224,76.8018761149774,47.46331641783802,0.07799694316786533,-0.12425910133108956
426.0,-149.58285165684137,-212.66163379934656,-149.28738667827614,-212.59592345172078,79.03992091769526,48.96539634220674,0.08053450519014183,-0.12762425973105657
427.0,-132.86485665624878,-223.48809781667225,-133.22267189101603,-223.59816058093114,80.89150438335932,50.645941587606025,0.0833439201187315,-0.13037440221595448
428.0,-115.36715784540952,-233.00304480987447,-115.37946301288456,-233.015815193461,82.38246952118,52.40349195894303,0.08625648617259167,-0.1325288216375123
429.0,-97.19243867859984,-241.1506372865446,-97.11801287857759,-241.051080998804,83.49275582807513,54.18238476603123,0.08918608968970738,-0.13407224969302983
430.0,-78.44735563475001,-247.88306193428195,-78.30814421675923,-247.8165556749898,84.3279540770646,56.2439001534504,0.09254994991620318,-0.13517114503970665
431.0,-59.241912314815835,-253.16081020822253,-59.85560183283286,-253.3346006134659,84.91715864879426,58.2796507924067,0.09585752703378903,-0.13588290545456236
432.0,-39.68881389690725,-256.95291018289066,-39.42065877662514,-256.73329799699076,85.19885556812325,60.44879223709622,0.09935144662031985,-0.13608097383298384
433.0,-19.902805737488805,-259.23710830777253,-19.791791049005255,-259.0687128335206,85.26649600811639,62.59519159259159,0.10279614905522864,-0.13594823272621498
434.0,0.0,-260.0,-0.10477029136311551,-259.9813494564785,85.0591281390541,64.7455435931934,0.10622971759402426,-0.1353770901030899
435.0,0.0,-260.0,-0.32311677173671144,-259.92756660304343,85.03788433730585,64.7776880534946,0.1062802184143769,-0.13534595362592852
436.0,0.0,-270.0,0.22153996094409104,-269.83524036964803,86.1746635443311,64.51698632749311,0.10598663774255317,-0.13714852352972093
437.0,-29.70221966840145,-268.36128287584637,-29.684583695976603,-268.172551152263,86.60268811761857,61.44527656416664,0.10107749690704465,-0.13819600528085665
438.0,-59.04389462572155,-263.46502330940757,-59.44306761702037,-263.53714623747265,86.41576962387937,58.04453532555173,0.0956082794457873,-0.13826296660377857
439.0,-87.66885668526453,-255.37065525917134,-87.79054050447803,-255.45360491008,85.51080107896756,55.0374588396837,0.09072336966463672,-0.1371698351625365
440.0,-115.22963758402902,-244.1764333883459,-115.5558143155942,-244.17080936374904,84.2353436089409,52.091161596016576,0.08589601187219616,-0.1354799221070727
441.0,-141.391686776727,-230.01824038634834,-141.20125640256467,-230.01388476966721,82.06407323303638,49.775661283556424,0.08203739919616815,-0.1323383170094326
442.0,-165.8374324262103,-213.06793753702627,-166.10475395856847,-213.10968051254358,79.17678899908431,47.23290130270798,0.07778344566474381,-0.12804805388894433
443.0,-188.27013629537882,-193.53127855548186,-188.17496803051299,-193.60027496675642,75.26237209785143,44.85200863558608,0.07375520613485978,-0.12208835921040212
444.0,-208.41749574740666,-171.64541201669127,-208.4816268989832,-171.60779146169594,70.14806219230867,42.31657938185704,0.0694506038001014,-0.11419737729095361
445.0,-226.03494913088267,-147.67600269305527,-225.95092316629226,-147.72524927619006,63.260297413564224,40.131078228002515,0.065679781836177,-0.10344910517449908
446.0,-240.9086444269664,-121.9140067439401,-240.73468653134987,-121.97275538165242,54.51639485935191,38.02741935446913,0.06201631465907236,-0.08971380838919368
447.0,-252.85803512320476,-94.67213990204375,-253.10303033389278,-94.75809726932566,44.03704150243488,36.18914579793929,0.05875731424671087,-0.07318687428860174
448.0,-261.7380718036192,-66.2810815280158,-261.61651415631246,-66.31033286085427,31.52692460825581,34.6563546379706,0.05596940234939618,-0.05338066927035165
449.0,-267.4409628521259,-37.085460610970195,-267.34446496500715,-37.13594933304068,17.638855105583474,33.53539894602204,0.05382804807219911,-0.03134727021497068
450.0,-269.8974828967369,-7.439672439403683,-269.84855465173433,-7.509931382248987,2.8851063802935486,32.93535280017418,0.05251021593213306,-0.007896617345773965
451.0,-270.0,0.0,-269.86610779678034,-0.03176127379750239,-0.9274435002365227,32.82271550117425,0.05223936315656713,-0.0018289707259573848
452.0,-269.0778131118009,22.296423277529694,-269.05511005116244,22.28255988337018,-12.408694847760607,32.848595307926495,0.0520072692624311,0.016453940589821
453.0,-264.9919031781528,51.761870619409386,-264.9659478218188,51.72425421910382,-26.365883585068797,33.214649322622044,0.052229290689401714,0.038717576240799835
454.0,-257.689350507467,80.59899897045744,-257.5395998697412,80.64609537829386,-38.894096965778694,34.652168542545105,0.05416296858175162,0.058747797399199005
455.0,-247.2587981968655,108.45776465630172,-247.41463524994626,108.47465340068551,-49.97412246282013,36.258597765398264,0.056378864502058056,0.07650620584060046
456.0,-233.8268590217984,135.0,-233.60966910604134,135.05428477349867,-59.36240765738211,38.24172820252101,0.05920959459635688,0.0916171948451588
457.0,-217.55657852846403,159.90351821954462,-217.55583496502632,160.02193195729248,-66.60323102428374,40.390480180120115,0.06232366148578005,0.10333793402533505
458.0,-198.64545588174556,182.86602433895007,-198.60113938615447,182.8783113571302,-72.41730127776097,42.739376429675,0.06578212451660949,0.11282345187111056
459.0,-177.32304649288827,203.60878463976198,-176.85844579911713,203.49593103386277,-76.93175161397373,45.08361370657945,0.06926059059176186,0.12027470491312306
460.0,-153.84817552777187,221.8800101108162,-154.14499819985468,222.07963443246567,-80.44534160402753,47.23782427336985,0.07246152908205278,0.12614492803882899
461.0,-128.5057961200099,237.45791282575203,-128.67075220425605,237.56644229815063,-82.799082865102,49.82248563308852,0.07638547888244301,0.13020300600303777
462.0,-101.6035304259156,250.15339814799646,-101.56565796974037,250.13075745127807,-84.55422099535112,52.6314360227654,0.08070218744979075,0.1333283504491738
463.0,-73.46793550824049,259.8123600834976,-73.11613529231415,259.47981048899595,-85.8098349816521,55.603027403729946,0.08531712442216682,0.1356751427069461
464.0,-44.44053937579815,266.31755191873503,-44.46950699451808,266.23421105610015,-86.35260698611874,58.568882838788,0.08995470899151668,0.13688982566138022
465.0,-14.873695296083689,269.5900094369954,-14.942856893838899,269.639642810841,-86.38330333201118,61.77341522087375,0.09501317445027255,0.1373002924959688
466.0,0.0,270.0,-0.07177530779146458,270.0043971307152,-86.17705422262704,63.36279995389156,0.09753829168135826,0.1371541625760465
467.0,0.0,280.0,0.24610805327090288,279.73018714859074,-87.48504237777873,63.30134044033351,0.0973213643410332,0.13923978348892596
468.0,0.0,280.0,-0.13683119917136463,280.16154243265015,-87.45452025660587,63.30609200849056,0.0973236439001679,0.139186516177707
469.0,-19.974971295785068,279.286592090871,-19.963296592448998,279.2443682405016,-87.67800001236947,61.17312956564691,0.09394016134553775,0.13929938107201673
470.0,-39.848154716519865,277.15000372666117,-39.84038463449135,277.1447576183789,-87.86811810035226,59.026014871603365,0.09054863605044365,0.13935852924874934
471.0,-59.5182810748335,273.60112247192467,-59.30148788271874,273.3540131697152,-87.58358994751597,56.863700950046415,0.08715363170354494,0.1386673490255031
472.0,-78.8851159156003,268.6580326120593,-79.03356055276875,268.6807950782137,-87.03867702846624,54.84330179911128,0.08399529935983151,0.13755843502061196
473.0,-97.84997028774752,262.3459229999333,-97.89720422321405,262.40699788376236,-86.36065717410042,52.83681820510862,0.08087871656168646,0.1362483103749656
474.0,-116.3162036405282,254.69695869926514,-116.28808255865978,254.75234673057068,-85.40437009832802,50.94930469878579,0.07796839181985603,0.13450109963567827
475.0,-134.18971628161592,245.75011707883155,-134.16029979592565,245.6433842085506,-84.17463696288897,49.18346663970279,0.07526953047871687,0.13232503800414006
476.0,-151.3794288875673,235.55098919273073,-151.29423793855332,235.5895640192307,-82.80329305429528,47.509453744755916,0.0727283850715209,0.1299326375112188
477.0,-167.79774662317712,224.15154745882091,-167.83817544081816,224.32408093184173,-80.9776671012883,45.71029326729846,0.07000290030324069,0.1268244504108712
478.0,-183.3610055046798,211.60988081919234,-183.4618596026422,211.8177961550845,-78.68578895904454,44.32927007300636,0.06795809775465621,0.12298547022177386
479.0,-197.9898987322333,197.9898987322333,-197.97961751589477,198.05341430776832,-75.88612235795479,42.85970442748327,0.06578778339889496,0.11835186384873646
480.0,-211.60988081919234,183.3610055046798,-211.6489086209641,183.44371525691767,-72.68892477375668,41.324897203032805,0.06352398642217862,0.11309595841574199
481.0,-224.15154745882091,167.79774662317712,-224.06132849243212,167.90907377022634,-68.76262851851295,39.77363315838229,0.061245325347557056,0.10669504927566126
482.0,-235.55098919273073,151.3794288875673,-235.3908905386553,151.50323889277723,-64.1988882117867,38.320096928235145,0.059132872402315226,0.0992928781486097
483.0,-245.75011707883155,134.18971628161586,-245.54208988223354,134.25382851247346,-59.066263373258835,36.79994492553117,0.05692472840846837,0.09099973054476207
484.0,-254.6969586992651,116.31620364052826,-254.5752206260893,116.31409510841904,-52.87109374626875,35.613444516490375,0.055256061785985404,0.08102918334332013
485.0,-262.3459229999333,97.84997028774747,-262.3959944857308,97.83460226576666,-45.76488078223273,34.297821603651414,0.05338850073526497,0.06962351333913107
486.0,-268.6580326120593,78.88511591560035,-268.61897374292687,78.8542777523534,-38.10562534913347,33.36509137747879,0.05213646599399609,0.057357217055179856
487.0,-273.60112247192467,59.5182810748335,-273.5897530392888,59.50245910140734,-29.685411386781453,32.338638088087315,0.05073981604342131,0.0438951533159928
488.0,-277.15000372666117,39.848154716519865,-276.96534817792264,39.82219245503503,-21.09006717237015,31.620541830774556,0.049837954045460785,0.03017389730090791
489.0,-279.286592090871,19.974971295785068,-279.2564889447853,19.956614034450457,-11.441313596813485,31.573715951727497,0.05000672154429321,0.014789369499838253
490.0,-280.0,0.0,-279.8505749891679,-0.09209389666960573,-1.1651895387651081,31.673379461344123,0.05041087692843639,-0.001572865652469754
491.0,-280.0,0.0,-279.9043148763739,-0.054081007034328644,-0.985992847678207,31.612980608973373,0.05031428362648946,-0.0018587241951323688
492.0,-279.286592090871,-19.974971295785068,-279.1372420654181,-20.023880168896962,8.986034169894433,31.959443645015373,0.05111026626290963,-0.017720303800152732
493.0,-277.15000372666117,-39.848154716519865,-277.3060062643281,-39.89424675444178,18.70381998761235,32.48825348644865,0.05219524510561554,-0.033164213192957745
494.0,-273.60112247192467,-59.5182810748335,-273.57949072966477,-59.59789947974472,28.06628822499258,33.28536466894167,0.05370519705487628,-0.04801940565350094
495.0,-268.6580326120593,-78.88511591560035,-268.56849106484606,-78.98209542567552,37.05434683512957,34.113553814293276,0.055260698739728324,-0.06226297564257944
496.0,-262.3459229999333,-97.84997028774747,-262.40139276934275,-97.90379335106445,44.95199936038326,35.11775029354797,0.057090660595980953,-0.07475695173922525
497.0,-254.6969586992651,-116.31620364052826,-254.63490218277397,-116.36130216850604,52.14162774283963,36.43036324562815,0.05940579760263301,-0.08610448470032646
498.0,-245.75011707883155,-134.18971628161586,-245.79017779910723,-134.26290743396441,58.436980226752816,37.786446708536694,0.06178331194033572,-0.09601552826395518
499.0,-235.55098919273073,-151.3794288875673,-235.57792179542852,-151.39211626016197,64.208792921041,39.11943645971936,0.06411461197604608,-0.10507658425069236
500.0,-224.15154745882091,-167.79774662317712,-223.92640499650818,-167.77347469460244,68.73865360247088,40.652695999220484,0.06675549237592558,-0.11214338563022276
501.0,-211.60988081919234,-183.3610055046798,-211.6565468807727,-183.38332656198966,72.85826169530134,42.209493419070746,0.06942438585588336,-0.11854967692650274
502.0,-197.9898987322333,-197.9898987322333,-197.686570409442,-197.95767800422448,76.0446678701466,43.85781107941988,0.07222625657691,-0.12344990993790254
503.0,-183.3610055046798,-211.60988081919234,-183.60160858454984,-211.71629771815955,79.00107632369908,45.295268557046484,0.07468254264977471,-0.12798268198436058
504.0,-167.79774662317712,-224.15154745882091,-167.76880470323746,-224.07330394385278,81.18578717737908,46.82015720550563,0.0772608142304565,-0.13126585338065241
505.0,-151.3794288875673,-235.55098919273073,-151.22709462166037,-235.52118234752572,82.89971808585756,48.565885652674204,0.08017942920332606,-0.133791073268068
506.0,-134.18971628161586,-245.75011707883155,-134.2456436936445,-245.84993440737685,84.56318712538456,50.1319596929221,0.08279840939712702,-0.1362305951024542
507.0,-116.31620364052826,-254.6969586992651,-116.27550789641869,-254.59827481495063,85.7027816037647,51.81512485771469,0.08558439064493241,-0.1378242362804031
508.0,-97.84997028774747,-262.3459229999333,-97.77932655677007,-262.3136277049355,86.70094991253431,53.84267896833711,0.08890583295338414,-0.13918634825310439
509.0,-78.88511591560035,-268.6580326120593,-79.3268894220554,-268.83084039950035,87.35555913476246,55.844641322179505,0.09217187112542752,-0.14000220469122465
510.0,-59.51828107483337,-273.60112247192467,-59.4855887341927,-273.44263502119856,87.69574337298361,57.94851554000243,0.09557677146314687,-0.14030062885072508
511.0,-39.848154716519865,-277.15000372666117,-39.89695688874873,-277.12284678717975,87.80275272428334,59.95656789674424,0.09881775750243196,-0.14023103808009954
512.0,-19.97497129578493,-279.286592090871,-19.85598068723226,-279.22689880421666,87.87602508862807,62.191625887256244,0.10240073104327385,-0.14010221337802775
513.0,0.0,-280.0,-0.5848432113487364,-280.17208227187115,87.48907214808185,64.20187790866763,0.10561172214024123,-0.13925034554785004
514.0,0.0,-300.0,0.0072953503376186335,-299.92321106820424,89.77160515804404,63.59442929849954,0.10488682918895448,-0.1428758577560083
515.0,-14.953765698209317,-299.6270763656767,-15.640622915017667,-299.7281160966044,90.08534623636443,62.03602864545585,0.10240416819363463,-0.1435668318211472
516.0,-44.71267985285254,-296.6492478675385,-44.62043878420169,-296.525241120859,90.30226440786191,58.99219700988534,0.09752053416329236,-0.1442669828323042
517.0,-74.02721930708819,-290.72318586872336,-74.02961584559559,-290.6527532933094,90.0614228707712,56.00494103332454,0.09269424841467898,-0.14424384501463286
518.0,-102.60604299770075,-281.90778623577245,-103.04101158171204,-282.0384092535532,89.36670516829862,53.05248675871028,0.08788977185634674,-0.14349346922714107
519.0,-130.16512173526763,-270.2906603707256,-130.18403910847073,-270.3862288109846,88.14655772631922,50.313615712883696,0.08338801926423381,-0.14188396418197644
520.0,-156.43056101384963,-255.98726448964658,-156.49029121278988,-255.81673278230983,86.16615707078752,47.65241147976143,0.07897414895884279,-0.13905423060153063
521.0,-181.14132309764332,-239.13975216687666,-181.26850558696,-239.24034123153618,83.74085049230165,45.38892422004687,0.07516868648113169,-0.13549769341596782
522.0,-204.05182133127593,-219.91556154894775,-204.28070403869617,-220.0960877374582,80.52253817702403,42.967319052384305,0.07108012300145192,-0.13065742005220693
523.0,-224.9343608903204,-198.50575127905765,-225.0254194870785,-198.52660021044676,76.09413070303019,40.63650908609026,0.06710636279743341,-0.1238634506244061
524.0,-243.5814017147571,-175.12310167043677,-243.4372463199904,-175.18932705919258,70.44469920328655,38.46600027861462,0.0633660797889263,-0.11509759027970026
525.0,-259.80762113533166,-149.99999999999986,-259.6503085677626,-150.05783151291348,63.23423428108604,36.30861888138369,0.05962471590972731,-0.10382033986961402
526.0,-273.45175569350204,-123.38613093918327,-273.155054414232,-123.34699635917208,54.19738134084012,34.29618352194766,0.0560946986851682,-0.08960313397127773
527.0,-284.3782038501395,-95.54599507550525,-284.4692985922583,-95.618029901213,43.43294416166207,32.48050259567354,0.05286535684027692,-0.07260956534609736
528.0,-292.4783736545471,-66.7562801868942,-292.3444373010329,-66.82903471669763,31.03325569886177,31.096892946651437,0.05031069564775596,-0.05297129483967633
529.0,-297.67176198005166,-37.303111394245384,-297.65989559119976,-37.32337440330338,17.117225458238117,30.00125416152706,0.048205577341401774,-0.030888343103036998
530.0,-299.9067546002449,-7.47920752142165,-299.7067452446954,-7.537540961166521,2.5551066387536583,29.401217151980035,0.04688580248622326,-0.007737078895089545
531.0,-300.0,0.0,-300.11013770073896,-0.05500701822790535,-1.290158846155965,29.275012060459048,0.04659330245442904,-0.0016220891373148402
532.0,-299.16113915435403,22.419028075927233,-299.1067208365916,22.431120619373544,-12.723919934284135,29.21737413706788,0.0462261818551067,0.01658759563487226
533.0,-295.4423259036624,52.0944533000791,-295.4476649587864,52.04401332984998,-26.2419214548158,29.701893408693596,0.046634649932477165,0.03814697562010464
534.0,-288.7872740850036,81.25214044290156,-288.75138098321065,81.22853523579364,-38.87067342547271,31.112262773351244,0.04852190044415067,0.058328267840405124
535.0,-279.26212459326126,109.6023073099186,-279.13394186671303,109.68256748607682,-50.22355580877838,32.6423471898103,0.0506086296653865,0.07651472585279255
536.0,-266.9615426434406,136.86319720594886,-266.9184839154462,136.86235963730397,-59.43361841734477,34.615276895367266,0.053415774638395426,0.09132259813831937
537.0,-252.00777694523143,162.76387915972782,-251.66293874487212,162.73638471663222,-67.31344465348722,36.78305868832147,0.056549028034120076,0.10405056534802727
538.0,-234.54944474040897,187.04694055762002,-234.45700108784376,187.20211066208557,-73.43304619374767,38.961787817466124,0.059716952057815444,0.11400093434858392
539.0,-214.76005477791557,209.4710454258218,-214.90496222330958,209.59081315124163,-78.37091655943522,41.170016052039124,0.06295726261588944,0.12209925240859065
540.0,-192.83628290596178,229.8133329356934,-192.52105634407602,229.87919119628575,-82.20173033380054,43.380619694256445,0.06622707636913513,0.12847031697918648
541.0,-168.9960174190866,247.87163229479847,-168.86200388338816,247.86578118124694,-85.06403707419376,45.80867778830685,0.069871169567373,0.13331557141661257
542.0,-143.47619358639545,263.46647201106856,-143.51227589651455,263.4621484983366,-87.03970333662521,48.335797925087554,0.07370219789551284,0.1367703993632116
543.0,-116.53043888240843,276.4428635611223,-116.65763406309958,276.3431890171166,-88.54336414940637,50.945653289368614,0.07769815796153241,0.13949243794408073
544.0,-88.42655232327125,286.67184173584224,-88.57990493677498,286.83249295113416,-89.7714148592401,53.83021000417449,0.08216061033872038,0.14179080853934337
545.0,-59.44384295981928,294.05174635456314,-59.56421313390251,294.1502380148936,-90.23621374969844,56.7821828387681,0.08676920079843388,0.14288591333928488
546.0,-29.87035397874497,298.5092326096204,-29.862261633412142,298.38441923753436,-90.22773928685,59.80880176245527,0.09153435852147247,0.14323618480700104
547.0,0.0,300.0,0.42145222729593484,299.58256175067066,-89.69341764004032,63.06464746878415,0.09670152428368625,0.14275666931617628
548.0,0.0,320.0,0.03196505001700284,319.8588264181351,-91.82801733130485,62.59135452012322,0.09569993229728092,0.1461492202011544
549.0,-9.951955926347804,319.84521033343617,-10.095885401309685,319.9289814783394,-92.03023626348057,61.65777429737886,0.09421323403793587,0.14634702611786157
550.0,-29.817365594902867,318.60779135008596,-29.719399170206305,318.5448243873663,-92.562217532502,59.64436204722614,0.09102574065134231,0.14695337196307232
551.0,-49.56741766850712,316.1377407170421,-49.53039089775083,316.2177048343502,-92.61042685547591,57.63273241747538,0.08785263282892596,0.14678747480538315
552.0,-69.12570303247473,312.44461458035425,-69.08086478650371,312.23113171297433,-92.47904836909515,55.6983045297135,0.08482271867787022,0.14633894532681965
553.0,-88.41655448026567,307.54270092759185,-88.56739257775585,307.6273405451238,-92.41015957211634,53.67393252525568,0.08165721307174317,0.1459906544239834
554.0,-107.36533945520803,301.4509643103965,-107.3322941253483,301.3469674715296,-91.75686892932269,51.769482028153966,0.07870310152551918,0.14472109683304163
555.0,-125.89874878936075,294.19297247431564,-125.89188034224374,294.14146942244673,-91.05469595469037,49.8617515372787,0.07575509968754851,0.14337625508596505
556.0,-143.94508032244346,285.7968051797733,-143.5626630121133,285.47493000567994,-90.24146037240577,48.19888542156544,0.07321470494051259,0.1418655368618111
557.0,-161.4345163035647,276.29494556693237,-161.44911835336896,276.46572487281,-89.2370224944513,46.397958922849284,0.07045877688720485,0.14004786939543792
558.0,-178.2993935025371,265.72415448473527,-178.32875952077907,265.69571042831393,-87.88589881489729,44.83608079372154,0.06810487071434801,0.13769076476469447
559.0,-194.47446498577014,254.12532827032112,-194.41213952564667,254.26966556538238,-86.44057422886841,43.278250716698125,0.0657654416032512,0.1351934865237147
560.0,-209.89715254398072,241.5433405290423,-209.70790778646656,241.65975519452104,-84.4770989190673,41.60140938892497,0.06325109897250915,0.13188119165284717
561.0,-224.50778879512856,228.02686852720217,-224.22007893027106,227.9819956311036,-82.09335015186849,40.154690723776476,0.06111608585460039,0.1279096074926618
562.0,-238.24984802592493,213.62820486916914,-238.07775569107403,213.69004731519541,-79.44100614627071,38.80574253563103,0.05914420123671589,0.12351855630860781
563.0,-251.0701648788371,198.40305518744808,-251.04884021267245,198.53298085710034,-76.21756692187768,37.15834303047256,0.0567079116734998,0.11822943692518079
564.0,-262.9191400385282,182.41032262841046,-262.5439599233228,182.40249639192476,-72.39408562537771,35.993199109192005,0.055051077134286884,0.11200339702436268
565.0,-273.7509321219724,165.71187996746417,-273.43488484499056,165.7257391052981,-68.11172454399292,34.398900893757364,0.05271791251086103,0.10505442682024034
566.0,-283.52363502986077,148.37233023530467,-283.5304409485005,148.516617951271,-63.00185912430476,32.85209805278364,0.05046685896947125,0.09679818341774665
567.0,-292.19944007315803,130.45875678134036,-291.91665294821814,130.5014754601485,-57.37973148805876,31.64439534423906,0.048765371372322404,0.08774758366687528
568.0,-299.74478224757604,112.04046374124499,-299.6778593281646,112.08798859324618,-51.027923896024554,30.330298614388667,0.046899430943874575,0.07754331662448571
569.0,-306.1304700900543,93.18870791272064,-306.172525491583,93.22566012363217,-43.586830120360524,29.218902883718897,0.04536159612625112,0.065620908060104
570.0,-311.33179861485996,73.97642307679028,-311.3059397009219,74.03190377064857,-35.80350114396307,28.40054042799405,0.04429419723890286,0.05317048647250665
571.0,-315.328644892378,54.47793783116757,-315.42534260799545,54.52159787401458,-27.20830093072523,27.38072005654486,0.04291004489410281,0.03944035024884618
572.0,-318.1055459008168,34.76868802735189,-317.9778132612278,34.77223153859581,-18.77838220554899,26.73514560988626,0.04212445120463525,0.025992457860254947
573.0,-319.65175834963543,14.924924923973672,-319.63889178669353,14.88636584702778,-9.311335836344433,26.892220574493194,0.04261798543280645,0.01090484241522624
574.0,-320.0,0.0,-320.0433786400677,0.011854936553822646,-1.6527372429503793,26.984799289603174,0.04294749676574375,-0.0012891495572466814
575.0,-319.9613002432478,-4.976579814512195,-317.14175304862874,-5.540401420775126,0.12600888008799582,27.6762813919682,0.04411602304523405,-0.004084575807217778
576.0,-319.0329740242014,-24.858831132481885,-318.1477280108225,-24.514398502405967,10.120899827163669,27.008580439743913,0.04328571800220912,-0.02000425895420388
577.0,-316.87037120629424,-44.64490846205539,-317.3187535561915,-44.61532854788127,20.176102811274646,27.990334275667653,0.04509440330602327,-0.03599745911368371
578.0,-313.48185847970615,-64.25826331382991,-314.74060902886094,-63.827419748438444,29.58235634350001,28.21475866538556,0.04568687577549003,-0.05093640210389285
579.0,-308.8805453418994,-83.6230154281154,-309.13871072981266,-83.36721481367329,37.87589901502781,29.158561677195426,0.047428288261902915,-0.06406737892657088
580.0,-303.0842333795201,-102.66424634091761,-302.6959961434937,-102.81948030809605,45.3797478940736,30.516264953084278,0.04982737150578877,-0.0759312215889643
581.0,-296.11534739751727,-121.30828922892148,-296.23582029193733,-121.28628644879831,52.882794216784816,31.536418083834487,0.051677158114302194,-0.08779357309563847
582.0,-288.0008486619296,-139.48301391211882,-288.1536749527295,-139.50438573846384,59.06453606052681,32.8218778244588,0.05394614740072234,-0.09753313899442581
583.0,-278.77213059198414,-157.11810591146315,-278.6938471626777,-157.06446790238215,64.7901698407618,34.24465894982517,0.05642563174099407,-0.10652991392470079
584.0,-268.46489730505635,-174.14533848192877,-268.3237178432474,-174.12378130143603,69.62299705464376,35.5935829834879,0.058781435967517635,-0.11409459463424124
585.0,-257.1190254843762,-190.49883656853316,-257.3373415226161,-190.62834733163368,73.86437001770379,36.93908741925736,0.06112500375898361,-0.12071039950716597
586.0,-244.77841010388724,-206.11533166412724,-244.92419468350025,-206.231100847972,77.50837477265183,38.528945704095214,0.06384642830648535,-0.12635798972858808
587.0,-231.49079460711994,-220.93440658295893,-231.74899784001818,-220.9833694813938,80.48380900953221,39.89455651763836,0.06620053605337477,-0.13093218411672064
588.0,-217.30758619708354,-234.8987292030272,-217.05858232644164,-234.81458881154535,82.9965334801178,41.496622073603454,0.068919693145174,-0.13475139619767992
589.0,-202.28365695178454,-247.95427427292466,-202.38530788739885,-248.08234396995167,85.20167516325579,42.91639289100393,0.0713418184191261,-0.1380812849945913
590.0,-186.47713153481632,-260.05053242504005,-186.37677537861248,-259.92754364025046,87.00590245441498,44.490828927529655,0.0739926790360897,-0.1407567458497458
591.0,-169.949162322328,-271.1407055864888,-169.8573353865747,-271.07047624206103,88.49664094320558,45.937920323652605,0.07643226371735377,-0.14292701670980415
592.0,-152.76369281636065,-281.181888031766,-153.11373713802308,-281.3423544218662,89.85491997047006,47.58556050750243,0.07918036392772065,-0.14488372652916448
593.0,-134.98721025985992,-290.1352323766632,-135.10886504569905,-289.98538548089,90.76794603414271,49.26138285234827,0.0819533689938837,-0.14611634746115773
594.0,-116.68848841044968,-297.96609987125106,-116.5789502639149,-297.76325161065307,91.57654829214665,51.11246046770017,0.08499470583466869,-0.14717634256109072
595.0,-97.93832146812399,-304.6441944104736,-97.89517395672745,-304.6618080580109,92.0836748796914,53.12969437911994,0.08828971975207855,-0.14775463989134094
596.0,-78.80925018624052,-310.14367974389313,-79.17046402311338,-310.1572416911238,92.42164953566332,54.931906576617315,0.09122533197601938,-0.14806322224814522
597.0,-59.37528122543777,-314.44327943112444,-59.46805021559394,-314.368491236523,92.53324175882797,56.89190276989916,0.09439633786097562,-0.14799953186002554
598.0,-39.71160083624295,-317.52635915624853,-39.7655373005496,-317.48869771506287,92.42022069357309,59.03688195462581,0.09784839134585467,-0.14757835710677777
599.0,-19.894283978073748,-319.3809910827502,-20.134904789290246,-319.3347696577694,92.25821851175529,60.98991882213207,0.10097935485389807,-0.1470801068026936
600.0,0.0,-320.0,-0.1550282537172537,-320.13318708892854,91.78448347505197,63.14439073504378,0.10441808159744265,-0.14608144106872656
601.0,0.0,-330.0,0.3287747426599434,-329.77220513584007,92.7643617237951,62.80787277840216,0.10400054542757853,-0.14763504061571203
602.0,-29.5809719381332,-328.67151701842886,-29.708517031660715,-328.63405427779645,93.36274760905526,59.910990585474345,0.09937607531930354,-0.14895526722834385
603.0,-58.92377528355005,-324.69676423754777,-58.87557353707473,-324.63546323643965,93.55445853704009,56.93483796506195,0.09459041067395282,-0.14961759279642545
604.0,-87.79215903700288,-318.1077440296316,-87.90168073999082,-318.03951535597724,93.41408545601352,54.02047384251954,0.08987127571847982,-0.14974966404666384
605.0,-115.95369194684316,-308.95750731111326,-116.32375148764375,-309.0893569818458,92.7790811384093,51.18476038534476,0.08524848523266562,-0.14908710761573168
606.0,-143.18163390879423,-297.31972640779827,-143.6060172765369,-297.51332073267577,91.80274872663783,48.39143135586722,0.08066099260353488,-0.1478673514903629
607.0,-169.25676154394907,-283.2881018886158,-169.50756235522837,-283.2489874651093,90.11694418885968,45.82453972401839,0.07640096278508558,-0.14550152575751518
608.0,-193.96913325651613,-266.97560814373264,-194.1189378263831,-266.93126803850095,88.0736088974055,43.562628391066234,0.07260117642320346,-0.14255087148493598
609.0,-217.11977956010514,-248.5135837811916,-217.53313252400991,-248.70416451472178,85.44689245471515,41.30416242964872,0.0687834893651884,-0.138657075432643
610.0,-238.52230506303917,-228.05067416566536,-238.19056896482894,-227.9291704956586,81.73247443545056,39.0497534892408,0.06494105531087856,-0.13299838661156083
611.0,-258.0043892144499,-205.75163461338198,-258.2103636111253,-205.87655974947904,77.26580655649431,36.91546723894374,0.06127415551825866,-0.12613464577261863
612.0,-275.4091737280299,-181.79600387919376,-275.4303606976207,-181.84810864652914,71.45339353856235,34.792631083798845,0.05760128105481554,-0.11709479597881878
613.0,-290.59652551272353,-156.37665861608954,-290.3410396381932,-156.39430273628628,64.32993834058135,32.66313322332076,0.053900347876384085,-0.10594007559276765
614.0,-303.4441649419787,-129.69826044579477,-303.4858709459182,-129.80363558565264,55.50087508978401,30.733199019595492,0.050503107013520586,-0.09204916939283225
615.0,-313.84865037740065,-101.97560814373264,-313.5403270611446,-102.05264780449728,45.0527191463491,29.18104788611843,0.04769291616583789,-0.07554354939818099
616.0,-321.7262110200018,-73.43190820558362,-321.7358409461031,-73.45675011505647,33.184160130949095,27.567763927123654,0.044775081815766844,-0.05675452128760544
617.0,-327.01342138341846,-44.29697771982635,-326.93847033440744,-44.35935067404419,19.54657494712772,26.81717187520458,0.04322412240111431,-0.0351133468101618
618.0,-329.66771195863384,-14.805394015669831,-329.5680685086135,-14.892774938739151,5.441123665316663,25.999582493343823,0.04156201213205922,-0.012696028467241324
619.0,-330.0,0.0,-330.03833103002074,-0.04489227217381828,-1.696807028511752,25.80762164429621,0.041074655335790716,-0.0013414182258816635
620.0,-329.66771195863384,14.805394015669831,-329.7892980182727,14.809132904619064,-9.291789654998695,25.651381255476426,0.04064407419051388,0.01074942195168181
621.0,-327.01342138341846,44.29697771982635,-326.6687056242741,44.230992456229785,-22.785749913889727,25.90079388288878,0.04068069799999537,0.03226394453295331
622.0,-321.7262110200018,73.43190820558362,-321.7582476404485,73.466531708901,-35.3718673712745,27.14867169730802,0.04230871036929648,0.052355510855444855
623.0,-313.84865037740065,101.97560814373264,-313.8374276812219,101.9775919621829,-46.93908288123877,28.671354772960356,0.04438296157037773,0.07086231218480148
624.0,-303.4441649419787,129.69826044579477,-303.0598748455866,129.66596631483665,-57.01661320993813,30.34657047866659,0.04671005140392411,0.08703319224170439
625.0,-290.59652551272353,156.37665861608954,-290.35557455254525,156.453029526249,-65.51051910409956,32.26257278267878,0.049431403344072304,0.10070725255486906
626.0,-275.4091737280299,181.79600387919376,-275.53872049690443,181.87175130538026,-72.20398562354899,34.500455645296604,0.05268180214449245,0.1115416969944257
627.0,-258.0043892144499,205.75163461338198,-257.81650095615373,205.78075790843153,-77.75289119004712,36.7815184579764,0.05601941341066512,0.12059009803293692
628.0,-238.52230506303917,228.05067416566536,-238.432310807588,228.20818865640024,-82.28377578087654,38.82367998543584,0.05899494629160293,0.1280386224759052
629.0,-217.11977956010514,248.5135837811916,-217.3366675293637,248.67703627921347,-85.67515855766304,40.949070421904445,0.06212692880970952,0.13369453357525113
630.0,-193.96913325651613,266.97560814373264,-193.62256516770228,266.91733360716466,-88.2765187852096,43.42132617518161,0.06583825762039094,0.13812515293329958
631.0,-169.25676154394907,283.2881018886158,-169.3732807578661,283.3313318468194,-90.28400989064544,45.71236502345963,0.06928353740443663,0.14161715458803736
632.0,-143.18163390879423,297.31972640779827,-142.94180559529693,297.1848820381675,-91.80424114600201,48.21384992420402,0.07309511022130934,0.14436038333661974
633.0,-115.95369194684308,308.95750731111326,-115.88787733132484,308.84680913260195,-92.8472649677459,50.88898586579137,0.07720989800202531,0.14635173603205187
634.0,-87.7921590370028,318.1077440296316,-87.96909518902937,318.11004438504773,-93.53056807802182,53.65221257287029,0.08149426330434316,0.1477811672758425
635.0,-58.92377528355013,324.69676423754777,-58.95826545207618,324.74578883199246,-93.69818836706183,56.49578399959089,0.08593868000809762,0.148403238096226
636.0,-29.58097193813303,328.6715170184289,-29.664494296736155,328.66936522828775,-93.44184415189152,59.486558165421506,0.09065059299605004,0.14835401362707873
637.0,0.0,330.0,-0.20432988311305111,330.1462984010073,-92.87790805454311,62.35776808337793,0.09520217754652398,0.14781727928661575
638.0,0.0,330.0,0.2428359070751941,329.8664810091884,-92.87982811572608,62.37077508936343,0.09522630575550457,0.1478258115862001
639.0,0.0,340.0,0.08729334368227455,340.08417844088734,-93.91524813576963,62.114575543471005,0.0946934156507885,0.14947182880430834
640.0,-19.953789672941483,339.4139747825478,-19.80806316875193,339.2071001584598,-94.4007764025835,60.15266802203215,0.09158168440545744,0.15000091314958594
641.0,-39.83879449922375,337.6579192805177,-39.70466400803478,337.50434505645103,-94.70014921842441,58.30172937999001,0.08865667765858949,0.1502337066535679
642.0,-59.58646674780335,334.73788698101225,-59.603244874060756,334.6968598155233,-94.85709330897697,56.31596765923312,0.08553062291755936,0.15023979355153685
643.0,-79.12873210148251,330.663943840286,-79.39827717712738,330.66996293213305,-94.79501103720065,54.393026964109985,0.08251948504543014,0.14989855732362642
644.0,-98.39822432318226,325.4501335843092,-97.98820544949814,325.11991323963736,-94.58396840545281,52.46749086531397,0.07952287047119369,0.14933500219594442
645.0,-117.32851748131789,319.11442929713485,-117.45663881201351,319.1163281506324,-94.18870894425766,50.498378090229615,0.07646245589830626,0.14846749785018387
646.0,-135.85435493374575,311.67867146395474,-135.9042285544707,311.56652052216447,-93.55873638805276,48.789235730132134,0.07383473363694015,0.14723893825575166
647.0,-153.91187428092726,303.1684926824225,-154.00733606718555,303.06498993301915,-92.62471485631097,47.09640660461457,0.07124463042006622,0.14553068855185436
648.0,-171.43882751285028,293.61322930177914,-171.35824373216965,293.6238809099052,-91.7774539704405,45.49984135040068,0.0688192429043746,0.1439697348756484
649.0,-188.37479559081467,283.04582029438063,-188.32784891493222,283.1373403227231,-90.42660521835388,43.86131096140084,0.06633986917429954,0.14161196601870385
650.0,-204.66139672437535,271.5026937082353,-204.59360103921256,271.46833443791235,-89.1193547619547,42.30252911931569,0.06400190081910404,0.13933220607376198
651.0,-220.24248762546867,259.02364109197697,-219.85946220740558,259.098114223837,-87.50824620700418,40.69529915324117,0.06159541263261134,0.1365810865824037
652.0,-235.06435704595663,245.65168032515274,-234.9251245163217,245.79462277493306,-85.39570807546335,39.30706346498508,0.05954889441184923,0.13303436896377555
653.0,-249.07591093142617,231.43290732668137,-249.0866425241329,231.47687120730885,-82.96195777495375,37.71050228102424,0.057183237483110355,0.12898749933114795
654.0,-262.2288485529799,216.41633715267048,-261.92013152030205,216.5079001617678,-80.22212489184994,36.31282040830005,0.05514208227627078,0.12446974847365568
655.0,-274.47782900985425,200.65373503136493,-274.4253165903765,200.7851516170897,-76.84763139771006,34.86318998110806,0.05302747986971356,0.11894592461111861
656.0,-285.7806275288976,184.19943791768074,-285.4576553729689,184.29758246509587,-73.01772908351278,33.47262264671014,0.051016246032109976,0.1127153330087095
657.0,-296.0982810221099,167.11016718246566,-295.88163268344005,167.24002980074587,-68.60871334263196,31.943409777380584,0.04879133154489919,0.1055705043480695
658.0,-305.39522240047995,149.44483308218253,-305.3746493913092,149.48786659913767,-63.42631502086059,30.459146171732957,0.04664646290912725,0.09720620053017445
659.0,-313.6394031811082,131.26433168305178,-313.63002681280733,131.23270285084826,-57.354547438160125,29.26191382994126,0.044964578952050444,0.08744157890593507
660.0,-320.80240396496725,112.63133493969588,-320.7092163441775,112.58290458660497,-51.08904860279754,28.002128584125654,0.04318797203438286,0.07738302915795159
661.0,-326.8595324044572,93.61007465192843,-326.6210749072814,93.53657051504494,-43.701070358052824,27.0275192488418,0.041870093038108444,0.06555229421544746
662.0,-331.78990832304333,74.26612104443387,-331.9437115249384,74.24379148576843,-35.74623037027722,25.92286197609167,0.04034825452567872,0.052826586973593645
663.0,-335.5765356935504,54.66615673261919,-335.5005325578683,54.62745115161508,-27.341099656322754,25.065781578153388,0.039224409493987394,0.03940584567830299
664.0,-338.20636122698886,34.877746853825215,-338.1642728498652,34.82065288427165,-18.824176050857286,24.38724432339683,0.038387057233362255,0.02581811800575296
665.0,-339.67031936994647,14.969106156300157,-339.6144308358054,14.896891711896451,-9.63395410337117,24.55113931753321,0.038891909980575276,0.011173665449700198
666.0,-340.0,0.0,-339.95136179824175,-0.06497602131264617,-2.2119098360484934,24.666757810324622,0.03925916011520808,-0.0006430112645688188
667.0,-339.9633635554286,-4.991136151167399,-339.90214817452176,-5.591776778971732,0.8348214566240499,25.18703467306382,0.04015489303896298,-0.005491432001670194
668.0,-339.0844835994205,-24.934172978351217,-337.6183315724796,-25.606864846800274,9.973172171228162,25.59158360889749,0.04104387690814373,-0.02000759904106881
669.0,-337.03670918320057,-44.79125654587822,-337.38414706493364,-44.900419694228184,19.7255482074506,25.708397597817264,0.041466079788532444,-0.03552611952031556
670.0,-333.8270994094015,-64.49393537306862,-332.39016496746814,-64.44487154416146,28.32912234456712,26.179710072322326,0.04245555726069914,-0.04915797187884686
671.0,-329.4667184678212,-83.97429024436855,-329.53656579661583,-84.13214100590643,37.335004840219995,26.97440817107051,0.0439614680225147,-0.06345633108809624
672.0,-323.9705974948682,-103.16516834095762,-324.09488258866725,-103.23695227138428,45.1727659878016,27.920513197844297,0.045701217044738465,-0.07586387123558853
673.0,-317.3576827581208,-122.0004147304261,-317.33340923181953,-122.03775834009669,52.399351490683365,29.06131540254005,0.04774711310628805,-0.0872825316994184
674.0,-309.65077034461785,-140.41510041653189,-309.65608926888825,-140.47056209706855,58.725765753411984,30.201297888901266,0.04978719763126047,-0.09725730878971427
675.0,-300.8764275780241,-158.34574616290146,-301.1121303653695,-158.40864114682444,64.60420787450413,31.466087935499644,0.05201986067763487,-0.10650850236932682
676.0,-291.06490143556186,-175.7305413191078,-291.0592716881626,-175.78730241646466,69.56234344811352,32.900999941960805,0.05451643005803913,-0.11427650313242892
677.0,-280.2500142804144,-192.50955689478772,-280.37868270754285,-192.54842791141505,73.86581976017195,34.413464850575075,0.05712886577185182,-0.12099489352436757
678.0,-268.4690472690338,-208.62495214728582,-268.79381557512687,-208.78725635855116,77.65062657944566,35.664303050194334,0.05931851308807517,-0.1268767211102369
679.0,-255.76261183527075,-224.02117397067764,-255.4537032958647,-223.93433449592774,80.80445227763575,37.24428778161576,0.062018642743251744,-0.13173281461222974
680.0,-242.17450969434947,-238.64514839883384,-242.27281625709088,-238.66760164202321,83.68853910884714,38.53791934966845,0.06425795925224306,-0.13616155540118655
681.0,-227.75158184928102,-252.4464635623764,-227.73009561360826,-252.51315387250892,85.8970565065034,40.139449041406614,0.06697643902427843,-0.13949841570341084
682.0,-212.5435471202226,-265.37754346883554,-212.6168311478688,-265.2807845148017,87.92130168000888,41.71619465440086,0.06964227243344548,-0.14253501021744097
683.0,-196.6028307534044,-277.39381200695203,-197.01459765335434,-277.64992602518674,89.55651192992889,43.34554228887674,0.07238694427437899,-0.1449464480298009
684.0,-179.98438370044508,-288.45384660976697,-179.7637396574377,-288.25872912743733,90.97274746952365,44.76384528424699,0.07477416932331736,-0.14698918610701403
685.0,-162.74549319103838,-298.5195210467913,-162.739614668081,-298.4405277975297,92.09147667973532,46.301136052415366,0.0773455397826425,-0.148561204947983
686.0,-144.9455852520043,-307.55613685302063,-145.1829162072142,-307.7438745200127,93.0569135087814,48.097624223272156,0.08031867734354128,-0.1498827289740863
687.0,-126.64601985346424,-315.532542941732,-126.84728223858845,-315.49080374735064,93.67126247492915,49.91427087707203,0.08330483672365745,-0.1506359397097595
688.0,-107.90987938831195,-322.4212429887336,-107.92228416243127,-322.2709468870591,94.1453107265952,51.68874220764744,0.08621203178910972,-0.15115863699690577
689.0,-88.8017512141375,-328.19849021789,-88.92497092000605,-328.197571618366,94.53871723482239,53.72975674323694,0.08953299052402494,-0.1515521033212942
690.0,-69.38750500722522,-332.84436926117934,-69.14272215421856,-332.70206065872117,94.64235316766668,55.49147308216129,0.09239201551575521,-0.15147477236727488
691.0,-49.734065696134714,-336.34286481109206,-50.15391698718872,-336.3733117576676,94.50630597932388,57.42722735454098,0.09551782583897117,-0.15102569116035797
692.0,-29.909182757606843,-338.6819168287142,-30.0026889235949,-338.59613829337036,94.38894751923907,59.44905509017283,0.0987628875173117,-0.15059211782658585
693.0,-9.98119667008282,-339.85346211717945,-10.085631152900339,-339.6895347209518,94.03257072029787,61.302151341789006,0.10172557259839524,-0.14978100286885201
694.0,0.0,-340.0,0.11100588470014466,-339.86489650913967,93.71795108143276,62.26210591292614,0.10325553540085913,-0.14915539222448618
695.0,0.0,-360.0,-0.007865287846732646,-359.8704931527934,95.68769825329882,61.58678931193336,0.10242574364822035,-0.15229179802694914
696.0,0.0,-360.0,0.02855373078343289,-359.9545912023038,95.65244887983245,61.65480780310699,0.10253502838567058,-0.15223525088393533
697.0,-29.728564370039766,-358.7704174824012,-29.782779715396334,-358.5198395636073,96.24152837792089,58.56806407337877,0.09760475179483336,-0.15353789861584535
698.0,-59.25405250106411,-355.09006922498,-58.92388957333103,-354.8678537406161,96.57182949033141,55.85844914004624,0.09324753991837931,-0.1544204795451929
699.0,-88.37477537068771,-348.98409573815894,-88.46611569780646,-348.84485691669414,96.68340535162969,52.95155729919384,0.08854731438462349,-0.15495986088563954
700.0,-116.89180891368603,-340.49420701222846,-117.2385456285396,-340.43779602698305,96.12353716484786,50.36918632521071,0.08433438228391855,-0.15442117816036946
701.0,-144.61035287506894,-329.6783975958207,-144.87291689038082,-329.787297211705,95.52115851445937,47.707481713978076,0.07996771145458441,-0.15380090015729467
702.0,-171.34106149334653,-316.610550434336,-171.62284300799107,-316.69732020575674,94.44120230289748,45.1375881437595,0.07571728621210792,-0.1524097020828275
703.0,-196.9013369240737,-301.37993217451026,-196.8593938048344,-301.30879306312477,92.67759358185016,42.64742835590106,0.0715656109444053,-0.14991190297944548
704.0,-221.1165765682804,-284.0905833827017,-221.36478509039435,-284.05272692218415,90.64518456106066,40.39912006867818,0.06777598259545844,-0.146977340421279
705.0,-243.82136578526675,-264.8606078423274,-243.82729029752286,-265.03456641492875,87.93824732693459,38.31886547975518,0.06423223969250433,-0.14294421369865692
706.0,-264.86060784232734,-243.82136578526686,-264.57161914083525,-243.74247697784278,84.4006341390316,36.09348207165078,0.06042966835405805,-0.13756798267520806
707.0,-284.0905833827017,-221.1165765682804,-284.4448739424845,-221.17193105251988,80.05912952921172,33.929187251017616,0.056708665300309186,-0.13090165069652993
708.0,-301.37993217451026,-196.9013369240737,-301.51704036367215,-197.03253805466173,74.6737955575887,31.80194151250251,0.05302741406458542,-0.12253970783769295
709.0,-316.610550434336,-171.34106149334653,-316.61035387035423,-171.27482766235076,67.74876017261367,29.83848202903054,0.04958701726064151,-0.11170301911269098
710.0,-329.6783975958207,-144.61035287506894,-329.9112058314354,-144.68687993800884,59.65035392517276,27.96132327730899,0.04627380444312105,-0.0989769004313534
711.0,-340.49420701222846,-116.89180891368603,-340.4930908451965,-116.98820896496397,49.80830376699161,26.115367733711405,0.04299665007623917,-0.08344238716171114
712.0,-348.98409573815894,-88.37477537068771,-348.8154364919742,-88.41056929725812,38.53259701935574,24.562346162084058,0.04017494989998545,-0.06559846604566077
713.0,-355.09006922498,-59.2540525010643,-354.9584473135821,-59.336074049160665,25.830219633118308,23.600921325951223,0.03828872019462771,-0.04545723783215482
714.0,-358.7704174824012,-29.728564370039766,-358.74999470970806,-29.7718385344598,11.897275493915892,22.955549835455212,0.0368995071758994,-0.023328703494480817
715.0,-360.0,0.0,-356.8947744021655,-0.16504885070133182,-3.4449660044782084,22.51664603879254,0.03583837653804069,0.0011119530640855179
716.0,-360.0,0.0,-356.61371738272163,-0.62841180506286,-3.2499729665818076,23.040275235991306,0.03667743308238639,0.0008050541032806547
717.0,-358.7704174824012,29.728564370039766,-360.6240752208269,30.033889994576697,-16.138985340217598,21.689507121029536,0.034152098479415326,0.021269439668002085
718.0,-355.09006922498,59.2540525010643,-355.88073494770487,59.690592575294225,-28.955900751811182,22.720934614267836,0.03543046148736587,0.04172628565710269
719.0,-348.98409573815894,88.37477537068771,-349.11754671418703,88.44098276926327,-41.283798192442575,24.25427316711235,0.03751874033981771,0.061429572395983637
720.0,-340.49420701222846,116.89180891368603,-340.0578369151487,116.83779930699768,-52.29455406605937,26.000572788320056,0.03995028746640666,0.07906468866075321
721.0,-329.6783975958207,144.61035287506894,-329.4036988413639,144.66830863356242,-61.70999585773961,27.752933712672018,0.04239841700561727,0.09418031062610512
722.0,-316.610550434336,171.34106149334653,-316.50210017133895,171.34839791407316,-69.51987547396384,29.88323390487946,0.045462144734599384,0.10676812561375564
723.0,-301.37993217451026,196.9013369240737,-301.12129457121546,196.93696077467268,-76.04900910664094,32.108154245987144,0.0486898330021697,0.11734793284015428
724.0,-284.0905833827017,221.1165765682804,-284.2898709504551,221.4289794999448,-81.2393089399207,34.113996365033245,0.05158227679636828,0.1258146855745719
725.0,-264.86060784232734,243.82136578526686,-264.86822130936804,243.90351562679712,-85.30099504273828,36.21443001643504,0.054649975744707716,0.13251691619634556
726.0,-243.82136578526675,264.8606078423274,-243.2866195004748,264.8536125907743,-88.73594630136314,38.48349959304203,0.05800473686891109,0.13824812020910884
727.0,-221.1165765682804,284.0905833827017,-221.07961897708682,284.203229477223,-91.24755820233098,40.621208927787485,0.061170032711024294,0.14251744323373794
728.0,-196.9013369240737,301.37993217451026,-196.92934471354977,301.4142353486868,-93.21871435735697,42.976517015368565,0.06470783923546368,0.1459504034442528
729.0,-171.34106149334647,316.61055043433606,-171.2668168227759,316.6081048674726,-94.56934023550393,45.32972959611876,0.06826701447138708,0.14841427957487957
730.0,-144.61035287506894,329.6783975958207,-144.75620695415964,329.6197736215608,-95.69777830499505,47.909350927790854,0.07221325577955948,0.15053491926205798
731.0,-116.89180891368603,340.49420701222846,-117.31430357107888,340.6140995661826,-96.4910489851279,50.51357385673657,0.07622335808853126,0.15213352900784713
732.0,-88.37477537068771,348.98409573815894,-88.29245659302053,348.8588783752163,-96.90191863246207,53.311293162140885,0.08057509307451749,0.153142878133848
733.0,-59.2540525010642,355.09006922498,-59.24103522620209,355.0904150463194,-96.93989470370393,56.09353403508549,0.08492684949197678,0.15355911089776264
734.0,-29.728564370039592,358.7704174824012,-29.453563374495214,358.69793605764016,-96.58873187752044,59.00800935808163,0.0895211998217617,0.15336502426125165
735.0,0.0,360.0,0.0730931960067999,359.84231872274796,-95.84004221852217,61.79919758413001,0.09394949863106315,0.15253505982252596
736.0,0.0,380.0,-0.35064390186198335,380.2772875937788,-97.5750141648805,61.38223548092633,0.09303561632361293,0.1552911639396709
737.0,-19.887663372318656,379.47922320673814,-19.800608229810745,379.48369452843764,-98.23907575558844,59.5708833356773,0.0901624789603898,0.1561098476009925
738.0,-39.720816041708325,377.91832023994385,-39.82951336153882,377.9243689970162,-98.51933395586865,57.63015605439572,0.08709281257777746,0.15631059892237628
739.0,-59.44509671528774,375.32156942615234,-59.390801314958345,375.1206184910963,-98.72930723808231,55.84512801338104,0.084286189671309,0.15640521521730585
740.0,-79.00644251074856,371.69608827884616,-78.85470903084693,371.63790621958714,-98.95846673138978,53.9438113584772,0.08130280291390646,0.1565315599287104
741.0,-98.35123713895787,367.05181398984604,-98.6384978995115,367.1918615568505,-99.0275847118833,51.97782417195712,0.07822828771437391,0.15639927308567259
742.0,-117.42645786248,361.4014761921583,-117.61987627880778,361.34988144346426,-98.71205968926704,50.214488221677065,0.07549339795814787,0.15566463498942304
743.0,-136.17982082721412,354.7605620689367,-135.87827539851426,354.5939913800884,-98.59341087471724,48.48379573770226,0.07282165452250715,0.15525218941746158
744.0,-154.55992436880408,347.14727390418835,-154.66364920247568,347.14099984395557,-97.94842293833,46.62153596586293,0.06994905262756324,0.15399559527100765
745.0,-172.5163899010278,338.5824791915798,-172.94813257907313,338.68324634328627,-97.2332119864429,45.06807444175673,0.06758022370058915,0.15263337211567274
746.0,-190.0,329.08965343808666,-189.64890208814373,328.97515611568906,-96.50673761938783,43.56661320016614,0.06530946863363461,0.15127261837910794
747.0,-206.9628333057103,318.6948158192611,-206.85880056298416,318.7306831385154,-95.61953315855737,41.882145610386395,0.06275401898234759,0.1496498194646318
748.0,-223.3583958711398,307.42645786248005,-223.8096197689722,307.5745730185171,-94.32918072719418,40.253892500755484,0.06029920225030712,0.14738856356385518
749.0,-239.14174859893822,295.31546535364896,-238.46203316922822,295.1797987754264,-93.12888196688749,38.8731513441697,0.05825348291219296,0.14529878104554989
750.0,-254.26963041636614,282.3950336814098,-254.27529169734206,282.67884525914553,-91.42646093282474,37.1365389948005,0.05564267735440213,0.14239562926940819
751.0,-268.70057685088807,268.70057685088807,-269.00384844799936,268.8261691024231,-89.51732837335602,35.84568985072581,0.05375788048282888,0.1391767701958838
752.0,-282.3950336814098,254.26963041636614,-282.040237055465,254.2946953650684,-87.3734937293313,34.42552673622734,0.05167558725077264,0.13560509509059146
753.0,-295.31546535364896,239.14174859893822,-295.2129860084574,239.22745223316807,-84.72733797088631,33.090106621974556,0.04973472824577185,0.13123228110005267
754.0,-307.42645786248005,223.3583958711398,-307.39326256408225,223.6420515341755,-81.69946024933765,31.632718349444417,0.047606096749541554,0.12626409251889267
755.0,-318.6948158192611,206.9628333057103,-318.8403534414734,207.08016990355154,-78.39773488975429,30.178153162888403,0.04549391726966547,0.12086904119037072
756.0,-329.08965343808666,190.0,-328.6764900898679,189.96868095942582,-74.44402014051377,28.861636934403275,0.04360818055630418,0.11445604583251352
757.0,-338.5824791915798,172.5163899010278,-338.28786192683896,172.50610340156285,-69.79569571905635,27.557710800231188,0.04174678137310975,0.10694029753467658
758.0,-347.14727390418835,154.55992436880408,-347.15621298228325,154.5979817528881,-64.45715992576346,26.19488878716322,0.03979710305376808,0.09833514347613499
759.0,-354.7605620689367,136.17982082721412,-354.91944695717,136.16465044304672,-58.48601961000054,24.751441457765676,0.037725537786576266,0.08873670238876423
760.0,-361.4014761921583,117.42645786248,-361.4370997721312,117.3895907573725,-52.12507477123864,23.588008481943323,0.03610381434261424,0.07853312273331896
761.0,-367.05181398984604,98.35123713895787,-367.055592058231,98.33426566391836,-45.07794351899914,22.55523444421476,0.0346934734600656,0.06724845547660269
762.0,-371.69608827884616,79.00644251074856,-371.75947563394493,78.97091419972212,-37.27354478279788,21.769704996984668,0.03368040695542859,0.05476976077479721
763.0,-375.32156942615234,59.44509671528774,-375.2627529390152,59.35961556072019,-28.996426545762176,20.846774721902573,0.0324516968437392,0.041553413412879645
764.0,-377.91832023994385,39.720816041708325,-377.8613184410952,39.669639591762675,-20.659193471151884,19.98050444394313,0.03131412747735176,0.02825247029633767
765.0,-379.47922320673814,19.887663372318656,-379.42063552571807,19.824942576653402,-12.422475899422793,19.913746102226046,0.03145091574255854,0.015124230218379553
766.0,-380.0,0.0,-379.859091199792,-0.08654898818002717,-3.268872963785577,20.324248634581377,0.03234810631133355,0.0005504489205625973
767.0,-380.0,0.0,-380.0663732543883,-0.09400220328625437,-2.9474352885666377,20.291957717628183,0.032296805000156054,3.6326393792713435e-05
768.0,-379.47922320673814,-19.887663372318656,-382.41412783427387,-19.09376901177059,7.646029193390711,19.70670708862534,0.03159803932327896,-0.01685244886057409
769.0,-377.91832023994385,-39.720816041708325,-378.29030339432256,-39.81293020705934,16.226264858164587,21.124029912161372,0.034107525661573115,-0.03045781368395493
770.0,-375.32156942615234,-59.44509671528774,-376.38329666881936,-59.430369489137455,25.5738561423681,21.294029624971525,0.034618342854437066,-0.0453116122131601
771.0,-371.69608827884616,-79.00644251074856,-371.1288476359161,-79.29668523481078,33.82647942575802,22.023300885166908,0.03602231634356899,-0.05838171900867023
772.0,-367.05181398984604,-98.35123713895787,-366.9765628378773,-98.45775959957707,41.92567091198069,22.674894686917956,0.03729402524585919,-0.07122112969019763
773.0,-361.4014761921583,-117.42645786248,-361.6985456004331,-117.33219559444332,49.224077283156504,23.54983749958015,0.0389176946870214,-0.08277226446293852
774.0,-354.7605620689367,-136.17982082721412,-354.7820552439425,-136.280892161942,56.05733878007383,24.7817982583019,0.04111048530428096,-0.09356303183991976
775.0,-347.14727390418835,-154.55992436880408,-347.2723298870156,-154.6972500162565,61.916846491076804,26.135196779248574,0.04349003058512316,-0.1027967566001174
776.0,-338.5824791915798,-172.5163899010278,-338.5008994188181,-172.55070045564176,67.49218864239401,27.345709319472334,0.045635271852820035,-0.11156276575724158
777.0,-329.08965343808666,-190.0,-329.1832963287848,-190.02599307199432,72.10183924429529,28.575110897369058,0.04780594466907631,-0.11878514011716712
778.0,-318.6948158192611,-206.9628333057103,-318.7227246646044,-207.13005442037937,76.42029469816798,29.922970090193786,0.050160602175691626,-0.12553006509984152
779.0,-307.42645786248005,-223.3583958711398,-307.6653778789701,-223.50830201992247,80.08399003775055,31.369998716651867,0.052664203716679264,-0.1312255983065065
780.0,-295.31546535364896,-239.14174859893822,-295.23348687782845,-239.13630719426405,83.25718562405017,32.543987817375665,0.05472406115723806,-0.13612364290425097
781.0,-282.3950336814098,-254.26963041636614,-282.17759663210455,-254.27430614617413,85.97375520412749,34.00955278118338,0.05724197490384506,-0.14028730253982968
782.0,-268.70057685088807,-268.70057685088807,-268.62489132028253,-268.93758310389336,88.4203283704424,35.5238912036049,0.059831700113368726,-0.1440151650560983
783.0,-254.26963041636614,-282.3950336814098,-254.05181051917097,-282.2632128669636,90.3432297949269,36.771053295464746,0.06197981885712823,-0.14689708159873288
784.0,-239.14174859893822,-295.31546535364896,-239.14260028765503,-295.23248422143655,92.0848456141401,38.151587710979804,0.06433584193493909,-0.14948635657144885
785.0,-223.3583958711398,-307.42645786248005,-223.95123600314415,-307.71860458496286,93.6935771355636,39.68384775482059,0.0669274267130889,-0.1518606840826071
786.0,-206.9628333057103,-318.6948158192611,-206.44367053001892,-318.4393793797845,94.89056607349956,40.99273784019032,0.069141887021662,-0.1535513364662101
787.0,-190.0,-329.08965343808666,-190.3851587144003,-329.1191435246965,95.89921942525012,42.522686310275496,0.07170767042031197,-0.15495998997562999
788.0,-172.5163899010278,-338.5824791915798,-172.5620313195287,-338.62418936228283,96.87182285804475,44.3079890636504,0.07466547603997362,-0.15628965705792414
789.0,-154.55992436880408,-347.14727390418835,-154.96029494754575,-347.0841485375786,97.3590893015435,46.00392475190392,0.0774682504099976,-0.1568495977009517
790.0,-136.17982082721412,-354.7605620689367,-135.73119868339822,-354.48461418712185,97.96159284188413,47.756369475642636,0.08034798611482302,-0.15757301364742812
791.0,-117.42645786248,-361.4014761921583,-117.84128073819454,-361.65661738902304,98.39889193941603,49.61901532292098,0.08340031438170625,-0.15804989943750847
792.0,-98.35123713895787,-367.05181398984604,-98.36802126614634,-367.0101949487617,98.47243717055136,51.34889153729745,0.08621906300539385,-0.15792846182780612
793.0,-79.00644251074856,-371.69608827884616,-79.18302040792497,-371.6300476253218,98.45407408260037,53.509881084842796,0.08971496390040894,-0.15766427788058857
794.0,-59.44509671528774,-375.32156942615234,-59.626762123591085,-375.1296154121621,98.4190253599751,55.35483836301521,0.09269416371829942,-0.1573689911413749
795.0,-39.720816041708325,-377.91832023994385,-39.834398703271894,-377.84704927929397,98.24765696512198,57.29475816942087,0.09581492232106202,-0.15685385333220886
796.0,-19.887663372318656,-379.47922320673814,-19.76685425028135,-379.31232063616727,97.9057425603479,59.09520230369967,0.09869836329693099,-0.15606391298336592
797.0,0.0,-380.0,0.11758589884798344,-379.8200278787064,97.51224824744594,60.9408578231721,0.10164203316544551,-0.1551941231345371
798.0,0.0,-380.0,-0.47658954101205026,-380.06327586021615,97.3558576448836,60.83219490229192,0.10147206980698711,-0.15495249661052046
799.0,0.0,-390.0,0.24563069867508788,-389.8367691405493,98.26946519979543,60.527828240687064,0.10110735092697759,-0.15639770318294138
800.0,-29.854208606233204,-388.85566246165877,-29.728940994084457,-388.5813465966562,98.86001656910476,57.68684090822444,0.09657040402891215,-0.15770469264503276
801.0,-59.53322084536088,-385.429365274336,-59.93363112003473,-385.3415805026138,99.31802094028849,54.81288164900186,0.09195667847795032,-0.15880354526189572
802.0,-88.86286847222375,-379.74121531233385,-88.70908613949071,-379.6028117097867,99.34415936108006,52.08793412356936,0.08754950724884597,-0.15919755806760333
803.0,-117.67103345212502,-371.82459290142293,-117.76097794184113,-371.8947416296308,99.28372857374124,49.387310176245684,0.08315693021719804,-0.1594571772131566
804.0,-145.78865801789976,-361.72595592981696,-146.4551027648604,-361.8493206308694,98.95948498317034,46.66926772056169,0.07870800529519181,-0.1592925436793667
805.0,-173.05073676811426,-349.5045672148117,-172.50483764970105,-349.17325796796786,97.82346011927528,43.99106158179009,0.07429026444360358,-0.1578035343501541
806.0,-199.29728498437316,-335.23214672500836,-199.0250222101521,-334.97682522836203,96.70432470647445,41.441037635122676,0.07005791195582954,-0.15634716700163334
807.0,-224.37427748526207,-318.99245069901986,-224.42605915028298,-318.9883610047263,95.01897707137744,39.25564288225657,0.06638393789297765,-0.15397593874239313
808.0,-248.13455250735828,-300.8807801305578,-248.49047633637733,-301.0654286168786,92.96558346017478,37.2837463155565,0.0630260653676938,-0.15100257757346358
809.0,-270.43867530897427,-281.0034215043069,-270.2762053738574,-280.94292067128845,90.290409716569,34.91548338409505,0.05901041803795532,-0.14701171555671375
810.0,-291.15575642866554,-259.4770230645704,-291.25170579831024,-259.5319606142578,86.89253956494811,32.91846460445984,0.05556984448873361,-0.14186072363521726
811.0,-310.16421979663636,-236.4279102769888,-310.636210821519,-236.63636160661076,82.62854657832456,31.09796962805683,0.05239203496513844,-0.13531176953104962
812.0,-327.35251619146044,-211.9913445004763,-327.1491858389955,-211.8647975952978,77.45930892182336,28.948555019153087,0.04866775869511196,-0.12728690623761757
813.0,-342.61977785526756,-186.3107292197825,-342.5846300964813,-186.37683218118022,71.06928887636725,27.025393860945986,0.04529480222724033,-0.11730591093778324
814.0,-355.87641042585454,-159.53676849682242,-355.87284382504504,-159.7052923690445,63.28192513291493,25.124130350484972,0.04194220174463421,-0.10507467699656951
815.0,-367.04461871202903,-131.82658257931604,-367.1890956015473,-131.8498749397376,54.158720571078135,23.192281432552857,0.03852642415711305,-0.09069323579652831
816.0,-376.058863226725,-103.34278585669811,-376.2780651831725,-103.39429112380493,43.807086762306646,21.504155067945202,0.03549119283918249,-0.07432941126298745
817.0,-382.8662447987734,-74.25253257422062,-382.76067061067783,-74.36018743638255,31.41089378342343,20.51948242305382,0.033568457771372774,-0.05467964967468788
818.0,-387.42681500627333,-44.72653590537603,-387.2708724861264,-44.77780291256844,18.057469891708116,19.958404966629267,0.03231318060417851,-0.03348225179901982
819.0,-389.7138106098159,-14.938066139113738,-389.7749563958749,-14.957142896978203,4.895889030990396,19.573949306686856,0.03133608760317969,-0.012565612717859942
820.0,-390.0,0.0,-389.89624393859935,-0.06470880421944003,-3.486066387768558,18.982019977114188,0.030211615579238075,0.0007731982536085818
821.0,-389.7138106098159,14.938066139113738,-389.00353074704003,14.676923039839778,-10.392634705482036,18.947827375254978,0.029976655997940107,0.011776276163506882
822.0,-387.42681500627333,44.72653590537603,-387.5402003306042,44.89365270056135,-22.801492909392252,19.00765333512838,0.029701808501927978,0.03154350874420545
823.0,-382.8662447987734,74.25253257422062,-382.166912238946,74.15230084409379,-35.52409411952416,20.408424462383355,0.03157287512230466,0.05185796397348586
824.0,-376.058863226725,103.34278585669811,-375.74341788524134,103.38532856838579,-47.05499002837278,21.68250090373836,0.03324261466001617,0.07028862315628591
825.0,-367.04461871202903,131.82658257931604,-366.9532685495636,131.8241875621355,-57.16138423021781,23.294457260172255,0.03545983294718831,0.08648110181732037
826.0,-355.87641042585454,159.53676849682242,-355.4723364889134,159.4735087295456,-66.00222569694584,25.2872680489014,0.03829286933768267,0.10069234468601573
827.0,-342.61977785526756,186.3107292197825,-342.55563885644165,186.4735208919517,-73.3070086158191,27.43672166578567,0.04138316260195398,0.11247645822902172
828.0,-327.35251619146044,211.9913445004763,-327.52918405801296,212.10877028907248,-79.36641821981704,29.50197602881521,0.044356162804230694,0.12230433672023197
829.0,-310.16421979663636,236.4279102769888,-309.8144841556558,236.40579367490577,-84.23943657468094,31.695852594344668,0.04755026081735509,0.1302769377588939
830.0,-291.15575642866554,259.4770230645704,-291.22060530342554,259.72070341765,-88.33842573583411,33.53727970048316,0.05019544601310117,0.13702840035553865
831.0,-270.43867530897427,281.0034215043069,-270.6285779865181,281.02032418485396,-91.4215532366426,35.72086409135937,0.05340987263006685,0.14218754017480842
832.0,-248.13455250735828,300.8807801305578,-247.8700535007683,300.98775724043566,-94.20021946507177,37.90704854072853,0.05664475263541056,0.14688864786133776
833.0,-224.37427748526207,318.99245069901986,-224.30088822925734,319.1079123562495,-95.88345665851675,40.136089427765775,0.059970464342549504,0.14985625398633717
834.0,-199.29728498437308,335.2321467250084,-199.53715978765345,335.26843986489285,-97.4116949497682,42.502529110928144,0.06353885253161247,0.15259180147949417
835.0,-173.05073676811426,349.5045672148117,-173.16330343840386,349.3603747473531,-98.5238901937214,44.89627219046469,0.06717602942341076,0.15468491509028948
836.0,-145.78865801789982,361.72595592981696,-145.67816820302252,361.6546579293515,-99.36111143517826,47.52444020321732,0.07120832097586924,0.15635400378626474
837.0,-117.67103345212502,371.82459290142293,-117.67191875285475,371.84202229038664,-99.90751966361292,50.168958696444065,0.07529243850386313,0.1575666312685118
838.0,-88.86286847222367,379.74121531233385,-88.75395851893752,379.6040018923295,-99.94154061969847,52.87273584977893,0.07950057273997525,0.15797493477627625
839.0,-59.53322084536106,385.4293652743359,-59.708453363537124,385.49953692182766,-99.56495491889122,55.71586607948856,0.08395335258153228,0.15773129953212464
840.0,-29.854208606233303,388.85566246165877,-29.982783634620137,388.6951529419668,-99.17919670084389,58.54484355448282,0.08841667344923738,0.15748139573045913
841.0,0.0,390.0,0.05351158148136659,390.1349217054363,-98.43067630357096,61.36375200731009,0.09288547278416065,0.15665794221080276
842.0,0.0,390.0,0.2581047692527499,389.58309167647303,-98.47773024428272,61.35240636336828,0.09287417387839574,0.15673533653058527
843.0,0.0,400.0,-0.10299054383354052,400.0965019955891,-99.3044565065495,61.12678625646055,0.09238633087468377,0.15804668991831852
844.0,0.0,400.0,-0.060027654883049834,400.08499941151445,-99.32613378896639,61.107947262882284,0.0923564885570103,0.1580817165501484
845.0,-19.938354264278892,399.50276848756886,-19.597739097133726,399.18940981438124,-99.86402724215077,59.28454268896729,0.08946541830656046,0.15869852274746593
846.0,-39.82713863832662,398.0123101461606,-40.292129217640316,398.2935959901215,-100.27236566392965,57.39060847843816,0.08646209939919798,0.15909496989588431
847.0,-59.616906470469765,395.53233049005144,-59.73381421122824,395.5952493560988,-100.6002670872578,55.461570681269926,0.08342498696891695,0.15937873943089828
848.0,-79.25845727975904,392.0689951394176,-79.19332522944242,391.8821214172415,-100.86562293870493,53.71455032699375,0.08068999229539832,0.15956274628173853
849.0,-98.7029590761175,387.63091449163113,-98.66737154285475,387.67578665613524,-100.88975284155322,51.828578324586196,0.07773988949594278,0.1593626520979974
850.0,-117.90206976436166,382.22912231445633,-118.13155572881537,382.0822270394668,-100.73128275366157,49.9927739655343,0.07488662028589242,0.15887206178411573
851.0,-136.80805733026747,375.8770483143633,-137.1325773395407,376.1453656048588,-100.65911307954802,48.31533942761897,0.07228960888259756,0.15852449518416434
852.0,-155.3739185098779,368.5904847481631,-155.35278817497166,368.5479427497842,-100.21483873296388,46.45946059472272,0.069428931413842,0.1575942681728825
853.0,-173.5534956470233,360.38754716096764,-173.68419789579252,360.41253398562304,-99.6660857967258,44.69624716966384,0.06672232422102942,0.156496396471961
854.0,-191.30159144852726,351.28862934809143,-190.87448337296686,351.14569764366206,-99.25844724181313,43.17736878339667,0.06441844488301007,0.1556370906019868
855.0,-208.57408135179924,341.31635265286224,-208.86992089622484,341.5632642841301,-98.3562607352332,41.491754578423716,0.061853062355728065,0.15398082654570905
856.0,-225.3280232254488,330.495509726398,-225.61655492740525,330.63986031953806,-97.38916767666838,39.9580482088781,0.059545871488093434,0.15223655456604543
857.0,-241.52176413019092,318.853002889169,-241.3956624880475,318.92722734404447,-96.07172384755553,38.683096373376536,0.05766016691814977,0.14994653128733065
858.0,-257.1150438746157,306.41777724759123,-257.0340714122931,306.60249632702875,-94.72951020082591,36.974896185975005,0.05509242252840202,0.14761880875186686
859.0,-272.0690951083678,293.22074873193054,-272.27633462935626,293.33949139744016,-93.1581608965098,35.55300036011151,0.052991836697482496,0.14493125707669685
860.0,-286.3467397038874,279.2947272344291,-285.8361683450326,279.2555638651675,-91.42520862426971,34.21981226674347,0.05104248742457843,0.14200711095835333
861.0,-299.9124811870936,264.67433503874383,-299.707918402496,264.8487773757581,-89.324601857615,32.76454333072942,0.0489027945009242,0.13849400450767355
862.0,-312.73259298721194,249.39592074349335,-312.04337697902434,249.30988789050534,-86.75335816644098,31.375233003948324,0.04688194279893605,0.13425067104769448
863.0,-324.77520228634256,233.497468893916,-324.9115186704305,233.78935701829505,-83.86207932057609,29.912252205647054,0.04474361606248857,0.12949146206373638
864.0,-336.01036926030855,217.01850554630377,-335.9733135255526,217.01956308368585,-80.4283891242202,28.61209657274264,0.04287973331620158,0.1238911008842798
865.0,-346.41016151377545,200.0,-346.5346608246068,200.07373206049428,-76.7016444582057,27.13122430832909,0.04073038703932678,0.1178304579980523
866.0,-355.9487235245875,182.4842629412652,-355.7274635764777,182.53911007652638,-72.35555246044703,25.865337104705986,0.03893041102053236,0.11080085374638816
867.0,-364.6023409246693,164.51484125224457,-364.39313638552284,164.5073522114211,-67.41070280634621,24.505084159828623,0.03698633566959592,0.10282475283362356
868.0,-372.3494994576816,146.13640974655812,-372.1889548274589,146.10651793183266,-61.736775848016016,23.117118264834442,0.03500267385750746,0.09369894243505242
869.0,-379.1709384668527,127.39466010067366,-378.83160886578753,127.32052287777134,-55.601110686490756,21.88034527299234,0.03326436007794558,0.08385237563511931
870.0,-385.0496987800048,108.33618725720208,-384.9471327159081,108.30110713970126,-48.67527687421473,20.75511679847432,0.03170643360823754,0.07275467211786826
871.0,-389.9711648727295,89.00837358252579,-389.9274236972769,88.94542433389567,-41.15384551763118,19.839548099401608,0.030486309288482026,0.06072294883406362
872.0,-393.92310120488327,69.45927106677213,-394.12769638890296,69.43505771816253,-33.096532437945136,18.985507429862782,0.029366004277540478,0.04784789616164864
873.0,-396.8956826400688,49.737481858994045,-397.0100615001386,49.707342497716006,-24.655164993522988,18.19760908738375,0.02835362991205606,0.034377742361979394
874.0,-398.88151887247204,29.892037434569644,-398.6495177063114,29.83613274113826,-16.68291248420188,17.589738252121617,0.027629535596923573,0.021669430041947126
875.0,-399.8756728003265,9.972276695229262,-399.66359228290526,9.888578602107819,-8.214825136838032,17.66884209886762,0.02799973043357762,0.008179631099449572
876.0,-400.0,0.0,-400.010867260019,-0.06948346454938548,-3.859663288836867,17.92510631036818,0.02852954370953353,0.0012439226714799191
877.0,-399.8756728003265,-9.972276695229262,-400.32216265522476,-10.070370619068578,1.9178877506142182,18.45027376844192,0.02948785427223449,-0.007955147823723592
878.0,-398.88151887247204,-29.892037434569644,-400.1119066800902,-29.77269196575791,11.373281899563354,18.3117549974895,0.02950868859618065,-0.023001300001374566
879.0,-396.8956826400688,-49.737481858994045,-396.81981790578885,-49.62947460454907,20.07929648541842,18.735795342701945,0.030426755244571252,-0.03681703443915677
880.0,-393.92310120488327,-69.45927106677213,-392.4114743386672,-70.1335296305035,28.892197378793412,19.64427457378686,0.032123757453452875,-0.05078921297668064
881.0,-389.9711648727295,-89.00837358252579,-389.8713604086882,-89.06642586003555,37.36103158338501,19.74840518450493,0.032521357134173506,-0.06423667252915585
882.0,-385.0496987800048,-108.33618725720208,-385.2507869551591,-108.16721885899294,45.169770437857686,20.52608047476876,0.033992992693503955,-0.0766080783714531
883.0,-379.1709384668527,-127.39466010067366,-379.1774734505008,-127.41703681976882,52.16211129157676,21.76520725302413,0.036200876210608524,-0.08766235477225288
884.0,-372.3494994576816,-146.13640974655812,-372.4463249536006,-146.249411150318,58.52831148086736,22.998517144083113,0.038394389443391436,-0.0977120408676028
885.0,-364.6023409246693,-164.51484125224457,-364.78457904782334,-164.61457252168114,64.47850305684635,24.120761571580204,0.04040541455641158,-0.10708823168995896
886.0,-355.9487235245875,-182.4842629412652,-356.0184975372663,-182.57263489472066,69.67741212201402,25.371506526298862,0.04261596888001574,-0.11525519449158186
887.0,-346.41016151377545,-200.0,-346.62567140745267,-200.12089495719852,74.26128554686495,26.715581243180832,0.04497004329569883,-0.12243562194551477
888.0,-336.01036926030855,-217.01850554630377,-335.9907583933153,-217.13748187484578,78.3573713789949,28.031610641009063,0.047272970813221064,-0.12882449952946762
889.0,-324.77520228634256,-233.497468893916,-324.7155923532411,-233.6466806853925,81.94397271175909,29.349536935595225,0.04957270336731621,-0.13439466618695373
890.0,-312.73259298721194,-249.39592074349335,-312.2974066086014,-249.26041926844076,84.85293754690768,30.619196856095304,0.05178465092408896,-0.13887234233097703
891.0,-299.9124811870936,-264.67433503874383,-300.0296046368839,-264.69538054678054,87.67146125924013,31.928542971902328,0.05405757154161712,-0.14320791870343788
892.0,-286.3467397038874,-279.2947272344291,-286.3508001258102,-279.4497710021011,89.93317212419578,33.471965133231876,0.05669470082378216,-0.14664001939570748
893.0,-272.0690951083678,-293.22074873193054,-271.6874291425629,-292.98394640652685,91.82723449803757,34.58494418259817,0.0586318146754341,-0.14947493138229231
894.0,-257.1150438746157,-306.41777724759123,-257.5745763863922,-306.27998353116226,93.5896813105597,36.09853611193647,0.06120360725517216,-0.15210711287895068
895.0,-241.52176413019092,-318.853002889169,-241.56963799397113,-318.98284444617843,95.13058198163226,37.453276543582426,0.06351531521121047,-0.1543635204188061
896.0,-225.3280232254488,-330.495509726398,-225.1037894110726,-330.4377561326999,96.25616044570206,38.80839507609332,0.06581234133311953,-0.1559532773818596
897.0,-208.57408135179932,-341.3163526528622,-208.74634072901813,-341.27315155678843,97.40516492298332,40.30457793679985,0.06832629110743223,-0.15758164557355328
898.0,-191.30159144852735,-351.2886293480913,-191.60484435325847,-351.48915086984925,98.23256737357902,42.15225057657772,0.07139206851223162,-0.15868856603185888
899.0,-173.5534956470233,-360.38754716096764,-173.83426582809895,-360.4745146215891,98.93335999840319,43.985327851967355,0.07441954511281137,-0.1595862763419918
900.0,-155.3739185098779,-368.5904847481631,-155.40832714240784,-368.37728926370863,99.48611095149623,45.654917270904775,0.07717356426903657,-0.16024034483562202
901.0,-136.80805733026747,-375.8770483143633,-136.48488835466722,-375.60113401109373,99.83031468691371,47.359714925043356,0.07997530423595776,-0.16055640725338788
902.0,-117.90206976436166,-382.22912231445633,-118.62321055007097,-382.5301276678579,100.2353462688087,49.17462938195137,0.08294868950435348,-0.16098228355355504
903.0,-98.70295907611741,-387.63091449163113,-98.7004064603668,-387.3809765539254,100.40919758280357,50.97381628694504,0.08587159261382159,-0.1610149824722088
904.0,-79.25845727975914,-392.0689951394176,-78.90655815006545,-391.7395104418695,100.2719298020301,52.74699728901249,0.088747076674861,-0.16055409929056788
905.0,-59.616906470469665,-395.53233049005144,-59.72632614423824,-395.45101024580305,100.27692400456404,54.590666297503624,0.09172682167353717,-0.16032714802973533
906.0,-39.82713863832672,-398.0123101461606,-39.55133738744467,-397.83998003748434,99.90578544471539,56.46048417553999,0.0947319869014762,-0.15948938012604053
907.0,-19.938354264278694,-399.50276848756886,-20.491180874144558,-399.5177273637125,99.70209015105712,58.23099117763392,0.09757038363908539,-0.15893175977760393
908.0,0.0,-400.0,-0.47099023543030505,-400.0723570288574,99.32881835643133,60.19056433478767,0.10069593371665994,-0.15809249253366614
909.0,0.0,-420.0,-0.13835176153912496,-420.061527327375,100.8438197115172,59.264466153740955,0.09946680950999814,-0.16049961826382894
910.0,0.0,-420.0,0.09488797513770246,-419.79715295329817,100.85051374914708,59.34853072647238,0.0995973646471022,-0.16050741567488183
911.0,-29.962456943677395,-418.92988813630654,-29.833309072917373,-418.7818043390436,101.36959344388539,56.48850945165964,0.09503306446782457,-0.16170008648496728
912.0,-59.772232074779794,-415.7250055899917,-59.68822742115777,-415.4899857125279,101.84365328729531,53.73109211231278,0.09060418365716609,-0.16282020853404233
913.0,-89.27742161225005,-410.40168370788706,-89.26811058947926,-410.1621612085831,102.09805150814907,50.98723987766564,0.0861719574724269,-0.16358735990435638
914.0,-118.32767387340054,-402.9870489180889,-119.07585906390706,-403.36257557636833,102.11436411971142,48.28071005023178,0.08178110712503812,-0.16397837691891484
915.0,-146.7749554316212,-393.51888449989997,-147.0385820630905,-393.5777532276824,101.62591585165488,45.67563528238048,0.07751516740691193,-0.16354344606582416
916.0,-174.4743054607924,-382.04543804889767,-174.0651662490337,-381.7822432462386,100.95776026129563,43.06103746655836,0.07320944645031686,-0.16281103725954152
917.0,-201.2845744224238,-368.6251756182474,-201.31707480088323,-368.4836418428087,100.03465604668581,40.62730857767727,0.06917317901159814,-0.1616756246568157
918.0,-227.06914333135092,-353.32648378909613,-226.83988538782378,-353.18262112111483,98.69650558444418,38.12974505141853,0.06501079201702113,-0.15985846921899904
919.0,-251.69661993476566,-336.2273211882314,-252.52011374785562,-336.47698794738284,97.24521925775785,36.00274960474082,0.06142098018802375,-0.1578631803517053
920.0,-275.0415082570197,-317.4148212287885,-274.64495738409806,-317.2575798655718,95.00770558463132,34.03074698203477,0.05804706096671215,-0.15457302909835385
921.0,-296.98484809834997,-296.98484809834997,-297.55003880923414,-296.95031528789815,92.44099860417788,32.10876415693301,0.05473942777682005,-0.15076850597509736
922.0,-317.4148212287885,-275.0415082570197,-317.3875292235708,-275.1081903366325,89.23959653417599,30.077162281474603,0.05123853305635892,-0.14591626553937462
923.0,-336.2273211882314,-251.69661993476566,-335.90495825201293,-251.5096853070656,85.02369410689543,27.99556125295881,0.0476365518731329,-0.13943323088137696
924.0,-353.32648378909613,-227.06914333135092,-353.5074806723513,-227.08785965247128,80.12115267848866,26.00938829589168,0.044176365997355894,-0.13184617147548122
925.0,-368.6251756182474,-201.2845744224238,-368.6898963069277,-201.4944057312717,74.08271127673208,24.0732327745834,0.04078143644340101,-0.12242163213126982
926.0,-382.04543804889767,-174.4743054607924,-381.781391669696,-174.422559938463,66.70392066781106,22.079347132657944,0.037276520723686785,-0.11083825332531907
927.0,-393.51888449989997,-146.7749554316212,-393.5554663898626,-146.92695729296986,58.1097201604702,20.42650930855405,0.03430920972566392,-0.09730435517233542
928.0,-402.9870489180889,-118.32767387340054,-402.8348224186596,-118.40133573559812,48.10839820319509,18.80777336412597,0.03138355894116206,-0.08150040092434127
929.0,-410.401683707887,-89.27742161225025,-410.4492121950384,-89.3288855812237,36.867795580549306,17.121279371710163,0.028343370878952605,-0.06370367944210323
930.0,-415.7250055899917,-59.772232074779794,-415.80615370879605,-59.829387648032046,24.442857057002744,16.55979492235114,0.027088461072211818,-0.04399438192313982
931.0,-418.9298881363065,-29.962456943677598,-419.0364662445156,-30.026713525543645,10.487426414677694,16.40300757636746,0.026473933719477174,-0.021823185776108017
932.0,-420.0,0.0,-420.00724340055905,-0.05070706266219474,-3.8213941824687248,15.646868401438082,0.02490338550799332,0.0009381204209079923
933.0,-420.0,0.0,-420.2559354404619,-0.05683165292075043,-3.803874643291806,15.66404086126363,0.02493079133434689,0.0009071914836351006
934.0,-418.9298881363065,29.962456943677598,-420.03566087793996,29.828903848721552,-16.501299258034365,15.661088622698975,0.024560082908823232,0.02111846809995629
935.0,-415.7250055899917,59.772232074779794,-417.808073582597,60.290420432855285,-28.4950176987535,15.965856612294951,0.024672074862014018,0.04023434506005866
936.0,-410.401683707887,89.27742161225025,-410.3313936618876,89.2193290628522,-41.09122020554938,17.609191636559466,0.026933232225514456,0.060373390687643025
937.0,-402.9870489180889,118.32767387340054,-402.7707541974853,118.25003603844101,-52.27960695073355,19.000748727568716,0.02879242584104776,0.07827285619124941
938.0,-393.51888449989997,146.7749554316212,-393.5587632386393,146.91753626664516,-61.783067152058514,20.85925722575598,0.031399243886123786,0.09351090186978923
939.0,-382.04543804889767,174.4743054607924,-382.3715422173157,174.5362899485153,-69.97153844119818,22.817609065557306,0.034177811515228154,0.1066802682824648
940.0,-368.6251756182474,201.2845744224238,-368.6060209574214,201.32666337964804,-77.00163739230926,24.93838061641792,0.037225023293496536,0.1180376042328336
941.0,-353.32648378909613,227.06914333135092,-353.0573390173686,227.26728301675925,-82.62949356509881,26.87208578540614,0.03998491658981418,0.12718503980782894
942.0,-336.2273211882314,251.69661993476566,-336.4174263227986,251.91186840491764,-87.30623843067838,28.92254732001079,0.042946505909671535,0.13483209899654014
943.0,-317.4148212287885,275.0415082570197,-316.74452476304083,274.93638784830546,-91.04649714616227,31.19127998730423,0.046275325430220476,0.14102583911835284
944.0,-296.98484809834997,296.98484809834997,-297.0056971132476,297.26054203334525,-93.9569269592411,33.174457335058264,0.049158246898779324,0.14589967291781883
945.0,-275.0415082570197,317.4148212287885,-275.34362710860427,317.40995151027,-96.29615191824041,35.28251807816672,0.05226656050358718,0.14988795985378045
946.0,-251.69661993476566,336.2273211882314,-251.6225095784648,336.3033890637118,-98.41448263500217,37.539302397461206,0.055626956885511704,0.15354989978340033
947.0,-227.06914333135092,353.32648378909613,-227.0512524131682,353.40667462055825,-99.97092252785608,39.79013133211299,0.05899979892133434,0.15632797432903933
948.0,-201.2845744224239,368.62517561824734,-201.34774858243645,368.8720562130534,-101.09697479366827,42.0060720025459,0.06233717392551027,0.15843493228598032
949.0,-174.4743054607923,382.0454380488977,-174.9097495023287,382.14634031426317,-101.83548638327181,44.49527202653238,0.06613628900986097,0.1599340954436364
950.0,-146.7749554316213,393.5188844998999,-146.49610528115872,392.9674833448317,-102.27326588968788,47.17988666973209,0.07027645967235444,0.16097882429788155
951.0,-118.32767387340044,402.9870489180889,-117.88978104425946,402.6508294913231,-102.79246348833742,49.87895004553508,0.07445356077457203,0.16215549381741282
952.0,-89.27742161225025,410.401683707887,-89.15298737253538,410.33492791454637,-102.74513145255521,52.462385527878865,0.07847111910138542,0.16243210127529428
953.0,-59.772232074779794,415.7250055899917,-59.55390560023498,415.33634968320104,-102.38782968339886,55.21723093294863,0.08279433946137715,0.1622259369993967
954.0,-29.962456943677598,418.9298881363065,-30.12817386480734,419.06055303641796,-101.79957183186367,57.954337977138586,0.0871049704024893,0.16165007168882306
955.0,0.0,420.0,-0.1567145199360541,420.1309688815195,-101.0192929468085,60.792860262802414,0.09160950957707277,0.16077527892285398
956.0,0.0,440.0,-0.09773864505660922,440.1799089635612,-102.56146284149698,60.28332385995287,0.09055301837980959,0.16323044081706545
957.0,-9.943763205002249,439.88762380103725,-9.475753337648484,439.53298822327264,-102.88663562153492,59.44825301778176,0.08923188467693109,0.1636331170785619
958.0,-29.810975076557256,438.98895859119835,-29.80975563315192,438.86732543673276,-103.35673656400047,57.621457707174805,0.08633260199401713,0.16413227599154714
959.0,-49.617284834201364,437.1934640930508,-50.1327162317595,437.51997466888247,-103.67526076193421,55.809972470445125,0.0834660346646834,0.16439032825039454
960.0,-69.32222932200266,434.50480839897233,-69.04483348408853,434.2559522348195,-104.20063431045747,53.98630705417623,0.0806035554034341,0.16499487003564564
961.0,-88.88555246746678,430.92848427848577,-89.13663527739159,431.06958171072364,-104.27789495080724,52.24950808988418,0.07787837739355978,0.16487177041233622
962.0,-108.26728752238738,426.4717979568458,-108.45093718185144,426.39552129413323,-104.38599740440897,50.411402035636975,0.07501018384007298,0.1648072790794023
963.0,-127.42783871262166,421.143854188839,-127.43226680557076,421.083517027919,-104.46213064724277,48.713259479415605,0.07237256199323815,0.16469598506975275
964.0,-146.32806212998858,414.9555376582919,-146.72201441029787,415.1505548587875,-104.21516413425964,46.94028079475358,0.06962343960336242,0.1640666846409564
965.0,-164.9293457010306,407.91949074128576,-165.26559463804304,407.8772295980527,-103.96255805296845,45.22077511371117,0.06697583753238708,0.16343754685205178
966.0,-183.1936880692666,400.0500876785059,-182.7768311304686,399.9460679125362,-103.85693629214074,43.6393064082416,0.06455598463617826,0.16305498496045479
967.0,-201.08377622978614,391.3634052094923,-201.0698953788732,391.3281650489501,-103.29861768200506,41.82614608881545,0.06177579358420531,0.16194235863264564
968.0,-218.5630617575804,381.87718972878184,-219.23646905671282,382.01023370947746,-102.66816736041915,40.25053816858693,0.05938225214774184,0.1607164802471128
969.0,-235.59583547388024,371.610821031041,-235.32708120014635,371.5198503325602,-102.09275341986289,38.79513185983473,0.0571943765059141,0.1596036192270805
970.0,-252.1473003979621,360.5852727192555,-252.1268278433356,360.8565644874431,-101.14222282186161,37.27965043265154,0.05491300587537248,0.15788505675338302
971.0,-268.18364283538614,348.8230693568618,-268.3710639213372,348.8978234864043,-100.10363528294481,35.70178102676405,0.05254820709697792,0.15603315062830436
972.0,-283.67210145743593,336.34824045135446,-283.198839335053,336.2575407571635,-99.03101984594404,34.43863338432471,0.05069265038515275,0.15414443477672302
973.0,-298.58103423063625,323.186271363379,-298.78016416298937,323.57425892630624,-97.56312087881963,32.90426416234309,0.048405957731585104,0.1516173769484889
974.0,-312.87998305961406,309.36405124160046,-313.31651786609865,309.47762207860933,-95.99915037514116,31.440454206573108,0.04624887295855087,0.14895021425394128
975.0,-326.5397360112427,294.90981808971355,-326.0873635780202,294.90185030759454,-94.18540057860754,30.205483535969737,0.04446186517200283,0.1459071375964662
976.0,-339.5323869929462,279.85310107781936,-339.21967326259056,280.0897510347924,-92.09951459205121,28.699265754565356,0.04224604849712408,0.14242651590116118
977.0,-351.83139276324897,264.2246602160223,-351.90178527154814,264.24689409506055,-89.46403957896433,27.360785302897582,0.040309817735114876,0.13807670966216198
978.0,-363.4116271580958,248.0564235134925,-362.6155415187829,248.03201727670609,-86.76341656564585,26.167208162009125,0.0386087638722757,0.13364732356008274
979.0,-374.24943242216636,231.38142175137207,-373.9844968847054,231.59281791494837,-83.3222450242756,24.73759977753866,0.03653480189013788,0.12803129366378327
980.0,-384.3226675403128,214.2337210027828,-384.1025361413056,214.4599374572763,-79.81133794384336,23.36713977708823,0.03456347297848966,0.12231959614562951
981.0,-393.6107534703859,196.64835303778946,-393.30812165127617,196.80618893939882,-75.71979661922832,21.988118840481857,0.032584897970776974,0.11569496532285552
982.0,-402.0947151850382,178.66124375550234,-402.23453502818387,178.72537112116797,-70.95197662034708,20.752016030001272,0.030839014531503228,0.10799742257445046
983.0,-409.7572204366182,160.30913978952242,-409.5842503647216,160.24400398891308,-65.62230426914027,19.42355273966267,0.02895104033965437,0.0994249738125672
984.0,-416.5826151659591,141.6295334366757,-416.4410588594899,141.58013178565145,-59.97361638830364,18.15464610849587,0.027160088649471253,0.09035083268276635
985.0,-422.5569554827243,122.66058606239818,-422.4430363213608,122.6079289568789,-53.43939664091753,17.044234449369142,0.02562516565864793,0.07987779290716718
986.0,-427.66803615197654,103.44105013925422,-427.54069524666124,103.37658931366252,-46.554009949980944,15.915231616399241,0.024063827537210744,0.06885692874698676
987.0,-431.90541552877386,84.01019007785376,-431.9434965290975,83.93504425779328,-38.926372362003704,14.935457142424626,0.022742568105595554,0.05666324549672351
988.0,-435.2604368898517,64.4077020119133,-435.2465910850281,64.31073325097229,-30.79219382425587,14.342226412293675,0.022038750479163063,0.043676845364561206
989.0,-437.7262461188122,44.6736327013276,-437.8517773559926,44.64971961145699,-22.515689735137624,13.74418048818495,0.02132771872964238,0.03047247434594247
990.0,-439.2978057086914,24.848297718934873,-439.19355607883926,24.771389056653334,-15.016603704035854,13.359408752621443,0.02095878486789647,0.018520875513112694
991.0,-439.9719050532979,4.972199088111281,-440.0230126202327,4.887207090096645,-6.371791673827563,13.213356587289804,0.020969856664383304,0.0047520715142733115
992.0,-440.0,0.0,-440.06642032353676,-0.06189443116148905,-4.483639877571548,13.308237596454608,0.021181475992590848,0.0017464529844886977
993.0,-439.7471670062966,-14.91405746054246,-440.49590867554207,-14.691932228391494,3.41747346140181,13.996845678460673,0.022456603469637022,-0.010833819385975888
994.0,-438.6240506946397,-34.769845444380245,-438.08197977174217,-35.081628013585025,12.353124674060451,14.324901877756345,0.023228433178063085,-0.025025786666575834
995.0,-436.6048505805977,-54.55460062628935,-435.90449329146486,-54.66394465110218,21.17971539556368,14.162775627585097,0.023210225337475476,-0.03904707448848806
996.0,-433.6936917743031,-74.22790388510076,-433.8750171242332,-74.2679479370787,30.011788850966052,14.386631154777511,0.023806592170791434,-0.05307890103070583
997.0,-429.8965216063877,-93.74956378953816,-429.92671258409223,-94.18284549773973,37.83404198504899,15.287536669328505,0.025484325039939408,-0.0654800487761703
998.0,-425.2210974779262,-113.07969870700929,-425.3096266031286,-113.14271675514038,45.59258524775249,16.10366236608162,0.02701543045709071,-0.07777160856393454
999.0,-419.6769710125113,-132.17881827949512,-419.63134187173614,-132.34115283777757,52.30994804021311,17.309178623672935,0.02916919189669189,-0.08839308169449267
1000.0,-413.2754685428328,-151.00790410009023,-413.3072786747182,-151.17007214282896,58.82179437848424,18.36035724405447,0.031072791895672025,-0.09867955639799189
1001.0,-406.02966797163,-169.5284894253704,-406.37298519650614,-169.689069860794,64.47465557473673,19.43355354542531,0.033007638521031675,-0.10759144031384471
1002.0,-397.954372054285,-187.702737760747,-398.0128689512908,-187.89986710026653,69.94701310650645,20.64883925251249,0.03516485293629989,-0.11619858171246493
1003.0,-389.0660781576419,-205.4935201582562,-389.22686384504703,-205.6795108004301,74.47302903720022,22.001648873020738,0.03753566313201202,-0.12329435782511079
1004.0,-379.3829445568319,-222.86449106887312,-379.4070908830825,-223.07766320614317,78.68766235117344,23.129117519524314,0.03954315991525068,-0.12988189258443314
1005.0,-368.9247533389573,-239.7801625943845,-368.85898614028594,-239.6391589465728,82.16243022243603,24.229283163476023,0.04149695610883353,-0.1352829750598919
1006.0,-357.7128699894212,-256.2059769871332,-357.56771931815325,-256.25180727307423,85.42085290394651,25.706045715848344,0.04405075136203294,-0.14033063198589435
1007.0,-345.7701997434653,-272.10837724951455,-345.95575795782673,-272.1215908231856,88.35667475591804,26.865429650762163,0.04609032501246721,-0.14486092620792093
1008.0,-333.12114079208624,-287.45487568900114,-333.33576825512927,-287.7346397717759,90.96572230258744,28.35868537447097,0.04865812789665818,-0.14885879767454288
1009.0,-319.79153443792984,-302.2141202886363,-319.9307286831061,-302.0544597836285,92.90946367582772,29.32150360073784,0.050365875143953256,-0.15178818699500488
1010.0,-305.80861230299035,-316.3559587574088,-305.649962672434,-316.3157261588305,94.78063697565274,30.849659997092417,0.052972668929328615,-0.15459135564158347
1011.0,-291.20094069596746,-329.85150012965477,-291.67878918307036,-330.13411222034875,96.6313190185532,32.138401725965224,0.05519299849373297,-0.15736570301107444
1012.0,-275.9983622529337,-342.6731737876462,-275.77368088983377,-342.4980651512542,97.76528984248745,33.395652406304244,0.05734539609467115,-0.15897568420080935
1013.0,-260.2319349705394,-354.7947857867827,-260.174258173708,-354.6834350307601,99.06054004828854,34.79219256998173,0.05971729269176398,-0.1608460932219433
1014.0,-243.9338687563056,-366.19157236831853,-244.23843652846395,-366.49840249201276,100.21972084095908,36.26931902559112,0.062212910047553215,-0.16249582117748512
1015.0,-227.13745962562766,-376.8402505503047,-227.3209380966841,-376.676911406857,100.86502298838604,37.62325372699833,0.0644924199736258,-0.16331566329865543
1016.0,-209.87702167992438,-386.7190656933849,-209.63576437117584,-386.4908317219753,101.72488200922241,39.380313427147726,0.06740905815534584,-0.16446758159110425
1017.0,-192.18781700489444,-395.8078359442789,-191.77651538046123,-395.5424422131482,102.27228151902904,41.35218135540743,0.07065823826253845,-0.165120073231538
1018.0,-174.105983632097,-404.08799346615086,-174.7165740348145,-404.07558241669193,102.87789439213725,42.844174150056865,0.07313732368237451,-0.16587500341625092
1019.0,-155.66846171102196,-411.5426223716374,-156.21472061733598,-411.6486612934154,103.34688820442175,44.50189510494072,0.0758684158162949,-0.16639483855443118
1020.0,-136.91291804248357,-418.1564932810349,-136.77105973843797,-417.91565292201295,103.54793224825302,46.197374448274054,0.07864360667676963,-0.16647668410068522
1021.0,-117.8776691275026,-423.91609443505087,-117.86770351524619,-423.68223834412765,103.62416548379717,47.9527019151256,0.08150792032293612,-0.16636650417249788
1022.0,-98.60160288889153,-428.8096592985533,-99.0363633411979,-428.96180842737135,103.86554799353841,49.65106690679161,0.08427561091049444,-0.16652004945627566
1023.0,-79.12409922545609,-432.8271905989273,-79.53086535671004,-432.5537564152239,103.59409258762895,51.30725208485533,0.08695550197769915,-0.16584913145483077
1024.0,-59.48494956111815,-435.9604807499313,-59.58653380187885,-435.7083881347124,103.45423189432681,53.042360664108195,0.08975564773867796,-0.16538227856051713
1025.0,-39.724275553318364,-438.2031286193242,-39.66980829925074,-438.1587161520359,103.26983497141163,54.9952046577819,0.09289370458623586,-0.16484488214587997
1026.0,-19.88244712676648,-439.5505526060129,-19.702810434762245,-439.18591678886105,102.91133809419101,56.723856700309746,0.09565751985911014,-0.16402978136379315
1027.0,0.0,-440.0,0.07006685748593715,-439.90922043198105,102.36893046892743,58.531097938389685,0.09854269190320426,-0.1629243549247006
1028.0,0.0,-450.0,0.028504623759137687,-450.0410762841644,103.18740643553603,58.234696474093425,0.09819503888513378,-0.16422750889512625
1029.0,-29.7407629465647,-449.0161322484485,-30.450479561234044,-449.1316818220054,103.93627376044678,55.49597086986787,0.0938250843789784,-0.16579264355236858
1030.0,-59.351477103930904,-446.06883119713876,-59.43116596432471,-446.06393055630633,104.17108938794836,52.70814702919282,0.08935055426532398,-0.16652128991084894
1031.0,-88.70266235316599,-441.17098464366427,-88.6338805215604,-441.05316416637606,104.38847908982115,49.90430792809093,0.08482673901953695,-0.16722492122009194
1032.0,-117.66597342921892,-434.3440096248069,-117.56942961875392,-434.1296050104754,104.38292147305485,47.35549431688336,0.08068538352594853,-0.1675704488830888
1033.0,-146.11476114210757,-425.6177587652856,-146.16395859677775,-425.34470693885623,104.2521114229625,44.7720157679805,0.07646606130329393,-0.1677124546429565
1034.0,-173.92462618160346,-415.0303897398232,-173.5982338900175,-414.8435083344498,103.764635867269,42.419925662371455,0.07259398573982144,-0.1672726000249553
1035.0,-200.97396308376287,-402.6281984193436,-201.2630365658167,-402.5381377701956,102.97338601853123,40.106284398480085,0.06876100776345746,-0.1663520968663319
1036.0,-227.14449198067976,-388.4654164309082,-227.80431832572128,-388.7692776707525,102.1410933898156,37.85957740772377,0.06501663567477622,-0.1653525123644145
1037.0,-252.3217758082527,-372.603974016609,-252.5551131530771,-372.8287504556194,100.95373805868194,35.61770452872775,0.06125336096566555,-0.16376589997563454
1038.0,-276.39572071035053,-355.1132292283771,-275.9364528347077,-354.860479194499,99.16188298918082,33.26275386820037,0.05728528365138869,-0.16120042469224752
1039.0,-299.26105745123164,-336.06966464286927,-299.32810107476337,-336.01343414988287,97.24704736273453,31.19636810955011,0.05376570932379139,-0.15843934602207568
1040.0,-320.8178017311286,-315.55655292261997,-321.5720713164335,-315.87111706230377,94.91810655971805,29.21336925379767,0.05036298621247658,-0.15500514291248219
1041.0,-340.97169139215066,-293.6635926858758,-340.3869451155466,-293.5048905180871,91.65635079830196,27.262638896214465,0.04698438385227681,-0.15004432263559134
1042.0,-359.63459860271615,-270.48651627736126,-359.85365527981986,-270.5382247111559,87.98651788800191,25.291857430304674,0.043566515598669454,-0.1444420104269036
1043.0,-376.7249152181378,-246.1266711550921,-376.86983554487983,-246.33403751340836,83.54237298314676,23.36642737488661,0.04020567046572107,-0.1375773308307329
1044.0,-392.16790963227476,-220.69057672372875,-391.92625217732893,-220.64581091291492,77.85039003728583,21.47548485391087,0.036881538958283354,-0.12870265413847845
1045.0,-405.8960535598315,-194.28945855232175,-406.0146073290562,-194.40036808467707,71.32110332204662,19.54496613021647,0.0334875957559064,-0.11848351128587191
1046.0,-417.84931732036824,-167.0387620131993,-417.65069814718345,-167.24709524986352,63.356228960045485,17.95638026113636,0.03062673742424138,-0.10594952691626122
1047.0,-427.9754323328191,-139.05764746872632,-427.85676301486365,-139.0906653559155,54.40549123619198,16.158003287183657,0.02741970054171602,-0.0918289787851107
1048.0,-436.23011967269866,-110.46846921335968,-436.4838796560009,-110.55482884707173,44.11947780626334,14.602660080458703,0.024594817330596406,-0.07556393602774135
1049.0,-442.57728369257205,-81.39624044944952,-442.2329711715848,-81.57130626208954,32.69849919372879,13.394435518375955,0.022316907801589295,-0.05745729298424825
1050.0,-446.9891698591371,-51.96808663631387,-447.0634910575947,-51.95920416059139,19.853735700886663,12.961108599124827,0.0212645879787653,-0.037073376202923225
1051.0,-449.4464861167371,-22.312689602950226,-449.32113251757386,-22.388339496894563,7.228075620050395,13.496831269967593,0.021755063513369505,-0.01700666336000475
1052.0,-450.0,0.0,-450.1170068459655,-0.16397267621861072,-4.407071350867684,12.615324335220931,0.02007992043549612,0.0015015011289098291
1053.0,-449.93848724661103,7.44027514486152,-449.8346749043946,7.371725545643618,-7.506986486455848,12.408179820447478,0.01965795020920385,0.006438627010481234
1054.0,-448.4630218530014,37.160705462549714,-448.5369572600525,37.11924732468483,-19.47424534396626,12.577611558107145,0.01956329210265064,0.02550100414759611
1055.0,-445.0265417706608,66.71864147032899,-444.6932465275443,66.73419377098413,-31.776271389063528,13.433236419450255,0.02056236791809976,0.0451273605198855
1056.0,-439.64407385261967,95.98483383468614,-439.5573846061588,95.87016076785271,-43.13670190162954,14.603581070447968,0.022068201883995504,0.06327094599877427
1057.0,-432.33915426158165,124.83130894283009,-431.91447002557896,124.7322972668727,-54.09475960119722,16.137010547141585,0.02415525689228125,0.08080483906202139
1058.0,-423.1437255522726,153.13192849873937,-422.9376400923915,153.2523111976575,-63.45122402768036,17.728209644183234,0.026338445072768023,0.09580605368806269
1059.0,-412.0979969947759,180.7629410938362,-412.2957892671506,180.77547199531568,-71.31951293038333,19.833201857585422,0.029351568828486174,0.1084591548718186
1060.0,-399.25026874962526,207.60352334040962,-398.7826447774862,207.5603070808676,-78.36874062660233,21.80811341642979,0.03216670504743534,0.11984384431411985
1061.0,-384.65672066349254,233.53630820154686,-384.66272123413927,233.8857260913613,-83.91481624882088,23.717654353818006,0.03488342714721484,0.12884362413507014
1062.0,-368.3811666090116,258.44789820732467,-368.4412443286028,258.5446173167389,-88.38868244546832,25.671021292771723,0.03769031041541832,0.1361626673219403
1063.0,-350.49477544295064,282.2293613130916,-349.8938744121931,282.2668915061788,-92.53496002376363,27.804663238272145,0.040795580991129704,0.14298882217830142
1064.0,-331.07575980290915,304.7767072315836,-331.01840183514156,305.0574512405986,-95.57772095002652,29.768391461419455,0.04364183616037874,0.1480626939994945
1065.0,-310.20903410335455,325.9913421559901,-310.778572657188,326.0587007659148,-97.91210026997368,31.803000972869683,0.046622816037277644,0.15202585071655986
1066.0,-287.98584322649236,345.78049988558655,-288.15916030168665,345.8892742416412,-100.03350094429794,33.9737287972735,0.04983477217551544,0.15567918408200573
1067.0,-264.50336353161293,364.0576474687264,-264.1303765667683,364.05810439720426,-101.8591653684144,36.13030418078056,0.05304455532985837,0.15887909911978004
1068.0,-239.8642779275971,380.742863589421,-240.02565189113156,380.97738548246707,-103.00089597547488,38.27072526072043,0.056243931305116894,0.16099142972687347
1069.0,-214.17632686668307,395.7631880429201,-214.80456068441822,395.951247309119,-103.89063711031184,40.59665822402188,0.059762384109651026,0.16271637874347208
1070.0,-187.5518372228806,409.0529407721231,-187.65763192400664,409.04146585597954,-104.60355694057029,43.118311245077784,0.06361540398886978,0.16418349359366832
1071.0,-160.10723111513238,420.55400906975746,-160.57454169814056,420.84971559998735,-105.01703928636283,45.618378271660355,0.06744976892801857,0.16517325705706637
1072.0,-131.96251682300914,430.2161016904609,-132.09159219840677,430.1564348276618,-105.09008055121653,48.258800314838815,0.0715381519903265,0.16563833575038495
1073.0,-103.24076402103816,437.99696876160266,-103.46711988497816,438.00796842434073,-105.13390606561973,50.77373131390012,0.0754446314717293,0.16605864935876008
1074.0,-74.06756562633025,443.86258653122496,-74.3459612739791,443.90169472159096,-104.88263767418692,53.47267060616408,0.07966794646034575,0.166015389332846
1075.0,-44.570488612708154,447.7873061452551,-44.187127130677084,447.2606110824717,-104.38515690288926,56.168840632845665,0.08391789777442417,0.1655929785179657
1076.0,-14.878516192788673,449.75396580341675,-14.680627840578056,449.6489398739723,-103.75417824162942,58.87895246021956,0.08820192491309146,0.1649501100850373
1077.0,0.0,450.0,-0.14409886017722864,450.1455683129496,-103.3544386596709,60.209406057629074,0.09031332538389357,0.16449193325691577
1078.0,0.0,460.0,-0.01947066774439091,459.79555986487503,-103.92567893860479,60.08047022451962,0.08998993444734212,0.16540261671586268
1079.0,-19.92662636457253,459.5681990322293,-19.57178924779546,459.53364822444837,-104.57174440124977,58.33643637638437,0.08721742599359394,0.16619140512005817
1080.0,-39.815842570238104,458.27360679011616,-39.73235066288289,458.07640403834665,-105.04596448248738,56.38094801434975,0.08412301643384261,0.1666992439717691
1081.0,-59.63030869175384,456.11865373532595,-60.323884616505744,456.31820672299824,-105.38243351400082,54.62608411820333,0.08135159639341336,0.1669825671096955
1082.0,-79.33282513934972,453.10738556705223,-79.45455615522538,453.16158245664354,-105.86337606139584,52.894178138938,0.07863384150946222,0.16751371813196955
1083.0,-98.88640249707102,449.24545562663985,-99.13611376510737,449.4941836216645,-106.02535154801376,51.026576231938805,0.07570637529123332,0.16753047062341342
1084.0,-118.25433096654201,444.54011428402674,-118.63582346143704,444.52979138532106,-105.92937325645435,49.336542893522164,0.07307740247028138,0.1671389040124597
1085.0,-137.40024928577625,439.0001953259321,-137.0214449245914,438.7419214721801,-106.27329937387545,47.67416054560289,0.0705025226762874,0.16746111122164511
1086.0,-156.28821299364728,432.636099371345,-156.89891188833784,433.1497766408197,-106.0181797058155,45.852527532035104,0.06767179053624035,0.16681163686048042
1087.0,-174.88276191185824,425.4597743454489,-175.0425823495517,425.4131201040681,-105.8215521564927,44.11372491380224,0.06499915084142868,0.16627648935633532
1088.0,-193.14898671772175,417.4846930486403,-193.73465434930918,417.7968712086536,-105.4120900153839,42.50309338979346,0.06252902714957272,0.1653958888199884
1089.0,-211.05259448276493,408.725827862754,-210.63804977277195,408.6629809379606,-105.0377607077628,41.051655866294084,0.06033085509138401,0.16459310979829014
1090.0,-228.55997305412043,399.1996226419806,-228.1074361070598,399.0544659580873,-104.48863425041212,39.35990804628563,0.057756030033479525,0.16350520079708347
1091.0,-245.6382541578306,388.9239618412486,-245.94633626995164,388.98375785140666,-103.7937724253054,37.811636628167804,0.05541521522803951,0.1621808213284256
1092.0,-262.255375105598,377.91813694002843,-261.81296142245566,377.870955240127,-103.24087123616545,36.278066861828556,0.053110561331248,0.16110653362769967
1093.0,-278.380138989132,366.20281022459613,-278.19754515985466,366.5555173648689,-102.24351547790604,34.72195656687696,0.05077251473755155,0.15931853108568492
1094.0,-293.98227324908487,353.7999759967493,-294.2211399254111,353.8333667890293,-100.9601986848124,33.35332234677001,0.04875007355636621,0.15707982844355955
1095.0,-309.0324865086187,340.7329192818041,-308.4264013153252,340.7465856614585,-99.9491422159795,31.977012823701614,0.04671988237159542,0.155296710645095
1096.0,-323.5025235649047,327.0261721133926,-323.2385574991932,327.1615887997813,-98.37923736322027,30.52922459417977,0.04458203092682528,0.15261672539514548
1097.0,-337.3652184353144,312.70546747713354,-337.869010403331,312.8518352769978,-96.56320301992251,29.057969783087316,0.04241570733267741,0.1495472382097344
1098.0,-350.5945453587128,297.7976909996406,-350.0990369986295,297.8401163038611,-94.86802799608722,27.834239657588654,0.04065192846285154,0.14669950256131803
1099.0,-363.1656676561068,282.3308304735673,-362.8810822986763,282.57136941995805,-92.58281570189824,26.330943131038584,0.03844635366037846,0.14290593287294803
1100.0,-375.05498435891394,266.3339233134504,-375.04811679655,266.3956342852684,-90.01089082703976,25.01448362821797,0.03654924707719822,0.13866357796058568
1101.0,-386.24017451731487,249.83700204099912,-386.3944017970413,249.972852172051,-87.25802497702658,23.614910126513436,0.03452288603403675,0.13414329823901422
1102.0,-396.70023910550503,232.87103790217273,-396.19668369056535,232.77850250174654,-83.7677234261294,22.558914779027763,0.033052795973638215,0.12846826251152516
1103.0,-406.4155404451706,215.46788272190338,-406.2171629580512,215.53524756185936,-80.16258313032223,21.116445683294355,0.03096821278066071,0.12260778298760776
1104.0,-415.3678390731786,197.6602091056217,-415.19553359579095,197.8739670954839,-75.91839824190914,19.71764477093653,0.02895824920736614,0.11574299508211361
1105.0,-423.5403279842619,179.481449099855,-423.38182607209797,179.64352087148438,-70.99730219603676,18.393718353266337,0.027074422651074688,0.10781057016893714
1106.0,-430.91766418441694,160.96573142705262,-430.5307668381426,161.08407888891463,-65.58616346500996,17.12302497624861,0.02527934831246961,0.09911092251733035
1107.0,-437.4859974957706,142.1478174124758,-437.3273168514923,142.2013485232475,-59.66163524412556,15.828240763865898,0.023449891522606302,0.08959850583528915
1108.0,-443.23299655884256,123.0630357234416,-442.96987191078824,123.09997308347529,-53.295822407887435,14.751716241771542,0.021970483558904907,0.07939789581970393
1109.0,-448.14787198338394,103.74721604344138,-447.87573299643344,103.75120945879945,-46.282516847884125,13.731839060653448,0.020584262394886452,0.06817579139919552
1110.0,-452.22139660433055,84.2366218056539,-451.80079609037284,84.24713387717043,-38.77992690655501,12.969644849981904,0.019610058517163048,0.05618697850642677
1111.0,-455.4459228048407,64.5678821121385,-455.07919575105933,64.55470464138399,-30.727187089809956,12.22391402633992,0.01866436369579014,0.04333049456204332
1112.0,-457.8153968738973,44.777922966523214,-457.7131408416167,44.78687512428496,-22.79559083561126,11.730303973598028,0.018120854969065816,0.03067470920332693
1113.0,-459.32537037151695,24.90389794929202,-459.0498687656523,24.873569142284286,-15.18809905837061,11.319384900551677,0.017710734670337073,0.018550639123917488
1114.0,-459.973008480232,4.983118465818372,-460.1833203167612,4.968000023732237,-6.821010827997822,11.328114449935732,0.0179684111446666,0.00522012326202207
1115.0,-460.0,0.0,-460.06925005662674,-0.01168062219659831,-4.2656195223685325,11.586914624442528,0.01844129042890116,0.0011544886991537787
1116.0,-459.75709532716377,-14.947016301899003,-458.829057396016,-15.199366996798652,2.090241275422381,12.204659156411871,0.019610464570212077,-0.00894598933070122
1117.0,-458.67803626669667,-34.84908960829271,-458.89681401651916,-34.918144129079614,12.362336402608696,11.973837017200017,0.019484595054492744,-0.02529536629821308
1118.0,-456.7378571194683,-54.68573739025712,-457.48122078943106,-54.6168701462635,21.285666195770528,11.82058166879819,0.019481931355082697,-0.03947995002057353
1119.0,-453.940200369102,-74.41971841427188,-454.08535786232255,-74.32915601093185,29.62898581855062,11.990383098916752,0.019993594554765553,-0.05271716657704246
1120.0,-450.29031832382526,-94.01398419292792,-449.55223761195293,-94.52139858114704,37.054632547009675,13.009999878761377,0.021863658907443174,-0.06447993340119976
1121.0,-445.79506325580934,-113.43174853959056,-446.8319918199354,-113.69902854212647,44.9868785289812,13.713453111611772,0.023218107413725,-0.07707118020329862
1122.0,-440.46287453674455,-132.63655663062139,-440.5778121512535,-132.76845351697418,51.882445514374716,14.852655873783128,0.025264747651891153,-0.08796922114603296
1123.0,-434.3037627938013,-151.59235344550055,-434.5019077949161,-151.75524172602758,58.25128328158209,15.855027507137164,0.027092602334627274,-0.09803112983422863
1124.0,-427.3292911157241,-170.26355145636055,-427.3534925243777,-170.40660098129885,64.11778021097805,17.092642537120362,0.02929075052209889,-0.10728040323580819
1125.0,-419.55255334434014,-188.6150974398513,-419.3597284421965,-188.53157764748423,69.34628470666324,18.07457754801183,0.03107552472739946,-0.11550392717862212
1126.0,-410.9881494922399,-206.61253828590426,-410.96725890638135,-206.5322880648664,73.94394871466126,19.2569588213302,0.033177797182217535,-0.12271855436738276
1127.0,-401.6521583327787,-224.22208567984674,-401.5147277165042,-224.1507675933517,78.42736239561083,20.54294103530475,0.03544027448385286,-0.12973836396682834
1128.0,-391.5621072138595,-241.41067953643233,-391.4017017878425,-241.3302788255136,82.07931379624392,21.803468946317945,0.03765686397127935,-0.13542677118605836
1129.0,-380.73693915216967,-258.1460500666959,-381.1530507676501,-258.22571059683776,85.61011959457703,22.945284136631766,0.03968103718218383,-0.14092070819407293
1130.0,-369.1969772696452,-274.3967783611117,-369.35094675653596,-274.61615211892916,88.4483081728194,24.473468756788225,0.042313951837396425,-0.14529328556297133
1131.0,-356.9638866389336,-290.13235537531244,-357.3981726947345,-290.3912923556622,91.04032943926192,25.720588080886454,0.04449200160246723,-0.14927223023484062
1132.0,-344.0606336094833,-305.323239207632,-343.93715716488776,-305.0754284536176,93.17335815587164,26.781842637089312,0.046360876903876615,-0.15250219418288552
1133.0,-330.51144269062263,-319.9409105609398,-330.6071097244757,-319.9257574981246,95.19668731471059,28.222822947277308,0.04883613987345407,-0.15555916982482654
1134.0,-316.34175107257465,-333.9579262846403,-316.67747069140904,-334.17330164814456,96.93564788268917,29.52541729903395,0.051083772459393155,-0.15815621561584367
1135.0,-301.57816087079004,-347.34797089632156,-301.66294925525284,-347.12827031659646,98.41766827964427,30.646912135308472,0.053027346077670574,-0.16033104189852937
1136.0,-286.2483891832555,-360.08590598632367,-286.19805741025885,-360.00439747170367,99.64575260499315,32.056029070564854,0.055427718914027264,-0.1620962006967815
1137.0,-270.3812160545376,-372.14781741247583,-270.78229978922394,-372.53699166807496,100.88548660531406,33.63575171295707,0.0580954119276616,-0.1638805022741136
1138.0,-254.00643044425735,-383.5110601963999,-253.7202704363358,-383.3249614877245,101.74541566905445,34.94909608223393,0.060317784384898356,-0.1650401636755326
1139.0,-237.15477430143005,-394.154301037091,-237.3302541509223,-394.07035172935247,102.6052170127399,36.697931829317625,0.06323274142571683,-0.1662078519299771
1140.0,-219.85788484966884,-404.0575583619613,-220.01631237901162,-404.2910447600582,103.46242293990714,38.32652204115876,0.06594989580084183,-0.16736009416037118
1141.0,-202.1482351916026,-413.2022398401544,-202.0247260083435,-412.98933277073183,103.83305839915683,39.862259715503015,0.0685006259197754,-0.167729636344432
1142.0,-184.05907334401977,-421.5711772877041,-183.90472712966994,-421.40336129370104,104.38084546183676,41.39047278109049,0.07103589893369001,-0.16837955139761676
1143.0,-165.6243598181894,-429.1486588990054,-166.2722515530963,-429.42205524147374,104.84628937558527,43.12180884423353,0.07388961058695338,-0.1689043839436344
1144.0,-146.87870386255076,-435.9204587440891,-146.4488990398025,-435.61826950735536,105.06408064710028,44.61371345153598,0.07633993538370763,-0.16900823345743224
1145.0,-127.8572984874654,-441.87386347631735,-127.59067999956231,-441.5500991129408,105.09631106971706,46.388329446202505,0.07923697141637334,-0.16882857367122653
1146.0,-108.59585439401705,-446.9976962003646,-108.85166272614673,-447.16011019622675,105.21405716438638,48.232413289791225,0.08224062766174638,-0.16878647616501516
1147.0,-89.13053293090273,-451.2823374556701,-89.2602083192083,-451.12117300272376,105.20128439937208,49.752925490243946,0.08470910901781342,-0.16852621166750173
1148.0,-69.4978782052776,-454.71974327597036,-69.88465006437347,-454.5914199761599,105.07617679064185,51.45175168677179,0.0874553749046666,-0.16808980478771757
1149.0,-49.734748475013134,-457.3034602910054,-50.135736178165324,-457.3540899095439,104.91770023760989,53.35031373812701,0.09051086460079076,-0.167595717107331
1150.0,-29.87824695116892,-459.02863784204675,-30.027796064056602,-458.8346000976963,104.56600861481807,55.195726810247265,0.09346606249364359,-0.16678972110815013
1151.0,-9.965652140590759,-459.8920370885027,-10.017563703368182,-459.56194489928953,104.19194517875987,56.82691142640124,0.0960710812132601,-0.16594931588650194
1152.0,0.0,-460.0,-0.5326850440766294,-460.2895187825654,103.98428431795854,57.69461707556669,0.09746098822300461,-0.1655026523100451
1153.0,0.0,-480.0,-0.1998678723912611,-480.1997776220716,105.50943240718796,56.97595778884128,0.09656104684405262,-0.16792592488065272
1154.0,0.0,-480.0,0.003468060320908179,-479.72826302474687,105.3800056812006,56.877234704284525,0.09639814954852607,-0.16771744559891022
1155.0,-14.927933889521464,-479.76781550015426,-15.01673416385318,-479.52901423018966,105.65133807414361,55.98982076859607,0.09498334620961006,-0.16833323652364376
1156.0,-19.967276220749067,-479.5845158888308,-20.150100840593577,-479.28706562079986,105.81291833580705,55.31428691922192,0.09390523755801679,-0.16865326769956848
1157.0,-39.89998541644377,-478.33878283468465,-40.74754399656052,-478.75793623774695,106.25376832679804,53.55233332434702,0.09109452108358858,-0.16960715857939226
1158.0,-44.726048392354066,-477.9116870251289,-44.49602778029098,-477.6127999365902,106.1694067818763,53.20108060163931,0.09052146055944062,-0.16951880058978708
1159.0,-59.76362040390391,-476.2649574304392,-59.91969667522479,-475.94487912977775,106.42554965273332,51.750438102251934,0.08819226433420192,-0.17011535788465987
1160.0,-74.35112650276034,-474.20661107556333,-74.41918432609661,-473.9210009131877,106.47440370500483,50.46710399756082,0.08612498828858926,-0.17037068635565314
1161.0,-79.52379358009789,-473.3666298490314,-80.20741555933736,-473.6625723239959,106.7349968859519,49.964485678861514,0.08532188142157304,-0.17085632159537492
1162.0,-99.1462964534068,-469.6488176282073,-99.35425134455149,-469.648285413931,106.7982325285513,48.23308829229342,0.08251711403340235,-0.1711914550247933
1163.0,-103.68855454871174,-468.6669218705315,-103.83422175383019,-468.5897918154358,106.71970798347787,47.76223295426191,0.08175476114572834,-0.17112134540583349
1164.0,-118.5971588648088,-465.1179569842422,-119.04516543773491,-464.99643785044555,106.8033207084369,46.364919415227156,0.07948685986933739,-0.1714407072052975
1165.0,-132.62483172039842,-461.31405139138786,-133.73342628141828,-461.75514302625305,106.84493946309988,45.33323814235519,0.07780519207682973,-0.1716868322426705
1166.0,-137.84270779646886,-459.7818916696669,-137.80358768267197,-459.55704040026586,106.78040446292307,44.73438436643833,0.0768251665873376,-0.1716339687561262
1167.0,-156.84962566592054,-453.6498593942917,-156.84207488723328,-453.2569706168465,106.4722076970999,42.98145634718401,0.07395813821212906,-0.17137662220516692
1168.0,-161.04800918281182,-452.1764464655949,-161.2912978455613,-451.9437894067532,106.41535214667846,42.52735785839818,0.0732193355260662,-0.17134062329911642
1169.0,-175.58500800492658,-446.7324758330313,-175.85518957553444,-446.7276793933179,106.3271393240653,41.56847640537061,0.07162934673735515,-0.1713785918183987
1170.0,-188.84812318404093,-441.2894587114735,-189.2755239613332,-441.14373004673206,106.03540007202866,40.360707301026935,0.06963873603049525,-0.17107863284898464
1171.0,-194.01642042315927,-439.0417162482215,-194.91791070967318,-439.44128880062414,106.02492644722122,39.917637429633956,0.068912718677067,-0.17113106571481684
1172.0,-212.11195475809313,-430.5908947582387,-211.93084771263696,-430.3191708547817,105.3901073531643,38.32754945576193,0.06627029673613183,-0.17032907672486405
1173.0,-215.917620483665,-428.69520776966004,-215.8243748195921,-428.6397888131756,105.29378953081088,37.97248517693364,0.06568462703891953,-0.1702234660703612
1174.0,-229.840284313898,-421.3946412883136,-229.81552465312998,-421.2250178251347,104.85242402674338,36.699923120311986,0.06356847312275966,-0.16969236028597967
1175.0,-242.15177445534684,-414.4424183503986,-242.49577852277363,-414.68840165938235,104.52830063753031,35.720556815135524,0.06192970947624527,-0.169331796615468
1176.0,-247.17071809370677,-411.46887624344237,-246.8468491717388,-411.1959080889731,104.16594560406504,35.17060212879204,0.061011656934155424,-0.16880837811236307
1177.0,-264.0732539313733,-400.8307829472388,-264.02100837654325,-400.8068741851032,103.54103617655863,33.60030631023245,0.05838521930137672,-0.16802413533050148
1178.0,-267.4490902538054,-398.586231727103,-268.23458648863135,-398.95283517166786,103.40915066897993,33.39603950313218,0.05803741221528148,-0.1678658366027964
1179.0,-280.5186304307346,-389.49877789444344,-280.13543306082306,-389.27519408561176,102.48064564111264,32.146687214820446,0.0559304844839662,-0.16653382429919947
1180.0,-291.71169747865514,-381.18799240548174,-292.083676289891,-381.1472169721566,101.87492147210772,31.041728299668435,0.05407234463616324,-0.16571611415340737
1181.0,-296.4783776224673,-377.4924788685858,-296.48993657968316,-377.62054799377887,101.57917704716492,30.74656253614606,0.05355938271389954,-0.1652993856324235
1182.0,-311.9248662508362,-364.83267097999595,-311.6206089221091,-364.6994962926489,100.32205910393368,29.240481923980244,0.05100413720304145,-0.16348392521897231
1183.0,-314.8457288159711,-362.31501079356343,-314.6904344951911,-362.1341891859653,100.03236172009498,29.13724272633912,0.05080840967024605,-0.16306045358309712
1184.0,-326.8313556050142,-351.54127068295793,-327.10102601534186,-351.41246542217624,98.89326261477049,28.1376174482585,0.049086147967720005,-0.161399513227917
1185.0,-336.76168319269266,-342.0403027908034,-337.1382607059292,-342.3249982185958,97.97375492598447,27.43610405014481,0.0478583607538625,-0.16005899703005871
1186.0,-341.1720398121686,-337.64128783429913,-340.8938571050917,-337.5138576043268,97.36932534066592,26.952498184472674,0.04702975620498181,-0.15914301215472906
1187.0,-354.92209251216815,-323.1567858590996,-355.3281923791271,-323.15293130952483,95.69160693224956,25.631180139733573,0.04475093534808061,-0.15664961728908264
1188.0,-357.37477203888716,-320.4423073037539,-357.6726786431066,-320.6695134592174,95.36180516064496,25.49647683111525,0.04450613402286634,-0.1561534343268405
1189.0,-368.0577098365773,-308.11284009247953,-367.5257685083922,-307.9762190345194,93.45413399295124,24.299109777331783,0.042445010737354266,-0.15323795188979195
1190.0,-376.6052473182555,-297.60458278117227,-376.9063490241015,-297.5534368468199,91.90771409438985,23.410335406566006,0.040902834862654364,-0.1508916318953642
1191.0,-380.5561516175266,-292.53549436958605,-380.54177833723065,-292.75172279000276,91.22680150874037,23.14295783725809,0.0404184837825941,-0.14985244886134028
1192.0,-392.39578075512287,-276.4517159389276,-392.20355602137926,-276.31654259987096,88.40367612862751,21.71787225966608,0.037949108436649476,-0.1455021267441333
1193.0,-394.37871005779215,-273.6154839426159,-394.6507845876588,-273.58273933806066,88.0759759040033,21.389969845160138,0.037393754721063766,-0.1450105467799808
1194.0,-403.5561006752461,-259.8893487771105,-403.6650187989241,-260.0354557833268,85.52022367710124,20.509141926337467,0.035825960333954514,-0.14105333785952248
1195.0,-410.62639818295855,-248.56781995119647,-410.6105689452765,-248.45697164163255,83.06829242375113,19.54813526405262,0.034154669346316016,-0.1372360300328167
1196.0,-414.01779081288623,-242.877065385798,-414.20575258846367,-242.95462748833037,81.94903056189918,19.165541372666237,0.03347836519663499,-0.13549869957008104
1197.0,-423.76274005959266,-225.44431715433885,-424.3291416096684,-225.63512966903977,78.0636069447039,17.942517659194532,0.031319751081527875,-0.1294388366939593
1198.0,-425.28545254479087,-222.5584953529574,-425.5131152961491,-222.64956699773236,77.57100357997773,17.99494271165625,0.03136662403889928,-0.12866933418277882
1199.0,-432.7740781171314,-207.62128337400063,-433.04270115742185,-207.83541621726178,73.86650667472904,17.02738795566994,0.029645284314912184,-0.12286565887516153
1200.0,-438.2991601097369,-195.68813517201102,-438.10593292934215,-195.61131351600102,70.4528531249578,16.07003456775155,0.02797190082102864,-0.11749466977281853
1201.0,-441.0362047030723,-189.43881899206863,-441.2521787244109,-189.53356778249392,68.9254320406377,15.733443799735836,0.027361765988626042,-0.11510223560219274
1202.0,-448.53481655774453,-170.92840119626237,-448.45534892147447,-171.12879117042053,63.58065067602637,14.602587715084837,0.025336549830785076,-0.1066839688929474
1203.0,-449.61717337136383,-168.06069561186794,-449.3142982910976,-168.0941508395198,62.697331356836514,14.332892017473831,0.024870150638925444,-0.10528864206279834
1204.0,-455.25693220580894,-152.1220749219372,-455.42339783082406,-152.23436879413876,57.638294062678426,13.39716715811654,0.02318666395107012,-0.09731175211261206
1205.0,-459.1957051350814,-139.7830618690812,-459.1453995270094,-139.98143659669847,53.500599663172345,12.714570869569522,0.021950216888274438,-0.09077199019956032
1206.0,-461.1909144295771,-133.05239737641145,-461.0678200715842,-133.07785872078637,51.17142971123363,12.276302690459774,0.021168143486263842,-0.08708854492029464
1207.0,-466.3264904151743,-113.75238167645715,-466.21742725321025,-113.85845054987306,44.265949600025436,11.287748779851517,0.019359431501938227,-0.07616119907852836
1208.0,-466.99769792228994,-110.96463461518563,-466.83895831630184,-111.0970944255334,43.16984417627591,11.152153571233683,0.019109806771285435,-0.07442430498920075
1209.0,-470.6547695366683,-94.25543969652672,-470.5749796816456,-94.26054338079165,36.770653375780114,10.407392123881808,0.01771828532969735,-0.0642854314646364
1210.0,-472.992967338567,-81.71690674675159,-472.88683180142834,-81.82125138233505,31.732724810468966,10.011487334013031,0.01693583961504504,-0.05629563231369767
1211.0,-474.16825874737725,-74.59532422665814,-474.0995316071135,-74.70373673045448,29.052065527444455,9.716120376480186,0.016378580493021412,-0.0520440824589332
1212.0,-476.8608755517102,-54.80607054019111,-476.6335338514791,-54.868324116440135,20.46534676848192,9.578281123194975,0.01591627874772968,-0.038408928961386875
1213.0,-477.1583188512252,-52.15303204102808,-476.85439453918497,-52.1834971913762,19.58443901033011,9.703548832488663,0.016082767496654188,-0.03700962559505886
1214.0,-478.727958535085,-34.92193747245297,-478.62021515143505,-35.046104520263356,11.968815109474045,9.932035677048392,0.01623653442096425,-0.02491060966669175
1215.0,-479.4776375244532,-22.38738738596051,-479.51818539929747,-22.470342450699537,6.356859456291481,10.23548103920678,0.016565467697525316,-0.0159899022577911
1216.0,-479.7662754336943,-14.977348112418818,-479.65432365768015,-15.026679668473813,2.4063978843663687,10.01192112055532,0.01611849870006509,-0.009704214672683602
1217.0,-480.0,0.0,-480.5339794470924,0.051556346573697086,-4.440895202919079,9.244808319829497,0.014712938011201628,0.0011828176231321538
1218.0,-480.0,0.0,-480.82636439996605,0.14026598140964364,-4.765101616526357,9.293948338763899,0.0147900603558808,0.0016952273256233814
1219.0,-479.97402873014744,4.993169789982657,-480.42709637041077,5.215842449118639,-6.451777705015264,9.092001075465545,0.014406490856598344,0.004384545519128698
1220.0,-479.94195036487173,7.464869721768292,-481.01347398169855,7.375342720837625,-7.607265544712466,9.218870201578286,0.01458196200082177,0.006216380182134994
1221.0,-479.35085876530394,24.955043597750592,-480.1272979467267,25.167059720736244,-15.184043053608226,9.220491815560655,0.014366648204207712,0.018286049088476728
1222.0,-478.54946103630203,37.28824669872283,-478.3046975688513,37.11259974895049,-19.581322158298587,9.351339217035546,0.014428601606908256,0.025306857482520845
1223.0,-477.8978443609094,44.8737156384002,-477.5035694665069,44.75518614164278,-22.670156659832696,9.586517120501059,0.014709300317118527,0.03023270166977583
1224.0,-475.61750095195686,64.71470302964593,-475.2457958403931,64.6753566758238,-30.80911160590318,10.063820888388511,0.015224991069159033,0.04321390167481701
1225.0,-475.30555680944127,66.9673626930831,-475.45714248699625,66.9370034126685,-31.446490658297165,9.918244869347332,0.014965601312668853,0.04422573358628701
1226.0,-472.5137762320066,84.44365737560898,-471.60335414420416,84.17823391213074,-38.841007182440705,10.697730105078376,0.01599503771381811,0.05604166939349291
1227.0,-470.22278771955916,96.38739497074488,-469.2804026445745,96.05873987714256,-43.487404124366016,11.270823910353911,0.016761644599221245,0.06346508892623413
1228.0,-468.5920433190024,104.02642423020296,-468.3159828941678,104.04877780738173,-46.14125896343965,11.623717373612847,0.017225438212076748,0.06770064130762268
1229.0,-463.85909145341776,123.42910222475807,-463.7146740038616,123.36661197377201,-53.03427784830554,12.646451161147468,0.018616584598648324,0.0787275736962949
1230.0,-463.3208180128491,125.43452314217309,-462.81373415718923,125.291084783562,-53.641241392066355,12.872166107771214,0.018952252127204926,0.07970461996481651
1231.0,-458.3231142448323,142.6181017575205,-458.04401322670856,142.71132132268562,-59.65801152120881,13.6778910772951,0.020021258079628176,0.08933902168266081
1232.0,-454.6263500692801,153.99636951137643,-454.7254699443395,154.00404162095217,-63.235504195504376,14.43803984169327,0.021092770773888055,0.09507342022210279
1233.0,-451.9936954872873,161.56020314342703,-451.9869634075281,161.53316413184817,-65.51899387054041,15.03156586387638,0.02194518781759639,0.09874124533017886
1234.0,-444.8817925679775,180.22261412348635,-444.8106370611425,180.42219164145254,-70.9183211791577,16.26254496718055,0.02367301850146505,0.10742242990963094
1235.0,-444.1730210962758,181.96243384338223,-444.23923594142116,182.01221307025207,-71.29709655064103,16.47429607555115,0.023990557908186043,0.10803226757057299
1236.0,-436.99971749799926,198.57302663420535,-436.526703523848,198.5248685196926,-75.81323706184342,17.680970653776725,0.025708810103149158,0.1153143836064113
1237.0,-432.00127299289437,209.22452086817825,-431.67259637123544,209.40776315926823,-78.36510381287115,18.38287376002857,0.026692641077056548,0.1194352538004011
1238.0,-428.3611155979968,216.57967273878594,-428.67080536795044,216.68178453952672,-80.14512245004356,18.920120053594786,0.02745861036733865,0.12230500430239936
1239.0,-418.9809418756043,234.21137962326154,-418.6453938009942,234.25126758646707,-84.1213944921211,20.269571717559828,0.02939115641294286,0.12875621875162716
1240.0,-418.1581958879762,235.67715886719475,-418.05001332797536,235.94097007354313,-84.25186006625353,20.212028263818564,0.02927887942136869,0.1289711527703931
1241.0,-408.87543513557847,251.43762356236869,-409.00855359844786,251.50185285611084,-87.27580364805418,21.45951672230542,0.03107374525826571,0.13389463896915996
1242.0,-402.6973459575845,261.21800772289316,-402.2113134126283,261.20741876714027,-89.29300098266513,22.31961763075681,0.03232377456723508,0.13718835385526412
1243.0,-398.06208986744355,268.2285827617245,-398.0653071886049,268.350632772137,-90.08530007077773,22.779024840986157,0.032967461103105285,0.13850011304381563
1244.0,-386.55962595931425,284.55518898483484,-386.19029786285495,284.5461404259319,-92.93232002605164,24.258775193665453,0.035124210991947305,0.1431767189505011
1245.0,-385.67853822656434,285.74825485279973,-385.64142433961337,286.11335056193104,-93.12611305864228,24.188523753281952,0.0349932087719651,0.1434918721803855
1246.0,-374.3879562903282,300.38917787555414,-374.44128747207174,300.3485849850358,-95.13483825962942,25.528065416684957,0.03695081701425541,0.14682602540325657
1247.0,-367.16761515583084,309.1729974961909,-366.8934587125554,309.29427913753557,-96.5925525360296,26.29732865678471,0.03806557981266582,0.14923848778435586
1248.0,-361.5681522577936,315.70313788887967,-361.3819614348965,316.00201440988195,-97.42796116748598,26.756128620140256,0.03871363318134422,0.15063558107397265
1249.0,-348.12240729872593,330.4705577453761,-348.6509982835391,330.5666091591059,-98.97695410357142,28.24927577297586,0.040911678485948275,0.15325679566023231
1250.0,-347.2361919106799,331.4016098744384,-346.81422976012124,331.34216504595304,-99.32237613655212,28.341286195303727,0.04104861940933671,0.15382904675452608
1251.0,-334.0739984689313,344.66587232707053,-334.00285060425057,344.95114810865726,-100.57873388239791,29.53548439481253,0.04278257602779962,0.1559855028229186
1252.0,-325.9613792956253,352.3480938045407,-326.56913930071505,352.57990963018705,-101.39537292364257,30.282544647250063,0.04387813011203583,0.1573762646849424
1253.0,-319.44724614614245,358.26450693537294,-318.7837898101685,358.1688418470344,-102.19208802882393,31.00156446001147,0.04495403818461856,0.15873962312119969
1254.0,-304.26747192697667,371.2429198343942,-304.1954793058375,371.4801139778954,-103.17888506414725,32.26840169186527,0.04680724947137831,0.16048882202418016
1255.0,-303.42548542767673,371.931411409387,-303.68079580010345,372.11402759067204,-103.20692978564232,32.438099181214746,0.04706956789116266,0.16053975989964772
1256.0,-288.5609547905975,383.5786430060187,-288.4769631449304,383.3566101085915,-104.11024366388928,33.81251542706958,0.04911933168200262,0.1621636295145748
1257.0,-279.71569730222444,390.0757986375601,-279.2646049829359,390.0911426171483,-104.80672602524523,34.62421868096453,0.05032871989688357,0.1633849391209231
1258.0,-272.35488560497123,395.2503210461732,-272.736224089132,395.66815859998275,-104.90610322587402,35.294109950411254,0.05132658340210661,0.16362305575172764
1259.0,-255.67732005447772,406.23774813495623,-255.67033613316104,406.53323884238597,-105.68363510465367,36.773374148384896,0.053547841151601244,0.1650695416377357
1260.0,-254.923743483492,406.71105837973323,-255.36768964204384,406.6842602065497,-105.534449904288,36.87998981731919,0.05371567570427082,0.16483581252035837
1261.0,-238.5571300703638,416.5219030166259,-238.3088787437207,416.49830940205385,-106.3888445522269,38.35469853505264,0.055942555130499484,0.16640454263034768
1262.0,-229.145539224541,421.772832047649,-229.6164146480438,422.12424827899457,-106.59176923085585,39.0831587952783,0.05703303492230936,0.1668339636591002
1263.0,-221.02395384812328,426.0849819288903,-221.26258010699667,426.08898064090863,-106.65895456039414,39.83053726686808,0.05817396873377231,0.16704320161708536
1264.0,-203.10814453833436,434.9104294244909,-203.21664149850145,434.9250596949453,-107.3687965157779,41.515234706829595,0.06074703276515358,0.16839395829778733
1265.0,-202.4808153897899,435.20284856499484,-202.70901970713922,435.43227535772803,-107.20204885836124,41.48765484397608,0.06069692619366244,0.16813478798882628
1266.0,-184.8407176997757,442.9829670317267,-185.1646936299127,443.02252892135397,-107.50918296378428,43.13838764552918,0.06323119141509638,0.16883847198503452
1267.0,-175.03273261567452,446.9491498068766,-175.38385149460748,446.8512889176548,-107.60262217802226,43.9605686020534,0.06449284232876094,0.1691069708215663
1268.0,-166.2532976057947,450.28861970429483,-166.13724167480711,450.199139139823,-107.69282314558586,44.928759541316275,0.06599276503631886,0.1693637730997716
1269.0,-147.3780624968777,456.81474001466546,-147.2789277416802,456.73781979519646,-107.75301098688219,46.47823751185734,0.06837875677395697,0.16969052228346534
1270.0,-146.90748220218597,456.9662916157103,-146.89933114725827,456.7407417516427,-107.6023630452833,46.604053352228426,0.06857896311797884,0.16945540754693827
1271.0,-128.24768887420083,462.5500300491031,-128.6602288415076,462.58741267890065,-107.71039466387076,48.1531442450166,0.07097281382660625,0.16985071899915088
1272.0,-118.21387527936065,465.2155196158398,-117.89391617962745,464.818788046375,-107.8045063435248,49.18310395108977,0.07258471801708614,0.17013235712843705
1273.0,-108.89529493060155,467.4845609664316,-109.42966455641977,467.83649463736447,-107.56541088855069,49.97028061103731,0.0738005908115061,0.16985548635313974
1274.0,-89.3543832168992,471.60979018668337,-89.43566323794964,471.6087733963903,-107.37236512429944,51.73076221528921,0.07655628531127315,0.1697931104686328
1275.0,-89.06292183815678,471.66491914668654,-89.1133200073919,471.6232016841938,-107.4294713856264,51.79736191430131,0.07666210532148593,0.16988794563514942
1276.0,-69.65878264282208,474.91857617987534,-69.33048632058475,474.9209320596223,-107.20170755584012,53.453042722997566,0.0792568159559064,0.16976772806894141
1277.0,-59.56740125436454,476.2895387343727,-59.803188805100405,476.3373201684378,-106.95705681920565,54.383402321921245,0.08072018277938,0.16949503488248224
1278.0,-49.84258991294727,477.4051908293098,-50.144753648602354,477.51239516638856,-106.69936756508753,55.21170011914963,0.08202406855556907,0.16920319629007383
1279.0,-29.940110499037587,479.06532934799753,-30.179629335331104,478.948664153793,-106.21137675464747,56.96045739399258,0.08478971225383665,0.1686710471292535
1280.0,-29.841425967110624,479.07148662412527,-29.426987932246465,478.7593095566421,-106.3076537132954,57.14897736326128,0.0850920701242574,0.1688334942468453
1281.0,-9.985799250965405,479.896117731035,-10.223685156550285,480.25757397538536,-105.88192691683658,58.85114015717884,0.0877827971465585,0.16839111133434034
1282.0,0.0,480.0,0.018798760003106468,480.00385907835897,-105.4647306477139,59.72254657710666,0.08917279077775457,0.16785256227229353
1283.0,0.0,480.0,0.05996224751124587,479.8493480396251,-105.52351505480085,59.7630224635733,0.08923910244432613,0.16794662469005447
1284.0,0.0,500.0,-0.10186558201975014,500.19677503805724,-106.93426046835043,59.409815875512116,0.08842776231365768,0.1701899138491228
1285.0,-19.87825754846286,499.6046986136509,-19.875372502066753,499.5506251457544,-107.369103798171,57.72676583309356,0.08575701835663987,0.17063982290042481
1286.0,-39.72508348585715,498.419419507348,-39.22093723207187,497.940357047183,-108.02398696994493,55.94307845105149,0.08293791262853162,0.171445177233359
1287.0,-59.509095900952396,496.44603685098673,-59.68506511165404,496.29368235212036,-108.23165162449921,54.10781356689579,0.08003716462688575,0.1715250621771685
1288.0,-79.19901220360754,493.6876709681667,-78.94490886500215,493.4184310122464,-108.74356171203009,52.339771372609164,0.07725845120388469,0.17210391760171453
1289.0,-98.76369858897631,490.1486834023181,-99.11874686375506,490.164487895882,-108.89033930547514,50.52416539264201,0.07440867549276454,0.17209045295036055
1290.0,-118.17221926645247,485.834670020205,-118.64760192251372,485.95703476540365,-109.0674759293018,48.8397468313891,0.0717793686545178,0.17213320528510204
1291.0,-137.3938853755127,480.7524521637102,-136.82569192033785,480.5164510112283,-109.33505472893478,47.27683643701144,0.06935855018740807,0.17233644359633535
1292.0,-156.39830351111357,474.91006586389136,-156.42601170852598,474.84668897665165,-109.27019398792106,45.478212631524144,0.06656538891516953,0.17199316993617866
1293.0,-175.15542378191216,468.316749134364,-175.42235500929257,468.252250793477,-109.2611645904975,43.76024567257466,0.06391192148484422,0.17174615150279646
1294.0,-193.63558732532047,460.9829273641033,-193.23178093865462,460.8632677056407,-109.3595388177959,42.241909107391095,0.06158590646400331,0.17168460739206673
1295.0,-211.809573204264,452.92019683276163,-212.0738554297986,453.2909409798154,-109.05010953954053,40.450098277316236,0.058826889037064185,0.1709613770252248
1296.0,-229.64864461148898,444.141306374566,-229.81577624060174,443.9422244858627,-108.48020339587508,38.89834626867622,0.056471692488065196,0.1698370584037489
1297.0,-247.12459430836154,434.66013721979124,-246.3345635936771,434.4227827539733,-108.37307810876075,37.36183673283859,0.05414284595533803,0.16946425807343143
1298.0,-264.20978922630974,424.4916810456819,-264.4254412612359,424.81733452677395,-107.66605057813634,35.73314128294858,0.051668334302776855,0.16811743032141638
1299.0,-280.87721416038545,413.65201627152857,-281.3203077038282,413.67058019952964,-106.88229921551316,34.38282764738711,0.04965575740238148,0.1666631403152712
1300.0,-297.10051448585523,402.1582826353824,-297.3550671923851,402.53063435635386,-106.00113253931262,32.82319174852615,0.047309950389633454,0.16506434272877143
1301.0,-312.85403783028,390.0286540926061,-312.92989805292444,389.97677932835774,-105.0796777180459,31.433889826169292,0.04525255442768513,0.16340705730134863
1302.0,-328.11287463518784,377.282310079115,-327.37459909898155,377.2408391658705,-104.27047588550151,30.150342319417973,0.04336570183741329,0.1619422687234244
1303.0,-342.8528975432066,363.93940518474693,-343.0354936875014,364.31555170415703,-102.96661098969183,28.70801088683218,0.041228455711577315,0.15967530473934333
1304.0,-357.05079954837475,350.02103728471275,-357.2100617813856,350.0071805575047,-101.4724722124002,27.347331167784233,0.03923810091232372,0.15712371346772808
1305.0,-370.68413084930904,335.54921417951846,-369.7502054099726,335.3862492910705,-100.19342042457176,26.059214679426763,0.0373670619968887,0.15493446052387708
1306.0,-383.73133434695393,320.5468187961101,-383.7948188126743,321.0089232752029,-98.418035394036,24.504295736559698,0.03506841035991624,0.1519368434895404
1307.0,-396.17177973078714,305.0375730052622,-395.88567446389465,305.29625893295656,-96.29841123256523,23.20190211585107,0.03318801910797434,0.1484152804804428
1308.0,-407.9857960995805,289.04600011242417,-408.44699075421346,289.2176171978744,-93.89061712009418,21.82570747754104,0.031194652003669103,0.1444293190311389
1309.0,-419.15470306513834,272.5973860813337,-418.58319847648,272.59288032325424,-91.49924193382044,20.533514481227886,0.029341665677239125,0.14049918935332262
1310.0,-429.6608402898307,255.71773955171093,-429.70969202723444,256.121215436063,-88.36594221509694,19.12845927310197,0.027307178893348952,0.13537612210442515
1311.0,-439.4875954112169,238.43375071425308,-439.0658928112114,238.68060580447766,-85.00708501084951,17.87030108610215,0.02551835261983372,0.12991574969529088
1312.0,-448.6194303096061,220.77274910795595,-448.76883150764405,221.11531079046281,-80.98622336116317,16.587924354668797,0.02369250835420363,0.12339751799794531
1313.0,-457.0419056770174,202.7626604064969,-457.00623854640077,202.77782909851888,-76.43035372056232,15.567766535926689,0.02229345539913936,0.11604574296357568
1314.0,-464.7417038486936,184.43196226200385,-464.7992242219266,184.46062221278046,-71.74374286449563,14.269360542613924,0.020451308415181363,0.10849132963851253
1315.0,-471.70664986106726,165.809639276034,-471.6154116181263,165.76201358166907,-66.4913241992919,12.954859453596862,0.01858821630764311,0.10004836803883506
1316.0,-477.92573070288034,146.92513716896053,-478.0746051611231,146.8789144694711,-60.60008722314461,11.697709070857696,0.016818660133961053,0.09059306761395003
1317.0,-483.38911272901856,127.80831622023739,-483.1546522063001,127.74307716003261,-54.533036404106156,10.361917202937233,0.014927037427137135,0.08087484113720772
1318.0,-488.08815720952543,108.48940405315902,-488.307633965143,108.48389829150297,-47.55182501877965,9.259298004633017,0.01340803111067485,0.0697007897019615
1319.0,-492.01543398921035,88.9989478387751,-491.96341885296874,88.9250669041467,-40.271669956331515,8.401563722788353,0.012282441079913177,0.05806929075697731
1320.0,-495.1647332362509,69.36776599453403,-495.1794447811092,69.3137005816187,-32.28947540823528,7.5798821719833365,0.011214874146646549,0.045325846984176264
1321.0,-497.53107526121374,49.62689945403067,-497.5314830153795,49.54716373182939,-24.662008758139937,7.19793243899159,0.010849062507015327,0.033157551429417245
1322.0,-499.1107183909665,29.807562584909764,-499.35341788346835,29.7612874510253,-16.546191255628422,6.934915238105184,0.010672774720661084,0.020218513514950888
1323.0,-499.90116488503276,9.94109383253486,-499.730296334467,9.837285426994358,-9.139814050913543,6.785162792827417,0.01067844501386902,0.0084262824694508
1324.0,-500.0,0.0,-498.62088531975706,-0.07018117953029797,-5.070832713575466,6.715028522722954,0.010688159330946015,0.0019638844641903953
1325.0,-499.90116488503276,-9.94109383253486,-500.5183766486191,-9.719995815196661,-0.33357345344729844,6.905354480692992,0.01110925351909476,-0.005598936340209513
1326.0,-499.1107183909665,-29.807562584909764,-497.88993402417844,-29.834995432623344,8.592644677630929,7.417306390766121,0.012170398144842736,-0.01977326326147121
1327.0,-497.53107526121374,-49.62689945403067,-497.75707597792035,-49.70876701850086,18.158748410240854,7.679605443912371,0.012831253595063362,-0.034996563104330004
1328.0,-495.1647332362509,-69.36776599453403,-495.19961115609385,-69.45965167293349,26.355831726970948,7.59102669207133,0.012932164681518773,-0.04801130518997579
1329.0,-492.01543398921035,-88.9989478387751,-492.0880092999368,-89.0913755767374,34.06656378079048,8.08481719644906,0.013958485867813638,-0.060245208698683335
1330.0,-488.08815720952543,-108.48940405315902,-488.21001390322795,-108.59092018496746,41.64088622257561,8.896635457093641,0.015489345152364449,-0.07225262356608605
1331.0,-483.38911272901856,-127.80831622023739,-483.660320031748,-127.91006587229946,48.615423920663055,9.75646267322991,0.017094403722016885,-0.08329722509298491
1332.0,-477.92573070288034,-146.92513716896053,-478.1246823316269,-147.1100938626789,55.28910869697921,10.787010470122212,0.018969713703614718,-0.09385092949612674
1333.0,-471.70664986106726,-165.809639276034,-471.97139498637443,-165.94825861201662,61.13213216907403,11.842910333228382,0.02088094102247183,-0.10307503103480103
1334.0,-464.7417038486936,-184.43196226200385,-465.0250220686675,-184.5309930604969,66.8057060972078,13.008010049053526,0.022962837056815247,-0.11201973235072449
1335.0,-457.0419056770174,-202.7626604064969,-457.1979004998245,-202.87694717379668,71.72988642519333,14.22733882088585,0.025128141472044837,-0.11976095020396116
1336.0,-448.6194303096061,-220.77274910795595,-448.923520198238,-220.80868495147607,76.24609654108963,15.365477498992844,0.02715915494358459,-0.12684738573274912
1337.0,-439.4875954112169,-238.43375071425308,-439.44713423193934,-238.72973261145344,80.51056629536049,16.70412129366176,0.02950915129770332,-0.13351844310148636
1338.0,-429.6608402898307,-255.71773955171093,-429.6149274292259,-256.0111880169065,84.06804795888684,17.829759170359317,0.03151230513530276,-0.1390599362486022
1339.0,-419.15470306513834,-272.5973860813337,-419.221350678635,-272.42465865174876,87.31403287000181,18.77900347425511,0.033224089696553744,-0.14409879183416244
1340.0,-407.9857960995805,-289.04600011242417,-407.96482892979816,-289.0337336419432,90.16592042181442,20.25914716544508,0.03578322243676143,-0.1484998535278157
1341.0,-396.17177973078714,-305.0375730052622,-396.711597569888,-305.3503802682025,92.9053317640357,21.680605851026417,0.03824537372744942,-0.15272194407140585
1342.0,-383.73133434695393,-320.5468187961101,-384.20981577555995,-320.85195310111675,95.07883410350583,22.86760579652478,0.040324390157149476,-0.15602807150041725
1343.0,-370.68413084930904,-335.54921417951846,-370.76018388603933,-335.3686059125882,96.94133111244692,23.98292920090589,0.0422772675398415,-0.15882761027821085
1344.0,-357.05079954837475,-350.02103728471275,-356.6533439753807,-349.9272269859518,98.72074092209111,25.11300805995606,0.044254142942179844,-0.1614868628624414
1345.0,-342.8528975432066,-363.93940518474693,-343.2916891463603,-364.26291797458504,100.26579883530228,26.418752512471162,0.04650786860112954,-0.16378225908074784
1346.0,-328.11287463518784,-377.282310079115,-328.0634360327724,-377.05977108304586,101.5175945241017,27.55722854913608,0.04847653220225094,-0.16558805379412972
1347.0,-312.85403783028,-390.0286540926061,-312.73265563614547,-389.88264315947936,102.69595204242569,28.850653316861194,0.050692123021707704,-0.1672757123802298
1348.0,-297.10051448585523,-402.1582826353824,-297.21046913681243,-402.5210410117159,103.81652176305015,30.388683507338907,0.05329475621172692,-0.16886905468443994
1349.0,-280.87721416038556,-413.6520162715285,-280.9756823631797,-413.55423858354584,104.62721203511082,31.627944329016543,0.05540222433856983,-0.16996048133240776
1350.0,-264.20978922630985,-424.4916810456819,-264.1534816889295,-424.3132166273713,105.34945156521361,33.10179182837107,0.05787969039965042,-0.1709039402102433
1351.0,-247.12459430836154,-434.66013721979124,-247.4877373045999,-434.88911592286576,106.22948623323613,34.64302092216954,0.06046215543855863,-0.1721004539659749
1352.0,-229.64864461148898,-444.141306374566,-229.10722629148498,-443.9658194108867,106.56971335971646,36.200438847749496,0.06305202519309358,-0.17241683663577656
1353.0,-211.809573204264,-452.92019683276163,-211.75648244397323,-452.6249006548567,107.17852701707655,38.10559604137325,0.06619022457349863,-0.1731732995764929
1354.0,-193.63558732532047,-460.9829273641033,-194.5393351267859,-461.35509044850596,107.57117477092811,39.507737112209334,0.0685287197944167,-0.17358735994957872
1355.0,-175.15542378191208,-468.316749134364,-175.02248008308348,-467.9839955476218,107.88574421755614,41.08782429343592,0.07112469066941299,-0.17384899037909812
1356.0,-156.39830351111368,-474.9100658638913,-156.07401049285147,-474.51154916956995,108.06946629432623,42.75632776629053,0.07386013919424252,-0.17390933175281176
1357.0,-137.3938853755127,-480.7524521637102,-137.70475436949235,-480.9061263771005,108.25554665423641,44.386879480922694,0.0765335570613309,-0.17398052006233022
1358.0,-118.1722192664527,-485.8346700202049,-118.38107385597067,-485.5901080353411,108.28688808307159,45.82534640679716,0.07888031287489851,-0.17379374490454158
1359.0,-98.76369858897654,-490.14868340231806,-99.05454218158674,-490.01260164394535,108.25788319207527,47.50881149296061,0.08161379293400027,-0.17351089067767733
1360.0,-79.19901220360765,-493.6876709681667,-79.4182814408319,-493.75246969597885,108.09126621899385,49.341955721753415,0.08457713465070191,-0.1730052267764098
1361.0,-59.50909590095252,-496.44603685098673,-59.721339794168586,-496.2862873324875,107.8025389953453,51.04877992804632,0.08732466134076027,-0.17230447521793435
1362.0,-39.725083485857276,-498.419419507348,-39.93716803057476,-498.31869307473704,107.5083695731339,52.64830416857995,0.08989527405351067,-0.17159399382655766
1363.0,-19.87825754846286,-499.6046986136509,-20.193852489538738,-499.7077655998285,107.38294350246349,54.47411701019573,0.0928181573760793,-0.17115257618534666
1364.0,0.0,-500.0,-0.4337138623804646,-499.9660497547429,106.93260497848337,56.238278426602385,0.09562907067344872,-0.17019383828209278
1365.0,0.0,-500.0,0.5051902243550607,-499.52180733164965,106.82616420359938,56.17512247225334,0.09552311422534163,-0.17001293379452093
1366.0,0.0,-510.0,-0.3744593968137467,-509.8677907034432,107.59780478989641,56.14421332180226,0.09560062776220839,-0.1712518109755623
1367.0,-29.93068450941222,-509.12096217382174,-30.1154090349355,-508.92764003417057,108.17449232159477,53.40274833055522,0.09122593671576376,-0.1725338742918284
1368.0,-59.75819174883551,-506.4868789207765,-59.91119600676413,-506.28616045934876,108.51032450237251,50.731699548699346,0.08694248041835234,-0.17343327600274122
1369.0,-89.37970012170491,-502.1068304715184,-89.31287031468747,-501.5861133543323,108.7221027570519,48.13983970935541,0.08275984601663562,-0.174130413071066
1370.0,-118.69309815222353,-495.9959157604291,-119.58697961725251,-496.3368927790804,109.01841682784872,45.50236198251554,0.07849788277944361,-0.17497277775713582
1371.0,-147.5973364847734,-488.1752003764638,-148.17183275559682,-488.5720412093912,109.0498176372696,43.09180286034982,0.07456626285384356,-0.17537283161840456
1372.0,-175.99277622197687,-478.6716439457023,-175.67397596086087,-478.21352095430626,108.58729850584439,40.51212068037678,0.0703337106318088,-0.1749735275597227
1373.0,-203.7815324006186,-467.5180071959321,-203.9075464734824,-467.26555041248116,108.04990363612899,38.06016138807434,0.06629721671729102,-0.17446401283276572
1374.0,-230.86781142139102,-454.7527390236335,-230.7102884453914,-454.49272766452106,107.3656467223138,35.87146734885627,0.06265737355103845,-0.17370323658477707
1375.0,-257.15824126927544,-440.41984395266877,-257.1722717971067,-440.1404316511337,106.63794979554719,33.49709636384554,0.05870267258114276,-0.1728691501473194
1376.0,-282.56219338622196,-424.56873044157095,-282.5673948364574,-424.82283964695125,105.61001852917248,31.473178320788207,0.05529391283776519,-0.1715441601082136
1377.0,-306.99209508656304,-407.25404056235294,-307.27798371959574,-407.50491454803887,104.38132134535037,29.182258963369872,0.051435709279317794,-0.16989125771620608
1378.0,-330.363731438203,-388.5354616379654,-330.31237197127837,-388.62863827462985,102.6485136471384,27.238828504685227,0.048111466395343236,-0.16741551013824146
1379.0,-352.59653556893494,-368.477520487729,-352.25235952510275,-368.2227747182469,100.64034964111376,25.275841401949275,0.04473736533169984,-0.16448811628962107
1380.0,-373.61386639713925,-347.149360990022,-373.72423653684973,-347.1005458899574,98.32480687977488,23.41770309886968,0.04152136300943134,-0.16106578102079427
1381.0,-393.34327282946987,-324.6245057290057,-393.67799263501564,-324.9529607202816,95.61094944776546,21.664736496912862,0.038460189136937606,-0.15699091587889175
1382.0,-411.7167435147814,-300.9806025470474,-411.62540420062146,-300.8175691346027,92.04492384652788,19.622254094835768,0.03491389194627095,-0.15153521132514688
1383.0,-428.6709412933463,-276.2991568765211,-428.63515650715544,-276.32789231761916,87.80395851505732,17.91265001071137,0.03189304813149082,-0.1449938233403371
1384.0,-444.14742153316485,-250.6652507736985,-444.1363785595763,-250.87419639363523,82.92779717663213,16.121634738915258,0.028730828071450852,-0.13742301458303965
1385.0,-458.09283360071987,-224.16724962327376,-457.76229257638744,-224.05857149127755,76.75710002068575,14.212949193929562,0.025364650447829658,-0.12776892123542535
1386.0,-470.45910477166234,-196.89649752457765,-470.8180658933938,-196.97016212505523,69.91198774365888,12.420383212457518,0.022179942065508614,-0.11703448038796918
1387.0,-481.20360594745097,-168.9470024095438,-481.5238491349326,-169.11532463281657,61.77862276601443,10.875036198099684,0.019379308465143734,-0.10422094142326412
1388.0,-490.2892986066857,-140.41511197789265,-490.2872608555204,-140.4120148826704,52.41579608020288,9.042372874242355,0.016111005539176868,-0.0894268652052667
1389.0,-497.684862484565,-111.39918156665082,-497.58558275215665,-111.52293468798557,42.19308078456101,7.726114541402569,0.013662311557193203,-0.07324629084431275
1390.0,-503.36480354032557,-81.99923509892879,-503.35892135320347,-82.13356192041697,30.903018949544844,6.617063824498735,0.011537271668866839,-0.055348305276974645
1391.0,-507.3095418404833,-52.31662028073782,-507.29320322485745,-52.32114523630242,19.135732082714544,6.451349566795173,0.010908417377976624,-0.036668269603959504
1392.0,-509.5054790549197,-22.45365923445023,-509.1077911582209,-22.60723979090547,5.40907816793798,6.439923502126514,0.01052632683737668,-0.014843844586667248
1393.0,-510.0,0.0,-508.66503122107133,-0.09544693296400693,-5.317629891115474,5.994670476721862,0.009541983321771953,0.002233663989291628
1394.0,-509.9450453331429,7.486704226751603,-510.81351131415846,7.770434466810568,-7.47456957955044,5.677007148282198,0.008940073196061061,0.0056402277455330505
1395.0,-508.6267253991307,37.401259467527076,-508.7546644766224,37.393144982561815,-19.360203061149004,5.701713827248693,0.008616606564860522,0.02458201559064719
1396.0,-505.55506377480083,67.18688481881759,-505.48460804352544,67.2651444919291,-31.365469310261858,6.487217516966737,0.009500932947624616,0.04372903854987579
1397.0,-500.74064911410227,96.74090305960293,-500.2632539002491,97.12472432497106,-43.080129481752216,7.606220503822296,0.010916192050398815,0.062437445061762374
1398.0,-494.2000777017318,125.96143536655283,-493.990309227076,125.88044514532844,-53.608143811048905,9.358030363671945,0.01335211350315003,0.07927012485949425
1399.0,-485.95589624230223,154.74775251143643,-485.38841762338853,154.65607243978454,-63.409411786832926,11.232942546898089,0.015983714594567662,0.09497467446174643
1400.0,-476.0365241371812,183.0006220956394,-475.6678225508712,183.1870240218494,-71.35305836086063,13.032223417828975,0.018497941250753956,0.10773642851020386
1401.0,-464.47615551692667,210.6226506247981,-464.85884914837584,210.66436575347498,-78.36248403956397,14.961142293529333,0.021231396730911435,0.11902465316423572
1402.0,-451.314641367036,237.5186192443524,-450.8192430802351,237.54970342150114,-84.8265006945209,16.84100089486745,0.023894020617033336,0.129484397867518
1403.0,-436.59735215334257,263.59581197866214,-436.3381808313165,263.93330326406556,-89.76364638690451,18.681388652049872,0.0264999694731381,0.13751945846109975
1404.0,-420.3750214206214,288.7643353421818,-419.87001198872923,288.7693442702843,-93.86831046166837,20.861810644796876,0.029666052534433513,0.14425391945045254
1405.0,-402.70357090355054,312.9374282209289,-402.99546766112695,313.43465816857355,-97.34993012643754,22.645441914955768,0.03220271443725904,0.15000175133318147
1406.0,-383.64391775290596,336.0317609560167,-383.76027844808755,335.935447898812,-100.01483764890956,24.787079900707454,0.035335670593316014,0.15447865622448256
1407.0,-363.2617645415241,357.96772259825093,-362.30770032740134,357.8554939488538,-102.81353311603351,26.874724769823008,0.03838980638741354,0.15919564754475451
1408.0,-341.62737277392154,378.6696953435647,-341.7183968843253,379.1445912350239,-104.50827519918585,28.794645996229445,0.041184728925799795,0.16214506998344855
1409.0,-318.81532068033374,398.0663152032535,-318.6668754422753,398.2979260390187,-106.09991058606143,30.90766850476901,0.044313138325052674,0.16496054773539506
1410.0,-294.90424613010634,416.0907180104282,-295.37032944537617,416.15423654096753,-107.28224726105871,33.07143627960111,0.04753819594543536,0.16712760716445182
1411.0,-269.9765755506673,432.6807699146506,-269.30172737400557,432.618721366014,-108.48519687467467,35.374297204109745,0.05100167284033653,0.1693614223997774
1412.0,-244.1182397865572,447.77928157018715,-243.37893728553044,447.52675823016574,-109.32025588872948,37.651619472689724,0.054443565477880096,0.17100793580533222
1413.0,-217.41837787800628,461.33420527953103,-217.61052888670716,461.57038341577555,-109.71483646604027,39.97260400831744,0.05796553519807252,0.17195151529719008
1414.0,-189.96902978019614,473.2988144125981,-190.07545338354757,473.5309710739773,-110.09134546975137,42.40416628818388,0.06168900576826768,0.1728879693104683
1415.0,-161.8648190824677,483.6318644831004,-162.11859806891513,483.5931556288958,-110.11854022096965,44.94831143081586,0.06561490722093254,0.17327363794988832
1416.0,-133.20262682120597,492.2977353268351,-133.14657377763626,492.2132847137226,-109.97670366919472,47.525481803177776,0.06961103077340061,0.17340271766213838
1417.0,-104.08125751083769,499.26655389176904,-103.95100664912918,499.41989044387657,-109.90376368444657,50.01898591129935,0.07349130671280696,0.17364418738949522
1418.0,-74.60109854420196,504.5142972166381,-74.34076841179946,504.32277573695154,-109.45443027529484,52.67072959204567,0.07765164235566817,0.173291686842261
1419.0,-44.86377413641001,508.02287524307127,-44.99803028288923,507.8405105781317,-108.76714578729037,55.26278663848152,0.08173394766966557,0.1725571993243214
1420.0,-14.971795005123978,509.78019317576917,-15.030081428022124,509.7267615915607,-108.04528432713613,57.98049017329666,0.08603620631891783,0.1717753377848333
1421.0,0.0,510.0,-0.08569786074326786,510.05413690777294,-107.58858652968293,59.326354838258744,0.08817420710391591,0.17123150412531582
1422.0,0.0,520.0,0.13007949782972494,520.0665563024298,-108.46928070400581,59.23955538281111,0.0879134396512955,0.17263581505672965
1423.0,0.0,520.0,-0.1018658366632302,519.852866173235,-108.19737859704601,59.29906334845962,0.08801076657737356,0.17220022878491303
1424.0,-19.91742151881832,519.6184141464212,-20.258099391654845,519.8808711886663,-108.9066934335586,57.30194533467579,0.08483191156239368,0.17308228556377908
1425.0,-39.80561147497774,518.4742166155451,-39.325702756564986,518.2394488365161,-109.3893746208647,55.84749220992736,0.08253717997441852,0.17361697611162785
1426.0,-59.6353812071683,516.569086675031,-59.9140867009318,516.7819312132232,-109.85932869580738,53.89103713680283,0.07944123519496003,0.17411278587253812
1427.0,-79.37762779381474,513.9058203657812,-79.4294933036188,513.864661335995,-110.18692428849313,52.14712970523465,0.07670144803971593,0.1743951657964206
1428.0,-99.0033767656275,510.48832639836456,-99.12833820381609,510.61378262551176,-110.51168218028971,50.3597465430285,0.07389655280844656,0.17467078281521467
1429.0,-118.48382462963156,506.3216204164451,-118.67804170396066,506.60897934427226,-110.60597151970596,48.665441290929806,0.07124902896580462,0.1745814242713035
1430.0,-137.79038114226415,501.4118176356333,-137.74719323874012,501.2707958137309,-110.72866320346304,47.0894157621602,0.06880608302125614,0.17454315476924764
1431.0,-156.89471126950002,495.7661238685639,-156.43591070798377,495.62208620657367,-110.97433447402125,45.37018426807392,0.06613902070853975,0.17470527252425955
1432.0,-175.76877677242138,489.392824949372,-175.86747824357406,489.4944301950664,-110.73958686796011,43.63818899544077,0.06345750985496142,0.1740936822249755
1433.0,-194.38487735719977,482.3012745730892,-194.86934709915917,482.4538342186759,-110.74540235790273,41.839310677010324,0.060680732078888966,0.17387022249231304
1434.0,-212.7156913290968,474.501880567806,-212.27028419657134,474.30046255764955,-110.63563794965246,40.384911354694104,0.0584658377866668,0.17348241820626656
1435.0,-230.73431569081905,466.00608961974893,-230.78887205659967,466.1857004474164,-110.31840963284088,38.64194554371005,0.055791202813501944,0.17275073701604418
1436.0,-248.41430562637666,456.8263704736901,-248.43180189959628,456.5534914449554,-109.83805401764785,37.181989383885096,0.053585575820506104,0.17177015482689423
1437.0,-265.72971331249744,446.97619563334456,-264.9106435502676,446.8782024050861,-109.56217292098908,35.734132908115086,0.05139973367283162,0.1711292604978657
1438.0,-282.65512600063505,436.4700215886139,-282.88077312328363,436.95521828102346,-109.07189076464499,34.02185476313036,0.04879608488297219,0.17012887252157888
1439.0,-299.16570331368274,425.3232675986931,-299.52377324780343,425.53006067587125,-108.3237740769779,32.586416792850535,0.04665143799349018,0.16873438146204559
1440.0,-315.23721370265173,413.5522930621817,-315.0481287975671,413.80943328194,-107.34189269589847,31.257109032069348,0.04467932118902639,0.1669815423475022
1441.0,-330.84607000981106,401.1743735074104,-331.3348024138847,401.15092394317406,-106.42075477782578,29.824434446128887,0.042554177187538976,0.16531604336825917
1442.0,-345.969364086094,388.2076752382206,-345.38728619869926,388.2412706154064,-105.58809104429531,28.42050977566142,0.04047786585128157,0.16381871748933022
1443.0,-360.5849004119657,374.6712286724092,-360.57790419049553,375.0859846303274,-104.36581123519123,26.924369877957588,0.03825779767908437,0.16168735966828884
1444.0,-374.6712286724092,360.5849004119657,-374.94388081789583,360.56726921653853,-102.88830472698078,25.626795532297212,0.03637045428146687,0.15915989529994737
1445.0,-388.2076752382207,345.9693640860939,-387.5395058873789,346.05883815984953,-101.62912223837867,24.386308972467294,0.03457384296465785,0.15700158584827134
1446.0,-401.1743735074104,330.84607000981106,-401.25668387933246,331.21097489171774,-99.78277033240141,22.864620060636184,0.032333841221633325,0.15389503161630405
1447.0,-413.5522930621817,315.23721370265173,-413.699384137196,315.737257975819,-97.94227522713396,21.505907941306415,0.030360889912612675,0.15081340726640743
1448.0,-425.3232675986931,299.16570331368274,-425.66286102135405,299.1924904970398,-95.42355685001313,20.216164518235516,0.028510822820061035,0.1466582260898135
1449.0,-436.4700215886139,282.65512600063505,-436.0589608048397,282.6888016471788,-93.09763814839584,18.960870184463506,0.026715080067124773,0.14282909075187902
1450.0,-446.97619563334473,265.72971331249727,-446.6485882020101,266.0731294177445,-90.26712152398471,17.409098369729946,0.02444885020549551,0.13819449274964454
1451.0,-456.8263704736901,248.41430562637666,-456.44206895111364,248.72685855137425,-86.77420988069873,16.24814624600248,0.022813576822365005,0.1325154107184764
1452.0,-466.00608961974893,230.73431569081905,-465.4048187724571,230.6635956331172,-82.96034232438647,15.188342340445258,0.021348066810509936,0.12633568542571652
1453.0,-474.50188056780604,212.7156913290966,-473.96654695430817,212.70904155339124,-78.83951173027677,13.980546904658945,0.019645689608741617,0.11967232458597646
1454.0,-482.3012745730892,194.38487735719968,-481.98570171050187,194.36222594351054,-74.35792249103541,12.701683236544383,0.017835007818572963,0.11244144341190254
1455.0,-489.392824949372,175.76877677242138,-489.1877200399619,175.69111716205848,-69.07357567872874,11.509191200301823,0.0161657623596322,0.1039429413269007
1456.0,-495.7661238685639,156.89471126950002,-495.66690308313036,156.83851707830806,-63.74380633989609,10.306751529748253,0.014482907468020311,0.0953809995897969
1457.0,-501.4118176356333,137.79038114226415,-501.111625817233,137.68645273448942,-57.72305029244357,8.944529672831798,0.012549418859300455,0.08573198735715774
1458.0,-506.3216204164451,118.48382462963143,-506.12844484747524,118.40536207134578,-50.91204515353608,7.716881161829338,0.010831690564519283,0.07483049515778176
1459.0,-510.48832639836456,99.0033767656275,-510.2339605067627,98.9050716956807,-43.80335285792302,6.632101107225414,0.009344029013148035,0.0634663798412204
1460.0,-513.9058203657812,79.37762779381474,-513.824160133909,79.30315457002487,-36.08318250830415,5.6025625815880415,0.007945531705816692,0.05113537803725227
1461.0,-516.569086675031,59.63538120716803,-516.2826523804146,59.563254956605896,-28.05590406654082,4.8586167020945465,0.007003259079714574,0.038329458513589536
1462.0,-518.4742166155451,39.80561147497761,-518.2775054709082,39.687717987788346,-19.93906141271785,4.432711296683325,0.0065688247361591415,0.025386671295358158
1463.0,-519.6184141464212,19.91742151881832,-519.5902563222184,19.85838523216803,-12.90306635746708,4.194981479489633,0.006433315281198607,0.014172460145162949
1464.0,-520.0,0.0,-519.2603832385022,0.1173239994037617,-5.410410616078945,4.603904637576636,0.007325904942102419,0.0022515681105921507
1465.0,-520.0,0.0,-521.3111364649561,0.07835968183219866,-4.711015088010222,4.714420311332365,0.007502273294716207,0.0011133300367777781
1466.0,-519.6184141464212,-19.91742151881832,-520.9929392191694,-19.85362548970326,4.314555567595925,5.047996187800692,0.008277282272737066,-0.013247414850834239
1467.0,-518.4742166155451,-39.80561147497761,-518.4110583994769,-39.851598014084395,13.108953970116625,5.445590656614044,0.009154988150293005,-0.02721251439928589
1468.0,-516.569086675031,-59.63538120716803,-514.7107769646855,-59.55153880611914,20.76047252497929,5.2563641162680454,0.009095089398129376,-0.039344967154596705
1469.0,-513.9058203657812,-79.37762779381474,-513.9963758925038,-78.84054418994755,29.622879028810047,4.815294133739126,0.008629336644082844,-0.05344117593179102
1470.0,-510.48832639836456,-99.0033767656275,-508.92003587768687,-98.65411426555472,36.58570688880079,5.698007229855672,0.010276874425063899,-0.06446069085150088
1471.0,-506.3216204164451,-118.48382462963143,-505.5170457509527,-119.06991921146646,43.88990379253039,7.461076814555809,0.013332918628574521,-0.07604400494918957
1472.0,-501.4118176356333,-137.79038114226415,-501.4300819432301,-137.98833203320993,51.168334170173914,8.020578393350691,0.014455086336492555,-0.08757793373983373
1473.0,-495.7661238685639,-156.89471126950002,-495.8007808421749,-157.0684702505341,57.67520352558006,9.153923946603568,0.016492535741927696,-0.09786499606162749
1474.0,-489.392824949372,-175.76877677242138,-489.3438899364731,-175.99430031594304,63.41440862216606,10.167885148740057,0.018338089243532654,-0.10692014729927347
1475.0,-482.3012745730892,-194.38487735719968,-482.5544442044929,-194.58679920499716,68.7762362188886,11.264056320608384,0.020310401677806334,-0.11537061080183461
1476.0,-474.50188056780604,-212.7156913290966,-474.38360131738335,-212.57248519352956,73.77265629974595,12.490973631906856,0.022483371434754495,-0.12322259224698418
1477.0,-466.00608961974893,-230.73431569081905,-465.5468261399171,-230.62888155752964,78.08698325999545,13.640474243490312,0.024533994675377646,-0.1299808331195027
1478.0,-456.8263704736901,-248.41430562637666,-457.15481467025023,-248.49193196384303,82.1711966258585,14.803644023078947,0.02660400516986208,-0.13637828384089215
1479.0,-446.97619563334473,-265.72971331249727,-447.1685467700416,-265.7449731440034,85.59110121328206,16.069235260034215,0.028829553710088565,-0.14169892948874763
1480.0,-436.4700215886139,-282.65512600063505,-436.58110249934043,-282.8763178859547,88.86327969971403,17.25007615745635,0.03091872748268367,-0.146777099153938
1481.0,-425.3232675986931,-299.16570331368274,-425.74822718121203,-299.4817040388298,91.5471421695129,18.473499979925645,0.0330692326848328,-0.15091592901027592
1482.0,-413.5522930621817,-315.23721370265173,-413.1439011172253,-315.0048937421735,93.90196793385134,19.447273394108066,0.034809153291185856,-0.1545093857760602
1483.0,-401.1743735074104,-330.84607000981106,-401.1866336971041,-330.9441099579139,96.07385995193154,20.802008834354147,0.037160488858733166,-0.15781961895174856
1484.0,-388.2076752382207,-345.9693640860939,-388.5199889347211,-346.2420397382425,98.18177501235193,22.08958505838751,0.03939708339635918,-0.16101934191181563
1485.0,-374.6712286724092,-360.5849004119657,-374.3918670717397,-360.2458929912461,99.59710531917652,23.032307651122753,0.041068977813219304,-0.16309888333103165
1486.0,-360.5849004119657,-374.6712286724092,-360.9460516430792,-374.6211231746576,101.16575288361433,24.154307667245025,0.04303074935443925,-0.16543079293274282
1487.0,-345.969364086094,-388.2076752382206,-346.24597239695277,-388.38968061083506,102.66194018522803,25.65752358062464,0.045591814935319476,-0.16763201750944656
1488.0,-330.84607000981106,-401.1743735074104,-330.74261052813875,-401.0119039544173,103.73251062430006,27.0727545388595,0.04799880898837661,-0.16914601403029486
1489.0,-315.23721370265173,-413.5522930621817,-316.24179184037774,-414.0021845162809,104.99570300631633,28.49152160235616,0.050415938514518074,-0.17097885601395887
1490.0,-299.16570331368274,-425.3232675986931,-298.5136424434816,-425.004604944615,105.53765487914877,29.839804577292536,0.05269654386049606,-0.17162428304403538
1491.0,-282.65512600063505,-436.4700215886139,-282.9101758669792,-436.42739658507827,106.49335521441115,31.236424124256796,0.055059227525008254,-0.1729542321368965
1492.0,-265.72971331249755,-446.9761956333445,-265.97983971958206,-447.2941279881802,107.33759580616375,32.674675142092006,0.05748135967865187,-0.17409053740276628
1493.0,-248.41430562637666,-456.8263704736901,-248.42880432272855,-456.5827880831116,107.69579441990659,34.15351139051294,0.05994875863643835,-0.1744456811482628
1494.0,-230.73431569081905,-466.00608961974893,-230.38746505423845,-465.7101824987781,108.32094764274404,35.635720887657804,0.062419551269912804,-0.17521969161173062
1495.0,-212.7156913290968,-474.501880567806,-213.1320339494662,-474.7812530997451,108.80694220353882,37.21490092766462,0.06504398751946448,-0.17578184918177708
1496.0,-194.38487735719968,-482.3012745730892,-194.50161607266207,-482.0801241475315,109.06803474895406,38.519245591512636,0.06720930560264456,-0.17596922465153872
1497.0,-175.76877677242138,-489.392824949372,-176.11051983180803,-489.0927536581282,109.28253306744504,40.194834323265155,0.06996197137848958,-0.17608537407153788
1498.0,-156.89471126950002,-495.7661238685639,-157.49034663948677,-496.1229301925657,109.61767449927777,42.00278953461674,0.0729255198475382,-0.17639072747071038
1499.0,-137.79038114226415,-501.4118176356333,-137.76780534875274,-501.16212715363736,109.63765247393134,43.40062193106811,0.07521195411110393,-0.17618098197676796
1500.0,-118.48382462963167,-506.32162041644506,-118.69550244093001,-506.0985011795428,109.53113283476408,45.394510864876935,0.07844578254779894,-0.1757778727293715
1501.0,-99.00337676562772,-510.4883263983645,-99.21380222347175,-510.1645808764758,109.46137602407482,47.02631499695056,0.08109267665331125,-0.17542825946297366
1502.0,-79.3776277938145,-513.9058203657813,-79.81178744839691,-514.1056897280024,109.44545627738164,48.869119618020534,0.08407385795245599,-0.1751653064505922
1503.0,-59.63538120716803,-516.569086675031,-59.5679937485429,-516.4067079921975,109.18421867692534,50.40041141254692,0.08653916504486243,-0.17450160870400472
1504.0,-39.80561147497761,-518.4742166155451,-39.990988320459486,-518.3464476181958,108.93173764956352,52.200150445441096,0.08942729461704402,-0.17386001361421755
1505.0,-19.91742151881832,-519.6184141464212,-20.505571952774897,-519.7071783412697,108.78515592341023,53.908698251949424,0.0921631977384403,-0.17338808418574153
1506.0,0.0,-520.0,-0.19414313410299552,-519.7623299492699,108.24616047250043,55.55731578986727,0.0947877294829634,-0.1722814927648662
1507.0,0.0,-540.0,0.17941396486262784,-539.7891360053951,109.55808627526949,54.81039418164284,0.09384423457291333,-0.17436491258601441
1508.0,0.0,-540.0,0.01319337203862111,-539.8244491880704,109.58047955815094,54.64212824633403,0.09357686349891975,-0.1744025883017317
1509.0,-29.74739059216712,-539.1800188739908,-30.389268370703956,-539.4222857185961,110.18702529904836,52.19462213356548,0.08967661125287198,-0.17574027395465588
1510.0,-59.4044393368029,-536.7225657516927,-59.42908574410987,-536.8667720072855,110.48343608504656,49.584834872031614,0.08549170851486453,-0.1765676762279782
1511.0,-88.88107875159616,-532.6351038374701,-88.7061860588509,-532.3127442088112,110.7403820999543,47.28354910809701,0.0817733254119912,-0.17733517436507537
1512.0,-118.0877892514431,-526.9300466188151,-117.89664370102348,-526.6766751848457,110.865815062637,44.713114481252774,0.07761332685998773,-0.17789230186828495
1513.0,-146.93587101648086,-519.6247201669952,-146.63654605098623,-519.2256843447971,110.81076661155696,42.33017957193788,0.07372951607847114,-0.17815666634168847
1514.0,-175.33771337052906,-510.7413105183427,-175.19560575979708,-510.4075582376161,110.71517240981558,39.80294257254926,0.06959929811908985,-0.17835428547378065
1515.0,-203.2070608518312,-500.3067962959929,-203.49702026537702,-500.06229379154024,110.4214297665428,37.377203940069826,0.06561191700599549,-0.1782333861927018
1516.0,-230.45927516805804,-488.3528667766918,-230.91248581690093,-488.76280915400963,109.97208973291924,35.123752924859716,0.061887053843322874,-0.17785399578075228
1517.0,-257.0115922400198,-474.91582565150406,-257.34938834033164,-475.2293930582562,109.23217932677237,32.98323162198242,0.05831456500208302,-0.17700016382291386
1518.0,-282.783373553454,-460.0364807726967,-282.6341820795114,-459.9239977793561,108.22725554249344,30.678450895339903,0.05445894778744274,-0.17571044012889842
1519.0,-307.6963510555437,-443.76002022163243,-307.50663002559344,-443.4728626458057,107.14387779548652,28.459158030249636,0.05072535688528938,-0.17429080308740832
1520.0,-331.6748648524206,-426.13587507405254,-332.1482405030306,-426.12390977069646,105.78628877512396,26.29897822519557,0.04707485179067261,-0.1724319181896415
1521.0,-354.64609298577653,-407.21756927952396,-355.0000508057235,-407.4732595108676,104.38308521751037,24.51323009484207,0.04400433136228674,-0.17047851586688664
1522.0,-376.54027259075764,-387.0625571109637,-375.6419474525325,-386.73112293018465,102.40548200790779,22.717610097256436,0.04089248499299407,-0.167583863352298
1523.0,-397.2909117634911,-365.73204867790014,-397.66078285870935,-365.75945178341226,100.23518992789695,20.79862696410416,0.03758148899189008,-0.16439940030729755
1524.0,-416.8349914948133,-343.29082403338253,-417.3714753305062,-343.65834865790134,97.59208973105422,19.316549257842805,0.03495201745151659,-0.1604341720091199
1525.0,-435.11315705692806,-319.80703643908925,-434.5218619706268,-319.5400192924845,94.23509337505341,17.277440376427222,0.031411298346287635,-0.15530138668903717
1526.0,-452.06989826176533,-295.35200538611053,-452.313877500092,-295.46686643174274,90.54564060214352,15.549309343962635,0.02836606913501219,-0.14964733855941845
1527.0,-467.6537180435968,-270.0,-467.82056811763186,-270.3837022504735,85.90833430153657,13.92708450107609,0.02547702527824865,-0.14245674637500136
1528.0,-481.8172888539328,-243.8280134878802,-481.71874463541377,-243.76658499032655,80.4001611992033,11.891038386190184,0.02191057812979009,-0.13386042719934832
1529.0,-494.517596393731,-216.91552931260344,-494.5681809932202,-217.08930334885318,74.08726853853095,10.124515591348521,0.01877235383642143,-0.12397051317628349
1530.0,-505.7160702464095,-189.3442798040875,-505.7912106336801,-189.60211917447734,66.59426396781932,8.574876127084247,0.01596939123006047,-0.11218247415543055
1531.0,-515.378701014934,-161.1979979409149,-515.0658798702576,-161.23367301648602,58.058474883481985,6.853388692225502,0.012882131292289795,-0.09871093051833638
1532.0,-523.4761436072384,-132.5621630560316,-523.4489501933163,-132.72387080779717,48.53424618070701,5.404029130148516,0.010226245131864079,-0.08365531698131443
1533.0,-529.9838063563056,-103.52374123881877,-529.8888111769538,-103.65985979797279,38.122196132211435,4.294559873676456,0.00810452381374642,-0.06716289345469074
1534.0,-534.8819257042518,-74.17092122194039,-534.9025731173095,-74.30342099055616,26.74953888549138,3.2324305612639583,0.006054565001352675,-0.04912415069210193
1535.0,-538.1556262236018,-44.59284655505939,-538.1226293500168,-44.620365209919896,14.998661074340559,3.3169931324640314,0.005825622934551697,-0.03046148374029149
1536.0,-539.7949657934738,-14.879344878807366,-539.4669049058441,-14.99066537237637,0.56800329720179,2.6811169247091287,0.004450720387880542,-0.007510841873563377
1537.0,-540.0,0.0,-539.2518803722161,0.17082484357463812,-5.417121365456688,2.2539587700313977,0.0035851947105333165,0.0020174132768996417
1538.0,-539.7949657934738,14.879344878807366,-537.8969182487907,14.72410520352596,-11.518427519730396,2.555547516834574,0.003886954479128236,0.011744537798962985
1539.0,-538.1556262236018,44.59284655505939,-537.6154243368861,44.572497518112925,-22.187558803661897,2.5369058409959933,0.003491732879638604,0.02872843507060619
1540.0,-534.8819257042518,74.17092122194039,-532.3761227160945,74.14325032686524,-34.567939110948465,3.661500452818458,0.004919428586677658,0.04849658788804075
1541.0,-529.9838063563056,103.52374123881877,-527.721167604458,103.56256857550075,-45.81737775011519,4.802482545693178,0.006375060394809094,0.06645763466133182
1542.0,-523.4761436072384,132.5621630560316,-523.4517104485434,132.48194454679722,-55.453966627789384,6.6721185792058195,0.008996503747007266,0.08184703013155613
1543.0,-515.378701014934,161.1979979409149,-514.9951821058967,161.02690709046198,-64.62163476523611,8.651275149830308,0.01179683987881045,0.09654139401175788
1544.0,-505.7160702464095,189.3442798040875,-505.3173665611769,189.52376969610998,-72.33961445404721,10.129825500689378,0.013801025545067479,0.10894346413775517
1545.0,-494.517596393731,216.91552931260344,-494.64940489753235,216.92434246596704,-79.3804043990833,11.94274619307408,0.0163508043699734,0.12027987960507994
1546.0,-481.8172888539328,243.8280134878802,-481.53004534742405,243.86186121714158,-85.61491866912918,13.924626555508624,0.019175161871599976,0.13036308968412158
1547.0,-467.6537180435968,270.0,-467.5908016723335,270.42303579078697,-90.68784673385119,15.57261465069073,0.021472722402225027,0.13860761899775267
1548.0,-452.06989826176533,295.35200538611053,-452.25602088520805,295.4184939712406,-94.87500665043596,17.628368075501516,0.02443843689736006,0.14545949562444127
1549.0,-435.11315705692806,319.80703643908925,-434.26181986839885,319.7133077516634,-98.65238328244409,19.755873101869742,0.027526928386080694,0.15169175174516716
1550.0,-416.8349914948133,343.29082403338253,-416.9126342553193,343.6717593568998,-101.47852481112135,21.49690275960705,0.030004444640226915,0.1564021706923658
1551.0,-397.2909117634911,365.73204867790014,-397.67798696288145,365.77478941929684,-103.68790494349356,23.605119818908303,0.03308908109167212,0.1601540745882987
1552.0,-376.54027259075764,387.0625571109637,-375.369395656986,386.73694683077775,-105.97068077116121,25.71971225329752,0.03619783650411541,0.16406043787025043
1553.0,-354.64609298577653,407.21756927952396,-354.76182687587107,407.6588679969803,-107.58310122180235,27.578372085160197,0.03889975530085834,0.1668790650566684
1554.0,-331.6748648524206,426.13587507405254,-331.5675373652277,425.9180885062622,-108.71038836593381,29.757612892341438,0.04214450458914166,0.16895725810379023
1555.0,-307.6963510555437,443.76002022163243,-307.58997010707793,443.49430633091714,-109.63077037576579,31.90905313165136,0.04535337261479955,0.1707157441834876
1556.0,-282.7833735534541,460.0364807726966,-282.1102990196134,459.9742785291803,-110.84172320409802,34.161775493579256,0.04873686183551862,0.17295508430885764
1557.0,-257.0115922400197,474.9158256515041,-256.5492854932956,474.70535435402127,-111.42919631099817,36.395001382921016,0.05211074014282766,0.17420312183703482
1558.0,-230.45927516805804,488.3528667766918,-230.47072342925003,488.60146515956814,-111.92616242639944,38.71187008471579,0.055627965914636215,0.17531345141729873
1559.0,-203.2070608518312,500.3067962959929,-203.48787972601016,500.64463197722915,-112.23522618293843,41.02724740739166,0.059165511037607775,0.1761357998179499
1560.0,-175.33771337052906,510.7413105183427,-175.1628390926571,510.18734902706996,-112.0696021571029,43.545293113644156,0.06305623585159757,0.1762190969980893
1561.0,-146.93587101648086,519.6247201669952,-147.37542551818268,519.9507676237433,-112.16347205128686,45.92359486481491,0.06672184832754603,0.17670880727495786
1562.0,-118.08778925144297,526.9300466188153,-117.86131129777027,526.644625438536,-111.95632859275379,48.61777067361249,0.07092778280777386,0.17674058677757762
1563.0,-88.8810787515963,532.6351038374701,-88.63712393534927,532.2050587223522,-111.6652482613157,51.092024710567586,0.0747975819366612,0.1766352258715279
1564.0,-59.40443933680277,536.7225657516927,-58.92579819903808,536.4184166569013,-111.20826035885415,53.73887391450075,0.0789585724005894,0.1762717808356801
1565.0,-29.747390592167378,539.1800188739908,-29.46016128349324,539.1211663868747,-110.54348717441019,56.28008761727167,0.08296993912045802,0.17557462630821724
1566.0,0.0,540.0,-0.07879683159793645,540.2719732771008,-109.59761764477952,58.90097841993719,0.08712712248517679,0.174429060969963
1567.0,0.0,560.0,-0.019412990294385535,559.9533449140772,-110.76856919182205,58.65715748733019,0.08649803219413942,0.1762934155105856
1568.0,0.0,560.0,0.41805320765817666,559.6792368428615,-111.00552673275241,58.730185194579,0.08661761639416446,0.17667590278666356
1569.0,-19.987706949829064,559.6431823679153,-20.2353710344434,560.0352148774967,-111.45126130149816,56.869996713009954,0.08365267482158843,0.1771323694595071
1570.0,-39.949942591570135,558.573184181742,-40.46170775509374,558.9001997418104,-111.89064727134077,55.01786554092653,0.08071881700824664,0.17758396255266795
1571.0,-59.86126807646318,556.7913689922625,-59.480506320769074,556.8792901772492,-112.43510823193616,53.40534689051888,0.07817716389245591,0.1782175763745898
1572.0,-79.69630943303973,554.3000074533223,-79.9021407717753,554.2972668494477,-112.71696794936975,51.69336523674425,0.07548408243529488,0.17841606684436884
1573.0,-99.42978990240975,551.102274428225,-99.91108938444351,551.3862532670449,-113.08965675773622,49.860458252187435,0.07260257147146669,0.17876417045439938
1574.0,-119.036562149667,547.2022449438493,-118.90944766234297,547.0817077757112,-113.44348202624569,48.3128780371483,0.07019223871277373,0.1790946284807189
1575.0,-138.49164031036062,542.6048889976441,-138.73680556095385,542.9060187540667,-113.55105384073057,46.56220760647261,0.06745709973527067,0.1790230092265589
1576.0,-157.7702318312006,537.3160652241186,-158.0689282721972,537.2602115268987,-113.40162087612941,44.85714044326568,0.06481254510993566,0.17854841929440546
1577.0,-176.84776906441394,531.342513428899,-176.30965220614462,531.1381411058952,-113.76326909502109,43.294163977286104,0.06239996763532605,0.17890060666021032
1578.0,-195.69994057549505,524.6918459998666,-195.83642394514973,524.8369600901428,-113.66231487420123,41.55549605046332,0.059709962078788904,0.17850078918377135
1579.0,-214.30272212445027,517.3725382063205,-214.88772719300576,517.4215650004253,-113.48583387925605,39.87083699693044,0.05711956006333713,0.17798659016266616
1580.0,-232.6324072810564,509.3939173985303,-232.3974584147867,509.2568906616891,-113.53096436258112,38.37062010495128,0.054831883267779095,0.177843976354469
1581.0,-250.66563763511905,500.7661511214383,-251.4161629333479,501.3504916932512,-113.24748653389503,36.71793736233073,0.052298386442944926,0.17715988581926662
1582.0,-268.37943256323183,491.5002341576631,-268.62162538281865,491.43369686491866,-112.75871749888073,35.183537572189366,0.04997776404737235,0.17617127090788845
1583.0,-285.7512185141038,481.60797451631225,-285.166855625818,481.55782235219107,-112.71762383951618,33.867768639760904,0.048004602318978996,0.17590323933178328
1584.0,-302.7588577751346,471.10197838546145,-303.14259148639417,471.608445388765,-112.23603108136267,32.10500830690251,0.04532093186412537,0.17491661230219005
1585.0,-319.3806766835799,459.99563406747524,-319.9767114396393,459.9940787352172,-111.38723373191958,30.742800708523276,0.04329515196945035,0.17335954235334516
1586.0,-335.59549324635424,448.30309491764183,-336.3297466623609,448.340951108009,-110.60353058525845,29.312471548150153,0.041161427946143525,0.17191196487753735
1587.0,-351.38264413327715,436.0392613078629,-350.69895459186586,435.86740891845994,-110.07421779499755,28.04630928766537,0.03929903125381762,0.17089355810773021
1588.0,-366.7220110093596,423.2197616383847,-366.8368649261594,423.5927359303185,-109.12736134218021,26.41318692720245,0.03685016387748703,0.1691889487090294
1589.0,-381.5940461725789,409.86093242176634,-382.4871958157526,409.95382517631816,-107.99609355889186,25.05624193944912,0.034857554224433054,0.16719681093449407
1590.0,-395.9797974644666,395.9797974644666,-394.9642023905298,396.02399586287873,-107.15785182330927,23.856793525050318,0.03311917102477826,0.1657099022162235
1591.0,-409.86093242176634,381.5940461725789,-409.70520475158065,382.0608467814223,-105.92959226090301,22.258804965900605,0.030746899550841766,0.16357453375264905
1592.0,-423.2197616383847,366.7220110093596,-423.61874677366285,366.80546569118246,-104.28390723812136,21.02955453184583,0.028977318960412744,0.16078494591948622
1593.0,-436.0392613078629,351.38264413327715,-435.4999555600187,351.36208796278424,-102.77288729889221,19.878938486547284,0.02733519127638671,0.15823457415341863
1594.0,-448.30309491764183,335.59549324635424,-448.3168254067089,336.0935127305309,-100.91499606599986,18.285008155671697,0.02498536619200424,0.15512068056169695
1595.0,-459.99563406747524,319.3806766835799,-460.39067250172496,319.5003636061561,-98.56616488572082,17.071705041052578,0.02325755015756936,0.15123453155557884
1596.0,-471.10197838546145,302.7588577751346,-471.0333310256801,303.1692925950684,-96.081068926922,15.801242136508373,0.02143555182846427,0.14714903814635621
1597.0,-481.60797451631225,285.7512185141038,-482.1494184192545,285.8740710129471,-93.41056818155685,14.42675979426047,0.01945980934836428,0.1427626657840618
1598.0,-491.5002341576631,268.3794325632317,-491.61492915223147,268.3838089999039,-90.3289992562457,13.067100066353072,0.01751004644654889,0.13774227266148908
1599.0,-500.7661511214383,250.66563763511905,-500.41693370740904,250.58183137107434,-86.94636710148988,12.023817755966641,0.01606763141623458,0.13225084846958235
1600.0,-509.3939173985302,232.63240728105652,-509.14216086002676,232.5697349112388,-83.28964295553202,10.759744113567708,0.014276389386726932,0.12632413361582479
1601.0,-517.3725382063205,214.30272212445027,-516.903472458349,214.19243433208544,-78.90628559651789,9.442454762858425,0.012404924571883634,0.119252751132984
1602.0,-524.6918459998666,195.69994057549494,-524.0586092369143,195.616770893202,-74.33582143524337,8.139676819023522,0.010558984722954802,0.11189100273205725
1603.0,-531.342513428899,176.84776906441394,-530.4867523255424,176.73239039583777,-69.03097118264435,7.05725998051044,0.00906754131523759,0.1033693460374062
1604.0,-537.3160652241186,157.7702318312007,-537.0911565964378,157.72942230989543,-63.39124272108078,5.880062584112305,0.007426702303536383,0.09431255545393302
1605.0,-542.6048889976441,138.49164031036062,-542.2096746923899,138.38578063116435,-57.21597399873457,4.77476091337619,0.005904461113346794,0.08442162368085085
1606.0,-547.2022449438493,119.036562149667,-546.9576478753914,118.94013250693949,-50.520767283055385,3.8497132873698092,0.004670352415638275,0.07370772294386281
1607.0,-551.102274428225,99.42978990241004,-551.0496421292037,99.3322046678659,-43.27647846229371,2.784953899675654,0.003215872978388147,0.06212796465115262
1608.0,-554.3000074533223,79.69630943303973,-554.1264020111323,79.62794475802464,-35.70020371599571,1.9526664607862374,0.002132563915220111,0.050032267895392085
1609.0,-556.7913689922625,59.86126807646306,-556.509062524342,59.73072839763601,-28.027970697557986,1.0357237957415109,0.0009168850074554005,0.03779234942235403
1610.0,-558.573184181742,39.949942591570135,-558.1991136888803,39.828965902905566,-20.075229804334082,0.2717324073609709,-5.530870659214542e-05,0.025114471168735063
1611.0,-559.6431823679153,19.987706949829207,-559.3829561469524,19.882107614988275,-13.103906554414273,0.09823436592285613,-8.715078339629422e-05,0.014004767131105666
1612.0,-560.0,0.0,-558.8630179677176,0.07897882362117185,-5.864434996124668,0.34887562866115435,0.0005542855567468865,0.0024891579611315442
1613.0,-560.0,0.0,-559.6678676822495,-0.39031046735568325,-5.681921104601721,0.7155402111654592,0.0011435977375849559,0.002188821108324353
1614.0,-559.6431823679153,-19.987706949829207,-558.1506224582193,-20.324345165528296,2.137214651809501,0.8768918299568981,0.001644528396806847,-0.010237138293972737
1615.0,-558.573184181742,-39.949942591570135,-558.2651845495011,-39.949163020910824,11.678729491216458,0.7619893637338248,0.0017020000539499731,-0.02542433384555959
1616.0,-556.7913689922625,-59.86126807646306,-556.6716163937132,-59.87789549617626,20.58280001401865,1.01613446105241,0.0023505511849346346,-0.039576085833015744
1617.0,-554.3000074533223,-79.69630943303973,-554.2569755161253,-79.70946563561623,28.21613553647271,1.2207785470117871,0.0029191290649697057,-0.051695344598470104
1618.0,-551.102274428225,-99.42978990241004,-550.8437363368089,-99.49943516189431,35.878703756488896,1.9406363388955057,0.0043071855438895,-0.06384889884078347
1619.0,-547.2022449438493,-119.036562149667,-547.1010106096977,-118.99592541612533,42.9680330768424,2.6939537357788805,0.005744900405422333,-0.07508607982574592
1620.0,-542.6048889976441,-138.49164031036062,-542.4124548304995,-138.49426799489507,49.76000219256033,3.638644079832878,0.007487217457486225,-0.08583841379125423
1621.0,-537.3160652241186,-157.7702318312007,-537.2903424541269,-157.66363617757045,56.23699322898393,4.406052000437588,0.008943351828893277,-0.09608413481802613
1622.0,-531.342513428899,-176.84776906441394,-531.1667873595612,-176.84003655557356,62.09727002769399,5.621440277540447,0.01111255520485323,-0.10533606000892395
1623.0,-524.6918459998666,-195.69994057549494,-524.5954483150457,-195.60129658709636,67.47688362923431,6.656156560694015,0.012989125959099228,-0.1138175019640155
1624.0,-517.3725382063205,-214.30272212445027,-517.2346981257493,-214.18694361269823,72.47963144622271,7.75120849410461,0.014959573155456625,-0.12168947549729647
1625.0,-509.3939173985302,-232.63240728105652,-509.74004314928305,-232.78562797880042,77.1299224041905,8.917375392181382,0.017043363001313715,-0.12899885658888396
1626.0,-500.7661511214383,-250.66563763511905,-500.61516071803334,-250.50842674775686,81.33354038967126,10.071572145984286,0.01909737482371744,-0.13557737021389069
1627.0,-491.5002341576631,-268.3794325632317,-491.7151924514007,-268.47387488399585,84.97562808042879,11.47828858230231,0.02155625592334219,-0.14126493513555924
1628.0,-481.60797451631225,-285.7512185141038,-482.24610043981943,-285.7606262670135,88.3544697670613,12.413518591727325,0.023256431087835077,-0.14652656098610636
1629.0,-471.10197838546145,-302.7588577751346,-471.5251944232323,-303.12850979536876,91.26058726737278,13.815093209311806,0.0256998103712392,-0.15102049199477388
1630.0,-459.99563406747524,-319.3806766835799,-460.6777689260502,-319.74089371968245,94.00038500636612,14.821939659332552,0.027505707681034886,-0.15524816740131842
1631.0,-448.30309491764183,-335.59549324635424,-448.0453210218564,-335.4217343173703,96.16446995233356,15.827757968768486,0.029298560068418637,-0.1585377063187572
1632.0,-436.0392613078629,-351.38264413327715,-436.65402104571103,-351.37505645732966,98.26752207352196,16.997485234426904,0.03135561873585683,-0.16174530878365512
1633.0,-423.2197616383847,-366.7220110093596,-423.7802340242661,-367.116141140624,100.13752124695026,18.32704109736738,0.03366445324996988,-0.16456383998354618
1634.0,-409.86093242176634,-381.5940461725789,-409.4610812036903,-381.3137237300186,101.55003456035597,19.291989592569795,0.03537409388718036,-0.1666365584675343
1635.0,-395.9797974644666,-395.9797974644666,-395.787032597016,-395.871230064176,103.17534575804386,20.42100626825376,0.03734926512000587,-0.16905585587695907
1636.0,-381.5940461725789,-409.86093242176634,-381.8900615535836,-410.3288060895996,104.69512321402829,22.063085700237433,0.040139777246865856,-0.17130446099479765
1637.0,-366.7220110093596,-423.2197616383847,-366.2243397774525,-422.84296760576177,105.48573775301823,23.24725123467151,0.04217769582589901,-0.17237090544480765
1638.0,-351.38264413327715,-436.0392613078629,-351.25760742951337,-435.8895232523001,106.6677639777887,24.55313520773214,0.044415855533131966,-0.17406886144514083
1639.0,-335.59549324635424,-448.30309491764183,-336.0858953336534,-448.84589152794825,107.703244099104,25.985962005791304,0.04685494649896598,-0.17553107169650464
1640.0,-319.3806766835799,-459.99563406747524,-319.52277121366456,-459.7632878312659,108.3198965737779,27.153051845008793,0.0488461327247517,-0.17630965645989147
1641.0,-302.7588577751346,-471.10197838546145,-302.9192161326084,-470.9916439799526,109.04210684199454,28.691940105473616,0.05143286283308035,-0.17725574651263692
1642.0,-285.7512185141038,-481.60797451631225,-286.49283259215576,-482.1203784928518,109.86378803602047,29.967534124464837,0.053599327077756616,-0.17836231927579843
1643.0,-268.3794325632317,-491.5002341576631,-267.92504269420846,-491.2021742972056,110.31528458479504,31.46393332038555,0.05609214487328697,-0.17885349913190934
1644.0,-250.66563763511905,-500.7661511214383,-250.6283633611068,-500.54073037477684,110.72449164114305,32.66642094818193,0.05812033241592898,-0.17929294042701852
1645.0,-232.63240728105652,-509.3939173985302,-232.9452854069523,-509.6967940329164,111.39038989094536,34.37676966867907,0.06095457101193481,-0.1801361862315624
1646.0,-214.30272212445027,-517.3725382063205,-213.95615995269782,-517.1441319520682,111.54792485107697,36.213413094350805,0.06396888715632014,-0.1801543516034289
1647.0,-195.69994057549494,-524.6918459998666,-196.26004733539912,-524.4085588213026,111.81811161955441,37.55745878191862,0.06619696954428808,-0.18036764338989622
1648.0,-176.84776906441394,-531.342513428899,-177.75601788764166,-531.7139027511539,112.1436304886065,39.22332184557922,0.06893774130416765,-0.18065910441404
1649.0,-157.7702318312007,-537.3160652241186,-157.4175962982914,-536.839938285994,112.09133628129034,40.69146479481532,0.07133714179766261,-0.1803267915007035
1650.0,-138.49164031036062,-542.6048889976441,-138.73685317605987,-542.3407356978386,112.15640211205134,42.18429180969583,0.07378041790032741,-0.1802015644323968
1651.0,-119.03656214966674,-547.2022449438493,-119.80127737179242,-547.5127592719027,112.27059028682085,43.83889983641206,0.0764771499960409,-0.18015139707379876
1652.0,-99.42978990241004,-551.102274428225,-99.57293624146871,-550.8147374452076,111.97537049742353,45.42299805521833,0.07903875985181058,-0.17943380424094063
1653.0,-79.69630943303973,-554.3000074533223,-79.46201535837683,-553.8713941668096,111.92121085384379,47.112428759908816,0.08176500712038291,-0.17910130858855805
1654.0,-59.86126807646306,-556.7913689922625,-60.20900167490691,-556.8940726405132,111.878117377035,48.820428324012504,0.08452039151590691,-0.17879693205380176
1655.0,-39.94994259156986,-558.573184181742,-39.843079170958234,-558.2319537692721,111.47891993344611,50.36907539136922,0.08700152486854124,-0.17791216868923643
1656.0,-19.987706949829207,-559.6431823679153,-20.09279871479544,-559.7004766134804,111.2312125467836,52.607027446110614,0.09058132114712214,-0.17727604899001956
1657.0,0.0,-560.0,0.14902368481082182,-559.5782846014504,110.85732532404434,54.22289613572037,0.09315155955825394,-0.17643308794365506
1658.0,0.0,-570.0,-0.05834963690617236,-569.7347229537621,111.30337306308053,53.857209111242874,0.09269393620751828,-0.17714553466432598
1659.0,-29.831495058477987,-569.2188348101071,-30.002263026967665,-569.0981679912271,112.02181556427665,51.283497256740254,0.08858995069877826,-0.17865569371318996
1660.0,-59.581224062562484,-566.8774803599158,-59.71934858946514,-566.4694199430228,112.38003879649808,48.48945115837944,0.08411089401493993,-0.1795897680352607
1661.0,-89.16764507293159,-562.9823541392285,-89.00730940516587,-562.9688892528872,112.72971949636842,46.11756989841951,0.08029305684104746,-0.18050499101569717
1662.0,-118.50966376612284,-557.5441324182692,-119.37064632418674,-557.9499380527095,112.96476875923753,43.576282221657245,0.07618700492610607,-0.18125094249977233
1663.0,-147.5268557084368,-550.5777209847689,-148.08492588519036,-550.9973438377015,112.96631152641105,41.13201942390139,0.07221169162858765,-0.18160506089278103
1664.0,-176.13968679372002,-542.1022142882375,-175.78156775191303,-541.6297880565902,112.57611814944833,38.69500239149406,0.06821833435600184,-0.18132324886728504
1665.0,-204.2697312408212,-532.140843103405,-204.3226032901988,-531.8369955438708,112.28493669784241,36.327114027065356,0.06432979091288189,-0.1812093604816329
1666.0,-231.83988655320613,-520.7209108562824,-231.7132222801937,-520.325241796248,112.06888118966897,34.37613941426406,0.0610837342422968,-0.18120094962824074
1667.0,-258.7745848515417,-507.8737187873697,-258.7310075318173,-507.6384610298314,111.35291992521888,32.11666352169171,0.05733229201143256,-0.1803923479682542
1668.0,-285.0,-493.63448015713,-285.6291535198081,-494.0963307767707,110.88591599871715,29.980923477337125,0.05376730605742548,-0.1799785089989865
1669.0,-310.4442499585654,-478.0422237288917,-310.00474063479834,-477.7897593890252,109.57559249662694,27.75549623743512,0.05002572246280445,-0.17819159152902514
1670.0,-335.0375938067097,-461.13968679372005,-334.54114852879087,-460.80259351716904,108.55879056509019,25.58437634453348,0.04636223647321356,-0.1768737977153581
1671.0,-358.7126228984073,-442.97319803047344,-358.39690189877336,-442.77197002019693,107.17790180396646,23.439080602805948,0.04272707169950104,-0.1749682057577668
1672.0,-381.40444562454917,-423.59255052211466,-381.62468441299916,-424.0538297725018,105.78471618292959,21.6899820440935,0.039714054327953455,-0.1730353519977445
1673.0,-403.0508652763321,-403.0508652763321,-402.7362701527041,-402.8684996950735,103.60803024167183,19.644594044953678,0.036199262059194236,-0.16982960174446274
1674.0,-423.59255052211466,-381.40444562454917,-423.5409115518514,-381.34615443096624,101.62464758883304,17.748712952573943,0.03291829000695914,-0.16692774409084724
1675.0,-442.97319803047344,-358.7126228984073,-443.5448437964194,-359.0465274013832,99.08147818993022,16.305840967476485,0.03034878499292541,-0.16312515189680393
1676.0,-461.13968679372005,-335.0375938067097,-461.6776014919031,-335.2864694592101,96.12466215700995,14.757950840711365,0.027594252557518004,-0.15864130441384922
1677.0,-478.0422237288917,-310.4442499585654,-477.9145590694334,-310.15847156261833,92.2568910645902,12.786946223616491,0.024149559372301902,-0.1526844091117421
1678.0,-493.63448015713,-285.0,-493.8488950977573,-285.09328680070263,87.99588307580716,11.076821465754046,0.0211208386493417,-0.14609795165310835
1679.0,-507.8737187873697,-258.7745848515417,-507.809076873981,-259.06059336388483,82.90831926818096,9.572225774374191,0.018407378542685267,-0.13817181233780357
1680.0,-520.7209108562824,-231.83988655320613,-520.3031896358724,-231.72536008223446,76.5501853985037,7.597629627946522,0.01492993730912287,-0.1282055430558533
1681.0,-532.140843103405,-204.2697312408212,-532.3351964263296,-204.49038899543325,69.59428976175018,5.97556456415293,0.012014794627888284,-0.11728224697439206
1682.0,-542.1022142882375,-176.13968679372002,-542.2077120629755,-176.37401051528056,61.82382124243329,4.403988212682498,0.009169212655584846,-0.10503607065566939
1683.0,-550.5777209847689,-147.5268557084368,-550.3952150615349,-147.54594557132054,52.51192601823865,2.720211213386854,0.006136341801271604,-0.09031600123792943
1684.0,-557.5441324182692,-118.50966376612284,-557.6651806043392,-118.63638784934183,42.489905790485295,1.4590753341024827,0.0037751271411536804,-0.0744544957185656
1685.0,-562.9823541392285,-89.16764507293159,-562.7817877306255,-89.3110145311121,31.464944979660928,0.3411274848466479,0.0016367108264154883,-0.05697038856286111
1686.0,-566.8774803599158,-59.581224062562484,-566.7302136008265,-59.6174051461259,20.327905135625056,-0.14877162299833638,0.0004933553515394393,-0.03929359540147931
1687.0,-569.2188348101071,-29.831495058477987,-569.063124089873,-29.962964899076823,7.295090789360195,-0.12098186824262504,0.00017440699469830075,-0.01857979823687874
1688.0,-570.0,0.0,-569.4978369363392,0.27534840432402263,-5.740415286926356,-0.9118839611786735,-0.0014546805839158465,0.002161530124138366
1689.0,-570.0,0.0,-568.9127964887181,-0.45287422791972437,-5.624257100685715,-0.2955806331315011,-0.00046488485006783225,0.0019838236034209044
1690.0,-569.2188348101071,29.831495058477987,-569.6093448056616,29.96743368104447,-16.470186913664175,-0.8545767323403107,-0.0017271114593356864,0.01923712641671279
1691.0,-566.8774803599158,59.581224062562484,-563.7955136578162,59.699849465296126,-28.72713494311077,-0.22904015764189348,-0.001095671169352113,0.038815866910125486
1692.0,-562.9823541392285,89.16764507293159,-564.995303552391,88.80840977870406,-38.853228436000954,1.391316080637872,0.001126714131098139,0.05491735145187731
1693.0,-557.5441324182692,118.50966376612284,-557.50742057791,118.38799917439802,-50.30232540248312,2.7795969719897506,0.0029739713648228223,0.07323085911306702
1694.0,-550.5777209847689,147.5268557084368,-550.3409749725953,147.65897992806134,-60.14767238909096,4.134563162165598,0.004771986126516239,0.08898798277171158
1695.0,-542.1022142882375,176.13968679372002,-542.0828077435314,176.07191682703072,-68.51308234369704,5.862037052172764,0.007173373745699615,0.1024030837743865
1696.0,-532.140843103405,204.2697312408212,-531.5432569029688,204.18621586607279,-76.1892869387463,7.809256239890477,0.00992815427817009,0.11474922042247068
1697.0,-520.7209108562824,231.83988655320613,-520.3144140123885,232.184290141348,-82.851457836017,9.383659709221748,0.012091003567733764,0.12548991405695945
1698.0,-507.8737187873697,258.7745848515417,-508.2496017002148,258.8365072924193,-88.36708625395691,11.247707771809246,0.014731319220551398,0.13441606675577208
1699.0,-493.63448015713,285.0,-493.0314469158429,284.9787866063834,-93.51623914284873,13.30199545297482,0.017680655824912118,0.1427975744345922
1700.0,-478.0422237288917,310.4442499585654,-478.0336497893795,310.98339772753616,-97.4264363559185,15.153819458069506,0.020309447499463007,0.14920452419836566
1701.0,-461.13968679372005,335.0375938067097,-461.0986752125903,334.94321582260795,-100.52435172822145,17.208198512635853,0.023285658072447337,0.15434241182040118
1702.0,-442.97319803047344,358.7126228984073,-442.19169209953725,358.7289383287402,-103.73092971763896,19.290556935686595,0.026308531337375173,0.15967739250391239
1703.0,-423.59255052211466,381.40444562454917,-423.7390461030416,381.9844589168786,-105.97442773593714,21.024130226417142,0.028782789191951586,0.16347401955311847
1704.0,-403.0508652763321,403.0508652763321,-403.0507270127244,402.81053581539567,-107.70064045069425,23.255945786492347,0.032079777577721486,0.1664747416995793
1705.0,-381.40444562454917,423.59255052211466,-381.70857211907395,423.50387633980444,-109.33931724010183,25.215037321417032,0.034944337815237834,0.16934415360321056
1706.0,-358.7126228984073,442.97319803047344,-357.82218052184595,442.9160946084776,-110.75430230837237,27.35333884852983,0.038109809483346496,0.17188870827325078
1707.0,-335.0375938067097,461.13968679372005,-334.1799312272562,460.9886247685999,-111.8461921475444,29.435829464864113,0.04120286245208746,0.17391605091112963
1708.0,-310.4442499585654,478.0422237288917,-310.410653153491,478.5762293693915,-112.6937197179892,31.481986222357943,0.044244027158637345,0.17555603463728997
1709.0,-285.0,493.63448015713,-285.4508659426487,493.50450785695233,-113.18034604727882,33.8502861932061,0.04783046740783939,0.17663620633157617
1710.0,-258.7745848515417,507.8737187873697,-259.13943186813884,507.9049745784253,-113.85304954473513,36.02600020623435,0.05111686168185041,0.17802908261943554
1711.0,-231.83988655320613,520.7209108562824,-231.3912429928433,520.6929695554558,-114.29189862937965,38.53449230248632,0.05495263662254775,0.17906736394673375
1712.0,-204.2697312408212,532.140843103405,-203.88868761885024,532.0746446427456,-114.57465404266047,40.81413541483549,0.0584414102546857,0.17985420621337642
1713.0,-176.13968679372002,542.1022142882375,-176.36040576303424,542.3906787464263,-114.42248249722842,43.303897470045946,0.06227764944697624,0.17994915579791324
1714.0,-147.5268557084368,550.5777209847689,-147.8612942449441,550.7089843925174,-114.18004020111249,45.71109464860996,0.06600694868304978,0.17991232474510666
1715.0,-118.50966376612284,557.5441324182692,-118.71410693901868,557.2669150063116,-113.8553465948226,48.256928348161146,0.06997845406046825,0.1797525236329923
1716.0,-89.16764507293159,562.9823541392285,-89.51718999295291,563.2471592055568,-113.46304338292866,50.69259796309751,0.07378170276155717,0.17948572752910782
1717.0,-59.581224062562484,566.8774803599158,-59.443574945392946,566.7729431716375,-112.8982229477769,53.31782672194018,0.07791670391814397,0.17895509863458864
1718.0,-29.831495058477987,569.2188348101071,-30.13446891011255,569.5205089084673,-112.33458622416777,55.890227906196465,0.08197715819600228,0.17841699075436854
1719.0,0.0,570.0,-0.08609336611078637,570.128528249929,-111.4872360411821,58.50517998076686,0.08613153728578525,0.17743639269295128
1720.0,0.0,570.0,0.4550631943433805,569.8561828476235,-111.4871733266679,58.58365853583794,0.08625977519220152,0.1774429204094167
1721.0,0.0,580.0,-0.2562645954297914,580.1937873459464,-112.0783295331856,58.39685557701262,0.08583586468754784,0.17837506312134044
1722.0,-19.91000829768127,579.658167862393,-20.62054612834492,579.9804384148052,-112.61693494818451,56.64648795428135,0.08305268097226264,0.17898287945960242
1723.0,-39.79654804123768,578.6330743778836,-39.38926459050587,578.5108187439452,-113.2460022414845,55.009795202802174,0.08046580194729637,0.1797542111664357
1724.0,-59.636178339669016,576.9259278564616,-60.02907497863302,577.489016754414,-113.71990412328189,53.282545555625084,0.07772931273552196,0.1802556742388374
1725.0,-79.40551359561567,574.5387405655223,-79.52340115293424,574.3523790938486,-113.89688863589211,51.512263308835244,0.07495023534941252,0.1802986073553701
1726.0,-99.08125107069968,571.4743263579433,-98.95497779157942,571.6033674553615,-114.40078091610467,49.794049326141796,0.07224927993401817,0.18086259883525416
1727.0,-118.64019835319645,567.7362973553076,-119.09678862983485,567.9731987929516,-114.59154957739031,48.09397924138469,0.06958799293522605,0.18091954037865313
1728.0,-138.05930069566165,563.3290596901822,-138.6040063284896,563.2045577044032,-114.73310587465211,46.42648045112375,0.06699248760257083,0.18090592985706058
1729.0,-157.31566819028785,558.2578083124707,-156.66865603828649,557.8267497971832,-115.09028541041238,44.87277797545624,0.06458555517914959,0.18125316146901713
1730.0,-176.38660274996028,552.5285208659619,-176.52153658387707,552.5751643524253,-115.15081819805482,43.12611550767491,0.061869971547016,0.18110636470328992
1731.0,-195.2496248632079,546.147950642293,-195.96958844231298,546.3103115416211,-115.02321187490611,41.55360327553759,0.05944396608125898,0.1806650931687984
1732.0,-213.88250009151093,539.1236186206321,-213.3613622318447,539.0066216393024,-115.15326850586565,40.0426933771864,0.05712872638445966,0.1806590881440117
1733.0,-232.2632652777345,531.4638046024628,-232.455171108434,531.8190363617545,-115.13026258549853,38.16831061402702,0.05423357972633061,0.18038863172522948
1734.0,-250.37025443479453,523.177537451921,-250.58910881250355,523.5745531339112,-114.847032030179,36.61336173773219,0.051859771689581675,0.1797157704529871
1735.0,-268.18212428403865,514.2745844531893,-268.86895902598553,514.2551280006386,-114.29375314605754,34.985655716130914,0.04938333184397858,0.1786113269301751
1736.0,-285.6778794132414,504.76543979749005,-285.05334589097055,504.6633268615787,-114.50728194997413,33.71125196716954,0.04747252581089145,0.1787529588296654
1737.0,-302.8368970245584,494.6613122132526,-302.8864390619323,494.88394665927245,-113.8152049243168,32.06250879491083,0.04496823735738368,0.177433082625059
1738.0,-319.638951243268,483.9741117540314,-320.25987259393565,483.9373002495331,-113.20304563554662,30.667832244138822,0.042882603968294124,0.17624602888824387
1739.0,-336.064236958647,472.7164357597506,-335.2956524636244,472.6620609642459,-113.06357471200347,29.307050273252667,0.040854939746565545,0.1758399112310918
1740.0,-352.0933931688782,460.90155400782254,-352.38346438572574,461.35442099652215,-112.27835485384912,27.667916989633586,0.03838466246174014,0.17438092104366662
1741.0,-367.7075258024742,448.5433930716434,-368.46913476041004,448.7140524770123,-111.3257974698699,26.387838352888853,0.03650216028623444,0.1726678781125875
1742.0,-382.88822998931454,435.6565199049015,-381.95491634810173,435.60899027069564,-110.75282076043987,25.21707913351366,0.03479933645820723,0.1715907973555167
1743.0,-397.61761175504506,422.25612467105117,-398.05965063036206,422.24118404817904,-109.30641179166555,23.69696849231853,0.03254372039243016,0.16909153174053962
1744.0,-411.87830911327075,408.35800283818736,-410.4934415479916,408.2444513902169,-108.64804794130697,22.293236343922956,0.030481028895632152,0.16789143682911287
1745.0,-425.6535125306753,393.9785365604301,-425.61858750293345,394.63653029180085,-107.275361966588,20.772008975791234,0.028226576184105713,0.16552150199503957
1746.0,-438.9269847409482,379.13467536776346,-439.0239212702608,379.0153645623698,-105.7306074385047,19.61426376142755,0.02657527943993656,0.16289877404598502
1747.0,-451.68307988416115,363.84391618709043,-450.67258734360763,363.7946995569166,-104.50391321804803,18.433574334435594,0.024882560925714652,0.16080376866012294
1748.0,-463.9067619490373,348.1242827180535,-463.82060327647315,348.6381454668683,-102.57985038668808,16.8866587571093,0.022606190225698798,0.15758050416138344
1749.0,-475.58362249637077,331.9943041879326,-475.6078470698106,332.4834542537438,-100.5775427371561,15.520423780602059,0.020629605791362377,0.1542493745062862
1750.0,-486.6998976427083,315.47299351066044,-486.83622178924116,315.46323400084975,-98.15249259682655,14.286346717789476,0.01887395732002718,0.1502522737349214
1751.0,-497.24248428427273,298.5798248757018,-496.2917393406132,298.58372139605643,-95.97364065927728,13.123226245603988,0.01722951652737546,0.146668721706726
1752.0,-507.198955542003,281.33471079321384,-506.3114913919244,281.25432071320864,-92.73146380290318,11.875041425336292,0.015455201387028895,0.14138592534447944
1753.0,-516.5575754095095,263.75797862254126,-515.9331390062533,263.6736505271762,-89.58355644220696,10.615668744365754,0.013666157504136314,0.13625803911867154
1754.0,-525.3073125866734,245.87034661171916,-525.0709077524008,246.2384644212458,-85.8491839391802,9.124586556942946,0.01150655474852895,0.13020269068070509
1755.0,-533.437853482589,227.6928994762197,-533.1151109478304,228.0010117135396,-82.12168775974335,7.785712270685262,0.0095990237287095,0.1241716791192672
1756.0,-540.9396143725169,209.2470635457345,-540.5312023594189,209.49985241919947,-77.40608097039967,6.6424929556756815,0.008006116874448825,0.11657573314692371
1757.0,-547.8037526945235,190.55458150828414,-547.3001474474912,190.73131917803266,-72.67911490462683,5.3555447156977145,0.006187732852921299,0.10896963390811136
1758.0,-554.0221774724864,171.63748678142767,-553.785927787192,171.7783461326843,-67.22408958628245,4.163251765632922,0.004522256233466683,0.10020826029118482
1759.0,-559.5875588531835,152.51807754077842,-559.4650957300036,152.6672037688544,-61.40700634827238,2.9937949686894103,0.002895061575869076,0.0908805321583967
1760.0,-564.4933367462219,133.21889043644143,-564.0203686757278,133.24861798035727,-55.23322419147156,2.223944904403082,0.0019076260375046335,0.08099886437593683
1761.0,-568.7337285566229,113.7626740283544,-568.3959236933108,113.81102505906709,-48.54967328626619,1.3130166084043167,0.0006958902995828802,0.07030807543264381
1762.0,-572.3037360009492,94.17236197184322,-571.8154193215119,94.12651709865035,-41.04330255816746,0.5532497882245906,-0.00027224051573660656,0.058319436901880774
1763.0,-575.1991509989389,74.4710459849996,-574.8239020728803,74.4961643635536,-33.84353307153924,-0.3129989236918301,-0.0014105057628281158,0.04682380306605134
1764.0,-577.4165606337021,54.68194862974605,-577.2133500370657,54.704411687684576,-26.16771125701548,-0.8916143779758156,-0.0020890118017253515,0.0345780897209169
1765.0,-578.9533511746341,34.82839593866997,-578.6270915619403,34.755616284578686,-18.727838648488923,-1.3990667394197454,-0.0026523349626905186,0.02271985065060532
1766.0,-579.8077111583016,14.933789919893428,-579.5406225666994,14.903430557383102,-11.326823802458065,-1.7901907122154732,-0.003031698918982863,0.010929581694750154
1767.0,-580.0,0.0,-579.8623588504555,0.3492775456843223,-5.792625478045842,-2.0898213657343008,-0.003330331597983114,0.0021176912054005027
1768.0,-579.9786335236718,-4.978419027610897,-580.3023122423655,-5.3279445684410165,-3.7305354507504584,-1.3014494292389152,-0.002006069905887522,-0.0011696151013003049
1769.0,-579.4659167991668,-24.88475975574185,-580.6532259010852,-24.86088853200773,4.893093146883298,-1.6287385623704018,-0.002287747304657869,-0.014898843918379099
1770.0,-578.2701653401455,-44.761768033455084,-579.0199180909551,-44.705335474131914,13.778644588902948,-1.3520026742830353,-0.0016042740561189367,-0.02902063518288603
1771.0,-576.3927886165291,-64.58601420478948,-576.363918770543,-64.67492607048267,22.023856422070804,-1.0717882788866238,-0.0009137319603135655,-0.04211076943214828
1772.0,-573.8359995514161,-84.33413080614066,-573.8281930672691,-84.43686127138098,29.56235017209809,-0.6368509379459116,2.0516201428334856e-05,-0.0540775999060942
1773.0,-570.6028119126394,-103.98284011022714,-570.4699744490113,-104.13042468378258,36.94946466551548,-0.06502516710886626,0.0011717917184322778,-0.06579342976191337
1774.0,-566.6970367603434,-123.50898156428148,-566.6123425090213,-123.66372461918836,43.85084021051367,0.815120676505285,0.0028118111293505463,-0.07673006576939816
1775.0,-562.123277954767,-142.8895390901228,-561.9006205726075,-143.18323654273993,50.54385247637189,1.760105911733346,0.004554856775685942,-0.0873246213015278
1776.0,-556.8869267295289,-162.10166821393364,-557.0146187050514,-162.37773953794357,56.795314396192616,2.6636878821230106,0.006228026703901317,-0.09721429323011076
1777.0,-550.9941553368104,-181.1227229937612,-550.9115651633431,-181.40382823139691,62.68090547300802,3.598300693497515,0.00794852118404244,-0.10650675842788289
1778.0,-544.4519097719275,-199.93028271300213,-544.3229365393457,-200.22502606650028,67.94901416558679,4.706151709959631,0.009942223538120458,-0.11481052306356117
1779.0,-537.2679015858669,-218.50217830840774,-537.544810861664,-218.72148265888964,73.02736358234704,5.781028658463802,0.011879468935915339,-0.12280995566652327
1780.0,-529.4505987954385,-236.81651850145843,-529.7679616931043,-236.98696781886306,77.62191022400954,6.875483044593156,0.013845044092554678,-0.13002716089860322
1781.0,-521.0092159017565,-254.8517156023023,-521.5301588890424,-254.95992173131626,81.57534829500321,8.016047058646018,0.01588042237902328,-0.13621836486320918
1782.0,-511.9537030288173,-272.586510955846,-512.1199586020712,-272.8675154417562,85.22125166052602,9.224009953441483,0.018022268851161455,-0.14190575382216802
1783.0,-502.2947341949742,-290.0000000000003,-502.42485732551285,-290.37777069653345,88.60846186085321,10.495567928834143,0.020260463844346262,-0.1471779306465868
1784.0,-492.0436947311361,-307.07165690654784,-491.6782705475368,-306.7580730622908,91.40253719113709,11.34799593115659,0.02181775426503285,-0.1514932264917199
1785.0,-481.2126678605187,-323.7813587755819,-480.55259821159075,-323.3908698018143,94.03086117711439,12.307476861238024,0.02354851700371804,-0.15554007822860363
1786.0,-469.8144204557695,-340.1094093550037,-470.1310235627172,-340.10561561752723,96.4347150772312,13.602200881140723,0.02581383931934066,-0.15923829779334983
1787.0,-457.86238799025114,-356.03656225711524,-458.3809142581804,-356.39886706744534,98.62378630682535,14.942099455331169,0.028145897141068833,-0.1625784095931684
1788.0,-445.3706587012278,-371.5440436449419,-445.50661173623615,-371.40162272337267,100.50623859306002,15.927012420088888,0.029897173151140884,-0.165416754224339
1789.0,-432.3539569836137,-386.6135743615471,-433.02778753373167,-387.01544964320675,102.16857171710615,17.302292656248117,0.032277221743052656,-0.16790961174044328
1790.0,-418.82762603386703,-401.227391476249,-417.81413911613225,-400.7431104385541,103.4181125849919,18.300490619218653,0.0340340254323047,-0.16971199665819875
1791.0,-404.80760976447897,-415.3682692223484,-404.85213681484544,-415.30123895194976,104.85378424559592,19.36936331471202,0.03591348216749692,-0.17183819378208284
1792.0,-390.31043401038295,-429.01953930168094,-390.95840488324023,-429.43341676086794,106.19816437626532,20.79146280680583,0.03834990020308181,-0.17380768505594626
1793.0,-375.35318704943126,-442.1651105320666,-375.0618151631517,-441.8523351615684,107.0780988216335,21.948353651294028,0.040343243325001915,-0.17501345911867588
1794.0,-359.953499459905,-454.78948781449225,-360.28852456902115,-454.7176481132855,108.03020639946327,23.206880194945708,0.042503811668042735,-0.17634785730322391
1795.0,-344.1295233387942,-466.877790397674,-345.46100973488797,-467.48497629097807,109.16203185688768,24.55862832305003,0.044811546753899284,-0.1779676212939705
1796.0,-327.8999109053506,-478.41576941846625,-327.11956228112507,-478.00612120466553,109.6435455916327,25.916316824109398,0.04710122729145449,-0.17850934699510396
1797.0,-311.283792515128,-489.38982469744786,-311.3743047070611,-489.1756381246182,110.50900407730308,27.49763890922074,0.049754772326812975,-0.1796939352131014
1798.0,-294.30075411043,-499.78702076987975,-295.1014036988988,-500.2767961448649,111.3455042432743,29.032883028318228,0.05233414481199402,-0.18082597279903836
1799.0,-276.97081413374286,-509.59510213314616,-276.42524124435636,-509.3163422561723,111.61217550660409,30.298411922663245,0.05445900367959096,-0.1810216668415196
1800.0,-259.3143999313658,-518.8025076927015,-259.4608723594289,-518.4625182733092,112.11491259156206,31.601945974256903,0.05664565552714287,-0.1816140355974803
1801.0,-241.3523236750548,-527.398384389497,-242.15871557629512,-527.8223798573692,112.71561722984349,33.07620631038412,0.05910664369702808,-0.18235818767795603
1802.0,-223.1057578300604,-535.3725999928222,-222.9226684205788,-534.8140760216401,112.74467210658004,34.556542322535634,0.061548298747982205,-0.18216884660283167
1803.0,-204.59621019847475,-542.7157550434864,-204.9511345798417,-542.428695666116,113.08216458327784,35.95074033540292,0.06386048984215775,-0.18248588567466315
1804.0,-185.84549856730806,-549.4191939332559,-186.5352245971916,-549.8456894762247,113.35864648673443,37.72004060215264,0.06676725439680421,-0.18270038114081802
1805.0,-166.87572499117658,-555.4750151074927,-166.85031197007532,-555.28648815864,113.42217944513406,39.15616742013313,0.0691195545305482,-0.1825604163936928
1806.0,-147.70924973991222,-560.876080378966,-148.76321265459737,-561.3375175592679,113.58322450025268,41.08332295245763,0.0722608246142222,-0.18259521534488884
1807.0,-128.3686649418105,-565.616023341858,-128.69094787173864,-565.3900209427737,113.42416782777218,42.51719485391407,0.07459253352199299,-0.18209624430606502
1808.0,-108.87676795357498,-569.6892568760476,-108.89162798976736,-569.3909179500583,113.39992475258829,44.104822067098475,0.07716831958675564,-0.18181517852009516
1809.0,-89.25653448835565,-573.0909797328247,-90.02627187245673,-573.4821880056192,113.41729443294925,45.80614284891942,0.07992616138225142,-0.18161177972041992
1810.0,-69.53109153355172,-575.8171821942732,-69.96115532756404,-575.6427362989006,113.2037842425648,47.258594274637936,0.08226426979862528,-0.18102623076044097
1811.0,-49.72369009030219,-577.8646507996518,-49.84948567054601,-577.5945576518808,112.90249935743277,48.997294048509424,0.08505540033742819,-0.1803004139002862
1812.0,-29.857677766800546,-579.2309721332017,-30.775243464692835,-579.4520123616371,112.86202551916945,50.594271659256464,0.0876198173424423,-0.18000239605920262
1813.0,-9.956471257729936,-579.9145356689156,-9.602224327706526,-579.583436485462,112.27870055435646,52.37424475607296,0.09045434205941072,-0.17881470015244752
1814.0,0.0,-580.0,-0.13801136998899213,-579.7301430333463,112.16367876483496,53.19412664479085,0.09176102132393235,-0.17851572932945348
1815.0,0.0,-600.0,-0.20898647137055226,-599.7959162045789,113.30263741722949,52.80605762814764,0.09138913528099872,-0.18032930755465337
1816.0,0.0,-600.0,-0.5590054059162975,-600.2153167402176,113.51688714910559,52.78530942613639,0.09136124987887714,-0.180674583265891
1817.0,-29.90753139641804,-599.2541527313534,-30.609420177402793,-599.6975212176781,114.06829608250594,50.26137773217078,0.08733794639995064,-0.1819202044545143
1818.0,-59.74070795749008,-597.0184652192409,-60.154589302282034,-597.1561524999629,114.35245196265436,47.632234983690836,0.08312241168106183,-0.18273429146859596
1819.0,-89.42535970570448,-593.2984957350772,-90.09463434836023,-593.5969865167517,114.6813176449225,45.03138543810112,0.0789394420576332,-0.18362437237749207
1820.0,-118.88768591963871,-588.1034927091263,-119.54653180259074,-588.4058882362266,114.80843032260752,42.71655145252068,0.07519169410539893,-0.18418737507644337
1821.0,-148.0544386141761,-581.4463717374467,-149.15814738870472,-581.9570171578574,114.82603592748139,40.017254533623074,0.0708166504811013,-0.18457804791960863
1822.0,-176.8531046465425,-573.3436834716845,-177.50104715206317,-573.7414146907716,114.80554140636961,37.65089539710791,0.06694985668349805,-0.18489254460068133
1823.0,-205.21208599540122,-563.815572471545,-204.6505374316341,-563.2967082773811,114.3035540062038,35.27599382507711,0.06304216740195435,-0.1844261059105322
1824.0,-233.06087776481687,-552.8857271222446,-233.64150375682163,-553.2451667690513,114.13268822679488,33.56099809853446,0.06018956597318352,-0.18450921615463678
1825.0,-260.330243470535,-540.5813207414515,-261.32857386424314,-540.8942767929944,113.7100535680795,31.2327729744472,0.056332819587422735,-0.18417565500055258
1826.0,-286.952387172791,-526.932944022137,-286.6851017722133,-526.7204359630363,112.8090365904232,28.803203237709756,0.05229245261141909,-0.18305218265190507
1827.0,-312.861122027699,-511.9745289792933,-312.5813579778931,-511.53305981072043,111.95989135408945,26.72115172996197,0.048792765335401264,-0.18201787678145992
1828.0,-337.9920348381732,-495.74326458959695,-337.99909840741753,-495.4731449239946,111.07266802150866,24.546150436938117,0.04513445792331412,-0.18091710736887345
1829.0,-362.28264619528636,-478.2795043337535,-362.24821964620713,-477.97700755741397,109.7509606060288,22.62202910090485,0.04185784898625693,-0.17911052301388028
1830.0,-385.67256581192356,-459.6266658713868,-386.6818259949775,-460.13145300669333,108.61171794417017,20.588139389282222,0.0384022589507228,-0.17759659971781272
1831.0,-408.1036426625517,-439.83112309789584,-407.61465700364624,-439.66698603757095,106.78886527239997,18.666762947696,0.03509366559674646,-0.17495180339888253
1832.0,-429.52010955583114,-418.9420908516436,-430.2753914618606,-418.84536233238487,105.02732569025333,16.6773195719307,0.03167236626355577,-0.17242575147952072
1833.0,-449.8687217806403,-397.01150255811575,-449.29151754656505,-396.6351022441084,102.89717926928319,15.207792744906277,0.029061533225527684,-0.16926840813572105
1834.0,-469.09888948081795,-374.09388111524004,-469.0695845380865,-374.09242275886953,100.50442215632741,13.58560920633087,0.026203668353768306,-0.1657024383641534
1835.0,-487.1628034295138,-350.246203340874,-487.86860355180096,-350.6436723650163,97.73179482800549,12.079296692761872,0.02351912132008094,-0.16151989599347322
1836.0,-504.01555389046285,-325.52775831945564,-503.5530919126686,-325.15039614535624,94.00675151521197,9.980446917062174,0.019866482691728634,-0.1557833929322981
1837.0,-519.6152422706632,-300.0,-519.8014737252671,-300.1993200677545,89.87736827380968,8.41306053826033,0.017066334640693757,-0.14941026887565328
1838.0,-533.9230852868812,-273.72639441189773,-533.7019372334147,-274.09996892433634,84.94820214839059,6.922404142498558,0.014374243256921316,-0.14173549593331505
1839.0,-546.903511387004,-246.77226187836683,-546.3927805802302,-246.6362415604094,79.15258043720716,4.823457049149185,0.010697317681011738,-0.1326669019112371
1840.0,-558.5242491865225,-219.2046146198372,-558.7773053704803,-219.34199280669785,72.46459767074366,3.3153511914008553,0.00796282073732796,-0.12217431968440179
1841.0,-568.756407700279,-191.0919901510105,-568.8672586809595,-191.33550105932662,64.72400851618805,1.6422390773036077,0.00495698535963314,-0.10997836080495368
1842.0,-577.5745481700072,-162.50428088580313,-577.4119613024644,-162.45127159843256,56.247607691713284,0.190298392223659,0.002292405613961035,-0.0965923966377156
1843.0,-584.9567473090942,-133.5125603737887,-585.0004144399719,-133.69875574780008,46.7788027286745,-1.0695142176981778,-6.477971001801724e-05,-0.08161526106701596
1844.0,-590.8846518073248,-104.1889066001582,-590.7887602360872,-104.33849841998149,36.279651305141535,-2.110658494253556,-0.0020813865658513187,-0.06497623230769269
1845.0,-595.3435239601032,-74.60622278849107,-595.2056587892446,-74.64591204806757,25.078084360037014,-3.1188685421246642,-0.00404964699355167,-0.04720247844756516
1846.0,-598.3222783087081,-44.83805615185447,-598.422764838596,-44.96549534292999,12.924187858291672,-3.684844446059264,-0.005313920879558084,-0.02789835119727379
1847.0,-599.8135092004898,-14.958415042843894,-597.978438304836,-15.464355199033411,-0.5956170496346722,-3.2167654890951916,-0.004930249744980327,-0.006375471734923552
1848.0,-600.0,0.0,-600.7864718776061,-0.20028328461826908,-5.802267053852444,-3.3437948233582944,-0.0053193618842724165,0.0018767792052970563
1849.0,-599.8135092004898,14.958415042843894,-600.0757772569572,14.463684790273753,-11.007827221100042,-3.4958409955233365,-0.005740940102248354,0.01017038938483294
1850.0,-598.3222783087081,44.83805615185447,-597.768539928007,44.92364098983353,-22.340057330921713,-3.536589141012772,-0.006178835047238529,0.028234450440136675
1851.0,-595.3435239601032,74.60622278849107,-594.9295084170121,74.5139414993539,-33.51607407149961,-2.265897891691667,-0.004518858720090336,0.04605640306543897
1852.0,-590.8846518073248,104.1889066001582,-590.6926630478846,104.21464699380181,-44.77171958685403,-1.3066379227134186,-0.0033558927967974007,0.06402220781032077
1853.0,-584.9567473090942,133.5125603737887,-585.1745122461864,133.46683739768721,-54.77303196709456,0.02946570910705344,-0.0015876686042161918,0.0800073714807013
1854.0,-577.5745481700072,162.50428088580313,-577.2513303456134,162.36120413378416,-64.04950254698855,1.6020561031265228,0.000561318216914676,0.09486836794685569
1855.0,-568.756407700279,191.0919901510105,-568.3589370597402,191.31357574752084,-72.52451480380199,3.2020412177488997,0.0027531947058684497,0.10846567378054794
1856.0,-558.5242491865225,219.2046146198372,-558.7855753426271,219.2379321240586,-79.48156856663792,5.093133740978778,0.0054209731000486525,0.119655413438895
1857.0,-546.903511387004,246.77226187836683,-546.13231742964,246.67405240985804,-86.15260882019963,7.2024051258878545,0.008441973351530805,0.1304276678644777
1858.0,-533.9230852868812,273.72639441189773,-533.9109885562842,274.1941196437136,-91.36932548302819,8.734803241967033,0.010543823184298936,0.13888000458362654
1859.0,-519.6152422706632,300.0,-519.9902987346653,299.9473148061771,-95.77498643764996,10.892132405700258,0.013661920504649181,0.14606231807936654
1860.0,-504.01555389046285,325.52775831945564,-503.16258338652375,325.42847703005856,-99.642293332346,13.040232911618718,0.016768661539924998,0.15242341674015725
1861.0,-487.1628034295138,350.246203340874,-487.5557317196215,350.9267629193678,-102.84773307430915,14.567120964687325,0.018886502536321924,0.15771616922628873
1862.0,-469.09888948081795,374.09388111524004,-469.4753208343227,373.95422216043454,-105.16878300659266,16.82311505976189,0.022195011985882772,0.1616316652267564
1863.0,-449.8687217806403,397.01150255811575,-448.9865794061507,396.9965442499849,-107.98300765509684,18.811462382296373,0.025077366342017997,0.16636156792499146
1864.0,-429.52010955583114,418.9420908516436,-429.9576451215417,419.5835668911844,-109.76451782680311,20.536193135845846,0.027545737937796428,0.16942997626689307
1865.0,-408.1036426625517,439.83112309789584,-408.3192487385279,439.7020978637573,-111.02967472958078,22.77358788163782,0.030860271169178805,0.17170854086900503
1866.0,-385.67256581192356,459.6266658713868,-385.0372063729258,459.53354054942264,-112.68809673707926,24.863206198081873,0.03394312687099058,0.17463313601249392
1867.0,-362.28264619528636,478.2795043337535,-362.28163889822594,478.7930670202101,-113.78874690904767,26.84772253835685,0.03686571182481006,0.17666356198485614
1868.0,-337.9920348381732,495.74326458959695,-338.1487956333639,496.12674219550416,-114.61401286104085,28.98777621748719,0.04005942799034078,0.17827256781787063
1869.0,-312.86112202769885,511.9745289792934,-313.03960668448,512.4232573051783,-115.11728433273386,31.03798764709172,0.04312285784595267,0.1793810607981092
1870.0,-286.9523871727909,526.9329440221371,-287.48419232470616,526.8294302162718,-115.61413560740793,33.349224339425604,0.046624873279539694,0.18048480062793737
1871.0,-260.330243470535,540.5813207414515,-260.70366750386125,540.6142124890549,-115.9656628937954,35.72774424892625,0.05024158343340852,0.18137225404148977
1872.0,-233.06087776481687,552.8857271222446,-232.19742893476848,552.6161777399476,-116.50880851904195,38.16741502213384,0.05397745232131124,0.1825858122826647
1873.0,-205.21208599540122,563.815572471545,-204.535022790966,563.4033379290858,-116.53607603056655,40.568177504480104,0.05766627442567035,0.18296799061270183
1874.0,-176.8531046465425,573.3436834716845,-177.18626054806865,573.6423380708889,-116.4433318430228,42.98232235624884,0.061383108533696766,0.1831553232030376
1875.0,-148.05443861417623,581.4463717374467,-147.5134222726231,581.0510701520064,-116.1407636211926,45.565747275284444,0.06540402245260436,0.18303717336713218
1876.0,-118.88768591963856,588.1034927091263,-119.26209787259329,588.3245709582887,-115.9164459765969,47.90600090376924,0.06903957341617419,0.1830261539510256
1877.0,-89.42535970570465,593.2984957350772,-89.62663486745407,593.1407379049156,-115.39544084579909,50.46120610260266,0.0730473253303215,0.1825598932430396
1878.0,-59.74070795748994,597.0184652192409,-59.88920090769554,597.3943975297356,-114.88248316460795,52.87910813086042,0.07684344147338562,0.18210768928441032
1879.0,-29.90753139641834,599.2541527313534,-30.142278079532133,599.5642951966669,-114.04885436979197,55.52916209502364,0.08103455867409454,0.1811452376072932
1880.0,0.0,600.0,-0.2888856106249502,600.507928146507,-113.43873649845754,58.195535633373936,0.0852666673145365,0.18053981854404907
1881.0,0.0,620.0,-0.09997311097357997,620.3878287043623,-114.43068359350879,57.89624154441634,0.08454685737476997,0.18212086498493782
1882.0,-19.973850494387104,619.6781788125413,-19.3205010945649,619.6711658528728,-115.09791384859408,56.33140114149998,0.08206511347252923,0.18294740163293088
1883.0,-39.92696547818008,618.7130493433157,-39.495246012299646,618.2293092311543,-115.46006495112995,54.62817101331468,0.07937199691022184,0.18327670346039326
1884.0,-59.83863096699931,617.1056135249421,-60.0186238745949,616.952516499354,-115.82754232048869,52.855878046362896,0.07656694189319622,0.18361021260657256
1885.0,-79.6881760065487,614.8575400893685,-79.22587770825687,614.7015268433515,-116.5771710825444,51.17978931641002,0.07392693163811985,0.18456805311959706
1886.0,-99.45499413181132,611.971162835506,-98.68453137900478,611.541179058086,-116.79250343978201,49.55572018192191,0.07138085002494107,0.1846724556066067
1887.0,-119.11856475929925,608.4494782064363,-119.22988616798125,608.3955062919703,-117.00953703592734,47.79855540767573,0.06862276039748615,0.18476625690031803
1888.0,-138.65847449014436,604.2961421787053,-139.07397385769045,604.1405209535941,-117.20283324202546,46.01851171726715,0.06584184356501077,0.18483086736354826
1889.0,-158.05443830191987,599.5154664669333,-157.39642022681548,599.1659765412588,-117.56928871204853,44.496723464004724,0.06348076544701486,0.185189704854709
1890.0,-177.28632060718732,594.112414047683,-177.50906116324245,594.3345769344477,-117.6169897333266,42.73670590164948,0.0607387805171542,0.1850193044200674
1891.0,-196.334156156913,588.0925940072302,-196.76975869500083,587.9559785260202,-117.69740452000065,41.18770682195852,0.058351590435040596,0.18491140328788946
1892.0,-215.17817076704782,581.4622557185868,-214.5825101300029,581.2629022010923,-118.01241361231268,39.63332640018598,0.055959687083511345,0.18519460354591205
1893.0,-233.79880184675872,574.2282823538214,-233.8481856747759,574.49078734863,-117.80687437981608,37.86055279243153,0.05322116816381847,0.18463153149166375
1894.0,-252.17671870699613,566.3981837384125,-252.69825865316287,566.1584803686075,-117.44164467009352,36.22529822891304,0.050720625231379525,0.18381939402261893
1895.0,-270.2928426283182,557.9800885550516,-269.9109567503792,557.9040672271248,-117.67144827438813,34.810769190084734,0.04857042391842312,0.18397433437162516
1896.0,-288.1283666671365,548.9827359049901,-288.45026039119006,549.2321902254333,-117.18095931352758,33.259325823161014,0.04620742935307237,0.18296664659636075
1897.0,-305.6647751798214,539.4154662356923,-306.0966271336866,539.510130700168,-116.91512649738097,31.787412715519817,0.04398387268349928,0.18232744595433734
1898.0,-322.8838630444006,529.2882116442088,-321.7328674295166,529.0516479633441,-116.77036057430445,30.42442520369212,0.041942695439049146,0.18190554722114222
1899.0,-339.7677545598954,518.6114855663405,-340.3207952758897,519.2356957413009,-116.21276184059214,28.72237069539661,0.03935400725554401,0.18079045542576008
1900.0,-356.29892200367186,507.3963718622959,-357.0223860144153,507.4066812554543,-115.69396391131617,27.41072796204889,0.037411332629213374,0.17976021894798302
1901.0,-372.460203827547,495.65451331017067,-371.7655612038009,495.62459166197715,-115.47018012945794,26.012690829736243,0.03533058235849169,0.17922349673074203
1902.0,-388.23482247375455,483.3980995191978,-387.60661896231494,483.54742820361236,-114.53361237084722,24.52273639842605,0.03310715492447706,0.17753889784289287
1903.0,-403.6064017922802,470.63985427531355,-403.9117743438698,471.13809835701176,-113.68167460225636,23.07270678584644,0.030951337845737975,0.17598330797649966
1904.0,-418.55898404148115,457.3930223321767,-419.1789278115659,457.19421059545704,-112.68370400062838,21.688673021820705,0.02891935011136114,0.17420801201906974
1905.0,-433.0770464543411,443.67135566135494,-431.9545971526405,443.66142223136893,-112.210642929789,20.44322993483225,0.027102901566985624,0.1732986486651574
1906.0,-447.1455173531651,429.4890991759515,-447.21312053971565,430.04614771595396,-110.99619156759006,18.908868540278267,0.024827635460279652,0.1711789185687991
1907.0,-460.74979179598444,414.86097594249213,-460.7276536674553,414.6367062840969,-109.73501376379903,17.68879509700361,0.02307454727712855,0.1690061796323093
1908.0,-473.87574673842596,399.8021718964258,-472.7571854785834,399.7520363843926,-108.61252159209505,16.569558894441773,0.021475519684331666,0.16707235250548208
1909.0,-486.50975569530846,384.32832007710704,-486.64318652853785,384.9027695280086,-106.97186016707252,15.001669138614789,0.019162004204044777,0.1642910972700124
1910.0,-498.6387028867457,368.45548439862273,-498.60945242604095,368.98285057934027,-105.06719608758259,13.660028886775967,0.01722168824020435,0.16111317970439548
1911.0,-510.2499968540671,352.20014297331653,-510.80950511652713,352.0441914742387,-102.99899127365745,12.493855888734231,0.015573113567347937,0.15767211579544488
1912.0,-521.3315835314256,335.57917100531745,-520.0388336096029,335.39478318319374,-101.26330183587794,11.356177217280758,0.013966346576884852,0.15479664892282335
1913.0,-531.8719587595206,318.6098232718364,-531.2435880392146,318.54378450674426,-98.8321810499869,9.998858955932796,0.01201248119409901,0.15079017569601844
1914.0,-541.8601802284412,301.3097162104156,-541.6806723310135,301.78992658620854,-96.20471590002926,8.476667096497325,0.009795021649901094,0.1464806123436708
1915.0,-551.2858788372401,283.696809630725,-550.6564174662321,284.1321133623765,-93.18600068196126,7.1828232956086,0.007952060044410694,0.14156625214908095
1916.0,-560.139269458437,265.7893880698936,-560.6133947867075,265.84020529522587,-89.66642971873716,5.86768051560136,0.006082965803168782,0.1358427381543625
1917.0,-568.411161096281,247.60604181073134,-568.8991337445924,247.59902360927916,-85.87670628395487,4.673708336190003,0.004406099317734912,0.1297097307581618
1918.0,-576.0929664282258,229.1656475825446,-575.1629275075853,228.97782479536747,-81.79216657621198,3.622583953817078,0.0029612362218422554,0.12313227139845333
1919.0,-583.1767107197107,210.48734896458475,-582.5187098471561,210.3581409203961,-77.28877531730717,2.43663084225474,0.0013017679853205603,0.11587481553638086
1920.0,-589.6550401029951,191.59053651246737,-588.9587059100637,191.42369405326872,-72.35712382544004,1.2467156980505827,-0.00036015112817179947,0.10794697795393783
1921.0,-595.5212292114509,172.4948276282004,-595.2577534152143,172.40265346881407,-66.9817563888099,-0.08699834317163498,-0.0022498727834731275,0.09931467070528065
1922.0,-600.7691881613847,153.22004619471528,-600.3909797188599,153.10781344932113,-60.9609723350618,-1.0329104154577473,-0.0035190352215519597,0.08966942878757089
1923.0,-605.3934688741488,133.78620199603972,-605.1233908069852,133.65835258168076,-54.7884708285703,-2.328390156850918,-0.005342658247133256,0.07978762981735765
1924.0,-609.3892707319679,114.21346994448714,-609.395803236064,114.08871378272575,-47.988510059316894,-3.259835732451647,-0.006585431087448041,0.06891283200566886
1925.0,-612.7524455616208,94.5221691364142,-612.4516413178773,94.38860539622999,-41.055974637581926,-4.065730181098551,-0.00762678524560914,0.05784193443429521
1926.0,-615.4795019407935,74.73274175830011,-615.2824571881557,74.74968607624525,-33.30951436997058,-4.935283362429414,-0.008770204804383975,0.0454783910785762
1927.0,-617.56760882264,54.86573186504213,-617.3252048556701,54.90880535992972,-25.561344799907868,-5.476651567855417,-0.009388828335779443,0.03312177873341316
1928.0,-619.0145984747854,34.94176405249511,-618.6133235226547,34.95071229920545,-17.842212212436298,-5.6802937707479275,-0.009468508743634087,0.02082062210226575
1929.0,-619.8189687297196,14.981522046402041,-619.7639447088507,14.946038367646146,-11.025864051698974,-5.384069306083198,-0.00875205616654123,0.009957975439646756
1930.0,-620.0,0.0,-619.6765126615596,-0.10470949588430171,-5.528738161300495,-5.54834618258031,-0.008829184835071616,0.0012100986350044353
1931.0,-619.9798845442473,-4.994272770062016,-621.3077921546458,-4.8630252692164,-3.6510577831546946,-5.619960225001631,-0.008884887159345801,-0.0017983007379779163
1932.0,-619.4971788663731,-24.96488286783753,-620.2012748262238,-25.091859709609583,4.297555917534221,-5.7174537268120424,-0.008792310900068602,-0.014435360862201567
1933.0,-618.3713528087245,-44.909576100292746,-618.8591687667869,-45.32267446410928,12.480222638797395,-5.724978164973385,-0.008556520175887278,-0.02744204268932761
1934.0,-616.6035751283295,-64.80764722594516,-616.5190560579205,-64.83922694620776,20.559832064028154,-5.829847858992431,-0.008484406788941764,-0.04027248117524065
1935.0,-614.1956810132922,-84.63843940325383,-614.2011929331628,-84.67539056537608,28.185417963325865,-4.761023891975466,-0.006540387654776263,-0.0523805912668841
1936.0,-611.1501701776235,-104.38136563516407,-611.1825386256618,-104.41765478167788,35.75125969134008,-4.320461146028019,-0.005597427292911903,-0.06438503298611734
1937.0,-607.470204266206,-124.01593014114763,-607.3161482393808,-124.05539968650076,42.61032251900043,-3.6612084636783826,-0.0043076911323911065,-0.07525421894794833
1938.0,-603.1596035725859,-143.52174963454496,-602.9189930556562,-143.50567327918648,49.28033780351149,-3.073923795766597,-0.003134791580367057,-0.08581602613798833
1939.0,-598.2228430730019,-162.87857448312386,-597.8428044451522,-162.85425900773905,55.41459485213854,-2.025966865186179,-0.0012299547193659408,-0.09551683150864078
1940.0,-592.665047780764,-182.06630973089122,-592.4337229047464,-182.09742352345677,61.27962037384586,-1.0119792613731766,0.0006195271882161878,-0.10478506466515723
1941.0,-586.4919874258096,-201.0650359593234,-586.2176662338787,-200.99975638810665,66.5413210442553,-0.10364551293665418,0.0022966816064153065,-0.11308319349540102
1942.0,-579.7100704649572,-219.85502996637214,-579.9828472289669,-220.06759103627087,72.0106679339142,1.2288221257601686,0.004650892972144438,-0.12171157176592776
1943.0,-572.3263374290761,-238.41678524176777,-572.7402547160075,-238.56769077418053,76.81323036647666,2.325339412657298,0.006622624655697878,-0.12926638743840393
1944.0,-564.3484536140813,-256.7310322173676,-564.803147251966,-257.0429858944147,80.86239608061334,3.532743467561979,0.008770534330290432,-0.13561362928664897
1945.0,-555.7847011233363,-274.77875827152974,-555.9583536270308,-275.11606730661106,84.71315595021262,4.594285591974439,0.010681371632044703,-0.1416339820181418
1946.0,-546.6439702697302,-292.54122746673903,-546.7491418875005,-292.9064731399499,88.01018056228162,5.848317296795128,0.012895103695809977,-0.14676857469686938
1947.0,-536.9357503463519,-310.0,-536.6650593535264,-309.64280030600906,90.88602724208329,6.552312742373194,0.01422051659135087,-0.15122212735829618
1948.0,-526.670119775343,-327.13695134580246,-526.042722376368,-326.82391257782314,93.5666895102117,7.748265068988162,0.016334350452066285,-0.15535844239283683
1949.0,-515.8577356451561,-343.9342910717863,-516.143549933946,-343.9888536396968,96.26735441884479,8.988963442939502,0.01851920181058634,-0.15953544919492768
1950.0,-504.50982264708205,-360.3745813075748,-504.58558330197025,-360.4498795765517,98.48011491321672,10.329142589237868,0.020853760906283148,-0.16291561679672045
1951.0,-492.6381614225275,-376.4407548476012,-492.93881920678905,-376.8853436457405,100.63831957875499,11.377841622597815,0.022724101938608784,-0.16620786860005682
1952.0,-480.2550763331457,-392.1161328691341,-479.60408492440706,-391.699004184979,102.10968315332143,12.213722672403685,0.024235870446486348,-0.16838630633083562
1953.0,-467.3734226665103,-407.38444224711316,-467.7617432047493,-407.33562100513365,103.80801479207913,13.27592152155205,0.02611791364236062,-0.17094425224624327
1954.0,-454.00657329061943,-422.2298324478143,-454.2764759572229,-422.7040506631354,105.36285766046899,14.662615545654127,0.028513122468369206,-0.17325370782645996
1955.0,-440.16840477108207,-436.63689198380945,-439.5098845918607,-436.35413782457596,106.41888871454091,15.598860177404324,0.030170374326384034,-0.1747535874057533
1956.0,-425.8732829653984,-450.59066441313854,-425.72636922549617,-450.4720031929622,107.7085587437703,16.913470897276515,0.03243554338363852,-0.17663735466808875
1957.0,-411.13604810929286,-464.0766638660828,-411.35147908866924,-464.5010560587198,108.91808948314844,18.24579251186762,0.03472781252099367,-0.17838633373849683
1958.0,-395.9719994105756,-477.08089008342296,-396.05607378454334,-477.04315397962574,109.79444280176608,19.69771314613331,0.037192218713180486,-0.1795937709502173
1959.0,-380.39687916653344,-489.58984295056786,-381.0254156140223,-490.30259648336414,111.00921663600893,21.023863839319887,0.03946524112686118,-0.18134306349195528
1960.0,-364.4268564213333,-501.5905365124674,-364.17983967042187,-501.258518238662,111.4892537430956,22.13548455687307,0.041368617323793745,-0.18190075896498276
1961.0,-348.078510180406,-513.070512454759,-347.71122284521806,-512.7883036080215,112.14042922335062,23.342209264340028,0.04343038431386471,-0.18273544622653112
1962.0,-331.3688121992366,-524.0178530371528,-332.0731627226766,-524.6191157436286,113.12487795345544,24.92868208705181,0.04610022586728578,-0.18411072614462373
1963.0,-314.31510936442595,-534.4211934656306,-314.20666413719977,-534.1718042042938,113.32950101249303,26.000603246855885,0.047923232895584075,-0.1842175833343132
1964.0,-296.9351056853187,-544.269733690611,-296.962616030461,-544.0146199349734,113.85573187223105,27.389380244153738,0.050254084832533914,-0.18484391837031316
1965.0,-279.2468439148897,-553.5532496188358,-280.07411745976316,-554.064772881833,114.51295504047083,28.856448569519216,0.052712080541377354,-0.185683088545886
1966.0,-261.2686868189679,-562.2621037273382,-261.8599479659509,-561.9819982013404,114.7878705611609,30.573089209316034,0.05554116101843931,-0.185897561746734
1967.0,-243.01929811324646,-570.3872550684711,-243.5911506072076,-570.968451948307,115.20252814762819,32.27352706284511,0.05835754877178145,-0.18633377232686535
1968.0,-224.51762308786633,-577.9202686556121,-223.5349035193469,-577.3851660450099,115.33220974409261,33.50881720680633,0.0604021594208855,-0.18629453868394144
1969.0,-205.78286893968735,-584.8533242198008,-205.17769691479938,-584.4252880708799,115.54943349489959,34.86435758746296,0.06264578912576603,-0.18641544080964856
1970.0,-186.8344848326673,-591.1792243282165,-187.7857191382312,-591.6041003810607,115.87759255514976,36.48016175147989,0.06530534004309187,-0.1867247230952393
1971.0,-167.69214170704373,-596.8914018560703,-167.2891696951865,-596.4587302418669,115.68737503519021,37.93947895103952,0.06768737002178489,-0.18617096182462042
1972.0,-148.37571185828546,-601.9839268041524,-148.14944388720056,-601.3792623574419,115.9486356220712,39.46181831303846,0.07017050999036976,-0.18635236726026513
1973.0,-128.9052483070108,-606.4515124549596,-129.17206294357854,-606.6699005591449,115.94887681058214,41.057565545393345,0.0727750148924408,-0.18612033565412478
1974.0,-109.30096398128448,-610.2895208610107,-109.18546240306858,-609.8328672337874,115.70574374001133,43.05009293439354,0.07598495749155046,-0.18548860199941866
1975.0,-89.58321073291675,-613.4939676596517,-90.3202343734174,-613.0916028595951,115.66348818281396,44.353019560768,0.07809853926908866,-0.18519030825552515
1976.0,-69.77245820953533,-616.061526209354,-70.5100268079165,-616.3584206985994,115.548977135935,46.25122817718119,0.08115964074175505,-0.184765443189409
1977.0,-49.889272604369715,-617.9895310432103,-49.36186780918746,-617.5221229643402,115.35183753285368,47.69207949626412,0.08346707866875867,-0.18419268483678597
1978.0,-29.954295305814426,-619.2759806360425,-30.467100213786207,-619.0268927559299,115.12932475737699,49.28118423860008,0.08601464629190866,-0.1836071410494606
1979.0,-9.988221468920441,-619.9195394822523,-10.653716020442701,-620.220937328486,114.77294293753971,50.97651858894714,0.08872747814390763,-0.1827972877882117
1980.0,0.0,-620.0,-0.11702437011580065,-619.7565329833789,114.57104921006112,51.823922600928874,0.09007047596951995,-0.18234692136434622
1981.0,0.0,-630.0,-0.17557743277951554,-629.7983444383736,115.10438888246647,51.4113994454053,0.08953690676856975,-0.18319647491421942
1982.0,-29.97660696895787,-629.2864236852951,-29.99290458525577,-628.8784794496786,115.5242696469329,49.18945324770565,0.08598930400052687,-0.18422990790267954
1983.0,-59.88530728163491,-627.1473112210433,-59.863815482520074,-626.7026551768432,115.83627805542066,46.73125721498686,0.08205031624272476,-0.18509231294303866
1984.0,-89.65834811216969,-623.5875083849876,-89.51977098222953,-623.1397956105151,116.17929378804983,44.135743091542814,0.07787579297216354,-0.18600143511956707
1985.0,-119.22828394705873,-618.6150792755052,-118.69283087156931,-618.0171350911934,116.33156097422356,41.72804464770366,0.07398108479963983,-0.18660105754609602
1986.0,-148.52812937093904,-612.2412880438313,-148.64119791883144,-611.8842252107747,116.36552228351262,39.123941759193464,0.06976141674845171,-0.18702188548732449
1987.0,-177.49151081010078,-604.4805733771334,-178.55891318162585,-604.937079001853,116.47815098615062,36.80506454641762,0.0659857275289364,-0.18756754108209653
1988.0,-206.05281688997562,-595.3505157902412,-205.63600773723908,-594.8378806591883,116.01628500253031,34.50279544090055,0.062197867836107756,-0.18716407098115076
1989.0,-234.1473470660063,-584.8717978001258,-233.7836021058107,-584.4596588915985,115.6896753721489,32.17657801301821,0.058368476012131784,-0.18698897843439816
1990.0,-261.71145819118834,-573.0681570733466,-261.23978460188914,-572.6069653985345,115.25684554247827,30.431745321729363,0.05544632891960534,-0.18663636348746968
1991.0,-288.68270868826863,-559.9663326526017,-288.6799940199166,-559.6163609854189,114.78662182459242,28.07910707802895,0.051542893281861485,-0.18622403869717882
1992.0,-315.0,-545.5960043841964,-314.8649332884998,-545.3651713309796,114.00112126871886,25.779259972294323,0.04770803899645266,-0.1852945619753408
1993.0,-340.6037149970264,-529.9897256836441,-341.2775083092346,-530.4542948649917,113.43218410316626,23.841895839438177,0.04444201511376206,-0.18471254444300705
1994.0,-365.43585302985474,-513.1828497917115,-366.5116932171447,-513.7252382604361,112.51664064524226,21.886380288926674,0.04112483514980021,-0.1835644541515535
1995.0,-389.4401613189813,-495.21344968795603,-388.8910481057612,-494.81597279076436,110.97697802396262,19.77194207210632,0.03752802094789037,-0.1813880843350383
1996.0,-412.56226238552955,-476.12223184318276,-413.03631614782694,-476.0095046953057,109.61253772327795,17.796976404698803,0.03415444315928053,-0.17951221659363306
1997.0,-434.7497772337305,-455.9524440061943,-434.6621481322108,-455.93415593712047,108.00561183763085,15.945123983315673,0.03096126624026655,-0.17721956559242635
1998.0,-455.9524440061943,-434.7497772337305,-456.5035948053639,-435.3116106534513,106.59432316673553,14.45509043661234,0.028337240444342267,-0.1752409215162683
1999.0,-476.12223184318276,-412.56226238552955,-475.59627030815415,-412.14358321199126,104.19289394581853,12.486025411964661,0.02491963792137352,-0.1716527556852417
2000.0,-495.21344968795603,-389.4401613189813,-496.20060572761395,-389.36988992487795,101.85908843873717,10.767543542009008,0.0219056802753431,-0.16819072959547632
2001.0,-513.1828497917114,-365.43585302985497,-513.4445712940502,-365.6772082934968,99.11260992660876,9.421092555186222,0.01947257334432613,-0.16403075966094646
2002.0,-529.989725683644,-340.60371499702666,-529.6895836040836,-340.2405974660035,95.47136773658144,7.4239032350366685,0.015982426335672203,-0.15843449495061915
2003.0,-545.5960043841964,-315.0,-545.9255249977743,-315.0800167552732,91.70087767767056,5.681742385468877,0.012901550277592364,-0.15263241477685638
2004.0,-559.9663326526017,-288.68270868826863,-560.2857489714156,-288.9771943615496,86.93903619966308,4.222694722971159,0.010259723242950079,-0.14522957795583283
2005.0,-573.0681570733465,-261.71145819118857,-572.9519880501397,-261.5506139879687,81.42262522596378,2.2090670728055666,0.0067190427164689715,-0.1366050602963004
2006.0,-584.8717978001258,-234.1473470660063,-585.2423305326793,-234.42649296787567,75.38305530654112,0.9421612658878454,0.004370511126160488,-0.12714330571900603
2007.0,-595.3505157902412,-206.05281688997562,-595.3931088634571,-206.39608721531576,67.93799869142178,-0.6334894259175662,0.0015194975454780116,-0.11541844640688922
2008.0,-604.4805733771334,-177.49151081010078,-604.0802991431601,-177.44322747171358,59.881912937922664,-2.5159626952817478,-0.0018311366029141799,-0.10270317949415346
2009.0,-612.2412880438313,-148.52812937093904,-612.6260930359439,-148.69325968001414,50.772226186662174,-3.8275775222351935,-0.004270736509921603,-0.08830932283530031
2010.0,-618.6150792755052,-119.22828394705873,-618.5492245861614,-119.42274583611719,40.59132531476707,-4.836965463669834,-0.0062357025026524935,-0.07217845627779979
2011.0,-623.5875083849876,-89.65834811216969,-623.4284221016754,-89.6997652325651,29.589772847959466,-5.731006820603639,-0.008022630052593122,-0.054728697109631505
2012.0,-627.1473112210433,-59.88530728163522,-627.2502891044484,-59.98644238158273,18.12548432815064,-7.005382345750868,-0.010414759953279146,-0.03652952154153831
2013.0,-629.2864236852951,-29.97660696895787,-629.4060783132768,-30.065493311404172,5.9137085609462545,-7.0474381996993865,-0.010848134975232418,-0.01712027866069025
2014.0,-630.0,0.0,-628.5720397211638,-0.4214991179304474,-5.8712181387035836,-6.1852373711751945,-0.009838948929930112,0.001646229169569936
2015.0,-630.0,0.0,-628.1986282772906,-0.37609633233650913,-5.972264930861418,-6.133653756395753,-0.009757407103866583,0.0018116232939477304
2016.0,-629.2864236852951,29.97660696895787,-629.0832466581842,29.8517971329977,-16.545397313138604,-6.4098135166849515,-0.01056712920441262,0.018628452222679823
2017.0,-627.1473112210433,59.88530728163522,-626.1523019593996,59.50543205934386,-28.182906245444958,-6.002014959770038,-0.010281264905692285,0.03718601814141842
2018.0,-623.5875083849876,89.65834811216969,-625.8572710334994,89.23013632418584,-38.49676023336456,-5.007882729245362,-0.009063091966670229,0.05360463982221862
2019.0,-618.6150792755052,119.22828394705873,-616.6762661820395,119.38139971644364,-50.38374248055138,-4.278774068590391,-0.008271941197515715,0.07263579917041614
2020.0,-612.2412880438313,148.52812937093904,-612.2887559917084,148.4813068769852,-59.36888066579595,-2.380552600398089,-0.005607213673597598,0.08698982445414216
2021.0,-604.4805733771334,177.49151081010078,-604.0608149492597,177.2948860080172,-68.5038874615668,-0.5966607479675964,-0.003120940732972784,0.10162940669212245
2022.0,-595.3505157902412,206.05281688997562,-594.6646024304813,206.31331018809092,-76.0229024286365,0.8679890362086594,-0.0011452660561617476,0.1137113658438402
2023.0,-584.8717978001258,234.1473470660063,-585.3196686954856,234.12879058913146,-82.71666294177207,2.747955442994826,0.0015061379748423376,0.12447926372916193
2024.0,-573.0681570733465,261.71145819118857,-572.1362869921959,261.49364728130195,-88.84364066843061,4.982454224960926,0.004727316582143916,0.1343921081613456
2025.0,-559.9663326526017,288.68270868826863,-559.7250549927088,289.157516078586,-93.89485046751447,6.475328756183523,0.006764501542079573,0.14258335826412222
2026.0,-545.5960043841964,315.0,-546.275131844463,314.9169334233159,-97.98235319537169,8.552405320200808,0.009754796680124732,0.14925354174843558
2027.0,-529.989725683644,340.60371499702666,-529.2848535155136,340.4867983173436,-101.96658582653599,10.747512765779348,0.012935265244270933,0.1558027244029779
2028.0,-513.1828497917114,365.43585302985497,-513.3544315461521,366.04907579187943,-105.00031413344705,12.316187581894178,0.015118828236405781,0.16082615240908602
2029.0,-495.21344968795603,389.4401613189813,-495.56065384528875,389.30071887361737,-107.41346223906179,14.425113330465274,0.018190525569368045,0.16488471681607397
2030.0,-476.12223184318276,412.56226238552955,-476.48977336582146,413.1627709678853,-109.51196339739242,16.248587238645797,0.020800436525585303,0.16845814569625447
2031.0,-455.9524440061943,434.7497772337305,-456.1057611443457,434.49798478934264,-111.13935800354575,18.358271471104192,0.023896811480306458,0.17129786710023534
2032.0,-434.7497772337305,455.9524440061943,-433.6034006106892,455.91251296200556,-113.1265999198889,20.525829250025414,0.027084323684258293,0.17473624664027693
2033.0,-412.56226238552955,476.12223184318276,-412.53521344483335,476.7584376103607,-114.36853339406078,22.38674985837434,0.029790771345823704,0.17697086667099413
2034.0,-389.4401613189813,495.21344968795603,-390.2759064775082,495.19813968825315,-115.28078103401292,24.4769730542113,0.03289163435255579,0.17869536301177144
2035.0,-365.43585302985485,513.1828497917115,-365.96228176717705,512.9171355751483,-116.14606530241396,26.676631585015514,0.03617549557354649,0.18037027399894945
2036.0,-340.6037149970264,529.9897256836441,-339.84863241517763,530.1666679552213,-117.24090497047473,28.928630941312885,0.03954840931239659,0.18243257860477374
2037.0,-315.0,545.5960043841964,-315.16100644516496,545.854984433846,-117.53077381754224,30.949301541291806,0.04257227206956356,0.1831962678888674
2038.0,-288.68270868826846,559.9663326526017,-289.18811508516603,559.9508980371226,-117.60720796846526,33.22674974675381,0.046024311193423824,0.18363600591413698
2039.0,-261.71145819118846,573.0681570733466,-261.99810425866195,572.8493778221442,-117.93008687207326,35.564731908471636,0.0495873580404012,0.18448287897438226
2040.0,-234.1473470660063,584.8717978001258,-234.56533752544178,584.5344871369758,-118.13963176029057,37.918802799679355,0.05319087101087323,0.18515234837193256
2041.0,-206.05281688997562,595.3505157902412,-205.3526934935126,595.3404706804613,-118.41609748887565,40.40534111856777,0.05701597906995756,0.18595012370387767
2042.0,-177.49151081010066,604.4805733771334,-176.90733567349716,604.1496601974395,-118.34560295781036,42.77817677270602,0.06068457839993626,0.18618629769860318
2043.0,-148.52812937093918,612.2412880438312,-148.67782888850397,612.2395553437244,-118.03293572101666,45.28380367718581,0.06457333074747114,0.18603439833957247
2044.0,-119.2282839470584,618.6150792755052,-119.09846156585878,618.1817001290468,-117.5201511322697,47.685934450476076,0.06832366732671324,0.1855805340283077
2045.0,-89.65834811216969,623.5875083849876,-90.16183473388595,624.2346688613317,-117.2686915721754,50.15955604390218,0.07218642782218657,0.1855347097923276
2046.0,-59.88530728163507,627.1473112210433,-60.25646760707309,627.3740574629196,-116.37427907290596,52.672225818760786,0.0761470179654151,0.18447745830800558
2047.0,-29.976606968957714,629.2864236852951,-30.089519608485585,629.2826892920917,-115.78943452257988,55.08437051924758,0.07996269052853658,0.18391610309049525
2048.0,0.0,630.0,0.5992091197943289,629.8138993196834,-115.04069031318913,57.90867787487715,0.08445120957833237,0.18310028369831385
2049.0,0.0,630.0,-0.3281023511578371,630.2173350547276,-115.00463199136323,57.80595059016863,0.08428277316031242,0.18303153833830427
2050.0,0.0,660.0,0.02361270183676073,659.6381860365482,-116.58235658601821,57.69236557221401,0.08374168062581205,0.18554687246378657
2051.0,-29.823670690149882,659.3258289090194,-29.146291070729234,658.8491266742047,-117.48871750846075,55.14676207393793,0.07969989041538962,0.1866321476539572
2052.0,-59.58641332997771,657.3046929289864,-60.21361042517426,657.8726053459872,-118.28279768099776,52.430127154409924,0.07538819108541484,0.18751548488335634
2053.0,-89.22742434167755,653.9407211248969,-88.95178935841014,653.7758809503766,-118.77725923522976,50.015876410609785,0.07159596416055673,0.18795048919085056
2054.0,-118.6861488381838,649.2407858983911,-118.56913656236674,649.6987886620778,-119.13489242410544,47.50778825852453,0.06765414992805792,0.18815695724136786
2055.0,-147.90240433333713,643.21448894783,-147.8201617443433,643.0250115464556,-119.42636315924427,45.07254134140035,0.06386006765024341,0.1882626108121573
2056.0,-176.81650369125387,635.8741416525764,-176.20915837674133,635.5693020656441,-120.02615997736298,42.738253214940265,0.060236242582719944,0.18886953782511148
2057.0,-205.3693770637254,627.2347399215523,-205.8630721506312,627.6268475731334,-120.11120629322907,40.22096532144517,0.05632712549306697,0.18864172256322445
2058.0,-233.5026925665331,617.3139335574559,-233.93955084294132,617.0332545057005,-119.92770963060752,37.896012384605974,0.05275658741642963,0.18800582668139784
2059.0,-261.15897544814544,606.1319901992263,-260.0266567828435,605.8632452854554,-120.37376712686857,35.71621081888539,0.04942412427487907,0.18839626115700242
2060.0,-288.28172550734166,593.7117539164184,-288.98995436831865,593.6451766217547,-119.5804394518792,33.29098989756043,0.04571389965315099,0.1867789282275591
2061.0,-314.8155325198864,580.0785985400775,-313.9513949279624,580.0088179390069,-119.66435693941844,31.110309066994194,0.04241024243309319,0.18660678497174324
2062.0,-340.70618943844147,565.2603758254569,-341.05358744967924,565.8210710164525,-119.105265418071,28.778408605105792,0.03887266453167508,0.18538504336255518
2063.0,-365.9008031344584,549.2873585524778,-366.1844856440837,549.0458942905367,-118.47716661495394,26.534671051347146,0.03550709043912622,0.1840776156414846
2064.0,-390.34790245580916,532.1921786801738,-389.004486008502,531.9566662611387,-118.0802598879527,24.768425950539477,0.03290531536613342,0.18316644304062044
2065.0,-413.9975433794005,514.0097606814693,-414.2400254702911,514.5982598087891,-117.08740838617892,22.24017008869279,0.02909405912089816,0.18127721183081372
2066.0,-436.8014110439512,494.7772501944822,-437.18540732763677,494.6090368188759,-115.84074153636395,20.31440978913155,0.026273923883713423,0.17901206844632533
2067.0,-458.71291845448553,474.53393813611325,-457.20142923827234,474.474095515173,-114.79896352275138,18.478269523538508,0.023598207968825485,0.17710889156429305
2068.0,-479.68730165689476,453.32118043295446,-479.8833913791697,454.0063540552555,-113.15198835219155,16.159664178550702,0.020158700825873142,0.1742098637938521
2069.0,-499.6817111881293,431.18231353350166,-500.2229723442049,430.9885023347402,-111.28174610197391,14.354616229289588,0.017567776795013233,0.1709841825085529
2070.0,-518.6552996151979,408.1625658742718,-517.3501315861937,407.94646815035486,-109.768545711468,12.65531151213378,0.015145444507013021,0.1683660934335843
2071.0,-536.5693049841318,384.3089654806998,-536.3810457492997,384.9760510127617,-107.29505683876704,10.320699201684299,0.011711111688418617,0.16419634253638835
2072.0,-553.387130008436,359.67024389157683,-553.8684309124002,359.6122969654687,-104.40571324928781,8.492194391613259,0.009111585106239403,0.15938364185914752
2073.0,-569.0744168352478,334.2967366033097,-569.527833394208,334.0863221785833,-100.94032215311324,6.555107712053997,0.006341231824464982,0.15367652035474974
2074.0,-583.5991172364629,308.2402802373843,-583.8511160945005,308.1941470029315,-96.82146543379673,4.623808938766473,0.003584575127850102,0.1469457394324318
2075.0,-596.9315580814275,281.5541066411205,-597.522310198693,281.50977554511275,-92.14082620857755,2.796522627598057,0.0010031614125055102,0.13932883999389015
2076.0,-609.0445019574449,254.2927341380556,-609.7605693771601,254.2641116405414,-86.78773871299445,0.8679757650413427,-0.001732539342407635,0.13065925500848952
2077.0,-619.9132028142492,226.51185615013534,-620.5799903210209,226.44041727086577,-80.59832924814351,-1.084328067437536,-0.004498971365856062,0.12067599874220308
2078.0,-629.5154565187669,198.26822741924266,-629.819938568531,198.1923747317646,-73.50261107804515,-2.897600561947602,-0.007038931161961544,0.10926965113110577
2079.0,-637.8316462168893,169.61954806051392,-637.7612217426703,169.532247139437,-65.77516262083998,-4.552282491819202,-0.009321439440700184,0.09687377825699134
2080.0,-644.8447824095814,140.62434568430723,-645.1204071900071,140.55174955915632,-56.70718170290652,-6.156218906104673,-0.011519260160434914,0.0823515106429448
2081.0,-650.5405376614547,111.34185582765114,-650.0983585703196,111.18697119538744,-46.54954061496593,-7.194664840610073,-0.012812368552555386,0.06612415791444652
2082.0,-654.9072758708966,81.83190093943402,-654.7006250470049,81.72729899786732,-35.93636617293491,-8.732260964110003,-0.014898736981705624,0.04917640233830377
2083.0,-657.9360760419596,52.15476816657036,-657.7228920001229,52.006552946561236,-24.49505838441432,-9.46122597291599,-0.015694931656036734,0.030929981817131715
2084.0,-659.6207505094447,22.371086190813696,-659.2842541940058,22.23824841893752,-14.497461441953126,-9.3430200946717,-0.01514222953982263,0.014999190132370364
2085.0,-660.0,0.0,-659.370329678237,0.3275778589569835,-6.341446584410895,-9.879103392661747,-0.015727093219732067,0.0020174351631622677
2086.0,-659.9578575799469,-7.458298632166922,-658.9907924585333,-7.173444050885503,-3.7733667039325316,-9.925697800574797,-0.015709385711296056,-0.0020651427271342693
2087.0,-658.9467085630371,-37.27244657840231,-658.8794893004178,-37.430374086882296,8.242893827606272,-9.900429218350368,-0.015298613712328421,-0.021188252211120844
2088.0,-656.5893691782181,-67.01044905199142,-656.5802636508311,-67.0254774314299,19.954007672460207,-9.917475588731802,-0.014963293425635437,-0.03979891023217058
2089.0,-652.8906553347775,-96.61155301786994,-652.9003306807347,-96.77273489867828,31.56142282082675,-8.616334840577194,-0.012528149753178806,-0.05822761716674182
2090.0,-647.8581232931609,-126.01528511678065,-647.9024762785269,-126.27874480263809,42.16302439278086,-7.5824155452659525,-0.010521256784287144,-0.07503938152813822
2091.0,-641.5020542279648,-155.16157520888132,-641.497652292691,-155.4196491193727,51.581492743251665,-6.45394995748513,-0.00836836015564179,-0.08995089976586063
2092.0,-633.8354332240864,-183.99087909359727,-633.6931986215258,-184.34972612771526,60.42193438381557,-5.1582042973396325,-0.0059518110193466835,-0.1039253186955892
2093.0,-624.8739227489386,-212.44430015501356,-625.1605009281334,-212.73947779862024,68.48140054026622,-3.7747362001383173,-0.0034022646380256353,-0.11664785775323205
2094.0,-614.6358306549274,-240.46370968428366,-614.776377859859,-240.8227020190942,75.5360337452687,-2.098133275940146,-0.00038993372298483646,-0.12774848114249024
2095.0,-603.1420727775572,-267.9918656332535,-603.8528973317046,-268.1524421403767,82.10866199872908,-0.41402123453481493,0.002625120423952252,-0.13807536432924258
2096.0,-590.4161302055788,-294.97252955668426,-590.8605699216497,-295.0859123742485,87.34686873959784,1.204690762111561,0.00553123406031047,-0.14625311260538704
2097.0,-576.4840013104692,-321.3505815041743,-576.6779736947641,-321.4960074559721,91.95157568134017,2.8467095504584647,0.008468031846446537,-0.1534080374468357
2098.0,-561.3741486332495,-347.0721326270581,-561.7368309931566,-347.1776564368765,95.86463189393999,4.502917545855616,0.011418491197353952,-0.15945287606582567
2099.0,-545.1174407371437,-372.0846352702387,-545.8643078059473,-372.37095646560573,99.18875006270707,6.086398844836275,0.014247221619598256,-0.16454898408476742
2100.0,-527.7470891448735,-396.3369903240335,-527.1912045495228,-395.8906140618663,101.78930659103828,7.519066281631479,0.01681542727184054,-0.1684592093585082
2101.0,-509.2985804894194,-419.77965161672904,-509.58334557901577,-419.74023968546453,104.40257134717815,9.069895074087333,0.01957573367192022,-0.17240270642285638
2102.0,-489.80960401686406,-442.3647271345703,-489.3577937727502,-441.9206903426295,106.67863375883898,11.056217295760534,0.023008707050908985,-0.17577747047460043
2103.0,-469.31997458942107,-464.04607686240075,-469.3244545099071,-464.0765955089424,108.67290114823669,12.69248914172458,0.02588425734568431,-0.17870609784083055
2104.0,-447.8715513459544,-484.77940704506847,-448.6385461255058,-485.5176255760766,110.57847920019408,14.670270534453985,0.029294581909321687,-0.18148557974620086
2105.0,-425.5081521861539,-504.5223606770317,-424.9439352075122,-504.1526571323113,111.48990991408478,16.374699317026753,0.03223548729418523,-0.18264597952311598
2106.0,-402.2754642530792,-523.2346040352929,-402.37812940648655,-523.1834164956958,112.84239007489988,18.193767079361084,0.03536369274976785,-0.18452215574193478
2107.0,-378.22095059694317,-540.8779090788832,-378.7989578618305,-541.4035355598699,114.05932867078496,20.145537469884097,0.038693173107973114,-0.18617020019745278
2108.0,-353.3937532108204,-557.4162315465614,-353.0448311787982,-557.1751737785056,114.78237868729319,21.96759398197298,0.04178622093828396,-0.18700555994895102
2109.0,-327.8445926363708,-572.8157845931728,-328.10064530377696,-572.5665438584045,115.73768186116662,24.308976355888763,0.04570114441486813,-0.18822048140398576
2110.0,-301.62566434467914,-587.0451078142385,-302.8880156881183,-587.7091512728066,116.59131241468015,26.388993100977626,0.0491970449840154,-0.18927029823473765
2111.0,-274.7905321038999,-600.0751315177588,-274.15025130486805,-599.6205458529853,116.79367182451192,28.43876364247636,0.05260523464913044,-0.18924041261752395
2112.0,-247.39401855154577,-611.8792361119288,-247.18818310999973,-611.5074807994648,117.21321504300374,30.48409939374398,0.05600606656990654,-0.18957793267043402
2113.0,-219.49209319498286,-622.433306487438,-220.15223429123907,-622.8678529023255,117.75030332714091,32.67926229946942,0.05963890701223557,-0.19010162669168276
2114.0,-191.1417580689325,-631.7157812832585,-190.79943091958197,-631.2686888367351,117.79558809863914,34.8261722324439,0.06315870510407713,-0.1898142166574119
2115.0,-162.40093128358123,-639.7076969352686,-162.38064226376946,-639.273085341992,117.82851677858594,37.05730289951023,0.06680768947440036,-0.18951858014554995
2116.0,-133.3283287012005,-646.3927264177287,-133.74935703447252,-645.930805031543,117.90929416720364,39.744661559674185,0.07116629053307955,-0.18929649477897278
2117.0,-103.98334398300365,-651.7572125984586,-104.8080346545849,-651.8784036272468,118.00437043639492,42.106987218403894,0.07499888866952477,-0.18909336977106297
2118.0,-74.42592725130189,-655.7901961395762,-74.58795866811654,-655.3234278243604,117.67233835749192,44.41375647585253,0.0787124170863602,-0.1881948198540746
2119.0,-44.71646261483571,-658.4834378867976,-44.895306555761174,-657.9924008809479,117.30857775385282,46.71347203669421,0.08240521491911049,-0.18725223176747635
2120.0,-14.915644807503375,-659.8314357015558,-14.858783323402092,-659.7767827372512,117.19045503415818,49.338475042843186,0.08660489023589295,-0.18669637713500423
2121.0,0.0,-660.0,-0.185646679954382,-659.6810833378589,116.77712389391104,50.37722478770368,0.08825693977324475,-0.1858588386875592
2122.0,0.0,-690.0,0.016626772440952092,-689.5777975958632,118.14492570281446,49.40793494657984,0.08708041132665605,-0.18803328564064536
2123.0,-29.889939546858795,-689.3522985483438,-30.583314009136505,-689.083697460417,118.58296017905137,47.19516190407828,0.08355262241915556,-0.18910519580662685
2124.0,-59.72376385535697,-687.4104101851743,-59.799248572032745,-687.0794980005315,118.98596436071087,44.746216327059564,0.0796304591032868,-0.19010440364059542
2125.0,-89.44546303763059,-684.1779806029889,-89.21168055316612,-683.7091588979351,119.18191010163123,42.27021970905552,0.0756485116433899,-0.190776474229589
2126.0,-118.99923770902443,-679.6610783505784,-120.13478139260657,-680.1967498473197,119.5308946975219,39.80242426122219,0.07167787682441192,-0.19171061484164365
2127.0,-148.3296037456064,-673.8681834399599,-149.31989349195078,-674.42893098859,119.72129711461541,37.41397527097295,0.06780590387211453,-0.19237107897632988
2128.0,-177.381496449813,-666.8101714260401,-177.69448152668045,-667.284722204069,119.52388889996455,35.00752130977799,0.06388841850847382,-0.19240439685452845
2129.0,-206.10037392866437,-658.5002929888982,-205.60053672595166,-657.9191281655966,119.16435720135803,32.68392085881659,0.06007559335695394,-0.19217394908517385
2130.0,-234.43231949047095,-648.9541490570175,-235.49487836112743,-649.707246454951,119.25082085462185,30.989927363946524,0.05727894828168358,-0.1926776754543211
2131.0,-262.32414286778743,-638.1896615181734,-263.3313154209389,-638.7960590128843,118.80984742101533,28.75069931341609,0.053581477135571584,-0.1923167565265089
2132.0,-289.7234800765824,-626.2270395729604,-290.5074744402173,-626.6157175946809,118.42446151817198,26.506023320633474,0.049859792025753684,-0.19203622149439933
2133.0,-316.57889172414747,-613.0887417941309,-316.4606073217899,-612.6077213417967,117.65817397246862,24.276592962025674,0.04613998785715296,-0.1911344843014309
2134.0,-342.8399595811807,-598.799433962971,-342.34018319417436,-598.214774604774,117.02744011805602,22.09253289905138,0.042487678278612474,-0.19044758665799927
2135.0,-368.4573812367459,-583.3859427618729,-368.1867954735715,-583.0113020031814,116.19387326837129,20.08885031869056,0.03911252189160149,-0.1894374665721416
2136.0,-393.38306265839697,-566.8772054100427,-393.6154455941414,-566.7787493473423,115.31877001387507,18.110001058651566,0.035764285845910175,-0.1883561204736236
2137.0,-417.57020848369797,-549.3042153368942,-416.7378837337999,-548.9307304723308,114.36848664763296,16.63028032099666,0.03319065294501458,-0.18712687739547518
2138.0,-440.97340987362736,-530.699963995124,-440.49504001345895,-530.2106895054077,113.19281081308861,14.658860091496786,0.029823776366787492,-0.18554668443850816
2139.0,-463.5487297629281,-511.0993789227061,-463.8269472025393,-511.0658169854309,111.92690588633916,12.75821956948822,0.02656434629123386,-0.1838176794071141
2140.0,-485.25378534735705,-490.5392581700889,-485.6906378043755,-491.00647374759075,110.62904310926093,11.063386520458181,0.023621269484105138,-0.18201983066850327
2141.0,-506.0478276529716,-469.0582012157003,-504.9640632074783,-468.6920417725011,108.44836820125927,9.19334371591946,0.020371719679718507,-0.1787852198776955
2142.0,-525.8918180380692,-446.69653649946093,-526.1766528456193,-446.6979024036798,106.56662771336113,7.1693369844128805,0.016881051289843862,-0.17605012688486438
2143.0,-544.7485014841602,-423.49624571035093,-545.0316233819761,-423.90065598395836,104.52664179458826,5.711782100758182,0.014282083385796049,-0.17303430476939952
2144.0,-562.5824765383708,-399.5008849701756,-562.8177918850653,-399.4887624444038,101.95837652669904,4.2878468271387105,0.01171684821349481,-0.1691646103669765
2145.0,-579.3602617759722,-374.7555030614987,-580.085631933946,-375.2301116069905,99.03460142771327,2.7785688145349696,0.009017662612745883,-0.1647227565406687
2146.0,-595.0503586582576,-349.3065568532591,-594.5735233483243,-348.86740721966186,95.26514266103561,0.9245902433179526,0.005744100747353773,-0.1589009093987992
2147.0,-609.623310667756,-323.20182408285507,-609.7280229562649,-323.37326050170276,91.45605484734106,-0.5692210776398542,0.003054400066360952,-0.15302415460216415
2148.0,-623.0517586097677,-296.49031365843257,-623.1139442994854,-296.8912878152085,86.6844356984584,-2.3552685854875812,-0.00011250682940828807,-0.14559382387674066
2149.0,-635.3104919763929,-269.2221736497825,-635.0308866968638,-269.087040510132,80.74875608200834,-3.983636376029583,-0.003044652522213825,-0.13629284283130735
2150.0,-646.3764962766254,-241.44859714057893,-646.766219630644,-241.71762365954157,74.74656788602296,-5.545505302279409,-0.00586563662861885,-0.1268837859277896
2151.0,-656.228996243656,-213.2217261187137,-655.9649742004086,-213.08816897998872,67.4447712726365,-7.017491419500267,-0.008558999450572062,-0.11537527258073062
2152.0,-664.8494948382638,-184.5945535851624,-665.1042221493703,-184.8182500272234,59.871977037174474,-8.450428964248724,-0.011185811314936534,-0.10343472434650625
2153.0,-672.2218079750759,-155.62082406516208,-672.1335385405246,-155.9260992870824,50.73209859666909,-9.487256468360341,-0.013189814925363573,-0.08897424386299509
2154.0,-678.3320949064959,-126.35493270848083,-677.8582732694804,-126.40658884175845,40.86843367845706,-10.98034424195501,-0.01592766256532698,-0.07334584424655824
2155.0,-683.1688842072612,-96.85182316820776,-683.1401992487903,-97.05926069932092,30.408602041493683,-12.085668745615132,-0.018046257081702478,-0.056763192761415934
2156.0,-686.723095310846,-67.16688444978482,-686.469926478953,-67.30307669646288,19.02491197283384,-12.929925374734433,-0.019754356417552,-0.03868626638993799
2157.0,-688.9880555572754,-37.35584692393804,-688.8595381996168,-37.37879045611555,7.929051190457383,-13.319726033637105,-0.0207412253561676,-0.02105592098610581
2158.0,-689.959512720348,-7.474677698727557,-690.6820869643693,-7.153198630983947,-3.499544587334885,-12.704455106120923,-0.020132163264708174,-0.00288906658503563
2159.0,-690.0,0.0,-691.2647431574973,0.05382660888016875,-6.242379174118095,-12.43984037463831,-0.01979928008199691,0.001469154466073698
2160.0,-689.6356429907456,22.420524452848507,-690.4285036006444,22.426416085702765,-14.235485324891014,-12.435305302047118,-0.020066058786170127,0.014200819414777492
2161.0,-688.0170544000451,52.27363441243906,-687.6079684557931,52.23188660169308,-25.422404927309717,-12.2595375339229,-0.020151342483652517,0.03203989795914354
2162.0,-685.1067856792024,82.02860608538568,-683.5014087606602,82.06279626188945,-36.3644056459652,-11.91679692161789,-0.019971192198508993,0.04950492590121356
2163.0,-680.9103005536531,111.62957762140782,-682.6021632628863,111.96866809924892,-45.86332617809339,-10.644525044020142,-0.0183125650168175,0.06463394050368207
2164.0,-675.4354774857379,141.02097628939188,-675.3698345333787,141.13180133586448,-56.58986696962805,-9.282760700414608,-0.016502409852286286,0.08179433452992187
2165.0,-668.6925948837142,170.14762280938584,-669.0000045899333,170.08230558316828,-65.19964411105673,-7.5602023492857215,-0.014115429128938642,0.09557523157421145
2166.0,-660.6943118051169,198.95483494593205,-660.0989238275597,198.73746748384147,-73.49076911575919,-5.623890902741267,-0.011384632738518361,0.10887997815174225
2167.0,-651.455644190702,227.38853016825087,-651.2141242251947,227.70902465782947,-80.64543364927924,-4.25294976030056,-0.009557526018181653,0.12037579231817583
2168.0,-640.9939366735862,255.39532718454083,-641.3810592774158,255.43918975843295,-86.83244134596991,-2.387827230862585,-0.006928701897553785,0.13034314617658851
2169.0,-629.3288300165102,282.92264615977695,-627.9397663664154,282.7065178348798,-92.67530264254287,-0.11068186429609651,-0.0036384547124899153,0.1398069638977187
2170.0,-616.4822242383599,309.9188074288564,-615.7985204372959,309.8205890681857,-97.32086608255212,1.5925890351190295,-0.0012596801766394847,0.1473493012564764
2171.0,-602.4782374991679,336.33312851977007,-602.5744631214919,337.04827689887395,-101.28746573827264,3.199038908625793,0.0009636074511396751,0.1538242953524119
2172.0,-587.3431608207892,362.1160193046485,-587.9943910047344,361.97312820849044,-104.41633657001752,5.346474749642396,0.004076103764043992,0.1589826096917644
2173.0,-571.1054087282545,387.21907510004377,-569.8463605898316,386.98336195624233,-107.83910866716467,7.5599206438599005,0.0072926126631516364,0.16465237911129615
2174.0,-553.7954659044677,411.59516754166765,-553.7291681998755,412.4078888340989,-110.23290920715112,9.136557311402647,0.00949053436321613,0.1686596178164003
2175.0,-535.4458299584004,435.19853306296864,-535.9737685218157,434.96106335780513,-112.03898442498523,11.321535032918442,0.0126918262959202,0.17175152569971056
2176.0,-516.090950414225,457.984858811448,-514.8648589805839,458.0156818177022,-114.11466808829273,13.206918832032455,0.01541015852163612,0.1753135990953016
2177.0,-495.76716403593394,479.9113658414097,-495.8043593350274,480.7657040265545,-115.48729194010996,14.984031076050925,0.017959901597478147,0.17773163122759242
2178.0,-474.5126266088619,500.93688942696036,-475.26222578936836,500.5919259524704,-116.57214700691105,17.03694603621408,0.020984406031991264,0.17970981064403377
2179.0,-452.3672413061851,521.0219563444823,-451.1021475256891,520.8639635445721,-118.17777433687557,19.31667275011088,0.024364432691715683,0.18256113373036134
2180.0,-429.3725837748832,540.1288589794855,-429.6658296024064,540.8420500620202,-119.00171509209173,21.211315154861886,0.027135178649199957,0.1841350061744954
2181.0,-405.5718240818065,558.2217261187137,-406.36568823436363,559.0004460867355,-119.83111290410307,23.132355730860642,0.029970224301208864,0.18574038998943054
2182.0,-381.009645666386,575.2665902945997,-380.54103416231976,575.1982495158414,-120.3935129392335,25.49698358113397,0.03353527235148171,0.18695175128311245
2183.0,-355.732161452145,591.2314515556366,-356.19228150164827,592.0043105787041,-120.74614647388746,27.479873381072135,0.036485316110244366,0.1878111834977899
2184.0,-329.78682727450314,606.086337542942,-330.21992840022267,606.6082224075491,-121.24442972119535,29.599454980191414,0.03967988128613175,0.18892230862030637
2185.0,-303.2223527874041,619.8033597602316,-303.44391339876046,619.5725938785175,-121.34359701917329,32.10299994095444,0.04350562253802066,0.18940806340628322
2186.0,-276.08861001602963,632.356765931556,-276.63089407073517,632.2883267995218,-121.64742153140924,34.24516014669188,0.04675924715828189,0.1902199934561294
2187.0,-248.4365397272841,643.7229883485082,-247.15662954053258,643.281335877602,-121.97075257112044,36.82235555039225,0.050726349952459115,0.19109556130647196
2188.0,-220.31805579382618,653.8806881161337,-219.48945532374046,653.6422794433198,-121.87988810026684,38.981408538068855,0.05403569931155319,0.19128978514164224
2189.0,-191.7859477311981,662.8107952144761,-191.30922828811148,662.832751938257,-121.75756316711629,41.19462847749207,0.05744559277932424,0.19144022143990103
2190.0,-162.89378159102571,670.4965443005468,-162.29882590473792,670.5516530851484,-121.57003553532219,43.6421846297381,0.06124646620763429,0.19149705155520125
2191.0,-133.69579939635423,676.923506183505,-133.74787183697563,677.2250378012146,-120.98819782810124,46.054517102603164,0.06500408382043511,0.19092069084329336
2192.0,-104.24681730791656,682.0796149139555,-104.58828115146777,682.4693606056734,-120.5836937177204,48.52455206204392,0.06887103947537039,0.19063401927266496
2193.0,-74.60212271251987,685.9551904365081,-74.65171695200341,686.035328480737,-119.97239117059898,51.139094892189455,0.07298854131697728,0.19002773334127399
2194.0,-44.81737042675338,688.5429567630703,-44.827367155338735,688.5116273918775,-119.39038475143931,53.43494439324875,0.07661217211827873,0.18946669935892185
2195.0,-14.948478210886142,689.8380556327542,-14.00078940573749,689.0948679410285,-118.51624281478342,56.03534833177222,0.0807437005956125,0.1884529915184975
2196.0,0.0,690.0,-0.3956380447555592,690.4606912724307,-118.10781472461304,57.24699205693776,0.08265536427559009,0.18796957994363822
2197.0,0.0,720.0,-0.22446436327827723,719.8039745842619,-119.36453454630039,56.945692119855075,0.08181646413752645,0.18997180802010258
2198.0,-29.95091433112378,719.3767738332464,-29.367993877762533,719.0573349305236,-120.55134580008962,54.564414329411754,0.07803568690087014,0.19150375678035225
2199.0,-59.849978124666016,717.5081742520268,-60.13425866936802,718.0528003798837,-121.1215675381914,52.09545009621687,0.07411851078795915,0.19203449925288338
2200.0,-89.64543060585551,714.3974361456588,-90.38028644334001,714.3783654571798,-121.47733874911842,49.446253410030636,0.0699471840144814,0.19223030443957065
2201.0,-119.28569037014665,710.0499447735473,-119.08077979232803,710.336385033173,-122.2854117529307,47.127192167147,0.06630578543770135,0.19316489840550194
2202.0,-148.71944468011017,704.473226442311,-149.5403883065878,705.3362869771754,-122.55341821866527,44.59465513619793,0.06233636363255693,0.19321840594439138
2203.0,-177.89573829721337,697.6769354763632,-178.39277309535785,697.5300957194258,-122.77544421978943,42.28210402827709,0.05875142644533341,0.1932184169263603
2204.0,-206.76406169470332,689.6728375045003,-205.55651911413122,689.4478270676586,-123.26635044433885,40.22453578215345,0.05557568819905212,0.193667044788112
2205.0,-235.2744384988808,680.4747890914375,-235.07202714278887,680.7138151251137,-123.30076504125309,37.73944512037293,0.05172750877782797,0.1933603416941477
2206.0,-263.3775120073897,670.098713749547,-263.911414109744,669.9706494079311,-123.13432390803821,35.205445773895796,0.047826094819079436,0.19274224721349978
2207.0,-291.0246306347389,658.5625743723323,-290.4921265023593,658.6684333275535,-123.4606744539622,33.17839766921492,0.04473836549534691,0.19293611697558305
2208.0,-318.1679321371397,645.8863421373582,-318.8400717269946,646.3171838975634,-122.99310006909847,30.69154788300394,0.04093168655001298,0.19184477271332845
2209.0,-344.760426470847,632.0919619324704,-345.5960463653726,631.6648910063981,-122.69815239845668,28.51814044924517,0.03765204741919409,0.19104766922043634
2210.0,-370.75607714056014,617.2033143651636,-369.6539664064913,617.1199616427094,-122.72277594597738,26.50735762315966,0.03462991851196265,0.19079222211940575
2211.0,-396.1098808970598,601.2461744208582,-396.3589103419013,602.0420195028437,-122.00720664144296,24.25882941101791,0.0312359338638595,0.1893263034760945
2212.0,-420.7779456461019,584.2481668416651,-421.34220528156135,585.032703622897,-121.3249784064842,21.971312593110767,0.027803550404236488,0.1879345337816368
2213.0,-444.7175664337008,566.2387183028787,-445.1964001291097,565.8816397682848,-120.35371230894607,19.9967156484468,0.02489542432013896,0.1860965740996735
2214.0,-467.88729937625425,547.2490064699939,-466.13004756038,547.037745689759,-120.09553575484274,18.12113542154293,0.02214112633692949,0.18542929953973353
2215.0,-490.2470334075213,527.3119060244369,-490.3560113332691,528.2242978394905,-118.96686962257127,15.761049973762505,0.01861534147102518,0.18333627687812087
2216.0,-511.7580597182529,506.46193175144873,-512.6618184664036,506.28509396331333,-117.4505065514047,14.029646407072397,0.01612841594444965,0.1806497314803157
2217.0,-532.3831387682523,484.73517878864936,-531.2212430001744,484.7584104431646,-116.61687729593557,12.162830200800874,0.013420922382800097,0.1790956725444114
2218.0,-552.086564754866,462.16926013871927,-552.0171667715562,462.9273838129247,-114.49735635692726,9.753621320041177,0.009853911350547022,0.17546766308585807
2219.0,-570.8342274262899,438.8032415543791,-571.4244549496515,438.5032065502634,-112.31013102105675,8.105689621501806,0.007530268829873771,0.17174890531544657
2220.0,-588.5936711326843,414.67757390839137,-587.3086224081,414.63578815431083,-110.67774587784113,6.360837684072135,0.005045554347413904,0.16895635070178042
2221.0,-605.3341510128693,389.83402316566577,-605.5497789159389,390.63056886893975,-108.12551596062163,3.996028596210877,0.0015758350587448072,0.16467095168056964
2222.0,-621.0266862193293,364.31559807869706,-620.8040354401295,365.0161269295548,-105.00170329103302,2.066206621621101,-0.001181872631153004,0.15951243093817064
2223.0,-635.644110089389,338.1664757315083,-636.0187328882544,338.0580279818259,-101.39602917028246,0.25061258799073355,-0.003741325175692813,0.1535874883563244
2224.0,-649.1611171756971,311.43192506100087,-649.9471374415742,311.4363699164642,-96.8404785145003,-1.5025113249254396,-0.006205473817519528,0.14616652350989215
2225.0,-661.5543070546083,284.15822848810296,-662.0237532404925,284.0952874057628,-92.03107297900122,-3.4991220347387046,-0.009048332960719337,0.1383642148807482
2226.0,-672.8022248366168,256.39260179439356,-673.2345006057643,256.3026961923881,-86.4201428476289,-5.438483233934324,-0.011794547063042617,0.12929684450439136
2227.0,-682.8853983087134,228.18311238290582,-683.0935402403678,228.16205908806887,-80.1958331496523,-7.453115803554193,-0.014656296763544865,0.11926980455577504
2228.0,-691.7863716443657,199.5785960646172,-692.0941748566173,199.47663665156983,-72.96768922852822,-9.030947740613668,-0.0168161846946869,0.10765562568354345
2229.0,-699.4897356227615,170.62857251468571,-699.7227864115193,170.55180902495866,-64.97314813021057,-10.71934411201324,-0.019149109399514332,0.09483849094930212
2230.0,-705.9821543050025,141.38315954479012,-705.5122007856999,141.1687827862677,-55.91015323478933,-12.080938978545618,-0.02095630180927529,0.08034338378029396
2231.0,-711.2523881210659,111.8929863399872,-711.150121119972,111.72590448717152,-46.33133921818321,-13.526731758170031,-0.022896766353142386,0.06502918032590374
2232.0,-715.2913133275653,82.20910581028666,-714.9339663223418,82.06416124388774,-36.34093658092735,-14.503673436885563,-0.024088350761138366,0.04908262004438678
2233.0,-718.0919378026275,52.38290620867946,-717.7964094313043,52.23160738216405,-25.508078428618955,-15.271834872693654,-0.02494555917933779,0.031806534553754595
2234.0,-719.6494131505415,22.46602216862823,-719.4137355802923,22.38252384671901,-15.482452144763556,-15.490313824592967,-0.02492771831462045,0.015830447397608343
2235.0,-720.0,0.0,-718.8241023472643,0.22499472077636595,-7.2540525859449865,-15.71110863708298,-0.02500776151469672,0.002741763984605569
2236.0,-719.9610430952212,-7.489754684974701,-718.2919569788872,-7.361914383939097,-4.205419155657768,-15.716325645009134,-0.02492314797071309,-0.00210376964655865
2237.0,-719.026288147956,-37.432565396626245,-718.8089415297336,-37.58438607602337,7.216485911833594,-15.591287493180886,-0.02435400978042254,-0.020288627652503735
2238.0,-716.8467665413641,-67.3105734576003,-717.0829040294572,-67.38394938374184,18.206771666129047,-15.931258087381075,-0.0245301353427561,-0.03775907195594926
2239.0,-713.4262514279353,-97.07205454446891,-713.2755012674712,-97.12971295813308,29.147302859217078,-15.243870938316272,-0.023071829157320603,-0.05512483899192487
2240.0,-708.7706643480097,-126.66548606341382,-708.7244707496296,-126.54083665213277,39.7954886668327,-14.464310460266363,-0.021470922888129636,-0.07201621670706805
2241.0,-702.8880649785036,-156.03963634530515,-702.9460407083201,-156.05423843958928,49.04214277668216,-13.200714542876632,-0.019098397693876914,-0.08666195551755093
2242.0,-695.7886371801266,-185.14365333713747,-695.8441802512862,-185.49433396112806,58.74005508223993,-11.33962832776391,-0.015775834936153532,-0.10200968603621292
2243.0,-687.4846713672483,-213.92715263628074,-687.4631499130041,-214.34666006826453,66.52413968637649,-9.931919760444236,-0.013182043511839096,-0.11429579920696814
2244.0,-677.9905432309309,-242.3403047151406,-678.2530069952328,-242.74406562172362,73.74293425246061,-8.434804052497276,-0.01045152760341852,-0.12567207122008894
2245.0,-667.3226888519661,-270.3339211852299,-667.7636243985468,-270.66419886845597,80.06370651249661,-6.822451456878606,-0.007543451632995689,-0.1356034295294232
2246.0,-655.4995762469986,-297.8595399513087,-655.7335770894839,-298.2458026215178,85.8289361548507,-5.331316719064658,-0.004832445836704166,-0.14463174582279892
2247.0,-642.5416733969951,-324.8695091081793,-642.5870906419719,-325.36891383363474,90.79021847832189,-3.52399391349219,-0.0016238262468186802,-0.15236686721847714
2248.0,-628.4714128134062,-351.3170694348926,-629.0560835077002,-351.7067937971554,94.95196045860564,-2.1282286157551566,0.0009201625198819392,-0.1588247714215396
2249.0,-613.3131527033676,-377.156435343553,-613.9474129150825,-377.7019572259937,98.48018944669592,-0.7132506254003369,0.0034905319964821458,-0.16425508678082296
2250.0,-597.0931348011652,-402.34287414258705,-596.7084309267918,-401.7663009420885,101.49713351396137,0.7488823259684662,0.006112304227808554,-0.1688455770494607
2251.0,-579.8394389389709,-426.83278347725286,-579.8313982706212,-426.89232796019064,104.23940259780663,2.510865554813446,0.009224305404210256,-0.1730033412881995
2252.0,-561.581934435492,-450.58376681333147,-562.5312986967591,-451.21768693183293,106.8547554375391,4.046839199942897,0.01196679539642367,-0.17695393076178265
2253.0,-542.3522283866902,-473.5547068333198,-541.4375166084982,-473.1094175668937,108.46522846579838,5.643778078415539,0.014776509990854262,-0.17925874321643898
2254.0,-522.1836109480889,-495.7058366180641,-522.379990586507,-495.71982587279416,110.29891718735944,7.487867409673508,0.017988378373704414,-0.18194375245354377
2255.0,-501.1109977033966,-516.9988084906062,-501.451301832432,-517.1329999729371,112.24679297685987,9.288517264574587,0.021116448187841287,-0.18478757997442888
2256.0,-479.17086921921344,-537.3967604030596,-480.35793820557797,-538.0231698350493,113.80649165028025,11.209310105386637,0.024429326284119132,-0.18701158765842157
2257.0,-456.4012078904646,-556.8643797515916,-455.84200250198796,-556.5026282221014,114.5780970225594,12.715039937004827,0.0270520871662843,-0.18793938975009936
2258.0,-432.84143218589605,-575.3679645090283,-432.7950736409541,-575.044277146698,115.71995959512942,14.748066944944307,0.030514829215174927,-0.18947446536514168
2259.0,-408.53232840745676,-592.8754815692599,-409.1126498026801,-593.5587715618371,116.74768500858197,16.729716767412974,0.033895469373226614,-0.19082010315979803
2260.0,-383.51598008171635,-609.3566222024346,-382.5972868061035,-608.993685071766,117.4192944472148,18.300434017189932,0.036584374485264824,-0.1915642698483722
2261.0,-357.8356951055454,-624.782854524939,-358.7442544804009,-625.500631306004,118.53411940337998,20.856611829234833,0.040854817950065014,-0.19304644143314903
2262.0,-331.5359307721846,-639.1274728933355,-330.8879046991859,-638.5849767305123,118.95062673724392,22.576489571640252,0.04375233201568825,-0.19336817748328033
2263.0,-304.66221680750124,-652.3656441367365,-304.9026364822151,-652.1469198149967,119.41761025299236,24.572531371198817,0.04709522395489879,-0.19379316395712146
2264.0,-277.26107654966336,-664.4744505475901,-278.8070792051231,-665.1259132802584,120.12534746079434,26.54228374995158,0.05038913561321493,-0.19459997112541472
2265.0,-249.37994640869172,-675.4329295564424,-248.55651057213421,-675.0163971720708,120.19948719888261,28.744947389134836,0.054015912162566224,-0.19434749028999942
2266.0,-221.0670937453162,-685.2221100219982,-220.84086850119024,-684.8976610185441,120.41732385221117,30.816128049286437,0.05743331413381902,-0.19435475537509478
2267.0,-192.37153331130074,-693.8250450736547,-191.79666841043854,-693.2339538170482,120.73977818274318,33.485771479078096,0.06178427796700779,-0.1945122538507813
2268.0,-163.34294239590199,-701.2268414496475,-163.51719097959696,-700.8340248674667,120.7792821622952,35.59354709693731,0.06523198491608802,-0.194228788394057
2269.0,-134.0315748253486,-707.4146852800251,-135.51342795418896,-707.9891533991103,120.84432331268596,37.72997221582052,0.06871983976326254,-0.19398934327389183
2270.0,-104.48817396423311,-712.377864269813,-104.92765400476138,-711.983428372126,120.57016988982963,39.96630961477709,0.07232799905514817,-0.1931784314059656
2271.0,-74.76388486942021,-716.1077862439648,-74.94251465954227,-715.8126070412769,120.38772152373747,42.263195253836095,0.07603050193415745,-0.19252082862464784
2272.0,-44.91016574855585,-718.5979940219964,-45.60671107569102,-719.1358288308933,120.2593945632828,44.74983408784268,0.08002880996242308,-0.19195731513312653
2273.0,-14.978698876447751,-719.8441765965525,-15.535615353927867,-720.006166958753,119.89222110254248,47.64559149486459,0.08464821002308857,-0.19100466052713344
2274.0,0.0,-720.0,-0.5973061607199152,-719.7777314202491,119.53786557940883,48.61828735625877,0.08619350592390489,-0.19025773712852045
2275.0,0.0,-750.0,0.016654139090070536,-749.5982011185157,120.92681236528354,47.6080323649451,0.08495084565078939,-0.19246079544002043
2276.0,-29.817386322694286,-749.4070479204764,-30.36389381668477,-749.0705956649375,121.21440064089649,45.17860647763886,0.08107783269271085,-0.1932905761430293
2277.0,-59.58762522878592,-747.6291292610218,-59.4978437820805,-747.0628512180034,121.57282229421106,42.58489588098974,0.07692522527687215,-0.1942178246162401
2278.0,-89.26364385142877,-744.66905527648,-89.26875376776793,-744.2367987238234,121.64068261013652,40.24313017502624,0.07316357881197239,-0.19469043119037063
2279.0,-118.79851830541149,-740.53150645225,-118.52372068782721,-739.7208590067595,121.90025715983187,38.22604011091575,0.06989797367712346,-0.19546184170342895
2280.0,-148.14554788346484,-735.2230251034771,-148.7774225848323,-734.9582209106529,121.93162599134484,35.9256948582987,0.06617853259984664,-0.1958822830157496
2281.0,-177.25832889967901,-728.7520050303074,-177.99506527732999,-728.4254434852934,121.89309650893505,33.440136543807625,0.06214263693100236,-0.19617878911735395
2282.0,-206.09082806326902,-721.1286782455653,-206.5839734507198,-720.8215654975547,121.68926269439207,31.16114666073729,0.058422387392102086,-0.19620450510862483
2283.0,-234.5974552666705,-712.3650987958368,-235.23482824516555,-711.9255886680539,121.58862596947891,28.846798020979914,0.05463003834465695,-0.19639522302775603
2284.0,-262.7331356728681,-702.4751237015458,-264.57998254654643,-703.2582071412609,121.4714102686023,26.88766063016719,0.05140582515879634,-0.19656805775435307
2285.0,-290.4533809879807,-691.4743910461551,-291.3513556971655,-692.3536662695002,121.39075671828714,25.246041682157653,0.04865955984007969,-0.19676756192294034
2286.0,-317.71435980639603,-679.3802952491425,-317.92693296464836,-680.069846526421,120.72793869272554,23.148708563438266,0.045171110901389595,-0.1960381246453789
2287.0,-344.47296691723346,-666.211959561849,-344.39264683280817,-665.7859159052996,119.89038126547077,20.906076213213172,0.041426915749821415,-0.19502923547842255
2288.0,-370.6868914625423,-651.9902058296868,-370.16038600752927,-651.4507356117255,119.11419769223755,18.92814175615214,0.03810337272613577,-0.19410947775677237
2289.0,-396.31468383946475,-636.7375215685229,-396.39037800917794,-636.337408842106,118.59846745771559,16.743623675100153,0.03444151171446842,-0.1936099055959599
2290.0,-421.3158212405784,-620.4780244072928,-421.35225415279655,-620.1264681087968,117.78257849164243,14.867651418241673,0.03125727418527261,-0.19261708539625133
2291.0,-445.6507717287829,-603.2374239530736,-445.73352911569776,-602.9697016418812,117.14786914731518,13.415388282675634,0.02873580716484486,-0.19190551091351746
2292.0,-469.28105674542,-585.0429811389091,-470.4681571969905,-585.4606985119793,116.41988191303464,11.548587253550691,0.025550268762973352,-0.19104980756416592
2293.0,-492.16931195278175,-565.9234651186725,-493.46858568985164,-566.6877118332129,115.1805542295203,9.738292291221113,0.022439182587321246,-0.1893590419185182
2294.0,-514.2793463148099,-545.9091077771205,-513.3266105562075,-545.3699174925225,113.4129609137068,7.755658217232103,0.019022644006185196,-0.18678903047444745
2295.0,-535.5761993225623,-525.0315559270691,-535.9249919383011,-524.9949706401379,112.01100744771168,6.062586215206312,0.016078504803508614,-0.1848345139971813
2296.0,-556.0261962739636,-503.3238212692777,-556.8734042642163,-503.9069800634367,110.63086216902356,4.389803788635935,0.013157924835954203,-0.18289449920174408
2297.0,-575.5970015204309,-480.8202281941651,-575.5306203688264,-480.8924417082526,108.93757604433661,2.858757377796563,0.010439330365199574,-0.18042804505309568
2298.0,-594.2576695961807,-457.5563595078932,-595.1988950503466,-457.96707421491527,106.92124289503961,1.242035829579796,0.0075854717514339635,-0.17745982800323143
2299.0,-611.9786941493708,-433.56900016863625,-610.8411303839665,-433.0894497212605,104.10499267709854,-0.7286020448445564,0.0041444285715797925,-0.17316919660331334
2300.0,-628.7320545977075,-408.8960791220006,-629.0635947514862,-409.02140068679915,101.4920767230817,-2.2401026511885993,0.001444039898138225,-0.16923378173040915
2301.0,-644.4912604347459,-383.57660932756636,-644.942923462078,-384.00093450126684,98.44375653715821,-3.7917728740947183,-0.001331944932693913,-0.1645767031811709
2302.0,-659.2313931168253,-357.6506260713797,-658.9121710584169,-357.25957115729216,94.4775850402835,-5.438245863151146,-0.0042798888328552075,-0.15843542618873255
2303.0,-672.9291454644092,-331.1591236619339,-672.5973974933089,-330.6731582234793,90.78284058817377,-6.964471029225147,-0.0070345547053099885,-0.15272266035546686
2304.0,-685.562858515526,-304.14399060974534,-686.1951745805565,-304.4280411541524,85.95035297751839,-8.171435255312812,-0.009276921169221545,-0.14519804905589778
2305.0,-697.1125557730403,-276.64794339300573,-697.3011356549099,-277.1178106177858,80.44293916797488,-9.70174353880155,-0.012046950099416096,-0.13656874214546674
2306.0,-707.5599747916009,-248.71445891405105,-707.2725113020537,-248.49108730893826,73.66725224503081,-11.6297539404411,-0.015466064660698175,-0.12590702064620646
2307.0,-716.8885960543206,-220.38770575344083,-717.1550759415532,-220.71724823105396,66.89152185336275,-12.832563377517346,-0.017720540789489002,-0.11524414229832194
2308.0,-725.0836690935279,-191.71247433035606,-725.2303859567863,-192.05171324507526,59.164393215132634,-14.376859259475204,-0.020529430050893242,-0.1030449332141901
2309.0,-732.1322358142883,-162.73410607973852,-732.2871594861432,-163.0345007182353,50.78187389305663,-15.577546185724344,-0.022795755659682858,-0.08979016347144317
2310.0,-738.0231509838155,-133.49842175816264,-737.961810770263,-133.5229152447694,41.08031987212095,-17.114660634904165,-0.025603576873203714,-0.07441915799072207
2311.0,-742.7470998543764,-104.05164899180103,-742.8673394823695,-104.21377008907,31.1126649198695,-18.265816823568453,-0.027794647155762943,-0.05861522030092449
2312.0,-746.2966128918206,-74.44034918104599,-746.4179934850837,-74.59924933768592,20.40822108481869,-18.85805147619601,-0.029099906112350353,-0.041622053570190734
2313.0,-748.6660775864498,-44.71134387736465,-748.6518810853032,-44.75508073899408,9.530051465412066,-19.22746587959358,-0.0300533481190344,-0.024336267263820852
2314.0,-749.8517473275492,-14.91164074880229,-750.2594953068242,-14.79166250587406,-1.7533654072059628,-18.788873218836127,-0.029722267389621734,-0.006397839969142188
2315.0,-750.0,0.0,-750.4324208288825,0.21729318866033656,-6.802845281797459,-18.574293264418163,-0.029564567058493033,0.0016365390375232764
2316.0,-749.8517473275492,14.91164074880229,-750.0149901273062,14.96227576511574,-12.385950461337055,-18.38666719561216,-0.029446532297055336,0.010527439171257877
2317.0,-748.6660775864498,44.71134387736465,-748.7091455657927,44.686729323994484,-22.609712069005948,-18.20978637969708,-0.02952905231148376,0.026815053782712844
2318.0,-746.2966128918206,74.44034918104599,-746.9440243739346,74.4674130906949,-32.914653161455114,-17.793160959750175,-0.02923069558762916,0.043237494305404224
2319.0,-742.7470998543764,104.05164899180103,-742.556464331612,103.8895974631286,-43.36029466821008,-16.482785251661237,-0.027505500568942635,0.05991598342987135
2320.0,-738.0231509838155,133.49842175816264,-737.4725552407485,133.57841385581352,-53.423680669193296,-15.542808402128216,-0.026373079077922343,0.07599462218956798
2321.0,-732.1322358142883,162.73410607973852,-732.323882478327,162.63750004965877,-62.271601294320185,-14.124551328160935,-0.024471738679222723,0.0901395808809474
2322.0,-725.0836690935279,191.71247433035606,-724.136711267948,191.51393658375355,-70.7474207782357,-12.371178966365022,-0.02203480882945936,0.10372953462084802
2323.0,-716.8885960543206,220.38770575344083,-716.5326526906091,220.7940427258321,-77.84687327429471,-10.965538073014535,-0.020156254531150716,0.11512179089989243
2324.0,-707.5599747916009,248.71445891405105,-708.1273019561426,248.63557813640492,-84.26236452594914,-9.061245008160947,-0.017466452516338157,0.12543530245294413
2325.0,-697.1125557730403,276.64794339300573,-696.4067972361709,276.38968511393637,-90.55843302696866,-6.854883881323666,-0.014294823515729058,0.13559934739610752
2326.0,-685.562858515526,304.14399060974534,-684.9010426620695,304.8228887707572,-95.88371581214312,-5.480333840597594,-0.012455379854460321,0.14421570884646293
2327.0,-672.9291454644092,331.1591236619339,-671.6077211142268,330.9958829306559,-100.08156303026514,-3.030126129673475,-0.008876293115932871,0.1510595931459106
2328.0,-659.2313931168253,357.6506260713797,-658.9899593940623,358.38731198887075,-103.87437821866985,-1.5906011091277754,-0.006920679977261491,0.15725057538607548
2329.0,-644.4912604347459,383.57660932756636,-645.2893453712768,383.23144706550073,-106.74254144229904,0.5319435322372146,-0.0038468107094819614,0.1619831899806772
2330.0,-628.7320545977075,408.8960791220006,-627.2750364001243,408.79830759133546,-110.23732159315834,2.6331275272298362,-0.0008157891652499685,0.16776592609422228
2331.0,-611.9786941493708,433.56900016863625,-612.0953461225769,434.3412244569231,-112.42431544638332,4.190342358631502,0.0013497718035888544,0.17143254017176385
2332.0,-594.2576695961807,457.5563595078932,-593.0046197652304,457.49217750325005,-114.49005205990899,6.4206302640426,0.004615856156336973,0.1749540657112337
2333.0,-575.5970015204309,480.8202281941651,-575.5192467092985,481.65384095887174,-116.0270168930089,7.946976151296167,0.00674920384772354,0.17761436410615022
2334.0,-556.0261962739636,503.3238212692777,-556.6198852980768,504.24916210528437,-117.79543664375414,9.972564419496914,0.009696303418164678,0.18066035152055565
2335.0,-535.5761993225623,525.0315559270691,-536.4572224648552,524.6172413015307,-118.7718217722552,12.195203881171109,0.012984296675181048,0.1824612483009032
2336.0,-514.2793463148099,545.9091077771205,-513.1156465552564,546.0836616078948,-120.58859689155297,14.141896631689924,0.015819655747315482,0.1856385993550587
2337.0,-492.16931195278175,565.9234651186725,-492.5148593931526,566.6700316129828,-121.25232302770172,15.947066486144985,0.018440552086922423,0.1869472495908262
2338.0,-469.28105674542,585.0429811389091,-470.3022605312658,584.7945859400866,-121.5820425365182,17.99818184799513,0.02148303264868256,0.18774405158310012
2339.0,-445.6507717287829,603.2374239530736,-446.0711156713901,602.719392354294,-122.46989747530522,20.074462743093548,0.02456801170783303,0.18945387477939543
2340.0,-421.31582124057815,620.4780244072929,-419.775105630686,620.4219077458376,-123.54149528195632,22.336730467920415,0.027951720392120245,0.191481422180327
2341.0,-396.3146838394646,636.737521568523,-397.0191002415986,637.5055965333232,-123.7464440622478,24.185518184510553,0.03068493395723363,0.19208630047561812
2342.0,-370.6868914625423,651.9902058296868,-371.2481535291184,652.9243144736678,-124.16097502108077,26.560014021925117,0.03427522883567041,0.19306166307249273
2343.0,-344.47296691723346,666.211959561849,-345.4861767392811,666.0574691795523,-124.44975810994936,28.645101964321032,0.03743290797441402,0.19383678186408698
2344.0,-317.71435980639603,679.3802952491425,-317.91570247970327,679.9511529354794,-124.36576898882377,30.83394196856384,0.0407463994695033,0.19404076387645167
2345.0,-290.4533809879807,691.4743910461551,-291.08271154633036,692.0595538152902,-124.68110674050037,32.902012560898555,0.04388954478674856,0.1948712624076865
2346.0,-262.73313567286823,702.4751237015458,-262.6872838139872,701.9323425491307,-124.63953574424079,35.38082772573676,0.04771378987591639,0.19515285814534306
2347.0,-234.59745526667032,712.3650987958368,-235.24471594551312,712.3347292342138,-124.38403605884046,37.63692084249728,0.051177075844471724,0.19508230615063782
2348.0,-206.09082806326902,721.1286782455653,-206.90984077460303,721.2123544713249,-124.27799473869875,40.00809835489741,0.05484219802950286,0.19526055259543146
2349.0,-177.25832889967873,728.7520050303075,-176.37093211616968,728.2312999977115,-124.33536036088356,42.575790224221,0.05884284572745592,0.1957258620046214
2350.0,-148.14554788346447,735.2230251034772,-147.4949785750396,735.0364376596763,-124.01566558405791,44.527033558792446,0.061865003609848535,0.19557069498413696
2351.0,-118.79851830541129,740.53150645225,-117.99629540109747,740.4367992034076,-123.53151949126186,46.99264805884675,0.06572301288295623,0.19516142211822493
2352.0,-89.2636438514286,744.66905527648,-88.29773111233472,744.279250411047,-122.973008960771,49.51406069173021,0.06968890732823596,0.19463624251240977
2353.0,-59.58762522878572,747.6291292610218,-59.84186834559091,747.9497230186856,-122.25381498727204,51.84692411365515,0.07335682260136303,0.19384010793249012
2354.0,-29.817386322694286,749.4070479204764,-30.255892491195578,749.8507440448999,-121.62667967269442,54.38645899522126,0.07737533614398331,0.19320432972311344
2355.0,0.0,750.0,-0.02641260184570256,750.1697696021298,-120.67936874860756,56.945977468312556,0.08144502921591379,0.19206685718108663
2356.0,0.0,750.0,-0.034381556814405335,750.2148383195148,-120.68864750298464,56.58388308976405,0.08086818615843681,0.19208152718175978
2357.0,0.0,780.0,-0.3147823740444123,779.8712720905583,-122.06625966702603,56.29895463591108,0.08005150690001227,0.19427063097626532
2358.0,-29.876132278227477,779.4276212196318,-28.921018371499972,779.165074187264,-122.91462121416373,54.170516662968055,0.07667264144199164,0.19527050051762582
2359.0,-59.70841721246661,777.7113249233175,-59.86989023683748,777.9576328386203,-123.64734529918992,51.538659136173976,0.07249869759440283,0.19605763712404947
2360.0,-89.45307181075243,774.8536300125465,-90.0496519629013,775.1920265469371,-124.02449135771862,49.19892970778721,0.06880877285937544,0.19628827299576415
2361.0,-119.06644169072212,770.8587305486718,-117.63876130533633,770.1415586237381,-124.68035937523625,46.88328586620844,0.06518516416474064,0.1969942362921526
2362.0,-148.50506514844125,765.7324895975468,-148.31368516144843,765.851929924348,-125.07222210975851,44.45412298521901,0.06137156633020023,0.19724223024399645
2363.0,-177.72573694444733,759.4824306246677,-178.83370052635235,759.5133076443459,-125.26878251430698,42.002586860810396,0.05754745434162265,0.1971812880438027
2364.0,-206.68557171339623,752.11772645345,-206.4309624121053,752.2919021473987,-125.92767007648551,39.984522396022854,0.05442404534834331,0.19789195725080097
2365.0,-235.34206690425003,743.6491858028459,-235.92428335641583,744.1777738664808,-125.91222112813624,37.49548975197447,0.050562000369096985,0.19750616558436906
2366.0,-263.6531651586321,734.0892374240581,-262.7369124534189,733.8103799939325,-126.05472933008542,35.36972447220108,0.04730570903930563,0.19740460089093348
2367.0,-291.57731603579964,723.4519118596339,-291.6032708698472,723.8466028775289,-125.95220210209096,32.84805534697401,0.04341437408612109,0.1968878982311569
2368.0,-319.07353699364523,711.7528208517091,-320.1565088054472,711.6530141856289,-125.66139792663112,30.766227853192273,0.04025037727303021,0.19607537828082072
2369.0,-346.1014735362285,699.0091344296234,-344.9430966135469,698.9992649050437,-126.14544871884955,28.576133663731852,0.036919704236290346,0.19654220837526332
2370.0,-372.621458439565,685.2395557105351,-373.5106863453969,686.0150331559588,-125.59778661145351,26.382904845889428,0.033588089693358976,0.1953207105634677
2371.0,-398.59456996874616,670.4642934500168,-397.60251467201596,670.6055593861543,-125.48741588045885,24.39022218199973,0.030605356140857236,0.19484999812143602
2372.0,-423.9826890009526,654.7050323829209,-424.38860749579345,655.4355083775713,-124.813502435143,21.954515384221327,0.026914595576120203,0.19344938300892417
2373.0,-448.74855497052414,637.9849013980397,-448.962761604027,637.2997752913849,-124.15588361615056,20.02552953340914,0.024066627074110152,0.1921017911531058
2374.0,-472.8558205539776,620.3284395932727,-470.9839668298314,620.193417673881,-124.17214106779765,18.207219432862512,0.021382197766012828,0.1918579725880375
2375.0,-496.26910501471656,601.7615602611156,-496.70745574007015,602.6201454035405,-123.22349269680105,15.908339388427946,0.017938635928290227,0.1900331169422065
2376.0,-518.954046129141,582.3115128573309,-519.2281262820894,581.2265961452586,-121.77424233081383,13.857627740876987,0.014936833190030531,0.18745075330579739
2377.0,-540.8773506179485,562.0068430086138,-539.3887866449837,562.0448675115189,-121.53136801278566,11.950548217103181,0.012136539969445926,0.18681729976263062
2378.0,-562.0068430086138,540.8773506179485,-562.4504892237259,541.8439512135457,-120.14855869694134,9.718699333611404,0.008831842222896518,0.18433405433709002
2379.0,-582.3115128573311,518.9540461291408,-582.9671440932069,518.4080376624761,-118.61938419054177,8.121994030717401,0.006577625804195499,0.18164903060606544
2380.0,-601.7615602611156,496.26910501471656,-600.315397621677,496.3030524182402,-117.7959876178626,6.219329904149812,0.003820160950925219,0.18012609066907626
2381.0,-620.3284395932727,472.8558205539776,-621.0422203008089,472.3773564094524,-115.1803534305011,4.184902024947601,0.0008752857674728235,0.1757093387316372
2382.0,-637.9849013980397,448.74855497052414,-636.4942932992384,448.7137072886492,-113.86388972991085,2.3950820194568156,-0.0016834931749039159,0.17342488055932606
2383.0,-654.7050323829209,423.9826890009526,-653.0481236254983,423.9186619406828,-111.67537679199484,0.44051728189776096,-0.004490615322950474,0.16973901972751151
2384.0,-670.4642934500171,398.5945699687459,-670.4662569741377,399.42829244874457,-108.8784221804965,-1.8170338078767359,-0.007783686584384931,0.1650742088006923
2385.0,-685.2395557105351,372.621458439565,-685.5905729727392,372.4159049006207,-105.51348726814085,-3.4648859874849642,-0.010075504805598276,0.15953352146812724
2386.0,-699.0091344296234,346.1014735362285,-697.4805358816483,345.8442682595205,-101.90353594272854,-5.162391163075807,-0.012451746088712325,0.1536424894373405
2387.0,-711.7528208517091,319.07353699364484,-711.5918987583658,319.77042169902876,-97.62735128903746,-7.566433157563947,-0.015958572065478283,0.14666390870693122
2388.0,-723.4519118596339,291.5773160357995,-723.2193229054606,292.1177731934043,-92.89614196807679,-9.418532430001994,-0.018567618372474955,0.13899155445650963
2389.0,-734.0892374240581,263.6531651586321,-733.703543152113,264.1630652787714,-87.40294898345208,-11.154895058138608,-0.020988764775709687,0.13012046632696866
2390.0,-743.6491858028459,235.34206690425003,-743.3297421454145,235.70406077077612,-80.99455842522468,-13.022796360344964,-0.023613085374106137,0.1198033041829944
2391.0,-752.11772645345,206.68557171339623,-751.221598829666,206.43603615932716,-73.75623950889137,-14.22362448685258,-0.025165817992078933,0.108186510476181
2392.0,-759.4824306246677,177.72573694444714,-758.8558709635287,177.43715724553863,-66.0996663318147,-16.042957149745,-0.02770622737301333,0.09590719906970267
2393.0,-765.7324895975468,148.50506514844125,-765.8097653538485,148.38149999711487,-57.36863699048584,-17.53166264585565,-0.029719731912085913,0.08192617013422854
2394.0,-770.8587305486718,119.06644169072212,-770.3791748608215,118.89829985256269,-48.29423010938584,-18.867338272837817,-0.031484445743783424,0.06742784159241877
2395.0,-774.8536300125467,89.45307181075206,-774.6371199672784,89.3715654328035,-38.456134682128436,-19.911367578353033,-0.03278445687543319,0.05171787947563624
2396.0,-777.7113249233175,59.70841721246641,-777.6789426282543,59.58035143736742,-28.070462618171742,-20.70098245995085,-0.033676315801291413,0.03515131589292796
2397.0,-779.4276212196318,29.876132278227477,-779.5510474659263,29.750773336777698,-17.697733153283597,-20.611175025198204,-0.03316806079586959,0.018619676598850485
2398.0,-780.0,0.0,-781.2777914285131,-0.6441988859312296,-6.95271426719443,-20.57820905329181,-0.03274334742181836,0.0014973005190170384
2399.0,-780.0,0.0,-778.5401390038583,0.11159062256361822,-7.6020456856636445,-21.446965384715906,-0.03413527220031028,0.002564271523534272
2400.0,-779.4276212196318,-29.876132278227477,-779.0297881370183,-30.06272446579915,2.557340622490768,-21.78302883990898,-0.03430058978288966,-0.01361089069334477
2401.0,-777.7113249233175,-59.70841721246641,-777.4789566695257,-59.89564006523062,14.325289390191521,-21.60503934362445,-0.03365194779336174,-0.03232116986675255
2402.0,-774.8536300125467,-89.45307181075206,-774.6135610999837,-89.61741204942281,24.39306275774926,-21.96612043499144,-0.033862624463676355,-0.04830943641870542
2403.0,-770.8587305486718,-119.06644169072212,-770.8056384339607,-119.22960917389183,34.485330064317985,-20.782415126690776,-0.031616039179042946,-0.06432514318157148
2404.0,-765.7324895975469,-148.50506514844125,-766.07532743662,-148.79906032711165,44.7867864011025,-19.364793155316978,-0.028997687471163252,-0.08066248816156188
2405.0,-759.4824306246677,-177.72573694444714,-759.268570729806,-178.14430652745378,53.931460048436215,-17.845564086923154,-0.026220368877819436,-0.09513332613618809
2406.0,-752.11772645345,-206.68557171339623,-751.9885875799033,-207.08581007015968,61.77881768825004,-16.557064651165664,-0.023815212525369014,-0.10753362596591366
2407.0,-743.6491858028459,-235.34206690425003,-743.7865316089473,-235.67651907861895,69.16695249106563,-15.046134691865776,-0.021060343170899873,-0.11919175734992525
2408.0,-734.0892374240581,-263.6531651586321,-734.664375263145,-263.970726399768,76.38528741204905,-13.601038582206847,-0.018413882890482677,-0.13056837538430746
2409.0,-723.4519118596339,-291.5773160357995,-723.9855570467315,-291.8632141577109,82.2718852029441,-12.089297054686119,-0.01566627298178648,-0.13980640355146534
2410.0,-711.7528208517091,-319.07353699364484,-712.1435545272288,-319.4025779739759,87.4018295198644,-10.617940648376335,-0.012987262689104957,-0.14782593482611203
2411.0,-699.0091344296234,-346.1014735362285,-699.1993074511041,-346.3657880494946,91.90554695124392,-9.341297114736852,-0.010625203697346843,-0.15483529589826808
2412.0,-685.2395557105351,-372.621458439565,-685.9715340650251,-372.8527574262307,96.20543786787744,-7.412662511664575,-0.007231301196986748,-0.16151678465784772
2413.0,-670.4642934500171,-398.5945699687459,-670.73133986254,-399.082387347026,99.72112771398933,-5.933587570734336,-0.004556046750408457,-0.16692553258676926
2414.0,-654.7050323829209,-423.9826890009526,-653.8184698509915,-423.3811099136501,102.45089152641721,-4.764501848683693,-0.0023978032387117912,-0.17106295516878112
2415.0,-637.9849013980397,-448.74855497052414,-637.4389678420252,-448.20040123686044,104.94083390345723,-3.2141658354082128,0.00037359434846080924,-0.17482522222523716
2416.0,-620.3284395932727,-472.8558205539776,-620.3744114042153,-472.9868789710674,107.55812304861234,-1.2599767462758236,0.0037873422015540195,-0.17878177811501098
2417.0,-601.7615602611156,-496.26910501471656,-602.2662161656885,-496.7736812705807,109.82602448478515,0.3734780250284042,0.0066783825357032214,-0.18216948477930447
2418.0,-582.3115128573311,-518.9540461291408,-580.9852201275653,-518.4772901818795,111.03988704114359,1.9045714277642867,0.009380996879049043,-0.1838407792589455
2419.0,-562.0068430086138,-540.8773506179485,-562.1011798134024,-540.8222332099881,112.85177380295643,3.644772234680939,0.012424270394049471,-0.18649321427417737
2420.0,-540.8773506179485,-562.0068430086138,-542.3285798724199,-562.7055485799377,114.37889491337239,5.378667347028805,0.015451854543041463,-0.18868154851333943
2421.0,-518.954046129141,-582.3115128573309,-519.1807593018187,-582.1771942372272,115.61083400933633,7.405182056374412,0.01891562159156637,-0.19035874974989853
2422.0,-496.26910501471656,-601.7615602611156,-497.4360714032737,-602.5555930564708,117.02059533459284,9.001697729084212,0.021706128899412935,-0.19233614798206194
2423.0,-472.8558205539776,-620.3284395932727,-472.57191268761125,-619.897022640447,117.55126028223167,10.560675792796623,0.024399699567187502,-0.19287621680023617
2424.0,-448.74855497052414,-637.9849013980397,-448.9393572565302,-637.9868111822835,118.62961708227847,12.370014283042869,0.027500896361191247,-0.19430304768644324
2425.0,-423.9826890009526,-654.7050323829209,-424.9660336178836,-655.4121628978656,119.4953947798357,14.528489900890913,0.031149624812156735,-0.19538737504406445
2426.0,-398.5945699687463,-670.4642934500167,-398.49485613620226,-670.1930187127216,120.31679178004417,16.51031171004258,0.03448481292486838,-0.19637047717982528
2427.0,-372.621458439565,-685.2395557105351,-373.72989540545785,-686.0580854471208,120.985310890441,18.507571757952032,0.03785785005940738,-0.19713116258731694
2428.0,-346.1014735362285,-699.0091344296234,-345.449705551416,-698.5736810618519,121.3162590219768,20.21598364707843,0.04073015018927871,-0.1973115361797995
2429.0,-319.07353699364523,-711.7528208517091,-318.9547079863957,-711.3576579814941,121.76145715866141,22.20541331505363,0.04405299086371526,-0.1976956075044921
2430.0,-291.5773160357995,-723.4519118596339,-292.75896940894,-723.9176389327137,122.47973374266411,24.180924731220955,0.04735093667985914,-0.19851796169331218
2431.0,-263.6531651586321,-734.0892374240581,-264.9924160500381,-734.8047755266924,122.94105132118433,26.62042855491025,0.05136686206868492,-0.19891211519717347
2432.0,-235.34206690425003,-743.6491858028459,-234.90495349886507,-743.0371699893991,122.7742573933001,28.638760994640624,0.054679959826190554,-0.19827817407854953
2433.0,-206.68557171339623,-752.11772645345,-206.62511382283552,-751.653145819937,123.01907105648657,30.815346239195218,0.05824962245576112,-0.19832146469556877
2434.0,-177.7257369444475,-759.4824306246677,-178.06165747717435,-759.7726838669097,123.32857476837796,32.94961415216551,0.061745855100263244,-0.19846423927713178
2435.0,-148.50506514844162,-765.7324895975468,-148.40521054125608,-765.2219642480349,123.12264460759855,34.83510264034601,0.06481344041962485,-0.19777328954586212
2436.0,-119.06644169072176,-770.858730548672,-119.93417352994793,-771.4121254873007,123.34121961691265,37.631094524538106,0.06933921044852871,-0.19777247845966464
2437.0,-89.45307181075206,-774.8536300125467,-89.21291687126835,-774.325954599305,122.92813503089349,39.79385248214618,0.0728170322312605,-0.19673879152500495
2438.0,-59.70841721246641,-777.7113249233175,-59.83681311960569,-777.1558305476866,122.69892537154458,41.93056589665381,0.07625237466412492,-0.1960142246764071
2439.0,-29.876132278227477,-779.4276212196318,-30.95390959195233,-779.7377333018159,122.62796556492778,44.36157715879741,0.08015306974793229,-0.1955475605006314
2440.0,0.0,-780.0,0.06899602666859227,-779.5054321190169,122.0565041170521,46.6027540360516,0.0837171685452313,-0.19425811467498433
2441.0,0.0,-780.0,0.2566414384939127,-779.4196624610146,122.10527048563411,47.024782770162496,0.08438779771816224,-0.19433343067288106
2442.0,0.0,-810.0,0.08370789472001605,-809.4811057944481,123.3917952434983,45.824178254769,0.0828451379658943,-0.196383116331542
2443.0,-29.930714505207458,-809.4468187158485,-30.1165929964147,-809.1126095449125,123.62223068262762,43.545454262621575,0.07921392312939961,-0.19711972798925922
2444.0,-59.8205472546481,-807.7880304424883,-59.923659164304674,-807.3208896734269,123.80672663366113,41.07879075980423,0.07526616309056373,-0.19777840874585337
2445.0,-89.62867233211597,-805.0259008851716,-89.47536206349874,-804.475472835059,124.03701017099148,38.63273291182091,0.07133829337178507,-0.19850683528233745
2446.0,-119.31437542425675,-801.1642027806282,-120.13146625351474,-800.8267098898323,124.21632138436075,36.87255699045664,0.06849220008501791,-0.19916766241827596
2447.0,-148.83710943142165,-796.2082107439605,-149.25952163173875,-795.8229134138811,124.25383817574188,34.47817390592365,0.06462013968973487,-0.1995841027502483
2448.0,-178.15654985013137,-790.1646940641537,-178.15978929542766,-789.721856921023,124.18267543219223,32.201976330443316,0.06092273926046806,-0.1998247845202888
2449.0,-207.2326498514927,-783.0419074580419,-208.21143308689525,-783.7807802749663,124.31519898472943,30.002886695257214,0.05735001919853953,-0.20040374397115346
2450.0,-236.0256949803529,-774.849579795357,-237.92425249448948,-775.7560845001226,124.12144213601077,27.86857094537167,0.05385487194995592,-0.200459262462042
2451.0,-264.4963574004675,-765.5989008102638,-264.1424199294643,-765.2329559497093,123.8233657752782,25.972392731357644,0.05070813412264686,-0.20030595238504909
2452.0,-292.605749611594,-755.3025058175281,-292.43670076252033,-754.9296572732642,123.45460460624481,23.688338350304154,0.04694676445292181,-0.20006557004609365
2453.0,-320.3154775651393,-743.9744584541977,-321.75082160258154,-744.6028540767444,123.40824059200001,21.531249566662225,0.04338717894828372,-0.20035078866827036
2454.0,-347.5876931058131,-731.6302314703645,-348.7771414881284,-732.5602212474423,122.8501109399631,19.655945467335957,0.040255053978646094,-0.19979348834463118
2455.0,-374.3851456676537,-718.2866855952501,-373.4034398563111,-717.7363366994282,121.86723187900152,17.486933599402725,0.0366214166626793,-0.19853078534252197
2456.0,-400.671233153821,-703.962046507478,-400.3966572829651,-703.4944957316437,121.75560115605926,15.818172521989455,0.033791081479618075,-0.19868370473047325
2457.0,-426.410051930658,-688.6758799409876,-425.9018156564072,-688.3448961751064,120.85679609208887,13.807995154169731,0.0304062480990442,-0.1975655730250722
2458.0,-451.5664458677372,-672.449064960596,-453.12672155826493,-673.246178382948,120.29957811989622,11.930321556541614,0.027232924166101367,-0.19701215576252462
2459.0,-476.10605435690326,-655.3037654437074,-477.27752866036764,-656.1980620499348,119.53821684616055,9.988139926826205,0.023933058280355836,-0.19609618593997719
2460.0,-499.99535924473236,-637.2633998071215,-499.68476627300544,-636.6368577624211,118.07451910318316,7.961189843430827,0.020467501490395067,-0.19404105946125844
2461.0,-523.2017306142978,-618.3526090202932,-523.6619618349555,-619.1756057908553,117.71914307022128,6.785621110071443,0.01838267826262274,-0.19376910900180366
2462.0,-545.6934713537113,-598.5972229487339,-544.6513478852094,-597.9842074840685,116.03209442874652,4.662296551965924,0.014743771790353554,-0.19134114413806666
2463.0,-567.4398604505657,-578.0242250735195,-566.1307658399006,-577.6236095106119,114.7209639568337,2.915579967353756,0.011714430313120701,-0.18951747303060762
2464.0,-588.4111949531416,-556.6617156351027,-588.6181150493435,-556.5970697246994,113.4722414967023,1.1304785080677124,0.008615841639133986,-0.18780547146551674
2465.0,-608.5788305410672,-534.5388732517655,-609.4525972678089,-535.1458930784281,112.19153932921331,-0.4285256303056045,0.005871897511469414,-0.18602232999818222
2466.0,-627.915220650015,-511.6859150651333,-628.909001864939,-512.3302095813524,110.63634861313558,-1.807470858857488,0.0033978149608790437,-0.183785449158305
2467.0,-646.393954096994,-488.1340554671977,-645.5668706365087,-487.64421368929965,108.31285827603881,-3.7351851483142675,2.743365853812624e-05,-0.18029150790148574
2468.0,-663.9897911548491,-463.91546346520926,-664.4376129771841,-464.01616013104785,106.09347556959317,-5.355316781775616,-0.002840458051631664,-0.1769903600875512
2469.0,-680.6786980266932,-439.0632187426839,-681.3738383897343,-439.5640293000565,103.64034573652323,-6.924159741684938,-0.005636813754599922,-0.17329350019092174
2470.0,-696.4378796731818,-413.6112664765344,-695.5262140869627,-413.1494229753146,100.32635759623508,-8.760879750511613,-0.008883543406460652,-0.16819244801339703
2471.0,-711.2458109477953,-387.5943709720421,-711.6407535819081,-387.9056061513256,97.37146565823006,-9.839946159616213,-0.010910091275596738,-0.16368694575906012
2472.0,-725.0822659976005,-361.04806817899606,-725.5397986600178,-361.369583744541,93.63861764990122,-11.425456715336411,-0.013758495644787266,-0.15791615486370073
2473.0,-737.9283458893315,-334.00861715386213,-737.47651545922,-333.5890661517197,88.83786927950295,-13.454862246334535,-0.017328622108050543,-0.15042171517361597
2474.0,-749.7665044230604,-306.51295053427145,-750.2971888078523,-306.8936655548257,84.13528225397762,-14.727971807759658,-0.019681776752922715,-0.14309432990798193
2475.0,-760.5805720981958,-278.5986240934819,-760.6222920816862,-278.9632871558791,78.09505304783244,-16.230116401259483,-0.02241457671239181,-0.13360745781200561
2476.0,-770.3557781990744,-250.30376544370742,-770.3017008089788,-250.83292145053815,72.16209700587778,-17.522114867950958,-0.024815367962445194,-0.12428340845585523
2477.0,-779.0787709699836,-221.66702195838698,-778.5999185861492,-221.53474452248966,64.76289030340648,-19.22438022049984,-0.02788342139357268,-0.11260883328727933
2478.0,-786.7376358520522,-192.72750798452103,-786.8589746932271,-193.04620312417896,57.357483251227585,-20.619204871002882,-0.030452252165949757,-0.1009239103437436
2479.0,-793.3219117571065,-163.52475141717804,-793.2299447304935,-163.8399308439843,48.33108351796758,-21.799795692421952,-0.032688909240203706,-0.0866359740822345
2480.0,-798.8226053562561,-134.0986397091453,-798.8623868638476,-134.33108444512172,39.339301680541794,-23.07774119258019,-0.03508421671502504,-0.07239408918193632
2481.0,-803.2322033637016,-104.48936538946458,-803.1700141853365,-104.49696936814668,29.240020859123216,-24.019294894903613,-0.036948123572113176,-0.05637333993286121
2482.0,-806.5446827989778,-74.73737116527485,-806.649574569777,-74.8411854636215,19.103223310287742,-24.658779759315753,-0.03832908892509423,-0.04028273964430244
2483.0,-808.7555192136215,-44.8832946819358,-808.5307979494286,-45.00259699580466,8.026436943409513,-24.56066989105462,-0.03853837460356763,-0.022676525897381315
2484.0,-809.8616928710227,-14.967913016895272,-807.8349110254971,-15.219152842079863,-2.5643063552724397,-24.09563555839449,-0.03816300650861789,-0.005812311919076717
2485.0,-809.8616928710227,14.967913016895272,-808.3076257246022,14.766642601380779,-13.204481698950497,-23.73668022542044,-0.03795894657600678,0.011116263769936349
2486.0,-808.7555192136215,44.8832946819358,-808.6874118984707,44.7672452589321,-23.371903995579732,-24.655055160439236,-0.03978800224806449,0.02729356770908117
2487.0,-806.5446827989779,74.73737116527485,-806.1818130340636,74.70587340428719,-33.34801955193686,-23.16749446955389,-0.03778713344371728,0.04320173474690087
2488.0,-803.2322033637016,104.48936538946458,-803.0256843525063,104.39960133829128,-43.01783031012073,-22.40160426544713,-0.03693183960566904,0.05863036957852256
2489.0,-798.8226053562561,134.0986397091453,-798.0837580807538,133.88499670203967,-52.74713259241674,-21.142019297727103,-0.03528825470420838,0.07417555872612949
2490.0,-793.3219117571065,163.52475141717804,-793.0194121773201,163.6809693588709,-61.389702465388126,-20.040574219675456,-0.03390016088583772,0.08799265879602271
2491.0,-786.7376358520522,192.72750798452103,-786.8833839967433,192.67063417283066,-69.51996245915909,-18.385501128312992,-0.03162106588766418,0.10100751723299475
2492.0,-779.0787709699836,221.66702195838698,-778.611533146885,221.43693021406753,-77.27116379075085,-16.537935515303747,-0.029032873934907815,0.11344524243417836
2493.0,-770.3557781990744,250.3037654437074,-770.6422550194485,250.44884497147427,-83.43715918755393,-14.951566390595243,-0.026863397190218043,0.12335632843203674
2494.0,-760.5805720981958,278.5986240934819,-760.135159707975,278.2981985695435,-89.61502984641722,-12.868530031704426,-0.02388921213663012,0.1333173950746733
2495.0,-749.7665044230604,306.51295053427145,-749.6329224363602,307.22284856477245,-95.31414762254319,-11.507520321154345,-0.022077337310121434,0.14251644334295613
2496.0,-737.9283458893315,334.00861715386213,-738.6764401143764,333.83991294046035,-99.48170301655625,-9.348123747488904,-0.01896652938748848,0.1492834975003789
2497.0,-725.0822659976005,361.04806817899606,-726.0336682334369,360.8853436970744,-103.10865315639457,-7.435537980787392,-0.016253779255669634,0.15521080361564912
2498.0,-711.2458109477953,387.5943709720421,-709.5355266550195,387.4674412451134,-107.44176930455235,-5.442958442315271,-0.013408040652676595,0.16230922444768686
2499.0,-696.4378796731818,413.6112664765344,-696.7509100805804,414.55616373577294,-110.21702701558702,-3.8944310425659965,-0.011275237600294257,0.1668827571306898
2500.0,-680.6786980266932,439.0632187426839,-681.3895791102432,438.6457002441678,-112.58746068820714,-1.7908568535852307,-0.008222319197017502,0.17084354929703444
2501.0,-663.9897911548491,463.9154634652092,-663.6707102682054,463.63913521608174,-114.85811797573353,0.19410334997226625,-0.0053692508347009645,0.1746744151168209
2502.0,-646.393954096994,488.1340554671977,-644.5832739864213,488.00335991460497,-117.13923946311183,2.249471797891034,-0.002396418349990923,0.1785386960362333
2503.0,-627.915220650015,511.6859150651333,-628.619616887696,512.6311490548402,-118.55028192298244,3.6956550947794544,-0.000396362012294894,0.1809799463356516
2504.0,-608.5788305410672,534.5388732517655,-609.1535983929106,533.9042656121558,-119.88540881051624,5.851963597413487,0.002774978276600609,0.18334326657412112
2505.0,-588.4111949531416,556.6617156351027,-586.9576345138513,556.979358971359,-121.75468734425823,7.918990828726613,0.005782154247926855,0.186590149128198
2506.0,-567.4398604505657,578.0242250735195,-568.6251414421251,578.9037960563791,-122.27869645534012,9.350018044597483,0.007791196812785211,0.1876486530760425
2507.0,-545.6934713537113,598.5972229487339,-546.5666335416612,598.0176291879103,-123.11260081949092,11.785254163701309,0.011432908876477004,0.1892460030400775
2508.0,-523.2017306142978,618.3526090202932,-522.1448094841459,618.4963739442154,-124.57226143938794,13.930676850947862,0.014596652501983876,0.19186821848570024
2509.0,-499.99535924473236,637.2633998071215,-497.9434421942672,637.3732184338049,-125.26394592238688,16.02398885851117,0.017697077834004468,0.193265462019631
2510.0,-476.10605435690326,655.3037654437074,-476.83374003358375,656.1955860624385,-125.52403407684938,17.776684003738293,0.020256061769250724,0.19393793512352966
2511.0,-451.5664458677372,672.449064960596,-449.4948718316057,672.5279116361103,-126.3993907968234,19.95290051437261,0.023519596370087388,0.1956659269902467
2512.0,-426.4100519306582,688.6758799409876,-424.8905254123246,688.7542973635318,-126.8441490627464,22.251687799846493,0.026979505860290236,0.19667511051837666
2513.0,-400.671233153821,703.962046507478,-401.4755464757711,704.8295640338105,-126.86577109281347,24.09391807728926,0.02971463305517221,0.1969962856598344
2514.0,-374.3851456676537,718.2866855952501,-375.41035973861244,719.3477522156703,-127.21031326906383,26.150708324034913,0.032810312545101736,0.1978638611992187
2515.0,-347.5876931058131,731.6302314703645,-348.80010557009496,731.5496315345281,-127.15131813867043,28.541317950567276,0.036465649850766384,0.19809586259390427
2516.0,-320.3154775651395,743.9744584541977,-318.97612202622105,743.8090482666412,-127.6001002966291,30.580147433720786,0.03956040701028862,0.19917537509937458
2517.0,-292.60574961159386,755.3025058175282,-290.9489510340733,754.8868038606411,-127.52865708438208,32.95868851103557,0.04321030373607591,0.19940491769836932
2518.0,-264.4963574004675,765.5989008102638,-265.0986981538906,766.4146853110077,-127.39035942399944,34.97812427260414,0.04628315392179592,0.19950139748141998
2519.0,-236.0256949803529,774.849579795357,-236.9770610849379,775.6297752866416,-127.331840180474,37.20416023789017,0.049713143238617336,0.19975266613895862
2520.0,-207.23264985149294,783.0419074580418,-207.39482463905313,782.6490865747543,-126.93442088128081,39.693424735234366,0.05358896541785418,0.1994824465267054
2521.0,-178.15654985013157,790.1646940641537,-177.4168992203225,790.0777939058049,-126.89206362942421,41.86480759590333,0.05695384939690964,0.19978217170594745
2522.0,-148.83710943142205,796.2082107439604,-148.4689610396581,796.48639222439,-126.50877650104145,44.248237416047374,0.06066870984104681,0.199526675908459
2523.0,-119.31437542425635,801.1642027806282,-118.65500188425221,801.0740753767315,-126.0387170892588,46.65061821989273,0.0644360324111504,0.19914368386808923
2524.0,-89.62867233211576,805.0259008851716,-90.08852320013061,805.503955027115,-125.37563771569381,48.98107768159867,0.06809082122530849,0.1984382131579
2525.0,-59.8205472546479,807.7880304424883,-60.260535499583376,808.2831411774854,-124.77876750467682,51.333706856247794,0.0718011102319978,0.1978535672693862
2526.0,-29.930714505207458,809.4468187158485,-30.283752409225315,809.8238901831634,-124.02722526623614,53.42855529642937,0.07511629556355681,0.19702457549674948
2527.0,0.0,810.0,0.02715402904717309,810.2057651141117,-123.3865751583001,55.993038951834876,0.07919312125399898,0.19637616603088828
2528.0,0.0,810.0,-0.8631343167568009,810.5308907164681,-123.27622289501242,55.831735194736375,0.07893241654675207,0.19618963161183378
2529.0,0.0,840.0,0.12215109015791882,840.4161517779835,-124.69929635548425,55.779172212347625,0.07848275598058307,0.1984665901316522
2530.0,-29.981560424743595,839.464773551873,-30.334866294704614,839.73705503164,-125.30012955637034,53.43313252025742,0.07475723472315284,0.19904983960495806
2531.0,-59.924913887355196,837.859776272613,-60.87074627756109,838.4989778083556,-125.76904047381645,50.646167636745645,0.07033680504697423,0.19942216241503136
2532.0,-89.79190211469479,835.1870534883938,-88.99058846722421,834.9428850262526,-126.63268631080837,48.677356870954405,0.06724689676492097,0.20045231451097997
2533.0,-119.54446414955959,831.4500111799834,-119.61570025873466,831.5132280346655,-126.9316304842667,46.340102214400645,0.0635690433625027,0.20055303402684457
2534.0,-149.14468485361462,826.6534116423376,-149.63466122960992,826.7597347649976,-127.3602525936389,44.24163907729485,0.06028745145395329,0.2008675659004716
2535.0,-178.5548432245005,820.803367415774,-177.8937109337223,820.747580437382,-128.12819718139767,42.03981346150041,0.05685676783909898,0.20174369985701207
2536.0,-207.73746046554095,813.9073334964663,-208.55884492729,814.6617454396091,-128.19691355189877,39.160076378269885,0.05234805697920186,0.20147751029327554
2537.0,-236.65534774680089,805.9740978361777,-236.86554477836867,805.7267428809051,-128.24188659432673,37.16632349783206,0.049284327450886074,0.20120241572821695
2538.0,-265.2716535966209,797.0137701433486,-264.3424966594697,796.6232992104483,-128.73865620717342,35.161597758808284,0.046205196969458254,0.2016565396385775
2539.0,-293.5499108632426,787.0377689997998,-294.2385860147719,787.6674427416204,-128.81166958462634,32.688287164079654,0.04237848303114168,0.20140660744263114
2540.0,-321.4540831866754,776.0588073094808,-322.1971898076444,775.359845026073,-128.48366210777365,30.858198323055518,0.039616536993007115,0.20054215906734893
2541.0,-348.9486109215846,764.0908760977954,-348.00209727479614,764.3771481043697,-128.8279264028848,28.346415543951725,0.0357534153315821,0.20077404070863195
2542.0,-375.99845645267857,751.1492266821575,-376.54928385608645,752.1118001956867,-128.3244498409617,26.110422843491023,0.03234493580471499,0.19962311625342002
2543.0,-402.5691488448478,737.2503512364947,-403.9697441928891,736.9936444301526,-128.13122057816594,24.106190461848296,0.02934025254180102,0.19897976469632755
2544.0,-428.6268277711558,722.4119617744685,-427.44700770128003,722.5408655008605,-128.42069471871048,22.267455010724362,0.026590816972410686,0.1991529516907062
2545.0,-454.13828666270183,706.6529675781923,-454.6078287120833,707.5117774000851,-127.73311636502228,19.901842771694955,0.02300988899385341,0.1977259989151103
2546.0,-479.07101502536983,689.9934511012128,-479.3852887607266,690.6592012360603,-127.12667921077582,17.524835632285306,0.01943315767692164,0.19645737532635518
2547.0,-503.3932398695313,672.4546423764627,-503.8057184775123,671.7089904910894,-126.27275890680913,15.868566706042706,0.01702920652680338,0.19479924261228912
2548.0,-527.0739661999157,654.0588919617943,-525.9299759661645,654.481671545293,-126.48533453154833,13.838925138034265,0.014009914152037973,0.19486661204561725
2549.0,-550.0830165140394,634.829642457577,-551.0114674898457,635.6315146296366,-125.32184701626784,11.536495899892538,0.010576341568701002,0.19270769180653852
2550.0,-572.3910692588684,614.7913986326495,-573.5644474700323,614.2148063871318,-124.38261913212129,9.847505708852784,0.008150520036154383,0.19093665846804608
2551.0,-593.9696961966999,593.9696961966999,-594.4691305739697,594.8684052518657,-123.40988093001734,7.460000190460356,0.004587621836894617,0.18913247844920528
2552.0,-614.7913986326495,572.3910692588684,-615.3379914569472,571.884256429254,-122.03072484306233,5.748148584276041,0.0021446116343460204,0.18668190299078277
2553.0,-634.829642457577,550.0830165140394,-633.0556126401779,550.3984429359631,-121.56346853294399,3.9525676057651338,-0.0004500080752099024,0.18572125425035235
2554.0,-654.0588919617943,527.0739661999157,-654.6296426581366,527.8928362344004,-119.90718625150078,1.8003603772092038,-0.0035997267103200863,0.18282098256753387
2555.0,-672.4546423764627,503.3932398695313,-672.8921965755318,502.8667488244998,-118.07769972615223,0.16784729855011218,-0.005891458158053353,0.17968560332686143
2556.0,-689.9934511012128,479.07101502536983,-690.3316464281855,478.65295358924465,-115.9831493838979,-1.9241705508669853,-0.008924462282417214,0.1761384424523862
2557.0,-706.6529675781923,454.13828666270183,-705.3581714576417,453.99067576036623,-114.31062477817454,-3.5773716301864305,-0.011253575271897277,0.17329250742356928
2558.0,-722.4119617744685,428.6268277711558,-720.7144161706157,428.512469913692,-111.98815878568372,-5.227289887018569,-0.01356747083881729,0.16940812048249287
2559.0,-737.2503512364948,402.5691488448476,-737.3502052553164,403.37482861957415,-109.27423041181616,-7.786425890184261,-0.017332602277331837,0.16488503126590245
2560.0,-751.1492266821575,375.99845645267857,-751.023230553602,376.7888054019459,-105.91419868059144,-9.581541031527365,-0.019864018453878474,0.1593699215063106
2561.0,-764.0908760977953,348.9486109215848,-762.5284170002404,348.66368579437716,-101.88575079218053,-11.100682625558823,-0.021937359816519238,0.15281754385573668
2562.0,-776.0588073094808,321.4540831866754,-774.961711878469,321.1000428531957,-97.30069577256468,-12.8968188109844,-0.024458428152961842,0.14536793192346514
2563.0,-787.0377689997999,293.5499108632424,-785.8042045821798,293.33716100756254,-92.42371085813585,-14.779030949332716,-0.027114050549836784,0.13747318164431013
2564.0,-797.0137701433486,265.2716535966209,-796.0296890431079,264.8594288181526,-86.6813908375625,-16.515766575422887,-0.029529385133648205,0.12820876425262706
2565.0,-805.9740978361777,236.65534774680108,-805.1393136244078,236.29299736950622,-80.4399781334571,-18.340660521172623,-0.03208394174352303,0.11816368209016634
2566.0,-813.9073334964663,207.73746046554095,-813.0751008388858,207.43451776996662,-72.766410125966,-20.06532703674841,-0.034475404738161054,0.10585362992400088
2567.0,-820.803367415774,178.5548432245005,-820.627201944154,178.2940548766569,-65.32216196300602,-21.77841970396537,-0.03684499393928118,0.0939132506192678
2568.0,-826.6534116423376,149.14468485361505,-826.6714214117474,148.97702832105043,-56.66596431772331,-23.371855701909144,-0.03902198126613178,0.08006246079115059
2569.0,-831.4500111799834,119.54446414955959,-830.9954911848855,119.4114953034037,-47.8729630549119,-24.41467941551313,-0.04031959847328555,0.06601500787004985
2570.0,-835.1870534883938,89.7919021146946,-834.7642230135099,89.67194077259533,-38.32807009363765,-25.385993749671496,-0.041501273731526615,0.05077768335288856
2571.0,-837.859776272613,59.924913887355196,-837.8289796109701,59.77699150680882,-27.988804056546623,-26.118770486974075,-0.04230140149813553,0.03428469638453161
2572.0,-839.464773551873,29.981560424743808,-839.4636384844738,29.8204331234065,-17.87851142509381,-26.429847324058702,-0.04242961850334193,0.018173646277641783
2573.0,-839.464773551873,-29.981560424743808,-839.3771514337681,-30.08470714724109,1.340027759828603,-26.77563037061944,-0.04224629268659374,-0.012412549620651409
2574.0,-837.859776272613,-59.924913887355196,-837.8708982722932,-60.00868697107584,12.422337282968869,-26.933494695340702,-0.042131063393673764,-0.030032145993867675
2575.0,-835.1870534883938,-89.7919021146946,-834.1662440642166,-89.7569625540148,23.046159614505697,-27.24419745417578,-0.042261235868661734,-0.04689511358022672
2576.0,-831.4500111799834,-119.54446414955959,-831.2971053433121,-119.57986676150067,33.14934048296872,-26.56588624749834,-0.04081642975492715,-0.06293968707782248
2577.0,-826.6534116423376,-149.14468485361505,-826.3660090539194,-149.40101679817215,42.9335338578989,-25.349554221349198,-0.038515358395422195,-0.0784513234732135
2578.0,-820.803367415774,-178.5548432245005,-820.3999217465099,-178.8309933630459,51.97403173228213,-24.186728938116193,-0.03630423635305267,-0.09276665621101275
2579.0,-813.9073334964663,-207.73746046554095,-813.7294219406175,-208.143916178357,59.998325160130115,-22.696330455627276,-0.03357319892591844,-0.10545602241947266
2580.0,-805.9740978361777,-236.65534774680108,-806.0376737776859,-237.08323483241566,67.72042088915157,-21.350410828121355,-0.031076682258239535,-0.11765191885141704
2581.0,-797.0137701433486,-265.2716535966209,-796.9928521665188,-265.7629265685705,74.20852817791048,-19.89357854110791,-0.02840682225425985,-0.12786729062968813
2582.0,-787.0377689997999,-293.5499108632424,-786.9530571423303,-294.0445948750243,80.24098526434828,-18.2971154268911,-0.02551960746885145,-0.13734528717536038
2583.0,-776.0588073094808,-321.4540831866754,-776.2230083072624,-321.8973338959733,85.92358643830032,-16.776876211440015,-0.022758959871469187,-0.14625801722291637
2584.0,-764.0908760977953,-348.9486109215848,-764.2087683580966,-349.39238642233266,90.58203389452213,-15.363453418510382,-0.02017269646735927,-0.15352502855010988
2585.0,-751.1492266821575,-375.99845645267857,-751.5269796703989,-376.43024538091305,94.7241216232397,-13.865637433579225,-0.017457716363767247,-0.1599620523955537
2586.0,-737.2503512364948,-402.5691488448476,-736.6635027521799,-401.8795796733855,98.29897468298238,-12.526224166652915,-0.015014296634362462,-0.16546957514982102
2587.0,-722.4119617744685,-428.6268277711558,-721.5374148370811,-428.08198177174046,101.4624420246297,-10.913502253721289,-0.01212666988395408,-0.17031914100881113
2588.0,-706.6529675781923,-454.13828666270183,-707.2573050616352,-454.3076804397603,104.28467714447424,-9.266484587038951,-0.009184174433724147,-0.17463597959070556
2589.0,-689.9934511012128,-479.07101502536983,-690.8295599570257,-479.55051259742396,106.96491736488191,-7.630054424805789,-0.006270566659663219,-0.1787005242395949
2590.0,-672.4546423764627,-503.3932398695313,-671.4302151515261,-502.7673659691959,109.01922802332892,-5.864771847441067,-0.003176696004855002,-0.18173247794943037
2591.0,-654.0588919617943,-527.0739661999157,-654.6795255181813,-527.1113761068746,110.97929562439835,-4.278647744860597,-0.0003541606603006347,-0.1846468771829663
2592.0,-634.829642457577,-550.0830165140394,-635.2489552399395,-550.7762241475538,112.70950922540645,-2.688870677717454,0.002465870878147712,-0.18716263198795483
2593.0,-614.7913986326495,-572.3910692588684,-613.5973061817804,-571.7757507515028,113.7220787157079,-1.3440848316187841,0.004863344658834668,-0.188509019225384
2594.0,-593.9696961966999,-593.9696961966999,-592.9289126450386,-593.4631102123689,115.49028623064682,0.8072656272995183,0.008552929760392467,-0.19107008363460165
2595.0,-572.3910692588684,-614.7913986326495,-572.5477441773919,-614.6690026045577,116.78314617683077,2.261197756840629,0.011126642602589217,-0.19287812652890768
2596.0,-550.0830165140394,-634.829642457577,-551.3158264662178,-635.4667334893198,118.07386003186669,4.126589231377891,0.01435021458825247,-0.19467233471016293
2597.0,-527.0739661999157,-654.0588919617943,-526.1830949670863,-653.3310060062422,118.5211248028469,5.639277931123552,0.016976516688363703,-0.19507637882104456
2598.0,-503.3932398695313,-672.4546423764627,-502.3494734852561,-672.0527677500702,119.71753119176773,7.7031822535342505,0.020490607346340128,-0.19668862901277553
2599.0,-479.07101502536983,-689.9934511012128,-479.228861393365,-689.8902667779124,120.62140277125407,9.475684273382672,0.023530087294011653,-0.19784402780168234
2600.0,-454.13828666270183,-706.6529675781923,-456.01976368027107,-707.5503575430539,121.58144405885282,11.338976969229199,0.026711892376220334,-0.19908773977656802
2601.0,-428.6268277711558,-722.4119617744685,-427.94985224130386,-721.66953528122,121.90151128407653,13.016717306543365,0.029555016242021503,-0.1992533711428464
2602.0,-402.5691488448476,-737.2503512364948,-402.7853146908135,-737.213462505253,122.789043231904,15.01346919342808,0.03292331162629952,-0.2003577327006435
2603.0,-375.99845645267857,-751.1492266821575,-377.59203898789207,-751.8814749062835,123.6314993062636,17.219843930235022,0.03661450483300433,-0.2013900018223014
2604.0,-348.9486109215848,-764.0908760977953,-348.5589818114732,-763.1146681009587,123.77310327056766,18.8577858468792,0.03935894297062667,-0.20125980446750588
2605.0,-321.4540831866754,-776.0588073094808,-321.62892259831307,-776.0594101441876,124.08702078720972,20.957208118173565,0.0428588111963883,-0.20142960800787715
2606.0,-293.5499108632424,-787.0377689997999,-294.08113857950343,-787.6462066449304,124.74049219283278,22.99024210275211,0.046236388459988655,-0.202132263088086
2607.0,-265.2716535966209,-797.0137701433486,-265.20317711197407,-796.6798511609758,124.80554530988343,25.333932861584316,0.05007712295277161,-0.20188213072884711
2608.0,-236.65534774680108,-805.9740978361777,-237.70502665673985,-806.6117341435215,125.44859509311847,27.353811946252517,0.05341349586194479,-0.20256880714278164
2609.0,-207.73746046554095,-813.9073334964663,-207.5108377803052,-813.2151759294402,125.25621336904243,29.174563239263048,0.05639218371858751,-0.20189283470728003
2610.0,-178.5548432245001,-820.8033674157741,-178.9945016697186,-820.3410732912265,125.2913720822806,31.23719969579736,0.059762242268848145,-0.20159955274260166
2611.0,-149.14468485361505,-826.6534116423376,-149.8873410545664,-827.2820370931746,125.65130028821922,33.406420530087736,0.06329967024858103,-0.20181592166753162
2612.0,-119.54446414955959,-831.4500111799834,-120.86074303335965,-832.0851963780651,125.63657913857257,35.95797242125533,0.06741941537038576,-0.20143700427168817
2613.0,-89.7919021146946,-835.1870534883938,-89.47048512330595,-834.404261924266,125.20550824965842,38.08684085710576,0.07083601625079505,-0.2003664980067155
2614.0,-59.92491388735479,-837.8597762726131,-59.91464139976315,-837.1434884502696,125.16729901362574,40.16230311923299,0.07417276426592868,-0.1999437165025924
2615.0,-29.981560424743808,-839.464773551873,-30.663568128402147,-840.0158418981749,124.94677425967534,42.68042825699931,0.07821566253067558,-0.1992345033551394
2616.0,0.0,-840.0,-0.11428294610911877,-839.3999258273689,124.4604448299578,44.57556719103337,0.08122432671523991,-0.19808634976117973
2617.0,0.0,-840.0,-0.3471923061423264,-839.7316310932468,124.41676690699092,45.13029118010559,0.08211125974975722,-0.19801968662235178
2618.0,0.0,-870.0,0.20874559724929495,-869.4015611299,125.64993439857481,44.08526675893776,0.0808114185551922,-0.19997552508538913
2619.0,-29.865012446521686,-869.4872517935896,-29.628492628937227,-868.6677444017296,125.95248069317624,41.63482306200313,0.07690242925027481,-0.20082245831548798
2620.0,-59.69482206185629,-867.9496115668256,-59.988824259740845,-867.48891391574,126.2967769312141,39.14381170942465,0.07292342444468455,-0.20174224495503928
2621.0,-89.45426750950395,-865.3888917846924,-90.48444634048941,-865.3070436267082,126.22129159636334,37.47906661713194,0.07024717903418333,-0.20199558536961965
2622.0,-119.1082703934237,-861.8081108482834,-119.31461843982062,-861.4251917662091,126.27913549212191,35.08705396804535,0.06639263172935417,-0.20244072912456085
2623.0,-148.6218766060495,-857.2114895369147,-148.8474216211217,-856.7177018995941,126.28820156429224,32.94572816284302,0.06292695336198574,-0.20281684566592786
2624.0,-177.96029752979464,-851.6044460329613,-179.38674170181673,-852.1105419687586,126.63457282777813,30.70911634821087,0.059310851338536405,-0.20374212687774015
2625.0,-207.0889510434923,-844.9935895352734,-208.51198049957154,-846.0017671828078,126.63772005933362,28.926509633473554,0.056398930637065824,-0.20410383186174647
2626.0,-235.97350228543178,-837.3867124687062,-237.61857779137574,-837.9962685219476,126.41149665111408,26.74839182950571,0.0528343053607686,-0.20410025383253166
2627.0,-264.5799041249404,-828.7927812989428,-265.7395861499916,-829.502574435351,126.18781015027001,24.580935890984097,0.049280670054220176,-0.20408864293588
2628.0,-292.8744372948121,-819.2219259634397,-291.87592202104975,-818.4009165058609,125.66377585258293,22.235036443718,0.04541109342044602,-0.2035747074439722
2629.0,-320.8237501372664,-808.6854279309482,-321.17163802049623,-808.5495946868914,125.5153931392607,20.683309518124435,0.042820794444016326,-0.20369733286010544
2630.0,-348.3948979166018,-797.195706903694,-348.4229867055524,-797.0398167169055,124.98965244528068,18.613739267198167,0.039386011150359085,-0.2031943370858325
2631.0,-375.555381652192,-784.7663061778816,-375.6966650858776,-784.6910460621292,124.3883903588133,16.492971608689555,0.03585946953115011,-0.2025714187534963
2632.0,-402.2731864260579,-771.4118766797839,-403.29522771624517,-772.1510183064565,123.98346428974641,14.56997625329601,0.03264534998788939,-0.20226495774651918
2633.0,-428.51681911986196,-757.1481596962352,-427.8778854522049,-756.5770126886727,123.36274170782393,12.848073105456782,0.029714121588555742,-0.20157811021688934
2634.0,-454.2553455368377,-741.991968319879,-452.9822623798863,-741.2516491634724,122.58324833352354,10.882219569748115,0.02639767920119846,-0.2006449606037912
2635.0,-479.45842686490204,-725.9611676310473,-479.5746296050817,-725.6205624146056,121.8564761155422,8.962791125578967,0.023151380457835016,-0.1998139426938358
2636.0,-504.0963554379702,-709.074653639626,-503.9927803273453,-709.0045278727972,121.15609569539527,6.884299323029851,0.01963986188806244,-0.19899830106417782
2637.0,-528.1400897533173,-691.3523310117338,-528.8210076793927,-692.3213762801546,120.81044180423612,5.756945957239403,0.017641305175337525,-0.19875224643722214
2638.0,-551.5612887037113,-672.8150896074651,-549.7007401473143,-672.1916649659681,119.2143775010288,3.752506290191137,0.014204612335571161,-0.1964677447208292
2639.0,-574.3323449839718,-653.4847798573522,-574.4773188583343,-653.7013631999938,118.37905573355636,1.8124705100145189,0.010890499269565618,-0.19544172692448233
2640.0,-596.4264176325676,-633.3841870065767,-596.3906151266439,-633.5486987450009,117.14030805843765,-0.0949122096209551,0.007607996252728056,-0.19373857031200545
2641.0,-617.8174636699061,-612.5370042572811,-616.9191618459809,-611.8231950294418,115.92191992401361,-1.2676173078018076,0.005475506466471011,-0.1920508579247756
2642.0,-638.4802687960131,-590.9678048406453,-638.9237443242549,-591.0978413601771,114.91129809447635,-3.0986512332136615,0.0023075026203607427,-0.1907118928517487
2643.0,-658.3904771114223,-568.7020130516452,-659.3757799090505,-569.1372749920578,113.56070641426402,-4.81474926996188,-0.0006927026939674432,-0.18881283495666498
2644.0,-677.5246198262417,-545.7658742806357,-676.4843259138962,-545.1165746436048,111.43508615764925,-6.660350870339756,-0.003924249736259994,-0.1856393331456822
2645.0,-695.8601429235559,-522.1864240770802,-694.710068009992,-521.5854553522694,109.86948350261976,-7.869314993642718,-0.006136560878287654,-0.18337080930002808
2646.0,-713.3754337445561,-497.99145628189893,-713.42256751688,-498.2310436843093,107.99651661811221,-9.517426000462976,-0.009045631859397536,-0.18061906139466805
2647.0,-730.0498464640626,-473.2094902659907,-730.5527800243966,-473.54641891873877,105.71481440316298,-11.091105389957095,-0.011852532326028602,-0.17719741278079176
2648.0,-745.8637264264092,-447.86973731355266,-744.8618835194915,-447.35717996482254,102.51839850594043,-12.934692557868507,-0.015107431332946184,-0.17228540208089854
2649.0,-760.7984333130045,-422.0020661898208,-761.3855130238549,-422.1660830084947,100.02794887717512,-14.12863742479992,-0.017316168287472376,-0.16852409283377393
2650.0,-774.8363631142643,-395.63696793381183,-775.5249146563377,-396.0136407412774,96.60591416163612,-15.606708620046179,-0.019988879908079203,-0.163250920297877
2651.0,-787.9609688800102,-368.80551991757875,-787.0059884172189,-368.34420121484794,92.42590970538178,-17.609629027344067,-0.023515493617723895,-0.15673884498316526
2652.0,-800.1567802238836,-341.5393492143296,-800.5598217213479,-341.8980783277154,88.25671252480781,-19.02595411075887,-0.02609352994776873,-0.15026935501180652
2653.0,-811.4094215587753,-313.8705953186018,-812.306058574946,-314.17142901343,83.59347924616742,-20.211572151102086,-0.02832006718711782,-0.1429914445850255
2654.0,-821.7056290417853,-285.8318722624262,-821.7933403280539,-286.2846158354551,77.85849476421248,-21.697042214205055,-0.031025795265143603,-0.13398012377869017
2655.0,-831.0332662087297,-257.45623017214155,-830.558503795472,-257.22924831613614,71.19233680945337,-23.530199144189293,-0.034299195431608906,-0.12347795059857214
2656.0,-839.3813382797753,-228.77711631116765,-839.7811913617907,-229.15596448173883,64.60576600583778,-24.84550393896917,-0.036736380774743324,-0.11310804758879205
2657.0,-846.740005119333,-199.82833565466214,-847.0300969763812,-200.2368664168761,57.114290035249404,-25.83542773897128,-0.0386660648447417,-0.10127377042146485
2658.0,-853.1005928349344,-170.64401104253156,-852.8282028196467,-170.63531372185238,48.17515393075945,-27.33326578743126,-0.041412477551170036,-0.08711770268642201
2659.0,-858.4556040014237,-141.25854295776483,-858.1072183984529,-141.40326012024516,39.07793594051805,-28.48800526929482,-0.04360830668380984,-0.07270368253168645
2660.0,-862.7987264984082,-111.7065689774994,-862.9849084491983,-111.69696109689306,29.964533255479523,-29.466056541412758,-0.04552873586759317,-0.05825898861230235
2661.0,-866.1248409505532,-82.02292294461908,-866.1789433202733,-82.36684460602717,19.889181647573523,-29.717562045456134,-0.04628822445039099,-0.04226268575284604
2662.0,-868.4300267619514,-52.24259390800497,-868.5331121987651,-52.26165387038473,9.34692579411673,-31.0654444757561,-0.048802143419493876,-0.025512995891063327
2663.0,-898.4773424441414,-52.33034601942794,-898.310911412825,-52.46764957261632,8.635548717597032,-33.916405435813864,-0.05333706588926921,-0.024745492008889952
2664.0,-896.241526234117,-82.1652399347835,-896.5667083397806,-82.38076472386177,17.370870560123027,-31.880302959430324,-0.04973016304194627,-0.03862682730853915
2665.0,-893.0152859401547,-111.9093341827366,-893.477043750645,-111.97165370539217,27.135868515756343,-31.619154089233245,-0.04895213289161573,-0.0541304652093487
2666.0,-888.8021868356709,-141.52975897714657,-888.233145731106,-141.2951665857194,38.24446748294546,-31.336776410655172,-0.0481435905912451,-0.07174612769710224
2667.0,-883.6068847580692,-170.99378119727115,-883.1704888698929,-171.04362496937722,47.2548214255406,-30.29112448477756,-0.04611505530089889,-0.08602454916558383
2668.0,-877.4351209636412,-200.2688405606826,-877.0627590329167,-200.25861428233304,55.36159030458767,-29.195822668097964,-0.044014033136337956,-0.09885207136000632
2669.0,-870.2937157829825,-229.32258560518912,-870.6027115507103,-229.75867500555793,63.561107302928235,-27.595372931314852,-0.04110555182517854,-0.11182289194626607
2670.0,-862.19056108394,-258.1229094399811,-862.7720242835389,-258.5269771673017,70.32268632211192,-26.269063080042603,-0.03864233952004665,-0.12248837697183969
2671.0,-853.1346115504188,-286.63798522651575,-853.5849199207129,-287.03904607733745,76.69517941357749,-25.03715134298956,-0.03633250456156245,-0.13251800050720283
2672.0,-843.1358747866839,-314.83630134991336,-842.907626403733,-315.4187763954682,82.3583136319288,-23.029771235814366,-0.03279009410705953,-0.14140039402560017
2673.0,-832.2054002580975,-342.68669624200464,-832.2649098730739,-343.22440737517604,87.53201579476848,-21.813283449842714,-0.030513458855309157,-0.14950425569798795
2674.0,-820.355267080506,-370.15839281755024,-820.3469327549366,-370.68248442154436,91.76365462914964,-20.16007149326222,-0.02754601198195052,-0.15609315893425973
2675.0,-807.5985706717776,-397.22103248556937,-807.0631519250516,-396.5908566341729,95.55420952697516,-18.887713283562775,-0.025203691865760516,-0.16196332832131413
2676.0,-793.9494082802379,-423.8447086981978,-794.3692363064407,-424.1632013670183,99.28342955322678,-17.29807611143866,-0.022336027971167922,-0.16774310429165956
2677.0,-779.4228634059947,-450.0,-779.5509414346029,-450.3125759679249,102.23670111373703,-15.846131572780322,-0.019704935785611496,-0.17226190270785008
2678.0,-764.0349891323737,-475.6580025412098,-764.753490548523,-475.98304387325817,105.16810648434307,-14.085608918224052,-0.016588591432612064,-0.17674615527767026
2679.0,-747.8027903858759,-500.7903620189766,-747.0636658486204,-500.06925435132536,107.2158274670802,-12.828626252813729,-0.014293058220515088,-0.1797885576392353
2680.0,-730.7442051442707,-525.369305011311,-731.1413988678845,-525.6127496076883,109.43538255214764,-11.137221458258503,-0.011288273388853944,-0.18312608970001099
2681.0,-712.878084613586,-549.3676696691068,-711.5567064915261,-548.788895634345,111.3186947330275,-9.420893233241612,-0.008272814547417197,-0.1858836209335145
2682.0,-694.2241723958999,-572.7589357323271,-694.4423208221593,-572.8258132886084,112.99859005364658,-7.8896553448737246,-0.005541394279171411,-0.18834765795805397
2683.0,-674.8030826709609,-595.5172538371733,-675.9992323109119,-596.1571200006711,114.48457033309599,-6.345219368519291,-0.0027976101995679783,-0.1904867970215152
2684.0,-654.6362774157441,-617.61747408186,-653.4800439589004,-617.1424887836338,115.48335064221102,-4.949012017164146,-0.00031846994190261454,-0.19180061336527804
2685.0,-633.7460426871166,-639.0351738194223,-633.6229485755384,-638.9904233021738,117.25376787574508,-2.8221182222780477,0.003334157728307635,-0.19437513059734296
2686.0,-612.1554639938275,-659.7466846468437,-612.5925890121097,-660.5844164406448,118.48354906048473,-1.3040770665818293,0.006014656313909217,-0.19607482989903116
2687.0,-589.8884007850293,-679.7291185606813,-588.7238132315139,-679.3329077367107,119.15009927653087,0.06492176972026109,0.008423097897028142,-0.19684335726661123
2688.0,-566.9694600835335,-698.9603932502802,-567.9410551298581,-698.8003576558086,120.10216462800958,1.8395746081737006,0.011485962943172633,-0.19810409046030092
2689.0,-543.42396929293,-717.41925650063,-542.6132440612937,-716.761597552747,121.39098788046694,3.8289282787579197,0.014872088463233393,-0.19984512735926802
2690.0,-519.2779482086247,-735.085309677891,-520.2875010130302,-734.9793143913879,122.16878403156834,5.534115870121403,0.01780909068777097,-0.20080960561148914
2691.0,-494.5580802637257,-751.9390302716425,-495.78736927787094,-752.901359585281,123.08695119291797,7.357973682894747,0.020931341353048506,-0.20197086158592914
2692.0,-469.29168304154854,-767.96179346894,-468.54037455569505,-767.2992113570341,123.38093222578318,8.912537204174525,0.023581836140716905,-0.2021050537263101
2693.0,-443.50667808733584,-783.1358927363349,-444.3525151839112,-783.8288153974701,124.58338050180005,11.43781571771065,0.027803379334097482,-0.20372258153818232
2694.0,-417.2315600525451,-797.4445593871209,-416.8699904960594,-796.7045416943398,124.73968662265985,12.903201727175817,0.030293302274189533,-0.20363477272160935
2695.0,-390.49536520580244,-810.871981112177,-391.12396603064053,-810.5960507355416,125.3827974463665,14.686698392629628,0.03330195431150215,-0.20434300452393545
2696.0,-363.3276393453262,-823.4033194539311,-363.8055708421844,-824.1716815170203,126.14048720892009,16.716111355052988,0.036698125738833014,-0.20521433758959057
2697.0,-335.7584051482748,-835.0247262041327,-337.1992675227519,-835.9364788558295,126.65171227489289,19.214152945120745,0.04081796556375751,-0.2057021308774625
2698.0,-307.8181289931018,-845.7233587073175,-307.6031291766627,-845.0689648908005,126.55679104942685,20.667667038250794,0.04324315040022568,-0.2051885959516813
2699.0,-279.5376872915855,-855.487394053046,-279.33222437429487,-855.0702464773491,126.94512681397873,22.630504512416824,0.046489588689485925,-0.20546041851260835
2700.0,-250.94833236773147,-864.3060421412398,-251.7485331910594,-865.0101041353482,127.30810804734837,24.67501354517634,0.04986525904416133,-0.20570030437041106
2701.0,-222.08165792126456,-872.1695576061701,-222.1672672063734,-871.7486604898687,127.35159174875942,27.100954316094306,0.05380879061442189,-0.2054072298686441
2702.0,-192.9695641138691,-879.069250585927,-194.6441339089334,-879.8719654754337,127.87452244263967,29.124913906108933,0.05712950824389306,-0.20590242485008278
2703.0,-163.64422231676176,-884.9974963254655,-163.63488718494116,-884.4304731065916,127.47885810523145,30.835570341856766,0.05990793043999605,-0.2048929360956694
2704.0,-134.13803955855676,-889.9477436026158,-134.4872317717311,-889.433450488507,127.52420955645157,32.858913332294634,0.06318945215325145,-0.20460814462695356
2705.0,-104.48362271270751,-893.9145219677488,-104.50983038195584,-893.3480865345847,127.35610408906537,35.675480518966275,0.06772010049779953,-0.2039734640444394
2706.0,-74.71374246409968,-896.8934477890939,-75.28769654784656,-896.5187844573557,127.28344327179146,37.602375340920425,0.0708256803065634,-0.2034999380817602
2707.0,-44.86129709462795,-898.8812290970301,-45.68417103603529,-899.3664951819601,127.42433903651845,39.909615514699425,0.07453264292812319,-0.20336162708210356
2708.0,-14.959276127753709,-899.875669221995,-14.928657931629564,-899.1964212786239,126.8582539507351,41.78139415077221,0.07750958826069086,-0.20208401275135246
2709.0,0.0,-900.0,-0.025273391012837026,-899.4468913961667,126.6349561238722,43.44346496615537,0.08015792362179545,-0.20154610187592953
2710.0,0.0,-930.0,0.23018261234934592,-929.4343988481355,127.8558714515582,42.39021768833618,0.0788488847063962,-0.2034861204081655
2711.0,-29.960775741581113,-929.5172682188119,-30.923506469676138,-929.9324034600954,128.45181444820878,40.05123668609759,0.0751323798723254,-0.20481613153036154
2712.0,-59.89044821726989,-928.0695740149736,-60.97704227727368,-928.3080427069282,128.70781361185178,37.64308893302811,0.07127980018428229,-0.2055916316912842
2713.0,-89.7579464504992,-925.6584202874133,-90.4673297481376,-926.1051615506385,128.93758348888963,36.10064192792848,0.06879794090533438,-0.20631848855893745
2714.0,-119.53226400982258,-922.2863101340527,-120.52943578361472,-922.7610482120658,128.9511182986536,33.702464095411244,0.06494016707541433,-0.20670819967477416
2715.0,-149.18249119771698,-917.956744253259,-150.02052171512784,-918.3049795366463,128.89423215375066,31.414213149010777,0.0612437292316921,-0.20697883909256395
2716.0,-178.67784713894903,-912.6742173096545,-177.92980963771848,-911.9750747033623,128.49958311912866,28.9907047878676,0.057309073705918596,-0.2066925399381333
2717.0,-207.98771173521632,-906.444213268058,-208.51127598421115,-906.1804330769588,128.58188029398625,27.40733800754064,0.05471810038895798,-0.20719805034864264
2718.0,-237.0816574528798,-899.2731997003999,-238.5690278150296,-899.9144947516592,128.55422096021582,25.231984678594,0.05117917925954449,-0.2075221456229536
2719.0,-265.92948091078097,-891.1686210715246,-267.25756386773554,-891.7748639957944,128.40361583739028,23.08367399671879,0.0476603507793225,-0.2076337978481711
2720.0,-294.5012342353693,-882.1388910108454,-296.32881869971146,-882.845218627694,128.24372631600144,20.891399479638938,0.04406187639467587,-0.20773536064064563
2721.0,-322.76725615057194,-872.1933835778801,-323.4204022906342,-871.8862578411293,127.49603884841322,19.151996759170544,0.04115931688932896,-0.20687716896636868
2722.0,-350.69820277013815,-861.3424235307322,-352.39278424085416,-862.3057963075404,127.59825781917998,17.251929383460936,0.0380179340863179,-0.20739467948687199
2723.0,-378.2650780604942,-849.5972756076188,-379.7744786178102,-850.2794984084849,127.02318802897464,15.1909715441171,0.03459053206585491,-0.2068147703577264
2724.0,-405.43926394247745,-836.9701328325774,-404.93978484900026,-836.2536494961031,125.97344572853883,13.05099709888443,0.031012882764242168,-0.20545225241955808
2725.0,-432.19255000070456,-823.4741038574854,-431.34918789343936,-822.656508550585,125.79198398453018,11.468019639176154,0.028326972072804078,-0.20548688232677
2726.0,-458.49716276973203,-809.1231993535384,-457.0622001491395,-808.42891176993,125.08966762679829,9.610910860689012,0.025197046661457185,-0.20468401769082198
2727.0,-484.3257945666009,-793.9323174663132,-483.2337123790258,-793.0051602180714,124.33957869217433,7.4724295300329,0.021604653649797204,-0.203810735874053
2728.0,-509.6516318398431,-777.9172283495109,-509.3320077985943,-777.7861872099469,123.71953993596695,5.59621397791802,0.018432177505993685,-0.2031435386604442
2729.0,-534.4483830055082,-761.0945577934436,-534.6889733908697,-761.1189667647221,123.24553266546225,4.22922765941797,0.016052428212084607,-0.20269967872851846
2730.0,-558.6903057413206,-743.4817699652561,-560.4396878016156,-744.6650511965331,122.49122532658849,2.3067073873126875,0.012791131509501251,-0.20181452961339122
2731.0,-582.3522337106318,-725.0971492787967,-583.9634145827714,-725.5524137201161,121.49501792702846,0.3737485188962877,0.00948065996981795,-0.20051711073725598
2732.0,-605.4096026884204,-705.9597814129703,-604.9315211757493,-705.4551291883967,120.01429245053505,-1.5285788024176659,0.006206881105719995,-0.19841725878039448
2733.0,-627.8384760622217,-686.0895334982652,-626.3063492229531,-685.6860452182976,119.0935660930097,-2.614238854358476,0.004236888032817391,-0.19721365420925765
2734.0,-649.6155696815116,-665.5070334920324,-648.5888762751512,-664.9767835833931,118.02167111475514,-4.7259351171429165,0.0006223932820896446,-0.19578057387091555
2735.0,-670.7182760297476,-644.2336487639274,-670.0878937473481,-643.6003377783509,116.74849647112963,-6.466672408425352,-0.002409872915081389,-0.19401755137512638
2736.0,-691.1246876939766,-622.2914639137382,-691.6717109918796,-622.5510427419367,115.53940555954892,-8.159406391126998,-0.00536173286721035,-0.19235755984711556
2737.0,-710.8136201076389,-599.7032578446388,-711.3972017073073,-600.4804442232005,114.5743544792433,-9.179267151703048,-0.007255189701625693,-0.19106321089910486
2738.0,-729.7646335429627,-576.4924801156606,-728.2607500218918,-575.9954445051031,112.4434091037063,-11.118329701751229,-0.010641170726963184,-0.18787823341806575
2739.0,-747.9580543301186,-552.6832265979341,-748.3158822320989,-552.9327517712181,110.85043487542633,-12.630826156753434,-0.013330831771431163,-0.18558855085167938
2740.0,-765.3749952811005,-528.3002144599748,-766.300420592764,-528.6623546076557,108.92954679677781,-14.148778758794103,-0.01604396726699957,-0.1827516186766464
2741.0,-781.9973752971385,-503.36875650797623,-781.9928629690448,-503.75899484686187,107.08051790497298,-15.567898575959928,-0.018607557375800884,-0.18000098271220255
2742.0,-797.807938139281,-477.91473490775456,-798.2282389875669,-478.2410235510493,104.55697143875524,-17.14628640694522,-0.02143215753215569,-0.1761834679796442
2743.0,-812.790270342662,-451.96457431562345,-811.8251960244476,-451.345033944562,101.36289115604113,-19.0274836147274,-0.02475557033269498,-0.17126645288733888
2744.0,-826.9288182558602,-425.5452144460875,-827.476610555694,-425.8125578471898,98.35788544549676,-20.464849811419636,-0.027355905227154614,-0.16667552020796952
2745.0,-840.2089041876555,-398.68408210484046,-840.353161395016,-399.03318078649795,95.09112392674054,-21.584478709771187,-0.029465816267528904,-0.16163400654064533
2746.0,-852.6167416444215,-371.409062716097,-851.9550662145642,-370.84441865519005,90.7834550788947,-23.585602568995487,-0.032995930811962663,-0.154920226850845
2747.0,-864.1394496423387,-343.7484713738169,-864.663690617805,-344.1442736704477,86.24137489350123,-24.833634207608608,-0.03530923080744403,-0.14784692389488696
2748.0,-874.7650660795659,-315.73102344687715,-875.1665212204167,-316.1685080003739,81.26298185321461,-26.309973716213655,-0.03800151655541221,-0.140052193166186
2749.0,-884.482560154493,-287.38580476870106,-884.1014031614994,-287.80664800350746,75.36535592761152,-27.581386512917494,-0.04037237979841977,-0.13077525523725686
2750.0,-893.2818438171765,-258.7422414423006,-892.8843720446733,-258.3873883980575,68.67877251223508,-29.508329035900577,-0.043799500948557564,-0.12024079198936076
2751.0,-901.1537822420772,-229.83006929207292,-900.7446173409941,-229.4744895366159,61.96587806112306,-30.958549710825352,-0.04646169432641676,-0.10965315285677724
2752.0,-908.090203311223,-200.6793029940596,-908.7490991731873,-201.0674319109609,54.67744688484169,-32.06383298114443,-0.04856870775038142,-0.09815128503771933
2753.0,-914.083906097952,-171.32020491673072,-914.2539448978802,-171.90355011174805,46.101633929688894,-32.83970057280077,-0.05016070864355625,-0.08456987250552743
2754.0,-919.1286683424311,-141.78325370462127,-919.2935777816182,-142.0379232320063,37.79067240422832,-33.839560534982645,-0.052117798719534716,-0.07140428666649787
2755.0,-923.2192529111903,-112.09911263745016,-922.6916420369771,-111.72633845212533,27.977946677707536,-34.911703576285305,-0.05419539252325751,-0.05582846462143897
2756.0,-926.35141323396,-82.29859779756319,-925.1675544398631,-82.48047487953141,18.140088418701414,-34.862877003264735,-0.054475855916513126,-0.04020134933988538
2757.0,-957.0989220726041,-74.57649339744566,-956.2459718047602,-74.6200616957601,13.540143574878622,-38.66408538438885,-0.06062193321931144,-0.03326092627577971
2758.0,-954.3166377024505,-104.30606408205567,-954.4041928335323,-104.52962205066687,23.697392638632632,-38.22702000061194,-0.0595600204822392,-0.04940413402580462
2759.0,-950.6111136188825,-133.9347253861662,-951.1209429784626,-134.39105706094674,34.23055268917063,-36.33005266830589,-0.056175191019577984,-0.06612796903811312
2760.0,-945.9859346771341,-163.43381349350273,-946.4581940507102,-163.4620262862769,42.91540985278817,-36.147931030058366,-0.0555293040584331,-0.07989324395485892
2761.0,-940.4455754391183,-192.77478994148976,-940.128199095045,-193.61413242515005,51.06247892073052,-34.79038595848322,-0.052999431946436935,-0.09278218381710486
2762.0,-933.99539584458,-221.9292692303708,-933.7815221874124,-222.3950307116419,59.07085026910463,-33.8333977563971,-0.051123859037495195,-0.10545017509928906
2763.0,-926.6416360256982,-250.86904628434618,-926.4490661564068,-251.36003980270138,65.71731239141536,-32.48781948912091,-0.04862757103141067,-0.11593854771758812
2764.0,-918.391410270163,-279.56612373816193,-917.6068832014133,-279.3152280704164,72.54622293808539,-31.393951453263423,-0.046544259549125055,-0.12669880643716772
2765.0,-909.2527001385602,-307.99273902275286,-908.6805561512434,-307.6475544484401,78.36737992591576,-30.099781203398262,-0.04413753839191817,-0.13585414504321863
2766.0,-899.2343467427281,-336.121391223735,-898.615644218609,-335.5735979780602,83.26122087175666,-28.724867153478197,-0.04160728522070599,-0.1435196701121924
2767.0,-888.3460421925516,-363.92486768676446,-888.7840072388531,-364.1787419798286,88.90257070409284,-26.558610143598486,-0.03780925368684929,-0.15237774943609395
2768.0,-876.5983202194742,-391.3762703440211,-876.9475643485356,-391.66098368698357,92.75527319811015,-25.10751267156301,-0.035163186062403665,-0.15836455530298132
2769.0,-864.0025459857887,-418.4490417363565,-863.5801096418089,-417.7100360012837,96.18173196171283,-23.99468708822997,-0.033073047101531465,-0.16365422294311385
2770.0,-850.5709050895824,-445.116990705914,-850.870629640845,-445.6337042640232,100.08140039739594,-21.963740710048587,-0.029498715141439594,-0.1697050853659226
2771.0,-836.3163917759524,-471.3543177343895,-836.9832762378584,-471.67424714303957,102.91175444669294,-20.590425662614667,-0.02699409853704033,-0.17403965570200514
2772.0,-821.2527963659172,-497.13563990239254,-822.025366102166,-497.462720884901,105.41693384867621,-19.169352771053706,-0.024416560046883088,-0.177843583433944
2773.0,-805.394691915169,-522.4360154457863,-804.7800604075414,-521.6929904919181,107.72887019680486,-17.727935252145304,-0.021825725360415563,-0.18131194162213618
2774.0,-788.7574201155845,-547.2309678852315,-788.9887264702546,-547.5419840638975,109.86587948917911,-16.107639325294326,-0.018930372377098936,-0.18451970150695732
2775.0,-771.3570764531287,-571.4965097055995,-772.0714067946614,-572.1198332196378,111.54253175261078,-14.56889279975992,-0.016180376968220188,-0.1869809905075553
2776.0,-753.2104946365113,-595.2091655623442,-754.0886453750104,-595.7455614435593,113.66095699521308,-12.788621456877474,-0.013057643472960182,-0.19013233460561257
2777.0,-734.3352303116617,-618.3459949923817,-733.4225125174847,-617.5738174011755,114.58652823926894,-11.403151044043698,-0.010585268767327087,-0.19135232942391167
2778.0,-714.7495440777747,-640.8846146075074,-714.7092358576829,-641.0204514645889,116.15890149321005,-9.986812386216718,-0.008043945491184997,-0.19362565818983518
2779.0,-694.4723838213598,-662.8032197488768,-695.2136328804628,-663.5656532640822,117.95018014642652,-8.061863146766724,-0.004704183149782645,-0.19623780459021486
2780.0,-673.5233663853857,-684.0806055816065,-672.595314699844,-683.2955577907272,118.4517136589976,-6.759980375474961,-0.0023905407605263607,-0.19675901403759025
2781.0,-651.9227585912506,-704.6961876090814,-652.4139964499913,-704.7585645774183,119.76969257637619,-5.348084439726016,0.0001194182743766616,-0.19860948257640193
2782.0,-629.6914576319422,-724.6300215871269,-629.6230449330097,-724.9302624854532,121.11081421812308,-3.312055729680294,0.0036069008462247054,-0.20046482379718633
2783.0,-606.8509708553535,-743.862822818774,-608.0355528603426,-744.4989331657785,122.09086979340316,-1.611115477034688,0.006553688316291898,-0.2017602492605271
2784.0,-583.4233949573103,-762.3759848109635,-582.2196435535683,-761.9298214174079,122.42601506842374,-0.23595771423061973,0.00895579548664026,-0.20197748279134303
2785.0,-559.4313946044491,-780.1515972751201,-559.628517873387,-779.53068803926,123.55790744515596,1.7125841878581505,0.012272553578053907,-0.20350227255606398
2786.0,-534.8981805076113,-797.1724634542057,-535.7633660356386,-797.1241298708901,124.30443702383953,3.6656836430877195,0.01559647430937075,-0.20439813541506466
2787.0,-509.847486966984,-813.4221167594665,-511.2607625568541,-814.2524207345353,125.24176311484291,5.179959744822894,0.018216289290873853,-0.20558985350171496
2788.0,-484.3035489106941,-828.884836700797,-484.8477435081387,-828.7757612353935,125.85993013822836,7.279551525165239,0.021735760351148988,-0.2062502173482682
2789.0,-458.291078449082,-843.545664095298,-459.254084830317,-844.3687046103133,126.6903662741251,9.151718791481523,0.024906373452930217,-0.20725845266427423
2790.0,-431.83524096733044,-857.3904155393199,-431.28993875002215,-856.7599160391554,126.83952361014376,10.574492725223923,0.027322543327711134,-0.20715336779912827
2791.0,-404.9616307795798,-870.4056971299897,-406.1983720624726,-871.1039842097365,127.67357729037042,12.836241802164277,0.031097900197740773,-0.20817350972273757
2792.0,-377.69624636808226,-882.5789174229468,-376.7603462621084,-881.8138852678294,127.78187157269308,14.663157866136418,0.034136691287401044,-0.2079853387227894
2793.0,-350.06546523134904,-893.8982996137532,-350.2363502001447,-893.6776485990727,128.1647719502622,16.458080696489606,0.03713869488425787,-0.20826990494060896
2794.0,-322.0960183656241,-904.3528929311894,-323.1284200314855,-904.4665264807121,128.79374894045205,18.53165252292542,0.04057101803931549,-0.2089389628260443
2795.0,-293.81496440437195,-913.9325832314206,-295.8083307274407,-914.583806063065,129.15731436295948,20.630039149155156,0.044034610128711967,-0.20918300677480003
2796.0,-265.24966344079724,-922.6281027827757,-263.9986293478219,-921.7354880513803,129.14759936136102,22.316129013984057,0.04680569194885097,-0.2087779723197063
2797.0,-236.42775055872153,-930.4310392316795,-237.28814377250882,-930.7701099002331,129.4491030604724,24.48910377629992,0.050374735463897966,-0.208930707768237
2798.0,-207.37710909742438,-937.3338437410627,-206.9802248855233,-936.7013459227801,129.41060870042722,26.542586895205762,0.0537155950398534,-0.20849826183103048
2799.0,-178.12584367631334,-943.3298382933732,-178.0291712632583,-942.8156564780039,129.50866140449162,28.29056038463956,0.05657246304771738,-0.2082997547880878
2800.0,-148.70225300552158,-948.4132221511265,-148.80648231843384,-948.1098494958414,129.54479494172702,30.721861147171076,0.06050683623098012,-0.20799937361998927
2801.0,-119.13480250872884,-952.5790774687454,-119.42205400584578,-952.0984543960711,129.50155071321294,32.63939055918845,0.06360752741145266,-0.20757067799633533
2802.0,-89.45209678470907,-955.8233740502577,-89.86694663239128,-956.3151712000041,129.6473582609077,34.84714813050717,0.06717292473399411,-0.20744077731769278
2803.0,-59.68285193422125,-958.1429732482505,-59.594299448998974,-957.4261166603825,129.35712799972296,36.65606638816485,0.07006551327646243,-0.20660811322188274
2804.0,-29.855867779043887,-959.5356310003085,-30.561577157235757,-959.7973945965409,129.40887783810433,39.423361406215584,0.07449884106417948,-0.20633491268543255
2805.0,0.0,-960.0,-0.07541847720699064,-959.5282973320824,128.90408253770102,41.25948065232635,0.07741781997852894,-0.20515814285405215
2806.0,0.0,-960.0,-0.05479853528345465,-959.5209139738186,128.78775711783894,41.08215347138137,0.07713550458082113,-0.20497275266639994
2807.0,0.0,-990.0,-0.8356815080476971,-989.9734576916178,130.1028956184021,40.54021031604962,0.07664592673712489,-0.20707542405113366
2808.0,-29.90099752287988,-989.5483466446381,-30.536535559830806,-989.0789626663845,130.10974034713323,38.360225796891605,0.07316541875993963,-0.20745006332906585
2809.0,-59.77471244806304,-988.1937986810843,-59.83457878090039,-987.7541261437356,130.4184383554381,36.067826585961996,0.06950072686339427,-0.2083001838090088
2810.0,-89.59388707134123,-985.9375920409201,-89.90322200830371,-985.5779874739727,130.5781553233674,34.19155296058554,0.06648789353142617,-0.20892263111629622
2811.0,-119.33131345276952,-982.7817853570735,-119.54999911006585,-982.1890093455163,130.4778715374686,31.92160944629715,0.06283366149984296,-0.2091261077887941
2812.0,-148.9598582420348,-978.7292580854588,-150.87838969237438,-979.4857006670685,130.79845378269138,29.760840733439924,0.0593615839365009,-0.2100200082282923
2813.0,-178.45248743576624,-973.7837078776723,-177.96976864806558,-973.0884563209793,130.68701029614053,27.84295123821451,0.05623082112385423,-0.21017442779379888
2814.0,-207.78229104419952,-967.9496472071384,-206.8660113498935,-967.2056475927396,130.43752391711743,25.696499431214715,0.05274259037302918,-0.21013124938968347
2815.0,-236.92250764468255,-961.2323992517914,-236.45701873620018,-960.5413151129377,130.16293235488544,23.463464454810122,0.0491069869280274,-0.21005662360976132
2816.0,-265.8465487996328,-953.6380930370411,-265.7810623646635,-952.8327144787853,130.06767061897546,21.995994784535068,0.04667702938657108,-0.21026414061496895
2817.0,-294.5280233166512,-945.1736578434601,-293.7606713891664,-944.2464312857123,129.6654060247797,19.816381707237195,0.04310291145644653,-0.20996658214165995
2818.0,-322.9407613286608,-935.8468168842938,-322.5307934831357,-935.012482052642,129.30300610063145,17.66144913938408,0.039560141828662305,-0.20974215165339463
2819.0,-351.05883817211026,-925.6660802585607,-351.6383847844113,-925.3835657409996,129.3731241208024,16.006631136688696,0.03680849210135297,-0.21021022782949947
2820.0,-378.8565980414389,-914.6407371861739,-379.02212912605165,-914.3513624969477,128.85074302379994,13.902245793444928,0.03332414771204278,-0.2097142004658987
2821.0,-406.3086773982291,-902.7808475321693,-407.8667131899609,-903.7683146095933,128.58098146542946,12.013028364936934,0.030187754488450617,-0.20963812044969404
2822.0,-433.3900281136869,-890.0972326277719,-432.6876063598324,-889.737772589935,127.8624416151082,10.32772175283483,0.02733367404155649,-0.2087985095651061
2823.0,-460.0759403233307,-876.601465396678,-460.3640383365868,-876.4273603124615,127.43021537289394,8.384122734406779,0.024077327871779693,-0.208449552646865
2824.0,-486.3420649730388,-862.3058597955602,-486.17690792523763,-862.4403099261685,126.85557948504997,6.2855677402345025,0.02056607483842754,-0.20785112074015416
2825.0,-512.1644360358803,-847.223459578433,-511.7239895807567,-846.5633616331065,126.17847687377711,4.849899197187379,0.018086692830734493,-0.20708635288047547
2826.0,-537.5194923794639,-831.368026395124,-538.0575753034051,-831.5008465861132,125.58564427337954,2.8562953669911875,0.014729303576159527,-0.20646533720262183
2827.0,-562.3840992638442,-814.75402723472,-562.7916846910932,-814.9533738498855,124.57382821571984,1.1809202510374281,0.011860204814104654,-0.20515789989851632
2828.0,-586.7355694503766,-797.3966212254367,-586.9927638690375,-797.5814445868119,124.05822917223587,-0.4535608982236261,0.009046093724750043,-0.20463368849441632
2829.0,-610.5516839022579,-779.3116458029594,-611.6877028769354,-780.0658414092136,123.25400443981873,-2.083697329013466,0.006237137899072347,-0.20365616332728567
2830.0,-633.8107120578634,-760.5156022598775,-635.6598278313312,-761.2288026476953,122.27607874545708,-4.191680426227529,0.002651481897633724,-0.2023933322089182
2831.0,-656.4914316583873,-741.02564068939,-657.0811957449022,-741.3724227741335,121.33523672499048,-5.565631163389768,0.0002215908381662669,-0.20115828253835547
2832.0,-678.5731481116894,-720.8595443370305,-679.1218374890757,-721.6288287493599,120.4242726480396,-7.124505573067425,-0.002501234101826215,-0.19997836932159527
2833.0,-700.0357133746821,-700.0357133746821,-698.7483888662978,-699.6773937137551,118.736470653766,-9.08472659264357,-0.005889861379366842,-0.19753251486037182
2834.0,-720.8595443370305,-678.5731481116894,-719.5132255686572,-678.2246295884182,117.8826364962034,-10.43359801884466,-0.008299388350369303,-0.19642790198456683
2835.0,-741.02564068939,-656.4914316583873,-740.7326292275175,-657.147207545627,116.58595270236503,-12.116946710889207,-0.011236655619177988,-0.19462403909134873
2836.0,-760.5156022598775,-633.8107120578634,-760.9363454169843,-634.5490003860758,115.26055031950546,-13.699451231369338,-0.014032049418189295,-0.19276203004723413
2837.0,-779.3116458029598,-610.5516839022574,-779.9136019359379,-611.1803922933777,114.08608227706877,-14.999549966382252,-0.016387415529380018,-0.19112522004841367
2838.0,-797.3966212254367,-586.7355694503766,-796.1802434941292,-586.2204163067208,111.9263780441202,-16.993085820725895,-0.019865910532644603,-0.1878871611233753
2839.0,-814.75402723472,-562.3840992638442,-814.8338243520553,-562.8219584686801,110.24498693030722,-18.288436841084856,-0.022214085990301075,-0.1854395939517466
2840.0,-831.368026395124,-537.5194923794639,-832.2416555103541,-537.8502559059813,108.44255427058606,-19.537438486814704,-0.02450776161260534,-0.1827841265138349
2841.0,-847.223459578433,-512.1644360358803,-846.4208637401449,-511.5333325540958,105.86929553969757,-21.36878077332462,-0.027744736032854673,-0.17886231042360354
2842.0,-862.3058597955605,-486.3420649730383,-862.8706414526822,-486.69755724748666,103.49703256591225,-22.878708630836694,-0.03045202392161503,-0.17528819661906353
2843.0,-876.601465396678,-460.0759403233307,-876.0313358351355,-459.2583627767899,100.89207657178378,-24.53217316676637,-0.03341964153310114,-0.1713034590561038
2844.0,-890.0972326277719,-433.3900281136869,-890.4418707348785,-433.97382284388004,97.67138462386886,-25.7443948260473,-0.035658611299689405,-0.16635405404920722
2845.0,-902.7808475321693,-406.3086773982291,-902.9160918735574,-406.5440299678531,94.03073272453803,-27.377465913537975,-0.038593656588843075,-0.1607125480385245
2846.0,-914.6407371861739,-378.8565980414389,-914.0462923001718,-378.1631373392272,89.84111708721122,-29.178371486585363,-0.041807466850840726,-0.15418087891784052
2847.0,-925.6660802585607,-351.05883817211026,-926.2879440366255,-351.6470055261716,85.56038157447968,-30.257078135183164,-0.04384902415050132,-0.1475177999253497
2848.0,-935.8468168842938,-322.9407613286608,-935.3482253789945,-323.46999890119787,80.05173418393184,-31.786985184830332,-0.04662902988044599,-0.138861476325593
2849.0,-945.1736578434601,-294.5280233166512,-944.9395133853092,-295.1449186247142,74.6945238215849,-33.04883780423328,-0.04898422718847311,-0.13045267546609715
2850.0,-953.6380930370411,-265.8465487996333,-953.1952618064242,-265.35941900488996,68.24949016972404,-35.210985250521,-0.05279017393196602,-0.12029619375216703
2851.0,-961.2323992517917,-236.92250764468204,-962.3152234637099,-237.16761610863594,61.53007727337166,-36.06352941749094,-0.05449230436099308,-0.10971360790386855
2852.0,-967.9496472071384,-207.78229104419904,-967.2845287674676,-207.89735115751333,54.228868161573,-37.12017234935363,-0.056532475958664764,-0.09815423164420757
2853.0,-973.7837078776723,-178.45248743576676,-972.3132106708549,-178.37788002746595,45.52874246780096,-38.31983122059896,-0.058803316514585764,-0.08436913767820858
2854.0,-978.7292580854588,-148.9598582420348,-977.6897389125743,-148.91431425838314,37.373825051653775,-39.24907592964628,-0.060643094893109054,-0.07145602970086457
2855.0,-982.7817853570735,-119.33131345276952,-982.7660773789254,-119.95439942369762,29.167921798097847,-39.24920935652805,-0.06099797853991139,-0.05845809882697266
2856.0,-985.9375920409201,-89.59388707134123,-986.0357432243668,-89.5520653886572,19.311798423388087,-40.20151773475911,-0.06288596095748421,-0.04281163478779244
2857.0,-1014.6190836809666,-104.63324056147565,-1013.9924333327408,-104.51387823246466,23.081088586945643,-42.654276451090816,-0.06660641078064553,-0.04915303122788889
2858.0,-1011.1101275496017,-134.37376963763518,-1011.7172351210669,-134.73114034916318,30.243966758235587,-42.161671895120804,-0.06545233629054666,-0.06052524161437285
2859.0,-1006.7296070806511,-163.99847019785759,-1006.1170053057937,-164.392816410094,38.92259672048456,-41.40645527017973,-0.06388710595887687,-0.07426912432932781
2860.0,-1001.4812982282045,-193.48180611920586,-1001.8603407029633,-193.48856471500585,49.26461241521087,-40.54144271430673,-0.062154060877690036,-0.09067682226691287
2861.0,-995.36972496913,-222.79836313330165,-993.930855154549,-223.1793417991686,56.695185619501125,-39.105886589465115,-0.05950568020267983,-0.10240583462721085
2862.0,-988.4001554034636,-251.92287073310564,-988.6772427872444,-252.55911201973782,63.92630738128317,-38.020754940788095,-0.057418826295910566,-0.11385018150394402
2863.0,-980.5785972133714,-280.8302239557853,-981.0530656841265,-281.13723264292815,70.41240272688829,-36.91220998059558,-0.05530452672739396,-0.12407974976998291
2864.0,-971.9117924846045,-309.49550502287286,-971.781072783233,-309.8908726068624,76.31876035893283,-35.21691577114765,-0.052254237144528363,-0.13336645605255062
2865.0,-962.4072118949019,-337.8940048190876,-962.0224497830026,-338.4558706871626,81.7140712446108,-33.70995162478053,-0.04950599445841515,-0.14183384643114086
2866.0,-952.0730482743622,-366.0012441912788,-951.4617438132407,-365.88754682792984,86.47153345469829,-32.527697142246595,-0.047288423016037015,-0.1492762460247146
2867.0,-940.9182095433247,-393.7929950491553,-940.048229318642,-393.3045132730165,90.63490185113214,-31.16535494293795,-0.04478441321975452,-0.15576267162438762
2868.0,-928.9523110338534,-421.2453012495962,-929.0315539461228,-421.04115317342564,94.68827011507503,-29.470748629707845,-0.041747673629910664,-0.16207888665375586
2869.0,-916.1856672014397,-448.3344992465475,-916.6169270086772,-448.63436097913444,98.22714087989827,-27.85355310291494,-0.038835893742140526,-0.16755913280630053
2870.0,-902.6292827340719,-475.0372384887049,-903.0226447931248,-475.45146429739907,101.31098092406133,-26.38078360023271,-0.03616347994145635,-0.1723007278681398
2871.0,-888.2948430663297,-501.330501547397,-888.5952507374478,-502.0058728043311,103.98024247852084,-24.938868159699314,-0.033543389122054415,-0.1763722976725157
2872.0,-873.1947043066851,-527.1916239573243,-873.8093003139594,-527.5027582035004,106.40262060543203,-23.409473337512406,-0.03079702199937583,-0.18004654906816447
2873.0,-857.3418825866926,-552.5983137530422,-856.1870157511898,-552.0115245205669,108.46458917811168,-21.99207514282151,-0.028241004513045117,-0.18311245433562162
2874.0,-840.7500428412428,-577.5286706843636,-841.159625437555,-577.9376324880923,110.49685966367933,-20.401569840091074,-0.025392120362684057,-0.18616287322890837
2875.0,-823.4334870295628,-601.9612050940948,-824.655890393371,-602.1936879580577,112.29802807423066,-19.15280409650462,-0.02310758470083172,-0.18882740099235557
2876.0,-805.4071418071011,-625.8748564418578,-804.7061954519795,-625.1052798338577,113.75005951377953,-17.495100135181257,-0.02018866926042288,-0.19089405743091561
2877.0,-786.6865456589397,-649.2490114580114,-787.1901064461173,-650.0393005988554,115.4151282105153,-15.914759749970935,-0.017368113143811235,-0.19332957750078694
2878.0,-767.2878355058119,-672.0635219120334,-768.3975754762956,-672.5974994820145,116.8722180491921,-14.493368013741625,-0.014829628285163678,-0.19541845638736743
2879.0,-747.2277327942785,-694.298721980044,-749.1981848613523,-694.5482457027133,118.27411639728042,-12.718052468727228,-0.011735295646333065,-0.1974145124894742
2880.0,-726.5235290830482,-715.9354451965019,-724.9667728059852,-715.873503305039,118.83941493987061,-11.19537126622406,-0.00905070339369707,-0.19801745161716672
2881.0,-705.1930711378699,-736.955040975458,-705.2924188434745,-737.4397304189733,120.34687059550043,-9.783145500363267,-0.006538955281319757,-0.20017569052878817
2882.0,-683.2547455478431,-757.3393906871294,-681.968604881284,-756.8650405582081,121.06579392750723,-7.880427270419022,-0.003272783918968436,-0.2010342464318766
2883.0,-660.727462876406,-777.0709232759308,-661.5179924328454,-777.1917474979326,122.37910804242922,-6.472307421762964,-0.0007827509467282289,-0.20287399266824874
2884.0,-637.6306413606675,-796.132630406507,-639.6147219533414,-797.0067085774673,123.46376799156697,-4.73912053833463,0.002218374942047753,-0.20433203383369256
2885.0,-613.9841901731261,-814.5080811247059,-612.678484295854,-814.2351280145326,124.14006686661874,-2.8836591251578754,0.0053824294837358875,-0.2050785095515764
2886.0,-589.8084922602127,-832.1814360208564,-590.2717251131653,-832.2570262433278,125.16529633787862,-1.3055999968102643,0.008114702290104548,-0.20643579796128572
2887.0,-565.1243867724439,-849.1374608831419,-566.3817451021913,-850.0938944539135,125.9951593151813,0.5569577175881028,0.011297502601586218,-0.2074639859734713
2888.0,-539.9531511013346,-865.3615398293013,-538.1228218357268,-864.7036583628978,126.57459867302202,2.4407608002260575,0.014474593707965921,-0.20804010608708892
2889.0,-514.3164825385509,-880.8396879053375,-515.3806263273513,-880.940658164937,127.25744780405243,4.153093234316354,0.01739870951506713,-0.2088483711815676
2890.0,-488.23647957311476,-895.5585631403742,-489.88285789866785,-896.4680412961128,128.07445739153817,5.7553461434129884,0.020138937660692025,-0.20983641184737073
2891.0,-461.73562284278205,-909.505478047267,-461.9355884497036,-909.2780782396418,128.60123962821783,7.888924402575365,0.023691517099805857,-0.21033254236561866
2892.0,-434.83675575601245,-922.6684105590622,-436.1163371458659,-923.4408545125958,129.26450606713644,9.640553882165602,0.026652773138020357,-0.2110719560187616
2893.0,-407.5630648012372,-935.0360143918642,-407.285561393319,-934.3220746379602,129.1016630010839,11.25063478713406,0.029348558493734245,-0.2104596935011675
2894.0,-379.9380595603923,-946.5976288251962,-379.54972542023575,-945.6894870112866,129.84852944818317,13.600532358953645,0.03322775302783024,-0.21130868833930616
2895.0,-351.98555244395374,-957.3432878914045,-352.0806890279169,-956.9403930658892,130.4141870095565,15.181401440762007,0.0358815738565637,-0.21187254776571782
2896.0,-323.7296381649354,-967.2637289662008,-325.1799095214982,-967.954639884301,130.88581808031537,17.028027810890737,0.03895546218704074,-0.21229371881116604
2897.0,-295.1946729695468,-976.3504007529276,-296.6356559870123,-977.136627867776,131.49720516900223,19.516783492959647,0.043028891434268565,-0.21291719088557925
2898.0,-266.40525364241194,-984.5954706536701,-266.7156284666851,-984.0367161875218,130.97990244281092,21.128307024433422,0.04567821598815705,-0.21172744826075798
2899.0,-237.38619630444705,-991.9918315208582,-237.6331415645335,-991.4108609015967,131.3434415077518,22.9018677386228,0.04859123648378488,-0.21194986622457185
2900.0,-208.16251502167563,-998.533107783538,-208.17134853550496,-997.9689460579315,131.3420757491343,25.378284739771686,0.05261289324367625,-0.21158687477226618
2901.0,-178.75940024340983,-1004.2136609430368,-179.75517142482775,-1004.7926120497424,131.90025921928506,27.40798761613297,0.05592683495376554,-0.21212723920636326
2902.0,-149.20219708840418,-1009.0285944332762,-149.12311459624536,-1008.2529938722213,131.62692986441343,29.003342838598147,0.0585083008524965,-0.2113170720582037
2903.0,-119.51638349767101,-1012.973757841553,-121.32197899756972,-1013.7337141215543,131.89909511296415,31.595928870000687,0.06270165190759033,-0.2114097567511927
2904.0,-89.72754827282053,-1016.0457504861425,-89.13602585075341,-1015.4072769286548,131.39630271547261,33.57990343642195,0.06587974157803211,-0.21021535730208088
2905.0,-59.86136901882444,-1018.2419243476435,-60.1882100828264,-1017.8665712168612,131.43310890806882,35.293415472935386,0.06863699959504713,-0.20991941306257944
2906.0,-29.94359001024846,-1019.5603863515383,-29.734513473277516,-1018.4796313354263,131.21066128607404,37.87657319867275,0.07275573093405864,-0.209192411080188
2907.0,0.0,-1020.0,-0.3080407310476576,-1019.645869335237,131.04609932470316,39.752093952223795,0.0757549978071942,-0.20857011737085623
2908.0,0.0,-1020.0,-1.4307290731057798,-1020.7401449476623,131.3546686577487,39.634447585379995,0.07558115936273295,-0.20907497025093158
2909.0,0.0,-1050.0,-1.2237672842494287,-1050.6241950691192,132.23766329723477,39.213637605358294,0.07527740862961513,-0.2104777652114967
2910.0,-29.98385333338088,-1049.5718024695987,-31.406532521884333,-1050.3368201570283,132.60154115728224,37.00433276311812,0.07175767129246914,-0.21142654231961397
2911.0,-59.943251405906004,-1048.2875591224424,-59.63760383437819,-1047.5129139704666,132.3349063264637,34.43517764688975,0.06763414962683652,-0.21134792497084268
2912.0,-89.8537589027822,-1046.148317405826,-91.02202949441487,-1046.6148113534464,132.89340440787657,32.868717797652465,0.06513005230683958,-0.21262116648411258
2913.0,-119.69098038506793,-1043.1558221159778,-119.27400395862783,-1042.1681865559692,132.4571762658371,30.455520638510794,0.061234872048250545,-0.212272888997712
2914.0,-149.4305801869495,-1039.3125139749793,-149.66721935846542,-1038.5206025211417,132.50433089109785,28.129989016105725,0.057489001655308784,-0.21272016279917283
2915.0,-179.0483022642549,-1034.6215276400776,-178.3429018967288,-1033.7901858047915,132.51312716910735,26.627304315888477,0.055039471390634115,-0.21308535281653432
2916.0,-208.51998997803244,-1029.0866891470132,-207.93559747276518,-1028.1100143193346,132.44956475037154,24.378985879191646,0.05139159655610011,-0.21334661102506464
2917.0,-237.82160579705214,-1022.7125127894502,-238.28078162659938,-1022.4366898308809,132.31085303610448,22.04061098539485,0.047600476273504624,-0.21349748112225625
2918.0,-266.9292509031611,-1015.504197437055,-268.4820008040718,-1016.4203467731023,132.45875758067976,20.895365938031066,0.04570408017989928,-0.21410275202794063
2919.0,-295.8191846835013,-1007.4676222952222,-295.64548799384187,-1006.684355377529,131.81558147503992,18.4256307845084,0.04165413817929663,-0.21341177595372157
2920.0,-324.4678440936948,-998.6093421099112,-324.11721243872273,-997.9633086721506,131.5447872417769,16.34343070613691,0.03823340740709828,-0.21332948598274049
2921.0,-352.8518628762015,-988.9365818215009,-354.1490209857595,-989.6718868167177,131.67519972412637,15.096708434065576,0.03614764246594431,-0.21390484263934878
2922.0,-380.94809061817324,-978.457230672025,-382.93107384544993,-979.1207891252274,131.38958576418293,12.670107826401525,0.03215636864256288,-0.21380276692448033
2923.0,-408.73361163326103,-967.1798357705926,-407.5960705049704,-966.5350907410752,130.3489974034361,10.66459026018792,0.028810351594685344,-0.2124486906560634
2924.0,-436.185763651981,-955.1135951222441,-437.07326555953244,-954.9962058542554,130.32815715318074,9.11601129744567,0.02620439521763029,-0.21277652877577333
2925.0,-463.2821563053824,-942.2683501259262,-464.36421986449795,-942.1863603538887,129.54829654923412,7.048638032354524,0.02275718664375373,-0.21186957365236042
2926.0,-490.0006893869573,-928.6545775477051,-490.50963607054814,-928.7383915854424,129.06679238775374,5.051822317374005,0.019414458820250304,-0.21142343818114565
2927.0,-516.3195708778842,-914.2833809757659,-515.3953112947952,-913.448314862908,128.3389343615654,3.7439548867958297,0.017145666000580994,-0.21056979034312176
2928.0,-542.21733472091,-899.1664817641682,-542.0414189319282,-899.1084161080263,127.84503474891382,1.6844847718768277,0.01369229716016427,-0.21011005885302264
2929.0,-567.6728583283773,-883.3162094727403,-568.8820038710322,-883.2963920851353,127.1581751697322,-0.4069195966811861,0.010170074298321645,-0.20934560379624376
2930.0,-592.6653798101078,-866.7454918109125,-593.0180504170075,-867.6218020800511,126.95637423653757,-1.4627251048413814,0.008297741364093109,-0.2093200211431188
2931.0,-617.1745149070967,-849.4678440936947,-615.5105516933896,-849.0051037983916,125.42762004474362,-3.783744262440031,0.004375726445863378,-0.2071623983320852
2932.0,-641.1802736172099,-831.497358218389,-640.0441502191909,-831.1811843395157,124.42973085720803,-5.551894599085416,0.0013433387257299188,-0.20587467067911433
2933.0,-664.663076499314,-812.8486911710365,-665.9080465527437,-813.6389537597034,124.26524532011018,-6.68518728480804,-0.0006751918253029429,-0.20592963825288518
2934.0,-687.6037706425492,-793.5370530719714,-686.2599961988944,-793.1047055333288,122.77870479476269,-8.894577721479903,-0.0044430282984189995,-0.20381298530091715
2935.0,-709.9836452877206,-773.578194770225,-710.8586788338903,-773.7133374963614,121.92782271277468,-10.514139773966644,-0.007258126919670994,-0.20276002380644123
2936.0,-731.7844470880582,-752.9883949969116,-732.3222693465405,-753.7199960904137,121.19518559831202,-11.563772263630026,-0.009173526821066506,-0.20185685963456906
2937.0,-752.9883949969116,-731.7844470880582,-755.1603089083492,-732.2765185114232,119.73420365366098,-13.373556813447982,-0.012316506079583293,-0.19981133150291533
2938.0,-773.5781947702253,-709.9836452877203,-772.4417624637975,-709.5941522294767,118.09406078222678,-15.322217746527828,-0.01569568660318382,-0.19741260854212211
2939.0,-793.5370530719714,-687.6037706425492,-794.6956545940246,-688.2398928435823,117.71641325032897,-16.41802080887388,-0.01770123637883759,-0.1970841066408335
2940.0,-812.8486911710369,-664.6630764993137,-811.9595174862753,-663.7211006227135,115.48768748173778,-18.199410214739686,-0.020836686657145106,-0.1937484094726465
2941.0,-831.497358218389,-641.1802736172099,-831.731386602265,-641.6909581826234,114.2716981165624,-19.773077440270956,-0.023611058391201523,-0.19205524783516906
2942.0,-849.4678440936947,-617.1745149070967,-850.425386985727,-617.4560414794241,113.21712843127341,-20.9469072161997,-0.02577607087046976,-0.19060579296822822
2943.0,-866.7454918109125,-592.6653798101078,-865.9039264148009,-591.9470357547733,110.81972509231815,-22.82725254154943,-0.029081141504035214,-0.18697977230090013
2944.0,-883.3162094727403,-567.6728583283773,-883.53099410127,-568.2195593388196,109.19710667045469,-24.291381539367507,-0.03170196493726612,-0.18461317309473482
2945.0,-899.1664817641682,-542.21733472091,-897.6919222843377,-541.6278975123632,107.06380075957709,-25.719115516456252,-0.034299941496986695,-0.18139133978958663
2946.0,-914.2833809757662,-516.3195708778836,-914.4000442487724,-516.9013767041704,104.73459931223346,-27.09116795960445,-0.03678645581160037,-0.17788892446799376
2947.0,-928.6545775477051,-490.0006893869573,-929.317526049451,-490.08602523074705,101.92480303626633,-28.765092650091244,-0.039778996582165056,-0.17359968879889545
2948.0,-942.2683501259262,-463.2821563053824,-942.7072206529593,-463.51761136884187,99.31315152953285,-29.943496656231304,-0.04197986745132004,-0.16960709955615424
2949.0,-955.1135951222441,-436.185763651981,-954.4450971359347,-435.5245707132544,95.56254692980288,-31.86544692725614,-0.04538157632090773,-0.16378158039470123
2950.0,-967.1798357705926,-408.73361163326103,-967.8903180994507,-409.10558251847823,91.92695803746301,-33.31378219486164,-0.04801022612354372,-0.15816002421842615
2951.0,-978.457230672025,-380.94809061817267,-979.1324035811413,-381.4430731744838,88.2674064647444,-34.378533935583576,-0.050043613152037196,-0.15247334851135413
2952.0,-988.9365818215009,-352.8518628762015,-988.8954980188993,-353.304991118446,83.22709261770173,-35.88787934143285,-0.0527904173013568,-0.14457100822915592
2953.0,-998.6093421099112,-324.4678440936948,-998.0932069995275,-323.82915217820624,77.86426938157244,-37.94388541738772,-0.056423642401357436,-0.13614845405193582
2954.0,-1007.4676222952222,-295.8191846835013,-1006.9481569688405,-295.30640152271894,72.46406246553879,-39.28404220201656,-0.058905885522757453,-0.12766220413992538
2955.0,-1015.504197437055,-266.9292509031611,-1016.1122219919931,-267.19001807560875,66.07965599153141,-40.16738499592744,-0.06065610982901786,-0.11761333770518957
2956.0,-1022.7125127894502,-237.82160579705214,-1022.2744436895416,-237.77698978761396,59.41938735332158,-41.742449783627364,-0.06352312385503688,-0.10708865950623384
2957.0,-1029.0866891470132,-208.51998997803244,-1029.3229656374072,-209.21792807337704,52.34765615052505,-42.328939762572354,-0.06480631370129968,-0.09591997279188681
2958.0,-1034.6215276400776,-179.0483022642549,-1035.6861074183141,-179.4727530099014,44.56777054862703,-43.41725465482904,-0.06690270900077461,-0.08361582951433606
2959.0,-1039.3125139749793,-149.4305801869495,-1039.9051961778757,-149.36056008249798,36.33102846685809,-44.44453827220397,-0.0689064648672659,-0.07055831840704888
2960.0,-1043.1558221159778,-119.69098038506793,-1042.3965242995714,-119.73523418511907,25.673856498548453,-45.8510186552226,-0.07150776848301528,-0.05362741365359922
2961.0,-1068.6170189052818,-156.389471851491,-1068.1773137198154,-156.69046278279544,35.13542922185445,-47.4620859105695,-0.07361927197436036,-0.06900171096559583
2962.0,-1063.879502514475,-185.90428755021568,-1064.5083520541568,-186.0396882235776,45.43061282923421,-46.109400607492354,-0.07110696728227968,-0.08534207090314345
2963.0,-1058.326957734948,-215.27668366892274,-1057.8278564623868,-214.87593960344648,52.402899785602806,-45.40071040146845,-0.06962589499983618,-0.09635699439247881
2964.0,-1051.963638320641,-244.48415828269847,-1052.8495466099762,-244.43743168504662,60.534697908173804,-44.39242349884237,-0.06765911776221128,-0.10923818384109898
2965.0,-1044.79441915255,-273.50433581149264,-1045.2546338886195,-273.4213445458268,66.44558329762641,-43.20266850426929,-0.0654105986831664,-0.11855263542885398
2966.0,-1036.824792504126,-302.3149841618442,-1036.0890209425029,-302.1154303382902,72.39539475263122,-41.765586951709366,-0.06277199666574934,-0.1279098034510455
2967.0,-1028.0608638336948,-330.89403175868426,-1027.2952518821664,-330.60281571525593,77.74968527270131,-40.330918109797395,-0.060139766050972,-0.1363237244301227
2968.0,-1018.5093471071201,-359.21958445417187,-1018.6829317781176,-359.19295404173846,83.45033847972593,-38.8409272461588,-0.057418229291413235,-0.14529112094695906
2969.0,-1008.1775596542961,-387.2699423005974,-1008.1112339092729,-387.1193628604755,87.63598645615848,-37.57381796815185,-0.05505954826990383,-0.15182331530487803
2970.0,-997.0734165634076,-415.0236161745177,-997.1059241911763,-414.9770538998634,92.11422174804147,-35.932839975058265,-0.052106678292439305,-0.15881586640564196
2971.0,-985.2054246172526,-442.4593442393761,-985.5149661104143,-442.2090823008175,95.42630439348693,-34.49122211404129,-0.0494787622930885,-0.16394525550599415
2972.0,-972.5826757762746,-469.55610823400224,-973.2790441951835,-470.3531262435011,99.19394154247315,-32.72711150358493,-0.046326413712294526,-0.16979178326262576
2973.0,-959.2148402132933,-496.29314957450924,-959.9476775268008,-497.06542846595465,101.87734724851539,-31.457277575975027,-0.04397826540680717,-0.17389928720108194
2974.0,-945.112158905275,-522.6499852572563,-944.4488944213853,-522.4900682681795,104.30691150953233,-29.949867862659094,-0.041267773461506695,-0.17757624564186017
2975.0,-930.2854357878117,-548.6064235506919,-931.5708469602274,-549.1617527660809,106.93408209019033,-28.592864708661008,-0.038781388467538244,-0.1815998003865462
2976.0,-914.7460294783256,-574.1425794640545,-914.391907724125,-574.0685510974872,108.83868198386934,-27.10625173897992,-0.036110337558179335,-0.18442067526068354
2977.0,-898.5058445743357,-599.2388899810825,-899.7984355677642,-599.8945398565394,110.73957095669759,-25.44616076901995,-0.03315193053596902,-0.18726730816603698
2978.0,-881.5773225334539,-623.8761290470622,-880.7499412274644,-623.5703616040203,112.36621014254953,-23.920858247920286,-0.03043437902989543,-0.18962289844317257
2979.0,-863.9734321420979,-648.0354222977352,-862.9403647479548,-647.8547334573922,113.91382560211586,-22.675350038909386,-0.02815468110536364,-0.19186789154713957
2980.0,-845.7076595802226,-671.6982615187733,-846.6312427003677,-672.646105916561,115.65975964843864,-21.068305602501514,-0.02529337118119687,-0.19444689450972127
2981.0,-826.7939980896796,-694.8465188247566,-827.665949215544,-695.7733026642233,117.42741955459638,-19.171915380293004,-0.021991934251091572,-0.19702794519262717
2982.0,-807.2469372541228,-717.462460546779,-807.0315289906789,-717.2950216198557,118.24806519901864,-17.929902715921227,-0.01975163379373131,-0.19808133411629242
2983.0,-787.0814518986705,-739.52876081805,-786.5496736754925,-739.2809610607868,119.07261380484938,-16.693903651357793,-0.017515218982034217,-0.19914280325427614
2984.0,-766.3129906178278,-761.0285148470856,-765.5261709730338,-760.5923502538802,120.89643655440017,-14.8557056517065,-0.014328635996483383,-0.201788033046172
2985.0,-744.9574639404609,-781.9452518683114,-746.0491818787968,-782.7309169561742,122.0915657450749,-13.20295119781016,-0.01142706516013182,-0.20345160607242063
2986.0,-723.0312321408832,-802.2629477601696,-722.3328460974104,-802.4190245989247,122.73242953241208,-11.77828692055534,-0.008918521820235803,-0.2041811191475414
2987.0,-700.5510927053998,-821.9660373210503,-700.1956106121958,-821.3950532781679,123.8045859809381,-10.052028287393119,-0.005938696966575023,-0.20561639501062445
2988.0,-677.5342674639071,-841.0394261936516,-678.8029885647576,-841.9264570061395,125.07263187934329,-8.372790356170558,-0.003014659248301835,-0.20737255787675749
2989.0,-653.9983893964052,-859.4685024286277,-654.4638188489015,-859.4196654889744,125.47199449281634,-6.952087925989165,-0.0005393022543268139,-0.20771008206574995
2990.0,-629.9614891245324,-877.2391476786712,-631.6568154528195,-878.2007383314459,126.77619371187818,-4.615783116381134,0.0034090536254466086,-0.20950646283879398
2991.0,-605.4419810984703,-894.337748014451,-605.6543621029152,-894.2892038178143,127.27970524906573,-3.4282870246750075,0.005496047354766283,-0.20998937499851225
2992.0,-580.4586494898014,-910.7512043541177,-580.1658770403191,-909.8507385314796,127.57234662376116,-1.7874812813072694,0.008298052495339915,-0.2101429714267896
2993.0,-555.0306338011268,-926.4669424983925,-554.9528985762026,-925.6436926330292,128.75387537613472,0.2453381693349571,0.011726801015603914,-0.21171465017699898
2994.0,-529.1774142034689,-941.472922763544,-531.2334090331229,-942.3867868261678,129.64557417182382,1.9951145579443772,0.01471670885148931,-0.21284334094288287
2995.0,-502.91879661268644,-955.7576492048846,-502.93847354833616,-955.812601096204,129.70035310942606,3.669478038059592,0.01754596667855332,-0.2125839970225834
2996.0,-476.27489751634727,-969.3101784237039,-475.8255545569231,-969.6666974380236,130.49119072719665,5.992929114456199,0.021413524659009763,-0.2135106029997562
2997.0,-449.2661285626671,-982.1201279509106,-448.35136546148107,-981.2515291389967,130.71638928611813,7.306660217303398,0.02364627176768276,-0.213532541989549
2998.0,-421.91318092333336,-994.1776842009454,-423.81542341486403,-994.9142905990466,131.7790696281472,9.04090536501146,0.02657373611453458,-0.21492335926654668
2999.0,-394.2370094421883,-1005.4736099898793,-394.1240578696217,-1005.4674187681262,132.03454512409812,11.484694001544606,0.030592390402685184,-0.2149663317984079
3000.0,-366.25881658191093,-1015.9992516119379,-365.0712444657814,-1015.0183902435484,132.12890449942702,12.860857827893499,0.03289959364591246,-0.21476070039093373
3001.0,-338.000036181008,-1025.7465454690243,-339.42821329918365,-1026.2777020046976,132.66442028224768,14.673763743024006,0.03592281550913207,-0.21529895072330457
3002.0,-309.48231703354134,-1034.7080242481695,-309.3323484731868,-1033.7978821703334,132.89531243562973,16.87288838209804,0.03951493051944317,-0.21529784375857253
3003.0,-280.7275063041864,-1042.8768226421723,-281.3537319625857,-1043.3794107680715,133.36319106498104,18.75942808244316,0.042634796426731916,-0.21569984236748446
3004.0,-251.75763279132036,-1050.246682609048,-251.46845377274067,-1050.1710638848813,133.1076831522107,20.661056608968305,0.04574450941741254,-0.2149271847030886
3005.0,-222.59489005095384,-1056.8119581662595,-223.71037062851255,-1057.364729320954,133.77400996040964,23.087300673245124,0.04969409740262086,-0.2156477242642675
3006.0,-193.26161939445993,-1062.5676197160494,-193.70523094386954,-1062.5666981377178,133.52840074518892,24.766524590017926,0.05243037364272039,-0.2148893529258485
3007.0,-163.78029277309025,-1067.5092578985725,-163.1604842087217,-1066.4978867022317,133.53288619548755,26.37452588346279,0.05503773234591959,-0.21452241105710418
3008.0,-134.1734955624222,-1071.6330869698643,-133.65550125950074,-1070.6908631905826,133.69201203003186,28.825362896439703,0.05898971186849935,-0.2144143209627816
3009.0,-104.46390925990805,-1074.9359477020655,-105.43398652512828,-1075.154318228195,134.02705358868445,30.695406220298214,0.062020642069136364,-0.21460192803946115
3010.0,-74.67429410878522,-1077.4153098036777,-75.63436014678128,-1077.4758582072734,133.79711519083062,32.654723591816904,0.06516742435390908,-0.21387101449739127
3011.0,-44.82747166166572,-1079.069273857996,-45.582355202953885,-1079.4703473190768,133.6487565744828,35.21573950862506,0.0692678342329231,-0.21326684833670712
3012.0,-14.946307297146324,-1079.8965727782356,-14.962016242131819,-1079.6279144950367,133.37915585331186,37.08776752162857,0.0722491890726125,-0.21246275900180056
3013.0,0.0,-1080.0,-0.019979722019705475,-1079.3014776850464,132.97972752639154,37.750182010005204,0.07329945661186478,-0.21164405435949948
3014.0,0.0,-1110.0,-0.7084750808602621,-1110.163676528058,134.3818939438253,37.58836964782631,0.07341989275089066,-0.21388410350720133
3015.0,-29.92914353582603,-1109.5964340097764,-30.8449758505497,-1109.9038407541518,134.6871869084646,35.31930033072874,0.06980537456887442,-0.21473907325868746
3016.0,-59.83652421679045,-1108.386029490472,-61.4038414682384,-1108.9742782217108,134.7468043648117,32.90264878196023,0.06594776984458588,-0.21520821098559548
3017.0,-89.70039501280627,-1106.3696665828047,-90.6181516341981,-1106.5733206995098,134.63316746572028,31.377171607122055,0.06349049305345368,-0.2153851391075603
3018.0,-119.49904053181884,-1103.548811476853,-118.72544570233907,-1102.3575176387073,134.40624698327989,29.03292342798459,0.059707875372299865,-0.21536821321079597
3019.0,-149.21079281006814,-1099.9255153459214,-149.90866159343932,-1099.1943126419767,134.39597517147925,26.538096845184768,0.05569849585842322,-0.21573376511361655
3020.0,-178.8140470678637,-1095.5024128550388,-179.73904171119037,-1095.6374366254065,134.6494724908096,25.208062476184214,0.05353811945125756,-0.21650255048396763
3021.0,-208.28727741940546,-1090.282720245172,-208.79035018068842,-1090.3655640495633,134.4343087659761,23.07239804183813,0.050074539455724904,-0.2165158973668452
3022.0,-237.60905252524745,-1084.2702329945494,-237.1918625842615,-1084.1649329450304,134.45364113142895,20.885241017647342,0.046517631977623854,-0.2168944983339797
3023.0,-266.7580511760123,-1077.469323058794,-267.10097608326856,-1077.2880031059976,134.23271707645344,19.3333375951922,0.04396347939560034,-0.21690918288162273
3024.0,-295.71307779601443,-1069.8849356918754,-294.8599101128238,-1068.720558013097,133.70202706569728,16.92997831289996,0.04003348902994847,-0.21640452640899507
3025.0,-324.45307785554354,-1061.5225858501856,-324.23239412017534,-1060.5229106739573,133.4034875972285,14.781151372568418,0.03651312837135267,-0.21628911010263635
3026.0,-352.95715318057506,-1052.3883541823636,-354.93119260468694,-1053.24473177896,133.97424648894489,13.424275905502881,0.03426445833443988,-0.21757346844414918
3027.0,-381.204577148796,-1042.4888826077752,-382.75164391972885,-1043.1346051761736,133.34156376798126,11.43727116172096,0.030978223619014596,-0.21690723893215935
3028.0,-409.1748097608826,-1031.831369486868,-409.05183874134633,-1031.843209670077,132.4967631956193,9.280856110811591,0.02740789705747672,-0.215884794834457
3029.0,-436.8475125760754,-1020.4235643869146,-435.87091776120036,-1019.398565509342,131.9635427411398,7.931504547736612,0.025107928125730344,-0.21536460065675506
3030.0,-464.2025635011972,-1008.2737624469443,-465.6293196029256,-1009.1052669111364,132.06490282348045,5.928922908485993,0.02179465870872776,-0.21589037057815977
3031.0,-491.2200714223488,-995.3907983459675,-492.2554145882864,-996.2086677472672,131.29145247263023,3.891114674836121,0.018393441874053295,-0.21498547517536432
3032.0,-517.8803906686506,-981.7840398788758,-519.0283265037683,-982.6909391242152,130.98273848905242,2.659834777918373,0.016268247799088913,-0.2148220287363888
3033.0,-544.1641352975154,-967.4633811446856,-543.0727138041921,-967.6805859435439,129.9239466989655,0.5038891441983907,0.01265312236446304,-0.21343138022438052
3034.0,-570.0521931910554,-952.4392353520867,-569.6465824226983,-952.7834795319663,129.28087140310888,-1.6208086953114738,0.009089116269038569,-0.2127333435512682
3035.0,-595.5257399533798,-936.7225272475192,-594.7061851036619,-936.7606326404511,128.743499016981,-2.7615580134291613,0.007077325969771865,-0.2121849931101246
3036.0,-620.5662525986814,-920.3246851712876,-620.5667828056603,-919.7121220091161,127.85473545036952,-5.0218257821306445,0.0032712054415789935,-0.21108719599994477
3037.0,-645.1555230201457,-903.2576327474914,-644.4286812880642,-902.9198917911331,126.78330084556596,-6.665272809487976,0.0004499242725210833,-0.2096741908877655
3038.0,-669.2756712299059,-885.5337802138091,-668.4157467352368,-885.3443756268624,126.22245537701184,-7.99989016685968,-0.0018894320927546717,-0.20907534654123927
3039.0,-692.9091583604007,-867.1660153974448,-694.1633709450407,-868.1809937725543,125.68295462613064,-9.845052170806012,-0.0050362981020317076,-0.20853203488338207
3040.0,-716.03879941769,-848.1676943437973,-716.6182035939934,-849.3803736471565,124.54779580923643,-11.515324988425869,-0.007924870539026232,-0.20700037724062428
3041.0,-738.6477757774559,-828.5526316046659,-740.2535069943991,-829.4058099525652,124.06337227926183,-12.775276119555619,-0.010174772984437627,-0.20651885416671023
3042.0,-760.7196474145949,-808.335090193055,-759.784574254184,-808.569782163735,122.54319188718439,-14.741674765396509,-0.013559571897253063,-0.20433860837967593
3043.0,-782.2383648575147,-787.5297712118836,-781.3680002774823,-787.2957217225121,121.061710395788,-16.54680291856374,-0.016693065423240148,-0.20224508898809593
3044.0,-803.188280858444,-766.1518031641359,-803.0503854688495,-766.1974982871474,120.41391806705974,-17.671245736190105,-0.01874106111977184,-0.20147963905917035
3045.0,-823.5541617712646,-744.2167309522341,-822.6293122708624,-743.9138529228709,118.82860639451576,-19.367413205345848,-0.021713502690291434,-0.1991963197542898
3046.0,-843.3211986285927,-721.7405045746249,-842.5287454732261,-721.5777738967519,117.38514149891223,-21.08099945095164,-0.024714309258191514,-0.19714268183971656
3047.0,-862.4750179100628,-698.7394675278025,-862.1138790263553,-698.4022730200701,116.35347979295445,-22.385820708584603,-0.027074826518734947,-0.1957405998379971
3048.0,-881.0016919939729,-675.2303449222028,-879.9948078274156,-675.0607676469426,114.90179490487871,-24.00488661312936,-0.029937512720804593,-0.19364915883044
3049.0,-898.8877492846965,-651.2302313206079,-900.2019806450895,-651.8557482792953,113.53049111341325,-25.599007216169337,-0.03275882570205382,-0.19171413775881224
3050.0,-916.1201840085014,-626.7565783079023,-917.4147304177483,-627.2417811268643,112.15203622081542,-26.705001107656283,-0.03482051623861128,-0.18973106273845042
3051.0,-932.686465670643,-601.8271818012249,-932.3250852777818,-601.3487868655805,109.78999055667258,-28.507471950859877,-0.03800634848162483,-0.18615435701734592
3052.0,-948.5745481668624,-576.4601691097425,-947.7063652102019,-576.1649617070456,107.83242729727344,-29.99272707043675,-0.04067863104545947,-0.1832271724439138
3053.0,-963.772878542664,-550.6739857534468,-963.3701999321221,-550.5399235251239,105.6388763767071,-31.650015283056927,-0.04363011630455412,-0.17992786228348864
3054.0,-978.2704053939976,-524.4873820505725,-979.1188027173655,-525.1301506704069,103.60847655340402,-32.71187698636568,-0.04563131449297779,-0.17688925331123845
3055.0,-992.0565869032425,-497.9193994833795,-991.3560927312307,-497.1810230369783,100.65397693997608,-34.58677490245635,-0.04895759941225555,-0.17233689089165036
3056.0,-1005.1213985046465,-470.9893568522152,-1005.6190306694023,-471.32130953506544,97.97574789076968,-35.723928281701575,-0.05108413843556858,-0.16824903478650372
3057.0,-1017.4553401736499,-443.7168362279281,-1017.1311530628578,-442.98476566000573,94.10511191534219,-37.53128258405688,-0.054307669031044614,-0.16222971495315705
3058.0,-1029.0494433347874,-416.12166871284654,-1028.183065437275,-415.4946555421905,90.71453537565839,-38.85939962566551,-0.056758103585642115,-0.15696879726195742
3059.0,-1039.8952773831527,-388.2239200206702,-1040.356929176191,-388.04920428090986,86.74020440533108,-40.594971707610405,-0.05985647604200744,-0.15079254604679423
3060.0,-1049.9849558146784,-360.04387588576964,-1049.9355612069185,-360.0974433494545,82.2132136458362,-41.899847399402155,-0.06227557466452058,-0.14370492572636565
3061.0,-1059.3111419607749,-331.60202731249876,-1059.728364713501,-332.39793976452376,77.09378838805547,-42.95893490839419,-0.06430039985569287,-0.135677039569588
3062.0,-1067.8670543231588,-302.9190556752413,-1067.2931847725342,-302.6324770385001,71.33238539452366,-44.62199299489777,-0.06731177582134883,-0.12660012805997406
3063.0,-1075.646471504993,-274.0158176800352,-1076.0345337763074,-274.05087458692316,65.50374139167972,-45.75974694641844,-0.06947260558524927,-0.11743060807832309
3064.0,-1082.6437367347487,-244.91333019870535,-1082.9302050875542,-245.58984700098048,59.11208084156262,-46.688736419021915,-0.07129969968442461,-0.10734241546663272
3065.0,-1088.853761979505,-215.63275498652754,-1088.8574979105554,-215.53693316650921,51.76433049148134,-48.08094901256536,-0.07388353206581978,-0.09572069897282762
3066.0,-1094.2720316446898,-186.19538329454596,-1095.0499932267905,-186.74848545582873,44.41777593013947,-48.74147795210701,-0.07528736786176145,-0.08410413356365017
3067.0,-1098.894605857578,-156.6226203877283,-1097.9325267690413,-156.34511278792922,35.888912136193206,-49.7356390241824,-0.07724197363051308,-0.07056532755610119
3068.0,-1129.1590369276269,-156.84345483530467,-1128.328082577741,-156.77818219397383,35.121961353283574,-52.20914861098412,-0.08117338261649289,-0.06971694102140424
3069.0,-1124.6460001434023,-186.47084051252213,-1123.8750575861275,-186.70285157556017,43.16790845852628,-51.20827474605497,-0.07921395577225566,-0.08246792748169143
3070.0,-1119.3557240365558,-215.9693567768313,-1118.957481984826,-215.83544616548156,50.92576308779718,-50.81380638401375,-0.07822935377953111,-0.09475471118707966
3071.0,-1113.291864700309,-245.31861729617938,-1113.1057780945257,-245.17725664601548,57.57783940781417,-49.87288629380304,-0.07637248458847723,-0.10527015380983899
3072.0,-1106.458612848826,-274.4983388886928,-1106.919208245594,-274.56643350186033,64.42779514650812,-48.488225405008365,-0.07380879988724809,-0.11609643021447343
3073.0,-1098.860690921026,-303.4883555403168,-1098.9596747612957,-303.41391750287653,70.16143442079412,-47.37923893330185,-0.07169049874535198,-0.1251243203479105
3074.0,-1090.5033498169175,-332.26863234148624,-1090.609717946432,-333.23849226890565,76.19615540478635,-45.60744952230408,-0.06850534755852393,-0.13462661540115298
3075.0,-1081.3923652687204,-360.81927933318974,-1081.3446815872417,-361.8856541386674,81.21381786412913,-44.34296773151417,-0.066142021269737,-0.14249900458392428
3076.0,-1071.534033849274,-389.12056525285675,-1070.4529435934803,-388.6171872966784,85.39937991080734,-43.1497326864696,-0.06391554835145946,-0.14902714265766417
3077.0,-1060.9351686204964,-417.1529311705705,-1059.9718238857602,-416.65869908254757,89.47350712538241,-41.75984660508329,-0.061360052315485754,-0.15538295551879522
3078.0,-1049.6030944248982,-444.8970040061836,-1049.6951882169112,-445.88006504044796,93.82632570527203,-39.956747934937354,-0.0581324583769866,-0.16218482377427126
3079.0,-1037.545642823406,-472.33360991799526,-1036.9305870729104,-471.57396465054217,96.47581282602039,-38.9036301974713,-0.05614169694975885,-0.16624528576960668
3080.0,-1024.7711466829974,-499.443787553729,-1025.6028715615457,-500.09882642271776,100.08676562715159,-36.934602036301385,-0.052658548092114864,-0.17185356542076508
3081.0,-1011.2884344178801,-526.208801154668,-1010.5487250595191,-525.4840079096488,102.22277109602233,-35.722261978711536,-0.05041815733438362,-0.17506875598538085
3082.0,-997.106823888205,-552.610153503875,-996.9075837727374,-551.6266459571513,104.95596982887498,-34.329153625650555,-0.0478807883489189,-0.1792517141859733
3083.0,-982.2361159605204,-578.629598709564,-982.0583278068989,-578.2534390752508,106.99624702862423,-32.89599647411146,-0.04527375028701243,-0.18231705776718413
3084.0,-966.686587734425,-604.2491548147783,-967.8355228150116,-604.831549147002,109.57437658294153,-31.09947071326346,-0.04208898934169445,-0.1862460920853091
3085.0,-950.4689854400958,-629.4511162246637,-949.9005211578507,-628.7203488401865,110.80542894272565,-29.985819457377232,-0.04002399283738524,-0.18798572328921978
3086.0,-933.5945170116032,-654.2180659427494,-934.6863834751033,-655.0130235276798,113.29602433874284,-28.149601379973163,-0.03677955532764801,-0.19176330184294524
3087.0,-916.074844341142,-678.5328876077801,-915.5119719756991,-678.2484398851994,114.25511991803778,-26.783040040726224,-0.0343200418920786,-0.19305492136891989
3088.0,-897.9220752195342,-702.3787773227813,-896.9136184705249,-702.1711120689228,115.8978998533568,-25.064587699527006,-0.031292059729147635,-0.19544171330928028
3089.0,-879.148754968574,-725.7392552681755,-878.6778765457578,-725.5327936857772,116.9709672824183,-23.837613302305897,-0.02905315944451754,-0.19692622052870704
3090.0,-859.7678577709936,-748.5981770909387,-859.1937203042902,-748.2646453683484,118.54181398078212,-22.152106669889857,-0.026092195952023407,-0.19918767876464685
3091.0,-839.7927777040474,-770.9397450619084,-841.432438779102,-772.0569723756656,120.09224701358609,-20.55156642258628,-0.023253473048869815,-0.20143774764269218
3092.0,-819.2373194829069,-792.7485189935466,-817.6869542003784,-792.7393638433228,120.90135432805876,-19.055016486741227,-0.02061834316292365,-0.20243467162315099
3093.0,-798.1156889202645,-814.0094269106052,-799.837645090906,-814.9887061783256,122.35553858732891,-17.693871343525387,-0.018179526292867766,-0.2045304777490153
3094.0,-776.442483108743,-834.707775466318,-777.669744099961,-835.3496004953906,123.44853948062496,-16.0076492008397,-0.015246461080944629,-0.20599855301669315
3095.0,-754.2326803328882,-854.8292600969315,-753.3886613334377,-854.8019578049757,124.00569251151114,-14.36158509720381,-0.012388436201300854,-0.20658791984401664
3096.0,-731.5016297177251,-874.3599749075389,-732.1191189722574,-875.038904426024,125.4681996222718,-12.885679381483595,-0.009791617963098052,-0.20865508469558838
3097.0,-708.265040621026,-893.2864222824034,-708.0691495469852,-893.1438028115223,125.90311138770107,-11.145857603208418,-0.006800875402625808,-0.2090527289452595
3098.0,-684.5389717766204,-911.5955222131179,-683.991820170512,-911.567380406449,126.74472971960108,-9.480613209948775,-0.003924923581202063,-0.21009733172276804
3099.0,-660.3398201962567,-929.2746213381573,-659.586068918663,-928.9455244063842,127.47234981028699,-7.955154724546058,-0.0012842513387547108,-0.21095647849054852
3100.0,-635.6843098376781,-946.3115016875759,-636.7737626638423,-947.2070453425464,128.94061979796658,-5.963019121987178,0.002109979297298202,-0.21301392105804942
3101.0,-610.5894800467482,-962.6943891268098,-610.8428411120989,-962.7293406643174,129.24868033871758,-4.5321892367479615,0.004577316916592667,-0.21318663934360804
3102.0,-585.0726737816109,-978.4119614937447,-584.5645591207426,-977.6807636190891,129.7356908201919,-2.7223440377051675,0.007640884684489386,-0.21363991119160752
3103.0,-559.1515256270291,-993.4533564234235,-560.878476114937,-994.2065426020512,131.06734258587798,-1.1435316938283557,0.010356033338789521,-0.2154692179854769
3104.0,-532.8439496071754,-1007.8081788549971,-534.2353546596289,-1008.2094164258373,131.413085123005,0.8876912305296345,0.013760317843955858,-0.2156931867380261
3105.0,-506.1681268053094,-1021.4665082157145,-506.72086465129223,-1021.4737035994987,131.82649957713963,2.4056410118196414,0.016338657319699457,-0.21601418706454842
3106.0,-479.14249279888634,-1034.418905277001,-480.29985424032765,-1034.4795677754162,132.56199213549866,4.50236887230332,0.01983498581856952,-0.21686118242952443
3107.0,-451.7857249187868,-1046.6564186778803,-451.15027560948516,-1046.4935169483897,132.88842345414926,6.287569080704913,0.022823354703921512,-0.2170237199102662
3108.0,-424.11672934147225,-1058.170591111231,-424.96720547186135,-1058.235236972385,133.50016045444335,7.990846021006957,0.02567800467554843,-0.21767666623530338
3109.0,-396.15462802298765,-1068.9534651686051,-396.39762950357016,-1068.910731872538,133.6083128565418,9.837514162711171,0.028747810801999764,-0.21749890530749832
3110.0,-367.91874548383606,-1078.9975888395675,-367.47235499270937,-1077.958455781685,133.70294566929036,11.348368420292317,0.03126321726511343,-0.2172952710545561
3111.0,-339.4285954538617,-1088.2960206617586,-338.67120338055514,-1087.1979159678856,134.20106780166196,13.81816475178662,0.035307175629231254,-0.21773533012841492
3112.0,-310.70386738637603,-1096.8423345181154,-312.5634377264507,-1097.5658621020032,134.92844300736945,15.614679553171674,0.03829339369404483,-0.21857324262543704
3113.0,-281.76441285083456,-1104.6306240779425,-282.22258578328626,-1104.53963583454,135.11172859919793,17.419665344791277,0.04125152542122412,-0.21849336711417872
3114.0,-252.63023181348248,-1111.655506878757,-252.0103784476518,-1110.6581509223256,134.92382682133132,19.38006495669239,0.04444653159620952,-0.2178243040629363
3115.0,-223.32145881543917,-1117.912128046093,-224.41284125042958,-1118.5400413547366,135.41529967300585,21.085499507989578,0.04725734428409338,-0.21826852111097236
3116.0,-193.85834905778154,-1123.3961636486888,-194.81365680587723,-1123.849275081104,135.89782176393325,23.642082591502092,0.051391294677166945,-0.2186739784612999
3117.0,-164.26126440323344,-1128.1038236867435,-164.66066627427173,-1128.1040793859788,135.7122262347876,25.099747556872487,0.053763348996165576,-0.2180093111454893
3118.0,-134.55065930415296,-1132.0318547111726,-134.078651546085,-1131.0554544379986,135.43955975664244,27.002852680805507,0.05682838028333412,-0.21720081186265247
3119.0,-104.7470666665203,-1135.1775420720583,-104.85982337831821,-1135.03455792007,135.72888322129182,29.729348077272117,0.061216464452379216,-0.21730344226227594
3120.0,-74.87108365971294,-1137.5387117947328,-74.00379691480269,-1136.2224745689896,135.4889171999911,31.204511825168836,0.06357880885882874,-0.2165436315586318
3121.0,-44.94335748186196,-1139.1137320822086,-45.46746318027493,-1139.2588372064513,135.66836921328158,33.586280884380315,0.06740669830044442,-0.2164797546031792
3122.0,-14.984571090645089,-1139.9015144429054,-13.89575863358013,-1138.76763728699,135.18197590520427,35.45483984372547,0.07037458653674088,-0.21531897780143386
3123.0,0.0,-1140.0,-0.21390953433795454,-1139.6068605614084,135.2125585940274,36.54656884199067,0.07212240514732202,-0.21520009042768382
3124.0,0.0,-1170.0,0.25940496876227,-1169.144163890553,136.07892104573125,35.7392169999193,0.07119920733507416,-0.21657315242478375
3125.0,-29.88019327709465,-1169.618388214602,-31.00080308801778,-1170.213177735384,136.6393609798331,33.9148758644876,0.06830877042273209,-0.21784796320297856
3126.0,-59.74089487230241,-1168.4738017943992,-59.855353518769505,-1168.3177465385759,136.7880649128274,31.714329991127784,0.06478327959582922,-0.21843801375923905
3127.0,-89.56262581869962,-1166.5669873849763,-90.06559957838526,-1166.7186699878043,136.71442353284903,29.950180844757394,0.06195596517873144,-0.21869079392675841
3128.0,-119.32593257100636,-1163.8991888544556,-120.48183432433287,-1164.2490143236275,136.83298911796604,27.61665129030648,0.058211791738392846,-0.21925200371804712
3129.0,-149.01139969566628,-1160.4721464820852,-148.95778931106452,-1159.8465639394917,136.38245538426696,25.92630917090745,0.055467612009784895,-0.21888370125876463
3130.0,-178.5996625360826,-1156.288095823008,-178.103516688523,-1155.0818072425825,136.23771092647465,23.496444083679723,0.05154200776699418,-0.21901028023183164
3131.0,-208.0714198447191,-1151.3497662499449,-207.86083092212337,-1150.3922688282819,136.21233311812517,21.76409764848835,0.04872746013417379,-0.21933432721552545
3132.0,-237.40744637383776,-1145.6603791727518,-237.70060774570848,-1144.4899627760262,136.00149159689204,19.474747445157575,0.04501156073879065,-0.21936420944962556
3133.0,-266.58860541667127,-1139.2236459370015,-267.9350636091845,-1139.9094670253082,136.26348349269338,17.96216340125553,0.04254811125730685,-0.2201514630630206
3134.0,-295.5958612908202,-1132.0437654029715,-297.32816612260643,-1132.683461502929,136.09692468297808,15.927955610743773,0.03922207231234926,-0.2202463530132778
3135.0,-324.4102917557672,-1124.1254212066099,-323.8041077111121,-1123.1854355109363,135.41917055824229,14.137914494751863,0.036256811326219565,-0.21949192396011807
3136.0,-353.013100356375,-1115.4737787042686,-352.3279281446741,-1114.6051541084532,134.97810302376791,12.219793353194532,0.033098944241379304,-0.21913927363165342
3137.0,-381.38562868434036,-1106.0944816031995,-382.7308818270655,-1106.658552445498,135.15481206252824,10.419371243535386,0.030136161642355153,-0.2197928589506748
3138.0,-409.50936854959224,-1095.9936482800047,-409.6254955825829,-1095.982857600871,134.38644471250043,8.517117898730968,0.026977886468827622,-0.21889934193703905
3139.0,-437.3659740536993,-1085.1778677894508,-436.87941393253186,-1084.4115603827438,133.9393267555043,6.826807927649854,0.024145961233165075,-0.21852150960568636
3140.0,-464.93727355741197,-1073.6541955662449,-464.2026451248339,-1072.824069835361,133.26497651319093,4.786347742024306,0.020756556303544095,-0.21778287473245045
3141.0,-492.20528153452597,-1061.4301488225772,-491.7825359833029,-1060.5848400789394,132.79977718405308,3.1047885609090864,0.017930378230995758,-0.21738025718002393
3142.0,-519.1522103043429,-1048.513701644435,-518.1561857788132,-1047.6344936478174,132.30490729520878,1.1412982756115513,0.01464678384340459,-0.2169156446636076
3143.0,-545.76048163507,-1034.9132797898849,-546.4955414343417,-1035.339779973479,132.10278033980478,-0.29716123345454104,0.012206831405525123,-0.21694102094265366
3144.0,-572.012738210589,-1020.6377551927148,-571.1491378952481,-1020.664511006139,131.283531636284,-2.276703614042047,0.008876564235304644,-0.21593907806181145
3145.0,-597.8918549531188,-1005.6964401750254,-597.8696739907338,-1005.8389401049205,130.63041507608537,-3.915699829003336,0.006086452377481542,-0.21522685645276143
3146.0,-623.3809501943779,-990.0990813725435,-623.8530800754364,-989.9504532912389,129.78115860937407,-5.716516846078071,0.0030257772117999286,-0.2141934408758763
3147.0,-648.4633966879669,-973.8558533766198,-649.8045581048532,-974.2464346036342,129.58933963753822,-7.2841197952528445,0.00033853293930240837,-0.2142059785477981
3148.0,-673.1228324557861,-956.9773520970597,-672.6530285217783,-957.0408445389468,128.22765219281226,-8.941922329016995,-0.0025106581346363444,-0.21231861026739313
3149.0,-697.3431714614077,-939.4745878501161,-696.909196571224,-939.0731013248926,127.68013576198985,-10.687458460580725,-0.005508815635169274,-0.21174427543555305
3150.0,-721.1086141034458,-921.3589781761547,-720.7896225076994,-921.0812812197483,126.59276827877717,-12.613843806437458,-0.008795098468824368,-0.21030613926503616
3151.0,-744.4036575220748,-902.6423403916734,-744.8423883966738,-903.034690124702,125.98820826416417,-13.983133441173361,-0.011195406719305159,-0.20963852568913538
3152.0,-767.21310571198,-883.3368838805376,-766.7064067589868,-883.1677421503417,124.67596097849167,-15.620908898412347,-0.01404531728911689,-0.20781778730813094
3153.0,-789.5220794351304,-863.4552021294605,-789.9458143665752,-863.7671710115831,124.07769414268232,-17.052976608148956,-0.016562122106002355,-0.2071502284605673
3154.0,-811.3160259269229,-843.0102645129206,-810.5399943171527,-842.6185056252133,122.65338196675684,-18.723151673114597,-0.01947929541142651,-0.20513558159067577
3155.0,-832.5807283893547,-822.0154078328773,-832.250142208085,-821.6585994610105,121.7773887744998,-20.265675453341327,-0.022190993658195365,-0.20400727871629415
3156.0,-853.3023152650363,-800.4843276188038,-854.6837753722498,-801.4405507623509,121.00866300097573,-21.687509310307746,-0.024701522418027023,-0.2030585577456669
3157.0,-873.4672692859962,-778.4310691937116,-873.1683105181763,-777.8102610236807,119.42535878649676,-23.13533055696477,-0.027295201016577883,-0.20076503042460508
3158.0,-893.062436291368,-755.8700185119966,-894.4890511503963,-756.5537316489175,118.47390731269917,-24.946304697413492,-0.030437784017800652,-0.19951186290504627
3159.0,-912.0750338082184,-732.8158927750798,-911.5310100654086,-732.746991344402,116.89476839277656,-26.344965880551882,-0.032955382930527466,-0.19720729766420098
3160.0,-930.492659389909,-709.2837308309664,-931.9228800441015,-710.234948705866,115.64124824836084,-27.912692007460976,-0.03572620093110958,-0.1954619970701271
3161.0,-948.3032987065577,-685.2888833639878,-947.5839797264716,-684.9791151783232,114.13501956350926,-29.17825661815212,-0.03804971707509056,-0.19325656072685654
3162.0,-965.4953333823204,-660.8470028811222,-964.8774369706301,-660.7635543581918,112.20508504202176,-30.9827609642533,-0.041218242256636964,-0.19039676703918593
3163.0,-982.0575485743815,-635.9740335014288,-983.9933432618946,-636.2633999025065,111.00643043371089,-32.19238073245895,-0.04344346463730514,-0.18872316096521258
3164.0,-997.9791402887073,-610.6862005552546,-997.5614537434012,-610.0615491195855,108.54177869676708,-33.89971925904615,-0.046481671653387374,-0.18496671417684293
3165.0,-1013.2497224277931,-585.0,-1013.0703270569352,-584.6532394254056,106.71884873405145,-35.11923051428865,-0.04873375897718842,-0.18225536778280715
3166.0,-1027.8593335658027,-558.9321876593475,-1028.8998840650493,-559.4702202098624,104.5952640856871,-36.676443287635784,-0.051520555833569424,-0.17906944199943173
3167.0,-1041.798443446684,-532.4997682929701,-1041.341871789513,-531.586713925991,102.04310006390453,-38.24140081322577,-0.054352751637839244,-0.1751599234890737
3168.0,-1055.0579592010201,-505.7199845038542,-1054.5330462674467,-505.8580234981445,99.2586065385326,-39.827108499889114,-0.05719158237782627,-0.17088981635933734
3169.0,-1067.6292312775636,-478.6103054904673,-1068.4470758167834,-479.4045791873738,96.60765083911177,-40.94055270403089,-0.05928765848210455,-0.16684109406694866
3170.0,-1079.5040590855754,-451.1884156511189,-1078.667365540928,-450.4625295761269,92.70842099966497,-42.9208737623841,-0.06279388983198121,-0.16076044464593947
3171.0,-1090.6746963443015,-423.47220304792796,-1091.0929826243207,-424.39609360015396,89.77753572924358,-43.888354986120326,-0.06465291895728273,-0.15624797205703633
3172.0,-1101.1338561360872,-395.4797477379481,-1100.0473002412177,-395.00421191514596,84.93372709459256,-45.75552900012742,-0.067984580274324,-0.14864847446600893
3173.0,-1110.8747156598342,-367.2293099790406,-1109.854349244786,-366.66845143773554,80.66008935824716,-47.14651029173683,-0.07054542304724765,-0.14196687542186515
3174.0,-1119.8909206817077,-338.73931831819755,-1120.0399860610617,-338.6657174193044,75.70268619808319,-48.603556874328625,-0.07320733343042936,-0.13420166646123236
3175.0,-1128.1765896801749,-310.02835757009433,-1128.4255352044977,-310.1210963160651,70.56813715737803,-49.89924169411163,-0.07561906506826745,-0.12613247545034004
3176.0,-1135.72631768269,-281.11515669368913,-1135.4219914055502,-281.8028434897528,64.29967797163981,-50.53734017796818,-0.07698144322123532,-0.11624159820982656
3177.0,-1142.5351797915055,-252.01857657480812,-1141.7805658089567,-251.58454569591947,58.19636916575676,-52.21785930349116,-0.08002615515239633,-0.106605753841317
3178.0,-1148.5987343963202,-222.75759772266238,-1149.342194239048,-223.022965833006,51.330728946995066,-53.09111773492277,-0.08176578200571824,-0.09577135511649588
3179.0,-1153.9130260716672,-193.35130788833115,-1153.2580497756626,-193.7951347830724,42.83255444975225,-53.94704217598783,-0.08348598051674938,-0.08229404770808248
3180.0,-1181.7693036146495,-208.3778132003164,-1181.4018490239305,-208.45464808899808,44.75095179789283,-56.2378637858655,-0.08695240168452843,-0.08569194826167024
3181.0,-1176.2069854182525,-237.77537183927743,-1175.7104917190236,-238.1301425051062,53.706517970628234,-54.87458681314276,-0.08441924401936139,-0.09987547260893238
3182.0,-1169.9134946181885,-267.0251207475774,-1170.6633549936168,-267.48037964542476,60.34299173467608,-54.04956776947436,-0.08274673387190105,-0.11037593650485941
3183.0,-1162.8927434748935,-296.1088772283522,-1163.0736512601386,-295.79702217574714,66.7236991873321,-53.12893821480666,-0.08093471327521808,-0.1204381969242722
3184.0,-1155.1490963400145,-325.00856177160625,-1155.2331659518543,-325.0173902681059,71.8453032467964,-51.88390585245592,-0.07859532167213763,-0.12849346073963938
3185.0,-1146.687366943369,-353.706209293085,-1147.0565670199537,-354.4584052738116,77.70860643147036,-49.8583540353441,-0.07501099251824919,-0.1377250590012171
3186.0,-1137.512815400558,-382.183980302021,-1138.1059333376536,-382.81708942969993,81.99795838833,-48.75966647096876,-0.07291506891489768,-0.14444215649928352
3187.0,-1127.63114494309,-410.42417199080245,-1127.996813066161,-411.1792380721863,86.72073651679294,-47.117272829973196,-0.06995376778524072,-0.15183488522028132
3188.0,-1117.048498373045,-438.4092292396744,-1117.7087678052992,-438.96701212710315,90.21790561722385,-45.871062571108155,-0.06763004644194485,-0.15727480530069488
3189.0,-1105.7714542444892,-466.12175552963373,-1105.6522064726148,-466.35234086980586,93.73017574488271,-44.50076376212678,-0.06511376077414847,-0.162717100444046
3190.0,-1093.807022774008,-493.54452375673367,-1094.2041776381782,-494.1831895184377,96.94545797227552,-42.93362377159925,-0.06227873636567954,-0.167694177344736
3191.0,-1081.162641482903,-520.66048694107,-1081.9138794636744,-521.1150147896407,100.11493124155487,-41.42206653487256,-0.059543184972304944,-0.17258803177445167
3192.0,-1067.8461705737625,-547.4527888237955,-1068.777174458336,-547.8174404183267,102.38098342289697,-40.19648774134345,-0.057265591858655034,-0.17603368096428568
3193.0,-1053.8658880442745,-573.9047743455816,-1053.0591184140324,-573.1630726494585,104.75211211385891,-38.4865076359964,-0.054233666724776176,-0.17961495087706356
3194.0,-1039.2304845413264,-600.0,-1038.4927394166698,-600.1541225640665,106.70501386524359,-37.23680564929246,-0.051914145582957344,-0.1825446964997122
3195.0,-1023.9490579585866,-625.722244055398,-1023.1789568165974,-625.1877375433978,109.03790283717596,-35.70821541704253,-0.04917473266519875,-0.186070057135334
3196.0,-1008.0311077809257,-651.0555166389113,-1007.3624605396604,-651.3263254535727,110.60202581745922,-34.32996882910536,-0.04666106651548125,-0.1883657319736744
3197.0,-991.4865291791939,-675.9840696763464,-990.9558129759758,-676.1434215299131,112.53032764254762,-32.66546385842011,-0.04370799027424338,-0.1912337878784186
3198.0,-974.3256068590276,-700.492406681748,-975.561562320609,-701.0929517153623,114.15378613207172,-31.17491031681926,-0.04103014441403089,-0.19362906934339677
3199.0,-956.559008667507,-724.5652923905727,-955.9077016344472,-724.5687714849297,115.70732055943326,-29.827906584243976,-0.03859881366216446,-0.19586089587854477
3200.0,-938.1977789616359,-748.1877622304801,-939.4474857817222,-749.0201909421743,117.17745029177856,-28.4954457221102,-0.03617868046456528,-0.1979990922004381
3201.0,-919.2533317427736,-771.3451316238471,-919.3774040291601,-770.9152110100863,118.53110914990624,-26.804753439336906,-0.033219712407278376,-0.19990770943900885
3202.0,-899.7374435612807,-794.0230051162315,-899.6490253353135,-793.5792310489383,119.32259952810806,-25.514711235484203,-0.03088898083331334,-0.20092579258136295
3203.0,-879.6622461957917,-816.2072853251034,-881.2483728739711,-817.0749283551932,121.3189046258352,-23.647521145831757,-0.027629504341216398,-0.2038776585320899
3204.0,-859.0402191116623,-837.8841817032873,-858.5168249507389,-837.6899651679743,121.72921636925052,-22.250899679746677,-0.025154240445080314,-0.20425229730309202
3205.0,-837.8841817032873,-859.0402191116623,-837.6333281505475,-858.9827180769835,123.14795328062557,-20.534865837609587,-0.0221623159929655,-0.20625452760825277
3206.0,-816.2072853251034,-879.6622461957917,-815.6932174092117,-879.6176742608696,123.97580246225778,-19.41033566933727,-0.020119854895023798,-0.2073033905611321
3207.0,-794.0230051162315,-899.7374435612807,-793.1526424137547,-899.7898777239144,125.19803748866487,-17.387007543684458,-0.01665257973952013,-0.2089725842113952
3208.0,-771.3451316238471,-919.2533317427736,-770.7529595854634,-919.0346956857056,125.83685932499266,-16.099817379376862,-0.014368262202548027,-0.20971497243354598
3209.0,-748.1877622304801,-938.1977789616359,-747.2863638772001,-938.2862341009721,126.94802477925678,-14.120906603812374,-0.010982954815163714,-0.21119605241892486
3210.0,-724.5652923905727,-956.559008667507,-723.8221342300426,-956.1220045612723,127.63993118188591,-13.07799907712264,-0.009104681737600298,-0.21200988987635258
3211.0,-700.492406681748,-974.3256068590276,-702.3636558313473,-975.1321037436687,129.2676620545941,-10.981564707259322,-0.005535286640325066,-0.21433770261770047
3212.0,-675.9840696763464,-991.4865291791939,-675.6044859340715,-991.6514304709593,129.17757153756995,-9.431464834964961,-0.0028659143244324187,-0.21386660027881918
3213.0,-651.0555166389113,-1008.0311077809257,-650.4908905794498,-1007.590431744356,130.27484905823374,-7.679296972297436,0.00011795195645542892,-0.21530540617139246
3214.0,-625.722244055398,-1023.9490579585866,-627.7010171065062,-1024.8390837760296,131.243494163238,-6.240181785910292,0.00261961868586858,-0.21656794577486957
3215.0,-600.0,-1039.2304845413264,-601.2238437756376,-1039.8201097810772,132.07607596151198,-3.915215839147088,0.00650338913440789,-0.21756877563862412
3216.0,-573.904774345582,-1053.865888044274,-573.4853140329778,-1053.9894668948555,132.18077095875205,-2.7049320489865445,0.008603147344059174,-0.21739568988066404
3217.0,-547.4527888237955,-1067.8461705737625,-546.6832176110784,-1067.1791633894188,132.83891688839122,-0.8876456927038864,0.011656982265362222,-0.21811491711268008
3218.0,-520.66048694107,-1081.162641482903,-522.5326726505942,-1081.8050581219954,133.59158688285356,0.8913383720833986,0.014667446277291126,-0.21901705754508735
3219.0,-493.54452375673367,-1093.807022774008,-493.1037013983394,-1093.40518651636,133.9093925955569,2.9462970014463346,0.018080080972160687,-0.21916244523373765
3220.0,-466.12175552963373,-1105.7714542444892,-468.04071702344226,-1106.4669930763355,135.00459290609197,4.301359114145405,0.02039669689707197,-0.22059856497500832
3221.0,-438.4092292396744,-1117.048498373045,-437.40052896134335,-1116.2542430441415,134.87959797859605,6.362551530755301,0.02379705069957856,-0.22002437981732798
3222.0,-410.42417199080245,-1127.63114494309,-411.89551797764426,-1128.2577379264283,135.60930977063606,8.052503796766436,0.026633699743008384,-0.22087339302709416
3223.0,-382.1839803020216,-1137.512815400558,-384.47601589828383,-1138.1276261992773,136.0773702626083,10.137602509140562,0.030073113666013875,-0.22128252853862815
3224.0,-353.706209293085,-1146.687366943369,-354.1078137190521,-1146.7514935236086,136.03900558274063,11.686787025157818,0.0326443336700331,-0.22084955070598966
3225.0,-325.00856177160625,-1155.1490963400145,-324.5275845362119,-1153.8327632224155,136.3061038994976,13.642432754063803,0.03584356463484547,-0.22091238261570575
3226.0,-296.1088772283522,-1162.8927434748935,-298.1172106632411,-1163.5344581799434,136.90592464056343,15.373964751142992,0.03871819979436161,-0.22154357984246928
3227.0,-267.0251207475768,-1169.9134946181885,-269.23521404040815,-1170.51491696298,137.16758202281645,17.797912247366213,0.04266152154189553,-0.22160630347119195
3228.0,-237.77537183927743,-1176.2069854182525,-238.27648570506895,-1176.2081745457376,137.16615668402656,19.292969704028287,0.04511070455740039,-0.22122488426801093
3229.0,-208.3778132003164,-1181.7693036146495,-209.004492156692,-1181.9637982572874,137.3771141264711,21.55691567233299,0.04878437544233759,-0.22120214015461687
3230.0,-178.85071941140896,-1186.5969914701543,-179.47826632793985,-1185.760036666605,137.02457920538353,23.081794115368734,0.05125778728938217,-0.2202794565148755
3231.0,-149.2124455769827,-1190.6870479202064,-148.27015490081519,-1189.394697500843,137.2718150728661,25.299836463776334,0.054832424919376344,-0.22029073972506943
3232.0,-119.48141591498016,-1194.0369304384817,-120.29396386566349,-1194.2292591596781,137.55398489562043,27.22611741604938,0.05795740501823507,-0.22039720329325738
3233.0,-89.67611230370893,-1196.6445566174161,-89.30941058355783,-1196.395631313693,137.42493881056595,29.537813934642017,0.061663115797857056,-0.219812353086563
3234.0,-59.81506279283608,-1198.5083054627069,-59.15474376084495,-1197.4859321359552,137.1908657220176,30.967388061808403,0.06395170657099655,-0.21907051080918105
3235.0,-29.91683008568779,-1199.6270184009795,-31.054915439321928,-1199.87557376545,137.61165913656473,33.641685630003415,0.06823724921997291,-0.2193960864935067
3236.0,0.0,-1200.0,0.10982553302764624,-1200.0048710278581,137.28256384213026,35.30175408741754,0.07088091372872186,-0.21849064132771379
3237.0,0.0,-1200.0,-1.762500392855464,-1200.3362117258093,137.45428786003066,35.3980137905292,0.0710381737249685,-0.2187868789154981
3238.0,0.0,-1230.0,-0.7720276242952163,-1230.0729438539838,138.4079252819883,34.65917562942251,0.07022646122176156,-0.22029250971859185
3239.0,-29.95175976598766,-1229.6352679095214,-31.284267164841935,-1230.0717315005704,138.51081279091775,32.96094376884364,0.06752362642282946,-0.2208299428447613
3240.0,-59.8857563320506,-1228.5412879462124,-59.952671402194454,-1228.3606077123557,138.56884272849,30.3987190440152,0.06342476303352922,-0.22127340152782815
3241.0,-89.78423703291656,-1226.7187089061686,-90.26265233698079,-1226.7436478492675,138.5373306973224,28.739206122321935,0.060763763323829045,-0.22159445408678272
3242.0,-119.6294702663585,-1224.1686116886801,-118.80084774724553,-1223.0937703662903,138.3043742617257,26.300736159993008,0.05683811789245527,-0.22157319890925448
3243.0,-149.40375600911372,-1220.8925086551924,-149.52559901047266,-1220.7966258699769,138.4472099532916,24.899418857901612,0.054579719071447895,-0.22217681416806764
3244.0,-179.0894363140566,-1216.8923427323855,-178.37071052465933,-1215.8272625720956,138.10775347922342,22.198510152963205,0.05022022970164422,-0.2219898177081156
3245.0,-208.6689057824301,-1212.1704862599004,-210.30796897008463,-1212.5476082109292,138.5953725105867,20.988984007083694,0.04825504321450088,-0.2231570222377398
3246.0,-238.1246220049123,-1206.729739583399,-240.37331804613302,-1207.2727028852416,138.24351523251119,18.6859531398107,0.04452505412588339,-0.22296523350154318
3247.0,-267.4391159653148,-1200.5733293937903,-268.7413355382087,-1201.0514330253593,138.18335735572376,17.203040839783387,0.042088734175475546,-0.22321691160760412
3248.0,-296.59500240077256,-1193.7049068136084,-298.1362308195894,-1194.1437849275687,137.80470398445507,14.991451320167661,0.038484282355249304,-0.22297426453510058
3249.0,-325.5749901122441,-1186.128545231676,-326.66903996714353,-1186.525687172682,137.6959486985637,13.477634095264982,0.03598166877590801,-0.223150615661292
3250.0,-354.36189221924224,-1177.8487378873394,-356.53369796299575,-1178.3916361249364,137.29460872321067,11.155648109639701,0.03218649579937188,-0.22287761490818836
3251.0,-382.9386363526875,-1168.8703952057065,-382.5732825867504,-1168.0336605087784,136.50786903950856,9.670266003549726,0.02969558290735843,-0.2219443858987681
3252.0,-411.28827477985305,-1159.1988418854687,-413.2041390222999,-1159.7772406199626,136.49101908083193,7.4333941772061465,0.026034374674713406,-0.2222927036244046
3253.0,-439.3939944553936,-1148.839813741034,-439.2831435936375,-1148.7499523716826,135.94808031788023,6.045904344817605,0.023691065121553074,-0.22174797860669077
3254.0,-467.23912699249223,-1137.799454300842,-466.59533594464546,-1137.6340304040482,135.44518751929326,3.769154910286632,0.019931369459907356,-0.22128209153805461
3255.0,-494.80715854822284,-1126.0843111638817,-496.9036347271399,-1126.7131488508346,135.47297513960868,2.4269968563463773,0.017661510832846703,-0.2216975018223072
3256.0,-522.0817396172525,-1113.7013321165703,-524.808294247864,-1114.258795310371,134.73276128573005,0.13126758462232724,0.013855216086955384,-0.22086116249253093
3257.0,-549.0466947280852,-1100.657861012297,-548.3995587900599,-1100.7892367375546,134.0295172922182,-1.143502265436522,0.011661395539117016,-0.220030836491699
3258.0,-575.6860320360908,-1086.9616334160746,-574.9554476707891,-1086.247546185786,132.96920056519608,-3.2743908534731148,0.00809188932979084,-0.21866851925889855
3259.0,-601.983952807635,-1072.6207720168834,-601.2357636893488,-1072.0607679256798,132.54420856063967,-4.615162384146594,0.005784240074677833,-0.21831397779322026
3260.0,-627.9248607896803,-1057.6437818104264,-626.734241949202,-1057.1855519323647,131.77904554987654,-6.84516404381874,0.0020529058355590823,-0.21740846221037818
3261.0,-653.4933714593036,-1042.0395450551541,-653.080537184078,-1042.101185053968,131.19889089304453,-8.089566994941462,-0.00011236080506889987,-0.21680777975944301
3262.0,-678.6743211476485,-1025.8173160045499,-677.7700024504055,-1025.8244197321526,130.45074144829616,-10.130407028981814,-0.0035597997031650667,-0.2159194341477257
3263.0,-703.4527760328937,-1008.9867154187986,-702.9737012638117,-1008.5311600802912,129.85133699789228,-11.436662795916249,-0.005850560407470311,-0.21527412135140978
3264.0,-727.8140409969105,-991.5577248590963,-727.0671269518967,-991.4133883058412,128.75080871088937,-13.41756672491369,-0.009212907814903621,-0.2138176477132896
3265.0,-751.7436683403548,-973.5406807679823,-750.5496656853993,-973.4460441824991,128.0967683592427,-14.73887966263951,-0.011535888245048078,-0.21306430017863787
3266.0,-775.2274663510212,-954.9462683392067,-777.0664920085374,-955.7588395562931,127.49801352617321,-16.589310495252324,-0.014697555098867466,-0.21243610311740854
3267.0,-798.2515077203902,-935.7855151807618,-800.0496783269072,-936.249490300967,126.67514583128339,-17.749345842360047,-0.016782739166461943,-0.21140794296521348
3268.0,-820.8021378033545,-916.0697847748517,-822.2071520172568,-916.9163242435483,125.61407783333527,-19.738607307023443,-0.0201855198787102,-0.20999056277608674
3269.0,-842.8659827162534,-895.8107697386566,-842.3005012159193,-895.962003673103,124.34363807096373,-21.144798432050205,-0.022680169559064656,-0.20821467779778943
3270.0,-864.429957268389,-875.0204848899089,-865.1013642854459,-876.1114447245922,123.40104116781357,-22.783797009220123,-0.025531826068751453,-0.20699372978444094
3271.0,-885.4812727223347,-853.71126012138,-883.9575683985264,-854.4272613721413,122.14581811488601,-23.98037253322562,-0.027701800768279498,-0.20522691166909918
3272.0,-906.0074443784279,-831.8957330885102,-907.6825277447209,-832.5310364922769,121.21481853719224,-25.883056100926215,-0.030998178189751518,-0.20403573875451142
3273.0,-925.9962989789477,-809.5868417145199,-927.2239733779901,-810.2657643312332,120.2764749740245,-26.96237373569134,-0.03298864774126272,-0.20278164214507455
3274.0,-945.4359819275945,-786.797816517436,-944.2665556753324,-786.877231421178,118.32052515938909,-28.84364016487886,-0.03626921498408315,-0.19987737137373157
3275.0,-964.3149643199777,-763.5421727636007,-963.7200138223594,-763.4575109936691,117.22345685535477,-30.037235353967972,-0.03845570140874579,-0.19836957891293874
3276.0,-982.6220497809526,-739.8337024523007,-984.1002180710615,-740.447435292093,115.76522256947266,-31.748383876883462,-0.041460882639484796,-0.19629832277363424
3277.0,-1000.3463811047455,-715.6864661362816,-1000.20366142061,-714.898385641928,114.0798161644344,-33.02403929393174,-0.043804049810480056,-0.1938131336026588
3278.0,-1017.4774466939315,-691.1147845829936,-1016.9511887514403,-691.3330260182729,112.42294981766544,-34.899671272682184,-0.047077815138878126,-0.1913812554242256
3279.0,-1034.0050867934476,-666.1332302815067,-1033.416709193106,-666.3406583517799,111.06622162259184,-36.00716334211841,-0.049146524360528236,-0.18942360821959917
3280.0,-1049.9194995159362,-640.7566188001542,-1050.4957912334694,-641.403780466035,109.21303916049179,-37.60981353815841,-0.05200262263495005,-0.18668334378106344
3281.0,-1065.2112466548595,-615.0,-1065.9676883938714,-615.4801729452998,107.66546776222674,-38.86768670181984,-0.054322075670766475,-0.18440979130763335
3282.0,-1079.8712592819234,-588.8786491093673,-1079.504686791159,-587.8341006459553,104.61231387814945,-40.71474816530042,-0.05760034598927892,-0.17971633323304745
3283.0,-1093.8908431254981,-562.4080576647056,-1093.195734962247,-561.6109025538511,102.87722160962875,-42.137231936415304,-0.060185454021311056,-0.17712252201601725
3284.0,-1107.261683726848,-535.603924323175,-1107.3375616831484,-535.5481220301431,99.88924939085011,-43.73854692032332,-0.06305321613868649,-0.17254021109981463
3285.0,-1119.975851371104,-508.48214555239844,-1119.9709935970905,-508.44608018579476,97.5778891760661,-45.0053509256366,-0.06540131530364299,-0.1690162883632431
3286.0,-1132.025805790066,-481.05880620289173,-1132.6366692197523,-481.51325014773874,94.24549997571513,-46.44343413714237,-0.06801994145934231,-0.1638677424135667
3287.0,-1143.4044006340337,-453.3501699687849,-1143.8413097172254,-454.0797926845137,91.27285868288287,-47.56319002082557,-0.07013806510809416,-0.15927385978383427
3288.0,-1154.1048877100245,-425.3726697424642,-1152.6772233167528,-424.9418283402938,86.73296073724198,-49.61833551217115,-0.0737657826041384,-0.1521566009861626
3289.0,-1164.1209209838596,-397.14289786887844,-1163.0084097391093,-396.60565051392945,83.2011622361581,-50.846462299285214,-0.07606743949437118,-0.14666209485148118
3290.0,-1173.4465603437427,-368.67759630528025,-1173.897485817243,-368.6474015879721,78.63786162699893,-52.39509913552606,-0.07887457548590511,-0.1395327345831801
3291.0,-1182.0762751231073,-339.9936466922287,-1180.7472769402302,-339.59626190485915,73.68033847957467,-53.67253411151352,-0.08126346491454235,-0.1317264806451842
3292.0,-1190.0049473806332,-311.10806034176716,-1190.1692783539959,-311.21807047702055,68.16514062491306,-55.07425976619865,-0.08384192752310352,-0.12306416163389623
3293.0,-1197.2278749354957,-282.03796814868264,-1197.1993525383361,-282.11036554422316,62.77928923984579,-56.109769212144904,-0.08584647326515722,-0.11457841005479454
3294.0,-1203.7407741560419,-252.8006104308547,-1204.113303325589,-253.44052802899878,56.168723341187246,-56.77063417116665,-0.08724939123686523,-0.10414204262845467
3295.0,-1209.5397825002433,-223.41332670470703,-1209.82175024896,-223.66829297222628,49.31565321259763,-57.96068413310878,-0.08950803433160634,-0.0933049539598558
3296.0,-1214.621460806415,-193.8935454018273,-1214.5020949775337,-194.11955061946904,41.812045107440255,-58.80587687537321,-0.0912150830055382,-0.08141991080517114
3297.0,-1242.5544856849149,-208.94580662051172,-1242.0249536572974,-209.40540295582718,45.06766932215331,-60.3589929954866,-0.09349973866378343,-0.08693846937496492
3298.0,-1237.2301585510104,-238.45656789411746,-1236.9576817671862,-239.0200516806369,51.61972975765672,-59.534956766474174,-0.09182555447292748,-0.0973043386910692
3299.0,-1231.205051123661,-267.83226483675077,-1230.4585051035538,-267.4040948029988,58.07979622405335,-59.1086045039855,-0.09079937516610599,-0.10750625855907854
3300.0,-1224.4825760876627,-297.0562587418781,-1222.9503371863882,-296.9864845367921,63.964413650288385,-58.00921701411145,-0.08868735090771075,-0.11677996574618682
3301.0,-1217.066541124226,-326.1119968291761,-1215.6514126839995,-325.8673466939635,69.8647578528508,-56.68553584770879,-0.08622694376527676,-0.12608126547363332
3302.0,-1208.9611467542668,-354.98302162020155,-1207.6332939280971,-354.62847306731805,74.7052102083601,-55.42180375761285,-0.08386341494201893,-0.1336868869825551
3303.0,-1200.170983959184,-383.65298026008327,-1199.2070847380464,-382.99070553301755,79.90124243904576,-54.27462540094292,-0.08169027238973217,-0.14185343356698416
3304.0,-1190.7010315804823,-412.10563377995123,-1189.8770745623717,-411.29098162201643,83.7187976689636,-52.85513381522785,-0.07908448865079157,-0.14781499703915463
3305.0,-1180.5566534997,-440.32486629486357,-1180.1457137962059,-440.7662139138174,88.32643754027411,-51.19681853088449,-0.0760842155334689,-0.155029103942918
3306.0,-1169.7435956002516,-468.2946941320126,-1169.5511871424867,-468.52983566809525,91.4245348958446,-49.85258923196233,-0.0736047878353216,-0.15983012814559935
3307.0,-1158.2679825128987,-495.9992748840462,-1157.0590435768256,-495.27061243875187,94.6681134714318,-48.40372997029015,-0.07097136313426798,-0.16483945283836776
3308.0,-1146.136314146693,-523.4229163823771,-1144.9915458399198,-522.7839177227941,97.46472210025604,-47.08394896997115,-0.06853391173086959,-0.16914260339267223
3309.0,-1133.3554620073596,-550.5500855853935,-1132.9253744429927,-549.4800690877086,100.56104527787386,-45.249272545921094,-0.06528698647072818,-0.17392278071019698
3310.0,-1119.9326653052035,-577.3654173765373,-1119.230099032709,-577.5549020625172,102.6909328416316,-44.036114756560885,-0.06301235416365891,-0.1771448763838074
3311.0,-1105.875526854742,-603.8537232672714,-1106.9738148181739,-604.2328905301684,105.60377124509597,-42.16199313880922,-0.05970287236843927,-0.18163070030692632
3312.0,-1091.1920087683927,-630.0,-1092.0847725006968,-630.4510598116689,107.3602849743586,-41.05505842220205,-0.057620037842242934,-0.18424393303579945
3313.0,-1075.8904279466465,-655.7894380460713,-1075.0891074957663,-656.0920143906563,109.46983924143501,-39.28019395505377,-0.05448122923448143,-0.1873932474808189
3314.0,-1059.979451367288,-681.2074299940533,-1061.1662903562355,-681.3054335009493,111.08700593816793,-38.154426674249414,-0.05238072689954316,-0.18979653585291062
3315.0,-1043.468091176327,-706.2395788235266,-1042.6927563466343,-705.7580384702673,112.84151846854013,-36.43790912252268,-0.049349333977247486,-0.19236268440231905
3316.0,-1026.3656995834228,-730.8717060597099,-1025.311936518493,-731.5241285323056,114.07511865320107,-35.18028078190388,-0.047032199701448583,-0.19411315764528805
3317.0,-1008.681963564694,-755.0898598042971,-1007.5197464815748,-755.5460513039776,115.91497091455301,-33.51620205535522,-0.044089540314713696,-0.19682347299612127
3318.0,-990.4268993759121,-778.8803226379626,-991.6866640519339,-779.6455486441528,117.31358289481881,-32.120707546523796,-0.041573395933204554,-0.19885552576641086
3319.0,-971.6108468791881,-802.2296193900514,-973.0653980161275,-803.0211395784436,119.01778703291968,-30.4087871618098,-0.03856250979112042,-0.20133979675261232
3320.0,-952.2444636863655,-825.1245247710591,-951.0468064244898,-824.9823451584261,119.61270878698025,-29.272657427286106,-0.03648534486973836,-0.20201698303785
3321.0,-932.3387191224334,-847.5520708635783,-931.9850501037872,-847.0405071722856,121.09845837453803,-27.47872841739319,-0.03336007246316816,-0.2041481781358839
3322.0,-911.9048880123886,-869.499554467461,-910.3835700397153,-869.7761564284974,122.06914456790462,-26.355428425275406,-0.03129384212031823,-0.20542852045422094
3323.0,-890.9545442950499,-890.9545442950499,-892.435681122186,-891.8876434385319,123.80682302270357,-24.368812757976844,-0.027861246304026907,-0.20797431430141303
3324.0,-869.499554467461,-911.9048880123886,-869.0204425991205,-912.0947662031746,124.31437399742428,-23.201161258375986,-0.02575539514002754,-0.20849534097543404
3325.0,-847.5520708635778,-932.3387191224341,-847.04027052019,-932.2085492762817,125.53082727767385,-21.117300242645708,-0.022192494370699884,-0.2101621959302059
3326.0,-825.1245247710591,-952.2444636863655,-824.0050822034806,-952.0797557014286,126.14653055685851,-20.23237002577032,-0.02054072206162762,-0.21086000680741587
3327.0,-802.2296193900507,-971.6108468791886,-801.4008506732754,-971.3697381853359,127.47425880983592,-18.371532968894783,-0.0173428640105635,-0.21269631854253862
3328.0,-778.8803226379626,-990.4268993759121,-780.2858613726685,-991.3198393387056,128.53467869185604,-16.757288564575102,-0.014529385899906953,-0.21412543450116858
3329.0,-755.0898598042971,-1008.681963564694,-753.7726598054402,-1008.6192260329894,129.28998444999294,-15.28364257533333,-0.01197214034482474,-0.21500283449038607
3330.0,-730.8717060597095,-1026.365699583423,-732.5934188667279,-1026.9763941118683,130.15520145264,-13.622937373015096,-0.009104226185702037,-0.21612048852936727
3331.0,-706.2395788235266,-1043.468091176327,-704.8928105927539,-1043.7030913691015,130.89172036749537,-11.768991039885131,-0.0059487275467253135,-0.216953446191127
3332.0,-681.2074299940527,-1059.9794513672882,-680.8214567304553,-1059.5516513447822,131.42249856873843,-10.711967657889295,-0.0040723257005764795,-0.21750340471754165
3333.0,-655.7894380460713,-1075.8904279466465,-657.8658766884665,-1076.727230812008,132.6615341916776,-8.29101270640897,-8.907369490078551e-06,-0.21919425479210827
3334.0,-630.0,-1091.1920087683927,-629.860254605644,-1091.0064669032856,132.86424719783727,-7.060359446618926,0.0021246155428146806,-0.21917389846781998
3335.0,-603.8537232672714,-1105.875526854742,-603.2213820419688,-1105.970231088427,133.89527379474964,-5.107291153414175,0.0054162810874328424,-0.22048858271179891
3336.0,-577.3654173765373,-1119.9326653052035,-576.5224369050969,-1119.2820915464474,133.79560288991172,-3.6780136007577284,0.007854076956879312,-0.22000297028315147
3337.0,-550.5500855853929,-1133.35546200736,-552.4942239350394,-1133.982403951294,135.24978862647134,-1.5437337512089744,0.011430923164066645,-0.2220231058922424
3338.0,-523.4229163823767,-1146.1363141466932,-522.7148103776207,-1146.183329796632,135.1946584379857,-0.04949396119657534,0.013958504059345315,-0.22157065580218196
3339.0,-495.9992748840462,-1158.2679825128987,-495.6789432907237,-1158.277264135897,136.00830067391482,2.1899629964876532,0.017670824591670818,-0.22253450010899145
3340.0,-468.2946941320126,-1169.7435956002516,-468.30670639054455,-1169.0560141320905,135.9903992947543,3.197130846010916,0.01940578906820526,-0.22217078213644298
3341.0,-440.32486629486357,-1180.5566534997,-440.33898912248515,-1180.383682061263,136.95380801074342,5.636633338166597,0.023427107513140383,-0.22336157485547428
3342.0,-412.10563377995123,-1190.7010315804823,-411.95485773427663,-1189.6230066755677,136.8255254942582,6.776065515953643,0.02535372390516513,-0.2228097872022893
3343.0,-383.65298026008264,-1200.1709839591845,-383.4704920498948,-1199.2865694290972,137.48098880774978,9.10411368788982,0.029177277039240977,-0.2235041422120831
3344.0,-354.98302162020155,-1208.9611467542668,-356.6362735223409,-1209.41945727003,138.26606993571946,10.625155579195193,0.031722187598243926,-0.22442499968820911
3345.0,-326.1119968291761,-1217.066541124226,-326.47375994054715,-1216.7523393219733,138.34016719706554,12.983977947617396,0.035566175603901,-0.22417352965678206
3346.0,-297.0562587418781,-1224.4825760876627,-296.99681713888594,-1223.4686055966365,138.3115361103751,14.266999593635125,0.0376904219053369,-0.2237669585482437
3347.0,-267.83226483675014,-1231.2050511236612,-269.1035107929477,-1231.1676910985846,138.84371866524762,16.637227983270822,0.041557048041282796,-0.22427234482449704
3348.0,-238.45656789411746,-1237.2301585510104,-238.8496448965178,-1236.2999339441285,138.81822980029278,17.91424514940585,0.0436523384242151,-0.22386125976110932
3349.0,-208.94580662051172,-1242.5544856849149,-208.84787738672472,-1241.6204060305156,138.93931928210318,20.359050867719773,0.0476085272512075,-0.2236865488242028
3350.0,-179.31669622433938,-1247.1750167699752,-180.8290282718365,-1247.5764501003434,139.34091947516836,21.959013826071786,0.05022789089720524,-0.22398256929794816
3351.0,-149.5860189482044,-1251.0891346883432,-150.9024654105343,-1251.9169304105137,139.6551341551866,24.470695562143117,0.054278514279504524,-0.22411614768963528
3352.0,-119.77061456326982,-1254.2946224420866,-119.29577294558185,-1253.9433707571038,139.1665138043991,25.896803635300703,0.056573053531716634,-0.2229513979432462
3353.0,-89.88737083103219,-1256.7896644089196,-90.36668835023481,-1256.7384729888129,139.4378939743148,28.454690044993118,0.060678287732621114,-0.2230290191840184
3354.0,-59.95321393791574,-1258.5728473705901,-59.8468464027176,-1257.6508769577586,139.0435919317351,29.682949140033127,0.06264429698300807,-0.22202769231618444
3355.0,-29.985098908095694,-1259.6431613133425,-30.366380088453585,-1259.5207727725656,139.24681845946088,32.42449692896488,0.06703050636963491,-0.22199009090956115
3356.0,0.0,-1260.0,0.23213453549067972,-1259.2684907744708,139.01998405423856,33.73063624185769,0.06910620195898384,-0.2212543335625268
3357.0,0.0,-1260.0,1.1638021142917498,-1258.7021012497448,138.9567798928905,34.216692379389535,0.06987284777092362,-0.22114233090793928
3358.0,0.0,-1280.0,-1.9363125628003324,-1280.9270255410229,139.98380452656795,33.41701677964877,0.06887231257009,-0.22281485839955545
3359.0,-29.8949662311704,-1279.6508472993862,-31.98960812476196,-1280.6380975712273,140.0532442249744,31.993998519564254,0.06660397017505747,-0.22329343700746657
3360.0,-59.77362323078711,-1278.6035796781832,-59.85285383974019,-1278.6359513442649,139.97463158098887,29.3993681406313,0.06244996744149647,-0.2235095615130355
3361.0,-89.61967066481554,-1276.8587684743877,-90.90703038683758,-1277.482585218975,140.07302157957128,28.19189358886347,0.06051408676213459,-0.22404647371698858
3362.0,-119.41682598940531,-1274.4173655716625,-120.70928248625277,-1274.7486236820594,140.08461161901866,25.669624709749105,0.056466288410182794,-0.22442990721062925
3363.0,-149.14883333384864,-1271.2807028800335,-149.46939366209287,-1271.122272316592,139.97343588298236,24.03148132288247,0.05381469040825826,-0.22460518983254388
3364.0,-178.79947236899338,-1267.4504916092658,-178.98719706389193,-1267.5282534892176,139.93103960430585,21.576753678229412,0.049863854171273224,-0.2248992177968142
3365.0,-208.35256715625383,-1262.9288213353113,-208.56622657131024,-1262.824711343981,139.68965117612183,20.21131908588831,0.047633093369825734,-0.22487728975323307
3366.0,-237.7919949724168,-1257.718158860338,-237.81753875902885,-1257.460909639987,139.43679182795833,17.86808105428273,0.043838023880162405,-0.22483309162836276
3367.0,-267.1016951054095,-1251.8213468669628,-266.7259438680594,-1250.859453499829,139.23097306016635,16.230323816877604,0.04115060442672979,-0.2248595613387229
3368.0,-296.2656776162388,-1245.2416023674245,-298.4094426821387,-1246.082555654936,139.33004388066618,14.280955515578038,0.03798958587783145,-0.22540526439714195
3369.0,-325.2680320623193,-1237.9825149485375,-324.47072893298144,-1236.5451155018936,138.66884992548867,12.538091387859994,0.0350989266963804,-0.22467211339974752
3370.0,-354.092936177435,-1230.0480448133899,-353.2051814150521,-1228.955079839049,138.27778773326867,10.291492937436466,0.031430399250253246,-0.22440162865027458
3371.0,-382.7246645035904,-1221.4425206208493,-384.52657883131246,-1222.0053245576476,138.45820332145365,9.209539110803815,0.0296233027888046,-0.22507236128141558
3372.0,-411.1475969700536,-1212.1706371240602,-412.3699867548971,-1212.6400828266164,137.96609741638238,6.976348446704022,0.025954373596813494,-0.22463014786972169
3373.0,-439.34622741490244,-1202.2374526092144,-438.9261699406964,-1201.3793695968957,137.3060051559096,5.389913601529856,0.02329157447235494,-0.2239048112632439
3374.0,-467.30517204442936,-1191.648386135997,-468.8167935887164,-1192.1145266817641,137.22988901136964,3.2442300542892717,0.01976314676397706,-0.2241497383136298
3375.0,-495.0091778257842,-1180.409214581215,-496.71417147454395,-1181.2375130948824,137.06711697550818,1.7120431383733032,0.017191385059574356,-0.22423233700272255
3376.0,-522.4431308082852,-1168.5260694872138,-523.9340990635567,-1169.080525761534,136.33309954083512,-0.23073171472947196,0.013950476553651326,-0.22339747368701515
3377.0,-549.5920643688501,-1156.005433716808,-549.4896069278312,-1155.8431850979384,135.45029985276597,-1.6050084896203731,0.011601129782658377,-0.22230543195736965
3378.0,-576.4411673770558,-1142.8541379165486,-576.3747888503165,-1142.8646570948488,134.90776399422134,-3.7711270849153515,0.007994697284655362,-0.22177122141408429
3379.0,-602.9757922753636,-1129.0793567902558,-605.7876991850408,-1129.8139576761284,134.80170268276777,-5.066391427168688,0.005773388496124835,-0.22196263870912203
3380.0,-629.1814630701125,-1114.6886051848528,-628.969080625703,-1114.7731849140212,133.67827366141614,-7.400500474202634,0.0018743346346399574,-0.22045854763912628
3381.0,-655.0438832289125,-1099.689733990632,-654.4344456137163,-1099.357915506708,132.8979997773198,-8.445989159211237,2.159732675300192e-05,-0.21952857681708812
3382.0,-680.5489434801349,-1084.0909258581921,-679.8114314862643,-1083.613005224516,131.96881856716013,-10.744110403463436,-0.0038288037208004384,-0.21836053024836477
3383.0,-705.6827295102389,-1067.9006907343862,-704.9495337004178,-1067.499980817885,131.5950483851103,-11.89756589921644,-0.005861920931432976,-0.2180735221836721
3384.0,-730.4315295547411,-1051.1278612197098,-731.9726228260482,-1052.1186261135888,131.1583294713666,-13.743738665010447,-0.008988571179992032,-0.21770941348444187
3385.0,-754.7818418786851,-1033.7815877496657,-756.2176768821664,-1034.7686110785462,130.52077523182615,-14.998700583465753,-0.011198390270578775,-0.21699164291660059
3386.0,-778.720382142525,-1015.8713336027353,-780.6256471398177,-1016.6889899217282,129.26884579451544,-17.00070303022115,-0.014606096755234764,-0.21529805908267777
3387.0,-802.2340906494152,-997.4068697376741,-801.4938698897827,-997.5884460975727,128.3889471863174,-18.336029782790344,-0.016965259130411393,-0.214153229511417
3388.0,-825.3101394699394,-978.3982694629572,-823.9475825585863,-978.4160853902291,127.07120856915948,-20.284347073129442,-0.020300905786554503,-0.2123309733750856
3389.0,-847.9359394404004,-958.8559029412739,-847.069479603816,-958.8865328227959,126.45069805755732,-21.494850771989263,-0.022466660160074724,-0.21162657346930316
3390.0,-870.0991470308572,-938.7904315320724,-869.7035630667693,-938.4860479129667,125.17383661507593,-23.37389183813909,-0.025707091084823143,-0.20987158437328848
3391.0,-891.787671079146,-918.2128019752463,-894.14566985012,-918.4930664775675,124.91413157696098,-24.422105564648103,-0.027620228545978162,-0.20975759278635372
3392.0,-912.9896793872298,-897.1342404191269,-914.3816916091401,-897.8492093820838,123.5402005439051,-26.404818888709716,-0.03102863956636342,-0.20781874364206984
3393.0,-933.6936051762656,-875.5662462960458,-933.3592134278833,-875.5815221175244,122.34751654113944,-27.458876618266945,-0.03297893630782317,-0.2061529452910735
3394.0,-953.8881533968744,-853.5205860488082,-952.7172952453215,-854.0638524198358,120.57879719672697,-29.21884206432456,-0.03604353462896623,-0.2035750189278697
3395.0,-973.5623068911682,-831.0092867114946,-972.5362738897678,-830.9340159967205,119.97344433291994,-30.637179479534144,-0.03858415921417684,-0.2028542924157604
3396.0,-992.7053324031699,-808.0446293481021,-992.235629571816,-808.0849955129755,118.27133333090579,-32.332865531514116,-0.041562758719214325,-0.20038655609375655
3397.0,-1011.3067864343553,-784.639142352596,-1013.2049995428789,-785.1546454127262,117.46098481642737,-33.322380393147434,-0.04341844790973116,-0.19935365768184832
3398.0,-1029.3565209411154,-760.805594614027,-1028.672374484214,-760.2235667199385,115.30622595401839,-35.16400956584026,-0.04665482201588754,-0.19611368096190462
3399.0,-1046.84468887103,-736.5569885504557,-1046.4164698271022,-736.916795894639,114.29047102183124,-36.4370290912482,-0.04896633290710549,-0.19471436823191243
3400.0,-1063.7617495349411,-711.9065530154652,-1064.121137849143,-712.6284040893566,112.76777428322994,-38.00571258180003,-0.05176042949930282,-0.192507749693084
3401.0,-1080.0984738118837,-686.8677360811466,-1079.010843568275,-687.3645456633313,110.91723876210426,-39.43198750264835,-0.05433982232667126,-0.18974488475953935
3402.0,-1095.8459491840445,-661.4541977014892,-1096.053675278876,-662.2575395033579,109.19831656699377,-40.894067573408726,-0.056974279854559134,-0.18721785821572068
3403.0,-1110.9955845989957,-635.6798022601754,-1112.5178026780857,-635.7532008264001,107.46860620639173,-42.19185354184432,-0.05936436829081581,-0.1846665743972514
3404.0,-1125.5391151565523,-609.5586110068542,-1124.504016984348,-609.0274850079132,104.62844797744458,-44.20694873999073,-0.06289880102325822,-0.18029311702568462
3405.0,-1139.468606617697,-583.1048743860096,-1138.6062643884754,-582.1298668514263,102.74004722677961,-45.41184356613008,-0.06514586509797239,-0.17746034372699424
3406.0,-1152.7764597331154,-556.3330242626128,-1152.3022748428343,-556.777715869442,100.07426209368047,-46.90545881467299,-0.06783351470209859,-0.17338534958393248
3407.0,-1165.4554143889716,-529.2576660488069,-1164.316381286418,-528.4125950743024,97.76398987839256,-48.38358715560609,-0.0705334158867943,-0.16985557359010606
3408.0,-1177.4985535676733,-501.8935707359049,-1177.3719811357726,-501.95273073467547,94.54334842065744,-49.97846527773138,-0.0733957964951836,-0.1648896550880224
3409.0,-1188.8993071214582,-474.2556668360606,-1188.78609883278,-474.5136450308153,91.80065193341431,-51.29525107862105,-0.07582757192544977,-0.16066430644434795
3410.0,-1199.651455356744,-446.35903223800204,-1200.1122276417425,-447.0127631773405,87.87067705259223,-52.40647876852288,-0.07793294827692032,-0.1545482679515057
3411.0,-1209.7491324272908,-418.2188859812732,-1209.8240667647838,-419.052654306955,84.57860848198156,-53.79722164609759,-0.08048881100708255,-0.14942771872167077
3412.0,-1219.1868295343188,-389.8505799534689,-1218.0736964948571,-389.14139761817773,79.47864558171496,-55.5809514635788,-0.08369402753221057,-0.14141190866154302
3413.0,-1227.9593979318392,-361.2695905149986,-1228.4828768871198,-361.2782326279691,75.49915872808609,-56.95896537188931,-0.08622844420951366,-0.13520583957417312
3414.0,-1236.06205173556,-332.4915100559372,-1236.207638444318,-333.3001812354391,70.44334954685002,-57.8585640640595,-0.0880028464324781,-0.12725387429416737
3415.0,-1243.4903705338284,-303.5320384895834,-1242.3391974542208,-303.35602161460565,64.83003916976277,-59.36892293586528,-0.09077338254590288,-0.11839510639479343
3416.0,-1250.2403017991921,-274.4069746873522,-1250.3942833014596,-274.4766699148121,58.87113772256885,-60.4562442431836,-0.09285759279058857,-0.10900987060545389
3417.0,-1256.3081630992597,-245.13220785968466,-1256.6498983961828,-245.55187239073211,53.239645620423666,-61.20323026931087,-0.09440069918595015,-0.10012368490341615
3418.0,-1261.690644105657,-215.72370888767085,-1260.528732637092,-215.47795524465263,45.39777685689667,-62.33161139468608,-0.0965648879713111,-0.08769046711320286
3419.0,-1100.9064340967707,141.79218372086928,-1100.811828603792,142.3101931915885,-51.778466727639255,-48.333555495685665,-0.07866811181872113,0.06892637665333026
3420.0,-1096.6830043543744,171.42458388534433,-1095.3123256391348,171.70814711230966,-60.17785271208063,-46.82827275855943,-0.07663241587920341,0.08236176690054826
3421.0,-1091.662126030692,200.93233336163087,-1091.5890921686944,200.1523279758256,-66.35965429809072,-44.885853167172,-0.07388931419529599,0.0922460080361211
3422.0,-1085.8474500369534,230.29397570984347,-1084.591264580373,230.73345340950485,-74.57316724470216,-43.96723214645042,-0.07280180964608488,0.10540392209677556
3423.0,-1079.2432044911318,259.48816073129996,-1080.1016692958483,258.5975407009916,-79.93434508410228,-41.939614125209644,-0.06991600605938993,0.1139914855877791
3424.0,-1071.8541916434858,288.49365999323015,-1070.6236307196268,288.9024879077443,-86.89437672117803,-40.620747231704655,-0.06818810807187002,0.12518479726025747
3425.0,-1063.685784384622,317.289382264947,-1063.5446292656072,316.50609197271723,-91.70031825022785,-38.69164391104349,-0.06545590536981126,0.13292038710460705
3426.0,-1054.743922338619,345.8543888542477,-1053.505724124166,346.2374580842293,-97.33049102347974,-37.19297372612757,-0.06343481692405624,0.14200403157677247
3427.0,-1045.035107544056,374.1679088328972,-1044.709955124245,373.43104494031655,-101.24022198362324,-35.18064035074995,-0.06056512800614431,0.14833428320575598
3428.0,-1034.5663997260795,402.20935414012683,-1033.0004631699524,402.7581767342488,-105.83180933600768,-33.51976288363809,-0.05828092800599854,0.1557854272737546
3429.0,-1023.345411162954,429.9583345531573,-1024.7083648818568,430.142381534952,-108.52530594678313,-31.888234960754165,-0.05601964428209022,0.16017381337459372
3430.0,-1011.3803011508254,457.3946725138649,-1010.879000442561,456.6615501965986,-112.50002829682245,-29.55046459401333,-0.052623746724443234,0.1666691483199698
3431.0,-998.6797700707209,484.49841780081385,-997.5342178265549,485.2618708764502,-115.39856034822007,-27.990700870974713,-0.050491573010138874,0.17144573854753858
3432.0,-985.2530530621028,511.2498620359767,-986.4030424974453,511.2151189629849,-117.51338039305921,-26.242980503582604,-0.04802783837923859,0.17494790238867539
3433.0,-971.1099133075753,537.6295530156,-969.7776412435932,537.0345996095538,-120.2637763640505,-23.84664319755969,-0.04453015958256777,0.17952890436923247
3434.0,-956.2606349336243,563.6183088547975,-957.7969988839005,563.5054222061148,-121.4180424693569,-22.504612501585985,-0.04271843883832611,0.18151270253421728
3435.0,-940.7160155325579,589.1972319355789,-939.3174548923474,588.5644355426535,-123.84409278150206,-20.186730053947162,-0.03933631140435415,0.1856002000018242
3436.0,-924.4873583110816,614.347722648174,-923.3737023156667,615.613838395042,-126.00613978390373,-18.653684382211896,-0.037227666740838945,0.1892364673833839
3437.0,-907.5864638712161,639.0514929156661,-908.7888276290536,638.8339838027679,-126.44020828116447,-16.918076131440515,-0.034749736907892785,0.1901059294177918
3438.0,-890.025621629538,663.2905794920914,-888.4250730331087,662.8346596602773,-128.3184219172451,-14.678487232385075,-0.03147925609621939,0.1933445936115268
3439.0,-871.817600880982,687.0473570243383,-870.56956555041,688.4091095846152,-129.9130147136524,-13.025483961520434,-0.029161629275579703,0.1961011427849334
3440.0,-852.9756415136984,710.3045508683543,-852.2480762472156,711.6214824278053,-130.5303703668456,-11.420537098156553,-0.02689155830901802,0.19730807760589877
3441.0,-833.5134443817224,733.045249650332,-834.766918534497,732.6658325802347,-131.02462597499536,-9.33749991635898,-0.023834031253148043,0.198308801102038
3442.0,-813.445161342455,755.2529175637437,-812.0967624641299,755.0263292608294,-132.7336323598673,-7.127660147813739,-0.020590810423325365,0.20130641002769112
3443.0,-792.7853849661974,776.9114063932889,-793.6775886684608,776.3164830858253,-132.46211650436337,-5.675702299253859,-0.01854068767204405,0.20109985824415869
3444.0,-771.5491379252211,798.0049672570017,-773.0899356639985,797.4140836543733,-133.61668656117902,-3.810162966572468,-0.015829971350562598,0.20318954998886132
3445.0,-749.7518620700953,818.5182620579853,-748.5080204929809,817.9774839803504,-135.02352353720565,-1.5431897818355222,-0.012473810874412121,0.20572965462566695
3446.0,-727.4094072012068,838.4363746374489,-725.5456668763485,839.4959757386613,-135.5256390039158,-0.12911167712440683,-0.010486772056371373,0.20681001553276057
3447.0,-704.538019543642,857.744821620931,-705.8120547805179,857.453235452626,-135.70970030232607,1.9772569080872167,-0.007354304405825266,0.20734463519948254
3448.0,-681.154329933812,876.4295629498241,-682.0542298993452,875.8440910621426,-136.2468790026281,4.034168597632298,-0.004305860086602031,0.2084905430910418
3449.0,-657.2753417264057,894.4770120905492,-655.3225202161675,893.9781207916161,-137.0329249004479,5.881067851499545,-0.001588515600282316,0.2100689565156763
3450.0,-632.9184184304706,911.8740459139473,-632.5371561253442,912.9740505812109,-137.59097857481981,7.641716758352877,0.0009810015286770871,0.21123617825941957
3451.0,-608.1012710836081,928.6080142377083,-607.9875649681965,929.7148722396961,-138.03962189278965,9.906788808373706,0.004380951272189764,0.21225087445371385
3452.0,-582.8419453734646,944.666749024901,-581.5641769839798,944.3168676671995,-138.12953598516953,11.767210880842569,0.007163074721034691,0.21271758369207314
3453.0,-557.158808515882,960.0385732319106,-556.3224790132998,960.8726397786633,-138.58407435059948,13.760349487819852,0.010132495244805728,0.21375013835916695
3454.0,-531.0705358992534,974.7123092993542,-530.9164582894847,975.9479128489205,-138.90922695173614,15.70182297799977,0.013037819812932637,0.21457878164303046
3455.0,-504.5960975047894,988.6772872797965,-505.09996741512526,988.1537405961199,-138.31767580097767,17.668865671461635,0.016018981051018066,0.21395347260904202
3456.0,-477.7547441125728,1001.92335259636,-477.10081862266316,1001.3339668356376,-139.09658103885045,20.04365901437104,0.01963716417128767,0.21553604361278836
3457.0,-450.5659933034339,1014.4408734265838,-449.12808297776365,1013.8703692495643,-139.2709789740194,22.146547880426706,0.022830482769082054,0.21615618788182855
3458.0,-423.0496152668204,1026.2207477061625,-424.4694822790482,1026.1088206406537,-138.4525404799092,23.579840314937403,0.024961754545399235,0.21515559577607732
3459.0,-395.22561842498345,1037.2544097474781,-396.89111684828396,1037.1359699750212,-138.70672457385498,25.82111160638674,0.028393799395098812,0.21589789381940028
3460.0,-367.1142348839367,1047.5338364681027,-366.24490315099894,1046.8903804113495,-139.17220223808852,28.24073042151936,0.03212528034337839,0.2170140478787638
3461.0,-338.735905721762,1057.0515532247505,-336.3039249634021,1055.9070188943988,-138.862097412863,29.830030412037203,0.03454430331195774,0.21688718706824323
3462.0,-310.1112661249619,1065.8006392484351,-309.16050666320285,1065.3894071517768,-138.8715157051338,32.12995432659194,0.03808861535758458,0.2172346014534936
3463.0,-281.26113038366964,1073.7747326768776,-280.64904580565786,1073.4954797533999,-138.8787064123342,34.02842479969481,0.04101085010742609,0.21759522490707903
3464.0,-252.20647675662107,1080.9680351805098,-253.94413966620223,1081.0096780386618,-137.92421899583277,35.74356255575134,0.043648550444479135,0.21640316526353728
3465.0,-222.96843221690048,1087.3753161787045,-223.87797243866154,1087.4650842747794,-137.80323607481304,37.971214029790445,0.04711490869522734,0.21657883449880572
3466.0,-193.56825708954682,1092.9919166431723,-193.18216129793407,1092.7737563902006,-137.89898281282933,40.558039532449165,0.051166954188492285,0.2171071509314993
3467.0,-164.02732959219634,1097.8137524857543,-162.93550093006175,1097.4607902434689,-137.24980787253472,42.35691562669401,0.05397255243613531,0.21644438695366788
3468.0,-134.3671302899982,1101.8373175281506,-133.17101898430454,1101.2093372446436,-136.9023964362938,44.64790142219555,0.05757286122178043,0.2162559892829306
3469.0,-104.60922647610789,1105.0596860514233,-103.93166804184183,1105.721635233941,-136.38531252885878,46.697120282801244,0.06077903234214537,0.21579111822207073
3470.0,-74.77525648911964,1107.4785149234212,-74.52059219073017,1108.2326889358412,-136.02540168361799,48.53124553377677,0.06366738053500495,0.21557849896919937
3471.0,-44.886913978835686,1109.0920453025785,-45.891432865106744,1109.4993081200462,-135.0615619149332,50.94597769030501,0.06749503387376242,0.21439512087143026
3472.0,-14.965932131816432,1109.8991039168498,-15.647027249982822,1110.2433312561427,-134.6101666853846,53.06954187604677,0.07086567921393648,0.21404710546578823
3473.0,0.0,1110.0,0.6494183058596842,1110.1910401828166,-134.3734678163779,53.78221000986513,0.07200056618410558,0.21386996964213628
3474.0,0.0,1080.0,-0.7697364863116437,1080.3102415674796,-133.22906557542845,54.13528509612406,0.07292845196671613,0.21203121655657145
3475.0,-29.88975189977447,1079.5863109225543,-29.281829046502352,1078.968760581478,-134.0916504520777,52.258506317445686,0.06995789485079222,0.213054876202044
3476.0,-59.75660553308875,1078.345560613648,-60.85766035760013,1078.9961678132065,-134.49407222560467,49.369659387168475,0.06535981650727411,0.21330864199724645
3477.0,-89.57768017563559,1076.2786996007826,-88.57166234131377,1075.726572124579,-135.21127480730937,47.755434992424306,0.06283074124014104,0.21411069272757294
3478.0,-119.33013017397606,1073.3873112873384,-119.07355091327047,1073.7754657085986,-135.72008088455723,45.71580308140438,0.059608461380217935,0.2145469269484123
3479.0,-148.9911624473847,1069.6736107395457,-150.64716549540597,1070.2042806098964,-135.74609984369965,43.10347285841095,0.0554945449074612,0.21420165620680415
3480.0,-178.53805394942196,1065.14044298954,-177.3986503859874,1064.612543102525,-136.45192393521356,41.31244383864678,0.05271251554785029,0.2149973854282702
3481.0,-207.94816907585337,1059.7912808558108,-207.292780470044,1060.1542758110688,-137.08304416356813,39.32762136271299,0.0496081727443725,0.21563573186841012
3482.0,-237.19897700557826,1053.6302222827073,-238.13882333120227,1053.4754667609852,-136.65728766089504,36.867719379176826,0.04577491233560556,0.21458034869877485
3483.0,-266.2680689612874,1046.6619872010385,-265.9064678644083,1046.617712644436,-137.49504928213253,34.99550887338898,0.04287918349917925,0.21557361814101353
3484.0,-295.1331753766226,1038.8919139121797,-294.6723805229113,1039.7987920790767,-137.76437972212622,33.04576605213166,0.039859582556741775,0.21564997549757867
3485.0,-323.77218295668877,1030.3259549984464,-322.3903630435286,1030.9589998545305,-137.91444367689414,30.558310814450795,0.03600893528433302,0.21554934831942432
3486.0,-352.16315161884785,1020.9706727628763,-353.8599243374205,1020.8964966814083,-137.46920607971103,28.703171466972474,0.03317962451495333,0.21445532381157772
3487.0,-380.28433130081504,1010.8332342019092,-378.7825436763513,1010.4498056513722,-138.06897414744398,27.086972061061307,0.03073530361185961,0.2151046576955453
3488.0,-408.11417862318405,999.9214055148154,-406.58791518032416,999.290205349649,-138.12085007540622,24.633510976319346,0.026967170340802277,0.21484668916869695
3489.0,-435.6313733936142,988.2435461540812,-434.770967949964,988.9214270518105,-138.26183224664487,22.59808665157605,0.02385467806159671,0.214725912180412
3490.0,-462.81483494003373,975.8086024213095,-464.704413548535,975.6193876545702,-137.5372638979368,20.674519607977512,0.020956135743648935,0.2132061317411849
3491.0,-489.64373826035234,962.6261006135392,-488.69551441799234,962.3550718446604,-137.97836726253794,18.472946124692662,0.017614670435075974,0.21361435118860048
3492.0,-516.0975299763041,948.7061397252354,-515.9612267463613,949.8575776127735,-137.67378468211675,16.51584542872476,0.014652904408969582,0.21279567051687145
3493.0,-542.155944079204,934.0593837115426,-543.1850679229725,933.6532907409492,-137.05696182603825,14.89231406019156,0.012267427445013359,0.21148055680696964
3494.0,-567.7990174555525,918.6970533187255,-567.4818995292707,919.9890927987108,-137.04256669179972,12.376190351233921,0.008430237249401637,0.21116008360173266
3495.0,-593.007105180594,902.6309174880572,-595.1577551132292,902.0087775801218,-136.2739392083779,10.720722241492195,0.0060156823541303904,0.20959782951538772
3496.0,-617.760895568115,885.8732843397415,-616.044413481965,885.4672617803118,-136.5460744085655,9.016183534938035,0.0035054082409789787,0.2097751477999732
3497.0,-642.0414249649516,868.4369917437731,-643.185968812131,867.954453839368,-135.3022223907379,6.643253621723041,-5.6748128262514195e-05,0.20746309393704915
3498.0,-665.8300922788703,850.3353974849637,-664.0282913179585,849.7882513904798,-135.79666513105653,4.8592378099449896,-0.002673616489689086,0.2079947686407294
3499.0,-689.1086732286955,831.582369029663,-688.4887005859306,832.8970918280053,-135.38041963149215,2.7770411793268086,-0.005780669779290785,0.20703272738405865
3500.0,-711.8593343057652,812.1922729020221,-709.5403347007681,811.613324781048,-134.32938416186528,1.0021797528869554,-0.00834478775488604,0.2051021336886054
3501.0,-734.0646464360199,792.1799636779265,-733.3011166718737,793.441542526743,-133.79238662517957,-1.0555045205999358,-0.011397144665080218,0.20395647791249638
3502.0,-755.7075983322567,771.5607726050442,-757.5675392753225,771.0200003950091,-132.5286424252657,-2.7485808696188965,-0.013817163346652117,0.20164797633099757
3503.0,-776.7716095263219,750.350495857694,-778.0465284344388,749.7722543490313,-131.38752009947862,-4.90491333886816,-0.016988852491564527,0.19958101811812665
3504.0,-797.2405430712553,728.5653824355436,-795.7945113935854,728.2920736800178,-131.34848246489562,-6.378526898534152,-0.019071114123929495,0.1993015287272074
3505.0,-817.0987179036605,706.2221217153952,-816.6183017840643,707.5010741152892,-130.69474880990072,-8.56103407322737,-0.02229005536816045,0.19800605090464576
3506.0,-836.3309208568211,683.3378306656099,-834.4216868039924,683.0129080546018,-129.08592791558047,-10.149806851654972,-0.024518759874122567,0.1952274953524902
3507.0,-854.9224183153733,659.9300407329507,-854.1813171321352,661.1080175098708,-128.16292887700513,-12.240326170812791,-0.027577656106611455,0.1935165011013387
3508.0,-872.8589675025911,636.016684411903,-874.0494717651294,635.5192715303509,-126.58123782383394,-14.117572419600632,-0.030252001627752403,0.19075583685498892
3509.0,-890.126827391649,611.6160815067548,-889.2218361179462,610.7942698247894,-125.1450410163424,-15.870689821223872,-0.03273936820551848,0.18828424310872147
3510.0,-906.7127692324971,586.7469250969589,-906.0352137998257,587.8019009671069,-124.09240273662334,-17.886609934435977,-0.03566621779684103,0.18640300427333256
3511.0,-922.6040866862855,561.4282672165385,-923.8351333650295,561.2289543186686,-121.82803683149682,-19.65718073592642,-0.038158730591651,0.18258115887361653
3512.0,-937.7886055595758,535.6795042584944,-939.1237079167992,535.657586450326,-119.57649632089813,-21.744685704926894,-0.041167926088548246,0.17881048209751163
3513.0,-952.2546931308789,509.5203621154072,-951.1528003585654,508.8031656084216,-117.90137535129713,-23.049587316263654,-0.04291585614196138,0.17599712430282666
3514.0,-965.9912670623772,482.9708810676096,-964.7056133192597,482.31781133613794,-115.64916584087672,-24.937077760017754,-0.04559552506833379,0.17224664060555248
3515.0,-978.987803890002,456.0514004305119,-977.8361370819044,455.41389216795284,-112.35747208685467,-27.015537443362295,-0.04857400482637455,0.16684693811627713
3516.0,-991.2343470853635,428.782542972837,-990.3800991691729,428.222072314194,-109.50512845092294,-28.82491775873603,-0.051120705557563616,0.16215366666234804
3517.0,-1002.7215146833581,401.1851991177041,-1002.4036254970682,400.56444821928955,-105.99789027835232,-30.570281074877357,-0.05355981537815072,0.1564244719439455
3518.0,-1013.4405064696039,373.28051093866776,-1012.350712021076,373.8942973117493,-102.08432391223447,-32.865450946257916,-0.056886063066180756,0.15007401592228284
3519.0,-1023.383110722206,345.08985596296657,-1021.7387670671127,345.51123580705183,-97.78114130572537,-34.73038513784254,-0.05950659143325684,0.14311031283829342
3520.0,-1032.5417105026816,316.63483079439703,-1031.683594977327,316.9997316368147,-92.95547695455063,-36.43532966013961,-0.06187091529938508,0.135308235448753
3521.0,-1040.9092894912274,287.93723456834823,-1041.842998949793,288.5555709405791,-86.69512165795125,-38.5478635407981,-0.06488476253056118,0.1252201485942643
3522.0,-1048.4794373618577,259.01905225168724,-1049.1940798819062,259.5889490238929,-80.92572472776187,-40.025060418422946,-0.06688104094772436,0.1159478397045283
3523.0,-1055.246354693297,229.90243780027274,-1056.0580252091004,230.25553648903625,-74.94326646857215,-41.585327628002865,-0.06900503782968685,0.10634239911440885
3524.0,-1061.2048574118642,200.60969718701304,-1061.2019841573538,200.31767261941437,-66.96990840582983,-42.66518807464778,-0.07035704090239185,0.09358940770144987
3525.0,-1066.350380762943,171.16327131346506,-1065.5000218858997,170.42783536193681,-59.76510546300739,-43.52581117999591,-0.0713607050899358,0.08206996972645793
3526.0,-1070.6789828079998,141.58571881806046,-1070.1856400181941,141.3868556113099,-51.81894946557616,-45.07245729244553,-0.0734666047388871,0.06936588503260332
3527.0,-1039.3125139749793,149.4305801869495,-1041.017051107512,149.47758935054682,-54.17238199376945,-42.785723165475325,-0.069926241337055,0.07346871615062768
3528.0,-1034.6215276400776,179.0483022642549,-1034.1267952058179,178.84097871308578,-62.16178221038623,-41.05673547205211,-0.06753408459044273,0.08626862629586964
3529.0,-1029.0866891470132,208.51998997803244,-1027.774427488868,208.54755729063507,-70.29261526006577,-39.75864502991698,-0.06583192514790835,0.09928704628407974
3530.0,-1022.7125127894502,237.82160579705214,-1021.9645116694608,238.0207746389445,-76.74965312677291,-38.348368343611924,-0.0639483577836648,0.10963489510768223
3531.0,-1015.504197437055,266.9292509031611,-1016.3662876699842,267.4022734704931,-83.0641792882957,-36.866872203506375,-0.061950317864068176,0.1197533369240236
3532.0,-1007.4676222952222,295.8191846835013,-1008.3791489228192,296.0637141940252,-88.6388305892944,-35.092100902267845,-0.059476697496553314,0.1287234883012525
3533.0,-998.6093421099112,324.4678440936948,-998.5531789636279,323.7768106232733,-94.25948742040411,-32.875360650143556,-0.056288047349928,0.13778937986971657
3534.0,-988.9365818215009,352.8518628762015,-987.0018913689487,353.3944423523286,-99.51142848851995,-31.451891759425184,-0.054385252579261016,0.14628957199369247
3535.0,-978.457230672025,380.94809061817267,-979.4223265166353,381.4279005292761,-103.38805066606265,-29.788028379852452,-0.05208045676614634,0.15255223453936803
3536.0,-967.1798357705926,408.73361163326103,-966.2027234300875,408.0127062064028,-107.71446078094444,-27.417837614055504,-0.04863376439557933,0.15959983021599544
3537.0,-955.1135951222441,436.185763651981,-956.5729581393707,436.39495187903213,-110.21140569056116,-26.012019315660538,-0.04674393167556189,0.16369177694020068
3538.0,-942.2683501259262,463.2821563053824,-941.5740180384406,462.546776530519,-113.81679871117292,-23.775390143667764,-0.04350450647673191,0.16961362976290312
3539.0,-928.6545775477051,490.0006893869573,-927.4442482903846,490.8297835120299,-116.99335483746002,-22.052598403178777,-0.04110897948177543,0.17484232276475428
3540.0,-914.2833809757662,516.3195708778836,-915.9792061381912,516.2400081943362,-118.05558462779152,-20.39641138275819,-0.038784274304257904,0.1766733260432634
3541.0,-899.1664817641682,542.21733472091,-898.1089788067916,541.5594543251883,-120.93352981170666,-18.16408460650146,-0.03554150246375267,0.18147257425226437
3542.0,-883.3162094727403,567.6728583283773,-881.728216298935,568.6465703085062,-123.02087322179777,-16.395681148210084,-0.033058736120673116,0.18499529922276603
3543.0,-866.7454918109125,592.6653798101078,-865.6549505253593,593.791927608954,-124.38474401697142,-14.740227365995096,-0.030731954104364433,0.1873628158605477
3544.0,-849.4678440936947,617.1745149070967,-851.4500910674739,616.7992168393977,-125.32420013871608,-12.898058406851332,-0.028081820792821295,0.18903197324489973
3545.0,-831.497358218389,641.1802736172099,-829.9664829919371,640.6864977837594,-127.45244145896083,-10.567771208501485,-0.02466560041009555,0.1926822836722641
3546.0,-812.8486911710369,664.6630764993137,-814.440032324385,664.20214934118,-127.67869912161058,-9.0435518732219,-0.022527725541101426,0.19323253594660253
3547.0,-793.5370530719714,687.6037706425492,-791.5889033312884,687.1980437898068,-129.376495243017,-6.732154532924913,-0.01913065251497908,0.1962145195542917
3548.0,-773.5781947702253,709.9836452877203,-771.9410968617682,709.6622105339542,-130.5407059679478,-4.957082789808995,-0.01658065613306605,0.19830804462383037
3549.0,-752.9883949969116,731.7844470880582,-750.3409834768655,731.4657087226478,-131.2819415911511,-3.2374012685805287,-0.014110724837401162,0.1997522937607502
3550.0,-731.7844470880582,752.9883949969116,-730.4391565783623,752.722967312256,-132.24941377932666,-1.337694216663734,-0.011347584229267356,0.20153581070537865
3551.0,-709.9836452877206,773.578194770225,-708.9951261533106,774.9492444350503,-133.13561000530478,0.7501230593164282,-0.00829692444476281,0.20320886026337548
3552.0,-687.6037706425492,793.5370530719714,-688.8033660058836,793.1230138772365,-132.76308595656442,2.268938419799,-0.006102228383436644,0.20286325776434083
3553.0,-664.663076499314,812.8486911710365,-663.4128311277586,812.5129092556058,-134.17312314117586,4.443287077034829,-0.002879112538062461,0.20541835883491433
3554.0,-641.1802736172101,831.4973582183889,-639.9227805671057,831.1363850016178,-134.92455337610733,6.760312388186301,0.0005804665751018049,0.20690197920964767
3555.0,-617.1745149070967,849.4678440936947,-616.4997887037042,850.668744684176,-134.97333878127168,8.189710702331547,0.0026162123693988146,0.20726648433938102
3556.0,-592.6653798101078,866.7454918109125,-593.8615570153223,866.336650536558,-135.03602308097382,10.35564451092945,0.005871518671962656,0.2076434993102328
3557.0,-567.6728583283773,883.3162094727403,-568.380014354275,882.8715321368899,-135.58300509987075,12.467533099397786,0.009030191506720506,0.20882611999281017
3558.0,-542.21733472091,899.1664817641682,-544.4883041030314,898.695657002072,-135.56474113218704,14.05558140790697,0.011363851260470148,0.2090896531127237
3559.0,-516.319570877884,914.2833809757661,-514.6404745779022,913.8226713852013,-136.54773582813968,16.480553963916424,0.015038054817212855,0.21101968332011362
3560.0,-490.0006893869573,928.6545775477051,-488.70515886589556,928.3139358121686,-136.92509931283072,18.709493975068575,0.018408048901212126,0.211937905067347
3561.0,-463.2821563053824,942.2683501259262,-465.4578914245547,942.2231712874433,-136.3799661433271,20.278739556834438,0.020735234784322723,0.2113550073353256
3562.0,-436.1857636519808,955.1135951222442,-437.42484277339605,954.822452821517,-136.43376734488916,22.64913988143589,0.024353541012851365,0.21178395459337443
3563.0,-408.73361163326103,967.1798357705926,-410.2824057737592,967.0373958989038,-136.57537756652937,24.67252904238985,0.027424268804006616,0.21234174695062344
3564.0,-380.94809061817324,978.457230672025,-380.4284527978653,979.3190788649755,-136.92767798598217,26.41232151097059,0.030042821079198635,0.21326807103490159
3565.0,-352.85186287620166,988.9365818215009,-352.1598894040531,989.5801040156538,-136.99591105868825,28.724658746094278,0.033597353593204246,0.21372287167192072
3566.0,-324.4678440936948,998.6093421099112,-323.8649797716037,999.4368752327913,-136.95153907398299,30.86401504883979,0.03688152928968058,0.2139987784555681
3567.0,-295.8191846835011,1007.4676222952222,-295.3589027852751,1007.2007010473066,-136.45320947975256,32.779678905358935,0.03983531964623071,0.21355477542496853
3568.0,-266.9292509031614,1015.504197437055,-265.9896260648509,1015.8145291035759,-136.54222326985538,34.853377301044844,0.04303021982926225,0.2140561300071843
3569.0,-237.82160579705263,1022.7125127894501,-237.52118341395092,1023.2760611943207,-136.39223810432588,37.036494221567324,0.04641337714065848,0.21416607344716246
3570.0,-208.51998997803273,1029.0866891470132,-207.67486725393883,1028.9666355697598,-135.92125190467289,39.00251443942785,0.04947270318957359,0.21378200265344263
3571.0,-179.0483022642549,1034.6215276400776,-178.10246783118546,1034.2904452802345,-135.55604277850247,41.335014507274,0.05311979179207842,0.21356292664997825
3572.0,-149.4305801869495,1039.3125139749793,-149.17291596667386,1039.9894745356296,-135.25656755876278,43.44296078710599,0.056404896637471336,0.2134405964712798
3573.0,-119.69098038506768,1043.1558221159778,-119.14909641807334,1043.5927127776229,-134.66206074796332,45.30360828226561,0.05932208033853625,0.21286211039836764
3574.0,-89.85375890278168,1046.148317405826,-89.7978699808889,1046.7744174016925,-134.1961573908557,47.48790562184484,0.06275953127608709,0.21248006584940418
3575.0,-59.94325140590626,1048.2875591224424,-59.585353967522565,1048.7544306401126,-133.83205825433967,49.902645002907036,0.06657845919541922,0.21227059593986203
3576.0,-29.983853333381138,1049.5718024695987,-29.124499644838235,1048.585361593563,-132.80812148609957,51.810342193481375,0.0696167241574699,0.2110140032155875
3577.0,0.0,1050.0,0.14216251544673816,1050.4354369063774,-132.49359959336255,54.119168240050506,0.07326867711581266,0.21087185409368975
3578.0,0.0,1050.0,-0.6317631370098121,1050.2414795180553,-132.09025739389728,54.33425947246098,0.0736133808352241,0.21022043679919547
3579.0,0.0,1020.0,0.6556496759980357,1019.9986550923901,-131.13366867302537,54.383038846082,0.07406139866983238,0.20871374547466287
3580.0,-29.943590010247956,1019.5603863515383,-30.29829285030698,1019.4535554563184,-131.51388772211624,52.17431195625375,0.07055277646572576,0.20893979079150027
3581.0,-59.86136901882444,1018.2419243476435,-59.356242752653976,1017.8811372127935,-132.56808190716586,50.32746850822324,0.06763269119058658,0.21026172102265545
3582.0,-89.72754827282027,1016.0457504861425,-88.95422719251236,1015.6537865055817,-132.94968596111372,47.86069024998599,0.0637339699611711,0.21050657702508363
3583.0,-119.51638349767126,1012.973757841553,-119.06611480454838,1013.6492243567182,-133.56109103772295,45.900172170123426,0.06063825834511473,0.21111087895614516
3584.0,-149.20219708840392,1009.0285944332762,-150.59990514083287,1009.3127292521662,-133.69848099421426,43.50354839771585,0.056877022081912955,0.21094334838844714
3585.0,-178.75940024341006,1004.2136609430368,-178.04813405206792,1003.6899679740135,-134.30905467377832,41.38132812515381,0.05356826541966536,0.21157894886586065
3586.0,-208.16251502167538,998.5331077835381,-207.3320031136174,998.9294499976694,-134.78927611722926,39.41963416078874,0.05050443444155081,0.21198460628094765
3587.0,-237.38619630444757,991.991831520858,-239.23181980872394,992.1180477718323,-134.97083374588183,37.34248139895283,0.0472819622037919,0.2118828880318563
3588.0,-266.40525364241194,984.5954706536701,-265.49437368196783,983.7977536118345,-135.0515968249762,35.00598268063175,0.0436652074151607,0.2116897896796215
3589.0,-295.1946729695468,976.3504007529276,-295.0733361276638,977.3169476817972,-135.49819598714117,32.95699528067742,0.040483512939210146,0.2120383215713916
3590.0,-323.7296381649354,967.2637289662008,-325.64640935492895,967.3336365589479,-135.3887760728518,30.966563369602444,0.03743790750433935,0.21148974677067814
3591.0,-351.98555244395374,957.3432878914045,-351.21572221793343,958.0992747370474,-135.7462928785074,28.587355802299495,0.03376437403327336,0.21174560575830195
3592.0,-379.93805956039245,946.5976288251962,-381.40439790769847,946.3546755783159,-135.40011933373202,26.540775727789637,0.03065097646763396,0.2108249335579339
3593.0,-407.5630648012373,935.0360143918642,-405.9125440395355,934.1589234025532,-135.92145214978967,24.7881528163054,0.028010951516282745,0.21135450990385665
3594.0,-434.83675575601256,922.6684105590621,-433.87174994128094,922.3529409491388,-135.76364726966065,22.298828718947266,0.024193656712581113,0.21076094000051987
3595.0,-461.73562284278177,909.5054780472674,-460.9386737270633,910.5273242303382,-135.6757521938581,20.36891205161413,0.021266926946103125,0.210289562761342
3596.0,-488.23647957311476,895.5585631403742,-489.9072554334362,895.4773835702499,-135.08512981460225,18.285994462277305,0.018136176857116097,0.20899478061548235
3597.0,-514.3164825385509,880.8396879053375,-513.4119078468483,881.8557739158954,-135.13245217103255,16.104625344779052,0.014831243563432734,0.20878223564448123
3598.0,-539.9531511013346,865.3615398293013,-540.9564599872496,864.9378530541475,-134.49864008504542,14.231571510584528,0.012057379117366098,0.20743615499691367
3599.0,-565.1243867724439,849.1374608831419,-563.815616481546,848.8063596814458,-134.76308976253458,12.37625595944147,0.009302114669472205,0.20757708426119045
3600.0,-589.8084922602127,832.1814360208564,-591.4572324830038,831.8751827233278,-133.51265491453572,10.091934054964954,0.005873859107245744,0.20524842926917836
3601.0,-613.9841901731261,814.5080811247059,-613.0191280995244,813.8832175172397,-133.65769965322428,8.354147377532675,0.0033284328194933825,0.20521520718983474
3602.0,-637.6306413606675,796.132630406507,-637.0062527295181,797.154686734862,-133.56238276676606,6.320972875795252,0.0002974089609564131,0.2047697359888403
3603.0,-660.727462876406,777.0709232759308,-660.088561395091,778.3235494747241,-132.62881454622462,4.1725461658050405,-0.0028912939195460817,0.203001227610688
3604.0,-683.2547455478431,757.3393906871294,-684.2165585164066,756.7749273475766,-131.47285941065095,2.3008798545350455,-0.005606237981521109,0.2008659729463235
3605.0,-705.1930711378699,736.955040975458,-703.2877694153534,736.7031818240642,-131.55827436246088,0.6563646391148291,-0.00797774711386222,0.20076835046177352
3606.0,-726.5235290830482,715.9354451965019,-725.061795039529,715.5154465083197,-130.28095293000123,-1.4024556357402378,-0.01099497573106402,0.19846876436173175
3607.0,-747.2277327942785,694.298721980044,-746.2041495698587,695.550142002707,-129.71381871119652,-3.46913722702635,-0.014039687098926187,0.19730721237617813
3608.0,-767.2878355058119,672.0635219120334,-768.3172745189464,671.8751011529566,-128.37441244579642,-5.330912531306688,-0.01671284694194767,0.19490466225536854
3609.0,-786.6865456589397,649.2490114580114,-788.4274320249493,648.8303572628326,-126.87367452518919,-7.31687909391911,-0.019591382541257862,0.1922698751184616
3610.0,-805.4071418071011,625.8748564418578,-804.1839341718695,625.471055199103,-126.31223245123694,-8.771498544814724,-0.021620400561876266,0.19118334285083502
3611.0,-823.4334870295628,601.9612050940948,-822.5296702725783,602.9711863718215,-125.17547264272817,-10.737580306141238,-0.02447396158712861,0.18914945369218886
3612.0,-840.7500428412428,577.5286706843636,-839.9156928673842,577.0265012478953,-123.32092064546406,-12.723112068428046,-0.02731628967861036,0.18598491636928177
3613.0,-857.3418825866926,552.5983137530422,-856.0980187222686,553.5955676636277,-121.9438546118917,-14.783745008824937,-0.030308930854284995,0.18359506320147867
3614.0,-873.1947043066851,527.1916239573243,-874.5637124101204,527.1181829996236,-119.669450169438,-16.557810560744723,-0.03280817606218285,0.17974908725577407
3615.0,-888.2948430663297,501.330501547397,-887.4482455189067,500.52489929342545,-117.35448894909898,-18.33833960223413,-0.03531628882080145,0.1759069155155063
3616.0,-902.629282734072,475.0372384887048,-901.8093729371734,475.7823925549239,-115.65739316654907,-20.345476172250944,-0.03820772507780332,0.17303002335068665
3617.0,-916.1856672014397,448.3344992465475,-915.6562378096452,448.9408443256161,-112.83413448145488,-22.178528142929977,-0.04079639018560454,0.16836708541864753
3618.0,-928.9523110338533,421.2453012495962,-927.6701648158805,421.858269931298,-109.40042123533858,-24.03833003316046,-0.04342467727174094,0.16275502681773368
3619.0,-940.9182095433247,393.7929950491553,-940.0064910711131,394.36749388497174,-106.02631165062132,-25.87067322008508,-0.046004263239699104,0.15723388197534408
3620.0,-952.0730482743623,366.0012441912788,-950.7833547714577,366.56397412861475,-102.23415194470734,-27.572314840531718,-0.04837200104017673,0.15106648839607115
3621.0,-962.4072118949019,337.8940048190876,-960.5681362942408,338.2686756229973,-97.43707192284234,-29.53014947588891,-0.051141459886739966,0.14331186446334182
3622.0,-971.9117924846045,309.49550502287286,-970.8364296885615,309.71083068254757,-92.42383233909855,-31.23825615496055,-0.05351024894752763,0.1352072903461431
3623.0,-980.5785972133714,280.8302239557853,-979.1961095063249,281.1179012681693,-87.11089244798889,-33.00011688068927,-0.05596416055208157,0.12664910311400318
3624.0,-988.4001554034636,251.92287073310567,-988.7010336387917,252.4125722579171,-80.13816272872492,-35.09059577263287,-0.05893970765726305,0.11543525254936646
3625.0,-995.36972496913,222.79836313330165,-996.161530282128,223.04233443219587,-73.73836673406551,-36.6601732183845,-0.06107807124196817,0.10515829237607431
3626.0,-1001.4812982282045,193.48180611920586,-1001.7353493675363,193.76946881308356,-66.90800459487937,-38.007590874727676,-0.06286404905503991,0.09421917098935584
3627.0,-1006.7296070806511,163.99847019785759,-1006.7866721707173,163.92196459562862,-58.83263771967044,-39.01145809995284,-0.06409621179164933,0.08130496202132247
3628.0,-1011.1101275496017,134.37376963763518,-1011.2820308892796,134.54303584974485,-50.44609864559302,-40.44144028301357,-0.0660122961779963,0.0679023159943237
3629.0,-1014.6190836809666,104.63324056147565,-1014.6048345438345,105.02253971819361,-42.09577951446709,-41.576839298120426,-0.06745780311909631,0.05457167604697585
3630.0,-1043.1558221159778,119.69098038506793,-1042.3312104472882,120.02630339898265,-46.04979974731928,-43.50750948679098,-0.07071431084592746,0.060525130524915205
3631.0,-982.7817853570735,119.33131345276952,-983.7359205466737,118.65433795389389,-45.82463770738007,-37.58776080682242,-0.06127593577955443,0.06088438893416201
3632.0,-985.93759204092,89.59388707134123,-985.5972035801403,89.7779675455059,-37.626792759474796,-39.186682745462775,-0.06346705095607912,0.047814318389745585
3633.0,-978.7292580854588,148.9598582420348,-977.9121395008591,148.5536782244252,-55.351817791431266,-36.60760169268976,-0.06008214050839822,0.07611869066367036
3634.0,-973.7837078776723,178.45248743576676,-972.7510929389518,178.56672066822594,-63.57576864863776,-35.688290256676616,-0.05898657983215725,0.08927072216759203
3635.0,-967.9496472071384,207.78229104419904,-968.2662388959474,207.92817450432247,-70.40396695188502,-34.382106993744024,-0.057267313531942504,0.10019306317712169
3636.0,-961.2323992517917,236.92250764468204,-961.1685650337894,236.4975841084414,-77.7421036303546,-32.56068733899314,-0.054718322901319026,0.11195899545098195
3637.0,-953.6380930370411,265.8465487996333,-951.9020147178535,266.10648820125084,-84.6949726002526,-31.02925322498086,-0.052643589253835256,0.12313831729360344
3638.0,-945.1736578434601,294.5280233166512,-944.7082382784323,293.9334065682003,-89.6369977980466,-28.980045682569322,-0.049722969670196716,0.13109189666963267
3639.0,-935.8468168842938,322.9407613286608,-934.4095388191968,323.2840716429082,-95.59714684850042,-27.433552748631314,-0.04762110652018094,0.1407038963919576
3640.0,-925.6660802585607,351.05883817211026,-927.211070818274,351.5745129439012,-99.98578431021616,-26.02786053152309,-0.0457303501391148,0.14777678928898041
3641.0,-914.6407371861739,378.8565980414389,-913.2802616763083,379.3774114457361,-104.23631155268812,-23.905335952785762,-0.04269274869739887,0.1547123237444738
3642.0,-902.7808475321693,406.3086773982291,-903.9519231170328,406.63548799233854,-107.6590997441591,-22.073870169300807,-0.04011170929592559,0.16027410425203178
3643.0,-890.0972326277719,433.3900281136869,-889.5990631858886,432.5768420491841,-111.19794104574974,-19.810428700304158,-0.03682703337339477,0.1660821241978877
3644.0,-876.601465396678,460.0759403233307,-875.2334440970268,459.3964286950449,-113.75249917722512,-17.917790783797745,-0.03414326532450453,0.170323765085542
3645.0,-862.3058597955605,486.3420649730383,-861.4919066958668,487.1281457718551,-116.90409199257574,-16.47692037814722,-0.03218967843706724,0.1755079730730583
3646.0,-847.223459578433,512.1644360358803,-848.2417209431723,512.1601524263431,-118.67904697762701,-14.627409790431173,-0.02955265722011143,0.17849517633487133
3647.0,-831.368026395124,537.5194923794639,-832.5674730071119,537.408670148163,-120.18482379590701,-12.809476886361262,-0.026968545052760223,0.18108365666234086
3648.0,-814.75402723472,562.3840992638442,-813.5064084031646,561.7413785519794,-122.55519843784555,-10.509283939305758,-0.023605676296567825,0.18508966541587826
3649.0,-797.3966212254367,586.7355694503766,-796.8978175837965,587.8094183837123,-124.30596862156985,-8.880199351846741,-0.02133216222509592,0.18807950766664358
3650.0,-779.3116458029598,610.5516839022574,-780.546084070916,610.4289261743999,-124.95096800155126,-7.1778548817573595,-0.018899817350763282,0.18930631529952086
3651.0,-760.5156022598775,633.8107120578634,-761.8131188348679,633.4741372342041,-126.28593143297722,-5.2715701250827145,-0.016148105005762355,0.19166039770614227
3652.0,-741.02564068939,656.4914316583873,-739.6156645460018,655.9669706545653,-127.94508031747625,-2.9731221151158116,-0.012765480504192047,0.19457286678955577
3653.0,-720.8595443370305,678.5731481116894,-719.6736910847934,678.5976095409234,-128.69473978967812,-1.2888193794758873,-0.010361986264281932,0.1960102157038937
3654.0,-700.0357133746821,700.0357133746821,-699.1241245793767,701.2909206752221,-129.89124343370432,0.40208143845978345,-0.007948758395569158,0.1981661803811371
3655.0,-678.5731481116894,720.8595443370305,-679.641586408008,720.3703371444172,-130.0239500388396,2.4036110736440186,-0.00499689013961551,0.19861599161946075
3656.0,-656.4914316583873,741.02564068939,-656.3219111852338,740.700765502771,-131.06302933393133,4.366434632121899,-0.0021219456266846925,0.2005553331100557
3657.0,-633.8107120578634,760.5156022598775,-633.3005678101935,761.7129078222257,-131.8966943518221,6.283942751411826,0.0006725281924073624,0.20216409396262308
3658.0,-610.5516839022579,779.3116458029594,-610.556604211449,780.7496577271899,-132.66266092179455,8.273279639203421,0.003605513624441548,0.20366171232633673
3659.0,-586.7355694503766,797.3966212254365,-586.1420305074411,796.8446718932543,-132.77624922966126,10.310125237942136,0.006650138876135039,0.20414149835488912
3660.0,-562.3840992638442,814.75402723472,-561.7896777765433,815.9344418661566,-133.43166851541363,12.164036370530205,0.009366938189209629,0.20548287314938002
3661.0,-537.5194923794639,831.368026395124,-537.4717248296968,832.4081288639296,-134.00243065659643,14.544875960902003,0.0129544092866294,0.20668909062038593
3662.0,-512.1644360358803,847.223459578433,-512.1059050358821,848.1672140294481,-133.85377342864606,16.26379019044966,0.015497145161971825,0.2067631498007031
3663.0,-486.3420649730386,862.3058597955604,-487.8807276274947,862.097289148595,-133.77077524484744,18.38570130045302,0.01870367032948419,0.20692773917902488
3664.0,-460.0759403233308,876.6014653966778,-461.45798961217787,876.4868092046196,-134.1346069803764,20.467463063251998,0.021840669016624025,0.20783039392630526
3665.0,-433.3900281136872,890.0972326277717,-435.12412304093186,890.0188195716695,-134.1680722459793,22.428872558716016,0.024796623019074527,0.2082061657002156
3666.0,-406.3086773982291,902.7808475321693,-408.13242506799315,902.6425455007238,-134.11069362571845,24.42005677774598,0.02781108870074339,0.20844541138260728
3667.0,-378.8565980414389,914.6407371861739,-377.751264511236,913.9465576841129,-134.88971427952166,26.89829111901646,0.0316168812257337,0.21005733850996758
3668.0,-351.0588381721103,925.6660802585608,-349.86137347629756,924.9762997476552,-134.71265949307696,28.878304930775933,0.0346330901292257,0.21011711380423784
3669.0,-322.9407613286608,935.8468168842938,-322.1187833961599,935.7292441997234,-134.64151483349963,30.877931076148283,0.03768390296395672,0.2103436463098552
3670.0,-294.5280233166509,945.1736578434601,-293.7197213636046,945.7043661193123,-134.5238745702924,33.11959214684668,0.041129452317806584,0.2105042185581669
3671.0,-265.846548799633,953.6380930370411,-265.59255977432224,954.2107746598182,-134.30801583636926,35.158886951492846,0.04427091304899262,0.21050514129795259
3672.0,-236.92250764468204,961.2323992517917,-236.5337554880783,962.2420103712487,-134.1149475733175,37.27213240793773,0.047535889326711676,0.21055374600151908
3673.0,-207.78229104419904,967.9496472071384,-207.4370765300733,968.661379898918,-133.78460024570856,39.45328791735543,0.05092868829201737,0.21038432813809008
3674.0,-178.45248743576673,973.7837078776722,-178.03305616481003,973.6962226730315,-133.30607332095656,41.45327363207936,0.05405010283526835,0.20998283912303106
3675.0,-148.9598582420353,978.7292580854588,-150.41212322644571,979.3505182680946,-132.62282901103902,43.723251686760875,0.05759363711163833,0.20923369484676882
3676.0,-119.33131345276975,982.7817853570735,-120.57593939390279,983.1325122410954,-132.32091179879143,45.95186258049821,0.06109426353372043,0.20911858161340052
3677.0,-89.59388707134147,985.9375920409201,-89.08827557643735,985.4007245193454,-131.79798678103177,48.05166013935285,0.06440841640932331,0.20867194916351306
3678.0,-59.77471244806329,988.1937986810843,-59.45070389439592,988.2267983547031,-131.39841475291246,50.20861896737739,0.06780671215498854,0.2083989810658986
3679.0,-29.90099752287988,989.5483466446381,-29.43050928419159,989.309422210702,-130.8800809467724,52.56583925169321,0.07154508589204818,0.20794168370068128
3680.0,0.0,990.0,-0.1771857062918233,990.5558858422779,-130.08571726861408,54.55295413155427,0.07469241204198113,0.20703567930100852
3681.0,0.0,990.0,0.3453225846035395,989.8548545762615,-130.10007132300018,54.527038055109806,0.07465975083616085,0.20706492363296153
3682.0,0.0,960.0,0.07241922548509584,960.5174238753688,-129.1931207355653,54.86089292745887,0.0755503920861539,0.2056181247016224
3683.0,-29.855867779043407,959.5356310003085,-29.68761443725373,959.5555320171147,-129.6630300518976,52.458862818912124,0.07173922269733893,0.20600153828170936
3684.0,-59.68285193422125,958.1429732482505,-59.52138456020663,958.7478382465919,-130.35948916286975,50.24541514372578,0.06822630311322282,0.2067446140101023
3685.0,-89.4520967847086,955.8233740502578,-90.06603949137009,956.0370695773777,-130.7771907799104,48.05372829344102,0.06477132386425077,0.20703532722070364
3686.0,-119.13480250872908,952.5790774687454,-118.70072699818652,952.8386480012268,-131.40515693562241,45.96030704093922,0.061478711443430784,0.2076840781574002
3687.0,-148.70225300552136,948.4132221511264,-149.60034918416144,948.8992475161118,-131.73159852357844,43.44996458228689,0.05753162306281987,0.20782519924630652
3688.0,-178.12584367631356,943.3298382933731,-177.34432161910138,942.9358694645949,-132.50519524875025,41.72166015764062,0.05485397446853537,0.2087166369962722
3689.0,-207.37710909742418,937.3338437410627,-207.13378903158377,937.863637560994,-132.78158089080068,39.574503457984044,0.051498787931621555,0.20879168760835182
3690.0,-236.4277505587213,930.4310392316796,-238.14354915126242,930.9668107621713,-132.4822156458371,36.784141798542386,0.04714225467117974,0.20793545733217367
3691.0,-265.249663440797,922.6281027827757,-264.1410794158,922.2942515424364,-133.28303168965192,35.16731954263958,0.04467521472738609,0.20889160460311715
3692.0,-293.81496440437195,913.9325832314206,-293.76049880396425,914.7509334416717,-133.4784130078361,32.95080970624546,0.04123991257078355,0.2088398154031861
3693.0,-322.0960183656241,904.3528929311896,-323.34226276233653,904.20171432985,-133.27418671854934,30.93081620557037,0.03815418906459602,0.20815249210802086
3694.0,-350.06546523134904,893.8982996137532,-349.35292597613596,894.7514534341863,-133.63274060027106,28.3302619035974,0.034131015434029424,0.2084045964476948
3695.0,-377.69624636808226,882.5789174229468,-379.36156069501453,882.6096519136298,-133.1793712625523,26.60023116675826,0.03152628631316715,0.20731552180095691
3696.0,-404.9616307795798,870.4056971299897,-403.4022525434222,869.9311663832856,-133.70967762949022,24.942550092995145,0.029043278011908848,0.207865104896604
3697.0,-431.83524096733044,857.3904155393199,-430.9643445918669,858.1877629920345,-133.74916843352347,22.649866729660044,0.02553818025246045,0.2075904042697065
3698.0,-458.291078449082,843.545664095298,-459.5842936032779,843.4024615940419,-132.69787984098312,20.281024114601497,0.021949125321637068,0.20556671876940744
3699.0,-484.303548910694,828.8848367007971,-482.6302957901575,828.3531792641674,-133.0776319680809,18.659698929520392,0.01955301429840748,0.2058888692876143
3700.0,-509.847486966984,813.4221167594665,-509.4736151023808,814.6474730564904,-132.9634614728852,16.234871897697243,0.01586163562793469,0.20537841189757552
3701.0,-534.8981805076113,797.1724634542057,-536.8304137348352,797.1627693025172,-132.24422399130046,14.415415890999734,0.013180016148424203,0.20389867192237682
3702.0,-559.4313946044489,780.1515972751203,-560.5874351348747,780.1246390107957,-131.1943760116832,12.188345634805566,0.009844189269015785,0.2019368353712854
3703.0,-583.4233949573104,762.3759848109634,-581.9392587854032,762.0039463073625,-131.4204204027964,10.382353401435912,0.00719178698969351,0.2020351009883313
3704.0,-606.8509708553535,743.862822818774,-605.7115218334937,745.0493515100411,-131.069614576874,8.38414724068718,0.0042191855742153795,0.20118563791509106
3705.0,-629.6914576319422,724.6300215871269,-630.8989325947665,724.4667162205187,-129.99351402057547,6.422686916139457,0.0013494994869141937,0.19916450115082054
3706.0,-651.9227585912506,704.6961876090814,-650.9446404980557,705.9765539554046,-129.60933113113302,4.105805916617499,-0.002111482633742128,0.1983075558508896
3707.0,-673.5233663853857,684.0806055816065,-674.8503570722768,683.783281970767,-128.2537098657928,2.4437006573762923,-0.004485004913302035,0.19585724493515133
3708.0,-694.4723838213598,662.8032197488768,-692.8046634780571,662.193569341842,-127.89184087807446,0.8173708437857664,-0.006808980577751133,0.1950614266502132
3709.0,-714.7495440777747,640.8846146075074,-714.5810510303005,642.1151667160225,-127.30077026240889,-1.275021011484462,-0.009893225992016069,0.19385401372063873
3710.0,-734.3352303116617,618.3459949923817,-733.8663629558296,619.3614428863729,-125.73048867546548,-3.3511117170195983,-0.012918762734492488,0.19111864626259722
3711.0,-753.2104946365113,595.2091655623442,-755.0488810083522,594.8791473703816,-124.04164366777285,-5.275125130028442,-0.015681091178044924,0.18817134422776666
3712.0,-771.3570764531287,571.4965097055995,-770.3521227701935,570.8202241847695,-123.28645875764141,-6.892637088285521,-0.017960792435155807,0.18678201172711398
3713.0,-788.7574201155845,547.2309678852315,-788.0553860150918,548.2235620620903,-122.00998455703397,-8.868063090698465,-0.0208280398571288,0.1845336285548674
3714.0,-805.394691915169,522.4360154457863,-806.4335535437476,522.3579573875799,-119.22471143945404,-10.90300105568206,-0.02374996885851511,0.17987565179048853
3715.0,-821.2527963659172,497.13563990239254,-822.1763020808393,497.2121342777077,-117.30752098691194,-12.705507004926067,-0.026310785962818845,0.17663154740253442
3716.0,-836.3163917759524,471.3543177343895,-835.3497706877492,470.79063022286215,-115.4963913919464,-14.180140075663695,-0.028334153943996958,0.17358771001370177
3717.0,-850.5709050895824,445.116990705914,-849.4519748129633,445.7990561455121,-113.1306674962916,-16.34563017166312,-0.03147456734421854,0.16964983418251928
3718.0,-864.0025459857887,418.4490417363565,-863.0579618449623,419.1808659798266,-109.94123004740213,-18.384670596382037,-0.0343938087189685,0.16440705467172467
3719.0,-876.5983202194742,391.3762703440211,-875.1974368380124,391.9485375829108,-106.43932912671806,-19.979168403378033,-0.03659801720920545,0.15868493443336829
3720.0,-888.3460421925516,363.92486768676446,-886.9184426026536,364.3679588810407,-102.8988269634212,-21.828389089723714,-0.03920336474107636,0.15290650339058637
3721.0,-899.2343467427281,336.121391223735,-897.8440248371534,336.4710308126596,-98.63369276583192,-23.82936686838704,-0.04204636686475394,0.14598452617639524
3722.0,-909.2527001385602,307.99273902275286,-908.9306545529712,307.3326843391637,-92.6157309817291,-25.29071307493768,-0.04401531504940077,0.1362708648702548
3723.0,-918.391410270163,279.56612373816193,-918.4969292517629,279.02598774216455,-87.08183310980081,-27.11514708291955,-0.04657232061126464,0.12734623495471187
3724.0,-926.6416360256982,250.86904628434618,-927.1205186960775,250.43576269671257,-81.50654132175885,-28.93013805991187,-0.049110824757314625,0.11836726961627206
3725.0,-933.99539584458,221.92926923037083,-934.0752124440274,221.90696087307288,-74.55697074195601,-30.786936217651636,-0.0517166193466227,0.10722151056919904
3726.0,-940.4455754391183,192.77478994148976,-940.6237310560331,192.7875885520166,-67.1233979241274,-32.364114125962146,-0.05387015178621801,0.09531041245150336
3727.0,-945.9859346771341,163.43381349350273,-946.1006599642396,163.4292763907598,-59.63001146866736,-33.786037217403965,-0.0557736622206378,0.08331724170290537
3728.0,-950.6111136188825,133.9347253861662,-950.7755255079727,134.04489998391875,-50.62042906339256,-34.910614614559094,-0.05720361307642084,0.06892079300148354
3729.0,-954.3166377024505,104.30606408205567,-954.9434148357227,104.03218087182,-41.88132652402533,-35.7852444885371,-0.0582280647978668,0.0549610353006853
3730.0,-957.0989220726041,74.57649339744566,-956.3050972792639,74.58216770775186,-33.360528793937874,-36.707022647051964,-0.05933444678921603,0.04138308803444424
3731.0,-927.5570292130868,67.36436415043912,-927.2541149348073,67.28588741838777,-30.461458374003062,-34.01835795982311,-0.05496594668956259,0.03712486075004919
3732.0,-924.9053626924941,97.21147083891772,-924.9310262338877,96.93388298044427,-39.75803408456479,-33.30428850560508,-0.05419256805339097,0.05194927133598557
3733.0,-921.2935215199383,126.95765910488073,-920.6212917815984,126.85833538668079,-49.29332726018445,-32.24424592523786,-0.05287194184465402,0.06717794296420648
3734.0,-916.7252552664353,156.57204845274612,-916.9146618856474,156.32976908897567,-57.73538672129204,-31.117651288877664,-0.05143984664129776,0.08065929289109448
3735.0,-911.2053063993089,186.02389521172145,-910.6349375827976,186.06649511083194,-66.33735859771872,-29.837327073047277,-0.04976633224106085,0.09442666394897609
3736.0,-904.7394053588788,215.28262445181747,-905.2256803410802,215.47131696397528,-73.52822050799942,-28.549918594834907,-0.04807747806571144,0.10593752315679127
3737.0,-897.3342646095028,244.31786172468574,-896.3145166277482,244.38466002358157,-80.40682580240663,-26.557820475249542,-0.04526105636520927,0.11699429827886666
3738.0,-888.9975716711459,273.0994645963368,-890.1505843797041,273.51761915279343,-86.48290614361868,-25.223328530974005,-0.04349393703083673,0.12674016999916055
3739.0,-879.7379811387144,301.5975539389851,-880.227212790004,300.93725629310455,-92.30703404330148,-22.836559656657442,-0.040031083939371034,0.13613108870614704
3740.0,-869.5651056974358,329.7825449495582,-867.7824296570479,330.2964467467268,-97.61214908239464,-21.266910303710063,-0.037892470613943054,0.14472685244898914
3741.0,-858.4895061436142,357.6251778626517,-859.2259457905652,358.1385548080687,-101.47630633697463,-19.583089065000866,-0.0355535674218027,0.15098164075428058
3742.0,-846.522680421122,385.0965483260514,-845.4777002621566,384.5035454419876,-105.81958873810032,-17.263443123386935,-0.032184627568529287,0.15806256377812164
3743.0,-833.6770516850044,412.1681374072946,-834.68396704639,412.4670383243329,-108.73122171167516,-15.978401693012705,-0.030481888750016194,0.162828762138129
3744.0,-819.9659554045952,438.8118412001086,-818.67196840706,438.20327088130256,-112.19329425466628,-13.465160705703196,-0.026797132428826483,0.16853492023667174
3745.0,-805.4036255195278,465.0,-804.4286981397736,465.833254199702,-115.50742599957037,-11.956597071693873,-0.024734562491738367,0.17398396167382096
3746.0,-790.0051796630144,490.7054270187037,-791.8449538555808,490.6636740272119,-116.80642800799063,-10.298399673565331,-0.0223995568443967,0.17620550035594792
3747.0,-773.7866034677342,515.9014366076794,-772.5159379731255,515.3163510693757,-119.32378563768083,-7.971834820933822,-0.018998634544125946,0.18044872139203488
3748.0,-756.7647339706231,540.5618719613622,-756.117376045098,541.4684015222832,-121.45443923590629,-6.416648122619861,-0.01684376149186736,0.18404059465683073
3749.0,-738.9572421337913,564.6611322714018,-740.3904899002165,564.4542867007448,-122.49367921302824,-4.523229850177704,-0.01411180023006523,0.18588720319896782
3750.0,-720.3826144997184,588.1741993037011,-719.5061175882098,589.1168269386739,-124.01349847430379,-2.6130820455462307,-0.011373747039854842,0.18856184102048193
3751.0,-701.0601339997653,611.0766633706697,-702.5819776491658,610.8975382346766,-124.66372223688587,-0.6375392876122694,-0.008496320868060504,0.18980397376248656
3752.0,-681.0098599359292,633.3447486717215,-679.278181790732,632.8872329893189,-126.45700668607367,1.5089155290773204,-0.005349439121164885,0.19294347556273497
3753.0,-660.2526071566231,654.9553379757142,-660.0289023770948,656.1376938196736,-127.63492520521898,3.10163444211573,-0.0030992960045305245,0.19505393651431316
3754.0,-638.8099244480976,675.885996619708,-640.8331168628962,675.5087989463731,-127.49258620269153,4.797384928371025,-0.0006376626821168258,0.19506248722027145
3755.0,-616.7040721639394,696.1149957991242,-618.1222186214021,695.8900588949249,-128.37314828215244,6.981646436111265,0.0025890887398402193,0.19674208505136412
3756.0,-593.9579991158635,715.6213351251345,-593.5588142277969,715.3706432113462,-129.6452937627523,9.199840652563458,0.005880876295069512,0.19906759481428485
3757.0,-570.5953187498002,734.3847644258518,-570.1741698050193,735.4847171672654,-130.46694583759754,10.990620678818969,0.00848465470869565,0.2006616858122601
3758.0,-546.6402846319999,752.3858047687012,-547.9297576652713,752.2421469795519,-130.17545683426263,12.730233164628942,0.011048106182208578,0.20047019336688837
3759.0,-522.117765270609,769.6057686821383,-523.5168178140111,769.3244518425317,-130.62109477625313,14.970296136809708,0.014404070606575774,0.20147843279191707
3760.0,-497.0532182988548,786.0267795557291,-495.8102981088087,785.5854854452913,-131.57690779331872,17.308300287420668,0.01792597134458066,0.20333897745047003
3761.0,-471.47266404663895,801.6317901984459,-470.6163057062054,801.3233286654867,-132.08805080464595,19.425449224325963,0.021102777591318404,0.20446103696073095
3762.0,-445.4026585279783,816.4046005359163,-444.48994473820494,816.1693644887064,-132.11276479939212,21.131289017350934,0.023635886945178503,0.20482033933899593
3763.0,-418.8702658723346,830.3298744282538,-417.30926612709254,829.7550766368513,-132.21860425835536,23.402690828986852,0.027084551357765455,0.20532166910324115
3764.0,-391.9030302284518,843.3931555910073,-391.7440754455408,844.6919145275979,-132.43369353555698,25.518388921957662,0.030268858405204137,0.20597709051668509
3765.0,-364.5289471698697,855.5808826027065,-364.51559642149647,856.6911588067811,-132.53178801989182,27.67846650514018,0.033559774234300344,0.2064666791813284
3766.0,-336.77643463179925,866.8804029834182,-336.3042307336136,867.6133188806516,-132.49271632961216,29.36549338904371,0.036110997513205435,0.20674999848512993
3767.0,-308.67430340953126,877.279986329701,-310.41612896062503,877.8328529610612,-131.9151037847843,31.683458869834293,0.03967499579841123,0.2061477504482109
3768.0,-280.25172724900096,886.7688364923248,-281.7177839451896,887.054577416051,-131.88315129024616,33.93735896472057,0.0431492510025523,0.2064483643265567
3769.0,-251.5382125605656,895.3371027841055,-252.82509109285124,895.7155802721448,-131.80510603155068,36.160767198308044,0.04658184404440539,0.2066779994650244
3770.0,-222.5635677874284,902.9758902062284,-223.49695294498062,902.9440898477145,-131.4055413073497,37.95196191714644,0.04934409161916848,0.20640125336785867
3771.0,-193.35787246051598,909.6772686824393,-192.7022797779489,909.5339313930863,-131.54743649298152,40.307280974410084,0.053011992713759164,0.20700422809664665
3772.0,-163.95144597192672,915.434281291516,-162.72283535863588,914.5740869723421,-131.09858535047272,42.8603758622564,0.05701364278094868,0.20665701675870804
3773.0,-134.37481609937558,920.2409514894775,-133.37787927046034,919.3514797433658,-130.8458881455666,45.18710875537489,0.06065824459323136,0.20661422354715517
3774.0,-104.65868731430275,924.0922893140311,-104.81886489487529,924.0884518530071,-129.85028443771003,47.01247820364009,0.0635053967309176,0.20537943250677335
3775.0,-74.83390890655481,926.9842965648153,-75.31125232806393,927.263797805037,-129.48326643044686,49.55925065390662,0.06751982259908908,0.20515668413676802
3776.0,-44.931442958721185,928.9139709540638,-44.42036543631167,928.5250992569673,-129.03336268899366,51.76345222723925,0.07101247123409343,0.20481895994681182
3777.0,-14.98233220338066,929.8793092233785,-14.501476919044535,929.5517570213842,-128.2518077183676,54.119602120253234,0.07474982680569105,0.20394149239407913
3778.0,0.0,930.0,0.6069780362113438,930.1182625544742,-127.94330753385223,54.8574605945794,0.0759172270627086,0.20363553193893388
3779.0,0.0,900.0,-0.1472051584997487,900.4888393966957,-126.89781989684934,55.191757170086184,0.07681214732880895,0.2019623502241038
3780.0,-29.914419147863963,899.5027112394081,-30.345741820149698,899.6438339737882,-127.29798359208668,52.973475636277186,0.07329199137454734,0.20222938986629646
3781.0,-59.79578028590177,898.0113945045465,-58.85416639667437,897.3409484912345,-128.28896710904993,50.848635050338316,0.06993840592523252,0.20345744721638798
3782.0,-89.61106193623489,895.5276978288613,-88.86307274688293,894.759089149204,-128.74146298681762,48.25665962797613,0.06584476887813444,0.20381009851118528
3783.0,-119.32731564451136,892.0543659111114,-118.92337720855402,892.4290231868061,-129.5230069000817,46.024124855516995,0.06232011568614927,0.20468581654834517
3784.0,-148.911702390784,887.5952370822403,-150.05950363471507,887.7416634782857,-129.51170893546407,43.88798299770783,0.05897774629517744,0.20428651198354067
3785.0,-178.3315288794578,882.1552390636895,-177.82515310539438,881.9091702615551,-130.3580763280908,41.883460413026484,0.055858879902458795,0.20529350236981317
3786.0,-207.55428366819606,875.7403835218414,-206.7513989642763,876.3696633634326,-130.3971466610541,39.28415685854088,0.0517898020002312,0.20500142578771546
3787.0,-236.54767309586586,868.3577594246113,-237.4319478667397,868.459761553352,-130.4206637891608,37.20289317856719,0.04857424032765649,0.20466311060949705
3788.0,-265.27965696981374,860.0155252075268,-264.2121755719135,859.6010503079642,-131.18071031632044,35.39344295701327,0.045802903253559776,0.20554478550508753
3789.0,-293.71848397304007,850.7228997579524,-293.3810759943199,851.2749160310414,-131.21166623421072,33.20116618516467,0.04241575634551643,0.20523682264644155
3790.0,-321.8327267521376,840.4901522274273,-320.65934866810653,839.8436735870313,-131.19444487130457,30.618998448115466,0.038446106869171194,0.20487533773070715
3791.0,-349.5913166472253,829.3285906833668,-349.5316793810186,830.4848550887023,-131.3237714597651,28.53866386781694,0.035249768748028966,0.20472756873801293
3792.0,-376.9635780254924,817.2505496126745,-378.4618487525775,817.160125986751,-130.7260323037998,26.37293655239759,0.031966094267471636,0.20342193032505373
3793.0,-403.9192621804157,804.2693762910709,-402.88091563784457,803.6589749436115,-131.10595314068811,24.57206732519039,0.029265270104302105,0.2037275334671205
3794.0,-430.4285807591864,790.3994160332057,-431.84253397541426,790.2197067847495,-130.29045862242785,22.13947775354066,0.025558273908430216,0.20207494147658767
3795.0,-456.46223868140333,775.6559963398475,-455.4437144567374,775.3175148624558,-130.6181369550328,20.336933213044706,0.02287194191098741,0.20230741472329306
3796.0,-481.9914665126627,760.055409959677,-481.3650461326838,761.0325801045987,-130.57489101604926,18.0442287181482,0.019397936585311908,0.20192112882790078
3797.0,-506.98805225725977,743.6148968843954,-507.8018233379573,743.6091020689627,-129.5851445734406,16.23026951767093,0.016724315714901634,0.20002212794718532
3798.0,-531.4243725348749,726.3526252970483,-530.8014826164585,727.468279715151,-129.43132798715467,13.788467123349497,0.013035742717284311,0.19949564504359182
3799.0,-555.2734231067873,708.28767149462,-556.8908565422962,707.9272628631219,-128.38775340118698,11.88722654909497,0.010249142666546515,0.1975152286504844
3800.0,-578.5088487178854,689.4399988070803,-576.9378351533875,688.8435424668091,-128.27730554422808,10.169247091819672,0.007748611244959452,0.19709393062340128
3801.0,-601.1049722214937,669.8304355361865,-600.1994196968686,670.7573275895328,-127.72350783724998,8.084001123819649,0.004651340594202629,0.1959276502031774
3802.0,-623.0368229548315,649.480651938416,-621.8547088786114,648.9143812414073,-126.42798860275273,6.187996174041436,0.0019012649667100809,0.19360055556364797
3803.0,-644.2801643337467,628.4131362774655,-643.866300851675,629.4191787224308,-125.92781502536882,4.249048482384958,-0.0009459089121643827,0.192534929221462
3804.0,-664.811520636227,606.6511699727838,-665.9397406825168,606.6409338073067,-124.36052114896677,2.0619948521955127,-0.004147748325158898,0.18977017072561533
3805.0,-684.6082029450977,584.2188018715968,-683.0239528606426,583.7779489707505,-123.78280506704834,0.589746582468687,-0.0062109018659724504,0.18864147714113877
3806.0,-703.6483342212267,561.1408216728603,-701.9896464700155,560.7757373169042,-122.09331107506837,-1.4885584373125997,-0.009236919575385515,0.18572029160454986
3807.0,-721.9108734795394,537.4427325325078,-720.9137571012035,538.4700206230202,-120.95447081282212,-3.6051359977406974,-0.012332379879964227,0.18367600796375777
3808.0,-739.3756390411176,513.1507228802654,-740.5245924945729,513.1109887455859,-118.64871473265089,-5.439077063134422,-0.01494061636349474,0.17976610981748464
3809.0,-756.0233308356943,488.2916374791835,-754.977582066897,487.81765075987715,-117.24427879072637,-6.994579838206728,-0.0171065090958279,0.17735387522215657
3810.0,-771.8355517298936,462.8929477598584,-770.6543723092354,462.3236802531822,-114.7596298498327,-8.934875854855369,-0.019882362151771797,0.17320744038944286
3811.0,-786.7948278576472,436.9827214621367,-785.6986520303482,436.294589881459,-112.3533893070436,-10.757993073970631,-0.022465165760715982,0.16919354273730572
3812.0,-800.8846279303219,410.5895916178467,-799.6729834106169,411.2453503212348,-109.68368840217181,-12.843016830781183,-0.02547680677698904,0.1647734385241298
3813.0,-814.0893815052173,383.7427249088285,-812.8421785876208,384.20698707021114,-106.32516174822722,-14.781007352380373,-0.02823007638755715,0.15926689456325352
3814.0,-826.3944961922466,356.4717894352413,-827.5057146366252,356.8095292269314,-101.57084511121066,-16.69620769017402,-0.030942676472329563,0.15152058069701735
3815.0,-837.7863737797837,328.8069219297558,-838.3900355317952,329.3522368514069,-97.56453983302663,-18.736846472627942,-0.03385418525042324,0.1450110478287144
3816.0,-848.2524252618592,300.7786944538687,-848.6344154064531,301.2353017062664,-92.65544584290616,-20.675452538878822,-0.036595225290004876,0.13707251944000617
3817.0,-857.7810847500956,272.41808061314333,-858.4281506556326,272.9786797364154,-87.11073400525909,-22.553619047818586,-0.03923836204579034,0.1281278928602877
3818.0,-866.3618222550108,243.7564213287047,-865.7978747088482,243.83382692086184,-80.80954141674772,-23.8479989889927,-0.040941495482799836,0.11800897657138579
3819.0,-873.985155322563,214.82539020282374,-872.8996679489223,214.871016435137,-74.2617604521765,-25.65106034064996,-0.04345644999665759,0.10750088403429443
3820.0,-880.6426595130791,185.65695851686,-879.9121435101885,185.6719865114516,-66.4062498086797,-27.07783088834645,-0.04536962612256327,0.09491256894210251
3821.0,-886.3269777109872,156.2833599002373,-885.2333463210474,156.19240154360278,-58.62908804042868,-28.410762094644202,-0.047130016348053305,0.08246966292921268
3822.0,-891.0318282550619,126.73705470951298,-890.2175713395769,126.60439943289721,-49.1073982922789,-29.49616434618198,-0.04849512422465183,0.06725438136057359
3823.0,-894.7520118802009,97.05069415688298,-894.1470549215998,97.02008873559812,-40.23583232265489,-30.579889993339417,-0.0498576089111428,0.05308672131143277
3824.0,-897.483417463062,67.2570842277817,-896.992276723861,67.13426321150122,-30.745914506701798,-31.34964805131486,-0.050716706015840184,0.03794820265776094
3825.0,-867.4052480102181,67.14265205018262,-866.9611247600501,67.05939795629945,-30.43680298136792,-28.65183186215262,-0.04642208132250565,0.03782402708890862
3826.0,-864.5891829247936,96.8790213071838,-864.1645012096038,96.73338751856927,-40.190796801571466,-27.951901606312717,-0.04567152426728182,0.053382240575393064
3827.0,-860.7539993271242,126.50119620921016,-860.7503880464941,126.45972295624081,-49.72011168134162,-26.95918193803135,-0.04445561946782363,0.06859042880062563
3828.0,-855.9042178689592,155.97426016533984,-855.1982777626582,155.84144088605441,-58.380841040278234,-25.726518784464037,-0.0428536122296363,0.08244240422720676
3829.0,-850.0455551405153,185.26347234642176,-850.4088393696462,185.4688538972554,-66.58647422126276,-24.53377022649975,-0.0413181400643626,0.09556073116879854
3830.0,-843.1849169321505,214.33430863518416,-843.4508181327109,213.99902708963802,-74.2391091021292,-22.52957825262109,-0.03847777772597348,0.10782549255579611
3831.0,-835.3303900942934,243.15250232090045,-835.6916509034149,243.50494615641696,-80.88732761896638,-21.379465447540724,-0.037008674535897665,0.11850148726345129
3832.0,-826.491233005216,271.68408449064145,-825.9757617777249,271.179909975998,-87.19472879078164,-19.101581815463856,-0.03372224466866827,0.1286590182395706
3833.0,-816.6778646578915,299.8954240695023,-815.09901320345,300.2018407940939,-93.42758785346086,-17.504798703238098,-0.03153631621449535,0.13871212877848874
3834.0,-805.9018523788005,327.7532674626112,-804.8321957405533,327.13985220430067,-97.71823151702263,-15.402323514409353,-0.02852003211913111,0.1456666376944453
3835.0,-794.175898193158,355.22477775218726,-792.5347388403848,355.7518123262424,-102.5468245115823,-13.86857997312803,-0.026429413358226503,0.15350218874811367
3836.0,-781.5138238526348,382.27757340345346,-782.371612031854,382.59355139011876,-105.92308700671894,-12.042250856770154,-0.023851450342540055,0.1590001449391892
3837.0,-767.9305545432261,408.8797664337686,-768.4905322751559,408.78865687554196,-109.16706201353911,-10.039156643268289,-0.020984237633195013,0.1643330927224085
3838.0,-753.4421012924616,435.0,-752.1181329003172,434.4595648108165,-112.1730454508115,-7.790785810563578,-0.017720235226964285,0.16931777628232672
3839.0,-738.0655420967045,460.60748535982094,-737.1138310866127,461.4081921897084,-115.10049320024427,-6.45515257329055,-0.015924548016683814,0.174160711359241
3840.0,-721.8190017907783,485.67203816337246,-723.1073529697393,485.8375283307966,-116.86522258997348,-4.636042990632613,-0.013328530612599886,0.17714090237270497
3841.0,-704.7216306836543,510.16411403250527,-705.7414571314257,510.0899868854499,-118.30934949634671,-2.615927750680049,-0.01041043655403466,0.1796519813839291
3842.0,-686.793581985377,534.0548433856726,-685.5150111943022,533.6312584954181,-120.42996078308903,-0.49101556776240546,-0.007316843093313605,0.18327475180521124
3843.0,-668.055988051842,557.3160654674125,-666.8166220684203,558.3716984979407,-122.12883717094532,1.140498677806699,-0.005023203021767483,0.18620759621786018
3844.0,-648.5309354754212,579.9203615423199,-649.9436630430674,579.9067966856608,-123.05386072808108,3.036749438393517,-0.0022689659661535356,0.1878864596052419
3845.0,-628.2414390508009,601.8410872143731,-629.7438977894515,601.8187204774154,-123.78677255661607,4.878874922496493,0.0003945130635245435,0.18930031098592054
3846.0,-607.2114146467188,623.0524038335221,-605.2254562846375,622.4886775237885,-125.32060440420594,7.134116603102112,0.0037306972736870785,0.1920417568780243
3847.0,-585.4656510155744,643.5293089525214,-584.283437714372,642.9224894324126,-126.16087672448255,9.213630912756946,0.006790094749711621,0.19363556814446986
3848.0,-563.0297805741471,663.2476657980997,-562.5140798118529,664.3629948102528,-127.16664119994778,10.870455932359542,0.009164432379091165,0.19550290075868457
3849.0,-539.9302491898578,682.1842317217381,-539.6425098793753,683.2637226997555,-127.53630174068591,12.861723315463543,0.012102156147774405,0.19637134127840797
3850.0,-516.1942850081917,700.3166855965105,-517.456856939633,700.3480737021574,-127.67486888941345,14.796554694421067,0.01497230434463467,0.19686358483478605
3851.0,-491.8498663580262,717.6236541276993,-493.12731247204687,717.5547865930213,-128.27023478184518,16.98401117664154,0.0182430193181005,0.19810910235313073
3852.0,-466.92568877269247,734.0847370461715,-466.15589834819775,733.3111483944041,-129.1120435329885,19.30068822399073,0.021737157618906145,0.19977920076902064
3853.0,-441.45113116564556,749.6805311548193,-439.72464632327615,749.0551793908569,-129.29054329171382,21.35317118949375,0.024810968994130822,0.20038699478493277
3854.0,-415.45622120061466,764.392653199719,-414.2586770352056,763.3778586737309,-129.70466797864466,23.51429880738559,0.028075100959913547,0.20135797572974976
3855.0,-388.971599897049,778.2037615390523,-388.4503018788161,779.1515706599724,-129.97106672212226,25.43596141084627,0.0309403417601004,0.20209803696871192
3856.0,-362.02848551258256,791.0975765842453,-361.5975767570139,791.943231559443,-130.2037865661349,27.554791799912504,0.03415590593602271,0.2027972867000908
3857.0,-334.658636745091,803.0588999892332,-334.63172489805225,803.643622467448,-129.8434516769061,29.60403774710124,0.037274087787054405,0.2025540459683565
3858.0,-306.8943152977123,814.0736325652296,-308.25241321005586,814.123747648605,-129.4857950041721,31.83385498957115,0.04069460234158317,0.20230788440899877
3859.0,-278.76824785096255,824.1287908998837,-280.1885517109991,824.3508120144367,-129.58623072829747,33.89143579868189,0.043844093327555615,0.20281143017900666
3860.0,-250.31358748676521,833.2125226612388,-248.92295431020935,832.6765009460886,-129.76136088127348,36.29500044231106,0.04756752078182286,0.203473067397473
3861.0,-221.5638746098689,841.3141205684487,-222.4632405490631,841.6096262792771,-129.2504861859581,38.240521147691204,0.05055450940970358,0.20298403646347804
3862.0,-192.55299741271617,848.4240350127869,-191.91272572008359,847.5994302540365,-129.17225734637512,40.787457117867554,0.05453472693684375,0.2032336827246615
3863.0,-163.3151519303629,854.5338853140714,-162.52000053921265,854.0534648824623,-128.84032124323755,43.07418936928724,0.058095131963252444,0.20306536191650398
3864.0,-133.8848017325337,859.6364695992371,-133.42900906600823,860.2961576201864,-128.4552490781809,45.371732993136185,0.061675332121700295,0.20280877711470593
3865.0,-104.29663730032757,863.7257732914098,-104.04435436165234,863.7152667100006,-127.98323597181847,47.42627608922386,0.06490336528081143,0.20241741799287413
3866.0,-74.58553513545391,866.7969761994777,-73.87250901816026,867.1525390992994,-127.49138782193073,49.595222782432465,0.06831325497437941,0.20200413112120913
3867.0,-44.78651665020147,868.8464581998027,-44.532026539057874,869.4745210169727,-126.82360895056058,51.847496263915325,0.0718694223025548,0.20130066013144157
3868.0,-14.934706886595334,869.8718035033734,-15.373345161394134,870.6598768999415,-126.32191650281618,54.21780933029989,0.07562737569311781,0.20085929738152172
3869.0,0.0,870.0,0.4041806024723932,869.7785245776374,-125.62334794425468,55.47848862304734,0.0776446030020423,0.19994071791968562
3870.0,0.0,1140.0,0.9294770607011705,1139.5955689979792,-135.2228780265203,53.80184206680486,0.07167169510647425,0.215225277850678
3871.0,-29.96655312193606,1139.6060747881218,-29.94744144487848,1140.1895997820193,-135.94825264304447,51.89804492240743,0.06863443276582676,0.21600159862553459
3872.0,-59.9123964530163,1138.4245713929654,-59.23415053436529,1138.0359699085545,-136.58224263057895,49.532201298703754,0.06489545113951227,0.21665195149770589
3873.0,-89.81683451485638,1136.4563063478204,-89.09785831295368,1136.77675799135,-137.11557190404642,47.51687224310143,0.061703376862142716,0.21713503138039594
3874.0,-119.65920044412366,1133.7026399144852,-120.97100444825189,1134.0282586392043,-137.26391144447385,45.75063818179043,0.05892598884399498,0.21698077153551612
3875.0,-149.4188702753419,1130.1654751431936,-148.30521284653275,1129.6992574384356,-138.07548410104792,43.30123714535595,0.05508066317862939,0.21793766822653413
3876.0,-179.0752771940478,1125.8472565574227,-179.02265932184318,1127.0586307099702,-138.5483861454515,41.22136974586875,0.05180279108649441,0.21831411947253795
3877.0,-208.60792575045411,1120.7509684644904,-209.764023889393,1120.5194362538396,-138.46748176273232,39.542083802833766,0.04921020983660879,0.21780886749038847
3878.0,-237.99640602378895,1114.8801328931104,-237.54042828015443,1115.5725679411498,-139.08366850405878,37.05152184164203,0.04530694152662722,0.21844938227686103
3879.0,-267.22040772752877,1108.2388071593293,-268.48441860045455,1108.1149294494453,-138.86679617419975,34.87568530833016,0.04193532362655109,0.21772524903372104
3880.0,-296.2597342457733,1100.8315810625274,-294.15895559984057,1099.807239425157,-139.75193356285234,33.5122374005001,0.039867072939104,0.21881955358281124
3881.0,-325.094316591064,1092.6635737134231,-324.72973340950915,1093.6494248040897,-139.86434595449992,30.76655886533165,0.035572604417578646,0.21862406397428819
3882.0,-353.7042272739978,1083.7404299962718,-354.79877877175244,1083.6143873262843,-139.54326934280436,29.080412375473216,0.033011917762947825,0.21774479989285683
3883.0,-382.0696940750519,1074.0683166677045,-380.39441174974235,1073.2269741999955,-140.13215148455313,27.300276092715563,0.030305957241923413,0.21836856590773993
3884.0,-410.1711137091051,1063.6539180949,-412.16075723242085,1063.5345496675236,-139.6210438285684,24.467232509202177,0.025915731199116724,0.21716607123738438
3885.0,-437.98906537320346,1052.504431636042,-436.72284814843323,1052.087780495254,-140.21645428125555,22.97357552904946,0.02367869055387903,0.21781288514342034
3886.0,-465.5043241682185,1040.6275626662452,-464.7380847913602,1041.6434670479039,-140.16557017770256,21.315261975563164,0.02116731378498783,0.2173887987342294
3887.0,-492.69787438511383,1028.0315192523965,-492.57305426330913,1029.1739352363827,-139.92082888296662,18.50833878324299,0.016852670793426235,0.21665838674988416
3888.0,-519.5509226466422,1014.7250064805847,-521.1629798964151,1014.4178811257574,-139.43412825630358,16.793980572166625,0.014304901952571085,0.21553363860088037
3889.0,-546.0449108953901,1000.717220440043,-544.4304453130192,1000.4637402682289,-139.88496998969947,15.353757178007923,0.012183611213720805,0.21596621948736888
3890.0,-572.1615292191909,986.0178418677609,-573.7495806667858,985.7011707738314,-138.7336096052685,12.774433213083219,0.00825928641329225,0.2137747018674687
3891.0,-597.8827285050515,970.6370294581569,-596.53568513328,970.1734955786418,-139.22652772054622,11.274025318622881,0.006061480099581561,0.21428014461009343
3892.0,-623.1907329128335,954.5854128424368,-622.6882370072727,955.6243559801538,-139.21698874706314,9.07168275456083,0.002734525963017946,0.21394467326896874
3893.0,-648.0680521600833,937.874085242489,-647.5321255102862,939.1590767851304,-138.45180743988323,6.6671983451042935,-0.0008906800028925037,0.21242258696647218
3894.0,-672.497493609511,920.5145958043935,-675.0773164470971,919.8599891433001,-137.49672535666636,4.918916734633149,-0.003436801202340896,0.21056518141432
3895.0,-696.4621741507673,902.5189416168429,-694.9187022343787,901.9421012015997,-137.68926099700164,3.486469416685676,-0.005497172028515365,0.21062861448966888
3896.0,-719.9455318683084,883.8995594199936,-719.5196439645479,885.2530958221154,-136.79611953651798,0.9312236817931377,-0.00935958212761646,0.20890584864053752
3897.0,-742.931337487285,864.6693170104705,-744.1244989625675,864.1497392355977,-135.88163371213398,-0.7866636832669531,-0.01183523255026025,0.207149064255502
3898.0,-765.4037055895411,844.8415043484778,-763.8586401880399,844.3371109376171,-136.0831339041024,-2.4970499495791265,-0.014314752117793966,0.2072280782791401
3899.0,-787.347105591978,824.4298243731449,-788.2914590607735,824.0205959289482,-134.50526044332815,-4.72832081003642,-0.01761711417783798,0.20441758660068823
3900.0,-808.7463724796925,803.4483835324696,-807.1159682465222,802.9758097930089,-134.41887385093438,-6.302555709870982,-0.019864851911921243,0.20404955481541862
3901.0,-829.5867172864682,781.911682034398,-828.842264656666,783.2475309737541,-133.90234144050723,-8.275039182635858,-0.022762545165007836,0.20296138658883148
3902.0,-849.8537373153875,759.8346038257723,-851.3105099648188,759.3341639064396,-131.91699296597312,-10.326450248877805,-0.025734600922340263,0.19952643836326472
3903.0,-869.5334260924866,737.2324063060861,-867.0158631317004,737.0345274452058,-131.84228998979643,-11.759078512506028,-0.02774159657726403,0.19921520184987973
3904.0,-888.6121830465877,714.1207097831416,-888.0249596354562,715.2866861540601,-131.04135032457742,-13.938399026892085,-0.030943747679431397,0.19768316894657595
3905.0,-907.0768229086116,690.5154866779017,-908.7897713343547,689.8581805514906,-128.7104953554824,-15.861528958243886,-0.033693081808994815,0.19371919196141196
3906.0,-924.9145848238735,666.4330504860048,-924.029878808937,665.7780983372212,-128.26550103581243,-17.39961709794665,-0.03584611699883423,0.19282431632238792
3907.0,-942.1131411710726,641.8900445035542,-941.4877119446082,643.0780915568472,-127.28957853102173,-19.448983714839443,-0.03882977890448529,0.19105728180646964
3908.0,-958.6606060818696,616.9034303249921,-956.8997190657265,616.3376884648727,-125.16039092564188,-21.309917936368596,-0.041464058714512704,0.18747982405170885
3909.0,-974.545543655175,591.4904761209932,-973.8977313336778,592.2333328292311,-123.94778475047951,-23.32540330085244,-0.044376597909841706,0.1853417271885952
3910.0,-989.7569758604641,565.6687447044858,-988.6305278197119,566.7397187324012,-122.43798285851017,-24.860090122201786,-0.046506908246773455,0.18275837068775375
3911.0,-1004.2843901246591,539.4560813930469,-1005.2918841298625,539.4534845064062,-119.11396641565737,-27.025234983755883,-0.049618669548721614,0.177263983031043
3912.0,-1018.1177465973348,512.8706016760611,-1017.4379970941118,512.0519666116387,-117.621955256855,-28.53994847970129,-0.051693825304919505,0.17474062040436605
3913.0,-1031.2474850892293,485.93067869516125,-1030.0154347250443,486.73267453453155,-115.39290193158631,-30.481223282615037,-0.05447337542957491,0.17103893631559489
3914.0,-1043.6645316792594,458.6549305466062,-1044.4659640588277,459.0541071640134,-111.35318381331551,-32.65772003980922,-0.05759839894119156,0.16443255000266674
3915.0,-1055.3603049854796,431.0622074143769,-1056.005973385664,431.55063509465043,-108.41338985540754,-34.399533401807474,-0.060033746729957274,0.1596123924207834
3916.0,-1066.3267220956488,403.1715785428693,-1067.678692323377,403.66205750747787,-104.96531217088376,-36.34893757476657,-0.06279476917894268,0.15398165087205518
3917.0,-1076.556204153304,375.0023190582023,-1075.3296798922038,375.4682726384506,-100.92155470756698,-38.1198111840506,-0.06526791354560849,0.1474521095453479
3918.0,-1086.0416815954854,346.573896647238,-1084.0465324692402,347.09379218541386,-96.80457074343319,-39.845656159314544,-0.06766717964150933,0.1407929710030975
3919.0,-1094.7765990384894,317.9059581035224,-1092.8645113632726,318.30975541902325,-92.14885850104956,-41.50030316830791,-0.06994811482965088,0.1332751812849179
3920.0,-1102.7549198082734,289.0183157494497,-1100.8097620205078,289.42711704769226,-86.20868286727871,-43.09132840751616,-0.07212658525511613,0.12372379286617942
3921.0,-1109.9711301123814,259.93093374402895,-1108.3960879460956,259.9668724846994,-80.39719258422043,-44.826566848025124,-0.07452750419168319,0.11438160928558636
3922.0,-1116.42024285051,230.6639142857162,-1116.886019918818,230.54502838430045,-73.50959422391263,-46.46648206872087,-0.07677718180142677,0.10331568006829424
3923.0,-1122.0978010610772,201.23748371984553,-1121.6391672976563,201.67101164597236,-66.91518948802276,-48.275754544044155,-0.07930310908023604,0.09276214729663936
3924.0,-1126.9998810014145,171.67197856026982,-1129.031676701651,172.0815840579086,-58.65744163275241,-49.45851908929429,-0.0808231564022029,0.07952899753479285
3925.0,-1153.9130260716672,193.35130788833115,-1153.6607564529097,193.89516596318802,-64.45016985264337,-51.19235728354352,-0.08384979593937739,0.08844677916507905
3926.0,-1148.5987343963202,222.75759772266238,-1149.8139317206142,222.390428751551,-70.7005449177168,-49.419191172121344,-0.08137669513413749,0.0984416720010623
3927.0,-1142.5351797915055,252.01857657480812,-1140.8917894257693,252.00404494752493,-78.21399362832632,-47.90599197853415,-0.07933104097287876,0.1105089662553071
3928.0,-1135.72631768269,281.11515669368913,-1136.549758129286,281.5106923252859,-83.4936575675524,-46.64289423097787,-0.07768212558150783,0.11896498913271841
3929.0,-1128.1765896801749,310.02835757009433,-1127.9177163273455,309.35481629780105,-89.35851483032697,-44.14458936362099,-0.0740469561225099,0.12840491575347718
3930.0,-1119.8909206817077,338.73931831819755,-1119.8944542022596,338.02249319635166,-94.08486429138084,-42.51334258107547,-0.07180183849531008,0.13602539522212378
3931.0,-1110.8747156598342,367.2293099790406,-1109.1369201995633,367.893957274731,-99.57457829466934,-41.16777408600007,-0.07002613473289299,0.14489429364705442
3932.0,-1101.1338561360872,395.4797477379481,-1099.36173278709,396.0095608348936,-103.48983218608622,-39.35677540779653,-0.06748817185125404,0.15124533020489092
3933.0,-1090.6746963443015,423.47220304792796,-1092.097281775504,423.8790378097854,-106.90285177386595,-37.595460886441025,-0.06502626945555967,0.15676628712199803
3934.0,-1079.5040590855754,451.1884156511189,-1077.9386758125972,452.0267234139419,-110.56523165316356,-35.860178513956306,-0.06260920572512126,0.16276854579782096
3935.0,-1067.6292312775636,478.6103054904673,-1069.3595399374797,478.7302586402872,-113.3523321539895,-33.89559883739369,-0.059809517530367826,0.16730942245814293
3936.0,-1055.0579592010201,505.7199845038542,-1053.659393906134,505.05222187311466,-116.1030156571731,-31.80250831782371,-0.05680062487470619,0.17187955048478834
3937.0,-1041.798443446684,532.4997682929701,-1040.3475782993266,533.5965473252214,-119.12206822049482,-30.06815316932953,-0.05438989450453962,0.1768475513184567
3938.0,-1027.8593335658027,558.9321876593475,-1029.8764200263504,558.7022532825733,-120.44232917311541,-28.398436981999744,-0.05203992755656376,0.17907705187756076
3939.0,-1013.2497224277931,585.0,-1012.0199661482925,584.3817910822205,-122.91838518191697,-26.12300429886423,-0.04873296056739512,0.1832365049155078
3940.0,-997.9791402887074,610.6862005552546,-997.9631342469972,611.0309263690581,-124.57480038352944,-24.653716357033403,-0.0467208874166096,0.18604492522594587
3941.0,-982.0575485743815,635.9740335014288,-981.0369035888433,635.4697762043153,-126.37681562223214,-22.486391654933332,-0.04357078495129456,0.1891202166412878
3942.0,-965.4953333823203,660.8470028811222,-963.6853495938609,661.1112571195497,-127.9448089169264,-20.729771212749537,-0.04108906720733546,0.19182825948818807
3943.0,-948.3032987065577,685.2888833639878,-947.5993668048146,686.2666090075145,-129.2242477306048,-18.920040941272966,-0.038516868935780504,0.19406155419881307
3944.0,-930.492659389909,709.2837308309664,-929.508384619837,708.8275079776786,-130.09588578630118,-17.03967112583223,-0.03580047014372982,0.19567036901835172
3945.0,-912.0750338082184,732.8158927750798,-911.2731583057722,733.9182097644207,-131.64869169102025,-15.346760432303318,-0.03341340423694188,0.1983650626942984
3946.0,-893.062436291368,755.8700185119967,-894.7055596312015,755.2240065981836,-131.90816148410607,-13.459044295662812,-0.030669942209751614,0.1989809246273286
3947.0,-873.4672692859962,778.4310691937116,-871.7284479004771,778.1419942669714,-133.54176767942582,-11.234886938304115,-0.027410761806608928,0.20186228970185374
3948.0,-853.3023152650363,800.4843276188038,-852.5349936173399,801.7174239483487,-134.62157071290096,-9.579856157342796,-0.025065426156744734,0.20381591131919052
3949.0,-832.5807283893547,822.0154078328773,-831.4229877634565,821.7943997300944,-134.97919278558703,-7.968602572416265,-0.022746918608317974,0.20464364268840132
3950.0,-811.3160259269229,843.0102645129206,-809.3866797702672,842.4007756402021,-135.92183706154958,-5.851529802496768,-0.019629858372877684,0.20641378571553637
3951.0,-789.5220794351304,863.4552021294606,-788.4757317311343,863.2060550639284,-136.85780661979013,-3.894041585437431,-0.01676922080766065,0.20815952334665205
3952.0,-767.21310571198,883.3368838805376,-765.4033347722619,882.8827537555375,-137.0476674552862,-2.1746549508807136,-0.014273711982967684,0.20874426327096204
3953.0,-744.4036575220748,902.6423403916734,-743.9394568056563,903.8300992620701,-137.9805020151448,-0.46868237179973954,-0.011815113867704341,0.21049178311500835
3954.0,-721.1086141034458,921.3589781761547,-720.5759803748214,922.5962153442803,-138.6363585374711,1.6939842825608997,-0.008602951099240658,0.21182174305190013
3955.0,-697.3431714614077,939.4745878501161,-700.0813529616988,938.9563419584632,-138.1229657171704,3.2261673200182095,-0.006364768084720539,0.2112556501468408
3956.0,-673.1228324557861,956.9773520970597,-672.1506339552567,956.5741259899531,-139.3322461124478,5.621573084468618,-0.0027681259265689216,0.2135223464297032
3957.0,-648.4633966879669,973.8558533766198,-648.3421036241617,973.4300619538617,-139.41199345149383,7.404547797944196,-0.0001368677264579554,0.21394085068684068
3958.0,-623.3809501943779,990.0990813725435,-624.9113279469149,989.5809465105854,-139.3911341430134,9.155937950594568,0.0024527568293022254,0.21419460814036317
3959.0,-597.8918549531193,1005.6964401750253,-596.7190521164272,1005.324856818736,-140.49936503919415,11.866741473479488,0.006574319391056674,0.21630368242977197
3960.0,-572.0127382105893,1020.6377551927147,-573.8836835946076,1020.3308348560826,-139.695311856537,13.081622045491322,0.008324084068151575,0.2153036561832696
3961.0,-545.76048163507,1034.9132797898849,-547.5089229361153,1034.539112186536,-140.06556977847012,15.296278393933356,0.011674810732186952,0.21621595094647708
3962.0,-519.1522103043429,1048.513701644435,-520.8031584572715,1048.0554123737857,-140.51144392434864,17.489325016406568,0.01499961907445445,0.21725264646268114
3963.0,-492.20528153452597,1061.4301488225772,-491.5210523421956,1062.6250129421855,-140.93324129693636,18.707245273192928,0.016759565863146093,0.218282574990181
3964.0,-464.93727355741197,1073.6541955662449,-467.0998078088598,1073.4123971837162,-140.55996647086852,21.07043876897526,0.020388592324355605,0.21798757597245028
3965.0,-437.3659740536994,1085.1778677894506,-438.45121270037,1084.8169678975007,-140.78342165434412,23.24002467205501,0.023701924065595743,0.21869407450963047
3966.0,-409.50936854959195,1095.9936482800047,-408.9293782440073,1095.568015139366,-141.0999225986581,25.060463243090144,0.0264675742534445,0.2195593545131256
3967.0,-381.38562868434036,1106.0944816031995,-380.3228467671444,1105.415196774751,-141.12570153850544,27.39490603397471,0.030062357182446098,0.2199507263850976
3968.0,-353.013100356375,1115.4737787042686,-352.04950642723685,1115.0693569749772,-141.07614255961332,29.58180843512247,0.0334246862164044,0.22021811365255808
3969.0,-324.4102917557672,1124.1254212066099,-323.96898242261017,1123.5409888411307,-140.59341502712257,30.925473686252896,0.03545944403654939,0.21979373033861946
3970.0,-295.5958612908202,1132.0437654029715,-294.3998371430841,1131.6105845985628,-140.6615894838142,33.134644014408586,0.038876619694808046,0.2202643658764249
3971.0,-266.588605416671,1139.2236459370015,-266.1561166782022,1139.2044718005143,-140.54017676184665,35.607475227347074,0.04271925067397179,0.22041703160617843
3972.0,-237.40744637383804,1145.6603791727516,-236.1699765161967,1145.2179779624748,-139.94184710738037,37.207582268564806,0.04519225287800663,0.2198319998301784
3973.0,-208.0714198447191,1151.3497662499449,-207.73784018966145,1152.1530911134096,-139.8044811425008,39.39576843389981,0.04858992518157401,0.21996158270920013
3974.0,-178.59966253608317,1156.2880958230078,-178.58123711175958,1157.3311018291326,-139.45941184043022,41.666916994687206,0.0521411554242668,0.21976946798476538
3975.0,-149.01139969566628,1160.4721464820852,-150.3811342072779,1160.581843517927,-138.41936331388084,43.00737404702691,0.054234747337816296,0.218459545239436
3976.0,-119.32593257100608,1163.8991888544556,-120.30396519605135,1164.0952001616745,-137.93207521246515,45.46577534683908,0.058104386544000935,0.2180523564118489
3977.0,-89.56262581869991,1166.5669873849763,-88.82168607678028,1166.4062309863373,-138.01205886696428,47.80623439132781,0.06180103967253258,0.21856521696993825
3978.0,-59.740894872302114,1168.4738017943992,-59.901206304319054,1168.2832141805275,-136.9924550864773,49.32592988386373,0.06419672280658979,0.21729665548452876
3979.0,-29.880193277095234,1169.618388214602,-31.272049415814326,1169.863495710774,-136.36204316302292,51.66398808563141,0.06789850434203919,0.21664394425424127
3980.0,0.0,1170.0,0.9301020499508877,1169.8773574164734,-136.12141511405426,54.27963614039371,0.07206126775114675,0.21665535169522862
3981.0,0.0,1170.0,-1.2291138714906733,1170.719448784498,-135.82789589971955,53.2232396591867,0.07036964746251792,0.21616175749787808
3982.0,0.0,1200.0,0.8649351032983849,1199.8079749392168,-137.0278492771295,53.6815086336375,0.07074275879734097,0.21809718837380873
3983.0,-29.91683008568749,1199.6270184009795,-29.137008675900944,1200.015243155297,-137.64465629840865,51.51665707084983,0.06729475211634292,0.21871143424597364
3984.0,-59.81506279283668,1198.5083054627069,-61.047392820975794,1198.6125700299651,-138.02825699123358,49.45721232671076,0.06403422250551205,0.21893114810141387
3985.0,-89.67611230370922,1196.6445566174161,-89.13923180443344,1196.6535088236874,-138.69823781194526,47.34742606101274,0.060700385944425506,0.2196534157054195
3986.0,-119.48141591497988,1194.0369304384817,-120.78796810544912,1194.7125639295089,-138.91823302139096,45.442928002703944,0.057693053843000844,0.21961594774094018
3987.0,-149.21244557698213,1190.6870479202064,-148.1320200998972,1190.6220368210572,-139.75893967657626,43.268209011219156,0.054281977644219576,0.22061909207661307
3988.0,-178.8507194114093,1186.5969914701543,-179.63590707602305,1186.6126769442772,-139.76975089968525,41.33567700201434,0.05125535994637768,0.22025047142347454
3989.0,-208.3778132003164,1181.7693036146495,-209.16974760414774,1181.506259284714,-140.284738548998,39.134763527965944,0.04781503551779836,0.22070839957994645
3990.0,-237.7753718392771,1176.2069854182525,-236.84400669588774,1175.5517182716812,-140.9242892868669,37.52902517107419,0.045332348651927944,0.22138735029252612
3991.0,-267.0251207475774,1169.9134946181885,-268.12336189530896,1170.1732678179546,-140.9017605140437,34.93346051678414,0.04126724894027365,0.2209684172224128
3992.0,-296.10887722835247,1162.8927434748935,-294.93129972907894,1162.6433093988746,-141.34707407298393,33.07377249269397,0.03839968272032379,0.22134883967634914
3993.0,-325.00856177160625,1155.1490963400145,-324.1861567974719,1155.512451359837,-141.6635515491583,31.044657900342024,0.03525757797054719,0.22149424578259386
3994.0,-353.706209293085,1146.687366943369,-352.89062600340236,1147.4486290895627,-141.87736175327143,29.207762807147816,0.032432826042896115,0.22148299243563552
3995.0,-382.18398030202127,1137.512815400558,-383.670489211445,1137.2242477913028,-141.39693754389978,27.104891262553828,0.029211219753183634,0.2203414134089308
3996.0,-410.42417199080245,1127.63114494309,-408.65509687815046,1127.2882061738221,-141.9608222912716,25.398506432592303,0.026617110380263268,0.22093287804542952
3997.0,-438.4092292396741,1117.048498373045,-438.51933359723853,1118.272386966597,-142.02648670841864,23.15852378092517,0.023162483758974128,0.22067163971426212
3998.0,-466.12175552963373,1105.7714542444892,-467.67873183707337,1105.4353486098844,-141.4233830393996,21.024501504968345,0.019923296680604313,0.21935465605387405
3999.0,-493.54452375673367,1093.807022774008,-494.1404909187532,1093.4858037318324,-141.4124914293572,19.285160661887307,0.017301395503565953,0.2190132450725191
4000.0,-520.66048694107,1081.162641482903,-518.9805892511872,1080.906112615442,-141.8541631800032,17.397819948827166,0.014451662601571918,0.2194119714855244
4001.0,-547.4527888237955,1067.8461705737625,-547.5882814483301,1067.7217048672042,-141.23473349317516,15.267091480674983,0.011221972004653332,0.21807576088972083
4002.0,-573.9047743455818,1053.8658880442742,-572.2249941512567,1053.6394921387375,-141.66338828409633,13.514445951095624,0.008605014486696731,0.2184562610261707
4003.0,-600.0,1039.2304845413264,-599.3390535172063,1040.374110835671,-141.29682872295615,11.371099285403071,0.0053562330855927934,0.2175407982157648
4004.0,-625.7222440553977,1023.9490579585868,-626.8476000020859,1023.5337447547842,-140.3066851554158,9.511584950022344,0.002602967609860967,0.21562803936179908
4005.0,-651.0555166389113,1008.0311077809257,-649.2947765787125,1007.8756616781137,-140.68055307723876,7.576624504731899,-0.00028485346704111006,0.21594815867745254
4006.0,-675.9840696763464,991.4865291791939,-675.641548547623,992.6033142046708,-140.34030696188194,5.653796347171152,-0.0031580895017793167,0.21508397196464438
4007.0,-700.492406681748,974.3256068590275,-700.6266638704551,974.6529249788894,-139.67744654804585,3.591518985358756,-0.006220467933498252,0.2137230048206893
4008.0,-724.5652923905727,956.559008667507,-726.8421804726585,955.8772278751773,-138.9250515076071,1.7938817959735809,-0.008851550926201174,0.21220447020162836
4009.0,-748.1877622304801,938.1977789616359,-746.13567298464,937.7503232823573,-138.9662599083917,-0.29457513286209175,-0.01195343365400629,0.21203376852906664
4010.0,-771.3451316238471,919.2533317427736,-770.397998679046,920.5275179541085,-138.6180065732381,-2.1526940414099873,-0.014699794515869216,0.21118236608712243
4011.0,-794.0230051162315,899.7374435612808,-794.3289328392525,900.1487005815085,-137.64029808548233,-4.009583803192109,-0.01740554753600909,0.20933321319839426
4012.0,-816.2072853251034,879.6622461957917,-817.066756108317,879.0969834818578,-136.74214329155802,-5.860420447045339,-0.02009342573505191,0.20762528594252688
4013.0,-837.8841817032874,859.0402191116624,-837.8496415456466,858.6692505699527,-136.15142317590858,-7.748517917913295,-0.022848248299544793,0.2064305982445022
4014.0,-859.0402191116623,837.8841817032873,-857.4736645421227,837.5248614857192,-135.86423979453673,-9.29866131261027,-0.025056423377730723,0.20573319682005428
4015.0,-879.6622461957916,816.2072853251034,-878.5528090799007,816.4700567427665,-135.0479992180679,-11.499908176366732,-0.028301958948564968,0.20417595388378593
4016.0,-899.7374435612807,794.0230051162315,-898.8634606237856,795.2711250429476,-134.15209645807144,-13.312535480370675,-0.0309272221613004,0.20250133635750614
4017.0,-919.2533317427736,771.3451316238471,-918.6510214840779,770.8118880250814,-133.00590796546274,-15.150593106286937,-0.03355303011762243,0.20043478299333123
4018.0,-938.1977789616359,748.1877622304801,-937.6873874521567,749.3024021953946,-132.18904101103172,-17.027165467590567,-0.03627626170190981,0.19890156099929804
4019.0,-956.5590086675071,724.5652923905727,-955.8181961237118,724.1673424178962,-130.80869353382968,-18.785372906701866,-0.038766707355860866,0.19648262223555835
4020.0,-974.3256068590276,700.492406681748,-973.1869639140295,701.7089418823725,-130.06100877990352,-20.655810641783926,-0.04146855404661721,0.195079930163011
4021.0,-991.4865291791939,675.9840696763464,-991.2859369724081,675.3522913437988,-128.20988500395165,-22.382353089702402,-0.04389364251294501,0.19191211753879678
4022.0,-1008.0311077809257,651.0555166389113,-1006.8011557613385,652.1562841719688,-127.23407862109634,-24.485755802972637,-0.046957231033696534,0.19016905898188188
4023.0,-1023.9490579585866,625.722244055398,-1023.6089784989628,626.400309080417,-125.37198213570707,-26.339624735084534,-0.049592322349387194,0.18699959543115746
4024.0,-1039.2304845413264,600.0,-1040.8037673199935,599.8205432124133,-123.19293056520206,-27.985860875895398,-0.05188686687095205,0.18332094303196478
4025.0,-1053.8658880442745,573.9047743455816,-1053.7200679606583,573.4425614322511,-121.60315763381531,-29.816605056812307,-0.054477536302997245,0.18063255524418698
4026.0,-1067.8461705737625,547.4527888237955,-1067.0618541970264,548.2647143835443,-119.87225210353897,-31.909415146484847,-0.057499994600483294,0.17771433703841474
4027.0,-1081.162641482903,520.66048694107,-1081.971047215762,520.7799220401558,-116.92548642326608,-33.69979235884196,-0.06001286292774814,0.17284182131449713
4028.0,-1093.807022774008,493.54452375673367,-1095.1042156301417,493.6243074248014,-114.2710091601961,-35.491748232746055,-0.06253227520360463,0.16845624797979067
4029.0,-1105.7714542444892,466.12175552963373,-1106.288610413374,465.66313569139976,-111.43458311338443,-37.22591838316153,-0.06494985300795687,0.16380496073965595
4030.0,-1117.048498373045,438.4092292396744,-1116.9829087538335,437.3882985072064,-108.37794677588704,-38.84007895175671,-0.06717258817839182,0.15880920013453662
4031.0,-1127.63114494309,410.42417199080245,-1125.9599762006455,411.02917160699826,-104.97572875037254,-41.22456931855047,-0.07064480295264614,0.15328446007068527
4032.0,-1137.512815400558,382.183980302021,-1135.6632801506732,382.94449670828925,-101.26633385220362,-42.732001851809336,-0.07270000409152985,0.14726193863121656
4033.0,-1146.687366943369,353.706209293085,-1145.867323784388,353.2362302883556,-96.11729251403075,-44.27415802583542,-0.0747905855398022,0.13894201617411356
4034.0,-1155.1490963400145,325.00856177160625,-1155.9594583589824,324.1923892532879,-91.0375611876659,-46.030612468232995,-0.0772303704748113,0.13073377457407168
4035.0,-1162.8927434748935,296.1088772283522,-1160.8908990907,296.4878945679961,-86.50666897519307,-48.261323866868565,-0.08044136173704079,0.1234622404308995
4036.0,-1169.9134946181885,267.0251207475774,-1168.5078067816726,267.0635263537459,-80.67315837206587,-49.726858981880646,-0.08241347387606611,0.1140846358883811
4037.0,-1176.2069854182525,237.77537183927743,-1177.141548215796,238.28938378361013,-73.81442730525158,-51.48192399195755,-0.0848543504506393,0.10306288916504841
4038.0,-1181.7693036146495,208.3778132003164,-1183.1240197983052,209.4745986120898,-67.68704847316498,-53.28020261931082,-0.08736350588436007,0.09323759570464409
4039.0,-1209.5397825002433,223.41332670470703,-1207.0213036079065,223.31542934523313,-70.51806758730822,-54.10236725198817,-0.0888415298161192,0.09745063317817454
4040.0,-1203.7407741560419,252.8006104308547,-1204.7664397218998,252.88327491744204,-76.96085244742872,-53.0472509983388,-0.08752437674564466,0.10773225901267211
4041.0,-1197.2278749354957,282.03796814868264,-1198.00916156467,282.721410780642,-82.2377449560614,-51.7909504099637,-0.0858903390995886,0.11621345048407981
4042.0,-1190.0049473806332,311.10806034176716,-1190.759079480654,310.0041855197318,-88.43582663132588,-49.47076244661096,-0.08253177666896262,0.12616679540573109
4043.0,-1182.0762751231073,339.9936466922287,-1180.457574725655,340.36204688670165,-93.46162767544257,-48.1591417872965,-0.08081605945962962,0.134291768446671
4044.0,-1173.4465603437427,368.67759630528025,-1175.07068167488,369.23795470379355,-97.82772035459493,-46.605190551200245,-0.07869651171380398,0.14130659389856676
4045.0,-1164.1209209838596,397.14289786887844,-1162.4620629241042,397.7376948027115,-102.52522239123634,-44.610405068752335,-0.07587074755822838,0.14893731800350457
4046.0,-1154.1048877100245,425.3726697424642,-1155.3090571686241,425.78655597733865,-105.87834359830926,-42.92547000693779,-0.07353260376132795,0.15436157881985665
4047.0,-1143.4044006340337,453.3501699687849,-1144.8889099117475,453.6415493047072,-109.09853831323495,-41.0813673164767,-0.07093876252136845,0.15961429314661083
4048.0,-1132.025805790066,481.05880620289173,-1130.8974602653145,480.4868960678344,-112.92956203682554,-38.77557312154277,-0.06759775131612364,0.16588290967797317
4049.0,-1119.975851371104,508.48214555239844,-1118.7565407249915,507.7771241106904,-115.37273102012222,-36.903991370266304,-0.06495325912744339,0.1699200233952162
4050.0,-1107.261683726848,535.603924323175,-1105.740837589087,536.445289641233,-118.61219631571898,-35.43783372961486,-0.06297089501433875,0.1752351955061063
4051.0,-1093.8908431254981,562.4080576647056,-1095.2947622124648,562.317832381225,-119.80048771042352,-33.498768606014174,-0.060201637349395716,0.1772543528008593
4052.0,-1079.8712592819234,588.8786491093673,-1078.5086302958916,588.2624947053773,-122.81914831570474,-31.372852123317077,-0.05713587975680704,0.1822642796715221
4053.0,-1065.2112466548595,615.0,-1064.5251780987335,615.8745058492253,-124.3509215772245,-30.01986579117641,-0.05532069868123772,0.18487342749389113
4054.0,-1049.9194995159362,640.7566188001542,-1051.4471297128136,640.3433182710951,-125.7363049739969,-27.79278298916661,-0.052075855197003945,0.1872385001544158
4055.0,-1034.0050867934476,666.1332302815067,-1034.8754873685955,665.9022606965722,-127.1848204353749,-26.315462389704766,-0.05003764611213986,0.1897468365668655
4056.0,-1017.4774466939315,691.1147845829936,-1016.479478495981,690.4601016747811,-129.10956945280964,-24.01384134854257,-0.046675261666115596,0.1930354651918217
4057.0,-1000.3463811047455,715.6864661362816,-998.5941196278409,715.1612541986692,-130.05180382350213,-22.247375844743278,-0.04416635884364642,0.1947541192731344
4058.0,-982.6220497809526,739.8337024523007,-981.2212766852323,741.1064104039169,-131.84833330658714,-20.410612806832248,-0.041560809300103634,0.1978261494857764
4059.0,-964.3149643199777,763.5421727636007,-962.8856751456806,763.0747035893165,-132.50333238578105,-18.718502475328563,-0.0391367771556089,0.1990931685121468
4060.0,-945.4359819275945,786.797816517436,-943.6880838685032,786.5432249717254,-133.76120419714883,-16.646963362575566,-0.036127238604271514,0.20133024605725683
4061.0,-925.9962989789477,809.5868417145199,-925.0146035254421,810.9344706611291,-134.48400367689558,-15.153681293581903,-0.03404932530140927,0.20270931076508344
4062.0,-906.0074443784279,831.8957330885102,-905.0816820135575,833.3153554585934,-135.78135829385147,-13.323577890334937,-0.03141072336039049,0.20501823271639394
4063.0,-885.4812727223347,853.71126012138,-886.4619664350344,852.8884289585031,-135.6418520476968,-11.4066670502812,-0.028599575903934537,0.20502423678127127
4064.0,-864.429957268389,875.0204848899089,-862.4178569523141,874.4691563119055,-137.2021996653044,-9.155268052720471,-0.025280661693027125,0.2078020747006507
4065.0,-842.8659827162534,895.8107697386566,-841.1825498996305,897.0871212277117,-137.8202624197616,-7.881048189096769,-0.023529679396930528,0.20904582035515917
4066.0,-820.8021378033545,916.0697847748517,-822.0589975739413,915.3747328346544,-138.07509713233708,-5.743723558988068,-0.020351989481416134,0.20968560802346545
4067.0,-798.2515077203902,935.7855151807618,-798.833523480277,935.1808271883291,-138.34625360689196,-4.032215522914664,-0.017870604540818655,0.21040160870737262
4068.0,-775.2274663510212,954.9462683392067,-776.3405473551537,953.9998545330245,-139.05239972102495,-1.8358570033442756,-0.014605467506250018,0.2118009460218573
4069.0,-751.7436683403545,973.5406807679825,-752.9065868694034,972.9381900418703,-139.45939231089142,-0.11315311247941734,-0.012095636390299428,0.21273568992497474
4070.0,-727.8140409969105,991.5577248590963,-726.2667947638073,991.3488742363132,-140.7687398657791,2.0022842233984073,-0.008954288452102811,0.21514583809203558
4071.0,-703.4527760328937,1008.9867154187986,-704.3561225375071,1008.5758699747264,-140.58092161373014,3.718563525539265,-0.006433723654938377,0.21511525546820998
4072.0,-678.6743211476485,1025.8173160045499,-680.1572716859332,1025.370003314613,-140.88838356257065,5.777489184060241,-0.003362518990219113,0.21590095902780304
4073.0,-653.4933714593036,1042.0395450551541,-654.5817453107894,1041.5316203715654,-141.41798718362134,7.5446913885620175,-0.0007478602129723051,0.21705707214717476
4074.0,-627.9248607896801,1057.6437818104264,-626.4860808303017,1057.3626475327173,-142.0999822603837,9.723540769756493,0.0025260041195644283,0.21848658786416852
4075.0,-601.9839528076352,1072.6207720168834,-600.4834111047231,1072.285367838973,-142.2731446443315,11.46910565242759,0.005121398764460664,0.21908063834849786
4076.0,-575.6860320360908,1086.9616334160746,-574.6096371726225,1086.4977381319159,-142.5487034326913,13.706445601801788,0.008508177374250246,0.2198360791887114
4077.0,-549.0466947280852,1100.657861012297,-548.993590198722,1101.6189330655889,-142.7056982038744,15.140368900049854,0.010605148319429778,0.22039966315979476
4078.0,-522.0817396172525,1113.7013321165703,-523.8665680377582,1113.363587771577,-142.40543161627005,17.386010635797433,0.014035361678444117,0.22022950400190142
4079.0,-494.80715854822284,1126.0843111638817,-493.1428319645708,1125.6497649300109,-142.81717991763082,19.357729739010452,0.017022981616748152,0.2212610945387957
4080.0,-467.23912699249195,1137.799454300842,-466.3909351143938,1137.4678477837817,-142.95048970572574,21.594889680216372,0.02043879650795268,0.22180089341114387
4081.0,-439.3939944553934,1148.839813741034,-437.8353656663866,1148.322044275527,-142.7776162232884,23.23789028555561,0.022920782136409787,0.22187547600289317
4082.0,-411.28827477985305,1159.1988418854687,-410.74446608500017,1160.253506489036,-142.9978579244292,25.31880175162375,0.026086531301983983,0.2225577830692306
4083.0,-382.93863635268747,1168.8703952057065,-381.4838463160495,1168.6216373512511,-142.81427638918663,27.321618777998232,0.02917162932889522,0.22262395799778473
4084.0,-354.36189221924224,1177.8487378873394,-352.72776581836644,1177.0779203892032,-142.74206017407312,29.46068356487881,0.03247249280419914,0.2228611972594468
4085.0,-325.5749901122441,1186.128545231676,-326.11874340520103,1185.5550506251282,-142.04238726239137,31.054053567817807,0.03490460074159739,0.2220735132106461
4086.0,-296.5950024007722,1193.7049068136087,-298.19847809817355,1193.768638807837,-141.84340222886158,33.01518472311032,0.03792524632411407,0.22209875742553448
4087.0,-267.4391159653151,1200.5733293937903,-269.62906327894365,1200.876496095819,-141.56946852056308,34.891715538390905,0.04082478813989947,0.22201266723621169
4088.0,-238.124622004912,1206.729739583399,-239.17367423147263,1206.6246356754637,-141.26391916704497,37.2579023275647,0.044520294068166794,0.22189935665994
4089.0,-208.6689057824301,1212.1704862599004,-207.58082208866708,1212.3685762390705,-141.5210318559484,39.14422008216241,0.04745211613277441,0.2226954810167543
4090.0,-179.08943631405597,1216.8923427323857,-180.04199655211684,1216.752371685803,-140.66604451425712,41.339454802712055,0.050892252479090926,0.2216719936488858
4091.0,-149.40375600911372,1220.8925086551924,-149.2345148870309,1220.5767023142637,-140.67924241490147,43.18693331867853,0.05378576938635616,0.22207029715231935
4092.0,-119.6294702663588,1224.16861168868,-119.17866582772238,1224.776347828228,-140.32599686169212,45.478746711045176,0.05738187074207274,0.2218761825611762
4093.0,-89.78423703291627,1226.7187089061686,-89.18483710402398,1227.365522992459,-139.71919003358005,46.97175590799946,0.05972635912184769,0.2212777531058909
4094.0,-59.8857563320509,1228.5412879462124,-59.33242765655796,1228.976415759814,-139.1347254917823,49.262702538720596,0.06335278536821784,0.22071315054563512
4095.0,-29.95175976598705,1229.6352679095214,-29.41118486845577,1229.2482501798063,-138.60263078110017,51.286778481943195,0.06657087313502348,0.22023274016034416
4096.0,0.0,1230.0,0.09058729118919084,1230.51685069372,-137.85593096786974,53.65627671352936,0.07032651018098998,0.21940563790081324
4097.0,0.0,1230.0,0.8934269882540274,1229.5299098485937,-138.16142475806575,53.207996578266204,0.0696251372245751,0.21990167872473865
4098.0,0.0,1260.0,0.949008899643277,1259.9630082052656,-139.1400360473082,53.46933880147509,0.06966836296124605,0.22145986767538423
4099.0,-29.985098908095384,1259.6431613133427,-31.29567235334815,1260.4441751765314,-139.3081206766817,50.78021265603726,0.06538259293596171,0.22133248293507293
4100.0,-59.95321393791543,1258.5728473705901,-58.59821376402169,1258.0124051716646,-140.20238439650845,49.37603550054629,0.06317755740450859,0.22242137436549092
4101.0,-89.8873708310328,1256.7896644089194,-88.33403354771747,1255.7061904423333,-140.66503166931122,47.01051181020083,0.059440953670538615,0.22279352659105087
4102.0,-119.77061456327014,1254.2946224420866,-118.92636632716284,1254.9667572862243,-141.24867102892497,45.28559491971945,0.05670471899291322,0.22334775401209797
4103.0,-149.5860189482044,1251.0891346883432,-151.14241806756206,1251.1182576296858,-141.02072048970263,42.894897522136226,0.05294693838117759,0.22259041034944813
4104.0,-179.31669622433938,1247.1750167699752,-178.03881663132623,1246.5094691913243,-142.03065525019062,41.282749231628806,0.05043756839383597,0.22386837197923212
4105.0,-208.94580662051143,1242.554485684915,-207.37742803901384,1241.6952098418649,-142.3594137945366,39.09195595158756,0.04700977269937166,0.22403229827541526
4106.0,-238.4565678941168,1237.2301585510104,-237.5845788028943,1237.7740233500283,-142.69274321914602,37.18391850242808,0.044021059447577185,0.22419286237554786
4107.0,-267.8322648367504,1231.205051123661,-266.0793421679902,1230.3077889775623,-143.09446196177714,34.82125166370273,0.04035219715476031,0.22448324301787623
4108.0,-297.05625874187837,1224.4825760876624,-296.6344787847477,1225.3367938060246,-143.35203470005524,33.07580276683928,0.03763510859926647,0.22451897483369027
4109.0,-326.1119968291761,1217.066541124226,-326.2825989438953,1217.8492329572584,-143.5071719418352,30.867694561867776,0.03421249519682081,0.2244027836992966
4110.0,-354.9830216202013,1208.9611467542668,-357.4164150140834,1208.8984379909032,-143.24558120744334,29.200332949373422,0.03166842691444545,0.22360515411406173
4111.0,-383.65298026008264,1200.1709839591845,-383.44698052369137,1199.839539077371,-143.78123098066771,27.085346671019852,0.02841326579596488,0.2241388715761979
4112.0,-412.10563377995123,1190.7010315804823,-411.00732253697265,1191.3983131170044,-143.90191771989373,25.404751661606625,0.02584189523046195,0.2239934197263826
4113.0,-440.32486629486385,1180.5566534996997,-439.44663200997,1179.9646030478905,-143.87545389617233,22.977406900524215,0.022118684394347558,0.2236030057912153
4114.0,-468.2946941320126,1169.7435956002516,-467.88121234831215,1170.5778007653762,-143.96060340493315,21.367270744716794,0.01967103302476888,0.22339028790942694
4115.0,-495.9992748840462,1158.2679825128987,-495.9711340391913,1159.2694040398576,-143.75891434204027,18.956106971426372,0.015972040321447153,0.22272527328726266
4116.0,-523.4229163823769,1146.1363141466932,-524.8282613172205,1145.5788044913481,-143.2285348652848,17.54719479336703,0.013897355347499267,0.22152773567795467
4117.0,-550.5500855853929,1133.35546200736,-550.4700442765443,1134.6205309040988,-143.51850822768446,15.087388646717613,0.010116657953963623,0.2216752083975986
4118.0,-577.3654173765369,1119.9326653052035,-578.7910201073148,1119.4298570081728,-143.03702988542742,13.516451785793409,0.0078024740580445165,0.22056206559330213
4119.0,-603.8537232672714,1105.875526854742,-603.2471567415826,1107.0299136071726,-143.2676143147504,11.256654954727232,0.004357757468001698,0.2206295384686825
4120.0,-630.0,1091.1920087683927,-632.1930761475783,1090.7295256071195,-142.61113021087593,9.742844601044563,0.00214808387070097,0.21923021167706463
4121.0,-655.789438046071,1075.8904279466467,-654.4673470412882,1075.7193217693048,-142.82473150738903,7.601675079448202,-0.0010758637037080107,0.21929737630761878
4122.0,-681.2074299940527,1059.9794513672882,-680.472156737059,1061.0125603266235,-142.59539490738834,5.921474458006138,-0.0035698727381861723,0.21861389557354122
4123.0,-706.2395788235266,1043.468091176327,-703.838705795029,1043.4968959065548,-141.9196732742164,4.083968750150979,-0.006279840034864634,0.21725228170040678
4124.0,-730.8717060597097,1026.365699583423,-729.9068610316776,1027.5749063369321,-141.9272725123936,1.9503791810160875,-0.009480557125125624,0.21694512027362495
4125.0,-755.0898598042971,1008.681963564694,-754.5386653940524,1009.8929872904513,-141.28289232546885,-0.297418032161796,-0.012841487517712014,0.21561789231404155
4126.0,-778.8803226379626,990.4268993759121,-780.735943768892,989.8295062628446,-140.20706230965993,-1.5769179488655078,-0.014632157974161309,0.21358481830706672
4127.0,-802.2296193900507,971.6108468791886,-804.2313222043252,970.8278628102092,-139.59828239597184,-3.9056664376978483,-0.018105763694448447,0.21232816771959073
4128.0,-825.1245247710591,952.2444636863655,-823.742279472515,951.9903970156311,-139.92214021201448,-5.488744295223218,-0.02039460842515024,0.21260465327806286
4129.0,-847.5520708635778,932.3387191224341,-848.9041711955638,931.4494607573885,-138.28087014455886,-7.574043434187092,-0.023461900793965956,0.2096843338309063
4130.0,-869.499554467461,911.9048880123886,-867.282400767127,911.7125932684297,-138.52202002954104,-8.993017488931256,-0.025478551262588543,0.20984305811413734
4131.0,-890.9545442950499,890.9545442950499,-893.2311270163974,889.8622544869444,-137.10540705346975,-11.36368058778663,-0.028983978262195082,0.20727065519182888
4132.0,-911.9048880123886,869.499554467461,-909.569497073912,869.2420615082027,-137.1278235979073,-12.734042837020263,-0.030912442576111875,0.20710623665552222
4133.0,-932.3387191224334,847.5520708635783,-931.1303589487857,848.9228022407093,-136.0291975740971,-15.061902293770137,-0.034368496552755236,0.2050936637420791
4134.0,-952.2444636863655,825.1245247710591,-953.3949580440193,824.3477510208836,-134.75594477726904,-16.599063280198976,-0.03651399426034616,0.20279454503677014
4135.0,-971.6108468791881,802.2296193900514,-972.4428180497752,801.5190529986916,-133.57940706741934,-18.675999707388332,-0.03953995880373798,0.20068874848946458
4136.0,-990.4268993759121,778.8803226379626,-987.9351797737994,778.6262627504293,-133.31649558377677,-19.991646917734812,-0.04135350899154487,0.20008057733355056
4137.0,-1008.681963564694,755.0898598042971,-1006.8893573010641,756.4586358020948,-132.01078339777033,-22.243861341844724,-0.04466653325069551,0.197770340549001
4138.0,-1026.3656995834228,730.8717060597099,-1027.6157014724358,730.4408472479257,-130.63723176467727,-23.95023543827361,-0.04706367282221746,0.1953304302542338
4139.0,-1043.468091176327,706.2395788235266,-1042.7337392450117,707.4432224649466,-129.6081196006505,-26.175716689541826,-0.050323984954381416,0.1935073971767629
4140.0,-1059.979451367288,681.2074299940533,-1061.9291535859302,680.6698594743253,-127.75954158104615,-27.641944487635385,-0.052329666321825306,0.190330208162973
4141.0,-1075.8904279466465,655.7894380460713,-1077.170837096726,655.3797421420613,-125.93369441493873,-29.520138387446337,-0.05500917737335422,0.18723761766034586
4142.0,-1091.1920087683927,630.0,-1089.7775599136896,629.508477656873,-125.10167160395774,-31.06180090711914,-0.05714596480492201,0.18575901803668693
4143.0,-1105.875526854742,603.8537232672714,-1107.5509242003043,603.6662021214291,-122.49689075110943,-33.495363881097894,-0.06070261092385788,0.1813957106424244
4144.0,-1119.9326653052035,577.3654173765373,-1118.5132943114481,576.8290810986672,-121.4043850056306,-34.93272998273992,-0.06266157663184906,0.1795226778955797
4145.0,-1133.3554620073596,550.5500855853935,-1134.5643872323842,550.6261897377773,-118.27521357156736,-37.05916448435292,-0.06572499615314112,0.17434586958089718
4146.0,-1146.136314146693,523.4229163823771,-1147.7030029905834,523.422997998858,-116.31129722262718,-38.870730304794456,-0.06827503595250807,0.17105929136261688
4147.0,-1158.2679825128987,495.9992748840462,-1159.5776502836582,496.1727091647017,-113.06109363890998,-40.76285734277253,-0.07095271611495174,0.165741003215331
4148.0,-1169.7435956002516,468.2946941320126,-1170.7422364146162,468.7107105997134,-110.54170790007923,-42.74862677386977,-0.07377683997154413,0.16159454389296868
4149.0,-1180.5566534997,440.32486629486357,-1180.036954945959,439.57545551250496,-107.06825471799773,-44.186079005120575,-0.0757077975735241,0.15595253929200703
4150.0,-1190.7010315804823,412.10563377995123,-1189.965765056874,411.42251268174596,-103.72621497540042,-45.78091083382564,-0.07790126293582618,0.15051191997349886
4151.0,-1200.170983959184,383.65298026008327,-1198.991121414273,383.9686675764324,-99.58304373615503,-48.07035957388258,-0.08120880727897466,0.1438073248510186
4152.0,-1208.9611467542668,354.98302162020155,-1207.2187660424388,355.3827229758058,-95.4953802441335,-49.83399002601366,-0.0836656210334017,0.13720084260595086
4153.0,-1217.066541124226,326.1119968291761,-1217.1297863596365,325.25892052233996,-89.61878888905756,-51.21193913815761,-0.08548976976725309,0.1277265769820886
4154.0,-1224.4825760876627,297.0562587418781,-1226.0167562370425,296.2167482241909,-85.02121375966372,-52.9471036707643,-0.08789569119542595,0.12030047042230144
4155.0,-1231.205051123661,267.83226483675077,-1229.8136652101284,267.8024480000165,-79.21173558624804,-54.532914406480664,-0.09007159820540882,0.11100789810027888
4156.0,-1237.2301585510104,238.45656789411746,-1235.0338911137324,238.2935363255053,-73.73021978615908,-55.487718654061545,-0.09122982152155702,0.10221986278305252
4157.0,-1242.5544856849149,208.94580662051172,-1241.5106130937747,208.75381225490162,-66.63756539043052,-57.299609094825634,-0.0937517625221354,0.09085223247744385
4158.0,-1259.0852684486035,230.44367375935428,-1258.177812289716,231.02363895354486,-71.32537929087873,-58.31851147738036,-0.09564613399267076,0.09810899728656922
4159.0,-1253.3597068337563,259.7873077838876,-1253.8060104261122,259.6814827796725,-77.23821365408638,-56.466061728306336,-0.09304884048460371,0.10757310679127098
4160.0,-1246.9503734587818,288.98921455826803,-1246.7334467075443,289.3821362719329,-83.43063392086316,-55.5018225781773,-0.09187794931151441,0.11751526723885973
4161.0,-1239.860764942519,318.033462950287,-1239.682867199612,317.0517866960036,-88.10712794532223,-53.18821532901243,-0.08853459846882758,0.12504448689814138
4162.0,-1232.0947490286553,346.9042078384394,-1230.6640090614749,347.37206209409163,-94.03620829424524,-52.07454052630726,-0.08713346156059264,0.13459136506428698
4163.0,-1223.6565624756738,375.5856987562459,-1222.9325684513294,374.95663689831844,-97.89008422036181,-49.920256431902466,-0.0840426394753882,0.14081968584473567
4164.0,-1214.550808745486,404.0622884849393,-1212.571887195774,404.7868555995171,-102.73844765432239,-48.504443761186586,-0.08215463350418972,0.14866298289120491
4165.0,-1204.782455492007,432.31844158981875,-1204.622842386422,431.3852397273904,-105.55978336471374,-46.45147816236042,-0.07921298696250617,0.15325062987163948
4166.0,-1194.3568318510488,460.33874289562647,-1192.9249312554678,461.09390715911815,-109.86563304676353,-44.58535512452553,-0.07660680114768288,0.16024686648299563
4167.0,-1183.2796255330006,488.1079058963105,-1183.865621651158,488.54127681867357,-112.0957961149186,-43.257133043848064,-0.07482901724264542,0.16390723036392754
4168.0,-1171.5568797198964,515.6107810945967,-1170.8423138216094,514.7941632915619,-115.436355387511,-40.87576420242729,-0.0713604694066909,0.16938339167085115
4169.0,-1159.1949897685472,542.8323642668131,-1158.5238478220483,543.6453457638692,-118.00238887651504,-39.44030150236642,-0.06942919921233598,0.1736182247289025
4170.0,-1146.2006997215483,569.7578046484603,-1147.4767629938412,569.7264191303954,-119.991801062739,-37.284018968825954,-0.06631678317114352,0.1769197659099443
4171.0,-1132.5810986280608,596.3724130360619,-1134.452590253534,596.0344572380703,-121.7122146907418,-35.74526754845127,-0.06418997805271233,0.1798173959307541
4172.0,-1118.3436166763695,622.661669800878,-1117.2711401261604,621.9320361192789,-124.20700504688705,-33.290912832822336,-0.06060091814776055,0.1839983988559322
4173.0,-1103.4960211403395,648.6112328101011,-1104.814415540992,648.3628438161567,-125.34447221483943,-31.941099696337698,-0.0587763212033617,0.1859612912478309
4174.0,-1088.04641214197,674.2069452512235,-1086.744796103185,673.6701904980074,-127.64110551928222,-29.709290823055756,-0.055534225449417586,0.18983779481558902
4175.0,-1072.003218232362,699.4348433553041,-1070.8764102098796,698.9141409313521,-128.65596713851215,-28.009575814018174,-0.05313820697017147,0.19164733693967653
4176.0,-1055.3751917935158,724.2811640149148,-1054.4499611241383,725.377612203482,-130.78336163083392,-26.391153484357716,-0.050886505247154025,0.19523436470959002
4177.0,-1038.1714042634578,748.7323522926199,-1039.415124874185,748.1348858689144,-130.95749924813614,-24.661954645146135,-0.0484131075318578,0.19569564456698088
4178.0,-1020.4012411873085,772.775068815888,-1018.2238667145288,772.5454478853177,-133.045198153982,-22.523527873617798,-0.04530865111134886,0.19927784933629197
4179.0,-1002.0743970969875,796.3961970543992,-1000.579993772074,796.0801549431213,-133.60676647400103,-20.848917077631757,-0.04293165417084854,0.2003876971097046
4180.0,-983.2008702223497,819.5828504757857,-982.6611290324809,820.9367103139942,-135.1549462900746,-19.086770459665164,-0.04043152828311969,0.2030711536652802
4181.0,-963.7909570366436,842.3223795758905,-962.5509151736587,843.7140278216275,-135.71353704129925,-17.53511751061704,-0.03824094910466678,0.2042064677010658
4182.0,-943.855246639256,864.6023787797194,-942.8680697357164,865.7628433764506,-136.91724505494582,-15.376590566808977,-0.03507557802156169,0.2063632837792786
4183.0,-923.404614978817,886.4106932093176,-922.7985206951234,887.5272495601489,-137.340369365621,-13.676580836171736,-0.03263647659429277,0.20728249825777342
4184.0,-902.4502189198171,907.7354253148736,-901.5928718711124,908.8707717206595,-138.38400045608148,-11.824160285339355,-0.029949651257662604,0.2092031937317431
4185.0,-881.0034901559651,928.5649413654428,-878.3276595310793,928.5298299686009,-138.8989920310671,-9.916972319827806,-0.02715503128952762,0.21030775670420412
4186.0,-859.076128973616,948.887877795742,-857.8046566048191,950.1713595024212,-139.88291302069769,-7.892374198286458,-0.02419782652643485,0.21212506025538763
4187.0,-836.6800978686675,968.6931474055531,-834.9747254108314,968.4158997697959,-140.1167365515719,-6.230307814597077,-0.02177600610902146,0.2127767995108637
4188.0,-813.8276150204052,987.9699454083607,-812.9461446207802,989.0597406671095,-141.07621854100782,-4.24286902401046,-0.018865723592298097,0.21457364595644812
4189.0,-790.5311476258643,1006.707755325911,-789.321864687693,1006.2877731943317,-141.1147515222236,-2.4750487597280544,-0.01626314150369268,0.21492429901620924
4190.0,-766.8034050983346,1024.8963547254912,-764.8287553340242,1024.5519256113691,-141.7864382967015,-0.32449420288583525,-0.013064108201752113,0.21629328816566423
4191.0,-742.6573321337269,1042.5258207967875,-743.8359046676529,1041.993979311924,-141.55472406948397,1.1745322503325484,-0.010891945861683785,0.2161816023917947
4192.0,-718.1061016485797,1059.5865357652858,-716.5456806642624,1059.3588077136908,-142.8409866513413,3.504094073286877,-0.007396999650414948,0.21856297550497295
4193.0,-693.1631075935611,1076.0691921392588,-695.0014952988759,1075.4444684375558,-142.27045814206448,4.719742551348195,-0.005659235657454986,0.21791880223440638
4194.0,-667.8419576463832,1091.9647977874774,-669.2467413813021,1091.4773869729836,-143.04190152538519,6.887490152687481,-0.002405512914512596,0.21946201028464243
4195.0,-642.1564657881186,1107.2646808448796,-640.7592991526152,1107.2853184741507,-143.55781275358234,8.624792429236125,0.00016589022682242502,0.220631993438421
4196.0,-616.1206447669689,1121.960494443514,-615.9904778832073,1123.2136667902291,-143.990923227312,10.961486609512045,0.003689780469966597,0.22162465324854164
4197.0,-589.7486984535936,1136.0442212661846,-587.8458756675101,1135.9720908348668,-144.06878799016442,12.550937346232681,0.006063217812317649,0.22209326504734656
4198.0,-563.0550140921741,1149.508177920306,-561.6134566221001,1149.549894785409,-144.3884879172742,14.835290859923509,0.00953259235042102,0.2229233510087907
4199.0,-536.0541544514349,1162.3450191295858,-535.7904022954797,1163.1751616699096,-144.32816792466215,16.352287469677936,0.011780099167488118,0.22314360300465844
4200.0,-508.76084987991163,1174.5477417412499,-508.53535180795956,1175.3683229827254,-144.5696741617787,18.702685982544313,0.01537154526726453,0.22386176398282087
4201.0,-481.1899902697912,1186.1096885466193,-479.1769322506437,1185.5182879778633,-144.34513635315764,20.249601711878093,0.01770923177002903,0.2238639527291418
4202.0,-453.3566169337164,1197.024551912957,-452.5618053272601,1198.0601357577668,-144.64723371428056,22.446323529641365,0.021051823459465713,0.22467071034970595
4203.0,-425.27591439897947,1207.286377224605,-425.6604358955328,1208.3659798174676,-144.32041878433722,24.055858653035745,0.023487262776537,0.22448002857555976
4204.0,-396.9632021235891,1216.8895661315312,-396.469966410692,1217.7317324349415,-144.38829097214094,26.317227024477692,0.02697164020298159,0.22494554540530431
4205.0,-368.43392613872084,1225.8288796035145,-367.76554835379983,1225.714245851641,-144.32727744237994,27.98936045312504,0.029535161584509754,0.22519998158595317
4206.0,-339.7036506221199,1234.099440788304,-338.8264105459569,1233.7357514974,-144.21409242349793,30.373898270772298,0.03323203222916342,0.22537425886920348
4207.0,-310.7880494070451,1241.6967376721918,-311.08090056619454,1241.211108852314,-143.4293817767693,31.95370320147063,0.03565481936885323,0.22446515159397853
4208.0,-281.7028974313942,1248.616625541546,-280.84881419310545,1248.0587100629848,-143.83804698714906,34.45637792536483,0.03955408751518433,0.22548581401863738
4209.0,-252.46406213166662,1254.8553292439642,-253.51919268392885,1254.4480116639443,-142.78701984940176,35.90369885223171,0.04177932070932531,0.22414775750887073
4210.0,-223.0874947864687,1260.409445247812,-222.6092891105324,1259.7928435162078,-143.26422736620168,38.38752101236583,0.04566698844409634,0.22528580961117003
4211.0,-193.58922181427383,1265.2759434990235,-193.61275435315864,1266.3444526064875,-142.8797473050228,39.877205599942734,0.04795765772291356,0.2250290103631254
4212.0,-163.98533603019467,1269.4521690741499,-163.35352678622402,1269.9697927435,-142.64192630945146,42.303936657409444,0.0517755207141122,0.22502109043207053
4213.0,-134.29198786652768,1272.9358436287575,-133.02793585322618,1272.1724538973535,-141.86538606855825,43.933216054800305,0.05434162348044252,0.2241565849430424
4214.0,-104.5253765618698,1275.7250666403788,-103.34061138777737,1275.2779211092536,-141.5761663802252,46.33293076510119,0.058122855489294065,0.22405985737000395
4215.0,-74.7017413236034,1277.8183164453471,-74.71079268889214,1278.5869426777344,-141.2957933396605,47.82166985866382,0.06045173184906198,0.22396425842975282
4216.0,-44.83735246858157,1279.2144510689395,-46.027075191157714,1279.5685454278325,-140.08040562299774,50.11892732818095,0.06409590900509582,0.22238119751098426
4217.0,-14.948502546836329,1279.9127088483835,-14.61319244902126,1280.4527339881402,-140.01356751066103,51.794530460470895,0.06675188558342703,0.22265954632104432
4218.0,0.0,1280.0,1.1232889605613663,1280.3221705535545,-139.697770455793,53.33286306556666,0.06920181697247257,0.22234966395899014
4219.0,-869.1988751987504,37.32713963361234,-868.3773463447523,37.215686437581965,-20.751532940792966,-29.209356542857495,-0.04694391428546743,0.02239209664020811
4220.0,-1214.621460806415,193.8935454018273,-1216.4231338818681,194.52388638182313,-63.19527786777497,-56.61053323714333,-0.09248079071685833,0.08568090740701002
