id_key,iq_key,op_index_pos,id_req_pos,iq_req_pos,id_pos,iq_pos,ud_pos,uq_pos,psi_d_pos,psi_q_pos,op_index_neg,id_req_neg,iq_req_neg,id_neg,iq_neg,ud_neg,uq_neg,psi_d_neg,psi_q_neg,r_d,r_q,iq_mag,valid_delta_R_eq,delta_R_eq
-1242.55,208.95,4157.0,-1242.5544856849149,208.94580662051172,-1241.5106130937747,208.75381225490162,-66.63756539043052,-57.299609094825634,-0.0937517625221354,0.09085223247744385,3297.0,-1242.5544856849149,-208.94580662051172,-1242.0249536572974,-209.40540295582718,45.06766932215331,-60.3589929954866,-0.09349973866378343,-0.08693846937496492,-0.0001260119291759884,0.0019568815512394644,209.0796076053644,True,0.00037868652567129207
-1237.23,238.46,4156.0,-1237.2301585510104,238.45656789411746,-1235.0338911137324,238.2935363255053,-73.73021978615908,-55.487718654061545,-0.09122982152155702,0.10221986278305252,3298.0,-1237.2301585510104,-238.45656789411746,-1236.9576817671862,-239.0200516806369,51.61972975765672,-59.534956766474174,-0.09182555447292748,-0.0973043386910692,0.0002978664756852281,0.002457762045991657,238.6567940030711,True,-0.0007842015440393065
-1231.21,267.83,4155.0,-1231.205051123661,267.83226483675077,-1229.8136652101284,267.8024480000165,-79.21173558624804,-54.532914406480664,-0.09007159820540882,0.11100789810027888,3299.0,-1231.205051123661,-267.83226483675077,-1230.4585051035538,-267.4040948029988,58.07979622405335,-59.1086045039855,-0.09079937516610599,-0.10750625855907854,0.000363888480348587,0.0017508197706001677,267.60327140150764,True,-0.0008543911818431038
-1224.48,297.06,4154.0,-1224.4825760876627,297.0562587418781,-1226.0167562370425,296.2167482241909,-85.02121375966372,-52.9471036707643,-0.08789569119542595,0.12030047042230144,3300.0,-1224.4825760876627,-297.0562587418781,-1222.9503371863882,-296.9864845367921,63.964413650288385,-58.00921701411145,-0.08868735090771075,-0.11677996574618682,0.00039582985614240035,0.0017602523380573082,296.60161638049146,True,-0.000838522853181768
-1217.07,326.11,4153.0,-1217.066541124226,326.1119968291761,-1217.1297863596365,325.25892052233996,-89.61878888905756,-51.21193913815761,-0.08548976976725309,0.1277265769820886,3301.0,-1217.066541124226,-326.1119968291761,-1215.6514126839995,-325.8673466939635,69.8647578528508,-56.68553584770879,-0.08622694376527676,-0.12608126547363332,0.00036858699901183567,0.0008226557542276441,325.5631336081517,True,-0.0007113521702970226
-1214.62,193.89,4220.0,-1214.621460806415,193.8935454018273,-1216.4231338818681,194.52388638182313,-63.19527786777497,-56.61053323714333,-0.09248079071685833,0.08568090740701002,3296.0,-1214.621460806415,-193.8935454018273,-1214.5020949775337,-194.11955061946904,41.812045107440255,-58.80587687537321,-0.0912150830055382,-0.08141991080517114,-0.0006328538556600663,0.0021304983009194436,194.32171850064609,True,0.002046265377928952
-1209.54,223.41,4039.0,-1209.5397825002433,223.41332670470703,-1207.0213036079065,223.31542934523313,-70.51806758730822,-54.10236725198817,-0.0888415298161192,0.09745063317817454,3295.0,-1209.5397825002433,-223.41332670470703,-1209.82175024896,-223.66829297222628,49.31565321259763,-57.96068413310878,-0.08950803433160634,-0.0933049539598558,0.0003332522577435687,0.0020728396091593687,223.4918611587297,True,-0.0009368957234427806
-1208.96,354.98,4152.0,-1208.9611467542668,354.98302162020155,-1207.2187660424388,355.3827229758058,-95.4953802441335,-49.83399002601366,-0.0836656210334017,0.13720084260595086,3302.0,-1208.9611467542668,-354.98302162020155,-1207.6332939280971,-354.62847306731805,74.7052102083601,-55.42180375761285,-0.08386341494201893,-0.1336868869825551,9.889695430861933e-05,0.0017569778116978824,355.0055980215619,True,-0.0001750360821631288
-1203.74,252.8,4040.0,-1203.7407741560419,252.8006104308547,-1204.7664397218998,252.88327491744204,-76.96085244742872,-53.0472509983388,-0.08752437674564466,0.10773225901267211,3294.0,-1203.7407741560419,-252.8006104308547,-1204.113303325589,-253.44052802899878,56.168723341187246,-56.77063417116665,-0.08724939123686523,-0.10414204262845467,-0.00013749275438971337,0.0017951081921087214,253.1619014732204,True,0.0003412410987584882
-1200.17,383.65,4151.0,-1200.170983959184,383.65298026008327,-1198.991121414273,383.9686675764324,-99.58304373615503,-48.07035957388258,-0.08120880727897466,0.1438073248510186,3303.0,-1200.170983959184,-383.65298026008327,-1199.2070847380464,-382.99070553301755,79.90124243904576,-54.27462540094292,-0.08169027238973217,-0.14185343356698416,0.00024073255537875732,0.000976945642017224,383.47968655472494,True,-0.00039443217149384816
-1197.23,282.04,4041.0,-1197.2278749354957,282.03796814868264,-1198.00916156467,282.721410780642,-82.2377449560614,-51.7909504099637,-0.0858903390995886,0.11621345048407981,3293.0,-1197.2278749354957,-282.03796814868264,-1197.1993525383361,-282.11036554422316,62.77928923984579,-56.109769212144904,-0.08584647326515722,-0.11457841005479454,-2.193291721568763e-05,0.0008175202146426391,282.41588816243257,True,4.879632802880183e-05
-1190.7,412.11,4150.0,-1190.7010315804823,412.10563377995123,-1189.965765056874,411.42251268174596,-103.72621497540042,-45.78091083382564,-0.07790126293582618,0.15051191997349886,3304.0,-1190.7010315804823,-412.10563377995123,-1189.8770745623717,-411.29098162201643,83.7187976689636,-52.85513381522785,-0.07908448865079157,-0.14781499703915463,0.0005916128574826943,0.0013484614671721157,411.3567471518812,True,-0.0009036470750536455
-1190.0,311.11,4042.0,-1190.0049473806332,311.10806034176716,-1190.759079480654,310.0041855197318,-88.43582663132588,-49.47076244661096,-0.08253177666896262,0.12616679540573109,3292.0,-1190.0049473806332,-311.10806034176716,-1190.1692783539959,-311.21807047702055,68.16514062491306,-55.07425976619865,-0.08384192752310352,-0.12306416163389623,0.0006550754270704465,0.0015513168859174267,310.61112799837616,True,-0.0013251168188941832
-1182.08,339.99,4043.0,-1182.0762751231073,339.9936466922287,-1180.457574725655,340.36204688670165,-93.46162767544257,-48.1591417872965,-0.08081605945962962,0.134291768446671,3291.0,-1182.0762751231073,-339.9936466922287,-1180.7472769402302,-339.59626190485915,73.68033847957467,-53.67253411151352,-0.08126346491454235,-0.1317264806451842,0.0002237027274563652,0.0012826439007434104,339.97915439578037,True,-0.0004134270210854076
-1181.77,208.38,4038.0,-1181.7693036146495,208.3778132003164,-1183.1240197983052,209.4745986120898,-67.68704847316498,-53.28020261931082,-0.08736350588436007,0.09323759570464409,3180.0,-1181.7693036146495,-208.3778132003164,-1181.4018490239305,-208.45464808899808,44.75095179789283,-56.2378637858655,-0.08695240168452843,-0.08569194826167024,-0.0002055520999158164,0.0037728237214869204,208.96462335054395,True,0.0006180576948110513
-1180.56,440.32,4149.0,-1180.5566534997,440.32486629486357,-1180.036954945959,439.57545551250496,-107.06825471799773,-44.186079005120575,-0.0757077975735241,0.15595253929200703,3305.0,-1180.5566534997,-440.32486629486357,-1180.1457137962059,-440.7662139138174,88.32643754027411,-51.19681853088449,-0.0760842155334689,-0.155029103942918,0.00018820897997240404,0.00046171767454451784,440.1708347131612,True,-0.00026865748577196855
-1176.21,237.78,4037.0,-1176.2069854182525,237.77537183927743,-1177.141548215796,238.28938378361013,-73.81442730525158,-51.48192399195755,-0.0848543504506393,0.10306288916504841,3181.0,-1176.2069854182525,-237.77537183927743,-1175.7104917190236,-238.1301425051062,53.706517970628234,-54.87458681314276,-0.08441924401936139,-0.09987547260893238,-0.0002175532156389534,0.0015937082780580134,238.20976314435816,True,0.0005738333937236524
-1173.45,368.68,4044.0,-1173.4465603437427,368.67759630528025,-1175.07068167488,369.23795470379355,-97.82772035459493,-46.605190551200245,-0.07869651171380398,0.14130659389856676,3290.0,-1173.4465603437427,-368.67759630528025,-1173.897485817243,-368.6474015879721,78.63786162699893,-52.39509913552606,-0.07887457548590511,-0.1395327345831801,8.903188605056261e-05,0.000886929657693325,368.94267814588284,True,-0.00015162350994866187
-1169.91,267.03,4036.0,-1169.9134946181885,267.0251207475774,-1168.5078067816726,267.0635263537459,-80.67315837206587,-49.726858981880646,-0.08241347387606611,0.1140846358883811,3182.0,-1169.9134946181885,-267.0251207475774,-1170.6633549936168,-267.48037964542476,60.34299173467608,-54.04956776947436,-0.08274673387190105,-0.11037593650485941,0.00016662999791747235,0.0018543496917608412,267.2719529995853,True,-0.00039172353960089924
-1169.74,468.29,4148.0,-1169.7435956002516,468.2946941320126,-1170.7422364146162,468.7107105997134,-110.54170790007923,-42.74862677386977,-0.07377683997154413,0.16159454389296868,3306.0,-1169.7435956002516,-468.2946941320126,-1169.5511871424867,-468.52983566809525,91.4245348958446,-49.85258923196233,-0.0736047878353216,-0.15983012814559935,-8.602606811126956e-05,0.0008822078736846622,468.62027313390433,True,0.00011534236954292219
-1164.12,397.14,4045.0,-1164.1209209838596,397.14289786887844,-1162.4620629241042,397.7376948027115,-102.52522239123634,-44.610405068752335,-0.07587074755822838,0.14893731800350457,3289.0,-1164.1209209838596,-397.14289786887844,-1163.0084097391093,-396.60565051392945,83.2011622361581,-50.846462299285214,-0.07606743949437118,-0.14666209485148118,9.83459680714005e-05,0.0011376115760116934,397.17167265832046,True,-0.00015558157445386765
-1162.89,296.11,4035.0,-1162.8927434748935,296.1088772283522,-1160.8908990907,296.4878945679961,-86.50666897519307,-48.261323866868565,-0.08044136173704079,0.1234622404308995,3183.0,-1162.8927434748935,-296.1088772283522,-1163.0736512601386,-295.79702217574714,66.7236991873321,-53.12893821480666,-0.08093471327521808,-0.1204381969242722,0.00024667576908864175,0.0015120217533136499,296.1424583718716,True,-0.0005233662124965303
-1158.27,496.0,4147.0,-1158.2679825128987,495.9992748840462,-1159.5776502836582,496.1727091647017,-113.06109363890998,-40.76285734277253,-0.07095271611495174,0.165741003215331,3307.0,-1158.2679825128987,-495.9992748840462,-1157.0590435768256,-495.27061243875187,94.6681134714318,-48.40372997029015,-0.07097136313426798,-0.16483945283836776,9.323509658119844e-06,0.0004507751884816197,495.7216608017268,True,-1.1817385344933773e-05
-1155.15,325.01,4034.0,-1155.1490963400145,325.00856177160625,-1155.9594583589824,324.1923892532879,-91.0375611876659,-46.030612468232995,-0.0772303704748113,0.13073377457407168,3184.0,-1155.1490963400145,-325.00856177160625,-1155.2331659518543,-325.0173902681059,71.8453032467964,-51.88390585245592,-0.07859532167213763,-0.12849346073963938,0.0006824755986631695,0.0011201569172161474,324.6048897606969,True,-0.0013210277445882838
-1154.1,425.37,4046.0,-1154.1048877100245,425.3726697424642,-1155.3090571686241,425.78655597733865,-105.87834359830926,-42.92547000693779,-0.07353260376132795,0.15436157881985665,3288.0,-1154.1048877100245,-425.3726697424642,-1152.6772233167528,-424.9418283402938,86.73296073724198,-49.61833551217115,-0.0737657826041384,-0.1521566009861626,0.00011658942140522349,0.0011024889168470275,425.3641921588162,True,-0.00017221782017616554
-1153.91,193.35,3925.0,-1153.9130260716672,193.35130788833115,-1153.6607564529097,193.89516596318802,-64.45016985264337,-51.19235728354352,-0.08384979593937739,0.08844677916507905,3179.0,-1153.9130260716672,-193.35130788833115,-1153.2580497756626,-193.7951347830724,42.83255444975225,-53.94704217598783,-0.08348598051674938,-0.08229404770808248,-0.00018190771131400274,0.003076365728498287,193.8451503731302,True,0.0005896252017606518
-1148.6,222.76,3926.0,-1148.5987343963202,222.75759772266238,-1149.8139317206142,222.390428751551,-70.7005449177168,-49.419191172121344,-0.08137669513413749,0.0984416720010623,3178.0,-1148.5987343963202,-222.75759772266238,-1149.342194239048,-223.022965833006,51.330728946995066,-53.09111773492277,-0.08176578200571824,-0.09577135511649588,0.00019454343579037442,0.001335158442283206,222.7066972922785,True,-0.0005488620109893284
-1146.69,353.71,4033.0,-1146.687366943369,353.706209293085,-1145.867323784388,353.2362302883556,-96.11729251403075,-44.27415802583542,-0.0747905855398022,0.13894201617411356,3185.0,-1146.687366943369,-353.706209293085,-1147.0565670199537,-354.4584052738116,77.70860643147036,-49.8583540353441,-0.07501099251824919,-0.1377250590012171,0.00011020348922349821,0.0006084785864482328,353.8473177810836,True,-0.00019568579709212215
-1146.14,523.42,4146.0,-1146.136314146693,523.4229163823771,-1147.7030029905834,523.422997998858,-116.31129722262718,-38.870730304794456,-0.06827503595250807,0.17105929136261688,3308.0,-1146.136314146693,-523.4229163823771,-1144.9915458399198,-522.7839177227941,97.46472210025604,-47.08394896997115,-0.06853391173086959,-0.16914260339267223,0.00012943788918075988,0.0009583439849723263,523.103457860826,True,-0.00015547254205099662
-1143.4,453.35,4047.0,-1143.4044006340337,453.3501699687849,-1144.8889099117475,453.6415493047072,-109.09853831323495,-41.0813673164767,-0.07093876252136845,0.15961429314661083,3287.0,-1143.4044006340337,-453.3501699687849,-1143.8413097172254,-454.0797926845137,91.27285868288287,-47.56319002082557,-0.07013806510809416,-0.15927385978383427,-0.0004003487066371464,0.00017021668138827994,453.8606709946105,True,0.0005542372961680876
-1142.54,252.02,3927.0,-1142.5351797915055,252.01857657480812,-1140.8917894257693,252.00404494752493,-78.21399362832632,-47.90599197853415,-0.07933104097287876,0.1105089662553071,3177.0,-1142.5351797915055,-252.01857657480812,-1141.7805658089567,-251.58454569591947,58.19636916575676,-52.21785930349116,-0.08002615515239633,-0.106605753841317,0.000347557089758789,0.0019516062069950477,251.7942953217222,True,-0.0008672816026226021
-1137.51,382.18,4032.0,-1137.512815400558,382.183980302021,-1135.6632801506732,382.94449670828925,-101.26633385220362,-42.732001851809336,-0.07270000409152985,0.14726193863121656,3186.0,-1137.512815400558,-382.183980302021,-1138.1059333376536,-382.81708942969993,81.99795838833,-48.75966647096876,-0.07291506891489768,-0.14444215649928352,0.00010753241168391658,0.0014098910659665204,382.8807930689946,True,-0.0001764638188618202
-1135.73,281.12,3928.0,-1135.72631768269,281.11515669368913,-1136.549758129286,281.5106923252859,-83.4936575675524,-46.64289423097787,-0.07768212558150783,0.11896498913271841,3176.0,-1135.72631768269,-281.11515669368913,-1135.4219914055502,-281.8028434897528,64.29967797163981,-50.53734017796818,-0.07698144322123532,-0.11624159820982656,-0.00035034118013625715,0.0013616954614459262,281.65676790751934,True,0.0007815393792542774
-1133.36,550.55,4145.0,-1133.3554620073596,550.5500855853935,-1134.5643872323842,550.6261897377773,-118.27521357156736,-37.05916448435292,-0.06572499615314112,0.17434586958089718,3309.0,-1133.3554620073596,-550.5500855853935,-1132.9253744429927,-549.4800690877086,100.56104527787386,-45.249272545921094,-0.06528698647072818,-0.17392278071019698,-0.0002190048412064674,0.00021154443535009726,550.0531294127429,True,0.00025016637973477115
-1132.03,481.06,4048.0,-1132.025805790066,481.05880620289173,-1130.8974602653145,480.4868960678344,-112.92956203682554,-38.77557312154277,-0.06759775131612364,0.16588290967797317,3286.0,-1132.025805790066,-481.05880620289173,-1132.6366692197523,-481.51325014773874,94.24549997571513,-46.44343413714237,-0.06801994145934231,-0.1638677424135667,0.00021109507160933794,0.0010075836322032405,481.00007310778653,True,-0.00027574828498136113
-1128.18,310.03,3929.0,-1128.1765896801749,310.02835757009433,-1127.9177163273455,309.35481629780105,-89.35851483032697,-44.14458936362099,-0.0740469561225099,0.12840491575347718,3175.0,-1128.1765896801749,-310.02835757009433,-1128.4255352044977,-310.1210963160651,70.56813715737803,-49.89924169411163,-0.07561906506826745,-0.12613247545034004,0.0007860544728787722,0.0011362201515685705,309.7379563069331,True,-0.0015945497844444014
-1127.63,410.42,4031.0,-1127.63114494309,410.42417199080245,-1125.9599762006455,411.02917160699826,-104.97572875037254,-41.22456931855047,-0.07064480295264614,0.15328446007068527,3187.0,-1127.63114494309,-410.42417199080245,-1127.996813066161,-411.1792380721863,86.72073651679294,-47.117272829973196,-0.06995376778524072,-0.15183488522028132,-0.00034551758370270774,0.0007247874252019754,411.1042048395923,True,0.000528078034653069
-1119.98,508.48,4049.0,-1119.975851371104,508.48214555239844,-1118.7565407249915,507.7771241106904,-115.37273102012222,-36.903991370266304,-0.06495325912744339,0.1699200233952162,3285.0,-1119.975851371104,-508.48214555239844,-1119.9709935970905,-508.44608018579476,97.5778891760661,-45.0053509256366,-0.06540131530364299,-0.1690162883632431,0.0002240280880997994,0.0004518675159865537,508.1116021482426,True,-0.0002770277209953416
-1119.93,577.37,4144.0,-1119.9326653052035,577.3654173765373,-1118.5132943114481,576.8290810986672,-121.4043850056306,-34.93272998273992,-0.06266157663184906,0.1795226778955797,3310.0,-1119.9326653052035,-577.3654173765373,-1119.230099032709,-577.5549020625172,102.6909328416316,-44.036114756560885,-0.06301235416365891,-0.1771448763838074,0.0001753887659049283,0.001188900755886152,577.1919915805922,True,-0.00019092436018740833
-1119.89,338.74,3930.0,-1119.8909206817077,338.73931831819755,-1119.8944542022596,338.02249319635166,-94.08486429138084,-42.51334258107547,-0.07180183849531008,0.13602539522212378,3174.0,-1119.8909206817077,-338.73931831819755,-1120.0399860610617,-338.6657174193044,75.70268619808319,-48.603556874328625,-0.07320733343042936,-0.13420166646123236,0.0007027474675596404,0.0009118643804457149,338.34410530782804,True,-0.0013050301434426195
-1117.05,438.41,4030.0,-1117.048498373045,438.4092292396744,-1116.9829087538335,437.3882985072064,-108.37794677588704,-38.84007895175671,-0.06717258817839182,0.15880920013453662,3188.0,-1117.048498373045,-438.4092292396744,-1117.7087678052992,-438.96701212710315,90.21790561722385,-45.871062571108155,-0.06763004644194485,-0.15727480530069488,0.00022872913177651721,0.0007671974169208701,438.17765531715474,True,-0.00032798284044446385
-1110.87,367.23,3931.0,-1110.8747156598342,367.2293099790406,-1109.1369201995633,367.893957274731,-99.57457829466934,-41.16777408600007,-0.07002613473289299,0.14489429364705442,3173.0,-1110.8747156598342,-367.2293099790406,-1109.854349244786,-366.66845143773554,80.66008935824716,-47.14651029173683,-0.07054542304724765,-0.14196687542186515,0.00025964415717733,0.0014637091125946355,367.2812043562333,True,-0.00044418073512123083
-1107.26,535.6,4050.0,-1107.261683726848,535.603924323175,-1105.740837589087,536.445289641233,-118.61219631571898,-35.43783372961486,-0.06297089501433875,0.1752351955061063,3284.0,-1107.261683726848,-535.603924323175,-1107.3375616831484,-535.5481220301431,99.88924939085011,-43.73854692032332,-0.06305321613868649,-0.17254021109981463,4.1160562173868376e-05,0.0013474922031458392,535.9967058356881,True,-4.825019196393764e-05
-1105.88,603.85,4143.0,-1105.875526854742,603.8537232672714,-1107.5509242003043,603.6662021214291,-122.49689075110943,-33.495363881097894,-0.06070261092385788,0.1813957106424244,3311.0,-1105.875526854742,-603.8537232672714,-1106.9738148181739,-604.2328905301684,105.60377124509597,-42.16199313880922,-0.05970287236843927,-0.18163070030692632,-0.000499869277709307,-0.00011749483225095836,603.9495463257988,True,0.0005200386887151183
-1105.77,466.12,4029.0,-1105.7714542444892,466.12175552963373,-1106.288610413374,465.66313569139976,-111.43458311338443,-37.22591838316153,-0.06494985300795687,0.16380496073965595,3189.0,-1105.7714542444892,-466.12175552963373,-1105.6522064726148,-466.35234086980586,93.73017574488271,-44.50076376212678,-0.06511376077414847,-0.162717100444046,8.195388309580054e-05,0.0005439301478049746,466.0077382806028,True,-0.0001104984728437676
-1101.13,395.48,3932.0,-1101.1338561360872,395.4797477379481,-1099.36173278709,396.0095608348936,-103.48983218608622,-39.35677540779653,-0.06748817185125404,0.15124533020489092,3172.0,-1101.1338561360872,-395.4797477379481,-1100.0473002412177,-395.00421191514596,84.93372709459256,-45.75552900012742,-0.067984580274324,-0.14864847446600893,0.0002482042115349789,0.0012984278694409962,395.5068863750198,True,-0.0003943074340349014
-1093.89,562.41,4051.0,-1093.8908431254981,562.4080576647056,-1095.2947622124648,562.317832381225,-119.80048771042352,-33.498768606014174,-0.060201637349395716,0.1772543528008593,3283.0,-1093.8908431254981,-562.4080576647056,-1093.195734962247,-561.6109025538511,102.87722160962875,-42.137231936415304,-0.060185454021311056,-0.17712252201601725,-8.091664042329805e-06,6.591539242102595e-05,561.9643674675381,True,9.047090449971789e-06
-1093.81,493.54,4028.0,-1093.807022774008,493.54452375673367,-1095.1042156301417,493.6243074248014,-114.2710091601961,-35.491748232746055,-0.06253227520360463,0.16845624797979067,3190.0,-1093.807022774008,-493.54452375673367,-1094.2041776381782,-494.1831895184377,96.94545797227552,-42.93362377159925,-0.06227873636567954,-0.167694177344736,-0.000126769418962544,0.00038103531752733955,493.90374847161956,True,0.0001612694281203494
-1091.19,630.0,4142.0,-1091.1920087683927,630.0,-1089.7775599136896,629.508477656873,-125.10167160395774,-31.06180090711914,-0.05714596480492201,0.18575901803668693,3312.0,-1091.1920087683927,-630.0,-1092.0847725006968,-630.4510598116689,107.3602849743586,-41.05505842220205,-0.057620037842242934,-0.18424393303579945,0.0002370365186604613,0.0007575425004437419,629.9797687342709,True,-0.00023641146037193207
-1090.67,423.47,3933.0,-1090.6746963443015,423.47220304792796,-1092.097281775504,423.8790378097854,-106.90285177386595,-37.595460886441025,-0.06502626945555967,0.15676628712199803,3171.0,-1090.6746963443015,-423.47220304792796,-1091.0929826243207,-424.39609360015396,89.77753572924358,-43.888354986120326,-0.06465291895728273,-0.15624797205703633,-0.000186675249138471,0.00025915753248084705,424.1375657049697,True,0.0002765412162092735
-1081.16,520.66,4027.0,-1081.162641482903,520.66048694107,-1081.971047215762,520.7799220401558,-116.92548642326608,-33.69979235884196,-0.06001286292774814,0.17284182131449713,3191.0,-1081.162641482903,-520.66048694107,-1081.9138794636744,-521.1150147896407,100.11493124155487,-41.42206653487256,-0.059543184972304944,-0.17258803177445167,-0.00023483897772159923,0.00012689477002272853,520.9474684148983,True,0.000283240999109389
-1079.87,588.88,4052.0,-1079.8712592819234,588.8786491093673,-1078.5086302958916,588.2624947053773,-122.81914831570474,-31.372852123317077,-0.05713587975680704,0.1822642796715221,3282.0,-1079.8712592819234,-588.8786491093673,-1079.504686791159,-587.8341006459553,104.61231387814945,-40.71474816530042,-0.05760034598927892,-0.17971633323304745,0.00023223311623593937,0.0012739732192373204,588.0482976756664,True,-0.00024813671080108697
-1079.5,451.19,3934.0,-1079.5040590855754,451.1884156511189,-1077.9386758125972,452.0267234139419,-110.56523165316356,-35.860178513956306,-0.06260920572512126,0.16276854579782096,3170.0,-1079.5040590855754,-451.1884156511189,-1078.667365540928,-450.4625295761269,92.70842099966497,-42.9208737623841,-0.06279388983198121,-0.16076044464593947,9.234205342997792e-05,0.0010040505759407459,451.24462649503437,True,-0.0001285782033245806
-1075.89,655.79,4141.0,-1075.8904279466465,655.7894380460713,-1077.170837096726,655.3797421420613,-125.93369441493873,-29.520138387446337,-0.05500917737335422,0.18723761766034586,3313.0,-1075.8904279466465,-655.7894380460713,-1075.0891074957663,-656.0920143906563,109.46983924143501,-39.28019395505377,-0.05448122923448143,-0.1873932474808189,-0.0002639740694363943,-7.781491023652054e-05,655.7358782663589,True,0.0002529368987623759
-1067.85,547.45,4026.0,-1067.8461705737625,547.4527888237955,-1067.0618541970264,548.2647143835443,-119.87225210353897,-31.909415146484847,-0.057499994600483294,0.17771433703841474,3192.0,-1067.8461705737625,-547.4527888237955,-1068.777174458336,-547.8174404183267,102.38098342289697,-40.19648774134345,-0.057265591858655034,-0.17603368096428568,-0.00011720137091413008,0.0008403280370645333,548.0410774009355,True,0.00013436911247625944
-1067.63,478.61,3935.0,-1067.6292312775636,478.6103054904673,-1069.3595399374797,478.7302586402872,-113.3523321539895,-33.89559883739369,-0.059809517530367826,0.16730942245814293,3169.0,-1067.6292312775636,-478.6103054904673,-1068.4470758167834,-479.4045791873738,96.60765083911177,-40.94055270403089,-0.05928765848210455,-0.16684109406694866,-0.0002609295241316374,0.00023416419559713075,479.0674189138305,True,0.00034222084147370404
-1065.21,615.0,4053.0,-1065.2112466548595,615.0,-1064.5251780987335,615.8745058492253,-124.3509215772245,-30.01986579117641,-0.05532069868123772,0.18487342749389113,3281.0,-1065.2112466548595,-615.0,-1065.9676883938714,-615.4801729452998,107.66546776222674,-38.86768670181984,-0.054322075670766475,-0.18440979130763335,-0.000499311505235623,0.00023181809312888824,615.6773393972626,True,0.0005095634535572674
-1059.98,681.21,4140.0,-1059.979451367288,681.2074299940533,-1061.9291535859302,680.6698594743253,-127.75954158104615,-27.641944487635385,-0.052329666321825306,0.190330208162973,3314.0,-1059.979451367288,-681.2074299940533,-1061.1662903562355,-681.3054335009493,111.08700593816793,-38.154426674249414,-0.05238072689954316,-0.18979653585291062,2.5530288858925665e-05,0.00026683615503118874,680.9876464876373,True,-2.355571891411169e-05
-1055.06,505.72,3936.0,-1055.0579592010201,505.7199845038542,-1053.659393906134,505.05222187311466,-116.1030156571731,-31.80250831782371,-0.05680062487470619,0.17187955048478834,3168.0,-1055.0579592010201,-505.7199845038542,-1054.5330462674467,-505.8580234981445,99.2586065385326,-39.827108499889114,-0.05719158237782627,-0.17088981635933734,0.00019547875156003883,0.0004948670627255014,505.4551226856296,True,-0.00024299471200171178
-1053.87,573.9,4025.0,-1053.8658880442745,573.9047743455816,-1053.7200679606583,573.4425614322511,-121.60315763381531,-29.816605056812307,-0.054477536302997245,0.18063255524418698,3193.0,-1053.8658880442745,-573.9047743455816,-1053.0591184140324,-573.1630726494585,104.75211211385891,-38.4865076359964,-0.054233666724776176,-0.17961495087706356,-0.00012193478911053449,0.0005088021835617101,573.3028170408547,True,0.00013363598653288233
-1049.92,640.76,4054.0,-1049.9194995159362,640.7566188001542,-1051.4471297128136,640.3433182710951,-125.7363049739969,-27.79278298916661,-0.052075855197003945,0.1872385001544158,3280.0,-1049.9194995159362,-640.7566188001542,-1050.4957912334694,-641.403780466035,109.21303916049179,-37.60981353815841,-0.05200262263495005,-0.18668334378106344,-3.661628102694797e-05,0.00027757818667617506,640.873549368565,True,3.589895060870537e-05
-1043.47,706.24,4139.0,-1043.468091176327,706.2395788235266,-1042.7337392450117,707.4432224649466,-129.6081196006505,-26.175716689541826,-0.050323984954381416,0.1935073971767629,3315.0,-1043.468091176327,-706.2395788235266,-1042.6927563466343,-705.7580384702673,112.84151846854013,-36.43790912252268,-0.049349333977247486,-0.19236268440231905,-0.0004873254885669649,0.0005723563872219312,706.600630467607,True,0.0004333362040098602
-1043.16,119.69,3630.0,-1043.1558221159778,119.69098038506793,-1042.3312104472882,120.02630339898265,-46.04979974731928,-43.50750948679098,-0.07071431084592746,0.060525130524915205,2960.0,-1043.1558221159778,-119.69098038506793,-1042.3965242995714,-119.73523418511907,25.673856498548453,-45.8510186552226,-0.07150776848301528,-0.05362741365359922,0.0003967288185439122,0.0034488584356579914,119.88076879205086,False,
-1041.8,532.5,3937.0,-1041.798443446684,532.4997682929701,-1040.3475782993266,533.5965473252214,-119.12206822049482,-30.06815316932953,-0.05438989450453962,0.1768475513184567,3167.0,-1041.798443446684,-532.4997682929701,-1041.341871789513,-531.586713925991,102.04310006390453,-38.24140081322577,-0.054352751637839244,-0.1751599234890737,-1.8571433350187544e-05,0.0008438139146915019,532.5916306256063,True,2.1909423740304858e-05
-1039.31,149.43,3527.0,-1039.3125139749793,149.4305801869495,-1041.017051107512,149.47758935054682,-54.17238199376945,-42.785723165475325,-0.069926241337055,0.07346871615062768,2959.0,-1039.3125139749793,-149.4305801869495,-1039.9051961778757,-149.36056008249798,36.33102846685809,-44.44453827220397,-0.0689064648672659,-0.07055831840704888,-0.0005098882348945483,0.0014551988717894024,149.4190747165224,True,0.0021441186621395263
-1039.23,600.0,4024.0,-1039.2304845413264,600.0,-1040.8037673199935,599.8205432124133,-123.19293056520206,-27.985860875895398,-0.05188686687095205,0.18332094303196478,3194.0,-1039.2304845413264,-600.0,-1038.4927394166698,-600.1541225640665,106.70501386524359,-37.23680564929246,-0.051914145582957344,-0.1825446964997122,1.3639356002646819e-05,0.0003881232661262918,599.98733288824,True,-1.4283401754947603e-05
-1034.62,179.05,3528.0,-1034.6215276400776,179.0483022642549,-1034.1267952058179,178.84097871308578,-62.16178221038623,-41.05673547205211,-0.06753408459044273,0.08626862629586964,2958.0,-1034.6215276400776,-179.0483022642549,-1035.6861074183141,-179.4727530099014,44.56777054862703,-43.41725465482904,-0.06690270900077461,-0.08361582951433606,-0.0003156877948340617,0.0013263983907667865,179.1568658614936,True,0.0011071442362084888
-1034.01,666.13,4055.0,-1034.0050867934476,666.1332302815067,-1034.8754873685955,665.9022606965722,-127.1848204353749,-26.315462389704766,-0.05003764611213986,0.1897468365668655,3279.0,-1034.0050867934476,-666.1332302815067,-1033.416709193106,-666.3406583517799,111.06622162259184,-36.00716334211841,-0.049146524360528236,-0.18942360821959917,-0.0004455608758058109,0.00016161417363316777,666.1214595241761,True,0.0004202749375942502
-1029.09,208.52,3529.0,-1029.0866891470132,208.51998997803244,-1027.774427488868,208.54755729063507,-70.29261526006577,-39.75864502991698,-0.06583192514790835,0.09928704628407974,2957.0,-1029.0866891470132,-208.51998997803244,-1029.3229656374072,-209.21792807337704,52.34765615052505,-42.328939762572354,-0.06480631370129968,-0.09591997279188681,-0.0005128057233043382,0.0016835367460964618,208.88274268200604,True,0.0015425177516979137
-1027.86,558.93,3938.0,-1027.8593335658027,558.9321876593475,-1029.8764200263504,558.7022532825733,-120.44232917311541,-28.398436981999744,-0.05203992755656376,0.17907705187756076,3166.0,-1027.8593335658027,-558.9321876593475,-1028.8998840650493,-559.4702202098624,104.5952640856871,-36.676443287635784,-0.051520555833569424,-0.17906944199943173,-0.0002596858614971678,3.8049390645167325e-06,559.0862367462179,True,0.00029184306144562156
-1026.37,730.87,4138.0,-1026.3656995834228,730.8717060597099,-1027.6157014724358,730.4408472479257,-130.63723176467727,-23.95023543827361,-0.04706367282221746,0.1953304302542338,3316.0,-1026.3656995834228,-730.8717060597099,-1025.311936518493,-731.5241285323056,114.07511865320107,-35.18028078190388,-0.047032199701448583,-0.19411315764528805,-1.5736560384439074e-05,0.0006086363044728732,730.9824878901156,True,1.3526415014187776e-05
-1023.95,625.72,4023.0,-1023.9490579585866,625.722244055398,-1023.6089784989628,626.400309080417,-125.37198213570707,-26.339624735084534,-0.049592322349387194,0.18699959543115746,3195.0,-1023.9490579585866,-625.722244055398,-1023.1789568165974,-625.1877375433978,109.03790283717596,-35.70821541704253,-0.04917473266519875,-0.186070057135334,-0.00020879484209422247,0.0004647691479117283,625.7940233119074,True,0.0002096371386096519
-1022.71,237.82,3530.0,-1022.7125127894502,237.82160579705214,-1021.9645116694608,238.0207746389445,-76.74965312677291,-38.348368343611924,-0.0639483577836648,0.10963489510768223,2956.0,-1022.7125127894502,-237.82160579705214,-1022.2744436895416,-237.77698978761396,59.41938735332158,-41.742449783627364,-0.06352312385503688,-0.10708865950623384,-0.00021261696431396082,0.0012731178007241994,237.89888221327922,True,0.000561546054275675
-1017.48,691.11,4056.0,-1017.4774466939315,691.1147845829936,-1016.479478495981,690.4601016747811,-129.10956945280964,-24.01384134854257,-0.046675261666115596,0.1930354651918217,3278.0,-1017.4774466939315,-691.1147845829936,-1016.9511887514403,-691.3330260182729,112.42294981766544,-34.899671272682184,-0.047077815138878126,-0.1913812554242256,0.00020127673638126523,0.0008271048837980438,690.896563846527,True,-0.00018304607359268197
-1015.5,266.93,3531.0,-1015.504197437055,266.9292509031611,-1016.3662876699842,267.4022734704931,-83.0641792882957,-36.866872203506375,-0.061950317864068176,0.1197533369240236,2955.0,-1015.504197437055,-266.9292509031611,-1016.1122219919931,-267.19001807560875,66.07965599153141,-40.16738499592744,-0.06065610982901786,-0.11761333770518957,-0.0006471040175251574,0.001069999609417012,267.29614577305097,True,0.001521112264216148
-1014.62,104.63,3629.0,-1014.6190836809666,104.63324056147565,-1014.6048345438345,105.02253971819361,-42.09577951446709,-41.576839298120426,-0.06745780311909631,0.05457167604697585,2857.0,-1014.6190836809666,-104.63324056147565,-1013.9924333327408,-104.51387823246466,23.081088586945643,-42.654276451090816,-0.06660641078064553,-0.04915303122788889,-0.00042569616922539383,0.0027093224095434826,104.76820897532915,False,
-1013.25,585.0,3939.0,-1013.2497224277931,585.0,-1012.0199661482925,584.3817910822205,-122.91838518191697,-26.12300429886423,-0.04873296056739512,0.1832365049155078,3165.0,-1013.2497224277931,-585.0,-1013.0703270569352,-584.6532394254056,106.71884873405145,-35.11923051428865,-0.04873375897718842,-0.18225536778280715,3.9920489664987957e-07,0.0004905685663503245,584.517515253813,True,-4.2911944907168565e-07
-1011.11,134.37,3628.0,-1011.1101275496017,134.37376963763518,-1011.2820308892796,134.54303584974485,-50.44609864559302,-40.44144028301357,-0.0660122961779963,0.0679023159943237,2858.0,-1011.1101275496017,-134.37376963763518,-1011.7172351210669,-134.73114034916318,30.243966758235587,-42.161671895120804,-0.06545233629054666,-0.06052524161437285,-0.00027997994372482016,0.003688537189975423,134.63708809945402,True,0.0013065982735881016
-1008.68,755.09,4137.0,-1008.681963564694,755.0898598042971,-1006.8893573010641,756.4586358020948,-132.01078339777033,-22.243861341844724,-0.04466653325069551,0.197770340549001,3317.0,-1008.681963564694,-755.0898598042971,-1007.5197464815748,-755.5460513039776,115.91497091455301,-33.51620205535522,-0.044089540314713696,-0.19682347299612127,-0.00028849646799090564,0.00047343377643986606,756.0023435530362,True,0.0002397713160959928
-1008.03,651.06,4022.0,-1008.0311077809257,651.0555166389113,-1006.8011557613385,652.1562841719688,-127.23407862109634,-24.485755802972637,-0.046957231033696534,0.19016905898188188,3196.0,-1008.0311077809257,-651.0555166389113,-1007.3624605396604,-651.3263254535727,110.60202581745922,-34.32996882910536,-0.04666106651548125,-0.1883657319736744,-0.00014808225910764236,0.0009016635041037419,651.7413048127707,True,0.0001427603663920592
-1007.47,295.82,3532.0,-1007.4676222952222,295.8191846835013,-1008.3791489228192,296.0637141940252,-88.6388305892944,-35.092100902267845,-0.059476697496553314,0.1287234883012525,2954.0,-1007.4676222952222,-295.8191846835013,-1006.9481569688405,-295.30640152271894,72.46406246553879,-39.28404220201656,-0.058905885522757453,-0.12766220413992538,-0.0002854059868979304,0.000530642080663557,295.68505785837203,True,0.0006064759296417019
-1006.73,164.0,3627.0,-1006.7296070806511,163.99847019785759,-1006.7866721707173,163.92196459562862,-58.83263771967044,-39.01145809995284,-0.06409621179164933,0.08130496202132247,2859.0,-1006.7296070806511,-163.99847019785759,-1006.1170053057937,-164.392816410094,38.92259672048456,-41.40645527017973,-0.06388710595887687,-0.07426912432932781,-0.0001045529163862316,0.0035179188459973296,164.15739050286132,True,0.000400180184424469
-1001.48,193.48,3626.0,-1001.4812982282045,193.48180611920586,-1001.7353493675363,193.76946881308356,-66.90800459487937,-38.007590874727676,-0.06286404905503991,0.09421917098935584,2860.0,-1001.4812982282045,-193.48180611920586,-1001.8603407029633,-193.48856471500585,49.26461241521087,-40.54144271430673,-0.062154060877690036,-0.09067682226691287,-0.0003549940886749363,0.0017711743612214836,193.6290167640447,True,0.0011519418315365587
-1000.35,715.69,4057.0,-1000.3463811047455,715.6864661362816,-998.5941196278409,715.1612541986692,-130.05180382350213,-22.247375844743278,-0.04416635884364642,0.1947541192731344,3277.0,-1000.3463811047455,-715.6864661362816,-1000.20366142061,-714.898385641928,114.0798161644344,-33.02403929393174,-0.043804049810480056,-0.1938131336026588,-0.00018115451658318182,0.0004704928352377985,715.0298199202987,True,0.00015918600388603962
-998.61,324.47,3533.0,-998.6093421099112,324.4678440936948,-998.5531789636279,323.7768106232733,-94.25948742040411,-32.875360650143556,-0.056288047349928,0.13778937986971657,2953.0,-998.6093421099112,-324.4678440936948,-998.0932069995275,-323.82915217820624,77.86426938157244,-37.94388541738772,-0.056423642401357436,-0.13614845405193582,6.779752571471967e-05,0.0008204629088903737,323.8029814007398,True,-0.0001315566693027625
-997.98,610.69,3940.0,-997.9791402887074,610.6862005552546,-997.9631342469972,611.0309263690581,-124.57480038352944,-24.653716357033403,-0.0467208874166096,0.18604492522594587,3164.0,-997.9791402887073,-610.6862005552546,-997.5614537434012,-610.0615491195855,108.54177869676708,-33.89971925904615,-0.046481671653387374,-0.18496671417684293,-0.00011960788161111124,0.0005391055245514698,610.5462377443218,True,0.000123089528344047
-995.37,222.8,3625.0,-995.36972496913,222.79836313330165,-996.161530282128,223.04233443219587,-73.73836673406551,-36.6601732183845,-0.06107807124196817,0.10515829237607431,2861.0,-995.36972496913,-222.79836313330165,-993.930855154549,-223.1793417991686,56.695185619501125,-39.105886589465115,-0.05950568020267983,-0.10240583462721085,-0.0007861955196441714,0.0013762288744317286,223.11083811568224,True,0.0022140619341124977
-991.49,675.98,4021.0,-991.4865291791939,675.9840696763464,-991.2859369724081,675.3522913437988,-128.20988500395165,-22.382353089702402,-0.04389364251294501,0.19191211753879678,3197.0,-991.4865291791939,-675.9840696763464,-990.9558129759758,-676.1434215299131,112.53032764254762,-32.66546385842011,-0.04370799027424338,-0.1912337878784186,-9.282611935081467e-05,0.00033916483018908705,675.747856436856,True,8.631084859120638e-05
-990.43,778.88,4136.0,-990.4268993759121,778.8803226379626,-987.9351797737994,778.6262627504293,-133.31649558377677,-19.991646917734812,-0.04135350899154487,0.20008057733355056,3318.0,-990.4268993759121,-778.8803226379626,-991.6866640519339,-779.6455486441528,117.31358289481881,-32.120707546523796,-0.041573395933204554,-0.19885552576641086,0.00010994347082984163,0.0006125257835698505,779.135905697291,True,-8.866170785957531e-05
-988.94,352.85,3534.0,-988.9365818215009,352.8518628762015,-987.0018913689487,353.3944423523286,-99.51142848851995,-31.451891759425184,-0.054385252579261016,0.14628957199369247,2952.0,-988.9365818215009,-352.8518628762015,-988.8954980188993,-353.304991118446,83.22709261770173,-35.88787934143285,-0.0527904173013568,-0.14457100822915592,-0.0007974176389521082,0.0008592818822682757,353.34971673538735,True,0.0014179501370597666
-988.4,251.92,3624.0,-988.4001554034636,251.92287073310567,-988.7010336387917,252.4125722579171,-80.13816272872492,-35.09059577263287,-0.05893970765726305,0.11543525254936646,2862.0,-988.4001554034636,-251.92287073310564,-988.6772427872444,-252.55911201973782,63.92630738128317,-38.020754940788095,-0.057418826295910566,-0.11385018150394402,-0.0007604406806762422,0.0007925355227112185,252.48584213882748,True,0.0018923792602911437
-985.94,89.59,3632.0,-985.93759204092,89.59388707134123,-985.5972035801403,89.7779675455059,-37.626792759474796,-39.186682745462775,-0.06346705095607912,0.047814318389745585,2856.0,-985.9375920409201,-89.59388707134123,-986.0357432243668,-89.5520653886572,19.311798423388087,-40.20151773475911,-0.06288596095748421,-0.04281163478779244,-0.00029054499929745403,0.002501341800976574,89.66501646708156,False,
-982.78,119.33,3631.0,-982.7817853570735,119.33131345276952,-983.7359205466737,118.65433795389389,-45.82463770738007,-37.58776080682242,-0.06127593577955443,0.06088438893416201,2855.0,-982.7817853570735,-119.33131345276952,-982.7660773789254,-119.95439942369762,29.167921798097847,-39.24920935652805,-0.06099797853991139,-0.05845809882697266,-0.0001389786198215219,0.0012131450535946761,119.30436868879576,False,
-982.62,739.83,4058.0,-982.6220497809526,739.8337024523007,-981.2212766852323,741.1064104039169,-131.84833330658714,-20.410612806832248,-0.041560809300103634,0.1978261494857764,3276.0,-982.6220497809526,-739.8337024523007,-984.1002180710615,-740.447435292093,115.76522256947266,-31.748383876883462,-0.041460882639484796,-0.19629832277363424,-4.9963330309418796e-05,0.0007639133560710804,740.7769228480049,True,4.237832648605789e-05
-982.06,635.97,3941.0,-982.0575485743815,635.9740335014288,-981.0369035888433,635.4697762043153,-126.37681562223214,-22.486391654933332,-0.04357078495129456,0.1891202166412878,3163.0,-982.0575485743815,-635.9740335014288,-983.9933432618946,-636.2633999025065,111.00643043371089,-32.19238073245895,-0.04344346463730514,-0.18872316096521258,-6.3660156994709e-05,0.00019852783803761542,635.8665880534109,True,6.29044788005599e-05
-980.58,280.83,3623.0,-980.5785972133714,280.8302239557853,-979.1961095063249,281.1179012681693,-87.11089244798889,-33.00011688068927,-0.05596416055208157,0.12664910311400318,2863.0,-980.5785972133714,-280.8302239557853,-981.0530656841265,-281.13723264292815,70.41240272688829,-36.91220998059558,-0.05530452672739396,-0.12407974976998291,-0.0003298169123438048,0.0012846766720101335,281.12756695554873,True,0.0007371389437683994
-978.73,148.96,3633.0,-978.7292580854588,148.9598582420348,-977.9121395008591,148.5536782244252,-55.351817791431266,-36.60760169268976,-0.06008214050839822,0.07611869066367036,2854.0,-978.7292580854588,-148.9598582420348,-977.6897389125743,-148.91431425838314,37.373825051653775,-39.24907592964628,-0.060643094893109054,-0.07145602970086457,0.0002804771923554175,0.0023313304814028962,148.73399624140416,True,-0.0011848603671928775
-978.46,380.95,3535.0,-978.457230672025,380.94809061817267,-979.4223265166353,381.4279005292761,-103.38805066606265,-29.788028379852452,-0.05208045676614634,0.15255223453936803,2951.0,-978.457230672025,-380.94809061817267,-979.1324035811413,-381.4430731744838,88.2674064647444,-34.378533935583576,-0.050043613152037196,-0.15247334851135413,-0.001018421807054571,3.9443014006948496e-05,381.43548685187994,True,0.0016775924514546847
-974.33,700.49,4020.0,-974.3256068590276,700.492406681748,-973.1869639140295,701.7089418823725,-130.06100877990352,-20.655810641783926,-0.04146855404661721,0.195079930163011,3198.0,-974.3256068590276,-700.492406681748,-975.561562320609,-701.0929517153623,114.15378613207172,-31.17491031681926,-0.04103014441403089,-0.19362906934339677,-0.0002192048162931587,0.0007254304098071179,701.4009467988674,True,0.00019636478782671628
-973.78,178.45,3634.0,-973.7837078776723,178.45248743576676,-972.7510929389518,178.56672066822594,-63.57576864863776,-35.688290256676616,-0.05898657983215725,0.08927072216759203,2853.0,-973.7837078776723,-178.45248743576676,-972.3132106708549,-178.37788002746595,45.52874246780096,-38.31983122059896,-0.058803316514585764,-0.08436913767820858,-9.163165878574298e-05,0.0024507922446917255,178.47230034784593,True,0.000322592744662868
-971.91,309.5,3622.0,-971.9117924846045,309.49550502287286,-970.8364296885615,309.71083068254757,-92.42383233909855,-31.23825615496055,-0.05351024894752763,0.1352072903461431,2864.0,-971.9117924846045,-309.49550502287286,-971.781072783233,-309.8908726068624,76.31876035893283,-35.21691577114765,-0.052254237144528363,-0.13336645605255062,-0.0006280059014996328,0.0009204171467962347,309.80085164470495,True,0.0012736819257197821
-971.61,802.23,4135.0,-971.6108468791881,802.2296193900514,-972.4428180497752,801.5190529986916,-133.57940706741934,-18.675999707388332,-0.03953995880373798,0.20068874848946458,3319.0,-971.6108468791881,-802.2296193900514,-973.0653980161275,-803.0211395784436,119.01778703291968,-30.4087871618098,-0.03856250979112042,-0.20133979675261232,-0.000488724506308779,-0.0003255241315738705,802.2700962885676,True,0.0003827572100099072
-967.95,207.78,3635.0,-967.9496472071384,207.78229104419904,-968.2662388959474,207.92817450432247,-70.40396695188502,-34.382106993744024,-0.057267313531942504,0.10019306317712169,2852.0,-967.9496472071384,-207.78229104419904,-967.2845287674676,-207.89735115751333,54.228868161573,-37.12017234935363,-0.056532475958664764,-0.09815423164420757,-0.0003674187866388699,0.0010194157664570602,207.9127628309179,True,0.001110350461586864
-967.18,408.73,3536.0,-967.1798357705926,408.73361163326103,-966.2027234300875,408.0127062064028,-107.71446078094444,-27.417837614055504,-0.04863376439557933,0.15959983021599544,2950.0,-967.1798357705926,-408.73361163326103,-967.8903180994507,-409.10558251847823,91.92695803746301,-33.31378219486164,-0.04801022612354372,-0.15816002421842615,-0.0003117691360178046,0.0007199029987846467,408.5591443624405,True,0.00047946626129639723
-965.5,660.85,3942.0,-965.4953333823203,660.8470028811222,-963.6853495938609,661.1112571195497,-127.9448089169264,-20.729771212749537,-0.04108906720733546,0.19182825948818807,3162.0,-965.4953333823204,-660.8470028811222,-964.8774369706301,-660.7635543581918,112.20508504202176,-30.9827609642533,-0.041218242256636964,-0.19039676703918593,6.45875246507513e-05,0.0007157462245010737,660.9374057388707,True,-6.1399972582734e-05
-964.31,763.54,4059.0,-964.3149643199777,763.5421727636007,-962.8856751456806,763.0747035893165,-132.50333238578105,-18.718502475328563,-0.0391367771556089,0.1990931685121468,3275.0,-964.3149643199777,-763.5421727636007,-963.7200138223594,-763.4575109936691,117.22345685535477,-30.037235353967972,-0.03845570140874579,-0.19836957891293874,-0.00034053787343155464,0.0003617947996040344,763.2661072914927,True,0.0002803298276240877
-962.41,337.89,3621.0,-962.4072118949019,337.8940048190876,-960.5681362942408,338.2686756229973,-97.43707192284234,-29.53014947588891,-0.051141459886739966,0.14331186446334182,2865.0,-962.4072118949019,-337.8940048190876,-962.0224497830026,-338.4558706871626,81.7140712446108,-33.70995162478053,-0.04950599445841515,-0.14183384643114086,-0.0008177327141624079,0.0007390090161004809,338.36227315507995,True,0.0015184808066561447
-961.23,236.92,3636.0,-961.2323992517917,236.92250764468204,-961.1685650337894,236.4975841084414,-77.7421036303546,-32.56068733899314,-0.054718322901319026,0.11195899545098195,2851.0,-961.2323992517917,-236.92250764468204,-962.3152234637099,-237.16761610863594,61.53007727337166,-36.06352941749094,-0.05449230436099308,-0.10971360790386855,-0.00011300927016297257,0.0011226937735566989,236.83260010853866,True,0.0002998143775551437
-957.1,74.58,3730.0,-957.0989220726041,74.57649339744566,-956.3050972792639,74.58216770775186,-33.360528793937874,-36.707022647051964,-0.05933444678921603,0.04138308803444424,2757.0,-957.0989220726041,-74.57649339744566,-956.2459718047602,-74.6200616957601,13.540143574878622,-38.66408538438885,-0.06062193321931144,-0.03326092627577971,0.000643743215047704,0.004061080879332265,74.60111470175599,False,
-956.56,724.57,4019.0,-956.5590086675071,724.5652923905727,-955.8181961237118,724.1673424178962,-130.80869353382968,-18.785372906701866,-0.038766707355860866,0.19648262223555835,3199.0,-956.559008667507,-724.5652923905727,-955.9077016344472,-724.5687714849297,115.70732055943326,-29.827906584243976,-0.03859881366216446,-0.19586089587854477,-8.394684684820408e-05,0.00031086317850678724,724.3680569514129,True,7.281568943287486e-05
-955.11,436.19,3537.0,-955.1135951222441,436.185763651981,-956.5729581393707,436.39495187903213,-110.21140569056116,-26.012019315660538,-0.04674393167556189,0.16369177694020068,2949.0,-955.1135951222441,-436.185763651981,-954.4450971359347,-435.5245707132544,95.56254692980288,-31.86544692725614,-0.04538157632090773,-0.16378158039470123,-0.0006811776773270779,-4.490172725027386e-05,435.95976129614326,True,0.000981734085053064
-954.32,104.31,3729.0,-954.3166377024505,104.30606408205567,-954.9434148357227,104.03218087182,-41.88132652402533,-35.7852444885371,-0.0582280647978668,0.0549610353006853,2758.0,-954.3166377024505,-104.30606408205567,-954.4041928335323,-104.52962205066687,23.697392638632632,-38.22702000061194,-0.0595600204822392,-0.04940413402580462,0.0006659778421861974,0.002778450637440342,104.28090146124345,False,
-953.64,265.85,3637.0,-953.6380930370411,265.8465487996333,-951.9020147178535,266.10648820125084,-84.6949726002526,-31.02925322498086,-0.052643589253835256,0.12313831729360344,2850.0,-953.6380930370411,-265.8465487996333,-953.1952618064242,-265.35941900488996,68.24949016972404,-35.210985250521,-0.05279017393196602,-0.12029619375216703,7.329233906538252e-05,0.0014210617707182058,265.7329536030704,True,-0.00017329779453409684
-952.24,825.12,4134.0,-952.2444636863655,825.1245247710591,-953.3949580440193,824.3477510208836,-134.75594477726904,-16.599063280198976,-0.03651399426034616,0.20279454503677014,3320.0,-952.2444636863655,-825.1245247710591,-951.0468064244898,-824.9823451584261,119.61270878698025,-29.272657427286106,-0.03648534486973836,-0.20201698303785,-1.4324695303900847e-05,0.0003887809994600616,824.6650480896549,True,1.0914093579179944e-05
-952.07,366.0,3620.0,-952.0730482743623,366.0012441912788,-950.7833547714577,366.56397412861475,-102.23415194470734,-27.572314840531718,-0.04837200104017673,0.15106648839607115,2866.0,-952.0730482743622,-366.0012441912788,-951.4617438132407,-365.88754682792984,86.47153345469829,-32.527697142246595,-0.047288423016037015,-0.1492762460247146,-0.0005417890120698564,0.000895121185678277,366.22576047827226,True,0.0009295252075613153
-950.61,133.93,3728.0,-950.6111136188825,133.9347253861662,-950.7755255079727,134.04489998391875,-50.62042906339256,-34.910614614559094,-0.05720361307642084,0.06892079300148354,2759.0,-950.6111136188825,-133.9347253861662,-951.1209429784626,-134.39105706094674,34.23055268917063,-36.33005266830589,-0.056175191019577984,-0.06612796903811312,-0.0005142110284214289,0.0013964119816852125,134.21797852243276,True,0.002407191059003491
-948.3,685.29,3943.0,-948.3032987065577,685.2888833639878,-947.5993668048146,686.2666090075145,-129.2242477306048,-18.920040941272966,-0.038516868935780504,0.19406155419881307,3161.0,-948.3032987065577,-685.2888833639878,-947.5839797264716,-684.9791151783232,114.13501956350926,-29.17825661815212,-0.03804971707509056,-0.19325656072685654,-0.00023357593034497096,0.00040249673597826663,685.6228620929189,True,0.00021405366343449434
-945.99,163.43,3727.0,-945.9859346771341,163.43381349350273,-946.1006599642396,163.4292763907598,-59.63001146866736,-33.786037217403965,-0.0557736622206378,0.08331724170290537,2760.0,-945.9859346771341,-163.43381349350273,-946.4581940507102,-163.4620262862769,42.91540985278817,-36.147931030058366,-0.0555293040584331,-0.07989324395485892,-0.00012217908110235057,0.001711998874023228,163.44565133851836,True,0.00046968139007689744
-945.44,786.8,4060.0,-945.4359819275945,786.797816517436,-943.6880838685032,786.5432249717254,-133.76120419714883,-16.646963362575566,-0.036127238604271514,0.20133024605725683,3274.0,-945.4359819275945,-786.797816517436,-944.2665556753324,-786.877231421178,118.32052515938909,-28.84364016487886,-0.03626921498408315,-0.19987737137373157,7.098818990581776e-05,0.0007264373417626285,786.7102281964517,True,-5.66958374015354e-05
-945.17,294.53,3638.0,-945.1736578434601,294.5280233166512,-944.7082382784323,293.9334065682003,-89.6369977980466,-28.980045682569322,-0.049722969670196716,0.13109189666963267,2849.0,-945.1736578434601,-294.5280233166512,-944.9395133853092,-295.1449186247142,74.6945238215849,-33.04883780423328,-0.04898422718847311,-0.13045267546609715,-0.000369371240861803,0.0003196106017677586,294.53916259645723,True,0.0007879522481895886
-942.27,463.28,3538.0,-942.2683501259262,463.2821563053824,-941.5740180384406,462.546776530519,-113.81679871117292,-23.775390143667764,-0.04350450647673191,0.16961362976290312,2948.0,-942.2683501259262,-463.2821563053824,-942.7072206529593,-463.51761136884187,99.31315152953285,-29.943496656231304,-0.04197986745132004,-0.16960709955615424,-0.0007623195127059341,3.2651033744363067e-06,463.03219394968045,True,0.0010344409793092602
-940.92,393.79,3619.0,-940.9182095433247,393.7929950491553,-940.0064910711131,394.36749388497174,-106.02631165062132,-25.87067322008508,-0.046004263239699104,0.15723388197534408,2867.0,-940.9182095433247,-393.7929950491553,-940.048229318642,-393.3045132730165,90.63490185113214,-31.16535494293795,-0.04478441321975452,-0.15576267162438762,-0.0006099250099722911,0.0007356051754782295,393.8360035789941,True,0.0009730628551766217
-940.45,192.77,3726.0,-940.4455754391183,192.77478994148976,-940.6237310560331,192.7875885520166,-67.1233979241274,-32.364114125962146,-0.05387015178621801,0.09531041245150336,2761.0,-940.4455754391183,-192.77478994148976,-940.128199095045,-193.61413242515005,51.06247892073052,-34.79038595848322,-0.052999431946436935,-0.09278218381710486,-0.0004353599198905385,0.0012641143171992497,193.20086048858332,True,0.0014158565573018022
-938.2,748.19,4018.0,-938.1977789616359,748.1877622304801,-937.6873874521567,749.3024021953946,-132.18904101103172,-17.027165467590567,-0.03627626170190981,0.19890156099929804,3200.0,-938.1977789616359,-748.1877622304801,-939.4474857817222,-749.0201909421743,117.17745029177856,-28.4954457221102,-0.03617868046456528,-0.1979990922004381,-4.879061867226614e-05,0.00045123439942997,749.1612965687845,True,4.0920493326851634e-05
-935.85,322.94,3639.0,-935.8468168842938,322.9407613286608,-934.4095388191968,323.2840716429082,-95.59714684850042,-27.433552748631314,-0.04762110652018094,0.1407038963919576,2848.0,-935.8468168842938,-322.9407613286608,-935.3482253789945,-323.46999890119787,80.05173418393184,-31.786985184830332,-0.04662902988044599,-0.138861476325593,-0.000496038319867477,0.0009212100331822959,323.37703527205304,True,0.0009637977788272251
-934.0,221.93,3725.0,-933.99539584458,221.92926923037083,-934.0752124440274,221.90696087307288,-74.55697074195601,-30.786936217651636,-0.0517166193466227,0.10722151056919904,2762.0,-933.99539584458,-221.9292692303708,-933.7815221874124,-222.3950307116419,59.07085026910463,-33.8333977563971,-0.051123859037495195,-0.10545017509928906,-0.000296380154563753,0.0008856677349549924,222.15099579235738,True,0.0008382638240501883
-932.34,847.55,4133.0,-932.3387191224334,847.5520708635783,-931.1303589487857,848.9228022407093,-136.0291975740971,-15.061902293770137,-0.034368496552755236,0.2050936637420791,3321.0,-932.3387191224334,-847.5520708635783,-931.9850501037872,-847.0405071722856,121.09845837453803,-27.47872841739319,-0.03336007246316816,-0.2041481781358839,-0.0005042120447935373,0.00047274280309760053,847.9816547064975,True,0.0003735997935764606
-930.49,709.28,3944.0,-930.492659389909,709.2837308309664,-929.508384619837,708.8275079776786,-130.09588578630118,-17.03967112583223,-0.03580047014372982,0.19567036901835172,3160.0,-930.492659389909,-709.2837308309664,-931.9228800441015,-710.234948705866,115.64124824836084,-27.912692007460976,-0.03572620093110958,-0.1954619970701271,-3.713460631012133e-05,0.00010418597411231134,709.5312283417722,True,3.288419218713566e-05
-928.95,421.25,3618.0,-928.9523110338533,421.2453012495962,-927.6701648158805,421.858269931298,-109.40042123533858,-24.03833003316046,-0.04342467727174094,0.16275502681773368,2868.0,-928.9523110338534,-421.2453012495962,-929.0315539461228,-421.04115317342564,94.68827011507503,-29.470748629707845,-0.041747673629910664,-0.16207888665375586,-0.0008385018209151364,0.00033807008198891153,421.4497115523618,True,0.0012500808938299035
-928.65,490.0,3539.0,-928.6545775477051,490.0006893869573,-927.4442482903846,490.8297835120299,-116.99335483746002,-22.052598403178777,-0.04110897948177543,0.17484232276475428,2947.0,-928.6545775477051,-490.0006893869573,-929.317526049451,-490.08602523074705,101.92480303626633,-28.765092650091244,-0.039778996582165056,-0.17359968879889545,-0.0006649914498051863,0.0006213169829294152,490.4579043713885,True,0.0008519109325337938
-926.64,250.87,3724.0,-926.6416360256982,250.86904628434618,-927.1205186960775,250.43576269671257,-81.50654132175885,-28.93013805991187,-0.049110824757314625,0.11836726961627206,2763.0,-926.6416360256982,-250.86904628434618,-926.4490661564068,-251.36003980270138,65.71731239141536,-32.48781948912091,-0.04862757103141067,-0.11593854771758812,-0.00024162686295197897,0.0012143609493419708,250.897901249707,True,0.0006051012573472224
-926.0,809.59,4061.0,-925.9962989789477,809.5868417145199,-925.0146035254421,810.9344706611291,-134.48400367689558,-15.153681293581903,-0.03404932530140927,0.20270931076508344,3273.0,-925.9962989789477,-809.5868417145199,-927.2239733779901,-810.2657643312332,120.2764749740245,-26.96237373569134,-0.03298864774126272,-0.20278164214507455,-0.0005303387800732751,-3.6165689995551475e-05,810.6001174961812,True,0.00041108023041948875
-925.67,351.06,3640.0,-925.6660802585607,351.05883817211026,-927.211070818274,351.5745129439012,-99.98578431021616,-26.02786053152309,-0.0457303501391148,0.14777678928898041,2847.0,-925.6660802585607,-351.05883817211026,-926.2879440366255,-351.6470055261716,85.56038157447968,-30.257078135183164,-0.04384902415050132,-0.1475177999253497,-0.0009406629943067395,0.00012949468181536194,351.6107592350364,True,0.0016809382959993107
-919.25,771.35,4017.0,-919.2533317427736,771.3451316238471,-918.6510214840779,770.8118880250814,-133.00590796546274,-15.150593106286937,-0.03355303011762243,0.20043478299333123,3201.0,-919.2533317427736,-771.3451316238471,-919.3774040291601,-770.9152110100863,118.53110914990624,-26.804753439336906,-0.033219712407278376,-0.19990770943900885,-0.00016665885517202703,0.0002635367771611913,770.8635495175838,True,0.00013584096313589734
-918.39,279.57,3723.0,-918.391410270163,279.56612373816193,-918.4969292517629,279.02598774216455,-87.08183310980081,-27.11514708291955,-0.04657232061126464,0.12734623495471187,2764.0,-918.391410270163,-279.56612373816193,-917.6068832014133,-279.3152280704164,72.54622293808539,-31.393951453263423,-0.046544259549125055,-0.12669880643716772,-1.4030531069793989e-05,0.00032371425877207594,279.17060790629046,True,3.157797567974916e-05
-916.19,448.33,3617.0,-916.1856672014397,448.3344992465475,-915.6562378096452,448.9408443256161,-112.83413448145488,-22.178528142929977,-0.04079639018560454,0.16836708541864753,2869.0,-916.1856672014397,-448.3344992465475,-916.6169270086772,-448.63436097913444,98.22714087989827,-27.85355310291494,-0.038835893742140526,-0.16755913280630053,-0.0009802482217320073,0.00040397630617350355,448.7876026523753,True,0.0013723822110447655
-914.64,378.86,3641.0,-914.6407371861739,378.8565980414389,-913.2802616763083,379.3774114457361,-104.23631155268812,-23.905335952785762,-0.04269274869739887,0.1547123237444738,2846.0,-914.6407371861739,-378.8565980414389,-914.0462923001718,-378.1631373392272,89.84111708721122,-29.178371486585363,-0.041807466850840726,-0.15418087891784052,-0.00044264092327907234,0.0002657224133166408,378.7702743924816,True,0.0007342695912355574
-914.28,516.32,3540.0,-914.2833809757662,516.3195708778836,-915.9792061381912,516.2400081943362,-118.05558462779152,-20.39641138275819,-0.038784274304257904,0.1766733260432634,2946.0,-914.2833809757662,-516.3195708778836,-914.4000442487724,-516.9013767041704,104.73459931223346,-27.09116795960445,-0.03678645581160037,-0.17788892446799376,-0.0009989092463287656,-0.0006077992123651732,516.5706924492533,True,0.0012149996102141056
-912.08,732.82,3945.0,-912.0750338082184,732.8158927750798,-911.2731583057722,733.9182097644207,-131.64869169102025,-15.346760432303318,-0.03341340423694188,0.1983650626942984,3159.0,-912.0750338082184,-732.8158927750798,-911.5310100654086,-732.746991344402,116.89476839277656,-26.344965880551882,-0.032955382930527466,-0.19720729766420098,-0.00022901065320720532,0.0005788825150487148,733.3326005544113,True,0.00019621606489760146
-911.9,869.5,4132.0,-911.9048880123886,869.499554467461,-909.569497073912,869.2420615082027,-137.1278235979073,-12.734042837020263,-0.030912442576111875,0.20710623665552222,3322.0,-911.9048880123886,-869.499554467461,-910.3835700397153,-869.7761564284974,122.06914456790462,-26.355428425275406,-0.03129384212031823,-0.20542852045422094,0.0001906997721031773,0.0008388581006506385,869.5091089683501,True,-0.00013780212234726496
-909.25,307.99,3722.0,-909.2527001385602,307.99273902275286,-908.9306545529712,307.3326843391637,-92.6157309817291,-25.29071307493768,-0.04401531504940077,0.1362708648702548,2765.0,-909.2527001385602,-307.99273902275286,-908.6805561512434,-307.6475544484401,78.36737992591576,-30.099781203398262,-0.04413753839191817,-0.13585414504321863,6.111167125870051e-05,0.0002083599135180858,307.4901193938019,True,-0.00012487424171769856
-906.01,831.9,4062.0,-906.0074443784279,831.8957330885102,-905.0816820135575,833.3153554585934,-135.78135829385147,-13.323577890334937,-0.03141072336039049,0.20501823271639394,3272.0,-906.0074443784279,-831.8957330885102,-907.6825277447209,-832.5310364922769,121.21481853719224,-25.883056100926215,-0.030998178189751518,-0.20403573875451142,-0.000206272585319486,0.0004912469809412595,832.9231959754352,True,0.0001556024473343597
-902.78,406.31,3642.0,-902.7808475321693,406.3086773982291,-903.9519231170328,406.63548799233854,-107.6590997441591,-22.073870169300807,-0.04011170929592559,0.16027410425203178,2845.0,-902.7808475321693,-406.3086773982291,-902.9160918735574,-406.5440299678531,94.03073272453803,-27.377465913537975,-0.038593656588843075,-0.1607125480385245,-0.0007590263535412582,-0.00021922189324635744,406.5897589800958,True,0.0011729521285276639
-902.63,475.04,3616.0,-902.629282734072,475.0372384887048,-901.8093729371734,475.7823925549239,-115.65739316654907,-20.345476172250944,-0.03820772507780332,0.17303002335068665,2870.0,-902.6292827340719,-475.0372384887049,-903.0226447931248,-475.45146429739907,101.31098092406133,-26.38078360023271,-0.03616347994145635,-0.1723007278681398,-0.0010221225681734843,0.00036464774127342725,475.6169284261615,True,0.001350285307071725
-899.74,794.02,4016.0,-899.7374435612807,794.0230051162315,-898.8634606237856,795.2711250429476,-134.15209645807144,-13.312535480370675,-0.0309272221613004,0.20250133635750614,3202.0,-899.7374435612807,-794.0230051162315,-899.6490253353135,-793.5792310489383,119.32259952810806,-25.514711235484203,-0.03088898083331334,-0.20092579258136295,-1.912066399353124e-05,0.000787771888071595,794.4251780459429,True,1.512271745505093e-05
-899.23,336.12,3721.0,-899.2343467427281,336.121391223735,-897.8440248371534,336.4710308126596,-98.63369276583192,-23.82936686838704,-0.04204636686475394,0.14598452617639524,2766.0,-899.2343467427281,-336.121391223735,-898.615644218609,-335.5735979780602,83.26122087175666,-28.724867153478197,-0.04160728522070599,-0.1435196701121924,-0.0002195408220239739,0.0012324280321014125,336.0223143953599,True,0.0004105131142106703
-899.17,542.22,3541.0,-899.1664817641682,542.21733472091,-898.1089788067916,541.5594543251883,-120.93352981170666,-18.16408460650146,-0.03554150246375267,0.18147257425226437,2945.0,-899.1664817641682,-542.21733472091,-897.6919222843377,-541.6278975123632,107.06380075957709,-25.719115516456252,-0.034299941496986695,-0.18139133978958663,-0.0006207804833829877,4.061723133887141e-05,541.5936759187757,True,0.0007201854426307584
-893.06,755.87,3946.0,-893.062436291368,755.8700185119967,-894.7055596312015,755.2240065981836,-131.90816148410607,-13.459044295662812,-0.030669942209751614,0.1989809246273286,3158.0,-893.062436291368,-755.8700185119966,-894.4890511503963,-756.5537316489175,118.47390731269917,-24.946304697413492,-0.030437784017800652,-0.19951186290504627,-0.00011607909597548087,-0.0002654691388588315,755.8888691235505,True,9.648858451236412e-05
-890.95,890.95,4131.0,-890.9545442950499,890.9545442950499,-893.2311270163974,889.8622544869444,-137.10540705346975,-11.36368058778663,-0.028983978262195082,0.20727065519182888,3323.0,-890.9545442950499,-890.9545442950499,-892.435681122186,-891.8876434385319,123.80682302270357,-24.368812757976844,-0.027861246304026907,-0.20797431430141303,-0.0005613659790840875,-0.00035182955479207134,890.8749489627381,True,0.0003959216134473605
-890.1,433.39,3643.0,-890.0972326277719,433.3900281136869,-889.5990631858886,432.5768420491841,-111.19794104574974,-19.810428700304158,-0.03682703337339477,0.1660821241978877,2844.0,-890.0972326277719,-433.3900281136869,-890.4418707348785,-433.97382284388004,97.67138462386886,-25.7443948260473,-0.035658611299689405,-0.16635405404920722,-0.0005842110368526818,-0.00013596492565975948,433.27533244653205,True,0.0008471994429772673
-888.35,363.92,3720.0,-888.3460421925516,363.92486768676446,-886.9184426026536,364.3679588810407,-102.8988269634212,-21.828389089723714,-0.03920336474107636,0.15290650339058637,2767.0,-888.3460421925516,-363.92486768676446,-888.7840072388531,-364.1787419798286,88.90257070409284,-26.558610143598486,-0.03780925368684929,-0.15237774943609395,-0.0006970555271135354,0.00026437697724621123,364.2733504304347,True,0.001202319368428376
-888.29,501.33,3615.0,-888.2948430663297,501.330501547397,-887.4482455189067,500.52489929342545,-117.35448894909898,-18.33833960223413,-0.03531628882080145,0.1759069155155063,2871.0,-888.2948430663297,-501.330501547397,-888.5952507374478,-502.0058728043311,103.98024247852084,-24.938868159699314,-0.033543389122054415,-0.1763722976725157,-0.0008864498493735169,-0.00023269107850469595,501.26538604887827,True,0.0011111337076428684
-885.48,853.71,4063.0,-885.4812727223347,853.71126012138,-886.4619664350344,852.8884289585031,-135.6418520476968,-11.4066670502812,-0.028599575903934537,0.20502423678127127,3271.0,-885.4812727223347,-853.71126012138,-883.9575683985264,-854.4272613721413,122.14581811488601,-23.98037253322562,-0.027701800768279498,-0.20522691166909918,-0.0004488875678275196,-0.00010133744391395416,853.6578451653222,True,0.00033039510931961676
-883.32,567.67,3542.0,-883.3162094727403,567.6728583283773,-881.728216298935,568.6465703085062,-123.02087322179777,-16.395681148210084,-0.033058736120673116,0.18499529922276603,2944.0,-883.3162094727403,-567.6728583283773,-883.53099410127,-568.2195593388196,109.19710667045469,-24.291381539367507,-0.03170196493726612,-0.18461317309473482,-0.0006783855917034988,0.00019106306401560358,568.4330648236629,True,0.0007498547579592376
-879.66,816.21,4015.0,-879.6622461957916,816.2072853251034,-878.5528090799007,816.4700567427665,-135.0479992180679,-11.499908176366732,-0.028301958948564968,0.20417595388378593,3203.0,-879.6622461957917,-816.2072853251034,-881.2483728739711,-817.0749283551932,121.3189046258352,-23.647521145831757,-0.027629504341216398,-0.2038776585320899,-0.0003362273036742851,0.0001491476758480187,816.7724925489798,True,0.0002586495595273969
-876.6,391.38,3719.0,-876.5983202194742,391.3762703440211,-875.1974368380124,391.9485375829108,-106.43932912671806,-19.979168403378033,-0.03659801720920545,0.15868493443336829,2768.0,-876.5983202194742,-391.3762703440211,-876.9475643485356,-391.66098368698357,92.75527319811015,-25.10751267156301,-0.035163186062403665,-0.15836455530298132,-0.0007174155734008918,0.00016018956519348038,391.8047606349472,True,0.0011504849973311528
-876.6,460.08,3644.0,-876.601465396678,460.0759403233307,-875.2334440970268,459.3964286950449,-113.75249917722512,-17.917790783797745,-0.03414326532450453,0.170323765085542,2843.0,-876.601465396678,-460.0759403233307,-876.0313358351355,-459.2583627767899,100.89207657178378,-24.53217316676637,-0.03341964153310114,-0.1713034590561038,-0.0003618118957016969,-0.0004898469852809006,459.32739573591743,True,0.0004949261045911375
-873.47,778.43,3947.0,-873.4672692859962,778.4310691937116,-871.7284479004771,778.1419942669714,-133.54176767942582,-11.234886938304115,-0.027410761806608928,0.20186228970185374,3157.0,-873.4672692859962,-778.4310691937116,-873.1683105181763,-777.8102610236807,119.42535878649676,-23.13533055696477,-0.027295201016577883,-0.20076503042460508,-5.778039501552236e-05,0.0005486296386243289,777.9761276453261,True,4.666530451305473e-05
-873.19,527.19,3614.0,-873.1947043066851,527.1916239573243,-874.5637124101204,527.1181829996236,-119.669450169438,-16.557810560744723,-0.03280817606218285,0.17974908725577407,2872.0,-873.1947043066851,-527.1916239573243,-873.8093003139594,-527.5027582035004,106.40262060543203,-23.409473337512406,-0.03079702199937583,-0.18004654906816447,-0.0010055770314035106,-0.0001487309061952019,527.310470601562,True,0.0011981986289299159
-869.5,911.9,4130.0,-869.499554467461,911.9048880123886,-867.282400767127,911.7125932684297,-138.52202002954104,-8.993017488931256,-0.025478551262588543,0.20984305811413734,3324.0,-869.499554467461,-911.9048880123886,-869.0204425991205,-912.0947662031746,124.31437399742428,-23.201161258375986,-0.02575539514002754,-0.20849534097543404,0.00013842193871949765,0.0006738585693516486,911.9036797358021,True,-9.537528040303997e-05
-866.75,592.67,3543.0,-866.7454918109125,592.6653798101078,-865.6549505253593,593.791927608954,-124.38474401697142,-14.740227365995096,-0.030731954104364433,0.1873628158605477,2943.0,-866.7454918109125,-592.6653798101078,-865.9039264148009,-591.9470357547733,110.81972509231815,-22.82725254154943,-0.029081141504035214,-0.18697977230090013,-0.0008254063001646092,0.00019152177982378893,592.8694816818636,True,0.0008747592679143272
-864.43,875.02,4064.0,-864.429957268389,875.0204848899089,-862.4178569523141,874.4691563119055,-137.2021996653044,-9.155268052720471,-0.025280661693027125,0.2078020747006507,3270.0,-864.429957268389,-875.0204848899089,-865.1013642854459,-876.1114447245922,123.40104116781357,-22.783797009220123,-0.025531826068751453,-0.20699372978444094,0.00012558218786216414,0.00040417245810488167,875.2903005182488,True,-9.014793802145707e-05
-864.0,418.45,3718.0,-864.0025459857887,418.4490417363565,-863.0579618449623,419.1808659798266,-109.94123004740213,-18.384670596382037,-0.0343938087189685,0.16440705467172467,2769.0,-864.0025459857887,-418.4490417363565,-863.5801096418089,-417.7100360012837,96.18173196171283,-23.99468708822997,-0.033073047101531465,-0.16365422294311385,-0.0006603808087185178,0.00037641586430540996,418.4454509905552,True,0.0009915975868924475
-862.31,486.34,3645.0,-862.3058597955605,486.3420649730383,-861.4919066958668,487.1281457718551,-116.90409199257574,-16.47692037814722,-0.03218967843706724,0.1755079730730583,2842.0,-862.3058597955605,-486.3420649730383,-862.8706414526822,-486.69755724748666,103.49703256591225,-22.878708630836694,-0.03045202392161503,-0.17528819661906353,-0.0008688272577261069,0.00010988822699738166,486.9128515096709,True,0.0011211457334297495
-859.04,837.88,4014.0,-859.0402191116623,837.8841817032873,-857.4736645421227,837.5248614857192,-135.86423979453673,-9.29866131261027,-0.025056423377730723,0.20573319682005428,3204.0,-859.0402191116623,-837.8841817032873,-858.5168249507389,-837.6899651679743,121.72921636925052,-22.250899679746677,-0.025154240445080314,-0.20425229730309202,4.890853367479561e-05,0.0007404497584811293,837.6074133268467,True,-3.668799670249102e-05
-857.34,552.6,3613.0,-857.3418825866926,552.5983137530422,-856.0980187222686,553.5955676636277,-121.9438546118917,-14.783745008824937,-0.030308930854284995,0.18359506320147867,2873.0,-857.3418825866926,-552.5983137530422,-856.1870157511898,-552.0115245205669,108.46458917811168,-21.99207514282151,-0.028241004513045117,-0.18311245433562162,-0.001033963170619939,0.0002413044329285241,552.8035460920973,True,0.0011752063183620906
-853.3,800.48,3948.0,-853.3023152650363,800.4843276188038,-852.5349936173399,801.7174239483487,-134.62157071290096,-9.579856157342796,-0.025065426156744734,0.20381591131919052,3156.0,-853.3023152650363,-800.4843276188038,-854.6837753722498,-801.4405507623509,121.00866300097573,-21.687509310307746,-0.024701522418027023,-0.2030585577456669,-0.00018195186935885538,0.0003786767867618168,801.5789873553498,True,0.00014262316380589062
-850.57,445.12,3717.0,-850.5709050895824,445.116990705914,-849.4519748129633,445.7990561455121,-113.1306674962916,-16.34563017166312,-0.03147456734421854,0.16964983418251928,2770.0,-850.5709050895824,-445.116990705914,-850.870629640845,-445.6337042640232,100.08140039739594,-21.963740710048587,-0.029498715141439594,-0.1697050853659226,-0.0009879261013894716,-2.7625591701663232e-05,445.7163802047677,True,0.001392662024666407
-849.47,617.17,3544.0,-849.4678440936947,617.1745149070967,-851.4500910674739,616.7992168393977,-125.32420013871608,-12.898058406851332,-0.028081820792821295,0.18903197324489973,2942.0,-849.4678440936947,-617.1745149070967,-850.425386985727,-617.4560414794241,113.21712843127341,-20.9469072161997,-0.02577607087046976,-0.19060579296822822,-0.0011528749611757674,-0.0007869098616642423,617.1276291594108,True,0.0011737810259672694
-847.55,932.34,4129.0,-847.5520708635778,932.3387191224341,-848.9041711955638,931.4494607573885,-138.28087014455886,-7.574043434187092,-0.023461900793965956,0.2096843338309063,3325.0,-847.5520708635778,-932.3387191224341,-847.04027052019,-932.2085492762817,125.53082727767385,-21.117300242645708,-0.022192494370699884,-0.2101621959302059,-0.0006347032116330361,-0.00023893104964980982,931.829005016835,True,0.000427970998142555
-847.22,512.16,3646.0,-847.223459578433,512.1644360358803,-848.2417209431723,512.1601524263431,-118.67904697762701,-14.627409790431173,-0.02955265722011143,0.17849517633487133,2841.0,-847.223459578433,-512.1644360358803,-846.4208637401449,-511.5333325540958,105.86929553969757,-21.36878077332462,-0.027744736032854673,-0.17886231042360354,-0.0009039605936283779,-0.0001835670443661036,511.8467424902194,True,0.0011096587022361858
-842.87,895.81,4065.0,-842.8659827162534,895.8107697386566,-841.1825498996305,897.0871212277117,-137.8202624197616,-7.881048189096769,-0.023529679396930528,0.20904582035515917,3269.0,-842.8659827162534,-895.8107697386566,-842.3005012159193,-895.962003673103,124.34363807096373,-21.144798432050205,-0.022680169559064656,-0.20821467779778943,-0.0004247549189329361,0.0004155712786848703,896.5245624504073,True,0.00029768441128898913
-840.75,577.53,3612.0,-840.7500428412428,577.5286706843636,-839.9156928673842,577.0265012478953,-123.32092064546406,-12.723112068428046,-0.02731628967861036,0.18598491636928177,2874.0,-840.7500428412428,-577.5286706843636,-841.159625437555,-577.9376324880923,110.49685966367933,-20.401569840091074,-0.025392120362684057,-0.18616287322890837,-0.0009620846579631512,-8.897842981329951e-05,577.4820668679938,True,0.0010467781657640257
-839.46,29.98,2572.0,-839.464773551873,29.981560424743808,-839.4636384844738,29.8204331234065,-17.87851142509381,-26.429847324058702,-0.04242961850334193,0.018173646277641783,2573.0,-839.464773551873,-29.981560424743808,-839.3771514337681,-30.08470714724109,1.340027759828603,-26.77563037061944,-0.04224629268659374,-0.012412549620651409,-9.166290837409746e-05,0.002880548328495187,29.952570135323796,False,
-837.88,859.04,4013.0,-837.8841817032874,859.0402191116624,-837.8496415456466,858.6692505699527,-136.15142317590858,-7.748517917913295,-0.022848248299544793,0.2064305982445022,3205.0,-837.8841817032873,-859.0402191116623,-837.6333281505475,-858.9827180769835,123.14795328062557,-20.534865837609587,-0.0221623159929655,-0.20625452760825277,-0.0003429661532896467,8.803531812470733e-05,858.8259843234681,True,0.00025091461303501753
-837.86,59.92,2571.0,-837.859776272613,59.924913887355196,-837.8289796109701,59.77699150680882,-27.988804056546623,-26.118770486974075,-0.04230140149813553,0.03428469638453161,2574.0,-837.859776272613,-59.924913887355196,-837.8708982722932,-60.00868697107584,12.422337282968869,-26.933494695340702,-0.042131063393673764,-0.030032145993867675,-8.516905223088234e-05,0.002126275195331968,59.89283923894233,False,
-836.32,471.35,3716.0,-836.3163917759524,471.3543177343895,-835.3497706877492,470.79063022286215,-115.4963913919464,-14.180140075663695,-0.028334153943996958,0.17358771001370177,2771.0,-836.3163917759524,-471.3543177343895,-836.9832762378584,-471.67424714303957,102.91175444669294,-20.590425662614667,-0.02699409853704033,-0.17403965570200514,-0.0006700277034783139,-0.00022597284415168395,471.23243868295083,True,0.0008933825170577198
-835.19,89.79,2570.0,-835.1870534883938,89.7919021146946,-834.7642230135099,89.67194077259533,-38.32807009363765,-25.385993749671496,-0.041501273731526615,0.05077768335288856,2575.0,-835.1870534883938,-89.7919021146946,-834.1662440642166,-89.7569625540148,23.046159614505697,-27.24419745417578,-0.042261235868661734,-0.04689511358022672,0.00037998106856755934,0.0019412848863309198,89.71445166330507,False,
-832.58,822.02,3949.0,-832.5807283893547,822.0154078328773,-831.4229877634565,821.7943997300944,-134.97919278558703,-7.968602572416265,-0.022746918608317974,0.20464364268840132,3155.0,-832.5807283893547,-822.0154078328773,-832.250142208085,-821.6585994610105,121.7773887744998,-20.265675453341327,-0.022190993658195365,-0.20400727871629415,-0.0002779624750613042,0.0003181819860535867,821.7264995955525,True,0.0002125390552832442
-831.5,641.18,3545.0,-831.497358218389,641.1802736172099,-829.9664829919371,640.6864977837594,-127.45244145896083,-10.567771208501485,-0.02466560041009555,0.1926822836722641,2941.0,-831.497358218389,-641.1802736172099,-831.731386602265,-641.6909581826234,114.2716981165624,-19.773077440270956,-0.023611058391201523,-0.19205524783516906,-0.0005272710094470136,0.0003135179185475151,641.1887279831914,True,0.0005166874143093284
-831.45,119.54,2569.0,-831.4500111799834,119.54446414955959,-830.9954911848855,119.4114953034037,-47.8729630549119,-24.41467941551313,-0.04031959847328555,0.06601500787004985,2576.0,-831.4500111799834,-119.54446414955959,-831.2971053433121,-119.57986676150067,33.14934048296872,-26.56588624749834,-0.04081642975492715,-0.06293968707782248,0.00024841564082080103,0.0015376603961136867,119.49568103245218,False,
-831.37,537.52,3647.0,-831.368026395124,537.5194923794639,-832.5674730071119,537.408670148163,-120.18482379590701,-12.809476886361262,-0.026968545052760223,0.18108365666234086,2840.0,-831.368026395124,-537.5194923794639,-832.2416555103541,-537.8502559059813,108.44255427058606,-19.537438486814704,-0.02450776161260534,-0.1827841265138349,-0.0012303917200774412,-0.000850234925747026,537.6294630270721,True,0.001437938154307722
-826.65,149.14,2568.0,-826.6534116423376,149.14468485361505,-826.6714214117474,148.97702832105043,-56.66596431772331,-23.371855701909144,-0.03902198126613178,0.08006246079115059,2577.0,-826.6534116423376,-149.14468485361505,-826.3660090539194,-149.40101679817215,42.9335338578989,-25.349554221349198,-0.038515358395422195,-0.0784513234732135,-0.000253311435354793,0.000805568658968546,149.1890225596113,True,0.0010668363271338227
-825.12,952.24,4128.0,-825.1245247710591,952.2444636863655,-823.742279472515,951.9903970156311,-139.92214021201448,-5.488744295223218,-0.02039460842515024,0.21260465327806286,3326.0,-825.1245247710591,-952.2444636863655,-824.0050822034806,-952.0797557014286,126.14653055685851,-20.23237002577032,-0.02054072206162762,-0.21086000680741587,7.305681823869051e-05,0.0008723232353234911,952.0350763585297,True,-4.821561078425671e-05
-823.43,601.96,3611.0,-823.4334870295628,601.9612050940948,-822.5296702725783,602.9711863718215,-125.17547264272817,-10.737580306141238,-0.02447396158712861,0.18914945369218886,2875.0,-823.4334870295628,-601.9612050940948,-824.655890393371,-602.1936879580577,112.29802807423066,-19.15280409650462,-0.02310758470083172,-0.18882740099235557,-0.0006831884431484445,0.00016102634991664588,602.5824371649396,True,0.000712367192150711
-821.25,497.14,3715.0,-821.2527963659172,497.13563990239254,-822.1763020808393,497.2121342777077,-117.30752098691194,-12.705507004926067,-0.026310785962818845,0.17663154740253442,2772.0,-821.2527963659172,-497.13563990239254,-822.025366102166,-497.462720884901,105.41693384867621,-19.169352771053706,-0.024416560046883088,-0.177843583433944,-0.0009471129579678786,-0.0006060180157047845,497.3374275813044,True,0.0011965490412985912
-820.8,178.55,2567.0,-820.803367415774,178.5548432245005,-820.627201944154,178.2940548766569,-65.32216196300602,-21.77841970396537,-0.03684499393928118,0.0939132506192678,2578.0,-820.803367415774,-178.5548432245005,-820.3999217465099,-178.8309933630459,51.97403173228213,-24.186728938116193,-0.03630423635305267,-0.09276665621101275,-0.0002703787931142565,0.0005732972041275208,178.5625241198514,True,0.0009513978751376644
-820.8,916.07,4066.0,-820.8021378033545,916.0697847748517,-822.0589975739413,915.3747328346544,-138.07509713233708,-5.743723558988068,-0.020351989481416134,0.20968560802346545,3268.0,-820.8021378033545,-916.0697847748517,-822.2071520172568,-916.9163242435483,125.61407783333527,-19.738607307023443,-0.0201855198787102,-0.20999056277608674,-8.323480135296636e-05,-0.0001524773763106474,916.1455285391014,True,5.708478234248663e-05
-816.21,879.66,4012.0,-816.2072853251034,879.6622461957917,-817.066756108317,879.0969834818578,-136.74214329155802,-5.860420447045339,-0.02009342573505191,0.20762528594252688,3206.0,-816.2072853251034,-879.6622461957917,-815.6932174092117,-879.6176742608696,123.97580246225778,-19.41033566933727,-0.020119854895023798,-0.2073033905611321,1.3214579985943928e-05,0.00016094769069739667,879.3573288713637,True,-9.442083676586751e-06
-814.75,562.38,3648.0,-814.75402723472,562.3840992638442,-813.5064084031646,561.7413785519794,-122.55519843784555,-10.509283939305758,-0.023605676296567825,0.18508966541587826,2839.0,-814.75402723472,-562.3840992638442,-814.8338243520553,-562.8219584686801,110.24498693030722,-18.288436841084856,-0.022214085990301075,-0.1854395939517466,-0.0006957951531333748,-0.00017496426793417452,562.2816685103298,True,0.0007775124333248782
-813.91,207.74,2566.0,-813.9073334964663,207.73746046554095,-813.0751008388858,207.43451776996662,-72.766410125966,-20.06532703674841,-0.034475404738161054,0.10585362992400088,2579.0,-813.9073334964663,-207.73746046554095,-813.7294219406175,-208.143916178357,59.998325160130115,-22.696330455627276,-0.03357319892591844,-0.10545602241947266,-0.0004511029061213083,0.0001988037522641095,207.7892169741618,True,0.0013640569000844083
-812.85,664.66,3546.0,-812.8486911710369,664.6630764993137,-814.440032324385,664.20214934118,-127.67869912161058,-9.0435518732219,-0.022527725541101426,0.19323253594660253,2940.0,-812.8486911710369,-664.6630764993137,-811.9595174862753,-663.7211006227135,115.48768748173778,-18.199410214739686,-0.020836686657145106,-0.1937484094726465,-0.0008455194419781601,-0.0002579367630219792,663.9616249819467,True,0.0008001298772223934
-811.32,843.01,3950.0,-811.3160259269229,843.0102645129206,-809.3866797702672,842.4007756402021,-135.92183706154958,-5.851529802496768,-0.019629858372877684,0.20641378571553637,3154.0,-811.3160259269229,-843.0102645129206,-810.5399943171527,-842.6185056252133,122.65338196675684,-18.723151673114597,-0.01947929541142651,-0.20513558159067577,-7.528148072558603e-05,0.0006391020624302995,842.5096406327077,True,5.6142680247849314e-05
-809.86,14.97,2485.0,-809.8616928710227,14.967913016895272,-808.3076257246022,14.766642601380779,-13.204481698950497,-23.73668022542044,-0.03795894657600678,0.011116263769936349,2484.0,-809.8616928710227,-14.967913016895272,-807.8349110254971,-15.219152842079863,-2.5643063552724397,-24.09563555839449,-0.03816300650861789,-0.005812311919076717,0.00010202996630555641,0.0026519759254298157,14.992897721730321,False,
-808.76,44.88,2486.0,-808.7555192136215,44.8832946819358,-808.6874118984707,44.7672452589321,-23.371903995579732,-24.655055160439236,-0.03978800224806449,0.02729356770908117,2483.0,-808.7555192136215,-44.8832946819358,-808.5307979494286,-45.00259699580466,8.026436943409513,-24.56066989105462,-0.03853837460356763,-0.022676525897381315,-0.0006248138222484309,0.0023085209058499277,44.88492112736838,False,
-806.54,74.74,2487.0,-806.5446827989779,74.73737116527485,-806.1818130340636,74.70587340428719,-33.34801955193686,-23.16749446955389,-0.03778713344371728,0.04320173474690087,2482.0,-806.5446827989778,-74.73737116527485,-806.649574569777,-74.8411854636215,19.103223310287742,-24.658779759315753,-0.03832908892509423,-0.04028273964430244,0.00027097774068847447,0.0014594975512992152,74.77352943395434,False,
-805.97,236.66,2565.0,-805.9740978361777,236.65534774680108,-805.1393136244078,236.29299736950622,-80.4399781334571,-18.340660521172623,-0.03208394174352303,0.11816368209016634,2580.0,-805.9740978361777,-236.65534774680108,-806.0376737776859,-237.08323483241566,67.72042088915157,-21.350410828121355,-0.031076682258239535,-0.11765191885141704,-0.0005036297426417487,0.00025588161937464826,236.68811610096094,True,0.0013369488301117221
-805.41,625.87,3610.0,-805.4071418071011,625.8748564418578,-804.1839341718695,625.471055199103,-126.31223245123694,-8.771498544814724,-0.021620400561876266,0.19118334285083502,2876.0,-805.4071418071011,-625.8748564418578,-804.7061954519795,-625.1052798338577,113.75005951377953,-17.495100135181257,-0.02018866926042288,-0.19089405743091561,-0.0007158656507266926,0.00014464270995970252,625.2881675164804,True,0.000719334983808399
-805.39,522.44,3714.0,-805.394691915169,522.4360154457863,-806.4335535437476,522.3579573875799,-119.22471143945404,-10.90300105568206,-0.02374996885851511,0.17987565179048853,2773.0,-805.394691915169,-522.4360154457863,-804.7800604075414,-521.6929904919181,107.72887019680486,-17.727935252145304,-0.021825725360415563,-0.18131194162213618,-0.0009621217490497734,-0.0007181449158238234,522.025473939749,True,0.0011580257169682075
-803.23,104.49,2488.0,-803.2322033637016,104.48936538946458,-803.0256843525063,104.39960133829128,-43.01783031012073,-22.40160426544713,-0.03693183960566904,0.05863036957852256,2481.0,-803.2322033637016,-104.48936538946458,-803.1700141853365,-104.49696936814668,29.240020859123216,-24.019294894903613,-0.036948123572113176,-0.05637333993286121,8.141983222069438e-06,0.0011285148228306723,104.44828535321898,False,
-802.23,971.61,4127.0,-802.2296193900507,971.6108468791886,-804.2313222043252,970.8278628102092,-139.59828239597184,-3.9056664376978483,-0.018105763694448447,0.21232816771959073,3327.0,-802.2296193900507,-971.6108468791886,-801.4008506732754,-971.3697381853359,127.47425880983592,-18.371532968894783,-0.0173428640105635,-0.21269631854253862,-0.00038144984194247306,-0.00018407541147394402,971.0988004977726,True,0.0002468049637266975
-798.82,134.1,2489.0,-798.8226053562561,134.0986397091453,-798.0837580807538,133.88499670203967,-52.74713259241674,-21.142019297727103,-0.03528825470420838,0.07417555872612949,2480.0,-798.8226053562561,-134.0986397091453,-798.8623868638476,-134.33108444512172,39.339301680541794,-23.07774119258019,-0.03508421671502504,-0.07239408918193632,-0.0001020189945916683,0.0008907347720965852,134.1080405735807,True,0.0004779759998953276
-798.25,935.79,4067.0,-798.2515077203902,935.7855151807618,-798.833523480277,935.1808271883291,-138.34625360689196,-4.032215522914664,-0.017870604540818655,0.21040160870737262,3267.0,-798.2515077203902,-935.7855151807618,-800.0496783269072,-936.249490300967,126.67514583128339,-17.749345842360047,-0.016782739166461943,-0.21140794296521348,-0.0005439326871783563,-0.0005031671289204287,935.7151587446481,True,0.00036524254590027566
-797.4,586.74,3649.0,-797.3966212254367,586.7355694503766,-796.8978175837965,587.8094183837123,-124.30596862156985,-8.880199351846741,-0.02133216222509592,0.18807950766664358,2838.0,-797.3966212254367,-586.7355694503766,-796.1802434941292,-586.2204163067208,111.9263780441202,-16.993085820725895,-0.019865910532644603,-0.1878871611233753,-0.0007331258462256584,9.61732716341368e-05,587.0149173452166,True,0.0007847101341395226
-797.01,265.27,2564.0,-797.0137701433486,265.2716535966209,-796.0296890431079,264.8594288181526,-86.6813908375625,-16.515766575422887,-0.029529385133648205,0.12820876425262706,2581.0,-797.0137701433486,-265.2716535966209,-796.9928521665188,-265.7629265685705,74.20852817791048,-19.89357854110791,-0.02840682225425985,-0.12786729062968813,-0.0005612814396941772,0.00017073681146946573,265.3111776933615,True,0.0013292448986657606
-794.02,899.74,4011.0,-794.0230051162315,899.7374435612808,-794.3289328392525,900.1487005815085,-137.64029808548233,-4.009583803192109,-0.01740554753600909,0.20933321319839426,3207.0,-794.0230051162315,-899.7374435612807,-793.1526424137547,-899.7898777239144,125.19803748866487,-17.387007543684458,-0.01665257973952013,-0.2089725842113952,-0.0003764838982444809,0.00018031449349953377,899.9692891527114,True,0.00026284431328389734
-793.54,687.6,3547.0,-793.5370530719714,687.6037706425492,-791.5889033312884,687.1980437898068,-129.376495243017,-6.732154532924913,-0.01913065251497908,0.1962145195542917,2939.0,-793.5370530719714,-687.6037706425492,-794.6956545940246,-688.2398928435823,117.71641325032897,-16.41802080887388,-0.01770123637883759,-0.1970841066408335,-0.0007147080680707466,-0.00043479354327090325,687.7189683166946,True,0.0006529764975388728
-793.32,163.52,2490.0,-793.3219117571065,163.52475141717804,-793.0194121773201,163.6809693588709,-61.389702465388126,-20.040574219675456,-0.03390016088583772,0.08799265879602271,2479.0,-793.3219117571065,-163.52475141717804,-793.2299447304935,-163.8399308439843,48.33108351796758,-21.799795692421952,-0.032688909240203706,-0.0866359740822345,-0.0006056258228170075,0.000678342356894103,163.76045010142758,True,0.0023236741650474965
-789.52,863.46,3951.0,-789.5220794351304,863.4552021294606,-788.4757317311343,863.2060550639284,-136.85780661979013,-3.894041585437431,-0.01676922080766065,0.20815952334665205,3153.0,-789.5220794351304,-863.4552021294605,-789.9458143665752,-863.7671710115831,124.07769414268232,-17.052976608148956,-0.016562122106002355,-0.2071502284605673,-0.00010354935082914837,0.0005046474430423775,863.4866130377557,True,7.534798454011947e-05
-788.76,547.23,3713.0,-788.7574201155845,547.2309678852315,-788.0553860150918,548.2235620620903,-122.00998455703397,-8.868063090698465,-0.0208280398571288,0.1845336285548674,2774.0,-788.7574201155845,-547.2309678852315,-788.9887264702546,-547.5419840638975,109.86587948917911,-16.107639325294326,-0.018930372377098936,-0.18451970150695732,-0.0009488337400149326,6.963523955044737e-06,547.8827730629939,True,0.0010881339051579603
-787.04,293.55,2563.0,-787.0377689997999,293.5499108632424,-785.8042045821798,293.33716100756254,-92.42371085813585,-14.779030949332716,-0.027114050549836784,0.13747318164431013,2582.0,-787.0377689997999,-293.5499108632424,-786.9530571423303,-294.0445948750243,80.24098526434828,-18.2971154268911,-0.02551960746885145,-0.13734528717536038,-0.000797221540492667,6.394723447487871e-05,293.6908779412934,True,0.0017055656290393467
-786.74,192.73,2491.0,-786.7376358520522,192.72750798452103,-786.8833839967433,192.67063417283066,-69.51996245915909,-18.385501128312992,-0.03162106588766418,0.10100751723299475,2478.0,-786.7376358520522,-192.72750798452103,-786.8589746932271,-193.04620312417896,57.357483251227585,-20.619204871002882,-0.030452252165949757,-0.1009239103437436,-0.0005844068608572128,4.180344462557939e-05,192.85841864850482,True,0.0019039545316636099
-786.69,649.25,3609.0,-786.6865456589397,649.2490114580114,-788.4274320249493,648.8303572628326,-126.87367452518919,-7.31687909391911,-0.019591382541257862,0.1922698751184616,2877.0,-786.6865456589397,-649.2490114580114,-787.1901064461173,-650.0393005988554,115.4151282105153,-15.914759749970935,-0.017368113143811235,-0.19332957750078694,-0.0011116346987233138,-0.0005298511911626669,649.4348289308441,True,0.0010754900252990737
-779.43,29.88,2397.0,-779.4276212196318,29.876132278227477,-779.5510474659263,29.750773336777698,-17.697733153283597,-20.611175025198204,-0.03316806079586959,0.018619676598850485,2400.0,-779.4276212196318,-29.876132278227477,-779.0297881370183,-30.06272446579915,2.557340622490768,-21.78302883990898,-0.03430058978288966,-0.01361089069334477,0.0005662644935100353,0.0025043929527528578,29.906748901288424,False,
-779.31,610.55,3650.0,-779.3116458029598,610.5516839022574,-780.546084070916,610.4289261743999,-124.95096800155126,-7.1778548817573595,-0.018899817350763282,0.18930631529952086,2837.0,-779.3116458029598,-610.5516839022574,-779.9136019359379,-611.1803922933777,114.08608227706877,-14.999549966382252,-0.016387415529380018,-0.19112522004841367,-0.0012562009106916322,-0.0009094523744464095,610.8046592338887,True,0.0012922205136455779
-779.08,221.67,2492.0,-779.0787709699836,221.66702195838698,-778.611533146885,221.43693021406753,-77.27116379075085,-16.537935515303747,-0.029032873934907815,0.11344524243417836,2477.0,-779.0787709699836,-221.66702195838698,-778.5999185861492,-221.53474452248966,64.76289030340648,-19.22438022049984,-0.02788342139357268,-0.11260883328727933,-0.0005747262706675676,0.00041820457344951545,221.4858373682786,True,0.0016304029650004907
-778.88,990.43,4126.0,-778.8803226379626,990.4268993759121,-780.735943768892,989.8295062628446,-140.20706230965993,-1.5769179488655078,-0.014632157974161309,0.21358481830706672,3328.0,-778.8803226379626,-990.4268993759121,-780.2858613726685,-991.3198393387056,128.53467869185604,-16.757288564575102,-0.014529385899906953,-0.21412543450116858,-5.138603712717769e-05,-0.0002703080970509336,990.574672800775,True,3.259400854241334e-05
-777.71,59.71,2396.0,-777.7113249233175,59.70841721246641,-777.6789426282543,59.58035143736742,-28.070462618171742,-20.70098245995085,-0.033676315801291413,0.03515131589292796,2401.0,-777.7113249233175,-59.70841721246641,-777.4789566695257,-59.89564006523062,14.325289390191521,-21.60503934362445,-0.03365194779336174,-0.03232116986675255,-1.2184003964837292e-05,0.0014150730130877073,59.737995751299025,False,
-776.06,321.45,2562.0,-776.0588073094808,321.4540831866754,-774.961711878469,321.1000428531957,-97.30069577256468,-12.8968188109844,-0.024458428152961842,0.14536793192346514,2583.0,-776.0588073094808,-321.4540831866754,-776.2230083072624,-321.8973338959733,85.92358643830032,-16.776876211440015,-0.022758959871469187,-0.14625801722291637,-0.0008497341407463273,-0.00044504264972561325,321.4986883745845,True,0.0016606714929815133
-775.23,954.95,4068.0,-775.2274663510212,954.9462683392067,-776.3405473551537,953.9998545330245,-139.05239972102495,-1.8358570033442756,-0.014605467506250018,0.2118009460218573,3266.0,-775.2274663510212,-954.9462683392067,-777.0664920085374,-955.7588395562931,127.49801352617321,-16.589310495252324,-0.014697555098867466,-0.21243610311740854,4.6043796308723774e-05,-0.00031757854777561545,954.8793470446587,True,-3.0297199886993948e-05
-774.85,89.45,2395.0,-774.8536300125467,89.45307181075206,-774.6371199672784,89.3715654328035,-38.456134682128436,-19.911367578353033,-0.03278445687543319,0.05171787947563624,2402.0,-774.8536300125467,-89.45307181075206,-774.6135610999837,-89.61741204942281,24.39306275774926,-21.96612043499144,-0.033862624463676355,-0.04830943641870542,0.0005390837941215837,0.0017042215284654091,89.49448874111314,False,
-773.58,709.98,3548.0,-773.5781947702253,709.9836452877203,-771.9410968617682,709.6622105339542,-130.5407059679478,-4.957082789808995,-0.01658065613306605,0.19830804462383037,2938.0,-773.5781947702253,-709.9836452877203,-772.4417624637975,-709.5941522294767,118.09406078222678,-15.322217746527828,-0.01569568660318382,-0.19741260854212211,-0.0004424847649411156,0.00044771804085412537,709.6281813817154,True,0.0003917845777087774
-771.36,571.5,3712.0,-771.3570764531287,571.4965097055995,-770.3521227701935,570.8202241847695,-123.28645875764141,-6.892637088285521,-0.017960792435155807,0.18678201172711398,2775.0,-771.3570764531287,-571.4965097055995,-772.0714067946614,-572.1198332196378,111.54253175261078,-14.56889279975992,-0.016180376968220188,-0.1869809905075553,-0.0008902077334678096,-9.948939022065562e-05,571.4700287022036,True,0.0009787635169538006
-771.35,919.25,4010.0,-771.3451316238471,919.2533317427736,-770.397998679046,920.5275179541085,-138.6180065732381,-2.1526940414099873,-0.014699794515869216,0.21118236608712243,3208.0,-771.3451316238471,-919.2533317427736,-770.7529595854634,-919.0346956857056,125.83685932499266,-16.099817379376862,-0.014368262202548027,-0.20971497243354598,-0.00016576615666059457,0.0007336968267882271,919.7811068199071,True,0.00011323775540014548
-770.86,119.07,2394.0,-770.8587305486718,119.06644169072212,-770.3791748608215,118.89829985256269,-48.29423010938584,-18.867338272837817,-0.031484445743783424,0.06742784159241877,2403.0,-770.8587305486718,-119.06644169072212,-770.8056384339607,-119.22960917389183,34.485330064317985,-20.782415126690776,-0.031616039179042946,-0.06432514318157148,6.579671762976108e-05,0.0015513492054236439,119.06395451322726,False,
-770.36,250.3,2493.0,-770.3557781990744,250.3037654437074,-770.6422550194485,250.44884497147427,-83.43715918755393,-14.951566390595243,-0.026863397190218043,0.12335632843203674,2476.0,-770.3557781990744,-250.30376544370742,-770.3017008089788,-250.83292145053815,72.16209700587778,-17.522114867950958,-0.024815367962445194,-0.12428340845585523,-0.0010240146138864245,-0.0004635400119092428,250.6408832110062,True,0.00256704871682555
-767.29,672.06,3608.0,-767.2878355058119,672.0635219120334,-768.3172745189464,671.8751011529566,-128.37441244579642,-5.330912531306688,-0.01671284694194767,0.19490466225536854,2878.0,-767.2878355058119,-672.0635219120334,-768.3975754762956,-672.5974994820145,116.8722180491921,-14.493368013741625,-0.014829628285163678,-0.19541845638736743,-0.0009416093283919954,-0.00025689706599944795,672.2363003174855,True,0.0008800931896212173
-767.21,883.34,3952.0,-767.21310571198,883.3368838805376,-765.4033347722619,882.8827537555375,-137.0476674552862,-2.1746549508807136,-0.014273711982967684,0.20874426327096204,3152.0,-767.21310571198,-883.3368838805376,-766.7064067589868,-883.1677421503417,124.67596097849167,-15.620908898412347,-0.01404531728911689,-0.20781778730813094,-0.00011419734692539717,0.0004632379814155513,883.0252479529396,True,8.125736993182616e-05
-765.73,148.51,2393.0,-765.7324895975468,148.50506514844125,-765.8097653538485,148.38149999711487,-57.36863699048584,-17.53166264585565,-0.029719731912085913,0.08192617013422854,2404.0,-765.7324895975469,-148.50506514844125,-766.07532743662,-148.79906032711165,44.7867864011025,-19.364793155316978,-0.028997687471163252,-0.08066248816156188,-0.0003610222204613305,0.0006318409863333291,148.59028016211326,True,0.0015265934680876642
-764.09,348.95,2561.0,-764.0908760977953,348.9486109215848,-762.5284170002404,348.66368579437716,-101.88575079218053,-11.100682625558823,-0.021937359816519238,0.15281754385573668,2584.0,-764.0908760977953,-348.9486109215848,-764.2087683580966,-349.39238642233266,90.58203389452213,-15.363453418510382,-0.02017269646735927,-0.15352502855010988,-0.000882331674579984,-0.000353742347186603,349.0280361083549,True,0.0015883690822072068
-760.58,278.6,2494.0,-760.5805720981958,278.5986240934819,-760.135159707975,278.2981985695435,-89.61502984641722,-12.868530031704426,-0.02388921213663012,0.1333173950746733,2475.0,-760.5805720981958,-278.5986240934819,-760.6222920816862,-278.9632871558791,78.09505304783244,-16.230116401259483,-0.02241457671239181,-0.13360745781200561,-0.0007373177121191548,-0.00014503136866615696,278.63074286271126,True,0.001662667862100557
-760.52,633.81,3651.0,-760.5156022598775,633.8107120578634,-761.8131188348679,633.4741372342041,-126.28593143297722,-5.2715701250827145,-0.016148105005762355,0.19166039770614227,2836.0,-760.5156022598775,-633.8107120578634,-760.9363454169843,-634.5490003860758,115.26055031950546,-13.699451231369338,-0.014032049418189295,-0.19276203004723413,-0.00105802779378653,-0.0005508161705459341,634.01156881014,True,0.001048527348007729
-759.48,177.73,2392.0,-759.4824306246677,177.72573694444714,-758.8558709635287,177.43715724553863,-66.0996663318147,-16.042957149745,-0.02770622737301333,0.09590719906970267,2405.0,-759.4824306246677,-177.72573694444714,-759.268570729806,-178.14430652745378,53.931460048436215,-17.845564086923154,-0.026220368877819436,-0.09513332613618809,-0.0007429292475969462,0.00038693646675729,177.7907318864962,True,0.002625537385016899
-755.09,1008.68,4125.0,-755.0898598042971,1008.681963564694,-754.5386653940524,1009.8929872904513,-141.28289232546885,-0.297418032161796,-0.012841487517712014,0.21561789231404155,3329.0,-755.0898598042971,-1008.681963564694,-753.7726598054402,-1008.6192260329894,129.28998444999294,-15.28364257533333,-0.01197214034482474,-0.21500283449038607,-0.0004346735864436367,0.00030752891182773967,1009.2561066617204,True,0.00027060868631207876
-753.21,595.21,3711.0,-753.2104946365113,595.2091655623442,-755.0488810083522,594.8791473703816,-124.04164366777285,-5.275125130028442,-0.015681091178044924,0.18817134422776666,2776.0,-753.2104946365113,-595.2091655623442,-754.0886453750104,-595.7455614435593,113.66095699521308,-12.788621456877474,-0.013057643472960182,-0.19013233460561257,-0.0013117238525423708,-0.0009804951889229585,595.3123544069704,True,0.0013844503606147108
-752.99,731.78,3549.0,-752.9883949969116,731.7844470880582,-750.3409834768655,731.4657087226478,-131.2819415911511,-3.2374012685805287,-0.014110724837401162,0.1997522937607502,2937.0,-752.9883949969116,-731.7844470880582,-755.1603089083492,-732.2765185114232,119.73420365366098,-13.373556813447982,-0.012316506079583293,-0.19981133150291533,-0.0008971093789089347,-2.951887108255946e-05,731.8711136170355,True,0.0007701772024634283
-752.12,206.69,2391.0,-752.11772645345,206.68557171339623,-751.221598829666,206.43603615932716,-73.75623950889137,-14.22362448685258,-0.025165817992078933,0.108186510476181,2406.0,-752.11772645345,-206.68557171339623,-751.9885875799033,-207.08581007015968,61.77881768825004,-16.557064651165664,-0.023815212525369014,-0.10753362596591366,-0.0006753027333549592,0.00032644225513366737,206.76092311474343,True,0.0020521538345809097
-751.74,973.54,4069.0,-751.7436683403545,973.5406807679825,-752.9065868694034,972.9381900418703,-139.45939231089142,-0.11315311247941734,-0.012095636390299428,0.21273568992497474,3265.0,-751.7436683403548,-973.5406807679823,-750.5496656853993,-973.4460441824991,128.0967683592427,-14.73887966263951,-0.011535888245048078,-0.21306430017863787,-0.00027987407262567484,-0.00016430512683156262,973.1921171121846,True,0.00018069409215934305
-751.15,376.0,2560.0,-751.1492266821575,375.99845645267857,-751.023230553602,376.7888054019459,-105.91419868059144,-9.581541031527365,-0.019864018453878474,0.1593699215063106,2585.0,-751.1492266821575,-375.99845645267857,-751.5269796703989,-376.43024538091305,94.7241216232397,-13.865637433579225,-0.017457716363767247,-0.1599620523955537,-0.0012031510450556133,-0.00029606544462154605,376.6095253914295,True,0.0020072835281460537
-749.85,14.91,2316.0,-749.8517473275492,14.91164074880229,-750.0149901273062,14.96227576511574,-12.385950461337055,-18.38666719561216,-0.029446532297055336,0.010527439171257877,2314.0,-749.8517473275492,-14.91164074880229,-750.2594953068242,-14.79166250587406,-1.7533654072059628,-18.788873218836127,-0.029722267389621734,-0.006397839969142188,0.00013786754628319908,0.0020647996010578445,14.8769691354949,False,
-749.77,306.51,2495.0,-749.7665044230604,306.51295053427145,-749.6329224363602,307.22284856477245,-95.31414762254319,-11.507520321154345,-0.022077337310121434,0.14251644334295613,2474.0,-749.7665044230604,-306.51295053427145,-750.2971888078523,-306.8936655548257,84.13528225397762,-14.727971807759658,-0.019681776752922715,-0.14309432990798193,-0.0011977802785993596,-0.0002889432825129018,307.0582570597991,True,0.0024509601271719967
-748.67,44.71,2317.0,-748.6660775864498,44.71134387736465,-748.7091455657927,44.686729323994484,-22.609712069005948,-18.20978637969708,-0.02952905231148376,0.026815053782712844,2313.0,-748.6660775864498,-44.71134387736465,-748.6518810853032,-44.75508073899408,9.530051465412066,-19.22746587959358,-0.0300533481190344,-0.024336267263820852,0.000262147903775321,0.001239393259445996,44.72090503149428,False,
-748.19,938.2,4009.0,-748.1877622304801,938.1977789616359,-746.13567298464,937.7503232823573,-138.9662599083917,-0.29457513286209175,-0.01195343365400629,0.21203376852906664,3209.0,-748.1877622304801,-938.1977789616359,-747.2863638772001,-938.2862341009721,126.94802477925678,-14.120906603812374,-0.010982954815163714,-0.21119605241892486,-0.0004852394194212878,0.00041885805507088647,938.0182786916647,True,0.0003250308933024932
-747.23,694.3,3607.0,-747.2277327942785,694.298721980044,-746.2041495698587,695.550142002707,-129.71381871119652,-3.46913722702635,-0.014039687098926187,0.19730721237617813,2879.0,-747.2277327942785,-694.298721980044,-749.1981848613523,-694.5482457027133,118.27411639728042,-12.718052468727228,-0.011735295646333065,-0.1974145124894742,-0.001152195726296561,-5.365005664803579e-05,695.0491938527102,True,0.001041575088855624
-746.3,74.44,2318.0,-746.2966128918206,74.44034918104599,-746.9440243739346,74.4674130906949,-32.914653161455114,-17.793160959750175,-0.02923069558762916,0.043237494305404224,2312.0,-746.2966128918206,-74.44034918104599,-746.4179934850837,-74.59924933768592,20.40822108481869,-18.85805147619601,-0.029099906112350353,-0.041622053570190734,-6.539473763940429e-05,0.000807720367606745,74.53333121419041,False,
-744.4,902.64,3953.0,-744.4036575220748,902.6423403916734,-743.9394568056563,903.8300992620701,-137.9805020151448,-0.46868237179973954,-0.011815113867704341,0.21049178311500835,3151.0,-744.4036575220748,-902.6423403916734,-744.8423883966738,-903.034690124702,125.98820826416417,-13.983133441173361,-0.011195406719305159,-0.20963852568913538,-0.0003098535741995912,0.00042662871293648597,903.4323946933861,True,0.0002154967473187293
-743.65,235.34,2390.0,-743.6491858028459,235.34206690425003,-743.3297421454145,235.70406077077612,-80.99455842522468,-13.022796360344964,-0.023613085374106137,0.1198033041829944,2407.0,-743.6491858028459,-235.34206690425003,-743.7865316089473,-235.67651907861895,69.16695249106563,-15.046134691865776,-0.021060343170899873,-0.11919175734992525,-0.0012763711016031323,0.00030577341653457296,235.69028992469754,True,0.0034026332415576775
-742.75,104.05,2319.0,-742.7470998543764,104.05164899180103,-742.556464331612,103.8895974631286,-43.36029466821008,-16.482785251661237,-0.027505500568942635,0.05991598342987135,2311.0,-742.7470998543764,-104.05164899180103,-742.8673394823695,-104.21377008907,31.1126649198695,-18.265816823568453,-0.027794647155762943,-0.05861522030092449,0.00014457329341015408,0.0006503815644734318,104.0516837760993,False,
-741.03,656.49,3652.0,-741.02564068939,656.4914316583873,-739.6156645460018,655.9669706545653,-127.94508031747625,-2.9731221151158116,-0.012765480504192047,0.19457286678955577,2835.0,-741.02564068939,-656.4914316583873,-740.7326292275175,-657.147207545627,116.58595270236503,-12.116946710889207,-0.011236655619177988,-0.19462403909134873,-0.0007644124425070292,-2.558615089648386e-05,656.5570891000962,True,0.000731535019135737
-738.02,133.5,2320.0,-738.0231509838155,133.49842175816264,-737.4725552407485,133.57841385581352,-53.423680669193296,-15.542808402128216,-0.026373079077922343,0.07599462218956798,2310.0,-738.0231509838155,-133.49842175816264,-737.961810770263,-133.5229152447694,41.08031987212095,-17.114660634904165,-0.025603576873203714,-0.07441915799072207,-0.0003847511023593146,0.0007877320994229553,133.55066455029146,True,0.0018101463451384368
-737.93,334.01,2496.0,-737.9283458893315,334.00861715386213,-738.6764401143764,333.83991294046035,-99.48170301655625,-9.348123747488904,-0.01896652938748848,0.1492834975003789,2473.0,-737.9283458893315,-334.00861715386213,-737.47651545922,-333.5890661517197,88.83786927950295,-13.454862246334535,-0.017328622108050543,-0.15042171517361597,-0.0008189536397189695,-0.0005691088366185371,333.71448954609,True,0.0015419280964822475
-737.25,402.57,2559.0,-737.2503512364948,402.5691488448476,-737.3502052553164,403.37482861957415,-109.27423041181616,-7.786425890184261,-0.017332602277331837,0.16488503126590245,2586.0,-737.2503512364948,-402.5691488448476,-736.6635027521799,-401.8795796733855,98.29897468298238,-12.526224166652915,-0.015014296634362462,-0.16546957514982102,-0.0011591528214846877,-0.0002922719419592851,402.6272041464798,True,0.001808912041144309
-734.34,618.35,3710.0,-734.3352303116617,618.3459949923817,-733.8663629558296,619.3614428863729,-125.73048867546548,-3.3511117170195983,-0.012918762734492488,0.19111864626259722,2777.0,-734.3352303116617,-618.3459949923817,-733.4225125174847,-617.5738174011755,114.58652823926894,-11.403151044043698,-0.010585268767327087,-0.19135232942391167,-0.0011667469835827003,-0.00011684158065722317,618.4676301437742,True,0.0011853308317427583
-734.09,263.65,2389.0,-734.0892374240581,263.6531651586321,-733.703543152113,264.1630652787714,-87.40294898345208,-11.154895058138608,-0.020988764775709687,0.13012046632696866,2408.0,-734.0892374240581,-263.6531651586321,-734.664375263145,-263.970726399768,76.38528741204905,-13.601038582206847,-0.018413882890482677,-0.13056837538430746,-0.0012874409426135054,-0.00022395452866939836,264.0668958392697,True,0.003063326051825257
-732.13,162.73,2321.0,-732.1322358142883,162.73410607973852,-732.323882478327,162.63750004965877,-62.271601294320185,-14.124551328160935,-0.024471738679222723,0.0901395808809474,2309.0,-732.1322358142883,-162.73410607973852,-732.2871594861432,-163.0345007182353,50.78187389305663,-15.577546185724344,-0.022795755659682858,-0.08979016347144317,-0.0008379915097699326,0.00017470870475211342,162.83600038394704,True,0.003233471670461606
-731.78,752.99,3550.0,-731.7844470880582,752.9883949969116,-730.4391565783623,752.722967312256,-132.24941377932666,-1.337694216663734,-0.011347584229267356,0.20153581070537865,2936.0,-731.7844470880582,-752.9883949969116,-732.3222693465405,-753.7199960904137,121.19518559831202,-11.563772263630026,-0.009173526821066506,-0.20185685963456906,-0.001087028704100425,-0.00016052446459520475,753.2214817013348,True,0.0009067721710032785
-730.87,1026.37,4124.0,-730.8717060597097,1026.365699583423,-729.9068610316776,1027.5749063369321,-141.9272725123936,1.9503791810160875,-0.009480557125125624,0.21694512027362495,3330.0,-730.8717060597095,-1026.365699583423,-732.5934188667279,-1026.9763941118683,130.15520145264,-13.622937373015096,-0.009104226185702037,-0.21612048852936727,-0.00018816546971179345,0.0004123158721288378,1027.2756502244001,True,0.00011508873147664182
-727.81,991.56,4070.0,-727.8140409969105,991.5577248590963,-726.2667947638073,991.3488742363132,-140.7687398657791,2.0022842233984073,-0.008954288452102811,0.21514583809203558,3264.0,-727.8140409969105,-991.5577248590963,-727.0671269518967,-991.4133883058412,128.75080871088937,-13.41756672491369,-0.009212907814903621,-0.2138176477132896,0.00012930968140040505,0.0006640951893729929,991.3811312710773,True,-8.195401996499565e-05
-726.52,715.94,3606.0,-726.5235290830482,715.9354451965019,-725.061795039529,715.5154465083197,-130.28095293000123,-1.4024556357402378,-0.01099497573106402,0.19846876436173175,2880.0,-726.5235290830482,-715.9354451965019,-724.9667728059852,-715.873503305039,118.83941493987061,-11.19537126622406,-0.00905070339369707,-0.19801745161716672,-0.0009721361686834754,0.000225656372282515,715.6944749066793,True,0.0008534524026395922
-725.08,191.71,2322.0,-725.0836690935279,191.71247433035606,-724.136711267948,191.51393658375355,-70.7474207782357,-12.371178966365022,-0.02203480882945936,0.10372953462084802,2308.0,-725.0836690935279,-191.71247433035606,-725.2303859567863,-192.05171324507526,59.164393215132634,-14.376859259475204,-0.020529430050893242,-0.1030449332141901,-0.000752689389283058,0.0003423007033289613,191.7828249144144,True,0.0024659595632318967
-725.08,361.05,2497.0,-725.0822659976005,361.04806817899606,-726.0336682334369,360.8853436970744,-103.10865315639457,-7.435537980787392,-0.016253779255669634,0.15521080361564912,2472.0,-725.0822659976005,-361.04806817899606,-725.5397986600178,-361.369583744541,93.63861764990122,-11.425456715336411,-0.013758495644787266,-0.15791615486370073,-0.001247641805441184,-0.0013526756240258009,361.12746372080767,True,0.0021707472978658915
-724.57,956.56,4008.0,-724.5652923905727,956.559008667507,-726.8421804726585,955.8772278751773,-138.9250515076071,1.7938817959735809,-0.008851550926201174,0.21220447020162836,3210.0,-724.5652923905727,-956.559008667507,-723.8221342300426,-956.1220045612723,127.63993118188591,-13.07799907712264,-0.009104681737600298,-0.21200988987635258,0.00012656540569956198,9.729016263788914e-05,955.9996162182248,True,-8.318349547403838e-05
-723.45,291.58,2388.0,-723.4519118596339,291.5773160357995,-723.2193229054606,292.1177731934043,-92.89614196807679,-9.418532430001994,-0.018567618372474955,0.13899155445650963,2409.0,-723.4519118596339,-291.5773160357995,-723.9855570467315,-291.8632141577109,82.2718852029441,-12.089297054686119,-0.01566627298178648,-0.13980640355146534,-0.0014506726953442371,-0.00040742454747785817,291.99049367555756,True,0.0031216240125411044
-722.41,428.63,2558.0,-722.4119617744685,428.6268277711558,-720.7144161706157,428.512469913692,-111.98815878568372,-5.227289887018569,-0.01356747083881729,0.16940812048249287,2587.0,-722.4119617744685,-428.6268277711558,-721.5374148370811,-428.08198177174046,101.4624420246297,-10.913502253721289,-0.01212666988395408,-0.17031914100881113,-0.000720400477431605,-0.0004555102631591257,428.2972258427162,True,0.001056838434145183
-721.11,921.36,3954.0,-721.1086141034458,921.3589781761547,-720.5759803748214,922.5962153442803,-138.6363585374711,1.6939842825608997,-0.008602951099240658,0.21182174305190013,3150.0,-721.1086141034458,-921.3589781761547,-720.7896225076994,-921.0812812197483,126.59276827877717,-12.613843806437458,-0.008795098468824368,-0.21030613926503616,9.607368479185464e-05,0.0007578018934319836,921.8387482820143,True,-6.548311901791659e-05
-720.86,678.57,3653.0,-720.8595443370305,678.5731481116894,-719.6736910847934,678.5976095409234,-128.69473978967812,-1.2888193794758873,-0.010361986264281932,0.1960102157038937,2834.0,-720.8595443370305,-678.5731481116894,-719.5132255686572,-678.2246295884182,117.8826364962034,-10.43359801884466,-0.008299388350369303,-0.19642790198456683,-0.0010312989569563145,-0.00020884314033656204,678.4111195646708,True,0.0009551498002885911
-716.89,220.39,2323.0,-716.8885960543206,220.38770575344083,-716.5326526906091,220.7940427258321,-77.84687327429471,-10.965538073014535,-0.020156254531150716,0.11512179089989243,2307.0,-716.8885960543206,-220.38770575344083,-717.1550759415532,-220.71724823105396,66.89152185336275,-12.832563377517346,-0.017720540789489002,-0.11524414229832194,-0.0012178568708308569,-6.117569921475913e-05,220.75564547844303,True,0.0034662852587384334
-714.75,640.88,3709.0,-714.7495440777747,640.8846146075074,-714.5810510303005,642.1151667160225,-127.30077026240889,-1.275021011484462,-0.009893225992016069,0.19385401372063873,2778.0,-714.7495440777747,-640.8846146075074,-714.7092358576829,-641.0204514645889,116.15890149321005,-9.986812386216718,-0.008043945491184997,-0.19362565818983518,-0.0009246402504155355,0.00011417776540177671,641.5678090903057,True,0.0009055451276577357
-711.75,319.07,2387.0,-711.7528208517091,319.07353699364484,-711.5918987583658,319.77042169902876,-97.62735128903746,-7.566433157563947,-0.015958572065478283,0.14666390870693122,2410.0,-711.7528208517091,-319.07353699364484,-712.1435545272288,-319.4025779739759,87.4018295198644,-10.617940648376335,-0.012987262689104957,-0.14782593482611203,-0.0014856546881866634,-0.0005810130595904073,319.5864998365023,True,0.002920850446790599
-711.25,387.59,2498.0,-711.2458109477953,387.5943709720421,-709.5355266550195,387.4674412451134,-107.44176930455235,-5.442958442315271,-0.013408040652676595,0.16230922444768686,2471.0,-711.2458109477953,-387.5943709720421,-711.6407535819081,-387.9056061513256,97.37146565823006,-9.839946159616213,-0.010910091275596738,-0.16368694575906012,-0.0012489746885399281,-0.0006888606556866295,387.6865236982195,True,0.002024197110906519
-709.98,773.58,3551.0,-709.9836452877206,773.578194770225,-708.9951261533106,774.9492444350503,-133.13561000530478,0.7501230593164282,-0.00829692444476281,0.20320886026337548,2935.0,-709.9836452877206,-773.578194770225,-710.8586788338903,-773.7133374963614,121.92782271277468,-10.514139773966644,-0.007258126919670994,-0.20276002380644123,-0.0005193987625459083,0.00022441822846712423,774.3312909657059,True,0.0004214576772850892
-707.56,248.71,2324.0,-707.5599747916009,248.71445891405105,-708.1273019561426,248.63557813640492,-84.26236452594914,-9.061245008160947,-0.017466452516338157,0.12543530245294413,2306.0,-707.5599747916009,-248.71445891405105,-707.2725113020537,-248.49108730893826,73.66725224503081,-11.6297539404411,-0.015466064660698175,-0.12590702064620646,-0.0010001939278199909,-0.00023585909663116633,248.5633327226716,True,0.0025282907670941455
-706.65,454.14,2557.0,-706.6529675781923,454.13828666270183,-705.3581714576417,453.99067576036623,-114.31062477817454,-3.5773716301864305,-0.011253575271897277,0.17329250742356928,2588.0,-706.6529675781923,-454.13828666270183,-707.2573050616352,-454.3076804397603,104.28467714447424,-9.266484587038951,-0.009184174433724147,-0.17463597959070556,-0.0010347004190865653,-0.0006717360835681446,454.1491781000633,True,0.0014315151901705845
-706.24,1043.47,4123.0,-706.2395788235266,1043.468091176327,-703.838705795029,1043.4968959065548,-141.9196732742164,4.083968750150979,-0.006279840034864634,0.21725228170040678,3331.0,-706.2395788235266,-1043.468091176327,-704.8928105927539,-1043.7030913691015,130.89172036749537,-11.768991039885131,-0.0059487275467253135,-0.216953446191127,-0.00016555624406966018,0.00014941775463989115,1043.599993637828,True,9.967617541125873e-05
-705.19,736.96,3605.0,-705.1930711378699,736.955040975458,-703.2877694153534,736.7031818240642,-131.55827436246088,0.6563646391148291,-0.00797774711386222,0.20076835046177352,2881.0,-705.1930711378699,-736.955040975458,-705.2924188434745,-737.4397304189733,120.34687059550043,-9.783145500363267,-0.006538955281319757,-0.20017569052878817,-0.0007193959162712315,0.0002963299664926755,737.0714561215188,True,0.000613250969579696
-703.45,1008.99,4071.0,-703.4527760328937,1008.9867154187986,-704.3561225375071,1008.5758699747264,-140.58092161373014,3.718563525539265,-0.006433723654938377,0.21511525546820998,3263.0,-703.4527760328937,-1008.9867154187986,-702.9737012638117,-1008.5311600802912,129.85133699789228,-11.436662795916249,-0.005850560407470311,-0.21527412135140978,-0.0002915816237340327,-7.943294159989955e-05,1008.5535150275089,True,0.00018165237112274308
-700.49,974.33,4007.0,-700.492406681748,974.3256068590275,-700.6266638704551,974.6529249788894,-139.67744654804585,3.591518985358756,-0.006220467933498252,0.2137230048206893,3211.0,-700.492406681748,-974.3256068590276,-702.3636558313473,-975.1321037436687,129.2676620545941,-10.981564707259322,-0.005535286640325066,-0.21433770261770047,-0.0003425906465865931,-0.00030734889850558833,974.892514361279,True,0.00022079977898079674
-700.04,700.04,3654.0,-700.0357133746821,700.0357133746821,-699.1241245793767,701.2909206752221,-129.89124343370432,0.40208143845978345,-0.007948758395569158,0.1981661803811371,2833.0,-700.0357133746821,-700.0357133746821,-698.7483888662978,-699.6773937137551,118.736470653766,-9.08472659264357,-0.005889861379366842,-0.19753251486037182,-0.0010294485081011576,0.00031683276038263486,700.4841571944886,True,0.0009233921530081439
-699.01,346.1,2386.0,-699.0091344296234,346.1014735362285,-697.4805358816483,345.8442682595205,-101.90353594272854,-5.162391163075807,-0.012451746088712325,0.1536424894373405,2411.0,-699.0091344296234,-346.1014735362285,-699.1993074511041,-346.3657880494946,91.90554695124392,-9.341297114736852,-0.010625203697346843,-0.15483529589826808,-0.0009132711956827411,-0.0005964032304637962,346.1050281545075,True,0.0016579511106156112
-697.34,939.47,3955.0,-697.3431714614077,939.4745878501161,-700.0813529616988,938.9563419584632,-138.1229657171704,3.2261673200182095,-0.006364768084720539,0.2112556501468408,3149.0,-697.3431714614077,-939.4745878501161,-696.909196571224,-939.0731013248926,127.68013576198985,-10.687458460580725,-0.005508815635169274,-0.21174427543555305,-0.0004279762247756326,-0.00024431264435612055,939.0147216416779,True,0.00028636973045866363
-697.11,276.65,2325.0,-697.1125557730403,276.64794339300573,-696.4067972361709,276.38968511393637,-90.55843302696866,-6.854883881323666,-0.014294823515729058,0.13559934739610752,2305.0,-697.1125557730403,-276.64794339300573,-697.3011356549099,-277.1178106177858,80.44293916797488,-9.70174353880155,-0.012046950099416096,-0.13656874214546674,-0.0011239367081564812,-0.00048469737467961294,276.7537478658611,True,0.002551691771238959
-696.44,413.61,2499.0,-696.4378796731818,413.6112664765344,-696.7509100805804,414.55616373577294,-110.21702701558702,-3.8944310425659965,-0.011275237600294257,0.1668827571306898,2470.0,-696.4378796731818,-413.6112664765344,-695.5262140869627,-413.1494229753146,100.32635759623508,-8.760879750511613,-0.008883543406460652,-0.16819244801339703,-0.0011958470969168026,-0.0006548454413536076,413.8527933555438,True,0.001815555924622193
-694.47,662.8,3708.0,-694.4723838213598,662.8032197488768,-692.8046634780571,662.193569341842,-127.89184087807446,0.8173708437857664,-0.006808980577751133,0.1950614266502132,2779.0,-694.4723838213598,-662.8032197488768,-695.2136328804628,-663.5656532640822,117.95018014642652,-8.061863146766724,-0.004704183149782645,-0.19623780459021486,-0.0010523987139842437,-0.000588188970000833,662.8796113029621,True,0.0009975289666856804
-689.99,479.07,2556.0,-689.9934511012128,479.07101502536983,-690.3316464281855,478.65295358924465,-115.9831493838979,-1.9241705508669853,-0.008924462282417214,0.1761384424523862,2589.0,-689.9934511012128,-479.07101502536983,-690.8295599570257,-479.55051259742396,106.96491736488191,-7.630054424805789,-0.006270566659663219,-0.1787005242395949,-0.0013269478113769975,-0.0012810408936043544,479.1017330933343,True,0.0017402272661397014
-687.6,793.54,3552.0,-687.6037706425492,793.5370530719714,-688.8033660058836,793.1230138772365,-132.76308595656442,2.268938419799,-0.006102228383436644,0.20286325776434083,2934.0,-687.6037706425492,-793.5370530719714,-686.2599961988944,-793.1047055333288,122.77870479476269,-8.894577721479903,-0.0044430282984189995,-0.20381298530091715,-0.0008296000425088222,-0.00047486376828816124,793.1138597052827,True,0.0006572235164146473
-685.56,304.14,2326.0,-685.562858515526,304.14399060974534,-684.9010426620695,304.8228887707572,-95.88371581214312,-5.480333840597594,-0.012455379854460321,0.14421570884646293,2304.0,-685.562858515526,-304.14399060974534,-686.1951745805565,-304.4280411541524,85.95035297751839,-8.171435255312812,-0.009276921169221545,-0.14519804905589778,-0.0015892293426193879,-0.0004911701047174283,304.62546496245477,True,0.003277934251660648
-685.24,372.62,2385.0,-685.2395557105351,372.621458439565,-685.5905729727392,372.4159049006207,-105.51348726814085,-3.4648859874849642,-0.010075504805598276,0.15953352146812724,2412.0,-685.2395557105351,-372.621458439565,-685.9715340650251,-372.8527574262307,96.20543786787744,-7.412662511664575,-0.007231301196986748,-0.16151678465784772,-0.0014221018043057642,-0.0009916315948602372,372.6343311634257,True,0.002397881358443273
-683.25,757.34,3604.0,-683.2547455478431,757.3393906871294,-684.2165585164066,756.7749273475766,-131.47285941065095,2.3008798545350455,-0.005606237981521109,0.2008659729463235,2882.0,-683.2547455478431,-757.3393906871294,-681.968604881284,-756.8650405582081,121.06579392750723,-7.880427270419022,-0.003272783918968436,-0.2010342464318766,-0.0011667270312763366,-8.413674277654715e-05,756.8199839528924,True,0.0009686269252717082
-681.21,1059.98,4122.0,-681.2074299940527,1059.9794513672882,-680.472156737059,1061.0125603266235,-142.59539490738834,5.921474458006138,-0.0035698727381861723,0.21861389557354122,3332.0,-681.2074299940527,-1059.9794513672882,-680.8214567304553,-1059.5516513447822,131.42249856873843,-10.711967657889295,-0.0040723257005764795,-0.21750340471754165,0.0002512264811951536,0.0005552454279997843,1060.2821058357029,True,-0.00014887571210830342
-680.68,439.06,2500.0,-680.6786980266932,439.0632187426839,-681.3895791102432,438.6457002441678,-112.58746068820714,-1.7908568535852307,-0.008222319197017502,0.17084354929703444,2469.0,-680.6786980266932,-439.0632187426839,-681.3738383897343,-439.5640293000565,103.64034573652323,-6.924159741684938,-0.005636813754599922,-0.17329350019092174,-0.00129275272120879,-0.001224975446943652,439.10486477211214,True,0.0018498098188757235
-678.67,1025.82,4072.0,-678.6743211476485,1025.8173160045499,-680.1572716859332,1025.370003314613,-140.88838356257065,5.777489184060241,-0.003362518990219113,0.21590095902780304,3262.0,-678.6743211476485,-1025.8173160045499,-677.7700024504055,-1025.8244197321526,130.45074144829616,-10.130407028981814,-0.0035597997031650667,-0.2159194341477257,9.864035647297689e-05,-9.237559961322583e-06,1025.5972115233828,True,-6.043070627750384e-05
-678.57,720.86,3655.0,-678.5731481116894,720.8595443370305,-679.641586408008,720.3703371444172,-130.0239500388396,2.4036110736440186,-0.00499689013961551,0.19861599161946075,2832.0,-678.5731481116894,-720.8595443370305,-679.1218374890757,-721.6288287493599,120.4242726480396,-7.124505573067425,-0.002501234101826215,-0.19997836932159527,-0.0012478280188946472,-0.0006811888510672576,720.9995829468885,True,0.0010874256878430687
-675.98,991.49,4006.0,-675.9840696763464,991.4865291791939,-675.641548547623,992.6033142046708,-140.34030696188194,5.653796347171152,-0.0031580895017793167,0.21508397196464438,3212.0,-675.9840696763464,-991.4865291791939,-675.6044859340715,-991.6514304709593,129.17757153756995,-9.431464834964961,-0.0028659143244324187,-0.21386660027881918,-0.000146087588673449,0.0006086858429125985,992.1273723378151,True,9.251789803474652e-05
-673.52,684.08,3707.0,-673.5233663853857,684.0806055816065,-674.8503570722768,683.783281970767,-128.2537098657928,2.4437006573762923,-0.004485004913302035,0.19585724493515133,2780.0,-673.5233663853857,-684.0806055816065,-672.595314699844,-683.2955577907272,118.4517136589976,-6.759980375474961,-0.0023905407605263607,-0.19675901403759025,-0.001047232076387837,-0.0004508845512194576,683.5394198807471,True,0.0009626296602930657
-673.12,956.98,3956.0,-673.1228324557861,956.9773520970597,-672.1506339552567,956.5741259899531,-139.3322461124478,5.621573084468618,-0.0027681259265689216,0.2135223464297032,3148.0,-673.1228324557861,-956.9773520970597,-672.6530285217783,-957.0408445389468,128.22765219281226,-8.941922329016995,-0.0025106581346363444,-0.21231861026739313,-0.0001287338959662886,0.0006018680811550325,956.80748526445,True,8.453726963139415e-05
-672.93,331.16,2327.0,-672.9291454644092,331.1591236619339,-671.6077211142268,330.9958829306559,-100.08156303026514,-3.030126129673475,-0.008876293115932871,0.1510595931459106,2303.0,-672.9291454644092,-331.1591236619339,-672.5973974933089,-330.6731582234793,90.78284058817377,-6.964471029225147,-0.0070345547053099885,-0.15272266035546686,-0.0009208692053114414,-0.0008315336047781258,330.83452057706756,True,0.0017489081401041854
-672.45,503.39,2555.0,-672.4546423764627,503.3932398695313,-672.8921965755318,502.8667488244998,-118.07769972615223,0.16784729855011218,-0.005891458158053353,0.17968560332686143,2590.0,-672.4546423764627,-503.3932398695313,-671.4302151515261,-502.7673659691959,109.01922802332892,-5.864771847441067,-0.003176696004855002,-0.18173247794943037,-0.0013573810765991755,-0.0010234373112844725,502.8170573968479,True,0.00169617890070907
-670.46,398.59,2384.0,-670.4642934500171,398.5945699687459,-670.4662569741377,399.42829244874457,-108.8784221804965,-1.8170338078767359,-0.007783686584384931,0.1650742088006923,2413.0,-670.4642934500171,-398.5945699687459,-670.73133986254,-399.082387347026,99.72112771398933,-5.933587570734336,-0.004556046750408457,-0.16692553258676926,-0.001613819916988237,-0.0009256618930384847,399.2553398978853,True,0.002539710450321764
-664.66,812.85,3553.0,-664.663076499314,812.8486911710365,-663.4128311277586,812.5129092556058,-134.17312314117586,4.443287077034829,-0.002879112538062461,0.20541835883491433,2933.0,-664.663076499314,-812.8486911710365,-665.9080465527437,-813.6389537597034,124.26524532011018,-6.68518728480804,-0.0006751918253029429,-0.20592963825288518,-0.001101960356379759,-0.00025563970898542787,813.0759315076546,True,0.0008515589813931787
-663.99,463.92,2501.0,-663.9897911548491,463.9154634652092,-663.6707102682054,463.63913521608174,-114.85811797573353,0.19410334997226625,-0.0053692508347009645,0.1746744151168209,2468.0,-663.9897911548491,-463.91546346520926,-664.4376129771841,-464.01616013104785,106.09347556959317,-5.355316781775616,-0.002840458051631664,-0.1769903600875512,-0.0012643963915346503,-0.001157972485365144,463.8276476735648,True,0.0017127993274201245
-660.73,777.07,3603.0,-660.727462876406,777.0709232759308,-660.088561395091,778.3235494747241,-132.62881454622462,4.1725461658050405,-0.0028912939195460817,0.203001227610688,2883.0,-660.727462876406,-777.0709232759308,-661.5179924328454,-777.1917474979326,122.37910804242922,-6.472307421762964,-0.0007827509467282289,-0.20287399266824874,-0.0010542714864089264,6.361747121963468e-05,777.7576484863284,True,0.0008517027284881007
-659.23,357.65,2328.0,-659.2313931168253,357.6506260713797,-658.9899593940623,358.38731198887075,-103.87437821866985,-1.5906011091277754,-0.006920679977261491,0.15725057538607548,2302.0,-659.2313931168253,-357.6506260713797,-658.9121710584169,-357.25957115729216,94.4775850402835,-5.438245863151146,-0.0042798888328552075,-0.15843542618873255,-0.0013203955722031419,-0.0005924254013285335,357.8234415730815,True,0.002318542916713113
-656.49,741.03,3656.0,-656.4914316583873,741.02564068939,-656.3219111852338,740.700765502771,-131.06302933393133,4.366434632121899,-0.0021219456266846925,0.2005553331100557,2831.0,-656.4914316583873,-741.02564068939,-657.0811957449022,-741.3724227741335,121.33523672499048,-5.565631163389768,0.0002215908381662669,-0.20115828253835547,-0.0011717682324254798,-0.000301474714149888,741.0365941384523,True,0.0009935321682669831
-655.79,1075.89,4121.0,-655.789438046071,1075.8904279466467,-654.4673470412882,1075.7193217693048,-142.82473150738903,7.601675079448202,-0.0010758637037080107,0.21929737630761878,3333.0,-655.7894380460713,-1075.8904279466465,-657.8658766884665,-1076.727230812008,132.6615341916776,-8.29101270640897,-8.907369490078551e-06,-0.21919425479210827,-0.0005334781671089661,5.1560757755253483e-05,1076.2232762906565,True,0.00031145416152241726
-654.71,423.98,2383.0,-654.7050323829209,423.9826890009526,-653.0481236254983,423.9186619406828,-111.67537679199484,0.44051728189776096,-0.004490615322950474,0.16973901972751151,2414.0,-654.7050323829209,-423.9826890009526,-653.8184698509915,-423.3811099136501,102.45089152641721,-4.764501848683693,-0.0023978032387117912,-0.17106295516878112,-0.0010464060421193416,-0.0006619677206348012,423.64988592716645,True,0.0015519331616953437
-654.06,527.07,2554.0,-654.0588919617943,527.0739661999157,-654.6296426581366,527.8928362344004,-119.90718625150078,1.8003603772092038,-0.0035997267103200863,0.18282098256753387,2591.0,-654.0588919617943,-527.0739661999157,-654.6795255181813,-527.1113761068746,110.97929562439835,-4.278647744860597,-0.0003541606603006347,-0.1846468771829663,-0.0016227830250097259,-0.0009129473077162109,527.5021061706375,True,0.0019329299997492804
-653.49,1042.04,4073.0,-653.4933714593036,1042.0395450551541,-654.5817453107894,1041.5316203715654,-141.41798718362134,7.5446913885620175,-0.0007478602129723051,0.21705707214717476,3261.0,-653.4933714593036,-1042.0395450551541,-653.080537184078,-1042.101185053968,131.19889089304453,-8.089566994941462,-0.00011236080506889987,-0.21680777975944301,-0.00031774970395170263,0.00012464619386587383,1041.8164027127668,True,0.000191634559220934
-651.92,704.7,3706.0,-651.9227585912506,704.6961876090814,-650.9446404980557,705.9765539554046,-129.60933113113302,4.105805916617499,-0.002111482633742128,0.1983075558508896,2781.0,-651.9227585912506,-704.6961876090814,-652.4139964499913,-704.7585645774183,119.76969257637619,-5.348084439726016,0.0001194182743766616,-0.19860948257640193,-0.0011154504540593947,-0.0001509633627561624,705.3675592664115,True,0.0009936070651054287
-651.06,1008.03,4005.0,-651.0555166389113,1008.0311077809257,-649.2947765787125,1007.8756616781137,-140.68055307723876,7.576624504731899,-0.00028485346704111006,0.21594815867745254,3213.0,-651.0555166389113,-1008.0311077809257,-650.4908905794498,-1007.590431744356,130.27484905823374,-7.679296972297436,0.00011795195645542892,-0.21530540617139246,-0.00020140271174826947,0.0003213762530300396,1007.7330467112349,True,0.00012557398642554053
-648.46,973.86,3957.0,-648.4633966879669,973.8558533766198,-648.3421036241617,973.4300619538617,-139.41199345149383,7.404547797944196,-0.0001368677264579554,0.21394085068684068,3147.0,-648.4633966879669,-973.8558533766198,-649.8045581048532,-974.2464346036342,129.58933963753822,-7.2841197952528445,0.00033853293930240837,-0.2142059785477981,-0.0002377003328801819,-0.00013256393047871018,973.8382482787479,True,0.00015336378928474347
-646.39,488.13,2502.0,-646.393954096994,488.1340554671977,-644.5832739864213,488.00335991460497,-117.13923946311183,2.249471797891034,-0.002396418349990923,0.1785386960362333,2467.0,-646.393954096994,-488.1340554671977,-645.5668706365087,-487.64421368929965,108.31285827603881,-3.7351851483142675,2.743365853812624e-05,-0.18029150790148574,-0.0012119260042645246,-0.000876405932626223,487.82378680195234,True,0.0015609644034179045
-644.49,383.58,2329.0,-644.4912604347459,383.57660932756636,-645.2893453712768,383.23144706550073,-106.74254144229904,0.5319435322372146,-0.0038468107094819614,0.1619831899806772,2301.0,-644.4912604347459,-383.57660932756636,-644.942923462078,-384.00093450126684,98.44375653715821,-3.7917728740947183,-0.001331944932693913,-0.1645767031811709,-0.0012574328883940243,-0.0012967566002468484,383.6161907833838,True,0.002059528257393858
-641.18,831.5,3554.0,-641.1802736172101,831.4973582183889,-639.9227805671057,831.1363850016178,-134.92455337610733,6.760312388186301,0.0005804665751018049,0.20690197920964767,2932.0,-641.1802736172099,-831.497358218389,-640.0441502191909,-831.1811843395157,124.42973085720803,-5.551894599085416,0.0013433387257299188,-0.20587467067911433,-0.00038143607531405694,0.000513654265266672,831.1587846705668,True,0.00028834845859103137
-637.98,448.75,2382.0,-637.9849013980397,448.74855497052414,-636.4942932992384,448.7137072886492,-113.86388972991085,2.3950820194568156,-0.0016834931749039159,0.17342488055932606,2415.0,-637.9849013980397,-448.74855497052414,-637.4389678420252,-448.20040123686044,104.94083390345723,-3.2141658354082128,0.00037359434846080924,-0.17482522222523716,-0.0010285437616823626,-0.0007001708329555517,448.4570542627548,True,0.0014410590690379442
-637.63,796.13,3602.0,-637.6306413606675,796.132630406507,-637.0062527295181,797.154686734862,-133.56238276676606,6.320972875795252,0.0002974089609564131,0.2047697359888403,2884.0,-637.6306413606675,-796.132630406507,-639.6147219533414,-797.0067085774673,123.46376799156697,-4.73912053833463,0.002218374942047753,-0.20433203383369256,-0.00096048299054567,0.00021885107757387,797.0806976561646,True,0.0007571244206186669
-634.83,550.08,2553.0,-634.829642457577,550.0830165140394,-633.0556126401779,550.3984429359631,-121.56346853294399,3.9525676057651338,-0.0004500080752099024,0.18572125425035235,2592.0,-634.829642457577,-550.0830165140394,-635.2489552399395,-550.7762241475538,112.70950922540645,-2.688870677717454,0.002465870878147712,-0.18716263198795483,-0.0014579394766788072,-0.0007206888688012364,550.5873335417584,True,0.0016637694586431333
-633.81,760.52,3657.0,-633.8107120578634,760.5156022598775,-633.3005678101935,761.7129078222257,-131.8966943518221,6.283942751411826,0.0006725281924073624,0.20216409396262308,2830.0,-633.8107120578634,-760.5156022598775,-635.6598278313312,-761.2288026476953,122.27607874545708,-4.191680426227529,0.002651481897633724,-0.2023933322089182,-0.0009894768526131808,-0.00011461912314755796,761.4708552349605,True,0.0008164549410384317
-630.0,1091.19,4120.0,-630.0,1091.1920087683927,-632.1930761475783,1090.7295256071195,-142.61113021087593,9.742844601044563,0.00214808387070097,0.21923021167706463,3334.0,-630.0,-1091.1920087683927,-629.860254605644,-1091.0064669032856,132.86424719783727,-7.060359446618926,0.0021246155428146806,-0.21917389846781998,1.1734163943144657e-05,2.815660462232583e-05,1090.8679962552026,True,-6.758647859566937e-06
-629.69,724.63,3705.0,-629.6914576319422,724.6300215871269,-630.8989325947665,724.4667162205187,-129.99351402057547,6.422686916139457,0.0013494994869141937,0.19916450115082054,2782.0,-629.6914576319422,-724.6300215871269,-629.6230449330097,-724.9302624854532,121.11081421812308,-3.312055729680294,0.0036069008462247054,-0.20046482379718633,-0.001128700679655256,-0.0006501613231828934,724.6984893529859,True,0.0009785911838929237
-629.29,29.98,2016.0,-629.2864236852951,29.97660696895787,-629.0832466581842,29.8517971329977,-16.545397313138604,-6.4098135166849515,-0.01056712920441262,0.018628452222679823,2013.0,-629.2864236852951,-29.97660696895787,-629.4060783132768,-30.065493311404172,5.9137085609462545,-7.0474381996993865,-0.010848134975232418,-0.01712027866069025,0.00014050288540989886,0.0007540867809947855,29.958645222200936,False,
-628.73,408.9,2330.0,-628.7320545977075,408.8960791220006,-627.2750364001243,408.79830759133546,-110.23732159315834,2.6331275272298362,-0.0008157891652499685,0.16776592609422228,2300.0,-628.7320545977075,-408.8960791220006,-629.0635947514862,-409.02140068679915,101.4920767230817,-2.2401026511885993,0.001444039898138225,-0.16923378173040915,-0.0011299145316940968,-0.0007339278180934355,408.9098541390673,True,0.0017361925402498556
-627.92,511.69,2503.0,-627.915220650015,511.6859150651333,-628.619616887696,512.6311490548402,-118.55028192298244,3.6956550947794544,-0.000396362012294894,0.1809799463356516,2466.0,-627.915220650015,-511.6859150651333,-628.909001864939,-512.3302095813524,110.63634861313558,-1.807470858857488,0.0033978149608790437,-0.183785449158305,-0.001897088486586969,-0.0014027514113267026,512.4806793180962,True,0.002325894221261797
-627.92,1057.64,4074.0,-627.9248607896801,1057.6437818104264,-626.4860808303017,1057.3626475327173,-142.0999822603837,9.723540769756493,0.0025260041195644283,0.21848658786416852,3260.0,-627.9248607896803,-1057.6437818104264,-626.734241949202,-1057.1855519323647,131.77904554987654,-6.84516404381874,0.0020529058355590823,-0.21740846221037818,0.00023654914200267304,0.0005390628268951703,1057.274099732541,True,-0.00014057679969963497
-627.15,59.89,2017.0,-627.1473112210433,59.88530728163522,-626.1523019593996,59.50543205934386,-28.182906245444958,-6.002014959770038,-0.010281264905692285,0.03718601814141842,2012.0,-627.1473112210433,-59.88530728163522,-627.2502891044484,-59.98644238158273,18.12548432815064,-7.005382345750868,-0.010414759953279146,-0.03652952154153831,6.674752379343032e-05,0.00032824829994005517,59.74593722046329,False,
-625.72,1023.95,4004.0,-625.7222440553977,1023.9490579585868,-626.8476000020859,1023.5337447547842,-140.3066851554158,9.511584950022344,0.002602967609860967,0.21562803936179908,3214.0,-625.722244055398,-1023.9490579585866,-627.7010171065062,-1024.8390837760296,131.243494163238,-6.240181785910292,0.00261961868586858,-0.21656794577486957,-8.325538003806435e-06,-0.0004699532065352424,1024.186414265407,True,5.10755633264298e-06
-623.59,89.66,2018.0,-623.5875083849876,89.65834811216969,-625.8572710334994,89.23013632418584,-38.49676023336456,-5.007882729245362,-0.009063091966670229,0.05360463982221862,2011.0,-623.5875083849876,-89.65834811216969,-623.4284221016754,-89.6997652325651,29.589772847959466,-5.731006820603639,-0.008022630052593122,-0.054728697109631505,-0.0005202309570385534,-0.0005620286437064415,89.46495077837547,False,
-623.38,990.1,3958.0,-623.3809501943779,990.0990813725435,-624.9113279469149,989.5809465105854,-139.3911341430134,9.155937950594568,0.0024527568293022254,0.21419460814036317,3146.0,-623.3809501943779,-990.0990813725435,-623.8530800754364,-989.9504532912389,129.78115860937407,-5.716516846078071,0.0030257772117999286,-0.2141934408758763,-0.00028651019124885163,5.836322434366048e-07,989.7656999009121,True,0.0001818810880385348
-620.33,472.86,2381.0,-620.3284395932727,472.8558205539776,-621.0422203008089,472.3773564094524,-115.1803534305011,4.184902024947601,0.0008752857674728235,0.1757093387316372,2416.0,-620.3284395932727,-472.8558205539776,-620.3744114042153,-472.9868789710674,107.55812304861234,-1.2599767462758236,0.0037873422015540195,-0.17878177811501098,-0.001456028217040598,-0.0015362196916868937,472.68211769025993,True,0.0019354434529599064
-618.62,119.23,2019.0,-618.6150792755052,119.22828394705873,-616.6762661820395,119.38139971644364,-50.38374248055138,-4.278774068590391,-0.008271941197515715,0.07263579917041614,2010.0,-618.6150792755052,-119.22828394705873,-618.5492245861614,-119.42274583611719,40.59132531476707,-4.836965463669834,-0.0062357025026524935,-0.07217845627779979,-0.0010181193474316109,0.00022867144630817765,119.40207277628042,False,
-617.17,849.47,3555.0,-617.1745149070967,849.4678440936947,-616.4997887037042,850.668744684176,-134.97333878127168,8.189710702331547,0.0026162123693988146,0.20726648433938102,2931.0,-617.1745149070967,-849.4678440936947,-615.5105516933896,-849.0051037983916,125.42762004474362,-3.783744262440031,0.004375726445863378,-0.2071623983320852,-0.0008797570382322818,5.204300364791692e-05,849.8369242412838,True,0.0006504396712868054
-614.79,572.39,2552.0,-614.7913986326495,572.3910692588684,-615.3379914569472,571.884256429254,-122.03072484306233,5.748148584276041,0.0021446116343460204,0.18668190299078277,2593.0,-614.7913986326495,-572.3910692588684,-613.5973061817804,-571.7757507515028,113.7220787157079,-1.3440848316187841,0.004863344658834668,-0.188509019225384,-0.0013593665122443237,-0.0009135581173006085,571.8300035903784,True,0.001493652246852688
-613.98,814.51,3601.0,-613.9841901731261,814.5080811247059,-613.0191280995244,813.8832175172397,-133.65769965322428,8.354147377532675,0.0033284328194933825,0.20521520718983474,2885.0,-613.9841901731261,-814.5080811247059,-612.678484295854,-814.2351280145326,124.14006686661874,-2.8836591251578754,0.0053824294837358875,-0.2050785095515764,-0.0010269983321212525,6.834881912917701e-05,814.0591727658862,True,0.0007926722094362973
-612.24,148.53,2020.0,-612.2412880438313,148.52812937093904,-612.2887559917084,148.4813068769852,-59.36888066579595,-2.380552600398089,-0.005607213673597598,0.08698982445414216,2009.0,-612.2412880438313,-148.52812937093904,-612.6260930359439,-148.69325968001414,50.772226186662174,-3.8275775222351935,-0.004270736509921603,-0.08830932283530031,-0.0006682385818379973,-0.0006597491905790745,148.58728327849968,True,0.0028257242116913836
-611.98,433.57,2331.0,-611.9786941493708,433.56900016863625,-612.0953461225769,434.3412244569231,-112.42431544638332,4.190342358631502,0.0013497718035888544,0.17143254017176385,2299.0,-611.9786941493708,-433.56900016863625,-610.8411303839665,-433.0894497212605,104.10499267709854,-0.7286020448445564,0.0041444285715797925,-0.17316919660331334,-0.001397328383995469,-0.0008683282157747468,433.7153370890918,True,0.002024293913733986
-610.55,779.31,3658.0,-610.5516839022579,779.3116458029594,-610.556604211449,780.7496577271899,-132.66266092179455,8.273279639203421,0.003605513624441548,0.20366171232633673,2829.0,-610.5516839022579,-779.3116458029594,-611.6877028769354,-780.0658414092136,123.25400443981873,-2.083697329013466,0.006237137899072347,-0.20365616332728567,-0.0013158121373153997,2.774499525529106e-06,780.4077495682018,True,0.0010593810085513728
-608.58,534.54,2504.0,-608.5788305410672,534.5388732517655,-609.1535983929106,533.9042656121558,-119.88540881051624,5.851963597413487,0.002774978276600609,0.18334326657412112,2465.0,-608.5788305410672,-534.5388732517655,-609.4525972678089,-535.1458930784281,112.19153932921331,-0.4285256303056045,0.005871897511469414,-0.18602232999818222,-0.0015484596174344023,-0.0013395317120305505,534.5250793452919,True,0.0018201687989909756
-606.85,743.86,3704.0,-606.8509708553535,743.862822818774,-605.7115218334937,745.0493515100411,-131.069614576874,8.38414724068718,0.0042191855742153795,0.20118563791509106,2783.0,-606.8509708553535,-743.862822818774,-608.0355528603426,-744.4989331657785,122.09086979340316,-1.611115477034688,0.006553688316291898,-0.2017602492605271,-0.0011672513710382594,-0.00028730567271802177,744.7741423379098,True,0.0009847356731895374
-604.48,177.49,2021.0,-604.4805733771334,177.49151081010078,-604.0608149492597,177.2948860080172,-68.5038874615668,-0.5966607479675964,-0.003120940732972784,0.10162940669212245,2008.0,-604.4805733771334,-177.49151081010078,-604.0802991431601,-177.44322747171358,59.881912937922664,-2.5159626952817478,-0.0018311366029141799,-0.10270317949415346,-0.0006449020650293021,-0.0005368864010155058,177.36905673986539,True,0.0022845242874041573
-603.85,1105.88,4119.0,-603.8537232672714,1105.875526854742,-603.2471567415826,1107.0299136071726,-143.2676143147504,11.256654954727232,0.004357757468001698,0.2206295384686825,3335.0,-603.8537232672714,-1105.875526854742,-603.2213820419688,-1105.970231088427,133.89527379474964,-5.107291153414175,0.0054162810874328424,-0.22048858271179891,-0.0005292618097155724,7.047787844179088e-05,1106.5000723477997,True,0.0003005377143265919
-601.98,1072.62,4075.0,-601.9839528076352,1072.6207720168834,-600.4834111047231,1072.285367838973,-142.2731446443315,11.46910565242759,0.005121398764460664,0.21908063834849786,3259.0,-601.983952807635,-1072.6207720168834,-601.2357636893488,-1072.0607679256798,132.54420856063967,-4.615162384146594,0.005784240074677833,-0.21831397779322026,-0.00033142065510858437,0.000383330277638802,1072.1730678823264,True,0.00019422026658317784
-601.76,496.27,2380.0,-601.7615602611156,496.26910501471656,-600.315397621677,496.3030524182402,-117.7959876178626,6.219329904149812,0.003820160950925219,0.18012609066907626,2417.0,-601.7615602611156,-496.26910501471656,-602.2662161656885,-496.7736812705807,109.82602448478515,0.3734780250284042,0.0066783825357032214,-0.18216948477930447,-0.0014291107923890011,-0.0010216970551141097,496.53836684441046,True,0.0018083935769426694
-600.0,1039.23,4003.0,-600.0,1039.2304845413264,-599.3390535172063,1040.374110835671,-141.29682872295615,11.371099285403071,0.0053562330855927934,0.2175407982157648,3215.0,-600.0,-1039.2304845413264,-601.2238437756376,-1039.8201097810772,132.07607596151198,-3.915215839147088,0.00650338913440789,-0.21756877563862412,-0.0005735780244075484,-1.398871142965774e-05,1040.097110308374,True,0.0003464962049947527
-599.81,14.96,1849.0,-599.8135092004898,14.958415042843894,-600.0757772569572,14.463684790273753,-11.007827221100042,-3.4958409955233365,-0.005740940102248354,0.01017038938483294,1847.0,-599.8135092004898,-14.958415042843894,-597.978438304836,-15.464355199033411,-0.5956170496346722,-3.2167654890951916,-0.004930249744980327,-0.006375471734923552,-0.0004053451786340135,0.0018974588249546938,14.964019994653583,False,
-598.32,44.84,1850.0,-598.3222783087081,44.83805615185447,-597.768539928007,44.92364098983353,-22.340057330921713,-3.536589141012772,-0.006178835047238529,0.028234450440136675,1846.0,-598.3222783087081,-44.83805615185447,-598.422764838596,-44.96549534292999,12.924187858291672,-3.684844446059264,-0.005313920879558084,-0.02789835119727379,-0.00043245708384022233,0.00016804962143144274,44.94456816638176,False,
-597.89,1005.7,3959.0,-597.8918549531193,1005.6964401750253,-596.7190521164272,1005.324856818736,-140.49936503919415,11.866741473479488,0.006574319391056674,0.21630368242977197,3145.0,-597.8918549531188,-1005.6964401750254,-597.8696739907338,-1005.8389401049205,130.63041507608537,-3.915699829003336,0.006086452377481542,-0.21522685645276143,0.00024393350678756634,0.0005384129885052658,1005.5818984618282,True,-0.00015241716543633755
-595.35,206.05,2022.0,-595.3505157902412,206.05281688997562,-594.6646024304813,206.31331018809092,-76.0229024286365,0.8679890362086594,-0.0011452660561617476,0.1137113658438402,2007.0,-595.3505157902412,-206.05281688997562,-595.3931088634571,-206.39608721531576,67.93799869142178,-0.6334894259175662,0.0015194975454780116,-0.11541844640688922,-0.0013323818008198797,-0.0008535402815245119,206.35469870170334,True,0.00405689902247709
-595.34,74.61,1851.0,-595.3435239601032,74.60622278849107,-594.9295084170121,74.5139414993539,-33.51607407149961,-2.265897891691667,-0.004518858720090336,0.04605640306543897,1845.0,-595.3435239601032,-74.60622278849107,-595.2056587892446,-74.64591204806757,25.078084360037014,-3.1188685421246642,-0.00404964699355167,-0.04720247844756516,-0.0002346058632693329,-0.0005730376910630941,74.57992677371074,False,
-594.26,457.56,2332.0,-594.2576695961807,457.5563595078932,-593.0046197652304,457.49217750325005,-114.49005205990899,6.4206302640426,0.004615856156336973,0.1749540657112337,2298.0,-594.2576695961807,-457.5563595078932,-595.1988950503466,-457.96707421491527,106.92124289503961,1.242035829579796,0.0075854717514339635,-0.17745982800323143,-0.0014848077975484954,-0.0012528811459988631,457.72962585908266,True,0.0020381731944994373
-593.97,593.97,2551.0,-593.9696961966999,593.9696961966999,-594.4691305739697,594.8684052518657,-123.40988093001734,7.460000190460356,0.004587621836894617,0.18913247844920528,2594.0,-593.9696961966999,-593.9696961966999,-592.9289126450386,-593.4631102123689,115.49028623064682,0.8072656272995183,0.008552929760392467,-0.19107008363460165,-0.001982653961748925,-0.0009688025926981869,594.1657577321173,True,0.002096617329351167
-592.67,866.75,3556.0,-592.6653798101078,866.7454918109125,-593.8615570153223,866.336650536558,-135.03602308097382,10.35564451092945,0.005871518671962656,0.2076434993102328,2930.0,-592.6653798101078,-866.7454918109125,-593.0180504170075,-867.6218020800511,126.95637423653757,-1.4627251048413814,0.008297741364093109,-0.2093200211431188,-0.0012131113460652266,-0.0008382609164429983,866.9792263083045,True,0.0008791679378554531
-590.88,104.19,1852.0,-590.8846518073248,104.1889066001582,-590.6926630478846,104.21464699380181,-44.77171958685403,-1.3066379227134186,-0.0033558927967974007,0.06402220781032077,1844.0,-590.8846518073248,-104.1889066001582,-590.7887602360872,-104.33849841998149,36.279651305141535,-2.110658494253556,-0.0020813865658513187,-0.06497623230769269,-0.000637253115473041,-0.0004770122486859596,104.27657270689164,False,
-589.81,832.18,3600.0,-589.8084922602127,832.1814360208564,-591.4572324830038,831.8751827233278,-133.51265491453572,10.091934054964954,0.005873859107245744,0.20524842926917836,2886.0,-589.8084922602127,-832.1814360208564,-590.2717251131653,-832.2570262433278,125.16529633787862,-1.3055999968102643,0.008114702290104548,-0.20643579796128572,-0.001120421591429402,-0.0005936843460536828,832.0661044833278,True,0.0008460645666473061
-588.41,556.66,2505.0,-588.4111949531416,556.6617156351027,-586.9576345138513,556.979358971359,-121.75468734425823,7.918990828726613,0.005782154247926855,0.186590149128198,2464.0,-588.4111949531416,-556.6617156351027,-588.6181150493435,-556.5970697246994,113.4722414967023,1.1304785080677124,0.008615841639133986,-0.18780547146551674,-0.0014168436956035657,-0.0006076611686593736,556.7882143480292,True,0.0015988649294975618
-586.74,797.4,3659.0,-586.7355694503766,797.3966212254365,-586.1420305074411,796.8446718932543,-132.77624922966126,10.310125237942136,0.006650138876135039,0.20414149835488912,2828.0,-586.7355694503766,-797.3966212254367,-586.9927638690375,-797.5814445868119,124.05822917223587,-0.4535608982236261,0.009046093724750043,-0.20463368849441632,-0.0011979774243075017,-0.0002460950697635994,797.2130582400331,True,0.0009441784818927789
-584.96,133.51,1853.0,-584.9567473090942,133.5125603737887,-585.1745122461864,133.46683739768721,-54.77303196709456,0.02946570910705344,-0.0015876686042161918,0.0800073714807013,1843.0,-584.9567473090942,-133.5125603737887,-585.0004144399719,-133.69875574780008,46.7788027286745,-1.0695142176981778,-6.477971001801724e-05,-0.08161526106701596,-0.0007614444470990873,-0.0008039447931573254,133.58279657274363,True,0.0035815214870435355
-584.87,234.15,2023.0,-584.8717978001258,234.1473470660063,-585.3196686954856,234.12879058913146,-82.71666294177207,2.747955442994826,0.0015061379748423376,0.12447926372916193,2006.0,-584.8717978001258,-234.1473470660063,-585.2423305326793,-234.42649296787567,75.38305530654112,0.9421612658878454,0.004370511126160488,-0.12714330571900603,-0.0014321865756590753,-0.0013320209949220507,234.27764177850355,True,0.0038410381720628338
-583.42,762.38,3703.0,-583.4233949573104,762.3759848109634,-581.9392587854032,762.0039463073625,-131.4204204027964,10.382353401435912,0.00719178698969351,0.2020351009883313,2784.0,-583.4233949573103,-762.3759848109635,-582.2196435535683,-761.9298214174079,122.42601506842374,-0.23595771423061973,0.00895579548664026,-0.20197748279134303,-0.0008820042484733752,2.8809098494134155e-05,761.9668838623852,True,0.0007273014421291777
-582.31,518.95,2379.0,-582.3115128573311,518.9540461291408,-582.9671440932069,518.4080376624761,-118.61938419054177,8.121994030717401,0.006577625804195499,0.18164903060606544,2418.0,-582.3115128573311,-518.9540461291408,-580.9852201275653,-518.4772901818795,111.03988704114359,1.9045714277642867,0.009380996879049043,-0.1838407792589455,-0.0014016855374267717,-0.0010958743264400383,518.4426639221779,True,0.0016987510069904313
-577.57,162.5,1854.0,-577.5745481700072,162.50428088580313,-577.2513303456134,162.36120413378416,-64.04950254698855,1.6020561031265228,0.000561318216914676,0.09486836794685569,1842.0,-577.5745481700072,-162.50428088580313,-577.4119613024644,-162.45127159843256,56.247607691713284,0.190298392223659,0.002292405613961035,-0.0965923966377156,-0.0008655436985231796,-0.0008620143454299567,162.40623786610837,True,0.00334862227014103
-577.37,1119.93,4118.0,-577.3654173765369,1119.9326653052035,-578.7910201073148,1119.4298570081728,-143.03702988542742,13.516451785793409,0.0078024740580445165,0.22056206559330213,3336.0,-577.3654173765373,-1119.9326653052035,-576.5224369050969,-1119.2820915464474,133.79560288991172,-3.6780136007577284,0.007854076956879312,-0.22000297028315147,-2.5801449417397603e-05,0.0002795476550753323,1119.35597427731,True,1.4482907279607494e-05
-575.69,1086.96,4076.0,-575.6860320360908,1086.9616334160746,-574.6096371726225,1086.4977381319159,-142.5487034326913,13.706445601801788,0.008508177374250246,0.2198360791887114,3258.0,-575.6860320360908,-1086.9616334160746,-574.9554476707891,-1086.247546185786,132.96920056519608,-3.2743908534731148,0.00809188932979084,-0.21866851925889855,0.00020814402222970284,0.0005837799649064251,1086.3726421588508,True,-0.00012038295254306493
-575.6,480.82,2333.0,-575.5970015204309,480.8202281941651,-575.5192467092985,481.65384095887174,-116.0270168930089,7.946976151296167,0.00674920384772354,0.17761436410615022,2297.0,-575.5970015204309,-480.8202281941651,-575.5306203688264,-480.8924417082526,108.93757604433661,2.858757377796563,0.010439330365199574,-0.18042804505309568,-0.0018450632587380168,-0.0014068404734727258,481.2731413335622,True,0.002408793128574938
-573.9,1053.87,4002.0,-573.9047743455818,1053.8658880442742,-572.2249941512567,1053.6394921387375,-141.66338828409633,13.514445951095624,0.008605014486696731,0.2184562610261707,3216.0,-573.904774345582,-1053.865888044274,-573.4853140329778,-1053.9894668948555,132.18077095875205,-2.7049320489865445,0.008603147344059174,-0.21739568988066404,9.33571318778581e-07,0.0005302855727533223,1053.8144795167964,True,-5.566256402211788e-07
-573.07,261.71,2024.0,-573.0681570733465,261.71145819118857,-572.1362869921959,261.49364728130195,-88.84364066843061,4.982454224960926,0.004727316582143916,0.1343921081613456,2005.0,-573.0681570733465,-261.71145819118857,-572.9519880501397,-261.5506139879687,81.42262522596378,2.2090670728055666,0.0067190427164689715,-0.1366050602963004,-0.0009958630671625278,-0.0011064760674773938,261.52213063463535,True,0.0023926052362658844
-572.39,614.79,2550.0,-572.3910692588684,614.7913986326495,-573.5644474700323,614.2148063871318,-124.38261913212129,9.847505708852784,0.008150520036154383,0.19093665846804608,2595.0,-572.3910692588684,-614.7913986326495,-572.5477441773919,-614.6690026045577,116.78314617683077,2.261197756840629,0.011126642602589217,-0.19287812652890768,-0.0014880612832174171,-0.0009707340304307976,614.4419044958447,True,0.0015216678293720942
-572.01,1020.64,3960.0,-572.0127382105893,1020.6377551927147,-573.8836835946076,1020.3308348560826,-139.695311856537,13.081622045491322,0.008324084068151575,0.2153036561832696,3144.0,-572.012738210589,-1020.6377551927148,-571.1491378952481,-1020.664511006139,131.283531636284,-2.276703614042047,0.008876564235304644,-0.21593907806181145,-0.00027624008357653423,-0.00031771093927092375,1020.4976729311109,True,0.00017008050879693755
-569.22,29.83,1690.0,-569.2188348101071,29.831495058477987,-569.6093448056616,29.96743368104447,-16.470186913664175,-0.8545767323403107,-0.0017271114593356864,0.01923712641671279,1687.0,-569.2188348101071,-29.831495058477987,-569.063124089873,-29.962964899076823,7.295090789360195,-0.12098186824262504,0.00017440699469830075,-0.01857979823687874,-0.0009507592270169936,0.00032866408991702456,29.965199290060646,False,
-568.76,191.09,1855.0,-568.756407700279,191.0919901510105,-568.3589370597402,191.31357574752084,-72.52451480380199,3.2020412177488997,0.0027531947058684497,0.10846567378054794,1841.0,-568.756407700279,-191.0919901510105,-568.8672586809595,-191.33550105932662,64.72400851618805,1.6422390773036077,0.00495698535963314,-0.10997836080495368,-0.001101895326882345,-0.00075634351220287,191.32453840342373,True,0.0036186746277774395
-567.67,883.32,3557.0,-567.6728583283773,883.3162094727403,-568.380014354275,882.8715321368899,-135.58300509987075,12.467533099397786,0.009030191506720506,0.20882611999281017,2929.0,-567.6728583283773,-883.3162094727403,-568.8820038710322,-883.2963920851353,127.1581751697322,-0.4069195966811861,0.010170074298321645,-0.20934560379624376,-0.0005699413958005694,-0.00025974190171679234,883.0839621110126,True,0.0004055160729549507
-567.44,578.02,2506.0,-567.4398604505657,578.0242250735195,-568.6251414421251,578.9037960563791,-122.27869645534012,9.350018044597483,0.007791196812785211,0.1876486530760425,2463.0,-567.4398604505657,-578.0242250735195,-566.1307658399006,-577.6236095106119,114.7209639568337,2.915579967353756,0.011714430313120701,-0.18951747303060762,-0.001961616750167745,-0.0009344099772825576,578.2637027834955,True,0.0021314153877622774
-566.88,59.58,1691.0,-566.8774803599158,59.581224062562484,-563.7955136578162,59.699849465296126,-28.72713494311077,-0.22904015764189348,-0.001095671169352113,0.038815866910125486,1686.0,-566.8774803599158,-59.581224062562484,-566.7302136008265,-59.6174051461259,20.327905135625056,-0.14877162299833638,0.0004933553515394393,-0.03929359540147931,-0.0007945132604457761,-0.0002388642456769112,59.65862730571101,False,
-565.12,849.14,3599.0,-565.1243867724439,849.1374608831419,-563.815616481546,848.8063596814458,-134.76308976253458,12.37625595944147,0.009302114669472205,0.20757708426119045,2887.0,-565.1243867724439,-849.1374608831419,-566.3817451021913,-850.0938944539135,125.9951593151813,0.5569577175881028,0.011297502601586218,-0.2074639859734713,-0.0009976939660570061,5.654914385957999e-05,849.4501270676797,True,0.0007379710554910134
-562.98,89.17,1692.0,-562.9823541392285,89.16764507293159,-564.995303552391,88.80840977870406,-38.853228436000954,1.391316080637872,0.001126714131098139,0.05491735145187731,1685.0,-562.9823541392285,-89.16764507293159,-562.7817877306255,-89.3110145311121,31.464944979660928,0.3411274848466479,0.0016367108264154883,-0.05697038856286111,-0.0002549983476586746,-0.0010265185554918996,89.05971215490808,False,
-562.38,814.75,3660.0,-562.3840992638442,814.75402723472,-561.7896777765433,815.9344418661566,-133.43166851541363,12.164036370530205,0.009366938189209629,0.20548287314938002,2827.0,-562.3840992638442,-814.75402723472,-562.7916846910932,-814.9533738498855,124.57382821571984,1.1809202510374281,0.011860204814104654,-0.20515789989851632,-0.0012466333124475128,0.00016248662543184855,815.443907858021,True,0.0009605600135987066
-562.01,540.88,2378.0,-562.0068430086138,540.8773506179485,-562.4504892237259,541.8439512135457,-120.14855869694134,9.718699333611404,0.008831842222896518,0.18433405433709002,2419.0,-562.0068430086138,-540.8773506179485,-562.1011798134024,-540.8222332099881,112.85177380295643,3.644772234680939,0.012424270394049471,-0.18649321427417737,-0.0017962140855764764,-0.001079579968543673,541.3330922117668,True,0.0020848431609697578
-559.97,288.68,2025.0,-559.9663326526017,288.68270868826863,-559.7250549927088,289.157516078586,-93.89485046751447,6.475328756183523,0.006764501542079573,0.14258335826412222,2004.0,-559.9663326526017,-288.68270868826863,-560.2857489714156,-288.9771943615496,86.93903619966308,4.222694722971159,0.010259723242950079,-0.14522957795583283,-0.0017476108504352527,-0.0013231098458553053,289.06735522006784,True,0.0037986173878966256
-559.64,19.99,1611.0,-559.6431823679153,19.987706949829207,-559.3829561469524,19.882107614988275,-13.103906554414273,0.09823436592285613,-8.715078339629422e-05,0.014004767131105666,1614.0,-559.6431823679153,-19.987706949829207,-558.1506224582193,-20.324345165528296,2.137214651809501,0.8768918299568981,0.001644528396806847,-0.010237138293972737,-0.0008658395901015707,0.0018838144185664646,20.103226390258286,False,
-559.43,780.15,3702.0,-559.4313946044489,780.1515972751203,-560.5874351348747,780.1246390107957,-131.1943760116832,12.188345634805566,0.009844189269015785,0.2019368353712854,2785.0,-559.4313946044491,-780.1515972751201,-559.628517873387,-779.53068803926,123.55790744515596,1.7125841878581505,0.012272553578053907,-0.20350227255606398,-0.001214182154519061,-0.0007827185923892921,779.8276635250279,True,0.000978284283867159
-558.57,39.95,1610.0,-558.573184181742,39.949942591570135,-558.1991136888803,39.828965902905566,-20.075229804334082,0.2717324073609709,-5.530870659214542e-05,0.025114471168735063,1615.0,-558.573184181742,-39.949942591570135,-558.2651845495011,-39.949163020910824,11.678729491216458,0.7619893637338248,0.0017020000539499731,-0.02542433384555959,-0.0008786543802710593,-0.000154931338412264,39.88906446190819,False,
-558.52,219.2,1856.0,-558.5242491865225,219.2046146198372,-558.7855753426271,219.2379321240586,-79.48156856663792,5.093133740978778,0.0054209731000486525,0.119655413438895,1840.0,-558.5242491865225,-219.2046146198372,-558.7773053704803,-219.34199280669785,72.46459767074366,3.3153511914008553,0.00796282073732796,-0.12217431968440179,-0.0012709238186396537,-0.0012594531227533914,219.2899624653782,True,0.003641502681675181
-557.54,118.51,1693.0,-557.5441324182692,118.50966376612284,-557.50742057791,118.38799917439802,-50.30232540248312,2.7795969719897506,0.0029739713648228223,0.07323085911306702,1684.0,-557.5441324182692,-118.50966376612284,-557.6651806043392,-118.63638784934183,42.489905790485295,1.4590753341024827,0.0037751271411536804,-0.0744544957185656,-0.00040057788816542906,-0.000611818302749291,118.51219351186992,False,
-556.79,59.86,1609.0,-556.7913689922625,59.86126807646306,-556.509062524342,59.73072839763601,-28.027970697557986,1.0357237957415109,0.0009168850074554005,0.03779234942235403,1616.0,-556.7913689922625,-59.86126807646306,-556.6716163937132,-59.87789549617626,20.58280001401865,1.01613446105241,0.0023505511849346346,-0.039576085833015744,-0.000716833088739617,-0.000891868205330857,59.80431194690613,False,
-556.03,503.32,2334.0,-556.0261962739636,503.3238212692777,-556.6198852980768,504.24916210528437,-117.79543664375414,9.972564419496914,0.009696303418164678,0.18066035152055565,2296.0,-556.0261962739636,-503.3238212692777,-556.8734042642163,-503.9069800634367,110.63086216902356,4.389803788635935,0.013157924835954203,-0.18289449920174408,-0.0017308107088947625,-0.0011170738405942154,504.07807108436054,True,0.0021574047830016903
-554.3,79.7,1608.0,-554.3000074533223,79.69630943303973,-554.1264020111323,79.62794475802464,-35.70020371599571,1.9526664607862374,0.002132563915220111,0.050032267895392085,1617.0,-554.3000074533223,-79.69630943303973,-554.2569755161253,-79.70946563561623,28.21613553647271,1.2207785470117871,0.0029191290649697057,-0.051695344598470104,-0.0003932825748747973,-0.0008315383515390094,79.66870519682044,False,
-551.1,99.43,1607.0,-551.102274428225,99.42978990241004,-551.0496421292037,99.3322046678659,-43.27647846229371,2.784953899675654,0.003215872978388147,0.06212796465115262,1618.0,-551.102274428225,-99.42978990241004,-550.8437363368089,-99.49943516189431,35.878703756488896,1.9406363388955057,0.0043071855438895,-0.06384889884078347,-0.0005456562827506767,-0.0008604670948154265,99.4158199148801,False,
-550.58,147.53,1694.0,-550.5777209847689,147.5268557084368,-550.3409749725953,147.65897992806134,-60.14767238909096,4.134563162165598,0.004771986126516239,0.08898798277171158,1683.0,-550.5777209847689,-147.5268557084368,-550.3952150615349,-147.54594557132054,52.51192601823865,2.720211213386854,0.006136341801271604,-0.09031600123792943,-0.0006821778373776823,-0.0006640092331089281,147.60246274969094,True,0.0029039148025353486
-550.55,1133.36,4117.0,-550.5500855853929,1133.35546200736,-550.4700442765443,1134.6205309040988,-143.51850822768446,15.087388646717613,0.010116657953963623,0.2216752083975986,3337.0,-550.5500855853929,-1133.35546200736,-552.4942239350394,-1133.982403951294,135.24978862647134,-1.5437337512089744,0.011430923164066645,-0.2220231058922424,-0.000657132605051511,-0.00017394874732189203,1134.3014674276965,True,0.0003640025202728116
-550.08,634.83,2549.0,-550.0830165140394,634.829642457577,-551.0114674898457,635.6315146296366,-125.32184701626784,11.536495899892538,0.010576341568701002,0.19270769180653852,2596.0,-550.0830165140394,-634.829642457577,-551.3158264662178,-635.4667334893198,118.07386003186669,4.126589231377891,0.01435021458825247,-0.19467233471016293,-0.0018869365097757334,-0.000982321451812207,635.5491240594782,True,0.001865468978711718
-549.05,1100.66,4077.0,-549.0466947280852,1100.657861012297,-548.993590198722,1101.6189330655889,-142.7056982038744,15.140368900049854,0.010605148319429778,0.22039966315979476,3257.0,-549.0466947280852,-1100.657861012297,-548.3995587900599,-1100.7892367375546,134.0295172922182,-1.143502265436522,0.011661395539117016,-0.220030836491699,-0.0005281236098436193,0.00018441333404788096,1101.2040849015716,True,0.00030133365388311935
-547.45,1067.85,4001.0,-547.4527888237955,1067.8461705737625,-547.5882814483301,1067.7217048672042,-141.23473349317516,15.267091480674983,0.011221972004653332,0.21807576088972083,3217.0,-547.4527888237955,-1067.8461705737625,-546.6832176110784,-1067.1791633894188,132.83891688839122,-0.8876456927038864,0.011656982265362222,-0.21811491711268008,-0.0002175051303544449,-1.9578111479623406e-05,1067.4504341283114,True,0.00012802702547919483
-547.2,119.04,1606.0,-547.2022449438493,119.036562149667,-546.9576478753914,118.94013250693949,-50.520767283055385,3.8497132873698092,0.004670352415638275,0.07370772294386281,1619.0,-547.2022449438493,-119.036562149667,-547.1010106096977,-118.99592541612533,42.9680330768424,2.6939537357788805,0.005744900405422333,-0.07508607982574592,-0.000537273994892029,-0.0006891784409415527,118.96802896153241,False,
-546.9,246.77,1857.0,-546.903511387004,246.77226187836683,-546.13231742964,246.67405240985804,-86.15260882019963,7.2024051258878545,0.008441973351530805,0.1304276678644777,1839.0,-546.903511387004,-246.77226187836683,-546.3927805802302,-246.6362415604094,79.15258043720716,4.823457049149185,0.010697317681011738,-0.1326669019112371,-0.0011276721647404666,-0.0011196170233796904,246.6551469851337,True,0.0028725827388632373
-545.76,1034.91,3961.0,-545.76048163507,1034.9132797898849,-547.5089229361153,1034.539112186536,-140.06556977847012,15.296278393933356,0.011674810732186952,0.21621595094647708,3143.0,-545.76048163507,-1034.9132797898849,-546.4955414343417,-1035.339779973479,132.10278033980478,-0.29716123345454104,0.012206831405525123,-0.21694102094265366,-0.0002660103366690855,-0.00036253499808829026,1034.9394460800074,True,0.00016149662139632894
-545.69,598.6,2507.0,-545.6934713537113,598.5972229487339,-546.5666335416612,598.0176291879103,-123.11260081949092,11.785254163701309,0.011432908876477004,0.1892460030400775,2462.0,-545.6934713537113,-598.5972229487339,-544.6513478852094,-597.9842074840685,116.03209442874652,4.662296551965924,0.014743771790353554,-0.19134114413806666,-0.0016554314569382752,-0.0010475705489945836,598.0009183359894,True,0.0017393589689160655
-545.6,315.0,2026.0,-545.5960043841964,315.0,-546.275131844463,314.9169334233159,-97.98235319537169,8.552405320200808,0.009754796680124732,0.14925354174843558,2003.0,-545.5960043841964,-315.0,-545.9255249977743,-315.0800167552732,91.70087767767056,5.681742385468877,0.012901550277592364,-0.15263241477685638,-0.0015733767987338157,-0.001689436514210399,314.9984750892946,True,0.0031383701085089923
-542.6,138.49,1605.0,-542.6048889976441,138.49164031036062,-542.2096746923899,138.38578063116435,-57.21597399873457,4.77476091337619,0.005904461113346794,0.08442162368085085,1620.0,-542.6048889976441,-138.49164031036062,-542.4124548304995,-138.49426799489507,49.76000219256033,3.638644079832878,0.007487217457486225,-0.08583841379125423,-0.0007913781720697154,-0.000708395055201691,138.4400243130297,True,0.0035917183111207267
-542.22,899.17,3558.0,-542.21733472091,899.1664817641682,-544.4883041030314,898.695657002072,-135.56474113218704,14.05558140790697,0.011363851260470148,0.2090896531127237,2928.0,-542.21733472091,-899.1664817641682,-542.0414189319282,-899.1084161080263,127.84503474891382,1.6844847718768277,0.01369229716016427,-0.21011005885302264,-0.0011642229498470607,-0.0005102028701494676,898.9020365550491,True,0.0008137737189688025
-542.1,176.14,1695.0,-542.1022142882375,176.13968679372002,-542.0828077435314,176.07191682703072,-68.51308234369704,5.862037052172764,0.007173373745699615,0.1024030837743865,1682.0,-542.1022142882375,-176.13968679372002,-542.2077120629755,-176.37401051528056,61.82382124243329,4.403988212682498,0.009169212655584846,-0.10503607065566939,-0.0009979194549426156,-0.001316493440641442,176.22296367115564,True,0.0035580566382622937
-540.88,562.01,2377.0,-540.8773506179485,562.0068430086138,-539.3887866449837,562.0448675115189,-121.53136801278566,11.950548217103181,0.012136539969445926,0.18681729976263062,2420.0,-540.8773506179485,-562.0068430086138,-542.3285798724199,-562.7055485799377,114.37889491337239,5.378667347028805,0.015451854543041463,-0.18868154851333943,-0.0016576572867977686,-0.0009321243753544067,562.3752080457283,True,0.0018520318391951616
-539.95,865.36,3598.0,-539.9531511013346,865.3615398293013,-540.9564599872496,864.9378530541475,-134.49864008504542,14.231571510584528,0.012057379117366098,0.20743615499691367,2888.0,-539.9531511013346,-865.3615398293013,-538.1228218357268,-864.7036583628978,126.57459867302202,2.4407608002260575,0.014474593707965921,-0.20804010608708892,-0.0012086072952999117,-0.0003019755450876238,864.8207557085227,True,0.0008780898873960302
-539.79,14.88,1538.0,-539.7949657934738,14.879344878807366,-537.8969182487907,14.72410520352596,-11.518427519730396,2.555547516834574,0.003886954479128236,0.011744537798962985,1536.0,-539.7949657934738,-14.879344878807366,-539.4669049058441,-14.99066537237637,0.56800329720179,2.6811169247091287,0.004450720387880542,-0.007510841873563377,-0.000281882954376153,0.0021168479626998042,14.857385287951164,False,
-538.16,44.59,1539.0,-538.1556262236018,44.59284655505939,-537.6154243368861,44.572497518112925,-22.187558803661897,2.5369058409959933,0.003491732879638604,0.02872843507060619,1535.0,-538.1556262236018,-44.59284655505939,-538.1226293500168,-44.620365209919896,14.998661074340559,3.3169931324640314,0.005825622934551697,-0.03046148374029149,-0.0011669450274565465,-0.0008665243348426489,44.59643136401641,False,
-537.52,831.37,3661.0,-537.5194923794639,831.368026395124,-537.4717248296968,832.4081288639296,-134.00243065659643,14.544875960902003,0.0129544092866294,0.20668909062038593,2826.0,-537.5194923794639,-831.368026395124,-538.0575753034051,-831.5008465861132,125.58564427337954,2.8562953669911875,0.014729303576159527,-0.20646533720262183,-0.0008874471447650632,0.00011187670888204715,831.9544877250214,True,0.000670228353011698
-537.32,157.77,1604.0,-537.3160652241186,157.7702318312007,-537.0911565964378,157.72942230989543,-63.39124272108078,5.880062584112305,0.007426702303536383,0.09431255545393302,1621.0,-537.3160652241186,-157.7702318312007,-537.2903424541269,-157.66363617757045,56.23699322898393,4.406052000437588,0.008943351828893277,-0.09608413481802613,-0.0007583247626784472,-0.0008857896820465561,157.69652924373293,True,0.0030214330206135604
-535.58,525.03,2335.0,-535.5761993225623,525.0315559270691,-536.4572224648552,524.6172413015307,-118.7718217722552,12.195203881171109,0.012984296675181048,0.1824612483009032,2295.0,-535.5761993225623,-525.0315559270691,-535.9249919383011,-524.9949706401379,112.01100744771168,6.062586215206312,0.016078504803508614,-0.1848345139971813,-0.0015471040641637833,-0.0011866328481390381,524.8061059708343,True,0.0018522538922540526
-534.9,797.17,3701.0,-534.8981805076113,797.1724634542057,-536.8304137348352,797.1627693025172,-132.24422399130046,14.415415890999734,0.013180016148424203,0.20389867192237682,2786.0,-534.8981805076113,-797.1724634542057,-535.7633660356386,-797.1241298708901,124.30443702383953,3.6656836430877195,0.01559647430937075,-0.20439813541506466,-0.0012082290804732738,-0.00024973174634392026,797.1434495867036,True,0.0009523414148448147
-534.88,74.17,1540.0,-534.8819257042518,74.17092122194039,-532.3761227160945,74.14325032686524,-34.567939110948465,3.661500452818458,0.004919428586677658,0.04849658788804075,1534.0,-534.8819257042518,-74.17092122194039,-534.9025731173095,-74.30342099055616,26.74953888549138,3.2324305612639583,0.006054565001352675,-0.04912415069210193,-0.0005675682073375088,-0.00031378140203058846,74.22333565871071,False,
-533.92,273.73,1858.0,-533.9230852868812,273.72639441189773,-533.9109885562842,274.1941196437136,-91.36932548302819,8.734803241967033,0.010543823184298936,0.13888000458362654,1838.0,-533.9230852868812,-273.72639441189773,-533.7019372334147,-274.09996892433634,84.94820214839059,6.922404142498558,0.014374243256921316,-0.14173549593331505,-0.0019152100363111898,-0.001427745674844258,274.14704428402496,True,0.004389476308869536
-532.14,204.27,1696.0,-532.140843103405,204.2697312408212,-531.5432569029688,204.18621586607279,-76.1892869387463,7.809256239890477,0.00992815427817009,0.11474922042247068,1681.0,-532.140843103405,-204.2697312408212,-532.3351964263296,-204.49038899543325,69.59428976175018,5.97556456415293,0.012014794627888284,-0.11728224697439206,-0.0010433201748590972,-0.0012665132759606887,204.338302430753,True,0.003208098489308057
-531.34,176.85,1603.0,-531.342513428899,176.84776906441394,-530.4867523255424,176.73239039583777,-69.03097118264435,7.05725998051044,0.00906754131523759,0.1033693460374062,1622.0,-531.342513428899,-176.84776906441394,-531.1667873595612,-176.84003655557356,62.09727002769399,5.621440277540447,0.01111255520485323,-0.10533606000892395,-0.00102250694480782,-0.000983356985758875,176.78621347570567,True,0.00363410725632656
-529.99,340.6,2027.0,-529.989725683644,340.60371499702666,-529.2848535155136,340.4867983173436,-101.96658582653599,10.747512765779348,0.012935265244270933,0.1558027244029779,2002.0,-529.989725683644,-340.60371499702666,-529.6895836040836,-340.2405974660035,95.47136773658144,7.4239032350366685,0.015982426335672203,-0.15843449495061915,-0.001523580545700635,-0.0013158852738206217,340.36369789167355,True,0.00281256166810646
-529.98,103.52,1541.0,-529.9838063563056,103.52374123881877,-527.721167604458,103.56256857550075,-45.81737775011519,4.802482545693178,0.006375060394809094,0.06645763466133182,1533.0,-529.9838063563056,-103.52374123881877,-529.8888111769538,-103.65985979797279,38.122196132211435,4.294559873676456,0.00810452381374642,-0.06716289345469074,-0.0008647317094686627,-0.00035262939667946025,103.61121418673676,False,
-527.07,654.06,2548.0,-527.0739661999157,654.0588919617943,-525.9299759661645,654.481671545293,-126.48533453154833,13.838925138034265,0.014009914152037973,0.19486661204561725,2597.0,-527.0739661999157,-654.0588919617943,-526.1830949670863,-653.3310060062422,118.5211248028469,5.639277931123552,0.016976516688363703,-0.19507637882104456,-0.0014833012681628654,-0.00010488338771365291,653.9063387757676,True,0.0014252586619194184
-524.69,195.7,1602.0,-524.6918459998666,195.69994057549494,-524.0586092369143,195.616770893202,-74.33582143524337,8.139676819023522,0.010558984722954802,0.11189100273205725,1623.0,-524.6918459998666,-195.69994057549494,-524.5954483150457,-195.60129658709636,67.47688362923431,6.656156560694015,0.012989125959099228,-0.1138175019640155,-0.0012150706180722127,-0.0009632496159791212,195.6090337401492,True,0.0039029454359448355
-523.48,132.56,1542.0,-523.4761436072384,132.5621630560316,-523.4517104485434,132.48194454679722,-55.453966627789384,6.6721185792058195,0.008996503747007266,0.08184703013155613,1532.0,-523.4761436072384,-132.5621630560316,-523.4489501933163,-132.72387080779717,48.53424618070701,5.404029130148516,0.010226245131864079,-0.08365531698131443,-0.0006148706924284063,-0.0009041434248791488,132.6029076772972,True,0.002913470426970841
-523.42,1146.14,4116.0,-523.4229163823769,1146.1363141466932,-524.8282613172205,1145.5788044913481,-143.2285348652848,17.54719479336703,0.013897355347499267,0.22152773567795467,3338.0,-523.4229163823767,-1146.1363141466932,-522.7148103776207,-1146.183329796632,135.1946584379857,-0.04949396119657534,0.013958504059345315,-0.22157065580218196,-3.057435592302392e-05,-2.146006211364848e-05,1145.88106714399,True,1.6764771617252268e-05
-523.2,618.35,2508.0,-523.2017306142978,618.3526090202932,-522.1448094841459,618.4963739442154,-124.57226143938794,13.930676850947862,0.014596652501983876,0.19186821848570024,2461.0,-523.2017306142978,-618.3526090202932,-523.6619618349555,-619.1756057908553,117.71914307022128,6.785621110071443,0.01838267826262274,-0.19376910900180366,-0.0018930128803194314,-0.0009504452580517131,618.8359898675353,True,0.0019220198745180865
-522.08,1113.7,4078.0,-522.0817396172525,1113.7013321165703,-523.8665680377582,1113.363587771577,-142.40543161627005,17.386010635797433,0.014035361678444117,0.22022950400190142,3256.0,-522.0817396172525,-1113.7013321165703,-524.808294247864,-1114.258795310371,134.73276128573005,0.13126758462232724,0.013855216086955384,-0.22086116249253093,9.00727957443663e-05,-0.0003158292453147582,1113.811191540974,True,-5.081149041199689e-05
-520.72,231.84,1697.0,-520.7209108562824,231.83988655320613,-520.3144140123885,232.184290141348,-82.851457836017,9.383659709221748,0.012091003567733764,0.12548991405695945,1680.0,-520.7209108562824,-231.83988655320613,-520.3031896358724,-231.72536008223446,76.5501853985037,7.597629627946522,0.01492993730912287,-0.1282055430558533,-0.0014194668706945532,-0.0013578144994469271,231.95482511179122,True,0.0038450475784143645
-520.66,1081.16,4000.0,-520.66048694107,1081.162641482903,-518.9805892511872,1080.906112615442,-141.8541631800032,17.397819948827166,0.014451662601571918,0.2194119714855244,3218.0,-520.66048694107,-1081.162641482903,-522.5326726505942,-1081.8050581219954,133.59158688285356,0.8913383720833986,0.014667446277291126,-0.21901705754508735,-0.00010789183785960433,0.00019745697021852915,1081.3555853687187,True,6.269023987820969e-05
-519.62,19.92,1463.0,-519.6184141464212,19.91742151881832,-519.5902563222184,19.85838523216803,-12.90306635746708,4.194981479489633,0.006433315281198607,0.014172460145162949,1466.0,-519.6184141464212,-19.91742151881832,-520.9929392191694,-19.85362548970326,4.314555567595925,5.047996187800692,0.008277282272737066,-0.013247414850834239,-0.0009219834957692294,0.000462522647164355,19.856005360935644,False,
-519.62,300.0,1859.0,-519.6152422706632,300.0,-519.9902987346653,299.9473148061771,-95.77498643764996,10.892132405700258,0.013661920504649181,0.14606231807936654,1837.0,-519.6152422706632,-300.0,-519.8014737252671,-300.1993200677545,89.87736827380968,8.41306053826033,0.017066334640693757,-0.14941026887565328,-0.0017022070680222882,-0.0016739753981433736,300.0733174369658,True,0.003564223080854753
-519.15,1048.51,3962.0,-519.1522103043429,1048.513701644435,-520.8031584572715,1048.0554123737857,-140.51144392434864,17.489325016406568,0.01499961907445445,0.21725264646268114,3142.0,-519.1522103043429,-1048.513701644435,-518.1561857788132,-1047.6344936478174,132.30490729520878,1.1412982756115513,0.01464678384340459,-0.2169156446636076,0.0001764176155249304,0.0001685008995367665,1047.8449530108014,True,-0.00010578517046905828
-518.95,582.31,2376.0,-518.954046129141,582.3115128573309,-519.2281262820894,581.2265961452586,-121.77424233081383,13.857627740876987,0.014936833190030531,0.18745075330579739,2421.0,-518.954046129141,-582.3115128573309,-519.1807593018187,-582.1771942372272,115.61083400933633,7.405182056374412,0.01891562159156637,-0.19035874974989853,-0.001989394200767919,-0.0014539982220505704,581.7018951912429,True,0.0021488209881702033
-518.47,39.81,1462.0,-518.4742166155451,39.80561147497761,-518.2775054709082,39.687717987788346,-19.93906141271785,4.432711296683325,0.0065688247361591415,0.025386671295358158,1467.0,-518.4742166155451,-39.80561147497761,-518.4110583994769,-39.851598014084395,13.108953970116625,5.445590656614044,0.009154988150293005,-0.02721251439928589,-0.0012930817070669317,-0.0009129215519638658,39.769658000936374,False,
-517.37,214.3,1601.0,-517.3725382063205,214.30272212445027,-516.903472458349,214.19243433208544,-78.90628559651789,9.442454762858425,0.012404924571883634,0.119252751132984,1624.0,-517.3725382063205,-214.30272212445027,-517.2346981257493,-214.18694361269823,72.47963144622271,7.75120849410461,0.014959573155456625,-0.12168947549729647,-0.0012773242917864958,-0.0012183621821562352,214.18968897239182,True,0.0037469895311771787
-516.57,59.64,1461.0,-516.569086675031,59.63538120716803,-516.2826523804146,59.563254956605896,-28.05590406654082,4.8586167020945465,0.007003259079714574,0.038329458513589536,1468.0,-516.569086675031,-59.63538120716803,-514.7107769646855,-59.55153880611914,20.76047252497929,5.2563641162680454,0.009095089398129376,-0.039344967154596705,-0.0010459151592074009,-0.0005077543205035846,59.55739688136252,False,
-516.32,914.28,3559.0,-516.319570877884,914.2833809757661,-514.6404745779022,913.8226713852013,-136.54773582813968,16.480553963916424,0.015038054817212855,0.21101968332011362,2927.0,-516.3195708778842,-914.2833809757659,-515.3953112947952,-913.448314862908,128.3389343615654,3.7439548867958297,0.017145666000580994,-0.21056979034312176,-0.0010538055916840695,0.0002249464884959279,913.6354931240546,True,0.0007247152568090953
-515.38,161.2,1543.0,-515.378701014934,161.1979979409149,-514.9951821058967,161.02690709046198,-64.62163476523611,8.651275149830308,0.01179683987881045,0.09654139401175788,1531.0,-515.378701014934,-161.1979979409149,-515.0658798702576,-161.23367301648602,58.058474883481985,6.853388692225502,0.012882131292289795,-0.09871093051833638,-0.0005426457067396724,-0.0010847682532892505,161.130290053474,True,0.002116016504692739
-514.32,880.84,3597.0,-514.3164825385509,880.8396879053375,-513.4119078468483,881.8557739158954,-135.13245217103255,16.104625344779052,0.014831243563432734,0.20878223564448123,2889.0,-514.3164825385509,-880.8396879053375,-515.3806263273513,-880.940658164937,127.25744780405243,4.153093234316354,0.01739870951506713,-0.2088483711815676,-0.001283732975817198,-3.306776854318516e-05,881.3982160404162,True,0.0009151291692229481
-514.28,545.91,2336.0,-514.2793463148099,545.9091077771205,-513.1156465552564,546.0836616078948,-120.58859689155297,14.141896631689924,0.015819655747315482,0.1856385993550587,2294.0,-514.2793463148099,-545.9091077771205,-513.3266105562075,-545.3699174925225,113.4129609137068,7.755658217232103,0.019022644006185196,-0.18678903047444745,-0.0016014941294348571,-0.0005752155596943781,545.7267895502087,True,0.0018438685027526353
-513.91,79.38,1460.0,-513.9058203657812,79.37762779381474,-513.824160133909,79.30315457002487,-36.08318250830415,5.6025625815880415,0.007945531705816692,0.05113537803725227,1469.0,-513.9058203657812,-79.37762779381474,-513.9963758925038,-78.84054418994755,29.622879028810047,4.815294133739126,0.008629336644082844,-0.05344117593179102,-0.00034190246913307597,-0.0011528989472693735,79.07184937998622,False,
-513.18,365.44,2028.0,-513.1828497917114,365.43585302985497,-513.3544315461521,366.04907579187943,-105.00031413344705,12.316187581894178,0.015118828236405781,0.16082615240908602,2001.0,-513.1828497917114,-365.43585302985497,-513.4445712940502,-365.6772082934968,99.11260992660876,9.421092555186222,0.01947257334432613,-0.16403075966094646,-0.0021768725539601744,-0.0016023036259302237,365.8631420426881,True,0.0037384726896182367
-512.16,847.22,3662.0,-512.1644360358803,847.223459578433,-512.1059050358821,848.1672140294481,-133.85377342864606,16.26379019044966,0.015497145161971825,0.2067631498007031,2825.0,-512.1644360358803,-847.223459578433,-511.7239895807567,-846.5633616331065,126.17847687377711,4.849899197187379,0.018086692830734493,-0.20708635288047547,-0.001294773834381334,-0.00016160153988618864,847.3652878312773,True,0.0009600704736355956
-510.49,99.0,1459.0,-510.48832639836456,99.0033767656275,-510.2339605067627,98.9050716956807,-43.80335285792302,6.632101107225414,0.009344029013148035,0.0634663798412204,1470.0,-510.48832639836456,-99.0033767656275,-508.92003587768687,-98.65411426555472,36.58570688880079,5.698007229855672,0.010276874425063899,-0.06446069085150088,-0.00046642270595793206,-0.0004971555051402413,98.7795929806177,False,
-509.85,813.42,3700.0,-509.847486966984,813.4221167594665,-509.4736151023808,814.6474730564904,-132.9634614728852,16.234871897697243,0.01586163562793469,0.20537841189757552,2787.0,-509.847486966984,-813.4221167594665,-511.2607625568541,-814.2524207345353,125.24176311484291,5.179959744822894,0.018216289290873853,-0.20558985350171496,-0.0011773268314695818,-0.00010572080206971979,814.4499468955129,True,0.0009082648574580843
-509.39,232.63,1600.0,-509.3939173985302,232.63240728105652,-509.14216086002676,232.5697349112388,-83.28964295553202,10.759744113567708,0.014276389386726932,0.12632413361582479,1625.0,-509.3939173985302,-232.63240728105652,-509.74004314928305,-232.78562797880042,77.1299224041905,8.917375392181382,0.017043363001313715,-0.12899885658888396,-0.0013834868072933916,-0.0013373614865295896,232.67768144501963,True,0.003735942324282043
-507.87,258.77,1698.0,-507.8737187873697,258.7745848515417,-508.2496017002148,258.8365072924193,-88.36708625395691,11.247707771809246,0.014731319220551398,0.13441606675577208,1679.0,-507.8737187873697,-258.7745848515417,-507.809076873981,-259.06059336388483,82.90831926818096,9.572225774374191,0.018407378542685267,-0.13817181233780357,-0.0018380296610669344,-0.0018778727910157417,258.94855032815207,True,0.004459836112594951
-506.32,118.48,1458.0,-506.3216204164451,118.48382462963143,-506.12844484747524,118.40536207134578,-50.91204515353608,7.716881161829338,0.010831690564519283,0.07483049515778176,1471.0,-506.3216204164451,-118.48382462963143,-505.5170457509527,-119.06991921146646,43.88990379253039,7.461076814555809,0.013332918628574521,-0.07604400494918957,-0.001250614032027619,-0.0006067548957039079,118.73764064140612,False,
-505.72,189.34,1544.0,-505.7160702464095,189.3442798040875,-505.3173665611769,189.52376969610998,-72.33961445404721,10.129825500689378,0.013801025545067479,0.10894346413775517,1530.0,-505.7160702464095,-189.3442798040875,-505.7912106336801,-189.60211917447734,66.59426396781932,8.574876127084247,0.01596939123006047,-0.11218247415543055,-0.0010841828424964957,-0.0016195050088376878,189.56294443529367,True,0.0035935935298765436
-504.02,325.53,1860.0,-504.01555389046285,325.52775831945564,-503.16258338652375,325.42847703005856,-99.642293332346,13.040232911618718,0.016768661539924998,0.15242341674015725,1836.0,-504.01555389046285,-325.52775831945564,-503.5530919126686,-325.15039614535624,94.00675151521197,9.980446917062174,0.019866482691728634,-0.1557833929322981,-0.0015489105759018181,-0.0016799880960704228,325.2894365877074,True,0.00299182545696264
-503.39,672.45,2547.0,-503.3932398695313,672.4546423764627,-503.8057184775123,671.7089904910894,-126.27275890680913,15.868566706042706,0.01702920652680338,0.19479924261228912,2598.0,-503.3932398695313,-672.4546423764627,-502.3494734852561,-672.0527677500702,119.71753119176773,7.7031822535342505,0.020490607346340128,-0.19668862901277553,-0.0017307004097683737,-0.0009446932002432074,671.8808791205797,True,0.0016184879974586637
-501.41,137.79,1457.0,-501.4118176356333,137.79038114226415,-501.111625817233,137.68645273448942,-57.72305029244357,8.944529672831798,0.012549418859300455,0.08573198735715774,1472.0,-501.4118176356333,-137.79038114226415,-501.4300819432301,-137.98833203320993,51.168334170173914,8.020578393350691,0.014455086336492555,-0.08757793373983373,-0.0009528337385960499,-0.0009229731913379946,137.83739238384968,True,0.004343401193965977
-500.77,250.67,1599.0,-500.7661511214383,250.66563763511905,-500.41693370740904,250.58183137107434,-86.94636710148988,12.023817755966641,0.01606763141623458,0.13225084846958235,1626.0,-500.7661511214383,-250.66563763511905,-500.61516071803334,-250.50842674775686,81.33354038967126,10.071572145984286,0.01909737482371744,-0.13557737021389069,-0.001514871703741429,-0.001663260872154168,250.54512905941561,True,0.003799004062439008
-500.0,637.26,2509.0,-499.99535924473236,637.2633998071215,-497.9434421942672,637.3732184338049,-125.26394592238688,16.02398885851117,0.017697077834004468,0.193265462019631,2460.0,-499.99535924473236,-637.2633998071215,-499.68476627300544,-636.6368577624211,118.07451910318316,7.961189843430827,0.020467501490395067,-0.19404105946125844,-0.0013852118281952996,-0.0003877987208137229,637.005038098113,True,0.0013663224128075955
-499.9,9.94,1323.0,-499.90116488503276,9.94109383253486,-499.730296334467,9.837285426994358,-9.139814050913543,6.785162792827417,0.01067844501386902,0.0084262824694508,1325.0,-499.90116488503276,-9.94109383253486,-500.5183766486191,-9.719995815196661,-0.33357345344729844,6.905354480692992,0.01110925351909476,-0.005598936340209513,-0.00021540425261286963,0.0014136730646206433,9.778640621095509,False,
-499.11,29.81,1322.0,-499.1107183909665,29.807562584909764,-499.35341788346835,29.7612874510253,-16.546191255628422,6.934915238105184,0.010672774720661084,0.020218513514950888,1326.0,-499.1107183909665,-29.807562584909764,-497.88993402417844,-29.834995432623344,8.592644677630929,7.417306390766121,0.012170398144842736,-0.01977326326147121,-0.0007488117120908258,0.0002226251267398397,29.79814144182432,False,
-497.53,49.63,1321.0,-497.53107526121374,49.62689945403067,-497.5314830153795,49.54716373182939,-24.662008758139937,7.19793243899159,0.010849062507015327,0.033157551429417245,1327.0,-497.53107526121374,-49.62689945403067,-497.75707597792035,-49.70876701850086,18.158748410240854,7.679605443912371,0.012831253595063362,-0.034996563104330004,-0.0009910955440240177,-0.0009195058374563796,49.627965375165125,False,
-496.27,601.76,2375.0,-496.26910501471656,601.7615602611156,-496.70745574007015,602.6201454035405,-123.22349269680105,15.908339388427946,0.017938635928290227,0.1900331169422065,2422.0,-496.26910501471656,-601.7615602611156,-497.4360714032737,-602.5555930564708,117.02059533459284,9.001697729084212,0.021706128899412935,-0.19233614798206194,-0.0018837464855613537,-0.0011515155199277177,602.5878692300057,True,0.001964182959018803
-496.0,1158.27,4115.0,-495.9992748840462,1158.2679825128987,-495.9711340391913,1159.2694040398576,-143.75891434204027,18.956106971426372,0.015972040321447153,0.22272527328726266,3339.0,-495.9992748840462,-1158.2679825128987,-495.6789432907237,-1158.277264135897,136.00830067391482,2.1899629964876532,0.017670824591670818,-0.22253450010899145,-0.0008493921351118323,9.538658913560427e-05,1158.7733340878772,True,0.0004605636000046091
-495.77,156.89,1456.0,-495.7661238685639,156.89471126950002,-495.66690308313036,156.83851707830806,-63.74380633989609,10.306751529748253,0.014482907468020311,0.0953809995897969,1473.0,-495.7661238685639,-156.89471126950002,-495.8007808421749,-157.0684702505341,57.67520352558006,9.153923946603568,0.016492535741927696,-0.09786499606162749,-0.001004814136953692,-0.0012419982359152953,156.95349366442107,True,0.004022486708867018
-495.21,389.44,2029.0,-495.21344968795603,389.4401613189813,-495.56065384528875,389.30071887361737,-107.41346223906179,14.425113330465274,0.018190525569368045,0.16488471681607397,2000.0,-495.21344968795603,-389.4401613189813,-496.20060572761395,-389.36988992487795,101.85908843873717,10.767543542009008,0.0219056802753431,-0.16819072959547632,-0.0018575773529875272,-0.0016530063897011726,389.33530439924766,True,0.0029978023054575403
-495.16,69.37,1320.0,-495.1647332362509,69.36776599453403,-495.1794447811092,69.3137005816187,-32.28947540823528,7.5798821719833365,0.011214874146646549,0.045325846984176264,1328.0,-495.1647332362509,-69.36776599453403,-495.19961115609385,-69.45965167293349,26.355831726970948,7.59102669207133,0.012932164681518773,-0.04801130518997579,-0.0008586452674361122,-0.0013427291028997625,69.3866761272761,False,
-494.81,1126.08,4079.0,-494.80715854822284,1126.0843111638817,-493.1428319645708,1125.6497649300109,-142.81717991763082,19.357729739010452,0.017022981616748152,0.2212610945387957,3255.0,-494.80715854822284,-1126.0843111638817,-496.9036347271399,-1126.7131488508346,135.47297513960868,2.4269968563463773,0.017661510832846703,-0.2216975018223072,-0.0003192646080492755,-0.0002182036417557598,1126.1814568904229,True,0.00017812393217133573
-494.52,216.92,1545.0,-494.517596393731,216.91552931260344,-494.64940489753235,216.92434246596704,-79.3804043990833,11.94274619307408,0.0163508043699734,0.12027987960507994,1529.0,-494.517596393731,-216.91552931260344,-494.5681809932202,-217.08930334885318,74.08726853853095,10.124515591348521,0.01877235383642143,-0.12397051317628349,-0.0012107747332240158,-0.0018453167856017777,217.0068229074101,True,0.0035056602885446173
-493.63,285.0,1699.0,-493.63448015713,285.0,-493.0314469158429,284.9787866063834,-93.51623914284873,13.30199545297482,0.017680655824912118,0.1427975744345922,1678.0,-493.63448015713,-285.0,-493.8488950977573,-285.09328680070263,87.99588307580716,11.076821465754046,0.0211208386493417,-0.14609795165310835,-0.0017200914122147918,-0.0016501886092580714,285.036036703543,True,0.003791679541023953
-493.54,1093.81,3999.0,-493.54452375673367,1093.807022774008,-494.1404909187532,1093.4858037318324,-141.4124914293572,19.285160661887307,0.017301395503565953,0.2190132450725191,3219.0,-493.54452375673367,-1093.807022774008,-493.1037013983394,-1093.40518651636,133.9093925955569,2.9462970014463346,0.018080080972160687,-0.21916244523373765,-0.0003893427342973668,-7.460008060927725e-05,1093.4454951240962,True,0.00022372514757278383
-492.21,1061.43,3963.0,-492.20528153452597,1061.4301488225772,-491.5210523421956,1062.6250129421855,-140.93324129693636,18.707245273192928,0.016759565863146093,0.218282574990181,3141.0,-492.20528153452597,-1061.4301488225772,-491.7825359833029,-1060.5848400789394,132.79977718405308,3.1047885609090864,0.017930378230995758,-0.21738025718002393,-0.0005854061839248321,0.00045115890507853307,1061.6049265105626,True,0.0003464768711707725
-492.17,565.92,2337.0,-492.16931195278175,565.9234651186725,-492.5148593931526,566.6700316129828,-121.25232302770172,15.947066486144985,0.018440552086922423,0.1869472495908262,2293.0,-492.16931195278175,-565.9234651186725,-493.46858568985164,-566.6877118332129,115.1805542295203,9.738292291221113,0.022439182587321246,-0.1893590419185182,-0.0019993152501994113,-0.0012058961638460042,566.6788717230979,True,0.0022167878195768257
-492.02,89.0,1319.0,-492.01543398921035,88.9989478387751,-491.96341885296874,88.9250669041467,-40.271669956331515,8.401563722788353,0.012282441079913177,0.05806929075697731,1329.0,-492.01543398921035,-88.9989478387751,-492.0880092999368,-89.0913755767374,34.06656378079048,8.08481719644906,0.013958485867813638,-0.060245208698683335,-0.0008380223939502308,-0.0010879589708530125,89.00822124044205,False,
-491.5,268.38,1598.0,-491.5002341576631,268.3794325632317,-491.61492915223147,268.3838089999039,-90.3289992562457,13.067100066353072,0.01751004644654889,0.13774227266148908,1627.0,-491.5002341576631,-268.3794325632317,-491.7151924514007,-268.47387488399585,84.97562808042879,11.47828858230231,0.02155625592334219,-0.14126493513555924,-0.0020231047383966506,-0.001761331237035077,268.4288419419499,True,0.0047355350770869175
-490.0,928.65,3560.0,-490.0006893869573,928.6545775477051,-488.70515886589556,928.3139358121686,-136.92509931283072,18.709493975068575,0.018408048901212126,0.211937905067347,2926.0,-490.0006893869573,-928.6545775477051,-490.50963607054814,-928.7383915854424,129.06679238775374,5.051822317374005,0.019414458820250304,-0.21142343818114565,-0.0005032049595190893,0.00025723344310067675,928.5261636988055,True,0.0003405105996750179
-489.39,175.77,1455.0,-489.392824949372,175.76877677242138,-489.1877200399619,175.69111716205848,-69.07357567872874,11.509191200301823,0.0161657623596322,0.1039429413269007,1474.0,-489.392824949372,-175.76877677242138,-489.3438899364731,-175.99430031594304,63.41440862216606,10.167885148740057,0.018338089243532654,-0.10692014729927347,-0.0010861634419502275,-0.001488602986186388,175.84270873900076,True,0.0038810629275432868
-488.24,895.56,3596.0,-488.23647957311476,895.5585631403742,-489.9072554334362,895.4773835702499,-135.08512981460225,18.285994462277305,0.018136176857116097,0.20899478061548235,2890.0,-488.23647957311476,-895.5585631403742,-489.88285789866785,-896.4680412961128,128.07445739153817,5.7553461434129884,0.020138937660692025,-0.20983641184737073,-0.0010013804017879636,-0.0004208156159441895,895.9727124331814,True,0.0007022377512284951
-488.09,108.49,1318.0,-488.08815720952543,108.48940405315902,-488.307633965143,108.48389829150297,-47.55182501877965,9.259298004633017,0.01340803111067485,0.0697007897019615,1330.0,-488.08815720952543,-108.48940405315902,-488.21001390322795,-108.59092018496746,41.64088622257561,8.896635457093641,0.015489345152364449,-0.07225262356608605,-0.0010406570208447994,-0.0012759169320622765,108.53740923823521,False,
-487.16,350.25,1861.0,-487.1628034295138,350.246203340874,-487.5557317196215,350.9267629193678,-102.84773307430915,14.567120964687325,0.018886502536321924,0.15771616922628873,1835.0,-487.1628034295138,-350.246203340874,-487.86860355180096,-350.6436723650163,97.73179482800549,12.079296692761872,0.02351912132008094,-0.16151989599347322,-0.0023163093918795088,-0.001901863383592245,350.78521764219204,True,0.004148920879780226
-486.34,862.31,3663.0,-486.3420649730386,862.3058597955604,-487.8807276274947,862.097289148595,-133.77077524484744,18.38570130045302,0.01870367032948419,0.20692773917902488,2824.0,-486.3420649730388,-862.3058597955602,-486.17690792523763,-862.4403099261685,126.85557948504997,6.2855677402345025,0.02056607483842754,-0.20785112074015416,-0.0009312022544716754,-0.0004616907805646414,862.2687995373817,True,0.0006785490007811982
-484.3,828.88,3699.0,-484.303548910694,828.8848367007971,-482.6302957901575,828.3531792641674,-133.0776319680809,18.659698929520392,0.01955301429840748,0.2058888692876143,2788.0,-484.3035489106941,-828.884836700797,-484.8477435081387,-828.7757612353935,125.85993013822836,7.279551525165239,0.021735760351148988,-0.2062502173482682,-0.0010913730263707542,-0.00018067403032695495,828.5644702497805,True,0.0008276119976370251
-483.39,127.81,1317.0,-483.38911272901856,127.80831622023739,-483.1546522063001,127.74307716003261,-54.533036404106156,10.361917202937233,0.014927037427137135,0.08087484113720772,1331.0,-483.38911272901856,-127.80831622023739,-483.660320031748,-127.91006587229946,48.615423920663055,9.75646267322991,0.017094403722016885,-0.08329722509298491,-0.0010836831474398748,-0.0012111919778885968,127.82657151616604,False,
-482.3,194.38,1454.0,-482.3012745730892,194.38487735719968,-481.98570171050187,194.36222594351054,-74.35792249103541,12.701683236544383,0.017835007818572963,0.11244144341190254,1475.0,-482.3012745730892,-194.38487735719968,-482.5544442044929,-194.58679920499716,68.7762362188886,11.264056320608384,0.020310401677806334,-0.11537061080183461,-0.0012376969296166856,-0.0014645836949660346,194.47451257425385,True,0.003998816636673441
-481.82,243.83,1546.0,-481.8172888539328,243.8280134878802,-481.53004534742405,243.86186121714158,-85.61491866912918,13.924626555508624,0.019175161871599976,0.13036308968412158,1528.0,-481.8172888539328,-243.8280134878802,-481.71874463541377,-243.76658499032655,80.4001611992033,11.891038386190184,0.02191057812979009,-0.13386042719934832,-0.0013677081290950563,-0.0017486687576133697,243.81422310373407,True,0.0035246358936098206
-481.61,285.75,1597.0,-481.60797451631225,285.7512185141038,-482.1494184192545,285.8740710129471,-93.41056818155685,14.42675979426047,0.01945980934836428,0.1427626657840618,1628.0,-481.60797451631225,-285.7512185141038,-482.24610043981943,-285.7606262670135,88.3544697670613,12.413518591727325,0.023256431087835077,-0.14652656098610636,-0.0018983108697353986,-0.0018819476010222824,285.8173486399803,True,0.004173098316787178
-479.07,689.99,2546.0,-479.07101502536983,689.9934511012128,-479.3852887607266,690.6592012360603,-127.12667921077582,17.524835632285306,0.01943315767692164,0.19645737532635518,2599.0,-479.07101502536983,-689.9934511012128,-479.228861393365,-689.8902667779124,120.62140277125407,9.475684273382672,0.023530087294011653,-0.19784402780168234,-0.002048464808545007,-0.0006933262376635774,690.2747340069864,True,0.0018646030852976522
-478.04,310.44,1700.0,-478.0422237288917,310.4442499585654,-478.0336497893795,310.98339772753616,-97.4264363559185,15.153819458069506,0.020309447499463007,0.14920452419836566,1677.0,-478.0422237288917,-310.4442499585654,-477.9145590694334,-310.15847156261833,92.2568910645902,12.786946223616491,0.024149559372301902,-0.1526844091117421,-0.0019200559364194476,-0.0017399424566882232,310.5709346450773,True,0.003884480452898955
-477.93,146.93,1316.0,-477.92573070288034,146.92513716896053,-478.0746051611231,146.8789144694711,-60.60008722314461,11.697709070857696,0.016818660133961053,0.09059306761395003,1332.0,-477.92573070288034,-146.92513716896053,-478.1246823316269,-147.1100938626789,55.28910869697921,10.787010470122212,0.018969713703614718,-0.09385092949612674,-0.0010755267848268323,-0.0016289309410883537,146.994504166075,True,0.004597269898109346
-476.12,412.56,2030.0,-476.12223184318276,412.56226238552955,-476.48977336582146,413.1627709678853,-109.51196339739242,16.248587238645797,0.020800436525585303,0.16845814569625447,1999.0,-476.12223184318276,-412.56226238552955,-475.59627030815415,-412.14358321199126,104.19289394581853,12.486025411964661,0.02491963792137352,-0.1716527556852417,-0.002059600697894109,-0.0015973049944936063,412.65317708993825,True,0.00313601192529886
-476.11,655.3,2510.0,-476.10605435690326,655.3037654437074,-476.83374003358375,656.1955860624385,-125.52403407684938,17.776684003738293,0.020256061769250724,0.19393793512352966,2459.0,-476.10605435690326,-655.3037654437074,-477.27752866036764,-656.1980620499348,119.53821684616055,9.988139926826205,0.023933058280355836,-0.19609618593997719,-0.0018384982555525557,-0.0010791254082237606,656.1968240561866,True,0.0017603902980143065
-474.5,212.72,1453.0,-474.50188056780604,212.7156913290966,-473.96654695430817,212.70904155339124,-78.83951173027677,13.980546904658945,0.019645689608741617,0.11967232458597646,1476.0,-474.50188056780604,-212.7156913290966,-474.38360131738335,-212.57248519352956,73.77265629974595,12.490973631906856,0.022483371434754495,-0.12322259224698418,-0.0014188409130064389,-0.0017751338305038583,212.6407633734604,True,0.004192441861286125
-472.86,620.33,2374.0,-472.8558205539776,620.3284395932727,-470.9839668298314,620.193417673881,-124.17214106779765,18.207219432862512,0.021382197766012828,0.1918579725880375,2423.0,-472.8558205539776,-620.3284395932727,-472.57191268761125,-619.897022640447,117.55126028223167,10.560675792796623,0.024399699567187502,-0.19287621680023617,-0.001508750900587337,-0.0005091221060993384,620.045220157164,True,0.0015288822786766218
-471.71,165.81,1315.0,-471.70664986106726,165.809639276034,-471.6154116181263,165.76201358166907,-66.4913241992919,12.954859453596862,0.01858821630764311,0.10004836803883506,1333.0,-471.70664986106726,-165.809639276034,-471.97139498637443,-165.94825861201662,61.13213216907403,11.842910333228382,0.02088094102247183,-0.10307503103480103,-0.00114636235741436,-0.0015133314979829879,165.85513609684284,True,0.004342830309821663
-471.1,302.76,1596.0,-471.10197838546145,302.7588577751346,-471.0333310256801,303.1692925950684,-96.081068926922,15.801242136508373,0.02143555182846427,0.14714903814635621,1629.0,-471.10197838546145,-302.7588577751346,-471.5251944232323,-303.12850979536876,91.26058726737278,13.815093209311806,0.0256998103712392,-0.15102049199477388,-0.0021321292713874646,-0.0019357269242088332,303.14890119521857,True,0.004419136357800043
-469.28,585.04,2338.0,-469.28105674542,585.0429811389091,-470.3022605312658,584.7945859400866,-121.5820425365182,17.99818184799513,0.02148303264868256,0.18774405158310012,2292.0,-469.28105674542,-585.0429811389091,-470.4681571969905,-585.4606985119793,116.41988191303464,11.548587253550691,0.025550268762973352,-0.19104980756416592,-0.0020336180571453952,-0.0016528779905329027,585.127642226033,True,0.00218372850211973
-469.1,374.09,1862.0,-469.09888948081795,374.09388111524004,-469.4753208343227,373.95422216043454,-105.16878300659266,16.82311505976189,0.022195011985882772,0.1616316652267564,1834.0,-469.09888948081795,-374.09388111524004,-469.0695845380865,-374.09242275886953,100.50442215632741,13.58560920633087,0.026203668353768306,-0.1657024383641534,-0.002004328183942767,-0.002035386568698505,374.02332245965204,True,0.0033670535070640345
-468.29,1169.74,4114.0,-468.2946941320126,1169.7435956002516,-467.88121234831215,1170.5778007653762,-143.96060340493315,21.367270744716794,0.01967103302476888,0.22339028790942694,3340.0,-468.2946941320126,-1169.7435956002516,-468.30670639054455,-1169.0560141320905,135.9903992947543,3.197130846010916,0.01940578906820526,-0.22217078213644298,0.00013262197828180916,0.0006097528864919821,1169.8169074487332,True,-7.123238346474935e-05
-467.65,270.0,1547.0,-467.6537180435968,270.0,-467.5908016723335,270.42303579078697,-90.68784673385119,15.57261465069073,0.021472722402225027,0.13860761899775267,1527.0,-467.6537180435968,-270.0,-467.82056811763186,-270.3837022504735,85.90833430153657,13.92708450107609,0.02547702527824865,-0.14245674637500136,-0.0020021514380118115,-0.0019245636886243422,270.40336902063024,True,0.004652267663538068
-467.24,1137.8,4080.0,-467.23912699249195,1137.799454300842,-466.3909351143938,1137.4678477837817,-142.95048970572574,21.594889680216372,0.02043879650795268,0.22180089341114387,3254.0,-467.23912699249223,-1137.799454300842,-466.59533594464546,-1137.6340304040482,135.44518751929326,3.769154910286632,0.019931369459907356,-0.22128209153805461,0.00025371352402266123,0.0002594009365446265,1137.550939093915,True,-0.00014013694082497087
-466.12,1105.77,3998.0,-466.12175552963373,1105.7714542444892,-467.67873183707337,1105.4353486098844,-141.4233830393996,21.024501504968345,0.019923296680604313,0.21935465605387405,3220.0,-466.12175552963373,-1105.7714542444892,-468.04071702344226,-1106.4669930763355,135.00459290609197,4.301359114145405,0.02039669689707197,-0.22059856497500832,-0.0002367001082338293,-0.000621954460567134,1105.95117084311,True,0.00013447525365236872
-466.01,230.73,1452.0,-466.00608961974893,230.73431569081905,-465.4048187724571,230.6635956331172,-82.96034232438647,15.188342340445258,0.021348066810509936,0.12633568542571652,1477.0,-466.00608961974893,-230.73431569081905,-465.5468261399171,-230.62888155752964,78.08698325999545,13.640474243490312,0.024533994675377646,-0.1299808331195027,-0.0015929639324338551,-0.0018225738468930913,230.64623859532344,True,0.004339497420851655
-464.94,1073.65,3964.0,-464.93727355741197,1073.6541955662449,-467.0998078088598,1073.4123971837162,-140.55996647086852,21.07043876897526,0.020388592324355605,0.21798757597245028,3140.0,-464.93727355741197,-1073.6541955662449,-464.2026451248339,-1072.824069835361,133.26497651319093,4.786347742024306,0.020756556303544095,-0.21778287473245045,-0.00018398198959424482,0.00010235061999991357,1073.1182335095386,True,0.00010772279304430916
-464.74,184.43,1314.0,-464.7417038486936,184.43196226200385,-464.7992242219266,184.46062221278046,-71.74374286449563,14.269360542613924,0.020451308415181363,0.10849132963851253,1334.0,-464.7417038486936,-184.43196226200385,-465.0250220686675,-184.5309930604969,66.8057060972078,13.008010049053526,0.022962837056815247,-0.11201973235072449,-0.001255764320816942,-0.001764201356105978,184.4958076366387,True,0.004276628304409483
-463.28,942.27,3561.0,-463.2821563053824,942.2683501259262,-465.4578914245547,942.2231712874433,-136.3799661433271,20.278739556834438,0.020735234784322723,0.2113550073353256,2925.0,-463.2821563053824,-942.2683501259262,-464.36421986449795,-942.1863603538887,129.54829654923412,7.048638032354524,0.02275718664375373,-0.21186957365236042,-0.0010109759297155033,-0.0002572831585174046,942.204765820666,True,0.0006741792588968611
-461.74,909.51,3595.0,-461.73562284278177,909.5054780472674,-460.9386737270633,910.5273242303382,-135.6757521938581,20.36891205161413,0.021266926946103125,0.210289562761342,2891.0,-461.73562284278205,-909.505478047267,-461.9355884497036,-909.2780782396418,128.60123962821783,7.888924402575365,0.023691517099805857,-0.21033254236561866,-0.001212295076851366,-2.148980213832752e-05,909.90270123499,True,0.0008371306739171309
-461.14,335.04,1701.0,-461.13968679372005,335.0375938067097,-461.0986752125903,334.94321582260795,-100.52435172822145,17.208198512635853,0.023285658072447337,0.15434241182040118,1676.0,-461.13968679372005,-335.0375938067097,-461.6776014919031,-335.2864694592101,96.12466215700995,14.757950840711365,0.027594252557518004,-0.15864130441384922,-0.0021542972425353333,-0.0021494462967240197,335.11484264090905,True,0.004039167192633061
-460.08,876.6,3664.0,-460.0759403233308,876.6014653966778,-461.45798961217787,876.4868092046196,-134.1346069803764,20.467463063251998,0.021840669016624025,0.20783039392630526,2823.0,-460.0759403233307,-876.601465396678,-460.3640383365868,-876.4273603124615,127.43021537289394,8.384122734406779,0.024077327871779693,-0.208449552646865,-0.0011183294275778338,-0.00030957936027986577,876.4570847585405,True,0.0008017130730227841
-460.0,319.38,1595.0,-459.99563406747524,319.3806766835799,-460.39067250172496,319.5003636061561,-98.56616488572082,17.071705041052578,0.02325755015756936,0.15123453155557884,1630.0,-459.99563406747524,-319.3806766835799,-460.6777689260502,-319.74089371968245,94.00038500636612,14.821939659332552,0.027505707681034886,-0.15524816740131842,-0.0021240787617327634,-0.0020068179228697886,319.6206286629193,True,0.004175569181138977
-458.29,843.55,3698.0,-458.291078449082,843.545664095298,-459.5842936032779,843.4024615940419,-132.69787984098312,20.281024114601497,0.021949125321637068,0.20556671876940744,2789.0,-458.291078449082,-843.545664095298,-459.254084830317,-844.3687046103133,126.6903662741251,9.151718791481523,0.024906373452930217,-0.20725845266427423,-0.0014786240656465745,-0.0008458669474333963,843.8855831021776,True,0.0011009157153698895
-457.04,202.76,1313.0,-457.0419056770174,202.7626604064969,-457.00623854640077,202.77782909851888,-76.43035372056232,15.567766535926689,0.02229345539913936,0.11604574296357568,1335.0,-457.0419056770174,-202.7626604064969,-457.1979004998245,-202.87694717379668,71.72988642519333,14.22733882088585,0.025128141472044837,-0.11976095020396116,-0.0014173430364527381,-0.0018576036201927368,202.82738813615777,True,0.004390644194409752
-456.83,248.41,1451.0,-456.8263704736901,248.41430562637666,-456.44206895111364,248.72685855137425,-86.77420988069873,16.24814624600248,0.022813576822365005,0.1325154107184764,1478.0,-456.8263704736901,-248.41430562637666,-457.15481467025023,-248.49193196384303,82.1711966258585,14.803644023078947,0.02660400516986208,-0.13637828384089215,-0.0018952141737485374,-0.0019314365612078804,248.60939525760864,True,0.004789835813773763
-455.95,434.75,2031.0,-455.9524440061943,434.7497772337305,-456.1057611443457,434.49798478934264,-111.13935800354575,18.358271471104192,0.023896811480306458,0.17129786710023534,1998.0,-455.9524440061943,-434.7497772337305,-456.5035948053639,-435.3116106534513,106.59432316673553,14.45509043661234,0.028337240444342267,-0.1752409215162683,-0.0022202144820179046,-0.0019715272080164797,434.90479772139696,True,0.0032076029248908665
-454.14,706.65,2545.0,-454.13828666270183,706.6529675781923,-454.6078287120833,707.5117774000851,-127.73311636502228,19.901842771694955,0.02300988899385341,0.1977259989151103,2600.0,-454.13828666270183,-706.6529675781923,-456.01976368027107,-707.5503575430539,121.58144405885282,11.338976969229199,0.026711892376220334,-0.19908773977656802,-0.0018510016911834626,-0.0006808704307288554,707.5310674715695,True,0.0016437704525357583
-452.07,295.35,1548.0,-452.06989826176533,295.35200538611053,-452.25602088520805,295.4184939712406,-94.87500665043596,17.628368075501516,0.02443843689736006,0.14545949562444127,1526.0,-452.06989826176533,-295.35200538611053,-452.313877500092,-295.46686643174274,90.54564060214352,15.549309343962635,0.02836606913501219,-0.14964733855941845,-0.0019638161188260655,-0.002093921467488588,295.44268020149167,True,0.004176451613353621
-451.57,672.45,2511.0,-451.5664458677372,672.449064960596,-449.4948718316057,672.5279116361103,-126.3993907968234,19.95290051437261,0.023519596370087388,0.1956659269902467,2458.0,-451.5664458677372,-672.449064960596,-453.12672155826493,-673.246178382948,120.29957811989622,11.930321556541614,0.027232924166101367,-0.19701215576252462,-0.0018566638980069897,-0.0006731143861389566,672.8870450095292,True,0.0017336882038148154
-449.87,397.01,1863.0,-449.8687217806403,397.01150255811575,-448.9865794061507,396.9965442499849,-107.98300765509684,18.811462382296373,0.025077366342017997,0.16636156792499146,1833.0,-449.8687217806403,-397.01150255811575,-449.29151754656505,-396.6351022441084,102.89717926928319,15.207792744906277,0.029061533225527684,-0.16926840813572105,-0.001992083441754843,-0.0014534201053647972,396.81582324704664,True,0.0031542667098023616
-448.75,637.98,2373.0,-448.74855497052414,637.9849013980397,-448.962761604027,637.2997752913849,-124.15588361615056,20.02552953340914,0.024066627074110152,0.1921017911531058,2424.0,-448.74855497052414,-637.9849013980397,-448.9393572565302,-637.9868111822835,118.62961708227847,12.370014283042869,0.027500896361191247,-0.19430304768644324,-0.0017171346435405476,-0.0011006282666687212,637.6432932368342,True,0.0016920236246781527
-448.62,220.77,1312.0,-448.6194303096061,220.77274910795595,-448.76883150764405,221.11531079046281,-80.98622336116317,16.587924354668797,0.02369250835420363,0.12339751799794531,1336.0,-448.6194303096061,-220.77274910795595,-448.923520198238,-220.80868495147607,76.24609654108963,15.365477498992844,0.02715915494358459,-0.12684738573274912,-0.0017333232946904805,-0.0017249338674019052,220.96199787096944,True,0.004928807470391813
-448.3,335.6,1594.0,-448.30309491764183,335.59549324635424,-448.3168254067089,336.0935127305309,-100.91499606599986,18.285008155671697,0.02498536619200424,0.15512068056169695,1631.0,-448.30309491764183,-335.59549324635424,-448.0453210218564,-335.4217343173703,96.16446995233356,15.827757968768486,0.029298560068418637,-0.1585377063187572,-0.002156596938207198,-0.001708512878530119,335.7576235239506,True,0.004035738058136859
-446.98,265.73,1450.0,-446.97619563334473,265.72971331249727,-446.6485882020101,266.0731294177445,-90.26712152398471,17.409098369729946,0.02444885020549551,0.13819449274964454,1479.0,-446.97619563334473,-265.72971331249727,-447.1685467700416,-265.7449731440034,85.59110121328206,16.069235260034215,0.028829553710088565,-0.14169892948874763,-0.0021903517522965273,-0.001752218369551542,265.90905128087394,True,0.005175598905449703
-445.65,603.24,2339.0,-445.6507717287829,603.2374239530736,-446.0711156713901,602.719392354294,-122.46989747530522,20.074462743093548,0.02456801170783303,0.18945387477939543,2291.0,-445.6507717287829,-603.2374239530736,-445.73352911569776,-602.9697016418812,117.14786914731518,13.415388282675634,0.02873580716484486,-0.19190551091351746,-0.002083897728505915,-0.001225818067061013,602.8445469980876,True,0.002171955548841485
-442.97,358.71,1702.0,-442.97319803047344,358.7126228984073,-442.19169209953725,358.7289383287402,-103.73092971763896,19.290556935686595,0.026308531337375173,0.15967739250391239,1675.0,-442.97319803047344,-358.7126228984073,-443.5448437964194,-359.0465274013832,99.08147818993022,16.305840967476485,0.03034878499292541,-0.16312515189680393,-0.002020126827775118,-0.0017238796964457737,358.8877328650617,True,0.00353671358493836
-440.32,1180.56,4113.0,-440.32486629486385,1180.5566534996997,-439.44663200997,1179.9646030478905,-143.87545389617233,22.977406900524215,0.022118684394347558,0.2236030057912153,3341.0,-440.32486629486357,-1180.5566534997,-440.33898912248515,-1180.383682061263,136.95380801074342,5.636633338166597,0.023427107513140383,-0.22336157485547428,-0.0006542115593964129,0.00012071546787051357,1180.1741425545767,True,0.0003482988068937883
-439.49,238.43,1311.0,-439.4875954112169,238.43375071425308,-439.0658928112114,238.68060580447766,-85.00708501084951,17.87030108610215,0.02551835261983372,0.12991574969529088,1337.0,-439.4875954112169,-238.43375071425308,-439.44713423193934,-238.72973261145344,80.51056629536049,16.70412129366176,0.02950915129770332,-0.13351844310148636,-0.0019953993389348005,-0.001801346703097742,238.70516920796555,True,0.0052522799778282414
-439.39,1148.84,4081.0,-439.3939944553934,1148.839813741034,-437.8353656663866,1148.322044275527,-142.7776162232884,23.23789028555561,0.022920782136409787,0.22187547600289317,3253.0,-439.3939944553936,-1148.839813741034,-439.2831435936375,-1148.7499523716826,135.94808031788023,6.045904344817605,0.023691065121553074,-0.22174797860669077,-0.0003851414925716435,6.37486981012042e-05,1148.5359983236049,True,0.00021069564827253632
-438.41,1117.05,3997.0,-438.4092292396741,1117.048498373045,-438.51933359723853,1118.272386966597,-142.02648670841864,23.15852378092517,0.023162483758974128,0.22067163971426212,3221.0,-438.4092292396744,-1117.048498373045,-437.40052896134335,-1116.2542430441415,134.87959797859605,6.362551530755301,0.02379705069957856,-0.22002437981732798,-0.0003172834703022154,0.0003236299484670746,1117.2633150053693,True,0.0001784316026526164
-437.37,1085.18,3965.0,-437.3659740536994,1085.1778677894506,-438.45121270037,1084.8169678975007,-140.78342165434412,23.24002467205501,0.023701924065595743,0.21869407450963047,3139.0,-437.3659740536993,-1085.1778677894508,-436.87941393253186,-1084.4115603827438,133.9393267555043,6.826807927649854,0.024145961233165075,-0.21852150960568636,-0.00022201858378466562,8.628245197205009e-05,1084.6142641401223,True,0.00012861567007534872
-436.47,282.66,1449.0,-436.4700215886139,282.65512600063505,-436.0589608048397,282.6888016471788,-93.09763814839584,18.960870184463506,0.026715080067124773,0.14282909075187902,1480.0,-436.4700215886139,-282.65512600063505,-436.58110249934043,-282.8763178859547,88.86327969971403,17.25007615745635,0.03091872748268367,-0.146777099153938,-0.002101823707779449,-0.001974004201029486,282.78255976656675,True,0.00467007153832367
-436.19,955.11,3562.0,-436.1857636519808,955.1135951222442,-437.42484277339605,954.822452821517,-136.43376734488916,22.64913988143589,0.024353541012851365,0.21178395459337443,2924.0,-436.185763651981,-955.1135951222441,-437.07326555953244,-954.9962058542554,130.32815715318074,9.11601129744567,0.02620439521763029,-0.21277652877577333,-0.0009254271023894627,-0.0004962870911994488,954.9093293378862,True,0.0006089195899500733
-436.04,351.38,1593.0,-436.0392613078629,351.38264413327715,-435.4999555600187,351.36208796278424,-102.77288729889221,19.878938486547284,0.02733519127638671,0.15823457415341863,1632.0,-436.0392613078629,-351.38264413327715,-436.65402104571103,-351.37505645732966,98.26752207352196,16.997485234426904,0.03135561873585683,-0.16174530878365512,-0.002010213729735059,-0.0017553673151182447,351.368572210057,True,0.0035946713422653925
-435.11,319.81,1549.0,-435.11315705692806,319.80703643908925,-434.26181986839885,319.7133077516634,-98.65238328244409,19.755873101869742,0.027526928386080694,0.15169175174516716,1525.0,-435.11315705692806,-319.80703643908925,-434.5218619706268,-319.5400192924845,94.23509337505341,17.277440376427222,0.031411298346287635,-0.15530138668903717,-0.0019421849801034702,-0.0018048174719350052,319.62666352207395,True,0.0038179255749006794
-434.84,922.67,3594.0,-434.83675575601256,922.6684105590621,-433.87174994128094,922.3529409491388,-135.76364726966065,22.298828718947266,0.024193656712581113,0.21076094000051987,2892.0,-434.83675575601245,-922.6684105590622,-436.1163371458659,-923.4408545125958,129.26450606713644,9.640553882165602,0.026652773138020357,-0.2110719560187616,-0.0012295582127196218,-0.00015550800912086937,922.8968977308673,True,0.0008370969840159569
-434.75,455.95,2032.0,-434.7497772337305,455.9524440061943,-433.6034006106892,455.91251296200556,-113.1265999198889,20.525829250025414,0.027084323684258293,0.17473624664027693,1997.0,-434.7497772337305,-455.9524440061943,-434.6621481322108,-455.93415593712047,108.00561183763085,15.945123983315673,0.03096126624026655,-0.17721956559242635,-0.001938471278004129,-0.0012416594760747135,455.923334449563,True,0.0026714522666513307
-433.39,890.1,3665.0,-433.3900281136872,890.0972326277717,-435.12412304093186,890.0188195716695,-134.1680722459793,22.428872558716016,0.024796623019074527,0.2082061657002156,2822.0,-433.3900281136869,-890.0972326277719,-432.6876063598324,-889.737772589935,127.8624416151082,10.32772175283483,0.02733367404155649,-0.2087985095651061,-0.0012685255112409814,-0.00029617193244524387,889.8782960808023,True,0.0008956708899537071
-431.84,857.39,3697.0,-431.83524096733044,857.3904155393199,-430.9643445918669,858.1877629920345,-133.74916843352347,22.649866729660044,0.02553818025246045,0.2075904042697065,2790.0,-431.83524096733044,-857.3904155393199,-431.28993875002215,-856.7599160391554,126.83952361014376,10.574492725223923,0.027322543327711134,-0.20715336779912827,-0.0008921815376253424,0.0002185182352891224,857.473839515595,True,0.0006537507816811349
-429.66,255.72,1310.0,-429.6608402898307,255.71773955171093,-429.70969202723444,256.121215436063,-88.36594221509694,19.12845927310197,0.027307178893348952,0.13537612210442515,1338.0,-429.6608402898307,-255.71773955171093,-429.6149274292259,-256.0111880169065,84.06804795888684,17.829759170359317,0.03151230513530276,-0.1390599362486022,-0.002102563120976904,-0.0018419070720885194,256.06620172648473,True,0.005159132138512662
-429.52,418.94,1864.0,-429.52010955583114,418.9420908516436,-429.9576451215417,419.5835668911844,-109.76451782680311,20.536193135845846,0.027545737937796428,0.16942997626689307,1832.0,-429.52010955583114,-418.9420908516436,-430.2753914618606,-418.84536233238487,105.02732569025333,16.6773195719307,0.03167236626355577,-0.17242575147952072,-0.00206331416287967,-0.001497887606313822,419.2144646117846,True,0.00309249473161825
-428.63,722.41,2544.0,-428.6268277711558,722.4119617744685,-427.44700770128003,722.5408655008605,-128.42069471871048,22.267455010724362,0.026590816972410686,0.1991529516907062,2601.0,-428.6268277711558,-722.4119617744685,-427.94985224130386,-721.66953528122,121.90151128407653,13.016717306543365,0.029555016242021503,-0.1992533711428464,-0.0014820996348054085,-5.020972607010232e-05,722.1052003910402,True,0.0012896052603059358
-426.41,688.68,2512.0,-426.4100519306582,688.6758799409876,-424.8905254123246,688.7542973635318,-126.8441490627464,22.251687799846493,0.026979505860290236,0.19667511051837666,2457.0,-426.410051930658,-688.6758799409876,-425.9018156564072,-688.3448961751064,120.85679609208887,13.807995154169731,0.0304062480990442,-0.1975655730250722,-0.0017133711193769822,-0.0004452312533477637,688.5495967693191,True,0.001563493507733761
-425.32,299.17,1448.0,-425.3232675986931,299.16570331368274,-425.66286102135405,299.1924904970398,-95.42355685001313,20.216164518235516,0.028510822820061035,0.1466582260898135,1481.0,-425.3232675986931,-299.16570331368274,-425.74822718121203,-299.4817040388298,91.5471421695129,18.473499979925645,0.0330692326848328,-0.15091592901027592,-0.002279204932385882,-0.0021288514602312153,299.3370972679348,True,0.004784127017307138
-423.98,654.71,2372.0,-423.9826890009526,654.7050323829209,-424.38860749579345,655.4355083775713,-124.813502435143,21.954515384221327,0.026914595576120203,0.19344938300892417,2425.0,-423.9826890009526,-654.7050323829209,-424.9660336178836,-655.4121628978656,119.4953947798357,14.528489900890913,0.031149624812156735,-0.19538737504406445,-0.002117514618018266,-0.0009689960175701395,655.4238356377184,True,0.0020299439862032235
-423.59,381.4,1703.0,-423.59255052211466,381.40444562454917,-423.7390461030416,381.9844589168786,-105.97442773593714,21.024130226417142,0.028782789191951586,0.16347401955311847,1674.0,-423.59255052211466,-381.40444562454917,-423.5409115518514,-381.34615443096624,101.62464758883304,17.748712952573943,0.03291829000695914,-0.16692774409084724,-0.0020677504075037757,-0.0017268622688643848,381.66530667392243,True,0.0034040450499846333
-423.22,366.72,1592.0,-423.2197616383847,366.7220110093596,-423.61874677366285,366.80546569118246,-104.28390723812136,21.02955453184583,0.028977318960412744,0.16078494591948622,1633.0,-423.2197616383847,-366.7220110093596,-423.7802340242661,-367.116141140624,100.13752124695026,18.32704109736738,0.03366445324996988,-0.16456383998354618,-0.002343567144778569,-0.0018894470320299783,366.96080341590323,True,0.004012708309277527
-421.32,620.48,2340.0,-421.31582124057815,620.4780244072929,-419.775105630686,620.4219077458376,-123.54149528195632,22.336730467920415,0.027951720392120245,0.191481422180327,2290.0,-421.3158212405784,-620.4780244072928,-421.35225415279655,-620.1264681087968,117.78257849164243,14.867651418241673,0.03125727418527261,-0.19261708539625133,-0.001652776896576183,-0.0005678316079621715,620.2741879273171,True,0.0016742117783934308
-419.15,272.6,1309.0,-419.15470306513834,272.5973860813337,-418.58319847648,272.59288032325424,-91.49924193382044,20.533514481227886,0.029341665677239125,0.14049918935332262,1339.0,-419.15470306513834,-272.5973860813337,-419.221350678635,-272.42465865174876,87.31403287000181,18.77900347425511,0.033224089696553744,-0.14409879183416244,-0.0019412120096573091,-0.0017998012404199099,272.50876948750147,True,0.004475817347140006
-418.93,29.96,934.0,-418.9298881363065,29.962456943677598,-420.03566087793996,29.828903848721552,-16.501299258034365,15.661088622698975,0.024560082908823232,0.02111846809995629,931.0,-418.9298881363065,-29.962456943677598,-419.0364662445156,-30.026713525543645,10.487426414677694,16.40300757636746,0.026473933719477174,-0.021823185776108017,-0.0009569254053269707,-0.0003523588380758627,29.927808687132597,False,
-416.83,343.29,1550.0,-416.8349914948133,343.29082403338253,-416.9126342553193,343.6717593568998,-101.47852481112135,21.49690275960705,0.030004444640226915,0.1564021706923658,1524.0,-416.8349914948133,-343.29082403338253,-417.3714753305062,-343.65834865790134,97.59208973105422,19.316549257842805,0.03495201745151659,-0.1604341720091199,-0.0024737864056448376,-0.0020160006583770512,343.6650540074006,True,0.004522792822779569
-415.73,59.77,935.0,-415.7250055899917,59.772232074779794,-417.808073582597,60.290420432855285,-28.4950176987535,15.965856612294951,0.024672074862014018,0.04023434506005866,930.0,-415.7250055899917,-59.772232074779794,-415.80615370879605,-59.829387648032046,24.442857057002744,16.55979492235114,0.027088461072211818,-0.04399438192313982,-0.0012081931050988998,-0.0018800184315405817,60.05990404044367,False,
-413.55,315.24,1447.0,-413.5522930621817,315.23721370265173,-413.699384137196,315.737257975819,-97.94227522713396,21.505907941306415,0.030360889912612675,0.15081340726640743,1482.0,-413.5522930621817,-315.23721370265173,-413.1439011172253,-315.0048937421735,93.90196793385134,19.447273394108066,0.034809153291185856,-0.1545093857760602,-0.0022241316892865903,-0.0018479892548263765,315.3710758589963,True,0.004431170966866389
-412.56,476.12,2033.0,-412.56226238552955,476.12223184318276,-412.53521344483335,476.7584376103607,-114.36853339406078,22.38674985837434,0.029790771345823704,0.17697086667099413,1996.0,-412.56226238552955,-476.12223184318276,-413.03631614782694,-476.0095046953057,109.61253772327795,17.796976404698803,0.03415444315928053,-0.17951221659363306,-0.0021818359067284146,-0.0012706749613194679,476.38397115283317,True,0.0028776953344290318
-412.11,1190.7,4112.0,-412.10563377995123,1190.7010315804823,-411.00732253697265,1191.3983131170044,-143.90191771989373,25.404751661606625,0.02584189523046195,0.2239934197263826,3342.0,-412.10563377995123,-1190.7010315804823,-411.95485773427663,-1189.6230066755677,136.8255254942582,6.776065515953643,0.02535372390516513,-0.2228097872022893,0.0002440856626484099,0.0005918162620466433,1190.5106598962861,True,-0.0001288216477943413
-411.29,1159.2,4082.0,-411.28827477985305,1159.1988418854687,-410.74446608500017,1160.253506489036,-142.9978579244292,25.31880175162375,0.026086531301983983,0.2225577830692306,3252.0,-411.28827477985305,-1159.1988418854687,-413.2041390222999,-1159.7772406199626,136.49101908083193,7.4333941772061465,0.026034374674713406,-0.2222927036244046,2.607831363528844e-05,0.00013253972241300538,1160.0153735544993,True,-1.4125233234382409e-05
-410.42,1127.63,3996.0,-410.42417199080245,1127.63114494309,-408.65509687815046,1127.2882061738221,-141.9608222912716,25.398506432592303,0.026617110380263268,0.22093287804542952,3222.0,-410.42417199080245,-1127.63114494309,-411.89551797764426,-1128.2577379264283,135.60930977063606,8.052503796766436,0.026633699743008384,-0.22087339302709416,-8.294681372558038e-06,2.974250916767951e-05,1127.7729720501252,True,4.621233299557783e-06
-410.4,89.28,936.0,-410.401683707887,89.27742161225025,-410.3313936618876,89.2193290628522,-41.09122020554938,17.609191636559466,0.026933232225514456,0.060373390687643025,929.0,-410.401683707887,-89.27742161225025,-410.4492121950384,-89.3288855812237,36.867795580549306,17.121279371710163,0.028343370878952605,-0.06370367944210323,-0.0007050693267190745,-0.0016651443772301017,89.27410732203795,False,
-409.86,381.59,1591.0,-409.86093242176634,381.5940461725789,-409.70520475158065,382.0608467814223,-105.92959226090301,22.258804965900605,0.030746899550841766,0.16357453375264905,1634.0,-409.86093242176634,-381.5940461725789,-409.4610812036903,-381.3137237300186,101.55003456035597,19.291989592569795,0.03537409388718036,-0.1666365584675343,-0.0023135971681692968,-0.0015310123574426293,381.68728525572044,True,0.003808552261318943
-409.51,1095.99,3966.0,-409.50936854959195,1095.9936482800047,-408.9293782440073,1095.568015139366,-141.0999225986581,25.060463243090144,0.0264675742534445,0.2195593545131256,3138.0,-409.50936854959224,-1095.9936482800047,-409.6254955825829,-1095.982857600871,134.38644471250043,8.517117898730968,0.026977886468827622,-0.21889934193703905,-0.0002551561076915617,0.0003300062880432775,1095.7754363701185,True,0.00014630672067221303
-408.73,967.18,3563.0,-408.73361163326103,967.1798357705926,-410.2824057737592,967.0373958989038,-136.57537756652937,24.67252904238985,0.027424268804006616,0.21234174695062344,2923.0,-408.73361163326103,-967.1798357705926,-407.5960705049704,-966.5350907410752,130.3489974034361,10.66459026018792,0.028810351594685344,-0.2124486906560634,-0.0006930413953393638,-5.347185271997734e-05,966.7862433199896,True,0.0004504105786104223
-408.1,439.83,1865.0,-408.1036426625517,439.83112309789584,-408.3192487385279,439.7020978637573,-111.02967472958078,22.77358788163782,0.030860271169178805,0.17170854086900503,1831.0,-408.1036426625517,-439.83112309789584,-407.61465700364624,-439.66698603757095,106.78886527239997,18.666762947696,0.03509366559674646,-0.17495180339888253,-0.002116697213783828,-0.0016216312649387499,439.6845419506641,True,0.0030248051874625227
-407.99,289.05,1308.0,-407.9857960995805,289.04600011242417,-408.44699075421346,289.2176171978744,-93.89061712009418,21.82570747754104,0.031194652003669103,0.1444293190311389,1340.0,-407.9857960995805,-289.04600011242417,-407.96482892979816,-289.0337336419432,90.16592042181442,20.25914716544508,0.03578322243676143,-0.1484998535278157,-0.002294285216546163,-0.0020352672483383988,289.1256754199088,True,0.004985866143553698
-407.56,935.04,3593.0,-407.5630648012373,935.0360143918642,-405.9125440395355,934.1589234025532,-135.92145214978967,24.7881528163054,0.028010951516282745,0.21135450990385665,2893.0,-407.5630648012372,-935.0360143918642,-407.285561393319,-934.3220746379602,129.1016630010839,11.25063478713406,0.029348558493734245,-0.2104596935011675,-0.0006688034887257499,0.00044740820134457626,934.2404990202567,True,0.00044980026643663684
-406.31,902.78,3666.0,-406.3086773982291,902.7808475321693,-408.13242506799315,902.6425455007238,-134.11069362571845,24.42005677774598,0.02781108870074339,0.20844541138260728,2821.0,-406.3086773982291,-902.7808475321693,-407.8667131899609,-903.7683146095933,128.58098146542946,12.013028364936934,0.030187754488450617,-0.20963812044969404,-0.001188332893853613,-0.0005963545335433834,903.2054300551586,True,0.0008266686105112589
-404.96,870.41,3696.0,-404.9616307795798,870.4056971299897,-403.4022525434222,869.9311663832856,-133.70967762949022,24.942550092995145,0.029043278011908848,0.207865104896604,2791.0,-404.9616307795798,-870.4056971299897,-406.1983720624726,-871.1039842097365,127.67357729037042,12.836241802164277,0.031097900197740773,-0.20817350972273757,-0.0010273110929159626,-0.00015420241306678129,870.517575296511,True,0.0007414882993848327
-403.05,403.05,1704.0,-403.0508652763321,403.0508652763321,-403.0507270127244,402.81053581539567,-107.70064045069425,23.255945786492347,0.032079777577721486,0.1664747416995793,1673.0,-403.0508652763321,-403.0508652763321,-402.7362701527041,-402.8684996950735,103.60803024167183,19.644594044953678,0.036199262059194236,-0.16982960174446274,-0.002059742240736375,-0.0016774300224417227,402.8395177552346,True,0.003212629747867824
-402.99,118.33,937.0,-402.9870489180889,118.32767387340054,-402.7707541974853,118.25003603844101,-52.27960695073355,19.000748727568716,0.02879242584104776,0.07827285619124941,928.0,-402.9870489180889,-118.32767387340054,-402.8348224186596,-118.40133573559812,48.10839820319509,18.80777336412597,0.03138355894116206,-0.08150040092434127,-0.0012955665500571489,-0.001613772366545932,118.32568588701957,False,
-402.57,737.25,2543.0,-402.5691488448478,737.2503512364947,-403.9697441928891,736.9936444301526,-128.13122057816594,24.106190461848296,0.02934025254180102,0.19897976469632755,2602.0,-402.5691488448476,-737.2503512364948,-402.7853146908135,-737.213462505253,122.789043231904,15.01346919342808,0.03292331162629952,-0.2003577327006435,-0.0017915295422492507,-0.0006889840021579718,737.1035534677028,True,0.001527127639567387
-401.17,330.85,1446.0,-401.1743735074104,330.84607000981106,-401.25668387933246,331.21097489171774,-99.78277033240141,22.864620060636184,0.032333841221633325,0.15389503161630405,1483.0,-401.1743735074104,-330.84607000981106,-401.1866336971041,-330.9441099579139,96.07385995193154,20.802008834354147,0.037160488858733166,-0.15781961895174856,-0.0024133238185499208,-0.0019622936677222563,331.0775424248158,True,0.004580002813577376
-400.67,703.96,2513.0,-400.671233153821,703.962046507478,-401.4755464757711,704.8295640338105,-126.86577109281347,24.09391807728926,0.02971463305517221,0.1969962856598344,2456.0,-400.671233153821,-703.962046507478,-400.3966572829651,-703.4944957316437,121.75560115605926,15.818172521989455,0.033791081479618075,-0.19868370473047325,-0.002038224212222932,-0.0008437095353194257,704.1620298827271,True,0.0018186922724461082
-399.88,9.97,875.0,-399.8756728003265,9.972276695229262,-399.66359228290526,9.888578602107819,-8.214825136838032,17.66884209886762,0.02799973043357762,0.008179631099449572,877.0,-399.8756728003265,-9.972276695229262,-400.32216265522476,-10.070370619068578,1.9178877506142182,18.45027376844192,0.02948785427223449,-0.007955147823723592,-0.0007440619193284353,0.00011224163786298976,9.979474610588198,False,
-398.88,29.89,874.0,-398.88151887247204,29.892037434569644,-398.6495177063114,29.83613274113826,-16.68291248420188,17.589738252121617,0.027629535596923573,0.021669430041947126,878.0,-398.88151887247204,-29.892037434569644,-400.1119066800902,-29.77269196575791,11.373281899563354,18.3117549974895,0.02950868859618065,-0.023001300001374566,-0.0009395764996285392,-0.0006659349797137198,29.804412353448086,False,
-398.59,670.46,2371.0,-398.59456996874616,670.4642934500168,-397.60251467201596,670.6055593861543,-125.48741588045885,24.39022218199973,0.030605356140857236,0.19484999812143602,2426.0,-398.5945699687463,-670.4642934500167,-398.49485613620226,-670.1930187127216,120.31679178004417,16.51031171004258,0.03448481292486838,-0.19637047717982528,-0.001939728392005572,-0.0007602395291946284,670.3992890494379,True,0.0018179722341068487
-397.29,365.73,1551.0,-397.2909117634911,365.73204867790014,-397.67798696288145,365.77478941929684,-103.68790494349356,23.605119818908303,0.03308908109167212,0.1601540745882987,1523.0,-397.2909117634911,-365.73204867790014,-397.66078285870935,-365.75945178341226,100.23518992789695,20.79862696410416,0.03758148899189008,-0.16439940030729755,-0.0022462039501089798,-0.0021226628594994273,365.7671206013546,True,0.003858552303184034
-396.9,49.74,873.0,-396.8956826400688,49.737481858994045,-397.0100615001386,49.707342497716006,-24.655164993522988,18.19760908738375,0.02835362991205606,0.034377742361979394,879.0,-396.8956826400688,-49.737481858994045,-396.81981790578885,-49.62947460454907,20.07929648541842,18.735795342701945,0.030426755244571252,-0.03681703443915677,-0.0010365626662575955,-0.0012196460385886891,49.668408551132536,False,
-396.31,636.74,2341.0,-396.3146838394646,636.737521568523,-397.0191002415986,637.5055965333232,-123.7464440622478,24.185518184510553,0.03068493395723363,0.19208630047561812,2289.0,-396.31468383946475,-636.7375215685229,-396.39037800917794,-636.337408842106,118.59846745771559,16.743623675100153,0.03444151171446842,-0.1936099055959599,-0.0018782888786173964,-0.0007618025601708878,636.9215026877146,True,0.001852918614769086
-396.17,305.04,1307.0,-396.17177973078714,305.0375730052622,-395.88567446389465,305.29625893295656,-96.29841123256523,23.20190211585107,0.03318801910797434,0.1484152804804428,1341.0,-396.17177973078714,-305.0375730052622,-396.711597569888,-305.3503802682025,92.9053317640357,21.680605851026417,0.03824537372744942,-0.15272194407140585,-0.002528677309737541,-0.0021533317954815223,305.32331960057957,True,0.005203712621730307
-395.98,395.98,1590.0,-395.9797974644666,395.9797974644666,-394.9642023905298,396.02399586287873,-107.15785182330927,23.856793525050318,0.03311917102477826,0.1657099022162235,1635.0,-395.9797974644666,-395.9797974644666,-395.787032597016,-395.871230064176,103.17534575804386,20.42100626825376,0.03734926512000587,-0.16905585587695907,-0.002115047047613807,-0.0016729768303677811,395.9476129635274,True,0.00335631080942639
-393.92,69.46,872.0,-393.92310120488327,69.45927106677213,-394.12769638890296,69.43505771816253,-33.096532437945136,18.985507429862782,0.029366004277540478,0.04784789616164864,880.0,-393.92310120488327,-69.45927106677213,-392.4114743386672,-70.1335296305035,28.892197378793412,19.64427457378686,0.032123757453452875,-0.05078921297668064,-0.0013788765879561987,-0.0014706584075159998,69.78429367433301,False,
-393.52,146.77,938.0,-393.51888449989997,146.7749554316212,-393.5587632386393,146.91753626664516,-61.783067152058514,20.85925722575598,0.031399243886123786,0.09351090186978923,927.0,-393.51888449989997,-146.7749554316212,-393.5554663898626,-146.92695729296986,58.1097201604702,20.42650930855405,0.03430920972566392,-0.09730435517233542,-0.0014549829197700662,-0.0018967266512730924,146.9222467798075,True,0.006222289342877768
-389.97,89.01,871.0,-389.9711648727295,89.00837358252579,-389.9274236972769,88.94542433389567,-41.15384551763118,19.839548099401608,0.030486309288482026,0.06072294883406362,881.0,-389.9711648727295,-89.00837358252579,-389.8713604086882,-89.06642586003555,37.36103158338501,19.74840518450493,0.032521357134173506,-0.06423667252915585,-0.0010175239228457401,-0.001756861847546115,89.00592509696561,False,
-389.71,14.94,821.0,-389.7138106098159,14.938066139113738,-389.00353074704003,14.676923039839778,-10.392634705482036,18.947827375254978,0.029976655997940107,0.011776276163506882,819.0,-389.7138106098159,-14.938066139113738,-389.7749563958749,-14.957142896978203,4.895889030990396,19.573949306686856,0.03133608760317969,-0.012565612717859942,-0.0006797158026197927,-0.0003946682771765299,14.817032968408991,False,
-389.44,495.21,2034.0,-389.4401613189813,495.21344968795603,-390.2759064775082,495.19813968825315,-115.28078103401292,24.4769730542113,0.03289163435255579,0.17869536301177144,1995.0,-389.4401613189813,-495.21344968795603,-388.8910481057612,-494.81597279076436,110.97697802396262,19.77194207210632,0.03752802094789037,-0.1813880843350383,-0.0023181932976672898,-0.0013463606616334334,495.00705623950876,True,0.0029425111992863666
-388.21,345.97,1445.0,-388.2076752382207,345.9693640860939,-387.5395058873789,346.05883815984953,-101.62912223837867,24.386308972467294,0.03457384296465785,0.15700158584827134,1484.0,-388.2076752382207,-345.9693640860939,-388.5199889347211,-346.2420397382425,98.18177501235193,22.08958505838751,0.03939708339635918,-0.16101934191181563,-0.002411620215850667,-0.002008878031772146,346.150438949046,True,0.004377477247388576
-387.43,44.73,822.0,-387.42681500627333,44.72653590537603,-387.5402003306042,44.89365270056135,-22.801492909392252,19.00765333512838,0.029701808501927978,0.03154350874420545,818.0,-387.42681500627333,-44.72653590537603,-387.2708724861264,-44.77780291256844,18.057469891708116,19.958404966629267,0.03231318060417851,-0.03348225179901982,-0.0013056860511252658,-0.000969371527407184,44.83572780656489,False,
-385.67,459.63,1866.0,-385.67256581192356,459.6266658713868,-385.0372063729258,459.53354054942264,-112.68809673707926,24.863206198081873,0.03394312687099058,0.17463313601249392,1830.0,-385.67256581192356,-459.6266658713868,-386.6818259949775,-460.13145300669333,108.61171794417017,20.588139389282222,0.0384022589507228,-0.17759659971781272,-0.002229566039866109,-0.0014817318526594014,459.832496778058,True,0.003046495556801582
-385.05,108.34,870.0,-385.0496987800048,108.33618725720208,-384.9471327159081,108.30110713970126,-48.67527687421473,20.75511679847432,0.03170643360823754,0.07275467211786826,882.0,-385.0496987800048,-108.33618725720208,-385.2507869551591,-108.16721885899294,45.169770437857686,20.52608047476876,0.033992992693503955,-0.0766080783714531,-0.0011432795426332062,-0.0019267031267924187,108.23416299934709,False,
-383.73,320.55,1306.0,-383.73133434695393,320.5468187961101,-383.7948188126743,321.0089232752029,-98.418035394036,24.504295736559698,0.03506841035991624,0.1519368434895404,1342.0,-383.73133434695393,-320.5468187961101,-384.20981577555995,-320.85195310111675,95.07883410350583,22.86760579652478,0.040324390157149476,-0.15602807150041725,-0.0026279898986166193,-0.0020456140054384286,320.9304381881598,True,0.005145086147523137
-383.65,1200.17,4111.0,-383.65298026008264,1200.1709839591845,-383.44698052369137,1199.839539077371,-143.78123098066771,27.085346671019852,0.02841326579596488,0.2241388715761979,3343.0,-383.65298026008264,-1200.1709839591845,-383.4704920498948,-1199.2865694290972,137.48098880774978,9.10411368788982,0.029177277039240977,-0.2235041422120831,-0.0003820056216380478,0.0003173646820574111,1199.563054253234,True,0.00020009053301749065
-382.94,1168.87,4083.0,-382.93863635268747,1168.8703952057065,-381.4838463160495,1168.6216373512511,-142.81427638918663,27.321618777998232,0.02917162932889522,0.22262395799778473,3251.0,-382.9386363526875,-1168.8703952057065,-382.5732825867504,-1168.0336605087784,136.50786903950856,9.670266003549726,0.02969558290735843,-0.2219443858987681,-0.00026197678923160425,0.0003397860495083088,1168.3276489300147,True,0.00014088930570372053
-382.87,74.25,823.0,-382.8662447987734,74.25253257422062,-382.166912238946,74.15230084409379,-35.52409411952416,20.408424462383355,0.03157287512230466,0.05185796397348586,817.0,-382.8662447987734,-74.25253257422062,-382.76067061067783,-74.36018743638255,31.41089378342343,20.51948242305382,0.033568457771372774,-0.05467964967468788,-0.0009977913245340572,-0.0014108428506010087,74.25624414023817,False,
-382.18,1137.51,3995.0,-382.18398030202127,1137.512815400558,-383.670489211445,1137.2242477913028,-141.39693754389978,27.104891262553828,0.029211219753183634,0.2203414134089308,3223.0,-382.1839803020216,-1137.512815400558,-384.47601589828383,-1138.1276261992773,136.0773702626083,10.137602509140562,0.030073113666013875,-0.22128252853862815,-0.00043094695641512047,-0.00047055756484867817,1137.6759369952902,True,0.0002380044700490537
-382.05,174.47,939.0,-382.04543804889767,174.4743054607924,-382.3715422173157,174.5362899485153,-69.97153844119818,22.817609065557306,0.034177811515228154,0.1066802682824648,926.0,-382.04543804889767,-174.4743054607924,-381.781391669696,-174.422559938463,66.70392066781106,22.079347132657944,0.037276520723686785,-0.11083825332531907,-0.0015493546042293152,-0.0020789925214271393,174.47942494348916,True,0.0055793868463617615
-381.59,409.86,1589.0,-381.5940461725789,409.86093242176634,-382.4871958157526,409.95382517631816,-107.99609355889186,25.05624193944912,0.034857554224433054,0.16719681093449407,1636.0,-381.5940461725789,-409.86093242176634,-381.8900615535836,-410.3288060895996,104.69512321402829,22.063085700237433,0.040139777246865856,-0.17130446099479765,-0.0026411115112164006,-0.002053825030151793,410.1413156329589,True,0.004046067150364459
-381.4,423.59,1705.0,-381.40444562454917,423.59255052211466,-381.70857211907395,423.50387633980444,-109.33931724010183,25.215037321417032,0.034944337815237834,0.16934415360321056,1672.0,-381.40444562454917,-423.59255052211466,-381.62468441299916,-424.0538297725018,105.78471618292959,21.6899820440935,0.039714054327953455,-0.1730353519977445,-0.00238485825635781,-0.00184559919726697,423.77885305615314,True,0.0035359259311761333
-381.39,1106.09,3967.0,-381.38562868434036,1106.0944816031995,-380.3228467671444,1105.415196774751,-141.12570153850544,27.39490603397471,0.030062357182446098,0.2199507263850976,3137.0,-381.38562868434036,-1106.0944816031995,-382.7308818270655,-1106.658552445498,135.15481206252824,10.419371243535386,0.030136161642355153,-0.2197928589506748,-3.690222995452776e-05,7.893371721140463e-05,1106.0368746101244,True,2.09634555931223e-05
-380.95,978.46,3564.0,-380.94809061817324,978.457230672025,-380.4284527978653,979.3190788649755,-136.92767798598217,26.41232151097059,0.030042821079198635,0.21326807103490159,2922.0,-380.94809061817324,-978.457230672025,-382.93107384544993,-979.1207891252274,131.38958576418293,12.670107826401525,0.03215636864256288,-0.21380276692448033,-0.001056773781682124,-0.00026734794478937285,979.2199339951014,True,0.0006780811202431002
-379.94,946.6,3592.0,-379.93805956039245,946.5976288251962,-381.40439790769847,946.3546755783159,-135.40011933373202,26.540775727789637,0.03065097646763396,0.2108249335579339,2894.0,-379.9380595603923,-946.5976288251962,-379.54972542023575,-945.6894870112866,129.84852944818317,13.600532358953645,0.03322775302783024,-0.21130868833930616,-0.0012883882800981388,-0.0002418773906861238,946.0220812948012,True,0.0008557075433562071
-379.48,19.89,765.0,-379.47922320673814,19.887663372318656,-379.42063552571807,19.824942576653402,-12.422475899422793,19.913746102226046,0.03145091574255854,0.015124230218379553,768.0,-379.47922320673814,-19.887663372318656,-382.41412783427387,-19.09376901177059,7.646029193390711,19.70670708862534,0.03159803932327896,-0.01685244886057409,-7.356179036021107e-05,-0.0008641093210972686,19.459355794211994,False,
-379.17,127.39,869.0,-379.1709384668527,127.39466010067366,-378.83160886578753,127.32052287777134,-55.601110686490756,21.88034527299234,0.03326436007794558,0.08385237563511931,883.0,-379.1709384668527,-127.39466010067366,-379.1774734505008,-127.41703681976882,52.16211129157676,21.76520725302413,0.036200876210608524,-0.08766235477225288,-0.0014682580663314716,-0.0019049895685667867,127.36877984877009,False,
-378.86,914.64,3667.0,-378.8565980414389,914.6407371861739,-377.751264511236,913.9465576841129,-134.88971427952166,26.89829111901646,0.0316168812257337,0.21005733850996758,2820.0,-378.8565980414389,-914.6407371861739,-379.02212912605165,-914.3513624969477,128.85074302379994,13.902245793444928,0.03332414771204278,-0.2097142004658987,-0.0008536332431545376,0.00017156902203444013,914.1489600905303,True,0.0005867244929729491
-377.92,39.72,764.0,-377.91832023994385,39.720816041708325,-377.8613184410952,39.669639591762675,-20.659193471151884,19.98050444394313,0.03131412747735176,0.02825247029633767,769.0,-377.91832023994385,-39.720816041708325,-378.29030339432256,-39.81293020705934,16.226264858164587,21.124029912161372,0.034107525661573115,-0.03045781368395493,-0.001396699092110678,-0.0011026716938086299,39.741284899411006,False,
-377.7,882.58,3695.0,-377.69624636808226,882.5789174229468,-379.36156069501453,882.6096519136298,-133.1793712625523,26.60023116675826,0.03152628631316715,0.20731552180095691,2792.0,-377.69624636808226,-882.5789174229468,-376.7603462621084,-881.8138852678294,127.78187157269308,14.663157866136418,0.034136691287401044,-0.2079853387227894,-0.0013052024871169458,-0.0003349084609162445,882.2117685907297,True,0.0009295760249319375
-376.54,387.06,1552.0,-376.54027259075764,387.0625571109637,-375.369395656986,386.73694683077775,-105.97068077116121,25.71971225329752,0.03619783650411541,0.16406043787025043,1522.0,-376.54027259075764,-387.0625571109637,-375.6419474525325,-386.73112293018465,102.40548200790779,22.717610097256436,0.04089248499299407,-0.167583863352298,-0.0023473242444393277,-0.0017617127410237826,386.7340348804812,True,0.0038136475907546213
-376.06,103.34,824.0,-376.058863226725,103.34278585669811,-375.74341788524134,103.38532856838579,-47.05499002837278,21.68250090373836,0.03324261466001617,0.07028862315628591,816.0,-376.058863226725,-103.34278585669811,-376.2780651831725,-103.39429112380493,43.807086762306646,21.504155067945202,0.03549119283918249,-0.07432941126298745,-0.0011242890895831609,-0.00202039405335077,103.38980984609536,False,
-376.0,751.15,2542.0,-375.99845645267857,751.1492266821575,-376.54928385608645,752.1118001956867,-128.3244498409617,26.110422843491023,0.03234493580471499,0.19962311625342002,2603.0,-375.99845645267857,-751.1492266821575,-377.59203898789207,-751.8814749062835,123.6314993062636,17.219843930235022,0.03661450483300433,-0.2013900018223014,-0.002134784514144672,-0.0008834427844406911,751.996637550985,True,0.0017836843974397296
-375.32,59.45,763.0,-375.32156942615234,59.44509671528774,-375.2627529390152,59.35961556072019,-28.996426545762176,20.846774721902573,0.0324516968437392,0.041553413412879645,770.0,-375.32156942615234,-59.44509671528774,-376.38329666881936,-59.430369489137455,25.5738561423681,21.294029624971525,0.034618342854437066,-0.0453116122131601,-0.0010833230053489337,-0.0018790994001402286,59.394992524928824,False,
-374.67,360.58,1444.0,-374.6712286724092,360.5849004119657,-374.94388081789583,360.56726921653853,-102.88830472698078,25.626795532297212,0.03637045428146687,0.15915989529994737,1485.0,-374.6712286724092,-360.5849004119657,-374.3918670717397,-360.2458929912461,99.59710531917652,23.032307651122753,0.041068977813219304,-0.16309888333103165,-0.0023492617658762184,-0.001969494015542139,360.40658110389234,True,0.004095609731892548
-374.39,718.29,2514.0,-374.3851456676537,718.2866855952501,-375.41035973861244,719.3477522156703,-127.21031326906383,26.150708324034913,0.032810312545101736,0.1978638611992187,2455.0,-374.3851456676537,-718.2866855952501,-373.4034398563111,-717.7363366994282,121.86723187900152,17.486933599402725,0.0366214166626793,-0.19853078534252197,-0.0019055520587887807,-0.00033346207165163566,718.5420444575493,True,0.001666281992849317
-372.62,685.24,2370.0,-372.621458439565,685.2395557105351,-373.5106863453969,686.0150331559588,-125.59778661145351,26.382904845889428,0.033588089693358976,0.1953207105634677,2427.0,-372.621458439565,-685.2395557105351,-373.72989540545785,-686.0580854471208,120.985310890441,18.507571757952032,0.03785785005940738,-0.19713116258731694,-0.002134880183024202,-0.000905226011924623,686.0365593015398,True,0.0019552671962880953
-372.35,146.14,868.0,-372.3494994576816,146.13640974655812,-372.1889548274589,146.10651793183266,-61.736775848016016,23.117118264834442,0.03500267385750746,0.09369894243505242,884.0,-372.3494994576816,-146.13640974655812,-372.4463249536006,-146.249411150318,58.52831148086736,22.998517144083113,0.038394389443391436,-0.0977120408676028,-0.0016958577929419884,-0.0020065492162751886,146.1779645410753,True,0.007289326268245438
-371.7,79.01,762.0,-371.69608827884616,79.00644251074856,-371.75947563394493,78.97091419972212,-37.27354478279788,21.769704996984668,0.03368040695542859,0.05476976077479721,771.0,-371.69608827884616,-79.00644251074856,-371.1288476359161,-79.29668523481078,33.82647942575802,22.023300885166908,0.03602231634356899,-0.05838171900867023,-0.001170954694070199,-0.0018059791169365083,79.13379971726644,False,
-370.69,651.99,2342.0,-370.6868914625423,651.9902058296868,-371.2481535291184,652.9243144736678,-124.16097502108077,26.560014021925117,0.03427522883567041,0.19306166307249273,2288.0,-370.6868914625423,-651.9902058296868,-370.16038600752927,-651.4507356117255,119.11419769223755,18.92814175615214,0.03810337272613577,-0.19410947775677237,-0.0019140719452326801,-0.0005239073421398205,652.1875250426966,True,0.0018440200496603017
-370.68,335.55,1305.0,-370.68413084930904,335.54921417951846,-369.7502054099726,335.3862492910705,-100.19342042457176,26.059214679426763,0.0373670619968887,0.15493446052387708,1343.0,-370.68413084930904,-335.54921417951846,-370.76018388603933,-335.3686059125882,96.94133111244692,23.98292920090589,0.0422772675398415,-0.15882761027821085,-0.002455102771476401,-0.0019465748771668873,335.37742760182937,True,0.004599553932911215
-368.63,201.28,940.0,-368.6251756182474,201.2845744224238,-368.6060209574214,201.32666337964804,-77.00163739230926,24.93838061641792,0.037225023293496536,0.1180376042328336,925.0,-368.6251756182474,-201.2845744224238,-368.6898963069277,-201.4944057312717,74.08271127673208,24.0732327745834,0.04078143644340101,-0.12242163213126982,-0.001778206574952236,-0.0021920139492181065,201.4105345554599,True,0.005547277578866417
-367.05,98.35,761.0,-367.05181398984604,98.35123713895787,-367.055592058231,98.33426566391836,-45.07794351899914,22.55523444421476,0.0346934734600656,0.06724845547660269,772.0,-367.05181398984604,-98.35123713895787,-366.9765628378773,-98.45775959957707,41.92567091198069,22.674894686917956,0.03729402524585919,-0.07122112969019763,-0.0013002758928967947,-0.0019863371067974714,98.39601263174771,False,
-367.04,131.83,825.0,-367.04461871202903,131.82658257931604,-366.9532685495636,131.8241875621355,-57.16138423021781,23.294457260172255,0.03545983294718831,0.08648110181732037,815.0,-367.04461871202903,-131.82658257931604,-367.1890956015473,-131.8498749397376,54.158720571078135,23.192281432552857,0.03852642415711305,-0.09069323579652831,-0.0015332956049623689,-0.002106066989603972,131.83703125093655,True,0.0073074919279132
-366.72,423.22,1588.0,-366.7220110093596,423.2197616383847,-366.8368649261594,423.5927359303185,-109.12736134218021,26.41318692720245,0.03685016387748703,0.1691889487090294,1637.0,-366.7220110093596,-423.2197616383847,-366.2243397774525,-422.84296760576177,105.48573775301823,23.24725123467151,0.04217769582589901,-0.17237090544480765,-0.0026637659742059887,-0.0015909783678891287,423.21785176804013,True,0.003954685550473723
-365.44,513.18,2035.0,-365.43585302985485,513.1828497917115,-365.96228176717705,512.9171355751483,-116.14606530241396,26.676631585015514,0.03617549557354649,0.18037027399894945,1994.0,-365.43585302985474,-513.1828497917115,-366.5116932171447,-513.7252382604361,112.51664064524226,21.886380288926674,0.04112483514980021,-0.1835644541515535,-0.002474669788126861,-0.0015970900763020296,513.3211869177921,True,0.003029060410742415
-364.6,164.51,867.0,-364.6023409246693,164.51484125224457,-364.39313638552284,164.5073522114211,-67.41070280634621,24.505084159828623,0.03698633566959592,0.10282475283362356,885.0,-364.6023409246693,-164.51484125224457,-364.78457904782334,-164.61457252168114,64.47850305684635,24.120761571580204,0.04040541455641158,-0.10708823168995896,-0.0017095394434078273,-0.0021317394281676963,164.5609623665511,True,0.006527278984269803
-362.28,478.28,1867.0,-362.28264619528636,478.2795043337535,-362.28163889822594,478.7930670202101,-113.78874690904767,26.84772253835685,0.03686571182481006,0.17666356198485614,1829.0,-362.28264619528636,-478.2795043337535,-362.24821964620713,-477.97700755741397,109.7509606060288,22.62202910090485,0.04185784898625693,-0.17911052301388028,-0.002496068580723435,-0.0012234805145120708,478.38503728881204,True,0.0032783762470910533
-361.4,117.43,760.0,-361.4014761921583,117.42645786248,-361.4370997721312,117.3895907573725,-52.12507477123864,23.588008481943323,0.03610381434261424,0.07853312273331896,773.0,-361.4014761921583,-117.42645786248,-361.6985456004331,-117.33219559444332,49.224077283156504,23.54983749958015,0.0389176946870214,-0.08277226446293852,-0.0014069401722035801,-0.0021195708648097805,117.3608931759079,False,
-360.58,374.67,1443.0,-360.5849004119657,374.6712286724092,-360.57790419049553,375.0859846303274,-104.36581123519123,26.924369877957588,0.03825779767908437,0.16168735966828884,1486.0,-360.5849004119657,-374.6712286724092,-360.9460516430792,-374.6211231746576,101.16575288361433,24.154307667245025,0.04303074935443925,-0.16543079293274282,-0.0023864758376774403,-0.0018717166322269885,374.85355390249254,True,0.004000140791818243
-358.77,29.73,717.0,-358.7704174824012,29.728564370039766,-360.6240752208269,30.033889994576697,-16.138985340217598,21.689507121029536,0.034152098479415326,0.021269439668002085,714.0,-358.7704174824012,-29.728564370039766,-358.74999470970806,-29.7718385344598,11.897275493915892,22.955549835455212,0.0368995071758994,-0.023328703494480817,-0.0013737043482420358,-0.0010296319132393657,29.90286426451825,False,
-358.71,442.97,1706.0,-358.7126228984073,442.97319803047344,-357.82218052184595,442.9160946084776,-110.75430230837237,27.35333884852983,0.038109809483346496,0.17188870827325078,1671.0,-358.7126228984073,-442.97319803047344,-358.39690189877336,-442.77197002019693,107.17790180396646,23.439080602805948,0.04272707169950104,-0.1749682057577668,-0.0023086311080772713,-0.0015397487422580125,442.84403231433726,True,0.0032755453386515503
-357.05,350.02,1304.0,-357.05079954837475,350.02103728471275,-357.2100617813856,350.0071805575047,-101.4724722124002,27.347331167784233,0.03923810091232372,0.15712371346772808,1344.0,-357.05079954837475,-350.02103728471275,-356.6533439753807,-349.9272269859518,98.72074092209111,25.11300805995606,0.044254142942179844,-0.1614868628624414,-0.0025080210149280614,-0.002181574697356664,349.96720377172824,True,0.004502810726622337
-355.95,182.48,866.0,-355.9487235245875,182.4842629412652,-355.7274635764777,182.53911007652638,-72.35555246044703,25.865337104705986,0.03893041102053236,0.11080085374638816,886.0,-355.9487235245875,-182.4842629412652,-356.0184975372663,-182.57263489472066,69.67741212201402,25.371506526298862,0.04261596888001574,-0.11525519449158186,-0.0018427789297416897,-0.0022271703725968497,182.55587248562352,True,0.006342453594115374
-355.88,159.54,826.0,-355.87641042585454,159.53676849682242,-355.4723364889134,159.4735087295456,-66.00222569694584,25.2872680489014,0.03829286933768267,0.10069234468601573,814.0,-355.87641042585454,-159.53676849682242,-355.87284382504504,-159.7052923690445,63.28192513291493,25.124130350484972,0.04194220174463421,-0.10507467699656951,-0.00182466620347577,-0.00219116615527689,159.58940054929508,True,0.0071838830403055595
-355.09,59.25,718.0,-355.09006922498,59.2540525010643,-355.88073494770487,59.690592575294225,-28.955900751811182,22.720934614267836,0.03543046148736587,0.04172628565710269,713.0,-355.09006922498,-59.2540525010643,-354.9584473135821,-59.336074049160665,25.830219633118308,23.600921325951223,0.03828872019462771,-0.04545723783215482,-0.0014291293536309174,-0.0018654760875260676,59.513333312227445,False,
-354.98,1208.96,4110.0,-354.9830216202013,1208.9611467542668,-357.4164150140834,1208.8984379909032,-143.24558120744334,29.200332949373422,0.03166842691444545,0.22360515411406173,3344.0,-354.98302162020155,-1208.9611467542668,-356.6362735223409,-1209.41945727003,138.26606993571946,10.625155579195193,0.031722187598243926,-0.22442499968820911,-2.6880341899238047e-05,-0.000409922787073691,1209.1589476304666,True,1.3967904683187473e-05
-354.76,136.18,759.0,-354.7605620689367,136.17982082721412,-354.91944695717,136.16465044304672,-58.48601961000054,24.751441457765676,0.037725537786576266,0.08873670238876423,774.0,-354.7605620689367,-136.17982082721412,-354.7820552439425,-136.280892161942,56.05733878007383,24.7817982583019,0.04111048530428096,-0.09356303183991976,-0.0016924737588523454,-0.002413164725577767,136.22277130249438,True,0.007806423370138368
-354.65,407.22,1553.0,-354.64609298577653,407.21756927952396,-354.76182687587107,407.6588679969803,-107.58310122180235,27.578372085160197,0.03889975530085834,0.1668790650566684,1521.0,-354.64609298577653,-407.21756927952396,-355.0000508057235,-407.4732595108676,104.38308521751037,24.51323009484207,0.04400433136228674,-0.17047851586688664,-0.002552288030714202,-0.001799725405109115,407.5660637539239,True,0.003934699201049317
-354.36,1177.85,4084.0,-354.36189221924224,1177.8487378873394,-352.72776581836644,1177.0779203892032,-142.74206017407312,29.46068356487881,0.03247249280419914,0.2228611972594468,3250.0,-354.36189221924224,-1177.8487378873394,-356.53369796299575,-1178.3916361249364,137.29460872321067,11.155648109639701,0.03218649579937188,-0.22287761490818836,0.00014299850241363335,-8.208824370775636e-06,1177.7347782570698,True,-7.628934000265286e-05
-353.71,1146.69,3994.0,-353.706209293085,1146.687366943369,-352.89062600340236,1147.4486290895627,-141.87736175327143,29.207762807147816,0.032432826042896115,0.22148299243563552,3224.0,-353.706209293085,-1146.687366943369,-354.1078137190521,-1146.7514935236086,136.03900558274063,11.686787025157818,0.0326443336700331,-0.22084955070598966,-0.00010575381356849392,0.00031672086482292805,1147.1000613065858,True,5.7926141755664757e-05
-353.33,227.07,941.0,-353.32648378909613,227.06914333135092,-353.0573390173686,227.26728301675925,-82.62949356509881,26.87208578540614,0.03998491658981418,0.12718503980782894,924.0,-353.32648378909613,-227.06914333135092,-353.5074806723513,-227.08785965247128,80.12115267848866,26.00938829589168,0.044176365997355894,-0.13184617147548122,-0.0020957247037708578,-0.00233056583382614,227.17757133461527,True,0.005796270551387812
-353.01,1115.47,3968.0,-353.013100356375,1115.4737787042686,-352.04950642723685,1115.0693569749772,-141.07614255961332,29.58180843512247,0.0334246862164044,0.22021811365255808,3136.0,-353.013100356375,-1115.4737787042686,-352.3279281446741,-1114.6051541084532,134.97810302376791,12.219793353194532,0.033098944241379304,-0.21913927363165342,0.00016287098751254989,0.0005394200104523322,1114.8372555417152,True,-9.179354122027649e-05
-352.85,988.94,3565.0,-352.85186287620166,988.9365818215009,-352.1598894040531,989.5801040156538,-136.99591105868825,28.724658746094278,0.033597353593204246,0.21372287167192072,2921.0,-352.8518628762015,-988.9365818215009,-354.1490209857595,-989.6718868167177,131.67519972412637,15.096708434065576,0.03614764246594431,-0.21390484263934878,-0.0012751444363700327,-9.098548371402893e-05,989.6259954161858,True,0.0008095956274635412
-351.99,957.34,3591.0,-351.98555244395374,957.3432878914045,-351.21572221793343,958.0992747370474,-135.7462928785074,28.587355802299495,0.03376437403327336,0.21174560575830195,2895.0,-351.98555244395374,-957.3432878914045,-352.0806890279169,-956.9403930658892,130.4141870095565,15.181401440762007,0.0358815738565637,-0.21187254776571782,-0.0010585999116451694,-6.347100370793224e-05,957.5198339014682,True,0.00069464664600514
-351.38,436.04,1587.0,-351.38264413327715,436.0392613078629,-350.69895459186586,435.86740891845994,-110.07421779499755,28.04630928766537,0.03929903125381762,0.17089355810773021,1638.0,-351.38264413327715,-436.0392613078629,-351.25760742951337,-435.8895232523001,106.6677639777887,24.55313520773214,0.044415855533131966,-0.17406886144514083,-0.002558412139657174,-0.0015876516687053088,435.87846608538,True,0.003687949466733939
-351.06,925.67,3668.0,-351.0588381721103,925.6660802585608,-349.86137347629756,924.9762997476552,-134.71265949307696,28.878304930775933,0.0346330901292257,0.21011711380423784,2819.0,-351.05883817211026,-925.6660802585607,-351.6383847844113,-925.3835657409996,129.3731241208024,16.006631136688696,0.03680849210135297,-0.21021022782949947,-0.0010877009860636375,-4.6557012630815686e-05,925.1799327443274,True,0.0007386916439019249
-350.07,893.9,3694.0,-350.06546523134904,893.8982996137532,-349.35292597613596,894.7514534341863,-133.63274060027106,28.3302619035974,0.034131015434029424,0.2084045964476948,2793.0,-350.06546523134904,-893.8982996137532,-350.2363502001447,-893.6776485990727,128.1647719502622,16.458080696489606,0.03713869488425787,-0.20826990494060896,-0.001503839725114222,6.734575354291894e-05,894.2145510166295,True,0.00105667075697306
-348.98,88.37,719.0,-348.98409573815894,88.37477537068771,-349.11754671418703,88.44098276926327,-41.283798192442575,24.25427316711235,0.03751874033981771,0.061429572395983637,712.0,-348.98409573815894,-88.37477537068771,-348.8154364919742,-88.41056929725812,38.53259701935574,24.562346162084058,0.04017494989998545,-0.06559846604566077,-0.0013281047800838691,-0.002084446824838569,88.42577603326069,False,
-348.95,764.09,2541.0,-348.9486109215846,764.0908760977954,-348.00209727479614,764.3771481043697,-128.8279264028848,28.346415543951725,0.0357534153315821,0.20077404070863195,2604.0,-348.9486109215848,-764.0908760977953,-348.5589818114732,-763.1146681009587,123.77310327056766,18.8577858468792,0.03935894297062667,-0.20125980446750588,-0.0018027638195222857,-0.00024288187943696804,763.7459081026642,True,0.0014830978500790563
-347.59,731.63,2515.0,-347.5876931058131,731.6302314703645,-348.80010557009496,731.5496315345281,-127.15131813867043,28.541317950567276,0.036465649850766384,0.19809586259390427,2454.0,-347.5876931058131,-731.6302314703645,-348.7771414881284,-732.5602212474423,122.8501109399631,19.655945467335957,0.040255053978646094,-0.19979348834463118,-0.001894702063939855,-0.0008488128753634527,732.0549263909852,True,0.001626211878433762
-347.15,154.56,758.0,-347.14727390418835,154.55992436880408,-347.15621298228325,154.5979817528881,-64.45715992576346,26.19488878716322,0.03979710305376808,0.09833514347613499,775.0,-347.14727390418835,-154.55992436880408,-347.2723298870156,-154.6972500162565,61.916846491076804,26.135196779248574,0.04349003058512316,-0.1027967566001174,-0.0018464637656775383,-0.0022308065619912054,154.6476158845723,True,0.007502006375193002
-346.41,200.0,865.0,-346.41016151377545,200.0,-346.5346608246068,200.07373206049428,-76.7016444582057,27.13122430832909,0.04073038703932678,0.1178304579980523,887.0,-346.41016151377545,-200.0,-346.62567140745267,-200.12089495719852,74.26128554686495,26.715581243180832,0.04497004329569883,-0.12243562194551477,-0.002119828128186025,-0.0023025819737312395,200.0973135088464,True,0.0066563976873060746
-346.1,699.01,2369.0,-346.1014735362285,699.0091344296234,-344.9430966135469,698.9992649050437,-126.14544871884955,28.576133663731852,0.036919704236290346,0.19654220837526332,2428.0,-346.1014735362285,-699.0091344296234,-345.449705551416,-698.5736810618519,121.3162590219768,20.21598364707843,0.04073015018927871,-0.1973115361797995,-0.0019052229764941822,-0.000384663902268087,698.7864729834478,True,0.0017130939815849526
-345.97,388.21,1442.0,-345.969364086094,388.2076752382206,-345.38728619869926,388.2412706154064,-105.58809104429531,28.42050977566142,0.04047786585128157,0.16381871748933022,1487.0,-345.969364086094,-388.2076752382206,-346.24597239695277,-388.38968061083506,102.66194018522803,25.65752358062464,0.045591814935319476,-0.16763201750944656,-0.002556974542018954,-0.0019066500100581724,388.3154756131207,True,0.004137343444239207
-344.47,666.21,2343.0,-344.47296691723346,666.211959561849,-345.4861767392811,666.0574691795523,-124.44975810994936,28.645101964321032,0.03743290797441402,0.19383678186408698,2287.0,-344.47296691723346,-666.211959561849,-344.39264683280817,-665.7859159052996,119.89038126547077,20.906076213213172,0.041426915749821415,-0.19502923547842255,-0.001997003887703696,-0.0005962268071677823,665.921692542426,True,0.001884237384983666
-342.85,363.94,1303.0,-342.8528975432066,363.93940518474693,-343.0354936875014,364.31555170415703,-102.96661098969183,28.70801088683218,0.041228455711577315,0.15967530473934333,1345.0,-342.8528975432066,-363.93940518474693,-343.2916891463603,-364.26291797458504,100.26579883530228,26.418752512471162,0.04650786860112954,-0.16378225908074784,-0.002639706444776114,-0.002053477170702256,364.28923483937103,True,0.004552911028622033
-342.62,186.31,827.0,-342.61977785526756,186.3107292197825,-342.55563885644165,186.4735208919517,-73.3070086158191,27.43672166578567,0.04138316260195398,0.11247645822902172,813.0,-342.61977785526756,-186.3107292197825,-342.5846300964813,-186.37683218118022,71.06928887636725,27.025393860945986,0.04529480222724033,-0.11730591093778324,-0.001955819812643176,-0.00241472635438076,186.42517653656597,True,0.006591801889955555
-340.6,529.99,2036.0,-340.6037149970264,529.9897256836441,-339.84863241517763,530.1666679552213,-117.24090497047473,28.928630941312885,0.03954840931239659,0.18243257860477374,1993.0,-340.6037149970264,-529.9897256836441,-341.2775083092346,-530.4542948649917,113.43218410316626,23.841895839438177,0.04444201511376206,-0.18471254444300705,-0.0024468029006827346,-0.0011399829191166555,530.3104814101065,True,0.0028990028622958995
-340.49,116.89,720.0,-340.49420701222846,116.89180891368603,-340.0578369151487,116.83779930699768,-52.29455406605937,26.000572788320056,0.03995028746640666,0.07906468866075321,711.0,-340.49420701222846,-116.89180891368603,-340.4930908451965,-116.98820896496397,49.80830376699161,26.115367733711405,0.04299665007623917,-0.08344238716171114,-0.0015231813049162574,-0.0021888492504789636,116.91300413598083,False,
-338.58,172.52,757.0,-338.5824791915798,172.5163899010278,-338.28786192683896,172.50610340156285,-69.79569571905635,27.557710800231188,0.04174678137310975,0.10694029753467658,776.0,-338.5824791915798,-172.5163899010278,-338.5008994188181,-172.55070045564176,67.49218864239401,27.345709319472334,0.045635271852820035,-0.11156276575724158,-0.0019442452398551434,-0.0023112341112824994,172.5284019286023,True,0.007080604113905301
-337.99,495.74,1868.0,-337.9920348381732,495.74326458959695,-338.1487956333639,496.12674219550416,-114.61401286104085,28.98777621748719,0.04005942799034078,0.17827256781787063,1828.0,-337.9920348381732,-495.74326458959695,-337.99909840741753,-495.4731449239946,111.07266802150866,24.546150436938117,0.04513445792331412,-0.18091710736887345,-0.0025375149664866696,-0.001322269775501414,495.7999435597494,True,0.0032157479970055607
-336.23,251.7,942.0,-336.2273211882314,251.69661993476566,-336.4174263227986,251.91186840491764,-87.30623843067838,28.92254732001079,0.042946505909671535,0.13483209899654014,923.0,-336.2273211882314,-251.69661993476566,-335.90495825201293,-251.5096853070656,85.02369410689543,27.99556125295881,0.0476365518731329,-0.13943323088137696,-0.0023450229817306815,-0.0023005659424184116,251.71077685599164,True,0.005853628568409845
-336.01,217.02,864.0,-336.01036926030855,217.01850554630377,-335.9733135255526,217.01956308368585,-80.4283891242202,28.61209657274264,0.04287973331620158,0.1238911008842798,888.0,-336.01036926030855,-217.01850554630377,-335.9907583933153,-217.13748187484578,78.3573713789949,28.031610641009063,0.047272970813221064,-0.12882449952946762,-0.002196618748509741,-0.0024666993225939057,217.0785224792658,True,0.00635795862643661
-335.6,448.3,1586.0,-335.59549324635424,448.30309491764183,-336.3297466623609,448.340951108009,-110.60353058525845,29.312471548150153,0.041161427946143525,0.17191196487753735,1639.0,-335.59549324635424,-448.30309491764183,-336.0858953336534,-448.84589152794825,107.703244099104,25.985962005791304,0.04685494649896598,-0.17553107169650464,-0.002846759276411228,-0.0018095534094836468,448.5934213179786,True,0.003987288981205431
-335.04,461.14,1707.0,-335.0375938067097,461.13968679372005,-334.1799312272562,460.9886247685999,-111.8461921475444,29.435829464864113,0.04120286245208746,0.17391605091112963,1670.0,-335.0375938067097,-461.13968679372005,-334.54114852879087,-460.80259351716904,108.55879056509019,25.58437634453348,0.04636223647321356,-0.1768737977153581,-0.002579687010563051,-0.0014788734021142363,460.8956091428845,True,0.003516772822382621
-331.67,426.14,1554.0,-331.6748648524206,426.13587507405254,-331.5675373652277,425.9180885062622,-108.71038836593381,29.757612892341438,0.04214450458914166,0.16895725810379023,1520.0,-331.6748648524206,-426.13587507405254,-332.1482405030306,-426.12390977069646,105.78628877512396,26.29897822519557,0.04707485179067261,-0.1724319181896415,-0.0024651736007654766,-0.0017373300429256305,426.02099913847934,True,0.0036357697341914
-330.85,401.17,1441.0,-330.84607000981106,401.1743735074104,-331.3348024138847,401.15092394317406,-106.42075477782578,29.824434446128887,0.042554177187538976,0.16531604336825917,1488.0,-330.84607000981106,-401.1743735074104,-330.74261052813875,-401.0119039544173,103.73251062430006,27.0727545388595,0.04799880898837661,-0.16914601403029486,-0.0027223159004188154,-0.001914985331017846,401.08141394879567,True,0.004264674121547942
-329.68,144.61,721.0,-329.6783975958207,144.61035287506894,-329.4036988413639,144.66830863356242,-61.70999585773961,27.752933712672018,0.04239841700561727,0.09418031062610512,710.0,-329.6783975958207,-144.61035287506894,-329.9112058314354,-144.68687993800884,59.65035392517276,27.96132327730899,0.04627380444312105,-0.0989769004313534,-0.0019376937187518886,-0.0023982949026241443,144.67759428578563,True,0.0084151860304137
-329.67,14.81,620.0,-329.66771195863384,14.805394015669831,-329.7892980182727,14.809132904619064,-9.291789654998695,25.651381255476426,0.04064407419051388,0.01074942195168181,618.0,-329.66771195863384,-14.805394015669831,-329.5680685086135,-14.892774938739151,5.441123665316663,25.999582493343823,0.04156201213205922,-0.012696028467241324,-0.00045896897077267115,-0.0009733032577797568,14.850953921679107,False,
-329.09,190.0,756.0,-329.08965343808666,190.0,-328.6764900898679,189.96868095942582,-74.44402014051377,28.861636934403275,0.04360818055630418,0.11445604583251352,777.0,-329.08965343808666,-190.0,-329.1832963287848,-190.02599307199432,72.10183924429529,28.575110897369058,0.04780594466907631,-0.11878514011716712,-0.002098882056386066,-0.002164547142326799,189.99733701571006,True,0.006940973544854144
-328.11,377.28,1302.0,-328.11287463518784,377.282310079115,-327.37459909898155,377.2408391658705,-104.27047588550151,30.150342319417973,0.04336570183741329,0.1619422687234244,1346.0,-328.11287463518784,-377.282310079115,-328.0634360327724,-377.05977108304586,101.5175945241017,27.55722854913608,0.04847653220225094,-0.16558805379412972,-0.002555415182418825,-0.0018228925353526576,377.1503051244582,True,0.004257227664874653
-327.35,211.99,828.0,-327.35251619146044,211.9913445004763,-327.52918405801296,212.10877028907248,-79.36641821981704,29.50197602881521,0.044356162804230694,0.12230433672023197,812.0,-327.35251619146044,-211.9913445004763,-327.1491858389955,-211.8647975952978,77.45930892182336,28.948555019153087,0.04866775869511196,-0.12728690623761757,-0.002155797945440633,-0.0024912847586927994,211.98678394218513,True,0.006389680396177298
-327.01,44.3,621.0,-327.01342138341846,44.29697771982635,-326.6687056242741,44.230992456229785,-22.785749913889727,25.90079388288878,0.04068069799999537,0.03226394453295331,617.0,-327.01342138341846,-44.29697771982635,-326.93847033440744,-44.35935067404419,19.54657494712772,26.81717187520458,0.04322412240111431,-0.0351133468101618,-0.0012717122005594696,-0.0014247011386042466,44.29517156513698,False,
-326.11,1217.07,4109.0,-326.1119968291761,1217.066541124226,-326.2825989438953,1217.8492329572584,-143.5071719418352,30.867694561867776,0.03421249519682081,0.2244027836992966,3345.0,-326.1119968291761,-1217.066541124226,-326.47375994054715,-1216.7523393219733,138.34016719706554,12.983977947617396,0.035566175603901,-0.22417352965678206,-0.0006768402035400925,0.00011462702125726587,1217.3007861396159,True,0.0003493559250608907
-325.57,1186.13,4085.0,-325.5749901122441,1186.128545231676,-326.11874340520103,1185.5550506251282,-142.04238726239137,31.054053567817807,0.03490460074159739,0.2220735132106461,3249.0,-325.5749901122441,-1186.128545231676,-326.66903996714353,-1186.525687172682,137.6959486985637,13.477634095264982,0.03598166877590801,-0.223150615661292,-0.0005385340171553121,-0.0005385512253229391,1186.040368898905,True,0.00028529459137617894
-325.01,1155.15,3993.0,-325.00856177160625,1155.1490963400145,-324.1861567974719,1155.512451359837,-141.6635515491583,31.044657900342024,0.03525757797054719,0.22149424578259386,3225.0,-325.00856177160625,-1155.1490963400145,-324.5275845362119,-1153.8327632224155,136.3061038994976,13.642432754063803,0.03584356463484547,-0.22091238261570575,-0.00029299333214913986,0.00029093158344405123,1154.6726072911263,True,0.00015943319240766505
-324.78,233.5,863.0,-324.77520228634256,233.497468893916,-324.9115186704305,233.78935701829505,-83.86207932057609,29.912252205647054,0.04474361606248857,0.12949146206373638,889.0,-324.77520228634256,-233.497468893916,-324.7155923532411,-233.6466806853925,81.94397271175909,29.349536935595225,0.04957270336731621,-0.13439466618695373,-0.002414543652413819,-0.0024516020616086737,233.7180188518438,True,0.006491166267333161
-324.47,998.61,3566.0,-324.4678440936948,998.6093421099112,-323.8649797716037,999.4368752327913,-136.95153907398299,30.86401504883979,0.03688152928968058,0.2139987784555681,2920.0,-324.4678440936948,-998.6093421099112,-324.11721243872273,-997.9633086721506,131.5447872417769,16.34343070613691,0.03823340740709828,-0.21332948598274049,-0.0006759390587088507,0.0003346462364138131,998.700091952471,True,0.0004252578323013083
-324.41,1124.13,3969.0,-324.4102917557672,1124.1254212066099,-323.96898242261017,1123.5409888411307,-140.59341502712257,30.925473686252896,0.03545944403654939,0.21979373033861946,3135.0,-324.4102917557672,-1124.1254212066099,-323.8041077111121,-1123.1854355109363,135.41917055824229,14.137914494751863,0.036256811326219565,-0.21949192396011807,-0.0003986836448350885,0.00015090318925069235,1123.3632121760334,True,0.00022299138802919007
-323.73,967.26,3590.0,-323.7296381649354,967.2637289662008,-325.64640935492895,967.3336365589479,-135.3887760728518,30.966563369602444,0.03743790750433935,0.21148974677067814,2896.0,-323.7296381649354,-967.2637289662008,-325.1799095214982,-967.954639884301,130.88581808031537,17.028027810890737,0.03895546218704074,-0.21229371881116604,-0.0007587773413506964,-0.00040198602024395236,967.6441382216244,True,0.000492695450143217
-322.94,935.85,3669.0,-322.9407613286608,935.8468168842938,-322.1187833961599,935.7292441997234,-134.64151483349963,30.877931076148283,0.03768390296395672,0.2103436463098552,2818.0,-322.9407613286608,-935.8468168842938,-322.5307934831357,-935.012482052642,129.30300610063145,17.66144913938408,0.039560141828662305,-0.20974215165339463,-0.0009381194323527936,0.0003007473282302803,935.3708631261827,True,0.0006301648325925636
-322.1,904.35,3693.0,-322.0960183656241,904.3528929311896,-323.34226276233653,904.20171432985,-133.27418671854934,30.93081620557037,0.03815418906459602,0.20815249210802086,2794.0,-322.0960183656241,-904.3528929311894,-323.1284200314855,-904.4665264807121,128.79374894045205,18.53165252292542,0.04057101803931549,-0.2089389628260443,-0.0012084144873597338,-0.0003932353590117149,904.334120405281,True,0.0008395892602790367
-321.73,73.43,622.0,-321.7262110200018,73.43190820558362,-321.7582476404485,73.466531708901,-35.3718673712745,27.14867169730802,0.04230871036929648,0.052355510855444855,616.0,-321.7262110200018,-73.43190820558362,-321.7358409461031,-73.45675011505647,33.184160130949095,27.567763927123654,0.044775081815766844,-0.05675452128760544,-0.0012331857232351813,-0.0021995052160802935,73.46164091197873,False,
-321.45,776.06,2540.0,-321.4540831866754,776.0588073094808,-322.1971898076444,775.359845026073,-128.48366210777365,30.858198323055518,0.039616536993007115,0.20054215906734893,2605.0,-321.4540831866754,-776.0588073094808,-321.62892259831307,-776.0594101441876,124.08702078720972,20.957208118173565,0.0428588111963883,-0.20142960800787715,-0.0016211371016905916,-0.0004437244702641119,775.7096275851303,True,0.0013131079538068737
-320.32,743.97,2516.0,-320.3154775651395,743.9744584541977,-318.97612202622105,743.8090482666412,-127.6001002966291,30.580147433720786,0.03956040701028862,0.19917537509937458,2453.0,-320.3154775651393,-743.9744584541977,-321.75082160258154,-744.6028540767444,123.40824059200001,21.531249566662225,0.04338717894828372,-0.20035078866827036,-0.001913385968997549,-0.0005877067844478889,744.2059511716927,True,0.0016154343550251176
-319.38,460.0,1585.0,-319.3806766835799,459.99563406747524,-319.9767114396393,459.9940787352172,-111.38723373191958,30.742800708523276,0.04329515196945035,0.17335954235334516,1640.0,-319.3806766835799,-459.99563406747524,-319.52277121366456,-459.7632878312659,108.3198965737779,27.153051845008793,0.0488461327247517,-0.17630965645989147,-0.002775490377650673,-0.0014750570532731516,459.87868328324157,True,0.003792069733819846
-319.07,711.75,2368.0,-319.07353699364523,711.7528208517091,-320.1565088054472,711.6530141856289,-125.66139792663112,30.766227853192273,0.04025037727303021,0.19607537828082072,2429.0,-319.07353699364523,-711.7528208517091,-318.9547079863957,-711.3576579814941,121.76145715866141,22.20541331505363,0.04405299086371526,-0.1976956075044921,-0.001901306795342523,-0.0008101146118356939,711.5053360835615,True,0.0016790124142559962
-318.69,206.96,755.0,-318.6948158192611,206.9628333057103,-318.8403534414734,207.08016990355154,-78.39773488975429,30.178153162888403,0.04549391726966547,0.12086904119037072,778.0,-318.6948158192611,-206.9628333057103,-318.7227246646044,-207.13005442037937,76.42029469816798,29.922970090193786,0.050160602175691626,-0.12553006509984152,-0.002333342453013077,-0.0023305119547354022,207.10511216196545,True,0.0070789286002388594
-317.71,679.38,2344.0,-317.71435980639603,679.3802952491425,-317.91570247970327,679.9511529354794,-124.36576898882377,30.83394196856384,0.0407463994695033,0.19404076387645167,2286.0,-317.71435980639603,-679.3802952491425,-317.92693296464836,-680.069846526421,120.72793869272554,23.148708563438266,0.045171110901389595,-0.1960381246453789,-0.0022123557159431477,-0.0009986803844636155,680.0104997309502,True,0.002044180337534292
-317.41,275.04,943.0,-317.4148212287885,275.0415082570197,-316.74452476304083,274.93638784830546,-91.04649714616227,31.19127998730423,0.046275325430220476,0.14102583911835284,922.0,-317.4148212287885,-275.0415082570197,-317.3875292235708,-275.1081903366325,89.23959653417599,30.077162281474603,0.05123853305635892,-0.14591626553937462,-0.002481603813069222,-0.002445213210510888,275.022289092469,True,0.005669495613599102
-316.61,171.34,722.0,-316.610550434336,171.34106149334653,-316.50210017133895,171.34839791407316,-69.51987547396384,29.88323390487946,0.045462144734599384,0.10676812561375564,709.0,-316.610550434336,-171.34106149334653,-316.61035387035423,-171.27482766235076,67.74876017261367,29.83848202903054,0.04958701726064151,-0.11170301911269098,-0.002062436263021064,-0.0024674467494676736,171.31161278821196,True,0.0075643845819306985
-315.24,413.55,1440.0,-315.23721370265173,413.5522930621817,-315.0481287975671,413.80943328194,-107.34189269589847,31.257109032069348,0.04467932118902639,0.1669815423475022,1489.0,-315.23721370265173,-413.5522930621817,-316.24179184037774,-414.0021845162809,104.99570300631633,28.49152160235616,0.050415938514518074,-0.17097885601395887,-0.002868308662745841,-0.001998656833228335,413.90580889911047,True,0.004354158472468669
-315.0,545.6,2037.0,-315.0,545.5960043841964,-315.16100644516496,545.854984433846,-117.53077381754224,30.949301541291806,0.04257227206956356,0.1831962678888674,1992.0,-315.0,-545.5960043841964,-314.8649332884998,-545.3651713309796,114.00112126871886,25.779259972294323,0.04770803899645266,-0.1852945619753408,-0.00256788346344455,-0.0010491470432367062,545.6100778824127,True,0.002957146193245619
-313.85,101.98,623.0,-313.84865037740065,101.97560814373264,-313.8374276812219,101.9775919621829,-46.93908288123877,28.671354772960356,0.04438296157037773,0.07086231218480148,615.0,-313.84865037740065,-101.97560814373264,-313.5403270611446,-102.05264780449728,45.0527191463491,29.18104788611843,0.04769291616583789,-0.07554354939818099,-0.0016549772977300786,-0.0023406186066897566,102.01511988334009,False,
-312.86,511.97,1869.0,-312.86112202769885,511.9745289792934,-313.03960668448,512.4232573051783,-115.11728433273386,31.03798764709172,0.04312285784595267,0.1793810607981092,1827.0,-312.861122027699,-511.9745289792933,-312.5813579778931,-511.53305981072043,111.95989135408945,26.72115172996197,0.048792765335401264,-0.18201787678145992,-0.0028349537447242973,-0.0013184079916753605,511.9781585579493,True,0.003479160080882494
-312.85,390.03,1301.0,-312.85403783028,390.0286540926061,-312.92989805292444,389.97677932835774,-105.0796777180459,31.433889826169292,0.04525255442768513,0.16340705730134863,1347.0,-312.85403783028,-390.0286540926061,-312.73265563614547,-389.88264315947936,102.69595204242569,28.850653316861194,0.050692123021707704,-0.1672757123802298,-0.0027197842970112865,-0.001934327539440589,389.9297112439185,True,0.004382561328595245
-312.73,249.4,862.0,-312.73259298721194,249.39592074349335,-312.04337697902434,249.30988789050534,-86.75335816644098,31.375233003948324,0.04688194279893605,0.13425067104769448,890.0,-312.73259298721194,-249.39592074349335,-312.2974066086014,-249.26041926844076,84.85293754690768,30.619196856095304,0.05178465092408896,-0.13887234233097703,-0.0024513540625764538,-0.002310835641641279,249.28515357947305,True,0.006178591708135979
-310.44,478.04,1708.0,-310.4442499585654,478.0422237288917,-310.410653153491,478.5762293693915,-112.6937197179892,31.481986222357943,0.044244027158637345,0.17555603463728997,1669.0,-310.4442499585654,-478.0422237288917,-310.00474063479834,-477.7897593890252,109.57559249662694,27.75549623743512,0.05002572246280445,-0.17819159152902514,-0.0028908476520835523,-0.0013177784458675845,478.18299437920837,True,0.003798489638145055
-310.16,236.43,829.0,-310.16421979663636,236.4279102769888,-309.8144841556558,236.40579367490577,-84.23943657468094,31.695852594344668,0.04755026081735509,0.1302769377588939,811.0,-310.16421979663636,-236.4279102769888,-310.636210821519,-236.63636160661076,82.62854657832456,31.09796962805683,0.05239203496513844,-0.13531176953104962,-0.002420887073891674,-0.002517415886077859,236.52107764075828,True,0.006431089459232172
-307.7,443.76,1555.0,-307.6963510555437,443.76002022163243,-307.58997010707793,443.49430633091714,-109.63077037576579,31.90905313165136,0.04535337261479955,0.1707157441834876,1519.0,-307.6963510555437,-443.76002022163243,-307.50663002559344,-443.4728626458057,107.14387779548652,28.459158030249636,0.05072535688528938,-0.17429080308740832,-0.0026859921352449176,-0.001787529451960368,443.48358448836143,True,0.003805459076651279
-307.43,223.36,754.0,-307.42645786248005,223.3583958711398,-307.39326256408225,223.6420515341755,-81.69946024933765,31.632718349444417,0.047606096749541554,0.12626409251889267,779.0,-307.42645786248005,-223.3583958711398,-307.6653778789701,-223.50830201992247,80.08399003775055,31.369998716651867,0.052664203716679264,-0.1312255983065065,-0.002529053483568855,-0.00248075289380692,223.57517677704897,True,0.007107457955798613
-303.44,129.7,624.0,-303.4441649419787,129.69826044579477,-303.0598748455866,129.66596631483665,-57.01661320993813,30.34657047866659,0.04671005140392411,0.08703319224170439,614.0,-303.4441649419787,-129.69826044579477,-303.4858709459182,-129.80363558565264,55.50087508978401,30.733199019595492,0.050503107013520586,-0.09204916939283225,-0.001896527804798237,-0.0025079885755639325,129.73480095024465,True,0.009185072586912053
-302.76,471.1,1584.0,-302.7588577751346,471.10197838546145,-303.14259148639417,471.608445388765,-112.23603108136267,32.10500830690251,0.04532093186412537,0.17491661230219005,1641.0,-302.7588577751346,-471.10197838546145,-302.9192161326084,-470.9916439799526,109.04210684199454,28.691940105473616,0.05143286283308035,-0.17725574651263692,-0.00305596548447749,-0.0011695671052234374,471.3000446843588,True,0.004074092003147681
-301.38,196.9,723.0,-301.37993217451026,196.9013369240737,-301.12129457121546,196.93696077467268,-76.04900910664094,32.108154245987144,0.0486898330021697,0.11734793284015428,708.0,-301.37993217451026,-196.9013369240737,-301.51704036367215,-197.03253805466173,74.6737955575887,31.80194151250251,0.05302741406458542,-0.12253970783769295,-0.0021687905312078627,-0.0025958874987693364,196.9847494146672,True,0.006917750150977329
-299.91,264.67,861.0,-299.9124811870936,264.67433503874383,-299.707918402496,264.8487773757581,-89.324601857615,32.76454333072942,0.0489027945009242,0.13849400450767355,891.0,-299.9124811870936,-264.67433503874383,-300.0296046368839,-264.69538054678054,87.67146125924013,31.928542971902328,0.05405757154161712,-0.14320791870343788,-0.0025773885203464603,-0.0023569570978821675,264.77207896126936,True,0.006116283010454093
-299.17,425.32,1439.0,-299.16570331368274,425.3232675986931,-299.52377324780343,425.53006067587125,-108.3237740769779,32.586416792850535,0.04665143799349018,0.16873438146204559,1490.0,-299.16570331368274,-425.3232675986931,-298.5136424434816,-425.004604944615,105.53765487914877,29.839804577292536,0.05269654386049606,-0.17162428304403538,-0.0030225529335029394,-0.001444950790994895,425.26733281024315,True,0.004465722785820523
-297.1,402.16,1300.0,-297.10051448585523,402.1582826353824,-297.3550671923851,402.53063435635386,-106.00113253931262,32.82319174852615,0.047309950389633454,0.16506434272877143,1348.0,-297.10051448585523,-402.1582826353824,-297.21046913681243,-402.5210410117159,103.81652176305015,30.388683507338907,0.05329475621172692,-0.16886905468443994,-0.0029924029110467328,-0.0019023559778342525,402.52583768403485,True,0.00467096028220898
-297.06,1224.48,4108.0,-297.05625874187837,1224.4825760876624,-296.6344787847477,1225.3367938060246,-143.35203470005524,33.07580276683928,0.03763510859926647,0.22451897483369027,3346.0,-297.0562587418781,-1224.4825760876627,-296.99681713888594,-1223.4686055966365,138.3115361103751,14.266999593635125,0.0376904219053369,-0.2237669585482437,-2.7656653035213613e-05,0.00037600814272328864,1224.4026997013307,True,1.419237935680852e-05
-296.98,296.98,944.0,-296.98484809834997,296.98484809834997,-297.0056971132476,297.26054203334525,-93.9569269592411,33.174457335058264,0.049158246898779324,0.14589967291781883,921.0,-296.98484809834997,-296.98484809834997,-297.55003880923414,-296.95031528789815,92.44099860417788,32.10876415693301,0.05473942777682005,-0.15076850597509736,-0.0027905904390203642,-0.002434416528639266,297.10542866062167,True,0.005901540380413962
-296.6,1193.7,4086.0,-296.5950024007722,1193.7049068136087,-298.19847809817355,1193.768638807837,-141.84340222886158,33.01518472311032,0.03792524632411407,0.22209875742553448,3248.0,-296.59500240077256,-1193.7049068136084,-298.1362308195894,-1194.1437849275687,137.80470398445507,14.991451320167661,0.038484282355249304,-0.22297426453510058,-0.0002795180155676161,-0.0004377535547830519,1193.956211867703,True,0.00014709613895798752
-296.11,1162.89,3992.0,-296.10887722835247,1162.8927434748935,-294.93129972907894,1162.6433093988746,-141.34707407298393,33.07377249269397,0.03839968272032379,0.22134883967634914,3226.0,-296.1088772283522,-1162.8927434748935,-298.1172106632411,-1163.5344581799434,136.90592464056343,15.373964751142992,0.03871819979436161,-0.22154357984246928,-0.0001592585370189109,-9.737008306007211e-05,1163.088883789409,True,8.60339148440625e-05
-295.82,1007.47,3567.0,-295.8191846835011,1007.4676222952222,-295.3589027852751,1007.2007010473066,-136.45320947975256,32.779678905358935,0.03983531964623071,0.21355477542496853,2919.0,-295.8191846835013,-1007.4676222952222,-295.64548799384187,-1006.684355377529,131.81558147503992,18.4256307845084,0.04165413817929663,-0.21341177595372157,-0.0009094092665329623,7.149973562348144e-05,1006.9425282124178,True,0.0005674590934039376
-295.6,1132.04,3970.0,-295.5958612908202,1132.0437654029715,-294.3998371430841,1131.6105845985628,-140.6615894838142,33.134644014408586,0.038876619694808046,0.2202643658764249,3134.0,-295.5958612908202,-1132.0437654029715,-297.32816612260643,-1132.683461502929,136.09692468297808,15.927955610743773,0.03922207231234926,-0.2202463530132778,-0.00017272630877060782,9.006431573546636e-06,1132.147023050746,True,9.585958213328295e-05
-295.32,239.14,753.0,-295.31546535364896,239.14174859893822,-295.2129860084574,239.22745223316807,-84.72733797088631,33.090106621974556,0.04973472824577185,0.13123228110005267,780.0,-295.31546535364896,-239.14174859893822,-295.23348687782845,-239.13630719426405,83.25718562405017,32.543987817375665,0.05472406115723806,-0.13612364290425097,-0.0024946664557331036,-0.002445680902099151,239.18187971371606,True,0.006553360831404633
-295.19,976.35,3589.0,-295.1946729695468,976.3504007529276,-295.0733361276638,977.3169476817972,-135.49819598714117,32.95699528067742,0.040483512939210146,0.2120383215713916,2897.0,-295.1946729695468,-976.3504007529276,-296.6356559870123,-977.136627867776,131.49720516900223,19.516783492959647,0.043028891434268565,-0.21291719088557925,-0.0012726892475292094,-0.00043943465709382623,977.2267877747865,True,0.000818289314283909
-294.53,945.17,3670.0,-294.5280233166509,945.1736578434601,-293.7197213636046,945.7043661193123,-134.5238745702924,33.11959214684668,0.041129452317806584,0.2105042185581669,2817.0,-294.5280233166512,-945.1736578434601,-293.7606713891664,-944.2464312857123,129.6654060247797,19.816381707237195,0.04310291145644653,-0.20996658214165995,-0.0009867295693199718,0.000268818208253474,944.9753987025124,True,0.0006560810726526277
-293.81,913.93,3692.0,-293.81496440437195,913.9325832314206,-293.76049880396425,914.7509334416717,-133.4784130078361,32.95080970624546,0.04123991257078355,0.2088398154031861,2795.0,-293.81496440437195,-913.9325832314206,-295.8083307274407,-914.583806063065,129.15731436295948,20.630039149155156,0.044034610128711967,-0.20918300677480003,-0.0013973487789642088,-0.00017159568580696338,914.6673697523684,True,0.0009598900766920595
-293.55,787.04,2539.0,-293.5499108632426,787.0377689997998,-294.2385860147719,787.6674427416204,-128.81166958462634,32.688287164079654,0.04237848303114168,0.20140660744263114,2606.0,-293.5499108632424,-787.0377689997999,-294.08113857950343,-787.6462066449304,124.74049219283278,22.99024210275211,0.046236388459988655,-0.202132263088086,-0.0019289527144234868,-0.000362827822727424,787.6568246932754,True,0.0015387370455692449
-292.61,755.3,2517.0,-292.60574961159386,755.3025058175282,-290.9489510340733,754.8868038606411,-127.52865708438208,32.95868851103557,0.04321030373607591,0.19940491769836932,2452.0,-292.605749611594,-755.3025058175281,-292.43670076252033,-754.9296572732642,123.45460460624481,23.688338350304154,0.04694676445292181,-0.20006557004609365,-0.001868230358422953,-0.00033032617386216656,754.9082305669526,True,0.0015549489412314563
-291.58,723.45,2367.0,-291.57731603579964,723.4519118596339,-291.6032708698472,723.8466028775289,-125.95220210209096,32.84805534697401,0.04341437408612109,0.1968878982311569,2430.0,-291.5773160357995,-723.4519118596339,-292.75896940894,-723.9176389327137,122.47973374266411,24.180924731220955,0.04735093667985914,-0.19851796169331218,-0.0019682812968690247,-0.0008150317310776367,723.8821209051213,True,0.0017084378475076029
-291.16,259.48,830.0,-291.15575642866554,259.4770230645704,-291.22060530342554,259.72070341765,-88.33842573583411,33.53727970048316,0.05019544601310117,0.13702840035553865,810.0,-291.15575642866554,-259.4770230645704,-291.25170579831024,-259.5319606142578,86.89253956494811,32.91846460445984,0.05556984448873361,-0.14186072363521726,-0.0026871992378162193,-0.0024161616398393065,259.6263320159539,True,0.006503258216302008
-290.6,156.38,625.0,-290.59652551272353,156.37665861608954,-290.35557455254525,156.453029526249,-65.51051910409956,32.26257278267878,0.049431403344072304,0.10070725255486906,613.0,-290.59652551272353,-156.37665861608954,-290.3410396381932,-156.39430273628628,64.32993834058135,32.66313322332076,0.053900347876384085,-0.10594007559276765,-0.0022344722661558902,-0.0026164115189492923,156.42366613126762,True,0.00897537032550382
-290.45,691.47,2345.0,-290.4533809879807,691.4743910461551,-291.08271154633036,692.0595538152902,-124.68110674050037,32.902012560898555,0.04388954478674856,0.1948712624076865,2285.0,-290.4533809879807,-691.4743910461551,-291.3513556971655,-692.3536662695002,121.39075671828714,25.246041682157653,0.04865955984007969,-0.19676756192294034,-0.002385007526665567,-0.0009481497576269149,692.2066100423951,True,0.0021648802585314828
-288.68,559.97,2038.0,-288.68270868826846,559.9663326526017,-289.18811508516603,559.9508980371226,-117.60720796846526,33.22674974675381,0.046024311193423824,0.18363600591413698,1991.0,-288.68270868826863,-559.9663326526017,-288.6799940199166,-559.6163609854189,114.78662182459242,28.07910707802895,0.051542893281861485,-0.18622403869717882,-0.0027592910442188305,-0.0012940163915209218,559.7836295112706,True,0.0030971139621222008
-286.95,526.93,1870.0,-286.9523871727909,526.9329440221371,-287.48419232470616,526.8294302162718,-115.61413560740793,33.349224339425604,0.046624873279539694,0.18048480062793737,1826.0,-286.952387172791,-526.932944022137,-286.6851017722133,-526.7204359630363,112.8090365904232,28.803203237709756,0.05229245261141909,-0.18305218265190507,-0.002833789665939699,-0.001283691011983848,526.774933089654,True,0.0033800442037433317
-286.35,279.29,860.0,-286.3467397038874,279.2947272344291,-285.8361683450326,279.2555638651675,-91.42520862426971,34.21981226674347,0.05104248742457843,0.14200711095835333,892.0,-286.3467397038874,-279.2947272344291,-286.3508001258102,-279.4497710021011,89.93317212419578,33.471965133231876,0.05669470082378216,-0.14664001939570748,-0.0028261066996018644,-0.002316454218677072,279.35266743363434,True,0.006356464126364119
-285.75,481.61,1583.0,-285.7512185141038,481.60797451631225,-285.166855625818,481.55782235219107,-112.71762383951618,33.867768639760904,0.048004602318978996,0.17590323933178328,1642.0,-285.7512185141038,-481.60797451631225,-286.49283259215576,-482.1203784928518,109.86378803602047,29.967534124464837,0.053599327077756616,-0.17836231927579843,-0.0027973623793888097,-0.0012295399720075734,481.8391004225214,True,0.0036477625384947216
-285.0,493.63,1709.0,-285.0,493.63448015713,-285.4508659426487,493.50450785695233,-113.18034604727882,33.8502861932061,0.04783046740783939,0.17663620633157617,1668.0,-285.0,-493.63448015713,-285.6291535198081,-494.0963307767707,110.88591599871715,29.980923477337125,0.05376730605742548,-0.1799785089989865,-0.0029684193247930465,-0.0016711513337051564,493.8004193168615,True,0.0037770580901673105
-284.09,221.12,724.0,-284.0905833827017,221.1165765682804,-284.2898709504551,221.4289794999448,-81.2393089399207,34.113996365033245,0.05158227679636828,0.1258146855745719,707.0,-284.0905833827017,-221.1165765682804,-284.4448739424845,-221.17193105251988,80.05912952921172,33.929187251017616,0.056708665300309186,-0.13090165069652993,-0.0025631942519704527,-0.002543482560979013,221.30045527623236,True,0.007277447506072798
-282.78,460.04,1556.0,-282.7833735534541,460.0364807726966,-282.1102990196134,459.9742785291803,-110.84172320409802,34.161775493579256,0.04873686183551862,0.17295508430885764,1518.0,-282.783373553454,-460.0364807726967,-282.6341820795114,-459.9239977793561,108.22725554249344,30.678450895339903,0.05445894778744274,-0.17571044012889842,-0.002861042975962059,-0.0013776779100203862,459.9491381542682,True,0.003908358924621968
-282.66,436.47,1438.0,-282.65512600063505,436.4700215886139,-282.88077312328363,436.95521828102346,-109.07189076464499,34.02185476313036,0.04879608488297219,0.17012887252157888,1491.0,-282.65512600063505,-436.4700215886139,-282.9101758669792,-436.42739658507827,106.49335521441115,31.236424124256796,0.055059227525008254,-0.1729542321368965,-0.0031315713210180313,-0.0014126798076588148,436.69130743305084,True,0.004505755570969781
-282.4,254.27,752.0,-282.3950336814098,254.26963041636614,-282.040237055465,254.2946953650684,-87.3734937293313,34.42552673622734,0.05167558725077264,0.13560509509059146,781.0,-282.3950336814098,-254.26963041636614,-282.17759663210455,-254.27430614617413,85.97375520412749,34.00955278118338,0.05724197490384506,-0.14028730253982968,-0.0027831938265362108,-0.002341103724619112,254.28450075562125,True,0.006877069780486286
-280.88,413.65,1299.0,-280.87721416038545,413.65201627152857,-281.3203077038282,413.67058019952964,-106.88229921551316,34.38282764738711,0.04965575740238148,0.1666631403152712,1349.0,-280.87721416038556,-413.6520162715285,-280.9756823631797,-413.55423858354584,104.62721203511082,31.627944329016543,0.05540222433856983,-0.16996048133240776,-0.0028732334680941773,-0.0016486705085682757,413.61240939153777,True,0.0043647284029470265
-279.29,19.97,489.0,-279.286592090871,19.974971295785068,-279.2564889447853,19.956614034450457,-11.441313596813485,31.573715951727497,0.05000672154429321,0.014789369499838253,492.0,-279.286592090871,-19.974971295785068,-279.1372420654181,-20.023880168896962,8.986034169894433,31.959443645015373,0.05111026626290963,-0.017720303800152732,-0.0005517723593082106,-0.0014654671501572398,19.99024710167371,False,
-277.15,39.85,488.0,-277.15000372666117,39.848154716519865,-276.96534817792264,39.82219245503503,-21.09006717237015,31.620541830774556,0.049837954045460785,0.03017389730090791,493.0,-277.15000372666117,-39.848154716519865,-277.3060062643281,-39.89424675444178,18.70381998761235,32.48825348644865,0.05219524510561554,-0.033164213192957745,-0.0011786455300773768,-0.0014951579460249168,39.85821960473841,False,
-275.41,181.8,626.0,-275.4091737280299,181.79600387919376,-275.53872049690443,181.87175130538026,-72.20398562354899,34.500455645296604,0.05268180214449245,0.1115416969944257,612.0,-275.4091737280299,-181.79600387919376,-275.4303606976207,-181.84810864652914,71.45339353856235,34.792631083798845,0.05760128105481554,-0.11709479597881878,-0.002459739455161543,-0.0027765494921965367,181.85992997595469,True,0.008498298006715591
-275.04,317.41,945.0,-275.0415082570197,317.4148212287885,-275.34362710860427,317.40995151027,-96.29615191824041,35.28251807816672,0.05226656050358718,0.14988795985378045,920.0,-275.0415082570197,-317.4148212287885,-274.64495738409806,-317.2575798655718,95.00770558463132,34.03074698203477,0.05804706096671215,-0.15457302909835385,-0.002890250231562485,-0.0023425346222867016,317.3337656879209,True,0.005722674279447801
-273.6,59.52,487.0,-273.60112247192467,59.5182810748335,-273.5897530392888,59.50245910140734,-29.685411386781453,32.338638088087315,0.05073981604342131,0.0438951533159928,494.0,-273.60112247192467,-59.5182810748335,-273.57949072966477,-59.59789947974472,28.06628822499258,33.28536466894167,0.05370519705487628,-0.04801940565350094,-0.001482690505727486,-0.0020621261687540707,59.550179290576025,False,
-272.07,293.22,859.0,-272.0690951083678,293.22074873193054,-272.27633462935626,293.33949139744016,-93.1581608965098,35.55300036011151,0.052991836697482496,0.14493125707669685,893.0,-272.0690951083678,-293.22074873193054,-271.6874291425629,-292.98394640652685,91.82723449803757,34.58494418259817,0.0586318146754341,-0.14947493138229231,-0.002819988988975803,-0.0022718371527977316,293.1617189019835,True,0.006043938290546401
-270.44,281.0,831.0,-270.43867530897427,281.0034215043069,-270.6285779865181,281.02032418485396,-91.4215532366426,35.72086409135937,0.05340987263006685,0.14218754017480842,809.0,-270.43867530897427,-281.0034215043069,-270.2762053738574,-280.94292067128845,90.290409716569,34.91548338409505,0.05901041803795532,-0.14701171555671375,-0.0028002727039442357,-0.0024120876909526634,280.9816224280712,True,0.006261844514056269
-268.7,268.7,751.0,-268.70057685088807,268.70057685088807,-269.00384844799936,268.8261691024231,-89.51732837335602,35.84568985072581,0.05375788048282888,0.1391767701958838,782.0,-268.70057685088807,-268.70057685088807,-268.62489132028253,-268.93758310389336,88.4203283704424,35.5238912036049,0.059831700113368726,-0.1440151650560983,-0.003036909815269922,-0.0024191974301072533,268.8818761031582,True,0.007096598479256639
-268.66,78.89,486.0,-268.6580326120593,78.88511591560035,-268.61897374292687,78.8542777523534,-38.10562534913347,33.36509137747879,0.05213646599399609,0.057357217055179856,495.0,-268.6580326120593,-78.88511591560035,-268.56849106484606,-78.98209542567552,37.05434683512957,34.113553814293276,0.055260698739728324,-0.06226297564257944,-0.0015621163728661187,-0.0024528792936997917,78.91818658901445,False,
-268.38,491.5,1582.0,-268.37943256323183,491.5002341576631,-268.62162538281865,491.43369686491866,-112.75871749888073,35.183537572189366,0.04997776404737235,0.17617127090788845,1643.0,-268.3794325632317,-491.5002341576631,-267.92504269420846,-491.2021742972056,110.31528458479504,31.46393332038555,0.05609214487328697,-0.17885349913190934,-0.0030571904129573085,-0.001341114112010447,491.3179355810621,True,0.003909666733665251
-267.83,1231.21,4107.0,-267.8322648367504,1231.205051123661,-266.0793421679902,1230.3077889775623,-143.09446196177714,34.82125166370273,0.04035219715476031,0.22448324301787623,3347.0,-267.83226483675014,-1231.2050511236612,-269.1035107929477,-1231.1676910985846,138.84371866524762,16.637227983270822,0.041557048041282796,-0.22427234482449704,-0.0006024254432612439,0.00010544909668959435,1230.7377400380733,True,0.00030755136294537475
-267.44,1200.57,4087.0,-267.4391159653151,1200.5733293937903,-269.62906327894365,1200.876496095819,-141.56946852056308,34.891715538390905,0.04082478813989947,0.22201266723621169,3247.0,-267.4391159653148,-1200.5733293937903,-268.7413355382087,-1201.0514330253593,138.18335735572376,17.203040839783387,0.042088734175475546,-0.22321691160760412,-0.0006319730177880394,-0.0006021221856962189,1200.9639645605891,True,0.00033063469821532877
-267.03,1169.91,3991.0,-267.0251207475774,1169.9134946181885,-268.12336189530896,1170.1732678179546,-140.9017605140437,34.93346051678414,0.04126724894027365,0.2209684172224128,3227.0,-267.0251207475768,-1169.9134946181885,-269.23521404040815,-1170.51491696298,137.16758202281645,17.797912247366213,0.04266152154189553,-0.22160630347119195,-0.0006971363008109396,-0.0003189431243895702,1170.3440923904673,True,0.0003742691222895007
-266.93,1015.5,3568.0,-266.9292509031614,1015.504197437055,-265.9896260648509,1015.8145291035759,-136.54222326985538,34.853377301044844,0.04303021982926225,0.2140561300071843,2918.0,-266.9292509031611,-1015.504197437055,-268.4820008040718,-1016.4203467731023,132.45875758067976,20.895365938031066,0.04570408017989928,-0.21410275202794063,-0.0013369301753185132,-2.331101037816863e-05,1016.1174379383391,True,0.0008266938171369181
-266.59,1139.22,3971.0,-266.588605416671,1139.2236459370015,-266.1561166782022,1139.2044718005143,-140.54017676184665,35.607475227347074,0.04271925067397179,0.22041703160617843,3133.0,-266.58860541667127,-1139.2236459370015,-267.9350636091845,-1139.9094670253082,136.26348349269338,17.96216340125553,0.04254811125730685,-0.2201514630630206,8.556970833246968e-05,0.00013278427157890904,1139.5569694129113,True,-4.718064551096628e-05
-266.41,984.6,3588.0,-266.40525364241194,984.5954706536701,-265.49437368196783,983.7977536118345,-135.0515968249762,35.00598268063175,0.0436652074151607,0.2116897896796215,2898.0,-266.40525364241194,-984.5954706536701,-266.7156284666851,-984.0367161875218,130.97990244281092,21.128307024433422,0.04567821598815705,-0.21172744826075798,-0.0010065042864981742,-1.8829290568248003e-05,983.9172348996782,True,0.0006427423689944218
-265.85,953.64,3671.0,-265.846548799633,953.6380930370411,-265.59255977432224,954.2107746598182,-134.30801583636926,35.158886951492846,0.04427091304899262,0.21050514129795259,2816.0,-265.8465487996328,-953.6380930370411,-265.7810623646635,-952.8327144787853,130.06767061897546,21.995994784535068,0.04667702938657108,-0.21026414061496895,-0.0012030581687892325,0.00012050034149181654,953.5217445693017,True,0.0007927493476547032
-265.73,446.98,1437.0,-265.72971331249744,446.97619563334456,-264.9106435502676,446.8782024050861,-109.56217292098908,35.734132908115086,0.05139973367283162,0.1711292604978657,1492.0,-265.72971331249755,-446.9761956333445,-265.97983971958206,-447.2941279881802,107.33759580616375,32.674675142092006,0.05748135967865187,-0.17409053740276628,-0.0030408130029101234,-0.001480638452450292,447.08616519663315,True,0.004273447283559426
-265.27,797.01,2538.0,-265.2716535966209,797.0137701433486,-264.3424966594697,796.6232992104483,-128.73865620717342,35.161597758808284,0.046205196969458254,0.2016565396385775,2607.0,-265.2716535966209,-797.0137701433486,-265.20317711197407,-796.6798511609758,124.80554530988343,25.333932861584316,0.05007712295277161,-0.20188213072884711,-0.0019359629916566798,-0.00011279554513481116,796.6515751857121,True,0.0015268926345353756
-265.25,922.63,3691.0,-265.249663440797,922.6281027827757,-264.1410794158,922.2942515424364,-133.28303168965192,35.16731954263958,0.04467521472738609,0.20889160460311715,2796.0,-265.24966344079724,-922.6281027827757,-263.9986293478219,-921.7354880513803,129.14759936136102,22.316129013984057,0.04680569194885097,-0.2087779723197063,-0.0010652386107324434,5.681614170542637e-05,922.0148697969084,True,0.000725920135004847
-264.86,243.82,725.0,-264.86060784232734,243.82136578526686,-264.86822130936804,243.90351562679712,-85.30099504273828,36.21443001643504,0.054649975744707716,0.13251691619634556,706.0,-264.86060784232734,-243.82136578526686,-264.57161914083525,-243.74247697784278,84.4006341390316,36.09348207165078,0.06042966835405805,-0.13756798267520806,-0.0028898463046751685,-0.002525533239431249,243.82299630231995,True,0.007446975927991857
-264.5,765.6,2518.0,-264.4963574004675,765.5989008102638,-265.0986981538906,766.4146853110077,-127.39035942399944,34.97812427260414,0.04628315392179592,0.19950139748141998,2451.0,-264.4963574004675,-765.5989008102638,-264.1424199294643,-765.2329559497093,123.8233657752782,25.972392731357644,0.05070813412264686,-0.20030595238504909,-0.002212490100425471,-0.00040227745181455055,765.8238206303586,True,0.0018152328142301884
-264.21,424.49,1298.0,-264.20978922630974,424.4916810456819,-264.4254412612359,424.81733452677395,-107.66605057813634,35.73314128294858,0.051668334302776855,0.16811743032141638,1350.0,-264.20978922630985,-424.4916810456819,-264.1534816889295,-424.3132166273713,105.34945156521361,33.10179182837107,0.05787969039965042,-0.1709039402102433,-0.003105678048436783,-0.0013932549444134606,424.5652755770726,True,0.004596124978955282
-263.65,734.09,2366.0,-263.6531651586321,734.0892374240581,-262.7369124534189,733.8103799939325,-126.05472933008542,35.36972447220108,0.04730570903930563,0.19740460089093348,2431.0,-263.6531651586321,-734.0892374240581,-264.9924160500381,-734.8047755266924,122.94105132118433,26.62042855491025,0.05136686206868492,-0.19891211519717347,-0.0020305765146896443,-0.0007537571531199966,734.3075777603125,True,0.0017374856134695158
-262.73,702.48,2346.0,-262.73313567286823,702.4751237015458,-262.6872838139872,701.9323425491307,-124.63953574424079,35.38082772573676,0.04771378987591639,0.19515285814534306,2284.0,-262.7331356728681,-702.4751237015458,-264.57998254654643,-703.2582071412609,121.4714102686023,26.88766063016719,0.05140582515879634,-0.19656805775435307,-0.001846017641439976,-0.0007075998045050075,702.5952748451957,True,0.0016508609347032077
-262.35,97.85,485.0,-262.3459229999333,97.84997028774747,-262.3959944857308,97.83460226576666,-45.76488078223273,34.297821603651414,0.05338850073526497,0.06962351333913107,496.0,-262.3459229999333,-97.84997028774747,-262.40139276934275,-97.90379335106445,44.95199936038326,35.11775029354797,0.057090660595980953,-0.07475695173922525,-0.0018510799303579906,-0.002566719200047092,97.86919780841555,False,
-261.71,573.07,2039.0,-261.71145819118846,573.0681570733466,-261.99810425866195,572.8493778221442,-117.93008687207326,35.564731908471636,0.0495873580404012,0.18448287897438226,1990.0,-261.71145819118834,-573.0681570733466,-261.23978460188914,-572.6069653985345,115.25684554247827,30.431745321729363,0.05544632891960534,-0.18663636348746968,-0.002929485439602069,-0.0010767422565437085,572.7281716103394,True,0.0032138282668985377
-260.33,540.58,1871.0,-260.330243470535,540.5813207414515,-260.70366750386125,540.6142124890549,-115.9656628937954,35.72774424892625,0.05024158343340852,0.18137225404148977,1825.0,-260.330243470535,-540.5813207414515,-261.32857386424314,-540.8942767929944,113.7100535680795,31.2327729744472,0.056332819587422735,-0.18417565500055258,-0.003045618077007109,-0.0014017004795314064,540.7542446410247,True,0.0035387947376048826
-259.81,9.96,412.0,-259.8092070732106,9.95871075940916,-259.6962403905674,9.904340079860267,-6.1511408056090495,33.96212546968709,0.05393110327981615,0.006609351837925888,414.0,-259.8092070732106,-9.95871075940916,-259.5246775265014,-10.035431943470423,4.252793784815298,34.129798233273455,0.05444216461830473,-0.009946923213040124,-0.0002555306692442888,-0.001668785687557118,9.969886011665345,False,
-258.77,507.87,1710.0,-258.7745848515417,507.8737187873697,-259.13943186813884,507.9049745784253,-113.85304954473513,36.02600020623435,0.05111686168185041,0.17802908261943554,1667.0,-258.7745848515417,-507.8737187873697,-258.7310075318173,-507.6384610298314,111.35291992521888,32.11666352169171,0.05733229201143256,-0.1803923479682542,-0.003107715164791077,-0.0011816326744093358,507.77171780412834,True,0.003845497804949964
-258.28,29.82,411.0,-258.2845433375155,29.817690603584015,-258.1457065170883,29.738597706066844,-16.183476950793978,33.92315848442058,0.0536261757815276,0.02259530006686655,415.0,-258.2845433375155,-29.817690603584015,-258.3836435221566,-29.86693142435009,14.253498752487273,34.46136374316463,0.05521274335301641,-0.025849565300630793,-0.0007932837857444058,-0.0016271326168821217,29.802764565208467,False,
-258.0,205.75,627.0,-258.0043892144499,205.75163461338198,-257.81650095615373,205.78075790843153,-77.75289119004712,36.7815184579764,0.05601941341066512,0.12059009803293692,611.0,-258.0043892144499,-205.75163461338198,-258.2103636111253,-205.87655974947904,77.26580655649431,36.91546723894374,0.06127415551825866,-0.12613464577261863,-0.0026273710537967725,-0.002772273869840851,205.82865882895527,True,0.008020389043803313
-257.12,306.42,858.0,-257.1150438746157,306.41777724759123,-257.0340714122931,306.60249632702875,-94.72951020082591,36.974896185975005,0.05509242252840202,0.14761880875186686,894.0,-257.1150438746157,-306.41777724759123,-257.5745763863922,-306.27998353116226,93.5896813105597,36.09853611193647,0.06120360725517216,-0.15210711287895068,-0.0030555923633850714,-0.002244152063541907,306.4412399290955,True,0.006265100952728643
-257.01,474.92,1557.0,-257.0115922400197,474.9158256515041,-256.5492854932956,474.70535435402127,-111.42919631099817,36.395001382921016,0.05211074014282766,0.17420312183703482,1517.0,-257.0115922400198,-474.91582565150406,-257.34938834033164,-475.2293930582562,109.23217932677237,32.98323162198242,0.05831456500208302,-0.17700016382291386,-0.003101912429627679,-0.0013985209929395226,474.96737370613874,True,0.004103416714692643
-255.24,49.5,410.0,-255.24416319918228,49.50168838281375,-255.20644891035,49.4628586513858,-25.367836465111136,34.243629074887586,0.05389465807871532,0.03724865923340347,416.0,-255.24416319918228,-49.50168838281375,-255.36456389840453,-49.58601488019524,23.991359401358352,35.24968370268531,0.05670889261609676,-0.04131087728846239,-0.0014071172686907218,-0.002031109027529461,49.524436765790526,False,
-254.7,116.32,484.0,-254.6969586992651,116.31620364052826,-254.5752206260893,116.31409510841904,-52.87109374626875,35.613444516490375,0.055256061785985404,0.08102918334332013,497.0,-254.6969586992651,-116.31620364052826,-254.63490218277397,-116.36130216850604,52.14162774283963,36.43036324562815,0.05940579760263301,-0.08610448470032646,-0.0020748679083238027,-0.0025376506785031658,116.33769863846254,False,
-254.27,282.4,750.0,-254.26963041636614,282.3950336814098,-254.27529169734206,282.67884525914553,-91.42646093282474,37.1365389948005,0.05564267735440213,0.14239562926940819,783.0,-254.26963041636614,-282.3950336814098,-254.05181051917097,-282.2632128669636,90.3432297949269,36.771053295464746,0.06197981885712823,-0.14689708159873288,-0.0031685707513630507,-0.0022507261646623478,282.4710290630546,True,0.007048056310680689
-251.7,336.23,946.0,-251.69661993476566,336.2273211882314,-251.6225095784648,336.3033890637118,-98.41448263500217,37.539302397461206,0.055626956885511704,0.15354989978340033,919.0,-251.69661993476566,-336.2273211882314,-252.52011374785562,-336.47698794738284,97.24521925775785,36.00274960474082,0.06142098018802375,-0.1578631803517053,-0.0028970116512560228,-0.0021566402841524807,336.3901885055473,True,0.005411115324964285
-250.71,68.9,409.0,-250.70590881781666,68.89519057113208,-250.57107644472293,68.85028248863603,-33.900314758009756,35.27788032485423,0.0553032828132551,0.05088528948562775,417.0,-250.70590881781666,-68.89519057113208,-250.73916673034128,-68.94561428666334,32.923390001599564,36.068982701099024,0.0582499439594975,-0.05546999839359246,-0.0014733305731212017,-0.002292354453982355,68.89794838764968,False,
-250.67,500.77,1581.0,-250.66563763511905,500.7661511214383,-251.4161629333479,501.3504916932512,-113.24748653389503,36.71793736233073,0.052298386442944926,0.17715988581926662,1644.0,-250.66563763511905,-500.7661511214383,-250.6283633611068,-500.54073037477684,110.72449164114305,32.66642094818193,0.05812033241592898,-0.17929294042701852,-0.002910972986492028,-0.0010665273038759499,500.945611034014,True,0.003651131439313378
-248.41,456.83,1436.0,-248.41430562637666,456.8263704736901,-248.43180189959628,456.5534914449554,-109.83805401764785,37.181989383885096,0.053585575820506104,0.17177015482689423,1493.0,-248.41430562637666,-456.8263704736901,-248.42880432272855,-456.5827880831116,107.69579441990659,34.15351139051294,0.05994875863643835,-0.1744456811482628,-0.0031815914079661237,-0.001337763160684291,456.5681397640335,True,0.004378432625262287
-248.13,300.88,832.0,-248.13455250735828,300.8807801305578,-247.8700535007683,300.98775724043566,-94.20021946507177,37.90704854072853,0.05664475263541056,0.14688864786133776,808.0,-248.13455250735828,-300.8807801305578,-248.49047633637733,-301.0654286168786,92.96558346017478,37.2837463155565,0.0630260653676938,-0.15100257757346358,-0.0031906563661416205,-0.0020569648560629095,301.0265929286571,True,0.006659705710701535
-247.12,434.66,1297.0,-247.12459430836154,434.66013721979124,-246.3345635936771,434.4227827539733,-108.37307810876075,37.36183673283859,0.05414284595533803,0.16946425807343143,1351.0,-247.12459430836154,-434.66013721979124,-247.4877373045999,-434.88911592286576,106.22948623323613,34.64302092216954,0.06046215543855863,-0.1721004539659749,-0.003159654741610299,-0.0013180979462717318,434.65594933841953,True,0.004567450710950467
-245.75,134.19,483.0,-245.75011707883155,134.18971628161586,-245.54208988223354,134.25382851247346,-59.066263373258835,36.79994492553117,0.05692472840846837,0.09099973054476207,498.0,-245.75011707883155,-134.18971628161586,-245.79017779910723,-134.26290743396441,58.436980226752816,37.786446708536694,0.06178331194033572,-0.09601552826395518,-0.002429291765933674,-0.002507898859596555,134.25836797321892,True,0.011368893098426107
-244.7,87.88,408.0,-244.696412474686,87.88438838621069,-244.82975540265147,87.90317221178157,-41.96874065550649,36.20497472416974,0.05654545915334182,0.0637969019342459,418.0,-244.696412474686,-87.88438838621069,-244.68350092122193,-87.92865708758269,41.3267706094099,36.948680894675704,0.0598825119290553,-0.06877023044286872,-0.0016685263878567398,-0.002486664254311405,87.91591464968212,False,
-243.82,264.86,726.0,-243.82136578526675,264.8606078423274,-243.2866195004748,264.8536125907743,-88.73594630136314,38.48349959304203,0.05800473686891109,0.13824812020910884,705.0,-243.82136578526675,-264.8606078423274,-243.82729029752286,-265.03456641492875,87.93824732693459,38.31886547975518,0.06423223969250433,-0.14294421369865692,-0.003113751411796619,-0.0023480467447740405,264.9440895028515,True,0.007384304046005014
-241.52,318.85,857.0,-241.52176413019092,318.853002889169,-241.3956624880475,318.92722734404447,-96.07172384755553,38.683096373376536,0.05766016691814977,0.14994653128733065,895.0,-241.52176413019092,-318.853002889169,-241.56963799397113,-318.98284444617843,95.13058198163226,37.453276543582426,0.06351531521121047,-0.1543635204188061,-0.002927574146530349,-0.002208494565737726,318.95503589511145,True,0.005767110969587371
-239.18,19.82,359.0,-239.18027832160075,19.819042913359848,-239.17620196645188,19.81025760956121,-10.940430161064931,36.250234715286815,0.057451424744282956,0.014483050939998302,354.0,-239.18027832160075,-19.819042913359848,-238.9479801864212,-19.86564906152044,9.439030861828355,36.5728456284373,0.058450785712145806,-0.01794907362747391,-0.0004996804839314251,-0.0017330113437378034,19.837953335540824,False,
-239.14,295.32,749.0,-239.14174859893822,295.31546535364896,-238.46203316922822,295.1797987754264,-93.12888196688749,38.8731513441697,0.05825348291219296,0.14529878104554989,784.0,-239.14174859893822,-295.31546535364896,-239.14260028765503,-295.23248422143655,92.0848456141401,38.151587710979804,0.06433584193493909,-0.14948635657144885,-0.0030411795113730634,-0.002093787762949481,295.20614149843146,True,0.006472864800631648
-238.52,228.05,628.0,-238.52230506303917,228.05067416566536,-238.432310807588,228.20818865640024,-82.28377578087654,38.82367998543584,0.05899494629160293,0.1280386224759052,610.0,-238.52230506303917,-228.05067416566536,-238.19056896482894,-227.9291704956586,81.73247443545056,39.0497534892408,0.06494105531087856,-0.13299838661156083,-0.002973054509637814,-0.0024798820678278155,228.0686795760294,True,0.008190625932121047
-238.46,1237.23,4106.0,-238.4565678941168,1237.2301585510104,-237.5845788028943,1237.7740233500283,-142.69274321914602,37.18391850242808,0.044021059447577185,0.22419286237554786,3348.0,-238.45656789411746,-1237.2301585510104,-238.8496448965178,-1236.2999339441285,138.81822980029278,17.91424514940585,0.0436523384242151,-0.22386125976110932,0.00018436051168104275,0.000165801307219271,1237.0369786470783,True,-9.364079475500603e-05
-238.12,1206.73,4088.0,-238.124622004912,1206.729739583399,-239.17367423147263,1206.6246356754637,-141.26391916704497,37.2579023275647,0.044520294068166794,0.22189935665994,3246.0,-238.1246220049123,-1206.729739583399,-240.37331804613302,-1207.2727028852416,138.24351523251119,18.6859531398107,0.04452505412588339,-0.22296523350154318,-2.3800288582974394e-06,-0.0005329384208015847,1206.9486692803525,True,1.239005662273471e-06
-237.82,1022.71,3569.0,-237.82160579705263,1022.7125127894501,-237.52118341395092,1023.2760611943207,-136.39223810432588,37.036494221567324,0.04641337714065848,0.21416607344716246,2917.0,-237.82160579705214,-1022.7125127894502,-238.28078162659938,-1022.4366898308809,132.31085303610448,22.04061098539485,0.047600476273504624,-0.21349748112225625,-0.0005935495664230739,0.00033429616245310434,1022.8563755126008,True,0.0003646046506737865
-237.78,1176.21,3990.0,-237.7753718392771,1176.2069854182525,-236.84400669588774,1175.5517182716812,-140.9242892868669,37.52902517107419,0.045332348651927944,0.22138735029252612,3228.0,-237.77537183927743,-1176.2069854182525,-238.27648570506895,-1176.2081745457376,137.16615668402656,19.292969704028287,0.04511070455740039,-0.22122488426801093,0.00011082204726377623,8.123301225759771e-05,1175.8799464087094,True,-5.921654342400843e-05
-237.41,1145.66,3972.0,-237.40744637383804,1145.6603791727516,-236.1699765161967,1145.2179779624748,-139.94184710738037,37.207582268564806,0.04519225287800663,0.2198319998301784,3132.0,-237.40744637383776,-1145.6603791727518,-237.70060774570848,-1144.4899627760262,136.00149159689204,19.474747445157575,0.04501156073879065,-0.21936420944962556,9.03460696079876e-05,0.00023389519027641748,1144.8539703692504,True,-4.9583712142714925e-05
-237.39,991.99,3587.0,-237.38619630444757,991.991831520858,-239.23181980872394,992.1180477718323,-134.97083374588183,37.34248139895283,0.0472819622037919,0.2118828880318563,2899.0,-237.38619630444705,-991.9918315208582,-237.6331415645335,-991.4108609015967,131.3434415077518,22.9018677386228,0.04859123648378488,-0.21194986622457185,-0.0006546371399964931,-3.3489096357780523e-05,991.7644543367145,True,0.00041473622507583386
-237.25,106.36,407.0,-237.25094028390302,106.3578456645483,-236.95424913183876,106.26158082743568,-49.33559499547442,37.3402529153572,0.05812747558019172,0.07561806587832812,419.0,-237.25094028390302,-106.3578456645483,-237.34978823747255,-106.39260852340131,48.857401585858135,38.2279174036529,0.062144607579253185,-0.08066578610761455,-0.002008565999530733,-0.0025238601146432144,106.3270946754185,False,
-236.92,961.23,3672.0,-236.92250764468204,961.2323992517917,-236.5337554880783,962.2420103712487,-134.1149475733175,37.27213240793773,0.047535889326711676,0.21055374600151908,2815.0,-236.92250764468255,-961.2323992517914,-236.45701873620018,-960.5413151129377,130.16293235488544,23.463464454810122,0.0491069869280274,-0.21005662360976132,-0.0007855488006578634,0.00024856119587887693,961.3916627420932,True,0.0005133962435547059
-236.73,39.5,361.0,-236.72671281665336,39.50270166737619,-236.60786104002932,39.47085254761157,-20.873931336487725,36.471593181949,0.057562944913095763,0.03032416348442438,352.0,-236.72671281665336,-39.50270166737619,-236.82643039538485,-39.55661338129057,19.42357735023566,37.111246662857646,0.05954883227791018,-0.03381399034634726,-0.0009929436824072067,-0.0017449134309614391,39.513732964451066,False,
-236.66,805.97,2537.0,-236.65534774680089,805.9740978361777,-236.86554477836867,805.7267428809051,-128.24188659432673,37.16632349783206,0.049284327450886074,0.20120241572821695,2608.0,-236.65534774680108,-805.9740978361777,-237.70502665673985,-806.6117341435215,125.44859509311847,27.353811946252517,0.05341349586194479,-0.20256880714278164,-0.0020645842055293587,-0.0006831957072823414,806.1692385122133,True,0.001609111899327399
-236.43,930.43,3690.0,-236.4277505587213,930.4310392316796,-238.14354915126242,930.9668107621713,-132.4822156458371,36.784141798542386,0.04714225467117974,0.20793545733217367,2797.0,-236.42775055872153,-930.4310392316795,-237.28814377250882,-930.7701099002331,129.4491030604724,24.48910377629992,0.050374735463897966,-0.208930707768237,-0.0016162403963591136,-0.0004976252180316637,930.8684603312022,True,0.0010909315702522036
-236.03,774.85,2519.0,-236.0256949803529,774.849579795357,-236.9770610849379,775.6297752866416,-127.331840180474,37.20416023789017,0.049713143238617336,0.19975266613895862,2450.0,-236.0256949803529,-774.849579795357,-237.92425249448948,-775.7560845001226,124.12144213601077,27.86857094537167,0.05385487194995592,-0.200459262462042,-0.0020708643556692913,-0.0003532981615416847,775.6929298933821,True,0.0016774195034227838
-235.55,151.38,482.0,-235.55098919273073,151.3794288875673,-235.3908905386553,151.50323889277723,-64.1988882117867,38.320096928235145,0.059132872402315226,0.0992928781486097,499.0,-235.55098919273073,-151.3794288875673,-235.57792179542852,-151.39211626016197,64.208792921041,39.11943645971936,0.06411461197604608,-0.10507658425069236,-0.0024908697868654267,-0.0028918530510413307,151.4476775764696,True,0.010333995672550365
-235.34,743.65,2365.0,-235.34206690425003,743.6491858028459,-235.92428335641583,744.1777738664808,-125.91222112813624,37.49548975197447,0.050562000369096985,0.19750616558436906,2432.0,-235.34206690425003,-743.6491858028459,-234.90495349886507,-743.0371699893991,122.7742573933001,28.638760994640624,0.054679959826190554,-0.19827817407854953,-0.0020589797285467844,-0.0003860042470902325,743.60747192794,True,0.0017397554041037712
-234.6,712.37,2347.0,-234.59745526667032,712.3650987958368,-235.24471594551312,712.3347292342138,-124.38403605884046,37.63692084249728,0.051177075844471724,0.19508230615063782,2283.0,-234.5974552666705,-712.3650987958368,-235.23482824516555,-711.9255886680539,121.58862596947891,28.846798020979914,0.05463003834465695,-0.19639522302775603,-0.0017264812500926117,-0.0006564584385591044,712.1301589511338,True,0.0015232891750688118
-234.15,584.87,2040.0,-234.1473470660063,584.8717978001258,-234.56533752544178,584.5344871369758,-118.13963176029057,37.918802799679355,0.05319087101087323,0.18515234837193256,1989.0,-234.1473470660063,-584.8717978001258,-233.7836021058107,-584.4596588915985,115.6896753721489,32.17657801301821,0.058368476012131784,-0.18698897843439816,-0.0025888025006292788,-0.000918315031232797,584.4970730142871,True,0.0027828926073588845
-233.06,552.89,1872.0,-233.06087776481687,552.8857271222446,-232.19742893476848,552.6161777399476,-116.50880851904195,38.16741502213384,0.05397745232131124,0.1825858122826647,1824.0,-233.06087776481687,-552.8857271222446,-233.64150375682163,-553.2451667690513,114.13268822679488,33.56099809853446,0.06018956597318352,-0.18450921615463678,-0.003106056825936142,-0.000961701935986034,552.9306722544994,True,0.0035295438635034085
-232.66,58.92,363.0,-232.65606382543925,58.91651691379182,-232.73722934091145,58.89139410075702,-29.650850892738635,37.125818368741,0.05836633379128745,0.044340468330809374,351.0,-232.65606382543925,-58.91651691379182,-232.7849643043925,-58.96788154358666,28.868072306919387,38.0205110300761,0.06123370073868541,-0.048795875194399034,-0.001433683473698981,-0.00222770343179483,58.92963782217184,False,
-232.63,509.39,1580.0,-232.6324072810564,509.3939173985303,-232.3974584147867,509.2568906616891,-113.53096436258112,38.37062010495128,0.054831883267779095,0.177843976354469,1645.0,-232.63240728105652,-509.3939173985302,-232.9452854069523,-509.6967940329164,111.39038989094536,34.37676966867907,0.06095457101193481,-0.1801361862315624,-0.003061343872077859,-0.0011461049385467076,509.47684234730275,True,0.003775439674282911
-231.84,520.72,1711.0,-231.83988655320613,520.7209108562824,-231.3912429928433,520.6929695554558,-114.29189862937965,38.53449230248632,0.05495263662254775,0.17906736394673375,1666.0,-231.83988655320613,-520.7209108562824,-231.7132222801937,-520.325241796248,112.06888118966897,34.37613941426406,0.0610837342422968,-0.18120094962824074,-0.0030655488098745264,-0.0010667928407534916,520.5091056758519,True,0.003700494579366797
-230.73,466.01,1435.0,-230.73431569081905,466.00608961974893,-230.78887205659967,466.1857004474164,-110.31840963284088,38.64194554371005,0.055791202813501944,0.17275073701604418,1494.0,-230.73431569081905,-466.00608961974893,-230.38746505423845,-465.7101824987781,108.32094764274404,35.635720887657804,0.062419551269912804,-0.17521969161173062,-0.00331417422820543,-0.00123447729784322,465.9479414730973,True,0.004469076684888822
-230.46,488.35,1558.0,-230.45927516805804,488.3528667766918,-230.47072342925003,488.60146515956814,-111.92616242639944,38.71187008471579,0.055627965914636215,0.17531345141729873,1516.0,-230.45927516805804,-488.3528667766918,-230.91248581690093,-488.76280915400963,109.97208973291924,35.123752924859716,0.061887053843322874,-0.17785399578075228,-0.0031295439643433294,-0.0012702721817267754,488.6821371567889,True,0.004023782160186821
-229.65,444.14,1296.0,-229.64864461148898,444.141306374566,-229.81577624060174,443.9422244858627,-108.48020339587508,38.89834626867622,0.056471692488065196,0.1698370584037489,1352.0,-229.64864461148898,-444.141306374566,-229.10722629148498,-443.9658194108867,106.56971335971646,36.200438847749496,0.06305202519309358,-0.17241683663577656,-0.003290166352514192,-0.001289889116013826,443.9540219483747,True,0.00465650131821483
-228.41,124.21,406.0,-228.41318523684504,124.20715281318833,-228.48673951990293,124.27036876640182,-55.746311697321325,38.71615940763778,0.06009674563765188,0.08592473975743682,420.0,-228.41318523684504,-124.20715281318833,-228.37900359798584,-124.23793336410579,55.524453844781725,39.72206328663503,0.06474116581822016,-0.09116686438010062,-0.0023222100902841394,-0.002621062311331898,124.25415106525381,False,
-227.07,353.33,947.0,-227.06914333135092,353.32648378909613,-227.0512524131682,353.40667462055825,-99.97092252785608,39.79013133211299,0.05899979892133434,0.15632797432903933,918.0,-227.06914333135092,-353.32648378909613,-226.83988538782378,-353.18262112111483,98.69650558444418,38.12974505141853,0.06501079201702113,-0.15985846921899904,-0.0030054965478433955,-0.001765247444979856,353.29464787083657,True,0.005345139493053559
-227.0,77.93,364.0,-226.99613800815231,77.92787260912402,-226.77738537876516,77.87971159731667,-37.997218333987455,38.218910441737144,0.05987349444876168,0.05769711472948874,349.0,-226.99613800815231,-77.92787260912402,-227.03696656666162,-77.9933109846748,37.81574356471018,38.93585945872621,0.0629235269276187,-0.06296614072042975,-0.0015250162394285088,-0.002634512995470503,77.93651129099574,False,
-225.33,330.5,856.0,-225.3280232254488,330.495509726398,-225.61655492740525,330.63986031953806,-97.38916767666838,39.9580482088781,0.059545871488093434,0.15223655456604543,896.0,-225.3280232254488,-330.495509726398,-225.1037894110726,-330.4377561326999,96.25616044570206,38.80839507609332,0.06581234133311953,-0.1559532773818596,-0.0031332349225130472,-0.001858361407907086,330.538808226119,True,0.005955940766752095
-224.37,318.99,833.0,-224.37427748526207,318.99245069901986,-224.30088822925734,319.1079123562495,-95.88345665851675,40.136089427765775,0.059970464342549504,0.14985625398633717,807.0,-224.37427748526207,-318.99245069901986,-224.42605915028298,-318.9883610047263,95.01897707137744,39.25564288225657,0.06638393789297765,-0.15397593874239313,-0.003206736775214075,-0.002059842378027976,319.0481366804879,True,0.0063151979508958385
-224.15,167.8,481.0,-224.15154745882091,167.79774662317712,-224.06132849243212,167.90907377022634,-68.76262851851295,39.77363315838229,0.061245325347557056,0.10669504927566126,500.0,-224.15154745882091,-167.79774662317712,-223.92640499650818,-167.77347469460244,68.73865360247088,40.652695999220484,0.06675549237592558,-0.11214338563022276,-0.002755083514184263,-0.0027241681772807516,167.84127423241438,True,0.010313732623600478
-223.36,307.43,748.0,-223.3583958711398,307.42645786248005,-223.8096197689722,307.5745730185171,-94.32918072719418,40.253892500755484,0.06029920225030712,0.14738856356385518,785.0,-223.3583958711398,-307.42645786248005,-223.95123600314415,-307.71860458496286,93.6935771355636,39.68384775482059,0.0669274267130889,-0.1518606840826071,-0.0033141122313908936,-0.002236060259375963,307.64658880174,True,0.006768539628449683
-221.12,284.09,727.0,-221.1165765682804,284.0905833827017,-221.07961897708682,284.203229477223,-91.24755820233098,40.621208927787485,0.061170032711024294,0.14251744323373794,704.0,-221.1165765682804,-284.0905833827017,-221.36478509039435,-284.05272692218415,90.64518456106066,40.39912006867818,0.06777598259545844,-0.146977340421279,-0.0033029749422170754,-0.0022299485937705282,284.12797819970353,True,0.007304174604140524
-219.79,96.41,366.0,-219.7855983972138,96.40690191671264,-219.90053567778048,96.45639042959539,-45.61387693187115,39.16684212162246,0.06115466649274247,0.06990362397817985,347.0,-219.7855983972138,-96.40690191671264,-219.73280157501327,-96.34364044477518,45.56431911062027,40.14101000235066,0.06506631957656618,-0.075208927810458,-0.0019558265419118565,-0.0026526519161390733,96.40001543718529,False,
-219.78,9.87,302.0,-219.77847463908924,9.870262677113221,-219.7483349883731,9.862582698712911,-5.9157010459284685,38.59048191213487,0.061297872743398055,0.006723878736101369,304.0,-219.77847463908924,-9.870262677113221,-219.76016581659462,-9.927927984744432,4.419650351496775,38.657470626136586,0.06164686244048747,-0.009725488790650456,-0.00017449484854470745,-0.0015008050272745433,9.89525534172867,False,
-218.24,141.33,405.0,-218.23501079430696,141.32756300031753,-218.20216229697644,141.36385930425377,-61.40839894617545,40.01783612308389,0.06195908495847416,0.09506218643440215,421.0,-218.23501079430696,-141.32756300031753,-218.41438446580378,-141.43518035321495,61.45176454081243,41.04217219563294,0.067052798618417,-0.10047843592506722,-0.002546856829971418,-0.002708124745332538,141.39951982873436,True,0.011317134197449013
-218.01,29.53,301.0,-218.00894758894563,29.53131847988423,-217.95396694281547,29.483324086311384,-16.02788971621074,38.68324490550103,0.06120521494521903,0.022839902436408602,305.0,-218.00894758894563,-29.53131847988423,-217.94713479875438,-29.538792908634793,14.610208601639677,39.15883579497493,0.06268498362033291,-0.025922061832722203,-0.0007398843375569404,-0.0015410796981568005,29.511058497473087,False,
-217.12,248.51,629.0,-217.11977956010514,248.5135837811916,-217.3366675293637,248.67703627921347,-85.67515855766304,40.949070421904445,0.06212692880970952,0.13369453357525113,609.0,-217.11977956010514,-248.5135837811916,-217.53313252400991,-248.70416451472178,85.44689245471515,41.30416242964872,0.0687834893651884,-0.138657075432643,-0.0033282802777394385,-0.0024812709286959334,248.69060039696762,True,0.008408923258815303
-214.48,48.95,300.0,-214.48414068000122,48.95460547038908,-214.5148942249623,48.919513416751755,-25.53652245783365,38.93165095503218,0.06136253096854316,0.03801547969543255,306.0,-214.48414068000122,-48.95460547038908,-214.49026471076573,-48.964667083143475,24.341996819643708,40.04427269592398,0.06433210837016214,-0.041368347638724406,-0.0014847887008094876,-0.0016764339716459284,48.94209024994761,False,
-214.3,517.37,1579.0,-214.30272212445027,517.3725382063205,-214.88772719300576,517.4215650004253,-113.48583387925605,39.87083699693044,0.05711956006333713,0.17798659016266616,1646.0,-214.30272212445027,-517.3725382063205,-213.95615995269782,-517.1441319520682,111.54792485107697,36.213413094350805,0.06396888715632014,-0.1801543516034289,-0.0034246635464915062,-0.001083880720381375,517.2828484762467,True,0.004159773659755713
-212.72,474.5,1434.0,-212.7156913290968,474.501880567806,-212.27028419657134,474.30046255764955,-110.63563794965246,40.384911354694104,0.0584658377866668,0.17348241820626656,1495.0,-212.7156913290968,-474.501880567806,-213.1320339494662,-474.7812530997451,108.80694220353882,37.21490092766462,0.06504398751946448,-0.17578184918177708,-0.003289074866398841,-0.0011497154877552623,474.5408578286973,True,0.004354918345562344
-211.81,452.92,1295.0,-211.809573204264,452.92019683276163,-212.0738554297986,453.2909409798154,-109.05010953954053,40.450098277316236,0.058826889037064185,0.1709613770252248,1353.0,-211.809573204264,-452.92019683276163,-211.75648244397323,-452.6249006548567,107.17852701707655,38.10559604137325,0.06619022457349863,-0.1731732995764929,-0.003681667768217222,-0.0011059612756340598,452.957920817336,True,0.005107008789124978
-211.61,183.36,480.0,-211.60988081919234,183.3610055046798,-211.6489086209641,183.44371525691767,-72.68892477375668,41.324897203032805,0.06352398642217862,0.11309595841574199,501.0,-211.60988081919234,-183.3610055046798,-211.6565468807727,-183.38332656198966,72.85826169530134,42.209493419070746,0.06942438585588336,-0.11854967692650274,-0.0029501997168523697,-0.0027268592553803747,183.41352090945367,True,0.01010648038501111
-211.07,114.23,368.0,-211.07370028955734,114.22737432889771,-210.78052548771032,114.26212769376362,-52.56717277719463,40.36122337499933,0.06283751691563366,0.08108183054119587,346.0,-211.07370028955734,-114.22737432889771,-211.08853880921296,-114.26055313060421,52.432000747772655,41.4579820931019,0.06738177370173146,-0.08603331656021856,-0.0022721283930488972,-0.0024757430095113456,114.26134041218391,False,
-209.23,67.98,299.0,-209.23243358493377,67.98373876248843,-209.1411876296863,67.90812604167871,-33.89272900438475,39.94803836927565,0.06274760875560163,0.05138060710812581,307.0,-209.23243358493377,-67.98373876248843,-209.3834198844679,-68.03870283735593,33.43566197628337,40.867256141243296,0.06587552640263664,-0.0557788218536981,-0.0015639588235175014,-0.0021991073727861445,67.97341443951731,False,
-208.95,1242.55,4105.0,-208.94580662051143,1242.554485684915,-207.37742803901384,1241.6952098418649,-142.3594137945366,39.09195595158756,0.04700977269937166,0.22403229827541526,3349.0,-208.94580662051172,-1242.5544856849149,-208.84787738672472,-1241.6204060305156,138.93931928210318,20.359050867719773,0.0476085272512075,-0.2236865488242028,-0.00029937727591791696,0.0001728747256062313,1241.6578079361902,True,0.00015149446887282596
-208.67,1212.17,4089.0,-208.6689057824301,1212.1704862599004,-207.58082208866708,1212.3685762390705,-141.5210318559484,39.14422008216241,0.04745211613277441,0.2226954810167543,3245.0,-208.6689057824301,-1212.1704862599004,-210.30796897008463,-1212.5476082109292,138.5953725105867,20.988984007083694,0.04825504321450088,-0.2231570222377398,-0.0004014635408632339,-0.0002307706104927587,1212.4580922249997,True,0.00020804593886549437
-208.57,341.32,855.0,-208.57408135179924,341.31635265286224,-208.86992089622484,341.5632642841301,-98.3562607352332,41.491754578423716,0.061853062355728065,0.15398082654570905,897.0,-208.57408135179932,-341.3163526528622,-208.74634072901813,-341.27315155678843,97.40516492298332,40.30457793679985,0.06832629110743223,-0.15758164557355328,-0.003236614375852081,-0.001800409513922116,341.4182079204593,True,0.005956404028720633
-208.52,1029.09,3570.0,-208.51998997803273,1029.0866891470132,-207.67486725393883,1028.9666355697598,-135.92125190467289,39.00251443942785,0.04947270318957359,0.21378200265344263,2916.0,-208.51998997803244,-1029.0866891470132,-207.93559747276518,-1028.1100143193346,132.44956475037154,24.378985879191646,0.05139159655610011,-0.21334661102506464,-0.0009594466832632577,0.00021769581418899786,1028.5383249445472,True,0.000586111490169985
-208.38,1181.77,3989.0,-208.3778132003164,1181.7693036146495,-209.16974760414774,1181.506259284714,-140.284738548998,39.134763527965944,0.04781503551779836,0.22070839957994645,3229.0,-208.3778132003164,-1181.7693036146495,-209.004492156692,-1181.9637982572874,137.3771141264711,21.55691567233299,0.04878437544233759,-0.22120214015461687,-0.00048466996226961476,-0.00024687028733520744,1181.7350287710005,True,0.00025769492412616366
-208.16,998.53,3586.0,-208.16251502167538,998.5331077835381,-207.3320031136174,998.9294499976694,-134.78927611722926,39.41963416078874,0.05050443444155081,0.21198460628094765,2900.0,-208.16251502167563,-998.533107783538,-208.17134853550496,-997.9689460579315,131.3420757491343,25.378284739771686,0.05261289324367625,-0.21158687477226618,-0.001054229401062718,0.00019886575434073517,998.4491980278004,True,0.0006634207024491567
-208.07,1151.35,3973.0,-208.0714198447191,1151.3497662499449,-207.73784018966145,1152.1530911134096,-139.8044811425008,39.39576843389981,0.04858992518157401,0.21996158270920013,3131.0,-208.0714198447191,-1151.3497662499449,-207.86083092212337,-1150.3922688282819,136.21233311812517,21.76409764848835,0.04872746013417379,-0.21933432721552545,-6.876747629988925e-05,0.00031362774683733885,1151.2726799708457,True,3.7530535051889386e-05
-207.86,29.89,273.0,-207.86250279499586,29.886116037389897,-207.82447983877418,29.87216919486045,-16.244200454782852,39.80939939839301,0.0629927833120127,0.023308227223044244,270.0,-207.86250279499586,-29.886116037389897,-207.77993583503212,-29.981979030005558,15.024462975477013,40.27454573182763,0.06446611882380664,-0.026456850735776742,-0.0007366677558969664,-0.0015743117563662493,29.927074112433004,False,
-207.78,967.95,3673.0,-207.78229104419904,967.9496472071384,-207.4370765300733,968.661379898918,-133.78460024570856,39.45328791735543,0.05092868829201737,0.21038432813809008,2814.0,-207.78229104419952,-967.9496472071384,-206.8660113498935,-967.2056475927396,130.43752391711743,25.696499431214715,0.05274259037302918,-0.21013124938968347,-0.0009069510405059072,0.0001265393742033022,967.9335137458288,True,0.0005887327353699154
-207.74,813.91,2536.0,-207.73746046554095,813.9073334964663,-208.55884492729,814.6617454396091,-128.19691355189877,39.160076378269885,0.05234805697920186,0.20147751029327554,2609.0,-207.73746046554095,-813.9073334964663,-207.5108377803052,-813.2151759294402,125.25621336904243,29.174563239263048,0.05639218371858751,-0.20189283470728003,-0.0020220633696928225,-0.00020766220700224602,813.9384606845247,True,0.0015609286780667723
-207.38,937.33,3689.0,-207.37710909742418,937.3338437410627,-207.13378903158377,937.863637560994,-132.78158089080068,39.574503457984044,0.051498787931621555,0.20879168760835182,2798.0,-207.37710909742438,-937.3338437410627,-206.9802248855233,-936.7013459227801,129.41060870042722,26.542586895205762,0.0537155950398534,-0.20849826183103048,-0.0011084035541159241,0.00014671288866066612,937.282491741887,True,0.0007430315819411112
-207.23,783.04,2520.0,-207.23264985149294,783.0419074580418,-207.39482463905313,782.6490865747543,-126.93442088128081,39.693424735234366,0.05358896541785418,0.1994824465267054,2449.0,-207.2326498514927,-783.0419074580419,-208.21143308689525,-783.7807802749663,124.31519898472943,30.002886695257214,0.05735001919853953,-0.20040374397115346,-0.001880526890342675,-0.00046064872222402464,783.2149334248603,True,0.0015086151224784814
-206.96,318.69,747.0,-206.9628333057103,318.6948158192611,-206.85880056298416,318.7306831385154,-95.61953315855737,41.882145610386395,0.06275401898234759,0.1496498194646318,786.0,-206.9628333057103,-318.6948158192611,-206.44367053001892,-318.4393793797845,94.89056607349956,40.99273784019032,0.069141887021662,-0.1535513364662101,-0.003193934019657209,-0.001950758500789157,318.58503125914996,True,0.006299128124474569
-206.78,157.62,404.0,-206.77614653109086,157.61860685132586,-206.77828237485207,157.76614534398593,-66.21196737725715,41.39451437906258,0.06394925810118585,0.10284721098475741,422.0,-206.77614653109086,-157.61860685132586,-206.77503651859539,-157.66382594506396,66.42666734530725,42.6258507911713,0.06977205316819976,-0.1082536928738934,-0.002911397533506957,-0.002703240944567996,157.71498564452494,True,0.011598676011118055
-206.69,752.12,2364.0,-206.68557171339623,752.11772645345,-206.4309624121053,752.2919021473987,-125.92767007648551,39.984522396022854,0.05442404534834331,0.19789195725080097,2433.0,-206.68557171339623,-752.11772645345,-206.62511382283552,-751.653145819937,123.01907105648657,30.815346239195218,0.05824962245576112,-0.19832146469556877,-0.0019127885537089037,-0.00021475372238390078,751.9725239836678,True,0.0015982505414873518
-206.09,721.13,2348.0,-206.09082806326902,721.1286782455653,-206.90984077460303,721.2123544713249,-124.27799473869875,40.00809835489741,0.05484219802950286,0.19526055259543146,2282.0,-206.09082806326902,-721.1286782455653,-206.5839734507198,-720.8215654975547,121.68926269439207,31.16114666073729,0.058422387392102086,-0.19620450510862483,-0.001790094681299613,-0.0004719762565966873,721.0169599844398,True,0.0015599489643412527
-206.05,595.35,2041.0,-206.05281688997562,595.3505157902412,-205.3526934935126,595.3404706804613,-118.41609748887565,40.40534111856777,0.05701597906995756,0.18595012370387767,1988.0,-206.05281688997562,-595.3505157902412,-205.63600773723908,-594.8378806591883,116.01628500253031,34.50279544090055,0.062197867836107756,-0.18716407098115076,-0.0025909443830750972,-0.0006069736386365432,595.0891756698247,True,0.0027356208691131146
-205.21,563.82,1873.0,-205.21208599540122,563.815572471545,-204.535022790966,563.4033379290858,-116.53607603056655,40.568177504480104,0.05766627442567035,0.18296799061270183,1823.0,-205.21208599540122,-563.815572471545,-204.6505374316341,-563.2967082773811,114.3035540062038,35.27599382507711,0.06304216740195435,-0.1844261059105322,-0.0026879464881420026,-0.0007290576489151906,563.3500231032334,True,0.0029979347098888693
-204.27,532.14,1712.0,-204.2697312408212,532.140843103405,-203.88868761885024,532.0746446427456,-114.57465404266047,40.81413541483549,0.0584414102546857,0.17985420621337642,1665.0,-204.2697312408212,-532.140843103405,-204.3226032901988,-531.8369955438708,112.28493669784241,36.327114027065356,0.06432979091288189,-0.1812093604816329,-0.0029441903290980953,-0.000677577134128235,531.9558200933081,True,0.003477524395556866
-203.21,500.31,1559.0,-203.2070608518312,500.3067962959929,-203.48787972601016,500.64463197722915,-112.23522618293843,41.02724740739166,0.059165511037607775,0.1761357998179499,1515.0,-203.2070608518312,-500.3067962959929,-203.49702026537702,-500.06229379154024,110.4214297665428,37.377203940069826,0.06561191700599549,-0.1782333861927018,-0.0032232029841938563,-0.0010487931873759404,500.3534628843847,True,0.00404753501966345
-202.3,86.47,298.0,-202.29610996131916,86.46550696386318,-202.15266491908173,86.4320757576347,-42.110455205667044,40.98962355744206,0.06417848075944786,0.064545112815269,308.0,-202.29610996131916,-86.46550696386318,-202.22818925097724,-86.46046427653285,41.629372017503066,41.93163216166888,0.06779514426480894,-0.06873188649146267,-0.0018083317526805393,-0.0020933868380968307,86.44627001708378,False,
-201.49,59.16,274.0,-201.49352445904444,59.16383693670027,-201.38275056591428,59.16386035405276,-30.36244414940495,40.60437404663562,0.06389929021404818,0.04585700162444168,269.0,-201.49352445904444,-59.16383693670027,-201.6411538176798,-59.17314629353586,29.445907773787777,41.67964178657468,0.06705990208367274,-0.049334111500730325,-0.0015803059348122803,-0.0017385549381443224,59.16850332379431,False,
-201.28,368.63,948.0,-201.2845744224239,368.62517561824734,-201.34774858243645,368.8720562130534,-101.09697479366827,42.0060720025459,0.06233717392551027,0.15843493228598032,917.0,-201.2845744224238,-368.6251756182474,-201.31707480088323,-368.4836418428087,100.03465604668581,40.62730857767727,0.06917317901159814,-0.1616756246568157,-0.003418002543043936,-0.0016203461854176898,368.6778490279311,True,0.005825124404674798
-200.92,131.27,369.0,-200.91995478300683,131.26755794938245,-200.73656721043582,131.24160967666552,-58.464004999051554,41.71871956726787,0.06479009195270641,0.09058993859265527,344.0,-200.91995478300683,-131.26755794938245,-200.79405835795933,-131.22601014400584,58.57567338025825,42.95024382920996,0.06996455751040229,-0.09568519901939662,-0.0025872327788479393,-0.0025476302133706774,131.23380991033568,True,0.012387099782759942
-199.3,335.23,834.0,-199.29728498437308,335.2321467250084,-199.53715978765345,335.26843986489285,-97.4116949497682,42.502529110928144,0.06353885253161247,0.15259180147949417,806.0,-199.29728498437316,-335.23214672500836,-199.0250222101521,-334.97682522836203,96.70432470647445,41.441037635122676,0.07005791195582954,-0.15634716700163334,-0.003259529712108536,-0.0018776827610695879,335.1226325466274,True,0.0061112641183928805
-197.99,197.99,479.0,-197.9898987322333,197.9898987322333,-197.97961751589477,198.05341430776832,-75.88612235795479,42.85970442748327,0.06578778339889496,0.11835186384873646,502.0,-197.9898987322333,-197.9898987322333,-197.686570409442,-197.95767800422448,76.0446678701466,43.85781107941988,0.07222625657691,-0.12344990993790254,-0.0032192365890075167,-0.002549023044583043,198.0055461559964,True,0.010215400744609094
-196.9,301.38,728.0,-196.9013369240737,301.37993217451026,-196.92934471354977,301.4142353486868,-93.21871435735697,42.976517015368565,0.06470783923546368,0.1459504034442528,703.0,-196.9013369240737,-301.37993217451026,-196.8593938048344,-301.30879306312477,92.67759358185016,42.64742835590106,0.0715656109444053,-0.14991190297944548,-0.003428885854470813,-0.0019807497675963376,301.3615142059058,True,0.007148996870943096
-195.7,524.69,1578.0,-195.69994057549505,524.6918459998666,-195.83642394514973,524.8369600901428,-113.66231487420123,41.55549605046332,0.059709962078788904,0.17850078918377135,1647.0,-195.69994057549494,-524.6918459998666,-196.26004733539912,-524.4085588213026,111.81811161955441,37.55745878191862,0.06619696954428808,-0.18036764338989622,-0.0032435037327495884,-0.0009334271030624341,524.6227594557226,True,0.0038846074879666675
-194.38,482.3,1433.0,-194.38487735719977,482.3012745730892,-194.86934709915917,482.4538342186759,-110.74540235790273,41.839310677010324,0.060680732078888966,0.17387022249231304,1496.0,-194.38487735719968,-482.3012745730892,-194.50161607266207,-482.0801241475315,109.06803474895406,38.519245591512636,0.06720930560264456,-0.17596922465153872,-0.003264286761877795,-0.0010495010796128385,482.2669791831037,True,0.004252855680766868
-194.1,172.98,403.0,-194.10383761911035,172.98468204304694,-193.98147383532532,173.08903480625796,-70.24733255917518,42.99426830592672,0.06630768654154826,0.10942641631060715,423.0,-194.10383761911035,-172.98468204304694,-193.8836489270477,-172.91628314765512,70.51181853203288,44.08280479309991,0.07227766391041936,-0.11459753244624223,-0.002984988684435551,-0.002585558067817538,173.00265897695652,True,0.010841010857897232
-193.97,266.98,630.0,-193.96913325651613,266.97560814373264,-193.62256516770228,266.91733360716466,-88.2765187852096,43.42132617518161,0.06583825762039094,0.13812515293329958,608.0,-193.96913325651613,-266.97560814373264,-194.1189378263831,-266.93126803850095,88.0736088974055,43.562628391066234,0.07260117642320346,-0.14255087148493598,-0.0033814594014062588,-0.002212859275818199,266.92430082283283,True,0.007959685934268696
-193.73,104.25,297.0,-193.73101700848235,104.25110574405967,-193.7180801626491,104.28485401034045,-49.31233601851349,42.11431029209982,0.06574983280102306,0.07611056025519042,309.0,-193.73101700848235,-104.25110574405967,-193.720389690725,-104.24636648185849,49.096640658201146,43.2952181679818,0.07018318225895881,-0.080512218856679,-0.002216674728967874,-0.002200829300744292,104.26561024609947,False,
-193.64,460.98,1294.0,-193.63558732532047,460.9829273641033,-193.23178093865462,460.8632677056407,-109.3595388177959,42.241909107391095,0.06158590646400331,0.17168460739206673,1354.0,-193.63558732532047,-460.9829273641033,-194.5393351267859,-461.35509044850596,107.57117477092811,39.507737112209334,0.0685287197944167,-0.17358735994957872,-0.003471406665206695,-0.0009513762787559943,461.10917907707335,True,0.00473022276366922
-191.3,351.29,854.0,-191.30159144852726,351.28862934809143,-190.87448337296686,351.14569764366206,-99.25844724181313,43.17736878339667,0.06441844488301007,0.1556370906019868,898.0,-191.30159144852735,-351.2886293480913,-191.60484435325847,-351.48915086984925,98.23256737357902,42.15225057657772,0.07139206851223162,-0.15868856603185888,-0.003486811814610774,-0.0015257377149360402,351.31742425675566,True,0.006236037056462998
-191.02,87.24,275.0,-191.02271902444883,87.2371527303962,-191.05820138713761,87.33696100985128,-42.49299387989025,42.16119276377642,0.06603200895793629,0.0652898156184266,268.0,-191.02271902444883,-87.2371527303962,-191.13917845490994,-87.26047694585951,42.424239543807296,43.2097255338914,0.06983909077748862,-0.06986115063622333,-0.0019035409097761663,-0.002285667508898366,87.2987189778554,False,
-190.0,329.09,746.0,-190.0,329.08965343808666,-189.64890208814373,328.97515611568906,-96.50673761938783,43.56661320016614,0.06530946863363461,0.15127261837910794,787.0,-190.0,-329.08965343808666,-190.3851587144003,-329.1191435246965,95.89921942525012,42.522686310275496,0.07170767042031197,-0.15495998997562999,-0.003199100893338677,-0.0018436857982610244,329.0471498201928,True,0.006108712304663503
-189.39,147.41,371.0,-189.39372225513446,147.41105104552028,-189.49727940595247,147.55171450733818,-63.42071291678126,43.26503907409592,0.06705138647243433,0.09861643151117944,342.0,-189.39372225513446,-147.41105104552028,-189.39892147761034,-147.4629008936145,63.685550798018916,44.54946180499801,0.07270864473020168,-0.10367826558346516,-0.0028286291288836737,-0.00253091703614286,147.50730770047633,True,0.012048759657488277
-183.61,121.2,296.0,-183.60611581868662,121.1973359194625,-183.46504789389476,121.16105860410225,-55.387332234664974,43.50638616756502,0.06775870794859178,0.08590478563388122,310.0,-183.60611581868662,-121.1973359194625,-183.4957206542324,-121.1379479040818,55.37601788517109,44.86500238266893,0.0728884421719346,-0.09038093686448437,-0.0025648671116714136,-0.0022380756153015727,121.14950325409202,False,
-183.36,211.61,478.0,-183.3610055046798,211.60988081919234,-183.4618596026422,211.8177961550845,-78.68578895904454,44.32927007300636,0.06795809775465621,0.12298547022177386,503.0,-183.3610055046798,-211.60988081919234,-183.60160858454984,-211.71629771815955,79.00107632369908,45.295268557046484,0.07468254264977471,-0.12798268198436058,-0.0033622224475592516,-0.0024986058812933587,211.76704693662202,True,0.00997580453973849
-180.29,187.34,402.0,-180.29245020598285,187.3356143362046,-180.1209715584223,187.2944607844373,-73.57600778150731,44.54623821313879,0.06860374989760033,0.11489391666178646,424.0,-180.29245020598285,-187.3356143362046,-180.29462769797863,-187.4144858541773,74.02705872109101,45.86133361940495,0.07528583954702199,-0.12002578659434636,-0.0033410448247108288,-0.0025659349662799508,187.3544733193073,True,0.011204645067360752
-179.39,14.86,216.0,-179.3852087412006,14.864282185019883,-179.2942693960454,14.830973158799189,-8.552836101044162,43.06688747180264,0.06836144572127291,0.011416449376154884,214.0,-179.3852087412006,-14.864282185019883,-179.42925354224357,-14.904880455926028,7.477184833135905,43.283605107228766,0.06907053674311871,-0.014097774466434804,-0.000354545510922899,-0.0013406625451399604,14.867926807362608,False,
-179.32,1247.18,4104.0,-179.31669622433938,1247.1750167699752,-178.03881663132623,1246.5094691913243,-142.03065525019062,41.282749231628806,0.05043756839383597,0.22386837197923212,3350.0,-179.31669622433938,-1247.1750167699752,-180.8290282718365,-1247.5764501003434,139.34091947516836,21.959013826071786,0.05022789089720524,-0.22398256929794816,0.00010483874831536746,-5.7098659358018056e-05,1247.042959645834,True,-5.282266163671663e-05
-179.09,1216.89,4090.0,-179.08943631405597,1216.8923427323857,-180.04199655211684,1216.752371685803,-140.66604451425712,41.339454802712055,0.050892252479090926,0.2216719936488858,3244.0,-179.0894363140566,-1216.8923427323855,-178.37071052465933,-1215.8272625720956,138.10775347922342,22.198510152963205,0.05022022970164422,-0.2219898177081156,0.00033601138872335276,-0.00015891202961490491,1216.2898171289494,True,-0.0001735788453491385
-179.05,1034.62,3571.0,-179.0483022642549,1034.6215276400776,-178.10246783118546,1034.2904452802345,-135.55604277850247,41.335014507274,0.05311979179207842,0.21356292664997825,2915.0,-179.0483022642549,-1034.6215276400776,-178.3429018967288,-1033.7901858047915,132.51312716910735,26.627304315888477,0.055039471390634115,-0.21308535281653432,-0.0009598397992778458,0.00023878691672196695,1034.0403155425129,True,0.0005832317399447484
-178.85,1186.6,3988.0,-178.8507194114093,1186.5969914701543,-179.63590707602305,1186.6126769442772,-139.76975089968525,41.33567700201434,0.05125535994637768,0.22025047142347454,3230.0,-178.85071941140896,-1186.5969914701543,-179.47826632793985,-1185.760036666605,137.02457920538353,23.081794115368734,0.05125778728938217,-0.2202794565148755,-1.2136715022460776e-06,-1.4492545700475756e-05,1186.186356805441,True,6.428773107112973e-07
-178.76,1004.21,3585.0,-178.75940024341006,1004.2136609430368,-178.04813405206792,1003.6899679740135,-134.30905467377832,41.38132812515381,0.05356826541966536,0.21157894886586065,2901.0,-178.75940024340983,-1004.2136609430368,-179.75517142482775,-1004.7926120497424,131.90025921928506,27.40798761613297,0.05592683495376554,-0.21212723920636326,-0.0011792847670500893,-0.0002741451702513026,1004.2412900118779,True,0.0007378370910463343
-178.6,1156.29,3974.0,-178.59966253608317,1156.2880958230078,-178.58123711175958,1157.3311018291326,-139.45941184043022,41.666916994687206,0.0521411554242668,0.21976946798476538,3130.0,-178.5996625360826,-1156.288095823008,-178.103516688523,-1155.0818072425825,136.23771092647465,23.496444083679723,0.05154200776699418,-0.21901028023183164,0.00029957382863630977,0.0003795938764668688,1156.2064545358576,True,-0.00016279773141889353
-178.55,820.8,2535.0,-178.5548432245005,820.803367415774,-177.8937109337223,820.747580437382,-128.12819718139767,42.03981346150041,0.05685676783909898,0.20174369985701207,2610.0,-178.5548432245001,-820.8033674157741,-178.9945016697186,-820.3410732912265,125.2913720822806,31.23719969579736,0.059762242268848145,-0.20159955274260166,-0.0014527372148745825,7.207355720520447e-05,820.5443268643043,True,0.001112409997224009
-178.45,973.78,3674.0,-178.45248743576673,973.7837078776722,-178.03305616481003,973.6962226730315,-133.30607332095656,41.45327363207936,0.05405010283526835,0.20998283912303106,2813.0,-178.45248743576624,-973.7837078776723,-177.96976864806558,-973.0884563209793,130.68701029614053,27.84295123821451,0.05623082112385423,-0.21017442779379888,-0.0010903591442929413,-9.579433538391136e-05,973.3923394970054,True,0.0007038198552610852
-178.16,790.16,2521.0,-178.15654985013157,790.1646940641537,-177.4168992203225,790.0777939058049,-126.89206362942421,41.86480759590333,0.05695384939690964,0.19978217170594745,2448.0,-178.15654985013137,-790.1646940641537,-178.15978929542766,-789.721856921023,124.18267543219223,32.201976330443316,0.06092273926046806,-0.1998247845202888,-0.0019844449317792112,-2.1306407170670894e-05,789.899825413414,True,0.001578508418043562
-178.13,943.33,3688.0,-178.12584367631356,943.3298382933731,-177.34432161910138,942.9358694645949,-132.50519524875025,41.72166015764062,0.05485397446853537,0.2087166369962722,2799.0,-178.12584367631334,-943.3298382933732,-178.0291712632583,-942.8156564780039,129.50866140449162,28.29056038463956,0.05657246304771738,-0.2082997547880878,-0.000859244289591006,0.00020844110409219685,942.8757629712994,True,0.0005725877477879879
-177.73,759.48,2363.0,-177.72573694444733,759.4824306246677,-178.83370052635235,759.5133076443459,-125.26878251430698,42.002586860810396,0.05754745434162265,0.1971812880438027,2434.0,-177.7257369444475,-759.4824306246677,-178.06165747717435,-759.7726838669097,123.32857476837796,32.94961415216551,0.061745855100263244,-0.19846423927713178,-0.0020992003793202964,-0.0006414756166645413,759.6429957556278,True,0.0017362978469973452
-177.49,604.48,2042.0,-177.49151081010066,604.4805733771334,-176.90733567349716,604.1496601974395,-118.34560295781036,42.77817677270602,0.06068457839993626,0.18618629769860318,1987.0,-177.49151081010078,-604.4805733771334,-178.55891318162585,-604.937079001853,116.47815098615062,36.80506454641762,0.0659857275289364,-0.18756754108209653,-0.002650574564500071,-0.0006906216917466762,604.5433695996462,True,0.0027548149556713827
-177.26,728.75,2349.0,-177.25832889967873,728.7520050303075,-176.37093211616968,728.2312999977115,-124.33536036088356,42.575790224221,0.05884284572745592,0.1957258620046214,2281.0,-177.25832889967901,-728.7520050303074,-177.99506527732999,-728.4254434852934,121.89309650893505,33.440136543807625,0.06214263693100236,-0.19617878911735395,-0.00164989560177322,-0.00022646355636628257,728.3283717415025,True,0.0014233414769569104
-176.85,531.34,1577.0,-176.84776906441394,531.342513428899,-176.30965220614462,531.1381411058952,-113.76326909502109,43.294163977286104,0.06239996763532605,0.17890060666021032,1648.0,-176.84776906441394,-531.342513428899,-177.75601788764166,-531.7139027511539,112.1436304886065,39.22332184557922,0.06893774130416765,-0.18065910441404,-0.0032688868344207984,-0.0008792488769148454,531.4260219285245,True,0.003864888221756668
-176.85,573.34,1874.0,-176.8531046465425,573.3436834716845,-177.18626054806865,573.6423380708889,-116.4433318430228,42.98232235624884,0.061383108533696766,0.1831553232030376,1822.0,-176.8531046465425,-573.3436834716845,-177.50104715206317,-573.7414146907716,114.80554140636961,37.65089539710791,0.06694985668349805,-0.18489254460068133,-0.002783374074900643,-0.0008686106988218673,573.6918763808303,True,0.0030484055660901566
-176.66,113.53,276.0,-176.66324189454807,113.53457166567546,-176.6852044518231,113.61464181229171,-53.02797217201982,44.13528143919422,0.06885204662198283,0.08223278002754958,267.0,-176.66324189454807,-113.53457166567546,-176.59813468824157,-113.4716814632378,52.82269253928723,45.498909757960234,0.07380344853721253,-0.08623271881509165,-0.002475700957614853,-0.001999969393771034,113.54316163776475,False,
-176.57,162.55,373.0,-176.57373856155155,162.54757719017792,-176.3718231728616,162.6329752974835,-67.7443672569144,44.886926906630606,0.0694480013375631,0.10565848822211371,341.0,-176.57373856155155,-162.54757719017792,-176.8682112938952,-162.64544722121272,68.09981515871311,46.158945533148476,0.07545615787479848,-0.11055032224698048,-0.003004078268617691,-0.0024459170124333865,162.63921125934812,True,0.011605553355086912
-176.14,542.1,1713.0,-176.13968679372002,542.1022142882375,-176.36040576303424,542.3906787464263,-114.42248249722842,43.303897470045946,0.06227764944697624,0.17994915579791324,1664.0,-176.13968679372002,-542.1022142882375,-175.78156775191303,-541.6297880565902,112.57611814944833,38.69500239149406,0.06821833435600184,-0.18132324886728504,-0.002970342454512803,-0.0006870465346859034,542.0102334015082,True,0.003443332047507917
-175.77,489.39,1432.0,-175.76877677242138,489.392824949372,-175.86747824357406,489.4944301950664,-110.73958686796011,43.63818899544077,0.06345750985496142,0.1740936822249755,1497.0,-175.76877677242138,-489.392824949372,-176.11051983180803,-489.0927536581282,109.28253306744504,40.194834323265155,0.06996197137848958,-0.17608537407153788,-0.003252230761764084,-0.0009958459232811828,489.2935919265973,True,0.004176300052778759
-175.34,510.74,1560.0,-175.33771337052906,510.7413105183427,-175.1628390926571,510.18734902706996,-112.0696021571029,43.545293113644156,0.06305623585159757,0.1762190969980893,1514.0,-175.33771337052906,-510.7413105183427,-175.19560575979708,-510.4075582376161,110.71517240981558,39.80294257254926,0.06959929811908985,-0.17835428547378065,-0.0032715311337461403,-0.0010675942378456788,510.29745363234304,True,0.004028167533507656
-175.16,468.32,1293.0,-175.15542378191216,468.316749134364,-175.42235500929257,468.252250793477,-109.2611645904975,43.76024567257466,0.06391192148484422,0.17174615150279646,1355.0,-175.15542378191208,-468.316749134364,-175.02248008308348,-467.9839955476218,107.88574421755614,41.08782429343592,0.07112469066941299,-0.17384899037909812,-0.0036063845922843854,-0.001051419438150833,468.11812317054944,True,0.004840569412012389
-174.49,44.19,217.0,-174.49204786907947,44.18738768534386,-174.43373017715723,44.194588658230806,-23.719796084331595,43.36364293996457,0.06847413131533442,0.03561494279827831,213.0,-174.49204786907947,-44.18738768534386,-174.555588498672,-44.19255040299924,22.831876558531537,44.365775914093526,0.07115155037423572,-0.03847583770035361,-0.0013387095294506504,-0.0014304474510376496,44.19356953061502,False,
-174.47,382.05,949.0,-174.4743054607923,382.0454380488977,-174.9097495023287,382.14634031426317,-101.83548638327181,44.49527202653238,0.06613628900986097,0.1599340954436364,916.0,-174.4743054607924,-382.04543804889767,-174.0651662490337,-381.7822432462386,100.95776026129563,43.06103746655836,0.07320944645031686,-0.16281103725954152,-0.0035365787202279453,-0.0014384709079525576,381.96429178025085,True,0.00581755413550653
-173.55,360.39,853.0,-173.5534956470233,360.38754716096764,-173.68419789579252,360.41253398562304,-99.6660857967258,44.69624716966384,0.06672232422102942,0.156496396471961,899.0,-173.5534956470233,-360.38754716096764,-173.83426582809895,-360.4745146215891,98.93335999840319,43.985327851967355,0.07441954511281137,-0.1595862763419918,-0.0038486104458909792,-0.0015449399350153936,360.44352430360607,True,0.006708827035636149
-173.05,349.5,835.0,-173.05073676811426,349.5045672148117,-173.16330343840386,349.3603747473531,-98.5238901937214,44.89627219046469,0.06717602942341076,0.15468491509028948,805.0,-173.05073676811426,-349.5045672148117,-172.50483764970105,-349.17325796796786,97.82346011927528,43.99106158179009,0.07429026444360358,-0.1578035343501541,-0.003557117510096408,-0.0015593096299323095,349.26681635766045,True,0.006399127380157936
-172.52,338.58,745.0,-172.5163899010278,338.5824791915798,-172.94813257907313,338.68324634328627,-97.2332119864429,45.06807444175673,0.06758022370058915,0.15263337211567274,788.0,-172.5163899010278,-338.5824791915798,-172.5620313195287,-338.62418936228283,96.87182285804475,44.3079890636504,0.07466547603997362,-0.15628965705792414,-0.0035426261696922326,-0.0018281424711256988,338.65371785278455,True,0.006572783797966833
-172.0,137.17,295.0,-172.00292614296657,137.16775640892135,-171.995038061692,137.2948286426876,-60.75381866718323,45.04431735127837,0.07000881160485505,0.09458628696083414,311.0,-172.00292614296657,-137.16775640892135,-172.09306645878345,-137.2420962712156,60.972443770024235,46.429323914473336,0.07557536428381374,-0.09914827730011434,-0.0027832763394793486,-0.0022809951696401015,137.2684624569516,True,0.012739882627826141
-171.34,316.61,729.0,-171.34106149334647,316.61055043433606,-171.2668168227759,316.6081048674726,-94.56934023550393,45.32972959611876,0.06826701447138708,0.14841427957487957,702.0,-171.34106149334653,-316.610550434336,-171.62284300799107,-316.69732020575674,94.44120230289748,45.1375881437595,0.07571728621210792,-0.1524097020828275,-0.00372513587036042,-0.001997711253973966,316.6527125366147,True,0.007391605390144832
-169.26,283.29,631.0,-169.25676154394907,283.2881018886158,-169.3732807578661,283.3313318468194,-90.28400989064544,45.71236502345963,0.06928353740443663,0.14161715458803736,607.0,-169.25676154394907,-283.2881018886158,-169.50756235522837,-283.2489874651093,90.11694418885968,45.82453972401839,0.07640096278508558,-0.14550152575751518,-0.0035587126903244767,-0.0019421855847389091,283.2901596559643,True,0.007892985522502786
-167.8,224.15,477.0,-167.79774662317712,224.15154745882091,-167.83817544081816,224.32408093184173,-80.9776671012883,45.71029326729846,0.07000290030324069,0.1268244504108712,504.0,-167.79774662317712,-224.15154745882091,-167.76880470323746,-224.07330394385278,81.18578717737908,46.82015720550563,0.0772608142304565,-0.13126585338065241,-0.0036289569636079044,-0.0022207014848906054,224.19869243784726,True,0.010170179328966994
-165.42,200.59,401.0,-165.42303500490553,200.5871867537052,-165.4212898818461,200.6881902751414,-76.43976461734862,45.91663970963261,0.07062077897776245,0.11963175382686415,425.0,-165.42303500490553,-200.5871867537052,-165.35670717436298,-200.5988712004224,76.8018761149774,47.46331641783802,0.07799694316786533,-0.12425910133108956,-0.003688082095051441,-0.0023136737521127007,200.6435307377819,True,0.01154929000007663
-164.84,72.31,218.0,-164.83919879791034,72.30517643753447,-164.58068676298285,72.29722918095803,-36.73807097654461,44.85638016291988,0.0705057241169574,0.056454840749915844,212.0,-164.83919879791034,-72.30517643753447,-164.70123397597345,-72.29488037080178,36.35592327597875,45.91637122605602,0.07396356793330058,-0.05987934054472813,-0.0017289219081715948,-0.0017122498974061415,72.2960547758799,False,
-162.55,176.57,374.0,-162.54757719017783,176.5737385615516,-162.54410189475786,176.6607477529486,-71.16474362925804,46.29758899735583,0.07152134203657423,0.11127153401840546,339.0,-162.54757719017783,-176.5737385615516,-162.4082598087099,-176.57066001196972,71.56988959595664,47.82035928194543,0.0782709216844874,-0.11589602660926793,-0.0033747898239565866,-0.002312246295431232,176.61570388245917,True,0.012005970800204225
-159.01,152.03,294.0,-159.0148700420261,152.03378277711025,-158.8680387195391,152.11568619915423,-65.12919230412263,46.553473344461345,0.07222919732655549,0.10171067638758277,312.0,-159.0148700420261,-152.03378277711025,-158.947490901045,-152.0319404120403,65.30050071521332,48.195824688441576,0.07856796840529862,-0.10587560036098657,-0.003169385539371565,-0.0020824619867019015,152.07381330559727,True,0.013094849284636115
-158.71,137.52,277.0,-158.70741061439426,137.52075412850985,-158.47513634013657,137.5614902341878,-61.01161695714885,46.58334997851414,0.072454992309621,0.0951621635521222,266.0,-158.70741061439426,-137.52075412850985,-158.7687047282972,-137.49836240354375,61.1262810047344,47.9348313923716,0.0779745923378773,-0.09922993376683585,-0.00275980001412815,-0.002033885107356824,137.52992631886576,True,0.012608408485088625
-157.77,537.32,1576.0,-157.7702318312006,537.3160652241186,-158.0689282721972,537.2602115268987,-113.40162087612941,44.85714044326568,0.06481254510993566,0.17854841929440546,1649.0,-157.7702318312007,-537.3160652241186,-157.4175962982914,-536.839938285994,112.09133628129034,40.69146479481532,0.07133714179766261,-0.1803267915007035,-0.003262298343863476,-0.0008891861031490172,537.0500749064463,True,0.0038167064822344473
-156.89,495.77,1431.0,-156.89471126950002,495.7661238685639,-156.43591070798377,495.62208620657367,-110.97433447402125,45.37018426807392,0.06613902070853975,0.17470527252425955,1498.0,-156.89471126950002,-495.7661238685639,-157.49034663948677,-496.1229301925657,109.61767449927777,42.00278953461674,0.0729255198475382,-0.17639072747071038,-0.0033932495694992265,-0.0008427274732254186,495.87250819956967,True,0.004299576097913125
-156.4,474.91,1292.0,-156.39830351111357,474.91006586389136,-156.42601170852598,474.84668897665165,-109.27019398792106,45.478212631524144,0.06656538891516953,0.17199316993617866,1356.0,-156.39830351111368,-474.9100658638913,-156.07401049285147,-474.51154916956995,108.06946629432623,42.75632776629053,0.07386013919424252,-0.17390933175281176,-0.0036473751395364948,-0.000958080908316547,474.67911907311077,True,0.004827921213652136
-155.37,368.59,852.0,-155.3739185098779,368.5904847481631,-155.35278817497166,368.5479427497842,-100.21483873296388,46.45946059472272,0.069428931413842,0.1575942681728825,900.0,-155.3739185098779,-368.5904847481631,-155.40832714240784,-368.37728926370863,99.48611095149623,45.654917270904775,0.07717356426903657,-0.16024034483562202,-0.0038723164275972846,-0.0013230383313697636,368.46261600674643,True,0.00660324294125511
-154.56,347.15,744.0,-154.55992436880408,347.14727390418835,-154.66364920247568,347.14099984395557,-97.94842293833,46.62153596586293,0.06994905262756324,0.15399559527100765,789.0,-154.55992436880408,-347.14727390418835,-154.96029494754575,-347.0841485375786,97.3590893015435,46.00392475190392,0.0774682504099976,-0.1568495977009517,-0.0037595988912171793,-0.0014270012149720235,347.1125741907671,True,0.00680535891540537
-151.38,235.55,476.0,-151.3794288875673,235.55098919273073,-151.29423793855332,235.5895640192307,-82.80329305429528,47.509453744755916,0.0727283850715209,0.1299326375112188,505.0,-151.3794288875673,-235.55098919273073,-151.22709462166037,-235.52118234752572,82.89971808585756,48.565885652674204,0.08017942920332606,-0.133791073268068,-0.003725522065902577,-0.001929217878424594,235.5553731833782,True,0.009937427955773835
-150.69,98.45,219.0,-150.68996608725513,98.45066846203684,-150.45147628694954,98.46970739530786,-48.106909699132885,46.68849750630986,0.07310109580155053,0.07472194960644808,211.0,-150.68996608725513,-98.45066846203684,-150.76161344762963,-98.53030325655975,47.885811177728755,48.09685989223518,0.07775522794142227,-0.07805900891887611,-0.0023270660699358722,-0.0016685296562140156,98.50000532593381,False,
-149.59,1251.09,4103.0,-149.5860189482044,1251.0891346883432,-151.14241806756206,1251.1182576296858,-141.02072048970263,42.894897522136226,0.05294693838117759,0.22259041034944813,3351.0,-149.5860189482044,-1251.0891346883432,-150.9024654105343,-1251.9169304105137,139.6551341551866,24.470695562143117,0.054278514279504524,-0.22411614768963528,-0.0006657879491634676,-0.0007628686700935777,1251.5175940200998,True,0.000334255713213245
-149.58,212.66,400.0,-149.58285165684137,212.66163379934656,-149.5946680640209,212.70773119678702,-78.70604506462732,47.676395141122306,0.07327431374171807,0.12343247939107455,426.0,-149.58285165684137,-212.66163379934656,-149.28738667827614,-212.59592345172078,79.03992091769526,48.96539634220674,0.08053450519014183,-0.12762425973105657,-0.003630095724211878,-0.0020958901699910104,212.6518273242539,True,0.01072577856725621
-149.43,1039.31,3572.0,-149.4305801869495,1039.3125139749793,-149.17291596667386,1039.9894745356296,-135.25656755876278,43.44296078710599,0.056404896637471336,0.2134405964712798,2914.0,-149.4305801869495,-1039.3125139749793,-149.66721935846542,-1038.5206025211417,132.50433089109785,28.129989016105725,0.057489001655308784,-0.21272016279917283,-0.0005420525089187243,0.00036021683605348687,1039.2550385283857,True,0.0003277170890199091
-149.4,1220.89,4091.0,-149.40375600911372,1220.8925086551924,-149.2345148870309,1220.5767023142637,-140.67924241490147,43.18693331867853,0.05378576938635616,0.22207029715231935,3243.0,-149.40375600911372,-1220.8925086551924,-149.52559901047266,-1220.7966258699769,138.4472099532916,24.899418857901612,0.054579719071447895,-0.22217681416806764,-0.00039697484254586773,-5.325850787414599e-05,1220.6866640921203,True,0.00020433306690208043
-149.21,1190.69,3987.0,-149.21244557698213,1190.6870479202064,-148.1320200998972,1190.6220368210572,-139.75893967657626,43.268209011219156,0.054281977644219576,0.22061909207661307,3231.0,-149.2124455769827,-1190.6870479202064,-148.27015490081519,-1189.394697500843,137.2718150728661,25.299836463776334,0.054832424919376344,-0.22029073972506943,-0.00027522363757838397,0.00016417617577181576,1190.00836716095,True,0.00014531671907035712
-149.2,1009.03,3584.0,-149.20219708840392,1009.0285944332762,-150.59990514083287,1009.3127292521662,-133.69848099421426,43.50354839771585,0.056877022081912955,0.21094334838844714,2902.0,-149.20219708840418,-1009.0285944332762,-149.12311459624536,-1008.2529938722213,131.62692986441343,29.003342838598147,0.0585083008524965,-0.2113170720582037,-0.0008156393852917741,-0.00018686183487827412,1008.7828615621937,True,0.0005080194754385514
-149.14,826.65,2534.0,-149.14468485361462,826.6534116423376,-149.63466122960992,826.7597347649976,-127.3602525936389,44.24163907729485,0.06028745145395329,0.2008675659004716,2611.0,-149.14468485361505,-826.6534116423376,-149.8873410545664,-827.2820370931746,125.65130028821922,33.406420530087736,0.06329967024858103,-0.20181592166753162,-0.0015061093973138713,-0.00047417788353000534,827.020885929086,True,0.001144247333678469
-149.01,1160.47,3975.0,-149.01139969566628,1160.4721464820852,-150.3811342072779,1160.581843517927,-138.41936331388084,43.00737404702691,0.054234747337816296,0.218459545239436,3129.0,-149.01139969566628,-1160.4721464820852,-148.95778931106452,-1159.8465639394917,136.38245538426696,25.92630917090745,0.055467612009784895,-0.21888370125876463,-0.0006164323359842995,-0.00021207800966431545,1160.2142037287094,True,0.0003338313376856912
-148.96,978.73,3675.0,-148.9598582420353,978.7292580854588,-150.41212322644571,979.3505182680946,-132.62282901103902,43.723251686760875,0.05759363711163833,0.20923369484676882,2812.0,-148.9598582420348,-978.7292580854588,-150.87838969237438,-979.4857006670685,130.79845378269138,29.760840733439924,0.0593615839365009,-0.2100200082282923,-0.0008839734124312867,-0.0003931566907617451,979.4181094675815,True,0.0005670886318351767
-148.84,796.21,2522.0,-148.83710943142205,796.2082107439604,-148.4689610396581,796.48639222439,-126.50877650104145,44.248237416047374,0.06066870984104681,0.199526675908459,2447.0,-148.83710943142165,-796.2082107439605,-149.25952163173875,-795.8229134138811,124.25383817574188,34.47817390592365,0.06462013968973487,-0.1995841027502483,-0.001975714924344032,-2.871342089465212e-05,796.1546528191355,True,0.0015592175389363603
-148.7,948.41,3687.0,-148.70225300552136,948.4132221511264,-149.60034918416144,948.8992475161118,-131.73159852357844,43.44996458228689,0.05753162306281987,0.20782519924630652,2800.0,-148.70225300552158,-948.4132221511265,-148.80648231843384,-948.1098494958414,129.54479494172702,30.721861147171076,0.06050683623098012,-0.20799937361998927,-0.0014876065840801235,-8.708718684137529e-05,948.5045485059766,True,0.0009854362687747248
-148.53,612.24,2043.0,-148.52812937093918,612.2412880438312,-148.67782888850397,612.2395553437244,-118.03293572101666,45.28380367718581,0.06457333074747114,0.18603439833957247,1986.0,-148.52812937093904,-612.2412880438313,-148.64119791883144,-611.8842252107747,116.36552228351262,39.123941759193464,0.06976141674845171,-0.18702188548732449,-0.0025940430004902856,-0.0004937435738760071,612.0618902772496,True,0.0026629419550185706
-148.51,765.73,2362.0,-148.50506514844125,765.7324895975468,-148.31368516144843,765.851929924348,-125.07222210975851,44.45412298521901,0.06137156633020023,0.19724223024399645,2435.0,-148.50506514844162,-765.7324895975468,-148.40521054125608,-765.2219642480349,123.12264460759855,34.83510264034601,0.06481344041962485,-0.19777328954586212,-0.001720937044712309,-0.00026552965093283587,765.5369470861915,True,0.0014124682544812577
-148.15,735.22,2350.0,-148.14554788346447,735.2230251034772,-147.4949785750396,735.0364376596763,-124.01566558405791,44.527033558792446,0.061865003609848535,0.19557069498413696,2280.0,-148.14554788346484,-735.2230251034771,-148.7774225848323,-734.9582209106529,121.93162599134484,35.9256948582987,0.06617853259984664,-0.1958822830157496,-0.002156764494999054,-0.00015579401580631536,734.9973292851646,True,0.0018437279220054142
-148.05,581.45,1875.0,-148.05443861417623,581.4463717374467,-147.5134222726231,581.0510701520064,-116.1407636211926,45.565747275284444,0.06540402245260436,0.18303717336713218,1821.0,-148.0544386141761,-581.4463717374467,-149.15814738870472,-581.9570171578574,114.82603592748139,40.017254533623074,0.0708166504811013,-0.18457804791960863,-0.002706314014248472,-0.0007704372762382256,581.5040436549319,True,0.0029241881697095544
-147.53,550.58,1714.0,-147.5268557084368,550.5777209847689,-147.8612942449441,550.7089843925174,-114.18004020111249,45.71109464860996,0.06600694868304978,0.17991232474510666,1663.0,-147.5268557084368,-550.5777209847689,-148.08492588519036,-550.9973438377015,112.96631152641105,41.13201942390139,0.07221169162858765,-0.18160506089278103,-0.0031023714727689347,-0.0008463680738371865,550.8531641151094,True,0.0035386516997552445
-147.41,189.39,376.0,-147.41105104552028,189.39372225513446,-147.25676713162858,189.37145824353925,-73.99441373441634,47.973679830386935,0.07403325572150496,0.11596231743807128,337.0,-147.41105104552028,-189.39372225513446,-147.4416789948365,-189.4055179357516,74.54640992007648,49.40484976880563,0.08094990477394094,-0.1204500105280416,-0.0034583245262179915,-0.002243846544985162,189.38848808964542,True,0.011473397390609251
-147.12,29.26,167.0,-147.11779206048456,29.26354830241924,-147.01775127134385,29.250966012781063,-16.264288473268106,46.520819887491484,0.07368194863061343,0.024084896652567536,164.0,-147.11779206048456,-29.26354830241924,-147.01686309411545,-29.24003183100228,15.471083941276985,47.08629571032015,0.07529826901842075,-0.026423506376320335,-0.0008081601939036592,-0.0011693048618763996,29.245498921891674,False,
-146.94,519.62,1561.0,-146.93587101648086,519.6247201669952,-147.37542551818268,519.9507676237433,-112.16347205128686,45.92359486481491,0.06672184832754603,0.17670880727495786,1513.0,-146.93587101648086,-519.6247201669952,-146.63654605098623,-519.2256843447971,110.81076661155696,42.33017957193788,0.07372951607847114,-0.17815666634168847,-0.0035038338754625545,-0.0007239295333653084,519.5882259842701,True,0.004237054733755825
-146.77,393.52,950.0,-146.7749554316213,393.5188844998999,-146.49610528115872,392.9674833448317,-102.27326588968788,47.17988666973209,0.07027645967235444,0.16097882429788155,915.0,-146.7749554316212,-393.51888449989997,-147.0385820630905,-393.5777532276824,101.62591585165488,45.67563528238048,0.07751516740691193,-0.16354344606582416,-0.0036193538672787476,-0.0012823108839713077,393.27261828625706,True,0.005782520822188685
-145.79,361.73,836.0,-145.78865801789982,361.72595592981696,-145.67816820302252,361.6546579293515,-99.36111143517826,47.52444020321732,0.07120832097586924,0.15635400378626474,804.0,-145.78865801789976,-361.72595592981696,-146.4551027648604,-361.8493206308694,98.95948498317034,46.66926772056169,0.07870800529519181,-0.1592925436793667,-0.0037498421596612874,-0.0014692699465509856,361.7519892801105,True,0.006513012743540918
-144.75,165.68,293.0,-144.74651970673676,165.6757225207944,-144.63571680862984,165.72757318694582,-68.95989635608579,48.15511029863421,0.07461157729884656,0.1079817341018368,313.0,-144.74651970673676,-165.6757225207944,-144.93994261069727,-165.78592495314774,68.98688559882903,49.82025852853508,0.08132177983460694,-0.11157111406075339,-0.0033551012678801895,-0.0017946899794582943,165.7567490700468,True,0.012717867060445273
-144.61,329.68,730.0,-144.61035287506894,329.6783975958207,-144.75620695415964,329.6197736215608,-95.69777830499505,47.909350927790854,0.07221325577955948,0.15053491926205798,701.0,-144.61035287506894,-329.6783975958207,-144.87291689038082,-329.787297211705,95.52115851445937,47.707481713978076,0.07996771145458441,-0.15380090015729467,-0.003877227837512466,-0.001632990447618346,329.7035354166329,True,0.007388862527804433
-143.18,297.32,632.0,-143.18163390879423,297.31972640779827,-142.94180559529693,297.1848820381675,-91.80424114600201,48.21384992420402,0.07309511022130934,0.14436038333661974,606.0,-143.18163390879423,-297.31972640779827,-143.6060172765369,-297.51332073267577,91.80274872663783,48.39143135586722,0.08066099260353488,-0.1478673514903629,-0.0037829411911127694,-0.0017534840768715781,297.3491013854216,True,0.007993607648107573
-138.58,19.92,142.0,-138.57500186333058,19.924077358259932,-138.49999263173365,19.889551461395275,-11.381835966262372,47.496262215473166,0.0753490623026512,0.016418548902534105,145.0,-138.57500186333058,-19.924077358259932,-138.54886685992747,-19.941033416419035,10.676050311339916,47.8450282602175,0.07639194479511942,-0.01868826601120558,-0.000521441246234107,-0.0011348585543357378,19.915292438907155,False,
-138.58,57.4,168.0,-138.581929876693,57.40251485476347,-138.50522737071628,57.374612511742164,-30.635188094088345,47.40321342861523,0.07474189203313132,0.047061146415151446,163.0,-138.581929876693,-57.40251485476347,-138.5659527008062,-57.4151011420455,29.847814620110544,48.736624850038446,0.07826990873105705,-0.0492012858363715,-0.001764008348962863,-0.0010700697106100256,57.39485682689383,False,
-138.49,542.6,1575.0,-138.49164031036062,542.6048889976441,-138.73680556095385,542.9060187540667,-113.55105384073057,46.56220760647261,0.06745709973527067,0.1790230092265589,1650.0,-138.49164031036062,-542.6048889976441,-138.73685317605987,-542.3407356978386,112.15640211205134,42.18429180969583,0.07378041790032741,-0.1802015644323968,-0.0031616590825283702,-0.00058927760291895,542.6233772259527,True,0.0036609719977805312
-137.79,501.41,1430.0,-137.79038114226415,501.4118176356333,-137.74719323874012,501.2707958137309,-110.72866320346304,47.0894157621602,0.06880608302125614,0.17454315476924764,1499.0,-137.79038114226415,-501.4118176356333,-137.76780534875274,-501.16212715363736,109.63765247393134,43.40062193106811,0.07521195411110393,-0.17618098197676796,-0.0032029355449238947,-0.0008189136037601574,501.21646148368416,True,0.004015158938742111
-137.52,158.71,278.0,-137.52075412850985,158.70741061439426,-137.53082829128456,158.8287931095542,-67.06164849733393,48.96334323393379,0.07598240913952282,0.10504759217942,265.0,-137.52075412850985,-158.70741061439426,-137.800417055588,-158.83593098872734,67.41915495052457,50.540301984184225,0.08238264819914694,-0.10898855566382555,-0.0032001195298120566,-0.0019704817422027746,158.83236204914078,True,0.012659223694421117
-137.39,480.75,1291.0,-137.3938853755127,480.7524521637102,-136.82569192033785,480.5164510112283,-109.33505472893478,47.27683643701144,0.06935855018740807,0.17233644359633535,1357.0,-137.3938853755127,-480.7524521637102,-137.70475436949235,-480.9061263771005,108.25554665423641,44.386879480922694,0.0765335570613309,-0.17398052006233022,-0.0035875034369614173,-0.0008220382329974379,480.7112886941644,True,0.004689082493944329
-136.81,375.88,851.0,-136.80805733026747,375.8770483143633,-137.1325773395407,376.1453656048588,-100.65911307954802,48.31533942761897,0.07228960888259756,0.15852449518416434,901.0,-136.80805733026747,-375.8770483143633,-136.48488835466722,-375.60113401109373,99.83031468691371,47.359714925043356,0.07997530423595776,-0.16055640725338788,-0.0038428476766801042,-0.0010159560346117702,375.87324980797626,True,0.006423794210463461
-136.18,354.76,743.0,-136.17982082721412,354.7605620689367,-135.87827539851426,354.5939913800884,-98.59341087471724,48.48379573770226,0.07282165452250715,0.15525218941746158,790.0,-136.17982082721412,-354.7605620689367,-135.73119868339822,-354.48461418712185,97.96159284188413,47.756369475642636,0.08034798611482302,-0.15757301364742812,-0.003763165796157937,-0.0011604121149832725,354.53930278360514,True,0.006669124650852028
-134.33,39.44,141.0,-134.32901630602964,39.442557957800176,-134.3849146100106,39.408760618534565,-21.948063464621203,47.55744214543273,0.07520738196035269,0.03328561951340107,146.0,-134.32901630602964,-39.442557957800176,-134.3180252596044,-39.46790244263764,20.883329793639458,48.7230449897983,0.07802849685663919,-0.034881840860189806,-0.0014105574481432515,-0.0007981106733943692,39.4383315305861,False,
-134.19,245.75,475.0,-134.18971628161592,245.75011707883155,-134.16029979592565,245.6433842085506,-84.17463696288897,49.18346663970279,0.07526953047871687,0.13232503800414006,506.0,-134.18971628161586,-245.75011707883155,-134.2456436936445,-245.84993440737685,84.56318712538456,50.1319596929221,0.08279840939712702,-0.1362305951024542,-0.003764439459205071,-0.0019527785491570693,245.74665930796374,True,0.009624818813997963
-132.86,223.49,399.0,-132.86485665624872,223.48809781667228,-132.96928501500997,223.6033095525361,-80.6020526701928,49.36213620709904,0.07582381612341421,0.12665367983190023,427.0,-132.86485665624878,-223.48809781667225,-133.22267189101603,-223.59816058093114,80.89150438335932,50.645941587606025,0.0833439201187315,-0.13037440221595448,-0.0037600519976586436,-0.0018603611920271212,223.60073506673362,True,0.010565753935857649
-132.43,121.91,220.0,-132.43030392116367,121.91068289263343,-132.24930095923241,121.92855770738481,-56.76571581663196,49.260521197874446,0.0769072987408152,0.08872578910262159,210.0,-132.43030392116367,-121.91068289263343,-132.3657140242042,-121.90731384507778,56.733044841152086,50.66653421771718,0.08213128926627102,-0.09191452453992963,-0.0026119952627279078,-0.0015943677186540176,121.9179357762313,False,
-131.27,200.92,378.0,-131.26755794938245,200.91995478300683,-131.23297446836344,200.86573202973304,-76.3333815648247,49.561735334426714,0.07641995449599671,0.11988114331153171,336.0,-131.26755794938245,-200.91995478300683,-131.20618286196688,-200.84539457208095,76.73856406344633,51.08414962637,0.08376269736540161,-0.1237400965267233,-0.0036713714347024473,-0.0019294766075957925,200.855563300907,True,0.01148482356008363
-129.31,177.98,292.0,-129.3127555043441,177.98373876248843,-129.33015997431758,177.96120407173112,-71.5230596856331,49.83458978074995,0.07713472696728908,0.1122485819796543,314.0,-129.3127555043441,-177.98373876248843,-129.054261288373,-177.87859355479932,71.8849666086755,51.47349181157927,0.08410108090971367,-0.11598900173454096,-0.0034831769712122956,-0.001870209877443331,177.9198988132652,True,0.012300729999176276
-127.35,58.16,140.0,-127.34847934963256,58.15810182026413,-127.27221689809717,58.135658009340226,-31.098762809368775,48.6069582017887,0.0766483908382846,0.04793651886396137,147.0,-127.34847934963256,-58.15810182026413,-127.32937304288681,-58.1688151585318,30.418401122958432,50.0461156482367,0.08036325878083543,-0.0499717883740366,-0.0018574339712754129,-0.0010176347550376157,58.152236583936016,False,
-124.72,83.34,169.0,-124.72044184538179,83.33553495294032,-124.4932600440947,83.35929249115945,-42.33949384240095,49.30817246940965,0.0774554948396641,0.06586073175189718,162.0,-124.72044184538179,-83.33553495294032,-124.59067865393467,-83.27548448189492,42.2400086814854,50.622126256173374,0.08158748883418274,-0.06875292044047415,-0.0020659969972593173,-0.0014460943442884885,83.3173884865272,False,
-119.77,1254.29,4102.0,-119.77061456327014,1254.2946224420866,-118.92636632716284,1254.9667572862243,-141.24867102892497,45.28559491971945,0.05670471899291322,0.22334775401209797,3352.0,-119.77061456326982,-1254.2946224420866,-119.29577294558185,-1253.9433707571038,139.1665138043991,25.896803635300703,0.056573053531716634,-0.2229513979432462,6.583273059829198e-05,0.000198178034425886,1254.455064021664,True,-3.297361997970752e-05
-119.69,1043.16,3573.0,-119.69098038506768,1043.1558221159778,-119.14909641807334,1043.5927127776229,-134.66206074796332,45.30360828226561,0.05932208033853625,0.21286211039836764,2913.0,-119.69098038506793,-1043.1558221159778,-119.27400395862783,-1042.1681865559692,132.4571762658371,30.455520638510794,0.061234872048250545,-0.212272888997712,-0.0009563958548571491,0.0002946107003278242,1042.880449666796,True,0.0005762129671723988
-119.63,1224.17,4092.0,-119.6294702663588,1224.16861168868,-119.17866582772238,1224.776347828228,-140.32599686169212,45.478746711045176,0.05738187074207274,0.2218761825611762,3242.0,-119.6294702663585,-1224.1686116886801,-118.80084774724553,-1223.0937703662903,138.3043742617257,26.300736159993008,0.05683811789245527,-0.22157319890925448,0.0002718764248087341,0.00015149182596085886,1223.935059097259,True,-0.00013957031012631603
-119.59,9.91,114.0,-119.59013916080038,9.909521456679924,-119.48044708582687,9.887601531200245,-5.739219978380608,49.70671052120298,0.07898959365516266,0.0076709784964446685,111.0,-119.59013916080038,-9.909521456679924,-119.63502222914798,-9.931559688020362,5.451415783539651,49.959260151763694,0.07963426360573657,-0.010141364559647578,-0.00032233497528695587,-0.0012351930316014548,9.909580609610304,False,
-119.54,831.45,2533.0,-119.54446414955959,831.4500111799834,-119.61570025873466,831.5132280346655,-126.9316304842667,46.340102214400645,0.0635690433625027,0.20055303402684457,2612.0,-119.54446414955959,-831.4500111799834,-120.86074303335965,-832.0851963780651,125.63657913857257,35.95797242125533,0.06741941537038576,-0.20143700427168817,-0.00192518600394153,-0.00044198512242180077,831.7992122063654,True,0.0014542332135020306
-119.52,1012.97,3583.0,-119.51638349767126,1012.973757841553,-119.06611480454838,1013.6492243567182,-133.56109103772295,45.900172170123426,0.06063825834511473,0.21111087895614516,2903.0,-119.51638349767101,-1012.973757841553,-121.32197899756972,-1013.7337141215543,131.89909511296415,31.595928870000687,0.06270165190759033,-0.2114097567511927,-0.0010316967812378022,-0.00014943889752376538,1013.6914692391363,True,0.0006394788013953982
-119.48,1194.04,3986.0,-119.48141591497988,1194.0369304384817,-120.78796810544912,1194.7125639295089,-138.91823302139096,45.442928002703944,0.057693053843000844,0.21961594774094018,3232.0,-119.48141591498016,-1194.0369304384817,-120.29396386566349,-1194.2292591596781,137.55398489562043,27.22611741604938,0.05795740501823507,-0.22039720329325738,-0.00013217558761711296,-0.0003906277761586002,1194.4709115445935,True,6.952732812972043e-05
-119.33,982.78,3676.0,-119.33131345276975,982.7817853570735,-120.57593939390279,983.1325122410954,-132.32091179879143,45.95186258049821,0.06109426353372043,0.20911858161340052,2811.0,-119.33131345276952,-982.7817853570735,-119.54999911006585,-982.1890093455163,130.4778715374686,31.92160944629715,0.06283366149984296,-0.2091261077887941,-0.000869698983061263,-3.7630876967842397e-06,982.6607607933058,True,0.0005560901676411766
-119.33,1163.9,3976.0,-119.32593257100608,1163.8991888544556,-120.30396519605135,1164.0952001616745,-137.93207521246515,45.46577534683908,0.058104386544000935,0.2180523564118489,3128.0,-119.32593257100636,-1163.8991888544556,-120.48183432433287,-1164.2490143236275,136.83298911796604,27.61665129030648,0.058211791738392846,-0.21925200371804712,-5.3702597195955104e-05,-0.0005998236530991158,1164.172107242651,True,2.8983976472190023e-05
-119.31,801.16,2523.0,-119.31437542425635,801.1642027806282,-118.65500188425221,801.0740753767315,-126.0387170892588,46.65061821989273,0.0644360324111504,0.19914368386808923,2446.0,-119.31437542425675,-801.1642027806282,-120.13146625351474,-800.8267098898323,124.21632138436075,36.87255699045664,0.06849220008501791,-0.19916766241827596,-0.0020280838369337584,-1.1989275093368668e-05,800.9503926332818,True,0.0015909632710280652
-119.23,618.62,2044.0,-119.2282839470584,618.6150792755052,-119.09846156585878,618.1817001290468,-117.5201511322697,47.685934450476076,0.06832366732671324,0.1855805340283077,1985.0,-119.22828394705873,-618.6150792755052,-118.69283087156931,-618.0171350911934,116.33156097422356,41.72804464770366,0.07398108479963983,-0.18660105754609602,-0.0028287087364632924,-0.0005102617588941538,618.0994176101201,True,0.002875476123235501
-119.13,14.46,115.0,-119.12506489176648,14.464401630638731,-119.14704616477526,14.456506540620333,-8.200725910705343,49.654376879959365,0.07885034682252329,0.011592670014274987,110.0,-119.12506489176648,-14.464401630638731,-119.06153438050781,-14.494047016146359,8.036872146017595,49.99075757278172,0.0797402699667647,-0.01424922267189104,-0.00044496157212070564,-0.0013282763288080266,14.475276778383346,False,
-119.13,952.58,3686.0,-119.13480250872908,952.5790774687454,-118.70072699818652,952.8386480012268,-131.40515693562241,45.96030704093922,0.061478711443430784,0.2076840781574002,2801.0,-119.13480250872884,-952.5790774687454,-119.42205400584578,-952.0984543960711,129.50155071321294,32.63939055918845,0.06360752741145266,-0.20757067799633533,-0.0010644079840109386,5.6700080532434693e-05,952.468551198649,True,0.0007021620396353996
-119.07,770.86,2361.0,-119.06644169072212,770.8587305486718,-117.63876130533633,770.1415586237381,-124.68035937523625,46.88328586620844,0.06518516416474064,0.1969942362921526,2436.0,-119.06644169072176,-770.858730548672,-119.93417352994793,-771.4121254873007,123.34121961691265,37.631094524538106,0.06933921044852871,-0.19777247845966464,-0.0020770231418940355,-0.00038912108375602217,770.7768420555194,True,0.001693138736890147
-119.04,547.2,1574.0,-119.036562149667,547.2022449438493,-118.90944766234297,547.0817077757112,-113.44348202624569,48.3128780371483,0.07019223871277373,0.1790946284807189,1651.0,-119.03656214966674,-547.2022449438493,-119.80127737179242,-547.5127592719027,112.27059028682085,43.83889983641206,0.0764771499960409,-0.18015139707379876,-0.003142455641633582,-0.0005283842965399382,547.2972335238069,True,0.0036076614144107217
-118.89,588.1,1876.0,-118.88768591963856,588.1034927091263,-119.26209787259329,588.3245709582887,-115.9164459765969,47.90600090376924,0.06903957341617419,0.1830261539510256,1820.0,-118.88768591963871,-588.1034927091263,-119.54653180259074,-588.4058882362266,114.80843032260752,42.71655145252068,0.07519169410539893,-0.18418737507644337,-0.003076060344612372,-0.0005806105627088887,588.3652295972577,True,0.0032849421055177043
-118.8,740.53,2351.0,-118.79851830541129,740.53150645225,-117.99629540109747,740.4367992034076,-123.53151949126186,46.99264805884675,0.06572301288295623,0.19516142211822493,2279.0,-118.79851830541149,-740.53150645225,-118.52372068782721,-739.7208590067595,121.90025715983187,38.22604011091575,0.06989797367712346,-0.19546184170342895,-0.0020874803970836117,-0.00015020979260201017,740.0788291050835,True,0.001772247177485308
-118.51,557.54,1715.0,-118.50966376612284,557.5441324182692,-118.71410693901868,557.2669150063116,-113.8553465948226,48.256928348161146,0.06997845406046825,0.1797525236329923,1662.0,-118.50966376612284,-557.5441324182692,-119.37064632418674,-557.9499380527095,112.96476875923753,43.576282221657245,0.07618700492610607,-0.18125094249977233,-0.0031042754328189093,-0.000749209433390019,557.6084265295106,True,0.0034979273735731586
-118.48,506.32,1429.0,-118.48382462963156,506.3216204164451,-118.67804170396066,506.60897934427226,-110.60597151970596,48.665441290929806,0.07124902896580462,0.1745814242713035,1500.0,-118.48382462963167,-506.32162041644506,-118.69550244093001,-506.0985011795428,109.53113283476408,45.394510864876935,0.07844578254779894,-0.1757778727293715,-0.003598376790997157,-0.0005982242290340084,506.35374026190755,True,0.004465113296328155
-118.33,402.99,951.0,-118.32767387340044,402.9870489180889,-117.88978104425946,402.6508294913231,-102.79246348833742,49.87895004553508,0.07445356077457203,0.16215549381741282,914.0,-118.32767387340054,-402.9870489180889,-119.07585906390706,-403.36257557636833,102.11436411971142,48.28071005023178,0.08178110712503812,-0.16397837691891484,-0.0036637731752330455,-0.0009114415507510132,403.0067025338457,True,0.0057121049448376525
-118.17,485.83,1290.0,-118.17221926645247,485.834670020205,-118.64760192251372,485.95703476540365,-109.0674759293018,48.8397468313891,0.0717793686545178,0.17213320528510204,1358.0,-118.1722192664527,-485.8346700202049,-118.38107385597067,-485.5901080353411,108.28688808307159,45.82534640679716,0.07888031287489851,-0.17379374490454158,-0.003550472110190356,-0.0008302698097197719,485.77357140037236,True,0.004592319448748389
-118.09,526.93,1562.0,-118.08778925144297,526.9300466188153,-117.86131129777027,526.644625438536,-111.95632859275379,48.61777067361249,0.07092778280777386,0.17674058677757762,1512.0,-118.0877892514431,-526.9300466188151,-117.89664370102348,-526.6766751848457,110.865815062637,44.713114481252774,0.07761332685998773,-0.17789230186828495,-0.003342772026106937,-0.0005758575453536641,526.6606503116909,True,0.003988005571947665
-117.9,382.23,850.0,-117.90206976436166,382.22912231445633,-118.13155572881537,382.0822270394668,-100.73128275366157,49.9927739655343,0.07488662028589242,0.15887206178411573,902.0,-117.90206976436166,-382.22912231445633,-118.62321055007097,-382.5301276678579,100.2353462688087,49.17462938195137,0.08294868950435348,-0.16098228355355504,-0.00403103460923053,-0.0010551108847196566,382.30617735366235,True,0.006624987753211109
-117.78,75.69,139.0,-117.77549459636536,75.68971444378364,-117.63158582650017,75.70663611268706,-39.20420095310923,50.01416263725966,0.0786728349645978,0.06095479287617267,148.0,-117.77549459636536,-75.68971444378364,-117.79347013924662,-75.67334907766484,38.86407744644518,51.388244610320726,0.08271370091868584,-0.06329671377624699,-0.0020204329770440177,-0.001170960450037159,75.68999259517595,False,
-117.67,371.82,837.0,-117.67103345212502,371.82459290142293,-117.67191875285475,371.84202229038664,-99.90751966361292,50.168958696444065,0.07529243850386313,0.1575666312685118,803.0,-117.67103345212502,-371.82459290142293,-117.76097794184113,-371.8947416296308,99.28372857374124,49.387310176245684,0.08315693021719804,-0.1594571772131566,-0.003932245856667453,-0.0009452729723224002,371.8683819600087,True,0.006644025302879279
-117.43,361.4,742.0,-117.42645786248,361.4014761921583,-117.61987627880778,361.34988144346426,-98.71205968926704,50.214488221677065,0.07549339795814787,0.15566463498942304,791.0,-117.42645786248,-361.4014761921583,-117.84128073819454,-361.65661738902304,98.39889193941603,49.61901532292098,0.08340031438170625,-0.15804989943750847,-0.003953458211779191,-0.001192632224042714,361.50324941624365,True,0.0068713934353043
-116.89,340.49,731.0,-116.89180891368603,340.49420701222846,-117.31430357107888,340.6140995661826,-96.4910489851279,50.51357385673657,0.07622335808853126,0.15213352900784713,700.0,-116.89180891368603,-340.49420701222846,-117.2385456285396,-340.43779602698305,96.12353716484786,50.36918632521071,0.08433438228391855,-0.15442117816036946,-0.004055512097693649,-0.0011438245762611654,340.52594779658284,True,0.007482993349023579
-116.33,29.46,116.0,-116.32803191271962,29.45825845689591,-116.33303821917457,29.447718139987515,-16.583559854483802,49.90471832787686,0.07906518064973211,0.02496882768595201,109.0,-116.32803191271962,-29.45825845689591,-116.22342042493399,-29.480399194608264,16.101685901699952,50.49819359760449,0.08073141693186286,-0.027050014110596148,-0.0008331181410653754,-0.001040593212322069,29.46405866729789,False,
-116.32,254.7,474.0,-116.3162036405282,254.69695869926514,-116.28808255865978,254.75234673057068,-85.40437009832802,50.94930469878579,0.07796839181985603,0.13450109963567827,507.0,-116.31620364052826,-254.6969586992651,-116.27550789641869,-254.59827481495063,85.7027816037647,51.81512485771469,0.08558439064493241,-0.1378242362804031,-0.0038079994125381905,-0.0016615683223624167,254.67531077276067,True,0.009394850991251858
-115.95,308.96,633.0,-115.95369194684308,308.95750731111326,-115.88787733132484,308.84680913260195,-92.8472649677459,50.88898586579137,0.07720989800202531,0.14635173603205187,605.0,-115.95369194684316,-308.95750731111326,-116.32375148764375,-309.0893569818458,92.7790811384093,51.18476038534476,0.08524848523266562,-0.14908710761573168,-0.004019293615320156,-0.0013676857918399066,308.9680830572239,True,0.008173648986372177
-115.37,233.0,398.0,-115.36715784540952,233.00304480987447,-115.38215705626163,233.0028412708654,-81.89245010580188,51.14424022723224,0.07854500695254184,0.12892280021519137,428.0,-115.36715784540952,-233.00304480987447,-115.37946301288456,-233.015815193461,82.38246952118,52.40349195894303,0.08625648617259167,-0.1325288216375123,-0.0038557396100249164,-0.0018030107111604715,233.0093282321632,True,0.010397148753581466
-114.23,211.07,379.0,-114.22737432889762,211.07370028955737,-114.2572826737079,211.10944381929372,-78.21077984518308,51.33693465902604,0.0791198175104462,0.12307701631311858,334.0,-114.22737432889771,-211.07370028955734,-114.42696292077422,-211.1717235643923,78.61569811896737,52.964698627242605,0.08688215032858065,-0.1265221535131314,-0.00388116640906723,-0.0017225686000064064,211.140583691843,True,0.011549692309158982
-113.53,176.66,279.0,-113.53457166567546,176.66324189454807,-113.31534579795095,176.5175765257236,-71.41187363832874,51.56203206836708,0.07990171682448313,0.11226775688409174,264.0,-113.53457166567546,-176.66324189454807,-113.55270197556028,-176.68110530370961,71.54558106916383,53.297235083793645,0.08698899287062438,-0.11525900569590805,-0.0035436380230706235,-0.0014956244059081553,176.5993409147166,True,0.012607824154492535
-112.84,188.86,291.0,-112.83784102929936,188.85873459241054,-112.92046956779105,188.9488493345854,-73.94988933396054,51.56075824313518,0.07974744400781907,0.11631197035861604,315.0,-112.83784102929936,-188.85873459241054,-112.74785143793694,-188.86320744404497,74.19291448654413,53.27068459624428,0.08709593033169805,-0.11946251070709295,-0.0036742431619394902,-0.0015752701742384537,188.90602838931517,True,0.012220864970240967
-112.2,42.55,117.0,-112.20194912224979,42.55258644510428,-112.22487742347289,42.55074247242356,-23.727338050249376,50.13694037519851,0.07927430113346735,0.036388816341848276,108.0,-112.20194912224979,-42.55258644510428,-112.16433305257219,-42.572191886231145,23.029105899271944,51.440524374870165,0.08239151777408349,-0.03802563393253841,-0.0015586083203080678,-0.0008184087953450672,42.56146717932735,False,
-110.56,142.05,221.0,-110.5582882841402,142.04529169135085,-110.57136419324719,142.08985601183485,-63.15668804224703,51.8080521424701,0.08071490529255769,0.09916282641478867,209.0,-110.5582882841402,-142.04529169135085,-110.62624646938515,-142.07129556576479,63.03776544100373,53.518823713193264,0.0869177967267151,-0.10168255635335437,-0.0031014457170787033,-0.0012598649692828479,142.08057578879982,True,0.01371542735689006
-109.89,48.2,118.0,-109.8927991986069,48.20345095835632,-109.80352433929049,48.19966752862737,-26.67852149563274,50.47731864701516,0.07974684774636112,0.04111542492041851,107.0,-109.8927991986069,-48.20345095835632,-109.95706716839511,-48.15502926786879,26.060066920984028,51.875725874385715,0.08315253533092822,-0.04282252589637938,-0.0017028437922835468,-0.0008535504879804354,48.177348398248085,False,
-106.07,106.07,170.0,-106.06601717798213,106.06601717798213,-106.04645149253163,106.16103018206861,-51.83016226951511,51.85701324807263,0.08123284866753777,0.08119151724999726,161.0,-106.06601717798213,-106.06601717798213,-106.00093232965695,-106.02987945915639,51.47703738974743,53.503471441697435,0.08645196458246537,-0.08322644010557988,-0.002609557957463801,-0.0010174614277913066,106.0954548206125,False,
-105.8,91.68,138.0,-105.80494040959617,91.6805027523399,-105.69340342535594,91.70394503353195,-46.38690254451549,51.50934107646162,0.08085656675027063,0.0725326241024309,149.0,-105.80494040959617,-91.6805027523399,-105.66863434146272,-91.69168425220043,45.913670759360876,53.09366538148766,0.0856241384928338,-0.0743679974665482,-0.002383785871281588,-0.0009176866820586466,91.69781464286619,False,
-100.46,65.63,119.0,-100.45997739150341,65.63377897469123,-100.30351051103713,65.62811595870568,-34.918362345662366,51.91871435075592,0.08182745452327334,0.05434588534777391,106.0,-100.45997739150341,-65.63377897469123,-100.55056892123316,-65.677147873655,34.8726227386515,53.29162377728051,0.0856205997437259,-0.0567329429640862,-0.0018965726102262853,-0.0011935288081561454,65.65263191618034,False,
-99.43,551.1,1573.0,-99.42978990240975,551.102274428225,-99.91108938444351,551.3862532670449,-113.08965675773622,49.860458252187435,0.07260257147146669,0.17876417045439938,1652.0,-99.42978990241004,-551.102274428225,-99.57293624146871,-550.8147374452076,111.97537049742353,45.42299805521833,0.07903875985181058,-0.17943380424094063,-0.0032180941901719454,-0.0003348168932706258,551.1004953561262,True,0.0036690008996892814
-99.0,510.49,1428.0,-99.0033767656275,510.48832639836456,-99.12833820381609,510.61378262551176,-110.51168218028971,50.3597465430285,0.07389655280844656,0.17467078281521467,1501.0,-99.00337676562772,-510.4883263983645,-99.21380222347175,-510.1645808764758,109.46137602407482,47.02631499695056,0.08109267665331125,-0.17542825946297366,-0.0035980619224323454,-0.00037873832387949613,510.38918175099377,True,0.00442942182430089
-98.76,68.17,120.0,-98.75806390723876,68.16776960773868,-98.66594378459308,68.18906197458291,-36.11917747820034,52.08913885809462,0.08206732971456254,0.05627709722387667,105.0,-98.75806390723876,-68.16776960773868,-98.75661512075213,-68.22651350615233,36.0541864685434,53.557779291904865,0.08607542141330149,-0.058591489542463945,-0.0020040458493694735,-0.0011571961592936365,68.20778774036762,False,
-98.76,490.15,1289.0,-98.76369858897631,490.1486834023181,-99.11874686375506,490.164487895882,-108.89033930547514,50.52416539264201,0.07440867549276454,0.17209045295036055,1359.0,-98.76369858897654,-490.14868340231806,-99.05454218158674,-490.01260164394535,108.25788319207527,47.50881149296061,0.08161379293400027,-0.17351089067767733,-0.0036025587206178628,-0.0007102188636583934,490.0885447699137,True,0.004618664170627526
-98.7,387.63,849.0,-98.7029590761175,387.63091449163113,-98.66737154285475,387.67578665613524,-100.88975284155322,51.828578324586196,0.07773988949594278,0.1593626520979974,903.0,-98.70295907611741,-387.63091449163113,-98.7004064603668,-387.3809765539254,100.40919758280357,50.97381628694504,0.08587159261382159,-0.1610149824722088,-0.004065851558939404,-0.0008261651871056958,387.5283816050303,True,0.0065921620167521885
-98.35,367.05,741.0,-98.35123713895787,367.05181398984604,-98.6384978995115,367.1918615568505,-99.0275847118833,51.97782417195712,0.07822828771437391,0.15639927308567259,792.0,-98.35123713895787,-367.05181398984604,-98.36802126614634,-367.0101949487617,98.47243717055136,51.34889153729745,0.08621906300539385,-0.15792846182780612,-0.003995387645509968,-0.000764594371066768,367.1010282528061,True,0.0068383793611897035
-98.08,19.51,82.0,-98.07852804032306,19.50903220161283,-97.98755090351426,19.464666587917602,-11.159278828570827,52.029839537143936,0.08256967826250212,0.016560492991474458,85.0,-98.07852804032306,-19.50903220161283,-98.07496507246879,-19.454387851953886,11.046713494920944,52.5333245257126,0.08384764011342184,-0.018782512012925235,-0.0006389809254598589,-0.0011110095107253887,19.459527219935744,False,
-97.85,262.35,473.0,-97.84997028774752,262.3459229999333,-97.89720422321405,262.40699788376236,-86.36065717410042,52.83681820510862,0.08087871656168646,0.1362483103749656,508.0,-97.84997028774747,-262.3459229999333,-97.77932655677007,-262.3136277049355,86.70094991253431,53.84267896833711,0.08890583295338414,-0.13918634825310439,-0.0040135581958488376,-0.0014690189390693942,262.36031279434894,True,0.009611945349918338
-97.19,241.15,397.0,-97.19243867859988,241.1506372865446,-97.25634940668617,241.23881748485806,-83.18288455945462,53.00627827656518,0.0814076667730488,0.13119857671008844,429.0,-97.19243867859984,-241.1506372865446,-97.11801287857759,-241.051080998804,83.49275582807513,54.18238476603123,0.08918608968970738,-0.13407224969302983,-0.0038892114583292947,-0.0014368364914706944,241.14494924183103,True,0.010133588270589468
-96.41,219.79,381.0,-96.40690191671264,219.7855983972138,-96.55696417123681,219.93815129442206,-79.57864269572968,53.21414034409173,0.08199935820929713,0.12547081297498763,332.0,-96.40690191671264,-219.7855983972138,-96.03699123038133,-219.6083151472072,80.02327166082983,54.587426622108545,0.08956812485358356,-0.12853715489826992,-0.003784383322143217,-0.001533170961641142,219.77323322081463,True,0.010819325601191426
-95.45,198.21,290.0,-95.45442260586282,198.21315093853218,-95.54005744240514,198.34361239728415,-75.80919551675754,53.48332943023966,0.08269225367819875,0.11948400549153573,316.0,-95.45442260586282,-198.21315093853218,-95.92222894730884,-198.38695435299414,76.13691802786497,55.051769123458314,0.09004725146742751,-0.12235042549480749,-0.003677498894614377,-0.0014332100016358762,198.36528337513914,True,0.011648412781037128
-92.39,38.27,81.0,-92.38795325112868,38.268343236508976,-92.26695559741397,38.25308478901088,-21.70051388706152,52.39673008811989,0.08292350146212114,0.03340744962551757,86.0,-92.38795325112868,-38.268343236508976,-92.336061775618,-38.24485895633893,21.140719713593157,53.76281762263137,0.08603456554198893,-0.03477733767296,-0.0015555320399338948,-0.0006849440237212158,38.2489718726749,False,
-91.68,105.8,137.0,-91.6805027523399,105.80494040959617,-91.73318472591502,105.91880644230945,-52.082031816891835,53.41269073793894,0.08371175279879743,0.08176767427457553,150.0,-91.6805027523399,-105.80494040959617,-91.64515771922318,-105.82744095537073,51.7427572086578,55.16268702776531,0.08909020894537965,-0.08347353154995553,-0.002689228073291111,-0.0008529286376900008,105.87312369884009,False,
-89.89,1256.79,4101.0,-89.8873708310328,1256.7896644089194,-88.33403354771747,1255.7061904423333,-140.66503166931122,47.01051181020083,0.059440953670538615,0.22279352659105087,3353.0,-89.88737083103219,-1256.7896644089196,-90.36668835023481,-1256.7384729888129,139.4378939743148,28.454690044993118,0.060678287732621114,-0.2230290191840184,-0.0006186670310412493,-0.00011774629648377,1256.222331715573,True,0.00030943563900557317
-89.85,1046.15,3574.0,-89.85375890278168,1046.148317405826,-89.7978699808889,1046.7744174016925,-134.1961573908557,47.48790562184484,0.06275953127608709,0.21248006584940418,2912.0,-89.8537589027822,-1046.148317405826,-91.02202949441487,-1046.6148113534464,132.89340440787657,32.868717797652465,0.06513005230683958,-0.21262116648411258,-0.0011852605153762422,-7.055031735420103e-05,1046.6946143775695,True,0.0007114980198709334
-89.79,835.19,2532.0,-89.79190211469479,835.1870534883938,-88.99058846722421,834.9428850262526,-126.63268631080837,48.677356870954405,0.06724689676492097,0.20045231451097997,2613.0,-89.7919021146946,-835.1870534883938,-89.47048512330595,-834.404261924266,125.20550824965842,38.08684085710576,0.07083601625079505,-0.2003664980067155,-0.0017945597429370394,4.290825213223992e-05,834.6735734752593,True,0.00135089354305671
-89.78,1226.72,4093.0,-89.78423703291627,1226.7187089061686,-89.18483710402398,1227.365522992459,-139.71919003358005,46.97175590799946,0.05972635912184769,0.2212777531058909,3241.0,-89.78423703291656,-1226.7187089061686,-90.26265233698079,-1226.7436478492675,138.5373306973224,28.739206122321935,0.060763763323829045,-0.22159445408678272,-0.000518702100990677,-0.00015835049044590765,1227.0545854208633,True,0.0002656036217516742
-89.73,1016.05,3582.0,-89.72754827282027,1016.0457504861425,-88.95422719251236,1015.6537865055817,-132.94968596111372,47.86069024998599,0.0637339699611711,0.21050657702508363,2904.0,-89.72754827282053,-1016.0457504861425,-89.13602585075341,-1015.4072769286548,131.39630271547261,33.57990343642195,0.06587974157803211,-0.21021535730208088,-0.0010728858084305057,0.00014560986150137512,1015.5305317171183,True,0.0006638047933835857
-89.68,1196.64,3985.0,-89.67611230370922,1196.6445566174161,-89.13923180443344,1196.6535088236874,-138.69823781194526,47.34742606101274,0.060700385944425506,0.2196534157054195,3233.0,-89.67611230370893,-1196.6445566174161,-89.30941058355783,-1196.395631313693,137.42493881056595,29.537813934642017,0.061663115797857056,-0.219812353086563,-0.00048136492671577505,-7.946869057175177e-05,1196.52457006869,True,0.0002527741686707282
-89.66,623.59,2045.0,-89.65834811216969,623.5875083849876,-90.16183473388595,624.2346688613317,-117.2686915721754,50.15955604390218,0.07218642782218657,0.1855347097923276,1984.0,-89.65834811216969,-623.5875083849876,-89.51977098222953,-623.1397956105151,116.17929378804983,44.135743091542814,0.07787579297216354,-0.18600143511956707,-0.0028446825749884885,-0.00023336266361972946,623.6872322359234,True,0.002865806262328031
-89.63,805.03,2524.0,-89.62867233211576,805.0259008851716,-90.08852320013061,805.503955027115,-125.37563771569381,48.98107768159867,0.06809082122530849,0.1984382131579,2445.0,-89.62867233211597,-805.0259008851716,-89.47536206349874,-804.475472835059,124.03701017099148,38.63273291182091,0.07133829337178507,-0.19850683528233745,-0.001623736073238291,-3.4311062218725374e-05,804.989713931087,True,0.0012673745343014027
-89.59,985.94,3677.0,-89.59388707134147,985.9375920409201,-89.08827557643735,985.4007245193454,-131.79798678103177,48.05166013935285,0.06440841640932331,0.20867194916351306,2810.0,-89.59388707134123,-985.9375920409201,-89.90322200830371,-985.5779874739727,130.5781553233674,34.19155296058554,0.06648789353142617,-0.20892263111629622,-0.0010397385610514329,-0.00012534097639158026,985.489355996659,True,0.0006629062008995007
-89.56,1166.57,3977.0,-89.56262581869991,1166.5669873849763,-88.82168607678028,1166.4062309863373,-138.01205886696428,47.80623439132781,0.06180103967253258,0.21856521696993825,3127.0,-89.56262581869962,-1166.5669873849763,-90.06559957838526,-1166.7186699878043,136.71442353284903,29.950180844757394,0.06195596517873144,-0.21869079392675841,-7.74627530994304e-05,-6.27884784100835e-05,1166.5624504870707,True,4.172196970036243e-05
-89.45,774.85,2360.0,-89.45307181075243,774.8536300125465,-90.0496519629013,775.1920265469371,-124.02449135771862,49.19892970778721,0.06880877285937544,0.19628827299576415,2437.0,-89.45307181075206,-774.8536300125467,-89.21291687126835,-774.325954599305,122.92813503089349,39.79385248214618,0.0728170322312605,-0.19673879152500495,-0.0020041296859425323,-0.00022525926462040047,774.7589905731211,True,0.0016253206932237728
-89.45,955.82,3685.0,-89.4520967847086,955.8233740502578,-90.06603949137009,956.0370695773777,-130.7771907799104,48.05372829344102,0.06477132386425077,0.20703532722070364,2802.0,-89.45209678470907,-955.8233740502577,-89.86694663239128,-956.3151712000041,129.6473582609077,34.84714813050717,0.06717292473399411,-0.20744077731769278,-0.0012008004348716683,-0.0002027250484945703,956.1761203886908,True,0.0007890650569869389
-89.43,593.3,1877.0,-89.42535970570465,593.2984957350772,-89.62663486745407,593.1407379049156,-115.39544084579909,50.46120610260266,0.0730473253303215,0.1825598932430396,1819.0,-89.42535970570448,-593.2984957350772,-90.09463434836023,-593.5969865167517,114.6813176449225,45.03138543810112,0.0789394420576332,-0.18362437237749207,-0.00294605836365585,-0.000532239567226242,593.3688622108336,True,0.00311958240539404
-89.28,410.4,952.0,-89.27742161225025,410.401683707887,-89.15298737253538,410.33492791454637,-102.74513145255521,52.462385527878865,0.07847111910138542,0.16243210127529428,913.0,-89.27742161225005,-410.40168370788706,-89.26811058947926,-410.1621612085831,102.09805150814907,50.98723987766564,0.0861719574724269,-0.16358735990435638,-0.0038504191855207384,-0.0005776293145310502,410.2485445615647,True,0.0058971317689381205
-89.26,744.67,2352.0,-89.2636438514286,744.66905527648,-88.29773111233472,744.279250411047,-122.973008960771,49.51406069173021,0.06968890732823596,0.19463624251240977,2278.0,-89.26364385142877,-744.66905527648,-89.26875376776793,-744.2367987238234,121.64068261013652,40.24313017502624,0.07316357881197239,-0.19469043119037063,-0.0017373357418682123,-2.7094338980432342e-05,744.2580245674352,True,0.0014666959638478482
-89.17,562.98,1716.0,-89.16764507293159,562.9823541392285,-89.51718999295291,563.2471592055568,-113.46304338292866,50.69259796309751,0.07378170276155717,0.17948572752910782,1661.0,-89.16764507293159,-562.9823541392285,-89.00730940516587,-562.9688892528872,112.72971949636842,46.11756989841951,0.08029305684104746,-0.18050499101569717,-0.003255677039745143,-0.0005096317432946723,563.108024229222,True,0.0036326994574528864
-88.88,532.64,1563.0,-88.8810787515963,532.6351038374701,-88.63712393534927,532.2050587223522,-111.6652482613157,51.092024710567586,0.0747975819366612,0.1766352258715279,1511.0,-88.88107875159616,-532.6351038374701,-88.7061860588509,-532.3127442088112,110.7403820999543,47.28354910809701,0.0817733254119912,-0.17733517436507537,-0.003487871737665002,-0.00034997424677372935,532.2589014655816,True,0.004117346726392099
-88.86,379.74,838.0,-88.86286847222367,379.74121531233385,-88.75395851893752,379.6040018923295,-99.94154061969847,52.87273584977893,0.07950057273997525,0.15797493477627625,802.0,-88.86286847222375,-379.74121531233385,-88.70908613949071,-379.6028117097867,99.34415936108006,52.08793412356936,0.08754950724884597,-0.15919755806760333,-0.0040244672544353585,-0.0006113116456635398,379.6034068010581,True,0.006661287298600486
-88.37,348.98,732.0,-88.37477537068771,348.98409573815894,-88.29245659302053,348.8588783752163,-96.90191863246207,53.311293162140885,0.08057509307451749,0.153142878133848,699.0,-88.37477537068771,-348.98409573815894,-88.46611569780646,-348.84485691669414,96.68340535162969,52.95155729919384,0.08854731438462349,-0.15495986088563954,-0.003986110655052999,-0.0009084913758957702,348.8518676459552,True,0.007179400262245204
-88.29,81.27,121.0,-88.28686928077578,81.27378859508896,-88.12969201213758,81.26957321575776,-42.219421503238586,53.53236623532367,0.08420410075916965,0.0661149743200115,104.0,-88.28686928077578,-81.27378859508896,-88.21329569398546,-81.30420165245168,42.077980650634174,55.05746831939833,0.08862241272350621,-0.06804953199795435,-0.0022091559821682816,-0.000967278838971429,81.28688743410473,False,
-87.79,318.11,634.0,-87.7921590370028,318.1077440296316,-87.96909518902937,318.11004438504773,-93.53056807802182,53.65221257287029,0.08149426330434316,0.1477811672758425,604.0,-87.79215903700288,-318.1077440296316,-87.90168073999082,-318.03951535597724,93.41408545601352,54.02047384251954,0.08987127571847982,-0.14974966404666384,-0.004188506207068329,-0.0009842483854106687,318.0747798705125,True,0.008273891023361199
-87.24,191.02,280.0,-87.23715273039615,191.02271902444886,-87.30603861310179,191.03673185997033,-74.42106265991812,54.39444856654263,0.08423183198879267,0.11737556523841419,263.0,-87.2371527303962,-191.02271902444883,-87.40286381957816,-191.03298295766922,74.67127816974364,56.02591615337713,0.09150759073035412,-0.11991345077908558,-0.003637879370780729,-0.0012689427703356931,191.0348574088198,True,0.011965078269912588
-85.67,158.31,222.0,-85.67053074667324,158.30527521716803,-85.46135960578574,158.25409562860662,-67.55357186947872,54.57481626861735,0.08492038415894863,0.10646820591280735,208.0,-85.67053074667326,-158.305275217168,-85.64975855209421,-158.36367232567326,67.49084769194606,56.34565035611701,0.09161636335774835,-0.10846397050574298,-0.0033479895993998587,-0.0009978822964678141,158.30888397713994,True,0.013287971294508589
-83.34,124.72,171.0,-83.33553495294032,124.72044184538179,-83.41619625465094,124.78546847769739,-58.50087823500443,54.66672300067995,0.08547654763480467,0.09208544357065412,160.0,-83.33553495294032,-124.72044184538179,-83.51335064823674,-124.81958476701168,58.38806139644796,56.44494656084388,0.09136358464556307,-0.09395027162772636,-0.002943518505379203,-0.0009324140285361174,124.80252662235453,False,
-83.15,55.56,80.0,-83.14696123025452,55.557023301960214,-83.06506499353897,55.55767591374001,-30.38010433358255,53.85196344189989,0.08502764842013703,0.047334142165874546,87.0,-83.14696123025452,-55.557023301960214,-83.22108550734612,-55.584907443667795,30.649395012228126,55.258876998846866,0.08862798109423044,-0.04979923356621897,-0.001800166337046702,-0.0012325457001722134,55.5712916787039,False,
-79.7,554.3,1572.0,-79.69630943303973,554.3000074533223,-79.9021407717753,554.2972668494477,-112.71696794936975,51.69336523674425,0.07548408243529488,0.17841606684436884,1653.0,-79.69630943303973,-554.3000074533223,-79.46201535837683,-553.8713941668096,111.92121085384379,47.112428759908816,0.08176500712038291,-0.17910130858855805,-0.0031404623425440176,-0.0003426208720946067,554.0843305081287,True,0.0035612100472734586
-79.57,89.82,122.0,-79.57471898889544,89.82128978053213,-79.38733726044107,89.75456880031271,-46.03520565725145,54.778725116407706,0.08608382701634579,0.07229505080031222,103.0,-79.57471898889544,-89.82128978053213,-79.60317273664015,-89.83988314840023,45.750389890073954,56.3099998653799,0.09072041485243693,-0.07378890489081233,-0.002318293918045569,-0.0007469270452500551,89.79722597435648,False,
-79.42,9.64,54.0,-79.41670992784432,9.64293442042582,-79.39592039936021,9.574723221846833,-5.463352388328606,54.380222913006754,0.08643155145489718,0.007722835701361302,56.0,-79.41670992784432,-9.64293442042582,-79.39950693524298,-9.62448603925968,5.649878151946403,54.691134564646596,0.08716151491209456,-0.009964463964892178,-0.00036498172859868866,-0.001120814131765438,9.599604630553255,False,
-79.38,513.91,1427.0,-79.37762779381474,513.9058203657812,-79.4294933036188,513.864661335995,-110.18692428849313,52.14712970523465,0.07670144803971593,0.1743951657964206,1502.0,-79.3776277938145,-513.9058203657813,-79.81178744839691,-514.1056897280024,109.44545627738164,48.869119618020534,0.08407385795245599,-0.1751653064505922,-0.0036862049563700303,-0.00038507032708580413,513.9851755319987,True,0.004506182264331634
-79.26,392.07,848.0,-79.25845727975904,392.0689951394176,-79.19332522944242,391.8821214172415,-100.86562293870493,53.71455032699375,0.08068999229539832,0.15956274628173853,904.0,-79.25845727975914,-392.0689951394176,-78.90655815006545,-391.7395104418695,100.2719298020301,52.74699728901249,0.088747076674861,-0.16055409929056788,-0.004028542189731338,-0.0004956765044146771,391.8108159295555,True,0.0064602803360139845
-79.2,493.69,1288.0,-79.19901220360754,493.6876709681667,-78.94490886500215,493.4184310122464,-108.74356171203009,52.339771372609164,0.07725845120388469,0.17210391760171453,1360.0,-79.19901220360765,-493.6876709681667,-79.4182814408319,-493.75246969597885,108.09126621899385,49.341955721753415,0.08457713465070191,-0.1730052267764098,-0.0036593417234086073,-0.0004506545873476375,493.5854503541126,True,0.0046582252645362265
-79.01,371.7,740.0,-79.00644251074856,371.69608827884616,-78.85470903084693,371.63790621958714,-98.95846673138978,53.9438113584772,0.08130280291390646,0.1565315599287104,793.0,-79.00644251074856,-371.69608827884616,-79.18302040792497,-371.6300476253218,98.45407408260037,53.509881084842796,0.08971496390040894,-0.15766427788058857,-0.004206080493251239,-0.0005663589759390825,371.6339769224545,True,0.007111185950988883
-78.89,268.66,472.0,-78.8851159156003,268.6580326120593,-79.03356055276875,268.6807950782137,-87.03867702846624,54.84330179911128,0.08399529935983151,0.13755843502061196,509.0,-78.88511591560035,-268.6580326120593,-79.3268894220554,-268.83084039950035,87.35555913476246,55.844641322179505,0.09217187112542752,-0.14000220469122465,-0.004088285882798005,-0.0012218848353063444,268.755817738857,True,0.009557916924911366
-78.45,247.88,396.0,-78.44735563475001,247.88306193428195,-78.25438934866567,247.7655343641484,-84.0135034398799,54.98884586261689,0.0844830885618309,0.13275326420586475,430.0,-78.44735563475001,-247.88306193428195,-78.30814421675923,-247.8165556749898,84.3279540770646,56.2439001534504,0.09254994991620318,-0.13517114503970665,-0.004033430677186138,-0.0012089404169209478,247.79104501956908,True,0.010227485164535276
-77.93,227.0,383.0,-77.92787260912402,226.99613800815231,-77.72587783822226,226.7879088255604,-80.66290212572568,55.19826389696755,0.08507330012609329,0.12742708925721669,331.0,-77.92787260912402,-226.99613800815231,-78.42860127206608,-227.02855456399018,81.0333909545323,56.40143285131165,0.0925460809061883,-0.12992916021120224,-0.0037363903900475004,-0.0012510354769927762,226.90823169477528,True,0.010346223680510934
-77.3,205.97,289.0,-77.30246129789539,205.97167154074222,-77.34860679013887,205.9185111768096,-77.03124147892039,55.40981859279477,0.08566558682868207,0.12165174224979383,317.0,-77.30246129789543,-205.97167154074216,-76.9518029089253,-205.85077197541045,77.37336686509973,56.91959051229791,0.09311139070782866,-0.12408596464502696,-0.003722901939573295,-0.0012171111976165619,205.88464157611003,True,0.011361548189183423
-75.69,117.78,136.0,-75.68971444378364,117.77549459636536,-75.48853139466583,117.6808226364938,-56.468669655174985,55.631076393766,0.08709837413365025,0.08894817305838795,151.0,-75.68971444378364,-117.77549459636536,-75.57598654029262,-117.74147439371609,56.11461851678012,57.2417551533178,0.09254505948174713,-0.09023476622346764,-0.0027233426740484387,-0.0006432965825398443,117.71114851510495,False,
-74.8,28.37,53.0,-74.80129941483318,28.368390963402856,-74.754701032861,28.29821741921516,-16.325105934101142,54.59929868169761,0.08655091524440123,0.025066694263587017,57.0,-74.80129941483318,-28.368390963402856,-74.75068901268439,-28.318438792505617,16.1944627118873,55.84429181322623,0.08922576600705083,-0.02668975757356347,-0.0013374253813248013,-0.0008115316549882259,28.30832810586039,False,
-73.71,94.7,123.0,-73.70552552276014,94.69686112756723,-73.84831112760709,94.81261538220967,-48.02370623448892,55.55489681658215,0.08725719688478548,0.07552768406517667,102.0,-73.70552552276014,-94.69686112756723,-73.62994517168329,-94.73439958704365,47.83652170924046,57.21939673026185,0.09222770792525961,-0.07703593284448884,-0.0024852555202370674,-0.000754124389656087,94.77350748462666,False,
-70.71,70.71,79.0,-70.71067811865476,70.71067811865476,-70.63296706319369,70.70023102278539,-37.8596251386329,55.57336129723862,0.08758188773556959,0.05939042481278047,88.0,-70.71067811865476,-70.71067811865476,-70.66151679768278,-70.72980466678816,37.88522705932001,57.24345401080268,0.091972012653648,-0.06116160124573547,-0.002195062459039207,-0.0008855882164774988,70.71501784478677,False,
-65.84,45.45,52.0,-65.83870927149252,45.44517973849245,-65.73261413095555,45.4980630971959,-25.533373003814784,55.88510164697275,0.08838668817865651,0.03983259973166624,58.0,-65.83870927149252,-45.44517973849245,-65.95956481527723,-45.43568556535303,25.69580137261616,57.35472492566253,0.09183932942444191,-0.04170394305246419,-0.0017263206228926992,-0.0009356716603989776,45.46687433127447,False,
-59.95,1258.57,4100.0,-59.95321393791543,1258.5728473705901,-58.59821376402169,1258.0124051716646,-140.20238439650845,49.37603550054629,0.06317755740450859,0.22242137436549092,3354.0,-59.95321393791574,-1258.5728473705901,-59.8468464027176,-1257.6508769577586,139.0435919317351,29.682949140033127,0.06264429698300807,-0.22202769231618444,0.00026663021075026133,0.00019684102465324094,1257.8316410647117,True,-0.00013318849422631516
-59.94,1048.29,3575.0,-59.94325140590626,1048.2875591224424,-59.585353967522565,1048.7544306401126,-133.83205825433967,49.902645002907036,0.06657845919541922,0.21227059593986203,2911.0,-59.943251405906004,-1048.2875591224424,-59.63760383437819,-1047.5129139704666,132.3349063264637,34.43517764688975,0.06763414962683652,-0.21134792497084268,-0.0005278452157086513,0.00046133548450967565,1048.1336723052896,True,0.00031642426833889824
-59.92,837.86,2531.0,-59.924913887355196,837.859776272613,-60.87074627756109,838.4989778083556,-125.76904047381645,50.646167636745645,0.07033680504697423,0.19942216241503136,2614.0,-59.92491388735479,-837.8597762726131,-59.91464139976315,-837.1434884502696,125.16729901362574,40.16230311923299,0.07417276426592868,-0.1999437165025924,-0.0019179796094772258,-0.0002607770437805246,837.8212331293125,True,0.0014383762102478663
-59.89,627.15,2046.0,-59.88530728163507,627.1473112210433,-60.25646760707309,627.3740574629196,-116.37427907290596,52.672225818760786,0.0761470179654151,0.18447745830800558,1983.0,-59.88530728163491,-627.1473112210433,-59.863815482520074,-626.7026551768432,115.83627805542066,46.73125721498686,0.08205031624272476,-0.18509231294303866,-0.0029516491386548244,-0.00030742731751653984,627.0383563198814,True,0.0029576752862123514
-59.89,1228.54,4094.0,-59.8857563320509,1228.5412879462124,-59.33242765655796,1228.976415759814,-139.1347254917823,49.262702538720596,0.06335278536821784,0.22071315054563512,3240.0,-59.8857563320506,-1228.5412879462124,-59.952671402194454,-1228.3606077123557,138.56884272849,30.3987190440152,0.06342476303352922,-0.22127340152782815,-3.598883265568814e-05,-0.00028012549109651674,1228.6685117360848,True,1.840402862162188e-05
-59.86,556.79,1571.0,-59.86126807646318,556.7913689922625,-59.480506320769074,556.8792901772492,-112.43510823193616,53.40534689051888,0.07817716389245591,0.1782175763745898,1654.0,-59.86126807646306,-556.7913689922625,-60.20900167490691,-556.8940726405132,111.878117377035,48.820428324012504,0.08452039151590691,-0.17879693205380176,-0.003171613811725503,-0.00028967783960598403,556.8866814088813,True,0.0035784366850838667
-59.86,1018.24,3581.0,-59.86136901882444,1018.2419243476435,-59.356242752653976,1017.8811372127935,-132.56808190716586,50.32746850822324,0.06763269119058658,0.21026172102265545,2905.0,-59.86136901882444,-1018.2419243476435,-60.1882100828264,-1017.8665712168612,131.43310890806882,35.293415472935386,0.06863699959504713,-0.20991941306257944,-0.0005021542022302719,0.00017115398003800242,1017.8738542148274,True,0.00030997238924321816
-59.82,807.79,2525.0,-59.8205472546479,807.7880304424883,-60.260535499583376,808.2831411774854,-124.77876750467682,51.333706856247794,0.0718011102319978,0.1978535672693862,2444.0,-59.8205472546481,-807.7880304424883,-59.923659164304674,-807.3208896734269,123.80672663366113,41.07879075980423,0.07526616309056373,-0.19777840874585337,-0.0017325264292829684,3.757926176641002e-05,807.8020154254561,True,0.001347580768170985
-59.82,1198.51,3984.0,-59.81506279283668,1198.5083054627069,-61.047392820975794,1198.6125700299651,-138.02825699123358,49.45721232671076,0.06403422250551205,0.21893114810141387,3234.0,-59.81506279283608,-1198.5083054627069,-59.15474376084495,-1197.4859321359552,137.1908657220176,30.967388061808403,0.06395170657099655,-0.21907051080918105,4.1257967257748995e-05,-6.968135388359109e-05,1198.0492510829602,True,-2.1637796062528833e-05
-59.77,415.73,953.0,-59.772232074779794,415.7250055899917,-59.55390560023498,415.33634968320104,-102.38782968339886,55.21723093294863,0.08279433946137715,0.1622259369993967,912.0,-59.772232074779794,-415.7250055899917,-59.68822742115777,-415.4899857125279,101.84365328729531,53.73109211231278,0.09060418365716609,-0.16282020853404233,-0.0039049220978944685,-0.0002971357673228203,415.4131676978645,True,0.0059062521506338716
-59.77,988.19,3678.0,-59.77471244806329,988.1937986810843,-59.45070389439592,988.2267983547031,-131.39841475291246,50.20861896737739,0.06780671215498854,0.2083989810658986,2809.0,-59.77471244806304,-988.1937986810843,-59.83457878090039,-987.7541261437356,130.4184383554381,36.067826585961996,0.06950072686339427,-0.2083001838090088,-0.0008470073542028653,4.9398628444899395e-05,987.9904622492193,True,0.0005386594675099259
-59.74,597.02,1878.0,-59.74070795748994,597.0184652192409,-59.88920090769554,597.3943975297356,-114.88248316460795,52.87910813086042,0.07684344147338562,0.18210768928441032,1818.0,-59.74070795749008,-597.0184652192409,-60.154589302282034,-597.1561524999629,114.35245196265436,47.632234983690836,0.08312241168106183,-0.18273429146859596,-0.003139485103838102,-0.0003133010920928214,597.2752750148493,True,0.00330265917604815
-59.74,1168.47,3978.0,-59.740894872302114,1168.4738017943992,-59.901206304319054,1168.2832141805275,-136.9924550864773,49.32592988386373,0.06419672280658979,0.21729665548452876,3126.0,-59.74089487230241,-1168.4738017943992,-59.855353518769505,-1168.3177465385759,136.7880649128274,31.714329991127784,0.06478327959582922,-0.21843801375923905,-0.0002932783946197129,-0.0005706791373551456,1168.3004803595518,True,0.00015772676044956236
-59.71,777.71,2359.0,-59.70841721246661,777.7113249233175,-59.86989023683748,777.9576328386203,-123.64734529918992,51.538659136173976,0.07249869759440283,0.19605763712404947,2438.0,-59.70841721246641,-777.7113249233175,-59.83681311960569,-777.1558305476866,122.69892537154458,41.93056589665381,0.07625237466412492,-0.1960142246764071,-0.001876838534861043,2.170622382118015e-05,777.5567316931534,True,0.001516612721043362
-59.68,958.14,3684.0,-59.68285193422125,958.1429732482505,-59.52138456020663,958.7478382465919,-130.35948916286975,50.24541514372578,0.06822630311322282,0.2067446140101023,2803.0,-59.68285193422125,-958.1429732482505,-59.594299448998974,-957.4261166603825,129.35712799972296,36.65606638816485,0.07006551327646243,-0.20660811322188274,-0.0009196050816198051,6.82503941097784e-05,958.0869774534872,True,0.0006030818989523061
-59.64,516.57,1426.0,-59.6353812071683,516.569086675031,-59.9140867009318,516.7819312132232,-109.85932869580738,53.89103713680283,0.07944123519496003,0.17411278587253812,1503.0,-59.63538120716803,-516.569086675031,-59.5679937485429,-516.4067079921975,109.18421867692534,50.40041141254692,0.08653916504486243,-0.17450160870400472,-0.0035489649249512006,-0.00019441141573330045,516.5943196027104,True,0.004316502026057527
-59.62,395.53,847.0,-59.616906470469765,395.53233049005144,-59.73381421122824,395.5952493560988,-100.6002670872578,55.461570681269926,0.08342498696891695,0.15937873943089828,905.0,-59.616906470469665,-395.53233049005144,-59.72632614423824,-395.45101024580305,100.27692400456404,54.590666297503624,0.09172682167353717,-0.16032714802973533,-0.004150917352310109,-0.0004742042994185236,395.5231298009509,True,0.006594047466320632
-59.59,747.63,2353.0,-59.58762522878572,747.6291292610218,-59.84186834559091,747.9497230186856,-122.25381498727204,51.84692411365515,0.07335682260136303,0.19384010793249012,2277.0,-59.58762522878592,-747.6291292610218,-59.4978437820805,-747.0628512180034,121.57282229421106,42.58489588098974,0.07692522527687215,-0.1942178246162401,-0.0017842013377545596,-0.00018885834187498673,747.5062871183445,True,0.0014997154971961837
-59.58,566.88,1717.0,-59.581224062562484,566.8774803599158,-59.443574945392946,566.7729431716375,-112.8982229477769,53.31782672194018,0.07791670391814397,0.17895509863458864,1660.0,-59.581224062562484,-566.8774803599158,-59.71934858946514,-566.4694199430228,112.38003879649808,48.48945115837944,0.08411089401493993,-0.1795897680352607,-0.003097095048397981,-0.00031733470033602773,566.6211815573301,True,0.0034343266253388273
-59.53,385.43,839.0,-59.53322084536106,385.4293652743359,-59.708453363537124,385.49953692182766,-99.56495491889122,55.71586607948856,0.08395335258153228,0.15773129953212464,801.0,-59.53322084536088,-385.429365274336,-59.93363112003473,-385.3415805026138,99.31802094028849,54.81288164900186,0.09195667847795032,-0.15880354526189572,-0.004001662948209021,-0.0005361228648855382,385.4205587122207,True,0.006523572568230685
-59.52,273.6,471.0,-59.5182810748335,273.60112247192467,-59.30148788271874,273.3540131697152,-87.58358994751597,56.863700950046415,0.08715363170354494,0.1386673490255031,510.0,-59.51828107483337,-273.60112247192467,-59.4855887341927,-273.44263502119856,87.69574337298361,57.94851554000243,0.09557677146314687,-0.14030062885072508,-0.0042115698798009665,-0.0008166399126109947,273.39832409545687,True,0.009678945208049744
-59.51,496.45,1287.0,-59.509095900952396,496.44603685098673,-59.68506511165404,496.29368235212036,-108.23165162449921,54.10781356689579,0.08003716462688575,0.1715250621771685,1361.0,-59.50909590095252,-496.44603685098673,-59.721339794168586,-496.2862873324875,107.8025389953453,51.04877992804632,0.08732466134076027,-0.17230447521793435,-0.0036437483569372597,-0.00038970652038292086,496.28998484230397,True,0.00461309855902948
-59.45,375.32,739.0,-59.44509671528774,375.32156942615234,-59.390801314958345,375.1206184910963,-98.72930723808231,55.84512801338104,0.084286189671309,0.15640521521730585,794.0,-59.44509671528774,-375.32156942615234,-59.626762123591085,-375.1296154121621,98.4190253599751,55.35483836301521,0.09269416371829942,-0.1573689911413749,-0.004203987023495205,-0.0004818879620345218,375.1251169516292,True,0.007041498503819126
-59.4,536.72,1564.0,-59.40443933680277,536.7225657516927,-58.92579819903808,536.4184166569013,-111.20826035885415,53.73887391450075,0.0789585724005894,0.1762717808356801,1510.0,-59.4044393368029,-536.7225657516927,-59.42908574410987,-536.8667720072855,110.48343608504656,49.584834872031614,0.08549170851486453,-0.1765676762279782,-0.003266568057137563,-0.00014794769614905057,536.6425943320934,True,0.0038246036819074504
-59.25,355.09,733.0,-59.2540525010642,355.09006922498,-59.24103522620209,355.0904150463194,-96.93989470370393,56.09353403508549,0.08492684949197678,0.15355911089776264,698.0,-59.25405250106411,-355.09006922498,-58.92388957333103,-354.8678537406161,96.57182949033141,55.85844914004624,0.09324753991837931,-0.1544204795451929,-0.004160345213201265,-0.00043068432371512477,354.97913439346775,True,0.007363875051711248
-59.24,253.16,395.0,-59.24191231481578,253.16081020822256,-59.375145757686546,253.14198106421995,-84.63747088014192,56.98707979345513,0.08759753144042172,0.13397755281440799,431.0,-59.241912314815835,-253.16081020822253,-59.85560183283286,-253.3346006134659,84.91715864879426,58.2796507924067,0.09585752703378903,-0.13588290545456236,-0.004129997796683653,-0.0009526763200771865,253.23829083884294,True,0.010247084431366934
-59.16,201.49,281.0,-59.16383693670022,201.49352445904444,-59.16309750800624,201.46912844938547,-76.16741109174747,57.42349030643074,0.08892493636813209,0.12049963092750043,262.0,-59.16383693670027,-201.49352445904444,-59.190324949721145,-201.49511982088595,76.35397805131493,58.99321140879996,0.09635831731182651,-0.12224603261984877,-0.003716690471847209,-0.00087320084617417,201.4821241351357,True,0.01159043516355919
-58.92,232.66,384.0,-58.91651691379182,232.65606382543925,-58.803023126608245,232.55703348479946,-81.48276345682892,57.20614166532035,0.08819828253247934,0.12896368678046002,329.0,-58.91651691379182,-232.65606382543925,-58.65838086216153,-232.48484854750484,81.75783986703412,58.595458058505606,0.09610480356051156,-0.13084003111261214,-0.0039532605140161076,-0.0009381721660760567,232.52094101615216,True,0.010682508108116495
-58.92,324.7,635.0,-58.92377528355013,324.69676423754777,-58.95826545207618,324.74578883199246,-93.69818836706183,56.49578399959089,0.08593868000809762,0.148403238096226,603.0,-58.92377528355005,-324.69676423754777,-58.87557353707473,-324.63546323643965,93.55445853704009,56.93483796506195,0.09459041067395282,-0.14961759279642545,-0.0043258653329276,-0.0006071773500997274,324.69062603421605,True,0.008371111242929436
-58.53,212.07,288.0,-58.52810602466854,212.07182935308774,-58.656006117714014,212.12383391959807,-78.04846786123618,57.45748435623339,0.08884855168990877,0.12349963609300642,318.0,-58.52810602466858,-212.07182935308774,-58.64056962432813,-212.0494017541405,78.30833605909224,58.840501664445334,0.09624453020961175,-0.12534975715638294,-0.0036979892598514932,-0.0009250605316882612,212.08661783686927,True,0.010955501115812318
-58.45,170.25,223.0,-58.44590445684302,170.24710350611423,-58.34083267368813,170.1854655249015,-70.24335307092797,57.81289612570208,0.08992782514932912,0.1110812700108529,207.0,-58.44590445684302,-170.24710350611423,-58.399467203209504,-170.186034033542,70.3063926164974,59.26261880939747,0.0964036509826819,-0.11261131584926491,-0.00323791291667639,-0.0007650229192060071,170.18574977922174,True,0.011954236409558644
-58.16,127.35,135.0,-58.1581018202641,127.34847934963257,-58.17002093406038,127.3801598427563,-59.66012946265141,57.655622579933976,0.09020175194448402,0.09423963842655357,152.0,-58.15810182026413,-127.34847934963256,-58.25814545174773,-127.3145360896408,59.21428844325843,59.43992995278638,0.09616080435978339,-0.09495595300099646,-0.0029795262076496853,-0.00035815728722144585,127.34734796619856,False,
-57.4,138.58,172.0,-57.40251485476347,138.581929876693,-57.33285210245725,138.57097148260988,-62.79835280313777,57.87080025239019,0.0904071642800713,0.09924452878217023,159.0,-57.40251485476347,-138.581929876693,-57.42562568509398,-138.61583353619065,62.56986978597168,59.46019826660304,0.09633146906633808,-0.10028633073039728,-0.0029621523931333896,-0.0005209009741135237,138.59340250940028,True,0.013429032015358883
-57.11,105.54,124.0,-57.11368716444881,105.53685014477868,-57.167862737594646,105.54619244367517,-52.482881454577075,57.770523368573016,0.09065202223565574,0.08282896684798316,101.0,-57.113687164448855,-105.53685014477867,-57.02556947440012,-105.52300272962748,52.16436769712228,59.391361734007575,0.09581662532094937,-0.08372056032490383,-0.0025823015426468116,-0.00044579673846033285,105.53459758665133,False,
-55.77,106.25,125.0,-55.766780645252226,106.2547230783852,-55.69461757393273,106.198406186263,-52.809845071022835,57.993733164782235,0.09099928401577655,0.0833673883992202,100.0,-55.7667806452522,-106.2547230783852,-55.72718392589983,-106.26761060975075,52.47534489677199,59.6483314035904,0.09623472444484468,-0.08419959461744661,-0.002617720214534068,-0.0004161031091132056,106.23300839800687,False,
-55.56,83.15,78.0,-55.557023301960214,83.14696123025452,-55.58516651804515,83.17644222462192,-43.560305762989515,57.742581551677226,0.09088151317693845,0.06864762982136942,89.0,-55.557023301960214,-83.14696123025452,-55.6609399096047,-83.21563970811417,43.54614710031132,59.50693587284163,0.09572736960609339,-0.06998752365725644,-0.0024229282145774717,-0.0006699469179435105,83.19604096636805,False,
-53.05,59.88,51.0,-53.049812659263615,59.88085985368807,-53.08123977767118,59.92219766735434,-32.89781802264347,57.71804333905745,0.0911272535008343,0.051708419048901486,59.0,-53.049812659263615,-59.88085985368807,-52.94156950083785,-59.90556979242456,33.161934385061066,59.43867400797776,0.0953332496800391,-0.05342723176413637,-0.0021029980896024036,-0.0008594063576174427,59.91388372988945,False,
-39.95,558.57,1570.0,-39.949942591570135,558.573184181742,-40.46170775509374,558.9001997418104,-111.89064727134077,55.01786554092653,0.08071881700824664,0.17758396255266795,1655.0,-39.94994259156986,-558.573184181742,-39.843079170958234,-558.2319537692721,111.47891993344611,50.36907539136922,0.08700152486854124,-0.17791216868923643,-0.003141353930147299,-0.00016410306828423815,558.5660767555412,True,0.0035336390231930697
-39.85,277.15,470.0,-39.848154716519865,277.15000372666117,-39.84038463449135,277.1447576183789,-87.86811810035226,59.026014871603365,0.09054863605044365,0.13935852924874934,511.0,-39.848154716519865,-277.15000372666117,-39.89695688874873,-277.12284678717975,87.80275272428334,59.95656789674424,0.09881775750243196,-0.14023103808009954,-0.004134560725994156,-0.0004362544156751025,277.1338022027793,True,0.00937388763071202
-39.83,398.01,846.0,-39.82713863832662,398.0123101461606,-40.292129217640316,398.2935959901215,-100.27236566392965,57.39060847843816,0.08646209939919798,0.15909496989588431,906.0,-39.82713863832672,-398.0123101461606,-39.55133738744467,-397.83998003748434,99.90578544471539,56.46048417553999,0.0947319869014762,-0.15948938012604053,-0.004134943751139111,-0.00019720511507810567,398.0667880138029,True,0.0065266981836903295
-39.81,518.47,1425.0,-39.80561147497774,518.4742166155451,-39.325702756564986,518.2394488365161,-109.3893746208647,55.84749220992736,0.08253717997441852,0.17361697611162785,1504.0,-39.80561147497761,-518.4742166155451,-39.990988320459486,-518.3464476181958,108.93173764956352,52.200150445441096,0.08942729461704402,-0.17386001361421755,-0.0034450573213127486,-0.0001215187512948468,518.292948227356,True,0.004176389745933502
-39.73,498.42,1286.0,-39.72508348585715,498.419419507348,-39.22093723207187,497.940357047183,-108.02398696994493,55.94307845105149,0.08293791262853162,0.171445177233359,1362.0,-39.725083485857276,-498.419419507348,-39.93716803057476,-498.31869307473704,107.5083695731339,52.64830416857995,0.08989527405351067,-0.17159399382655766,-0.0034786807124895236,-7.440829659932646e-05,498.12952506096,True,0.004387853849540108
-39.72,377.92,738.0,-39.720816041708325,377.91832023994385,-39.82951336153882,377.9243689970162,-98.51933395586865,57.63015605439572,0.08709281257777746,0.15631059892237628,795.0,-39.720816041708325,-377.91832023994385,-39.834398703271894,-377.84704927929397,98.24765696512198,57.29475816942087,0.09581492232106202,-0.15685385333220886,-0.004361054871642282,-0.0002716272049162888,377.8857091381551,True,0.007251217823452756
-39.69,256.95,394.0,-39.68881389690737,256.9529101828906,-39.84522636062091,257.04440476456904,-85.04244848297672,59.183345273148525,0.09104520363758566,0.1348612770807618,432.0,-39.68881389690725,-256.95291018289066,-39.42065877662514,-256.73329799699076,85.19885556812325,60.44879223709622,0.09935144662031985,-0.13608097383298384,-0.0041531214913670955,-0.0006098483761110274,256.8888513807799,True,0.010158024294643207
-39.5,236.73,386.0,-39.50270166737614,236.72671281665336,-39.67337911618814,236.79454673636704,-82.0642244794737,59.28375338866173,0.09145300757860174,0.13012339097137784,327.0,-39.50270166737607,-236.7267128166534,-39.712813301510586,-236.68354814772442,82.1434472529475,60.76334736540573,0.09960652791330077,-0.13122171847628122,-0.004076760167349515,-0.0005491637524516896,236.73904744204572,True,0.010819947051893113
-39.44,134.33,134.0,-39.44255795780015,134.32901630602964,-39.52981893874823,134.43374532893708,-61.838054500080496,59.98371774566831,0.09382064541054168,0.09793419982860306,153.0,-39.442557957800176,-134.32901630602964,-39.339225563575894,-134.29786821144157,61.37049139712872,61.67509178683716,0.09980369958382299,-0.0981559570865569,-0.0029915270866406538,-0.00011087862897692091,134.36580677018932,True,0.013988915400893868
-39.28,216.46,287.0,-39.28251685570009,216.46450949169852,-39.338785511434516,216.51551578597673,-78.83916381655563,59.56105529319107,0.09214270400884615,0.12499464526743172,319.0,-39.28251685570003,-216.46450949169852,-39.41781693853873,-216.55112458560538,78.89628506167574,61.12647044454281,0.09993789499806374,-0.12605008652620678,-0.003897595494608795,-0.0005277206293875306,216.53332018579107,True,0.011309721166258793
-38.96,113.5,126.0,-38.96393630456201,113.49806900407616,-38.964081174741416,113.49905318970461,-55.48333318491397,60.182141789586844,0.09439283369141113,0.08782727531084907,99.0,-38.96393630456201,-113.49806900407616,-39.179318836004434,-113.56613382261283,55.082954271129466,61.78400424711896,0.09972313815937733,-0.08814707257843656,-0.0026651522339831007,-0.00015989863379374525,113.53259350615872,False,
-38.27,92.39,77.0,-38.268343236508976,92.38795325112868,-38.39606157056881,92.4823734924309,-47.66268924892166,60.03281915910285,0.09441257004993037,0.0753872904257832,90.0,-38.268343236508976,-92.38795325112868,-38.225308890430064,-92.35320369147273,47.39572550480918,62.002433687752934,0.09981098523148546,-0.07590078427613366,-0.002699207590777547,-0.00025674692517523023,92.41778859195182,False,
-37.18,70.84,50.0,-37.17785376350149,70.8364820522568,-37.194677323017125,70.86906582763429,-38.42253901313689,59.90467315199543,0.09447331693786566,0.060695847896701634,60.0,-37.17785376350147,-70.8364820522568,-37.18297816332412,-70.85142870361578,38.45317790654022,61.785435592006564,0.0992022903807369,-0.061655512339005646,-0.0023644867214356186,-0.0004798322211520059,70.86024726562503,False,
-29.99,1259.64,4099.0,-29.985098908095384,1259.6431613133427,-31.29567235334815,1260.4441751765314,-139.3081206766817,50.78021265603726,0.06538259293596171,0.22133248293507293,3355.0,-29.985098908095694,-1259.6431613133425,-30.366380088453585,-1259.5207727725656,139.24681845946088,32.42449692896488,0.06703050636963491,-0.22199009090956115,-0.0008239567168365977,-0.0003288039872441084,1259.9824739745486,True,0.0004108845038652671
-29.98,629.29,2047.0,-29.976606968957714,629.2864236852951,-30.089519608485585,629.2826892920917,-115.78943452257988,55.08437051924758,0.07996269052853658,0.18391610309049525,1982.0,-29.97660696895787,-629.2864236852951,-29.99290458525577,-628.8784794496786,115.5242696469329,49.18945324770565,0.08598930400052687,-0.18422990790267954,-0.003013306735995147,-0.00015690240609214645,629.0805843708852,True,0.003009656485991247
-29.98,839.46,2530.0,-29.981560424743595,839.464773551873,-30.334866294704614,839.73705503164,-125.30012955637034,53.43313252025742,0.07475723472315284,0.19904983960495806,2615.0,-29.981560424743808,-839.464773551873,-30.663568128402147,-840.0158418981749,124.94677425967534,42.68042825699931,0.07821566253067558,-0.1992345033551394,-0.0017292139037613716,-9.233187509066765e-05,839.8764484649075,True,0.0012936392505043647
-29.98,1049.57,3576.0,-29.983853333381138,1049.5718024695987,-29.124499644838235,1048.585361593563,-132.80812148609957,51.810342193481375,0.0696167241574699,0.2110140032155875,2910.0,-29.98385333338088,-1049.5718024695987,-31.406532521884333,-1050.3368201570283,132.60154115728224,37.00433276311812,0.07175767129246914,-0.21142654231961397,-0.001070473567499619,-0.0002062695520132357,1049.4610908752957,True,0.0006408988241220036
-29.96,418.93,954.0,-29.962456943677598,418.9298881363065,-30.12817386480734,419.06055303641796,-101.79957183186367,57.954337977138586,0.0871049704024893,0.16165007168882306,911.0,-29.962456943677395,-418.92988813630654,-29.833309072917373,-418.7818043390436,101.36959344388539,56.48850945165964,0.09503306446782457,-0.16170008648496728,-0.003964047032667638,-2.5007398072110498e-05,418.9211786877308,True,0.005945472165109136
-29.95,1229.64,4095.0,-29.95175976598705,1229.6352679095214,-29.41118486845577,1229.2482501798063,-138.60263078110017,51.286778481943195,0.06657087313502348,0.22023274016034416,3239.0,-29.95175976598766,-1229.6352679095214,-31.284267164841935,-1230.0717315005704,138.51081279091775,32.96094376884364,0.06752362642282946,-0.2208299428447613,-0.00047637664390298706,-0.0002986013422085626,1229.6599908401884,True,0.0002434138503286291
-29.94,1019.56,3580.0,-29.943590010247956,1019.5603863515383,-30.29829285030698,1019.4535554563184,-131.51388772211624,52.17431195625375,0.07055277646572576,0.20893979079150027,2906.0,-29.94359001024846,-1019.5603863515383,-29.734513473277516,-1018.4796313354263,131.21066128607404,37.87657319867275,0.07275573093405864,-0.209192411080188,-0.0011014772341664397,-0.00012631014434386079,1018.9665933958725,True,0.0006791965132873234
-29.93,809.45,2526.0,-29.930714505207458,809.4468187158485,-30.283752409225315,809.8238901831634,-124.02722526623614,53.42855529642937,0.07511629556355681,0.19702457549674948,2443.0,-29.930714505207458,-809.4468187158485,-30.1165929964147,-809.1126095449125,123.62223068262762,43.545454262621575,0.07921392312939961,-0.19711972798925922,-0.002048813782921398,-4.7576246254871224e-05,809.468249864038,True,0.0015903127343365197
-29.92,1199.63,3983.0,-29.91683008568749,1199.6270184009795,-29.137008675900944,1200.015243155297,-137.64465629840865,51.51665707084983,0.06729475211634292,0.21871143424597364,3235.0,-29.91683008568779,-1199.6270184009795,-31.054915439321928,-1199.87557376545,137.61165913656473,33.641685630003415,0.06823724921997291,-0.2193960864935067,-0.000471248551814997,-0.0003423261237665287,1199.9454084603735,True,0.0002467563904088581
-29.91,599.25,1879.0,-29.90753139641834,599.2541527313534,-30.142278079532133,599.5642951966669,-114.04885436979197,55.52916209502364,0.08103455867409454,0.1811452376072932,1817.0,-29.90753139641804,-599.2541527313534,-30.609420177402793,-599.6975212176781,114.06829608250594,50.26137773217078,0.08733794639995064,-0.1819202044545143,-0.0031516938629280525,-0.00038748342361054344,599.6309082071725,True,0.0033024776243581805
-29.9,989.55,3679.0,-29.90099752287988,989.5483466446381,-29.43050928419159,989.309422210702,-130.8800809467724,52.56583925169321,0.07154508589204818,0.20794168370068128,2808.0,-29.90099752287988,-989.5483466446381,-30.536535559830806,-989.0789626663845,130.10974034713323,38.360225796891605,0.07316541875993963,-0.20745006332906585,-0.0008101664339457276,0.0002458101858077155,989.1941924385433,True,0.0005146032875091041
-29.89,207.86,282.0,-29.886116037389897,207.86250279499586,-29.97268457948735,207.92933209601054,-77.3252775632872,60.640521820573326,0.09396588310491322,0.12269992684658619,261.0,-29.886116037389897,-207.86250279499586,-30.381410608532047,-207.98742458306432,77.39408905239192,62.20526348060391,0.1015499680390803,-0.12354859869932817,-0.003792042467083541,-0.0004243359263709917,207.95837833953743,True,0.011457151043214531
-29.88,779.43,2358.0,-29.876132278227477,779.4276212196318,-28.921018371499972,779.165074187264,-122.91462121416373,54.170516662968055,0.07667264144199164,0.19527050051762582,2439.0,-29.876132278227477,-779.4276212196318,-30.95390959195233,-779.7377333018159,122.62796556492778,44.36157715879741,0.08015306974793229,-0.1955475605006314,-0.0017402141529703277,-0.00013852999150279488,779.4514037445399,True,0.0014027927776845352
-29.88,1169.62,3979.0,-29.880193277095234,1169.618388214602,-31.272049415814326,1169.863495710774,-136.36204316302292,51.66398808563141,0.06789850434203919,0.21664394425424127,3125.0,-29.88019327709465,-1169.618388214602,-31.00080308801778,-1170.213177735384,136.6393609798331,33.9148758644876,0.06830877042273209,-0.21784796320297856,-0.00020513304034645158,-0.0006020094743686422,1170.038336723079,True,0.00011015783540321311
-29.86,959.54,3683.0,-29.855867779043407,959.5356310003085,-29.68761443725373,959.5555320171147,-129.6630300518976,52.458862818912124,0.07173922269733893,0.20600153828170936,2804.0,-29.855867779043887,-959.5356310003085,-30.561577157235757,-959.7973945965409,129.40887783810433,39.423361406215584,0.07449884106417948,-0.20633491268543255,-0.0013798091834202747,-0.00016668720186159558,959.6764633068278,True,0.0009033874560291148
-29.85,388.86,840.0,-29.854208606233303,388.85566246165877,-29.982783634620137,388.6951529419668,-99.17919670084389,58.54484355448282,0.08841667344923738,0.15748139573045913,800.0,-29.854208606233204,-388.85566246165877,-29.728940994084457,-388.5813465966562,98.86001656910476,57.68684090822444,0.09657040402891215,-0.15770469264503276,-0.004076865289837382,-0.0001116484572868115,388.6382497693115,True,0.00659114230358481
-29.83,569.22,1718.0,-29.831495058477987,569.2188348101071,-30.13446891011255,569.5205089084673,-112.33458622416777,55.890227906196465,0.08197715819600228,0.17841699075436854,1659.0,-29.831495058477987,-569.2188348101071,-30.002263026967665,-569.0981679912271,112.02181556427665,51.283497256740254,0.08858995069877826,-0.17865569371318996,-0.00330639625138799,-0.00011935147941070923,569.3093384498472,True,0.003649105845163439
-29.82,749.41,2354.0,-29.817386322694286,749.4070479204764,-30.255892491195578,749.8507440448999,-121.62667967269442,54.38645899522126,0.07737533614398331,0.19320432972311344,2276.0,-29.817386322694286,-749.4070479204764,-30.36389381668477,-749.0705956649375,121.21440064089649,45.17860647763886,0.08107783269271085,-0.1932905761430293,-0.0018512482743637676,-4.312320995793206e-05,749.4606698549187,True,0.001552014191708775
-29.75,539.18,1565.0,-29.747390592167378,539.1800188739908,-29.46016128349324,539.1211663868747,-110.54348717441019,56.28008761727167,0.08296993912045802,0.17557462630821724,1509.0,-29.74739059216712,-539.1800188739908,-30.389268370703956,-539.4222857185961,110.18702529904836,52.19462213356548,0.08967661125287198,-0.17574027395465588,-0.003353336066206976,-8.28238232193218e-05,539.2717260527354,True,0.003907052953702725
-29.73,358.77,734.0,-29.728564370039592,358.7704174824012,-29.453563374495214,358.69793605764016,-96.58873187752044,59.00800935808163,0.0895211998217617,0.15336502426125165,697.0,-29.728564370039766,-358.7704174824012,-29.782779715396334,-358.5198395636073,96.24152837792089,58.56806407337877,0.09760475179483336,-0.15353789861584535,-0.00404177598653583,-8.643717729685252e-05,358.60888781062374,True,0.007081594560736058
-29.63,177.55,224.0,-29.6270262505321,177.54503461249,-29.612604197404476,177.56441786215467,-71.66039788446166,61.078488282403306,0.0950348066588502,0.11368840071219778,206.0,-29.627026250532055,-177.54503461249,-29.751730055107828,-177.51171284647614,71.58799807691163,62.68382233300786,0.10193838289342502,-0.11430020623078373,-0.003451788117287413,-0.0003059027592929725,177.5380653543154,True,0.012216098186467135
-29.58,328.67,636.0,-29.58097193813303,328.6715170184289,-29.664494296736155,328.66936522828775,-93.44184415189152,59.486558165421506,0.09065059299605004,0.14835401362707873,602.0,-29.5809719381332,-328.67151701842886,-29.708517031660715,-328.63405427779645,93.36274760905526,59.910990585474345,0.09937607531930354,-0.14895526722834385,-0.00436274116162675,-0.00030062680063255853,328.6517097530421,True,0.00834071765102298
-29.26,147.12,173.0,-29.26354830241924,147.11779206048456,-29.309515052132166,147.1156382877408,-64.98108757432948,61.36115019659467,0.09585758244492444,0.10306166011371544,158.0,-29.26354830241924,-147.11779206048456,-29.525799578977225,-147.2093450693035,64.81138244436934,62.749245999262236,0.10167139561612908,-0.10351212051284267,-0.0029069065856023174,-0.0002252301995636155,147.16249167852214,True,0.01241120107418358
-28.72,116.51,127.0,-28.717879714506918,116.51301809112624,-28.760333582667243,116.49353857523238,-56.45738174238928,61.52943574500724,0.09650044523816209,0.08950248675812819,98.0,-28.717879714506974,-116.51301809112623,-28.776377443662614,-116.54415735197381,56.13141371210488,63.17817688755758,0.10197850460524324,-0.08968834306405278,-0.0027390296835405753,-9.292815296229467e-05,116.5188479636031,False,
-19.99,559.64,1569.0,-19.987706949829064,559.6431823679153,-20.2353710344434,560.0352148774967,-111.45126130149816,56.869996713009954,0.08365267482158843,0.1771323694595071,1656.0,-19.987706949829207,-559.6431823679153,-20.09279871479544,-559.7004766134804,111.2312125467836,52.607027446110614,0.09058132114712214,-0.17727604899001956,-0.003464323162766854,-7.18397652562236e-05,559.8678457454886,True,0.0038878789987724545
-19.97,279.29,469.0,-19.974971295785068,279.286592090871,-19.963296592448998,279.2443682405016,-87.67800001236947,61.17312956564691,0.09394016134553775,0.13929938107201673,512.0,-19.97497129578493,-279.286592090871,-19.85598068723226,-279.22689880421666,87.87602508862807,62.191625887256244,0.10240073104327385,-0.14010221337802775,-0.004230284848868053,-0.0004014161530055127,279.23563352235914,True,0.009518721974093562
-19.94,399.5,845.0,-19.938354264278892,399.50276848756886,-19.597739097133726,399.18940981438124,-99.86402724215077,59.28454268896729,0.08946541830656046,0.15869852274746593,907.0,-19.938354264278694,-399.50276848756886,-20.491180874144558,-399.5177273637125,99.70209015105712,58.23099117763392,0.09757038363908539,-0.15893175977760393,-0.004052482666262465,-0.00011661851506900023,399.35356858904686,True,0.006375928888333625
-19.92,138.58,133.0,-19.924077358259932,138.57500186333058,-19.853015225214047,138.46856119639992,-62.70931716479091,62.70684215014963,0.09810521822634746,0.09956183870806995,154.0,-19.924077358259932,-138.57500186333058,-19.933545327048854,-138.475788741065,62.49335566044277,63.92816266961038,0.10344074014450394,-0.09970539022643508,-0.0026677609590782386,-7.177575918256712e-05,138.47217496873247,True,0.01210498532642579
-19.92,519.62,1424.0,-19.91742151881832,519.6184141464212,-20.258099391654845,519.8808711886663,-108.9066934335586,57.30194533467579,0.08483191156239368,0.17308228556377908,1505.0,-19.91742151881832,-519.6184141464212,-20.505571952774897,-519.7071783412697,108.78515592341023,53.908698251949424,0.0921631977384403,-0.17338808418574153,-0.003665643088023307,-0.0001528993109812249,519.7940247649681,True,0.00443096951767513
-19.9,259.24,393.0,-19.90280573748887,259.23710830777253,-20.13414754192434,259.3743349536264,-85.24372427322771,61.39018612548717,0.09452896534843741,0.13542301849774266,433.0,-19.902805737488805,-259.23710830777253,-19.791791049005255,-259.0687128335206,85.26649600811639,62.59519159259159,0.10279614905522864,-0.13594823272621498,-0.004133591853395617,-0.00026260711423616023,259.2215238935735,True,0.010019277415325952
-19.89,379.48,737.0,-19.887663372318656,379.47922320673814,-19.800608229810745,379.48369452843764,-98.23907575558844,59.5708833356773,0.0901624789603898,0.1561098476009925,796.0,-19.887663372318656,-379.47922320673814,-19.76685425028135,-379.31232063616727,97.9057425603479,59.09520230369967,0.09869836329693099,-0.15606391298336592,-0.004267942168270596,2.296730881329312e-05,379.39800758230245,True,0.007068110793321118
-19.88,499.6,1285.0,-19.87825754846286,499.6046986136509,-19.875372502066753,499.5506251457544,-107.369103798171,57.72676583309356,0.08575701835663987,0.17063982290042481,1363.0,-19.87825754846286,-499.6046986136509,-20.193852489538738,-499.7077655998285,107.38294350246349,54.47411701019573,0.0928181573760793,-0.17115257618534666,-0.003530569509719715,-0.0002563766424609204,499.62919537279146,True,0.0044399371924003445
-19.82,239.18,388.0,-19.819042913359727,239.18027832160075,-19.909526779765827,239.19498419166976,-82.2908187121639,61.638941983804365,0.09517200855451438,0.13072607425685454,326.0,-19.819042913359848,-239.18027832160075,-19.711468367676364,-239.16822654537518,82.44025089572034,63.03465997618893,0.1032518639953608,-0.1314491402162444,-0.004039927720423206,-0.00036153297969493403,239.18160536852247,True,0.010612695092467685
-19.75,118.36,128.0,-19.75135083368807,118.36335640832668,-19.711064723675907,118.39493938150194,-57.14691348455224,62.71239247238711,0.09835989294033413,0.09071073676018594,97.0,-19.751350833688036,-118.3633564083267,-19.922282526985697,-118.42466153777478,56.84189476105328,64.15474039769697,0.10355578418780896,-0.09071067291294421,-0.0025979456237374132,3.192362086484879e-08,118.40980045963836,False,
-19.72,219.11,286.0,-19.720647958755354,219.11434467895256,-19.749322721484393,219.02758966405608,-79.14435669474057,61.89491073623473,0.0958263850104348,0.1257202864383719,320.0,-19.720647958755464,-219.11434467895256,-19.893246222933605,-218.9850749669845,79.2126900199085,63.20899642130089,0.10328214655553693,-0.12631454376955165,-0.0037278807725510607,-0.0002971286655898686,219.0063323155203,True,0.010695108880808464
-19.51,98.08,76.0,-19.50903220161283,98.07852804032306,-19.451688114133265,98.01265200600847,-50.12310297518439,62.63539886412076,0.09848697512744842,0.0795351717194194,91.0,-19.50903220161283,-98.07852804032306,-19.528941105855704,-98.12418455836003,49.69579283153947,64.48082788764312,0.10382614915602889,-0.07933248121202408,-0.0026695870142902367,0.00010134525369766278,98.06841828218424,False,
-19.15,77.68,49.0,-19.145253143004613,77.67534539408416,-19.16353716215973,77.66295088838685,-41.79963227578048,62.41092780782145,0.09837894058305634,0.06629148564140408,61.0,-19.145253143004652,-77.67534539408415,-19.1638186032414,-77.66195855749996,41.36062878553135,64.5451171077725,0.10367786830102883,-0.06606218397259965,-0.002649463858986248,0.00011465083440221485,77.66245472294341,False,
0.0,20.0,5.0,0.0,20.0,0.056676182664367226,20.099281244647006,-11.985759631343845,64.39970120940228,0.10224915245904662,0.01907662303206818,10.0,0.0,-20.0,-0.07499592239901674,-20.002519352116977,11.818911201568227,67.85005660503145,0.10823168928941204,-0.018811299869964604,-0.002991268415182713,0.00013266158105178748,20.05090029838199,False,
0.0,30.0,16.0,0.0,30.0,0.07604233704022882,29.97311663819471,-17.945522692402655,64.36791247537415,0.1020776345232978,0.028562117717075383,11.0,0.0,-30.0,-0.0867423589247658,-30.07132826557974,18.018054467107188,68.0604058471659,0.108689782935631,-0.028677686664707665,-0.0033060742061666037,-5.77844738161408e-05,30.022222451887224,False,
0.0,40.0,17.0,0.0,40.0,0.13670392310879206,39.90875382142749,-23.38937073179281,64.4247824660366,0.10204646444553461,0.037227013886974934,25.0,0.0,-40.0,-0.13628437323019324,-40.021262266975214,23.254819462169564,68.06893221603819,0.10882520964494008,-0.03701286375216065,-0.0033893725997027335,0.00010707506740714051,39.965008044201355,False,
0.0,60.0,45.5,0.0,60.0,0.0843819282271755,59.99904380350645,-33.791593334602936,65.11367271059757,0.1028968220858518,0.053782024564717805,26.5,0.0,-60.0,-0.12990237282383163,-59.99723332075061,33.2584106983482,67.52999862076223,0.10821211536364142,-0.05293399553106075,-0.0026576466388948117,0.0004240145168285282,59.99813856212853,False,
0.0,80.0,47.5,0.0,80.0,0.06352124776702855,79.97939286776096,-42.879443846062486,65.36286602896968,0.10304872677695426,0.0682455323943201,62.0,0.0,-80.0,-0.05254933846964147,-80.02369774822454,42.67508330604005,67.26795783768534,0.10804032807100158,-0.06792014812046959,-0.0024958006470236632,0.00016269213692525486,80.00154530799276,False,
0.0,90.0,74.0,0.0,90.0,0.0876349449469705,90.01549797325033,-46.98297783693797,65.49721501243982,0.10313963791818405,0.07477680490204974,63.0,0.0,-90.0,-0.09409534787681044,-90.00927624440776,46.82927863918999,67.1095169800402,0.10791045472312534,-0.07453226415172065,-0.0023854084024706457,0.00012227037516454597,90.01238710882905,False,
0.0,100.0,75.0,0.0,100.0,0.05047286189906833,100.0290901022265,-50.81814304906593,65.40362175409582,0.10286804342998476,0.08088020478986924,92.5,0.0,-100.0,-0.15212215160924245,-100.00531307457845,50.6776288173908,66.83713231891322,0.10759936226259348,-0.08065781434050409,-0.002365659416304358,0.00011119522468257259,100.01720158840249,False,
0.0,120.0,130.0,0.0,120.0,0.07372671851633156,119.99786874761317,-57.526570046355054,65.38672367870377,0.10259659221737544,0.09155728274911723,95.0,0.0,-120.0,-0.04997807060300943,-119.96826726606815,57.29107116405688,66.69794323091459,0.10762232170720575,-0.09118218378796682,-0.002512864744915154,0.00018754948057520676,119.98306800684065,False,
0.0,140.0,132.0,0.0,140.0,0.05779431983778017,140.05823156412433,-63.179435824744324,65.10727759462556,0.10190616124209358,0.10055390293811951,155.5,0.0,-140.0,-0.07996396280466021,-139.997089198627,62.900242991316674,66.34890561872518,0.10731210353300095,-0.10010982525397705,-0.002702971145453689,0.00022203884207123298,140.02766038137565,True,0.012128509853403116
0.0,150.0,174.5,0.0,150.0,-0.022151958806489725,150.02304063430535,-65.55179194664913,64.99200614213329,0.1016006622811319,0.1043286458739685,157.0,0.0,-150.0,0.1421083319171212,-149.90874980143184,65.27473664150016,66.32487856620486,0.1073952511297439,-0.1038862295582784,-0.0028972944243059948,0.00022120815784505005,149.9658952178686,True,0.012138918472713995
0.0,160.0,176.0,0.0,160.0,0.07648452308032394,160.02754952397189,-67.88760477523947,64.87520534203323,0.10129224308524311,0.10804741545036241,203.0,0.0,-160.0,-0.23646100214397606,-160.0469356484236,67.69073283807357,66.33047047675608,0.10752831301882791,-0.10773604325840119,-0.0031180349667924018,0.0001556860959806075,160.03724258619775,True,0.012241645240838353
0.0,180.0,225.0,0.0,180.0,0.19017280964696479,179.8640499209428,-72.08151801974081,64.6953073271561,0.10076298941982625,0.1147236280253333,204.5,0.0,-180.0,-0.03937479915384108,-179.976937143883,71.95291470588838,66.06437920668833,0.10734889779701137,-0.11451710267521367,-0.003292954188592559,0.0001032626750598134,179.92049353241288,True,0.011499657970453972
0.0,200.0,226.0,0.0,200.0,0.16502761181343126,199.90245688009122,-75.81941280041195,64.38660741313653,0.10002626842093851,0.12067236438378968,259.0,0.0,-200.0,0.1622780265369615,-199.93077929140532,75.73567970929297,65.90007079233435,0.10733176699710248,-0.1205350905269968,-0.0036527492880819856,6.863692839643998e-05,199.91661808574827,True,0.011480236549341447
0.0,210.0,283.5,0.0,210.0,0.10960674530286336,209.94536654492364,-77.55412960452804,64.30519121371503,0.09977369527287133,0.12343257318833756,260.0,0.0,-210.0,0.11252738715250794,-209.89505326702678,77.45495161396131,65.76031466235804,0.10723137040102912,-0.12327200604319749,-0.0037288375640788934,8.028357257003349e-05,209.9202099059752,True,0.011160896516811711
0.0,220.0,285.0,0.0,220.0,-0.0974750073669085,220.0090768935437,-79.12740518720499,64.28743094951248,0.09962217894686642,0.1259339829220187,321.5,0.0,-220.0,0.15891988270881297,-219.90671890424574,79.20737757479085,65.64367326057078,0.10716834244184475,-0.12606051041624888,-0.0037730817474891654,-6.326374711508598e-05,219.95789789889471,True,0.01077795888443546
0.0,240.0,390.0,0.0,240.0,0.07708525083340294,239.97532242163103,-82.20710766272335,63.86262756582722,0.09870155729599306,0.13083761947907616,323.5,0.0,-240.0,0.04065265023005196,-239.94016850039674,82.23550320703468,65.3086699062458,0.10688051715762795,-0.13088137045858533,-0.004089479930817444,-2.187548975458864e-05,239.95774546101387,True,0.010708118700628747
0.0,260.0,392.0,0.0,260.0,0.19869909166383784,259.67355527609647,-84.83220087785797,63.57810916232118,0.09800748846943332,0.13501707449314226,434.5,0.0,-260.0,-0.21394353154991347,-259.954458029761,85.04850623817998,64.761615823344,0.10625496800420059,-0.13536152186450923,-0.004123739767383637,-0.00017222368568348134,259.8140066529287,True,0.009972603652453995
0.0,270.0,466.0,0.0,270.0,-0.07177530779146458,270.0043971307152,-86.17705422262704,63.36279995389156,0.09753829168135826,0.1371541625760465,436.0,0.0,-270.0,0.22153996094409104,-269.83524036964803,86.1746635443311,64.51698632749311,0.10598663774255317,-0.13714852352972093,-0.004224173030597453,2.8195231627919926e-06,269.9198187501816,True,0.009833017095124411
0.0,280.0,467.5,0.0,280.0,0.05463842704976912,279.9458647906205,-87.4697813171923,63.303716224412035,0.09732250412060055,0.13921314983331648,513.0,0.0,-280.0,-0.5848432113487364,-280.17208227187115,87.48907214808185,64.20187790866763,0.10561172214024123,-0.13925034554785004,-0.0041446090098203395,-1.8597857266780538e-05,280.0589735312458,True,0.00929852241695869
0.0,300.0,547.0,0.0,300.0,0.42145222729593484,299.58256175067066,-89.69341764004032,63.06464746878415,0.09670152428368625,0.14275666931617628,514.0,0.0,-300.0,0.0072953503376186335,-299.92321106820424,89.77160515804404,63.59442929849954,0.10488682918895448,-0.1428758577560083,-0.004092652452634113,-5.95942199160121e-05,299.75288640943745,True,0.008578697628505487
0.0,320.0,548.0,0.0,320.0,0.03196505001700284,319.8588264181351,-91.82801733130485,62.59135452012322,0.09569993229728092,0.1461492202011544,600.0,0.0,-320.0,-0.1550282537172537,-320.13318708892854,91.78448347505197,63.14439073504378,0.10441808159744265,-0.14608144106872656,-0.004359074650080862,3.3889566213918254e-05,319.9960067535318,True,0.008559129869199463
0.0,330.0,637.5,0.0,330.0,0.01925301198107149,330.00638970509783,-92.8788680851346,62.36427158637068,0.09521424165101428,0.1478215454364079,601.0,0.0,-330.0,0.3287747426599434,-329.77220513584007,92.7643617237951,62.80787277840216,0.10400054542757853,-0.14763504061571203,-0.004393151888282126,9.325241034793819e-05,329.88929742046895,True,0.00836734856586766
0.0,340.0,639.0,0.0,340.0,0.08729334368227455,340.08417844088734,-93.91524813576963,62.114575543471005,0.0946934156507885,0.14947182880430834,694.0,0.0,-340.0,0.11100588470014466,-339.86489650913967,93.71795108143276,62.26210591292614,0.10325553540085913,-0.14915539222448618,-0.004281059875035319,0.0001582182899110829,339.9745374750135,True,0.007911972674705062
0.0,360.0,735.0,0.0,360.0,0.0730931960067999,359.84231872274796,-95.84004221852217,61.79919758413001,0.09394949863106315,0.15253505982252596,695.5,0.0,-360.0,0.010344221468350123,-359.91254217754863,95.67007356656563,61.620798557520175,0.10248038601694547,-0.15226352445544222,-0.0042654436929411566,0.00013576768354187085,359.87743045014827,True,0.007447139184740355
0.0,380.0,736.0,0.0,380.0,-0.35064390186198335,380.2772875937788,-97.5750141648805,61.38223548092633,0.09303561632361293,0.1552911639396709,797.5,0.0,-380.0,-0.1795018210820334,-379.9416518694613,97.43405294616477,60.88652636273201,0.10155705148621631,-0.15507330987252876,-0.0042607175813016915,0.00010892703357107125,380.10946973162004,True,0.0070429390048551985
0.0,390.0,841.5,0.0,390.0,0.15580817536705824,389.85900669095463,-98.45420327392685,61.358079185339186,0.0928798233312782,0.156696639370694,799.0,0.0,-390.0,0.24563069867508788,-389.8367691405493,98.26946519979543,60.527828240687064,0.10110735092697759,-0.15639770318294138,-0.0041137637978496955,0.00014946809387630933,389.8478879157519,True,0.006630160391542838
0.0,400.0,843.5,0.0,400.0,-0.08150909935829517,400.09075070355175,-99.31529514775795,61.11736675967141,0.09237140971584704,0.15806420323423348,908.0,0.0,-400.0,-0.47099023543030505,-400.0723570288574,99.32881835643133,60.19056433478767,0.10069593371665994,-0.15809249253366614,-0.0041622620004064526,-1.4144649716330004e-05,400.08155386620456,True,0.006536733121750369
0.0,420.0,955.0,0.0,420.0,-0.1567145199360541,420.1309688815195,-101.0192929468085,60.792860262802414,0.09160950957707277,0.16077527892285398,909.5,0.0,-420.0,-0.02173189320071125,-419.9293401403366,100.84716673033213,59.306498440106665,0.09953208707855017,-0.1605035169693554,-0.003961288750738701,0.00013588097674929744,420.030154510928,True,0.00592564867280014
0.0,440.0,956.0,0.0,440.0,-0.09773864505660922,440.1799089635612,-102.56146284149698,60.28332385995287,0.09055301837980959,0.16323044081706545,1027.0,0.0,-440.0,0.07006685748593715,-439.90922043198105,102.36893046892743,58.531097938389685,0.09854269190320426,-0.1629243549247006,-0.003994836761697339,0.00015304294618243008,440.04456469777114,True,0.005704035831670104
0.0,450.0,1077.0,0.0,450.0,-0.14409886017722864,450.1455683129496,-103.3544386596709,60.209406057629074,0.09031332538389357,0.16449193325691577,1028.0,0.0,-450.0,0.028504623759137687,-450.0410762841644,103.18740643553603,58.234696474093425,0.09819503888513378,-0.16422750889512625,-0.003940856750620107,0.00013221218089476405,450.093322298557,True,0.005501333169473492
0.0,460.0,1078.0,0.0,460.0,-0.01947066774439091,459.79555986487503,-103.92567893860479,60.08047022451962,0.08998993444734212,0.16540261671586268,1152.0,0.0,-460.0,-0.5326850440766294,-460.2895187825654,103.98428431795854,57.69461707556669,0.09746098822300461,-0.1655026523100451,-0.003735526887831249,-5.00177970912119e-05,460.04253932372023,True,0.005101921159442962
0.0,480.0,1282.5,0.0,480.0,0.039380503757176166,479.92660355899204,-105.49412285125737,59.74278452033998,0.08920594661104035,0.167899593481174,1153.5,0.0,-480.0,-0.09819990603517646,-479.9640203234093,105.44471904419427,56.9265962465629,0.09647959819628935,-0.16782168523978147,-0.003636825792624497,3.895412069626625e-05,479.94531194120066,True,0.0047611362829166485
0.0,500.0,1284.0,0.0,500.0,-0.10186558201975014,500.19677503805724,-106.93426046835043,59.409815875512116,0.08842776231365768,0.1701899138491228,1364.5,0.0,-500.0,0.03573818098729803,-499.74392854319626,106.87938459104137,56.20670044942786,0.09557609244939518,-0.17010338603830685,-0.0035741650678687495,4.3263905407972536e-05,499.97035179062675,True,0.004491694629379117
0.0,510.0,1421.0,0.0,510.0,-0.08569786074326786,510.05413690777294,-107.58858652968293,59.326354838258744,0.08817420710391591,0.17123150412531582,1366.0,0.0,-510.0,-0.3744593968137467,-509.8677907034432,107.59780478989641,56.14421332180226,0.09560062776220839,-0.1712518109755623,-0.0037132103291462396,-1.0153425123241022e-05,509.96096380560806,True,0.004575014606696953
0.0,520.0,1422.5,0.0,520.0,0.014106830583247375,519.9597112378324,-108.33332965052591,59.269309365635365,0.08796210311433453,0.17241802192082134,1506.0,0.0,-520.0,-0.19414313410299552,-519.7623299492699,108.24616047250043,55.55731578986727,0.0947877294829634,-0.1722814927648662,-0.0034128131843144394,6.826457797756702e-05,519.8610205935511,True,0.004124821213052355
0.0,540.0,1566.0,0.0,540.0,-0.07879683159793645,540.2719732771008,-109.59761764477952,58.90097841993719,0.08712712248517679,0.174429060969963,1507.5,0.0,-540.0,0.09630366845062448,-539.8067925967327,109.56928291671022,54.72626121398844,0.09371054903591654,-0.17438375044387305,-0.0032917132753698744,2.265526304497112e-05,540.0393829369168,True,0.003829802999694922
0.0,560.0,1567.5,0.0,560.0,0.19932010868189556,559.8162908784693,-110.88704796228723,58.693671340954594,0.08655782429415193,0.1764846591486246,1657.0,0.0,-560.0,0.14902368481082182,-559.5782846014504,110.85732532404434,54.22289613572037,0.09315155955825394,-0.17643308794365506,-0.0032968676320510037,2.5785602484770798e-05,559.6972877399598,True,0.003701077478696504
0.0,570.0,1719.5,0.0,570.0,0.18448491411629706,569.9923555487762,-111.487204683925,58.5444192583024,0.08619565623899339,0.177439656551184,1658.0,0.0,-570.0,-0.05834963690617236,-569.7347229537621,111.30337306308053,53.857209111242874,0.09269393620751828,-0.17714553466432598,-0.0032491399842624474,0.000147060943429006,569.8635392512692,True,0.003582427582033106
0.0,580.0,1721.0,0.0,580.0,-0.2562645954297914,580.1937873459464,-112.0783295331856,58.39685557701262,0.08583586468754784,0.17837506312134044,1814.0,0.0,-580.0,-0.13801136998899213,-579.7301430333463,112.16367876483496,53.19412664479085,0.09176102132393235,-0.17851572932945348,-0.0029625783181922577,-7.033310405651916e-05,579.9619651896463,True,0.003209594710947558
0.0,600.0,1880.0,0.0,600.0,-0.2888856106249502,600.507928146507,-113.43873649845754,58.195535633373936,0.0852666673145365,0.18053981854404907,1815.5,0.0,-600.0,-0.3839959386434249,-600.0056164723983,113.40976228316754,52.79568352714202,0.09137519257993792,-0.1805019454102722,-0.0030542626327007133,1.8936566888436146e-05,600.2567723094526,True,0.0031970481606094095
0.0,620.0,1881.0,0.0,620.0,-0.09997311097357997,620.3878287043623,-114.43068359350879,57.89624154441634,0.08454685737476997,0.18212086498493782,1980.0,0.0,-620.0,-0.11702437011580065,-619.7565329833789,114.57104921006112,51.823922600928874,0.09007047596951995,-0.18234692136434622,-0.0027618092973749897,-0.00011302818970419792,620.0721808438706,True,0.002798538643498321
0.0,630.0,2048.5,0.0,630.0,0.1355533843182459,630.0156171872055,-115.02266115227619,57.85731423252289,0.0843669913693224,0.18306591101830905,1981.0,0.0,-630.0,-0.17557743277951554,-629.7983444383736,115.10438888246647,51.4113994454053,0.08953690676856975,-0.18319647491421942,-0.0025849576996236773,-6.528194795518694e-05,629.9069808127896,True,0.002578439155730414
0.0,660.0,2050.0,0.0,660.0,0.02361270183676073,659.6381860365482,-116.58235658601821,57.69236557221401,0.08374168062581205,0.18554687246378657,2121.0,0.0,-660.0,-0.185646679954382,-659.6810833378589,116.77712389391104,50.37722478770368,0.08825693977324475,-0.1858588386875592,-0.0022576295737163493,-0.00015598311188631808,659.6596346872036,True,0.0021503672834786913
0.0,690.0,2196.0,0.0,690.0,-0.3956380447555592,690.4606912724307,-118.10781472461304,57.24699205693776,0.08265536427559009,0.18796957994363822,2122.0,0.0,-690.0,0.016626772440952092,-689.5777975958632,118.14492570281446,49.40793494657984,0.08708041132665605,-0.18803328564064536,-0.002212523525532979,-3.185284850357184e-05,690.0192444341469,True,0.0020146822598865535
0.0,720.0,2197.0,0.0,720.0,-0.22446436327827723,719.8039745842619,-119.36453454630039,56.945692119855075,0.08181646413752645,0.18997180802010258,2274.0,0.0,-720.0,-0.5973061607199152,-719.7777314202491,119.53786557940883,48.61828735625877,0.08619350592390489,-0.19025773712852045,-0.0021885208931892164,-0.00014296455420893805,719.7908530022555,True,0.001910399703356461
0.0,750.0,2355.5,0.0,750.0,-0.03039707933005395,750.1923039608223,-120.6840081257961,56.7649302790383,0.08115660768717531,0.1920741921814232,2275.0,0.0,-750.0,0.016654139090070536,-749.5982011185157,120.92681236528354,47.6080323649451,0.08495084565078939,-0.19246079544002043,-0.0018971189818070416,-0.00019330162929862005,749.895252539669,True,0.0015895486832450568
0.0,780.0,2357.0,0.0,780.0,-0.3147823740444123,779.8712720905583,-122.06625966702603,56.29895463591108,0.08005150690001227,0.19427063097626532,2440.5,0.0,-780.0,0.16281873258125248,-779.4625472900157,122.0808873013431,46.81376840310705,0.08405248313169678,-0.1942957726739327,-0.002000488115842254,-1.257084883368731e-05,779.666909690287,True,0.0016121548035994602
0.0,810.0,2527.5,0.0,810.0,-0.41799014385481387,810.3683279152899,-123.33139902665627,55.91238707328563,0.07906276890037553,0.19628289882136102,2442.0,0.0,-810.0,0.08370789472001605,-809.4811057944481,123.3917952434983,45.824178254769,0.0828451379658943,-0.196383116331542,-0.0018911845327593824,-5.010875509049717e-05,809.9247168548691,True,0.0014671317743632098
0.0,840.0,2529.0,0.0,840.0,0.12215109015791882,840.4161517779835,-124.69929635548425,55.779172212347625,0.07848275598058307,0.1984665901316522,2616.5,0.0,-840.0,-0.23073762612572257,-839.5657784603079,124.43860586847435,44.85292918556948,0.08166779323249856,-0.19805301819176574,-0.001592518625957745,0.00020678596994322396,839.9909651191457,True,0.001191213959141602
0.0,870.0,3869.0,0.0,870.0,0.4041806024723932,869.7785245776374,-125.62334794425468,55.47848862304734,0.0776446030020423,0.19994071791968562,2618.0,0.0,-870.0,0.20874559724929495,-869.4015611299,125.64993439857481,44.08526675893776,0.0808114185551922,-0.19997552508538913,-0.0015834077765749452,-1.7403582851752142e-05,869.5900428537686,True,0.0011440844520712392
0.0,900.0,3779.0,0.0,900.0,-0.1472051584997487,900.4888393966957,-126.89781989684934,55.191757170086184,0.07681214732880895,0.2019623502241038,2709.0,0.0,-900.0,-0.025273391012837026,-899.4468913961667,126.6349561238722,43.44346496615537,0.08015792362179545,-0.20154610187592953,-0.0016728881464932524,0.00020812417408713757,899.9678653964312,True,0.0011679379483145462
0.0,930.0,3778.0,0.0,930.0,0.6069780362113438,930.1182625544742,-127.94330753385223,54.8574605945794,0.0759172270627086,0.20363553193893388,2710.0,0.0,-930.0,0.23018261234934592,-929.4343988481355,127.8558714515582,42.39021768833618,0.0788488847063962,-0.2034861204081655,-0.0014658288218437968,7.470576538419482e-05,929.7763307013049,True,0.0009905687865061482
0.0,960.0,3682.0,0.0,960.0,0.07241922548509584,960.5174238753688,-129.1931207355653,54.86089292745887,0.0755503920861539,0.2056181247016224,2805.5,0.0,-960.0,-0.06510850624522264,-959.5246056529504,128.84591982777,41.17081706185386,0.07727666227967503,-0.20506544776022606,-0.0008631350967605658,0.00027633847069817585,960.0210147641596,True,0.0005649082337441644
0.0,990.0,3680.5,0.0,990.0,0.0840684391558581,990.2053702092696,-130.09289429580713,54.539996093332036,0.07467608143907098,0.20705030146698503,2807.0,0.0,-990.0,-0.8356815080476971,-989.9734576916178,130.1028956184021,40.54021031604962,0.07664592673712489,-0.20707542405113366,-0.0009849226490269564,-1.2561292074317332e-05,990.0894139504437,True,0.0006250396610527053
0.0,1020.0,3579.0,0.0,1020.0,0.6556496759980357,1019.9986550923901,-131.13366867302537,54.383038846082,0.07406139866983238,0.20871374547466287,2907.5,0.0,-1020.0,-0.8693849020767187,-1020.1930071414497,131.20038399122592,39.693270768801895,0.07566807858496358,-0.2088225438108939,-0.0008033399575655964,-5.439916811551815e-05,1020.09583111692,True,0.0004948097682665558
0.0,1050.0,3577.5,0.0,1050.0,-0.24480031078153697,1050.3384582122162,-132.2919284936299,54.22671385625574,0.07344102897551838,0.21054614544644262,2909.0,0.0,-1050.0,-1.2237672842494287,-1050.6241950691192,132.23766329723477,39.213637605358294,0.07527740862961513,-0.2104777652114967,-0.000918189827048374,3.41901174729653e-05,1050.4813266406677,True,0.000549191754694135
0.0,1080.0,3474.0,0.0,1080.0,-0.7697364863116437,1080.3102415674796,-133.22906557542845,54.13528509612406,0.07292845196671613,0.21203121655657145,3013.0,0.0,-1080.0,-0.019979722019705475,-1079.3014776850464,132.97972752639154,37.750182010005204,0.07329945661186478,-0.21164405435949948,-0.00018550232257432547,0.00019358109853598315,1079.805859626263,True,0.00010794027993607134
0.0,1110.0,3473.0,0.0,1110.0,0.6494183058596842,1110.1910401828166,-134.3734678163779,53.78221000986513,0.07200056618410558,0.21386996964213628,3014.0,0.0,-1110.0,-0.7084750808602621,-1110.163676528058,134.3818939438253,37.58836964782631,0.07341989275089066,-0.21388410350720133,-0.0007096632833925379,-7.06693253252344e-06,1110.1773583554373,True,0.00040164266382284024
0.0,1140.0,3870.0,0.0,1140.0,0.9294770607011705,1139.5955689979792,-135.2228780265203,53.80184206680486,0.07167169510647425,0.215225277850678,3123.0,0.0,-1140.0,-0.21390953433795454,-1139.6068605614084,135.2125585940274,36.54656884199067,0.07212240514732202,-0.21520009042768382,-0.00022535502042388134,1.2593711497088655e-05,1139.6012147796937,True,0.00012424937204899488
0.0,1170.0,3980.5,0.0,1170.0,-0.14950591076989278,1170.2984031004858,-135.9746555068869,53.751437899790204,0.07121545760683234,0.21640855459655334,3124.0,0.0,-1170.0,0.25940496876227,-1169.144163890553,136.07892104573125,35.7392169999193,0.07119920733507416,-0.21657315242478375,8.125135879090417e-06,-8.229891411520862e-05,1169.7212834955194,True,-4.364435792924867e-06
0.0,1200.0,3982.0,0.0,1200.0,0.8649351032983849,1199.8079749392168,-137.0278492771295,53.6815086336375,0.07074275879734097,0.21809718837380873,3236.5,0.0,-1200.0,-0.8263374299139088,-1200.1705413768336,137.36842585108047,35.34988393897337,0.07095954372684518,-0.21863876012160594,-0.00010839246475210368,-0.00027078587389860187,1199.9892581580252,True,5.675466986969582e-05
0.0,1230.0,4096.5,0.0,1230.0,0.49200713972160914,1230.0233802711568,-138.00867786296774,53.432136645897785,0.06997582370278255,0.21965365831277595,3238.0,0.0,-1230.0,-0.7720276242952163,-1230.0729438539838,138.4079252819883,34.65917562942251,0.07022646122176156,-0.22029250971859185,-0.00012531875948950527,-0.00031942570290795225,1230.0481620625703,True,6.401383398013469e-05
0.0,1260.0,4098.0,0.0,1260.0,0.949008899643277,1259.9630082052656,-139.1400360473082,53.46933880147509,0.06966836296124605,0.22145986767538423,3356.5,0.0,-1260.0,0.6979683248912147,-1258.985296012108,138.98838197356451,33.97366431062361,0.06948952486495373,-0.22119833223523305,8.941904814616097e-05,0.00013076772007558635,1259.4741521086867,True,-4.460881142763293e-05
0.0,1280.0,4218.0,0.0,1280.0,1.1232889605613663,1280.3221705535545,-139.697770455793,53.33286306556666,0.06920181697247257,0.22234966395899014,3358.0,0.0,-1280.0,-1.9363125628003324,-1280.9270255410229,139.98380452656795,33.41701677964877,0.06887231257009,-0.22281485839955545,0.00016475220119128997,-0.00023259722028265428,1280.6245980472886,True,-8.08331037393039e-05
