id_key,iq_key,id,iq,W_A,W_B,delta_W,relative_difference,delta_R_eq_path,R_eq_path,exact_W_A,exact_W_B,exact_delta_R_eq_path,exact_R_eq_path
-1259.09,230.44,-1259.7409413082569,230.4256663527918,26.390251277695157,28.690049213404997,-2.29979793570984,0.08350709474003107,0.0024890146704145935,0.005205985329585407,26.39043230949257,28.69008521610374,0.0024888577089926243,0.005206142291007377
-1256.31,-245.13,-1255.832255167625,-245.3544764774162,24.983943439484754,27.03259814043569,-2.0486547009509373,0.07876935446787812,-0.0020887815262318667,0.009783781526231867,24.984161920845352,27.032428918671897,-0.002088386229199371,0.009783386229199371
-1253.36,259.79,-1253.107658923255,258.8158787093873,28.83647809668765,30.887793443862495,-2.051315347174846,0.06869285448821567,0.0019870234852774568,0.005707976514722544,28.836675106636314,30.887901329915657,0.00198693715468294,0.005708062845317061
-1250.24,-274.41,-1250.221570567257,-275.0202472853246,27.357918403281804,29.63825142555541,-2.280333022273606,0.08001706181736694,-0.0020835143369249153,0.009778514336924915,27.357855724857792,29.638267007800053,-0.0020835858428074187,0.009778585842807419
-1246.95,288.99,-1246.9629568326227,289.3880979654221,31.84741525849128,33.64933912264668,-1.8019238641553983,0.055023302488232124,0.0015687440517732926,0.006126255948226708,31.84760973871976,33.649476963988214,0.0015686947422998108,0.00612630525770019
-1243.49,-303.53,-1244.1321700869983,-303.7949612725774,29.919146732683323,32.46321494578768,-2.54406821310436,0.0815637030934131,-0.0021146161173134677,0.009809616117313468,29.919191510013952,32.46325441101247,-0.002114611701919033,0.009809611701919033
-1242.55,-208.95,-1242.9809385567448,-208.73191294140327,20.4154699105081,22.34706699713444,-1.9315970866263399,0.09034062178294777,-0.0023389077474881043,0.010033907747488104,20.415767658616968,22.34695778253231,-0.0023384149696493513,0.010033414969649351
-1242.55,208.95,-1243.0820045060498,209.0662128755746,22.915493384016777,24.96041861983194,-2.044925235815164,0.08542605875166508,0.0024719727299107996,0.005223027270089201,22.915808801466234,24.960516624701288,0.0024717099144495017,0.005223290085550499
-1239.86,318.03,-1241.4815492162093,318.3294623337709,34.97913806868781,36.56803510046193,-1.588897031774117,0.04441536852945099,0.0012630732025431554,0.006431926797456845,34.979282334463214,36.56804580400858,0.0012629670289720318,0.006432032971027969
-1237.23,-238.46,-1238.4819877933426,-238.39856328398164,22.588043810288685,24.62225949453747,-2.0342156842487853,0.08617676828358076,-0.002164479827908114,0.009859479827908114,22.588028040466405,24.62214743820664,-0.002164377375544251,0.009859377375544251
-1237.23,238.46,-1237.0441292772266,238.752238687177,25.33009993205884,27.28067452635576,-1.9505745942969206,0.0741511454403213,0.0020748169678422306,0.00562018303215777,25.330350332102434,27.280730902396833,0.0020746105854286706,0.00562038941457133
-1236.06,-332.49,-1236.4367948732572,-332.8256330348583,32.66990894712009,35.40078829525894,-2.730879348138849,0.08023656165633265,-0.0020847966403227864,0.009779796640322786,32.67011250831257,35.40078669334565,-0.002084640015551386,0.009779640015551386
-1232.09,346.9,-1231.557846150443,345.97741233405986,37.80301157501005,39.211729200859956,-1.4087176258499028,0.036583064791442556,0.0010386548649913643,0.006656345135008636,37.8031932891389,39.21179277599138,0.0010385677604913754,0.006656432239508625
-1231.21,-267.83,-1231.3869672665617,-268.1634811600764,24.877854875491735,27.047646712711447,-2.1697918372197122,0.08357326442129782,-0.0020643044851423598,0.00975930448514236,24.87799532989225,27.047722193451808,-0.0020642426702641883,0.00975924267026419
-1231.21,267.83,-1229.8912131888362,268.3654990184372,27.944900553372534,29.68131567585918,-1.7364151224866475,0.06026476267604835,0.0016527609801120283,0.006042239019887972,27.944908607537215,29.68129683288625,0.0016527353787803266,0.006042264621219674
-1227.96,-361.27,-1227.0266671301515,-360.69427993709047,35.4473101839306,38.25434559000922,-2.807035406078626,0.07617292655373872,-0.0019925283381327405,0.009687528338132741,35.44753970899322,38.254424429696286,-0.0019924213765745457,0.009687421376574546
-1224.48,-297.06,-1223.2768471736988,-296.5324619494884,27.294606725654475,29.591278649459163,-2.2966719238046878,0.08074663543197423,-0.001989078095114961,0.009684078095114962,27.29487280921885,29.591277665724913,-0.0019888467962045193,0.00968384679620452
-1224.48,297.06,-1223.382708677048,297.5400206422136,30.80718755890524,32.37466155786845,-1.5674739989632087,0.04961785768777291,0.0013528277137902897,0.0063421722862097105,30.80749961450455,32.374752161071946,0.0013526365865763523,0.006342363413423648
-1223.66,375.59,-1222.9080533398571,376.3354133230934,41.28674400589298,42.42588894842878,-1.1391449425358005,0.02721560420056029,0.0007776066509610896,0.006917393349038911,41.28689807376537,42.42592618456309,0.00077752689891797,0.00691747310108203
-1219.19,-389.85,-1218.8088365578421,-390.4415272381589,38.84092695485032,41.74861413530452,-2.9076871804542037,0.07216041042351634,-0.0019195788546976242,0.009614578854697624,38.84114402785316,41.74859162217203,-0.0019194206862115637,0.009614420686211564
-1217.07,-326.11,-1216.0483905799667,-325.57631939026146,30.16846933471872,32.57089210866779,-2.4024227739490733,0.07658422778551623,-0.0019063192892465456,0.009601319289246546,30.168026747589884,32.57083539332194,-0.0019066254779952774,0.009601625477995278
-1217.07,326.11,-1216.751271441488,325.06888071317275,33.66846161108699,35.14759493363311,-1.4791333225461187,0.042988029155227876,0.0011748434210125669,0.0065201565789874336,33.6685149760604,35.14776975088388,0.0011749398879144014,0.006520060112085599
-1214.62,-193.89,-1213.8762513809206,-193.43831923485973,16.612180882467015,18.138805197196916,-1.5266243147299008,0.08786077674056404,-0.002042514381039974,0.009737514381039975,16.612365839482475,18.138721995839678,-0.0020421556042752205,0.009737155604275221
-1214.62,193.89,-1213.6622825797604,193.38516229089942,18.731307951902686,20.624605421319714,-1.8932974694170284,0.09621412932091776,0.0025342398889218083,0.005160760111078192,18.73163088844999,20.624729302240603,0.002533973446528724,0.005161026553471277
-1214.55,404.06,-1216.1802902294967,404.1364166489927,44.732291060095626,45.78435279619826,-1.0520617361026368,0.023245707999799727,0.0006724579787801228,0.007022542021219878,44.73195961991691,45.784452944825794,0.0006727338421884724,0.007022266157811528
-1209.75,-418.22,-1210.3427930245732,-418.49972146328736,42.218520987663126,45.203905042240166,-2.9853840545770396,0.06829789998177066,-0.0018515972186285514,0.009546597218628551,42.218163133378035,45.20406614624901,-0.001851919087344962,0.009546919087344962
-1209.54,-223.41,-1209.479482473477,-223.67881714441555,18.779373857021803,20.431034769725706,-1.6516609127039033,0.08424604438206325,-0.001917994692134753,0.009612994692134754,18.778929366975735,20.430936748484427,-0.001918397029759543,0.009613397029759543
-1209.54,223.41,-1210.409561008204,223.6369767092706,21.231444762851385,23.22352266398021,-1.9920779011288232,0.08962228594172668,0.002311959555153022,0.005383040444846979,21.231123825537374,23.223624216250464,0.0023124498867965505,0.00538255011320345
-1208.96,-354.98,-1207.657232151161,-354.4043128051184,33.182789937622104,35.62859109628164,-2.4458011586595347,0.07108711151879005,-0.001795264050284336,0.009490264050284336,33.183167401922205,35.6284700255486,-0.0017948981161937285,0.009489898116193728
-1208.96,354.98,-1208.4881187445592,354.26112711603554,36.7872379655179,38.23812747902208,-1.4508895135041797,0.038677306132595964,0.0010646781209594578,0.006630321879040542,36.78722010617739,38.23823410310726,0.0010647694682181738,0.006630230531781827
-1204.78,432.32,-1205.1133726594614,432.29730567521335,47.956061579935614,48.95145841753906,-0.9953968376034439,0.020543232096526316,0.0006002548736379486,0.007094745126362052,47.95588247026667,48.95155530088184,0.0006004213059030718,0.007094578694096928
-1203.74,-252.8,-1204.0282990445312,-252.14677912515072,21.05551998399929,22.731107960351103,-1.6755879763518138,0.07653423225379967,-0.001733911745498589,0.00942891174549859,21.055241965615384,22.73128758155491,-0.0017343853145785403,0.00942938531457854
-1203.74,252.8,-1202.8146538863637,252.05121808084667,23.440646816913073,25.428483199654032,-1.9878363827409586,0.08135345900641419,0.002059885102634326,0.005635114897365675,23.44052604602595,25.42861581267267,0.0020601476703875155,0.005634852329612485
-1200.17,-383.65,-1200.4861383077312,-384.0487182374338,36.64246568655335,39.220067952153926,-2.577602265600575,0.06795455258260469,-0.0017563954677314597,0.00945139546773146,36.64297389999399,39.22001762324851,-0.0017560148732315864,0.009451014873231587
-1200.17,383.65,-1199.538650002547,382.75252899281327,39.994509038642946,41.30806033193856,-1.3135512932956175,0.032312663756255466,0.0008988031676101172,0.006796196832389884,39.99446937338877,41.30810923874613,0.0008988637734273864,0.006796136226572614
-1199.65,-446.36,-1199.3753702377114,-445.8702080604606,45.512748561429916,48.47714969044738,-2.9644011290174674,0.0630791432728944,-0.001741499129502986,0.009436499129502986,45.51266502835815,48.47740167184466,-0.0017416962344595503,0.00943669623445955
-1197.23,-282.04,-1197.259465080551,-281.78347161518536,23.64558707175586,25.40839357481533,-1.7628065030594726,0.07187210822951595,-0.001641537174094965,0.009336537174094965,23.645434650714947,25.408538330727943,-0.0016418139072563454,0.009336813907256346
-1197.23,282.04,-1195.8290467995257,282.7828218117065,26.31507603512594,28.134271659727553,-1.8191956246016119,0.06682157644189962,0.001690079575524732,0.006004920424475269,26.315074534945367,28.134404909216663,0.0016902047614373744,0.0060047952385626265
-1194.36,460.34,-1193.565565874703,459.5939457021004,51.258410831411375,52.23807221703899,-0.9796613856276153,0.018931298084187097,0.0005610548008201483,0.007133945199179852,51.258668314019424,52.23816576496534,0.0005609609149718962,0.007134039085028104
-1190.7,-412.11,-1190.9745951378966,-412.52025091945933,39.98813575185452,42.62998398297089,-2.64184823111637,0.06395324027212812,-0.0016893123868232883,0.00938431238682329,39.987911339826866,42.630082525478876,-0.001689518897966136,0.009384518897966137
-1190.7,412.11,-1190.3159741510938,411.41562855158054,43.442817577377284,44.64581214663721,-1.2029945692599284,0.027313276935490145,0.0007717390786693223,0.006923260921330678,43.4426598942156,44.645910580432094,0.000771903381542453,0.0069230966184575474
-1190.0,-311.11,-1188.7537114809013,-311.05102538783814,26.340687018840715,28.25343736320516,-1.9127503443644436,0.070071655732736,-0.0016251170183272194,0.00932011701832722,26.341214550034866,28.253421880259175,-0.0016246556609300423,0.009319655660930043
-1190.0,311.11,-1188.922660196122,311.7048485540685,29.276745820375453,30.999937956760075,-1.7231921363846219,0.05717607633345855,0.0014607853828143345,0.0062342146171856655,29.277279180799432,30.999885719016326,0.0014602889592144597,0.00623471104078554
-1188.9,-474.26,-1188.07581932582,-473.3366526622545,48.9250286959022,51.847824544825215,-2.922795848923016,0.058007603336208136,-0.0016328040257769212,0.00932780402577692,48.92538149077245,51.84779169831172,-0.0016325885893125076,0.009327588589312508
-1183.28,488.11,-1182.6674757507517,488.98206115395993,55.179955049193126,55.95385384595271,-0.7738987967595818,0.013927333265248766,0.00042041525255354746,0.0072745847474464526,55.18024745151151,55.95388807481621,0.0004202750015818558,0.007274724998418145
-1182.08,-339.99,-1182.5504771178983,-340.71095837033573,29.55798259782473,31.557667712895622,-1.9996851150708927,0.06543937943568363,-0.0015592138966546935,0.009254213896654694,29.5581938657095,31.5576902539298,-0.0015590667407220408,0.009254066740722041
-1182.08,339.99,-1183.34685947457,340.19391155012914,32.55382054582979,34.21704929154514,-1.663228745715351,0.04981899291611026,0.0012979658188235668,0.0063970341811764335,32.55426801329318,34.21709513744879,0.0012976523976793043,0.006397347602320696
-1181.77,-208.38,-1180.7188419758445,-208.67706333155002,15.12971687592068,16.38893929512157,-1.2592224192008903,0.07990330630642814,-0.0016055768949473468,0.009300576894947347,15.129567948210994,16.388833429145144,-0.001605631800993272,0.009300631800993272
-1181.77,208.38,-1182.8145533213294,208.48140367291413,17.101888238463374,19.177089392208202,-2.0752011537448283,0.11440240542999079,0.0026437847372040076,0.005051215262795993,17.102222974088814,19.177117843191297,0.0026433945337477256,0.005051605466252275
-1180.56,-440.32,-1180.7371616455662,-440.77201968507,43.444691330784785,46.152373870068566,-2.7076825392837804,0.06044132211727827,-0.0016344828473946389,0.009329482847394639,43.444561540938956,46.15266939256888,-0.0016347395856660108,0.00932973958566601
-1180.56,440.32,-1180.1406215010347,439.90289564289844,47.02968002791716,48.09846202734862,-1.068781999431458,0.02247036421273816,0.0006467678496318638,0.007048232150368137,47.02961994405267,48.098458115432464,0.0006468018417932728,0.0070481981582067275
-1177.5,-501.89,-1177.0168521642493,-501.791258843212,52.714895629728105,55.76303230701508,-3.0481366772869762,0.05619828356353632,-0.0016213565737576798,0.00931635657375768,52.71487004477104,55.763279487737364,-0.0016215016625362121,0.009316501662536213
-1176.21,-237.78,-1175.6880742957353,-237.5439768181512,17.36970200611905,18.63724023646046,-1.2675382303414118,0.07040521362808208,-0.0014258531647076743,0.009120853164707675,17.36974740577273,18.637080958471632,-0.001425622922922982,0.009120622922922983
-1176.21,237.78,-1176.4098061750237,238.04983613358016,19.53327550471043,21.5770803924927,-2.0438048877822688,0.09943017243114236,0.002292782104246141,0.005402217895753859,19.533169525526635,21.57709115353723,0.002292913065820775,0.005402086934179226
-1173.45,-368.68,-1172.2112879328315,-368.75717158035746,32.52328676468096,34.57484243876867,-2.051555674087709,0.061150905351388986,-0.0014910314549003514,0.009186031454900353,32.52333513634417,34.5748198896685,-0.0014909799110449503,0.009185979911044952
-1173.45,368.68,-1172.7982971932415,368.0740669883408,35.609895782576636,37.0384064162665,-1.4285106336898608,0.03932674516687077,0.0010396204257705607,0.0066553795742294395,35.60999822608885,37.03847200099914,0.0010395936012309302,0.006655406398769071
-1171.56,515.61,-1173.1955907432814,515.2611632635306,58.88795435333532,59.423198161575385,-0.5352438082400681,0.009048070226052638,0.00027816577424628224,0.007416834225753718,58.88811187657346,59.423287558479025,0.00027813036904533967,0.0074168696309546605
-1169.91,-267.03,-1169.2254829808426,-266.91649720236455,19.880033813613718,21.17251522088266,-1.2924814072689408,0.06296716952620268,-0.0013010694756995084,0.008996069475699508,19.880470334407597,21.172520825570587,-0.0013006356963129052,0.008995635696312905
-1169.91,267.03,-1171.8834572206517,267.0623928003931,22.367441057486428,24.268525271354083,-1.9010842138676551,0.08152867254696472,0.0019083325974469318,0.005786667402553069,22.367351751830135,24.26864966658488,0.0019085471131248615,0.0057864528868751385
-1169.74,-468.29,-1169.9692122396027,-468.61369473755093,46.999762032826865,49.6295616722892,-2.629799639462334,0.054430674636359866,-0.0015068954603081274,0.009201895460308128,46.9998638438278,49.629640557410184,-0.0015068823236022368,0.009201882323602237
-1169.74,468.29,-1171.542658765692,468.19914458781597,50.92890571585726,51.831277487046734,-0.9023717711894719,0.017562673460939704,0.0005168287336193358,0.007178171266380665,50.928677589594,51.83138561965927,0.0005170213241396686,0.007177978675860332
-1165.46,-529.26,-1165.7115200365388,-529.633477405162,56.558477953389094,59.67849136735341,-3.1200134139643154,0.053683667635122154,-0.001587595345833885,0.009282595345833885,56.55815836365711,59.678612179057204,-0.0015878194407902132,0.009282819440790215
-1164.12,-397.14,-1164.6956976212466,-397.8268033988438,36.04983675612422,38.22685353298676,-2.177016776862537,0.058619111012858084,-0.001476063826459934,0.009171063826459935,36.04982658275312,38.22693055231849,-0.0014761229449729168,0.009171122944972918
-1164.12,397.14,-1165.2564687679048,397.062132013737,39.32176779919091,40.5458705224789,-1.2241027232879915,0.030653284584624213,0.0008311659513782132,0.006863834048621787,39.3215947730784,40.54593295422718,0.0008313258273045952,0.006863674172695405
-1162.89,-296.11,-1162.0585301635892,-295.9968687493801,22.590279256786836,24.010909218119473,-1.4206299613326365,0.060969688019764295,-0.0012975249650288721,0.008992524965028873,22.59045414262149,24.01094103868527,-0.001297394297111807,0.008992394297111808
-1162.89,296.11,-1162.626415319331,295.17259306528223,25.031872040122707,26.70421799942831,-1.672345959305602,0.06464910502618706,0.001530945678721055,0.006164054321278946,25.032154215481917,26.704317464747625,0.0015307784171897441,0.006164221582810256
-1159.19,542.83,-1158.6833280926721,543.7958701977077,62.85953766992816,63.12624156953724,-0.2667038996090838,0.0042338730802648885,0.00013297762597752003,0.00756202237402248,62.85945315877768,63.12634867779022,0.00013307316673789,0.00756192683326211
-1158.27,-496.0,-1158.268549170414,-496.4791484738658,50.66543520232559,53.418302348272206,-2.7528671459466167,0.05289716166482544,-0.0015039203920831391,0.00919892039208314,50.66543441293147,53.418504030091896,-0.0015040310042453383,0.009199031004245338
-1158.27,496.0,-1159.6845827308975,495.8233965903321,54.71358637313527,55.28059202699972,-0.5670056538644488,0.010309739335509287,0.00030979211702536144,0.007385207882974639,54.7134288333737,55.28064294467126,0.0003099060108976234,0.007385093989102377
-1155.15,-325.01,-1153.960481709027,-325.0156677764608,25.495155356052383,27.060918726197514,-1.565763370145131,0.0595844875206897,-0.0013115376673985355,0.009006537667398536,25.494775056694344,27.060838382785096,-0.001311788920894909,0.009006788920894909
-1155.15,325.01,-1153.8522273133265,324.30524677159855,28.153205497872786,29.644294730549078,-1.4910892326762912,0.05159701463846526,0.0012518414836080831,0.006443158516391917,28.152849662530922,29.644356308730295,0.0012521919224366663,0.006442808077563334
-1154.1,-425.37,-1153.6546098009867,-425.2050690038793,39.28119875760798,41.55789340555435,-2.276694647946371,0.05632657633886297,-0.0014580768687688257,0.009153076868768826,39.28089153447577,41.558132829878566,-0.001458426961396444,0.009153426961396444
-1154.1,425.37,-1152.6364817381589,424.8277648209296,42.704412180802365,43.62987725564894,-0.9254650748465778,0.021439107934693582,0.000593751408683091,0.00710124859131691,42.70441023911193,43.6299083461271,0.0005937726011593585,0.007101227398840642
-1153.91,-193.35,-1152.7317132047929,-193.07668601213595,11.589448534824168,12.432619482519708,-0.8431709476955405,0.07019969696920124,-0.0011901656987035197,0.00888516569870352,11.589420666656522,12.43252650358138,-0.001190073792541318,0.008885073792541318
-1153.91,193.35,-1155.8255371568996,193.42243373774443,13.485326996809759,15.330515306405644,-1.8451883095958852,0.12806762961705898,0.0025929338536022683,0.005102066146397732,13.485636389951981,15.330465440528544,0.0025924290081788667,0.005102570991821134
-1152.78,-556.33,-1152.4331402735563,-556.2149785783346,60.15191912942372,63.294425350350124,-3.142506220926407,0.050912908505626804,-0.0015401662418630744,0.009235166241863074,60.151937821299185,63.29471446708509,-0.001540298779147103,0.009235298779147104
-1148.6,-222.76,-1149.0065515706813,-223.58935224970114,13.930720927719548,14.943370249985513,-1.0126493222659647,0.07014242048580045,-0.0012383269545741978,0.008933326954574198,13.930437083470256,14.94318784613247,-0.0012384510018373493,0.00893345100183735
-1148.6,222.76,-1148.7470386756688,222.05850671225105,15.681014205415906,17.498839278685008,-1.817825073269102,0.10957402654837914,0.0022387734208712626,0.005456226579128738,15.680751624673002,17.49884731287272,0.0022391067012967896,0.005455893298703211
-1146.69,-353.71,-1145.4175237808186,-353.7933760106773,28.563520037888456,30.24160453406175,-1.6780844961732946,0.05707272991557385,-0.0013009187617292568,0.008995918761729258,28.563755675012988,30.241430008906164,-0.0013006007873919833,0.008995600787391984
-1146.69,353.71,-1145.3535770333438,353.0800797045442,31.48964637218668,32.82355203193198,-1.3339056597453016,0.041481552553600795,0.0010362443974252988,0.006658755602574702,31.489882677583193,32.82359236298389,0.0010360921547871826,0.006658907845212818
-1146.2,569.76,-1146.8503423796883,569.451348047471,66.65858393014511,66.59727322831046,0.06131070183465681,0.0009201952265670662,-2.949326047183572e-05,0.007724493260471836,66.65864737572385,66.59737601683923,-2.9474334707838207e-05,0.007724474334707839
-1146.14,-523.42,-1146.268711691003,-523.912547115013,54.324844328633496,57.2206052885991,-2.8957609599656067,0.05192073670243635,-0.0015148420213836474,0.009209842021383648,54.325055565359634,57.22064527925257,-0.0015147524384552013,0.0092097524384552
-1146.14,523.42,-1147.5329037211957,523.0916996457423,58.578160779387574,58.85016185097096,-0.2720010715833894,0.004632631472385001,0.00014235656883704607,0.007552643431162955,58.578089639031944,58.85026412915099,0.00014244733049311435,0.007552552669506886
-1143.4,-453.35,-1143.1705616908605,-452.9210092602361,42.726243230324,45.04210890946315,-2.3158656791391508,0.0527722264957353,-0.001405172819828078,0.009100172819828079,42.726226687018666,45.04224290379581,-0.0014052641599257244,0.009100264159925726
-1143.4,453.35,-1142.6143659053562,454.2170592255977,46.73074378076801,47.46007593050571,-0.7293321497377008,0.015486268236614717,0.00044148109351501965,0.00725351890648498,46.730677025516,47.46011243966836,0.0004415436017792164,0.007253456398220784
-1142.54,-252.02,-1142.912599072473,-252.56989349268414,16.279019217480958,17.325874558839793,-1.0468553413588353,0.06230374351586186,-0.0011393100926568123,0.008834310092656813,16.278990723151292,17.326013100387264,-0.0011394918805821726,0.008834491880582173
-1142.54,252.02,-1141.3472147086377,252.26624200028758,18.340637798376047,20.048593708867536,-1.7079559104914885,0.08898098989917097,0.0018635867214458768,0.005831413278554124,18.340736450134244,20.048635405591185,0.0018635245766062754,0.0058314754233937255
-1139.47,-583.1,-1140.0792391135512,-583.0745185343657,63.92895862844693,67.33981907309587,-3.4108604446489394,0.05196758139096852,-0.0016119617182946465,0.009306961718294647,63.92910400017037,67.33977899323533,-0.001611874074470214,0.009306874074470214
-1137.51,-382.18,-1136.6886194356366,-381.9777059293759,31.721509416838863,33.634274113805816,-1.9127646969669527,0.05853390759427055,-0.0013839866226488834,0.009078986622648885,31.721386912082206,33.63428907557692,-0.0013840860869665749,0.009079086086966575
-1137.51,382.18,-1136.7312518817462,381.5735330320158,35.01671995278095,36.08138680238774,-1.0646668496067875,0.029949232073732776,0.0007711299322133338,0.006923870067786666,35.016594242241695,36.08145956961386,0.0007712736881176526,0.006923726311882348
-1135.73,-281.12,-1135.8336072618974,-280.8076398908194,18.737191902728576,19.927372612583014,-1.1901807098544381,0.06156441820950103,-0.001172301027986442,0.008867301027986442,18.737104381774994,19.927424430195927,-0.0011724382733168254,0.008867438273316826
-1135.73,281.12,-1137.5864299177485,281.21846042922016,21.45387303822872,22.951662252612742,-1.4977892143840208,0.06745957253184769,0.0014708634037181698,0.006224136596281831,21.45398546834858,22.95172229386926,0.0014708119566513116,0.006224188043348689
-1133.36,-550.55,-1133.489405364808,-550.9641750616482,57.95069168466815,60.99798536682839,-3.0472936821602374,0.05123711768296457,-0.0015329336505170888,0.009227933650517089,57.95100989567548,60.99810820066923,-0.0015328353665102629,0.009227835366510263
-1133.36,550.55,-1133.2524353197762,551.2388389157978,62.604173749023786,62.57566755392744,0.028506195096348108,0.0004554438606030738,-1.4335823834034824e-05,0.007709335823834035,62.60457836011184,62.5758070217534,-1.4469164922989982e-05,0.00770946916492299
-1132.58,596.37,-1133.742380660191,595.9429626384784,70.63922456309521,70.25949891141121,0.37972565168399797,0.005390050985844507,-0.0001765634197263349,0.007871563419726335,70.63950298226493,70.25961210963251,-0.00017664024354777994,0.00787164024354778
-1132.03,-481.06,-1131.667628492345,-480.51015710133856,46.191722234519986,48.68722339772333,-2.4955011632033433,0.052603897452150467,-0.0014417374644920475,0.009136737464492048,46.19158168382025,48.68727451357886,-0.0014418481969002278,0.009136848196900228
-1132.03,481.06,-1130.6895503958965,480.5576402950455,50.28997254050866,50.72863387280914,-0.43866133230048376,0.00868476309217136,0.0002536240078247124,0.007441375992175288,50.28992793805907,50.72877071542655,0.0002537289152366544,0.007441271084763346
-1129.16,-156.84,-1129.749145397672,-157.49620831106185,6.906097543057624,7.6973077717982825,-0.7912102287406588,0.10835968894676479,-0.0013969782409500766,0.009091978240950076,6.9061648446951,7.697342265619672,-0.0013969203147459635,0.009091920314745964
-1128.18,-310.03,-1127.4512876552565,-309.9023035723681,21.44728347101261,22.91454113431869,-1.4672576633060785,0.06614956334008619,-0.0013192699422373887,0.009014269942237389,21.447396168815867,22.914579010796153,-0.0013192026673962852,0.009014202667396286
-1128.18,310.03,-1127.854894656668,309.1572907338773,24.264687825478095,25.608215785981642,-1.3435279605035468,0.05387807258909356,0.0012104973983818991,0.006484502601618101,24.264994136548577,25.608243090382615,0.0012102460177947437,0.006484753982205257
-1127.63,-410.42,-1127.8628881574152,-411.38654216424584,35.24731676653697,37.404782992960186,-2.1574662264232174,0.05939171017947602,-0.0014607890057219022,0.009155789005721903,35.247623334737874,37.404893323160195,-0.0014606561358253987,0.0091556561358254
-1127.63,410.42,-1126.3710901272532,409.7246344494863,38.57020134175595,39.41395580630423,-0.8437544645482831,0.021639125058345806,0.0005743708421633213,0.007120629157836679,38.570099827372424,39.41398679510209,0.0005744610413469444,0.007120538958653056
-1127.0,171.67,-1126.6108068979486,171.39681606224937,9.30007057532865,10.855821441366633,-1.5557508660379824,0.15437181988763798,0.002531123064171289,0.005163876935828711,9.299951708591902,10.855854383692266,0.0025313700493586567,0.005163629950641344
-1125.54,-609.56,-1125.4514143816396,-610.0554201444704,67.62869054229147,71.31193324046058,-3.68324269816911,0.05301894576100708,-0.0016853269588810098,0.00938032695888101,67.62857379558494,71.31215578258981,-0.001685482205946874,0.009380482205946875
-1124.65,-186.47,-1125.32457625324,-187.01698555799848,8.672068804027596,9.517444730433033,-0.8453759264054366,0.09295201048712426,-0.0012619463530431124,0.008956946353043112,8.671926804548495,9.51746872537322,-0.0012621941434586002,0.0089571941434586
-1122.1,201.24,-1121.4404597394944,201.18494708107843,11.553985857231797,13.12002337804031,-1.5660375208085124,0.12693822928215678,0.00218062171239904,0.005514378287600961,11.553985331902872,13.120069153796479,0.002180686184131117,0.005514313815868884
-1119.98,-508.48,-1120.295143156139,-509.2527087343213,50.04487735732012,52.7902265678767,-2.745349210556583,0.05339323063364772,-0.0015117558808271311,0.009206755880827132,50.044779744280575,52.79037331256011,-0.001511890439018589,0.00920689043901859
-1119.98,508.48,-1119.5616292941952,509.35863940897934,54.442454219609445,54.58936822700366,-0.14691400739421567,0.0026948830918817556,8.09359363867002e-05,0.007614064063613301,54.44267763503643,54.58943016149328,8.08469754284768e-05,0.007614153024571524
-1119.93,-577.37,-1119.854834896945,-577.7397197315358,61.60535527563974,64.95518421894462,-3.3498289433048853,0.05293638849332224,-0.0016265916837754973,0.009321591683775499,61.605496461728016,64.95505535253957,-0.0016264605531574078,0.009321460553157409
-1119.93,577.37,-1119.4750666519215,578.2442332611969,66.57813204416898,66.23659263477884,0.34153940939013694,0.005143095544801045,-0.00016575435973107568,0.007860754359731076,66.57842264432666,66.23679472875914,-0.0001657973131483459,0.007860797313148347
-1119.89,-338.74,-1118.7708829113546,-338.7726889018614,24.41593660377637,26.048308681735108,-1.6323720779587383,0.06469420353849618,-0.0013530675666770864,0.009048067566677087,24.41609262199693,26.048299664163743,-0.0013529307690802567,0.009047930769080257
-1119.89,338.74,-1118.9290039154396,339.40230409071114,27.714088670865145,28.900393091127846,-1.1863044202627009,0.0419081614223696,0.0009813607939821748,0.006713639206017826,27.714276811957816,28.900455391893388,0.0009812566935832913,0.006713743306416709
-1119.36,-215.97,-1118.7536890000354,-216.31002386646978,10.642922266419092,11.698630053895059,-1.055707787475967,0.09450621625034178,-0.0013705108315439792,0.00906551083154398,10.64306564035012,11.698476507986088,-0.001370125372744067,0.009065125372744067
-1118.34,622.66,-1116.3937608148226,622.5927542902576,74.50709144424133,73.70998076756786,0.7971106766734692,0.01075599004592886,-0.000360285709239512,0.008055285709239513,74.50738650219215,73.71013183573118,-0.0003603507911211527,0.008055350791121154
-1117.05,-438.41,-1117.0870717150613,-439.40886675382643,38.69597650480362,40.990674966885805,-2.294698462082188,0.05759304525168645,-0.0014686545509616806,0.009163654550961681,38.696014555730265,40.99100282868965,-0.0014688400359265897,0.009163840035926591
-1117.05,438.41,-1115.5157104152916,437.85389739414205,42.280206422043875,42.90361285041463,-0.6234064283707568,0.014636733447623557,0.0004009740232317618,0.007294025976768238,42.280421546394265,42.90372422854679,0.00040090729382919957,0.007294092706170801
-1116.42,230.66,-1116.2913951132334,230.00630244536546,14.061519040604402,15.612791246316863,-1.5512722057124613,0.10455321055237285,0.0018981064745473715,0.0057968935254526285,14.061779321028258,15.612794419896016,0.001897791883616918,0.005797208116383083
-1113.29,-245.32,-1112.2268244201312,-245.47869844250295,12.987715186981484,14.028657395477097,-1.040942208495613,0.07706010163418348,-0.0011977586460332793,0.00889275864603328,12.987711865078738,14.028561866429413,-0.0011976525480153738,0.008892652548015374
-1111.0,-635.68,-1111.2280076773618,-635.7712451523824,71.37486365558185,75.17103379235719,-3.796170136775345,0.05180861699828817,-0.0016880739987829396,0.00938307399878294,71.37523335030596,75.1710509396845,-0.0016879172286508233,0.009382917228650823
-1110.87,-367.23,-1111.3276558769148,-367.98445406180326,27.833261073637985,29.597453398539855,-1.7641923249018703,0.06143724106920274,-0.001355264951478432,0.009050264951478433,27.833600516214492,29.59738093066341,-0.0013549485189715243,0.009049948518971524
-1110.87,367.23,-1112.6245428080317,367.37983987152137,31.281182710169748,32.251127886910055,-0.9699451767403069,0.030533917863988076,0.0007454750354664247,0.006949524964533576,31.281134719951435,32.25117298769687,0.0007455465828301443,0.006949453417169856
-1109.97,259.93,-1110.7657535097753,259.170754330676,16.89186055997046,18.307814155892782,-1.4159535959223213,0.08045265232432398,0.001545220351069052,0.006149779648930948,16.89212616152723,18.30783510517618,0.001544953363737804,0.006150046636262197
-1107.26,-535.6,-1106.5357624655564,-535.1967629074503,53.56039169522849,56.3594865454689,-2.799094850240408,0.050929729818497096,-0.0014848704185824503,0.009179870418582451,53.56046155589092,56.35955303457534,-0.0014848686300315034,0.009179868630031503
-1107.26,535.6,-1106.6804842327583,535.309217809863,58.130856550836036,58.10569311614086,0.025163434695173237,0.0004329694019182029,-1.3344208511926393e-05,0.007708344208511927,58.130949712679865,58.10574561777414,-1.3365770684750143e-05,0.00770836577068475
-1106.46,-274.5,-1105.3481299044377,-274.74442900996155,15.633644012273583,16.721113669698834,-1.0874696574252507,0.0672216227433638,-0.0011249650884345222,0.008819965088434523,15.633820918415687,16.721193643273363,-0.0011248648136786162,0.008819864813678616
-1105.88,-603.85,-1105.4260089639943,-603.27905259534,65.27536328467596,68.70784914890936,-3.4324858642333993,0.05123755136017301,-0.0016170025533478734,0.009312002553347874,65.27557911284622,68.70799228799766,-0.0016169683104009889,0.00931196831040099
-1105.88,603.85,-1104.060503691291,603.8411523176362,70.28625390690364,69.67811813108827,0.60813577581537,0.008689865384460808,-0.0002865727192851022,0.007981572719285103,70.2865133806281,69.67821202965408,-0.000286650743511511,0.007981650743511511
-1105.77,-466.12,-1106.0426497675446,-466.97659843459815,42.324968024413565,44.56316193895685,-2.238193914543288,0.05151897999155575,-0.001361383842686108,0.009056383842686108,42.32506738865568,44.56330650624919,-0.0013614113374897576,0.009056411337489759
-1105.77,466.12,-1104.280250834553,465.61229917147926,46.061749280611295,46.523296080952065,-0.4615468003407699,0.009970223561231431,0.00028200828557534217,0.007412991714424658,46.06210241123246,46.52318834624226,0.0002817266936722622,0.007413273306327738
-1103.5,648.61,-1104.6219561435996,648.1147125312183,78.54615018979649,77.61180959776297,0.9343405920335215,0.01196660859689276,-0.00041000536364215915,0.00810500536364216,78.54651872481367,77.61188398490341,-0.0004101344409916733,0.008105134440991674
-1102.75,289.02,-1102.2952075864562,288.27103811230296,19.7346075289723,21.00200896902155,-1.2674014400492482,0.06222418791760301,0.001253040584817825,0.006441959415182176,19.734450962881844,21.002042420942768,0.001253228449745978,0.006441771550254023
-1101.13,-395.48,-1101.3627805035915,-394.94496407601383,31.046404027737612,32.897066078242545,-1.8506620505049334,0.05788431711440242,-0.0013366263417494348,0.009031626341749435,31.046367417750506,32.897037735694695,-0.0013366323128434468,0.009031632312843447
-1101.13,395.48,-1102.5864027898212,395.4316331419105,34.7419155742214,35.57496113219536,-0.8330455579739606,0.023694043222427172,0.0006002533393698143,0.007094746660630186,34.74177316625445,35.57502347137612,0.0006004008705077751,0.007094599129492225
-1100.91,141.79,-1100.2568884472137,141.83819171127828,4.9200404332790955,6.298523180575463,-1.3784827472963679,0.24575031077846485,0.0027750059942726925,0.004919994005727308,4.920254146070344,6.298567707147292,0.0027746654076574737,0.004920334592342527
-1098.89,-156.62,-1098.8100680033601,-156.21445620592374,4.2985410738512435,4.987271195791752,-0.6887301219405089,0.1483403071139167,-0.0012605355514086973,0.008955535551408697,4.298644564132403,4.987269055115206,-0.0012603422223044863,0.008955342222304487
-1098.86,-303.49,-1099.2653759774837,-304.2621543880659,18.686273770034873,19.959824239367336,-1.2735504693324629,0.06590835996030547,-0.0011962323634364836,0.008891232363436485,18.68672849995918,19.95986852676468,-0.001195846839151497,0.008890846839151497
-1096.68,171.42,-1095.4580292481076,171.84363870430442,6.840205005319974,8.304026378048833,-1.4638213727288596,0.1933173544002251,0.002442917235205799,0.005252082764794202,6.840430088918862,8.304010922129704,0.002442515807719317,0.0052524841922806835
-1095.85,-661.45,-1095.5454654604753,-660.9919521732647,75.16074802447584,78.95261277053956,-3.791864746063723,0.04920877367806213,-0.0016450387523575297,0.00934003875235753,75.16101338676484,78.95263751994082,-0.001644934366375658,0.009339934366375658
-1094.78,317.91,-1094.2263708600096,317.13411821583526,22.8374293140944,24.07392896210884,-1.2364996480144406,0.05271642917411243,0.0011194217103922314,0.006575578289607769,22.837655562285985,24.0739630459314,0.001119247741101584,0.006575752258898416
-1094.27,-186.2,-1094.5916304306022,-187.0174640667392,6.2912870693976295,6.985204265562201,-0.6939171961645716,0.10453322020967087,-0.0010649353314469401,0.008759935331446941,6.291752720749463,6.985264186183622,-0.0010643126678319475,0.008759312667831948
-1093.89,-562.41,-1093.4157349312216,-561.7697099180199,57.374256300157555,60.19990284885015,-2.825646548692596,0.04806577515237019,-0.001445187082083932,0.009140187082083933,57.374052815218086,60.199943245457696,-0.0014453118161776093,0.00914031181617761
-1093.89,562.41,-1092.733296777167,563.3117841950802,62.1453677001165,61.939136880838376,0.20623081927812592,0.003324038242721554,-0.00010525444037703653,0.007800254440377037,62.14508036808894,61.93923852547769,-0.00010505591756878169,0.007800055917568782
-1093.81,-493.54,-1093.366830950401,-493.1910469841533,45.82241209811632,48.16991123061253,-2.3474991324962104,0.04995086937655674,-0.0013676476836739053,0.009062647683673906,45.822145197024696,48.17011642210144,-0.001367922723743273,0.009062922723743273
-1093.81,493.54,-1095.625017509489,493.2929715696993,50.09847738516872,50.36871288811416,-0.2702355029454395,0.0053795771974983345,0.0001570816338056003,0.0075379183661944005,50.098707513459715,50.36874155043105,0.00015696452630483093,0.007538035473695169
-1091.66,200.93,-1091.7079095390297,201.08741767397476,9.171571717293112,10.682311905396649,-1.5107401881035365,0.15218586114577665,0.0021619632190540768,0.005533036780945924,9.171535075878282,10.682329739524778,0.00216204117694594,0.00553295882305406
-1091.19,-630.0,-1091.2825418996297,-630.1609678994217,69.35058005616557,72.83581951669343,-3.4852394605278647,0.04902352786198742,-0.0015921859536018803,0.009287185953601881,69.35067571492269,72.83578351146096,-0.0015921258046344426,0.009287125804634443
-1091.19,630.0,-1092.3725006798327,629.324126875199,74.205845828441,73.42581414391336,0.7800316845276427,0.010567268357935042,-0.0003564650668551821,0.008051465066855182,74.20566366903334,73.42591678630092,-0.0003563349158715921,0.008051334915871592
-1090.67,-423.47,-1090.8950875017183,-424.2188019367831,34.76442070401406,36.7234507980441,-1.959030094030041,0.05480734152152341,-0.0013298972288868895,0.009024897228886889,34.764531934911496,36.72365715877591,-0.001329961808243531,0.009024961808243531
-1090.67,423.47,-1089.8011212402569,422.82680675337775,38.06045057725093,38.77965652747676,-0.7192059502258275,0.018719545750908444,0.000490335549401451,0.007204664450598549,38.06082462522656,38.77970797335749,0.0004901156078459206,0.00720488439215408
-1090.5,-332.27,-1090.792994417382,-333.07417321438476,21.78648018572567,23.140851211272125,-1.354371025546456,0.06029163021407321,-0.001171127632947147,0.008866127632947148,21.78658651622801,23.140759994421565,-0.0011709568133124726,0.008865956813312472
-1088.85,-215.63,-1089.534196946045,-215.5763868910801,8.410880281344634,9.250969951377328,-0.840089670032695,0.09513042619694147,-0.0011236562261992679,0.008818656226199269,8.411222723491441,9.25080630871906,-0.001122979315909219,0.008817979315909219
-1088.05,674.21,-1086.5616024595167,674.0526070367617,82.26792548189653,81.2398703115167,1.0280551703798295,0.012574998829765203,-0.00044097924333185747,0.008135979243331858,82.26782889092418,81.24004316346017,-0.00044086366710933175,0.008135863667109331
-1086.04,346.57,-1085.2673092954158,345.70586890729624,26.122039299500347,27.275564636279807,-1.1535253367794596,0.04320513475349093,0.000965903049187311,0.006729096950812689,26.12243073980362,27.275613804110495,0.0009656164477452969,0.006729383552254704
-1085.85,230.29,-1085.3818291457965,230.55663314098504,11.655111226778548,13.21727014054882,-1.562158913770272,0.1256139402737159,0.0019611685310806314,0.005733831468919369,11.655452166840526,13.217276152892808,0.001960748055484379,0.005734251944515621
-1082.64,-244.91,-1081.4638925305628,-245.1812326892099,10.773294308029282,11.564930164052232,-0.7916358560229497,0.07087724066989678,-0.0009379422110750388,0.008632942211075039,10.773180409128894,11.564902895280369,-0.0009380448517698434,0.008633044851769843
-1081.39,-360.82,-1081.697637989334,-361.69881060769967,25.07523334493238,26.494118563745555,-1.4188852188131769,0.05502823542656976,-0.0011393159441374292,0.00883431594413743,25.075033831953135,26.493935488188406,-0.001139329142821032,0.008834329142821033
-1081.16,-520.66,-1081.356522797383,-521.5100114582659,49.856270558331516,52.271710184975774,-2.4154396266442575,0.04730221060015519,-0.0013455954355540425,0.009040595435554043,49.85627967734224,52.27189968485573,-0.0013456959223025506,0.009040695922302552
-1081.16,520.66,-1082.553128732613,520.4034132358026,53.87546296952464,54.00332921830138,-0.12786624877674058,0.0023705539556674814,7.130441829460614e-05,0.007623695581705395,53.875259518686434,54.00341306857791,7.146463132234265e-05,0.007623535368677658
-1080.1,-686.87,-1079.5918006464651,-687.4216631123636,79.24345442696341,83.18786046281257,-3.9444060358491555,0.04856706403596848,-0.0016697394023150339,0.009364739402315034,79.24376547813982,83.18816615135253,-0.0016697371322126945,0.009364737132212695
-1079.87,-588.88,-1080.6993457679584,-589.5839316999504,61.56643241468219,64.5635769821556,-2.9971445674734056,0.047524686342385186,-0.0014777706503888198,0.00917277065038882,61.56682645800974,64.5636108372745,-0.0014775930561649242,0.009172593056164925
-1079.87,588.88,-1081.0947401884723,588.2520660829186,65.9154349747188,65.56017383191885,0.3552611427999608,0.005404213694457145,-0.00017549727022022168,0.007870497270220222,65.91561600934317,65.56034525963163,-0.00017550201598764078,0.007870502015987641
-1079.5,-451.19,-1079.1779424371518,-450.83943918688965,38.18579083780584,40.087587641700964,-1.9017968038951238,0.04859370684741924,-0.0012280018608252636,0.008923001860825263,38.18589603676533,40.08774527135736,-0.0012280357156478395,0.00892303571564784
-1079.5,451.19,-1078.6783102779862,452.09063213230934,42.052808280927145,42.646562791724804,-0.593754510797659,0.014020281456124592,0.00038250695881186927,0.007312493041188131,42.05278104903718,42.64653802699832,0.000382508548201396,0.0073124914517986046
-1079.24,259.49,-1080.332022502522,259.85940389125966,14.550105970443994,16.028054656225514,-1.47794868578152,0.09666694500208035,0.0016539163524698914,0.006041083647530109,14.550521829279791,16.028082408903337,0.0016534820375797043,0.006041517962420296
-1076.56,375.0,-1075.878379399228,374.19250581184696,29.601845569751188,30.579576600521875,-0.9777310307706877,0.032492785830297084,0.0007629762265379649,0.006932023773462036,29.602014083629047,30.57961163203449,0.0007628720630531823,0.0069321279369468185
-1075.89,-655.79,-1075.316895286914,-655.3369787547383,73.11923693087266,76.61299276826685,-3.4937558373941897,0.04666671757195195,-0.0015575474261528674,0.009252547426152868,73.11928670615038,76.61304870223728,-0.001557550171752855,0.009252550171752855
-1075.89,655.79,-1075.5664947232126,656.4059751204832,78.2684742885275,77.39865874768984,0.8698155408376635,0.011175326787001252,-0.0003870501543076746,0.008082050154307675,78.26865741873422,77.3987919735282,-0.00038707236073256,0.008082072360732561
-1075.65,-274.02,-1074.1212738079175,-274.26707723118767,13.4499195326786,14.262167713093945,-0.8122481804153452,0.05862049821160641,-0.0008661869237406681,0.00856118692374067,13.449773859644878,14.262252039653049,-0.0008664321968537076,0.008561432196853708
-1072.0,699.43,-1073.1096520833598,698.5528849882718,86.18855552356789,84.93164220610451,1.256913317463372,0.014690414505586119,-0.0005267588110033892,0.00822175881100339,86.18867032497107,84.93178251245304,-0.0005267481221559595,0.00822174812215596
-1071.85,288.49,-1071.7864501248098,287.90863051494966,17.362383818548878,18.69707443862222,-1.3346906200733422,0.07402721419465107,0.0013588375357247206,0.00633616246427528,17.362444641487464,18.697179755670696,0.0013588828348118107,0.00633611716518819
-1071.53,-389.12,-1070.8203930406278,-388.917978873302,28.283612322264283,29.79970114472708,-1.5160888224627982,0.05220393713676093,-0.0011436677243612495,0.00883866772436125,28.283650989235852,29.799670800433084,-0.00114361566543444,0.008838615665434441
-1070.68,141.59,-1070.8771493328604,141.5898013938909,2.527756377312512,3.9068641440979572,-1.3791077667854452,0.4286524006183801,0.0028574356110174144,0.0048375643889825865,2.5278003537807177,3.9068652261443484,0.002857346736129347,0.0048376532638706535
-1068.62,-156.39,-1069.2151747258229,-156.04816135258616,2.099112720684716,2.5808056496290384,-0.48169292894432214,0.20585526961318693,-0.0009069772090741392,0.00860197720907414,2.0990498716327455,2.5807825273878437,-0.00090705201048765,0.008602052010487651
-1067.87,-302.92,-1068.2503896727958,-303.73073193809415,16.572395138292233,17.581281022680333,-1.0088858843881,0.059079197192889864,-0.000976855040571045,0.008671855040571046,16.572462190165435,17.58136686137582,-0.0009768732309356134,0.008671873230935614
-1067.85,-547.45,-1068.8225396254145,-547.7777645405096,53.64672061946611,56.09529107911333,-2.4485704596472218,0.044624122006666614,-0.0013138702388487981,0.009008870238848799,53.646750188469895,56.09542107998898,-0.0013139241292512386,0.00900892412925124
-1067.85,547.45,-1066.872146168143,547.0096222099281,57.62565324627495,57.563603423798675,0.06204982247627555,0.0010773543344237276,-3.340281539663698e-05,0.007728402815396637,57.62579261889628,57.56369886074654,-3.342646695809764e-05,0.007728426466958098
-1067.63,-478.61,-1066.918887760705,-478.3903752822769,41.90699646759916,43.82325968117339,-1.9162632135742328,0.04470447890063067,-0.0011794816758446118,0.008874481675844613,41.90711987660186,43.823335469917396,-0.0011794523650369235,0.008874452365036924
-1067.63,478.61,-1069.0992928912697,478.43203338532567,45.839341463759766,46.24293760451652,-0.4035961407567541,0.008765989392106587,0.00024788975890146933,0.007447110241098531,45.83933078532551,46.2430959771926,0.00024799359051617644,0.007447006409483824
-1066.35,171.16,-1067.2079705889282,171.11351375731473,4.573648716147644,5.9968508795681394,-1.4232021634204957,0.26927812645625915,0.0024484041012330067,0.005246595898766994,4.573688190623982,5.996890749830596,0.002448404782123172,0.005246595217876828
-1066.33,403.17,-1065.1535541121802,402.64489321986247,33.254520946357204,34.08102372230077,-0.8265027759435668,0.024548781182675162,0.000605424195240273,0.0070895758047597275,33.254481598498,34.08111542931172,0.0006055201946629051,0.007089479805337096
-1065.21,-615.0,-1064.7886888578812,-614.6198431634175,65.21370347342297,68.276131441036,-3.062427967613033,0.045882564310240605,-0.0014700961780786815,0.009165096178078681,65.21362600443886,68.27631374224438,-0.0014702208788622397,0.00916522087886224
-1065.21,615.0,-1063.364025622106,614.9179761158853,69.82608908851563,69.13134525301797,0.6947438354976612,0.009999376266405433,-0.000333791614227482,0.008028791614227482,69.8260499986944,69.13144841467049,-0.0003337232691100125,0.008028723269110014
-1063.88,-185.9,-1063.7182314747263,-185.75398301349446,3.961018641990223,4.453903505782984,-0.492884863792761,0.1171454364371488,-0.0007836652989223286,0.00847866529892233,3.960907627066762,4.4539615564443,-0.0007839341057812215,0.008478934105781221
-1063.76,-711.91,-1062.3300193561201,-711.3391863204217,82.86939798469305,86.73763223700035,-3.8682342523073032,0.04561407917173165,-0.0016081496150563157,0.009303149615056317,82.86968270679628,86.73811422546707,-0.001608231625039634,0.009303231625039635
-1063.69,317.29,-1062.3583253263396,317.9402291524759,20.698557417413614,21.882443881065225,-1.1838864636516107,0.055606323362522886,0.0011011422311303946,0.006593857768869606,20.698772910690707,21.882429699593803,0.0011009286088171258,0.006594071391182874
-1061.2,200.61,-1061.9171831416415,200.67987630858659,6.901236495898422,8.323622112554233,-1.422385616655811,0.18685042051768153,0.0020968760134273032,0.005598123986572697,6.901485170020482,8.32372070389505,0.002096654761904276,0.005598345238095725
-1060.94,-417.15,-1060.4447000687394,-416.8671310223876,31.827837016253998,33.46330452245232,-1.6354675061983208,0.0500976845451162,-0.0011622675516672946,0.008857267551667295,31.827829650816042,33.46333569954092,-0.0011622949424456542,0.008857294942445654
-1059.98,-681.21,-1060.1579440416283,-681.5408867789772,77.192015275714,80.8868820088629,-3.694866733148899,0.046747121805857786,-0.0016065201034799828,0.009301520103479984,77.19198527962789,80.8871835328908,-0.0016066642477120597,0.00930166424771206
-1059.98,681.21,-1059.5128080504867,682.2989267370064,82.37699332109568,81.19020951147948,1.1867838096162018,0.014511268629212608,-0.0005157516029153954,0.008210751602915395,82.37683758008163,81.1903437435552,-0.0005156255866311795,0.00821062558663118
-1059.31,-331.6,-1059.1289945251544,-331.3353884811191,19.529706839335173,20.60807504467793,-1.0783682053427555,0.05373332330415947,-0.0009653843775091493,0.008660384377509149,19.529536619551454,20.60800827448672,-0.0009654769883817398,0.00866047698838174
-1058.33,-215.28,-1058.8598379996367,-215.3019862367419,6.227262769098221,6.846283500727086,-0.619020731628865,0.09469821253589161,-0.0008530383467421408,0.008548038346742141,6.2272058500337675,6.846184897417526,-0.0008529809039818036,0.008547980903981805
-1055.38,724.28,-1053.2191359156386,724.3010757936968,90.21948006277331,88.63973119781089,1.5797488649624256,0.01766471912548974,-0.0006505790189363431,0.008345579018936344,90.21974874973641,88.63992616495669,-0.0006506093785507573,0.008345609378550757
-1055.36,431.06,-1054.5633498999703,430.5076381094803,37.06898190067096,37.63867038524422,-0.5696884845732555,0.015251141406317765,0.0003942155748468106,0.00730078442515319,37.06900412554598,37.63868597019563,0.0003942109801229016,0.0073007890198770985
-1055.25,229.9,-1056.1852075059478,230.07597643467838,9.520376110966843,10.952400568563952,-1.4320244575971088,0.13989547974006705,0.00185135180388094,0.00584364819611906,9.520225366534849,10.952472476590136,0.0018516396537342729,0.005843360346265728
-1055.06,-505.72,-1055.141963037671,-506.6331931256945,45.88101989486388,47.999799112609054,-2.118779217745171,0.04513763812768859,-0.0012451768614143662,0.008940176861414366,45.881095751484025,47.99997363282387,-0.0012452348446266416,0.008940234844626641
-1055.06,505.72,-1053.9538048439917,505.24225547939596,49.5750525793148,49.67845741625038,-0.10340483693558156,0.0020836509850422793,6.1005569475612225e-05,0.0076339944305243886,49.57514115787319,49.6785508885244,6.1008456612399003e-05,0.007633991543387601
-1054.74,345.85,-1055.602777222293,346.01444819067564,24.200040801361148,25.255309787851008,-1.0552689864898603,0.04267562453475152,0.0009076497444631071,0.006787350255536893,24.199923781168064,25.25533957378897,0.0009077760142095272,0.006787223985790473
-1053.87,-573.9,-1053.1852761417977,-573.4536853815009,57.242449402187674,59.86259442779268,-2.620145025605005,0.04474862806778977,-0.0013629253706362685,0.00905792537063627,57.24268613217892,59.862426392142254,-0.0013627148229922255,0.009057714822992226
-1053.87,573.9,-1051.6631565003318,573.7664314860365,61.66846290007491,61.27330294577344,0.39515995430146944,0.006428408630423356,-0.00020573633731395968,0.00790073633731396,61.66853144234183,61.27337633069367,-0.0002057338160317693,0.00790073381603177
-1051.96,-244.48,-1051.990907398377,-244.25578607727797,8.61421178850172,9.250542465324834,-0.6363306768231141,0.07123867116020527,-0.0007779933536291174,0.008472993353629117,8.614224008130243,9.250473735592662,-0.0007778943829729862,0.008472894382972987
-1049.98,-360.04,-1049.5899685728516,-359.7599082546981,22.75393239050755,23.966259855667097,-1.2123274651595466,0.051897366293855926,-0.0010086427745037874,0.008703642774503789,22.753906792713636,23.966162607080808,-0.0010085831618528386,0.00870358316185284
-1049.92,-640.76,-1050.9165422648969,-641.260401579848,69.28265814631945,72.49135226104792,-3.2086941147284733,0.04526491287801973,-0.0014958069250280313,0.009190806925028033,69.28281161682338,72.4914208811071,-0.001495767370032039,0.009190767370032039
-1049.92,640.76,-1047.9747376645678,640.9785312879598,73.93933736761807,72.98541933973124,0.9539180278868287,0.012985123123761658,-0.00044613534530413165,0.008141135345304132,73.93950806698288,72.98549909572051,-0.0004461778783657401,0.00814117787836574
-1049.6,-444.9,-1049.3544344876693,-444.48732175385163,35.39572509715627,37.11633535237209,-1.7206102552158171,0.04745721593205695,-0.0011589129068264406,0.00885391290682644,35.39574728422636,37.11655404401672,-0.0011590452620108887,0.00885404526201089
-1048.48,259.02,-1047.211278430498,259.39408740918265,12.273138876081166,13.54113146356946,-1.267992587488294,0.09823966130397743,0.0014664666941743977,0.006228533305825602,12.273346236829482,13.54111496748741,0.0014662077978770253,0.006228792202122975
-1046.84,-736.56,-1048.0138212897407,-736.701179313032,86.9318616592956,90.98503402388356,-4.053172364587951,0.04556253467692614,-0.0016492502944837895,0.00934425029448379,86.93207154413241,90.98552693119666,-0.0016493654573390521,0.009344365457339052
-1045.04,374.17,-1043.6198673405484,373.557164512365,27.542784968503994,28.337143765094645,-0.7943587965906502,0.028430916595390366,0.0006401285148909816,0.007054871485109019,27.543086825185565,28.33723196339801,0.0006399563397719791,0.007055043660228021
-1044.79,-273.5,-1044.8397125416468,-273.20596828406815,11.276117292131694,11.999016099381524,-0.7228988072498304,0.062117694029063655,-0.0007955867240021032,0.008490586724002104,11.276168754670884,11.99903558193592,-0.0007955515284102972,0.008490551528410297
-1043.66,458.65,-1042.693905437146,458.0692902260343,40.92785032322926,41.32272813275351,-0.3948778095242531,0.00960182449623928,0.0002597314796379191,0.007435268520362082,40.92792916676447,41.322877745227004,0.00025977802801467853,0.007435221971985322
-1043.47,-706.24,-1044.0008505688395,-706.523417669106,80.99924649614022,84.77692223375014,-3.7776757376099255,0.04557561881847002,-0.0016089669970530416,0.009303966997053041,80.99961127512759,84.77741188290965,-0.0016090201810740714,0.009304020181074072
-1043.47,706.24,-1041.770668445872,706.443229194196,86.1889924389054,84.69476613056509,1.4942263083403162,0.01748821913620139,-0.0006378475015916973,0.008332847501591698,86.18893461212654,84.6949382204077,-0.00063774935598834,0.00833274935598834
-1041.8,-532.5,-1041.0253984983297,-532.1439574462061,49.34131091909848,51.614661520014984,-2.273350600916501,0.045036475722871346,-0.0012892164281212018,0.008984216428121201,49.34125941410721,51.61472134508098,-0.0012892795633625113,0.008984279563362512
-1041.8,532.5,-1041.4087586277944,533.4292729339454,53.87643572095618,53.74895936800087,0.12747635295531268,0.002368889848905046,-7.209106344498669e-05,0.007767091063444987,53.876364389320024,53.74902883052262,-7.201144083000688e-05,0.007767011440830007
-1040.91,287.94,-1040.2320775713667,288.4739155316925,15.433967700252445,16.54845136465806,-1.1144836644056149,0.0696935189388704,0.0011667741226509016,0.006528225877349099,15.43412106633279,16.548609110788636,0.001166778708208707,0.006528221291791293
-1039.9,-388.22,-1039.33485800983,-388.0085562100346,26.106050445314207,27.547878151220058,-1.441827705905851,0.053745466310512996,-0.0011232241784142137,0.008818224178414213,26.106196976916976,27.547816808695657,-0.0011230622386451637,0.008818062238645164
-1039.31,-149.43,-1039.105591542374,-149.28914601287056,-0.6579108716057265,-0.19796935698580143,-0.45994151461992505,1.0747800901460802,-0.0009314607691554359,0.008626460769155436,-0.6578068756783502,-0.19792160535361525,-0.0009313468647723936,0.008626346864772394
-1039.31,149.43,-1040.4930348585665,149.51726279308787,0.998954105229604,2.177421317512154,-1.1784672122825501,0.7420201049568191,0.0023797802800819114,0.005315219719918089,0.9990049317272494,2.1774812919910733,0.002379798753387924,0.0053152012466120765
-1039.23,-600.0,-1039.903102988999,-600.6464074794441,61.31444389857605,64.18452172536587,-2.8700778267898173,0.04573866904034915,-0.001443549857567375,0.009138549857567376,61.31470477514854,64.18462008725939,-0.0014434681183059905,0.00913846811830599
-1039.23,600.0,-1040.4799892832425,599.2486289296065,65.75735686487154,65.12295318518693,0.6344036796846098,0.009694409792305137,-0.0003196500559434153,0.008014650055943416,65.75747003203993,65.12302198446491,-0.0003196724111079674,0.008014672411107968
-1038.17,748.73,-1037.3003330639988,749.7904017517551,94.43585718734943,92.68631963553148,1.7495375518179515,0.018699414270644824,-0.0007066896768473468,0.008401689676847348,94.43584715456437,92.68645002117562,-0.0007066329577136251,0.008401632957713626
-1037.55,-472.33,-1036.9982536470952,-472.03265248605186,39.046001884344406,40.8401124680208,-1.7941105836763924,0.044916706694804305,-0.0011514604198825213,0.008846460419882522,39.04601749533833,40.840199905585216,-0.0011515065181853619,0.008846506518185363
-1036.82,-302.31,-1036.7585864179994,-302.0113404344929,14.18543290345717,15.12854651655719,-0.9431136131000208,0.06434565567417315,-0.0009462654741621083,0.00864126547416211,14.185477784403034,15.128573030574719,-0.000946247045851978,0.008641247045851978
-1034.62,-179.05,-1034.624818810047,-179.80705674378842,1.2863246092988172,1.7899448500620991,-0.5036202407632819,0.32742270949691593,-0.0008504786675178647,0.008545478667517864,1.2864203955780527,1.790010154111073,-0.0008504271912576242,0.008545427191257624
-1034.62,179.05,-1035.1436274698615,178.52046325990804,3.005655355378803,4.236572453055691,-1.2309170976768886,0.3399277488187625,0.002092618492271802,0.005602381507728198,3.005680284434707,4.236586215072414,0.002092599507766071,0.005602400492233929
-1034.57,402.21,-1035.6272154031951,402.433317644864,31.466187862390775,32.152800283143876,-0.6866124207531001,0.021585141190312778,0.0005175640998183091,0.007177435900181692,31.46619475239858,32.15286007888817,0.0005176039798278361,0.007177396020172164
-1034.01,-666.13,-1032.951170588899,-665.8284632973356,72.82991163252014,76.2134915381631,-3.3835799056429607,0.04540395393103194,-0.001545553919841878,0.009240553919841878,72.82992698405633,76.21353732841325,-0.001545567823658248,0.009240567823658249
-1034.01,666.13,-1033.890565131045,667.0450177039992,78.13964966063892,77.03622419578508,1.1034254648538422,0.014221611097544495,-0.0005026470733736531,0.008197647073373653,78.13982611804911,77.0363621678003,-0.0005026646047536728,0.008197664604753673
-1032.54,316.63,-1031.2732351012528,317.1559602737067,18.620401028670866,19.64862208765581,-1.0282210589849434,0.05373646752672265,0.0009876196975142494,0.006707380302485751,18.620374378291906,19.648636489061627,0.00098765912828734,0.00670734087171266
-1031.25,485.93,-1029.597784641602,485.49357169363185,44.76976874452668,45.00170719612176,-0.2319384515950773,0.00516730841650462,0.0001457711375483039,0.007549228862451697,44.76986129422759,45.0017727477246,0.00014575416949734268,0.0075492458305026575
-1029.36,-760.81,-1028.782266652356,-760.816534252446,90.5842171640945,94.85824392625948,-4.274026762164979,0.04609544909008219,-0.0017154722535155126,0.009410472253515514,90.58424938363298,94.85856369358874,-0.0017155876669848438,0.009410587666984844
-1029.09,-208.52,-1028.7111553964578,-208.176977753086,3.327910241852912,3.93973598811224,-0.6118257462593277,0.16836971060498673,-0.0008975351641405609,0.00859253516414056,3.327846367544451,3.939565209175427,-0.0008973783373581943,0.008592378337358195
-1029.09,208.52,-1027.5778754972628,208.67599447357574,5.337643427234848,6.614914196267883,-1.2772707690330343,0.2137234237668919,0.0018713094426734504,0.00582369055732655,5.337631155378299,6.6149913327842675,0.0018714404334833734,0.005823559566516627
-1029.05,-416.12,-1029.1679269856515,-417.077282114237,29.863128370450383,31.485692150387703,-1.6225637799373196,0.05289633170327017,-0.0011875417081995943,0.008882541708199595,29.863135608582958,31.485727872282517,-0.0011875625552418398,0.00888256255524184
-1028.06,-330.89,-1028.1312718416186,-330.44808926793104,17.290191493084745,18.359908565866334,-1.0697170727815895,0.06001200956029313,-0.0009891610023585783,0.008684161002358578,17.29013383916312,18.359821625929435,-0.0009891339217547816,0.008684133921754782
-1027.86,-558.93,-1027.957720759832,-558.3314777874422,53.171467176096684,55.55209080294763,-2.380623626850948,0.04379223180517687,-0.0013030865017469608,0.00899808650174696,53.171440542186446,55.552349170225504,-0.0013032425033916643,0.008998242503391665
-1027.86,558.93,-1028.6908055402419,558.5893831125094,57.62994240226162,57.340663154810365,0.28927924745125466,0.0050322296912258145,-0.0001581574363199107,0.007853157436319912,57.629919307553294,57.34079345799179,-0.00015807356920122126,0.007853073569201221
-1026.37,-730.87,-1024.8727195087033,-730.3788914414704,84.55198260380867,88.4490246740485,-3.8970420702398343,0.04505224716964554,-0.0016355612801090653,0.009330561280109066,84.55188215014128,88.4495958697094,-0.001635843166631035,0.009330843166631035
-1026.37,730.87,-1027.6075581312325,729.827980167183,89.96296248332808,88.37082515624046,1.5921373270876273,0.01785570023674376,-0.000666933600264112,0.008361933600264113,89.96303966152595,88.37100003389074,-0.000666892674744415,0.008361892674744416
-1024.77,-499.44,-1024.3804971546253,-499.03769118803865,42.79709978298985,44.81289094632669,-2.015791163336843,0.046017381044244486,-0.0012387987547042175,0.008933798754704217,42.79696758907308,44.81304322579463,-0.0012389735770177263,0.008933973577017727
-1023.95,-625.72,-1023.6148433745793,-625.1448741637499,64.86598119194922,67.90032378610091,-3.0343425941516955,0.04570952840260719,-0.0014896945766263072,0.009184694576626308,64.8660130581545,67.90047625908387,-0.0014897537878910366,0.009184753787891037
-1023.95,625.72,-1025.3486785604389,624.8982964656296,69.65754263042322,68.83359353291607,0.8239490975071533,0.011898943431807373,-0.00040398881227098385,0.008098988812270985,69.65766490265348,68.83369187860156,-0.00040400054364666323,0.008099000543646664
-1023.38,345.09,-1024.2028679015996,345.3966425847434,22.112966629752144,23.098322647244068,-0.9853560174919238,0.04358893688941001,0.0008750622452943825,0.006819937754705618,22.112863829624114,23.09839599936737,0.0008752186803105869,0.006819781319689413
-1023.35,429.96,-1022.398802929945,429.41802093743604,34.90819818829607,35.4975766238589,-0.5893784355628284,0.016742332205996184,0.0004217387591910348,0.007273261240808965,34.908461063698184,35.49757268556573,0.0004215478365681591,0.0072734521634318415
-1022.71,-237.82,-1021.4446152605842,-237.94212571722753,5.754335259455313,6.403350315251661,-0.6490150557963474,0.106766218258937,-0.0008389160124491331,0.008533916012449133,5.754543404066679,6.403233902577634,-0.0008384964901264369,0.008533496490126437
-1022.71,237.82,-1023.3949907745022,238.10348683264888,8.181189599635747,9.487261643484155,-1.306072043848408,0.14784227840648936,0.0016838676909876453,0.006011132309012355,8.181214894285368,9.487295129232812,0.0016838782514518142,0.0060111217485481865
-1020.4,772.78,-1021.377110796413,771.7478568789348,97.90311483146269,96.11777069332791,1.785344138134775,0.018403628385735376,-0.0007115579274610047,0.008406557927461006,97.90341788966344,96.11799933163516,-0.0007115875878856004,0.008406587587885601
-1018.51,-359.22,-1017.8599807203249,-359.1466052594673,20.58246202116074,21.79510258895552,-1.2126405677947787,0.0572303094314816,-0.00104213062947571,0.00873713062947571,20.582784658595262,21.79499283823254,-0.001041759039612465,0.008736759039612466
-1018.12,512.87,-1016.0293357284542,512.5522723659382,48.625390742182674,48.71286156902727,-0.08747082684459428,0.001797254928410518,5.27677642637686e-05,0.007642232235736231,48.625150621018435,48.71295721616715,5.2970320285680474e-05,0.00764202967971432
-1017.48,-691.11,-1018.2407785669362,-691.5689589141953,76.8815588659445,80.52375016838826,-3.642191302443763,0.046277871118684304,-0.0016249000356627805,0.00931990003566278,76.88201395949739,80.52408312873246,-0.0016248455480648817,0.009319845548064882
-1017.48,691.11,-1018.8330065399797,690.2893392910679,81.75708425786995,80.51286732692442,1.2442169309455267,0.015335148852809751,-0.0005557913803572453,0.008250791380357246,81.75737431943021,80.51306021284597,-0.0005558347886898559,0.008250834788689857
-1017.46,-443.72,-1017.2239318035772,-443.26476594701745,33.2528905016181,34.928010734984426,-1.6751202333663286,0.04913752100616265,-0.001167121518583447,0.008862121518583448,33.25294868604381,34.92823013431011,-0.001167233843284164,0.008862233843284165
-1015.5,-266.93,-1015.9247267266418,-267.72097759008506,8.649791192141887,9.361716328158213,-0.7119251360163261,0.07905225425622389,-0.0008223188895915446,0.008517318889591546,8.649543241028434,9.361747056132277,-0.0008226407816925616,0.008517640781692561
-1015.5,266.93,-1015.214626123605,266.3221500332493,10.905720838264976,12.153091172040883,-1.2473703337759066,0.10819033809880661,0.001449372875778446,0.006245627124221554,10.905804971799348,12.153107915427332,0.0014492945722868135,0.006245705427713187
-1013.44,373.28,-1014.0477338137016,373.41321884837186,25.568747479220853,26.460724020881493,-0.8919765416606396,0.03428735737432524,0.0007400400414989791,0.006954959958501022,25.569133072072457,26.460769119276186,0.0007397575458051428,0.0069552424541948574
-1013.25,-585.0,-1013.1163481622675,-584.5798717185512,57.017259974637405,59.671901344056636,-2.654641369419231,0.045499364969622896,-0.001408161770609702,0.009103161770609703,57.01724829472401,59.671847069990704,-0.0014081391764250604,0.009103139176425062
-1013.25,585.0,-1012.0195765354134,584.7194758469037,61.36216242352772,61.03694047605822,0.32522194746950106,0.005314123057524488,-0.00017266059994876167,0.007867660599948763,61.36199102169696,61.03720231337467,-0.00017243059292844473,0.007867430592928446
-1011.38,457.39,-1010.7692985172783,458.1403237965679,38.91869221553189,39.449330524515005,-0.5306383089831144,0.01354221506246967,0.00035999619669393253,0.007335003803306068,38.91897326282935,39.44945206641231,0.00035988798487350136,0.007335112015126499
-1011.31,-784.64,-1012.391863816361,-785.2178852587276,94.55966600670655,98.89902686245256,-4.339360855746008,0.04486085159978648,-0.0017148921418814124,0.009409892141881412,94.55945213117252,98.89926876166815,-0.0017150722616185313,0.009410072261618531
-1011.29,-526.21,-1010.5528528533068,-525.9091996401638,46.59929243548929,48.73838693181838,-2.1390944963290934,0.044874062606197904,-0.001264474404129007,0.008959474404129007,46.59964739574971,48.73848158935665,-0.0012643205324183121,0.008959320532418312
-1011.11,-134.37,-1010.7095270993841,-134.52794711215464,-3.603129976656148,-3.2146272997246657,-0.3885026769314823,0.11396788157225739,-0.0008976458221333799,0.00859264582213338,-3.6028518598476422,-3.2145106667450536,-0.0008972727094292579,0.008592272709429258
-1011.11,134.37,-1011.7619077189912,134.61061267688322,-2.2359467435750124,-1.033604970141492,-1.2023417734335204,0.7354780585909845,0.0027734489959309718,0.004921551004069029,-2.2360862483838275,-1.0335436112791871,0.002773912329368515,0.0049210876706314854
-1008.68,-755.09,-1008.0788377041682,-755.8390469745272,88.6941726223343,92.79944887572323,-4.105276253388922,0.04523879373284597,-0.0016926549591831234,0.009387654959183124,88.69409746798223,92.79976483381998,-0.0016928162195673797,0.00938781621956738
-1008.68,755.09,-1008.1540765901404,755.7739494244931,93.99820088204856,92.41050462152218,1.5876962605263856,0.017034572030714228,-0.0006546338614196206,0.008349633861419622,93.99810401510614,92.41067185359668,-0.000654524968954765,0.008349524968954766
-1008.18,-387.27,-1007.403408993628,-387.1693892108421,24.054007858288,25.412727272006972,-1.3587194137189726,0.05493467115386196,-0.0010943978317612057,0.008789397831761206,24.053922123370477,25.412673076976866,-0.0010944232359646445,0.008789423235964645
-1008.03,-651.06,-1007.6338531051741,-650.8243569051342,68.81855147740988,71.94026445481524,-3.121712977405352,0.04435548788515593,-0.0014954651428296423,0.009190465142829642,68.81854232315152,71.94032180320771,-0.001495497001106478,0.009190497001106478
-1008.03,651.06,-1007.9554578169997,651.9280491724502,73.75886324485853,72.91566712281865,0.8431961220398847,0.011497512484631085,-0.00040312289616010533,0.008098122896160105,73.75874950051845,72.91577431200423,-0.00040301727024414323,0.008098017270244144
-1007.47,-295.82,-1006.9712580581294,-295.6530309488639,11.4406408284806,12.28938972660394,-0.8487488981233398,0.07153373832816087,-0.0008956321728043101,0.00859063217280431,11.440610468445081,12.28943794639304,-0.0008957150932289698,0.00859071509322897
-1007.47,295.82,-1008.0900630709531,296.17143395498204,14.200840052313811,15.386088419728873,-1.1852483674150616,0.08011973047726315,0.0012471443874408337,0.006447855612559167,14.200671327943212,15.386159896492245,0.0012473971323543262,0.006447602867645674
-1006.73,-164.0,-1006.9708293179543,-164.27364019699192,-1.836771785749665,-1.399555330209063,-0.43721645554060196,0.2701929933996064,-0.000830350786087807,0.008525350786087807,-1.8368032321782275,-1.3994593965626514,-0.0008305927032069968,0.008525592703206998
-1006.73,164.0,-1006.7110978488201,164.0031968809806,-0.34178178560806405,0.9418128504726635,-1.2835946360807275,2.0,0.0024424213987985343,0.005252578601201466,-0.3417638238923022,0.941822598655687,0.002442405770104275,0.005252594229895725
-1005.12,-470.99,-1004.700094201468,-470.68605344412816,37.01829842429838,38.70294240395073,-1.6846439796523498,0.044495942254128104,-0.0011191549856597273,0.008814154985659729,37.018376478113325,38.70304587689199,-0.0011191718722792696,0.00881417187227927
-1004.28,539.46,-1005.3112861310022,539.1830995721576,52.69223763264107,52.7360259417705,-0.043788309129432434,0.0008306749565030352,2.5378807926169966e-05,0.0076696211920738305,52.69253190186572,52.736115729473354,2.526029462046464e-05,0.007669739705379536
-1002.72,401.19,-1003.6509253238027,401.2117819929683,29.201751539460908,30.032073203932242,-0.8303216644713345,0.02803538917395157,0.0006477984057390766,0.007047201594260924,29.201621297224094,30.032104721382254,0.0006479246070315663,0.007047075392968434
-1002.07,796.4,-1003.5203666095108,795.3037801760134,101.66396412900903,99.8491540485017,1.8148100805073284,0.01801183066314007,-0.0007143677133789918,0.008409367713378992,101.66389354380155,99.84934838900392,-0.0007142634300848407,0.008409263430084841
-1001.48,-193.48,-1001.3291305382996,-193.66829633518273,0.17794256240394368,0.6509167727166076,-0.47297421031266396,1.1412653275935498,-0.0007662172948143292,0.00846121729481433,0.17829724199352626,0.6508945259512782,-0.0007656066748572411,0.008460606674857242
-1001.48,193.48,-1000.733689926145,193.72391797910004,1.933940760058185,3.2503270911174216,-1.3163863310592365,0.5078388574235134,0.00213319949518324,0.00556180050481676,1.9341328026482643,3.2504036182706137,0.002133012302817413,0.005561987697182587
-1000.35,-715.69,-1001.0063773191082,-716.5440440718089,80.9166942625812,84.45079198979948,-3.534097727218281,0.042742352893054315,-0.0015479206451054924,0.009242920645105493,80.9170955301852,84.4514028844825,-0.0015480124609262335,0.009243012460926233
-1000.35,715.69,-998.6974775787502,715.7755613786363,85.64651021215616,84.31967588024114,1.3268343319150233,0.015612921162962702,-0.0005831170684359095,0.00827811706843591,85.64640966375258,84.31981192608009,-0.0005830130900131338,0.008278013090013135
-998.68,484.5,-999.3635632571744,484.45487976908817,42.74255897923214,43.13229613247895,-0.3897371532468057,0.009076863133913007,0.00025289767429330134,0.007442102325706699,42.7423582095302,43.1323222453476,0.00025304489678405675,0.007441955103215944
-998.61,-324.47,-997.9550309474594,-324.4675343147532,14.68071869057652,15.605340795409951,-0.924622104833432,0.06105925435834661,-0.0008970815486823642,0.008592081548682365,14.680782874119352,15.605307708007253,-0.0008969871750241933,0.008591987175024194
-998.61,324.47,-997.7256255500682,323.8455667108846,17.303690015608524,18.413586514229006,-1.1098964986204827,0.06214899938931773,0.0010791536180362704,0.00661584638196373,17.30387421192798,18.413635616953563,0.0010790222663815078,0.006615977733618493
-997.98,-610.69,-998.4577158880505,-611.5442804450679,61.26103818936801,63.96361875163729,-2.702580562269283,0.04316371277491298,-0.0013904998148264484,0.00908549981482645,61.26104420100279,63.96385225342355,-0.0013906168603709645,0.009085616860370965
-997.98,610.69,-997.7185709310861,611.4584233680247,65.57779081797541,65.01426272441752,0.5635280935578919,0.008630358100234006,-0.0002901953548041832,0.007985195354804183,65.57802083301338,65.01435981355104,-0.0002902638065467781,0.007985263806546778
-997.11,-552.61,-997.5256729344427,-553.3109513842456,50.8027966828509,52.95253221140128,-2.14973552855038,0.04143855648593045,-0.0012236058902439894,0.00891860589024399,50.80310519464664,52.95272528082502,-0.0012235401817117133,0.008918540181711714
-997.07,-415.02,-996.394268406115,-414.7695659004585,27.698298161315737,29.148745539363418,-1.4504473780476808,0.051029826130794986,-0.0011025892330330583,0.00879758923303306,27.698391103840393,29.1488380000251,-0.0011025888667344022,0.008797588866734403
-995.37,-222.8,-994.9915415756885,-222.61529431003274,2.5134440351732135,3.045277963206731,-0.5318339280335174,0.1913511516454743,-0.0007543128827623599,0.00844931288276236,2.5133434980519613,3.0451728436733507,-0.0007543063834167558,0.008449306383416757
-995.37,222.8,-994.1725481417221,223.03434066619,4.5113988092062165,5.865437988648097,-1.3540391794418802,0.26097339792832897,0.0019184372571818594,0.005776562742818141,4.511537288456404,5.865448758071702,0.0019182563146410941,0.005776743685358906
-992.71,-808.04,-992.7989187725041,-808.3444442288203,98.43144305677063,102.75753362693702,-4.326090570166386,0.043005244536508586,-0.0016935098498075372,0.009388509849807538,98.4314177627566,102.75774993032718,-0.0016936044265569283,0.009388604426556929
-992.06,-497.92,-992.6024054495985,-498.5182602120808,41.139882751890894,42.930799539671355,-1.7909167877804606,0.042605025651378726,-0.0011370220479556842,0.008832022047955685,41.13976895747368,42.93102686930119,-0.0011372386217045234,0.008832238621704524
-991.49,-675.98,-990.4095486366633,-675.6055017672343,72.80868058254927,75.94859609424921,-3.1399155116999395,0.042215286295163384,-0.0014742116491726198,0.00916921164917262,72.80907044676735,75.94879124382523,-0.0014741202293262815,0.009169120229326281
-991.49,675.98,-990.0025578812479,675.996158865888,77.49413757854474,76.49270263404952,1.001434944495216,0.013006760098624464,-0.0004701019683120544,0.008165101968312055,77.49438471783765,76.49286219779667,-0.00047014307875728646,0.008165143078757287
-991.23,428.78,-990.3628685334601,428.15273069879896,32.77901878236963,33.46918885483881,-0.6901700724691793,0.020835886647642486,0.0005113437224139322,0.007183656277586068,32.779342084206206,33.46928561857807,0.0005111758814156467,0.007183824118584353
-990.43,-778.88,-990.6389201613969,-779.3134145564111,92.66155947771186,96.6537422017294,-3.992182724017539,0.042174960910210155,-0.0016245487381357125,0.009319548738135713,92.6619638980408,96.6539129589853,-0.0016244536530465052,0.009319453653046506
-990.43,778.88,-991.9531606304557,777.7597267191358,97.62351863348113,95.9283898555509,1.695128777930222,0.017516012021408504,-0.0006902651588339245,0.008385265158833925,97.62343028274599,95.92859957386808,-0.0006901437835824262,0.008385143783582426
-989.76,565.67,-989.1551941772796,566.465218441012,56.8038475260759,56.62792300015637,0.1759245259195268,0.003101856298343548,-9.863670982979745e-05,0.007793636709829798,56.80357943160641,56.62802544639692,-9.842895644063806e-05,0.007793428956440638
-988.94,-352.85,-989.6367145557803,-353.43222369379146,18.24226651963049,19.229800785595685,-0.9875342659651949,0.052707754708129745,-0.0008869928206039278,0.008581992820603929,18.242279775383313,19.229770100222115,-0.0008869533531494985,0.008581953353149499
-988.94,352.85,-987.9617183332293,353.46141032575656,20.986702531858157,22.025374883368748,-1.0386723515105913,0.04829677680915203,0.0009344290276654015,0.006760570972334599,20.986867662361927,22.025433527729533,0.0009343332286938533,0.006760666771306147
-988.4,-251.92,-988.3369506683429,-251.62896312579747,5.204442548182644,5.705849232160016,-0.5014066839773719,0.09191444079997357,-0.0006333945630594175,0.008328394563059418,5.204383747630901,5.705866153203642,-0.0006334902172426296,0.00832849021724263
-988.4,251.92,-987.1064429638001,252.1855564760806,7.356918448610635,8.684868794953216,-1.3279503463425808,0.16556139614373325,0.0016758977318802747,0.006019102268119726,7.357184168376429,8.684884345378633,0.001675582013577042,0.006019417986422958
-985.25,511.25,-983.3658395813985,510.9020218554874,46.50392050351485,46.69751503169811,-0.19359452818326162,0.004154325028826805,0.0001210570849338315,0.007573942915066169,46.504199208566675,46.69763934661069,0.0001209605428446786,0.007574039457155322
-985.21,-442.46,-984.6486666902571,-442.2118685263319,31.477686125883356,32.884470809698655,-1.4067846838152995,0.04371465316873406,-0.0010149994629261847,0.008709999462926185,31.477548947562653,32.88468587191736,-0.0010152536055554266,0.008710253605555426
-983.2,819.58,-980.9807143833476,819.7447592747267,105.62878179160045,103.68173011547043,1.947051676130016,0.018604432795945414,-0.000760655890104122,0.008455655890104122,105.62871062708821,103.68200984370658,-0.0007605188066157239,0.008455518806615724
-982.62,-739.83,-981.1321244706405,-739.6759217199287,84.61339816446959,88.1887328747905,-3.5753347103209165,0.04138067845365417,-0.0015477385526148956,0.009242738552614895,84.61331694007434,88.18916726276427,-0.001547961757770884,0.009242961757770885
-982.62,739.83,-982.3151506225199,740.6061859607144,89.79886997482434,88.3007127147548,1.4981572600695472,0.016823815501923762,-0.0006469475884229739,0.008341947588422974,89.79904026245241,88.30091145632966,-0.000646935301186679,0.00834193530118668
-982.24,-578.63,-982.8203982324588,-579.0662037037628,54.783653703106715,57.04171796083703,-2.258064257730318,0.04038554442754236,-0.0012464756209682052,0.008941475620968205,54.78384492726742,57.04168601215714,-0.0012463524271732955,0.008941352427173296
-982.06,-635.97,-981.3454449282939,-635.6409490631648,65.0107962526033,67.70302532311082,-2.6922290705075227,0.040571947044288646,-0.0013559013830768225,0.009050901383076824,65.01074589290224,67.70302891654079,-0.0013559285557738956,0.009050928555773895
-982.06,635.97,-980.4168427957114,636.0271865893133,69.39003520567417,68.63554753622616,0.7544876694480109,0.010932577199965288,-0.00038011549720658915,0.00807511549720659,69.39014547910686,68.63558436659487,-0.00038015249827090406,0.008075152498270904
-980.58,-280.83,-980.5671943467981,-280.56660051779414,8.128673021450751,8.672519108396791,-0.54384608694604,0.06473898789359002,-0.0006210299587177669,0.008316029958717767,8.12868798672588,8.6725297821493,-0.0006210250581325103,0.00831602505813251
-980.58,280.83,-979.3399118185404,281.3172307060146,10.475663834573703,11.694641661892424,-1.2189778273187208,0.10996491027270885,0.0013900034916246918,0.006304996508375309,10.475738665023899,11.694696252734783,0.0013899804123488166,0.006305019587651184
-978.99,456.05,-977.472443311568,455.40765260534494,36.60799605470815,37.18369287862573,-0.5756968239175748,0.015603297125715076,0.0004062925503473946,0.007288707449652606,36.60811959492416,37.18373431647723,0.0004062346073856134,0.007288765392614387
-978.73,-148.96,-978.951123142605,-149.37173968861117,-4.704821643782303,-4.4194798578235766,-0.2853417859587264,0.06254545313052318,-0.0006130357472266332,0.008308035747226633,-4.704674651511586,-4.419430714522315,-0.0006128255259444463,0.008307825525944447
-978.73,148.96,-978.6154589818246,149.05140216062395,-3.412590321274858,-2.215575695058444,-1.197014626216414,0.42536578442874645,0.0025781085069506234,0.0051168914930493775,-3.41246947558239,-2.2155320439244957,0.002577942246703128,0.005117057753296872
-978.46,-380.95,-978.3188088698556,-380.5704059447218,21.595575213961432,22.680502756947888,-1.0849275429864562,0.04900739147217535,-0.0009154511840205175,0.008610451184020517,21.59570923543857,22.68055276935697,-0.0009153802979956252,0.008610380297995626
-978.46,380.95,-976.9684229480285,380.45675973135803,24.435032649981377,25.35429697190142,-0.9192643219200427,0.036926157829448615,0.0007769703496458946,0.006918029650354106,24.435016688738685,25.354330348442097,0.0007770120503775357,0.0069179879496224644
-978.27,-524.49,-978.6790340233148,-525.1512671142046,45.09267511351599,46.883117092503674,-1.7904419789876869,0.038932896059807036,-0.001094423531039813,0.008789423531039814,45.092822910547255,46.883192887307374,-0.0010943795190399474,0.008789379519039948
-974.55,591.49,-972.6049280836572,591.3781557479563,60.61409335524259,60.26929574713897,0.3447976081036188,0.005704631722586703,-0.00018832690655897174,0.007883326906558972,60.61386280741377,60.269469093054056,-0.00018810630160818047,0.00788310630160818
-974.33,-700.49,-974.9996285873304,-701.2155327953511,77.00712457836946,80.22872764945026,-3.221603071080807,0.04097797067825234,-0.0014803551719844178,0.009175355171984418,77.00740200896809,80.22912498879786,-0.0014804102711176098,0.00917541027111761
-974.33,700.49,-973.6347866758371,701.5464983155621,81.72248043883481,80.49201009566166,1.2304703431731525,0.015170905374960707,-0.0005659375104039827,0.008260937510403982,81.72267834737453,80.4921769956697,-0.0005659517723415554,0.008260951772341556
-973.78,-178.45,-974.2367489327702,-178.56563738592232,-2.7736013132971458,-2.4490805678397383,-0.3245207454574075,0.12427360227683068,-0.0005860436193453307,0.00828104361934533,-2.773235895064891,-2.44901047530335,-0.0005855102983108089,0.00828051029831081
-973.78,178.45,-974.4270011924558,178.67303324660335,-1.1585856934279235,0.08849419968401762,-1.2470798931119411,2.0,0.0022502762151099865,0.005444723784890014,-1.158226674616973,0.08849638948510119,0.0022496323398954153,0.005445367660104585
-973.56,-831.01,-974.7541195572543,-831.4587957753988,102.3287871054939,106.69911547805269,-4.370328372558788,0.04181574152103456,-0.001694057437560186,0.009389057437560187,102.32912405930324,106.69930891812015,-0.0016940018077536612,0.009389001807753662
-972.58,-469.56,-971.6316994692279,-469.5226353869438,35.31238663872841,36.69129751786548,-1.3789108791370666,0.038301120152080155,-0.0009495719152779261,0.008644571915277927,35.31246196294182,36.69134578697113,-0.0009495532840734877,0.008644553284073488
-971.91,-309.5,-971.9264781087412,-309.06359643983143,11.206399526716208,11.934802329474905,-0.7284028027586977,0.06295289305069723,-0.0007617986753942219,0.008456798675394223,11.206270762014915,11.934809827397117,-0.0007619411853978883,0.008456941185397889
-971.91,309.5,-970.7243470327003,310.0912513056498,13.804760412204946,14.933903971414288,-1.1291435592093428,0.07858009990561314,0.0011784566143606247,0.006516543385639376,13.805088777854442,14.933942125571365,0.0011781537284697953,0.006516846271530205
-971.61,-802.23,-971.9993681150976,-803.222256195524,96.6171036171867,100.74119349558273,-4.124089878396035,0.041792921186784994,-0.0016594962598417014,0.009354496259841702,96.61703145595351,100.74140737614587,-0.0016596113604590893,0.00935461136045909
-971.61,802.23,-970.9941882944862,802.9338828091203,101.80134701734941,99.92820132135346,1.8731456959959587,0.01857086095142549,-0.0007547880504172845,0.008449788050417285,101.80172212815879,99.92841097009179,-0.000754854723711457,0.008449854723711457
-971.11,537.63,-970.8199300839518,538.3642305118437,50.7954384976624,50.840505006500095,-0.045066508837692254,0.0008868222655078035,2.708874643560522e-05,0.0076679112535643955,50.795806897528216,50.8405927570993,2.6920052720105106e-05,0.0076680799472798955
-967.95,-207.78,-967.5320616711374,-207.54093245961954,-0.6229018164266602,-0.2295503915232704,-0.3933514249033898,0.9228703292337384,-0.0006154056389774786,0.008310405638977478,-0.6226963657105848,-0.2296937776618968,-0.0006148598772136326,0.008309859877213633
-967.95,207.78,-968.4181225456751,207.95889048422347,1.3230953788496507,2.5923125839874253,-1.2692172051377746,0.6483192643956872,0.001979909883501677,0.005715090116498324,1.3229394877408698,2.592374513108439,0.001980249671225993,0.005714750328774007
-967.18,-408.73,-966.8251565685708,-408.46200486516744,25.22648072983938,26.46728190993382,-1.24080118009444,0.04800583732861292,-0.0009870802530316807,0.00868208025303168,25.226592335548958,26.467371554880096,-0.0009870627828389175,0.008682062782838918
-967.18,408.73,-966.3478371451514,409.5530764294858,28.4534646875121,29.23960434916006,-0.7861396616479617,0.027252481962720964,0.0006240306321292021,0.007070969367870798,28.453458904255285,29.23964844289121,0.0006240702240361432,0.0070709297759638575
-966.69,-604.25,-966.4607382807275,-604.0802334526196,58.54743345283592,60.95321229875462,-2.4057788459187037,0.04026386352622171,-0.0012945735620472029,0.008989573562047203,58.54751662677923,60.95326586814039,-0.0012945576315398864,0.008989557631539887
-965.99,482.97,-965.3060386590511,483.70427211876904,40.82935925178717,41.22733932318518,-0.3979800713980097,0.009700123897487522,0.0002677726719237576,0.007427227328076243,40.829459063423435,41.227446500860346,0.00026777762801090784,0.007427222371989093
-965.5,-660.85,-965.3525687984044,-660.5444562454946,68.9244978737839,71.73452027129416,-2.8100223975102523,0.03995509757663669,-0.0013844320526412426,0.009079432052641244,68.92459979564813,71.73456888431838,-0.001384405788627524,0.009079405788627525
-965.5,660.85,-965.1590400039084,661.7363111647915,73.59741552846596,72.73191012924937,0.8655053992165875,0.01182955494841991,-0.0004257315198709238,0.008120731519870925,73.59754444593757,72.73208997991038,-0.0004257064664580226,0.008120706466458023
-964.31,-763.54,-963.0092525271657,-763.1822719604255,88.41911821812292,92.1479246430737,-3.7288064249507755,0.04130107428094882,-0.0015938996584846218,0.009288899658484622,88.4191758621607,92.14819439450186,-0.0015939903250032242,0.009288990325003224
-964.31,763.54,-964.9122519103354,763.2765827368194,93.54801613984051,91.95096056052807,1.597055579312439,0.017219023066548978,-0.0006812400053713097,0.00837624000537131,93.54811071089699,91.95118967118869,-0.0006811826161596695,0.00837618261615967
-963.79,842.32,-964.9491691394941,841.202684627287,109.32145657057737,107.25981130360591,2.0616452669714533,0.019038075519708448,-0.0007979188546575443,0.008492918854657545,109.32157645809495,107.26013866509697,-0.0007978385559767097,0.00849283855597671
-963.77,-550.67,-962.6837979121474,-550.4760474575261,48.74353432178124,50.655088933616256,-1.9115546118350153,0.0384623961425183,-0.0011332206858967518,0.008828220685896752,48.74362967828245,50.65525126269267,-0.0011332603890300758,0.008828260389030076
-962.41,-337.89,-962.387867573078,-337.536772074976,14.483265678335378,15.341479996589886,-0.8582143182545074,0.05755048694185775,-0.00082999293645981,0.008524992936459811,14.48347791694322,15.341481015406373,-0.0008297886623861477,0.008524788662386148
-962.41,337.89,-963.3449129988675,338.16693128539623,17.365049810981375,18.414894454003694,-1.0498446430223183,0.05868341410747899,0.0010124229103036972,0.006682577089696303,17.364985794442433,18.41489037830076,0.0010124807145474421,0.006682519285452559
-961.23,-236.92,-960.9522233799913,-237.53772487668235,1.9879526515144565,2.4504887463150986,-0.46253609480064206,0.20842275625260123,-0.0006365919076148115,0.008331591907614812,1.988021368263178,2.4503399357243936,-0.0006362925231007801,0.00833129252310078
-961.23,236.92,-961.5174625729245,236.27329473689463,3.9945892622398933,5.292539121417166,-1.2979498591772725,0.2795158644433791,0.0017948823001116558,0.005900117699888345,3.9947381285452046,5.292594119115183,0.0017947524930158137,0.005900247506984186
-959.21,-496.29,-958.6186037055508,-495.8773814625768,39.067249845933944,40.69087793090519,-1.6236280849712443,0.040713796329675825,-0.0010730408991377408,0.008768040899137741,39.06754744554729,40.691062762549834,-0.0010729663718222493,0.00876796637182225
-958.66,616.9,-958.3992121045771,617.8605376970581,64.90612434272226,64.30760487978837,0.5985194629338935,0.009264022740234076,-0.000317534738425178,0.008012534738425179,64.90649113549537,64.3077077491346,-0.0003176747586943762,0.008012674758694377
-956.56,-724.57,-957.1952711112359,-725.106677770465,80.83180562174685,84.1100129050281,-3.2782072832812474,0.03974986225520603,-0.0014838289307899833,0.009178828930789983,80.83177478017308,84.1105525398113,-0.0014840871479341888,0.00917908714793419
-956.56,724.57,-954.378437358092,724.5050306353388,85.34786737147475,84.0196512179445,1.3282161535302492,0.0156844259701308,-0.0006034712803005922,0.008298471280300593,85.34806661838891,84.01984850971775,-0.0006034721686133784,0.00829847216861338
-956.26,563.62,-954.1752990541772,563.4568777632256,54.55837618571764,54.424922505749684,0.13345367996795687,0.002449066628929363,-7.798149780169239e-05,0.007772981497801693,54.558563903113516,54.42503073948521,-7.802794279209185e-05,0.007773027942792093
-955.11,-436.19,-954.8889681921055,-435.82706078070714,28.91762783224456,30.283011957355757,-1.3653841251111984,0.046127343554521964,-0.0010307127622267269,0.008725712762226728,28.917808220182987,30.28331523141881,-0.0010308055275479449,0.008725805527547946
-955.11,436.19,-955.7127682531572,436.2999988130962,32.29828754474944,32.9479759624081,-0.649688417658659,0.01991496164642096,0.0004894883919702181,0.007205511608029782,32.29819593099911,32.94807272651311,0.0004896303196558428,0.007205369680344157
-953.89,-853.52,-955.1737680564415,-854.4060956066473,106.1427831514874,110.67351451500419,-4.530731363516793,0.04179327303601501,-0.0017441003145139964,0.009439100314513997,106.14294114884673,110.6736578908298,-0.0017440946859698346,0.009439094685969835
-953.64,-265.85,-953.7840373913577,-266.3457416332005,4.790518455147385,5.322760383263493,-0.5322419281161075,0.10525605723331166,-0.0006582079886785592,0.00835320798867856,4.790618840949522,5.322756562393881,-0.0006580791193426518,0.008353079119342651
-953.64,265.85,-952.4045793146846,266.23432605178385,7.061971320219335,8.249784347038007,-1.187813026818672,0.15515046773619715,0.001471676762873422,0.006223323237126578,7.061899446739206,8.249853589300418,0.001471851602477369,0.0062231483975226315
-952.25,509.52,-950.9768524153375,509.08056637994724,44.58433341707979,44.80300938184709,-0.2186759647673,0.00489277246464754,0.00014190394177512091,0.007553096058224879,44.58449454952025,44.80310590868049,0.00014186201768752376,0.007553137982312477
-952.24,-825.12,-950.9384927709059,-825.0679235328168,100.14165374150456,104.35001276927545,-4.208359027770896,0.04115922276518831,-0.001685080006568575,0.009380080006568575,100.14189638999495,104.35027274853533,-0.001685086946027152,0.009380086946027152
-952.24,825.12,-953.3581078436424,824.0882392429725,105.27096350340797,103.42230957266317,1.8486539307448027,0.01771646880128184,-0.0007392234079044115,0.008434223407904413,105.27116515493975,103.42256564117099,-0.0007392016481246018,0.008434201648124601
-952.07,-366.0,-952.0254596388527,-365.5443722112006,17.92494860974333,18.923004070788735,-0.9980554610454071,0.05417155572785521,-0.0009009815199557109,0.008595981519955711,17.92483913366444,18.92301716684495,-0.0009010921703482974,0.008596092170348298
-952.07,366.0,-952.9474573385529,366.0759887618464,20.967908962754553,21.890522432349815,-0.9226134695952624,0.04305400079110924,0.000830863084908852,0.0068641369150911485,20.96791135808715,21.890544569243005,0.0008308808632466667,0.006864119136753334
-950.61,-133.93,-950.6498642842334,-134.47527945484674,-7.566084049690277,-7.224736673044512,-0.3413473766457651,0.046156651215585924,-0.0008388482371887286,0.008533848237188729,-7.56592005714379,-7.2245826871914645,-0.0008388236461189684,0.008533823646118969
-950.61,133.93,-949.6918133345565,133.86277041417577,-6.319474125816923,-5.227609018395522,-1.091865107421401,0.18911531055678918,0.0026982137870982846,0.004996786212901716,-6.3194222085967375,-5.227585962505843,0.0026981424650646757,0.004996857534935325
-950.47,-629.45,-950.0696730674908,-629.4023215865187,62.49422743962802,65.03595938965371,-2.5417319500256923,0.03986086766152364,-0.0013353521961513481,0.009030352196151349,62.494446675400624,65.03602633774362,-0.0013352721886228077,0.009030272188622807
-948.57,-576.46,-948.6034456706817,-576.2351700906279,52.73037877794085,54.838419676054194,-2.1080408981133445,0.03919428176963249,-0.0012115586584064764,0.008906558658406477,52.73027883638967,54.83832110823468,-0.001211559447934086,0.008906559447934087
-948.3,-685.29,-948.9899450553721,-686.059843952558,73.0751762525364,76.09938140612394,-3.0242051535875447,0.040545857162955355,-0.0014592762379547065,0.009154276237954707,73.0751899831322,76.09964213057816,-0.0014593954204341335,0.009154395420434135
-948.3,685.29,-949.848232903693,684.231052347152,77.22183001350456,76.23432636737881,0.9875036461257451,0.012870173076337551,-0.0004773441248207207,0.008172344124820721,77.22199939317295,76.23449974942417,-0.0004773421901330476,0.008172342190133047
-945.99,-163.43,-946.2314199408421,-163.616480887858,-5.7870356879895715,-5.414973642111118,-0.3720620458784536,0.06642773361716335,-0.0007549893582141546,0.008449989358214154,-5.786979617405745,-5.4149275479241386,-0.000754969114081391,0.008449969114081392
-945.99,163.43,-945.5070783318896,163.45162356100494,-4.251206176745195,-3.091712940036089,-1.159493236709106,0.3158126130135998,0.002357024350343877,0.005337975649656124,-4.251172655660085,-3.0916738839827307,0.0023570356018583543,0.005337964398141646
-945.44,-786.8,-944.8976809793388,-786.637746983376,92.38206226446312,96.10389019258729,-3.7218279281241706,0.03949183352507131,-0.0015730647443880869,0.009268064744388087,92.38210900927447,96.1041038425155,-0.001573135288368103,0.009268135288368104
-945.44,786.8,-947.0517846663671,785.6352747954892,97.16344022537145,95.5840181471861,1.5794220781853454,0.016388512632239366,-0.0006668887259401326,0.008361888725940132,97.16366600770827,95.58416964963524,-0.0006669200895764556,0.008361920089576456
-945.17,-294.53,-944.6845218962297,-294.03471187069886,7.712670980186399,8.322577009165386,-0.6099060289789868,0.076070669987018,-0.0006898066802712114,0.008384806680271212,7.712666815396382,8.322591482931387,-0.0006898277605685699,0.008384827760568571
-945.17,294.53,-946.4365497221316,294.79516325643795,10.416433792048233,11.512896705751,-1.0964629137027675,0.09999967065230791,0.001234616174277361,0.00646038382572264,10.416447640235386,11.512949386368888,0.0012346598995565945,0.0064603401004434055
-945.11,-522.65,-944.7881415641613,-522.1177524550225,42.98644718945182,44.665780550549684,-1.6793333610978607,0.038318098795599005,-0.0010695076487457099,0.008764507648745711,42.986420363032245,44.66587578806649,-0.0010695853869224288,0.00876458538692243
-943.86,864.6,-944.8328491080789,863.6184899351252,112.96442261998808,110.92434013802055,2.0400824819675307,0.018224072140436677,-0.0007854538690749967,0.008480453869074997,112.9644705518218,110.9246001665876,-0.0007853722095336411,0.008480372209533642
-942.27,-463.28,-942.6268141507024,-463.9975560875101,32.98794211773889,34.289707109111234,-1.3017649913723446,0.03869829003635335,-0.0009350330842289976,0.008630033084228998,32.98801801395636,34.28978605811926,-0.0009350352769905067,0.008630035276990506
-942.27,463.28,-941.1435955327566,462.87649005400823,36.03288539636421,36.6073026294424,-0.5744172330781936,0.015815411515017624,0.0004142440880765901,0.00728075591192341,36.03291088632548,36.60726736152208,0.0004142002722023318,0.007280799727797669
-942.11,641.89,-939.6610294933057,641.9832228222326,68.60473247287123,67.93808811046479,0.6666443624064442,0.009764619766288948,-0.00034717559546728564,0.008042175595467285,68.60468204056738,67.93818484592943,-0.0003470989533166278,0.008042098953316628
-940.92,-393.79,-940.7615385607454,-393.32054408623463,21.58877556311645,22.660304233858035,-1.0715286707415856,0.048431681547187834,-0.0009097613524345906,0.008604761352434591,21.58878005996838,22.660259564684353,-0.0009097196089412285,0.00860471960894123
-940.92,393.79,-941.9242839234151,393.7510838665669,24.685756660083364,25.524579393743466,-0.838822733660102,0.03341235289725452,0.0007105298191623701,0.00698447018083763,24.685947313724355,25.524595705464275,0.0007103821417949733,0.006984617858205027
-940.72,589.2,-941.1511127309592,588.559289523744,58.56043487236803,58.34171254577549,0.218722326592534,0.003741972776773606,-0.00012404904089276394,0.007819049040892765,58.56046721164857,58.3418946082392,-0.00012396412492849,0.00781896412492849
-940.45,-192.77,-940.7763057361617,-193.22422099064048,-3.594602557598442,-3.2375366771315512,-0.3570658804668909,0.10452535236747182,-0.0006170925309168481,0.008312092530916849,-3.5946010810061715,-3.2375850390533447,-0.0006170063984229208,0.008312006398422922
-940.45,192.77,-939.8581702268825,192.87342521147298,-1.88726206823746,-0.6824912912726084,-1.2047707769648515,0.9376547928277015,0.0020879475419196534,0.0056070524580803475,-1.8874122051008282,-0.6824877285324593,0.0020882139135112404,0.00560678608648876
-938.2,-748.19,-938.5986431939087,-747.8682590018562,84.64083283809879,87.99120571316138,-3.3503728750625896,0.03881519216455007,-0.0014994707320177658,0.009194470732017766,84.64109907947778,87.99161969921582,-0.0014995368556478517,0.009194536855647853
-938.2,748.19,-940.0746782658766,747.2689028189358,89.1720954460003,87.83531950906713,1.336775936933165,0.015104180096325344,-0.0005978183307189313,0.008292818330718932,89.17202963501262,87.83549387064616,-0.0005977109233674481,0.008292710923367448
-937.79,535.68,-939.0460222309763,535.0412001400055,48.64715234614802,48.77661124389238,-0.1294588977443638,0.0026576451776001465,8.094828922195071e-05,0.007614051710778049,48.64726745915357,48.776699806670024,8.093168784834849e-05,0.007614068312151652
-935.85,-322.94,-936.4759445800884,-323.2395863302098,11.200238200769592,11.907621568584652,-0.7073833678150603,0.061224481615834936,-0.0007341478794469168,0.008429147879446918,11.200107123952176,11.907627012426158,-0.0007342895654927134,0.008429289565492715
-935.85,322.94,-934.9386091862025,322.3436759925569,13.583940565675773,14.639406236207144,-1.0554656705313707,0.07479379946966144,0.0011002509086957201,0.0065947490913042806,13.584009418120388,14.639410959737688,0.001100184058680651,0.006594815941319349
-934.0,-221.93,-934.0010327836435,-222.40951527108174,-1.1046105732015228,-0.7194249924881291,-0.3851855807133937,0.4223443752509929,-0.0005825311770560371,0.008277531177056038,-1.10452994991633,-0.7194895597423319,-0.0005823115997404614,0.008277311599740461
-934.0,221.93,-933.0206521723258,222.2567021165346,0.7754104128478918,2.048398353065222,-1.2729879402173303,0.9016105875042807,0.001928537283358215,0.005766462716641786,0.7753853684422722,2.0484353312117154,0.0019286312456027737,0.005766368754397227
-933.69,-875.57,-933.1513401835286,-875.7395362754414,109.82739228589912,114.24381281454049,-4.416420528641368,0.039419795387468134,-0.0016978262801413727,0.009392826280141374,109.82750155179195,114.24380679745639,-0.0016977819613391608,0.00939278196133916
-933.59,-654.22,-932.8671659821889,-653.959139773884,66.50157118091902,68.996373751573,-2.494802570653988,0.036824212675652786,-0.0012847411483679367,0.008979741148367937,66.50156893446533,68.99637648970555,-0.001284743715265665,0.008979743715265665
-932.69,-601.83,-932.4472946339362,-601.6035185180998,56.78133721026043,58.92133749939742,-2.140000289136985,0.03699137110714272,-0.001198475178641165,0.008893475178641166,56.781287356533646,58.92144977390873,-0.001198565976137833,0.008893565976137833
-932.34,-847.55,-932.5270695751642,-847.4539506888483,104.11240405827189,108.2813833553112,-4.168979297039314,0.03925707383259081,-0.0016573035287091725,0.009352303528709173,104.1123902611165,108.2815754322065,-0.0016573853702743012,0.009352385370274302
-932.34,847.55,-932.6660547613208,847.9311888268526,109.23644475661273,107.35581846487472,1.880626291738011,0.017365590661148234,-0.0007470773948625758,0.008442077394862576,109.23646552821927,107.3560719383572,-0.0007469849542155295,0.008441984954215529
-930.49,-709.28,-931.0304073569278,-709.9599920848319,77.07343927266174,79.98741901695527,-2.9139797442935276,0.03710637743899512,-0.0013849645593860674,0.009079964559386068,77.07341294127949,79.98791502608726,-0.0013852128188674817,0.009080212818867481
-930.49,709.28,-930.2837610030562,710.2144217615287,81.41988784309119,80.3335624862296,1.0863253568615931,0.013431866271166354,-0.0005165410757533515,0.008211541075753353,81.4203235630497,80.3337235981963,-0.0005166716501771237,0.008211671650177124
-930.29,-548.61,-930.9329437892843,-549.4313088522298,47.304951815782466,48.98365775416528,-1.6787059383828122,0.03486821433771636,-0.0010310807918556843,0.008726080791855684,47.304933046916716,48.98383687934589,-0.001031202340690032,0.008726202340690032
-928.95,-421.25,-928.7022564918046,-420.88584228471376,25.399146306591796,26.557777498666546,-1.1586311920747505,0.04459968401583815,-0.0009312242370304531,0.008626224237030454,25.39905064153986,26.55784345865172,-0.0009313541395852084,0.008626354139585209
-928.95,421.25,-930.5616547571905,421.1326589992569,28.51571508825011,29.270079039796194,-0.7543639515460825,0.0261089758453264,0.0006047372550135467,0.0070902627449864536,28.515885031252402,29.270118156077785,0.0006046323775312703,0.00709036762246873
-928.65,-490.0,-928.0981650209291,-489.63981243541593,36.75862203425,38.10984186906991,-1.3512198348199078,0.036095834330587634,-0.0009341255425031562,0.008629125542503157,36.75851862975574,38.11001691364467,-0.0009343180399643069,0.008629318039964307
-928.65,490.0,-927.5132826761846,490.90427748975907,40.23527158419476,40.646425534154346,-0.41115394995958354,0.010166798289555369,0.0002836856614722425,0.007411314338527758,40.235334289332805,40.64648014618815,0.000283680077438261,0.007411319922561739
-926.64,-250.87,-926.5023005496477,-251.46992824379598,1.677055074299453,2.0425018337667353,-0.36544675946728233,0.19650015767995305,-0.0004927667867381995,0.0081877667867382,1.6773328944457262,2.0425700615532953,-0.0004924841733316084,0.00818748417333161
-926.64,250.87,-925.363679941477,251.320970192003,3.678879306708481,4.962286654340225,-1.2834073476317442,0.29704494819724253,0.0017336970762884092,0.0059613029237115915,3.6787807251421007,4.962286203320975,0.0017338296364167018,0.005961170363583299
-926.0,-809.59,-925.6918420821374,-809.7216747797926,96.37575219118276,100.16095780947049,-3.7852056182877334,0.03851906972773842,-0.0015864893009000611,0.009281489300900062,96.37580117506096,100.16119648577418,-0.0015865688064894148,0.009281568806489416
-926.0,809.59,-924.7459616756981,809.8369838307415,101.13491044008505,99.51141830232766,1.6234921377573954,0.016182624899572565,-0.0006810515923207075,0.008376051592320709,101.13506253571505,99.5116279822592,-0.000681027435825368,0.008376027435825368
-925.67,-351.06,-924.892726033478,-350.6540405607825,14.537305280252738,15.27839587753833,-0.7410905972855915,0.049711431796527705,-0.0007178785291493497,0.00841287852914935,14.537287687454691,15.278413249843435,-0.0007179123990930711,0.008412912399093071
-925.67,351.06,-924.4462358167578,351.9324045550366,17.32233360256918,18.353072515281024,-1.0307389127118434,0.057784284742654284,0.000995308308469291,0.006699691691530709,17.322531009905767,18.353121067958362,0.0009951645705379133,0.006699835429462087
-924.91,666.43,-926.1719120451758,665.4213748670235,72.51922119144854,71.78541457018424,0.7338066212642929,0.010170243213480947,-0.00037406161580224353,0.008069061615802243,72.51934909056396,71.78548794481102,-0.0003740894099345571,0.008069089409934558
-924.49,614.35,-922.8785059779921,614.2941938165579,62.58433576483439,62.16075408492554,0.42358167990884965,0.0067911559552203855,-0.0002347286490960511,0.007929728649096052,62.5844737340582,62.160858248669385,-0.0002347473824715032,0.007929747382471503
-923.4,886.41,-924.9847982015099,885.10519282317,116.63645913728962,114.51355921276614,2.1228999245234803,0.018368157092754724,-0.0008146103247926756,0.008509610324792676,116.63652225339871,114.51365269612822,-0.0008145986721106366,0.008509598672110636
-922.6,561.43,-923.6971073721888,560.8679356322278,52.63792468630953,52.643787348557176,-0.005862662247643868,0.00011137095197886409,3.5551223491237068e-06,0.007691444877650877,52.63793088205972,52.64393991965685,3.643884459977498e-06,0.007691356115540023
-919.25,-771.35,-918.488414833508,-770.9080535061772,88.50931192497202,91.83535068519124,-3.3260387602192196,0.036885358425149,-0.001475709636354993,0.009170709636354994,88.50958960840791,91.83557464743019,-0.0014756858011282538,0.009170685801128254
-919.25,771.35,-920.005588683823,770.5407714568115,93.00685281118386,91.62990547340803,1.3769473377758317,0.014915202699274634,-0.0006102125206627352,0.008305212520662736,93.00683838235666,91.63012814839892,-0.0006101074449532084,0.008305107444953209
-919.13,-141.78,-918.6820512642727,-141.68697034869516,-8.901427371104113,-8.668296806434718,-0.23313056466939486,0.026537760332906012,-0.0005626702363820251,0.008257670236382025,-8.901288884687784,-8.668210303642445,-0.000562544771760614,0.008257544771760614
-918.39,-279.57,-918.4046537920145,-280.2063997387382,4.703309053174944,5.104868497074733,-0.4015594438997887,0.08188258049826322,-0.0004902161231029562,0.008185216123102957,4.703469215196684,5.10486744685543,-0.0004900193182687,0.008185019318268701
-918.39,279.57,-917.340179062222,280.01899590706086,6.823185855679888,8.03327071775977,-1.2100848620798814,0.16290356399563927,0.0014799525486340322,0.0062150474513659685,6.8231992074729675,8.033400522377704,0.0014800949722444258,0.0062149050277555745
-916.73,156.57,-916.8607869095762,156.66168210865968,-6.557393923765515,-5.3814444312710314,-1.1759494924944836,0.19699563014828736,0.00257200825131453,0.00512299174868547,-6.557393181988365,-5.381421328129068,0.002572057159550111,0.0051229428404498895
-916.19,-448.33,-915.8551747625573,-447.80883532430295,29.248525155034017,30.325770701447283,-1.0772455464132662,0.03616477646696579,-0.0008251732073360414,0.008520173207336041,29.248521674024325,30.325928210424525,-0.0008252965261321228,0.008520296526132124
-916.19,448.33,-915.6800463324086,449.1344530979888,32.45160014773928,33.1504784345983,-0.6988782868590206,0.02130658972891702,0.0005338648147138145,0.007161135185286186,32.45164716168569,33.150498894831216,0.0005338445306477585,0.007161155469352242
-916.12,-626.76,-916.9805476365485,-627.3033659643273,61.00301339036683,63.21066572391497,-2.2076523335481397,0.03554604209922817,-0.0012057098604877983,0.008900709860487799,61.003074903423496,63.210751162604204,-0.0012057229274778619,0.008900722927477862
-916.07,-678.53,-916.7984174427316,-679.0217031781218,70.71535456370218,73.33229803212322,-2.6169434684210415,0.036334413248145944,-0.0013206468602191886,0.00901564686021919,70.7154159070504,73.33251893807403,-0.0013207273838730857,0.009015727383873086
-914.75,-574.14,-914.4637671358076,-574.0929294098878,51.146132373974254,52.912844818234056,-1.7667124442598023,0.03395598326892049,-0.0010572240649919615,0.008752224064991963,51.14633597209388,52.91270803222785,-0.0010570203746345732,0.008752020374634574
-914.64,-378.86,-914.5588546406998,-379.3793340055465,18.3340912586669,19.175679722676996,-0.8415884640100977,0.044873025987211476,-0.0007620163992201163,0.008457016399220117,18.334269200903744,19.17571141907535,-0.0007618839809040206,0.008456883980904021
-914.64,378.86,-916.0680440947257,379.0857341339492,21.04186539493147,22.012253713266,-0.9703883183345283,0.0450776064374183,0.0008778701006905042,0.0068171298993094966,21.041799158511218,22.01225014690228,0.0008779267956937305,0.00681707320430627
-914.28,-516.32,-914.9307856734116,-516.815535164499,40.963882953050515,42.37217765414054,-1.4082947010900284,0.03379796671042804,-0.0009356633469581905,0.008630663346958192,40.96409664705203,42.37232955147197,-0.0009356222895863766,0.008630622289586377
-914.28,516.32,-912.6210105426358,516.1617557029766,44.029373416366546,44.32010740934068,-0.2907339929741326,0.006581453343176572,0.00019389624551886955,0.007501103754481131,44.0294763334437,44.32016136077613,0.0001938635893647434,0.007501136410635257
-914.08,-171.32,-913.8762555133807,-171.71126046628618,-6.898157145342643,-6.642342007430093,-0.25581513791254995,0.03778518576402197,-0.0005121414695059292,0.00820714146950593,-6.8981527823000794,-6.6422890313025515,-0.000512238792819088,0.008207238792819089
-912.99,-897.13,-911.758433738121,-897.2147317342652,113.54870655885945,117.98645933446147,-4.437752775602021,0.03833329385175729,-0.0017042636926201012,0.009399263692620102,113.54896107013747,117.9867040870161,-0.0017042599449039017,0.009399259944903902
-912.08,-732.82,-913.3234006576478,-733.5604719126959,81.0808681885082,84.03225690722593,-2.9513887187177232,0.035749898344016935,-0.0013839352755774458,0.009078935275577446,81.08083949450175,84.03273844248838,-0.001384174527113308,0.009079174527113308
-912.08,732.82,-912.0369422048501,733.6470822627202,85.33175094082651,84.13061003728373,1.201140903542779,0.014175901912495277,-0.0005639546797300985,0.0082589546797301,85.33193289676093,84.13078960525493,-0.0005639558009166549,0.008258955800916656
-911.9,-869.5,-912.2898218037986,-870.3941819477424,108.12145923246226,112.32160956535554,-4.200150332893287,0.03810644041383319,-0.0016617508087445876,0.009356750808744587,108.12170200753093,112.32143391048699,-0.0016615852607923763,0.009356585260792376
-911.9,869.5,-912.2067217252846,870.2656283268383,113.11877053034218,111.10267114383086,2.016099386511314,0.017983109656756244,-0.000797841662425555,0.008492841662425556,113.11899950688274,111.10293105310305,-0.0007978294212522362,0.008492829421252237
-911.21,186.02,-911.3872543277507,186.21232946230137,-4.217737348136794,-2.956920432523102,-1.2608169156136917,0.3514639873172395,0.0023339444530074104,0.00536105554699259,-4.21752414629376,-2.9569181441350487,0.0023335540233722905,0.00536144597662771
-909.25,-307.99,-909.7465772586902,-308.37948608231477,7.921905576730236,8.46683916395019,-0.5449335872199548,0.06650095487390333,-0.0006102215471718887,0.00830522154717189,7.921871852961976,8.466877117718308,-0.0006103018123237742,0.008305301812323775
-909.25,307.99,-907.9341595396603,307.44396519285874,10.017474549969602,11.216325792090792,-1.19885124212119,0.11291914050321725,0.0013492575022339194,0.0063457424977660815,10.01753496115375,11.216348647440032,0.0013492152346946105,0.00634578476530539
-908.09,-200.68,-907.3563571972514,-201.2158307862826,-4.631570094956725,-4.351182534022161,-0.28038756093456385,0.062427982271273316,-0.0004824680768566611,0.008177468076856662,-4.6315871228469,-4.351221352016699,-0.00048243058221991155,0.008177430582219912
-907.59,639.05,-906.299782729211,638.8150986872855,66.57218980702635,66.02618326227366,0.5460065447526858,0.008235493876947131,-0.00029627886544808253,0.007991278865448082,66.57220301641495,66.0262683039108,-0.0002962398872026684,0.00799123988720267
-907.08,690.52,-904.5592492588906,690.7119165208488,76.5628827667233,75.6771178114798,0.8857649552435021,0.011636428689955234,-0.00044538378213778053,0.008140383782137781,76.56294940188576,75.67726859393811,-0.00044534147086698454,0.008140341470866985
-906.71,586.75,-906.6615695304014,587.4666002310047,56.84466689829362,56.72520352479425,0.11946337349936442,0.0021037863837357774,-7.046220979331265e-05,0.007765462209793313,56.84466622961683,56.72537619845653,-7.035996854644627e-05,0.0077653599685464465
-906.01,-831.9,-904.6670366823323,-831.8912738901035,100.15894336128063,103.93906836823356,-3.780125006952929,0.03704225215052688,-0.0015779771120768274,0.009272977112076829,100.15906413531647,103.93932714253016,-0.0015780347189688062,0.009273034718968808
-906.01,831.9,-905.9092253339212,832.7141113015114,105.13378228054417,103.41334658866441,1.7204356918797572,0.016499250804442745,-0.0007164860016895805,0.008411486001689582,105.13394678271239,103.41350972814014,-0.0007164865691912292,0.00841148656919123
-904.74,215.28,-904.5783937227078,214.69071088211,-1.6912680109859437,-0.35428821265188404,-1.3369797983340597,1.3072041559008023,0.002162794485647793,0.005532205514352208,-1.6912673103766132,-0.35426168851762085,0.002162836259635248,0.005532163740364752
-902.78,-406.31,-903.0779269449571,-406.6657085409375,22.06332293733508,23.031116457204913,-0.9677935198698329,0.04292296490937252,-0.0008278845968492627,0.008522884596849262,22.063355352897894,23.03114895044344,-0.0008278846632957996,0.0085228846632958
-902.78,406.31,-901.8932661294374,405.7231520765759,24.60103161345149,25.507620003154,-0.9065883897025095,0.03618490462042589,0.0007783502879483517,0.006916649712051649,24.601050993695427,25.507672955109538,0.0007783791108978712,0.006916620889102129
-902.63,-475.04,-903.521603128011,-475.58573648628686,33.3967348729434,34.52095332460464,-1.1242184516612426,0.033105321500086896,-0.0008219269482497802,0.00851692694824978,33.3968402715375,34.52102513293988,-0.0008219023900876953,0.008516902390087696
-902.63,475.04,-901.9202589116541,475.8092520849926,36.41918222981554,36.99197774159916,-0.5727955117836174,0.015605134478372395,0.00041932277795129287,0.007275677222048708,36.41919585713672,36.99204336025829,0.00041936083892036847,0.007275639161079632
-902.45,907.74,-900.585596478611,908.1710337829539,120.60713830274781,118.38453249108679,2.222605811661026,0.018599860022555766,-0.0008537282953353109,0.008548728295335312,120.60742392670414,118.38451816531575,-0.0008538435094538401,0.00854884350945384
-901.15,-229.83,-901.6312289206517,-230.0191794961719,-2.017573682877771,-1.6774275773971894,-0.34014610548058144,0.18411149632748422,-0.0005152551960377551,0.008210255196037755,-2.017525925922248,-1.6775529512889555,-0.0005149929364756944,0.008209992936475695
-899.74,-794.02,-897.9349464149253,-793.777398417156,92.38215327367104,95.77017071583565,-3.3880174421646103,0.03601355933667406,-0.0014933166496390571,0.009188316649639058,92.3824505328064,95.77034099736196,-0.001493260682460324,0.009188260682460325
-899.74,794.02,-900.0330481121426,794.8669912112706,97.17633539732653,95.69070762340753,1.485627773918992,0.01540571940805128,-0.0006523895020415897,0.00834738950204159,97.17636702641562,95.69085877348829,-0.0006523370163236988,0.0083473370163237
-899.23,-336.12,-899.7679730356067,-336.4107061607114,11.328107938697057,11.95094776717854,-0.6228398284814833,0.053510746857681125,-0.0006464365592061159,0.008341436559206116,11.327943055902173,11.950946539621366,-0.0006466064146391238,0.008341606414639125
-899.23,336.12,-898.2285492334103,335.4721888835973,13.542626918840464,14.705585272034416,-1.162958353193952,0.08233854555720355,0.0012124690410848487,0.0064825309589151515,13.542759398884272,14.705627908698848,0.001212375372798499,0.006482624627201502
-899.17,-542.22,-898.7030767711664,-541.7890939372113,44.74000286469469,46.219249458079545,-1.4792465933848575,0.032525478290777156,-0.0009544297398386359,0.008649429739838637,44.74017691088389,46.219361631263375,-0.0009543898185458076,0.008649389818545808
-899.17,542.22,-898.2877518395545,543.1647737803656,48.29260859005184,48.48146742274687,-0.18885883269502557,0.0039030872827976854,0.00012160182672457563,0.007573398173275425,48.29277075582675,48.48156805028722,0.0001215622036811181,0.007573437796318882
-898.89,-651.23,-897.9721716459156,-650.8837251943896,64.76531170974017,66.98698597060617,-2.2216742608659956,0.03372501732388999,-0.0011941639758317264,0.008889163975831726,64.76550704361769,66.9870798488966,-0.0011941094428115722,0.008889109442811573
-898.51,-599.24,-898.0396256749815,-599.2814380147257,55.149031803500655,57.05534115798928,-1.9063093544886272,0.03397923457302147,-0.0011127995089652732,0.008807799508965274,55.149210260607745,57.055471557486705,-0.0011127714555518467,0.008807771455551847
-897.92,-702.38,-896.8131164220889,-702.2136135792434,74.49061085625402,77.1447594699446,-2.6541486136905803,0.03500698561267025,-0.0013240485595442622,0.009019048559544263,74.49060241975553,77.1451982080127,-0.0013242716370455378,0.009019271637045538
-897.33,244.32,-896.4571663759298,244.78544513036113,1.3103502285190576,2.680122544402483,-1.3697723158834254,0.6865213190669512,0.001961024965576084,0.0057339750344239165,1.3103204888510902,2.680110796289938,0.001961050723060699,0.005733949276939302
-893.28,-258.74,-892.795367328927,-258.4858648483542,0.763876177861043,1.1129821972043956,-0.3491060193433526,0.3720110414097501,-0.00047524601370025634,0.008170246013700257,0.7639827643909136,1.1130158788045819,-0.0004751467665509899,0.00817014676655099
-893.06,-755.87,-892.054881972695,-755.3925779366446,84.65235603286229,87.7134730414982,-3.061117008635918,0.035518838334427864,-0.0014271365058301747,0.009122136505830176,84.6524079450983,87.71375965459131,-0.0014272459267246262,0.009122245926724627
-893.06,755.87,-893.6719662538453,755.0919903068634,88.88488417754553,87.6921987949806,1.1926853825649317,0.013508948754697724,-0.0005552617674261547,0.008250261767426156,88.8849002869448,87.69237571031158,-0.0005551869032690507,0.008250186903269051
-891.79,-918.21,-890.9539730868206,-917.7926344929141,117.22962700080797,121.72005347816341,-4.490426477355442,0.037584703761515334,-0.0017251927555458557,0.009420192755545856,117.22982977544524,121.72029085742344,-0.0017252060504176871,0.009420206050417688
-890.95,-890.95,-891.7280689095065,-891.485068305552,111.85559542210046,116.06690432155736,-4.2113088994568955,0.03695386725043217,-0.0016642572600612407,0.009359257260061241,111.85560706725248,116.06711558271218,-0.001664336145839943,0.009359336145839944
-890.95,890.95,-888.6636071803209,891.4251888441786,116.62977437488567,114.59281270381496,2.0369616710707135,0.01761905440818719,-0.0008078122466326299,0.00850281224663263,116.62977704266031,114.59296336524157,-0.0008077535557469887,0.008502753555746988
-890.13,611.62,-888.30999114238,611.4987605018156,60.58972032196553,60.34802875323116,0.24169156873436748,0.003996958279487878,-0.00013978199849689818,0.007834781998496899,60.5898066309779,60.348145770071994,-0.00013976423866499837,0.007834764238664998
-890.1,-433.39,-890.3908898706022,-433.636258368381,25.87370295536981,26.913996539354045,-1.0402935839842335,0.03941424210343591,-0.0008464464665803511,0.008541446466580352,25.873794675133436,26.91416982846211,-0.0008465128363863816,0.008541512836386381
-890.1,433.39,-888.9488409806992,432.9648885799802,28.49835248398874,29.338801149994595,-0.8404486660058552,0.029062587392337833,0.0006860118510229842,0.007008988148977016,28.49826302961447,29.338889676302443,0.000686157126828782,0.007008842873171219
-890.03,663.29,-889.6606829644182,664.1145585932223,70.75722444455701,70.18229125721967,0.5749331873373364,0.008158580430400738,-0.00030570310669295227,0.008000703106692953,70.75739850980028,70.18243601125425,-0.00030571869203009313,0.008000718692030093
-889.0,273.1,-890.1041089724953,273.4453924241726,4.562362190226258,5.838153074514754,-1.2757908842884955,0.24533224591546515,0.0016467131426399874,0.006048286857360013,4.562474780669671,5.838158606877499,0.0016465749585922477,0.006048425041407753
-888.8,-141.53,-889.1596172032185,-141.46913006004007,-10.568528808951077,-10.326038318040048,-0.24249049091102926,0.02321086523948951,-0.000605624132488298,0.008300624132488298,-10.568621107775957,-10.325955691650803,-0.0006060610111908686,0.00830106101119087
-888.61,714.12,-889.7506617250805,713.3085869287879,80.4041656367774,79.44040821955605,0.963757417221359,0.012058681680212348,-0.0004770587153268882,0.00817205871532689,80.40435815007196,79.44044196800681,-0.0004771373037258605,0.008172137303725862
-888.35,-363.92,-888.7421932051326,-364.33020352649993,14.927121670607185,15.651842747010338,-0.7247210764031529,0.04739997512705942,-0.0007031529272905001,0.0083981529272905,14.927031205633023,15.651797883153243,-0.0007031971712900162,0.008398197171290016
-888.35,363.92,-887.2459481774331,363.3214369343031,17.205822034066117,18.300673128963446,-1.0948510948973293,0.06167046845205502,0.0010670134204839728,0.006627986579516028,17.20589694851644,18.300727939818493,0.0010669938280425358,0.006628006171957464
-888.29,-501.33,-889.3613145986359,-501.8037840447326,37.35147839343224,38.63983304240601,-1.2883546489737725,0.03390794617517739,-0.0009069286782645563,0.008601928678264557,37.3515042546049,38.639989921005395,-0.0009070209071098852,0.008602020907109886
-888.29,501.33,-887.415914149367,501.0635706547647,40.215616330695966,40.69486525381181,-0.479248923115847,0.011846398976510616,0.00033860313653873186,0.007356396863461269,40.21571992490496,40.69495660853292,0.0003385944889888088,0.007356405511011192
-886.33,156.28,-886.712402445051,156.29432452302277,-8.259078807001394,-7.060655479718477,-1.1984233272829172,0.15645484508458968,0.002716652790960701,0.004978347209039299,-8.258984437955903,-7.060651963098705,0.0027164468416185296,0.004978553158381471
-885.48,-853.71,-884.9781548634454,-853.951350776235,104.07224376998113,107.90159307682845,-3.8293493068473197,0.036130395748931364,-0.0015918757836142804,0.009286875783614281,104.07231621514627,107.90178206688167,-0.001591924231789195,0.009286924231789196
-885.48,853.71,-884.1646252043236,854.2546923106056,108.71953811459592,106.99474445089791,1.7247936636980086,0.01599146466506535,-0.000717408491194883,0.008412408491194883,108.71959851750972,106.99495759158415,-0.0007173449616393311,0.008412344961639331
-884.48,-287.39,-884.7444277152741,-287.81920355375684,4.0544216472525925,4.442577210435328,-0.38815556318273536,0.09136297878433625,-0.0004788705007398853,0.008173870500739885,4.054325720339076,4.442621977853467,-0.0004790440764178908,0.008174044076417891
-883.61,-170.99,-883.3675975660676,-170.92011893014717,-8.612473250639237,-8.359728043127763,-0.2527452075114738,0.02978343270113039,-0.0005258939210044512,0.008220893921004451,-8.6123608166341,-8.359747286113691,-0.0005256199370590409,0.008220619937059042
-883.32,-567.67,-882.9027790432862,-567.6405068334485,48.84962688582873,50.40644434825222,-1.5568174624234956,0.031369717601495005,-0.0009758909803186497,0.00867089098031865,48.84968631465741,50.406267158821095,-0.0009757426561694781,0.008670742656169479
-883.32,567.67,-884.2817092695191,567.1313931639389,52.09951800492644,52.22101383423204,-0.12149582930560143,0.002329279330993516,7.610915713638387e-05,0.007618890842863616,52.09947507707268,52.22112895211882,7.620816241228332e-05,0.007618791837587717
-881.58,-623.88,-880.5532135208267,-623.6032057350884,59.10263060871298,61.082221018291555,-1.9795904095785772,0.03294242798122787,-0.0011325601286928527,0.008827560128692853,59.10276647968648,61.08233151700745,-0.0011325456127570278,0.008827545612757028
-881.0,-675.23,-881.9725250683965,-675.7336070876103,68.97535169831744,71.33881121252429,-2.363459514206852,0.03368811052535928,-0.0012458549007094443,0.008940854900709444,68.97541467352872,71.3389974492004,-0.0012459198757594132,0.008940919875759413
-881.0,928.56,-881.0258058209943,927.7136105360338,123.96133674607132,121.81118905789212,2.150147688179203,0.017497054897781653,-0.0008264481401233192,0.00852144814012332,123.96133686200119,121.81146631998219,-0.0008263416139856499,0.00852134161398565
-880.64,185.66,-880.7652501795765,185.62976323505018,-5.90848010174129,-4.632471485696849,-1.2760086160444413,0.24210501404163284,0.002451860162049012,0.005243139837950989,-5.908504084748097,-4.6325016918603055,0.0024518482042066594,0.005243151795793341
-879.74,301.6,-879.2848076185857,300.92987850362425,7.728018911942012,8.981817004949761,-1.2537980930077488,0.15006707417638965,0.0014886157115312681,0.006206384288468732,7.727961532882592,8.981806484939419,0.0014886713465789478,0.006206328653421052
-879.66,-816.21,-880.3284436847492,-817.1716962542429,96.57872390132678,100.04025251789699,-3.461528616570206,0.03521052422925508,-0.0015116795877081228,0.009206679587708124,96.5790264749727,100.04044273513223,-0.0015116305206884998,0.0092066305206885
-879.66,816.21,-877.8361827331888,816.4172686218226,100.68778581555603,99.26269383785001,1.4250919777060176,0.014254449203385464,-0.0006246936740899967,0.008319693674089997,100.68789433557893,99.26292141615097,-0.0006246414845090325,0.008319641484509033
-879.15,-725.74,-880.1784441353701,-726.5357910984889,78.69616119031406,81.37302510865923,-2.676863918345177,0.03344633630292086,-0.0013150686494629298,0.009010068649462931,78.69638697596147,81.37350484833078,-0.0013151934099982904,0.00901019340999829
-877.44,-200.27,-878.1239095096984,-200.3938442010715,-6.186861615485336,-5.943784599697672,-0.24307701578766405,0.04007651554183866,-0.00043396388635852037,0.00812896388635852,-6.186943579159912,-5.943877474229822,-0.000433944407272269,0.008128944407272269
-876.6,-460.08,-875.6491143050016,-459.59096081642207,29.67455995055228,30.607969831920848,-0.9334098813685685,0.030967840425301898,-0.000728652863015323,0.008423652863015323,29.674575887725766,30.608006966217253,-0.0007286694102413714,0.008423669410241372
-876.6,-391.38,-876.9400672326962,-391.70149567142875,18.676142159655512,19.471973204483866,-0.7958310448283541,0.04172321684737613,-0.0007278562341786408,0.008422856234178641,18.67621297828424,19.471948125270426,-0.0007277685273183465,0.008422768527318348
-876.6,391.38,-877.8246016643333,391.4137043909387,21.205611401929822,22.242960319414475,-1.0373489174846533,0.047750656759796374,0.0009484860664069742,0.006746513933593027,21.205653944101908,22.243028072088062,0.0009485091172908169,0.0067464908827091835
-876.6,460.08,-875.6241983414403,460.85774751296566,32.677126147730846,33.44395105643756,-0.7668249087067167,0.023194567939022456,0.0005969822746298853,0.007098017725370115,32.67713474911797,33.44394329902983,0.0005969695391143195,0.007098030460885681
-874.77,-315.73,-874.8741185815552,-316.2069503055524,7.46433970352259,7.928855090001807,-0.4645153864792171,0.06035334350145809,-0.0005275127926661319,0.008222512792666132,7.464477437965446,7.928893392113444,-0.0005273998753586561,0.008222399875358657
-873.99,214.83,-873.6284993230014,214.39833893008276,-3.2819027350893712,-1.9364697459481697,-1.3454329891412016,0.5156523395101518,0.00225664755249589,0.005438352447504111,-3.2820372735527634,-1.9364706363847546,0.002256871715642642,0.005438128284357358
-873.47,-778.43,-873.4812433497987,-778.7475503829041,88.76871577990885,91.79826155761012,-3.029545777701273,0.0335559228201333,-0.0013991913601762588,0.009094191360176258,88.76863236126786,91.79842882103534,-0.001399307137327993,0.009094307137327994
-873.47,778.43,-871.9993144958535,778.4108753001619,92.72704097481379,91.57804118593486,1.1489997888789247,0.012468454753480764,-0.0005317956531963334,0.008226795653196334,92.72722113281637,91.57821647365003,-0.0005317979073287543,0.008226797907328755
-873.19,-527.19,-873.1173102971965,-527.0620458783807,41.27810523930366,42.54117234692731,-1.2630671076236482,0.030137866705525807,-0.0008622673787013761,0.008557267378701376,41.2780694733038,42.541206363155496,-0.0008623150174519173,0.008557315017451918
-873.19,527.19,-873.0295414538442,527.9168191635305,44.44155526183522,44.83539286761756,-0.3938376057823376,0.008822828603219451,0.0002684556923041424,0.007426544307695858,44.44155565203454,44.835481848429566,0.00026851607926037116,0.00742648392073963
-872.86,636.02,-871.1390922435472,636.1681803289708,64.61793650669406,64.29233873416723,0.32559777252683375,0.0050515410337690055,-0.00018457456427288513,0.007879574564272886,64.61805822501616,64.29238641674867,-0.00018461653358509987,0.0078796165335851
-871.82,687.05,-873.0319634692279,686.0596712759843,74.37529872320437,73.73828383007844,0.6370148931259223,0.00860170798848594,-0.00033412380881857757,0.008029123808818577,74.37532285310529,73.73844510996872,-0.0003340518716043652,0.008029051871604366
-870.29,-229.32,-870.6269202799767,-229.68560167160453,-3.4719231500605687,-3.252387714716207,-0.21953543534436193,0.06529603992412976,-0.00034489638281253224,0.008039896382812533,-3.4719727961431133,-3.2524756184110224,-0.00034483627902078386,0.008039836279020784
-870.1,-938.79,-870.7173045488264,-939.3853968438535,121.24245409537251,125.71355791667976,-4.471103821307253,0.036209718361414484,-0.0017172900236033326,0.009412290023603333,121.24258533674791,125.7137297169423,-0.0017173056017189459,0.009412305601718947
-869.57,329.78,-868.1252413078686,330.4527072493199,11.43668234147271,12.65497698004378,-1.21829463857107,0.10113829207961607,0.0013341679624786881,0.006360832037521313,11.436785880646138,12.65503397823056,0.0013341169949283413,0.00636088300507166
-869.53,737.23,-868.9837437616728,738.2594047172166,84.53944440396157,83.58737354995654,0.9520708540050293,0.011325627470877163,-0.0004662281615273133,0.008161228161527314,84.53955712499872,83.5875114730827,-0.0004662158200890953,0.008161215820089095
-869.5,-911.9,-868.0312354790616,-911.9205707829964,115.52451848452876,119.68174040776171,-4.157221923232953,0.03534958587251453,-0.0016499117517027487,0.00934491175170275,115.5247713336282,119.6820011492749,-0.001649914884031605,0.009344914884031606
-869.5,911.9,-870.1397676594361,910.9653095575662,120.04380188522144,118.0570600781819,1.986741807039536,0.016688236998863973,-0.0007874091315926604,0.00848240913159266,120.04394997578382,118.05717958521113,-0.0007874204601583234,0.008482420460158324
-866.75,-592.67,-867.1976887181187,-593.3223816461035,53.13079087335148,54.770338075420725,-1.6395472020692452,0.0303898062613904,-0.0010010711695215024,0.008696071169521502,53.13089198684265,54.770408114838425,-0.001001052196381217,0.008696052196381218
-866.75,592.67,-867.2548559452002,593.3773136356481,56.323367354503645,56.35504947638919,-0.0316821218855452,0.000562345882674116,1.934133534067616e-05,0.007675658664659324,56.32347394273937,56.35517355971815,1.93520157637354e-05,0.007675647984236265
-866.36,243.76,-865.2059385789597,243.31346388769805,-0.35574849707726486,1.009726804053198,-1.3654753011304628,2.0,0.0020377367995981495,0.0056572632004018505,-0.35559277767365316,1.0097211188695994,0.0020374959310399923,0.0056575040689600085
-864.43,-875.02,-864.6529770576223,-875.2303334940088,107.95478503063454,111.73589944516624,-3.7811144145317,0.03442216426749033,-0.0015696596333622192,0.00926465963336222,107.95496909096263,111.7358690703345,-0.0015695706145763633,0.009264570614576364
-864.43,875.02,-862.5112959872309,875.3326482289699,112.3244539986947,110.59442988990918,1.7300241087855142,0.015521557246357242,-0.000719886632531844,0.008414886632531845,112.32468841615531,110.59462233606914,-0.0007199040973626186,0.008414904097362619
-864.14,-343.75,-864.5676294665622,-344.0192091836156,11.026210561637114,11.51497502096614,-0.4887644593290261,0.04336634890280507,-0.0005162592273333512,0.008211259227333352,11.026262676523523,11.514921894915755,-0.0005161480662133558,0.008211148066213356
-864.0,-418.45,-864.0472011856558,-418.7899514954256,22.553831732728494,23.420745902358057,-0.8669141696295632,0.03771276275817085,-0.0007526485925215247,0.008447648592521525,22.553891053844126,23.42085168703587,-0.000752688931849113,0.008447688931849114
-864.0,418.45,-864.9039224543475,418.5496861709671,25.090206012970633,26.040999518505807,-0.9507935055351737,0.03719034181386018,0.000825127747659007,0.0068698722523409935,25.09041284474159,26.04103879691054,0.0008249823397119835,0.006870017660288017
-863.97,-648.04,-864.922812229103,-648.4675517168939,63.36792555024779,65.3289753631192,-1.9610498128714084,0.030475478414068412,-0.001098431292626201,0.008793431292626202,63.368162102763236,65.32904185014894,-0.0010983360348463791,0.00879333603484638
-862.48,-698.74,-861.3063474366626,-698.5878882190303,72.85285977540966,75.19518697860804,-2.34232720319838,0.031642797788344536,-0.0012229782554673723,0.008917978255467373,72.85287127706232,75.19553236329605,-0.0012231525828164925,0.008918152582816493
-862.31,-486.34,-862.3714031068008,-486.8418558422479,33.9232285115967,34.92443115514047,-1.0012026435437704,0.029084580315153055,-0.0007491859160872604,0.008444185916087261,33.923379334890875,34.92455872637426,-0.000749168516896123,0.008444168516896123
-862.31,486.34,-863.5754876950074,486.0483721940632,36.58623239258884,37.234677305724304,-0.6484449131354637,0.017568055332438718,0.0004853367312829498,0.007209663268717051,36.58616351336052,37.23473261760345,0.00048542968367556105,0.007209570316324439
-862.19,-258.12,-862.7814917422908,-258.4001712978433,-0.49284518595157323,-0.3161396325886088,-0.17670555336296445,0.4368575264040942,-0.0002490040745858044,0.007944004074585806,-0.49279856838215963,-0.31607785142269407,-0.00024902544232010757,0.007944025442320108
-859.77,-748.6,-860.0573786974779,-748.4460720578217,82.51198162853137,85.20643427968099,-2.694452651149618,0.03213067135840607,-0.0013150203975667203,0.009010020397566721,82.51221499312759,85.20680004595526,-0.0013150850158509734,0.009010085015850974
-859.08,948.89,-857.0141520180988,949.188186083345,127.67407380463463,125.51333450982409,2.16073929481054,0.017068299795753684,-0.0008344722998576048,0.008529472299857606,127.67424790381189,125.513600643969,-0.000834436756175261,0.008529436756175261
-859.04,-837.88,-859.1643151617095,-838.3011022405226,100.36842517145587,103.73581528906304,-3.3673901176071723,0.03299676782813875,-0.001468814793378209,0.00916381479337821,100.36857383179158,103.73612070128623,-0.0014688831666534073,0.009163883166653407
-859.04,837.88,-858.8395982891589,838.7216600100764,104.59013672493177,103.16034966568131,1.429787059250458,0.0137644641328268,-0.0006235787624372639,0.008318578762437264,104.5903131883125,103.16067935062415,-0.0006235119373030906,0.008318511937303092
-858.49,357.63,-859.7997258185096,357.82921122973926,15.183257599244698,16.33411108682496,-1.1508534875802638,0.07302979503418564,0.0011751595045112588,0.006519840495488742,15.183398502761275,16.334145216456147,0.0011750504755622172,0.006519949524437784
-858.46,-141.26,-858.5483005610103,-141.4615627861485,-12.031297636447245,-11.899271644588326,-0.13202599185891906,0.011034087013011146,-0.00034151212469803356,0.008036512124698034,-12.031396039309838,-11.899177227333206,-0.0003420108932144248,0.008037010893214425
-857.78,272.42,-857.3516228360123,271.86338429132167,2.858011936770694,4.146622944349911,-1.2886110075792168,0.36793095698745804,0.0017368488138713187,0.005958151186128682,2.8580600309417754,4.146652949211163,0.001736824432272732,0.005958175567727268
-857.34,-552.6,-858.4458124656829,-553.0640268833989,45.54230655281184,46.795650870356454,-1.2533443175446166,0.027146892838462184,-0.0008293387754431485,0.008524338775443148,45.54223613722067,46.795815107715235,-0.000829494045457494,0.008524494045457494
-857.34,552.6,-855.5156592551975,552.4951764558214,48.24774767455986,48.59038355198744,-0.3426358774275826,0.007076466121098629,0.00022773315071916229,0.0074672668492808385,48.247696508291554,48.59048093569112,0.0002278318845511611,0.0074671681154488394
-855.9,155.97,-855.7788864402855,155.61897970964458,-9.858523542837315,-8.670230630568557,-1.188292912268757,0.12826473935029065,0.0028031687847017302,0.00489183121529827,-9.858715076707535,-8.67023824682897,0.002803602644146189,0.004891397355853811
-854.92,659.93,-855.6892779925294,659.0311250011692,68.44017166050101,68.11170477105108,0.32846688944992763,0.004810873318384237,-0.00018298667010415915,0.00787798667010416,68.44006089335323,68.11188539914231,-0.00018282433579838275,0.007877824335798382
-853.3,-800.48,-854.4326738551131,-801.2765194569187,92.85255421535864,95.90612819826767,-3.053573982909029,0.03235426253101028,-0.0014011933108471278,0.009096193310847128,92.85277210170962,95.90627987500173,-0.0014011629292441739,0.009096162929244174
-853.3,800.48,-853.0482304166712,801.4692648388454,96.72216499595305,95.54288926005009,1.1792757359029622,0.012267187508061064,-0.0005418820644196618,0.008236882064419662,96.72217568976157,95.54309985560911,-0.0005417902087408353,0.008236790208740836
-853.13,-286.64,-853.665529789284,-286.97496986659075,2.7148339252436706,2.955924709761682,-0.24109078451801125,0.08502946432238116,-0.0003091709771255267,0.008004170977125528,2.7147971208016273,2.9559556713220125,-0.00030925787916623207,0.008004257879166232
-853.1,-170.64,-852.945709427256,-170.39938620979748,-10.03277659225902,-9.926137980417689,-0.10663861184133161,0.010685812743275867,-0.0002305021288511346,0.007925502128851136,-10.0328828109838,-9.92611138071351,-0.00023078921933456363,0.007925789219334563
-852.98,710.3,-851.2983161107346,710.1332782612908,78.27676968424484,77.6213770339866,0.6553926502582357,0.008407959479374505,-0.00034058835900674915,0.00803558835900675,78.27689874113595,77.62155406748194,-0.0003405634269711272,0.008035563426971128
-852.62,-371.41,-851.9486127674891,-370.90123636203043,14.576519852153815,15.152870321931793,-0.576350469777978,0.03877311081075378,-0.0005730134857051993,0.0082680134857052,14.57668655389363,15.152853986386603,-0.0005728315081790334,0.008267831508179033
-850.57,-445.12,-850.6458782270689,-445.4352207935037,26.50485482975148,27.284268484631145,-0.7794136548796651,0.028980344235179548,-0.0006462261482163964,0.008341226148216398,26.50488005426713,27.284422830067864,-0.0006463332047388921,0.008341333204738892
-850.57,445.12,-851.086972900227,445.0041953114835,28.97461929308971,29.872824890087333,-0.8982055969976237,0.030526579682942197,0.000745053709329483,0.006949946290670517,28.974620361584613,29.8728712032214,0.0007450912393630847,0.006949908760636916
-850.05,185.26,-849.1149954868102,184.8581302093185,-7.500674399905828,-6.234751547710172,-1.265922852195656,0.18432960972941317,0.00253368164849115,0.0051613183515088505,-7.500534123155578,-6.234746424441008,0.0025334111455184273,0.005161588854481573
-849.85,759.83,-850.2692226438285,760.7201039592754,88.35025185981797,87.45500213135671,0.8952497284612662,0.010184561702646353,-0.00043482320997952534,0.008129823209979526,88.35027436416365,87.45520723779637,-0.00043473452005744913,0.00812973452005745
-849.47,-617.17,-848.1916375680354,-616.9928215462143,57.01535322300571,58.67735115406705,-1.661997931061336,0.028731248699044157,-0.0009977144309534947,0.008692714430953496,57.01542362847387,58.67755147049812,-0.0009977924178390502,0.008692792417839051
-849.47,617.17,-850.0635858107338,616.5616247618999,60.03745761225935,59.99354745982434,0.04391015243501073,0.0007316468342265538,-2.6320062385561854e-05,0.007721320062385562,60.03744748678249,59.993681947529325,-2.623338020030686e-05,0.007721233380200307
-848.25,300.78,-848.2122881371251,300.54658008861804,6.306109287133083,7.609389574960186,-1.3032802878271035,0.1873134841579161,0.0016060954395391719,0.006088904560460829,6.306144421264033,7.609374340351643,0.001606033367701247,0.006088966632298754
-847.94,-958.86,-848.6609690458954,-959.9227477968117,125.095341862445,129.42150307843673,-4.326161215991732,0.03399508757069967,-0.0016683303859298775,0.009363330385929878,125.0954745674087,129.4217953686168,-0.0016683919279881457,0.009363391927988147
-847.55,-932.34,-847.3725008753274,-932.5785894261671,119.3880989089603,123.58357702705638,-4.1954781180960765,0.034534709463014936,-0.0016679058289936304,0.00936290582899363,119.38826136576397,123.58364324091838,-0.0016678675677612067,0.009362867567761207
-847.55,932.34,-847.4079476609941,932.7080181162044,123.84247615166066,121.91070769859982,1.9317684530608403,0.015721207943640587,-0.0007678328687907178,0.008462832868790718,123.84257950844164,121.91089840637349,-0.0007677981488100703,0.00846279814881007
-847.22,-512.16,-847.4402325242464,-512.4541360133284,37.95155650522745,39.0030390382133,-1.051482532985851,0.027327348693354923,-0.0007606552275239276,0.008455655227523928,37.95159929318499,39.0032119637168,-0.0007607493706043168,0.008455749370604317
-847.22,512.16,-848.481992340828,511.8434071994114,40.57420783803709,41.15413241531341,-0.5799245772763229,0.014191517299350724,0.0004195093492310057,0.007275490650768995,40.57426138560055,41.15420554251149,0.0004195235128655514,0.0072754764871344494
-846.74,-199.83,-847.2367676746203,-200.0793493319217,-7.56835303543947,-7.4450867079629255,-0.12326632747654465,0.016420797576479913,-0.00022844795183946296,0.007923447951839463,-7.568365971686985,-7.4451421202995025,-0.00022836923143181373,0.007923369231431814
-846.52,385.1,-845.7612701389093,384.61695750313737,18.78826069372282,19.933332361943222,-1.1450716682204032,0.05914383050171783,0.0011058757129979574,0.006589124287002043,18.788378776667436,19.933386371524687,0.0011058138328745323,0.006589186167125468
-845.71,-671.7,-846.0333205368788,-671.730311020339,67.3173919249985,69.32805187300212,-2.010659948003621,0.029428861908867253,-0.0011114913470352582,0.008806491347035258,67.31753224433383,69.32823804488484,-0.0011115166942898803,0.008806516694289881
-843.32,-721.74,-842.414121107305,-721.2213103493922,76.77123481684886,79.07152364051015,-2.3002888236612904,0.029520637935713707,-0.0011894277134683541,0.008884427713468354,76.77134858383178,79.0720428537105,-0.0011896373606058654,0.008884637360605865
-843.18,214.33,-842.3829036648627,214.50113892266685,-4.721340872126159,-3.3594918455574643,-1.361849026568695,0.3370566064530711,0.0023677709655181294,0.0053272290344818715,-4.721337322560331,-3.359457322007078,0.002367824818257964,0.005327175181742036
-843.14,-314.84,-843.7266333435376,-315.09786681876307,6.116535619358675,6.464747047225178,-0.3482114278665023,0.0553538835577328,-0.00041147710085111635,0.008106477100851116,6.116621688525928,6.46478124655351,-0.00041141580690946946,0.00810641580690947
-842.87,-895.81,-842.6411167130751,-896.2460712718715,111.81966065158434,115.54738316612958,-3.727722514545235,0.032790350368753066,-0.0015506848280600848,0.009245684828060085,111.81983850428269,115.5476392966627,-0.0015507173906369085,0.009245717390636909
-842.87,895.81,-841.8610992163727,896.1167565106376,115.96415703432237,114.25456560831842,1.7095914260039535,0.014851888728943068,-0.0007119297858586586,0.00840692978585866,115.96427845129982,114.25469587731844,-0.000711926099586933,0.008406926099586933
-840.75,-577.53,-840.6661903430235,-577.5424255434195,49.492494980284235,50.89032220979036,-1.3978272295061274,0.027849930269626625,-0.0009044735998395358,0.008599473599839536,49.492597000433456,50.890272206752584,-0.000904375232204179,0.008599375232204179
-840.75,577.53,-842.5390192951563,576.9513131533341,52.29768590786857,52.57074642393964,-0.2730605160710695,0.005207678039986225,0.00017647353706818256,0.007518526462931818,52.29778069390798,52.57083426662595,0.00017646904971827847,0.007518530950281722
-840.21,-398.68,-840.2867490148552,-399.1628924488512,18.609313474938077,19.282076133813444,-0.6727626588753672,0.0355100547022421,-0.0006301356855421329,0.008325135685542133,18.60930952922166,19.282127147836,-0.000630187162972304,0.008325187162972304
-839.79,-770.94,-840.5981503937536,-771.550675097451,86.61063047107456,89.31217643935713,-2.7015459682825735,0.03071285657303118,-0.0013086073303088988,0.009003607330308899,86.6107588926784,89.31242672763481,-0.0013086663615541842,0.009003666361554185
-839.38,-228.78,-838.9526055738316,-228.60235269300088,-4.938047010739945,-4.799617752155772,-0.1384292585841731,0.028431715807601492,-0.0002267564465669318,0.007921756446566933,-4.938019759933253,-4.7996953377071065,-0.00022658471755342488,0.007921584717553425
-837.88,-859.04,-839.1668606175481,-859.4671030583287,104.23419159418206,107.65626031554753,-3.422068721365463,0.032300357949336445,-0.0014905996545046517,0.009185599654504653,104.23436882978865,107.65635393363148,-0.0014905632320185774,0.009185563232018579
-837.88,859.04,-836.7809818548832,859.4773603270382,108.17007432119487,106.72967581832997,1.440398502864909,0.013405306445723854,-0.0006291964904813836,0.008324196490481384,108.17029674679395,106.72992438547395,-0.0006291850713024003,0.008324185071302401
-837.79,328.81,-838.4455195632587,329.11479219400695,9.982949444762799,11.26475141152918,-1.2818019667663805,0.12065323918439926,0.0014593133508682386,0.006235686649131762,9.98300121388041,11.26477443064368,0.0014592806193976487,0.0062357193806023515
-836.68,968.69,-836.2008149943396,969.3199074936128,131.31214686130474,129.15100611325164,2.1611407480531,0.016594598686012325,-0.000837635752689688,0.008532635752689689,131.3123040617431,129.15126751948765,-0.0008375953636026652,0.008532595363602666
-836.33,683.34,-835.7500740259211,684.308578193613,72.67586413330203,72.29121787437956,0.38464625892247284,0.005306670363994648,-0.00021129196286166652,0.007906291962861666,72.67596346194,72.29135587772781,-0.00021127071826287192,0.007906270718262873
-836.32,-471.35,-836.8034333057985,-471.9120653932539,30.575486256913084,31.355111066109473,-0.7796248091963882,0.025177370892451072,-0.0006202274580801889,0.00831522745808019,30.57561457976349,31.35520741204368,-0.00062020201896997,0.00831520201896997
-836.32,471.35,-836.2186244135916,472.1549944487067,33.09034716989761,33.929386404183184,-0.8390392342855719,0.025038572657354218,0.0006676175090114486,0.007027382490988552,33.09037501135084,33.92949944260178,0.0006676852996265627,0.007027314700373438
-835.33,243.15,-836.0619206773359,243.38147437448447,-1.661523969999763,-0.25099101634038234,-1.4105329536593807,1.475055582553761,0.0021777456171849638,0.005517254382815037,-1.6615764659088903,-0.2509819244803744,0.00217784070358047,0.00551715929641953
-833.68,412.17,-834.5547309636398,412.1671706512916,22.827457478637605,23.90395463272831,-1.0764971540907062,0.046071672369981,0.0009831834021021188,0.006711816597897881,22.82757117479832,23.903997894885293,0.000983119073512722,0.006711880926487278
-833.51,733.05,-831.7416536920142,733.3295352312986,82.29004415350008,81.54734022868756,0.7427039248125169,0.009066354759179903,-0.0003825409775402108,0.008077540977540211,82.29014192826158,81.54754051187389,-0.00038248817901346144,0.008077488179013461
-832.58,-822.02,-833.6105604485093,-822.6380447143015,96.65473121630058,99.71695361759402,-3.0622224012934396,0.031188023913770353,-0.0014028608763090547,0.009097860876309056,96.65477419245212,99.71725221050835,-0.0014029779790889474,0.009097977979088947
-832.58,822.02,-832.4589811764728,822.861401420368,100.4829088393264,99.29972873499729,1.1831801043291108,0.011844673978627806,-0.0005426392411511888,0.008237639241151189,100.48312302458702,99.30001568322878,-0.0005426058700328323,0.008237605870032833
-832.21,-342.69,-832.3180547822952,-343.1904168555957,9.757548663659282,10.135129204171463,-0.3775805405121808,0.03796176090729158,-0.00041527425593663645,0.008110274255936637,9.757626775690415,10.135107563206489,-0.0004151645446385395,0.00811016454463854
-831.5,-641.18,-831.7922704090414,-641.1787333531296,61.121597232621454,62.87372479501425,-1.7521275623927934,0.028261188143892793,-0.0010320995879679847,0.008727099587967985,61.121666993002094,62.87375329147549,-0.001032075281247901,0.0087270752812479
-831.5,641.18,-829.7385608776377,641.2344342310497,64.1370916191506,63.987972883748014,0.14911873540258114,0.0023277059173571393,-8.80489081879507e-05,0.007783048908187951,64.13730067193315,63.98804728043214,-8.81284174623227e-05,0.007783128417462323
-831.37,-537.52,-830.3445938542089,-537.1566052024993,41.87399172905558,42.93648302941977,-1.0624913003641865,0.025055662131121575,-0.000748369315892906,0.008443369315892906,41.874106035338315,42.93654601534047,-0.0007483331682235437,0.008443333168223544
-831.37,537.52,-829.6206829498843,537.2836647899408,44.54435621043716,45.05163647454546,-0.507280264108303,0.011323726628977444,0.00035753176385796333,0.007337468236142037,44.54452729471738,45.05173130630722,0.0003574780209876892,0.007337521979012311
-831.03,-257.46,-831.1045011635716,-257.84217925774334,-1.835377055067113,-1.7227949591443448,-0.11258209592276813,0.06328086189937501,-0.00016504774867807018,0.007860047748678071,-1.8354932207072743,-1.7226941171268706,-0.00016536588652268108,0.007860365886522681
-829.59,781.91,-827.3065325279223,782.2669987967544,92.05058536366018,91.07762679373187,0.9729585699283092,0.010625982293673971,-0.00047230523318303333,0.008167305233183033,92.05090102297464,91.07782965508237,-0.0004723599889252813,0.008167359988925281
-826.93,-425.55,-826.6507952476744,-424.7569166860439,22.366794741040906,23.05993018585561,-0.693135444814704,0.03051663732880327,-0.0006201624019772091,0.00831516240197721,22.366927881843626,23.060009593727607,-0.0006201143260295252,0.008315114326029525
-826.79,-694.85,-825.9547808569646,-694.662390216084,71.23717820991362,73.33987859437889,-2.1027003844652654,0.029087608102461193,-0.001151323075499371,0.008846323075499372,71.23721957221916,73.34021531751199,-0.001151484798842785,0.008846484798842785
-826.65,-149.14,-826.5894743597736,-149.33784488274634,-12.910408057100936,-12.845909499978914,-0.0644985571220218,0.005008367906559884,-0.00016414971065683618,0.007859149710656836,-12.910309764302713,-12.845871566081936,-0.0001639960964270471,0.007858996096427047
-826.65,149.14,-826.1821046113756,148.90717760188068,-11.794399769825562,-10.598482537564374,-1.1959172322611877,0.10681226434763334,0.0030539335328688905,0.00464106646713111,-11.794394216396917,-10.598474368349965,0.0030539402126253516,0.004641059787374649
-826.49,271.68,-825.84347171958,271.22653897177116,1.4262447114708792,2.786686683101639,-1.3604419716307596,0.6458410281180486,0.0019080949082462125,0.005786905091753788,1.4262002096933344,2.7867088774527033,0.0019081884532455972,0.005786811546754403
-826.39,356.47,-827.6635204633681,356.5860219960505,13.699500144258035,14.936500973499697,-1.237000829241662,0.08639480241356565,0.0013167451714927458,0.006378254828507255,13.699532243252097,14.936515139851299,0.001316726082806777,0.0063782739171932236
-825.31,-978.4,-826.2347680333946,-979.0763028666407,128.69660226702774,133.00333314478965,-4.3067308777619075,0.03291350355883529,-0.0016725441914490346,0.009367544191449036,128.69678038411357,133.00337470828813,-0.0016724911600626286,0.009367491160062628
-825.12,-952.24,-826.5547918015664,-952.8666241935862,123.21343957090755,127.27782595722118,-4.064386386313629,0.03245132222670033,-0.0016212168072449091,0.00931621680724491,123.21366587974322,127.27807736645111,-0.0016212268193788915,0.009316226819378891
-825.12,952.24,-825.2547453839925,952.9263275784119,127.52173041123204,125.52018304106278,2.0015473701692628,0.015819888040378798,-0.0007995919063723425,0.008494591906372343,127.52170897471808,125.52048856658662,-0.0007994612893292412,0.008494461289329241
-823.55,-744.22,-824.7731185841479,-744.7465167949348,80.97567090768588,83.3892970202582,-2.4136261125723166,0.029369106361282846,-0.0012344596244189265,0.008929459624418927,80.97586103793762,83.38970497641999,-0.001234571032432668,0.008929571032432668
-823.43,-601.96,-822.4072622257439,-601.4984164987953,53.46651992720412,54.90414564333878,-1.4376257161346615,0.02653163950901182,-0.0009130073640696862,0.008608007364069687,53.466448922995404,54.90422490834365,-0.0009131027970443858,0.008608102797044387
-823.43,601.96,-823.5633364512518,602.8532119829798,56.60872976389939,56.71928097365811,-0.11055120975871802,0.0019509953283258464,6.995274940672576e-05,0.007625047250593275,56.60888028328226,56.71934941127468,6.990081107659386e-05,0.007625099188923406
-821.71,-285.83,-822.1553218424002,-286.14776217687313,1.4595838557992487,1.5905596713936063,-0.13097581559435767,0.08588173928647805,-0.00017490279834906774,0.007869902798349069,1.4595171262092066,1.590588134294233,-0.00017502991672526733,0.007870029916725267
-821.25,-497.14,-820.2938638773808,-496.58848852601704,34.42985868620321,35.28546224588274,-0.8556035596795297,0.024545639272406897,-0.0006598669010429547,0.008354866901042955,34.4298872580775,35.28562675035806,-0.0006599717363059449,0.008354971736305946
-821.25,497.14,-820.8437734792036,497.9046930514998,37.13825796828217,37.86628411008813,-0.7280261418059624,0.019412854785387977,0.0005596159947734733,0.007135384005226527,37.138386432254805,37.866346831342554,0.0005595654599443794,0.007135434540055621
-820.8,-916.07,-822.5555709857441,-916.7218222298467,115.63685093723555,119.43050002871702,-3.79364909148147,0.03227712462740898,-0.0015805353423406512,0.009275535342340652,115.6368582459989,119.43077310023739,-0.0015806460661899123,0.009275646066189913
-820.8,-178.55,-820.3317249430287,-178.54430574867965,-10.721927430515086,-10.689830324676363,-0.03209710583872294,0.0029980822878439995,-6.884624144097069e-05,0.007763846241440971,-10.721936621393994,-10.689788270831938,-6.895615809865433e-05,0.007763956158098655
-820.8,178.55,-820.3004581442715,178.3049766745587,-9.423034898118377,-8.141158288516003,-1.2818766096023744,0.145964758640645,0.0027533389381931427,0.004941661061806858,-9.423044930837964,-8.141135374838969,0.0027534097036599663,0.004941590296340034
-820.8,916.07,-820.6533776878381,916.876377545735,119.74245720339734,118.03398202291514,1.7084751804821963,0.014370432882596009,-0.0007133259143275323,0.008408325914327533,119.74254721275045,118.03419582910321,-0.000713274226429754,0.008408274226429754
-820.36,-370.16,-820.4687804053092,-370.68499272874334,13.566161035936119,13.979444717938023,-0.4132836820019037,0.030007231330810544,-0.00042690482805982896,0.00812190482805983,13.56617437864394,13.979438368874597,-0.00042688448728039755,0.008121884487280398
-819.97,438.81,-818.6383312976492,438.3696129517704,26.655931487260602,27.69280991470641,-1.0368784274458065,0.038156483506287024,0.00090770597420869,0.00678729402579131,26.65598062994104,27.69283280000164,0.0009076829879213976,0.006787317012078603
-819.24,-792.75,-819.653713981982,-792.9140693920448,90.43196307490754,93.13844968130473,-2.706486606397192,0.029487176781494717,-0.001308275534317445,0.009003275534317446,90.43202596248595,93.13865064886127,-0.001308342280133492,0.009003342280133492
-817.1,706.22,-815.148168802034,706.23990558716,76.45442838148632,75.90878826880174,0.5456401126845805,0.007162360111324794,-0.0002977606829896493,0.007992760682989649,76.45459857840885,75.90895737973509,-0.00029776127562364626,0.007992761275623646
-816.68,299.9,-815.5009245879163,300.47786664554474,5.008027609500701,6.346914613677683,-1.338887004176982,0.23582453840125514,0.001716551564148471,0.005978448435851529,5.008111282751191,6.346911218370192,0.0017164399358565205,0.0059785600641434795
-816.21,-879.66,-816.2441170658434,-879.9081540599278,107.95561221267776,111.36806094315567,-3.412448730477905,0.031117924311374254,-0.001492652117327674,0.009187652117327675,107.95564571748395,111.36808531552927,-0.0014926481226757672,0.009187648122675768
-816.21,879.66,-817.4341323959835,878.5992292962172,111.62100389411272,110.12284695536454,1.4981569387481812,0.0135125004189194,-0.0006553353524257271,0.008350335352425728,111.62109346186894,110.12304733579668,-0.0006552868798911386,0.00835028687989114
-814.75,-562.38,-815.3029382760993,-563.004938188935,46.215112669524096,47.31333394312474,-1.0982212736006431,0.023484219258958997,-0.0007516376278291473,0.008446637627829148,46.21523140867172,47.31333663960724,-0.0007515582066454257,0.008446558206645426
-814.75,562.38,-813.9710652699363,563.2891734186978,48.89248080010229,49.26884820315093,-0.3763674030486399,0.007668343672000743,0.00025788228163788025,0.00743711771836212,48.89250476746662,49.268938604039825,0.0002579278010658475,0.007437072198934153
-814.09,383.74,-815.1913915317315,383.85134426774954,17.533190859902234,18.755848411448767,-1.2226575515465328,0.06738439904149132,0.001227529835336037,0.006467470164663963,17.533284797659096,18.755879060689622,0.0012274662946156335,0.0064675337053843665
-813.91,-207.74,-813.515452357864,-207.6199582103014,-8.141560110457217,-8.113118958165067,-0.028441152292149496,0.0034994418741926122,-5.2900789633557825e-05,0.0077479007896335585,-8.141516796369556,-8.11325104739065,-5.25745379515031e-05,0.007747574537951504
-813.91,207.74,-813.4993487650021,207.48034189974916,-6.710993693229003,-5.355657916110921,-1.355335777118082,0.22464156934290114,0.0025226825945513453,0.005172317405448655,-6.710949336748284,-5.355639279174884,0.0025226347228365967,0.005172365277163403
-813.83,987.97,-815.2655355812118,986.7300997570122,134.45895279543925,132.32286529319884,2.1360875022404002,0.01601374124776889,-0.0008342024326835676,0.008529202432683567,134.4590814989727,132.32318741269108,-0.0008341268982950308,0.008529126898295032
-813.45,755.25,-812.648405594038,755.8768588123328,86.31061376133849,85.51686134330038,0.7937524180381104,0.009238946420585346,-0.0004059580865044962,0.008100958086504496,86.31062323800649,85.51702751845414,-0.00040587794436446024,0.008100877944364461
-812.85,-664.66,-812.8738765933203,-664.9607946252623,65.2689088762237,66.99944363641767,-1.7305347601939616,0.026167026765205503,-0.0010057985205785592,0.00870079852057856,65.26891612236625,66.99953130599718,-0.0010058452632246962,0.008700845263224696
-812.85,664.66,-813.9008664205572,663.7986812815437,68.0814020159032,67.83639333414162,0.24500868176157553,0.003605248027023634,-0.00014247000851161978,0.00783747000851162,68.0814676668295,67.83656923356662,-0.00014240590015253933,0.00783740590015254
-812.79,-451.96,-813.3105895679493,-452.2298737017565,26.59325996496252,27.178158106908253,-0.5848981419457324,0.021754982960053564,-0.0004995908084611846,0.008194590808461185,26.593325569571153,27.178215292311233,-0.0004995836171958053,0.008194583617195805
-811.41,-313.87,-811.004103114501,-313.40819080007884,4.82517106861069,5.004949076839502,-0.17977800822881207,0.036576970691863046,-0.00022220459902333144,0.007917204599023332,4.825328054201712,5.0049854105566,-0.00022205547399112679,0.007917055473991127
-811.32,-843.01,-810.1166664113962,-842.7058149931363,100.28285881915986,103.30146334126664,-3.0186045221067843,0.029654587249877656,-0.0013890968719370885,0.009084096871937088,100.28289275358796,103.30173916884252,-0.0013892081859606562,0.009084208185960656
-811.32,843.01,-812.5875199156785,842.0753290635676,103.9165515954864,102.67605920905217,1.2404923864342265,0.01200906829729628,-0.0005695382338907857,0.008264538233890787,103.91664486250005,102.67635239013626,-0.0005694464487997599,0.00826444644879976
-808.75,803.45,-807.232420264696,803.566401861474,95.84073471818465,94.81503761930097,1.0256970988836827,0.010759675265095723,-0.0004967623054674688,0.008191762305467469,95.84063468532885,94.81523275341715,-0.0004966193511531215,0.008191619351153121
-807.6,-397.22,-806.8736673270524,-396.721706103333,17.26942786941901,17.763232260908953,-0.4938043914899417,0.028191087382625137,-0.00048463337066546517,0.008179633370665466,17.269352730946864,17.763291828447617,-0.0004847655748928751,0.008179765574892875
-807.25,-717.46,-808.4158781188094,-717.9744351199218,75.44125295768819,77.46208023755112,-2.020827279862928,0.02643274332394798,-0.0010937932856924916,0.008788793285692492,75.44153138293127,77.46260251694318,-0.0010939252742268393,0.00878892527422684
-805.97,-236.66,-805.4300886264418,-236.47853450063258,-5.256551928312593,-5.261546092242874,0.004994163930280848,0.0009496325135059169,8.23745568914607e-06,0.007686762544310854,-5.256547866049537,-5.261658905803571,8.430232584886886e-06,0.007686569767415114
-805.97,236.66,-805.6527500930348,236.41826310758356,-3.713768666058172,-2.2810941409330248,-1.4326745251251474,0.4779674101813857,0.0023630259722784925,0.005331974027721508,-3.7136685362825457,-2.2810456962953367,0.0023629407238000785,0.005332059276199922
-805.9,327.75,-806.6608122361221,327.9438075294639,8.641007429465354,9.955384571300922,-1.3143771418355676,0.14135829592981347,0.0015609157991354724,0.006134084200864528,8.64105624129056,9.955428948718911,0.0015609105329633336,0.006134089467036667
-805.41,-625.87,-806.0270783031575,-626.4768619637719,57.818304351952406,59.29996647074762,-1.4816621187952137,0.025301980782114413,-0.0009218162985760337,0.008616816298576035,57.8185925954749,59.30008645352498,-0.0009217116151294495,0.00861671161512945
-805.41,625.87,-803.6798273515319,625.8864619400891,60.4355603348856,60.426706293018725,0.008854041866875662,0.00014651457587063765,-5.529843221415478e-06,0.007700529843221416,60.43570938722323,60.42681242829099,-5.556647323604958e-06,0.007700556647323605
-805.4,465.0,-805.1089861624138,465.8161971717598,30.99314907124184,31.898333066121964,-0.9051839948801224,0.028785583170168376,0.0007582588352603976,0.006936741164739603,30.99310055678964,31.898386435488103,0.0007583441817820603,0.00693665581821794
-805.39,-522.44,-804.776957387047,-522.0115011286603,38.55561349152051,39.41283209132068,-0.85721859980017,0.021988859554455998,-0.0006410410686930575,0.008336041068693057,38.55551842238662,39.41291151072666,-0.0006411715538692992,0.0083361715538693
-805.39,522.44,-804.1348297496071,522.1505801508191,41.02028168954825,41.63304240930341,-0.6127607197551583,0.014827249271240664,0.00045847552044921006,0.007236524479550791,41.020350704085914,41.63314704576541,0.0004585021732351585,0.007236497826764842
-803.19,-766.15,-802.3017748162297,-765.9344059854849,84.78479357762811,87.1293570958512,-2.3445635182230973,0.027275980587266296,-0.001198622826689454,0.008893622826689455,84.78494098803884,87.12960182860185,-0.0011986725812716003,0.0088936725812716
-802.23,-997.41,-801.2411341760941,-997.1563501554443,132.074060653052,136.29343113842737,-4.219370485375379,0.03144472124555098,-0.001659094169143542,0.009354094169143543,132.0740624848629,136.2934270057867,-0.001659091823867893,0.009354091823867894
-802.23,-971.61,-801.7533468015655,-971.6122598817316,126.72677708943313,130.76281740043265,-4.036040310999525,0.03134915272204038,-0.0016276896437619494,0.00932268964376195,126.72676136213401,130.7628096165521,-0.0016276928472532717,0.009322692847253271
-802.23,971.61,-800.6285204591835,971.5553352359129,130.81184548707705,128.85143305278382,1.9604124342932323,0.015099650942690302,-0.0007917694183967245,0.008486769418396725,130.81221244720223,128.85176035027078,-0.0007917854373034824,0.008486785437303484
-800.88,410.59,-799.500418743179,410.12616947242714,21.30867516335814,22.462274288100886,-1.1535991247427475,0.052710719744476296,0.001105270587811396,0.006589729412188604,21.30864153099879,22.462347285410058,0.0011053727503684524,0.006589627249631548
-800.16,-341.54,-799.8035164591874,-341.0977955872166,8.480200140561031,8.701821709395993,-0.2216215688349621,0.025796913863838023,-0.0002552111682944874,0.007950211168294488,8.480354401196589,8.70181953448392,-0.0002550310229273941,0.007950031022927394
-798.82,-134.1,-799.030050238384,-134.22259136737742,-15.12743174847839,-15.076219902750337,-0.05121184572805326,0.0033911029248657023,-0.00015001392328722695,0.007845013923287228,-15.127691263260221,-15.076164870143025,-0.00015093532120277381,0.007845935321202775
-798.82,134.1,-798.1142640116587,134.16141672158201,-14.159411192961743,-12.986264426938078,-1.173146766023665,0.08643341815840902,0.0034419892696373466,0.004253010730362654,-14.159210350552764,-12.986251450683795,0.003441438074077403,0.004253561925922598
-798.25,-935.79,-799.731658738811,-936.3883222934206,119.34767313703001,123.16404993344914,-3.816376796419121,0.0314737510261308,-0.0016010350578121429,0.009296035057812143,119.3478829836633,123.16409646747424,-0.0016009665453918483,0.009295966545391849
-798.25,935.79,-798.0795370268329,936.5406447344382,123.27152526867214,121.58849250945343,1.6830327592187047,0.013746897304759222,-0.0007074074618809445,0.008402407461880946,123.27192659880484,121.58870204970188,-0.0007074880744504219,0.008402488074450423
-798.12,-814.01,-797.156406519828,-813.6480481415916,94.22760218607742,96.9099073879127,-2.682305201835277,0.028066758929878654,-0.0012992057584893535,0.008994205758489355,94.22775876966338,96.91007745955721,-0.0012992122915875765,0.008994212291587577
-797.81,-477.91,-797.4980319524375,-478.2514260322043,30.65709006545608,31.304284592769108,-0.647194527313026,0.020890257225018256,-0.0005330878879900801,0.008228087887990081,30.65740379282751,31.30438107946153,-0.0005329089489387288,0.008227908948938729
-797.4,-586.74,-797.6842200230982,-586.9812207912386,50.25115506391924,51.45691228690205,-1.205757222982811,0.0237101589753701,-0.0008090112053621021,0.008504011205362103,50.25151907030668,51.45691019179496,-0.0008087655670149062,0.008503765567014907
-797.4,586.74,-798.0289321144852,586.3172766907419,52.71550083861008,53.031663246836416,-0.316162408226333,0.005979591244089826,0.00021227985163122475,0.007482720148368776,52.71580523086679,53.03183141526077,0.00021218838732626986,0.007482811612673731
-797.24,728.57,-798.2348879820488,727.8535065024262,80.25041565301373,79.6677437499253,0.5826719030884391,0.007287126180839856,-0.00031506435033000393,0.008010064350330004,80.25060854075537,79.66791261905286,-0.00031507733775740124,0.008010077337757401
-797.01,-265.27,-796.5314589193207,-264.9566007899126,-2.118069087598549,-2.123972598031024,0.0059035104324749454,0.002783334474281004,8.78784789722392e-06,0.007686212152102776,-2.1183091986789186,-2.123954038404154,8.402795841046538e-06,0.0076865972041589535
-797.01,265.27,-796.5395227513483,264.9873790993087,-0.49665899828243454,0.922245766980005,-1.4189047652624396,2.0,0.0021118866297457095,0.005583113370254291,-0.4969029334527093,0.92227816159496,0.0021122979168124063,0.005582702083187594
-794.18,355.22,-792.8994850745271,354.6736416874367,12.208601433041103,13.51300403629065,-1.304402603249546,0.10142466455329192,0.0014571842871458963,0.006237815712854105,12.208724617953443,13.513053132001033,0.001457101520045717,0.006237898479954283
-794.02,-899.74,-792.7554208702596,-899.5472608699916,111.62334746807255,114.96344200215819,-3.3400945340856367,0.029481811732227775,-0.0014714497161788273,0.009166449716178828,111.62360738996364,114.96370489270359,-0.0014714510239937722,0.009166451023993773
-794.02,899.74,-794.6474691132111,898.6703005170201,115.17854828270842,113.73102120883556,1.4475270738728625,0.01264715212289397,-0.0006367979757803655,0.008331797975780366,115.17870812285557,113.73117289574941,-0.0006368015625612641,0.008331801562561265
-793.95,-423.84,-793.4860771647292,-423.219429855161,21.20844359872575,21.773925018701135,-0.5654814199753844,0.026312250262825864,-0.0005290092962525863,0.008224009296252586,21.208446044910914,21.774072312889395,-0.0005291448019252302,0.00822414480192523
-793.54,-687.6,-793.9084309090276,-687.7045050588653,69.2778789926562,71.12497938105741,-1.8471003884012163,0.026311435675828554,-0.0010628404852658666,0.008757840485265867,69.27786117554385,71.12522672219677,-0.0010629930600401921,0.008757993060040192
-793.54,687.6,-791.3774926945877,687.8829251794479,72.12234176575178,71.85178637941533,0.27055538633645426,0.00375838895254371,-0.00015613771999910736,0.007851137719999108,72.12233109068254,71.85189139873505,-0.00015607095267891247,0.007851070952678913
-793.32,-163.52,-792.9761675842177,-163.5597817603216,-13.09574011463824,-13.118494434434258,0.022754319796018052,0.0017360277869965985,5.5115921477503395e-05,0.007639884078522497,-13.095643124018014,-13.118481370270622,5.531920964576118e-05,0.007639680790354239
-793.32,163.52,-793.1690691328909,163.42893210723423,-11.931912611674237,-10.65645142979158,-1.2754611818826564,0.11293081513484307,0.003091166552152099,0.004603833447847901,-11.93187094458795,-10.656435395082552,0.0030911044303499145,0.004603895569650086
-792.79,776.91,-792.9514907807476,776.2439483347016,89.83629517208816,89.09311059093018,0.7431845811579763,0.008307014467395945,-0.00037931648385362436,0.008074316483853625,89.83646222032615,89.09332178314035,-0.00037929395306284447,0.008074293953062845
-790.53,1006.71,-790.9671171759602,1006.9358807695144,138.1627840419282,136.12801970612273,2.0347643358054768,0.014836547984849712,-0.0008026084801427702,0.008497608480142771,138.16285563196556,136.1283497449227,-0.0008025065355760639,0.008497506535576065
-790.01,490.71,-791.0109509021216,490.34741341132235,34.90601420648794,35.71903792479059,-0.8130237183026523,0.02302366352357223,0.000658516563902639,0.007036483436097361,34.9059224951874,35.71911527296347,0.0006586534952873285,0.007036346504712672
-789.52,-863.46,-789.7015656254547,-863.8674874583638,104.28101586635582,107.33135260935347,-3.050336742997658,0.028829474996853052,-0.0014047127700830668,0.009099712770083068,104.28127991448123,107.33139647929099,-0.0014046113756672042,0.009099611375667204
-789.52,863.46,-787.3590597254221,863.8834626362947,107.71910426595274,106.52246969707491,1.1966345688778262,0.011170890380821542,-0.0005526923177257677,0.008247692317725768,107.7194056999058,106.52268222007149,-0.0005527333832305533,0.008247733383230553
-788.76,-547.23,-788.3951561259784,-547.463701439642,42.77994525794885,43.67826125542625,-0.8983159974773969,0.02078035235066846,-0.0006538524114519459,0.008348852411451946,42.77979784428119,43.678361656659064,-0.0006540327871446029,0.008349032787144604
-788.76,547.23,-789.6712028076627,546.91811392319,45.12829964108623,45.68200936799168,-0.5537097269054527,0.012194864943144302,0.00040277584481339986,0.0072922241551866005,45.12848846132822,45.682125056748674,0.00040272264799524703,0.007292277352004753
-787.96,-368.81,-788.5134071125973,-369.1944195452426,12.40231313379645,12.741449251613822,-0.33913611781737174,0.026975765410045097,-0.0003659819839462348,0.008060981983946235,12.402131475173636,12.741419650419747,-0.00036614607817424515,0.008061146078174245
-787.35,824.43,-788.1638098205143,823.4766796941284,99.3682821957019,98.43796221289453,0.9303199828073616,0.009406376280878734,-0.0004503129411725183,0.008145312941172518,99.3681864630549,98.43824225316237,-0.00045013105170478676,0.008145131051704788
-787.08,-739.53,-786.7479141261612,-739.920124524333,79.36066702190507,81.43853853583548,-2.077871513930404,0.02584430074418834,-0.0011213679060446948,0.008816367906044696,79.36068610711965,81.43891637987099,-0.0011215615179331645,0.008816561517933166
-787.04,-293.55,-786.4181055811414,-293.24039794095887,1.2488278374318966,1.3119770857766149,-0.06314924834471825,0.04931984296999602,-8.60281838287177e-05,0.0077810281838287185,1.2487190890890396,1.3119913512634298,-8.619576549643169e-05,0.007781195765496432
-787.04,293.55,-785.8488489367764,293.2426806167218,2.927459147276938,4.339195427870571,-1.411736280593633,0.38855191642709275,0.0019245856635462398,0.0057704143364537604,2.9273597450990216,4.339255353000645,0.001924802870581991,0.00577019712941801
-786.79,436.98,-785.7511383401473,436.67696644163493,25.38884631887273,26.468911076589038,-1.0800647577163076,0.041654896469195464,0.0009889045259936793,0.006706095474006321,25.388786925687597,26.468999329891282,0.0009890397107393822,0.0067059602892606185
-786.74,-192.73,-786.9722515927124,-193.1266927931717,-10.603409795187698,-10.625200483744377,0.021790688556679427,0.0020529547879358997,4.50421490397022e-05,0.0076499578509602985,-10.603348759168387,-10.625202424998088,4.517232536295906e-05,0.007649827674637041
-786.74,192.73,-786.3391236231402,192.47592849431467,-9.382595438211265,-8.020529804045722,-1.3620656341655426,0.1565311534802123,0.00282723299603334,0.004867767003966661,-9.382712247461525,-8.020492600115066,0.0028275526804420704,0.00486744731955793
-786.69,-649.25,-787.026347733619,-649.4452085030066,61.789926009985436,63.29839501053638,-1.5084690005509458,0.024118462670923026,-0.0009271595450413613,0.008622159545041362,61.790081450130366,63.29847510509424,-0.0009271132349214955,0.008622113234921496
-786.69,649.25,-786.7828441789546,648.7405234263645,64.34188069069114,64.32716418937383,0.014716501317309394,0.000228749678386545,-9.05792119414428e-06,0.007704057921194145,64.34187322762752,64.32725891634922,-8.995023817908404e-06,0.0077039950238179085
-782.24,-787.53,-782.9205934791579,-787.9659971817229,88.83749632869528,91.20106363829458,-2.363567309599304,0.026256234331497267,-0.0012036290298141448,0.008898629029814146,88.8377936207493,91.20127258718475,-0.0012035840417166334,0.008898584041716635
-782.0,-503.37,-781.230768954345,-502.8400978455831,34.600242931497064,35.33125830499979,-0.7310153735027285,0.020906611772298567,-0.000584611213210745,0.008279611213210745,34.60020470719613,35.33147032459066,-0.0005848113394878248,0.008279811339487825
-781.51,382.28,-780.2098577248407,383.0253954452351,16.300202004706993,17.57005875518303,-1.2698567504760376,0.0749835827647263,0.0013349518510035272,0.006360048148996473,16.3003855775005,17.570107954806506,0.0013348105896273988,0.006360189410372602
-779.42,-450.0,-779.6674943224932,-450.2445313284551,25.404025330482384,25.90739470844517,-0.5033693779627875,0.019620169450812505,-0.00045048339785001124,0.008145483397850012,25.403884785756667,25.90749787975618,-0.00045070150811483994,0.00814570150811484
-779.31,-610.55,-778.4859052155404,-610.2536680980986,54.20963776392599,55.457800994104474,-1.2481632301784842,0.02276269500434716,-0.00082539171398856,0.00852039171398856,54.209901642159295,55.45797743928178,-0.0008253338958136546,0.008520333895813656
-779.31,610.55,-779.4377476120734,611.4590917931038,56.97232381044178,57.18611154674264,-0.21378773630085846,0.00374545666523808,0.00014092362952008468,0.007554076370479916,56.97216117871575,57.18621278134768,0.00014109756373037013,0.00755390243626963
-779.08,-221.67,-779.1232875277028,-221.95705805428935,-7.8512135650056205,-7.8437740952656725,-0.007439469739948024,0.0009480058093679865,-1.3515020512086397e-05,0.007708515020512087,-7.851379432280044,-7.843848619561157,-1.3680960058471664e-05,0.007708680960058472
-779.08,221.67,-778.5674614233749,221.95383294103843,-6.4372675017295595,-4.975874966815301,-1.4613925349142587,0.2560894230387333,0.002656793858114907,0.005038206141885094,-6.437105713422991,-4.975878104438724,0.002656494024779661,0.005038505975220339
-778.88,-990.43,-777.7242389509188,-990.4514000544341,130.32323543441862,134.32711505794708,-4.003879623528462,0.030257882644625183,-0.001632946964645732,0.009327946964645732,130.32360051074434,134.32714791094293,-0.0016328114702929748,0.009327811470292975
-778.88,990.43,-778.6180992653481,991.2782217704927,134.48507848516098,132.59414421970524,1.8909342654557406,0.01416010011041033,-0.0007696729873086794,0.00846467298730868,134.48535475357136,132.59447500619714,-0.000769650796640586,0.008464650796640586
-778.72,-1015.87,-779.8785239786059,-1016.3695730902923,135.84169044825205,140.0308215633881,-4.1891311151360355,0.030370050894808105,-0.0016603330388448535,0.009355333038844855,135.8417776637026,140.03112845687332,-0.0016604201067090159,0.009355420106709016
-776.77,750.35,-776.7104116425062,751.3838976009682,84.40241594458008,83.84325409326036,0.559161851319729,0.006646968699925137,-0.0003009999311332009,0.007995999931133202,84.40235845982605,83.84340266041684,-0.00030088901224499125,0.007995889012244992
-776.44,-834.71,-776.5699871402259,-834.961548127505,98.18742834980117,100.88497221550236,-2.697543865701192,0.027101133638224174,-0.0013069871288558855,0.009001987128855886,98.18735448075935,100.88523681886858,-0.0013071511221411831,0.009002151122141184
-776.06,-321.45,-775.9724191240497,-321.50711333454734,4.888693846200564,5.055060400911362,-0.1663665547107982,0.03346151776812422,-0.00020949758662464207,0.007904497586624643,4.8887433941823275,5.055072188056414,-0.0002094500361769347,0.007904450036176935
-776.06,321.45,-774.95201960345,321.1946210972694,6.5711224613900825,7.981391669072146,-1.410269207682063,0.19381794719992745,0.0017799541606202493,0.005915045839379751,6.571155515765632,7.981398109968506,0.001779920570740563,0.005915079429259437
-775.23,-954.95,-774.1349017967492,-954.4888880834293,122.7393386673941,126.39455229338986,-3.6552136259957706,0.02934336723036318,-0.0015540862281875907,0.00924908622818759,122.73934860604264,126.39480771953318,-0.0015541906020419929,0.009249190602041994
-775.23,954.95,-775.9494767757728,954.0679236106606,126.4651614388312,124.79068072305523,1.674480715775971,0.013328889799084453,-0.0007105870419791822,0.008405587041979183,126.46538176405227,124.79096913665568,-0.0007105581478153734,0.008405558147815373
-774.84,-395.64,-775.2082924751522,-395.82668041309717,16.270898566932587,16.70613750370905,-0.4352389367764644,0.026396486078622647,-0.0004456091905918409,0.008140609190591841,16.271142867304896,16.706137859330923,-0.00044535943347314983,0.00814035943347315
-773.79,515.9,-772.1763766147523,515.6650100685976,38.89695545978575,39.68412153726333,-0.787166077477579,0.020034494500683394,0.0006210578678794782,0.007073942132120523,38.89699316143034,39.6841804599036,0.0006210746108092246,0.007073925389190776
-773.58,-709.98,-774.1579834953736,-711.0856983019794,73.4585759359168,75.28332447998676,-1.824748544069962,0.024535770202850776,-0.0010413611170663499,0.008736361117066351,73.45849790531915,75.28376509265148,-0.0010416571002739062,0.008736657100273907
-773.58,709.98,-771.7549041360971,710.235032765283,76.0329113709607,75.71367136094047,0.3192400100202377,0.004207541339949067,-0.00018297244870221825,0.007877972448702218,76.03291969089543,75.71383859448056,-0.00018288136735089964,0.0078778813673509
-771.84,462.89,-772.7128433887359,462.66685293096134,29.47733274660575,30.50599858748268,-1.0286658408769291,0.0342983898359223,0.0009039359815963535,0.006791064018403647,29.477555678472683,30.50606552919646,0.0009037989058749608,0.0067912010941250395
-771.55,798.0,-772.4844770122049,797.2123322380411,93.60047576367295,92.84306438484256,0.7574113788303833,0.008124833697397629,-0.0003863829275368624,0.008081382927536863,93.60070577761081,92.84327232646353,-0.0003863941874237057,0.008081394187423705
-771.36,-571.5,-772.4882184803388,-571.9898824717512,46.97147032333563,47.965386435272876,-0.9939161119372457,0.020938466805667046,-0.00070667445400179,0.00840167445400179,46.97164861294376,47.96527796447634,-0.0007064705673256806,0.00840147056732568
-771.36,571.5,-771.2398075993051,572.295029023534,49.335189891767,49.853771548716665,-0.5185816569496637,0.010456438890346245,0.0003691115307982661,0.007325888469201734,49.33521623478675,49.8538852989501,0.0003691737447428075,0.007325826255257193
-771.35,-919.25,-770.3173288008335,-918.7309718308979,115.2616800506418,118.67312593969685,-3.411445889055045,0.029165782959171417,-0.0015143642016146833,0.009209364201614684,115.26198604716598,118.67332766621962,-0.0015143179154467183,0.009209317915446718
-771.35,919.25,-771.2488621941835,920.0718864808414,119.1490716081675,117.73669488483499,1.412376723332514,0.011924538516958426,-0.0006252938067644578,0.008320293806764458,119.14921781206422,117.73689842570195,-0.0006252684222818337,0.008320268422281835
-770.36,-250.3,-769.7419103167136,-250.21966944036103,-4.8366090232257175,-4.8650204161077575,0.028411392882039976,0.005857035266024736,4.6342111636384135e-05,0.007648657888363617,-4.83662302968958,-4.864992074598149,4.6273037426530464e-05,0.00764872696257347
-770.36,250.3,-770.9118060631723,250.3631897429972,-3.272996209951291,-1.7692384241207684,-1.5037577858305227,0.5964648196532268,0.0024476684444642983,0.005247331555535702,-3.2729327882332626,-1.7692205511542447,0.00244759430470403,0.00524740569529597
-767.93,408.88,-768.8911977877505,408.89667791560674,20.183020825504922,21.433669555810617,-1.250648730305695,0.06010322872129175,0.0012497028145443535,0.0064452971854556465,20.18301505060693,21.43371830477679,0.0012497572971699347,0.006445242702830065
-767.29,-672.06,-766.083660009495,-671.846195677596,65.7152891840671,67.28571557203219,-1.5704263879650853,0.023615256002689215,-0.0009585646195976225,0.008653564619597622,65.7155067648529,67.2858784462986,-0.0009585312275619608,0.008653531227561961
-767.29,672.06,-768.369474237868,671.3391436898451,68.25734280134532,68.22956984408737,0.027772957257951703,0.00040696879605007434,-1.6914529636022923e-05,0.007711914529636024,68.25761740984522,68.22974156770097,-1.6977189490438382e-05,0.007711977189490439
-767.21,-883.34,-767.9704996837895,-883.6904540181714,107.99951286325299,111.0625400261556,-3.063027162902614,0.02796492703781019,-0.001417934010474035,0.009112934010474036,107.99973019256353,111.06260788303294,-0.0014178648168184124,0.009112864816818413
-767.21,883.34,-765.2827114463471,883.8463436998718,111.35552089846695,110.17878716979337,1.1767337286735824,0.010623489778486147,-0.0005465493756945983,0.0082415493756946,111.35561698277456,110.17894854822704,-0.0005465190489834954,0.008241519048983495
-766.8,1024.9,-767.7751838783284,1024.0089041051776,141.3035601608728,139.37315310967097,1.9304070512018257,0.013755377342908458,-0.0007713668383187748,0.008466366838318775,141.3037397970863,139.37348381531794,-0.0007713064728372149,0.008466306472837215
-766.31,-761.03,-765.007699073688,-760.5654829899007,83.07984326736107,85.18825790218169,-2.108414634820619,0.025060182175541786,-0.0011384225167508854,0.008833422516750886,83.07991261889649,85.18855574558685,-0.0011385458892057717,0.008833545889205771
-765.73,-148.51,-765.7348152112945,-148.83883792399118,-15.278263324038377,-15.325165556835183,0.046902232796805166,0.0030651619450471437,0.000129285174731694,0.007565714825268306,-15.278160672757902,-15.325131047998845,0.00012947300817312265,0.007565526991826878
-765.73,148.51,-765.6125668746017,148.44353547437763,-14.289474230367341,-13.038261195363582,-1.2512130350037598,0.09157092715598071,0.0034586832453845965,0.0042363167546154035,-14.289448378847627,-13.038254643680501,0.0034586298955394976,0.0042363701044605025
-765.4,844.84,-765.1946426278643,845.7136918202069,103.38882906467899,102.46355507185406,0.925273992824927,0.008989684493634357,-0.00044918469027255574,0.008144184690272557,103.388908111788,102.4637919003103,-0.0004491080935389024,0.008144108093538903
-765.37,-528.3,-764.9788259295548,-527.6222507701899,38.74233007587918,39.45209571016707,-0.7097656342878906,0.01815386780203322,-0.0005524491679099526,0.008247449167909954,38.74234528038254,39.452191136484416,-0.0005525116089077201,0.00824751160890772
-764.09,-348.95,-764.3805017770206,-349.34837315599066,8.746940785587825,8.945114208062154,-0.1981734224743299,0.022402532950011537,-0.0002331454567938469,0.007928145456793847,8.74703756523196,8.945073389659683,-0.00023298357656273682,0.007927983576562738
-764.09,348.95,-762.8202664973505,348.64503886457373,10.325349095931891,11.751672317945193,-1.426323222013302,0.12921337487282133,0.0016848533790036588,0.006010146620996342,10.325313816333328,11.751715386075954,0.0016849459277573022,0.006010054072242699
-764.03,-475.66,-764.360663940542,-475.66197652155023,29.50344055051862,30.007176468753347,-0.5037359182347281,0.01692927895778993,-0.0004352672847997838,0.008130267284799784,29.503562004075373,30.007238019661592,-0.0004352155242200335,0.008130215524220033
-760.8,-422.0,-760.3730040627478,-421.42749541630536,20.187072895437318,20.6155271463195,-0.4284542508821829,0.02100132101599941,-0.00042005365902344653,0.008115053659023447,20.187057864451795,20.615627866592718,-0.0004201671407771463,0.008115167140777146
-760.72,-808.34,-759.348808529901,-808.0966770975605,92.53099445159428,94.9286596985335,-2.397665246939212,0.02558060034634474,-0.001227534718947712,0.008922534718947713,92.53120409514997,94.92888845238174,-0.001227544502860471,0.008922544502860471
-760.58,-278.6,-760.8374666698352,-279.0251516414208,-1.3802433645352856,-1.4140037648658996,0.033760400330614004,0.024164219388747445,4.99599755152775e-05,0.007645040024484723,-1.3803003121436497,-1.4139862374701906,4.9849764459023586e-05,0.007645150235540977
-760.58,278.6,-761.4052661806554,278.6361286393252,0.09701448048157602,1.5950664846132803,-1.4980520041317043,1.7706623205795888,0.002218316241770991,0.0054766837582290095,0.09705944829664048,1.5951484297904486,0.0022183709978693816,0.005476629002130619
-760.52,-633.81,-759.5741682244055,-633.5053023660845,58.312732472239,59.605991342067895,-1.2932588698288967,0.02193475010576713,-0.0008443352043271495,0.00853933520432715,58.312896575079236,59.60601106208304,-0.000844240940521991,0.008539240940521992
-760.52,633.81,-760.9221617450909,633.2033285875397,60.65503009303288,60.85365898015503,-0.19862888712215465,0.0032693775011022495,0.0001295116569851841,0.007565488343014817,60.65504506300605,60.85374977225213,0.00012956109515627776,0.007565438904843722
-759.48,-177.73,-759.5359310285229,-177.92832104802346,-12.954979341551141,-13.04646659899995,0.0914872574488097,0.0070370899878401645,0.00021267531125595472,0.007482324688744046,-12.95489484225394,-13.04644524371071,0.0002128220986001309,0.007482177901399869
-759.48,177.73,-759.8306824902603,177.68086700427503,-11.830586241908737,-10.470458053449855,-1.3601281884588818,0.12197887869690108,0.003164989129286452,0.004530010870713548,-11.830497531403726,-10.470416687689447,0.003164878959080975,0.004530121040919025
-756.76,540.56,-756.7641274137509,541.5479521006281,43.195742824997645,43.97682055198407,-0.7810777269864246,0.017920265201072923,0.0005987515785386295,0.007096248421461371,43.19587369625043,43.97690952923125,0.0005987194638064836,0.007096280536193517
-756.02,488.29,-755.3406369498774,488.8134122910706,33.57223129841799,34.6010894597988,-1.0288581613808105,0.03018360114889385,0.000875425949168437,0.006819574050831563,33.57230755704756,34.60114403278578,0.0008754074974761074,0.006819592502523893
-755.71,771.56,-755.8466927034232,772.6057959507912,88.15209139874882,87.66875535920468,0.4833360395441417,0.0054980515502753066,-0.0002600203705821704,0.007955020370582171,88.15219986390247,87.66896661820566,-0.0002599650705588114,0.007954965070558812
-755.09,-1008.68,-754.8425152129045,-1008.9120625747619,134.03015405209615,137.90497325942226,-3.8748192073261123,0.028498114573386975,-0.0015984227383182333,0.009293422738318234,134.0303407250322,137.90521911244426,-0.0015984471510172426,0.009293447151017244
-755.09,1008.68,-753.5490650392337,1008.61784546378,137.5981905766128,135.89110281577808,1.7070877608347246,0.012483762999712513,-0.0007056145672705937,0.008400614567270594,137.5983970206086,135.8914527680935,-0.0007055552489606717,0.008400555248960672
-754.78,-1033.78,-754.1133565890736,-1033.6077543154845,139.27302639850063,143.38067700069396,-4.107650602193331,0.029064898515708152,-0.001655583068437491,0.009350583068437491,139.27320023622974,143.381033948481,-0.001655656870700855,0.009350656870700856
-754.23,-854.83,-753.2589587132466,-854.5692976334485,101.91849891788902,104.60117934144142,-2.682680423552398,0.02597990124876825,-0.001309263984793302,0.009004263984793303,101.91867709607509,104.60135528688758,-0.0013092628951197366,0.009004262895119738
-753.44,435.0,-752.9016514597876,435.7247710237518,24.229617964000276,25.501936093217186,-1.2723181292169095,0.05116743899670112,0.0012184145821838703,0.006476585417816131,24.229691587331146,25.50196855018054,0.001218375159887413,0.006476624840112587
-753.21,-595.21,-752.3302937569334,-594.8072847798709,50.95071011211273,51.92429330428531,-0.9735831921725762,0.018927497639672285,-0.0006834993593532114,0.008378499359353211,50.95077971049612,51.92433929257453,-0.0006834827840010816,0.008378482784001082
-753.21,595.21,-751.564915987234,595.2474225840155,53.13157834460253,53.661757758319645,-0.5301794137171143,0.009929072975230465,0.0003723134376355736,0.007322686562364427,53.131603330494684,53.66186986063876,0.00037237461431568846,0.007322625385684312
-752.99,-731.78,-752.6143103178182,-732.1729698202486,77.35443460635003,79.13244242093782,-1.778007814587795,0.02272405007197824,-0.001013671823130507,0.008708671823130508,77.35453631160061,79.13288089897357,-0.001013863822895814,0.008708863822895815
-752.99,731.78,-752.7802931063984,731.227770905585,79.72072146947991,79.42971706317468,0.29100440630523394,0.0036569727232705737,-0.00016608427673412188,0.007861084276734123,79.72086469487164,79.42990422413101,-0.00016605920149020031,0.007861059201490201
-752.12,-206.69,-752.1963943838672,-206.8407634447619,-10.26000717500534,-10.365630864196294,0.10562368919095455,0.010241980295611061,0.0002132769029521924,0.007481723097047808,-10.260003242901671,-10.365720360786083,0.00021346555554083114,0.007481534444459169
-752.12,206.69,-752.7025762248691,206.71200653292263,-9.05143392443657,-7.588187293852057,-1.4632466305845124,0.17587499275238988,0.0029544612640143336,0.004740538735985667,-9.051425502849987,-7.5881459648022265,0.0029545277079229904,0.00474047229207701
-751.74,-973.54,-751.769757485013,-974.1133314060263,126.69309145426578,130.26868919495263,-3.5755977406868453,0.027829802016883873,-0.0015339252241868123,0.009228925224186812,126.69325611522537,130.2686622431585,-0.0015338430226480746,0.009228843022648075
-751.74,973.54,-752.6500432627021,972.6379233788051,129.83651190558894,128.27677294311786,1.559738962471073,0.012085693019522914,-0.0006693565290933635,0.008364356529093364,129.8366696224897,128.27706403161622,-0.0006692992931379912,0.008364299293137992
-751.15,-376.0,-751.6384559884949,-376.3742810025872,12.736533973307782,12.929344605942461,-0.19281063263467857,0.015024666468309225,-0.0002141173805283785,0.007909117380528378,12.736528229042616,12.929320277339897,-0.00021409674250863898,0.007909096742508639
-751.15,376.0,-752.0228058876875,375.8464036937584,14.288123529435968,15.696560310959285,-1.4084367815233172,0.09394374734916341,0.0015654738614251705,0.00612952613857483,14.288141873369515,15.696621369625678,0.0015655213387409047,0.006129478661259096
-749.77,-306.51,-750.3147702126862,-306.60922203444335,2.2063253020407068,2.1715214415260853,0.034803860514621476,0.015899990362049768,4.752789535514773e-05,0.0076474721046448525,2.2063428614994507,2.1715565837839748,4.7503884414249697e-05,0.00764749611558575
-749.77,306.51,-749.04744484905,306.1494708872733,3.5651484404537115,5.107372872407165,-1.5422244319534535,0.35565768622935956,0.0021127816271102203,0.00558221837288978,3.5651314485044274,5.107435983709717,0.0021128913651452586,0.005582108634854742
-749.75,818.52,-751.0252187657001,817.6490349875329,97.2371253890521,96.60127400862473,0.6358513804273684,0.006560633831100332,-0.0003252999841909272,0.008020299984190928,97.23729287828328,96.60152985778437,-0.0003252547794713744,0.008020254779471376
-748.19,-938.2,-749.628084066018,-938.9308212992,119.331946008707,122.67084996429172,-3.338903955584712,0.02759392875739541,-0.0014903022437794463,0.009185302243779447,119.33211450631958,122.67099225993803,-0.0014902905486694237,0.009185290548669425
-748.19,938.2,-746.299942388534,938.4381416028727,122.39787554486678,121.1168126488435,1.281062896023272,0.010521442509490156,-0.0005746471624108185,0.008269647162410819,122.39801811926634,121.11703874024832,-0.000574609699136978,0.008269609699136978
-747.96,-552.68,-748.7832807146223,-553.2087734829264,43.208021639416714,43.889741622110364,-0.6817199826936502,0.01565413294590954,-0.0005170239951962579,0.008212023995196258,43.20799301074629,43.88986744644983,-0.0005171411340718484,0.008212141134071848
-747.8,-500.79,-748.304878991658,-501.2478949204271,33.80955188906022,34.30850501597817,-0.4989531269179537,0.014649658242998072,-0.00041790588096207894,0.00811290588096208,33.8095795185461,34.30867754148712,-0.0004180272408592328,0.008113027240859234
-747.23,-694.3,-747.6532842439966,-694.6201308053949,69.98255430767041,71.52138362635539,-1.538829318684975,0.021749632429345286,-0.0009308778874903245,0.008625877887490325,69.98258611459855,71.52172639480023,-0.0009310659962014368,0.008626065996201438
-747.23,694.3,-746.989636507095,695.2656227161007,72.42368806644377,72.38512494664883,0.038563119794943646,0.0005326073599050499,-2.3326882474414215e-05,0.007718326882474415,72.42369332441358,72.38527686035428,-2.3238170224786842e-05,0.007718238170224787
-745.86,-447.87,-746.9739077607486,-448.0720006782688,24.503544256933743,24.783958471215747,-0.2804142142820041,0.011378714633957366,-0.0002632065294582313,0.007958206529458231,24.503511452127118,24.78409529127133,-0.00026336574525050605,0.007958365745250506
-744.96,-781.95,-746.1296195424071,-782.5146111365083,87.34779945292618,89.33371623693264,-1.9859167840064629,0.022480187316170398,-0.0010685729660977797,0.00876357296609778,87.34787057909772,89.33381887395137,-0.001068589921309459,0.00876358992130946
-744.4,-902.64,-744.3981103217135,-903.0787296538236,111.88668939417295,114.75296575561669,-2.866276361443738,0.02529368798720923,-0.0013394825471353439,0.009034482547135344,111.88683076913595,114.75319223738016,-0.0013395223196692853,0.009034522319669286
-744.4,902.64,-745.5151360881591,901.7139740480364,114.62679805522927,113.54820236281637,1.0785956924129039,0.009454109262073226,-0.0005040612230145375,0.008199061223014538,114.6269166296131,113.54841378368715,-0.0005040178329712674,0.008199017832971268
-743.65,-235.34,-743.9893459033491,-235.54912588942943,-7.214766959871131,-7.390344951312404,0.17557799144127273,0.024043361325677737,0.00031475434636563663,0.007380245653634364,-7.214642616952318,-7.390446205166889,0.00031515876815186775,0.0073798412318481325
-743.65,235.34,-744.185031535811,235.36722480455668,-5.992934365400586,-4.426934257604497,-1.5660001077960892,0.3005796261842802,0.002808760721823303,0.0048862392781766975,-5.992802169884207,-4.426901479236946,0.002808582408308946,0.004886417591691054
-742.93,864.67,-740.9828892930144,864.9024700945006,106.83635463008773,105.9598483118202,0.8765063182675306,0.008237988330147146,-0.0004296646328474996,0.0081246646328475,106.8362939513069,105.96009725723965,-0.0004295128546280355,0.008124512854628035
-742.66,1042.53,-743.7811568339866,1042.7882075402556,144.8196334809911,142.99972372790359,1.8199097530875008,0.012646194270850517,-0.0007371543662172381,0.008432154366217238,144.8199070155028,143.00007530191155,-0.0007371227563226777,0.008432122756322678
-741.03,-656.49,-742.4137206136955,-656.7992764720109,62.64374615536206,63.8187072688322,-1.1749611134701397,0.01858197562447972,-0.0007569979630826212,0.008451997963082622,62.6438559850666,63.81876501684268,-0.0007569644081539825,0.008451964408153982
-741.03,656.49,-739.4138439540474,656.6384933995403,64.68067339418346,64.92643790892649,-0.24576451474302985,0.0037924541681708277,0.00015902123915672095,0.0075359787608432795,64.68068542471302,64.92657469795172,0.00015910196379102378,0.007535898036208977
-739.38,513.15,-740.2956569666421,512.8389554657541,37.553915290924245,38.523564446138934,-0.9696491552146895,0.025491095618991672,0.0008023766607882001,0.006892623339211801,37.55405608482702,38.523649783171024,0.0008023307706861182,0.006892669229313883
-738.96,564.66,-739.5851291227846,564.3157345674217,47.03673264355912,47.77928837543197,-0.742555731872848,0.01566308570835552,0.0005589443848938528,0.007136055615106148,47.03674384515175,47.7793779326259,0.0005590033655487634,0.007135996634451237
-738.65,-828.55,-738.9351936739963,-828.7939631284552,96.6583080936029,98.87916597697537,-2.2208578833724744,0.02271541957804842,-0.0011392465193211395,0.00883424651932114,96.6583356902412,98.87937166166971,-0.0011393378741977778,0.008834337874197778
-738.07,460.61,-739.0493986967358,460.4208811634032,28.186337634304962,29.380985613687503,-1.194647979382541,0.04150437824722732,0.0011029640211207873,0.006592035978879213,28.186355018726832,29.381123377520318,0.0011030751619433951,0.006591924838056606
-738.02,-133.5,-737.7084959413108,-133.53976682985498,-17.250865348796133,-17.36943839536407,0.11857304656793843,0.006849913706371769,0.00037812940610861776,0.007316870593891383,-17.250931781713707,-17.369403350675405,0.0003778057940560355,0.007317194205943965
-738.02,133.5,-737.1323529076341,133.37680195661233,-16.478476794703035,-15.239663912822838,-1.2388128818801967,0.07811383985608332,0.003958492374190374,0.0037365076258096264,-16.478473076546912,-15.239660905064548,0.00395849010419105,0.0037365098958089503
-737.93,-334.01,-737.3647139421541,-333.6709395261375,5.915277501652625,5.862684291142507,0.05259321051011767,0.00893078300564538,6.715507219933947e-05,0.007627844927800661,5.9152311838427565,5.862646991349585,6.714355729896993e-05,0.007627856442701031
-737.93,334.01,-737.500483982195,334.4954089947903,7.494315540759779,8.967747700574783,-1.4734321598150046,0.1790094155531327,0.001876409168788743,0.005818590831211257,7.494262600902697,8.967782727484604,0.0018765211940671815,0.005818478805932819
-737.25,-402.57,-736.3405830733565,-402.12260459718146,16.657869825417457,16.842891928842686,-0.1850221034252293,0.01104584455615854,-0.00019630721540174042,0.00789130721540174,16.65799692286117,16.842942047892077,-0.00019622554183974057,0.007891225541839741
-737.25,402.57,-738.1420544022208,402.3603599301676,18.279818069141,19.659381435759848,-1.3795633666188465,0.07272495912522559,0.0014592724686685642,0.006235727531331436,18.279840726451226,19.659410351976156,0.0014592790892048529,0.006235720910795148
-734.34,-618.35,-735.3785652258429,-619.0173739550347,55.367613289499204,56.32138415288574,-0.9537708633865378,0.017079047806450996,-0.0006582337075246931,0.008353233707524693,55.36764861663065,56.32159045617908,-0.0006583517047054199,0.008353351704705421
-734.34,618.35,-735.302879718388,617.9660297006661,57.1245938302624,57.550020896618705,-0.4254270663563062,0.007419725235084326,0.0002941332493720022,0.007400866750627998,57.124644599787935,57.55013753092729,0.0002941787871954945,0.007400821212804506
-734.09,-263.65,-734.4906034722558,-263.90381014674773,-3.90507011687626,-4.132547141511139,0.2274770246348794,0.05660309948138001,0.0003686850327683637,0.007326314967231636,-3.9050239628617334,-4.132505785189341,0.00036869280866354975,0.007326307191336451
-734.09,263.65,-733.2437439847354,264.15799704938314,-2.613836435831981,-1.087194623783617,-1.5266418120483642,0.8249818969133031,0.002476138291628835,0.0052188617083711655,-2.613848198873903,-1.0871588130217944,0.0024762154540098206,0.00521878454599018
-734.06,792.18,-732.2076297571051,792.4907987765463,91.72896039592116,91.26092774811696,0.4680326478042076,0.005115393561373203,-0.00025339470917089464,0.007948394709170895,91.72908194930028,91.26111818003102,-0.0002533574180622234,0.007948357418062223
-732.13,-162.73,-732.0444151317187,-163.0866909172078,-15.032189649893484,-15.240717438635587,0.20852778874210287,0.013776528836975664,0.000548728930628147,0.007146271069371854,-15.032051211357839,-15.240676137337287,0.0005489845417037461,0.007146015458296255
-732.13,162.73,-732.204293812951,162.7214274984636,-14.121314976772059,-12.80122061592849,-1.3200943608435693,0.09806612429190985,0.0034807900727865373,0.004214209927213463,-14.12129347128529,-12.801216025365633,0.0034807454719602746,0.004214254528039725
-731.78,-752.99,-732.9149859340855,-753.514280346153,81.49393258775461,83.17421368477031,-1.680281097015694,0.020408089057307267,-0.0009558433547837429,0.008650843354783744,81.49390906275214,83.17448237601596,-0.0009560095846838639,0.008651009584683865
-731.78,752.99,-730.1801249808499,753.0436861461263,83.66743523474852,83.38634670792668,0.28108852682184704,0.0033652458933052243,-0.0001605989912093728,0.007855598991209373,83.66742163712405,83.38651964696035,-0.00016049241411260928,0.00785549241411261
-731.5,-874.36,-732.7877167121857,-874.8674351134954,106.04405248869729,108.55429816982293,-2.510245681125639,0.023394827345342175,-0.0012301148719544852,0.008925114871954486,106.04399702125576,108.55433362251426,-0.0012301594262419141,0.008925159426241915
-730.87,-1026.37,-731.4203958605145,-1027.3127613530612,137.93419666931192,141.58836639929788,-3.6541697299859663,0.026145794385042453,-0.0015278082077918441,0.009222808207791845,137.93435802876402,141.58865418983413,-0.0015278610686227149,0.009222861068622716
-730.87,1026.37,-731.2742264709374,1027.0812652711497,141.23316851429834,139.5394523878381,1.693716126460231,0.01206468152783727,-0.0007084438275102166,0.008403443827510217,141.2333966415816,139.5397976673961,-0.0007083948253163946,0.008403394825316395
-730.74,-525.37,-730.4567502644608,-524.986295826181,37.84445474001265,38.286712096012685,-0.44225735600003446,0.011618299689339792,-0.00036231178802326533,0.008057311788023266,37.844263609683026,38.28677464047789,-0.00036251960676781135,0.008057519606767812
-730.43,-1051.13,-731.5249230661052,-1051.9462249694989,143.20294957217277,147.11136446609868,-3.908414893925908,0.026925402606298433,-0.0015956141011772465,0.009290614101177246,143.2032715554229,147.11158535088856,-0.0015955728276346062,0.009290572827634607
-730.05,-473.21,-730.3788770874444,-473.35695135749637,28.651740714033934,28.898280346990234,-0.24653963295629922,0.00856783814882975,-0.00022402663410328905,0.00791902663410329,28.651563104302113,28.898388475560715,-0.0002242862799433176,0.007919286279943318
-729.76,-576.49,-729.6727548102817,-576.7539988010441,47.35132853053072,48.07477121728111,-0.7234426867503885,0.015162365194894752,-0.0005400516019616925,0.008235051601961692,47.35156602833466,48.07474814611052,-0.0005398570866328473,0.008234857086632848
-727.81,-991.56,-728.299068703362,-991.9900546236121,130.41368265537776,133.79406534621077,-3.3803826908330166,0.02558882331348354,-0.0014699368223816563,0.009164936822381656,130.41367047099888,133.79409890376584,-0.0014699567129559442,0.009164956712955944
-727.81,991.56,-726.2382399766907,991.8647947057448,133.54149670379792,132.00297260651644,1.5385240972814813,0.011587694530241315,-0.0006710001031734335,0.008366000103173434,133.54155649512174,132.00333535053167,-0.0006708679757094866,0.008365867975709488
-727.41,838.44,-725.7312789747083,838.5486427535488,101.10550849997773,100.4498218175907,0.655686682387028,0.006506269830263829,-0.00033848710902711996,0.00803348710902712,101.10556736370057,100.45012834472715,-0.0003383592569978899,0.00803335925699789
-726.52,-715.94,-725.3665979229551,-715.5585653695492,73.92013297340525,75.28298512568298,-1.362852152277739,0.01826841381924266,-0.0008248896971493491,0.00851988969714935,73.9201780991801,75.28341699020407,-0.0008251237774248359,0.008520123777424836
-726.52,715.94,-724.5611194019315,716.1315618174937,76.16771460102329,76.05812443933151,0.10959016169178426,0.001439836526868899,-6.635193614100785e-05,0.007761351936141008,76.16784796527625,76.05828962753077,-6.633266816640009e-05,0.007761332668166401
-725.08,-361.05,-725.639322359878,-361.44402177801567,9.950582902017167,9.965775781014294,-0.015192878997126513,0.001525668345195118,-1.819818587451791e-05,0.007713198185874518,9.950532825859497,9.965692564150704,-1.8158489597962393e-05,0.007713158489597963
-725.08,-191.71,-725.4722023243801,-191.89586550656585,-12.46839257858202,-12.705945103804186,0.23755252522216708,0.018872593846897993,0.0005360720075755502,0.007158927992424451,-12.468413258900252,-12.70597158385777,0.0005360850955263914,0.0071589149044736095
-725.08,191.71,-724.8345114276357,191.45820780727593,-11.485152892040588,-10.078796226327507,-1.4063566657130817,0.130435910230854,0.003183702630182712,0.004511297369817289,-11.485032082597874,-10.078774715966691,0.0031834778374569936,0.004511522162543007
-725.08,361.05,-726.0474158123235,360.9490428648152,11.358974425757896,12.779002404277534,-1.420027978519638,0.11765923784902013,0.0017022992015949111,0.0059927007984050895,11.358927963164518,12.77908546357433,0.0017024544696696013,0.0059925455303303996
-724.57,-956.56,-725.3998600001124,-956.5834773244046,122.9347288909596,125.983858868879,-3.0491299779193923,0.02449901395761775,-0.001380465215374249,0.00907546521537425,122.93483012514864,125.98414264749148,-0.0013805478606627943,0.009075547860662794
-724.57,956.56,-723.1029565784673,956.9098385294518,125.97434026836873,124.65125091757479,1.3230893507939498,0.010558294103432772,-0.0006007141880842808,0.008295714188084282,125.97447008098199,124.65154806465821,-0.0006006382142354016,0.008295638214235401
-723.45,-291.58,-723.9934349412143,-291.82235572946115,-0.38647457070599245,-0.5903097870946503,0.20383521638865787,0.417359706389278,0.00030309299860823373,0.0073919070013917666,-0.38653530146713777,-0.590276440409756,0.0003029531100466459,0.007392046889953354
-723.45,291.58,-722.6128571023868,292.02175038086847,0.9572964855505717,2.4461492082237406,-1.488852722673169,0.8749090519626179,0.0022165663091640534,0.005478433690835947,0.9574347829078924,2.446206382858623,0.0022164455357049154,0.005478554464295085
-723.03,-802.26,-721.245196358116,-801.9244072815509,91.07684647639206,92.9913053859569,-1.9144589095648428,0.02080163124576299,-0.001039871215225928,0.008734871215225929,91.07700267924676,92.99147612541779,-0.0010398791110330752,0.008734879111033076
-722.41,-428.63,-721.5984312158308,-428.197794347418,20.753468699506875,20.94958692550286,-0.19611822599598483,0.00940546072975865,-0.00019940122525004633,0.007894401225250047,20.75343494352711,20.94975531561241,-0.00019960675524443694,0.007894606755244437
-722.41,428.63,-721.0922745684252,428.53804251900766,22.372764420728075,23.65311687517561,-1.2803524544475344,0.05563619504495989,0.001301664878207889,0.006393335121792111,22.372813746822224,23.65314844852218,0.0013016468299525562,0.006393353170047444
-721.91,537.44,-721.6447368699273,538.1831532417027,41.91210080753322,42.74017614894977,-0.8280753414165503,0.01956415990658437,0.0006698324414731715,0.007025167558526829,41.912081612981325,42.7402562979253,0.00066991280072817,0.00702508719927183
-721.82,485.67,-720.3869338511754,485.3726936451797,32.294473324074836,33.33752675613853,-1.0430534320636937,0.03178490464373801,0.0009371632764942847,0.006757836723505716,32.29449715779306,33.33757253677709,0.0009371829953764984,0.006757817004623502
-721.11,-921.36,-719.6831394412069,-920.6138130488962,115.3814231969145,118.22616182871025,-2.8447386317957495,0.024354848165428412,-0.0013488803502638412,0.009043880350263841,115.38154517664401,118.22636330486719,-0.0013489180448230814,0.009043918044823082
-721.11,921.36,-722.3532517464132,920.4246132027441,118.1911559272127,117.13211854817101,1.0590373790416976,0.009000702386133758,-0.0005004069188314093,0.008195406918831409,118.19130144265202,117.13233109995653,-0.0005003752434136005,0.008195375243413601
-720.86,-678.57,-721.8694538494973,-679.2006777946946,66.77869235818436,68.02087559982087,-1.2421832416365106,0.018430077491398102,-0.0007959371268463092,0.00849093712684631,66.77872726614707,68.02105332809188,-0.000796028639903346,0.008491028639903347
-720.86,678.57,-721.2012043853789,677.8919434961809,68.55804703268723,68.68728949393167,-0.12924246124444494,0.0018833785469916963,8.304972081564835e-05,0.007611950279184352,68.5581416509488,68.68740624949793,8.306394599331679e-05,0.007611936054006683
-720.38,588.17,-721.086965766753,587.6768256639649,51.15444071817074,51.7633866030777,-0.6089458849069587,0.011833632729268384,0.00045144241662045746,0.007243557583379543,51.154503511296724,51.76352856255927,0.00045150110664820615,0.007243498893351795
-719.95,883.9,-720.1973200843307,882.9797456989105,110.28956360908364,109.38544269812496,0.9041209109586816,0.008231440855809485,-0.00044665699939829326,0.008141656999398294,110.2896601064667,109.38557211006129,-0.00044664073883466364,0.008141640738834664
-718.11,1059.59,-717.9931122279992,1060.4036822140804,148.3234962598807,146.47477097068776,1.8487252891929415,0.012542307704590484,-0.0007628352436345144,0.008457835243634516,148.32360240423827,146.4750319729641,-0.0007627713449693712,0.008457771344969372
-716.89,-220.39,-716.319466172416,-220.4127997213878,-9.610243574163764,-9.852597968335157,0.24235439417139304,0.024904317660110392,0.00048223331099598893,0.007212766689004012,-9.610330843584721,-9.852674593114639,0.00048221213044046077,0.00721278786955954
-716.89,220.39,-716.145038833478,220.7258186087366,-8.441454786131803,-6.962547211313204,-1.4789075748185994,0.19201601961151382,0.002939251728284234,0.004755748271715767,-8.441499186511384,-6.96251801387001,0.0029393980001212795,0.004755601999878721
-716.04,-848.17,-716.2923118780469,-848.6819618912386,100.5278084828811,102.74727244215238,-2.2194639592712804,0.021837049078237032,-0.0011469981260487912,0.008841998126048791,100.52780130951679,102.74742228290445,-0.001147079269469256,0.008842079269469257
-714.75,-640.88,-714.5270152640691,-641.0099094866692,59.318094420383936,60.31834973600484,-1.0002553156209046,0.016721582167944924,-0.0006860840828277607,0.00838108408282776,59.31817816554734,60.31840312156828,-0.000686063258906139,0.008381063258906139
-714.75,640.88,-714.8637864580978,641.6699307332862,61.409363565095155,61.71232664753883,-0.3029630824436751,0.004921360028772362,0.0002074935485357318,0.007487506451464268,61.40945718160404,61.71241503279747,0.00020748996575374,0.0074875100342462605
-713.38,-497.99,-712.2680612002077,-497.5994185673947,32.687612335503076,33.0138502328047,-0.326237897301624,0.009930917350962912,-0.0002891751351130386,0.007984175135113038,32.687625109361136,33.01399655136915,-0.00028929350826598126,0.007984293508265981
-712.88,-549.37,-714.1187823435148,-549.5466886795072,42.129356553232526,42.62756258058923,-0.4982060273567015,0.011756114602752126,-0.00039882630868333456,0.008093826308683334,42.12930735191938,42.62771896703123,-0.0003989908867915739,0.008093990886791575
-711.86,812.19,-713.1671487383804,811.215678475704,95.29619475519695,94.79439343640561,0.5018013187913368,0.005279601936793885,-0.0002724921563254819,0.007967492156325482,95.2963654005056,94.79459665008729,-0.00027247447078767537,0.007967474470787677
-711.75,-319.07,-712.172060173737,-319.2800353933364,3.303739965127164,3.161199967270818,0.1425399978563462,0.04409631004985227,0.00019693818277915362,0.007498061817220847,3.3036903855180313,3.16120628923165,0.00019686094723987354,0.007498139052760127
-711.75,319.07,-711.5789242613937,319.6479034735103,4.721753670822704,6.1964587211293,-1.4747050503065964,0.27013672153760737,0.002036854952731245,0.005658145047268756,4.7216515399596695,6.196457095171002,0.0020369937695834312,0.00565800623041657
-711.25,-387.59,-711.3175790779496,-387.76662007371004,13.902088283804407,13.971926821907651,-0.06983853810324447,0.0050110138663828786,-7.954466363237867e-05,0.0077745446636323795,13.902114049534323,13.971903029412406,-7.948821782956392e-05,0.007774488217829565
-711.25,387.59,-710.2009117006473,387.4167554964902,15.29952190665178,16.699383892474035,-1.3998619858222554,0.08749436587675435,0.0015983631839838284,0.006096636816016172,15.299551908020653,16.699446025317453,0.0015983998717191044,0.006096600128280896
-710.81,-599.7,-709.6609166068016,-599.3571594716085,51.36212285489228,52.106171834269475,-0.7440489793771974,0.014382163765479284,-0.0005495596176373651,0.008244559617637365,51.36196890056017,52.10630128343887,-0.0005497689413838354,0.008244768941383835
-709.98,-773.58,-711.2666968916265,-774.3442459143554,85.4225064739931,87.11622747966499,-1.6937210056718897,0.01963293652226292,-0.0009661069278272196,0.00866110692782722,85.42267162753592,87.11646237118939,-0.0009661467067205013,0.008661146706720501
-709.98,773.58,-709.6671786633437,774.5482819354867,87.74741574301481,87.4040120143641,0.34340372865071345,0.003921221003421096,-0.00019626897937411917,0.00789126897937412,87.74733302210356,87.40424756805763,-0.00019608707269510236,0.007891087072695103
-708.27,-893.29,-706.8483858780465,-893.0453778384481,109.56944333917795,112.05775948963105,-2.4883161504531017,0.022454970497237617,-0.0012383848587778517,0.008933384858777852,109.56968578812618,112.0579930021049,-0.0012383804112744388,0.00893338041127444
-707.56,-248.71,-707.9513041343645,-249.0681203340611,-6.352361530604345,-6.639167862595507,0.286806331991162,0.04415282039715584,0.0005109955035388932,0.007184004496461107,-6.352514116470125,-6.639142476527734,0.0005106784154984362,0.007184321584501564
-707.56,248.71,-707.8776323715434,248.765399570284,-5.219708567711486,-3.6716851001197313,-1.5480234675917544,0.34820715973750094,0.0027617174777676023,0.004933282522232399,-5.219866593273839,-3.671670849089601,0.0027620248240620426,0.004932975175937958
-706.65,-454.14,-706.0256521480952,-453.6253922669287,24.89361137376215,24.995752328671124,-0.10214095490897535,0.0040946986423077425,-0.00010019174694342075,0.007795191746943421,24.893506765663215,24.995807842129228,-0.00010034881281907447,0.007795348812819075
-706.65,454.14,-705.2634571051871,453.9876745532879,26.456025606040406,27.697711205447195,-1.2416855994067895,0.04585779938803378,0.001218333183526688,0.006476666816473312,26.456066706695275,27.69773437379961,0.0012183155884775477,0.006476684411522453
-706.24,-1043.47,-707.3345134091218,-1044.3006277212974,141.369790582689,145.087025064706,-3.7172344820170053,0.025953192795333015,-0.0015809547558496748,0.009275954755849676,141.3698675716159,145.08726496523155,-0.0015810240428069256,0.009276024042806925
-706.24,1043.47,-704.2141554119924,1043.677754747005,144.43426738119928,142.77886709434196,1.655400286857315,0.011527329973123408,-0.0007075900565795094,0.00840259005657951,144.4344438443392,142.77916826790687,-0.0007075367499216748,0.008402536749921675
-705.98,141.38,-706.3025414430689,141.3247631017979,-16.7167606921496,-15.468174588647782,-1.2485861035018164,0.07758823142619553,0.003929699436866741,0.0037653005631332597,-16.716766856724416,-15.468167224947042,0.003929742014672701,0.003765257985327299
-705.68,-1067.9,-705.150446424998,-1067.5671878314074,146.36344549000927,150.1794980044667,-3.816052514457425,0.025736930169296113,-0.0015925284991955876,0.009287528499195587,146.3636599985042,150.1797665050782,-0.0015925510313761673,0.009287551031376167
-705.19,-736.96,-706.1246601069597,-737.5813773520046,78.06342851426379,79.52679521294299,-1.463366698679195,0.018571795433355374,-0.000882697138520534,0.008577697138520534,78.06338910643038,79.52717209904958,-0.0008829482454166786,0.008577948245416678
-705.19,736.96,-703.666629820564,737.0401355897126,80.03769275347588,79.88058211527128,0.1571106382045997,0.0019648866064062805,-9.516940883005729e-05,0.007790169408830058,80.03774579997766,79.88077533003133,-9.508450222902317e-05,0.007790084502229023
-704.72,510.16,-704.0846341224269,511.2331416964687,36.643018156206,37.64920313748664,-1.00618498128064,0.02708722296249512,0.0008781805959182065,0.006816819404081794,36.64300767453247,37.64928143652898,0.000878258082169164,0.006816741917830837
-704.54,857.74,-704.705688011979,857.06780653476,104.62577778764124,103.94420035793203,0.6815774297092076,0.006535719433537023,-0.0003545211210333449,0.008049521121033345,104.62600128920704,103.94445724642588,-0.0003545037548902699,0.00804950375489027
-703.65,561.14,-702.0548993603137,561.0301961145366,45.79565238804766,46.614954977895096,-0.8193025898474389,0.017731786711519586,0.0006534869047570185,0.007041513095242982,45.7957517051949,46.61507394528766,0.0006535025780603273,0.007041497421939673
-703.45,-1008.99,-704.722963527014,-1009.5294285752346,133.93771257828462,137.2824042940894,-3.344691715804771,0.02466403859989971,-0.001476959410979215,0.009171959410979216,133.93799750077852,137.28268227117044,-0.0014769563440021232,0.009171956344002124
-703.45,1008.99,-703.5918097957893,1009.6175304313552,137.02655731793408,135.5507349403329,1.4758223776011903,0.010828652419093285,-0.0006526890183980179,0.008347689018398018,137.02671634189142,135.5510925639354,-0.0006526011868205604,0.00834760118682056
-702.89,-156.04,-702.4286714088424,-156.05717018564255,-16.372583830695312,-16.650009762564068,0.2774259318687555,0.01680218914878837,0.0007950802554728676,0.006899919744527133,-16.372504029359504,-16.65003644703197,0.0007953854351633416,0.0068996145648366584
-701.06,611.08,-699.8210306785081,611.1700397488665,55.246224576194244,55.79981958185536,-0.5535950056611156,0.009970548881024433,0.00040662398299666784,0.007288376017003333,55.246369150130135,55.79990452839105,0.00040658018576093374,0.007288419814239067
-700.55,-821.97,-701.4502193208173,-822.9381373408596,95.18143324309972,97.11335885595594,-1.9319256128562188,0.020093374259049487,-0.0010514199866560455,0.008746419986656047,95.18149038321673,97.11363156493013,-0.0010515373066001664,0.008746537306600168
-700.49,-974.33,-699.6961224161018,-973.83984731416,126.38061609266506,129.44764852138894,-3.067032428723877,0.023977275797503014,-0.0014140710547001663,0.009109071054700166,126.38077752898567,129.44765882518334,-0.001414001374272682,0.009109001374272683
-700.49,974.33,-701.2918600292822,973.5288012246436,129.22859184030472,127.91245329541981,1.3161385448849074,0.010236705261816303,-0.0006056251172957067,0.008300625117295707,129.22871198808377,127.91277908956762,-0.0006055304884994581,0.008300530488499458
-700.04,-700.04,-698.4605820780816,-699.7272531069557,70.5876317075689,71.79874642407975,-1.2111147165108491,0.01701166547534579,-0.0007785104800820974,0.008473510480082097,70.58766139724067,71.79902516079713,-0.0007786705687445509,0.00847367056874455
-700.04,700.04,-700.7895164005159,699.2975949418282,72.44742238120914,72.51261202553856,-0.06518964432942198,0.0008994154091672524,4.179062375680156e-05,0.007653209376243199,72.44755312259137,72.51277174871576,4.1809202893132415e-05,0.007653190797106868
-699.49,170.63,-699.6284482582918,170.60479038613445,-14.27282210447703,-12.894454789135555,-1.3783673153414746,0.10147261506842804,0.003627907096330799,0.0040670929036692016,-14.27287214066508,-12.894444366130857,0.0036280662268702167,0.004066933773129784
-699.01,-346.1,-699.5146971300998,-346.3357211554383,7.200529908067409,7.07993527491551,0.12059463315189944,0.016889454454971684,0.0001563809051957754,0.007538619094804225,7.2004552344187225,7.0799382429595425,0.00015628022345007023,0.00753871977654993
-699.01,346.1,-698.5064200121916,346.718630788215,8.544579957536733,10.052353501871643,-1.5077735443349098,0.16215292135404313,0.00195586290767407,0.00573913709232593,8.544578711775241,10.052380684766653,0.00195589978493258,0.005739100215067421
-697.34,-939.47,-695.7744794486903,-938.9970431426979,119.07550731765929,121.89143542694259,-2.8159281092833055,0.02337190385710189,-0.0013540625164605,0.009049062516460501,119.07561711033904,121.8916203138338,-0.0013540986261383705,0.00904909862613837
-697.34,939.47,-695.6622470186054,939.5220360436637,121.88537317129789,120.80281735824728,1.0825558130506039,0.008921371993325832,-0.0005203490465906174,0.008215349046590617,121.8856179866551,120.80309321253532,-0.0005203341271953662,0.008215334127195367
-697.11,-276.65,-697.6363682590468,-276.83247736282743,-2.8970932355360084,-3.2062091032825926,0.30911586774658417,0.10129462726449788,0.0005028344451080393,0.007192165554891961,-2.897092642820507,-3.2061964705300596,0.0005028148597487243,0.007192185140251276
-697.11,276.65,-696.5247347959657,276.2844805565873,-1.849806532500903,-0.29041408915615463,-1.5593924433447484,1.4572258836917427,0.002545729551710656,0.005149270448289344,-1.8499093103415412,-0.29038944208378226,0.0025459375746288504,0.00514906242537115
-696.46,902.52,-694.4235852411031,902.6210216984958,114.02165458943534,113.1831478646937,0.8385067247416487,0.007381065150776793,-0.00042026818660977083,0.008115268186609771,114.02158865246139,113.18334049843932,-0.00042013858830814484,0.008115138588308146
-696.44,-413.61,-695.7736960752342,-413.1873535083853,17.910686797592977,17.99787476829768,-0.0871879707047043,0.004856110459602685,-9.527773310988189e-05,0.007790277733109883,17.910676883705584,17.997934396765714,-9.535372797392766e-05,0.007790353727973928
-696.44,413.61,-697.0568714368183,413.4261371582318,19.343686959490494,20.73406536849362,-1.3903784090031266,0.06938405116258484,0.0015157121968952718,0.006179287803104729,19.343850019589944,20.73412734355447,0.0015156019996820965,0.006179398000317904
-695.86,-522.19,-696.8370613143749,-522.4926330524286,37.04272482541491,37.331135633153465,-0.28841080773855765,0.00775570357543087,-0.0002488570745884442,0.007943857074588445,37.042833057350855,37.33121781156352,-0.0002488345941401999,0.007943834594140201
-695.79,-185.14,-695.5305750364597,-185.1031415011262,-13.802948816587019,-14.13137590902351,0.32842709243649004,0.023514231731929718,0.0008014175204783624,0.006893582479521638,-13.802803544136214,-14.131352147458895,0.0008017140275429877,0.006893285972457013
-694.47,-662.8,-695.0034970348969,-663.5893053666229,63.550111311714396,64.50679792619468,-0.956686614480283,0.014941585271325167,-0.0006516782136181591,0.00834667821361816,63.55043583042963,64.50689895011385,-0.0006515259728663341,0.008346525972866335
-694.47,662.8,-695.5667456792436,662.3790171948598,65.10286559282818,65.43776621688022,-0.3349006240520396,0.005130979058539117,0.00022836021982519138,0.007466639780174809,65.10309444204522,65.43796884025588,0.00022834233709081346,0.007466657662909187
-694.22,-572.76,-693.8351099316689,-572.1604506983789,46.17396275518283,46.68202673868154,-0.5080639834987153,0.010943052489517362,-0.0004020630605911291,0.00809706306059113,46.174062551430495,46.68196140410963,-0.0004019323821630662,0.008096932382163066
-693.16,1076.07,-691.739086816504,1076.183408717454,151.3757449749167,149.6622740582183,1.7134709166984123,0.011383750944161056,-0.0007230994005717645,0.008418099400571765,151.37602208157736,149.66250019208627,-0.0007231209115267928,0.008418120911526793
-692.91,-867.17,-692.0876794671298,-866.6760617202245,104.09308714850005,106.26031975054747,-2.16723260204742,0.02060563348125391,-0.001135108769089055,0.008830108769089056,104.09312845059515,106.26035868901312,-0.0011351075311155623,0.008830107531115563
-691.79,199.58,-692.1712688978964,199.58922926834663,-11.469456756157353,-9.975109127118092,-1.494347629039261,0.139368419689456,0.00339821491805727,0.00429678508194273,-11.469577556819285,-9.975101539708817,0.003398506878408663,0.004296493121591338
-691.12,-622.29,-692.4092541706868,-622.775301065124,55.696767354033916,56.47301106926534,-0.7762437152314234,0.013840514372812323,-0.000565527496584854,0.008260527496584855,55.696626473155426,56.47313863567712,-0.0005657230721767086,0.008260723072176708
-689.99,-479.07,-689.6894452790764,-478.80142552138375,29.17086516910156,29.276870069059857,-0.10600489995829676,0.00362733986274577,-0.00010084788595972333,0.007795847885959724,29.17091036637319,29.276927084226188,-0.00010085912892771496,0.007795859128927715
-689.99,479.07,-690.6156734662272,478.8256291110884,30.56981148132351,31.764568935568835,-1.1947574542453268,0.03833381983601309,0.0011350521173621808,0.00655994788263782,30.569722040287786,31.76470108967684,0.0011352626387832374,0.006559737361216763
-689.11,831.58,-689.5010684953213,830.6035743669477,98.91538409299382,98.49530165318896,0.42008243980485815,0.004255924021711485,-0.00023043882977779554,0.007925438829777797,98.91563414909722,98.49549677924226,-0.00023046896199772373,0.007925468961997724
-687.6,-793.54,-688.6444079095991,-793.8153383871177,89.25307682101293,90.89273197245508,-1.639655151442156,0.018203644730052794,-0.0009422971532617945,0.008637297153261794,89.25319507819967,90.89289806412576,-0.00094232464337031,0.00863732464337031
-687.6,793.54,-687.144362510262,794.458944623434,91.45925199661198,91.15392872110245,0.30532327550953653,0.003343934696384362,-0.00017570751584329605,0.007870707515843296,91.4595139020707,91.15413400743684,-0.00017574009903128685,0.007870740099031288
-687.48,-213.93,-687.223048339168,-213.8559635730356,-10.87496447224311,-11.24179939912197,0.3668349268788589,0.03317256801333452,0.0007841541936393614,0.006910845806360639,-10.874796700968078,-11.24190571448786,0.0007847400871111988,0.006910259912888801
-686.79,534.05,-687.3952212940894,533.8946869182865,40.51553181126215,41.51163989615098,-0.9961080848888315,0.024287271257916822,0.0008526960086876806,0.00684230399131232,40.515733676291305,41.51170579772651,0.0008525796202194106,0.00684242037978059
-685.56,-304.14,-685.1791377094811,-303.77188094930017,0.7121265842617674,0.38530477601143787,0.3268218082503296,0.595612299923646,0.0004932978240419842,0.007201702175958016,0.712194019667244,0.38533348638140197,0.000493356274779579,0.007201643725220422
-685.56,304.14,-685.650177840483,304.72793074288165,1.9803613924995602,3.542798874018846,-1.5624374815192859,0.5657766228479145,0.0023492956030443943,0.005345704396955606,1.980487864662468,3.54280055601658,0.0023491079673854873,0.005345892032614513
-685.24,-372.62,-685.3728741349947,-372.7719454866763,11.22225437160111,11.105445406902188,0.11680896469892232,0.010463143616019403,0.00014363355689193187,0.007551366443108069,11.222386416790243,11.105460170848971,0.00014377777118266565,0.007551222228817335
-685.24,372.62,-684.0260050319421,372.38610474301714,12.36864241334223,13.85446038458982,-1.4858179712475916,0.1133212940281623,0.0018325228534306615,0.005862477146569339,12.368759985453494,13.854506502955495,0.0018324347264700974,0.005862565273529903
-684.61,584.22,-683.8177629738735,585.1934364217859,50.075907165929145,50.839942627426694,-0.7640354614975493,0.015142030970596897,0.0005998236213794044,0.007095176378620596,50.07608092668268,50.84014324124395,0.0005998447029950349,0.0070951552970049655
-684.54,-911.6,-685.8175233622187,-912.1261155692628,113.49737202785361,115.92414949104094,-2.426777463187321,0.021155621731742878,-0.001218754852284601,0.008913754852284602,113.49742434576393,115.92438847302984,-0.0012188485970778392,0.00891384859707784
-683.25,-757.34,-683.7301319055007,-757.7225529480753,82.02642245452572,83.41325672578344,-1.386834271257726,0.016765437144570922,-0.0008409680657751776,0.008535968065775178,82.02667274798667,83.41354379209679,-0.0008409903646144796,0.00853599036461448
-683.25,757.34,-683.5079699394464,756.5967142563472,83.73203509440327,83.57426080046848,0.1577742939347928,0.0018860532784006113,-9.58469029118555e-05,0.007790846902911856,83.73220449839013,83.57444789294502,-9.58361572643201e-05,0.00779083615726432
-682.89,228.18,-682.4288249059422,227.95624204793705,-8.379142097218757,-6.8076859323864305,-1.5714561648323269,0.2069498860155566,0.0031735349995221243,0.004521465000477876,-8.37912022471627,-6.8076678081444015,0.0031735274299595647,0.004521472570040435
-681.21,-1059.98,-679.8829828157195,-1059.861762072723,144.78265929140872,148.21623763639488,-3.4335783449861594,0.023437483082622054,-0.0014969711789715608,0.009191971178971562,144.7830897716483,148.21654121767673,-0.0014969158535753538,0.009191915853575355
-681.21,1059.98,-681.494605436275,1059.0176699933315,147.51105099961322,145.9055389810419,1.6055120185713179,0.010943566747041597,-0.0006988722635295275,0.008393872263529528,147.51119893043187,145.9058509804344,-0.0006988008452067459,0.008393800845206746
-681.15,876.43,-679.1427561112858,876.7340477282847,108.45022623261865,107.74473780717604,0.7054884254426099,0.0065264094247149225,-0.0003722295268351213,0.008067229526835121,108.45016730740866,107.74495191585916,-0.0003720854687993313,0.008067085468799333
-681.01,633.34,-679.8113646085034,633.3436490435984,59.29019437589179,59.74505878311811,-0.4548644072263244,0.007642515896004464,0.00033189750462583276,0.007363102495374168,59.29030199988236,59.7451484584098,0.00033188440813317294,0.007363115591866827
-680.68,-439.06,-681.0907141240413,-439.4439135057224,22.280492127306996,22.253086963646354,0.027405163660642273,0.001230764031099823,2.876562799690775e-05,0.0076662343720030925,22.280370865275806,22.25324893862808,2.8468330354413285e-05,0.007666531669645587
-680.68,439.06,-679.3813250357167,438.96398401712594,23.47539311490202,24.80125951239091,-1.3258663974888911,0.05492785126279944,0.001396712896457217,0.006298287103542783,23.475278543892315,24.801312514580495,0.0013968894237822852,0.006298110576217715
-680.55,-1084.09,-679.4194763732919,-1083.895126621289,149.9642580828896,153.50541931481104,-3.54116123192145,0.02333782579061905,-0.0015106724801731044,0.009205672480173104,149.9644118263378,153.50561929452968,-0.0015106922047370985,0.009205692204737098
-678.67,-1025.82,-679.7972837454681,-1026.6196617097255,137.6654256228209,140.79871091070777,-3.1332852878868778,0.022504049008907925,-0.0014104601150198186,0.00910546011501982,137.66575933405332,140.79903367672202,-0.0014104551879888358,0.009105455187988836
-678.67,1025.82,-679.8326469206453,1024.8308418321028,140.06580319699705,138.62572617557507,1.4400770214219847,0.010334558963195472,-0.0006493538055245183,0.00834435380552452,140.06607210066804,138.62608713097683,-0.0006493122979240257,0.008344312297924025
-678.57,-720.86,-679.8840263455262,-721.4232839731598,74.83198515955266,75.90998509500449,-1.0779999354518282,0.01430258518754154,-0.000690468093690132,0.008385468093690132,74.83214070940939,75.91041157351322,-0.000690641625787603,0.008385641625787603
-678.57,720.86,-677.477509802109,720.9034298298303,76.51912067955072,76.47652180950502,0.04259887004570828,0.000556863834193912,-2.7401603499221738e-05,0.007722401603499222,76.5191206990731,76.47668933451585,-2.729385606428089e-05,0.007722293856064281
-677.99,-242.34,-677.8369757072091,-242.15122221985754,-7.636369886669669,-8.07331532444212,0.4369454377724509,0.05562752300897668,0.0008363059000795294,0.0068586940999204715,-7.63642926159601,-8.073395932541388,0.0008363465399998967,0.006858653460000104
-677.53,-841.04,-677.8146629474493,-841.470105668091,98.96150847149012,100.77522042654702,-1.8137119550569025,0.018161025917098877,-0.0009990070132728699,0.00869400701327287,98.96161698664756,100.7754839448367,-0.0009990923902346033,0.008694092390234604
-677.52,-545.77,-677.8671451037869,-545.756091583154,41.25175623035028,41.488350931582346,-0.2365947012320646,0.0057189846459594134,-0.0002009146983885048,0.007895914698388505,41.251782193509335,41.48842618124805,-0.00020095655217291765,0.007895956552172918
-675.98,-991.49,-677.2832795475755,-992.2972595892485,130.37626182924527,133.25009500957384,-2.8738331803285746,0.021802320638870214,-0.0013433812466479597,0.00903838124664796,130.37626980734194,133.25016500558039,-0.0013434102370909835,0.009038410237090984
-675.98,991.49,-675.8260102483055,992.2946783210112,133.0171998773156,131.68806044533898,1.329139431976614,0.010042410417960711,-0.0006226512305204024,0.008317651230520404,133.0172735822856,131.6883952085085,-0.0006225289346910524,0.008317528934691053
-675.44,141.02,-675.4125107631224,140.8707716708259,-17.48441789581968,-16.242072469924587,-1.242345425895092,0.07367178810617854,0.004102062220770459,0.003592937779229541,-17.48436587920016,-16.24204512098359,0.004101980771320059,0.0035930192286799415
-674.8,-595.52,-674.7548273030123,-595.6802533517304,50.546528139980026,51.000195095564834,-0.45366695558480785,0.00893513726745264,-0.00035459108777010154,0.008049591087770102,50.546551590053554,51.00026598421448,-0.0003546281662835372,0.008049628166283537
-673.52,-684.08,-672.8494091336626,-684.1397331827078,67.52615392221136,68.45388488997372,-0.9277309677623577,0.013645105206121244,-0.0006331538281505151,0.008328153828150515,67.5262511523029,68.45412757574158,-0.0006332530981129148,0.008328253098112914
-673.52,684.08,-673.3051100577871,684.890651053555,69.32930856495433,69.5147478492543,-0.18543928429997436,0.002671187936871562,0.00012633348207903618,0.007568666517920964,69.32940789027023,69.51489334950645,0.0001263649394938043,0.007568635060506196
-673.12,-956.98,-674.0153190613395,-957.0073211674307,122.92891816570054,125.47200574579351,-2.5430875800929726,0.02047566925313919,-0.0012385859866102349,0.008933585986610235,122.92930195743216,125.47227336629774,-0.0012385294065477082,0.008933529406547708
-673.12,956.98,-672.7271535255994,957.6231586150484,125.56019360953631,124.41111886917457,1.1490747403617405,0.009193652895346564,-0.0005603566788886765,0.008255356678888676,125.560430260405,124.411418730899,-0.0005603258535437712,0.008255325853543771
-672.93,-331.16,-673.2048216248786,-331.52797197815795,4.703124563456921,4.381602274933925,0.3215222885229956,0.07078303932360083,0.00045257812860245624,0.007242421871397544,4.703130495125148,4.38157666319745,0.00045262252942808977,0.007242377470571911
-672.93,331.16,-673.7797623210355,331.24431083190785,5.8073982609420085,7.277750140847047,-1.4703518799050386,0.22473598842853107,0.0020696874372220938,0.005625312562777906,5.807445966479705,7.277791715110411,0.0020696788067563975,0.0056253211932436025
-672.8,256.39,-672.2172009736629,256.2011934210813,-4.934646546530637,-3.394798794384812,-1.5398477521458247,0.36973596419004473,0.0028089039348100898,0.00488609606518991,-4.934602166519909,-3.394774571579756,0.0028088671651656577,0.004886132834834343
-672.5,920.51,-673.3370044986455,919.5620276318737,117.47455323090341,116.5608405472339,0.913712683669516,0.007808329064412407,-0.00046360276177106075,0.00815860276177106,117.47475107522847,116.5610524378981,-0.0004635956348899994,0.00815859563489
-672.45,-503.39,-672.7394988588036,-503.5478079099416,33.543311839261,33.61835609000344,-0.0750442507424367,0.002234734575724781,-6.959525997730459e-05,0.007764595259977305,33.54338330891231,33.61849322361119,-6.965615604961457e-05,0.007764656156049615
-672.45,503.39,-672.4132701835293,504.16520167245125,34.97931468891525,36.013798087580504,-1.0344833986652517,0.029143204409759198,0.000958659225204564,0.0067363407747954365,34.9794360254015,36.0138912851642,0.0009586331487894648,0.006736366851210536
-672.22,-155.62,-672.0993578250692,-155.88326140664998,-16.966472465594244,-17.338350121126048,0.3718776555318044,0.021680779988978088,0.001115108157822212,0.0065798918421777885,-16.966501025635978,-17.338358663788156,0.0011150481339326692,0.006579951866067331
-670.72,-644.23,-671.6216537025833,-644.8738515057314,59.918244348901155,60.604944941182254,-0.6867005922810989,0.011395327261516474,-0.0004981014861414895,0.00819310148614149,59.91828165557153,60.60498421935591,-0.0004981029161806144,0.008193102916180615
-670.46,-398.59,-669.9514719134172,-398.24719131412945,15.273504724394648,15.135033334342765,0.13847139005188325,0.009107401992454266,0.00016304739234152514,0.007531952607658475,15.273437930453973,15.135079749454384,0.00016291409086488696,0.0075320859091351135
-670.46,398.59,-669.0014173317154,398.44460139637977,16.51077488321747,17.906066507694366,-1.3952916244768971,0.08108191037224817,0.0016444469788090082,0.006050553021190992,16.510847247469286,17.90610774434189,0.0016444102927901595,0.006050589707209841
-669.28,-885.53,-669.3610497683055,-886.1698526504207,108.1665690850877,110.20215207439057,-2.035582989302867,0.01864353995841966,-0.0010781055387947044,0.008773105538794705,108.1668813690682,110.2022703263851,-0.0010780027736606562,0.008773002773660657
-668.69,170.15,-668.1872116044334,170.27874960189627,-14.929703229799852,-13.61458522063055,-1.3151180091693018,0.09214579031830601,0.0036312486299601007,0.0040637513700399,-14.929715110362514,-13.614596126970957,0.0036312513199416867,0.004063748680058314
-668.06,557.32,-667.8046767841015,558.3561521666848,44.93095862055629,45.762018491570274,-0.8310598710139843,0.018326884781530967,0.0007001988981967291,0.006994801101803272,44.93106533602554,45.76215241491806,0.0007002218218478876,0.006994778178152113
-667.84,1091.96,-666.43621800369,1092.3523191547818,154.7632756331472,153.00478579201672,1.7584898411304835,0.011427370552925767,-0.000758871792454281,0.008453871792454281,154.76359590068753,153.00509849413632,-0.0007588750572922439,0.008453875057292243
-667.32,-270.33,-667.0785079349747,-270.0898046425069,-4.160868210846903,-4.626553681000608,0.465685470153705,0.10598910030386556,0.0008120026021579399,0.006882997397842061,-4.160927073872827,-4.626528161784851,0.0008118554672262907,0.00688314453277371
-665.83,850.34,-665.7541410766349,851.0127684503108,103.00182658655251,102.43100241981732,0.5708241667351928,0.005557282830559601,-0.00031652081212370356,0.008011520812123704,103.00194208377343,102.4312308560535,-0.0003164581876748523,0.008011458187674852
-664.85,-184.59,-665.1625520420062,-184.78958896897117,-14.345646541962449,-14.7648430307332,0.41919648877075133,0.028800373674507974,0.0010714260926592844,0.006623573907340716,-14.345701490513814,-14.764821441810279,0.0010712304702024788,0.006623769529797522
-664.81,606.65,-663.2341749903359,606.7982759493945,54.05686357039629,54.65710085176991,-0.600237281373623,0.011042505616716113,0.0004685561090201987,0.007226443890979802,54.05697898741895,54.657215938831754,0.0004685558514467981,0.007226444148553202
-664.66,-812.85,-666.1929774450956,-813.3469632650789,93.24027147639974,94.76864068557505,-1.5283692091753096,0.016258476171157013,-0.0008861398198028453,0.008581139819802845,93.2403563071122,94.76879943541628,-0.0008861826776954698,0.00858118267769547
-664.66,812.85,-665.4627133804321,812.1015464301266,94.9517992668535,94.57549772953277,0.37630153732072813,0.003970948177748803,-0.00021875188360364503,0.007913751883603645,94.95187189816353,94.57570333220517,-0.00021867458459448044,0.007913674584594481
-663.99,-463.92,-663.8892647576766,-464.1009314816209,26.487070897911888,26.35938863024766,0.12768226766422686,0.004832197608098631,0.00013018842523657305,0.007564811574763427,26.487062848590334,26.359463251678584,0.00013010413181607748,0.007564895868183923
-663.99,463.92,-663.6337832536846,464.68704637061563,27.842876940340723,29.02952799122769,-1.1866510508869652,0.041730292654752345,0.001208881825297781,0.00648611817470222,27.8428502385908,29.029660759020594,0.0012090442823502322,0.0064859557176497684
-661.55,284.16,-660.573817122054,283.8963594063476,-1.2891745163586847,0.1795593142288645,-1.4687338305875492,2.0,0.002460434409648477,0.005234565590351523,-1.2891451906775515,0.1796341767691736,0.0024605106933514127,0.005234489306648588
-660.73,-777.07,-659.5175470625123,-776.6927943114582,85.8416995414951,87.08669554337615,-1.2449960018810486,0.014398977117320947,-0.0007635582933319887,0.008458558293331989,85.84184840012671,87.08693340716626,-0.0007636128803562198,0.008458612880356221
-660.73,777.07,-659.6829085753127,777.5795288453907,87.83296312777668,87.59191248345675,0.24105064431992673,0.0027481922786609736,-0.0001476311893635243,0.007842631189363524,87.83315550468875,87.59212286128422,-0.00014762016472362688,0.007842620164723627
-660.69,198.95,-661.0509914563567,199.00000952221828,-12.027118062913988,-10.644607364062907,-1.3825106988510818,0.12195901924659373,0.003301644546044328,0.004393355453955672,-12.027085301090361,-10.644587094198396,0.00330161471335752,0.00439338528664248
-660.34,-929.27,-660.6387057368066,-929.8530665418475,117.28370553288326,119.61516594850927,-2.3314604156260117,0.019683170300025164,-0.0011923385253973869,0.008887338525397387,117.28386034035385,119.61520628059232,-0.0011922799812274457,0.008887279981227446
-660.25,654.96,-661.1822674952022,654.5067933403167,63.25685220223486,63.644435769395436,-0.3875835671605756,0.006108426058642096,0.00028137134852910856,0.007413628651470892,63.256995443021104,63.64456563660296,0.0002813616398051141,0.007413638360194886
-659.23,-357.65,-659.5591772342799,-357.8071847637985,8.650681925085326,8.385013818630359,0.2656681064549673,0.031189581036391762,0.00035366042827552436,0.0073413395717244765,8.650755232042137,8.384999348296486,0.0003537772784109448,0.0073412227215890555
-659.23,357.65,-658.7138803836007,358.30221662140593,9.882425562615623,11.300381406815706,-1.4179558442000832,0.1338779932467231,0.0018874100782614012,0.005807589921738599,9.882487936482892,11.300410546919082,0.0018873658415235876,0.005807634158476413
-658.39,-568.7,-657.4188324360917,-568.5180068648841,45.402540069362615,45.63884040963206,-0.23630034026944458,0.005191053541284217,-0.00019862223028210106,0.007893622230282102,45.40261197517198,45.63877291697389,-0.00019850505891244713,0.007893505058912448
-657.28,894.48,-654.9436663310015,894.5544165403438,112.01793208301228,111.28670910453192,0.7312229784803606,0.00654910685771405,-0.00039209291280015125,0.008087092912800152,112.017970971935,111.28684787291986,-0.0003920393559076555,0.008087039355907657
-656.49,-741.03,-657.0036769987775,-741.7485797484122,78.86612017712169,79.94038626105151,-1.0742660839298281,0.013529245218275275,-0.0006925278030379243,0.008387527803037925,78.86622676541438,79.94069922689482,-0.0006926608447431959,0.008387660844743197
-656.49,741.03,-654.4097452308115,741.1629268474145,80.38354681501886,80.31963367404286,0.06391314097599832,0.0007954184949108531,-4.139773576577109e-05,0.007736397735765771,80.3837265500755,80.31982171049908,-4.139235879412759e-05,0.007736392358794128
-656.23,-213.22,-656.4017950721519,-213.59645837211988,-11.358225594882438,-11.79102936977267,0.4328037748902318,0.03739245824982688,0.0009697886683737937,0.006725211331626207,-11.358236892184625,-11.791116494466351,0.0009699585757297138,0.006725041424270287
-655.79,-1075.89,-655.0739965187595,-1075.728767968426,148.26682606014873,151.48690037164985,-3.220074311501122,0.021484799203880918,-0.0014355642142666553,0.009130564214266656,148.26684046335959,151.4871009139059,-0.001435647198237301,0.009130647198237302
-655.79,1075.89,-656.1939580794233,1076.2667664481928,151.13206261525698,149.51404164408441,1.6180209711725695,0.010763625061157238,-0.0007197503114953048,0.008414750311495306,151.13226131866526,149.51427009467767,-0.0007197370789439112,0.008414737078943912
-655.5,-297.86,-655.0994780415884,-297.53152718621095,-0.4903165358221351,-0.9450607874597985,0.4547442516376634,0.6336232909098893,0.0007329542134565369,0.006962045786543463,-0.4903751234049061,-0.9450465214649526,0.0007328367884720815,0.006962163211527919
-655.04,-1099.69,-653.530678086932,-1099.3009124406726,153.3732301951695,156.75047387424223,-3.377243679072734,0.02177997769765346,-0.0014768272685558579,0.009171827268555859,153.3734774043676,156.7507531348908,-0.001476841284262314,0.009171841284262315
-654.71,-423.98,-655.0138315544851,-423.9808257376324,19.485897346110995,19.35915570402912,0.12674164208187477,0.00652549718072364,0.00014337469766587577,0.007551625302334125,19.485820524634086,19.359285169508254,0.0001431413384520507,0.00755185866154795
-654.71,423.98,-654.9748264795875,423.915519321997,20.672905386957396,21.999540022568212,-1.3266346356108158,0.06217757725760316,0.001501057330220447,0.006193942669779554,20.672853408372855,21.999579531387486,0.0015011608461655552,0.006193839153834445
-654.64,-617.62,-654.6136967480181,-617.6522397105177,54.657319014427,55.14134761587238,-0.48402860144537385,0.008816657183554618,-0.000376090002778315,0.008071090002778315,54.657408490028885,55.14152425234075,-0.0003761577267318651,0.008071157726731866
-654.06,-527.07,-654.8733253270383,-527.6389750317609,37.84337205935104,37.89110329219736,-0.047731232846317084,0.0012604889021744893,-4.339686485714667e-05,0.0077383968648571475,37.843347369917915,37.891172992853924,-4.348268359096068e-05,0.007738482683590961
-654.06,527.07,-652.6140423563703,527.1038661524204,38.983518648166246,39.97509449751327,-0.9915758493470221,0.025116344116063782,0.0009055724411280805,0.00678942755887192,38.983648692252686,39.97518921561497,0.0009055401791097413,0.006789459820890259
-654.0,-859.47,-654.7521471107244,-860.2474320841087,102.84980695107,104.58068514412238,-1.7308781930523907,0.016688753669427438,-0.0009654194916908219,0.008660419491690823,102.84991679076886,104.58081514085349,-0.0009654307345338458,0.008660430734533847
-653.49,-1042.04,-652.2684067193078,-1041.4086575359531,140.90317991322317,143.91803482317937,-3.014854909956199,0.02117015695439961,-0.001394340242683585,0.009089340242683586,140.9033703414976,143.91832843125613,-0.0013943879623102035,0.009089387962310205
-653.49,1042.04,-654.2986448765209,1041.1201876299824,143.43355268016552,141.98244256377146,1.4511101163940623,0.010168386779821778,-0.0006692268454824495,0.00836422684548245,143.4338731223449,141.98278783519743,-0.0006692153946640803,0.00836421539466408
-651.92,-704.7,-652.2529381793394,-704.8494286002964,71.57454666952138,72.39966790399508,-0.8251212344736985,0.011462069606254014,-0.0005638391664702955,0.008258839166470296,71.57465122997488,72.400042173786,-0.0005640234699176589,0.00825902346991766
-651.92,704.7,-650.1196868572825,704.7549474156098,73.03239252467182,73.180224801236,-0.14783227656417353,0.0020221548491216115,0.00010136492113175346,0.007593635078868247,73.032481026064,73.1803831959594,0.00010141284525340615,0.007593587154746595
-651.46,227.39,-650.8341523899886,227.75645412754895,-8.815519217511497,-7.359025651106286,-1.4564935664052108,0.18009700776571866,0.0030868634330267655,0.0046081365669732345,-8.815500488324687,-7.35900897208894,0.00308685908793847,0.004608140912061531
-651.06,-1008.03,-652.3528733752729,-1008.4598738922878,133.87465314609764,136.5584969320395,-2.6838437859418605,0.019848482223177213,-0.0012816395609075257,0.008976639560907527,133.87492121562212,136.55877842693934,-0.0012816459720452634,0.008976645972045264
-651.06,1008.03,-651.73598397998,1008.9442993080598,136.4145433154445,135.13227919066566,1.282264124778834,0.009444147517137538,-0.0006126161948487585,0.008307616194848759,136.41464264786248,135.13263696846286,-0.0006124927196444442,0.008307492719644444
-649.62,-665.51,-650.8160799121757,-666.3301962442218,64.03525484912589,64.69844702449129,-0.6631921753653955,0.010303318644817296,-0.0004804425870763698,0.00817544258707637,64.03530207084653,64.69851318939807,-0.00048045631026807613,0.008175456310268076
-649.16,311.43,-648.8907886683147,311.2392828022034,2.5248003929827263,4.002868711032605,-1.4780683180498784,0.452862513248621,0.002299208549814279,0.005395791450185722,2.5248389983135553,4.002912160166574,0.0022992160845902135,0.005395783915409787
-648.53,579.92,-648.9673853540404,579.4863157390713,48.70818792299484,49.51167200688829,-0.8034840838934514,0.016360929133212774,0.000671214136853516,0.007023785863146484,48.70826047243136,49.51182600543626,0.0006712821777719787,0.007023717822228021
-648.46,-973.86,-647.6557077314395,-973.2063394624446,126.43776305455087,128.85335596192633,-2.415592907375455,0.01892422201509913,-0.001203994469262093,0.008898994469262093,126.43792733003698,128.85340004844437,-0.0012039345639475929,0.008898934563947594
-648.46,973.86,-648.622485222717,974.7165926215798,128.978759523502,127.88955165032895,1.089207873173038,0.00848067142416751,-0.0005412404987513158,0.008236240498751317,128.97901946752378,127.88986974883603,-0.0005412116010877962,0.008236211601087796
-648.07,937.87,-648.2290869341832,938.7599029235772,121.27951473211832,120.40240327707912,0.8771114550391985,0.007258395350915903,-0.000452815839112814,0.008147815839112815,121.27969172711889,120.40264794783634,-0.0004527809009594463,0.008147780900959446
-646.39,-488.13,-647.1348578450767,-488.5682100777433,30.754602692434634,30.681933697814394,0.07266899462024057,0.0023656605300351637,7.22069541167296e-05,0.007622793045883271,30.754711507279342,30.68206628735068,7.218333058825193e-05,0.007622816669411748
-646.39,488.13,-647.2383833548612,487.8884057597002,31.801296139259044,32.939346406112776,-1.1380502668537318,0.03515721259813442,0.0011322088769306438,0.006562791123069357,31.80137946695311,32.939440981981114,0.0011322200673702315,0.006562779932629769
-646.38,-241.45,-646.5091527646431,-241.65301053422115,-8.09329124598058,-8.584217952990173,0.4909267070095922,0.05887290495872004,0.0009871874917141564,0.0067078125082858445,-8.093327575223931,-8.584298487948448,0.0009872763834534184,0.006707723616546582
-645.16,-903.26,-645.7722716278437,-903.878022364871,111.92747659023848,113.8306254695167,-1.9031488792782199,0.016860071571424547,-0.0010243147258443574,0.008719314725844357,111.92778645599894,113.83084900391975,-0.0010242682604933496,0.00871926826049335
-644.84,140.62,-644.6370503539903,140.64164043890682,-17.998532128502667,-16.84657760255903,-1.151954525943637,0.06611857645646955,0.003991682792736958,0.003703317207263042,-17.998498833295862,-16.84656550073318,0.003991609354721675,0.0037033906452783255
-644.49,-383.58,-645.1684465640284,-383.865033415314,12.761591067555308,12.504302359639603,0.2572887079157056,0.020366484063355797,0.0003263765338992212,0.007368623466100779,12.761583246408634,12.504312054162092,0.00032635431487749663,0.007368645685122504
-644.49,383.58,-644.5651374279233,383.5804693508356,13.815649133271819,15.24063824099428,-1.4249891077224603,0.09808473390750615,0.001810665051060646,0.005884334948939354,13.815724803856266,15.240661655390667,0.0018105986516384275,0.005884401348361573
-644.28,628.41,-645.6158847906476,627.9782841271425,57.93210809350018,58.508952404211485,-0.5768443107113015,0.00990791922103179,0.0004469816076896927,0.007248018392310308,57.932189080639034,58.509062053674356,0.0004470038173768348,0.007247996182623165
-642.54,-324.87,-642.2640087445266,-324.5759298776739,3.417830930984664,2.9848591549249868,0.4329717760596772,0.13524683226899104,0.0006524985699220134,0.007042501430077987,3.41785589178356,2.984835383150692,0.0006525720110469872,0.007042427988953014
-642.16,1107.26,-642.5985851534383,1108.0401273839823,157.9718678305201,156.349105543628,1.6227622868920832,0.010325510699920415,-0.0007159942346221664,0.008410994234622167,157.97210508266943,156.34930261752783,-0.0007160119620461065,0.008411011962046107
-642.04,868.44,-640.357472501499,868.7382419759248,106.406036638844,105.93750752021523,0.4685291186287657,0.004412934902111332,-0.0002645909821089501,0.00795959098210895,106.40622795153982,105.93772079601737,-0.0002645785789526885,0.00795957857895269
-641.5,-155.16,-641.4171245019049,-155.11154219208194,-17.519916522514805,-17.928775166417598,0.4088586439027928,0.023067629546985196,0.0012910361119139215,0.006403963888086079,-17.5198997535406,-17.928741861280912,0.0012909838963542585,0.0064040161036457415
-641.18,-831.5,-641.8180636638461,-832.1399368324861,97.13968605989524,98.56741075739441,-1.4277246974991726,0.014590423349155123,-0.0008398196720704607,0.00853481967207046,97.13982211140049,98.56763635041679,-0.0008398723423980681,0.008534872342398069
-641.18,831.5,-641.9040564288085,830.7819356443682,98.5199040773041,98.28478551667595,0.23511856062815184,0.002389359329934826,-0.00013850951933205814,0.007833509519332059,98.5200317579961,98.28495165201056,-0.00013848686550987067,0.007833486865509871
-640.99,255.4,-641.0659570640158,255.38867429643514,-5.429267553296704,-3.9332109147229204,-1.4960566385737835,0.31958559769915995,0.0028707380105538476,0.004824261989446153,-5.429279709331315,-3.9331885524473904,0.0028708042466992086,0.004824195753300791
-638.81,675.89,-637.0919470361955,675.9327671473753,67.22305208067792,67.62093893076471,-0.3978868500867918,0.005901439835802959,0.000290271129696664,0.0074047288703033365,67.22310288793989,67.621095289415,0.00029034813279621565,0.007404651867203784
-638.48,-590.97,-639.1402217903654,-591.5076576670814,49.73929700553548,49.97503958998803,-0.23574258445255225,0.0047283588800035295,-0.00019589862723801051,0.00789089862723801,49.73941712344268,49.975112334980736,-0.00019585926104144806,0.007890859261041449
-637.98,-448.75,-637.8595376547893,-448.80522960973593,23.74451749175451,23.491862339821935,0.2526551519325757,0.010697481595051512,0.0002772650113978019,0.007417734988602199,23.74460841519669,23.491977491854097,0.00027723842282350913,0.007417761577176492
-637.98,448.75,-638.0082421280687,449.52992423981595,24.9548381098394,26.229645433107745,-1.2748073232683446,0.04981225695864245,0.001396398990156434,0.006298601009843566,24.95488319406759,26.22971604423802,0.0013964269518253415,0.006298573048174659
-637.83,169.62,-637.4410876226194,169.79551366708483,-15.429628097069326,-14.186548305123663,-1.2430797919456626,0.08394600133821571,0.003608133638048006,0.004086866361951994,-15.429563647836613,-14.186545040502445,0.0036079560450597726,0.004087043954940228
-637.63,-796.13,-638.4574903375226,-796.884767099555,89.98775010291502,91.17397595560804,-1.1862258526930276,0.013095766732867465,-0.0007324698382866773,0.008427469838286678,89.98780133750668,91.17414035931711,-0.0007325397178673082,0.008427539717867309
-637.63,796.13,-639.0555469782942,795.3318287122225,91.20848069037314,91.06505765232096,0.14342303805217682,0.0015737121181301247,-8.865062841370997e-05,0.00778365062841371,91.20868266550511,91.06525198308833,-8.865535344069931e-05,0.0077836553534407
-635.68,-946.31,-635.19045654207,-945.8218434934385,120.75771533108095,122.83546525865927,-2.077749927578324,0.01705917975657678,-0.0010865002846809843,0.008781500284680985,120.75775047433872,122.83561952338083,-0.0010865625758655943,0.008781562575865594
-635.64,338.17,-634.7295366509715,337.9728793575353,6.441354013254635,7.898404992146823,-1.4570509788921875,0.2032183355861629,0.0021338017140545605,0.00556119828594544,6.441360922636349,7.898435830692183,0.002133836757502692,0.005561163242497308
-635.31,-269.22,-634.8880280155644,-269.11329319908964,-4.560723122436414,-5.133245223279289,0.5725221008428747,0.11811924289930319,0.0010527126467734823,0.006642287353226518,-4.560758975032048,-5.13320692026392,0.00105257629474547,0.006642423705254531
-634.83,-550.08,-634.5224484352535,-549.6541570728403,41.92831443767088,41.94100901062126,-0.012694572950380234,0.00030272267447600923,-1.1434876015095324e-05,0.007706434876015095,41.9284338322965,41.94114945937638,-1.1453840919344809e-05,0.007706453840919345
-634.83,550.08,-635.3668842861949,549.9022646919525,43.06482786689706,44.008652471016795,-0.9438246041197331,0.021678807381006214,0.0008486548228246592,0.0068463451771753414,43.064779400300054,44.00874978114334,0.0008487859002716295,0.006846214099728371
-633.84,-183.99,-633.4731612492945,-183.96931756377023,-14.808096383011065,-15.311331157006936,0.5032347739958709,0.03341595874139713,0.0013565846523962953,0.006338415347603705,-14.808171289252169,-15.311286487425685,0.0013562623083656627,0.006338737691634338
-633.81,-760.52,-634.2985724362187,-760.6785395273987,82.72732313053328,83.69755849394338,-0.9702353634100973,0.011659739264220712,-0.0006317308337264229,0.008326730833726424,82.72767481988674,83.69785593126412,-0.0006316955096358386,0.008326695509635839
-633.81,760.52,-634.4668429649469,759.7751268643416,83.95585259833165,83.95863917083032,-0.002786572498678197,3.319037528349843e-05,1.816043373001855e-06,0.007693183956626998,83.9560551365697,83.95882253200149,1.8035454440033596e-06,0.007693196454555997
-633.75,-639.04,-633.8490444435439,-639.0884812466096,58.83609858192786,59.27089504287613,-0.4347964609482702,0.007362755542309518,-0.0003372011469797034,0.008032201146979704,58.83608417359066,59.27097748850708,-0.0003372762609056007,0.0080322762609056
-632.92,911.87,-633.6515403182926,911.1650499999346,115.29186876787345,114.69511992171114,0.5967488461623134,0.005189413971307311,-0.0003247086909122534,0.008019708690912253,115.29199840924119,114.6952786144629,-0.00032469288319526417,0.008019692883195265
-630.0,-1091.19,-629.6481919531053,-1091.2702956510823,151.81146631285893,154.82756998630572,-3.0161036734467928,0.019672013777816643,-0.0013790050093589932,0.009074005009358994,151.81172415221675,154.8277276356016,-0.0013789592010538863,0.009073959201053887
-630.0,1091.19,-629.9949055122931,1091.8719173966456,154.3430102100911,152.83728543137957,1.5057247787115386,0.009803524510367449,-0.000687680542329567,0.008382680542329567,154.343241166537,152.83761505173317,-0.0006876354814721582,0.008382635481472158
-629.96,-877.24,-629.9864800254721,-877.7239523082329,106.58639184537091,108.17214553367398,-1.5857536883030718,0.014767782530612467,-0.0009009411501024143,0.008595941150102414,106.58648846243202,108.17222601412628,-0.000900931982137046,0.008595931982137046
-629.69,-724.63,-631.1311515112012,-725.4460241829238,75.72109220901561,76.46007549442896,-0.7389832854133545,0.009711888751614932,-0.0005070604839337626,0.008202060483933763,75.72127847908891,76.46044317519187,-0.0005071849606220426,0.008202184960622043
-629.69,724.63,-631.134495306237,724.1099241827483,76.77659195985387,76.88578243735435,-0.10919047750047639,0.0014211738941144487,7.505994132469415e-05,0.007619940058675306,76.77671248704428,76.88596439201962,7.510216792507512e-05,0.007619897832074925
-629.52,198.27,-629.2735109420728,198.49123830205096,-12.513359402453903,-11.162059021242461,-1.3513003812114412,0.11415218578430238,0.0033987637705867727,0.004296236229413228,-12.51334601363398,-11.16203740930181,0.0033987844532160395,0.004296215546783961
-629.33,282.92,-628.6727226354292,282.7591999175939,-1.8160572108466795,-0.32666042742957657,-1.489396783417103,1.3901941691349238,0.002632200231042854,0.005062799768957146,-1.8160564928005023,-0.32660554396306907,0.002632295957200917,0.005062704042799083
-629.18,-1114.69,-628.8177818359727,-1114.6085664154527,156.8927145066327,160.01954132805562,-3.126826821422924,0.01973307604142629,-0.0014015432705444153,0.009096543270544415,156.89280784309364,160.02014000041294,-0.001401769778171918,0.009096769778171919
-628.73,-408.9,-628.9396246663181,-408.86334733441413,16.938644595100442,16.625541343583535,0.31310325151690677,0.018656984685336497,0.0003825166233360237,0.007312483376663977,16.938669136088155,16.62558167048044,0.00038249733777239277,0.007312502662227608
-628.73,408.9,-627.4815368893903,408.7805612167478,17.88169248654433,19.271789922058844,-1.3900974355145124,0.07482999414303218,0.0017025658875958,0.0059924341124042,17.881657452555793,19.271849080672734,0.0017026812529706739,0.005992318747029326
-628.47,-351.32,-629.0808468190523,-351.2937808860329,7.545626123035859,7.101084397683781,0.44454172535207803,0.0607019200281479,0.0006319540178662715,0.007063045982133729,7.545617129929244,7.1010569939242245,0.0006319801901813424,0.007063019809818658
-628.24,601.84,-629.253715248957,601.4573390138703,52.75570618141752,53.510095240559856,-0.7543890591423335,0.01419815310377576,0.0006262022691022152,0.007068797730897785,52.75577648592993,53.51018169047774,0.0006262156710589659,0.007068784328941035
-627.92,-1057.64,-627.3941848769473,-1057.1027501269548,144.45244236943253,147.2594797738848,-2.8070374044522737,0.01924527036007245,-0.001329659316048326,0.009024659316048327,144.4526135281386,147.25979556611614,-0.0013297278271817935,0.009024727827181793
-627.92,-511.69,-627.778093918302,-511.7610053145427,35.00289643970004,34.83611950653758,0.16677693316245978,0.004776039034995722,0.00016308443304444188,0.007531915566955558,35.00292544073919,34.836259721873915,0.00016297568107101904,0.007532024318928981
-627.92,511.69,-628.3793344408597,511.38828987978576,35.94962091873215,37.009921815403445,-1.0603008966712935,0.02906544797121406,0.0010365883615288533,0.006658411638471147,35.949647323809266,37.009988597605044,0.0010366278356606252,0.0066583721643393755
-627.92,1057.64,-626.1394990379314,1058.0715410295186,146.90938316636766,145.58424655920652,1.3251366071611415,0.009060960461972606,-0.0006283829453595844,0.008323382945359585,146.90954255574144,145.5845949520622,-0.0006282933194568714,0.008323293319456871
-627.84,-686.09,-627.057876429753,-685.5666854411046,67.89235948414944,68.50094962461395,-0.6085901404645142,0.008924046853049213,-0.0004447515315883296,0.00813975153158833,67.89247972776329,68.50116712875484,-0.0004448226085997514,0.008139822608599752
-625.72,-1023.95,-626.6787068183503,-1024.676512202472,137.5038148661015,140.031125732368,-2.527310866266504,0.01821255990915359,-0.0012364507359827765,0.008931450735982777,137.5040044414739,140.031371209015,-0.0012364780848827545,0.008931478084882755
-625.72,1023.95,-624.2160183063955,1024.2401182311924,139.50829188731785,138.38936819000764,1.1189236973102084,0.008052775233867503,-0.0005498112889257913,0.008244811288925792,139.50839211964887,138.38970601614776,-0.0005496945412344784,0.00824469454123448
-624.87,-212.44,-624.5541759730305,-212.39262135884132,-11.74928710397918,-12.301451818521258,0.5521647145420783,0.04591665281647592,0.00130770258195527,0.006387297418044731,-11.749301495442962,-12.301548129985719,0.0013078965947083113,0.006387103405291689
-623.38,-990.1,-623.4828634253394,-990.8364137802391,130.30796428412356,132.59965356561648,-2.2916892814929213,0.017433418629981986,-0.0011654110353631884,0.008860411035363188,130.3081305853068,132.59980241820548,-0.001165402162090342,0.008860402162090343
-623.38,990.1,-624.5651182173359,989.0753159513233,131.89715578325564,130.90278676662595,0.9943690166296903,0.007567497975696481,-0.0005056969888337476,0.008200696988833748,131.89728981999042,130.90314526028618,-0.000505582838865853,0.008200582838865853
-623.19,954.59,-621.3688752040512,954.9714151503313,124.54374879930879,123.74314886855807,0.800599930750721,0.00644899056914137,-0.00042386304462990434,0.008118863044629904,124.5438364721295,123.74345984881838,-0.0004237448185751662,0.008118744818575167
-623.05,-296.49,-623.2572190439606,-296.9117418534102,-0.6825225805718169,-1.3106892476606227,0.6281666670888058,0.6303059797170255,0.0010664243912608662,0.006628575608739134,-0.6824528440820501,-1.3106644658093245,0.0010665007097372754,0.006628499290262725
-623.04,649.48,-622.5276906546884,650.0039274149216,62.074373160082246,62.62585381002003,-0.5514806499377869,0.008844902103827094,0.0004281594133266294,0.0072668405866733714,62.07439037970973,62.625957174689674,0.0004282262947497831,0.007266773705250217
-621.03,364.32,-621.3090387565138,364.5489443019954,10.487948507650398,11.992704620379449,-1.5047561127290514,0.13387120953820125,0.002087144281377774,0.005607855718622226,10.487902395281946,11.992755421517561,0.0020872787034740205,0.00560772129652598
-620.57,-920.32,-621.4078337233939,-920.8165293567063,115.57527894604974,117.43106642253788,-1.8557874764881461,0.015929072434079136,-0.0010188923039176295,0.00871389230391763,115.57536608005405,117.43129684141428,-0.0010189709723294389,0.008713970972329439
-620.33,-472.86,-621.4510981914193,-473.29784918395603,28.116833312683777,27.78271473791119,0.3341185747725888,0.011954249593223056,0.00035686914648956804,0.0073381308535104325,28.116845861860817,27.782787804326038,0.00035680450855371054,0.0073381954914462895
-620.33,472.86,-619.9773295775838,473.1427442326458,28.968119662556465,30.222942923005554,-1.2548232604490899,0.04239907869993766,0.001343892219652687,0.006351107780347314,28.968156852025515,30.223030035758722,0.0013439456865553326,0.006351054313444668
-619.91,226.51,-619.3502476842949,226.8186638331077,-9.379188159285501,-7.853055184432172,-1.5261329748533292,0.17712528130119617,0.00341292815039737,0.004282071849602631,-9.379199080398099,-7.8530416584836225,0.003412982821952574,0.004282017178047427
-617.82,-612.54,-617.864999328329,-612.5444267259654,53.843328211413976,54.013324609802154,-0.1699963983881787,0.003152265417877668,-0.00014111019960017505,0.007836110199600175,53.84337311265589,54.01348982449213,-0.00014121006909642307,0.007836210069096423
-617.76,885.87,-617.5491275312226,886.7335942777205,110.0686822233761,109.62510740112144,0.4435748222546607,0.004038118901884505,-0.00025447907951131317,0.007949479079511313,110.06875463107042,109.62526725010262,-0.0002544289144048274,0.007949428914404828
-617.17,-849.47,-618.352316989148,-850.0159858236775,100.92038072226484,102.27878949279088,-1.3584087705260401,0.013370219662692214,-0.0008119275235585448,0.008506927523558545,100.92045634942934,102.2789338119704,-0.0008119685811097425,0.008506968581109744
-617.17,849.47,-616.7001203051558,850.3768638108463,102.46713571056527,102.18297753629469,0.284158174270587,0.00277701458125088,-0.0001702254760753831,0.007865225476075384,102.46731606155774,102.18319834942497,-0.00017020123715742557,0.007865201237157426
-616.7,696.11,-616.7359004709996,697.0957751770951,71.2920787100063,71.62067491354345,-0.3285962035371597,0.004598556744665681,0.0002401157975727339,0.007454884202427267,71.29220499289798,71.62083270878665,0.00024013882465988612,0.007454861175340114
-616.48,309.92,-616.3176799648379,310.4270661345702,2.022819591417047,3.613030617789864,-1.5902110263728169,0.5643198336872033,0.0026112017404001787,0.005083798259599821,2.022892772503152,3.613041889841547,0.002611100082836656,0.005083899917163345
-616.12,1121.96,-616.6894937044823,1122.8108248455035,161.0939134868647,159.55546077173256,1.5384527151321379,0.009595856649895762,-0.0006980087788253005,0.008393008778825302,161.0941817609915,159.5559646132648,-0.0006979018999362812,0.008392901899936281
-614.79,-572.39,-614.540067067161,-572.3920351011952,46.2881364218313,46.24408768519788,0.04404873663341391,0.0009520734437867632,3.934047000889879e-05,0.007655659529991102,46.28821966251829,46.244098086286236,3.9405523952885696e-05,0.007655594476047115
-614.79,572.39,-614.5837933085078,572.9780315697149,47.26239481061224,48.19422970848504,-0.9318348978727968,0.01952373452481282,0.0008313229479846388,0.006863677052015362,47.262513855930735,48.194332143838224,0.0008313081296457285,0.006863691870354272
-614.64,-240.46,-614.1944559823218,-240.32196766224806,-8.383807322938274,-9.047989029092879,0.6641817061546043,0.07620347240658462,0.0014136354223223547,0.0062813645776776455,-8.383803662146544,-9.048079954812778,0.0014138367389832534,0.0062811632610167475
-613.98,-814.51,-614.731439254244,-815.0172057185401,93.7950891409093,94.91156824201789,-1.1164791011085953,0.011832959330555195,-0.0007000809639102002,0.0083950809639102,93.79533987845282,94.91177624341738,-0.0007000541664888398,0.00839505416648884
-613.98,814.51,-614.7813913004635,815.5798078155367,95.27196489226165,95.16096375162363,0.1110011406380238,0.0011657767533008847,-6.954887924410219e-05,0.0077645488792441025,95.27210310478247,95.16119819412539,-6.948858538328599e-05,0.007764488585383286
-613.31,-377.16,-613.770942063008,-377.58248892684514,11.811892988278323,11.309063305323129,0.5028296829551948,0.04349557834632896,0.0006816361441919083,0.007013363855808092,11.8119553832803,11.30908227002437,0.0006816950183271032,0.007013304981672897
-612.24,-148.53,-612.0300429049722,-148.52886205482426,-18.30853540868452,-18.854418680235888,0.545883271551368,0.029377819117674238,0.0018865401985095859,0.005808459801490414,-18.30843735876872,-18.85440346401826,0.0018868264668558386,0.005808173533144162
-612.24,148.53,-612.4604233611042,148.48197568081025,-17.82029757511321,-16.593912427822346,-1.2263851472908627,0.07127202089986963,0.004236673409619428,0.003458326590380573,-17.820373253650548,-16.593909218156444,0.0042369459370173185,0.003458054062982682
-612.16,-659.75,-612.714841277575,-660.4952203147367,63.12195658068999,63.4356832246343,-0.3137266439443138,0.004957845996921243,-0.0002435416237224077,0.007938541623722407,63.12197741774651,63.435763064162344,-0.00024358742651919238,0.007938587426519194
-611.98,-433.57,-611.4266134860412,-433.19835916774474,21.16601067941859,20.736582753760555,0.429427925658036,0.020496484368817517,0.0005093414432763492,0.007185658556723651,21.166032875852743,20.73671246422791,0.0005092139216375075,0.007185786078362493
-611.98,433.57,-612.2591576015631,434.3066831495374,22.114803064439606,23.521615480828686,-1.40681241638908,0.06165305960605194,0.001662088954592246,0.006032911045407754,22.114835957138055,23.521671584400412,0.0016621163772504838,0.006032883622749516
-610.59,-962.69,-612.0425827424893,-963.3875174923396,124.58748005344817,126.55380963895422,-1.9663295855060454,0.015659150177291865,-0.001047667646131299,0.0087426676461313,124.587783864823,126.55408870789377,-0.0010476544632706472,0.008742654463270648
-610.55,-779.31,-609.9559204852554,-779.3187816859535,86.62174804559947,87.44895434692558,-0.8272063013261004,0.009504256488386782,-0.0005467013076925564,0.008241701307692556,86.62196645972922,87.44913320412266,-0.0005466751644840478,0.008241675164484048
-610.55,779.31,-608.7514092526989,779.6427291350287,87.92970286135665,87.90113081383043,0.02857204752621101,0.0003249947341885696,-1.891279102422096e-05,0.007713912791024222,87.92989173714204,87.901337953353,-1.8900701647560208e-05,0.0077139007016475605
-609.62,-323.2,-609.835101494441,-323.3011360912033,3.256890128085381,2.602587507504051,0.6543026205813298,0.2233313825134211,0.00104257878491732,0.00665242121508268,3.2569095062071725,2.6025904579184207,0.0010426049611524507,0.0066523950388475495
-609.04,254.29,-608.8274241370697,254.69586283309377,-5.887801651642182,-4.319627831966276,-1.5681738196759056,0.3072612594961638,0.0031770787123946297,0.004517921287605371,-5.887670392834185,-4.31961965364982,0.003176829354571741,0.00451817064542826
-608.58,-534.54,-607.9725036865328,-534.1071176973161,39.221313208978216,38.94426325918954,0.27704994978867603,0.0070887969437928265,0.00026803755314534517,0.007426962446854655,39.22128650246651,38.94432100281958,0.00026795585015506294,0.0074270441498449375
-608.58,534.54,-606.8750695082264,534.5311364314733,40.09723094299454,41.16034081374444,-1.0631098707498978,0.026166419885953095,0.001029569617915016,0.006665430382084984,40.097328466150614,41.16041933317766,0.00102955121374418,0.00666544878625582
-608.1,928.61,-608.707536281068,927.7921723554141,118.77480856165758,118.13926750080498,0.6355410608526029,0.005365160833120291,-0.0003535363749144288,0.00804853637491443,118.77515859806326,118.13957130550136,-0.0003535620925146212,0.008048562092514621
-607.21,623.05,-605.6263086469771,623.0821765418519,56.841466470857526,57.511246384344005,-0.6697799134864795,0.011714281135325307,0.0005576117679082096,0.007137388232091791,56.841623319477804,57.51132259628976,0.0005575446354700239,0.0071374553645299765
-606.85,-743.86,-605.9562885465836,-743.6549896436007,79.53503466430044,80.19227492688297,-0.6572402625825333,0.008229528992439894,-0.0004582064940539562,0.008153206494053957,79.53515842349242,80.19261101650224,-0.00045835452390880193,0.008153354523908802
-606.85,743.86,-607.1214025010296,744.8181005217003,80.86640304438733,80.96996006193594,-0.10355701754861002,0.0012797744037361385,7.194550105816356e-05,0.007623054498941837,80.86658604630567,80.9701138013265,7.192517112521602e-05,0.007623074828874784
-605.44,-894.34,-605.257598492877,-893.7207038553194,110.06647312340216,111.54071689019197,-1.4742437667898116,0.013305017465357297,-0.0008562037067662906,0.008551203706766292,110.06666946746762,111.54094717360672,-0.0008562234178868835,0.008551223417886883
-605.41,-705.96,-604.4052319743388,-705.6466498877625,72.02773114658964,72.44995136303443,-0.422220216444785,0.005844781133122892,-0.00031100931563157324,0.008006009315631574,72.02790219229546,72.45031064826809,-0.00031114797371673697,0.008006147973716737
-605.39,133.79,-605.4152686433217,133.76125982289884,-19.137615354033485,-17.968841295702365,-1.1687740583311204,0.06299572440255842,0.004534158692620098,0.003160841307379902,-19.137538100879905,-17.968819025752794,0.004533945389997038,0.003161054610002962
-605.33,389.83,-603.7738990663602,389.69570773826587,14.524803992284706,16.045849559927017,-1.521045567642311,0.0995101766499373,0.0020309168393235393,0.005664083160676461,14.524784925574771,16.045900799430886,0.0020310107129566245,0.005663989287043376
-604.48,-177.49,-604.58930805014,-177.79040283899158,-15.572118009758675,-16.21490769149353,0.642789681734854,0.04044352483784176,0.0018786678050455171,0.0058163321949544836,-15.572071226896288,-16.21487517461994,0.0018787094999491935,0.005816290500050807
-604.48,177.49,-603.9530413772553,177.33304895178847,-15.114222841090355,-13.781680365741417,-1.3325424753489372,0.09223054671873958,0.003908751673526988,0.0037862483264730126,-15.114215597433219,-13.78165327268513,0.003908809897841476,0.0037861901021585247
-603.85,-1105.88,-603.5449978125326,-1106.141869664701,155.30538354916916,158.08600314292966,-2.780619593760491,0.017745347905763587,-0.0013084916784569954,0.009003491678456996,155.30554576816257,158.0864393965811,-0.0013086206324751824,0.009003620632475184
-603.85,1105.88,-602.2886553848384,1105.7514724399816,157.3139960996589,155.89603039252057,1.417965707138336,0.009054408142797695,-0.0006688879791581124,0.008363887979158113,157.31408735668356,155.89642766516826,-0.0006687436243470934,0.008363743624347095
-603.16,-143.52,-602.822992106887,-143.56461753600544,-18.774296922040463,-19.3470754332132,0.5727785111727357,0.03005025662953599,0.002079214821740781,0.00561578517825922,-18.774232184817517,-19.347046585395393,0.0020793451020876437,0.005615654897912357
-603.14,-267.99,-602.5888942718128,-267.7773622274927,-4.758200466518677,-5.520848083527483,0.7626476170088061,0.14838875666277135,0.0014848370914621334,0.006210162908537867,-4.758228754518605,-5.5208263753627485,0.0014847397514087901,0.0062102602485912105
-602.98,-1129.08,-604.8218957974656,-1129.6880209558576,160.4274741751354,163.32008488021145,-2.8926107050760663,0.017869544490258564,-0.001330006713284225,0.009025006713284225,160.42761129434325,163.3208181096,-0.001330280801512126,0.009025280801512126
-602.48,336.33,-602.9133319714786,336.3494064900995,5.933211556157694,7.478428517723746,-1.5452169615660516,0.23042923207807992,0.00239383265121917,0.0053011673487808305,5.9333035135235015,7.478465105290496,0.0023937468729523176,0.005301253127047683
-601.98,-1072.62,-603.1575132374916,-1072.865606897265,148.08936479571287,150.6643212517721,-2.574956456059226,0.017237989529943095,-0.001250096953369222,0.008945096953369222,148.0895995557708,150.66463928460783,-0.001250137380866775,0.008945137380866776
-601.98,1072.62,-600.2878577182398,1072.9726652771228,150.07351126679012,148.84761342990288,1.225897836887242,0.008202149233388082,-0.0005979376971272418,0.008292937697127242,150.07380259959723,148.84782544263192,-0.0005979763858853023,0.008292976385885303
-601.76,-496.27,-601.0684813810661,-495.9415893896458,32.31105781455328,31.9084511602067,0.40260665434658094,0.012538453213798827,0.0004243032288842359,0.007270696771115764,32.310986322698156,31.90859160286686,0.0004240798731642632,0.007270920126835737
-601.76,496.27,-600.3675812662655,496.20087842077373,33.06780763130364,34.262003518514646,-1.1941958872110092,0.03547302054817162,0.001259362281880615,0.006435637718119385,33.06798914261948,34.26207437413247,0.0012592455877822196,0.006435754412217781
-601.1,669.83,-601.8036641257435,669.352220725813,65.83747720621618,66.33401876235938,-0.4965415561431996,0.007513595159144675,0.00038725402235950863,0.007307745977640492,65.8377148606559,66.33417382853132,0.0003871896115594474,0.007307810388440553
-600.77,153.22,-600.9719774120108,153.1800826025021,-17.49716680093779,-16.272079253170087,-1.2250875477677035,0.07255640506778072,0.004180810441416925,0.0035141895585830757,-17.49726288935802,-16.272075576258874,0.004181150906831125,0.0035138490931688757
-600.0,-1039.23,-600.5428797160208,-1039.250687879364,140.8777456959976,143.2624586579398,-2.384712961942199,0.01678546664921587,-0.0012003879915649372,0.008895387991564937,140.87801126724764,143.26277276234597,-0.0012004124215985487,0.00889541242159855
-600.0,1039.23,-601.3822182984732,1038.4531519817172,142.5372912587565,141.4526752462082,1.0846160125483095,0.0076384107924414866,-0.0005456176276054385,0.008240617627605439,142.53759092287757,141.45301907543566,-0.0005455954102858532,0.008240595410285854
-598.22,-162.88,-598.072642165185,-162.8040253921666,-17.074679991581505,-17.70352846653158,0.6288484749500753,0.036163362221919,0.0020289755290246528,0.005666024470975348,-17.0747765918887,-17.703517234094928,0.0020286276073754658,0.005666372392624535
-597.89,-1005.7,-598.5015059559037,-1006.0478879850442,133.79003193895272,135.8781364288708,-2.0881044899180665,0.015486473635775372,-0.0010894773322514739,0.008784477332251475,133.79029351488543,135.8784181093305,-0.00108948782187331,0.00878448782187331
-597.89,1005.7,-599.2581210921597,1004.6979373732574,135.22623777616067,134.27052643024547,0.9557113459152049,0.007092562678661556,-0.0004986859994443931,0.008193685999444394,135.226482051819,134.2708577875892,-0.0004986405606019024,0.008193640560601904
-597.88,970.64,-599.0207942730575,969.6579761911644,127.70170718252422,126.86541306613188,0.8362941163923381,0.006570323108306074,-0.000452322760068019,0.00814732276006802,127.70193481466623,126.86569153839872,-0.0004522952623909054,0.008147295262390906
-597.09,-402.34,-597.3812783267678,-402.67922210237543,16.02916121627607,15.504220814205883,0.524940402070186,0.03329426583946808,0.0006855656406851996,0.007009434359314801,16.029179764812902,15.504266149028592,0.0006855306581287695,0.007009469341871231
-596.93,281.55,-596.1572169697857,281.3957904970139,-2.296932292553201,-0.7115556737683733,-1.585376618784828,1.0539358219359873,0.002968957080297956,0.004726042919702044,-2.2969390001687913,-0.7114780414133435,0.002969115024946538,0.004725884975053463
-596.43,-633.38,-596.7546218963437,-633.4035672531444,58.03131283628482,58.13724647311728,-0.10593363683246082,0.0018237918669597737,-8.804555975098928e-05,0.00778304555975099,58.03134885403561,58.13728365637357,-8.80465284478711e-05,0.0077830465284478715
-595.53,-936.72,-596.315320593022,-937.2326441646552,119.24574297201592,120.96154035007511,-1.715797378059193,0.014285972967426647,-0.0009644783832134139,0.008659478383213414,119.24583717972978,120.96169451729504,-0.0009645120874539125,0.008659512087453913
-595.52,172.49,-595.7000341087886,172.49496935708157,-15.692923332883698,-14.357970595195102,-1.334952737688596,0.08884612490287683,0.004081423908748287,0.003613576091251713,-15.692896529045749,-14.357975599836532,0.004081326658947171,0.0036136733410528296
-595.35,-206.05,-595.5696848047648,-206.1398939043889,-12.548890995108989,-13.224773879400768,0.675882884291779,0.05244755742597007,0.0017295243852973273,0.005965475614702673,-12.548859759243118,-13.22485549179407,0.0017298131539887883,0.005965186846011212
-595.35,206.05,-595.0211330350135,206.335497497961,-12.023306595110348,-10.563222372166976,-1.4600842229433724,0.12928805705902824,0.0037361253680409687,0.003958874631959031,-12.02337630777942,-10.563232258397322,0.0037362784544670053,0.003958721545532996
-595.05,-349.31,-594.6719731249649,-348.96695752465024,7.2570577057618735,6.623591957519295,0.6334657482425783,0.0912732132298247,0.000958983715122254,0.0067360162848777464,7.257110043994789,6.623602713548085,0.0009590466651029066,0.006735953334897094
-594.26,-457.56,-594.9199127545409,-458.04877164667505,25.56633323719563,25.035848599914825,0.5304846372808036,0.020966868147640174,0.0006115788467283062,0.007083421153271694,25.566312442219505,25.035937582296928,0.0006114522879075177,0.007083547712092483
-594.26,457.56,-594.6472213139646,457.42985128118244,26.106533546635585,27.46915592435141,-1.362622377715823,0.050867189621655845,0.0015737708361042886,0.006121229163895712,26.106615049520258,27.46922496441235,0.001573756442073454,0.006121243557926546
-593.97,-593.97,-594.8744595560669,-594.5867746883182,50.62487536704373,50.53520458135323,0.08967078569050102,0.0017728492452011352,7.96453232900975e-05,0.007615354676709903,50.62491501369866,50.53528017067066,7.961339912491209e-05,0.007615386600875088
-593.97,593.97,-592.7585961575279,594.0493166415325,51.21107212330102,52.122228248724284,-0.9111561254232612,0.01763528547221225,0.0008129097086411707,0.00688209029135883,51.21112335249879,52.122341655741806,0.0008129651820687561,0.006882034817931244
-593.96,715.62,-594.0118223210715,716.574948837158,75.13962566987976,75.42596070181568,-0.2863350319359199,0.003803459194573927,0.0002113331605992523,0.0074836668394007485,75.13966130833418,75.42613862848563,0.00021143817820083703,0.007483561821799163
-593.01,902.63,-591.2004388226765,902.7103093947404,113.39805474095495,112.99973665511884,0.3983180858361095,0.0035187453320979453,-0.00023447511029763452,0.007929475110297636,113.39806965201636,112.99997403168221,-0.00023434415309291523,0.007929344153092916
-592.67,-866.75,-591.5886256455572,-866.5142181364271,104.57376414302249,105.75414073700729,-1.1803765939848034,0.011224155868980729,-0.0007233940850329401,0.00841839408503294,104.57394496056725,105.75424368463734,-0.0007233463624366208,0.00841834636243662
-592.67,-182.07,-592.5657121470027,-182.01050446328134,-15.198489098047803,-15.86308529015998,0.6645961921121764,0.042792176842425846,0.0019358635818840294,0.005759136418115971,-15.198565504240841,-15.86305671173567,0.0019355577783001477,0.005759442221699853
-592.67,866.75,-593.732654032021,866.3113744876631,105.77945889449963,105.4680968756519,0.3113620188477313,0.0029478402030507713,-0.0001901737436025838,0.007885173743602585,105.77950205133438,105.46832743929636,-0.0001900592792414133,0.007885059279241415
-590.42,-294.97,-590.1285565696,-294.7365444664506,-0.9653966131518814,-1.733048194893641,0.7676515817417595,0.568958519702145,0.0013865431943064564,0.006308456805693544,-0.9653971541544948,-1.7330202677732522,0.001386491774778194,0.0063085082252218065
-589.89,-679.73,-589.5408373303826,-679.4106252587818,67.00658643733826,67.27137864182323,-0.2647922044849764,0.003943941276275259,-0.0002076867735508275,0.007902686773550828,67.00667724863737,67.27154716966764,-0.00020774772964496382,0.007902747729644964
-589.81,-832.18,-590.0024983951946,-832.3676138978917,97.57995432156964,98.56290005874996,-0.9829457371803159,0.010022753470023344,-0.0006287968992465241,0.008323796899246524,97.57998430383138,98.56313561591011,-0.0006289284068707982,0.008323928406870799
-589.81,832.18,-588.7551184221842,832.1696718508397,98.6424343703628,98.5785246559921,0.06390971437070903,0.0006481026629849081,-4.097983160828676e-05,0.007735979831608287,98.64251980571272,98.57862835643381,-4.0968119767708295e-05,0.007735968119767709
-589.75,1136.04,-588.6153135883461,1136.0214851456685,163.95363089137552,162.51772694635497,1.4359039450205557,0.008796507935830979,-0.000674616811508322,0.008369616811508322,163.9538087005602,162.51813273146414,-0.0006745097037927801,0.00836950970379278
-589.66,191.59,-589.6623880729603,191.58360905049724,-13.741092591738482,-12.30169077143112,-1.4394018203073617,0.1105413196611697,0.004002857623399019,0.003692142376600981,-13.74113394082229,-12.30167702469394,0.004003010840328405,0.003691989159671595
-588.59,414.68,-587.4216951319844,414.6258642144498,18.649883091085176,20.170079525945354,-1.5201964348601784,0.07832034512023255,0.0019608447532422067,0.005734155246757794,18.649928263032702,20.17014979208941,0.0019608771213115396,0.005734122878688461
-588.41,-556.66,-589.6692690983824,-557.230656789218,43.63336976796312,43.364373926752876,0.26899584121024134,0.006183972820126815,0.00025718873466076906,0.007437811265339231,43.633376974211885,43.364540819329925,0.0002570360574872911,0.007437963942512709
-588.41,556.66,-588.6852066937512,557.3062212818382,44.239349496093766,45.319693993863005,-1.0803444977692394,0.024125860564609317,0.001034511025333209,0.006660488974666792,44.23937226868849,45.319800552702915,0.0010345912569580226,0.006660408743041978
-587.34,362.12,-586.6537635120818,361.9337525689089,9.894300249778873,11.490788966961144,-1.5964887171822717,0.14930858609021444,0.0023621353529442836,0.005332864647055717,9.894291444359524,11.490831102632981,0.0023622107244462,0.0053327892755538
-586.74,-797.4,-586.2365280506496,-796.9851890768024,90.42773526085566,91.16515303102369,-0.7374177701680367,0.008121659136593106,-0.0004958386145253375,0.008190838614525337,90.42794029827273,91.16529953050113,-0.0004957992537015807,0.008190799253701581
-586.74,797.4,-584.2521660432657,797.3240102068944,91.4169875264952,91.50963750983519,-0.09264998333998165,0.0010129742821372314,6.24827369307333e-05,0.007632517263069267,91.41696427576353,91.50982747085827,6.262652599040304e-05,0.007632373474009598
-586.49,-201.07,-586.424605115033,-200.99432452833514,-13.146383657646846,-13.846066535937258,0.6996828782904121,0.05184285778226397,0.0018648982471397122,0.005830101752860289,-13.146355792981266,-13.846115341627456,0.0018651026003067457,0.005829897399693255
-585.47,643.53,-585.3279601059913,644.411091973991,60.85323819373433,61.58994918775445,-0.7367109940201217,0.012033515457659499,0.0006135991458331563,0.007081400854166844,60.85324375790367,61.59004496559092,0.0006136742838853122,0.007081325716114688
-585.07,-978.41,-585.5943440908696,-978.5896374795078,128.09865172180488,129.9066129262519,-1.8079612044470252,0.0140149171522779,-0.000991154811778448,0.008686154811778448,128.0986208279365,129.90675263894352,-0.000991248341170812,0.008686248341170813
-584.96,-133.51,-585.1295262720511,-133.66502219568082,-19.708701759742414,-20.26295224592998,0.5542504861875663,0.027732176712472918,0.002226312716502919,0.005468687283497082,-19.708699084468446,-20.262918365268526,0.0022261873707382944,0.005468812629261706
-584.96,133.51,-584.5589629430538,133.55511327467192,-19.382413117627188,-18.159427746334323,-1.2229853712928644,0.06515319138049384,0.004921327772509254,0.0027736722274907463,-19.38234031027146,-18.159414434405164,0.0049210883612276594,0.002773911638772341
-584.87,-234.15,-584.4458574799453,-234.07308362963053,-9.194975796134704,-9.951243298357884,0.7562675022231797,0.07899914844709159,0.001736718978148132,0.005958281021851869,-9.194974496635943,-9.951335471527116,0.0017369336320317973,0.005958066367968203
-584.87,234.15,-585.0692086022754,234.24333090791285,-8.72787211284556,-7.115950086114889,-1.6119220267306709,0.2034764094785705,0.0036950423912999165,0.0039999576087000836,-8.727840865272714,-7.115945635363872,0.0036949809643878418,0.004000019035612159
-583.6,308.24,-583.0342658233737,308.052263145378,1.5064124789189712,3.1503804593821343,-1.643967980463163,0.7060515690710167,0.002875575295240982,0.004819424704759019,1.506455615805823,3.150395600396152,0.0028755263257712305,0.0048194736742287695
-583.42,-762.38,-583.4219097633687,-762.180372756935,83.4588780825884,83.98489866364739,-0.5260205810589866,0.006282951702124837,-0.00037163115401279723,0.008066631154012798,83.45911149569297,83.98514707798785,-0.0003716417523178974,0.008066641752317898
-583.42,762.38,-581.9348376372049,762.4572563407197,84.28929733531012,84.5485738254691,-0.2592764901589817,0.0030713072650872327,0.0001835790645892916,0.0075114209354107085,84.28955271222328,84.5487751854258,0.00018354081822790963,0.007511459181772091
-583.18,210.49,-583.4391160714814,210.50540179973686,-11.637355385623344,-10.12123554676485,-1.5161198388584936,0.1393582740325075,0.0038781501174878002,0.0038168498825122002,-11.63722414286248,-10.121208254988474,0.0038778842166583482,0.0038171157833416522
-582.84,944.67,-581.2155614439162,944.7907618307224,122.24737551510131,121.74157923053629,0.5057962845650223,0.00414605886641322,-0.0002893694213623622,0.007984369421362363,122.24738376687912,121.74185083927836,-0.00028921875309000924,0.00798421875309001
-582.35,-725.1,-582.8586442387951,-725.975315734051,76.23975641880514,76.59468174675723,-0.3549253279520883,0.004644572678935164,-0.00026351283230697067,0.00795851283230697,76.23978935792995,76.5950245815052,-0.0002637429130223986,0.007958742913022399
-582.31,-518.95,-582.1213790108999,-518.9634620261721,36.6095740744486,36.163061313424805,0.4465127610237971,0.012271446777869543,0.0004643371338154374,0.007230662866184563,36.60968554160084,36.163164844118015,0.00046434538709050425,0.007230654612909496
-582.31,518.95,-582.6034576549845,518.7463402151692,37.07054227824863,38.31712375820221,-1.2465814799535764,0.033071231555327346,0.001295813319248244,0.0063991866807517565,37.070593393881936,38.31720121680783,0.0012958407025961828,0.0063991592974038175
-580.46,-910.75,-581.2021598864404,-911.1627190749813,113.94118538291391,115.31382084578684,-1.3726354628729212,0.01197474799310253,-0.0008142952963089517,0.008509295296308951,113.94132648760578,115.31404037461324,-0.0008143418202445505,0.008509341820244551
-579.84,-426.83,-579.6656971987995,-426.507295345805,20.156436917996,19.6023283342477,0.5541085837482989,0.027873530791655,0.0007041102807947253,0.006990889719205275,20.15651383756232,19.602434261961378,0.0007040734199061187,0.0069909265800938815
-579.71,-219.86,-579.3644312598326,-219.80649839802186,-10.97124194783609,-11.684457521087193,0.7132155732511034,0.06296124948421195,0.0017594556865595978,0.005935544313440403,-10.971169155555057,-11.684500917995233,0.0017597423176107124,0.0059352576823892885
-579.36,-374.76,-579.7245928364882,-375.02266387937857,11.507130524397098,10.889238198036328,0.6178923263607707,0.05517790263399763,0.0008928601412959179,0.006802139858704082,11.507199988709267,10.889268863623343,0.0008929162058135446,0.006802083794186456
-578.51,689.44,-578.4609663701616,690.3270253983966,69.85392088365303,70.4007504290521,-0.5468295453990635,0.00779766606389713,0.000430202480109932,0.007264797519890068,69.85403216185404,70.40091258687238,0.0004302425081928797,0.00726475749180712
-577.57,-162.5,-577.7706891599536,-162.60907839404584,-17.203548270906882,-17.82784421131708,0.624295940410196,0.0356420853511309,0.0020875653958890216,0.005607434604110979,-17.20353566011749,-17.827838105165664,0.0020875871465625105,0.00560741285343749
-577.57,162.5,-577.6029871943907,162.50646956825017,-16.803534588704213,-15.498169719208907,-1.3053648694953068,0.08082328146230505,0.004368996605390302,0.0033260033946096983,-16.80361456534947,-15.498151873155729,0.004369324013494638,0.003325675986505363
-577.37,-1119.93,-576.5299447400313,-1119.9524369572875,158.52989239540727,161.15502034500713,-2.6251279495998574,0.016423220771331633,-0.0012772587901912693,0.00897225879019127,158.53024619863206,161.15573581650813,-0.001277434760274936,0.008972434760274936
-577.37,1119.93,-577.1496707648453,1120.4487168924086,160.4780389194867,159.21303773753112,1.2650011819555687,0.007913897348550218,-0.0006145544505407211,0.008309554450540721,160.4780294817924,159.21346218557662,-0.0006143436630598704,0.008309343663059871
-576.48,-321.35,-576.2208386678991,-321.1182542753192,2.979671139725756,2.255994611826857,0.723676527898899,0.2764410725357309,0.0012286845718897698,0.006466315428110231,2.979593359896274,2.2560157724622485,0.00122851658713686,0.006466483412863141
-576.44,-1142.85,-576.583540469828,-1142.5176671426202,163.47000591109753,166.21200107309392,-2.7419951619963854,0.016634181447020047,-0.0013076496197764191,0.00900264961977642,163.47050382895853,166.21247898218,-0.001307640077649108,0.009002640077649109
-576.09,229.17,-575.7219622992066,229.44959710266642,-9.32597547952341,-7.764584977290525,-1.5613905022328858,0.18271963709772499,0.0037133108755068502,0.00398168912449315,-9.325996498283164,-7.764567775646089,0.0037134017715654203,0.00398159822843458
-575.69,-1086.96,-576.351263937092,-1087.6352438640479,151.50211460131274,153.97141363574747,-2.4692990344347265,0.01616702467598729,-0.0012375223105241242,0.008932522310524126,151.50216618165715,153.97166542244557,-0.0012376226466219206,0.00893262264662192
-575.69,1086.96,-573.8356005326162,1087.0190016046752,153.08920010867095,151.98971891261428,1.0994811960566722,0.007207847724017678,-0.0005537491274132136,0.008248749127413213,153.08928245332726,151.99003195450027,-0.0005536329377138433,0.008248632937713843
-575.6,-480.82,-575.3868025629127,-480.74643765720083,29.69919147362458,29.19240409800976,0.5067873756148202,0.0172108556644004,0.0005755720407543631,0.007119427959245637,29.699360285736425,29.192484894265167,0.0005756720027276605,0.00711932799727234
-575.6,480.82,-576.1553154044256,480.57280454040824,30.188381339663934,31.535951226040503,-1.3475698863765686,0.04366413796186795,0.0015289821194963253,0.006166017880503675,30.188331848060287,31.53606052264133,0.0015291622840487398,0.0061658377159512605
-574.33,-653.48,-575.1693379556367,-654.2285131851083,62.202827887331026,62.28959062953709,-0.08676274220606217,0.0013938638712253188,-7.243658184448653e-05,0.007767436581844487,62.20300175053705,62.28963451855498,-7.23280688390589e-05,0.007767328068839059
-573.9,-1053.87,-573.0319688693922,-1053.1084224089589,144.0984818666345,146.35713267130768,-2.258650804673181,0.015552467858238859,-0.0011758367448303445,0.008870836744830345,144.09845904816365,146.35738868551704,-0.0011759819030417735,0.008870981903041773
-573.9,1053.87,-571.7214028951453,1053.911565377942,145.80918902226412,144.91142342038108,0.8977656018830373,0.006176140001494754,-0.0004680844489106511,0.008163084448910651,145.8092754487954,144.91177512222413,-0.0004679461374762911,0.008162946137476292
-573.07,-261.71,-573.3897706863158,-262.06860465252686,-5.532538390854281,-6.334563383981163,0.8020249931268815,0.13516779553160996,0.001676767461562568,0.006018232538437433,-5.532571601048257,-6.334513455934335,0.0016765936471575481,0.006018406352842452
-573.07,261.71,-572.5287403128709,261.57832818602475,-5.127071488363001,-3.5094282246293993,-1.6176432637336013,0.3746062218470486,0.003393388422882295,0.0043016115771177055,-5.127008678005804,-3.509397161395409,0.0033933218258007493,0.004301678174199251
-572.39,-614.79,-571.9446761180383,-614.6272066886719,54.628610407965546,54.52180352911557,0.10680687884997297,0.00195705861292548,9.545161800118604e-05,0.007599548381998815,54.62852188428086,54.521955458114704,9.523672924148826e-05,0.007599763270758512
-572.39,614.79,-570.6433071447073,614.8788240488899,55.14912996841743,56.07086521489208,-0.921735246474654,0.016574991663243235,0.000825280917165921,0.00686971908283408,55.14918957485483,56.070982636832866,0.0008253326826070714,0.006869667317392929
-572.33,-238.42,-572.0992818147973,-238.3206203953754,-8.65674951295528,-9.432098678588165,0.7753491656328855,0.08572675909739372,0.0017865458779440606,0.00590845412205594,-8.656759750487918,-9.432184550085282,0.0017867201523915743,0.005908279847608426
-572.16,986.02,-572.4213614604237,986.6567190069914,131.19430161871688,130.58043058864178,0.6138710300751029,0.0046900709239487606,-0.000341464139787751,0.008036464139787751,131.1942142105399,130.5807348465027,-0.00034124627658821394,0.008036246276588214
-572.01,-1020.64,-572.4464538646474,-1021.0662528859251,137.24871616030978,139.23107179877476,-1.9823556384649805,0.014339967873227274,-0.0010654734963114773,0.008760473496311478,137.24869997319328,139.23140250701155,-0.0010656599450988445,0.008760659945098845
-572.01,1020.64,-570.4284687357937,1020.8907041695879,138.59770938486858,137.88181120045795,0.7158981844106336,0.005178670614698889,-0.00038620749024457753,0.008081207490244578,138.59769777932178,137.88217943055085,-0.00038600257930568907,0.008081002579305689
-571.11,387.22,-570.2033916431823,387.7566175485038,14.152752452284155,15.739360841140279,-1.5866083888561242,0.10615565204653102,0.0022543980719829616,0.005440601928017039,14.152767626701241,15.739411506755467,0.002254448501117923,0.005440551498882078
-570.83,438.8,-571.2009122206035,438.6563843458295,22.806656857061423,24.287621847526353,-1.4809649904649298,0.06289362662308527,0.001856869222197554,0.005838130777802446,22.806671281918998,24.287666194075133,0.0018569067387275407,0.005838093261272459
-570.6,734.38,-571.4364695353459,733.9988334773162,78.56072759133973,78.93795623175268,-0.3772286404129517,0.004790244988163419,0.00028254732980824903,0.007412452670191751,78.56070566843461,78.9381315369996,0.0002826950553034892,0.007412304944696511
-570.05,-952.44,-571.0705361415127,-953.1533456521098,122.85127949692111,124.37849801979647,-1.5272185228753585,0.01235464868524657,-0.000881451710984183,0.008576451710984184,122.85135199257483,124.37873450940373,-0.0008815463619779796,0.00857654636197798
-569.07,334.3,-567.9263250636267,334.1421050544666,5.517947373942526,7.12219089804065,-1.6042435240981234,0.2538332239060903,0.0026558097641442226,0.005039190235855778,5.518031026949593,7.122230870170387,0.0026557374508708476,0.005039262549129153
-568.76,-191.09,-568.7613517144764,-191.41539735259803,-14.226595476074593,-14.945659469228744,0.7190639931541511,0.04929779987884816,0.002074963530256181,0.0056200364697438195,-14.226611528625874,-14.945647682990579,0.002074883197388206,0.005620116802611794
-568.76,191.09,-568.150061595211,190.90543605978652,-13.879190842819211,-12.454566683074372,-1.4246241597448392,0.10819756036289375,0.004126376244389822,0.0035686237556101785,-13.8791562832088,-12.454549642179998,0.004126325502014584,0.0035686744979854168
-568.41,247.61,-567.6455160777726,247.94067457745317,-6.957527760229304,-5.350416291321473,-1.6071114689078314,0.26115027208063046,0.0035873263120319264,0.004107673687968074,-6.957474395812394,-5.350407099814554,0.0035872277111287806,0.0041077722888712195
-567.8,918.7,-569.1634957514484,917.9843418614815,116.51456171476445,116.29021787101544,0.22434384374901128,0.001927313040120372,-0.00013489371569190998,0.007829893715691911,116.51476525072738,116.29049051060137,-0.00013485216498867176,0.007829852164988672
-567.67,-883.32,-566.9060117238546,-882.7916089669883,108.17747766314733,109.27791398812177,-1.1004363249744387,0.010121030493823732,-0.0006907891881009851,0.008385789188100986,108.17759659559323,109.27803138309591,-0.0006907882229666606,0.00838578822296666
-567.67,883.32,-567.4644921328531,882.5905806161958,109.06898884694476,108.96087628757388,0.10811255937088049,0.000991722480809479,-6.781535530145055e-05,0.007762815355301451,109.0690957799569,108.96101436219139,-6.779582122469263e-05,0.007762795821224693
-567.44,-578.02,-567.587477276154,-577.9688724460885,47.71458474401462,47.46536675389516,0.24921799011946177,0.005236774892135447,0.00023866679854105713,0.007456333201458943,47.71468783157559,47.465409215615765,0.0002387248576531668,0.007456275142346834
-567.44,578.02,-567.7826991881681,577.8292937547172,48.09649488972828,49.17834207081699,-1.0818471810887118,0.02224310448399949,0.0010359387543131553,0.006659061245686845,48.096651857388,49.178451969328094,0.0010358936825543758,0.006659106317445625
-566.97,-698.96,-566.4562852046131,-698.771376536841,71.00609171198496,71.21976630743377,-0.21367459544880774,0.0030047221851828626,-0.0001695903967790731,0.007864590396779074,71.00620629152223,71.22004322873121,-0.00016971924505635103,0.007864719245056351
-565.12,-849.14,-564.1651739674712,-848.4534363847218,101.13337661074817,102.03103872479548,-0.8976621140473071,0.008836804541432517,-0.0005891535274328208,0.008284153527432822,101.13360363970098,102.03119522487751,-0.0005891072379299497,0.00828410723792995
-565.12,849.14,-563.4528128851013,849.2510775223714,102.09887435372178,102.15359430045163,-0.054719946729846924,0.0005358069558757213,3.592542219998394e-05,0.007659074577800016,102.09901690688537,102.15383549784788,3.599018534245512e-05,0.007659009814657545
-564.49,133.22,-564.1525521285897,133.13422677593482,-19.47885041915647,-18.292450011487915,-1.186400407668554,0.06282020444845529,0.0049624355855169885,0.002732564414483012,-19.478837708037325,-18.29244130631163,0.004962418829594393,0.0027325811704056076
-564.35,-256.73,-564.4366618705176,-256.8362505376026,-6.198128648106742,-7.0258083500070185,0.8276797019002764,0.1251790146940862,0.0017936621405176718,0.005901337859482329,-6.198154395175337,-7.025769050128574,0.0017935211774784759,0.005901478822521525
-563.06,1149.51,-561.2607957181882,1149.6784027305837,166.94534158466848,165.68976361668297,1.2555779679855164,0.007549281169379203,-0.0006112973012051982,0.008306297301205199,166.94551950335415,165.6900839542582,-0.0006112279623946642,0.008306227962394665
-563.03,663.25,-562.9364203889155,664.2504023082037,64.73939956706941,65.49882597807881,-0.7594264110094002,0.011662112376464135,0.0006380348430438404,0.00705696515695616,64.7394796627549,65.4989762429378,0.000638093795928478,0.007056906204071523
-562.58,-399.5,-563.0469190137572,-399.8529988373228,15.753786640615758,15.123547388964507,0.6302392516512505,0.040822128688149426,0.0008794484273119969,0.006815551572688003,15.753798637451595,15.12357514922374,0.0008794264307164539,0.006815573569283547
-562.38,-814.75,-561.7779879507019,-814.6807549196528,94.26302400664676,94.97310390528779,-0.7100798986410268,0.007504696978068364,-0.0004874217625407427,0.008182421762540743,94.26314094497148,94.97330507252306,-0.00048747957998370475,0.008182479579983705
-562.38,814.75,-562.2687300117615,815.7229653795645,95.15806131770952,95.37282015894098,-0.2147588412314576,0.002254320554936143,0.0001471005525248906,0.00754789944747511,95.1581975721339,95.37305036488327,0.0001471649052663938,0.0075478350947336065
-562.12,-142.89,-562.2952880784666,-142.88732792724667,-19.010902353645882,-19.61026507594701,0.5993627223011266,0.031038042720680368,0.0023435889517701277,0.005351411048229873,-19.01089672225755,-19.61023334552246,0.0023434869010241417,0.005351513098975859
-562.01,-540.88,-563.0417672070612,-541.4903888223618,40.920350684190396,40.493155559782025,0.42719512440837093,0.010494453417303816,0.00044019468551510685,0.0072548053144848934,40.920378770670794,40.493251304770446,0.0004401249681565514,0.007254875031843449
-562.01,540.88,-562.1561215835094,541.6701088215877,41.353833110301736,42.56048657206131,-1.206653461759572,0.028759178798733305,0.0012449176412046635,0.0064500823587953365,41.353868496121144,42.56058166212998,0.001244979238734952,0.006450020761265048
-561.58,-450.58,-561.8053467885358,-450.57893589799227,24.484051796235526,23.84267495547617,0.6413768407593565,0.026543359497718907,0.0007959877673764221,0.006899012232623578,24.48408638390384,23.842768255056438,0.0007959149023137241,0.006899085097686277
-561.37,-347.07,-561.3407562015808,-347.1413881393941,7.140126251774859,6.405418416751861,0.7347078350229985,0.10847962972358038,0.0011844904752147311,0.006510509524785269,7.1401374404490525,6.405413106801962,0.0011845170741730643,0.006510482925826936
-560.14,265.79,-559.6164807029785,266.21446997581967,-4.481292854661817,-2.858446267950743,-1.6228465867110735,0.4422082473507385,0.0034221984121458357,0.004272801587854164,-4.481186629336836,-2.8584237453276593,0.003422021903006975,0.004272978096993025
-559.97,-288.68,-560.1737753591833,-288.72183944312013,-1.7291008680411828,-2.5538254368047717,0.8247245687635889,0.38512199840116185,0.001601977440256829,0.006093022559743172,-1.7291347926086331,-2.5537932734618067,0.0016018490685002825,0.006093150931499718
-559.97,288.68,-559.3280571531111,289.1388880128748,-1.239139480247907,0.3817769213256952,-1.6209164015736022,2.0,0.0031487441813115255,0.004546255818688475,-1.2390731957609127,0.3818102770158376,0.0031486802148062913,0.004546319785193709
-559.59,152.52,-559.5896918216167,152.50850078280965,-17.784986226690055,-16.5489666473189,-1.2360195793711561,0.07199984131782458,0.004550000720480312,0.0031449992795196885,-17.78488571557761,-16.548951479261742,0.0045496865580110955,0.003145313441988905
-559.43,-780.15,-559.2262640753753,-780.308640776106,87.31831395985373,87.80279028906548,-0.4844763292117591,0.00553304333352214,-0.00034879356157359667,0.008043793561573597,87.3184236640059,87.80297769060144,-0.00034884949897564735,0.008043849498975648
-559.43,780.15,-560.3579097830753,779.5177052091543,87.76192476669858,88.06887901228099,-0.3069542455824035,0.0034914729272152666,0.00022076591767537706,0.007474234082324623,87.76199215941516,88.06907040990586,0.00022085510379275867,0.0074741448962072415
-559.15,-993.45,-558.1249996624501,-992.9123861612269,131.40032929110453,133.12327664798593,-1.7229473568814058,0.013026794722268635,-0.0009767411312012581,0.008671741131201258,131.40063244080875,133.12345427758515,-0.0009766699736880248,0.008671669973688026
-558.69,-743.48,-558.1981301020437,-743.4965588287354,79.94172534079732,80.31914177550676,-0.3774164347094455,0.004710026115552561,-0.000285695460830032,0.007980695460830033,79.94189089482404,80.31945794693237,-0.00028580947469701486,0.007980809474697015
-558.52,-219.2,-558.7079621627294,-219.36606664367756,-10.998131482323739,-11.730531015673396,0.7323995333496569,0.06444721799306902,0.0018773429794054575,0.005817657020594543,-10.998203557345343,-11.730575045493982,0.0018772710917828684,0.005817728908217132
-558.52,219.2,-558.8956296869616,219.29395550994036,-10.576883719580145,-9.07474923449902,-1.5021344850811253,0.15287630179041395,0.0038503597994905088,0.0038446402005094917,-10.576949377133902,-9.07475495149492,0.003850513442667348,0.0038444865573326525
-557.16,960.04,-557.1463982004753,960.8092293604806,125.62910439522241,125.24484688011458,0.38425751510783357,0.0030633512419637908,-0.00022550997105159467,0.007920509971051596,125.62925718086552,125.24514009086444,-0.00022542755949030307,0.007920427559490304
-556.89,-162.1,-557.0049378798138,-162.22161386853136,-17.25934404594397,-17.896789760844023,0.6374457149000534,0.03626369830103301,0.0022162835132426583,0.0054787164867573426,-17.259271892429773,-17.89679625114478,0.0022165569435700257,0.005478443056429975
-556.03,-503.32,-556.022585096771,-503.367077404157,33.96128032104497,33.44037862906376,0.5209016919812086,0.015456643058794278,0.0005846936819850717,0.007110306318014929,33.96130400673544,33.440516098950866,0.000584565963258282,0.007110434036741719
-556.03,503.32,-554.9541520321512,503.22510685024054,34.324937000748506,35.65418421475483,-1.3292472140063225,0.03798982299057045,0.0014953271740302965,0.006199672825969704,34.3249011153371,35.65427130625534,0.0014954655160303635,0.0061995344839696365
-555.78,-274.78,-555.6274193573771,-274.6066735421161,-3.731542615744118,-4.5511436592138494,0.8196010434697314,0.19790705968128453,0.001687553766649039,0.0060074462333509614,-3.7314798020545688,-4.551114913259266,0.0016876239119165692,0.006007376088083431
-555.27,708.29,-553.0940362973782,708.1501162356427,73.43412892374315,73.99081720735639,-0.5566882836132407,0.007552158548773672,0.0004465166390922406,0.00724848336090776,73.4341870323964,73.99099860782695,0.0004466155307871381,0.007248384469212862
-555.03,-926.47,-554.280231103022,-925.856525976635,117.29226912757505,118.6449741947972,-1.3527050672221463,0.011466651455055625,-0.0008280945151881399,0.00852309451518814,117.2924156249046,118.64507423019955,-0.0008280660722791792,0.00852306607227918
-554.02,171.64,-554.0239656292246,171.6208892575224,-15.929044159012907,-14.597622397067678,-1.3314217619452293,0.08723007862645418,0.004399130285696456,0.003295869714303544,-15.929018569843237,-14.59760897954827,0.0043990900695329346,0.003295909930467066
-553.8,411.6,-554.3039591465223,411.50628168014526,18.171126936368303,19.754500405023975,-1.5833734686556724,0.08349886763389505,0.002180764588919571,0.005514235411080429,18.171175146931574,19.754548731927443,0.0021807647491537707,0.00551423525084623
-553.39,359.67,-553.970649256285,359.7576227150234,9.605182297750375,11.22515339609295,-1.6199710983425746,0.15553960552074808,0.002553644154613484,0.005141355845386516,9.605215063640017,11.225191104289717,0.0025536519454276,0.005141348054572401
-552.09,462.17,-552.2410514434765,462.9374420496319,27.098012506203872,28.574395169599427,-1.4763826633955546,0.05303821857294056,0.0018142528525751554,0.005880747147424845,27.098126694394377,28.574458862799755,0.0018141908018059069,0.005880809198194094
-551.56,-672.82,-551.5689363690394,-672.7195144524286,66.05472087258761,66.12128302906028,-0.06656215647267061,0.0010071745930857385,-5.6356424416217645e-05,0.007751356424416218,66.05472643309052,66.12143194205929,-5.647779719827917e-05,0.007751477797198279
-551.29,283.7,-550.7316914379845,283.55791738425205,-2.0284762956434577,-0.40394940914197974,-1.624526886501478,1.3357258010433468,0.003268096936364169,0.004426903063635831,-2.0284580063439996,-0.4038811359945811,0.003268197489984845,0.004426802510015156
-550.99,-181.12,-551.1051429371261,-181.29909094082473,-15.309830323220915,-16.002350451631848,0.6925201284109335,0.04423327352319745,0.002177470014770085,0.005517529985229915,-15.309744108717869,-16.00232779117297,0.0021776698458216533,0.005517330154178347
-550.58,-147.53,-550.7086747087004,-147.72689119728128,-18.596435464929986,-19.211754544712704,0.6153190797827186,0.03254951266515463,0.0023761222362789123,0.005318877763721088,-18.596434406536197,-19.21174371814466,0.0023760845154007235,0.005318915484599277
-550.58,147.53,-550.1017215394567,147.64184766003598,-18.237615062209073,-17.01737993848168,-1.2202351237273916,0.06922338940643635,0.004719988264546048,0.0029750117354539526,-18.237678587050876,-17.017375019015674,0.004720253013792614,0.002974746986207386
-550.55,-1133.36,-552.2124191365241,-1134.1531595463393,161.9852723204533,164.41755745879615,-2.4322851383428485,0.014903578746470029,-0.0012200748708472416,0.008915074870847242,161.98567498282858,164.41807980295286,-0.001220134905228785,0.008915134905228786
-550.55,1133.36,-549.7706365394364,1133.8600868984304,163.43147086628443,162.3315400493898,1.0999308168946413,0.00675295094923693,-0.0005543374687207326,0.008249337468720733,163.4318259979284,162.33196230015227,-0.0005543036423730322,0.008249303642373033
-550.08,-634.83,-550.041537279304,-634.7360185051143,58.719501272764134,58.638586893531546,0.08091437923258837,0.001378931448132202,7.280931560651698e-05,0.007622190684393484,58.71953836745851,58.63864143502896,7.279361642176688e-05,0.007622206383578234
-550.08,634.83,-551.0544861082544,634.7918400113099,59.046233606107215,59.949388444514625,-0.90315483840741,0.015179631365315263,0.0008111220502943914,0.006883877949705609,59.046381835897876,59.94948165019483,0.0008110726332206103,0.0068839273667793905
-549.59,-1156.01,-549.5932295439924,-1155.6718648202086,166.78079734669564,169.2485963919035,-2.467799045207869,0.014687995105140095,-0.0012206291865354286,0.008915629186535429,166.78116183693322,169.2490187169303,-0.0012206577929293875,0.008915657792929388
-549.05,-1100.66,-550.536721906516,-1101.161430290327,154.8090460791756,157.0740000949895,-2.264954015813885,0.01452438049196855,-0.0011737401969383365,0.008868740196938337,154.80902576905248,157.0743527604142,-0.0011739334796230668,0.008868933479623068
-549.05,1100.66,-547.4131822460929,1100.8695443824067,156.13000548339207,155.19895640791154,0.9310490754805301,0.005981127292651903,-0.00048536822034357473,0.008180368220343575,156.13027887621374,155.19942035508757,-0.0004852688818336176,0.008180268881833618
-547.8,190.55,-548.0722233988605,190.57815304424062,-13.911435358945017,-12.491941855693032,-1.419493503251985,0.10752363167125582,0.0042694543642581686,0.003425545635741832,-13.911489212001456,-12.491926698767532,0.004269661927708013,0.0034253380722919875
-547.45,-1067.85,-548.5271557637392,-1068.3526639489066,147.73666976689944,149.79895557031173,-2.062285803412294,0.013862446226901456,-0.0011055692596588303,0.00880056925965883,147.73698802661448,149.79926560579744,-0.0011055648507378554,0.008800564850737855
-547.45,1067.85,-548.0611612932194,1067.22257083656,148.72987675290472,147.97262975926117,0.7572469936435482,0.005104419255133582,-0.00040672737356634405,0.008101727373566344,148.73001063960862,147.97287518638694,-0.000406667463730829,0.00810166746373083
-546.9,-246.77,-546.4480089551744,-246.74372431551092,-7.420677244644661,-8.28465535272203,0.8639781080773687,0.11002353534648883,0.00201306430159015,0.00568193569840985,-7.4207316169233195,-8.284666825170671,0.0020129643452190976,0.005682035654780903
-546.9,246.77,-546.3080771855776,246.64317165809484,-7.086998229987319,-5.485711328573071,-1.6012869014142481,0.25472423330164,0.0037334669032718323,0.003961533096728169,-7.086957821598823,-5.485691851609882,0.0037334181007845605,0.00396158189921544
-546.64,-292.54,-546.0283855578223,-292.2997249029124,-1.0681519530773862,-1.957936039503572,0.8897840864261859,0.5880754879617937,0.001751422319877768,0.005943577680122232,-1.068039370479454,-1.957909951057104,0.0017515925721779883,0.005943407427822012
-546.64,752.39,-547.1892870957037,751.6376740489528,82.17428659182433,82.61858251595527,-0.444295924130941,0.005392174146083442,0.00033937205304622307,0.0073556279469537775,82.17452781128912,82.61872075182401,0.0003392933898118253,0.007355706610188175
-546.04,1000.72,-544.1630852126832,1000.8446934296203,134.30238632297838,133.81678644343128,0.48559987954709527,0.0036222689674651415,-0.0002801126197606798,0.00797511261976068,134.30244753797356,133.8170023982489,-0.0002800233599011429,0.007975023359901143
-545.76,-1034.91,-547.0158929403982,-1035.4530153774976,140.6817924803779,142.54400675603597,-1.8622142756580615,0.013150032805476428,-0.0010328783698118392,0.008727878369811839,140.6820400992622,142.5443884835761,-0.0010329527532658004,0.008727952753265801
-545.76,1034.91,-544.3439546366614,1035.2165301357509,141.7674723357625,141.16223317934552,0.6052391564169852,0.004278371232282404,-0.00033742113951494617,0.008032421139514946,141.76768060755668,141.1626028195763,-0.00033733117652893536,0.008032331176528936
-545.69,-598.6,-546.7239700024121,-599.2437283307538,51.98282457286723,51.69517512034663,0.28764945252059704,0.005548900506795268,0.00027583019851464024,0.0074191698014853605,51.98280945803831,51.69529991969908,0.00027569603327954755,0.007419303966720453
-545.69,598.6,-545.7928451765309,598.095193644804,52.050605342159656,53.10969861908997,-1.0590932769303123,0.02014245370231292,0.0010192622348940102,0.00667573776510599,52.050698492729936,53.10976451784852,0.001019236007985452,0.006675763992014548
-545.6,-315.0,-545.2036782406163,-314.8471256988629,2.3071286105094337,1.4444607400961438,0.86266787041329,0.45989461521103797,0.001578828603681423,0.006116171396318577,2.307129789236143,1.4444817675112631,0.0015787922772131698,0.006116207722786831
-545.6,315.0,-545.9663415769813,315.06093177327216,2.6501321904098347,4.288183268026277,-1.638051077616442,0.47217544011342977,0.0029916920668390102,0.00470330793316099,2.6502315429175916,4.288198548621853,0.002991538520178499,0.004703461479821501
-545.12,-372.08,-545.1188531499588,-372.06743277174155,11.353373372300013,10.586267726283996,0.7671056460160166,0.069928732431774,0.0011882072328873972,0.006506792767112603,11.353421950817388,10.586298763091719,0.0011882344040943815,0.006506765595905619
-544.75,-423.5,-544.8214564755885,-423.4654779568594,19.996182973443815,19.270288057847676,0.7258949155961396,0.03697276055277151,0.0009884425058440697,0.006706557494155931,19.996300236293738,19.270376987402827,0.0009884810869558549,0.006706518913044145
-544.45,-199.93,-544.8647072584308,-200.0413809302781,-13.162184541764201,-13.943943546880616,0.7817590051164149,0.05768134811138195,0.0022532752337261785,0.005441724766273822,-13.16207819112871,-13.943963002507715,0.002253637846927799,0.0054413621530722016
-544.16,-967.46,-543.4894359648964,-966.8386153838932,126.1615522425702,127.49177641346475,-1.330224170894553,0.01048852130537893,-0.0007952974921189332,0.008490297492118933,126.16179986580333,127.49203310869288,-0.0007953029159678048,0.008490302915967805
-543.42,-717.42,-543.5157806295406,-717.3031908275074,74.98666624364574,75.0797212711555,-0.09305502750976302,0.00124018481487848,-7.498506870619437e-05,0.0077699850687061945,74.98680805280226,75.08010312963984,-7.51785038791318e-05,0.007770178503879132
-542.6,-138.49,-542.573378747889,-138.45338358079871,-19.320770263354927,-19.970362438464406,0.6495921751094791,0.03306558658103539,0.0027166181782995093,0.004978381821700491,-19.32068337781371,-19.97031985638756,0.0027168034570040304,0.00497819654299597
-542.6,138.49,-542.6172405016559,138.51283344088836,-19.025190408489998,-17.84617961306962,-1.1790107954203783,0.06395264373040553,0.004928151525395203,0.002766848474604798,-19.025118291474737,-17.846176563577245,0.0049278628298042955,0.002767137170195705
-542.35,-473.55,-542.9640863903073,-474.0775384983211,28.91468873766334,28.195852208429844,0.7188365292334957,0.0251735149877851,0.0008773230249535004,0.0068176769750465,28.914631152763672,28.195905341379294,0.0008771878964307355,0.006817812103569265
-542.22,-899.17,-542.7413484619732,-899.5678391784207,112.06090536366055,113.00732493236505,-0.9464195687044992,0.008410068070999638,-0.0006089852226718055,0.008303985222671806,112.06104328961011,113.00756584042587,-0.0006090514877682062,0.008304051487768208
-542.22,899.17,-542.767957180551,900.0058164827698,112.77859324960961,112.75526387792016,0.02332937168945648,0.00020688132581588153,-1.5003528176759841e-05,0.00771000352817676,112.77878650137653,112.75547549098854,-1.499171970169017e-05,0.007709991719701691
-542.16,934.06,-540.354340756288,934.0157310012793,120.00181869666403,119.82684935822627,0.1749693384377622,0.0014591194610455531,-0.00010891281598385484,0.007803912815983856,120.0019926121004,119.82704321897413,-0.00010890040066549231,0.007803900400665493
-542.1,-176.14,-542.3325584038101,-176.24758139419703,-15.730881557025409,-16.497056454104136,0.7661748970787272,0.04754724902437988,0.002518192625252914,0.005176807374747086,-15.7308224740158,-16.49703207117109,0.002518306674247772,0.005176693325752229
-542.1,176.14,-542.0987167894003,176.08720041285957,-15.44802999705997,-14.105338810889009,-1.3426911861709616,0.09086552500301201,0.00441895768431811,0.00327604231568189,-15.448024411533682,-14.105349333706197,0.004418904669828314,0.0032760953301716866
-541.86,301.31,-541.3353113587478,301.18278866822027,0.6061685483863499,2.2238176186190266,-1.6176490702326767,1.143220478667169,0.003117006284734277,0.004577993715265724,0.6062553038852769,2.223829033210883,0.0031168611122829966,0.004578138887717004
-540.94,209.25,-540.9396667536593,209.33663406336635,-11.72659516824022,-10.271335671946431,-1.4552594962937881,0.13230876184366078,0.004037348590738048,0.003657651409261952,-11.72659818283432,-10.271337307872894,0.004037352415596677,0.0036576475844033235
-540.88,-562.01,-539.9169392205677,-561.7306246830303,45.03205674848992,44.51945626388867,0.5126004846012506,0.011448170273357514,0.0005309747026699838,0.007164025297330017,45.03211220105463,44.51952186893429,0.0005309641862723309,0.0071640358137276695
-540.88,562.01,-539.4352369061312,561.9331164951817,45.28282327488053,46.433126873035896,-1.150303598155368,0.025084046914417756,0.001192170611729485,0.0065028293882705155,45.282868294408324,46.433237668174556,0.0011922387813417216,0.006502761218658279
-539.95,-865.36,-540.8451489161147,-865.8715035508053,105.11221117721934,105.85505905613302,-0.742847878913679,0.007042304506210939,-0.0004983372768892729,0.008193337276889274,105.11236523093268,105.85520241327589,-0.0004983301011269782,0.008193330101126979
-539.95,865.36,-541.1484662632084,864.7017469810567,105.40679342291004,105.49525180073736,-0.08845837782732247,0.0008388574680109746,5.938900857090676e-05,0.0076356109914290935,105.40697592626151,105.49549958847376,5.943283907053199e-05,0.007635567160929469
-539.93,682.18,-541.406423323887,681.9832703475162,68.3326420292926,69.05585791013196,-0.7232158808393621,0.010528041010102483,0.0006153478699747208,0.007079652130025279,68.33276945321946,69.05599055936847,0.0006153523159268191,0.0070796476840731815
-537.52,-831.37,-538.6316005785477,-832.3422215587289,98.2657023184243,98.81673899411606,-0.551036675691762,0.005591940834728228,-0.0003861327372406195,0.00808113273724062,98.26582093001251,98.8169628566487,-0.00038620649065316436,0.008081206490653164
-537.52,831.37,-537.8316647213959,832.4436028938397,98.75266013943836,98.98218754670242,-0.22952740726405807,0.002321567593673532,0.0001610583463757574,0.007533941653624243,98.75287002974545,98.9822990857067,0.00016098933371019668,0.0075340106662898036
-537.32,-157.77,-537.174008049034,-157.76781611768826,-17.51766170282875,-18.28170532306891,0.7640436202401588,0.04268475583310963,0.002832269802648445,0.004862730197351555,-17.517699800895766,-18.28169979621434,0.0028321080873421806,0.00486289191265782
-537.32,157.77,-537.4086533243453,157.78594991740025,-17.254515941883867,-16.024395847129853,-1.2301200947540138,0.07392790380604393,0.004557476120831226,0.003137523879168775,-17.2545667118873,-16.024387131617658,0.004557696508920296,0.003137303491079705
-537.27,-218.5,-537.4467109723255,-218.64969807887056,-10.86208736571333,-11.73188351376568,0.86979614805235,0.07699365044701752,0.0023253217899024624,0.005369678210097538,-10.86212588587523,-11.731931407013203,0.00232534684800405,0.005369653151995951
-536.94,-310.0,-537.2347332314538,-310.0478471587125,1.7171410029803873,0.7751741507686134,0.9419668522117739,0.7558970628532629,0.001776612404002366,0.005918387595997635,1.717101789273606,0.7751945058294325,0.001776500053327646,0.005918499946672354
-536.57,384.31,-536.1674222793101,384.93146826862863,13.843780142488416,15.447428093102374,-1.6036479506139578,0.10949687959033506,0.002441040963642585,0.005253959036357416,13.84371370622896,15.447487058919304,0.0024412318481850837,0.005253768151814917
-536.05,1162.35,-537.1575502461118,1161.7245386336278,169.71065166471152,168.55468632200618,1.1559653427053433,0.006834666239144689,-0.0005819555828972247,0.008276955582897226,169.71096613032898,168.55509528097247,-0.0005819080114607256,0.008276908011460726
-535.58,-525.03,-535.3565663166328,-524.6793407009151,38.24165026511757,37.5392660829573,0.702384182160273,0.01853723116606563,0.0007855747164811247,0.006909425283518875,38.24175725879306,37.5393282505933,0.000785624851726413,0.006909375148273588
-535.58,525.03,-535.0548373257449,525.7224004046789,38.59709869442287,39.86681213073318,-1.2697134363103117,0.0323642658888023,0.0014180802584627798,0.006276919741537221,38.59706138947153,39.86687647992039,0.0014181937909520422,0.006276806209047958
-535.45,435.2,-534.324632803067,435.2015916632936,22.386895993848412,23.9212438314989,-1.5343478376504862,0.06626687417967252,0.002072898452365136,0.0056221015476348645,22.38699388226973,23.921294992033946,0.0020728353231575613,0.005622164676842439
-534.9,-797.17,-536.0138256775027,-797.9175532807043,91.3045659637499,91.67357257143277,-0.3690066076828771,0.004033340929544162,-0.00027105037016216226,0.007966050370162162,91.3046334368629,91.67371484615583,-0.0002711053149888181,0.007966105314988819
-534.9,797.17,-535.6270835894778,796.7991200013336,91.46056149546317,91.75634424078245,-0.2957827453192863,0.0032287713203178704,0.0002177265213257841,0.007477273478674216,91.4607201526288,91.75654592763522,0.00021775819560104778,0.007477241804398953
-534.45,-761.09,-534.7252245077722,-761.0508881868423,83.88768010092853,84.05868033606735,-0.1710002351388198,0.0020363672626650285,-0.00013200859587281027,0.007827008595872811,83.88781476007328,84.05894541762933,-0.00013210927924412098,0.007827109279244121
-533.92,-273.73,-534.124066147827,-274.00649338216505,-3.5138281389866073,-4.494202903179218,0.9803747641926108,0.24484789307896138,0.00210445185684416,0.00559054814315584,-3.5137882244206224,-4.49419119803493,0.002104512410595682,0.005590487589404319
-533.92,273.73,-533.8188533226352,274.14158264575,-3.226837263074735,-1.6467356989939503,-1.5801015640807847,0.6484366095999019,0.0033920797318917366,0.004302920268108264,-3.2268945922493586,-1.6467101634797423,0.003392257621489383,0.004302742378510617
-533.44,227.69,-533.1728044963653,227.70373630930143,-9.419006438460748,-7.924013172442272,-1.4949932660184757,0.1724028801857111,0.0038685744839597903,0.00382642551604021,-9.418962407350659,-7.923997868875297,0.0038685001460729224,0.003826499853927078
-532.84,-1007.81,-534.4125302146361,-1008.2929427326817,135.16374285944656,136.6174815826164,-1.4537387231698347,0.01069785984042276,-0.0008475647217230591,0.008542564721723059,135.16399555326072,136.61778887983002,-0.0008475965568213014,0.008542596556821302
-532.38,484.74,-531.346820903821,484.8185034405747,31.1880813085288,32.57669436495973,-1.388613056430927,0.043554236387230646,0.0016934557146855039,0.006001544285314497,31.188144740331975,32.57679514453524,0.001693501261425975,0.006001498738574026
-532.14,-204.27,-532.2032932185322,-204.4363808074926,-12.511076992991882,-13.375121074512172,0.8640440815202908,0.06675712511100336,0.0024948821219429864,0.005200117878057014,-12.51104220015736,-13.375163965998299,0.002495106431358309,0.005199893568641692
-532.14,204.27,-531.7150383930924,204.13518889047657,-12.265340009411654,-10.856776049516585,-1.4085639598950692,0.1218369422854942,0.004076895937960808,0.003618104062039193,-12.265378038891498,-10.856748305317796,0.004077086310887334,0.0036179136891126666
-531.87,318.61,-532.5537454784449,318.7151740549266,3.326767452114467,4.921549167018167,-1.5947817149037,0.3866926522205696,0.0029517864585377877,0.004743213541462213,3.3267732976328652,4.92155737852222,0.0029517908377480273,0.004743209162251973
-531.42,726.35,-529.8662089405735,726.5569177262636,77.31671476529476,77.81079388626034,-0.49407912096557993,0.006369974290960509,0.000403190701730164,0.007291809298269837,77.31686327906979,77.81096304825071,0.00040320755159910037,0.0072917924484009
-531.34,-176.85,-531.2372807970823,-176.78689733225588,-15.570651341949397,-16.39382076483346,0.8231694228840638,0.05150527248716161,0.0027535976586452364,0.004941402341354764,-15.570601531081747,-16.3937854332571,0.0027536460935621383,0.004941353906437862
-531.34,176.85,-530.7517237825972,176.71184949481173,-15.309276830667518,-14.002876037503876,-1.3064007931636414,0.08913714383512218,0.004375918476194985,0.0033190815238050156,-15.30928563907236,-14.002867782910217,0.004375975630393601,0.0033190243696063996
-531.07,974.71,-530.7093639266175,975.4756716093143,128.95877890860993,128.5880054655988,0.3707734430111316,0.0028792706064029706,-0.00022500144100494777,0.007920001441004949,128.95891207907772,128.58831247198938,-0.00022489594981116244,0.007919895949811163
-529.99,-340.6,-530.2484921531968,-341.0239415862845,6.601607810440125,5.658953761944801,0.9426540484953243,0.15377012593265074,0.001637713382474232,0.006057286617525769,6.601649046116684,5.6589475128845095,0.0016377958797478892,0.006057204120252111
-529.99,340.6,-528.9829082792949,340.3860727458435,6.720924559426031,8.316795985944466,-1.5958714265184355,0.21224911338171387,0.0027844174669698534,0.004910582533030147,6.720988526107735,8.316823173507519,0.0027843532961233227,0.004910646703876678
-529.45,-236.82,-529.5913719642668,-237.17784049294946,-8.45703395058553,-9.401953017962157,0.9449190673766275,0.10582000748875281,0.0023633577853383186,0.005331642214661682,-8.457072804693826,-9.402019231310348,0.002363426214132738,0.005331573785867263
-529.18,-941.47,-530.9191816350566,-941.9670035372319,121.18410524696866,122.2483688818524,-1.0642636348837442,0.008743809869184098,-0.0006685516873533413,0.008363551687353341,121.1843035130088,122.2485841876178,-0.0006685623914088919,0.008363562391408893
-528.14,-691.35,-527.3344548312103,-691.0883421673507,70.12337430681298,70.02872815521965,0.09464615159332368,0.001350620503448579,8.158928315645386e-05,0.0076134107168435465,70.12343756060753,70.02899294050607,8.14155538533797e-05,0.007613584446146621
-527.75,-396.34,-528.2878832385335,-396.71796588412417,15.724562267167254,14.871868978534398,0.8526932886328566,0.05573808800022372,0.0012781746474545496,0.00641682535254545,15.724514616128989,14.871892973466995,0.0012780672512022631,0.0064169327487977375
-527.07,-654.06,-528.0523690944191,-654.8126844725981,63.02306561580094,62.78860449647576,0.2344611193251751,0.003727176010237168,0.0002130230643110687,0.007481976935688932,63.02311187667855,62.78865443619213,0.000213019721848541,0.007481980278151459
-527.07,654.06,-527.6311493306008,654.9309824710684,63.174559599353906,64.00118206770159,-0.8266224683476864,0.012999687794418745,0.0007515036871669656,0.006943496312833035,63.17470511499279,64.00131339415951,0.0007514907874186256,0.006943509212581375
-526.67,-327.14,-526.9593358098122,-327.45207391941545,4.509269345690761,3.556379568673723,0.9528897770170381,0.23628347505183198,0.0017348730153954911,0.0059601269846045095,4.509263271979567,3.5563613305059363,0.0017348951625398912,0.005960104837460109
-525.89,-446.7,-525.5493923543789,-446.4485177699605,24.314842116755685,23.433257826770557,0.8815842899851276,0.036926465808181506,0.0011803988870242312,0.0065146011129757694,24.314922906099763,23.43339447277599,0.0011803240976460117,0.0065146759023539886
-525.31,245.87,-524.7956241491189,246.1849977079933,-6.958886883397586,-5.434916930301952,-1.5239699530956337,0.24592449194832464,0.0037057360986050645,0.003989263901394936,-6.958860832078386,-5.434899678040612,0.0037057147025228937,0.003989285297477107
-524.69,-195.7,-524.4370521509344,-195.6524999879566,-13.468187735448886,-14.32502383434785,0.8568360988989632,0.061657940950595194,0.0026234262441460787,0.005071573755853922,-13.468126573647197,-14.325033869441647,0.002623644231932029,0.005071355768067972
-524.69,195.7,-524.0809501798457,195.64336624161413,-13.18978542873377,-11.813094142419093,-1.3766912863146779,0.1101226186685344,0.004218158899841953,0.0034768411001580473,-13.189816426344919,-11.813088734592476,0.004218270445489723,0.0034767295545102776
-523.48,-132.56,-523.4611399828137,-132.58218017529964,-19.69651915133945,-20.38864108510698,0.6921219337675275,0.03453257662860646,0.0031330179444362537,0.004561982055563747,-19.69643973678443,-20.388605522752766,0.0031332164495338818,0.004561783550466119
-523.48,132.56,-523.2810442231944,132.6553776942261,-19.423641043287105,-18.318292764967598,-1.1053482783195072,0.05857401393024285,0.005002523628009788,0.002692476371990212,-19.423579312272153,-18.318292322888432,0.005002246249960336,0.002692753750039664
-523.42,-1146.14,-523.2858472107556,-1145.8699098888817,165.16857237754618,167.21587519842484,-2.047302820878656,0.012318884567610322,-0.001072649052281441,0.008767649052281442,165.1690161189608,167.21636270701953,-0.001072671983341638,0.008767671983341638
-523.42,1146.14,-521.6452586909373,1146.2797432907291,166.35250408989816,165.34434335164312,1.008160738255043,0.006078808080518297,-0.0005296802390372092,0.00822468023903721,166.3527295227431,165.34471650402918,-0.0005296026282764559,0.008224602628276456
-523.2,-618.35,-524.1118399028759,-618.9998657698209,56.160735125585404,55.797413651156276,0.363321474429128,0.006490308716226377,0.0003518247721802965,0.007343175227819704,56.16081157461211,55.797599087114065,0.0003517192339589219,0.007343280766041078
-523.2,618.35,-524.2191968776352,618.1094288347575,56.087419178107574,57.04824754698334,-0.9608283688757666,0.01698541930566405,0.0009315740896277486,0.0067634259103722515,56.08749555419739,57.04836439699911,0.0009316133312466974,0.006763386668753303
-522.44,-1168.53,-524.2869370999247,-1169.206940047352,170.29552471453994,172.44543135832595,-2.149906643786011,0.012545373441328361,-0.0011018159444712385,0.008796815944471239,170.29598449981617,172.44567234147283,-0.0011017038095208665,0.008796703809520866
-522.18,-495.71,-521.5205616446294,-495.52221819680693,33.12254542740643,32.329049918607176,0.7934955087992535,0.024246788931710343,0.0009646278087340102,0.00673037219126599,33.12258558854658,32.32917907822153,0.0009645196160571765,0.006730480383942824
-522.12,769.61,-520.8454213298601,769.5016073646915,86.06298890570231,86.44699047494491,-0.3840015692425993,0.004451934556148674,0.00030099860982663984,0.0073940013901733605,86.06301994334959,86.44715450817932,0.00030110285806427147,0.007393897141935729
-522.08,-1113.7,-523.2544981922584,-1114.2273050695194,158.2346897662724,160.1650279128133,-1.9303381465408904,0.012125250365243562,-0.001040151257207272,0.008735151257207273,158.2350359586372,160.16560064281464,-0.0010402733256686292,0.00873527332566863
-522.08,1113.7,-522.2507432138283,1114.3709971020426,159.2609438462875,158.41324059807778,0.8477032482097115,0.005336935071966297,-0.0004575987745775721,0.008152598774577573,159.26132506776756,158.41366843596617,-0.00045757361056956525,0.008152573610569565
-521.33,335.58,-521.2394373198599,336.15620290812984,6.1350405321965695,7.716076913498426,-1.5810363813018569,0.22829008381460975,0.0028347407025238087,0.004860259297476192,6.135129663721322,7.716104336206982,0.0028346300608617647,0.004860369939138236
-521.01,-254.85,-520.6978353514279,-254.71128840941057,-6.049999689408626,-7.0413207687475285,0.9913210793389027,0.1514470725099835,0.0023481738585438275,0.005346826141456173,-6.049989524458727,-7.041296141905221,0.00234813960219802,0.005346860397801981
-520.72,-231.84,-520.7323335017177,-231.7070741468185,-9.081495868214649,-10.01531677876488,0.9338209105502315,0.09779861464975208,0.002431418009502078,0.005263581990497923,-9.081494950357236,-10.01537788647476,0.0024315795073649544,0.005263420492635046
-520.72,231.84,-520.3216531303628,232.18563210203976,-8.746467752920978,-7.256865436261844,-1.4896023166591341,0.18616150761217734,0.0038735839332181858,0.0038214160667818147,-8.746421567901255,-7.2568718638081435,0.0038734471187220265,0.003821552881277974
-520.66,-1081.16,-520.971479727823,-1081.2941099615753,151.09571334559504,152.85516257228517,-1.7594492266901227,0.011577194646186714,-0.0009812254982922626,0.008676225498292263,151.09590269476257,152.8553971083124,-0.000981250698507334,0.008676250698507335
-520.66,1081.16,-520.8197243752985,1082.058075880782,152.15058307264673,151.4321236129767,0.7184594596700151,0.004733204124265348,-0.00040051072102445637,0.008095510721024457,152.15066793727928,151.43243054738258,-0.0004003869265307921,0.008095386926530793
-519.62,-300.0,-519.7245256810053,-300.0402645595152,0.4215464140737204,-0.5756105967111473,0.9971570107848677,2.0,0.0020089108687851207,0.005686089131214879,0.42154152809852263,-0.5755841480779509,0.0020088477408777886,0.005686152259122211
-519.62,300.0,-520.1041130313101,300.10096372352183,0.6540188843124568,2.2223052813217414,-1.5682863970092846,1.0904795890163475,0.003156585591906876,0.0045384144080931246,0.6540991783441932,2.2223116568868875,0.0031564368117050837,0.004538563188294917
-519.55,1014.73,-520.493751872274,1014.2894596357773,137.38860286747882,136.96177089602548,0.42683197145333907,0.003111582941171985,-0.0002539974650028697,0.00794899746500287,137.38883693672207,136.96211006311142,-0.00025393492379835285,0.007948934923798353
-519.28,-735.09,-521.0661836790938,-735.7510071922685,79.05074305404084,79.07089544629727,-0.020152392256434837,0.00025489733660193184,-1.6514016957068746e-05,0.0077115140169570695,79.05091885804097,79.07118427980133,-1.6606639764359395e-05,0.00771160663976436
-519.15,-1048.51,-520.7605541496112,-1048.8957515177042,144.0958105162496,145.7332642045407,-1.6374536882910888,0.011299443921342578,-0.0009417778928906471,0.008636777892890647,144.0960276496326,145.73353287382622,-0.0009418075336518193,0.00863680753365182
-519.15,1048.51,-517.4088402700568,1048.6737417751772,144.8558302888291,144.34120419800115,0.5146260908279601,0.003558999778411598,-0.0002979664967927683,0.007992966496792769,144.8559195256344,144.34150559470245,-0.00029784365704153034,0.00799284365704153
-518.95,-582.31,-519.3423413895356,-582.2529425318429,49.23040739545087,48.72037064682527,0.5100367486255948,0.010414143895936383,0.0005298902367140421,0.007165109763285958,49.23049615427239,48.72044702472439,0.000529903099571314,0.007165096900428687
-518.95,582.31,-518.8943587349034,582.9151676538232,49.421854829153894,50.52845065056424,-1.1065958214103446,0.022142920246199637,0.0011493560692496796,0.006545643930750321,49.42194384571019,50.528614826882624,0.0011494341332790666,0.006545565866720934
-518.66,408.16,-517.8418231169536,408.02475257943075,17.888647375627176,19.473427913050575,-1.5847805374233985,0.08483364616010249,0.002356325963553908,0.0053386740364460925,17.88870523325066,19.473477727703735,0.0023563140048887465,0.005338685995111254
-517.88,-981.78,-517.6361476439849,-980.9390891317101,129.62149673476483,130.79489606103675,-1.1733993262719196,0.009011716303067055,-0.0007259873775092131,0.008420987377509213,129.6216536391899,130.79508350185856,-0.0007260062705135709,0.008421006270513572
-517.37,-214.3,-517.1331331233368,-214.281429095783,-11.219060809650882,-12.103314743262153,0.8842539336112711,0.07582880496929698,0.0025069171117985027,0.005188082888201498,-11.219044712196174,-12.103376981635876,0.0025071391989403224,0.005187860801059678
-517.37,214.3,-517.1991282076971,214.18895572605348,-10.973412769461838,-9.543960103107093,-1.429452666354745,0.139340711428594,0.004053823109927143,0.0036411768900728577,-10.973391003632111,-9.543939096170341,0.004053820957762225,0.0036411790422377754
-516.56,263.76,-516.198427002423,264.0776097212627,-4.480229105701252,-2.9250042373185963,-1.5552248683826555,0.42003399389125423,0.0035842212277895527,0.004110778772210447,-4.480200589774157,-2.9249797116438963,0.0035842120317256076,0.004110787968274392
-516.32,-914.28,-516.944549190622,-914.7151535234985,115.6693202051926,116.51272466653792,-0.8434044613453153,0.007265027421144955,-0.0005603455566350287,0.008255345556635029,115.66951700931213,116.51303421166742,-0.0005604204601088463,0.008255420460108846
-516.32,914.28,-516.6141423569612,913.5614013267549,115.89826665643508,115.86230742183777,0.035959234597314094,0.0003103136479560974,-2.393625919051463e-05,0.007718936259190515,115.89837209347522,115.86254972582032,-2.3845153730543523e-05,0.007718845153730544
-516.19,700.32,-514.5473471250958,700.349238469284,72.22294903475998,72.87404417428024,-0.6510951395202653,0.008974619323533977,0.0005676155986814741,0.007127384401318527,72.22295624911945,72.87420163341059,0.000567746579962695,0.007127253420037305
-516.1,948.71,-517.0145712723937,948.1314244378206,123.218143449307,123.01142683685984,0.20671661244715267,0.0016790559493476563,-0.00013248110079106242,0.007827481100791064,123.21826800495,123.01171680887353,-0.00013237508830074156,0.007827375088300743
-516.09,457.98,-515.8954140029938,458.6498727782594,26.658584955326816,28.149809321243154,-1.491224365916338,0.05441591148944939,0.0019799303790057005,0.0057150696209943,26.658623396318813,28.149877765715146,0.001979970215265674,0.005715029784734326
-515.86,-343.93,-516.4947164319158,-344.24720775829275,7.284973930139397,6.34092055761726,0.9440533725221378,0.1385675448126217,0.0016680540202245707,0.00602694597977543,7.284998844929525,6.340919802264008,0.0016680993769672197,0.006026900623032781
-515.38,-161.2,-515.2519622239793,-161.35851539562907,-17.026469836660546,-17.820276581401387,0.7938067447408415,0.04555987725324002,0.0029995293344314503,0.00469547066556855,-17.026429645805074,-17.82026499291024,0.0029996374131689924,0.004695362586831008
-515.38,161.2,-515.3927813604564,161.1924356309182,-16.80384201255132,-15.576619694206006,-1.2272223183453157,0.07580017415806102,0.004640770891526229,0.003054229108473771,-16.803815893598035,-15.57661200577111,0.0046407011960749745,0.003054298803925026
-514.32,-880.84,-514.6239242444706,-881.2629113517463,108.74614544881773,109.37074963748617,-0.6246041886684424,0.0057272426184253235,-0.0004326725069675759,0.008127672506967576,108.74624083088352,109.3708706526557,-0.0004326902633954934,0.008127690263395495
-514.32,880.84,-514.5347839241929,881.8185325952657,109.24067618065527,109.30866446970141,-0.0679882890461414,0.0006221779378864528,4.707496690640452e-05,0.007647925033093596,109.24080459086859,109.30879485988825,4.707633783644505e-05,0.007647923662163556
-514.28,-545.91,-514.9358977308996,-546.5484474399258,42.61315818734306,41.91840096875843,0.694757218584634,0.01643781862112942,0.0007755344720435806,0.0069194655279564195,42.61322874190208,41.918497673354885,0.0007755052816228998,0.006919494718377101
-514.28,545.91,-514.6001516771422,545.758624693246,42.467363468402155,43.71907188429664,-1.251708415894484,0.029046529439862457,0.001400175671570497,0.006294824328429503,42.467398139196746,43.71916209143041,0.0014002377951689514,0.006294762204831049
-513.18,-365.44,-513.573653994314,-365.2141135400046,10.727122758987036,9.794747653418177,0.9323751055688589,0.09086648408083212,0.001561673544207558,0.0061333264557924426,10.727107861736549,9.794747495588254,0.0015616488565437475,0.0061333511434562525
-513.18,365.44,-512.5386027089138,365.9893674997681,10.952985803638757,12.55667088563077,-1.6036850819920119,0.13642777546164503,0.002685801503869424,0.005009198496130577,10.952981881438014,12.556700710366869,0.002685858022181368,0.005009141977818632
-512.16,-847.22,-513.4653238573322,-847.933505824014,101.89240041629175,102.33850836639012,-0.4461079500983658,0.004368662439563059,-0.0003218969928135948,0.008016896992813596,101.89248150799781,102.33868231189874,-0.00032196399309863244,0.008016963993098633
-512.16,847.22,-514.2835540063247,846.9824017128476,101.98701238637015,102.19016913795257,-0.2031567515824122,0.00199000446637286,0.00014652242890930518,0.007548477571090695,101.98723738276612,102.19041380182094,0.0001465366136499266,0.0075484633863500735
-511.95,-272.59,-512.6044691963656,-272.87753578955534,-3.4043728989273703,-4.429988285340496,1.0256153864131257,0.26182489223822303,0.002303478841501043,0.005391521158498957,-3.404354843205038,-4.429966502549497,0.0023034704706985697,0.005391529529301431
-511.76,506.46,-512.1674435643143,506.2822885438139,35.220038896084965,36.59964999784878,-1.379611101763814,0.03841874346744331,0.001671482561442466,0.006023517438557535,35.22014379807923,36.599727430129164,0.0016714492802173036,0.006023550719782697
-510.25,352.2,-509.7193388324299,352.641660758706,8.822473034216536,10.454114336506116,-1.6316413022895802,0.16928736097424824,0.0028517393851653036,0.004843260614834697,8.822556849989297,10.454148093830298,0.00285165189433679,0.00484334810566321
-509.85,-813.42,-509.73895663412713,-813.143174651334,94.86800509856224,95.12525913291557,-0.2572540343533376,0.0027080332073237375,-0.00019498321198278622,0.007889983211982787,94.86815014012116,95.12542897015496,-0.00019500200562943025,0.007890002005629431
-509.85,813.42,-510.2888917284948,814.4447492099256,95.2976169902972,95.64507272427412,-0.34745573397691487,0.003639371944496073,0.0002626464974840198,0.00743235350251598,95.29769214202237,95.6452767009963,0.0002627438780449001,0.0074322561219551005
-509.65,-777.92,-508.3093420053672,-777.6058603450156,87.70379176905645,87.73983853454484,-0.03604676548839336,0.00041092133611251924,-2.865025933125201e-05,0.007723650259331252,87.70392562816798,87.7400613957717,-2.8720998928847388e-05,0.0077237209989288475
-509.39,-232.63,-509.00019196209274,-232.52154591082459,-8.79887212514124,-9.793863116112295,0.9949909909710541,0.10703008224022569,0.002641118415416712,0.0050538815845832885,-8.798920411436058,-9.793925836848878,0.002641156730406809,0.005053843269593192
-509.39,232.63,-509.17022724652094,232.55444477328743,-8.646537582363901,-7.114657014989792,-1.5318805673741096,0.1943863528759822,0.004064312883958749,0.0036306871160412518,-8.646584476647927,-7.1146331551688355,0.004064500605395129,0.003630499394604871
-509.3,-419.78,-509.84193265161065,-420.27389663451686,20.050822354179097,19.117484483444183,0.9333378707349134,0.047657810413106336,0.0013684243460041986,0.006326575653995802,20.05090188656158,19.11756424037484,0.0013684240167802404,0.00632657598321976
-508.76,1174.55,-509.66677450095335,1173.7287746647025,172.52277760007914,171.55222318100192,0.9705544190772173,0.005641528253281825,-0.0005097012395425568,0.008204701239542558,172.52325329198314,171.55257256493496,-0.0005097675720717755,0.008204767572071775
-507.87,-258.77,-508.2154048187156,-258.98439019735895,-5.259527105319005,-6.321017788666598,1.0614906833475928,0.18332309801741395,0.0025336384768377086,0.005161361523162292,-5.259556114811705,-6.32096619064534,0.002533446077316837,0.0051615539226831635
-507.87,258.77,-508.36548414971276,258.92160592793147,-5.1468981838168695,-3.5664521416119435,-1.580446042204926,0.36276426017041774,0.0037721173732296197,0.003922882626770381,-5.146889639251892,-3.5664374654886437,0.0037721320076790446,0.003922867992320956
-507.2,281.33,-506.64517328439507,281.2130521549288,-2.010873452950271,-0.4126756577650035,-1.5981977951852677,1.3188903728990937,0.003524041517353894,0.004170958482646106,-2.0109172107152027,-0.4126131018667998,0.0035242759400041313,0.004170724059995869
-506.99,743.61,-508.43480924320176,743.4479171904892,80.8822793681976,81.42196124216433,-0.5396818739667282,0.006650249826340932,0.00044854072350025416,0.007246459276499746,80.8825384833508,81.42214962410779,0.00044848193567245713,0.007246518064327544
-506.17,-1021.47,-506.39662402415524,-1021.8219378134759,138.57043552386307,139.841244812161,-1.2708092882979258,0.009128994062060507,-0.0007715502724034407,0.008466550272403442,138.57073921957306,139.84153476263694,-0.0007715419272180793,0.00846654192721808
-506.05,-469.06,-505.74591106222323,-468.88920011366827,28.659818099960173,27.68909616917275,0.9707219307874233,0.03445397106148574,0.0012860033624842579,0.006408996637515743,28.659844080089048,27.689176070469216,0.0012859319282242166,0.006409068071775784
-505.72,-189.34,-505.5776515665472,-189.4161537120085,-13.932724063760137,-14.860196895345384,0.9274728315852467,0.06442367086705325,0.003042609294297638,0.004652390705702362,-13.932764041084472,-14.860196287280601,0.003042476152411499,0.0046525238475885015
-505.72,189.34,-505.504355364626,189.28946371044844,-13.803884319556087,-12.420703931681825,-1.383180387874262,0.1054872911347975,0.0045412703036028495,0.003153729696397151,-13.803920468570045,-12.420670074476732,0.004541500148651572,0.003153499851348428
-504.6,988.68,-506.03074836956176,987.8246580142076,131.77773338967393,131.51306217589945,0.2646712137744771,0.002010485882774128,-0.00016634119299414006,0.00786134119299414,131.77787821557183,131.51338683878737,-0.00016622816861556542,0.007861228168615566
-504.51,-360.37,-504.0999954777847,-360.14630040083074,10.105042125500255,9.096168058178144,1.008874067322111,0.10508442516604334,0.0017457866982298984,0.005949213301770102,10.105028432782284,9.096122894824951,0.0017458411559844724,0.005949158844015528
-504.1,-709.07,-503.6332599044117,-708.7854082165409,74.07594787802924,73.83360115818171,0.2423467198475322,0.0032769584036552142,0.00021328378896538495,0.007481716211034615,74.07593211110596,73.8339186762009,0.00021299047253271354,0.007482009527467287
-504.02,-325.53,-503.854514736652,-325.4162455456416,4.586261591159808,3.5285175939273223,1.0577439972324854,0.26069569438841805,0.0020266840870083185,0.005668315912991682,4.586249076556008,3.5285167215615942,0.002026661779967392,0.005668338220032609
-504.02,325.53,-503.18053089781523,325.4101812859346,4.618483556567906,6.234347168502438,-1.6158636119345324,0.2977773546586039,0.0031002706431683276,0.004594729356831672,4.618489906236189,6.2343690455082275,0.0031003004346360497,0.004594699565363951
-503.39,-672.45,-503.40590516470917,-672.0627718823754,66.86747195553039,66.52729841863781,0.34017353689257845,0.005100252970013775,0.00031588009044298073,0.00737911990955702,66.8675040019396,66.52745835584568,0.000315761332948149,0.007379238667051851
-503.39,672.45,-502.11013622153456,672.555754101773,66.8701750670819,67.69805619299794,-0.8278811259160364,0.012304258117445144,0.0007701770495558326,0.0069248229504441676,66.87021921883611,67.69820192426964,0.0007702715488874725,0.006924728451112528
-502.92,-955.76,-503.3811390037574,-956.0717411036444,124.6644828354163,125.50990005878974,-0.8454172233734454,0.006758623433726675,-0.0005518658789159739,0.008246865878915974,124.66454040227615,125.51015950666462,-0.0005519976614734094,0.00824699766147341
-502.29,-290.0,-501.98167456770443,-289.81297425293684,-0.7614060355267576,-1.8610519315793894,1.0996458960526319,0.8386375757748208,0.002374635978137404,0.005320364021862596,-0.7614069222229958,-1.8610267607531625,0.0023745797080866825,0.0053204202919133175
-501.41,-137.79,-502.29051689073003,-137.88463406734004,-19.03765950235134,-19.80744552812061,0.769786025769271,0.03963361793798288,0.0034917974690577202,0.00420320253094228,-19.037689629383685,-19.807393275573798,0.0034914237901438696,0.004203576209856131
-501.41,137.79,-501.0477600564904,137.84003440866687,-18.866969903914992,-17.728507712529606,-1.1384621913853863,0.06221873660552009,0.00517861931791288,0.0025163806820871206,-18.866998961224297,-17.728503718470108,0.005178769661471287,0.0025162303385287133
-501.11,-517.0,-501.3566688206318,-516.8304801143212,37.42713885117632,36.51219871581213,0.9149401353641906,0.024748399579189145,0.001109296486288951,0.0065857035137110494,37.42714156180223,36.51231417383585,0.0011091597885014217,0.006585840211498579
-500.77,-250.67,-500.76110672790736,-250.79740240575188,-6.252324623318735,-7.332650094317557,1.0803254709988224,0.15904710806657912,0.002702407662836627,0.004992592337163373,-6.252304525876575,-7.332644933804929,0.002702445027199413,0.004992554972800588
-500.77,250.67,-501.0303794970384,250.80222696356643,-6.155258091308184,-4.600995220855438,-1.554262870452746,0.2889970746031279,0.003885786158081172,0.0038092138419188286,-6.15527316940727,-4.6009787284475365,0.0038858650869685487,0.0038091349130314517
-500.0,-637.26,-499.724463465611,-637.1603176665188,60.1651706174173,59.708536130182324,0.4566344872349788,0.007618592927912818,0.0004505461164791687,0.007244453883520832,60.16528842022234,59.70862907593232,0.0004505706421116552,0.007244429357888345
-500.0,637.26,-499.1525030853125,637.208581839721,60.02861160553189,60.97625573114747,-0.9476441256155752,0.01566290921139372,0.0009360095460698131,0.006758990453930187,60.02866658746496,60.97634225412514,0.0009360406998732785,0.006758959300126722
-499.68,431.18,-499.91478504319394,431.0773520523732,22.013839722271292,23.598808842751406,-1.584969120480114,0.06949691238475993,0.0023105719158482596,0.005384428084151741,22.013865935141766,23.598882792252866,0.0023106415064273367,0.005384358493572664
-498.64,368.46,-497.98062012965175,368.268972743653,11.519174275729664,13.107159371415836,-1.5879850956861716,0.12896642418959828,0.002720312033057385,0.004974687966942616,11.51917829239304,13.107209588928985,0.0027203911778352027,0.004974608822164798
-497.24,298.58,-496.494978742255,298.46167949748315,0.6641559559798331,2.241797915309384,-1.5776419593295508,1.0857997264971277,0.0033446823767771527,0.004350317623222848,0.6641634458883452,2.241818915119115,0.003344711018464991,0.004350288981535009
-497.05,786.03,-497.2652415857151,787.0288956926232,89.86793557614018,90.27066693710373,-0.4027313609635428,0.004471349897742586,0.0003232857345844108,0.007371714265415589,89.86805649933814,90.27081037634815,0.0003233038089568805,0.00737169619104312
-496.27,-601.76,-496.96960095426994,-602.5206850479926,53.57095187785418,52.93190668962481,0.6390451882293675,0.012000526499004264,0.0006704704725875756,0.007024529527412425,53.57106507524129,52.93200783207979,0.0006704831203254736,0.0070245168796745265
-496.27,601.76,-494.7523572969441,601.8588371651716,53.30349014920593,54.38831678738298,-1.0848266381770557,0.020146874103724965,0.0011445313677489386,0.006550468632251062,53.303597198262224,54.388419987496576,0.0011445273069750762,0.006550472693024924
-496.0,-1158.27,-496.74314070698534,-1157.6654524354826,168.2188141384089,170.09878677895028,-1.8799726405413821,0.011113655544043675,-0.0010270378512905512,0.008722037851290552,168.21925753612987,170.0992516794004,-0.0010270495983321077,0.008722049598332109
-496.0,1158.27,-496.6594106596056,1158.2062036055604,169.24743557059818,168.30555774368293,0.9418778269152597,0.0055806219797809205,-0.0005143987329640324,0.008209398732964033,169.24781343508596,168.30594918966153,-0.0005143913155458953,0.008209391315545895
-495.77,-156.89,-495.6319850586863,-156.85601500962395,-17.2149862159569,-18.07115105039974,0.8561648344428434,0.04852697975865716,0.003459766234882031,0.0042352337651179696,-17.21499683467075,-18.071154214909406,0.003459736112406875,0.004235263887593125
-495.77,156.89,-495.37832913343163,156.9919595537461,-17.018412942550896,-15.856743948890085,-1.1616689936608111,0.07067154067108046,0.004692646676292918,0.003002353323707082,-17.01837363593571,-15.856730270388331,0.004692543149658417,0.0030024568503415833
-495.77,479.91,-496.2337072355331,479.84228427297666,30.66308077219493,32.11520745921391,-1.452126687018982,0.04626206696386038,0.001915885730690433,0.005779114269309568,30.663165562905863,32.115272419317854,0.0019158595668733883,0.005779140433126612
-495.21,-389.44,-495.4732624482702,-389.2970937574696,15.077698143091247,14.054231884876785,1.0234662582144622,0.07026422603870641,0.0016669478649199486,0.006028052135080052,15.077747594692461,14.054239107449131,0.0016670166445098406,0.00602798335549016
-495.21,389.44,-495.67777960836116,389.45796906644983,15.044282410864426,16.64159388691903,-1.5973114760546032,0.10082166963243122,0.002599437854949348,0.005095562145050653,15.04429573728206,16.641640408350305,0.002599491875956742,0.005095508124043259
-495.01,-1180.41,-497.3891506992345,-1181.3525240951203,173.44200921767646,175.43506510560056,-1.9930558879241005,0.011425548048922766,-0.0010655983226710182,0.008760598322671018,173.4423216459487,175.43539438033065,-0.0010656073297226145,0.008760607329722616
-494.81,-1126.08,-493.6352301531447,-1125.2840024136087,161.1904041727442,162.8964408192413,-1.7060366464970969,0.010528268412371299,-0.0009648725173923654,0.008659872517392366,161.19067939187718,162.89705789123013,-0.0009650658569822756,0.008660065856982277
-494.81,1126.08,-494.4173200202943,1126.572248147853,162.2608340144102,161.43947475395657,0.8213592604536188,0.0050748129563346605,-0.00046326587003110237,0.008158265870031102,162.26131758931007,161.43991411668904,-0.0004632908067295572,0.008158290806729558
-494.56,-751.94,-494.16576238872284,-751.5147003310673,82.76126826148214,82.61886456998056,0.14240369150158472,0.0017221378295385328,0.00012046502842990381,0.007574534971570097,82.76150543623352,82.61909765486185,0.00012046848821603245,0.007574531511783968
-494.52,-216.92,-494.2756069589321,-216.85285579279386,-10.54154557569252,-11.537500531601648,0.9959549559091272,0.09021720875704838,0.0029191421630374303,0.00477585783696257,-10.541493135981462,-11.537554184239422,0.002919453119518762,0.004775546880481239
-494.52,216.92,-494.3873101783324,217.22195584757893,-10.3607085808954,-8.947971340009634,-1.4127372408857664,0.14633183072823433,0.004132760441193275,0.0035622395588067257,-10.360685343021654,-8.947961125935922,0.00413272234193177,0.00356227765806823
-493.63,-285.0,-493.75466085378775,-284.9935964902821,-1.316381115591362,-2.4369300579877873,1.1205489423964252,0.5970988764717167,0.0025016951841785448,0.005193304815821456,-1.3163302339254521,-2.436907301163913,0.002501757974637056,0.005193242025362945
-493.63,285.0,-492.59257266578084,284.8836253659314,-1.2518004093038897,0.29044170209743214,-1.5422421114013218,2.0,0.0034526064975877856,0.004242393502412215,-1.2517816168566078,0.2905046991105422,0.0034527054580363904,0.00424229454196361
-493.54,-1093.81,-492.5730937382289,-1092.9996633315177,154.19869698819394,155.7341697381085,-1.535472749914561,0.009908421563244639,-0.0008959861008311402,0.00859098610083114,154.199201149066,155.73436922788036,-0.0008958083177535079,0.008590808317753508
-493.54,1093.81,-494.6080669150058,1094.967356709126,155.2767506138154,154.5896290250001,0.6871215888153017,0.004434954121942627,-0.0003985851361900086,0.00809358513619001,155.27708813718397,154.59000324208188,-0.00039856385091980857,0.008093563850919808
-492.7,1028.03,-492.85918623017875,1028.817622064156,140.83055717852824,140.45984807788375,0.3707091006444898,0.00263577494089475,-0.00022967930768223884,0.00792467930768224,140.83101073542537,140.46016271493198,-0.00022976537790458235,0.007924765377904583
-492.64,-376.44,-492.79182083565735,-376.36725622997557,12.987583716753296,11.937820818988413,1.0497628977648823,0.0842323659188422,0.0017781392477749396,0.005916860752225061,12.987678332427521,11.937831299788975,0.0017782817594995265,0.005916718240500474
-492.21,-1061.43,-492.3987833578654,-1061.8910199932934,147.47687334010905,148.8746919626557,-1.3978186225466516,0.009433516041115447,-0.0008398539622301071,0.008534853962230108,147.47730042709628,148.87497635968654,-0.0008397682295582765,0.008534768229558277
-492.21,1061.43,-490.73881394141017,1061.3284999660998,147.9462332578048,147.42837052008036,0.5178627377244425,0.003506481133454948,-0.0003123663911864793,0.00800736639118648,147.9466175092901,147.42864428517458,-0.00031243303478281913,0.00800743303478282
-492.17,-565.92,-493.2952997194075,-566.4495954381126,46.82289660909733,46.01850222988167,0.8043943792156583,0.017328355437874712,0.0009043793796192158,0.006790620620380785,46.82303652149099,46.01855548529545,0.0009044768079301663,0.006790523192069834
-492.17,565.92,-492.39387792358156,565.7058372711971,46.49652723987171,47.695507182408235,-1.1989799425365248,0.025458202487936097,0.0013522546576989424,0.006342745342301058,46.496612616510774,47.69561032597156,0.0013522746959041116,0.006342725304095889
-492.04,-307.07,-491.55744736039395,-306.9140999371064,1.9818910367666476,0.8574882764461869,1.1244027603204607,0.792006024054721,0.0023414271758381783,0.005353572824161822,1.9819213446476915,0.8575160534733435,0.002341432446022741,0.00535356755397726
-491.85,717.62,-490.449242551656,717.4971655267294,75.9662276122065,76.55500859777273,-0.5887809855662312,0.007720642714377738,0.0005256411914415281,0.007169358808558473,75.96638875606061,76.55517654470276,0.0005256472649680506,0.00716935273503195
-491.5,-268.38,-491.949444223158,-268.3975273570402,-3.659284444605511,-4.775805841697942,1.1165213970924306,0.2647325302268291,0.002656549656736637,0.005038450343263364,-3.659202553811241,-4.775788889366279,0.0026567041654195853,0.005038295834580415
-491.5,268.38,-491.71667948269027,268.5154190024877,-3.564838495112717,-2.0312700265194508,-1.5335684685932662,0.5480838917491128,0.0036489580763367784,0.0040460419236632225,-3.5647717499114435,-2.0312450751822198,0.003648858632418321,0.00404614136758168
-491.22,-995.39,-489.91718834810507,-994.4001111128237,133.0606391252376,134.03563217954522,-0.9749930543076175,0.0073006863745773195,-0.0006287348795021226,0.008323734879502123,133.0609956884306,134.03587943180784,-0.0006286643891593047,0.008323664389159305
-490.29,-140.42,-490.45733332199615,-140.57737486287775,-18.65996847200541,-19.46683933773369,0.8068708657282784,0.042325644976874854,0.0036765226468610307,0.00401847735313897,-18.65997902241897,-19.466800643369943,0.0036762982620843696,0.004018701737915631
-490.25,527.31,-490.1593384171938,528.0901250709818,39.544561317963115,40.8535297567561,-1.3089684387929879,0.032562177069017165,0.001588670093849928,0.006106329906150072,39.54467853053379,40.85361702663192,0.001588633752970782,0.0061063662470292185
-490.0,-928.65,-490.42716775991767,-929.0420992087978,119.23305558601226,119.94400267689599,-0.7109470908837352,0.00594494385077893,-0.0004902044387492213,0.008185204438749222,119.23322380651757,119.94406926689685,-0.0004901343635987109,0.008185134363598712
-490.0,928.65,-490.64735071036966,927.9867120662697,119.27203082944666,119.2262097801009,0.04582104934576137,0.00038424643493095066,-3.1615764481263485e-05,0.007726615764481264,119.272316931722,119.22649601913716,-3.161567011849764e-05,0.007726615670118498
-489.81,-442.36,-489.64190614580815,-442.10135895835384,24.259112519139784,23.187875492180876,1.071237026958908,0.045155111919994384,0.001554658545504457,0.006140341454495543,24.25921214890854,23.18800828170731,0.001554610421607179,0.006140389578392821
-489.64,962.63,-490.17468184327214,963.403815455602,126.80870897329515,126.58788697062356,0.22082200267159635,0.0017428963625104757,-0.00014690378288976402,0.007841903782889764,126.80907198989041,126.58822004132035,-0.00014692370466256195,0.007841923704662562
-489.39,-175.77,-489.14819378644285,-175.79630255345546,-15.188329026488688,-16.121361423440945,0.9330323969522567,0.0596002313369632,0.003408759848145281,0.00428624015185472,-15.188287795997185,-16.121337044600157,0.003408821414314387,0.004286178585685614
-489.39,175.77,-489.00807239694444,175.9127445748195,-14.99936311137495,-13.772542591077558,-1.2268205202973927,0.08527905888366782,0.004480408076004568,0.0032145919239954324,-14.999307381625067,-13.77252965630001,0.0044802517866888185,0.003214748213311182
-488.24,-895.56,-488.13901656895126,-894.834315762755,112.14429554378809,112.58623883705042,-0.4419432932623266,0.00393309520203774,-0.00031785589334616616,0.008012855893346167,112.14461963279962,112.58649088536166,-0.00031780407999930317,0.008012804079999304
-488.24,895.56,-486.5307309151628,895.5160375888531,112.4799010776008,112.53601892621083,-0.056117848610028886,0.0004987900288039911,4.046385361980742e-05,0.007654536146380193,112.48011361361898,112.53624122550028,4.0470893440276525e-05,0.007654529106559724
-487.16,-350.25,-487.64289971722786,-350.5746407382128,8.888008920949332,7.804575323384832,1.0834335975645004,0.1298101697982734,0.0019909931644776623,0.005704006835522338,8.888041869071014,7.804570726713237,0.0019910621594090936,0.005703937840590907
-487.16,350.25,-486.62821977107683,350.76095714102877,8.896891461310911,10.457910064954689,-1.5610186036437774,0.16130556560090617,0.0028730912190368684,0.0048219087809631325,8.896939029984978,10.457945057338705,0.0028730680720811387,0.004821931927918861
-486.7,315.47,-487.1524493891129,315.50762795147807,3.390902592692722,4.94182616135404,-1.550923568661318,0.37224866293844433,0.0031700456365187767,0.004524954363481224,3.390933246362593,4.9418532125692565,0.00317003827319934,0.0045249617268006605
-486.51,384.33,-487.1470649368539,384.3811625141423,14.35598093172586,15.920288439538496,-1.5643075078126358,0.10333555225250722,0.002624519574328766,0.005070480425671235,14.356015274546845,15.920323504086053,0.002624520785206746,0.0050704792147932545
-486.34,-862.31,-486.22654400595866,-861.8830634182572,105.37189218739312,105.64360539022596,-0.27171320283284217,0.002575291444960305,-0.0002036918270815406,0.007898691827081541,105.3718766325461,105.64378347486327,-0.00020383699036380146,0.007898836990363802
-486.34,862.31,-488.10556584062186,861.9167678763048,105.42726579803102,105.61169066831238,-0.18442487028136156,0.0017477803469974392,0.00013771786134003338,0.007557282138659967,105.42743081660059,105.61193999717426,0.00013778081940598165,0.0075572191805940185
-485.96,154.75,-485.5995055648816,154.8590737748274,-17.082517596823347,-15.97037395511149,-1.1121436417118566,0.06729478659767996,0.0046461781994284876,0.003048821800571513,-17.082479783306354,-15.970367755496849,0.004646046126719178,0.0030489538732808227
-485.25,-490.54,-486.27550789777683,-491.00493067497564,33.040158249468575,32.02278571229705,1.017372537171525,0.0312734861112152,0.0013386333278327359,0.006356366672167265,33.04018033202404,32.022914674942186,0.0013384926976850926,0.006356507302314908
-484.33,-793.93,-483.4611710617143,-793.6299951589817,91.47286610583151,91.44247792933166,0.030388176499855035,0.0003322649246310719,2.4881401519412195e-05,0.007670118598480588,91.47304092464391,91.44268217310244,2.4857308787021322e-05,0.007670142691212979
-484.3,-828.88,-484.5819191288638,-828.611331536833,98.57388562580661,98.68352098362917,-0.10963535782255462,0.0011115968693599385,-8.577928805034461e-05,0.007780779288050345,98.57405261928278,98.68370033135974,-8.578895408481221e-05,0.007780788954084812
-484.3,828.88,-483.0347624805365,828.8296487501052,98.64045081327146,98.98565701196767,-0.3452061986962178,0.003493528284243536,0.0002708848978974006,0.0074241151021026,98.6404613658514,98.98589774009264,0.00027106551771027983,0.00742393448228972
-482.3,-194.38,-482.0252258034452,-194.3216276047368,-13.020936334167422,-14.013841459685086,0.9929051255176642,0.07345391429430893,0.0033301724155778006,0.0043648275844222,-13.020949744235356,-14.013833947614534,0.003330102243386451,0.004364897756613549
-482.3,194.38,-481.70097105966516,194.53256049914626,-12.84664169757501,-11.545606398579167,-1.301035298995842,0.10667612873296174,0.004361833940324378,0.0033331660596756223,-12.846633978650049,-11.545590137681717,0.004361862578029712,0.0033331374219702885
-481.99,760.06,-482.8609314780127,761.0450706829687,84.81803314238678,85.30888469746624,-0.490851555079459,0.005770416125936241,0.0004196310335928284,0.007275368966407172,84.81807134238751,85.30909295212348,0.0004197764140251385,0.007275223585974862
-481.82,-243.83,-482.28176265297105,-244.14736650104203,-6.81059850226427,-7.93067013688059,1.1200716346163198,0.15196407609613918,0.0029884279396176815,0.004706572060382319,-6.810548785245281,-7.930701472380317,0.0029886441932964834,0.004706355806703517
-481.82,243.83,-482.1935426893369,243.92852889906013,-6.7521074706478,-5.288181598178809,-1.463925872468991,0.24317121692023602,0.003910073959049066,0.0037849260409509346,-6.752079949101894,-5.288173486638428,0.003910022115879563,0.0037849778841204376
-481.61,-285.75,-481.79647464499413,-286.10658305589146,-0.91773664884726,-2.0777056624908568,1.1599690136435967,0.7744893028004389,0.0026436550827911645,0.005051344917208836,-0.9177364780685622,-2.077682524626322,0.0026436027391056913,0.005051397260894309
-481.61,285.75,-481.21785896316754,286.17141950437053,-0.868607454565673,0.6409799431806817,-1.5095873977463548,2.0,0.00344381759078316,0.00425118240921684,-0.8685575596735866,0.6410337707201528,0.003443826562320854,0.004251173437679147
-481.21,-323.78,-481.2424011260952,-323.790807577497,4.783531882333332,3.6382338680808353,1.1452980142524964,0.2719852458960101,0.0023090853209569917,0.005385914679043009,4.783592356041961,3.638240151943968,0.0023091945754699856,0.005385805424530015
-481.2,-168.95,-481.108987305756,-169.07035336644017,-15.770673439702934,-16.697688438852722,0.9270149991497885,0.057102665210963605,0.003580351814904318,0.004114648185095682,-15.770654718123644,-16.697680595861968,0.0035803938305936436,0.004114606169406357
-481.19,1186.11,-480.2271498525139,1186.5189812000358,175.7884803898651,174.8661560598129,0.9223243300521915,0.005260585397589933,-0.000508524800542516,0.008203524800542516,175.78882829566095,174.86657038272332,-0.0005084881813741416,0.008203488181374141
-480.26,-392.12,-480.346297964476,-392.365141518901,15.924800831204365,14.832111259540184,1.092689571664181,0.07105326883533253,0.0018213852121306952,0.0058736147878693055,15.924861332924774,14.832127988879666,0.0018214581755499385,0.0058735418244500615
-479.69,453.32,-478.85491481413464,453.11835577108576,26.247150446323968,27.710276265682246,-1.4631258193582788,0.05423260183135141,0.002118438896830515,0.005576561103169486,26.247212429865645,27.71034897361169,0.0021184544245178064,0.005576545575482194
-479.46,-725.96,-478.6679704847299,-725.8426588950018,77.99290277703801,77.65811579655963,0.33478698047838407,0.004301764081551245,0.0003027203216441796,0.007392279678355821,77.99303073669833,77.65839956667241,0.0003025794350714116,0.0073924205649285885
-479.17,-537.4,-479.544332032922,-538.0179444190898,41.82066877536866,40.85300326004216,0.9676655153265017,0.02340927870996297,0.0011782830059050094,0.006516716994094991,41.820719671096626,40.85306767492015,0.0011782665442408552,0.006516733455759145
-479.14,-1034.42,-480.16843873093904,-1034.9561441766118,141.9553632903361,143.0836660517437,-1.1283027614076104,0.007916829944389943,-0.0007132798671692435,0.008408279867169244,141.95562529112067,143.08403772157624,-0.0007133491967203498,0.00840834919672035
-479.07,-689.99,-478.9345081867769,-689.7387271035326,70.86458479397899,70.45067076859306,0.41391402538593525,0.0058580232366018115,0.00039364004623208896,0.007301359953767911,70.86463102435421,70.45090175266083,0.0003934643419852722,0.007301535658014728
-479.07,689.99,-479.74599557953366,689.6016809904391,70.60165466275879,71.31855354293646,-0.7168988801776663,0.010102844256522128,0.0006807663879930875,0.007014233612006913,70.60169968752263,71.31870790981478,0.0006808702191447203,0.007014129780855281
-478.04,-310.44,-477.8162565896828,-310.2619317523959,2.7738606815101328,1.6084627665975333,1.1653979149125995,0.5318630305190415,0.00246964594282573,0.00522535405717427,2.7738649276810428,1.608481949496145,0.0024696142897495613,0.005225385710250439
-478.04,310.44,-477.55791859496486,310.84449905610404,2.8463465665436765,4.3843917372863785,-1.538045170742702,0.4254185689248396,0.003254990506650237,0.004440009493349764,2.846362065389645,4.384414689022538,0.003255006279325371,0.004439993720674629
-477.93,-146.93,-477.94820907083187,-147.06559909894997,-17.889987436752683,-18.754225378587094,0.8642379418344106,0.04716913670322472,0.00386270255147481,0.0038322974485251906,-17.88997283823715,-18.75422810304221,0.00386277997631314,0.0038322200236868605
-477.93,146.93,-477.59035054327137,147.0079930168694,-17.731365022410806,-16.642356939367353,-1.0890080830434528,0.06336282607128635,0.004872866169489119,0.0028221338305108815,-17.73137712409761,-16.642350262959425,0.004872950193789733,0.002822049806210267
-477.75,1001.92,-478.8130824886939,1001.5021082068133,135.11774944884905,134.84132705595505,0.2764223928940055,0.002047883675354671,-0.00018109448266324064,0.007876094482663241,135.11795217332013,134.84159898963676,-0.00018104914116227002,0.00787604914116227
-476.27,-969.31,-475.37593966622967,-968.8685928594281,127.98424107191629,128.6505439664091,-0.6663028944928016,0.005192615602700133,-0.00045448494100484236,0.008149484941004842,127.98450178113197,128.65072482547612,-0.00045443047525000474,0.008149430475250005
-476.12,-412.56,-475.4528421194647,-412.336110890578,19.417785830342645,18.335736076225633,1.082049754117012,0.0573217914235842,0.001733956847677658,0.005961043152322342,19.417821710383492,18.335781063228332,0.0017339422540059682,0.005961057745994033
-476.12,412.56,-475.2852876731493,412.4876895259863,19.26875135208661,20.82349162638325,-1.5547402742966412,0.07755815882546457,0.0024913936811393586,0.005203606318860642,19.268793135450856,20.82355184050794,0.0024914232155129525,0.005203576784487048
-476.11,-655.3,-476.161635548653,-655.238465132533,64.1858888303154,63.637843047725546,0.5480457825898597,0.00857502397305628,0.0005518396824756518,0.007143160317524349,64.18600069158317,63.637894486341494,0.000551900523409118,0.007143099476590882
-476.11,655.3,-474.9468243071179,655.3544240494876,63.9516664493145,64.82117181925835,-0.8695053699438517,0.013504484045469011,0.0008776086952004453,0.006817391304799555,63.951803673225804,64.82130150765964,0.0008776010894635048,0.006817398910536496
-476.04,183.0,-476.12743443235945,183.0651355836019,-14.059068436904951,-12.809425399873787,-1.2496430370311646,0.09301921012934487,0.004504089363301469,0.0031909106366985315,-14.059031324655992,-12.809412462694237,0.00450400222908013,0.0031909977709198706
-475.58,331.99,-475.774281358383,332.43984361953693,6.189318767559129,7.722638519681176,-1.533319752122047,0.22043192348331445,0.003045569900453972,0.004649430099546029,6.189334606726,7.722657913910048,0.0030455769617272715,0.0046494230382727285
-474.51,500.94,-473.6643736764679,500.78104441604046,34.83747539085395,36.19720283447623,-1.3597274436222762,0.03828348287322606,0.0018008731928926326,0.005894126807107368,34.83755044219268,36.19728539067977,0.0018008831326124775,0.0058941168673875225
-474.5,-212.72,-474.3792112495376,-212.68843236304247,-10.704402482578843,-11.741795848921385,1.0373933663425419,0.09243376994372357,0.003230158404513527,0.004464841595486473,-10.704408027731995,-11.741860206403608,0.0032303415299750936,0.004464658470024907
-474.5,212.72,-474.41856579840334,212.9079790716926,-10.588921728270321,-9.231214133646692,-1.3577075946236299,0.13700285447915309,0.00422281938088319,0.003472180619116811,-10.588928112655967,-9.231212746558771,0.004222843552162281,0.0034721564478377197
-473.88,399.8,-473.588305322646,400.3989943205924,17.246404281236718,18.81613582539778,-1.569731544161062,0.08705607200820971,0.0026006464239359335,0.005094353576064067,17.246409000877737,18.81618654037579,0.002600722626525545,0.005094277373474456
-472.86,-620.33,-472.0988087864925,-620.0633164523997,57.4812104858417,56.795195154644475,0.6860153311972255,0.012006246212458436,0.0007362321031230918,0.006958767896876909,57.481342251875034,56.795360985944015,0.0007361955442570697,0.006958804455742931
-472.86,620.33,-473.387916350896,620.1273490040425,57.15192582664716,58.152061056365596,-1.0001352297184383,0.017347799616559207,0.0010703123709280597,0.006624687629071941,57.15201240925036,58.152190855315354,0.0010703586196641997,0.006624641380335801
-471.71,-165.81,-471.7502504527026,-165.92125967630554,-15.946325006072438,-16.876016874938113,0.9296918688656746,0.056649941203832876,0.0037314251096313296,0.00396357489036867,-15.946311796248725,-16.87600517169639,0.003731431156471214,0.0039635688435287865
-471.71,165.81,-471.40036529066737,165.9819263097013,-15.819162734882902,-14.62834130839847,-1.1908214264844315,0.07822128374080642,0.004781297838524748,0.0029137021614752522,-15.819159589062231,-14.628336704537766,0.004781303692738912,0.0029136963072610884
-471.47,801.63,-472.45108645682166,801.1670415055706,93.0930212624644,93.53409121398549,-0.4410699515210865,0.004726751067069574,0.00036608119261168645,0.007328918807388314,93.0931985828235,93.53431407243137,0.00036611898851471824,0.007328881011485282
-471.1,-302.76,-471.5430995394102,-303.01643425437925,1.8050041861979622,0.6154179096419803,1.189586276555982,0.9829577069227406,0.002615521178028596,0.005079478821971404,1.8050325538354777,0.615446376484325,0.0026155209599087875,0.005079479040091213
-471.1,302.76,-470.26490120292505,302.6105239091711,1.7115766497130132,3.2578933796878147,-1.5463167299748015,0.622326614639526,0.0034136715606674956,0.004281328439332505,1.711593006365213,3.257906203838843,0.003413663762265943,0.0042813362377340574
-470.46,-196.9,-470.4226189587139,-196.8908689054424,-12.523737888275424,-13.538846450471421,1.0151085621959979,0.07789776708266428,0.003443091725567789,0.004251908274432212,-12.52372611864395,-13.538856501321382,0.0034431657372763604,0.00425183426272364
-469.81,-340.11,-470.0660513927525,-340.4245646044687,7.639595029796872,6.485321382330557,1.1542736474663151,0.16343794381328502,0.002266098980968116,0.0054289010190318844,7.639647582189863,6.485326323495851,0.002266192452524711,0.00542880754747529
-469.32,-464.05,-469.0141941419636,-463.9166446224374,28.565382023414895,27.42756972713674,1.137812296278156,0.040641268613489254,0.001642837299374117,0.0060521627006258835,28.565453251336933,27.427641303035195,0.001642836796946221,0.00605216320305378
-469.29,-767.96,-469.5323437370301,-767.9840059601406,86.61638043780138,86.36456668643824,0.25181375136314443,0.002911462280088974,0.00021938737212936297,0.007475612627870638,86.61654507963775,86.3647453544337,0.00021937515213673833,0.007475624847863262
-469.28,-585.04,-469.4308109600727,-584.8477592162352,50.83001408007489,50.01419830712453,0.8158157729503586,0.01617972422290272,0.0009335284309879502,0.00676147156901205,50.83011304837016,50.014256148143424,0.0009335754924484646,0.006761424507551536
-469.28,585.04,-469.66389281084685,584.9426945709027,50.502241236516014,51.64087308201982,-1.1386318455038094,0.022294833148575395,0.0013020651166514715,0.006392934883348529,50.50231924166762,51.64105296428528,0.0013021816166744174,0.006392818383325583
-469.1,-374.09,-469.3264316520581,-374.0955233257139,13.119546978814025,11.99055611077323,1.1289908680407947,0.08992323639714316,0.0020201460888216675,0.005674853911178333,13.119572951360933,11.990586242185834,0.0020201386472058777,0.005674861352794123
-469.1,374.09,-469.3750188840493,374.14952878176837,12.94763605751804,14.521246457150902,-1.5736103996328623,0.11457403837178469,0.0028150227911070184,0.004879977208892982,12.947659489914017,14.521272386487091,0.0028150272578693165,0.004879972742130684
-468.29,-1169.74,-470.59190660033545,-1170.3416443172916,171.67033542077448,173.27546439326707,-1.6051289724925937,0.009306557571409248,-0.000915593485357098,0.008610593485357098,171.67060312767913,173.27573880083702,-0.0009155973075331333,0.008610597307533134
-468.29,1169.74,-466.85841399857264,1169.7960954926643,172.16343234365334,171.3737001136636,0.7897322299897382,0.004597652803007309,-0.0004542912556032102,0.00814929125560321,172.1637928078215,171.37416905705174,-0.0004542288532354402,0.00814922885323544
-467.89,547.25,-466.62752287137874,547.1324340442028,43.45434079529029,44.71298116036286,-1.2586403650725657,0.028551176040157895,0.0015487763802655842,0.006146223619734416,43.454394364277185,44.7130693514781,0.001548818983328465,0.006146181016671535
-467.65,-270.0,-467.7289558773082,-269.95333972335237,-2.9601535592565007,-4.129592522572246,1.169438963315745,0.32989586645791324,0.002909674920662169,0.0047853250793378314,-2.960165979608032,-4.12957913142705,0.0029096106992132125,0.004785389300786788
-467.65,270.0,-467.30030675601665,269.93132608450867,-2.988444225816128,-1.4614973357217202,-1.5269468900944076,0.6862772775679834,0.0038029835786451706,0.00389201642135483,-2.988444029022183,-1.4614787886357945,0.0038030292815176936,0.003891970718482307
-467.37,-407.38,-466.99867147258243,-407.05446426504733,18.704535117188765,17.59316860594641,1.1113665112423554,0.06123618836714459,0.001836703322325782,0.005858296677674219,18.7046031937925,17.593184811192394,0.0018367890476865443,0.005858210952313456
-467.24,-1137.8,-468.40606720215374,-1138.3048860972028,164.67228436386122,166.1079890375999,-1.4357046737386838,0.008680715200910417,-0.0008459289248284032,0.008540928924828405,164.67261790453452,166.1084392874562,-0.0008459976908326535,0.008540997690832653
-467.24,1137.8,-468.1195259622661,1137.1992695532813,164.89467423453414,164.19021769082693,0.7044565437072094,0.004281305893963589,-0.0004157294126457903,0.008110729412645791,164.89504386411676,164.1906267963155,-0.0004157061162546262,0.008110706116254626
-466.93,734.08,-464.75057289789993,733.8646893352407,79.580378881369,80.22004161848275,-0.6396627371137527,0.008005770386747463,0.0005892030676530729,0.007105796932346927,79.58056342138593,80.22022082463576,0.0005891981545499568,0.0071058018454500434
-466.12,-1105.77,-464.95953109673525,-1104.8488115317866,157.4560946485656,158.723869152179,-1.2677745036133956,0.008019322213676653,-0.0007753073096883743,0.008470307309688375,157.45639419055448,158.7242800227053,-0.0007753753926389301,0.00847037539263893
-466.12,1105.77,-464.4719622581562,1105.745261744973,157.98091267352123,157.4547187488119,0.5261939247093324,0.0033362998487943005,-0.0003218704536784581,0.008016870453678458,157.98133690658497,157.45511878862675,-0.00032188525257983395,0.008016885252579835
-466.01,-230.73,-465.80080565500566,-230.67728504505726,-8.269510515129998,-9.37387255083275,1.1043620357027528,0.12518710630199548,0.003228912487678801,0.0044660875123212,-8.269507919863575,-9.373924392699415,0.0032290716499219214,0.004465928350078079
-466.01,230.73,-465.7519146691855,230.9971283594757,-8.220298097881773,-6.761761942742272,-1.4585361551395017,0.19470435323108604,0.004258982366279191,0.0034360176337208097,-8.22029686746658,-6.761745884294399,0.004259025664711995,0.0034359743352880053
-465.5,1040.63,-466.82091158615725,1040.0244727542156,143.56966416814376,143.30183386852332,0.26783029962044225,0.0018672492837626482,-0.00017330684603469556,0.007868306846034696,143.57003075391992,143.30218661752764,-0.00017331579949250316,0.007868315799492504
-464.94,-1073.65,-464.8348533622414,-1074.0032071515582,150.762859861038,151.88496926523936,-1.1221094042013533,0.007415281368056086,-0.0007061237395818191,0.00840112373958182,150.7630526377549,151.88525539715107,-0.0007061824863662499,0.00840118248636625
-464.94,1073.65,-465.0242927385293,1074.5836449342632,151.12516860261414,150.71756036028592,0.407608242328223,0.0027007988148578044,-0.0002562577229657441,0.007951257722965744,151.125652960846,150.71783836814149,-0.0002563874526229727,0.007951387452622973
-464.74,-184.43,-464.75995825939054,-184.5370433818681,-13.831768530789661,-14.829035629869903,0.9972670990802417,0.06959100613437162,0.0036529952033462014,0.004042004796653799,-13.831774020879699,-14.829019860733744,0.0036529173306765893,0.004042082669323412
-464.74,184.43,-464.41391215758745,184.60022686806414,-13.762954606622207,-12.460972438367598,-1.301982168254609,0.09929726894228516,0.0047710883341371985,0.002923911665862802,-13.762947505613292,-12.460980709854768,0.004771032001924265,0.0029239679980757353
-464.48,210.62,-464.0737157760868,210.5954924272745,-10.745341335242653,-9.3563192795,-1.3890220557426538,0.13819973208819758,0.0044650155078440066,0.003229984492155994,-10.745309093165234,-9.356309505489431,0.0044649432841766395,0.003230056715823361
-464.2,-1008.27,-464.4004293717083,-1008.4340421259109,136.67004298841022,137.4460051224158,-0.7759621340055958,0.005661559323895344,-0.0005205354252270527,0.008215535425227053,136.67049096191852,137.44634891400133,-0.0005204655373045648,0.008215465537304565
-463.91,348.12,-463.87236114834894,348.6195632387516,8.907806017133307,10.49689278528783,-1.589086768154523,0.1637837087124745,0.003087075370840393,0.0046079246291596074,8.907817389453896,10.496922388386206,0.0030871107872734193,0.004607889212726582
-463.55,-511.1,-463.6335794057026,-511.0213587196222,37.20237926044598,36.121810950202025,1.0805683102439545,0.029473719577118123,0.0014328085496434692,0.006262191450356531,37.202425579272884,36.121898101629,0.0014327544065616009,0.0062622455934384
-463.28,-942.27,-463.8817699542933,-942.681208159213,122.75331148754647,123.23190991364575,-0.47859842609928194,0.0038912778855011514,-0.00034383412969638487,0.008038834129696385,122.75344156601733,123.2321284963031,-0.00034389771277204485,0.008038897712772046
-463.28,942.27,-462.97323650011657,942.9550113745878,122.7598113801552,122.7954404950828,-0.03562911492760179,0.00029019224517099125,2.5639411210571602e-05,0.007669360588789429,122.7600617013958,122.79573278624032,2.566961358749306e-05,0.007669330386412507
-462.81,975.81,-463.10561171129916,976.704065225088,129.95959813247703,129.86848747651135,0.09111065596567869,0.0007013149156076208,-6.328138958072058e-05,0.007758281389580721,129.9600079802423,129.8687907477443,-6.335541287679138e-05,0.0077583554128767915
-461.74,-909.51,-462.9708175893383,-910.0377704994595,115.92490250309584,116.23865423679841,-0.31375173370257414,0.0027028508531516653,-0.00023394995832306682,0.007928949958323068,115.92518999631153,116.2388927212293,-0.00023391341476990157,0.007928913414769902
-461.74,909.51,-462.5140479483485,908.958495235821,115.5815251240142,115.75803798340944,-0.1765128593952312,0.0015260066806062618,0.0001319037801521328,0.007563096219847867,115.58172250652845,115.75821122852,0.00013188574285558696,0.0075631142571444135
-461.19,-133.05,-461.1535536754662,-133.14504628113173,-18.891030332824897,-19.69940029580476,0.8083699629798637,0.04189484023949431,0.004136085119945344,0.0035589148800546566,-18.891008951908677,-19.699365479530783,0.004136016376936761,0.00355898362306324
-461.14,-335.04,-461.4543325880192,-335.3185795053061,7.025053528753492,5.846910575010568,1.178142953742924,0.1830556617848876,0.00239200188311461,0.00530299811688539,7.025094908012196,5.846902471963531,0.002392102347806214,0.005302897652193786
-461.14,335.04,-461.758980062252,335.2335467592273,6.830493552713225,8.411621455503848,-1.581127902790623,0.20746830763817645,0.003208884264267463,0.004486115735732538,6.830473803216872,8.41165430657712,0.0032089910166306725,0.004486008983369328
-460.75,414.86,-459.7270784775603,414.7487465604511,19.885953787296323,21.490798285994103,-1.60484449869778,0.07757228000182939,0.002644220472557955,0.005050779527442045,19.885972636651864,21.490857401123684,0.002644286816421267,0.005050713183578734
-460.08,-876.6,-460.0885653679927,-876.5150776799802,109.02307577845593,109.1575862690438,-0.13451049058787135,0.0012330193640954972,-0.00010478646712245119,0.007799786467122451,109.02326460885894,109.15774534551676,-0.0001047632881926936,0.007799763288192694
-460.08,876.6,-461.41800991189194,876.0876504399657,108.72008654390025,108.98458016250727,-0.2644936186070197,0.0024298387591636782,0.00020555259828335812,0.007489447401716642,108.72029148088703,108.98479541160465,0.00020556061239401807,0.0074894393876059825
-460.0,-319.38,-459.7143137990682,-319.1711487287319,4.5370009834465215,3.3413569213136682,1.1956440621328532,0.3035262110675201,0.002560000977304035,0.005134999022695966,4.536996670351101,3.3413808531769966,0.0025599405018462535,0.0051350594981537465
-460.0,319.38,-459.4052736055191,319.2856631754649,4.40100585856494,5.982307516544765,-1.5813016579798251,0.3045851744724247,0.00338679729948322,0.0043082027005167806,4.401083027329403,5.982328731841953,0.0033866774595710143,0.004308322540428986
-459.2,-139.78,-459.27881762040647,-139.77966427915598,-18.27679743405017,-19.10832552368039,0.8315280896302184,0.04448443786424801,0.004069175194789272,0.0036258248052107285,-18.276756283197003,-19.10828492623905,0.004069177902971617,0.0036258220970283835
-458.71,474.53,-459.2038327213404,474.4260260833557,30.307805553056866,31.784034782071757,-1.4762292290148906,0.047549862302268084,0.002128774517880729,0.005566225482119271,30.307895928626536,31.784093953542424,0.0021287295204714487,0.005566270479528552
-458.5,-809.12,-458.7453303023126,-808.8676474183288,95.15366837074586,95.04626087839,0.10740749235586122,0.0011294167435275133,9.093589139657648e-05,0.007604064108603424,95.15384717736987,95.04647483427422,9.090613249205929e-05,0.0076040938675079415
-458.32,142.62,-458.0929450493436,142.59282724363462,-17.91923301686639,-16.79065012711134,-1.128582889755048,0.06502948368184641,0.0054279026632472315,0.002267097336752769,-17.919241295055407,-16.79064181138797,0.005427982471422654,0.0022670175285773465
-458.29,-843.55,-459.3500385570912,-844.2993014366147,102.38797911829157,102.39022091018043,-0.0022417918888635313,2.189482951360874e-05,-1.8159545681706634e-06,0.007696815954568171,102.38825446734442,102.3904909348044,-1.8116415358138027e-06,0.0076968116415358145
-458.29,843.55,-456.7868514506857,843.4778321896306,102.01842332899153,102.43711807026851,-0.4186947412769797,0.004095704507801568,0.00034139732308630045,0.0073536026769137,102.01864527601091,102.43737962841381,0.000341429621395828,0.0073535703786041726
-458.09,-224.17,-458.1927067361896,-224.41594141517726,-8.928653486476676,-10.0123079409402,1.0836544544635238,0.1144244402393369,0.003310844755891275,0.004384155244108725,-8.928635793982663,-10.01235885194701,0.0033110543573375674,0.004383945642662433
-457.86,-356.04,-457.4443237683417,-355.80954334514155,10.389911983515688,9.245754417180471,1.1441575663352168,0.11653870492469276,0.0022084108608429872,0.005486589139157013,10.389943363134083,9.245739086267434,0.0022085010197930876,0.005486498980206913
-457.04,-202.76,-457.361904196912,-202.8625744520771,-11.585302800862166,-12.606436791878531,1.0211339910163648,0.0844200547961239,0.00345756764618188,0.00423743235381812,-11.585296307030886,-12.606474033672516,0.0034577157353496424,0.004237284264650358
-457.04,202.76,-456.2680906620231,202.89244226720544,-11.545292072032826,-10.164129058556124,-1.3811630134767015,0.12724088819951251,0.0046871499257318434,0.003007850074268157,-11.545302367730612,-10.16411809118479,0.004687222084623934,0.0030077779153760663
-456.83,-248.41,-456.7603652599537,-248.30727621898305,-5.751711527029283,-6.903154127023981,1.1514425999946987,0.18197626612114998,0.0031894390568572894,0.004505560943142711,-5.751718588193452,-6.903149182782663,0.003189405802477822,0.004505594197522179
-456.83,248.41,-456.14192434051205,248.37628374035896,-5.77690796052169,-4.263821512335316,-1.5130864481863746,0.30138974509306016,0.004195691027597289,0.0034993089724027118,-5.7769261706796975,-4.263799544751663,0.004195802437880814,0.003499197562119186
-456.46,775.66,-455.6560640740487,775.9916745336984,88.21723797577269,88.77258769985107,-0.5553497240783827,0.006275498853772465,0.0004934262123670491,0.007201573787632951,88.21735398672783,88.77279916650436,0.0004935110244080783,0.007201488975591922
-456.4,-556.86,-455.7363062999819,-556.7293413877427,45.83838526191012,44.894446481668986,0.9439387802411332,0.020806994824294853,0.0011687885886771598,0.006526211411322841,45.83844492577878,44.894607571571854,0.0011686630025757553,0.006526336997424245
-455.95,-434.75,-456.4472444603031,-435.21383702879757,23.793468703418416,22.6594297105133,1.134038992905115,0.048825327659856185,0.0017934306019353732,0.005901569398064627,23.79350957564749,22.65955579245988,0.0017932958466792396,0.005901704153320761
-455.95,434.75,-455.8424206665616,435.3466512299376,23.502591697682615,25.0714376127856,-1.5688459151029868,0.06459607890774191,0.002483591802273912,0.005211408197726088,23.502613556930235,25.071509077785386,0.0024836703316171915,0.005211329668382809
-455.26,-152.12,-455.43045303553737,-152.28800299065253,-17.05555674885806,-17.927275947291996,0.8717191984339365,0.0498369703794668,0.003948559847296682,0.003746440152703318,-17.055568600406197,-17.927265685587198,0.003948459682584478,0.0037465403174155223
-454.63,154.0,-454.35272740256397,153.92258799983253,-16.792239354281055,-15.631615819778581,-1.1606235345024736,0.0715907179002587,0.005213696533479322,0.0024813034665206787,-16.792269534745145,-15.631601112664042,0.0052138981752745655,0.002481101824725435
-454.26,-741.99,-455.6555167423465,-742.5665800402397,81.85074724768597,81.48157802491443,0.3691692227715464,0.00452046736193103,0.0003427704129349741,0.007352229587065026,81.85091883101647,81.48184532234241,0.0003426815432278199,0.007352318456772181
-454.14,-706.65,-454.83327518919526,-707.442748006209,74.89229885044668,74.40596525995464,0.4863335904920376,0.0065149262570448835,0.0004748326903304097,0.007220167309669591,74.8924294302433,74.40626476723301,0.00047466775767471964,0.007220332242325281
-454.14,706.65,-454.696637643784,706.5022327672191,74.29285321098864,75.05244153071318,-0.7595883197245428,0.010172243069837302,0.0007428358741761468,0.006952164125823853,74.29302366392307,75.05260314653266,0.000742827231960572,0.0069521727680394284
-454.01,-422.23,-454.32158666980325,-422.0952481782715,21.56036774334991,20.43973022406918,1.1206375192807307,0.05336356692072706,0.001835866917792977,0.005859133082207023,21.56038027463654,20.439813404077054,0.0018357511786285408,0.00585924882137146
-453.36,1197.02,-453.42244720338937,1197.6168017449636,178.56505727827138,177.8452307967656,0.7198264815057769,0.004039313710014049,-0.00041644417870178945,0.00811144417870179,178.56538475400117,177.84564694914408,-0.00041639287623504033,0.008111392876235041
-452.37,521.02,-451.8907746860146,521.005010349383,38.87434251325216,40.25041065175583,-1.376068138503669,0.03478224154795138,0.0018361765508335415,0.005858823449166459,38.87441127206323,40.250491207756795,0.0018361922925856041,0.005858807707414397
-452.07,-295.35,-451.51212353540586,-295.2934914231777,1.068783768382115,-0.11933170079343114,1.1881154691755462,2.0,0.0027995306865408152,0.004895469313459185,1.0687604458063262,-0.11931381343151415,0.002799433584459249,0.004895566415540752
-452.07,295.35,-451.8310092443844,295.76263294437064,1.02411198650654,2.5730194438125835,-1.5489074573060435,0.8611903608807702,0.0036412961866722137,0.004053703813327787,1.0241234817747262,2.573057707962448,0.003641359117111548,0.004053640882888452
-451.99,161.56,-452.12950842782203,161.745443396294,-15.975820307105398,-14.779463739871188,-1.1963565672342096,0.07779844045054873,0.005139437670541804,0.0025555623294581968,-15.975827699257124,-14.779456611941885,0.0051395000474731166,0.002555499952526884
-451.79,-1046.66,-452.5692341662202,-1047.0429967298774,145.21840677455336,146.19505979051493,-0.9766530159615741,0.0067028681102045224,-0.0006475012703410302,0.008342501270341031,145.21873023560505,146.19531153492073,-0.0006474537236498717,0.008342453723649872
-451.68,363.84,-450.93874979347993,363.8168279042457,11.594209225925063,13.189628753885948,-1.5954195279608854,0.12874676870148352,0.0030550930119209673,0.004639906988079033,11.594231295797705,13.189670507971638,0.0030551307055185894,0.004639869294481411
-451.57,-672.45,-452.32083208437547,-672.3291487519859,68.04740939924538,67.48264196923608,0.5647674300092973,0.008334202257089062,0.0005834329937511801,0.00711156700624882,68.04748162341903,67.48279760296978,0.0005833468275051458,0.007111653172494854
-451.57,672.45,-451.84050662803566,673.089373658907,67.76547854903112,68.66002614147617,-0.8945475924450506,0.013114081483142127,0.0009240499070546252,0.006770950092945375,67.76553880962318,68.66017710308081,0.0009241435994002908,0.00677085640059971
-451.31,237.52,-451.0026892560001,237.84932085614741,-7.065229832449457,-5.5858127918087845,-1.4794170406406728,0.23388065072263786,0.004332708212154193,0.0033622917878458076,-7.065220830142501,-5.585807054278863,0.004332698650735145,0.0033623013492648556
-450.57,1014.44,-450.89313333521113,1014.7004082059827,138.32951409129953,138.20069145946096,0.1288226318385739,0.0009317074898346101,-8.845666950438168e-05,0.007783456669504382,138.32958117098568,138.20102938919658,-8.827068903674415e-05,0.0077832706890367444
-449.87,-397.01,-449.58280511041676,-396.8348720466493,17.353481167402396,16.231557502450585,1.1219236649518116,0.06681091994447437,0.0019755756279648934,0.005719424372035107,17.35347195922779,16.231587684005465,0.0019755062672837725,0.005719493732716228
-449.87,397.01,-448.8576553327901,397.0290928273659,17.122989467961506,18.72308725280914,-1.6000977848476339,0.08927603415636687,0.0028207554031912377,0.004874244596808763,17.123002801305418,18.723141953906236,0.0028208283289301622,0.004874171671069839
-449.62,-168.06,-449.90492913672796,-168.15927967253992,-15.36213838434768,-16.269862022228654,0.9077236378809737,0.05739274318498407,0.0037693106193454574,0.003925689380654543,-15.362160500128281,-16.269849983194312,0.003769168791919915,0.0039258312080800856
-449.27,-982.12,-450.08450307351086,-982.4350714834296,131.45970844651197,132.02399030293634,-0.5642818564243726,0.004283239222028373,-0.0004009110637791148,0.008095911063779115,131.45996777623725,132.0242198498669,-0.0004008899036943549,0.008095889903694356
-448.75,-637.98,-448.588693972528,-637.7306450917717,61.41458240200798,60.758278838297684,0.6563035637102956,0.01074385190045425,0.000720724067226802,0.006974275932773198,61.414626215530305,60.75837694329455,0.0007206644466876026,0.0069743355533123975
-448.75,637.98,-448.85754444702326,638.8773325877877,61.16910813633041,62.17577412054305,-1.0066659842126455,0.016322784793230422,0.0011028317421440184,0.006592168257855982,61.16916937072293,62.17588602931566,0.0011028872573951014,0.006592112742604899
-448.62,-220.77,-448.85775300665796,-220.81312152653325,-9.212558089652532,-10.262937849881286,1.0503797602287541,0.10786680488033794,0.003329374195553101,0.004365625804446899,-9.212579176854188,-10.262982202414584,0.0033294479393529645,0.004365552060647036
-448.62,220.77,-448.2472220974764,221.01912587796366,-9.155917670236882,-7.758543983586559,-1.3973736866503224,0.1652282780557136,0.004431134881181496,0.003263865118818505,-9.155912990560907,-7.758539091100715,0.004431135556011173,0.0032638644439888275
-448.53,-170.93,-448.43321549868637,-170.94910732902613,-15.036143717137364,-15.957076364543084,0.9209326474057207,0.05942800683366669,0.0037740976358475735,0.003920902364152427,-15.036137898282336,-15.957069810806217,0.003774094624209514,0.003920905375790486
-448.3,-335.6,-448.36230708893817,-335.5896607819133,7.351573953092572,6.186899615926393,1.1646743371661792,0.17205401055424518,0.002431737608713561,0.005263262391286439,7.3516089820404495,6.18690183118154,0.0024318061208187447,0.005263193879181256
-448.3,335.6,-448.6087787092031,335.6433252093138,7.171012041763017,8.739451255509636,-1.5684392137466183,0.19715820770793993,0.0032724406717070894,0.0044225593282929115,7.17101391610802,8.739485975948941,0.0032725092028264096,0.0044224907971735904
-447.87,-484.78,-448.64837492078595,-485.3294864082536,32.86598384671492,31.756178876722455,1.1098049699924637,0.034347503185310636,0.0016012301582073827,0.006093769841792618,32.8659966203718,31.75627278976012,0.0016011130900494273,0.006093886909950573
-447.15,429.49,-447.6844159791913,429.37814668729817,22.652504638667722,24.217590479527964,-1.5650858408602417,0.06678398398439142,0.0025578561766332985,0.0051371438233667015,22.652488796403187,24.21763385412514,0.002557952956127134,0.005137047043872866
-446.98,-265.73,-447.15510969136704,-265.66839455679406,-3.1338890578501797,-4.299236771588628,1.1653477137384485,0.31355522305921485,0.003081820303333979,0.004613179696666022,-3.1338644809460128,-4.299213035799223,0.0030818225277040277,0.004613177472295973
-446.98,265.73,-446.3711528216563,265.654066302046,-3.176696328937272,-1.6716792500340034,-1.5050170789032684,0.6208335366719266,0.003987298165910969,0.0037077018340890312,-3.17667251620907,-1.6716577020959598,0.003987292165717503,0.0037077078342824974
-445.65,-603.24,-446.5907291326896,-603.8700398083287,54.96797306192491,54.13795822517074,0.8300148367541667,0.01521484353715123,0.0009669021854345049,0.0067280978145654955,54.968119332430966,54.13805121308213,0.0009669642554782574,0.006728035744521743
-445.65,603.24,-444.6744992485067,603.4107816417272,54.444069891301766,55.584698794777765,-1.1406289034759993,0.02073328488716075,0.0013354848159729332,0.0063595151840270675,54.444132869762655,55.58480565626197,0.001335536195620722,0.0063594638043792786
-445.4,816.4,-446.3900618326843,815.9471743325397,96.54212070600487,97.05785331059855,-0.5157326045936799,0.005327816878213525,0.0004448339250626123,0.0072501660749373885,96.54232285595023,97.05807935618301,0.00044485453572565617,0.007250145464274344
-445.37,-371.54,-445.42753453283905,-371.38257907735834,13.225719725391002,12.069121560464403,1.1565981649265993,0.09144933165272369,0.0021965130298771474,0.005498486970122853,13.225753723939555,12.069139765704449,0.0021965430231876775,0.0054984569768123225
-444.88,180.22,-445.115766709978,180.27449284002458,-13.87345211044958,-12.623253737926499,-1.2501983725230819,0.09436632460481524,0.004894648863866219,0.0028003511361337817,-13.873453152126418,-12.623251045963173,0.004894663481432506,0.002800336518567494
-444.72,566.24,-445.5479269422305,566.3427348729089,47.4235339038582,48.67568681706815,-1.2521529132099474,0.026059585162427467,0.001558954643566827,0.0061360453564331735,47.423698393053016,48.67578788679909,0.0015588756851052442,0.006136124314894756
-444.17,181.96,-443.8661141760296,181.87242761542475,-13.672915090791054,-12.416782444582672,-1.256132646208382,0.09629338511918385,0.00488839758173704,0.0028066024182629608,-13.672891908266994,-12.416777338058983,0.004888327236716736,0.0028066727632832644
-444.15,-250.67,-444.25862695772776,-250.69262679269283,-5.135197040592509,-6.311167484983052,1.1759704443905434,0.20547492468250075,0.0033171785504421923,0.004377821449557808,-5.135191674634896,-6.311151360755662,0.00331714820350455,0.004377851796495451
-443.51,-783.14,-444.8079629461743,-783.8965137909,90.43945017362698,90.13621368769037,0.30323648593660835,0.0033585531898638883,0.000273212170470085,0.007421787829529915,90.4397029593646,90.13637756079132,0.0002732922796112124,0.007421707720388788
-442.97,-358.71,-442.67900456340107,-358.60364031248747,11.222072056952083,10.041224444573224,1.1808476123788587,0.11106910090767454,0.0023368998994120448,0.005358100100587956,11.222155483979574,10.041223517770415,0.0023370668358189744,0.005357933164181026
-442.97,358.71,-443.70503678876844,358.8040213364559,10.947323613391394,12.535255408999618,-1.587931795608224,0.13524338992698423,0.003133502582635889,0.0045614974173641114,10.947382679799524,12.535287553092886,0.0031334494562085535,0.004561550543791447
-441.45,749.68,-442.10320047490933,750.8295045263286,83.38099514315512,84.05084535997446,-0.6698502168193414,0.008001467520233355,0.0006339610642985015,0.007061038935701499,83.38119272766366,84.05100594898295,0.000633926050938799,0.007061073949061201
-441.04,-189.44,-441.26491074196156,-189.58921600724256,-12.782024966883316,-13.80873071174287,1.0267057448595533,0.07722275795906212,0.003855518934275489,0.0038394810657245114,-12.78202225738104,-13.808717486051604,0.0038554794435392494,0.003839520556460751
-440.97,-530.7,-440.5740788672203,-530.4286299058537,41.36196495944573,40.239282163136735,1.1226827963089931,0.02751631466177188,0.001509249502594446,0.0061857504974055545,41.36201792755428,40.23933181949468,0.001509253954660486,0.006185746045339514
-440.46,-132.64,-440.4354225870345,-132.80399389404087,-18.536097425700653,-19.36562825352774,0.8295308278270852,0.0437727207910061,0.004455423863235048,0.0032395761367649527,-18.53610566453307,-19.365594078936756,0.004455196060033042,0.0032398039399669587
-440.32,-1180.56,-440.05447426867994,-1180.0767562741269,174.6249451521918,175.93189516585747,-1.30695001366567,0.007456422829917768,-0.0007906643418984786,0.008485664341898479,174.6254869472211,175.932265435266,-0.0007905605742022023,0.008485560574202203
-440.32,1180.56,-441.68302357898517,1179.990902440118,174.78823222153972,174.13860757347837,0.6496246480613479,0.00372355791513762,-0.0003915822532924832,0.008086582253292484,174.78861269716137,174.13910729156984,-0.00039151037603973377,0.008086510376039734
-440.17,-436.64,-440.4567021858589,-436.9558415439985,24.535928451804892,23.33908819660509,1.1968402551998025,0.04999853113323363,0.0019536433719706987,0.005741356628029302,24.53596647724334,23.339220871469067,0.0019534888724691605,0.0057415111275308395
-439.49,-238.43,-439.793595220676,-238.68273484856965,-6.628222412518902,-7.789793973823713,1.161571561304811,0.16112779042269687,0.0034763695530923597,0.00421863044690764,-6.628210364469204,-7.7898524507679845,0.00347658062139838,0.00421841937860162
-439.49,238.43,-438.90272891755984,238.42163720123935,-6.719299057547516,-5.265235589426787,-1.4540634681207294,0.24265664223981062,0.004365352203968999,0.0033296477960310013,-6.719274519821251,-5.265222431385499,0.0043653180401694225,0.003329681959830578
-439.39,-1148.84,-440.27754133268627,-1148.901327821531,167.7431212267381,168.9232248074042,-1.180103580666099,0.0070105229974273785,-0.0007329270271503448,0.008427927027150344,167.74347739065536,168.92366917744235,-0.000732981809333046,0.008427981809333046
-439.39,1148.84,-440.2627873185802,1148.2841525791719,167.75662641078176,167.17333598056143,0.5832904302203303,0.0034830591211113837,-0.0003624710901165177,0.008057471090116518,167.7569890201282,167.17361850398348,-0.00036252085748936415,0.008057520857489365
-438.93,379.13,-437.89118530919336,378.92368915786136,14.342761628091424,15.947767967509538,-1.6050063394181144,0.1059741352063522,0.003038845811638524,0.004656154188361477,14.342812135389735,15.947801625070568,0.003038813909114335,0.004656186090885665
-438.41,-1117.05,-439.6179774252162,-1117.4715232125927,160.8666221765093,161.92930644793617,-1.0626842714268605,0.006584248295542988,-0.0006795825470628932,0.008374582547062893,160.8669262609693,161.92994992721236,-0.0006797995887561325,0.008374799588756133
-438.41,1117.05,-439.49536403016646,1116.1153196778716,160.6697765971326,160.20673365114357,0.46304294598903084,0.0028861130759042118,-0.00029655672547443385,0.007991556725474434,160.66991975912245,160.20722833012508,-0.00029633159575612726,0.007991331595756128
-438.3,-195.69,-438.39649051177076,-195.8798491592029,-11.978326231812382,-13.02538802366179,1.0470617918494085,0.08375250022065588,0.003830587217058825,0.0038644127829411757,-11.978317183319037,-13.025403410378976,0.0038306766112147696,0.003864323388785231
-437.99,1052.5,-438.4011587003377,1053.1585824174156,146.89269489234692,146.6818378453116,0.2108570470353186,0.0014364805085033915,-0.00014347377594227845,0.00783847377594228,146.89294612677398,146.68218079935352,-0.0001434113670275344,0.007838411367027535
-437.49,142.15,-437.31025489303084,142.06792727193883,-17.569036785260053,-16.486049959462896,-1.0829868257971569,0.06360205944652145,0.00547630137381983,0.00221869862618017,-17.569021788100436,-16.486040935131477,0.005476271171229652,0.002218728828770348
-437.37,-1085.18,-439.01325431908816,-1085.4720919237247,153.90738772635996,154.84106284610965,-0.9336751197496937,0.006048128293557483,-0.000615530198149867,0.008310530198149868,153.90776953331243,154.84135839111798,-0.0006154733295127459,0.008310473329512746
-437.37,1085.18,-437.4851547396427,1085.953185963206,154.08391655074544,153.70994845153712,0.3739680992083265,0.002429990599101468,-0.0002472919648389757,0.007942291964838977,154.0841216748961,153.71029725714456,-0.0002471969533397703,0.00794219695333977
-437.0,198.57,-436.77442933097404,198.79479076396584,-11.60167504053534,-10.285097451634506,-1.3165775889008344,0.12030806180964779,0.004763587269668014,0.0029314127303319863,-11.601662771515478,-10.285088707657819,0.004763574515500744,0.0029314254844992563
-436.85,-1020.42,-438.35647683355245,-1020.7735089058903,139.97857685730824,140.59734422973628,-0.6187673724280387,0.004410694759769319,-0.00043443065146933705,0.008129430651469337,139.97887880074444,140.59766302456393,-0.00043444248267003073,0.008129442482670031
-436.8,494.78,-437.1644986875999,495.3326765218226,34.50668888701151,35.958960136234225,-1.4522712492227186,0.04121926837695435,0.002106957362411578,0.005588042637588423,34.506770451420266,35.95903465116232,0.0021069471350141852,0.005588052864985815
-436.6,263.6,-436.6093953732909,263.6512125803626,-3.2513354649179895,-1.7463818922886354,-1.5049535726293541,0.6022563762871609,0.004107240415852349,0.0035877595841476515,-3.251314580644113,-1.7463588198181483,0.004107246387763855,0.0035877536122361454
-436.47,-282.66,-436.7886397502712,-282.69797851050043,-0.37679164250704034,-1.607391854575198,1.2306002120681576,1.2404096837593575,0.0031309261277837437,0.004564073872216257,-0.37677223122607373,-1.6073741142115523,0.0031309303789764918,0.004564069621023509
-436.47,282.66,-436.6945892086581,282.78657025512547,-0.5431631469655969,0.9739739382114969,-1.5171370851770938,2.0,0.0038595627444994816,0.003835437255500519,-0.5431482868671083,0.974021948304383,0.0038596470773423126,0.003835352922657688
-436.19,-955.11,-437.7506736389511,-955.4970622444031,126.10163286213586,126.42047251979776,-0.31883965766189704,0.002525241559978757,-0.0002394782234217767,0.007934478223421778,126.10183701907975,126.42075173862797,-0.0002395346018764351,0.007934534601876436
-436.19,955.11,-435.82738431637,955.7656104643596,125.9429868257819,126.0146371499131,-0.07165032413119832,0.0005687490062861526,5.403835465440738e-05,0.007640961645345593,125.94320303536944,126.01494261421081,5.4105670158440756e-05,0.00764089432984156
-436.04,-351.38,-435.9561263635679,-351.3319834299346,10.234840600931385,9.031650223527635,1.2031903774037502,0.12489979502404111,0.00246787836164297,0.00522712163835703,10.234864551772514,9.031653473577496,0.0024679208212867623,0.005227079178713238
-436.04,351.38,-436.02096102813783,351.82613279100246,9.99523457005716,11.590474021068022,-1.5952394510108618,0.14780515027120616,0.0032669334800319674,0.0044280665199680335,9.995273149477345,11.590513470870267,0.0032669352625106355,0.004428064737489365
-435.63,988.24,-434.435432844442,988.1964502020851,132.91499013103913,132.89179980208627,0.023190328952864547,0.00017449011711626348,-1.697025049641146e-05,0.007711970250496412,132.9152748918578,132.89214907464805,-1.692304200519447e-05,0.007711923042005195
-435.11,-319.81,-435.0326329249421,-319.71994121053723,5.258755719501462,4.006434693240983,1.2523210262604785,0.2703281790168408,0.00282861594317667,0.00486638405682333,5.258788041160489,4.00646028558177,0.0028286311426794033,0.004866368857320598
-435.11,319.81,-435.68607251824284,319.94862309277175,5.017162527612058,6.584222421451713,-1.5670598938396552,0.2701504864668966,0.003531681624959885,0.004163318375040115,5.017196536265352,6.584249425132974,0.003531665837860036,0.004163334162139964
-434.84,-922.67,-435.49572769467414,-922.9213774845275,119.29444748132238,119.55802290951593,-0.2635754281935476,0.0022070144617910353,-0.0002060184849083193,0.00790101848490832,119.29462410905757,119.55822674893435,-0.0002060397543786553,0.007901039754378655
-434.84,922.67,-434.666450646896,923.5874443446199,119.1484542499955,119.37566944531052,-0.22721519531502565,0.0019051758102696017,0.00017780873964781855,0.007517191260352182,119.14864818714076,119.37592247709195,0.00017785498454248963,0.0075171450154575105
-434.75,-455.95,-434.79979865773015,-455.8325695970082,28.006726272836204,26.752207443385046,1.2545188294511576,0.04581969531957965,0.001988531018973178,0.005706468981026822,28.006778834304917,26.752290976004364,0.001988481926769678,0.005706518073230322
-434.75,455.95,-435.5889768748495,456.0822891644654,27.557921823011895,29.081876482598148,-1.523954659586252,0.05381214994317195,0.002409915584379956,0.005285084415620044,27.55796845260791,29.081942945257097,0.0024099469475226554,0.005285053052477345
-434.3,-151.59,-434.5919589562681,-151.75452564301054,-16.65737935371981,-17.56919812811968,0.9118187743998689,0.0532813293928484,0.004343452383228318,0.003351547616771682,-16.65736136143182,-17.569186290366694,0.0043434817003804565,0.003351518299619544
-433.39,-890.1,-432.72100499845527,-889.5872425304536,112.41166074558902,112.44676669560334,-0.03510595001432648,0.00031224935986451125,-2.8650623632896617e-05,0.007723650623632897,112.41183001557357,112.44696136956412,-2.8671356293920603e-05,0.007723671356293921
-433.39,890.1,-434.006105463113,889.981426478436,112.11106083315381,112.4087689968793,-0.29770816372548836,0.002651954296873114,0.000242138492579694,0.007452861507420306,112.11124018428343,112.40894538120301,0.00024213607955244785,0.007452863920447553
-433.08,443.67,-432.0066904405108,443.4895609870511,25.44370223612089,26.98672874166658,-1.54302650554569,0.05885995887386103,0.0025301681501790543,0.005164831849820946,25.443755909609123,26.986781406001402,0.002530166495426002,0.005164833504573999
-432.84,-575.37,-432.3318206516505,-575.2758364594259,49.94580705239945,48.99455819595398,0.9512488564454742,0.019228731449650777,0.0012015744527041907,0.00649342554729581,49.945875131037425,48.994689992144835,0.0012014939675785423,0.006493506032421458
-432.77,-207.62,-432.9576304305927,-207.6932757005718,-10.434139456715958,-11.504974510359663,1.0708350536437052,0.0976188058688901,0.003741145663179917,0.003953854336820084,-10.434114353439089,-11.505035547018862,0.0037414466077998654,0.0039535533922001355
-432.35,-386.61,-432.91672715947635,-386.94511998192434,16.17368874733252,14.972633794388635,1.2010549529438848,0.07712338760603576,0.0022524699760421026,0.005442530023957897,16.17373393675024,14.972646276773403,0.002252531315125336,0.005442468684874665
-432.19,-823.47,-431.7832120764071,-823.0375329345775,98.750844766878,98.51886174138218,0.23198302549582195,0.0023519376553247746,0.00020507876211527462,0.007489921237884726,98.75099400112792,98.51913364221505,0.00020497032180619927,0.007490029678193801
-432.0,209.22,-432.1633514978003,209.32854625650387,-10.245076668123739,-8.904914897979548,-1.3401617701441904,0.13996473737527515,0.004654046363509782,0.003040953636490218,-10.245059510572851,-8.904905146791045,0.004654020643067156,0.0030409793569328445
-431.84,-857.39,-432.0789297481794,-857.0495937832305,105.71181430650478,105.6206147544757,0.09119955202908159,0.0008630909362496917,7.737016728008784e-05,0.007617629832719913,105.71195743231891,105.62084703600009,7.729453102899856e-05,0.007617705468971002
-431.84,857.39,-432.82995403138784,856.9815666353508,105.27152531449963,105.68293935718793,-0.41141404268830684,0.003900500928753495,0.00034844978022562355,0.007346550219774377,105.27162234984141,105.68320373849363,0.0003485915149704254,0.007346408485029575
-430.92,160.97,-430.5435533830949,160.90453193462542,-15.616777346181998,-14.463149763030298,-1.1536275831516996,0.07670414751759082,0.005231547067675733,0.002463452932324268,-15.616776504570687,-14.46313679637792,0.005231602053118146,0.002463397946881854
-430.43,790.4,-429.07004650346624,790.2320841078005,91.61816856609255,92.21311352368744,-0.5949449575948904,0.006472728154116117,0.0005512439105128024,0.007143756089487198,91.6183997698707,92.21329843168743,0.0005512010153416297,0.00714379898465837
-429.66,-255.72,-429.76335672053807,-255.89783241618633,-4.02812556963044,-5.248232337718683,1.2201067680882431,0.2630572861190755,0.003485392710747078,0.004209607289252923,-4.028110098912453,-5.248195335478588,0.003485331203170716,0.004209668796829285
-429.66,255.72,-428.9612629166768,255.65223334654164,-4.177901746335426,-2.6951669363486417,-1.482734809986784,0.43146224152316986,0.004247620322300933,0.0034473796776990674,-4.177879030021405,-2.69514326634636,0.0042476230543509325,0.003447376945649068
-429.52,-418.94,-429.67954370029963,-419.12087811541704,21.729524162830785,20.538959069684076,1.1905650931467093,0.056333466549888966,0.002076916536689586,0.005618083463310415,21.729564757510584,20.53902436592225,0.002076873445324516,0.0056181265546754846
-429.52,418.94,-429.4399025399263,419.54971998942375,21.369545182994603,22.956801610178395,-1.5872564271837923,0.0716168392847685,0.002767649795631491,0.00492735020436851,21.369604651401616,22.956856531184542,0.0027676418664696594,0.004927358133530341
-429.37,540.13,-429.2581258323988,540.6976034170485,43.00109066917312,44.33124555106809,-1.3301548818949769,0.030461909974341984,0.0018004419182666633,0.005894558081733337,43.00120678846304,44.3313398065623,0.0018004123243488155,0.005894587675651185
-428.67,-276.3,-428.52897018660997,-276.19250072741846,-1.1103783682905686,-2.3384693224570405,1.228090954166472,0.7121746532681806,0.003259780336236197,0.004435219663763803,-1.110375929341302,-2.3384488066021234,0.0032597323538441922,0.004435267646155808
-428.63,-722.41,-428.36887072067276,-722.2093083488709,78.53722965551724,77.95355987744136,0.5836697780758726,0.007459477708788038,0.0005927015925306776,0.007102298407469323,78.5373360764917,77.9538492287639,0.0005925158314844512,0.00710248416851555
-428.63,722.41,-428.6083286170585,723.0906413815534,78.09910538004587,78.86177972318245,-0.762674343136581,0.009718017869674902,0.0007730999813223433,0.0069219000186776574,78.09920581310395,78.86194905259265,0.0007731698194767474,0.006921830180523253
-428.52,-757.15,-429.53124561599844,-757.8541086843073,85.6167391246264,85.14357305977624,0.47316606485016166,0.005541873972907633,0.00045664961051336485,0.007238350389486636,85.61687337988712,85.1438093953931,0.0004565510933999522,0.007238448906600048
-428.36,216.58,-427.98177663525604,216.53632380053736,-9.266964956943653,-7.906909286114512,-1.3600556708291407,0.15838658785787807,0.004610526490655586,0.0030844735093444146,-9.266959437348733,-7.906893986804594,0.004610559643441931,0.0030844403565580695
-427.98,-139.06,-427.86502176132893,-139.11681679477772,-17.707809912796716,-18.564278144608984,0.8564682318122685,0.04722464449561253,0.0045203776141295735,0.003174622385870427,-17.707815790164446,-18.564244033454322,0.004520166557589787,0.0031748334424102137
-427.33,-170.26,-427.3711670562079,-170.45399322431624,-14.581310977733756,-15.553037716620889,0.9717267388871331,0.06449296440703735,0.004190652286320726,0.003504347713679274,-14.581303179501138,-15.553022094837385,0.004190618546607599,0.0035043814533924017
-426.41,-688.68,-426.73677343350465,-688.4269186998023,71.91446210819632,71.27119337701342,0.6432687311829,0.008985100204389482,0.0006878985611127015,0.007007101438887299,71.91453137859963,71.271381691319,0.000687771257973121,0.007007228742026879
-426.41,688.68,-427.3581901905947,688.4045183499871,71.2710514071765,72.14818628316772,-0.8771348759912172,0.01223176039862985,0.0009366568390327307,0.00675834316096727,71.27116888977156,72.14831096387537,0.0009366645256058884,0.006758335474394112
-425.87,-450.59,-425.4060753967926,-450.4236129000886,27.304383465729547,26.0466382927486,1.2577451729809468,0.04714980637764731,0.002062137852505712,0.005632862147494288,27.304428708653887,26.046734129128787,0.002062054901934619,0.005632945098065382
-425.65,393.98,-425.9860807698583,393.9942007339575,17.138804194278407,18.737909326398857,-1.5991051321204495,0.08914446030285454,0.0029932407683427985,0.004701759231657202,17.138846475444936,18.73793932274683,0.0029932177733445367,0.004701782226655463
-425.51,-504.52,-425.3356487735744,-504.22273349021725,36.953464568439244,35.775853342373225,1.1776112260660199,0.032383398054416444,0.0017250337780117067,0.005969966221988294,36.953526151858625,35.77596774612549,0.0017249564036997337,0.0059700435963002665
-425.32,-299.17,-425.5515347893708,-299.41286286187096,2.40602339259954,1.146511681667203,1.2595117109323368,0.7090777062587088,0.00310548522698152,0.00458951477301848,2.4060553883171387,1.1465317828256758,0.0031055145545195867,0.004589485445480414
-425.32,299.17,-425.0748670876912,299.4620205208718,2.1846977809887207,3.718266397232142,-1.5335686162434214,0.5195927232293098,0.003784825898533234,0.003910174101466766,2.1847244701460973,3.718268940944448,0.0037847663079124635,0.003910233692087537
-425.29,-222.56,-425.2799165421479,-222.4982859732161,-8.384319512255864,-9.502531143247008,1.1182116309911443,0.12503169535293543,0.0037125501948584703,0.003982449805141531,-8.384306970977882,-9.502571441684829,0.0037127256268534195,0.0039822743731465805
-425.28,1207.29,-425.5323078522886,1206.5739804948519,181.08193291359433,180.42904388239876,0.6528890311955706,0.00361200114575778,-0.000399487091484649,0.008094487091484649,181.0825597076073,180.42952556690275,-0.00039957588050225037,0.00809457588050225
-424.12,-1058.17,-422.8499298529138,-1057.496473278955,148.21652051559442,149.01087683069326,-0.7943563150988382,0.005345108305566903,-0.0005580845949164393,0.00825308459491644,148.21689737055507,149.01118269841317,-0.0005580347219756148,0.008253034721975616
-423.98,-654.71,-424.81881103247497,-655.2737773321875,65.48192110988168,64.7526844755271,0.729236634354578,0.01119881510872837,0.000822984816435893,0.006872015183564107,65.48200268002188,64.75275080298157,0.0008230020186694751,0.006871997981330525
-423.98,654.71,-422.836436820194,654.7449432516012,64.79568249783017,65.78771379217484,-0.9920312943446703,0.015193835089746421,0.0011257207926548692,0.006569279207345131,64.79581050529231,65.78784865212046,0.00112572856860224,0.00656927143139776
-423.76,-225.44,-424.04061761837556,-225.57992897335808,-7.953611368777363,-9.085654411867917,1.1320430430905546,0.1328746270718343,0.003717961590459183,0.0039770384095408175,-7.953598189435677,-9.085697740664997,0.003718147179771145,0.003976852820228856
-423.59,-381.4,-423.1675946962926,-381.2249848489482,15.49593025764613,14.27617204095031,1.2197582166958192,0.08193967657791655,0.002375362337709514,0.005319637662290487,15.495980677374934,14.276203166505596,0.002375399911265066,0.005319600088734935
-423.59,381.4,-422.7877187611709,381.31595649387214,15.117807121224793,16.705297765000793,-1.5874906437760004,0.09976968931545928,0.0030935255311833744,0.004601474468816626,15.117818496507194,16.705341323739404,0.0030935882467299862,0.004601411753270014
-423.54,179.48,-423.36274998500267,179.44512220190538,-13.502719151898937,-12.266000739189682,-1.236718412709255,0.0959860185477773,0.005114184579730224,0.0025808154202697766,-13.502703221653116,-12.2659902884906,0.0051141619202362334,0.002580838079763767
-423.22,-366.72,-423.1333879543063,-366.55027423771236,13.071515652764248,11.845793049588213,1.2257226031760347,0.09838322571813811,0.0024827398980291583,0.005212260101970842,13.071553926575408,11.845798605261223,0.0024828061696527425,0.005212193830347258
-423.22,366.72,-422.4849064582367,366.6001864473663,12.718640428240434,14.295879533309048,-1.5772391050686139,0.11676973030159649,0.003199215750258943,0.004495784249741057,12.718661315211705,14.295916648603917,0.0031992486672138237,0.004495751332786176
-423.14,153.13,-423.00398369184603,153.0813041149586,-16.23578887548878,-15.121503558521002,-1.114285316967777,0.0710702506801407,0.005406045165324322,0.0022889548346756786,-16.23577348403701,-15.1214928847044,0.005406022277336485,0.002288977722663515
-423.05,1026.22,-423.31007635685813,1027.195166709752,141.56427983460952,141.48360138669005,0.08067844791946754,0.0005700692587512394,-5.829023869924778e-05,0.007753290238699248,141.56461652101328,141.4839384243783,-5.828998489594638e-05,0.007753289984895947
-421.91,-994.18,-422.671323867509,-994.3471459146589,134.68231222504738,135.13560469841087,-0.45329247336349,0.0033599879395116647,-0.0003388344542641526,0.008033834454264152,134.68257302631457,135.1359026085137,-0.00033886219298211477,0.008033862192982116
-421.32,-620.48,-422.0585499770005,-621.0666914867978,58.94269578880465,58.0956853581899,0.8470104306147519,0.014474062650455628,0.001015144089878852,0.006679855910121149,58.9427995627039,58.095826037244386,0.0010150998589592848,0.0066799001410407155
-421.32,620.48,-421.2404402073336,620.8909676989296,58.29100522449314,59.39686650178466,-1.1058612772915168,0.018793122198072616,0.0013283273776072137,0.006366672622392787,58.291071528842316,59.39700024115693,0.0013284083785331255,0.006366591621466875
-420.78,584.25,-420.87179185339,584.837764117854,51.44014820059567,52.67123311217951,-1.2310849115838352,0.023649381961139585,0.0015712766409040225,0.006123723359095978,51.44021783994449,52.671409020652526,0.0015714122758963272,0.0061235877241036735
-420.38,288.76,-419.3965880045002,288.6257809999224,0.7271276337601371,2.2441619165723132,-1.5170342828121761,1.0211285417420453,0.003937179851922622,0.0037578201480773787,0.7271563544484465,2.2442038594449514,0.003937214167638705,0.003757785832361296
-419.68,-132.18,-419.4458350114342,-132.20964261163948,-18.13243188165344,-18.969426678375612,0.8369947967221734,0.045118753033245244,0.004741694976640454,0.0029533050233595468,-18.13242425113993,-18.969393845942065,0.004741552204166697,0.0029534477958333034
-419.55,-188.62,-419.5664648667689,-188.88818431774996,-12.332674125884978,-13.371596235467724,1.038922109582746,0.08083653766300271,0.004118388389076614,0.003576611610923386,-12.33266152587521,-13.371593172049543,0.0041184261930541245,0.003576573806945876
-419.15,-272.6,-418.90652764478835,-272.5185607690338,-1.3726447632840362,-2.6061084440601405,1.2334636807761044,0.6200252272492383,0.0033944000443792317,0.004300599955620769,-1.3726274154427713,-2.6060835603904344,0.003394379306341465,0.004300620693658535
-419.15,272.6,-419.321274274778,272.69374474915304,-1.566132382867334,-0.056417482831118804,-1.5097149000362151,1.860916489474219,0.004147847122749486,0.003547152877250515,-1.5661138379498176,-0.056399069084168474,0.004147846762366572,0.0035471532376334285
-418.98,234.21,-418.73087075635686,234.4874818102475,-6.7593547932726,-5.332630643535385,-1.4267241497372147,0.23597847635414257,0.0045649417712827055,0.003130058228717295,-6.759339996419399,-5.332615074331798,0.004564944242492393,0.0031300557575076075
-418.87,830.33,-417.9630479829366,830.552487163066,100.10347907769716,100.68592131132102,-0.5824422336238655,0.0058015237108673704,0.0005271057583584002,0.0071678942416416,100.10361287969721,100.68608874625352,0.0005271361959045423,0.007167863804095459
-418.83,-401.23,-418.3888622233748,-401.02396654352134,18.96734320353581,17.744795782975235,1.2225474205605735,0.06660180824711782,0.00228910199176866,0.00540589800823134,18.96739210663412,17.744842939880193,0.002289105261347093,0.0054058947386529076
-418.56,457.39,-419.2360536171279,457.38203773425545,28.17797078092456,29.701721953605656,-1.523751172681095,0.052652358735555155,0.002496469107877852,0.0051985308921221485,28.177999542543944,29.701794997694773,0.0024965416589739185,0.005198458341026082
-418.16,235.68,-418.3408645814775,235.73771684674207,-6.586494593562591,-5.155498226056672,-1.4309963675059194,0.24373994934061283,0.004558574338320716,0.0031364256616792843,-6.586475829628217,-5.155492434127552,0.004558533014770487,0.0031364669852295135
-417.85,-167.04,-418.12456064592044,-167.19623527969813,-14.698695915123514,-15.665022408467415,0.9663264933439013,0.06365007625519428,0.0043425175889138,0.0033524824110862,-14.698688166881807,-15.66501513394598,0.004342519717737368,0.0033524802822626322
-417.57,-549.3,-417.6509219672377,-549.010758048186,45.434696195214684,44.34707246001007,1.087623735204616,0.024228164615051232,0.0014901646274591157,0.006204835372540885,45.43476606535238,44.347204308528944,0.0014900797102323981,0.006204920289767602
-417.23,-797.44,-416.8695633881769,-797.0660011492872,93.85908522908596,93.50778109348194,0.35130413560402474,0.0037499067204254245,0.000332153369883633,0.007362846630116367,93.85925512305087,93.50793788310261,0.00033216575986614737,0.007362834240133853
-416.83,-343.29,-416.65400216705876,-343.02713468467056,9.450141982072807,8.20371586379608,1.2464261182767267,0.14120722271119884,0.0027397591126229657,0.004955240887377034,9.450168000976578,8.203720264432892,0.0027398066315597346,0.004955193368440266
-416.83,343.29,-415.87455504546233,343.03935136611517,9.104906688212516,10.684573727277673,-1.579667039065157,0.15964714645349404,0.0034786372033927654,0.004216362796607235,9.104919042005939,10.684618332809624,0.0034787082260163576,0.004216291773983643
-416.58,141.63,-416.57872654359034,141.76472705876378,-17.172518510119595,-16.097770510493437,-1.0747479996261582,0.06460707323343565,0.005717303459676698,0.0019776965403233027,-17.17251858248645,-16.097765667493526,0.00571732960780019,0.0019776703921998108
-415.46,764.39,-414.5828547333884,764.8672123338571,86.77642760910629,87.48332459499036,-0.7068969858840717,0.00811314118082917,0.0007003394980141516,0.0069946605019858485,86.77649950850952,87.48353488242665,0.000700476602298854,0.006994523397701146
-415.37,197.66,-415.37808418635154,197.70198741851152,-11.250511193460405,-9.935283129428148,-1.3152280640322562,0.12416131715310005,0.005031486662556554,0.0026635133374434466,-11.250506458096506,-9.935264325756528,0.005031540481741686,0.0026634595182583147
-414.02,-242.88,-414.4673218280844,-242.8729253736201,-5.40059244529283,-6.581869130052237,1.181276684759407,0.19716761490643694,0.003686651675335993,0.004008348324664008,-5.400579456436134,-6.581903823928776,0.0036868004885908683,0.0040081995114091325
-414.0,514.01,-412.8279179974161,513.9322452201951,38.44860136218533,39.87585125126357,-1.4272498890782401,0.03644455445152184,0.0021133672068869617,0.005581632793113038,38.448670509493795,39.875930816258844,0.0021133826326353486,0.005581617367364651
-413.55,-315.24,-413.30108122070465,-315.14258335763014,5.159615756073247,3.8952430138558327,1.2643727422174145,0.2792694561766903,0.003049659589813305,0.004645340410186695,5.159636208396911,3.895275972258812,0.0030496294252238283,0.004645370574776172
-413.55,315.24,-413.2809487443789,315.66610813505713,4.913741809185439,6.4836992931035375,-1.569957483918099,0.27549297598086303,0.0037806321434670125,0.003914367856532988,4.913745565720877,6.483720656106506,0.003780674541798024,0.003914325458201976
-413.28,-151.01,-413.12756669497645,-151.00746418515553,-16.231120476095903,-17.14092497496264,0.9098044988667375,0.054524946647397016,0.004581580936061661,0.003113419063938339,-16.231115206133214,-17.1409224151836,0.004581594583967059,0.0031134054160329412
-412.56,-476.12,-412.1780484142687,-475.9518928985386,32.23362184583569,30.995532862188675,1.2380889836470175,0.03916196537385917,0.0019826854294804786,0.005712314570519522,32.2336818232942,30.995596845820657,0.001982679013962786,0.0057123209860372145
-412.56,476.12,-412.6414542501393,476.0706629054151,31.62819251062144,33.13460586528391,-1.5064133546624703,0.046520946976958404,0.0024090718608440463,0.005285928139155955,31.62824383649821,33.134655504993994,0.0024090691643087916,0.005285930835691208
-412.11,1190.7,-411.4278425296913,1191.0742836439808,177.86325856291336,177.30324009847328,0.560018464440077,0.00315355455286899,-0.00035902086822082443,0.008054020868220825,177.86339906356196,177.30370685652088,-0.00035881170866254445,0.008053811708662545
-412.1,180.76,-411.82994871138817,180.92585874311564,-13.08437764319212,-11.826964852933024,-1.257412790259096,0.10095102585937962,0.005301627104429295,0.0023933728955707056,-13.084364945834238,-11.826960633718423,0.005301591358050253,0.0023934086419497473
-411.88,408.36,-412.224520507318,408.9929501094679,19.990337077924767,21.603921440870554,-1.6135843629457867,0.07758687955534303,0.0030067125175838364,0.004688287482416164,19.99037103354068,21.603974925298743,0.0030067489070814525,0.004688251092918548
-411.72,-300.98,-412.2366698087388,-301.26863455230966,3.067218864483266,1.8050724777518177,1.2621463867314482,0.5180915089336424,0.003192706973549561,0.00450229302645044,3.0672398996845693,1.8051002212611955,0.003192690004311924,0.004502309995688077
-411.29,-1159.2,-412.0991241546922,-1159.3246625550457,170.66228938507982,171.78099517426415,-1.1187057891843324,0.006533670476989397,-0.0007356292544513682,0.008430629254451368,170.66258948158872,171.7814632115449,-0.0007357396875482277,0.008430739687548228
-411.29,1159.2,-409.55438082263777,1159.0825096943527,170.74647578399376,170.2496275076866,0.496848276307162,0.0029140994369790158,-0.0003288120554314647,0.008023812055431465,170.74699873582017,170.2499870538638,-0.00032892019658832474,0.008023920196588326
-411.14,-464.08,-411.2113057099919,-463.82853575354966,30.100097847019658,28.825507074273265,1.274590772746393,0.04326101613887094,0.0020994142101051594,0.005595585789894841,30.100155697846176,28.825582586907114,0.0020993851188469467,0.005595614881153054
-410.99,-206.61,-410.71504686919053,-206.55168632844774,-9.997196150395474,-11.073207266240406,1.0760111158449313,0.10213483762682776,0.003984715064680405,0.0037102849353195955,-9.997192039293374,-11.073255206458242,0.0039849078226135105,0.00371009217738649
-410.63,-248.57,-410.51965530120987,-248.46769503608166,-4.526514098329663,-5.727663634131211,1.201149535801548,0.23427515440836563,0.003699500273204224,0.003995499726795776,-4.526503736644763,-5.727664494818534,0.0036995348377341732,0.003995465162265828
-410.42,-1127.63,-411.19557798875854,-1127.8604072600003,163.77973785955564,164.76989935881159,-0.9901614992559473,0.006027469746361925,-0.0006707367794895232,0.008365736779489524,163.78006778419572,164.77048667012747,-0.0006709111335824043,0.008365911133582404
-410.42,1127.63,-410.84837830400465,1128.487945581079,163.9300409265963,163.54719242547003,0.38284850112626145,0.0023381686550079423,-0.000259416934147557,0.007954416934147557,163.93036085690198,163.54757560334895,-0.0002593740777918717,0.007954374077791872
-410.17,1063.65,-408.64535883284634,1063.6153234581257,149.72582821777812,149.6052362013111,0.12059201646701467,0.0008057434112362991,-8.716402439094359e-05,0.007782164024390944,149.72630352660298,149.60555481979873,-8.727728031597666e-05,0.007782277280315977
-409.86,-381.59,-410.703120017072,-381.9536438366772,15.99143696188478,14.757153251512111,1.2342837103726687,0.0802822959886403,0.0024718733222727197,0.00522312667772728,15.991463446784923,14.757186945665794,0.0024718588844564,0.0052231411155436005
-409.86,381.59,-410.10103674456695,381.65078194654325,15.481572568959919,17.091082463748855,-1.6095098947889355,0.0988258337045414,0.0032306246310838606,0.00446437536891614,15.48160100663787,17.091128419451653,0.0032306597934415103,0.00446434020655849
-409.76,160.31,-409.46351340151136,160.43251816165176,-15.207107267880925,-14.047688496412503,-1.159418771468422,0.07926350132879999,0.005544757938072938,0.0021502420619270626,-15.207099769423284,-14.047683414953818,0.005544746379113845,0.0021502536208861554
-409.51,-1095.99,-410.5967697431631,-1096.3298257963293,156.92176929031646,157.79412913176674,-0.872359841450276,0.005543792644884467,-0.0006088198165799578,0.008303819816579959,156.92207356159707,157.79440740601797,-0.0006088016732566315,0.008303801673256632
-409.51,1095.99,-410.6990269068568,1095.5065350967864,156.66586140813519,156.41695705954822,0.24890434858696153,0.0015900224088001404,-0.0001737975741868715,0.007868797574186872,156.66628773163478,156.4173664135991,-0.00017380942311213146,0.007868809423112131
-409.17,-1031.83,-410.51073286464185,-1032.4045465426796,143.1167770437914,143.7396315799438,-0.6228545361524027,0.004342622423118953,-0.0004617023442566116,0.008156702344256613,143.11702565973775,143.73995921951465,-0.00046176092196707644,0.008156760921967076
-408.88,251.44,-408.35214494568,251.41091286769097,-4.24805558675941,-2.767913940090569,-1.4801416466688408,0.4219350272273469,0.004529332307404685,0.0031656676925953158,-4.248047050697288,-2.767901540364388,0.004529344130474786,0.0031656558695252147
-408.73,-967.18,-409.36858429167904,-967.5634002767578,129.3298227286006,129.61727552617577,-0.2874527975751846,0.002220166200065788,-0.00022799350191243575,0.007922993501912437,129.330097984102,129.61751824345126,-0.00022796769418282977,0.00792296769418283
-408.73,967.18,-409.20825466703826,968.0035812103033,129.0881674599107,129.21331849837208,-0.1251510384613823,0.0009690307277720805,9.925741955154108e-05,0.007595742580448459,129.0885241106277,129.21363028264318,9.922183592634979e-05,0.007595778164073651
-408.53,-592.88,-409.4716804967605,-593.4469159370691,54.03997600995778,53.05244525289066,0.9875307570671268,0.0184425890351909,0.001276717335690357,0.006418282664309644,54.04006906175866,53.05252785119653,0.0012767308503664225,0.006418269149633578
-408.11,999.92,-409.34380286094546,999.397627067694,135.80189301044123,135.85514776547157,-0.05325475503033772,0.0003920734384666071,4.089608456187828e-05,0.007654103915438122,135.80225474550696,135.85528971437685,4.0727303513164706e-05,0.007654272696486835
-408.1,-439.83,-408.9744858932001,-440.2428119796462,26.00834838544669,24.75767030573607,1.250678079710621,0.049272253840455034,0.002182262158791205,0.0055127378412087955,26.008389827012525,24.757797031724465,0.0021821133491405783,0.005512886650859422
-408.1,439.83,-408.5062209892612,439.8151515220937,25.360059460733446,26.948477520565326,-1.5884180598318807,0.06073265097816703,0.0027774473024820435,0.004917552697517957,25.36013820355299,26.94851596620655,0.002777376840371311,0.00491762315962869
-407.99,-289.05,-407.4770195288056,-288.92720065275824,1.3563929443459628,0.10741292989033724,1.2489800144556256,1.7064831292704656,0.0033328349820956832,0.004362165017904317,1.3564175571443364,0.10743559322975926,0.0033328401841204672,0.004362159815879533
-407.99,289.05,-408.1742087763403,289.17188072534765,1.0870295121522204,2.6185037226336085,-1.531474210481388,0.826587761299571,0.004076223058426587,0.0036187769415734136,1.0870414497920606,2.6185449646300683,0.004076301055883773,0.003618698944116227
-407.56,-935.04,-406.8247118306097,-934.2440094331132,122.3881314784171,122.6069178820875,-0.21878640367040703,0.0017860475486463226,-0.00018084335482598075,0.007875843354825982,122.38832305521609,122.60710376312045,-0.00018083864684859585,0.007875838646848597
-407.56,935.04,-407.3747461443836,935.9331115182921,122.31144761027457,122.57792599163265,-0.266478381358084,0.002176316411272887,0.00021956996846261395,0.007475430031537386,122.31175524843025,122.5781434163772,0.00021949563539388567,0.007475504364606114
-406.42,215.47,-405.85053047268315,215.35965597213442,-8.882895521813275,-7.513527096063939,-1.369368425749336,0.16703258480984715,0.004921978540230322,0.0027730214597696786,-8.882886212600395,-7.51351190936348,0.004921999665931187,0.0027730003340688137
-406.31,-902.78,-405.6920921062505,-902.2524042276709,115.7513809822467,115.74969249954549,0.001688482701212024,1.4587255910455422e-05,1.4491785523451087e-06,0.007693550821447655,115.7516735016074,115.74992375512865,1.5017595781272784e-06,0.007693498240421873
-406.31,902.78,-404.9984343817911,902.7102049844043,115.35809972826927,115.7553529562917,-0.3972532280224357,0.003437733488968583,0.00034136234333298986,0.00735363765666701,115.35817798820729,115.75565067678475,0.00034155092724886426,0.0073534490727511365
-406.03,-169.53,-405.9431340959566,-169.47855905132238,-14.143927997587172,-15.115003645864647,0.9710756482774752,0.06637806602858673,0.004434278570198659,0.0032607214298013415,-14.14391888700439,-15.114996188528085,0.004434286119511939,0.003260713880488061
-405.9,-194.29,-405.9702704003782,-194.34761268485204,-11.337642697811784,-12.383791623906044,1.0461489260942596,0.08820283899413894,0.004165526916367418,0.0035294730836325826,-11.337633680240831,-12.383785906144784,0.004165540055458567,0.0035294599445414333
-405.57,558.22,-406.2389258438643,558.0666069737341,46.745679844649565,48.097574933615654,-1.3518950889660886,0.02850798598438433,0.0018733774637198423,0.005821622536280158,46.74572766309211,48.09769410383739,0.0018734763388590623,0.005821523661140938
-405.44,-836.97,-405.06213872991253,-836.3547993691018,102.18319051693044,101.92320321446074,0.25998730246969615,0.0025475664697877675,0.00024109588934971744,0.007453904110650283,102.18338255974626,101.92345648773924,0.00024103910806573097,0.007453960891934269
-404.96,-870.41,-405.7862237779005,-870.0082867833298,109.07635702459538,108.93855833371897,0.1377986908764086,0.0012641216831420195,0.00012262366046961266,0.007572376339530388,109.07661196009155,108.9386398851004,0.0001227779507221699,0.007572222049277831
-404.96,870.41,-404.7778887039494,870.953438316517,108.721874251978,109.21516340175585,-0.4932891497778513,0.004526895979577429,0.0004395818139927247,0.007255418186007276,108.72210323974056,109.21541418885258,0.0004396012399031867,0.007255398760096813
-404.81,-415.37,-404.74181034757476,-415.192364553359,21.80266848708453,20.57559160083726,1.2270768862472714,0.05791067796089156,0.0022940042610601727,0.005400995738939828,21.80270080051854,20.575651382037474,0.002293952910428909,0.005401047089571091
-403.92,804.27,-404.9303361360808,803.8256843417752,94.88399032990692,95.57296626395743,-0.6889759340505037,0.007234977880274491,0.0006649848207739308,0.0070300151792260695,94.88406283381315,95.57317644454255,0.0006651177033567915,0.007029882296643209
-403.61,470.64,-403.18008335121317,470.97177329334795,30.961606601796134,32.49245722447089,-1.5308506226747554,0.0482506723877015,0.0025327290879828064,0.0051622709120171945,30.961642807160178,32.492521356273045,0.0025327752911205137,0.005162224708879486
-403.56,-259.89,-403.77005156224936,-260.09563682318577,-2.7080979406980994,-3.931883957501892,1.2237860168037926,0.3686112509239052,0.0036609027237021205,0.00403409727629788,-2.7080938467774693,-3.9318443897069706,0.0036607966051477084,0.004034203394852292
-403.05,-403.05,-403.67518838467544,-403.4701407313587,19.835471107090193,18.595367242431266,1.240103864658927,0.06453691451539041,0.0023920181862402386,0.005302981813759762,19.835497630463,18.59541035122209,0.0023919861948702792,0.005303013805129721
-403.05,403.05,-402.41791257439587,403.39665381660325,19.298468073394602,20.929736046198006,-1.6312679728034034,0.08110071073289182,0.003156934614166885,0.0045380653858331154,19.29852287525273,20.929779736896226,0.0031569131111361757,0.004538086888863825
-402.7,261.22,-402.5746292195172,261.53230573597205,-2.703583280666887,-1.197239904950795,-1.5063433757160922,0.7723207661757003,0.0044947144936471235,0.003200285506352877,-2.7035634235636756,-1.1972209345374232,0.004494711847890693,0.0032002881521093077
-402.7,312.94,-402.73164187569387,313.38315570123547,4.840314037184619,6.422562531438491,-1.5822484942538715,0.28096703086701796,0.003938520965032305,0.0037564790349676955,4.840345711631805,6.422589339006681,0.003938508850433979,0.0037564911495660217
-402.57,-737.25,-402.90348556465443,-736.7751018151484,82.15627414186582,81.55772365094187,0.5985504909239552,0.0073121480019254755,0.0006334534391750535,0.007061546560824947,82.15642217081336,81.55797099438006,0.0006333483334126843,0.007061651666587316
-402.57,737.25,-401.03064675942187,737.2121049477801,81.53442966426873,82.33734352314423,-0.8029138588754989,0.009799294207395214,0.0008531959918791052,0.006841804008120895,81.53457554110929,82.3375393273842,0.0008532490459603073,0.006841750954039693
-402.28,-523.23,-402.344416337902,-523.0933982553066,41.107274752604795,39.8869896498459,1.2202851027588935,0.0301326300513193,0.0018215200854997992,0.005873479914500201,41.107346418293176,39.88705178533668,0.0018215343112297625,0.005873465688770238
-402.27,-771.41,-402.23764987414387,-771.1504627242748,89.05202672386542,88.53631650836383,0.5157102155015991,0.005807928674994323,0.0005223165233451584,0.007172683476654842,89.05219358319226,88.5365288977542,0.000522270410036218,0.007172729589963783
-402.09,178.66,-401.8451029044998,178.64902871883336,-13.0910574440111,-11.837770070981222,-1.2532873730298775,0.10054924342319302,0.005484552490628106,0.0022104475093718944,-13.091049105866764,-11.837759602399768,0.005484561813704728,0.002210438186295272
-401.65,-224.22,-401.6220040204245,-224.1550102598945,-7.512571331695533,-8.643271577802409,1.1307002461068762,0.13997415702057156,0.003945766760639737,0.0037492332393602636,-7.512559883434111,-8.643312801497999,0.003945950568203154,0.0037490494317968465
-401.17,-330.85,-401.02173717612686,-330.87036388385167,7.992896388395597,6.730011873755011,1.2628845146405858,0.17155367569424948,0.0029901138710615306,0.004704886128938469,7.992921990142165,6.730004950233152,0.002990190880681299,0.0047048091193187015
-401.17,330.85,-400.40710357048573,330.7925458701828,7.583624569732411,9.170402414981503,-1.5867778452490917,0.1894204714719441,0.0037636437882558904,0.0039313562117441105,7.583652577055375,9.170433896787827,0.003763652029307249,0.003931347970692752
-400.67,-703.96,-400.09550278915475,-703.4577942691855,75.64512990454281,74.93636696954974,0.7087629349930751,0.009413678967286416,0.0007911323706489255,0.006903867629351075,75.64526733268353,74.93664950089473,0.0007909704041629268,0.006904029595837074
-400.67,703.96,-399.7941838243116,704.0381254292979,74.96446247124575,75.87320638795855,-0.908743916712794,0.012049296751742279,0.0010142820498466206,0.00668071795015338,74.96455354358244,75.87336681282156,0.0010143594567169928,0.006680640543283008
-399.25,207.6,-399.39821977679145,207.69970323789724,-9.657683700442593,-8.304529713254205,-1.3531539871883886,0.15066673087811802,0.005124542431571814,0.0025704575684281864,-9.657676388404271,-8.30451487847077,0.0051245709210319184,0.002570429078968082
-398.59,-670.46,-397.85136133113275,-670.2353601462277,69.20462838753937,68.41003464118006,0.7945937463593111,0.011548097112202116,0.000936152993727811,0.0067588470062721895,69.20475665130976,68.4101817978172,0.0009361307350404659,0.006758869264959534
-398.59,670.46,-399.78804633362023,670.2933163368422,68.33273446408434,69.36225551725776,-1.0295210531734256,0.01495364578352382,0.0012069531466372759,0.006488046853362725,68.33283874744338,69.36242091646974,0.001207024795459602,0.0064879752045403985
-398.06,268.23,-398.4973196423111,268.3953558233157,-1.6331744063435814,-0.11168013605193394,-1.5214942702916474,1.7439783469890664,0.004469097119311682,0.0032259028806883184,-1.6331633358813562,-0.11165470574110614,0.004469139298608231,0.00322586070139177
-397.95,-187.7,-397.9777042754775,-187.63315533706748,-11.891638726721249,-12.920708031427694,1.0290693047064448,0.0829481640521145,0.004329384644350937,0.0033656153556490638,-11.891637299779644,-12.920702572306151,0.0043293676806169835,0.003365632319383017
-397.62,422.26,-396.58785651318334,422.01644538506804,22.616696056255424,24.23807635790896,-1.6213803016535344,0.06920875796051822,0.0030434486455384853,0.004651551354461515,22.61674008681986,24.238140166848403,0.003043485770985594,0.004651514229014407
-397.29,-365.73,-398.05096486248226,-366.10076344492046,13.772152848904582,12.512494014027766,1.2596588348768165,0.09584749922231121,0.002715585582182216,0.004979414417817784,13.77218117686396,12.512494237575368,0.0027156461699646382,0.004979353830035362
-397.29,365.73,-397.45861584464893,366.25039130468423,13.303362954286683,14.914641307473811,-1.611278353187128,0.11420214826252931,0.0034773662294156522,0.004217633770584348,13.30338211120479,14.91467872937054,0.00347740564781888,0.004217594352181121
-396.96,1216.89,-397.77516115191366,1216.198057247796,183.7536723964349,183.24333569908546,0.5103366973494303,0.002781149088913565,-0.0003314093109397499,0.00802640931093975,183.75408764727592,183.2438360248304,-0.00033135406385400445,0.008026354063854005
-396.7,232.87,-396.58221913442003,232.91624738547316,-6.395427148634415,-4.9631122970987605,-1.4323148515356543,0.25220053306654705,0.004871417419998292,0.002823582580001709,-6.395419285801228,-4.963101048113391,0.004871428936572819,0.0028235710634271815
-396.31,-636.74,-396.30302325359867,-636.5450342720851,62.72435392865415,61.85329154977973,0.8710623788744201,0.013984248546826374,0.0010847823484042775,0.006610217651595723,62.72447877057301,61.85337674161669,0.0010848317268529351,0.006610168273147065
-396.31,636.74,-396.46458259291126,636.6606646438701,61.89875520160122,63.03042674363071,-1.131671542029494,0.01811700876302241,0.0014085032478708028,0.006286496752129197,61.89882129357651,63.03052471974246,0.0014085429315670733,0.006286457068432927
-396.17,-305.04,-396.0478221859824,-304.99360319657967,4.149214204805585,2.8706860164934795,1.2785281883121051,0.3642582224838255,0.0033252309952864637,0.004369769004713537,4.149239093424274,2.8707124838965115,0.0033252268891410704,0.00436977311085893
-396.17,305.04,-396.0945978250117,305.4603553514149,3.8339009265553265,5.4007354565065455,-1.566834529951219,0.33933865177953293,0.0040683586796648,0.0036266413203352,3.8339212021784377,5.400746699871817,0.004068335226987523,0.0036266647730124777
-396.15,-1068.95,-397.71208740537844,-1069.2422710714561,151.4054718173657,152.1034196328642,-0.6979478154984804,0.004599191886363116,-0.0005156178158772822,0.008210617815877282,151.40576844052683,152.10373582315458,-0.0005156322713426248,0.008210632271342624
-396.11,601.25,-394.7851220254165,601.0913329539403,55.136505937521534,56.39070919402363,-1.2542032565020946,0.022491429648319922,0.0016604146380103915,0.006034585361989609,55.13655569709196,56.39078927893229,0.0016604547851199213,0.0060345452148800795
-395.98,-395.98,-395.8083643897173,-395.7499245830975,18.794535251467714,17.534967207132674,1.2595680443350403,0.06934133192550009,0.0025261881766119134,0.0051688118233880875,18.794576240705545,17.53499172821985,0.002526221205115345,0.005168778794884655
-395.98,395.98,-395.93898254093295,396.44628617422615,18.315925583171893,19.9506697793735,-1.6347441962016056,0.0854397513399722,0.0032718023523158075,0.004423197647684193,18.315957853373792,19.950716526989897,0.0032718313276374044,0.004423168672362596
-395.97,-477.08,-396.670427991563,-477.54329760942625,33.01725119994816,31.749882667731626,1.267368532216537,0.039136162325965805,0.002101891111223213,0.005593108888776788,33.017307618636636,31.749955556274553,0.002101863796484208,0.005593136203515793
-395.23,1037.25,-395.0510104527153,1037.779409489148,144.3837183106433,144.45439336458065,-0.07067505393735019,0.000489374851036409,5.415739853135677e-05,0.007640842601468644,144.38393226612965,144.45475500422944,5.427056703419586e-05,0.0076407294329658045
-394.38,-273.62,-394.5087766493307,-273.6351467554953,-0.4623083429719692,-1.7141279226597455,1.2518195796877762,1.1503388355132314,0.0036430326559225845,0.004051967344077416,-0.46230238100264387,-1.714102802749185,0.0036429769026761322,0.004052023097323868
-394.24,-1005.47,-393.68666093232986,-1004.5003342058617,137.65516975206788,137.98490294249714,-0.3297331904292662,0.002392490955367302,-0.0002619459884005716,0.007956945988400571,137.65544865720437,137.98523682480993,-0.00026198966326012745,0.007956989663260128
-393.61,196.65,-393.00992529444557,196.59372830723873,-10.800833376680915,-9.485029684643571,-1.3158036920373437,0.12972617315414664,0.005350172638317452,0.0023448273616825483,-10.80083145473145,-9.48502180796482,0.005350196850766381,0.0023448031492336197
-393.52,-146.77,-393.3514204145792,-146.8018312397166,-16.09624990715028,-17.00890880727406,0.9126589001237804,0.055136959650105725,0.0049653077374165605,0.00272969226258344,-16.096254446820296,-17.008904592275464,0.004965260107766757,0.002729739892233243
-393.52,146.77,-393.3078595965251,146.7286778577021,-16.138423728994326,-15.051927610548715,-1.086496118445611,0.06966873227030015,0.005914668687337809,0.0017803313126621917,-16.138427463943046,-15.051921973430236,0.005914719707006868,0.0017802802929931328
-393.38,-566.88,-393.17751557614923,-566.6594358543151,49.5246501874353,48.38409947505734,1.1405507123779586,0.023298238743924768,0.0016082504210433977,0.006086749578956603,49.52471448177846,48.38420222522416,0.0016081961958398048,0.006086803804160196
-393.34,-324.62,-393.9591617550324,-324.57756544180774,7.256181680335587,5.963558931450688,1.2926227488848987,0.19555947228381165,0.0031757913711993823,0.004519208628800618,7.256186993444889,5.963563796233675,0.003175792472673763,0.004519207527326237
-392.4,-276.45,-392.0392505779876,-276.36626337017816,0.026529812266705477,-1.2404766540560104,1.2670064663227159,2.0,0.0036737883029644525,0.004021211697035548,0.026539207040745083,-1.2404580256625906,0.0036737615293340295,0.004021238470665971
-392.17,-220.69,-391.8411218240405,-220.58784578071462,-7.6439972903164595,-8.795488816116222,1.1514915257997629,0.1400885062154334,0.004185227095067268,0.0035097729049327325,-7.643990979056369,-8.795525816216973,0.00418538451514102,0.003509615484858981
-391.9,843.39,-390.83409068549713,843.3216062192242,103.31927470355296,103.97845333644432,-0.6591786328913543,0.006359728484473967,0.0006283003889542109,0.0070666996110457896,103.31943775480597,103.97870396682788,0.0006283838655704775,0.007066616134429523
-391.56,-241.41,-391.48585611247177,-241.31575893230126,-4.888544370654479,-6.099968071763758,1.211423701109279,0.22048911669479468,0.004028507520009422,0.003666492479990578,-4.888536741488782,-6.100012107699158,0.004028679328806048,0.0036663206711939527
-390.5,-810.87,-390.1474836987395,-810.6723733208904,97.44935643018522,97.00297740770068,0.4463790224845354,0.004591140807357753,0.00044338343760718784,0.007251616562392813,97.44952123500438,97.00318589855489,0.00044334004474279093,0.00725165995525721
-390.35,532.19,-390.84999507704316,532.1522430568747,42.36349752195406,43.79441231068506,-1.4309147887310019,0.03321609801144293,0.002161312857225942,0.005533687142774059,42.36357231164582,43.794506787204305,0.002161342593024117,0.0055336574069758835
-390.31,-429.02,-390.90980558972757,-429.3613244843954,24.731186731385126,23.446238049598733,1.2849486817863927,0.05334235640978368,0.0024051167864435796,0.005289883213556421,24.731222413928496,23.446338267338348,0.002404995991982287,0.005290004008017713
-389.44,-495.21,-389.92419329726744,-495.5371470980956,36.50848518485797,35.22773898681859,1.280746198039374,0.03570709813146391,0.002082363532218566,0.005612636467781434,36.508553428478514,35.227860744184675,0.0020822765242912,0.0056127234757088005
-389.44,495.21,-388.7366828189881,495.10140170479895,35.68354578446571,37.17375107454121,-1.490205290075501,0.04090750972985833,0.002432463281134428,0.005262536718865573,35.68361624200871,37.173817522965216,0.0024324567370463,0.0052625432629537
-389.07,-205.49,-389.07641060984884,-205.5253261182692,-9.45005587089987,-10.559252470437613,1.1091965995377429,0.11086806006644813,0.004357708298042248,0.0033372917019577524,-9.450046129198345,-10.55929877506432,0.004357928487636875,0.0033370715123631255
-388.97,778.2,-390.02606125044025,778.2656306647154,90.0614123710902,90.81089791786047,-0.7494855467702735,0.00828745478589775,0.0007756961856951681,0.006919303814304833,90.06153659397758,90.81109259192826,0.0007757691006595115,0.006919230899340489
-388.23,483.4,-387.379952006218,483.3294538677846,33.60922776171216,35.12271887702478,-1.5134911153126183,0.04404039720474389,0.002539506600107956,0.0051554933998920445,33.60929406324373,35.12276038643682,0.00253946500108532,0.00515553499891468
-388.21,-345.97,-388.67578581034013,-346.32412392155885,10.905813409297998,9.602743208350486,1.3030702009475128,0.12707575918104014,0.003041217328924017,0.004653782671075983,10.905837069927848,9.602748493578023,0.0030412602150186405,0.00465373978498136
-388.21,345.97,-388.5479265801741,346.09222814214303,10.343751783965423,11.941279412687699,-1.5975276287222755,0.1433722586811725,0.0037321733544081713,0.003962826645591829,10.343781202113366,11.941312501237668,0.003732181929268723,0.0039628180707312775
-386.56,284.56,-386.0282824833358,284.49286533609364,1.0546337200684164,2.565745776282764,-1.5111120562143476,0.8347810265400798,0.004322709388163653,0.0033722906118363472,1.0546598105849085,2.5657998042724692,0.004322789306510703,0.0033722106934892977
-386.24,249.84,-386.4079047480575,249.97658724181983,-3.8127367129628063,-2.3460559735439723,-1.466680739418834,0.4762883941952345,0.004770238845566063,0.0029247611544339375,-3.8127179886383225,-2.3460399534213394,0.004770230050408147,0.0029247699495918537
-385.68,285.75,-385.50878154019875,286.16910661537577,1.3148750312852933,2.8286481721551375,-1.5137731408698443,0.7306695614075168,0.0043107580201390055,0.003384241979860995,1.3148989585321083,2.8286986991228353,0.0043108337679224965,0.003384166232077504
-385.67,-459.63,-385.3818535426769,-459.4865672308128,30.203243912570017,28.8417632534206,1.361480659149418,0.04611670738973569,0.0024154456403540662,0.005279554359645934,30.203303783238443,28.841838253968426,0.0024154187979593595,0.005279581202040641
-385.67,459.63,-384.841491392124,459.3305147359334,29.425072889240084,30.992838075277415,-1.567765186037331,0.05189736490419389,0.00278627322784613,0.004908726772153871,29.425114465264624,30.992922297966306,0.0027863490206116517,0.004908650979388349
-384.66,233.54,-384.05665740326623,233.49311887397735,-5.941169777565573,-4.520852029961404,-1.4203177476041695,0.2715187893380822,0.004975835365161641,0.0027191646348383594,-5.941158278855067,-4.520833660068369,0.004975859437150518,0.0027191405628494824
-384.32,214.23,-383.9805200050409,214.18081034971487,-8.4025349985926,-7.049467593545057,-1.3530674050475433,0.1751316564929928,0.005168678926671882,0.0025263210733281185,-8.402523010403218,-7.0494503553139864,0.005168698981681512,0.002526301018318488
-383.73,-320.55,-383.738779179849,-320.7394735140188,7.023322418076873,5.703842944181609,1.3194794738952638,0.2073485236246066,0.0033679404952062257,0.004327059504793775,7.0233470144711205,5.7038702051964165,0.0033679336938245708,0.00432706630617543
-383.73,320.55,-383.14527781284613,320.44606698322053,6.512600394694154,8.082359411413638,-1.569759016719484,0.2151097416606192,0.004016654124406788,0.003678345875593212,6.512630001252894,8.082385285942774,0.00401664457499701,0.0036783554250029906
-383.65,1200.17,-382.27682091443137,1200.2344251651302,180.50503535677245,180.10152992865886,0.4035054281135899,0.002237926133120748,-0.00027628366558183563,0.007971283665581835,180.50549083529813,180.1019918448416,-0.0002762792576622306,0.007971279257662231
-383.64,336.03,-383.8380296636447,336.2010902034588,8.93153198949971,10.516699286254735,-1.5851672967550243,0.1630140318961763,0.0038590273622563414,0.003835972637743659,8.931565111459932,10.516732180342032,0.0038590268075086812,0.0038359731924913192
-383.52,-609.36,-384.15710031842053,-609.9753947124387,58.03863621631813,56.99115708174856,1.0474791345695706,0.018212310124827037,0.001404345839945051,0.00629065416005495,58.03871935686292,56.99130440180268,0.001404259795055026,0.006290740204944975
-382.94,-1168.87,-384.23499857597386,-1169.478128983962,173.74440530967476,174.65134936229853,-0.9069440526237713,0.00520640128624811,-0.000634076043388905,0.008329076043388905,173.7448099010302,174.65164007341423,-0.0006339964257635033,0.008328996425763504
-382.94,1168.87,-381.27479245809604,1168.6143560671203,173.45595922481726,173.09780617601245,0.3581530488048088,0.002066940743757686,-0.0002525278112964969,0.007947527811296498,173.4562256634465,173.09828580591218,-0.00025237749364569385,0.007947377493645694
-382.89,435.66,-383.52012118173633,435.7408906830511,25.35462097696734,26.96702498034174,-1.612404003374401,0.06163429968124525,0.003031148892269278,0.004663851107730722,25.35466201353522,26.967077690316284,0.0030311708370384586,0.004663829162961541
-382.18,-1137.51,-383.74740418872057,-1138.0029426861222,166.8329275345762,167.6314358564292,-0.798508321852978,0.004774848439799144,-0.000574434457836855,0.008269434457836856,166.8332535224888,167.63182847447828,-0.000574482390519946,0.008269482390519946
-382.18,1137.51,-380.6467046118846,1137.5022079605185,166.55455579104384,166.30926969731718,0.2452860937266621,0.001473792433688405,-0.00017797068705390675,0.007872970687053907,166.5549285092257,166.30969979262431,-0.0001779290562942868,0.007872929056294288
-382.07,1074.07,-382.1622732278986,1074.5644423703804,152.68455417699653,152.66087347373963,0.023680703256900415,0.0001551076329460362,-1.811607838897371e-05,0.007713116078388974,152.68499116740531,152.66118088019797,-1.821521197375982e-05,0.00771321521197376
-382.05,-174.47,-382.25694293315286,-174.64893968761842,-12.848896055702685,-13.876864731440328,1.0279686757376432,0.07692717778362883,0.004837360100656276,0.002857639899343725,-12.84888491633965,-13.876845346925684,0.004837321301062128,0.0028576786989378726
-382.05,174.47,-382.0411198168766,174.66616458262615,-12.960771523625437,-11.745614011674178,-1.2151575119512597,0.09836789037514898,0.0057208894482031585,0.001974110551796842,-12.960763336846028,-11.745602051047332,0.0057209072152529196,0.001974092784747081
-381.59,-409.86,-381.09095111273155,-409.6792204430656,21.68330866681713,20.39261660067435,1.2906920661427783,0.061350620714215744,0.0025971673827167884,0.0050978326172832125,21.68334413797455,20.39266247156651,0.002597146456073976,0.005097853543926024
-381.59,409.86,-381.00377977587686,409.8346792107711,21.009620874118514,22.64533046999874,-1.6357095958802255,0.07493810188844233,0.0032909257623182117,0.004404074237681788,21.00965823570429,22.64538204899531,0.003290954366688799,0.004404045633311201
-381.4,-423.59,-381.44597438705324,-423.50286333303137,24.04150973706082,22.745857635016215,1.2956521020446061,0.055384697828408214,0.0025197003121836346,0.005175299687816366,24.04155389767144,22.7459474045496,0.0025196116149039036,0.005175388385096097
-381.4,423.59,-381.74495996611694,423.5264885798827,23.311859284202292,24.938716599734366,-1.6268573155320745,0.06743369527631606,0.003161152501576796,0.004533847498423204,23.311910283851873,24.938761024379843,0.003161139725661864,0.004533860274338136
-381.39,-1106.09,-382.59062427402273,-1106.453358942118,159.97356361231738,160.66192009028228,-0.6883564779649021,0.004293701183761533,-0.0005108528750591894,0.00820585287505919,159.97386709697332,160.6623631551984,-0.0005109564623420738,0.008205956462342075
-381.39,1106.09,-381.6108437210346,1106.959156303384,159.79413878264953,159.67180092537583,0.12233785727369195,0.000765889830919078,-9.098261989805988e-05,0.00778598261989806,159.79446147299217,159.6721192218288,-9.098588763220576e-05,0.007785985887632206
-381.2,-1042.49,-380.8508626823552,-1041.6268839543793,146.0186644196828,146.46972228976887,-0.4510578700860606,0.003084278833498621,-0.00035720293076641515,0.008052202930766415,146.01893534514946,146.47004045964894,-0.00035724034468612766,0.008052240344686127
-381.01,575.27,-381.44964887437465,575.9029466066087,50.73632125632474,52.08612734864701,-1.3498060923222681,0.02625508555058863,0.0019303441181421537,0.005764655881857847,50.73641927666424,52.08619067001717,0.001930294495495049,0.005764705504504952
-380.95,-978.46,-382.76633017271496,-978.7733332958484,132.56268523657872,132.69298873156427,-0.13030349498555438,0.0009824747047726015,-0.00010926726693969791,0.007804267266939698,132.562957403652,132.69325708308077,-0.00010926406736732353,0.007804264067367324
-380.95,978.46,-380.56886192701694,979.3105110366215,132.1469328572964,132.36442361564264,-0.21749075834623,0.001644471989757313,0.00018333146668780747,0.007511668533312193,132.14716124195718,132.36475586469942,0.00018341901804953866,0.007511580981950461
-380.74,-258.15,-380.80203366513916,-258.03324722345485,-2.210035382475006,-3.4827983459796883,1.2727629635046824,0.44714566566136854,0.004069325922622095,0.003625674077377905,-2.2100151206605396,-3.482762966473622,0.004069277587766288,0.003625722412233712
-380.56,-292.54,-381.1814242455965,-292.72145043895534,2.824856956785279,1.517629331483242,1.307227625302037,0.6020641349328325,0.0036805677208702424,0.004014432279129758,2.8248771371289187,1.5176540423366411,0.00368055496498316,0.00401444503501684
-380.4,-489.59,-380.1509487528292,-489.30487121135246,35.70248206914722,34.4155007627294,1.2869813064178217,0.03670902254857058,0.002173634373910033,0.0055213656260899675,35.702539241542596,34.41561193626492,0.002173543169217413,0.005521456830782588
-380.28,1010.83,-381.1883533579749,1010.3265559217789,138.77722659009837,138.94561174107156,-0.16838515097319373,0.0012126129200249875,0.00013735746655857544,0.007557642533441425,138.77756832783595,138.94597363571205,0.00013737390922647592,0.0075576260907735246
-379.94,-946.6,-381.0902663010279,-946.8221664136814,125.87474287880212,125.8823668415599,-0.007623962757776326,6.056601750984991e-05,-6.637955945134746e-06,0.0077016379559451354,125.87497507817304,125.88253731185074,-6.584210284632634e-06,0.0077015842102846335
-379.94,946.6,-377.78208025280463,946.3564320394233,125.1900354838232,125.54106127788816,-0.3510257940649666,0.0028000180161025087,0.000308455707933476,0.007386544292066525,125.19019629180741,125.54133778369783,0.0003085573746920417,0.007386442625307959
-379.38,-222.86,-379.3598125152139,-222.87180599541023,-6.929102755858175,-8.101574917266522,1.172472161408347,0.15601055213961013,0.0043565826566189505,0.00333841734338105,-6.929097378612688,-8.10160765831759,0.004356724293678778,0.003338275706321223
-378.86,-914.64,-378.3361987582007,-914.1119859219339,119.12177420773779,119.01372215355825,0.108052054179538,0.0009074838134639354,9.815345713751983e-05,0.007596846542862481,119.12196483446093,119.01400555996922,9.806917695254702e-05,0.007596930823047453
-378.86,914.64,-377.6544940146596,914.8422941763793,118.53374711716285,119.03044146203237,-0.4966943448695247,0.004181559079591198,0.0004516460295188259,0.007243353970481175,118.53390569138864,119.03068518072824,0.0004517234517046088,0.007243276548295392
-378.27,-849.6,-377.8949503816416,-849.2578118315715,105.72292934229031,105.33549379814173,0.3874355441485875,0.003671358274962562,0.0003792614445763366,0.007315738555423664,105.72309805451594,105.33565435539155,0.00037926942749878643,0.007315730572501214
-378.22,-540.88,-379.2243192593259,-541.1943594353028,45.23824973751839,44.00416208701152,1.234087650506865,0.027656976661127246,0.0018890629794408992,0.005805937020559101,45.23831674774027,44.00425567824168,0.0018890222909220082,0.005805977709077992
-377.7,-882.58,-378.21280985325717,-882.2029360175524,112.49855129685244,112.21633411904332,0.28221717780911604,0.0025117800032409664,0.0002657226557983868,0.007429277344201614,112.49877434660797,112.21647300203078,0.0002658019033385853,0.0074291980966614156
-377.7,882.58,-376.27255980723095,882.4080037025597,111.77407142512413,112.35454845650715,-0.5804770313830119,0.0051798563850487134,0.0005492409708393883,0.007145759029160612,111.77420085379231,112.35469949807774,0.0005492614207295019,0.007145738579270498
-376.96,817.25,-376.94313508463216,817.9543804953681,98.4431117741482,99.22683725798322,-0.7837254838350134,0.007929637131718166,0.0007985625152515381,0.006896437484748462,98.44325343052311,99.22707043793966,0.0007986557715038611,0.006896344228496139
-376.72,-246.13,-376.8619693667724,-246.34716255175468,-3.6973118306928434,-4.944883052174973,1.2475712214821293,0.28871628987568876,0.004221680311293084,0.003473319688706916,-3.6972964719916597,-4.944892093820698,0.004221762880097463,0.0034732371199025372
-376.61,-297.6,-376.76678583242,-297.55378998954484,3.7126388919715048,2.3944903638141213,1.3181485281573835,0.4316753331882169,0.00369382337453061,0.00400117662546939,3.7126571005645594,2.394512878771785,0.0036938113068842766,0.004001188693115724
-376.54,-387.06,-376.3349895396462,-386.88878781234035,18.004852457766518,16.694820016435717,1.3100324413308009,0.07550690527726195,0.0028266444289532793,0.004868355571046722,18.004888417575508,16.69484537910866,0.0028266672942920484,0.004868332705707952
-376.54,387.06,-377.0497039363468,387.1861207123073,17.339872199794947,18.9818086349988,-1.6419364352038528,0.09041081786231585,0.003533359508039248,0.004161640491960753,17.3398936080535,18.981863285645293,0.0035334310438825223,0.004161568956117478
-376.0,-751.15,-377.74252660630185,-751.8434855034192,86.00422292296231,85.32318437550009,0.6810385474622223,0.007950141290305213,0.000753352519225491,0.006941647480774509,86.00435150211501,85.32337750016333,0.0007532811201495486,0.0069417188798504515
-376.0,751.15,-376.61782555531045,750.7832326555568,84.86285099550756,85.72900009737634,-0.8661491018687855,0.010154636300853366,0.0009623368043191552,0.0067326631956808455,84.86292457019648,85.72915899943239,0.000962431607472117,0.006732568392527883
-375.56,-784.77,-376.041884208194,-784.5087103870788,92.62229935301886,92.0037592784943,0.6185400745245602,0.006700463402721243,0.0006586940265529181,0.007036305973447082,92.62242358351435,92.00395442750204,0.000658618504202281,0.007036381495797719
-375.35,-442.17,-375.06825191749164,-441.886892021945,27.466522335103853,26.132422084540792,1.3341002505630613,0.049780840462749776,0.0025288141625023825,0.005166185837497618,27.466572067772045,26.132535501075946,0.0025286934484371327,0.005166306551562867
-375.05,266.33,-374.7898981582504,266.60359204582466,-1.1753194873263766,0.3491984346132817,-1.5245179219396583,2.0,0.004793232923361245,0.0029017670766387556,-1.175313620262326,0.3492185125376608,0.004793277603691083,0.0029017223963089178
-374.67,-360.58,-374.64106385010547,-360.5146379352498,13.711342222675036,12.383520710420921,1.3278215122541148,0.10176880527470002,0.0030885262162144906,0.00460647378378551,13.711369545401752,12.383517860262863,0.003088596398648487,0.004606403601351514
-374.67,360.58,-374.57819029755257,361.0533116388224,13.151956383405981,14.771615893918955,-1.6196595105129745,0.11600661222190423,0.00376235506037041,0.00393264493962959,13.15197426827444,14.771658184983597,0.00376241175424657,0.0039325882457534305
-374.39,-718.29,-374.2133169881201,-717.8620139483264,79.3685380839402,78.56487042208889,0.803667661851307,0.010177297754206668,0.0009398664663444855,0.006755133533655515,79.3686632347871,78.56515677522958,0.0009396779448480818,0.006755322055151919
-374.39,300.39,-374.4953698892901,300.42261689740286,3.7374460328609658,5.297571400597793,-1.560125367736827,0.3453508262107657,0.004356425523368426,0.003338574476631574,3.737457332886706,5.297586360047376,0.004356435741782767,0.0033385642582172336
-374.39,718.29,-373.8495554087417,718.3523851916871,78.48051617603424,79.40549767332564,-0.9249814972913981,0.011717079616360817,0.0010820529454479047,0.006612947054552096,78.48063306597234,79.40567654788246,0.0010821254556975261,0.006612874544302474
-374.25,231.38,-374.4366780470832,231.50467006859193,-5.927442915616886,-4.491839988647815,-1.4356029269690715,0.2755665510111962,0.005202907057393945,0.0024920929426060553,-5.927438998469995,-4.491822196204822,0.005202957344193069,0.002492042655806931
-373.61,-347.15,-373.30503382734224,-347.04102250121787,11.57987584072729,10.25024171739776,1.3296341233295301,0.12181648768397471,0.0032243142631047913,0.004470685736895209,11.579896696855371,10.250242162890352,0.0032243637581515655,0.004470636241848435
-372.62,-685.24,-372.5557149237737,-685.0170068978579,72.9587245615948,72.09943390659348,0.8592906550013311,0.011847532935416056,0.0010577849358463186,0.006637215064153682,72.95884003364053,72.09963346917037,0.0010576814205845077,0.006637318579415493
-372.62,685.24,-372.8051093182601,685.9356384079069,72.11458871358934,73.14761690863973,-1.0330281950503917,0.014222945199343856,0.0012691028648137506,0.00642589713518625,72.11468135613583,73.14775543515566,0.001269159234501759,0.0064258407654982416
-372.46,495.65,-372.9302013727508,495.647963275633,36.22248545294754,37.7540646335637,-1.5315791806161627,0.04140715345133209,0.0026030855734504765,0.005091914426549524,36.22253080355684,37.75414469165706,0.0026031445625985254,0.0050918554374014754
-372.35,-146.14,-372.3598748234902,-146.13523978390273,-15.488951862795233,-16.431398020491518,0.9424461576962848,0.05904986387318658,0.005441123566440766,0.0022538764335592347,-15.488947350828914,-16.431391665379593,0.005441112925214303,0.002253887074785697
-372.35,146.14,-372.45025536368604,146.25256124300884,-15.602722186403708,-14.512999184599586,-1.0897230018041224,0.07236904528233246,0.006284840117617403,0.0014101598823825978,-15.602716089041994,-14.51299755167135,0.006284814369559791,0.0014101856304402091
-370.76,617.2,-371.04597449014153,617.706185097915,58.9398699643682,60.196948815969705,-1.2570788516015057,0.021103112614065726,0.0017230691966519756,0.005971930803348025,58.939934879129154,60.19705887017678,0.0017231310689753134,0.005971868931024687
-370.69,-651.99,-370.3566391757491,-651.4840409693228,66.50955159018878,65.5659089877777,0.9436426024110744,0.014289446325330442,0.0012286650264935813,0.006466334973506419,66.50966705916538,65.56600574389671,0.0012286893914741524,0.006466310608525848
-370.69,651.99,-369.5313262743222,651.6738670427088,65.5263550758128,66.68554946954785,-1.1591943937350493,0.017535401183746517,0.0015122534308084916,0.006182746569191509,65.52646649544309,66.68564196958835,0.0015122287488269993,0.006182771251173001
-370.68,-335.55,-370.1838070119866,-335.4349067486999,9.849975051224384,8.503321707346874,1.3466533438775095,0.146747841719347,0.0034070618215554134,0.004287938178444587,9.8499972728845,8.50332202534048,0.003407117238301126,0.004287882761698874
-370.68,335.55,-371.07998364311266,335.749817955339,9.245279713544896,10.853781640900706,-1.6085019273558103,0.16005741750721453,0.004055908451242663,0.003639091548757338,9.245303586180256,10.853812703721779,0.004055926581612607,0.003639073418387394
-369.2,-274.4,-369.8634002962779,-274.6274445959252,0.5841382120816512,-0.7270631994608756,1.3112014115425268,2.0,0.004055402709475015,0.0036395972905249856,0.5841523261200798,-0.7270364512829417,0.004055363633461879,0.003639636366538122
-368.92,-239.78,-368.9068848237427,-239.78343217730216,-4.28255552347747,-5.536752656937871,1.2541971334604014,0.25545529489784297,0.004454302873275173,0.0032406971267248275,-4.2825427377396394,-5.536803546793564,0.004454529018250011,0.003240470981749989
-368.63,-201.28,-368.6135665330531,-201.34753753553085,-9.239331245141152,-10.38585190823112,1.1465206630899676,0.11684177967969248,0.0048530427974687925,0.002841957202531208,-9.239321883923695,-10.385864308630396,0.004853134910991685,0.0028418650890083153
-368.63,201.28,-368.7322817391646,201.36431605637802,-9.517634214602477,-8.173763568491633,-1.3438706461108438,0.15192362554812328,0.005686089199844512,0.0020089108001554888,-9.517626445996644,-8.173748565810463,0.005686119808145812,0.002008880191854188
-368.46,-583.39,-368.8702441156822,-583.9029081521531,53.62763884285158,52.492479991816865,1.135158851034717,0.021393848094031182,0.0016557404204479678,0.006039259579552033,53.6277165877425,52.49255923681787,0.0016557382323904067,0.006039261767609594
-368.43,1225.83,-369.4468178764559,1225.0933478138995,186.33965958083076,186.00482041806373,0.3348391627670253,0.0017985450611112562,-0.00023241545715924536,0.007927415457159246,186.33999737713012,186.0053006695602,-0.00023231657747776864,0.007927316577477769
-368.38,258.45,-368.2169311363368,258.7296480916278,-2.0649076536893105,-0.5540452825298097,-1.5108623711595008,1.1537911584930378,0.004982242083623282,0.002712757916376718,-2.064895400841017,-0.5540278776035947,0.004982259073191578,0.0027127409268084225
-368.06,-308.11,-367.8380105097361,-308.03168261834213,5.663486939834886,4.3106753199604775,1.3528116198744087,0.27126320680132265,0.0037508975692104743,0.003944102430789526,5.663503646350737,4.310696660277912,0.0037508847212168266,0.003944115278783173
-367.92,-1079.0,-368.46687895266945,-1079.322775958627,154.59535123079843,155.01434304256603,-0.41899181176759726,0.0027065807015568175,-0.00033098294131252566,0.008025982941312525,154.59554875492495,155.01452507479638,-0.0003309707034758546,0.008025970703475854
-367.71,448.54,-367.87280442938123,449.00137273173686,28.138763060433504,29.737818536163328,-1.5990554757298234,0.055257426462237656,0.0030413615539958312,0.004653638446004169,28.138798720909023,29.73786180079467,0.003041376016900664,0.004653623983099336
-367.17,309.17,-366.46247039422275,309.1199489404344,5.300987413824515,6.892743920639248,-1.5917565068147326,0.26107783797333145,0.004414382572724059,0.0032806174272759416,5.300998357825041,6.892769540963631,0.0044144232742434125,0.003280576725756588
-367.11,1047.53,-367.49656280631297,1048.2509060724876,147.28245901585498,147.4639965036251,-0.1815374877701288,0.0012318213459101685,0.00014804633680259868,0.007546953663197402,147.2826796292357,147.46434781399506,0.00014815292200835687,0.007546847077991643
-367.04,-131.83,-367.1861224411959,-131.89603105296845,-16.644865038387575,-17.538628658809834,0.8937636204222592,0.05229211667709296,0.005797684255624566,0.0018973157443754347,-16.644861702492825,-17.538602036021874,0.005797533197726211,0.0018974668022737895
-367.04,131.83,-366.8026682313302,131.7531738531963,-16.771155795588648,-15.733601829121865,-1.037553966466783,0.06384012940173545,0.006744767685949814,0.0009502323140501865,-16.77114966435542,-15.733594144757728,0.006744777782299023,0.0009502222177009776
-366.72,-423.22,-367.8365861476221,-423.70112986724735,24.597950724305086,23.259330294840137,1.3386204294649495,0.05594218480274451,0.002698315797676783,0.004996684202323218,24.597989081986604,23.2594251573111,0.0026982018984992064,0.004996798101500794
-366.72,423.22,-365.8122127184509,422.9275132685207,23.708170199031564,25.349105511975495,-1.640935312943931,0.06689875412611841,0.0033320936168481363,0.004362906383151864,23.70818649537882,25.34916325953514,0.0033321777879419777,0.004362822212058023
-366.26,-1016.0,-367.22026765440796,-1016.1127191077159,141.0672086512657,141.1755758316805,-0.10836718041480253,0.0007679004486391066,-9.12387057257157e-05,0.007786238705725716,141.06748981413327,141.17587361222638,-9.125269682021125e-05,0.007786252696820211
-365.9,549.29,-365.6495342677161,549.773282570226,46.3249289551224,47.76348147506882,-1.4385525199464197,0.03057874000355765,0.002248158567390115,0.005446841432609885,46.32497793128462,47.76357171130679,0.0022482230483120806,0.00544677695168792
-365.44,-513.18,-365.9267531370827,-513.5690113720061,40.65161079475848,39.31924135475961,1.332369439998871,0.033321376581252296,0.0022273145944054803,0.00546768540559452,40.65167320844433,39.319368323098274,0.0022272066787508297,0.005467793321249171
-365.44,513.18,-365.05402708323317,513.4525451242862,39.6840693514867,41.187079776651586,-1.503010425164888,0.03717049754748522,0.0025191522223754993,0.005175847777624501,39.68412185010175,41.18716644085926,0.002519209486335313,0.005175790513664688
-364.6,-164.51,-364.7364932725223,-164.5017561425408,-13.327111268038955,-14.363845575276597,1.0367343072376425,0.07487890816513294,0.005428346805848339,0.0022666531941516613,-13.327112298724533,-14.36383823648207,0.005428302983202292,0.002266697016797709
-364.6,164.51,-364.31420468942514,164.65559282693394,-13.513479411083098,-12.327219519829493,-1.1862598912536058,0.09181329765306868,0.006212653434169294,0.0014823465658307068,-13.513478313836252,-12.327213695675315,0.006212678189821306,0.001482321810178694
-364.53,855.58,-364.3672443538,856.1585379961839,106.65653998744149,107.34316480771737,-0.6866248202758811,0.006417063247195788,0.0006914739935953601,0.00700352600640464,106.65673368764274,107.34340154458584,0.0006915173342018693,0.007003482665798131
-364.43,-501.59,-364.2341615358202,-501.3985687472679,38.50118723794685,37.16290280801474,1.3382844299321093,0.03537436131510148,0.002302154849518093,0.005392845150481908,38.50124033971687,37.163025427781484,0.0023020352626875952,0.005392964737312406
-363.41,248.06,-363.3787897480588,248.13408095886723,-3.3616036305962993,-1.872177064969808,-1.4894265656264913,0.5691589511529538,0.005189469645516088,0.0025055303544839124,-3.3615911821074604,-1.8721633000306213,0.00518947423230088,0.00250552576769912
-363.33,-823.4,-364.28015755722646,-823.8849577749216,101.04530873646898,100.4772247430036,0.568083993465379,0.005637920322426325,0.0005946485111328353,0.007100351488867165,101.04544407722116,100.47750937533964,0.0005944922384353403,0.00710050776156466
-363.26,357.97,-362.7474020633588,357.8983117670767,13.026285933854204,14.659427141413545,-1.6331412075593406,0.11797718217474855,0.00395193369300712,0.0037430663069928805,13.026312572208454,14.659472911161213,0.003951979987839371,0.00374302001216063
-363.17,282.33,-362.7434466320064,282.3052541964584,1.454557237151814,2.99963779290713,-1.545080555755316,0.6937642134340352,0.004740044986408151,0.0029549550135918494,1.4545661210435554,2.9996808080024877,0.004740149695149697,0.002954850304850303
-362.28,-478.28,-362.2021058755486,-478.1836052989751,34.40124386386529,33.02470193319101,1.3765419306742785,0.040831223482351985,0.002496856967606079,0.0051981430323939214,34.401300636582306,33.02477034172847,0.002496835861834654,0.005198164138165346
-362.28,478.28,-363.1674336620181,478.19209135537193,33.41377775629024,34.97564818471581,-1.5618704284255713,0.045675787066055185,0.00282543674384102,0.00486956325615898,33.413821750408886,34.9757445261113,0.002825531440505185,0.004869468559494815
-362.03,791.1,-362.6434430776942,792.0807181371448,93.57965825205065,94.40645094086022,-0.8267926888095758,0.00879631683808215,0.0009042681398647334,0.006790731860135267,93.57980021067478,94.40661663455609,0.0009042940990555418,0.006790705900944459
-361.57,315.7,-361.37910970220236,316.06960499646976,6.518234542153401,8.129829741603476,-1.6115951994500755,0.22004207084715768,0.004432615496736061,0.0032623845032639393,6.518255406735811,8.129854260064981,0.004432625546555707,0.0032623744534442936
-360.58,-374.67,-360.4578405475839,-374.45034389965485,16.575882138260774,15.192001640665517,1.383880497595257,0.08712450015403767,0.0032210669473751907,0.00447393305262481,16.575911128835106,15.192033553653747,0.003221060145277155,0.004473939854722846
-360.58,374.67,-359.6994676192871,374.51598303897555,15.814315021853936,17.461245174443984,-1.6469301525900484,0.0989873734882022,0.0038407399418435937,0.0038542600581564068,15.81434612553397,17.4612829341754,0.0038407554641548235,0.003854244535845177
-359.95,-454.79,-359.67264359006185,-454.65327490969986,30.32681950166701,28.8838107833209,1.4430087183461104,0.048741542233235326,0.002772241732794937,0.004922758267205063,30.32687558141907,28.883908238851284,0.002772162243559746,0.004922837756440254
-359.63,-270.49,-359.9964542866796,-270.50184075433845,0.3844139387332177,-0.9530616838443038,1.3374756225775215,2.0,0.004314865867408997,0.003380134132591003,0.384432820750078,-0.9530391767704387,0.0043148541725156675,0.003380145827484333
-358.71,-442.97,-358.4942199576851,-442.6908983551569,28.27502340272767,26.86871233926307,1.4063110634645994,0.05100528807277468,0.002783867206632139,0.004911132793367861,28.275086614508574,26.868816169402578,0.0027837868004407626,0.004911213199559238
-358.71,442.97,-358.1677884518162,442.8726124520768,27.375194958442894,29.011002647470743,-1.6358076890278497,0.05802156408774371,0.00323978931357643,0.00445521068642357,27.37524183284836,29.011070888403644,0.0032398316309268827,0.004455168369073118
-357.84,-624.78,-357.5726186299153,-624.6748767973044,61.83888778018271,60.75035266290071,1.0885351172819995,0.01775906455326138,0.0015309958810029996,0.0061640041189970005,61.8390114238281,60.750460530073255,0.0015310180701952043,0.006163981929804796
-357.71,-256.21,-357.8596520738333,-256.4843924215241,-1.5305447091317497,-2.867630826699269,1.3370861175675195,0.6080185325367565,0.0045765222113879145,0.003118477788612086,-1.5305290730043346,-2.8676026172898936,0.004576479176086444,0.003118520823913557
-357.37,-320.44,-357.6663027373194,-320.62181654323336,8.025699995044704,6.641518510498848,1.3841814845458558,0.18874491902097146,0.0037920304197723875,0.003902969580227613,8.025723969584828,6.64153815814419,0.0037920422735045894,0.003902957726495411
-357.05,-350.02,-357.3326755030614,-349.89500461543645,12.68537220612544,11.303322541768427,1.3820496643570124,0.11522508238830727,0.003472666273434478,0.004222333726565523,12.685403345011235,11.30331830911529,0.00347275515124651,0.004222244848753491
-357.05,350.02,-356.51441283344184,350.3040664143287,12.012845975127568,13.659667797277042,-1.646821822149473,0.12829455165544731,0.004142611585192955,0.0035523884148070456,12.012872536609645,13.659704375131057,0.0041426367815668875,0.003552363218433113
-356.96,-290.13,-356.83494319159286,-289.9770601942428,3.3748346618488476,2.001620786956476,1.3732138748923717,0.510824980498074,0.004169241352861746,0.003525758647138255,3.374853383055953,2.0016467957014044,0.004169219227026427,0.0035257807729735732
-356.3,507.4,-356.9821825853772,508.1266154222685,38.966309877445426,40.49515347988752,-1.5288436024420946,0.0384801270413807,0.002647856523833877,0.0050471434761661235,38.96636693148807,40.49523179987534,0.0026478933550516596,0.00504710664494834
-355.95,-182.48,-355.7232330786981,-182.48338375960398,-10.982512638067554,-12.106430976306719,1.1239183382391644,0.09735554445543856,0.005439375913666947,0.002255624086333053,-10.9825065130202,-12.106413029445925,0.005439318700179909,0.0022556812998200913
-355.95,182.48,-355.6578523252662,182.62330455254838,-11.283434347783095,-9.99293051498853,-1.290503832794565,0.12130867665769614,0.006241954128654114,0.001453045871345886,-11.28342806725551,-9.992926972160982,0.0062419408868507106,0.0014530591131492899
-355.88,-159.54,-355.9183209050293,-159.58921855472298,-13.518845012694218,-14.555719716912677,1.0368747042184587,0.07386577239610705,0.005734852602369922,0.001960147397630079,-13.518841335969615,-14.555715059454164,0.005734847178026563,0.001960152821973438
-355.88,159.54,-355.6671966276869,159.643387776264,-13.759582454786116,-12.59313232095078,-1.1664501338353368,0.0885259939070334,0.006453886192679995,0.0012411138073200054,-13.75957726711073,-12.593127363668938,0.00645388491792879,0.0012411150820712102
-355.73,591.23,-356.452104886705,591.2624333144067,54.359155598930954,55.732430063135894,-1.3732744642049397,0.024947855114382553,0.0020470372576085524,0.005647962742391448,54.35923063697781,55.73256692508075,0.0020471294138569227,0.005647870586143078
-354.98,1208.96,-353.4089039824885,1209.0606752985468,183.12187224237832,182.90658807715093,0.2152841652273878,0.0011763247319044685,-0.00015828376679474698,0.007853283766794747,183.12221483221634,182.90703215175316,-0.00015820915196772026,0.007853209151967721
-354.92,-323.16,-354.908906955563,-323.0818630461865,8.519291412709372,7.134395900024828,1.384895512684544,0.17694176266801218,0.0037943501283653532,0.0039006498716346472,8.519322519938452,7.134414736281812,0.0037943837484934583,0.003900616251506542
-354.76,-136.18,-354.69025673220773,-136.2724045242128,-15.795420778809902,-16.72288109128833,0.9274603124784271,0.05704235825003279,0.006028205230336298,0.0016667947696637027,-15.795415870121406,-16.72285064471342,0.006028039241971763,0.0016669607580282377
-354.76,136.18,-354.70887902734535,136.17501679648646,-15.995339478210806,-14.937272359589308,-1.0580671186214978,0.06841110761481344,0.006881666048312123,0.0008133339516878772,-15.995335260937617,-14.93726891799796,0.006881661003279259,0.0008133389967207418
-354.65,-407.22,-354.2673090341218,-406.9402567701059,22.275525163615114,20.89535969492187,1.3801654686932459,0.06393964234070222,0.0030075946021943826,0.004687405397805618,22.2755706219219,20.895384383297944,0.0030076398630945497,0.00468736013690545
-354.65,407.22,-354.22205699016513,407.19243903874866,21.414307175793635,23.089609123773304,-1.6753019479796691,0.07528784373504546,0.003648947881155437,0.004046052118844564,21.41433666769257,23.08964691434412,0.003648965956357467,0.004046034043642534
-354.36,-1177.85,-355.0339524084822,-1177.9227782117882,176.6409647245084,177.2687941944757,-0.6278294699673097,0.0035479635932335533,-0.0004716337361034274,0.008166633736103428,176.64136769236515,177.2691582760529,-0.0004716045242199673,0.008166604524219967
-354.36,1177.85,-353.0191482589558,1177.9213570923496,176.16334786420896,175.98705775606348,0.17629010814547996,0.0010012205315224057,-0.00013318743588216047,0.00782818743588216,176.1636632997529,175.9875539055378,-0.00013305090624207897,0.00782805090624208
-353.71,-1146.69,-354.8658630752221,-1146.9167243021736,169.81363295334484,170.33821273933768,-0.5245797859928416,0.0030843859448981764,-0.00040491635149575146,0.008099916351495751,169.81402109814667,170.3386313862351,-0.0004049398956688061,0.008099939895668807
-353.71,1146.69,-355.00864840509456,1146.0933907878727,169.0491909882461,168.93546951332684,0.11372147491925944,0.00067293867568129,-8.780786450596129e-05,0.007782807864505962,169.04953904749746,168.93585103625122,-8.778202617007522e-05,0.007782782026170076
-353.7,1083.74,-351.9463590024654,1083.770438121321,155.42900579603494,155.5464047379973,-0.11739894196236378,0.0007550368163242025,9.669416743094142e-05,0.007598305832569059,155.42929713271704,155.5467484501815,9.673730585692775e-05,0.007598262694143073
-353.39,-557.42,-354.0664224966279,-558.0632459813002,49.34267402087956,48.065773637137426,1.2769003837421309,0.02621744652424996,0.002030199546679629,0.005664800453320372,49.342748380402796,48.06592314434894,0.0020300800660963208,0.005664919933903679
-353.33,-227.07,-353.17251149885624,-227.00540501307475,-5.366098591783121,-6.628783010703206,1.2626844189200845,0.2105372042452428,0.0049479078476494095,0.002747092152350591,-5.366085854032214,-6.628818262006231,0.004948095895757864,0.0027469041042421363
-353.33,227.07,-352.98063810274385,227.01320890611763,-5.798838568562953,-4.372533950133896,-1.4263046184290573,0.28045470083948804,0.005591909700078718,0.0021030902999212824,-5.798829129141623,-4.372525436751065,0.005591906069491255,0.002103093930508745
-353.01,-1115.47,-354.1614150564405,-1115.7970912385101,163.0216371584319,163.45588162455283,-0.43424446612092993,0.0026601798968558066,-0.00034522138947880125,0.008040221389478802,163.02201082721925,163.45643443645656,-0.0003453638070347601,0.00804036380703476
-353.01,1115.47,-352.9214611204945,1116.1878904558837,162.5161387095267,162.51157449332942,0.004564216197280757,2.8085089436248412e-05,-3.6399943156043344e-06,0.007698639994315605,162.51651497936726,162.5120792220893,-3.5375474296646583e-06,0.007698537547429665
-352.96,-1052.39,-352.4041697748239,-1051.4932765430922,149.1688734836178,149.3729503295561,-0.2040768459382889,0.001367157494596129,-0.0001730199043707954,0.007868019904370796,149.16914062210068,149.37316565457553,-0.00017297597601405873,0.007867975976014059
-352.85,-988.94,-352.0046874388911,-987.8436663316288,135.58782489802246,135.49557692373983,0.09224797428262832,0.0006805874034536536,8.334317561801182e-05,0.0076116568243819885,135.58801008499026,135.49595338610783,8.317036424308396e-05,0.007611829635756916
-352.85,988.94,-352.97059174210546,989.7703148490092,135.07081441079086,135.39206128454828,-0.321246873757417,0.002375533965107161,0.00028887890906390554,0.007406121090936095,135.07105533117408,135.39240091315588,0.00028896767171501727,0.007406032328284983
-352.6,-368.48,-352.8547406420121,-368.77036664429164,15.93800972393499,14.545173368755904,1.3928363551790852,0.09138391820459542,0.003362776432046476,0.004332223567953524,15.938041968213142,14.545190557622252,0.0033628127808851623,0.004332187219114839
-352.16,1020.97,-352.5979051887519,1021.7966396930805,141.9566448070675,142.27037355620536,-0.31372874913785154,0.0022075927260150354,0.00027356465978673286,0.007421435340213268,141.95685099329577,142.27072829062257,0.00027369419058326537,0.0074213058094167355
-352.09,460.9,-351.0090656636585,460.57688049732906,30.70448315378282,32.313841592496594,-1.6093584387137732,0.05107588769435795,0.003127391035815709,0.004567608964184291,30.704513889209558,32.313900538600834,0.00312744585630679,0.00456755414369321
-351.99,-957.34,-352.7472001469846,-957.5224761013875,129.15215466394102,128.95877453251018,0.19338013143084254,0.0014984265256250246,0.00017986603926770168,0.007515133960732299,129.1524570563685,128.95905602968503,0.00017988547428566385,0.0075151145257143365
-351.99,957.34,-353.29868954905197,957.1955698493108,128.1328416724612,128.53634934122027,-0.40350766875906174,0.0031441846772918935,0.0003748512463894128,0.007320148753610587,128.13305875910856,128.53665326631778,0.00037493191772182297,0.007320068082278177
-351.83,264.22,-351.80252593141586,264.55184199405124,-0.6939643318390942,0.8343827306064355,-1.5283470624455298,2.0,0.005158959472341654,0.0025360405276583465,-0.6939547785263152,0.8343995980423031,0.005158984161278818,0.0025360158387211828
-351.38,-436.04,-350.8801213252455,-435.8852225616845,27.387099423242837,26.00217411342588,1.384925309816957,0.05188028298852072,0.0028447579160655306,0.00485024208393447,27.387160470066828,26.002285668087687,0.0028446541685417963,0.004850345831458204
-351.38,436.04,-351.47105241345935,435.95845948688276,26.40742914492028,28.059907459199714,-1.6524783142794348,0.06067777193843691,0.0033880590462029674,0.004306940953797033,26.40746614285437,28.059971800114578,0.0033881151072311538,0.004306884892768847
-351.06,-925.67,-351.4597017069593,-925.2551701144604,122.43114200271425,122.16918595998325,0.2619560427310006,0.0021419108053767604,0.00025307033336275774,0.007441929666637243,122.43137274651335,122.16936613965169,0.00025311918232714497,0.007441880817672855
-351.06,925.67,-351.18748928410037,926.3734281500498,121.69891352209049,122.21765311471518,-0.5187395926246836,0.004253418287877857,0.000500926657372747,0.0071940733426272534,121.69911177697121,122.21793346732983,0.0005010059359626673,0.007193994064037333
-350.7,-861.34,-350.5347932462693,-861.0157794684845,109.14338966263284,108.60273929851898,0.5406503641138585,0.004965878077311915,0.0005627611784179968,0.007132238821582004,109.14358285555122,108.60296808066684,0.0005627241337065669,0.007132275866293433
-350.59,297.8,-350.7890477412397,297.822164927172,4.14354452332816,5.717178686947442,-1.5736341636192819,0.3191721601067635,0.0047320639650447185,0.002962936034955282,4.143567164735739,5.717199158404462,0.004732057439802015,0.0029629425601979857
-350.49,282.23,-350.55670090176415,282.23724418882455,1.8704165704339424,3.418543757847978,-1.5481271874140354,0.5854183398335049,0.004915683516900535,0.0027793164830994654,1.8704333839878373,3.4185875034440514,0.004915769032739861,0.0027792309672601398
-350.07,-893.9,-351.47036839224285,-894.4546336773733,116.0195061623339,115.59921968914092,0.42028647319297363,0.0036291234367853463,0.0004199989942655995,0.0072750010057344005,116.01972413897614,115.59945435058967,0.00041998232087162897,0.0072750176791283715
-350.07,893.9,-348.4967831686103,893.7330002117313,114.9505255809411,115.55280782045907,-0.6022822395179617,0.005225800691299705,0.0006074959144036057,0.007087504085596395,114.9507167423057,115.55301189835288,0.0006075089427451566,0.007087491057254844
-349.59,829.33,-347.65201697215844,828.8012056531039,101.53843892063148,102.34769640031341,-0.8092574796819321,0.007938327718145712,0.0008823511727900641,0.006812648827209936,101.538646568723,102.34792400102684,0.0008823729275711891,0.006812627072428811
-348.95,-764.09,-348.9979255699246,-763.6762285831381,89.43951929152891,88.61657489076151,0.8229444007673976,0.00924365329416788,0.0009700368877716662,0.006724963112228335,89.43970556032497,88.61674619527368,0.0009700545267608381,0.006724945473239163
-348.95,764.09,-350.37374481703415,764.0905041242626,88.31788005442274,89.20632952043633,-0.8884494660135829,0.01000933301594494,0.0010425724535363988,0.006652427546463602,88.31802002520831,89.20655459434893,0.0010426723198533364,0.006652327680146664
-348.39,-797.2,-347.8593759685729,-796.7611903556849,96.13845602540438,95.40916858116567,0.7292874442387074,0.007614685337253646,0.0008266405855172957,0.006868359414482704,96.13857348227802,95.40933385367521,0.0008265863869354258,0.006868413613064575
-348.12,330.47,-348.5511443999951,330.5551713030702,9.203353906485233,10.820967612434558,-1.6176137059493243,0.1615648954119057,0.004410768069181548,0.003284231930818452,9.203374033359378,10.821003112281172,0.004410809986863038,0.003284190013136962
-348.08,-513.07,-349.17456864498627,-513.4160202248999,41.279674136749236,39.90676986797241,1.3729042687768285,0.033821022354347315,0.002405902962041697,0.005289097037958304,41.2797477166305,39.906888901832154,0.002405823307644848,0.005289176692355152
-347.59,-731.63,-348.82116588429426,-732.140958769919,83.15579119960788,82.27231495826933,0.883476241338542,0.010681089953304447,0.0010867939562044322,0.006608206043795568,83.15594893019856,82.27257510997363,0.0010866679645341974,0.006608332035465803
-347.59,731.63,-348.0489001826864,732.1369666024234,82.01874208024715,82.93882935072912,-0.9200872704819716,0.011155441517480958,0.0011343479581363129,0.006560652041863688,82.01890680302776,82.93900478042613,0.0011343611583719258,0.006560638841628075
-347.24,331.4,-346.51157004936863,331.29535303453525,9.398799924440347,11.011750609016602,-1.612950684576255,0.15805067893022368,0.004414056393246515,0.0032809436067534857,9.398826049176225,11.011783553004769,0.004414075055047181,0.0032809249449528193
-347.15,-154.56,-347.2092893898585,-154.65076569107922,-13.711517792851904,-14.727323584618503,1.0158057917665992,0.07143791677612667,0.0059431562296125805,0.00175184377038742,-13.711514132659895,-14.72731639951632,0.005943135606485575,0.0017518643935144256
-347.15,154.56,-346.817345706854,154.52442880559911,-13.960910754572764,-12.837013473359132,-1.1238972812136314,0.08387942824632483,0.00658837842415358,0.0011066215758464204,-13.960905151699222,-12.837006966305122,0.006588383724533957,0.0011066162754660436
-346.41,-200.0,-346.4343379994131,-200.0334622933441,-8.536550468208468,-9.720959947110632,1.1844094789021646,0.1297449051879907,0.005369429729134369,0.002325570270865631,-8.536540341962551,-9.720954916144711,0.0053694528281962835,0.002325547171803717
-346.41,200.0,-346.0363673309098,199.98296761265394,-8.908837856104554,-7.568017851506411,-1.340820004598143,0.16275192650728784,0.0060870322211784905,0.00160796777882151,-8.908830116123243,-7.568006504461298,0.006087048596466381,0.0016079514035336195
-346.1,-699.01,-346.83144191365085,-699.7141714450751,76.81910344616232,75.85506914255953,0.9640343036027872,0.012628649459915282,0.0012479673672424888,0.006447032632757511,76.81923323465381,75.85524913150779,0.0012479023814513871,0.006447097618548613
-346.1,699.01,-345.17203867941095,698.9018532313975,75.5405989435543,76.5391567297578,-0.9985577862035058,0.013132027754549304,0.0013003829764256167,0.006394617023574384,75.54072533568531,76.53930872934592,0.001300416324021267,0.006394583675978734
-345.97,-388.21,-346.06212469653565,-388.5308213106477,19.493695014483848,18.100638451504324,1.393056562979524,0.07410992213705989,0.003254910695112097,0.0044400893048879035,19.49373622674492,18.100668402070973,0.0032549370083362708,0.00444006299166373
-345.97,388.21,-346.1840493828783,388.37409686241637,18.583939527104796,20.234260274132744,-1.6503207470279477,0.08502819581939165,0.003856212181015902,0.0038387878189840986,18.583994490759654,20.234298825228397,0.003856173830706823,0.0038388261692931776
-345.77,-272.11,-345.6099643920461,-271.98417439144436,1.1770336120804572,-0.17585092870825392,1.3528845407887111,2.0,0.004521481066600567,0.0031735189333994334,1.1770483806778422,-0.17583331258235546,0.004521471549863646,0.0031735284501363545
-344.76,632.09,-343.84711382502445,632.1129732315526,62.58700201702626,63.817836428586844,-1.2308344115605863,0.01947448257038301,0.0017790551669204604,0.0059159448330795405,62.587094191637945,63.81795333701801,0.0017790909173259818,0.005915909082674019
-344.47,-666.21,-344.2665401516361,-665.81489331555,70.28513848520649,69.2464220869382,1.038716398268292,0.01488862296112892,0.0014236346184947593,0.0062713653815052416,70.28527356329758,69.24649664238817,0.001423717569074192,0.0062712824309258085
-344.47,666.21,-343.5261700154663,666.1661035147125,69.18828430656745,70.30718014414458,-1.1188958375771278,0.016042038957796618,0.001536021068799741,0.00615897893120026,69.18837470575536,70.3072941424881,0.0015360534657387652,0.006158946534261235
-344.13,-466.88,-344.6561487490572,-467.30154670744474,33.158128838095564,31.716312258922386,1.441816579173178,0.04444944895993727,0.0028123970808015455,0.004882602919198455,33.1581818047849,31.716387455844952,0.0028123537186680136,0.004882646281331986
-344.06,-305.32,-343.9500674758381,-305.23701281755353,6.203616199658178,4.810743554718464,1.3928726449397146,0.252919402670908,0.004168009385415867,0.0035269906145841334,6.203641939344269,4.81077131110478,0.004168003350675005,0.003526996649324996
-342.85,-363.94,-343.2515862741202,-364.17175521005225,15.574743685355966,14.176918253915957,1.3978254314400083,0.09396620829405777,0.0035130473065177574,0.004181952693482243,15.574781185929165,14.176927354980467,0.003513118680821919,0.004181881319178082
-342.85,363.94,-342.08343783634615,363.7608084804956,14.720143859882583,16.342956260508736,-1.6228124006261524,0.10448489650656986,0.004097040299959481,0.00359795970004052,14.720180944097994,16.34300076732143,0.00409705903945161,0.003597940960548391
-342.84,-598.8,-343.5354351084855,-599.2185579494993,57.50870473080469,56.307109208061235,1.2015955227434532,0.02111473759505631,0.001833797509472061,0.00586120249052794,57.50880537197194,56.30722985607629,0.0018337669763126218,0.005861233023687379
-342.62,-186.31,-343.1189636686906,-186.43129736465463,-10.0398290447968,-11.177939572946464,1.1381105281496637,0.10727900267494894,0.005589471810156856,0.0021055281898431444,-10.039819819355149,-11.177924946859921,0.005589445286588511,0.0021055547134114895
-342.62,186.31,-342.72897909812923,186.37922117356933,-10.38174626602726,-9.095531009441927,-1.2862152565853329,0.13207341440944284,0.006325796396267264,0.0013692036037327368,-10.381738580602274,-9.095517373096703,0.006325825663770978,0.0013691743362290228
-341.63,378.67,-341.4029604012489,379.15976926264096,17.25308586223808,18.883864270899096,-1.6307784086610155,0.09025545336022202,0.0039578131989863735,0.003737186801013627,17.253122083726385,18.883901448511114,0.003957815519448205,0.0037371844805517956
-341.17,-337.64,-340.81582206742274,-337.56439534559877,11.380212916461304,9.980231422851915,1.3999814936093884,0.13108168270008944,0.0038229250719249465,0.003872074928075054,11.380232814393601,9.980243659248732,0.0038229459932558442,0.0038720540067441562
-340.97,-293.66,-340.66391104386486,-293.5967129909863,4.578157083572616,3.1859186275470535,1.392238456025563,0.3586359813652013,0.004373067501942507,0.0033219324980574933,4.578171682366033,3.185936537540595,0.004373057101352295,0.0033219428986477053
-340.71,565.26,-340.4837235535752,565.2432601188101,50.06248444263963,51.462548318948826,-1.400063876309197,0.027580663373869014,0.0022854197422679397,0.00540958025773206,50.062563091345154,51.4626533853331,0.002285462865646504,0.005409537134353496
-340.6,-529.99,-340.464897453936,-529.9634172295279,44.66333296727938,43.28097723903851,1.3823557282408672,0.03143707023223793,0.002406863469490017,0.005288136530509984,44.66340827230163,43.28103807120301,0.002406888668642393,0.005288111331357608
-340.6,529.99,-340.47411005314274,530.3604243710214,43.61502894596154,45.09886659668453,-1.4838376507229896,0.033452203663172184,0.0025815530644267373,0.005113446935573264,43.61510424566825,45.09895415281679,0.00258157438792727,0.005113425612072731
-339.77,518.61,-338.9003422779915,518.3955611596035,41.486526306566354,42.97942215785808,-1.4928958512917276,0.03534905789687567,0.0026695994379835842,0.005025400562016416,41.4866092740398,42.97949996533062,0.0026695902108593225,0.005025409789140678
-339.7,1234.1,-340.9040132220502,1233.8171291107858,189.04524055815662,188.82280107353216,0.22243948462445928,0.0011773394948349346,-0.00016614177411972193,0.007861141774119722,189.0457132583323,188.82334905900495,-0.00016608554294814505,0.007861085542948145
-339.53,279.85,-338.8890072798141,279.83166383958377,1.9743473132078222,3.5021919999998232,-1.527844686792001,0.5579599084068776,0.00506144759427584,0.002633552405724161,1.974366972751124,3.5022351284300264,0.005061525342061445,0.0026334746579385554
-339.43,-1088.3,-338.59362829972093,-1086.9465278951436,157.28354089735694,157.50916946146737,-0.22562856411042276,0.0014335056479118239,-0.00019260031427429714,0.007887600314274297,157.28387346639025,157.50948668666453,-0.0001925872165192577,0.007887587216519259
-338.74,1057.05,-338.83054967137855,1057.884447508568,150.18057727404064,150.41177487974238,-0.23119760570173753,0.0015382800263890734,0.00020263404416892485,0.007492365955831076,150.18080734804155,150.41213981791088,0.00020275224639515317,0.007492247753604847
-338.58,-172.52,-338.983635637677,-172.67505102297685,-11.454598776794002,-12.540360005863993,1.0857612290699912,0.09049911182633155,0.00582741404078266,0.0018675859592173407,-11.454591459509954,-12.540348288702342,0.005827390426098474,0.0018676095739015262
-338.58,172.52,-338.64007353316197,172.59986455717203,-11.769236803125317,-10.555012430954601,-1.2142243721707153,0.10878075759135458,0.006526344852702403,0.001168655147297597,-11.769229601421417,-10.555004395289286,0.006526349335168673,0.0011686506648313274
-338.0,-1025.75,-338.00564267792544,-1025.842489587039,144.1610152183231,144.14562582878298,0.015389389540104048,0.00010675709365702469,1.3943334036161643e-05,0.007681056665963839,144.1612226397135,144.14589486992705,1.3887504348677978e-05,0.007681112495651322
-337.99,-495.74,-337.24074519129357,-495.47333051912733,38.50933348185958,37.09637808753373,1.4129553943258486,0.037376948513446466,0.002656550041953101,0.005038449958046899,38.50939263398055,37.096497418582864,0.002656436897309776,0.005038563102690225
-337.99,495.74,-337.28385362091245,495.62932721809415,37.433196928893025,38.96688637018223,-1.533689441289205,0.040148894479222874,0.0028822706060187757,0.004812729393981224,37.43324473447432,38.96696543022789,0.0028823293426974723,0.004812670657302528
-337.37,312.71,-337.3313611479434,313.0427658972485,6.9530068055523735,8.5409851502742,-1.5879783447218259,0.20497988500951309,0.004724262898681332,0.002970737101318668,6.953030710790568,8.541012679958207,0.004724273681469992,0.0029707263185300087
-336.78,866.88,-336.0739327605154,867.234083204702,109.80709551721216,110.52037071139807,-0.7132751941859112,0.006474682493246864,0.0007688397475833924,0.006926160252416608,109.80730313646043,110.5205743955196,0.0007688355059079836,0.006926164494092017
-336.76,-342.04,-337.122084299495,-342.26975903185695,12.292769167208029,10.884614696940648,1.4081544702673803,0.12151107981134547,0.0038339322881867513,0.003861067711813249,12.292802603216757,10.884630107814235,0.003833981364583606,0.0038610186354163943
-336.23,-251.7,-336.4158870011931,-251.9042714877431,-1.2920329449904457,-2.642614115101093,1.3505811701106474,0.6865068960361728,0.005006780297000413,0.0026882197029995877,-1.292020525848823,-2.64259619913701,0.005006759919563647,0.0026882400804363535
-336.23,251.7,-335.77910232518866,251.8704448847045,-1.8345611483915825,-0.36158932055822035,-1.4729718278333621,1.341412483943084,0.0054715886533441,0.002223411346655901,-1.8345469262750704,-0.3615716003576104,0.005471601647535093,0.0022233983524649076
-336.06,472.72,-336.5441924221005,472.85304126801026,33.408836850711,34.97248404624305,-1.563647195532056,0.04573316733347005,0.0030868843271917796,0.004608115672808221,33.40889450048792,34.97255527060143,0.0030869111255404564,0.0046080888744595445
-336.01,-217.02,-336.28417722760366,-217.01947685575473,-5.981203260390611,-7.227133343238229,1.245930082847618,0.18865813618125282,0.00536337790988816,0.00233162209011184,-5.981196056113035,-7.227167856686556,0.00536355749294233,0.0023314425070576706
-336.01,217.02,-335.5899231390178,217.05283503554347,-6.408930997820441,-5.036917379283189,-1.3720136185372525,0.23973996043523343,0.005917440781779897,0.0017775592182201032,-6.408923357584767,-5.036911784886001,0.005917431958158957,0.0017775680418410439
-335.76,-835.02,-335.68261592609156,-834.5086810299372,104.25936792577505,103.60215861866166,0.6572093071133907,0.006323530073497196,0.0007370447686902364,0.006957955231309764,104.25959087572576,103.60240024363841,0.0007370238250880997,0.0069579761749119
-335.6,-448.3,-335.39631279293855,-448.0229346285577,30.15146909120137,28.684364593848528,1.4671044973528424,0.04987112123561637,0.0030672727112960587,0.004627727288703942,30.15152114759124,28.684447232285166,0.0030672087734663553,0.004627791226533645
-335.6,448.3,-335.47973402112575,448.51952321888865,29.18719669808004,30.79078698289694,-1.6035902848168995,0.05347263066882674,0.0033480786177705227,0.004346921382229477,29.187231093632363,30.790856504498514,0.003348151956188408,0.004346848043811592
-335.04,-461.14,-334.5406481628358,-460.8946518530631,32.453413441191294,30.97406176878995,1.479351672401343,0.0466470300923643,0.0030141907799244075,0.0046808092200755925,32.453476310910446,30.9741531551008,0.0030141326771423753,0.004680867322857625
-335.04,461.14,-335.0159942643932,461.7210439136391,31.50723066741442,33.09268546423158,-1.5854547968171602,0.04908535155328113,0.0032200196841223228,0.004474980315877678,31.50727956039781,33.09275599309285,0.0032200636260579767,0.004474936373942024
-334.66,803.06,-335.4437467680571,802.8907983492946,96.63096390925276,97.49310451941152,-0.862140610158761,0.008882367005156561,0.0010056614305820207,0.006689338569417979,96.63113399471904,97.49331376431854,0.00100570710890727,0.00668929289109273
-334.07,344.67,-334.18362442436234,345.0860534675082,12.041219920301955,13.65235012846398,-1.6111302081620238,0.12541115968735583,0.004389023848021166,0.0033059761519788344,12.041248455238492,13.652387006089146,0.004389046575085168,0.003305953424914833
-333.12,-287.45,-333.04345298459015,-287.34041818379114,3.985160715759484,2.5799885554734274,1.4051721602860567,0.4280701328279686,0.004612982312315664,0.003082017687684337,3.985179589210805,2.58001147233821,0.004612969038358701,0.003082030961641299
-331.67,-426.14,-332.0472657291068,-426.5383881387927,26.568481599785628,25.14291516174109,1.4255664380445374,0.05513548375491412,0.003162126961512012,0.004532873038487989,26.568531439693057,25.143009862365968,0.0031620274534986566,0.004532972546501344
-331.67,426.14,-331.44350267759654,426.4528259447165,25.53627853654492,27.17700579626309,-1.6407272597181688,0.062250997276487405,0.0036467480534929544,0.004048251946507046,25.536320998509087,27.177061930194867,0.0036467784413718534,0.004048221558628147
-331.54,-639.13,-331.2713019753431,-638.870506744035,65.58820805732819,64.47223165138185,1.1159764059463413,0.017160889328772667,0.001656564046664925,0.006038435953335076,65.5883216882443,64.47234709907072,0.0016565613498333383,0.006038438650166662
-331.37,-524.02,-331.0213270991451,-523.7465250907222,43.92846156239315,42.50882899615019,1.41963256624296,0.032847687776179274,0.002572460388664091,0.00512253961133591,43.92854340613934,42.5089085104449,0.0025724646097715874,0.005122535390228413
-331.08,304.78,-330.59874965245484,304.8089355457707,5.971177718298485,7.538815483004111,-1.5676377647056263,0.2320708443516432,0.0048872740098567435,0.002807725990143257,5.971192717983996,7.5388344512677286,0.004887286382312339,0.0028077136176876613
-330.85,-401.17,-330.80076080824693,-401.0244719181612,22.265656600835065,20.829346272070563,1.4363103287645025,0.066657859752344,0.0034014240724090064,0.0042935759275909945,22.26569551793228,20.82939678015707,0.0034013966229997725,0.004293603377000228
-330.85,401.17,-330.7354080332844,401.631557877455,21.36975995639694,23.023203103084498,-1.6534431466875574,0.07449122711057313,0.003910484933340191,0.003784515066659809,21.369795444795002,23.02324989822173,0.003910511674406713,0.0037844883255932875
-330.51,-319.94,-330.42303582315645,-319.83306563020534,9.062250777123868,7.631674542582196,1.4305762345416717,0.1713888384121345,0.004252724026973769,0.0034422759730262315,9.062275598587217,7.631702882691705,0.004252713566971214,0.0034422864330287866
-330.36,-388.54,-330.25172706322877,-388.4510083346272,20.176898956160606,18.739431605395822,1.4374673507647842,0.07387476311473154,0.00352019329552818,0.004174806704471821,20.17693870734607,18.73946349545482,0.003520212546528675,0.004174787453471326
-329.79,606.09,-330.63951119633225,605.9469914027565,58.0440138704133,59.369194012570105,-1.3251801421568032,0.02257293137714978,0.0020779515073758806,0.00561704849262412,58.044085138389576,59.36930517945866,0.0020780140709491424,0.0056169859290508585
-329.68,-144.61,-329.82832336066673,-144.73710551880146,-14.009925058574025,-14.997547104597285,0.9876220460232599,0.06809432000608259,0.006499393296808414,0.0011956067031915867,-14.009920762180846,-14.997541805014132,0.006499386694964907,0.0011956133050350934
-329.68,144.61,-329.56385543205005,144.60547664391697,-14.281264326325175,-13.22755604622672,-1.053708280098455,0.07660875790587063,0.006946178657976725,0.0007488213420232754,-14.281262486751947,-13.227549009579185,0.0069462129177498685,0.0007487870822501319
-329.09,-190.0,-329.2458518578566,-190.1233060482801,-9.01165067238928,-10.18521866557793,1.1735679931886498,0.12226660217638603,0.005889825927438641,0.0018051740725613594,-9.011644944984901,-10.185211562874759,0.005889819025179435,0.0018051809748205654
-329.09,190.0,-328.4844729012283,190.1136487367261,-9.399290409364685,-8.114551821752961,-1.2847385876117237,0.14671122083412053,0.006463034859548077,0.0012319651404519233,-9.399283396242804,-8.114544538082962,0.006463036220573534,0.001231963779426466
-328.11,-377.28,-327.59522413980545,-377.21416912845376,18.431240705953506,16.97920318067872,1.4520375252747861,0.08201182283529318,0.0036914938856203103,0.00400350611437969,18.43128281235693,16.97922958387342,0.0036915338076595017,0.004003466192340498
-328.11,377.28,-328.9779438020938,377.53544886213757,17.456665144791792,19.089850308041225,-1.6331851632494327,0.08937569795715401,0.004131053130813223,0.0035639468691867774,17.456693904738184,19.089898570621898,0.004131102461666955,0.0035638975383330456
-327.9,-478.42,-327.6678737637951,-478.27738030949064,35.85346033072123,34.38539810906754,1.468062221653689,0.0418019954840856,0.002942934734030567,0.004752065265969434,35.853533884760054,34.38546593544041,0.00294294621593293,0.004752053784067071
-327.84,-572.82,-327.80989021231795,-572.4627803586787,53.104367786949204,51.8037794237685,1.300588363180701,0.024794801886422586,0.0021773108096838174,0.005517689190316183,53.10444445350089,51.80397287446121,0.0021771153017276935,0.005517884698272307
-327.35,-211.99,-327.654684791463,-212.00865338433871,-6.234263484984204,-7.486772855326439,1.252509370342235,0.1825677506097004,0.005664490945402403,0.002030509054597597,-6.2342512838863815,-7.486812070420871,0.0056647234758427905,0.00203027652415721
-327.35,211.99,-326.9766276138792,212.0457576967511,-6.695579537770669,-5.341187166632704,-1.3543923711379655,0.22504255576250262,0.0061368862447174445,0.001558113755282556,-6.695569197072638,-5.341170880997829,0.0061369131818162625,0.001558086818183738
-326.83,-351.54,-326.92469995439734,-351.439530863948,14.246490646899638,12.797275154191375,1.4492154927082623,0.10717556891797941,0.003962638881486671,0.0037323611185133294,14.246520660982444,12.797274558954769,0.003962722577582838,0.003732277422417163
-326.54,294.91,-326.7886901946972,295.1025809268704,4.674324133952332,6.2173199660600105,-1.5429958321076782,0.283335705415848,0.005026603163245149,0.002668396836754851,4.674348145194639,6.217355962621973,0.005026642207709458,0.0026683577922905427
-326.11,1217.07,-325.99220607257337,1216.602650250195,185.50793701663503,185.46587629866602,0.04206071796900801,0.00022675842045626776,-3.3317359832624756e-05,0.007728317359832625,185.50834854368787,185.4663537998657,-3.326510004022388e-05,0.007728265100040224
-325.96,352.35,-326.4850205154066,352.5051889246013,13.51141218099167,15.1357007244793,-1.62428854348763,0.11339980743242203,0.004433883515718051,0.0032611164842819493,13.511444465535085,15.135733397185323,0.004433884575300597,0.0032611154246994034
-325.57,-1186.13,-324.1617109636846,-1185.0079540253696,179.26657364791328,179.7010138010122,-0.434440153098933,0.00242049794069915,-0.0003553013432544272,0.008050301343254428,179.2670109220029,179.70149308569384,-0.00035533570108177366,0.008050335701081775
-325.57,1186.13,-325.6994900701382,1186.76838164801,178.84447229189828,178.84498205495964,-0.0005097630613590809,2.8503108222181717e-06,4.1431932378220486e-07,0.007694585680676218,178.8449564980817,178.8453934717054,3.5515836670515457e-07,0.007694644841633296
-325.09,1092.66,-325.9066071632396,1092.0917586069497,157.93351920581122,158.1960116793229,-0.2624924735116849,0.00166066404980724,0.00023169381105907238,0.007463306188940928,157.9338801444547,158.1963912390635,0.00023171024731304045,0.00746328975268696
-325.01,-1155.15,-323.827658696717,-1154.295920611644,172.53193949103832,172.83865143757384,-0.306711946535529,0.0017761323899111385,-0.0002577801453515576,0.007952780145351558,172.53222728151098,172.83901792444507,-0.0002578462867891139,0.007952846286789115
-325.01,1155.15,-325.0913840323132,1156.0389475773502,172.02733268606974,172.07697993420075,-0.04964724813100929,0.0002885592903672587,4.150181866930968e-05,0.007653498181330691,172.02770678039693,172.07737177307592,4.151665193884101e-05,0.00765348334806116
-324.78,-233.5,-324.94688844653433,-233.73150942944218,-3.2595466699176647,-4.58777232680869,1.328225656891025,0.338517054664177,0.005494043470446422,0.0022009565295535785,-3.2595410135283807,-4.5878100839818075,0.005494223045353596,0.0022007769546464042
-324.78,233.5,-324.62024047772985,233.49045283492993,-3.858939061499054,-2.4326910877550603,-1.426247973743994,0.4533794707920263,0.005911533983379018,0.0017834660166209824,-3.8589271718818736,-2.4326772293293573,0.0059115421437260975,0.001783457856273903
-324.47,-998.61,-325.86872089779666,-998.9155618893892,138.88598186254706,138.66969694869104,0.21628491385601478,0.0015584974862150615,0.00020873950330208024,0.00748626049669792,138.886242180396,138.66995175413953,0.00020874482339451839,0.007486255176605482
-324.47,998.61,-324.90511497631735,997.9362249514625,137.5963802899633,138.05901767382235,-0.46263738385906095,0.0033566357653539596,0.0004482613140444687,0.007246738685955532,137.59673347575063,138.05910114823476,0.00044799998372496724,0.007247000016275033
-324.45,-1061.52,-325.1484515987125,-1061.9318826653239,152.40755204698576,152.45137809924606,-0.04382605226030023,0.00028751693276151145,-3.987529186287746e-05,0.007734875291862878,152.4078118740475,152.45168328883355,-3.991656512069485e-05,0.0077349165651206956
-324.41,-1124.13,-325.8915274925194,-1124.434876925747,165.9240018605691,166.1682689477509,-0.2442670871818109,0.0014710796284855372,-0.00020941483726201593,0.007904414837262017,165.92437155064775,166.16881944095203,-0.00020956984323071399,0.007904569843230715
-324.41,1124.13,-324.90741166127685,1124.9190243824908,165.15515330604913,165.32192188033076,-0.16676857428163316,0.0010092595632394791,0.00014334521775325604,0.0075516547822467445,165.15553486151722,165.32239675716227,0.0001434254317337163,0.007551574568266284
-323.77,1030.33,-322.18900469705017,1030.061745793976,144.5625986207668,145.04163859361609,-0.4790399728492787,0.0033082387015951273,0.000453469051751523,0.0072415309482484775,144.56284266302734,145.0419684788531,0.0004535503124716179,0.007241449687528383
-323.73,-967.26,-325.1739248098097,-967.8701725790064,132.33423343793558,132.0503230630616,0.2839103748739831,0.0021477077075257403,0.00028339900214917893,0.007411600997850822,132.3345083026075,132.05057889383392,0.00028341800176536917,0.007411581998234632
-323.73,967.26,-321.73841832310467,966.9339549609091,131.07148731695975,131.62771247930536,-0.556225162345612,0.004234692475477575,0.0005616952747991192,0.007133304725200881,131.07180232808255,131.627993628997,0.000561661080362805,0.007133338919637196
-323.5,327.03,-323.35696522114057,327.10104207009766,9.64492544886307,11.253116333743051,-1.6081908848799813,0.15390828495888187,0.004776648907370484,0.0029183510926295165,9.644944501904487,11.253141824834803,0.004776668029668954,0.002918331970331046
-322.94,-935.85,-323.37427555031763,-935.6159214061234,125.62895542209304,125.25157637271091,0.3773790493821281,0.003008436299798564,0.0003918542725872577,0.0073031457274127425,125.62919737237827,125.25177354535757,0.0003919007677729921,0.007303099232227008
-322.94,935.85,-322.93848404003523,936.588707639765,124.61888896451151,125.28279655863513,-0.6639075941236143,0.0053133502699974485,0.000689586561669347,0.007005413438330653,124.61913073887622,125.28301233533514,0.0006895595584532885,0.007005440441546712
-322.88,529.29,-323.3817928576648,529.1914889004993,43.99581669969939,45.51891645056468,-1.523099750865292,0.03403014670911296,0.0027960813618278903,0.00489891863817211,43.99590120052376,45.519009010651544,0.0027960961568888366,0.004898903843111164
-322.77,-872.19,-322.47906810785867,-871.6341188158035,112.40472948174124,111.75861997244797,0.646109509293268,0.005764631112681595,0.0007221380913663125,0.006972861908633688,112.40488490810183,111.7587807449439,0.0007221321161439791,0.006972867883856021
-322.1,-904.35,-321.92856690457273,-903.7839140066632,119.06465050560882,118.53673742100844,0.5279130846003852,0.004443686875797461,0.0005700174821593034,0.007124982517840697,119.06487062606195,118.53696311529937,0.000570011463772778,0.007124988536227223
-322.1,904.35,-322.7599948469735,903.9369861838906,117.77615078127151,118.54487633368132,-0.7687255524098049,0.006505773623232235,0.0008277578982918787,0.006867242101708122,117.7764107043568,118.54516396816216,0.0008277877377143673,0.0068672122622856335
-321.83,840.49,-321.91017909430354,840.223162933636,104.61079509834204,105.5500997731477,-0.939304674805669,0.008938910118174362,0.0010910056431538402,0.0066039943568461604,104.61099572136351,105.55037883967606,0.001091096755559612,0.0066039032444403884
-321.45,-776.06,-320.6455774496828,-775.6563835921053,92.9743674373921,92.03059636749727,0.9437710698948365,0.01020265673401239,0.0011921253080905342,0.006502874691909466,92.97449482952698,92.03081624028857,0.0011920084910630145,0.006502991508936986
-321.45,776.06,-321.9368279428665,776.7742109961308,91.7335314139411,92.7198258827633,-0.9862944688222086,0.010694242525883595,0.0012390562171131134,0.006455943782886887,91.73370074478746,92.72001475453294,0.0012390807658693302,0.006455919234130671
-320.82,-808.69,-320.3583953187292,-808.2477353200175,99.5562682175503,98.72903691966283,0.8272312978874652,0.0083438487518278,0.001003682204436169,0.006691317795563831,99.55644993992752,98.72925704334355,0.00100363561201994,0.00669136438798006
-320.82,-315.56,-321.2086707444881,-315.7763476820434,8.862302742040836,7.408094240954227,1.4542085010866082,0.17875513456819375,0.004504117321827915,0.0031908826781720852,8.862330730833477,7.408124963840912,0.004504108853523454,0.0031908911464765466
-320.32,-743.97,-321.7203559764552,-744.8022497387932,86.75832668164017,85.79579770809565,0.9625289735445222,0.011156255777120991,0.0012619558569511031,0.006433044143048897,86.75844221445924,85.79603553170139,0.001261795523518302,0.006433204476481698
-320.32,743.97,-319.6642011950852,744.1702886801,85.27387760656048,86.31921930830279,-1.0453417017423163,0.012183959850797116,0.0013805171913105717,0.0063144828086894285,85.27401239368517,86.31937536441056,0.001380545279921912,0.006314454720078088
-319.79,-302.21,-320.24545519293406,-302.4131344971406,6.85178190660384,5.399844965111662,1.4519369414921783,0.23701945165244406,0.004709925124498337,0.0029850748755016632,6.851805413551581,5.399872396383586,0.004709912394418581,0.002985087605581419
-319.64,483.97,-319.5231416116199,484.25581512998633,36.03945690795953,37.62982936987504,-1.590372461915507,0.043175997549850416,0.003229026116167995,0.004465973883832006,36.0395108926366,37.629890388835676,0.003229040398284857,0.004465959601715143
-319.45,358.26,-318.98369042517294,358.1438703835806,14.692878580372788,16.341361944555217,-1.6484833641824288,0.10623642378864066,0.00453323716513277,0.0031617628348672303,14.692899747614614,16.34140575541059,0.004533299433805126,0.0031617005661948748
-319.38,-460.0,-320.0419136312163,-460.3342288081648,33.010854307702196,31.48692857485637,1.523925732845825,0.047255135439947776,0.0032496272512466816,0.004445372748753319,33.01091551754439,31.487025035934597,0.0032495520813254843,0.004445447918674517
-319.38,460.0,-318.96492339612666,460.0468621276277,31.792512934374074,33.42035002777126,-1.62783709339719,0.04992380396922964,0.0034851045741580303,0.00420989542584197,31.79256138616586,33.42040212585416,0.0034851123806552984,0.004209887619344702
-319.07,-711.75,-320.1619681978544,-712.2133369299901,80.35576883166044,79.3096937356687,1.046075095991739,0.013103335927149816,0.001441228668739681,0.0062537713312603195,80.3558891470729,79.30989808986969,0.0014411128844028028,0.006253887115597198
-319.07,711.75,-319.76497002754735,711.6410187381549,78.82981494570934,79.9260345768426,-1.096219631133252,0.013810132154878856,0.0015134064818816716,0.006181593518118329,78.82997428642169,79.92615778915477,0.00151335660414418,0.006181643395855821
-318.82,398.07,-319.1045450965687,398.0772400156155,21.207148952936624,22.88983118170855,-1.6826822287719274,0.07631734525285161,0.004161516713058133,0.0035334832869418674,21.207180935739917,22.889889344098357,0.004161581458964966,0.0035334185410350345
-318.69,-206.96,-318.41331550402305,-206.91453878647835,-6.466917770534314,-7.708223788660657,1.241306018126343,0.17513842989753375,0.005918974997160627,0.0017760250028393734,-6.466914618834807,-7.70825730536022,0.0059191498447277195,0.001775850155272281
-318.69,206.96,-318.3673726150299,207.10061959531683,-6.97343843919915,-5.618211655381639,-1.3552267838175105,0.21525801203779873,0.006457313880402615,0.0012376861195973858,-6.973436056605141,-5.618200459955441,0.006457355871325688,0.001237644128674312
-318.17,645.89,-318.7655754855346,645.9280929226157,66.06301166209794,67.34850830486184,-1.2854966427639027,0.01927114904443431,0.0019613957576457264,0.005733604242354274,66.06311162142765,67.3486252941654,0.001961421741780842,0.005733578258219158
-317.71,-679.38,-317.39773612821034,-679.0442336208904,73.95787351973874,72.85518146483085,1.102692054907891,0.015021716631723065,0.0016073195523782387,0.0060876804476217615,73.95797998834992,72.85534226352979,0.00160724035908764,0.00608775964091236
-317.71,679.38,-317.2989388956026,679.7604949384408,72.66680486764119,73.8552161744362,-1.188411306795004,0.016221606804805437,0.0017309802256342505,0.0059640197743657496,72.6669425320338,73.8553255608733,0.00173093903738442,0.00596406096261558
-317.41,-275.04,-317.24007545576694,-274.94573547478575,2.8900067328349692,1.4647948491500635,1.4252118836849057,0.6545473344093242,0.005133271976638834,0.0025617280233611664,2.890025049376863,1.464810873487984,0.005133280232608739,0.0025617197673912613
-317.41,275.04,-317.724054436916,275.1532148104324,2.1303443553980905,3.6679858440135504,-1.53764148861546,0.530373895840387,0.005525610573807714,0.002169389426192286,2.1303605429896173,3.668008585544193,0.0055256341257966185,0.002169365874203382
-316.61,-171.34,-316.7772320080938,-171.37302420762856,-10.631647269240839,-11.746267610992373,1.1146203417515341,0.09961789091762942,0.0064503074711869,0.0012446925288131004,-10.631641902890973,-11.74625939226091,0.006450290964455743,0.0012447090355442577
-316.61,171.34,-316.27420856768316,171.315207618783,-11.038810143070684,-9.83382279152599,-1.2049873515446947,0.11546098236101415,0.0069867091824371425,0.000708290817562858,-11.038804275253309,-9.833823698441586,0.006986669901452986,0.0007083300985470144
-316.58,-613.09,-316.15509697615516,-612.8298426190398,61.24007563447814,59.99482980808449,1.2452458263936492,0.02054269472719816,0.002019132754439339,0.0056758672455606615,61.24018821910077,59.99494622490526,0.0020191265406326988,0.005675873459367302
-316.34,-333.96,-316.75736506589607,-334.3120386858987,11.974745980713926,10.507621279884987,1.4671247008289399,0.13051336488040777,0.004352493829746117,0.0033425061702538833,11.974769438838095,10.507632291005425,0.004352530756059812,0.003342469243940188
-315.24,-413.55,-314.88756035383085,-413.2060542371173,25.065382639823014,23.597443272823384,1.4679393669996301,0.060331036657620206,0.0035443435409081504,0.0041506564590918504,25.065423381163228,23.597491882416456,0.003544324542990509,0.004150675457009491
-315.24,413.55,-314.28203692448506,413.34103619887765,23.954051431820158,25.64254218043886,-1.688490748618701,0.0680889805384275,0.0040833863721847965,0.003611613627815204,23.954093851769116,25.64259421759788,0.004083409630105833,0.003611590369894168
-315.0,-545.6,-315.07193025021377,-545.3019156617111,48.6010023861989,47.18936836984147,1.4116340163574321,0.029473401245154216,0.002581221362806508,0.005113778637193493,48.601086151344404,47.189461395867895,0.0025812044289671423,0.005113795571032858
-315.0,545.6,-314.19785852674926,545.5224516035893,47.31705473743905,48.824910642621084,-1.5078559051820335,0.031367278570212445,0.0027637188710281035,0.0049312811289718966,47.31713588078006,48.82500095237488,0.002763735671962407,0.004931264328037593
-314.85,-362.32,-314.7977215023221,-362.11826758544095,16.53981361756301,15.062314765778346,1.477498851784663,0.0935062875425509,0.004071880373049373,0.003623119626950628,16.5398379003768,15.062319358479442,0.004071934637581169,0.003623065362418831
-314.82,580.08,-315.3900016732489,580.1534733890463,53.696737802835145,55.14337316227589,-1.446635359440748,0.02658276156856309,0.0024838086241859786,0.005211191375814022,53.69682864561398,55.143502245046385,0.002483874280552287,0.005211125719447714
-314.32,-534.42,-314.10406099274786,-534.2246498334054,46.59998856637075,45.14708972981949,1.452898836551256,0.03167182788885795,0.0027201181874446233,0.004974881812555378,46.6000440918185,45.147168741732685,0.0027200742160680977,0.004974925783931903
-313.64,131.26,-313.45445382332235,131.3161093397141,-14.8862035276925,-13.890202763620763,-0.9960007640717361,0.06922342936007259,0.007601811430677739,9.318856932226133e-05,-14.886198370465099,-13.890197694211531,0.007601810760420062,9.318923957993882e-05
-312.88,309.36,-312.74454844869337,309.628106113102,7.39772545590241,9.001629021500879,-1.6039035655984684,0.19560569506665534,0.005203529261303317,0.0024914707386966837,7.397745761727645,9.001651322391272,0.0052035357338744564,0.002491464266125544
-312.86,-511.97,-313.5052324182907,-512.4164577373679,42.6317670899981,41.165592720913764,1.4661743690843352,0.03499333087325775,0.0028672636720263292,0.004827736327973672,42.631847129453796,41.16569045244361,0.0028672290732483325,0.004827770926751668
-312.86,511.97,-313.4150830956411,512.431045722999,41.31709723909023,42.872383062385694,-1.5552858232954634,0.036947272218004125,0.003042319067237427,0.004652680932762573,41.317151504544015,42.87246433725238,0.003042371900774929,0.0046526280992250715
-312.85,-390.03,-313.04177478264427,-389.88691178578847,21.212842339267073,19.7338907870949,1.4789515521721732,0.07223782896711764,0.0038068245956458624,0.003888175404354138,21.212886221675436,19.733928267314255,0.003806841074894656,0.0038881589251053444
-312.85,390.03,-312.5981493434717,390.2445946743858,20.169850973881918,21.852902516505097,-1.6830515426231791,0.0801019163586312,0.004334350122277062,0.003360649877722939,20.16989530978559,21.85294419090432,0.004334343268124443,0.0033606567318755576
-312.73,-249.4,-313.0884148521053,-249.6109738460192,-0.5381768293877656,-1.9279931616271782,1.3898163322394126,1.1271050554527577,0.005586973496450719,0.002108026503549281,-0.5381648991557988,-1.9279825671782298,0.005586978866213722,0.002108021133786279
-312.73,249.4,-312.53132193303367,249.6266617168682,-1.219040569398171,0.2628476466142651,-1.481888216012436,2.0,0.005967340221848843,0.0017276597781511575,-1.2190271693358312,0.2628579375801863,0.005967327701986743,0.0017276722980132577
-311.92,-364.83,-312.59477687938437,-365.1330064335191,17.134424500088286,15.654235381294406,1.4801891187938807,0.09028664935673861,0.004074124250728443,0.003620875749271557,17.13446157191278,15.654250517160627,0.004074184628026471,0.0036208153719735296
-311.28,-489.39,-311.34304310089124,-489.04131136393926,38.501407877953824,37.014090631310445,1.4873172466433786,0.039391046235652254,0.00306880132760932,0.004626198672390681,38.501472642053834,37.01419143492426,0.003068726966804286,0.004626273033195715
-310.79,1241.7,-311.6946850864385,1241.2900075760153,191.40366914101457,191.46638057494528,-0.06271143393070133,0.0003275859993604886,5.092065105249703e-05,0.0076440793489475035,191.40414539993344,191.4668397233989,5.090675763664325e-05,0.007644093242363357
-310.7,-1096.84,-309.3766218691897,-1095.550613671217,160.2719789212316,160.29520235044984,-0.02322342921823406,0.00014488962423481617,-2.1525650378473755e-05,0.007716525650378474,160.27233248181966,160.2955232321437,-2.1495360517114192e-05,0.007716495360517115
-310.44,-478.04,-310.5515930897447,-477.8399516302887,36.53420642910862,35.038405320413545,1.4958011086950762,0.041798142393624824,0.003166704245006121,0.00452829575499388,36.53426057939901,35.03847404003077,0.003166673400832473,0.004528326599167527
-310.44,478.04,-310.0408668385942,478.1555147571416,35.32436891837011,36.934803967165266,-1.6104350487951535,0.04457385780892395,0.00341275392635518,0.00428224607364482,35.32444127550467,36.93488293400961,0.003412767933323695,0.0042822320666763055
-310.21,325.99,-310.0416548106253,326.27140251128964,10.0500490072445,11.674368486063027,-1.6243194788185278,0.14953859907350053,0.005044548119181208,0.0026504518808187928,10.050066289914486,11.674396731381904,0.0050445821651989775,0.002650417834801023
-310.16,-236.43,-309.9171409368237,-236.30486393700153,-2.2213353659517736,-3.5668991423541883,1.3455637764024146,0.46493063626622816,0.005772127317753116,0.0019228726822468848,-2.2213224609561344,-3.5669374571212096,0.005772347037543768,0.0019226529624562323
-310.16,236.43,-309.8599444393194,236.64658576235294,-2.8513995270087094,-1.3949601451101117,-1.4564393818985977,0.6859708052812554,0.0062398852713871624,0.001455114728612838,-2.851388225836107,-1.3949447134147626,0.00623990296796168,0.0014550970320383206
-310.11,1065.8,-310.60592069564854,1065.883660614162,152.66073526939317,153.10621448699496,-0.4454792176017861,0.002913848066030093,0.0004227248573609786,0.007272275142639022,152.66114631837212,153.10651727298574,0.00042262212427171054,0.00727237787572829
-309.65,-140.42,-309.8291218458326,-140.41586848317408,-13.570963141400746,-14.547136757943846,0.9761736165431003,0.06943382519000539,0.007049178561907258,0.0006458214380927422,-13.570957798928381,-14.547116067987211,0.007049067734124923,0.0006459322658750773
-309.48,-1034.71,-308.98922529623496,-1033.8082755011062,146.98031375757253,146.82177814434144,0.15853561323109489,0.0010792000302300238,0.0001559169640319465,0.007539083035968054,146.98067566337733,146.8221119533247,0.0001559445967576264,0.007539055403242374
-309.03,340.73,-308.87721937647933,340.59363844064325,12.32518237722153,13.968343922358237,-1.6431615451367065,0.12498601567663963,0.004906905840590758,0.0027880941594092424,12.325209442724447,13.968371644128652,0.004906907800375439,0.0027880921996245615
-308.67,877.28,-308.65150362137524,877.8469492475612,112.81776198165434,113.67640531496112,-0.8586433333067731,0.007582034836087402,0.0009955784187920494,0.006699421581207951,112.81795088261643,113.6766141605975,0.0009956015442115634,0.006699398455788437
-307.82,-845.72,-308.14538295144695,-845.3650194568794,107.60392599816906,106.81556013724335,0.7883658609257083,0.007353490814989001,0.0009507749790860167,0.006744225020913984,107.6041109486303,106.81579238470262,0.0009507179385613758,0.006744282061438625
-307.7,-443.76,-307.5412948107473,-443.51213175595245,30.62320697934414,29.113945635905793,1.5092613434383466,0.0505300730739234,0.003476204991930725,0.004218795008069275,30.623262474884168,29.11404235097368,0.0034761100530858857,0.004218889946914115
-307.7,443.76,-308.27214669741664,443.800527797714,29.39469691270987,31.05331742815924,-1.6586205154493712,0.05487758476552545,0.003808682798326547,0.0038863172016734534,29.394758604740847,31.05336081140118,0.003808640755936973,0.0038863592440630274
-307.43,-223.36,-307.5126016387198,-223.36815809061736,-3.8385579338210043,-5.148846046609059,1.3102881127880543,0.29158322372983053,0.005992837383021365,0.0017021626169786358,-3.838545860876657,-5.148873286014343,0.005993017185094044,0.0017019828149059564
-307.43,223.36,-307.294194820178,223.4540896708622,-4.463732336907562,-3.0529142971025856,-1.410818039804976,0.37538495781390796,0.006454731975272212,0.0012402680247277885,-4.463719691889786,-3.0529051288441558,0.00645471606850813,0.0012402839314918706
-306.99,-407.25,-306.70584129110256,-407.0993329264241,24.403124384898575,22.92374214286744,1.4793822420311358,0.06251765014542861,0.0037222696900323835,0.0039727303099676165,24.40316678980885,22.92376728447155,0.0037223131261907108,0.00397268687380929
-306.89,814.07,-307.5383988448959,813.6189229729147,99.68157471804511,100.69463592597388,-1.0130612079287715,0.010111591637278127,0.0012719357341398636,0.006423064265860137,99.68173149221892,100.69486785191707,0.0012720300899598377,0.006422969910040163
-305.81,-316.36,-305.63403214221717,-316.23470666722636,9.661051075953619,8.19533543860376,1.4657156373498594,0.1641671047112402,0.004764182078128574,0.002930817921871426,9.661068276939226,8.19536451298099,0.004764143484694662,0.0029308565153053382
-305.66,539.42,-305.63796973064086,540.0060879262704,46.63723995677845,48.167538821211515,-1.530298864433064,0.03228315880609049,0.0029128637210879484,0.0047821362789120525,46.6373016599428,48.1676294298299,0.0029129187414832216,0.004782081258516779
-305.4,149.44,-305.2701518875367,149.49110871582536,-12.843183863279599,-11.761136980613127,-1.0820468826664715,0.08795584235238557,0.0074489703433304275,0.0002460296566695729,-12.843182232333824,-11.761130398792945,0.007449004425880107,0.0002459955741198937
-304.66,-652.37,-305.35966786753096,-652.8164511269821,69.38095789452409,68.20962271139987,1.1713351831242136,0.017026386224491038,0.0018459855460436572,0.0058490144539563435,69.38106835872837,68.20969722123297,0.0018460422089446621,0.0058489577910553385
-304.27,371.24,-304.1356063777657,371.4257891489512,17.44800740302417,19.108164602464903,-1.6601571994407323,0.09082773760838264,0.004616998817625547,0.0030780011823744536,17.448045985624,19.10821623235924,0.004617035102950418,0.003077964897049582
-303.44,-129.7,-303.4848466065658,-129.75538463239528,-14.302325129200103,-15.231543094757527,0.9292179655574238,0.06292558485810876,0.007413188956971864,0.0002818110430281365,-14.302322565388941,-15.2315241023445,0.007413057891565854,0.0002819421084341465
-303.44,129.7,-303.23278224236407,129.61734538428163,-14.616482446804477,-13.632624382094852,-0.9838580647096258,0.06965587058512744,0.007863991749720599,-0.00016899174972059838,-14.616474486757376,-13.632620985272338,0.007863955275800432,-0.00016895527580043125
-303.43,371.93,-303.6106132958924,372.16306304298564,17.59032069428006,19.25062550427853,-1.6603048099984719,0.0901336681772539,0.004616230458622964,0.0030787695413770364,17.59035702554192,19.25066639853745,0.00461624314535728,0.0030787568546427205
-303.22,619.8,-302.1138407629176,619.3257935194791,61.600537117885935,62.971965386115265,-1.3714282682293302,0.02201815393706618,0.0023026778311144897,0.005392322168885511,61.60064398650112,62.972078988675385,0.00230268913765241,0.00539231086234759
-302.84,494.66,-302.29751437353326,494.39456929158996,38.52184683563753,40.11878360874454,-1.5969367731070108,0.04061352926809077,0.003356829835366615,0.004338170164633386,38.52190572633425,40.11886365727856,0.0033568743100513246,0.004338125689948676
-302.76,-471.1,-302.44538402554576,-470.90164218789687,35.67081937396262,34.153897475880456,1.5169218980821668,0.04344942497494928,0.0033460769781744858,0.004348923021825515,35.67088326273054,34.153969584762606,0.0033460588459720145,0.004348941154027986
-302.76,471.1,-303.0470907599595,471.0241221759498,34.35021944116567,35.974342545808796,-1.6241231046431253,0.04618935571739347,0.0035745020403755968,0.004120497959624403,34.350286559310824,35.974408191856085,0.0035744988004630537,0.004120501199536946
-301.63,-587.05,-301.5328114537329,-586.7480885623396,56.94014481998933,55.621078192034375,1.3190666279549532,0.023437318690363758,0.002342234346195375,0.005352765653804626,56.94023255827251,55.6211303609986,0.002342297505765009,0.0053527024942349915
-301.58,-347.35,-301.60516259695385,-347.1965446117179,14.742532923617098,13.263052883353787,1.4794800402633115,0.10565606807589459,0.004438587826629224,0.0032564121733707763,14.74256676330355,13.26306292862541,0.004438659212249259,0.0032563407877507413
-301.38,-196.9,-301.24912770116345,-196.89623141204518,-6.91284764051832,-8.13067087623304,1.2178232357147198,0.1619067021267187,0.006450166522029144,0.0012448334779708563,-6.912838655160149,-8.13066276620954,0.006450171158214611,0.0012448288417853896
-301.38,196.9,-301.16492465019,197.05520702672152,-7.465339348390058,-6.139326780510565,-1.3260125678794932,0.19493496647633596,0.007019484310273287,0.000675515689726713,-7.465333331686448,-6.139317838666317,0.007019499795027589,0.0006755002049724113
-300.88,-158.35,-300.7154992114553,-158.35266873192577,-11.324105007857472,-12.38776959437996,1.0636645865224885,0.0897157735830909,0.0070173537982493005,0.0006776462017507,-11.324099021058105,-12.387762404457126,0.007017345860838259,0.0006776541391617418
-299.91,-264.67,-299.75443111895953,-264.61142706224655,2.225414485011747,0.8007028736226758,1.4247116113890712,0.941610283106794,0.00564290358261274,0.002052096417387261,2.225426196210922,0.800723481128319,0.00564286834671009,0.0020521316532899105
-299.91,264.67,-299.43650607107855,264.7764052757969,1.4418644917102412,2.9636551588100772,-1.521790667099836,0.6908563746481545,0.006030047881715343,0.0016649521182846572,1.4418753816414416,2.9636722527739785,0.006030072465000715,0.0016649275349992854
-299.26,-336.07,-299.30864110759853,-335.89142926634077,13.04851955610932,11.570608156098352,1.4779114000109672,0.12006204421922945,0.004618278236825492,0.003076721763174508,13.048534095972009,11.570616193286938,0.004618298556824578,0.003076701443175423
-299.17,-425.32,-299.62994755284245,-425.6380078883517,27.900771254577442,26.422414062899534,1.4783571916779081,0.05442822187388514,0.0036416955115337927,0.004053304488466207,27.900813807947557,26.422507034880827,0.00364157131338259,0.00405342868661741
-299.17,425.32,-299.8415053469444,425.4163511623551,26.606493360057392,28.285017626015886,-1.6785242659584938,0.061157881639817065,0.004134010438824903,0.0035609895611750974,26.60652145230886,28.28506735618283,0.004134063730499177,0.0035609362695008234
-298.58,323.19,-298.5510439996053,323.30541139664433,10.09879796953933,11.712229631065934,-1.6134316615266044,0.1479464141782876,0.005251324790233065,0.0024436752097669358,10.098827468776967,11.712262033216017,0.005251334238501903,0.0024436657614980975
-297.1,-402.16,-297.63639396461514,-402.4668230999759,24.045242972763766,22.561779660813773,1.4834633119499934,0.06365835996917973,0.0038905460756175113,0.003804453924382489,24.04528491587854,22.561815936806546,0.0038905609382697123,0.003804439061730288
-297.1,402.16,-296.5475807429373,402.04080134002766,22.818702771027805,24.50049300657922,-1.6817902355514143,0.0710827903101131,0.00443156561543937,0.0032634343845606307,22.818739437809516,24.500542975608674,0.004431600667244562,0.003263399332755439
-297.06,1224.48,-298.4478029569987,1224.2236951103725,188.00371689478632,188.12683244560364,-0.1231155508173174,0.0006546426554993836,0.00010586042126143472,0.007589139578738566,188.00423405911826,188.12730058256523,0.00010581826527021879,0.007589181734729782
-296.98,-296.98,-296.9109698449112,-296.91986111154694,7.126498268473547,5.662087117135005,1.4644111513385418,0.2290184734562582,0.005218520666411945,0.002476479333588056,7.126515722342113,5.6621082788632435,0.005218507453222252,0.0024764925467777484
-296.98,296.98,-296.66296791394365,296.97312362496774,6.2146983236935505,7.7703706575250955,-1.555672333831545,0.2224761759732107,0.005547374894567196,0.002147625105432804,6.21471679003124,7.770397182263228,0.005547403630032458,0.0021475963699675426
-296.94,-544.27,-297.5350914428565,-544.5913506168787,49.24897195825345,47.81800794273359,1.4309640155198622,0.02948405352632819,0.0027744036805155137,0.004920596319484487,49.24904757095665,47.81811586132467,0.0027743410447166553,0.004920658955283345
-296.6,1193.7,-297.07566365231355,1194.4411570009088,181.40183859251312,181.55856621989415,-0.15672762738103074,0.000863607298774278,0.00013875977797672085,0.00755624022202328,181.4021048187952,181.5590661887263,0.00013896672339464635,0.007556033276605354
-296.48,-377.49,-296.38625337868217,-377.3468688070252,19.906504708219543,18.42207617074918,1.4844285374703645,0.07745804845516133,0.004169753290780732,0.0035252467092192685,19.906541157804618,18.422102040346452,0.004169783009920346,0.003525216990079655
-296.26,1100.83,-296.91606235113295,1100.1060872058972,160.59171196316723,160.96489723175424,-0.37318526858700807,0.0023211170780868032,0.00035892697954775473,0.007336073020452246,160.59197162138122,160.96536184603934,0.0003591241048625456,0.007335875895137455
-296.11,-1162.89,-297.29138423495664,-1163.0815037737818,175.49984510934593,175.6213384069556,-0.12149329760967476,0.000692030576981888,-0.00011038491313637313,0.007805384913136373,175.5002141636187,175.62179017996544,-0.00011046006872755824,0.0078054600687275585
-296.11,1162.89,-294.5572963583557,1162.638388486198,174.43248074945126,174.6211130413185,-0.1886322918672363,0.0010808213708311312,0.00017304197793206096,0.007521958022067939,174.43274294743335,174.62159369448034,0.00017324237795911343,0.007521757622040887
-296.1,167.11,-295.8377644510804,167.1417654430985,-10.616264408014942,-9.438352065057277,-1.177912342957665,0.1174704432307917,0.007483835765004223,0.00021116423499577784,-10.61625964214047,-9.4383426339146,0.0074838654056657355,0.00021113459433426494
-295.82,-1007.47,-295.34534585888946,-1006.4873583301551,141.70151470012365,141.31776384434448,0.38375085577916934,0.002711835446353696,0.0004055652849398166,0.007289434715060184,141.70171054765495,141.31816181214595,0.0004053516750840339,0.007289648324915967
-295.82,1007.47,-296.55284767173345,1006.9647504640961,140.46326049956778,141.01823210877387,-0.5549716092060919,0.003943219172695586,0.0005838540166929846,0.007111145983307016,140.4635336703396,141.01855958147536,0.0005839111446599507,0.0071110888553400494
-295.71,-1069.88,-296.3946952071016,-1069.8892431604827,155.23794832819635,155.1156673344812,0.122280993715151,0.0007880107564015485,0.0001211433514969165,0.007573856648503084,155.23829095352855,155.11599816472796,0.00012115503684668498,0.0075738449631533155
-295.6,-1132.04,-297.0144914936436,-1132.3152356698527,168.76315686890268,168.80886011577192,-0.045703246869237546,0.0002707762762889936,-4.269253439427008e-05,0.00773769253439427,168.7635559586577,168.8093024196575,-4.2732901783519234e-05,0.00773773290178352
-295.6,1132.04,-295.92752367383497,1132.941716752942,167.8228344001696,168.10251177201224,-0.27967737184263797,0.0016651162231699336,0.00026206816879443797,0.007432931831205562,167.82311223041188,168.1029275873721,0.0002621974660159092,0.007432802533984091
-295.32,-239.14,-295.2467317067834,-239.04176728124244,-1.1435329477494456,-2.4988132998634924,1.3552803521140468,0.7441798554995965,0.00603281663350124,0.0016621833664987604,-1.1435175295096514,-2.4988504494253867,0.006033050630775618,0.0016619493692243822
-295.32,239.14,-295.04842739076486,239.17069398768842,-1.8622267136114132,-0.40200403288597997,-1.4602226807254333,1.2898179065753752,0.006500813316205631,0.001194186683794369,-1.86221124417823,-0.4019883739783978,0.0065008141597329315,0.001194185840267069
-295.19,-976.35,-294.619805791231,-975.370867737905,135.15002796881203,134.70779106130897,0.4422369075030588,0.0032775548923686896,0.0004834740160525657,0.007211525983947435,135.15025314756497,134.70802984361893,0.00048345914400947177,0.007211540855990529
-295.19,976.35,-295.82486609294114,975.8836552130765,133.88069985585457,134.46128239636045,-0.5805825405058727,0.004327183809503071,0.0006318021847207558,0.0070631978152792445,133.8809831118783,134.46158791460363,0.0006318264109382361,0.0070631735890617645
-295.13,1038.89,-295.76212253994555,1039.7296900868162,147.5270629098413,148.06449491413852,-0.5374320042972158,0.003636314976338047,0.0005490481063319232,0.007145951893668077,147.52732674181595,148.06486659702554,0.0005491582883432852,0.007145841711656715
-294.9,416.09,-295.18981892874837,416.1833877254068,25.252527215901935,26.930556931978845,-1.6780297160769102,0.06431316751311861,0.004291048314846589,0.003403951685153411,25.25257455530317,26.93058344063761,0.004290995046587081,0.0034040049534129193
-294.53,-945.17,-294.06320487611924,-944.8911787581395,128.77558203547764,128.2372413228653,0.538340712612353,0.004189212861661502,0.0006086738124259781,0.007086326187574023,128.77579501480824,128.2374661862459,0.0006086603757494156,0.007086339624250585
-294.53,945.17,-294.5738306597329,945.9849624181452,127.60375353988869,128.287479873973,-0.6837263340843265,0.00534388243757075,0.0007708214381771052,0.006924178561822895,127.60395908748707,128.28775480347866,0.0007708996581591017,0.006924100341840898
-294.5,-882.14,-294.24045943915763,-881.5789672282727,115.61451473009198,114.87880672195891,0.7357080081330736,0.0063837685491127906,0.000891028808605161,0.00680397119139484,115.61471212307421,114.87897404887534,0.0008910652221421849,0.006803934777857816
-294.3,-499.79,-294.64663234475296,-500.0568571470729,41.2437562405182,39.7577792267639,1.485977013754301,0.036690094951459584,0.003168407958148486,0.004526592041851515,41.243828107016945,39.75788608453889,0.003168333349566326,0.004526666650433674
-293.98,353.8,-293.9871447940081,354.20162350462095,15.133630214738563,16.775977673911882,-1.642347459173319,0.10293748922922154,0.004954912935776227,0.0027400870642237734,15.13365379611676,16.776011756737866,0.004954944618328654,0.0027400553816713464
-293.81,-913.93,-294.1523430586072,-913.5475893408922,122.23582876376008,121.61126724434702,0.6245615194130636,0.005122566802208701,0.0007301660021731278,0.0069648339978268725,122.23605899649212,121.61154147895832,0.0007301145602010097,0.006964885439798991
-293.81,913.93,-294.60164717847755,914.7979359468064,121.05031584256062,121.83550785664727,-0.7851920140866469,0.006465523612107029,0.0009153040832772935,0.006779695916722707,121.05053043192041,121.83577154642978,0.0009153613199997866,0.006779638680000213
-293.72,850.72,-293.33391004355514,851.3486717398027,107.94902408114537,108.86736126991816,-0.9183371887727958,0.008471105053115316,0.0011552668468285208,0.00653973315317148,107.9491983839865,108.86760014495123,0.0011553480785519846,0.006539651921448016
-293.55,-787.04,-295.20323317152855,-787.8469606868348,96.48152218470966,95.50093227352056,0.9805899111890994,0.010215411756832677,0.0013245681857586944,0.006370431814241306,96.48166253037262,95.50113340422843,0.0013244860781051917,0.006370513921894808
-293.55,787.04,-292.36013320918227,786.7471489327501,94.83748174300368,95.85049726248955,-1.0130155194858759,0.0106248492932708,0.001383606656349106,0.006311393343650894,94.83762061453658,95.85063562058347,0.001383605955078916,0.006311394044921085
-292.87,-819.22,-292.8144725341985,-818.8376729457601,102.84531626200942,101.94518926059462,0.900127001414802,0.008790710283348064,0.0011794059344119136,0.006515594065588087,102.84548067357399,101.94538454416676,0.0011793654838656252,0.006515634516134375
-292.61,-755.3,-293.18331796769047,-754.8351247140282,89.9521412233065,88.92129315412676,1.03084806917974,0.011526005220032743,0.00146336673355191,0.0062316332664480905,89.952264975856,88.92145057032675,0.0014633189454561254,0.006231681054543875
-292.61,755.3,-293.50944523735626,755.3381874040233,88.4911955327146,89.54718184461642,-1.055986311901819,0.011862457156231911,0.0014963894517351264,0.006198610548264874,88.4913401596512,89.54734442348376,0.0014964148905874113,0.00619858510941259
-292.2,130.46,-292.12181830990676,130.47820183137313,-14.05715835279324,-13.076318354186302,-0.9808399986069372,0.07229740657264432,0.008084368153430806,-0.00038936815343080557,-14.057154711056924,-13.076313570276977,0.008084377567552502,-0.0003893775675525013
-291.71,-381.19,-291.52803954238493,-381.0264996461122,20.75179329955004,19.26745739883478,1.4843359007152621,0.07418109408905899,0.0041980397949405905,0.00349696020505941,20.75182458563816,19.267493580569116,0.00419802594893873,0.0034969740510612706
-291.58,-723.45,-291.5868820503908,-723.1297956819252,83.72814695214052,82.64184912739128,1.0862978247492379,0.013058818901816193,0.0016185068586137684,0.006076493141386232,83.72827154934112,82.64203773610788,0.001618411485986373,0.006076588514013628
-291.58,723.45,-291.7521156792387,724.1016788902359,82.36287521477685,83.44611355849966,-1.0832383437228117,0.013066099151041897,0.0016108693885236998,0.0060841306114763,82.36301189924252,83.44628784667626,0.0016109253085039793,0.006084074691496021
-291.2,-329.85,-291.1325809523098,-329.723779417978,12.473631723768058,10.998411963584878,1.4752197601831796,0.12570015460375514,0.0048279805735370485,0.002867019426462952,12.473654274825023,10.99840943957403,0.004828062637202106,0.002866937362797894
-291.16,-259.48,-291.30868226389293,-259.5209426722492,1.9114821315195734,0.49645179078110857,1.4150303407384648,1.175306620861474,0.0058801686993317165,0.001814831300668284,1.9114963178531141,0.4964790029879538,0.005880114570222056,0.0018148854297779446
-291.16,259.48,-291.29112807753376,259.61876836532946,1.0955769137061857,2.597564445088011,-1.5019875313818254,0.8133929278419071,0.006239544083223209,0.0014554559167767912,1.0955935315820042,2.597584781004283,0.006239559528675869,0.0014554404713241313
-291.06,-175.73,-291.12666962241354,-175.75500109610235,-8.942208386249185,-10.074712685227906,1.1325042989787217,0.11910490606992431,0.006953445387253545,0.0007415546127464553,-8.942202667050525,-10.074697716340202,0.006953388595232817,0.0007416114047671838
-291.02,658.56,-290.6392684273273,659.0039583443389,69.68770642777207,70.95097894795389,-1.2632725201818147,0.01796479420732489,0.002072070877605625,0.0056229291223943755,69.68779282587957,70.95112972102724,0.0020721764680383093,0.005622823531961691
-290.6,-156.38,-290.66026470494313,-156.46529348060423,-11.05519662265839,-12.100584647120655,1.045388024462266,0.09029175153132211,0.0072214383766175585,0.00047356162338244197,-11.055195160845193,-12.100580726988953,0.007221421394793413,0.00047357860520658764
-290.6,156.38,-290.1302310568214,156.29972023273777,-11.493162162364335,-10.385290818154942,-1.1078713442093928,0.10127510799743007,0.007675170243516165,1.9829756483835496e-05,-11.493157074269963,-10.385283446723998,0.00767518606213717,1.98139378628304e-05
-290.45,-691.47,-291.4610524585564,-691.9401199885032,77.59846891210756,76.45980178557767,1.1386671265298958,0.01478229141964534,0.001773771260817696,0.0059212287391823045,77.59858191710204,76.46002519223322,0.001773599281413883,0.005921400718586118
-290.45,691.47,-290.4281605907737,691.8543577706168,76.07898527494316,77.24259242767293,-1.1636071527297673,0.015178648304633419,0.0018192938434819224,0.005875706156518078,76.07911445351004,77.242747847805,0.00181933487203515,0.005875665127964851
-289.72,-626.23,-290.0370201983111,-625.9834895753171,64.90554765375389,63.65713612750935,1.2484115262445385,0.019421055776473805,0.0021601869049968922,0.005534813095003108,64.90564055948056,63.65725485664501,0.0021601422215020913,0.005534857778497909
-288.68,-559.97,-289.4076561326165,-560.369587922465,52.54750063002493,51.14271790416944,1.4047827258554904,0.02709576169698647,0.0027212876924285236,0.004973712307571477,52.547576970137456,51.142842453581466,0.0027211943033435245,0.004973805696656476
-288.68,559.97,-288.8840272683971,560.4650705534067,51.10029801807568,52.60096918061957,-1.5006711625438953,0.02894219527073969,0.0029118119787302854,0.004783188021269715,51.10039612829857,52.60107188190876,0.0029118208869589246,0.004783179113041076
-288.56,383.58,-288.35514433768304,383.5554483362784,20.131435596517534,21.796300455614805,-1.6648648590972712,0.07941591966841245,0.004729040129317829,0.002965959870682171,20.13147342755011,21.796332583057065,0.00472902392829867,0.00296597607170133
-288.28,593.71,-288.7408279306398,594.3897672286713,57.43376223777929,58.87649717297705,-1.4427349351977554,0.024808386508754218,0.00264093005610677,0.0050540699438932305,57.43382628364215,58.8766060823754,0.002641012178925338,0.0050539878210746625
-288.13,548.98,-288.2777195097254,549.2261954907804,49.05292760369031,50.56398365103212,-1.5110560473418104,0.03033733988153899,0.0029982519534390573,0.004696748046560943,49.05301436015844,50.56407207859708,0.002998255269245463,0.004696744730754538
-288.0,-139.48,-287.9359353836401,-139.50509453624502,-12.662169507182817,-13.615460777787987,0.9532912706051704,0.07255534538442719,0.007455719342874318,0.00023928065712568256,-12.662169215913895,-13.615438002522403,0.0074555434948685795,0.00023945650513142094
-287.99,345.78,-288.0591952678315,345.80383889230393,14.07393574088512,15.706394024802293,-1.632458283917174,0.10963332486654163,0.005148496376700021,0.0025465036232999796,14.07396397161678,15.706432402519404,0.005148528378570043,0.0025464716214299576
-286.95,-526.93,-287.9104512004075,-527.2392575763964,46.50047449751681,45.029621881955464,1.4708526155613484,0.03213921264680807,0.0030440645666348735,0.004650935433365127,46.50053841094732,45.02969007319457,0.0030440557133171154,0.004650944286682885
-286.95,526.93,-286.9253613512291,527.3720835997593,45.11293078492973,46.671858698120246,-1.5589279131905158,0.03396919951488052,0.0032366059787673636,0.004458394021232636,45.11301370885042,46.67195152158349,0.0032366265319426243,0.004458373468057376
-286.35,-279.29,-286.2785961302791,-279.22544454048165,5.014727670777724,3.5743684338722126,1.4403592369055112,0.3353925068147123,0.005660787143682752,0.0020342128563172485,5.014743392522984,3.5743907119063536,0.005660761376669318,0.002034238623330682
-286.35,279.29,-286.2655006886401,279.5963850427754,4.155654809113205,5.687115882242001,-1.5314610731287956,0.31118495414586067,0.006011118241895031,0.0016838817581049693,4.1556717088143,5.687153151874515,0.006011198195651932,0.0016838018043480686
-286.25,-360.09,-285.97058502006365,-359.8458098987763,17.548536314426443,16.063789976045022,1.4847463383814201,0.08834534840287571,0.004532776668243332,0.0031622233317566686,17.54857515032242,16.06378761410513,0.004532902440965841,0.0031620975590341592
-285.78,184.2,-285.5797264125085,184.23095239010362,-8.24855669926754,-6.989114241214622,-1.2594424580529182,0.16530642549931138,0.0075203531002701485,0.0001746468997298519,-8.248551705666186,-6.989106993145613,0.007520366562094233,0.00017463343790576763
-285.75,-481.61,-285.8873265616801,-481.3995182297252,38.314687530671705,36.80866554433511,1.5060219863365916,0.0400946423366621,0.0034378001809508563,0.004257199819049144,38.314762878229104,36.80871884058212,0.0034378505175326297,0.004257149482467371
-285.75,481.61,-285.7084626156685,482.0327436434206,37.044805817079904,38.6482611510596,-1.6034553339796958,0.042367297249419615,0.0036576916847009034,0.0040373083152990975,37.04486511436578,38.64832070994356,0.0036576922814404163,0.004037307718559584
-285.68,504.77,-286.1035628788317,504.69305020105804,41.05884895443475,42.629683783348405,-1.5708348289136538,0.03754002555727598,0.0034176674652503145,0.0042773325347496855,41.058913153031924,42.62977269526715,0.003417721234057538,0.004277278765942463
-285.0,-493.63,-285.7073210168739,-493.9128182652607,40.56157851116871,39.063421724850784,1.498156786317928,0.03763031163270792,0.0033353043683769386,0.004359695631623061,40.561639345353505,39.063518750977494,0.003335223795273325,0.004359776204726676
-285.0,493.63,-285.6904860489165,493.9369956604011,39.15735290517717,40.748854113060375,-1.591501207883205,0.039834232339922365,0.0035431497783230724,0.004151850221676928,39.157406258120176,40.74892792921908,0.003543195335459822,0.004151804664540178
-284.09,-221.12,-284.00214619026434,-221.26054740487507,-2.9730135584707753,-4.262949384799473,1.2899358263286977,0.35653466896991026,0.006448999942711537,0.0012460000572884636,-2.973005587790567,-4.262972913323356,0.006449157422146742,0.0012458425778532588
-284.09,221.12,-284.18562558639195,221.21036282638337,-3.6990945575802137,-2.3041415041185402,-1.3949530534616734,0.4647336999994431,0.006971109256979661,0.0007238907430203393,-3.6990849038817792,-2.304127663148492,0.006971130182363377,0.0007238698176366236
-283.67,336.35,-283.89356938105624,336.55406074009426,12.819505388159111,14.439098003203071,-1.6195926150439597,0.11883166512904933,0.005325314611663666,0.0023696853883363343,12.819537718779507,14.439131948811156,0.005325319921837012,0.002369680078162988
-283.52,148.37,-283.65734537219004,148.468081837753,-11.982758751936437,-10.918053512709283,-1.0647052392271537,0.09298405898648807,0.00794240688643975,-0.0002474068864397501,-11.982754696504724,-10.918048816902028,0.007942411663464351,-0.00024741166346435063
-282.78,-460.04,-282.7370387217085,-459.80921141495736,34.647413523015466,33.108086539696515,1.5393269833189507,0.04543769825015554,0.003719806788529812,0.003975193211470189,34.647456537398924,33.10816798747734,0.003719713913647496,0.003975286086352505
-282.78,460.04,-283.1173226870076,460.1346806445058,33.31800469346604,34.949625582581,-1.6316208891149628,0.04780071851087666,0.003934755211255946,0.0037602447887440547,33.318064098855785,34.94968680732585,0.003934759598743875,0.0037602404012561253
-282.66,-436.47,-282.72419856968276,-436.42292407742053,30.57308531927713,29.08977822951072,1.4833070897664093,0.04972296003035359,0.003776681916400062,0.003918318083599938,30.573128623827085,29.089879708028423,0.003776533798337717,0.003918466201662283
-282.66,436.47,-282.6030090527824,436.73706884551643,29.30337378447262,30.96320868260342,-1.6598348981308,0.05508309348842128,0.004224914527597926,0.0034700854724020744,29.30341057479367,30.963267720106455,0.004224971155183279,0.003470028844816722
-282.56,-424.57,-282.32211813169124,-424.3767483061627,28.518677599145782,27.042485545526347,1.4761920536194353,0.05313755040641154,0.0038707600619961747,0.0038242399380038258,28.51872192688679,27.04256166089909,0.0038706767108528874,0.003824323289147113
-282.4,-254.27,-282.7080634280535,-254.45359575756274,1.6224916529313944,0.22757482126365147,1.394916831667743,1.5079640122387103,0.006091880834177674,0.0016031191658223264,1.6225022186601734,0.22759952033243636,0.006091819111054725,0.001603180888945275
-282.4,254.27,-282.7387437841951,254.42805575737904,0.7773886607936014,2.2639498956385182,-1.4865612348449169,0.9775703738743535,0.006492057427694392,0.0012029425723056085,0.7773987339999664,2.263965299892618,0.00649208070925672,0.0012029192907432804
-281.76,-1104.63,-282.67674823312376,-1104.64309181867,163.3282028380653,163.2090010608346,0.11920177723069969,0.0007300961471306412,0.00011992798464052633,0.0075750720153594745,163.32853714308675,163.20944852877204,0.00011981413230739397,0.007575185867692607
-281.7,1248.62,-280.7325255654348,1249.0352031007014,194.19660910611856,194.33433909516847,-0.13772998904991596,0.0007089782149274857,0.00012339881071484415,0.007571601189285156,194.19705539415313,194.33450400539257,0.00012314671102753096,0.007571853288972469
-281.26,1073.77,-280.89756686103374,1074.1577318812253,155.5388916951163,156.00178407468235,-0.4628923795660569,0.0029716336617828607,0.00048196318717495785,0.0072130368128250424,155.53919437966212,156.00212528058972,0.00048200329558677137,0.007212996704413229
-280.88,-413.65,-280.37039409864184,-413.409038376698,26.74295386894857,25.27004684228507,1.4729070266635027,0.056636110454030685,0.003992207325601827,0.0037027926743981735,26.74299569775312,25.27009847484872,0.003992180753226111,0.003702819246773889
-280.88,413.65,-281.37657579334746,413.7385648472896,25.458528726357848,27.137142610023172,-1.6786138836653244,0.0638308758502036,0.004529880440903046,0.0031651195590969546,25.458572578604652,27.13719245095487,0.004529896601871825,0.0031651033981281752
-280.73,-1042.88,-282.19470481382456,-1042.9532266276608,150.02657297585134,149.75877860622825,0.2677943696230898,0.0017865740818211338,0.0002858496219158218,0.007409150378084178,150.02683716908768,149.75908371386865,0.00028580594897771643,0.007409194051022284
-280.52,-389.5,-281.35883933204235,-389.8771246333941,22.72778497289518,21.248621487708952,1.479163485186227,0.06727077559242237,0.004236212444804864,0.003458787555195136,22.727821493495178,21.248664080229467,0.004236195055283345,0.003458804944716656
-280.25,-192.51,-280.37008333270137,-192.56465012624298,-6.424656950067124,-7.609222102915544,1.1845651528484193,0.16881507220865777,0.0068928779655671605,0.00080212203443284,-6.424650991622173,-7.609209514041233,0.006892839383695726,0.0008021606163042747
-280.25,886.77,-280.3557823415977,887.5930808104453,115.93236502902845,116.78089484463197,-0.848529815603527,0.0072924921945934,0.0010712567068214172,0.0066237432931785835,115.93257512538592,116.78111712948112,0.0010712720946171126,0.006623727905382888
-279.72,390.08,-279.7030713763956,390.21252676708946,21.622301280427045,23.292667072757574,-1.6703657923305286,0.07437902568229658,0.004807984042820256,0.002887015957179744,21.62234240213046,23.292708964751927,0.004807986260027145,0.0028870137399728555
-279.54,-855.49,-279.9279494317581,-855.4098806607093,110.83249283134322,109.98663622509027,0.8458566062529513,0.0076610809024319675,0.0011097524003278742,0.006585247599672126,110.83267631829574,109.98691124610977,0.0011096323088728994,0.006585367691127101
-279.25,-553.55,-278.8627729326767,-553.4406854919636,51.74701797103567,50.337530697196044,1.4094872738396234,0.027614115793769482,0.0028691245895468755,0.004825875410453125,51.747106178291965,50.337639186998715,0.002869083302794155,0.0048259166972058455
-278.77,-157.12,-278.8003394602464,-157.13458255950908,-10.409430003419086,-11.443285684301891,1.0338556808828052,0.09462033878596864,0.0074138657370462595,0.00028113426295374097,-10.409424525732168,-11.443280432583402,0.007413867357484796,0.00028113264251520415
-278.77,824.13,-277.7922350763985,823.7379024526423,102.9048734009067,103.93790331295813,-1.0330299120514326,0.00998855196650614,0.0014182526969414944,0.006276747303058506,102.90511586852814,103.93812733697156,0.001418227375606167,0.006276772624393833
-278.38,366.2,-277.91002858551155,366.07808458378946,17.776045100235955,19.416410597450803,-1.640365497214848,0.08820958263946381,0.005065386041909787,0.0026296139580902133,17.776073108811747,19.41644453842042,0.005065404360915481,0.00262959563908452
-277.26,-664.47,-277.049183959411,-664.2104951341856,72.84212304409823,71.63885492940275,1.2032681146954758,0.016656422618016403,0.002054232861577077,0.005640767138422924,72.84223539233801,71.63896128743596,0.0020542430881251273,0.005640756911874873
-276.97,-509.6,-276.57507111066985,-509.42962528002096,43.79998127487479,42.31847955161338,1.4815017232614096,0.034406135665762665,0.0033033516182325307,0.00439164838176747,43.800059445198734,42.31859348182056,0.0033032718832809683,0.004391728116719032
-276.4,-355.11,-276.10987327496167,-355.01345880698017,17.266266760196512,15.78084209531464,1.4854246648818723,0.08989740502725721,0.004760732166209774,0.002934267833790226,17.266298052857138,15.780850205027967,0.00476080646671489,0.0029341935332851104
-276.09,632.36,-275.427038953525,632.3464013311881,65.2026679399095,66.54699926401577,-1.344331324106264,0.020407358176100378,0.002424904092086327,0.005270095907913674,65.2027763134372,66.54712028959648,0.002424926913852496,0.005270073086147504
-276.0,-342.67,-276.1700843268456,-342.74103275179664,15.292840453001563,13.81004071139041,1.482799741611153,0.10190054608238525,0.004921411058685425,0.0027735889413145753,15.292873346961105,13.81005997956256,0.004921456282661985,0.0027735437173380152
-275.41,-181.8,-275.53827525210727,-181.84066063343838,-7.464412084937562,-8.601929608001502,1.1375175230639396,0.14160255580321227,0.00713238917369666,0.0005626108263033407,-7.464404755057169,-8.601909427539171,0.0071323085988047345,0.000562691401195266
-275.41,181.8,-275.02477763437327,181.85472087394237,-8.016854505812061,-6.773075553101103,-1.243778952710958,0.1681926753888053,0.007812619517182453,-0.00011761951718245248,-8.016850379022815,-6.7730676446724445,0.007812643271009301,-0.00011764327100930068
-275.04,-317.41,-274.88544803124086,-317.28413954728506,11.353709524693699,9.885689905353395,1.4680196193403034,0.13823551124176475,0.005287880350331419,0.002407119649668581,11.353726601985297,9.885715215506615,0.005287850695150645,0.0024071493048493557
-275.04,317.41,-274.9882135853991,317.7013007582102,10.341397120122316,11.934962086354062,-1.593564966231746,0.14307229933412555,0.005730421577540217,0.001964578422459783,10.341418777871692,11.934985445204454,0.005730427694658865,0.0019645723053411356
-274.79,-600.08,-275.2722804744338,-600.4051560206308,60.7134907211544,59.392880261712506,1.3206104594418946,0.021990681237555314,0.0025102542523604966,0.005184745747639503,60.71359116544573,59.39298954556662,0.0025102374498659234,0.005184762550134077
-274.48,200.65,-274.49507580298246,200.75652576184748,-5.773530359744836,-4.450923274016759,-1.3226070857280767,0.25871447670529213,0.0075400892836181175,0.00015491071638188292,-5.773524530304497,-4.450912103009641,0.0075401197355118585,0.00015488026448814193
-273.75,165.71,-273.597008539299,165.7331093743409,-9.727854036839432,-8.574584447560836,-1.1532695892785956,0.1260235995615079,0.007990244888228267,-0.00029524488822826704,-9.727847735230323,-8.57457756733999,0.00799024889704765,-0.0002952488970476494
-272.35,395.25,-272.61323564553345,395.3299436577464,22.797266012503083,24.47226732596452,-1.6750013134614363,0.0708702284605942,0.004882681282828181,0.0028123187171718196,22.79730287397268,24.472311623589672,0.004882702959454496,0.0028122970405455045
-272.07,-293.22,-272.365189129981,-293.4016180991785,7.835305568594055,6.387172872058716,1.448132696535339,0.20363999180284553,0.0056930385888851074,0.002001961411114893,7.835325042343978,6.387191642608045,0.005693041353374944,0.0020019586466250563
-272.07,293.22,-271.6079632634373,293.0697384017315,6.8204836286608135,8.357697366914223,-1.53721373825341,0.2025557263682072,0.006066953332369057,0.0016280466676309438,6.820495936511936,8.357735071775238,0.006067053567274564,0.0016279464327254361
-270.44,-281.0,-270.3265399940155,-280.92370147398043,6.081561934963183,4.656918372912475,1.4246435620507079,0.2653342970710421,0.005893577851133616,0.001801422148866384,6.081585832727203,4.656941010638011,0.005893583063760199,0.001801416936239801
-270.44,281.0,-270.1204480804692,280.9880431137631,5.135254461754691,6.657700631405348,-1.5224461696506566,0.2581958733199419,0.006301537388124292,0.0013934626118757088,5.135274160492269,6.657739328448066,0.006301616023765106,0.0013933839762348948
-270.38,-372.15,-270.6165218841948,-372.3639295871307,20.372667158265344,18.891749380560334,1.4809177777050095,0.07543307188790846,0.0046169897096659815,0.003078010290334019,20.372698979075512,18.891780274964965,0.004616992597878208,0.0030780074021217923
-270.29,557.98,-269.6695403265151,557.8089508839362,51.450077431108866,52.95796795502568,-1.5078905239168137,0.028884565712156553,0.003149214996742734,0.004545785003257266,51.45015500822399,52.9580818449792,0.0031492908357598506,0.0045457091642401495
-269.98,432.68,-269.6429704812095,432.6499485392915,29.201902199480713,30.86924823736681,-1.667346037886098,0.055512372437047625,0.004490036333237785,0.0032049636667622157,29.20196559498888,30.86931876135682,0.004490055529698349,0.0032049444703016513
-268.7,-268.7,-268.49443541784734,-268.6188031260454,4.379959854518798,2.980322262329082,1.3996375921897162,0.3803217240779151,0.006096685216468785,0.0015983147835312156,4.379978242762721,2.9803419089260963,0.006096679735205114,0.0015983202647948868
-268.7,268.7,-268.46177950824796,268.90217110291854,3.494593507174237,5.001566279647335,-1.5069727724730981,0.3547420976734853,0.006558107103727497,0.0011368928962725037,3.494611350651997,5.001586262820258,0.006558116415342345,0.0011368835846576556
-268.47,-208.62,-268.6306803993185,-208.75383989453033,-3.8041829648723304,-5.024513386747948,1.2203304218756177,0.2764463457057638,0.0068365536429489315,0.000858446357051069,-3.8041699890099405,-5.0245419927210655,0.006836786593340007,0.000858213406659993
-268.46,-174.15,-268.3253350140465,-174.04935371755064,-8.00331729536755,-9.097893243066157,1.0945759476986066,0.12801151652260268,0.007363116604076,0.0003318833959240009,-8.003310439669619,-9.097879629926702,0.007363071147358275,0.0003319288526417259
-268.38,-491.5,-268.73066631246365,-491.6810493522641,40.98738667777755,39.4919040032819,1.4954826744956478,0.037164409920615885,0.003555744606397889,0.0041392553936021115,40.98744240549401,39.49199792081968,0.0035556538041081093,0.004139346195891892
-268.38,491.5,-267.63940259622694,491.27132509309337,39.50799673119664,41.09633828293042,-1.5883415517337767,0.03941082204711191,0.003795091949146254,0.0038999080508537462,39.50805424639144,41.09641013455917,0.00379512620379698,0.0038998737962030205
-268.18,348.82,-268.02084698862984,349.05121857241875,15.54340837903538,17.16145519020676,-1.6180468111713786,0.09894839082546115,0.0054335444067702,0.0022614555932298002,15.543437418431512,17.16149136430605,0.005433568365734901,0.002261431634265099
-268.18,514.27,-268.2594610740303,514.876118840708,43.69854086443168,45.2503945474991,-1.5518536830674208,0.03489313673920081,0.0035297410646754424,0.004165258935324558,43.69859906708436,45.2504693793147,0.003529778888240817,0.004165221111759184
-267.83,1231.21,-267.6209806239685,1231.688917430995,190.73455529988698,190.96112297887962,-0.2265676789926374,0.0011871639732172529,0.0002159367879284357,0.0074790632120715645,190.73491536679438,190.96164877642246,0.00021609474223700413,0.007478905257762996
-267.45,-398.59,-267.4195043737872,-398.4091526345208,24.863000941949153,23.39403385951663,1.468967082432524,0.060880950869691856,0.004331512282057261,0.003363487717942739,24.863030323388234,23.39407588734846,0.00433147499190544,0.0033635250080945606
-267.44,1200.57,-268.7679334884858,1200.2400863747741,183.67047556994393,183.92289168500392,-0.2524161150599866,0.0013733442305824907,0.00024582235293862774,0.007449177647061373,183.67093102013934,183.92335238670773,0.00024582746726405037,0.00744917253273595
-267.22,1108.24,-267.08101880460237,1108.7535143420828,163.58763097603767,164.0097399556369,-0.4221089795992157,0.0025769985784608322,0.00044781272486469064,0.00724718727513531,163.58800991330375,164.0098802916901,0.0004475595943594196,0.007247440405640581
-267.03,-1169.91,-267.6811083984756,-1169.9879934203775,178.22141866788144,178.1719497069163,0.04946896096512887,0.000277608762422904,4.962305919447383e-05,0.007645376940805527,178.2217990566224,178.17229754303042,4.965571322433031e-05,0.00764534428677567
-267.03,1169.91,-267.9535633330496,1169.304820844189,176.84832789724805,177.11792777746095,-0.26959988021289405,0.001523308371296575,0.00027032255934809093,0.007424677440651909,176.84872146376227,177.1183831792788,0.0002703845604050685,0.007424615439594932
-266.96,136.86,-266.7392877062315,136.87903098470645,-12.276372179560052,-11.291715350568435,-0.9846568289916178,0.08355848371089698,0.008472486018406231,-0.0007774860184062305,-12.276369461077678,-11.291710141122472,0.00847250745191845,-0.000777507451918449
-266.93,-1015.5,-266.3254687120081,-1014.3570433905825,144.5842627926906,144.09246748280725,0.49179530988334363,0.003407239020713586,0.0005719139714641509,0.00712308602853585,144.584550139579,144.09277163061782,0.0005718944334939256,0.007123105566506075
-266.93,1015.5,-265.76346733748784,1015.573605650543,143.43462823515765,144.08606169440642,-0.6514334592487785,0.00453138491987039,0.0007582514465022543,0.006936748553497746,143.4348623055463,144.08639257310415,0.0007583641288328162,0.006936635871167184
-266.76,-1077.47,-267.5252929352152,-1077.5328672605208,158.07294516410744,157.79448650101136,0.2784586630960746,0.0017631362728861213,0.00030346962786539277,0.007391530372134607,158.07329267360572,157.79470133383367,0.00030361422146875475,0.007391385778531246
-266.59,-1139.22,-267.29773353569226,-1139.2781383937397,171.49898421958633,171.38596152684215,0.11302269274418109,0.0006592455816229625,0.00011659783397727628,0.007578402166022724,171.4993677536059,171.3862102288524,0.00011673693100155066,0.00757826306899845
-266.59,1139.22,-268.0175816600337,1138.9172909827173,170.16147719558495,170.4752371305827,-0.313759934997762,0.0018421968143887714,0.00032291772815522886,0.007372082271844772,170.16197760465826,170.47568163121696,0.0003228601879019521,0.007372139812098048
-266.41,-984.6,-267.0022185595383,-984.5503885010348,138.23151088987677,137.70688986817692,0.5246210216998577,0.003802450258888411,0.0006269642008986087,0.007068035799101392,138.23181650430283,137.70720672400384,0.0006269507665228942,0.007068049233477106
-266.41,984.6,-266.620578135212,985.2017608885459,136.92121087904772,137.57513160175637,-0.6539207227086479,0.004764513193864341,0.0007820889103433166,0.006912911089656684,136.921556920079,137.57547053946274,0.0007820804147696906,0.0069129195852303095
-266.27,1046.66,-265.0745675376276,1046.3985373312896,150.09661574671833,150.70569506233474,-0.6090793156164125,0.004049698381493161,0.0006898561467785816,0.007005143853221419,150.09685698295948,150.70607006133082,0.0006900076493108969,0.0070049923506891034
-265.93,-891.17,-265.69944765687444,-890.596686447721,118.67236833439253,117.90241771769236,0.7699506167001715,0.006509151964577131,0.0010222120997336475,0.006672787900266353,118.67261940518009,117.90260915659886,0.0010222912690063582,0.006672708730993642
-265.85,-953.64,-265.62731060460635,-953.1271254225088,131.67474660520827,131.0822358164645,0.5925107887437662,0.004509952757737978,0.0007352289184399417,0.006959771081560059,131.67498974363417,131.0824939998968,0.0007352102495414369,0.006959789750458563
-265.85,953.64,-266.84733039230906,953.2219809942304,130.1575718045922,130.90910211791132,-0.7515303133191082,0.005757382219855428,0.0009281955128385705,0.00676680448716143,130.1578435463909,130.90940437875065,0.0009282332061106644,0.006766766793889336
-265.73,-446.98,-266.19813419427066,-447.16801104729416,33.25803306357628,31.74407927213134,1.513953791444937,0.04658167979606646,0.003995643729351994,0.0036993562706480066,33.25808648844942,31.744156581080087,0.003995580694233319,0.0036994193057666817
-265.73,446.98,-265.57616474599354,446.89686045447525,31.842443376860288,33.4824526577071,-1.6400092808468116,0.05021085008628204,0.0043410998971780725,0.003353900102821928,31.842509644552027,33.48250660130422,0.004341067275334711,0.003353932724665289
-265.28,860.02,-265.18635491618636,859.9202128346454,110.80056805367745,111.75787763477459,-0.9573095810971353,0.008602770190417514,0.0013188425397342985,0.006376157460265702,110.80080705534488,111.75810728311885,0.0013188296540798338,0.006376170345920166
-265.27,-797.01,-265.233244828087,-796.6272456781667,99.52742148307333,98.55633148859717,0.9710899944761593,0.009804842445761238,0.0014438638328558265,0.006251136167144174,99.5276176692586,98.55650724775971,0.0014438942047466964,0.006251105795253304
-265.27,797.01,-266.1856581068676,797.0634434086049,97.96947394711053,99.02024581769878,-1.0507718705882496,0.010668291440211104,0.0015558967278083823,0.006139103272191618,97.96966258037124,99.02043976140862,0.0015559045910855326,0.006139095408914468
-265.25,-922.63,-265.35518530519124,-922.2802363197065,125.25068683076876,124.59145418465606,0.6592326461126987,0.005277193378454108,0.0008462488626513738,0.0068487511373486265,125.2509630186014,124.59170964279498,0.0008462754731049578,0.006848724526895043
-265.25,922.63,-264.52152965918185,922.9677946665565,123.90067180125601,124.74697216134646,-0.8463003600904528,0.006807226053730391,0.0010889973565780878,0.006606002643421913,123.90091016917191,124.7472273560441,0.0010890190088444756,0.006605980991155525
-264.86,-243.82,-264.81829442629004,-243.72004992020402,1.0555333608314434,-0.28240180123271585,1.3379351620641593,2.0,0.006512469429294777,0.0011825305707052237,1.055543983076749,-0.2824196125531877,0.0065126078311644195,0.001182392168835581
-264.86,243.82,-264.5249385725161,243.75040123021333,0.23007390835689634,1.6763393028387306,-1.4462653944818342,1.5172632942202429,0.007046702001602996,0.0006482979983970048,0.23008732117301633,1.6763572209371809,0.00704672395288672,0.0006482760471132809
-264.58,-828.79,-265.8300750142837,-829.2648914695538,106.10054961213338,105.20963096157993,0.890918650553445,0.00843233059698851,0.0012696690418169297,0.006425330958183071,106.10077170235579,105.20981544666611,0.0012697226337776016,0.006425277366222399
-264.5,-765.6,-264.9922587659566,-765.2625505990623,93.25593150093607,92.210046088937,1.0458854119990662,0.011278461155952456,0.0016202809659936698,0.006074719034006331,93.256096221165,92.21023661350875,0.0016202409900220752,0.0060747590099779255
-264.5,364.06,-264.91386100104853,364.2523975649944,18.118009564073137,19.742603974544675,-1.6245944104715377,0.08581976141588155,0.005289172436053247,0.002405827563946753,18.118047213954522,19.74263884536261,0.005289163388289876,0.002405836611710124
-264.5,765.6,-265.2095502436393,765.5096191881315,91.68324348319217,92.75851861478647,-1.0752751315942959,0.011659779426994317,0.0016639093536943699,0.006031090646305631,91.68335376617728,92.75871456950905,0.0016640419244208307,0.00603095807557917
-264.21,-424.49,-264.29106713689447,-424.34791511035786,29.419224565943722,27.959257849497288,1.4599667164464343,0.05088899723334424,0.004089670045037109,0.0036053299549628917,29.419262507668382,27.959321085247602,0.004089599191217037,0.0036054008087829633
-264.21,424.49,-263.97504043284397,424.6817624297762,28.12468021689405,29.793520992327274,-1.6688407754332246,0.05762750709072518,0.004676686941495485,0.0030183130585045154,28.124730054678636,29.79356338366026,0.004676666073882783,0.0030183339261172174
-264.07,-400.83,-264.25163776408044,-400.6029743078077,25.396930366781184,23.92930229240706,1.467628074374126,0.059507000443941,0.0043554599685818405,0.00333954003141816,25.396966792969653,23.929348649435976,0.004355430496961078,0.0033395695030389227
-263.65,-734.09,-263.58731515447744,-733.8228067702756,87.07923285023463,85.99227225152202,1.0869605987126079,0.012560826787442959,0.0017654196759524583,0.0059295803240475425,87.07939305143346,85.99249206760962,0.0017653228506418282,0.005929677149358172
-263.65,734.09,-264.32465073414863,733.9348811989139,85.44945206533122,86.53701022876128,-1.0875581634300602,0.012647020572704884,0.0017611938883835428,0.005933806111616457,85.44962041843722,86.53718623528539,0.0017612062823443003,0.0059337937176557
-263.38,670.1,-261.96013117079445,669.9631112928392,73.03486530194458,74.28003982149616,-1.2451745195515826,0.016904935973833794,0.002228917570161861,0.00546608242983814,73.03498395681362,74.28019825252542,0.002228988771251346,0.005466011228748654
-262.92,182.41,-262.83788229797256,182.54392309174466,-7.319715962038696,-6.092135548701346,-1.2275804133373498,0.18305905226497904,0.008037934889598624,-0.00034293488959862353,-7.319711587094279,-6.092129106187846,0.00803794842760028,-0.000342948427600279
-262.73,-702.48,-263.537876524295,-702.9940620509792,81.01401560901053,79.87137884989471,1.1426367591158169,0.01420435662241148,0.0019375966062806825,0.005757403393719318,81.01414396384399,79.87161005842599,0.0019374221947940642,0.0057575778052059365
-262.73,702.48,-262.226314551607,702.6165997209573,79.38117688099734,80.53707998206916,-1.1559031010718144,0.014456174344891484,0.001970954616662108,0.005724045383337892,79.38132965401533,80.53723221759225,0.001970953700168286,0.005724046299831715
-262.32,-638.19,-261.914027326258,-637.8067121982407,68.45844384996525,67.22490288233648,1.2335409676287696,0.018182643593874503,0.0023198270403403808,0.00537517295965962,68.45856350599351,67.22502176845711,0.0023198284882473283,0.005375171511752672
-262.26,377.92,-262.4769929461102,377.9608492645859,20.45175058801492,22.091342390032374,-1.6395918020174527,0.07707910672425722,0.00519215385116486,0.002502846148835141,20.45178380592521,22.091385613141558,0.005192185534985132,0.0025028144650148685
-262.23,216.42,-262.16459289835103,216.60888445562162,-3.1867082048649564,-1.8286449888180876,-1.3580632160468689,0.541562344106645,0.007513106693766653,0.00018189330623334752,-3.18669673918353,-1.8286306051978478,0.0075131228364508605,0.00018187716354913994
-261.71,-573.07,-262.48944947135243,-573.5183171198859,56.26140935594904,54.909390208646975,1.352019147302066,0.02432327828165835,0.0028214578700862924,0.004873542129913708,56.261499812103324,54.90947760039355,0.002821464265038065,0.004873535734961935
-261.71,573.07,-261.90308513864244,573.5826231874088,54.72744443470376,56.20467955331348,-1.4772351186097197,0.026633135028935148,0.0030893200016451697,0.004605679998354831,54.727522099651345,56.204768287784844,0.003089343151176879,0.004605656848823121
-261.27,-562.26,-261.4894637121435,-561.9309071756711,54.15426435156408,52.75812296997867,1.3961413815854087,0.026117485851035474,0.0029849850364286647,0.004710014963571336,54.15434706416602,52.75820830055543,0.00298497943913331,0.00471002056086669
-261.16,606.13,-260.5693530354317,605.9489648529576,60.84991422733181,62.26486508237523,-1.414950855043422,0.022985881353594067,0.0028153464520250505,0.0048796535479749496,60.84999622773646,62.26497730164884,0.002815406578908751,0.004879593421091249
-260.33,-540.58,-260.1059480874051,-540.1328268508813,50.2047899890676,48.76587250000031,1.4389174890672862,0.02907765701227323,0.0032176211472601636,0.004477378852739837,50.204865049458775,48.76594738104905,0.003217621548294983,0.004477378451705018
-260.33,540.58,-261.1859107633481,540.7310656502922,48.71475163849688,50.23777024566709,-1.523018607170215,0.030782815398138,0.003387848764889284,0.004307151235110716,48.71483338885796,50.23786554239135,0.0033878788978302216,0.004307121102169778
-260.23,-354.79,-260.00472182779737,-354.65387060094855,18.051920782664567,16.57387759798914,1.4780431846754283,0.0853723670672817,0.005035598051983931,0.0026594019480160698,18.0519518490874,16.573885428908312,0.005035677213850221,0.0026593227861497794
-259.81,-150.0,-259.5884094848742,-149.97086527860048,-10.177570731742616,-11.16053236831242,0.9829616365698044,0.09213205428436318,0.00793221078525509,-0.00023721078525508997,-10.177565831531222,-11.160527356029878,0.00793220988087394,-0.00023720988087394014
-259.31,-518.8,-259.43759758154187,-518.6392384174196,46.32147978759046,44.8475600965573,1.47391969103316,0.03233377674934671,0.003441322774771434,0.004253677225228566,46.32155125154401,44.847636830844635,0.003441310469542185,0.004253689530457815
-258.77,-507.87,-259.4751027785456,-508.1426827019652,44.420864444056676,42.938850864199104,1.482013579857572,0.033928992891704556,0.003531186757222248,0.0041638132427777525,44.420921802048014,42.938961691694324,0.0035310593556878824,0.004163940644312118
-258.77,507.87,-259.2720895017815,507.9588603953636,42.88904277157245,44.434346918070034,-1.5453041464975854,0.03539267433364134,0.0036862054317006432,0.004008794568299357,42.889111946651965,44.434430846879756,0.003686240625601174,0.004008759374398827
-258.0,-205.75,-257.99567996655577,-205.74953872321055,-3.609574410467303,-4.811561632082999,1.2019872216156955,0.28546913754683373,0.007113747061407654,0.0005812529385923462,-3.6095723083076727,-4.811584204991151,0.007113893096396857,0.0005811069036031433
-258.0,205.75,-258.03202678166764,205.88800024915236,-4.30275509004826,-2.9873579876801823,-1.3153971023680775,0.3608715223873997,0.007778611913569967,-8.361191356996613e-05,-4.302750758212838,-2.9873465948744915,0.007778653668677498,-8.365366867749743e-05
-257.16,-440.42,-257.56501705089494,-440.609612459252,32.5761656171523,31.090019861892664,1.4861457552596349,0.04668555981726858,0.004114058230793879,0.0035809417692061214,32.57620325580393,31.090116674759276,0.004113894420369954,0.0035811055796300464
-257.12,-306.42,-257.17498015072357,-306.450582555758,10.628886038860855,9.183545285892372,1.4453407529684839,0.14590241139790916,0.0057614388222328285,0.001933561177767172,10.628906954486197,9.183571829670658,0.00576141638720579,0.0019335836127942103
-257.12,-190.5,-257.16184086146495,-190.51594113534455,-5.455016371055931,-6.605319981570734,1.1503036105148023,0.19075813093127764,0.0073760611620230995,0.0003189388379769009,-5.455009595655527,-6.605307781863637,0.0073760263798859655,0.00031897362011403495
-257.12,306.42,-257.31089144520666,306.524574571132,9.557810319236062,11.097108912897863,-1.539298593661801,0.14904910315669836,0.006131253569292833,0.0015637464307071674,9.557826933186835,11.09712931694077,0.006131268665789391,0.0015637313342106093
-257.01,-474.92,-257.1931433530122,-474.7757514854104,38.57699556493665,37.06611321802515,1.510882346911501,0.039947653427269476,0.003887161668373303,0.0038078383316266975,38.57705300491784,37.06616982550128,0.0038871638102222607,0.0038078361897777397
-257.01,474.92,-256.58452171437193,474.7777035036847,37.13878733804056,38.7226126380019,-1.5838252999613402,0.04175576249480033,0.0040844762868815125,0.003610523713118488,37.138837384617155,38.72267296926908,0.004084502809740316,0.0036104971902596846
-255.76,-224.02,-255.76299277594956,-224.03726365981598,-1.1138081247031515,-2.380033908106043,1.2662257834028914,0.7248328753917893,0.0069422949391677044,0.000752705060832296,-1.1137999501640223,-2.380053873224295,0.006942449219552442,0.0007525507804475584
-255.68,406.24,-254.9686676746393,405.8706497024253,25.43080237399772,27.080305182876803,-1.649502808879081,0.06282491021894797,0.005007586625601846,0.0026874133743981544,25.430835878288352,27.08035406444438,0.005007633308181563,0.0026873666918184377
-254.92,406.71,-255.10728735911934,407.06762294935834,25.622655781298654,27.27260964174627,-1.6499538604476172,0.06238569169666291,0.004991513458957528,0.0027034865410424727,25.622681261201976,27.27265377830622,0.004991569899901055,0.0027034301000989453
-254.27,-282.4,-254.0243160352915,-282.2861265665245,7.170573176373793,5.755033126794697,1.4155400495790964,0.21902880474273786,0.006201649375397146,0.0014933506246028547,7.170585072138131,5.75505851849314,0.00620159024810411,0.0014934097518958904
-254.27,282.4,-253.97375679994664,282.4411230967907,6.194597119132624,7.680708538110803,-1.4861114189781794,0.21420953969433804,0.006508553379420512,0.0011864466205794887,6.194608257485392,7.680740341914085,0.006508643885546808,0.001186356114453192
-254.01,-383.51,-254.07197852508864,-383.4152188515641,23.07525240769823,21.606445380279077,1.4688070274191531,0.06574535436808632,0.004736837623384066,0.002958162376615934,23.075287159021755,21.606475193028054,0.004736853550068301,0.0029581464499316996
-252.63,-1111.66,-253.01716807434718,-1111.8818697927607,166.12354473512448,165.89118853342157,0.23235620170291327,0.0013996740410611526,0.00025947498883241546,0.007435525011167585,166.12388807183905,165.89171620043575,0.000259269144950977,0.0074357308550490235
-252.46,1254.86,-253.5045383572455,1254.6657421324862,196.4243386748346,196.68194656283657,-0.257607888001985,0.0013106271645910513,0.00025444577918034954,0.007440554220819651,196.42458627116747,196.68243751510266,0.0002546861479459313,0.007440313852054069
-252.32,-372.6,-253.16619570495868,-372.8215370822298,21.377694112851078,19.905905423072753,1.4717886897783252,0.07130137421750815,0.004898787778234481,0.0027962122217655193,21.377725573174864,19.905933292945576,0.004898799728902003,0.0027962002710979978
-252.21,1080.97,-252.52042061796953,1081.7507754783876,158.2334600346447,158.79417031163234,-0.5607102769876349,0.0035372959535116396,0.0006448588576333327,0.007050141142366668,158.23378811531052,158.7945391162681,0.0006449056932520548,0.007050094306747945
-252.18,566.4,-252.91292187207065,566.4143603365128,53.83029017734809,55.31157213012956,-1.4812819527814725,0.027144157548060918,0.0032484959514909326,0.004446504048509068,53.830385442662774,55.311672898401014,0.003248508019640921,0.004446491980359079
-252.15,360.59,-251.76114231023462,360.4286148371739,18.193868561643747,19.783026810541966,-1.5891582488982188,0.08369079322171863,0.005501853929843529,0.0021931460701564718,18.193896141445137,19.78306066773839,0.005501875662928047,0.002193124337071953
-252.01,162.76,-251.66076179570004,162.7594841117007,-8.906950936428968,-7.816492301827266,-1.0904586346017027,0.13041077953458652,0.008363677088436588,-0.0006686770884365874,-8.906947262978047,-7.816487268299998,0.008363687520046754,-0.0006686875200467533
-251.76,-1050.25,-251.76691826476997,-1049.4602694818402,152.70879396174112,152.33045434172212,0.37833962001900545,0.0024805963306244482,0.000449849280666342,0.007245150719333658,152.70907708681193,152.33069643071434,0.0004498980729404155,0.007245101927059585
-251.7,-336.23,-252.34354736581903,-336.52250802387465,15.571138677703374,14.102614306057614,1.4685243716457599,0.09897800068966081,0.005432812419650762,0.002262187580349239,15.571158010415896,14.10262794413985,0.0054328334869607345,0.002262166513039266
-251.7,336.23,-251.8912597772662,336.3554917941277,14.39860262399306,15.963766619580039,-1.5651639955869783,0.10309893691305276,0.0058036083958110905,0.00189139160418891,14.39863478419415,15.96379758394771,0.005803603961675821,0.0018913960383241798
-251.54,895.34,-251.32928812696682,895.9478549126114,118.8106823595048,119.73410229651063,-0.923419937005832,0.007742109628071854,0.0012883186223360827,0.0064066813776639175,118.81087807426898,119.73436846855894,0.0012884169215254106,0.00640658307847459
-251.07,198.4,-250.8538680218279,198.50089365923995,-4.8116660924917145,-3.539907601024076,-1.2717584914676383,0.30455541389882934,0.008023636594868204,-0.0003286365948682035,-4.81165770988655,-3.539897539217309,0.008023647189099356,-0.0003286471890993556
-250.95,-864.31,-251.05276390196113,-863.9206068573397,113.85416159452609,112.97194198768588,0.8822196068402093,0.007778819041613994,0.0012778731291222458,0.006417126870877755,113.85428847758064,112.97217616405959,0.0012777177174215458,0.006417282282578454
-250.67,-500.77,-250.69917753684612,-500.70295163388414,43.5289166946223,42.04719228711709,1.4817244075052116,0.034629394234818235,0.003708380141484888,0.003986619858515113,43.528980573969335,42.04730601339767,0.0037082553872609895,0.003986744612739011
-250.67,500.77,-251.4128583371603,500.8361833187533,42.009832181730175,43.55364874260442,-1.543816560874248,0.03608587552064354,0.003851788083112781,0.0038432119168872194,42.009888279300654,43.553727825473395,0.0038518454309227905,0.00384315456907721
-250.37,523.18,-251.10882977072797,523.3001432025312,46.05243947832141,47.57586246618213,-1.5234229878607195,0.03254193350134024,0.00364214758141871,0.00405285241858129,46.0525253768733,47.575968935253755,0.0036421967607138286,0.004052803239286171
-250.31,833.21,-250.9362205207076,833.0166494953165,105.8978834293303,106.96787522092853,-1.0699917915982269,0.010053207226778422,0.0016081008608078257,0.006086899139192175,105.89807152509233,106.96801626183323,0.0016080301416142983,0.006086969858385702
-249.38,-675.43,-249.8781102003962,-675.6170235489302,76.32293291250613,75.12776052938024,1.1951723831258931,0.015782989908652966,0.002224086250647791,0.00547091374935221,76.32305465463253,75.12789625863084,0.002224060222125821,0.005470939777874179
-249.08,231.43,-248.8800146879638,231.52362087941097,-0.5532987144901824,0.8240894074100886,-1.377388121900271,2.0,0.007509670405392222,0.00018532959460777852,-0.5532881886699492,0.8241028122193406,0.007509686101954642,0.00018531389804535888
-248.44,643.72,-248.41233999243596,643.7708302143509,68.61051350364156,69.93336452431959,-1.32285102067803,0.01909649187690632,0.0025987012126213226,0.005096298787378678,68.61063686600542,69.9334651502337,0.002598656547546712,0.005096343452453288
-248.41,-456.83,-248.08268136996458,-456.5380629539988,35.8402381205813,34.32711888935144,1.513119231229858,0.0431288649226353,0.004197102588259128,0.003497897411740872,35.8402859355594,34.327196486963864,0.004197019976942706,0.0034979800230572943
-248.41,456.83,-248.60507642469074,456.7045745627234,34.39961241983809,35.99413295666449,-1.5945205368263942,0.04530290378209212,0.004411991180353403,0.0032830088196465976,34.399680668833085,35.994203371666885,0.004411997173631852,0.0032830028263681485
-248.13,-300.88,-248.05902126470355,-300.87949859775694,10.282197238401466,8.853858768952172,1.4283384694492938,0.1492824298696042,0.006012199503448377,0.0016828004965516235,10.282219532218214,8.853883854927744,0.0060121877506207,0.0016828122493793007
-248.13,300.88,-247.94562825986654,300.9619939711519,9.23155700195148,10.734275643349399,-1.5027186413979194,0.15052902306597232,0.006326440615153685,0.0013685593848463155,9.231577068356906,10.734295000830507,0.0063264376305846,0.0013685623694154004
-247.39,-611.88,-246.96978836004655,-611.4950049003451,64.16569451617353,62.87965515628315,1.2860393598903812,0.02024535905022887,0.0026752685860443877,0.005019731413955612,64.16578833302256,62.8797786229908,0.002675206907267038,0.005019793092732963
-247.17,-411.47,-247.53424700049746,-411.6072517290183,28.137982791243317,26.69904338744181,1.4389394038015055,0.05248057759779884,0.0044368430623390786,0.003258156937660922,28.138008827954266,26.699079658496483,0.004436811505640566,0.003258188494359435
-247.12,-434.66,-247.64217063257092,-434.4369773087269,32.03172160719109,30.587425865045187,1.4442957421459006,0.046129524289236425,0.004217495406555324,0.0034775045934446764,32.0317647018459,30.587510179649346,0.004217375039969763,0.003477624960030237
-247.12,434.66,-246.7202346992365,434.7205578621344,30.72107910030874,32.34146643514255,-1.6203873348338114,0.05138984863599878,0.0047462844764131805,0.00294871552358682,30.72113104650814,32.34152254375278,0.004746296668551119,0.002948703331448882
-245.75,-134.19,-245.99046008982978,-134.19812527999804,-11.032403412686621,-11.924083840562592,0.8916804278759702,0.07768439640082683,0.008485831290086013,-0.000790831290086013,-11.032401337674564,-11.924064951899965,0.008485671280067128,-0.0007906712800671272
-245.75,134.19,-245.56647589683334,134.24249744214728,-11.416172888001606,-10.486157935790551,-0.9300149522110548,0.08492383387806327,0.008862999049249582,-0.0011679990492495813,-11.416172091832465,-10.486154950221321,0.008863019914130152,-0.001168019914130151
-245.64,388.92,-245.98602971922142,389.29914603124786,23.167755968550566,24.787266812557533,-1.6195108440069674,0.06754290792016783,0.005313000283086969,0.0023819997169130316,23.167786463467444,24.787315580239735,0.005313060229093319,0.002381939770906682
-244.78,-206.12,-244.65690183393852,-206.08197102366594,-2.8333709197011583,-4.010887714521374,1.1775167948202157,0.34408892408957736,0.007337016767925453,0.00035798323207454717,-2.8333634416840248,-4.010911007873579,0.007337208501965939,0.00035779149803406157
-244.12,447.78,-244.1328358722088,447.89660895934475,33.11230150875497,34.70909368912182,-1.5967921803668546,0.04708815487230918,0.004587692487561234,0.003107307512438766,33.112354256617515,34.70915543074027,0.004587718327233344,0.0031072816727666566
-243.93,-366.19,-243.97982634996052,-366.0348766322281,20.76290714550077,19.30819041777154,1.4547167277292274,0.07260678225407867,0.00511743010515938,0.00257756989484062,20.76294204285749,19.30820554233219,0.005117499662276553,0.0025775003377234472
-243.82,-264.86,-243.65968755778889,-264.8453259159524,5.20377437145461,3.844183015715757,1.3595913557388535,0.3005300086109376,0.006618845925558368,0.0010761540744416327,5.203792598603986,3.8442033117268863,0.00661883585379884,0.0010761641462011607
-243.82,264.86,-243.50850422879634,264.9883092753106,4.281623873027851,5.730428911229424,-1.4488050382015736,0.28941218537713703,0.0070537322926496745,0.0006412677073503259,4.281640345021291,5.730447927569678,0.007053744680197211,0.0006412553198027896
-243.58,-175.12,-243.55082961056146,-175.22968033275387,-6.521304499965154,-7.593191028981673,1.0718865290165187,0.15188449729828907,0.007890443305723839,-0.0001954433057238386,-6.5213003361708175,-7.593180123362387,0.007890393677347984,-0.00019539367734798356
-243.02,-570.39,-243.79538331753008,-570.8061954192996,56.67951143678264,55.33004528630489,1.3494661504777525,0.02409555380732257,0.0030464756594183596,0.00464852434058164,56.67959281681341,55.33010012746856,0.003046535572008691,0.00464846442799131
-242.17,-238.65,-242.20901089874076,-238.62926352459672,1.6059654759044406,0.3213244502542558,1.2846410256501848,1.3331061489130673,0.006982608020792605,0.0007123919792073954,1.6059740768810293,0.32129784988232757,0.006982799356125659,0.0007122006438743415
-242.15,-414.44,-242.21566704977303,-414.26863223822966,28.87252992024029,27.447992748047078,1.4245371721932116,0.050586788073091936,0.004460046407994622,0.0032349535920053784,28.872567184875024,27.448038905307985,0.00446001856630246,0.00323498143369754
-241.52,-318.85,-241.29005674279676,-318.6707352311341,13.383416375749253,11.948418453373815,1.4349979223754374,0.11329601128818934,0.005862995178940423,0.001832004821059577,13.383436703305225,11.948451121047729,0.0058629447607127265,0.001832055239287274
-241.52,318.85,-241.75101024667302,319.2905744960777,12.319282166222315,13.850831410199763,-1.531549243977448,0.11704567039841164,0.006233420745581039,0.0014615792544189618,12.319307541947826,13.850854604731808,0.00623341186810181,0.00146158813189819
-241.35,-527.4,-242.45175727125624,-527.8668844292089,48.8515708416633,47.414540198789965,1.4370306428733386,0.02985537957941325,0.0035274928975515154,0.004167507102448485,48.85162566562676,47.414625804022634,0.0035274173384748503,0.00416758266152515
-239.86,380.74,-239.45960224097644,380.76721420322957,22.122780328649846,23.71753072348156,-1.5947503948317134,0.06957851542578324,0.005494786058594128,0.002200213941405873,22.12281679856401,23.71757497064243,0.005494812855456461,0.0022001871445435396
-239.14,-295.32,-239.89680290225363,-295.52472537520356,9.929524863855626,8.52477509336476,1.4047497704908665,0.1522409166153439,0.006224873924960716,0.0014701260750392842,9.929547083066815,8.524789357502318,0.0062249091763139875,0.001470090823686013
-239.14,295.32,-239.25330509678722,295.38042814211,8.882100132815339,10.35845947591902,-1.476359343103681,0.15346324359853644,0.006562998242161226,0.001132001757838774,8.882120979399534,10.358494382439524,0.006563060744110843,0.0011319392558891573
-238.56,416.52,-238.40053577286702,416.5286287647587,28.0888872528836,29.702299656048176,-1.613412403164574,0.05583593241325926,0.005104382138176909,0.002590617861823091,28.08892156121807,29.702342008326116,0.005104407586947049,0.0025905924130529513
-238.52,-228.05,-238.6251494840577,-228.1673714421563,0.39143872047538153,-0.8472328430740248,1.2386715635494063,2.0,0.0071472057994283675,0.000547794200571633,0.3914520764217819,-0.847253891240257,0.007147404313126888,0.0005475956868731128
-238.52,228.05,-238.2591013024062,228.0972368009905,-0.4120013755329204,0.933787112070906,-1.3457884876038264,2.0,0.007779598036222461,-8.459803622246076e-05,-0.41199166748237204,0.9338036350828602,0.007779637431462396,-8.463743146239558e-05
-238.46,1237.23,-240.11297417266397,1236.9713820682534,192.96175261549604,193.26660792737795,-0.3048553118819086,0.0015786272735301508,0.0003224544390901204,0.0073725455609098805,192.96215399704607,193.26713517070223,0.0003225875667944349,0.007372412433205565
-238.25,213.63,-238.05197170938882,213.61553657682103,-2.2502344759494157,-0.9468695184018756,-1.3033649575475401,0.8153409834965344,0.008052139563278535,-0.0003571395632785343,-2.2502255021944872,-0.9468588049971984,0.008052150310769089,-0.00035715031076908807
-238.12,1206.73,-238.91253352838402,1207.057644410919,186.3341262728813,186.6783018714098,-0.3441755985284942,0.001845384081387004,0.00037494106138095793,0.007320058938619043,186.3345813385392,186.6787866128085,0.00037497338980225505,0.007320026610197745
-238.0,1114.88,-236.43534982662928,1114.5822988287916,166.00572231458497,166.55957384096595,-0.5538515263809813,0.003330783655321198,0.0006602656120727591,0.0070347343879272415,166.006107196225,166.56000004419263,0.0006603148729692302,0.00703468512703077
-237.82,-1022.71,-238.75838057691644,-1022.9644344390377,147.6026389829437,147.0721672750772,0.5304717078664964,0.0036003872513078626,0.00068232760131119,0.0070126723986888104,147.60294600918016,147.07240832357834,0.0006824124662139015,0.007012587533786099
-237.82,1022.71,-238.40269380246062,1023.5695906581196,146.2573307709662,146.97560839818584,-0.718277627219635,0.004899024163211726,0.00092472729914996,0.00677027270085004,146.25759320435236,146.97596569178097,0.0009248494243861055,0.006770150575613895
-237.78,-1176.21,-236.63743075702064,-1175.0294819154376,180.5971664567263,180.43571978948208,0.16144666724423473,0.0008943598957028823,0.00018240920569432046,0.00751259079430568,180.59751948712247,180.43614085536916,0.00018233233634749071,0.0075126676636525095
-237.78,1176.21,-237.1644587835706,1176.437577581434,179.60359134304213,179.9798913413615,-0.3762999983193822,0.0020929771051227636,0.0004237069563158825,0.007271293043684118,179.60402233697678,179.9802942850371,0.0004236753722341822,0.0072713246277658185
-237.61,-1084.27,-238.80508961697186,-1084.3784664329085,160.76474565065152,160.41328622319747,0.3514594274540457,0.0021885645503431595,0.0004263837123629974,0.007268616287637003,160.76498921480353,160.4136108463218,0.00042628537320110456,0.007268714626798896
-237.41,-1145.66,-238.61406189941218,-1146.17831088169,174.19557687147716,173.99260801659258,0.20296885488457406,0.0011658572214322633,0.00023314765646986567,0.007461852343530135,174.19597808999802,173.99293248387008,0.00023323581961456574,0.007461764180385435
-237.41,1145.66,-236.4972588793419,1145.7826109595985,172.855695010872,173.31025097342365,-0.45455596255163755,0.002626231539091134,0.000526997910560804,0.007168002089439196,172.85599775500884,173.31063480946102,0.000527091925964118,0.007167908074035882
-237.39,-991.99,-236.7161920686847,-990.9157199378145,140.89515435895396,140.3005651382647,0.5945892206892722,0.004229006200751597,0.0007963467651265981,0.006898653234873402,140.89538742437293,140.30088366898667,0.0007962322995170325,0.006898767700482968
-237.39,991.99,-236.1161262379034,991.8359844033745,139.58431004964373,140.30261922726388,-0.7183091776201422,0.005132852609272648,0.0009635977512441159,0.006731402248755885,139.58462165671187,140.30297538999247,0.0009636575217935592,0.006731342478206441
-237.2,1053.63,-238.44720114209645,1053.0929231875252,152.58542391230708,153.26598965441184,-0.6805657421047613,0.004450303068200805,0.0008514536927113359,0.006843546307288665,152.58572765422545,153.26634233606347,0.0008515149210600873,0.0068434850789399135
-237.15,-394.15,-236.96944822511045,-393.96728980380794,25.75056461220973,24.32279208433966,1.4277725278700686,0.057027234524042125,0.004804590429577205,0.002890409570422796,25.750605173413913,24.32282891013854,0.004804602999571531,0.002890397000428469
-237.08,-899.27,-238.2430941014526,-899.9386667576273,121.8343357843491,121.03781176623264,0.7965240181164575,0.006559204306871536,0.0011671200121229459,0.006527879987877055,121.83458200526488,121.03806053659022,0.0011671162765111128,0.006527883723488888
-236.92,-961.23,-236.445157627724,-960.6846130633181,134.55414797422605,133.90664621919146,0.6475017550345967,0.004823808682977315,0.0008955288132267101,0.00679947118677329,134.5544205224414,133.90695635132573,0.0008954768326999404,0.00679952316730006
-236.92,961.23,-238.4539039961976,961.2166372030015,133.0081484034661,133.80217626134035,-0.794027857874255,0.005952002486199074,0.001088328233847458,0.006606671766152542,133.00845095651263,133.80248964614213,0.0010883430803102629,0.006606656919689737
-236.66,-805.97,-236.56198010825915,-805.5494890960272,102.65375872571924,101.67287368557098,0.9808850401482658,0.009601147227580561,0.0016170774107226646,0.006077922589277336,102.65389470216722,101.67310810313938,0.0016169151216616476,0.006078084878338353
-236.66,805.97,-236.94394527804855,805.844664256072,101.02525644185002,102.12238495834922,-1.0971285164991968,0.010801292192586794,0.0018051380717581974,0.005889861928241803,101.02541303440326,102.12259619237805,0.0018052279749978086,0.005889772025002192
-236.55,868.36,-236.94487855079345,869.2063570367178,113.91489585382979,114.89916481578913,-0.9842689619593443,0.008603220965345439,0.001501389737303909,0.006193610262696091,113.91505926244874,114.89939759429214,0.001501495553128678,0.006193504446871322
-236.43,-930.43,-237.71912483206052,-930.949549081287,128.28997934080485,127.58549574684832,0.7044835939565246,0.005506456558333271,0.0010000702031074061,0.006694929796892594,128.29018197124924,127.58570145583354,0.001000065832875114,0.0066949341671248865
-236.43,930.43,-234.80072343487825,929.8216397508548,126.57671809385852,127.47872982148752,-0.9020117276290023,0.007100904428780934,0.001297964985341295,0.006397035014658705,126.57692120851476,127.47896777800536,0.0012980151216255413,0.00639698487837446
-236.03,-774.85,-235.7633079560404,-774.4858542432521,96.46403293810161,95.41505349570227,1.048979442399343,0.01093375481294288,0.0018047919428650374,0.005890208057134963,96.46416413301498,95.41528076620705,0.0018046266427206462,0.0058903733572793545
-236.03,774.85,-235.36261965485156,774.7854700231378,94.85736979164255,95.96217048219434,-1.1048006905517838,0.011579534139599456,0.001903333330690427,0.005791666669309574,94.85753425860293,95.96240170528924,0.0019034483371137255,0.005791551662886275
-235.97,-837.39,-235.9303803585722,-837.0852588252723,109.05937308318968,108.14686278545958,0.9125102977301083,0.008402247698651976,0.0014515569684426272,0.0062434430315573735,109.05955318687093,108.14710308724901,0.001451461209541447,0.0062435387904585535
-235.6,371.61,-235.97895859260606,371.6747427684168,20.844537659048918,22.41381288736175,-1.5692752283128328,0.0725536322347382,0.005620988053129984,0.002074011946870016,20.844566910090865,22.41385668060188,0.00562104014183997,0.0020739598581600302
-235.55,-151.38,-235.62885753909018,-151.43154050678154,-8.715364523413248,-9.667085999055168,0.9517214756419197,0.1035467468799825,0.008379438618803617,-0.0006844386188036167,-8.715362137906032,-9.667084017431616,0.008379442174800264,-0.0006844421748002632
-235.55,151.38,-234.9950624400329,151.28151611812243,-9.180925043360784,-8.188390988481707,-0.9925340548790764,0.11428591120796033,0.00877103176684859,-0.0010760317668485897,-9.180919482101451,-8.188387285833704,0.008771015342284689,-0.001076015342284688
-235.34,-743.65,-236.06277097033635,-744.0294980679693,90.39225679788403,89.31536477792633,1.0768920199576968,0.011984934311797183,0.0019262132975036595,0.005768786702496341,90.39240721641069,89.31559891000171,0.0019260635609026492,0.005768936439097351
-235.34,743.65,-235.73387784900726,744.1687375285237,88.7404466776489,89.8737786854416,-1.1333320077926885,0.012690277109662782,0.0020296147257575104,0.00566538527424249,88.74060270340496,89.87393475335234,0.0020296148012497674,0.0056653851987502335
-235.27,680.47,-235.97718190527243,680.7185038845032,76.30891185338687,77.55150861689776,-1.242596763510889,0.016152260077189562,0.002430202841283355,0.005264797158716646,76.30902085715022,77.55162056601047,0.002430208601636678,0.005264791398363323
-235.06,245.65,-234.74862893516865,245.65658014966672,2.116020636974863,3.5029707385946978,-1.386950101619835,0.49366514696928104,0.007555778942046728,0.00013922105795327253,2.1160312198624958,3.502985474027774,0.007555801564140616,0.00013919843585938427
-234.6,-712.37,-235.40989926818995,-712.7927440885692,84.26026908215363,83.14374059237606,1.116528489777565,0.013339327916318642,0.0020904110395288784,0.005604588960471122,84.26036779488598,83.14390669107578,0.002090284876720326,0.005604715123279674
-234.6,712.37,-235.09610407400146,712.428342204866,82.52091462850068,83.70669382307848,-1.1857791945778047,0.014266934423510198,0.0022241653879096885,0.0054708346120903115,82.52103637734305,83.70676241487442,0.002224065681266706,0.005470934318733294
-234.55,187.05,-234.4115780283233,187.15237832081752,-5.238445613020859,-4.047530505314775,-1.1909151077060844,0.25649755987516737,0.008528178236153837,-0.0008331782361538365,-5.238439871900782,-4.047523717462154,0.008528185731836481,-0.0008331857318364805
-234.43,-648.95,-234.43582828434592,-648.4979937772699,71.82788100665526,70.634417664949,1.1934633417062628,0.016754795519021697,0.002466188878841189,0.005228811121158812,71.82799117367216,70.63453415698127,0.0024661758087434014,0.005228824191256599
-234.15,-584.87,-233.80058232997226,-584.3787805046467,59.71683001752635,58.43298457648469,1.283845441041656,0.02173250030824396,0.0029520423910100227,0.004742957608989977,59.71692411751373,58.433071892541804,0.0029520579898111607,0.004742942010188839
-234.15,584.87,-234.15132637662532,585.2205523912208,58.26003884230167,59.681108685525366,-1.4210698432236981,0.02409794839224217,0.0032579851768796604,0.0044370148231203405,58.26013111354816,59.68124819944636,0.003258093486780095,0.004436906513219905
-233.83,135.0,-233.72275344838434,135.13682799333355,-10.679673315731186,-9.770732301095773,-0.9089410146354133,0.0888922236229408,0.009040883203084283,-0.0013458832030842829,-10.679672236181755,-9.770726655605872,0.009040928618720545,-0.001345928618720545
-233.8,574.23,-233.8757242184306,574.5641873730227,56.29460158840702,57.73096984805218,-1.436368259645164,0.0251937919108887,0.0033580872370160895,0.0043369127629839105,56.294691734672824,57.73105662436233,0.0033580793583923426,0.004336920641607658
-233.5,617.31,-233.9137993348257,617.4123011041362,64.3039932739292,65.67417910564627,-1.3701858317170803,0.021083322016803317,0.0029805624387940926,0.004714437561205908,64.30407295659816,65.67429284049996,0.0029806365124418967,0.004714363487558104
-233.06,-552.89,-232.7085648719842,-552.6000522781055,53.88080214963944,52.51662347596329,1.3641786736761503,0.02564307671271106,0.003332712412990935,0.004362287587009066,53.88087928659725,52.5167332666707,0.0033326326393082637,0.004362367360691737
-233.06,552.89,-234.00881050785335,553.1321911215879,52.34057798260865,53.80882797500092,-1.4682499923922734,0.027663838137325314,0.003563598247517996,0.0041314017524820045,52.340646082057646,53.80892232887453,0.003563661969787377,0.004131338030212624
-232.63,-509.39,-232.4372968816426,-509.1708136179771,45.9961818341438,44.565813463398925,1.4303683707448727,0.03158871149084949,0.0037968938291447975,0.003898106170855203,45.99625509066519,44.5659187162621,0.003796808895280799,0.0038981911047192013
-232.63,509.39,-232.45462908085574,509.47707869076027,44.519391755651014,46.02854582798183,-1.5091540723308157,0.033333814388360083,0.004003322741309803,0.0036916772586901977,44.51945038306822,46.0286283985224,0.0040033862550702785,0.003691613744929722
-232.26,531.46,-232.14069907072337,531.6866106178951,48.532988011641436,50.030343470872644,-1.4973554592312084,0.030383621103490216,0.0038112529313514797,0.003883747068648521,48.53305486781995,50.03043348350628,0.0038113118720037595,0.003883688127996241
-231.84,-520.72,-231.4940942455083,-520.2872385951756,48.05136363387749,46.62794378284387,1.4234198510336213,0.030068235391046604,0.003712785002191441,0.003982214997808559,48.05143127121056,46.6280377434469,0.003712716341745362,0.003982283658254638
-231.84,520.72,-231.37140947964303,520.4674092087347,46.546955440767334,48.05034394764491,-1.5033885068775774,0.03178501958506727,0.0039220928102660455,0.003772907189733955,46.54702845726045,48.05042163118695,0.003922104985827405,0.0037728950141725955
-231.49,-220.93,-231.61611831648545,-221.10199338975067,-0.1493504892721056,-1.3422383960242605,1.192887906752155,1.5994861835071106,0.00731792697705207,0.00037707302294793035,-0.14934114215835592,-1.3422545297080077,0.007318083292338984,0.0003769167076610163
-230.87,-454.75,-231.4091968457253,-454.98577720011434,36.45961384715606,34.99167269708109,1.4679411500749637,0.04108928533193387,0.00438006022287522,0.0033149397771247806,36.45966264874936,34.99176048841524,0.004379943884823819,0.0033150561151761813
-230.73,-466.01,-230.40509602914668,-465.6732247350208,38.382203656992566,36.923546172648756,1.45865748434381,0.03873960454928406,0.004271002733228247,0.003423997266771754,38.38225723175991,36.923622773852244,0.0042709353109767765,0.003424064689023224
-230.73,466.01,-231.06453757942927,466.4841725533626,37.01805779707166,38.57188850665271,-1.5538307095810495,0.041112099837660315,0.004528802300618284,0.0031661976993817165,37.018110990858375,38.57195144711687,0.004528830708330238,0.003166169291669762
-230.46,-488.35,-230.35654943968225,-488.13830556922477,42.34885022363214,40.899955547208435,1.4488946764237056,0.03480877984993768,0.004048025462674256,0.0036469745373257445,42.34889275877598,40.90004559444011,0.004047892720008789,0.0036471072799912118
-230.46,488.35,-230.64868770651483,488.89357977402375,40.96176873334294,42.49688134531375,-1.5351126119708098,0.03678738178784399,0.0042768575988479905,0.00341814240115201,40.96183007600469,42.49695668209842,0.004276896586783141,0.0034181034132168596
-229.84,-421.39,-229.57753229914638,-421.09243374379326,30.726136327523186,29.329841756435176,1.39629457108801,0.04649976956951688,0.00453753617822437,0.0031574638217756303,30.726179148448306,29.329909885111086,0.004537453935668127,0.003157546064331874
-229.65,-444.14,-229.91569304473288,-444.27349622389573,34.68196528920335,33.249913424103205,1.4320518651001422,0.04216140911232094,0.004404428853600539,0.003290571146399461,34.68200646361235,33.24998959924283,0.004404321205105681,0.0032906787948943196
-229.65,444.14,-230.22939951047138,444.1305398305896,33.21013624992275,34.78789529348944,-1.5777590435666937,0.04640602110840224,0.004847514674398618,0.002847485325601382,33.21018694642808,34.78795998897054,0.004847557684920874,0.0028474423150791264
-229.15,421.77,-229.34212233706728,421.81943224364454,29.476159797774727,31.06582215000212,-1.5896623522273927,0.052514380966207086,0.005162313222376969,0.002532686777623031,29.47619346019286,31.06587666178171,0.005162380929166518,0.002532619070833482
-228.56,399.2,-228.1796143945539,399.12042014421166,25.757709367840455,27.34728398515755,-1.5895746173170942,0.059865354157976024,0.005483400937536972,0.0022115990624630285,25.7577451480881,27.347309016469698,0.005483363857979745,0.0022116361420202553
-227.75,-252.45,-227.78568075544547,-252.37023200256417,4.33270666438683,3.0519353051351352,1.2807713592516947,0.3468743277027427,0.0069993374706350244,0.000695662529364976,4.332721874786088,3.0519544541020522,0.006999315946602655,0.0006956840533973458
-227.14,-388.47,-227.22035142634243,-388.1983418620559,25.33748570520654,23.928429586771227,1.4090561184353128,0.057202068005209966,0.005018538492423288,0.002676461507576712,25.337517869137713,23.928469853265934,0.005018509634078719,0.0026764903659212812
-227.14,-376.84,-227.91190566300077,-376.9776165672706,23.447751505853805,22.030703476930515,1.4170480289232898,0.062317333755498396,0.005181456617042014,0.0025135433829579865,23.447788203630015,22.03073570762803,0.005181472950979888,0.0025135270490201124
-227.07,-353.33,-227.0556800658466,-353.1457605451247,19.624612851008223,18.202854384830673,1.4217584661775504,0.07517069315338845,0.005570437784065858,0.002124562215934142,19.624639729159696,18.202859573254347,0.005570522764238039,0.0021244772357619617
-227.07,353.33,-226.76106547378075,353.3248158206814,18.441878140738297,19.968721909565822,-1.5268437688275256,0.07950116722091857,0.005986897786491754,0.0017081022135082462,18.441909128363925,19.968755850871187,0.005986909368147348,0.0017080906318526524
-226.03,-147.68,-226.07759664688544,-147.71068891232775,-8.56357071709731,-9.472534167936479,0.9089634508391686,0.10079376413400869,0.008551195628635183,-0.0008561956286351827,-8.563568456934933,-9.472531832221101,0.008551194917860196,-0.0008561949178601952
-225.33,-330.5,-225.7938843354644,-330.68195686183805,16.130481501716414,14.728365239359814,1.4021162623566,0.0908728880324774,0.005899445934490157,0.0017955540655098436,16.13050965400104,14.72837277538816,0.0058995326780025,0.0017954673219975
-225.33,330.5,-224.72950905077448,330.2227079952312,14.955708180820366,16.456677383240226,-1.50096920241986,0.0955654386298596,0.006354108354511351,0.0013408916454886498,14.955732764989559,16.456708848167168,0.00635413748307723,0.0013408625169227702
-224.93,-198.51,-225.16711317509134,-198.5870756931223,-2.667554590323096,-3.764669047261302,1.0971144569382059,0.34113069406592456,0.007708073906745737,-1.3073906745736386e-05,-2.6675484420177877,-3.7646479431760813,0.007707968830874968,-1.2968830874967273e-05
-224.52,-577.92,-224.57958484220697,-577.7959561727245,58.96849642620135,57.694301180819124,1.2741952453822236,0.02184407148668524,0.0030848999267252667,0.004610100073274734,58.96858166876051,57.6943736758498,0.0030849307892244137,0.004610069210775587
-224.51,228.03,-224.54895395356888,228.07773369787026,0.3832416143991253,1.6937657999229891,-1.3105241855238638,1.2619350094632065,0.008038980730878586,-0.00034398073087858576,0.383254480962119,1.6937819617852803,0.008039000944811185,-0.0003440009448111847
-224.37,-318.99,-224.4730438628546,-319.11786878014095,14.40358062471471,13.016952319553251,1.3866283051614587,0.10113795439204416,0.0060812746127110505,0.00161372538728895,14.403603707628385,13.016976402331391,0.006081270227649557,0.0016137297723504435
-224.37,318.99,-224.3857969774202,318.894317057066,13.245316767965011,14.734242279313378,-1.4889255113483664,0.10642951940968463,0.006537033345062386,0.0011579666549376144,13.245342056369108,14.734263789317442,0.006537016756235871,0.0011579832437641291
-224.15,-167.8,-224.06164991492776,-167.89114680217173,-6.253681041212065,-7.239991924232324,0.9863108830202592,0.14618864493693867,0.008236986849166912,-0.0005419868491669116,-6.253676981428789,-7.239985967149691,0.008236971004233913,-0.0005419710042339123
-224.15,167.8,-223.86625236842949,167.8582454988283,-6.791024074516097,-5.73465103723696,-1.056373037279137,0.16867322964299528,0.008831528444477564,-0.0011365284444775636,-6.791019448650125,-5.7346439456777,0.00883154905825664,-0.0011365490582566397
-223.36,-307.43,-222.91158477623787,-307.3353141409347,12.683413728016593,11.321714574843654,1.361699153172939,0.11345068736922273,0.006244331274195428,0.0014506687258045723,12.6834336292569,11.321736841459337,0.006244320427315335,0.0014506795726846652
-223.36,307.43,-223.14525982345992,307.52109433519126,11.606960511693337,13.073242024549312,-1.466281512855975,0.11882248621766811,0.006712814627513107,0.0009821853724868938,11.606979754116438,13.073269523214037,0.006712852425588756,0.0009821475744112443
-223.32,-1117.91,-222.12291279415456,-1116.7537914189086,168.5189937119906,168.19257244769003,0.3264212643005635,0.0019388776454786999,0.0004134067084419727,0.007281593291558028,168.51934527960063,168.19303821210292,0.0004132620802282318,0.007281737919771769
-223.11,-535.37,-223.2666079132113,-535.2183107035288,51.200420510461015,49.812262017917085,1.3881584925439299,0.027484835721572808,0.0036495069070367242,0.004045493092963277,51.20047715899107,49.812350503855164,0.003649423205614222,0.004045576794385778
-223.09,1260.41,-222.25109553556197,1260.4493783378964,198.88683257654714,199.3213628581034,-0.4345302815562775,0.0021824276172015037,0.0004873047008184155,0.007207695299181585,198.8872371139227,199.3219456549926,0.0004875046102439071,0.007207495389756093
-222.97,1087.38,-223.6875765125238,1088.1970622802962,160.76987137319114,161.45297018270392,-0.683098809512785,0.004239915495837311,0.0008816251844752096,0.006813374815524791,160.77008552632773,161.45334349111565,0.0008818305944347072,0.006813169405565293
-222.59,-1056.81,-223.80363740846792,-1057.081078528494,155.5664247473735,155.1298268882031,0.43659785917040494,0.002810448190939243,0.0005797703945076883,0.007115229605492312,155.56673595427148,155.13013335072748,0.0005797766946928469,0.007115223305307153
-222.56,902.98,-222.81820172190297,902.637071130679,121.45854457071135,122.42323368049874,-0.9646891097873862,0.007911120844737399,0.0015068617805336746,0.006188138219466326,121.45874367716938,122.42354182087446,0.0015070320934787364,0.006187967906521264
-222.08,-872.17,-223.270457180828,-872.6776223703118,116.91859125810203,116.05335266050125,0.8652385976007793,0.007427835155147094,0.0013950849577585946,0.006299915042241406,116.91881103015794,116.05357516374501,0.001395080554072612,0.006299919445927388
-221.56,841.31,-222.3896164627438,841.4316593487438,108.91720254332836,109.98609229501356,-1.0688897516852052,0.009765862615038028,0.0017945246630374485,0.005900475336962552,108.91741238324605,109.98634121020555,0.0017945902652600713,0.005900409734739929
-221.12,-284.09,-221.24580661528822,-284.2319410218683,9.310247247553647,7.988314138331177,1.3219331092224706,0.15283734638200996,0.006604066288636766,0.0010909337113632345,9.310264235313387,7.988338028130681,0.0066040318076726265,0.001090968192327374
-221.12,284.09,-221.28957599051628,284.19614560166406,8.29094253020007,9.709037769160837,-1.4180952389607668,0.1575663101154746,0.007083960509074977,0.0006110394909250236,8.290962440720687,9.70907346951918,0.0070840393857144425,0.000610960614285558
-221.07,-685.22,-220.97621383673948,-684.9329836470121,79.53041846743687,78.41021946330335,1.120199004133525,0.01418506368987508,0.0023251525207112537,0.005369847479288746,79.53054763555826,78.4103984579299,0.002325049097816172,0.005369950902183829
-221.02,426.08,-220.7109040982215,426.00210688499806,30.664429355650654,32.23409609679786,-1.5696667411472092,0.04991108233002639,0.005244713778177009,0.0024502862218229917,30.66448243822585,32.23415430117004,0.005244730891592534,0.0024502691084074667
-220.32,653.88,-220.50707664299844,653.7864945352894,71.91065058410854,73.1951605564688,-1.2845099723602686,0.01770445941845631,0.002799167430673124,0.004895832569326877,71.91076505224363,73.19528609120367,0.0027991915466911432,0.004895808453308857
-220.24,259.02,-220.41970483809496,259.1838200309803,4.8063358608427045,6.187354531875393,-1.3810186710326882,0.25123841434491095,0.007594358941162362,0.00010064105883763816,4.806348030402948,6.187370260581638,0.007594378513259996,0.0001006214867400046
-219.86,-404.06,-220.1763047687333,-404.32533213027074,28.41981447592478,27.046480427271494,1.3733340486532875,0.04951958846539607,0.004846458849754769,0.0028485411502452316,28.419847773183594,27.046518707290584,0.004846441265728023,0.0028485587342719776
-219.49,-622.43,-219.77015702261463,-621.9824024307671,67.5182850739624,66.30491554546073,1.2133695285016728,0.018133918825515884,0.0027886636837292367,0.004906336316270764,67.51839359310013,66.3050219390667,0.002788668568797686,0.004906331431202315
-218.56,381.88,-218.80891320990827,382.17629279279384,23.522381990885798,25.060166154667833,-1.5377841637820353,0.06330603158874351,0.005777188053066423,0.0019178119469335777,23.52241720258301,25.06020655935459,0.00577720756222633,0.0019177924377736704
-218.24,-141.33,-218.44317573724038,-141.2984400820363,-8.78120716564506,-9.634060331769472,0.8528531661244116,0.09262457536868803,0.008680570922708642,-0.000985570922708642,-8.781205071375089,-9.634046199869726,0.008680448400446721,-0.0009854484004467208
-218.24,141.33,-218.1797962060135,141.42358077269355,-9.177917333454502,-8.278243956437196,-0.8996733770173062,0.10307803211445786,0.009160061318075589,-0.0014650613180755886,-9.177914206666102,-8.278238151331923,0.009160088587468475,-0.0014650885874684747
-217.56,159.9,-217.2916611109936,159.8966985788101,-7.25292481096438,-6.261068633238667,-0.9918561777257136,0.14678950109320638,0.008968421652548412,-0.0012734216525484114,-7.252923229355966,-6.26106222404343,0.008968465303871218,-0.0012734653038712178
-217.42,461.33,-217.61958688660056,461.6607492970705,36.93323789651061,38.46015159871946,-1.5269137022088515,0.04050524090856679,0.004774670776378991,0.00292032922362101,36.93328908871958,38.46021994916472,0.004774724430314529,0.0029202755696854715
-217.31,-234.9,-217.1854081871428,-234.8663210666676,2.5381663976691407,1.353429391477679,1.1847370061914617,0.6088695077199677,0.007296598312516388,0.0003984016874836122,2.538177613443551,1.3534109687915432,0.007296780850868847,0.0003982191491311536
-217.12,-248.51,-217.22378792121086,-248.49414267865077,4.41265574136834,3.1815758190921493,1.2310799222761908,0.32421448107688255,0.007164940400935171,0.0005300595990648293,4.412668514461426,3.181583056910352,0.007164972616483429,0.0005300273835165716
-217.12,248.51,-217.05029453860712,248.74888991150814,3.578381852000728,4.925831507741059,-1.3474496557403306,0.31688989886331903,0.007840448195932357,-0.00014544819593235656,3.578396318798145,4.925846058539893,0.007840448684714077,-0.00014544868471407651
-215.92,-428.7,-215.9375229436126,-428.51070972186653,32.752108659566886,31.405643838308272,1.346464821258614,0.0419735657449412,0.0045714617257750344,0.003123538274224966,32.752152874590486,31.405725057102206,0.004571336092102976,0.0031236639078970245
-215.18,581.46,-214.93093287648,581.3957626290494,58.573267406223295,59.95870870664769,-1.3854413004243966,0.023376667560239154,0.003483110213711201,0.0042118897862888,58.57331531177286,59.958819970166395,0.003483269500711929,0.004211730499288071
-214.76,209.47,-214.94241267377637,209.60576542434748,-1.3868107292879976,-0.15472454460035223,-1.2320861846876454,1.5985183155489477,0.008591433185006266,-0.0008964331850062658,-1.3868027061686163,-0.15471304894541404,0.008591457399267892,-0.0008964573992678911
-214.3,-517.37,-214.40752591945304,-517.0815452295911,48.393802197902986,47.015848166907745,1.377954030995241,0.028885003261755207,0.0039046808173257837,0.003790319182674217,48.393872894626554,47.01593373208388,0.0039046386848886954,0.003790361315111305
-214.3,517.37,-213.69204774594414,517.1344400165104,46.92500945415408,48.38201736161778,-1.457007907463698,0.030575036409017126,0.0041420940801626255,0.003552905919837375,46.92509224306258,48.38208399737761,0.004142048158749904,0.003552951841250097
-214.18,395.76,-214.18117860090652,396.01290879751673,26.055592199010277,27.598562971398557,-1.54297077238828,0.0575154251329729,0.005715009087996575,0.001979990912003425,26.055634328682807,27.59860873271007,0.005715022539223366,0.0019799774607766347
-213.88,539.12,-213.57769378520538,539.073433879751,50.88850461154841,52.32577660398355,-1.4372719924351358,0.027850254354507893,0.003921796123323715,0.0037732038766762855,50.888565459277544,52.32585550537842,0.003921845385256521,0.003773154614743479
-212.72,-474.5,-212.74286774495044,-474.6203624772579,40.920870644571764,39.531360223548816,1.3895104210229476,0.03454249574012857,0.004323249551426328,0.0033717504485736727,40.92093160323161,39.53141773808625,0.004323260267287434,0.0033717397327125663
-212.72,474.5,-211.9684248423541,474.01035005624004,39.40595987879591,40.89135108623521,-1.4853912074392994,0.036997283958517015,0.004644422542986019,0.003050577457013982,39.406018411689,40.89142906230282,0.0046444833366123765,0.003050516663387624
-212.54,-265.38,-212.7180194708617,-265.50655400097986,7.0964933257506,5.835894263133262,1.260599062617338,0.19495225517380813,0.007012087482141132,0.0006829125178588686,7.09650853375997,5.835915478746095,0.007012054064822102,0.0006829459351778986
-212.11,-430.59,-211.98172759806098,-430.26629139020423,33.27678717684583,31.945464039909744,1.331323136936085,0.04082420070143388,0.004585615132420234,0.0031093848675797665,33.27682931529336,31.945544385326333,0.004585483532171877,0.003109516467828123
-211.81,-452.92,-211.54245887134536,-452.71949436580053,37.16204221451275,35.77401386885303,1.3880283456597198,0.0380615136105853,0.004553249660728078,0.0031417503392719226,37.162091769737074,35.7740887870295,0.004553166460803807,0.003141833539196193
-211.81,452.92,-212.15235583037443,453.240488020479,35.79752369276241,37.31724811862236,-1.5197244258599483,0.04157092713851048,0.004965216148936367,0.002729783851063633,35.79758883768201,37.317288271897745,0.004965134496688559,0.0027298655033114417
-211.61,-183.36,-211.56070613111137,-183.34369065445807,-3.7103526584337576,-4.7198408306065325,1.0094881721727749,0.23949347627315182,0.008176174094826849,-0.00048117409482684864,-3.710345584632716,-4.719827669427861,0.008176124791169161,-0.0004811247911691609
-211.61,183.36,-211.7530324635214,183.47759600665754,-4.316217219137325,-3.202561574425321,-1.1136556447120043,0.29623311851267203,0.009005091203357898,-0.0013100912033578976,-4.31621294659263,-3.2025533766510357,0.00900512294301694,-0.0013101229430169392
-211.05,408.73,-211.31077648812052,408.652325116268,28.315369179033887,29.853095532954367,-1.5377263539204797,0.05287147809502222,0.005594397356249692,0.0021006026437503083,28.31542081480939,29.853150187683713,0.005594408339496069,0.0021005916605039317
-209.9,241.54,-209.9537276377454,241.70934715388685,3.066299708154286,4.378313064303963,-1.3120133561496772,0.3524732303078387,0.008122151644485173,-0.00042715164448517244,3.0663129513834804,4.378326796564867,0.00812215467188553,-0.0004271546718855289
-209.88,-386.72,-209.81662213731715,-386.618460608118,26.072572337796558,24.717023203527837,1.3555491342687205,0.05337900882340332,0.005249798789518166,0.0024452012104818344,26.072614629417146,24.717066141340908,0.005249796286930523,0.0024452037130694776
-208.95,1242.55,-208.93517494746985,1242.4886543594425,195.43369554692538,195.88272781286594,-0.4490322659405592,0.00229498298121621,0.0005434047482523562,0.007151595251747645,195.43403262999928,195.8831529850883,0.0005435113509737356,0.007151488649026265
-208.67,1212.17,-209.00494976060327,1212.9017585042634,188.83159263125054,189.31310243801434,-0.4815098067637962,0.002546696082437956,0.0005967230477053213,0.0070982769522946795,188.83217213470775,189.313590718233,0.0005966099970298013,0.007098390002970199
-208.61,1120.75,-208.55116619577117,1121.3937189629776,168.7074981002923,169.30057043745228,-0.5930723371599811,0.0035092200001359086,0.0007966852898082916,0.006898314710191708,168.70781798533042,169.3009858889561,0.0007968136660495063,0.006898186333950495
-208.57,-341.32,-208.48577007828553,-341.2782511423699,18.818306378258256,17.456243700873117,1.3620626773851399,0.07509742640026457,0.006013979380268132,0.0016810206197318683,18.818337025584857,17.456256526430707,0.0060140580695627775,0.001680941930437223
-208.57,341.32,-208.81731124046692,341.4494813402296,17.653328298420227,19.105174986122268,-1.4518466877020408,0.07899378690495074,0.00639701949150839,0.0012979805084916106,17.653356162201852,19.105205117346458,0.006397029482146109,0.0012979705178538916
-208.52,-1029.09,-209.73239490542406,-1029.1170200784284,150.23993006471702,149.66498223961128,0.5749478251057383,0.003834200785096247,0.0008368507916347006,0.0068581492083653,150.2401752516477,149.6652505118227,0.0008368171904371467,0.006858182809562853
-208.52,1029.09,-209.35783944726106,1028.8150517956171,148.66379586673085,149.43184691099344,-0.7680510442625916,0.005153051128863972,0.0011202460452883819,0.006574753954711619,148.66412603195835,149.432172762625,0.001120239753663832,0.006574760246336168
-208.42,-171.65,-208.53765532535067,-171.63596964400583,-4.897017203700084,-5.85235627159334,0.9553390678932558,0.17774786039186866,0.008385222998120608,-0.0006902229981206078,-4.8970116030733095,-5.852349949542257,0.008385216666019359,-0.0006902166660193582
-208.38,-1181.77,-208.49636120581235,-1181.9443425823333,183.39780685702127,183.1098713019735,0.2879355550477669,0.0015712388700509436,0.00036707065153484923,0.007327929348465151,183.39824183234418,183.1103447271147,0.00036702163431693766,0.007327978365683063
-208.38,1181.77,-209.70624117016646,1181.375677513565,181.81623106794305,182.31636389922127,-0.5001328312782221,0.002746981941143289,0.0006342140462652838,0.007060785953734716,181.8164732353444,182.31682432673742,0.0006344908199979477,0.007060509180002053
-208.29,-1090.28,-208.4763484052411,-1090.4253266669325,163.4439507703177,163.0123516870183,0.4315990832994032,0.0026441461233900243,0.0005964549741467593,0.007098545025853241,163.44427852989742,163.01270484015046,0.0005964198811374014,0.007098580118862599
-208.16,-998.53,-209.67056629374838,-998.7544212581194,143.79917795708727,143.15002300819327,0.6491549488939938,0.00452452870898594,0.000973872409205083,0.006721127590794918,143.79941741067196,143.15024040764214,0.0009739054951646469,0.006721094504835354
-208.16,998.53,-208.41783055272253,998.183891649984,142.19858984864618,142.94489322314516,-0.7463033744989787,0.005234581316460105,0.0011269894485619316,0.006568010551438069,142.19892390452958,142.94495940326888,0.0011265849305535781,0.006568415069446422
-208.07,-1151.35,-208.97388007923556,-1151.6174851582166,176.71690614548035,176.39796691117553,0.3189392343048212,0.0018064333090475554,0.00041634903584446677,0.007278650964155533,176.7172383046223,176.3983637768799,0.00041626456672940864,0.007278735433270592
-208.07,1151.35,-208.27332263218432,1152.1904152896316,175.46522995966998,175.9905510539304,-0.5253210942604198,0.0029894007874640216,0.0006877281628473553,0.007007271837152645,175.4656449204066,175.99086800811472,0.0006875998568134048,0.007007400143186596
-207.99,-906.44,-209.84776304677052,-907.0743363683054,124.64852198674065,123.85772811338458,0.7907938733560655,0.006364378143708242,0.0013051665804556124,0.006389833419544388,124.64873619307738,123.85790156218052,0.001305233848781719,0.006389766151218282
-207.95,1059.79,-207.86308685520862,1060.1063150414075,155.44974723791924,156.1658247711062,-0.7160775331869615,0.004595903398346354,0.0010208998186222995,0.006674100181377701,155.4500151524184,156.166185199116,0.0010210317135943756,0.006673968286405625
-207.78,-967.95,-207.21005595040313,-967.3541125976477,137.3054014502262,136.6265404964854,0.6788609537408092,0.0049564205540722885,0.0010639822731166346,0.0066310177268833655,137.30567385998378,136.62683868083795,0.0010639418764610338,0.006631058123538967
-207.78,967.95,-207.13903725295447,967.8971800647636,135.8644164328928,136.66789311077733,-0.8034766778845324,0.005896377418368332,0.0012590180892398306,0.00643598191076017,135.86464603028466,136.66820546876272,0.0012591477720137014,0.006435852227986299
-207.74,-813.91,-209.21917572453128,-814.469117505069,105.77068767740144,104.82072269100412,0.949964986397319,0.009021877812921847,0.0017513839391044882,0.005943616060895512,105.77085981877799,104.82090979297456,0.0017513563573049178,0.005943643642695083
-207.74,813.91,-207.43901375082632,814.1195009980538,104.15651921821271,105.23085160821843,-1.074332390005722,0.010261673240037723,0.001998526657309887,0.005696473342690113,104.15669324655909,105.23105701777857,0.0019985850342077813,0.005696414965792219
-207.55,875.74,-207.54539279503481,876.4381085571094,116.835242423657,117.79010340309762,-0.9548609794406246,0.008139452931446597,0.0016491329491143557,0.0060458670508856446,116.83555164662218,117.7903247265917,0.0016489811386234915,0.0060460188613765085
-207.38,-937.33,-207.40489276442986,-937.0203810133207,130.96984679445842,130.22507501279708,0.744771781661342,0.005702804453533244,0.0012039405759229575,0.006491059424077043,130.9700620891218,130.2253197532461,0.001203892976138681,0.0064911070238613195
-207.38,937.33,-208.32570378889113,937.124112603945,129.3485537632769,130.24388390023512,-0.8953301369582221,0.006897967791486775,0.0014407648533442561,0.006254235146655744,129.34878047147873,130.24409242932262,0.0014407355995216522,0.006254264400478348
-207.23,-783.04,-208.72285826813027,-783.6072429886532,99.59402465653477,98.59313160658827,1.000893049946498,0.01010048349064218,0.0019225121417445771,0.005772487858255423,99.5942085951402,98.5932933674641,0.001922554740656063,0.005772445259343937
-207.23,783.04,-208.37005339650145,783.1533370773059,97.89212536337843,98.95324473292442,-1.0611193695459917,0.010781247931072591,0.0020428289743019364,0.0056521710256980644,97.89225000761074,98.953421896084,0.0020429300818581545,0.005652069918141846
-207.09,-844.99,-208.77025036996164,-845.6227049754781,112.10407377165387,111.1882360706689,0.9158377009849659,0.008203038444375286,0.0016297580802389104,0.00606524191976109,112.10423246456881,111.18846585156925,0.0016296315772368003,0.0060653684227632
-206.96,-318.69,-206.95807423797973,-318.62219607534047,15.3704759261991,14.034786366551717,1.335689559647383,0.09084697469110256,0.0063635139840055,0.0013314860159945006,15.370496499208718,14.034819985244344,0.006363451831549746,0.0013315481684502547
-206.96,318.69,-206.65607040150405,318.6662582625984,14.294711836709396,15.713181392006454,-1.418469555297058,0.09453976288743011,0.006766835884761303,0.0009281641152386975,14.294737422963466,15.713198221561385,0.006766794110762171,0.0009282058892378297
-206.78,-157.62,-206.71693224895185,-157.69919717871431,-6.345725076058105,-7.245683547819311,0.8999584717612059,0.1324304929189101,0.008672949318671502,-0.0009779493186715012,-6.3457210623050155,-7.2456780255262085,0.00867293478078838,-0.0009779347807883799
-206.78,157.62,-206.76015502957162,157.69899466836128,-6.833766510443414,-5.890116857169186,-0.9436496532742282,0.14832730323136975,0.009092114232450422,-0.0013971142324504214,-6.833763661534997,-5.890111641014151,0.009092137040996569,-0.0013971370409965687
-206.76,689.67,-206.70019847573533,690.2398507084432,79.6871492302866,80.85693789062871,-1.169788660342121,0.01457280278981665,0.0025758250158799943,0.005119174984120007,79.68729584786173,80.85710113776128,0.0025758616334601286,0.005119138366539872
-206.69,-752.12,-206.50185891819166,-751.7091912397229,93.35806124833744,92.3312306290839,1.0268306192535306,0.011059664333594099,0.0020781402656251677,0.005616859734374833,93.35822777787952,92.33139976097745,0.0020781349988837515,0.005616865001116249
-206.69,752.12,-205.8214307669739,751.5554721971374,91.74813910462765,92.82086622326912,-1.0727271186414669,0.01162413067931649,0.0021786501595547386,0.005516349840445262,91.74829490531434,92.8210040725307,0.0021786137011912884,0.005516386298808712
-206.1,-658.5,-206.33889480470225,-658.0272721197324,75.09556009103822,73.95195748807863,1.1436026029595894,0.015345476684676031,0.002646061990608478,0.0050489380093915225,75.09567249367267,73.95207830005371,0.0026460425331181147,0.005048957466881885
-206.09,-721.13,-206.3024338310122,-720.6964328615368,87.25604054072936,86.19636834032153,1.0596722004078316,0.012218593068194597,0.0022390546293356494,0.005455945370664351,87.25614392458588,86.196566317944,0.0022388547556299156,0.005456145244370085
-206.09,721.13,-206.8745026878677,721.1836637061598,85.70601597829052,86.81574659366085,-1.1097306153703244,0.012864818893877271,0.0023367625975072733,0.005358237402492727,85.70609179447364,86.81591314480278,0.0023369536583423213,0.00535804634165768
-206.05,-595.35,-205.66172754889635,-594.8917868514525,63.16284314663173,61.929820707832825,1.2330224387989048,0.0197137450079955,0.003166134792026278,0.004528865207973722,63.162931970593974,61.92989361665362,0.003166175658665414,0.004528824341334586
-206.05,595.35,-206.49471966726398,595.3968671234702,61.648061522332895,62.99792077929071,-1.3498592569578136,0.021659089720058,0.003449235649086343,0.0042457643509136575,61.648153504190766,62.998030934357246,0.003449282086282566,0.004245717913717435
-205.78,-584.85,-206.10195491701225,-584.5440903534522,61.20712263653141,59.97840308290129,1.2287195536301212,0.020278321958594928,0.0032040793052932914,0.0044909206947067095,61.20720281699356,59.978486364217176,0.0032040712193299285,0.004490928780670072
-205.37,627.23,-205.4843456215044,627.5577793700303,67.74518208036494,69.03566428136331,-1.290482200998369,0.01886934077868742,0.003143905129815345,0.0045510948701846556,67.74528742910711,69.03577899954911,0.0031439279558890983,0.004551072044110902
-205.21,-563.82,-205.2358074223489,-563.4622675789984,57.348324323949186,56.060196351535694,1.2881279724134913,0.022716599506653144,0.0034993784339633197,0.004195621566036681,57.34841239893461,56.06031715215613,0.0034992895302333794,0.0041957104697666215
-205.21,563.82,-205.40679700251454,563.8953809127352,55.88360668625428,57.26500288886314,-1.3813962026088547,0.024417378309748817,0.00374675057721531,0.00394824942278469,55.88369079893428,57.26509415754613,0.0037467699863886496,0.00394823001361135
-204.66,271.5,-204.60634140405966,271.6090534069002,7.531521497896419,8.870663789573499,-1.3391422916770797,0.16328827753215144,0.007570303075791664,0.00012469692420833626,7.5315412963624055,8.870683600422016,0.0075703031457913265,0.00012469685420867394
-204.6,-542.72,-204.41434234051204,-542.2604445493132,53.5056701852527,52.195254822670435,1.3104153625822619,0.024794775684016685,0.0037139799839034935,0.003981020016096507,53.50575223707219,52.195351784068315,0.0037139377271677375,0.0039810622728322625
-204.27,-532.14,-204.71641125302276,-531.7947452475377,51.58500019516971,50.24826349875631,1.3367366964134035,0.026253439159745498,0.0038574387773757674,0.003837561222624233,51.585075128274106,50.24832673380025,0.0038574725346236525,0.003837527465376348
-204.27,532.14,-204.5815017517222,532.5424299398508,50.2306628720759,51.64303623050541,-1.4123733584295124,0.02772792920785823,0.004072666156863204,0.0036223338431367966,50.23075380149886,51.64311572583303,0.004072633185940286,0.0036223668140597147
-204.05,-219.92,-203.97234518073503,-219.9105879631169,1.3537212750678531,0.2520285028320828,1.1016927722357703,1.3721848664075276,0.007716012880754026,-2.1012880754025208e-05,1.3537316035362927,0.2520154123452869,0.0077161769019446925,-2.117690194469203e-05
-203.78,-467.52,-203.78194856599444,-467.2187985096311,40.12458145574876,38.769664515652266,1.3549169400964942,0.034347674495492315,0.004470710276746794,0.0032242897232532064,40.12463036054681,38.769744561268,0.004470607523899354,0.0032243924761006463
-203.21,-500.31,-203.58704917307503,-500.6188863905241,46.03853600943455,44.694751808725115,1.343784200709436,0.029620533610609148,0.004142113794021796,0.003552886205978205,46.03859993005527,44.69485731904006,0.0041419855969154025,0.003553014403084598
-203.21,500.31,-203.3439003370764,499.92092012113835,44.48037187095282,45.900528500785896,-1.4201566298330732,0.031426034128713844,0.0043888795067830695,0.003306120493216931,44.48040679548343,45.90059169989172,0.004388966887076986,0.0033060331129230146
-203.11,434.91,-203.37819702372857,435.189942602294,33.262049012633966,34.74768829691297,-1.485639284279003,0.04368901698640894,0.005273269951007741,0.0024217300489922594,33.262083142404364,34.747749505496444,0.005273366067132843,0.002421633932867157
-202.48,435.2,-202.745318144008,435.2615348798584,33.31410323967893,34.79577363514424,-1.481670395465315,0.04350823884730923,0.005274731442789246,0.0024202685572107547,33.314168589260674,34.79583611529145,0.005274721227631656,0.0024202787723683443
-202.28,-247.95,-202.2472801750528,-247.98329337819416,5.2631470778653835,4.079701933866783,1.1834451439986005,0.2533371014585602,0.007412981073818067,0.00028201892618193343,5.263155914178846,4.079708290654057,0.007412996605320136,0.0002820033946798646
-202.15,-413.2,-201.78532733509337,-413.0169918231766,30.942617442015347,29.64322951336899,1.2993879286463574,0.04289410791280122,0.004898140040184702,0.002796859959815298,30.942663654792717,29.64328436494149,0.004898107475599953,0.0027968925244000473
-201.28,-368.63,-201.43746619333453,-368.5851069139889,23.617488570977734,22.28026348620657,1.3372250847711626,0.058269741973641986,0.0056581747262779815,0.002036825273722019,23.617519582336037,22.280294107399595,0.005658176377176809,0.0020368236228231916
-201.28,368.63,-201.13928398003398,368.5683945607395,22.421486104083318,23.852572877212666,-1.4310867731293477,0.06185265803926102,0.006064581681353211,0.0016304183186467893,22.421521569758717,23.852622065571087,0.0060646398345928585,0.001630360165407142
-201.08,391.36,-200.62668121913143,391.09436495997574,26.097638382217603,27.557466928022002,-1.459828545804399,0.05441527091834087,0.0058449591032986225,0.001850040896701378,26.09767987691727,27.55750739842427,0.005844955002148242,0.0018500449978517582
-200.97,-402.63,-201.23507087843188,-402.4994841140392,29.212587559169474,27.903351146308346,1.3092364128611287,0.04584487071506587,0.005078073109139482,0.0026169268908605185,29.2126292988714,27.90338786198755,0.005078092595577853,0.0026169074044221476
-200.92,-131.27,-200.9360424849548,-131.33461128273566,-8.700066181723912,-9.47815667948095,0.778090497757038,0.08560688288376125,0.009262814075026984,-0.0015678140750269836,-8.700063980280198,-9.478142891666199,0.009262676144540703,-0.0015676761445407028
-200.92,131.27,-200.83750463348778,131.31273139509042,-9.061862835251214,-8.268035709259015,-0.7938271259921983,0.09161359184571419,0.009456363458269855,-0.0017613634582698545,-9.061861504047938,-8.268033014328562,0.00945637970349432,-0.0017613797034943188
-200.06,132.57,-199.930690985488,132.62059276601752,-8.883124290215807,-8.086340537106988,-0.7967837531088193,0.09390794125998665,0.009440606828032517,-0.001745606828032516,-8.883121495994038,-8.08633660188702,0.009440620347027284,-0.0017456203470272835
-199.3,-335.23,-199.3260629472417,-335.0805543178545,18.396577082025374,17.071497523391983,1.3250795586333908,0.07471956532035712,0.0062327328606054735,0.001462267139394527,18.39660079559243,17.071509858917278,0.006232786379123903,0.0014622136208760975
-199.3,335.23,-199.51289494410034,335.2242065289189,17.285650593530814,18.678436195303803,-1.3927856017729887,0.07745424539490277,0.00654225999585494,0.0011527400041450604,17.285676001565562,18.67847396635772,0.006542318068027456,0.0011526819319725443
-198.65,182.87,-198.7709799771933,183.102470929536,-3.524966492573105,-2.4725854222245776,-1.0523810703485275,0.350936877345572,0.00908397052531193,-0.0013889705253119292,-3.524960205630798,-2.472578516771854,0.009083975864186364,-0.0013889758641863637
-197.99,-197.99,-198.07671214081415,-197.97321885714044,-1.087687735057136,-2.1028398190412396,1.0151520839841037,0.6363537482571466,0.00813281924915228,-0.0004378192491522794,-1.087679923680719,-2.102824103182847,0.008132755922953006,-0.00043775592295300543
-197.99,197.99,-198.0698875843169,198.23462541150957,-1.696592629435962,-0.5827003379199134,-1.1138922915160485,0.9774015955555151,0.008912408858170252,-0.0012174088581702516,-1.6965848494900904,-0.5826918545886137,0.00891241448605597,-0.0012174144860559698
-196.9,-301.38,-197.290869788911,-301.39254717529735,13.333690499792265,12.059732909003287,1.273957590788978,0.10033760082523695,0.006730779249980683,0.0009642207500193175,13.333711041922752,12.059759334345724,0.006730748166841652,0.000964251833158348
-196.9,301.38,-197.05109096744286,301.4601332794164,12.341850117656813,13.678300083780847,-1.336449966124034,0.10272423147274476,0.007067956151262582,0.0006270438487374188,12.341871944959475,13.67832388500602,0.0070679665905593,0.0006270334094407
-196.6,-277.39,-196.54939302447528,-277.31844920687826,9.805518292485464,8.576296390173209,1.229221902312256,0.13374325914316815,0.00708483422312012,0.0006101657768798801,9.805532128730219,8.576313765034563,0.007084813827687903,0.0006101861723120973
-196.33,588.09,-196.43691801589785,587.8982747034657,60.83387095282537,62.15604473478176,-1.322173781956387,0.02150052343014353,0.0035967737203304122,0.004098226279669588,60.833949435814645,62.156136720268634,0.0035968104518321223,0.004098189548167878
-195.7,-524.69,-196.39320558778422,-524.9625765730925,50.81418217964075,49.503364665874514,1.3108175137662386,0.02613336460040917,0.003994268952310041,0.0037007310476899593,50.81426380946763,49.50342354187637,0.00399433828682524,0.0037006617131747606
-195.7,524.69,-195.90540839396644,524.584771736807,49.319689469702126,50.696968205560154,-1.3772787358580274,0.027540987028977233,0.004210266727783504,0.003484733272216496,49.31980445983132,50.69704999388544,0.004210165231661745,0.003484834768338255
-195.25,546.15,-195.72430250661264,546.1591665521809,53.21796452206551,54.57970869764435,-1.361744175578842,0.02526481574056571,0.004002039934272055,0.003692960065727945,53.21806708749355,54.57980172196462,0.004002011893840521,0.003692988106159479
-194.47,254.13,-194.3209356949062,254.0910497969863,5.766808698712076,7.019746770017409,-1.2529380713053335,0.19597741930881868,0.007972059251006476,-0.00027705925100647566,5.766818635408381,7.019761992815832,0.00797209288484701,-0.0002770928848470095
-194.38,-482.3,-194.52531341241942,-482.14184163825286,43.27666821523597,41.96318297385627,1.313485241379702,0.030818571901678377,0.004399710732330341,0.0032952892676696597,43.27672015230703,41.963242599672625,0.0043996849777545415,0.003295315022245459
-194.38,482.3,-194.73516303046173,482.33503283216487,41.916124625336444,43.30828215652264,-1.392157531186193,0.03267039534225373,0.004656344120220188,0.0030386558797798127,41.916191743410984,43.30832981266766,0.0046562790259768614,0.003038720974023139
-194.1,-172.98,-193.94760195431422,-173.01054481912092,-3.8284458653310534,-4.742961276492672,0.9145154111616183,0.21338746276542833,0.008562171317893769,-0.0008671713178937685,-3.8284405013963383,-4.742951790566426,0.0085621327256544,-0.000867132725654399
-194.1,172.98,-193.7487884700322,173.01528924583215,-4.337912725428069,-3.360747220801871,-0.977165504626198,0.2538534008388614,0.009157870994470638,-0.0014628709944706376,-4.3379075889428975,-3.360740234024176,0.009157888335177153,-0.0014628883351771524
-194.02,-439.04,-193.83918419539302,-438.8591099872786,35.79496113358153,34.52207374259412,1.2728873909874139,0.03620423964772966,0.004700815063668927,0.002994184936331074,35.79500426610968,34.52214257104065,0.004700720167795896,0.002994279832204104
-193.97,-266.98,-193.80422898840638,-266.90882690372734,8.469009248419319,7.275333507588279,1.1936757408310399,0.15163233668494253,0.0072495333887648465,0.0004454666112351539,8.469027496894373,7.275352707539639,0.007249527610177738,0.0004454723898222627
-193.97,266.98,-194.12108649286128,267.06671870224784,7.577257942397024,8.856557617015463,-1.2792996746184393,0.15569113210422017,0.007752284067367761,-5.7284067367760136e-05,7.577276826635792,8.856576572183533,0.0077522844971842485,-5.728449718424809e-05
-193.86,-1123.4,-194.44343073758455,-1123.3544548699676,171.1991860865916,170.83738749098185,0.36179859560974137,0.0021155550228179674,0.0005203633038227904,0.00717463669617721,171.19951562918274,170.83782677895863,0.0005202054605582279,0.0071747945394417725
-193.64,-460.98,-193.43969232434264,-460.65880364439903,39.57991597224276,38.26628826780739,1.313627704435369,0.033749306527126384,0.0046312391058073,0.0030637608941927004,39.57997682607035,38.26637976832545,0.0046311310598587535,0.003063868940141247
-193.64,460.98,-193.17187311408588,460.7315639606554,38.262077251208055,39.67178020037449,-1.4097029491664372,0.03617690680952714,0.004976060178623563,0.0027189398213764374,38.26212905152675,39.67184406688472,0.004976102770642837,0.002718897229357163
-193.59,1265.28,-192.83042189325533,1265.4728883766124,201.38941798629975,201.79066986026874,-0.4012518739689881,0.0019904349746641546,0.0005165811440189782,0.007178418855981022,201.3899637713596,201.79121818216825,0.0005165844100063186,0.007178415589993682
-193.57,1092.99,-193.20465370145845,1093.4376264947484,163.40632731620926,164.02309987123508,-0.6167725550258183,0.0037673617812777286,0.0009171984573945491,0.006777801542605451,163.40680926267237,164.02350428049263,0.0009170831523201795,0.006777916847679821
-193.36,909.68,-194.4874911421823,909.8460836526382,124.41659973536281,125.30283762537147,-0.8862378900086583,0.007097868707179858,0.001573405204678246,0.006121594795321754,124.41686638803654,125.3030958448962,0.0015733902326705439,0.006121609767329457
-193.26,-1062.57,-194.09677909249635,-1062.9072999029202,158.1705529173289,157.69914843247008,0.471404484858823,0.002984803435368322,0.000717843652234152,0.006977156347765848,158.1708385881993,157.6994712915386,0.0007177870229214989,0.0069772129770785014
-193.15,417.48,-193.17422279316756,417.651848562414,30.95755056601866,32.3907359722053,-1.433185406186638,0.04524780335840222,0.005580699889543818,0.0021143001104561828,30.95758820348334,32.3907940825979,0.005580779609352643,0.0021142203906473573
-192.97,-879.07,-192.93729026968717,-878.4251284107291,119.5744746527355,118.72460715927261,0.8498674934628951,0.007132780260843368,0.001575361274377149,0.006119638725622852,119.57468697981082,118.7248209324804,0.0015753585937462124,0.006119641406253788
-192.84,229.81,-192.6861999365534,229.80438202098296,2.626067830076458,3.813328534288779,-1.1872607042123207,0.3687490680904389,0.008423392716080875,-0.0007283927160808747,2.626080899503309,3.8133429559510432,0.008423402309938308,-0.0007284023099383072
-192.55,848.42,-192.09706679153157,848.4587322008629,111.955231857711,112.91292835053991,-0.9576964928289158,0.008517848786969137,0.001845977114184348,0.005849022885815652,111.9554203106307,112.91317155116037,0.0018460826413564857,0.0058489173586435145
-192.37,-693.83,-192.67692218342157,-693.6705942960997,82.70170930969944,81.6399217462623,1.0617875634371359,0.012921711396129142,0.0024957697819327227,0.005199230218067278,82.70184009439726,81.64010376089445,0.002495649364133127,0.005199350635866873
-192.19,-395.81,-192.22981501938725,-395.63585053881434,28.609413391864493,27.32522156764073,1.284191824223761,0.04591759024273502,0.0053047312573893035,0.002390268742610697,28.60945522357507,27.32525644250518,0.005304759994684164,0.0023902400053158364
-191.79,662.81,-191.05591588531095,662.5180701532537,75.23387460699591,76.40031114637104,-1.1664365393751268,0.015384875561930819,0.0028950280135469474,0.004799971986453053,75.23399218025452,76.4004889168114,0.002895177419469712,0.004799822580530288
-191.52,-144.63,-191.63959010865247,-144.72112656317617,-6.78403532596125,-7.584540991339738,0.8005056653784877,0.11142449296310739,0.009067699403160604,-0.0013726994031606037,-6.784031807981931,-7.58453602165363,0.009067682959003679,-0.0013726829590036786
-191.3,-351.29,-191.34832976784608,-351.0997845834898,21.41920287279782,20.112572580397416,1.3066302924004027,0.06292195689408589,0.006110086470247694,0.0015849135297523066,21.419226036680307,20.112586876102046,0.006110127939769608,0.001584872060230392
-191.3,351.29,-191.59449125395713,351.5583676169951,20.337663104049277,21.707303199707297,-1.3696400956580206,0.0651512043445566,0.006388161347751011,0.0013068386522489895,20.33769157679864,21.70734239836433,0.006388211374636907,0.0013067886253630935
-191.14,-631.72,-191.5629995777738,-631.6405682485225,70.85641183808359,69.71562568026837,1.1407861578152136,0.016230627057195236,0.002961914181886562,0.004733085818113438,70.85652350127802,69.71572019023742,0.002961958718175145,0.0047330412818248555
-190.0,-329.09,-190.51619883480666,-329.330303947738,18.040098604647476,16.756036599440893,1.2840620052065823,0.07380486353873641,0.006429426936535209,0.0012655730634647915,18.040125090797638,16.75605259615164,0.006429479458207877,0.0012655205417921233
-190.0,329.09,-190.38297895413834,329.24343931180255,16.958195481278928,18.302690707605308,-1.34449522632638,0.07625986591058641,0.006738510191427641,0.0009564898085723597,16.958219000485503,18.30271917545483,0.0067385349936584515,0.0009564650063415489
-189.97,473.3,-189.9614695389505,473.33878240555805,40.64715425485046,42.02237520574013,-1.3752209508896698,0.033270322448012764,0.004804904306888934,0.0028900956931110664,40.64721849263493,42.02245418466767,0.004804955811181251,0.0028900441888187493
-189.39,-147.41,-189.34847183299362,-147.43023909065516,-6.356133657415256,-7.1622274954597955,0.8060938380445393,0.11925910677021692,0.009071666997033625,-0.0013766669970336244,-6.356131290307072,-7.162224603119531,0.00907166108614546,-0.00137666108614546
-189.39,147.41,-189.30470174596792,147.4690413755775,-6.754406290633778,-5.929927211187563,-0.8244790794462151,0.1299995903336708,0.00927827531337764,-0.0015832753133776401,-6.754405801875835,-5.929923286898232,0.00927831397513009,-0.001583313975130089
-188.85,-441.29,-189.4018218092136,-441.4472562795857,36.50576036077359,35.236672055170004,1.2690883056035887,0.03537901525963746,0.004768466554932986,0.0029265334450670148,36.505812705358835,35.23674214735537,0.004768399870182008,0.002926600129817993
-188.37,283.05,-188.23617443650525,283.0899357771266,10.244607122433294,11.512700835551414,-1.2680937131181196,0.11656715210971147,0.007476075940977583,0.0002189240590224177,10.244623690835594,11.512732103836544,0.007476162604478261,0.00021883739552173986
-188.27,-193.53,-188.13243443395095,-193.48545858170482,-1.0082595673057853,-1.9739358682843342,0.965676300978549,0.6476277774782793,0.008334305957036874,-0.0006393059570368731,-1.0082530814949102,-1.973916906567048,0.008334198283253208,-0.0006391982832532079
-187.55,409.05,-187.90262270756742,409.29949986010814,29.909571499078552,31.313402964830164,-1.4038314657516118,0.045859629593108985,0.00573443704631941,0.00196056295368059,29.90962539656742,31.313458548463473,0.0057344439339618225,0.001960556066038178
-186.83,-591.18,-186.80710431918274,-590.9834585549266,63.475442397727555,62.296768102137385,1.1786742955901701,0.01874300039580581,0.003354092005317021,0.00434090799468298,63.4755391887598,62.296853024603294,0.003354125779077592,0.004340874220922409
-186.48,-260.05,-186.62188635580742,-260.0533014410155,7.949488053697836,6.7958558584637245,1.1536321952341115,0.1564740981432962,0.0074677933893079985,0.00022720661069200194,7.949501447134249,6.79587950600483,0.007467727011535644,0.0002272729884643561
-185.85,-549.42,-186.32532778784852,-549.5677888376362,55.8620218427804,54.631107948517744,1.230913894262656,0.022280369767561717,0.0037764555969240807,0.003918544403075919,55.86210849202448,54.631228442929284,0.0037763517596267108,0.003918648240373289
-184.84,442.98,-185.51838565936916,443.24990602896384,35.764013322754046,37.14502470241789,-1.3810113796638461,0.03788313265598293,0.005276081812229018,0.0024189181877709827,35.76406973924975,37.1450811427677,0.005276081903362384,0.0024189180966376162
-184.06,-421.57,-184.29300861054432,-421.36242781777463,33.39923412599377,32.165768058904305,1.2334660670894664,0.03762574623610939,0.0049901363389798755,0.002704863661020125,33.39928408276152,32.16583408216377,0.004990071340042087,0.0027049286599579135
-183.36,-211.61,-183.28032974394418,-211.5715419779489,1.5902558943659422,0.5878620280491145,1.0023938663168277,0.9204220359248428,0.008121105724739477,-0.0004261057247394763,1.5902651489447948,0.5878438127382992,0.008121328277855307,-0.0004263282778553066
-183.36,211.61,-183.42804486766548,211.69470923377355,0.9423273763521358,2.0276486191216385,-1.0853212427695027,0.7308619628061142,0.008780766633518986,-0.0010857666335189857,0.9423366868271366,2.027660263517797,0.008780785516054608,-0.0010857855160546076
-183.19,400.05,-183.28340866214603,400.0594598661396,28.69110997358341,30.06292607245792,-1.3718160988745112,0.04669691449961045,0.00587757352313418,0.0018174264768658207,28.6911515510612,30.062977534174976,0.005877615872355078,0.0018173841276449224
-182.26,156.15,-182.16013759364031,156.14638203807644,-5.3790510783173175,-4.5495614377566795,-0.829489640560638,0.16709074691307169,0.009161689471860987,-0.0014666894718609862,-5.3790460665445945,-4.549555498535497,0.009161699715502824,-0.0014666997155028238
-181.14,-239.14,-181.30206489640304,-239.21795337347314,5.393743024390584,4.3175550886973415,1.076187935693243,0.22163626801711778,0.0077954550383607015,-0.00010045503836070106,5.393753779092716,4.317536769704544,0.00779566563603988,-0.0001006656360398794
-180.29,-187.34,-180.19892643915068,-187.39723243110575,-1.2311671613437145,-2.1511463124545003,0.9199791511107858,0.5439940196185794,0.008558792274629317,-0.0008637922746293162,-1.2311640493364973,-2.1511320300609853,0.008558688353778682,-0.0008636883537786813
-180.29,187.34,-180.1854515147568,187.37635070051047,-1.7779421153828867,-0.8007202393311115,-0.9772218760517752,0.7579292994798924,0.00909302854341357,-0.0013980285434135702,-1.777936165371015,-0.8007136690420218,0.009093034315079745,-0.0013980343150797447
-179.98,-288.45,-180.18773771612862,-288.37623078353033,12.476649892548117,11.288301893871399,1.1883479986767185,0.10000845020487692,0.007184702966477768,0.0005102970335222326,12.476663299144086,11.288327541935175,0.007184628955068511,0.0005103710449314899
-179.32,1247.18,-179.23323937103953,1247.5327152153336,198.08642160953045,198.4228655419955,-0.3364439324650448,0.0016970292669915336,0.0004727070459769006,0.0072222929540231,198.0869175234306,198.4229934021877,0.00047218992688437115,0.0072228100731156295
-179.09,1216.89,-178.54303026289745,1216.351579355084,191.17078719768574,191.53757262218727,-0.3667854245015292,0.0019167881499853403,0.0005305910463261235,0.0071644089536738766,191.17125589934187,191.5380622649804,0.0005306213397321513,0.007164378660267849
-179.08,1125.85,-177.86034068501533,1125.5021210970626,171.2215013287971,171.69666102802998,-0.4751596992328757,0.002771271699155108,0.0007456998123418515,0.006949300187658149,171.22186893767343,171.69711917673547,0.0007458419025353644,0.006949158097464636
-179.05,-1034.62,-179.99675115042524,-1034.7723085822292,152.83033724162033,152.28760175482884,0.5427354867914858,0.0035575455745183297,0.0009154373486358651,0.006779562651364136,152.8306532274293,152.28796336032065,0.0009153604014626934,0.006779639598537307
-179.05,1034.62,-180.26584843090794,1034.4249003560183,151.40824280326558,152.05551565860554,-0.6472728553399634,0.0042658988909958446,0.0010904979260714025,0.0066045020739285976,151.4085595345377,152.05586904461785,0.0010905596804271405,0.00660444031957286
-178.85,-1186.6,-178.2844230963918,-1185.3861932757618,185.49453114036749,185.19561191325178,0.29891922711570373,0.001612771381797794,0.00044435539645527135,0.0072506446035447295,185.49500635619367,185.19607039233273,0.00044438027629701735,0.007250619723702983
-178.85,1186.6,-179.23060243351748,1187.455906394571,184.73456349153986,185.12205569017206,-0.3874921986322022,0.0020953644116982846,0.0005719830766219045,0.007123016923378096,184.7349130463542,185.12251779254294,0.0005721492097669934,0.0071228507902330075
-178.81,-1095.5,-179.56800347314697,-1095.9077321026389,165.95169876109026,165.51139442835805,0.4403043327322109,0.0026567321779052745,0.0007029102667858867,0.0069920897332141135,165.95196317472514,165.51176727158253,0.0007027371677130665,0.006992262832286934
-178.76,-1004.21,-179.42340834438687,-1004.3996563418133,146.41549570296905,145.77318046304111,0.6423152399279388,0.004396578596789976,0.0011197277499977855,0.006575272250002215,146.41573411341452,145.7735125790346,0.0011195643960931697,0.006575435603906831
-178.76,1004.21,-177.97815616946525,1004.0157440362335,145.06924311140082,145.7031169652857,-0.6338738538848645,0.004359931966832683,0.0011144112424652207,0.00658058875753478,145.0694981670947,145.70345733919436,0.0011145612400982863,0.006580438759901714
-178.68,-912.67,-178.66209812230147,-912.0283118426441,127.19707153742385,126.44411628528849,0.7529552521353651,0.005937168632577596,0.0014517047225720305,0.00624329527742797,127.19730078308851,126.44434690272656,0.0014517020777801263,0.006243297922219874
-178.6,-1156.29,-179.14193755209558,-1156.3751611633454,179.10198360028755,178.76807644099534,0.3339071592922096,0.0018660804385462757,0.0005063835416760221,0.007188616458323979,179.10238741645082,178.76861694017862,0.0005061762564177406,0.00718882374358226
-178.6,1156.29,-180.1500657532889,1156.1677061549055,177.8022922788572,178.21292449729626,-0.41063221843904785,0.0023068239731855907,0.0006193663898472271,0.007075633610152773,177.80259818412884,178.21332350794913,0.0006195068229191199,0.007075493177080881
-178.55,-820.8,-178.59146178813913,-820.2734349999797,108.50188355843018,107.61059571310201,0.891287845328165,0.00824837000003425,0.001911386515240567,0.005783613484759434,108.50206596076052,107.61081629517489,0.0019113046379375012,0.005783695362062499
-178.55,820.8,-177.89152686377227,820.688030545717,107.15033181972322,108.09598733885296,-0.945655519129744,0.008786728830731467,0.0020349299891050067,0.005660070010894994,107.15051324925011,108.09621224003102,0.0020350235345503063,0.005659976465449694
-178.54,1065.14,-177.9598197527423,1065.1118660258699,158.12050694279026,158.7174317049002,-0.5969247621099498,0.0037680131657067957,0.000989355306473364,0.0067056446935266365,158.1208711701902,158.71775436662801,0.0009892864146784214,0.006705713585321579
-178.45,-973.78,-178.28588689183684,-973.2551533368011,139.92533925864998,139.27629266118822,0.6490465974617621,0.004649303752265391,0.0011751196067047258,0.006519880393295274,139.925632122286,139.27651265239604,0.001175251544564823,0.006519748455435178
-178.45,973.78,-177.6472526806427,973.7437468635013,138.6952875204392,139.37968601074263,-0.6843984903034368,0.004922402628416987,0.0012429559518896518,0.006452044048110349,138.6955378357617,139.37998366925314,0.0012430419332267286,0.006451958066773272
-178.33,882.16,-179.448749246321,882.1872817407025,119.57282168162025,120.40922281010336,-0.8364011284831037,0.006970530901631259,0.0016598286429872471,0.006035171357012753,119.57304760604754,120.4093889631392,0.0016597100273324145,0.006035289972667586
-178.3,265.72,-178.48330034685458,265.7830036325947,8.460299354215621,9.651373926881035,-1.1910745726654142,0.13152562484754526,0.007887947892200351,-0.00019294789220035066,8.460313790504681,9.651391967010207,0.007887971758802547,-0.00019297175880254695
-178.16,-790.16,-179.5032121314939,-790.5111711020677,102.48530264345669,101.5330897889146,0.9522128545420969,0.009334578546468448,0.002108160523501808,0.005586839476498193,102.48548887751943,101.53330443985011,0.0021080976097014835,0.005586902390298517
-178.16,790.16,-176.7688192401483,789.6202809514543,100.98110947085422,101.91112524459255,-0.930015773738333,0.009167583717954172,0.002093226536842903,0.005601773463157097,100.98124854501442,101.91128753283802,0.0020932787857839076,0.005601721214216093
-178.13,-943.33,-178.07213807658067,-943.0324022560709,133.63970802670218,132.91534969558361,0.724358331118566,0.005434962197365236,0.0013551293257255397,0.006339870674274461,133.639991322117,132.915627471726,0.0013551396511785807,0.00633986034882142
-178.13,943.33,-178.55193304117998,944.0984070447066,132.42996652321978,133.1854043763806,-0.7554378531608279,0.0056882088608221,0.0014078837426329315,0.006287116257367069,132.43022339696168,133.1856635314141,0.0014078879941981958,0.006287112005801804
-177.96,-851.6,-178.393536661887,-852.139714567564,114.95700545865243,114.08237903251806,0.8746264261343697,0.007637345237173275,0.0018075176463157355,0.005887482353684265,114.95719172590904,114.082618249951,0.001807408218592969,0.005887591781407031
-177.9,697.68,-177.55630099566542,697.6773535823068,82.8403046519574,83.86818882753867,-1.0278841755812778,0.012331515379061356,0.0026067737425862435,0.0050882262574137565,82.84045174115704,83.86833482394346,0.0026067709711952475,0.005088229028804753
-177.73,-759.48,-177.23173659557665,-758.860178633019,96.31037223427495,95.3316244449666,0.9787477893083576,0.010214335127665413,0.0022862167915836014,0.005408783208416399,96.31052610600871,95.33180886285855,0.0022861454400663274,0.0054088545599336735
-177.73,759.48,-178.51376066747676,759.2992804456388,94.85192412388602,95.80551106434001,-0.9535869404539881,0.010003144535250481,0.002210168983380847,0.005484831016619153,94.85207535056912,95.80570510422618,0.0022102682133613365,0.0054847317866386636
-177.49,-604.48,-177.45348585706472,-604.272515592911,66.48447828131687,65.34713878180466,1.1373394995122084,0.017254426894690145,0.0033321352321977406,0.00436286476780226,66.48457681103932,65.34723157092274,0.0033321520508082505,0.00436284794919175
-177.49,604.48,-178.44989971715904,604.7747896169873,65.08823073085539,66.28182032034972,-1.1935895894943371,0.01817141091052941,0.003474520733814599,0.004220479266185401,65.08835185479276,66.28190921098825,0.0034744269031828892,0.004220573096817112
-177.38,-666.81,-176.97628503143824,-666.422164098822,78.29858709291653,77.23327971431951,1.0653073785970264,0.013698895287064907,0.002837659623672542,0.004857340376327459,78.29871853571366,77.23334870000122,0.0028378259907119495,0.004857174009288051
-177.32,203.61,-177.31570302987953,203.70607286570643,0.37633015235905987,1.4043075738848074,-1.0279774215257476,1.154617142358536,0.008940921337919037,-0.001245921337919037,0.37633896178553705,1.4043155161389382,0.008940913795613563,-0.0012459137956135624
-177.29,594.11,-177.21932243639728,594.312936250631,63.21939850775135,64.4225624363609,-1.2031639286095555,0.018852169297780656,0.00358879309368543,0.0041062069063145705,63.2194674128078,64.4226698787554,0.0035889080427204925,0.004106091957279508
-177.26,-728.75,-177.0819581211971,-728.4172412632421,90.32128227025,89.32298709544796,0.9982951748020383,0.011114133262662897,0.002431388242642702,0.005263611757357298,90.32143532717257,89.32314726436113,0.0024313709211021806,0.005263629078897819
-177.26,728.75,-176.61675803443313,728.4372527518093,88.89436870589792,89.8489418293895,-0.9545731234915849,0.010680938163592236,0.002330961061304954,0.005364038938695047,88.89449167827551,89.84909513200584,0.0023310351243638772,0.005363964875636123
-176.85,-573.34,-177.03544826567676,-572.9260743395643,60.68152566534988,59.512451651100065,1.1690740142498157,0.019453121368499957,0.0036210377896494887,0.004073962210350512,60.68161648281346,59.512574537494096,0.003620938460772426,0.004074061539227574
-176.85,-531.34,-176.6243053039308,-531.1126271869934,53.072344774471816,51.84043084996125,1.2319139245105646,0.023484535933365677,0.004125657233847655,0.003569342766152345,53.07241215993339,51.84048778321034,0.004125692238116374,0.0035693077618836264
-176.85,531.34,-177.07708174316477,531.5705881295787,51.76182765889203,53.03267412660007,-1.27084646770804,0.02425406764773565,0.004241501836244403,0.0034534981637555978,51.76191460071858,53.032758915847225,0.004241494651923006,0.0034535053480769943
-176.85,573.34,-176.4329120610655,573.2081044852608,59.36862957676475,60.58777885727822,-1.21914928051347,0.020326538555608877,0.003787170301449032,0.003907829698550969,59.3687244454471,60.587870577881496,0.0037871605222433466,0.0039078394777566534
-176.82,635.87,-176.1946682025722,635.5083127526655,71.00350899602577,72.13904311588479,-1.1355341198590168,0.015865779994913638,0.003185928779155805,0.004509071220844195,71.00361854721987,72.13915047338782,0.0031859226243926824,0.004509077375607318
-176.57,-162.55,-176.44677302151285,-162.5577692418393,-3.8754103109938622,-4.695873973562467,0.8204636625686046,0.1914447439450607,0.008986441947498591,-0.0012914419474985908,-3.8754065760495955,-4.6958677548700525,0.008986414743297406,-0.0012914147432974057
-176.57,162.55,-176.39601396710046,162.54836053291396,-4.304435453404928,-3.466667506618686,-0.8377679467862418,0.21561107891528852,0.009179145461307117,-0.0014841454613071167,-4.304430291384762,-3.46666067117852,0.009179163796414893,-0.0014841637964148925
-176.39,552.53,-176.52171657337223,552.8693257331762,55.642947275549815,56.89066996185576,-1.2477226863059414,0.022175110281467167,0.004016495706934483,0.003678504293065517,55.64302161365454,56.89076824215104,0.0040165727783115215,0.003678427221688479
-176.14,-542.1,-176.15417624011275,-541.7263232592337,55.02098106140543,53.81624122342616,1.2047398379792682,0.02213837899733261,0.003966160285346385,0.0037288397146536152,55.02105994531958,53.81634765216688,0.0039660696041936795,0.003728930395806321
-176.14,542.1,-176.2365627552076,542.0296460979349,53.69809251307575,54.95546909697373,-1.2573765838979796,0.023144691536401207,0.004135196830110186,0.0035598031698898143,53.69818335144095,54.95555800742915,0.004135190489697508,0.0035598095103024927
-175.99,-478.67,-176.66204099716253,-478.92636461962735,43.778260848789714,42.53256167561517,1.2456991731745433,0.028865422359341197,0.004625418786045664,0.003069581213954336,43.778326944115406,42.53261906031568,0.00462545112956023,0.0030695488704397707
-175.77,-489.39,-175.8213165679682,-489.0130071412477,45.602205557741954,44.35712874290265,1.245076814839301,0.02768088102293526,0.004549399546053475,0.0031456004539465255,45.602283443363646,44.357212491743574,0.004549378122373762,0.0031456218776262385
-175.77,489.39,-175.707897576778,489.40791086733384,44.37637921238624,45.66137416970961,-1.28499495732337,0.02854347002351779,0.004694496598771184,0.0030005034012288165,44.37643086204101,45.661453141970476,0.004694596416969417,0.0030004035830305835
-175.59,-446.73,-175.4051713300995,-446.37378074017033,38.205474817134856,36.97280909341795,1.2326657237169059,0.03279313279306915,0.004946000118887914,0.0027489998811120863,38.205526956894694,36.97288524467331,0.004945903774147076,0.0027490962258529244
-175.34,-510.74,-176.15150048490793,-510.9639287400757,49.479658865311144,48.256988284830584,1.2226705804805604,0.02501969560306914,0.0042675905605779295,0.003427409439422071,49.479726812430776,48.25706104671937,0.004267573755181833,0.0034274262448181674
-175.34,510.74,-175.81724486675367,510.8665728107087,48.15084854796206,49.41281057407873,-1.2619620261166702,0.02586950996862679,0.0044139478981321,0.003281052101867901,48.15092233825665,49.412896570877884,0.004413990592661769,0.0032810094073382314
-175.16,-468.32,-176.0030380048164,-468.61952996789813,42.016495263001275,40.77308701964896,1.243408243352313,0.030037794830446617,0.004736124023265372,0.0029588759767346286,42.01655830249554,40.7731477841833,0.004736132688554839,0.0029588673114451618
-175.16,468.32,-175.5374257669174,468.4534674272081,40.74191200948191,42.03758248415217,-1.2956704746702599,0.03130414078017593,0.004950034797522777,0.0027449652024772236,40.74196931114518,42.03763435322677,0.00495001404262908,0.0027449859573709205
-175.03,446.95,-174.9347681330603,447.0876355611453,37.117987552949174,38.430154806328886,-1.3121672533797124,0.03473724733401245,0.0052707239967838835,0.002424276003216117,37.11803581431998,38.4302091151776,0.005270748288341856,0.0024242517116581444
-174.88,425.46,-174.77055172976273,425.4942934223918,33.48024729403008,34.80587403600363,-1.3256267419735508,0.03882565640437134,0.00560027214627085,0.00209472785372915,33.48029423392657,34.805927833770625,0.005600301118182735,0.0020946988818172658
-174.47,-382.05,-174.36201407791964,-381.89185966496234,27.45901235780271,26.23240006615712,1.2266122916455906,0.045691191059008686,0.0057871522353092186,0.0019078477646907819,27.4590523829016,26.232433296783437,0.005787184291605573,0.0019078157083944275
-174.47,382.05,-174.4926786974559,382.17238871171344,26.364864452738118,27.66283865214568,-1.2979741994075624,0.048048468649048784,0.006114760000379782,0.0015802399996202188,26.36489882741428,27.662878341274464,0.0061147850367806065,0.001580214963219394
-174.11,-404.09,-174.5736817162527,-404.3245861736952,31.14713709977459,29.94056325448996,1.2065738452846304,0.03950300431305724,0.005370254376973238,0.0023247456230267626,31.147182492837292,29.940601331724523,0.005370286938476404,0.002324713061523596
-173.92,-415.03,-173.6692995785936,-414.83458250347877,32.96025333380709,31.76891203146567,1.1913413023414172,0.036810031324166353,0.005195030055142816,0.002499969944857184,32.96030757466377,31.768963114426874,0.005195043825639905,0.002499956174360095
-173.55,-360.39,-173.87639141218824,-360.4884210816842,24.021903126956687,22.78522596100465,1.2366771659520381,0.05284140215598517,0.006198324037544219,0.0014966759624557811,24.021932080157846,22.78524997628353,0.006198348786802303,0.0014966512131976972
-173.55,360.39,-173.41897881356445,360.243833396469,22.92956116239144,24.20336396401774,-1.2738028016262994,0.05405150638157917,0.0064055863870784045,0.001289413612921596,22.92959051428035,24.203396608156634,0.006405602942852707,0.0012893970571472933
-173.05,-349.5,-172.8442458610738,-349.2444213492502,22.293831036302482,21.063484487091,1.2303465492114825,0.056753815791369636,0.006403138924199619,0.0012918610758003816,22.29386074278596,21.063509365431955,0.006403164051483745,0.0012918359485162558
-173.05,349.5,-172.80415219065176,349.3626950877851,21.259540339616528,22.519623047588844,-1.260082707972316,0.05756540831205468,0.006557196851492052,0.0011378031485079487,21.25956478533505,22.519654423467276,0.006557232914539697,0.0011377670854603034
-172.52,-338.58,-172.63092184424042,-338.42875986217587,20.602025474816024,19.383795609914845,1.2182298649011791,0.060933092373905345,0.0065507837424800056,0.001144216257519995,20.602053883697913,19.3838110009759,0.0065508537431683295,0.001144146256831671
-172.52,338.58,-172.63394237841513,338.7746844841781,19.62558250838127,20.878607530517797,-1.2530250221365264,0.06187137779736649,0.006730889772010919,0.0009641102279890814,19.625610689846752,20.878642418403352,0.006730925796969307,0.0009640742030306935
-172.3,-167.07,-172.38354927949447,-167.11195987406737,-3.093325004490783,-3.911184411799372,0.817859407308589,0.2335236798758584,0.008919185064213398,-0.0012241850642133977,-3.0933193643883765,-3.9111779759150025,0.008919176385794423,-0.0012241763857944229
-172.0,-137.17,-171.9199138901289,-137.16965007301494,-6.263875559425395,-6.975008279502364,0.7111327200769688,0.10743091770107482,0.009473627807868578,-0.0017786278078685772,-6.2638733617802815,-6.974993009282312,0.00947345365653795,-0.00177845365653795
-172.0,137.17,-171.80259883257145,137.16771247104802,-6.582773131340551,-5.878499569307319,-0.7042735620332321,0.11303396995663474,0.009388790171374943,-0.0016937901713749426,-6.5827701327696495,-5.878495074239414,0.00938881012143003,-0.0016938101214300297
-171.44,293.61,-171.6435745471376,293.73272477980873,12.924203485628158,14.11512574192303,-1.190922256294872,0.08808815087627288,0.007420845673511405,0.00027415432648859525,12.924222361609866,14.115145298704244,0.007420849915692656,0.0002741500843073449
-171.34,-316.61,-171.24773160968684,-316.5724616859898,17.304391090114354,16.114682717933526,1.189708372180828,0.07119936231711639,0.006894335754151044,0.0008006642458489562,17.304418353322376,16.114711084245123,0.006894329361688325,0.0008006706383116751
-171.34,316.61,-171.0790793461333,316.58824526228767,16.349522860939132,17.579372685363463,-1.2298498244243312,0.07249571815539714,0.007133624841445676,0.0005613751585543244,16.349550249101785,17.57939806927535,0.007133613215983139,0.0005613867840168615
-169.95,-271.14,-170.12694675406314,-271.22881300121,10.628967672756822,9.523704357241035,1.1052633155157867,0.10968900936516696,0.007525003343447357,0.00016999665655264336,10.628987206815365,9.523725756061829,0.007524990647520539,0.00017000935247946103
-169.26,-283.29,-169.77962955698914,-283.4479463283927,12.430569464886238,11.300413503421083,1.1301559614651548,0.09524729447359814,0.0073778421048120895,0.000317157895187911,12.430593133034419,11.30043341645858,0.007377866618785968,0.0003171333812140324
-169.26,283.29,-169.096878268697,283.3020310866597,11.592480501111446,12.758169782857326,-1.1656892817458804,0.09574194267110073,0.007644470300707481,5.05296992925194e-05,11.592499738534187,12.758199572048362,0.007644539498117641,5.0460501882359024e-05
-169.0,247.87,-168.98502924173349,247.97365120299114,6.674949612306046,7.781787094501677,-1.1068374821956315,0.1531241115672278,0.008298124808150585,-0.0006031248081505847,6.674964697787029,7.7818014860211555,0.008298119605418229,-0.0006031196054182286
-167.8,-224.15,-167.77006221768968,-224.16571144287983,4.262309434703475,3.293162735326062,0.9691466993774132,0.25654166346393265,0.008095724951654084,-0.00040072495165408353,4.262317630226212,3.293155959084727,0.008095850017636401,-0.0004008500176364005
-167.8,224.15,-167.49701869243995,224.03719520288234,3.6201610541486193,4.655008534253234,-1.0348474801046148,0.2501090688352818,0.008663612332993129,-0.0009686123329931285,3.6201688428823413,4.65501908565818,0.008663635461727508,-0.0009686354617275076
-167.69,-596.89,-167.76254409204168,-596.649665660423,65.61238948757476,64.5134201311812,1.0989693563935532,0.01689087444855599,0.0034492212284484925,0.004245778771551508,65.61249265377202,64.51349589548775,0.0034493072319231283,0.004245692768076872
-166.88,-555.48,-166.88778799003455,-555.356818810248,58.045139856963715,56.91348292792271,1.1316569290410072,0.019688073876086586,0.003835906322647183,0.0038590936773528176,58.04521343239179,56.91359463685633,0.0038357770639016373,0.003859222936098363
-166.25,450.29,-166.31485011528645,450.2628304885032,38.23106886396667,39.49834004467347,-1.2672711807067998,0.03260725119359384,0.005316456997566508,0.002378543002433492,38.231124731836424,39.49839602551994,0.005316457471526504,0.0023785425284734967
-165.84,-213.07,-166.04120346266984,-213.12995059311166,2.9319916253516993,2.0044356552817124,0.9275559700699869,0.37580052023007565,0.008234356035112252,-0.0005393560351122512,2.932001683049897,2.0044231061631894,0.008234556726589322,-0.0005395567265893218
-165.62,-429.15,-165.90269291898153,-429.2215518683949,35.86882010547101,34.71922232798546,1.1495977774855461,0.03257202602180886,0.005071784968920451,0.0026232150310795494,35.86886504612894,34.71929092527062,0.005071680600828638,0.0026233193991713625
-165.42,-200.59,-165.53487286547363,-200.5572348012538,1.363951813175305,0.47358277451218633,0.8903690386631187,0.969090916306108,0.008425430287536293,-0.0007304302875362923,1.3639584539965917,0.47358937943728385,0.008425430627216611,-0.0007304306272166109
-165.42,200.59,-165.18166309581443,200.54531095090056,0.8413062458709621,1.7995253248710767,-0.9582190790001146,0.7256949588275845,0.009087414548905149,-0.0013924145489051486,0.8413148321652155,1.799538734602935,0.009087460292700097,-0.0013924602927000967
-164.93,407.92,-165.02266694463646,408.03146500439124,31.23262231495345,32.505091129775536,-1.272468814822087,0.03992828565855364,0.0059369004149653695,0.001758099585034631,31.232660251380835,32.505143162286444,0.005936966182427121,0.0017580338175728792
-164.26,-1128.1,-164.94275714743756,-1128.2889392693226,173.66206014244878,173.27737305904728,0.38468708340150215,0.0022176036886420052,0.0006493874577109972,0.007045612542289003,173.66241872458585,173.27779002977678,0.000649288892354277,0.007045711107645724
-164.03,1097.81,-162.95601905208164,1097.4175156844822,165.93017056433197,166.41498250907154,-0.4848119447395618,0.0029175207777589205,0.0008516887094356133,0.006843311290564387,165.9304070693339,166.415391860294,0.000851992355366958,0.006843007644633042
-163.95,915.43,-163.14624503609576,915.296832578918,127.33535879549228,128.0741634966725,-0.7388047011802144,0.00578525573009052,0.0015543201635638507,0.00614067983643615,127.33554354883984,128.0744332969103,0.0015544990878400126,0.006140500912159988
-163.78,-1067.51,-162.95379623372767,-1066.5291138175955,160.44123084164775,159.96045472288807,0.4807761187596782,0.003001083579897956,0.000869071608373366,0.006825928391626634,160.4415950430823,159.96077364677367,0.0008691534540198962,0.006825846545980104
-163.64,-885.0,-164.4505240952279,-884.5818804846334,122.29295757402807,121.49226773873194,0.8006898352961258,0.006568813464957892,0.0017291827197178982,0.005965817280282102,122.29319673047897,121.49245357302838,0.0017292978751051668,0.005965702124894834
-163.34,-701.23,-164.26946963551407,-701.4903283019313,85.76242600676773,84.79151507960243,0.970910927165292,0.011385382489327682,0.002646980360307713,0.005048019639692288,85.7626076518352,84.79168902108768,0.002647001362472061,0.00504799863752794
-163.32,854.53,-162.68943612400372,854.2680632001988,114.84613645910137,115.66582829226635,-0.8196918331649812,0.007111924398797331,0.0018528785611613991,0.005842121438838601,114.84632169835395,115.66603683864224,0.001852931245923359,0.005842068754076641
-162.89,670.5,-162.53596634432049,670.3775791796362,78.50163392871379,79.50464744593037,-1.003013517216587,0.012695868904583235,0.002891929490732474,0.004803070509267527,78.50175879839722,79.50481204464982,0.0028920440391098663,0.004802955960890134
-162.75,-298.52,-162.89129904304355,-298.5332232223687,15.118999273111594,14.00335387788309,1.1156453952285048,0.07661780553542938,0.007207513975498831,0.00048748602450116984,15.11901924010487,14.003379753429794,0.007207475803888399,0.0004875241961116014
-162.55,-176.57,-162.70285684947274,-176.63700959429443,-1.3473129872218905,-2.155019244951477,0.8077062577295866,0.46123908537846825,0.008829303345728895,-0.0011343033457288949,-1.347308408021565,-2.155009989933328,0.008829252232822986,-0.0011342522328229854
-162.55,176.57,-162.602489959514,176.75970573291784,-1.7728491138294196,-0.9208590888119339,-0.8519900250174857,0.6325778153565815,0.009312663727184685,-0.001617663727184684,-1.7728451610762477,-0.9208499369739762,0.009312720555700134,-0.001617720555700133
-162.4,-639.71,-162.06219318666425,-639.2014119441725,73.93117701640692,72.91129086553076,1.019886150876161,0.013890888182241068,0.0030930157369259523,0.004601984263074049,73.93128216962273,72.91141409950487,0.0030929609032860467,0.004602039096713953
-161.86,483.63,-162.01235394327693,483.4590499792541,44.23798969271796,45.45975364302263,-1.2217639503046698,0.02724179906581553,0.004900375420719448,0.0027946245792805522,44.238062354501636,45.45980995058358,0.004900309825535505,0.0027946901744644956
-161.69,177.36,-161.60183001488508,177.47262142147255,-1.6208350364946202,-0.7698301051086229,-0.8510049313859973,0.7119398836553839,0.009321897229046706,-0.0016268972290467056,-1.6208284687518848,-0.7698234274560232,0.009321898432997968,-0.0016268984329979672
-161.43,276.29,-161.38401289515707,276.4114553436263,11.153700663712996,12.275606156826058,-1.1219054931130614,0.09576941406815799,0.007901137129534193,-0.00020613712953419273,11.153717657707212,12.275629138452699,0.007901179298063684,-0.0002061792980636839
-161.05,-452.18,-161.26472432977343,-451.8897367539242,40.02165782162298,38.852727442107,1.1689303795159773,0.029640304025380586,0.0050392587906884475,0.002655741209311553,40.021717947640006,38.85280706231063,0.005039174751251261,0.002655825248748739
-160.11,420.55,-160.18718142944263,420.4396192230029,33.62027677832499,34.87057033517243,-1.2502935568474385,0.03650979976274945,0.0058321739924715715,0.001862826007528429,33.6203211155414,34.87062428702558,0.005832218841326486,0.0018627811586735144
-159.01,-152.03,-159.18190293152307,-152.10741707822652,-3.856918988723537,-4.575872390706218,0.7189534019826809,0.17051374085606708,0.009328386503531651,-0.001633386503531651,-3.856916415749554,-4.575867634898408,0.009328358181365638,-0.0016333581813656375
-159.01,152.03,-158.88842300402186,152.06883918174935,-4.188829940698527,-3.469685291591759,-0.7191446491067683,0.18780262943779705,0.009350474295749473,-0.0016554742957494723,-4.188826941962942,-3.4696796502150438,0.009350508655941111,-0.0016555086559411104
-158.71,-137.52,-158.70037540325754,-137.52985129441572,-5.336670293269975,-6.001759121848968,0.6650888285789929,0.11731586522770904,0.009573144146846181,-0.001878144146846181,-5.336667961571587,-6.001745977031025,0.009572988505151822,-0.001877988505151822
-158.71,137.52,-158.57023252526326,137.56951897645652,-5.623015227508148,-4.963610383485718,-0.65940484402243,0.12457318663232211,0.009496380861468534,-0.0018013808614685337,-5.623012478719053,-4.963606808842372,0.009496392754960935,-0.0018013927549609347
-158.05,599.52,-157.53065513668528,599.3283031385799,65.4131838214209,66.5066841760191,-1.0935003545982056,0.01657825119442093,0.0036386386985071133,0.004056361301492888,65.41327100757813,66.506772098942,0.0036386411501057965,0.004056358849894204
-157.77,-537.32,-158.1443374618301,-536.9758828160858,55.218237508320165,54.09965477456825,1.1185827337519143,0.02046476949733519,0.004138181713493986,0.003556818286506015,55.21831607509116,54.09974912743715,0.00413812331303803,0.0035568766869619704
-157.77,537.32,-157.18286482889187,536.9302036967994,54.026819248594514,55.189095700353,-1.162276451758487,0.0212840125416115,0.004326495703437414,0.0033685042965625866,54.026893863998524,55.189185856497446,0.004326553552795558,0.0033684464472044425
-157.32,558.26,-157.24716277536535,558.3315134780729,57.89278980940256,59.030415114736456,-1.1376253053338985,0.01945935891976279,0.0040707474300199185,0.003624252569980082,57.89287162607936,59.030528264889945,0.0040708595501257995,0.003624140449874201
-156.89,-495.77,-157.14520831348912,-495.90933246604726,47.944108574161554,46.812490638764345,1.131617935397209,0.02388473087461423,0.004561905351735526,0.0031330946482644745,47.94417615913283,46.81257835551551,0.0045618241942427425,0.003133175805757258
-156.89,495.77,-156.64907401491106,495.7191473718569,46.74519446651788,47.92964214969064,-1.1844476831727633,0.025021383199725182,0.004791839127428278,0.0029031608725717225,46.7452634308552,47.92971938079366,0.004791872571717842,0.002903127428282158
-156.85,-453.65,-156.32480804510496,-453.43061739667286,40.591340563971244,39.45355973355559,1.1377808304156503,0.028428565122488,0.005042776717094019,0.002652223282905981,40.59139234221161,39.45361841838914,0.005042746106271317,0.0026522538937286833
-156.43,-255.99,-156.5627701244796,-256.02395582718697,9.367693535545856,8.36911279025039,0.9985807452954649,0.11259983640269426,0.007826434590283645,-0.0001314345902836446,9.367706171279051,8.369133962954235,0.007826367681280347,-0.00013136768128034666
-156.4,-474.91,-156.56125913505986,-474.79369128204615,44.273926899981845,43.14811268448179,1.125814215500057,0.025755844197900255,0.004758031968267489,0.0029369680317325115,44.273985273979015,43.14816607563222,0.004758053027287488,0.0029369469727125123
-156.4,474.91,-156.62670131701051,475.2067834120805,43.17120341407036,44.36571667463787,-1.1945132605675113,0.027291644699334053,0.005041878957201358,0.0026531210427986427,43.17125841953645,44.36575047172599,0.0050417894395056164,0.002653210560494384
-156.29,432.64,-156.86013888911384,432.7779514697425,35.91664392003342,37.14977498269448,-1.2331310626610588,0.033753701938032725,0.005706651986456708,0.0019883480135432924,35.91668793212986,37.149842354122654,0.005706760088166966,0.0019882399118330346
-155.67,-411.54,-155.7351224705151,-411.304480336989,33.49418341206044,32.40382189752383,1.0903615145366103,0.033092398151178246,0.005347741152418552,0.0023472588475814482,33.494223611656004,32.40386366961277,0.005347733440033789,0.002347266559966211
-155.37,-368.59,-155.29189150206025,-368.43059032858537,26.492477932713335,25.368483068105476,1.1239948646078588,0.043346472680678344,0.0061717700688802175,0.001523229931119783,26.492514115981344,25.368516647375163,0.006171784367236382,0.001523215632763618
-155.37,368.59,-155.65966796771306,368.60008330928366,25.495032697840927,26.672982629640508,-1.1779499317995814,0.045159852235323684,0.0064497840698839555,0.001245215930116045,25.495070786510567,26.673032482077975,0.006449848481587951,0.0012451515184120493
-154.56,-347.15,-154.66091938483672,-347.067105847769,23.128512180148196,22.004800926133537,1.1237112540146583,0.04979520343957458,0.0065767383060191704,0.00111826169398083,23.128538496802804,22.004818998945673,0.006576786554707955,0.0011182134452920453
-154.56,347.15,-154.42706490425132,347.11169731579974,22.20122590185786,23.35586881306886,-1.154642911210999,0.0506899273729447,0.006767135926486448,0.0009278640735135525,22.201246258645075,23.355903850435496,0.006767221966486751,0.0009277780335132492
-153.91,303.17,-153.95389052144012,303.2762182002052,15.588195224143494,16.69505084706308,-1.1068556229195856,0.0685715197584663,0.0074475225037962155,0.00024747749620378495,15.58821485528646,16.695074679279024,0.007447550770884447,0.0002474492291155532
-153.85,221.88,-153.55871536955166,221.74927078997766,4.338767155028439,5.288053482888653,-0.9492863278602144,0.19721699688083247,0.008758110655516868,-0.0010631106555168673,4.338775451255442,5.288062533000955,0.008758117610858662,-0.001063117610858661
-152.76,-281.18,-152.60780480528626,-281.1589908336205,13.239485766517635,12.21377900923683,1.0257067572808047,0.08059530015637466,0.007510076626888858,0.0001849233731111427,13.239508624246529,12.213799150653417,0.007510096515334973,0.00018490348466502788
-151.38,-235.55,-151.6490723032462,-235.63308702052095,6.8933129563770805,5.9785110788349645,0.9148018775421161,0.14214020872870733,0.008042681845495047,-0.00034768184549504623,6.89332417474936,5.9785045043126495,0.008042838275640026,-0.00034783827564002605
-151.38,235.55,-151.48884897654114,235.72750389265272,6.311718272175153,7.289229058140622,-0.9775107859654693,0.14374157361622167,0.00859964468199852,-0.0009046446819985197,6.311730890820455,7.289241071377813,0.008599639355924659,-0.0009046393559246583
-150.46,-186.98,-150.39213449792555,-186.96032315437353,0.7351176580873027,-0.04650027651503308,0.7816179346023358,2.0,0.008733127793180171,-0.0010381277931801706,0.7351231719089419,-0.0464845067026225,0.008733013201543917,-0.001038013201543916
-149.96,132.34,-149.92686108163204,132.42421720205684,-5.493075289488049,-4.890188225780621,-0.6028870637074277,0.11612670001505357,0.009539793521425857,-0.0018447935214258564,-5.493072864236049,-4.890184675461386,0.009539811323946039,-0.0018448113239460384
-149.59,1251.09,-149.36477248554817,1250.9775335356746,200.40696431203037,200.70927334926017,-0.3023090372298043,0.001507338815264214,0.0005082803390737091,0.007186719660926291,200.40737784758915,200.70959950690184,0.0005081334282246522,0.0071868665717753485
-149.58,-212.66,-149.54903148609688,-212.60877462090744,3.997314809598709,3.1551264669438126,0.8421883426548966,0.2354967514146468,0.008321359967395591,-0.0006263599673955907,3.9973210317807837,3.155112661675311,0.008321557851428215,-0.0006265578514282142
-149.58,212.66,-149.54333845126843,212.69554531503798,3.48992096595064,4.393962387419366,-0.904041421468726,0.22933911651097397,0.00892920381792567,-0.0012342038179256696,3.489929749443828,4.393973570468633,0.008929227518305757,-0.0012342275183057569
-149.43,-1039.31,-148.89337533907997,-1038.5181247981225,155.16602814721796,154.65794091542043,0.508087231797532,0.00327984457325708,0.0010322828167517795,0.006662717183248221,155.16638626656572,154.65827928715578,0.0010323229380531818,0.006662677061946819
-149.43,1039.31,-148.7926076950606,1039.1681182308491,154.21816877070185,154.72636780202984,-0.5081990313279903,0.0032899046344413998,0.0010325629465765727,0.006662437053423427,154.21844121370918,154.72671541510388,0.001032715677732655,0.006662284322267346
-149.42,1130.17,-150.02437355402103,1129.7854960252314,173.6743440252477,174.06954313043676,-0.3951991051890502,0.002272932004191465,0.0007325006396081702,0.0069624993603918306,173.6747526688571,174.06999372252596,0.0007325783910197597,0.006962421608980241
-149.4,1220.89,-148.6950667649156,1220.7133839831022,193.70611532015306,194.02723444553746,-0.32111912538439924,0.0016563915669284234,0.0005557836652520319,0.007139216334747968,193.7065445295609,194.02768313996344,0.0005558173893561192,0.007139182610643881
-149.21,-1099.93,-149.71972127285144,-1100.173660600241,168.31264185888324,167.8978468448772,0.4147950140060459,0.0024674721815209476,0.0007911214263334683,0.006903878573666532,168.31300717036638,167.89826383328148,0.0007910228650726409,0.00690397713492736
-149.21,1190.69,-149.54033263401848,1190.0136625281955,186.87625581970798,187.21774393801022,-0.34148811830223735,0.0018256808102958186,0.0006028582108020298,0.007092141789197971,186.87654395413352,187.21821316940074,0.0006031779167784252,0.007091822083221575
-149.2,-1009.03,-150.51162107797543,-1009.3405024014601,148.9072740458686,148.29298395207488,0.614290093793727,0.004133846302367461,0.0012703273555830826,0.006424672644416918,148.90766470554703,148.2933454016272,0.0012703877609561124,0.0064246122390438885
-149.2,1009.03,-148.2431663447928,1008.6399419793426,147.74869239850273,148.27928197139858,-0.530589572895849,0.0035847258964306636,0.0011148019994946241,0.006580198000505376,147.74887263445342,148.27964778074727,0.0011151919008528693,0.006579808099147131
-149.18,-917.96,-149.1100044330447,-917.3723949539882,129.81688898576766,129.11821663241736,0.6986723533503039,0.005396505442414109,0.0016046154909747682,0.0060903845090252325,129.81715484706095,129.11848934700166,0.0016045997512694982,0.0060904002487305025
-149.14,-826.65,-150.2369400673927,-827.0446056014301,111.3527737213301,110.57057944671924,0.782194274610859,0.007049229055389676,0.001977692846059922,0.005717307153940079,111.35297816182054,110.57079644953751,0.001977661083585207,0.005717338916414794
-149.14,826.65,-150.10592009482752,826.8659800919063,110.06021062864768,110.88334247917857,-0.8231318505308849,0.007451060136877359,0.002083465601204434,0.0056115343987955665,110.06039121480826,110.88359963241982,0.002083659403544429,0.005611340596455572
-149.01,-1160.47,-147.97362338958212,-1159.4197230846924,181.25417954877256,180.9086198790301,0.34555966974244257,0.0019083112362087318,0.0006327729865850194,0.007062227013414981,181.25454868680288,180.90916639713242,0.000632448176348927,0.007062551823651074
-149.01,1160.47,-149.9241952062373,1160.1566101989217,180.30462394213453,180.6581850476747,-0.35356110554016595,0.0019589891076570594,0.0006385957308225604,0.00705640426917744,180.30501105563047,180.65855914294465,0.0006385722175361532,0.007056427782463848
-148.99,1069.67,-150.3531547388856,1070.0526677690516,160.738922486276,161.22397177259893,-0.4850492863229192,0.0030130756989214685,0.0009471484296246659,0.006747851570375335,160.73918384398283,161.22422886900196,0.0009471401086409986,0.0067478598913590015
-148.96,-978.73,-149.401581332069,-979.0567068462384,142.5969422202199,141.9929746979649,0.6039675222549761,0.0042444759026976165,0.0012971805168413765,0.006397819483158624,142.5972040927846,141.99331063055482,0.0012970214532854632,0.006397978546714537
-148.96,978.73,-149.04330214862568,979.1310529979145,141.47398414005542,142.03609386699497,-0.5621097269395534,0.003965359756456874,0.00121009003562834,0.00648490996437166,141.47427157472453,142.03643136651428,0.0012101978134757218,0.006484802186524278
-148.91,887.6,-147.8491800759464,887.0421745488244,122.42755714119173,123.13745027121011,-0.7098931300183864,0.005781712447540964,0.0017005118266060924,0.005994488173393908,122.42775563916642,123.13768771780998,0.0017006051259985493,0.005994394874001451
-148.84,-796.21,-148.6537367124233,-795.4685850708069,105.11055445755632,104.27940256146246,0.8311518960938571,0.007938794275776694,0.0022081644264032004,0.0054868355735968,105.11071563645068,104.27959528598521,0.002208080617493248,0.005486919382506753
-148.84,796.21,-147.9110299133897,795.7894663331939,103.96694891950179,104.7777653403785,-0.810816420876705,0.007768497743777745,0.0021640817419118874,0.005530918258088113,103.96713788775668,104.77796724843782,0.0021641162784528365,0.005530883721547164
-148.72,704.47,-148.99757359703054,704.3291405298302,85.9029379808299,86.79997102578828,-0.897033044958377,0.010388163698203851,0.0026853658491489576,0.005009634150851042,85.9030803321686,86.80012104691026,0.0026853888094782613,0.00500961119052174
-148.7,-948.41,-148.52646963791577,-947.9925255270541,136.17227426491448,135.51351919367696,0.6587550712375219,0.004849389162764044,0.0014698231142368557,0.006225176885763145,136.1725078735103,135.5137372128117,0.001469857897650697,0.006225142102349304
-148.7,948.41,-148.45111077744855,949.0968528589461,135.22535264972143,135.84902560631272,-0.6236729565912924,0.004601489529211227,0.0013906338632067325,0.006304366136793268,135.22565989651198,135.84929249661263,0.0013905438783807177,0.006304456121619282
-148.62,-857.21,-148.51891310155713,-857.4300466220622,117.58944017050719,116.81876707641248,0.770673094094704,0.0065754787611416385,0.0019012516729266004,0.0057937483270734,117.58968206681337,116.81902756680769,0.0019012058012812282,0.005793794198718772
-148.53,-612.24,-148.6079230485644,-611.9084069532585,69.561597746265,68.58406869492441,0.9775290513405821,0.014152149343848296,0.003377156303342172,0.004317843696657829,69.56169526423848,68.5841742655618,0.0033771284830900637,0.004317871516909937
-148.53,612.24,-148.21787662484402,612.1189240383402,68.40531078474993,69.43020167681442,-1.0248908920644908,0.014871216767888946,0.0035488783521900966,0.004146121647809904,68.40540451854707,69.4303111127988,0.0035489327239801222,0.004146067276019879
-148.51,-765.73,-149.36856061679723,-765.9680354169232,99.2117239914924,98.34580954749268,0.8659144439997277,0.008766200189767526,0.002377688812047649,0.0053173111879523515,99.2119192902609,98.34596457355268,0.0023777993956844833,0.005317200604315517
-148.51,765.73,-148.31121274546885,765.9474623108558,98.00888749891567,98.83376464132004,-0.8248771424043753,0.008381081370684966,0.0022812147670288356,0.005413785232971165,98.00904859854438,98.83395264395922,0.002281289167859692,0.0054137108321403084
-148.38,-601.98,-148.9297032919942,-602.2484255554072,67.73823904739957,66.75409106694735,0.9841479804522208,0.014635005276739377,0.0034470952241209205,0.00424790477587908,67.73835562005554,66.75419257162243,0.003447148001514176,0.004247851998485824
-148.33,-673.87,-148.5262724531474,-673.5977705667614,81.25622784246515,80.33844583834028,0.9177820041248737,0.011359062563383112,0.0028819436682355867,0.004813056331764414,81.2562982211028,80.33856185029744,0.00288180037423369,0.004813199625766311
-148.15,-735.22,-149.39997254511664,-735.6982117093688,93.24546860369877,92.37425263266081,0.8712159710379552,0.009387105693673455,0.002490149852479445,0.005204850147520555,93.2456256466621,92.37440320543617,0.0024901683458705085,0.005204831654129492
-148.15,735.22,-147.69481897663707,735.1077166528681,91.97567546087704,92.8122851603802,-0.8366096995031569,0.009054807431073697,0.0024207867050860987,0.005274213294913902,91.97583122300182,92.8124631890941,0.0024208511349665543,0.005274148865033446
-148.05,-581.45,-148.21615843160066,-581.082307092193,63.85702426915435,62.867237075283654,0.989787193870697,0.015621116009987134,0.003610426417838447,0.0040845735821615535,63.857131384548524,62.86733311690958,0.003610466811395445,0.004084533188604555
-148.05,581.45,-147.7969449010769,581.3728517439698,62.740256791657174,63.79870233824447,-1.0584455465872935,0.01672916473891208,0.0038698861458511835,0.003825113854148817,62.74035775330183,63.79880463482921,0.0038698910266560258,0.0038251089733439747
-147.9,643.21,-148.11283971761546,643.3395056068165,74.27830536920973,75.26143005745212,-0.9831246882423841,0.013148674971737313,0.003241347140071862,0.004453652859928138,74.27840099240504,75.26154285875134,0.0032414037760191325,0.0044535962239808675
-147.71,-560.88,-147.9026696028557,-560.5036280299856,60.10383867904382,59.08052464511443,1.0233140339293882,0.01717195117527579,0.0038779692571064314,0.003817030742893569,60.103930990321146,59.08063640065009,0.003877895570795534,0.0038171044292044667
-147.6,-488.18,-148.02566598240912,-488.3277472355807,47.175289639826495,46.09270924145896,1.0825803983675328,0.023214401753070234,0.0047050214350390215,0.002989978564960979,47.17533081966998,46.092793383626336,0.004704834715738451,0.0029901652842615496
-147.53,-550.58,-147.44652202290374,-550.2738998172939,58.27041792622446,57.24721396561561,1.0232039606088534,0.017715113162411193,0.003961855560827709,0.0037331444391722913,58.27049267041093,57.24732128532737,0.003961729428080984,0.003733270571919017
-147.53,550.58,-147.75852639162463,550.6203608780124,57.13742838383328,58.227773182836636,-1.0903447990033541,0.01890249025176349,0.004210259951900368,0.003484740048099633,57.13749080683145,58.22786894318132,0.004210388680808016,0.0034846113191919848
-147.41,-189.39,-147.61905934813956,-189.52012246076458,1.2432552135325157,0.46591537507919334,0.7773398384533223,0.9096105954932496,0.008728970715486816,-0.001033970715486816,1.2432621207155137,0.46593035972174945,0.008728880011390036,-0.0010338800113900357
-147.41,189.39,-147.34247129907283,189.422221762607,0.8169920460392994,1.6319614582177007,-0.8149694121784012,0.665565443167251,0.009173441707803293,-0.0014784417078032921,0.8170003155415966,1.6319673662842433,0.009173415127059381,-0.0014784151270593807
-147.38,456.81,-147.36596934260896,456.6899447746509,40.63983314750749,41.79068293125004,-1.1508497837425509,0.02792290618787298,0.005372171374724772,0.002322828625275228,40.639882531574365,41.79074738985186,0.005372241742713934,0.002322758257286067
-146.94,-519.62,-146.94830367113755,-519.2051221376593,52.709041469138896,51.652508115069594,1.0565333540693018,0.020247559724413514,0.004350403497029919,0.0033445965029700814,52.709118447964805,51.65258020871518,0.004350423612349028,0.0033445763876509722
-146.94,519.62,-146.98833729506376,519.7017660698052,51.65122297100068,52.75056811665247,-1.0993451456517889,0.02105989052867505,0.004521128656571588,0.0031738713434284124,51.651315938994564,52.750644790531645,0.00452106164596147,0.0031739383540385305
-146.91,456.97,-146.63530053297768,456.53148635939687,40.665726036546616,41.81108486021095,-1.1453588236643313,0.02777408125292485,0.005375045802714063,0.0023199541972859375,40.66576842709014,41.81115585818825,0.005375180054324711,0.0023198199456752897
-146.88,-435.92,-147.15662841702422,-435.8725615316369,38.179385416827195,37.13899213366725,1.0403932831599434,0.027626545260151146,0.005095749290982048,0.002599250709017953,38.17944644290591,37.13906590461448,0.005095686867804445,0.0025993131321955555
-146.77,-393.52,-146.8558201420379,-393.59589230507225,31.144606040938392,30.081377110029628,1.063228930908764,0.03473129792908695,0.005778763722802866,0.0019162362771971342,31.144646775300174,30.08142239483889,0.005778738990630851,0.0019162610093691494
-146.77,393.52,-147.12808653666352,393.9412068980732,30.1918661142072,31.340877878407987,-1.149011764200786,0.03734635219058925,0.006227982018814891,0.0014670179811851099,30.191907727154657,31.340908158469972,0.0062279205912393575,0.001467079408760643
-146.33,414.96,-146.29480965608346,414.80176254572956,33.676300994584295,34.831850003667775,-1.1555490090834795,0.03373464302409687,0.00598230747494755,0.0017126925250524503,33.676348875456014,34.831905178503916,0.005982345235992339,0.001712654764007661
-146.11,-425.62,-145.98218499694977,-425.45562432988726,36.498806083016085,35.470067404748406,1.028738678267679,0.028588433538356724,0.005203562945667005,0.0024914370543329956,36.498856153984235,35.470138023093966,0.005203459012983243,0.002491540987016758
-145.79,-361.73,-145.74780621741917,-361.6526601631302,26.044851293156352,24.96507732860463,1.0797739645517233,0.04233583514920226,0.0064355998638346516,0.0012594001361653489,26.044886824986875,24.965103461837895,0.0064356558807541295,0.001259344119245871
-145.79,361.73,-145.84618011630192,361.7702161735417,25.129553094584985,26.23748885389845,-1.1079357593134667,0.04313800122750411,0.006596849619542382,0.0010981503804576185,25.129581473204652,26.23752829455381,0.006596915484900854,0.0010980845150991465
-144.95,-307.56,-144.9337461708905,-307.56724569990143,17.694539463585848,16.66837773262761,1.0261617309582363,0.059724948560031556,0.007231961171402645,0.0004630388285973555,17.69456275501649,16.66840198710252,0.007231954384267129,0.0004630456157328714
-144.75,-165.68,-144.62942100128535,-165.74402401084444,-1.3287418625282736,-2.0294116885651174,0.7006698260368438,0.4172946920838153,0.009182665442827356,-0.0014876654428273555,-1.3287360320974795,-2.0294073863981037,0.009182685471569115,-0.0014876854715691144
-144.75,165.68,-144.71943108413782,165.74597493741751,-1.6845504077367064,-0.9759498951586458,-0.7086005125780606,0.5326821514035607,0.009280716314405166,-0.001585716314405166,-1.684544476919985,-0.9759439174193005,0.009280716928962386,-0.0015857169289623853
-144.61,-329.68,-144.9158048438866,-329.70056491371156,21.077124763920434,20.025152676163263,1.0519720877571714,0.051188019412825476,0.0069170138450499,0.0007779861549501001,21.077144877543475,20.02516762654622,0.006917047794812972,0.0007779522051870281
-144.61,329.68,-144.71449655933097,329.8136408127951,20.25543003596613,21.333876061946818,-1.0784460259806892,0.051861698458816476,0.007098517139639005,0.0005964828603609957,20.25545783510486,21.33390582384071,0.007098530058830888,0.0005964699411691128
-143.95,285.8,-144.09318041712834,285.9426335200963,13.79806821188627,14.815351812282152,-1.0172836003958832,0.07110534843696638,0.007756567498366791,-6.156749836679076e-05,13.79808446641279,14.815383662532378,0.007756686412387967,-6.168641238796669e-05
-143.48,263.47,-143.6898502987119,263.54064840877555,10.663112417897972,11.650424359029268,-0.9873119411312956,0.08849443734551315,0.008190879934599736,-0.0004958799345997356,10.663129539728999,11.650446990876658,0.008190925646477198,-0.0004959256464771977
-143.18,-297.32,-143.31974807273346,-297.33496558066895,16.275033996437976,15.267040883478668,1.0079931129593085,0.06391419187208348,0.007431139560922422,0.0002638604390775784,16.275058572392112,15.267065332658447,0.007431140495529933,0.00026385950447006725
-143.18,297.32,-143.2561059214573,297.417236776985,15.527141065104049,16.549087283071316,-1.0219462179672671,0.06371984928367677,0.007535266859352375,0.00015973314064762507,15.527163807268941,16.54910921100256,0.00753526085564325,0.0001597391443567504
-143.17,-139.65,-143.01303167611516,-139.6856086285961,-4.011356268126247,-4.634832284606879,0.6234760164806321,0.14421985194471537,0.009804881450549951,-0.0021098814505499507,-4.011352936965193,-4.634820969697022,0.009804755896866281,-0.0021097558968662805
-141.39,-230.02,-141.33682452715706,-230.03645982096802,6.878290586805342,6.019432860855552,0.8588577259497896,0.13317973973237118,0.008298872541059177,-0.0006038725410591767,6.878302256781176,6.019427000602748,0.00829904193015435,-0.000604041930154349
-138.67,195.89,-138.5700727774383,195.8794176865047,2.252246969704748,3.0409023398406703,-0.7886553701359222,0.2979909781549891,0.00912806845229916,-0.001433068452299159,2.2522539331391265,3.04091057111906,0.009128083126600963,-0.0014330831266009623
-138.66,604.3,-138.9805748045888,604.3719207707941,67.59049091785899,68.5737717861521,-0.9832808682931073,0.014442568832183632,0.003677638858602331,0.004017361141397669,67.59059706049513,68.57386862144804,0.0036776040475558977,0.004017395952444103
-138.49,-542.6,-138.6649486037981,-542.6403006897684,57.43844542024302,56.44054480457643,0.9979006156665875,0.017525631614690926,0.00416637564203126,0.0035286243579687408,57.43852743917456,56.4406489785694,0.004166283141528864,0.0035287168584711365
-138.49,542.6,-138.94489875992852,542.7784923635204,56.34493070962793,57.379985539574704,-1.0350548299467732,0.018202780254041828,0.004311694600078395,0.003383305399921605,56.34501177957534,57.3800829574524,0.00431176270012558,0.0033832372998744203
-138.06,563.33,-138.2547564311896,563.4001324604934,60.115766759789395,61.130060772603066,-1.0142940128136715,0.016731198647519464,0.004090879699984134,0.003604120300015866,60.11585361397411,61.13015718473464,0.004090918249369512,0.0036040817506304886
-137.84,-459.78,-138.28268142383652,-459.7904347232963,42.849467842796955,41.81400911337257,1.0354587294243842,0.02446057654732143,0.005116287513708736,0.0025787124862912646,42.84951816225181,41.81407888414742,0.005116191403122407,0.0025788085968775935
-137.79,-501.41,-137.6791767197786,-501.206823534606,50.10669527080712,49.09607043425804,1.0106248365490842,0.02037493268189161,0.004601025120232456,0.0030939748797675446,50.106759995567025,49.09616770291088,0.004600876959150794,0.0030941230408492067
-137.79,501.41,-138.01687215818512,501.2873694498014,49.039869207490916,50.08774813086309,-1.0478789233721741,0.021142017764745235,0.004758192793166185,0.0029368072068338153,49.039943421893625,50.08782926556634,0.004758224216762397,0.0029367757832376032
-137.52,-158.71,-137.75429302599568,-158.8225914422464,-1.6002470942331541,-2.261453414785839,0.6612063205526848,0.34244308641151167,0.009494442067536597,-0.0017994420675365962,-1.6002421051117164,-2.261448028093593,0.009494436358708823,-0.0017994363587088228
-137.52,158.71,-137.39537214765204,158.67800244899487,-1.898685038825052,-1.2577730876405457,-0.6409119511845063,0.40609564613623367,0.009235478749179769,-0.0015404787491797682,-1.8986817648704477,-1.25776655177906,0.009235525752940005,-0.0015405257529400047
-137.4,439.0,-137.69683019006482,439.2769076332556,38.39135543751843,39.488155470301194,-1.0968000327827667,0.02816658759146472,0.005696590630379158,0.001998409369620842,38.39141140081119,39.488204337488355,0.005696553774427796,0.0019984462255722042
-137.39,-480.75,-137.41557806836326,-480.52128983585476,46.497132661685995,45.47228536812121,1.0248472935647825,0.022286697372220634,0.004875963297724883,0.002819036702275118,46.49719150184201,45.472339015711555,0.004875988002634388,0.0028190119973656126
-137.39,480.75,-137.37460001953306,480.73051756832166,45.50091102723567,46.560296791763065,-1.0593857645273985,0.02301481350560279,0.005039597732248672,0.0026554022677513283,45.500978250072706,46.560371817017284,0.005039634849081127,0.0026553651509188736
-136.91,-418.16,-136.47607367285454,-417.79417112840446,35.85387826975537,34.86635889666131,0.9875193730940595,0.027927490423151704,0.005440973375868614,0.0022540266241313864,35.853929030847794,34.86642032952932,0.005440914577177258,0.0022540854228227424
-136.81,-375.88,-137.16994577579644,-375.8908737762061,28.922157402915584,27.894362537508044,1.0277948654075395,0.036179437476468436,0.0062623244967121875,0.001432675503287813,28.92219329430437,27.89439080865553,0.006262370926622846,0.0014326290733771545
-136.81,375.88,-136.57466475234227,375.8269657631767,28.053339272719217,29.105722147575776,-1.0523828748565585,0.03682295855484071,0.006441181904211045,0.0012538180957889552,28.053374732564478,29.10576130319147,0.006441204524428663,0.0012537954755713378
-136.18,-354.76,-136.5041085705055,-354.90062465616325,25.61005490109658,24.57410907883138,1.035945822265198,0.041285765871462675,0.006717913833182899,0.0009770861668171012,25.610087318465773,24.574132225732704,0.006717973950423599,0.0009770260495764018
-136.18,354.76,-136.61409457184288,354.87267487750756,24.73513929284501,25.775184325171292,-1.040045032326283,0.04118148361873944,0.006739597313485355,0.0009554026865146456,24.73516785885164,25.77521846926031,0.006739633460025073,0.0009553665399749276
-136.03,146.61,-135.77336356590638,146.55300845354873,-3.0462513744418214,-2.457012373306469,-0.5892390011353523,0.21414165416892647,0.009303193244463267,-0.0016081932444632664,-3.046247825418087,-2.4570073979956373,0.009303215763380824,-0.0016082157633808235
-135.85,311.68,-135.7856958484353,311.6540853378521,18.19338800072663,19.19606892470982,-1.0026809239831884,0.053634420311735195,0.00744364716097075,0.0002513528390292504,18.193417035579483,19.19608922421466,0.007443582311977549,0.0002514176880224518
-134.99,-290.14,-135.26008567243176,-290.0566201540807,15.769941785932787,14.809461690032219,0.9604800959005679,0.06281875947354514,0.0076910529584190345,3.947041580965906e-06,15.76996283170514,14.809487004085474,0.007691018780121537,3.98121987846365e-06
-134.55,-1132.03,-135.63760842859435,-1132.0704315570445,175.9175444855718,175.54945939457951,0.36808509099228104,0.002094564137905796,0.0007530859215384786,0.0069419140784615216,175.91790989686723,175.54990182914992,0.0007529283353024988,0.006942071664697501
-134.37,920.24,-133.79191745255554,920.1461488947331,130.10187530342796,130.72597322604685,-0.624097922618887,0.0047855160109436,0.001592633765415129,0.006102366234584871,130.10207124240023,130.72624966495528,0.0015928391929799332,0.006102160807020068
-134.37,1101.84,-133.62035730840424,1101.8185634049148,168.5434067849018,168.9472341672471,-0.40382738234529825,0.00239311751701319,0.0008617135512861199,0.00683328644871388,168.54370133458215,168.94770420844245,0.0008620880266763924,0.006832911973323608
-134.19,-245.75,-134.1824938884019,-245.78031206087212,9.532879554220035,8.66335647660971,0.8695230776103244,0.09557175188726923,0.008283007125633202,-0.0005880071256332015,9.532891590144583,8.663364533702005,0.008283045027670261,-0.0005880450276702608
-134.19,245.75,-134.14752970482687,245.78411198744493,8.964175323041575,9.861472745255991,-0.8972974222144163,0.09532712169685857,0.008549678962185607,-0.0008546789621856066,8.964185723418648,9.861488314877397,0.00854972821606556,-0.0008547282160655603
-134.17,-1071.63,-135.29364266535742,-1071.7674699152997,162.93972023186345,162.49308034059047,0.4466398912729801,0.002744897812926763,0.0009676747759427748,0.006727325224057225,162.93999013934544,162.49342306419305,0.0009675170150160051,0.006727482984983995
-134.14,-889.95,-135.52634983197137,-890.5798856924799,125.04523596821798,124.35201458099436,0.6932213872236161,0.005559174254704353,0.0018043683563515687,0.005890631643648432,125.04544484466058,124.35220784122116,0.0018044090034033814,0.005890590996596619
-134.03,-707.41,-133.90336124743723,-707.0918504474771,88.56855044259221,87.73174123217943,0.8368092104127811,0.009492998593065034,0.0027765724726447486,0.004918427527355252,88.56869347624817,87.73193620984634,0.002776400119963727,0.004918599880036274
-133.88,859.64,-133.14876822121576,859.6015516607999,117.73876936081419,118.43129838874412,-0.6925290279299361,0.005864663837623269,0.0019008747892143168,0.005794125210785684,117.73896526198928,118.43153927961124,0.0019009982782926121,0.005794001721707388
-133.7,676.92,-133.3428067188764,676.848564632781,81.64066096511277,82.49701863744535,-0.8563576723325781,0.010434626277234536,0.0029808763484268324,0.004714123651573168,81.64080066140261,82.49715073834494,0.0029808499098021007,0.0047141500901979
-133.33,-646.39,-133.98268468132338,-646.5641242328029,76.96676739331122,76.08910422576272,0.8776631675484907,0.011468533134525179,0.003182859488513038,0.004512140511486963,76.96688280534846,76.0892173953167,0.0031828676209144395,0.004512132379085561
-133.2,492.3,-132.79727162189928,492.05067988987645,47.79528116805926,48.82779124126952,-1.0325100732102612,0.021371915578014145,0.004964153263431112,0.0027308467365688887,47.795344865586465,48.8278624611237,0.00496418942964873,0.0027308105703512707
-132.86,-223.49,-133.16527741369208,-223.6452739983729,6.622392859365057,5.818878153460897,0.8035147059041599,0.12916923119443352,0.00847603963629876,-0.0007810396362987592,6.622403031392208,5.818875240238857,0.008476177668732996,-0.0007811776687329953
-132.86,223.49,-133.13847664357777,223.6510772033037,6.128390363814491,6.964770667498774,-0.8363803036842832,0.12775834677111472,0.008824276174034997,-0.0011292761740349967,6.128400668705298,6.964782113859545,0.00882428821717633,-0.0011292882171763299
-132.62,-461.31,-132.4712642569784,-461.077224464371,43.45104664338356,42.453070577320055,0.997976066063508,0.023234650406790684,0.00513303998589055,0.002561960014109451,43.45109332483134,42.45315279633748,0.005132857200178358,0.002562142799821643
-131.96,430.22,-132.22594362111172,430.1378077281949,37.257810138040725,38.32527221423071,-1.0674620761899831,0.028246058323338638,0.005896279133655056,0.0017987208663449447,37.257861820051346,38.325326047484836,0.005896291016355607,0.0017987089836443938
-131.27,-200.92,-131.45744116820887,-201.03329479751656,3.838481295207849,3.100195643728039,0.73828565147981,0.21280300494665574,0.008776495526022627,-0.0010814955260226265,3.8384889691202915,3.1002043960303727,0.00877648270648044,-0.00108148270648044
-131.27,200.92,-131.21253207990557,200.9810875830896,3.4339174099842165,4.202269946117303,-0.7683525361330865,0.20123983351957758,0.009153346299572046,-0.0014583462995720452,3.4339229932250976,4.202280272475992,0.009153402804103225,-0.0014584028041032242
-130.17,-270.29,-130.0507580675813,-270.15628396947164,13.25440069817364,12.356527986092665,0.8978727120809751,0.07011637283052292,0.008028541997918566,-0.0003335419979185652,13.25441791822306,12.35654880676965,0.008028509802052454,-0.00033350980205245316
-129.31,-177.98,-129.65144542682276,-178.06807728648687,1.1860669743591163,0.5088242819765973,0.677242692382519,0.7991576920948784,0.0092157517631226,-0.0015207517631225988,1.1860741827584587,0.5088356867671067,0.009215694659665107,-0.0015206946596651068
-129.31,177.98,-129.1497880955654,177.92743666680636,0.8658790398518832,1.5416518426117047,-0.6757728027598215,0.5613824584200673,0.009238765880508742,-0.0015437658805087413,0.8658834691117132,1.5416597229161706,0.009238813061148897,-0.0015438130611488965
-128.91,-606.45,-128.70413049107484,-606.0668864798644,69.68619973382945,68.8013715239975,0.8848282098319515,0.01277844938423589,0.0035636561385880105,0.0041313438614119895,69.68628998424711,68.80146464854076,0.0035636445630129786,0.004131355436987022
-128.56,-153.21,-128.76886390718042,-153.28449882565369,-1.5415006764174954,-2.1573106749844815,0.615809998566986,0.33297724055787425,0.009801386302827751,-0.0021063863028277507,-1.5414965521737845,-2.1573047742180265,0.009801358027246434,-0.0021063580272464334
-128.51,237.46,-128.70846595184332,237.7080920369684,8.307379429040562,9.155722889747754,-0.8483434607071914,0.09715839089993421,0.008711050048388964,-0.001016050048388964,8.307392933839454,9.155730341708962,0.008710987896000884,-0.001015987896000884
-128.37,-565.62,-129.27010947450307,-565.8710924119032,62.24160587018449,61.30464416425045,0.9369617059340456,0.015167788673033696,0.004023982552533396,0.003671017447466604,62.2416790552684,61.30476055037808,0.004023797016406259,0.0036712029835937413
-128.25,462.55,-128.20520506274315,462.47487524197186,43.02236226931573,44.04147876305201,-1.0191164937362842,0.023410786421825956,0.005399827689449142,0.0022951723105508583,43.02241805927501,44.04154303062074,0.0053998726083867524,0.002295127391613248
-127.86,-441.87,-127.63471256342284,-441.6082678916784,40.45875126720166,39.49591823314124,0.9628330340604236,0.024084472866373222,0.005366545976668694,0.0023284540233313063,40.45880054213091,39.49597553003965,0.00536650126459004,0.0023284987354099604
-127.43,421.14,-127.43081921566205,420.8510263377616,36.072046343776464,37.10283228016726,-1.0307859363907994,0.02817321889082064,0.006038311197548273,0.0016566888024517274,36.07208289379689,37.10288296531742,0.006038394000688211,0.0016566059993117898
-126.65,-315.53,-126.90251245397515,-315.51446028709034,20.18100194169443,19.23730557489463,0.9436963667997986,0.04788112053784385,0.007404447652885915,0.0002905523471140852,20.18102858990248,19.23733783469531,0.007404403623105422,0.00029059637689457865
-126.34,-204.05,-126.54640184009814,-204.09974837122604,4.592657903893439,3.8660034408754704,0.7266544630179688,0.17181311164971835,0.00883864207991784,-0.00114364207991784,4.5926659975775515,3.8660037136124625,0.008838737209798464,-0.001143737209798464
