x,y,score,pred_out
-5.92307898509297,3.1353506595285996,0.9901030685251189,1.0
-5.9859886234274855,-0.7386407736877735,0.9974245551593913,1.0
-3.9664439173219637,5.962158855699698,0.9984702168440851,1.0
-3.979855800360888,5.708036811622551,0.9988463710073269,1.0
-4.01461109418904,5.821087409684215,0.9987516995118351,1.0
-5.927531912435659,0.1401115870702645,0.9882199693796877,1.0
5.94983246923222,-1.4435943412133962,0.9946886848136446,1.0
-5.670773993691298,-4.855855078586228,0.9944294198286875,1.0
-5.930905865139846,-4.2212870745668445,0.9956647081712241,1.0
-5.802140690120539,-5.069531254276693,0.9950867388916648,1.0
4.474066229470984,-5.817534136192322,0.9987024888154642,1.0
5.991049211563191,-4.106282522084949,0.9955382276351348,1.0
5.936525565702411,-5.580343882049955,0.9966355677441583,1.0
-5.866566430906392,3.9211764954182757,0.9928018034274103,1.0
-5.8956069331181,2.3114072753675354,0.9990607233017942,1.0
-5.710988946247845,2.1797051774602174,0.999777233546047,1.0
-5.585805725731835,2.193075603692192,0.9996583827682304,1.0
-5.216297225034555,2.3894459765880556,0.9963393685261172,1.0
-5.366319570338074,2.1793532193535228,0.9986968454693967,1.0
-4.941464785751099,4.428606872583549,0.998525400602338,1.0
-5.131127326798119,4.407344421628237,0.9988839097751617,1.0
-5.792856229224157,5.1460875060493585,0.9988992010747086,1.0
-5.704932137176999,5.539314912194308,0.9992420280594446,1.0
-5.537506077378235,-2.504433153117574,0.9926566724114597,1.0
-5.761157394584422,-4.281553383395104,0.995988817052845,1.0
-4.74970449568332,5.951153254446562,0.9994650108271179,1.0
-5.118381564249661,0.7236378202427263,0.9986178267281535,1.0
-4.298867321811627,1.5527780518122969,0.994374363243369,1.0
0.18884450316163845,-2.29470119293355,0.9913593278261068,1.0
-5.647326531136664,-4.695482348500416,0.9947587827077127,1.0
-5.684226936601179,-4.588021185672871,0.9945953611230114,1.0
-5.704544188580283,-5.200488517584592,0.9971101961916745,1.0
-2.50570161854259,-5.959130725932735,0.9991983830583142,1.0
2.8916019741571564,-5.975080260208418,0.9987407812461274,1.0
-0.7473699522325282,-5.946623487441404,0.9984435214599976,1.0
5.97404112511596,-3.5873500544631054,0.9906764893116614,1.0
-0.11463936545200208,5.77275228522775,0.9989203576400201,1.0
0.22164687555047133,5.583051293669762,0.9990872361136768,1.0
0.3969261680923439,5.491230726498597,0.998855404551085,1.0
-0.5514897963745882,5.901976325668059,0.9979170832350717,1.0
0.25998256084818827,5.827601781569169,0.9984234249685199,1.0
0.9722897474498239,5.952964029858663,0.9962208105456353,1.0
2.592225631017607,5.927235716674519,0.997983370957214,1.0
-1.373105937308928,5.868042953329913,0.994394465328896,1.0
4.2571739846207075,5.829512313847137,0.9988824075925758,1.0
3.3623883648805624,5.945071640693542,0.9993994926801142,1.0
5.5642272925094405,5.5074359811845115,0.9943288644182814,1.0
5.302312965974234,5.670504817474019,0.9940366444683522,1.0
4.763715819449754,5.902079060348022,0.9959279885265073,1.0
4.467554624586634,5.886289057547832,0.9977214928592318,1.0
5.1043160011372555,5.456945975677222,0.9970422797585922,1.0
-3.295929847781654,1.4318893165391329,0.9984127343371112,1.0
-3.809484962715715,1.6829027246199495,0.9959928213655005,1.0
-4.170200615488109,1.6510006567183633,0.993696728162522,1.0
-4.083119365959728,1.761686506598795,0.9943276301867875,1.0
-4.612036819090643,3.1740463914920283,0.9817943485659243,1.0
-4.998819257113996,2.3258954268986964,0.9936027866782982,1.0
-4.141538574875406,1.9463950491785893,0.9948409997985733,1.0
-5.541919615872658,3.7877488070355647,0.9946568877495259,1.0
-5.380705464660746,4.035182852425781,0.9979527471534507,1.0
-5.463473352851388,4.543390211633502,0.9990405233330913,1.0
-5.401654105511736,4.470991281967396,0.9990513385665027,1.0
-5.342709763899868,4.3308323760962635,0.9988997996002622,1.0
-5.462110546993432,4.221369855699065,0.9983794052493886,1.0
-5.0619416526174765,4.611755293816793,0.9994628313046918,1.0
-5.219647222273821,4.584842167858852,0.9996185434601327,1.0
-5.264464443684674,4.939354200696985,0.9999801886416417,0.0
-5.170569034814567,4.9472306986846055,0.9999833583609519,0.0
-5.2276489771187995,4.982162211796729,0.9999486185262125,1.0
-5.294479816926004,5.127324448253105,0.9995996268550936,1.0
-5.592948437027839,4.570876137208803,0.9985162926821036,1.0
-5.744192992993258,4.5359727739489495,0.9972776926300986,1.0
-5.345746493751103,4.928251056985154,0.999952570939386,1.0
-5.661389819118231,-2.4992435492050507,0.9923229403622176,1.0
-5.930892362779964,-2.1048307767524186,0.991055758266308,1.0
-5.584682655594068,-4.10214777934888,0.9969753584481934,1.0
-5.685937941784059,-3.975462420212775,0.9976486211880888,1.0
-5.483732471519012,-3.8662775448268363,0.9974777119300082,1.0
-5.813804275580893,-4.036808339544695,0.9972221132274104,1.0
-5.869209001891913,-3.20509719724882,0.998685358556311,1.0
-5.889086455171591,-3.6554046921984256,0.9985718453152296,1.0
-4.160934115635397,5.871442094266594,0.9987958264814809,1.0
-4.283793551385696,5.929677458620676,0.9991289790447911,1.0
-4.770854558891386,5.196123988943732,0.9971858555511345,1.0
-4.361468337141644,5.772383274081741,0.9992661333050479,1.0
-5.313629261833672,0.5377588401837157,0.9968665756123477,1.0
-5.744464816365702,0.45739501260397475,0.9915453974862599,1.0
-5.571245715435173,0.7556772806987789,0.9958264126321059,1.0
-5.097345299127932,0.9156730578528425,0.9989304260154319,1.0
-4.016306936382516,-0.9236704133126071,0.9948218196540796,1.0
5.54892276705156,0.2583488661765673,0.9896798336886667,1.0
5.882585779314951,0.8390507528346927,0.9841142813360725,1.0
5.812967980972668,1.122739527413448,0.9846528198746901,1.0
5.873405600259319,-0.7550922531527622,0.9952447371259693,1.0
5.734405580339039,-1.3281199328829822,0.996511328410899,1.0
4.951957600840407,-0.19859626514067674,0.9953849436769036,1.0
-1.9072985928902566,-2.47172056457401,0.9973160123359089,1.0
-0.026930029418406203,-2.208086459065091,0.9911914575354892,1.0
-0.2329836368020756,-2.389195669065288,0.9917360822073265,1.0
-0.9227286152766704,-2.246111523418236,0.9962353138592573,1.0
-0.7320046505287827,-2.4385901820950378,0.9957745589594896,1.0
-0.4989267116757136,-2.0265219356553277,0.9977556718005369,1.0
-0.4803390339968641,-2.275205744797759,0.9947626027267302,1.0
-4.373310144949534,-5.933858015407982,0.9991568425728569,1.0
-5.287385517316253,-3.806940416783142,0.996202933494119,1.0
-5.1468917076178045,-3.9017361208977803,0.9944843801684246,1.0
4.200171807900823,-5.760645465089968,0.99873219586774,1.0
-5.723543747589592,-5.383761809421169,0.9987934390416692,1.0
-1.4700052417009346,-5.549040115448971,0.9983372581429002,1.0
-1.9529097551062637,-5.915318362014904,0.9983841648639974,1.0
-1.4614355698499455,-5.883918891912465,0.9975018077926403,1.0
5.810022420119215,-3.8517070525542034,0.9945828578075361,1.0
5.905284295954743,-4.0199924700734755,0.9956171508039404,1.0
5.875558959329311,-4.893525545981102,0.9968068555353128,1.0
1.9433562645889897,-3.369339152451007,0.9985368024924838,1.0
2.073267137074779,-3.285104380506393,0.9992238241425516,1.0
2.4397617533002776,5.796036838438916,0.9983756900866492,1.0
2.0656695496830135,5.888683655808659,0.9988636333678074,1.0
0.7769186821275852,5.804530277651203,0.9968203594269804,1.0
0.21594810304229206,3.793144445863298,0.9976720016638184,1.0
0.12370923036588503,3.96947163593552,0.9965675259419543,1.0
0.6514636583449794,4.405658668977009,0.9941553651910678,1.0
0.5064566953136129,4.154804548790535,0.994724043150423,1.0
1.4304088520757532,4.106414734722937,0.9957287029541062,1.0
-0.05569833956881561,4.841253430507434,0.9979173305164392,1.0
0.13275527617056207,4.792090019906964,0.9975343723368904,1.0
0.5039609589957642,4.526167450177461,0.9952489571071368,1.0
0.007824341928676167,5.43396149817594,0.9988153363927488,1.0
0.03885949908233144,5.217030967183606,0.9985995273721012,1.0
-0.14390898315483103,5.0855139832346,0.9981696762692062,1.0
-1.39703536634418,5.273171812483924,0.9965876946683554,1.0
-0.46899125564042493,4.7317255853682525,0.9985281136765575,1.0
-0.4005913093187982,4.9973036177006485,0.9984290643197125,1.0
-0.5995516235806276,5.085428914776982,0.9986884713026954,1.0
4.659924274679887,5.328226297235456,0.9990551449375129,1.0
3.6927988225444888,5.956557722537847,0.9995517902688684,1.0
2.6100807961863928,5.6708759022677215,0.9987915277846053,1.0
2.7992986414102865,5.755937416798592,0.9990831983563453,1.0
5.7315208160392785,1.1288728291908505,0.9859781894132628,1.0
4.6690750180228,4.420573727392571,0.996877351922124,1.0
4.817531348931967,4.588993183757734,0.9982743937810734,1.0
5.586614145005963,5.301508604830602,0.9963550494619899,1.0
4.73616626575376,5.810106974025569,0.9968195876252762,1.0
4.834330495779903,5.612338135028961,0.9978568902746966,1.0
4.656331423591298,5.5239634945449305,0.9985252552259044,1.0
4.525785625787834,5.753330230324874,0.9978561525169535,1.0
4.462580651875726,5.66962554187597,0.9981858260742245,1.0
2.008211531021385,-1.6694779842371146,0.998985599236663,1.0
-1.75155328745677,4.837583239002382,0.9969613957749834,1.0
0.38221578653920546,-0.039113899899753925,0.993401393325666,1.0
2.7946314352110053,3.4070870984472363,0.9986928844861892,1.0
2.9662511672639087,3.4394858029211313,0.9993145533992187,1.0
-1.2791098056988908,1.900094905573397,0.9974122193226151,1.0
-1.026079321539201,1.7186641845244244,0.9982813334222423,1.0
-1.0660602289956647,1.4903512346931402,0.9989931376249689,1.0
-2.4039656698773615,-0.33523577810532795,0.9995408901124119,1.0
-4.8537435780167035,4.238200354325504,0.997813594141222,1.0
-5.055086740664737,4.019137579033587,0.9978546362913381,1.0
-4.44126407514731,4.7590302158645565,0.994977966094202,1.0
-4.608268247266532,4.399025532287342,0.9960058792975165,1.0
-4.513757712620453,4.221421587929233,0.994202142274549,1.0
-4.230535768852056,4.528670380234042,0.9945928541065846,1.0
-4.358317384347984,4.931682768931282,0.9959216582052113,1.0
-4.480646636992532,5.236202278275088,0.996340257370011,1.0
-3.8468913265952334,4.012925294777687,0.9890367099304705,1.0
-4.46824101974327,3.333340843758472,0.9826798064066886,1.0
-3.7853953311520026,3.053699749537955,0.9883168928731164,1.0
-3.822901341174436,2.7968079582832974,0.9923813625658284,1.0
-4.767436601868057,2.2469016215234157,0.9902247517416094,1.0
-4.892713586986586,2.456494637147097,0.9906447398199968,1.0
-4.870486439767146,2.702080486213157,0.9874416330321113,1.0
-4.617220277525566,1.973044224212386,0.9915046824113685,1.0
-4.326340597531707,1.9933547972396608,0.9933411435221782,1.0
-4.4281125106983446,1.55953597431778,0.9950473807846618,1.0
-4.891934233769292,1.3356295644093363,0.9986977491406013,1.0
-4.832779798853887,2.077414486697105,0.992022499442454,1.0
-4.772750950443321,1.964290627056154,0.992236329562235,1.0
-4.986290634134816,2.060753024780461,0.9944240280445081,1.0
-3.872325435376299,2.2034311480866893,0.9963941663957986,1.0
-3.9578212309233174,2.0450609389801113,0.9962312400107884,1.0
-3.5871678064504366,2.1106088420173155,0.9970881543089489,1.0
-3.754573281569854,1.796124955842431,0.9964825992738139,1.0
-3.5340246301553866,1.8387665536488331,0.996873567601115,1.0
-3.6868994469539746,2.474741447558777,0.9962211996687403,1.0
-3.7696669342888107,2.566602086367148,0.9952615287643397,1.0
-5.7657177477951,3.593434388148389,0.9905045195950967,1.0
-5.642454114465424,3.6953025905085375,0.9927763498015442,1.0
-5.812191372173564,2.7835088124250817,0.9953942637328496,1.0
-5.709631063421533,2.468677517320455,0.998568670060851,1.0
-5.434425497602006,2.692140700786963,0.9952724150154605,1.0
-5.332425591180815,2.9541082628583664,0.9909102320681542,1.0
-5.136300473098328,3.2944411603073696,0.9872349054060994,1.0
-5.609893883465247,3.9489583167036,0.9958288110444944,1.0
-5.545643351560327,4.012315885103993,0.9968725369515925,1.0
-4.72925568508257,2.903758691612351,0.9829537437765348,1.0
-4.540127182514813,2.985181125602312,0.9819930474543025,1.0
-4.602124905505171,2.6852254132987974,0.9858551662578621,1.0
-4.726299731111931,2.733794532455935,0.985604158933634,1.0
-5.113072821197977,1.2342291410366488,0.9993431047405668,1.0
-5.511018319451182,2.0220482588177053,0.9994932057978237,1.0
-5.891891509852101,1.8097613386543607,0.9987314361184167,1.0
-5.809833831733876,1.9928905358516698,0.9995832164273823,1.0
-5.6473861128840825,1.9053617269169745,0.9995540131402405,1.0
-5.533022707135811,1.755265603580692,0.9985995646113874,1.0
-5.196252290148382,4.727855121315187,0.99989107132195,1.0
-5.346992716792251,4.698016486153159,0.9997306326263158,1.0
-5.166880889981745,4.92727621555017,0.9999874010372631,0.0
-5.099093848885871,4.881095657141262,0.9999428069001463,1.0
-5.3693591430777685,4.811895180521387,0.9998587051655109,1.0
-5.286405757529774,4.887914374092323,0.9999859950994374,0.0
-4.825813983518312,4.90517491438872,0.9986645941689,1.0
-4.98223446236131,4.85227864293041,0.9996254708653076,1.0
-4.921687333967477,4.7259512330622755,0.9991326351654879,1.0
-4.820945972224674,4.644976119189452,0.9983175862399337,1.0
-4.674231869518979,4.638729265322217,0.9970613610468718,1.0
-4.6185527524187835,4.7726006506533505,0.9964826121031872,1.0
-5.465565090133585,5.197744332626717,0.999491600464835,1.0
-5.480016300392809,5.041478952458511,0.9996673274407163,1.0
-5.606681840309958,5.020292002635594,0.9993822741120123,1.0
-5.824773528390111,4.738478882801779,0.9973388461719961,1.0
-5.8308461050418146,4.641787720361542,0.9967707733856944,1.0
-5.772761067588149,-2.7888318114937416,0.9958444742348744,1.0
-5.64279094426017,-2.887003993410571,0.9965548666556916,1.0
-5.818015601985455,-2.630898129391172,0.9939599009155474,1.0
-5.715115930190908,-2.626401346664275,0.993762666152773,1.0
-5.591232188450912,-2.6315909505767983,0.9935335096254043,1.0
-5.564161736917479,-2.734259915220525,0.9944805665063503,1.0
-5.8480974945102595,-3.037012036866973,0.997981298721983,1.0
-5.809953518335713,-2.8899743990223494,0.9968863202709942,1.0
-5.399453023482028,-3.4785273430708568,0.9978340106269271,1.0
-5.530314281675081,-3.7039341860992305,0.9983400151616199,1.0
-5.669144216171836,-3.721990477594794,0.9986354970860857,1.0
-5.481112723401096,-3.5533005327499065,0.9983504783405778,1.0
-5.727217834113474,-3.635157448424442,0.9988624366291385,1.0
-5.739253346267293,-3.5508428450035887,0.9989057653126184,1.0
-4.4624837665092905,5.904019753241026,0.9996072630919085,1.0
-4.538998644671919,5.808644599697161,0.9996367648414687,1.0
-5.233046553633406,5.335005604366404,0.9989931006711072,1.0
-4.990708757841893,5.432020945119753,0.9978745930266573,1.0
-5.354025052071447,5.480544419111489,0.9992663624002585,1.0
-5.432040710814772,5.603137718615547,0.9993375614722714,1.0
-5.516833333967251,5.768183018130524,0.9987303078604667,1.0
-5.903942487467082,0.971564901599864,0.992740976270325,1.0
-5.861997915846399,0.8183632173322462,0.9924437437508404,1.0
-4.911401767810742,0.559179708228363,0.9995007280638633,1.0
-5.879011101137696,-0.6419263515940804,0.9978541188612399,1.0
-3.955673694984194,-0.2942161406553785,0.9856483890394372,1.0
-3.922324302097559,-0.4425812627912385,0.9864518010698238,1.0
-3.6609201830077516,-0.5909291888151742,0.9894901806441825,1.0
-3.077643374455214,-0.017514552723432313,0.995414976063204,1.0
-1.2691249672638334,2.1066376815553145,0.9985401507960658,1.0
0.18332063725508174,1.721565035480775,0.9971356759645853,1.0
-0.3372437772992886,0.49088584144361863,0.9988374429211428,1.0
0.02454861545840803,1.672510810133872,0.9970604464682622,1.0
0.3393457637855451,1.4663991157760616,0.9954190092253615,1.0
5.344101310864082,0.40429420359766155,0.9888814649090302,1.0
5.82530755934831,0.8630758857520847,0.9849121054989786,1.0
5.826308302852326,0.37337135774629715,0.9871750966767675,1.0
5.894925357690593,0.5793871111733294,0.9847113796408017,1.0
5.793900919992848,-0.289763505801389,0.9938189330929414,1.0
5.67744558760468,-0.5709079429456217,0.9961726955758997,1.0
5.558231538732518,-0.05468930686122775,0.9926716272810812,1.0
5.259664509433867,-0.2389606798845009,0.9940522623362805,1.0
5.436195926249234,-0.4839022676666295,0.9966874848034365,1.0
4.512247400860843,-0.529092231328636,0.9986116792260243,1.0
4.557302673288172,-1.1355013209529456,0.9974267537043855,1.0
5.592629314381774,-0.7691035736733308,0.9978860424478141,1.0
5.570084626849661,-1.060986816259318,0.9981423333017589,1.0
5.28816966243422,-0.6226514775927257,0.9980912796469181,1.0
5.0637553827257635,-0.6739902467110991,0.9984219119488165,1.0
5.415180905363974,-0.851240253094366,0.9988402502037091,1.0
-1.6888008186676604,-2.04355404964627,0.9962647497771978,1.0
-2.2137741054137074,-2.7706625279801784,0.9971605783111591,1.0
-2.2355936201392717,-2.8723501962115243,0.9972538878507289,1.0
-2.0290276369864713,-2.715598740696109,0.9974003200946672,1.0
-1.9392673201898853,-2.888126647713776,0.9977187476422009,1.0
-1.5824253702156217,-1.6906260195922311,0.9952635768494698,1.0
-1.7163055368657056,-1.8095943154270857,0.9956909706194752,1.0
-1.952328117263556,-1.3315918263457978,0.9966641041044023,1.0
0.2841390243901432,0.2195948136701027,0.9950076017143277,1.0
-0.3688820866185039,0.29873379033300057,0.9980442403515075,1.0
-0.5255004738588113,0.25693843853850645,0.9981063071055171,1.0
-0.319168457826299,-2.608480161489777,0.9934556092411905,1.0
-0.7711020518526853,-2.6370247935354603,0.9973708002969829,1.0
-0.6056212563449902,-2.692924848662671,0.9965993223712372,1.0
-0.7757391441730151,-2.003728299225767,0.9986117278106287,1.0
-0.9478754312420534,-2.0599334496913966,0.9976856258429714,1.0
-0.8043769624504954,-1.8181422244225358,0.9996315800650888,1.0
0.5738869685804335,-5.962383175732494,0.9948569348340403,1.0
-1.2185783908467824,-5.570447225056398,0.9986004163214695,1.0
-4.7747873686603945,-2.7899923853950295,0.9983825830672375,1.0
-4.844431860418455,-3.3015530283502934,0.9925185862715564,1.0
-4.649025608015795,-2.8125674923568407,0.998844379112439,1.0
-3.6096049418633833,-4.860741434698579,0.9966657510135478,1.0
-3.113236170985516,-5.431118702552318,0.9977721268513943,1.0
-2.4953132009873786,-5.807659156493334,0.9994683863096603,1.0
-1.0853754878504898,-4.75171256528111,0.9971112649505133,1.0
-2.954910518918442,-3.682780022696019,0.9986498375285082,1.0
-3.20955013450993,-4.051295900063894,0.9988839578320285,1.0
-5.200542734567442,-3.6456266467367695,0.9956027031159679,1.0
-5.303863000184077,-3.53463065716349,0.9969996916455939,1.0
-3.7615654505138423,-4.56266499767303,0.9980732338858366,1.0
-5.259181093134013,-4.0964780293155565,0.9953602978348426,1.0
-5.145639914329471,-4.209035828529568,0.9957163278179401,1.0
-5.500625086907515,-4.237552559722963,0.9962884101651855,1.0
-5.524949915114264,-4.4173350028646245,0.9957524774144533,1.0
1.211124029529694,-3.9812520570714773,0.9994246121996558,1.0
1.5806040249453688,-4.161594476372716,0.9977320021249925,1.0
1.6350729033725573,-3.833178922806617,0.9979902924756244,1.0
1.2339922063754971,-3.8255866775903047,0.9994432847963846,1.0
2.3654459566278336,-5.789292996971686,0.9958188729049957,1.0
3.665947293084466,-5.904350024611285,0.9973502535534988,1.0
4.296726231283511,-5.933985092291363,0.9981769819540794,1.0
3.218446844881079,-5.96635712197439,0.9987217428930406,1.0
4.299922422795723,-5.602713039401614,0.9990171866769404,1.0
4.4568141374605625,-5.479651227807078,0.9988087730486167,1.0
3.7872812172569663,-5.763389486933158,0.997726400014757,1.0
1.8317671740373853,-4.275658802002727,0.9963358110856835,1.0
1.7561561945128912,-4.174833410773531,0.9968661850563575,1.0
1.6524278605614038,-4.251688029891895,0.9972116263965414,1.0
2.5186065644451023,-5.611963498889687,0.9970629649067213,1.0
2.8592661056420723,-1.9063838006382443,0.9969956584230779,1.0
5.928514970163569,-2.2978950036756025,0.9967998757597443,1.0
5.881916844614232,-2.170758752733444,0.9974931756456612,1.0
4.787939288265674,-2.203979914184318,0.9981541273319992,1.0
4.916902628183402,-2.1020706988769953,0.9987440859384068,1.0
-5.809363068212545,-5.647141166579971,0.9996227736364011,1.0
-5.795149149958301,-5.545118071336463,0.9993874168653731,1.0
-5.703708828629348,-5.7772108870580965,0.999864940652705,1.0
-5.689494910375104,-5.675187791814589,0.9998978744430737,1.0
-2.237044113813286,-5.864995688869649,0.9989842479425854,1.0
-1.9603793848310753,-5.844198167623518,0.9986119073749974,1.0
-1.6622876660982493,-5.684735378922837,0.9980531918621514,1.0
5.732433587749875,-4.60735806530698,0.9986627540530991,1.0
5.553516979478192,-4.771839357387964,0.999119673043728,1.0
5.480516086878978,-4.614571292972728,0.9996522129130281,1.0
5.751414160816903,-5.214083498096077,0.995929419265348,1.0
4.95811142785723,-5.835204438949165,0.9981966791948632,1.0
5.889000892002368,-5.714239863600565,0.9973512462073549,1.0
5.7847052184950085,-5.83083262930158,0.998115312466588,1.0
2.2497645339878587,-3.3633741473448207,0.9991124579490858,1.0
2.3884222841291654,-3.5236140372595206,0.9980932068752131,1.0
2.5865415136224232,-3.4101703674132744,0.9989231816633393,1.0
2.3865689659153815,-3.7091047372671713,0.9971980844200049,1.0
1.4276979356889008,-2.99339861247989,0.9983262095202879,1.0
1.0742675182288213,4.934487008164294,0.994786786330761,1.0
1.0358158280230796,4.689638729504273,0.9942920023551589,1.0
0.879992055778508,4.625103754649307,0.9945400121501394,1.0
0.7244034889933374,5.225543859674472,0.9977899099812331,1.0
0.7093648503273503,4.743791336460764,0.996387943215684,1.0
0.8177754716342459,4.959882176042822,0.996799612641209,1.0
0.44141948259598757,5.212851170003609,0.998731944496135,1.0
0.5366604977414546,4.7031967671306765,0.9967918714061964,1.0
0.3677722461532156,4.725914522492395,0.9970676887929417,1.0
0.5301841086298452,5.584317042043057,0.9984466951477735,1.0
0.5851093343221274,5.685965382565729,0.9979476256737307,1.0
0.7837563187903882,5.432098182396632,0.9973163855776944,1.0
3.5592117843492836,4.177858776889756,0.9962373291714696,1.0
2.9858941565370025,4.636829292317018,0.9976243052780579,1.0
3.0782134880682235,3.7851463604618707,0.999634766573249,1.0
4.155910740873462,3.9433447253180094,0.9910858568198437,1.0
3.752507425414647,3.671544936122968,0.9952096083305297,1.0
4.203045145593972,3.2091397996688085,0.9882246282980173,1.0
4.203666751655897,2.9567054900341954,0.987563588919688,1.0
4.461086172693515,2.962930163586481,0.9861805481239629,1.0
4.764439825281403,2.161008346426827,0.9942484654211038,1.0
3.94236209746917,3.14971096150409,0.9919731894263352,1.0
-0.03965337477072831,3.9942775211794075,0.9968348098718459,1.0
-0.2803244167851296,3.5906212366566153,0.9982959868027566,1.0
-0.18976999516051438,3.781795138598275,0.9978070447090551,1.0
-0.035345678191760634,3.7862227011806504,0.9980273694010142,1.0
0.7749371458923658,3.953775760572766,0.9969092669028269,1.0
0.6049294074489348,3.949936929238022,0.9966003849224229,1.0
0.8607846531621032,4.053780964726812,0.996321825194367,1.0
4.302893552175385,5.6209580402621775,0.9986333137624563,1.0
3.8939866446272986,5.842909698501427,0.999495546403095,1.0
3.0586654811139513,4.778601824723884,0.9988402867836522,1.0
3.004424542315547,4.908714877301844,0.9991316151873643,1.0
3.9506070991612283,4.243880855520374,0.994473140365526,1.0
3.602848307299213,4.350901541114578,0.9965960205523821,1.0
1.4801061669398967,5.830683602522231,0.998611445954921,1.0
1.7478068359070897,5.874655349530195,0.9991466779276225,1.0
2.2017147269813826,5.729562758411826,0.9984863139955009,1.0
2.1624000838060398,5.627705499208879,0.9982834347820834,1.0
2.022567843827049,5.810087839105207,0.9990482957728278,1.0
2.2721627552181904,5.5081461954977975,0.9977342800943081,1.0
-3.69805587374657,5.776493198858829,0.9993515650202481,1.0
-3.375542472558846,5.782500108478572,0.9995263859452366,1.0
-2.465278404345139,5.805324485530673,0.9990741164263386,1.0
-2.977829807483795,5.9133116642604335,0.9992109134337881,1.0
-3.245893157169302,5.837772573471267,0.9993733517175315,1.0
-2.9822738415604166,5.709961155576757,0.999529802185385,1.0
-2.852624526170873,5.765233620569453,0.999374315342286,1.0
-1.1171079018909627,4.602192068799036,0.9970902078126145,1.0
-1.00164901429608,4.395458307279979,0.9958744531279755,1.0
-0.35024406871664454,4.610647438309182,0.9979408290405984,1.0
-0.1936334788090024,4.631964917914412,0.9975846157294933,1.0
-0.1187457649630043,4.421382536326877,0.9958030997095403,1.0
0.0051738107614382285,4.385442484165497,0.995147392181255,1.0
0.13094032661949898,4.1596290129715285,0.9950528719229413,1.0
0.2800266670054234,4.211231054377154,0.9942529831094619,1.0
0.2968525295859896,4.424208218630436,0.9944708365038207,1.0
0.11873971265481782,4.5468614551525635,0.9957119789058057,1.0
0.26133209109344485,4.534025148211875,0.9954899341111739,1.0
-0.6194812972134649,5.345894883488978,0.9985924507777119,1.0
-1.2089335884027494,5.505116682319245,0.9967279989952194,1.0
-1.2198349768095618,5.3414795632749135,0.9972736840286482,1.0
-1.0045349535205241,5.650614343554028,0.9973615306109854,1.0
-0.8031175815295238,5.585023291736467,0.9982727484184158,1.0
-0.8485601370260424,5.351930613305806,0.9986509388259637,1.0
-0.6762294304868174,4.558271524974606,0.9978186097297154,1.0
-0.6165868210888977,4.657034351735594,0.9983625838341884,1.0
-0.9059837966677842,4.669098386506163,0.997888450772979,1.0
-0.9528681768013133,4.872808708632248,0.9983612969557141,1.0
-0.7455049338812746,4.863398943371851,0.998758569582632,1.0
-2.3271517849401584,5.716144707134597,0.9991749497981381,1.0
-2.0706701706708537,5.694869224214344,0.9985179007355797,1.0
-1.6664062488943092,5.853883873965991,0.9949633530356323,1.0
-1.8421261748986755,5.778867532828219,0.996790753675655,1.0
-1.4250305637930385,5.658801110873018,0.9953045885884135,1.0
-1.6007504897974048,5.583784769735246,0.9958531017940584,1.0
3.5404016763307484,5.8172778347155285,0.9996504331876677,1.0
3.6134574343705737,5.8128345621429105,0.9996697022433776,1.0
3.6221143233990136,5.921997939044073,0.9996268090205956,1.0
3.4187950619277463,5.744995957713715,0.9995398876857702,1.0
5.224234517896244,0.7579272116485495,0.9906765034496259,1.0
5.13438155946644,0.6459161630648946,0.9907167419014569,1.0
4.32909249380791,1.4021129230079679,0.9992260432681007,1.0
4.721056699509574,1.6024105711293766,0.9987728760396172,1.0
4.868495216366781,1.9971220522862643,0.9952513873730333,1.0
4.86264966898507,1.7324864852957516,0.997439850481519,1.0
4.357406515591404,1.4927216425075862,0.9991167617901205,1.0
4.467956613715054,1.5197542486214395,0.9992149107273649,1.0
4.522824008040965,1.651430658211719,0.999034429334815,1.0
5.575476687391633,4.4146066573061065,0.9979918996275049,1.0
5.494935055177801,4.651086003465362,0.998329498866108,1.0
5.186172716081139,4.596644584361236,0.9985558553451014,1.0
5.008042456313772,4.494492647411211,0.9984237174543394,1.0
5.69340364311509,5.303421029860863,0.9960608972463255,1.0
5.586977021497894,4.804983558493779,0.9985172769417767,1.0
5.722751329917108,4.84176527843691,0.9984928283290946,1.0
4.842436348292442,4.652395744025897,0.9984185629679456,1.0
4.806000124850074,4.760979737706287,0.9986541188410881,1.0
5.059514583572033,4.666403875859122,0.9984928815280627,1.0
4.774190805719161,5.1783944545164875,0.9991310120481376,1.0
4.7338022397833,5.0790617701727365,0.9992616364403628,1.0
4.834007427840439,5.102319706109352,0.9990948298180808,1.0
2.515976565541925,0.1093847104579752,0.9970886435302435,1.0
2.188452742191482,-0.053982562772414276,0.9963840917342429,1.0
2.6160266973039175,0.5958479972286282,0.9987690923386925,1.0
2.2748615947280713,0.2517223325264508,0.9984391404463717,1.0
2.14117354163762,0.1316755925748021,0.9976966414163381,1.0
2.1848935980790554,0.19363314024099143,0.9980992664897174,1.0
-1.8560635866161437,4.650946132361843,0.9974980678244033,1.0
-1.3826514653215718,4.9303153082481455,0.997204704387296,1.0
-1.3334496514982017,4.703651040110051,0.997018230106938,1.0
-2.0640473327259605,2.4485082526459543,0.9962728035265112,1.0
-0.4245725637248509,3.600932857727051,0.997755210886904,1.0
-0.6474978733540677,3.4915570339101394,0.9973702074481717,1.0
-2.2603502234624444,2.4921865797451273,0.9975578373399618,1.0
-2.2782626274874676,2.639933187887392,0.998635102197554,1.0
0.6475770805023361,0.03026902150677498,0.9937354388442613,1.0
0.549500318353274,0.2889777350766316,0.9925089977242672,1.0
0.5503080431126284,0.5377372125327344,0.9937213045525337,1.0
0.8835787814385577,0.4554255063337423,0.9906475949854536,1.0
0.7120976150020187,0.6578667621525996,0.9913990277840089,1.0
0.3958578345230362,-0.5005677343125919,0.9931090685970488,1.0
0.19745282640378026,-0.8951864313744592,0.990630600756928,1.0
0.8001213366916501,0.01232354195959869,0.9955885853257758,1.0
1.9908295539031862,-0.10657503513759063,0.9961723159344682,1.0
0.4163801531665099,-1.1673818471733135,0.9910646761708989,1.0
-0.09350657126311468,-1.867697446425798,0.9942129193679736,1.0
-0.3181478563256335,-1.8001228472835635,0.9975580553041845,1.0
2.563082473915994,3.4846696714089718,0.9976871554046086,1.0
2.707797120553291,3.3288723792150035,0.997664245370447,1.0
0.5747615042635656,1.2987241253085935,0.9939639201101976,1.0
0.4979070480495764,1.4549228342468286,0.9949327100352751,1.0
2.6545456784522092,1.0490366694975908,0.9982007932216678,1.0
2.8045040224853746,1.3640999049305782,0.9971680525775847,1.0
2.7809267618681512,0.739492257515745,0.9990381996656618,1.0
2.388905523296041,0.5895414214328468,0.998864180888807,1.0
2.248622888145811,0.41995485018612094,0.9989549674171593,1.0
2.1921232106769395,0.4617709299144159,0.9990189803425331,1.0
-1.3721331753330925,1.3672794970285274,0.9969552053204163,1.0
-0.8576090230877567,1.1282710431981862,0.999409839657401,1.0
-1.6696116905695615,-0.2066412597088476,0.999077082198742,1.0
-1.1984109918691426,0.16594297076866926,0.9968854623890431,1.0
-0.8366201485367603,-0.304546595019812,0.998610700179708,1.0
-1.5283260702912844,-0.18605137203045827,0.9984894159695707,1.0
-3.2874880236639665,1.6406870974293277,0.9969660184202058,1.0
-3.340188060427453,1.8082652247670923,0.9963306940218144,1.0
-2.4529637183633386,2.07544111485,0.9964844053307558,1.0
-1.6426201109261998,1.503489186991498,0.9975529169046584,1.0
-2.568719349997252,4.937506328820332,0.999331401415398,1.0
-2.626830440879367,5.2193862644304945,0.9996562581923314,1.0
-2.789840282395509,5.259099100692128,0.9996129280758294,1.0
-2.3460811481305037,4.102492039538931,0.9969515193379169,1.0
-4.054745243966663,2.8683401965861814,0.988981244825507,1.0
-4.300725641411819,2.6540672755718617,0.9892329203591564,1.0
-4.415560972611377,2.7904637573877458,0.9858723310608436,1.0
-4.350607295650378,2.9204553105348445,0.9842160236061605,1.0
-4.512536928126001,1.644390757508506,0.994656662350509,1.0
-4.481012512367202,1.795278432944526,0.9930993799308047,1.0
-4.608916836437753,1.8166762263936331,0.9929951067379102,1.0
-4.520679876722717,2.5383445203980526,0.9881130969590465,1.0
-4.339529656832954,2.5293173521168715,0.9904576120577596,1.0
-4.57173757910056,2.335249972081525,0.9893717265938278,1.0
-4.227612003287486,2.367931170276726,0.9932460411542688,1.0
-4.481550103168636,2.174516434411446,0.9912944820560793,1.0
-4.318574747245326,2.216224800887828,0.993215593888121,1.0
-5.750359058180778,3.1669768359736423,0.9900842054375981,1.0
-5.5457988430075575,3.114113102940419,0.9903415618007378,1.0
-5.1224427379725705,3.4909295518364547,0.990778015456399,1.0
-5.198226168556439,3.5207989639348054,0.9914907633292928,1.0
-5.2503299009415825,3.6576768565617717,0.993948515052396,1.0
-5.025207517733393,3.8140450717321337,0.9958630726430968,1.0
-4.956647907854255,3.700099975010634,0.9940481751117254,1.0
-5.4706263978564165,3.4971707659251585,0.9908580691363128,1.0
-5.494184811044545,3.2213350452852914,0.989248615724635,1.0
-5.330002262922998,3.28963662252797,0.9884586911840787,1.0
-5.352975172888869,3.4487423333118308,0.9902733201596211,1.0
-5.563937075744453,3.48880023402128,0.9904453569610648,1.0
-5.68720070907413,3.3869320316611318,0.989129076917746,1.0
-5.698745026217767,3.2741987783185142,0.9892761640432767,1.0
-5.404524490992789,3.6865330887984196,0.9940127163114338,1.0
-5.346200819115116,3.690906864188909,0.9943077581046759,1.0
-5.41174831169752,3.6024574041752704,0.9926683394056798,1.0
-4.922431646097336,2.883475821119056,0.9853949398664428,1.0
-4.847515780102966,2.9577847129835475,0.9831348485133794,1.0
-4.827398569913194,3.136293373266058,0.9824823362761718,1.0
-4.9033607368497325,3.2504512081844203,0.984627679741592,1.0
-4.929702767217475,3.3941768912164143,0.9879658786002627,1.0
-4.812052339862187,3.643187004932471,0.992181405723761,1.0
-4.917064238152771,3.673846906030174,0.9934327813513745,1.0
-5.082859068271087,3.4646764828559946,0.9901390744198156,1.0
-5.051170543002055,3.401903996408651,0.9887238308363847,1.0
-5.693366082649266,4.088858230027365,0.9960391100879263,1.0
-5.734912425018465,4.349243270449705,0.996931483897914,1.0
-5.641249404806957,4.202285183646253,0.9971883876124312,1.0
-5.8254780360832505,4.188036502715435,0.9952272380078445,1.0
-5.757616614554185,4.025500661626973,0.9949118153552076,1.0
-5.302876934766619,1.5518688546338513,0.9976558702947366,1.0
-5.254124042249279,1.4058201674010782,0.998539595744238,1.0
-5.193900292337127,1.0583142056609123,0.9993143613982578,1.0
-5.472553011060356,1.0841974085658592,0.9981992583683111,1.0
-5.247944656448472,2.0370308074951837,0.9977190155692125,1.0
-5.332468653255805,1.9522932926343055,0.9983597376767347,1.0
-5.085393688165774,1.9819811626114812,0.9958456364424697,1.0
-5.491111985338082,5.397276649891931,0.9995628598908224,1.0
-5.541218760107621,5.322157719520459,0.9995366977637876,1.0
-5.569127644081408,5.519869949395989,0.9995200716749335,1.0
-5.668710094430623,5.345267686840366,0.9995750679601718,1.0
-5.656706051606075,5.1761907329995624,0.9993983659263193,1.0
-5.628505426849057,4.865510653733754,0.9991017352453971,1.0
-5.746668980057502,4.807847986204084,0.9982602817705175,1.0
-5.527713330175669,4.775746896873611,0.9994046154349137,1.0
-5.634821988066602,4.689354128080684,0.9986062163534934,1.0
-5.752741556709206,4.711156823763847,0.9978048108458688,1.0
-5.596636171822098,-3.4429069516148822,0.9987687282605165,1.0
-5.514976471903032,-3.3681337619358334,0.998380072288175,1.0
-5.581376053523155,-3.227513245673256,0.9983868759812343,1.0
-5.711364852669264,-3.1429281737380315,0.9985103482785196,1.0
-4.6911443117521365,5.795345288128971,0.9995998412311713,1.0
-4.882714602215006,5.70782995198574,0.9990754852240123,1.0
-5.225749862308234,5.804495186782095,0.998276704654735,1.0
-4.979508700065388,5.913984561663988,0.9988269522988508,1.0
-4.614629433589508,5.890720441672834,0.9996751110243589,1.0
-4.5851128703048545,0.4342775075351278,0.9993640918495136,1.0
-4.5118307614744255,0.26999097605746236,0.9983275901465085,1.0
-4.789033306292981,0.4408465628018208,0.999520241420867,1.0
-2.90352494442139,0.3733027551609869,0.998048570299546,1.0
-4.145888972255159,-1.097982834137399,0.9975332326890324,1.0
-5.644538754741572,-0.4985708940725419,0.9978469985013267,1.0
-5.519006647772507,-0.29668467722310893,0.9966648335177248,1.0
-5.763790363849096,-0.27911597350857803,0.9954910781773907,1.0
-5.666286252913746,0.04015734989753975,0.9915235957332759,1.0
-5.549650197071949,-0.04467445358898855,0.9932109846974594,1.0
-5.655895668321185,-0.7298270880912723,0.9988365852595856,1.0
-4.771395998713299,-0.8576251339768985,0.9983544124208049,1.0
-2.467424005392376,-1.634412801574295,0.9965886527962081,1.0
-2.6321808469018397,-1.668488586644295,0.9970927153445184,1.0
-4.165885732064074,-0.1956614829464781,0.9891057496499647,1.0
-4.514082867049989,-0.7601738667043758,0.9969686364466417,1.0
-4.230623898710515,-0.9505437999389065,0.9974439433825424,1.0
-4.376823716371551,-0.9273531025658753,0.9982023631166491,1.0
-3.0633300829968295,1.3136569449053566,0.9985980128581625,1.0
-3.13377369359556,1.2064898189792448,0.9991446790888001,1.0
-2.517512671013225,-1.1326232521417812,0.9986308026400283,1.0
-2.9397691343053336,-0.4287654262779643,0.9984332449394754,1.0
-2.93811246589982,-0.1666405215089005,0.9973088019747105,1.0
-1.4216093052103143,2.306907142008352,0.9985791026901868,1.0
-0.09835190224050698,2.1094909591443733,0.9987579720463162,1.0
-0.1085910588170685,0.8636488877243783,0.9996700474399156,1.0
-0.2499086494472372,1.2707059451496816,0.9992671941793932,1.0
-0.5487994282497836,0.7283029597640844,0.9992920588595171,1.0
-0.3949800092442584,0.6827742607218058,0.9993847082467934,1.0
0.08929207816836075,1.4837203513517743,0.9969269313878621,1.0
0.2412554911107693,1.4106468830395886,0.9959160494015478,1.0
0.7032343314027821,1.053396960541476,0.9923338073385991,1.0
0.6436483584448321,0.9471475169170418,0.992675296742402,1.0
0.5617155175637324,1.1581220507779078,0.9936873218328843,1.0
0.2651119494514352,1.2508192819145922,0.9963189614230801,1.0
0.4230997236808551,1.1224504636899166,0.9953023093252169,1.0
0.4471768157911595,0.9821300047863364,0.9956489069750062,1.0
0.11314853650902663,1.323892750226778,0.997422122742104,1.0
0.018991279100725105,0.9777300266821823,0.9991927503403686,1.0
-0.03509246631108128,1.184732903736216,0.9987342584983727,1.0
5.3850302905030425,0.7717171015471148,0.9892852717576375,1.0
5.511169245749673,0.6160784556358111,0.9879348620742271,1.0
5.700389488534381,0.5489527604223424,0.9867629195212078,1.0
3.7938018913310803,-0.4734479103041152,0.9986380079073232,1.0
4.4115742633313095,-0.26004552184340984,0.9986389784183151,1.0
4.722617897857506,-0.6727113471999626,0.9986393900496545,1.0
4.867148295712393,-0.48561440071410694,0.9977707026613465,1.0
4.92072510535522,-0.6437975039233329,0.9983864555167683,1.0
4.73201304767062,-1.1412492321853007,0.9980023002797721,1.0
-1.1274611642295493,-2.2344424878407114,0.9963575065727271,1.0
-1.6393737910921233,-2.3250470785298134,0.996447052933328,1.0
-1.5507660688684768,-2.1081589035775474,0.995803043612751,1.0
-1.2891384276837936,-2.027352976622893,0.9964148853031082,1.0
-1.420619474223198,-2.010935585294939,0.995921404094288,1.0
-1.8224949638366652,-2.0731742708551657,0.9970926863811733,1.0
-2.0281806735978223,-1.736917008828386,0.9966146151476046,1.0
-1.8499996820347102,-1.8392145366359811,0.9964325053250525,1.0
-1.986583133897465,-2.295935482893378,0.9979701464160565,1.0
-2.1627323344250833,-2.3007747479652654,0.99836713184492,1.0
-1.8926536503155702,-2.0992820406187334,0.9975290471759701,1.0
-2.0753829362298615,-3.01212561564572,0.9981105075021758,1.0
-2.186962767752012,-2.9412853768593994,0.9975467029020965,1.0
-2.7465619384197075,-3.6344512410674974,0.998919680920607,1.0
-1.8354706318878262,-4.001595653191196,0.9976568603754254,1.0
-2.2152765863288817,-4.182649567585385,0.9987552060278567,1.0
-3.9199604502313665,-2.7157979788881623,0.9992469558983381,1.0
-2.813186493252479,-3.369287389607292,0.9971503317098144,1.0
-2.558773366353302,-3.1934778713335814,0.997541792977823,1.0
-1.6313381822888706,-1.168108784704053,0.9976556713887673,1.0
-1.5145332548753645,-1.1471714025015425,0.9972820454719954,1.0
-1.7322058493479096,-1.337785287060619,0.9968876306657607,1.0
-1.6004342669757181,-1.4642943031240534,0.9960380426578652,1.0
-1.7844338096599894,-1.1082816779947582,0.9981862175624285,1.0
-2.0079438041733804,-1.205190827752468,0.9973486943167256,1.0
-2.4468954805192684,-0.7752278586759033,0.9989812090600646,1.0
-2.343081384501209,-1.0511287214006317,0.9980130219966228,1.0
-0.8218661202493248,-1.5694854360428396,0.99977737723583,1.0
-0.208091946261986,0.12555999923166303,0.9982957681406402,1.0
-0.3414172327569028,0.16131199279315034,0.9985089535320689,1.0
-0.5506128565865053,-2.8695177670187015,0.9971474395554234,1.0
-1.207468131859308,-4.078162838772655,0.9960459959191773,1.0
-1.1549984698222229,-2.539313869621338,0.9982366643104975,1.0
-1.4474459311220471,-2.572133942003352,0.9974299866276821,1.0
-1.6256104161235942,-2.8913353350652162,0.9975281740049916,1.0
-0.9723947083506186,-1.8105182754057776,0.9991052680271556,1.0
-1.1116707144185272,-1.620403038486251,0.998484254546948,1.0
-0.9314214005940288,-1.6300591490266758,0.9995824436000366,1.0
-1.0573095655338465,-1.9212525285200952,0.9981793822284036,1.0
-1.1938400130227078,-1.9003410910291159,0.997528422755674,1.0
0.06819057271757867,-5.885868434104989,0.9967897237421147,1.0
0.4179280751318946,-5.939158364578646,0.995746563106088,1.0
-0.8357449056323188,-5.880860447767969,0.9985023053696975,1.0
-0.9424530773537745,-5.738090203900732,0.9984347642325819,1.0
-0.35244848571450965,-5.79397419474365,0.9985979518343242,1.0
-0.48914159355340026,-5.8203340929157195,0.9989323538616532,1.0
-0.5958497652748559,-5.677563849048483,0.9990720275302808,1.0
-4.675382960441863,-2.5268663372010587,0.9997110575666693,1.0
-4.742018059547965,-2.356331571234889,0.9993388152007397,1.0
-4.166226010903411,-2.088069535525313,0.9980276478731247,1.0
-3.9432655690478846,-1.7456230266446287,0.9954528663399755,1.0
-4.574417914765078,-3.8589607169847664,0.9911588086712083,1.0
-4.486924092194096,-3.7077414332500105,0.9920774331269576,1.0
-4.902563191559621,-3.733145630770546,0.9912375428109067,1.0
-4.94606972782184,-3.4348879153847314,0.9921789556470912,1.0
-4.805611639462897,-3.4311721399957933,0.9916229728583813,1.0
-4.510848847648388,-3.305934788509417,0.995787865356744,1.0
-4.439562877330046,-3.0285019672253646,0.998110975149299,1.0
-4.14254115800932,-2.985112584986569,0.9990151174464026,1.0
-4.241844896739235,-3.373328256918709,0.9971919519431164,1.0
-5.492579907308076,-2.9748525771070695,0.9964352656376144,1.0
-5.410934675092368,-3.1476528532659587,0.9970126679996704,1.0
-4.093711420112884,-2.7234177694111907,0.9991084371377422,1.0
-4.264874785673453,-2.756243217826132,0.9991621675540014,1.0
-4.162595719439632,-2.4668625947292395,0.9992155254700654,1.0
-3.162744629499089,-3.6314593437157554,0.9976610538740228,1.0
-3.275546282745007,-3.8251637909463425,0.9981252418333171,1.0
-3.3907375441597494,-3.741179603702037,0.9973501688345302,1.0
-3.8098877368188275,-3.5908440543158,0.9967057306333159,1.0
-4.199366490163768,-3.555196678835095,0.9957988839106582,1.0
-4.2073353040013695,-3.785707339579382,0.9944948188154311,1.0
-3.3077584278198806,-4.932029338639535,0.997950290102671,1.0
-3.122759123112047,-5.241074465830876,0.997689047024375,1.0
-3.7030312627930733,-5.115192966695344,0.9947723583151807,1.0
-3.5855307360351283,-5.311963893364484,0.9948955605698062,1.0
-3.7775922178612404,-5.528149558113838,0.9952982771495328,1.0
-2.872755533803584,-4.761697135425011,0.9996659001754626,1.0
-2.9254135055479793,-5.136725495943385,0.9986633867189726,1.0
-2.9243488062788394,-4.949841947325107,0.9994605270299581,1.0
-2.0999112572190275,-4.306175594283368,0.9977773946364232,1.0
-2.0247646484155006,-5.102273721661626,0.9958792524489116,1.0
-2.9510814366179035,-5.578049029430997,0.998983223166569,1.0
-2.836149110816306,-5.570559812239581,0.9991722528704693,1.0
-2.730058007745867,-5.895960346051769,0.9996432160605724,1.0
-2.621908522250527,-5.795505754294486,0.9996878604494627,1.0
-2.7827550416697893,-5.712877550380738,0.9996134584379992,1.0
-0.9993243550052388,-5.3945058197260884,0.9982893619970516,1.0
-1.0922931949844072,-4.4909373124560075,0.9958459947327502,1.0
-1.1355107948605598,-4.353728185146433,0.9956196997480896,1.0
-2.754896284439585,-3.901699894392586,0.9997325259314376,1.0
-2.8977202646753946,-3.8442934788962524,0.9994745992963242,1.0
-2.750922270979084,-4.676154301226334,0.9993782709171725,1.0
-2.6060918528619674,-4.797551632794959,0.9988636721096381,1.0
-3.2417662997445738,-4.412091931673628,0.9986424337070393,1.0
-3.0562995808587154,-4.415055724873881,0.999185658703197,1.0
-2.9885733871655433,-4.61407382992923,0.9993976316411888,1.0
-3.0401666596408,-4.802218641829325,0.9995512208356829,1.0
-3.226230663617773,-4.680057063256261,0.9986004875167277,1.0
-3.522486786611605,-5.779298113316044,0.9958133149859401,1.0
-3.723138566329951,-5.621771524756922,0.9954499503833117,1.0
-3.3372081450917506,-5.470147074000825,0.9965413946359997,1.0
-3.531077084503839,-5.405585860007569,0.9951467266147256,1.0
-3.8460682274376854,-5.915804223770354,0.996498154472943,1.0
-3.6990622395174633,-5.896398942825531,0.9955410321725472,1.0
-5.124565575343152,-3.54091451986395,0.9947307326638988,1.0
-5.1112716121807695,-3.6122434158934236,0.9944049467390255,1.0
-4.9670798420337805,-3.5336377997830883,0.9923632229656464,1.0
-4.953785878871398,-3.604966695812562,0.9920047014730918,1.0
-3.5750366942674323,-4.25558350036635,0.9982080279460162,1.0
-3.6166662315581273,-4.4081469135827644,0.9984367004951387,1.0
-3.3410520067318177,-4.240355625180389,0.9985562747726546,1.0
-3.382681544022512,-4.392919038396804,0.9984985089760796,1.0
-5.371393031647514,-4.455940606797029,0.9966796989256997,1.0
-5.4239769318147175,-4.585909003930549,0.9968614838131209,1.0
-5.003200846923067,-4.289140285677731,0.9971028118782974,1.0
-4.650198593553432,-4.176277013844564,0.995140572163168,1.0
-4.96551344880923,-4.649806540566566,0.9996385193819987,1.0
2.304048938243367,-3.175255709574648,0.9993748420405552,1.0
1.8654410993223924,-2.9437703880060258,0.9990550386881775,1.0
2.8681456886539856,-2.286424144421748,0.9979519076570208,1.0
3.7102022288838725,-2.6884655777446476,0.9978036634441497,1.0
3.5564372991899895,-3.718495482550877,0.9967901178245726,1.0
2.1662590424117583,-4.138134804018864,0.9950905391511518,1.0
1.9639729537909172,-4.2520711222829375,0.9957237509342676,1.0
2.6680231334570705,-4.276176095952618,0.9935998885288002,1.0
2.6395113516143787,-4.1094246677552615,0.9944017576824096,1.0
2.841717393147458,-4.033440904908955,0.9953002912840034,1.0
3.1217717420091073,-3.968717146567565,0.9958222419127957,1.0
3.2216998393326937,-3.966722348136114,0.9957080360517625,1.0
1.3976027072260517,-4.315981740596193,0.9977774540529488,1.0
1.21710376800569,-4.198719813516709,0.9987722036791297,1.0
1.9619782883199388,-3.551120671598292,0.997779129178894,1.0
1.8139745466687927,-3.7209918229167642,0.9973051304787549,1.0
2.1920609656311747,-3.7709686117745793,0.9966662665869291,1.0
2.1411310703384268,-3.9594418303296224,0.9956679559560337,1.0
2.3219542921253638,-3.9277288360581735,0.9957993598764553,1.0
1.6275398544048516,-3.5579316517185915,0.9976729624791261,1.0
1.415440213603105,-3.613419898724034,0.9987566837764903,1.0
1.3669662655593304,-3.3256529988303813,0.9985663671247498,1.0
1.5432283601309258,-3.1369671392723224,0.997736103489269,1.0
1.7878194739701379,-3.2639630326814544,0.9980908667113827,1.0
1.7519819277399866,-3.1307654201288373,0.9983654884986866,1.0
1.0707538101492295,-3.6751252156638663,0.9994863160806559,1.0
0.8783957928059104,-3.74909198954893,0.9995050167067197,1.0
0.7996751615340484,-3.6009444922570406,0.9994032334422701,1.0
0.9350873547633111,-3.5176231929568664,0.9996371130036914,1.0
1.0424778324129458,-3.5343902844461064,0.9995924116700626,1.0
1.8228090569401652,-5.44235311697638,0.998342937885897,1.0
1.8537313477616204,-5.914553748517828,0.9943125064358669,1.0
2.0489472856923205,-5.834450725802724,0.9950267802637868,1.0
2.000374608309557,-5.678590841252523,0.9966691006576452,1.0
1.813178909032484,-5.644730070317624,0.9971584917876584,1.0
4.027686818867648,-5.464676652973286,0.9979066002136804,1.0
3.730456983381481,-5.191737101583798,0.9967807675379122,1.0
3.730411838416597,-5.577188628927039,0.9973305943204799,1.0
3.5954661722018457,-5.3884876756269895,0.9973011747543449,1.0
4.179758045197778,-5.1423340373459085,0.9973751872812533,1.0
3.865946087967744,-5.197308075016978,0.9968334144958523,1.0
4.028230257239159,-5.281546673106418,0.9972721836661353,1.0
3.33179915290364,-5.085668413864481,0.9976502875035466,1.0
3.1120926670686635,-4.984195902355895,0.9975979752167089,1.0
3.2804667804325924,-5.2932066830741755,0.9984084945813325,1.0
3.364111066001387,-5.48162784783046,0.9982056593442679,1.0
3.9457759717175613,-4.960326117518864,0.996755389414431,1.0
4.102967935212326,-4.877083647530028,0.9968726291306114,1.0
3.7942048967638358,-3.9264096691495447,0.9951224561476605,1.0
3.669166149396483,-3.671562329812517,0.9964439081375841,1.0
4.835162313332942,-5.149819620948542,0.9964490185434368,1.0
4.677427391279676,-5.301476297606658,0.9973242037994556,1.0
2.3420183565802835,-5.524565403404474,0.9970724948793974,1.0
2.4176322348849304,-5.342450541036366,0.9979848466797255,1.0
2.3140309157231713,-1.4879522322098087,0.9992955072793631,1.0
2.503705983271889,-1.5876051221985754,0.998852012934143,1.0
2.8730620882764875,-1.727481018379116,0.9969783311079197,1.0
2.716268362178073,-1.5663635536618832,0.9977271686961917,1.0
3.0655120673551157,-2.029630282650054,0.9982017745500914,1.0
3.242172296519892,-1.9310166932634047,0.99843442163935,1.0
3.2156855375224414,-2.346278412213154,0.9996076934199605,1.0
3.0867810622427587,-2.253961789635145,0.9991211514886157,1.0
5.576427659860637,-1.7594908679207075,0.9984953874547179,1.0
5.187517574609491,-2.0303270538526395,0.9997316840019139,1.0
3.8286035694036524,-2.2939789227101413,0.9966026440792171,1.0
-5.635935348018272,-5.811520335466923,0.9998299772434225,1.0
5.846960624928687,-4.094669101238012,0.9965530804670296,1.0
5.222676394339324,-4.374475251507552,0.9992577302852096,1.0
5.407089457399987,-4.388456924984337,0.9994009721417909,1.0
5.8705388294292575,-5.4009760958445865,0.99629210112592,1.0
5.758404948458579,-5.334149175554036,0.9963745790491011,1.0
5.265160949273276,-4.5522193332988605,0.9997191737722292,1.0
5.12324602268595,-4.532432318239178,0.9992696268513254,1.0
5.41158223319476,-4.652830846002375,0.9997210625403982,1.0
5.250802626424137,-4.759705146387144,0.9993611098998519,1.0
4.174333910902199,-4.702905973264502,0.9966358872927925,1.0
4.08999359278117,-4.5409969345024415,0.9960467730636623,1.0
4.819356369731131,-4.343046257047221,0.9973830685591925,1.0
5.7030549547336085,-5.863234930547648,0.9985345842156432,1.0
5.432577396558474,-5.898161591778823,0.999072678268351,1.0
5.153396490201556,-5.856945188989653,0.9988504944383574,1.0
1.1918973022476944,-1.9298263295174631,0.994972220115072,1.0
1.6150689959440656,-2.1633281444816466,0.9967375804161447,1.0
1.5546116159480465,-1.966041289449412,0.995735179736248,1.0
1.9055394240127204,-1.7071212226649661,0.9983792516500181,1.0
1.6786156561559646,-1.796407230708908,0.9967087344438519,1.0
2.650107032946506,-3.73535752863804,0.9973430317115614,1.0
2.8098530890136186,-3.8202068658166124,0.9970316792930652,1.0
2.7143588957954683,-3.482143912326879,0.999214537224689,1.0
1.4611202222847532,-2.8288393740863325,0.9988733496789215,1.0
0.589104961079574,-3.363380313512879,0.9991876737912614,1.0
0.611573860295611,-3.5740477839763334,0.9991147988135917,1.0
1.2625606806646754,5.6900715546086404,0.997315375949734,1.0
1.3366125798856077,5.607228807759198,0.9973700639908735,1.0
0.9604987867364153,5.426034461319261,0.9966255576577988,1.0
2.0485845899226534,5.32186233853458,0.9967217224257561,1.0
2.1256811153358677,5.088634382241959,0.9962121216499954,1.0
1.418957354030141,5.381784456181403,0.9964085076767063,1.0
1.330752207667957,5.067888080975567,0.9947484525332776,1.0
1.3028221728635996,5.265668682071776,0.9956153429176327,1.0
0.22769142778062346,5.116724123982679,0.9987482505400325,1.0
0.32011601932464995,5.0633849335087975,0.9986472684282216,1.0
0.23337656128283868,4.9360437294332025,0.9982210520887036,1.0
0.32580115282686517,4.882704538959321,0.9979467031622119,1.0
3.6059085560687314,2.730432739509469,0.9918155253406388,1.0
3.0407208666530745,2.36971362101391,0.9935337382563928,1.0
3.4347059514876466,2.358552863156742,0.9911941961586357,1.0
2.8025185141378763,4.023981669050795,0.9982334785188487,1.0
2.9793987567421962,3.9678552037108745,0.9989657397580768,1.0
2.9950394332797377,3.6751679100315027,0.999882492768389,1.0
2.5846853689967833,3.596829497281735,0.9981562725405829,1.0
2.7022715624509615,3.5687880089965973,0.9989293236045613,1.0
2.776709590070944,3.6550159888323743,0.9994729565614718,1.0
2.5760616386844792,3.822350689895741,0.9979238338406239,1.0
2.716283976796358,3.861678204707404,0.9988431871547294,1.0
3.954355519265356,3.709380980125303,0.992601137471601,1.0
4.040727916493636,3.759501639061519,0.9912805291808973,1.0
3.9125539343252718,3.2305899821601507,0.9928924718030728,1.0
4.523112060704616,2.0977510728746345,0.9960311943945895,1.0
4.620003278689066,2.1709238435604212,0.9950107926960735,1.0
5.915356053091577,1.322452168025621,0.9819194770608632,1.0
5.962406345899683,0.024189747793732508,0.9901731450606488,1.0
3.330370587125762,2.8941542506815137,0.9939392931637231,1.0
3.384386257347144,3.021057996754245,0.9954353196618213,1.0
3.6172881479249948,2.9066041968267204,0.9932478070381431,1.0
3.771983051884933,2.98697630361521,0.9927312267260576,1.0
1.6159129129576444,3.538458473779039,0.9963557609182472,1.0
0.8915793769902253,3.4196007267897115,0.9983496676177602,1.0
-0.4000859995832166,4.379528698618111,0.9963595134628362,1.0
-0.3188073364520522,3.9693136004934964,0.9967451290514404,1.0
-0.23249764730152864,4.127156556033558,0.9960662804413492,1.0
-0.25515608426776587,4.287185611590499,0.9957467085985189,1.0
-0.43283237212644465,3.8589174208824146,0.9967276829152791,1.0
0.15181587225794027,3.734451398139763,0.9981292825229708,1.0
0.0880089410186778,3.679811971098692,0.9984859619401449,1.0
0.06388469616050092,3.7027237682132284,0.9984210055620243,1.0
0.5817407035595142,3.654520890607987,0.9987575968740009,1.0
1.3395465168501863,4.042099006123539,0.9952716566655233,1.0
0.9077112711914387,4.225753004396608,0.994926035547293,1.0
0.9073961970848128,4.5473428920704775,0.9941103677238656,1.0
0.856758864882074,4.417714594014797,0.9940693423089899,1.0
1.0419234538408053,4.190563054492366,0.9949026891754342,1.0
1.1892469700889288,4.2466982038437076,0.9950055282147751,1.0
0.8005490984807816,3.82506658195002,0.9974492536627749,1.0
3.417047291864346,5.567730994073261,0.9991631944854505,1.0
4.103104054881309,5.773880639155472,0.9992950541439314,1.0
4.033369687750812,5.7520303515835,0.9993269144032177,1.0
4.212028596348095,5.649031054019417,0.9989695852206709,1.0
3.6834412912535783,5.2320765683692665,0.9987943927357089,1.0
4.378083090508009,5.3211048504838825,0.9983161410974789,1.0
4.214803139719079,5.468174546179565,0.9984162716881217,1.0
3.5219338614543054,4.580237849447146,0.9981556240769618,1.0
3.3237277769644344,4.581945403868219,0.9980926200210298,1.0
3.6184013961328056,4.7653703758772705,0.998893829364514,1.0
2.39939694995914,3.507996554318312,0.9969269526384671,1.0
1.8207742180328967,4.366238457658909,0.9990154860161764,1.0
1.5209624968835733,4.09881709273771,0.9965971289485294,1.0
1.5526515156772576,3.9133941552637483,0.9963811249994009,1.0
1.9704594622043043,4.445736549957009,0.9992667733223692,1.0
2.3484757652952353,3.897951388969187,0.9966548507336773,1.0
2.219978439470159,4.171797811141854,0.9981382547146728,1.0
1.9622795701594893,4.192341366376198,0.9988613503765905,1.0
2.193413971650685,3.6957570792645207,0.9968308522966712,1.0
1.8125943259880817,4.112843274078098,0.998387913002915,1.0
1.7222056133244006,3.93676850746805,0.9974595637951738,1.0
1.8180849695458792,5.7256867045168605,0.9991913951342887,1.0
1.4905998045611144,5.666046882013603,0.9983728828208075,1.0
1.6114932258031127,5.736767892186683,0.9989718332257199,1.0
1.9196949390519922,5.626436606243073,0.9988004855839729,1.0
1.795447969453759,5.412073442335102,0.9973799253897326,1.0
1.5729445787056477,5.440602530435808,0.9972443664872527,1.0
2.5869167750017783,5.507115738058609,0.9986566742877528,1.0
2.465251478303387,5.457664435840935,0.9981705602754614,1.0
2.8769833114059598,5.289122587193383,0.9989765179099492,1.0
2.804820554825699,5.463101592971,0.9992004737964048,1.0
-2.9000742374053403,5.383801772645531,0.9996645246467387,1.0
-3.0362153293432943,5.419852552781731,0.9998338217044671,1.0
-3.0122255971306635,5.623437755719142,0.9996153114750488,1.0
-3.0784478799443935,5.521344487419522,0.999812331772759,1.0
-1.5332546990567166,4.030157496309105,0.9974852432766631,1.0
-1.1671846588707153,4.287674038414244,0.9949874311776922,1.0
-1.7032444849585675,4.408378186967727,0.996823183183786,1.0
-1.661472437482028,4.553413215240166,0.9966158076650823,1.0
-1.5084242800071082,4.286579282894469,0.996446369434096,1.0
-1.38796552625416,4.362788482520784,0.9959987497690999,1.0
-0.2767878635122673,5.550693764608025,0.9987603859716906,1.0
-0.5223647061554164,5.506018836793736,0.9986701747200294,1.0
-0.42866336712975234,5.724573002342548,0.9987682887783853,1.0
-0.6742402097729014,5.679898074528258,0.9984860322980231,1.0
-1.144158052247814,5.282681598438504,0.9977196348352271,1.0
-1.0875120804386291,5.064422291700709,0.9981050778955675,1.0
-1.296473250671821,5.061363711422685,0.997442088995755,1.0
-1.3213584417824322,5.214373847647514,0.9970711586652773,1.0
-2.497313280920232,5.54683458030113,0.9995649966876433,1.0
-2.609210786613518,5.336841300197212,0.9996241607034616,1.0
-2.6354399003252125,5.6360143586972065,0.9994351009443722,1.0
-2.7547226724654394,5.671462584525153,0.9994139407920228,1.0
-2.83854117094215,5.567962805318284,0.9994824392599062,1.0
-2.768622361817927,5.429818756882459,0.9994903216179722,1.0
-1.7881289128181603,5.051829286921179,0.9972172250814266,1.0
-1.5463356098925993,5.269048434512599,0.9964433108213452,1.0
-1.627914421756162,5.41820019881731,0.9963366741721121,1.0
3.314712491566692,5.830440676439578,0.9995031638730665,1.0
3.157385624875044,5.910151421418608,0.9991576965553873,1.0
2.9505329398532463,5.884730194560713,0.9989447325641193,1.0
3.063881015559821,5.791512260035366,0.9992867850257939,1.0
3.170705867649166,5.721293387497311,0.9993639300879403,1.0
4.766433012267902,1.378593210514814,0.9987246583800404,1.0
4.64204223973213,1.28623931137845,0.9991657842547421,1.0
4.925508542640842,1.3576621809570446,0.9975527231358914,1.0
5.022227061361806,1.1911270460828451,0.9960406996878245,1.0
5.0314055148735655,0.9510319663587984,0.9944217392062416,1.0
4.784970612038189,1.0054229418873932,0.9974047851409815,1.0
4.941552556443761,0.8390209177751435,0.994744450095945,1.0
5.049816319912661,2.060860820196796,0.992624197125071,1.0
5.191073353324204,1.9514873294100645,0.9917517435137955,1.0
5.078562154781319,2.2403439325001506,0.989963095067057,1.0
5.398376237964761,2.0157042942869285,0.9871508213841491,1.0
5.330655235783248,2.2183287618583534,0.9858569691533755,1.0
5.152098186011351,2.333594909284843,0.9875226790523092,1.0
5.539238412951022,1.9647720294241928,0.9846911008443827,1.0
5.5044989959002,1.9035603033302664,0.9861837062286304,1.0
5.6831007991739,1.727445801063307,0.9838703045861158,1.0
5.6483613821230785,1.6662340749693805,0.9851523790029421,1.0
5.439337035476299,1.7500280319560686,0.9889027803360736,1.0
5.266773567886562,1.747022793173131,0.9922008829443191,1.0
5.137153547990752,1.4407537732452058,0.995069023224412,1.0
5.119670987093309,1.5917607169693502,0.9951962180256075,1.0
5.233872066711716,1.2742186383710064,0.9932943904724449,1.0
5.615133160521315,1.2673257390315997,0.9878408747308884,1.0
5.583199421699177,1.512701803595183,0.9873950443870171,1.0
4.459093463007758,3.844409770929649,0.9901854859060985,1.0
4.491395326674492,3.682491797154705,0.9887956945810025,1.0
4.597060224214938,3.690009520739976,0.9891035228514499,1.0
5.713338738950135,5.148829392526846,0.9972622305745352,1.0
5.653433372950261,5.013043676294513,0.9980474429362907,1.0
5.716420623934547,4.880018854765135,0.9984169552401905,1.0
5.808159022216837,4.843329785026071,0.9982906285613329,1.0
5.803332148684613,5.008093095854789,0.9977559362896428,1.0
5.771499116402197,5.180567881826185,0.9968238819950123,1.0
5.425210064774075,5.18250519524132,0.9971569095212315,1.0
5.4720941968833285,5.048631904039249,0.9978022173019931,1.0
5.399307139448399,4.87882536256674,0.9979013191765397,1.0
5.204826247440574,5.174873729798433,0.997241957003806,1.0
4.998250215293089,5.058453943433562,0.9986231703279985,1.0
5.180607040619201,4.794687099036208,0.997983724681057,1.0
4.992621714784768,4.8575294907220785,0.9985729469663509,1.0
4.485516976653213,1.1587135172045606,0.9992517203116159,1.0
4.383361035936882,1.2094787839236487,0.9994150823845447,1.0
4.53650109187533,1.2678167817977954,0.9993260607946943,1.0
4.391419555674044,1.3269554696132138,0.9993593944871588,1.0
4.4819034569112475,1.370814288063692,0.9993514239542803,1.0
4.290793801756721,1.1749862972743752,0.9994641932683865,1.0
4.231227818855189,1.2570569557537568,0.9993372560212336,1.0
2.6424251799612777,-0.09243728960005508,0.9945348292355598,1.0
2.622972349677988,-0.45194603172858133,0.9925390451467648,1.0
2.473892121052183,-0.35763184597114694,0.9921072373202547,1.0
2.4168123036020557,-0.1737351224718419,0.9946126494157683,1.0
2.822986334746323,-0.41780233039089393,0.9952750823182319,1.0
-1.560648147919781,4.8199401059960545,0.9964282098471787,1.0
-1.4916594547072604,4.878585774950978,0.9967388958897901,1.0
-1.9633412647521233,2.5898047661927435,0.9970522034900672,1.0
-0.7120509408872996,3.3146488148143463,0.9979346395991341,1.0
-1.2761621727689099,2.47323224304458,0.9992279609671386,1.0
-1.1293114334624406,3.2710659471523367,0.9985136713675432,1.0
-1.1299415302422535,3.4950775531707916,0.9975055114041824,1.0
-0.5598433468643919,3.999690274657276,0.9955752694688985,1.0
-0.564832811819089,4.289776560613209,0.9958981700072673,1.0
-0.6670668150808172,4.405310275254528,0.9966641669116293,1.0
-0.7813622936669015,4.309403375267027,0.995605897331133,1.0
-2.5261717256787617,2.2488955468766743,0.996004154341635,1.0
-2.4630321047299213,2.4086370786429216,0.9971158513999799,1.0
-2.541194936961174,2.77242799782225,0.999419812906756,1.0
-2.4042887431116706,2.6806704054457273,0.9990056773021676,1.0
-2.05450658360316,3.901017522084015,0.9976810223285698,1.0
-2.132740677805735,3.406791845700034,0.998876000735292,1.0
-2.3345078117205347,3.5481107568338057,0.9984639846388391,1.0
-2.544574761050091,3.4297907834319172,0.9988910843936152,1.0
-2.6940823201519564,3.626576029712348,0.997099639834466,1.0
1.9322214879910886,-0.31659697306013435,0.9955418132840371,1.0
2.2745736874456166,-1.3069340906896967,0.9984431240447198,1.0
2.0968457372533345,-1.3918529001004032,0.9988828990358815,1.0
0.9122604558478482,0.19623208681411075,0.9940618006967828,1.0
0.9529187124220163,0.14048078297375324,0.9951258066280827,1.0
0.8925158208412688,0.13196838562968902,0.99487996425496,1.0
0.7363728050973517,-0.43643461416252843,0.9971600305220042,1.0
0.3443090334798938,-2.0403759590214894,0.990501272559966,1.0
-0.7508193982715431,-1.5003643991197668,0.9995886299322615,1.0
-0.4862105862333159,-1.6160012833011541,0.9990433403359025,1.0
-0.6668682955304851,-1.6431457375177807,0.9998286094160134,1.0
-0.1244788460179634,-1.0367876484297998,0.9924205389015134,1.0
2.64213874369563,1.7622453820414767,0.9987217789531625,1.0
2.844909197664208,1.7334547665498476,0.9977496831260043,1.0
2.691254286351994,3.114505252600472,0.9954847496470504,1.0
2.8511641919786936,2.9731035883661785,0.9938573239336945,1.0
2.916078197085245,2.7436110572861843,0.9907474069784561,1.0
1.9393950330146499,0.24784276856601029,0.9978480243036052,1.0
1.482637649516465,0.16421124734209247,0.9953556537372318,1.0
1.8147324764497583,0.1303776308314243,0.9967938908979752,1.0
1.1217909030757311,0.5910102243295983,0.9914612052387342,1.0
1.2754551909989766,0.3273805500885058,0.993875876538783,1.0
1.5073488949425184,0.37688413631882245,0.9957202772748223,1.0
2.9138256188611336,0.773386484279604,0.9989968240491348,1.0
2.8941966904837995,0.6968105426841609,0.9989876156809145,1.0
2.3578535935289007,0.7412007209565615,0.9984922951930542,1.0
-1.2153141452716183,0.46119240700825187,0.9969830848521603,1.0
-1.3067705943341588,0.27105640876856807,0.9973715836346863,1.0
-1.423083304897612,0.2096860610045684,0.9982122109065378,1.0
-0.9414644334657742,0.9236403170969544,0.9989377429911006,1.0
-1.0324256341080646,0.8657634034413869,0.9985217558372136,1.0
-0.7122125579766623,0.6639295253663177,0.9989122694451479,1.0
-0.7097709487496534,0.44647679451249217,0.9980208525666695,1.0
-1.0922722772898892,0.43292639243016523,0.9967985263353291,1.0
-1.1123958726623842,0.2561530510504877,0.9964870175807928,1.0
-0.9508363447340642,0.20260773658066977,0.9968653687282537,1.0
-0.9018409139238113,0.3891155974370039,0.9972378854752403,1.0
-0.9952437237931105,0.5486914146352619,0.9975816204549474,1.0
-0.8633841506507123,1.3114439033182659,0.9998128591228455,1.0
-0.4394073713639539,1.215025053271493,0.9996832181568561,1.0
-0.6855495215185498,1.3167916123182177,0.9999003724072846,1.0
-0.24400013046553473,2.0020003969388704,0.9984518580345627,1.0
-0.2010205950792742,1.775997488928961,0.997939500609136,1.0
-0.7450255565774327,1.7908460623740339,0.9991200958949322,1.0
-0.734533465751707,-0.11935966091305368,0.999179611723332,1.0
-0.6578873652766172,-0.3056704926074921,0.9993869126862795,1.0
-0.5264776294454817,-0.012523539701193501,0.9992738862261238,1.0
-0.4057869501348037,-0.032934240925162804,0.9994165075705791,1.0
-0.4491419205823937,-0.3853517848877681,0.999451802679627,1.0
-1.4008572779459645,-0.020068949102641415,0.9981050459762711,1.0
-1.4455656371242267,-0.14667134720012007,0.9981158840614687,1.0
-2.264857968360193,1.9756459860227489,0.9979541989402532,1.0
-2.36471049254656,1.807426560371116,0.998637470389969,1.0
-1.9974039387762879,2.3095478715014592,0.9959434067835976,1.0
-2.068740700458467,2.093689538007134,0.9969797834321849,1.0
-1.4599310969514312,1.8592902396116175,0.9967341705977394,1.0
-1.6240066679399303,1.723383931763018,0.9971476150117796,1.0
-1.9109895117224829,1.461318444640025,0.9989167977381436,1.0
-3.857047202745523,5.56175917205643,0.999287287025646,1.0
-3.9229724137213897,4.450317617026033,0.995976216997787,1.0
-3.367576638905247,4.69367052047349,0.9987066129125755,1.0
-3.569140339082754,4.864148488397844,0.9992656693841377,1.0
-3.6245178752819487,5.179856544428589,0.9996159448719455,1.0
-2.8378310719581754,5.132048760327934,0.9994871186540903,1.0
-2.7577023646328143,4.956227024793381,0.999280403721654,1.0
-2.506031350385552,4.7753258804258705,0.9989793141242632,1.0
-2.284964303967715,4.754172816346427,0.9987557177401194,1.0
-2.680092081486159,3.9519262304188785,0.9949574423164326,1.0
-2.0325015969775686,4.6084136865504695,0.9978348001852613,1.0
-2.2444550427062038,4.631841542763238,0.9984263394494602,1.0
-2.342923486527733,4.548655943832665,0.9983494302662512,1.0
-1.9119703248290711,4.432105768903576,0.9972366487335734,1.0
-2.2403281435793776,4.297019182421178,0.9974172673635107,1.0
-2.646225724352079,3.3038962060100077,0.9990544589213102,1.0
-2.5941493636528015,3.131528186984483,0.9995666172263622,1.0
-3.6825114461697797,3.5555678781870657,0.9827717485364451,1.0
-3.062296225725889,3.7487828525484352,0.9923523975198072,1.0
-2.9145491999573294,3.6402130494647995,0.9950721250339848,1.0
-4.258743961776314,3.9537966548850427,0.9891290619381309,1.0
-4.114819050886244,3.9612491566750117,0.9882455334488309,1.0
-4.022577522147326,4.0732521772566335,0.9898546200918971,1.0
-4.185464672856749,4.280793039470878,0.9925010828496161,1.0
-4.357361561606118,4.199677545412151,0.9924977108538916,1.0
-4.345631582650401,3.8535933776991946,0.9887548388265711,1.0
-4.326559752903157,3.7439823708519175,0.986947600673842,1.0
-4.503242077451506,3.9153146038354936,0.9919962841160263,1.0
-4.625524266575894,3.729250775082482,0.9915471600440258,1.0
-4.5234167276472705,3.525377278714507,0.9864807837912424,1.0
-4.3820627087756385,3.601830100620241,0.9855166505230796,1.0
-4.2261806912145,3.706955490413297,0.984945127820896,1.0
-3.8722442936123422,3.593347743661871,0.9810636430960186,1.0
-4.2816836470869815,3.5648032201816204,0.9832198194312475,1.0
-3.9268557583063504,3.8036693001908133,0.984396979686021,1.0
-4.1013276100716745,3.824018999050543,0.9859344455077518,1.0
-3.9951832685610076,3.394151551401175,0.9810770920462653,1.0
-4.169567240007114,3.423980809385578,0.9814001602010294,1.0
-4.241483433534685,3.022104237016268,0.9838417706845461,1.0
-4.157024299961171,3.0548208744185086,0.9842695706551408,1.0
-4.287207521051745,3.2461245043501794,0.9819147764469527,1.0
-4.202748387478231,3.27884114175242,0.9815979609291622,1.0
-4.159672392810319,2.5736908757778068,0.9916452410724619,1.0
-4.135855804627284,2.396223149833484,0.9937132273211541,1.0
-3.9565207303818046,2.3559272414900927,0.9951844665292622,1.0
-3.8657911665071345,2.4498157419634286,0.995360545719196,1.0
-5.159219560584316,3.181972302868933,0.9868920113750859,1.0
-5.0477476001203,3.1457094559382206,0.9855431865387749,1.0
-5.158173259642148,2.993505576086079,0.9879873449114368,1.0
-5.046701299178132,2.9572427291553667,0.9866196733807373,1.0
-5.893630790747056,1.6572815823923566,0.997597784519318,1.0
-5.40033823524914,1.4049467782855156,0.9980664079647054,1.0
-5.538396082696775,1.2380100808066328,0.9977856962756222,1.0
-5.75462188655229,1.270458157667824,0.9956881976044248,1.0
-5.179781907775059,1.1472554157239767,0.9994556807209923,1.0
-5.1802382575507675,1.1260265417045765,0.9994425709212615,1.0
-5.335586306399629,1.2831153249037357,0.9988792265594606,1.0
-5.336042656175338,1.2618864508843355,0.9989443108097636,1.0
-5.190772210861333,1.7932734791288547,0.9967991474800205,1.0
-5.160971223293888,1.5859114351009673,0.9974746175587045,1.0
-5.254958471308437,1.7129323219759722,0.9972010819395795,1.0
-5.065485740912419,1.8391230694118226,0.995739473859562,1.0
-4.9063538384708965,1.8047710719398513,0.994880215258719,1.0
-4.891079743347863,1.541263171240882,0.9974424018081463,1.0
-4.785302035243734,1.7039524606156526,0.9952738814867936,1.0
-4.738728718186336,1.613315037074656,0.9961820655806782,1.0
-5.7705493960653484,-3.3074068576289384,0.9989716029045738,1.0
-5.7352073978357785,-3.2632715884192045,0.998898472867039,1.0
-5.722220296838308,-3.466765119243212,0.9989519978979629,1.0
-5.686878298608737,-3.4226298500334784,0.9989076421237015,1.0
-4.581776993478524,0.5650178032715895,0.9995418429900439,1.0
-4.489485830544704,0.6706452842768869,0.9992312707286437,1.0
-4.743985834871512,0.6658213481217471,0.9995855966256865,1.0
-4.861004304322279,0.8482322231971248,0.9990697532743691,1.0
-3.9263709254455517,0.16347612654108387,0.9920084530919873,1.0
-3.527710612093919,0.27799631917083784,0.9949060419779091,1.0
-3.4357014514624535,0.04824631710484203,0.992601074975322,1.0
-3.834622249144098,-0.08947187698541341,0.9876017348278066,1.0
-3.6055254722778556,-0.11991892688492072,0.988218267321578,1.0
-3.3025543223500082,0.2535788129084775,0.9961754661274269,1.0
-3.2453231247281953,0.3665898854635419,0.9975581122422249,1.0
-3.099686290569886,0.14985191080138746,0.9958496386930826,1.0
-3.042455092948074,0.2628629833564518,0.9970822748185946,1.0
-4.206366746838769,-1.2977419350750912,0.9983631272627914,1.0
-4.2210679659443295,-1.187389502398701,0.9984930874244285,1.0
-4.9655483368872675,-0.3244557386063516,0.9964567814232003,1.0
-5.185661030640446,-0.2822130246255578,0.9969609816044914,1.0
-4.896465909723729,0.19552628741651853,0.9979511255508257,1.0
-5.2140820688255,0.12798045278405024,0.9947753690555446,1.0
-5.339590175780654,-0.08105114424818065,0.9942869292484025,1.0
-5.372251538243751,-0.40995626119472056,0.998331492056267,1.0
-5.248965942402985,-0.3591079179379773,0.9979315960520545,1.0
-5.737701991986984,-0.8305518936018957,0.9987416612665339,1.0
-4.885265220306875,-1.2097629682870756,0.9992435600838269,1.0
-4.785597085570764,-1.328551516538974,0.9994350887677926,1.0
-5.075847690879502,-1.3938276690265285,0.9983206786139159,1.0
-4.779417063516548,-1.460612273694714,0.998970715356738,1.0
-4.880989447669678,-0.7273509670199836,0.9985478751672706,1.0
-4.8006135339878915,-0.5019241571958863,0.9967363163815337,1.0
-4.928146796885561,-0.43610177743133516,0.9973412064213721,1.0
-5.592005929585208,-0.8849711170085935,0.9992464770343996,1.0
-5.162259115886205,-2.331330879439898,0.9952950970533232,1.0
-4.952925700439743,-2.2223706382206685,0.997132561491056,1.0
-3.1482007244079884,-2.6173669852895447,0.9977320543123686,1.0
-3.286725514140281,-1.384503392838628,0.9966512131275377,1.0
-3.1933175098759228,-1.531871153964467,0.9966855421435314,1.0
-3.2381990088736132,-1.9100441773833534,0.9958129915624232,1.0
-3.5938419131229242,-1.09975203852054,0.9933381770651744,1.0
-3.5456881668750815,-0.7748248927505778,0.993188075815776,1.0
-3.772065276580749,-0.8965283821831985,0.9912006741847244,1.0
-3.0134439767377317,-1.1251161575541835,0.9995567672331774,1.0
-3.255314511891433,-0.9107743926149819,0.9978085746770706,1.0
-3.1712766483018124,-1.0577573416006505,0.9987565785047136,1.0
-2.196774866311844,-2.0695030143276596,0.9983262810311765,1.0
-2.3490807273914625,-2.0444676125752586,0.9983336147359463,1.0
-3.03814785325469,-1.5152277798093772,0.9976278728543411,1.0
-2.390673366016569,-1.4937625063938917,0.9961956074193608,1.0
-2.3528899623772497,-1.348539533510422,0.9963483018992086,1.0
-2.160626392594729,-1.538668974246072,0.9956804029619978,1.0
-2.12284298895541,-1.3934460013626022,0.9957179594926825,1.0
-4.3045749898601615,0.07796771162873473,0.9950750955712389,1.0
-4.343269098222122,0.2626130795938228,0.997311492726583,1.0
-4.036030373771205,0.18389278287093655,0.9932941218519187,1.0
-4.154493734549631,0.029499437053339683,0.9927867202141509,1.0
-4.44864345761341,-0.08281015074518668,0.9938198593038793,1.0
-4.68006395351939,-0.34683662020097766,0.9938509039354462,1.0
-4.527177945850596,0.08430561664351661,0.9966062976532091,1.0
-4.040172433794924,-0.5137865633422299,0.9893505990364441,1.0
-4.037605217884817,-0.7579559070411884,0.9932856673299819,1.0
-4.16083090470536,-0.7857101949516055,0.995118912659612,1.0
-3.4248239277491574,-0.540537676642249,0.9932568581915425,1.0
-3.41696289311003,-0.36912977172960765,0.9920146305869967,1.0
-3.0710868982474118,-0.4591396740228344,0.9973911168261131,1.0
-3.166519712431391,-0.12737942920837111,0.9946793168095339,1.0
-3.2655052104011353,-0.1172797442024504,0.9933484493492786,1.0
-3.158306567818075,-0.30687964573870935,0.995686665508859,1.0
-3.2572920657878193,-0.2967799607327886,0.9942374599738204,1.0
-2.9097898442745045,1.3795417104776542,0.9977769928152306,1.0
-2.562730780921796,1.6959416592718106,0.9977942544128271,1.0
-2.4478694067311224,1.5825170325029234,0.9987439452287448,1.0
-3.038470098623321,1.6447224250100572,0.996236485885338,1.0
-2.9141473515464704,1.8715022327868007,0.9943026907733122,1.0
-2.6742752687833646,1.8335253135285783,0.9961703969483783,1.0
-3.0923599958732217,0.7252923539261692,0.9992675651965052,1.0
-3.0179250821080728,0.9656135295849134,0.9991308209308298,1.0
-2.8718554444964295,0.5280922041306771,0.998886626240132,1.0
-2.750273485393335,0.8420456792584584,0.9991258468096701,1.0
-2.6310429574211196,-0.20896233543695786,0.9992855482559904,1.0
-2.7755863819871522,-0.05045643148409636,0.9978242808301967,1.0
-2.7313802868264614,0.25440243115789524,0.9976597684401789,1.0
-2.5263293936138105,0.35498691009492234,0.9977972500496899,1.0
-2.8311129982234378,-0.6705854519913563,0.9991384446660346,1.0
-2.834197239316127,-0.5226334615986948,0.9992011621458773,1.0
-2.676747012544743,-0.595706004726749,0.9995554493722437,1.0
-2.596095593143808,-0.4430845060094857,0.9996801336757585,1.0
-2.6879971463445806,-0.41901446078249255,0.9995716550145102,1.0
0.20066538377860108,1.9461251897444207,0.9988896890960993,1.0
0.33223947932017034,2.0021834089892985,0.9990478854420095,1.0
0.25589538014524277,2.2154329980731435,0.9996088715605869,1.0
0.12161624166619352,2.205271098882003,0.9996500970019805,1.0
0.03512660545639257,2.1250597358437826,0.9993389711932066,1.0
-0.11103882594690943,0.29717414008482024,0.9980000997206271,1.0
0.09534274271369518,0.3952011690465014,0.9978864858942383,1.0
-0.2127258031226109,0.5250781847569256,0.9991917226919158,1.0
-0.16860854314408216,0.6641361122499626,0.9997012776731097,1.0
-0.3803686822184205,0.8116186406594993,0.9995487440534272,1.0
-0.27851519029492194,0.758788148874349,0.9996541502785865,1.0
-0.2861449527628042,0.8787567521073282,0.9995630418743828,1.0
-0.4450720208895129,1.0799730698662666,0.9996091088292997,1.0
-0.5694956322536706,1.1620214975978869,0.9997815185954055,1.0
-0.6137458205728068,0.9974046314052428,0.9995432757274973,1.0
-0.5341881012239457,0.8571473397017778,0.999458356795088,1.0
0.18786577896688547,0.9240512222394127,0.9985263157589285,1.0
0.309822538607792,0.9176601720776804,0.997502239068133,1.0
0.22254774973116773,0.7689391847502529,0.9984968285759234,1.0
0.3445045093720743,0.7625481345885206,0.9973491667607555,1.0
5.47489936888984,0.872948422842127,0.9889031396985133,1.0
5.750033437917923,0.8063230619626575,0.9859012018009324,1.0
5.693732421942262,0.6982156900599475,0.9865661406484886,1.0
5.594381257544349,0.8665727065684283,0.9877168629964223,1.0
3.499796883836778,-0.2139058664801142,0.9987732899249323,1.0
3.4989120228655737,-0.7459357155722494,0.9993045680296364,1.0
3.586785377286844,-0.8234332157260514,0.9990692449794063,1.0
3.9929813542378274,-0.681592036467244,0.9972777335435303,1.0
4.375817278529113,-0.9982872674558875,0.9973928830529838,1.0
4.312001916139505,-0.7492540310917258,0.9978433777978448,1.0
3.8214684641479053,-0.8533867688080768,0.9978914530002821,1.0
3.892825831645735,-1.0387959467415442,0.9969808725810927,1.0
5.126608024405479,0.33397642678169487,0.9896068095128303,1.0
5.107554575105631,0.5121805287120385,0.9902916509584809,1.0
4.766906205038713,-0.8913309538833408,0.9987926553236448,1.0
4.795061444814104,-1.002492985608531,0.998644677089946,1.0
4.869134020095626,-0.8524458406368183,0.9988768287160393,1.0
5.01216429746617,-0.8826385834245846,0.9988785307996983,1.0
5.26881420418331,-1.0090324475803458,0.9989647987896008,1.0
-1.425328862741629,-1.8258110477690235,0.9959706578224967,1.0
-1.4193129770178292,-1.9067626114482452,0.9960171472096355,1.0
-1.2897292750333096,-1.7783993396145898,0.9971197294398804,1.0
-1.2837133893095098,-1.8593509032938114,0.9970381417310469,1.0
-1.4739285277354945,-4.250113090656336,0.9962459882196544,1.0
-1.575599915545628,-3.978796440819881,0.9966072060005154,1.0
-2.043827921631149,-3.228818728001031,0.998924590982426,1.0
-1.62105293215069,-3.871457756733983,0.9971216758996514,1.0
-1.7291483488509636,-3.8916896934433005,0.9975508961102251,1.0
-1.8459825107377068,-3.730142493409588,0.998660208099613,1.0
-1.6975922574708988,-3.573938929089026,0.9981481830698932,1.0
-1.8553665983711902,-3.4998526677013957,0.998725638262479,1.0
-2.4198652638947045,-4.228877137536803,0.9991705077945273,1.0
-2.492684002481727,-4.186915002041929,0.9994403311267985,1.0
-2.0728205526116508,-3.727394847312189,0.9994498013882968,1.0
-2.3748301601615434,-3.7180020602527493,0.9999104216115802,1.0
-2.399643258956998,-3.84030510365328,0.9998165041407,1.0
-2.0372467021313283,-3.914448691532209,0.9989919718924637,1.0
-2.2007167001287073,-3.9841793252260396,0.999398607883519,1.0
-2.520327533124453,-3.9280765103956568,0.9995863321586632,1.0
-2.692014599352053,-3.933360431433309,0.9997440668914306,1.0
-2.626489999089128,-3.8276252343084542,0.9996048992925148,1.0
-2.5292953579204407,-4.115805232987593,0.9995426785638264,1.0
-2.6729181934176864,-4.159455458435537,0.99984335390927,1.0
-3.3167727010057355,-2.532284610621769,0.9985109758224444,1.0
-2.7489901756388107,-2.7813587757020835,0.9957009725396484,1.0
-2.3268794513846713,-2.8193043490073677,0.996868866170391,1.0
-2.5182615038494447,-2.880559289126855,0.9962472101616363,1.0
-2.3050599366591062,-2.717616680776022,0.9969322376057104,1.0
-2.295839065559188,-2.5247058932466158,0.997740876952577,1.0
-1.1232242982260854,-1.413031254413587,0.9977136460650378,1.0
-1.2526025817577695,-1.3459729102715758,0.9970253286366666,1.0
-1.4659721857368364,-1.1236580176723836,0.9971149864338299,1.0
-1.3968641733405844,-1.1254499465874164,0.9969077892098598,1.0
-1.346096413280099,-1.3509113012013367,0.9969531553372706,1.0
-1.454393257375896,-1.3742070264108595,0.9967275997245242,1.0
-1.469359912334581,-1.2267606281449146,0.9969588336260051,1.0
-0.738880755102944,-1.714421669826651,0.9998983259366856,1.0
-0.7101217907725529,-1.7007531104747446,0.9998895156969317,1.0
-0.7973432206583633,-1.6462240078260566,0.9999026875880223,1.0
-0.2116771267919161,-2.721932478450583,0.9933610454537791,1.0
-0.08041048252631337,-2.8520467362732895,0.9941220463698448,1.0
-0.5261827916839424,-3.256912925559025,0.9992190020904786,1.0
-0.6341061580461419,-3.062842281996089,0.9983286342060913,1.0
-0.31922277437978774,-3.945736331620226,0.9979434513629509,1.0
-0.9134519417581762,-2.7244878640345043,0.9988105888658134,1.0
-1.0154445214876553,-2.7560728126857943,0.9992996043878042,1.0
-1.5323124420131193,-3.367206497556753,0.9977896385062204,1.0
-1.4079848934458319,-3.0796358111652524,0.9985783634495945,1.0
0.9019193229863959,-3.9402180713263752,0.9994135072362134,1.0
0.7324294824888801,-3.858519465730266,0.9994423692139914,1.0
-4.6652247679350385,-2.218501826417366,0.9990525030995595,1.0
-4.537445747344316,-2.2071044429283657,0.9991879744607962,1.0
-4.7207227532316525,-2.0247359495718107,0.9971721633703594,1.0
-4.533640868189454,-2.58059776951338,0.999892274769375,1.0
-4.565576415762833,-2.4978601710825155,0.9999370208220899,1.0
-4.44651176516784,-2.567662877221466,0.9999136087690574,1.0
-3.9724272487105683,-2.1595354192358243,0.9989220504863615,1.0
-3.765095832511274,-2.0632687931809035,0.9985684838096373,1.0
-3.9947821387837834,-2.369331221276495,0.9992663471146357,1.0
-3.77940340377209,-1.5636022889255192,0.9933367854492806,1.0
-3.7240823001786794,-1.2669320487743791,0.9920880735982783,1.0
-3.4994532319658824,-1.3157701674707276,0.9941769890006069,1.0
-5.223209301120478,-3.2482502762228873,0.995500203074434,1.0
-5.444693905835199,-2.707247468211945,0.9937624405156902,1.0
-5.355683712692077,-2.883033522629584,0.9945051973580045,1.0
-5.402118910945357,-2.5671622874477786,0.993056983797138,1.0
-5.194514805868848,-2.576770807541756,0.9946532059346812,1.0
-4.998357281478064,-3.1718520336592824,0.9929042365430146,1.0
-5.091287024778064,-3.212621457987362,0.993651027648516,1.0
-5.146650331366891,-3.154500599686745,0.9941403059243229,1.0
-3.812503657463825,-2.8054046044722853,0.9992254330272295,1.0
-3.731531593341207,-2.925124310522657,0.9991327675364364,1.0
-3.7947634730544597,-3.394407998793211,0.9977974318387448,1.0
-3.9683656093001516,-3.287432847850044,0.9985382253896264,1.0
-3.3722106899614683,-3.3679927694306997,0.9971627729796679,1.0
-3.4725283197859214,-3.139495507162602,0.9983688068727967,1.0
-3.2110162615548155,-3.3294662042753713,0.9968171148161491,1.0
-3.069806705806941,-3.1156230317954297,0.9966675654347554,1.0
-3.1869824575848678,-2.748270991730102,0.99808234593019,1.0
-3.0461222506971297,-2.840613000096948,0.9969005966738667,1.0
-3.5677744109713587,-3.819735975745123,0.9970169894083725,1.0
-3.7472909158023184,-3.739451364643083,0.9966191547569738,1.0
-3.676658050353133,-4.065848619740472,0.9973184843990134,1.0
-3.9135484272608245,-4.0758831198171395,0.9967993668697734,1.0
-3.935788517549275,-3.9046637467950096,0.9961745665738632,1.0
-2.118764458768929,-5.060400574319256,0.9956662284451526,1.0
-2.1538471478650707,-4.936617731376474,0.995658237950165,1.0
-2.346560750945246,-4.923642414649724,0.997070216105334,1.0
-2.2256378764227396,-5.204222107480224,0.9966864853001405,1.0
-2.6625615639290903,-5.135288100853535,0.9981045843690161,1.0
-2.5172637316339483,-4.950604098431071,0.9980995094472803,1.0
-2.6378920885530723,-5.376852909642175,0.998201035938653,1.0
-2.4067540708315653,-5.34896575710743,0.9977285932392465,1.0
-2.0750413135819703,-4.661148346239768,0.995873150499173,1.0
-2.1523826516344546,-4.79397613213454,0.9959759617187867,1.0
-2.2174245358306486,-4.481416873155063,0.9974700748569924,1.0
-2.34509625471463,-4.781000815407791,0.9972975945120212,1.0
-2.441561217564573,-4.712482427721791,0.9980337144054949,1.0
-1.8679843298222398,-4.65102386919787,0.9955760067210104,1.0
-1.7468540591441444,-4.77556088207996,0.9961052571729205,1.0
-1.5172285322372876,-4.582320074415693,0.9965235935550347,1.0
-1.5524432053143677,-4.6882829292162045,0.9967657305711558,1.0
-1.1829588415459487,-4.93848728740053,0.9980374651828231,1.0
-1.039472975517623,-5.155206139723566,0.9980003005971131,1.0
-2.165114773939991,-5.764631553812648,0.9990673622815327,1.0
-2.423383861114084,-5.707295021436333,0.9991702834933235,1.0
-2.372235233802242,-5.524936728561582,0.9986209166418019,1.0
-2.9876964103084176,-5.682739392674456,0.9991666133698855,1.0
-3.225137445473076,-5.6474347787064,0.9976545279240492,1.0
-3.218354605166818,-5.740400153272266,0.9979178739833807,1.0
-2.9409885619140677,-5.843689519964916,0.9994763274185482,1.0
-2.8926994349912007,-5.752949416185165,0.9995691302701362,1.0
-1.2439948092895179,-4.6252666173195705,0.9970091860016209,1.0
-0.8456364761973448,-4.049802850306858,0.9959774231921064,1.0
-1.0268481990458296,-4.100371073956652,0.9957609246742595,1.0
-1.0115517287520641,-4.271683527097141,0.9954527426701902,1.0
-0.9307524441309841,-4.563902419103669,0.995258525184061,1.0
-0.7103733681404796,-4.816301265880999,0.995169703630511,1.0
-0.8861054602841056,-4.764407658894495,0.9960154590270999,1.0
-2.9891784055321913,-4.310094366473694,0.999583068805137,1.0
-2.884800812719192,-4.2793844378715535,0.9998021704729436,1.0
-3.0662171008733465,-4.083373465226074,0.9995465171673256,1.0
-2.972933466377487,-3.9754755874615895,0.9997135932777466,1.0
-2.6635487289850377,-4.511971080788739,0.9992288694065438,1.0
-2.7487305926897103,-4.367785881329926,0.9996101227149006,1.0
-2.6263885323281184,-4.280464921045721,0.9995965985816334,1.0
-2.5379894501190123,-4.306047277978436,0.9993540010420964,1.0
-2.4651707115319894,-4.34800941347331,0.9990209497157485,1.0
-2.3780953125777877,-4.477023122393586,0.9981979320878352,1.0
-2.4508255636107883,-4.556036898357051,0.9983496203602338,1.0
-5.220906627383678,-4.380618435366678,0.9972463579812895,1.0
-5.2442664584897605,-4.397794823975446,0.9972441681448417,1.0
-4.55180025784611,-4.460297953790256,0.9973495769900295,1.0
-4.845237498429389,-4.693354767806787,0.9995883352009908,1.0
2.460948438592199,-2.5362857553857237,0.9955806500677564,1.0
2.291802859552369,-2.903401713986258,0.9988068946153618,1.0
2.3240253929789634,-2.7576895487973387,0.997919850585541,1.0
2.16530500347313,-2.7397176312519065,0.9983964856343994,1.0
2.2088556509018304,-3.013488182677204,0.9993262972471071,1.0
2.1137945345913227,-3.077616100066214,0.9994421962156899,1.0
2.0380213537360277,-2.9495577138298352,0.9992730339034979,1.0
2.4028844139762415,-2.910727700225754,0.9984907299412478,1.0
2.6430626033773206,-3.119032624358992,0.9995386542702452,1.0
2.565797153602684,-3.2140809489538777,0.9991978963745491,1.0
2.421962328364934,-3.139406181029951,0.9990722252681934,1.0
3.3336253914333045,-4.156999581473866,0.9940688360299573,1.0
3.7752958488130433,-4.1598845803433475,0.9942986528180783,1.0
3.565317550731374,-3.9656967952494457,0.9956024166312603,1.0
2.375639916275656,-4.863282086348625,0.9991681730006399,1.0
2.4992870988270455,-5.237428481318317,0.9982540636103053,1.0
2.462818479709647,-4.502730460569242,0.9964172322472852,1.0
2.4376662727130842,-4.307590142762501,0.9951152729094325,1.0
2.2782604079753774,-4.237552740555594,0.9951323700874537,1.0
3.3934803985508943,-4.488769810577147,0.9938957971564438,1.0
3.2031640426497243,-4.375139981504899,0.9923376523598297,1.0
2.761507417099953,-3.1976112325021053,0.9999539281302121,1.0
2.812059349498361,-3.3646331020105955,0.999876689977682,1.0
2.90713360641992,-3.356114734035392,0.999910443869946,1.0
3.2488278111498885,-3.6740072701579223,0.9978563153641236,1.0
3.0984441626750683,-3.625213873405265,0.9984035440822251,1.0
3.059538281062616,-3.4224753741465292,0.9994971656827486,1.0
3.348755908473475,-3.6720124717264713,0.997750094495028,1.0
3.4518012090327006,-3.615088392365655,0.9977459227490658,1.0
3.2615128429018925,-3.208404110246187,0.9992463987276363,1.0
1.7146330194021469,-4.629374266862514,0.9974991437675256,1.0
1.8445691939018962,-5.071780880547496,0.9990048114733092,1.0
1.864795170352673,-4.806730701584466,0.9987243041059554,1.0
1.8260476183313579,-4.072206848122952,0.9965862947770151,1.0
1.9518966716584536,-3.960126695570601,0.9962858945574854,1.0
1.8508487851499484,-3.9585149061527094,0.9967502325995581,1.0
1.665266520322353,-5.8415376240189,0.9953645526842577,1.0
1.6732867589759801,-5.727573830368899,0.9966261033316389,1.0
3.466695554167817,-5.01322323815986,0.996776424023623,1.0
3.6410541123610827,-5.071651169394413,0.9966285652875789,1.0
3.2382002649113613,-5.696681041466971,0.9987991267191425,1.0
2.7137585162246265,-5.806487559237873,0.9982703213168302,1.0
3.1311964042095273,-5.873813593845394,0.9991158241314789,1.0
3.5264247499521892,-5.789741727269622,0.9979048975787453,1.0
2.899531789836999,-5.361733748873786,0.9991210338634552,1.0
2.7632625529770425,-5.528249328757148,0.998565256741064,1.0
4.14139279594679,-3.0178731604920785,0.9933414715629483,1.0
4.2813035711310565,-3.2667904088593964,0.9929054309228275,1.0
5.087631236448618,-5.717542727346174,0.9986875087521608,1.0
4.941004310909247,-5.800985951900581,0.9981878808669158,1.0
5.380132154976908,-5.452539330471541,0.9977046856959896,1.0
5.496144580149353,-5.3176362078032104,0.99643359565749,1.0
5.200601483378567,-4.99110010628079,0.9975709063474255,1.0
5.434381982748402,-5.041493870311258,0.9973758576200563,1.0
5.489153792507678,-5.19757053034525,0.9960216242190815,1.0
1.9978432753966953,-5.366187378602692,0.9986383798681956,1.0
2.1223749377041337,-5.554416644029634,0.9974072646844104,1.0
2.1696742305359895,-5.516900981645928,0.9975576352486999,1.0
2.096819124716769,-1.7334806411151507,0.9991732841421209,1.0
2.2249105592262737,-1.6368736984985512,0.9994674823691527,1.0
2.750452116307185,-1.3470987187045287,0.9968380875747487,1.0
3.530214113854223,-0.8927568316510351,0.9990852153350773,1.0
3.669974004550973,-1.1985508092807973,0.9973142389615993,1.0
3.6688284856186866,-1.0173639847347047,0.9982377298398506,1.0
3.444849281865116,-1.5910018219000859,0.9974807636641385,1.0
3.4583224030701696,-1.2797192687155252,0.997781766158844,1.0
3.2295440946868545,-1.7061265085407689,0.997565235248576,1.0
3.0666798481564936,-1.6258373156682904,0.9968740163521508,1.0
2.9786727290315205,-1.4307920330827872,0.9963646004156703,1.0
2.923114881495259,-1.237212473447979,0.9961307599275863,1.0
3.3568593683036085,-2.0729115862913017,0.9989979680751923,1.0
3.5938906903898236,-2.139504504994882,0.9983498968608544,1.0
3.5446875209752373,-1.9519608873657184,0.9981140861393617,1.0
3.415928431345364,-2.340523762903837,0.9993852664572802,1.0
3.309103614418515,-2.26384179825596,0.9994387516389532,1.0
5.512771941318211,-3.5221239260703747,0.9917604107916929,1.0
5.719657921155611,-3.5703156093062227,0.9920485290927679,1.0
5.780473680711559,-3.764966387553765,0.9937640130679747,1.0
5.804180163206701,-3.6912753902730064,0.9928380391510104,1.0
4.816978538977719,-2.4082942826673817,0.9984301711900145,1.0
5.469047268626373,-3.299900960731353,0.9918644843471928,1.0
4.9049422026195675,-2.0119313854575633,0.9986039111361573,1.0
5.060124113710505,-1.9766069466914704,0.9993974732303883,1.0
4.295728294519506,-1.914220992980675,0.9948097672836218,1.0
4.108052074716354,-1.8928472987579024,0.9947925813770775,1.0
4.096165609901883,-2.1726243455806817,0.9948071999425333,1.0
4.350415296403279,-2.380416207703025,0.9950803321942538,1.0
4.604377255757298,-2.1743112064741363,0.9969074501194842,1.0
3.640534039817945,-1.6603887146430463,0.9966856190506986,1.0
3.6971120937702704,-1.8020287367418077,0.9964855532561484,1.0
3.781935791953449,-1.4651917234669691,0.9958992372264802,1.0
5.45477403331203,-4.227831612369504,0.9985689373664074,1.0
5.707117271062704,-4.289464688276911,0.9983006872820103,1.0
5.774910885168853,-4.131376332493725,0.9971857847276886,1.0
4.817787500893776,-3.952552211772721,0.9955295774808796,1.0
4.894823604143797,-4.231233620324649,0.9973142438539242,1.0
5.03891021741701,-4.217118981944424,0.9977484811490335,1.0
5.0288680487702475,-3.651461648100548,0.9933994167152806,1.0
5.8308930670307655,-5.556229330494122,0.9973985500741115,1.0
5.770936551219106,-5.4360709968862695,0.9970794713782904,1.0
5.726597393523406,-5.672822096195136,0.9984388647410439,1.0
5.531764301091663,-5.630368255899455,0.9988173577519077,1.0
5.542790245075982,-5.50414719926405,0.9981367418220518,1.0
4.944550101835354,-4.539059459285944,0.9982632171112773,1.0
4.8272316170877,-4.513302841505069,0.9976761534192613,1.0
4.659924917631833,-4.2446010001427625,0.9965631098042057,1.0
4.702056660829281,-3.974910164210923,0.9953088892739873,1.0
4.598067444668612,-3.726092017194516,0.9933131276236621,1.0
4.084101543434301,-4.07645282801577,0.9932104660865488,1.0
4.530479025495772,-4.353142183278688,0.9962741578874017,1.0
4.211230193702433,-4.497713195618997,0.9960152069695007,1.0
4.315230006142968,-4.3384297439890425,0.9957879853012621,1.0
5.296930975867221,-5.818067343125648,0.999138578121799,1.0
5.179963506986578,-5.735879702981136,0.9989334429316324,1.0
5.101645913522896,-5.796326593085161,0.998760649728881,1.0
5.3859163732963244,-5.731280874803107,0.9991559366185657,1.0
5.499099201966668,-5.806137016344855,0.9991611609006257,1.0
0.9213642044847091,-1.3846034507203884,0.9977721697406208,1.0
1.0672098256873683,-1.3616087768574447,0.9988420657858652,1.0
1.213054351253481,-1.5697566287806026,0.9980745955702718,1.0
1.1590390227000764,-1.421087371990014,0.9989270512656118,1.0
1.5279647662894564,-1.6683964608137511,0.997410989115187,1.0
1.5170621150526997,-1.5231303862558818,0.9984971959462962,1.0
1.3462695337279758,-1.6064768123172044,0.9979431584690799,1.0
1.335366882491219,-1.461210737759335,0.9989203135886221,1.0
0.5401320977553153,-2.7305166256512243,0.997620933765078,1.0
0.3276683539838337,-2.463622272077152,0.994377600726919,1.0
1.7981473978664015,-2.697055963545175,0.9990083740313235,1.0
1.6241170238346394,-2.707079075806304,0.9991507084462669,1.0
1.5672125448398921,-2.5219084268178853,0.9988775247639334,1.0
1.733509942192866,-2.269599703110251,0.9976143476765303,1.0
0.7538060625592529,-3.2340351383511066,0.9996302965537309,1.0
1.018502164249858,-2.9606647554483647,0.9995426717921656,1.0
-0.15185295694809783,-3.7684711657686116,0.9987286498203506,1.0
-0.3080732974398366,-3.588352652071,0.9983998378864288,1.0
-0.3480489583112645,-3.418886815216917,0.9986324272135678,1.0
-0.28315046222528767,-3.3087495366679125,0.9980408865886335,1.0
-0.09642297041422114,-3.195057484167855,0.997132325045261,1.0
0.7570482990386775,5.687454823724178,0.9972053616538672,1.0
0.8788655412924223,5.579742762124137,0.9969237245432223,1.0
0.9488576468441353,5.8060197188096545,0.9968018816184665,1.0
1.0706748890978801,5.698307657209611,0.9968734439214255,1.0
1.9906571366495929,4.838514240625519,0.9976616045301301,1.0
1.8917041483292083,4.977505837950676,0.9965727594358449,1.0
1.5233822019390173,4.971591243507285,0.9955458270924663,1.0
3.132071216935723,2.4552566308071673,0.9918821539978779,1.0
3.2738956940250774,2.463330197709139,0.9909830592918925,1.0
3.3709425556314447,2.5913081678801344,0.9912351277487431,1.0
3.109450065579757,2.6305461516890385,0.9906659889639047,1.0
3.210151211221406,2.720866552500462,0.9917172975475389,1.0
2.8050123143835894,4.23726995039778,0.9963132462762989,1.0
2.8978173370693128,4.313384629180418,0.9959546359038086,1.0
2.623556584437788,4.477284849123993,0.9960575921010885,1.0
2.7197038360023704,4.72887746113434,0.9967330110351502,1.0
2.912535857594715,4.575390886081872,0.9966904893131353,1.0
3.059985470559228,4.1031294687001045,0.9981435682838128,1.0
2.975910250640631,4.2353706128226625,0.9967830242289036,1.0
3.3761493308142363,4.215614471595452,0.9967955768717673,1.0
3.2215797692742947,4.390364790241348,0.9968613334181443,1.0
3.0533953767217388,4.381217732517672,0.9963197168379837,1.0
2.8743776202607596,3.6610350277492127,0.9997819936106443,1.0
2.9076581948020075,3.7015923278539535,0.9998248401038864,1.0
2.9715593246936804,3.607205752387331,0.9998451128354263,1.0
3.0048398992349283,3.647763052492072,0.999876748941699,1.0
4.270858992014191,3.6050177387507714,0.9885172264306372,1.0
4.418343680060751,3.6269428512323176,0.9884251399324476,1.0
4.359468381356089,3.4267099100597136,0.9872535768053953,1.0
4.184486594785912,3.5548970798145554,0.9893809783053759,1.0
3.6038957090038317,3.1248998835705084,0.9954840347404628,1.0
3.758807156030541,3.390882866092372,0.9953243996544875,1.0
3.857700469059687,3.3013713128988,0.9939375106970069,1.0
3.7895134041314193,3.1250841383906103,0.9937553987518543,1.0
3.704574942742388,3.078368244286267,0.9942491248186288,1.0
3.5659693422935725,4.016597940734517,0.9964384754175222,1.0
3.50039768842209,3.9481977448958863,0.9972051215501635,1.0
3.330567005742044,3.933845922050662,0.9984276150122533,1.0
3.382906888758525,4.054353635440213,0.9975566293464776,1.0
3.246303712702616,4.037544013942286,0.9983261786664617,1.0
3.5361794823476234,3.678734125650314,0.9970447403577575,1.0
3.49237395826661,3.8144551653164065,0.9975152442754349,1.0
4.026643228637017,2.6027725504015358,0.9909782736655902,1.0
3.9400305495822745,2.7347456806906716,0.9900378844248066,1.0
3.757650306079849,2.6482738751191537,0.9908164065046261,1.0
3.6834945631051315,2.404371968937422,0.991727723282027,1.0
4.533654812374918,2.634026384725565,0.9893979988653807,1.0
4.327782004978401,2.7737181981096497,0.9885314933787875,1.0
4.156975262995525,2.6355203942682284,0.9906394772986035,1.0
4.492645998548595,2.2311127225771052,0.9948645027548745,1.0
4.30678622868686,2.475277852966286,0.9924384810681588,1.0
4.589537216533047,2.304285493262892,0.9937415022621694,1.0
4.482300384141867,2.412022644677321,0.992822371185037,1.0
4.775463456340242,2.712071319151105,0.9869577724618217,1.0
5.090878908002935,2.587869274618575,0.9850267649520467,1.0
5.565814372322624,2.3117034114013317,0.9788658824945285,1.0
5.677226132803956,2.4823837341573474,0.974382716924052,1.0
5.7773977607270135,1.871752715469021,0.980040860307769,1.0
5.888809521208347,2.042433038225037,0.974569428075166,1.0
5.094096256037713,4.32915601165895,0.9981857300141392,1.0
5.352768148018913,4.194828602449721,0.9979192110484716,1.0
5.362394550909779,4.005873757641335,0.9965850716269857,1.0
4.820657950634266,4.223503621479016,0.9964476337155092,1.0
4.739928217418769,3.9925438522741943,0.9938265393804835,1.0
4.799268491181311,3.8550103151278208,0.9926279396702207,1.0
4.946552566360076,3.7701306384982165,0.9923527901607346,1.0
5.170277000891846,3.8243617210161385,0.9941297331809825,1.0
5.5615830118391925,2.7062640466790646,0.9758830750836988,1.0
5.233319021620226,2.799353808810683,0.9815849522515588,1.0
2.24355175151261,2.5802098696145133,0.9933476958563183,1.0
2.2708744941298735,2.8342345287322015,0.993252613640503,1.0
1.7645521124051686,2.5043392031958707,0.992136505926749,1.0
0.963567908532624,2.9043178575055255,0.9950536315123008,1.0
1.153352419752065,3.3593335366502672,0.9971828496647118,1.0
1.3148655197471928,3.350701947422477,0.9963585932681229,1.0
1.0310294077286954,3.314707798622287,0.997619079087154,1.0
0.984425056698158,3.197071281888451,0.9972738763645184,1.0
1.9655544350333292,3.4392257778622977,0.9972601102269542,1.0
2.1160716463758558,3.3103390173050022,0.9970992664203707,1.0
1.4762423267887612,3.5610441739168563,0.9960796931446046,1.0
1.3602161929552168,3.4981513570762934,0.9964516621728722,1.0
1.4637638720955408,3.6944406964087526,0.9958929640648004,1.0
0.45880104416219175,3.8306422937588924,0.997618265073695,1.0
0.47732445928267236,3.7742046310492348,0.9980684019602651,1.0
0.3034808643173526,3.807580681833558,0.997534101324979,1.0
0.3220042794378332,3.7511430191238997,0.9978575879391269,1.0
1.108264585239234,3.6947889592940295,0.997273920187684,1.0
1.2946648294089111,3.7467792911525923,0.9961014464325499,1.0
1.2324968909397416,3.64884602530168,0.9968465380952111,1.0
0.955220288643775,3.706030510079328,0.9976156638515794,1.0
0.9229106338117079,3.500218630190769,0.9981953052268527,1.0
0.8273278187994713,3.5072618973029557,0.998538530657037,1.0
1.0678284157080993,3.527576940031215,0.9977804070776547,1.0
1.0703457388904327,3.6155497130827037,0.997663500137074,1.0
0.7772914980020017,3.6202291261241815,0.9984396129513096,1.0
0.8446155696003185,3.7304983234218123,0.9977704401794866,1.0
3.535097743131764,5.177635674669035,0.9991724207889106,1.0
3.5061580730605457,4.950425335050461,0.9994062096727937,1.0
3.689255123099539,5.659483943928277,0.9992670178780336,1.0
3.899099834210789,5.654999296793018,0.9991688883082348,1.0
3.614451594996314,5.486662252860438,0.9986304640489655,1.0
3.71984473111039,5.377010433920954,0.9985044770017644,1.0
4.307203588577955,5.135372637747747,0.9980915716513717,1.0
4.4673598120232905,4.6132326781837865,0.9964503717758507,1.0
4.132804348511514,4.568564621128051,0.9956971799200586,1.0
3.881513091327999,4.860717833152379,0.998385864593666,1.0
4.003708846048918,5.074447651319389,0.9982316828941517,1.0
3.1534774537780894,4.722411741306076,0.9987596749867754,1.0
3.253697585954876,4.692086195954444,0.9987348793913654,1.0
3.2394402151957,4.905759146058195,0.9994903487349808,1.0
3.3396603473724866,4.875433600706563,0.9995036385424066,1.0
2.141261827573196,4.681445801840408,0.9983618691002246,1.0
2.0556309204751493,4.547070242588077,0.9990810789014501,1.0
2.3654736152199636,4.52516702842065,0.9977441058619686,1.0
2.279842708121917,4.390791469168319,0.9983573549271608,1.0
1.963470568006306,3.60968910075812,0.9973419999353346,1.0
2.0156390959036323,3.738384247305205,0.9973301065036531,1.0
1.7704447796765053,3.6563521990870824,0.9971866573400091,1.0
1.8226133075738316,3.785047345634167,0.9974546560087445,1.0
2.405382242893229,5.146507082604499,0.996785042112197,1.0
2.521374440565211,5.329253279240258,0.9981367456672322,1.0
2.59068462941458,5.00802546367304,0.997246617575013,1.0
2.7953845466430844,5.043970737219797,0.9984163388229339,1.0
2.7152024938438633,5.204725575680315,0.9984118722274041,1.0
-3.223710327470003,5.524660654179603,0.9998083488904282,1.0
-3.1575777257006714,5.5534338738973945,0.9997700547719143,1.0
-3.4820921915101954,5.62506880958428,0.9997875728245257,1.0
-3.4159595897408637,5.653842029302072,0.9997385736424591,1.0
-1.3354853168155427,3.7795948422994496,0.9972114016535575,1.0
-1.3337564424678916,3.977531965709497,0.9964387842087796,1.0
-1.1398836352606951,3.697247218381189,0.9964623107272618,1.0
-0.885595918724864,3.7102280551908664,0.9957366435203985,1.0
-0.9670928117543293,5.232383204053325,0.9986155521186483,1.0
-1.0186111858797144,5.195931085899828,0.9984253896516272,1.0
-1.0503719665782885,5.2611802564127945,0.9982691376078402,1.0
-2.2122742154824895,4.863423277181979,0.9986125023569771,1.0
-2.0319025692209434,4.997870497328961,0.9979184885601541,1.0
-2.4831797081332794,5.097696050221188,0.9996555738329789,1.0
-2.3996377479041224,4.988960025266187,0.9993426807160246,1.0
-2.1451669855974482,5.522989093756248,0.9991288755945242,1.0
-1.9437869217840273,5.441402831452187,0.9981689650697204,1.0
-2.105981766323248,5.238292277555257,0.9987689500206043,1.0
-2.3698953728139514,5.212581082363276,0.9995797876809046,1.0
-2.4876538066450276,5.3829661056889035,0.9996617959232315,1.0
-2.4251202639677447,5.4902635631849455,0.9995870442868175,1.0
3.0273416861923206,5.532703494835701,0.9992484537578137,1.0
2.9986557515922936,5.66177915445418,0.9992418204997104,1.0
2.9073745522773926,5.4893393478405486,0.999306062943691,1.0
2.8786886176773656,5.618415007459028,0.9992768699491424,1.0
3.1581937726201623,-0.4228744817664909,0.9986708936324578,1.0
3.2169993068206195,-0.38186979283586925,0.9988533330329209,1.0
4.448291853213294,1.0134945596512317,0.9992072644661595,1.0
-1.4415884102392615,4.648413882933737,0.9963520441343369,1.0
-1.491673296603718,4.730869467947988,0.9964519138898994,1.0
-1.4782892739427036,4.523508186231591,0.9961380906091056,1.0
-1.5569759802191123,4.592334014877714,0.9961965256089608,1.0
-1.5606619898162386,4.672223798993064,0.9961736690080194,1.0
-1.8632898814174481,2.566558716941399,0.9966610449847848,1.0
-1.8944165637511172,2.4063260501172477,0.9959913110095034,1.0
-1.6363779214108607,2.6239630002509338,0.9972503811687203,1.0
-1.7459967143358563,2.6542556254618557,0.9968461551432697,1.0
-1.5852996613455994,2.405376134321384,0.9977571679267953,1.0
-1.7260451366042642,2.275436092708155,0.9967830306905865,1.0
-1.132269561878557,2.374718681984284,0.9993847945128722,1.0
-0.6888992034175873,2.701307431346858,0.9987592651082953,1.0
-1.2762979949147228,2.663212303154186,0.9991761289493106,1.0
-1.4343005436738023,2.8139123337228953,0.9985461389073129,1.0
-1.4728233874213885,2.7154740680475076,0.9983611978206735,1.0
-1.315511868459139,2.870046797489682,0.9989598066769414,1.0
-2.8029580150959865,2.2443290148504214,0.9955947645904405,1.0
-2.969622090543669,2.1088515020819694,0.9948546236599032,1.0
-2.7185010786593735,2.75307611628412,0.9989762774623201,1.0
-2.805213236368623,2.945563963350107,0.9986332385491725,1.0
-2.9893119247546847,3.0148319353472712,0.9971327735503612,1.0
-3.219892486151283,2.8021586697868703,0.9950518168050914,1.0
-1.5543894622280046,2.890201719667837,0.997733963654679,1.0
-1.6692158886397699,2.871832429769379,0.997232660991845,1.0
-1.435600787013341,2.946336183434624,0.9982593400930955,1.0
-1.9108641350199438,3.515915922649741,0.998839494203579,1.0
-1.733293504543121,3.7416489516239344,0.9985783068050981,1.0
-1.9030102455031965,3.7927178526929404,0.9985460263878652,1.0
-2.1069709951013267,2.7079204434404485,0.9984633873782199,1.0
-1.9883525231024668,2.701470348844973,0.9978690722599067,1.0
-2.3783342334120503,3.842216678943514,0.9967833284176437,1.0
-2.2584025490001047,3.8076633543735543,0.9973179988945222,1.0
-2.3727689462762047,3.7103540053703363,0.9975857959836808,1.0
-2.5982219971997442,3.821578178883163,0.9958519035896659,1.0
-2.6147808890499085,3.704320846226281,0.9968556434416554,1.0
0.8707617905929647,-1.1898627271222881,0.997714721293691,1.0
0.7090340569805162,-1.0042693862841157,0.9960503631767662,1.0
0.7070866567258317,-1.2461493566869164,0.9957890142185818,1.0
1.916764730196679,-0.9768178789126774,0.9963494070112369,1.0
1.8671344802393561,-1.1951675510704494,0.9975343412651073,1.0
1.7258035501707683,-1.3608388363349089,0.9982291372430067,1.0
1.4879771310772556,-1.3048587698209815,0.9992799501229331,1.0
2.060891529283206,-0.47999690482474183,0.994076499031356,1.0
2.26148299471104,-0.4947641076977695,0.9916963091990046,1.0
1.1221785469530996,-0.7727943080359599,0.9991068256413436,1.0
0.9235352779768707,-0.5873581857302795,0.9985929891869925,1.0
0.9573754352104977,-0.7412804575860777,0.9984175486742126,1.0
1.3303654223901704,0.0683896104929822,0.9964119715169327,1.0
1.0578979595377664,0.11531952738858535,0.9958665359531255,1.0
1.1772674377597978,0.15399017881792046,0.9954932144200798,1.0
1.6452011536177864,0.04995302729806047,0.9959897186647013,1.0
1.5622501139699434,0.08360852109919008,0.9958685104349417,1.0
0.26580997059166656,-1.4388785078549027,0.9883234793946393,1.0
0.39611946913237944,-1.581144774026643,0.9897190559094332,1.0
0.2696078340621038,-1.7809701736266852,0.9892721622767752,1.0
0.04756676189914,-1.6949063948994525,0.9919355497971658,1.0
0.03685229420062205,-1.475787192095489,0.9914867874427471,1.0
-0.16039042286363406,-1.3772276507294332,0.9943073623940905,1.0
-0.16098580129037585,-1.2303546962047083,0.9930424813559873,1.0
-0.3904919481356635,-1.4051221148194013,0.9973589302955854,1.0
2.7752046751844346,1.9682963508881732,0.99789220221822,1.0
3.3617028989413007,1.7514918467888292,0.9959381785510262,1.0
2.41077437188185,3.029663514004381,0.994488302291249,1.0
2.518408666745105,3.0994848961625525,0.9949929487051801,1.0
2.2636316821262934,3.2673575235282524,0.9968180386332715,1.0
2.371265976989548,3.337178905686424,0.9965831487571131,1.0
2.495355932146461,2.478087990530989,0.9941431105320444,1.0
2.911211260786226,2.3242925006598534,0.994720586585488,1.0
2.8091897425743633,2.522900416050257,0.9922728723836309,1.0
2.6925015768283713,2.06793880301977,0.9978359708801858,1.0
2.8533137481405224,2.1957448535373665,0.9962714798416192,1.0
2.284007540670332,1.9743575160651856,0.9996339695446357,1.0
2.473268142955087,2.087821201394681,0.998650509436926,1.0
2.378612161080723,2.2454005101480963,0.9976089026060352,1.0
2.2876188039390986,1.8472751710846895,0.9999036235288831,1.0
0.7715522604630456,2.084705005002403,0.9969789480098211,1.0
0.6118635835279079,2.1343140028452754,0.9981016468397703,1.0
0.5070191353175254,1.9612317106062367,0.9982659665787309,1.0
0.5818420911682711,1.5847831369598524,0.995989327299606,1.0
1.6393990896965105,1.7623288410402667,0.9979767478497483,1.0
0.8071067554600072,1.1083095894518082,0.9930060287901743,1.0
1.0094598612452337,1.1343333804488276,0.9949845927418872,1.0
0.7453400387297,1.291643396916866,0.9943276410133212,1.0
0.7456120167801403,1.4555747149090361,0.9954866123585283,1.0
1.4851355280671898,1.6403034430277386,0.9984563898459341,1.0
2.1662846537503495,0.5494423310005191,0.9989964726604733,1.0
2.1917324014520805,0.6592855507959389,0.9987604084436142,1.0
1.4897780482504457,1.0439896429309299,0.9961863498292078,1.0
1.2272485515290998,1.036655306246364,0.995415707532719,1.0
1.3145998692788883,0.8290131364578448,0.9939083562654176,1.0
-1.4970305976952272,0.33626354263467767,0.9983986078601245,1.0
-1.879508401192183,0.9869953434604621,0.9993338082314501,1.0
-1.972218391339581,1.1929028979233298,0.9992714534579225,1.0
-1.8452218392584852,1.2613829619194783,0.9988045247510221,1.0
-0.6965592940418036,1.3812366501580842,0.9999055800761802,1.0
-0.8555841168689554,1.442670514993342,0.9997932044790321,1.0
-0.8743939231739661,1.3758889411581323,0.9998336209296197,1.0
-0.2775079850601309,1.4055132510092918,0.9992377962885999,1.0
-0.3121174708023231,1.5828544895159116,0.9988847393355473,1.0
-0.4670067069768476,1.3498323591311034,0.9996672950686877,1.0
-1.8822974626971378,-0.4635901634642338,0.9992703385435433,1.0
-1.8130757894188694,-0.9019112424837011,0.9986924851789178,1.0
-2.1403998799503197,-0.7229195295166825,0.9989090603272428,1.0
-1.6695192381681494,-0.6644517941052893,0.9987325977530782,1.0
-1.7708788653524514,-0.4668011951883389,0.9990347938535358,1.0
-2.178121488709348,-0.43554894766337043,0.9993183587615933,1.0
-1.975142798240727,-0.4171456842911085,0.9993532231404693,1.0
-2.5286213033008615,0.5779876310714437,0.9987654246305296,1.0
-2.702002696588552,0.6321926011041068,0.9991407629412067,1.0
-2.6548556512506067,0.7058249005731438,0.9991967673941728,1.0
-1.883756794285743,0.7166579797027595,0.9988243376953947,1.0
-1.9859566075151136,0.2606632511584257,0.9988790747883018,1.0
-0.16793641976572093,-0.060904852670178755,0.9988374675577895,1.0
-0.32875253685753236,-0.15737572173343928,0.9995090603121882,1.0
0.17244961897357522,-0.1593804842598908,0.9956929840911627,1.0
0.10035531795613946,-0.3640038886799483,0.9963372716829513,1.0
-1.2864513763155865,-0.11172656228300089,0.9970849225239403,1.0
-1.076732585873245,-0.21771840979991483,0.9968081680125844,1.0
-1.1880762307814836,-0.23249336557771402,0.9964200026349722,1.0
-1.7567194639259551,1.8090926969461207,0.9977376370667494,1.0
-1.9619986335635187,1.808732034802954,0.9988412039889997,1.0
-1.9447606037190937,1.9711647135110757,0.9978005007706207,1.0
-1.7050524148900614,2.056133089596308,0.9970709500498691,1.0
-1.5926438929374562,1.9449990047947203,0.9970003556164813,1.0
-2.0755474523336344,1.6334981661286683,0.9994365164191886,1.0
-2.2393560862896496,1.766621004271036,0.9991828234958245,1.0
-2.227741332315744,1.6466475724625187,0.9994013165044625,1.0
-1.9947991421337423,0.9206320066126418,0.9994112358293948,1.0
-2.0075031362349742,0.8185222131045619,0.9992454033379695,1.0
-2.561975039729895,0.9838061500656847,0.9994883595988898,1.0
-2.644774817141142,1.2300409041684386,0.9986807941434126,1.0
-2.418721614536179,1.3438200726737322,0.9990433420169775,1.0
-3.209305114210386,5.43213799968828,0.999887793886388,1.0
-3.1009399618399556,5.359419284768282,0.9998163245971838,1.0
-3.3126497895811156,5.235152043769834,0.9996781749051549,1.0
-3.012789659464668,5.196318164267886,0.9995191029165023,1.0
-3.374210406879397,5.249610960960518,0.9997518890064006,1.0
-3.4928200589561342,5.242576076583739,0.9996936831486937,1.0
-3.5317636703498896,5.584474320724407,0.9998108703760068,1.0
-3.659377691407664,5.511564111701463,0.9996399121116875,1.0
-3.303926657229074,5.443524562473084,0.9999456767296806,1.0
-3.312931026210111,5.377649237826919,0.9999362928727479,1.0
-3.288875802537857,4.485659045987432,0.997556267152856,1.0
-3.4298290917442458,3.9364411571871236,0.9895612482344442,1.0
-3.2284423865603635,4.317438307950368,0.9958521163646342,1.0
-3.3850019412660743,4.328180605434709,0.9958280972553831,1.0
-3.6705607233047135,4.074627272886237,0.9911421942840567,1.0
-3.6360868197691754,4.262505099065066,0.9945316087438354,1.0
-4.136263462911147,5.019332359007372,0.9982996158641172,1.0
-3.9116467985798065,4.768327042732637,0.9986167477939215,1.0
-3.7301987660768803,4.908470933248748,0.9994440347768806,1.0
-3.7855763022760756,5.224178989279493,0.9996591163947603,1.0
-3.238093418401157,4.8376982480938775,0.9989801596272003,1.0
-3.2463986849545674,5.0564368309826975,0.9991624194115699,1.0
-3.0639080761895876,5.02444634175458,0.9991323320000552,1.0
-3.033042889420553,4.759614188574793,0.998668873760378,1.0
-2.922653002679299,4.855793253809863,0.9988991406638927,1.0
-2.468868119191939,4.531294931523916,0.9982141417545849,1.0
-2.46408028166952,4.299606153766094,0.9970930781496864,1.0
-2.5782034512374814,4.169678844706392,0.9960112067464715,1.0
-2.591466721788247,4.635633594533933,0.9984705753125733,1.0
-3.231299986393616,4.043380134604116,0.9919353917349303,1.0
-3.1987678366864287,4.226349059556367,0.9945702487597476,1.0
-1.9603423800635325,3.9955183502089504,0.9976770663407847,1.0
-2.0476515070937893,4.171819806838652,0.9975633823403035,1.0
-1.9050400450837142,4.283792350913498,0.9972791005870012,1.0
-1.721144624262819,4.003642982392285,0.9979497775150352,1.0
-1.7685014601174476,3.9298441082236484,0.9981819333349427,1.0
-3.5478121995656138,3.3927043465962323,0.9860266729564409,1.0
-3.0673597053950368,3.2368342587548096,0.9958256073103932,1.0
-3.5277571095991713,3.0900324102078174,0.9902659301000499,1.0
-3.2979402667916347,3.0241609931944087,0.9933069017741708,1.0
-2.9353373777082528,3.3399343057831703,0.9969924332402792,1.0
-3.0541532942116376,3.4794659029575308,0.9948538871049302,1.0
-3.3825970940597254,3.703015147774282,0.988424449971543,1.0
-3.22323926649503,3.6378649335003015,0.9909319179260067,1.0
-3.5135603098887476,3.5941654034117168,0.9860308759794042,1.0
-3.3788610632845817,3.4313018718208834,0.9895024458161034,1.0
-3.2470413284249253,3.4808347981672303,0.9917772827538621,1.0
-4.030821075502161,2.653828543123394,0.9921479471255941,1.0
-4.069022766169707,2.620071381130311,0.9920912743670559,1.0
-3.916274923444456,2.5702493176524075,0.9941545528360431,1.0
-3.9544766141120014,2.5364921556593245,0.994040668953762,1.0
-5.739928612928516,1.3884091749535878,0.9960778665907388,1.0
-5.904721504647857,1.4316341529463938,0.995186640415102,1.0
-5.880380490440566,1.553148914146802,0.996576197436583,1.0
-3.3464364375059485,0.7885663178875086,0.9991246880968844,1.0
-3.4338137771423773,0.5534096198345783,0.9979625085420014,1.0
-4.464615810296067,0.9346086360980174,0.9985785431451724,1.0
-4.447404600065073,1.3881857059967058,0.9966400731322081,1.0
-4.674589837029545,1.2642553250583362,0.9983159109782255,1.0
-4.6739254426806545,1.0113920301680979,0.9987280105580725,1.0
-4.4842655589244105,-1.1086096448756269,0.9995752099320347,1.0
-4.798772658463902,-1.1741040824508469,0.9994889647469203,1.0
-4.73522234153562,-1.0595027792337748,0.9993218320040049,1.0
-4.683219274523129,-1.4799064652715572,0.9991763940940858,1.0
-4.689399296577344,-1.3478457081158173,0.9996501770169162,1.0
-4.639196142203006,-1.3128624349011477,0.9997815927704908,1.0
-4.755118173009948,-1.7662989559344613,0.9963733171678107,1.0
-4.802862082642686,-1.6065246036711847,0.9978691388754829,1.0
-4.952207666847521,-1.5996063992622582,0.9973670873384789,1.0
-5.0598734128099485,-1.8191856953568692,0.9953768108469659,1.0
-4.794087338360212,-1.8940996911663606,0.995611312223769,1.0
-4.9494969939553775,-1.9539046349976952,0.9953501448469156,1.0
-4.269874137898039,-1.9575725030938065,0.9969655597546374,1.0
-4.145540320311018,-1.819357791754127,0.9957706716255695,1.0
-4.512360862563498,-2.039788901770084,0.9978010209960743,1.0
-4.59606623301327,-1.9550470049957667,0.9967386684720152,1.0
-4.271956743998239,-1.6656963521148274,0.9969135920436907,1.0
-4.639635781642275,-1.8072869265300995,0.9961374794121008,1.0
-5.0393438432894735,-1.168318776526374,0.9990840900407619,1.0
-4.991926934867467,-1.1093966285337344,0.999189606421208,1.0
-5.222295395195633,-1.0374905321041563,0.999578791576607,1.0
-5.01193840843142,-0.7249964945382791,0.9993777300103504,1.0
-5.126480491160564,-0.5063505990415162,0.998914554344931,1.0
-5.025774039396319,-0.5411017445540803,0.9987428589668674,1.0
-5.627853615495002,-0.9351950160769462,0.9990529368066712,1.0
-5.863509427979696,-0.9985258733268326,0.9982109227998925,1.0
-5.773549677896777,-0.8807757926702484,0.9986513834717126,1.0
-5.323774160503443,-1.6643469153316701,0.9965608412082639,1.0
-5.326904050230499,-1.3842256063562413,0.9980676508739916,1.0
-5.803740447958468,-1.6884418414889701,0.9954209706588929,1.0
-5.78591817302276,-1.1741712784854608,0.9982034284901419,1.0
-5.637137576091281,-2.0873513966684993,0.9924780290067481,1.0
-5.422731157095335,-1.9080260961917255,0.9944540561415001,1.0
-5.403149442773876,-1.1322026690482552,0.9991845218875176,1.0
-5.596603697107059,-1.0773787154969483,0.9989358274745817,1.0
-2.8896447145412143,-2.2586021827551197,0.9971122277495975,1.0
-3.028171810549443,-2.4182483540951534,0.9968282424031335,1.0
-2.850144309099909,-1.9766149452354747,0.9971956571282469,1.0
-3.5617368555742606,-1.6929786638049198,0.994443569675541,1.0
-3.297985774229158,-1.5797677124951963,0.9956907064813528,1.0
-3.3531606032045915,-1.7464502860360749,0.9951244048174974,1.0
-3.391393778493516,-1.4323999513693575,0.9951815292337017,1.0
-3.6408323683551864,-1.5172030828971295,0.9928410711020528,1.0
-3.5256641202498753,-1.4233069440024455,0.9936017407714003,1.0
-3.6909416425095567,-1.7460255292102556,0.9951531752019506,1.0
-3.7996464344403456,-1.6380603577241717,0.9940944171978969,1.0
-3.7503760953317156,-1.8664242426507955,0.9968281161323445,1.0
-3.8590808872625053,-1.7584590711647117,0.9955940956002888,1.0
-3.154540523663984,-1.281398287041599,0.9983901560365565,1.0
-3.2403264287464757,-1.3049569461848998,0.9975645130760805,1.0
-3.3187838048157174,-1.245316728183911,0.9970375140449934,1.0
-3.3316310067007806,-1.1434545066005561,0.997181212571119,1.0
-3.2379301572285044,-1.140703631925172,0.9981691881096137,1.0
-2.9441053176889174,-1.0987019720467808,0.9997228129688173,1.0
-2.904730834922183,-0.9763601673462109,0.9997100386410404,1.0
-2.739379467453814,-1.0874767002624093,0.9996625363279165,1.0
-2.3942862208283793,-1.8049035303157437,0.9974667980338704,1.0
-2.1850898624556656,-1.8625012697176546,0.9976022694864659,1.0
-2.0770675573714583,-1.9909065672888175,0.9979620179247989,1.0
-2.205039572840114,-1.956288275925856,0.9980164298454945,1.0
-2.570680133049811,-1.9741738586675812,0.998022640791868,1.0
-2.7690851552603157,-1.9665955512790922,0.9974387209808574,1.0
-2.691153418563863,-1.9048797479188195,0.9975839348172643,1.0
-2.4919229490590564,-2.081192551567526,0.9983517566251675,1.0
-2.4727238191135426,-2.3301590986012775,0.9983982839220832,1.0
-2.8085855607016206,-2.2485827887987373,0.9975340634949397,1.0
-2.688762314828409,-2.479878742184464,0.9972924304229378,1.0
-2.8955672203887697,-1.1860156041535104,0.9996380099665222,1.0
-2.7709659754633797,-1.2435536017586768,0.9993829750722689,1.0
-2.964905879437584,-1.212429789660913,0.999496570677774,1.0
-3.039348917437145,-1.285765628823807,0.9990106842671729,1.0
-2.9787824130828615,-1.3670917098494142,0.9987690963915695,1.0
-2.7448916850428553,-1.508770790066867,0.9978438521313708,1.0
-2.8681259902104888,-1.5435036199738288,0.9977592738578398,1.0
-2.766569356029782,-1.3335300160506043,0.9989749206187271,1.0
-2.889803661197415,-1.368262845957566,0.9988941344082255,1.0
-2.8957502998228115,-1.6637510710926253,0.9973491409275574,1.0
-2.9767934109815664,-1.6366463670363256,0.9972705543956386,1.0
-3.0423100587611405,-1.8292018285650993,0.9964129620346767,1.0
-3.0061630739227088,-1.9512792146455118,0.9965657051599667,1.0
-2.9125477201567964,-1.8754287964165706,0.9968726535692748,1.0
-4.361944594242412,0.9760984162137243,0.9979891246926069,1.0
-4.795983579617229,-0.04297220083230021,0.9953200849330806,1.0
-4.638032459147021,0.00046929733762487064,0.995845676674399,1.0
-4.865459048932107,-0.27014785600224717,0.9950563121044059,1.0
-4.707507928461898,-0.22670635783232207,0.9934584474085165,1.0
-4.254526841447689,-0.28452975402205755,0.9891561092159651,1.0
-4.387203311686495,-0.22014669639616122,0.9909138135034702,1.0
-4.418922997819983,-0.574556462665815,0.9940124233081933,1.0
-4.501891550987573,-0.38756102378185453,0.9919495778468245,1.0
-3.1950872255851817,-0.638843189481881,0.9968326299962699,1.0
-3.0780239882029115,-0.6035370893793978,0.9976907532382772,1.0
-3.140809825860128,-0.8251842015192103,0.9983800290904193,1.0
-2.943621983168144,-0.7211148320271891,0.998793903341905,1.0
-2.9581979149072466,-0.8388805993177879,0.9992031046819191,1.0
-2.3103800304059163,-0.18856823287854851,0.9993734582548406,1.0
-2.4455557647489017,-0.08636483543717155,0.999023061956823,1.0
-2.2440547656798393,0.24701477896592205,0.9977404279774627,1.0
-2.3850482961022834,0.17272554745271704,0.9977416443376684,1.0
0.1356881885922938,0.6882100350969518,0.9990116934011831,1.0
0.06804094179739788,0.6086658628555153,0.9991381140994839,1.0
-0.02657612008978205,0.7292409336283076,0.9996621694477884,1.0
-0.09422336688467799,0.649696761386871,0.9996583507492418,1.0
5.596189253051314,0.973835337746516,0.9878388520758586,1.0
5.476707364396805,0.9802110540202147,0.9894090911477128,1.0
5.635350789006708,1.0732335791759946,0.9874726300627151,1.0
5.641523832509711,1.0103474536091648,0.9872843710106107,1.0
5.405654288337239,1.1551760797236126,0.9907275057470794,1.0
5.518963133488746,1.2116864890167438,0.989307925132392,1.0
4.157842056488886,-0.17554768794561504,0.9988035808258237,1.0
3.907741251804421,-0.25954385457505386,0.998521817148595,1.0
3.748692267087787,-0.13820395227505214,0.9983006881336487,1.0
2.7407348243902763,0.2442203150624005,0.9968716365088847,1.0
2.7416858466262117,0.458247065623872,0.9983236736277775,1.0
3.135008190758249,-0.08262638623236256,0.9966586091985684,1.0
3.0438671128876806,0.16095755160305872,0.9957804906057692,1.0
3.164657811602853,0.2549822391993457,0.9962701206705116,1.0
3.4008345580755264,-0.04464484576089708,0.9978706739239529,1.0
3.548250988398299,-0.5128611065735459,0.9994287776330153,1.0
3.4945695619264296,-0.600442431171443,0.9994510912575773,1.0
3.4132949656206306,-0.3746589650495465,0.9993393026837865,1.0
3.308746131747755,-0.41095822557861617,0.9992584485813908,1.0
4.039265834632547,-1.1419224838617072,0.9962176969208224,1.0
4.043817809875087,-1.2629715202481255,0.9958552337288522,1.0
4.1528038116221735,-1.255719208832903,0.995946965144862,1.0
4.218592553901817,-1.168843375058384,0.9964258749471309,1.0
4.205675267251328,-1.0814420864719623,0.9967880957469736,1.0
5.396994966767006,-1.2925045916865188,0.9978645420899627,1.0
5.273172953118455,-1.1584135435865115,0.9984874723832986,1.0
4.900278630913588,-1.0447866650353734,0.9985968986897373,1.0
5.015153668508741,-0.9638173760979495,0.9988521456709967,1.0
5.102489749498154,-1.0098342979914037,0.998906688218603,1.0
-2.1622490427682677,-3.3878341110688264,0.9992541391865523,1.0
-2.2335340377238837,-3.181022244671261,0.9985851261139765,1.0
-2.2896037363841586,-3.697866193062042,0.9998698634644256,1.0
-2.2006257613822524,-3.6561204046717926,0.9997148710862566,1.0
-2.350321556329078,-3.418087922546762,0.9993363381442055,1.0
-2.368014536375368,-3.6666455773345756,0.9998954370406695,1.0
-3.346611566173584,-2.078192039927735,0.9967933972326566,1.0
-1.3233802074159373,-0.9291792770369313,0.996313512291279,1.0
-1.1847130333528246,-1.0038301117505426,0.9958569397787398,1.0
-1.4412161276321331,-0.6551884471587476,0.9973023590159082,1.0
-1.4012901345381579,-0.43694796056340773,0.9969084416852317,1.0
-1.1754461966587353,-0.391732340930304,0.9959182419264166,1.0
-1.3185297013711004,-0.39756793573306953,0.9962670553079855,1.0
-0.21324146079730757,-3.0445327369543755,0.9965448049935898,1.0
-0.16075852952140965,-2.9813921355591506,0.9957546348370526,1.0
-0.34450810506291035,-2.914418479131669,0.9963410808839807,1.0
-0.29202517378701237,-2.8512778777364445,0.9953831799136185,1.0
-0.5860892050107905,-3.9990179138055524,0.9968948771053194,1.0
-0.4906257695209059,-3.9678862430588153,0.9972298803759094,1.0
-1.2682304613887136,-3.540060236619773,0.9973048745054695,1.0
-1.1660640500020476,-3.905723804305,0.9961305666598875,1.0
-1.388057260241431,-3.854131352237945,0.9963295193375504,1.0
-1.327470909612223,-3.9808461855377693,0.9960827093026398,1.0
-1.0701692356990888,-2.8875423924737205,0.9995974505766855,1.0
-1.1210065566267742,-2.9963719230222234,0.9995526879459543,1.0
0.9477961558390676,-4.2788305027346585,0.9986461735659272,1.0
0.024787670814977087,-4.11829936050895,0.9991278431262174,1.0
0.1861844298527681,-4.246660546316478,0.9995506509876508,1.0
0.27106032766634974,-4.872709920130169,0.9951725389556717,1.0
1.2807802546687732,-5.526226555786437,0.9984231285891628,1.0
0.9676950476744134,-5.852190467191915,0.9964490490535682,1.0
1.1236539411229522,-5.875415278345762,0.9959794819038456,1.0
-4.5163802743129065,-2.4390899132860024,0.9999448431259482,1.0
-4.504153220767557,-2.2989096078642546,0.9996581741983096,1.0
-4.375420208992108,-2.2620910991374794,0.9993546129087629,1.0
-4.349435027455115,-2.431088356300735,0.9997982615599961,1.0
-4.462187707622753,-2.4990631903780205,0.9999614312232955,1.0
-3.513744460741488,-2.3476141694357686,0.9988500113564065,1.0
-3.7071610740384613,-2.2384349953090603,0.9992831518156226,1.0
-3.5441152702854413,-2.2173302109800357,0.9985462533283986,1.0
-4.0053183509080865,-1.643298929841374,0.99521719602377,1.0
-3.900890638454451,-1.5816769055628044,0.9943242155460548,1.0
-4.1336406074320955,-1.570804144445107,0.99655714832218,1.0
-4.1107543742504395,-1.3950262127997046,0.9971344315103841,1.0
-3.952822838576566,-1.399710588774265,0.995092241020844,1.0
-5.082081792119716,-3.356673641641018,0.9938995056832046,1.0
-5.094607432534342,-3.296682919059213,0.9939542745963328,1.0
-5.20738542767672,-3.336441136525929,0.9955949685403827,1.0
-5.143094894276281,-3.4722346374680177,0.9949922436318033,1.0
-5.233121196730534,-3.4325675439242107,0.9961381476000863,1.0
-5.192460137511693,-2.889384455071291,0.9936253467905475,1.0
-5.142572650441844,-3.0083748850075605,0.9935840255480972,1.0
-5.073866225578306,-2.72320692074763,0.9958611297483498,1.0
-4.9301073029224165,-2.874853973853964,0.9964514936674425,1.0
-5.029556933655767,-3.045160907408816,0.9936477134499945,1.0
-3.8070721088231902,-3.0535187361247416,0.9991331666922803,1.0
-3.9394615151631918,-3.1702881877578353,0.999012492829605,1.0
-3.902949961571266,-3.2248265324489123,0.9988592497802187,1.0
-3.6545610893254086,-3.229599865365188,0.9984087649090726,1.0
-3.7293478253255743,-3.3318016833920794,0.9980746825086124,1.0
-3.5848889960333774,-2.8318538795455215,0.9991074865594652,1.0
-3.478396741975874,-2.870143946945019,0.9990033836842783,1.0
-3.3777297632912835,-2.7924560283663293,0.99896948635481,1.0
-3.6104160350476886,-2.6750632370295704,0.999278865091863,1.0
-3.4283424857315823,-2.6118460090408213,0.9990197453812092,1.0
-3.554536503430484,-2.53274328510356,0.999208344554932,1.0
-1.6670705579727214,-4.508134576019571,0.9960679905912938,1.0
-1.8234155017278972,-4.489560417937992,0.9958905015341188,1.0
-1.912959206876007,-4.324443616108195,0.9965826374999852,1.0
-1.7976993003017567,-4.198415957653144,0.9965378612376296,1.0
-1.6048389634789066,-4.340450498527777,0.9961987863929384,1.0
-1.6459240006598321,-4.195848681991148,0.9964323219692457,1.0
-1.5132889258397375,-4.786036686022437,0.9973239234169762,1.0
-1.4273864703159524,-4.9072298100000085,0.9979489489859392,1.0
-1.2043752147521989,-5.322216517648562,0.9985189304359281,1.0
-1.2245191567565572,-5.2449511071410155,0.9985241364849924,1.0
-1.407876070775106,-5.361982704514626,0.9983689529297807,1.0
-1.4280200127794644,-5.28471729400708,0.9983385689315021,1.0
-2.1464187766794485,-5.413939570143796,0.9980807944359555,1.0
-2.063630207037127,-5.227603746378587,0.9968612081957073,1.0
-2.138218082990706,-5.277217363682312,0.9972158903741749,1.0
-2.045958287595965,-5.563781752493888,0.998538952719388,1.0
-1.2022806076832142,-4.528893524067881,0.9964386041300738,1.0
-1.2272220234836586,-4.578575468442167,0.996759868246515,1.0
-1.4072126105303608,-4.3842593741759295,0.9960876802784114,1.0
-1.3021590742643496,-4.287431503525018,0.9957348658670974,1.0
-1.2454982075593668,-4.391684396758307,0.9958793930888675,1.0
-2.860814261659455,-4.073136770269692,0.999914265704783,1.0
-2.8497203033423157,-4.150324719432035,0.9999169715038553,1.0
-2.7945248288062206,-4.027271925772893,0.999923876916105,1.0
-2.7316431437186885,-4.058932462813616,0.9999276600296707,1.0
-2.760179744402402,-4.117716700280224,0.999960162115636,1.0
-4.234168574045785,-5.866286915780421,0.9989033020008229,1.0
-4.0871625861255625,-5.846881634835598,0.9980219833426098,1.0
-3.965040784750993,-5.636158838683026,0.9969283976171577,1.0
-4.370045793723562,-5.169954328771355,0.9978817760464357,1.0
-4.991781899079549,-4.572898368302201,0.9993895005910494,1.0
-5.07014838865092,-4.553906749392417,0.999168692865607,1.0
-5.123537487032608,-4.485016643524056,0.9986058576634034,1.0
-5.0344315636077,-4.494929401327773,0.9989213768329713,1.0
-5.100177655926525,-4.467840254915288,0.9985713164154042,1.0
-4.87569900854148,-5.075706732222101,0.9990257366294312,1.0
-4.735528260621215,-4.9344276512428324,0.9990948817212371,1.0
-4.883939230548924,-4.830378175448655,0.9996548955167897,1.0
-5.004215180928765,-4.786829948208434,0.9997361780874533,1.0
-5.407759636917514,-4.9022967605680146,0.9974762402713039,1.0
-5.269805998457673,-4.6918757751633215,0.9986394292090636,1.0
-5.0871400248212035,-4.68381279463384,0.999518974074204,1.0
-5.41685625669697,-5.07397180955064,0.9969552900637073,1.0
-5.232787920143321,-5.109170710731096,0.9979079120968037,1.0
-5.515157894051771,-5.690600117288487,0.99990835551871,1.0
-5.322842339352047,-5.327952838485783,0.9980590419892754,1.0
-5.525910234915005,-5.476027229141903,0.9994943489609046,1.0
-5.542526071981594,-5.648098076327867,0.9999168944185343,1.0
-4.744128397508961,-5.230052518263204,0.9989406192371373,1.0
5.266773522215689,-3.200978087200188,0.9938887674593919,1.0
4.569640291691569,-2.912434996394289,0.9960352594003214,1.0
4.7091017114937115,-2.567914216984714,0.9980683978605966,1.0
4.390145608988313,-2.7750834989305724,0.9953662334134191,1.0
4.731862923516101,-2.880811093183967,0.9972202470184885,1.0
4.8353694508789085,-2.7416689629744266,0.9983392062958837,1.0
3.926316190904815,-4.503271040350583,0.995779455552581,1.0
3.797515281166618,-4.431485296687668,0.9949956417722594,1.0
3.6412282448002284,-4.511632508123388,0.9951018766641894,1.0
2.570348299380018,-4.54391833541018,0.9961170101540017,1.0
2.61845989172564,-4.587464351433564,0.9961690882516986,1.0
2.764980474802163,-4.532485872380097,0.9947489468334795,1.0
2.71070513705423,-4.431504623783056,0.994180420194603,1.0
2.849892105134517,-4.421905312157652,0.9930820240495127,1.0
2.256891296294804,-4.984688694685599,0.9995006387279911,1.0
2.343488443383185,-5.089121732358026,0.9991814733953704,1.0
2.26183357944107,-5.194143792076075,0.999063508218487,1.0
2.0449561171896757,-5.019889625378655,0.9993025777452759,1.0
2.0437779051528673,-5.196411016110604,0.9990716986409911,1.0
2.1740582203158803,-5.266232145135597,0.9988682933516497,1.0
2.544833348838919,-4.878540513736994,0.998315891220345,1.0
2.581883384301928,-5.148253871034259,0.9982388316161996,1.0
2.9074201947126785,-4.977189391025285,0.9977580720089656,1.0
2.813085965084588,-5.174158446354159,0.9984818587306754,1.0
2.2629332682109795,-4.669868037228546,0.9985108012287729,1.0
2.3070491236856827,-4.503340827604535,0.9969582988299002,1.0
2.0354949725935754,-4.588664037685878,0.9977773258568318,1.0
2.017538601396581,-4.387719923244138,0.9961718387644325,1.0
2.1549768739442112,-4.387924257969563,0.99597404921459,1.0
3.1344342652661976,-3.0620847224375436,0.999716107009787,1.0
3.1894539122284464,-2.923880563560356,0.9993393728613343,1.0
2.7403232365541133,-3.0309338604501614,0.9996748312455449,1.0
2.6439798723907835,-2.89730370424085,0.9987006041567061,1.0
3.3018929708101017,-2.8477958771530276,0.999400643900074,1.0
3.3970295525537586,-2.529822212735594,0.9997144787126783,1.0
3.4565904710784383,-2.7232896098611454,0.9994580719048095,1.0
1.0860674973289228,-5.414225424058546,0.9981825232857127,1.0
0.8656147854761524,-5.520186947890335,0.9972503460502715,1.0
0.6846314484056935,-5.072026860144644,0.9954193017115418,1.0
0.49087160562983484,-5.027819679937697,0.9944543858662792,1.0
1.0401601620352423,-5.209332393147698,0.9983530079477939,1.0
0.9171813585674204,-5.123900630196462,0.9973875402565725,1.0
3.371438890694592,-4.901295592541781,0.9966089596856285,1.0
3.278512751887942,-4.637636099065102,0.9946286766964698,1.0
3.172453266701907,-4.871935246167584,0.9967637232285228,1.0
3.079223823403659,-4.70916428358837,0.9949792971947639,1.0
2.97691327111781,-5.676323447024655,0.9990707716475553,1.0
3.106126674061883,-5.6505887958295276,0.9990543787085231,1.0
2.873256700052957,-5.575414714625931,0.998965424263628,1.0
3.0669167361337633,-5.415901028446254,0.9992542180338717,1.0
3.000022461001237,-5.388931550425578,0.9992914604819271,1.0
3.0184874308530794,-5.558229947565095,0.9991783059213494,1.0
2.9515931557205533,-5.531260469544418,0.9991324521890961,1.0
3.559314907418836,-3.5300022898092975,0.9975108908534118,1.0
4.875979510272449,-5.587366852950635,0.9981514142907841,1.0
4.614957427991842,-5.578382138480344,0.9985907330929795,1.0
4.707774588239421,-5.4646311917527095,0.9980775161799572,1.0
4.7319601348971645,-5.758332621177236,0.9982059286259152,1.0
4.851084824703602,-5.760697270597352,0.9981029032755412,1.0
5.180624415222519,-5.428909438762766,0.9974886532316278,1.0
5.105102306988295,-5.563092950823965,0.9982634236769875,1.0
4.9833700670177725,-5.473205757731655,0.9977989493307351,1.0
4.972900067038011,-5.198813419875614,0.9962679422482484,1.0
5.0747297048310935,-5.180745503962165,0.9959248996226355,1.0
2.6406457103883194,-0.850793468807271,0.9934585041902194,1.0
2.6796357937243482,-0.9893816844292829,0.9946550003615379,1.0
2.5970114124073014,-1.1462437313898617,0.9962335075727933,1.0
2.6770597804103144,-1.0700968250021827,0.9953681712343613,1.0
3.169306880960672,-0.5536003676422633,0.9988267472541217,1.0
3.3466788410731696,-0.7628819091542663,0.9991648453545362,1.0
2.978152533105542,-0.602838856324745,0.9974067421784013,1.0
2.8747618636638332,-0.7682776734668891,0.9961516192065492,1.0
2.9137519469998625,-0.906865889088901,0.9963701123898424,1.0
3.0706099394367232,-1.1052021619083296,0.997076315620024,1.0
2.224887332601517,-1.8922730082059713,0.9986991981526256,1.0
2.4767019764522487,-1.8320816163897133,0.9986008966764548,1.0
2.3529787671110216,-1.795666065589372,0.9990544341617533,1.0
3.4617600870122174,-0.9076911298081111,0.9991598138343861,1.0
3.388722857295878,-1.1134667423265083,0.9983675237868825,1.0
3.366098168652434,-0.8553137074651443,0.9991657643686049,1.0
3.2930609389360943,-1.0610893199835416,0.9984634834001167,1.0
5.0031339932639085,-2.256754147703742,0.9990003575248981,1.0
4.980438886577808,-2.4189348434279747,0.9988541928453589,1.0
5.1185670285990605,-2.2203349414454796,0.9993138408249174,1.0
5.696071735978131,-3.145517584387919,0.9924490154285283,1.0
5.76332776637102,-3.3094145041999568,0.9911176337669405,1.0
5.922624219289932,-3.142798580083793,0.9909451425737714,1.0
5.847850008422111,-3.4303742851667405,0.9905996611421823,1.0
4.933294095375088,-1.1231070858861534,0.998321540199387,1.0
5.020112876362414,-1.1276607008556416,0.9984536688652672,1.0
5.127586089390609,-1.2167935256491367,0.9982256352419125,1.0
5.063138418926665,-1.3514066219687184,0.9974803102860006,1.0
4.2735056374589115,-1.3649267634272648,0.9954692515501107,1.0
4.242727563217117,-1.5473639485365658,0.9947263952887178,1.0
4.318587845704995,-1.7274501516063452,0.9946086105086442,1.0
4.507862487847126,-1.3278636945633824,0.996185611296991,1.0
4.339294379738555,-1.2780509296527456,0.995908946096408,1.0
4.79956993180227,-1.897305318551236,0.9977293108530282,1.0
4.6279683248577275,-1.957775924260486,0.9968427593410867,1.0
4.484165875639902,-1.91540064442707,0.9957504812295668,1.0
4.507025426825391,-1.7286298030527398,0.9954176892149429,1.0
4.608098563854033,-1.5647086170936007,0.9959754191836382,1.0
4.773366472415841,-1.5745276519238296,0.9965017210814807,1.0
4.84277742728204,-1.7328826243949464,0.9974210020255901,1.0
3.981245930596792,-1.7884373711947699,0.9952964334651008,1.0
3.8870711595635257,-1.7638078496783793,0.9956302709273106,1.0
4.093061867912067,-1.6297248623477634,0.9947049704668772,1.0
4.014853940406775,-1.4545399886536847,0.9951400012411451,1.0
3.8982664065396633,-1.5786999044465988,0.9954935377566444,1.0
4.878280466014975,-3.9136904638492678,0.9953160191940532,1.0
4.971372536045343,-3.8552495606857935,0.9949768526705843,1.0
5.028311223707488,-4.06686901711632,0.9967624628058541,1.0
5.121403293737855,-4.008428113952847,0.9963888691156125,1.0
5.4464841047697545,-4.0359423336501035,0.9969012880264031,1.0
5.308125421965767,-3.980770473538333,0.9962060881999761,1.0
5.675615206444735,-3.8925827607825254,0.99538573841862,1.0
5.646066467037078,-3.805842095782087,0.9944187590121704,1.0
5.697745867253908,-3.980631275372866,0.9962631129022009,1.0
5.625696127494076,-4.017338506628579,0.9967107236237396,1.0
5.4628869696948215,-3.6839594152654804,0.9927594298099399,1.0
5.282027286538657,-3.752235451409861,0.9932884296327704,1.0
4.906368702127996,-4.715270930994049,0.9978375574227232,1.0
4.925233382311292,-4.588609615549599,0.9981477160461275,1.0
5.085064622978592,-4.708643789947284,0.998854092203202,1.0
5.103929303161888,-4.581982474502833,0.9991829849847003,1.0
4.347118322229127,-4.703807706451255,0.9964219298075851,1.0
4.396657018941589,-4.562754645830206,0.9963253463696485,1.0
4.678241576526584,-4.554641279806543,0.9970497909417957,1.0
4.540920437033954,-4.4929258784846215,0.996545662957788,1.0
0.6687279048300088,-1.5329833398836756,0.9938211081809698,1.0
0.874758119766966,-1.5453177993886564,0.9962773076274141,1.0
0.9957708281636807,-1.799508375816111,0.9948354476360485,1.0
1.07461906952303,-1.6709923823163015,0.9965605947946267,1.0
0.647548243879343,-2.186263866393745,0.9946274837856901,1.0
0.6379645083563812,-2.2988585931240038,0.9958328813276348,1.0
0.5505420423835151,-2.420988897006689,0.9963021799278399,1.0
0.6115144920944768,-2.382201505620362,0.9964160825208211,1.0
0.5869185537965619,-2.55377371816423,0.9972411807932835,1.0
0.6478910035075236,-2.514986326777903,0.9974200222072298,1.0
2.054737743962012,-2.5871910199712276,0.9982597934461724,1.0
1.8601603927689185,-2.550316678088306,0.998693483287574,1.0
1.8524274160901302,-2.3080310666418007,0.9977571737077152,1.0
0.5927455130109974,-3.01259189745298,0.9990168027496039,1.0
0.6290666439057967,-2.8742819443561483,0.9987112030338725,1.0
0.7519834486920095,-2.847523873515098,0.9990655884619934,1.0
0.9066737941150027,-3.4363829561524146,0.999594903895234,1.0
0.884239642092434,-3.3336019815605122,0.9996245476505546,1.0
1.1075849204836228,-3.418779125160834,0.9994836224293779,1.0
1.2233154164023057,-3.3349345960441976,0.9992249391591953,1.0
1.2605631528101158,-3.1105796961881427,0.9990114181492254,1.0
0.11067104169804942,-3.1674423937207425,0.9972180782064585,1.0
0.42103592052540684,-3.02999253751357,0.9980955779370065,1.0
0.07420059831005925,-2.8875722472214016,0.9949900155074562,1.0
0.2406958889537402,-2.714197750849395,0.9950450607468687,1.0
0.4167831213121751,-2.848307283265926,0.9970993327676133,1.0
0.43749630743328777,-3.391852280690079,0.9988997263064651,1.0
0.3797226229418946,-3.2174226134747976,0.9984202349492057,1.0
0.23724691681839735,-3.324158723862729,0.9985188282723896,1.0
1.4508294705499374,4.843415158883624,0.9957258408606818,1.0
1.4366371220582466,4.393999783209547,0.9967329484310181,1.0
1.6949666281999818,4.776007272911668,0.9975210265647376,1.0
1.2197477860731354,4.694863717691885,0.9949653644120168,1.0
1.6827555799873342,4.5127891885458205,0.9984581605684218,1.0
1.5271907668660667,4.386402141224321,0.9974332632234019,1.0
1.2641683987262986,4.448216492466102,0.9955259528131711,1.0
1.1358514072699641,4.555285493654986,0.9947180994198773,1.0
3.601744709040764,3.194049960182269,0.9960042726486955,1.0
3.586277110483236,3.2972982848152523,0.9966136470349329,1.0
3.3822352573840764,3.0902080733660053,0.9961426936492269,1.0
3.162604436414494,3.102476457561845,0.9963781833288644,1.0
3.2093466945361286,3.3356325687632893,0.9982327728870467,1.0
3.3815158711055116,3.4603089093187442,0.9979274593992002,1.0
3.492989697610064,3.4099933181121393,0.9974124365086341,1.0
3.3081555794663213,3.644204894210603,0.9987223661387953,1.0
3.3758238818898607,3.7296103426700906,0.9983588998926936,1.0
3.2253125790435533,3.797820108099088,0.9990927338288703,1.0
3.2929808814670927,3.883225556558575,0.9987459115172136,1.0
4.079319790178761,2.390355940245497,0.9932784244411478,1.0
4.260704322355961,2.0765155628409935,0.9962497039890267,1.0
4.379515518279665,2.1800692560211843,0.9954900417644897,1.0
4.300892580809109,2.316497234995936,0.9942166150604685,1.0
4.842819950786592,2.5178901448336486,0.9889112250816733,1.0
4.9756211767406295,2.53348696299644,0.987151864984292,1.0
4.852684685804783,2.3221925618600854,0.9916221866822618,1.0
4.98548591175882,2.3377893800228766,0.9899115273734667,1.0
5.118089503730037,3.314365915491377,0.9842897132601621,1.0
5.278698720256493,3.157979549584487,0.9812514463969821,1.0
5.168797358430793,3.0143739283554445,0.981293497921634,1.0
5.482852867733693,3.9267408051298935,0.9954250775183597,1.0
5.476550610010254,3.1993209185185716,0.9804733344597547,1.0
5.460270740787474,3.3223568518166964,0.9835709546152203,1.0
5.5370343879782356,3.5258983857517365,0.9882488419420167,1.0
5.188005824439528,3.454289727835619,0.9869953969743513,1.0
5.332335171743204,3.420939295226854,0.9863553142809284,1.0
5.192865732467579,3.650578939040748,0.9912082466335788,1.0
5.35940466442747,3.7783591315669773,0.9936848898816933,1.0
5.409098818933965,3.6244808291618944,0.990851464377189,1.0
0.7253563438650339,3.3975666128215174,0.9989332911736317,1.0
0.7854828536866387,3.3727292750945437,0.9987472966953794,1.0
0.41590681542332525,3.5775445598752977,0.9987667627351297,1.0
0.5837315761170508,3.495208852518846,0.9991394682215081,1.0
0.5335470932407498,2.294572449174454,0.9987895539607916,1.0
0.3523585458554397,2.33473974601926,0.9994896447726969,1.0
0.30933391355997014,2.4856750795369202,0.9994111064894081,1.0
1.6298726923334979,1.9338576599127515,0.997514400936284,1.0
2.0387691684525264,3.1321083137645496,0.9960875815147379,1.0
2.018030237600136,2.3979851066760354,0.9948719548418307,1.0
1.8650956300281585,2.3378523289048623,0.9947054063371061,1.0
1.7882974777681293,2.177119121268531,0.9960037264313968,1.0
1.840776282927665,2.0996500464515004,0.9969087407106018,1.0
2.1185587935465655,2.270276668558564,0.9970999662446349,1.0
1.9801180135367897,2.044797689674812,0.9982597439154136,1.0
2.1172766798581466,2.118546719034707,0.9985282650856253,1.0
1.3360493172838286,3.2078503539566667,0.9956744107974844,1.0
-0.44511533438249096,2.0799107978186897,0.999211529036938,1.0
-0.3143984407930545,2.054635554240815,0.9987542720850985,1.0
-0.432798457845335,1.9968609991061754,0.9991873226573639,1.0
-0.5820330592602433,2.053042949661163,0.9995367926776666,1.0
-0.8252144427526952,2.1084184589607062,0.9994038048125832,1.0
-0.7356890738769618,1.969049147026522,0.9994443708710345,1.0
-0.5697161827230873,1.9699931509486486,0.9994570891530672,1.0
-0.6256081327864681,2.3640521603377285,0.9991550791225052,1.0
-0.6441501140073221,2.214158165850709,0.9995259040677471,1.0
-0.5669416216687448,2.157838652629039,0.9995427552442121,1.0
-0.47454522916793707,2.433866039336569,0.9985753742464726,1.0
-0.3561694855110389,2.3108398930070764,0.9985158458608226,1.0
-0.43002389679099257,2.1847065007865663,0.9990901709010483,1.0
1.1062433005434882,4.039000349650961,0.9955539177021008,1.0
1.2775178344367815,3.951319492367048,0.9952649826091109,1.0
1.230970145769403,3.8825508782363225,0.995656865254204,1.0
3.3593458190583996,5.436021424184152,0.9991340042098873,1.0
3.138948047714956,5.445282311801916,0.9993168591932159,1.0
3.217086965204274,5.504139098882338,0.9992247677249799,1.0
3.8474627222402957,5.335129444095229,0.9984823039466723,1.0
3.811059282383484,5.190195578543542,0.9987506565319858,1.0
3.8971548120548483,5.1644295438371275,0.9985802379330032,1.0
4.0373696037949545,5.3724242259611685,0.9984446015758901,1.0
3.951914297237469,5.440296615899456,0.9986418027768159,1.0
4.447947830545163,5.056675860721562,0.9986262292449567,1.0
4.4786715432212825,4.90375058879533,0.9983743856274926,1.0
4.639807970477607,5.029011238566242,0.9992247563366468,1.0
4.670531683153726,4.876085966640011,0.9988543798414282,1.0
-1.0599585727658924,4.183199196327239,0.994256789539068,1.0
-1.1553010605461302,4.126913109308956,0.994656944415162,1.0
-0.8807799441054295,4.17891600688999,0.9943961830631295,1.0
-0.7614950005646483,3.9847366209215576,0.9944278976477394,1.0
-0.90274221835795,3.9419568227085864,0.9940395073313064,1.0
3.10837920380677,-0.3794518048623748,0.9982072861517025,1.0
2.907163756459278,-0.21487579974869853,0.9953717241629941,1.0
2.96432611378806,-0.32514116480429617,0.996652179405817,1.0
3.0796071138332333,-0.24476399057653322,0.9972977879458576,1.0
3.167184738007227,-0.3384471159317532,0.998422443520592,1.0
4.263097792568428,1.0488754014926622,0.9994134459149425,1.0
4.31843990330867,0.938148930588607,0.9992969734595564,1.0
-0.93370650498884,2.3141042666742586,0.9995098922673538,1.0
-1.0200637345746273,2.43164924346897,0.9994639043005927,1.0
-0.9301701769227014,2.5617290136945754,0.9992743315816504,1.0
-0.7905981019127694,2.402817773352339,0.9993614082236968,1.0
-0.7947083612830911,2.542070270748882,0.9990518408379617,1.0
-1.1320319088637583,2.1549867380862615,0.9990481925951241,1.0
-1.1406236359198862,2.2567426374790025,0.9992169021703159,1.0
-0.9504883512127806,2.159995151888138,0.9993176471700116,1.0
-0.9590800782689085,2.261751051280879,0.9994668408391629,1.0
-0.901666227057165,2.742298242399483,0.9989925252484765,1.0
-0.7788375699529219,2.8359125738855577,0.998762741988703,1.0
-0.7497167052376031,2.9826855056761743,0.9986987865166719,1.0
-1.0550235605196034,3.104900041517349,0.9989784912413252,1.0
-0.865919008296817,3.164984265249689,0.9986833027452083,1.0
-1.2373050314763363,2.862810738438774,0.9991406428344989,1.0
-1.159568314184334,2.7544145097786656,0.9992265038046697,1.0
-1.0964594321610572,2.910330468518762,0.9991770737235304,1.0
-1.018722714869055,2.8019342398586535,0.9990939301528586,1.0
-2.844684150652134,2.3326057943016454,0.996142392607066,1.0
-2.716155252334005,2.46627808669928,0.997698731778513,1.0
-2.8168056283889307,2.5712129238216916,0.9980684921591901,1.0
-3.259119320596518,2.555030063032611,0.9958039220164394,1.0
-1.7449676311721591,3.163157793938709,0.9979328875590514,1.0
-1.7588764717628937,3.335077026052827,0.998320782497389,1.0
-1.3432722895001266,3.4476551815611445,0.9979032621767641,1.0
-1.5034831931713832,3.524803591311001,0.9982521965862345,1.0
-1.6544362884555082,3.5080310442045146,0.9984821873143696,1.0
-1.3426421927203134,3.2236435755426895,0.998143980833584,1.0
-1.5292888376469576,3.0862473257726553,0.997706072447781,1.0
-1.7692154899039803,2.950400289171215,0.9974238927984644,1.0
-1.8347882197301917,3.0654966987839245,0.9979803318559078,1.0
-2.4569896728252965,2.838728743606305,0.9995429590368488,1.0
-2.320083478975793,2.7469711512297823,0.9991420950242091,1.0
-2.1739591137550396,2.7833027217287523,0.9990212652339845,1.0
1.3228695479742318,-0.8289240505848797,0.9994053184173237,1.0
1.2610505127682055,-0.7351520952801597,0.9995066978363462,1.0
1.6956824688756649,-0.38630650051345733,0.9982968306741281,1.0
1.4933685557293466,-0.3931831100778063,0.999444537207028,1.0
1.5847592119557905,-0.25670916612427747,0.9984244166474286,1.0
1.2641667367140368,-1.3726574751211633,0.9993173007180983,1.0
1.2210540593973889,-1.369254292888444,0.9992892945677423,1.0
1.1495894054811162,-0.8988308673284721,0.9989864986611399,1.0
1.3043220178719113,-0.9120201580282737,0.999249272712887,1.0
1.1369318475084091,-1.2123219479469383,0.9993894335518677,1.0
1.05608281000169,-1.0625958746534405,0.9988583521939034,1.0
1.241301965275546,-1.2291099579149776,0.9995928803035672,1.0
1.326529804393932,-1.1027947863509684,0.9995010607726558,1.0
1.2844146425921938,-1.232513140147697,0.9996041502804442,1.0
1.0269788744788613,-0.028991952692743794,0.997432688457616,1.0
0.9791687351125923,-0.42852101418158267,0.9990744010455832,1.0
1.1998214941158132,-0.05032881983326032,0.997844607421528,1.0
-0.8395944463790043,-1.1578938531144478,0.9966942584934734,1.0
-0.6761978245793513,-1.249239446632109,0.9976341927697561,1.0
2.9566058311946164,2.0291509187844237,0.9969626776890755,1.0
3.255104801854935,2.2089421298783383,0.9936368722402625,1.0
3.0029441941097175,2.228176454637478,0.9953846908106353,1.0
2.941392397428732,2.137286376874563,0.9964127035502203,1.0
3.4306817701261987,2.0267703912129122,0.9940838267381306,1.0
2.9980959692553593,1.926516216142599,0.9971587744142237,1.0
3.2204794450374075,1.8894080499628265,0.9959467886019369,1.0
3.7170047340870944,2.0244351112045837,0.9949285673826185,1.0
3.7902163774333157,2.25242595565069,0.9935823416205861,1.0
3.973302709063009,2.2283747264823663,0.9946119526555761,1.0
4.1266074303281375,1.3505603758739821,0.9989227303747907,1.0
0.8761521927187884,1.8490318205311862,0.9972151158424493,1.0
0.8248495898912397,1.7172769821374914,0.9970167018825951,1.0
0.7426023394266726,1.9216287042770306,0.9972234585510584,1.0
0.6141733023346942,1.7821412568294006,0.9971476481183223,1.0
0.5847931300878034,1.6383081049039818,0.9963858502051917,1.0
1.5491490554373568,1.0965543417148889,0.9964738087471695,1.0
2.1955438758775103,1.8331252451042408,0.9998642962976906,1.0
2.054773946287387,1.8864585607248416,0.9993603346449726,1.0
1.9249586130412748,1.769782098629045,0.9986853354638084,1.0
1.016745854622406,1.6281837865945674,0.9971965721475042,1.0
0.9404593204308389,1.4200064873102416,0.9963935839909631,1.0
1.142540448165625,1.2820989603150907,0.9970643571821692,1.0
1.911454059549138,0.38105417045911416,0.9984129934255374,1.0
2.0720490425479343,0.36773695943036167,0.9987182835130798,1.0
2.105517361728079,0.467642231444116,0.9989727799310374,1.0
2.079678804801489,0.5553136325302193,0.9989689143492508,1.0
-1.8005606451155776,0.35801785204240666,0.9989475171012917,1.0
-1.6635972697814534,0.408006149650574,0.9987452681356216,1.0
-1.6091797961117542,0.25541259131707356,0.9990674532559584,1.0
-1.8621110357859412,0.22254357234888733,0.9992421617130608,1.0
-1.7212264827706782,-0.01835717608890371,0.9994457255194928,1.0
-1.8371943471107413,-0.0012378974489225907,0.9994390343226442,1.0
-1.2740009764136235,0.5904400733930109,0.9973008172323804,1.0
-1.439404718273779,0.5268815567834363,0.9978192758746837,1.0
-1.1881410187468484,0.8792460476210492,0.9978891029908478,1.0
-1.3902180856999307,1.0640056575672932,0.9976539536875354,1.0
-1.5498084227284412,0.5837341680042757,0.9981621003097145,1.0
-1.5949373488290401,1.000279864809717,0.9984945411695118,1.0
-1.6688227303513583,0.7257053909170624,0.9985732858181577,1.0
-1.6772783313590305,0.8939329611666853,0.9988123748721612,1.0
-0.5955003963184353,1.664397602958325,0.9993083338302481,1.0
-0.4899447541357412,1.6236903790533461,0.9993005009127133,1.0
-0.6660780491534943,1.5445350054089173,0.9996472161017865,1.0
-0.6348625395764133,1.4591974376462717,0.9998430208627945,1.0
-0.5270284913018953,1.4475112779343953,0.9997323046249537,1.0
-2.1821597931044256,0.36075275574518856,0.9976456429391438,1.0
-2.1594594382566257,0.4893136840750489,0.9978821197997398,1.0
-2.0334535943719465,0.31536317505144673,0.9985446221862398,1.0
-1.9078625286809092,0.4149470587803519,0.9986649397886201,1.0
-1.9472730246220398,0.5426636254401096,0.9984346251605838,1.0
-0.35847136201535257,-0.37932638918072864,0.999417898913415,1.0
-0.28212655712607937,-0.31725045649686895,0.9993475172198327,1.0
-0.2697495459409769,-0.48747892453752567,0.9987953204337003,1.0
-0.1934047410517037,-0.4254029918536659,0.9986846916332397,1.0
-1.157585310268793,0.053554890075638184,0.9966414930934431,1.0
-1.207525241888394,-0.028730232217483536,0.9968450740901684,1.0
-1.1109823188034786,-0.1252341916869891,0.9967392115562158,1.0
-0.9727260513369534,0.08411507111706396,0.9972352797054304,1.0
-0.9475159819420836,-0.025751545212447862,0.9976817076504609,1.0
-2.0817665337481555,1.7573810470411555,0.9992692660881906,1.0
-2.059658747708013,1.7100266859014452,0.9993445428686395,1.0
-2.135291365548546,1.7609646176648124,0.99930167142134,1.0
-2.1103176439691413,0.8210707473632528,0.9993682250394065,1.0
-2.417633499253397,0.8007384046263839,0.9994891184801054,1.0
-2.364743510611791,0.6860071337298456,0.9990273043659929,1.0
-2.1987577156544957,0.6658565725963896,0.9987962326439143,1.0
-3.502086191266658,5.361353732287301,0.9998768409304984,1.0
-3.5046022660676877,5.398822980728068,0.9998898953300145,1.0
-3.3834765391899206,5.36838861666408,0.9999320436804738,1.0
-3.3859926139909504,5.405857865104847,0.9999456612803354,1.0
-4.058494707894954,5.186995071652489,0.9991004278921224,1.0
-4.0489564983509,5.54634526053577,0.9989003958569759,1.0
-3.926147900735535,5.400067620969648,0.9994876025412769,1.0
-3.889255579762807,5.2516978114085,0.9996083558041253,1.0
-4.284246013685298,5.560337038412581,0.9983802977621113,1.0
-4.3306765442020785,5.349356659090449,0.9976667089090476,1.0
-2.6863709389397417,4.247218387073455,0.9958954690774431,1.0
-2.7432190357779214,4.559421260904396,0.9978070794379068,1.0
-2.9571565657520424,4.621655177534312,0.9979799610161246,1.0
-2.750207172349859,4.3474752611239404,0.9964351768427472,1.0
-3.0547272412570385,4.39099314542796,0.996405056791536,1.0
-3.0835062583652566,4.491727762567338,0.9973929587583001,1.0
-3.025052691383104,4.29990389703396,0.9954728585534787,1.0
-2.927870038106381,4.2387780093369845,0.9949677484660652,1.0
-2.8079670747290404,3.971453114354279,0.9940408101602155,1.0
-2.953145447313234,3.8719300493882662,0.9928892005386247,1.0
-3.0289196828210785,3.980985411888824,0.9925335805282091,1.0
-5.751422636832245,1.5484421242445394,0.9970246977305623,1.0
-5.6394625820728095,1.4854987955812808,0.9969513556119007,1.0
-5.516554358024656,1.5132556017549994,0.9973676993532471,1.0
-5.4849261658775,1.589513653608832,0.9975683040966595,1.0
-5.621084690232144,1.665889515680668,0.9981366122473797,1.0
-5.764672937138736,1.6525747924900938,0.9979911438280368,1.0
-3.844611094033155,1.469693637421052,0.9956003073524841,1.0
-4.070331315403603,1.472479866802525,0.9941001094518421,1.0
-4.198998021727121,1.3742572618964586,0.994760525216833,1.0
-4.0131568305774055,1.1244400126908785,0.9956184972881083,1.0
-3.487063588335318,1.020985327508672,0.9993084322163265,1.0
-3.4130018639272337,1.3172192291372333,0.9988628980105168,1.0
-3.348835758190079,1.198587652941664,0.9993712959712303,1.0
-3.9212554958674897,1.0920036448720782,0.9962450976559507,1.0
-3.590343318695147,1.2468952913730085,0.9984665827545471,1.0
-3.781646122044961,1.2732928211073729,0.9970135884683561,1.0
-3.9330258657645167,1.1479612167414588,0.9960138224748825,1.0
-4.372910110571989,-1.38294103550626,0.999304937019737,1.0
-4.415613874549803,-1.5751175209005936,0.998397371363067,1.0
-4.607382714873795,-1.4963047843767974,0.9992094385769358,1.0
-4.575253724157045,-1.663235280750504,0.997867621395486,1.0
-5.143715470555306,-0.7952826582218705,0.9998178639592864,1.0
-5.133287726231611,-0.9308594621822938,0.9997076569470346,1.0
-5.2528605508702935,-0.9194953786335335,0.9998395263838068,1.0
-2.399312507765082,-1.971172811121906,0.998205751222928,1.0
-2.3515124095338424,-1.9209315559077993,0.9980294513052014,1.0
-2.48053685066914,-1.9481933630829567,0.9980939452757513,1.0
-2.4327367524379007,-1.89795210786885,0.9979481518006974,1.0
-4.196314219352147,-0.6338129526971669,0.9933403599509247,1.0
-4.25851567975491,-0.5648372857993955,0.9927543396636486,1.0
-4.146606302280931,-0.5112005714391028,0.9906602067842688,1.0
-4.208807762683693,-0.4422249045413314,0.9900758534852019,1.0
-2.1598160173243803,-0.05850834235115906,0.9992489052431432,1.0
-1.9575787223485446,-0.04591476863803893,0.999393152805488,1.0
-2.044606261812675,0.1770223394896684,0.9988183943153366,1.0
-2.1539982212449216,0.11798428660342293,0.9987150319065826,1.0
-2.0504229663272047,-0.18677262420567656,0.9994352193208699,1.0
-1.9575776307836155,-0.2332171033788019,0.9994977149233919,1.0
3.026107225538034,0.5906548066051913,0.9984064552865566,1.0
3.03849644624468,0.4957355898320192,0.9979381754982976,1.0
3.045736153915368,0.6672307482006344,0.9985614791560815,1.0
3.2905371116711124,0.708714924334644,0.997818113794545,1.0
3.559345596938749,0.6035562614651703,0.9982967551665215,1.0
3.622537557997033,0.17294574086356077,0.99818503380696,1.0
3.496386563699689,0.12360392481438935,0.9975932395933436,1.0
3.351350895097584,0.17964707193921084,0.9966701237810823,1.0
5.322387321832045,-1.5007115390815162,0.997794519257995,1.0
5.134117637719551,-1.5012335873010907,0.9975263550073721,1.0
5.337499061436297,-1.7005646986920409,0.9988492204319247,1.0
5.132703524521046,-1.817567947746466,0.9992390533773039,1.0
5.020729108909879,-1.6884696923562696,0.9980716855907917,1.0
-3.2754331652999475,-2.179108612048862,0.9968839167199134,1.0
-3.130873623161545,-2.133038135584893,0.9965853851447904,1.0
-3.1559361958175067,-2.303798593092772,0.9969054031122979,1.0
-3.319112451536236,-2.405730773920528,0.9981505281396121,1.0
-3.389890193573087,-2.30016305667179,0.9980967517209797,1.0
-0.47823694046723614,-4.83352055961548,0.9938051068527776,1.0
-0.7656569831101118,-4.561607478637848,0.9941660850822729,1.0
-0.4335029213648684,-4.0508614250048165,0.9968956952384912,1.0
-0.2620999262237502,-4.028711513566226,0.9980010887372063,1.0
-0.12492444121558795,-4.178348491251475,0.9983047647718127,1.0
-0.22721920022367806,-4.3423397942422275,0.9969549637723234,1.0
-0.5807036405393603,-4.435329888578506,0.9941124617837408,1.0
-0.7532229992092198,-4.1678939424707035,0.9950828568888918,1.0
-0.6769132147209286,-4.108006086532796,0.9955819954310375,1.0
-0.46287309218334255,-4.292536844523179,0.9953412822772781,1.0
-0.5319813283163706,-4.150695452971015,0.9956713527084087,1.0
-0.833354977365197,-4.2898176606668095,0.9946748036005288,1.0
-0.7610498054774698,-4.411043663558543,0.9940327136090416,1.0
-0.6523831152211708,-3.832281083405695,0.9983213784720895,1.0
-0.6060945099226872,-3.6343812099333994,0.9993397909612675,1.0
0.7565563295262973,-4.063843570345913,0.9995171089273707,1.0
0.7964534239029728,-4.184988245308964,0.9993266421556615,1.0
0.8504350504768693,-4.488567427600976,0.9981993952234762,1.0
0.6863644811796753,-4.854230436204055,0.996251969066486,1.0
0.003239653352580104,-4.711184357551371,0.9955210661868718,1.0
-0.17490844252424717,-4.607737582694784,0.9950761415869153,1.0
-0.3187322655345411,-4.901936756560384,0.9940175698728931,1.0
-0.7893187652012461,-5.297529050744873,0.997734878600565,1.0
-0.809323443709272,-5.135494781249896,0.9972394277829563,1.0
-0.70817916390566,-4.95187580818735,0.9960064362311744,1.0
-0.5330152586504413,-4.963898383242492,0.9950032681321048,1.0
0.8590290229161409,-5.7650626295875185,0.9969114930861332,1.0
0.8058975891782172,-5.674683127138011,0.9970747383498548,1.0
0.41541908112170517,-5.817897619883705,0.9963226942189647,1.0
1.2511902075939438,-5.767230009264092,0.9964657148437183,1.0
1.3035356080705547,-5.630173586870505,0.9976940026390001,1.0
1.3753431920034664,-5.877200941252461,0.9951644783204296,1.0
1.5137232352881214,-5.795461678519508,0.9959585545783797,1.0
1.4357088311337047,-5.626180725208871,0.997695340498084,1.0
1.5217434739417488,-5.681497884869505,0.9971622591529566,1.0
-3.7846953305988364,-2.3788567064861117,0.9995766222462912,1.0
-3.8649849791448645,-2.4134863063986254,0.9995244113758234,1.0
-1.8992046554011726,-5.132762715895753,0.9962153552926932,1.0
-1.566797696043117,-5.288464927893504,0.9978799275718233,1.0
-1.9380702140227983,-5.258092740612713,0.996959266963893,1.0
-1.738936178436073,-5.501425601874915,0.9979087931132562,1.0
-1.9121976008928943,-5.45754854026653,0.9978653525952906,1.0
-1.3048490739635366,-4.617745182791502,0.9970071533028354,1.0
-1.2880762881576773,-4.571054033914099,0.9967903171924009,1.0
-1.3970100173299056,-4.569158267066816,0.9967528214035689,1.0
-1.3802372315240463,-4.522467118189412,0.996554318750989,1.0
-4.477907915266477,-4.932799938640553,0.9981905934560441,1.0
-4.370414784077284,-5.04678408605605,0.9978780542732655,1.0
-4.332881644610906,-4.595693648829846,0.9968947082779155,1.0
-4.035903271799984,-4.704563058924592,0.9967381542891106,1.0
-4.063191043784079,-4.442213444625451,0.9972499147938944,1.0
-4.027648752137923,-5.406175860386786,0.9960736342286303,1.0
-4.208191262140652,-5.416792632356888,0.9976004787561127,1.0
-3.9577007120061154,-5.101395653148457,0.9952736510182032,1.0
-4.138612212362567,-4.988842182403254,0.9965564685700691,1.0
-5.1518251201910195,-5.452867666653731,0.9980033418082508,1.0
-4.930200089949772,-5.388431324940147,0.9983426839409142,1.0
-4.452952919428344,-5.256980360006904,0.9983647620381358,1.0
-4.579371644104283,-5.289783615934984,0.9988396966968048,1.0
4.7408099609570655,-3.0922353599374195,0.9956411300193188,1.0
4.90004158816056,-3.125341506793191,0.9957060802430227,1.0
4.539003421613543,-3.235425014051342,0.9938610235423062,1.0
4.578587329132533,-3.123859263147741,0.9946335527789749,1.0
4.408065688859263,-2.5419922956479306,0.9957728039090421,1.0
3.6504181809947696,-4.940265566254075,0.9966054473562495,1.0
3.8196509357649853,-4.823369540945346,0.9968636697757941,1.0
3.799810780522806,-4.62503334467782,0.9962169571700419,1.0
3.630881330244188,-4.641040839089085,0.9959284937016185,1.0
3.492446988371182,-4.735445788455209,0.9957914639714532,1.0
3.492143683879584,-4.836334319352673,0.9961621673998381,1.0
2.657774437547358,-4.6366544215646,0.9963229527221324,1.0
2.637406784224287,-4.739273545164418,0.9972012709407182,1.0
2.768791049315386,-4.81201784713281,0.9970120452514953,1.0
2.880234078373123,-4.656253395884205,0.9951428337546799,1.0
2.804295020623881,-4.581675942511134,0.9949260777044078,1.0
2.917371491328081,-3.2055816276028786,0.9999861838783825,0.0
2.9426975883350823,-3.1256228799053716,0.9999724544337633,0.0
2.8371641395459815,-3.186774587286706,0.9999950451710307,0.0
2.8624902365529827,-3.1068158395891996,0.9999803455476624,0.0
3.277909793083713,-2.5841426194628414,0.9999124325056813,1.0
0.25170595340462754,-5.194097770935547,0.9939664147290204,1.0
0.48401894109024174,-5.22947762912633,0.9948190765456382,1.0
0.5803048754811518,-5.465078096116302,0.9961731077276262,1.0
0.2865219755524609,-5.672455121224266,0.9969507774556113,1.0
0.5205876791832166,-5.619574275363978,0.9963355695315953,1.0
1.2759984207908344,-4.956786330078657,0.9987315099501355,1.0
1.480129258690477,-4.727642935500282,0.9974510345267698,1.0
1.493535079374228,-4.4507820897588575,0.9970408320391955,1.0
1.2917625160080155,-4.514968853125655,0.9967287570272597,1.0
1.2705479955685035,-5.205594534443827,0.9992880878439586,1.0
1.3830055107117472,-5.1426922417714955,0.9992840787225546,1.0
1.3683468203615774,-5.386989601000337,0.9990893750488393,1.0
1.4896115697356371,-5.489004118734596,0.9985588110359243,1.0
1.632557340269028,-5.354140726935256,0.9988771834233329,1.0
1.623750106038212,-5.189223916528666,0.999037826963565,1.0
3.7681821299687743,-3.508942641878027,0.9958896587347372,1.0
4.02998242047319,-3.4517131775169645,0.9932058757850757,1.0
3.692959231727825,-3.6391664379896933,0.9963848339985026,1.0
3.6877440799074677,-3.6010134881716955,0.996480910715919,1.0
4.249568531480212,-3.723889118152938,0.9920224406291838,1.0
3.992983392796153,-3.8192715323319977,0.9940165496795933,1.0
3.6219648084552127,-3.43434264794986,0.9971708973056221,1.0
3.796911434275945,-3.4156169563653336,0.9955534643695522,1.0
3.5479362735886237,-3.2528286149709094,0.9974857144684178,1.0
3.7869085123400184,-2.9956005086384407,0.9955348910323751,1.0
3.9188009495960947,-3.109470243636954,0.994066714620868,1.0
2.216742914385986,-1.0098392738996873,0.9955485208227488,1.0
2.3448406146209453,-1.1432701366467528,0.9969526784032179,1.0
2.443419517904801,-1.1021917223155056,0.9962377818784242,1.0
3.2522260346506573,-0.6008057140940993,0.999138973443143,1.0
3.3030934420516633,-0.6520877781629268,0.999211718951127,1.0
3.332859751237283,-0.49916826096107386,0.9994197748657777,1.0
3.383727158638289,-0.5504503250299013,0.9994886081551038,1.0
2.2112312478127394,-2.083575872243386,0.9974171804820475,1.0
2.0129583904766255,-2.249022414070681,0.9973279341664946,1.0
2.1492759238739625,-2.449848574450459,0.9972577015930785,1.0
2.3967662289983167,-2.3809713923195237,0.995438463559822,1.0
2.7240226937395757,-2.179842674286331,0.9966310994694655,1.0
2.736412105615305,-2.0241338374879176,0.996967859540734,1.0
2.5875978658908054,-1.9722748961727987,0.9976657100866962,1.0
5.132284277876656,-2.977868536332838,0.9970823636731054,1.0
5.33080198029257,-3.005556401804697,0.9958514853087147,1.0
5.27354097278653,-2.2496046649407804,0.999418224602269,1.0
5.739465445755953,-2.125833908631454,0.9984619676511985,1.0
5.551658781853985,-1.9958390065507035,0.999290011684828,1.0
5.342491518796959,-2.05959677734794,0.9997269292875739,1.0
4.832839209235532,-1.2639643233105298,0.9974949231806035,1.0
4.928903070840517,-1.20352849758454,0.9978921532587095,1.0
4.855210319758913,-1.4031310345995998,0.9969807604492102,1.0
4.951274181363899,-1.34269520887361,0.9973081647727524,1.0
4.621414275956402,-4.724363258552802,0.9966040959114291,1.0
4.695718737777501,-5.008846924761184,0.9966382450720441,1.0
4.749690274634408,-4.826452180856564,0.9968909258589639,1.0
4.43455443975131,-4.80370091785193,0.9963529891853081,1.0
4.5379838157242345,-5.1605036014192995,0.9970653427963062,1.0
4.4101877221527,-5.224927584892085,0.9977535668488595,1.0
4.338560138409834,-5.068049574481058,0.9971021330995006,1.0
0.4690641605239702,-1.6940025389035747,0.9905675288410903,1.0
0.5930498139014407,-1.6754577950393956,0.9920682673343496,1.0
0.7202317874790488,-1.8163082480441857,0.993138202859377,1.0
0.6860311393155021,-1.9292448895676042,0.9932073496765421,1.0
0.575358800184798,-2.0677313952997287,0.992910377134097,1.0
0.4855737949708742,-1.9733394976404892,0.991522794743299,1.0
0.7960526153536872,-2.3340844456284775,0.9967168357698324,1.0
1.2997704501103156,-2.3008255427862956,0.9971925407455474,1.0
1.0762028765865679,-2.1284000747678844,0.9952776282782427,1.0
0.8458757543390073,-2.111018762589951,0.9948392396074965,1.0
0.805636350876649,-2.221489718898219,0.99562254162457,1.0
0.8253344282338185,-2.649574887307919,0.998312580830159,1.0
0.7619961910983882,-2.494884816209875,0.9976909349849636,1.0
0.8779295745309295,-3.0369471980939973,0.9997337431358102,1.0
0.827164381045448,-2.9744620659798984,0.9996231266211878,1.0
0.7578716868977692,-3.1027297726299246,0.9996889077926274,1.0
0.7071064934122878,-3.040244640515826,0.9995480551883342,1.0
0.9467803306087751,-3.264235867747539,0.9996349634275519,1.0
1.0684214040427602,-3.0770148212604695,0.9995302633016617,1.0
1.1569286918721957,-3.117645545417677,0.9993587628643616,1.0
0.9692144826313438,-3.3670168423394418,0.9996011383021581,1.0
1.062735131350329,-3.3326459198586207,0.9995813970243037,1.0
0.23040860612382494,-3.5175273642409466,0.9992234853010645,1.0
0.07178080760554018,-3.6664733791861965,0.9992553310087972,1.0
0.3436301511903744,-3.5647016255861654,0.9991649359408266,1.0
0.4102712651429761,-3.6269635237832696,0.9990390470359307,1.0
4.936909518741967,3.343687354561256,0.9850796843178738,1.0
4.589190217640462,3.3716116029638727,0.9861027034405467,1.0
4.561693119116845,3.521723885200261,0.9873859017363595,1.0
4.652939599174762,3.55868994177144,0.9878579532368472,1.0
4.8090672510051595,3.5167775911216146,0.9875371352207956,1.0
4.8207738221097705,2.951992415367067,0.984692241508953,1.0
4.938866384628992,3.0272136722165075,0.9834823079755196,1.0
5.713591409548539,2.941660395789553,0.9728338877370041,1.0
5.6020584121421235,3.188665040211147,0.9791089490469466,1.0
5.7057509843863174,4.018706722985168,0.9951569764325187,1.0
5.82177134753078,3.5247379615904997,0.9857286654802769,1.0
5.603500761837512,3.7197957156173405,0.9917249852959253,1.0
5.607988127575559,3.4728315986442664,0.9865480889345974,1.0
0.2234243522030006,3.029554403977708,0.9976947619838293,1.0
-0.03351245278577034,2.809195390851079,0.9989996995619544,1.0
-0.02650298366576583,3.4892083743739124,0.9990058927365846,1.0
0.21873924483404927,3.3846855781366405,0.9985914059517252,1.0
-0.23521169265314926,3.3870146431872357,0.9986910402833575,1.0
-0.5205757665356524,3.049421427490289,0.9984310158746206,1.0
-0.44401290712610236,3.2204180451618782,0.9981633088295068,1.0
-0.2744790800375719,2.570985159027229,0.998901821290525,1.0
-0.5620832134128181,2.682476604309576,0.9986532915956546,1.0
-0.447491737312743,2.54113117502763,0.9984970451403999,1.0
-0.42288064124620206,2.8838176686623904,0.998587019085652,1.0
-0.23723482543566377,2.800398578230221,0.9988401300321186,1.0
0.09104719568191773,2.4409522805556527,0.9995951889078822,1.0
-0.011203837237130069,2.566256205148468,0.9993522842795334,1.0
-0.0002073105016619318,2.279855047846852,0.9995406930650057,1.0
-0.1865690369029398,2.5068516011671895,0.9991114879341376,1.0
-0.1256147685096686,2.2435541414260136,0.9989913475378508,1.0
-0.19330803589970844,2.2502929786742207,0.9986763075145813,1.0
-0.24120595052121274,2.3539714708380983,0.998680345055269,1.0
0.48135703742504027,2.877983249646188,0.9971466957574746,1.0
0.43120548075440696,2.6308949301514315,0.9984564949308201,1.0
0.7432582246789344,2.7624228893001015,0.9958444688150784,1.0
0.633614495735252,2.5860996348440133,0.9972692639969061,1.0
1.3765312796713516,2.1263946754562033,0.9961279258557127,1.0
1.431098454357663,1.938979168029104,0.997494844995831,1.0
1.5611423163176743,2.0580288825805733,0.9968988988672678,1.0
1.2377258784832739,1.8725089402649866,0.9972400690721611,1.0
0.9618351613908972,2.0263128872678826,0.9967191115332238,1.0
1.1082289638860114,1.9966617930931967,0.9969215828470999,1.0
1.1169905031140779,2.131497813732944,0.996213447651293,1.0
0.8266231497978435,2.120426302273412,0.9966160745132474,1.0
1.49564848709312,2.458554156819412,0.9921177136354312,1.0
1.3430320027100648,2.276945588440759,0.9945742201964325,1.0
1.3670189152574839,2.76613428929163,0.9914037791441661,1.0
1.067057625990585,2.676557661998404,0.9924082184809209,1.0
1.2314215837161246,2.8710852309434998,0.9927635460277687,1.0
2.0128636644838154,2.8104563487411682,0.9937075151618996,1.0
2.0056908238170963,2.974898696990009,0.9947197427570712,1.0
1.8295514756264621,3.156968748990497,0.995732124735198,1.0
1.620739805859549,3.364151803115257,0.9961631552981398,1.0
1.777355539605433,3.3115822055274777,0.9964441456554983,1.0
1.7284189291016263,3.0077994235595202,0.994669559319739,1.0
1.4623700951771985,3.2286877381413177,0.9956236548760494,1.0
1.5178532823982467,3.026948815122562,0.994325586609407,1.0
1.0318234541391196,3.980494785336744,0.9962140914405643,1.0
1.0878571407101578,3.910112073786321,0.9961915882432799,1.0
0.9205769894071011,3.9600854505083523,0.9967388031722484,1.0
0.914558134584567,3.8649521243701503,0.9970827626493738,1.0
0.9652669772555864,3.795532806107161,0.997145267316298,1.0
1.0273195186491586,3.82028342069494,0.9968220994821135,1.0
3.4135961718099246,5.251208579110906,0.9994524271502881,1.0
3.3988451110117164,5.283591721861514,0.999401374105437,1.0
3.0745688522904135,5.214349231338058,0.9994050222516345,1.0
3.2000214917082204,5.2999667262628245,0.9994558188695049,1.0
3.1218280304007795,4.994696359907038,0.999533873167686,1.0
3.2620317306167945,5.047930712081195,0.9996343391991942,1.0
3.3324107619490633,5.174010668270001,0.9996264471199056,1.0
3.317659701150855,5.20639381102061,0.9996139940205766,1.0
4.082725593521364,0.9648504743350218,0.9993303428563849,1.0
3.7930431488345224,0.8254719355284118,0.9992088478090974,1.0
-2.974575221830694,2.5272211648370715,0.996906302536527,1.0
-3.0995961949324333,2.5312237225424052,0.9960453338395877,1.0
-3.485479581344187,2.424892593594553,0.9965816123566367,1.0
-3.340151050294287,2.460644999889914,0.9964008169779341,1.0
-3.4083492670275164,2.22613479988374,0.9966601208215464,1.0
-1.7925255732963883,2.8710813273920675,0.99742734967225,1.0
-1.903512610243996,2.877101479203709,0.998088007061345,1.0
-1.8681456077249294,2.766705791555996,0.9975002808615507,1.0
-1.692525972032178,2.7925134679902315,0.9970795908096591,1.0
-1.7258411822929947,2.742737117424223,0.9970128930589233,1.0
-2.1134436802706555,2.9688046473450913,0.9992247998876219,1.0
-2.2428348726886433,2.9125189523060264,0.9994060305854845,1.0
-2.222700831520114,3.1535624914733718,0.9995615826885085,1.0
-2.0680293731492587,3.0778809051461593,0.9991318243586629,1.0
-2.445967977803083,3.0868974182666524,0.9997562374796259,1.0
-2.4206877118502153,2.954930136900375,0.999682634077171,1.0
1.4359633869059485,-0.7899527716111638,0.9994302659356823,1.0
1.6509778530771408,-0.5627416614935816,0.9989475684505356,1.0
1.4493925013202968,-0.6601856121145735,0.9996942633976119,1.0
1.5054756565401082,-0.5826785571860095,0.9996633086794388,1.0
1.7085098049650453,-0.8183546342493365,0.9981284480648607,1.0
1.9419996168979548,-0.7155134625638248,0.9958447393997608,1.0
1.8442451563659281,-0.5882390481922357,0.9971615192508644,1.0
0.805249457837825,-0.12159667259775138,0.996823162353695,1.0
0.8920826272270416,-0.12510651397536451,0.9975327925844305,1.0
0.767650576857406,-0.2757185744339168,0.9972823068438105,1.0
0.8544837462466225,-0.2792284158115299,0.998046529665879,1.0
1.2435702121067986,-0.2520312979591557,0.9992761886262645,1.0
1.4452869882560335,-0.38404503163047404,0.9995486051609433,1.0
1.4537266048346342,-0.21391559387581557,0.9987589043226608,1.0
-0.4707649659720931,-1.1900347534485398,0.9961183542214402,1.0
-0.5503244959329731,-1.0815913074420405,0.9955909806113504,1.0
-0.33299039274905634,-1.071469822278355,0.9942468883824016,1.0
-0.2964834374766439,-0.8779027745034463,0.9954799385813929,1.0
-1.0290177585933773,-0.814858968173905,0.9949088558967343,1.0
-0.8132774551512411,-0.9018643653957991,0.9950660339936238,1.0
-0.9846754348501499,-0.5161320520621885,0.9968117276001552,1.0
4.274854916862047,1.5817324831541975,0.9986782702831097,1.0
4.141920506551501,1.5846271837748045,0.9983033997900969,1.0
4.397346813826653,1.7488149199546603,0.9984897021050497,1.0
4.400163053686029,1.9228544565266714,0.9974522249602886,1.0
4.250885795606305,1.9526624130489514,0.9970550576368803,1.0
3.514883428921237,1.6105308875346112,0.996332003918054,1.0
3.7088723073946253,1.6005202095372546,0.9967036685768168,1.0
3.3789571306661905,0.9948033548595788,0.9975987397603477,1.0
3.685094198336421,1.0301336002467565,0.9984930476785688,1.0
3.103694564258586,0.9901704752899576,0.9983103480538663,1.0
3.8813907342485834,1.3445583221868385,0.9981164218876851,1.0
3.8451387097436567,1.1017855287662162,0.9987587242159465,1.0
3.132240622014858,1.3265552118812318,0.9973532080654433,1.0
3.319244802029731,1.5991778457952976,0.9966434402580333,1.0
3.808229373027451,1.937510362888429,0.9958701767087873,1.0
3.8571187414438364,1.7919187617254035,0.9967701966476704,1.0
4.112537601796301,2.014090017606995,0.9963625234697885,1.0
4.005879402854429,2.0394684332308777,0.9960189043163173,1.0
4.102719075046645,1.8902368678149524,0.9969989222536437,1.0
4.044950244521158,1.77002368227581,0.9973431374211741,1.0
1.5187603388832251,1.5535377151551948,0.9984518501064776,1.0
1.6403564460322648,1.3965264705418103,0.9976287975479783,1.0
1.4766085749906424,1.2924412664754525,0.9978194979555373,1.0
2.488788516070654,1.237678018151465,0.99756845972592,1.0
2.400242567219451,1.0282156698927514,0.9975111471551923,1.0
1.9542293541402287,1.3438524614456433,0.9971186289279391,1.0
1.6007848857848217,0.5230062187330082,0.99715931776393,1.0
1.7438033127637862,0.5033741275096952,0.9980162198657109,1.0
1.971958061677136,0.7170903730059294,0.9983582960580496,1.0
2.070758052366728,0.8176077109951428,0.9979737154947824,1.0
2.153930402025782,1.082333811542444,0.9966155828142695,1.0
1.9864827276908674,1.164943855036957,0.9962869725696409,1.0
-2.184764608309507,0.9208434299800429,0.999621769284393,1.0
-2.1266056701264455,0.9561617353682355,0.9996084468738421,1.0
-2.3750183749702374,0.9272074928637043,0.9997300064925091,1.0
-2.326094668636468,0.880360526109718,0.9996900992242654,1.0
-2.1411004655155117,1.1534250548914524,0.9995556318605013,1.0
-2.248183110032343,1.164953716257246,0.9995839945047577,1.0
-2.7951520212107375,4.114916946555113,0.99456856481635,1.0
-2.8148595267513588,4.056904288123451,0.9942277410028374,1.0
-2.900302596978363,4.128166255263856,0.9941148249413724,1.0
-2.9200101025189844,4.070153596832193,0.9936435701829318,1.0
-4.092040126987986,0.46166777942102577,0.9959111457632064,1.0
-4.204308521183763,0.8271150312508077,0.9972879586405309,1.0
-4.027784832200126,0.6100891370338966,0.9958133173156143,1.0
-3.7167985628564932,0.6789471895365861,0.9969952676873846,1.0
-3.753464200186222,0.51654496142791,0.9952700595173982,1.0
-3.8908920100059414,0.48355137536555937,0.9946809541857774,1.0
-4.12326704538271,1.0130688062117776,0.9960745969915145,1.0
-4.0866792809997685,1.1142743790716614,0.9955544679967409,1.0
-4.212902111974848,0.9669340231305755,0.9969303998210651,1.0
-4.29547573704314,1.0753101175852235,0.9971232158187892,1.0
-4.317341383949825,1.2431443161246187,0.9964471474339427,1.0
-4.198179994498592,1.2359737945298546,0.9955257504482886,1.0
-3.584510063158637,0.9893077669219913,0.9989815507157747,1.0
-3.623623687781311,1.0965861545907583,0.9987468904709658,1.0
-4.568454188287309,-1.297747880621167,0.9998604425780317,1.0
-4.5428207830123135,-1.3491294729410768,0.9997969248405637,1.0
-4.467988028317749,-1.3238834839204496,0.9997467941450691,1.0
-4.392535940091985,-1.2378034822051631,0.999580738351402,1.0
-4.477073921936995,-1.208096393812718,0.9997823210867063,1.0
-5.184450793340626,-0.5872530833152165,0.9994900674485108,1.0
-5.215521403700268,-0.692290392511372,0.9998371168780186,1.0
-5.304320691317321,-0.5746335192891131,0.9995278844309238,1.0
3.76699451076443,0.7266908939340692,0.9991973686867394,1.0
3.7461274577977566,0.6307701184458839,0.9991399037989852,1.0
4.223570396583863,-0.05678399665716238,0.9987167204923058,1.0
4.204603037789609,0.06934093861305583,0.9987048724739248,1.0
4.808991269359722,0.1271929115848455,0.9948514116185099,1.0
4.728086418905823,-0.07516306989315868,0.9963341714290685,1.0
4.4773026034262875,-0.14128183055495716,0.9981871603044323,1.0
4.066508926249151,0.207992797662001,0.9988683777156883,1.0
3.78708930999569,0.3954773237380875,0.9991899046862229,1.0
3.841398487678417,0.4941006523371187,0.9993790689590928,1.0
3.7635272414320613,0.248014834922112,0.9988848957779622,1.0
3.8820313136816296,0.1259275056514794,0.9987873300457623,1.0
4.178936343593011,0.3759683478392457,0.9989607539430688,1.0
3.1614154111389507,0.35918503996362566,0.9968193562643483,1.0
3.1545112317781783,0.4650983913363748,0.9974594427360561,1.0
3.348108494633682,0.2838498727034908,0.9967935506695769,1.0
3.4736769984491898,0.31835375245792247,0.9975954154603153,1.0
3.5515455371766937,0.40480968729505307,0.9981421707530772,1.0
3.4190728540004134,0.4762191589133706,0.9975345650636579,1.0
-0.6696609570658106,-4.64865537618179,0.9939034797621155,1.0
-0.612688434647786,-4.653852094861129,0.9936312956903862,1.0
-0.659024325943057,-4.7028439236341155,0.9941186247853981,1.0
-0.6020518035250323,-4.7080406423134535,0.9938330646372449,1.0
-0.4913519933279537,-4.536563092256595,0.9938087423646924,1.0
-0.5422158067863206,-4.614816040018632,0.9934883717773173,1.0
-0.32121068727250507,-4.6591678366538245,0.9936264512149912,1.0
-0.37207450073087206,-4.737420784415861,0.9932626795194142,1.0
-1.0172915609162096,-3.7323731739575927,0.9979723591482861,1.0
-0.8774839199249852,-3.854243984775454,0.9976714318230033,1.0
-0.8172434310365185,-3.7412644409838856,0.998700730620025,1.0
-0.6077119398059313,-3.4221144029867574,0.999783955151032,1.0
-0.6907332767442999,-3.4694977766126676,0.9998542237920144,1.0
-0.634199621641495,-3.359780828751814,0.9997507591912558,1.0
0.5038814378858781,-4.312580939317053,0.9996518080086135,1.0
0.5860787688244216,-4.278574767698504,0.9996740391226511,1.0
0.546181674447746,-4.157430092735452,0.9996840781552417,1.0
0.3947226371163124,-4.0634966740168545,0.9997157043003975,1.0
0.34043855303479464,-4.198974890840787,0.9997410590873239,1.0
0.45867023638114574,-4.407984905039864,0.9994551580839166,1.0
0.5946711249495588,-4.484375132946617,0.9990330242642896,1.0
0.49912182467084626,-4.671627621774402,0.9977179995403096,1.0
0.27757751393337937,-4.734314285907462,0.9967236418153299,1.0
0.14767885142393222,-4.569320819846225,0.9979168518141041,1.0
0.23322227359298608,-4.430243927806413,0.9991473091754839,1.0
1.003484154741205,-5.048424544434424,0.9980022277695573,1.0
-0.4592774352105584,-5.16975903484473,0.9963009719883126,1.0
-0.26982808511969836,-5.25192464051919,0.9965099439191042,1.0
-0.6144366619577513,-5.319770729284564,0.9976822503507902,1.0
-0.5450657514932544,-5.503634996165924,0.9985853435332872,1.0
-0.33220054902371565,-5.612272332942614,0.9984903531797492,1.0
-0.140007010038634,-5.0178164384926385,0.9943263216196795,1.0
-0.15322824891120282,-5.146735603881441,0.995197070165434,1.0
-0.027046586920492405,-5.181670690528769,0.9948222143656887,1.0
-0.0013236383257944813,-4.933021623523221,0.994022052675671,1.0
0.13659837347852802,-4.929553720040783,0.994418196231841,1.0
0.12409666375639894,-5.049283621657529,0.9936238637256278,1.0
-3.8688271140948873,-2.5312693697907016,0.9993621992910338,1.0
-3.838240479252191,-2.486252459617067,0.999448809111064,1.0
-3.757950830706163,-2.4516228597045533,0.9995171817858927,1.0
-3.761370321327346,-2.6208759953748255,0.9993206188500668,1.0
-3.705925296219039,-2.5838050589092454,0.9993425189725954,1.0
-1.5193448446068905,-5.028869955760849,0.9979844282943957,1.0
-1.5987410803394735,-5.153620034465245,0.9977922392826062,1.0
-1.7644666341621027,-5.072916992935595,0.9968204871419355,1.0
-1.7266377075419932,-4.910354382746006,0.9966352350478561,1.0
-1.6052473001306755,-4.907676831783278,0.9972653721590256,1.0
-4.288081995130059,-5.194221957964063,0.9974853796923635,1.0
-4.228593466055009,-5.211036729822834,0.9971056615385934,1.0
-4.288450985483782,-5.0710517152487595,0.9974248448525728,1.0
-4.2289624564087305,-5.08786648710753,0.9970357904394203,1.0
-4.873771008861634,-5.581961565839266,0.9985735627552227,1.0
-4.9925685287036945,-5.886400673806782,0.9975393883677199,1.0
-5.3910226339880465,-5.8380690078874595,0.9995332883167968,1.0
-5.270245180021543,-5.717148789709024,0.9992208713430496,1.0
-5.095396039102881,-5.64639790755285,0.998299553813705,1.0
-4.341973488872909,-5.511407135029085,0.9987450013409829,1.0
-4.46480385370243,-5.3796679581904785,0.9987599559613866,1.0
-4.59122257837837,-5.4124712141185585,0.9989959022638019,1.0
5.0160993101720655,-3.314319822658293,0.9935395542357005,1.0
4.84788507853285,-3.2663711077231548,0.9942008695270911,1.0
4.91532884719095,-3.474304382075251,0.9933987425478186,1.0
4.693351153184177,-3.468135895567542,0.9935734427003118,1.0
4.6490695438103655,-3.344830711770985,0.9936247147713861,1.0
4.425927620916769,-2.6141451258481254,0.9959480617180401,1.0
4.407892808348385,-2.5864325717655174,0.9957827526484395,1.0
4.602660597751206,-2.5520830126853906,0.9974397573979203,1.0
4.584625785182822,-2.5243704586027826,0.9973081377727184,1.0
2.689791491821581,-2.5268693650310188,0.9969792155456587,1.0
2.9064484444994307,-2.4167796433409845,0.9987107172296307,1.0
2.8077209113618515,-2.754219005127737,0.9984951734037387,1.0
3.0392912742695297,-2.768452042776033,0.999445694609268,1.0
3.1953445782930348,-2.716828367106686,0.9998243603111749,1.0
3.2309223190913254,-2.646642506542051,0.9999145832459351,1.0
3.1028756479528137,-2.6512084939552936,0.9998299026952132,1.0
2.2456961460711526,-0.9327700923557941,0.9944486085483456,1.0
2.355959357945503,-0.9827786210353219,0.9950054736246213,1.0
2.282044778710563,-0.6844003141847109,0.9912634110445371,1.0
2.179207773814755,-0.7969075256832724,0.9930316230458496,1.0
2.474396723163004,-0.6835075857901683,0.9910870557920328,1.0
2.4818229301415466,-0.8460233259682575,0.9928387400903886,1.0
2.4643514537140727,-2.240662361618899,0.9960020490179607,1.0
2.4151340059258324,-2.1440930019225397,0.9968185614909575,1.0
2.601067621071395,-2.179305532859648,0.996355206945886,1.0
2.551850173283155,-2.0827361731632887,0.9970892405512664,1.0
5.24849234152066,-2.4353691753287037,0.998807290067562,1.0
5.070823290647091,-2.5682801475576356,0.9988664867600118,1.0
5.033630682432199,-2.731394332786755,0.9986686482773388,1.0
5.176546399634056,-2.792849015012115,0.9981745641246476,1.0
5.864549890090608,-2.5676642998284853,0.9957244353511389,1.0
5.850341166835491,-2.758143419232843,0.9943271069263973,1.0
5.708310925574781,-2.8818222045037536,0.994349490150753,1.0
1.1115896059835553,-2.7849382647384893,0.9990891744242234,1.0
1.0175476794954477,-2.6367235462662535,0.9984911275853173,1.0
1.29856559331023,-2.7296632429275025,0.9990096459946005,1.0
1.380675472479268,-2.5801616342370797,0.9989338859067648,1.0
1.2316743239984917,-2.4653503088340942,0.998166003498677,1.0
0.08633622892569932,-3.945625357286479,0.9992151259180266,1.0
0.10313503329273477,-3.8207015195005862,0.9993800627951266,1.0
0.3020170720450081,-3.9385083262700733,0.999527829382188,1.0
0.43515093187099385,-3.851402614051549,0.999341519213276,1.0
0.32840394576362125,-3.7340174027524413,0.9992114179445591,1.0
4.701293408689618,3.0676288267729555,0.9846194587640088,1.0
4.760602204721054,3.032282136313691,0.9844719993470645,1.0
4.729228244987682,3.2032036305654263,0.9845395339809306,1.0
4.856611824296681,3.2046101128700264,0.9840500613379658,1.0
4.878694767240276,3.1075033931631313,0.9837410361151409,1.0
0.7198388920400088,2.994277252291185,0.9971323782674463,1.0
0.6603467197669598,3.065042317329853,0.997800608605306,1.0
0.8232933150282499,3.2237977204764987,0.998260320311755,1.0
0.7638011427552008,3.2945627855151667,0.9987012020312622,1.0
0.9330526663696522,2.439705379078303,0.9946050992188968,1.0
0.8300263049581309,2.2444509798094607,0.9962048600930459,1.0
0.6966389253361749,2.3689881288676307,0.9974010530462295,1.0
0.7199192199680086,2.4911423201293363,0.9968086421001117,1.0
1.0728142396806302,2.2528099445691545,0.9952515541748251,1.0
1.1525603064603178,2.325910152576291,0.9944950622107633,1.0
0.9558284329013933,2.3025171716795767,0.9951979452117615,1.0
1.035574499681081,2.375617379686713,0.9942391009279841,1.0
1.7955435215916742,2.875847531675323,0.9933939939037812,1.0
1.86359772348108,2.8678072403317594,0.9936407181236475,1.0
1.8027163622583933,2.7114051834264825,0.9925104591707862,1.0
1.8707705641477992,2.7033648920829187,0.9927004825697967,1.0
-3.116662427508842,2.4060660202785615,0.9959762542650654,1.0
-3.19206343829766,2.3679765196364406,0.9962754966055105,1.0
-2.9624007592834682,2.3123829291602127,0.995638808277649,1.0
-2.991641454407102,2.402063462573228,0.9961427612491978,1.0
-3.2023391134801105,2.2164955020409036,0.9961639369013131,1.0
-3.1873210831750973,2.070468215292738,0.9956255708899449,1.0
-3.0756875767040484,2.155739135100329,0.9953448925521294,1.0
1.1434496456317051,-0.47536311843686957,0.9997104650215407,1.0
1.1974096220085404,-0.4316584369100915,0.999762305298019,1.0
1.289737337752345,-0.6657173004761257,0.9997207718120983,1.0
1.3649854873727196,-0.6297220962842554,0.9998089658353931,1.0
1.3729870751192177,-0.543076962908359,0.9998567078506319,1.0
-0.7106875405662709,-0.4239018869625279,0.9989756450196896,1.0
-0.7962228599879383,-0.5038298626887044,0.9983428665778192,1.0
-0.5037743183212351,-0.47932033541759633,0.9991338565685672,1.0
1.3796105995561565,1.5479886961325235,0.9986617221852008,1.0
1.2434251140717458,1.5888124446431033,0.9983461855107032,1.0
1.2825762162675252,1.379668649468378,0.9981639818637056,1.0
1.3394846456217653,1.4351243310472446,0.998480187595171,1.0
1.2667087326099506,1.7310338540945136,0.9979783554442068,1.0
1.3459857887401212,1.6347544240050675,0.9985125977352363,1.0
2.075465154930933,1.6708542390837275,0.9994371893821216,1.0
2.1374033505101675,1.5239612445262383,0.9990539752189425,1.0
2.2468767290431457,1.7483254824945762,0.9999168097890774,1.0
2.391371163738093,1.5025814656959755,0.9989830136860454,1.0
2.421507896220447,1.6636243862339137,0.9995898186100265,1.0
2.3389516571047335,1.762475408475025,0.999891835095247,1.0
1.7055927829693462,0.5916897562492602,0.9979386453122813,1.0
1.5623224881357836,0.7287957269417206,0.996626454387413,1.0
1.5625743559903817,0.6113218474725732,0.9968833471717818,1.0
-4.277518343129504,0.47797296735582123,0.9978791996619177,1.0
-4.176030433620958,0.5591865756542814,0.9970614724378001,1.0
-4.379814164988393,0.6247013632025743,0.9987881505187032,1.0
-4.313647451983634,0.7794018384783582,0.9982352231277304,1.0
-4.238585003993276,0.7387945479700896,0.9977223929906637,1.0
-4.041784143309286,0.9298538487032862,0.9958353848562072,1.0
-4.096098013397636,0.8102321986447606,0.9964060907855701,1.0
-4.010565080549628,0.7781588018511245,0.9958928853705833,1.0
-5.343534136055221,-0.6676641696497887,0.9997889073734871,1.0
-5.284394973346223,-0.7416375708992611,0.9999115505410321,1.0
-5.332161864839944,-0.8332657530609993,0.9998788176141976,1.0
-5.476751679755655,-0.7245307307332673,0.9995888957404067,1.0
-5.459203277588671,-0.8462130539119626,0.9997193557456346,1.0
4.374759602736371,0.25724915065124065,0.9982102724488233,1.0
4.361446602731592,0.39626060944865493,0.998233438132,1.0
4.623955954928145,0.261501703829549,0.9964692962182496,1.0
4.834353967657997,0.4643411341735435,0.9941118786915634,1.0
4.383767795702041,0.5478658891996991,0.9983739076688033,1.0
4.7045990076132345,0.7644787926386494,0.9969882732646836,1.0
4.476222475609741,0.7978861450677698,0.9986238618061044,1.0
4.257902166271738,0.6301912582392749,0.9990319842742332,1.0
4.137786574004921,0.5325963345151052,0.9992155717069107,1.0
4.220504896274814,0.8048658850447209,0.9992986342303228,1.0
4.0745967417030675,0.8591467103557818,0.9994467631605206,1.0
-0.8957365287186091,-3.493860979483099,0.9995124388752545,1.0
-0.815514979724874,-3.4199941885841767,0.9997505805072004,1.0
-1.0603134417889308,-3.3773234360009936,0.9988056881617434,1.0
-1.0003562101485575,-3.5343584474011895,0.9989667998521702,1.0
-0.7605260967006782,-3.3221290196128894,0.9996770647752727,1.0
-0.8237863571126928,-3.1234759725166037,0.9989572798458695,1.0
-0.929758468855128,-2.986542420345554,0.9992989357048931,1.0
-0.9865797646665936,-3.012376278246441,0.9994229135919197,1.0
-1.0374170855942788,-3.1212058087949437,0.9992903142222486,1.0
0.9698163716959414,-4.639968018087565,0.9968743873018584,1.0
1.0914640825343078,-4.668120671631442,0.9966967828700636,1.0
0.9012951026774599,-4.818378537862861,0.9967823177369163,1.0
0.9858648660772626,-4.960698876041411,0.9976129330799464,1.0
1.0891058080008775,-4.8330773028430185,0.9975135725495867,1.0
1.0520278605623137,-4.947244987477691,0.9979767731483478,1.0
-0.1743216008675903,-5.543972270888369,0.9976751501557093,1.0
-0.1876850823046361,-5.387878026909351,0.9971137237070092,1.0
0.06988752498913382,-5.583597383528638,0.997079974766485,1.0
-0.03330030197898252,-5.311733037050643,0.9959789009238498,1.0
0.13836321125749831,-5.359883438959442,0.9957104450157785,1.0
-4.354259543806244,-5.826848822983883,0.9994105229316724,1.0
-4.40364375000521,-5.672075066415016,0.9994062228854338,1.0
3.1821972077403333,-2.589389004724136,0.99993912017506,1.0
3.1786935307046016,-2.4727522188712308,0.9998460285410471,1.0
3.2291846817327206,-2.526889117644926,0.9999144400229228,1.0
5.404522324139752,-2.480243684938804,0.9983872504063822,1.0
5.717224537247968,-2.545415544008517,0.9967526635801769,1.0
5.36976899046804,-2.6746093393930956,0.9977364555454098,1.0
5.760935825680806,-2.428295868127798,0.9973390219210566,1.0
5.618484426822526,-2.3833710240258075,0.998140736982045,1.0
5.488298977439437,-2.828551714693168,0.9961092096039745,1.0
5.615621296085603,-2.7745728031801202,0.9956977199635388,1.0
-0.5088808792908758,-0.5767561859411519,0.9987108278685987,1.0
-0.3655266654776588,-0.5909401707681207,0.9984554865766716,1.0
-0.3952886558529203,-0.7388148939261084,0.9973653495796981,1.0
-0.5113551410862126,-0.8239384956945178,0.9965559782196075,1.0
-0.6109114785048279,-0.7355571471659376,0.9973850574780802,1.0
-0.6381992070847525,-0.6362495605705595,0.9981758097678638,1.0
1.8682248934677634,0.8484113986659887,0.9975751127049693,1.0
1.7754489107179665,0.7263395255378878,0.9979988352262862,1.0
1.721608104937095,1.017018653222305,0.9958680767575817,1.0
1.7995772098224414,1.0315387801497156,0.9959697658795222,1.0
-3.8805246931484945,0.8372152206419488,0.9963241036315996,1.0
-3.779855544906919,0.8164756527110111,0.9971930089424419,1.0
-3.8561439680976335,1.0010754381639175,0.9968888415630174,1.0
-3.9176994917165353,0.9145366184260881,0.9962456059258181,1.0
-3.688315979298642,0.8991824935192737,0.9982561777864634,1.0
-3.727429603921316,1.0064608811880407,0.9980984875705455,1.0
3.9057465538929548,0.5528790379206177,0.9994912554489103,1.0
4.014232383976256,0.6024019611287145,0.9994828439093592,1.0
3.8634924621521036,0.6601866541873823,0.9993931507295326,1.0
3.8895411002221962,0.7589676957817248,0.9994376143305677,1.0
3.9884398216713257,0.7542777101639452,0.9994822723361388,1.0
-4.600863232370788,-5.840307387849404,0.9993333126048962,1.0
-4.6984969496314575,-5.66614021632095,0.9991598191546124,1.0
-4.5815558492673425,-5.55674431638903,0.9993311423510881,1.0
3.081904155799848,-2.5649242477513274,0.9998132488682404,1.0
3.125647974789077,-2.5732906190848044,0.9998941508846959,1.0
3.056239642593751,-2.4992212742901754,0.9996785704626836,1.0
3.0999834615829798,-2.5075876456236528,0.9998047809399596,1.0
1.6795288437845743,0.9697079059937671,0.9959845896110557,1.0
1.6647219659201238,0.8621561597930768,0.9966876562789151,1.0
1.6094208481813561,0.9525320161742868,0.9957810372585615,1.0
1.5946139703169055,0.8449802699735965,0.9962947696653903,1.0
-4.456117893615345,-5.8304526069754985,0.9995245438908279,1.0
-4.471563545033828,-5.841851205452287,0.999504339705342,1.0
-4.5055020998143105,-5.675678850406633,0.9994826704304023,1.0
-4.520947751232793,-5.6870774488834215,0.9994952196793219,1.0
